source,target,tgt_lng
魔王之路 I,Becoming a Real Boss Ⅰ,en-US
魔王の道Ⅰ,Becoming a Real Boss Ⅰ,en-US
마왕의 길 I,Becoming a Real Boss Ⅰ,en-US
魔王之路 Ⅰ,Becoming a Real Boss Ⅰ,en-US
日行一善 III,A Good Deed a Day Ⅲ,en-US
一日一善Ⅲ,A Good Deed a Day Ⅲ,en-US
매일 선행 한 가지 III,A Good Deed a Day Ⅲ,en-US
日行一善 Ⅲ,A Good Deed a Day Ⅲ,en-US
术有专精·火 II,Ignis Expertise Ⅱ,en-US
火のエキスパートⅡ,Ignis Expertise Ⅱ,en-US
전문 기술·불 II,Ignis Expertise Ⅱ,en-US
術有專精·火 Ⅱ,Ignis Expertise Ⅱ,en-US
术有专精·火 III,Ignis Expertise Ⅲ,en-US
火のエキスパートⅢ,Ignis Expertise Ⅲ,en-US
전문 기술·불 III,Ignis Expertise Ⅲ,en-US
術有專精·火 Ⅲ,Ignis Expertise Ⅲ,en-US
术有专精·火 IV,Ignis Expertise Ⅳ,en-US
火のエキスパートⅣ,Ignis Expertise Ⅳ,en-US
전문 기술·불 IV,Ignis Expertise Ⅳ,en-US
術有專精·火 Ⅳ,Ignis Expertise Ⅳ,en-US
术有专精·地 I,Terra Expertise Ⅰ,en-US
地のエキスパートⅠ,Terra Expertise Ⅰ,en-US
전문 기술·땅 I,Terra Expertise Ⅰ,en-US
術有專精·地 I,Terra Expertise Ⅰ,en-US
术有专精·地 II,Terra Expertise Ⅱ,en-US
地のエキスパートⅡ,Terra Expertise Ⅱ,en-US
전문 기술·땅 II,Terra Expertise Ⅱ,en-US
術有專精·地 Ⅱ,Terra Expertise Ⅱ,en-US
术有专精·地 III,Terra Expertise Ⅲ,en-US
地のエキスパートⅢ,Terra Expertise Ⅲ,en-US
전문 기술·땅 III,Terra Expertise Ⅲ,en-US
術有專精·地 Ⅲ,Terra Expertise Ⅲ,en-US
术有专精·地 IV,Terra Expertise Ⅳ,en-US
地のエキスパートⅣ,Terra Expertise Ⅳ,en-US
전문 기술·땅 IV,Terra Expertise Ⅳ,en-US
術有專精·地 Ⅳ,Terra Expertise Ⅳ,en-US
术有专精·风 I,Ventus Expertise Ⅰ,en-US
風のエキスパートⅠ,Ventus Expertise Ⅰ,en-US
전문 기술·바람 I,Ventus Expertise Ⅰ,en-US
術有專精·風 I,Ventus Expertise Ⅰ,en-US
术有专精·风 II,Ventus Expertise Ⅱ,en-US
風のエキスパートⅡ,Ventus Expertise Ⅱ,en-US
전문 기술·바람 II,Ventus Expertise Ⅱ,en-US
術有專精·風 Ⅱ,Ventus Expertise Ⅱ,en-US
术有专精·风 III,Ventus Expertise Ⅲ,en-US
風のエキスパートⅢ,Ventus Expertise Ⅲ,en-US
전문 기술·바람 III,Ventus Expertise Ⅲ,en-US
術有專精·風 Ⅲ,Ventus Expertise Ⅲ,en-US
日行一善 IV,A Good Deed a Day Ⅳ,en-US
一日一善Ⅳ,A Good Deed a Day Ⅳ,en-US
매일 선행 한 가지 IV,A Good Deed a Day Ⅳ,en-US
日行一善 Ⅳ,A Good Deed a Day Ⅳ,en-US
术有专精·风 IV,Ventus Expertise Ⅳ,en-US
風のエキスパートⅣ,Ventus Expertise Ⅳ,en-US
전문 기술·바람 IV,Ventus Expertise Ⅳ,en-US
術有專精·風 Ⅳ,Ventus Expertise Ⅳ,en-US
术有专精·光 I,Lux Expertise Ⅰ,en-US
光のエキスパートⅠ,Lux Expertise Ⅰ,en-US
전문 기술·빛 I,Lux Expertise Ⅰ,en-US
術有專精·光 I,Lux Expertise Ⅰ,en-US
术有专精·光 II,Lux Expertise Ⅱ,en-US
光のエキスパートⅡ,Lux Expertise Ⅱ,en-US
전문 기술·빛 II,Lux Expertise Ⅱ,en-US
術有專精·光 Ⅱ,Lux Expertise Ⅱ,en-US
术有专精·光 III,Lux Expertise Ⅲ,en-US
光のエキスパートⅢ,Lux Expertise Ⅲ,en-US
전문 기술·빛 III,Lux Expertise Ⅲ,en-US
術有專精·光 Ⅲ,Lux Expertise Ⅲ,en-US
术有专精·光 IV,Lux Expertise Ⅳ,en-US
光のエキスパートⅣ,Lux Expertise Ⅳ,en-US
전문 기술·빛 IV,Lux Expertise Ⅳ,en-US
術有專精·光 Ⅳ,Lux Expertise Ⅳ,en-US
术有专精·暗 I,Umbra Expertise Ⅰ,en-US
闇のエキスパートⅠ,Umbra Expertise Ⅰ,en-US
전문 기술·어둠 I,Umbra Expertise Ⅰ,en-US
術有專精·暗 I,Umbra Expertise Ⅰ,en-US
术有专精·暗 II,Umbra Expertise Ⅱ,en-US
闇のエキスパートⅡ,Umbra Expertise Ⅱ,en-US
전문 기술·어둠 II,Umbra Expertise Ⅱ,en-US
術有專精·暗 Ⅱ,Umbra Expertise Ⅱ,en-US
术有专精·暗 III,Umbra Expertise Ⅲ,en-US
闇のエキスパートⅢ,Umbra Expertise Ⅲ,en-US
전문 기술·어둠 III,Umbra Expertise Ⅲ,en-US
術有專精·暗 Ⅲ,Umbra Expertise Ⅲ,en-US
术有专精·暗 IV,Umbra Expertise Ⅳ,en-US
闇のエキスパートⅣ,Umbra Expertise Ⅳ,en-US
전문 기술·어둠 IV,Umbra Expertise Ⅳ,en-US
術有專精·暗 Ⅳ,Umbra Expertise Ⅳ,en-US
便利店常客 I,Frequent Shopper Ⅰ,en-US
コンビニの常連Ⅰ,Frequent Shopper Ⅰ,en-US
편의점 단골 I,Frequent Shopper Ⅰ,en-US
便利商店常客 I,Frequent Shopper Ⅰ,en-US
日行一善 V,A Good Deed a Day Ⅴ,en-US
一日一善Ⅴ,A Good Deed a Day Ⅴ,en-US
매일 선행 한 가지 V,A Good Deed a Day Ⅴ,en-US
日行一善 Ⅴ,A Good Deed a Day Ⅴ,en-US
便利店常客 II,Frequent Shopper Ⅱ,en-US
コンビニの常連Ⅱ,Frequent Shopper Ⅱ,en-US
편의점 단골 II,Frequent Shopper Ⅱ,en-US
便利商店常客 Ⅱ,Frequent Shopper Ⅱ,en-US
便利店常客 III,Frequent Shopper Ⅲ,en-US
コンビニの常連Ⅲ,Frequent Shopper Ⅲ,en-US
편의점 단골 III,Frequent Shopper Ⅲ,en-US
便利商店常客 Ⅲ,Frequent Shopper Ⅲ,en-US
便利店常客 IV,Frequent Shopper Ⅳ,en-US
コンビニの常連Ⅳ,Frequent Shopper Ⅳ,en-US
편의점 단골 IV,Frequent Shopper Ⅳ,en-US
便利商店常客 Ⅳ,Frequent Shopper Ⅳ,en-US
便利店常客 V,Frequent Shopper Ⅴ,en-US
コンビニの常連Ⅴ,Frequent Shopper Ⅴ,en-US
편의점 단골 V,Frequent Shopper Ⅴ,en-US
便利商店常客 Ⅴ,Frequent Shopper Ⅴ,en-US
便利店常客 VI,Frequent Shopper Ⅵ,en-US
コンビニの常連Ⅵ,Frequent Shopper Ⅵ,en-US
편의점 단골 VI,Frequent Shopper Ⅵ,en-US
便利商店常客 Ⅵ,Frequent Shopper Ⅵ,en-US
便利店常客 VII,Frequent Shopper Ⅶ,en-US
コンビニの常連Ⅶ,Frequent Shopper Ⅶ,en-US
편의점 단골 VII,Frequent Shopper Ⅶ,en-US
便利商店常客 Ⅶ,Frequent Shopper Ⅶ,en-US
便利店常客 VIII,Frequent Shopper Ⅷ,en-US
コンビニの常連Ⅷ,Frequent Shopper Ⅷ,en-US
편의점 단골 VIII,Frequent Shopper Ⅷ,en-US
便利商店常客 Ⅷ,Frequent Shopper Ⅷ,en-US
便利店常客 IX,Frequent Shopper Ⅸ,en-US
コンビニの常連Ⅸ,Frequent Shopper Ⅸ,en-US
편의점 단골 IX,Frequent Shopper Ⅸ,en-US
便利商店常客 Ⅸ,Frequent Shopper Ⅸ,en-US
便利店常客 X,Frequent Shopper Ⅹ,en-US
コンビニの常連Ⅹ,Frequent Shopper Ⅹ,en-US
편의점 단골 X,Frequent Shopper Ⅹ,en-US
便利商店常客 Ⅹ,Frequent Shopper Ⅹ,en-US
萍水相逢 I,Fateful Encounter Ⅰ,en-US
偶然の出会いⅠ,Fateful Encounter Ⅰ,en-US
우연한 만남 I,Fateful Encounter Ⅰ,en-US
种瓜得豆 I,Crafting Genius Ⅰ,en-US
思わぬ成果Ⅰ,Crafting Genius Ⅰ,en-US
콩 심은 데 콩 I,Crafting Genius Ⅰ,en-US
種瓜得豆 I,Crafting Genius Ⅰ,en-US
萍水相逢 II,Fateful Encounter Ⅱ,en-US
偶然の出会いⅡ,Fateful Encounter Ⅱ,en-US
우연한 만남 II,Fateful Encounter Ⅱ,en-US
萍水相逢 Ⅱ,Fateful Encounter Ⅱ,en-US
萍水相逢 III,Fateful Encounter Ⅲ,en-US
偶然の出会いⅢ,Fateful Encounter Ⅲ,en-US
우연한 만남 III,Fateful Encounter Ⅲ,en-US
萍水相逢 Ⅲ,Fateful Encounter Ⅲ,en-US
萍水相逢 IV,Fateful Encounter Ⅳ,en-US
偶然の出会いⅣ,Fateful Encounter Ⅳ,en-US
우연한 만남 IV,Fateful Encounter Ⅳ,en-US
萍水相逢 Ⅳ,Fateful Encounter Ⅳ,en-US
萍水相逢 V,Fateful Encounter Ⅴ,en-US
偶然の出会いⅤ,Fateful Encounter Ⅴ,en-US
우연한 만남 V,Fateful Encounter Ⅴ,en-US
萍水相逢 Ⅴ,Fateful Encounter Ⅴ,en-US
萍水相逢 VI,Fateful Encounter Ⅵ,en-US
偶然の出会いⅥ,Fateful Encounter Ⅵ,en-US
우연한 만남 VI,Fateful Encounter Ⅵ,en-US
萍水相逢 Ⅵ,Fateful Encounter Ⅵ,en-US
萍水相逢 VII,Fateful Encounter Ⅶ,en-US
偶然の出会いⅦ,Fateful Encounter Ⅶ,en-US
우연한 만남 VII,Fateful Encounter Ⅶ,en-US
萍水相逢 Ⅶ,Fateful Encounter Ⅶ,en-US
萍水相逢 VIII,Fateful Encounter Ⅷ,en-US
偶然の出会いⅧ,Fateful Encounter Ⅷ,en-US
우연한 만남 VIII,Fateful Encounter Ⅷ,en-US
萍水相逢 Ⅷ,Fateful Encounter Ⅷ,en-US
萍水相逢 IX,Fateful Encounter Ⅸ,en-US
偶然の出会いⅨ,Fateful Encounter Ⅸ,en-US
우연한 만남 IX,Fateful Encounter Ⅸ,en-US
萍水相逢 Ⅸ,Fateful Encounter Ⅸ,en-US
萍水相逢 X,Fateful Encounter Ⅹ,en-US
偶然の出会いⅩ,Fateful Encounter Ⅹ,en-US
우연한 만남 X,Fateful Encounter Ⅹ,en-US
萍水相逢 Ⅹ,Fateful Encounter Ⅹ,en-US
大富翁 I,Keeper of Riches Ⅰ,en-US
大富豪Ⅰ,Keeper of Riches Ⅰ,en-US
대부호 I,Keeper of Riches Ⅰ,en-US
种瓜得豆 II,Crafting Genius Ⅱ,en-US
思わぬ成果Ⅱ,Crafting Genius Ⅱ,en-US
콩 심은 데 콩 II,Crafting Genius Ⅱ,en-US
種瓜得豆 Ⅱ,Crafting Genius Ⅱ,en-US
大富翁 II,Keeper of Riches Ⅱ,en-US
大富豪Ⅱ,Keeper of Riches Ⅱ,en-US
대부호 II,Keeper of Riches Ⅱ,en-US
大富翁 Ⅱ,Keeper of Riches Ⅱ,en-US
大富翁 III,Keeper of Riches Ⅲ,en-US
大富豪Ⅲ,Keeper of Riches Ⅲ,en-US
대부호 III,Keeper of Riches Ⅲ,en-US
大富翁 Ⅲ,Keeper of Riches Ⅲ,en-US
大富翁 IV,Keeper of Riches Ⅳ,en-US
大富豪Ⅳ,Keeper of Riches Ⅳ,en-US
대부호 IV,Keeper of Riches Ⅳ,en-US
大富翁 Ⅳ,Keeper of Riches Ⅳ,en-US
大富翁 V,Keeper of Riches Ⅴ,en-US
大富豪Ⅴ,Keeper of Riches Ⅴ,en-US
대부호 V,Keeper of Riches Ⅴ,en-US
大富翁 Ⅴ,Keeper of Riches Ⅴ,en-US
大富翁 VI,Keeper of Riches Ⅵ,en-US
大富豪Ⅵ,Keeper of Riches Ⅵ,en-US
대부호 VI,Keeper of Riches Ⅵ,en-US
大富翁 Ⅵ,Keeper of Riches Ⅵ,en-US
绝对音感·强攻 I,Perfect Pitch: Pummel Ⅰ,en-US
絶対音感・強撃Ⅰ,Perfect Pitch: Pummel Ⅰ,en-US
절대음감·강공 I,Perfect Pitch: Pummel Ⅰ,en-US
絕對音感·強攻 I,Perfect Pitch: Pummel Ⅰ,en-US
绝对音感·强攻 II,Perfect Pitch: Pummel Ⅱ,en-US
絶対音感・強撃Ⅱ,Perfect Pitch: Pummel Ⅱ,en-US
절대음감·강공 II,Perfect Pitch: Pummel Ⅱ,en-US
絕對音感·強攻 Ⅱ,Perfect Pitch: Pummel Ⅱ,en-US
绝对音感·强攻 III,Perfect Pitch: Pummel Ⅲ,en-US
絶対音感・強撃Ⅲ,Perfect Pitch: Pummel Ⅲ,en-US
절대음감·강공 III,Perfect Pitch: Pummel Ⅲ,en-US
絕對音感·強攻 Ⅲ,Perfect Pitch: Pummel Ⅲ,en-US
绝对音感·强攻 IV,Perfect Pitch: Pummel Ⅳ,en-US
絶対音感・強撃Ⅳ,Perfect Pitch: Pummel Ⅳ,en-US
절대음감·강공 IV,Perfect Pitch: Pummel Ⅳ,en-US
絕對音感·強攻 Ⅳ,Perfect Pitch: Pummel Ⅳ,en-US
绝对音感·强攻 V,Perfect Pitch: Pummel Ⅴ,en-US
絶対音感・強撃Ⅴ,Perfect Pitch: Pummel Ⅴ,en-US
절대음감·강공 V,Perfect Pitch: Pummel Ⅴ,en-US
絕對音感·強攻 Ⅴ,Perfect Pitch: Pummel Ⅴ,en-US
种瓜得豆 III,Crafting Genius Ⅲ,en-US
思わぬ成果Ⅲ,Crafting Genius Ⅲ,en-US
콩 심은 데 콩 III,Crafting Genius Ⅲ,en-US
種瓜得豆 Ⅲ,Crafting Genius Ⅲ,en-US
绝对音感·幸运 I,Perfect Pitch: Luck Ⅰ,en-US
絶対音感・幸運Ⅰ,Perfect Pitch: Luck Ⅰ,en-US
절대음감·행운 I,Perfect Pitch: Luck Ⅰ,en-US
絕對音感·幸運 I,Perfect Pitch: Luck Ⅰ,en-US
绝对音感·幸运 II,Perfect Pitch: Luck Ⅱ,en-US
絶対音感・幸運Ⅱ,Perfect Pitch: Luck Ⅱ,en-US
절대음감·행운 II,Perfect Pitch: Luck Ⅱ,en-US
絕對音感·幸運 Ⅱ,Perfect Pitch: Luck Ⅱ,en-US
绝对音感·幸运 III,Perfect Pitch: Luck Ⅲ,en-US
絶対音感・幸運Ⅲ,Perfect Pitch: Luck Ⅲ,en-US
절대음감·행운 III,Perfect Pitch: Luck Ⅲ,en-US
絕對音感·幸運 Ⅲ,Perfect Pitch: Luck Ⅲ,en-US
绝对音感·幸运 IV,Perfect Pitch: Luck Ⅳ,en-US
絶対音感・幸運Ⅳ,Perfect Pitch: Luck Ⅳ,en-US
절대음감·행운 IV,Perfect Pitch: Luck Ⅳ,en-US
絕對音感·幸運 Ⅳ,Perfect Pitch: Luck Ⅳ,en-US
绝对音感·幸运 V,Perfect Pitch: Luck Ⅴ,en-US
絶対音感・幸運Ⅴ,Perfect Pitch: Luck Ⅴ,en-US
절대음감·행운 V,Perfect Pitch: Luck Ⅴ,en-US
絕對音感·幸運 Ⅴ,Perfect Pitch: Luck Ⅴ,en-US
绝对音感·暴发 I,Perfect Pitch: Burst Ⅰ,en-US
絶対音感・爆発Ⅰ,Perfect Pitch: Burst Ⅰ,en-US
절대음감·폭발 I,Perfect Pitch: Burst Ⅰ,en-US
絕對音感·爆發 I,Perfect Pitch: Burst Ⅰ,en-US
绝对音感·暴发 II,Perfect Pitch: Burst Ⅱ,en-US
絶対音感・爆発Ⅱ,Perfect Pitch: Burst Ⅱ,en-US
절대음감·폭발 II,Perfect Pitch: Burst Ⅱ,en-US
絕對音感·爆發 Ⅱ,Perfect Pitch: Burst Ⅱ,en-US
绝对音感·暴发 III,Perfect Pitch: Burst Ⅲ,en-US
絶対音感・爆発Ⅲ,Perfect Pitch: Burst Ⅲ,en-US
절대음감·폭발 III,Perfect Pitch: Burst Ⅲ,en-US
絕對音感·爆發 Ⅲ,Perfect Pitch: Burst Ⅲ,en-US
绝对音感·暴发 IV,Perfect Pitch: Burst Ⅳ,en-US
絶対音感・爆発Ⅳ,Perfect Pitch: Burst Ⅳ,en-US
절대음감·폭발 IV,Perfect Pitch: Burst Ⅳ,en-US
絕對音感·爆發 Ⅳ,Perfect Pitch: Burst Ⅳ,en-US
绝对音感·暴发 V,Perfect Pitch: Burst Ⅴ,en-US
絶対音感・爆発Ⅴ,Perfect Pitch: Burst Ⅴ,en-US
절대음감·폭발 V,Perfect Pitch: Burst Ⅴ,en-US
絕對音感·爆發 Ⅴ,Perfect Pitch: Burst Ⅴ,en-US
种瓜得豆 IV,Crafting Genius Ⅳ,en-US
思わぬ成果Ⅳ,Crafting Genius Ⅳ,en-US
콩 심은 데 콩 IV,Crafting Genius Ⅳ,en-US
種瓜得豆 Ⅳ,Crafting Genius Ⅳ,en-US
绝对音感·体力 I,Perfect Pitch: Stamina Ⅰ,en-US
絶対音感・体力Ⅰ,Perfect Pitch: Stamina Ⅰ,en-US
절대음감·체력 I,Perfect Pitch: Stamina Ⅰ,en-US
絕對音感·體力 I,Perfect Pitch: Stamina Ⅰ,en-US
绝对音感·体力 II,Perfect Pitch: Stamina Ⅱ,en-US
絶対音感・体力Ⅱ,Perfect Pitch: Stamina Ⅱ,en-US
절대음감·체력 II,Perfect Pitch: Stamina Ⅱ,en-US
絕對音感·體力 Ⅱ,Perfect Pitch: Stamina Ⅱ,en-US
绝对音感·体力 III,Perfect Pitch: Stamina Ⅲ,en-US
絶対音感・体力Ⅲ,Perfect Pitch: Stamina Ⅲ,en-US
절대음감·체력 III,Perfect Pitch: Stamina Ⅲ,en-US
絕對音感·體力 Ⅲ,Perfect Pitch: Stamina Ⅲ,en-US
绝对音感·体力 IV,Perfect Pitch: Stamina Ⅳ,en-US
絶対音感・体力Ⅳ,Perfect Pitch: Stamina Ⅳ,en-US
절대음감·체력 IV,Perfect Pitch: Stamina Ⅳ,en-US
絕對音感·體力 Ⅳ,Perfect Pitch: Stamina Ⅳ,en-US
绝对音感·体力 V,Perfect Pitch: Stamina Ⅴ,en-US
絶対音感・体力Ⅴ,Perfect Pitch: Stamina Ⅴ,en-US
절대음감·체력 V,Perfect Pitch: Stamina Ⅴ,en-US
絕對音感·體力 Ⅴ,Perfect Pitch: Stamina Ⅴ,en-US
绝对音感·专注 I,Perfect Pitch: Focus Ⅰ,en-US
絶対音感・集中Ⅰ,Perfect Pitch: Focus Ⅰ,en-US
절대음감·집중 I,Perfect Pitch: Focus Ⅰ,en-US
絕對音感·專注 I,Perfect Pitch: Focus Ⅰ,en-US
绝对音感·专注 II,Perfect Pitch: Focus Ⅱ,en-US
絶対音感・集中Ⅱ,Perfect Pitch: Focus Ⅱ,en-US
절대음감·집중 II,Perfect Pitch: Focus Ⅱ,en-US
絕對音感·專注 Ⅱ,Perfect Pitch: Focus Ⅱ,en-US
绝对音感·专注 III,Perfect Pitch: Focus Ⅲ,en-US
絶対音感・集中Ⅲ,Perfect Pitch: Focus Ⅲ,en-US
절대음감·집중 III,Perfect Pitch: Focus Ⅲ,en-US
絕對音感·專注 Ⅲ,Perfect Pitch: Focus Ⅲ,en-US
绝对音感·专注 IV,Perfect Pitch: Focus Ⅳ,en-US
絶対音感・集中Ⅳ,Perfect Pitch: Focus Ⅳ,en-US
절대음감·집중 IV,Perfect Pitch: Focus Ⅳ,en-US
絕對音感·專注 Ⅳ,Perfect Pitch: Focus Ⅳ,en-US
绝对音感·专注 V,Perfect Pitch: Focus Ⅴ,en-US
絶対音感・集中Ⅴ,Perfect Pitch: Focus Ⅴ,en-US
절대음감·집중 V,Perfect Pitch: Focus Ⅴ,en-US
絕對音感·專注 Ⅴ,Perfect Pitch: Focus Ⅴ,en-US
种瓜得豆 V,Crafting Genius Ⅴ,en-US
思わぬ成果Ⅴ,Crafting Genius Ⅴ,en-US
콩 심은 데 콩 V,Crafting Genius Ⅴ,en-US
種瓜得豆 Ⅴ,Crafting Genius Ⅴ,en-US
绝对音感·技巧 I,Perfect Pitch: Skill Ⅰ,en-US
絶対音感・器用Ⅰ,Perfect Pitch: Skill Ⅰ,en-US
절대음감·기술 I,Perfect Pitch: Skill Ⅰ,en-US
絕對音感·技巧 I,Perfect Pitch: Skill Ⅰ,en-US
绝对音感·技巧 II,Perfect Pitch: Skill Ⅱ,en-US
絶対音感・器用Ⅱ,Perfect Pitch: Skill Ⅱ,en-US
절대음감·기술 II,Perfect Pitch: Skill Ⅱ,en-US
絕對音感·技巧 Ⅱ,Perfect Pitch: Skill Ⅱ,en-US
绝对音感·技巧 III,Perfect Pitch: Skill Ⅲ,en-US
絶対音感・器用Ⅲ,Perfect Pitch: Skill Ⅲ,en-US
절대음감·기술 III,Perfect Pitch: Skill Ⅲ,en-US
絕對音感·技巧 Ⅲ,Perfect Pitch: Skill Ⅲ,en-US
绝对音感·技巧 IV,Perfect Pitch: Skill Ⅳ,en-US
絶対音感・器用Ⅳ,Perfect Pitch: Skill Ⅳ,en-US
절대음감·기술 IV,Perfect Pitch: Skill Ⅳ,en-US
絕對音感·技巧 Ⅳ,Perfect Pitch: Skill Ⅳ,en-US
绝对音感·技巧 V,Perfect Pitch: Skill Ⅴ,en-US
絶対音感・器用Ⅴ,Perfect Pitch: Skill Ⅴ,en-US
절대음감·기술 V,Perfect Pitch: Skill Ⅴ,en-US
絕對音感·技巧 Ⅴ,Perfect Pitch: Skill Ⅴ,en-US
绝对音感·绝招 I,Perfect Pitch: Ultimate Ⅰ,en-US
絶対音感・必殺Ⅰ,Perfect Pitch: Ultimate Ⅰ,en-US
절대음감·필살기 I,Perfect Pitch: Ultimate Ⅰ,en-US
絕對音感·絕招 I,Perfect Pitch: Ultimate Ⅰ,en-US
绝对音感·绝招 II,Perfect Pitch: Ultimate Ⅱ,en-US
絶対音感・必殺Ⅱ,Perfect Pitch: Ultimate Ⅱ,en-US
절대음감·필살기 II,Perfect Pitch: Ultimate Ⅱ,en-US
絕對音感·絕招 Ⅱ,Perfect Pitch: Ultimate Ⅱ,en-US
绝对音感·绝招 III,Perfect Pitch: Ultimate Ⅲ,en-US
絶対音感・必殺Ⅲ,Perfect Pitch: Ultimate Ⅲ,en-US
절대음감·필살기 III,Perfect Pitch: Ultimate Ⅲ,en-US
絕對音感·絕招 Ⅲ,Perfect Pitch: Ultimate Ⅲ,en-US
绝对音感·绝招 IV,Perfect Pitch: Ultimate Ⅳ,en-US
絶対音感・必殺Ⅳ,Perfect Pitch: Ultimate Ⅳ,en-US
절대음감·필살기 IV,Perfect Pitch: Ultimate Ⅳ,en-US
絕對音感·絕招 Ⅳ,Perfect Pitch: Ultimate Ⅳ,en-US
绝对音感·绝招 V,Perfect Pitch: Ultimate Ⅴ,en-US
絶対音感・必殺Ⅴ,Perfect Pitch: Ultimate Ⅴ,en-US
절대음감·필살기 V,Perfect Pitch: Ultimate Ⅴ,en-US
絕對音感·絕招 Ⅴ,Perfect Pitch: Ultimate Ⅴ,en-US
万事大吉 I,Smooth Climbing Ⅰ,en-US
順風満帆Ⅰ,Smooth Climbing Ⅰ,en-US
만사형통 I,Smooth Climbing Ⅰ,en-US
萬事大吉 I,Smooth Climbing Ⅰ,en-US
绝对音感·水 I,Perfect Pitch: Aqua Ⅰ,en-US
絶対音感・水Ⅰ,Perfect Pitch: Aqua Ⅰ,en-US
절대음감·물 I,Perfect Pitch: Aqua Ⅰ,en-US
絕對音感·水 I,Perfect Pitch: Aqua Ⅰ,en-US
绝对音感·水 II,Perfect Pitch: Aqua Ⅱ,en-US
絶対音感・水Ⅱ,Perfect Pitch: Aqua Ⅱ,en-US
절대음감·물 II,Perfect Pitch: Aqua Ⅱ,en-US
絕對音感·水 Ⅱ,Perfect Pitch: Aqua Ⅱ,en-US
绝对音感·水 III,Perfect Pitch: Aqua Ⅲ,en-US
絶対音感・水Ⅲ,Perfect Pitch: Aqua Ⅲ,en-US
절대음감·물 III,Perfect Pitch: Aqua Ⅲ,en-US
絕對音感·水 Ⅲ,Perfect Pitch: Aqua Ⅲ,en-US
绝对音感·水 IV,Perfect Pitch: Aqua Ⅳ,en-US
絶対音感・水Ⅳ,Perfect Pitch: Aqua Ⅳ,en-US
절대음감·물 IV,Perfect Pitch: Aqua Ⅳ,en-US
絕對音感·水 Ⅳ,Perfect Pitch: Aqua Ⅳ,en-US
绝对音感·水 V,Perfect Pitch: Aqua Ⅴ,en-US
絶対音感・水Ⅴ,Perfect Pitch: Aqua Ⅴ,en-US
절대음감·물 V,Perfect Pitch: Aqua Ⅴ,en-US
絕對音感·水 Ⅴ,Perfect Pitch: Aqua Ⅴ,en-US
绝对音感·火 I,Perfect Pitch: Ignis Ⅰ,en-US
絶対音感・火Ⅰ,Perfect Pitch: Ignis Ⅰ,en-US
절대음감·불 I,Perfect Pitch: Ignis Ⅰ,en-US
絕對音感·火 I,Perfect Pitch: Ignis Ⅰ,en-US
绝对音感·火 II,Perfect Pitch: Ignis Ⅱ,en-US
絶対音感・火Ⅱ,Perfect Pitch: Ignis Ⅱ,en-US
절대음감·불 II,Perfect Pitch: Ignis Ⅱ,en-US
絕對音感·火 Ⅱ,Perfect Pitch: Ignis Ⅱ,en-US
绝对音感·火 III,Perfect Pitch: Ignis Ⅲ,en-US
絶対音感・火Ⅲ,Perfect Pitch: Ignis Ⅲ,en-US
절대음감·불 III,Perfect Pitch: Ignis Ⅲ,en-US
絕對音感·火 Ⅲ,Perfect Pitch: Ignis Ⅲ,en-US
绝对音感·火 IV,Perfect Pitch: Ignis Ⅳ,en-US
絶対音感・火Ⅳ,Perfect Pitch: Ignis Ⅳ,en-US
절대음감·불 IV,Perfect Pitch: Ignis Ⅳ,en-US
絕對音感·火 Ⅳ,Perfect Pitch: Ignis Ⅳ,en-US
绝对音感·火 V,Perfect Pitch: Ignis Ⅴ,en-US
絶対音感・火Ⅴ,Perfect Pitch: Ignis Ⅴ,en-US
절대음감·불 V,Perfect Pitch: Ignis Ⅴ,en-US
絕對音感·火 Ⅴ,Perfect Pitch: Ignis Ⅴ,en-US
万事大吉 II,Smooth Climbing Ⅱ,en-US
順風満帆Ⅱ,Smooth Climbing Ⅱ,en-US
만사형통 II,Smooth Climbing Ⅱ,en-US
萬事大吉 Ⅱ,Smooth Climbing Ⅱ,en-US
绝对音感·风 I,Perfect Pitch: Ventus Ⅰ,en-US
絶対音感・風Ⅰ,Perfect Pitch: Ventus Ⅰ,en-US
절대음감·바람 I,Perfect Pitch: Ventus Ⅰ,en-US
絕對音感·風 I,Perfect Pitch: Ventus Ⅰ,en-US
绝对音感·风 II,Perfect Pitch: Ventus Ⅱ,en-US
絶対音感・風Ⅱ,Perfect Pitch: Ventus Ⅱ,en-US
절대음감·바람 II,Perfect Pitch: Ventus Ⅱ,en-US
絕對音感·風 Ⅱ,Perfect Pitch: Ventus Ⅱ,en-US
绝对音感·风 III,Perfect Pitch: Ventus Ⅲ,en-US
絶対音感・風Ⅲ,Perfect Pitch: Ventus Ⅲ,en-US
절대음감·바람 III,Perfect Pitch: Ventus Ⅲ,en-US
絕對音感·風 Ⅲ,Perfect Pitch: Ventus Ⅲ,en-US
绝对音感·风 IV,Perfect Pitch: Ⅴentus Ⅳ,en-US
絶対音感・風Ⅳ,Perfect Pitch: Ⅴentus Ⅳ,en-US
절대음감·바람 IV,Perfect Pitch: Ⅴentus Ⅳ,en-US
絕對音感·風 Ⅳ,Perfect Pitch: Ⅴentus Ⅳ,en-US
绝对音感·风 V,Perfect Pitch: Ⅴentus Ⅴ,en-US
絶対音感・風Ⅴ,Perfect Pitch: Ⅴentus Ⅴ,en-US
절대음감·바람 V,Perfect Pitch: Ⅴentus Ⅴ,en-US
絕對音感·風 Ⅴ,Perfect Pitch: Ⅴentus Ⅴ,en-US
绝对音感·地 I,Perfect Pitch: Terra Ⅰ,en-US
絶対音感・地Ⅰ,Perfect Pitch: Terra Ⅰ,en-US
절대음감·땅 I,Perfect Pitch: Terra Ⅰ,en-US
絕對音感·地 I,Perfect Pitch: Terra Ⅰ,en-US
绝对音感·地 II,Perfect Pitch: Terra Ⅱ,en-US
絶対音感・地Ⅱ,Perfect Pitch: Terra Ⅱ,en-US
절대음감·땅 II,Perfect Pitch: Terra Ⅱ,en-US
絕對音感·地 Ⅱ,Perfect Pitch: Terra Ⅱ,en-US
绝对音感·地 III,Perfect Pitch: Terra Ⅲ,en-US
絶対音感・地Ⅲ,Perfect Pitch: Terra Ⅲ,en-US
절대음감·땅 III,Perfect Pitch: Terra Ⅲ,en-US
絕對音感·地 Ⅲ,Perfect Pitch: Terra Ⅲ,en-US
绝对音感·地 IV,Perfect Pitch: Terra Ⅳ,en-US
絶対音感・地Ⅳ,Perfect Pitch: Terra Ⅳ,en-US
절대음감·땅 IV,Perfect Pitch: Terra Ⅳ,en-US
絕對音感·地 Ⅳ,Perfect Pitch: Terra Ⅳ,en-US
绝对音感·地 V,Perfect Pitch: Terra Ⅴ,en-US
絶対音感・地Ⅴ,Perfect Pitch: Terra Ⅴ,en-US
절대음감·땅 V,Perfect Pitch: Terra Ⅴ,en-US
絕對音感·地 Ⅴ,Perfect Pitch: Terra Ⅴ,en-US
魔王之路 II,Becoming a Real Boss Ⅱ,en-US
魔王の道Ⅱ,Becoming a Real Boss Ⅱ,en-US
마왕의 길 II,Becoming a Real Boss Ⅱ,en-US
魔王之路 Ⅱ,Becoming a Real Boss Ⅱ,en-US
万事大吉 III,Smooth Climbing Ⅲ,en-US
順風満帆Ⅲ,Smooth Climbing Ⅲ,en-US
만사형통 III,Smooth Climbing Ⅲ,en-US
萬事大吉 Ⅲ,Smooth Climbing Ⅲ,en-US
绝对音感·光 I,Perfect Pitch: Lux Ⅰ,en-US
絶対音感・光Ⅰ,Perfect Pitch: Lux Ⅰ,en-US
절대음감·빛 I,Perfect Pitch: Lux Ⅰ,en-US
絕對音感·光 I,Perfect Pitch: Lux Ⅰ,en-US
绝对音感·光 II,Perfect Pitch: Lux Ⅱ,en-US
絶対音感・光Ⅱ,Perfect Pitch: Lux Ⅱ,en-US
절대음감·빛 II,Perfect Pitch: Lux Ⅱ,en-US
絕對音感·光 Ⅱ,Perfect Pitch: Lux Ⅱ,en-US
绝对音感·光 III,Perfect Pitch: Lux Ⅲ,en-US
絶対音感・光Ⅲ,Perfect Pitch: Lux Ⅲ,en-US
절대음감·빛 III,Perfect Pitch: Lux Ⅲ,en-US
絕對音感·光 Ⅲ,Perfect Pitch: Lux Ⅲ,en-US
绝对音感·光 IV,Perfect Pitch: Lux Ⅳ,en-US
絶対音感・光Ⅳ,Perfect Pitch: Lux Ⅳ,en-US
절대음감·빛 IV,Perfect Pitch: Lux Ⅳ,en-US
絕對音感·光 Ⅳ,Perfect Pitch: Lux Ⅳ,en-US
绝对音感·光 V,Perfect Pitch: Lux Ⅴ,en-US
絶対音感・光Ⅴ,Perfect Pitch: Lux Ⅴ,en-US
절대음감·빛 V,Perfect Pitch: Lux Ⅴ,en-US
絕對音感·光 Ⅴ,Perfect Pitch: Lux Ⅴ,en-US
绝对音感·暗 I,Perfect Pitch: Umbra Ⅰ,en-US
絶対音感・闇Ⅰ,Perfect Pitch: Umbra Ⅰ,en-US
절대음감·어둠 I,Perfect Pitch: Umbra Ⅰ,en-US
絕對音感·暗 I,Perfect Pitch: Umbra Ⅰ,en-US
绝对音感·暗 II,Perfect Pitch: Umbra Ⅱ,en-US
絶対音感・闇Ⅱ,Perfect Pitch: Umbra Ⅱ,en-US
절대음감·어둠 II,Perfect Pitch: Umbra Ⅱ,en-US
絕對音感·暗 Ⅱ,Perfect Pitch: Umbra Ⅱ,en-US
绝对音感·暗 III,Perfect Pitch: Umbra Ⅲ,en-US
絶対音感・闇Ⅲ,Perfect Pitch: Umbra Ⅲ,en-US
절대음감·어둠 III,Perfect Pitch: Umbra Ⅲ,en-US
絕對音感·暗 Ⅲ,Perfect Pitch: Umbra Ⅲ,en-US
绝对音感·暗 IV,Perfect Pitch: Umbra Ⅳ,en-US
絶対音感・闇Ⅳ,Perfect Pitch: Umbra Ⅳ,en-US
절대음감·어둠 IV,Perfect Pitch: Umbra Ⅳ,en-US
絕對音感·暗 Ⅳ,Perfect Pitch: Umbra Ⅳ,en-US
绝对音感·暗 V,Perfect Pitch: Umbra Ⅴ,en-US
絶対音感・闇Ⅴ,Perfect Pitch: Umbra Ⅴ,en-US
절대음감·어둠 V,Perfect Pitch: Umbra Ⅴ,en-US
絕對音感·暗 Ⅴ,Perfect Pitch: Umbra Ⅴ,en-US
万事大吉 IV,Smooth Climbing Ⅳ,en-US
順風満帆Ⅳ,Smooth Climbing Ⅳ,en-US
만사형통 IV,Smooth Climbing Ⅳ,en-US
萬事大吉 Ⅳ,Smooth Climbing Ⅳ,en-US
更上一层 I,Next Level Ⅰ,en-US
さらなる高みへⅠ,Next Level Ⅰ,en-US
더 높은 차원 I,Next Level Ⅰ,en-US
更上一層 I,Next Level Ⅰ,en-US
更上一层 II,Next Level Ⅱ,en-US
さらなる高みへⅡ,Next Level Ⅱ,en-US
더 높은 차원 II,Next Level Ⅱ,en-US
更上一層 Ⅱ,Next Level Ⅱ,en-US
更上一层 III,Next Level Ⅲ,en-US
さらなる高みへⅢ,Next Level Ⅲ,en-US
더 높은 차원 III,Next Level Ⅲ,en-US
更上一層 Ⅲ,Next Level Ⅲ,en-US
更上一层 IV,Next Level Ⅳ,en-US
さらなる高みへⅣ,Next Level Ⅳ,en-US
더 높은 차원 IV,Next Level Ⅳ,en-US
更上一層 Ⅳ,Next Level Ⅳ,en-US
更上一层 V,Next Level Ⅴ,en-US
さらなる高みへⅤ,Next Level Ⅴ,en-US
더 높은 차원 V,Next Level Ⅴ,en-US
更上一層 Ⅴ,Next Level Ⅴ,en-US
更上一层 VI,Next Level Ⅵ,en-US
さらなる高みへⅥ,Next Level Ⅵ,en-US
더 높은 차원 VI,Next Level Ⅵ,en-US
更上一層 Ⅵ,Next Level Ⅵ,en-US
更上一层 VII,Next Level Ⅶ,en-US
さらなる高みへⅦ,Next Level Ⅶ,en-US
더 높은 차원 VII,Next Level Ⅶ,en-US
更上一層 Ⅶ,Next Level Ⅶ,en-US
清扫大师 I,Domain Sweeper Ⅰ,en-US
お掃除マスターⅠ,Domain Sweeper Ⅰ,en-US
청소의 달인 I,Domain Sweeper Ⅰ,en-US
清掃大師 I,Domain Sweeper Ⅰ,en-US
清扫大师 II,Domain Sweeper Ⅱ,en-US
お掃除マスターⅡ,Domain Sweeper Ⅱ,en-US
청소의 달인 II,Domain Sweeper Ⅱ,en-US
清掃大師 Ⅱ,Domain Sweeper Ⅱ,en-US
清扫大师 III,Domain Sweeper Ⅲ,en-US
お掃除マスターⅢ,Domain Sweeper Ⅲ,en-US
청소의 달인 III,Domain Sweeper Ⅲ,en-US
清掃大師 Ⅲ,Domain Sweeper Ⅲ,en-US
灰城区的风,Winds of Ash District,en-US
アッシュエリアの風,Winds of Ash District,en-US
애시 에리어의 바람,Winds of Ash District,en-US
灰城區的風,Winds of Ash District,en-US
清扫大师 IV,Domain Sweeper Ⅳ,en-US
お掃除マスターⅣ,Domain Sweeper Ⅳ,en-US
청소의 달인 IV,Domain Sweeper Ⅳ,en-US
清掃大師 Ⅳ,Domain Sweeper Ⅳ,en-US
清扫大师 V,Domain Sweeper Ⅴ,en-US
お掃除マスターⅤ,Domain Sweeper Ⅴ,en-US
청소의 달인 V,Domain Sweeper Ⅴ,en-US
清掃大師 Ⅴ,Domain Sweeper Ⅴ,en-US
清扫大师 VI,Domain Sweeper Ⅵ,en-US
お掃除マスターⅥ,Domain Sweeper Ⅵ,en-US
청소의 달인 VI,Domain Sweeper Ⅵ,en-US
清掃大師 Ⅵ,Domain Sweeper Ⅵ,en-US
清扫大师 VII,Domain Sweeper Ⅶ,en-US
お掃除マスターⅦ,Domain Sweeper Ⅶ,en-US
청소의 달인 VII,Domain Sweeper Ⅶ,en-US
清掃大師 Ⅶ,Domain Sweeper Ⅶ,en-US
公平对决 I,Fair Challenge Ⅰ,en-US
正々堂々Ⅰ,Fair Challenge Ⅰ,en-US
공정한 대결 I,Fair Challenge Ⅰ,en-US
公平對決 I,Fair Challenge Ⅰ,en-US
公平对决 II,Fair Challenge Ⅱ,en-US
正々堂々Ⅱ,Fair Challenge Ⅱ,en-US
공정한 대결 II,Fair Challenge Ⅱ,en-US
公平對決 Ⅱ,Fair Challenge Ⅱ,en-US
公平对决 III,Fair Challenge Ⅲ,en-US
正々堂々Ⅲ,Fair Challenge Ⅲ,en-US
공정한 대결 III,Fair Challenge Ⅲ,en-US
公平對決 Ⅲ,Fair Challenge Ⅲ,en-US
公平对决 IV,Fair Challenge Ⅳ,en-US
正々堂々Ⅳ,Fair Challenge Ⅳ,en-US
공정한 대결 IV,Fair Challenge Ⅳ,en-US
公平對決 Ⅳ,Fair Challenge Ⅳ,en-US
公平对决 V,Fair Challenge Ⅴ,en-US
正々堂々Ⅴ,Fair Challenge Ⅴ,en-US
공정한 대결 V,Fair Challenge Ⅴ,en-US
公平對決 Ⅴ,Fair Challenge Ⅴ,en-US
公平对决 VI,Fair Challenge Ⅵ,en-US
正々堂々Ⅵ,Fair Challenge Ⅵ,en-US
공정한 대결 VI,Fair Challenge Ⅵ,en-US
公平對決 Ⅵ,Fair Challenge Ⅵ,en-US
楼顶英雄,Rooftop Hero,en-US
水道橋の英雄,Rooftop Hero,en-US
슈퍼 히어로,Rooftop Hero,en-US
樓頂英雄,Rooftop Hero,en-US
公平对决 VII,Fair Challenge Ⅶ,en-US
正々堂々Ⅶ,Fair Challenge Ⅶ,en-US
공정한 대결 VII,Fair Challenge Ⅶ,en-US
公平對決 Ⅶ,Fair Challenge Ⅶ,en-US
得偿所愿 I,Wish Granted Ⅰ,en-US
星狩りⅠ,Wish Granted Ⅰ,en-US
소원성취 I,Wish Granted Ⅰ,en-US
如願以償 I,Wish Granted Ⅰ,en-US
得偿所愿 II,Wish Granted Ⅱ,en-US
星狩りⅡ,Wish Granted Ⅱ,en-US
소원성취 II,Wish Granted Ⅱ,en-US
如願以償 Ⅱ,Wish Granted Ⅱ,en-US
得偿所愿 III,Wish Granted Ⅲ,en-US
星狩りⅢ,Wish Granted Ⅲ,en-US
소원성취 III,Wish Granted Ⅲ,en-US
如願以償 Ⅲ,Wish Granted Ⅲ,en-US
得偿所愿 IV,Wish Granted Ⅳ,en-US
星狩りⅣ,Wish Granted Ⅳ,en-US
소원성취 IV,Wish Granted Ⅳ,en-US
如願以償 Ⅳ,Wish Granted Ⅳ,en-US
得偿所愿 V,Wish Granted Ⅴ,en-US
星狩りⅤ,Wish Granted Ⅴ,en-US
소원성취 V,Wish Granted Ⅴ,en-US
如願以償 Ⅴ,Wish Granted Ⅴ,en-US
得偿所愿 VI,Wish Granted Ⅵ,en-US
星狩りⅥ,Wish Granted Ⅵ,en-US
소원성취 VI,Wish Granted Ⅵ,en-US
如願以償 Ⅵ,Wish Granted Ⅵ,en-US
得偿所愿 VII,Wish Granted Ⅶ,en-US
星狩りⅦ,Wish Granted Ⅶ,en-US
소원성취 VII,Wish Granted Ⅶ,en-US
如願以償 Ⅶ,Wish Granted Ⅶ,en-US
欢迎光临 I,A Warm Welcome Ⅰ,en-US
いらっしゃいませⅠ,A Warm Welcome Ⅰ,en-US
어서 오세요 I,A Warm Welcome Ⅰ,en-US
歡迎光臨 I,A Warm Welcome Ⅰ,en-US
欢迎光临 II,A Warm Welcome Ⅱ,en-US
いらっしゃいませⅡ,A Warm Welcome Ⅱ,en-US
어서 오세요 II,A Warm Welcome Ⅱ,en-US
歡迎光臨 Ⅱ,A Warm Welcome Ⅱ,en-US
欢迎光临 III,A Warm Welcome Ⅲ,en-US
いらっしゃいませⅢ,A Warm Welcome Ⅲ,en-US
어서 오세요 III,A Warm Welcome Ⅲ,en-US
歡迎光臨 Ⅲ,A Warm Welcome Ⅲ,en-US
欢迎光临 IV,A Warm Welcome Ⅳ,en-US
いらっしゃいませⅣ,A Warm Welcome Ⅳ,en-US
어서 오세요 IV,A Warm Welcome Ⅳ,en-US
歡迎光臨 Ⅳ,A Warm Welcome Ⅳ,en-US
欢迎光临 V,A Warm Welcome Ⅴ,en-US
いらっしゃいませⅤ,A Warm Welcome Ⅴ,en-US
어서 오세요 V,A Warm Welcome Ⅴ,en-US
歡迎光臨 Ⅴ,A Warm Welcome Ⅴ,en-US
欢迎光临 VI,A Warm Welcome Ⅵ,en-US
いらっしゃいませⅥ,A Warm Welcome Ⅵ,en-US
어서 오세요 VI,A Warm Welcome Ⅵ,en-US
歡迎光臨 Ⅵ,A Warm Welcome Ⅵ,en-US
欢迎光临 VII,A Warm Welcome Ⅶ,en-US
いらっしゃいませⅦ,A Warm Welcome Ⅶ,en-US
어서 오세요 VII,A Warm Welcome Ⅶ,en-US
歡迎光臨 Ⅶ,A Warm Welcome Ⅶ,en-US
休息片刻 I,A Moment of Relief Ⅰ,en-US
休息タイムⅠ,A Moment of Relief Ⅰ,en-US
잠깐의 휴식 I,A Moment of Relief Ⅰ,en-US
休息片刻 II,A Moment of Relief Ⅱ,en-US
休息タイムⅡ,A Moment of Relief Ⅱ,en-US
잠깐의 휴식 II,A Moment of Relief Ⅱ,en-US
休息片刻 Ⅱ,A Moment of Relief Ⅱ,en-US
休息片刻 III,A Moment of Relief Ⅲ,en-US
休息タイムⅢ,A Moment of Relief Ⅲ,en-US
잠깐의 휴식 III,A Moment of Relief Ⅲ,en-US
休息片刻 Ⅲ,A Moment of Relief Ⅲ,en-US
休息片刻 IV,A Moment of Relief Ⅳ,en-US
休息タイムⅣ,A Moment of Relief Ⅳ,en-US
잠깐의 휴식 IV,A Moment of Relief Ⅳ,en-US
休息片刻 Ⅳ,A Moment of Relief Ⅳ,en-US
休息片刻 V,A Moment of Relief Ⅴ,en-US
休息タイムⅤ,A Moment of Relief Ⅴ,en-US
잠깐의 휴식 V,A Moment of Relief Ⅴ,en-US
休息片刻 Ⅴ,A Moment of Relief Ⅴ,en-US
豪掷千金 I,Big SpenderⅠ,en-US
太っ腹Ⅰ,Big SpenderⅠ,en-US
거금 투척 I,Big SpenderⅠ,en-US
一擲千金 I,Big SpenderⅠ,en-US
休息片刻 VI,A Moment of Relief Ⅵ,en-US
休息タイムⅥ,A Moment of Relief Ⅵ,en-US
잠깐의 휴식 VI,A Moment of Relief Ⅵ,en-US
休息片刻 Ⅵ,A Moment of Relief Ⅵ,en-US
休息片刻 VII,A Moment of Relief Ⅶ,en-US
休息タイムⅦ,A Moment of Relief Ⅶ,en-US
잠깐의 휴식 VII,A Moment of Relief Ⅶ,en-US
休息片刻 Ⅶ,A Moment of Relief Ⅶ,en-US
磨练技艺 I,Skill Mastery Ⅰ,en-US
切磋琢磨Ⅰ,Skill Mastery Ⅰ,en-US
기술 연마 I,Skill Mastery Ⅰ,en-US
磨練技藝 I,Skill Mastery Ⅰ,en-US
磨练技艺 II,Skill Mastery Ⅱ,en-US
切磋琢磨Ⅱ,Skill Mastery Ⅱ,en-US
기술 연마 II,Skill Mastery Ⅱ,en-US
磨練技藝 Ⅱ,Skill Mastery Ⅱ,en-US
磨练技艺 III,Skill Mastery Ⅲ,en-US
切磋琢磨Ⅲ,Skill Mastery Ⅲ,en-US
기술 연마 III,Skill Mastery Ⅲ,en-US
磨練技藝 Ⅲ,Skill Mastery Ⅲ,en-US
磨练技艺 IV,Skill Mastery Ⅳ,en-US
切磋琢磨Ⅳ,Skill Mastery Ⅳ,en-US
기술 연마 IV,Skill Mastery Ⅳ,en-US
磨練技藝 Ⅳ,Skill Mastery Ⅳ,en-US
磨练技艺 V,Skill Mastery Ⅴ,en-US
切磋琢磨Ⅴ,Skill Mastery Ⅴ,en-US
기술 연마 V,Skill Mastery Ⅴ,en-US
磨練技藝 Ⅴ,Skill Mastery Ⅴ,en-US
磨练技艺 VI,Skill Mastery Ⅵ,en-US
切磋琢磨Ⅵ,Skill Mastery Ⅵ,en-US
기술 연마 VI,Skill Mastery Ⅵ,en-US
磨練技藝 Ⅵ,Skill Mastery Ⅵ,en-US
干脆利落 I,Swift and Precise Ⅰ,en-US
熟練の技Ⅰ,Swift and Precise Ⅰ,en-US
깔끔한 솜씨 I,Swift and Precise Ⅰ,en-US
乾淨俐落 I,Swift and Precise Ⅰ,en-US
干脆利落 II,Swift and Precise Ⅱ,en-US
熟練の技Ⅱ,Swift and Precise Ⅱ,en-US
깔끔한 솜씨 II,Swift and Precise Ⅱ,en-US
乾淨俐落 Ⅱ,Swift and Precise Ⅱ,en-US
豪掷千金 II,Big Spender Ⅱ,en-US
太っ腹Ⅱ,Big Spender Ⅱ,en-US
거금 투척 II,Big Spender Ⅱ,en-US
一擲千金 Ⅱ,Big Spender Ⅱ,en-US
干脆利落 III,Swift and Precise Ⅲ,en-US
熟練の技Ⅲ,Swift and Precise Ⅲ,en-US
깔끔한 솜씨 III,Swift and Precise Ⅲ,en-US
乾淨俐落 Ⅲ,Swift and Precise Ⅲ,en-US
干脆利落 IV,Swift and Precise Ⅳ,en-US
熟練の技Ⅳ,Swift and Precise Ⅳ,en-US
깔끔한 솜씨 IV,Swift and Precise Ⅳ,en-US
乾淨俐落 Ⅳ,Swift and Precise Ⅳ,en-US
干脆利落 V,Swift and Precise Ⅴ,en-US
熟練の技Ⅴ,Swift and Precise Ⅴ,en-US
깔끔한 솜씨 V,Swift and Precise Ⅴ,en-US
乾淨俐落 Ⅴ,Swift and Precise Ⅴ,en-US
干脆利落 VI,Swift and Precise Ⅵ,en-US
熟練の技Ⅵ,Swift and Precise Ⅵ,en-US
깔끔한 솜씨 VI,Swift and Precise Ⅵ,en-US
乾淨俐落 Ⅵ,Swift and Precise Ⅵ,en-US
无关报酬 I,For the Challenge Ⅰ,en-US
初心忘れるべからずⅠ,For the Challenge Ⅰ,en-US
보상은 사소한 것 I,For the Challenge Ⅰ,en-US
無關報酬 I,For the Challenge Ⅰ,en-US
无关报酬 II,For the Challenge Ⅱ,en-US
初心忘れるべからずⅡ,For the Challenge Ⅱ,en-US
보상은 사소한 것 II,For the Challenge Ⅱ,en-US
無關報酬 Ⅱ,For the Challenge Ⅱ,en-US
无关报酬 III,For the Challenge Ⅲ,en-US
初心忘れるべからずⅢ,For the Challenge Ⅲ,en-US
보상은 사소한 것 III,For the Challenge Ⅲ,en-US
無關報酬 Ⅲ,For the Challenge Ⅲ,en-US
无关报酬 IV,For the Challenge Ⅳ,en-US
初心忘れるべからずⅣ,For the Challenge Ⅳ,en-US
보상은 사소한 것 IV,For the Challenge Ⅳ,en-US
無關報酬 Ⅳ,For the Challenge Ⅳ,en-US
无关报酬 V,For the Challenge Ⅴ,en-US
初心忘れるべからずⅤ,For the Challenge Ⅴ,en-US
보상은 사소한 것 V,For the Challenge Ⅴ,en-US
無關報酬 Ⅴ,For the Challenge Ⅴ,en-US
无关报酬 VI,For the Challenge Ⅵ,en-US
初心忘れるべからずⅥ,For the Challenge Ⅵ,en-US
보상은 사소한 것 VI,For the Challenge Ⅵ,en-US
無關報酬 Ⅵ,For the Challenge Ⅵ,en-US
豪掷千金 III,Big Spender Ⅲ,en-US
太っ腹Ⅲ,Big Spender Ⅲ,en-US
거금 투척 III,Big Spender Ⅲ,en-US
一擲千金 Ⅲ,Big Spender Ⅲ,en-US
冠军腰带·无 I,Champion's Belt Ⅰ: Infinite,en-US
チャンピオンベルト・無Ⅰ,Champion's Belt Ⅰ: Infinite,en-US
챔피언 벨트·무속성 I,Champion's Belt Ⅰ: Infinite,en-US
冠軍腰帶·無 I,Champion's Belt Ⅰ: Infinite,en-US
冠军腰带·风 I,Champion's Belt Ⅰ: Ventus,en-US
チャンピオンベルト・風Ⅰ,Champion's Belt Ⅰ: Ventus,en-US
챔피언 벨트·바람 I,Champion's Belt Ⅰ: Ventus,en-US
冠軍腰帶·風 I,Champion's Belt Ⅰ: Ventus,en-US
冠军腰带·地 I,Champion's Belt Ⅰ: Terra,en-US
チャンピオンベルト・地Ⅰ,Champion's Belt Ⅰ: Terra,en-US
챔피언 벨트·땅 I,Champion's Belt Ⅰ: Terra,en-US
冠軍腰帶·地 I,Champion's Belt Ⅰ: Terra,en-US
冠军腰带·暗 I,Champion's Belt Ⅰ: Umbra,en-US
チャンピオンベルト・闇Ⅰ,Champion's Belt Ⅰ: Umbra,en-US
챔피언 벨트·어둠 I,Champion's Belt Ⅰ: Umbra,en-US
冠軍腰帶·暗 I,Champion's Belt Ⅰ: Umbra,en-US
冠军腰带·火 I,Champion's Belt Ⅰ: Ignis,en-US
チャンピオンベルト・火Ⅰ,Champion's Belt Ⅰ: Ignis,en-US
챔피언 벨트·불 I,Champion's Belt Ⅰ: Ignis,en-US
冠軍腰帶·火 I,Champion's Belt Ⅰ: Ignis,en-US
冠军腰带·水 I,Champion's Belt Ⅰ: Aqua,en-US
チャンピオンベルト・水Ⅰ,Champion's Belt Ⅰ: Aqua,en-US
챔피언 벨트·물 I,Champion's Belt Ⅰ: Aqua,en-US
冠軍腰帶·水 I,Champion's Belt Ⅰ: Aqua,en-US
冠军腰带·光 I,Champion's Belt Ⅰ: Lux,en-US
チャンピオンベルト・光Ⅰ,Champion's Belt Ⅰ: Lux,en-US
챔피언 벨트·빛 I,Champion's Belt Ⅰ: Lux,en-US
冠軍腰帶·光 I,Champion's Belt Ⅰ: Lux,en-US
冠军腰带·无 II,Champion's Belt Ⅱ: Infinite,en-US
チャンピオンベルト・無Ⅱ,Champion's Belt Ⅱ: Infinite,en-US
챔피언 벨트·무속성 II,Champion's Belt Ⅱ: Infinite,en-US
冠軍腰帶·無 Ⅱ,Champion's Belt Ⅱ: Infinite,en-US
冠军腰带·风 II,Champion's Belt Ⅱ: Ventus,en-US
チャンピオンベルト・風Ⅱ,Champion's Belt Ⅱ: Ventus,en-US
챔피언 벨트·바람 II,Champion's Belt Ⅱ: Ventus,en-US
冠軍腰帶·風 Ⅱ,Champion's Belt Ⅱ: Ventus,en-US
冠军腰带·地 II,Champion's Belt Ⅱ: Terra,en-US
チャンピオンベルト・地Ⅱ,Champion's Belt Ⅱ: Terra,en-US
챔피언 벨트·땅 II,Champion's Belt Ⅱ: Terra,en-US
冠軍腰帶·地 Ⅱ,Champion's Belt Ⅱ: Terra,en-US
豪掷千金 IV,Big Spender Ⅳ,en-US
太っ腹Ⅳ,Big Spender Ⅳ,en-US
거금 투척 IV,Big Spender Ⅳ,en-US
一擲千金 Ⅳ,Big Spender Ⅳ,en-US
冠军腰带·暗 II,Champion's Belt Ⅱ: Umbra,en-US
チャンピオンベルト・闇Ⅱ,Champion's Belt Ⅱ: Umbra,en-US
챔피언 벨트·어둠 II,Champion's Belt Ⅱ: Umbra,en-US
冠軍腰帶·暗 Ⅱ,Champion's Belt Ⅱ: Umbra,en-US
冠军腰带·火 II,Champion's Belt Ⅱ: Ignis,en-US
チャンピオンベルト・火Ⅱ,Champion's Belt Ⅱ: Ignis,en-US
챔피언 벨트·불 II,Champion's Belt Ⅱ: Ignis,en-US
冠軍腰帶·火 Ⅱ,Champion's Belt Ⅱ: Ignis,en-US
冠军腰带·水 II,Champion's Belt Ⅱ: Aqua,en-US
チャンピオンベルト・水Ⅱ,Champion's Belt Ⅱ: Aqua,en-US
챔피언 벨트·물 II,Champion's Belt Ⅱ: Aqua,en-US
冠軍腰帶·水 Ⅱ,Champion's Belt Ⅱ: Aqua,en-US
冠军腰带·光 II,Champion's Belt Ⅱ: Lux,en-US
チャンピオンベルト・光Ⅱ,Champion's Belt Ⅱ: Lux,en-US
챔피언 벨트·빛 II,Champion's Belt Ⅱ: Lux,en-US
冠軍腰帶·光 Ⅱ,Champion's Belt Ⅱ: Lux,en-US
冠军腰带·无 III,Champion's Belt Ⅲ: Infinite,en-US
チャンピオンベルト・無Ⅲ,Champion's Belt Ⅲ: Infinite,en-US
챔피언 벨트·무속성 III,Champion's Belt Ⅲ: Infinite,en-US
冠軍腰帶·無 Ⅲ,Champion's Belt Ⅲ: Infinite,en-US
冠军腰带·风 III,Champion's Belt Ⅲ: Ventus,en-US
チャンピオンベルト・風Ⅲ,Champion's Belt Ⅲ: Ventus,en-US
챔피언 벨트·바람 III,Champion's Belt Ⅲ: Ventus,en-US
冠軍腰帶·風 Ⅲ,Champion's Belt Ⅲ: Ventus,en-US
冠军腰带·地 III,Champion's Belt Ⅲ: Terra,en-US
チャンピオンベルト・地Ⅲ,Champion's Belt Ⅲ: Terra,en-US
챔피언 벨트·땅 III,Champion's Belt Ⅲ: Terra,en-US
冠軍腰帶·地 Ⅲ,Champion's Belt Ⅲ: Terra,en-US
冠军腰带·暗 III,Champion's Belt Ⅲ: Umbra,en-US
チャンピオンベルト・闇Ⅲ,Champion's Belt Ⅲ: Umbra,en-US
챔피언 벨트·어둠 III,Champion's Belt Ⅲ: Umbra,en-US
冠軍腰帶·暗 Ⅲ,Champion's Belt Ⅲ: Umbra,en-US
冠军腰带·火 III,Champion's Belt Ⅲ: Ignis,en-US
チャンピオンベルト・火Ⅲ,Champion's Belt Ⅲ: Ignis,en-US
챔피언 벨트·불 III,Champion's Belt Ⅲ: Ignis,en-US
冠軍腰帶·火 Ⅲ,Champion's Belt Ⅲ: Ignis,en-US
冠军腰带·水 III,Champion's Belt Ⅲ: Aqua,en-US
チャンピオンベルト・水Ⅲ,Champion's Belt Ⅲ: Aqua,en-US
챔피언 벨트·물 III,Champion's Belt Ⅲ: Aqua,en-US
冠軍腰帶·水 Ⅲ,Champion's Belt Ⅲ: Aqua,en-US
豪掷千金 V,Big Spender Ⅴ,en-US
太っ腹Ⅴ,Big Spender Ⅴ,en-US
거금 투척 V,Big Spender Ⅴ,en-US
一擲千金 Ⅴ,Big Spender Ⅴ,en-US
冠军腰带·光 III,Champion's Belt Ⅲ: Lux,en-US
チャンピオンベルト・光Ⅲ,Champion's Belt Ⅲ: Lux,en-US
챔피언 벨트·빛 III,Champion's Belt Ⅲ: Lux,en-US
冠軍腰帶·光 Ⅲ,Champion's Belt Ⅲ: Lux,en-US
冠军腰带·无 IV,Champion's Belt Ⅳ: Infinite,en-US
チャンピオンベルト・無Ⅳ,Champion's Belt Ⅳ: Infinite,en-US
챔피언 벨트·무속성 IV,Champion's Belt Ⅳ: Infinite,en-US
冠軍腰帶·無 Ⅳ,Champion's Belt Ⅳ: Infinite,en-US
冠军腰带·风 IV,Champion's Belt Ⅳ: Ventus,en-US
チャンピオンベルト・風Ⅳ,Champion's Belt Ⅳ: Ventus,en-US
챔피언 벨트·바람 IV,Champion's Belt Ⅳ: Ventus,en-US
冠軍腰帶·風 Ⅳ,Champion's Belt Ⅳ: Ventus,en-US
冠军腰带·地 IV,Champion's Belt Ⅳ: Terra,en-US
チャンピオンベルト・地Ⅳ,Champion's Belt Ⅳ: Terra,en-US
챔피언 벨트·땅 IV,Champion's Belt Ⅳ: Terra,en-US
冠軍腰帶·地 Ⅳ,Champion's Belt Ⅳ: Terra,en-US
冠军腰带·暗 IV,Champion's Belt Ⅳ: Umbra,en-US
チャンピオンベルト・闇Ⅳ,Champion's Belt Ⅳ: Umbra,en-US
챔피언 벨트·어둠 IV,Champion's Belt Ⅳ: Umbra,en-US
冠軍腰帶·暗 Ⅳ,Champion's Belt Ⅳ: Umbra,en-US
冠军腰带·火 IV,Champion's Belt Ⅳ: Ignis,en-US
チャンピオンベルト・火Ⅳ,Champion's Belt Ⅳ: Ignis,en-US
챔피언 벨트·불 IV,Champion's Belt Ⅳ: Ignis,en-US
冠軍腰帶·火 Ⅳ,Champion's Belt Ⅳ: Ignis,en-US
冠军腰带·水 IV,Champion's Belt Ⅳ: Aqua,en-US
チャンピオンベルト・水Ⅳ,Champion's Belt Ⅳ: Aqua,en-US
챔피언 벨트·물 IV,Champion's Belt Ⅳ: Aqua,en-US
冠軍腰帶·水 Ⅳ,Champion's Belt Ⅳ: Aqua,en-US
冠军腰带·光 IV,Champion's Belt Ⅳ: Lux,en-US
チャンピオンベルト・光Ⅳ,Champion's Belt Ⅳ: Lux,en-US
챔피언 벨트·빛 IV,Champion's Belt Ⅳ: Lux,en-US
冠軍腰帶·光 Ⅳ,Champion's Belt Ⅳ: Lux,en-US
冠军腰带·无 V,Champion's Belt Ⅴ: Infinite,en-US
チャンピオンベルト・無Ⅴ,Champion's Belt Ⅴ: Infinite,en-US
챔피언 벨트·무속성 V,Champion's Belt Ⅴ: Infinite,en-US
冠軍腰帶·無 Ⅴ,Champion's Belt Ⅴ: Infinite,en-US
冠军腰带·风 V,Champion's Belt Ⅴ: Ventus,en-US
チャンピオンベルト・風Ⅴ,Champion's Belt Ⅴ: Ventus,en-US
챔피언 벨트·바람 V,Champion's Belt Ⅴ: Ventus,en-US
冠軍腰帶·風 Ⅴ,Champion's Belt Ⅴ: Ventus,en-US
魔王之路 III,Becoming a Real Boss Ⅲ,en-US
魔王の道Ⅲ,Becoming a Real Boss Ⅲ,en-US
마왕의 길 III,Becoming a Real Boss Ⅲ,en-US
魔王之路 Ⅲ,Becoming a Real Boss Ⅲ,en-US
星光璀璨 I,Starlit Journey Ⅰ,en-US
星のキラメキⅠ,Starlit Journey Ⅰ,en-US
찬란한 별빛 I,Starlit Journey Ⅰ,en-US
冠军腰带·地 V,Champion's Belt Ⅴ: Terra,en-US
チャンピオンベルト・地Ⅴ,Champion's Belt Ⅴ: Terra,en-US
챔피언 벨트·땅 V,Champion's Belt Ⅴ: Terra,en-US
冠軍腰帶·地 Ⅴ,Champion's Belt Ⅴ: Terra,en-US
冠军腰带·暗 V,Champion's Belt Ⅴ: Umbra,en-US
チャンピオンベルト・闇Ⅴ,Champion's Belt Ⅴ: Umbra,en-US
챔피언 벨트·어둠 V,Champion's Belt Ⅴ: Umbra,en-US
冠軍腰帶·暗 Ⅴ,Champion's Belt Ⅴ: Umbra,en-US
冠军腰带·火 V,Champion's Belt Ⅴ: Ignis,en-US
チャンピオンベルト・火Ⅴ,Champion's Belt Ⅴ: Ignis,en-US
챔피언 벨트·불 V,Champion's Belt Ⅴ: Ignis,en-US
冠軍腰帶·火 Ⅴ,Champion's Belt Ⅴ: Ignis,en-US
冠军腰带·水 V,Champion's Belt Ⅴ: Aqua,en-US
チャンピオンベルト・水Ⅴ,Champion's Belt Ⅴ: Aqua,en-US
챔피언 벨트·물 V,Champion's Belt Ⅴ: Aqua,en-US
冠軍腰帶·水 Ⅴ,Champion's Belt Ⅴ: Aqua,en-US
冠军腰带·光 V,Champion's Belt Ⅴ: Lux,en-US
チャンピオンベルト・光Ⅴ,Champion's Belt Ⅴ: Lux,en-US
챔피언 벨트·빛 V,Champion's Belt Ⅴ: Lux,en-US
冠軍腰帶·光 Ⅴ,Champion's Belt Ⅴ: Lux,en-US
冠军腰带·无 VI,Champion's Belt Ⅵ: Infinite,en-US
チャンピオンベルト・無Ⅵ,Champion's Belt Ⅵ: Infinite,en-US
챔피언 벨트·무속성 VI,Champion's Belt Ⅵ: Infinite,en-US
冠軍腰帶·無 Ⅵ,Champion's Belt Ⅵ: Infinite,en-US
冠军腰带·风 VI,Champion's Belt Ⅵ: Ventus,en-US
チャンピオンベルト・風Ⅵ,Champion's Belt Ⅵ: Ventus,en-US
챔피언 벨트·바람 VI,Champion's Belt Ⅵ: Ventus,en-US
冠軍腰帶·風 Ⅵ,Champion's Belt Ⅵ: Ventus,en-US
冠军腰带·地 VI,Champion's Belt Ⅵ: Terra,en-US
チャンピオンベルト・地Ⅵ,Champion's Belt Ⅵ: Terra,en-US
챔피언 벨트·땅 VI,Champion's Belt Ⅵ: Terra,en-US
冠軍腰帶·地 Ⅵ,Champion's Belt Ⅵ: Terra,en-US
冠军腰带·暗 VI,Champion's Belt Ⅵ: Umbra,en-US
チャンピオンベルト・闇Ⅵ,Champion's Belt Ⅵ: Umbra,en-US
챔피언 벨트·어둠 VI,Champion's Belt Ⅵ: Umbra,en-US
冠軍腰帶·暗 Ⅵ,Champion's Belt Ⅵ: Umbra,en-US
冠军腰带·火 VI,Champion's Belt Ⅵ: Ignis,en-US
チャンピオンベルト・火Ⅵ,Champion's Belt Ⅵ: Ignis,en-US
챔피언 벨트·불 VI,Champion's Belt Ⅵ: Ignis,en-US
冠軍腰帶·火 Ⅵ,Champion's Belt Ⅵ: Ignis,en-US
星光璀璨 II,Starlit Journey Ⅱ,en-US
星のキラメキⅡ,Starlit Journey Ⅱ,en-US
찬란한 별빛 II,Starlit Journey Ⅱ,en-US
星光璀璨 Ⅱ,Starlit Journey Ⅱ,en-US
冠军腰带·水 VI,Champion's Belt Ⅵ: Aqua,en-US
チャンピオンベルト・水Ⅵ,Champion's Belt Ⅵ: Aqua,en-US
챔피언 벨트·물 VI,Champion's Belt Ⅵ: Aqua,en-US
冠軍腰帶·水 Ⅵ,Champion's Belt Ⅵ: Aqua,en-US
冠军腰带·光 VI,Champion's Belt Ⅵ: Lux,en-US
チャンピオンベルト・光Ⅵ,Champion's Belt Ⅵ: Lux,en-US
챔피언 벨트·빛 VI,Champion's Belt Ⅵ: Lux,en-US
冠軍腰帶·光 Ⅵ,Champion's Belt Ⅵ: Lux,en-US
斩草除根 I,No Roots End Ⅰ,en-US
ゴーストハントⅠ,No Roots End Ⅰ,en-US
뿌리 뽑기 I,No Roots End Ⅰ,en-US
斬草除根 I,No Roots End Ⅰ,en-US
手到擒来 I,Tusk Handler Ⅰ,en-US
お茶の子さいさいⅠ,Tusk Handler Ⅰ,en-US
식은 죽 먹기 I,Tusk Handler Ⅰ,en-US
手到擒來 I,Tusk Handler Ⅰ,en-US
拔山盖世 I,Unstoppable Force Ⅰ,en-US
パンプアップⅠ,Unstoppable Force Ⅰ,en-US
산을 뽑는 기세 I,Unstoppable Force Ⅰ,en-US
拔山蓋世I,Unstoppable Force Ⅰ,en-US
斩草除根 II,No Roots End Ⅱ,en-US
ゴーストハントⅡ,No Roots End Ⅱ,en-US
뿌리 뽑기 II,No Roots End Ⅱ,en-US
斬草除根 Ⅱ,No Roots End Ⅱ,en-US
手到擒来 II,Tusk Handler Ⅱ,en-US
お茶の子さいさいⅡ,Tusk Handler Ⅱ,en-US
식은 죽 먹기 II,Tusk Handler Ⅱ,en-US
手到擒來 Ⅱ,Tusk Handler Ⅱ,en-US
拔山盖世 II,Unstoppable Force Ⅱ,en-US
パンプアップⅡ,Unstoppable Force Ⅱ,en-US
산을 뽑는 기세 II,Unstoppable Force Ⅱ,en-US
拔山蓋世II,Unstoppable Force Ⅱ,en-US
斩草除根 III,No Roots End Ⅲ,en-US
ゴーストハントⅢ,No Roots End Ⅲ,en-US
뿌리 뽑기 III,No Roots End Ⅲ,en-US
斬草除根 Ⅲ,No Roots End Ⅲ,en-US
手到擒来 III,Tusk Handler Ⅲ,en-US
お茶の子さいさいⅢ,Tusk Handler Ⅲ,en-US
식은 죽 먹기 III,Tusk Handler Ⅲ,en-US
手到擒來 Ⅲ,Tusk Handler Ⅲ,en-US
星光璀璨 III,Starlit Journey Ⅲ,en-US
星のキラメキⅢ,Starlit Journey Ⅲ,en-US
찬란한 별빛 III,Starlit Journey Ⅲ,en-US
星光璀璨 Ⅲ,Starlit Journey Ⅲ,en-US
拔山盖世 III,Unstoppable Force Ⅲ,en-US
パンプアップⅢ,Unstoppable Force Ⅲ,en-US
산을 뽑는 기세 III,Unstoppable Force Ⅲ,en-US
拔山蓋世III,Unstoppable Force Ⅲ,en-US
斩草除根 IV,No Roots End Ⅳ,en-US
ゴーストハントⅣ,No Roots End Ⅳ,en-US
뿌리 뽑기 IV,No Roots End Ⅳ,en-US
斬草除根 Ⅳ,No Roots End Ⅳ,en-US
手到擒来 IV,Tusk Handler Ⅳ,en-US
お茶の子さいさいⅣ,Tusk Handler Ⅳ,en-US
식은 죽 먹기 IV,Tusk Handler Ⅳ,en-US
手到擒來 Ⅳ,Tusk Handler Ⅳ,en-US
拔山盖世 IV,Unstoppable Force Ⅳ,en-US
パンプアップⅣ,Unstoppable Force Ⅳ,en-US
산을 뽑는 기세 IV,Unstoppable Force Ⅳ,en-US
拔山蓋世IV,Unstoppable Force Ⅳ,en-US
爱岗敬业旅人模范,Exemplary Trekker,en-US
もはや敵なし,Exemplary Trekker,en-US
모범적인 워커 홀릭 여행가,Exemplary Trekker,en-US
盡忠職守旅人模範,Exemplary Trekker,en-US
晋升之路 I,Path of Ascension Ⅰ,en-US
世渡り上手Ⅰ,Path of Ascension Ⅰ,en-US
승급의 길 I,Path of Ascension Ⅰ,en-US
晉升之路 I,Path of Ascension Ⅰ,en-US
晋升之路 II,Path of Ascension Ⅱ,en-US
世渡り上手Ⅱ,Path of Ascension Ⅱ,en-US
승급의 길 II,Path of Ascension Ⅱ,en-US
晉升之路 Ⅱ,Path of Ascension Ⅱ,en-US
晋升之路 III,Path of Ascension Ⅲ,en-US
世渡り上手Ⅲ,Path of Ascension Ⅲ,en-US
승급의 길 III,Path of Ascension Ⅲ,en-US
晉升之路 Ⅲ,Path of Ascension Ⅲ,en-US
晋升之路 IV,Path of Ascension Ⅳ,en-US
世渡り上手Ⅳ,Path of Ascension Ⅳ,en-US
승급의 길 IV,Path of Ascension Ⅳ,en-US
晉升之路 Ⅳ,Path of Ascension Ⅳ,en-US
晋升之路 V,Path of Ascension Ⅴ,en-US
世渡り上手Ⅴ,Path of Ascension Ⅴ,en-US
승급의 길 V,Path of Ascension Ⅴ,en-US
晉升之路 Ⅴ,Path of Ascension Ⅴ,en-US
星光璀璨 IV,Starlit Journey Ⅳ,en-US
星のキラメキⅣ,Starlit Journey Ⅳ,en-US
찬란한 별빛 IV,Starlit Journey Ⅳ,en-US
星光璀璨 Ⅳ,Starlit Journey Ⅳ,en-US
音律和谐 I,Perfect Harmony Ⅰ,en-US
調和するメロディⅠ,Perfect Harmony Ⅰ,en-US
음률의 조화 I,Perfect Harmony Ⅰ,en-US
音律和諧 I,Perfect Harmony Ⅰ,en-US
音律和谐 II,Perfect Harmony Ⅱ,en-US
調和するメロディⅡ,Perfect Harmony Ⅱ,en-US
음률의 조화 II,Perfect Harmony Ⅱ,en-US
音律和諧 Ⅱ,Perfect Harmony Ⅱ,en-US
音律和谐 III,Perfect Harmony Ⅲ,en-US
調和するメロディⅢ,Perfect Harmony Ⅲ,en-US
음률의 조화 III,Perfect Harmony Ⅲ,en-US
音律和諧 Ⅲ,Perfect Harmony Ⅲ,en-US
音律和谐 IV,Perfect Harmony Ⅳ,en-US
調和するメロディⅣ,Perfect Harmony Ⅳ,en-US
음률의 조화 IV,Perfect Harmony Ⅳ,en-US
音律和諧 Ⅳ,Perfect Harmony Ⅳ,en-US
音律和谐 V,Perfect Harmony Ⅴ,en-US
調和するメロディⅤ,Perfect Harmony Ⅴ,en-US
음률의 조화 V,Perfect Harmony Ⅴ,en-US
音律和諧 Ⅴ,Perfect Harmony Ⅴ,en-US
顶级团队 I,Elite Squad Ⅰ,en-US
精鋭揃いⅠ,Elite Squad Ⅰ,en-US
최정예 팀 I,Elite Squad Ⅰ,en-US
頂級團隊 I,Elite Squad Ⅰ,en-US
顶级团队 II,Elite Squad Ⅱ,en-US
精鋭揃いⅡ,Elite Squad Ⅱ,en-US
최정예 팀 II,Elite Squad Ⅱ,en-US
頂級團隊 Ⅱ,Elite Squad Ⅱ,en-US
顶级团队 III,Elite Squad Ⅲ,en-US
精鋭揃いⅢ,Elite Squad Ⅲ,en-US
최정예 팀 III,Elite Squad Ⅲ,en-US
頂級團隊 Ⅲ,Elite Squad Ⅲ,en-US
顶级团队 IV,Elite Squad Ⅳ,en-US
精鋭揃いⅣ,Elite Squad Ⅳ,en-US
최정예 팀 IV,Elite Squad Ⅳ,en-US
頂級團隊 Ⅳ,Elite Squad Ⅳ,en-US
顶级团队 V,Elite Squad Ⅴ,en-US
精鋭揃いⅤ,Elite Squad Ⅴ,en-US
최정예 팀 V,Elite Squad Ⅴ,en-US
頂級團隊 Ⅴ,Elite Squad Ⅴ,en-US
星光璀璨 V,Starlit Journey Ⅴ,en-US
星のキラメキⅤ,Starlit Journey Ⅴ,en-US
찬란한 별빛 V,Starlit Journey Ⅴ,en-US
星光璀璨 Ⅴ,Starlit Journey Ⅴ,en-US
顶级团队 VI,Elite Squad Ⅵ,en-US
精鋭揃いⅥ,Elite Squad Ⅵ,en-US
최정예 팀 VI,Elite Squad Ⅵ,en-US
頂級團隊 Ⅵ,Elite Squad Ⅵ,en-US
顶级团队 VII,Elite Squad Ⅶ,en-US
精鋭揃いⅦ,Elite Squad Ⅶ,en-US
최정예 팀 VII,Elite Squad Ⅶ,en-US
頂級團隊 Ⅶ,Elite Squad Ⅶ,en-US
顶级团队 VIII,Elite Squad Ⅷ,en-US
精鋭揃いⅧ,Elite Squad Ⅷ,en-US
최정예 팀 VIII,Elite Squad Ⅷ,en-US
頂級團隊 Ⅷ,Elite Squad Ⅷ,en-US
顶级团队 IX,Elite Squad Ⅸ,en-US
精鋭揃いⅨ,Elite Squad Ⅸ,en-US
최정예 팀 IX,Elite Squad Ⅸ,en-US
頂級團隊 Ⅸ,Elite Squad Ⅸ,en-US
水系专精 I,Aqua Power-up Ⅰ,en-US
水の専門家Ⅰ,Aqua Power-up Ⅰ,en-US
물 속성 전문가 I,Aqua Power-up Ⅰ,en-US
水系專精 I,Aqua Power-up Ⅰ,en-US
水系专精 II,Aqua Power-up Ⅱ,en-US
水の専門家Ⅱ,Aqua Power-up Ⅱ,en-US
물 속성 전문가 II,Aqua Power-up Ⅱ,en-US
水系專精 Ⅱ,Aqua Power-up Ⅱ,en-US
水系专精 III,Aqua Power-up Ⅲ,en-US
水の専門家Ⅲ,Aqua Power-up Ⅲ,en-US
물 속성 전문가 III,Aqua Power-up Ⅲ,en-US
水系專精 Ⅲ,Aqua Power-up Ⅲ,en-US
水系专精 IV,Aqua Power-up Ⅳ,en-US
水の専門家Ⅳ,Aqua Power-up Ⅳ,en-US
물 속성 전문가 IV,Aqua Power-up Ⅳ,en-US
水系專精 Ⅳ,Aqua Power-up Ⅳ,en-US
火系专精 I,Ignis Power-up Ⅰ,en-US
火の専門家Ⅰ,Ignis Power-up Ⅰ,en-US
불 속성 전문가 I,Ignis Power-up Ⅰ,en-US
火系專精 I,Ignis Power-up Ⅰ,en-US
火系专精 II,Ignis Power-up Ⅱ,en-US
火の専門家Ⅱ,Ignis Power-up Ⅱ,en-US
불 속성 전문가 II,Ignis Power-up Ⅱ,en-US
火系專精 Ⅱ,Ignis Power-up Ⅱ,en-US
别来无恙 I,Reunited at Last I,en-US
カンパニー拡大中Ⅰ,Reunited at Last I,en-US
오랜만의 인사 I,Reunited at Last I,en-US
別來無恙 I,Reunited at Last I,en-US
火系专精 III,Ignis Power-up Ⅲ,en-US
火の専門家Ⅲ,Ignis Power-up Ⅲ,en-US
불 속성 전문가 III,Ignis Power-up Ⅲ,en-US
火系專精 Ⅲ,Ignis Power-up Ⅲ,en-US
火系专精 IV,Ignis Power-up Ⅳ,en-US
火の専門家Ⅳ,Ignis Power-up Ⅳ,en-US
불 속성 전문가 IV,Ignis Power-up Ⅳ,en-US
火系專精 Ⅳ,Ignis Power-up Ⅳ,en-US
地系专精 I,Terra Power-up Ⅰ,en-US
地の専門家Ⅰ,Terra Power-up Ⅰ,en-US
땅 속성 전문가 I,Terra Power-up Ⅰ,en-US
地系專精 I,Terra Power-up Ⅰ,en-US
地系专精 II,Terra Power-up Ⅱ,en-US
地の専門家Ⅱ,Terra Power-up Ⅱ,en-US
땅 속성 전문가 II,Terra Power-up Ⅱ,en-US
地系專精 Ⅱ,Terra Power-up Ⅱ,en-US
地系专精 III,Terra Power-up Ⅲ,en-US
地の専門家Ⅲ,Terra Power-up Ⅲ,en-US
땅 속성 전문가 III,Terra Power-up Ⅲ,en-US
地系專精 Ⅲ,Terra Power-up Ⅲ,en-US
地系专精 IV,Terra Power-up Ⅳ,en-US
地の専門家Ⅳ,Terra Power-up Ⅳ,en-US
땅 속성 전문가 IV,Terra Power-up Ⅳ,en-US
地系專精 Ⅳ,Terra Power-up Ⅳ,en-US
风系专精 I,Ventus Power-up Ⅰ,en-US
風の専門家Ⅰ,Ventus Power-up Ⅰ,en-US
바람 속성 전문가 I,Ventus Power-up Ⅰ,en-US
風系專精 I,Ventus Power-up Ⅰ,en-US
风系专精 II,Ventus Power-up Ⅱ,en-US
風の専門家Ⅱ,Ventus Power-up Ⅱ,en-US
바람 속성 전문가 II,Ventus Power-up Ⅱ,en-US
風系專精 Ⅱ,Ventus Power-up Ⅱ,en-US
风系专精 III,Ventus Power-up Ⅲ,en-US
風の専門家Ⅲ,Ventus Power-up Ⅲ,en-US
바람 속성 전문가 III,Ventus Power-up Ⅲ,en-US
風系專精 Ⅲ,Ventus Power-up Ⅲ,en-US
风系专精 IV,Ventus Power-up Ⅳ,en-US
風の専門家Ⅳ,Ventus Power-up Ⅳ,en-US
바람 속성 전문가 IV,Ventus Power-up Ⅳ,en-US
風系專精 Ⅳ,Ventus Power-up Ⅳ,en-US
别来无恙 II,Reunited at Last Ⅱ,en-US
カンパニー拡大中Ⅱ,Reunited at Last Ⅱ,en-US
오랜만의 인사 II,Reunited at Last Ⅱ,en-US
別來無恙 Ⅱ,Reunited at Last Ⅱ,en-US
光系专精 I,Lux Power-up Ⅰ,en-US
光の専門家Ⅰ,Lux Power-up Ⅰ,en-US
빛 속성 전문가 I,Lux Power-up Ⅰ,en-US
光系專精 I,Lux Power-up Ⅰ,en-US
光系专精 II,Lux Power-up Ⅱ,en-US
光の専門家Ⅱ,Lux Power-up Ⅱ,en-US
빛 속성 전문가 II,Lux Power-up Ⅱ,en-US
光系專精 Ⅱ,Lux Power-up Ⅱ,en-US
光系专精 III,Lux Power-up Ⅲ,en-US
光の専門家Ⅲ,Lux Power-up Ⅲ,en-US
빛 속성 전문가 III,Lux Power-up Ⅲ,en-US
光系專精 Ⅲ,Lux Power-up Ⅲ,en-US
光系专精 IV,Lux Power-up Ⅳ,en-US
光の専門家Ⅳ,Lux Power-up Ⅳ,en-US
빛 속성 전문가 IV,Lux Power-up Ⅳ,en-US
光系專精 Ⅳ,Lux Power-up Ⅳ,en-US
暗系专精 I,Umbra Power-up Ⅰ,en-US
闇の専門家Ⅰ,Umbra Power-up Ⅰ,en-US
어둠 속성 전문가 I,Umbra Power-up Ⅰ,en-US
暗系專精 I,Umbra Power-up Ⅰ,en-US
暗系专精 II,Umbra Power-up Ⅱ,en-US
闇の専門家Ⅱ,Umbra Power-up Ⅱ,en-US
어둠 속성 전문가 II,Umbra Power-up Ⅱ,en-US
暗系專精 Ⅱ,Umbra Power-up Ⅱ,en-US
暗系专精 III,Umbra Power-up Ⅲ,en-US
闇の専門家Ⅲ,Umbra Power-up Ⅲ,en-US
어둠 속성 전문가 III,Umbra Power-up Ⅲ,en-US
暗系專精 Ⅲ,Umbra Power-up Ⅲ,en-US
暗系专精 IV,Umbra Power-up Ⅳ,en-US
闇の専門家Ⅳ,Umbra Power-up Ⅳ,en-US
어둠 속성 전문가 IV,Umbra Power-up Ⅳ,en-US
暗系專精 Ⅳ,Umbra Power-up Ⅳ,en-US
珍藏精选集 I,Treasured Collection Ⅰ,en-US
秘蔵コレクションⅠ,Treasured Collection Ⅰ,en-US
비장의 컬렉션 I,Treasured Collection Ⅰ,en-US
珍藏精選輯 I,Treasured Collection Ⅰ,en-US
珍藏精选集 II,Treasured Collection Ⅱ,en-US
秘蔵コレクションⅡ,Treasured Collection Ⅱ,en-US
비장의 컬렉션 II,Treasured Collection Ⅱ,en-US
珍藏精選輯 Ⅱ,Treasured Collection Ⅱ,en-US
别来无恙 III,Reunited at Last Ⅲ,en-US
カンパニー拡大中Ⅲ,Reunited at Last Ⅲ,en-US
오랜만의 인사 III,Reunited at Last Ⅲ,en-US
別來無恙 Ⅲ,Reunited at Last Ⅲ,en-US
珍藏精选集 III,Treasured Collection Ⅲ,en-US
秘蔵コレクションⅢ,Treasured Collection Ⅲ,en-US
비장의 컬렉션 III,Treasured Collection Ⅲ,en-US
珍藏精選輯 Ⅲ,Treasured Collection Ⅲ,en-US
珍藏精选集 IV,Treasured Collection Ⅳ,en-US
秘蔵コレクションⅣ,Treasured Collection Ⅳ,en-US
비장의 컬렉션 IV,Treasured Collection Ⅳ,en-US
珍藏精選輯 Ⅳ,Treasured Collection Ⅳ,en-US
珍藏精选集 V,Treasured Collection Ⅴ,en-US
秘蔵コレクションⅤ,Treasured Collection Ⅴ,en-US
비장의 컬렉션 V,Treasured Collection Ⅴ,en-US
珍藏精選輯 Ⅴ,Treasured Collection Ⅴ,en-US
珍藏精选集 VI,Treasured Collection Ⅵ,en-US
秘蔵コレクションⅥ,Treasured Collection Ⅵ,en-US
비장의 컬렉션 VI,Treasured Collection Ⅵ,en-US
珍藏精選輯 Ⅵ,Treasured Collection Ⅵ,en-US
珍藏精选集 VII,Treasured Collection Ⅶ,en-US
秘蔵コレクションⅦ,Treasured Collection Ⅶ,en-US
비장의 컬렉션 VII,Treasured Collection Ⅶ,en-US
珍藏精選輯 Ⅶ,Treasured Collection Ⅶ,en-US
珍藏精选集 VIII,Treasured Collection Ⅷ,en-US
秘蔵コレクションⅧ,Treasured Collection Ⅷ,en-US
비장의 컬렉션 VIII,Treasured Collection Ⅷ,en-US
珍藏精選輯 Ⅷ,Treasured Collection Ⅷ,en-US
珍藏精选集 IX,Treasured Collection Ⅸ,en-US
秘蔵コレクションⅨ,Treasured Collection Ⅸ,en-US
비장의 컬렉션 IX,Treasured Collection Ⅸ,en-US
珍藏精選輯 Ⅸ,Treasured Collection Ⅸ,en-US
旋律无处不在 I,Music in the Air Ⅰ,en-US
レコードコレクターⅠ,Music in the Air Ⅰ,en-US
멜로디는 어디에나 I,Music in the Air Ⅰ,en-US
旋律無處不在 I,Music in the Air Ⅰ,en-US
旋律无处不在 II,Music in the Air Ⅱ,en-US
レコードコレクターⅡ,Music in the Air Ⅱ,en-US
멜로디는 어디에나 II,Music in the Air Ⅱ,en-US
旋律無處不在 Ⅱ,Music in the Air Ⅱ,en-US
旋律无处不在 III,Music in the Air Ⅲ,en-US
レコードコレクターⅢ,Music in the Air Ⅲ,en-US
멜로디는 어디에나 III,Music in the Air Ⅲ,en-US
旋律無處不在 Ⅲ,Music in the Air Ⅲ,en-US
别来无恙 IV,Reunited at Last Ⅳ,en-US
カンパニー拡大中Ⅳ,Reunited at Last Ⅳ,en-US
오랜만의 인사 IV,Reunited at Last Ⅳ,en-US
別來無恙 Ⅳ,Reunited at Last Ⅳ,en-US
旋律无处不在 IV,Music in the Air Ⅳ,en-US
レコードコレクターⅣ,Music in the Air Ⅳ,en-US
멜로디는 어디에나 IV,Music in the Air Ⅳ,en-US
旋律無處不在 Ⅳ,Music in the Air Ⅳ,en-US
旋律无处不在 V,Music in the Air Ⅴ,en-US
レコードコレクターⅤ,Music in the Air Ⅴ,en-US
멜로디는 어디에나 V,Music in the Air Ⅴ,en-US
旋律無處不在 Ⅴ,Music in the Air Ⅴ,en-US
稀世珍宝 I,Precious Find Ⅰ,en-US
レコードマニアⅠ,Precious Find Ⅰ,en-US
진귀한 보물 I,Precious Find Ⅰ,en-US
稀世珍寶 I,Precious Find Ⅰ,en-US
稀世珍宝 II,Precious Find Ⅱ,en-US
レコードマニアⅡ,Precious Find Ⅱ,en-US
진귀한 보물 II,Precious Find Ⅱ,en-US
稀世珍寶 Ⅱ,Precious Find Ⅱ,en-US
稀世珍宝 III,Precious Find Ⅲ,en-US
レコードマニアⅢ,Precious Find Ⅲ,en-US
진귀한 보물 III,Precious Find Ⅲ,en-US
稀世珍寶 Ⅲ,Precious Find Ⅲ,en-US
稀世珍宝 IV,Precious Find Ⅳ,en-US
レコードマニアⅣ,Precious Find Ⅳ,en-US
진귀한 보물 IV,Precious Find Ⅳ,en-US
稀世珍寶 Ⅳ,Precious Find Ⅳ,en-US
稀世珍宝 V,Precious Find Ⅴ,en-US
レコードマニアⅤ,Precious Find Ⅴ,en-US
진귀한 보물 V,Precious Find Ⅴ,en-US
稀世珍寶 Ⅴ,Precious Find Ⅴ,en-US
稀世珍宝 VI,Precious Find Ⅵ,en-US
レコードマニアⅥ,Precious Find Ⅵ,en-US
진귀한 보물 VI,Precious Find Ⅵ,en-US
稀世珍寶 Ⅵ,Precious Find Ⅵ,en-US
广结良缘 I,Building Bonds Ⅰ,en-US
良縁成就Ⅰ,Building Bonds Ⅰ,en-US
인연 맺기 I,Building Bonds Ⅰ,en-US
廣結良緣 I,Building Bonds Ⅰ,en-US
广结良缘 II,Building Bonds Ⅱ,en-US
良縁成就Ⅱ,Building Bonds Ⅱ,en-US
인연 맺기 II,Building Bonds Ⅱ,en-US
廣結良緣 Ⅱ,Building Bonds Ⅱ,en-US
别来无恙 V,Reunited at Last Ⅴ,en-US
カンパニー拡大中Ⅴ,Reunited at Last Ⅴ,en-US
오랜만의 인사 V,Reunited at Last Ⅴ,en-US
別來無恙 Ⅴ,Reunited at Last Ⅴ,en-US
广结良缘 III,Building Bonds Ⅲ,en-US
良縁成就Ⅲ,Building Bonds Ⅲ,en-US
인연 맺기 III,Building Bonds Ⅲ,en-US
廣結良緣 Ⅲ,Building Bonds Ⅲ,en-US
广结良缘 IV,Building Bonds Ⅳ,en-US
良縁成就Ⅳ,Building Bonds Ⅳ,en-US
인연 맺기 IV,Building Bonds Ⅳ,en-US
廣結良緣 Ⅳ,Building Bonds Ⅳ,en-US
广结良缘 V,Building Bonds Ⅴ,en-US
良縁成就Ⅴ,Building Bonds Ⅴ,en-US
인연 맺기 V,Building Bonds Ⅴ,en-US
廣結良緣 Ⅴ,Building Bonds Ⅴ,en-US
银河战舰 I,Star Lineup Ⅰ,en-US
ドリームチームⅠ,Star Lineup Ⅰ,en-US
우주 방위대 I,Star Lineup Ⅰ,en-US
銀河戰艦 I,Star Lineup Ⅰ,en-US
银河战舰 II,Star Lineup Ⅱ,en-US
ドリームチームⅡ,Star Lineup Ⅱ,en-US
우주 방위대 II,Star Lineup Ⅱ,en-US
銀河戰艦 Ⅱ,Star Lineup Ⅱ,en-US
银河战舰 III,Star Lineup Ⅲ,en-US
ドリームチームⅢ,Star Lineup Ⅲ,en-US
우주 방위대 III,Star Lineup Ⅲ,en-US
銀河戰艦 Ⅲ,Star Lineup Ⅲ,en-US
银河战舰 IV,Star Lineup Ⅳ,en-US
ドリームチームⅣ,Star Lineup Ⅳ,en-US
우주 방위대 IV,Star Lineup Ⅳ,en-US
銀河戰艦 Ⅳ,Star Lineup Ⅳ,en-US
银河战舰 V,Star Lineup Ⅴ,en-US
ドリームチームⅤ,Star Lineup Ⅴ,en-US
우주 방위대 V,Star Lineup Ⅴ,en-US
銀河戰艦 Ⅴ,Star Lineup Ⅴ,en-US
银河战舰 VI,Star Lineup Ⅵ,en-US
ドリームチームⅥ,Star Lineup Ⅵ,en-US
우주 방위대 VI,Star Lineup Ⅵ,en-US
銀河戰艦 Ⅵ,Star Lineup Ⅵ,en-US
勤学多练 I,Diligent Training Ⅰ,en-US
努力あるのみⅠ,Diligent Training Ⅰ,en-US
절차탁마 I,Diligent Training Ⅰ,en-US
勤學不輟 I,Diligent Training Ⅰ,en-US
魔王之路 IV,Becoming a Real Boss Ⅳ,en-US
魔王の道Ⅳ,Becoming a Real Boss Ⅳ,en-US
마왕의 길 IV,Becoming a Real Boss Ⅳ,en-US
魔王之路 Ⅳ,Becoming a Real Boss Ⅳ,en-US
别来无恙 VI,Reunited at Last Ⅵ,en-US
カンパニー拡大中Ⅵ,Reunited at Last Ⅵ,en-US
오랜만의 인사 VI,Reunited at Last Ⅵ,en-US
別來無恙 Ⅵ,Reunited at Last Ⅵ,en-US
勤学多练 II,Diligent Training Ⅱ,en-US
努力あるのみⅡ,Diligent Training Ⅱ,en-US
절차탁마 II,Diligent Training Ⅱ,en-US
勤學不輟 Ⅱ,Diligent Training Ⅱ,en-US
勤学多练 III,Diligent Training Ⅲ,en-US
努力あるのみⅢ,Diligent Training Ⅲ,en-US
절차탁마 III,Diligent Training Ⅲ,en-US
勤學不輟 Ⅲ,Diligent Training Ⅲ,en-US
勤学多练 IV,Diligent Training Ⅳ,en-US
努力あるのみⅣ,Diligent Training Ⅳ,en-US
절차탁마 IV,Diligent Training Ⅳ,en-US
勤學不輟 Ⅳ,Diligent Training Ⅳ,en-US
勤学多练 V,Diligent Training Ⅴ,en-US
努力あるのみⅤ,Diligent Training Ⅴ,en-US
절차탁마 V,Diligent Training Ⅴ,en-US
勤學不輟 Ⅴ,Diligent Training Ⅴ,en-US
勤学多练 VI,Diligent Training Ⅵ,en-US
努力あるのみⅥ,Diligent Training Ⅵ,en-US
절차탁마 VI,Diligent Training Ⅵ,en-US
勤學不輟 Ⅵ,Diligent Training Ⅵ,en-US
点点心意 I,Tokens of Appreciation Ⅰ,en-US
ささやかな贈り物Ⅰ,Tokens of Appreciation Ⅰ,en-US
약소한 성의 I,Tokens of Appreciation Ⅰ,en-US
點點心意 I,Tokens of Appreciation Ⅰ,en-US
点点心意 II,Tokens of Appreciation Ⅱ,en-US
ささやかな贈り物Ⅱ,Tokens of Appreciation Ⅱ,en-US
약소한 성의 II,Tokens of Appreciation Ⅱ,en-US
點點心意 Ⅱ,Tokens of Appreciation Ⅱ,en-US
点点心意 III,Tokens of Appreciation Ⅲ,en-US
ささやかな贈り物Ⅲ,Tokens of Appreciation Ⅲ,en-US
약소한 성의 III,Tokens of Appreciation Ⅲ,en-US
點點心意 Ⅲ,Tokens of Appreciation Ⅲ,en-US
点点心意 IV,Tokens of Appreciation Ⅳ,en-US
ささやかな贈り物Ⅳ,Tokens of Appreciation Ⅳ,en-US
약소한 성의 IV,Tokens of Appreciation Ⅳ,en-US
點點心意 Ⅳ,Tokens of Appreciation Ⅳ,en-US
点点心意 V,Tokens of Appreciation Ⅴ,en-US
ささやかな贈り物Ⅴ,Tokens of Appreciation Ⅴ,en-US
약소한 성의 V,Tokens of Appreciation Ⅴ,en-US
點點心意 Ⅴ,Tokens of Appreciation Ⅴ,en-US
别来无恙 VII,Reunited at Last Ⅶ,en-US
カンパニー拡大中Ⅶ,Reunited at Last Ⅶ,en-US
오랜만의 인사 VII,Reunited at Last Ⅶ,en-US
別來無恙 Ⅶ,Reunited at Last Ⅶ,en-US
点点心意 VI,Tokens of Appreciation Ⅵ,en-US
ささやかな贈り物Ⅵ,Tokens of Appreciation Ⅵ,en-US
약소한 성의 VI,Tokens of Appreciation Ⅵ,en-US
點點心意 Ⅵ,Tokens of Appreciation Ⅵ,en-US
点点心意 VII,Tokens of Appreciation Ⅶ,en-US
ささやかな贈り物Ⅶ,Tokens of Appreciation Ⅶ,en-US
약소한 성의 VII,Tokens of Appreciation Ⅶ,en-US
點點心意 Ⅶ,Tokens of Appreciation Ⅶ,en-US
片片柔情 I,Tender Moments Ⅰ,en-US
優しさの欠片Ⅰ,Tender Moments Ⅰ,en-US
애틋함의 파편 I,Tender Moments Ⅰ,en-US
片片柔情 II,Tender Moments Ⅱ,en-US
優しさの欠片Ⅱ,Tender Moments Ⅱ,en-US
애틋함의 파편 II,Tender Moments Ⅱ,en-US
片片柔情 Ⅱ,Tender Moments Ⅱ,en-US
片片柔情 III,Tender Moments Ⅲ,en-US
優しさの欠片Ⅲ,Tender Moments Ⅲ,en-US
애틋함의 파편 III,Tender Moments Ⅲ,en-US
片片柔情 Ⅲ,Tender Moments Ⅲ,en-US
片片柔情 IV,Tender Moments Ⅳ,en-US
優しさの欠片Ⅳ,Tender Moments Ⅳ,en-US
애틋함의 파편 IV,Tender Moments Ⅳ,en-US
片片柔情 Ⅳ,Tender Moments Ⅳ,en-US
片片柔情 V,Tender Moments Ⅴ,en-US
優しさの欠片Ⅴ,Tender Moments Ⅴ,en-US
애틋함의 파편 V,Tender Moments Ⅴ,en-US
片片柔情 Ⅴ,Tender Moments Ⅴ,en-US
窃窃私语 I,Private Message Ⅰ,en-US
ナイショ話Ⅰ,Private Message Ⅰ,en-US
소곤소곤 I,Private Message Ⅰ,en-US
竊竊私語 I,Private Message Ⅰ,en-US
窃窃私语 II,Private Message Ⅱ,en-US
ナイショ話Ⅱ,Private Message Ⅱ,en-US
소곤소곤 II,Private Message Ⅱ,en-US
竊竊私語 Ⅱ,Private Message Ⅱ,en-US
窃窃私语 III,Private Message Ⅲ,en-US
ナイショ話Ⅲ,Private Message Ⅲ,en-US
소곤소곤 III,Private Message Ⅲ,en-US
竊竊私語 Ⅲ,Private Message Ⅲ,en-US
魔王直聘 I,Boss Hire Ⅰ,en-US
積極採用Ⅰ,Boss Hire Ⅰ,en-US
마왕의 스카우트 I,Boss Hire Ⅰ,en-US
窃窃私语 IV,Private Message Ⅳ,en-US
ナイショ話Ⅳ,Private Message Ⅳ,en-US
소곤소곤 IV,Private Message Ⅳ,en-US
竊竊私語 Ⅳ,Private Message Ⅳ,en-US
窃窃私语 V,Private Message Ⅴ,en-US
ナイショ話Ⅴ,Private Message Ⅴ,en-US
소곤소곤 V,Private Message Ⅴ,en-US
竊竊私語 Ⅴ,Private Message Ⅴ,en-US
川流不息 I,Endless Flow Ⅰ,en-US
絶え間なき奔流Ⅰ,Endless Flow Ⅰ,en-US
끝없는 물결 I,Endless Flow Ⅰ,en-US
川流不息I,Endless Flow Ⅰ,en-US
川流不息 II,Endless Flow Ⅱ,en-US
絶え間なき奔流Ⅱ,Endless Flow Ⅱ,en-US
끝없는 물결 II,Endless Flow Ⅱ,en-US
川流不息II,Endless Flow Ⅱ,en-US
川流不息 III,Endless Flow Ⅲ,en-US
絶え間なき奔流Ⅲ,Endless Flow Ⅲ,en-US
끝없는 물결 III,Endless Flow Ⅲ,en-US
川流不息III,Endless Flow Ⅲ,en-US
川流不息 IV,Endless Flow Ⅳ,en-US
絶え間なき奔流Ⅳ,Endless Flow Ⅳ,en-US
끝없는 물결 IV,Endless Flow Ⅳ,en-US
川流不息IV,Endless Flow Ⅳ,en-US
川流不息 V,Endless Flow Ⅴ,en-US
絶え間なき奔流Ⅴ,Endless Flow Ⅴ,en-US
끝없는 물결 V,Endless Flow Ⅴ,en-US
川流不息V,Endless Flow Ⅴ,en-US
川流不息 VI,Endless Flow Ⅵ,en-US
絶え間なき奔流Ⅵ,Endless Flow Ⅵ,en-US
끝없는 물결 VI,Endless Flow Ⅵ,en-US
川流不息VI,Endless Flow Ⅵ,en-US
超燃烈火 I,Hyperflame Ⅰ,en-US
燃え上がる烈火Ⅰ,Hyperflame Ⅰ,en-US
타오르는 열화 I,Hyperflame Ⅰ,en-US
超燃烈火I,Hyperflame Ⅰ,en-US
超燃烈火 II,Hyperflame Ⅱ,en-US
燃え上がる烈火Ⅱ,Hyperflame Ⅱ,en-US
타오르는 열화 II,Hyperflame Ⅱ,en-US
超燃烈火II,Hyperflame Ⅱ,en-US
魔王直聘 II,Boss Hire Ⅱ,en-US
積極採用Ⅱ,Boss Hire Ⅱ,en-US
마왕의 스카우트 II,Boss Hire Ⅱ,en-US
魔王直聘 Ⅱ,Boss Hire Ⅱ,en-US
超燃烈火 III,Hyperflame Ⅲ,en-US
燃え上がる烈火Ⅲ,Hyperflame Ⅲ,en-US
타오르는 열화 III,Hyperflame Ⅲ,en-US
超燃烈火III,Hyperflame Ⅲ,en-US
超燃烈火 IV,Hyperflame Ⅳ,en-US
燃え上がる烈火Ⅳ,Hyperflame Ⅳ,en-US
타오르는 열화 IV,Hyperflame Ⅳ,en-US
超燃烈火IV,Hyperflame Ⅳ,en-US
超燃烈火 V,Hyperflame Ⅴ,en-US
燃え上がる烈火Ⅴ,Hyperflame Ⅴ,en-US
타오르는 열화 V,Hyperflame Ⅴ,en-US
超燃烈火V,Hyperflame Ⅴ,en-US
超燃烈火 VI,Hyperflame Ⅵ,en-US
燃え上がる烈火Ⅵ,Hyperflame Ⅵ,en-US
타오르는 열화 VI,Hyperflame Ⅵ,en-US
超燃烈火VI,Hyperflame Ⅵ,en-US
地动山摇 I,Earthquake Ⅰ,en-US
鳴動する大地Ⅰ,Earthquake Ⅰ,en-US
땅의 울림 I,Earthquake Ⅰ,en-US
地動山搖 I,Earthquake Ⅰ,en-US
地动山摇 II,Earthquake Ⅱ,en-US
鳴動する大地Ⅱ,Earthquake Ⅱ,en-US
땅의 울림 II,Earthquake Ⅱ,en-US
地動山搖 Ⅱ,Earthquake Ⅱ,en-US
地动山摇 III,Earthquake Ⅲ,en-US
鳴動する大地Ⅲ,Earthquake Ⅲ,en-US
땅의 울림 III,Earthquake Ⅲ,en-US
地動山搖 Ⅲ,Earthquake Ⅲ,en-US
地动山摇 IV,Earthquake Ⅳ,en-US
鳴動する大地Ⅳ,Earthquake Ⅳ,en-US
땅의 울림 IV,Earthquake Ⅳ,en-US
地動山搖 Ⅳ,Earthquake Ⅳ,en-US
地动山摇 V,Earthquake Ⅴ,en-US
鳴動する大地Ⅴ,Earthquake Ⅴ,en-US
땅의 울림 V,Earthquake Ⅴ,en-US
地動山搖 Ⅴ,Earthquake Ⅴ,en-US
地动山摇 VI,Earthquake Ⅵ,en-US
鳴動する大地Ⅵ,Earthquake Ⅵ,en-US
땅의 울림 VI,Earthquake Ⅵ,en-US
地動山搖 Ⅵ,Earthquake Ⅵ,en-US
魔王直聘 III,Boss Hire Ⅲ,en-US
積極採用Ⅲ,Boss Hire Ⅲ,en-US
마왕의 스카우트 III,Boss Hire Ⅲ,en-US
魔王直聘 Ⅲ,Boss Hire Ⅲ,en-US
风旋气流 I,Cyclonic Dance Ⅰ,en-US
うずまく風Ⅰ,Cyclonic Dance Ⅰ,en-US
바람의 기류 I,Cyclonic Dance Ⅰ,en-US
風旋氣流I,Cyclonic Dance Ⅰ,en-US
风旋气流 II,Cyclonic Dance Ⅱ,en-US
うずまく風Ⅱ,Cyclonic Dance Ⅱ,en-US
바람의 기류 II,Cyclonic Dance Ⅱ,en-US
風旋氣流II,Cyclonic Dance Ⅱ,en-US
风旋气流 III,Cyclonic Dance Ⅲ,en-US
うずまく風Ⅲ,Cyclonic Dance Ⅲ,en-US
바람의 기류 III,Cyclonic Dance Ⅲ,en-US
風旋氣流III,Cyclonic Dance Ⅲ,en-US
风旋气流 IV,Cyclonic Dance Ⅳ,en-US
うずまく風Ⅳ,Cyclonic Dance Ⅳ,en-US
바람의 기류 IV,Cyclonic Dance Ⅳ,en-US
風旋氣流IV,Cyclonic Dance Ⅳ,en-US
风旋气流 V,Cyclonic Dance Ⅴ,en-US
うずまく風Ⅴ,Cyclonic Dance Ⅴ,en-US
바람의 기류 V,Cyclonic Dance Ⅴ,en-US
風旋氣流V,Cyclonic Dance Ⅴ,en-US
风旋气流 VI,Cyclonic Dance Ⅵ,en-US
うずまく風Ⅵ,Cyclonic Dance Ⅵ,en-US
바람의 기류 VI,Cyclonic Dance Ⅵ,en-US
風旋氣流VI,Cyclonic Dance Ⅵ,en-US
光芒万丈 I,Luminous Surge Ⅰ,en-US
まばゆい光Ⅰ,Luminous Surge Ⅰ,en-US
눈부신 빛 I,Luminous Surge Ⅰ,en-US
光芒萬丈I,Luminous Surge Ⅰ,en-US
光芒万丈 II,Luminous Surge Ⅱ,en-US
まばゆい光Ⅱ,Luminous Surge Ⅱ,en-US
눈부신 빛 II,Luminous Surge Ⅱ,en-US
光芒萬丈II,Luminous Surge Ⅱ,en-US
光芒万丈 III,Luminous Surge Ⅲ,en-US
まばゆい光Ⅲ,Luminous Surge Ⅲ,en-US
눈부신 빛 III,Luminous Surge Ⅲ,en-US
光芒萬丈III,Luminous Surge Ⅲ,en-US
光芒万丈 IV,Luminous Surge Ⅳ,en-US
まばゆい光Ⅳ,Luminous Surge Ⅳ,en-US
눈부신 빛 IV,Luminous Surge Ⅳ,en-US
光芒萬丈IV,Luminous Surge Ⅳ,en-US
魔王直聘 IV,Boss Hire Ⅳ,en-US
積極採用Ⅳ,Boss Hire Ⅳ,en-US
마왕의 스카우트 IV,Boss Hire Ⅳ,en-US
魔王直聘 Ⅳ,Boss Hire Ⅳ,en-US
光芒万丈 V,Luminous Surge Ⅴ,en-US
まばゆい光Ⅴ,Luminous Surge Ⅴ,en-US
눈부신 빛 V,Luminous Surge Ⅴ,en-US
光芒萬丈V,Luminous Surge Ⅴ,en-US
光芒万丈 VI,Luminous Surge Ⅵ,en-US
まばゆい光Ⅵ,Luminous Surge Ⅵ,en-US
눈부신 빛 VI,Luminous Surge Ⅵ,en-US
光芒萬丈VI,Luminous Surge Ⅵ,en-US
长夜幽冥 I,Nether Depths Ⅰ,en-US
深き闇夜Ⅰ,Nether Depths Ⅰ,en-US
긴 밤의 어둠 I,Nether Depths Ⅰ,en-US
長夜幽冥I,Nether Depths Ⅰ,en-US
长夜幽冥 II,Nether Depths Ⅱ,en-US
深き闇夜Ⅱ,Nether Depths Ⅱ,en-US
긴 밤의 어둠 II,Nether Depths Ⅱ,en-US
長夜幽冥II,Nether Depths Ⅱ,en-US
长夜幽冥 III,Nether Depths Ⅲ,en-US
深き闇夜Ⅲ,Nether Depths Ⅲ,en-US
긴 밤의 어둠 III,Nether Depths Ⅲ,en-US
長夜幽冥III,Nether Depths Ⅲ,en-US
长夜幽冥 IV,Nether Depths Ⅳ,en-US
深き闇夜Ⅳ,Nether Depths Ⅳ,en-US
긴 밤의 어둠 IV,Nether Depths Ⅳ,en-US
長夜幽冥IV,Nether Depths Ⅳ,en-US
长夜幽冥 V,Nether Depths Ⅴ,en-US
深き闇夜Ⅴ,Nether Depths Ⅴ,en-US
긴 밤의 어둠 V,Nether Depths Ⅴ,en-US
長夜幽冥V,Nether Depths Ⅴ,en-US
长夜幽冥 VI,Nether Depths Ⅵ,en-US
深き闇夜Ⅵ,Nether Depths Ⅵ,en-US
긴 밤의 어둠 VI,Nether Depths Ⅵ,en-US
長夜幽冥VI,Nether Depths Ⅵ,en-US
终极奥义 I,Ultimate Arcanum Ⅰ,en-US
究極奥義Ⅰ,Ultimate Arcanum Ⅰ,en-US
궁극의 오의 I,Ultimate Arcanum Ⅰ,en-US
終極奧義I,Ultimate Arcanum Ⅰ,en-US
终极奥义 II,Ultimate Arcanum Ⅱ,en-US
究極奥義Ⅱ,Ultimate Arcanum Ⅱ,en-US
궁극의 오의 II,Ultimate Arcanum Ⅱ,en-US
終極奧義II,Ultimate Arcanum Ⅱ,en-US
魔王直聘 V,Boss Hire Ⅴ,en-US
積極採用Ⅴ,Boss Hire Ⅴ,en-US
마왕의 스카우트 V,Boss Hire Ⅴ,en-US
魔王直聘 Ⅴ,Boss Hire Ⅴ,en-US
终极奥义 III,Ultimate Arcanum Ⅲ,en-US
究極奥義Ⅲ,Ultimate Arcanum Ⅲ,en-US
궁극의 오의 III,Ultimate Arcanum Ⅲ,en-US
終極奧義III,Ultimate Arcanum Ⅲ,en-US
终极奥义 IV,Ultimate Arcanum Ⅳ,en-US
究極奥義Ⅳ,Ultimate Arcanum Ⅳ,en-US
궁극의 오의 IV,Ultimate Arcanum Ⅳ,en-US
終極奧義IV,Ultimate Arcanum Ⅳ,en-US
终极奥义 V,Ultimate Arcanum Ⅴ,en-US
究極奥義Ⅴ,Ultimate Arcanum Ⅴ,en-US
궁극의 오의 V,Ultimate Arcanum Ⅴ,en-US
終極奧義V,Ultimate Arcanum Ⅴ,en-US
终极奥义 VI,Ultimate Arcanum Ⅵ,en-US
究極奥義Ⅵ,Ultimate Arcanum Ⅵ,en-US
궁극의 오의 VI,Ultimate Arcanum Ⅵ,en-US
終極奧義VI,Ultimate Arcanum Ⅵ,en-US
终极奥义 VII,Ultimate Arcanum Ⅶ,en-US
究極奥義Ⅶ,Ultimate Arcanum Ⅶ,en-US
궁극의 오의 VII,Ultimate Arcanum Ⅶ,en-US
終極奧義VII,Ultimate Arcanum Ⅶ,en-US
拿手招式 I,Signature Move Ⅰ,en-US
専売特許Ⅰ,Signature Move Ⅰ,en-US
뛰어난 초식 I,Signature Move Ⅰ,en-US
拿手招式I,Signature Move Ⅰ,en-US
拿手招式 II,Signature Move Ⅱ,en-US
専売特許Ⅱ,Signature Move Ⅱ,en-US
뛰어난 초식 II,Signature Move Ⅱ,en-US
拿手招式II,Signature Move Ⅱ,en-US
拿手招式 III,Signature Move Ⅲ,en-US
専売特許Ⅲ,Signature Move Ⅲ,en-US
뛰어난 초식 III,Signature Move Ⅲ,en-US
拿手招式III,Signature Move Ⅲ,en-US
拿手招式 IV,Signature Move Ⅳ,en-US
専売特許Ⅳ,Signature Move Ⅳ,en-US
뛰어난 초식 IV,Signature Move Ⅳ,en-US
拿手招式IV,Signature Move Ⅳ,en-US
拿手招式 V,Signature Move Ⅴ,en-US
専売特許Ⅴ,Signature Move Ⅴ,en-US
뛰어난 초식 V,Signature Move Ⅴ,en-US
拿手招式V,Signature Move Ⅴ,en-US
魔王直聘 VI,Boss Hire Ⅵ,en-US
積極採用Ⅵ,Boss Hire Ⅵ,en-US
마왕의 스카우트 VI,Boss Hire Ⅵ,en-US
魔王直聘 Ⅵ,Boss Hire Ⅵ,en-US
拿手招式 VI,Signature Move Ⅵ,en-US
専売特許Ⅵ,Signature Move Ⅵ,en-US
뛰어난 초식 VI,Signature Move Ⅵ,en-US
拿手招式VI,Signature Move Ⅵ,en-US
拿手招式 VII,Signature Move Ⅶ,en-US
専売特許Ⅶ,Signature Move Ⅶ,en-US
뛰어난 초식 VII,Signature Move Ⅶ,en-US
拿手招式VII,Signature Move Ⅶ,en-US
可靠支援 I,Unfailing Ally Ⅰ,en-US
頼もしき支援Ⅰ,Unfailing Ally Ⅰ,en-US
든든한 서포터 I,Unfailing Ally Ⅰ,en-US
可靠支援I,Unfailing Ally Ⅰ,en-US
可靠支援 II,Unfailing Ally Ⅱ,en-US
頼もしき支援Ⅱ,Unfailing Ally Ⅱ,en-US
든든한 서포터 II,Unfailing Ally Ⅱ,en-US
可靠支援II,Unfailing Ally Ⅱ,en-US
可靠支援 III,Unfailing Ally Ⅲ,en-US
頼もしき支援Ⅲ,Unfailing Ally Ⅲ,en-US
든든한 서포터 III,Unfailing Ally Ⅲ,en-US
可靠支援III,Unfailing Ally Ⅲ,en-US
可靠支援 IV,Unfailing Ally Ⅳ,en-US
頼もしき支援Ⅳ,Unfailing Ally Ⅳ,en-US
든든한 서포터 IV,Unfailing Ally Ⅳ,en-US
可靠支援IV,Unfailing Ally Ⅳ,en-US
可靠支援 V,Unfailing Ally Ⅴ,en-US
頼もしき支援Ⅴ,Unfailing Ally Ⅴ,en-US
든든한 서포터 V,Unfailing Ally Ⅴ,en-US
可靠支援V,Unfailing Ally Ⅴ,en-US
可靠支援 VI,Unfailing Ally Ⅵ,en-US
頼もしき支援Ⅵ,Unfailing Ally Ⅵ,en-US
든든한 서포터 VI,Unfailing Ally Ⅵ,en-US
可靠支援VI,Unfailing Ally Ⅵ,en-US
可靠支援 VII,Unfailing Ally Ⅶ,en-US
頼もしき支援Ⅶ,Unfailing Ally Ⅶ,en-US
든든한 서포터 VII,Unfailing Ally Ⅶ,en-US
可靠支援VII,Unfailing Ally Ⅶ,en-US
致命一击 I,Fatal Blow Ⅰ,en-US
至高の一撃Ⅰ,Fatal Blow Ⅰ,en-US
치명적인 일격 I,Fatal Blow Ⅰ,en-US
致命一擊I,Fatal Blow Ⅰ,en-US
开业大吉 I,Good Business Ⅰ,en-US
千里の道も一歩からⅠ,Good Business Ⅰ,en-US
개업 축하 I,Good Business Ⅰ,en-US
開業大吉 I,Good Business Ⅰ,en-US
致命一击 II,Fatal Blow Ⅱ,en-US
至高の一撃Ⅱ,Fatal Blow Ⅱ,en-US
치명적인 일격 II,Fatal Blow Ⅱ,en-US
致命一擊II,Fatal Blow Ⅱ,en-US
致命一击 III,Fatal Blow Ⅲ,en-US
至高の一撃Ⅲ,Fatal Blow Ⅲ,en-US
치명적인 일격 III,Fatal Blow Ⅲ,en-US
致命一擊III,Fatal Blow Ⅲ,en-US
有惊无险 I,Close Call Ⅰ,en-US
危機一髪Ⅰ,Close Call Ⅰ,en-US
아슬아슬 I,Close Call Ⅰ,en-US
有驚無險I,Close Call Ⅰ,en-US
有惊无险 II,Close Call Ⅱ,en-US
危機一髪Ⅱ,Close Call Ⅱ,en-US
아슬아슬 II,Close Call Ⅱ,en-US
有驚無險II,Close Call Ⅱ,en-US
灾变防卫者 I,Catastrophe Survivor Ⅰ,en-US
厄災の守護者Ⅰ,Catastrophe Survivor Ⅰ,en-US
재앙 방어자 I,Catastrophe Survivor Ⅰ,en-US
災變防衛者 I,Catastrophe Survivor Ⅰ,en-US
灾变防卫者 II,Catastrophe Survivor Ⅱ,en-US
厄災の守護者Ⅱ,Catastrophe Survivor Ⅱ,en-US
재앙 방어자 II,Catastrophe Survivor Ⅱ,en-US
災變防衛者 Ⅱ,Catastrophe Survivor Ⅱ,en-US
灾变防卫者 III,Catastrophe Survivor Ⅲ,en-US
厄災の守護者Ⅲ,Catastrophe Survivor Ⅲ,en-US
재앙 방어자 III,Catastrophe Survivor Ⅲ,en-US
災變防衛者 Ⅲ,Catastrophe Survivor Ⅲ,en-US
灾变防卫者 IV,Catastrophe Survivor Ⅳ,en-US
厄災の守護者Ⅳ,Catastrophe Survivor Ⅳ,en-US
재앙 방어자 IV,Catastrophe Survivor Ⅳ,en-US
災變防衛者 Ⅳ,Catastrophe Survivor Ⅳ,en-US
灾变防卫者 V,Catastrophe Survivor Ⅴ,en-US
厄災の守護者Ⅴ,Catastrophe Survivor Ⅴ,en-US
재앙 방어자 V,Catastrophe Survivor Ⅴ,en-US
災變防衛者 Ⅴ,Catastrophe Survivor Ⅴ,en-US
灾变防卫者 VI,Catastrophe Survivor Ⅵ,en-US
厄災の守護者Ⅵ,Catastrophe Survivor Ⅵ,en-US
재앙 방어자 VI,Catastrophe Survivor Ⅵ,en-US
災變防衛者 Ⅵ,Catastrophe Survivor Ⅵ,en-US
开业大吉 II,Good Business Ⅱ,en-US
千里の道も一歩からⅡ,Good Business Ⅱ,en-US
개업 축하 II,Good Business Ⅱ,en-US
開業大吉 Ⅱ,Good Business Ⅱ,en-US
灾变防卫者 VII,Catastrophe Survivor Ⅶ,en-US
厄災の守護者Ⅶ,Catastrophe Survivor Ⅶ,en-US
재앙 방어자 VII,Catastrophe Survivor Ⅶ,en-US
災變防衛者 Ⅶ,Catastrophe Survivor Ⅶ,en-US
热心旅人 I,Helpful Trekker Ⅰ,en-US
頼れる助っ人Ⅰ,Helpful Trekker Ⅰ,en-US
친절한 여행가 I,Helpful Trekker Ⅰ,en-US
熱心旅人 I,Helpful Trekker Ⅰ,en-US
热心旅人 II,Helpful Trekker Ⅱ,en-US
頼れる助っ人Ⅱ,Helpful Trekker Ⅱ,en-US
친절한 여행가 II,Helpful Trekker Ⅱ,en-US
熱心旅人 Ⅱ,Helpful Trekker Ⅱ,en-US
热心旅人 III,Helpful Trekker Ⅲ,en-US
頼れる助っ人Ⅲ,Helpful Trekker Ⅲ,en-US
친절한 여행가 III,Helpful Trekker Ⅲ,en-US
熱心旅人 Ⅲ,Helpful Trekker Ⅲ,en-US
热心旅人 IV,Helpful Trekker Ⅳ,en-US
頼れる助っ人Ⅳ,Helpful Trekker Ⅳ,en-US
친절한 여행가 IV,Helpful Trekker Ⅳ,en-US
熱心旅人 Ⅳ,Helpful Trekker Ⅳ,en-US
热心旅人 V,Helpful Trekker Ⅴ,en-US
頼れる助っ人Ⅴ,Helpful Trekker Ⅴ,en-US
친절한 여행가 V,Helpful Trekker Ⅴ,en-US
熱心旅人 Ⅴ,Helpful Trekker Ⅴ,en-US
热心旅人 VI,Helpful Trekker Ⅵ,en-US
頼れる助っ人Ⅵ,Helpful Trekker Ⅵ,en-US
친절한 여행가 VI,Helpful Trekker Ⅵ,en-US
熱心旅人 Ⅵ,Helpful Trekker Ⅵ,en-US
热心旅人 VII,Helpful Trekker Ⅶ,en-US
頼れる助っ人Ⅶ,Helpful Trekker Ⅶ,en-US
친절한 여행가 VII,Helpful Trekker Ⅶ,en-US
熱心旅人 Ⅶ,Helpful Trekker Ⅶ,en-US
初试星塔探索,First Ascension,en-US
駆け出し巡遊者,First Ascension,en-US
별의 탑 첫 탐색,First Ascension,en-US
初試星塔探索,First Ascension,en-US
不适合魔王的职业,A Job Not Suited for the Tyrant,en-US
ユメカウツツカ,A Job Not Suited for the Tyrant,en-US
마왕답지 않은 직업,A Job Not Suited for the Tyrant,en-US
不適合魔王的職業,A Job Not Suited for the Tyrant,en-US
魔王之路 V,Becoming a Real Boss Ⅴ,en-US
魔王の道Ⅴ,Becoming a Real Boss Ⅴ,en-US
마왕의 길 V,Becoming a Real Boss Ⅴ,en-US
魔王之路 Ⅴ,Becoming a Real Boss Ⅴ,en-US
开业大吉 III,Good Business Ⅲ,en-US
千里の道も一歩からⅢ,Good Business Ⅲ,en-US
개업 축하 III,Good Business Ⅲ,en-US
開業大吉 Ⅲ,Good Business Ⅲ,en-US
“铁饭碗”,Job Secured,en-US
安定雇用,Job Secured,en-US
‘철밥통’,Job Secured,en-US
「鐵飯碗」,Job Secured,en-US
途中巧遇 I,Unexpected Encounter Ⅰ,en-US
偶然のめぐりあわせⅠ,Unexpected Encounter Ⅰ,en-US
우연한 만남 I,Unexpected Encounter Ⅰ,en-US
途中巧遇 II,Unexpected Encounter Ⅱ,en-US
偶然のめぐりあわせⅡ,Unexpected Encounter Ⅱ,en-US
우연한 만남 II,Unexpected Encounter Ⅱ,en-US
途中巧遇 Ⅱ,Unexpected Encounter Ⅱ,en-US
途中巧遇 III,Unexpected Encounter Ⅲ,en-US
偶然のめぐりあわせⅢ,Unexpected Encounter Ⅲ,en-US
우연한 만남 III,Unexpected Encounter Ⅲ,en-US
途中巧遇 Ⅲ,Unexpected Encounter Ⅲ,en-US
途中巧遇 IV,Unexpected Encounter Ⅳ,en-US
偶然のめぐりあわせⅣ,Unexpected Encounter Ⅳ,en-US
우연한 만남 IV,Unexpected Encounter Ⅳ,en-US
途中巧遇 Ⅳ,Unexpected Encounter Ⅳ,en-US
途中巧遇 V,Unexpected Encounter Ⅴ,en-US
偶然のめぐりあわせⅤ,Unexpected Encounter Ⅴ,en-US
우연한 만남 V,Unexpected Encounter Ⅴ,en-US
途中巧遇 Ⅴ,Unexpected Encounter Ⅴ,en-US
途中巧遇 VI,Unexpected Encounter Ⅵ,en-US
偶然のめぐりあわせⅥ,Unexpected Encounter Ⅵ,en-US
우연한 만남 VI,Unexpected Encounter Ⅵ,en-US
途中巧遇 Ⅵ,Unexpected Encounter Ⅵ,en-US
途中巧遇 VII,Unexpected Encounter Ⅶ,en-US
偶然のめぐりあわせⅦ,Unexpected Encounter Ⅶ,en-US
우연한 만남 VII,Unexpected Encounter Ⅶ,en-US
途中巧遇 Ⅶ,Unexpected Encounter Ⅶ,en-US
途中巧遇 VIII,Unexpected Encounter Ⅷ,en-US
偶然のめぐりあわせⅧ,Unexpected Encounter Ⅷ,en-US
우연한 만남 VIII,Unexpected Encounter Ⅷ,en-US
途中巧遇 Ⅷ,Unexpected Encounter Ⅷ,en-US
途中巧遇 IX,Unexpected Encounter Ⅸ,en-US
偶然のめぐりあわせⅨ,Unexpected Encounter Ⅸ,en-US
우연한 만남 IX,Unexpected Encounter Ⅸ,en-US
途中巧遇 Ⅸ,Unexpected Encounter Ⅸ,en-US
开业大吉 IV,Good Business Ⅳ,en-US
千里の道も一歩からⅣ,Good Business Ⅳ,en-US
개업 축하 IV,Good Business Ⅳ,en-US
開業大吉 Ⅳ,Good Business Ⅳ,en-US
潜能掌握 I,Potential Mastery Ⅰ,en-US
秘めた力Ⅰ,Potential Mastery Ⅰ,en-US
잠재력 장악 I,Potential Mastery Ⅰ,en-US
潛能掌握 I,Potential Mastery Ⅰ,en-US
潜能掌握 II,Potential Mastery Ⅱ,en-US
秘めた力Ⅱ,Potential Mastery Ⅱ,en-US
잠재력 장악 II,Potential Mastery Ⅱ,en-US
潛能掌握 Ⅱ,Potential Mastery Ⅱ,en-US
潜能掌握 III,Potential Mastery Ⅲ,en-US
秘めた力Ⅲ,Potential Mastery Ⅲ,en-US
잠재력 장악 III,Potential Mastery Ⅲ,en-US
潛能掌握 Ⅲ,Potential Mastery Ⅲ,en-US
潜能掌握 IV,Potential Mastery Ⅳ,en-US
秘めた力Ⅳ,Potential Mastery Ⅳ,en-US
잠재력 장악 IV,Potential Mastery Ⅳ,en-US
潛能掌握 Ⅳ,Potential Mastery Ⅳ,en-US
潜能掌握 V,Potential Mastery Ⅴ,en-US
秘めた力Ⅴ,Potential Mastery Ⅴ,en-US
잠재력 장악 V,Potential Mastery Ⅴ,en-US
潛能掌握 Ⅴ,Potential Mastery Ⅴ,en-US
潜能掌握 VI,Potential Mastery Ⅵ,en-US
秘めた力Ⅵ,Potential Mastery Ⅵ,en-US
잠재력 장악 VI,Potential Mastery Ⅵ,en-US
潛能掌握 Ⅵ,Potential Mastery Ⅵ,en-US
潜能掌握 VII,Potential Mastery Ⅶ,en-US
秘めた力Ⅶ,Potential Mastery Ⅶ,en-US
잠재력 장악 VII,Potential Mastery Ⅶ,en-US
潛能掌握 Ⅶ,Potential Mastery Ⅶ,en-US
潜能掌握 VIII,Potential Mastery Ⅷ,en-US
秘めた力Ⅷ,Potential Mastery Ⅷ,en-US
잠재력 장악 VIII,Potential Mastery Ⅷ,en-US
潛能掌握 Ⅷ,Potential Mastery Ⅷ,en-US
潜能掌握 IX,Potential Mastery Ⅸ,en-US
秘めた力Ⅸ,Potential Mastery Ⅸ,en-US
잠재력 장악 IX,Potential Mastery Ⅸ,en-US
潛能掌握 Ⅸ,Potential Mastery Ⅸ,en-US
潜能激发 I,Potential Activation Ⅰ,en-US
素質解放Ⅰ,Potential Activation Ⅰ,en-US
잠재력 폭발 I,Potential Activation Ⅰ,en-US
潛能激發 I,Potential Activation Ⅰ,en-US
开业大吉 V,Good Business Ⅴ,en-US
千里の道も一歩からⅤ,Good Business Ⅴ,en-US
개업 축하 V,Good Business Ⅴ,en-US
開業大吉 Ⅴ,Good Business Ⅴ,en-US
潜能激发 II,Potential Activation Ⅱ,en-US
素質解放Ⅱ,Potential Activation Ⅱ,en-US
잠재력 폭발 II,Potential Activation Ⅱ,en-US
潛能激發 Ⅱ,Potential Activation Ⅱ,en-US
潜能激发 III,Potential Activation Ⅲ,en-US
素質解放Ⅲ,Potential Activation Ⅲ,en-US
잠재력 폭발 III,Potential Activation Ⅲ,en-US
潛能激發 Ⅲ,Potential Activation Ⅲ,en-US
潜能激发 IV,Potential Activation Ⅳ,en-US
素質解放Ⅳ,Potential Activation Ⅳ,en-US
잠재력 폭발 IV,Potential Activation Ⅳ,en-US
潛能激發 Ⅳ,Potential Activation Ⅳ,en-US
潜能激发 V,Potential Activation Ⅴ,en-US
素質解放Ⅴ,Potential Activation Ⅴ,en-US
잠재력 폭발 V,Potential Activation Ⅴ,en-US
潛能激發 Ⅴ,Potential Activation Ⅴ,en-US
潜能激发 VI,Potential Activation Ⅵ,en-US
素質解放Ⅵ,Potential Activation Ⅵ,en-US
잠재력 폭발 VI,Potential Activation Ⅵ,en-US
潛能激發 Ⅵ,Potential Activation Ⅵ,en-US
潜能激发 VII,Potential Activation Ⅶ,en-US
素質解放Ⅶ,Potential Activation Ⅶ,en-US
잠재력 폭발 VII,Potential Activation Ⅶ,en-US
潛能激發 Ⅶ,Potential Activation Ⅶ,en-US
潜能激发 VIII,Potential Activation Ⅷ,en-US
素質解放Ⅷ,Potential Activation Ⅷ,en-US
잠재력 폭발 VIII,Potential Activation Ⅷ,en-US
潛能激發 Ⅷ,Potential Activation Ⅷ,en-US
潜能激发 IX,Potential Activation Ⅸ,en-US
素質解放Ⅸ,Potential Activation Ⅸ,en-US
잠재력 폭발 IX,Potential Activation Ⅸ,en-US
潛能激發 Ⅸ,Potential Activation Ⅸ,en-US
潜能激发 X,Potential Activation Ⅹ,en-US
素質解放Ⅹ,Potential Activation Ⅹ,en-US
잠재력 폭발 X,Potential Activation Ⅹ,en-US
潛能激發 Ⅹ,Potential Activation Ⅹ,en-US
再思考 I,Think Twice Ⅰ,en-US
もう少し考えるⅠ,Think Twice Ⅰ,en-US
심사숙고 I,Think Twice Ⅰ,en-US
开业大吉 VI,Good Business Ⅵ,en-US
千里の道も一歩からⅥ,Good Business Ⅵ,en-US
개업 축하 VI,Good Business Ⅵ,en-US
開業大吉 Ⅵ,Good Business Ⅵ,en-US
再思考 II,Think Twice Ⅱ,en-US
もう少し考えるⅡ,Think Twice Ⅱ,en-US
심사숙고 II,Think Twice Ⅱ,en-US
再思考 Ⅱ,Think Twice Ⅱ,en-US
再思考 III,Think Twice Ⅲ,en-US
もう少し考えるⅢ,Think Twice Ⅲ,en-US
심사숙고 III,Think Twice Ⅲ,en-US
再思考 Ⅲ,Think Twice Ⅲ,en-US
再思考 IV,Think Twice Ⅳ,en-US
もう少し考えるIV,Think Twice Ⅳ,en-US
심사숙고 IV,Think Twice Ⅳ,en-US
再思考 Ⅳ,Think Twice Ⅳ,en-US
再思考 V,Think Twice Ⅴ,en-US
もう少し考えるⅤ,Think Twice Ⅴ,en-US
심사숙고 V,Think Twice Ⅴ,en-US
再思考 Ⅴ,Think Twice Ⅴ,en-US
货架刷新 I,Shelf Refresh Ⅰ,en-US
商品入れ替えⅠ,Shelf Refresh Ⅰ,en-US
진열대 교체 I,Shelf Refresh Ⅰ,en-US
貨架更新 I,Shelf Refresh Ⅰ,en-US
货架刷新 II,Shelf Refresh Ⅱ,en-US
商品入れ替えⅡ,Shelf Refresh Ⅱ,en-US
진열대 교체 II,Shelf Refresh Ⅱ,en-US
貨架更新 Ⅱ,Shelf Refresh Ⅱ,en-US
货架刷新 III,Shelf Refresh Ⅲ,en-US
商品入れ替えⅢ,Shelf Refresh Ⅲ,en-US
진열대 교체 III,Shelf Refresh Ⅲ,en-US
貨架更新 Ⅲ,Shelf Refresh Ⅲ,en-US
货架刷新 IV,Shelf Refresh Ⅳ,en-US
商品入れ替えⅣ,Shelf Refresh Ⅳ,en-US
진열대 교체 IV,Shelf Refresh Ⅳ,en-US
貨架更新 Ⅳ,Shelf Refresh Ⅳ,en-US
货架刷新 V,Shelf Refresh Ⅴ,en-US
商品入れ替えⅤ,Shelf Refresh Ⅴ,en-US
진열대 교체 V,Shelf Refresh Ⅴ,en-US
貨架更新 Ⅴ,Shelf Refresh Ⅴ,en-US
潜能迸发 I,Potential Surge Ⅰ,en-US
ほとばしる力Ⅰ,Potential Surge Ⅰ,en-US
잠재력 분출 I,Potential Surge Ⅰ,en-US
潛能迸發 I,Potential Surge Ⅰ,en-US
开业大吉 VII,Good Business Ⅶ,en-US
千里の道も一歩からⅦ,Good Business Ⅶ,en-US
개업 축하 VII,Good Business Ⅶ,en-US
開業大吉 Ⅶ,Good Business Ⅶ,en-US
潜能迸发 II,Potential Surge Ⅱ,en-US
ほとばしる力Ⅱ,Potential Surge Ⅱ,en-US
잠재력 분출 II,Potential Surge Ⅱ,en-US
潛能迸發 Ⅱ,Potential Surge Ⅱ,en-US
潜能迸发 III,Potential Surge Ⅲ,en-US
ほとばしる力Ⅲ,Potential Surge Ⅲ,en-US
잠재력 분출 III,Potential Surge Ⅲ,en-US
潛能迸發 Ⅲ,Potential Surge Ⅲ,en-US
潜能迸发 IV,Potential Surge Ⅳ,en-US
ほとばしる力Ⅳ,Potential Surge Ⅳ,en-US
잠재력 분출 IV,Potential Surge Ⅳ,en-US
潛能迸發 Ⅳ,Potential Surge Ⅳ,en-US
潜能迸发 V,Potential Surge Ⅴ,en-US
ほとばしる力Ⅴ,Potential Surge Ⅴ,en-US
잠재력 분출 V,Potential Surge Ⅴ,en-US
潛能迸發 Ⅴ,Potential Surge Ⅴ,en-US
强化进阶 I,Enhancement Tier-Up Ⅰ,en-US
強化昇格Ⅰ,Enhancement Tier-Up Ⅰ,en-US
강화 승급 I,Enhancement Tier-Up Ⅰ,en-US
強化進階 I,Enhancement Tier-Up Ⅰ,en-US
强化进阶 II,Enhancement Tier-Up Ⅱ,en-US
強化昇格Ⅱ,Enhancement Tier-Up Ⅱ,en-US
강화 승급 II,Enhancement Tier-Up Ⅱ,en-US
強化進階 Ⅱ,Enhancement Tier-Up Ⅱ,en-US
强化进阶 III,Enhancement Tier-Up Ⅲ,en-US
強化昇進Ⅲ,Enhancement Tier-Up Ⅲ,en-US
강화 승급 III,Enhancement Tier-Up Ⅲ,en-US
強化進階 Ⅲ,Enhancement Tier-Up Ⅲ,en-US
强化进阶 IV,Enhancement Tier-Up Ⅳ,en-US
強化昇格IV,Enhancement Tier-Up Ⅳ,en-US
강화 승급 IV,Enhancement Tier-Up Ⅳ,en-US
強化進階 Ⅳ,Enhancement Tier-Up Ⅳ,en-US
强化进阶 V,Enhancement Tier-Up Ⅴ,en-US
強化昇進Ⅴ,Enhancement Tier-Up Ⅴ,en-US
강화 승급 V,Enhancement Tier-Up Ⅴ,en-US
強化進階 Ⅴ,Enhancement Tier-Up Ⅴ,en-US
大甩卖 I,Mega Sale Ⅰ,en-US
バーゲンセールⅠ,Mega Sale Ⅰ,en-US
초특가 할인 I,Mega Sale Ⅰ,en-US
大拍賣 I,Mega Sale Ⅰ,en-US
开业大吉 VIII,Good Business Ⅷ,en-US
千里の道も一歩からⅧ,Good Business Ⅷ,en-US
개업 축하 VIII,Good Business Ⅷ,en-US
開業大吉 Ⅷ,Good Business Ⅷ,en-US
大甩卖 II,Mega Sale Ⅱ,en-US
バーゲンセールⅡ,Mega Sale Ⅱ,en-US
초특가 할인 II,Mega Sale Ⅱ,en-US
大拍賣 Ⅱ,Mega Sale Ⅱ,en-US
大甩卖 III,Mega Sale Ⅲ,en-US
バーゲンセールⅢ,Mega Sale Ⅲ,en-US
초특가 할인 III,Mega Sale Ⅲ,en-US
大拍賣 Ⅲ,Mega Sale Ⅲ,en-US
大甩卖 IV,Mega Sale Ⅳ,en-US
バーゲンセールⅣ,Mega Sale Ⅳ,en-US
초특가 할인 IV,Mega Sale Ⅳ,en-US
大拍賣 Ⅳ,Mega Sale Ⅳ,en-US
大甩卖 V,Mega Sale Ⅴ,en-US
バーゲンセールⅤ,Mega Sale Ⅴ,en-US
초특가 할인 V,Mega Sale Ⅴ,en-US
大拍賣 Ⅴ,Mega Sale Ⅴ,en-US
秘纹共鸣 I,Disc Resonance Ⅰ,en-US
ロスレコ共鳴Ⅰ,Disc Resonance Ⅰ,en-US
레코드 공명 I,Disc Resonance Ⅰ,en-US
祕紋共鳴 I,Disc Resonance Ⅰ,en-US
秘纹共鸣 II,Disc Resonance Ⅱ,en-US
ロスレコ共鳴Ⅱ,Disc Resonance Ⅱ,en-US
레코드 공명 II,Disc Resonance Ⅱ,en-US
祕紋共鳴 Ⅱ,Disc Resonance Ⅱ,en-US
秘纹共鸣 III,Disc Resonance Ⅲ,en-US
ロスレコ共鳴Ⅲ,Disc Resonance Ⅲ,en-US
레코드 공명 III,Disc Resonance Ⅲ,en-US
祕紋共鳴 Ⅲ,Disc Resonance Ⅲ,en-US
秘纹共鸣 IV,Disc Resonance Ⅳ,en-US
ロスレコ共鳴Ⅳ,Disc Resonance Ⅳ,en-US
레코드 공명 IV,Disc Resonance Ⅳ,en-US
祕紋共鳴 Ⅳ,Disc Resonance Ⅳ,en-US
秘纹共鸣 V,Disc Resonance Ⅴ,en-US
ロスレコ共鳴Ⅴ,Disc Resonance Ⅴ,en-US
레코드 공명 V,Disc Resonance Ⅴ,en-US
祕紋共鳴 Ⅴ,Disc Resonance Ⅴ,en-US
秘纹共鸣 VI,Disc Resonance Ⅵ,en-US
ロスレコ共鳴Ⅵ,Disc Resonance Ⅵ,en-US
레코드 공명 VI,Disc Resonance Ⅵ,en-US
祕紋共鳴 Ⅵ,Disc Resonance Ⅵ,en-US
拨云见雾,Clearing the Mist,en-US
視界不良,Clearing the Mist,en-US
구름을 헤치고 안개를 보다,Clearing the Mist,en-US
撥雲見霧,Clearing the Mist,en-US
秘纹共鸣 VII,Disc Resonance Ⅶ,en-US
ロスレコ共鳴Ⅶ,Disc Resonance Ⅶ,en-US
레코드 공명 VII,Disc Resonance Ⅶ,en-US
祕紋共鳴 Ⅶ,Disc Resonance Ⅶ,en-US
秘纹共鸣 VIII,Disc Resonance Ⅷ,en-US
ロスレコ共鳴VIII,Disc Resonance Ⅷ,en-US
레코드 공명 VIII,Disc Resonance Ⅷ,en-US
祕紋共鳴 Ⅷ,Disc Resonance Ⅷ,en-US
秘纹共鸣 IX,Disc Resonance Ⅸ,en-US
ロスレコ共鳴Ⅸ,Disc Resonance Ⅸ,en-US
레코드 공명 IX,Disc Resonance Ⅸ,en-US
祕紋共鳴 Ⅸ,Disc Resonance Ⅸ,en-US
秘纹共鸣 X,Disc Resonance Ⅹ,en-US
ロスレコ共鳴Ⅹ,Disc Resonance Ⅹ,en-US
레코드 공명 X,Disc Resonance Ⅹ,en-US
祕紋共鳴 Ⅹ,Disc Resonance Ⅹ,en-US
功勋集章 I,Merit Collector Ⅰ,en-US
数々の功績Ⅰ,Merit Collector Ⅰ,en-US
공훈 수집 I,Merit Collector Ⅰ,en-US
功勳集章 I,Merit Collector Ⅰ,en-US
功勋集章 II,Merit Collector Ⅱ,en-US
数々の功績Ⅱ,Merit Collector Ⅱ,en-US
공훈 수집 II,Merit Collector Ⅱ,en-US
功勳集章 Ⅱ,Merit Collector Ⅱ,en-US
功勋集章 III,Merit Collector Ⅲ,en-US
数々の功績Ⅲ,Merit Collector Ⅲ,en-US
공훈 수집 III,Merit Collector Ⅲ,en-US
功勳集章 Ⅲ,Merit Collector Ⅲ,en-US
功勋集章 IV,Merit Collector Ⅳ,en-US
数々の功績Ⅳ,Merit Collector Ⅳ,en-US
공훈 수집 IV,Merit Collector Ⅳ,en-US
功勳集章 Ⅳ,Merit Collector Ⅳ,en-US
功勋集章 V,Merit Collector Ⅴ,en-US
数々の功績Ⅴ,Merit Collector Ⅴ,en-US
공훈 수집 V,Merit Collector Ⅴ,en-US
功勳集章 Ⅴ,Merit Collector Ⅴ,en-US
功勋集章 VI,Merit Collector Ⅵ,en-US
数々の功績Ⅵ,Merit Collector Ⅵ,en-US
공훈 수집 VI,Merit Collector Ⅵ,en-US
功勳集章 Ⅵ,Merit Collector Ⅵ,en-US
抽刀断水 I,Breaking the Current Ⅰ,en-US
水面に沈むⅠ,Breaking the Current Ⅰ,en-US
칼로 물 베기 I,Breaking the Current Ⅰ,en-US
抽刀斷水 I,Breaking the Current Ⅰ,en-US
搬石砸脚,Shoot Yourself in the Foot,en-US
手を出すな,Shoot Yourself in the Foot,en-US
제 발등 찍기,Shoot Yourself in the Foot,en-US
搬石砸腳,Shoot Yourself in the Foot,en-US
注意防晒,More Sunscreen,en-US
日焼け対策,More Sunscreen,en-US
자외선 주의,More Sunscreen,en-US
注意防曬,More Sunscreen,en-US
机甲反制专家,Mecha Counter Expert,en-US
メカ対策のスペシャリスト,Mecha Counter Expert,en-US
강철 파괴자,Mecha Counter Expert,en-US
機甲反制專家,Mecha Counter Expert,en-US
驯兽大师,Beastmaster,en-US
調教師,Beastmaster,en-US
테이밍 마스터,Beastmaster,en-US
馴獸大師,Beastmaster,en-US
与兽共舞,Dancing with Beasts,en-US
獣と踊る,Dancing with Beasts,en-US
야수의 춤사위,Dancing with Beasts,en-US
與獸共舞,Dancing with Beasts,en-US
注意兽角,Mind the Horns,en-US
角に注意,Mind the Horns,en-US
뿔조심,Mind the Horns,en-US
注意獸角,Mind the Horns,en-US
巨兽捕猎专家,Behemoth Hunter,en-US
巨大獣捕獲のスペシャリスト,Behemoth Hunter,en-US
괴수 수렵 전문가,Behemoth Hunter,en-US
巨獸捕獵專家,Behemoth Hunter,en-US
除草能手,Weed Whacker,en-US
草刈りの達人,Weed Whacker,en-US
잡초 박멸자,Weed Whacker,en-US
植物学家,The Botanist,en-US
植物学者,The Botanist,en-US
식물학자,The Botanist,en-US
植物學家,The Botanist,en-US
动物关爱者,Animal Caretaker,en-US
動物好き,Animal Caretaker,en-US
동물 애호가,Animal Caretaker,en-US
動物關愛者,Animal Caretaker,en-US
抽刀断水 II,Breaking the Current Ⅱ,en-US
水面に沈むⅡ,Breaking the Current Ⅱ,en-US
칼로 물 베기 II,Breaking the Current Ⅱ,en-US
抽刀斷水 Ⅱ,Breaking the Current Ⅱ,en-US
片叶不沾,Without a Scratch,en-US
清廉潔白,Without a Scratch,en-US
무결점 클리어,Without a Scratch,en-US
片葉不沾,Without a Scratch,en-US
严控湿度,Humidity Control,en-US
湿度管理,Humidity Control,en-US
습도 조절,Humidity Control,en-US
嚴控濕度,Humidity Control,en-US
表面张力,Surface Tension,en-US
表面張力,Surface Tension,en-US
표면장력,Surface Tension,en-US
完美清洁,Flawless Clean,en-US
きれいさっぱり,Flawless Clean,en-US
완벽한 청결,Flawless Clean,en-US
完美清潔,Flawless Clean,en-US
表面活性,Surface Activity,en-US
活性化,Surface Activity,en-US
표면 활성,Surface Activity,en-US
甩干能手,Spin Master,en-US
乾燥機,Spin Master,en-US
탈수 마스터,Spin Master,en-US
甩乾能手,Spin Master,en-US
终结谵妄,Delirium's End,en-US
混沌の終わり,Delirium's End,en-US
섬망의 종결,Delirium's End,en-US
終結譫妄,Delirium's End,en-US
远离腐朽,Away from Decay,en-US
朽ちない意思,Away from Decay,en-US
부패 차단,Away from Decay,en-US
遠離腐朽,Away from Decay,en-US
回避污秽,Filth Dodger,en-US
汚れ知らず,Filth Dodger,en-US
오염 회피,Filth Dodger,en-US
迴避汙穢,Filth Dodger,en-US
终结愤怒,Rage's End,en-US
怒らないで,Rage's End,en-US
분노 진압,Rage's End,en-US
終結憤怒,Rage's End,en-US
抽刀断水 III,Breaking the Current Ⅲ,en-US
水面に沈むⅢ,Breaking the Current Ⅲ,en-US
칼로 물 베기 III,Breaking the Current Ⅲ,en-US
抽刀斷水 Ⅲ,Breaking the Current Ⅲ,en-US
卷入漩涡,Vortex Ⅵctim,en-US
渦に飲まれる,Vortex Ⅵctim,en-US
소용돌이 속으로,Vortex Ⅵctim,en-US
捲入漩渦,Vortex Ⅵctim,en-US
超级舞者,Super Dancer,en-US
トップダンサー,Super Dancer,en-US
특급 무용수,Super Dancer,en-US
超級舞者,Super Dancer,en-US
嵌入节拍,In the Groove,en-US
ビートを刻め,In the Groove,en-US
리듬감 만점,In the Groove,en-US
嵌入節拍,In the Groove,en-US
完美踢踏,Flawless Taps,en-US
パーフェクトステップ,Flawless Taps,en-US
완벽한 발길,Flawless Taps,en-US
防患未然,Nip It in the Bud,en-US
未然に防ぐ,Nip It in the Bud,en-US
선제 대응,Nip It in the Bud,en-US
不留情面,No Mercy,en-US
情けは無用,No Mercy,en-US
무자비,No Mercy,en-US
厨艺展示,Chef's Presentation,en-US
調理教室,Chef's Presentation,en-US
요리 실력 뽐내기,Chef's Presentation,en-US
廚藝展示,Chef's Presentation,en-US
禁止翻台,No Turnover,en-US
食事中はお静かに,No Turnover,en-US
테이블 매너,No Turnover,en-US
禁止收拾,No Turnover,en-US
地狱厨房,Hell's Kitchen,en-US
地獄のキッチン,Hell's Kitchen,en-US
지옥의 주방,Hell's Kitchen,en-US
地獄廚房,Hell's Kitchen,en-US
狂梦休止,Nightmare's End,en-US
夢の終わり,Nightmare's End,en-US
광기의 끝,Nightmare's End,en-US
狂夢休止,Nightmare's End,en-US
魔王之路 VI,Becoming a Real Boss Ⅵ,en-US
魔王の道Ⅵ,Becoming a Real Boss Ⅵ,en-US
마왕의 길 VI,Becoming a Real Boss Ⅵ,en-US
魔王之路 Ⅵ,Becoming a Real Boss Ⅵ,en-US
抽刀断水 IV,Breaking the Current Ⅳ,en-US
水面に沈むⅣ,Breaking the Current Ⅳ,en-US
칼로 물 베기 IV,Breaking the Current Ⅳ,en-US
抽刀斷水 Ⅳ,Breaking the Current Ⅳ,en-US
镇静手术,Serene Surgery,en-US
脳内手術,Serene Surgery,en-US
진정 수술,Serene Surgery,en-US
鎮靜手術,Serene Surgery,en-US
沉着猎手,Patient Predator,en-US
熟練のハンター,Patient Predator,en-US
침착한 헌터,Patient Predator,en-US
沉著獵手,Patient Predator,en-US
粗心猎物,Careless Prey,en-US
未熟なハンター,Careless Prey,en-US
실수투성이 사냥감,Careless Prey,en-US
粗心獵物,Careless Prey,en-US
猎手的直觉,Hunter's Instinct,en-US
ハンターの直感,Hunter's Instinct,en-US
헌터의 직감,Hunter's Instinct,en-US
獵手的直覺,Hunter's Instinct,en-US
分庭抗礼,Rivaling Force,en-US
ノー・モア・ナイトメア,Rivaling Force,en-US
맞수 등장,Rivaling Force,en-US
分庭抗禮,Rivaling Force,en-US
激斗胜者,Victorious Fighter,en-US
激戦の勝者,Victorious Fighter,en-US
격투 승리자,Victorious Fighter,en-US
激鬥勝者,Victorious Fighter,en-US
事不过三,Third Time's the Charm,en-US
三度も許さぬ,Third Time's the Charm,en-US
쓰리 스트라이크,Third Time's the Charm,en-US
事不過三,Third Time's the Charm,en-US
炸膛时刻,Backfire Moment,en-US
暴発に注意,Backfire Moment,en-US
폭발의 순간,Backfire Moment,en-US
炸膛時刻,Backfire Moment,en-US
形单影只,A Lone Soul,en-US
一人ぼっち,A Lone Soul,en-US
하나의 그림자,A Lone Soul,en-US
形單影隻,A Lone Soul,en-US
隐入尘埃,Fade into Dust,en-US
塵と化す,Fade into Dust,en-US
먼지 속으로,Fade into Dust,en-US
隱入塵埃,Fade into Dust,en-US
抽刀断水 V,Breaking the Current Ⅴ,en-US
水面に沈むⅤ,Breaking the Current Ⅴ,en-US
칼로 물 베기 V,Breaking the Current Ⅴ,en-US
抽刀斷水 Ⅴ,Breaking the Current Ⅴ,en-US
招蜂惹鸟,Bird Magnet,en-US
エサ撒き,Bird Magnet,en-US
관심 집중,Bird Magnet,en-US
招蜂惹鳥,Bird Magnet,en-US
三重闪,Triple Evasion,en-US
三連回避,Triple Evasion,en-US
트리플 슬래시,Triple Evasion,en-US
三重閃,Triple Evasion,en-US
迅雷不及掩耳,Faster Than Lightning,en-US
電光石火,Faster Than Lightning,en-US
번개처럼 빠르게,Faster Than Lightning,en-US
迎风而上,Defying the Gale,en-US
柳に風,Defying the Gale,en-US
역풍 돌파,Defying the Gale,en-US
迎風而上,Defying the Gale,en-US
横行霸道,Running Rampant,en-US
盾を突く,Running Rampant,en-US
종횡무진,Running Rampant,en-US
橫行霸道,Running Rampant,en-US
直奔主菜,Cutting to the Chase,en-US
単刀直入,Cutting to the Chase,en-US
메인 디쉬부터,Cutting to the Chase,en-US
冻冻清理专家,Glopo Cleanup Expert,en-US
ゼリゼリマスター,Glopo Cleanup Expert,en-US
젤리젤리 청소 전문가,Glopo Cleanup Expert,en-US
凍凍清理專家,Glopo Cleanup Expert,en-US
冻冻清理大师,Glopo Cleanup Master,en-US
ゼリゼリグランドマスター,Glopo Cleanup Master,en-US
젤리젤리 청소의 대가,Glopo Cleanup Master,en-US
凍凍清理大師,Glopo Cleanup Master,en-US
罐罐清理专家,Cursipot Cleanup Expert,en-US
ツボツボマスター,Cursipot Cleanup Expert,en-US
깡통 청소 전문가,Cursipot Cleanup Expert,en-US
罐罐清理專家,Cursipot Cleanup Expert,en-US
罐罐清理大师,Cursipot Cleanup Master,en-US
ツボツボグランドマスター,Cursipot Cleanup Master,en-US
깡통 청소의 대가,Cursipot Cleanup Master,en-US
罐罐清理大師,Cursipot Cleanup Master,en-US
抽刀断水 VI,Breaking the Current Ⅵ,en-US
水面に沈むⅥ,Breaking the Current Ⅵ,en-US
칼로 물 베기 VI,Breaking the Current Ⅵ,en-US
抽刀斷水 Ⅵ,Breaking the Current Ⅵ,en-US
机械对策专家,Mech Counter Expert,en-US
対メカマスター,Mech Counter Expert,en-US
기계 대처 전문가,Mech Counter Expert,en-US
機械對策專家,Mech Counter Expert,en-US
机械对策大师,Mech Counter Master,en-US
対メカグランドマスター,Mech Counter Master,en-US
기계 대처의 대가,Mech Counter Master,en-US
機械對策大師,Mech Counter Master,en-US
卫士对策专家,Guardian Counter Expert,en-US
対衛兵マスター,Guardian Counter Expert,en-US
경호원 대처 전문가,Guardian Counter Expert,en-US
衛士對策專家,Guardian Counter Expert,en-US
卫士对策大师,Guardian Counter Master,en-US
対衛兵グランドマスター,Guardian Counter Master,en-US
경호원 대처의 대가,Guardian Counter Master,en-US
衛士對策大師,Guardian Counter Master,en-US
法师对策专家,Mage Counter Expert,en-US
対メイジマスター,Mage Counter Expert,en-US
마법사 대처 전문가,Mage Counter Expert,en-US
法師對策專家,Mage Counter Expert,en-US
法师对策大师,Mage Counter Master,en-US
対メイジグランドマスター,Mage Counter Master,en-US
마법사 대처의 대가,Mage Counter Master,en-US
法師對策大師,Mage Counter Master,en-US
开业大吉 IX,Good Business Ⅸ,en-US
千里の道も一歩からⅨ,Good Business Ⅸ,en-US
개업 축하 IX,Good Business Ⅸ,en-US
開業大吉 Ⅸ,Good Business Ⅸ,en-US
抽刀断水 VII,Breaking the Current Ⅶ,en-US
水面に沈むⅦ,Breaking the Current Ⅶ,en-US
칼로 물 베기 VII,Breaking the Current Ⅶ,en-US
抽刀斷水 Ⅶ,Breaking the Current Ⅶ,en-US
抽刀断水 VIII,Breaking the Current Ⅷ,en-US
水面に沈むⅧ,Breaking the Current Ⅷ,en-US
칼로 물 베기 VIII,Breaking the Current Ⅷ,en-US
抽刀斷水 Ⅷ,Breaking the Current Ⅷ,en-US
油尽灯枯 VIII,Burnt Out Ⅷ,en-US
灼熱の大地Ⅷ,Burnt Out Ⅷ,en-US
다 타버린 등불 VIII,Burnt Out Ⅷ,en-US
油盡燈枯 Ⅷ,Burnt Out Ⅷ,en-US
尘埃落定 VIII,Ease Your Storm Ⅷ,en-US
大気を裂く雷Ⅷ,Ease Your Storm Ⅷ,en-US
대단원의 막 VIII,Ease Your Storm Ⅷ,en-US
塵埃落定 Ⅷ,Ease Your Storm Ⅷ,en-US
全栈业务 V,Monolith Conqueror Ⅴ,en-US
手広く対応Ⅴ,Monolith Conqueror Ⅴ,en-US
풀스택 비즈니스 V,Monolith Conqueror Ⅴ,en-US
全端業務 Ⅴ,Monolith Conqueror Ⅴ,en-US
油尽灯枯 I,Burnt Out Ⅰ,en-US
灼熱の大地Ⅰ,Burnt Out Ⅰ,en-US
다 타버린 등불 I,Burnt Out Ⅰ,en-US
油盡燈枯 I,Burnt Out Ⅰ,en-US
油尽灯枯 II,Burnt Out Ⅱ,en-US
灼熱の大地Ⅱ,Burnt Out Ⅱ,en-US
다 타버린 등불 II,Burnt Out Ⅱ,en-US
油盡燈枯 Ⅱ,Burnt Out Ⅱ,en-US
油尽灯枯 III,Burnt Out Ⅲ,en-US
灼熱の大地Ⅲ,Burnt Out Ⅲ,en-US
다 타버린 등불 III,Burnt Out Ⅲ,en-US
油盡燈枯 Ⅲ,Burnt Out Ⅲ,en-US
油尽灯枯 IV,Burnt Out Ⅳ,en-US
灼熱の大地Ⅳ,Burnt Out Ⅳ,en-US
다 타버린 등불 IV,Burnt Out Ⅳ,en-US
油盡燈枯 Ⅳ,Burnt Out Ⅳ,en-US
油尽灯枯 V,Burnt Out Ⅴ,en-US
灼熱の大地Ⅴ,Burnt Out Ⅴ,en-US
다 타버린 등불 V,Burnt Out Ⅴ,en-US
油盡燈枯 Ⅴ,Burnt Out Ⅴ,en-US
油尽灯枯 VI,Burnt Out Ⅵ,en-US
灼熱の大地Ⅵ,Burnt Out Ⅵ,en-US
다 타버린 등불 VI,Burnt Out Ⅵ,en-US
油盡燈枯 Ⅵ,Burnt Out Ⅵ,en-US
魔王之路 VII,Becoming a Real Boss Ⅶ,en-US
魔王の道Ⅶ,Becoming a Real Boss Ⅶ,en-US
마왕의 길 VII,Becoming a Real Boss Ⅶ,en-US
魔王之路 Ⅶ,Becoming a Real Boss Ⅶ,en-US
油尽灯枯 VII,Burnt Out Ⅶ,en-US
灼熱の大地Ⅶ,Burnt Out Ⅶ,en-US
다 타버린 등불 VII,Burnt Out Ⅶ,en-US
油盡燈枯 Ⅶ,Burnt Out Ⅶ,en-US
尘埃落定 I,Ease Your Storm Ⅰ,en-US
大気を裂く雷Ⅰ,Ease Your Storm Ⅰ,en-US
대단원의 막 I,Ease Your Storm Ⅰ,en-US
塵埃落定 I,Ease Your Storm Ⅰ,en-US
尘埃落定 II,Ease Your Storm Ⅱ,en-US
大気を裂く雷Ⅱ,Ease Your Storm Ⅱ,en-US
대단원의 막 II,Ease Your Storm Ⅱ,en-US
塵埃落定 Ⅱ,Ease Your Storm Ⅱ,en-US
尘埃落定 III,Ease Your Storm Ⅲ,en-US
大気を裂く雷Ⅲ,Ease Your Storm Ⅲ,en-US
대단원의 막 III,Ease Your Storm Ⅲ,en-US
塵埃落定 Ⅲ,Ease Your Storm Ⅲ,en-US
尘埃落定 IV,Ease Your Storm Ⅳ,en-US
大気を裂く雷Ⅳ,Ease Your Storm Ⅳ,en-US
대단원의 막 IV,Ease Your Storm Ⅳ,en-US
塵埃落定 Ⅳ,Ease Your Storm Ⅳ,en-US
尘埃落定 V,Ease Your Storm Ⅴ,en-US
大気を裂く雷Ⅴ,Ease Your Storm Ⅴ,en-US
대단원의 막 V,Ease Your Storm Ⅴ,en-US
塵埃落定 Ⅴ,Ease Your Storm Ⅴ,en-US
尘埃落定 VI,Ease Your Storm Ⅵ,en-US
大気を裂く雷Ⅵ,Ease Your Storm Ⅵ,en-US
대단원의 막 VI,Ease Your Storm Ⅵ,en-US
塵埃落定 Ⅵ,Ease Your Storm Ⅵ,en-US
尘埃落定 VII,Ease Your Storm Ⅶ,en-US
大気を裂く雷Ⅶ,Ease Your Storm Ⅶ,en-US
대단원의 막 VII,Ease Your Storm Ⅶ,en-US
塵埃落定 Ⅶ,Ease Your Storm Ⅶ,en-US
全栈业务 I,Monolith Conqueror Ⅰ,en-US
手広く対応Ⅰ,Monolith Conqueror Ⅰ,en-US
풀스택 비즈니스 I,Monolith Conqueror Ⅰ,en-US
全端業務 I,Monolith Conqueror Ⅰ,en-US
全栈业务 II,Monolith Conqueror Ⅱ,en-US
手広く対応Ⅱ,Monolith Conqueror Ⅱ,en-US
풀스택 비즈니스 II,Monolith Conqueror Ⅱ,en-US
全端業務 Ⅱ,Monolith Conqueror Ⅱ,en-US
日行一善 I,A Good Deed a Day Ⅰ,en-US
一日一善Ⅰ,A Good Deed a Day Ⅰ,en-US
매일 선행 한 가지 I,A Good Deed a Day Ⅰ,en-US
全栈业务 III,Monolith Conqueror Ⅲ,en-US
手広く対応Ⅲ,Monolith Conqueror Ⅲ,en-US
풀스택 비즈니스 III,Monolith Conqueror Ⅲ,en-US
全端業務 Ⅲ,Monolith Conqueror Ⅲ,en-US
全栈业务 IV,Monolith Conqueror Ⅳ,en-US
手広く対応Ⅳ,Monolith Conqueror Ⅳ,en-US
풀스택 비즈니스 IV,Monolith Conqueror Ⅳ,en-US
全端業務 Ⅳ,Monolith Conqueror Ⅳ,en-US
熟能生巧 I,Practice Makes Perfect Ⅰ,en-US
習うより慣れろⅠ,Practice Makes Perfect Ⅰ,en-US
숙련의 길 I,Practice Makes Perfect Ⅰ,en-US
熟能生巧 II,Practice Makes Perfect Ⅱ,en-US
習うより慣れろⅡ,Practice Makes Perfect Ⅱ,en-US
숙련의 길 II,Practice Makes Perfect Ⅱ,en-US
熟能生巧 Ⅱ,Practice Makes Perfect Ⅱ,en-US
熟能生巧 III,Practice Makes Perfect Ⅲ,en-US
習うより慣れろⅢ,Practice Makes Perfect Ⅲ,en-US
숙련의 길 III,Practice Makes Perfect Ⅲ,en-US
熟能生巧 Ⅲ,Practice Makes Perfect Ⅲ,en-US
熟能生巧 IV,Practice Makes Perfect Ⅳ,en-US
習うより慣れろⅣ,Practice Makes Perfect Ⅳ,en-US
숙련의 길 IV,Practice Makes Perfect Ⅳ,en-US
熟能生巧 Ⅳ,Practice Makes Perfect Ⅳ,en-US
熟能生巧 V,Practice Makes Perfect Ⅴ,en-US
習うより慣れろⅤ,Practice Makes Perfect Ⅴ,en-US
숙련의 길 V,Practice Makes Perfect Ⅴ,en-US
熟能生巧 Ⅴ,Practice Makes Perfect Ⅴ,en-US
出类拔萃,A Cut Above,en-US
逸材,A Cut Above,en-US
군계일학,A Cut Above,en-US
出類拔萃,A Cut Above,en-US
卓尔不凡,Unmatched Excellence,en-US
卓越,Unmatched Excellence,en-US
초월적 존재,Unmatched Excellence,en-US
卓爾不群,Unmatched Excellence,en-US
千锤百炼,Forged to Perfection,en-US
鍛錬の極み,Forged to Perfection,en-US
천 번의 담금질,Forged to Perfection,en-US
千錘百鍊,Forged to Perfection,en-US
日行一善 II,A Good Deed a Day Ⅱ,en-US
一日一善Ⅱ,A Good Deed a Day Ⅱ,en-US
매일 선행 한 가지 II,A Good Deed a Day Ⅱ,en-US
日行一善 Ⅱ,A Good Deed a Day Ⅱ,en-US
至臻化境,Pinnacle of Excellence,en-US
至高の域,Pinnacle of Excellence,en-US
신의 경지,Pinnacle of Excellence,en-US
已臻化境,Pinnacle of Excellence,en-US
王牌导师 I,Ace Mentor Ⅰ,en-US
エースメンターⅠ,Ace Mentor Ⅰ,en-US
에이스 멘토 I,Ace Mentor Ⅰ,en-US
王牌導師 I,Ace Mentor Ⅰ,en-US
王牌导师 II,Ace Mentor Ⅱ,en-US
エースメンターⅡ,Ace Mentor Ⅱ,en-US
에이스 멘토 II,Ace Mentor Ⅱ,en-US
王牌導師 Ⅱ,Ace Mentor Ⅱ,en-US
王牌导师 III,Ace Mentor Ⅲ,en-US
エースメンターⅢ,Ace Mentor Ⅲ,en-US
에이스 멘토 III,Ace Mentor Ⅲ,en-US
王牌導師 Ⅲ,Ace Mentor Ⅲ,en-US
王牌导师 IV,Ace Mentor Ⅳ,en-US
エースメンターⅣ,Ace Mentor Ⅳ,en-US
에이스 멘토 IV,Ace Mentor Ⅳ,en-US
王牌導師 Ⅳ,Ace Mentor Ⅳ,en-US
术有专精·水 I,Aqua Expertise Ⅰ,en-US
水のエキスパートⅠ,Aqua Expertise Ⅰ,en-US
전문 기술·물 I,Aqua Expertise Ⅰ,en-US
術有專精·水 I,Aqua Expertise Ⅰ,en-US
术有专精·水 II,Aqua Expertise Ⅱ,en-US
水のエキスパートⅡ,Aqua Expertise Ⅱ,en-US
전문 기술·물 II,Aqua Expertise Ⅱ,en-US
術有專精·水 Ⅱ,Aqua Expertise Ⅱ,en-US
术有专精·水 III,Aqua Expertise Ⅲ,en-US
水のエキスパートⅢ,Aqua Expertise Ⅲ,en-US
전문 기술·물 III,Aqua Expertise Ⅲ,en-US
術有專精·水 Ⅲ,Aqua Expertise Ⅲ,en-US
术有专精·水 IV,Aqua Expertise Ⅳ,en-US
水のエキスパートⅣ,Aqua Expertise Ⅳ,en-US
전문 기술·물 IV,Aqua Expertise Ⅳ,en-US
術有專精·水 Ⅳ,Aqua Expertise Ⅳ,en-US
术有专精·火 I,Ignis Expertise Ⅰ,en-US
火のエキスパートⅠ,Ignis Expertise Ⅰ,en-US
전문 기술·불 IV,Ignis Expertise Ⅰ,en-US
術有專精·火 I,Ignis Expertise Ⅰ,en-US
琥珀-回忆特写,Amber - Memory Snapshots,en-US
コハク,Amber - Memory Snapshots,en-US
코하쿠-추억 컷신,Amber - Memory Snapshots,en-US
琥珀-回憶特寫,Amber - Memory Snapshots,en-US
缇莉娅-回忆特写,Tilia - Memory Snapshots,en-US
ティリア,Tilia - Memory Snapshots,en-US
틸리아-추억 컷신,Tilia - Memory Snapshots,en-US
緹莉婭-回憶特寫,Tilia - Memory Snapshots,en-US
卡西米拉-回忆特写,Kasimira - Memory Snapshots,en-US
カシミラ,Kasimira - Memory Snapshots,en-US
카시미라-추억 컷신,Kasimira - Memory Snapshots,en-US
卡西米拉-回憶特寫,Kasimira - Memory Snapshots,en-US
翡冷翠-回忆特写,Firenze - Memory Snapshots,en-US
フィレン,Firenze - Memory Snapshots,en-US
피렌-추억 컷신,Firenze - Memory Snapshots,en-US
翡冷翠-回憶特寫,Firenze - Memory Snapshots,en-US
鸢尾-回忆特写,Iris - Memory Snapshots,en-US
アヤメ,Iris - Memory Snapshots,en-US
아야메-추억 컷신,Iris - Memory Snapshots,en-US
鳶尾-回憶特寫,Iris - Memory Snapshots,en-US
尘沙-回忆特写,Noya - Memory Snapshots,en-US
セイナ,Noya - Memory Snapshots,en-US
세이나-추억 컷신,Noya - Memory Snapshots,en-US
塵沙-回憶特寫,Noya - Memory Snapshots,en-US
师渺-回忆特写,Shimiao - Memory Snapshots,en-US
シーミャオ,Shimiao - Memory Snapshots,en-US
시먀오-추억 컷신,Shimiao - Memory Snapshots,en-US
師渺-回憶特寫,Shimiao - Memory Snapshots,en-US
猫眼-回忆特写,Chaton - Memory Snapshots,en-US
シャトン,Chaton - Memory Snapshots,en-US
샤통-추억 컷신,Chaton - Memory Snapshots,en-US
貓眼-回憶特寫,Chaton - Memory Snapshots,en-US
火垂-回忆特写,Firefly - Memory Snapshots,en-US
ホタル,Firefly - Memory Snapshots,en-US
호타루-추억 컷신,Firefly - Memory Snapshots,en-US
火垂-回憶特寫,Firefly - Memory Snapshots,en-US
岭川-回忆特写,Ridge - Memory Snapshots,en-US
レイセン,Ridge - Memory Snapshots,en-US
레이센-추억 컷신,Ridge - Memory Snapshots,en-US
嶺川-回憶特寫,Ridge - Memory Snapshots,en-US
璟麟-回忆特写,Jinglin - Memory Snapshots,en-US
ジンリン,Jinglin - Memory Snapshots,en-US
징린-추억 컷신,Jinglin - Memory Snapshots,en-US
璟麟-回憶特寫,Jinglin - Memory Snapshots,en-US
科洛妮丝-回忆特写,Coronis - Memory Snapshots,en-US
クルニス,Coronis - Memory Snapshots,en-US
크루니스-추억 컷신,Coronis - Memory Snapshots,en-US
柯洛妮絲-回憶特寫,Coronis - Memory Snapshots,en-US
花原-回忆特写,Nanoha - Memory Snapshots,en-US
ナノハ,Nanoha - Memory Snapshots,en-US
나노하-추억 컷신,Nanoha - Memory Snapshots,en-US
花原-回憶特寫,Nanoha - Memory Snapshots,en-US
卡娜丝-回忆特写,Canace - Memory Snapshots,en-US
カナーチェ,Canace - Memory Snapshots,en-US
카나체-추억 컷신,Canace - Memory Snapshots,en-US
卡娜絲-回憶特寫,Canace - Memory Snapshots,en-US
杏子-回忆特写,Ann - Memory Snapshots,en-US
アンズ,Ann - Memory Snapshots,en-US
안즈-추억 컷신,Ann - Memory Snapshots,en-US
杏子-回憶特寫,Ann - Memory Snapshots,en-US
苍兰-回忆特写,Freesia - Memory Snapshots,en-US
フリージア,Freesia - Memory Snapshots,en-US
프리지아-추억 컷신,Freesia - Memory Snapshots,en-US
蒼蘭-回憶特寫,Freesia - Memory Snapshots,en-US
紫槿-回忆特写,Flora - Memory Snapshots,en-US
フローラ,Flora - Memory Snapshots,en-US
플로라-추억 컷신,Flora - Memory Snapshots,en-US
紫槿-回憶特寫,Flora - Memory Snapshots,en-US
特丽莎-回忆特写,Teresa - Memory Snapshots,en-US
テレサ,Teresa - Memory Snapshots,en-US
테레사-추억 컷신,Teresa - Memory Snapshots,en-US
特麗莎-回憶特寫,Teresa - Memory Snapshots,en-US
多娜-回忆特写,Donna - Memory Snapshots,en-US
トーナ,Donna - Memory Snapshots,en-US
토나-추억 컷신,Donna - Memory Snapshots,en-US
多娜-回憶特寫,Donna - Memory Snapshots,en-US
密涅瓦-回忆特写,Minova - Memory Snapshots,en-US
ミネルバ,Minova - Memory Snapshots,en-US
미네르바-추억 컷신,Minova - Memory Snapshots,en-US
密涅瓦-回憶特寫,Minova - Memory Snapshots,en-US
夏花-回忆特写,Nazuka - Memory Snapshots,en-US
ナツカ,Nazuka - Memory Snapshots,en-US
나츠카-추억 컷신,Nazuka - Memory Snapshots,en-US
夏花-回憶特寫,Nazuka - Memory Snapshots,en-US
冬香-回忆特写,Fuyuka - Memory Snapshots,en-US
フユカ,Fuyuka - Memory Snapshots,en-US
후유카-추억 컷신,Fuyuka - Memory Snapshots,en-US
冬香-回憶特寫,Fuyuka - Memory Snapshots,en-US
雾语-回忆特写,Mistique - Memory Snapshots,en-US
ミスティ,Mistique - Memory Snapshots,en-US
미스티-추억 컷신,Mistique - Memory Snapshots,en-US
霧語-回憶特寫,Mistique - Memory Snapshots,en-US
埃莉诺-回忆特写,Eleanor - Memory Snapshots,en-US
エレノア,Eleanor - Memory Snapshots,en-US
엘레노어-추억 컷신,Eleanor - Memory Snapshots,en-US
埃莉諾-回憶特寫,Eleanor - Memory Snapshots,en-US
斯帕克拉-回忆特写,Sparkla - Memory Snapshots,en-US
スパクル,Sparkla - Memory Snapshots,en-US
스파클-추억 컷신,Sparkla - Memory Snapshots,en-US
斯帕克拉-回憶特寫,Sparkla - Memory Snapshots,en-US
赤霞-回忆特写,Chixia - Memory Snapshots,en-US
チーシア,Chixia - Memory Snapshots,en-US
치시아-추억 컷신,Chixia - Memory Snapshots,en-US
赤霞-回憶特寫,Chixia - Memory Snapshots,en-US
珂赛特-回忆特写,Cosette - Memory Snapshots,en-US
コゼット,Cosette - Memory Snapshots,en-US
코제트-추억 컷신,Cosette - Memory Snapshots,en-US
珂賽特-回憶特寫,Cosette - Memory Snapshots,en-US
风影-回忆特写,Wraith - Memory Snapshots,en-US
レイス,Wraith - Memory Snapshots,en-US
레이스-추억 컷신,Wraith - Memory Snapshots,en-US
風影-回憶特寫,Wraith - Memory Snapshots,en-US
千都世-回忆特写,Chitose - Memory Snapshots,en-US
チトセ,Chitose - Memory Snapshots,en-US
치토세-추억 컷신,Chitose - Memory Snapshots,en-US
千都世-回憶特寫,Chitose - Memory Snapshots,en-US
乙叶-回忆特写,Otoha - Memory Snapshots,en-US
オトハ,Otoha - Memory Snapshots,en-US
오토하-추억 컷신,Otoha - Memory Snapshots,en-US
乙葉-回憶特寫,Otoha - Memory Snapshots,en-US
焦糖-回忆特写,Caramel - Memory Snapshots,en-US
キャラメル,Caramel - Memory Snapshots,en-US
캐러멜-추억 컷신,Caramel - Memory Snapshots,en-US
焦糖-回憶特寫,Caramel - Memory Snapshots,en-US
格芮-回忆特写,Gerie - Memory Snapshots,en-US
グレイ,Gerie - Memory Snapshots,en-US
그레이-추억 컷신,Gerie - Memory Snapshots,en-US
格芮-回憶特寫,Gerie - Memory Snapshots,en-US
菈露-回忆特写,Laru - Memory Snapshots,en-US
ラール,Laru - Memory Snapshots,en-US
라루-추억 컷신,Laru - Memory Snapshots,en-US
菈露-回憶特寫,Laru - Memory Snapshots,en-US
希娅-回忆特写,Shia - Memory Snapshots,en-US
シア,Shia - Memory Snapshots,en-US
시아-추억 컷신,Shia - Memory Snapshots,en-US
希婭-回憶特寫,Shia - Memory Snapshots,en-US
小禾-回忆特写,Nazuna - Memory Snapshots,en-US
ナズナ,Nazuna - Memory Snapshots,en-US
나즈나-추억 컷신,Nazuna - Memory Snapshots,en-US
小禾-回憶特寫,Nazuna - Memory Snapshots,en-US
花铃-回忆特写,Karin - Memory Snapshots,en-US
カリン,Karin - Memory Snapshots,en-US
카린-추억 컷신,Karin - Memory Snapshots,en-US
花鈴-回憶特寫,Karin - Memory Snapshots,en-US
菈露（圣夜）-回忆特写,Snowish Laru - Memory Snapshots,en-US
ラール（聖夜）,Snowish Laru - Memory Snapshots,en-US
라루(이브)-추억 컷신,Snowish Laru - Memory Snapshots,en-US
聖夜菈露-回憶特寫,Snowish Laru - Memory Snapshots,en-US
科洛妮丝（新春）-回忆特写,Springseek Coronis - Memory Snapshots,en-US
クルニス（華服）,Springseek Coronis - Memory Snapshots,en-US
크루니스(새해)-추억 컷신,Springseek Coronis - Memory Snapshots,en-US
緋春柯洛妮絲-回憶特寫,Springseek Coronis - Memory Snapshots,en-US
薇洛（盛夏）-回忆特写,Suntide Willow - Memory Snapshots,en-US
ウィロー（水着）,Suntide Willow - Memory Snapshots,en-US
윌로(여름)-추억 컷신,Suntide Willow - Memory Snapshots,en-US
沐夏薇洛-回憶特寫,Suntide Willow - Memory Snapshots,en-US
新手魔王,Novice Tyrant,en-US
駆け出し魔王,Novice Tyrant,en-US
초보 마왕,Novice Tyrant,en-US
灰城区的风,Guardian of Ash,en-US
アッシュエリアの風,Guardian of Ash,en-US
애시 에리어의 바람,Guardian of Ash,en-US
灰城區的風,Guardian of Ash,en-US
水道桥的英雄,Hero of Waterway,en-US
水道橋の英雄,Hero of Waterway,en-US
수도교의 영웅,Hero of Waterway,en-US
水道橋的英雄,Hero of Waterway,en-US
花令赞助人,Petal Savior,en-US
花咲サポーター,Petal Savior,en-US
하나사키 후원자,Petal Savior,en-US
花令贊助人,Petal Savior,en-US
行会贵客,Blooming Star,en-US
甘い罠,Blooming Star,en-US
귀빈 영접,Blooming Star,en-US
行會貴客,Blooming Star,en-US
优秀员工,Top Performer,en-US
MVP従業員,Top Performer,en-US
최우수 사원,Top Performer,en-US
優秀員工,Top Performer,en-US
拾光者,Light Catcher,en-US
夜を彩る銀の星,Light Catcher,en-US
빛을 거머쥔 자,Light Catcher,en-US
追逐魅影,Chasing the Phantom,en-US
銀狐の幻影,Chasing the Phantom,en-US
환영을 쫓아서,Chasing the Phantom,en-US
许愿大师,Wishmaster,en-US
星ノ塔入札者,Wishmaster,en-US
소원 달인,Wishmaster,en-US
許願大師,Wishmaster,en-US
雏菊的追忆,Daisy Reverie,en-US
ヒナギクの追憶,Daisy Reverie,en-US
히나기쿠의 추억,Daisy Reverie,en-US
雛菊的追憶,Daisy Reverie,en-US
寻猫达人,Kitty Seeker,en-US
ネコ探しの達人,Kitty Seeker,en-US
고양이 찾기의 달인,Kitty Seeker,en-US
尋貓達人,Kitty Seeker,en-US
正义拍档,Gallant Rider,en-US
名コンビ,Gallant Rider,en-US
정의의 파트너,Gallant Rider,en-US
正義拍檔,Gallant Rider,en-US
幸运星,Lucky Star,en-US
幸運の招き猫,Lucky Star,en-US
행운의 아이콘,Lucky Star,en-US
幸運星,Lucky Star,en-US
创业合伙人,Founding Partner,en-US
共同経営者,Founding Partner,en-US
공동 창업자,Founding Partner,en-US
創業合夥人,Founding Partner,en-US
金牌管家,Care-it-all,en-US
財布を握りし者,Care-it-all,en-US
살림의 달인,Care-it-all,en-US
摘星旅伴,Star Reacher,en-US
爽快ドライブ,Star Reacher,en-US
별 사냥 동행자,Star Reacher,en-US
火锅搭档,Hotpot Patrol,en-US
鍋奉行,Hotpot Patrol,en-US
훠궈메이트,Hotpot Patrol,en-US
火鍋搭檔,Hotpot Patrol,en-US
黑暗契约者,Darker Than Dark,en-US
漆黒より生まれし徒,Darker Than Dark,en-US
어둠의 계약자,Darker Than Dark,en-US
暗之契約者,Darker Than Dark,en-US
第一玩伴,Best Playmate,en-US
ホタル検定一級,Best Playmate,en-US
베스트 파트너,Best Playmate,en-US
頭號玩伴,Best Playmate,en-US
温室守望者,Garden Watcher,en-US
温室管理人,Garden Watcher,en-US
온실지기,Garden Watcher,en-US
溫室守望者,Garden Watcher,en-US
食府贵宾,Best Patron,en-US
VIP待遇,Best Patron,en-US
단골손님,Best Patron,en-US
食府貴賓,Best Patron,en-US
珍贵收藏,Prized Patient,en-US
研究対象,Prized Patient,en-US
귀중한 샘플,Prized Patient,en-US
珍貴收藏,Prized Patient,en-US
拾花之人,Sweet Flower,en-US
ずっとおそばに,Sweet Flower,en-US
꽃을 주워주는 사람,Sweet Flower,en-US
守夜人,Study Night,en-US
教師と生徒,Study Night,en-US
야간 경비원,Study Night,en-US
荣誉队员,Forest Keeper,en-US
探検隊名誉メンバー,Forest Keeper,en-US
탐험대 명예 대원,Forest Keeper,en-US
榮譽隊員,Forest Keeper,en-US
狂乱者之缚,Marble & Rock,en-US
二人乗り,Marble & Rock,en-US
고문 변호사,Marble & Rock,en-US
狂亂者之縛,Marble & Rock,en-US
幕后大神,True Magic,en-US
代理マネージャー,True Magic,en-US
매니저 대리인,True Magic,en-US
幕後大神,True Magic,en-US
创可贴同好,Bond-aid Pals,en-US
絆創膏愛好会,Bond-aid Pals,en-US
반창고 애호가,Bond-aid Pals,en-US
OK繃同好,Bond-aid Pals,en-US
高能量战士,High-Energy Hype,en-US
想いつなぐ配達人,High-Energy Hype,en-US
인간 비타민,High-Energy Hype,en-US
元氣小太陽,High-Energy Hype,en-US
热血少女心,Shojo Captain,en-US
少女趣味,Shojo Captain,en-US
열혈 소녀의 심장,Shojo Captain,en-US
熱血少女心,Shojo Captain,en-US
志同道合之人,Kindred Spirits,en-US
風車をあなたに,Kindred Spirits,en-US
바람개비의 비밀,Kindred Spirits,en-US
最好的师父,Best Master Ever,en-US
最高の師匠,Best Master Ever,en-US
최고의 스승,Best Master Ever,en-US
最好的師父,Best Master Ever,en-US
魔女包打听,Scoop Sleuth,en-US
壁に耳あり箒に目あり,Scoop Sleuth,en-US
마녀의 소식통,Scoop Sleuth,en-US
魔女包打聽,Scoop Sleuth,en-US
完美前辈,Model Mentor,en-US
先輩と後輩,Model Mentor,en-US
완벽한 선배,Model Mentor,en-US
完美前輩,Model Mentor,en-US
齿轮转转,Gear Spinner,en-US
キューティーフレンズ,Gear Spinner,en-US
돌아가는 톱니바퀴,Gear Spinner,en-US
齒輪轉轉,Gear Spinner,en-US
“捉鬼大师”,"""Ghost Fluster""",en-US
オバケ退治,"""Ghost Fluster""",en-US
‘퇴마의 달인’,"""Ghost Fluster""",en-US
『捉鬼大師』,"""Ghost Fluster""",en-US
饮料达人,Bev Besties,en-US
ドリンクバー,Bev Besties,en-US
음료의 달인,Bev Besties,en-US
飲料達人,Bev Besties,en-US
风雪静停处,Silent Drift,en-US
雪原の叡智,Silent Drift,en-US
눈보라가 머문 곳,Silent Drift,en-US
風雪靜停處,Silent Drift,en-US
命定持刀人,Destined Wielder,en-US
人刀一如,Destined Wielder,en-US
운명의 사용자,Destined Wielder,en-US
长夜将尽,Darkness Dissolving,en-US
変幻自在の乙女,Darkness Dissolving,en-US
밤의 끝자락,Darkness Dissolving,en-US
長夜將盡,Darkness Dissolving,en-US
节奏大师,Baddest Bassist,en-US
リズムマスター,Baddest Bassist,en-US
리듬 마스터,Baddest Bassist,en-US
節奏大師,Baddest Bassist,en-US
夺魂的悸动,Soul Shiver,en-US
耽美の探求者,Soul Shiver,en-US
영혼 탈취의 전율,Soul Shiver,en-US
奪魂的悸動,Soul Shiver,en-US
摸鱼好拍档,Slackin' Partner,en-US
サボりチャンピオン,Slackin' Partner,en-US
땡땡이 챔피언,Slackin' Partner,en-US
摸魚好搭檔,Slackin' Partner,en-US
属于她的海岸,Coast of Her Own,en-US
プライベートビーチ,Coast of Her Own,en-US
그녀의 바닷가,Coast of Her Own,en-US
屬於她的海岸,Coast of Her Own,en-US
仙人弟子,Claw Apprentice,en-US
クレーンマスター,Claw Apprentice,en-US
뽑기의 달인,Claw Apprentice,en-US
未停歇的潮汐,Never-Ending Tides,en-US
お姉ちゃん親衛隊,Never-Ending Tides,en-US
멈추지 않는 조수,Never-Ending Tides,en-US
圣夜的精灵,Holy Night Spirit,en-US
プレゼントはあたし,Holy Night Spirit,en-US
이브의 정령,Holy Night Spirit,en-US
聖夜的精靈,Holy Night Spirit,en-US
妙手回春,Healing Touch,en-US
旅は情け医者は薬,Healing Touch,en-US
절묘한 의술,Healing Touch,en-US
海滩安全顾问,Safety Advisor,en-US
ひと夏限定バディ,Safety Advisor,en-US
바다의 안전 지킴이,Safety Advisor,en-US
海灘安全顧問,Safety Advisor,en-US
游点好玩,Hello Gamer,en-US
楽しんで！,Hello Gamer,en-US
즐거운 게임,Hello Gamer,en-US
遊點好玩,Hello Gamer,en-US
干杯！启程,Cheers! Let's go!,en-US
乾杯！旅立ち,Cheers! Let's go!,en-US
건배! 여정의 시작,Cheers! Let's go!,en-US
乾杯！啟程,Cheers! Let's go!,en-US
星途先行者,Starborne Pioneer,en-US
先駆け巡遊者,Starborne Pioneer,en-US
별의 여정 선행자,Starborne Pioneer,en-US
星途向导,Starpath Guide,en-US
*****,Starpath Guide,en-US
별의 가이드,Starpath Guide,en-US
星途嚮導,Starpath Guide,en-US
第1赛季 求生大师,Season 1 Survival Champ,en-US
シーズン1 一流サバイバー,Season 1 Survival Champ,en-US
시즌1 생존 마스터,Season 1 Survival Champ,en-US
第1賽季 求生大師,Season 1 Survival Champ,en-US
第2赛季 求生大师,Season 2 Survival Champ,en-US
シーズン2 一流サバイバー,Season 2 Survival Champ,en-US
시즌2 생존 마스터,Season 2 Survival Champ,en-US
第2賽季 求生大師,Season 2 Survival Champ,en-US
第3赛季 求生大师,Season 3 Survival Champ,en-US
シーズン3 一流サバイバー,Season 3 Survival Champ,en-US
시즌3 생존 마스터,Season 3 Survival Champ,en-US
第3賽季 求生大師,Season 3 Survival Champ,en-US
第4赛季 求生大师,Season 4 Survival Champ,en-US
シーズン4 一流サバイバー,Season 4 Survival Champ,en-US
시즌4 생존 마스터,Season 4 Survival Champ,en-US
第4賽季 求生大師,Season 4 Survival Champ,en-US
第5赛季 求生大师,Season 5 Survival Champ,en-US
シーズン5 一流サバイバー,Season 5 Survival Champ,en-US
시즌5 생존 마스터,Season 5 Survival Champ,en-US
第5賽季 求生大師,Season 5 Survival Champ,en-US
第6赛季 求生大师,Season 6 Survival Champ,en-US
シーズン6 一流サバイバー,Season 6 Survival Champ,en-US
시즌6 생존 마스터,Season 6 Survival Champ,en-US
第6賽季 求生大師,Season 6 Survival Champ,en-US
第7赛季 求生大师,Season 7 Survival Champ,en-US
シーズン7 一流サバイバー,Season 7 Survival Champ,en-US
시즌7 생존 마스터,Season 7 Survival Champ,en-US
第7賽季 求生大師,Season 7 Survival Champ,en-US
第8赛季 求生大师,Season 8 Survival Champ,en-US
シーズン8 一流サバイバー,Season 8 Survival Champ,en-US
시즌8 생존 마스터,Season 8 Survival Champ,en-US
第8賽季 求生大師,Season 8 Survival Champ,en-US
第9赛季 求生大师,Season 9 Survival Champ,en-US
シーズン9 一流サバイバー,Season 9 Survival Champ,en-US
시즌9 생존 마스터,Season 9 Survival Champ,en-US
第9賽季 求生大師,Season 9 Survival Champ,en-US
第10赛季 求生大师,Season 10 Survival Champ,en-US
シーズン10 一流サバイバー,Season 10 Survival Champ,en-US
시즌10 생존 마스터,Season 10 Survival Champ,en-US
第10賽季 求生大師,Season 10 Survival Champ,en-US
第11赛季 求生大师,Season 11 Survival Champ,en-US
シーズン11 一流サバイバー,Season 11 Survival Champ,en-US
시즌11 생존 마스터,Season 11 Survival Champ,en-US
第11賽季 求生大師,Season 11 Survival Champ,en-US
第12赛季 求生大师,Season 12 Survival Champ,en-US
シーズン12 一流サバイバー,Season 12 Survival Champ,en-US
시즌12 생존 마스터,Season 12 Survival Champ,en-US
第12賽季 求生大師,Season 12 Survival Champ,en-US
第13赛季 求生大师,Season 13 Survival Champ,en-US
シーズン13 一流サバイバー,Season 13 Survival Champ,en-US
시즌13 생존 마스터,Season 13 Survival Champ,en-US
第13賽季 求生大師,Season 13 Survival Champ,en-US
第14赛季 求生大师,Season 14 Survival Champ,en-US
シーズン14 一流サバイバー,Season 14 Survival Champ,en-US
시즌14 생존 마스터,Season 14 Survival Champ,en-US
第14賽季 求生大師,Season 14 Survival Champ,en-US
第15赛季 求生大师,Season 15 Survival Champ,en-US
シーズン15 一流サバイバー,Season 15 Survival Champ,en-US
시즌15 생존 마스터,Season 15 Survival Champ,en-US
第15賽季 求生大師,Season 15 Survival Champ,en-US
第16赛季 求生大师,Season 16 Survival Champ,en-US
シーズン16 一流サバイバー,Season 16 Survival Champ,en-US
시즌16 생존 마스터,Season 16 Survival Champ,en-US
第16賽季 求生大師,Season 16 Survival Champ,en-US
惊奇冒险！渊海幽灵船传说！,Daring Adventure! The Ghost Ship Haunts the Deep,en-US
キケン？冒険？蒼海の幽霊船伝説！,Daring Adventure! The Ghost Ship Haunts the Deep,en-US
기묘한 모험! 심해 유령선의 전설!,Daring Adventure! The Ghost Ship Haunts the Deep,en-US
驚奇冒險！淵海幽靈船傳說！,Daring Adventure! The Ghost Ship Haunts the Deep,en-US
闪耀的使者与圣夜的精灵,"Radiant Messenger, Holy Night Spirit",en-US
煌めく使者と聖夜の精霊,"Radiant Messenger, Holy Night Spirit",en-US
반짝이는 사자와 이브의 정령,"Radiant Messenger, Holy Night Spirit",en-US
閃耀的使者與聖夜的精靈,"Radiant Messenger, Holy Night Spirit",en-US
微火的奇迹,Miracle of a Flicker,en-US
黎明告げる凱旋歌,Miracle of a Flicker,en-US
여명의 기적,Miracle of a Flicker,en-US
微火的奇跡,Miracle of a Flicker,en-US
烟火绚丽寻春意,Crackling Hint of Spring,en-US
爆ぜる火花は春へのしるべ,Crackling Hint of Spring,en-US
불꽃 속의 봄날,Crackling Hint of Spring,en-US
煙火綺麗尋春意,Crackling Hint of Spring,en-US
冬夜镇魂曲与破晓扳机,Winter Requiem and the Trigger of Dawn,en-US
武器を握るは誰がために,Winter Requiem and the Trigger of Dawn,en-US
겨울밤의 진혼곡 새벽의 방아쇠,Winter Requiem and the Trigger of Dawn,en-US
冬夜鎮魂曲與破曉扳機,Winter Requiem and the Trigger of Dawn,en-US
敬启，致珍重的你,To My Dearest You,en-US
拝啓、たいせつなあなたへ,To My Dearest You,en-US
To. 소중한 당신,To My Dearest You,en-US
敬啟，致珍重的你,To My Dearest You,en-US
幽夜独舞孤影乱,Solitary Waltz in Night's Embrace,en-US
夜暗に踊る狐独な影,Solitary Waltz in Night's Embrace,en-US
어두운 밤 홀로 춤추는 그림자,Solitary Waltz in Night's Embrace,en-US
幽夜獨舞孤影亂,Solitary Waltz in Night's Embrace,en-US
穿透心壁的取景框,Framing the Feelings Unseen,en-US
ファインダーの向こうに映るモノ,Framing the Feelings Unseen,en-US
프레임 밖에 비치는 것,Framing the Feelings Unseen,en-US
穿透心扉的觀景窗,Framing the Feelings Unseen,en-US
心跳！柔光狂想曲,Heartbeat! Neo-Inspired Rhapsody,en-US
ドキワク！ムーナワークスラプソティ！,Heartbeat! Neo-Inspired Rhapsody,en-US
두근두근! 무나 랩소디!,Heartbeat! Neo-Inspired Rhapsody,en-US
枪林弹雨覆黄沙,A Sandstorm of Gunfire,en-US
砂漠に捧ぐ弾丸,A Sandstorm of Gunfire,en-US
사막을 뒤덮은 총알 세례,A Sandstorm of Gunfire,en-US
槍林彈雨染黃沙,A Sandstorm of Gunfire,en-US
晴风碧海 · 悠哉盛夏依然打卡~,"Sunlit Breeze, Azure Seas: Checking In for A Cozy Summer~",en-US
ワーキングサマーバケーション,"Sunlit Breeze, Azure Seas: Checking In for A Cozy Summer~",en-US
푸른 바다·한여름에도 인증샷입니다만?!,"Sunlit Breeze, Azure Seas: Checking In for A Cozy Summer~",en-US
晴風碧海 · 慵懶盛夏 記得打卡～,"Sunlit Breeze, Azure Seas: Checking In for A Cozy Summer~",en-US
欢歌劲浪 · 闪耀假日惊涛探险！,Surfing Splash: A Sparkling Holiday Adventure!,en-US
ワーキングサマーアドベンチャー！,Surfing Splash: A Sparkling Holiday Adventure!,en-US
파도의 축제 · 찬란한 휴일 아찔한 모험!,Surfing Splash: A Sparkling Holiday Adventure!,en-US
踏浪歡歌·閃耀假日碧海奇旅！,Surfing Splash: A Sparkling Holiday Adventure!,en-US
奋斗吧！大小姐的旅人修炼手册！,"Go, My Lady! Training Handbook Plus!",en-US
奮闘！令嬢巡遊者の修行録！,"Go, My Lady! Training Handbook Plus!",en-US
파이팅! 아가씨의 여행가 수련 매뉴얼!,"Go, My Lady! Training Handbook Plus!",en-US
邁進吧！大小姐的旅人歷練日誌！,"Go, My Lady! Training Handbook Plus!",en-US
决战终焉·王牌,Endgame Ace,en-US
キングオブ大討伐,Endgame Ace,en-US
종언의 결전·패왕,Endgame Ace,en-US
決戰終焉·王牌,Endgame Ace,en-US
决战终焉·宗师,Endgame Master,en-US
ロードオブ大討伐,Endgame Master,en-US
종언의 결전·달인,Endgame Master,en-US
決戰終焉·宗師,Endgame Master,en-US
决战终焉·精英,Endgame Elite,en-US
ナイトオブ大討伐,Endgame Elite,en-US
종언의 결전·정예,Endgame Elite,en-US
決戰終焉·菁英,Endgame Elite,en-US
キングオブハンター,Endgame Ace,en-US
ロードオブハンター,Endgame Master,en-US
ナイトオブハンター,Endgame Elite,en-US
狩猎专家·王牌,Hunting Ace,en-US
キングオブハンター,Hunting Ace,en-US
사냥 전문가·패왕,Hunting Ace,en-US
狩獵專家·王牌,Hunting Ace,en-US
狩猎专家·宗师,Hunting Master,en-US
ロードオブハンター,Hunting Master,en-US
사냥 전문가·달인,Hunting Master,en-US
狩獵專家·宗师,Hunting Master,en-US
狩猎专家·精英,Hunting Elite,en-US
ナイトオブハンター,Hunting Elite,en-US
사냥 전문가·정예,Hunting Elite,en-US
狩獵專家·菁英,Hunting Elite,en-US
太空军校生 S1,Space Cadet S1,en-US
テクニシャンゲーマー S1,Space Cadet S1,en-US
우주 사관생도 S1,Space Cadet S1,en-US
太空軍校生 S1,Space Cadet S1,en-US
太空军校生 S2,Space Cadet S2,en-US
テクニシャンゲーマー S2,Space Cadet S2,en-US
우주 사관생도 S2,Space Cadet S2,en-US
太空軍校生 S2,Space Cadet S2,en-US
太空军校生 S3,Space Cadet S3,en-US
テクニシャンゲーマー S3,Space Cadet S3,en-US
우주 사관생도 S3,Space Cadet S3,en-US
太空軍校生 S3,Space Cadet S3,en-US
贝贝莉尔粉丝团,Lili Bae Club,en-US
シモベアー（？）,Lili Bae Club,en-US
엔젤곰 팬클럽,Lili Bae Club,en-US
莉莉貝爾粉絲團,Lili Bae Club,en-US
「猫临城下」系列称号,Cat-stle Siege Title Series,en-US
「キャットミーイフユーキャン」シリーズ称号,Cat-stle Siege Title Series,en-US
「캣 앳 더 게이트」 시리즈 칭호,Cat-stle Siege Title Series,en-US
「貓臨城下」系列稱號,Cat-stle Siege Title Series,en-US
打开,Open,en-US
開ける,Open,en-US
열기,Open,en-US
打開,Open,en-US
调查,Investigate,en-US
調べる,Investigate,en-US
조사,Investigate,en-US
調查,Investigate,en-US
对话,Talk,en-US
会話,Talk,en-US
대화,Talk,en-US
對話,Talk,en-US
强化,Enhance,en-US
強化,Enhance,en-US
강화,Enhance,en-US
乘坐,Ride,en-US
乗る,Ride,en-US
타기,Ride,en-US
最佳玩伴,Best Playmate,en-US
温室守望者,Greenhouse Guardian,en-US
温室管理人,Greenhouse Guardian,en-US
온실지기,Greenhouse Guardian,en-US
溫室守望者,Greenhouse Guardian,en-US
命定持刀人,The Chosen Blade,en-US
人刀一如,The Chosen Blade,en-US
운명의 사용자,The Chosen Blade,en-US
夺魂的悸动,Soul-Reaping Thrill,en-US
耽美の探求者,Soul-Reaping Thrill,en-US
영혼 탈취의 전율,Soul-Reaping Thrill,en-US
奪魂的悸動,Soul-Reaping Thrill,en-US
烟火绮丽寻春意,Crackling Hint of Spring,en-US
晴風碧海·慵懶盛夏 記得打卡～,"Sunlit Breeze, Azure Seas: Checking In for A Cozy Summer~",en-US
第1赛季 决战终焉·王牌,Season 1 Endgame Ace,en-US
シーズン1 キングオブ大討伐,Season 1 Endgame Ace,en-US
시즌1 종언의 결전·패왕,Season 1 Endgame Ace,en-US
第1賽季 決戰終焉·王牌,Season 1 Endgame Ace,en-US
第1赛季 决战终焉·宗师,Season 1 Endgame Master,en-US
シーズン1 ロードオブ大討伐,Season 1 Endgame Master,en-US
시즌1 종언의 결전·달인,Season 1 Endgame Master,en-US
第1賽季 決戰終焉·宗師,Season 1 Endgame Master,en-US
第1赛季 决战终焉·精英,Season 1 Endgame Elite,en-US
シーズン1 ナイトオブ大討伐,Season 1 Endgame Elite,en-US
시즌1 종언의 결전·정예,Season 1 Endgame Elite,en-US
第1賽季 決戰終焉·菁英,Season 1 Endgame Elite,en-US
第2赛季 决战终焉·王牌,Season 2 Endgame Ace,en-US
シーズン2 キングオブ大討伐,Season 2 Endgame Ace,en-US
시즌2 종언의 결전·패왕,Season 2 Endgame Ace,en-US
第2賽季 決戰終焉·王牌,Season 2 Endgame Ace,en-US
第2赛季 决战终焉·宗师,Season 2 Endgame Master,en-US
シーズン2 ロードオブ大討伐,Season 2 Endgame Master,en-US
시즌2 종언의 결전·달인,Season 2 Endgame Master,en-US
第2賽季 決戰終焉·宗師,Season 2 Endgame Master,en-US
第2赛季 决战终焉·精英,Season 2 Endgame Elite,en-US
シーズン2 ナイトオブ大討伐,Season 2 Endgame Elite,en-US
시즌2 종언의 결전·정예,Season 2 Endgame Elite,en-US
第2賽季 決戰終焉·菁英,Season 2 Endgame Elite,en-US
第3赛季 决战终焉·王牌,Season 3 Endgame Ace,en-US
シーズン3 キングオブ大討伐,Season 3 Endgame Ace,en-US
시즌3 종언의 결전·패왕,Season 3 Endgame Ace,en-US
第3賽季 決戰終焉·王牌,Season 3 Endgame Ace,en-US
第3赛季 决战终焉·宗师,Season 3 Endgame Master,en-US
シーズン3 ロードオブ大討伐,Season 3 Endgame Master,en-US
시즌3 종언의 결전·달인,Season 3 Endgame Master,en-US
第3賽季 決戰終焉·宗師,Season 3 Endgame Master,en-US
第3赛季 决战终焉·精英,Season 3 Endgame Elite,en-US
シーズン3 ナイトオブ大討伐,Season 3 Endgame Elite,en-US
시즌3 종언의 결전·정예,Season 3 Endgame Elite,en-US
第3賽季 決戰終焉·菁英,Season 3 Endgame Elite,en-US
第4赛季 决战终焉·王牌,Season 4 Endgame Ace,en-US
シーズン4 キングオブ大討伐,Season 4 Endgame Ace,en-US
시즌4 종언의 결전·패왕,Season 4 Endgame Ace,en-US
第4賽季 決戰終焉·王牌,Season 4 Endgame Ace,en-US
第4赛季 决战终焉·宗师,Season 4 Endgame Master,en-US
シーズン4 ロードオブ大討伐,Season 4 Endgame Master,en-US
시즌4 종언의 결전·달인,Season 4 Endgame Master,en-US
第4賽季 決戰終焉·宗師,Season 4 Endgame Master,en-US
第4赛季 决战终焉·精英,Season 4 Endgame Elite,en-US
シーズン4ナイトオブ大討伐,Season 4 Endgame Elite,en-US
시즌4 종언의 결전·정예,Season 4 Endgame Elite,en-US
第4賽季 決戰終焉·菁英,Season 4 Endgame Elite,en-US
第5赛季 决战终焉·王牌,Season 5 Endgame Ace,en-US
シーズン5 キングオブ大討伐,Season 5 Endgame Ace,en-US
시즌5 종언의 결전·패왕,Season 5 Endgame Ace,en-US
第5賽季 決戰終焉·王牌,Season 5 Endgame Ace,en-US
第5赛季 决战终焉·宗师,Season 5 Endgame Master,en-US
シーズン5 ロードオブ大討伐,Season 5 Endgame Master,en-US
시즌5 종언의 결전·달인,Season 5 Endgame Master,en-US
第5賽季 決戰終焉·宗師,Season 5 Endgame Master,en-US
第5赛季 决战终焉·精英,Season 5 Endgame Elite,en-US
シーズン5 ナイトオブ大討伐,Season 5 Endgame Elite,en-US
시즌5 종언의 결전·정예,Season 5 Endgame Elite,en-US
第5賽季 決戰終焉·菁英,Season 5 Endgame Elite,en-US
第6赛季 决战终焉·王牌,Season 6 Endgame Ace,en-US
シーズン6 キングオブ大討伐,Season 6 Endgame Ace,en-US
시즌6 종언의 결전·패왕,Season 6 Endgame Ace,en-US
第6賽季 決戰終焉·王牌,Season 6 Endgame Ace,en-US
第6赛季 决战终焉·宗师,Season 6 Endgame Master,en-US
シーズン6 ロードオブ大討伐,Season 6 Endgame Master,en-US
시즌6 종언의 결전·달인,Season 6 Endgame Master,en-US
第6賽季 決戰終焉·宗師,Season 6 Endgame Master,en-US
第6赛季 决战终焉·精英,Season 6 Endgame Elite,en-US
シーズン6 ナイトオブ大討伐,Season 6 Endgame Elite,en-US
시즌6 종언의 결전·정예,Season 6 Endgame Elite,en-US
第6賽季 決戰終焉·菁英,Season 6 Endgame Elite,en-US
第7赛季 决战终焉·王牌,Season 7 Endgame Ace,en-US
シーズン7 キングオブ大討伐,Season 7 Endgame Ace,en-US
시즌7 종언의 결전·패왕,Season 7 Endgame Ace,en-US
第7賽季 決戰終焉·王牌,Season 7 Endgame Ace,en-US
第7赛季 决战终焉·宗师,Season 7 Endgame Master,en-US
シーズン7 ロードオブ大討伐,Season 7 Endgame Master,en-US
시즌7 종언의 결전·달인,Season 7 Endgame Master,en-US
第7賽季 決戰終焉·宗師,Season 7 Endgame Master,en-US
第7赛季 决战终焉·精英,Season 7 Endgame Elite,en-US
シーズン7 ナイトオブ大討伐,Season 7 Endgame Elite,en-US
시즌7 종언의 결전·정예,Season 7 Endgame Elite,en-US
第7賽季 決戰終焉·菁英,Season 7 Endgame Elite,en-US
第1赛季 狩猎专家·王牌,Season 1 Hunting Ace,en-US
シーズン1 キングオブハンター,Season 1 Hunting Ace,en-US
시즌1 사냥 전문가·패왕,Season 1 Hunting Ace,en-US
第1賽季 狩獵專家·王牌,Season 1 Hunting Ace,en-US
第1赛季 狩猎专家·宗师,Season 1 Hunting Master,en-US
シーズン1 ロードオブハンター,Season 1 Hunting Master,en-US
시즌1 사냥 전문가·달인,Season 1 Hunting Master,en-US
第1賽季 狩獵專家·宗師,Season 1 Hunting Master,en-US
第1赛季 狩猎专家·精英,Season 1 Hunting Elite,en-US
シーズン1 ナイトオブハンター,Season 1 Hunting Elite,en-US
시즌1 사냥 전문가·정예,Season 1 Hunting Elite,en-US
第1賽季 狩獵專家·菁英,Season 1 Hunting Elite,en-US
第2赛季 狩猎专家·王牌,Season 2 Hunting Ace,en-US
シーズン2 キングオブハンター,Season 2 Hunting Ace,en-US
시즌2 사냥 전문가·패왕,Season 2 Hunting Ace,en-US
第2賽季 狩獵專家·王牌,Season 2 Hunting Ace,en-US
第2赛季 狩猎专家·宗师,Season 2 Hunting Master,en-US
シーズン2 ロードオブハンター,Season 2 Hunting Master,en-US
시즌2 사냥 전문가·달인,Season 2 Hunting Master,en-US
第2賽季 狩獵專家·宗師,Season 2 Hunting Master,en-US
第2赛季 狩猎专家·精英,Season 2 Hunting Elite,en-US
シーズン2 ナイトオブハンター,Season 2 Hunting Elite,en-US
시즌2 사냥 전문가·정예,Season 2 Hunting Elite,en-US
第2賽季 狩獵專家·菁英,Season 2 Hunting Elite,en-US
第3赛季 狩猎专家·王牌,Season 3 Hunting Ace,en-US
シーズン3 キングオブハンター,Season 3 Hunting Ace,en-US
시즌3 사냥 전문가·패왕,Season 3 Hunting Ace,en-US
第3賽季 狩獵專家·王牌,Season 3 Hunting Ace,en-US
第3赛季 狩猎专家·宗师,Season 3 Hunting Master,en-US
シーズン3 ロードオブハンター,Season 3 Hunting Master,en-US
시즌3 사냥 전문가·달인,Season 3 Hunting Master,en-US
第3賽季 狩獵專家·宗師,Season 3 Hunting Master,en-US
第3赛季 狩猎专家·精英,Season 3 Hunting Elite,en-US
シーズン3 ナイトオブハンター,Season 3 Hunting Elite,en-US
시즌3 사냥 전문가·정예,Season 3 Hunting Elite,en-US
第3賽季 狩獵專家·菁英,Season 3 Hunting Elite,en-US
第4赛季 狩猎专家·王牌,Season 4 Hunting Ace,en-US
シーズン4 キングオブハンター,Season 4 Hunting Ace,en-US
시즌4 사냥 전문가·패왕,Season 4 Hunting Ace,en-US
第4賽季 狩獵專家·王牌,Season 4 Hunting Ace,en-US
第4赛季 狩猎专家·宗师,Season 4 Hunting Master,en-US
シーズン4 ロードオブハンター,Season 4 Hunting Master,en-US
시즌4 사냥 전문가·달인,Season 4 Hunting Master,en-US
第4賽季 狩獵專家·宗師,Season 4 Hunting Master,en-US
第4赛季 狩猎专家·精英,Season 4 Hunting Elite,en-US
シーズン4 ナイトオブハンター,Season 4 Hunting Elite,en-US
시즌4 사냥 전문가·정예,Season 4 Hunting Elite,en-US
第3賽季 狩獵專家·菁英,Season 4 Hunting Elite,en-US
第5赛季 狩猎专家·王牌,Season 5 Hunting Ace,en-US
シーズン5 キングオブハンター,Season 5 Hunting Ace,en-US
시즌5 사냥 전문가·패왕,Season 5 Hunting Ace,en-US
第5賽季 狩獵專家·王牌,Season 5 Hunting Ace,en-US
第5赛季 狩猎专家·宗师,Season 5 Hunting Master,en-US
シーズン5 ロードオブハンター,Season 5 Hunting Master,en-US
시즌5 사냥 전문가·달인,Season 5 Hunting Master,en-US
第5賽季 狩獵專家·宗師,Season 5 Hunting Master,en-US
第5赛季 狩猎专家·精英,Season 5 Hunting Elite,en-US
シーズン5 ナイトオブハンター,Season 5 Hunting Elite,en-US
시즌5 사냥 전문가·정예,Season 5 Hunting Elite,en-US
第5賽季 狩獵專家·菁英,Season 5 Hunting Elite,en-US
第6赛季 狩猎专家·王牌,Season 6 Hunting Ace,en-US
シーズン6 キングオブハンター,Season 6 Hunting Ace,en-US
시즌6 사냥 전문가·패왕,Season 6 Hunting Ace,en-US
第6賽季 狩獵專家·王牌,Season 6 Hunting Ace,en-US
第6赛季 狩猎专家·宗师,Season 6 Hunting Master,en-US
シーズン6 ロードオブハンター,Season 6 Hunting Master,en-US
시즌6 사냥 전문가·달인,Season 6 Hunting Master,en-US
第6賽季 狩獵專家·宗師,Season 6 Hunting Master,en-US
第6赛季 狩猎专家·精英,Season 6 Hunting Elite,en-US
シーズン6 ナイトオブハンター,Season 6 Hunting Elite,en-US
시즌6 사냥 전문가·정예,Season 6 Hunting Elite,en-US
第6賽季 狩獵專家·菁英,Season 6 Hunting Elite,en-US
第7赛季 狩猎专家·王牌,Season 7 Hunting Expert: Ace,en-US
シーズン7 キングオブハンター,Season 7 Hunting Expert: Ace,en-US
시즌7 사냥 전문가·패왕,Season 7 Hunting Expert: Ace,en-US
第7賽季 狩獵專家·王牌,Season 7 Hunting Expert: Ace,en-US
第7赛季 狩猎专家·宗师,Season 7 Hunting Expert: Grandmaster,en-US
シーズン7 ロードオブハンター,Season 7 Hunting Expert: Grandmaster,en-US
시즌7 사냥 전문가·달인,Season 7 Hunting Expert: Grandmaster,en-US
第7賽季 狩獵專家·宗師,Season 7 Hunting Expert: Grandmaster,en-US
第7赛季 狩猎专家·精英,Season 7 Hunting Expert: Elite,en-US
シーズン7 ナイトオブハンター,Season 7 Hunting Expert: Elite,en-US
시즌7 사냥 전문가·정예,Season 7 Hunting Expert: Elite,en-US
第7賽季 狩獵專家·菁英,Season 7 Hunting Expert: Elite,en-US
第8赛季 狩猎专家·王牌,Season 8 Hunting Ace,en-US
シーズン8 キングオブハンター,Season 8 Hunting Ace,en-US
시즌8 사냥 전문가·패왕,Season 8 Hunting Ace,en-US
第8賽季 狩獵專家·王牌,Season 8 Hunting Ace,en-US
第8赛季 狩猎专家·宗师,Season 8 Hunting Master,en-US
シーズン8 ロードオブハンター,Season 8 Hunting Master,en-US
시즌8 사냥 전문가·달인,Season 8 Hunting Master,en-US
第8賽季 狩獵專家·宗師,Season 8 Hunting Master,en-US
第8赛季 狩猎专家·精英,Season 8 Hunting Elite,en-US
シーズン8 ナイトオブハンター,Season 8 Hunting Elite,en-US
시즌8 사냥 전문가·정예,Season 8 Hunting Elite,en-US
第8賽季 狩獵專家·菁英,Season 8 Hunting Elite,en-US
第9赛季 狩猎专家·王牌,Season 9 Hunting Ace,en-US
シーズン9 キングオブハンター,Season 9 Hunting Ace,en-US
시즌9 사냥 전문가·패왕,Season 9 Hunting Ace,en-US
第9賽季 狩獵專家·王牌,Season 9 Hunting Ace,en-US
第9赛季 狩猎专家·宗师,Season 9 Hunting Master,en-US
シーズン9 ロードオブハンター,Season 9 Hunting Master,en-US
시즌9 사냥 전문가·달인,Season 9 Hunting Master,en-US
第9賽季 狩獵專家·宗師,Season 9 Hunting Master,en-US
第9赛季 狩猎专家·精英,Season 9 Hunting Elite,en-US
シーズン9 ナイトオブハンター,Season 9 Hunting Elite,en-US
시즌9 사냥 전문가·정예,Season 9 Hunting Elite,en-US
第9賽季 狩獵專家·菁英,Season 9 Hunting Elite,en-US
第10赛季 狩猎专家·王牌,Season 10 Hunting Ace,en-US
シーズン10 キングオブハンター,Season 10 Hunting Ace,en-US
시즌10 사냥 전문가·패왕,Season 10 Hunting Ace,en-US
第10賽季 狩獵專家·王牌,Season 10 Hunting Ace,en-US
第10赛季 狩猎专家·宗师,Season 10 Hunting Master,en-US
シーズン10 ロードオブハンター,Season 10 Hunting Master,en-US
시즌10 사냥 전문가·달인,Season 10 Hunting Master,en-US
第10賽季 狩獵專家·宗師,Season 10 Hunting Master,en-US
第10赛季 狩猎专家·精英,Season 10 Hunting Elite,en-US
シーズン10 ナイトオブハンター,Season 10 Hunting Elite,en-US
시즌10 사냥 전문가·정예,Season 10 Hunting Elite,en-US
第10賽季 狩獵專家·菁英,Season 10 Hunting Elite,en-US
第11赛季 狩猎专家·王牌,Season 11 Hunting Ace,en-US
シーズン11 キングオブハンター,Season 11 Hunting Ace,en-US
시즌11 사냥 전문가·패왕,Season 11 Hunting Ace,en-US
第11賽季 狩獵專家·王牌,Season 11 Hunting Ace,en-US
第11赛季 狩猎专家·宗师,Season 11 Hunting Master,en-US
シーズン11 ロードオブハンター,Season 11 Hunting Master,en-US
시즌11 사냥 전문가·달인,Season 11 Hunting Master,en-US
第11賽季 狩獵專家·宗師,Season 11 Hunting Master,en-US
第11赛季 狩猎专家·精英,Season 11 Hunting Elite,en-US
シーズン11 ナイトオブハンター,Season 11 Hunting Elite,en-US
시즌11 사냥 전문가·정예,Season 11 Hunting Elite,en-US
第11賽季 狩獵專家·菁英,Season 11 Hunting Elite,en-US
第12赛季 狩猎专家·王牌,Season 12 Hunting Ace,en-US
シーズン12 キングオブハンター,Season 12 Hunting Ace,en-US
시즌12 사냥 전문가·패왕,Season 12 Hunting Ace,en-US
第12賽季 狩獵專家·王牌,Season 12 Hunting Ace,en-US
第12赛季 狩猎专家·宗师,Season 12 Hunting Master,en-US
シーズン12 ロードオブハンター,Season 12 Hunting Master,en-US
시즌12 사냥 전문가·달인,Season 12 Hunting Master,en-US
第12賽季 狩獵專家·宗師,Season 12 Hunting Master,en-US
第12赛季 狩猎专家·精英,Season 12 Hunting Elite,en-US
シーズン12 ナイトオブハンター,Season 12 Hunting Elite,en-US
시즌12 사냥 전문가·정예,Season 12 Hunting Elite,en-US
第12賽季 狩獵專家·菁英,Season 12 Hunting Elite,en-US
第13赛季 狩猎专家·王牌,Season 13 Hunting Ace,en-US
シーズン13 キングオブハンター,Season 13 Hunting Ace,en-US
시즌13 사냥 전문가·패왕,Season 13 Hunting Ace,en-US
第13賽季 狩獵專家·王牌,Season 13 Hunting Ace,en-US
第13赛季 狩猎专家·宗师,Season 13 Hunting Master,en-US
シーズン13 ロードオブハンター,Season 13 Hunting Master,en-US
시즌13 사냥 전문가·달인,Season 13 Hunting Master,en-US
第13賽季 狩獵專家·宗師,Season 13 Hunting Master,en-US
第13赛季 狩猎专家·精英,Season 13 Hunting Elite,en-US
シーズン13 ナイトオブハンター,Season 13 Hunting Elite,en-US
시즌13 사냥 전문가·정예,Season 13 Hunting Elite,en-US
第13賽季 狩獵專家·菁英,Season 13 Hunting Elite,en-US
第14赛季 狩猎专家·王牌,Season 14 Hunting Ace,en-US
シーズン14 キングオブハンター,Season 14 Hunting Ace,en-US
시즌14 사냥 전문가·패왕,Season 14 Hunting Ace,en-US
第14賽季 狩獵專家·王牌,Season 14 Hunting Ace,en-US
第14赛季 狩猎专家·宗师,Season 14 Hunting Master,en-US
シーズン14 ロードオブハンター,Season 14 Hunting Master,en-US
시즌14 사냥 전문가·달인,Season 14 Hunting Master,en-US
第14賽季 狩獵專家·宗師,Season 14 Hunting Master,en-US
第14赛季 狩猎专家·精英,Season 14 Hunting Elite,en-US
シーズン14 ナイトオブハンター,Season 14 Hunting Elite,en-US
시즌14 사냥 전문가·정예,Season 14 Hunting Elite,en-US
第14賽季 狩獵專家·菁英,Season 14 Hunting Elite,en-US
最美的祝福,Best Wishes,en-US
情熱的なペンギン,Best Wishes,en-US
아름다운 축복,Best Wishes,en-US
锐利的目光,The Sharp Gaze,en-US
鋭い眼差し,The Sharp Gaze,en-US
예리한 눈빛,The Sharp Gaze,en-US
銳利的目光,The Sharp Gaze,en-US
时有脆弱,Times of Fragility,en-US
ビクブルハート,Times of Fragility,en-US
연약한 순간,Times of Fragility,en-US
時有脆弱,Times of Fragility,en-US
节日美餐,Festival Feast,en-US
福を呼ぶごちそう,Festival Feast,en-US
진수성찬,Festival Feast,en-US
佳節饗宴,Festival Feast,en-US
青葱岁月,School Days,en-US
碧き想い出,School Days,en-US
청춘의 나날,School Days,en-US
青蔥歲月,School Days,en-US
灰常不安,Berry Unsettled,en-US
こっそりコソコソ,Berry Unsettled,en-US
불안한 마음,Berry Unsettled,en-US
“刀”的决心,A Sharpened Resolve,en-US
刀の葛藤,A Sharpened Resolve,en-US
‘칼’의 결심,A Sharpened Resolve,en-US
「刀」的決心,A Sharpened Resolve,en-US
天使降临,Angel Descends,en-US
法廷の天使,Angel Descends,en-US
천사 강림,Angel Descends,en-US
天使降臨,Angel Descends,en-US
摸鱼大师,Slacker Master,en-US
サボりの達人,Slacker Master,en-US
땡땡이 달인,Slacker Master,en-US
摸魚達人,Slacker Master,en-US
树树鼠代表,Shrubshrew Rep.,en-US
ウッドモット会長,Shrubshrew Rep.,en-US
우드모트 대표,Shrubshrew Rep.,en-US
樹樹鼠代表,Shrubshrew Rep.,en-US
夏日幻想,Summer Fantasy,en-US
8月32日,Summer Fantasy,en-US
여름의 환상,Summer Fantasy,en-US
前缀头衔:失忆,Prefix Title: Amnesia,en-US
称号：記憶喪失,Prefix Title: Amnesia,en-US
접두 칭호: 기억상실,Prefix Title: Amnesia,en-US
前綴頭銜：失憶,Prefix Title: Amnesia,en-US
前缀头衔:空白,Prefix Title: Blank,en-US
称号：空白,Prefix Title: Blank,en-US
접두 칭호: 공백,Prefix Title: Blank,en-US
前綴頭銜：空白,Prefix Title: Blank,en-US
前缀头衔:雏菊,Prefix Title: Daisy,en-US
称号：ヒナギク,Prefix Title: Daisy,en-US
접두 칭호: 히나기쿠,Prefix Title: Daisy,en-US
前綴頭銜：雛菊,Prefix Title: Daisy,en-US
前缀头衔:冷静,Prefix Title: Calm,en-US
称号：クール,Prefix Title: Calm,en-US
접두 칭호: 냉정한,Prefix Title: Calm,en-US
前綴頭銜：冷靜,Prefix Title: Calm,en-US
前缀头衔:帅气,Prefix Title: Cool,en-US
称号：かっこいい,Prefix Title: Cool,en-US
접두 칭호: 스타일리쉬한,Prefix Title: Cool,en-US
前綴頭銜：帥氣,Prefix Title: Cool,en-US
前缀头衔:睿智,Prefix Title: Wise,en-US
称号：叡智,Prefix Title: Wise,en-US
접두 칭호: 지혜로운,Prefix Title: Wise,en-US
前綴頭銜：睿智,Prefix Title: Wise,en-US
前缀头衔:森林,Prefix Title: Forest,en-US
称号：森の,Prefix Title: Forest,en-US
접두 칭호: 숲,Prefix Title: Forest,en-US
前綴頭銜：森林,Prefix Title: Forest,en-US
前缀头衔:运动系,Prefix Title: Athletic,en-US
称号：体育会系,Prefix Title: Athletic,en-US
접두 칭호: 스포츠맨,Prefix Title: Athletic,en-US
前綴頭銜：運動系,Prefix Title: Athletic,en-US
前缀头衔:文艺,Prefix Title: Artsy,en-US
称号：文系,Prefix Title: Artsy,en-US
접두 칭호: 예술적인,Prefix Title: Artsy,en-US
前綴頭銜：文藝,Prefix Title: Artsy,en-US
前缀头衔:博学,Prefix Title: Erudite,en-US
称号：博学な,Prefix Title: Erudite,en-US
접두 칭호: 박학다식한,Prefix Title: Erudite,en-US
前綴頭銜：博學,Prefix Title: Erudite,en-US
前缀头衔:风流,Prefix Title: Charmer,en-US
称号：おしゃれな,Prefix Title: Charmer,en-US
접두 칭호: 풍류가,Prefix Title: Charmer,en-US
前綴頭銜：風流,Prefix Title: Charmer,en-US
前缀头衔:热情,Prefix Title: Passionate,en-US
称号：情熱的な,Prefix Title: Passionate,en-US
접두 칭호: 열혈,Prefix Title: Passionate,en-US
前綴頭銜：熱情,Prefix Title: Passionate,en-US
前缀头衔:温室,Prefix Title: Greenhouse,en-US
称号：温室の,Prefix Title: Greenhouse,en-US
접두 칭호: 온실,Prefix Title: Greenhouse,en-US
前綴頭銜：溫室,Prefix Title: Greenhouse,en-US
前缀头衔:严谨,Prefix Title: Meticulous,en-US
称号：慎重,Prefix Title: Meticulous,en-US
접두 칭호: 진지한,Prefix Title: Meticulous,en-US
前綴頭銜：嚴謹,Prefix Title: Meticulous,en-US
前缀头衔:冷酷,Prefix Title: Cold,en-US
称号：冷酷な,Prefix Title: Cold,en-US
접두 칭호: 차가운,Prefix Title: Cold,en-US
前綴頭銜：冷酷,Prefix Title: Cold,en-US
前缀头衔:冠军,Prefix Title: Champion,en-US
称号：チャンピオン,Prefix Title: Champion,en-US
접두 칭호: 챔피언,Prefix Title: Champion,en-US
前綴頭銜：冠軍,Prefix Title: Champion,en-US
前缀头衔:荒野,Prefix Title: The Wilds,en-US
称号：荒野,Prefix Title: The Wilds,en-US
접두 칭호: 황야,Prefix Title: The Wilds,en-US
前綴頭銜：荒野,Prefix Title: The Wilds,en-US
前缀头衔:暗黑,Prefix Title: Dark,en-US
称号：漆黒の,Prefix Title: Dark,en-US
접두 칭호: 암흑,Prefix Title: Dark,en-US
前綴頭銜：暗黑,Prefix Title: Dark,en-US
前缀头衔:全能,Prefix Title: All-Rounder,en-US
全知全能,Prefix Title: All-Rounder,en-US
접두 칭호: 만능,Prefix Title: All-Rounder,en-US
前綴頭銜：全能,Prefix Title: All-Rounder,en-US
前缀头衔:可靠,Prefix Title: Dependable,en-US
頼れる,Prefix Title: Dependable,en-US
접두 칭호: 든든한,Prefix Title: Dependable,en-US
前綴頭銜：可靠,Prefix Title: Dependable,en-US
后缀头衔:魔王,Suffix Title: Tyrant,en-US
称号：魔王,Suffix Title: Tyrant,en-US
접미 칭호: 마왕,Suffix Title: Tyrant,en-US
後綴頭銜：魔王,Suffix Title: Tyrant,en-US
后缀头衔:旅人,Suffix Title: Trekker,en-US
称号：巡遊者,Suffix Title: Trekker,en-US
접미 칭호: 여행가,Suffix Title: Trekker,en-US
後綴頭銜：旅人,Suffix Title: Trekker,en-US
后缀头衔:管家,Suffix Title: Steward,en-US
称号：執事,Suffix Title: Steward,en-US
접미 칭호: 집사,Suffix Title: Steward,en-US
後綴頭銜：管家,Suffix Title: Steward,en-US
后缀头衔:老板,Suffix Title: Boss,en-US
称号：オーナー,Suffix Title: Boss,en-US
접미 칭호: 사장,Suffix Title: Boss,en-US
後綴頭銜：老闆,Suffix Title: Boss,en-US
后缀头衔:团长,Suffix Title: Captain,en-US
称号：リーダー,Suffix Title: Captain,en-US
접미 칭호: 단장,Suffix Title: Captain,en-US
後綴頭銜：團長,Suffix Title: Captain,en-US
后缀头衔:主理人,Suffix Title: Principal,en-US
称号：先駆者,Suffix Title: Principal,en-US
접미 칭호: 오너,Suffix Title: Principal,en-US
後綴頭銜：負責人,Suffix Title: Principal,en-US
后缀头衔:卫士,Suffix Title: Guardian,en-US
称号：守護者,Suffix Title: Guardian,en-US
접미 칭호: 경호원,Suffix Title: Guardian,en-US
後綴頭銜：衛士,Suffix Title: Guardian,en-US
后缀头衔:美食家,Suffix Title: Foodie,en-US
称号：美食家,Suffix Title: Foodie,en-US
접미 칭호: 미식가,Suffix Title: Foodie,en-US
後綴頭銜：美食家,Suffix Title: Foodie,en-US
后缀头衔:作家,Suffix Title: Author,en-US
称号：作家,Suffix Title: Author,en-US
접미 칭호: 작가,Suffix Title: Author,en-US
後綴頭銜：作家,Suffix Title: Author,en-US
后缀头衔:鉴赏家,Suffix Title: Appraiser,en-US
称号：評論家,Suffix Title: Appraiser,en-US
접미 칭호: 감정가,Suffix Title: Appraiser,en-US
後綴頭銜：鑑賞家,Suffix Title: Appraiser,en-US
后缀头衔:乐手,Suffix Title: Instrumentalist,en-US
称号：ミュージシャン,Suffix Title: Instrumentalist,en-US
접미 칭호: 악사,Suffix Title: Instrumentalist,en-US
後綴頭銜：樂手,Suffix Title: Instrumentalist,en-US
后缀头衔:忍者,Suffix Title: Ninja,en-US
称号：忍者,Suffix Title: Ninja,en-US
접미 칭호: 닌자,Suffix Title: Ninja,en-US
後綴頭銜：忍者,Suffix Title: Ninja,en-US
后缀头衔:守护者,Suffix Title: Protector,en-US
称号：守り手,Suffix Title: Protector,en-US
접미 칭호: 수호자,Suffix Title: Protector,en-US
後綴頭銜：守護者,Suffix Title: Protector,en-US
后缀头衔:地理学家,Suffix Title: Geographer,en-US
称号：地理学者,Suffix Title: Geographer,en-US
접미 칭호: 지리학자,Suffix Title: Geographer,en-US
後綴頭銜：地理學家,Suffix Title: Geographer,en-US
后缀头衔:老师,Suffix Title: Professor,en-US
称号：先生,Suffix Title: Professor,en-US
접미 칭호: 선생님,Suffix Title: Professor,en-US
後綴頭銜：老師,Suffix Title: Professor,en-US
后缀头衔:工匠,Suffix Title: Artisan,en-US
称号：マイスター,Suffix Title: Artisan,en-US
접미 칭호: 장인,Suffix Title: Artisan,en-US
後綴頭銜：工匠,Suffix Title: Artisan,en-US
后缀头衔:神枪手,Suffix Title: Sharpshooter,en-US
称号：神スナ,Suffix Title: Sharpshooter,en-US
접미 칭호: 명사수,Suffix Title: Sharpshooter,en-US
後綴頭銜：神槍手,Suffix Title: Sharpshooter,en-US
后缀头衔:大人,Suffix Title: Lord,en-US
称号：大人,Suffix Title: Lord,en-US
접미 칭호: 마스터,Suffix Title: Lord,en-US
後綴頭銜：大人,Suffix Title: Lord,en-US
后缀头衔:安全员,Suffix Title: Safety Officer,en-US
警備員,Suffix Title: Safety Officer,en-US
접미 칭호: 안전요원,Suffix Title: Safety Officer,en-US
後綴頭銜：救生員,Suffix Title: Safety Officer,en-US
后缀头衔:海员,Suffix Title: Sailor,en-US
船乗り,Suffix Title: Sailor,en-US
접미 칭호: 선원,Suffix Title: Sailor,en-US
後綴頭銜：船員,Suffix Title: Sailor,en-US
1월 1일,1-1,en-US
暂无来源,None,en-US
現在入手不可,None,en-US
리소스 없음,None,en-US
暫無來源,None,en-US
旅人养成,Trekker Development,en-US
巡遊者育成,Trekker Development,en-US
육성,Trekker Development,en-US
旅人養成,Trekker Development,en-US
征途票根商店,Journey Ticket,en-US
入塔記念チケットショップ,Journey Ticket,en-US
여정 티켓 상점,Journey Ticket,en-US
灾变防线商店,Cataclysm Survivor,en-US
骸魔防衛戦ショップ,Cataclysm Survivor,en-US
재앙의 전선 상점,Cataclysm Survivor,en-US
災變防線商店,Cataclysm Survivor,en-US
终焉绝响商店,A Finale Echoing,en-US
大討伐作戦ショップ,A Finale Echoing,en-US
종언의 노래 상점,A Finale Echoing,en-US
終焉絕響商店,A Finale Echoing,en-US
旅人优选,Trekker's Picks,en-US
巡遊者おすすめ,Trekker's Picks,en-US
여행가 특선,Trekker's Picks,en-US
旅人優選,Trekker's Picks,en-US
2월 1일,2-1,en-US
秘纹招募,Disc Banner,en-US
ガチャ,Disc Banner,en-US
레코드 모집,Disc Banner,en-US
祕紋招募,Disc Banner,en-US
巅峰揭幕-猫眼,Summit Show - Chaton,en-US
頂上決戦-シャトン,Summit Show - Chaton,en-US
정상결전- 샤통,Summit Show - Chaton,en-US
巔峰揭幕-貓眼,Summit Show - Chaton,en-US
巅峰揭幕-猫眼 难度2,Summit Show - Chaton [Difficulty 2],en-US
頂上決戦-シャトン 難易度2,Summit Show - Chaton [Difficulty 2],en-US
정상결전- 샤통 난이도 2,Summit Show - Chaton [Difficulty 2],en-US
巔峰揭幕-貓眼 難度2,Summit Show - Chaton [Difficulty 2],en-US
强敌讨伐,Enemy Hunting,en-US
首領討伐,Enemy Hunting,en-US
강적 토벌,Enemy Hunting,en-US
強敵討伐,Enemy Hunting,en-US
徽章背包,Emblem Bag,en-US
徽章バッグ,Emblem Bag,en-US
배지 가방,Emblem Bag,en-US
消耗品,Consumable,en-US
소모품,Consumable,en-US
巅峰揭幕,Summit Show,en-US
頂上決戦,Summit Show,en-US
정상결전,Summit Show,en-US
巔峰揭幕,Summit Show,en-US
出发界面,Start Interface,en-US
出発,Start Interface,en-US
출발 화면,Start Interface,en-US
出發介面,Start Interface,en-US
角色背包,Inventory,en-US
巡遊者リスト,Inventory,en-US
캐릭터 가방,Inventory,en-US
基础试炼-笔记,Basic Trial: Note,en-US
基礎研修-巡遊者ガイド,Basic Trial: Note,en-US
기본 시련-노트,Basic Trial: Note,en-US
基礎試煉-筆記,Basic Trial: Note,en-US
基础试炼-朵拉,Basic Trial: Dorra,en-US
基礎研修-ドーラ,Basic Trial: Dorra,en-US
기본 시련-도라,Basic Trial: Dorra,en-US
基礎試煉-朵拉,Basic Trial: Dorra,en-US
基础试炼-空唱片,Basic Trial: Blank Disc,en-US
基礎研修-レコード,Basic Trial: Blank Disc,en-US
기본 시련-빈 레코드,Basic Trial: Blank Disc,en-US
基礎試煉-空唱片,Basic Trial: Blank Disc,en-US
尘埃与烈焰,Dust and Flames,en-US
烈火と泥鉱,Dust and Flames,en-US
불꽃과 먼지,Dust and Flames,en-US
烈焰與塵埃,Dust and Flames,en-US
流水与暗影,Currents and Shadows,en-US
流水と暗影,Currents and Shadows,en-US
물과 그림자,Currents and Shadows,en-US
流水與暗影,Currents and Shadows,en-US
原初的迷途,Misstep On One,en-US
原初の迷路,Misstep On One,en-US
원초적 미로,Misstep On One,en-US
秘纹背包,Disc Bag,en-US
ロスレコリスト,Disc Bag,en-US
레코드 가방,Disc Bag,en-US
祕紋背包,Disc Bag,en-US
无极角斗,Infinite Arena,en-US
無限アリーナ,Infinite Arena,en-US
무한 배틀,Infinite Arena,en-US
無限競技,Infinite Arena,en-US
飒爽疾奏,Thrilling Beat,en-US
涼風の調べ,Thrilling Beat,en-US
호쾌한 속주,Thrilling Beat,en-US
颯爽疾奏,Thrilling Beat,en-US
荒垒震音,Shake The Floor,en-US
古城の喊声,Shake The Floor,en-US
고성의 트레몰로,Shake The Floor,en-US
荒壘震音,Shake The Floor,en-US
幽闭仪典,Sinister Ritual,en-US
密室の儀式,Sinister Ritual,en-US
유폐 의식,Sinister Ritual,en-US
幽閉儀式,Sinister Ritual,en-US
炽热狂舞,Flames and Beats,en-US
灼熱の狂舞,Flames and Beats,en-US
작열하는 광무,Flames and Beats,en-US
熾熱狂舞,Flames and Beats,en-US
清雅流歌,Elegance and Flow,en-US
麗しの流歌,Elegance and Flow,en-US
청아한 선율,Elegance and Flow,en-US
纷闪派对,Upbeat Party,en-US
閃光の饗宴,Upbeat Party,en-US
트윙클 파티,Upbeat Party,en-US
紛閃派對,Upbeat Party,en-US
主线故事,Main Story,en-US
メインストーリー,Main Story,en-US
메인 스토리,Main Story,en-US
主線故事,Main Story,en-US
技巧试炼-节奏卡带,Skill Trial: Rhythm Cartridge,en-US
技能研修-音楽カセット,Skill Trial: Rhythm Cartridge,en-US
기술 시련-리듬 게임 카트리지,Skill Trial: Rhythm Cartridge,en-US
技巧試煉-節奏卡帶,Skill Trial: Rhythm Cartridge,en-US
技巧试炼-射击卡带,Skill Trial: Shooter Game Cartridge,en-US
技能研修-弾幕カセット,Skill Trial: Shooter Game Cartridge,en-US
기술 시련-사격 게임 카트리지,Skill Trial: Shooter Game Cartridge,en-US
技巧試煉-射擊卡帶,Skill Trial: Shooter Game Cartridge,en-US
技巧试炼-格斗卡带,Skill Trial: Combat Cartridge,en-US
技能研修-格闘カセット,Skill Trial: Combat Cartridge,en-US
기술 시련-격투 게임 카트리지,Skill Trial: Combat Cartridge,en-US
技巧試煉-格鬥卡帶,Skill Trial: Combat Cartridge,en-US
风暴与闪电,Storm and Thunder,en-US
暴風と雷光,Storm and Thunder,en-US
폭풍과 번개,Storm and Thunder,en-US
風暴與閃電,Storm and Thunder,en-US
委托界面,Commission Interface,en-US
依頼,Commission Interface,en-US
의뢰 화면,Commission Interface,en-US
委託介面,Commission Interface,en-US
旅人邀约,Trekker Invitation,en-US
デート,Trekker Invitation,en-US
약속,Trekker Invitation,en-US
旅人邀約,Trekker Invitation,en-US
限时活动,Limited-time Event,en-US
期間限定イベント,Limited-time Event,en-US
기간 한정 이벤트,Limited-time Event,en-US
限時活動,Limited-time Event,en-US
赠礼邮寄,Mailed Gift,en-US
ギフトサービス,Mailed Gift,en-US
선물,Mailed Gift,en-US
贈禮郵寄,Mailed Gift,en-US
晋升试炼-终宵萤辉,Tier-up Trial: Evernight Emberflies,en-US
昇格試練-癒悦ノ光,Tier-up Trial: Evernight Emberflies,en-US
승급 시련-어웨이크너,Tier-up Trial: Evernight Emberflies,en-US
晉升試煉-終宵螢輝,Tier-up Trial: Evernight Emberflies,en-US
晋升试炼-热嘟噜噗男爵,Tier-up Trial: Count of the Duloos,en-US
昇格試練-空壺ノ王,Tier-up Trial: Count of the Duloos,en-US
승급 시련-뚜두뚜두 남작,Tier-up Trial: Count of the Duloos,en-US
晉升試煉-熱嘟嚕噗男爵,Tier-up Trial: Count of the Duloos,en-US
晋升试炼-怪诞舞者,Tier-up Trial: Grotesque Dancer,en-US
昇格試練-怪奇ノ霊,Tier-up Trial: Grotesque Dancer,en-US
승급 시련-기괴한 무용수,Tier-up Trial: Grotesque Dancer,en-US
晉升試煉-怪誕舞者,Tier-up Trial: Grotesque Dancer,en-US
自选包-%s,Choice Pack - %s,en-US
選択箱-%s,Choice Pack - %s,en-US
선택 패키지 -%s,Choice Pack - %s,en-US
自選包-%s,Choice Pack - %s,en-US
真格挑战-寄生之庭,Proving Grounds: Garden of Parasite,en-US
首領討伐-未恋ノ禍実,Proving Grounds: Garden of Parasite,en-US
진리 도전-기생의 정원,Proving Grounds: Garden of Parasite,en-US
真格挑戰-寄生之庭,Proving Grounds: Garden of Parasite,en-US
真格挑战-猛进之灵,Proving Grounds: Tusk Stomper,en-US
首領討伐-破砕ノ牙,Proving Grounds: Tusk Stomper,en-US
진리 도전-돌진하는 혼령,Proving Grounds: Tusk Stomper,en-US
真格挑戰-猛進之靈,Proving Grounds: Tusk Stomper,en-US
真格挑战-魔侍巨像,Proving Grounds: Spellbound Golem,en-US
首領討伐-太古ノ巨神兵,Proving Grounds: Spellbound Golem,en-US
진리 도전-태고의 거신병,Proving Grounds: Spellbound Golem,en-US
真格挑戰-魔侍巨像,Proving Grounds: Spellbound Golem,en-US
真格挑战-流风美人,Proving Grounds: Lithe Beauty,en-US
首領討伐-幻惑ノ花,Proving Grounds: Lithe Beauty,en-US
진리 도전-유풍의 미인,Proving Grounds: Lithe Beauty,en-US
真格挑戰-流風美人,Proving Grounds: Lithe Beauty,en-US
真格挑战-翠煌之刃,Proving Grounds: Blade of Jade,en-US
首領討伐-翠煌ノ刃,Proving Grounds: Blade of Jade,en-US
진리 도전-취황의 칼날,Proving Grounds: Blade of Jade,en-US
真格挑戰-翠煌之刃,Proving Grounds: Blade of Jade,en-US
真格挑战-咕噜六角鲸,Proving Grounds: Gobble Hexhorn Whale,en-US
首領討伐-激流ノ角鯨,Proving Grounds: Gobble Hexhorn Whale,en-US
진리 도전-격류의 뿔고래,Proving Grounds: Gobble Hexhorn Whale,en-US
真格挑戰-咕嚕六角鯨,Proving Grounds: Gobble Hexhorn Whale,en-US
王权-魔王养成,Throne: Tyrant Development,en-US
王権-魔王育成,Throne: Tyrant Development,en-US
권한-마왕 육성,Throne: Tyrant Development,en-US
王權-魔王養成,Throne: Tyrant Development,en-US
王权-今日事务,Throne: Daily Affairs,en-US
王権-日課,Throne: Daily Affairs,en-US
권한-일일 업무,Throne: Daily Affairs,en-US
王權-今日事務,Throne: Daily Affairs,en-US
王权-每周事务,Throne: Weekly Affairs,en-US
王権-週間課題,Throne: Weekly Affairs,en-US
권한-주간 업무,Throne: Weekly Affairs,en-US
王權-每週事務,Throne: Weekly Affairs,en-US
纹章试炼-好市民点数,Emblem Trial: Citizen Point,en-US
徽章試練-騎士道精神コイン,Emblem Trial: Citizen Point,en-US
배지 시련-모범 시민 점수,Emblem Trial: Citizen Point,en-US
紋章試煉-好市民點數,Emblem Trial: Citizen Point,en-US
纹章试炼-协会贡献证,Emblem Trial: Contribution Pass,en-US
徽章試練-冒険者の証,Emblem Trial: Contribution Pass,en-US
배지 시련-협회 공헌증,Emblem Trial: Contribution Pass,en-US
紋章試煉-協會貢獻證,Emblem Trial: Contribution Pass,en-US
关卡掉落,Dropped From Stage,en-US
ステージドロップ,Dropped From Stage,en-US
스테이지 드랍,Dropped From Stage,en-US
關卡掉落,Dropped From Stage,en-US
纹章试炼-恩赐消费券,Emblem Trial: Grace Voucher,en-US
徽章試練-信仰の証,Emblem Trial: Grace Voucher,en-US
배지 시련-은혜 소비 쿠폰,Emblem Trial: Grace Voucher,en-US
紋章試煉-恩賜消費券,Emblem Trial: Grace Voucher,en-US
活动卖场,Event Sale,en-US
おすすめ商品,Event Sale,en-US
할인 매장,Event Sale,en-US
活動賣場,Event Sale,en-US
王权-等级奖励,Throne: Level Rewards,en-US
王権-権限報酬,Throne: Level Rewards,en-US
권한-레벨 보상,Throne: Level Rewards,en-US
王權-等級獎勵,Throne: Level Rewards,en-US
基础试炼-不指定类型,Basic Trial: Any Type,en-US
基礎研修,Basic Trial: Any Type,en-US
기본 시련-임의 유형,Basic Trial: Any Type,en-US
基礎試煉-不指定類型,Basic Trial: Any Type,en-US
商店购买,Purchase From Shop,en-US
ショップ購入,Purchase From Shop,en-US
상점 구매,Purchase From Shop,en-US
商店購買,Purchase From Shop,en-US
地理协会,Trekker Association,en-US
地理協会,Trekker Association,en-US
지리 협회,Trekker Association,en-US
地理協會,Trekker Association,en-US
旅团管理部,Guild Management,en-US
地理協会,Guild Management,en-US
길드 관리부,Guild Management,en-US
旅團管理部,Guild Management,en-US
《星塔旅人》运营团队,Stella Sora Team,en-US
『ステラソラ』運営チーム,Stella Sora Team,en-US
「스텔라 소라」 운영팀,Stella Sora Team,en-US
《星塔旅人》營運團隊,Stella Sora Team,en-US
骸口夺珠,The Snatch,en-US
選択するは命か明日か,The Snatch,en-US
해골 구슬 뺏기,The Snatch,en-US
骸口奪珠,The Snatch,en-US
火力校准,Calibration,en-US
フルバースト,Calibration,en-US
화력 교정,Calibration,en-US
火力校正,Calibration,en-US
无梦之眠,Dreamless Sleep,en-US
虚ろな器,Dreamless Sleep,en-US
꿈 없는 숙면,Dreamless Sleep,en-US
無夢之眠,Dreamless Sleep,en-US
别有洞天,Surprise,en-US
手を伸ばせば届く希望,Surprise,en-US
새로운 세상,Surprise,en-US
別有洞天,Surprise,en-US
许愿盒,Wish Box,en-US
祈願箱,Wish Box,en-US
소원함,Wish Box,en-US
許願盒,Wish Box,en-US
危急决策,Critical Decision,en-US
なにがなんでも,Critical Decision,en-US
위급한 결단,Critical Decision,en-US
危急決策,Critical Decision,en-US
第一次接触,First Contact,en-US
ファーストコンタクト,First Contact,en-US
첫 번째 접촉,First Contact,en-US
第一次接觸,First Contact,en-US
梦醒时分,The Awakening Reset,en-US
夢の終わり,The Awakening Reset,en-US
꿈에서 깨어날 때,The Awakening Reset,en-US
夢醒時分,The Awakening Reset,en-US
似曾相识,Déjà Vu,en-US
既視感,Déjà Vu,en-US
데자뷔,Déjà Vu,en-US
似曾相識,Déjà Vu,en-US
旧梦之墟,Dream Ruins,en-US
夢の中の廃墟,Dream Ruins,en-US
오랜 꿈의 폐허,Dream Ruins,en-US
舊夢之墟,Dream Ruins,en-US
迈步,Stride,en-US
あなたのもとへ,Stride,en-US
발걸음,Stride,en-US
邁步,Stride,en-US
旧友？,Old Friend?,en-US
懐かしい呼び声,Old Friend?,en-US
옛 친구?,Old Friend?,en-US
老友？,Old Friend?,en-US
回眸,Look Back,en-US
残された時間,Look Back,en-US
눈길,Look Back,en-US
星塔,Monolith,en-US
星ノ塔,Monolith,en-US
별의 탑,Monolith,en-US
直面,Face Head-on,en-US
逃れようのない現実,Face Head-on,en-US
직면,Face Head-on,en-US
驾驶,Drive,en-US
わくわくドライブ,Drive,en-US
운전,Drive,en-US
駕駛,Drive,en-US
埃摩的日常1,Daily Life in Emor 1,en-US
ノヴァの日常-1-,Daily Life in Emor 1,en-US
아모르의 일상1,Daily Life in Emor 1,en-US
埃摩的日常2,Daily Life in Emor 2,en-US
ノヴァの日常-2-,Daily Life in Emor 2,en-US
아모르의 일상2,Daily Life in Emor 2,en-US
埃摩的日常3,Daily Life in Emor 3,en-US
ノヴァの日常-3-,Daily Life in Emor 3,en-US
아모르의 일상3,Daily Life in Emor 3,en-US
千塔之城,City of a Thousand Monoliths,en-US
アモール-千塔の都-,City of a Thousand Monoliths,en-US
천 탑의 도시,City of a Thousand Monoliths,en-US
印章与玻璃板,Seal and Glass,en-US
不思議な駒とガラスの板,Seal and Glass,en-US
도장과 유리 패널,Seal and Glass,en-US
印章與玻璃板,Seal and Glass,en-US
手机？,Phone?,en-US
ケータイ（？）,Phone?,en-US
휴대폰?,Phone?,en-US
手機？,Phone?,en-US
昨日与远方,Yesterday and the Far Away,en-US
当時の生活,Yesterday and the Far Away,en-US
어제와 저 너머,Yesterday and the Far Away,en-US
昨日與遠方,Yesterday and the Far Away,en-US
别人家的孩子,That Kid,en-US
『あたし』と『私』,That Kid,en-US
엄친딸,That Kid,en-US
別人家的孩子,That Kid,en-US
所见之事,What You See,en-US
目の前の現実,What You See,en-US
목격한 일,What You See,en-US
所見之事,What You See,en-US
逃,Run,en-US
小さな芽,Run,en-US
도망,Run,en-US
决心,The Determination,en-US
覚悟,The Determination,en-US
결심,The Determination,en-US
決心,The Determination,en-US
蓦然回首,Turning Around,en-US
壁の向こう側,Turning Around,en-US
돌연한 회상,Turning Around,en-US
驀然回首,Turning Around,en-US
仁义与刀,Code of Honor,en-US
刹那の閃き,Code of Honor,en-US
의와 칼,Code of Honor,en-US
道義與刀,Code of Honor,en-US
何以为家,Nowhere to Call Home,en-US
帰るべき場所,Nowhere to Call Home,en-US
집이라는 곳,Nowhere to Call Home,en-US
何以為家,Nowhere to Call Home,en-US
出鞘,Blade Out,en-US
冴えわたる白刃,Blade Out,en-US
발검,Blade Out,en-US
观察,A Close Look,en-US
観察眼,A Close Look,en-US
관찰,A Close Look,en-US
觀察,A Close Look,en-US
决意,The Resolution,en-US
見切り,The Resolution,en-US
결의,The Resolution,en-US
決意,The Resolution,en-US
余波,The Aftermath,en-US
一撃必殺,The Aftermath,en-US
여파,The Aftermath,en-US
餘波,The Aftermath,en-US
无我之刃,Blade of No-self,en-US
無我の刀身,Blade of No-self,en-US
무아의 검,Blade of No-self,en-US
無我之刃,Blade of No-self,en-US
惊诧,The Surprise,en-US
驚愕,The Surprise,en-US
경이와 충격,The Surprise,en-US
驚詫,The Surprise,en-US
永夜的认可,Nocturn Eterna's Approval,en-US
真の怪物,Nocturn Eterna's Approval,en-US
영야의 인정,Nocturn Eterna's Approval,en-US
永夜的認可,Nocturn Eterna's Approval,en-US
水道桥上的风,The Wind on Waterway Bridge,en-US
出会いと別れ,The Wind on Waterway Bridge,en-US
수도교 위의 바람,The Wind on Waterway Bridge,en-US
水道橋上的風,The Wind on Waterway Bridge,en-US
娃娃机“仙人”,Lord of the Prize Claw,en-US
対決！森のクレーンマスター,Lord of the Prize Claw,en-US
인형뽑기 ‘고수’,Lord of the Prize Claw,en-US
夾娃娃機「仙人」,Lord of the Prize Claw,en-US
安心的角落,Restful Corner,en-US
わたしの指定席,Restful Corner,en-US
안심의 구석,Restful Corner,en-US
无意识的勇气,Unconscious Courage,en-US
花開く力,Unconscious Courage,en-US
무의식의 용기,Unconscious Courage,en-US
無意識的勇氣,Unconscious Courage,en-US
全力一击,All-Out Strike,en-US
小さな少女の大きな背中,All-Out Strike,en-US
전력 일격,All-Out Strike,en-US
全力一擊,All-Out Strike,en-US
向前一步的决意,Resolute Step Forward,en-US
師弟関係,Resolute Step Forward,en-US
한 걸음의 결심,Resolute Step Forward,en-US
向前一步的決意,Resolute Step Forward,en-US
绝境交心,Shared Resolve,en-US
近づく心,Shared Resolve,en-US
위기 속 교감,Shared Resolve,en-US
絕境交心,Shared Resolve,en-US
递进的温暖,Deepening Warmth,en-US
傘をあなたに,Deepening Warmth,en-US
깊어지는 온기,Deepening Warmth,en-US
遞進的溫暖,Deepening Warmth,en-US
花令旅团,Petal Bloom,en-US
雨のち花,Petal Bloom,en-US
하나사키 여단,Petal Bloom,en-US
花令旅團,Petal Bloom,en-US
破镜之人,The Breaker of Bonds,en-US
消せない英雄,The Breaker of Bonds,en-US
거울을 깨는 자,The Breaker of Bonds,en-US
破鏡之人,The Breaker of Bonds,en-US
月下美人,Beauty Under the Moon,en-US
星下美人,Beauty Under the Moon,en-US
월하미인,Beauty Under the Moon,en-US
圆梦,Wish Fulfilled,en-US
幸せのカタチ,Wish Fulfilled,en-US
이루어진 꿈,Wish Fulfilled,en-US
圓夢,Wish Fulfilled,en-US
家庭的影子,Shadow of Home,en-US
元気チャージ,Shadow of Home,en-US
가족의 그림자,Shadow of Home,en-US
落于暗夜的荧光,A Spark in the Dark,en-US
これが魔女の生き様,A Spark in the Dark,en-US
짙은 밤에 드리운 불빛,A Spark in the Dark,en-US
落於暗夜的螢光,A Spark in the Dark,en-US
鹰视狼顾,Predatory Gaze,en-US
回避不能な分水嶺,Predatory Gaze,en-US
호시탐탐,Predatory Gaze,en-US
鷹視狼顧,Predatory Gaze,en-US
倾斜的天平,Broken Balance,en-US
鎌首をもたげた大蛇,Broken Balance,en-US
기울어진 저울,Broken Balance,en-US
傾斜的天平,Broken Balance,en-US
恒温的时光,Lingering Warmth,en-US
憧れの父,Lingering Warmth,en-US
상온의 시간,Lingering Warmth,en-US
恆溫的時光,Lingering Warmth,en-US
沉默的引信,A Silent Fuse,en-US
沈黙の導火線,A Silent Fuse,en-US
침묵의 도화선,A Silent Fuse,en-US
歧路,The Crossroad,en-US
分かたれた友情,The Crossroad,en-US
갈림길,The Crossroad,en-US
昂首阔步的信念,The Strides of Unshaken Faith,en-US
記憶の坩堝,The Strides of Unshaken Faith,en-US
당당한 신념,The Strides of Unshaken Faith,en-US
昂首闊步的信念,The Strides of Unshaken Faith,en-US
漫长时光的共犯,Accomplices of the Endless Hour,en-US
3年と268日,Accomplices of the Endless Hour,en-US
오랜 공범,Accomplices of the Endless Hour,en-US
漫長時光的共犯,Accomplices of the Endless Hour,en-US
愿你莞尔成常,Ever-Smiling You,en-US
未来を照らす銀の光,Ever-Smiling You,en-US
당신의 웃음이 영원하기를,Ever-Smiling You,en-US
願你莞爾成常,Ever-Smiling You,en-US
霁月悬虹,Clear Moon & Hanging Rainbow,en-US
月下に咲く忍びの花,Clear Moon & Hanging Rainbow,en-US
맑은 달과 무지개,Clear Moon & Hanging Rainbow,en-US
霽月懸虹,Clear Moon & Hanging Rainbow,en-US
携你同坠,Fall With You,en-US
君と墜ちる夜,Fall With You,en-US
함께하는 추락,Fall With You,en-US
攜你同墜,Fall With You,en-US
陌生的味道,Unfamiliar Scent,en-US
狐につままれて,Unfamiliar Scent,en-US
낯선 향기,Unfamiliar Scent,en-US
故剑重逢,Blades Reunited,en-US
再会の銘刀,Blades Reunited,en-US
다시 만난 옛 칼,Blades Reunited,en-US
故劍重逢,Blades Reunited,en-US
得君拭尘露锋芒,"Dust Off, Blade Out",en-US
主が為に磨かれし一閃,"Dust Off, Blade Out",en-US
먼지를 닦자 드러난 서슬,"Dust Off, Blade Out",en-US
得君拭塵露鋒芒,"Dust Off, Blade Out",en-US
永恒的安眠,Eternal Slumber,en-US
永遠の安らぎ,Eternal Slumber,en-US
영원한 안식,Eternal Slumber,en-US
永恆的安眠,Eternal Slumber,en-US
温情脉脉,Tender Affection,en-US
ママの愛情,Tender Affection,en-US
넘치는 온정,Tender Affection,en-US
溫情脈脈,Tender Affection,en-US
三滴光明,Three Drops of Radiance,en-US
小さな光,Three Drops of Radiance,en-US
세 방울의 빛,Three Drops of Radiance,en-US
黎明将至,Dawn Is Near,en-US
新たな日の出,Dawn Is Near,en-US
다가오는 여명,Dawn Is Near,en-US
黎明將至,Dawn Is Near,en-US
甲光向日,Sunward Gleam,en-US
瞳の見据える先に,Sunward Gleam,en-US
햇빛에 반짝이는 갑옷,Sunward Gleam,en-US
掌心之暖,Warmth of Your Grip,en-US
あたたかな掌,Warmth of Your Grip,en-US
손의 온기,Warmth of Your Grip,en-US
绿洲欢迎会,Oasis Welcome Party,en-US
ようこそ空白旅団へ,Oasis Welcome Party,en-US
오아시스 환영회,Oasis Welcome Party,en-US
綠洲歡迎會,Oasis Welcome Party,en-US
夜放花千树,A Thousand Blossoms by Night,en-US
光の川で遊ぶ魚,A Thousand Blossoms by Night,en-US
천 그루 꽃이 피는 밤,A Thousand Blossoms by Night,en-US
夜放花千樹,A Thousand Blossoms by Night,en-US
抹茶梦语,Matcha Dreaming,en-US
心惑わす濃緑雪,Matcha Dreaming,en-US
말차의 잠꼬대,Matcha Dreaming,en-US
抹茶夢語,Matcha Dreaming,en-US
办公桌上的甜梦,Sweet Dreams in the Office,en-US
サボりの極意,Sweet Dreams in the Office,en-US
책상 위 짧은 단잠,Sweet Dreams in the Office,en-US
辦公桌上的美夢,Sweet Dreams in the Office,en-US
骑士反转大漂移,Knight's Reversal Drift,en-US
吼えろ！正義の魂！,Knight's Reversal Drift,en-US
기사의 리버스 드리프트,Knight's Reversal Drift,en-US
騎士反轉大甩尾,Knight's Reversal Drift,en-US
雪愿的回响,Wish in the Snow,en-US
やさしさの便り,Wish in the Snow,en-US
한겨울 소원의 울림,Wish in the Snow,en-US
雪願的迴響,Wish in the Snow,en-US
真理的囚徒,Captive of Truth,en-US
異端者たちのロゴス,Captive of Truth,en-US
진리라는 굴레,Captive of Truth,en-US
临时搭档,One-Day Partner,en-US
MY SweeT wItch,One-Day Partner,en-US
임시 파트너,One-Day Partner,en-US
臨時搭檔,One-Day Partner,en-US
丰收日,A Day of Harvest,en-US
黄金のわらしべ長者,A Day of Harvest,en-US
수확일,A Day of Harvest,en-US
豐收日,A Day of Harvest,en-US
晨间溜走的信使,Slipping into Sunlight,en-US
ヨロズ配達の大作戦,Slipping into Sunlight,en-US
아침부터 분주한 배달원,Slipping into Sunlight,en-US
晨間溜走的信使,Slipping into Sunlight,en-US
眼眸中的彼此,"You, In My Eyes",en-US
魂のカタチ,"You, In My Eyes",en-US
눈동자에 비친 서로의 모습,"You, In My Eyes",en-US
大小姐与俏女仆,The Missy and the Saucy Maid,en-US
レディ・デパーチャー,The Missy and the Saucy Maid,en-US
아가씨와 메이드 소녀,The Missy and the Saucy Maid,en-US
大小姐與俏女僕,The Missy and the Saucy Maid,en-US
跨越星声的对话,Resonance Beyond the Starlight,en-US
君に捧ぐ独り舞台,Resonance Beyond the Starlight,en-US
별과 소리 너머의 공명,Resonance Beyond the Starlight,en-US
星聲彼端的共鳴,Resonance Beyond the Starlight,en-US
可爱依赖症候群,Cuteness Dependency Syndrome,en-US
ヒロインの極意,Cuteness Dependency Syndrome,en-US
귀여움 의존 증후군,Cuteness Dependency Syndrome,en-US
可愛依存症候群,Cuteness Dependency Syndrome,en-US
此间日常,Life Goes On,en-US
今日も窓を開けて,Life Goes On,en-US
그저 그렇게 또 하루를,Life Goes On,en-US
此間日常,Life Goes On,en-US
最珍贵的宝物,The Most Precious Treasure,en-US
宝よりも大事なもの,The Most Precious Treasure,en-US
가장 소중한 보물,The Most Precious Treasure,en-US
最珍貴的寶物,The Most Precious Treasure,en-US
"获得形象后解锁 ""玩心无邪""",Acquire the appearance to unlock Playful Innocence,en-US
アナザーイメージ いたずらっこのお留守番 入手後獲得,Acquire the appearance to unlock Playful Innocence,en-US
스킨 획득 후 「어흥냥이」 오픈,Acquire the appearance to unlock Playful Innocence,en-US
獲得形象後解鎖 「玩心無邪」,Acquire the appearance to unlock Playful Innocence,en-US
"获得形象后解锁 ""邀你静心，悠然一夏""",Acquire the appearance to unlock Ease Into an Unhurried Summer,en-US
アナザーイメージ カムカムサマータイム 入手後獲得,Acquire the appearance to unlock Ease Into an Unhurried Summer,en-US
스킨 획득 후 「느긋한 여름의 초대장」 오픈,Acquire the appearance to unlock Ease Into an Unhurried Summer,en-US
獲得形象後解鎖 「靜享沁涼，悠然一夏」,Acquire the appearance to unlock Ease Into an Unhurried Summer,en-US
"获得形象后解锁 ""此即吾之正义！""",Acquire the appearance to unlock This Is My Justice!,en-US
アナザーイメージ イッツ・マイ・ジャスティス！ 入手後獲得,Acquire the appearance to unlock This Is My Justice!,en-US
스킨 획득 후 「이것이 나의 정의!」 오픈,Acquire the appearance to unlock This Is My Justice!,en-US
獲得形象後解鎖 「此即吾之正義！」,Acquire the appearance to unlock This Is My Justice!,en-US
"获得形象后解锁 ""光彩闪亮，斗志昂扬""","Acquire the appearance to unlock Shining Bright, Spirits High",en-US
アナザーイメージ ブライトアップ、チアアップ 入手後獲得,"Acquire the appearance to unlock Shining Bright, Spirits High",en-US
스킨 획득 후 「눈부시게 당당하게」 오픈,"Acquire the appearance to unlock Shining Bright, Spirits High",en-US
獲得形象後解鎖 「盛夏流光，昂首逐浪」,"Acquire the appearance to unlock Shining Bright, Spirits High",en-US
"获得形象后解锁 ""1/365的你""",Acquire the appearance to unlock The 1/365th of You,en-US
アナザーイメージ 1/365の君と 入手後獲得,Acquire the appearance to unlock The 1/365th of You,en-US
스킨 획득 후 「1/365의 그대와」 오픈,Acquire the appearance to unlock The 1/365th of You,en-US
獲得形象後解鎖 「1/365的你」,Acquire the appearance to unlock The 1/365th of You,en-US
"获得形象后解锁 ""邀你欢喜，轻波漂游""",Acquire the appearance to unlock Drifting Together on Gentle Waves,en-US
アナザーイメージ プカプカサマータイム 入手後獲得,Acquire the appearance to unlock Drifting Together on Gentle Waves,en-US
스킨 획득 후 「기쁜 이 순간 물결을 타고」 오픈,Acquire the appearance to unlock Drifting Together on Gentle Waves,en-US
獲得形象後解鎖 「伴你清歡，輕波漂游」,Acquire the appearance to unlock Drifting Together on Gentle Waves,en-US
"获得形象后解锁 ""日晒的余温""",Acquire the appearance to unlock Lingering Sunlight,en-US
アナザーイメージ 日焼けあとの思い出 入手後獲得,Acquire the appearance to unlock Lingering Sunlight,en-US
스킨 획득 후 「햇살의 온기」 오픈,Acquire the appearance to unlock Lingering Sunlight,en-US
獲得形象後解鎖 「日曬的餘溫」,Acquire the appearance to unlock Lingering Sunlight,en-US
"获得形象后解锁 ""辣就试试看吧！""",Acquire the appearance to unlock Feeling Spicy? Take the Heat!,en-US
アナザーイメージ 負けるな！マジカルガール！ 入手後獲得,Acquire the appearance to unlock Feeling Spicy? Take the Heat!,en-US
스킨 획득 후 「매운맛 좀 볼래?!」 오픈,Acquire the appearance to unlock Feeling Spicy? Take the Heat!,en-US
獲得形象後解鎖 「辣就來試試！」,Acquire the appearance to unlock Feeling Spicy? Take the Heat!,en-US
"获得形象后解锁 ""郁蓊恒温室中憩""",Acquire the appearance to unlock Repose in the Ever-Warm Shade,en-US
アナザーイメージ 眠り姫の光合成 入手後獲得,Acquire the appearance to unlock Repose in the Ever-Warm Shade,en-US
스킨 획득 후 「잠자는 온실 속의 공주」 오픈,Acquire the appearance to unlock Repose in the Ever-Warm Shade,en-US
獲得形象後解鎖 「綠蔭深處睡美人」,Acquire the appearance to unlock Repose in the Ever-Warm Shade,en-US
"获得形象后解锁 ""异国风起时""",Acquire the appearance to unlock When Distant Winds Rise,en-US
アナザーイメージ 異国情緒で準備中 入手後獲得,Acquire the appearance to unlock When Distant Winds Rise,en-US
스킨 획득 후 「낯선 바람이 불어올 때」 오픈,Acquire the appearance to unlock When Distant Winds Rise,en-US
獲得形象後解鎖 「異國風起時」,Acquire the appearance to unlock When Distant Winds Rise,en-US
"获得形象后解锁 ""胜利的方程式""",Acquire the appearance to unlock The Formula for Victory,en-US
アナザーイメージ 狙え、サービスエース！ 入手後獲得,Acquire the appearance to unlock The Formula for Victory,en-US
스킨 획득 후 「승리의 방정식」 오픈,Acquire the appearance to unlock The Formula for Victory,en-US
獲得形象後解鎖 「勝利的方程式」,Acquire the appearance to unlock The Formula for Victory,en-US
"获得形象后解锁 ""漫游奇境的森林公主""",Acquire the appearance to unlock Princess of the Wondrous Wilds,en-US
アナザーイメージ 不思議の国のアンズ 入手後獲得,Acquire the appearance to unlock Princess of the Wondrous Wilds,en-US
스킨 획득 후 「이상한 나라의 복슬 공주」 오픈,Acquire the appearance to unlock Princess of the Wondrous Wilds,en-US
獲得形象後解鎖 「漫步奇境的森林公主」,Acquire the appearance to unlock Princess of the Wondrous Wilds,en-US
"获得形象后解锁 ""落雪的赠礼""",Acquire the appearance to unlock The Gift of Falling Snow,en-US
アナザーイメージ 雪降る夜の贈り物 入手後獲得,Acquire the appearance to unlock The Gift of Falling Snow,en-US
스킨 획득 후 「눈 내리는 밤의 선물」 오픈,Acquire the appearance to unlock The Gift of Falling Snow,en-US
獲得形象後解鎖 「落雪的贈禮」,Acquire the appearance to unlock The Gift of Falling Snow,en-US
"获得形象后解锁 ""新人勇者前来报到""",Acquire the appearance to unlock Rookie Hero Reporting In,en-US
アナザーイメージ ビギナー勇者 入手後獲得,Acquire the appearance to unlock Rookie Hero Reporting In,en-US
스킨 획득 후 「오늘부터 신입 용사!」 오픈,Acquire the appearance to unlock Rookie Hero Reporting In,en-US
獲得形象後解鎖 「新人勇者前來報到」,Acquire the appearance to unlock Rookie Hero Reporting In,en-US
第1期创业激励基金 解锁大亨尊享补贴获得,Royal Grant of Startup Grant (Season 1),en-US
第1期事業支援 ミラクルコース報酬,Royal Grant of Startup Grant (Season 1),en-US
제1회 창업 지원 패스 럭셔리 지원금 오픈,Royal Grant of Startup Grant (Season 1),en-US
第1期創業激勵基金 解鎖大亨尊享補貼獲得,Royal Grant of Startup Grant (Season 1),en-US
第2期创业激励基金 解锁大亨尊享补贴获得,Royal Grant of Startup Grant (Season 2),en-US
第2期事業支援 ミラクルコース報酬,Royal Grant of Startup Grant (Season 2),en-US
제2회 창업 지원 패스 럭셔리 지원금 오픈,Royal Grant of Startup Grant (Season 2),en-US
第2期創業激勵基金 解鎖大亨尊享補貼獲得,Royal Grant of Startup Grant (Season 2),en-US
第3期创业激励基金 解锁大亨尊享补贴获得,Royal Grant of Startup Grant (Season 3),en-US
第3期事業支援 ミラクルコース報酬,Royal Grant of Startup Grant (Season 3),en-US
제3회 창업 지원 패스 럭셔리 지원금 오픈,Royal Grant of Startup Grant (Season 3),en-US
第3期創業激勵基金 解鎖大亨尊享補貼獲得,Royal Grant of Startup Grant (Season 3),en-US
第4期创业激励基金 解锁大亨尊享补贴获得,Royal Grant of Startup Grant (Season 4),en-US
第4期事業支援 ミラクルコース報酬,Royal Grant of Startup Grant (Season 4),en-US
제4회 창업 지원 패스 럭셔리 지원금 오픈,Royal Grant of Startup Grant (Season 4),en-US
第4期創業激勵基金 解鎖大亨尊享補貼獲得,Royal Grant of Startup Grant (Season 4),en-US
第5期创业激励基金 解锁大亨尊享补贴获得,Royal Grant of Startup Grant (Season 5),en-US
第5期事業支援 ミラクルコース報酬,Royal Grant of Startup Grant (Season 5),en-US
제5회 창업 지원 패스 럭셔리 지원금 오픈,Royal Grant of Startup Grant (Season 5),en-US
第5期創業激勵基金 解鎖大亨尊享補貼獲得,Royal Grant of Startup Grant (Season 5),en-US
第6期创业激励基金 解锁大亨尊享补贴获得,Royal Grant of Startup Grant (Season 6),en-US
第6期事業支援 ミラクルコース報酬,Royal Grant of Startup Grant (Season 6),en-US
제6회 창업 지원 패스 럭셔리 지원금 오픈,Royal Grant of Startup Grant (Season 6),en-US
第6期創業激勵基金 解鎖大亨尊享補貼獲得,Royal Grant of Startup Grant (Season 6),en-US
第7期创业激励基金 解锁大亨尊享补贴获得,Royal Grant of Startup Grant (Season 7),en-US
第7期事業支援 ミラクルコース報酬,Royal Grant of Startup Grant (Season 7),en-US
제7회 창업 지원 패스 럭셔리 지원금 오픈,Royal Grant of Startup Grant (Season 7),en-US
第7期創業激勵基金 解鎖大亨尊享補貼獲得,Royal Grant of Startup Grant (Season 7),en-US
第8期创业激励基金 解锁大亨尊享补贴获得,Royal Grant of Startup Grant (Season 8),en-US
第8期事業支援 ミラクルコース報酬,Royal Grant of Startup Grant (Season 8),en-US
제8회 창업 지원 패스 럭셔리 지원금 오픈,Royal Grant of Startup Grant (Season 8),en-US
第8期創業激勵基金 解鎖大亨尊享補貼獲得,Royal Grant of Startup Grant (Season 8),en-US
第9期创业激励基金 解锁大亨尊享补贴获得,Royal Grant of Startup Grant (Season 9),en-US
第9期事業支援 ミラクルコース報酬,Royal Grant of Startup Grant (Season 9),en-US
제9회 창업 지원 패스 럭셔리 지원금 오픈,Royal Grant of Startup Grant (Season 9),en-US
第9期創業激勵基金 解鎖大亨尊享補貼獲得,Royal Grant of Startup Grant (Season 9),en-US
第10期创业激励基金 解锁大亨尊享补贴获得,Royal Grant of Startup Grant (Season 10),en-US
第10期事業支援 ミラクルコース報酬,Royal Grant of Startup Grant (Season 10),en-US
제10회 창업 지원 패스 럭셔리 지원금 오픈,Royal Grant of Startup Grant (Season 10),en-US
第10期創業激勵基金 解鎖大亨尊享補貼獲得,Royal Grant of Startup Grant (Season 10),en-US
第11期创业激励基金 解锁大亨尊享补贴获得,Royal Grant of Startup Grant (Season 11),en-US
第11期事業支援 ミラクルコース報酬,Royal Grant of Startup Grant (Season 11),en-US
제11회 창업 지원 패스 럭셔리 지원금 오픈,Royal Grant of Startup Grant (Season 11),en-US
第11期創業激勵基金 解鎖大亨尊享補貼獲得,Royal Grant of Startup Grant (Season 11),en-US
"获得形象后解锁 ""微醺白日梦""",Acquire the appearance to unlock Tipsy Daydream,en-US
アナザーイメージ アイマイハクチューム 入手後獲得,Acquire the appearance to unlock Tipsy Daydream,en-US
스킨 획득 후 「나른한 백일몽」 오픈,Acquire the appearance to unlock Tipsy Daydream,en-US
獲得形象後解鎖 「微醺白日夢」,Acquire the appearance to unlock Tipsy Daydream,en-US
"获得形象后解锁 ""粼粼镜影☆漆黑心伤""",Acquire the appearance to unlock Rippling Void of the Darkest Heartbreak,en-US
アナザーイメージ ノワールエトワール 入手後獲得,Acquire the appearance to unlock Rippling Void of the Darkest Heartbreak,en-US
스킨 획득 후 「거울아 거울아 나를 치유해줘」 오픈,Acquire the appearance to unlock Rippling Void of the Darkest Heartbreak,en-US
獲得形象後解鎖 「琉璃倒影☆寂寥呢喃」,Acquire the appearance to unlock Rippling Void of the Darkest Heartbreak,en-US
"获得形象后解锁 ""清露微滴的初夏""",Acquire the appearance to unlock A Dip of Fresh Summer,en-US
アナザーイメージ 水もしたたる初夏美人 入手後獲得,Acquire the appearance to unlock A Dip of Fresh Summer,en-US
스킨 획득 후 「이슬 맺힌 첫 여름」 오픈,Acquire the appearance to unlock A Dip of Fresh Summer,en-US
獲得形象後解鎖 「清露微滴的初夏」,Acquire the appearance to unlock A Dip of Fresh Summer,en-US
"获得形象后解锁 ""平安度过试用期！""",Acquire the appearance to unlock Probation Period Cleared!,en-US
アナザーイメージ 新人社員奮闘中！ 入手後獲得,Acquire the appearance to unlock Probation Period Cleared!,en-US
스킨 획득 후 「정직원으로 향하는 길!」 오픈,Acquire the appearance to unlock Probation Period Cleared!,en-US
獲得形象後解鎖 「平安度過試用期！」,Acquire the appearance to unlock Probation Period Cleared!,en-US
"获得形象后解锁 ""可可甜心情与夜""",Acquire the appearance to unlock Cocoa Night Sweetheart,en-US
アナザーイメージ メルティ・ミスティ 入手後獲得,Acquire the appearance to unlock Cocoa Night Sweetheart,en-US
스킨 획득 후 「러브코코 발렌타인」 오픈,Acquire the appearance to unlock Cocoa Night Sweetheart,en-US
獲得形象後解鎖 「可可甜心情與夜」,Acquire the appearance to unlock Cocoa Night Sweetheart,en-US
"获得形象后解锁 ""悠悠哉哉，惬意夕阳""",Acquire the appearance to unlock Carefree in the Golden Glow,en-US
アナザーイメージ のびのびサンセット 入手後獲得,Acquire the appearance to unlock Carefree in the Golden Glow,en-US
스킨 획득 후 「한가로이 노을을 맞으며」 오픈,Acquire the appearance to unlock Carefree in the Golden Glow,en-US
獲得形象後解鎖 「悠悠漫時，愜意夕暮」,Acquire the appearance to unlock Carefree in the Golden Glow,en-US
"获得形象后解锁 ""镜中的红心皇后""",Acquire the appearance to unlock Crimson Reflection of Queen of Hearts,en-US
アナザーイメージ クイーンオブレッド 入手後獲得,Acquire the appearance to unlock Crimson Reflection of Queen of Hearts,en-US
스킨 획득 후 「하트퀸 인 더 미러」 오픈,Acquire the appearance to unlock Crimson Reflection of Queen of Hearts,en-US
獲得形象後解鎖 「鏡中的紅心皇后」,Acquire the appearance to unlock Crimson Reflection of Queen of Hearts,en-US
"获得形象后解锁 ""夏日滋味，独享时分""",Acquire the appearance to unlock A Taste of Summer All to Herself,en-US
アナザーイメージ 夏の味を独り占め 入手後獲得,Acquire the appearance to unlock A Taste of Summer All to Herself,en-US
스킨 획득 후 「여름의 맛 나만의 시간」 오픈,Acquire the appearance to unlock A Taste of Summer All to Herself,en-US
獲得形象後解鎖 「沁夏滋味，獨享時光」,Acquire the appearance to unlock A Taste of Summer All to Herself,en-US
"获得形象后解锁 ""牵牛花开，少女初醒""","Acquire the appearance to unlock When Morning Glories Bloom, Her Eyes Open",en-US
アナザーイメージ 朝顔ノ乙女 入手後獲得,"Acquire the appearance to unlock When Morning Glories Bloom, Her Eyes Open",en-US
"스킨 획득 후 「피어난 나팔꽃, 깨어난 소녀」 오픈","Acquire the appearance to unlock When Morning Glories Bloom, Her Eyes Open",en-US
獲得形象後解鎖 「曉露朝顏，少女初覺」,"Acquire the appearance to unlock When Morning Glories Bloom, Her Eyes Open",en-US
"获得形象后解锁 ""梦萌贝斯音""",Acquire the appearance to unlock Mellow Bass Echo,en-US
アナザーイメージ ゆめかわベーシスト 入手後獲得,Acquire the appearance to unlock Mellow Bass Echo,en-US
스킨 획득 후 「큐티 베이시스트」 오픈,Acquire the appearance to unlock Mellow Bass Echo,en-US
獲得形象後解鎖 「甜夢貝斯音」,Acquire the appearance to unlock Mellow Bass Echo,en-US
"获得形象后解锁 ""相约融雪后""",Acquire the appearance to unlock Promise Beyond the Thaw,en-US
アナザーイメージ エターナル・ローズ 入手後獲得,Acquire the appearance to unlock Promise Beyond the Thaw,en-US
"스킨 획득 후 「눈이 녹고, 너에게」 오픈",Acquire the appearance to unlock Promise Beyond the Thaw,en-US
獲得形象後解鎖 「相約融雪後」,Acquire the appearance to unlock Promise Beyond the Thaw,en-US
"获得形象后解锁 ""古灵精怪茶话会""",Acquire the appearance to unlock Quirky Tea Party,en-US
アナザーイメージ ヘンテコティータイム 入手後獲得,Acquire the appearance to unlock Quirky Tea Party,en-US
스킨 획득 후 「엉뚱한 요정의 다과회」 오픈,Acquire the appearance to unlock Quirky Tea Party,en-US
獲得形象後解鎖 「古靈精怪茶話會」,Acquire the appearance to unlock Quirky Tea Party,en-US
全部,All,en-US
すべて,All,en-US
전체,All,en-US
旅途随笔,Journey Notes,en-US
旅日記,Journey Notes,en-US
여행일지,Journey Notes,en-US
旅行手札,Journey Notes,en-US
职场热线,Faction Folio,en-US
勢力,Faction Folio,en-US
비즈니스,Faction Folio,en-US
職場頻道,Faction Folio,en-US
荒野快讯,Into the Wild,en-US
巡遊者,Into the Wild,en-US
황야 속보,Into the Wild,en-US
荒野軼事,Into the Wild,en-US
风情杂记,Local Lore,en-US
雑記,Local Lore,en-US
인문 잡화,Local Lore,en-US
城邦風物誌,Local Lore,en-US
异界秘辛,The Unspoken,en-US
秘話,The Unspoken,en-US
이계 기담,The Unspoken,en-US
異界祕辛,The Unspoken,en-US
失忆,Amnesia,en-US
記憶喪失,Amnesia,en-US
기억상실한,Amnesia,en-US
失憶,Amnesia,en-US
团长,Captain,en-US
リーダー,Captain,en-US
단장,Captain,en-US
團長,Captain,en-US
睿智,Wise,en-US
叡智,Wise,en-US
지혜로운,Wise,en-US
主理人,Principal,en-US
先駆者,Principal,en-US
오너,Principal,en-US
負責人,Principal,en-US
森林,Forest,en-US
森の,Forest,en-US
숲,Forest,en-US
卫士,Guardian,en-US
守護者,Guardian,en-US
경호원,Guardian,en-US
衛士,Guardian,en-US
运动系,Athletic,en-US
体育会系,Athletic,en-US
스포츠맨,Athletic,en-US
運動系,Athletic,en-US
美食家,Foodie,en-US
미식가,Foodie,en-US
文艺,Artsy,en-US
文系,Artsy,en-US
예술적인,Artsy,en-US
文藝,Artsy,en-US
作家,Author,en-US
작가,Author,en-US
博学,Erudite,en-US
博学な,Erudite,en-US
박학다식한,Erudite,en-US
博學,Erudite,en-US
鉴赏家,Appraiser,en-US
評論家,Appraiser,en-US
감정가,Appraiser,en-US
鑑賞家,Appraiser,en-US
风流,Charmer,en-US
おしゃれな,Charmer,en-US
풍류가,Charmer,en-US
風流,Charmer,en-US
乐手,Instrumentalist,en-US
ミュージシャン,Instrumentalist,en-US
악사,Instrumentalist,en-US
樂手,Instrumentalist,en-US
热情,Passionate,en-US
情熱的な,Passionate,en-US
열혈,Passionate,en-US
熱情,Passionate,en-US
忍者,Ninja,en-US
닌자,Ninja,en-US
温室,Greenhouse,en-US
温室の,Greenhouse,en-US
온실,Greenhouse,en-US
溫室,Greenhouse,en-US
守护者,Protector,en-US
守り手,Protector,en-US
수호자,Protector,en-US
守護者,Protector,en-US
严谨,Meticulous,en-US
慎重,Meticulous,en-US
진지한,Meticulous,en-US
嚴謹,Meticulous,en-US
地理学家,Geographer,en-US
地理学者,Geographer,en-US
지리학자,Geographer,en-US
地理學家,Geographer,en-US
冷酷,Cold,en-US
冷酷な,Cold,en-US
차가운,Cold,en-US
空白,Blank,en-US
공백,Blank,en-US
老师,Professor,en-US
先生,Professor,en-US
선생님,Professor,en-US
老師,Professor,en-US
冠军,Champion,en-US
チャンピオン,Champion,en-US
챔피언,Champion,en-US
冠軍,Champion,en-US
工匠,Artisan,en-US
マイスター,Artisan,en-US
장인,Artisan,en-US
荒野,The Wilds,en-US
황야,The Wilds,en-US
神枪手,Sharpshooter,en-US
神スナ,Sharpshooter,en-US
명사수,Sharpshooter,en-US
神槍手,Sharpshooter,en-US
暗黑,Dark,en-US
漆黒の,Dark,en-US
암흑,Dark,en-US
大人,Lord,en-US
마스터,Lord,en-US
全能,All-Rounder,en-US
全知全能,All-Rounder,en-US
만능,All-Rounder,en-US
安全员,Safety Officer,en-US
警備員,Safety Officer,en-US
안전요원,Safety Officer,en-US
救生員,Safety Officer,en-US
可靠,Dependable,en-US
頼れる,Dependable,en-US
든든한,Dependable,en-US
海员,Sailor,en-US
船乗り,Sailor,en-US
선원,Sailor,en-US
船員,Sailor,en-US
雏菊,Daisy,en-US
ヒナギク,Daisy,en-US
히나기쿠,Daisy,en-US
雛菊,Daisy,en-US
管家,Steward,en-US
執事,Steward,en-US
집사,Steward,en-US
冷静,Calm,en-US
クール,Calm,en-US
냉정한,Calm,en-US
冷靜,Calm,en-US
老板,Boss,en-US
オーナー,Boss,en-US
사장,Boss,en-US
老闆,Boss,en-US
帅气,Cool,en-US
かっこいい,Cool,en-US
스타일리쉬한,Cool,en-US
帥氣,Cool,en-US
战斗关卡,Battle Stage,en-US
バトルステージ,Battle Stage,en-US
전투 스테이지,Battle Stage,en-US
戰鬥關卡,Battle Stage,en-US
纪录征集,Call for Records,en-US
記録大募集,Call for Records,en-US
기록 모집,Call for Records,en-US
紀錄徵集,Call for Records,en-US
缭乱碎晶球,Bouncing Bumper Bash,en-US
ブロックくずし,Bouncing Bumper Bash,en-US
브릭 크러쉬,Bouncing Bumper Bash,en-US
繚亂碎晶球,Bouncing Bumper Bash,en-US
旅人纹章,Trekker Emblem,en-US
徽章,Trekker Emblem,en-US
여행가 배지,Trekker Emblem,en-US
旅人紋章,Trekker Emblem,en-US
旅人详情,Trekker Details,en-US
詳細,Trekker Details,en-US
여행가 상세 정보,Trekker Details,en-US
旅人詳情,Trekker Details,en-US
角色预览,Trekker Overview,en-US
巡遊者プレビュー,Trekker Overview,en-US
캐릭터 열람,Trekker Overview,en-US
角色預覽,Trekker Overview,en-US
旅人列表,Trekker List,en-US
巡遊者,Trekker List,en-US
여행가 목록,Trekker List,en-US
旅人清單,Trekker List,en-US
旅人潜能,Trekker Potential,en-US
素質,Trekker Potential,en-US
여행가 잠재력,Trekker Potential,en-US
旅人潛能,Trekker Potential,en-US
潜能预览,Potential Preview,en-US
素質プレビュー,Potential Preview,en-US
잠재력 미리보기,Potential Preview,en-US
潛能預覽,Potential Preview,en-US
旅人能力,Trekker Skills,en-US
スキル,Trekker Skills,en-US
여행가 스킬,Trekker Skills,en-US
技能预览,Skill Preview,en-US
スキルプレビュー,Skill Preview,en-US
스킬 미리보기,Skill Preview,en-US
技能預覽,Skill Preview,en-US
旅人天赋,Trekker Talent,en-US
心相,Trekker Talent,en-US
여행가 특성,Trekker Talent,en-US
旅人天賦,Trekker Talent,en-US
天赋预览,Talent Preview,en-US
心相プレビュー,Talent Preview,en-US
특성 미리보기,Talent Preview,en-US
天賦預覽,Talent Preview,en-US
旅人默契,Trekker Affinity,en-US
信頼,Trekker Affinity,en-US
여행가 호감도,Trekker Affinity,en-US
旅人形象,Appearance,en-US
イメージ,Appearance,en-US
여행가 이미지,Appearance,en-US
设置看板,Showcase Settings,en-US
ホーム画面設定,Showcase Settings,en-US
패널 설정,Showcase Settings,en-US
設定看板,Showcase Settings,en-US
更换看板装扮,Change Showcase Appearance,en-US
設定変更,Change Showcase Appearance,en-US
패널 스킨 변경,Change Showcase Appearance,en-US
更換看板裝扮,Change Showcase Appearance,en-US
工坊考核,Workshop Evaluation,en-US
イベント任務,Workshop Evaluation,en-US
공방 시험,Workshop Evaluation,en-US
秘纹列表,Disc List,en-US
ロスレコ,Disc List,en-US
레코드 목록,Disc List,en-US
祕紋清單,Disc List,en-US
梦的彼岸,Beyond the Dream,en-US
夢の先へ,Beyond the Dream,en-US
꿈의 저편,Beyond the Dream,en-US
夢的彼岸,Beyond the Dream,en-US
待办事项,To-Do List,en-US
タスク,To-Do List,en-US
알림장,To-Do List,en-US
待辦事項,To-Do List,en-US
旅人预览,Trekker Preview,en-US
巡遊者プレビュー,Trekker Preview,en-US
여행가 열람,Trekker Preview,en-US
旅人預覽,Trekker Preview,en-US
旅人招募,Trekker Recruit,en-US
ガチャ,Trekker Recruit,en-US
여행가 모집,Trekker Recruit,en-US
沁凉补给站,Cooling Supply Station,en-US
キッチンカー,Cooling Supply Station,en-US
청량 스테이션,Cooling Supply Station,en-US
沁涼補給站,Cooling Supply Station,en-US
出战配置,Battle Setup,en-US
出撃チーム,Battle Setup,en-US
출전 설정,Battle Setup,en-US
出戰配置,Battle Setup,en-US
终焉绝响,A Finale Echoing,en-US
大討伐作戦,A Finale Echoing,en-US
종언의 노래,A Finale Echoing,en-US
終焉絕響,A Finale Echoing,en-US
终焉绝响排行榜,A Finale Echoing Rankings,en-US
ランキング,A Finale Echoing Rankings,en-US
종언의 노래 랭킹,A Finale Echoing Rankings,en-US
終焉絕響排行榜,A Finale Echoing Rankings,en-US
旅行,Travel,en-US
旅,Travel,en-US
여행,Travel,en-US
编队,Squad,en-US
編成,Squad,en-US
팀 편성,Squad,en-US
編隊,Squad,en-US
秘纹组合,Disc Combo,en-US
ロスレコセット,Disc Combo,en-US
레코드 조합,Disc Combo,en-US
祕紋組合,Disc Combo,en-US
幸运寻宝铲,Lucky Treasure Shovel,en-US
ラッキーシャベル,Lucky Treasure Shovel,en-US
행운의 보물찾기,Lucky Treasure Shovel,en-US
幸運尋寶鏟,Lucky Treasure Shovel,en-US
回收清单,Collection List,en-US
回収品一覧,Collection List,en-US
회수 목록,Collection List,en-US
回收清單,Collection List,en-US
潜能预设,Potential Presets,en-US
素質プリセット,Potential Presets,en-US
잠재력 프리셋,Potential Presets,en-US
潛能預設,Potential Presets,en-US
プリセット選択,Potential Presets,en-US
教学,Tutorial,en-US
編成ガイド,Tutorial,en-US
튜토리얼,Tutorial,en-US
教學,Tutorial,en-US
小队信息,Squad Info,en-US
チーム情報,Squad Info,en-US
팀 정보,Squad Info,en-US
小隊資訊,Squad Info,en-US
联合讨伐排行榜,Boss Blitz Ranking,en-US
ランキング,Boss Blitz Ranking,en-US
연합 토벌 랭킹,Boss Blitz Ranking,en-US
聯合討伐排行榜,Boss Blitz Ranking,en-US
活动商店,Event Shop,en-US
イベント交換所,Event Shop,en-US
이벤트 상점,Event Shop,en-US
活動商店,Event Shop,en-US
アナザーイメージ,Appearance,en-US
尖兵陷阵,Through Hostile Depths,en-US
星界の生存戦略,Through Hostile Depths,en-US
스텔라 배틀러,Through Hostile Depths,en-US
尖兵陷陣,Through Hostile Depths,en-US
攻略详情,Guide Details,en-US
配置詳細,Guide Details,en-US
공략 상세,Guide Details,en-US
攻略詳情,Guide Details,en-US
棋组攻略,Team Guides,en-US
おすすめ構築,Team Guides,en-US
덱 공략,Team Guides,en-US
棋組攻略,Team Guides,en-US
自走棋测试,Auto Battler Test,en-US
オートチェステスト,Auto Battler Test,en-US
오토 체스 테스트,Auto Battler Test,en-US
自走棋測試,Auto Battler Test,en-US
剧情故事,Story,en-US
メインストーリー,Story,en-US
스토리,Story,en-US
劇情故事,Story,en-US
春节活动,Springseek Festival Event,en-US
イベント,Springseek Festival Event,en-US
새해 이벤트,Springseek Festival Event,en-US
春節活動,Springseek Festival Event,en-US
竞速塔,Time Attack Tower,en-US
タイムアタック,Time Attack Tower,en-US
타임어택,Time Attack Tower,en-US
競速塔,Time Attack Tower,en-US
角色详情,Character Details,en-US
巡遊者詳細,Character Details,en-US
캐릭터 상세 정보,Character Details,en-US
角色詳情,Character Details,en-US
试玩详情,Tryout Details,en-US
お試し詳細,Tryout Details,en-US
체험 상세 정보,Tryout Details,en-US
試玩詳情,Tryout Details,en-US
浅试身手,Trekker Tyrout,en-US
お試し,Trekker Tyrout,en-US
여행가 체험,Trekker Tyrout,en-US
小試身手,Trekker Tyrout,en-US
时装试玩,Style Trial,en-US
お試し,Style Trial,en-US
스킨 체험,Style Trial,en-US
時裝試玩,Style Trial,en-US
剧情故事,Event Story,en-US
ストーリー,Event Story,en-US
스토리,Event Story,en-US
劇情故事,Event Story,en-US
是否跳过该段剧情,Skip story?,en-US
ストーリーをスキップしますか？,Skip story?,en-US
스토리를 스킵하시겠습니까?,Skip story?,en-US
是否跳過該段劇情？,Skip story?,en-US
领取,Claim,en-US
受取,Claim,en-US
획득,Claim,en-US
領取,Claim,en-US
一键领取,Claim All,en-US
一括受取,Claim All,en-US
일괄 획득,Claim All,en-US
快速領取,Claim All,en-US
(已达成),(Complete),en-US
（達成済み）,(Complete),en-US
(달성 완료),(Complete),en-US
（已達成）,(Complete),en-US
已完成,Complete,en-US
完了,Complete,en-US
완료,Complete,en-US
已完成：,Complete:,en-US
完了：,Complete:,en-US
완료:,Complete:,en-US
成就奖励已全部领取,All Achievement Rewards Claimed,en-US
実績ボーナスはすべて受取済み,All Achievement Rewards Claimed,en-US
업적 보상 획득 완료,All Achievement Rewards Claimed,en-US
成就獎勵已全部領取,All Achievement Rewards Claimed,en-US
成就已达成,Achievement Complete,en-US
達成済み,Achievement Complete,en-US
업적 달성 완료,Achievement Complete,en-US
成就已達成,Achievement Complete,en-US
探索世界,World Exploration,en-US
世界を探索,World Exploration,en-US
세계 탐색,World Exploration,en-US
摘星征途,Star Pluck Conquest,en-US
星狩りの旅,Star Pluck Conquest,en-US
별사냥 여정,Star Pluck Conquest,en-US
战果累累,Battlefield Veteran,en-US
戦果累々,Battlefield Veteran,en-US
수많은 업적,Battlefield Veteran,en-US
戰果累累,Battlefield Veteran,en-US
百炼成金,Honed and Refined,en-US
鍛錬の成果,Honed and Refined,en-US
끝없는 노력,Honed and Refined,en-US
百煉成金,Honed and Refined,en-US
社交网络,Social Media,en-US
旅路の絆,Social Media,en-US
소셜 네트워크,Social Media,en-US
社群網路,Social Media,en-US
总览,Overview,en-US
一覧,Overview,en-US
전체 보기,Overview,en-US
總覽,Overview,en-US
自动播放,Auto-play,en-US
自動再生,Auto-play,en-US
자동 재생,Auto-play,en-US
自動播放,Auto-play,en-US
返回,Back,en-US
戻る,Back,en-US
돌아가기,Back,en-US
切换描述,Change Description,en-US
説明切替,Change Description,en-US
설명 전환,Change Description,en-US
切換說明,Change Description,en-US
查看,View,en-US
確認,View,en-US
보기,View,en-US
合上菜单,Close Menu,en-US
閉じる,Close Menu,en-US
메뉴 닫기,Close Menu,en-US
關閉選單,Close Menu,en-US
确认,Confirm,en-US
確認,Confirm,en-US
확인,Confirm,en-US
背包,Bag,en-US
バッグ,Bag,en-US
가방,Bag,en-US
放弃,Give Up,en-US
撤退,Give Up,en-US
포기,Give Up,en-US
放棄,Give Up,en-US
隐藏界面,Hide Interface,en-US
非表示,Hide Interface,en-US
숨기기,Hide Interface,en-US
隱藏介面,Hide Interface,en-US
暂离,Leave for Now,en-US
一時撤退,Leave for Now,en-US
떠나기,Leave for Now,en-US
暫離,Leave for Now,en-US
查看记录,View Record,en-US
ログを確認,View Record,en-US
기록 확인,View Record,en-US
查看紀錄,View Record,en-US
下一条,Next,en-US
次へ,Next,en-US
다음,Next,en-US
下一條,Next,en-US
展开菜单,Expand Menu,en-US
メニューを開く,Expand Menu,en-US
메뉴 열기,Expand Menu,en-US
開啟選單,Expand Menu,en-US
刷新,Refresh,en-US
更新,Refresh,en-US
새로고침,Refresh,en-US
滑动描述,Scroll Description,en-US
スクロール,Scroll Description,en-US
설명 스크롤,Scroll Description,en-US
滑動說明,Scroll Description,en-US
设置,Settings,en-US
設定,Settings,en-US
설정,Settings,en-US
技能,Skills,en-US
スキル,Skills,en-US
스킬,Skills,en-US
跳过,Skip,en-US
SKIP,Skip,en-US
스킵,Skip,en-US
跳過,Skip,en-US
放弃奖励,Give Up Reward,en-US
受け取らない,Give Up Reward,en-US
보상 포기,Give Up Reward,en-US
放棄獎勵,Give Up Reward,en-US
援护技能-1,Support Skill - 1,en-US
支援スキル-1,Support Skill - 1,en-US
지원 스킬-1,Support Skill - 1,en-US
援護技能-1,Support Skill - 1,en-US
援护技能-2,Support Skill - 2,en-US
支援スキル-2,Support Skill - 2,en-US
지원 스킬-2,Support Skill - 2,en-US
援護技能-2,Support Skill - 2,en-US
自动战斗模式,Auto-Battle Mode,en-US
オート戦闘モード,Auto-Battle Mode,en-US
자동 전투 모드,Auto-Battle Mode,en-US
自動戰鬥模式,Auto-Battle Mode,en-US
暂停/返回,Pause/Back,en-US
停止/戻る,Pause/Back,en-US
일시정지/돌아가기,Pause/Back,en-US
暫停/返回,Pause/Back,en-US
移动-后,Move - Backward,en-US
移動-後,Move - Backward,en-US
이동-뒤,Move - Backward,en-US
闪避,Evasion,en-US
回避,Evasion,en-US
회피,Evasion,en-US
閃避,Evasion,en-US
绝招,Ultimate,en-US
必殺技,Ultimate,en-US
필살기,Ultimate,en-US
絕招,Ultimate,en-US
场景交互,Scene Interaction,en-US
インタラクト,Scene Interaction,en-US
상호작용,Scene Interaction,en-US
場景互動,Scene Interaction,en-US
移动-左,Move - Left,en-US
移動-左,Move - Left,en-US
이동-왼쪽,Move - Left,en-US
暂停,Pause,en-US
一時停止,Pause,en-US
일시 정지,Pause,en-US
暫停,Pause,en-US
移动旅人,Move Trekker,en-US
巡遊者を移動,Move Trekker,en-US
여행가 이동,Move Trekker,en-US
移動旅人,Move Trekker,en-US
移动-右,Move - Right,en-US
移動-右,Move - Right,en-US
이동-오른쪽,Move - Right,en-US
援护绝招-1,Support Ultimate - 1,en-US
支援必殺技-1,Support Ultimate - 1,en-US
지원 필살기-1,Support Ultimate - 1,en-US
援護絕招-1,Support Ultimate - 1,en-US
援护绝招-2,Support Ultimate - 2,en-US
支援必殺技-2,Support Ultimate - 2,en-US
지원 필살기-2,Support Ultimate - 2,en-US
援護絕招-2,Support Ultimate - 2,en-US
移动-前,Move - Forward,en-US
移動-前,Move - Forward,en-US
이동-앞,Move - Forward,en-US
更新倒计时：,Update In:,en-US
解放まで：,Update In:,en-US
업데이트 남은 시간:,Update In:,en-US
更新倒數計時：,Update In:,en-US
前往阅读,Go to Read,en-US
読む,Go to Read,en-US
이동하여 열람하기,Go to Read,en-US
前往閱讀,Go to Read,en-US
等待更新,To be updated,en-US
解放待ち,To be updated,en-US
업데이트 예정,To be updated,en-US
已更新篇章,Story updated,en-US
新章解放！,Story updated,en-US
챕터 업데이트 완료,Story updated,en-US
篇章尚未更新，敬请期待,Chapter not updated. Stay tuned.,en-US
解放までお待ちください,Chapter not updated. Stay tuned.,en-US
"챕터 업데이트 전, 준비 중입니다",Chapter not updated. Stay tuned.,en-US
篇章尚未更新，敬請期待,Chapter not updated. Stay tuned.,en-US
权限等级{0}级开放,Reach Authorization Lv. {0} to unlock,en-US
権限レベル{0}で解放,Reach Authorization Lv. {0} to unlock,en-US
권한 레벨 {0}레벨 오픈,Reach Authorization Lv. {0} to unlock,en-US
權限等級{0}級開啟,Reach Authorization Lv. {0} to unlock,en-US
挑战,Hard,en-US
ハード,Hard,en-US
도전,Hard,en-US
挑戰,Hard,en-US
普通,Normal,en-US
ノーマル,Normal,en-US
보통,Normal,en-US
荣誉,Honor,en-US
ベリーハード,Honor,en-US
영광,Honor,en-US
榮譽,Honor,en-US
超载,Overload,en-US
ベリーハード,Overload,en-US
과부하,Overload,en-US
超載,Overload,en-US
阅读剧情故事 {0} 解锁,Read event story: {0} to unlock,en-US
イベントストーリー{0}を読むと解放,Read event story: {0} to unlock,en-US
스토리 「{0}」 보기 후 오픈,Read event story: {0} to unlock,en-US
閱讀劇情故事{0}解鎖,Read event story: {0} to unlock,en-US
待开放,Locked,en-US
未解放,Locked,en-US
오픈 대기 중,Locked,en-US
待開放,Locked,en-US
{0}天{1}小时后解锁,Unlocks in {0}d {1}h,en-US
{0}日{1}時間後に解放,Unlocks in {0}d {1}h,en-US
{0}일 {1}시간 후 오픈,Unlocks in {0}d {1}h,en-US
{0}天{1}小時後解鎖,Unlocks in {0}d {1}h,en-US
{0}天后解锁,Unlock in {0}d,en-US
{0}日後に解放,Unlock in {0}d,en-US
{0}일 후 오픈,Unlock in {0}d,en-US
{0}天後解鎖,Unlock in {0}d,en-US
{0}天,{0}d,en-US
{0}日,{0}d,en-US
{0}일,{0}d,en-US
{0}天 后解锁,Unlocks in {0}d,en-US
{0}日後に解放,Unlocks in {0}d,en-US
{0}일 후 오픈,Unlocks in {0}d,en-US
{0}天後解鎖,Unlocks in {0}d,en-US
{0}日 後に解放,Unlocks in {0}d,en-US
{1}天 后解锁,Unlocks in {1}d,en-US
{1}日 後に解放,Unlocks in {1}d,en-US
{1}일 후 오픈,Unlocks in {1}d,en-US
{1}天後解鎖,Unlocks in {1}d,en-US
{0}小时后解锁,Unlocks in {0}h,en-US
{0}時間後に解放,Unlocks in {0}h,en-US
{0}시간 후 오픈,Unlocks in {0}h,en-US
{0}小時後解鎖,Unlocks in {0}h,en-US
{0}小时 后解锁,Unlocks in {0}h,en-US
{1}小时 后解锁,Unlocks in {1}h,en-US
{1}時間 後に解放,Unlocks in {1}h,en-US
{1}시간 후 오픈,Unlocks in {1}h,en-US
{1}小時後解鎖,Unlocks in {1}h,en-US
{0}小时,{0}h,en-US
{0}時間,{0}h,en-US
{0}시간,{0}h,en-US
{0}小時,{0}h,en-US
完成上一关后解锁,Locked,en-US
前のステージクリアで解放,Locked,en-US
이전 스테이지 클리어,Locked,en-US
完成上一關後解鎖,Locked,en-US
{0}分钟后解锁,Unlocks in {0} min,en-US
{0}分後に解放,Unlocks in {0} min,en-US
{0}분 후 오픈,Unlocks in {0} min,en-US
{0}分鐘後解鎖,Unlocks in {0} min,en-US
{0}分钟 后解锁,Unlocks in {0} min,en-US
{1}分钟 后解锁,Unlocks in {1}m,en-US
{1}分後に解放,Unlocks in {1}m,en-US
{1}분 후 오픈,Unlocks in {1}m,en-US
{1}分鐘後解鎖,Unlocks in {1}m,en-US
{0}分钟,{0}m,en-US
{0}分,{0}m,en-US
{0}분,{0}m,en-US
{0}分鐘,{0}m,en-US
通过 {0} 解锁,Clear {0} to unlock,en-US
{0}クリアで解放,Clear {0} to unlock,en-US
{0} 클리어 시 오픈,Clear {0} to unlock,en-US
通過{0}解鎖,Clear {0} to unlock,en-US
{0}秒后解锁,Unlocks in {0}s,en-US
{0}秒後に解放,Unlocks in {0}s,en-US
{0}초 후 오픈,Unlocks in {0}s,en-US
{0}秒後解鎖,Unlocks in {0}s,en-US
{0}秒 后解锁,Unlocks in {0}s,en-US
{1}秒 后解锁,Unlocks in {1}s,en-US
{1}秒 後に解放,Unlocks in {1}s,en-US
{1}초 후 오픈,Unlocks in {1}s,en-US
{1}秒後解鎖,Unlocks in {1}s,en-US
{0}秒,{0}s,en-US
{0}초,{0}s,en-US
{0}天 后开放新章节,New chapter in {0}d,en-US
{0}日 後に解放,New chapter in {0}d,en-US
{0}일 후 신규 챕터 오픈,New chapter in {0}d,en-US
{0}天後開放新章節,New chapter in {0}d,en-US
{0}小时 后开放新章节,New chapter in {0}h,en-US
{0}時間 後に解放,New chapter in {0}h,en-US
{0}시간 후 신규 챕터 오픈,New chapter in {0}h,en-US
{0}小時後開放新章節,New chapter in {0}h,en-US
{0}分钟 后开放新章节,New chapter in {0}m,en-US
{0}分 後に解放,New chapter in {0}m,en-US
{0}분 후 신규 챕터 오픈,New chapter in {0}m,en-US
{0}分鐘後開放新章節,New chapter in {0}m,en-US
{0}秒 后开放新章节,New chapter in {0}s,en-US
{0}秒 後に解放,New chapter in {0}s,en-US
{0}초 후 신규 챕터 오픈,New chapter in {0}s,en-US
{0}秒後開放新章節,New chapter in {0}s,en-US
通过活动关卡 {0} 后解锁,Clear event stage {0} to unlock,en-US
イベントステージ {0}をクリア後に解放,Clear event stage {0} to unlock,en-US
이벤트 스테이지 {0} 클리어 시 오픈,Clear event stage {0} to unlock,en-US
通過活動關卡{0}後解鎖,Clear event stage {0} to unlock,en-US
活动详情,Event Details,en-US
イベント詳細,Event Details,en-US
이벤트 정보,Event Details,en-US
活動詳情,Event Details,en-US
权限等级到达{0}后开启,Reach Authorization Lv. {0},en-US
権限レベル{0}で解放,Reach Authorization Lv. {0},en-US
권한 레벨 {0} 달성 시 오픈,Reach Authorization Lv. {0},en-US
權限等級到達{0}後開啟,Reach Authorization Lv. {0},en-US
等待数据刷新中,Refreshing data…,en-US
データ更新中,Refreshing data…,en-US
데이터 새로고침 대기 중,Refreshing data…,en-US
等待資料更新中,Refreshing data…,en-US
今日不再弹出,Don't show this again today,en-US
今日は表示しない,Don't show this again today,en-US
오늘 더 보지 않기,Don't show this again today,en-US
今日不再彈出,Don't show this again today,en-US
活动期内不再弹出,Don't show this again during the event,en-US
イベント期間中は表示しない,Don't show this again during the event,en-US
이벤트 기간 동안 보지 않기,Don't show this again during the event,en-US
活動期間內不再彈出,Don't show this again during the event,en-US
当前暂无活动,No Events,en-US
開催中のイベントはありません,No Events,en-US
이벤트가 없습니다,No Events,en-US
目前暫無活動,No Events,en-US
已结束,Ended,en-US
終了しました,Ended,en-US
종료,Ended,en-US
已結束,Ended,en-US
兑换期,Reward Exchange,en-US
交換期間,Reward Exchange,en-US
교환 기간,Reward Exchange,en-US
兌換期,Reward Exchange,en-US
活动已结束,The event has ended,en-US
イベントが終了しました,The event has ended,en-US
이벤트 종료,The event has ended,en-US
活動已結束,The event has ended,en-US
命运星牌局,Fatebound Stellar Deck,en-US
シャロカード,Fatebound Stellar Deck,en-US
페이트 하우스,Fatebound Stellar Deck,en-US
命運星牌局,Fatebound Stellar Deck,en-US
活动数据已刷新，请重新打开界面,Event data has been refreshed. Please re-open the interface,en-US
イベントデータが更新されました。もう一度画面を開いてください,Event data has been refreshed. Please re-open the interface,en-US
이벤트 데이터가 업데이트되었습니다. 다시 접속해 주세요.,Event data has been refreshed. Please re-open the interface,en-US
活動資料已更新，請重新開啟介面,Event data has been refreshed. Please re-open the interface,en-US
部分活动已结束,Some events have ended,en-US
一部のイベントが終了しました,Some events have ended,en-US
일부 이벤트가 종료되었습니다,Some events have ended,en-US
部分活動已結束,Some events have ended,en-US
活动已过期,The event has expired,en-US
イベントが終了しました,The event has expired,en-US
이벤트 만료,The event has expired,en-US
活動已過期,The event has expired,en-US
バトル,Battle Stage,en-US
第{0}天,Day {0},en-US
{0}日目,Day {0},en-US
{0}일차,Day {0},en-US
立即前往,Go Now,en-US
進む,Go Now,en-US
즉시 이동,Go Now,en-US
已常驻开放,Permanently Available,en-US
常設解放,Permanently Available,en-US
상시 오픈,Permanently Available,en-US
已常駐開放,Permanently Available,en-US
豪礼抛物线,Arc of Abundance,en-US
フライングシャロ,Arc of Abundance,en-US
슈팅 럭키샷,Arc of Abundance,en-US
豪禮拋物線,Arc of Abundance,en-US
ミニゲーム,Lucky Treasure Shovel,en-US
甜心梦工坊,Cookie Workshop,en-US
ミニゲーム,Cookie Workshop,en-US
달콤한 공방,Cookie Workshop,en-US
甜心夢工坊,Cookie Workshop,en-US
月华窃梦人,Silver-Veiled Dream Catcher,en-US
月夜を盗む白き影,Silver-Veiled Dream Catcher,en-US
스파이 대작전,Silver-Veiled Dream Catcher,en-US
月華竊夢人,Silver-Veiled Dream Catcher,en-US
クッキーラボ,Cookie Workshop,en-US
「幸运寻宝铲」活动已结束,The Lucky Treasure Shovel event has ended,en-US
「ラッキーシャベル」イベントは終了しました,The Lucky Treasure Shovel event has ended,en-US
「행운의 보물찾기」이벤트 종료,The Lucky Treasure Shovel event has ended,en-US
「幸運尋寶鏟」活動已結束,The Lucky Treasure Shovel event has ended,en-US
活动未开始,The event has not started,en-US
イベント開始前です,The event has not started,en-US
이벤트 미오픈,The event has not started,en-US
活動尚未開始,The event has not started,en-US
{0} 小时 后开启,Available in {0}h,en-US
{0}時間後に開始,Available in {0}h,en-US
{0}시간 후 오픈,Available in {0}h,en-US
{0}小時後開放,Available in {0}h,en-US
{0}小時 後開放,Available in {0}h,en-US
{0} 天 后开启,Available in {0} d,en-US
{0}日後に開始,Available in {0} d,en-US
{0}일 후 오픈,Available in {0} d,en-US
{0} 天 後開啟,Available in {0} d,en-US
{0} 天 后开启,Available in {0}d,en-US
{0}日後に開始,Available in {0}d,en-US
{0}일 후 오픈,Available in {0}d,en-US
{0} 天 後開啟,Available in {0}d,en-US
{0} 分钟 后开启,Available in {0} min,en-US
{0}分後に開始,Available in {0} min,en-US
{0}분 후 오픈,Available in {0} min,en-US
{0} 分鐘 後開啟,Available in {0} min,en-US
{0} 分钟 后开启,Available in {0}m,en-US
{0}分後に開始,Available in {0}m,en-US
{0}분 후 오픈,Available in {0}m,en-US
{0} 分鐘 後開啟,Available in {0}m,en-US
{0} 秒 后开启,Available in {0}s,en-US
{0}秒後に開始,Available in {0}s,en-US
{0}초 후 오픈,Available in {0}s,en-US
{0} 秒 後開啟,Available in {0}s,en-US
权限等级{0}级后开启,Reach Authorization Lv. {0} to unlock,en-US
권한 레벨 {0} 후 오픈,Reach Authorization Lv. {0} to unlock,en-US
權限等級達到{0}級後開放,Reach Authorization Lv. {0} to unlock,en-US
通关主线{0}后开启,Clear Main Story {0} to activate,en-US
メインストーリー{0}をクリア後に解放,Clear Main Story {0} to activate,en-US
메인 스토리 {0} 클리어 시 오픈,Clear Main Story {0} to activate,en-US
通過主線{0}後開放,Clear Main Story {0} to activate,en-US
前往查看,View,en-US
進む,View,en-US
이동,View,en-US
前 往,Go,en-US
進む,Go,en-US
이 동,Go,en-US
活动已过期，奖励已下发至邮箱,Event has expired. The rewards have been sent to your mail,en-US
イベントが終了しました。報酬はメールボックスからお受け取りください,Event has expired. The rewards have been sent to your mail,en-US
이벤트가 종료되어 보상이 우편으로 발송되었습니다,Event has expired. The rewards have been sent to your mail,en-US
活動已過期，獎勵已發送至信箱,Event has expired. The rewards have been sent to your mail,en-US
{0}天{1}小时,{0}d{1}h,en-US
{0}日{1}時間,{0}d{1}h,en-US
{0}일{1}시간,{0}d{1}h,en-US
{0}天{1}小時,{0}d{1}h,en-US
{0}小时{1}分,{0}h{1}m,en-US
{0}時間{1}分,{0}h{1}m,en-US
{0}시간{1}분,{0}h{1}m,en-US
{0}小時{1}分鐘,{0}h{1}m,en-US
1小时以内,Within 1h,en-US
1時間以内,Within 1h,en-US
1시간 내,Within 1h,en-US
1小時以內,Within 1h,en-US
{0}分{1}秒,{0}m{1}s,en-US
{0}분{1}초,{0}m{1}s,en-US
活动回顾,Event Review,en-US
録画箱,Event Review,en-US
이벤트 다시보기,Event Review,en-US
活動回顧,Event Review,en-US
交換所,Event Shop,en-US
ストーリー,Story,en-US
主线剧情第三章,Main Story Chapter 3,en-US
メインストーリー第三章,Main Story Chapter 3,en-US
메인 스토리 챕터 3,Main Story Chapter 3,en-US
主線劇情第三章,Main Story Chapter 3,en-US
第四章 梦的彼岸,Chapter 4 Beyond the Dream,en-US
第四章 夢の先へ,Chapter 4 Beyond the Dream,en-US
챕터 4 꿈의 저편,Chapter 4 Beyond the Dream,en-US
第四章 夢的彼岸,Chapter 4 Beyond the Dream,en-US
第六章 微火的奇迹,Chapter 6: Miracle of a Flicker,en-US
第六章 黎明告げる凱旋歌,Chapter 6: Miracle of a Flicker,en-US
챕터 6 여명의 기적,Chapter 6: Miracle of a Flicker,en-US
第六章 微火的奇跡,Chapter 6: Miracle of a Flicker,en-US
主线特别篇,Main Story Special Episode,en-US
ストーリー,Main Story Special Episode,en-US
메인 스토리 특별편,Main Story Special Episode,en-US
主線特別篇,Main Story Special Episode,en-US
我们的旅团,Guild Sweet Guild,en-US
私たちのギルド,Guild Sweet Guild,en-US
우리의 여단,Guild Sweet Guild,en-US
我們的旅團,Guild Sweet Guild,en-US
通关{0}后解锁,Clear {0} to unlock,en-US
{0}をクリア後に解放,Clear {0} to unlock,en-US
通過{0}後解鎖,Clear {0} to unlock,en-US
{0} 天后结束,Ends in {0}d,en-US
終了まであと{0}日,Ends in {0}d,en-US
{0}일 후 종료,Ends in {0}d,en-US
{0}天後結束,Ends in {0}d,en-US
不足一天,Less than a day,en-US
1日未満,Less than a day,en-US
1일 이내,Less than a day,en-US
未滿一天,Less than a day,en-US
活动任务,Event Missions,en-US
任務,Event Missions,en-US
이벤트 임무,Event Missions,en-US
活動任務,Event Missions,en-US
最高得分,Best Record,en-US
最高スコア,Best Record,en-US
최고 득점,Best Record,en-US
心愿落空,Wish Failed,en-US
失敗,Wish Failed,en-US
소원 미달성,Wish Failed,en-US
心願落空,Wish Failed,en-US
心愿达成,Wish Granted,en-US
クリア,Wish Granted,en-US
소원 달성,Wish Granted,en-US
心願達成,Wish Granted,en-US
胜利条件,To Win:,en-US
クリア条件,To Win:,en-US
승리 조건,To Win:,en-US
勝利條件,To Win:,en-US
（活动结束后将恢复为每天开放部分擂台）,"(After the event, only some arenas will reopen daily.)",en-US
イベント終了後は、 通常通り曜日開放に戻ります,"(After the event, only some arenas will reopen daily.)",en-US
"이벤트 종료 후, 매일 일부 아레나 오픈","(After the event, only some arenas will reopen daily.)",en-US
（活動結束後將恢復為每天開放部分擂台）,"(After the event, only some arenas will reopen daily.)",en-US
阶段,Tier,en-US
ランク,Tier,en-US
단계,Tier,en-US
階段,Tier,en-US
所需等级：{0}级,Level Requirement: {0},en-US
必要レベル：{0},Level Requirement: {0},en-US
필요 레벨: {0},Level Requirement: {0},en-US
所需等級：{0}級,Level Requirement: {0},en-US
所需材料,Material Required,en-US
必要素材,Material Required,en-US
필요 재료,Material Required,en-US
升阶信息,Tier Up Info,en-US
昇格報酬,Tier Up Info,en-US
승급 정보,Tier Up Info,en-US
升階資訊,Tier Up Info,en-US
进阶{0}次后可领取,Tier up {0} more times to claim,en-US
{0}回昇格後に獲得できます,Tier up {0} more times to claim,en-US
{0}단계 승급 후 획득,Tier up {0} more times to claim,en-US
進階{0}次後可領取,Tier up {0} more times to claim,en-US
困难,Hard,en-US
하드,Hard,en-US
困難,Hard,en-US
加成已满级,Max level,en-US
最大レベルです,Max level,en-US
최대 레벨 달성,Max level,en-US
加成已滿級,Max level,en-US
好感度已达最大等级,Reached max Affinity level,en-US
信頼度レベルは最大です,Reached max Affinity level,en-US
호감도 최대 레벨 달성,Reached max Affinity level,en-US
好感度已達最高等級,Reached max Affinity level,en-US
下个等级,Next Level,en-US
次のレベル,Next Level,en-US
다음 레벨,Next Level,en-US
下個等級,Next Level,en-US
暂无可领取奖励,No rewards to claim,en-US
受取可能な報酬はありません,No rewards to claim,en-US
획득할 수 있는 보상이 없습니다,No rewards to claim,en-US
暫無可領取獎勵,No rewards to claim,en-US
伙伴任务,Affinity Tasks,en-US
パートナー任務,Affinity Tasks,en-US
파트너 임무,Affinity Tasks,en-US
夥伴任務,Affinity Tasks,en-US
默契称号,Affinity Title,en-US
信頼称号,Affinity Title,en-US
호감도 칭호,Affinity Title,en-US
默契稱號,Affinity Title,en-US
等级提升,Level Up,en-US
レベルアップ,Level Up,en-US
레벨업,Level Up,en-US
等級提升,Level Up,en-US
默契 {0} 级解锁,Affinity Lv. {0} to unlock,en-US
信頼Lv. {0} で解放,Affinity Lv. {0} to unlock,en-US
호감도 레벨 {0} 달성 시 오픈,Affinity Lv. {0} to unlock,en-US
默契達到{0}級解鎖,Affinity Lv. {0} to unlock,en-US
完成旅人剧情「第{0}话」解锁,Complete Story: Act {0} to unlock,en-US
巡遊者ストーリー「第{0}話」完了で解放,Complete Story: Act {0} to unlock,en-US
여행가 스토리 「{0}화」 오픈,Complete Story: Act {0} to unlock,en-US
完成旅人劇情「第{0}話」後解鎖,Complete Story: Act {0} to unlock,en-US
完成 [{0}] - 第{1}话 解锁,Complete {0}: Act {1} to unlock,en-US
[{0}] - 第{1}話完了で解放,Complete {0}: Act {1} to unlock,en-US
「{0}」- {1}화 클리어 후 오픈,Complete {0}: Act {1} to unlock,en-US
完成[{0}]-第{1}話 解鎖,Complete {0}: Act {1} to unlock,en-US
接取委托,Accept Commission,en-US
依頼受注,Accept Commission,en-US
의뢰 수락,Accept Commission,en-US
接取委託,Accept Commission,en-US
再次派遣,Dispatch Again,en-US
再受注,Dispatch Again,en-US
다시 파견,Dispatch Again,en-US
紧急委托无法重复接取，请手动接取,Urgent Commissions cannot be accepted repeatedly. Please accept manually,en-US
緊急依頼は繰り返し受注できません。手動で受注してください,Urgent Commissions cannot be accepted repeatedly. Please accept manually,en-US
긴급 의뢰를 중복 수락할 수 없습니다. 직접 수락하세요.,Urgent Commissions cannot be accepted repeatedly. Please accept manually,en-US
緊急委託無法重複接取，請手動接取,Urgent Commissions cannot be accepted repeatedly. Please accept manually,en-US
本次完成的委托无法再次派遣,The commission completed this time cannot be dispatched again,en-US
今回完了した依頼は再受注できません,The commission completed this time cannot be dispatched again,en-US
이번에 완료한 의뢰 재파견 불가,The commission completed this time cannot be dispatched again,en-US
本次完成的委託無法再次派遣,The commission completed this time cannot be dispatched again,en-US
委托记录,Commission History,en-US
依頼記録,Commission History,en-US
의뢰 기록,Commission History,en-US
委託紀錄,Commission History,en-US
该纪录已用于派遣，无法分解,This Record has been dispatched. Unable to Dissolve,en-US
この記録は依頼に使用しているため、分解できません,This Record has been dispatched. Unable to Dissolve,en-US
해당 기록은 파견에 사용되었으므로 분해할 수 없습니다,This Record has been dispatched. Unable to Dissolve,en-US
該紀錄已用於派遣，無法分解,This Record has been dispatched. Unable to Dissolve,en-US
部分纪录已用于派遣，无法分解,Some Records have been dispatched. Unable to Dissolve,en-US
一部の記録は依頼に使用しているため、分解できません,Some Records have been dispatched. Unable to Dissolve,en-US
일부 기록이 파견에 사용되었으므로 분해할 수 없습니다,Some Records have been dispatched. Unable to Dissolve,en-US
部分紀錄已用於派遣，無法分解,Some Records have been dispatched. Unable to Dissolve,en-US
委托旅人,Commission Trekker,en-US
派遣巡遊者,Commission Trekker,en-US
의뢰 여행가,Commission Trekker,en-US
委託旅人,Commission Trekker,en-US
权限等级{0}解锁,Reach Authorization Lv. {0} to unlock,en-US
권한 레벨 {0} 오픈,Reach Authorization Lv. {0} to unlock,en-US
權限等級{0}級解鎖,Reach Authorization Lv. {0} to unlock,en-US
委托人 ：,Client:,en-US
依頼人：,Client:,en-US
의뢰인:,Client:,en-US
委託人：,Client:,en-US
委托中 {0},In Commission: {0},en-US
依頼中 {0},In Commission: {0},en-US
의뢰 진행 중 {0},In Commission: {0},en-US
委託中{0},In Commission: {0},en-US
未满足加分项，无法获得额外报酬，是否确认接取委托,Bonus requirements not satisfied. Unable to receive bonus rewards. Sure to accept the Commission?,en-US
追加報酬条件を満たしていないため、追加報酬は獲得できません。依頼を受注しますか？,Bonus requirements not satisfied. Unable to receive bonus rewards. Sure to accept the Commission?,en-US
보너스 조건이 충족되지 않아 추가 보상을 받을 수 없습니다. 의뢰를 수락하시겠습니까?,Bonus requirements not satisfied. Unable to receive bonus rewards. Sure to accept the Commission?,en-US
未符合加分項目，無法獲得額外報酬，是否確定接取委託？,Bonus requirements not satisfied. Unable to receive bonus rewards. Sure to accept the Commission?,en-US
加分项,Bonus,en-US
追加報酬条件,Bonus,en-US
보너스,Bonus,en-US
加分項目,Bonus,en-US
委托已达上限无法继续派遣,Max commission limit reached. Unable to dispatch.,en-US
受注した依頼が上限に達しているため、これ以上受注できません,Max commission limit reached. Unable to dispatch.,en-US
의뢰가 한도에 도달하여 더 이상 파견할 수 없습니다.,Max commission limit reached. Unable to dispatch.,en-US
委託已達上限，無法繼續派遣,Max commission limit reached. Unable to dispatch.,en-US
未满足委托要求,Commission requirements not satisfied,en-US
依頼条件を満たしていません,Commission requirements not satisfied,en-US
의뢰 조건을 충족하지 못했습니다,Commission requirements not satisfied,en-US
未符合委託要求,Commission requirements not satisfied,en-US
等级不足,Level is too low,en-US
レベルが不足しています,Level is too low,en-US
레벨 부족,Level is too low,en-US
等級不足,Level is too low,en-US
要求等级,Lv. Req,en-US
必要 レベル,Lv. Req,en-US
레벨 조건,Lv. Req,en-US
要求等級,Lv. Req,en-US
无法接取更多委托,Unable to accept more Commissions,en-US
これ以上依頼を受注できません,Unable to accept more Commissions,en-US
의뢰를 더 이상 수락할 수 없습니다,Unable to accept more Commissions,en-US
無法接取更多委託,Unable to accept more Commissions,en-US
委托成员已达上限,Reached max commission members,en-US
これ以上選択できません,Reached max commission members,en-US
최대 인원입니다,Reached max commission members,en-US
委託成員已達上限,Reached max commission members,en-US
暂无满足委托要求的纪录,No Records satisfy requirements,en-US
受注条件を満たしている記録がありません,No Records satisfy requirements,en-US
의뢰 조건을 충족하는 기록이 없습니다,No Records satisfy requirements,en-US
暫無符合委託要求的紀錄,No Records satisfy requirements,en-US
暂无满足委托要求的旅人,No Trekkers satisfy requirements,en-US
受注条件を満たしている巡遊者がいません,No Trekkers satisfy requirements,en-US
의뢰 조건을 충족하는 여행가가 없습니다,No Trekkers satisfy requirements,en-US
暫無符合委託要求的旅人,No Trekkers satisfy requirements,en-US
一键选择,Quick Select,en-US
自動選択,Quick Select,en-US
일괄 선택,Quick Select,en-US
快速選擇,Quick Select,en-US
召 回,Recall,en-US
呼び戻す,Recall,en-US
취소,Recall,en-US
领取报酬,Claim Reward,en-US
報酬受取,Claim Reward,en-US
보상 획득,Claim Reward,en-US
領取報酬,Claim Reward,en-US
委托要求,Requirement,en-US
受注条件,Requirement,en-US
의뢰 조건,Requirement,en-US
委託要求,Requirement,en-US
委托奖励,Commission Reward,en-US
依頼報酬,Commission Reward,en-US
의뢰 보상,Commission Reward,en-US
委託獎勵,Commission Reward,en-US
评分不足,Rating is too low,en-US
スコアが不足しています,Rating is too low,en-US
평점 부족,Rating is too low,en-US
評分不足,Rating is too low,en-US
暂无可接取的委托,No Commissions to accept,en-US
受注できる依頼がありません,No Commissions to accept,en-US
수락할 수 있는 의뢰가 없습니다,No Commissions to accept,en-US
暫無可接取的委託,No Commissions to accept,en-US
鸢尾花派单系统,Iris Dispatch System,en-US
依頼一覧,Iris Dispatch System,en-US
긴급 파견 시스템,Iris Dispatch System,en-US
鳶尾花派單系統,Iris Dispatch System,en-US
数据已更新，将返回主界面,Data has been updated. Returning to the main screen,en-US
日付が変わりました,Data has been updated. Returning to the main screen,en-US
데이터가 업데이트되었습니다. 메인 화면으로 돌아갑니다.,Data has been updated. Returning to the main screen,en-US
資料已更新，將返回主介面,Data has been updated. Returning to the main screen,en-US
活动公告,Event News,en-US
イベント,Event News,en-US
이벤트 공지,Event News,en-US
活動公告,Event News,en-US
系统公告,System News,en-US
システム,System News,en-US
시스템 공지,System News,en-US
系統公告,System News,en-US
本周不再弹出,Don’t show again this week,en-US
今週は表示しない,Don’t show again this week,en-US
이번 주 더 보지 않기,Don’t show again this week,en-US
本週不再彈出,Don’t show again this week,en-US
公告,News,en-US
お知らせ,News,en-US
공지,News,en-US
目标进入攻击范围时，角色会自动进行攻击,The Trekker will automatically attack when a target enters their Attack Range.,en-US
敵が攻撃範囲に入ると、巡遊者が自動で攻撃する,The Trekker will automatically attack when a target enters their Attack Range.,en-US
"목표가 공격 범위에 들어오면, 캐릭터가 자동으로 공격합니다.",The Trekker will automatically attack when a target enters their Attack Range.,en-US
目標進入攻擊範圍時，角色會自動進行攻擊,The Trekker will automatically attack when a target enters their Attack Range.,en-US
风元素抗性,Ventus Element Res,en-US
風属性耐性,Ventus Element Res,en-US
바람 원소 저항,Ventus Element Res,en-US
風元素抗性,Ventus Element Res,en-US
攻击,ATK,en-US
攻撃,ATK,en-US
공격,ATK,en-US
攻擊,ATK,en-US
攻击速度,ATK SPD,en-US
攻撃速度,ATK SPD,en-US
공격 속도,ATK SPD,en-US
攻擊速度,ATK SPD,en-US
伤害加成,DMG Boost,en-US
ダメージボーナス,DMG Boost,en-US
추가 피해,DMG Boost,en-US
傷害加成,DMG Boost,en-US
暴击伤害,Crit DMG,en-US
会心ダメージ,Crit DMG,en-US
치명타 피해,Crit DMG,en-US
暴擊傷害,Crit DMG,en-US
暴击率,Crit Rate,en-US
会心率,Crit Rate,en-US
치명타율,Crit Rate,en-US
暴擊率,Crit Rate,en-US
抗暴率,Crit Res,en-US
会心耐性率,Crit Res,en-US
치명타 저항률,Crit Res,en-US
暗元素抗性,Umbra Element Res,en-US
闇属性耐性,Umbra Element Res,en-US
어둠 원소 저항,Umbra Element Res,en-US
防御,DEF,en-US
방어,DEF,en-US
防禦,DEF,en-US
伤害减免,DMG RES,en-US
被ダメージ軽減,DMG RES,en-US
피해 감소,DMG RES,en-US
傷害減免,DMG RES,en-US
元素专精,Element Mastery,en-US
元素特化,Element Mastery,en-US
원소 마스터,Element Mastery,en-US
元素專精,Element Mastery,en-US
专精,Mastery,en-US
特化,Mastery,en-US
마스터,Mastery,en-US
專精,Mastery,en-US
火元素抗性,Ignis Element Res,en-US
火属性耐性,Ignis Element Res,en-US
불 원소 저항,Ignis Element Res,en-US
生命,HP,en-US
生命值,HP,en-US
光元素抗性,Lux Element Res,en-US
光属性耐性,Lux Element Res,en-US
빛 원소 저항,Lux Element Res,en-US
法防,M.DEF,en-US
法術防御,M.DEF,en-US
마법 방어,M.DEF,en-US
移动速度,Movement SPD,en-US
移動速度,Movement SPD,en-US
이동 속도,Movement SPD,en-US
地元素抗性,Terra Element Res,en-US
地属性耐性,Terra Element Res,en-US
땅 원소 저항,Terra Element Res,en-US
水元素抗性,Aqua Element Res,en-US
水元素耐性,Aqua Element Res,en-US
물 원소 저항,Aqua Element Res,en-US
高,High,en-US
높음,High,en-US
低,Low,en-US
낮음,Low,en-US
中,Medium,en-US
중간,Medium,en-US
无,None,en-US
なし,None,en-US
없음,None,en-US
無,None,en-US
属性提升,Stats Boost,en-US
ステータス上昇,Stats Boost,en-US
속성 증가,Stats Boost,en-US
屬性提升,Stats Boost,en-US
自动战斗,Auto-Battle,en-US
AUTO,Auto-Battle,en-US
자동 전투,Auto-Battle,en-US
自動戰鬥,Auto-Battle,en-US
补充素材,Craft Materials,en-US
素材補充,Craft Materials,en-US
재료 보충,Craft Materials,en-US
補充材料,Craft Materials,en-US
消耗道具(低级素材自动合成),Required Materials (Basic Material),en-US
消費アイテム（初級素材自動合成）,Required Materials (Basic Material),en-US
아이템 소모(초급 재료 자동 합성),Required Materials (Basic Material),en-US
消耗道具（初級材料自動合成）,Required Materials (Basic Material),en-US
当前所需素材,Tier Up Requirement,en-US
必要素材,Tier Up Requirement,en-US
필요한 재료,Tier Up Requirement,en-US
目前所需材料,Tier Up Requirement,en-US
智能填充,Craft Materials,en-US
自動追加,Craft Materials,en-US
스마트 충전,Craft Materials,en-US
智慧填充,Craft Materials,en-US
转化后的道具,Converted Item,en-US
変換後のアイテム,Converted Item,en-US
변환된 아이템,Converted Item,en-US
轉換後的道具,Converted Item,en-US
部分获得物品已发生转化,Some acquired items have been converted,en-US
一部の入手アイテムは変換済みです,Some acquired items have been converted,en-US
획득한 아이템이 일부 변환되었습니다,Some acquired items have been converted,en-US
部分獲得物品已轉換,Some acquired items have been converted,en-US
自动编队,Auto-deploy,en-US
自動編成,Auto-deploy,en-US
자동 편성,Auto-deploy,en-US
自動編隊,Auto-deploy,en-US
自动编队已完成,Auto-deploy Complete,en-US
完了しました,Auto-deploy Complete,en-US
자동 편성을 완료했습니다,Auto-deploy Complete,en-US
自動編隊已完成,Auto-deploy Complete,en-US
自动过层,Auto-Proceed,en-US
自動階層移動,Auto-Proceed,en-US
자동 진행,Auto-Proceed,en-US
自動過關,Auto-Proceed,en-US
旁白：,Narration:,en-US
ナレーション：,Narration:,en-US
내레이션:,Narration:,en-US
选项：,Option:,en-US
選択肢：,Option:,en-US
선택사항:,Option:,en-US
選項：,Option:,en-US
关闭,Close,en-US
閉じる,Close,en-US
닫기,Close,en-US
關閉,Close,en-US
选 择,Select,en-US
選択,Select,en-US
선 택,Select,en-US
選 擇,Select,en-US
《星塔旅人》官方社区,Stella Sora Official Community,en-US
コミュニティ,Stella Sora Official Community,en-US
커뮤니티,Stella Sora Official Community,en-US
《星塔旅人》官方社群,Stella Sora Official Community,en-US
合起的捕兽夹，看来夹到了什么,Take a look at what the triggered traps are holding,en-US
トラバサミが閉じている。何かを挟まったようだ,Take a look at what the triggered traps are holding,en-US
덫이 닫힌 걸 보니 뭔가 잡힌 모양이다.,Take a look at what the triggered traps are holding,en-US
合起的捕獸夾，看來夾到了什麼,Take a look at what the triggered traps are holding,en-US
破坏的痕迹很细碎，还沾有血迹,The marks of destruction are delicate...and stained with blood,en-US
微かな破壊の痕跡、血の跡がついている,The marks of destruction are delicate...and stained with blood,en-US
잘게 부스러진 흔적들이다. 핏자국도 묻어 있다.,The marks of destruction are delicate...and stained with blood,en-US
破壞的痕跡很細碎，還沾有血跡,The marks of destruction are delicate...and stained with blood,en-US
动物们看来经历了苦战,The animals seem to have gone through a harsh battle,en-US
動物たちは苦戦を強いられたようだ,The animals seem to have gone through a harsh battle,en-US
동물들이 꽤나 힘든 시간을 보냈던 모양이다.,The animals seem to have gone through a harsh battle,en-US
看來動物們經歷了苦戰,The animals seem to have gone through a harsh battle,en-US
这个暖棚……看起来可以进去,It looks like we can go inside that greenhouse...,en-US
このサンルーム……中に入れそうだ,It looks like we can go inside that greenhouse...,en-US
이 온실은…… 들어갈 수 있을 것 같다.,It looks like we can go inside that greenhouse...,en-US
這座日光溫室…看起來可以進去,It looks like we can go inside that greenhouse...,en-US
稍小的捕兽夹，同样沾有血迹,The small traps are also covered in blood,en-US
小型のトラバサミにも、同じように血の跡がある,The small traps are also covered in blood,en-US
조금 더 작은 덫에도 역시나 핏자국이 묻어 있다.,The small traps are also covered in blood,en-US
略小的捕獸夾，同樣沾有血跡,The small traps are also covered in blood,en-US
进水报废的机械……没有破坏痕迹,The machines broke down after being flooded... There are no signs of it being physically damaged,en-US
浸水して廃棄処分された機械には……破壊の痕跡がない,The machines broke down after being flooded... There are no signs of it being physically damaged,en-US
침수로 못쓰게 된 기계지만…… 훼손된 흔적은 없다.,The machines broke down after being flooded... There are no signs of it being physically damaged,en-US
進水報廢的機械…沒有破壞痕跡,The machines broke down after being flooded... There are no signs of it being physically damaged,en-US
用途不明的机械塔，没有启动的迹象,A mechanical tower with unknown purpose... It doesn't seem to be activated,en-US
用途がわからない機械の塔。起動した痕跡はない,A mechanical tower with unknown purpose... It doesn't seem to be activated,en-US
용도를 알 수 없는 기계탑으로 가동될 기미가 보이지 않는다.,A mechanical tower with unknown purpose... It doesn't seem to be activated,en-US
用途不明的機械塔，沒有啟動的跡象,A mechanical tower with unknown purpose... It doesn't seem to be activated,en-US
这头炎炎狼看上去很害怕,This Flame Wolf looks to be frightened,en-US
このフレイムウルフは怯えているようだ,This Flame Wolf looks to be frightened,en-US
이 불타오르는 늑대는 무섭게 생겼네.,This Flame Wolf looks to be frightened,en-US
這頭炎炎狼看起來很害怕,This Flame Wolf looks to be frightened,en-US
大狼受了点伤，但似乎无大碍,The larger wolf seems to be slightly injured,en-US
狼は怪我をしているが、大事に至っていないようだ,The larger wolf seems to be slightly injured,en-US
커다란 늑대가 상처를 입었으나 타격이 커 보이지는 않는다.,The larger wolf seems to be slightly injured,en-US
大狼受了點傷，但似乎無大礙,The larger wolf seems to be slightly injured,en-US
开关上挂着一本工作手册,A worker's log is hanging on the switch,en-US
スイッチの上に作業マニュアルが掛けられている,A worker's log is hanging on the switch,en-US
스위치에 작업 매뉴얼이 걸려있다.,A worker's log is hanging on the switch,en-US
開關上掛著一本工作手冊,A worker's log is hanging on the switch,en-US
【需要前往遗迹者，请在此等待】,[Those who are heading to the ruins. Please wait here],en-US
【遺跡に入る必要がある場合は、ここでお待ちください】,[Those who are heading to the ruins. Please wait here],en-US
「유적으로 가실 분은 여기서 기다려 주십시오」,[Those who are heading to the ruins. Please wait here],en-US
【欲前往遺跡者，請在此等待】,[Those who are heading to the ruins. Please wait here],en-US
栏杆上挂着一本工作手册,A worker's log is hanging on the railing,en-US
手すりに作業マニュアルが掛けられている,A worker's log is hanging on the railing,en-US
난간에 작업 매뉴얼이 걸려있다.,A worker's log is hanging on the railing,en-US
欄杆上掛著一本工作手冊,A worker's log is hanging on the railing,en-US
【试验田A已检查，暖棚道路畅通】,[Test Field A has been inspected. Greenhouse road is clear],en-US
【試験農場Aは点検済み、サンルームへの道は問題なく通行できる】,[Test Field A has been inspected. Greenhouse road is clear],en-US
"「시험용 농지 A 확인 완료, 온실 통로 원활」",[Test Field A has been inspected. Greenhouse road is clear],en-US
【試驗田A已檢查，日光溫室道路順暢】,[Test Field A has been inspected. Greenhouse road is clear],en-US
【农药机A区已检查，保险箱目视无损】,[Pesticide Machine Area A has been inspected. No visible damage to the safe],en-US
【農薬機械エリアAは点検済み、目視では金庫に損傷なし】,[Pesticide Machine Area A has been inspected. No visible damage to the safe],en-US
"「농약 기계 A 구역 확인 완료, 금고 외관상 이상 없음」",[Pesticide Machine Area A has been inspected. No visible damage to the safe],en-US
【農藥機A區已檢查，目測保險箱未受損】,[Pesticide Machine Area A has been inspected. No visible damage to the safe],en-US
灯柱上挂着一本工作手册,A worker's log is hanging on the lamp post,en-US
電柱に作業マニュアルが掛けられている,A worker's log is hanging on the lamp post,en-US
조명 기둥에 작업 매뉴얼이 걸려있다.,A worker's log is hanging on the lamp post,en-US
燈柱上掛著一本工作手冊,A worker's log is hanging on the lamp post,en-US
【水晶塔B-1已检查，无损伤，已安排机械守卫】,[Crystal Tower B-1 has been inspected. No damage. Robot guards assigned],en-US
【クリスタルタワーB-1は点検済み、損傷なし、機械警備員を配置済み】,[Crystal Tower B-1 has been inspected. No damage. Robot guards assigned],en-US
"「크리스탈 타워 B-1 점검 완료, 손상 없음, 기계 경비병 배치 완료」",[Crystal Tower B-1 has been inspected. No damage. Robot guards assigned],en-US
【水晶塔B-1已檢查，未受損，已安排機械守衛】,[Crystal Tower B-1 has been inspected. No damage. Robot guards assigned],en-US
灯柱上挂着一本签到本,A check-in log is hanging on the lamp post,en-US
電柱に受付帳が掛けられている,A check-in log is hanging on the lamp post,en-US
조명 기둥에 출석부가 걸려있다.,A check-in log is hanging on the lamp post,en-US
燈柱上掛著一本簽到簿,A check-in log is hanging on the lamp post,en-US
【麦田怪圈农药机已检查，保险箱目视无损】,[Wheat Field Monster Area Pesticide Machine has been inspected. No visible damage to the safe],en-US
【ミステリーサークルの農業機械は点検済み、目視では金庫に損傷なし】,[Wheat Field Monster Area Pesticide Machine has been inspected. No visible damage to the safe],en-US
"「밀밭 농약 기계 A 구역 확인 완료, 금고 외관상 이상 없음」",[Wheat Field Monster Area Pesticide Machine has been inspected. No visible damage to the safe],en-US
【麥田圈農藥機已檢查，目測保險箱未受損】,[Wheat Field Monster Area Pesticide Machine has been inspected. No visible damage to the safe],en-US
大门上挂着一本签到本,A check-in log is hanging on the door,en-US
正門に受付帳が掛けられている,A check-in log is hanging on the door,en-US
문에 출석부가 걸려있다.,A check-in log is hanging on the door,en-US
大門上掛著一本簽到簿,A check-in log is hanging on the door,en-US
【所有水晶塔已检查，预计前往修复中心水晶塔】,[All crystal towers have been inspected. Expected task to repair the Central Crystal Tower],en-US
【クリスタルタワー全体を点検済み、補修センターのクリスタルタワーへ向かう予定】,[All crystal towers have been inspected. Expected task to repair the Central Crystal Tower],en-US
"「크리스탈 타워 전체 점검 완료, 복구 센터 크리스탈 타워로 이동 예정」",[All crystal towers have been inspected. Expected task to repair the Central Crystal Tower],en-US
【所有水晶塔已檢查，預計前往修復中心水晶塔】,[All crystal towers have been inspected. Expected task to repair the Central Crystal Tower],en-US
纪录已锁定无法解散,Locked Records cannot be dismantled,en-US
記録がロックされているため、分解できません,Locked Records cannot be dismantled,en-US
잠긴 기록이므로 분해할 수 없습니다,Locked Records cannot be dismantled,en-US
紀錄已鎖定，無法解散,Locked Records cannot be dismantled,en-US
未选择纪录,No Records selected,en-US
記録が選択されていません,No Records selected,en-US
기록을 선택하지 않았습니다,No Records selected,en-US
未選擇紀錄,No Records selected,en-US
请输入新名字,Enter a new name,en-US
新しい名前を入力してください,Enter a new name,en-US
새로운 이름을 입력하세요,Enter a new name,en-US
請輸入新名字,Enter a new name,en-US
纪录已解散，获得以下物品,Record dismantled! You received:,en-US
分解に成功しました 以下のアイテムを獲得しました,Record dismantled! You received:,en-US
기록을 분해하여 다음 아이템을 획득했습니다,Record dismantled! You received:,en-US
紀錄已解散，獲得以下物品,Record dismantled! You received:,en-US
纪录保存成功,Record Saved,en-US
記録を保存しました,Record Saved,en-US
기록 저장 성공,Record Saved,en-US
紀錄儲存成功,Record Saved,en-US
纪录已解散,Record dismantled!,en-US
記録を分解しました,Record dismantled!,en-US
기록 분해 완료,Record dismantled!,en-US
紀錄已解散,Record dismantled!,en-US
查看详情,View Details,en-US
詳細を確認,View Details,en-US
상세 정보 확인,View Details,en-US
查看詳情,View Details,en-US
购买等级,Purchase Tier,en-US
レベル購入,Purchase Tier,en-US
레벨 구매,Purchase Tier,en-US
購買等級,Purchase Tier,en-US
取 消,Cancel,en-US
キャンセル,Cancel,en-US
취 소,Cancel,en-US
购 买,Purchase,en-US
購入,Purchase,en-US
구 매,Purchase,en-US
購 買,Purchase,en-US
消耗：,Cost:,en-US
消費：,Cost:,en-US
소모:,Cost:,en-US
营业额度,Progress,en-US
EXP,Progress,en-US
영업 매출,Progress,en-US
營業額,Progress,en-US
基金等级,Grant Tier,en-US
支援レベル,Grant Tier,en-US
지원금 레벨,Grant Tier,en-US
基金等級,Grant Tier,en-US
解锁尊享补贴,Unlock Elite Grant,en-US
グレードアップ,Unlock Elite Grant,en-US
프리미엄 오픈,Unlock Elite Grant,en-US
解鎖尊享補貼,Unlock Elite Grant,en-US
￥{0},${0},en-US
₩{0},${0},en-US
已解锁,Unlocked,en-US
解放済み,Unlocked,en-US
오픈됨,Unlocked,en-US
已解鎖,Unlocked,en-US
本周营业目标,Weekly Target,en-US
今週の目標,Weekly Target,en-US
주간 영업 목표,Weekly Target,en-US
本週營業目標,Weekly Target,en-US
已关闭,Closed,en-US
期間外,Closed,en-US
종료됨,Closed,en-US
已關閉,Closed,en-US
今日目标,Today's Target,en-US
本日の目標,Today's Target,en-US
일일 목표,Today's Target,en-US
今日目標,Today's Target,en-US
每周营业额上限：{0}/{1},Weekly Limit: {0}/{1},en-US
週間EXP上限：({0}/{1}),Weekly Limit: {0}/{1},en-US
주간 영업 매출: {0}/{1},Weekly Limit: {0}/{1},en-US
每週營業額上限：{0}/{1},Weekly Limit: {0}/{1},en-US
已升至最高级,Already max level,en-US
最大レベルです,Already max level,en-US
최대 레벨 달성,Already max level,en-US
已升至最高等級,Already max level,en-US
已满级,Max level,en-US
已滿級,Max level,en-US
{0}天{1}时,({0}d {1}h),en-US
{0}日{1}時間,({0}d {1}h),en-US
{0}일 {1}시간,({0}d {1}h),en-US
{0}天{1}小時,({0}d {1}h),en-US
{0}时,({0}h),en-US
{0}時間,({0}h),en-US
{0}시간,({0}h),en-US
{0}小時,({0}h),en-US
全部领取,Claim All,en-US
모두 획득,Claim All,en-US
全部領取,Claim All,en-US
大亨尊享补贴,Royal Grant,en-US
ミラクルコース,Royal Grant,en-US
럭셔리 지원금,Royal Grant,en-US
大亨尊享補貼,Royal Grant,en-US
基础补贴,Starter Grant,en-US
スタンダードコース,Starter Grant,en-US
일반 지원금,Starter Grant,en-US
基礎補貼,Starter Grant,en-US
尊享补贴,Elite Grant,en-US
プレミアムコース,Elite Grant,en-US
프리미엄 지원금,Elite Grant,en-US
尊享補貼,Elite Grant,en-US
全部尊享补贴奖励,All Elite Grant Rewards,en-US
すべてのプレミアムコース特典,All Elite Grant Rewards,en-US
모든 프리미엄 보상,All Elite Grant Rewards,en-US
全部尊享補貼獎勵,All Elite Grant Rewards,en-US
尊享补贴领取资格已激活,Elite Grant Privileges activated,en-US
プレミアムコースが解放されました,Elite Grant Privileges activated,en-US
프리미엄 지원금 수령 자격 활성화,Elite Grant Privileges activated,en-US
尊享補貼領取資格已啟動,Elite Grant Privileges activated,en-US
季度期限,Duration:,en-US
シーズン期間,Duration:,en-US
시즌 한정,Duration:,en-US
创业激励基金,Startup Grant,en-US
事業支援,Startup Grant,en-US
창업 지원 패스,Startup Grant,en-US
創業激勵基金,Startup Grant,en-US
营业目标,Company Goal,en-US
事業目標,Company Goal,en-US
영업 목표,Company Goal,en-US
營業目標,Company Goal,en-US
基金补贴,Grant Milestone,en-US
補助物資,Grant Milestone,en-US
패스 지원금,Grant Milestone,en-US
基金補貼,Grant Milestone,en-US
查看信息,View Info,en-US
詳細確認,View Info,en-US
정보 보기,View Info,en-US
查看資訊,View Info,en-US
距离季度结束 {0},Season ends in {0},en-US
シーズン終了まであと{0},Season ends in {0},en-US
{0} 후 시즌 종료,Season ends in {0},en-US
距離季度結束 {0},Season ends in {0},en-US
{0}级,Tier {0},en-US
Lv.{0},Tier {0},en-US
{0}레벨,Tier {0},en-US
{0}級,Tier {0},en-US
尊享音韵精选集,Exclusive Melodic Collection,en-US
厳選ロスレコ セレクション,Exclusive Melodic Collection,en-US
프리미엄 멜로디 컬렉션,Exclusive Melodic Collection,en-US
尊享音韻精選集,Exclusive Melodic Collection,en-US
本期购买 大亨尊享补贴 立即获得,Available now in the Royal Grant,en-US
ミラクルコース購入後すぐに獲得,Available now in the Royal Grant,en-US
이번 시즌 럭셔리 지원금 구매 시 즉시 획득,Available now in the Royal Grant,en-US
本期購買大亨尊享補貼立即獲得,Available now in the Royal Grant,en-US
开启基金,Activate Grant,en-US
事業支援を解放,Activate Grant,en-US
패스 오픈,Activate Grant,en-US
開啟基金,Activate Grant,en-US
已解锁该等级补贴,Grant Tier Reward Unlocked,en-US
新しい補助物資が解放されました,Grant Tier Reward Unlocked,en-US
레벨 지원금 오픈 완료,Grant Tier Reward Unlocked,en-US
已解鎖該等級補貼,Grant Tier Reward Unlocked,en-US
技能冷却中,Skill is on cooldown,en-US
スキルクールタイム中,Skill is on cooldown,en-US
스킬 쿨타임 중,Skill is on cooldown,en-US
技能冷卻中,Skill is on cooldown,en-US
技能充能中,Skill is charging,en-US
スキルチャージ中,Skill is charging,en-US
스킬 충전 중,Skill is charging,en-US
技能蓄能中,Skill is charging,en-US
总计伤害,Total DMG,en-US
合計ダメージ,Total DMG,en-US
총 피해량,Total DMG,en-US
總計傷害,Total DMG,en-US
旅人,Trekker,en-US
巡遊者,Trekker,en-US
여행가,Trekker,en-US
伤害,DMG,en-US
ダメージ,DMG,en-US
피해,DMG,en-US
傷害,DMG,en-US
百分比,Percentage,en-US
割合,Percentage,en-US
비율,Percentage,en-US
伤害统计,DMG Stats,en-US
ダメージ統計,DMG Stats,en-US
피해량 통계,DMG Stats,en-US
傷害統計,DMG Stats,en-US
提升旅人、秘纹、能力等级，可以有效提升战力,"Level up Trekker, Disc, and Skill levels to increase your combat power.",en-US
巡遊者・ロスレコ・スキルのレベルを上げてみましょう,"Level up Trekker, Disc, and Skill levels to increase your combat power.",en-US
"여행가, 레코드, 스킬 레벨을 높이면 전투력을 효과적으로 향상시킬 수 있습니다.","Level up Trekker, Disc, and Skill levels to increase your combat power.",en-US
提升旅人、祕紋、能力等級，可有效提升戰力,"Level up Trekker, Disc, and Skill levels to increase your combat power.",en-US
权限等级已达上限,Max Authorization Level Reached,en-US
権限レベルが上限に達しています,Max Authorization Level Reached,en-US
최대 레벨 달성,Max Authorization Level Reached,en-US
權限等級已達上限,Max Authorization Level Reached,en-US
战斗语音,Combat Voice Chat,en-US
戦闘ボイス,Combat Voice Chat,en-US
전투 음성,Combat Voice Chat,en-US
戰鬥語音,Combat Voice Chat,en-US
无符合,No matches,en-US
該当記録なし,No matches,en-US
없음,No matches,en-US
無符合,No matches,en-US
{0}个符合,{0} matches,en-US
{0}個該当,{0} matches,en-US
{0}개 부합,{0} matches,en-US
{0}個符合,{0} matches,en-US
※纪录递交至协会后，将从您的纪录库中删去,※The original Record will be deleted upon submission.,en-US
※協会に提出した記録は消えます。,※The original Record will be deleted upon submission.,en-US
※기록을 제출하면 저장된 기록에서 삭제됩니다,※The original Record will be deleted upon submission.,en-US
※紀錄提交至協會後，將從您的紀錄庫中刪去,※The original Record will be deleted upon submission.,en-US
长按纪录查看详情,Select and hold a Record to view details,en-US
長押しで記録の詳細を確認,Select and hold a Record to view details,en-US
기록을 길게 눌러 상세 정보 확인,Select and hold a Record to view details,en-US
長按紀錄查看詳情,Select and hold a Record to view details,en-US
前往,Go,en-US
이동,Go,en-US
征集完成,Done,en-US
募集終了,Done,en-US
제출 완료,Done,en-US
徵集完成,Done,en-US
前往星塔,Go to Monolith,en-US
星ノ塔へ,Go to Monolith,en-US
별의 탑으로 이동,Go to Monolith,en-US
该纪录处在锁定状态中，需要解锁,Unlock this record first,en-US
ロック中の記録です,Unlock this record first,en-US
"해당 기록은 잠겨 있어, 해제해야 합니다.",Unlock this record first,en-US
該紀錄處於鎖定狀態，需要解鎖,Unlock this record first,en-US
暂无可领取的奖励,No rewards available,en-US
受取可能な報酬はありません,No rewards available,en-US
획득할 수 있는 보상이 없습니다,No rewards available,en-US
暫無可領取的獎勵,No rewards available,en-US
攻略积分奖励,Point Rewards,en-US
塔覇の証報酬,Point Rewards,en-US
공략 점수 보상,Point Rewards,en-US
攻略積分獎勵,Point Rewards,en-US
奖励预览,Rewards,en-US
報酬プレビュー,Rewards,en-US
보상 미리 보기,Rewards,en-US
獎勵預覽,Rewards,en-US
以上为征集奖励,Above are the submission rewards,en-US
報酬を受け取りました！,Above are the submission rewards,en-US
위 항목은 모집 보상입니다.,Above are the submission rewards,en-US
以上為徵集獎勵,Above are the submission rewards,en-US
奖励次数,Reward Chances,en-US
提出回数,Reward Chances,en-US
보상 횟수,Reward Chances,en-US
獎勵次數,Reward Chances,en-US
已累计攻略积分,Current Clearance Points,en-US
累計塔覇の証,Current Clearance Points,en-US
누적 공략 점수,Current Clearance Points,en-US
已累積攻略積分,Current Clearance Points,en-US
已选择,Selected,en-US
選択済み,Selected,en-US
선택됨,Selected,en-US
已選擇,Selected,en-US
已达最大可递交数量,Submission limit reached,en-US
提出可能上限に達しました,Submission limit reached,en-US
더 이상 제출할 수 없습니다,Submission limit reached,en-US
已達最大可提交數量,Submission limit reached,en-US
递交纪录,Submit Record,en-US
記録提出,Submit Record,en-US
기록 제출,Submit Record,en-US
提交紀錄,Submit Record,en-US
至少选中1组纪录进行递交,Select at least 1 set of Records to submit,en-US
提出する記録を選択してください,Select at least 1 set of Records to submit,en-US
1개 이상의 기록을 선택해 제출해야 합니다,Select at least 1 set of Records to submit,en-US
請至少選擇1組紀錄進行提交,Select at least 1 set of Records to submit,en-US
递交,Submit,en-US
提出,Submit,en-US
제출,Submit,en-US
提交,Submit,en-US
未开放,Unavailable,en-US
未開放,Unavailable,en-US
미오픈,Unavailable,en-US
征集未开启,Event not available,en-US
記録大募集は未開放です,Event not available,en-US
모집이 오픈되지 않았습니다.,Event not available,en-US
徵集未開放,Event not available,en-US
需要观看旅人剧情{0}后解锁,View Trekker Story {0} to unlock,en-US
巡遊者ストーリー{0}を閲覧すると解放されます,View Trekker Story {0} to unlock,en-US
여행가 스토리 {0} 열람 후 오픈됩니다,View Trekker Story {0} to unlock,en-US
觀看旅人劇情{0}後解鎖,View Trekker Story {0} to unlock,en-US
拖动以调整看板顺序,Drag to reorder Showcase,en-US
ドラッグで表示順を調整,Drag to reorder Showcase,en-US
드래그하여 패널 순서 조정,Drag to reorder Showcase,en-US
拖曳以調整看板順序,Drag to reorder Showcase,en-US
还没有设置展示旅人,No display Trekker has been set,en-US
表示する巡遊者が設定されていません,No display Trekker has been set,en-US
대표 여행가를 설정하지 않았습니다,No display Trekker has been set,en-US
尚未設定展示旅人,No display Trekker has been set,en-US
请选择旅人,Please select a Trekker,en-US
巡遊者を選択してください,Please select a Trekker,en-US
여행가를 선택하세요,Please select a Trekker,en-US
請選擇旅人,Please select a Trekker,en-US
秘纹{0}阶后解锁动态效果,Reach Disc Tier {0} to unlock animation,en-US
ロスレコがランク{0}でエフェクト解放,Reach Disc Tier {0} to unlock animation,en-US
레코드 {0}단계 달성 후 애니메이션 효과 오픈,Reach Disc Tier {0} to unlock animation,en-US
祕紋{0}階後解鎖動態效果,Reach Disc Tier {0} to unlock animation,en-US
无法切换当前看板,Cannot change the current Showcase,en-US
切り替えできません,Cannot change the current Showcase,en-US
현재 패널 변경 불가,Cannot change the current Showcase,en-US
無法切換目前看板,Cannot change the current Showcase,en-US
该旅人尚未解锁回忆特写,This Trekker hasn't unlocked Memory Snapshots yet,en-US
この巡遊者のフォトメモはまだ解放されていません,This Trekker hasn't unlocked Memory Snapshots yet,en-US
해당 여행가는 추억 컷신을 오픈하지 않았습니다.,This Trekker hasn't unlocked Memory Snapshots yet,en-US
該旅人尚未解鎖回憶特寫,This Trekker hasn't unlocked Memory Snapshots yet,en-US
请选择秘纹,Please select a Disc,en-US
ロスレコを選択してください,Please select a Disc,en-US
레코드를 선택하세요,Please select a Disc,en-US
請選擇祕紋,Please select a Disc,en-US
图鉴,Gallery,en-US
思い出,Gallery,en-US
도감,Gallery,en-US
圖鑑,Gallery,en-US
秘纹,Disc,en-US
ロスレコ,Disc,en-US
레코드,Disc,en-US
祕紋,Disc,en-US
请选择图鉴,Please select a Gallery,en-US
思い出を選択してください,Please select a Gallery,en-US
도감을 선택하세요,Please select a Gallery,en-US
請選擇圖鑑,Please select a Gallery,en-US
请至少设置一组看板,Please set at least one showcase,en-US
ホーム画面に最低1つ設定してください,Please set at least one showcase,en-US
패널을 1개 이상 설정하세요,Please set at least one showcase,en-US
請至少設定一組看板,Please set at least one showcase,en-US
看板展示队列已满,Showcase queue is full,en-US
ホーム画面にこれ以上設定できません,Showcase queue is full,en-US
패널 디스플레이 대기열이 가득 찼습니다,Showcase queue is full,en-US
看板展示佇列已滿,Showcase queue is full,en-US
已选择 {0}/{1},Selected {0}/{1},en-US
{0}/{1}選択中,Selected {0}/{1},en-US
선택 완료 {0}/{1},Selected {0}/{1},en-US
已選擇 {0}/{1},Selected {0}/{1},en-US
前往进阶,Go Tier Up,en-US
昇格,Go Tier Up,en-US
승급 이동,Go Tier Up,en-US
前往進階,Go Tier Up,en-US
前往购买,Go Purchase,en-US
購入,Go Purchase,en-US
구매하기,Go Purchase,en-US
前往購買,Go Purchase,en-US
尚未获得默契形象,No Affinity appearances yet,en-US
信頼イメージを獲得していません,No Affinity appearances yet,en-US
호감도 이미지 미획득,No Affinity appearances yet,en-US
尚未獲得默契形象,No Affinity appearances yet,en-US
默契值,Affinity,en-US
信頼度,Affinity,en-US
호감도,Affinity,en-US
动画,Animation,en-US
フォトメモ,Animation,en-US
애니메이션,Animation,en-US
動畫,Animation,en-US
装扮,Outfit,en-US
立ち絵,Outfit,en-US
컷신,Outfit,en-US
裝扮,Outfit,en-US
更 换,Change,en-US
選択,Change,en-US
변 경,Change,en-US
更 換,Change,en-US
重复信条已合并显示,Duplicate Notes have been combined for display,en-US
重複した信条は統合して表示されます,Duplicate Notes have been combined for display,en-US
중복 태그는 일괄 표시됩니다,Duplicate Notes have been combined for display,en-US
重覆信條已合併顯示,Duplicate Notes have been combined for display,en-US
魔王之间,Boss's Domain,en-US
魔王ノ間,Boss's Domain,en-US
마왕의 방,Boss's Domain,en-US
魔王之間,Boss's Domain,en-US
等级,Lv.,en-US
レベル,Lv.,en-US
레벨,Lv.,en-US
等級,Lv.,en-US
参战次数,Battles,en-US
参加回数,Battles,en-US
전투 참여 횟수,Battles,en-US
參戰次數,Battles,en-US
未开启,Not Available,en-US
未解放,Not Available,en-US
미오픈,Not Available,en-US
未開啟,Not Available,en-US
请选择操控碎晶球的旅人,Please select a Trekker to control the marble,en-US
バーを操作する巡遊者を選択してください,Please select a Trekker to control the marble,en-US
구슬을 제어할 여행가를 선택하세요,Please select a Trekker to control the marble,en-US
請選擇操控碎晶球的旅人,Please select a Trekker to control the marble,en-US
{0}·{1},{0}: {1},en-US
{0}通关 后开启,Clear {0} to unlock,en-US
{0}クリア後 解放,Clear {0} to unlock,en-US
{0} 클리어 후 오픈,Clear {0} to unlock,en-US
{0}通過後開啟,Clear {0} to unlock,en-US
{0}秒内达到{1}分,Reach {1} points in {0}s,en-US
{0}秒以内に{1}スコアを獲得する,Reach {1} points in {0}s,en-US
{0}초 동안 {1}포인트 달성,Reach {1} points in {0}s,en-US
{0}秒內達到{1}分,Reach {1} points in {0}s,en-US
返回游戏,Return to Game,en-US
戻る,Return to Game,en-US
게임 돌아가기,Return to Game,en-US
返回遊戲,Return to Game,en-US
离开本局,Leave,en-US
挑戦終了,Leave,en-US
이번 게임 떠나기,Leave,en-US
離開本局,Leave,en-US
重新开始,Restart,en-US
再挑戦,Restart,en-US
다시 시작하기,Restart,en-US
重新開始,Restart,en-US
碎晶球未发射时无法使用技能,Can only cast skills after the marble is launched.,en-US
ボールが発射されるまではスキルを使用できません。,Can only cast skills after the marble is launched.,en-US
구슬을 발사하지 않으면 스킬을 사용할 수 없습니다.,Can only cast skills after the marble is launched.,en-US
碎晶球未發射時無法使用技能,Can only cast skills after the marble is launched.,en-US
前往活动,Go to Event,en-US
進む,Go to Event,en-US
이벤트로 이동하기,Go to Event,en-US
前往活動,Go to Event,en-US
退出,Quit,en-US
終了,Quit,en-US
뒤로,Quit,en-US
重新挑战,Restart,en-US
リトライ,Restart,en-US
재도전,Restart,en-US
重新挑戰,Restart,en-US
目标得分,Target Score,en-US
目標スコア,Target Score,en-US
목표 포인트,Target Score,en-US
目標得分,Target Score,en-US
取消,Cancel,en-US
취소,Cancel,en-US
升 阶,Tier Up,en-US
昇格,Tier Up,en-US
승 급,Tier Up,en-US
升 階,Tier Up,en-US
领取奖励,Claim Reward,en-US
受取,Claim Reward,en-US
領取獎勵,Claim Reward,en-US
升 级,Upgrade,en-US
レベルアップ,Upgrade,en-US
레벨업,Upgrade,en-US
升 級,Upgrade,en-US
拿 走,Select,en-US
確定,Select,en-US
획 득,Select,en-US
提升满级,Upgrade to Max,en-US
MAX,Upgrade to Max,en-US
최대 레벨,Upgrade to Max,en-US
提升至滿級,Upgrade to Max,en-US
提升一级,Upgrade 1 level,en-US
Lv.+1,Upgrade 1 level,en-US
1레벨 증가,Upgrade 1 level,en-US
提升一級,Upgrade 1 level,en-US
当前纪录评分：,Current Score:,en-US
現在の記録スコア：,Current Score:,en-US
현재 기록 평점:,Current Score:,en-US
目前紀錄評分：,Current Score:,en-US
根据纪录评级将会在战斗中附加额外属性加成,Your Record Rating will grant you additional stat bonuses during the battle.,en-US
記録レベルに応じて、戦闘中に追加のステータスボーナスが得られる,Your Record Rating will grant you additional stat bonuses during the battle.,en-US
기록 평점에 따라 전투 시 추가 속성 보너스가 부여됩니다.,Your Record Rating will grant you additional stat bonuses during the battle.,en-US
根據紀錄評價將會在戰鬥中附加額外屬性加成,Your Record Rating will grant you additional stat bonuses during the battle.,en-US
攻击力增加{1}，最大生命值增加{2},ATK+{1} & HP+{2},en-US
攻撃力が{1}、最大HPが{2}上昇する,ATK+{1} & HP+{2},en-US
"공격력 {1} 증가, 최대 HP {2} 증가",ATK+{1} & HP+{2},en-US
攻擊力增加{1}，最大生命值增加{2},ATK+{1} & HP+{2},en-US
纪录评级 {0},Record Rating {0},en-US
記録レベル {0},Record Rating {0},en-US
기록 평점 {0},Record Rating {0},en-US
紀錄評價{0},Record Rating {0},en-US
纪录属性详情,Record Stat Details,en-US
記録レベルボーナス,Record Stat Details,en-US
속성 상세 기록,Record Stat Details,en-US
紀錄屬性詳情,Record Stat Details,en-US
基础模式,Basic Mode,en-US
基本モード,Basic Mode,en-US
기본 모델,Basic Mode,en-US
基礎模式,Basic Mode,en-US
加成一览,Bonus Overview,en-US
ボーナス一覧,Bonus Overview,en-US
버프 확인,Bonus Overview,en-US
加成效果一覽,Bonus Overview,en-US
详 情,Details,en-US
詳細,Details,en-US
상세 정보,Details,en-US
詳 情,Details,en-US
关 闭,Close,en-US
닫 기,Close,en-US
關 閉,Close,en-US
解散纪录,Dismantle,en-US
記録分解,Dismantle,en-US
기록 분해,Dismantle,en-US
解散紀錄,Dismantle,en-US
偏 好,Favorite,en-US
お気に入り,Favorite,en-US
선 호,Favorite,en-US
已锁定,Locked,en-US
ロック済,Locked,en-US
잠 김,Locked,en-US
已鎖定,Locked,en-US
保存纪录,Save Record,en-US
記録保存,Save Record,en-US
기록 저장,Save Record,en-US
儲存紀錄,Save Record,en-US
放弃纪录,Give Up Record,en-US
記録破棄,Give Up Record,en-US
기록 포기,Give Up Record,en-US
放棄紀錄,Give Up Record,en-US
未锁定,Unlocked,en-US
未ロック,Unlocked,en-US
열 림,Unlocked,en-US
未鎖定,Unlocked,en-US
等级{0},Level {0},en-US
Lv.{0},Level {0},en-US
레벨 {0},Level {0},en-US
等級 {0},Level {0},en-US
没有符合要求的秘纹,No Discs that satisfy the requirements,en-US
条件に合うロスレコがありません,No Discs that satisfy the requirements,en-US
조건에 맞는 레코드가 없습니다,No Discs that satisfy the requirements,en-US
沒有符合要求的祕紋,No Discs that satisfy the requirements,en-US
主控,Main,en-US
主力,Main,en-US
메인,Main,en-US
已锁定无法放弃纪录,Locked Records cannot be dismantled,en-US
記録がロックされているため、破棄できません,Locked Records cannot be dismantled,en-US
잠겨 있어 기록을 포기할 수 없습니다,Locked Records cannot be dismantled,en-US
已鎖定無法放棄紀錄,Locked Records cannot be dismantled,en-US
当前纪录名称,Current Name:,en-US
現在の名前,Current Name:,en-US
현재 기록 이름,Current Name:,en-US
目前紀錄名稱,Current Name:,en-US
プリセット,Potential Presets,en-US
角色不一致,Character mismatch.,en-US
巡遊者が一致していません,Character mismatch.,en-US
캐릭터 불일치,Character mismatch.,en-US
未设置预设,Preset not set.,en-US
プリセットを設定していません,Preset not set.,en-US
프리셋 미설정,Preset not set.,en-US
未設定預設,Preset not set.,en-US
预设已设置,Preset set.,en-US
プリセットを設定しました,Preset set.,en-US
프리셋 설정 완료,Preset set.,en-US
預設已設定,Preset set.,en-US
评分,Score,en-US
スコア,Score,en-US
평점,Score,en-US
評分,Score,en-US
剧情模式,Story Mode,en-US
ストーリーモード,Story Mode,en-US
스토리 모델,Story Mode,en-US
劇情模式,Story Mode,en-US
剧情纪录不可调整,Story Records cannot be adjusted,en-US
ストーリー記録は 調整できません,Story Records cannot be adjusted,en-US
스토리 기록은 조정할 수 없습니다,Story Records cannot be adjusted,en-US
劇情紀錄無法調整,Story Records cannot be adjusted,en-US
援护,Support,en-US
支援,Support,en-US
지원,Support,en-US
援護,Support,en-US
角色等级未满级，无法进阶,Trekker not max level. Unable to Tier Up,en-US
巡遊者レベルが上限に達していないため、昇格できません,Trekker not max level. Unable to Tier Up,en-US
캐릭터 최대 레벨을 달성하지 않아 승급할 수 없습니다,Trekker not max level. Unable to Tier Up,en-US
角色等級未滿級，無法進階,Trekker not max level. Unable to Tier Up,en-US
进阶材料不足，无法进阶,Insufficient Tier Up materials. Unable to Tier Up,en-US
昇格するための素材が不足しているため、昇格できません,Insufficient Tier Up materials. Unable to Tier Up,en-US
승급 재료가 부족하여 승급할 수 없습니다,Insufficient Tier Up materials. Unable to Tier Up,en-US
進階材料不足，無法進階,Insufficient Tier Up materials. Unable to Tier Up,en-US
朵拉不足，无法进阶,Insufficient Dorra. Unable to Tier Up,en-US
ドーラが不足しているため、昇格できません,Insufficient Dorra. Unable to Tier Up,en-US
도라가 부족하여 승급할 수 없습니다,Insufficient Dorra. Unable to Tier Up,en-US
朵拉不足，無法進階,Insufficient Dorra. Unable to Tier Up,en-US
当前未拥有经验材料,No EXP Materials,en-US
経験値素材がありません,No EXP Materials,en-US
현재 경험치 재료가 없습니다,No EXP Materials,en-US
目前無經驗材料,No EXP Materials,en-US
摆放位置有误,Placement error,en-US
配置場所が正しくありません,Placement error,en-US
잘못된 위치입니다,Placement error,en-US
擺放位置有誤,Placement error,en-US
强敌之间,Rival's Domain,en-US
強敵ノ間,Rival's Domain,en-US
강적의 방,Rival's Domain,en-US
強敵之間,Rival's Domain,en-US
挑战目标,Challenge Goal,en-US
任務,Challenge Goal,en-US
도전 목표,Challenge Goal,en-US
挑戰目標,Challenge Goal,en-US
长发的冷静少女,Girl with Light Hair,en-US
銀髪キュート女子,Girl with Light Hair,en-US
긴 머리의 도도한 소녀,Girl with Light Hair,en-US
長髮的冷靜少女,Girl with Light Hair,en-US
短发的干练少年,Boy with Dark Hair,en-US
黒髪クール男子,Boy with Dark Hair,en-US
짧은 머리의 세련된 소년,Boy with Dark Hair,en-US
短髮的沉穩少年,Boy with Dark Hair,en-US
确认之后，您可以随时更改此形象,You can change it anytime after confirming.,en-US
選択した容姿は後からでも変更できます,You can change it anytime after confirming.,en-US
확인 후에도 언제든지 이미지를 변경할 수 있습니다,You can change it anytime after confirming.,en-US
確定之後，您可隨時變更此形象,You can change it anytime after confirming.,en-US
当前形象无需更改,No appearance change is needed,en-US
使用中の容姿です,No appearance change is needed,en-US
현재 이미지는 변경하지 않아도 됩니다.,No appearance change is needed,en-US
目前形象無需更改,No appearance change is needed,en-US
选择您的形象,You're a...,en-US
あなたの容姿,You're a...,en-US
이미지를 선택하세요,You're a...,en-US
選擇您的形象,You're a...,en-US
切换形象,Change Appearance,en-US
容姿変更,Change Appearance,en-US
이미지 변경,Change Appearance,en-US
切換形象,Change Appearance,en-US
更换成功,Change Successful,en-US
変更しました,Change Successful,en-US
변경 성공,Change Successful,en-US
變更成功,Change Successful,en-US
累计星数达到{0},Reach {0} accumulated stars,en-US
累計星数{0}達成,Reach {0} accumulated stars,en-US
성급 누적 {0} 달성,Reach {0} accumulated stars,en-US
累計星數達到{0},Reach {0} accumulated stars,en-US
章节未解锁,Chapter Locked,en-US
未解放,Chapter Locked,en-US
챕터 미오픈,Chapter Locked,en-US
章節未解鎖,Chapter Locked,en-US
{0}级,Lv.{0},en-US
{0}레벨,Lv.{0},en-US
{0}級,Lv.{0},en-US
旅人等级上限提升,Trekker Level Cap Increased,en-US
レベル上限UP,Trekker Level Cap Increased,en-US
여행가 최대 레벨 UP,Trekker Level Cap Increased,en-US
旅人等級上限提升,Trekker Level Cap Increased,en-US
技能等级上限提升,Skill Level Cap Increased,en-US
スキルレベル上限UP,Skill Level Cap Increased,en-US
스킬 최대 레벨 UP,Skill Level Cap Increased,en-US
技能等級上限提升,Skill Level Cap Increased,en-US
开启旅人立绘,New Appearance,en-US
巡遊者イメージ解放,New Appearance,en-US
여행가 일러스트 오픈,New Appearance,en-US
開啟旅人立繪,New Appearance,en-US
觉醒立绘,Awakened Appearance,en-US
覚醒立ち絵,Awakened Appearance,en-US
각성 일러스트,Awakened Appearance,en-US
覺醒立繪,Awakened Appearance,en-US
开放等级上限 {0},Unlock max level {0},en-US
レベル上限突破 {0},Unlock max level {0},en-US
최대 레벨 오픈 {0},Unlock max level {0},en-US
開放等級上限 {0},Unlock max level {0},en-US
高い,High,en-US
低い,Low,en-US
普通,Medium,en-US
超高,Super High,en-US
極めて高い,Super High,en-US
매우 높음,Super High,en-US
未装备,Empty,en-US
未装備,Empty,en-US
미장착,Empty,en-US
未裝備,Empty,en-US
筛选,Filter,en-US
フィルター,Filter,en-US
필터링,Filter,en-US
篩選,Filter,en-US
默契等级,Affinity Level,en-US
信頼度,Affinity Level,en-US
호감도 레벨,Affinity Level,en-US
默契等級,Affinity Level,en-US
等级,Level,en-US
レベル,Level,en-US
레벨,Level,en-US
等級,Level,en-US
稀有度,Rarity,en-US
レアリティ,Rarity,en-US
희귀도,Rarity,en-US
技能等级,Skill Level,en-US
スキル レベル,Skill Level,en-US
스킬 레벨,Skill Level,en-US
技能等級,Skill Level,en-US
获取时间,Acquired,en-US
入手時間,Acquired,en-US
획득 시간,Acquired,en-US
獲得時間,Acquired,en-US
基础信息,Basic Info,en-US
報酬,Basic Info,en-US
기본 정보,Basic Info,en-US
基本資訊,Basic Info,en-US
加成总览,Bonus Overview,en-US
버프 정보,Bonus Overview,en-US
加成總覽,Bonus Overview,en-US
默契奖励,Affinity Rewards,en-US
信頼ボーナス,Affinity Rewards,en-US
호감도 보상,Affinity Rewards,en-US
默契獎勵,Affinity Rewards,en-US
出 发,Go,en-US
出発,Go,en-US
출 발,Go,en-US
出 發,Go,en-US
已领取,Claimed,en-US
受取済み,Claimed,en-US
획득 완료,Claimed,en-US
已領取,Claimed,en-US
旅人剧情,Trekker Story,en-US
巡遊者ストーリー,Trekker Story,en-US
여행가 스토리,Trekker Story,en-US
旅人劇情,Trekker Story,en-US
充能速率：,Charge Rate:,en-US
SP獲得速度：,Charge Rate:,en-US
SP 회복 속도:,Charge Rate:,en-US
蓄能速率：,Charge Rate:,en-US
能量消耗：,Energy Cost:,en-US
SP消費：,Energy Cost:,en-US
SP 소모:,Energy Cost:,en-US
能量效率,Energy Efficiency,en-US
SP効率：,Energy Efficiency,en-US
SP 효율,Energy Efficiency,en-US
能量获取会受到潜能，攻速等多方面影响,"Energy Charge scales with Potentials, ATK SPD, and other stats.",en-US
SPの獲得は素質、攻撃速度など、さまざまな要素の影響を受けます,"Energy Charge scales with Potentials, ATK SPD, and other stats.",en-US
"SP 획득은 잠재력, 공격 속도 등의 여러 영향을 받는다.","Energy Charge scales with Potentials, ATK SPD, and other stats.",en-US
能量獲得會受到潛能、攻速等多方面影響,"Energy Charge scales with Potentials, ATK SPD, and other stats.",en-US
速い,High,en-US
遅い,Low,en-US
かなり速い,Super High,en-US
角色升至{0}阶后，技能可继续升级,Continue to upgrade the skill after the Trekker reaches Tier {0},en-US
巡遊者をランク{0}まで昇格すると、スキル強化上限が解放されます,Continue to upgrade the skill after the Trekker reaches Tier {0},en-US
{0} 단계 승급 달성 후 스킬을 레벨업할 수 있습니다,Continue to upgrade the skill after the Trekker reaches Tier {0},en-US
角色升至{0}階後，技能可繼續升級,Continue to upgrade the skill after the Trekker reaches Tier {0},en-US
当前没有可兑换的旅人碎片,No Trekker Fragments to exchange,en-US
交換可能な巡遊者の心相の欠片がありません,No Trekker Fragments to exchange,en-US
현재 교환 가능한 여행가 조각이 없습니다,No Trekker Fragments to exchange,en-US
目前無可兌換的旅人碎片,No Trekker Fragments to exchange,en-US
旅人碎片不足,Insufficient Trekker Fragments,en-US
巡遊者の心相の欠片が不足しています,Insufficient Trekker Fragments,en-US
여행가 조각이 부족합니다,Insufficient Trekker Fragments,en-US
旅人等级,Trekker Level,en-US
Lv.,Trekker Level,en-US
여행가 레벨,Trekker Level,en-US
旅人等級,Trekker Level,en-US
简略描述,Brief,en-US
要約,Brief,en-US
간단히,Brief,en-US
概述,Brief,en-US
不可切换至相同分支,Unable to switch to the same branch,en-US
同じ分岐には切り換えができない,Unable to switch to the same branch,en-US
같은 서브 스킬로 전환할 수 없습니다,Unable to switch to the same branch,en-US
無法切換至相同分支,Unable to switch to the same branch,en-US
技能升级所需材料不足,Insufficient skill upgrade materials,en-US
スキル強化に必要な素材が不足しています,Insufficient skill upgrade materials,en-US
스킬 레벨업에 필요한 재료가 부족합니다,Insufficient skill upgrade materials,en-US
技能升級所需材料不足,Insufficient skill upgrade materials,en-US
技能升级成功,Skill Upgrade Successful,en-US
スキル強化成功,Skill Upgrade Successful,en-US
스킬 레벨업 성공,Skill Upgrade Successful,en-US
技能升級成功,Skill Upgrade Successful,en-US
天赋属性加成总览,Talent Stat Boost Overview,en-US
心相ステータスボーナス一覧,Talent Stat Boost Overview,en-US
특성 속성 버프 정보,Talent Stat Boost Overview,en-US
天賦屬性加成總覽,Talent Stat Boost Overview,en-US
完全激活后还可以获得属性值,Activate completely to receive stats,en-US
すべて解放するとさらに獲得できるステータスボーナス,Activate completely to receive stats,en-US
활성화 후 속성 추가 획득 가능,Activate completely to receive stats,en-US
完全啟動後還可以獲得屬性值,Activate completely to receive stats,en-US
属性加成总览,Element Bonus Overview,en-US
ステータスボーナス一覧,Element Bonus Overview,en-US
속성 버프 정보,Element Bonus Overview,en-US
屬性加成總覽,Element Bonus Overview,en-US
已激活,Activated,en-US
解放済み,Activated,en-US
활성화 완료,Activated,en-US
已啟動,Activated,en-US
激 活,Activate,en-US
解放,Activate,en-US
활성화,Activate,en-US
啟 動,Activate,en-US
一键激活,Activate All,en-US
一括解放,Activate All,en-US
일괄 활성화,Activate All,en-US
快速啟動,Activate All,en-US
重置全部,Reset All,en-US
すべてリセット,Reset All,en-US
전체 초기화,Reset All,en-US
重置本层,Reset This Tier,en-US
この段階をリセット,Reset This Tier,en-US
현재 층 초기화,Reset This Tier,en-US
重置本層,Reset This Tier,en-US
重置,Reset,en-US
リセット,Reset,en-US
초기화,Reset,en-US
操作频繁，{0}秒后可进行重置,Input is too frequent. Reset again after {0}s,en-US
操作頻度が高すぎます。{0}秒後に再度お試してください。,Input is too frequent. Reset again after {0}s,en-US
조작이 너무 빠릅니다. {0}초 후 다시 초기화할 수 있습니다.,Input is too frequent. Reset again after {0}s,en-US
操作過於頻繁，{0}秒後可重置,Input is too frequent. Reset again after {0}s,en-US
激活进度,Activation Progress,en-US
解放進捗,Activation Progress,en-US
활성화 진행도,Activation Progress,en-US
啟動進度,Activation Progress,en-US
{0}不足，无法激活,Insufficient {0}. Unable to activate,en-US
{0}が不足しているため、解放できません,Insufficient {0}. Unable to activate,en-US
{0} 부족. 활성화할 수 없습니다,Insufficient {0}. Unable to activate,en-US
{0}不足，無法啟動,Insufficient {0}. Unable to activate,en-US
{0}不足，是否消耗{1}个{2}激活该天赋,Insufficient {0}. Use {1} {2} to activate this Talent?,en-US
{0}が不足しています。{1}個の{2}を消費してこの心相を解放しますか？,Insufficient {0}. Use {1} {2} to activate this Talent?,en-US
{0} 부족. {2} {1}개를 사용하여 해당 특성을 활성화하시겠습니까?,Insufficient {0}. Use {1} {2} to activate this Talent?,en-US
{0}不足，是否消耗{1}個{2}啟動此天賦？,Insufficient {0}. Use {1} {2} to activate this Talent?,en-US
激活条件,Activation Requirements,en-US
解放条件,Activation Requirements,en-US
활성화 조건,Activation Requirements,en-US
啟動條件,Activation Requirements,en-US
需激活本层所有天赋,Must activate all talents in this tier,en-US
この段階のすべての心相を解放する必要があります,Must activate all talents in this tier,en-US
이번 층의 모든 특성을 활성화해야 합니다.,Must activate all talents in this tier,en-US
需啟動本層所有天賦,Must activate all talents in this tier,en-US
本层已达激活上限,Reached max activation for this tier,en-US
この段階の解放上限に達しています,Reached max activation for this tier,en-US
해당 층 최대 활성화,Reached max activation for this tier,en-US
本層已達啟動上限,Reached max activation for this tier,en-US
需要激活上一层天赋,Must activate talents in the previous tier,en-US
前段階の心相を解放する必要があります,Must activate talents in the previous tier,en-US
이전 특성을 활성화해야 합니다.,Must activate talents in the previous tier,en-US
需啟動上一層天賦,Must activate talents in the previous tier,en-US
激活跃升天赋 「{0}」 后解锁,Activate Leap Talent {0} to unlock,en-US
跳躍心相 「{0}」 を発動すると解放,Activate Leap Talent {0} to unlock,en-US
도약 특성 「{0}」 활성화 후 오픈,Activate Leap Talent {0} to unlock,en-US
啟動躍升天賦「{0}」後解鎖,Activate Leap Talent {0} to unlock,en-US
激活天赋点已达到上限,Reached max active Talent,en-US
心相解放ポイントが上限に達しています,Reached max active Talent,en-US
활성화 특성 포인트 최대치 달성,Reached max active Talent,en-US
啟動天賦點數已達上限,Reached max active Talent,en-US
天赋属性详情,Talent Stat Details,en-US
心相ステータス詳細,Talent Stat Details,en-US
특성 속성 상세,Talent Stat Details,en-US
天賦屬性詳情,Talent Stat Details,en-US
{0}已开启,{0} is available,en-US
{0}は解放済み,{0} is available,en-US
{0} 오픈 완료,{0} is available,en-US
{0}已啟動,{0} is available,en-US
下一级：,Next level:,en-US
次のレベル：,Next level:,en-US
다음 레벨:,Next level:,en-US
下一級：,Next level:,en-US
Ⅰ,(01),en-US
Ⅱ,(02),en-US
Ⅲ,(03),en-US
Ⅳ,(04),en-US
Ⅴ,(05),en-US
{0}不足，无法激活天赋,Insufficient {0}. Unable to activate the Talent.,en-US
{0}が不足しているため、心相を解放できません,Insufficient {0}. Unable to activate the Talent.,en-US
"{0} 부족, 특성을 활성화할 수 없습니다.",Insufficient {0}. Unable to activate the Talent.,en-US
{0}不足，無法啟動天賦,Insufficient {0}. Unable to activate the Talent.,en-US
前置天赋暂未完成激活,Prerequisite Talent not activated,en-US
前提心相がまだ解放されていません,Prerequisite Talent not activated,en-US
선행 특성이 활성화되지 않았습니다,Prerequisite Talent not activated,en-US
前置天賦暫未完成啟動,Prerequisite Talent not activated,en-US
激活该天赋共需要消耗旅人心钥：,Soul Keys Requirements:,en-US
この心相の解放に必要な心相の欠片,Soul Keys Requirements:,en-US
해당 특성 활성화에 필요한 여행가 심상 결정:,Soul Keys Requirements:,en-US
啟動此天賦總共需要消耗旅人心鑰：,Soul Keys Requirements:,en-US
当前没有需要重置的天赋,No Talents to reset,en-US
リセットが必要な心相はありません,No Talents to reset,en-US
현재 초기화할 특성이 없습니다,No Talents to reset,en-US
目前沒有需要重置的天賦,No Talents to reset,en-US
重置天赋返还道具,Talent Reset Refund Items,en-US
心相をリセットしてアイテムを返還,Talent Reset Refund Items,en-US
특성 초기화 반환 아이템,Talent Reset Refund Items,en-US
重置天賦會歸還道具,Talent Reset Refund Items,en-US
重置天赋成功,Reset Talent Successful,en-US
心相をリセットしました,Reset Talent Successful,en-US
특성 초기화 성공,Reset Talent Successful,en-US
重置天賦成功,Reset Talent Successful,en-US
天赋效果,Talent Effect,en-US
心相の効果,Talent Effect,en-US
특성 효과,Talent Effect,en-US
天賦效果,Talent Effect,en-US
属性加成,Stats Boost,en-US
ステータスボーナス,Stats Boost,en-US
속성 버프,Stats Boost,en-US
屬性加成,Stats Boost,en-US
权限等级{0}级后可继续升阶,Reach Authorization Lv. {0} to further tier up,en-US
権限レベル{0}でさらに昇格できるようになります,Reach Authorization Lv. {0} to further tier up,en-US
권한 레벨 {0} 달성 시 승급 가능,Reach Authorization Lv. {0} to further tier up,en-US
權限等級{0}級後可繼續升階,Reach Authorization Lv. {0} to further tier up,en-US
权限等级达到{0}级后可继续升阶,Continue to Tier Up when reaching Authorization Lv. {0},en-US
権限レベル{0}でさらに昇格できるようになります,Continue to Tier Up when reaching Authorization Lv. {0},en-US
권한 레벨 {0} 달성 시 승급 가능,Continue to Tier Up when reaching Authorization Lv. {0},en-US
權限等級達到{0}級後可繼續升階,Continue to Tier Up when reaching Authorization Lv. {0},en-US
详细属性,Stats Details,en-US
ステータス詳細,Stats Details,en-US
세부 속성,Stats Details,en-US
詳細屬性,Stats Details,en-US
先锋,Vanguard,en-US
アタッカー,Vanguard,en-US
딜러,Vanguard,en-US
先鋒,Vanguard,en-US
均衡,Versatile,en-US
バランサー,Versatile,en-US
밸런스,Versatile,en-US
辅助,Support,en-US
サポーター,Support,en-US
서포터,Support,en-US
輔助,Support,en-US
普通攻击,Attack,en-US
通常攻撃,Attack,en-US
일반 공격,Attack,en-US
普通攻擊,Attack,en-US
主控技能,Main Skill,en-US
主力スキル,Main Skill,en-US
메인 스킬,Main Skill,en-US
援护技能,Support Skill,en-US
支援スキル,Support Skill,en-US
지원 스킬,Support Skill,en-US
援護技能,Support Skill,en-US
被动,Passive,en-US
パッシブ,Passive,en-US
패시브,Passive,en-US
被動,Passive,en-US
培 养,Upgrade,en-US
育成,Upgrade,en-US
육 성,Upgrade,en-US
培 養,Upgrade,en-US
详情,Details,en-US
상세,Details,en-US
詳情,Details,en-US
详细信息,Detailed Info,en-US
詳細情報,Detailed Info,en-US
상세,Detailed Info,en-US
詳細資訊,Detailed Info,en-US
默契,Affinity,en-US
信頼,Affinity,en-US
暂未获得角色{0},{0} not acquired,en-US
{0}を獲得していません,{0} not acquired,en-US
캐릭터 {0} 미획득,{0} not acquired,en-US
暫未獲得角色{0},{0} not acquired,en-US
提升,Upgrade,en-US
上昇,Upgrade,en-US
증가,Upgrade,en-US
战斗力,Combat Power,en-US
戦闘力,Combat Power,en-US
전투력,Combat Power,en-US
戰鬥力,Combat Power,en-US
属性,Stats,en-US
ステータス,Stats,en-US
속성,Stats,en-US
屬性,Stats,en-US
基本情報,Basic Info,en-US
能力,Skills,en-US
纹章,Emblem,en-US
徽章,Emblem,en-US
배지,Emblem,en-US
紋章,Emblem,en-US
潜能,Potentials,en-US
素質,Potentials,en-US
잠재력,Potentials,en-US
潛能,Potentials,en-US
天赋,Talents,en-US
心相,Talents,en-US
특성,Talents,en-US
天賦,Talents,en-US
常用,Fav,en-US
優先,Fav,en-US
애용,Fav,en-US
募集旅人:,Recruit Trekker:,en-US
巡遊者ガチャ：,Recruit Trekker:,en-US
여행가 모집:,Recruit Trekker:,en-US
募集旅人：,Recruit Trekker:,en-US
基本信息,Basic Info,en-US
基本資料,Basic Info,en-US
回忆特写,Memory Snapshots,en-US
フォトメモ,Memory Snapshots,en-US
추억 컷신,Memory Snapshots,en-US
回憶特寫,Memory Snapshots,en-US
送礼,Gift,en-US
ギフト,Gift,en-US
선물하기,Gift,en-US
送禮,Gift,en-US
信頼レベル,Affinity Level,en-US
剧情奖励：,Rewards:,en-US
ストーリー報酬：,Rewards:,en-US
스토리 보상:,Rewards:,en-US
劇情獎勵：,Rewards:,en-US
档案,Archive,en-US
プロフィール,Archive,en-US
프로필,Archive,en-US
檔案,Archive,en-US
语音,Voiceover,en-US
ボイス,Voiceover,en-US
음성,Voiceover,en-US
語音,Voiceover,en-US
剧情,Story,en-US
巡遊者ストーリー,Story,en-US
劇情,Story,en-US
当前未选择任何旅人，请点击选择后再确认,No Trekker selected. Please select first then confirm.,en-US
お気に入りの巡遊者を選択してください,No Trekker selected. Please select first then confirm.,en-US
현재 여행가를 선택하지 않았습니다. 선택 후 확인을 눌러주세요.,No Trekker selected. Please select first then confirm.,en-US
目前未選擇任何旅人，請點選後再確認,No Trekker selected. Please select first then confirm.,en-US
全,Full,en-US
近,Full,en-US
전체,Full,en-US
半,Portrait,en-US
遠,Portrait,en-US
확대,Portrait,en-US
立绘,2D,en-US
立ち絵,2D,en-US
라이브,2D,en-US
立繪,2D,en-US
查 看,View,en-US
보 기,View,en-US
获取确认,Confirm,en-US
獲得確認,Confirm,en-US
획득 확인,Confirm,en-US
定向旅人招募令,Recruitment Notice for a Specific Trekker,en-US
巡遊者選択,Recruitment Notice for a Specific Trekker,en-US
지정 여행가 모집권,Recruitment Notice for a Specific Trekker,en-US
当前暂时无法闪避,Dodge unavailable,en-US
まだ使用できません,Dodge unavailable,en-US
지금은 회피할 수 없습니다,Dodge unavailable,en-US
目前暫時無法閃避,Dodge unavailable,en-US
当前暂时无法施放技能,Skill unavailable,en-US
まだ使用できません,Skill unavailable,en-US
지금은 스킬을 발동할 수 없습니다,Skill unavailable,en-US
目前暫時無法施放技能,Skill unavailable,en-US
收集5星秘纹可将其设置为看板,Collect ★5 Discs to set them as showcases,en-US
★5ロスレコを入手すると、ホーム画面に設定できる,Collect ★5 Discs to set them as showcases,en-US
★5 레코드를 수집해 패널로 설정합니다.,Collect ★5 Discs to set them as showcases,en-US
收集5星祕紋可將其設定為看板,Collect ★5 Discs to set them as showcases,en-US
通关特定剧情可获取图鉴,Clear specific stories to acquire Codexes,en-US
特定のストーリーをクリアすると思い出を獲得できる,Clear specific stories to acquire Codexes,en-US
특정 스토리 클리어 시 도감 획득,Clear specific stories to acquire Codexes,en-US
通過特定劇情可獲得圖鑑,Clear specific stories to acquire Codexes,en-US
一处普通的喷泉，跳动的水花是自然的恩赐,An ordinary fountain. The fluttering splashes are the blessings of nature,en-US
ごく普通の噴水。リズミカルに跳ねる水は自然からの贈り物,An ordinary fountain. The fluttering splashes are the blessings of nature,en-US
평범한 분수다. 찰랑이는 물보라는 자연의 은혜다.,An ordinary fountain. The fluttering splashes are the blessings of nature,en-US
一處普通的噴泉，躍動的水花是大自然的恩賜,An ordinary fountain. The fluttering splashes are the blessings of nature,en-US
一些常见的水果和蔬菜，就灰城区而言，价格还算合理,Commonly seen fruits and vegetables. The prices are acceptable for the Ash District,en-US
どこにでもある果物と野菜。アッシュエリアでは手頃な値段と言える,Commonly seen fruits and vegetables. The prices are acceptable for the Ash District,en-US
흔히 볼 수 있는 과일과 채소다. 애시 에리어에서는 합리적인 가격이다.,Commonly seen fruits and vegetables. The prices are acceptable for the Ash District,en-US
一些常見的水果和蔬菜，就灰城區而言，價格還算合理,Commonly seen fruits and vegetables. The prices are acceptable for the Ash District,en-US
除了一些花边新闻，没有什么有意义的消息或是委托,"Aside from some side gossip, there aren't any meaningful information or commissions",en-US
ゴシップ以外には、価値ある情報も依頼もない,"Aside from some side gossip, there aren't any meaningful information or commissions",en-US
가십거리 말고는 딱히 의미 있는 소식이나 의뢰가 없다.,"Aside from some side gossip, there aren't any meaningful information or commissions",en-US
除了一些花邊新聞，沒有什麼有意義的消息或委託,"Aside from some side gossip, there aren't any meaningful information or commissions",en-US
简单的机械结构，很显然这就是要找的机关,A simple mechanical structure. It's apparent that this is the mechanism you're looking for,en-US
シンプルな機械構造。これこそ探し求めている装置だ,A simple mechanical structure. It's apparent that this is the mechanism you're looking for,en-US
간단한 기계 구조다. 찾고 있던 장치가 분명하다.,A simple mechanical structure. It's apparent that this is the mechanism you're looking for,en-US
簡單的機械結構，很顯然這就是要找的機關,A simple mechanical structure. It's apparent that this is the mechanism you're looking for,en-US
洗衣机的特殊应用，这就是诺瓦大陆人民的奇思妙想,A special application for the washing machine. This is a display of the creativity of the people of Nova,en-US
洗濯機の特殊な用途。これぞノヴァ大陸の民の斬新な発想,A special application for the washing machine. This is a display of the creativity of the people of Nova,en-US
세탁기의 색다른 활용법이다. 노바 대륙 사람들의 기발한 아이디어가 엿보인다.,A special application for the washing machine. This is a display of the creativity of the people of Nova,en-US
洗衣機的特殊應用，這就是諾瓦大陸人民的奇思妙想,A special application for the washing machine. This is a display of the creativity of the people of Nova,en-US
空的木桶，没有卷心菜，也没有铁矿石,An empty barrel. There are no cabbage or metal ores inside,en-US
空の桶。キャベツも鉄鉱石も入っていない,An empty barrel. There are no cabbage or metal ores inside,en-US
"텅빈 나무 통이다. 양배추도, 철광석도 없다.",An empty barrel. There are no cabbage or metal ores inside,en-US
空的木桶，沒有高麗菜，也沒有鐵礦石,An empty barrel. There are no cabbage or metal ores inside,en-US
清除编队,Clear,en-US
編成リセット,Clear,en-US
편성 해제,Clear,en-US
重置隊伍,Clear,en-US
已关闭常用旅人置顶,Favorite Trekkers are no longer pinned to the top.,en-US
お気に入り巡遊者のトップ表示を無効にしました。,Favorite Trekkers are no longer pinned to the top.,en-US
애용 여행가 고정 취소,Favorite Trekkers are no longer pinned to the top.,en-US
已關閉常用旅人置頂,Favorite Trekkers are no longer pinned to the top.,en-US
战斗之间,Battle Domain,en-US
戦闘ノ間,Battle Domain,en-US
전투의 방,Battle Domain,en-US
戰鬥之間,Battle Domain,en-US
领主即将登场,Overlord Incoming,en-US
首領が出現,Overlord Incoming,en-US
보스가 곧 등장합니다,Overlord Incoming,en-US
領主即將登場,Overlord Incoming,en-US
一大波怪物即将出现,Massive Enemy Horde Approaching,en-US
敵の群れが出現,Massive Enemy Horde Approaching,en-US
몬스터 무리가 곧 나타납니다,Massive Enemy Horde Approaching,en-US
一大群怪物即將出現,Massive Enemy Horde Approaching,en-US
高威胁目标来袭,High-threat Target Incoming,en-US
危険な敵が襲来,High-threat Target Incoming,en-US
고위험 존재가 다가오고 있습니다,High-threat Target Incoming,en-US
高威脅性目標來襲,High-threat Target Incoming,en-US
出现了乱入旅行小队,An Unexpected Squad Has Appeared,en-US
乱入巡遊者登場,An Unexpected Squad Has Appeared,en-US
여행가 팀이 난입했습니다,An Unexpected Squad Has Appeared,en-US
出現了亂入的旅行小隊,An Unexpected Squad Has Appeared,en-US
秒,s,en-US
초,s,en-US
确 定,Confirm,en-US
확 인,Confirm,en-US
確 定,Confirm,en-US
是否招募旅人{0},Recruit Trekker {0}?,en-US
巡遊者{0}を採用しますか？,Recruit Trekker {0}?,en-US
{0} 여행가를 모집하시겠습니까?,Recruit Trekker {0}?,en-US
持有：{0},Owned: {0},en-US
所持：{0},Owned: {0},en-US
보유: {0},Owned: {0},en-US
素材需求：,Material Requirement:,en-US
必要素材：,Material Requirement:,en-US
필요 재료:,Material Requirement:,en-US
需要的材料：,Material Requirement:,en-US
使用,Use,en-US
使う,Use,en-US
사용,Use,en-US
请选择一项奖励,Please select a reward,en-US
以下のアイテムから選択してください,Please select a reward,en-US
보상 1개를 선택하세요,Please select a reward,en-US
請選擇一項獎勵,Please select a reward,en-US
选择秘纹,Select Disc,en-US
ロスレコ選択,Select Disc,en-US
레코드 선택,Select Disc,en-US
選擇祕紋,Select Disc,en-US
开启后可能获得下列物品,Open to receive the following items,en-US
開けると、以下のアイテムを入手できます,Open to receive the following items,en-US
오픈 시 다음 아이템을 획득할 수 있습니다,Open to receive the following items,en-US
打開後可能會獲得下列物品,Open to receive the following items,en-US
请选择开启数量,Please select the number to open,en-US
開ける数を選択してください,Please select the number to open,en-US
오픈 개수를 선택하세요,Please select the number to open,en-US
請選擇打開數量,Please select the number to open,en-US
继续你的魔王之旅,Continue Your Journey,en-US
記憶を失くした魔王の物語,Continue Your Journey,en-US
마왕의 여정을 이어가세요,Continue Your Journey,en-US
繼續你的魔王之旅,Continue Your Journey,en-US
继续阅读,Continue to Read,en-US
続きを読む,Continue to Read,en-US
계속 보기,Continue to Read,en-US
繼續閱讀,Continue to Read,en-US
已完成礼盒,Boxes completed,en-US
完成したボックス,Boxes completed,en-US
완성한 상자,Boxes completed,en-US
已完成禮盒,Boxes completed,en-US
完成礼盒总数,Total boxes completed,en-US
完成したボックス,Total boxes completed,en-US
완성 상자 수,Total boxes completed,en-US
完成禮盒總數,Total boxes completed,en-US
点击{0}继续,Select {0} to continue,en-US
{0}をタップして続ける,Select {0} to continue,en-US
{0} 터치하여 계속,Select {0} to continue,en-US
點選{0}繼續,Select {0} to continue,en-US
已装盒饼干,Cookies packed,en-US
入れたクッキー,Cookies packed,en-US
포장한 쿠키,Cookies packed,en-US
已裝盒餅乾,Cookies packed,en-US
装盒饼干总数,Total cookies packed,en-US
入れたクッキー,Total cookies packed,en-US
포장한 쿠키 수,Total cookies packed,en-US
裝盒餅乾總數,Total cookies packed,en-US
练手,Practice,en-US
ノーマル,Practice,en-US
초보,Practice,en-US
練習,Practice,en-US
开始装盒,Start Packing,en-US
START,Start Packing,en-US
포장 시작,Start Packing,en-US
開始裝盒,Start Packing,en-US
开 工,Start,en-US
開始,Start,en-US
시 작,Start,en-US
開 工,Start,en-US
クリア条件,Challenge Goal,en-US
完成挑战并达到{0}分,Complete the challenge and reach {0} points,en-US
{0}ptを獲得する,Complete the challenge and reach {0} points,en-US
도전 완료 및 {0}점 달성,Complete the challenge and reach {0} points,en-US
完成挑戰並達到{0}分,Complete the challenge and reach {0} points,en-US
最高成绩,Best Result,en-US
最高記録,Best Result,en-US
최고 성적,Best Result,en-US
最高成績,Best Result,en-US
前置关卡尚未通关,Prerequisite level not cleared,en-US
一つ前のステージをクリアすると開放されます,Prerequisite level not cleared,en-US
이전 스테이지를 클리어하지 않았습니다.,Prerequisite level not cleared,en-US
前置關卡未通過,Prerequisite level not cleared,en-US
该关卡将在{0}开启,The level will unlock in {0},en-US
{0}に開放します,The level will unlock in {0},en-US
해당 스테이지가 {0}에 오픈됩니다.,The level will unlock in {0},en-US
該關卡將在{0}開放,The level will unlock in {0},en-US
挑战奖励,Challenge Rewards,en-US
クリア報酬,Challenge Rewards,en-US
도전 보상,Challenge Rewards,en-US
挑戰獎勵,Challenge Rewards,en-US
失误,MISS,en-US
miss,MISS,en-US
失誤,MISS,en-US
匠心,Mastery,en-US
チャレンジ,Mastery,en-US
장인,Mastery,en-US
怪奇模式,Cuirkie Mode,en-US
チャレンジモード,Cuirkie Mode,en-US
기괴 모드,Cuirkie Mode,en-US
极致完美,MARVELOUS,en-US
EXCELLENT,MARVELOUS,en-US
極致完美,MARVELOUS,en-US
任务,Missions,en-US
任務,Missions,en-US
임무,Missions,en-US
按节奏放入糕点,Place pastries to the rhythm,en-US
リズムに合わせてクッキーを入れよう,Place pastries to the rhythm,en-US
리듬에 맞춰 디저트를 넣으세요.,Place pastries to the rhythm,en-US
按節奏放入糕點,Place pastries to the rhythm,en-US
获得分数,Score Earned,en-US
獲得ポイント,Score Earned,en-US
획득 점수,Score Earned,en-US
獲得分數,Score Earned,en-US
点击上方按钮开始,Tap the button above to start,en-US
上のボタンをタップしてスタート,Tap the button above to start,en-US
위 버튼을 눌러 시작하세요.,Tap the button above to start,en-US
點選上方按鈕開始,Tap the button above to start,en-US
合 成,Craft,en-US
合成,Craft,en-US
합 성,Craft,en-US
已达最大值,Reached maximum value,en-US
これ以上増やせません,Reached maximum value,en-US
최대치입니다,Reached maximum value,en-US
已達最大值,Reached maximum value,en-US
已达最小值,Reached minimum value,en-US
これ以上減らせません,Reached minimum value,en-US
최소치입니다,Reached minimum value,en-US
已達最小值,Reached minimum value,en-US
合成次数,Craft Count,en-US
合成回数,Craft Count,en-US
합성 횟수,Craft Count,en-US
合成次數,Craft Count,en-US
暂无可用配方,No recipes,en-US
使用可能なレシピはありません,No recipes,en-US
조합법이 없습니다,No recipes,en-US
暫無可用配方,No recipes,en-US
x{0},×{0},en-US
配方暂未开放,Recipe not available,en-US
レシピ未解放,Recipe not available,en-US
레시피가 오픈되지 않았습니다,Recipe not available,en-US
配方暫未開放,Recipe not available,en-US
材料不足，无法制造,Insufficient materials. Unable to Craft,en-US
素材が不足しています,Insufficient materials. Unable to Craft,en-US
재료가 부족하여 제작할 수 없습니다,Insufficient materials. Unable to Craft,en-US
材料不足，無法製造,Insufficient materials. Unable to Craft,en-US
可合成次数,Crafts Available,en-US
合成可能回数,Crafts Available,en-US
합성 가능 횟수,Crafts Available,en-US
可合成次數,Crafts Available,en-US
已放入,Placed,en-US
投入済み,Placed,en-US
투입 완료,Placed,en-US
消耗材料,Material Cost,en-US
消費素材,Material Cost,en-US
소모 재료,Material Cost,en-US
单次可放入数量已达上限,Reached maximum number of placed items per use,en-US
一度に投入できる数が上限に達しています,Reached maximum number of placed items per use,en-US
1회 투입 가능 수량을 초과했습니다,Reached maximum number of placed items per use,en-US
單次可放入數量已達上限,Reached maximum number of placed items per use,en-US
该神器已锁定，无法放入,This Artifact is locked. Unable to place,en-US
神器はロックされているため、投入できません,This Artifact is locked. Unable to place,en-US
잠긴 신기이므로 투입할 수 없습니다,This Artifact is locked. Unable to place,en-US
該神器已鎖定，無法放入,This Artifact is locked. Unable to place,en-US
魔王,Tyrant,en-US
마왕,Tyrant,en-US
陛下，请赐示您的名讳,May we have your name?,en-US
あなたの名前を教えてください,May we have your name?,en-US
폐하의 존함을 알려 주십시오.,May we have your name?,en-US
陛下，請賜示您的名諱,May we have your name?,en-US
※形象可随时更换,※You can change your appearance anytime.,en-US
※容姿はいつでも 変更できます,※You can change your appearance anytime.,en-US
※ 이미지는 언제든지 변경할 수 있습니다.,※You can change your appearance anytime.,en-US
※形象可隨時變更,※You can change your appearance anytime.,en-US
确 认,Confirm,en-US
確 認,Confirm,en-US
※谨慎决定，名字不可随意更改,※Choose your name wisely.,en-US
※名前は後からでも変更できます,※Choose your name wisely.,en-US
※ 이름은 자유롭게 변경할 수 없으니 신중하게 결정해 주세요.,※Choose your name wisely.,en-US
※請審慎決定，名字無法隨意變更,※Choose your name wisely.,en-US
当前装配,Equipped Title,en-US
現在の設定,Equipped Title,en-US
현재 장착,Equipped Title,en-US
目前裝備,Equipped Title,en-US
月,Month,en-US
월,Month,en-US
本月签到天数,This Month's Check-ins,en-US
今月のログイン日数,This Month's Check-ins,en-US
이번 달 출석 일수,This Month's Check-ins,en-US
本月簽到天數,This Month's Check-ins,en-US
第,#,en-US
日目,#,en-US
奖励信息,Rewards,en-US
報酬一覧,Rewards,en-US
보상 정보,Rewards,en-US
獎勵資訊,Rewards,en-US
剩余时间大于{0}秒， 通关可获得{1}星评级,Clear the stage with >{0}s remaining to earn a {1}★ rating,en-US
{0}秒以上残してクリアすると ★{1}評価を獲得できる,Clear the stage with >{0}s remaining to earn a {1}★ rating,en-US
남은 시간 {0} 초 초과 시 {1}★ 평점 획득 가능,Clear the stage with >{0}s remaining to earn a {1}★ rating,en-US
剩餘時間超過{0}秒， 過關可獲得{1}星評級,Clear the stage with >{0}s remaining to earn a {1}★ rating,en-US
剩余时间结束前， 通关可获得1星评级,Clear the stage before the time runs out to earn a 1★ rating,en-US
制限時間終了前にクリアすると ★1を獲得できる,Clear the stage before the time runs out to earn a 1★ rating,en-US
시간 내 클리어 시 1★ 평점 획득 가능,Clear the stage before the time runs out to earn a 1★ rating,en-US
剩餘時間結束前， 過關可獲得1星評級,Clear the stage before the time runs out to earn a 1★ rating,en-US
限时挑战,Limited-time Challenge,en-US
タイムアタック,Limited-time Challenge,en-US
기간 한정 도전,Limited-time Challenge,en-US
限時挑戰,Limited-time Challenge,en-US
变 更,Change,en-US
変更,Change,en-US
변경,Change,en-US
變 更,Change,en-US
奖励方案,Type,en-US
報酬,Type,en-US
보상,Type,en-US
獎勵方案,Type,en-US
当前方案,Current Type,en-US
選択中,Current Type,en-US
현재,Current Type,en-US
目前方案,Current Type,en-US
第{0}波目标,Wave {0} Objective,en-US
第{0}WAVE目標,Wave {0} Objective,en-US
{0}번째 웨이브 목표,Wave {0} Objective,en-US
第{0}波目標,Wave {0} Objective,en-US
奖励方案选择,Reward Type,en-US
報酬選択,Reward Type,en-US
보상 종류 선택,Reward Type,en-US
選擇獎勵方案,Reward Type,en-US
当日权能点数达到{0}后，可领取以下奖励：,Reach {0} daily Tyrant Points to claim the following rewards:,en-US
王権ポイントが{0}に達すると 以下の報酬を受け取れます,Reach {0} daily Tyrant Points to claim the following rewards:,en-US
당일 로열 포인트 {0} 달성 시 다음 보상을 획득할 수 있습니다.,Reach {0} daily Tyrant Points to claim the following rewards:,en-US
當日權能點數達到{0}後，可領取以下獎勵：,Reach {0} daily Tyrant Points to claim the following rewards:,en-US
日常语音,Daily Voice Chat,en-US
日常ボイス,Daily Voice Chat,en-US
일상 음성,Daily Voice Chat,en-US
日常語音,Daily Voice Chat,en-US
心灵震爆,Mind Blast,en-US
魂の爆発,Mind Blast,en-US
감정 폭발,Mind Blast,en-US
心靈震爆,Mind Blast,en-US
暗炎,Dark Flame,en-US
闇の炎,Dark Flame,en-US
어둠 불꽃,Dark Flame,en-US
暗灼,Dark Burn,en-US
어둠 작열,Dark Burn,en-US
诡雾,Eerie Mist,en-US
奇妙な霧,Eerie Mist,en-US
기묘한 안개,Eerie Mist,en-US
詭霧,Eerie Mist,en-US
暗锁,Dark Shackles,en-US
暗鎖,Dark Shackles,en-US
어둠 사슬,Dark Shackles,en-US
点按进行闪避，过程中无敌,Tap to Dodge. Invulnerable while dodging.,en-US
回避をタップすると、無敵の回避動作を行う,Tap to Dodge. Invulnerable while dodging.,en-US
터치하여 회피하세요. 그 순간만큼은 무적입니다.,Tap to Dodge. Invulnerable while dodging.,en-US
點按進行閃避，過程中為無敵狀態,Tap to Dodge. Invulnerable while dodging.,en-US
点击鼠标右键或进行闪避，过程中无敌,Click on the Right Mouse Button or to Dodge. Invulnerable while dodging.,en-US
右クリックまたはを押して、回避を行う,Click on the Right Mouse Button or to Dodge. Invulnerable while dodging.,en-US
또는 마우스 오른쪽 버튼을 눌러 회피하세요. 동작 중에는 무적입니다.,Click on the Right Mouse Button or to Dodge. Invulnerable while dodging.,en-US
點選滑鼠右鍵或進行閃避，過程中為無敵狀態,Click on the Right Mouse Button or to Dodge. Invulnerable while dodging.,en-US
按下进行闪避，过程中无敌,Press to Dodge. Invulnerable while dodging.,en-US
を押すと、無敵の回避動作を行う,Press to Dodge. Invulnerable while dodging.,en-US
(을)를 눌러 회피하세요. 그 순간만큼은 무적입니다.,Press to Dodge. Invulnerable while dodging.,en-US
按下進行閃避，過程中為無敵狀態,Press to Dodge. Invulnerable while dodging.,en-US
今日已邀约{0}/{1},Invited Today: {0}/{1},en-US
本日の上限回数{0}/{1},Invited Today: {0}/{1},en-US
오늘 약속 {0}/{1}회 요청 완료,Invited Today: {0}/{1},en-US
今日已邀約{0}/{1},Invited Today: {0}/{1},en-US
今天邀约次数已用完,No more Invitations today,en-US
本日分の上限に達しました,No more Invitations today,en-US
오늘 요청 횟수를 모두 소진했습니다,No more Invitations today,en-US
今日邀約次數已用盡,No more Invitations today,en-US
离开,Leave,en-US
退出,Leave,en-US
떠나기,Leave,en-US
離開,Leave,en-US
送出礼物,Send Gift,en-US
贈る,Send Gift,en-US
선물 보내기,Send Gift,en-US
贈送禮物,Send Gift,en-US
特殊事件,Special Event,en-US
特殊イベント,Special Event,en-US
스페셜 이벤트,Special Event,en-US
还是算了,Never mind,en-US
やめておく,Never mind,en-US
그만두기,Never mind,en-US
還是算了,Never mind,en-US
选择,Select,en-US
선택,Select,en-US
選擇,Select,en-US
选择约会地点,Select Date Location,en-US
デートの場所を選択する,Select Date Location,en-US
장소 선택,Select Date Location,en-US
選擇約會地點,Select Date Location,en-US
礼物栏,Gift,en-US
ギフト一覧,Gift,en-US
선물함,Gift,en-US
禮物欄位,Gift,en-US
分解的神器无法恢复,Disassembled Artifacts cannot be retrieved,en-US
分解した神器は復元できません,Disassembled Artifacts cannot be retrieved,en-US
분해한 신기는 복원할 수 없습니다,Disassembled Artifacts cannot be retrieved,en-US
分解的神器無法恢復,Disassembled Artifacts cannot be retrieved,en-US
突破等级,Crescendo Level,en-US
突破回数,Crescendo Level,en-US
레벨 돌파,Crescendo Level,en-US
突破等級,Crescendo Level,en-US
使 用,Use,en-US
사 용,Use,en-US
描述,Description,en-US
説明,Description,en-US
설명,Description,en-US
說明,Description,en-US
暂无道具,No item,en-US
アイテムはありません,No item,en-US
비어있음,No item,en-US
暫無道具,No item,en-US
基础属性,Base Stats,en-US
基本ステータス,Base Stats,en-US
기본 속성,Base Stats,en-US
基礎屬性,Base Stats,en-US
随机属性,Random Stats,en-US
ランダムステータス,Random Stats,en-US
랜덤 속성,Random Stats,en-US
隨機屬性,Random Stats,en-US
来源,Source,en-US
ソース,Source,en-US
획득 경로,Source,en-US
來源,Source,en-US
持有,Owned,en-US
所持,Owned,en-US
보유,Owned,en-US
已过期,Expired,en-US
期限切れ,Expired,en-US
만료,Expired,en-US
已過期,Expired,en-US
天,d,en-US
日,d,en-US
일,d,en-US
小时,h,en-US
時間,h,en-US
시간,h,en-US
小時,h,en-US
剩余时间,Expire in,en-US
残り時間,Expire in,en-US
남은 시간,Expire in,en-US
剩餘時間,Expire in,en-US
时,h,en-US
時,h,en-US
不足一小时,< 1h,en-US
1時間未満,< 1h,en-US
1시간 미만,< 1h,en-US
未滿一小時,< 1h,en-US
小于一分钟,< 1m,en-US
1分未満,< 1m,en-US
1분 미만,< 1m,en-US
少於一分鐘,< 1m,en-US
分钟,m,en-US
分,m,en-US
분,m,en-US
分鐘,m,en-US
音符详情,Musical Note Details,en-US
音符詳細,Musical Note Details,en-US
소리 상세 정보,Musical Note Details,en-US
音符詳情,Musical Note Details,en-US
暂无潜能,No Potential,en-US
素質はありません,No Potential,en-US
잠재력이 없습니다,No Potential,en-US
暫無潛能,No Potential,en-US
上一条,Previous,en-US
前へ,Previous,en-US
이전,Previous,en-US
上一條,Previous,en-US
已收录,Collected,en-US
収録済み,Collected,en-US
수록 완료,Collected,en-US
已收錄,Collected,en-US
词条已收录至《旅人百科》,Entries Collected!,en-US
『巡遊者辞典』に収録済みです,Entries Collected!,en-US
항목이 「여행가 백과」에 수록되었습니다,Entries Collected!,en-US
詞條已收錄至《旅人百科》,Entries Collected!,en-US
暂无相关词条,No related entries.,en-US
関連できる内容はありません,No related entries.,en-US
관련 항목이 없습니다,No related entries.,en-US
暫無相關詞條,No related entries.,en-US
词典阅读奖励,Encyclopedia Reward,en-US
閲覧報酬,Encyclopedia Reward,en-US
사전 열람 보상,Encyclopedia Reward,en-US
辭典閱讀獎勵,Encyclopedia Reward,en-US
请输入关键词,Please enter keyword,en-US
キーワード入力,Please enter keyword,en-US
키워드를 입력하세요,Please enter keyword,en-US
請輸入關鍵詞,Please enter keyword,en-US
未选中词条,No entry selected,en-US
項目は選択されていません,No entry selected,en-US
선택된 항목이 없습니다,No entry selected,en-US
未選擇詞條,No entry selected,en-US
难度 1,Difficulty 1,en-US
難易度 1,Difficulty 1,en-US
난이도 1,Difficulty 1,en-US
難度 1,Difficulty 1,en-US
难度 10,Difficulty 10,en-US
難易度 10,Difficulty 10,en-US
난이도 10,Difficulty 10,en-US
難度 10,Difficulty 10,en-US
难度 2,Difficulty 2,en-US
難易度 2,Difficulty 2,en-US
난이도 2,Difficulty 2,en-US
難度 2,Difficulty 2,en-US
难度 3,Difficulty 3,en-US
難易度 3,Difficulty 3,en-US
난이도 3,Difficulty 3,en-US
難度 3,Difficulty 3,en-US
难度 4,Difficulty 4,en-US
難易度 4,Difficulty 4,en-US
난이도 4,Difficulty 4,en-US
難度 4,Difficulty 4,en-US
难度 5,Difficulty 5,en-US
難易度 5,Difficulty 5,en-US
난이도 5,Difficulty 5,en-US
難度 5,Difficulty 5,en-US
难度 6,Difficulty 6,en-US
難易度 6,Difficulty 6,en-US
난이도 6,Difficulty 6,en-US
難度 6,Difficulty 6,en-US
难度 7,Difficulty 7,en-US
難易度 7,Difficulty 7,en-US
난이도 7,Difficulty 7,en-US
難度 7,Difficulty 7,en-US
难度 8,Difficulty 8,en-US
難易度 8,Difficulty 8,en-US
난이도 8,Difficulty 8,en-US
難度 8,Difficulty 8,en-US
难度 9,Difficulty 9,en-US
難易度 9,Difficulty 9,en-US
난이도 9,Difficulty 9,en-US
難度 9,Difficulty 9,en-US
难度: {0},Difficulty: {0},en-US
{0},Difficulty: {0},en-US
난이도: {0},Difficulty: {0},en-US
難度：{0},Difficulty: {0},en-US
主位秘纹已满,Main Disc slots are full,en-US
これ以上編成できません,Main Disc slots are full,en-US
메인 레코드가 가득 찼습니다.,Main Disc slots are full,en-US
主位祕紋已滿,Main Disc slots are full,en-US
辅位秘纹已满,Support Disc slots are full,en-US
これ以上編成できません,Support Disc slots are full,en-US
보조 레코드가 가득 찼습니다.,Support Disc slots are full,en-US
輔位祕紋已滿,Support Disc slots are full,en-US
主位使用中,Equipped in main slot,en-US
編成中,Equipped in main slot,en-US
메인 위치 사용 중,Equipped in main slot,en-US
辅位使用中,Equipped in support slot,en-US
編成中,Equipped in support slot,en-US
보조 위치 사용 중,Equipped in support slot,en-US
輔位使用中,Equipped in support slot,en-US
主位秘纹,Main Discs,en-US
メインロスレコ,Main Discs,en-US
메인 레코드,Main Discs,en-US
主位祕紋,Main Discs,en-US
当前秘纹正在辅位使用 是否切换,This Disc is currently used in the support slot. Swap?,en-US
サブ枠に編成しているロスレコです 入れ替えますか？,This Disc is currently used in the support slot. Swap?,en-US
현재 레코드가 보조 위치에서 사용 중입니다. 교체하겠습니까?,This Disc is currently used in the support slot. Swap?,en-US
當前祕紋正在輔位使用， 是否切換？,This Disc is currently used in the support slot. Swap?,en-US
当前秘纹正在主位使用 是否切换,This Disc is currently used in the main slot. Swap?,en-US
メイン枠に編成しているロスレコです 入れ替えますか？,This Disc is currently used in the main slot. Swap?,en-US
현재 레코드가 메인 위치에서 사용 중입니다. 교체하겠습니까?,This Disc is currently used in the main slot. Swap?,en-US
目前祕紋正在主位使用 是否切換？,This Disc is currently used in the main slot. Swap?,en-US
激活所需,Activation Requirements,en-US
発動条件,Activation Requirements,en-US
활성화 재료,Activation Requirements,en-US
辅位秘纹,Support Discs,en-US
サブロスレコ,Support Discs,en-US
보조 레코드,Support Discs,en-US
輔位祕紋,Support Discs,en-US
进行星塔研究解锁秘纹槽位,Conduct Monolith Research to unlock Disc slots.,en-US
星ノ塔研究から解放,Conduct Monolith Research to unlock Disc slots.,en-US
별의 탑 연구 진행 시 레코드 슬롯 오픈,Conduct Monolith Research to unlock Disc slots.,en-US
進行星塔研究解鎖祕紋欄位,Conduct Monolith Research to unlock Disc slots.,en-US
切换主位,Main Slots,en-US
切り替える,Main Slots,en-US
메인 위치 전환,Main Slots,en-US
切換主位,Main Slots,en-US
切换辅位,Support Slots,en-US
切り替える,Support Slots,en-US
보조 위치 전환,Support Slots,en-US
切換輔位,Support Slots,en-US
总计,Total,en-US
合計,Total,en-US
집계,Total,en-US
總計,Total,en-US
通过星塔研究解锁,Unlock via Monolith Research,en-US
星ノ塔研究から解放,Unlock via Monolith Research,en-US
별의 탑 연구로 활성화,Unlock via Monolith Research,en-US
透過星塔研究解鎖,Unlock via Monolith Research,en-US
加成详情,Bonus Details,en-US
ロスレコ詳細,Bonus Details,en-US
상세 정보,Bonus Details,en-US
加成詳情,Bonus Details,en-US
开启秘纹动态表演,Disc Animation,en-US
ロスレコエフェクト解放,Disc Animation,en-US
레코드 애니메이션 연출 오픈,Disc Animation,en-US
開啟祕紋動態效果,Disc Animation,en-US
表现加强,Enhance Visuals,en-US
表現強化,Enhance Visuals,en-US
연출 강화,Enhance Visuals,en-US
效果加強,Enhance Visuals,en-US
辅位：{item_0} 初始数量,Support Slot: Starting {item_0},en-US
サブ枠：{0} 初期レベル,Support Slot: Starting {item_0},en-US
보조: {item_0} 기본 수량,Support Slot: Starting {item_0},en-US
輔位：{item_0} 初始數量,Support Slot: Starting {item_0},en-US
已设为主页音乐,Set as Main Theme,en-US
ホーム画面BGM設定中,Set as Main Theme,en-US
메인 음악으로 설정됨,Set as Main Theme,en-US
已設為首頁音樂,Set as Main Theme,en-US
记忆回想,Memory Recollection,en-US
記憶回想,Memory Recollection,en-US
기억 회상,Memory Recollection,en-US
收录语,Lines,en-US
記憶の欠片,Lines,en-US
수록 문구,Lines,en-US
收錄語,Lines,en-US
秘纹故事,Disc Story,en-US
ロスレコストーリー,Disc Story,en-US
레코드 스토리,Disc Story,en-US
祕紋故事,Disc Story,en-US
暂未解锁,Locked,en-US
미오픈,Locked,en-US
暫未解鎖,Locked,en-US
下列素材已消耗,The following materials were used:,en-US
下記素材が消費されました,The following materials were used:,en-US
아래 재료 소모 완료,The following materials were used:,en-US
下列材料已消耗,The following materials were used:,en-US
一键突破,Quick Crescendo,en-US
一括突破,Quick Crescendo,en-US
일괄 돌파,Quick Crescendo,en-US
快速突破,Quick Crescendo,en-US
升至{0}阶后解锁,Reach Tier {0} to unlock,en-US
ランク{0}で解放,Reach Tier {0} to unlock,en-US
{0}단계 달성 후 오픈,Reach Tier {0} to unlock,en-US
升至{0}階後解鎖,Reach Tier {0} to unlock,en-US
主位效果,Main,en-US
メイン,Main,en-US
메인 효과,Main,en-US
播放故事,Play Story,en-US
ストーリーを再生,Play Story,en-US
스토리 재생,Play Story,en-US
阅读故事,Read Story,en-US
ストーリーを読む,Read Story,en-US
스토리 보기,Read Story,en-US
閱讀故事,Read Story,en-US
附录,Appendix,en-US
付録,Appendix,en-US
부록,Appendix,en-US
附錄,Appendix,en-US
乐曲,Music,en-US
楽曲,Music,en-US
선율,Music,en-US
樂曲,Music,en-US
辅位效果,Support,en-US
サブ,Support,en-US
보조 효과,Support,en-US
輔位效果,Support,en-US
{0}及{1}音符合计数量达标后激活,Reach total {0} and {1} Musical Note requirement to activate,en-US
{0}と{1}音符の合計が基準数に達すると解放,Reach total {0} and {1} Musical Note requirement to activate,en-US
{0} 및 {1} 소리의 합계가 일정 수량을 달성하면 활성화됩니다,Reach total {0} and {1} Musical Note requirement to activate,en-US
{0}及{1}音符合計數量達標後啟動,Reach total {0} and {1} Musical Note requirement to activate,en-US
{0}及{1}音符合计数量达标后升级,Reach total {0} and {1} Musical Note requirement to upgrade,en-US
{0}と{1}音符の合計が基準数に達するとレベルアップ,Reach total {0} and {1} Musical Note requirement to upgrade,en-US
{0} 및 {1} 소리의 합계가 일정 수량을 달성하면 레벨업됩니다,Reach total {0} and {1} Musical Note requirement to upgrade,en-US
{0}及{1}音符合計數量達標後升級,Reach total {0} and {1} Musical Note requirement to upgrade,en-US
{0}音符数量达标后激活,Reach {0} Musical Note requirement to activate,en-US
{0}音符の合計が基準数に達すると解放,Reach {0} Musical Note requirement to activate,en-US
{0} 소리가 일정 수량을 달성하면 활성화됩니다,Reach {0} Musical Note requirement to activate,en-US
{0}音符數量達標後啟動,Reach {0} Musical Note requirement to activate,en-US
{0}音符数量达标后升级,Reach {0} Musical Note requirement to upgrade,en-US
{0}音符の合計が基準数に達するとレベルアップ,Reach {0} Musical Note requirement to upgrade,en-US
{0} 소리가 일정 수량을 달성하면 레벨업됩니다,Reach {0} Musical Note requirement to upgrade,en-US
{0}音符數量達標後升級,Reach {0} Musical Note requirement to upgrade,en-US
基础效果,Base Effect,en-US
基本効果,Base Effect,en-US
기본 효과,Base Effect,en-US
基礎效果,Base Effect,en-US
扩充效果{0},Expand Effect {0},en-US
拡充効果{0},Expand Effect {0},en-US
확대 효과 {0},Expand Effect {0},en-US
擴充效果{0},Expand Effect {0},en-US
在星塔中收集{0}进行激活,Collect {0} in the Monolith to activate,en-US
星ノ塔の中で{0}を集めて解放,Collect {0} in the Monolith to activate,en-US
별의 탑에서 {0} 수집 시 활성화됩니다,Collect {0} in the Monolith to activate,en-US
在星塔中收集{0}進行啟動,Collect {0} in the Monolith to activate,en-US
在星塔中收集{0}进行升级,Collect {0} in the Monolith to upgrade,en-US
星ノ塔の中で{0}を集めてレベルアップ,Collect {0} in the Monolith to upgrade,en-US
별의 탑에서 {0} 수집 시 레벨업됩니다,Collect {0} in the Monolith to upgrade,en-US
在星塔中收集{0}進行升級,Collect {0} in the Monolith to upgrade,en-US
已拥有,Owned,en-US
所持済み,Owned,en-US
보유 중,Owned,en-US
已擁有,Owned,en-US
秘纹等级,Disc Level,en-US
ロスレコLv.,Disc Level,en-US
레코드 레벨,Disc Level,en-US
祕紋等級,Disc Level,en-US
主旋律技能,Melody Skill,en-US
コア効果,Melody Skill,en-US
멜로디 스킬,Melody Skill,en-US
主位秘纹提供的技能,Skills provided by the Main Disc,en-US
メインロスレコのスキル,Skills provided by the Main Disc,en-US
메인 레코드가 제공하는 스킬,Skills provided by the Main Disc,en-US
主位祕紋提供的技能,Skills provided by the Main Disc,en-US
已达突破上限,Crescendo Max!,en-US
すでに突破上限に達しています,Crescendo Max!,en-US
최대 돌파 달성,Crescendo Max!,en-US
已達突破上限,Crescendo Max!,en-US
该秘纹的音乐暂时不可用,This Disc's music is currently unavailable,en-US
このロスレコの音楽はしばらくの間使用できません,This Disc's music is currently unavailable,en-US
해당 레코드의 음악은 지금 사용할 수 없습니다,This Disc's music is currently unavailable,en-US
該祕紋的音樂暫時無法使用,This Disc's music is currently unavailable,en-US
进阶等级{0}解锁,Unlock Tier Up Lv. {0},en-US
昇格Lv.{0}で解放,Unlock Tier Up Lv. {0},en-US
승급 레벨 {0} 달성 시 오픈,Unlock Tier Up Lv. {0},en-US
進階等級{0}級解鎖,Unlock Tier Up Lv. {0},en-US
新解锁,New Unlocked,en-US
新たに解放,New Unlocked,en-US
신규 오픈,New Unlocked,en-US
新解鎖,New Unlocked,en-US
成功重置主页音乐,Main Theme reverted to default,en-US
ホーム画面のBGMをリセットしました,Main Theme reverted to default,en-US
메인 음악 초기화 성공,Main Theme reverted to default,en-US
成功重置首頁音樂,Main Theme reverted to default,en-US
设为主页音乐,Set as Main Theme,en-US
ホーム画面BGMに設定,Set as Main Theme,en-US
메인으로 설정,Set as Main Theme,en-US
設定為主畫面音樂,Set as Main Theme,en-US
成功将核心旋律音乐设置为主页音乐,Disc Main Melody set as Main Theme,en-US
ホーム画面のBGMに設定しました,Disc Main Melody set as Main Theme,en-US
메인 음악 설정 완료,Disc Main Melody set as Main Theme,en-US
成功將核心旋律音樂設為首頁音樂,Disc Main Melody set as Main Theme,en-US
额外等级,Bonus Level,en-US
追加レベル,Bonus Level,en-US
추가 레벨,Bonus Level,en-US
額外等級,Bonus Level,en-US
等级 {0},Level {0},en-US
激活条件：,Activation Requirements:,en-US
解放条件：,Activation Requirements:,en-US
활성화 조건:,Activation Requirements:,en-US
啟動條件：,Activation Requirements:,en-US
≥{num_0}个,≥{num_0},en-US
Lv.{0}以上,≥{num_0},en-US
≥{num_0}개,≥{num_0},en-US
≥{num_0}個,≥{num_0},en-US
{num_0}级,{num_0},en-US
Lv.{0},{num_0},en-US
{num_0}레벨,{num_0},en-US
{num_0}級,{num_0},en-US
进入星塔时，获得以下音符,Musical Notes available in Monolith Ascension.,en-US
星ノ塔探索開始時、 以下の音符を獲得できます,Musical Notes available in Monolith Ascension.,en-US
별의 탑 진입 시 다음 소리를 획득,Musical Notes available in Monolith Ascension.,en-US
進入星塔時，獲得以下音符,Musical Notes available in Monolith Ascension.,en-US
协奏技能,Harmony Skill,en-US
アシスト効果,Harmony Skill,en-US
협주 스킬,Harmony Skill,en-US
協奏技能,Harmony Skill,en-US
可通过收集音符激活与升级,Activate and upgrade by collecting Musical Notes,en-US
音符を集めることで発動およびレベルアップができます,Activate and upgrade by collecting Musical Notes,en-US
소리 수집으로 활성화 및 레벨업할 수 있습니다,Activate and upgrade by collecting Musical Notes,en-US
收集音符可啟動與升級,Activate and upgrade by collecting Musical Notes,en-US
选择材料,Select Material,en-US
素材選択,Select Material,en-US
재료 선택,Select Material,en-US
選擇材料,Select Material,en-US
培养,Upgrade,en-US
성장,Upgrade,en-US
培養,Upgrade,en-US
突破,Crescendo,en-US
돌파,Crescendo,en-US
ロスレコ情報,Archive,en-US
开放等级上限,Unlock max level,en-US
Lv.上限UP,Unlock max level,en-US
최대 레벨 오픈,Unlock max level,en-US
開放等級上限,Unlock max level,en-US
委托上限：,Limit:,en-US
受注上限：,Limit:,en-US
최대 의뢰:,Limit:,en-US
委託上限：,Limit:,en-US
当前暂无可领取奖励,No rewards to claim,en-US
현재 획득할 수 있는 보상이 없습니다,No rewards to claim,en-US
目前暫無可領取獎勵,No rewards to claim,en-US
今日剩余的双倍奖励次数：{0}/{1},Today's remaining double reward chances: {0}/{1},en-US
本日の2倍報酬回数：{0}/{1},Today's remaining double reward chances: {0}/{1},en-US
오늘 남은 2배 보상 횟수: {0}/{1},Today's remaining double reward chances: {0}/{1},en-US
今日剩餘的雙倍獎勵次數：{0}/{1},Today's remaining double reward chances: {0}/{1},en-US
今日剩余的三倍奖励次数：{0}/{1},Today's remaining triple reward chances: {0}/{1},en-US
本日の3倍報酬回数：{0}/{1},Today's remaining triple reward chances: {0}/{1},en-US
오늘 남은 3배 보상 횟수: {0}/{1},Today's remaining triple reward chances: {0}/{1},en-US
今日剩餘的三倍獎勵次數：{0}/{1},Today's remaining triple reward chances: {0}/{1},en-US
今日双倍奖励次数：{0}/{1},Today's double reward chances: {0}/{1},en-US
本日の2倍報酬回数：{0}/{1},Today's double reward chances: {0}/{1},en-US
오늘 2배 보상 횟수: {0}/{1},Today's double reward chances: {0}/{1},en-US
今日雙倍獎勵次數：{0}/{1},Today's double reward chances: {0}/{1},en-US
今日双倍奖励次数,Today's Double Reward Chances,en-US
本日の2倍報酬回数,Today's Double Reward Chances,en-US
오늘 2배 보상 횟수,Today's Double Reward Chances,en-US
今日雙倍獎勵次數,Today's Double Reward Chances,en-US
移 動,Go,en-US
收集奖励,Collection Reward,en-US
任務,Collection Reward,en-US
수집 보상,Collection Reward,en-US
收集獎勵,Collection Reward,en-US
奖励任务,Event Missions,en-US
보상 임무,Event Missions,en-US
獎勵任務,Event Missions,en-US
今日三倍奖励次数：{0}/{1},Today's triple reward chances: {0}/{1},en-US
本日の3倍報酬回数：{0}/{1},Today's triple reward chances: {0}/{1},en-US
오늘 3배 보상 횟수: {0}/{1},Today's triple reward chances: {0}/{1},en-US
今日三倍獎勵次數：{0}/{1},Today's triple reward chances: {0}/{1},en-US
今日三倍奖励次数,Today's Triple Reward Chances,en-US
本日の3倍報酬回数,Today's Triple Reward Chances,en-US
오늘 3배 보상 횟수,Today's Triple Reward Chances,en-US
今日三倍獎勵次數,Today's Triple Reward Chances,en-US
권한 레벨{0} 달성 시 오픈,Reach Authorization Lv. {0} to unlock,en-US
掉落,Drop,en-US
入手可能,Drop,en-US
드랍,Drop,en-US
罕见掉落,Rare Drop,en-US
レアドロップ,Rare Drop,en-US
희귀 드랍,Rare Drop,en-US
罕見掉落,Rare Drop,en-US
小概率掉落,Low-chance Drop,en-US
低確率でドロップ,Low-chance Drop,en-US
낮은 확률 드랍,Low-chance Drop,en-US
低機率掉落,Low-chance Drop,en-US
概率掉落,Chance Drop,en-US
一定確率でドロップ,Chance Drop,en-US
확률 드랍,Chance Drop,en-US
有機率掉落,Chance Drop,en-US
大概率掉落,High-chance Drop,en-US
高確率でドロップ,High-chance Drop,en-US
높은 확률 드랍,High-chance Drop,en-US
高機率掉落,High-chance Drop,en-US
常规掉落,Common Drop,en-US
通常ドロップ,Common Drop,en-US
기본 드랍,Common Drop,en-US
一般掉落,Common Drop,en-US
{0}{1},{0} {1},en-US
水系,Aqua,en-US
水属性,Aqua,en-US
물 속성,Aqua,en-US
火系,Ignis,en-US
火属性,Ignis,en-US
불 속성,Ignis,en-US
地系,Terra,en-US
地属性,Terra,en-US
땅 속성,Terra,en-US
风系,Ventus,en-US
風属性,Ventus,en-US
바람 속성,Ventus,en-US
風系,Ventus,en-US
光系,Lux,en-US
光属性,Lux,en-US
빛 속성,Lux,en-US
暗系,Umbra,en-US
闇属性,Umbra,en-US
어둠 속성,Umbra,en-US
弱点,VUL,en-US
약점,VUL,en-US
弱點,VUL,en-US
抵抗,RES,en-US
저항,RES,en-US
背景故事,Profile,en-US
敵詳細,Profile,en-US
배경 스토리,Profile,en-US
故事背景,Profile,en-US
敌方信息,Info,en-US
敵情報,Info,en-US
적 정보,Info,en-US
敵方資訊,Info,en-US
干劲,Vigor,en-US
やる気,Vigor,en-US
활력,Vigor,en-US
活力,Vigor,en-US
干劲储藏恢复倒计时:,Vigor Reserve Recovery Countdown:,en-US
やる気ストック回復まで：,Vigor Reserve Recovery Countdown:,en-US
활동력 저장 회복까지:,Vigor Reserve Recovery Countdown:,en-US
活力儲藏恢復倒數計時：,Vigor Reserve Recovery Countdown:,en-US
干劲储藏,Vigor Reserve,en-US
やる気ストック,Vigor Reserve,en-US
활력 저장,Vigor Reserve,en-US
活力儲藏,Vigor Reserve,en-US
提取数量,Extract Amount,en-US
抽出数量,Extract Amount,en-US
추출 수량,Extract Amount,en-US
提取數量,Extract Amount,en-US
提取干劲储藏,Extract from Vigor Reserve,en-US
やる気ストック抽出,Extract from Vigor Reserve,en-US
활동력 저장 추출,Extract from Vigor Reserve,en-US
提取活力儲藏,Extract from Vigor Reserve,en-US
持有干劲,Owned Vigor,en-US
やる気,Owned Vigor,en-US
보유 활력,Owned Vigor,en-US
持有活力,Owned Vigor,en-US
(单日恢复次数越多，所需星之砂越多),(Each additional restore per day costs more Stellanite Dust),en-US
回復した回数に応じて、星ノ欠片の消費量が増加します,(Each additional restore per day costs more Stellanite Dust),en-US
(일일 회복 횟수가 많을수록 소모 재화 수량이 증가함),(Each additional restore per day costs more Stellanite Dust),en-US
（單日恢復次數越多，所需星之砂越多）,(Each additional restore per day costs more Stellanite Dust),en-US
干劲恢复,Recovery Vigor,en-US
やる気回復,Recovery Vigor,en-US
활력 회복,Recovery Vigor,en-US
活力恢復,Recovery Vigor,en-US
星之砂兑换,Stellanite Dust Exchange,en-US
星ノ欠片交換,Stellanite Dust Exchange,en-US
별의 파편 교환,Stellanite Dust Exchange,en-US
星之砂兌換,Stellanite Dust Exchange,en-US
每日限购,Daily Purchase Limit,en-US
残り回数,Daily Purchase Limit,en-US
일일 한도,Daily Purchase Limit,en-US
每日限購,Daily Purchase Limit,en-US
干劲补充,Recharge Vigor,en-US
やる気補充,Recharge Vigor,en-US
활력 충전,Recharge Vigor,en-US
補充活力,Recharge Vigor,en-US
(已达上限),(Reached max),en-US
（上限に達しています）,(Reached max),en-US
(한도 도달),(Reached max),en-US
（已達上限）,(Reached max),en-US
所持数,Owned,en-US
今日到期,Expire Today,en-US
本日まで,Expire Today,en-US
오늘 만료,Expire Today,en-US
无限期,No expiration,en-US
無期限,No expiration,en-US
영구,No expiration,en-US
無限期,No expiration,en-US
使用数量,Use Amount,en-US
使用数,Use Amount,en-US
사용 개수,Use Amount,en-US
使用數量,Use Amount,en-US
道具使用,Use Item,en-US
アイテムを使う,Use Item,en-US
아이템 사용,Use Item,en-US
库存,Left,en-US
在庫,Left,en-US
재고,Left,en-US
庫存,Left,en-US
{0}天{1}小时,{0}d {1}h,en-US
{0}日{1}時間,{0}d {1}h,en-US
{0}일 {1}시간,{0}d {1}h,en-US
{0}天{1}小時,{0}d {1}h,en-US
{0}时{1}分钟,{0}h {1}m,en-US
{0}時間{1}分,{0}h {1}m,en-US
{0}시간 {1}분,{0}h {1}m,en-US
{0}小時{1}分鐘,{0}h {1}m,en-US
不足一小时,Less than an hour,en-US
1時間未満,Less than an hour,en-US
1시간 미만,Less than an hour,en-US
未滿一小時,Less than an hour,en-US
干劲恢复倒计时:,Vigor Recovery Countdown:,en-US
やる気回復まで：,Vigor Recovery Countdown:,en-US
활력 회복까지:,Vigor Recovery Countdown:,en-US
活力恢復倒數計時：,Vigor Recovery Countdown:,en-US
{0}分{1}秒,{0}m {1}s,en-US
{0}분 {1}초,{0}m {1}s,en-US
暂无干劲储藏库存,No Vigor reserve available yet,en-US
やる気ストックはありません,No Vigor reserve available yet,en-US
저장된 활력이 없습니다.,No Vigor reserve available yet,en-US
暫無活力儲藏庫存,No Vigor reserve available yet,en-US
干劲已达上限无法继续增加，请及时消耗,Reached max Vigor. Unable to gain additional Vigor. Please use it promptly,en-US
やる気が上限に達しました,Reached max Vigor. Unable to gain additional Vigor. Please use it promptly,en-US
최대 활력을 초과하여 더 이상 증가하지 않습니다. 활력을 사용하세요.,Reached max Vigor. Unable to gain additional Vigor. Please use it promptly,en-US
活力已達上限，無法再增加，請及時消耗,Reached max Vigor. Unable to gain additional Vigor. Please use it promptly,en-US
今日次数已用尽,No more chances today,en-US
本日の回数は使用済みです,No more chances today,en-US
오늘 횟수를 모두 소진했습니다,No more chances today,en-US
今日次數已用盡,No more chances today,en-US
数据已刷新，请重新打开界面,Data has been updated. Please re-open the interface,en-US
データが更新されました。もう一度画面を開いてください,Data has been updated. Please re-open the interface,en-US
데이터가 업데이트되었습니다. 다시 접속해 주세요.,Data has been updated. Please re-open the interface,en-US
資料已更新，請重新開啟介面,Data has been updated. Please re-open the interface,en-US
背包内暂无此类型道具,No items of this type in the bag,en-US
このアイテムは所持していません,No items of this type in the bag,en-US
가방에 해당 유형의 아이템이 없습니다,No items of this type in the bag,en-US
背包內暫無此類型道具,No items of this type in the bag,en-US
暂无可用干劲储藏,No Vigor Reserve available,en-US
使用できるやる気ストックがありません,No Vigor Reserve available,en-US
현재 사용 가능 활동력 저장 없음,No Vigor Reserve available,en-US
暫無可用活力儲藏,No Vigor Reserve available,en-US
新手,Beginner,en-US
チュートリアル,Beginner,en-US
신입,Beginner,en-US
攻撃力,ATK,en-US
无视防御,Ignore DEF,en-US
防御無視,Ignore DEF,en-US
방어 무시,Ignore DEF,en-US
無視防禦,Ignore DEF,en-US
水系抗性,Aqua RES,en-US
水属性耐性,Aqua RES,en-US
물 속성 저항,Aqua RES,en-US
火系抗性,Ignis RES,en-US
火属性耐性,Ignis RES,en-US
불 속성 저항,Ignis RES,en-US
地系抗性,Terra RES,en-US
地属性耐性,Terra RES,en-US
땅 속성 저항,Terra RES,en-US
风系抗性,Ventus RES,en-US
風属性耐性,Ventus RES,en-US
바람 속성 저항,Ventus RES,en-US
風系抗性,Ventus RES,en-US
光系抗性,Lux RES,en-US
光属性耐性,Lux RES,en-US
빛 속성 저항,Lux RES,en-US
暗系抗性,Umbra RES,en-US
闇属性耐性,Umbra RES,en-US
어둠 속성 저항,Umbra RES,en-US
水系伤害,Aqua DMG,en-US
水属性ダメージ,Aqua DMG,en-US
물 속성 피해,Aqua DMG,en-US
水系傷害,Aqua DMG,en-US
火系伤害,Ignis DMG,en-US
火属性ダメージ,Ignis DMG,en-US
불 속성 피해,Ignis DMG,en-US
火系傷害,Ignis DMG,en-US
地系伤害,Terra DMG,en-US
地属性ダメージ,Terra DMG,en-US
땅 속성 피해,Terra DMG,en-US
地系傷害,Terra DMG,en-US
防御力,DEF,en-US
风系伤害,Ventus DMG,en-US
風属性ダメージ,Ventus DMG,en-US
바람 속성 피해,Ventus DMG,en-US
風系傷害,Ventus DMG,en-US
光系伤害,Lux DMG,en-US
光属性ダメージ,Lux DMG,en-US
빛 속성 피해,Lux DMG,en-US
光系傷害,Lux DMG,en-US
暗系伤害,Umbra DMG,en-US
闇属性ダメージ,Umbra DMG,en-US
어둠 속성 피해,Umbra DMG,en-US
暗系傷害,Umbra DMG,en-US
水系穿透,Aqua PEN,en-US
水属性耐性貫通,Aqua PEN,en-US
물 속성 관통,Aqua PEN,en-US
水系穿透力,Aqua PEN,en-US
火系穿透,Ignis PEN,en-US
火属性耐性貫通,Ignis PEN,en-US
불 속성 관통,Ignis PEN,en-US
火系穿透力,Ignis PEN,en-US
地系穿透,Terra PEN,en-US
地属性耐性貫通,Terra PEN,en-US
땅 속성 관통,Terra PEN,en-US
地系穿透力,Terra PEN,en-US
风系穿透,Ventus PEN,en-US
風属性耐性貫通,Ventus PEN,en-US
바람 속성 관통,Ventus PEN,en-US
風系穿透力,Ventus PEN,en-US
光系穿透,Lux PEN,en-US
光属性耐性貫通,Lux PEN,en-US
빛 속성 관통,Lux PEN,en-US
光系穿透力,Lux PEN,en-US
暗系穿透,Umbra PEN,en-US
闇属性耐性貫通,Umbra PEN,en-US
어둠 속성 관통,Umbra PEN,en-US
暗系穿透力,Umbra PEN,en-US
无视水系抗性,Ignore Aqua RES,en-US
水属性耐性無視,Ignore Aqua RES,en-US
물 속성 저항 무시,Ignore Aqua RES,en-US
無視水系抗性,Ignore Aqua RES,en-US
最大生命,Max HP,en-US
最大HP,Max HP,en-US
최대 HP,Max HP,en-US
最大生命值,Max HP,en-US
无视火系抗性,Ignore Ignis RES,en-US
火属性耐性無視,Ignore Ignis RES,en-US
불 속성 저항 무시,Ignore Ignis RES,en-US
無視火系抗性,Ignore Ignis RES,en-US
无视地系抗性,Ignore Terra RES,en-US
地属性耐性無視,Ignore Terra RES,en-US
땅 속성 저항 무시,Ignore Terra RES,en-US
無視地系抗性,Ignore Terra RES,en-US
无视风系抗性,Ignore Ventus RES,en-US
風属性耐性無視,Ignore Ventus RES,en-US
바람 속성 저항 무시,Ignore Ventus RES,en-US
無視風系抗性,Ignore Ventus RES,en-US
无视光系抗性,Ignore Lux RES,en-US
光属性耐性無視,Ignore Lux RES,en-US
빛 속성 저항 무시,Ignore Lux RES,en-US
無視光系抗性,Ignore Lux RES,en-US
无视暗系抗性,Ignore Umbra RES,en-US
闇属性耐性無視,Ignore Umbra RES,en-US
어둠 속성 저항 무시,Ignore Umbra RES,en-US
無視暗系抗性,Ignore Umbra RES,en-US
受到水系伤害,Aqua DMG Taken,en-US
水属性被ダメージ,Aqua DMG Taken,en-US
받는 물 속성 피해,Aqua DMG Taken,en-US
受到的水系傷害,Aqua DMG Taken,en-US
受到火系伤害,Ignis DMG Taken,en-US
火属性被ダメージ,Ignis DMG Taken,en-US
받는 불 속성 피해,Ignis DMG Taken,en-US
受到的火系傷害,Ignis DMG Taken,en-US
受到地系伤害,Terra DMG Taken,en-US
地属性被ダメージ,Terra DMG Taken,en-US
받는 땅 속성 피해,Terra DMG Taken,en-US
受到的地系傷害,Terra DMG Taken,en-US
受到风系伤害,Ventus DMG Taken,en-US
風属性被ダメージ,Ventus DMG Taken,en-US
받는 바람 속성 피해,Ventus DMG Taken,en-US
受到的風系傷害,Ventus DMG Taken,en-US
受到光系伤害,Lux DMG Taken,en-US
光属性被ダメージ,Lux DMG Taken,en-US
받는 빛 속성 피해,Lux DMG Taken,en-US
受到的光系傷害,Lux DMG Taken,en-US
命中率,Accuracy,en-US
명중률,Accuracy,en-US
受到暗系伤害,Umbra DMG Taken,en-US
闇属性被ダメージ,Umbra DMG Taken,en-US
받는 어둠 속성 피해,Umbra DMG Taken,en-US
受到的暗系傷害,Umbra DMG Taken,en-US
重量,Weight,en-US
무게,Weight,en-US
韧性值,Resilience,en-US
ブレイク値,Resilience,en-US
방해 내성,Resilience,en-US
韌性值,Resilience,en-US
破韧效率,Resilience Break Efficiency,en-US
ブレイク値貫通効率,Resilience Break Efficiency,en-US
방해 내성 무시 효율,Resilience Break Efficiency,en-US
破韌效率,Resilience Break Efficiency,en-US
护盾值上限,Max Shield,en-US
シールド上限,Max Shield,en-US
최대 보호막,Max Shield,en-US
護盾值上限,Max Shield,en-US
护盾穿透,Shield PEN,en-US
シールド貫通,Shield PEN,en-US
보호막 관통,Shield PEN,en-US
護盾穿透力,Shield PEN,en-US
造成伤害,DMG Dealt,en-US
与ダメージ,DMG Dealt,en-US
입힌 피해,DMG Dealt,en-US
造成的傷害,DMG Dealt,en-US
回避率,Evasion,en-US
회피율,Evasion,en-US
迴避率,Evasion,en-US
最终伤害,Final DMG,en-US
最終ダメージ,Final DMG,en-US
최종 피해,Final DMG,en-US
最終傷害,Final DMG,en-US
受到伤害,DMG Taken,en-US
被ダメージ,DMG Taken,en-US
받는 피해,DMG Taken,en-US
受到的傷害,DMG Taken,en-US
弱点压制,VUL Exploit,en-US
弱点特攻,VUL Exploit,en-US
약점 포착,VUL Exploit,en-US
弱點壓制,VUL Exploit,en-US
普攻伤害,Auto Attack DMG,en-US
通常攻撃ダメージ,Auto Attack DMG,en-US
일반 공격 피해,Auto Attack DMG,en-US
普攻傷害,Auto Attack DMG,en-US
技能伤害,Skill DMG,en-US
スキルダメージ,Skill DMG,en-US
스킬 피해,Skill DMG,en-US
技能傷害,Skill DMG,en-US
绝招伤害,Ultimate DMG,en-US
必殺技ダメージ,Ultimate DMG,en-US
필살기 피해,Ultimate DMG,en-US
絕招傷害,Ultimate DMG,en-US
其他伤害,Other DMG,en-US
特殊ダメージ,Other DMG,en-US
기타 피해,Other DMG,en-US
其他傷害,Other DMG,en-US
受到普攻伤害,Auto Attack DMG Taken,en-US
通常攻撃被ダメージ,Auto Attack DMG Taken,en-US
받는 일반 공격 피해,Auto Attack DMG Taken,en-US
受到的普攻傷害,Auto Attack DMG Taken,en-US
受到技能伤害,Skill DMG Taken,en-US
スキル被ダメージ,Skill DMG Taken,en-US
받는 스킬 피해,Skill DMG Taken,en-US
受到的技能傷害,Skill DMG Taken,en-US
受到绝招伤害,Ultimate DMG Taken,en-US
必殺技被ダメージ,Ultimate DMG Taken,en-US
받는 필살기 피해,Ultimate DMG Taken,en-US
受到的絕招傷害,Ultimate DMG Taken,en-US
受到其他伤害,Other DMG Taken,en-US
特殊被ダメージ,Other DMG Taken,en-US
받는 기타 피해,Other DMG Taken,en-US
受到的其他傷害,Other DMG Taken,en-US
印记伤害,Mark DMG,en-US
印ダメージ,Mark DMG,en-US
표식 피해,Mark DMG,en-US
印記傷害,Mark DMG,en-US
受到印记伤害,Mark DMG Taken,en-US
印被ダメージ,Mark DMG Taken,en-US
받는 표식 피해,Mark DMG Taken,en-US
受到的印記傷害,Mark DMG Taken,en-US
仆从伤害,Minion DMG,en-US
従者ダメージ,Minion DMG,en-US
소환물 피해,Minion DMG,en-US
僕從傷害,Minion DMG,en-US
受到仆从伤害,Minion DMG Taken,en-US
被従者ダメージ,Minion DMG Taken,en-US
받는 소환물 피해,Minion DMG Taken,en-US
受到的僕從傷害,Minion DMG Taken,en-US
衍生物伤害,Derivative DMG Taken,en-US
派生物ダメージ,Derivative DMG Taken,en-US
파생물 피해,Derivative DMG Taken,en-US
衍生物傷害,Derivative DMG Taken,en-US
受到衍生物伤害,Derivative DMG Taken,en-US
派生物被ダメージ,Derivative DMG Taken,en-US
받은 파생물 피해,Derivative DMG Taken,en-US
受到的衍生物傷害,Derivative DMG Taken,en-US
暴击抵抗,Crit RES,en-US
会心耐性,Crit RES,en-US
치명타 저항,Crit RES,en-US
暴擊抵抗力,Crit RES,en-US
普攻暴击率,Auto Attack Crit Rate,en-US
通常攻撃会心率,Auto Attack Crit Rate,en-US
일반 공격 치명타율,Auto Attack Crit Rate,en-US
普攻暴擊率,Auto Attack Crit Rate,en-US
技能暴击率,Skill Crit Rate,en-US
スキル会心率,Skill Crit Rate,en-US
스킬 치명타율,Skill Crit Rate,en-US
技能暴擊率,Skill Crit Rate,en-US
绝招暴击率,Ultimate Crit Rate,en-US
必殺技会心率,Ultimate Crit Rate,en-US
필살기 치명타율,Ultimate Crit Rate,en-US
絕招暴擊率,Ultimate Crit Rate,en-US
印记暴击率,Mark Crit Rate,en-US
印会心率,Mark Crit Rate,en-US
표식 치명타율,Mark Crit Rate,en-US
印記暴擊率,Mark Crit Rate,en-US
仆从暴击率,Minion Crit Rate,en-US
従者会心率,Minion Crit Rate,en-US
소환물 치명타율,Minion Crit Rate,en-US
僕從暴擊率,Minion Crit Rate,en-US
衍生物暴击率,Derivative Crit Rate,en-US
派生物会心率,Derivative Crit Rate,en-US
파생물 치명타율,Derivative Crit Rate,en-US
衍生物暴擊率,Derivative Crit Rate,en-US
其他暴击,Other Crit,en-US
その他会心率,Other Crit,en-US
기타 치명타,Other Crit,en-US
其他暴擊,Other Crit,en-US
普攻暴击伤害,Auto Attack Crit DMG,en-US
通常攻撃会心ダメージ,Auto Attack Crit DMG,en-US
일반 공격 치명타 피해,Auto Attack Crit DMG,en-US
普攻暴擊傷害,Auto Attack Crit DMG,en-US
技能暴击伤害,Skill Crit DMG,en-US
スキル会心ダメージ,Skill Crit DMG,en-US
스킬 치명타 피해,Skill Crit DMG,en-US
技能暴擊傷害,Skill Crit DMG,en-US
绝招暴击伤害,Ultimate Crit DMG,en-US
必殺技会心ダメージ,Ultimate Crit DMG,en-US
필살기 치명타 피해,Ultimate Crit DMG,en-US
絕招暴擊傷害,Ultimate Crit DMG,en-US
印记暴击伤害,Mark Crit DMG,en-US
印会心ダメージ,Mark Crit DMG,en-US
표식 치명타 피해,Mark Crit DMG,en-US
印記暴擊傷害,Mark Crit DMG,en-US
仆从暴击伤害,Minion Crit DMG,en-US
従者会心ダメージ,Minion Crit DMG,en-US
소환물 치명타 피해,Minion Crit DMG,en-US
僕從暴擊傷害,Minion Crit DMG,en-US
衍生物暴击伤害,Derivative Crit DMG,en-US
派生物会心ダメージ,Derivative Crit DMG,en-US
파생물 치명타 피해,Derivative Crit DMG,en-US
衍生物暴擊傷害,Derivative Crit DMG,en-US
其他暴击伤害,Other Crit DMG,en-US
その他会心ダメージ,Other Crit DMG,en-US
기타 치명타 피해,Other Crit DMG,en-US
其他暴擊傷害,Other Crit DMG,en-US
能量上限,Max Energy,en-US
SP上限,Max Energy,en-US
최대 SP,Max Energy,en-US
伤害倍率,DMG multiplier,en-US
ダメージ倍率,DMG multiplier,en-US
피해 배율,DMG multiplier,en-US
傷害倍率,DMG multiplier,en-US
援护能量获取效率,Charge Efficiency (Support),en-US
支援SP獲得効率,Charge Efficiency (Support),en-US
지원 SP 획득 효율,Charge Efficiency (Support),en-US
援護能量獲得效率,Charge Efficiency (Support),en-US
主控能量获取效率,Charge Efficiency (Main),en-US
主力SP獲得効率,Charge Efficiency (Main),en-US
메인 SP 획득 효율,Charge Efficiency (Main),en-US
主控能量獲得效率,Charge Efficiency (Main),en-US
受护盾效率,Shield Reception Efficiency,en-US
シールド効率,Shield Reception Efficiency,en-US
보호막 받는 효율,Shield Reception Efficiency,en-US
受護盾效率,Shield Reception Efficiency,en-US
普攻弱点压制,Auto Attack VUL Exploit,en-US
通常攻撃弱点特攻,Auto Attack VUL Exploit,en-US
일반 공격 약점 포착,Auto Attack VUL Exploit,en-US
普攻弱點壓制,Auto Attack VUL Exploit,en-US
防御穿透,DEF PEN,en-US
防御貫通,DEF PEN,en-US
방어 관통,DEF PEN,en-US
防禦穿透力,DEF PEN,en-US
技能弱点压制,Skill VUL Exploit,en-US
スキル弱点特攻,Skill VUL Exploit,en-US
스킬 약점 포착,Skill VUL Exploit,en-US
技能弱點壓制,Skill VUL Exploit,en-US
绝招弱点压制,Ultimate VUL Exploit,en-US
必殺技弱点特攻,Ultimate VUL Exploit,en-US
필살기 약점 포착,Ultimate VUL Exploit,en-US
絕招弱點壓制,Ultimate VUL Exploit,en-US
印记弱碱压制,Mark VUL Exploit,en-US
印弱点特攻,Mark VUL Exploit,en-US
표식 약점 포착,Mark VUL Exploit,en-US
印記弱點壓制,Mark VUL Exploit,en-US
仆从弱点压制,Minion VUL Exploit,en-US
従者弱点特攻,Minion VUL Exploit,en-US
소환물 약점 포착,Minion VUL Exploit,en-US
僕從弱點壓制,Minion VUL Exploit,en-US
衍生物弱点压制,Derivative VUL Exploit,en-US
派生物弱点特攻,Derivative VUL Exploit,en-US
파생물 약점 포착,Derivative VUL Exploit,en-US
衍生物弱點壓制,Derivative VUL Exploit,en-US
其他弱点压制,Other VUL Exploit,en-US
その他弱点特攻,Other VUL Exploit,en-US
기타 약점 포착,Other VUL Exploit,en-US
其他弱點壓制,Other VUL Exploit,en-US
环境修正,Environment Adjustment,en-US
環境補正,Environment Adjustment,en-US
환경 수정,Environment Adjustment,en-US
環境修正,Environment Adjustment,en-US
最大效果数量,Max Effect Count,en-US
効果上限数,Max Effect Count,en-US
최대 효과 수,Max Effect Count,en-US
最大效果數量,Max Effect Count,en-US
铸造后随机生成4项词条,Forging creates 4 random affixes.,en-US
鋳造後はランダムで4つの特性が生成されます,Forging creates 4 random affixes.,en-US
연성 후 옵션 4개 랜덤 생성,Forging creates 4 random affixes.,en-US
鑄造後隨機產生4項詞條,Forging creates 4 random affixes.,en-US
新词条,New,en-US
変更後,New,en-US
신규 옵션,New,en-US
新詞條,New,en-US
原词条,Current,en-US
変更前,Current,en-US
기존 옵션,Current,en-US
原詞條,Current,en-US
+{0}级,+{0} levels,en-US
+{0},+{0} levels,en-US
+{0}레벨,+{0} levels,en-US
+{0}級,+{0} levels,en-US
初阶纹章：{0} {1},Basic Emblem: {0} {1},en-US
初級徽章：{0} {1},Basic Emblem: {0} {1},en-US
초급 배지: {0} {1},Basic Emblem: {0} {1},en-US
初階紋章：{0} {1},Basic Emblem: {0} {1},en-US
中阶纹章：{0} {1},Intermediate Emblem: {0} {1},en-US
中級徽章：{0} {1},Intermediate Emblem: {0} {1},en-US
중급 배지: {0} {1},Intermediate Emblem: {0} {1},en-US
中階紋章：{0} {1},Intermediate Emblem: {0} {1},en-US
高阶纹章：{0} {1},Advanced Emblem: {0} {1},en-US
上級徽章：{0} {1},Advanced Emblem: {0} {1},en-US
고급 배지: {0} {1},Advanced Emblem: {0} {1},en-US
高階紋章：{0} {1},Advanced Emblem: {0} {1},en-US
スキルレベル,Skill Level,en-US
主控潜能,Main Trekker Potential,en-US
主力素質,Main Trekker Potential,en-US
메인 잠재력,Main Trekker Potential,en-US
主控潛能,Main Trekker Potential,en-US
支援潜能,Support Trekker Potential,en-US
支援素質,Support Trekker Potential,en-US
서포터 잠재력,Support Trekker Potential,en-US
支援潛能,Support Trekker Potential,en-US
通用潜能,Generic Potential,en-US
汎用素質,Generic Potential,en-US
공용 잠재력,Generic Potential,en-US
通用潛能,Generic Potential,en-US
纹章属性,Emblem Elements,en-US
徽章ステータス,Emblem Elements,en-US
배지 속성,Emblem Elements,en-US
紋章屬性,Emblem Elements,en-US
等级到达{0}时解锁,Reach Lv. {0} to unlock,en-US
Lv.{0}で解放,Reach Lv. {0} to unlock,en-US
레벨 {0} 달성 시 오픈,Reach Lv. {0} to unlock,en-US
等級達到{0}時解鎖,Reach Lv. {0} to unlock,en-US
铸 造,Forge,en-US
鋳造,Forge,en-US
연 성,Forge,en-US
鑄 造,Forge,en-US
清 空,Clear,en-US
リセット,Clear,en-US
제 거,Clear,en-US
确认替换,Replace,en-US
置き換える,Replace,en-US
교체 확인,Replace,en-US
確認替換,Replace,en-US
更 新,Apply,en-US
更新,Apply,en-US
변 경,Apply,en-US
装 备,Equip,en-US
装備,Equip,en-US
장 착,Equip,en-US
裝 備,Equip,en-US
装备,Equip,en-US
장비,Equip,en-US
裝備,Equip,en-US
自动添加,Auto-add,en-US
自動追加,Auto-add,en-US
자동 추가,Auto-add,en-US
自動新增,Auto-add,en-US
重 铸,Reforge,en-US
再抽選,Reforge,en-US
재 련,Reforge,en-US
重 鑄,Reforge,en-US
替 换,Replace,en-US
選択,Replace,en-US
교 체,Replace,en-US
替 換,Replace,en-US
回 退,Revert,en-US
巻き戻す,Revert,en-US
강화 취소,Revert,en-US
復 原,Revert,en-US
纹章总览,Emblem Overview,en-US
特性一覧,Emblem Overview,en-US
배지 전체 보기,Emblem Overview,en-US
紋章總覽,Emblem Overview,en-US
卸 下,Remove,en-US
外す,Remove,en-US
해 제,Remove,en-US
卸下,Remove,en-US
해제,Remove,en-US
跃 升,Temper,en-US
強化,Temper,en-US
강 화,Temper,en-US
躍 升,Temper,en-US
这项词条尚未跃升，无法回退,This affix hasn't been tempered. Failed to revert.,en-US
この特性はまだ強化されていないため、巻き戻すことはできません。,This affix hasn't been tempered. Failed to revert.,en-US
해당 옵션은 아직 강화하지 않아 강화 취소할 수 없습니다,This affix hasn't been tempered. Failed to revert.,en-US
这项詞條尚未躍升，無法復原,This affix hasn't been tempered. Failed to revert.,en-US
尚未装备纹章,No Emblem equipped.,en-US
徽章がまだ装備されていません,No Emblem equipped.,en-US
배지 미장착,No Emblem equipped.,en-US
尚未裝備紋章,No Emblem equipped.,en-US
朵拉不足，无法升级,Insufficient Dorra. Unable to upgrade,en-US
ドーラが不足しているため、レベルアップできません,Insufficient Dorra. Unable to upgrade,en-US
도라가 부족하여 레벨업할 수 없습니다,Insufficient Dorra. Unable to upgrade,en-US
朵拉不足，無法升級,Insufficient Dorra. Unable to upgrade,en-US
当前暂无属性预存，无法更新属性,"No saved Elements found, unable to update",en-US
特性のプリセットがないため、更新はできません,"No saved Elements found, unable to update",en-US
"현재 속성 프리셋 없음, 속성을 업데이트할 수 없습니다.","No saved Elements found, unable to update",en-US
目前暫無預存屬性，無法更新屬性,"No saved Elements found, unable to update",en-US
纹章锁定中，无法重铸属性,The Emblem is locked. Unable to reforge Elements.,en-US
徽章がロック中のため、特性の再抽選ができません,The Emblem is locked. Unable to reforge Elements.,en-US
"배지 잠금 상태, 속성을 재련할 수 없습니다",The Emblem is locked. Unable to reforge Elements.,en-US
紋章鎖定中，無法重鑄屬性,The Emblem is locked. Unable to reforge Elements.,en-US
徽章已装备，无法分解,Emblem equipped. Unable to disassemble,en-US
徽章は装備中のため、分解できません,Emblem equipped. Unable to disassemble,en-US
장착 중인 배지이므로 분해할 수 없습니다,Emblem equipped. Unable to disassemble,en-US
徽章已裝備，無法分解,Emblem equipped. Unable to disassemble,en-US
徽章已锁定，无法分解,Emblem locked. Unable to disassemble,en-US
徽章はロックされているため、分解できません,Emblem locked. Unable to disassemble,en-US
잠긴 배지이므로 분해할 수 없습니다,Emblem locked. Unable to disassemble,en-US
徽章已鎖定，無法分解,Emblem locked. Unable to disassemble,en-US
已到达分解选中上限,Reached max disassemble selection count,en-US
分解選択の上限に達しています,Reached max disassemble selection count,en-US
분해 가능한 수량을 초과했습니다,Reached max disassemble selection count,en-US
已達分解選擇上限,Reached max disassemble selection count,en-US
未选中徽章,No Emblems selected,en-US
徽章が選択されていません,No Emblems selected,en-US
선택한 배지가 없습니다,No Emblems selected,en-US
未選擇徽章,No Emblems selected,en-US
{0}装备成功,{0} equipped,en-US
{0}を装備しました,{0} equipped,en-US
{0} 장착 성공,{0} equipped,en-US
{0}裝備成功,{0} equipped,en-US
装备中,Equipped,en-US
装備中,Equipped,en-US
장착 중,Equipped,en-US
裝備中,Equipped,en-US
没有符合要求的纹章,No Emblems that satisfy the requirements,en-US
条件に合う徽章がありません,No Emblems that satisfy the requirements,en-US
조건에 맞는 배지가 없습니다,No Emblems that satisfy the requirements,en-US
沒有符合要求的紋章,No Emblems that satisfy the requirements,en-US
主属性词条,Main Stat Affix,en-US
メイン属性特性,Main Stat Affix,en-US
메인 속성 옵션,Main Stat Affix,en-US
主屬性詞條,Main Stat Affix,en-US
随机词条契合度,Random Affix Compatibility,en-US
ランダム特性マッチ度,Random Affix Compatibility,en-US
랜덤 옵션 호환도,Random Affix Compatibility,en-US
隨機詞條契合度,Random Affix Compatibility,en-US
≥1,≥ 1,en-US
1以上,≥ 1,en-US
1 이상,≥ 1,en-US
≥2,≥ 2,en-US
2以上,≥ 2,en-US
2 이상,≥ 2,en-US
≥3,≥ 3,en-US
3以上,≥ 3,en-US
3 이상,≥ 3,en-US
≥4,≥ 4,en-US
4以上,≥ 4,en-US
4 이상,≥ 4,en-US
添加纪录,Add Record,en-US
記録を追加,Add Record,en-US
기록 추가,Add Record,en-US
新增紀錄,Add Record,en-US
纪录旅人,Record Trekker,en-US
巡遊者を記録,Record Trekker,en-US
여행가 기록,Record Trekker,en-US
紀錄旅人,Record Trekker,en-US
更改纪录,Change Record,en-US
記録変更,Change Record,en-US
기록 변경,Change Record,en-US
更改紀錄,Change Record,en-US
快速战斗,Quick Battle,en-US
掃討,Quick Battle,en-US
빠른 전투,Quick Battle,en-US
快速戰鬥,Quick Battle,en-US
全 部,All,en-US
全て,All,en-US
전 체,All,en-US
等级 {0}/{1},Level {0}/{1},en-US
Lv. {0}/{1},Level {0}/{1},en-US
{0}/{1}레벨,Level {0}/{1},en-US
等級 {0}/{1},Level {0}/{1},en-US
锁定数已达上限，无法锁定更多词条,Limit reached. You cannot lock any more affixes.,en-US
現在ロックできる特性が上限に達したため、これ以上はロックできません,Limit reached. You cannot lock any more affixes.,en-US
잠금 개수가 한도에 도달하여 더 이상 잠글 수 없습니다.,Limit reached. You cannot lock any more affixes.,en-US
鎖定數已達上限，無法鎖定更多詞條,Limit reached. You cannot lock any more affixes.,en-US
{0}成功锁定,{0} locked,en-US
{0}をロックしました,{0} locked,en-US
{0} 잠금 성공,{0} locked,en-US
{0}成功鎖定,{0} locked,en-US
素材不足，无法铸造,Insufficient materials to forge.,en-US
素材が不足しています,Insufficient materials to forge.,en-US
"재료 부족, 연성할 수 없습니다",Insufficient materials to forge.,en-US
材料不足，無法鑄造,Insufficient materials to forge.,en-US
素材不足，无法重铸,Insufficient materials to reforge.,en-US
素材が不足しています,Insufficient materials to reforge.,en-US
"재료 부족, 재련할 수 없습니다",Insufficient materials to reforge.,en-US
材料不足，無法重鑄,Insufficient materials to reforge.,en-US
跃升所需资源不足,Insufficient resources for tempering.,en-US
強化に必要な素材が不足しています,Insufficient resources for tempering.,en-US
강화 재료가 부족합니다,Insufficient resources for tempering.,en-US
躍升所需資源不足,Insufficient resources for tempering.,en-US
选中素材已装备，无法添加,The selected material is equipped. Unable to add,en-US
選択した素材は装備中のため、追加できません,The selected material is equipped. Unable to add,en-US
장착 중인 재료이므로 추가할 수 없습니다,The selected material is equipped. Unable to add,en-US
選擇材料已裝備，無法新增,The selected material is equipped. Unable to add,en-US
选中素材已锁定，无法添加,The selected material is locked. Unable to add,en-US
選択した素材はロック中のため、追加できません,The selected material is locked. Unable to add,en-US
잠긴 재료이므로 추가할 수 없습니다,The selected material is locked. Unable to add,en-US
選擇材料已鎖定，無法新增,The selected material is locked. Unable to add,en-US
选中素材已可升满当前徽章等级,The selected materials are enough to reach max level for the current Emblem,en-US
選択した素材は現在の徽章を最大レベルまで上げられます,The selected materials are enough to reach max level for the current Emblem,en-US
선택한 재료로 현재 배지 최대 레벨을 달성할 수 있습니다,The selected materials are enough to reach max level for the current Emblem,en-US
選擇材料已可使目前徽章升至滿級,The selected materials are enough to reach max level for the current Emblem,en-US
没有符合条件的强化素材,No enhancement material that satisfies the requirements,en-US
条件を満たす強化素材がありません,No enhancement material that satisfies the requirements,en-US
조건에 부합하는 강화 재료가 없습니다,No enhancement material that satisfies the requirements,en-US
沒有符合條件的強化材料,No enhancement material that satisfies the requirements,en-US
已达最大等级,Reached maximum level,en-US
最大レベルです,Reached maximum level,en-US
최대 레벨입니다,Reached maximum level,en-US
已達最高等級,Reached maximum level,en-US
输入名字,Enter Name,en-US
名前を入力してください,Enter Name,en-US
이름 입력,Enter Name,en-US
輸入名字,Enter Name,en-US
请先选择需要操作的词条,Select an affix to continue.,en-US
操作する特性を選択してください,Select an affix to continue.,en-US
옵션부터 선택해 주세요,Select an affix to continue.,en-US
請先選擇需要操作的詞條,Select an affix to continue.,en-US
没有选择强化材料,No materials selected,en-US
強化素材が選択されていません,No materials selected,en-US
강화 재료를 선택하지 않았습니다,No materials selected,en-US
未選擇強化材料,No materials selected,en-US
当前预设名字,Current Name,en-US
プリセットの名前,Current Name,en-US
현재 프리셋 이름,Current Name,en-US
目前預設名字,Current Name,en-US
方案{0},Loadout {0},en-US
プラン{0},Loadout {0},en-US
프리셋 {0},Loadout {0},en-US
请选择一个构筑,Please select a loadout,en-US
構築を1つ選択してください,Please select a loadout,en-US
구성 1개를 선택하세요,Please select a loadout,en-US
請選擇一項構築,Please select a loadout,en-US
ランダム特性,Random Stats,en-US
词条回退完成,Affix reverted.,en-US
特性の巻き戻しが完了しました,Affix reverted.,en-US
옵션 강화 취소 완료,Affix reverted.,en-US
詞條復原完成,Affix reverted.,en-US
（回退时已消耗的{item_0}不返还）,(Consumed {item_0} will not be refunded.),en-US
（巻き戻し時、消費した{item_0}は返還されません）,(Consumed {item_0} will not be refunded.),en-US
(강화 취소 시 소모한 {item_0} 반환하지 않음),(Consumed {item_0} will not be refunded.),en-US
（復原時已消耗的{item_0}不歸還）,(Consumed {item_0} will not be refunded.),en-US
当前词条,Current,en-US
現在の特性,Current,en-US
현재 옵션,Current,en-US
目前詞條,Current,en-US
暂时未锻造当前纹章,This Emblem hasn't been forged.,en-US
まだこの徽章を鋳造していません。,This Emblem hasn't been forged.,en-US
연성하지 않은 배지입니다,This Emblem hasn't been forged.,en-US
暫時未鍛造目前紋章,This Emblem hasn't been forged.,en-US
({0}/{1}),{0}/{1},en-US
已锁定词条数：,Locked Affixes:,en-US
ロック中の特性：,Locked Affixes:,en-US
잠긴 옵션 수:,Locked Affixes:,en-US
已鎖定詞條數：,Locked Affixes:,en-US
锁定纹章,Lock Emblem,en-US
徽章をロック,Lock Emblem,en-US
배지 잠금,Lock Emblem,en-US
鎖定紋章,Lock Emblem,en-US
暂无预存的新词条,No new affixes stored.,en-US
新しい特性がありません,No new affixes stored.,en-US
신규 옵션 프리셋 없음,No new affixes stored.,en-US
暫無預存的新詞條,No new affixes stored.,en-US
掉落纹章有概率完全契合通关纪录中包含的旅人,There is a chance for the dropped Emblems to perfectly match the Trekkers in the Level Clear Record,en-US
ドロップした徽章は、一定確率でクリア時の記録に含まれる巡遊者と完全にマッチします,There is a chance for the dropped Emblems to perfectly match the Trekkers in the Level Clear Record,en-US
일정 확률로 스테이지 클리어 기록에 있는 여행가에게 맞는 배지가 드랍됩니다,There is a chance for the dropped Emblems to perfectly match the Trekkers in the Level Clear Record,en-US
掉落紋章有機率與過關紀錄中所含的旅人完全契合,There is a chance for the dropped Emblems to perfectly match the Trekkers in the Level Clear Record,en-US
这项词条无法继续跃升,This affix cannot be tempered further.,en-US
この特性はこれ以上強化できません,This affix cannot be tempered further.,en-US
해당 옵션은 더이상 강화할 수 없습니다,This affix cannot be tempered further.,en-US
這項詞條無法繼續躍升,This affix cannot be tempered further.,en-US
{0}级激活,Activates at Lv.{0},en-US
Lv.{0}で 解放,Activates at Lv.{0},en-US
{0}레벨 활성화,Activates at Lv.{0},en-US
{0}級啟動,Activates at Lv.{0},en-US
铸造前置位纹章以解锁更多备选位,Forge prerequisite Emblems to unlock.,en-US
鋳造を行えばさらに多くの徽章枠が解放されます,Forge prerequisite Emblems to unlock.,en-US
이전 슬롯의 배지를 연성하여 더 많은 선택 슬롯을 오픈하세요.,Forge prerequisite Emblems to unlock.,en-US
鑄造前置位置的紋章以解鎖更多備選欄位,Forge prerequisite Emblems to unlock.,en-US
{0}级激活当前纹章槽,Reach Lv. {0} to unlock this Emblem slot.,en-US
Lv.{0}で解放,Reach Lv. {0} to unlock this Emblem slot.,en-US
{0}레벨에 현재 배지 슬롯 활성화,Reach Lv. {0} to unlock this Emblem slot.,en-US
{0}級啟動目前紋章欄位,Reach Lv. {0} to unlock this Emblem slot.,en-US
适用度,Compatibility,en-US
適用度,Compatibility,en-US
적합도,Compatibility,en-US
排序,Sort,en-US
並べ替え,Sort,en-US
정렬,Sort,en-US
铸造纹章,Forge Emblem,en-US
徽章鋳造,Forge Emblem,en-US
배지 연성,Forge Emblem,en-US
鑄造紋章,Forge Emblem,en-US
属性总览,Stats Overview,en-US
特性一覧,Stats Overview,en-US
속성 열람,Stats Overview,en-US
屬性總覽,Stats Overview,en-US
徽章一覧,Emblem Overview,en-US
纹章信息,Emblem Info,en-US
徽章情報,Emblem Info,en-US
배지 정보,Emblem Info,en-US
紋章資訊,Emblem Info,en-US
预设重命名,Change Name,en-US
プリセットの名前を変更,Change Name,en-US
프리셋 이름 변경,Change Name,en-US
預設重新命名,Change Name,en-US
纹章替换,Emblem Change,en-US
徽章交換,Emblem Change,en-US
배지 교체,Emblem Change,en-US
紋章替換,Emblem Change,en-US
纹章重铸,Emblem Reforging,en-US
徽章再抽選,Emblem Reforging,en-US
배지 재련,Emblem Reforging,en-US
紋章重鑄,Emblem Reforging,en-US
升级,Level Up,en-US
升級,Level Up,en-US
菱形,Diamond,en-US
마름모형,Diamond,en-US
方形,Rectangle,en-US
四角形,Rectangle,en-US
사각형,Rectangle,en-US
盾形,Shield,en-US
방패형,Shield,en-US
已从{0}身上卸下该徽章,Removed this Emblem from {0},en-US
{0}からこの徽章を外しました,Removed this Emblem from {0},en-US
{0}에게서 해당 배지를 제거했습니다,Removed this Emblem from {0},en-US
已從{0}身上卸下該徽章,Removed this Emblem from {0},en-US
{0}成功解除锁定,{0} unlocked,en-US
{0}のロックを解除しました,{0} unlocked,en-US
{0} 오픈 성공,{0} unlocked,en-US
{0}成功解除鎖定,{0} unlocked,en-US
此纹章已被锁定，请将其解锁后再操作,This Emblem is locked. Please unlock it to continue.,en-US
この徽章はロックされています。解除してから操作してください,This Emblem is locked. Please unlock it to continue.,en-US
"해당 배지는 잠금 상태이니, 해제 후 다시 시도해 주세요.",This Emblem is locked. Please unlock it to continue.,en-US
此紋章已被鎖定，請將其解鎖後再操作,This Emblem is locked. Please unlock it to continue.,en-US
跃升次数已达上限，请先回退已跃升的词条,Tempering limit reached. Please revert tempered affixes to continue.,en-US
強化回数が上限に達しました。先に強化済みの特性を巻き戻してください,Tempering limit reached. Please revert tempered affixes to continue.,en-US
강화 횟수 제한에 도달했습니다. 강화한 옵션을 먼저 강화 취소해 주세요.,Tempering limit reached. Please revert tempered affixes to continue.,en-US
躍升次數已達上限，請先復原已躍升的詞條,Tempering limit reached. Please revert tempered affixes to continue.,en-US
跃升消耗,Tempering Cost,en-US
強化消費,Tempering Cost,en-US
강화 소모,Tempering Cost,en-US
躍升消耗,Tempering Cost,en-US
升级材料数量已满,Upgrade materials are full,en-US
レベルアップ素材の数が上限に達しています,Upgrade materials are full,en-US
레벨업 재료가 가득 찼습니다.,Upgrade materials are full,en-US
升級材料數量已滿,Upgrade materials are full,en-US
暂无装备,No equipment,en-US
装備がありません,No equipment,en-US
장비가 없습니다,No equipment,en-US
暫無裝備,No equipment,en-US
操作提示,Notice,en-US
操作ガイド,Notice,en-US
조작 안내,Notice,en-US
操作提醒,Notice,en-US
纹章回退,Revert Emblem,en-US
徽章巻き戻し,Revert Emblem,en-US
배지 강화 취소,Revert Emblem,en-US
紋章復原,Revert Emblem,en-US
（回退或重铸该词条时不返还）,(Not refunded if this affix is reverted or reforged.),en-US
（巻き戻しまたは再抽選時、この特性に使用された素材は返還されません）,(Not refunded if this affix is reverted or reforged.),en-US
(해당 옵션 강화 취소 또는 재련 시 재료 반환하지 않음),(Not refunded if this affix is reverted or reforged.),en-US
（復原或重鑄此詞條時不歸還）,(Not refunded if this affix is reverted or reforged.),en-US
纹章等级,Emblem Level,en-US
徽章レベル,Emblem Level,en-US
배지 레벨,Emblem Level,en-US
紋章等級,Emblem Level,en-US
纹章跃升,Emblem Tempering,en-US
徽章強化,Emblem Tempering,en-US
배지 강화,Emblem Tempering,en-US
紋章躍升,Emblem Tempering,en-US
复制编码,Copy Code,en-US
エラーコードをコピー,Copy Code,en-US
코드 복사,Copy Code,en-US
複製代碼,Copy Code,en-US
返回登录,Back to Login Screen,en-US
戻る,Back to Login Screen,en-US
로그인 화면,Back to Login Screen,en-US
返回登入,Back to Login Screen,en-US
错误编码已复制至剪贴板,Error code has been copied to the clipboard,en-US
エラーコードをコピーしました。,Error code has been copied to the clipboard,en-US
잘못된 코드가 클립보드에 복사되었습니다,Error code has been copied to the clipboard,en-US
錯誤代碼已複製至剪貼簿,Error code has been copied to the clipboard,en-US
出现未知错误,Unknown Error,en-US
不明なエラーが発生しました。,Unknown Error,en-US
오류 발생,Unknown Error,en-US
出現未知錯誤,Unknown Error,en-US
完成事项,Completed,en-US
完了済,Completed,en-US
완료 항목,Completed,en-US
完成事項,Completed,en-US
玩法未开启,Mode not available,en-US
未解放のコンテンツです,Mode not available,en-US
콘텐츠 오픈 전,Mode not available,en-US
玩法未開啟,Mode not available,en-US
タスク一覧,To-Do List,en-US
알림장 목록,To-Do List,en-US
回答错误，什么也没有获得,Wrong answer. You got nothing.,en-US
不正解のため、何もありませんでした,Wrong answer. You got nothing.,en-US
오답입니다. 아무것도 획득하지 못했습니다.,Wrong answer. You got nothing.,en-US
回答錯誤，什麼都沒有獲得,Wrong answer. You got nothing.,en-US
什么也没有获得,You got nothing,en-US
何もありませんでした,You got nothing,en-US
아무것도 획득하지 않았습니다.,You got nothing,en-US
什麼都没有獲得,You got nothing,en-US
命运之间,Destiny's Domain,en-US
運命ノ間,Destiny's Domain,en-US
운명의 방,Destiny's Domain,en-US
命運之間,Destiny's Domain,en-US
兑换商店,Exchange Shop,en-US
交換所,Exchange Shop,en-US
교환 상점,Exchange Shop,en-US
兌換商店,Exchange Shop,en-US
兑 换,Exchange,en-US
交換,Exchange,en-US
교 환,Exchange,en-US
兌 換,Exchange,en-US
消耗 :,Cost:,en-US
兑换数量,Amount,en-US
交換数,Amount,en-US
교환 개수,Amount,en-US
兌換數量,Amount,en-US
星之彩兑换,Stellanite Lumina Exchange,en-US
星ノ結晶交換,Stellanite Lumina Exchange,en-US
별의 결정 교환,Stellanite Lumina Exchange,en-US
星之彩兌換,Stellanite Lumina Exchange,en-US
专家,Expert,en-US
エキスパート,Expert,en-US
전문가,Expert,en-US
專家,Expert,en-US
没有足够的,Insufficient,en-US
が不足しています,Insufficient,en-US
부족,Insufficient,en-US
沒有足夠的,Insufficient,en-US
物品售罄,Sold Out,en-US
売り切れ,Sold Out,en-US
아이템 품절,Sold Out,en-US
物品已售罄,Sold Out,en-US
通关可获得基础奖励,Clear the stage to receive basic rewards,en-US
クリアするとBランクの報酬を獲得可能,Clear the stage to receive basic rewards,en-US
클리어하면 기본 보상을 획득할 수 있습니다,Clear the stage to receive basic rewards,en-US
過關可獲得基礎獎勵,Clear the stage to receive basic rewards,en-US
{0}秒通关可获得{1}奖励,Clear the stage within {0}s to receive {1} rewards,en-US
{0}秒以内クリアで{1}の報酬を獲得可能,Clear the stage within {0}s to receive {1} rewards,en-US
{0}초 내 클리어 시 {1} 보상 획득 가능,Clear the stage within {0}s to receive {1} rewards,en-US
{0}秒過關可獲得{1}獎勵,Clear the stage within {0}s to receive {1} rewards,en-US
极品,Ultra,en-US
Sランク,Ultra,en-US
최상급,Ultra,en-US
極品,Ultra,en-US
稀有,Rare,en-US
Aランク,Rare,en-US
희귀,Rare,en-US
失败,Failed,en-US
失敗,Failed,en-US
실패,Failed,en-US
暂无任何道具,No items,en-US
アイテムはありません,No items,en-US
비어있음,No items,en-US
暫無任何道具,No items,en-US
队伍具有三位角色即可探索星塔,Deploy 3 Trekkers in the squad to start exploring the Monolith,en-US
星ノ塔探索には、チームに3人の巡遊者が必要です,Deploy 3 Trekkers in the squad to start exploring the Monolith,en-US
팀에 캐릭터가 3명이면 즉시 별의 탑을 탐색할 수 있습니다,Deploy 3 Trekkers in the squad to start exploring the Monolith,en-US
隊伍配置三位角色即可探索星塔,Deploy 3 Trekkers in the squad to start exploring the Monolith,en-US
队伍具有三位角色即可开启旅途,Deploy 3 Trekkers in the squad to embark on the voyage,en-US
旅を始めるには、チームに3人の巡遊者が必要です,Deploy 3 Trekkers in the squad to embark on the voyage,en-US
팀에 캐릭터가 3명이면 즉시 여정을 떠날 수 있습니다,Deploy 3 Trekkers in the squad to embark on the voyage,en-US
隊伍配置三位角色即可展開旅途,Deploy 3 Trekkers in the squad to embark on the voyage,en-US
好友数目已达上限,Reached max friend limit,en-US
フレンド数が上限に達しています,Reached max friend limit,en-US
친구 수가 최대입니다,Reached max friend limit,en-US
好友人數已達上限,Reached max friend limit,en-US
好友申请已发送,Friend request sent,en-US
フレンド申請を送りました,Friend request sent,en-US
친구 신청을 전송하였습니다,Friend request sent,en-US
好友申請已傳送,Friend request sent,en-US
搜索信息为空,Search field is empty,en-US
UIDまたは名前を入力してください,Search field is empty,en-US
검색 정보가 없습니다,Search field is empty,en-US
搜尋資訊為空白,Search field is empty,en-US
长按闪避可以疾跑,Hold Dodge to Dash,en-US
回避を長押しすると、ダッシュできる,Hold Dodge to Dash,en-US
회피를 길게 눌러 빠른 발놀림 가능,Hold Dodge to Dash,en-US
長按閃避可以疾跑,Hold Dodge to Dash,en-US
长按鼠标右键或可以疾跑,Hold Right Mouse Button or to Dash,en-US
右クリック、またはを長押しすると、ダッシュできる,Hold Right Mouse Button or to Dash,en-US
또는 마우스 오른쪽 버튼을 길게 눌러 빠른 발놀림이 가능합니다.,Hold Right Mouse Button or to Dash,en-US
長按滑鼠右鍵或可以疾跑,Hold Right Mouse Button or to Dash,en-US
长按可以疾跑,Hold to Dash,en-US
を長押しすると、ダッシュできる,Hold to Dash,en-US
키를 길게 눌러 빠른 발놀림 가능,Hold to Dash,en-US
長按可以疾跑,Hold to Dash,en-US
是否放弃选择命运卡,Forgo the Destiny Card?,en-US
運命カードの選択をやめますか,Forgo the Destiny Card?,en-US
운명 카드 선택을 포기하시겠습니까?,Forgo the Destiny Card?,en-US
是否放棄選擇命運卡？,Forgo the Destiny Card?,en-US
放弃选择,Give Up Selection,en-US
選択をやめる,Give Up Selection,en-US
선택 포기,Give Up Selection,en-US
放棄選擇,Give Up Selection,en-US
幸运获得以下全部卡片,Congrats! All the cards below are yours!,en-US
ラッキーボーナス,Congrats! All the cards below are yours!,en-US
아래 모든 카드를 획득했습니다,Congrats! All the cards below are yours!,en-US
幸運獲得以下全部卡片,Congrats! All the cards below are yours!,en-US
选择一张命运卡片吧,Select a Destiny Card,en-US
運命カードを1枚選択しましょう,Select a Destiny Card,en-US
운명 카드 1장을 선택하세요,Select a Destiny Card,en-US
選擇一張命運卡吧,Select a Destiny Card,en-US
默契提升,Increase Affinity,en-US
信頼上昇,Increase Affinity,en-US
호감도 UP,Increase Affinity,en-US
元素,Element,en-US
属性,Element,en-US
원소,Element,en-US
纹章类型,Emblem Type,en-US
徽章タイプ,Emblem Type,en-US
배지 유형,Emblem Type,en-US
紋章類型,Emblem Type,en-US
当前筛选条件下无符合要求的目标,No target satisfies the requirements in the current filter,en-US
条件を満たす対象はいません,No target satisfies the requirements in the current filter,en-US
현재 필터링 조건에 맞는 목표가 없습니다,No target satisfies the requirements in the current filter,en-US
目前篩選條件下無符合要求的目標,No target satisfies the requirements in the current filter,en-US
对应音符,Matched Musical Notes,en-US
音符,Matched Musical Notes,en-US
해당 소리,Matched Musical Notes,en-US
對應音符,Matched Musical Notes,en-US
品质,Quality,en-US
レアリティ,Quality,en-US
등급,Quality,en-US
品質,Quality,en-US
功能定位,Role,en-US
役割,Role,en-US
포지션,Role,en-US
旅人风格,Trekker Style,en-US
巡遊者のスタイル,Trekker Style,en-US
여행가 스타일,Trekker Style,en-US
旅人風格,Trekker Style,en-US
所属势力,Faction,en-US
所属勢力,Faction,en-US
소속 세력,Faction,en-US
所屬勢力,Faction,en-US
超燃,Incineration,en-US
초연,Incineration,en-US
灼炎,Conflagration,en-US
작열하는 불꽃,Conflagration,en-US
熔毁,Eruption,en-US
溶融,Eruption,en-US
멜트다운,Eruption,en-US
熔毀,Eruption,en-US
岩浆,Molten,en-US
マグマ,Molten,en-US
마그마,Molten,en-US
岩漿,Molten,en-US
点燃,Light Up,en-US
点火,Light Up,en-US
점화,Light Up,en-US
點燃,Light Up,en-US
星塔探索必须选择三位旅人后才可出战,Ascension requires 3 selected Trekkers,en-US
星ノ塔探索に出発するには、3人の巡遊者を選ぶ必要があります,Ascension requires 3 selected Trekkers,en-US
별의 탑을 탐색하려면 반드시 여행가 3명을 선택해야 합니다,Ascension requires 3 selected Trekkers,en-US
星塔探索需選擇三位旅人後才可出戰,Ascension requires 3 selected Trekkers,en-US
售罄,Sold Out,en-US
품절,Sold Out,en-US
上级难度通关解锁,Clear the previous difficulty to unlock,en-US
一つ前の難易度をクリアすると解放されます,Clear the previous difficulty to unlock,en-US
하위 난이도 클리어 시 오픈,Clear the previous difficulty to unlock,en-US
上一級難度過關後解鎖,Clear the previous difficulty to unlock,en-US
收集潜能,Total Potentials,en-US
素質収集,Total Potentials,en-US
잠재력 수집,Total Potentials,en-US
收集潛能,Total Potentials,en-US
当前房间,Max Floor,en-US
到達階層,Max Floor,en-US
현재 방,Max Floor,en-US
目前房間,Max Floor,en-US
波西亚,Portia,en-US
ポーシア,Portia,en-US
포셔,Portia,en-US
波西亞,Portia,en-US
瑟拉娜的年龄是保密事项,Selina's age is a secret,en-US
セレナの年齢は機密事項,Selina's age is a secret,en-US
세레나의 나이는 기밀이다.,Selina's age is a secret,en-US
瑟拉娜的年齡是保密事項,Selina's age is a secret,en-US
瑟拉娜的体重是保密事项,Selina's weight is a secret,en-US
セレナの体重は機密事項,Selina's weight is a secret,en-US
세레나의 몸무게는 기밀이다.,Selina's weight is a secret,en-US
瑟拉娜的體重是保密事項,Selina's weight is a secret,en-US
瑟拉娜的收入是保密事项,Selina's income is a secret,en-US
セレナの収入は機密事項,Selina's income is a secret,en-US
세레나의 수입은 기밀이다.,Selina's income is a secret,en-US
瑟拉娜的收入是保密事項,Selina's income is a secret,en-US
完成{0}元素任务后解锁,Unlocks after completing the {0} tutorial,en-US
{0}属性任務を完了すると解放,Unlocks after completing the {0} tutorial,en-US
{0} 원소 임무 완료 후 해제,Unlocks after completing the {0} tutorial,en-US
完成{0}元素任務後解鎖,Unlocks after completing the {0} tutorial,en-US
详 细,Details,en-US
상 세,Details,en-US
詳 細,Details,en-US
队伍{0},Squad {0},en-US
チーム{0},Squad {0},en-US
팀 {0},Squad {0},en-US
隊伍{0},Squad {0},en-US
队伍已满,Squad is full,en-US
チーム人数が上限に達しました,Squad is full,en-US
최대 인원입니다,Squad is full,en-US
隊伍已滿,Squad is full,en-US
角色数量不足3人 无法自动编队,Auto-deploy is unavailable when you have fewer than 3 Trekkers.,en-US
巡遊者数が3人未満のため、自動編成ができません,Auto-deploy is unavailable when you have fewer than 3 Trekkers.,en-US
"보유 중인 캐릭터 3명 미만, 자동 편성할 수 없습니다.",Auto-deploy is unavailable when you have fewer than 3 Trekkers.,en-US
角色數量不足3人 無法自動編隊,Auto-deploy is unavailable when you have fewer than 3 Trekkers.,en-US
旅人已在队伍中,Trekker is already in the squad,en-US
巡遊者をすでにチームに編成しています,Trekker is already in the squad,en-US
여행가가 이미 팀에 있습니다,Trekker is already in the squad,en-US
旅人已在隊伍中,Trekker is already in the squad,en-US
本次纪录不可更换,Record cannot be exchanged,en-US
この記録は変更できません,Record cannot be exchanged,en-US
이번 기록은 변경할 수 없습니다,Record cannot be exchanged,en-US
本次紀錄無法變更,Record cannot be exchanged,en-US
24小时内,Within 24h,en-US
24時間以内,Within 24h,en-US
24시간 내,Within 24h,en-US
24小時內,Within 24h,en-US
是否添加这位魔王为好友,Add this Tyrant as a friend?,en-US
フレンドに追加しますか？,Add this Tyrant as a friend?,en-US
해당 마왕님을 친구로 추가하겠습니까?,Add this Tyrant as a friend?,en-US
是否新增這位魔王為好友,Add this Tyrant as a friend?,en-US
添加好友,Add Friend,en-US
フレンド追加,Add Friend,en-US
친구 추가,Add Friend,en-US
新增好友,Add Friend,en-US
全部通过,Accept All,en-US
一括承認,Accept All,en-US
전체 수락,Accept All,en-US
全部通過,Accept All,en-US
删除好友,Delete Friend,en-US
フレンド削除,Delete Friend,en-US
친구 삭제,Delete Friend,en-US
刪除好友,Delete Friend,en-US
一键获取,Acquire All,en-US
一括受取,Acquire All,en-US
일괄 획득,Acquire All,en-US
快速獲得,Acquire All,en-US
开启,Activate,en-US
開く,Activate,en-US
오픈,Activate,en-US
開啟,Activate,en-US
推荐好友,Recommended Friend,en-US
おすすめ,Recommended Friend,en-US
친구 추천,Recommended Friend,en-US
推薦好友,Recommended Friend,en-US
刷新列表,Refresh List,en-US
リスト更新,Refresh List,en-US
새로고침,Refresh List,en-US
更新清單,Refresh List,en-US
全部回绝,Reject All,en-US
一括拒否,Reject All,en-US
전체 거절,Reject All,en-US
全部回絕,Reject All,en-US
搜 索,Search,en-US
検索,Search,en-US
검 색,Search,en-US
搜 尋,Search,en-US
一键赠送,Gift All,en-US
一括贈る,Gift All,en-US
일괄 발송,Gift All,en-US
快速贈送,Gift All,en-US
签 名,Edit,en-US
記入,Edit,en-US
상 태,Edit,en-US
簽名檔,Edit,en-US
总成就数,Total Achievement,en-US
実績の達成数,Total Achievement,en-US
업적 달성 수,Total Achievement,en-US
總成就數,Total Achievement,en-US
签约旅人,Recruited Trekkers,en-US
採用巡遊者,Recruited Trekkers,en-US
고용한 여행가,Recruited Trekkers,en-US
簽約旅人,Recruited Trekkers,en-US
秘纹收藏,Disc Collection,en-US
ロスレココレクト,Disc Collection,en-US
레코드 수집,Disc Collection,en-US
祕紋收藏,Disc Collection,en-US
保存失败，请检查读写权限或存储空间,Failed to save. Please check your read/write permissions or available storage space.,en-US
保存できませんでした。アクセス権限またはデータ容量をご確認ください,Failed to save. Please check your read/write permissions or available storage space.,en-US
저장에 실패했습니다. 저장 공간 및 권한을 확인해 주시기 바랍니다,Failed to save. Please check your read/write permissions or available storage space.,en-US
儲存失敗，請檢查存取權限或儲存空間,Failed to save. Please check your read/write permissions or available storage space.,en-US
修改头衔,Modify Title,en-US
称号変更,Modify Title,en-US
칭호 수정,Modify Title,en-US
修改頭銜,Modify Title,en-US
旅人展示,Trekker Showcase,en-US
巡遊者表示,Trekker Showcase,en-US
대표 여행가,Trekker Showcase,en-US
旅团核心成员,Guild Core Member,en-US
主力メンバー,Guild Core Member,en-US
핵심 여행가,Guild Core Member,en-US
旅團核心成員,Guild Core Member,en-US
核心成员,Core Member,en-US
メンバー選択,Core Member,en-US
핵심 여행가,Core Member,en-US
核心成員,Core Member,en-US
当前,Current,en-US
現在,Current,en-US
현재,Current,en-US
目前,Current,en-US
是否删除好友,Sure to delete friend?,en-US
フレンドを削除しますか？,Sure to delete friend?,en-US
친구를 삭제하시겠습니까?,Sure to delete friend?,en-US
是否刪除好友？,Sure to delete friend?,en-US
好友：,Friend:,en-US
フレンド：,Friend:,en-US
친구:,Friend:,en-US
没有可领取的干劲,No Vigor to claim,en-US
受け取れるやる気はありません,No Vigor to claim,en-US
획득 가능한 활력이 없습니다,No Vigor to claim,en-US
沒有可領取的活力,No Vigor to claim,en-US
对方今日未赠送干劲,Player has not gifted Vigor today,en-US
本日分のやる気が届いていません,Player has not gifted Vigor today,en-US
상대가 오늘 활력을 선물하지 않았습니다,Player has not gifted Vigor today,en-US
對方今日未贈送活力,Player has not gifted Vigor today,en-US
好友申请已发送，请耐心等待对方处理,Friend request sent. Please wait for their response,en-US
フレンド申請を送信しました。相手の承認をお待ちください,Friend request sent. Please wait for their response,en-US
친구 신청을 발송했습니다. 상대방의 응답을 기다려주세요.,Friend request sent. Please wait for their response,en-US
好友申請已傳送，請耐心等待對方處理,Friend request sent. Please wait for their response,en-US
今日已领取了对方赠送的干劲,Already claimed gifted Vigor from this player today,en-US
相手からの本日分のやる気は受け取り済みです,Already claimed gifted Vigor from this player today,en-US
오늘 상대방이 선물한 활력을 이미 획득했습니다,Already claimed gifted Vigor from this player today,en-US
今日已領取了對方贈送的活力,Already claimed gifted Vigor from this player today,en-US
已申请,Requested,en-US
承認待ち,Requested,en-US
신청 완료,Requested,en-US
已申請,Requested,en-US
今日已赠送过干劲,Already gifted Vigor today,en-US
本日分のやる気はすでに贈っています,Already gifted Vigor today,en-US
오늘 활력을 선물했습니다,Already gifted Vigor today,en-US
今日已贈送活力,Already gifted Vigor today,en-US
头像预览,Avatar Overview,en-US
アイコンプレビュー,Avatar Overview,en-US
프로필,Avatar Overview,en-US
大頭貼預覽,Avatar Overview,en-US
对方已不是好友,Player is no longer a friend,en-US
フレンドでないプレイヤーです,Player is no longer a friend,en-US
더 이상 친구가 아닙니다,Player is no longer a friend,en-US
對方已非好友,Player is no longer a friend,en-US
对方已是好友,Player is already a friend,en-US
すでにフレンドのプレイヤーです,Player is already a friend,en-US
이미 친구입니다,Player is already a friend,en-US
對方已是好友,Player is already a friend,en-US
暂无好友,No friends,en-US
フレンドはいません,No friends,en-US
친구가 없습니다,No friends,en-US
暫無好友,No friends,en-US
最近登录,Recent Login,en-US
直近のログイン,Recent Login,en-US
최근 로그인,Recent Login,en-US
最近登入,Recent Login,en-US
今日可领取干劲已达上限,Reached max claimed Vigor today,en-US
本日受け取れるやる気は上限に達しています,Reached max claimed Vigor today,en-US
오늘 획득 가능한 활력을 초과했습니다,Reached max claimed Vigor today,en-US
今日可領取的活力已達上限,Reached max claimed Vigor today,en-US
新昵称,New Nickname,en-US
新しい名前,New Nickname,en-US
새로운 닉네임,New Nickname,en-US
新暱稱,New Nickname,en-US
当前没有待处理的请求,No requests pending,en-US
処理待ちの申請はありません,No requests pending,en-US
대기 중인 신청 내역이 없습니다,No requests pending,en-US
目前沒有待處理的請求,No requests pending,en-US
暂无推荐,No recommended,en-US
おすすめユーザーがいません,No recommended,en-US
추천 상대가 없습니다,No recommended,en-US
暫無推薦,No recommended,en-US
当前昵称,Current Nickname:,en-US
現在の名前：,Current Nickname:,en-US
현재 닉네임,Current Nickname:,en-US
目前暱稱,Current Nickname:,en-US
推荐列表,Recommended List,en-US
おすすめフレンド,Recommended List,en-US
추천 목록,Recommended List,en-US
推薦清單,Recommended List,en-US
刷新过于频繁，请稍后再试,Too many refresh requests. Please try again later,en-US
更新頻度が高すぎます。しばらくしてから再度お試しください,Too many refresh requests. Please try again later,en-US
새로고침이 잦습니다. 잠시 후 다시 시도하세요.,Too many refresh requests. Please try again later,en-US
更新過於頻繁，請稍後再試,Too many refresh requests. Please try again later,en-US
刷新成功,Refresh Successful,en-US
更新しました,Refresh Successful,en-US
새로고침 성공,Refresh Successful,en-US
更新成功,Refresh Successful,en-US
改名,Change Name,en-US
名前変更,Change Name,en-US
이름 변경,Change Name,en-US
修改昵称冷却中，剩余：{0}天,Name change on cooldown. Remaining: {0}d,en-US
名前変更可能まであと：{0}日,Name change on cooldown. Remaining: {0}d,en-US
"닉네임 수정 쿨타임 중, 남은 시간: {0}일",Name change on cooldown. Remaining: {0}d,en-US
暱稱修改冷卻中，剩餘：{0}天,Name change on cooldown. Remaining: {0}d,en-US
修改昵称冷却中，剩余：不足1天,Name change on cooldown. Remaining: Less than 1d,en-US
名前変更可能まであと：1日未満,Name change on cooldown. Remaining: Less than 1d,en-US
"닉네임 수정 쿨타임 중, 남은 시간: 1일 미만",Name change on cooldown. Remaining: Less than 1d,en-US
暱稱修改冷卻中，剩餘：不到1天,Name change on cooldown. Remaining: Less than 1d,en-US
※修改昵称后，{0}天内不可再次修改,"※ After changing your name, you cannot change it again in {0}d.",en-US
※名前を変更すると、{0}日以内に再度名前を変えることはできません,"※ After changing your name, you cannot change it again in {0}d.",en-US
※닉네임 수정 후 {0}일 동안 다시 수정할 수 없습니다.,"※ After changing your name, you cannot change it again in {0}d.",en-US
※修改暱稱後，{0}天內不可再次修改,"※ After changing your name, you cannot change it again in {0}d.",en-US
暂无好友申请,No friend requests,en-US
フレンド申請はありません,No friend requests,en-US
친구 신청이 없습니다,No friend requests,en-US
暫無好友申請,No friend requests,en-US
申请,Request,en-US
申請,Request,en-US
신청,Request,en-US
本地保存,Local Save,en-US
ローカル保存,Local Save,en-US
로컬 저장,Local Save,en-US
本地儲存,Local Save,en-US
已保存至系统相册,Saved to system gallery,en-US
アルバムに保存しました,Saved to system gallery,en-US
사진첩에 저장되었습니다,Saved to system gallery,en-US
已儲存至系統相簿,Saved to system gallery,en-US
已保存至游戏根目录/Screenshot文件夹,Saved to the game's root directory/screenshot folder,en-US
/Screenshotフォルダに保存しました,Saved to the game's root directory/screenshot folder,en-US
게임의 Screenshot 폴더에 저장되었습니다,Saved to the game's root directory/screenshot folder,en-US
已儲存至遊戲根目錄/Screenshot資料夾,Saved to the game's root directory/screenshot folder,en-US
请输入UID或昵称,Please enter the UID or nickname,en-US
UIDまたは名前を入力してください,Please enter the UID or nickname,en-US
UID 또는 닉네임을 입력하세요,Please enter the UID or nickname,en-US
請輸入UID或暱稱,Please enter the UID or nickname,en-US
未搜索到对应用户,User not found,en-US
検索結果がありません,User not found,en-US
해당 유저를 찾을 수 없습니다,User not found,en-US
未搜尋到該使用者,User not found,en-US
搜索结果,Search Results,en-US
検索結果,Search Results,en-US
검색 결과,Search Results,en-US
搜尋結果,Search Results,en-US
选择头像,Select Avatar,en-US
アイコン選択,Select Avatar,en-US
프로필 선택,Select Avatar,en-US
選擇大頭貼,Select Avatar,en-US
一键赠送成功,Gift All Successful,en-US
やる気を一括で贈りました,Gift All Successful,en-US
일괄 발송 성공,Gift All Successful,en-US
快速贈送成功,Gift All Successful,en-US
没有可赠送干劲的好友,No friends to gift Vigor,en-US
やる気を贈れるフレンドがいません,No friends to gift Vigor,en-US
활력을 선물할 친구가 없습니다,No friends to gift Vigor,en-US
沒有可贈送活力的好友,No friends to gift Vigor,en-US
赠送成功,Gift Successful,en-US
やる気を贈りました,Gift Successful,en-US
발송 성공,Gift Successful,en-US
贈送成功,Gift Successful,en-US
签名不可用,Motto currently unavailable,en-US
このあいさつは使用できません,Motto currently unavailable,en-US
상태 메시지를 사용할 수 없습니다,Motto currently unavailable,en-US
簽名檔無法使用,Motto currently unavailable,en-US
签名过长,Motto too long,en-US
あいさつが長すぎます,Motto too long,en-US
상태 메시지가 너무 깁니다,Motto too long,en-US
簽名檔過長,Motto too long,en-US
新签名与旧签名相同,Unable to update: Same as current motto,en-US
入力されたあいさつは、以前のものと同じです,Unable to update: Same as current motto,en-US
이전과 동일한 상태 메시지입니다,Unable to update: Same as current motto,en-US
新簽名檔與舊簽名檔相同,Unable to update: Same as current motto,en-US
个性签名,Motto,en-US
あいさつ,Motto,en-US
커스텀 상태 메시지,Motto,en-US
個人化簽名檔,Motto,en-US
签名中包含非标准字符,Invalid characters in motto,en-US
入力されたあいさつに使用できない文字が含まれています,Invalid characters in motto,en-US
상태 메시지에 부적절한 문자열이 포함되어 있습니다,Invalid characters in motto,en-US
簽名檔中含有非標準字元,Invalid characters in motto,en-US
字数上限,Character Limit,en-US
文字数上限,Character Limit,en-US
최대 글자수,Character Limit,en-US
字數上限,Character Limit,en-US
旅程记录,Journey Records,en-US
旅の記録,Journey Records,en-US
여행 기록,Journey Records,en-US
旅程紀錄,Journey Records,en-US
头衔,Title,en-US
称号,Title,en-US
칭호,Title,en-US
頭銜,Title,en-US
旅人信息,Trekker Info,en-US
巡遊者情報,Trekker Info,en-US
여행가 정보,Trekker Info,en-US
旅人資訊,Trekker Info,en-US
今日,Today,en-US
本日,Today,en-US
오늘,Today,en-US
个人信息,Profile,en-US
個人情報,Profile,en-US
개인 정보,Profile,en-US
個人資訊,Profile,en-US
好友列表,Friend List,en-US
フレンドリスト,Friend List,en-US
친구 목록,Friend List,en-US
好友清單,Friend List,en-US
UID已复制至剪贴板,UID copied to clipboard,en-US
UIDをコピーしました,UID copied to clipboard,en-US
UID가 클립보드에 복사되었습니다.,UID copied to clipboard,en-US
UID已複製至剪貼簿,UID copied to clipboard,en-US
UID：,UID:,en-US
无效的昵称,Invalid Nickname,en-US
無効な名前,Invalid Nickname,en-US
유효하지 않은 닉네임입니다,Invalid Nickname,en-US
無效的暱稱,Invalid Nickname,en-US
无法搜索自身,Unable to search yourself,en-US
自分を検索することはできません,Unable to search yourself,en-US
본인은 검색할 수 없습니다,Unable to search yourself,en-US
無法搜尋自己,Unable to search yourself,en-US
无效的UID,Invalid UID,en-US
無効なUID,Invalid UID,en-US
유효하지 않은 UID입니다,Invalid UID,en-US
無效的UID,Invalid UID,en-US
昨日,Yesterday,en-US
어제,Yesterday,en-US
功能会在后续版本开启，敬请期待哟~,Feature will be available in later patches. Stay tuned!,en-US
この機能は今後実装予定です。,Feature will be available in later patches. Stay tuned!,en-US
해당 기능은 후속 버전에서 오픈됩니다. 기대해 주세요~,Feature will be available in later patches. Stay tuned!,en-US
功能會在後續版本開啟，敬請期待喲~,Feature will be available in later patches. Stay tuned!,en-US
剩余,Remaining,en-US
あと,Remaining,en-US
남은,Remaining,en-US
剩餘,Remaining,en-US
剩余招募次数:,Remaining Recruits:,en-US
残りのガチャ回数：,Remaining Recruits:,en-US
남은 모집 횟수:,Remaining Recruits:,en-US
剩餘招募次數:,Remaining Recruits:,en-US
次招募必出随机,Guaranteed Random Reward in x recruits,en-US
回ガチャを引くと、必ずランダムに出ます,Guaranteed Random Reward in x recruits,en-US
회 모집 내에 랜덤,Guaranteed Random Reward in x recruits,en-US
次招募必出隨機,Guaranteed Random Reward in x recruits,en-US
{0}次招募内必得当期秘纹,{0} recruits for Guaranteed Featured Discs,en-US
ピックアップ★5ロスレコ確定まで、あと{0}回,{0} recruits for Guaranteed Featured Discs,en-US
{0}회 모집 후 이번 시즌 레코드 반드시 획득,{0} recruits for Guaranteed Featured Discs,en-US
{0}次招募內必得當期祕紋,{0} recruits for Guaranteed Featured Discs,en-US
首次十连可获得「灿金闪碟」x{0} ({1}倍),The first Recruit x10 grants Gold Disc x{0} ({1} times the usual),en-US
初回10連で「煌金レコード」x{0}({1}倍) を獲得できます,The first Recruit x10 grants Gold Disc x{0} ({1} times the usual),en-US
첫 10회 모집 시 「골든 디스크」x{0} ({1}배) 획득,The first Recruit x10 grants Gold Disc x{0} ({1} times the usual),en-US
首次十連可獲得「燦金閃碟」x{0}（{1}倍）,The first Recruit x10 grants Gold Disc x{0} ({1} times the usual),en-US
点击领取,Select to Claim,en-US
タップして受け取る,Select to Claim,en-US
획득하기,Select to Claim,en-US
點選領取,Select to Claim,en-US
剩余{0}次招募领取,{0} remaining recruits to claim,en-US
あと{0}回引くと受取可能,{0} remaining recruits to claim,en-US
{0} 회 모집 후 수령,{0} remaining recruits to claim,en-US
剩餘{0}次招募領取,{0} remaining recruits to claim,en-US
限一次,One Time Only,en-US
1回のみ,One Time Only,en-US
1회 한정,One Time Only,en-US
剩余{0}次招募必得5星旅人,★5 Trekker guaranteed in next {0} recruits,en-US
★5巡遊者確定まで、あと{0}回,★5 Trekker guaranteed in next {0} recruits,en-US
{0} 회 모집 후 반드시 ★5 여행가 모집,★5 Trekker guaranteed in next {0} recruits,en-US
剩餘{0}次招募必得5星旅人,★5 Trekker guaranteed in next {0} recruits,en-US
剩余{0}次招募必得5星秘纹,★5 Disc guaranteed in next {0} recruits,en-US
★5ロスレコ確定まで、あと{0}回,★5 Disc guaranteed in next {0} recruits,en-US
{0} 회 모집 후 반드시 ★5 레코드 모집,★5 Disc guaranteed in next {0} recruits,en-US
剩餘{0}次招募必得5星祕紋,★5 Disc guaranteed in next {0} recruits,en-US
每次招募可获得「灿金闪碟」x{0},Each recruitment grants Gold Disc ×{0},en-US
ガチャを1回引くたびに「煌金レコード」x{0}を獲得できます,Each recruitment grants Gold Disc ×{0},en-US
모집마다 「골든 디스크」x{0} 획득,Each recruitment grants Gold Disc ×{0},en-US
每次招募可獲得「燦金閃碟」x{0},Each recruitment grants Gold Disc ×{0},en-US
剩余{0}次招募必得当期角色,Featured Trekker guaranteed in next {0} recruits,en-US
ピックアップ★5巡遊者確定まで、あと{0}回,Featured Trekker guaranteed in next {0} recruits,en-US
{0} 회 모집 후 이번 시즌 여행가 반드시 획득,Featured Trekker guaranteed in next {0} recruits,en-US
剩餘{0}次招募必得當期角色,Featured Trekker guaranteed in next {0} recruits,en-US
活动倒计时 {0},Ends in {0},en-US
終了まで {0},Ends in {0},en-US
이벤트 남은 시간 {0},Ends in {0},en-US
活動倒數計時 {0},Ends in {0},en-US
保底详情,Pity Details,en-US
確定排出詳細,Pity Details,en-US
확정 획득 상세 정보,Pity Details,en-US
保底詳情,Pity Details,en-US
招募记录,Recruit Record,en-US
履歴,Recruit Record,en-US
모집 기록,Recruit Record,en-US
招募紀錄,Recruit Record,en-US
名字,Name,en-US
名前,Name,en-US
이름,Name,en-US
品级,Quality,en-US
品質與等級,Quality,en-US
卡池名称,Banner Name,en-US
ガチャ名称,Banner Name,en-US
모집 이름,Banner Name,en-US
卡池名稱,Banner Name,en-US
时间,Time,en-US
時間,Time,en-US
시간,Time,en-US
类型,Type,en-US
タイプ,Type,en-US
유형,Type,en-US
類型,Type,en-US
获得道具,Acquired Item,en-US
入手アイテム,Acquired Item,en-US
아이템 획득,Acquired Item,en-US
獲得道具,Acquired Item,en-US
跳 过,Skip,en-US
스 킵,Skip,en-US
跳 過,Skip,en-US
以上旅人获得概率提升!!,Drop Rate UP for These Trekkers!,en-US
上記巡遊者排出率アップ!!,Drop Rate UP for These Trekkers!,en-US
획득 확률 UP!!,Drop Rate UP for These Trekkers!,en-US
以上旅人獲得機率提升！！,Drop Rate UP for These Trekkers!,en-US
以上秘纹获得概率提升!!,Drop Rate UP for These Discs!,en-US
上記ロスレコ排出率アップ!!,Drop Rate UP for These Discs!,en-US
획득 확률 UP!!,Drop Rate UP for These Discs!,en-US
以上祕紋獲得機率提升！！,Drop Rate UP for These Discs!,en-US
前往试玩,Go Tryout,en-US
お試しへ,Go Tryout,en-US
체험하기,Go Tryout,en-US
前往試玩,Go Tryout,en-US
限定,Exclusive Limited,en-US
한정,Exclusive Limited,en-US
每日招募限次：{0}/{1},Daily Recruit Limit: {0}/{1},en-US
1日のガチャ上限：{0}/{1}（一）,Daily Recruit Limit: {0}/{1},en-US
일일 모집 제한: {0}/{1},Daily Recruit Limit: {0}/{1},en-US
剩余抽卡次数不足无法抽取,Recruit Limit Reached,en-US
残りのガチャ回数が不足しています（一）,Recruit Limit Reached,en-US
남은 모집 횟수가 부족하여 모집할 수 없습니다.,Recruit Limit Reached,en-US
剩餘抽卡次數不足無法抽取,Recruit Limit Reached,en-US
卡池赠送,Banner Gift,en-US
ガチャ特典,Banner Gift,en-US
모집 증정,Banner Gift,en-US
卡池贈送,Banner Gift,en-US
剩余次数不足,Insufficient chances,en-US
残り回数が不足しています,Insufficient chances,en-US
남은 횟수가 부족합니다.,Insufficient chances,en-US
剩餘次數不足,Insufficient chances,en-US
前往任务,Proceed to the task,en-US
任務へ,Proceed to the task,en-US
임무로 이동,Proceed to the task,en-US
前往任務,Proceed to the task,en-US
当前暂无招募结果~,No recruitment results yet,en-US
ガチャ結果がありません,No recruitment results yet,en-US
현재 모집 결과가 없습니다,No recruitment results yet,en-US
目前暫無招募結果～,No recruitment results yet,en-US
我再想想,Decide Later,en-US
もう少し考える,Decide Later,en-US
취 소,Decide Later,en-US
确认获得,Confirm & Claim,en-US
獲得する,Confirm & Claim,en-US
확 인,Confirm & Claim,en-US
確定獲得,Confirm & Claim,en-US
确认招募结果,Confirm Result,en-US
ガチャ結果確認,Confirm Result,en-US
모집 결과 확인,Confirm Result,en-US
確定招募結果,Confirm Result,en-US
查看已保存招募,Saved Results,en-US
保存済の結果を確認,Saved Results,en-US
저장된 모집 기록 보기,Saved Results,en-US
查看已儲存招募,Saved Results,en-US
查看已保存招募({0}),Saved Results({0}),en-US
保存済の結果を確認({0}),Saved Results({0}),en-US
저장된 기록 보기({0}),Saved Results({0}),en-US
查看已儲存招募({0}),Saved Results({0}),en-US
剩余招募轮数: {0} 轮,Remaining: {0},en-US
残りのガチャ回数： {0} 回,Remaining: {0},en-US
남은 모집 횟수: {0}회,Remaining: {0},en-US
剩餘招募輪數: {0} 輪,Remaining: {0},en-US
替换招募结果,Replace Recruit,en-US
ガチャ結果を置き換える,Replace Recruit,en-US
모집 결과 교체,Replace Recruit,en-US
替換招募結果,Replace Recruit,en-US
重新招募,Recruit Again,en-US
もう一度引く,Recruit Again,en-US
재모집,Recruit Again,en-US
结果{0},{0},en-US
結果{0},{0},en-US
결과 {0},{0},en-US
当前,N E W,en-US
現在,N E W,en-US
현재,N E W,en-US
目前,N E W,en-US
替换,Replace,en-US
교체,Replace,en-US
替換,Replace,en-US
可将招募结果保存至下方列表（{0}）,Select a record below to replace,en-US
保存済みの結果を上書きできます,Select a record below to replace,en-US
모집 결과를 아래 목록에 저장합니다 ({0}),Select a record below to replace,en-US
可將招募結果儲存至下方列表（{0}）,Select a record below to replace,en-US
已保存的招募结果,Saved Results,en-US
保存済のガチャ結果,Saved Results,en-US
저장된 모집 기록,Saved Results,en-US
已儲存的招募結果,Saved Results,en-US
保存本次招募,Save,en-US
今回の結果を保存する,Save,en-US
이번 모집 저장,Save,en-US
儲存本次招募,Save,en-US
招募记录保存成功,Recruit result saved,en-US
ガチャ結果を保存しました,Recruit result saved,en-US
모집 기록 저장 완료,Recruit result saved,en-US
招募紀錄儲存成功,Recruit result saved,en-US
選択中,Selected,en-US
获得选中招募,Confirm Result,en-US
獲得する,Confirm Result,en-US
결과 선택,Confirm Result,en-US
獲得選中招募,Confirm Result,en-US
保存済みのガチャ結果,Saved Results,en-US
免费,Free,en-US
無料,Free,en-US
무료,Free,en-US
免費,Free,en-US
招募次数已达到上限,Recruitment limit reached,en-US
ガチャ回数は上限に達しました,Recruitment limit reached,en-US
남은 모집 횟수가 없습니다,Recruitment limit reached,en-US
招募次數已達上限,Recruitment limit reached,en-US
剩余招募次数:{0}轮,Attempts Left: {0},en-US
残りガチャ回数：{0}回,Attempts Left: {0},en-US
남은 모집 횟수: {0}회,Attempts Left: {0},en-US
剩餘招募次數：{0}輪,Attempts Left: {0},en-US
招募十次,Recruit x10,en-US
10回引く,Recruit x10,en-US
모집 10회,Recruit x10,en-US
查看招募结果,View Result,en-US
ガチャ結果を確認する,View Result,en-US
모집 기록 보기,View Result,en-US
查看招募結果,View Result,en-US
概率详情,Probability,en-US
確率詳細,Probability,en-US
확률 상세,Probability,en-US
機率詳情,Probability,en-US
概率,Probability,en-US
排出率,Probability,en-US
확률,Probability,en-US
機率,Probability,en-US
卡池时间：,Banner Time:.,en-US
開放期間：,Banner Time:.,en-US
모집 시간:,Banner Time:.,en-US
卡池時間：,Banner Time:.,en-US
资源数量异常，请重新抽卡,Resource quantity error. Please recruit again.,en-US
リソース数異常、ガチャを引き直してください。,Resource quantity error. Please recruit again.,en-US
"수량 오류, 다시 시도해 주세요",Resource quantity error. Please recruit again.,en-US
資源數量異常，請重新進行招募,Resource quantity error. Please recruit again.,en-US
无法添加礼物，已达今日赠礼上限,Cannot add gift. Reached max gift limit today,en-US
本日のギフト上限に達しています,Cannot add gift. Reached max gift limit today,en-US
선물을 추가할 수 없습니다. 오늘 발송 한도를 초과했습니다.,Cannot add gift. Reached max gift limit today,en-US
無法新增禮物，已達今日贈禮上限,Cannot add gift. Reached max gift limit today,en-US
暂未拥有礼物,No gift,en-US
ギフトを所持していません,No gift,en-US
보유한 선물이 없습니다,No gift,en-US
暫未擁有禮物,No gift,en-US
超出送礼数量限制,Gift limit exceeded,en-US
最大制限数を超えました,Gift limit exceeded,en-US
선물 보내기 횟수 제한 초과,Gift limit exceeded,en-US
超出送禮數量限制,Gift limit exceeded,en-US
请选择礼物,Please select a gift,en-US
アイテムを選択してください,Please select a gift,en-US
선물을 선택하세요,Please select a gift,en-US
請選擇禮物,Please select a gift,en-US
前往挑战,Challenge,en-US
挑戦へ,Challenge,en-US
도전하기,Challenge,en-US
前往挑戰,Challenge,en-US
工具箱空空,Toolbox is empty,en-US
工具箱が空です,Toolbox is empty,en-US
툴박스 비어 있음,Toolbox is empty,en-US
生效中,Active,en-US
発動中,Active,en-US
적용 중,Active,en-US
待生效,Pending,en-US
発動待ち,Pending,en-US
적용 대기,Pending,en-US
临时增益,Temporary Boost,en-US
この部屋,Temporary Boost,en-US
일시 버프,Temporary Boost,en-US
臨時增益,Temporary Boost,en-US
延迟增益,Delayed Boost,en-US
次の部屋,Delayed Boost,en-US
지연 버프,Delayed Boost,en-US
延遲增益,Delayed Boost,en-US
永久增益,Permanent Boost,en-US
ミッション中,Permanent Boost,en-US
영구 버프,Permanent Boost,en-US
技能次数增益,Skill Count Boost,en-US
スキル回数バフ,Skill Count Boost,en-US
스킬 횟수 버프,Skill Count Boost,en-US
技能次數增益,Skill Count Boost,en-US
第{0}/{1}间,Room {0}/{1},en-US
第{0}/{1}部屋,Room {0}/{1},en-US
{0}/{1}번 방,Room {0}/{1},en-US
第{0}/{1}間,Room {0}/{1},en-US
行动,Go,en-US
작전,Go,en-US
行動,Go,en-US
{0}分,{0} Points,en-US
スコア{0},{0} Points,en-US
{0}포인트,{0} Points,en-US
最高积分,Highest Score,en-US
最高スコア,Highest Score,en-US
최고 포인트,Highest Score,en-US
最高積分,Highest Score,en-US
行动结束,Mission Complete,en-US
ミッション完了,Mission Complete,en-US
작전 종료,Mission Complete,en-US
行動結束,Mission Complete,en-US
完成【{0}】后解锁,Unlocks after completing {0},en-US
【{0}】クリア後に解放,Unlocks after completing {0},en-US
「{0}」 클리어 시 오픈,Unlocks after completing {0},en-US
完成【{0}】後解鎖,Unlocks after completing {0},en-US
{0}クリア後に解放,Clear {0} to unlock,en-US
当前无可被爆破的对象,No targets available to detonate,en-US
爆破可能な対象がありません,No targets available to detonate,en-US
현재 폭파 가능한 대상이 없습니다,No targets available to detonate,en-US
目前無可被爆破的對象,No targets available to detonate,en-US
当前无可被冰冻的对象,No target to freeze,en-US
凍結可能な対象がありません,No target to freeze,en-US
현재 빙결 가능한 대상이 없습니다,No target to freeze,en-US
目前無可被冰凍的对象,No target to freeze,en-US
行动失败,Mission Failed,en-US
任務失敗,Mission Failed,en-US
작전 실패,Mission Failed,en-US
行動失敗,Mission Failed,en-US
撤离,Extract,en-US
撤退,Extract,en-US
철수,Extract,en-US
撤離,Extract,en-US
行动指标,Total Rooms,en-US
総部屋数,Total Rooms,en-US
작전 지표,Total Rooms,en-US
行動指標,Total Rooms,en-US
行动进度,Rooms Cleared,en-US
進捗,Rooms Cleared,en-US
작전 진행도,Rooms Cleared,en-US
行動進度,Rooms Cleared,en-US
行动目标,Mission Target,en-US
目標スコア,Mission Target,en-US
작전 목표,Mission Target,en-US
行動目標,Mission Target,en-US
获得积分,Points Earned,en-US
獲得スコア,Points Earned,en-US
획득 포인트,Points Earned,en-US
獲得積分,Points Earned,en-US
下一间,Next Room,en-US
次の部屋へ,Next Room,en-US
다음 방,Next Room,en-US
下一間,Next Room,en-US
下一行动,Next Action,en-US
次へ,Next Action,en-US
다음 작전,Next Action,en-US
下一行動,Next Action,en-US
本间目标,Room Target,en-US
この部屋の目標,Room Target,en-US
이번 목표,Room Target,en-US
本間目標,Room Target,en-US
当前积分,Score,en-US
現在スコア,Score,en-US
현재 포인트,Score,en-US
目前積分,Score,en-US
{0} 间,{0} Rooms,en-US
{0},{0} Rooms,en-US
{0}번 방,{0} Rooms,en-US
{0}間,{0} Rooms,en-US
{0} 分,{0} Points,en-US
{0},{0} Points,en-US
撤离后未达到行动目标将无法获得奖励,You will not receive rewards if you fail to meet the mission target after evacuation.,en-US
撤退時、ミッション目標を達成していない場合は報酬を獲得できません。,You will not receive rewards if you fail to meet the mission target after evacuation.,en-US
작전 목표를 달성하지 못한 상태로 철수하면 보상을 받을 수 없습니다,You will not receive rewards if you fail to meet the mission target after evacuation.,en-US
撤離後未達到行動目標將無法獲得獎勵,You will not receive rewards if you fail to meet the mission target after evacuation.,en-US
行动完成,Mission Complete,en-US
CLEAR,Mission Complete,en-US
작전 완료,Mission Complete,en-US
行動完成,Mission Complete,en-US
ミッション目標：,Mission Target,en-US
目标：,Target:,en-US
目標：,Target:,en-US
목표:,Target:,en-US
{0}后开放,Available in {0},en-US
{0}後に開放,Available in {0},en-US
{0} 후 오픈,Available in {0},en-US
{0}後開放,Available in {0},en-US
工具箱,Toolbox,en-US
툴박스,Toolbox,en-US
{0}间,Rooms: {0},en-US
計:{0}部屋,Rooms: {0},en-US
{0}개 방,Rooms: {0},en-US
{0}間,Rooms: {0},en-US
战斗过程中，可随时通过按钮开关自动战斗,"During a battle, you can select the button to turn auto-battle on or off at any time.",en-US
戦闘中は、いつでもオート戦闘をON/OFFすることができます。,"During a battle, you can select the button to turn auto-battle on or off at any time.",en-US
전투 중 버튼을 눌러 자동 전투를 자유롭게 켜고 끌 수 있습니다.,"During a battle, you can select the button to turn auto-battle on or off at any time.",en-US
戰鬥過程中，可隨時透過按鈕切換是否自動戰鬥,"During a battle, you can select the button to turn auto-battle on or off at any time.",en-US
在挑战不同属性的星塔时，要留意其推荐配队属性,"When challenging Monoliths of different Elements, note their recommended lineup Element.",en-US
異なる属性の星ノ塔に挑戦する際は、推奨属性に注意しましょう。,"When challenging Monoliths of different Elements, note their recommended lineup Element.",en-US
서로 다른 속성의 별의 탑에 도전할 때에는 추천 파티 속성을 확인해야 합니다.,"When challenging Monoliths of different Elements, note their recommended lineup Element.",en-US
挑戰不同屬性的星塔時，要留意其推薦組隊的屬性,"When challenging Monoliths of different Elements, note their recommended lineup Element.",en-US
有新的挑战可以进行了，点按“悬赏行动”,A new challenge is available. Select [Bounty Trial].,en-US
素材調達で新たなステージに挑戦できるようになりました。,A new challenge is available. Select [Bounty Trial].,en-US
새로운 도전을 할 수 있습니다. ‘수배 작전’을 터치하세요.,A new challenge is available. Select [Bounty Trial].,en-US
有新的挑戰可供進行，點按「懸賞行動」,A new challenge is available. Select [Bounty Trial].,en-US
消耗干劲，进行“晋升试炼”获取升阶素材,Spend Vigor in [Tier-up Trials] to acquire Tier-up Materials.,en-US
やる気を消費して「昇格試練」を行い、昇格用素材を入手しましょう。,Spend Vigor in [Tier-up Trials] to acquire Tier-up Materials.,en-US
에너지를 소모해 ‘승급 시련’을 진행하고 승급 재료를 획득하세요.,Spend Vigor in [Tier-up Trials] to acquire Tier-up Materials.,en-US
消耗活力，進行「晉升試煉」獲得升階材料,Spend Vigor in [Tier-up Trials] to acquire Tier-up Materials.,en-US
完成研究计划，可以获得星塔机制的解密素材,Complete Research Plans to receive materials that help reveal how the Monolith works.,en-US
研究計画を完了すると、星ノ塔の仕組みを解明する素材を獲得できます。,Complete Research Plans to receive materials that help reveal how the Monolith works.,en-US
연구 계획을 완료하면 별의 탑 시스템 해독 재료를 획득할 수 있습니다.,Complete Research Plans to receive materials that help reveal how the Monolith works.,en-US
完成研究計畫，可獲得星塔機制的解密材料,Complete Research Plans to receive materials that help reveal how the Monolith works.,en-US
有些研究计划已经完成了，先领取这些奖励吧,Some Research Plans have already been completed. Claim these rewards first.,en-US
すでに完了した研究計画もあります。まずはその報酬を受け取りましょう。,Some Research Plans have already been completed. Claim these rewards first.,en-US
일부 연구 계획이 완료되었습니다. 먼저 보상을 수령하죠.,Some Research Plans have already been completed. Claim these rewards first.,en-US
有些研究計畫已經完成了，先領取這些獎勵吧,Some Research Plans have already been completed. Claim these rewards first.,en-US
点按这里前往星塔研究,Select here to go to Monolith Research.,en-US
ここをタップして星ノ塔研究へ。,Select here to go to Monolith Research.,en-US
이곳을 터치해 ‘별의 탑 연구’로 이동하세요.,Select here to go to Monolith Research.,en-US
點按這裡前往星塔研究,Select here to go to Monolith Research.,en-US
点按这里，可以一键消耗已有的素材，解开节点,Select here to use all your collected materials to resolve the Node.,en-US
ここをタップすると、所持している素材を一括で消費してノードを解放できます。,Select here to use all your collected materials to resolve the Node.,en-US
여기를 터치하면 보유 중인 재료를 모두 사용해 노드를 해독할 수 있습니다.,Select here to use all your collected materials to resolve the Node.,en-US
點按這裡，可快速消耗已有的材料，解開節點,Select here to use all your collected materials to resolve the Node.,en-US
现在，前往研究计划,"Now, go to Research Plans.",en-US
さあ、研究計画に戻りましょう。,"Now, go to Research Plans.",en-US
이제 연구 계획으로 이동하세요.,"Now, go to Research Plans.",en-US
現在，前往研究計畫,"Now, go to Research Plans.",en-US
激活协奏技能的秘纹可以为队伍带来更多的加成效果,Discs with Harmony Skill activated can grant more bonuses to the squad.,en-US
アシスト効果を発動したロスレコは、チームにさらなる強化効果をもたらします。,Discs with Harmony Skill activated can grant more bonuses to the squad.,en-US
협주 스킬이 활성화된 레코드는 팀에 추가 버프 효과를 제공합니다.,Discs with Harmony Skill activated can grant more bonuses to the squad.,en-US
啟動協奏技能的祕紋可為隊伍帶來更多的加成效果,Discs with Harmony Skill activated can grant more bonuses to the squad.,en-US
点按此处进行阵容挑选,Tap here to select your lineup.,en-US
ここをタップして編成を行ってください。,Tap here to select your lineup.,en-US
이곳을 눌러 선택하세요.,Tap here to select your lineup.,en-US
點按此處挑選陣容,Tap here to select your lineup.,en-US
点按选择想要在本关出阵的游棋,Tap to select the chess pieces you wish to deploy in this stage.,en-US
出撃させたい駒を選択しましょう。,Tap to select the chess pieces you wish to deploy in this stage.,en-US
이번 스테이지에 출전할 말을 눌러 선택하세요.,Tap to select the chess pieces you wish to deploy in this stage.,en-US
點按選擇想在本關出陣的遊棋,Tap to select the chess pieces you wish to deploy in this stage.,en-US
注意，仅当全部空置栏位都完成选择后才可开始关卡,Note: The stage will only start when all empty slots are filled.,en-US
すべての空きスロットの選択が完了した後にのみ、ステージを開始できます。,Note: The stage will only start when all empty slots are filled.,en-US
모든 슬롯을 선택한 후에 스테이지를 시작할 수 있습니다.,Note: The stage will only start when all empty slots are filled.,en-US
注意，必須完成所有空欄位的選擇後，才能開始關卡,Note: The stage will only start when all empty slots are filled.,en-US
旅人达到特定等级后，需要“升阶”才能继续养成,"When a Trekker reaches a certain level, you need to increase their rank to further their development.",en-US
巡遊者が一定のレベルに達すると、「昇格」をしないとこれ以上の育成が出来なくなります。,"When a Trekker reaches a certain level, you need to increase their rank to further their development.",en-US
여행가가 특정 레벨에 도달한 후에는 계속 육성하기 위해 ‘승급’을 진행해야 합니다.,"When a Trekker reaches a certain level, you need to increase their rank to further their development.",en-US
旅人達到特定等級後，需要「升階」才能繼續養成,"When a Trekker reaches a certain level, you need to increase their rank to further their development.",en-US
升阶也会提升旅人基础属性，并提升技能的等级上限,Tiering up the Trekkers will also improve their base stats and the level cap of their skills.,en-US
昇格によって巡遊者の基礎ステータスが上昇し、スキルのレベル上限も上がります。,Tiering up the Trekkers will also improve their base stats and the level cap of their skills.,en-US
"승급 시 여행가의 기본 속성이 증가하고, 스킬 최대 레벨도 증가합니다.",Tiering up the Trekkers will also improve their base stats and the level cap of their skills.,en-US
升階也會提升旅人基礎屬性，並提升技能的等級上限,Tiering up the Trekkers will also improve their base stats and the level cap of their skills.,en-US
尝试使用获得的素材进行“升阶”吧,Try to use the materials you obtained to tier up.,en-US
素材を集めて「昇格」を試してみましょう。,Try to use the materials you obtained to tier up.,en-US
획득한 재료로 ‘승급’을 시도해 보세요.,Try to use the materials you obtained to tier up.,en-US
嘗試使用獲得的材料進行「升階」吧,Try to use the materials you obtained to tier up.,en-US
旅人的等级上限，现已提高至20级,This Trekker's Level Cap has been increased to Level 20.,en-US
巡遊者のレベル上限が20に引き上げられました。,This Trekker's Level Cap has been increased to Level 20.,en-US
여행가의 최대 레벨이 20레벨로 상승했습니다.,This Trekker's Level Cap has been increased to Level 20.,en-US
旅人的等級上限，現已提高至20級,This Trekker's Level Cap has been increased to Level 20.,en-US
点击这里查看详情,Select here for details.,en-US
ここをタップすると詳細を確認できます。,Select here for details.,en-US
이곳을 터치하여 상세 정보를 확인하세요,Select here for details.,en-US
點選這裡查看詳情,Select here for details.,en-US
进阶至3阶时，还可解锁旅人的“觉醒形象”,"Upon reaching Tier 3, Trekkers can unlock their Awakened Appearance.",en-US
ランク3に昇格すると、巡遊者の「覚醒立ち絵」が解放されます。,"Upon reaching Tier 3, Trekkers can unlock their Awakened Appearance.",en-US
"3급으로 승급할 시, 여행가의 ‘각성 이미지’도 활성화할 수 있습니다.","Upon reaching Tier 3, Trekkers can unlock their Awakened Appearance.",en-US
進階至3階時，還可解鎖旅人的「覺醒形象」,"Upon reaching Tier 3, Trekkers can unlock their Awakened Appearance.",en-US
立刻尝试一下吧,Try it now.,en-US
今すぐ試してみましょう。,Try it now.,en-US
지금 바로 시도해 보세요.,Try it now.,en-US
立刻嘗試一下吧,Try it now.,en-US
选择任意一种属性的星塔,Select a Monolith of any Element.,en-US
任意の星ノ塔を選んでください。,Select a Monolith of any Element.,en-US
임의 속성의 ‘별의 탑’을 선택하세요.,Select a Monolith of any Element.,en-US
選擇任意一種屬性的星塔,Select a Monolith of any Element.,en-US
这里显示了当前拥有的“星梯搭乘票”的数量,You can see how many Monolith Stairs Passes you own here.,en-US
今所持している「超高速塔頂チケット」の数がここに表示されます。,You can see how many Monolith Stairs Passes you own here.,en-US
이곳에 현재 보유 중인 ‘별승강기 티켓’ 수량이 표시됩니다.,You can see how many Monolith Stairs Passes you own here.,en-US
這裡顯示了目前擁有的「星梯搭乘票」數量,You can see how many Monolith Stairs Passes you own here.,en-US
作为主控角色出场时，还可发动“主控技能”,"Also, when fighting as the main Trekker, a Trekker can activate their Main Skill.",en-US
主力巡遊者として出場する場合は、 「主力スキル」を発動できます。,"Also, when fighting as the main Trekker, a Trekker can activate their Main Skill.",en-US
메인 캐릭터로 출전하면 ‘메인 스킬’도 발동할 수 있습니다.,"Also, when fighting as the main Trekker, a Trekker can activate their Main Skill.",en-US
作為主控角色出場時，還可發動「主控技能」,"Also, when fighting as the main Trekker, a Trekker can activate their Main Skill.",en-US
而作为援护角色时，则可发动“援护技能”,"And when fighting as a support Trekker, a Trekker can activate their Support Skill.",en-US
支援巡遊者として出場する場合は、 「支援スキル」を発動できます。,"And when fighting as a support Trekker, a Trekker can activate their Support Skill.",en-US
지원 캐릭터일 때는 ‘지원 스킬’을 사용할 수 있습니다.,"And when fighting as a support Trekker, a Trekker can activate their Support Skill.",en-US
而作為援護角色時，則可發動「援護技能」,"And when fighting as a support Trekker, a Trekker can activate their Support Skill.",en-US
旅人可以点亮贡献纹章，获得战力加成,Trekkers can activate Contribution Emblems to get Combat Power bonuses.,en-US
徽章を装備することで、巡遊者の戦力をさらに強化できます。,Trekkers can activate Contribution Emblems to get Combat Power bonuses.,en-US
여행가는 ‘공헌 배지’를 활성화해 전투력 버프를 받을 수 있습니다.,Trekkers can activate Contribution Emblems to get Combat Power bonuses.,en-US
旅人可點亮貢獻紋章，獲得戰力加成,Trekkers can activate Contribution Emblems to get Combat Power bonuses.,en-US
消耗代币，点亮这个纹章吧,Spend coins to light up this Emblem.,en-US
必要な素材を使って、この徽章を鋳造しましょう。,Spend coins to light up this Emblem.,en-US
코인을 사용해 이 배지를 활성화하세요.,Spend coins to light up this Emblem.,en-US
消耗代幣，點亮這個紋章吧,Spend coins to light up this Emblem.,en-US
此处显示了当前旅人的默契等级,Affinity Level with the current Trekker is displayed here.,en-US
ここでは巡遊者の信頼レベルを確認できます。,Affinity Level with the current Trekker is displayed here.,en-US
여기서 현재 호감도 레벨을 확인할 수 있어요.,Affinity Level with the current Trekker is displayed here.,en-US
此處顯示目前旅人的「默契等級」,Affinity Level with the current Trekker is displayed here.,en-US
点击按钮，领取权限等级2的奖励,Select to claim rewards for reaching Authorization Lv. 2.,en-US
ボタンをタップして、権限レベル2の報酬を受け取ってみましょう。,Select to claim rewards for reaching Authorization Lv. 2.,en-US
버튼을 눌러 권한 Lv.2의 보상을 수령하세요.,Select to claim rewards for reaching Authorization Lv. 2.,en-US
點選按鈕，領取權限等級2級的獎勵,Select to claim rewards for reaching Authorization Lv. 2.,en-US
共鸣技能激活已达上限,Reached max Resonance Skill activation limit,en-US
共鳴スキルの解放はすでに上限に達しています,Reached max Resonance Skill activation limit,en-US
공명 스킬을 더이상 활성화할 수 없습니다,Reached max Resonance Skill activation limit,en-US
共鳴技能啟動已達上限,Reached max Resonance Skill activation limit,en-US
激活共鸣技能,Activate Resonance Skill,en-US
共鳴スキル解放,Activate Resonance Skill,en-US
공명 스킬 활성화,Activate Resonance Skill,en-US
啟動共鳴技能,Activate Resonance Skill,en-US
天赋{0}级,Talent Lv. {0},en-US
心相Lv.{0},Talent Lv. {0},en-US
특성 {0}레벨,Talent Lv. {0},en-US
天賦{0}級,Talent Lv. {0},en-US
道具数量不足，不可激活,Insufficient items. Unable to activate,en-US
アイテム数が不足しているため、解放できません,Insufficient items. Unable to activate,en-US
아이템이 부족하여 활성화할 수 없습니다,Insufficient items. Unable to activate,en-US
道具數量不足，無法啟動,Insufficient items. Unable to activate,en-US
荣誉称号,Honor Title,en-US
名誉称号,Honor Title,en-US
명예 칭호,Honor Title,en-US
榮譽稱號,Honor Title,en-US
成就,Achievement,en-US
実績,Achievement,en-US
업적,Achievement,en-US
活动,Event,en-US
イベント,Event,en-US
이벤트,Event,en-US
活動,Event,en-US
该称号已装配,This title has already been equipped,en-US
この称号は装備済みです,This title has already been equipped,en-US
장착 중인 칭호입니다,This title has already been equipped,en-US
該稱號已裝備,This title has already been equipped,en-US
已装配,Equipped,en-US
装備済み,Equipped,en-US
장착됨,Equipped,en-US
已裝備,Equipped,en-US
客户端版本过低，需要重新启动游戏,This version needs to be updated. Please restart the game.,en-US
新しいバージョンがあります。 ゲームを再起動してください,This version needs to be updated. Please restart the game.,en-US
클라이언트 버전이 낮습니다. 게임을 다시 시작해 주세요.,This version needs to be updated. Please restart the game.,en-US
用戶端版本過低，需重新啟動遊戲,This version needs to be updated. Please restart the game.,en-US
免疫,Immune,en-US
無効化,Immune,en-US
면역,Immune,en-US
回避,EVA,en-US
회피,EVA,en-US
迴避,EVA,en-US
总伤害,Total DMG,en-US
총 피해,Total DMG,en-US
總傷害,Total DMG,en-US
累计分数,Total Score,en-US
累計スコア,Total Score,en-US
누적 점수,Total Score,en-US
累計分數,Total Score,en-US
道具背包,Item Bag,en-US
アイテムバッグ,Item Bag,en-US
아이템 가방,Item Bag,en-US
确定,Confirm,en-US
営業終了,Confirm,en-US
確定,Confirm,en-US
继续营业,Continue,en-US
次へ,Continue,en-US
계속 영업,Continue,en-US
繼續營業,Continue,en-US
冰力十足！时间流速变缓中,Deep freeze! Time is slowing down.,en-US
氷力全開！流れる時間までも凍てつかせよう！,Deep freeze! Time is slowing down.,en-US
얼음의 힘 가득! 시간의 흐름이 느려진다.,Deep freeze! Time is slowing down.,en-US
冰力十足！時間流速變緩中,Deep freeze! Time is slowing down.,en-US
新鲜鲜榨！顾客耐心锁定中,Fresh squeeze! Customer patience is locked.,en-US
新鮮しぼりたて！顧客の忍耐ゲージ低下停止！,Fresh squeeze! Customer patience is locked.,en-US
신선함 가득! 손님의 인내심이 고정된다.,Fresh squeeze! Customer patience is locked.,en-US
新鮮現榨！顧客耐心鎖定中,Fresh squeeze! Customer patience is locked.,en-US
激情释放！订单分数翻倍中,Fired up! Order scores are doubled.,en-US
パッション解放！オーダーのスコアが2倍！,Fired up! Order scores are doubled.,en-US
열정 가득! 주문 점수가 두 배로 증가한다.,Fired up! Order scores are doubled.,en-US
激情釋放！訂單分數加倍中,Fired up! Order scores are doubled.,en-US
营养满满！回复部分生命值,Nourishing! Restores some HP.,en-US
栄養たっぷり！ライフを一定量回復！,Nourishing! Restores some HP.,en-US
영양 가득! HP를 일부 회복한다.,Nourishing! Restores some HP.,en-US
營養滿滿！恢復部分生命值,Nourishing! Restores some HP.,en-US
尽享缤纷！自动配给开启中,Color Burst! Auto-supply being enabled.,en-US
夏を満喫しよう！自動配給が有効化中！,Color Burst! Auto-supply being enabled.,en-US
다채로움 가득! 자동으로 조합된다.,Color Burst! Auto-supply being enabled.,en-US
盡享繽紛！自動配給開啟中,Color Burst! Auto-supply being enabled.,en-US
酷饮效果持续中，肚子已经喝不下啦,A Summer Drink effect is still active. You can't drink another one yet.,en-US
もうおなかが一杯で飲めないよ～,A Summer Drink effect is still active. You can't drink another one yet.,en-US
"드링크 효과 적용 중, 더 마실 수 없습니다.",A Summer Drink effect is still active. You can't drink another one yet.,en-US
酷飲效果持續中，肚子已經裝不下啦,A Summer Drink effect is still active. You can't drink another one yet.,en-US
本次得分,Stage Score,en-US
今回のスコア,Stage Score,en-US
이번 점수,Stage Score,en-US
翻倍,Doubler,en-US
スコア2倍,Doubler,en-US
2배,Doubler,en-US
加倍,Doubler,en-US
乐,E,en-US
樂,E,en-US
光,E,en-US
空,Null,en-US
비어 있음,Null,en-US
完成特殊顾客订单获取,Earned by completing special customer orders,en-US
特別なお客さんの注文をクリアすると獲得,Earned by completing special customer orders,en-US
특별 손님의 주문 완료 시 획득,Earned by completing special customer orders,en-US
完成特殊顧客訂單獲取,Earned by completing special customer orders,en-US
欢,F,en-US
歡,F,en-US
业绩未达标,Target not met,en-US
ノルマ未達成,Target not met,en-US
업적 미달성,Target not met,en-US
業績未達標,Target not met,en-US
完成订单数,Orders Completed,en-US
注文達成数,Orders Completed,en-US
완료 주문 수,Orders Completed,en-US
完成訂單數,Orders Completed,en-US
历史最高分,Record High,en-US
最高スコア,Record High,en-US
역대 최고 점수,Record High,en-US
歷史最高分,Record High,en-US
请先清理掉失败的冰淇淋,Discard the ruined ice cream first.,en-US
失敗したアイスを先に片付けてください,Discard the ruined ice cream first.,en-US
먼저 잘못 만든 아이스크림을 정리해 주세요,Discard the ruined ice cream first.,en-US
請先清理掉失敗的冰淇淋,Discard the ruined ice cream first.,en-US
通关奖励,Stage Clear Rewards,en-US
クリア報酬,Stage Clear Rewards,en-US
클리어 보상,Stage Clear Rewards,en-US
過關獎勵,Stage Clear Rewards,en-US
通过前置关卡解锁,Clear the prerequisite island to unlock,en-US
前提ステージクリアで解放,Clear the prerequisite island to unlock,en-US
이전 난이도 클리어 시 오픈,Clear the prerequisite island to unlock,en-US
通過前置關卡後解鎖,Clear the prerequisite island to unlock,en-US
未完成前置关卡,Prerequisite island not completed,en-US
前提ステージ未クリア,Prerequisite island not completed,en-US
이전 스테이지 미완료,Prerequisite island not completed,en-US
未完成前置關卡,Prerequisite island not completed,en-US
任务目标,Mission Target,en-US
ミッション目標,Mission Target,en-US
임무 목표,Mission Target,en-US
任務目標,Mission Target,en-US
最高连击数量,Max Combo,en-US
最大コンボ数,Max Combo,en-US
최고 콤보 수,Max Combo,en-US
最高連擊數量,Max Combo,en-US
最高分,Highest Score,en-US
최고 점수,Highest Score,en-US
下一岛,Next Island,en-US
次の島へ,Next Island,en-US
다음 섬,Next Island,en-US
下一島,Next Island,en-US
开始营业,Open,en-US
営業開始,Open,en-US
영업 시작,Open,en-US
開始營業,Open,en-US
出張、オアシス キッチンカー,Cooling Supply Station,en-US
确定要重新开业吗?,Are you sure you want to reopen?,en-US
最初から営業をやり直しますか？,Are you sure you want to reopen?,en-US
새로 영업을 시작하겠습니까?,Are you sure you want to reopen?,en-US
確定重新開始營業嗎？,Are you sure you want to reopen?,en-US
目标：{0},Target: {0},en-US
目標：{0},Target: {0},en-US
목표: {0},Target: {0},en-US
生意大兴隆,Booming Business,en-US
商売繁盛！,Booming Business,en-US
영업 대성공,Booming Business,en-US
生意大興隆,Booming Business,en-US
{0}后开启,Available in {0},en-US
{0}後に解放,Available in {0},en-US
{0}後開啟,Available in {0},en-US
时,V,en-US
時,V,en-US
编队中,Deployed,en-US
編成中,Deployed,en-US
팀 편성 중,Deployed,en-US
編隊中,Deployed,en-US
{0}：{1},{0}: {1},en-US
{0}:{1},{0}: {1},en-US
词缀,Modifier,en-US
ステージ効果,Modifier,en-US
부가 속성,Modifier,en-US
詞綴,Modifier,en-US
もう一度,Restart,en-US
自动过层中,Auto-Proceed,en-US
階層移動中,Auto-Proceed,en-US
自動過關中,Auto-Proceed,en-US
自动过层中 {0}s,Auto-proceed in {0}s,en-US
階層移動中 {0}s,Auto-proceed in {0}s,en-US
자동 진행 {0}s,Auto-proceed in {0}s,en-US
自動過關中 {0}秒,Auto-proceed in {0}s,en-US
挑战层数,Challenge,en-US
挑戦階層数,Challenge,en-US
도전 층수,Challenge,en-US
挑戰層數,Challenge,en-US
通关时间,Clear Time,en-US
クリア時間,Clear Time,en-US
클리어 시간,Clear Time,en-US
過關時間,Clear Time,en-US
突发,Dynamic,en-US
速報,Dynamic,en-US
돌발,Dynamic,en-US
突發,Dynamic,en-US
每日,Daily,en-US
デイリー,Daily,en-US
매일,Daily,en-US
快讯,Urgent,en-US
ニュース,Urgent,en-US
속보,Urgent,en-US
快訊,Urgent,en-US
完成前置难度擂台后解锁,Complete prerequisite difficulty arena to unlock,en-US
一つ前の難易度をクリアで解放,Complete prerequisite difficulty arena to unlock,en-US
이전 난이도 클리어 시 오픈,Complete prerequisite difficulty arena to unlock,en-US
完成前置難度擂台後解鎖,Complete prerequisite difficulty arena to unlock,en-US
擂台等级,Arena Level,en-US
リングレベル,Arena Level,en-US
아레나 레벨,Arena Level,en-US
擂台等級,Arena Level,en-US
等级预览,Level Overview,en-US
レベルプレビュー,Level Overview,en-US
등급 미리 보기,Level Overview,en-US
等級預覽,Level Overview,en-US
已到达最高等级,Level Max!,en-US
最大レベルに達しています,Level Max!,en-US
최고 레벨 달성,Level Max!,en-US
已達到最高等級,Level Max!,en-US
无法使用,Unable to use,en-US
使用できません,Unable to use,en-US
사용 불가,Unable to use,en-US
無法使用,Unable to use,en-US
队伍不满足进入关卡条件,Squad does not satisfy the requirements to enter the stage,en-US
ステージの入場制限を満たしていません,Squad does not satisfy the requirements to enter the stage,en-US
팀이 스테이지 입장 조건을 충족하지 않습니다,Squad does not satisfy the requirements to enter the stage,en-US
隊伍未符合進入關卡條件,Squad does not satisfy the requirements to enter the stage,en-US
擂台等级达到{0},Reach Arena Lv. {0},en-US
リングレベルが{0}に到達する,Reach Arena Lv. {0},en-US
아레나 레벨 {0} 달성,Reach Arena Lv. {0},en-US
擂台等級達到{0},Reach Arena Lv. {0},en-US
:主控旅人为{0}旅人方可入场,: Enter with {0} Main Trekker,en-US
：主力巡遊者は{0}限定,: Enter with {0} Main Trekker,en-US
: 메인 여행가가 {0} 여행가여야 입장할 수 있습니다,: Enter with {0} Main Trekker,en-US
：主控旅人為{0}旅人方可入場,: Enter with {0} Main Trekker,en-US
:旅人属性为{0}的数量不小于{1},: {0} Trekkers ≥ {1} in the squad,en-US
：{0}属性の巡遊者の数が{1}以上,: {0} Trekkers ≥ {1} in the squad,en-US
: {0} 속성의 여행가가 {1}명 이상이어야 합니다,: {0} Trekkers ≥ {1} in the squad,en-US
：旅人屬性為{0}的人數不少於{1},: {0} Trekkers ≥ {1} in the squad,en-US
:旅人属性为{0}的数量不大于{1},: {0} Trekkers ≤ {1} in the squad,en-US
：{0}属性の巡遊者の数が{1}以下,: {0} Trekkers ≤ {1} in the squad,en-US
: {0} 속성의 여행가가 {1}명 이하여야 합니다,: {0} Trekkers ≤ {1} in the squad,en-US
：旅人屬性為{0}的人數不多於{1},: {0} Trekkers ≤ {1} in the squad,en-US
任意{0}座擂台通关总层数达到{1},Clear a total of {1} floors in {0} types,en-US
任意の{0}つのリングのクリア階層数が合計{1}に達する,Clear a total of {1} floors in {0} types,en-US
임의의 아레나 {0}개 총 클리어 층수 {1} 달성,Clear a total of {1} floors in {0} types,en-US
任意{0}座擂台過關總層數達到{1},Clear a total of {1} floors in {0} types,en-US
通关无尽塔关卡{0},Clear Infinite Tower stage {0},en-US
無限リングのステージ{0}をクリア,Clear Infinite Tower stage {0},en-US
무한의 탑 스테이지 {0} 클리어,Clear Infinite Tower stage {0},en-US
通過無盡塔關卡{0},Clear Infinite Tower stage {0},en-US
累计通关总层数达到{0},Clear a total of {0} arenas,en-US
クリアした合計階層数が{0}に達する,Clear a total of {0} arenas,en-US
누적 클리어 층수 {0} 달성,Clear a total of {0} arenas,en-US
累計過關總層數達到{0},Clear a total of {0} arenas,en-US
当前等级,Current Level,en-US
現在のレベル,Current Level,en-US
현재 레벨,Current Level,en-US
目前等級,Current Level,en-US
每日悬赏,Daily Prizes,en-US
デイリー懸賞,Daily Prizes,en-US
일일 보상,Daily Prizes,en-US
每日懸賞,Daily Prizes,en-US
每日悬赏提升,Daily Prizes +,en-US
デイリー懸賞増量,Daily Prizes +,en-US
일일 보상 증가,Daily Prizes +,en-US
每日懸賞增加,Daily Prizes +,en-US
难度选择,Select Difficulty,en-US
難易度選択,Select Difficulty,en-US
난이도 선택,Select Difficulty,en-US
難度選擇,Select Difficulty,en-US
-未开放-,-Not available-,en-US
-未解放-,-Not available-,en-US
-미오픈-,-Not available-,en-US
-未開放-,-Not available-,en-US
暂无,None,en-US
暫無,None,en-US
领取赏金,Claim Bounty,en-US
賞金を受け取る,Claim Bounty,en-US
보상 획득,Claim Bounty,en-US
領取賞金,Claim Bounty,en-US
暂无可领取赏金,No bounties to claim,en-US
受け取れる賞金がありません,No bounties to claim,en-US
획득 가능한 현상금이 없습니다,No bounties to claim,en-US
暫無可領取賞金,No bounties to claim,en-US
今日赏金已领取，明天再来,Already claimed today's bounty. Come back tomorrow,en-US
本日の賞金は受取済みです。,Already claimed today's bounty. Come back tomorrow,en-US
오늘 보상을 획득했습니다. 내일 다시 오세요.,Already claimed today's bounty. Come back tomorrow,en-US
今日已領取賞金，請明天再來,Already claimed today's bounty. Come back tomorrow,en-US
-未完成前置擂台挑战-,-Prerequisite Arena Challenge Incomplete-,en-US
-開放条件未達成-,-Prerequisite Arena Challenge Incomplete-,en-US
-이전 난이도 아레나 미완료-,-Prerequisite Arena Challenge Incomplete-,en-US
-未完成前置擂台挑戰-,-Prerequisite Arena Challenge Incomplete-,en-US
层,F,en-US
階層,F,en-US
층,F,en-US
層,F,en-US
限制入场,Limit,en-US
入場制限,Limit,en-US
입장 제한,Limit,en-US
限制入場,Limit,en-US
通关{0}解锁,Clear {0} to unlock,en-US
{0}をクリアすると解放,Clear {0} to unlock,en-US
未处于开放时间,Not available at this time,en-US
解放時間外です,Not available at this time,en-US
오픈 시간이 아닙니다,Not available at this time,en-US
非開放時間,Not available at this time,en-US
{0}尚未解锁,{0} is locked,en-US
{0}は未解放です,{0} is locked,en-US
{0} 미오픈,{0} is locked,en-US
{0}尚未解鎖,{0} is locked,en-US
通关前置关卡后解锁,Clear prerequisite stage to unlock,en-US
前提ステージクリア後に解放,Clear prerequisite stage to unlock,en-US
이전 난이도 클리어 시 오픈,Clear prerequisite stage to unlock,en-US
通過前置關卡後解鎖,Clear prerequisite stage to unlock,en-US
权限等级不足，无法进入,Insufficient Authorization Level. Unable to enter,en-US
権限レベルが不足しています,Insufficient Authorization Level. Unable to enter,en-US
권한 레벨이 부족하여 입장할 수 없습니다,Insufficient Authorization Level. Unable to enter,en-US
權限等級不足，無法進入,Insufficient Authorization Level. Unable to enter,en-US
第{0}擂,Arena {0},en-US
第{0}階層,Arena {0},en-US
{0}아레나,Arena {0},en-US
第{0}擂台,Arena {0},en-US
第 {0} 擂,Arena {0},en-US
{0} 아레나,Arena {0},en-US
剩余怪物,Enemies to Eliminate,en-US
残りの敵,Enemies to Eliminate,en-US
남은 몬스터,Enemies to Eliminate,en-US
剩餘敵人,Enemies to Eliminate,en-US
怪物预览,Monster Overview,en-US
敵情報,Monster Overview,en-US
몬스터 미리 보기,Monster Overview,en-US
怪物預覽,Monster Overview,en-US
无尽塔,Infinite Tower,en-US
無限リング,Infinite Tower,en-US
무한의 탑,Infinite Tower,en-US
無盡塔,Infinite Tower,en-US
进入下一层,Next Arena,en-US
次の階層へ,Next Arena,en-US
다음 층 입장,Next Arena,en-US
進入下一層,Next Arena,en-US
下层信息,Next Arena Info,en-US
次の階層情報,Next Arena Info,en-US
다음 층 정보,Next Arena Info,en-US
下一層資訊,Next Arena Info,en-US
该擂台暂时未开放,This Arena is not available,en-US
このリングは未解放です,This Arena is not available,en-US
해당 아레나는 오픈되지 않았습니다,This Arena is not available,en-US
此擂台暫未開放,This Arena is not available,en-US
已通过,Cleared,en-US
クリア済み,Cleared,en-US
클리어,Cleared,en-US
已通過,Cleared,en-US
-已通关-,-Cleared-,en-US
-クリア済み-,-Cleared-,en-US
-클리어-,-Cleared-,en-US
-已過關-,-Cleared-,en-US
剧情入口,Story Entrance,en-US
ストーリー入口,Story Entrance,en-US
스토리 진입,Story Entrance,en-US
劇情入口,Story Entrance,en-US
剧情回顾,Story Revisit,en-US
過去回想,Story Revisit,en-US
스토리 회상,Story Revisit,en-US
劇情回顧,Story Revisit,en-US
晋级条件,Promotion Requirements,en-US
昇格条件,Promotion Requirements,en-US
승급 조건,Promotion Requirements,en-US
晉級條件,Promotion Requirements,en-US
退 出,Quit,en-US
그만두기,Quit,en-US
推荐,Rec.,en-US
おすすめ,Rec.,en-US
추천,Rec.,en-US
推薦,Rec.,en-US
推荐纪录,Rec. Record,en-US
おすすめ 記録,Rec. Record,en-US
추천 기록,Rec. Record,en-US
推薦紀錄,Rec. Record,en-US
推荐等级,Rec. Level,en-US
おすすめ レベル,Rec. Level,en-US
추천 레벨,Rec. Level,en-US
推薦等級,Rec. Level,en-US
現在受取可能な報酬はありません,No rewards to claim,en-US
特殊挑战,Special Challenge,en-US
スペシャルチャレンジ,Special Challenge,en-US
스페셜 도전,Special Challenge,en-US
特殊挑戰,Special Challenge,en-US
特殊挑战{0},Special Challenge {0},en-US
スペシャルチャレンジ{0},Special Challenge {0},en-US
스페셜 도전 {0},Special Challenge {0},en-US
特殊挑戰{0},Special Challenge {0},en-US
限定时间内消灭所有敌人,Eliminate all enemies within the time limit,en-US
制限時間内にすべての敵を倒す,Eliminate all enemies within the time limit,en-US
제한 시간 내에 모든 적을 처치하세요,Eliminate all enemies within the time limit,en-US
在限定時間內殲滅所有敵人,Eliminate all enemies within the time limit,en-US
今日不再提示,Do not show again today,en-US
今日は表示しない,Do not show again today,en-US
오늘 다시 보지 않기,Do not show again today,en-US
今日不再提醒,Do not show again today,en-US
心危擂台赛正式开幕，击败对手赢走奖金,Menace Arena is officially here. Defeat your opponent to take the prize,en-US
無限リングの試合が開幕しました。相手を倒して賞金を勝ち取りましょう,Menace Arena is officially here. Defeat your opponent to take the prize,en-US
혼돈의 아레나가 시작되었습니다. 적을 쓰러뜨리고 상금을 차지하세요.,Menace Arena is officially here. Defeat your opponent to take the prize,en-US
心危擂台賽正式開幕，擊敗對手贏得獎金,Menace Arena is officially here. Defeat your opponent to take the prize,en-US
本赛事由NOVATV独家冠名播出,The event is brought to you exclusively by NOVATV,en-US
この試合は、NOVATVによる独占放送です,The event is brought to you exclusively by NOVATV,en-US
본 경기는 NOVA TV에서 독점 중계합니다.,The event is brought to you exclusively by NOVATV,en-US
本賽事由NOVA TV獨家冠名播出,The event is brought to you exclusively by NOVATV,en-US
通关,Clear,en-US
クリア,Clear,en-US
클리어,Clear,en-US
過關,Clear,en-US
难度%s,D%s,en-US
難易度%s,D%s,en-US
난이도 %s,D%s,en-US
難度%s,D%s,en-US
难度%s 第%s擂,Difficulty %s - Arena %s,en-US
難易度%s 第%s階層,Difficulty %s - Arena %s,en-US
난이도%s %s아레나,Difficulty %s - Arena %s,en-US
難度%s 第%s擂,Difficulty %s - Arena %s,en-US
%s小时后开放,Opens in %sh,en-US
%s時間後開放,Opens in %sh,en-US
%s시간 후 오픈,Opens in %sh,en-US
%s小時後開放,Opens in %sh,en-US
%s分钟后开放,Opens in %sm,en-US
%s分後開放,Opens in %sm,en-US
%s분 후 오픈,Opens in %sm,en-US
%s分鐘後開放,Opens in %sm,en-US
全天开放,Always Open,en-US
常時開放,Always Open,en-US
상시 오픈,Always Open,en-US
全天開放,Always Open,en-US
每周一，周四，周日开放,"Opens on Mon, Thu, Sun",en-US
月・木・日曜日5時に開放,"Opens on Mon, Thu, Sun",en-US
"매주 월, 목, 일 오픈","Opens on Mon, Thu, Sun",en-US
每週一、週四、週日開放,"Opens on Mon, Thu, Sun",en-US
每周二，周五，周日开放,"Opens on Tue, Fri, Sun",en-US
火・金・日曜日5時に開放,"Opens on Tue, Fri, Sun",en-US
"매주 화, 금, 일 오픈","Opens on Tue, Fri, Sun",en-US
每週二、週五、週日開放,"Opens on Tue, Fri, Sun",en-US
每周三，周六，周日开放,"Opens on Wed, Sat, Sun",en-US
水・土・日曜日5時に開放,"Opens on Wed, Sat, Sun",en-US
"매주 수, 토, 일 오픈","Opens on Wed, Sat, Sun",en-US
每週三、週六、週日開放,"Opens on Wed, Sat, Sun",en-US
%s秒后开放,Opens in %ss,en-US
%s秒後開放,Opens in %ss,en-US
%s초 후 오픈,Opens in %ss,en-US
史诗,Epic,en-US
虹色,Epic,en-US
레전더리,Epic,en-US
史詩,Epic,en-US
精英,Elite,en-US
金色,Elite,en-US
유니크,Elite,en-US
菁英,Elite,en-US
青色,Rare,en-US
优秀,Fine,en-US
緑色,Fine,en-US
레어,Fine,en-US
優秀,Fine,en-US
通常,Normal,en-US
资源,Resource,en-US
資源,Resource,en-US
자원,Resource,en-US
秘纹强化素材,Disc Enhancement Material,en-US
ロスレコ強化素材,Disc Enhancement Material,en-US
레코드 강화 재료,Disc Enhancement Material,en-US
祕紋強化材料,Disc Enhancement Material,en-US
秘纹升阶素材,Disc Tier-Up Material,en-US
ロスレコ昇格素材,Disc Tier-Up Material,en-US
레코드 승급 재료,Disc Tier-Up Material,en-US
祕紋升階材料,Disc Tier-Up Material,en-US
补给箱,Supply Box,en-US
補給箱,Supply Box,en-US
보급 상자,Supply Box,en-US
技能音符,Skill Musical Note,en-US
スキル音符,Skill Musical Note,en-US
스킬 소리,Skill Musical Note,en-US
道具,Item,en-US
アイテム,Item,en-US
아이템,Item,en-US
旅人能力升级素材,Trekker Skills Upgrade Material,en-US
巡遊者のスキル強化素材,Trekker Skills Upgrade Material,en-US
여행가 스킬 레벨업 재료,Trekker Skills Upgrade Material,en-US
旅人能力升級材料,Trekker Skills Upgrade Material,en-US
旅人升阶素材,Trekker Tier-Up Material,en-US
巡遊者昇格素材,Trekker Tier-Up Material,en-US
여행가 승급 재료,Trekker Tier-Up Material,en-US
旅人升階材料,Trekker Tier-Up Material,en-US
月卡,Monthly Card,en-US
星巡り定期券,Monthly Card,en-US
먼슬리카드,Monthly Card,en-US
干劲道具,Vigor Item,en-US
やる気アイテム,Vigor Item,en-US
활력 아이템,Vigor Item,en-US
活力道具,Vigor Item,en-US
素材自选包,Material Choice Pack,en-US
素材選択箱,Material Choice Pack,en-US
재료 선택 패키지,Material Choice Pack,en-US
材料自選包,Material Choice Pack,en-US
秘纹自选包,Disc Choice Pack,en-US
ロスレコ選択箱,Disc Choice Pack,en-US
레코드 선택 패키지,Disc Choice Pack,en-US
祕紋自選包,Disc Choice Pack,en-US
随机掉落包,Random Drop Bag,en-US
抽選ドロップ箱,Random Drop Bag,en-US
랜덤 드랍팩,Random Drop Bag,en-US
隨機掉落包,Random Drop Bag,en-US
纹章素材,Emblem Material,en-US
徽章素材,Emblem Material,en-US
배지 재료,Emblem Material,en-US
紋章素材,Emblem Material,en-US
装备经验素材,Equipment EXP Material,en-US
装備経験値素材,Equipment EXP Material,en-US
장비 경험치 재료,Equipment EXP Material,en-US
裝備經驗材料,Equipment EXP Material,en-US
音符,Musical Note,en-US
소리,Musical Note,en-US
秘纹突破素材,Disc Crescendo Material,en-US
ロスレコ突破素材,Disc Crescendo Material,en-US
레코드 돌파 재료,Disc Crescendo Material,en-US
祕紋突破材料,Disc Crescendo Material,en-US
旅人自选包,Trekker Choice Pack,en-US
巡遊者選択箱,Trekker Choice Pack,en-US
여행가 선택 패키지,Trekker Choice Pack,en-US
旅人自選包,Trekker Choice Pack,en-US
个人头像,Avatar,en-US
個人アイコン,Avatar,en-US
개인 프로필,Avatar,en-US
個人大頭貼,Avatar,en-US
旅人形象,Trekker Appearance,en-US
巡遊者イメージ,Trekker Appearance,en-US
여행가 이미지,Trekker Appearance,en-US
纪录,Records,en-US
記録,Records,en-US
기록,Records,en-US
紀錄,Records,en-US
权限等级经验,Authorization Level EXP,en-US
権限レベル経験値,Authorization Level EXP,en-US
권한 레벨 경험치,Authorization Level EXP,en-US
權限等級經驗,Authorization Level EXP,en-US
旅人心钥,Trekker Soul Key,en-US
心相の欠片,Trekker Soul Key,en-US
여행가 심상 결정,Trekker Soul Key,en-US
旅人心鑰,Trekker Soul Key,en-US
星塔门票,Monolith Ticket,en-US
星ノ塔チケット,Monolith Ticket,en-US
별의 탑 입장권,Monolith Ticket,en-US
星塔門票,Monolith Ticket,en-US
天赋强化素材,Talent Enhancement Material,en-US
心相強化素材,Talent Enhancement Material,en-US
특성 강화 재료,Talent Enhancement Material,en-US
天賦強化材料,Talent Enhancement Material,en-US
自选包预览,Choice Pack Preview,en-US
選択箱 プレビュー,Choice Pack Preview,en-US
선택 패키지 미리보기,Choice Pack Preview,en-US
自選包預覽,Choice Pack Preview,en-US
持有: {0},Owned: {0},en-US
秘纹自选包预览,Disc Choice Pack Preview,en-US
ロスレコ選択箱プレビュー,Disc Choice Pack Preview,en-US
레코드 선택 패키지 미리보기,Disc Choice Pack Preview,en-US
祕紋自選包預覽,Disc Choice Pack Preview,en-US
随机包预览,Random Bag Preview,en-US
抽選箱 プレビュー,Random Bag Preview,en-US
랜덤 패키지 미리보기,Random Bag Preview,en-US
隨機包預覽,Random Bag Preview,en-US
获取途径,Obtain From,en-US
入手ルート,Obtain From,en-US
획득 경로,Obtain From,en-US
取得方式,Obtain From,en-US
部分道具已过期,Some of your items have expired,en-US
一部のアイテムが期限切れとなりました,Some of your items have expired,en-US
일부 아이템이 기간 만료되었습니다.,Some of your items have expired,en-US
部分道具已過期,Some of your items have expired,en-US
额外掉落,Extra Loots,en-US
ボーナス,Extra Loots,en-US
추가 보상,Extra Loots,en-US
額外掉落,Extra Loots,en-US
日语配音:,Japanese Voiceover:.,en-US
CV：,Japanese Voiceover:.,en-US
일본어 더빙:,Japanese Voiceover:.,en-US
日語配音:,Japanese Voiceover:.,en-US
剧情信息,Story Info,en-US
ストーリー情報,Story Info,en-US
스토리 정보,Story Info,en-US
劇情資訊,Story Info,en-US
挑战已结束,*****,en-US
挑战截止：{0},Challenge ends in: {0},en-US
挑戦終了まで：{0},Challenge ends in: {0},en-US
도전 종료까지: {0},Challenge ends in: {0},en-US
挑戰截止：{0},Challenge ends in: {0},en-US
活动关闭,Event Closed,en-US
イベント終了,Event Closed,en-US
이벤트 종료,Event Closed,en-US
活動關閉,Event Closed,en-US
活动关闭：{0},Event closes in: {0},en-US
イベント終了まで：{0},Event closes in: {0},en-US
이벤트 종료: {0},Event closes in: {0},en-US
活動關閉：{0},Event closes in: {0},en-US
等待开始,Coming Soon,en-US
まもなく開催,Coming Soon,en-US
오픈 대기 중,Coming Soon,en-US
等待開始,Coming Soon,en-US
开启倒计时：{0},Event starts in: {0},en-US
開催まであと：{0},Event starts in: {0},en-US
오픈까지: {0},Event starts in: {0},en-US
開放倒數計時：{0},Event starts in: {0},en-US
请等待活动开始,Please wait for the event to start,en-US
イベント開催までお待ちください,Please wait for the event to start,en-US
이벤트 오픈을 기다려 주세요.,Please wait for the event to start,en-US
請等待活動開始,Please wait for the event to start,en-US
挑战时限,Time Limit,en-US
挑戦の制限時間,Time Limit,en-US
도전 시간 제한,Time Limit,en-US
挑戰時限,Time Limit,en-US
继续战斗,Continue,en-US
戦闘継続,Continue,en-US
계속 전투하기,Continue,en-US
繼續戰鬥,Continue,en-US
难度评分,Difficulty Rating,en-US
難易度,Difficulty Rating,en-US
난이도 평점,Difficulty Rating,en-US
難度評分,Difficulty Rating,en-US
諦める,Give Up,en-US
是否放弃本场战斗？ 挑战时间剩余{0},Quit this battle? Remaining challenge time: {0},en-US
戦闘を諦めますか？ （戦闘可能回数は消費されます） 挑戦の制限時間{0},Quit this battle? Remaining challenge time: {0},en-US
이번 전투를 포기하시겠습니까? 남은 도전 시간 {0},Quit this battle? Remaining challenge time: {0},en-US
是否放棄本場戰鬥？ 挑戰時間剩餘{0},Quit this battle? Remaining challenge time: {0},en-US
伤害评分,DMG Rating,en-US
ダメージ,DMG Rating,en-US
피해 평점,DMG Rating,en-US
傷害評分,DMG Rating,en-US
第{0}阶段,Stage {0},en-US
第{0}段階,Stage {0},en-US
{0}단계,Stage {0},en-US
第{0}階段,Stage {0},en-US
重开战斗,Restart Battle,en-US
リトライ,Restart Battle,en-US
전투 다시 시작,Restart Battle,en-US
重新戰鬥,Restart Battle,en-US
是否重新开始本场战斗？ 挑战时间剩余{0},Restart this match? Remaining challenge time: {0},en-US
戦闘をやり直しますか？ 挑戦の制限時間{0},Restart this match? Remaining challenge time: {0},en-US
이번 전투를 다시 시작하시겠습니까? 남은 도전 시간 {0},Restart this match? Remaining challenge time: {0},en-US
是否重新開始本場戰鬥？ 挑戰時間剩餘{0},Restart this match? Remaining challenge time: {0},en-US
最终积分,Final Score,en-US
獲得ポイント,Final Score,en-US
최종 점수,Final Score,en-US
最終積分,Final Score,en-US
挑战时限内可再次出战,You can challenge again within the time limit.,en-US
制限時間内なら、再度挑戦することができます,You can challenge again within the time limit.,en-US
도전 시간 제한 내에 다시 출전할 수 있습니다.,You can challenge again within the time limit.,en-US
挑戰時限內可再次出戰,You can challenge again within the time limit.,en-US
撤退,Retreat,en-US
나가기,Retreat,en-US
一,1,en-US
二,2,en-US
三,3,en-US
四,4,en-US
五,5,en-US
六,6,en-US
用时评分,Time Rating,en-US
タイム,Time Rating,en-US
클리어 시간 평점,Time Rating,en-US
耗時評分,Time Rating,en-US
本场战斗剩余时间,Remaining Time,en-US
戦闘残り時間,Remaining Time,en-US
이번 전투 남은 시간,Remaining Time,en-US
本場戰鬥剩餘時間,Remaining Time,en-US
首领机制,Boss Mechanics,en-US
敵スキル,Boss Mechanics,en-US
보스 시스템,Boss Mechanics,en-US
首領機制,Boss Mechanics,en-US
已讨伐,Cleared,en-US
討伐済み,Cleared,en-US
토벌 완료,Cleared,en-US
已討伐,Cleared,en-US
继续挑战,Continue,en-US
続ける,Continue,en-US
계속 도전,Continue,en-US
繼續挑戰,Continue,en-US
排行榜,Leaderboard,en-US
ランキング,Leaderboard,en-US
랭킹,Leaderboard,en-US
奖励,Rewards,en-US
報酬,Rewards,en-US
보상,Rewards,en-US
獎勵,Rewards,en-US
商店,Shop,en-US
ショップ,Shop,en-US
상점,Shop,en-US
开始挑战,Start Challenge,en-US
挑戦開始,Start Challenge,en-US
도전 시작,Start Challenge,en-US
開始挑戰,Start Challenge,en-US
速通,Express,en-US
掃討,Express,en-US
빠른 클리어,Express,en-US
模拟战,Simulation,en-US
模擬戦,Simulation,en-US
연습 전투,Simulation,en-US
模擬戰,Simulation,en-US
终止挑战,End Challenge,en-US
挑戦終了,End Challenge,en-US
도전 종료,End Challenge,en-US
終止挑戰,End Challenge,en-US
旅人重复,Trekker Duplicate,en-US
巡遊者重複,Trekker Duplicate,en-US
여행가 중복,Trekker Duplicate,en-US
旅人重複,Trekker Duplicate,en-US
ダメージ,DMG Dealt,en-US
第{0}行动队,Squad {0},en-US
第{0}チーム,Squad {0},en-US
{0}번 작전팀,Squad {0},en-US
第{0}行動隊,Squad {0},en-US
队伍推荐,Squad Recommendation,en-US
おすすめチーム,Squad Recommendation,en-US
팀 추천,Squad Recommendation,en-US
隊伍推薦,Squad Recommendation,en-US
终焉绝响中，同一名旅人不可重复出战,The same Trekker cannot be deployed twice in A Finale Echoing.,en-US
同じ巡遊者を含む記録は、重複して使用できません。,The same Trekker cannot be deployed twice in A Finale Echoing.,en-US
종언의 노래에서 동일한 여행가가 중복하여 출전할 수 없습니다.,The same Trekker cannot be deployed twice in A Finale Echoing.,en-US
終焉絕響中，同一名旅人不得重複出戰,The same Trekker cannot be deployed twice in A Finale Echoing.,en-US
作战完成队伍,Battle-Completed Squad,en-US
作戦参加済みチーム,Battle-Completed Squad,en-US
작전 완료 팀,Battle-Completed Squad,en-US
作戰完成隊伍,Battle-Completed Squad,en-US
战斗用时 {0},Battle Time: {0},en-US
戦闘時間 {0},Battle Time: {0},en-US
전투 클리어 시간 {0},Battle Time: {0},en-US
戰鬥時間{0},Battle Time: {0},en-US
编队已使用,Squad already deployed,en-US
作戦参加済み,Squad already deployed,en-US
사용한 팀,Squad already deployed,en-US
編隊已使用,Squad already deployed,en-US
剩余队伍：{0},Remaining Squads: {0},en-US
残りのチーム：{0},Remaining Squads: {0},en-US
남은 팀: {0},Remaining Squads: {0},en-US
剩餘隊伍：{0},Remaining Squads: {0},en-US
挑战已结束,Challenge Ended,en-US
挑戦が終了しました,Challenge Ended,en-US
도전 종료,Challenge Ended,en-US
挑戰已結束,Challenge Ended,en-US
当前存在尚未结算的战斗,There is an ongoing battle,en-US
進行中の挑戦があります,There is an ongoing battle,en-US
아직 정산되지 않은 전투가 남아있습니다.,There is an ongoing battle,en-US
目前有尚未結算的戰鬥,There is an ongoing battle,en-US
决战号令：{0}/{1},Showdown Decree: {0}/{1},en-US
決戦指令書：{0}/{1},Showdown Decree: {0}/{1},en-US
결전 명령: {0}/{1},Showdown Decree: {0}/{1},en-US
決戰號令：{0}/{1},Showdown Decree: {0}/{1},en-US
挑战超时,Challenge Timed Out,en-US
時間切れ,Challenge Timed Out,en-US
도전 시간 초과,Challenge Timed Out,en-US
挑戰逾時,Challenge Timed Out,en-US
{0} 天 {1} 小时,{0}d {1}h,en-US
{0} 小时 {1} 分,{0}h {1}m,en-US
{0} 時間 {1} 分,{0}h {1}m,en-US
{0} 分 {1} 秒,{0}m {1}s,en-US
{0} 秒,{0}s,en-US
挑战时限：{0},Challenge Time Limit: {0},en-US
挑戦の制限時間：{0},Challenge Time Limit: {0},en-US
도전 시간 제한: {0},Challenge Time Limit: {0},en-US
挑戰時限：{0},Challenge Time Limit: {0},en-US
挑战截止,Ends in:,en-US
挑戦終了まで,Ends in:,en-US
도전 종료까지:,Ends in:,en-US
挑戰截止,Ends in:,en-US
初級,Normal,en-US
中級,Hard,en-US
超难,Extra Hard,en-US
上級,Extra Hard,en-US
초월,Extra Hard,en-US
超困難,Extra Hard,en-US
终焉,Ultimate,en-US
終焉,Ultimate,en-US
종언,Ultimate,en-US
超越,Beyond,en-US
再臨,Beyond,en-US
익스트림,Beyond,en-US
无序,Chaotic,en-US
理外,Chaotic,en-US
무질서,Chaotic,en-US
無序,Chaotic,en-US
难易度选择,Select Difficulty,en-US
进入剧情,Enter Story,en-US
ストーリー開始,Enter Story,en-US
스토리 입장,Enter Story,en-US
進入劇情,Enter Story,en-US
消耗{0}{1}进行快速战斗直接获取奖励,Use {0} {1} for Quick Battle to immediately claim rewards.,en-US
{0}{1}を消費して掃討すると、報酬をすぐに獲得できます,Use {0} {1} for Quick Battle to immediately claim rewards.,en-US
{0} {1}을 소모하여 빠른 전투를 진행하시고 즉시 보상을 획득하세요.,Use {0} {1} for Quick Battle to immediately claim rewards.,en-US
消耗{0}{1}進行快速戰鬥可直接獲得獎勵,Use {0} {1} for Quick Battle to immediately claim rewards.,en-US
通关此难度后即可快速战斗,Clear this difficulty to use Quick Battle.,en-US
この難易度をクリアすると掃討が解放されます,Clear this difficulty to use Quick Battle.,en-US
해당 난이도를 클리어하면 즉시 빠른 전투를 진행할 수 있습니다.,Clear this difficulty to use Quick Battle.,en-US
通過此難度後即可快速戰鬥,Clear this difficulty to use Quick Battle.,en-US
消耗决战号令进行快速战斗，直接获得奖励,Use Showdown Decree for Quick Battle to immediately claim rewards.,en-US
決戦指令書を消費して掃討すると、報酬をすぐに獲得できます,Use Showdown Decree for Quick Battle to immediately claim rewards.,en-US
결전 명령을 소모하여 빠른 전투를 진행하고 즉시 보상을 획득하세요.,Use Showdown Decree for Quick Battle to immediately claim rewards.,en-US
消耗決戰號令進行快速戰鬥，直接獲得獎勵,Use Showdown Decree for Quick Battle to immediately claim rewards.,en-US
※决战号令无法返还,※Showdown Decrees will not be refunded.,en-US
※決戦指令書は返還されません,※Showdown Decrees will not be refunded.,en-US
※결전 명령은 취소할 수 없습니다.,※Showdown Decrees will not be refunded.,en-US
※決戰號令無法歸還,※Showdown Decrees will not be refunded.,en-US
当前有正在进行的挑战,here is an ongoing challenge,en-US
進行中の挑戦があります,here is an ongoing challenge,en-US
현재 진행 중인 도전이 있습니다.,here is an ongoing challenge,en-US
目前有正在進行的挑戰,here is an ongoing challenge,en-US
通关上一难度后解锁,Clear the previous difficulty level to unlock.,en-US
一つ前の難易度をクリアすると解放されます,Clear the previous difficulty level to unlock.,en-US
이전 난이도 클리어 시 오픈,Clear the previous difficulty level to unlock.,en-US
通過上一個難度後解鎖,Clear the previous difficulty level to unlock.,en-US
新纪录,New Record,en-US
新記録,New Record,en-US
신기록,New Record,en-US
新紀錄,New Record,en-US
战斗场次,Number of Battles,en-US
戦闘回数,Number of Battles,en-US
전투 횟수,Number of Battles,en-US
戰鬥場次,Number of Battles,en-US
战斗总时间,Total Battle Time,en-US
戦闘総時間,Total Battle Time,en-US
총 전투 시간,Total Battle Time,en-US
戰鬥總時間,Total Battle Time,en-US
第{0}队,Squad {0},en-US
{0}팀,Squad {0},en-US
第{0}隊,Squad {0},en-US
评分,Rating,en-US
記録,Rating,en-US
평점,Rating,en-US
評分,Rating,en-US
前{0}%,Top {0}%,en-US
上位{0}%,Top {0}%,en-US
상위 {0}%,Top {0}%,en-US
当前排名,Current Rank,en-US
現在の順位,Current Rank,en-US
현재 랭킹,Current Rank,en-US
目前排名,Current Rank,en-US
暂无排名信息,No Ranking Available,en-US
ランキング情報はありません,No Ranking Available,en-US
랭킹 정보 없음,No Ranking Available,en-US
暫無排名資訊,No Ranking Available,en-US
排行详情,Ranking Details,en-US
ランキング詳細,Ranking Details,en-US
랭킹 상세 정보,Ranking Details,en-US
排行詳情,Ranking Details,en-US
难度等级,Difficulty Level,en-US
難易度,Difficulty Level,en-US
난이도 레벨,Difficulty Level,en-US
難度等級,Difficulty Level,en-US
最高記録,Highest Score,en-US
前{0}%（不含）~{1}%,{0}%< Rank ≤{1}%,en-US
上位{0}%未満～{1}%,{0}%< Rank ≤{1}%,en-US
상위 {0}%(불포함)~{1}%,{0}%< Rank ≤{1}%,en-US
前{0}%（不含）～{1}%,{0}%< Rank ≤{1}%,en-US
前{0}%~{1}%,Top {0}%–{1}%,en-US
上位{0}%~{1}%,Top {0}%–{1}%,en-US
상위 {0}%~{1}%,Top {0}%–{1}%,en-US
低于前{0}%,Below Top {0}%,en-US
上位{0}%未満,Below Top {0}%,en-US
상위 {0}% 미만,Below Top {0}%,en-US
低於前{0}%,Below Top {0}%,en-US
第{0}名,Rank {0},en-US
第{0}位,Rank {0},en-US
{0}위,Rank {0},en-US
{0}位,#{0},en-US
{0}위,#{0},en-US
排名结算 {0},Ranking End Time: {0},en-US
順位集計 {0},Ranking End Time: {0},en-US
랭킹 결산 {0},Ranking End Time: {0},en-US
排名結算{0},Ranking End Time: {0},en-US
排行数据每10分钟刷新一次,Ranking data refreshes every 10 minutes.,en-US
ランキングデータは10分ごとに更新されます,Ranking data refreshes every 10 minutes.,en-US
랭킹 데이터는 10분마다 1회 업데이트됩니다.,Ranking data refreshes every 10 minutes.,en-US
排行資料每10分鐘更新一次,Ranking data refreshes every 10 minutes.,en-US
排行奖励,Ranking Reward,en-US
ランキング報酬,Ranking Reward,en-US
랭킹 보상,Ranking Reward,en-US
排行獎勵,Ranking Reward,en-US
排名积分,Score,en-US
最高記録,Score,en-US
랭킹 포인트,Score,en-US
排名積分,Score,en-US
累计积分,Total Score,en-US
累計ポイント,Total Score,en-US
누적 포인트,Total Score,en-US
累計積分,Total Score,en-US
积分奖励,Score Rewards,en-US
ポイント報酬,Score Rewards,en-US
포인트 보상,Score Rewards,en-US
積分獎勵,Score Rewards,en-US
排名,Ranks,en-US
順位,Ranks,en-US
랭킹,Ranks,en-US
通关队伍,Squad,en-US
クリアチーム,Squad,en-US
클리어 팀,Squad,en-US
過關隊伍,Squad,en-US
昵称,Name,en-US
닉네임,Name,en-US
暱稱,Name,en-US
排行积分,Ranking Score,en-US
ランキングポイント,Ranking Score,en-US
랭킹 포인트,Ranking Score,en-US
排行積分,Ranking Score,en-US
本期累计积分：,Total Event Score:,en-US
今シーズン累計ポイント：,Total Event Score:,en-US
이번 누적 포인트:,Total Event Score:,en-US
本期累計積分：,Total Event Score:,en-US
终焉绝响奖励,A Finale Echoing Rewards,en-US
大討伐作戦報酬,A Finale Echoing Rewards,en-US
종언의 노래 보상,A Finale Echoing Rewards,en-US
終焉絕響獎勵,A Finale Echoing Rewards,en-US
未选择纪录，不可挑战,No Records selected. Cannot challenge.,en-US
記録を選択していないため、挑戦できません,No Records selected. Cannot challenge.,en-US
기록을 선택하지 않아 도전할 수 없습니다.,No Records selected. Cannot challenge.,en-US
未選擇紀錄，無法挑戰,No Records selected. Cannot challenge.,en-US
{0}名,#{0},en-US
第{0}名,#{0},en-US
暂无排名,No Ranking Available,en-US
順位情報はありません,No Ranking Available,en-US
랭킹 없음,No Ranking Available,en-US
暫無排名,No Ranking Available,en-US
暂无排行信息,No ranking info,en-US
ランキング情報はありません,No ranking info,en-US
랭킹 정보 없음,No ranking info,en-US
暫無排行資訊,No ranking info,en-US
决战号令数量不足,Insufficient Showdown Decrees,en-US
決戦指令書が不足しています,Insufficient Showdown Decrees,en-US
결전 명령 수량이 부족합니다.,Insufficient Showdown Decrees,en-US
決戰號令數量不足,Insufficient Showdown Decrees,en-US
决战号令刷新倒计时：{0},Showdown Decree refreshes in: {0},en-US
決戦指令書更新まで：{0},Showdown Decree refreshes in: {0},en-US
결전 명령 갱신 카운트다운: {0},Showdown Decree refreshes in: {0},en-US
決戰號令更新倒數：{0},Showdown Decree refreshes in: {0},en-US
是否跳过开场动画,Skip opening animation?,en-US
スキップしますか？,Skip opening animation?,en-US
오프닝 영상을 스킵하시겠습니까?,Skip opening animation?,en-US
是否跳過開場動畫？,Skip opening animation?,en-US
关卡未解锁,Stage locked,en-US
ステージ未解放です,Stage locked,en-US
스테이지 미오픈,Stage locked,en-US
關卡未解鎖,Stage locked,en-US
震地,Earth Slam,en-US
지진,Earth Slam,en-US
岩锥,Rock Cone,en-US
岩錐,Rock Cone,en-US
암석 송곳,Rock Cone,en-US
沙蚀,Sand Erosion,en-US
砂蝕,Sand Erosion,en-US
모래 침식,Sand Erosion,en-US
沙蝕,Sand Erosion,en-US
流沙,Quicksand,en-US
流砂,Quicksand,en-US
유사,Quicksand,en-US
岩甲,Rock Armor,en-US
암석 갑옷,Rock Armor,en-US
最新推出,Latest Release,en-US
New!!,Latest Release,en-US
최근 진행,Latest Release,en-US
关卡有实体类型超出限制，请检查日志,Physical type exceeding limit in the stage. Please check the log,en-US
ステージに含まれるエンティティ型が制限を超えました。ログをお確かめください,Physical type exceeding limit in the stage. Please check the log,en-US
스테이지에 엔티티 유형이 제한을 초과했습니다. 로그를 확인하세요.,Physical type exceeding limit in the stage. Please check the log,en-US
關卡有實體類型超過限制，請檢查日誌,Physical type exceeding limit in the stage. Please check the log,en-US
星塔研究,Monolith Research,en-US
星ノ塔研究,Monolith Research,en-US
별의 탑 연구,Monolith Research,en-US
星塔事典,Monolith Log,en-US
図鑑,Monolith Log,en-US
별의 탑 사전,Monolith Log,en-US
研究计划,Research Project,en-US
研究計画,Research Project,en-US
별의 탑 계획,Research Project,en-US
研究計畫,Research Project,en-US
纹章试炼,Emblem Trial,en-US
徽章試練,Emblem Trial,en-US
배지 시련,Emblem Trial,en-US
紋章試煉,Emblem Trial,en-US
心危擂台,Menace Arena,en-US
無限リング,Menace Arena,en-US
혼돈의 아레나,Menace Arena,en-US
旅行故事,Travel Story,en-US
ストーリー,Travel Story,en-US
여행 스토리,Travel Story,en-US
晋升试炼,Tier-up Trial,en-US
昇格試練,Tier-up Trial,en-US
승급 시련,Tier-up Trial,en-US
晉升試煉,Tier-up Trial,en-US
悬赏试炼,Bounty Trial,en-US
素材調達,Bounty Trial,en-US
현상 수배 시련,Bounty Trial,en-US
懸賞試煉,Bounty Trial,en-US
旅人晋升,Trekker Promotion,en-US
巡遊者昇格,Trekker Promotion,en-US
여행가 승급,Trekker Promotion,en-US
旅人晉升,Trekker Promotion,en-US
技能升级,Skill Upgrade,en-US
スキル強化,Skill Upgrade,en-US
스킬 레벨업,Skill Upgrade,en-US
技能升級,Skill Upgrade,en-US
基础材料,Basic Material,en-US
基本素材,Basic Material,en-US
기본 재료,Basic Material,en-US
基礎材料,Basic Material,en-US
联合讨伐,Boss Blitz,en-US
指名手配,Boss Blitz,en-US
연합 토벌,Boss Blitz,en-US
聯合討伐,Boss Blitz,en-US
技巧试炼,Skill Trial,en-US
技能研修,Skill Trial,en-US
기술 시련,Skill Trial,en-US
技巧試煉,Skill Trial,en-US
进入星塔,Enter Monolith,en-US
星ノ塔へ,Enter Monolith,en-US
별의 탑 들어가기,Enter Monolith,en-US
進入星塔,Enter Monolith,en-US
星塔探索,Ascension,en-US
星ノ塔探索,Ascension,en-US
별의 탑 탐색,Ascension,en-US
基础试炼,Basic Trial,en-US
基礎研修,Basic Trial,en-US
기본 시련,Basic Trial,en-US
基礎試煉,Basic Trial,en-US
猎影合围,Operation: Shadow Siege,en-US
連合大捕物帖,Operation: Shadow Siege,en-US
쉐도우 헌터,Operation: Shadow Siege,en-US
獵影重圍,Operation: Shadow Siege,en-US
巅峰秀场,Summit Show,en-US
巔峰秀場,Summit Show,en-US
灾变防线,Cataclysm Survivor,en-US
骸魔防衛戦,Cataclysm Survivor,en-US
재앙의 전선,Cataclysm Survivor,en-US
災變防線,Cataclysm Survivor,en-US
真格挑战,Proving Grounds,en-US
首領討伐,Proving Grounds,en-US
진리 도전,Proving Grounds,en-US
真格挑戰,Proving Grounds,en-US
権限レベルがLv.{0}に達する,Reach Authorization Lv. {0},en-US
通关前置星塔难度I后解锁,Clear Monolith Difficulty I to unlock,en-US
星ノ塔難易度1をクリアすると解放,Clear Monolith Difficulty I to unlock,en-US
별의 탑 난이도 I 클리어 시 오픈,Clear Monolith Difficulty I to unlock,en-US
通過前置星塔難度I後解鎖,Clear Monolith Difficulty I to unlock,en-US
(大门毫无反应，没有打开的迹象）,(The door is not responding. It doesn't look to be opening),en-US
（正門には何の反応もなく、開く気配もない）,(The door is not responding. It doesn't look to be opening),en-US
"(문은 끄떡도 하지 않고, 열릴 조짐이 보이지 않는다)",(The door is not responding. It doesn't look to be opening),en-US
（大門毫無反應，沒有打開的跡象）,(The door is not responding. It doesn't look to be opening),en-US
关卡信息,Stage Info,en-US
ステージ情報,Stage Info,en-US
스테이지 정보,Stage Info,en-US
關卡資訊,Stage Info,en-US
第{0}期,Season {0},en-US
シーズン{0},Season {0},en-US
시즌{0},Season {0},en-US
关卡详情,Stage Details,en-US
ステージ詳細,Stage Details,en-US
스테이지 상세 정보,Stage Details,en-US
關卡詳情,Stage Details,en-US
光耀,Lucent,en-US
光輝,Lucent,en-US
광휘,Lucent,en-US
落雷,Thunderbolt,en-US
낙뢰,Thunderbolt,en-US
电蚀,Electric Erosion,en-US
電蝕,Electric Erosion,en-US
전해 부식,Electric Erosion,en-US
电网,Electric Net,en-US
電気網,Electric Net,en-US
전기망,Electric Net,en-US
電網,Electric Net,en-US
感电,Shock,en-US
感電,Shock,en-US
감전,Shock,en-US
可领取,Claimable,en-US
受取可能,Claimable,en-US
획득 가능,Claimable,en-US
可領取,Claimable,en-US
明日可领,Tomorrow,en-US
明日受取可能,Tomorrow,en-US
내일 획득 가능,Tomorrow,en-US
明日可領取,Tomorrow,en-US
点击任意位置领取奖励,Select anywhere to claim the reward,en-US
タップして報酬を受け取る,Select anywhere to claim the reward,en-US
아무 곳이나 터치해 보상을 획득하세요,Select anywhere to claim the reward,en-US
點選任意位置領取獎勵,Select anywhere to claim the reward,en-US
点击任意区域进入游戏,Select anywhere to start,en-US
TAP TO START,Select anywhere to start,en-US
아무 곳이나 터치하여 게임에 접속하세요,Select anywhere to start,en-US
點選任意區域進入遊戲,Select anywhere to start,en-US
账号含有屏蔽字,Invalid characters in Account name,en-US
使用できない文字が含まれています,Invalid characters in Account name,en-US
계정에 부적절한 단어가 포함되어 있습니다,Invalid characters in Account name,en-US
帳號含有違禁字詞,Invalid characters in Account name,en-US
修复,Repair,en-US
修復,Repair,en-US
복구,Repair,en-US
是否退出游戏,Exit Game?,en-US
ゲームを終了しますか？,Exit Game?,en-US
게임을 종료하시겠습니까,Exit Game?,en-US
是否退出遊戲？,Exit Game?,en-US
起名,Name,en-US
名前をつける,Name,en-US
이름 짓기,Name,en-US
取名,Name,en-US
为自己起一个好听的名字吧,Give yourself a sound name,en-US
名前を入力してください,Give yourself a sound name,en-US
나만의 근사한 이름을 지어보세요,Give yourself a sound name,en-US
為自己取一個好聽的名字吧,Give yourself a sound name,en-US
客服,Support,en-US
お問い合わせ,Support,en-US
고객센터,Support,en-US
登出,Log Out,en-US
ログアウト,Log Out,en-US
로그아웃,Log Out,en-US
是否登出,Sure to log out?,en-US
ログアウトしますか？,Sure to log out?,en-US
로그아웃하시겠습니까,Sure to log out?,en-US
是否登出？,Sure to log out?,en-US
资源丢失，请修复资源,Some resources are lost. Please repair.,en-US
リソースロストのため、修復を行ってください,Some resources are lost. Please repair.,en-US
일부 리소스를 찾을 수 없습니다. 복구를 진행해 주세요.,Some resources are lost. Please repair.,en-US
資源遺失，請修復資源,Some resources are lost. Please repair.,en-US
Lv,Lv.,en-US
包含{0}个附件,Includes {0} attachments,en-US
添付ファイルが{0}件あります。,Includes {0} attachments,en-US
첨부파일 {0}개 포함,Includes {0} attachments,en-US
含有{0}個附件,Includes {0} attachments,en-US
删 除,Delete,en-US
削除,Delete,en-US
삭 제,Delete,en-US
刪 除,Delete,en-US
暂无任何邮件,Inbox Empty,en-US
メールはありません,Inbox Empty,en-US
우편이 없습니다,Inbox Empty,en-US
暫無任何郵件,Inbox Empty,en-US
{0}天后过期,Expires in {0}d,en-US
有効期限まで{0}日,Expires in {0}d,en-US
{0}일 후 만료,Expires in {0}d,en-US
{0}天後過期,Expires in {0}d,en-US
{0}小时后过期,Expires in {0}h,en-US
有効期限まで{0}時間,Expires in {0}h,en-US
{0}시간 후 만료,Expires in {0}h,en-US
{0}小時後過期,Expires in {0}h,en-US
不足1小时,Less than an hour,en-US
1시간 이내,Less than an hour,en-US
未滿1小時,Less than an hour,en-US
删除已读,Delete Read,en-US
既読を削除,Delete Read,en-US
읽은 우편 삭제,Delete Read,en-US
刪除已讀,Delete Read,en-US
没有可删除的邮件,No mail to delete,en-US
削除可能なメールがありません,No mail to delete,en-US
삭제할 우편이 없습니다,No mail to delete,en-US
沒有可刪除的郵件,No mail to delete,en-US
没有可领取的邮件,No mail to claim,en-US
受け取り可能なメールがありません,No mail to claim,en-US
수령 가능한 우편이 없습니다,No mail to claim,en-US
沒有可領取的郵件,No mail to claim,en-US
领 取,Claim,en-US
획 득,Claim,en-US
領 取,Claim,en-US
来自：,From:,en-US
送信者：,From:,en-US
발신:,From:,en-US
來自：,From:,en-US
填写问卷,Take Survey,en-US
アンケート,Take Survey,en-US
설문 작성,Take Survey,en-US
填寫問卷,Take Survey,en-US
{0}年{1}月{2}日,{0}/{1}/{2},en-US
{0}년 {1}월 {2}일,{0}/{1}/{2},en-US
成功通关,Cleared,en-US
クリア,Cleared,en-US
成功過關,Cleared,en-US
收集全部小宝箱,Collect all Small Treasure Chests,en-US
宝箱（小）をすべて集める,Collect all Small Treasure Chests,en-US
소형 보물 상자를 모두 수집하세요,Collect all Small Treasure Chests,en-US
收集全部小寶箱,Collect all Small Treasure Chests,en-US
收集全部大宝箱,Collect all Large Treasure Chests,en-US
宝箱（大）をすべて集める,Collect all Large Treasure Chests,en-US
대형 보물 상자를 모두 수집하세요,Collect all Large Treasure Chests,en-US
收集全部大寶箱,Collect all Large Treasure Chests,en-US
挑战用时,Challenge Time,en-US
経過時間,Challenge Time,en-US
도전 클리어 시간,Challenge Time,en-US
挑戰時間,Challenge Time,en-US
本关存在可解锁剧情分支的选项,This stage contains options that unlock alternate story paths.,en-US
このストーリーには分岐が存在します,This stage contains options that unlock alternate story paths.,en-US
스토리 방향을 선택할 수 있는 스테이지입니다.,This stage contains options that unlock alternate story paths.,en-US
本關卡包含可解鎖劇情分支的選項,This stage contains options that unlock alternate story paths.,en-US
旅行故事完成{0}{1}解锁,Complete Travel Story {0}{1} to unlock,en-US
ストーリー完了{0}{1}解放,Complete Travel Story {0}{1} to unlock,en-US
여행 스토리 {0}{1} 완료 시 오픈,Complete Travel Story {0}{1} to unlock,en-US
旅行故事完成{0}{1}後解鎖,Complete Travel Story {0}{1} to unlock,en-US
主线进度,Main Story Progress,en-US
ストーリー進捗,Main Story Progress,en-US
메인 스토리 진행도,Main Story Progress,en-US
主線進度,Main Story Progress,en-US
选择章节,Select Chapter,en-US
チャプター選択,Select Chapter,en-US
챕터 선택,Select Chapter,en-US
選擇章節,Select Chapter,en-US
基金,Grant,en-US
事業支援,Grant,en-US
패스,Grant,en-US
합성,Craft,en-US
物资,Supply,en-US
物資,Supply,en-US
물자,Supply,en-US
委托,Commission,en-US
依頼,Commission,en-US
의뢰,Commission,en-US
委託,Commission,en-US
<1小时,<1h,en-US
<1時間,<1h,en-US
<1시간,<1h,en-US
<1小時,<1h,en-US
待办,To-Do,en-US
タスク,To-Do,en-US
알림장,To-Do,en-US
待辦,To-Do,en-US
好友,Friend,en-US
フレンド,Friend,en-US
친구,Friend,en-US
出发,Go,en-US
출발,Go,en-US
出發,Go,en-US
邮件,Mail,en-US
メール,Mail,en-US
우편,Mail,en-US
郵件,Mail,en-US
商城,Shop,en-US
心链,Heartlink,en-US
ココチャ,Heartlink,en-US
하트챗,Heartlink,en-US
心鏈,Heartlink,en-US
预设,Preset,en-US
プリセット,Preset,en-US
프리셋,Preset,en-US
預設,Preset,en-US
ガイド,Tutorial,en-US
招募,Recruit,en-US
ガチャ,Recruit,en-US
모집,Recruit,en-US
营地,Camp,en-US
キャンプ,Camp,en-US
캠프,Camp,en-US
營地,Camp,en-US
采购,Purchase,en-US
調達,Purchase,en-US
구매,Purchase,en-US
採購,Purchase,en-US
显示UI,Display UI,en-US
UI表示,Display UI,en-US
UI 표시,Display UI,en-US
顯示UI,Display UI,en-US
故事,Story,en-US
该关卡为纯avg关卡,This stage is an AVG stage,en-US
このステージはAVGステージです,This stage is an AVG stage,en-US
어드벤처 스테이지입니다,This stage is an AVG stage,en-US
該關卡為純AVG關卡,This stage is an AVG stage,en-US
干劲不足,Insufficient Vigor,en-US
やる気が不足しています,Insufficient Vigor,en-US
활력 부족,Insufficient Vigor,en-US
活力不足,Insufficient Vigor,en-US
编队中至少包含一位旅人才可出战,Requires at least 1 Trekker in the squad to enter,en-US
巡遊者を編成してください,Requires at least 1 Trekker in the squad to enter,en-US
팀에 여행가가 최소 1명 이상 있어야 출전할 수 있습니다,Requires at least 1 Trekker in the squad to enter,en-US
編隊中至少需有一位旅人才可出戰,Requires at least 1 Trekker in the squad to enter,en-US
秘纹编队已满,Disc deployment is full,en-US
ロスレコ編成がいっぱいです,Disc deployment is full,en-US
레코드 팀 편성 한도를 초과했습니다,Disc deployment is full,en-US
祕紋編隊已滿,Disc deployment is full,en-US
空缺,Empty,en-US
空き,Empty,en-US
빈자리,Empty,en-US
未携带秘纹,No Disc equipped,en-US
ロスレコ未装備,No Disc equipped,en-US
편성한 레코드가 없습니다,No Disc equipped,en-US
未攜帶祕紋,No Disc equipped,en-US
携带3个主位秘纹即可开始战斗,You can start the battle with 3 Main Discs.,en-US
メイン枠ロスレコを3枚編成すると戦闘を開始できます,You can start the battle with 3 Main Discs.,en-US
메인 레코드 3개를 소지하면 바로 전투를 시작할 수 있습니다.,You can start the battle with 3 Main Discs.,en-US
攜帶3個主位祕紋即可開始戰鬥,You can start the battle with 3 Main Discs.,en-US
秘纹详情,Disc Details,en-US
ロスレコ詳細,Disc Details,en-US
레코드 상세 정보,Disc Details,en-US
祕紋詳情,Disc Details,en-US
下一步,Next,en-US
{0} 天 后开放新章节,New chapter in {0}d,en-US
{0} 日後解放,New chapter in {0}d,en-US
{0}天 後開放新章節,New chapter in {0}d,en-US
{0} 小时 后开放新章节,New chapter in {0}h,en-US
{0} 時間後解放,New chapter in {0}h,en-US
{0}小時 後開放新章節,New chapter in {0}h,en-US
{0} 分钟 后开放新章节,New chapter in {0}m,en-US
{0} 分後解放,New chapter in {0}m,en-US
{0}分鐘 後開放新章節,New chapter in {0}m,en-US
{0} 秒 后开放新章节,New chapter in {0}s,en-US
{0} 秒後解放,New chapter in {0}s,en-US
{0}秒 後開放新章節,New chapter in {0}s,en-US
战令已过期,The Grant Pass has expired,en-US
事業支援の期間が終了しました,The Grant Pass has expired,en-US
패스가 만료되었습니다.,The Grant Pass has expired,en-US
戰令已過期,The Grant Pass has expired,en-US
{0}）,{0},en-US
（额外赠送,+Bonus,en-US
さらに,+Bonus,en-US
(추가 증정,+Bonus,en-US
（額外贈送,+Bonus,en-US
首充返利,1st Bonus,en-US
初回チャージ特典,1st Bonus,en-US
첫 구매 증정,1st Bonus,en-US
首儲回饋,1st Bonus,en-US
充值赠送,Top-up Bonus,en-US
チャージで進呈,Top-up Bonus,en-US
구매 증정,Top-up Bonus,en-US
儲值贈送,Top-up Bonus,en-US
当前月卡已达到购买天数上限,Reached max purchase duration,en-US
購入可能日数の上限に達しています,Reached max purchase duration,en-US
월정액 구매 일수 한도를 초과했습니다,Reached max purchase duration,en-US
目前月卡已達購買天數上限,Reached max purchase duration,en-US
购买即可获得,Purchase to immediately receive,en-US
すぐにもらえる！,Purchase to immediately receive,en-US
구매 즉시 획득,Purchase to immediately receive,en-US
購買即可獲得,Purchase to immediately receive,en-US
每日赠送,Daily Bonus,en-US
毎日もらえる！,Daily Bonus,en-US
일일 보너스,Daily Bonus,en-US
每日贈送,Daily Bonus,en-US
盈月星愿,Everbright Wishes,en-US
星巡り定期券,Everbright Wishes,en-US
별의 소원 택배,Everbright Wishes,en-US
盈月星願,Everbright Wishes,en-US
（本日已领取）,(Already Claimed),en-US
（本日受取済み）,(Already Claimed),en-US
(오늘 획득 완료),(Already Claimed),en-US
（本日已領取）,(Already Claimed),en-US
剩余{0}天{1},Remaining: {0}d {1},en-US
残り時間{0}日{1}です,Remaining: {0}d {1},en-US
남은 시간 {0}일{1},Remaining: {0}d {1},en-US
剩餘{0}天{1},Remaining: {0}d {1},en-US
规则,Details,en-US
규칙,Details,en-US
規則,Details,en-US
（本日未领取）,(Unclaimed),en-US
（本日未受取）,(Unclaimed),en-US
(오늘 미수령),(Unclaimed),en-US
（本日未領取）,(Unclaimed),en-US
支付失败,Payment Failed,en-US
注文はキャンセルされました,Payment Failed,en-US
결제 실패,Payment Failed,en-US
付款失敗,Payment Failed,en-US
延迟的订单给予的物品,Items for the delayed order,en-US
遅延が発生した注文の品物,Items for the delayed order,en-US
주문 지연으로 지급된 아이템,Items for the delayed order,en-US
延遲的訂單所給予的物品,Items for the delayed order,en-US
{0}天后,{0}d,en-US
{0}日後,{0}d,en-US
{0}일 후,{0}d,en-US
{0}天後,{0}d,en-US
本日限购：{0}/{1},Today's Limit: {0}/{1},en-US
本日限定購入数：({0}/{1}),Today's Limit: {0}/{1},en-US
오늘 구매 한도: {0}/{1},Today's Limit: {0}/{1},en-US
本日限購：{0}/{1},Today's Limit: {0}/{1},en-US
本日限购,Today's Limit,en-US
本日限定購入回数,Today's Limit,en-US
오늘 구매 한도,Today's Limit,en-US
本日限購,Today's Limit,en-US
{0}天后刷新,Refreshes in {0}d,en-US
{0}日後に更新,Refreshes in {0}d,en-US
{0}일 후 갱신,Refreshes in {0}d,en-US
{0}天後更新,Refreshes in {0}d,en-US
下架,Left,en-US
販売終了,Left,en-US
마감,Left,en-US
商品内容,Details,en-US
アイテムの内容,Details,en-US
상품 내용,Details,en-US
商品內容,Details,en-US
限时礼包已结束,Limited-time pack is no longer available,en-US
期間限定パックの販売が終了しました,Limited-time pack is no longer available,en-US
기간 한정 세트가 종료되었습니다.,Limited-time pack is no longer available,en-US
限時禮包已結束,Limited-time pack is no longer available,en-US
{0}小时后,{0}h,en-US
{0}時間後,{0}h,en-US
{0}시간 후,{0}h,en-US
{0}小時後,{0}h,en-US
{0}小时后刷新,Refreshes in {0}h,en-US
{0}時間後に更新,Refreshes in {0}h,en-US
{0}시간 후 갱신,Refreshes in {0}h,en-US
{0}小時後更新,Refreshes in {0}h,en-US
限购次数：{0}/{1},Limit: {0}/{1},en-US
限定購入数：({0}/{1}),Limit: {0}/{1},en-US
구매 제한 횟수: {0}/{1},Limit: {0}/{1},en-US
限購次數：{0}/{1},Limit: {0}/{1},en-US
限购次数,Limit,en-US
限定購入回数,Limit,en-US
구매 제한 횟수,Limit,en-US
限購次數,Limit,en-US
本月限购：{0}/{1},Monthly Limit: {0}/{1},en-US
今月限定購入数：({0}/{1}),Monthly Limit: {0}/{1},en-US
이번 달 구매 한도: {0}/{1},Monthly Limit: {0}/{1},en-US
本月限購：{0}/{1},Monthly Limit: {0}/{1},en-US
本月限购,Monthly Limit,en-US
今月限定購入回数,Monthly Limit,en-US
이번 달 구매 한도,Monthly Limit,en-US
本月限購,Monthly Limit,en-US
限时贩售礼包,Limited-time Offer Pack,en-US
期間限定販売中,Limited-time Offer Pack,en-US
기간 한정 세트,Limited-time Offer Pack,en-US
限時販售禮包,Limited-time Offer Pack,en-US
售价,Price,en-US
価格,Price,en-US
판매가,Price,en-US
售價,Price,en-US
推荐,HOT,en-US
おすすめ,HOT,en-US
추천,HOT,en-US
推薦,HOT,en-US
刷新,to refresh,en-US
更新,to refresh,en-US
새로고침,to refresh,en-US
已售罄,Sold Out,en-US
剩余时间,Time left,en-US
残り時間,Time left,en-US
남은 시간,Time left,en-US
剩餘時間,Time left,en-US
本周限购：{0}/{1},Weekly Limit: {0}/{1},en-US
今週限定購入数：({0}/{1}),Weekly Limit: {0}/{1},en-US
이번 주 구매 한도: {0}/{1},Weekly Limit: {0}/{1},en-US
本週限購：{0}/{1},Weekly Limit: {0}/{1},en-US
本周限购,Weekly Limit,en-US
今週限定購入回数,Weekly Limit,en-US
이번 주 구매 한도,Weekly Limit,en-US
本週限購,Weekly Limit,en-US
1小时内,1h,en-US
1時間以内,1h,en-US
1시간 내,1h,en-US
1小時內,1h,en-US
1小时内刷新,Refreshes within 1h,en-US
1時間以内に更新,Refreshes within 1h,en-US
1시간 내 갱신,Refreshes within 1h,en-US
1小時內更新,Refreshes within 1h,en-US
￥,$,en-US
₩,$,en-US
店长备货中 敬请期待,The store manager is restocking. Coming soon.,en-US
品切れ中,The store manager is restocking. Coming soon.,en-US
물품 준비 중 기대해 주세요!,The store manager is restocking. Coming soon.,en-US
店長備貨中 敬請期待,The store manager is restocking. Coming soon.,en-US
{0}日{1}時間後,{0}d{1}h,en-US
{0}時間{1}分後,{0}h{1}m,en-US
{0}分{1}秒後,{0}m{1}s,en-US
{0}秒後,{0}s,en-US
时装橱窗暂无上架商品，敬请期待,No items available in Style Gallery yet. Stay tuned!,en-US
現在ショーケースに商品がありません。,No items available in Style Gallery yet. Stay tuned!,en-US
스킨 쇼윈도 상품 없음. 준비 중 입니다.,No items available in Style Gallery yet. Stay tuned!,en-US
時裝櫥窗暫無上架商品，敬請期待,No items available in Style Gallery yet. Stay tuned!,en-US
{0}恢复原价,The sale of {0} has ended,en-US
{0}円の価格に戻る,The sale of {0} has ended,en-US
{0} 할인 종료,The sale of {0} has ended,en-US
{0}恢復原價,The sale of {0} has ended,en-US
已拥有该形象,You already own this Appearance,en-US
獲得済み,You already own this Appearance,en-US
이미 보유 중인 스킨입니다,You already own this Appearance,en-US
已擁有該形象,You already own this Appearance,en-US
凭证兑换,Permit Exchange,en-US
物資交換,Permit Exchange,en-US
증명서 교환,Permit Exchange,en-US
憑證兌換,Permit Exchange,en-US
星之彩充值,Lumina Top-up,en-US
星ノ結晶購入,Lumina Top-up,en-US
별의 결정 구매,Lumina Top-up,en-US
星之彩儲值,Lumina Top-up,en-US
お得パック,Trekker's Picks,en-US
甄选推荐,Recommended,en-US
おすすめ商品,Recommended,en-US
선발 추천,Recommended,en-US
甄選推薦,Recommended,en-US
时装橱窗,Style Gallery,en-US
ショーケース,Style Gallery,en-US
스킨 쇼윈도,Style Gallery,en-US
時裝櫥窗,Style Gallery,en-US
每日签到,Daily Check-in,en-US
ログイン ボーナス,Daily Check-in,en-US
매일 출석,Daily Check-in,en-US
每日簽到,Daily Check-in,en-US
官方社区,Official Community,en-US
コミュニティ,Official Community,en-US
커뮤니티,Official Community,en-US
官方社群,Official Community,en-US
材料合成,Material Crafting,en-US
素材合成,Material Crafting,en-US
재료 합성,Material Crafting,en-US
旅人百科,Trekker Encyclopedia,en-US
巡遊者辞典,Trekker Encyclopedia,en-US
여행가 백과,Trekker Encyclopedia,en-US
兑换码,Redeem Code,en-US
交換コード,Redeem Code,en-US
교환 코드,Redeem Code,en-US
兌換序號,Redeem Code,en-US
社交,Social,en-US
旅路の絆,Social,en-US
소셜,Social,en-US
周边,Merch,en-US
グッズ,Merch,en-US
굿즈,Merch,en-US
周邊,Merch,en-US
反馈客服,Support,en-US
カスタマー サポート,Support,en-US
回饋客服,Support,en-US
菜单,Menu,en-US
メニュー,Menu,en-US
메뉴,Menu,en-US
選單,Menu,en-US
道具箱,Toolbox,en-US
说明,Instructions,en-US
説明,Instructions,en-US
설명,Instructions,en-US
說明,Instructions,en-US
本次登录不再提示,Do not show again until next login,en-US
今回のログイン中は表示しない,Do not show again until next login,en-US
이번 접속 중 다시 보지 않기,Do not show again until next login,en-US
本次登入不再提示,Do not show again until next login,en-US
提示,Notice,en-US
ヒント,Notice,en-US
안내,Notice,en-US
提醒,Notice,en-US
您已征服此处，获得了全部宝藏,All treasures secured!,en-US
すべてのお宝を手に入れました,All treasures secured!,en-US
이곳을 정복하여 모든 보물을 획득했습니다.,All treasures secured!,en-US
您已征服此區域，並獲得了全部寶藏,All treasures secured!,en-US
本层收集完毕，将前往下一层,Advancing to the next floor!,en-US
階層クリア、次の階層に向かいます,Advancing to the next floor!,en-US
"이번 층 수집 완료, 다음 층으로 이동합니다.",Advancing to the next floor!,en-US
本層已收集完畢，即將前往下一層,Advancing to the next floor!,en-US
宝藏图鉴,Treasures,en-US
お宝図鑑,Treasures,en-US
보물 도감,Treasures,en-US
寶藏圖鑑,Treasures,en-US
积分:,Point:,en-US
ポイント：,Point:,en-US
포인트:,Point:,en-US
積分：,Point:,en-US
信号探测,Signal Detection,en-US
シグナル探測,Signal Detection,en-US
신호 탐지,Signal Detection,en-US
探測訊號,Signal Detection,en-US
稀有道具,Rare,en-US
レア,Rare,en-US
희귀 아이템,Rare,en-US
传奇道具,Legendary,en-US
レジェンド,Legendary,en-US
전설 아이템,Legendary,en-US
傳奇道具,Legendary,en-US
当前深度:{0}层,Current: Floor {0},en-US
現在の進捗：{0}層,Current: Floor {0},en-US
현재 깊이: {0}층,Current: Floor {0},en-US
目前深度：{0}層,Current: Floor {0},en-US
没有可使用的寻宝铲,No treasure shovel available,en-US
使用できるラッキーシャベルがありません,No treasure shovel available,en-US
사용 가능한 보물삽이 없습니다,No treasure shovel available,en-US
没有可使用的尋寶鏟,No treasure shovel available,en-US
奖励任务,Reward Quest,en-US
任務,Reward Quest,en-US
보상 임무,Reward Quest,en-US
獎勵任務,Reward Quest,en-US
当前完成状况,Mission Progress,en-US
進捗状況,Mission Progress,en-US
현재 완료 상황,Mission Progress,en-US
目前完成情況,Mission Progress,en-US
已累计积分,Current Score,en-US
合計ポイント,Current Score,en-US
누적 포인트,Current Score,en-US
已累計積分,Current Score,en-US
位阶,Tier,en-US
위계,Tier,en-US
位階,Tier,en-US
点击任意位置领取,Select anywhere to claim,en-US
タップして受け取る,Select anywhere to claim,en-US
아무 곳이나 터치하여 획득하세요,Select anywhere to claim,en-US
點選任意位置領取,Select anywhere to claim,en-US
剩余：{0}天,Remaining: {0}d,en-US
残り：{0}日,Remaining: {0}d,en-US
남은 시간: {0}일,Remaining: {0}d,en-US
剩餘：{0}天,Remaining: {0}d,en-US
推动摇杆移动角色,Push the joystick to move the Trekker,en-US
スティックを押して巡遊者を移動させる,Push the joystick to move the Trekker,en-US
조작 버튼을 움직여 캐릭터를 이동시키세요,Push the joystick to move the Trekker,en-US
推動搖桿移動角色,Push the joystick to move the Trekker,en-US
按下 移动角色,Press to move the character.,en-US
を押して巡遊者を移動させる,Press to move the character.,en-US
를 눌러 캐릭터를 이동시키세요,Press to move the character.,en-US
按下 移動角色,Press to move the character.,en-US
推动移动角色,Push to move the Trekker,en-US
を押して巡遊者を移動させる,Push to move the Trekker,en-US
(으)로 캐릭터를 이동시키세요,Push to move the Trekker,en-US
推動移動角色,Push to move the Trekker,en-US
已获得,Received,en-US
獲得済み,Received,en-US
획득,Received,en-US
已獲得,Received,en-US
默契等级达到{0}级后解锁,Reach Affinity Lv. {0} to unlock,en-US
信頼レベル{0}で解放,Reach Affinity Lv. {0} to unlock,en-US
호감도 레벨 {0} 달성 시 오픈,Reach Affinity Lv. {0} to unlock,en-US
默契等級達到{0}級後解鎖,Reach Affinity Lv. {0} to unlock,en-US
未获得,None,en-US
未獲得,None,en-US
미획득,None,en-US
本周员工默契值获取次数：{0}/{1},Employee Affinity received this week: {0}/{1},en-US
今週の星ノ塔スタッフ信頼度獲得回数：{0}/{1},Employee Affinity received this week: {0}/{1},en-US
이번 주 직원 호감도 획득 횟수: {0}/{1},Employee Affinity received this week: {0}/{1},en-US
本週員工默契值獲得次數：{0}/{1},Employee Affinity received this week: {0}/{1},en-US
获得赠礼,Gifts Received,en-US
ギフト獲得,Gifts Received,en-US
선물 획득,Gifts Received,en-US
獲得贈禮,Gifts Received,en-US
已完成 {0}/{1},Complete: {0}/{1},en-US
完了 {0}/{1},Complete: {0}/{1},en-US
{0}/{1} 완료,Complete: {0}/{1},en-US
已完成{0}/{1},Complete: {0}/{1},en-US
通关前置关卡解锁赛季,Clear prerequisite stage to unlock this season.,en-US
前提ステージクリア後にシーズン解放,Clear prerequisite stage to unlock this season.,en-US
이전 난이도 클리어 시 시즌 오픈,Clear prerequisite stage to unlock this season.,en-US
通過前置關卡解鎖賽季,Clear prerequisite stage to unlock this season.,en-US
新手段,Beginner,en-US
STEP1,Beginner,en-US
신입 단계,Beginner,en-US
进阶段,Advanced,en-US
STEP2,Advanced,en-US
승급 단계,Advanced,en-US
進階段,Advanced,en-US
新手教学,Tutorials,en-US
チュートリアル,Tutorials,en-US
초보 튜토리얼,Tutorials,en-US
新手教學,Tutorials,en-US
等待赛季开放,Season not available yet,en-US
開放待ち,Season not available yet,en-US
시즌 오픈 대기 중,Season not available yet,en-US
等待賽季開放,Season not available yet,en-US
登录信息过期，信息已刷新，请重新登录,Login credentials expired. Info has been refreshed. Please log in again,en-US
ログイン情報の有効期限が切れました。再度ログインしてください,Login credentials expired. Info has been refreshed. Please log in again,en-US
로그인 정보가 만료되었습니다. 정보가 갱신되었으니 다시 로그인해 주세요.,Login credentials expired. Info has been refreshed. Please log in again,en-US
登入資訊過期，資訊已更新，請重新登入,Login credentials expired. Info has been refreshed. Please log in again,en-US
未抵达的未来,Unarrived Future,en-US
まだ見ぬ未来,Unarrived Future,en-US
다다르지 않은 미래,Unarrived Future,en-US
未抵達的未來,Unarrived Future,en-US
暂无进度,No Progress,en-US
進捗なし,No Progress,en-US
진행도 없음,No Progress,en-US
暫無進度,No Progress,en-US
物品数量不足,Insufficient items,en-US
アイテム数が不足しています,Insufficient items,en-US
아이템 수가 부족합니다,Insufficient items,en-US
物品數量不足,Insufficient items,en-US
暂无已开放的故事，敬请期待后续更新,No stories available yet. Stay tuned!,en-US
今後実装予定です。,No stories available yet. Stay tuned!,en-US
"현재 오픈된 스토리 없음, 추후 업데이트를 기대해 주세요",No stories available yet. Stay tuned!,en-US
暫無已開放的故事，敬請期待後續更新,No stories available yet. Stay tuned!,en-US
今天没有开放哦,Not available today,en-US
本日は開放されていません,Not available today,en-US
오늘은 오픈되지 않았습니다,Not available today,en-US
今天沒有開放哦,Not available today,en-US
{num_0}个,{num_0},en-US
Lv.{num_0},{num_0},en-US
{num_0}개,{num_0},en-US
{num_0}個,{num_0},en-US
辅位音符成长,Support Musical Note Growth,en-US
サブ枠の音符成長,Support Musical Note Growth,en-US
보조 소리 성장,Support Musical Note Growth,en-US
輔位音符成長,Support Musical Note Growth,en-US
技能音符说明,Musical Note Effect,en-US
音符効果,Musical Note Effect,en-US
스킬 소리 설명,Musical Note Effect,en-US
技能音符說明,Musical Note Effect,en-US
属性音符,Element Musical Note,en-US
音符一覧,Element Musical Note,en-US
속성 소리,Element Musical Note,en-US
屬性音符,Element Musical Note,en-US
诺瓦异闻,The Nova Times,en-US
ノヴァ漫遊記,The Nova Times,en-US
노바 기담,The Nova Times,en-US
諾瓦異聞,The Nova Times,en-US
远方之事亦与你相关,What's new in Nova,en-US
ドラマチックな日常の一幕,What's new in Nova,en-US
먼 곳의 이야기도 당신에게,What's new in Nova,en-US
遠方之事亦與你有關,What's new in Nova,en-US
升阶素材不足,Insufficient Tier-Up material,en-US
昇格素材が不足しています,Insufficient Tier-Up material,en-US
승급 재료가 부족합니다,Insufficient Tier-Up material,en-US
升階材料不足,Insufficient Tier-Up material,en-US
朵拉不足，无法升阶,Insufficient Dorra. Unable to Tier Up,en-US
朵拉不足，無法升階,Insufficient Dorra. Unable to Tier Up,en-US
没有选择突破材料,No Crescendo materials selected,en-US
突破素材が選択されていません,No Crescendo materials selected,en-US
돌파 재료를 선택하지 않았습니다,No Crescendo materials selected,en-US
未選擇突破材料,No Crescendo materials selected,en-US
选中素材已可升满当前秘纹星级,The selected materials are enough to reach max star for the current Disc,en-US
選択中の素材で、このロスレコの最大突破数まで上げられます,The selected materials are enough to reach max star for the current Disc,en-US
선택한 재료로 현재 레코드 최대 성급을 달성할 수 있습니다,The selected materials are enough to reach max star for the current Disc,en-US
選擇材料已可使目前祕紋升至滿星,The selected materials are enough to reach max star for the current Disc,en-US
突破材料数量已满,Crescendo materials are full,en-US
突破素材の数が上限に達しています,Crescendo materials are full,en-US
돌파 재료 수 최대입니다,Crescendo materials are full,en-US
突破材料數量已滿,Crescendo materials are full,en-US
功能页面{0}获取,Acquire from function page {0},en-US
機能画面{0}を取得,Acquire from function page {0},en-US
기능 페이지 {0} 획득,Acquire from function page {0},en-US
功能頁面{0}獲得,Acquire from function page {0},en-US
商店{0}出售,Sold in {0} Shop,en-US
ショップ{0}販売,Sold in {0} Shop,en-US
상점 {0} 판매,Sold in {0} Shop,en-US
已开启常用旅人置顶,Favorite Trekkers are now pinned to the top.,en-US
お気に入り巡遊者のトップ表示を有効にしました,Favorite Trekkers are now pinned to the top.,en-US
애용 여행가 고정 완료,Favorite Trekkers are now pinned to the top.,en-US
已開啟常用旅人置頂,Favorite Trekkers are now pinned to the top.,en-US
您购买的商品已到账 商品信息已发送至邮箱,The items you purchased have been delivered. Item details have been sent to your mailbox.,en-US
購入した商品をお届けしました 商品情報はメールをご確認ください,The items you purchased have been delivered. Item details have been sent to your mailbox.,en-US
구매 완료 우편에서 확인해 주시기 바랍니다,The items you purchased have been delivered. Item details have been sent to your mailbox.,en-US
您購買的商品已入帳 商品資訊已傳送至信箱,The items you purchased have been delivered. Item details have been sent to your mailbox.,en-US
橙色以上的秘纹不可分解,Expert or above Discs cannot be dismantled,en-US
金色以上のロスレコは分解できません,Expert or above Discs cannot be dismantled,en-US
유니크 이상 레코드는 분해할 수 없습니다,Expert or above Discs cannot be dismantled,en-US
橘色以上的祕紋無法分解,Expert or above Discs cannot be dismantled,en-US
秘纹已装备，不可分解,Disc equipped. Unable to Dismantle,en-US
装備中のロスレコは分解できません,Disc equipped. Unable to Dismantle,en-US
장착 중인 레코드이므로 분해할 수 없습니다,Disc equipped. Unable to Dismantle,en-US
祕紋已裝備，無法分解,Disc equipped. Unable to Dismantle,en-US
秘纹已锁定，不可分解,Disc locked. Unable to dismantle,en-US
ロックされているロスレコは分解できません,Disc locked. Unable to dismantle,en-US
잠긴 레코드이므로 분해할 수 없습니다,Disc locked. Unable to dismantle,en-US
祕紋已鎖定，無法分解,Disc locked. Unable to dismantle,en-US
未选中秘纹,No Disc selected,en-US
ロスレコが選択されていません,No Disc selected,en-US
선택된 레코드가 없습니다,No Disc selected,en-US
未選擇祕紋,No Disc selected,en-US
暂无突破素材,No Crescendo material,en-US
突破素材がありません,No Crescendo material,en-US
돌파 재료가 없습니다,No Crescendo material,en-US
暫無突破材料,No Crescendo material,en-US
突 破,Surge,en-US
突破,Surge,en-US
돌 파,Surge,en-US
ロスレコレベル,Disc Level,en-US
持有：,Owned:,en-US
所持：,Owned:,en-US
보유:,Owned:,en-US
新昵称包含非标准字符,Invalid characters in new name,en-US
使用できない記号または文字が含まれています,Invalid characters in new name,en-US
새로운 닉네임에 부적절한 문자열이 포함되어 있습니다,Invalid characters in new name,en-US
新暱稱含有非標準字元,Invalid characters in new name,en-US
昵称不可用,Cannot use this nickname,en-US
名前は使用できません,Cannot use this nickname,en-US
닉네임을 사용할 수 없습니다,Cannot use this nickname,en-US
暱稱無法使用,Cannot use this nickname,en-US
昵称过长,Nickname is too long,en-US
文字数制限を超えています,Nickname is too long,en-US
닉네임이 너무 깁니다,Nickname is too long,en-US
暱稱過長,Nickname is too long,en-US
新昵称不能与原昵称相同,The new nickname cannot be identical to the previous one,en-US
元の名前と重複しています,The new nickname cannot be identical to the previous one,en-US
새로운 닉네임은 기존의 닉네임과 같을 수 없습니다,The new nickname cannot be identical to the previous one,en-US
新暱稱不可與原暱稱相同,The new nickname cannot be identical to the previous one,en-US
昵称不可为空,Nickname cannot be blank,en-US
名前を入力してください,Nickname cannot be blank,en-US
닉네임은 비워둘 수 없습니다,Nickname cannot be blank,en-US
暱稱不可為空白,Nickname cannot be blank,en-US
昵称不能以数字开头,Nickname cannot start with numbers,en-US
数字から始まる名前は使用できません,Nickname cannot start with numbers,en-US
닉네임은 숫자로 시작할 수 없습니다,Nickname cannot start with numbers,en-US
暱稱不能以數字開頭,Nickname cannot start with numbers,en-US
昵称过短,Nickname is too short,en-US
名前が短すぎます,Nickname is too short,en-US
닉네임이 너무 짧습니다,Nickname is too short,en-US
暱稱過短,Nickname is too short,en-US
继续战斗,Resume,en-US
戦闘継続,Resume,en-US
계속 전투하기,Resume,en-US
繼續戰鬥,Resume,en-US
结束战斗,Give Up,en-US
戦闘終了,Give Up,en-US
전투 종료,Give Up,en-US
結束戰鬥,Give Up,en-US
升级成功！当前初始筹码为{num_0},Upgrade successful! You have {num_0} starting chips.,en-US
アップグレード成功！現在の初期チップ：{num_0},Upgrade successful! You have {num_0} starting chips.,en-US
레벨업! 현재 기본 칩 {num_0}개,Upgrade successful! You have {num_0} starting chips.,en-US
升級成功！目前初始籌碼為{num_0},Upgrade successful! You have {num_0} starting chips.,en-US
升级成功！当前解锁{num_0}个助手席位,Upgrade successful! You have unlocked {num_0} Assistant slots.,en-US
アップグレード成功！現在解放済みのサポーター枠：{num_0},Upgrade successful! You have unlocked {num_0} Assistant slots.,en-US
레벨업! 현재 어시스트 슬롯 {num_0}개 해제,Upgrade successful! You have unlocked {num_0} Assistant slots.,en-US
升級成功！目前解鎖{num_0}個助手席位,Upgrade successful! You have unlocked {num_0} Assistant slots.,en-US
最大レベル,Max level,en-US
无法继续升级这项增益,This bonus cannot be upgraded,en-US
レベルアップを行うことができません,This bonus cannot be upgraded,en-US
해당 버프는 더 업그레이드할 수 없습니다.,This bonus cannot be upgraded,en-US
無法繼續升級這項增益,This bonus cannot be upgraded,en-US
升级成功！当前每回合可验牌{num_0}次,Upgrade successful! You can now peek at cards {num_0} times per round.,en-US
レベルアップ！1ターンごとに{num_0}回カードを配りなおすことができます,Upgrade successful! You can now peek at cards {num_0} times per round.,en-US
레벨업 성공! 이제 턴마다 카드를 {num_0}회 교체 가능한다.,Upgrade successful! You can now peek at cards {num_0} times per round.,en-US
升級成功！目前每回合可驗牌{num_0}次,Upgrade successful! You can now peek at cards {num_0} times per round.,en-US
升级成功！每回合可刷新{num_0}次星命牌,Upgraded! You can now refresh {num_0} Fatebound Stellar Card(s) per turn.,en-US
レベルアップ！1ターンごとに{num_0}回シャロットカードを更新できます,Upgraded! You can now refresh {num_0} Fatebound Stellar Card(s) per turn.,en-US
레벨업 성공! 턴마다 페이트 카드 {num_0}회 새로고침 가능,Upgraded! You can now refresh {num_0} Fatebound Stellar Card(s) per turn.,en-US
升級成功！每回合可更新{num_0}次命運星牌,Upgraded! You can now refresh {num_0} Fatebound Stellar Card(s) per turn.,en-US
升级成功！当前每回合可发牌{num_0}轮,Upgraded! You can now deal {num_0} times per turn.,en-US
レベルアップ！1ターンごとのラウンドが{num_0}回になります。,Upgraded! You can now deal {num_0} times per turn.,en-US
레벨업 성공! 현재 턴마다 카드 {num_0}회 지급,Upgraded! You can now deal {num_0} times per turn.,en-US
升級成功！目前每回合可發牌{num_0}輪,Upgraded! You can now deal {num_0} times per turn.,en-US
升级成功！星命牌槽位变为{num_0},Upgraded! Your Fatebound Stellar Card slots have been increased to {num_0}.,en-US
レベルアップ！カードスロットが{num_0}になりました,Upgraded! Your Fatebound Stellar Card slots have been increased to {num_0}.,en-US
레벨업 성공! 페이트 카드 슬롯 {num_0}개로 변경,Upgraded! Your Fatebound Stellar Card slots have been increased to {num_0}.,en-US
升級成功！命運星牌欄位變為{num_0},Upgraded! Your Fatebound Stellar Card slots have been increased to {num_0}.,en-US
喜爱,Favorite,en-US
好み,Favorite,en-US
편애,Favorite,en-US
喜愛,Favorite,en-US
赠送助手偏好的星命牌，可提升其等级,Give Assistants their favorite Fatebound Stellar Cards to level them up.,en-US
サポーターが好むシャロットカードをプレゼントすると、レベルを上げられる,Give Assistants their favorite Fatebound Stellar Cards to level them up.,en-US
어시스트가 좋아하는 페이트 카드를 선물하여 레벨업 가능,Give Assistants their favorite Fatebound Stellar Cards to level them up.,en-US
贈送助手偏好的星命牌，可提升其等級,Give Assistants their favorite Fatebound Stellar Cards to level them up.,en-US
助手等级+1,Assistant Level +1,en-US
サポーターLv+1,Assistant Level +1,en-US
어시스트 레벨 +1,Assistant Level +1,en-US
助手等級+1,Assistant Level +1,en-US
基本,Passive,en-US
招募助手或进入新难度时，获得{num_0},Gain {num_0} when recruiting an Assistant or entering a new difficulty.,en-US
サポーターを雇用時、または新たな難易度に進んだ時、{num_0}を獲得,Gain {num_0} when recruiting an Assistant or entering a new difficulty.,en-US
어시스트 모집 또는 신규 난이도 입장 시 {num_0}개 획득,Gain {num_0} when recruiting an Assistant or entering a new difficulty.,en-US
招募助手或進入新難度時，獲得{num_0},Gain {num_0} when recruiting an Assistant or entering a new difficulty.,en-US
固有,Skills,en-US
助手信息,Assistant Info,en-US
サポーター情報,Assistant Info,en-US
어시스트 정보,Assistant Info,en-US
助手資訊,Assistant Info,en-US
Lv.{num_0},Lv{num_0},en-US
可解雇已有助手进行替换,Dismiss an existing Assistant for replacement.,en-US
雇用中のサポーターを解雇して、別のサポーターに変更できます,Dismiss an existing Assistant for replacement.,en-US
보유 중인 어시스트 해고 후 교체 가능,Dismiss an existing Assistant for replacement.,en-US
可解僱現有助手以進行替換,Dismiss an existing Assistant for replacement.,en-US
初始筹码+{num_0},Starting Chips +{num_0},en-US
初期コイン+{num_0},Starting Chips +{num_0},en-US
기본 칩+{num_0},Starting Chips +{num_0},en-US
初始籌碼+{num_0},Starting Chips +{num_0},en-US
助手席位+1,Assistant Slots +1,en-US
サポーター枠+1,Assistant Slots +1,en-US
어시스트 슬롯 +1,Assistant Slots +1,en-US
每回合验牌次数+1,Card Peeks per turn +1,en-US
配りなおし回数+1,Card Peeks per turn +1,en-US
턴마다 카드 교체 횟수+1,Card Peeks per turn +1,en-US
每回合驗牌次數+1,Card Peeks per turn +1,en-US
星命牌刷新次数+1,+1 FS Card Refresh,en-US
更新回数+1,+1 FS Card Refresh,en-US
페이트 카드 새로고침+1,+1 FS Card Refresh,en-US
星命牌更新次數+1,+1 FS Card Refresh,en-US
每回合发牌次数+1,+1 Deal per Turn,en-US
ラウンド数+1,+1 Deal per Turn,en-US
턴마다 라운드 수+1,+1 Deal per Turn,en-US
每回合發牌次數+1,+1 Deal per Turn,en-US
星命牌槽位数+1,+1 FS Card Slot,en-US
カードスロット+1,+1 FS Card Slot,en-US
페이트 카드 슬롯+1,+1 FS Card Slot,en-US
星命牌欄位數+1,+1 FS Card Slot,en-US
自动,Auto,en-US
AUTO,Auto,en-US
자동,Auto,en-US
自動,Auto,en-US
返 回,Back,en-US
戻 る,Back,en-US
验 牌,Peek at Cards,en-US
配りなおす,Peek at Cards,en-US
카드 확인,Peek at Cards,en-US
驗 牌,Peek at Cards,en-US
继续对局,Continue,en-US
계속하기,Continue,en-US
繼續對局,Continue,en-US
回合结束,End Turn,en-US
ターン終了,End Turn,en-US
턴 종료,End Turn,en-US
回合結束,End Turn,en-US
终止对局,End Match,en-US
中断する,End Match,en-US
게임 중지,End Match,en-US
終止對局,End Match,en-US
全部翻开,Flip All,en-US
全てめくる,Flip All,en-US
일괄 뒤집기,Flip All,en-US
全部翻開,Flip All,en-US
終了,End Challenge,en-US
发 牌,Deal,en-US
カードを配る,Deal,en-US
카드 지급,Deal,en-US
發牌,Deal,en-US
回合开始,Start Turn,en-US
ターン開始,Start Turn,en-US
턴 시작,Start Turn,en-US
回合開始,Start Turn,en-US
任務,Rewards,en-US
结束对局,End Match,en-US
終了する,End Match,en-US
게임 종료,End Match,en-US
結束對局,End Match,en-US
受 取,Claim,en-US
放弃对局,Give Up,en-US
放棄する,Give Up,en-US
게임 포기,Give Up,en-US
放棄對局,Give Up,en-US
继续尝试,Keep Trying,en-US
リトライ,Keep Trying,en-US
재도전,Keep Trying,en-US
繼續嘗試,Keep Trying,en-US
選 択,Select,en-US
招 募,Recruit,en-US
雇用,Recruit,en-US
모 집,Recruit,en-US
签 署,Sign,en-US
契約する,Sign,en-US
서 명,Sign,en-US
簽 署,Sign,en-US
赠送({num_0}/{num_1}),Giftings ({num_0}/{num_1}),en-US
プレゼント({num_0}/{num_1}),Giftings ({num_0}/{num_1}),en-US
선물 ({num_0}/{num_1}),Giftings ({num_0}/{num_1}),en-US
贈送（{num_0}/{num_1}）,Giftings ({num_0}/{num_1}),en-US
放弃招募,Give Up Recruitment,en-US
雇用をやめる,Give Up Recruitment,en-US
모집 포기,Give Up Recruitment,en-US
放棄招募,Give Up Recruitment,en-US
开始对局,Start Run,en-US
スタート,Start Run,en-US
대전 시작,Start Run,en-US
開始對局,Start Run,en-US
你赢了,You Win!,en-US
VICTORY,You Win!,en-US
승리,You Win!,en-US
你贏了,You Win!,en-US
（剩余{num_0}次）,({num_0} uses left),en-US
（残り{num_0}回）,({num_0} uses left),en-US
({num_0}회 남음),({num_0} uses left),en-US
（剩餘{num_0}次）,({num_0} uses left),en-US
（剩余{num_0}轮）,({num_0} rounds remaining),en-US
（残り{num_0}ラウンド）,({num_0} rounds remaining),en-US
({num_0}라운드 남음),({num_0} rounds remaining),en-US
（剩餘{num_0}輪）,({num_0} rounds remaining),en-US
（剩余{num_0}回合）,({num_0} turns left),en-US
（残り{num_0}ターン）,({num_0} turns left),en-US
({num_0}턴 남음),({num_0} turns left),en-US
（剩餘{num_0}回合）,({num_0} turns left),en-US
Lv{num_0},Lv. {num_0},en-US
Lv.{num_0},Lv. {num_0},en-US
Lv{num_0} MAX!,Reached Max Lv: {num_0},en-US
每轮最多只能验牌一次,Each card can only be peeked at once per round,en-US
各ラウンドにつき、カードを1回まで配りなおしできます,Each card can only be peeked at once per round,en-US
라운드마다 최대 1회 확인 가능,Each card can only be peeked at once per round,en-US
每輪最多只能驗牌一次,Each card can only be peeked at once per round,en-US
本回合验牌次数已耗尽,No card peeks remaining for this turn,en-US
このラウンドの配りなおし回数は上限に達しています,No card peeks remaining for this turn,en-US
이번 턴의 카드 확인 횟수 소진,No card peeks remaining for this turn,en-US
本回合驗牌次數已耗盡,No card peeks remaining for this turn,en-US
点击回合结束继续,Tap End Turn to proceed,en-US
ターン終了をタップしてください,Tap End Turn to proceed,en-US
턴 종료 터치하여 계속,Tap End Turn to proceed,en-US
點選回合結束繼續,Tap End Turn to proceed,en-US
当前对局,Current Match,en-US
現在の対局,Current Match,en-US
현재 게임,Current Match,en-US
目前對局,Current Match,en-US
超越之镜·难度{num_0},Transcendence Mirror: Difficulty {num_0},en-US
超越の鏡・難易度{num_0},Transcendence Mirror: Difficulty {num_0},en-US
초월의 거울 난이도 {num_0},Transcendence Mirror: Difficulty {num_0},en-US
超越之鏡·難度{num_0},Transcendence Mirror: Difficulty {num_0},en-US
本局目标,Match Goal,en-US
今回の目標,Match Goal,en-US
이번 게임 목표,Match Goal,en-US
本局目標,Match Goal,en-US
拥有{num_0},Owned: {num_0},en-US
{num_0}を所持,Owned: {num_0},en-US
{num_0} 보유,Owned: {num_0},en-US
擁有{num_0},Owned: {num_0},en-US
目标： {num_0},Goal: {num_0},en-US
目標： {num_0},Goal: {num_0},en-US
목표: {num_0},Goal: {num_0},en-US
目標：{num_0},Goal: {num_0},en-US
ライフ,HP,en-US
诅咒之刻,Cursing Moment,en-US
呪いの刻,Cursing Moment,en-US
저주의 순간,Cursing Moment,en-US
詛咒之刻,Cursing Moment,en-US
难度{num_0},Difficulty {num_0},en-US
難易度{num_0},Difficulty {num_0},en-US
난이도 {num_0},Difficulty {num_0},en-US
難度{num_0},Difficulty {num_0},en-US
当前关卡还有未完成的牌局，是否继续挑战,There are unfinished matches in the current level. Continue the challenge?,en-US
このステージには未完了の対局があります。挑戦を続けますか？,There are unfinished matches in the current level. Continue the challenge?,en-US
현재 스테이지에 끝나지 않은 게임이 있습니다. 계속 도전하겠습니까?,There are unfinished matches in the current level. Continue the challenge?,en-US
目前關卡還有未完成的牌局，是否繼續挑戰？,There are unfinished matches in the current level. Continue the challenge?,en-US
超越之镜· 难度{num_0},Transcendence Mirror: Difficulty {num_0},en-US
阶段1·助手招募,Stage 1: Recruit Assistant,en-US
フェーズ1・サポーターを雇う,Stage 1: Recruit Assistant,en-US
1단계 어시스트 모집,Stage 1: Recruit Assistant,en-US
階段1·助手招募,Stage 1: Recruit Assistant,en-US
阶段2·抽取星命牌,Stage 2: Draw Fatebound Stellar Card,en-US
フェーズ2・シャロットカードを引く,Stage 2: Draw Fatebound Stellar Card,en-US
2단계 페이트 카드 뽑기,Stage 2: Draw Fatebound Stellar Card,en-US
階段2·抽取星命牌,Stage 2: Draw Fatebound Stellar Card,en-US
没有可以选取的小助手,No Assistant available.,en-US
雇えるサポーターがいません,No Assistant available.,en-US
선택 가능한 어시스트 없음,No Assistant available.,en-US
沒有可選取的小助手,No Assistant available.,en-US
没有可以选取的星命牌,No Fatebound Stellar Card available,en-US
獲得可能なシャロットカードがありません,No Fatebound Stellar Card available,en-US
선택 가능한 페이트 카드 없음,No Fatebound Stellar Card available,en-US
沒有可選取的星命牌,No Fatebound Stellar Card available,en-US
没有可以选取的任务,No missions available.,en-US
獲得可能な任務がありません,No missions available.,en-US
선택 가능한 임무 없음,No missions available.,en-US
沒有可選取的任務,No missions available.,en-US
请翻开全部元素牌以揭示本轮收益,Flip all Cards to reveal this Hand's earnings.,en-US
カードを全てめくり、 このラウンドの収益を獲得してください。,Flip all Cards to reveal this Hand's earnings.,en-US
모든 원소 카드를 뒤집어 이번 라운드 획득 내용 확인,Flip all Cards to reveal this Hand's earnings.,en-US
請翻開所有元素牌以揭曉本輪收益,Flip all Cards to reveal this Hand's earnings.,en-US
牌型,Hand,en-US
役,Hand,en-US
핸드,Hand,en-US
基础,Base,en-US
基礎収益,Base,en-US
기본,Base,en-US
基礎,Base,en-US
倍率,Multiplier,en-US
배율,Multiplier,en-US
剩余{num_0}次,{num_0} remaining,en-US
残り{num_0}回,{num_0} remaining,en-US
{num_0} 회 남음,{num_0} remaining,en-US
剩餘{num_0}次,{num_0} remaining,en-US
剩余{num_0}轮,{num_0} turns left,en-US
残り{num_0}ラウンド,{num_0} turns left,en-US
{num_0} 라운드 남음,{num_0} turns left,en-US
剩餘{num_0}輪,{num_0} turns left,en-US
剩余{num_0}回合,{num_0} turns left,en-US
残り{num_0}ターン,{num_0} turns left,en-US
{num_0}턴 남음,{num_0} turns left,en-US
剩餘{num_0}回合,{num_0} turns left,en-US
最佳,Best,en-US
BEST,Best,en-US
최고 성적,Best,en-US
完成前置关卡后解锁,Unlocked after completing the previous stage.,en-US
前のステージクリアで解放,Unlocked after completing the previous stage.,en-US
이전 스테이지 완료 후 오픈,Unlocked after completing the previous stage.,en-US
通過前置關卡後解鎖,Unlocked after completing the previous stage.,en-US
我的筹码,My Chips,en-US
所持コイン,My Chips,en-US
나의 칩,My Chips,en-US
我的籌碼,My Chips,en-US
第{num_0}回合,Turn {num_0},en-US
{num_0}ターン目,Turn {num_0},en-US
{num_0}번째 턴,Turn {num_0},en-US
本回合总收入,Turn Earnings,en-US
このターンの総収益,Turn Earnings,en-US
이번 턴 획득,Turn Earnings,en-US
本回合總收入,Turn Earnings,en-US
点击发牌继续,Tap Deal to proceed,en-US
カードを配るをタップしてください,Tap Deal to proceed,en-US
카드 지급 터치하여 계속,Tap Deal to proceed,en-US
點選發牌繼續,Tap Deal to proceed,en-US
不足，无法刷新,Insufficient . Unable to refresh,en-US
が足りません,Insufficient . Unable to refresh,en-US
"부족, 새로고침할 수 없습니다",Insufficient . Unable to refresh,en-US
不足，無法更新,Insufficient . Unable to refresh,en-US
不足，无法升级,Insufficient . Unable to upgrade,en-US
が足りません,Insufficient . Unable to upgrade,en-US
"부족, 레벨업할 수 없습니다",Insufficient . Unable to upgrade,en-US
不足，無法升級,Insufficient . Unable to upgrade,en-US
剩余 {num_0} 回合,{num_0} turns left,en-US
残り {num_0} ターン,{num_0} turns left,en-US
所持中{num_0},Owned: {num_0},en-US
任务目标,Target,en-US
任務目標,Target,en-US
임무 목표,Target,en-US
回合数,Turn Count,en-US
ターン数,Turn Count,en-US
턴 수,Turn Count,en-US
回合數,Turn Count,en-US
第 {num_0} 回合,Turn {num_0},en-US
{num_0} ターン目,Turn {num_0},en-US
达成奖励,Payout,en-US
報酬,Payout,en-US
달성 보상,Payout,en-US
達成獎勵,Payout,en-US
当前完成状况,Current Progress,en-US
現在の達成状況,Current Progress,en-US
현재 완료 상황,Current Progress,en-US
目前完成情況,Current Progress,en-US
任务失败,Contract Failed,en-US
任務失敗,Contract Failed,en-US
임무 실패,Contract Failed,en-US
合约未履行时，-1,Lose 1 if the contract is not fulfilled.,en-US
契約を達成できなかった場合、-1,Lose 1 if the contract is not fulfilled.,en-US
계약 미이행 시 -1,Lose 1 if the contract is not fulfilled.,en-US
合約未履行時，-1,Lose 1 if the contract is not fulfilled.,en-US
剩余回合数：{num_0},Turns Left: {num_0},en-US
残りターン数：{num_0},Turns Left: {num_0},en-US
남은 턴: {num_0},Turns Left: {num_0},en-US
剩餘回合數：{num_0},Turns Left: {num_0},en-US
受取可能な報酬がありません,No rewards available,en-US
请签署一项合约,Sign a Contract,en-US
契約を1つ締結してください,Sign a Contract,en-US
계약에 서명해 주세요,Sign a Contract,en-US
請簽署一項合約,Sign a Contract,en-US
目标达成,Contract Fulfilled,en-US
目標達成,Contract Fulfilled,en-US
목표 달성,Contract Fulfilled,en-US
最高级星命牌,Highest-level FS Card,en-US
BEST シャロットカード,Highest-level FS Card,en-US
최고 레벨 페이트 카드,Highest-level FS Card,en-US
最高級星命牌,Highest-level FS Card,en-US
最高难度,Highest Difficulty,en-US
最高難易度,Highest Difficulty,en-US
최고 난이도,Highest Difficulty,en-US
最高難度,Highest Difficulty,en-US
最佳单轮积分,Best Hand Score,en-US
BEST ラウンドスコア,Best Hand Score,en-US
최고 성적 라운드 포인트,Best Hand Score,en-US
最佳單輪積分,Best Hand Score,en-US
最佳回合积分,Best Turn Score,en-US
BEST ターンスコア,Best Turn Score,en-US
최고 성적 턴 포인트,Best Turn Score,en-US
最佳回合積分,Best Turn Score,en-US
单击屏幕退出,Tap screen to exit,en-US
画面をタップして退出,Tap screen to exit,en-US
화면 터치하여 나가기,Tap screen to exit,en-US
點擊螢幕退出,Tap screen to exit,en-US
已获得星命牌,FS Cards Acquired,en-US
獲得済みのシャロットカード,FS Cards Acquired,en-US
획득한 페이트 카드,FS Cards Acquired,en-US
已獲得星命牌,FS Cards Acquired,en-US
得分,Score,en-US
점수,Score,en-US
最常用牌型,Most Used Hand,en-US
BEST 役,Most Used Hand,en-US
자주 사용하는 핸드,Most Used Hand,en-US
最常用花色,Most Used Suit,en-US
BEST 属性,Most Used Suit,en-US
자주 사용하는 무늬,Most Used Suit,en-US
还差{num_0},{num_0} more to win,en-US
次の目標まであと{num_0},{num_0} more to win,en-US
{num_0} 부족,{num_0} more to win,en-US
還缺{num_0},{num_0} more to win,en-US
通关统计,Run Stats,en-US
リザルト,Run Stats,en-US
클리어 통계,Run Stats,en-US
過關統計,Run Stats,en-US
总轮数,Total Scored Hands,en-US
合計ラウンド数,Total Scored Hands,en-US
총 라운드 수,Total Scored Hands,en-US
總輪數,Total Scored Hands,en-US
总回合数,Total Turns,en-US
合計ターン数,Total Turns,en-US
총 턴 수,Total Turns,en-US
總回合數,Total Turns,en-US
本回合刷新次数已达上限,You have reached the refresh limit this turn.,en-US
このターンの更新回数上限に達しました,You have reached the refresh limit this turn.,en-US
이번 턴의 새로고침 횟수 한도 도달,You have reached the refresh limit this turn.,en-US
本回合更新次數已達上限,You have reached the refresh limit this turn.,en-US
基础收益,Base Earnings,en-US
基礎収益,Base Earnings,en-US
기본 획득,Base Earnings,en-US
基礎收益,Base Earnings,en-US
本轮收益,Current Hand Earnings,en-US
このターンの収益,Current Hand Earnings,en-US
이번 라운드 획득,Current Hand Earnings,en-US
本輪收益,Current Hand Earnings,en-US
选择已完成,Selection Confirmed,en-US
すでに選択済みです,Selection Confirmed,en-US
선택 완료,Selection Confirmed,en-US
選擇已完成,Selection Confirmed,en-US
选择任意星命牌,Select any Fatebound Stellar Card,en-US
任意のシャロットカードを選択してください,Select any Fatebound Stellar Card,en-US
페이트 카드 선택,Select any Fatebound Stellar Card,en-US
選擇任意星命牌,Select any Fatebound Stellar Card,en-US
当前企鹅牌已满级，无法选择,Unable to select max-level Fatebound Stellar Card.,en-US
選択中のシャロットカードは最大レベルに達しているため、選択できません,Unable to select max-level Fatebound Stellar Card.,en-US
현재 펭귄 카드가 최고 레벨이므로 선택할 수 없습니다.,Unable to select max-level Fatebound Stellar Card.,en-US
目前企鵝牌已滿級，無法選擇,Unable to select max-level Fatebound Stellar Card.,en-US
本局不再弹出,Don't show again this run,en-US
今回のプレイ中は表示しない,Don't show again this run,en-US
이번 게임 더 보지 않기,Don't show again this run,en-US
本局不再彈出,Don't show again this run,en-US
没有空置的星命牌槽位,No empty Fatebound Stellar Card slots,en-US
スロットに空きがありません,No empty Fatebound Stellar Card slots,en-US
빈 페이트 카드 슬롯 없음,No empty Fatebound Stellar Card slots,en-US
沒有空置的星命牌欄位,No empty Fatebound Stellar Card slots,en-US
尽快获得,Target,en-US
目標,Target,en-US
빠르게 획득,Target,en-US
盡快獲得,Target,en-US
限制{num_0}回合内完成,Complete within {num_0} turns,en-US
{num_0}ターン以内に達成する,Complete within {num_0} turns,en-US
제한: {num_0}턴 내 완료,Complete within {num_0} turns,en-US
限制{num_0}回合內完成,Complete within {num_0} turns,en-US
当前未签署合约,No contract signed.,en-US
現在契約は締結されていません,No contract signed.,en-US
현재 계약 서명하지 않음,No contract signed.,en-US
目前未簽署合约,No contract signed.,en-US
还有助手未招募，是否跳过招募,You have unrecruited Assistants. Skip anyway?,en-US
まだ雇用していないサポーターがいます。 雇用をスキップしますか？,You have unrecruited Assistants. Skip anyway?,en-US
아직 모집하지 않은 어시스트가 있습니다. 모집을 건너뛰겠습니까?,You have unrecruited Assistants. Skip anyway?,en-US
還有助手未招募，是否跳過招募？,You have unrecruited Assistants. Skip anyway?,en-US
还有星命牌未选择，是否跳过选择,You have unselected Fatebound Stellar Cards. Skip?,en-US
シャロットカードが未選択です。 スキップしますか？,You have unselected Fatebound Stellar Cards. Skip?,en-US
선택하지 않은 페이트 카드가 있습니다. 건너뛰겠습니까?,You have unselected Fatebound Stellar Cards. Skip?,en-US
還有星命牌未選擇，是否跳過選擇,You have unselected Fatebound Stellar Cards. Skip?,en-US
重试次数已用尽,No more retries today,en-US
再挑戦回数を使い切りました,No more retries today,en-US
재시도 횟수를 소진했습니다.,No more retries today,en-US
重試次數已用盡,No more retries today,en-US
牌型一览,Hand Overview,en-US
役一覧,Hand Overview,en-US
핸드 보기,Hand Overview,en-US
牌型一覽,Hand Overview,en-US
活动奖励,Event Rewards,en-US
任務,Event Rewards,en-US
이벤트 보상,Event Rewards,en-US
活動獎勵,Event Rewards,en-US
倍率+{num_0},Multiplier +{num_0},en-US
배율+{num_0},Multiplier +{num_0},en-US
倍率×{num_0},Multiplier ×{num_0},en-US
배율×{num_0},Multiplier ×{num_0},en-US
你赢了,You won!,en-US
VICTORY,You won!,en-US
승리,You won!,en-US
你贏了,You won!,en-US
尚未开放，敬请期待,This event is not available yet. Coming soon.,en-US
現在未開放です,This event is not available yet. Coming soon.,en-US
아직 오픈되지 않았습니다. 기다려 주세요.,This event is not available yet. Coming soon.,en-US
尚未開放，敬請期待,This event is not available yet. Coming soon.,en-US
{0}小时后开启,In {0}h,en-US
{0}時間後に解放,In {0}h,en-US
{0}시간 후 오픈,In {0}h,en-US
{0}小時後開放,In {0}h,en-US
{0}小时内开启,Available within {0}h,en-US
{0}時間以内に解放,Available within {0}h,en-US
{0}시간 후 오픈,Available within {0}h,en-US
{0}小時內開放,Available within {0}h,en-US
任务进度,Progress,en-US
任務進捗,Progress,en-US
임무 진행도,Progress,en-US
任務進度,Progress,en-US
活动尚未完成,Event incomplete,en-US
任務未完了です,Event incomplete,en-US
이벤트를 완료하지 않았습니다,Event incomplete,en-US
活動尚未完成,Event incomplete,en-US
查看任务条件,View Mission Requirements,en-US
任務条件確認,View Mission Requirements,en-US
임무 조건 확인,View Mission Requirements,en-US
查看任務條件,View Mission Requirements,en-US
翻转,Flip,en-US
反転,Flip,en-US
넘기기,Flip,en-US
翻轉,Flip,en-US
预览信条效果,View Note Effect,en-US
信条効果プレビュー,View Note Effect,en-US
태그 효과 미리 보기,View Note Effect,en-US
預覽信條效果,View Note Effect,en-US
条件{0},Requirement {0},en-US
조건 {0},Requirement {0},en-US
條件{0},Requirement {0},en-US
任务更新计数,Mission Update Count,en-US
任務更新カウント,Mission Update Count,en-US
임무 갱신 카운트다운,Mission Update Count,en-US
任務重置,Mission Update Count,en-US
任务进行中,Mission In Progress,en-US
任務進行中,Mission In Progress,en-US
임무 진행 중,Mission In Progress,en-US
选取改主题任意槽位信条进行揭示,Select and change any theme slot note to reveal,en-US
テーマを変更した任意のスロットの信条を選択すると表示されます,Select and change any theme slot note to reveal,en-US
해당 테마의 슬롯 태그 선택 시 오픈,Select and change any theme slot note to reveal,en-US
選擇該主題任意欄位信條進行揭示,Select and change any theme slot note to reveal,en-US
进行中,In Progress,en-US
進行中,In Progress,en-US
진행 중,In Progress,en-US
未揭示,Not Revealed,en-US
表示されていません,Not Revealed,en-US
미오픈,Not Revealed,en-US
冻结,Freeze,en-US
凍結,Freeze,en-US
중단,Freeze,en-US
任务冻结,Mission Frozen,en-US
任務凍結,Mission Frozen,en-US
임무 일시 중단,Mission Frozen,en-US
是否确认替换？替换后以下潜能将受到影响,Sure to replace? Potentials may be affected after the replacement,en-US
置き換えますか？置き換えると、以下の素質が影響を受けます,Sure to replace? Potentials may be affected after the replacement,en-US
교체하시겠습니까? 교체하면 다음 잠재력에 영향을 줍니다.,Sure to replace? Potentials may be affected after the replacement,en-US
是否確定替換？替換後，以下潛能將受到影響,Sure to replace? Potentials may be affected after the replacement,en-US
潜能替换,Potential Replace,en-US
素質置換,Potential Replace,en-US
잠재력 교체,Potential Replace,en-US
潛能替換,Potential Replace,en-US
星启,Nebular,en-US
星啓,Nebular,en-US
별의 시작,Nebular,en-US
星啟,Nebular,en-US
分析,Analysis,en-US
분석,Analysis,en-US
混沌,Chaotic,en-US
혼돈,Chaotic,en-US
直觉,Intuition,en-US
直感,Intuition,en-US
직감,Intuition,en-US
直覺,Intuition,en-US
今日已邀约,Invited Today,en-US
デート済み,Invited Today,en-US
신청 완료,Invited Today,en-US
今日已邀約,Invited Today,en-US
[表情],[Emote],en-US
[スタンプ],[Emote],en-US
「이모티콘」,[Emote],en-US
[貼圖],[Emote],en-US
[图片],[Image],en-US
[画像],[Image],en-US
「이미지」,[Image],en-US
[圖片],[Image],en-US
当前暂无聊天,No Chats,en-US
チャットがありません,No Chats,en-US
채팅이 없습니다,No Chats,en-US
目前暫無聊天,No Chats,en-US
列表,List,en-US
リスト,List,en-US
리스트,List,en-US
清單,List,en-US
选择联系人提升默契值,Select contacts to increase Affinity,en-US
連絡先を選択して信頼値を上げる,Select contacts to increase Affinity,en-US
연락처를 선택해 호감도를 높이세요.,Select contacts to increase Affinity,en-US
選擇聯絡人提升默契值,Select contacts to increase Affinity,en-US
默契等级达到{0}解锁,Reach Affinity Lv. {0} to unlock,en-US
默契等級達到{0}解鎖,Reach Affinity Lv. {0} to unlock,en-US
巡遊者情報,Archive,en-US
これ以上デートできません,Invited Today,en-US
约会回忆,Date Memory,en-US
デート回想,Date Memory,en-US
특별한 추억,Date Memory,en-US
約會回憶,Date Memory,en-US
接下来要做什么呢~,"So, what's next?",en-US
さて、次は何をしようか,"So, what's next?",en-US
이어서 무엇을 할까~,"So, what's next?",en-US
接下來要做什麼呢~,"So, what's next?",en-US
特殊回忆,Special Memory,en-US
特殊回想,Special Memory,en-US
특별한 추억,Special Memory,en-US
特殊回憶,Special Memory,en-US
邀约,Invite,en-US
デート,Invite,en-US
신청,Invite,en-US
邀約,Invite,en-US
开始邀约,Start Invitation,en-US
デート,Start Invitation,en-US
약속 신청,Start Invitation,en-US
開始邀約,Start Invitation,en-US
赠送礼物,Send Gift,en-US
地址：{0},Address: {0},en-US
住所：{0},Address: {0},en-US
주소: {0},Address: {0},en-US
今日已赠礼{0}/{1},Gifts Sent Today: {0}/{1},en-US
今日送ったギフト{0}/{1},Gifts Sent Today: {0}/{1},en-US
오늘 {0}/{1}회 선물 완료,Gifts Sent Today: {0}/{1},en-US
今日已贈禮{0}/{1},Gifts Sent Today: {0}/{1},en-US
本次赠礼上限{0}/{1},Gift Limit: {0}/{1},en-US
今回のギフト上限{0}/{1},Gift Limit: {0}/{1},en-US
이번 선물 발송 한도{0}/{1},Gift Limit: {0}/{1},en-US
本次贈禮上限{0}/{1},Gift Limit: {0}/{1},en-US
获取区域,Acquire From,en-US
入手方法,Acquire From,en-US
획득 구역,Acquire From,en-US
獲得區域,Acquire From,en-US
当前未持有可送出的礼物,Do not own any gifts available to be sent,en-US
贈れるギフトはありません,Do not own any gifts available to be sent,en-US
현재 발송 가능한 선물이 없습니다,Do not own any gifts available to be sent,en-US
目前未持有可贈送的禮物,Do not own any gifts available to be sent,en-US
邮递服务,Delivery Service,en-US
ギフトサービス,Delivery Service,en-US
택배 서비스,Delivery Service,en-US
郵寄服務,Delivery Service,en-US
通讯,Chat,en-US
チャット,Chat,en-US
연락처,Chat,en-US
通訊,Chat,en-US
邮寄,Mail,en-US
ギフト,Mail,en-US
발송,Mail,en-US
郵寄,Mail,en-US
置顶联系人数量已达最大,Max pinned contacts reached,en-US
ピン留めできる人数が最大に達しています,Max pinned contacts reached,en-US
상단 고정 가능한 연락처 수가 최대치에 도달했습니다.,Max pinned contacts reached,en-US
置頂聯絡人數量已達最大,Max pinned contacts reached,en-US
解锁后可以使用头像,The portrait can be used once it's unlocked.,en-US
解放するとアイコンを使用できます,The portrait can be used once it's unlocked.,en-US
오픈 후 프로필을 사용할 수 있습니다.,The portrait can be used once it's unlocked.,en-US
解鎖後可使用大頭貼,The portrait can be used once it's unlocked.,en-US
第 {0} 话,Act {0},en-US
第{0}話,Act {0},en-US
{0} 화,Act {0},en-US
{0}升阶{1}次后开启,{0} Tier Up {1} times to activate,en-US
{0}昇格を{1}回すると解放,{0} Tier Up {1} times to activate,en-US
{0} 승급 {1}회 후 오픈,{0} Tier Up {1} times to activate,en-US
{0}升階{1}次後開放,{0} Tier Up {1} times to activate,en-US
需要通关主线{0}后开启,Clear Main Story {0} to activate,en-US
メインストーリー{0}をクリアすると解放,Clear Main Story {0} to activate,en-US
메인 스토리 {0} 클리어 후 오픈,Clear Main Story {0} to activate,en-US
时装剧情,Style Story,en-US
スキンストーリー,Style Story,en-US
스킨 스토리,Style Story,en-US
時裝劇情,Style Story,en-US
完成剧情{0}后解锁,Complete Main Story {0} to unlock,en-US
ストーリー{0}を完了すると解放,Complete Main Story {0} to unlock,en-US
스토리 {0} 완료 시 오픈,Complete Main Story {0} to unlock,en-US
完成劇情{0}後解鎖,Complete Main Story {0} to unlock,en-US
点击技能即可查看详情,Select a skill to view its details,en-US
スキルをタップすると詳細を確認できます,Select a skill to view its details,en-US
스킬 터치 시 상세 정보를 확인할 수 있습니다,Select a skill to view its details,en-US
點選技能即可查看詳情,Select a skill to view its details,en-US
点击此按钮可进行闪避,Select this button to dodge,en-US
このボタンをタップして回避できます,Select this button to dodge,en-US
이 버튼을 누르면 회피할 수 있습니다,Select this button to dodge,en-US
點選此按鈕可進行閃避,Select this button to dodge,en-US
点击此按钮可切换目标,Select this button to switch targets,en-US
このボタンをタップしてターゲットを変更できます,Select this button to switch targets,en-US
이 버튼을 누르면 목표를 변경할 수 있습니다,Select this button to switch targets,en-US
點選此按鈕可切換目標,Select this button to switch targets,en-US
通用,Generic,en-US
汎用素質,Generic,en-US
공용,Generic,en-US
普通潜能,Common Potential,en-US
サブ素質,Common Potential,en-US
일반 잠재력,Common Potential,en-US
普通潛能,Common Potential,en-US
当前编队和预设旅人不一致 是否自动进行编队,Your current squad doesn't match this preset. Update squad automatically?,en-US
現在の巡遊者編成がプリセットと一致していません 自動で編成しますか？,Your current squad doesn't match this preset. Update squad automatically?,en-US
현재 팀 편성과 프리셋 여행가가 일치하지 않습니다. 자동으로 팀을 편성하시겠습니까?,Your current squad doesn't match this preset. Update squad automatically?,en-US
目前編隊和預設旅人不一致 是否自動進行編隊,Your current squad doesn't match this preset. Update squad automatically?,en-US
潜能预设已达上限无法新增,Preset limit reached. Failed to import.,en-US
プリセットが上限数に達しているため追加できません,Preset limit reached. Failed to import.,en-US
잠재력 프리셋이 최대치에 도달하여 신규 생성할 수 없습니다.,Preset limit reached. Failed to import.,en-US
潛能預設已達上限，無法新增,Preset limit reached. Failed to import.,en-US
已取消当前预设选择,Preset selection canceled.,en-US
現在のプリセットをキャンセルしました,Preset selection canceled.,en-US
현재 프리셋 선택 취소 완료,Preset selection canceled.,en-US
已取消目前預設選擇,Preset selection canceled.,en-US
潜能预设改名,Rename Preset,en-US
プリセット名変更,Rename Preset,en-US
잠재력 프리셋 이름 변경,Rename Preset,en-US
潛能預設改名,Rename Preset,en-US
未选择旅人,Not selected.,en-US
巡遊者が選択されていません,Not selected.,en-US
여행가 미선택,Not selected.,en-US
未選擇旅人,Not selected.,en-US
角色未拥有,Trekker not owned.,en-US
巡遊者を所持していません,Trekker not owned.,en-US
보유하지 않은 캐릭터입니다,Trekker not owned.,en-US
暫未擁有角色,Trekker not owned.,en-US
当前预设具有未招募的旅人 是否仍要使用,This preset includes unrecruited Trekkers. Apply anyway?,en-US
現在のプリセットには未獲得の巡遊者が含まれています それでも使用しますか？,This preset includes unrecruited Trekkers. Apply anyway?,en-US
현재 프리셋에 아직 모집하지 않은 여행가가 있습니다. 계속 사용하시겠습니까?,This preset includes unrecruited Trekkers. Apply anyway?,en-US
目前預設具有未招募的旅人 是否仍要使用,This preset includes unrecruited Trekkers. Apply anyway?,en-US
请选择三名旅人后继续,Please select 3 Trekkers to continue.,en-US
3名の巡遊者を選択してください,Please select 3 Trekkers to continue.,en-US
여행가 3명을 선택해 주세요.,Please select 3 Trekkers to continue.,en-US
請選擇三名旅人後繼續,Please select 3 Trekkers to continue.,en-US
旅人已选择,Trekker Selected,en-US
巡遊者を選択しました,Trekker Selected,en-US
여행가 선택됨,Trekker Selected,en-US
已選擇旅人,Trekker Selected,en-US
新建预设,New Preset,en-US
プリセット作成,New Preset,en-US
신규 프리셋 생성,New Preset,en-US
新建預設,New Preset,en-US
当前预设名称,Current Name,en-US
現在のプリセット名,Current Name,en-US
目前預設名稱,Current Name,en-US
成功删除预设,Preset deleted.,en-US
プリセットを削除しました,Preset deleted.,en-US
프리셋 삭제 완료,Preset deleted.,en-US
預設刪除成功,Preset deleted.,en-US
是否确认删除当前潜能预设,Delete this Preset?,en-US
現在のプリセットを削除しますか？,Delete this Preset?,en-US
현재 잠재력 프리셋을 삭제하겠습니까?,Delete this Preset?,en-US
是否確認刪除目前的潛能預設,Delete this Preset?,en-US
预选删除中,Deleting preset...,en-US
削除対象選択中,Deleting preset...,en-US
프리셋 삭제 중,Deleting preset...,en-US
預選刪除中,Deleting preset...,en-US
编 辑,Edit,en-US
編 集,Edit,en-US
편 집,Edit,en-US
編 輯,Edit,en-US
放弃编辑,Discard Changes,en-US
編集をやめる,Discard Changes,en-US
편집 취소,Discard Changes,en-US
放棄編輯,Discard Changes,en-US
保 存,Save,en-US
저 장,Save,en-US
儲 存,Save,en-US
导入预设,Import Preset,en-US
プリセットインポート,Import Preset,en-US
프리셋 가져오기,Import Preset,en-US
匯入預設,Import Preset,en-US
当前暂不可导入预设,Unable to import presets right now.,en-US
プリセットをインポートすることができません,Unable to import presets right now.,en-US
현재 프리셋을 가져올 수 없습니다.,Unable to import presets right now.,en-US
目前暫無法匯入預設,Unable to import presets right now.,en-US
预设代码异常无法导入,Preset code error. Failed to import.,en-US
このプリセットコードは使用できません,Preset code error. Failed to import.,en-US
"프리셋 코드 오류, 가져올 수 없습니다.",Preset code error. Failed to import.,en-US
預設代碼異常無法匯入,Preset code error. Failed to import.,en-US
请输入预设代码,Enter preset code.,en-US
プリセットコードを入力,Enter preset code.,en-US
프리셋 코드를 입력해 주세요.,Enter preset code.,en-US
請輸入預設代碼,Enter preset code.,en-US
成功导入潜能预设,Preset imported.,en-US
プリセットをインポートしました,Preset imported.,en-US
잠재력 프리셋 가져오기 완료,Preset imported.,en-US
成功匯入潛能預設,Preset imported.,en-US
导入潜能预设,Import Preset,en-US
잠재력 프리셋 가져오기,Import Preset,en-US
匯入潛能預設,Import Preset,en-US
所用角色不一致,Trekkers do not match.,en-US
巡遊者が一致していません。,Trekkers do not match.,en-US
사용 캐릭터 불일치,Trekkers do not match.,en-US
具有未拥有的角色,Contains unowned Trekkers,en-US
未所持の巡遊者がいます。,Contains unowned Trekkers,en-US
보유하지 않은 캐릭터가 있습니다,Contains unowned Trekkers,en-US
具有未擁有的角色,Contains unowned Trekkers,en-US
没有已保存的潜能预设,No saved Presets.,en-US
保存されたプリセットはありません,No saved Presets.,en-US
저장된 잠재력 프리셋이 없습니다.,No saved Presets.,en-US
沒有已儲存的潛能預設,No saved Presets.,en-US
没有符合条件的角色,No characters match your filter.,en-US
条件を満たす巡遊者がいません,No characters match your filter.,en-US
조건에 부합하는 캐릭터가 없습니다.,No characters match your filter.,en-US
沒有符合條件的角色,No characters match your filter.,en-US
小队成员,Squad Members,en-US
チームメンバー,Squad Members,en-US
팀 여행가,Squad Members,en-US
小隊成員,Squad Members,en-US
潜能预设名称,Preset Name,en-US
プリセット名,Preset Name,en-US
잠재력 프리셋 이름,Preset Name,en-US
潛能預設名稱,Preset Name,en-US
未命名潜能预设,Unnamed,en-US
名前未入力,Unnamed,en-US
프리셋,Unnamed,en-US
未命名潛能預設,Unnamed,en-US
入力する,Enter Name,en-US
未选择潜能,No Potential selected.,en-US
素質未選択,No Potential selected.,en-US
잠재력을 선택하지 않았습니다,No Potential selected.,en-US
未選擇潛能,No Potential selected.,en-US
推荐,Recommended,en-US
推奨,Recommended,en-US
추천,Recommended,en-US
推薦,Recommended,en-US
推荐{0}级,Rcmd: Lv. {0},en-US
Lv{0}推奨,Rcmd: Lv. {0},en-US
{0}레벨 추천,Rcmd: Lv. {0},en-US
推薦{0}級,Rcmd: Lv. {0},en-US
预设保存过于频繁，请稍后再试,Preset saving is on cooldown. Please try again later.,en-US
プリセットの保存が頻繁すぎます。しばらくしてから再度お試しください,Preset saving is on cooldown. Please try again later.,en-US
프리셋 저장이 너무 잦습니다. 잠시 후 다시 시도해 주세요.,Preset saving is on cooldown. Please try again later.,en-US
預設儲存過於頻繁，請稍後再試,Preset saving is on cooldown. Please try again later.,en-US
已保存为自身预设,Saved to your Presets.,en-US
マイプリセットとして保存しました,Saved to your Presets.,en-US
내 프리셋으로 저장 완료,Saved to your Presets.,en-US
已儲存为自身預設,Saved to your Presets.,en-US
当前设定中,Currently applied.,en-US
現在設定中,Currently applied.,en-US
현재 설정 중,Currently applied.,en-US
目前設定中,Currently applied.,en-US
请选择编队旅人,Select Trekkers for your squad.,en-US
編成する巡遊者を選択してください,Select Trekkers for your squad.,en-US
편성할 여행가를 선택하세요,Select Trekkers for your squad.,en-US
請選擇編隊旅人,Select Trekkers for your squad.,en-US
已成功选择潜能预设,Potential preset set!,en-US
プリセットを選択しました,Potential preset set!,en-US
잠재력 프리셋 선택 완료,Potential preset set!,en-US
已成功選擇潛能預設,Potential preset set!,en-US
每个旅人最多激活两个核心潜能,Each Trekker can activate up to two Core Potentials.,en-US
各巡遊者はコア素質を最大2つまで有効化できます,Each Trekker can activate up to two Core Potentials.,en-US
모든 여행가는 최대 2개의 핵심 잠재력을 활성화할 수 있습니다.,Each Trekker can activate up to two Core Potentials.,en-US
每位旅人最多啟動兩個核心潛能,Each Trekker can activate up to two Core Potentials.,en-US
分 享,Share,en-US
共 有,Share,en-US
공 유,Share,en-US
队伍编码分享失败,Failed to share squad code,en-US
プリセットコードの共有に失敗しました。,Failed to share squad code,en-US
코드 공유 실패,Failed to share squad code,en-US
隊伍編碼分享失敗,Failed to share squad code,en-US
队伍编码已保存，请复制分享,Squad code copied! You can now share it.,en-US
プリセットコードを保存しました。コピーして共有してください,Squad code copied! You can now share it.,en-US
"코드 저장 완료, 복사하여 공유하세요.",Squad code copied! You can now share it.,en-US
隊伍編碼已儲存，請複製分享,Squad code copied! You can now share it.,en-US
已隐藏系统推荐潜能预设,System-Recommended Potential Presets Hidden,en-US
プリセットサンプルを非表示にしました,System-Recommended Potential Presets Hidden,en-US
시스템 추천 잠재력 프리셋 숨김 완료,System-Recommended Potential Presets Hidden,en-US
已隱藏系統推薦潛能預設,System-Recommended Potential Presets Hidden,en-US
已显示系统推荐潜能预设,System-Recommended Potential Presets Shown,en-US
プリセットサンプルを表示しました,System-Recommended Potential Presets Shown,en-US
시스템 추천 잠재력 프리셋 표시 완료,System-Recommended Potential Presets Shown,en-US
已顯示系統推薦潛能預設,System-Recommended Potential Presets Shown,en-US
使用する,Use,en-US
显示推荐,Preset,en-US
推奨表示,Preset,en-US
추천 표시,Preset,en-US
顯示推薦,Preset,en-US
队伍等级提升至{0}级,Squad level has increased to Lv. {0},en-US
チームレベルが{0}に上昇,Squad level has increased to Lv. {0},en-US
팀 {0}레벨 달성,Squad level has increased to Lv. {0},en-US
隊伍等級提升至{0}級,Squad level has increased to Lv. {0},en-US
核心潜能,Core Potential,en-US
コア素質,Core Potential,en-US
핵심 잠재력,Core Potential,en-US
核心潛能,Core Potential,en-US
暂无系统推荐预设,No System-Recommended Presets Available,en-US
プリセットサンプルがありません,No System-Recommended Presets Available,en-US
시스템 추천 프리셋 없음,No System-Recommended Presets Available,en-US
暫無系統推薦預設,No System-Recommended Presets Available,en-US
系统推荐,System Recommendation,en-US
サンプル表示,System Recommendation,en-US
시스템 추천,System Recommendation,en-US
系統推薦,System Recommendation,en-US
系统预设,System Preset,en-US
プリセット サンプル,System Preset,en-US
시스템 프리셋,System Preset,en-US
系統預設,System Preset,en-US
プリセットサンプル,System Preset,en-US
随机2~4条附加属性,2 to 4 random additional stats,en-US
ランダムに2～4個の属性を付与,2 to 4 random additional stats,en-US
2~4개의 랜덤 추가 속성,2 to 4 random additional stats,en-US
隨機2~4條附加屬性,2 to 4 random additional stats,en-US
分 解,Dismantle,en-US
分解,Dismantle,en-US
분 해,Dismantle,en-US
神器,Artifact,en-US
신기,Artifact,en-US
可获得,Can Receive,en-US
入手可能,Can Receive,en-US
획득 가능,Can Receive,en-US
可獲得,Can Receive,en-US
批量添加,Bulk Add,en-US
一括追加,Bulk Add,en-US
일괄 추가,Bulk Add,en-US
批次新增,Bulk Add,en-US
往期活动剧情,Previous Event Stories,en-US
過去のイベントストーリー,Previous Event Stories,en-US
지난 이벤트 스토리,Previous Event Stories,en-US
過往活動劇情,Previous Event Stories,en-US
当前数量已达上限,Max limit reached,en-US
上限に達しています,Max limit reached,en-US
현재 수량 한도 도달,Max limit reached,en-US
目前數量已達上限,Max limit reached,en-US
当前数量已达下限,Min limit reached,en-US
下限に達しています,Min limit reached,en-US
현재 수량 최저값 도달,Min limit reached,en-US
目前數量已達下限,Min limit reached,en-US
配队教学,Lineup Tutorial,en-US
編成ガイド,Lineup Tutorial,en-US
편성 튜토리얼,Lineup Tutorial,en-US
組隊教學,Lineup Tutorial,en-US
魔王养成,Tyrant Growth,en-US
魔王育成,Tyrant Growth,en-US
마왕 육성,Tyrant Growth,en-US
魔王養成,Tyrant Growth,en-US
今日事务,Daily Affairs,en-US
日課,Daily Affairs,en-US
일일 업무,Daily Affairs,en-US
今日事務,Daily Affairs,en-US
每周事务,Weekly Affairs,en-US
週間課題,Weekly Affairs,en-US
주간 업무,Weekly Affairs,en-US
每週事務,Weekly Affairs,en-US
等级奖励,Level Rewards,en-US
権限報酬,Level Rewards,en-US
레벨 보상,Level Rewards,en-US
等級獎勵,Level Rewards,en-US
命运任务,Fate Quests,en-US
ミニゲームⅡ,Fate Quests,en-US
페이트 임무,Fate Quests,en-US
命運任務,Fate Quests,en-US
返回总览,Back to Overview,en-US
戻る,Back to Overview,en-US
전체 보기,Back to Overview,en-US
返回總覽,Back to Overview,en-US
冒险任务,Adventure Quests,en-US
冒険任務,Adventure Quests,en-US
모험 임무,Adventure Quests,en-US
冒險任務,Adventure Quests,en-US
終了,Closed,en-US
日常任务,Daily Task,en-US
デイリー任務,Daily Task,en-US
일일 임무,Daily Task,en-US
每日任務,Daily Task,en-US
创业计划,Project: Start Up,en-US
事業計画,Project: Start Up,en-US
창업 계획,Project: Start Up,en-US
創業計畫,Project: Start Up,en-US
確認,Go,en-US
主线任务,Main Story Mission,en-US
メインストーリー任務,Main Story Mission,en-US
메인 스토리 임무,Main Story Mission,en-US
主線任務,Main Story Mission,en-US
普通任务,Common Quests,en-US
通常任務,Common Quests,en-US
일반 임무,Common Quests,en-US
普通任務,Common Quests,en-US
趣味任务,Special Quests,en-US
ミニゲームⅠ,Special Quests,en-US
플레이 임무,Special Quests,en-US
趣味任務,Special Quests,en-US
挑战任务,Challenge Quests,en-US
挑戦任務,Challenge Quests,en-US
도전 임무,Challenge Quests,en-US
挑戰任務,Challenge Quests,en-US
新手教学完成,Tutorial Complete,en-US
チュートリアル完了,Tutorial Complete,en-US
초보 튜토리얼 완료,Tutorial Complete,en-US
新手教學完成,Tutorial Complete,en-US
周常任务,Weekly Mission,en-US
週間課題,Weekly Mission,en-US
주간 임무,Weekly Mission,en-US
每週任務,Weekly Mission,en-US
权限等级,Authorization Level,en-US
権限レベル,Authorization Level,en-US
권한 레벨,Authorization Level,en-US
權限等級,Authorization Level,en-US
累计经验,Total EXP,en-US
累計経験値,Total EXP,en-US
누적 경험치,Total EXP,en-US
累計經驗,Total EXP,en-US
开启快速战斗,Quick Battle,en-US
で掃討解放,Quick Battle,en-US
빠른 전투 오픈,Quick Battle,en-US
開啟快速戰鬥,Quick Battle,en-US
三星通关解锁快速战斗,Clear the stage with 3★ to unlock Quick Battle.,en-US
★3を達成すると掃討解放,Clear the stage with 3★ to unlock Quick Battle.,en-US
★3 클리어 시 빠른 전투 오픈,Clear the stage with 3★ to unlock Quick Battle.,en-US
三星通關解鎖快速戰鬥,Clear the stage with 3★ to unlock Quick Battle.,en-US
开始战斗,Start Battle,en-US
戦闘開始,Start Battle,en-US
전투 시작,Start Battle,en-US
開始戰鬥,Start Battle,en-US
总 览,Overview,en-US
詳細,Overview,en-US
總 覽,Overview,en-US
{0}次,Battle {0},en-US
{0}回,Battle {0},en-US
{0}회,Battle {0},en-US
经验值：,EXP:,en-US
経験値：,EXP:,en-US
경험치:,EXP:,en-US
經驗值：,EXP:,en-US
达成三星条件开启快速战斗,Reach 3★ to unlock Quick Battle,en-US
★3を達成すると掃討解放,Reach 3★ to unlock Quick Battle,en-US
★3 클리어 조건 달성 시 빠른 전투 오픈,Reach 3★ to unlock Quick Battle,en-US
達成三星條件開啟快速戰鬥,Reach 3★ to unlock Quick Battle,en-US
战斗次数,Battles,en-US
戦闘回数,Battles,en-US
전투 횟수,Battles,en-US
戰鬥次數,Battles,en-US
战斗奖励,Rewards,en-US
クリア報酬,Rewards,en-US
전투 보상,Rewards,en-US
戰鬥獎勵,Rewards,en-US
消耗干劲进行快速战斗直接获取奖励,Use Vigor for Quick Battle to immediately claim rewards,en-US
やる気を使って掃討を行うと、報酬をすぐに獲得できます。,Use Vigor for Quick Battle to immediately claim rewards,en-US
활력을 소모하여 빠른 전투를 진행하시고 즉시 보상을 획득하세요,Use Vigor for Quick Battle to immediately claim rewards,en-US
消耗活力進行快速戰鬥可直接獲得獎勵,Use Vigor for Quick Battle to immediately claim rewards,en-US
干劲进行快速战斗直接获取奖励,Use Vigor for Quick Battle to immediately claim rewards,en-US
やる気を使って掃討を行うと、報酬をすぐに獲得できます,Use Vigor for Quick Battle to immediately claim rewards,en-US
활력으로 빠른 전투를 진행하면 즉시 보상을 획득할 수 있습니다,Use Vigor for Quick Battle to immediately claim rewards,en-US
以活力進行快速戰鬥可直接獲得獎勵,Use Vigor for Quick Battle to immediately claim rewards,en-US
消耗,Cost,en-US
消費,Cost,en-US
소모,Cost,en-US
战斗完成,Battle Complete,en-US
戦闘完了,Battle Complete,en-US
전투 완료,Battle Complete,en-US
戰鬥完成,Battle Complete,en-US
战斗中,In Battle,en-US
戦闘中,In Battle,en-US
전투 중,In Battle,en-US
戰鬥中,In Battle,en-US
某个魔王的纪录,The Record of an Unknown Tyrant,en-US
とある魔王の記録,The Record of an Unknown Tyrant,en-US
어느 마왕의 기록,The Record of an Unknown Tyrant,en-US
某個魔王的紀錄,The Record of an Unknown Tyrant,en-US
旧版本数据无法查看,Data from older versions is unavailable.,en-US
旧バージョンのデータは閲覧できません,Data from older versions is unavailable.,en-US
이전 데이터를 찾을 수 없습니다,Data from older versions is unavailable.,en-US
無法查看舊版本數據,Data from older versions is unavailable.,en-US
保存预设,Save,en-US
保存,Save,en-US
프리셋 저장,Save,en-US
儲存預設,Save,en-US
获得新形象!!,Acquired new appearance!!!,en-US
フォトメモ獲得！,Acquired new appearance!!!,en-US
신규 획득!!,Acquired new appearance!!!,en-US
獲得新形象！！,Acquired new appearance!!!,en-US
推荐战力,Recommended Combat Power,en-US
おすすめ戦力,Recommended Combat Power,en-US
추천 전투력,Recommended Combat Power,en-US
推薦戰力,Recommended Combat Power,en-US
不足，是否跳转充值,Insufficient . Go top up now?,en-US
が不足しています。購入画面へ移動しますか？,Insufficient . Go top up now?,en-US
"부족, 구매하러 가시겠습니까?",Insufficient . Go top up now?,en-US
不足，是否跳轉儲值,Insufficient . Go top up now?,en-US
暂无招募记录,No Record,en-US
履歴がありません,No Record,en-US
모집 기록 없음,No Record,en-US
尚無招募紀錄,No Record,en-US
卡池详情,Details,en-US
卡池詳情,Details,en-US
招募一次,Recruit x1,en-US
1回引く,Recruit x1,en-US
모집 1회,Recruit x1,en-US
通关可获得1星评级,Clear the stage to receive 1★ rating,en-US
クリアすると★1の評価を獲得,Clear the stage to receive 1★ rating,en-US
스테이지 클리어 시 1★ 평점 획득 가능,Clear the stage to receive 1★ rating,en-US
過關可獲得1星評級,Clear the stage to receive 1★ rating,en-US
剩余时间大于{0}秒， 通关可获得3星评级,Clear the stage with more than {0}s remaining to receive a 3★ rating,en-US
{0}秒以上残してクリアすると ★3を獲得,Clear the stage with more than {0}s remaining to receive a 3★ rating,en-US
남은 시간 {0}초 초과 시 ★3 평점 획득 가능,Clear the stage with more than {0}s remaining to receive a 3★ rating,en-US
剩餘時間超過{0}秒， 過關可獲得3星評級,Clear the stage with more than {0}s remaining to receive a 3★ rating,en-US
剩余时间结束前， 通关可获得2星评级,Clear the stage before the time runs out to receive a 2★ rating,en-US
制限時間終了前にクリアすると ★2を獲得,Clear the stage before the time runs out to receive a 2★ rating,en-US
시간 내 클리어 시 ★2 평점 획득 가능,Clear the stage before the time runs out to receive a 2★ rating,en-US
剩餘時間結束前， 過關可獲得2星評級,Clear the stage before the time runs out to receive a 2★ rating,en-US
首领挑战,Boss Challenge,en-US
首領に挑戦,Boss Challenge,en-US
보스 도전,Boss Challenge,en-US
首領挑戰,Boss Challenge,en-US
选择纪录,Select Record,en-US
記録選択,Select Record,en-US
기록 선택,Select Record,en-US
選擇紀錄,Select Record,en-US
纪录成员不可变更,Record member cannot be changed,en-US
記録の編成は変更できません,Record member cannot be changed,en-US
기록 멤버는 변경할 수 없습니다,Record member cannot be changed,en-US
紀錄成員無法變更,Record member cannot be changed,en-US
选择纪录后才可以进行讨伐哟~,Select a Record to continue with the conquest!,en-US
記録を選択すると討伐を進行できます,Select a Record to continue with the conquest!,en-US
기록을 선택해야 토벌을 떠날 수 있어요~,Select a Record to continue with the conquest!,en-US
選擇紀錄後才可以進行討伐哦~,Select a Record to continue with the conquest!,en-US
成功讨伐,Clear the stage,en-US
討伐完了,Clear the stage,en-US
토벌 성공,Clear the stage,en-US
成功討伐,Clear the stage,en-US
限定时间内完成讨伐,Clear within the time limit,en-US
制限時間内に討伐を完了,Clear within the time limit,en-US
제한 시간 내 클리어,Clear within the time limit,en-US
限定時間內完成討伐,Clear within the time limit,en-US
剩余时间大于{0}秒完成,Clear with >{0}s remaining,en-US
残り時間{0}秒以上でクリア,Clear with >{0}s remaining,en-US
남은 시간 {0}초 초과로 클리어,Clear with >{0}s remaining,en-US
剩餘時間超過{0}秒完成,Clear with >{0}s remaining,en-US
纪录详情,Record Details,en-US
記録詳細,Record Details,en-US
기록 상세,Record Details,en-US
紀錄詳情,Record Details,en-US
出 战,Deploy,en-US
戦闘開始,Deploy,en-US
출 전,Deploy,en-US
出 戰,Deploy,en-US
数量：{0}/{1},Amount: {0}/{1},en-US
数量：({0}/{1}),Amount: {0}/{1},en-US
수량: {0}/{1},Amount: {0}/{1},en-US
數量：{0}/{1},Amount: {0}/{1},en-US
原有纪录不存在，请重新选择,Original Record does not exist. Please select again.,en-US
選択中の記録が見つかりません。再度選択してください,Original Record does not exist. Please select again.,en-US
기존 기록이 없습니다. 다시 선택하세요.,Original Record does not exist. Please select again.,en-US
原有紀錄不存在，請重新選擇,Original Record does not exist. Please select again.,en-US
未在开放时间,Not available at this time,en-US
開放時間外です,Not available at this time,en-US
可能掉落,Rewards,en-US
入手可能,Rewards,en-US
획득 가능,Rewards,en-US
敌方技能,Enemy Skills,en-US
敵スキル,Enemy Skills,en-US
적 스킬,Enemy Skills,en-US
敵方技能,Enemy Skills,en-US
未解锁,Locked,en-US
未解鎖,Locked,en-US
敬请期待,Coming Soon,en-US
今後実装予定です,Coming Soon,en-US
기대해 주세요!,Coming Soon,en-US
敬請期待,Coming Soon,en-US
满足条件解锁,Locked,en-US
条件を満たすと解放,Locked,en-US
조건 충족 시 오픈,Locked,en-US
符合條件後解鎖,Locked,en-US
该难度未解锁,Difficulty locked,en-US
この難易度は未解放です,Difficulty locked,en-US
오픈되지 않은 난이도,Difficulty locked,en-US
該難度未解鎖,Difficulty locked,en-US
通关前置{0}关卡,Clear: {0},en-US
{0}のステージをクリア,Clear: {0},en-US
이전 스테이지 {0} 클리어,Clear: {0},en-US
通過前置{0}關卡,Clear: {0},en-US
权限等级 {0} 解锁,Reach Authorization Lv. {0} to unlock,en-US
権限レベル {0} で解放,Reach Authorization Lv. {0} to unlock,en-US
권한 레벨 {0} 달성 시 오픈,Reach Authorization Lv. {0} to unlock,en-US
重 置,Reset,en-US
主线回顾,Main Story Revisit,en-US
メインストーリー回顧,Main Story Revisit,en-US
메인 스토리 회상,Main Story Revisit,en-US
主線回顧,Main Story Revisit,en-US
掉落奖励,Rewards,en-US
ドロップ報酬,Rewards,en-US
드랍 보상,Rewards,en-US
掉落獎勵,Rewards,en-US
区域首领,Zone Boss,en-US
エリア首領,Zone Boss,en-US
구역 보스,Zone Boss,en-US
區域首領,Zone Boss,en-US
真格模式,Focused Mode,en-US
首領討伐モード,Focused Mode,en-US
하드 모드,Focused Mode,en-US
成功讨伐,Conquest Successful,en-US
討伐完了,Conquest Successful,en-US
토벌 성공,Conquest Successful,en-US
成功討伐,Conquest Successful,en-US
{0}秒内完成讨伐,Complete conquest within {0}s,en-US
{0}秒以内に討伐を完了,Complete conquest within {0}s,en-US
{0}초 내 토벌 완료,Complete conquest within {0}s,en-US
{0}秒內完成討伐,Complete conquest within {0}s,en-US
战斗用时,Battle Time,en-US
戦闘所要時間,Battle Time,en-US
전투 클리어 시간,Battle Time,en-US
戰鬥時間,Battle Time,en-US
选择纪录后即可查看纪录成员,View Record member after selecting a Record,en-US
記録を選択すると編成されている巡遊者を確認できます,View Record member after selecting a Record,en-US
기록을 선택하면 즉시 기록 멤버를 확인할 수 있습니다,View Record member after selecting a Record,en-US
選擇紀錄後即可查看紀錄成員,View Record member after selecting a Record,en-US
不可继续升级，货币已返还,Unable to upgrade. Currency refunded,en-US
レベルアップを継続できません。通貨は返還されました,Unable to upgrade. Currency refunded,en-US
계속 레벨업할 수 없습니다. 코인이 반환되었습니다.,Unable to upgrade. Currency refunded,en-US
無法繼續升級，貨幣已歸還,Unable to upgrade. Currency refunded,en-US
通关任意难度{0}的星塔后开启,Clear {0} Monoliths of any difficulty to activate,en-US
任意の難易度{0}の星ノ塔をクリアすると解放,Clear {0} Monoliths of any difficulty to activate,en-US
임의의 별의 탑 난이도 {0} 클리어 시 오픈,Clear {0} Monoliths of any difficulty to activate,en-US
通過任意難度{0}的星塔後開放,Clear {0} Monoliths of any difficulty to activate,en-US
通关{0}后开启,Clear {0} to activate,en-US
{0}をクリアすると解放,Clear {0} to activate,en-US
{0} 클리어 시 오픈,Clear {0} to activate,en-US
通過{0}後開放,Clear {0} to activate,en-US
权限等级达到{0}后开启,Reach Authorization Lv. {0},en-US
權限等級達到{0}級後開放,Reach Authorization Lv. {0},en-US
纪录管理,Records,en-US
記録管理,Records,en-US
기록 관리,Records,en-US
紀錄管理,Records,en-US
纪录评分：,Record Score:,en-US
記録スコア：,Record Score:,en-US
기록 평점:,Record Score:,en-US
紀錄評分：,Record Score:,en-US
命名,Name,en-US
이름 만들기,Name,en-US
保存时间：,Last Saved:,en-US
保存日時：,Last Saved:,en-US
저장 시간:,Last Saved:,en-US
儲存時間：,Last Saved:,en-US
未命名纪录,Unnamed Record,en-US
名称未設定,Unnamed Record,en-US
이름 없는 기록,Unnamed Record,en-US
未命名紀錄,Unnamed Record,en-US
批量选择,Select All Filtering,en-US
一括選択,Select All Filtering,en-US
일괄 선택,Select All Filtering,en-US
批次選擇,Select All Filtering,en-US
绿色及以下,Average and below,en-US
緑色以下,Average and below,en-US
레어 이하,Average and below,en-US
綠色以下,Average and below,en-US
蓝色及以下,Advanced and below,en-US
青色以下,Advanced and below,en-US
에픽 이하,Advanced and below,en-US
藍色以下,Advanced and below,en-US
橙色及以下,Expert and below,en-US
金色以下,Expert and below,en-US
유니크 이하,Expert and below,en-US
橘色以下,Expert and below,en-US
彩色及以下,Master and below,en-US
虹色以下,Master and below,en-US
레전더리 이하,Master and below,en-US
彩色以下,Master and below,en-US
没有符合条件的纪录,No Record that satisfies the requirements,en-US
保存済みの記録がありません,No Record that satisfies the requirements,en-US
조건에 부합하는 기록이 없습니다,No Record that satisfies the requirements,en-US
沒有符合條件的紀錄,No Record that satisfies the requirements,en-US
没有已经保存的纪录 进行星塔探索可获得纪录,No saved Records Clear Ascension to acquire Records,en-US
保存済みの記録がありません 星ノ塔探索で記録を獲得できます,No saved Records Clear Ascension to acquire Records,en-US
조건에 부합하는 기록이 없습니다. 별의 탑 탐색을 진행해 기록을 획득할 수 있습니다.,No saved Records Clear Ascension to acquire Records,en-US
沒有已經保存的紀錄 進行星塔探索可獲得紀錄,No saved Records Clear Ascension to acquire Records,en-US
已通关,Cleared,en-US
已過關,Cleared,en-US
请设置偏好的纪录,Please set favorite Record,en-US
お気に入りの記録を設定してください,Please set favorite Record,en-US
선호하는 기록을 설정해 주세요,Please set favorite Record,en-US
請設定偏好的紀錄,Please set favorite Record,en-US
フィルタ,Filter,en-US
非偏好,Non-Favorite,en-US
お気に入り以外,Non-Favorite,en-US
선호하지 않음,Non-Favorite,en-US
未通关,Not Cleared,en-US
未クリア,Not Cleared,en-US
클리어하지 않음,Not Cleared,en-US
未過關,Not Cleared,en-US
队伍评分：,Squad Rating:,en-US
チームスコア：,Squad Rating:,en-US
팀 평점:,Squad Rating:,en-US
隊伍評分：,Squad Rating:,en-US
偏好,Favorite,en-US
登録,Favorite,en-US
선호,Favorite,en-US
评 分,Rating,en-US
スコア,Rating,en-US
평 점,Rating,en-US
保存时间,Last Saved,en-US
保存日時,Last Saved,en-US
저장 시간,Last Saved,en-US
儲存時間,Last Saved,en-US
请输入纪录名,Please enter Record name,en-US
記録名を入力してください,Please enter Record name,en-US
기록 이름을 입력하세요,Please enter Record name,en-US
請輸入紀錄名稱,Please enter Record name,en-US
名字最多7个字,Name can have a maximum of 14 characters,en-US
名前は最大7文字,Name can have a maximum of 14 characters,en-US
이름 최대 7자,Name can have a maximum of 14 characters,en-US
名字最多7個字,Name can have a maximum of 14 characters,en-US
放弃保存,Give Up Save,en-US
保存しない,Give Up Save,en-US
저장 안 함,Give Up Save,en-US
放棄儲存,Give Up Save,en-US
放 弃,Give Up,en-US
포 기,Give Up,en-US
放 棄,Give Up,en-US
Ⅰ,I,en-US
Ⅹ,X,en-US
II,Ⅱ,en-US
III,Ⅲ,en-US
IV,Ⅳ,en-US
V,Ⅴ,en-US
VI,Ⅵ,en-US
VII,Ⅶ,en-US
VIII,Ⅷ,en-US
IX,Ⅸ,en-US
成功消耗{0}个材料，激活了{1}个节点,{1} Nodes successfully activated at the cost of {0} materials,en-US
材料を{0}個消費して、ノードを{1}個解放しました,{1} Nodes successfully activated at the cost of {0} materials,en-US
재료 {0}개를 소모해 노드 {1}개를 활성화했습니다.,{1} Nodes successfully activated at the cost of {0} materials,en-US
成功消耗{0}個材料，啟動了{1}個節點,{1} Nodes successfully activated at the cost of {0} materials,en-US
解 析,Research,en-US
解放,Research,en-US
분 석,Research,en-US
一键研究,Quick Research,en-US
一括研究,Quick Research,en-US
일괄 연구,Quick Research,en-US
快速研究,Quick Research,en-US
获取材料,Get Materials,en-US
素材獲得,Get Materials,en-US
재료 획득,Get Materials,en-US
獲得材料,Get Materials,en-US
激活【{0}】所有节点后开启,Clear [{0}],en-US
【{0}】のすべてのノードが有効後に解放,Clear [{0}],en-US
「{0}」의 모든 노드 활성화 시 오픈,Clear [{0}],en-US
啟動【{0}】所有節點後開放,Clear [{0}],en-US
权限等级达到{0}级后开启,Reach Authorization Lv. {0} to activate,en-US
権限レベルが{0}に到達すると解放,Reach Authorization Lv. {0} to activate,en-US
권한 레벨 {0} 달성 시 오픈,Reach Authorization Lv. {0} to activate,en-US
權限等級達到{0}級後開放,Reach Authorization Lv. {0} to activate,en-US
当前层已全部激活,Fully activated for this floor,en-US
このページのノードがすべて解放済みです,Fully activated for this floor,en-US
현재 층 전부 활성화 완료,Fully activated for this floor,en-US
目前層級已全部啟動,Fully activated for this floor,en-US
当前层未解锁，无法一键研究,This floor is still locked. Unable to perform Quick Research.,en-US
このページはまだロック中のため、一括研究できません,This floor is still locked. Unable to perform Quick Research.,en-US
"현재 층 미오픈, 일괄 연구할 수 없습니다.",This floor is still locked. Unable to perform Quick Research.,en-US
目前層級尚未解鎖，無法快速研究,This floor is still locked. Unable to perform Quick Research.,en-US
同名效果仅生效最高等级,"For duplicate effects, only the highest level applies.",en-US
同名のノードは、最も高いレベルのもののみ適用されます。,"For duplicate effects, only the highest level applies.",en-US
동일 이름의 효과는 가장 높은 레벨만 적용됩니다,"For duplicate effects, only the highest level applies.",en-US
同名效果僅生效最高等級,"For duplicate effects, only the highest level applies.",en-US
暂无生效中的效果,No active effects.,en-US
現在有効なノードはありません。,No active effects.,en-US
적용 중인 효과가 없습니다,No active effects.,en-US
暫無生效中的效果,No active effects.,en-US
激活所需材料不足,Insufficient activation materials,en-US
素材が不足しています,Insufficient activation materials,en-US
활성화에 필요한 재료가 부족합니다,Insufficient activation materials,en-US
啟動所需材料不足,Insufficient activation materials,en-US
激活效果,Activation Effect,en-US
解放効果,Activation Effect,en-US
활성화 효과,Activation Effect,en-US
啟動效果,Activation Effect,en-US
【{0}】未开启,[{0}] not available,en-US
【{0}】は未解放です,[{0}] not available,en-US
「{0}」 미오픈,[{0}] not available,en-US
【{0}】未開放,[{0}] not available,en-US
前置节点未激活,Prerequisite node not activated,en-US
前提ノードが未解放です,Prerequisite node not activated,en-US
선행 노드가 활성화되지 않았습니다,Prerequisite node not activated,en-US
前置節點未啟動,Prerequisite node not activated,en-US
是否消耗材料进行一键研究,Use materials for Quick Research?,en-US
素材を消費して一括研究しますか,Use materials for Quick Research?,en-US
재료를 소모하여 일괄 연구를 진행하시겠습니까?,Use materials for Quick Research?,en-US
是否消耗材料進行快速研究？,Use materials for Quick Research?,en-US
前往研究,Go to Research,en-US
研究へ,Go to Research,en-US
연구하기,Go to Research,en-US
核心研究已全部完成,All core research complete,en-US
コア研究はすべて完了,All core research complete,en-US
핵심 연구를 모두 완료했습니다,All core research complete,en-US
当前暂无星塔调研任务,No Monolith research missions,en-US
星ノ塔の研究計画任務はありません,No Monolith research missions,en-US
현재 별의 탑 연구 임무가 없습니다,No Monolith research missions,en-US
目前暫無星塔調查任務,No Monolith research missions,en-US
难度,Difficulty,en-US
難易度,Difficulty,en-US
난이도,Difficulty,en-US
難度,Difficulty,en-US
门票不足,Insufficient tickets,en-US
チケットが不足しています,Insufficient tickets,en-US
입장권이 부족합니다,Insufficient tickets,en-US
門票不足,Insufficient tickets,en-US
限时！{0},Limited-time! {0},en-US
期間限定！{0},Limited-time! {0},en-US
기간 한정! {0},Limited-time! {0},en-US
限時！{0},Limited-time! {0},en-US
暂未挑战,No challenge history,en-US
未挑戦,No challenge history,en-US
미도전,No challenge history,en-US
暫未挑戰,No challenge history,en-US
本期时间 {0},Session Period {0},en-US
今期の期間 {0},Session Period {0},en-US
이번 시즌 기간 {0},Session Period {0},en-US
本期時間 {0},Session Period {0},en-US
{0}后重置,Resets in {0},en-US
{0}後リセット,Resets in {0},en-US
{0} 후 리셋,Resets in {0},en-US
{0}後重置,Resets in {0},en-US
本期时间 {0} ~ {1},Session Period {0}–{1},en-US
今期の期間 {0} ~ {1},Session Period {0}–{1},en-US
이번 시즌 기간 {0} ~ {1},Session Period {0}–{1},en-US
本期時間 {0}~{1},Session Period {0}–{1},en-US
限时排行,Limited-time Ranking,en-US
期間限定ランキング,Limited-time Ranking,en-US
한정 랭킹,Limited-time Ranking,en-US
限時排行,Limited-time Ranking,en-US
第 {0} 名,Rank {0},en-US
第 {0} 位,Rank {0},en-US
每周获取上限,Weekly Limit,en-US
毎週の獲得上限,Weekly Limit,en-US
매주 획득 한도,Weekly Limit,en-US
每週獲得上限,Weekly Limit,en-US
排行榜每10分钟刷新一次,Ranking will refresh every 10 minutes,en-US
ランキングは10分ごとに更新されます,Ranking will refresh every 10 minutes,en-US
랭킹은 10분마다 1회 업데이트됩니다,Ranking will refresh every 10 minutes,en-US
排行榜每10分鐘更新一次,Ranking will refresh every 10 minutes,en-US
积分,Score,en-US
포인트,Score,en-US
積分,Score,en-US
排行,Ranking,en-US
ランキング,Ranking,en-US
랭킹,Ranking,en-US
补 货,Restock,en-US
在庫補充,Restock,en-US
재고 보충,Restock,en-US
補 貨,Restock,en-US
激活协奏技能所需,Harmony Skill Activation Requirements,en-US
アシスト効果解放に必要,Harmony Skill Activation Requirements,en-US
협주 스킬 활성화 조건,Harmony Skill Activation Requirements,en-US
啟動協奏技能條件,Harmony Skill Activation Requirements,en-US
相关协奏技能,Relevant Harmony Skills,en-US
関連するアシスト効果,Relevant Harmony Skills,en-US
관련 협주 스킬,Relevant Harmony Skills,en-US
相關協奏技能,Relevant Harmony Skills,en-US
以后不再提示,Don't show again,en-US
今後は表示しない,Don't show again,en-US
다시 보지 않기,Don't show again,en-US
以後不再提示,Don't show again,en-US
排名结算,Final Ranking:,en-US
順位精算,Final Ranking:,en-US
랭킹 결산,Final Ranking:,en-US
排名結算,Final Ranking:,en-US
最高得分,Highest Score,en-US
최고 득점,Highest Score,en-US
玩家,Player,en-US
プレイヤー,Player,en-US
플레이어,Player,en-US
第一队,Squad 1,en-US
第1チーム,Squad 1,en-US
1팀,Squad 1,en-US
第一隊,Squad 1,en-US
第二队,Squad 2,en-US
第2チーム,Squad 2,en-US
2팀,Squad 2,en-US
第二隊,Squad 2,en-US
放弃成绩,Give Up Result,en-US
記録破棄,Give Up Result,en-US
성적 포기,Give Up Result,en-US
放棄成績,Give Up Result,en-US
空欄,Null,en-US
없음,Null,en-US
当前记录,Best Record,en-US
現在の記録,Best Record,en-US
현재 기록,Best Record,en-US
目前紀錄,Best Record,en-US
現在のスコア,Score,en-US
当前星数,Star Rewards,en-US
討伐 ノート,Star Rewards,en-US
현재 성급,Star Rewards,en-US
目前星數,Star Rewards,en-US
伤害得分,DMG Score,en-US
ダメージスコア,DMG Score,en-US
피해 점수,DMG Score,en-US
傷害得分,DMG Score,en-US
最终得分,Final Score,en-US
最終スコア,Final Score,en-US
最終得分,Final Score,en-US
技巧得分:{0}x{1},Technique Score: {0} x{1},en-US
テクニックスコア：{0}x{1},Technique Score: {0} x{1},en-US
기술 점수: {0}x{1},Technique Score: {0} x{1},en-US
技巧得分：{0}x{1},Technique Score: {0} x{1},en-US
技巧得分:{0}(max)x{1},Technique Score: {0}(max) x{1},en-US
テクニックスコア：{0}(max)x{1},Technique Score: {0}(max) x{1},en-US
기술 점수: {0}(max)x{1},Technique Score: {0}(max) x{1},en-US
技巧得分：{0}（MAX）x{1},Technique Score: {0}(max) x{1},en-US
LOCK旅人,Locked Trekkers,en-US
巡遊者をロック,Locked Trekkers,en-US
사용된 여행가,Locked Trekkers,en-US
鎖定旅人,Locked Trekkers,en-US
所需分数：{0},Score Required: {0},en-US
必要スコア：{0},Score Required: {0},en-US
필요한 점수: {0},Score Required: {0},en-US
所需分數：{0},Score Required: {0},en-US
前{0}%（不含）~{1}%,{0}% (exclusive) to {1}%,en-US
上位{0}%未満～{1}%,{0}% (exclusive) to {1}%,en-US
상위 {0}%(불포함)~{1}%,{0}% (exclusive) to {1}%,en-US
前{0}%（不含）～{1}%,{0}% (exclusive) to {1}%,en-US
分数,Score,en-US
分數,Score,en-US
活动倒计时,Ends in,en-US
挑戦終了まで,Ends in,en-US
이벤트 남은 시간,Ends in,en-US
活動倒數計時,Ends in,en-US
记录替换,Replace Record,en-US
ヒント,Replace Record,en-US
교체 기록,Replace Record,en-US
紀錄替換,Replace Record,en-US
本期评分星数达到 {0} 星,Reach {0} Stars in this Cycle,en-US
最高獲得星数:{0},Reach {0} Stars in this Cycle,en-US
이번 평점 성급 {0} 달성,Reach {0} Stars in this Cycle,en-US
本期評分星數達到{0}星,Reach {0} Stars in this Cycle,en-US
联合讨伐奖励,Boss Blitz Rewards,en-US
報酬,Boss Blitz Rewards,en-US
연합 토벌 보상,Boss Blitz Rewards,en-US
聯合討伐獎勵,Boss Blitz Rewards,en-US
本期总成绩,Current Total Stars,en-US
シーズン成績,Current Total Stars,en-US
이번 시즌 총 성적,Current Total Stars,en-US
本期總成績,Current Total Stars,en-US
当前不在赛季中,Not available in the current season,en-US
シーズン開催時間外,Not available in the current season,en-US
지금은 시즌 기간이 아닙니다.,Not available in the current season,en-US
下個賽季尚未開始,Not available in the current season,en-US
活动结算中,Event Settlement in Progress,en-US
イベント集計中,Event Settlement in Progress,en-US
이벤트 결산 중,Event Settlement in Progress,en-US
活動結算中,Event Settlement in Progress,en-US
结算中,Settlement In Progress,en-US
集計中,Settlement In Progress,en-US
결산 중,Settlement In Progress,en-US
結算中,Settlement In Progress,en-US
挑战已结束，请等待结算完成,Challenge ended. Calculating rewards...,en-US
挑戦は終了しました、スコア集計をお待ちください。,Challenge ended. Calculating rewards...,en-US
"도전 종료, 잠시만 기다려 주세요",Challenge ended. Calculating rewards...,en-US
挑戰已結束，請等待結算完成,Challenge ended. Calculating rewards...,en-US
积分及排名处于结算中，不可挑战,Score and ranking are being settled. Challenge unavailable.,en-US
スコア・ランキングは集計中のため、挑戦できません,Score and ranking are being settled. Challenge unavailable.,en-US
점수 및 순위 결산 중입니다. 도전할 수 없습니다.,Score and ranking are being settled. Challenge unavailable.,en-US
積分及排名正在結算，無法挑戰,Score and ranking are being settled. Challenge unavailable.,en-US
技巧得分,Technique Score,en-US
テクニックスコア,Technique Score,en-US
기술 점수,Technique Score,en-US
讨伐星级,Boss Blitz Star Rating,en-US
討伐目標,Boss Blitz Star Rating,en-US
토벌 성급,Boss Blitz Star Rating,en-US
討伐星級,Boss Blitz Star Rating,en-US
总得分,Total Score,en-US
総スコア,Total Score,en-US
총 점수,Total Score,en-US
總得分,Total Score,en-US
禁止编队,Prohibited Squad,en-US
編成禁止,Prohibited Squad,en-US
편성 금지,Prohibited Squad,en-US
禁止編隊,Prohibited Squad,en-US
编队中旅人{0} 无法在此次战斗中使用,Squad Trekker {0} cannot be used in this battle,en-US
編成中の巡遊者は{0} この戦闘で使用できません,Squad Trekker {0} cannot be used in this battle,en-US
편성된 {0} 여행가는 이번 전투에서 사용할 수 없습니다,Squad Trekker {0} cannot be used in this battle,en-US
編隊中的旅人{0}無法在此次戰鬥中使用,Squad Trekker {0} cannot be used in this battle,en-US
战斗,Battle,en-US
戦闘,Battle,en-US
전투,Battle,en-US
戰鬥,Battle,en-US
今日已赠礼次数{0}，已达赠礼次数上限,Gifted {0} times today. Reached maximum gift count,en-US
本日は{0}回ギフトを贈ったため、すでに上限に達しています,Gifted {0} times today. Reached maximum gift count,en-US
오늘 {0}회 발송하여 발송 가능 횟수를 초과했습니다,Gifted {0} times today. Reached maximum gift count,en-US
今日贈禮次數{0}，已達上限,Gifted {0} times today. Reached maximum gift count,en-US
请通过bilibili游戏中心-我的-联系客服,!NONEED!,en-US
*****,!NONEED!,en-US
고객센터로 연락해 주세요.,!NONEED!,en-US
成功选择常用旅人,Set as Favorite Trekker.,en-US
お気に入り巡遊者に設定しました,Set as Favorite Trekker.,en-US
애용 여행가 선택 완료,Set as Favorite Trekker.,en-US
選擇常用旅人成功,Set as Favorite Trekker.,en-US
账号,Account,en-US
アカウント,Account,en-US
계정,Account,en-US
帳號,Account,en-US
用户中心,User Center,en-US
ユーザーセンター,User Center,en-US
유저 센터,User Center,en-US
使用者中心,User Center,en-US
请输入兑换信息,Please enter your redemption code,en-US
交換コードを入力してください,Please enter your redemption code,en-US
교환 정보를 입력하세요,Please enter your redemption code,en-US
請輸入兌換資訊,Please enter your redemption code,en-US
第三方信息共享清单,Third-party Information Sharing List,en-US
サードパーティー情報共有リスト,Third-party Information Sharing List,en-US
제 3자 정보 공유 목록,Third-party Information Sharing List,en-US
第三方資訊共享清單,Third-party Information Sharing List,en-US
备案号：沪ICP备20011881号-6A,License #: Shanghai ICP License 20011881-6A,en-US
登録番号：沪ICP备20011881号-6A,License #: Shanghai ICP License 20011881-6A,en-US
게임 등록 번호(한국 제거),License #: Shanghai ICP License 20011881-6A,en-US
所持{0}数量确认,{0} Inventory Details,en-US
所持{0}数,{0} Inventory Details,en-US
{0} 보유 수량 확인,{0} Inventory Details,en-US
所持{0}數量確認,{0} Inventory Details,en-US
个人信息收集清单,Personal Information Collection List,en-US
個人情報収集リスト,Personal Information Collection List,en-US
개인 정보 수집 목록,Personal Information Collection List,en-US
個人資訊收集清單,Personal Information Collection List,en-US
资金结算法,Currency Clearing Act,en-US
資金決済法に基づく表示,Currency Clearing Act,en-US
자금 결산 방법,Currency Clearing Act,en-US
資金結算法,Currency Clearing Act,en-US
协议与政策,Agreement and Policy,en-US
規約とポリシー,Agreement and Policy,en-US
합의 및 정책,Agreement and Policy,en-US
協議與政策,Agreement and Policy,en-US
隐私政策,Privacy Policy,en-US
プライバシーポリシー,Privacy Policy,en-US
개인정보 보호정책,Privacy Policy,en-US
隱私權政策,Privacy Policy,en-US
特商法,Specified Commercial Transactions Law,en-US
特定商取引法に基づく表示,Specified Commercial Transactions Law,en-US
특상법,Specified Commercial Transactions Law,en-US
账号安全,Account Safety,en-US
アカウントセキュリティ,Account Safety,en-US
계정 보안,Account Safety,en-US
帳號安全,Account Safety,en-US
使用条款说明,Terms of Use,en-US
利用規約,Terms of Use,en-US
사용 약관 설명,Terms of Use,en-US
使用條款說明,Terms of Use,en-US
用户协议,User Agreement,en-US
規約,User Agreement,en-US
이용약관,User Agreement,en-US
使用者協議,User Agreement,en-US
用户条款,User Agreement,en-US
ユーザー規約,User Agreement,en-US
유저 이용약관,User Agreement,en-US
使用者條款,User Agreement,en-US
绝招动画设置,Ultimate Animation,en-US
必殺技演出設定,Ultimate Animation,en-US
필살기 애니메이션 설정,Ultimate Animation,en-US
絕招動畫設定,Ultimate Animation,en-US
援护动画设置,Support Animation,en-US
支援スキル演出設定,Support Animation,en-US
지원 애니메이션 설정,Support Animation,en-US
援護動畫設定,Support Animation,en-US
OFF,Close,en-US
一天显示一次,Once Per Day,en-US
1日1回表示,Once Per Day,en-US
1일 1회,Once Per Day,en-US
每天顯示一次,Once Per Day,en-US
ON,Activate,en-US
自动战斗设置,Auto-Battle Settings,en-US
オート戦闘の設定,Auto-Battle Settings,en-US
자동 전투 설정,Auto-Battle Settings,en-US
自動戰鬥設定,Auto-Battle Settings,en-US
自动战斗时允许自动施放绝招,Auto-Cast Ultimates in Auto-Battle,en-US
オート戦闘時に必殺技を自動で発動する,Auto-Cast Ultimates in Auto-Battle,en-US
자동 전투 시 필살기 자동 시전 허용,Auto-Cast Ultimates in Auto-Battle,en-US
自動戰鬥時允許自動施放絕招,Auto-Cast Ultimates in Auto-Battle,en-US
战斗界面设置,Battle UI Settings,en-US
バトル画面設定,Battle UI Settings,en-US
전투 화면 설정,Battle UI Settings,en-US
戰鬥介面設定,Battle UI Settings,en-US
扇形布局,Radial Layout,en-US
扇形レイアウト,Radial Layout,en-US
부채꼴형 배치,Radial Layout,en-US
扇形配置,Radial Layout,en-US
横板布局,Horizontal Layout,en-US
横型レイアウト,Horizontal Layout,en-US
가로형 배치,Horizontal Layout,en-US
橫式配置,Horizontal Layout,en-US
下 载,Download,en-US
ダウンロード,Download,en-US
다운로드,Download,en-US
下 載,Download,en-US
退出登录,Log Out,en-US
阅 读,Read,en-US
確認,Read,en-US
열 람,Read,en-US
閱 讀,Read,en-US
显示,Display,en-US
表示,Display,en-US
디스플레이,Display,en-US
顯示,Display,en-US
抗锯齿,Anti-aliasing,en-US
アンチエイリアス,Anti-aliasing,en-US
안티 앨리어싱,Anti-aliasing,en-US
反鋸齒,Anti-aliasing,en-US
极致,Ultra,en-US
最高,Ultra,en-US
최상,Ultra,en-US
極致,Ultra,en-US
帧率,Frame Rate,en-US
フレームレート,Frame Rate,en-US
프레임,Frame Rate,en-US
影格率,Frame Rate,en-US
不限,Unlimited,en-US
制限なし,Unlimited,en-US
무제한,Unlimited,en-US
高清,High Definition,en-US
高精細度,High Definition,en-US
고화질,High Definition,en-US
高畫質,High Definition,en-US
画面质量,Graphic Quality,en-US
画質,Graphic Quality,en-US
화면 품질,Graphic Quality,en-US
畫質,Graphic Quality,en-US
分辨率,Resolution,en-US
解像度,Resolution,en-US
해상도,Resolution,en-US
解析度,Resolution,en-US
分辨率设置,Resolution Settings,en-US
解像度設定,Resolution Settings,en-US
해상도 설정,Resolution Settings,en-US
解析度設定,Resolution Settings,en-US
显示模式,Display Mode,en-US
表示モード,Display Mode,en-US
디스플레이 모드,Display Mode,en-US
顯示模式,Display Mode,en-US
全屏,Full Screen,en-US
フルスクリーン,Full Screen,en-US
전체화면,Full Screen,en-US
全螢幕,Full Screen,en-US
窗口,Windowed,en-US
ウィンドウ,Windowed,en-US
창 모드,Windowed,en-US
視窗,Windowed,en-US
图像品质,Image Quality,en-US
グラフィック品質,Image Quality,en-US
그래픽 품질,Image Quality,en-US
畫面品質,Image Quality,en-US
光影质量,Shadow Quality,en-US
ライティング品質,Shadow Quality,en-US
그림자 품질,Shadow Quality,en-US
光影品質,Shadow Quality,en-US
流畅,Smooth,en-US
低,Smooth,en-US
원활,Smooth,en-US
流暢,Smooth,en-US
宽屏适配,Widescreen Compatibility,en-US
ワイドスクリーン対応,Widescreen Compatibility,en-US
와이드,Widescreen Compatibility,en-US
寬螢幕模式,Widescreen Compatibility,en-US
窗口分辨率,Window Resolution,en-US
ウィンドウ解像度,Window Resolution,en-US
창 해상도,Window Resolution,en-US
視窗解析度,Window Resolution,en-US
未勾选下载内容,No download content selected,en-US
ダウンロードするコンテンツを選択していません,No download content selected,en-US
다운로드할 콘텐츠를 선택해 주세요,No download content selected,en-US
未勾選下載內容,No download content selected,en-US
当前无可下载内容,No downloadable content,en-US
ダウンロードできるコンテンツはありません,No downloadable content,en-US
현재 콘텐츠를 다운로드할 수 없습니다,No downloadable content,en-US
目前無可下載內容,No downloadable content,en-US
游戏,Game,en-US
ゲーム,Game,en-US
게임,Game,en-US
遊戲,Game,en-US
手柄,Controller,en-US
コントローラー,Controller,en-US
컨트롤러,Controller,en-US
手把,Controller,en-US
战斗内键位设置,Combat Key Settings,en-US
戦闘中のキー設定,Combat Key Settings,en-US
전투 내 버튼 설정,Combat Key Settings,en-US
戰鬥內按鍵設定,Combat Key Settings,en-US
合计,Total,en-US
합계,Total,en-US
无偿,Free,en-US
無償,Free,en-US
有偿,Paid,en-US
有償,Paid,en-US
유료,Paid,en-US
有偿{0}将会在消费时优先使用,Paid {0} will be used first when spending.,en-US
有償{0}から先に消費されます,Paid {0} will be used first when spending.,en-US
"소비 시, 유료 {0}이 우선 사용됩니다.",Paid {0} will be used first when spending.,en-US
有償{0}將會在消費時優先使用,Paid {0} will be used first when spending.,en-US
显示旅人攻击范围,Show the Trekker's Attack Range,en-US
巡遊者の攻撃範囲を表示,Show the Trekker's Attack Range,en-US
여행가 공격 범위 표시,Show the Trekker's Attack Range,en-US
顯示旅人攻擊範圍,Show the Trekker's Attack Range,en-US
动态摇杆位置,Dynamic Joystick Position,en-US
オートスティックの位置,Dynamic Joystick Position,en-US
컨트롤러 위치,Dynamic Joystick Position,en-US
浮動搖桿位置,Dynamic Joystick Position,en-US
重置成功,Reset Successful,en-US
リセットしました,Reset Successful,en-US
리셋 성공,Reset Successful,en-US
键鼠,Keyboard & Mouse,en-US
キーボードとマウス,Keyboard & Mouse,en-US
키보드·마우스 모드,Keyboard & Mouse,en-US
鍵盤滑鼠,Keyboard & Mouse,en-US
按键 1,Button 1,en-US
ボタン 1,Button 1,en-US
버튼 1,Button 1,en-US
按鍵1,Button 1,en-US
按键 2,Button 2,en-US
ボタン 2,Button 2,en-US
버튼 2,Button 2,en-US
按鍵2,Button 2,en-US
L2D效果,L2D Effect,en-US
Live2D効果,L2D Effect,en-US
L2D 효과,L2D Effect,en-US
下载语音包需要重启，是否确认下载,Downloading the voice pack requires a restart. Confirm download?,en-US
言語パックをダウンロードするには再起動する必要があります。ダウンロードしますか？,Downloading the voice pack requires a restart. Confirm download?,en-US
음성팩 다운로드 시 재시작해야 합니다. 다운로드하시겠습니까?,Downloading the voice pack requires a restart. Confirm download?,en-US
下載語音檔案需要重新啟動，是否確定下載？,Downloading the voice pack requires a restart. Confirm download?,en-US
下载资源需要返回登录界面,Resource download requires returning to login screen.,en-US
リソースをダウンロードするにはログイン画面に戻る必要があります,Resource download requires returning to login screen.,en-US
리소스를 다운로드하려면 로그인 화면으로 돌아가야 합니다,Resource download requires returning to login screen.,en-US
下載資源需返回登入介面,Resource download requires returning to login screen.,en-US
默认,Default,en-US
デフォルト,Default,en-US
기본 설정,Default,en-US
預設,Default,en-US
已下载,Downloaded,en-US
ダウンロード済み,Downloaded,en-US
다운로드 완료,Downloaded,en-US
已下載,Downloaded,en-US
语言,Language,en-US
言語,Language,en-US
언어,Language,en-US
語言,Language,en-US
切换语言需要重启，是否确认切换,You need to restart to switch language. Switch anyway?,en-US
言語を切り替えるには再起動する必要があります。切り替えますか？,You need to restart to switch language. Switch anyway?,en-US
언어를 변경하려면 재시작해야 합니다. 변경하시겠습니까?,You need to restart to switch language. Switch anyway?,en-US
切換語言需要重新啟動，是否確定切換,You need to restart to switch language. Switch anyway?,en-US
（已下载）,(Downloaded),en-US
(다운로드 완료),(Downloaded),en-US
（已下載）,(Downloaded),en-US
（需下载）,(Download Required),en-US
（要ダウンロード）,(Download Required),en-US
(다운로드 필요),(Download Required),en-US
（需下載）,(Download Required),en-US
语言包管理,Language Pack Management,en-US
言語パック管理,Language Pack Management,en-US
음성팩 관리,Language Pack Management,en-US
語言檔案管理,Language Pack Management,en-US
语言设置,Language Settings,en-US
言語設定,Language Settings,en-US
언어 설정,Language Settings,en-US
語言設定,Language Settings,en-US
游戏语言,Language,en-US
ゲーム言語,Language,en-US
게임 언어,Language,en-US
遊戲語言,Language,en-US
中文,Chinese,en-US
中国語,Chinese,en-US
중국어,Chinese,en-US
簡體中文,Chinese,en-US
英文,English,en-US
英語,English,en-US
영어,English,en-US
日文,Japanese,en-US
日本語,Japanese,en-US
일본어,Japanese,en-US
韩文,Korean,en-US
韓国語,Korean,en-US
한국어,Korean,en-US
韓文,Korean,en-US
繁体中文,Traditional Chinese,en-US
繁体字中国語,Traditional Chinese,en-US
중국어 번체,Traditional Chinese,en-US
繁體中文,Traditional Chinese,en-US
键鼠模式下，向鼠标方向施放技能,"When in keyboard and mouse mode, cast skills in the mouse direction",en-US
キーボードとマウスでは、ポインターの方向に向けてスキルを発動します,"When in keyboard and mouse mode, cast skills in the mouse direction",en-US
"키보드, 마우스 모드에서는 마우스 방향으로 스킬을 시전합니다.","When in keyboard and mouse mode, cast skills in the mouse direction",en-US
鍵盤滑鼠模式下，朝滑鼠方向施放技能,"When in keyboard and mouse mode, cast skills in the mouse direction",en-US
推送,Push,en-US
プッシュ,Push,en-US
PUSH 알림,Push,en-US
推播,Push,en-US
派遣到期提示,Dispatch complete notification,en-US
依頼達成のお知らせ,Dispatch complete notification,en-US
파견 만료 알림,Dispatch complete notification,en-US
派遣到期提醒,Dispatch complete notification,en-US
能量满值提示,Energy full notification,en-US
やる気満タンのお知らせ,Energy full notification,en-US
SP 충전 완료 알림,Energy full notification,en-US
能量全滿提醒,Energy full notification,en-US
推送消息,Push Notification,en-US
プッシュ情報,Push Notification,en-US
PUSH 메시지,Push Notification,en-US
推播消息,Push Notification,en-US
OFF,Off,en-US
ON,On,en-US
切换过于频繁，请稍后再试,Too many change requests. Please try again later,en-US
切り替えの更新頻度が高くなっています。後ほど再試行してください,Too many change requests. Please try again later,en-US
전환이 너무 잦습니다. 잠시 후 다시 시도해 주세요,Too many change requests. Please try again later,en-US
切換過於頻繁，請稍後再試,Too many change requests. Please try again later,en-US
声音,Sound,en-US
音声,Sound,en-US
사운드,Sound,en-US
聲音,Sound,en-US
音乐,Music,en-US
BGM,Music,en-US
음악,Music,en-US
音樂,Music,en-US
最小化时静音,Mute when minimized,en-US
最小化時にミュート,Mute when minimized,en-US
최소화 시 음소거,Mute when minimized,en-US
最小化時靜音,Mute when minimized,en-US
音效,Sound Effect,en-US
SE,Sound Effect,en-US
효과음,Sound Effect,en-US
声音设置,Sound Settings,en-US
音声設定,Sound Settings,en-US
사운드 설정,Sound Settings,en-US
聲音設定,Sound Settings,en-US
旅人语音,Trekker Voiceover,en-US
巡遊者ボイス,Trekker Voiceover,en-US
여행가 음성,Trekker Voiceover,en-US
旅人語音,Trekker Voiceover,en-US
当前关闭了L2D效果，无法开启援护动画,L2D effect is turned off. Unable to activate Support Animation,en-US
L2D効果がOFF状態なので、支援スキル演出を有効にできません,L2D effect is turned off. Unable to activate Support Animation,en-US
L2D 효과가 비활성화되어 서브 애니메이션을 재생할 수 없습니다,L2D effect is turned off. Unable to activate Support Animation,en-US
目前已關閉L2D效果，無法開啟援護動畫,L2D effect is turned off. Unable to activate Support Animation,en-US
输入设备错误,Input device error,en-US
入力デバイスにエラーが発生しました,Input device error,en-US
입력 디바이스 오류입니다,Input device error,en-US
輸入裝置錯誤,Input device error,en-US
输入按钮无效,Invalid input key,en-US
入力ボタン無効,Invalid input key,en-US
입력 버튼이 유효하지 않습니다,Invalid input key,en-US
輸入按鈕無效,Invalid input key,en-US
是否重置按键为默认配置,Sure to reset keys to their default settings?,en-US
ボタンをデフォルト配置にリセットしますか？,Sure to reset keys to their default settings?,en-US
버튼 기본 설정으로 초기화하시겠습니까?,Sure to reset keys to their default settings?,en-US
是否重置按鈕為預設值？,Sure to reset keys to their default settings?,en-US
需前往语言包管理下载后切换,Switch after downloading from Language Pack Management,en-US
言語パック管理でダウンロードしてから切り替える必要があります,Switch after downloading from Language Pack Management,en-US
음성팩 관리로 이동하여 다운로드 후 전환해 주세요,Switch after downloading from Language Pack Management,en-US
須前往語言檔案管理下載後切換,Switch after downloading from Language Pack Management,en-US
垂直同步,Vertical sync,en-US
垂直同期,Vertical sync,en-US
수직 동기화,Vertical sync,en-US
星期天,Sun,en-US
日曜日,Sun,en-US
일요일,Sun,en-US
星期日,Sun,en-US
星期一,Mon,en-US
月曜日,Mon,en-US
월요일,Mon,en-US
星期二,Tue,en-US
火曜日,Tue,en-US
화요일,Tue,en-US
星期三,Wed,en-US
水曜日,Wed,en-US
수요일,Wed,en-US
星期四,Thu,en-US
木曜日,Thu,en-US
목요일,Thu,en-US
星期五,Fri,en-US
金曜日,Fri,en-US
금요일,Fri,en-US
星期六,Sat,en-US
土曜日,Sat,en-US
토요일,Sat,en-US
战斗内无法调节,Unable to adjust during combat,en-US
戦闘中は調整できません,Unable to adjust during combat,en-US
전투 중에는 변경이 불가합니다,Unable to adjust during combat,en-US
戰鬥內無法調整,Unable to adjust during combat,en-US
滑动滑块调整UI布局,Move the slider to adjust UI layout,en-US
スライダーでUIレイアウトを調整できます,Move the slider to adjust UI layout,en-US
드래그하여 UI 배치를 조정할 수 있습니다,Move the slider to adjust UI layout,en-US
滑動滑桿調整使用者介面配置,Move the slider to adjust UI layout,en-US
交易之间,Trade Domain,en-US
取引ノ間,Trade Domain,en-US
거래의 방,Trade Domain,en-US
交易之間,Trade Domain,en-US
是否消耗{0}个{1}来购买{2},Use {0} {1} to purchase {2},en-US
{0}個の{1}を消費して{2}を購入しますか？,Use {0} {1} to purchase {2},en-US
{1} {0}개로 {2}을(를) 구매하시겠습니까?,Use {0} {1} to purchase {2},en-US
是否消耗{0}個{1}購買{2}？,Use {0} {1} to purchase {2},en-US
购买失败,Purchase Failed,en-US
購入失敗,Purchase Failed,en-US
구매 실패,Purchase Failed,en-US
購買失敗,Purchase Failed,en-US
前置商品未售罄,The previous item is still available,en-US
前提アイテムの在庫あり,The previous item is still available,en-US
아직 상품이 남아있습니다,The previous item is still available,en-US
前置商品尚未售罄,The previous item is still available,en-US
未满足购买条件,Purchase requirements not satisfied,en-US
購入条件を満たしていません,Purchase requirements not satisfied,en-US
구매 조건을 충족하지 않습니다,Purchase requirements not satisfied,en-US
未符合購買條件,Purchase requirements not satisfied,en-US
每日赠礼,Daily Gift,en-US
デイリーギフト,Daily Gift,en-US
일일 선물,Daily Gift,en-US
每日贈禮,Daily Gift,en-US
今日的每日赠礼已领取,Today's Daily Gift already claimed,en-US
本日のデイリーギフトは受取済みです,Today's Daily Gift already claimed,en-US
일일 선물을 이미 획득했습니다,Today's Daily Gift already claimed,en-US
今日的每日贈禮已領取,Today's Daily Gift already claimed,en-US
剩余{0}天,{0}d remaining,en-US
残り{0}日,{0}d remaining,en-US
{0}일 남음,{0}d remaining,en-US
剩餘{0}天,{0}d remaining,en-US
优惠,SALE!,en-US
割引,SALE!,en-US
할인,SALE!,en-US
優惠,SALE!,en-US
商品已售罄,Merchandise Sold Out,en-US
アイテムは売り切れです,Merchandise Sold Out,en-US
상품이 품절되었습니다,Merchandise Sold Out,en-US
×{0},× {0},en-US
商品已刷新,Merchandise Refreshed,en-US
アイテムは更新されました,Merchandise Refreshed,en-US
상품이 리셋되었습니다,Merchandise Refreshed,en-US
商品已更新,Merchandise Refreshed,en-US
持有数：,Owned:,en-US
所持数：,Owned:,en-US
보유 수량:,Owned:,en-US
持有數量：,Owned:,en-US
剩余{0}小时,{0}h remaining,en-US
残り{0}時間,{0}h remaining,en-US
{0}시간 남음,{0}h remaining,en-US
剩餘{0}小時,{0}h remaining,en-US
库存 {0},{0} Left,en-US
在庫 {0},{0} Left,en-US
재고 {0},{0} Left,en-US
庫存{0},{0} Left,en-US
是否消耗{0}个{1}来购买{2}个{3},Spend {1} x{0} to purchase {3} x{2} ?,en-US
{0}の{1}を消費して{3}を{2}個購入しますか？,Spend {1} x{0} to purchase {3} x{2} ?,en-US
{1} {0}개로 {3} {2}개를 구매하시겠습니까?,Spend {1} x{0} to purchase {3} x{2} ?,en-US
是否消耗{0}個{1}購買{2}個{3}？,Spend {1} x{0} to purchase {3} x{2} ?,en-US
距离商店关闭,Time Left:,en-US
ショップ閉店まで,Time Left:,en-US
상점 폐점까지,Time Left:,en-US
距離商店關閉,Time Left:,en-US
距离下次刷新,Time Left:,en-US
次回更新まで,Time Left:,en-US
다음 리셋까지,Time Left:,en-US
距離下次更新,Time Left:,en-US
{0}不足，无法购买,Insufficient {0}. Unable to purchase.,en-US
{0}が不足しているため、購入できません,Insufficient {0}. Unable to purchase.,en-US
{0}(이)가 부족하여 구매할 수 없습니다,Insufficient {0}. Unable to purchase.,en-US
{0}不足，無法購買,Insufficient {0}. Unable to purchase.,en-US
未达到可购买时间,Not yet available for purchase.,en-US
購入時間外です,Not yet available for purchase.,en-US
구매 가능한 시간이 아닙니다,Not yet available for purchase.,en-US
未到可購買時間,Not yet available for purchase.,en-US
待补货,Restocking,en-US
在庫補充待ち,Restocking,en-US
재입고 대기,Restocking,en-US
待補貨,Restocking,en-US
初始,Initial,en-US
初期Lv.,Initial,en-US
기본,Initial,en-US
满级,Max Level,en-US
最大Lv.,Max Level,en-US
최대,Max Level,en-US
滿級,Max Level,en-US
商店已刷新,Refreshed,en-US
ショップは更新されました,Refreshed,en-US
상점이 리셋되었습니다,Refreshed,en-US
商店已更新,Refreshed,en-US
商店库存：{0},Inventory: {0},en-US
ショップ在庫：{0},Inventory: {0},en-US
상점 재고: {0},Inventory: {0},en-US
商店庫存：{0},Inventory: {0},en-US
购买,Purchase,en-US
購買,Purchase,en-US
单价,Price,en-US
단가,Price,en-US
單價,Price,en-US
不限购,∞,en-US
무제한,∞,en-US
不限購,∞,en-US
1小时内解锁,Unlocks within 1h,en-US
1時間以内に解放,Unlocks within 1h,en-US
1시간 내 오픈,Unlocks within 1h,en-US
1小時內解鎖,Unlocks within 1h,en-US
及其他{0}个成就,and {0} other achievements,en-US
その他{0}件の実績,and {0} other achievements,en-US
및 기타 업적 {0}개,and {0} other achievements,en-US
及其他{0}個成就,and {0} other achievements,en-US
获得成就,Complete Achievement,en-US
実績獲得,Complete Achievement,en-US
업적 획득,Complete Achievement,en-US
獲得成就,Complete Achievement,en-US
及其他{0}项词条,and {0} other Entries,en-US
その他{0}件の辞典,and {0} other Entries,en-US
및 기타 항목 {0}개,and {0} other Entries,en-US
及其他{0}個詞條,and {0} other Entries,en-US
收录词条,Collect Entries,en-US
辞典収録,Collect Entries,en-US
항목 수록,Collect Entries,en-US
收錄詞條,Collect Entries,en-US
及其他{0}名旅人,and {0} other Trekkers,en-US
その他{0}名の巡遊者,and {0} other Trekkers,en-US
및 기타 여행가 {0}명,and {0} other Trekkers,en-US
信任度提升,Affinity UP,en-US
信頼度アップ,Affinity UP,en-US
호감도 증가,Affinity UP,en-US
共阅读{0}项词条,Read a total of {0} Affixes,en-US
合計{0}件を閲覧,Read a total of {0} Affixes,en-US
항목 {0}개 열람,Read a total of {0} Affixes,en-US
共閱讀{0}個詞條,Read a total of {0} Affixes,en-US
词条阅读奖励,Affix Reading Reward,en-US
閲覧報酬,Affix Reading Reward,en-US
항목 열람 보상,Affix Reading Reward,en-US
詞條閱讀獎勵,Affix Reading Reward,en-US
施放队伍的技能和绝招可以加速战斗,Use skills and Ultimates to defeat the enemies faster.,en-US
チームのスキルと必殺技を使うと、戦闘を加速できます,Use skills and Ultimates to defeat the enemies faster.,en-US
팀 스킬 및 필살기를 시전하면 전투를 가속화할 수 있습니다,Use skills and Ultimates to defeat the enemies faster.,en-US
施放隊伍的技能和絕招可加速戰鬥,Use skills and Ultimates to defeat the enemies faster.,en-US
{0}秒内完成讨伐,Clear time ≤{0}s,en-US
{0}秒以内に討伐を完了,Clear time ≤{0}s,en-US
{0}초 내 토벌 완료,Clear time ≤{0}s,en-US
{0}秒內完成討伐,Clear time ≤{0}s,en-US
能力详情,Skill Details,en-US
スキル詳細,Skill Details,en-US
스킬 상세 정보,Skill Details,en-US
能力詳情,Skill Details,en-US
无冷却,No Cooldown,en-US
クールタイムなし,No Cooldown,en-US
쿨타임 없음,No Cooldown,en-US
無冷卻,No Cooldown,en-US
无消耗,No Cost,en-US
消費なし,No Cost,en-US
소모 없음,No Cost,en-US
無消耗,No Cost,en-US
点按施放主控技能,Tap to cast the Main Skill.,en-US
タップして主力スキルを発動する,Tap to cast the Main Skill.,en-US
터치하여 메인 스킬 시전,Tap to cast the Main Skill.,en-US
點按施放主控技能,Tap to cast the Main Skill.,en-US
主控技能已就绪，点击鼠标左键或施放,The Main Skill is ready. Click the Left Mouse Button or to cast it.,en-US
主力スキルが準備完了！左クリックまたはを押すと発動できます,The Main Skill is ready. Click the Left Mouse Button or to cast it.,en-US
메인 스킬이 준비되었습니다. 또는 마우스 왼쪽 버튼을 눌러 시전하세요.,The Main Skill is ready. Click the Left Mouse Button or to cast it.,en-US
主控技能已就緒，點選滑鼠左鍵或施放,The Main Skill is ready. Click the Left Mouse Button or to cast it.,en-US
按下施放主控技能,Press to cast the Main Skill.,en-US
を押して主力スキルを発動する,Press to cast the Main Skill.,en-US
버튼을 눌러 메인 스킬 시전,Press to cast the Main Skill.,en-US
使用中,In Use,en-US
사용 중,In Use,en-US
所持中,Owned,en-US
[{0}] - 第 {1} 话,{0}: Act {1},en-US
[{0}] - 第{1}話,{0}: Act {1},en-US
「{0}」- {1}화,{0}: Act {1},en-US
[{0}]-第{1}話,{0}: Act {1},en-US
目前没有该旅人，无法进行换装,You don't have this Trekker yet. Unable to change.,en-US
巡遊者は所持していないため、変更できません,You don't have this Trekker yet. Unable to change.,en-US
"현재 해당 여행가를 보유하지 않아, 변경할 수 없습니다.",You don't have this Trekker yet. Unable to change.,en-US
目前沒有該旅人，無法進行換裝,You don't have this Trekker yet. Unable to change.,en-US
活动解锁,Event Unlock,en-US
イベントで解放,Event Unlock,en-US
이벤트 오픈,Event Unlock,en-US
活動解鎖,Event Unlock,en-US
进阶解锁,Tier Up Unlock,en-US
昇格で解放,Tier Up Unlock,en-US
승급 오픈,Tier Up Unlock,en-US
進階解鎖,Tier Up Unlock,en-US
基金获取,Grant Exclusive,en-US
事業支援で獲得,Grant Exclusive,en-US
패스 획득,Grant Exclusive,en-US
基金獲得,Grant Exclusive,en-US
商城购买,Purchase From Shop,en-US
商城購買,Purchase From Shop,en-US
时装,Style,en-US
スキン,Style,en-US
스킨,Style,en-US
時裝,Style,en-US
普攻,Auto Attack,en-US
通常攻撃,Auto Attack,en-US
일반 공격,Auto Attack,en-US
返回棋盘,Board,en-US
ボードの確認,Board,en-US
돌아가기,Board,en-US
返回棋盤,Board,en-US
最终点数,Final Points:,en-US
出目：,Final Points:,en-US
최종 점수,Final Points:,en-US
最終點數,Final Points:,en-US
前往掷骰,Roll the Dice,en-US
ダイスを振る,Roll the Dice,en-US
주사위 던지기,Roll the Dice,en-US
前往擲骰,Roll the Dice,en-US
契机挑战,Opportunity,en-US
分岐,Opportunity,en-US
터닝 포인트 도전,Opportunity,en-US
契機挑戰,Opportunity,en-US
剩余领奖次数: {0}次,Remaining Reward Collections: {0},en-US
残り報酬受取回数: {0}回,Remaining Reward Collections: {0},en-US
남은 보상 수령 횟수: {0}회,Remaining Reward Collections: {0},en-US
剩餘頒獎次數：{0}次,Remaining Reward Collections: {0},en-US
节点说明,Node Details,en-US
ノード説明,Node Details,en-US
노드 설명,Node Details,en-US
節點說明,Node Details,en-US
遇敌,Encounter,en-US
遭遇,Encounter,en-US
적 조우,Encounter,en-US
遇敵,Encounter,en-US
契机,Opportunity,en-US
터닝 포인트,Opportunity,en-US
契機,Opportunity,en-US
终盘决战,Final Battle,en-US
決戦,Final Battle,en-US
최종 결전,Final Battle,en-US
終盤決戰,Final Battle,en-US
首领,Lord,en-US
首領,Lord,en-US
보스,Lord,en-US
本玩法战斗模式为自动战斗,Combat in this mode is fully automatic,en-US
本モードの戦闘はオートで行われます。,Combat in this mode is fully automatic,en-US
본 콘텐츠는 자동 전투 모드로 진행됩니다.,Combat in this mode is fully automatic,en-US
本玩法戰鬥模式為自動戰鬥,Combat in this mode is fully automatic,en-US
挑战自我,Challenge,en-US
挑戦する,Challenge,en-US
한계 도전,Challenge,en-US
挑戰自我,Challenge,en-US
奖励道具,Reward Items,en-US
報酬アイテム,Reward Items,en-US
보상 아이템,Reward Items,en-US
獎勵道具,Reward Items,en-US
棋子,Piece,en-US
ユニット,Piece,en-US
말,Piece,en-US
羁绊,Trait,en-US
シナジー,Trait,en-US
시너지,Trait,en-US
羈絆,Trait,en-US
本局增益,Round Buffs,en-US
今回のバフ,Round Buffs,en-US
이번 라운드 버프,Round Buffs,en-US
当前阵容,Current Lineup,en-US
現在の編成,Current Lineup,en-US
현재 진형,Current Lineup,en-US
目前陣容,Current Lineup,en-US
Lv.{0},Lv {0},en-US
Lv {0},Lv. {0},en-US
羁绊,Traits,en-US
シナジー,Traits,en-US
시너지,Traits,en-US
羈絆,Traits,en-US
加速中,Speeding Up,en-US
アサルトタイム,Speeding Up,en-US
가속 중,Speeding Up,en-US
暂时离开,Leave for Now,en-US
挑戦を中断,Leave for Now,en-US
暫時離開,Leave for Now,en-US
结算本局,End Run,en-US
挑戦を放棄,End Run,en-US
도전 포기,End Run,en-US
結算本局,End Run,en-US
已到达商店满级,At Max Shop Level,en-US
ショップのレベルがMAXに達しました,At Max Shop Level,en-US
상점 최대 레벨 달성,At Max Shop Level,en-US
已達到商店滿級,At Max Shop Level,en-US
资源不足,Insufficient resources,en-US
リソース不足です,Insufficient resources,en-US
자원이 부족합니다,Insufficient resources,en-US
資源不足,Insufficient resources,en-US
棋子已阵亡,Chess piece defeated.,en-US
ユニット戦闘不能,Chess piece defeated.,en-US
말이 사망했습니다.,Chess piece defeated.,en-US
棋子已陣亡,Chess piece defeated.,en-US
获得,Receive,en-US
獲得,Receive,en-US
획득,Receive,en-US
当前仍有可上阵的空位，是否确认出战,You still have empty slots. Start the battle anyway?,en-US
出撃枠に空きがあります。このまま開始しますか？,You still have empty slots. Start the battle anyway?,en-US
아직 비어 있는 슬롯이 있습니다. 이대로 출전하겠습니까?,You still have empty slots. Start the battle anyway?,en-US
目前仍有可上陣的空位，是否確認出戰,You still have empty slots. Start the battle anyway?,en-US
进入对弈,Enter Battle,en-US
始める,Enter Battle,en-US
대전 입장,Enter Battle,en-US
進入對弈,Enter Battle,en-US
需要： ≥ {0},Requirement: ≥{0},en-US
出目{0}以上で戦闘回避,Requirement: ≥{0},en-US
조건: ≥ {0},Requirement: ≥{0},en-US
挑战,Enter,en-US
挑戦,Enter,en-US
도전,Enter,en-US
挑戰,Enter,en-US
基础奖励,Base Rewards,en-US
基本報酬,Base Rewards,en-US
기본 보상,Base Rewards,en-US
基礎獎勵,Base Rewards,en-US
预计收入,Estimated Income,en-US
獲得予想,Estimated Income,en-US
예상 수입,Estimated Income,en-US
預計收入,Estimated Income,en-US
利息,Interest,en-US
이자,Interest,en-US
连败,Lose Streak,en-US
連敗,Lose Streak,en-US
연패,Lose Streak,en-US
其他,Others,en-US
その他,Others,en-US
기타,Others,en-US
贤才金币说明,Talent Gold,en-US
賢者コイン説明,Talent Gold,en-US
현자의 금화 설명,Talent Gold,en-US
賢才金幣說明,Talent Gold,en-US
连胜,Win Streak,en-US
連勝,Win Streak,en-US
연승,Win Streak,en-US
図鑑,Gallery,en-US
棋子详情,Piece Details,en-US
ユニット詳細,Piece Details,en-US
말 상세,Piece Details,en-US
棋子詳情,Piece Details,en-US
棋子,Pieces,en-US
ユニット,Pieces,en-US
말,Pieces,en-US
协同棋子,Co-op Unit,en-US
所属ユニット,Co-op Unit,en-US
협동 말,Co-op Unit,en-US
協同棋子,Co-op Unit,en-US
羁绊详情,Trait Details,en-US
シナジー詳細,Trait Details,en-US
시너지 상세,Trait Details,en-US
羈絆詳情,Trait Details,en-US
方针,Plans,en-US
方針,Plans,en-US
방침,Plans,en-US
祝福,Blessings,en-US
축복,Blessings,en-US
后援,Assist,en-US
支援,Assist,en-US
지원,Assist,en-US
後援,Assist,en-US
主战,Offense,en-US
主力,Offense,en-US
메인,Offense,en-US
主戰,Offense,en-US
已上阵,Deployed,en-US
配置済,Deployed,en-US
출전,Deployed,en-US
已上陣,Deployed,en-US
贤才金币不足，无法购买棋子,Not enough Talent Gold,en-US
賢者コインが不足しているため、ユニットを購入できません,Not enough Talent Gold,en-US
현자의 금화가 부족하여 말을 구매할 수 없습니다.,Not enough Talent Gold,en-US
賢才金幣不足，無法購買棋子,Not enough Talent Gold,en-US
挑戦を続ける,Continue,en-US
当前进度,Current Progress,en-US
現在の進捗,Current Progress,en-US
현재 진행도,Current Progress,en-US
目前進度,Current Progress,en-US
立即结算,End & Claim,en-US
挑戦を放棄,End & Claim,en-US
즉시 결산,End & Claim,en-US
立即結算,End & Claim,en-US
前往结算,Go to Results,en-US
挑戦を放棄,Go to Results,en-US
결산하기,Go to Results,en-US
前往結算,Go to Results,en-US
需要完成当前对局,Finish current match first,en-US
現在の挑戦を完了する必要がある,Finish current match first,en-US
현재 대국 완료 필요,Finish current match first,en-US
需要完成目前對局,Finish current match first,en-US
需要完成上一关,Clear Previous Stage,en-US
前のステージをクリアする必要がある,Clear Previous Stage,en-US
이전 스테이지 완료 필요,Clear Previous Stage,en-US
需要完成上一關,Clear Previous Stage,en-US
当前进度：{0}-{1},Current Progress: {0}-{1},en-US
現在の進捗：{0}-{1},Current Progress: {0}-{1},en-US
현재 진행도: {0}-{1},Current Progress: {0}-{1},en-US
目前進度：{0}-{1},Current Progress: {0}-{1},en-US
通关奖励：{0} 任务积分,Clear Rewards: {0} Mission Points,en-US
クリア報酬：{0}pt,Clear Rewards: {0} Mission Points,en-US
클리어 보상: {0} 포인트,Clear Rewards: {0} Mission Points,en-US
過關獎勵：{0}任務積分,Clear Rewards: {0} Mission Points,en-US
至少有1个主战配置棋子才可出战,You must deploy at least 1 Offense piece to start the match.,en-US
出撃するには主力枠は最低1体ユニットが必要です。,You must deploy at least 1 Offense piece to start the match.,en-US
최소 1개의 말을 메인 슬롯에 배치한 후 출전할 수 있습니다.,You must deploy at least 1 Offense piece to start the match.,en-US
至少有1個主戰配置棋子才可出戰,You must deploy at least 1 Offense piece to start the match.,en-US
备战席已满，请出售棋子或提升商店等级,Your bench is full. Sell pieces or upgrade your Shop Level.,en-US
ベンチが満員です。ユニットを売却する、あるいはショップレベルを上げてください。,Your bench is full. Sell pieces or upgrade your Shop Level.,en-US
대기석이 가득 찼습니다. 말을 판매하거나 상점 레벨을 높여주세요.,Your bench is full. Sell pieces or upgrade your Shop Level.,en-US
備戰席已滿，請出售棋子或提升商店等級,Your bench is full. Sell pieces or upgrade your Shop Level.,en-US
规模超出上限，请出售棋子或提升商店等级,Team capacity exceeded. Sell pieces or upgrade your Shop Level.,en-US
編成可能数が上限を超過しました。ユニットを売却するか、あるいはショップレベルを上げてください。,Team capacity exceeded. Sell pieces or upgrade your Shop Level.,en-US
규모 제한에 도달했습니다. 말을 판매하거나 상점 레벨을 높여주세요.,Team capacity exceeded. Sell pieces or upgrade your Shop Level.,en-US
規模超出上限，請出售棋子或提升商店等級,Team capacity exceeded. Sell pieces or upgrade your Shop Level.,en-US
进度：{0},Progress: {0},en-US
進捗：{0},Progress: {0},en-US
진행도: {0},Progress: {0},en-US
進度：{0},Progress: {0},en-US
剩余{0}次,{0} remaining,en-US
残り{0}回,{0} remaining,en-US
{0}회 남음,{0} remaining,en-US
剩餘{0}次,{0} remaining,en-US
弈者任务,Tactician Quests,en-US
任務,Tactician Quests,en-US
플레이어 임무,Tactician Quests,en-US
弈者任務,Tactician Quests,en-US
任务奖励,Mission Rewards,en-US
報酬,Mission Rewards,en-US
임무 보상,Mission Rewards,en-US
任務獎勵,Mission Rewards,en-US
達成済,Complete,en-US
挑戦へ,Go,en-US
当前无奖励可领取,No rewards available,en-US
受け取れる報酬がありません,No rewards available,en-US
현재 획득 가능한 보상이 없습니다.,No rewards available,en-US
目前無獎勵可領取,No rewards available,en-US
構築,Team Guides,en-US
运营思路,Strategy,en-US
構築概要,Strategy,en-US
덱 소개,Strategy,en-US
思路,Strategy,en-US
应用配置,Apply,en-US
構成適用,Apply,en-US
덱 적용,Apply,en-US
套用配置,Apply,en-US
阵容推荐,Recommended Lineup,en-US
おすすめ編成,Recommended Lineup,en-US
진형 추천,Recommended Lineup,en-US
陣容推薦,Recommended Lineup,en-US
推荐棋组,Recommended Teams,en-US
おすすめ,Recommended Teams,en-US
추천 덱,Recommended Teams,en-US
推薦棋組,Recommended Teams,en-US
取消应用,Clear Setup,en-US
適用取消,Clear Setup,en-US
적용 취소,Clear Setup,en-US
取消套用,Clear Setup,en-US
应用中,Applied,en-US
適用中,Applied,en-US
적용 중,Applied,en-US
套用中,Applied,en-US
投 掷,Roll,en-US
を振る,Roll,en-US
던지기,Roll,en-US
投 擲,Roll,en-US
点数{0}以上获得大成功,Score {0} or higher for a Great Success,en-US
{0}포인트 이상 시 대성공,Score {0} or higher for a Great Success,en-US
點數{0}以上獲得大成功,Score {0} or higher for a Great Success,en-US
投掷骰子,Roll the Dice,en-US
ダイスロール,Roll the Dice,en-US
投擲骰子,Roll the Dice,en-US
本场奖励,Round Rewards,en-US
今回の報酬,Round Rewards,en-US
이번 보상,Round Rewards,en-US
本場獎勵,Round Rewards,en-US
获得金币总览,Total Gold Earned,en-US
獲得コイン詳細,Total Gold Earned,en-US
획득 금화 전체 보기,Total Gold Earned,en-US
獲得金幣總覽,Total Gold Earned,en-US
经验,EXP,en-US
경험치,EXP,en-US
經驗,EXP,en-US
连败场次,Lose Streak Battles,en-US
連敗数,Lose Streak Battles,en-US
연패 횟수,Lose Streak Battles,en-US
連敗場次,Lose Streak Battles,en-US
理智,SAN,en-US
理性,SAN,en-US
이성,SAN,en-US
本场评分,Round Score,en-US
対局評価,Round Score,en-US
이번 평점,Round Score,en-US
本場評分,Round Score,en-US
数据统计,Stats,en-US
データ統計,Stats,en-US
데이터 통계,Stats,en-US
資料統計,Stats,en-US
连胜场次,Win Streak,en-US
連勝数,Win Streak,en-US
연승 횟수,Win Streak,en-US
連勝場次,Win Streak,en-US
购买经验,Buy EXP,en-US
EXP購入,Buy EXP,en-US
경험치 구매,Buy EXP,en-US
購買經驗,Buy EXP,en-US
返回契机,Return to Opportunity,en-US
分岐に戻る,Return to Opportunity,en-US
터닝 포인트로 돌아가기,Return to Opportunity,en-US
返回契機,Return to Opportunity,en-US
レベルMAX,Max level,en-US
최대 레벨,Max level,en-US
站位加成,Position Bonus,en-US
配置バフ,Position Bonus,en-US
포지션 보너스,Position Bonus,en-US
对局奖励,Round Rewards,en-US
報酬,Round Rewards,en-US
보상,Round Rewards,en-US
對局獎勵,Round Rewards,en-US
出售,Sell,en-US
売却,Sell,en-US
판매,Sell,en-US
当前仅可查看沙盘状态，不可进行操作,Board view only. No actions available.,en-US
現在はボードの確認のみ可能で、操作はできません。,Board view only. No actions available.,en-US
"현재 배치 상태만 확인할 수 있고, 조작할 수 없습니다.",Board view only. No actions available.,en-US
當前僅可查看沙盤狀態，不可進行操作,Board view only. No actions available.,en-US
放弃并结算,Quit & Claim,en-US
挑戦を放棄,Quit & Claim,en-US
포기 후 결산,Quit & Claim,en-US
放棄並結算,Quit & Claim,en-US
起始方针,Starting Plans,en-US
初期方針,Starting Plans,en-US
초기 방침,Starting Plans,en-US
起始方針,Starting Plans,en-US
{0}费棋子,{0}-Cost Piece,en-US
コスト{0},{0}-Cost Piece,en-US
{0} 코스트 말,{0}-Cost Piece,en-US
{0}費棋子,{0}-Cost Piece,en-US
商店刷新概率,Piece Drop Rates,en-US
陳列確率,Piece Drop Rates,en-US
상점 새로고침 확률,Piece Drop Rates,en-US
商店更新機率,Piece Drop Rates,en-US
刷 新,Refresh,en-US
更 新,Refresh,en-US
禁止刷新,Refresh Disabled,en-US
更新禁止,Refresh Disabled,en-US
새로고침 중지,Refresh Disabled,en-US
禁止更新,Refresh Disabled,en-US
免费刷新,Free Refresh,en-US
無料更新,Free Refresh,en-US
무료 새로고침,Free Refresh,en-US
免費更新,Free Refresh,en-US
祝福选择,Choose a Blessing,en-US
祝福選択,Choose a Blessing,en-US
축복 선택,Choose a Blessing,en-US
祝福選擇,Choose a Blessing,en-US
后援技,Assist Skill,en-US
支援スキル,Assist Skill,en-US
지원 스킬,Assist Skill,en-US
後援技,Assist Skill,en-US
无法上阵相同的棋子,Cannot deploy duplicate pieces,en-US
同じユニットは配置できません,Cannot deploy duplicate pieces,en-US
동일한 말 출전 불가,Cannot deploy duplicate pieces,en-US
無法上陣相同的棋子,Cannot deploy duplicate pieces,en-US
主战技,Offense Skill,en-US
主力スキル,Offense Skill,en-US
메인 스킬,Offense Skill,en-US
主戰技,Offense Skill,en-US
起始方针,Starting Plan,en-US
初期方針,Starting Plan,en-US
초기 방침,Starting Plan,en-US
起始方針,Starting Plan,en-US
追踪,Track,en-US
追跡,Track,en-US
추적,Track,en-US
追蹤,Track,en-US
旅人语音被关闭,Trekker Voiceover disabled,en-US
巡遊者ボイスはオフになっています,Trekker Voiceover disabled,en-US
여행가 음성이 비활성화되었습니다,Trekker Voiceover disabled,en-US
旅人語音已關閉,Trekker Voiceover disabled,en-US
紧急委托不计入委托上限,Urgent Commissions do not count toward Commission Limit,en-US
緊急依頼は依頼上限には含まれません,Urgent Commissions do not count toward Commission Limit,en-US
긴급 의뢰는 의뢰 수에 포함되지 않습니다,Urgent Commissions do not count toward Commission Limit,en-US
緊急委託不計入委託上限,Urgent Commissions do not count toward Commission Limit,en-US
{0}难度{1} 第{2}层,{0} Difficulty {1} Floor {2},en-US
{0}難易度{1} 第{2}層,{0} Difficulty {1} Floor {2},en-US
{0} 난이도 {1} {2}층,{0} Difficulty {1} Floor {2},en-US
{0}難度{1} 第{2}層,{0} Difficulty {1} Floor {2},en-US
默契值提升{0},Affinity +{0},en-US
信頼度+{0},Affinity +{0},en-US
호감도 {0} 증가,Affinity +{0},en-US
本周员工默契值获取已达上限,Weekly Max Employee Affinity reached,en-US
今週の信頼度獲得は上限に達しました,Weekly Max Employee Affinity reached,en-US
이번주 직원 획득 호감도 한도 도달,Weekly Max Employee Affinity reached,en-US
本週員工默契值獲得量已達上限,Weekly Max Employee Affinity reached,en-US
生效研究,Active Research,en-US
発動中の研究効果,Active Research,en-US
적용 연구,Active Research,en-US
首领用时,Boss Time,en-US
経過時間,Boss Time,en-US
보스 클리어 시간,Boss Time,en-US
首領時間,Boss Time,en-US
员工手册,Employee Handbook,en-US
スタッフ紹介,Employee Handbook,en-US
직원 수첩,Employee Handbook,en-US
員工手冊,Employee Handbook,en-US
暂无记录在册的该系旅人,No Record for this type of Trekker in this deck,en-US
この属性の巡遊者は記載されていません,No Record for this type of Trekker in this deck,en-US
기록에 등록된 해당 속성 여행가가 없습니다,No Record for this type of Trekker in this deck,en-US
暫無記錄在冊的該系旅人,No Record for this type of Trekker in this deck,en-US
暂无记录,No Record,en-US
記録なし,No Record,en-US
기록 없음,No Record,en-US
暫無紀錄,No Record,en-US
等待相遇,Unavailable,en-US
未獲得,Unavailable,en-US
미보유,Unavailable,en-US
尚未与该旅人相遇,Have not encountered this Trekker,en-US
未獲得の巡遊者です,Have not encountered this Trekker,en-US
해당 여행가와 아직 만나지 못했습니다,Have not encountered this Trekker,en-US
尚未與該旅人相遇,Have not encountered this Trekker,en-US
点击空白处关闭,Select to close,en-US
タップして閉じる,Select to close,en-US
빈 곳을 터치하여 닫으세요,Select to close,en-US
點選空白處關閉,Select to close,en-US
已收集,Collected,en-US
収集済み,Collected,en-US
수집 완료,Collected,en-US
最高收集等级,Highest Collection Level,en-US
最大収集レベル,Highest Collection Level,en-US
최대 수집 레벨,Highest Collection Level,en-US
最高收集等級,Highest Collection Level,en-US
攀登的旅途，总是伴随着意外,The path to the top is always accompanied by the unexpected,en-US
探索にハプニングはつきもの,The path to the top is always accompanied by the unexpected,en-US
여정 중에는 항상 생각지 못한 일이 일어납니다,The path to the top is always accompanied by the unexpected,en-US
攀登的旅途，總是伴隨著意外,The path to the top is always accompanied by the unexpected,en-US
逸闻笔记,Anecdotes,en-US
逸話ノート,Anecdotes,en-US
일화 노트,Anecdotes,en-US
逸聞筆記,Anecdotes,en-US
命运的馈赠，早已标注好了代价,The price of destiny's gifts was set long ago,en-US
授かりものには代償が潜んでいる,The price of destiny's gifts was set long ago,en-US
"운명의 선물, 대가는 이미 명시되어 있습니다",The price of destiny's gifts was set long ago,en-US
命運的饋贈，早已標示了代價,The price of destiny's gifts was set long ago,en-US
命运卡册,Destiny Card Deck,en-US
運命カードブック,Destiny Card Deck,en-US
운명 카드첩,Destiny Card Deck,en-US
命運卡冊,Destiny Card Deck,en-US
解锁条件,Unlock Requirements,en-US
解放条件,Unlock Requirements,en-US
오픈 조건,Unlock Requirements,en-US
解鎖條件,Unlock Requirements,en-US
未收录,New,en-US
未収集,New,en-US
미수록,New,en-US
未收錄,New,en-US
星塔给予旅人的祝福,The Monolith bestows blessings upon Trekkers,en-US
星ノ塔へ挑む者たちに祝福あれ,The Monolith bestows blessings upon Trekkers,en-US
별의 탑이 여행가에게 주는 축복,The Monolith bestows blessings upon Trekkers,en-US
星塔給予旅人的祝福,The Monolith bestows blessings upon Trekkers,en-US
普通潜能,Common Potentials,en-US
サブ素質,Common Potentials,en-US
일반 잠재력,Common Potentials,en-US
普通潛能,Common Potentials,en-US
收集旅人{0}的潜能数量达到{1},Obtain {0}'s Potential ×{1},en-US
{0}の素質を{1}個以上収集する,Obtain {0}'s Potential ×{1},en-US
{0} 잠재력 수집 수량 {1}개 달성,Obtain {0}'s Potential ×{1},en-US
收集旅人{0}的潛能數量達到{1},Obtain {0}'s Potential ×{1},en-US
收集旅人{0}的所有潜能,Obtain all {0}'s Potentials,en-US
{0}の素質を全て収集する,Obtain all {0}'s Potentials,en-US
{0} 잠재력 모두 수집 완료,Obtain all {0}'s Potentials,en-US
收集旅人{0}的所有潛能,Obtain all {0}'s Potentials,en-US
核心潜能,Core Potentials,en-US
コア素質,Core Potentials,en-US
핵심 잠재력,Core Potentials,en-US
核心潛能,Core Potentials,en-US
切换,Change,en-US
切替,Change,en-US
전환,Change,en-US
切換,Change,en-US
潜能一览,Potentials,en-US
素質一覧,Potentials,en-US
潛能一覽,Potentials,en-US
収集ボーナス,Collection Reward,en-US
未收集,Not Collected,en-US
未収集,Not Collected,en-US
미수집,Not Collected,en-US
{0}초 안에 클리어하면 {1} 보상을 획득할 수 있습니다,Clear the stage within {0}s to receive {1} rewards,en-US
首领之间,Leader's Domain,en-US
首領ノ間,Leader's Domain,en-US
리더의 방,Leader's Domain,en-US
首領之間,Leader's Domain,en-US
旅人,Trekkers,en-US
巡遊者,Trekkers,en-US
여행가,Trekkers,en-US
発動済み,Activated,en-US
暂无协奏技能,No Harmony Skills,en-US
アシスト効果はありません,No Harmony Skills,en-US
협주 스킬이 없습니다,No Harmony Skills,en-US
暫無協奏技能,No Harmony Skills,en-US
未激活,Inactive,en-US
未発動,Inactive,en-US
활성화 전,Inactive,en-US
未啟動,Inactive,en-US
协奏技能,Harmony Skills,en-US
アシスト効果,Harmony Skills,en-US
협주 스킬,Harmony Skills,en-US
協奏技能,Harmony Skills,en-US
秘纹技能,Disc Skills,en-US
ロスレコスキル,Disc Skills,en-US
레코드 스킬,Disc Skills,en-US
祕紋技能,Disc Skills,en-US
未激活秘纹技能,Disc Skill not activated,en-US
ロスレコスキル未発動,Disc Skill not activated,en-US
레코드 스킬이 활성화되지 않았습니다,Disc Skill not activated,en-US
未啟動祕紋技能,Disc Skill not activated,en-US
音符技能,Musical Note Skills,en-US
音符効果,Musical Note Skills,en-US
소리 스킬,Musical Note Skills,en-US
潜能收集,Potentials,en-US
素質収集,Potentials,en-US
잠재력 수집,Potentials,en-US
潛能收集,Potentials,en-US
未激活潜能,Potential not activated,en-US
素質未解放,Potential not activated,en-US
잠재력이 활성화되지 않았습니다,Potential not activated,en-US
未啟動潛能,Potential not activated,en-US
已无返回次数，无法暂离,No more return chances. Unable to leave temporarily,en-US
再入場回数が不足しているため、一時撤退できません,No more return chances. Unable to leave temporarily,en-US
돌아가기 횟수가 소진됐으므로 떠날 수 없습니다,No more return chances. Unable to leave temporarily,en-US
已無返回次數，無法暫離,No more return chances. Unable to leave temporarily,en-US
点击,Select,en-US
タップ,Select,en-US
터치,Select,en-US
點選,Select,en-US
继续,Continue,en-US
계속,Continue,en-US
繼續,Continue,en-US
失去了{0}个,Lost {0},en-US
{0}個のを失いました,Lost {0},en-US
{0}개를 잃었습니다,Lost {0},en-US
失去了{0}個,Lost {0},en-US
危险房间,Danger Room,en-US
危険な部屋,Danger Room,en-US
위험한 방,Danger Room,en-US
危險房間,Danger Room,en-US
星塔背包,Monolith Bag,en-US
星ノ塔バッグ,Monolith Bag,en-US
별의 탑 가방,Monolith Bag,en-US
命运卡片,Destiny Card,en-US
運命カード,Destiny Card,en-US
운명 카드,Destiny Card,en-US
命運卡片,Destiny Card,en-US
共鸣技能,Resonance Skill,en-US
共鳴スキル,Resonance Skill,en-US
공명 스킬,Resonance Skill,en-US
共鳴技能,Resonance Skill,en-US
暂未获得共鸣技能,No Resonance Skill,en-US
共鳴スキルを獲得していません,No Resonance Skill,en-US
획득한 공명 스킬이 없습니다,No Resonance Skill,en-US
暫未獲得共鳴技能,No Resonance Skill,en-US
其他道具,Other Item,en-US
その他のアイテム,Other Item,en-US
기타 아이템,Other Item,en-US
核心技能,Chorus,en-US
コア効果,Chorus,en-US
핵심 스킬,Chorus,en-US
核心技能 未解锁,Chorus Locked,en-US
コア効果 未解放,Chorus Locked,en-US
핵심 스킬 미오픈,Chorus Locked,en-US
核心技能 未解鎖,Chorus Locked,en-US
简略,Brief,en-US
간략,Brief,en-US
簡略,Brief,en-US
Lv. {0} /{1},Level {0}/{1},en-US
레벨 {0}/{1},Level {0}/{1},en-US
{num_0} 个,{num_0},en-US
暂无任何潜能,No Potentials,en-US
素質がありません,No Potentials,en-US
잠재력이 없습니다,No Potentials,en-US
暫無任何潛能,No Potentials,en-US
收起,Collapse,en-US
隠す,Collapse,en-US
보유,Collapse,en-US
[{0}] 失效,{0} is no longer active,en-US
[{0}]無効,{0} is no longer active,en-US
「{0}」(이)가 효력을 잃었습니다,{0} is no longer active,en-US
[{0}]失效,{0} is no longer active,en-US
泛用技能,Verse,en-US
アシスト効果,Verse,en-US
범용 스킬,Verse,en-US
秘纹信息,Disc Info,en-US
ロスレコ情報,Disc Info,en-US
레코드 정보,Disc Info,en-US
祕紋資訊,Disc Info,en-US
获得音符,Musical Notes Acquired,en-US
音符獲得,Musical Notes Acquired,en-US
소리 획득,Musical Notes Acquired,en-US
獲得音符,Musical Notes Acquired,en-US
激活协奏技能,Harmony Skill Activated,en-US
アシスト効果を解放,Harmony Skill Activated,en-US
협주 스킬 활성화,Harmony Skill Activated,en-US
啟動協奏技能,Harmony Skill Activated,en-US
（未解锁）,(Locked),en-US
（未解放）,(Locked),en-US
(미오픈),(Locked),en-US
（未解鎖）,(Locked),en-US
穿戴徽章可获得额外属性加成,Equip Emblems to gain additional stat bonuses,en-US
徽章を身に着けると、追加属性ボーナスを獲得できます,Equip Emblems to gain additional stat bonuses,en-US
배지를 장착하면 추가 속성 버프를 획득할 수 있습니다,Equip Emblems to gain additional stat bonuses,en-US
穿戴徽章可獲得額外屬性加成,Equip Emblems to gain additional stat bonuses,en-US
已装备秘纹,Disc Equipped,en-US
ロスレコ装備済,Disc Equipped,en-US
장착 중인 레코드입니다,Disc Equipped,en-US
已裝備祕紋,Disc Equipped,en-US
抉择之间,Choice Domain,en-US
決断ノ間,Choice Domain,en-US
선택의 방,Choice Domain,en-US
抉擇之間,Choice Domain,en-US
当前进度：{0}/{1},Current Progress: {0}/{1},en-US
現在の進捗：{0}/{1},Current Progress: {0}/{1},en-US
현재 진행도: {0}/{1},Current Progress: {0}/{1},en-US
目前進度：{0}/{1},Current Progress: {0}/{1},en-US
获取条件：,Requirements:.,en-US
獲得条件：,Requirements:.,en-US
획득 조건:,Requirements:.,en-US
獲得條件：,Requirements:.,en-US
已激活【{0}】,Activated [{0}],en-US
【{0}】が有効になりました,Activated [{0}],en-US
「{0}」(을)를 활성화했습니다,Activated [{0}],en-US
已啟動【{0}】,Activated [{0}],en-US
永久生效,Permanent Activation,en-US
永続効果,Permanent Activation,en-US
영구 효과 적용,Permanent Activation,en-US
生效次数,Activation Count,en-US
有効回数,Activation Count,en-US
효과 적용 횟수,Activation Count,en-US
生效次數,Activation Count,en-US
{0} 次,{0} Times,en-US
{0}回,{0} Times,en-US
{0} 회,{0} Times,en-US
{0}次,{0} Times,en-US
已失去【{0}】,Lost [{0}],en-US
【{0}】を失いました,Lost [{0}],en-US
「{0}」(을)를 잃었습니다,Lost [{0}],en-US
本次没有命运卡掉落,No Destiny Card drop this time,en-US
運命カードはドロップしませんでした,No Destiny Card drop this time,en-US
이번에는 운명 카드가 드랍되지 않았습니다,No Destiny Card drop this time,en-US
本次無命運卡掉落,No Destiny Card drop this time,en-US
{0}及其他{1}个命运卡已失效,{0} and another {1} Destiny Card are no longer active,en-US
{0}、その他{1}枚の運命カードは効果切れです,{0} and another {1} Destiny Card are no longer active,en-US
{0} 및 기타 운명 카드 {1}장이 효력을 잃었습니다,{0} and another {1} Destiny Card are no longer active,en-US
{0}及其他{1}張命運卡已失效,{0} and another {1} Destiny Card are no longer active,en-US
已失效,No Longer Active,en-US
効果切れ,No Longer Active,en-US
만료,No Longer Active,en-US
通关高难度可以直接获取低难度未达成的首通奖励,Clearing a higher-difficulty level directly grants the unachieved First Clear Reward in lower-difficulty levels,en-US
より高い難易度をクリアすると、未クリアの低難易度の初回クリア報酬を直接獲得できる,Clearing a higher-difficulty level directly grants the unachieved First Clear Reward in lower-difficulty levels,en-US
높은 난이도를 클리어하면 낮은 난이도의 받지 않은 첫 클리어 보상을 바로 획득합니다.,Clearing a higher-difficulty level directly grants the unachieved First Clear Reward in lower-difficulty levels,en-US
通過高難度可以直接獲得低難度未達成的首通獎勵,Clearing a higher-difficulty level directly grants the unachieved First Clear Reward in lower-difficulty levels,en-US
技能升级{0}次后获取随机技能,Upgrade skill {0} times to receive a random skill,en-US
スキルを{0}回レベルアップすると、ランダムなスキルを獲得できます,Upgrade skill {0} times to receive a random skill,en-US
스킬 레벨업 {0}회 후 랜덤 스킬을 획득합니다,Upgrade skill {0} times to receive a random skill,en-US
技能升級{0}次後可獲得隨機技能,Upgrade skill {0} times to receive a random skill,en-US
第{0}层,Floor {0},en-US
第{0}層,Floor {0},en-US
{0}층,Floor {0},en-US
该选项不可用，请选择其他选项,Option unavailable. Please select another one.,en-US
選択できません。他の項目を選んでください。,Option unavailable. Please select another one.,en-US
사용할 수 없는 항목입니다. 다른 항목을 선택해 주세요.,Option unavailable. Please select another one.,en-US
此選項無法使用，請選擇其他選項,Option unavailable. Please select another one.,en-US
没有可选的潜能,No selectable Potentials,en-US
選択できる素質はありません,No selectable Potentials,en-US
선택 가능한 잠재력이 없습니다,No selectable Potentials,en-US
沒有可選的潛能,No selectable Potentials,en-US
湛蓝,Azure,en-US
紺碧,Azure,en-US
푸른빛,Azure,en-US
湛藍,Azure,en-US
获得 {0} 个{2}音符,Acquired {0} {2} Musical Notes,en-US
{2}音符を{0}個獲得,Acquired {0} {2} Musical Notes,en-US
{2} 소리 {0}개를 획득했습니다,Acquired {0} {2} Musical Notes,en-US
獲得{0}個{2}音符,Acquired {0} {2} Musical Notes,en-US
碧绿,Verdant,en-US
翡翠,Verdant,en-US
초록빛,Verdant,en-US
碧綠,Verdant,en-US
幽紫,Violet,en-US
薄紫,Violet,en-US
보랏빛,Violet,en-US
随机,Random,en-US
ランダム,Random,en-US
랜덤,Random,en-US
隨機,Random,en-US
绽红,Scarlet,en-US
深紅,Scarlet,en-US
붉은빛,Scarlet,en-US
綻紅,Scarlet,en-US
失去了{0} x {1},You lost {0} x{1},en-US
{1} x {0}を失いました,You lost {0} x{1},en-US
{0}x{1}을(를) 잃었습니다.,You lost {0} x{1},en-US
失去了{0}x{1},You lost {0} x{1},en-US
播 放,Play,en-US
再生,Play,en-US
재 생,Play,en-US
选择播放一段音乐获得祝福,Select and play music to gain blessing,en-US
いずれかの音楽を選んで再生し、祝福を獲得,Select and play music to gain blessing,en-US
음악을 재생하면 축복을 획득합니다,Select and play music to gain blessing,en-US
選擇播放一段音樂獲得祝福,Select and play music to gain blessing,en-US
暖黄,Amber,en-US
山吹,Amber,en-US
노란빛,Amber,en-US
暖黃,Amber,en-US
已恢复50%最大血量与50%能量,Recovered 50% of Max HP and 50% of Energy,en-US
HPが50％、SPが50％回復しました,Recovered 50% of Max HP and 50% of Energy,en-US
최대 HP 50%와 SP 50%를 회복하였습니다,Recovered 50% of Max HP and 50% of Energy,en-US
已恢復50%最大生命值與50%能量,Recovered 50% of Max HP and 50% of Energy,en-US
进入【命运之间】,Enter [Destiny's Domain],en-US
【運命ノ間】に入る,Enter [Destiny's Domain],en-US
「운명의 방」 입장,Enter [Destiny's Domain],en-US
進入【命運之間】,Enter [Destiny's Domain],en-US
进入【高难·命运之间】,Enter [High Difficulty: Destiny's Domain],en-US
【死闘ノ間】に入る,Enter [High Difficulty: Destiny's Domain],en-US
「하드·운명의 방」 입장,Enter [High Difficulty: Destiny's Domain],en-US
進入【高難度·命運之間】,Enter [High Difficulty: Destiny's Domain],en-US
拒绝她的邀请,Reject her invitation,en-US
誘いを断る,Reject her invitation,en-US
초대 거절하기,Reject her invitation,en-US
拒絕她的邀請,Reject her invitation,en-US
[{0}]已激活,Activated [{0}],en-US
[{0}]解放済み,Activated [{0}],en-US
「{0}」 활성화 완료,Activated [{0}],en-US
[{0}]已啟動,Activated [{0}],en-US
失去了潜能{0},Lost {0} Potential,en-US
素質{0}を失った,Lost {0} Potential,en-US
{0} 잠재력을 잃었습니다,Lost {0} Potential,en-US
失去潛能{0},Lost {0} Potential,en-US
点击任意区域关闭,Select anywhere to close,en-US
タップして閉じる,Select anywhere to close,en-US
아무 구역을 터치하여 닫으세요,Select anywhere to close,en-US
點選任意區域關閉,Select anywhere to close,en-US
潜能强化成功,Potential Enhancement Successful,en-US
素質強化完了,Potential Enhancement Successful,en-US
잠재력 강화 성공,Potential Enhancement Successful,en-US
潛能強化成功,Potential Enhancement Successful,en-US
LV,Lv.,en-US
选择一张潜能卡片吧,Select 1 Potential card,en-US
素質を1つ選択してください,Select 1 Potential card,en-US
잠재력 카드 1장을 선택하세요,Select 1 Potential card,en-US
選擇一張潛能卡片吧,Select 1 Potential card,en-US
选择一张潜能卡片强化吧,Select 1 Potential card to enhance,en-US
素質を1つ選択して強化してください,Select 1 Potential card to enhance,en-US
잠재력 카드 1장을 선택해 강화하세요,Select 1 Potential card to enhance,en-US
選擇一張潛能卡片強化吧,Select 1 Potential card to enhance,en-US
核心,Core,en-US
コア,Core,en-US
핵심,Core,en-US
挑战词条,Challenge Affix,en-US
挑戦特性,Challenge Affix,en-US
도전 옵션,Challenge Affix,en-US
挑戰詞條,Challenge Affix,en-US
难度积分,Difficulty Score,en-US
難易度スコア,Difficulty Score,en-US
난이도 포인트,Difficulty Score,en-US
難度積分,Difficulty Score,en-US
难度{0},Difficulty {0},en-US
難易度{0},Difficulty {0},en-US
난이도 {0},Difficulty {0},en-US
難度{0},Difficulty {0},en-US
おすすめレベル,Rec. Level,en-US
おすすめ,Recommended,en-US
首领战斗时间越短，时间积分越多,"The shorter the boss battle time, the higher the Time Score",en-US
タイムスコアは首領戦の所要時間が短いほど高くなります,"The shorter the boss battle time, the higher the Time Score",en-US
보스 전투 소요 시간이 짧을수록 타임 포인트가 증가합니다,"The shorter the boss battle time, the higher the Time Score",en-US
首領戰鬥時間越短，時間積分越多,"The shorter the boss battle time, the higher the Time Score",en-US
挑战积分,Challenge Score,en-US
挑戦スコア,Challenge Score,en-US
도전 포인트,Challenge Score,en-US
挑戰積分,Challenge Score,en-US
时间最大积分,Max Time Score,en-US
タイムスコア最大,Max Time Score,en-US
최대 타임 포인트,Max Time Score,en-US
時間最高積分,Max Time Score,en-US
第 {0} 名之后,Below Rank {0},en-US
第{0}位以降,Below Rank {0},en-US
{0}위 달성 시,Below Rank {0},en-US
第{0}名之後,Below Rank {0},en-US
第{0}名~第{1}名,Rank {0}–Rank{1},en-US
第{0}位~第{1}位,Rank {0}–Rank{1},en-US
{0}위~{1}위,Rank {0}–Rank{1},en-US
是否放弃星塔排行的挑战？ 已消耗门票不进行返还,Sure to give up on Monolith ranking challenge? Consumed tickets will not be refunded,en-US
星ノ塔ランキングへの挑戦を諦めますか？ チケットは消費済みのため、返還されません。,Sure to give up on Monolith ranking challenge? Consumed tickets will not be refunded,en-US
별의 탑 랭킹 도전을 포기하시겠습니까? 소모한 입장권은 반환되지 않습니다,Sure to give up on Monolith ranking challenge? Consumed tickets will not be refunded,en-US
是否放棄星塔排行的挑戰？ 已消耗門票將不歸還,Sure to give up on Monolith ranking challenge? Consumed tickets will not be refunded,en-US
排行信息,Ranking Info,en-US
ランキング情報,Ranking Info,en-US
랭킹 정보,Ranking Info,en-US
排行資訊,Ranking Info,en-US
辉光币不足，无法刷新,Insufficient Stella Coins. Unable to refresh,en-US
ステラコインが不足しているため、更新できません,Insufficient Stella Coins. Unable to refresh,en-US
스텔라 코인이 부족하여 새로고침할 수 없습니다,Insufficient Stella Coins. Unable to refresh,en-US
輝光幣不足，無法更新,Insufficient Stella Coins. Unable to refresh,en-US
剩余次数不足，无法刷新,Insufficient chances. Unable to refresh,en-US
残り回数が不足しているため、更新できません,Insufficient chances. Unable to refresh,en-US
남은 횟수가 부족하여 새로고침할 수 없습니다,Insufficient chances. Unable to refresh,en-US
剩餘次數不足，無法更新,Insufficient chances. Unable to refresh,en-US
研究预览,Research Overview,en-US
研究効果プレビュー,Research Overview,en-US
연구 미리보기,Research Overview,en-US
研究預覽,Research Overview,en-US
挑战难度,Challenge Difficulty,en-US
チャレンジ難易度,Challenge Difficulty,en-US
도전 난이도,Challenge Difficulty,en-US
挑戰難度,Challenge Difficulty,en-US
时间积分,Time Score,en-US
タイムスコア,Time Score,en-US
타임 포인트,Time Score,en-US
時間積分,Time Score,en-US
所用时间,Time,en-US
経過時間,Time,en-US
소요 시간,Time,en-US
所用時間,Time,en-US
{0}小时{1}分,{0}h {1}m,en-US
剩余次数 {0},{0} chances remaining,en-US
残り回数 {0},{0} chances remaining,en-US
남은 횟수 {0},{0} chances remaining,en-US
剩餘次數 {0},{0} chances remaining,en-US
当前{0}数量已达上限,Current {0} has reached the limit.,en-US
{0}の数が上限に達しました,Current {0} has reached the limit.,en-US
{0} 수량이 최대치입니다.,Current {0} has reached the limit.,en-US
目前{0}數量已達上限,Current {0} has reached the limit.,en-US
商店成功补货,Shop has been restocked,en-US
ショップに在庫が補充されました,Shop has been restocked,en-US
상점 재고 보충 성공,Shop has been restocked,en-US
商店成功補貨,Shop has been restocked,en-US
成功消耗{0}强化潜能,Successfully used {0} to enhance Potential,en-US
{0}を消費して素質を強化しました,Successfully used {0} to enhance Potential,en-US
"{0}소모, 잠재력 강화 성공",Successfully used {0} to enhance Potential,en-US
成功消耗{0}強化潛能,Successfully used {0} to enhance Potential,en-US
通关当前或更高难度星塔探索以进行快速战斗,Clear the current or higher-difficulty Ascension to use Quick Battle,en-US
現在の難易度以上の星ノ塔探索をクリアすると、掃討が解放されます,Clear the current or higher-difficulty Ascension to use Quick Battle,en-US
현재 난이도 이상의 별의 탑을 클리어하여 즉시 빠른 전투를 진행할 수 있습니다,Clear the current or higher-difficulty Ascension to use Quick Battle,en-US
通過目前或更高難度的星塔探索，即可進行快速戰鬥,Clear the current or higher-difficulty Ascension to use Quick Battle,en-US
暂时离开,Leave Temporarily,en-US
一時撤退,Leave Temporarily,en-US
떠나기,Leave Temporarily,en-US
暫時離開,Leave Temporarily,en-US
在星塔{0}（第{1}层），获得{2}个{3},"From Monolith {0} ({1}F), acquired {2} {3}",en-US
星ノ塔{0}（第{1}層）で{2}個の{3}を獲得する,"From Monolith {0} ({1}F), acquired {2} {3}",en-US
별의 탑 {0} ({1}층)에서 {3} {2}개 획득,"From Monolith {0} ({1}F), acquired {2} {3}",en-US
在星塔{0}（第{1}層）獲得{2}個{3},"From Monolith {0} ({1}F), acquired {2} {3}",en-US
在星塔{0}（第{1}层），获得潜能[{2}],You acquired the Potential [{2}] from Monolith {0} ({1}F),en-US
星ノ塔{0}（第{1}層）で素質[{2}]を獲得する,You acquired the Potential [{2}] from Monolith {0} ({1}F),en-US
별의 탑 {0} ({1}층)에서 잠재력 「{2}」 획득,You acquired the Potential [{2}] from Monolith {0} ({1}F),en-US
在星塔{0}（第{1}層）獲得潛能【{2}】,You acquired the Potential [{2}] from Monolith {0} ({1}F),en-US
在星塔{0}（第{1}层），获得命运卡{2},"From Monolith {0} ({1}F), acquired {2} Destiny Card",en-US
星ノ塔{0}（第{1}層）で運命カード{2}を獲得する,"From Monolith {0} ({1}F), acquired {2} Destiny Card",en-US
별의 탑 {0} ({1}층)에서 운명 카드 {2} 획득,"From Monolith {0} ({1}F), acquired {2} Destiny Card",en-US
在星塔{0}（第{1}層）獲得命運卡{2},"From Monolith {0} ({1}F), acquired {2} Destiny Card",en-US
在星塔{0}（第{1}层），消耗{2}个{3},Consumed {3} ×{2} in Monolith {0} ({1}F),en-US
星ノ塔{0}（第{1}層）で、{3}を{2}個消費する,Consumed {3} ×{2} in Monolith {0} ({1}F),en-US
"별의 탑 {0} ({1}층)에서, {3} {2}개 소모",Consumed {3} ×{2} in Monolith {0} ({1}F),en-US
在星塔{0}（第{1}層）消耗{2}個{3},Consumed {3} ×{2} in Monolith {0} ({1}F),en-US
还没有任何日志,No Monolith Journal available,en-US
ログがまだありません,No Monolith Journal available,en-US
비어있음,No Monolith Journal available,en-US
還沒有任何日誌,No Monolith Journal available,en-US
星塔日志,Monolith Journal,en-US
星ノ塔ログ,Monolith Journal,en-US
별의 탑 일지,Monolith Journal,en-US
星塔日誌,Monolith Journal,en-US
解锁星塔研究【{0}】节点以开启快速战斗功能,Unlock the Monolith Research [{0}] node to activate the Quick Battle feature,en-US
星ノ塔の研究【{0}】ノードを解放すると、掃討機能が開放されます,Unlock the Monolith Research [{0}] node to activate the Quick Battle feature,en-US
별의 탑 연구 「{0}」 노드를 오픈해 빠른 전투 기능을 오픈하세요,Unlock the Monolith Research [{0}] node to activate the Quick Battle feature,en-US
解鎖星塔研究【{0}】節點，即可開啟快速戰鬥功能,Unlock the Monolith Research [{0}] node to activate the Quick Battle feature,en-US
去商店购物,Purchase at the shop,en-US
コンビニで買い物する,Purchase at the shop,en-US
상점에서 구매하기,Purchase at the shop,en-US
去商店購物,Purchase at the shop,en-US
强化（{1}）,Enhance ({1} ),en-US
強化（{1}）,Enhance ({1} ),en-US
강화 ({1}),Enhance ({1} ),en-US
不要了，直接上楼吧,"Nah, let's go up right away",en-US
もう十分だ、先へ進む,"Nah, let's go up right away",en-US
"괜찮아요, 바로 올라갈게요","Nah, let's go up right away",en-US
不要了，直接上樓吧,"Nah, let's go up right away",en-US
自动前进中,Auto-advance in progress,en-US
自動前進中,Auto-advance in progress,en-US
자동 진행 중,Auto-advance in progress,en-US
纪录分数,Record Score,en-US
記録スコア,Record Score,en-US
기록 점수,Record Score,en-US
記錄分數,Record Score,en-US
离开星塔,Leave Monolith,en-US
星ノ塔を離れる,Leave Monolith,en-US
별의 탑 떠나기,Leave Monolith,en-US
離開星塔,Leave Monolith,en-US
自动前进,Auto-advance,en-US
自動前進,Auto-advance,en-US
자동 진행,Auto-advance,en-US
条件不满足,Requirement not satisfied,en-US
条件未達成,Requirement not satisfied,en-US
조건을 충족하지 않았습니다,Requirement not satisfied,en-US
條件未符合,Requirement not satisfied,en-US
是否重新战斗,Try Again?,en-US
戦闘をやり直しますか？,Try Again?,en-US
다시 도전하겠습니까?,Try Again?,en-US
是否重新戰鬥,Try Again?,en-US
{0}×{1},{0} x{1},en-US
活动回顾敬请期待,Event Review Coming Soon,en-US
イベント回想、今後公開予定,Event Review Coming Soon,en-US
이벤트 다시보기를 기대해 주세요!,Event Review Coming Soon,en-US
活動回顧敬請期待,Event Review Coming Soon,en-US
解放待ち,Coming Soon,en-US
当前分类下无未读篇章敬请期待后继更新,No unread chapters in this category. Stay tuned for future updates.,en-US
全話読破済み,No unread chapters in this category. Stay tuned for future updates.,en-US
현재 카테고리에 읽지 않은 챕터가 없습니다. 업데이트를 기대해 주세요!,No unread chapters in this category. Stay tuned for future updates.,en-US
目前分類下無未讀篇章，敬請期待後續更新,No unread chapters in this category. Stay tuned for future updates.,en-US
{0} 天,{0}d,en-US
{0} 日,{0}d,en-US
{0} 小时,{0}h,en-US
{0} 時間,{0}h,en-US
{0} 分,{0}m,en-US
仅显示未读篇章,Unread Only,en-US
未読のみ表示,Unread Only,en-US
읽지 않은 챕터만 보기,Unread Only,en-US
僅顯示未讀篇章,Unread Only,en-US
阅读完上一小节后解锁,Unlocks after reading the previous section,en-US
前のストーリーを読み終えると解放,Unlocks after reading the previous section,en-US
이전 챕터 전부 읽은 후 오픈,Unlocks after reading the previous section,en-US
閱讀完上一小節後解鎖,Unlocks after reading the previous section,en-US
观看完上一小节剧情后解锁,Unlocks after watching the previous episode,en-US
前のストーリーを読み終えると解放,Unlocks after watching the previous episode,en-US
이전 스토리 전부 관람 후 오픈,Unlocks after watching the previous episode,en-US
觀看完上一小節劇情後解鎖,Unlocks after watching the previous episode,en-US
活动剧情,Event Story,en-US
イベントストーリー,Event Story,en-US
이벤트,Event Story,en-US
活動劇情,Event Story,en-US
バトル,Battle,en-US
线索,Clue,en-US
手がかり,Clue,en-US
단서,Clue,en-US
線索,Clue,en-US
进入,Enter,en-US
進む,Enter,en-US
진입,Enter,en-US
進入,Enter,en-US
新结局已解锁,Ending Unlocked,en-US
解放済み,Ending Unlocked,en-US
신규 결말 오픈,Ending Unlocked,en-US
新結局已解鎖,Ending Unlocked,en-US
新章节已解锁,Chapter Unlocked,en-US
解放済み,Chapter Unlocked,en-US
신규 챕터 오픈,Chapter Unlocked,en-US
新章節已解鎖,Chapter Unlocked,en-US
敬请期待后续内容更新,Stay tuned for future updates!,en-US
今後実装予定です,Stay tuned for future updates!,en-US
이후 업데이트를 기대해 주세요!,Stay tuned for future updates!,en-US
敬請期待後續內容更新,Stay tuned for future updates!,en-US
未知的章节,Unknown Chapter,en-US
未解放,Unknown Chapter,en-US
미지의 챕터,Unknown Chapter,en-US
未知的章節,Unknown Chapter,en-US
未知的线索,Unknown Clue,en-US
未知の手がかり,Unknown Clue,en-US
미지의 단서,Unknown Clue,en-US
未知的線索,Unknown Clue,en-US
未知的结局,Unknown Ending,en-US
未知の結末,Unknown Ending,en-US
미지의 결말,Unknown Ending,en-US
未知的結局,Unknown Ending,en-US
完成成就 {0} 后解锁,"Unlock after completing the Achievement, {0}",en-US
実績{0}をクリアすると解放,"Unlock after completing the Achievement, {0}",en-US
업적 {0} 완료 후 오픈,"Unlock after completing the Achievement, {0}",en-US
完成成就 {0} 後解鎖,"Unlock after completing the Achievement, {0}",en-US
探索其他选项后解锁此路线,Unlock this route after exploring other options,en-US
他の選択肢を先に探索してください,Unlock this route after exploring other options,en-US
다른 옵션 탐색 후 해당 경로 오픈,Unlock this route after exploring other options,en-US
探索其他選項以解鎖此路線,Unlock this route after exploring other options,en-US
权限等级{0}级解锁,Reach Authorization Lv. {0} to unlock,en-US
小憩之间,Rest Domain,en-US
憩いノ間,Rest Domain,en-US
휴식의 방,Rest Domain,en-US
小憩之間,Rest Domain,en-US
暂未选择任何词条,No Affixes selected,en-US
選択中の効果がありません,No Affixes selected,en-US
비어있음,No Affixes selected,en-US
暫未選擇任何詞條,No Affixes selected,en-US
小于一天,less than a day,en-US
24時間以内,less than a day,en-US
1일 미만,less than a day,en-US
少於一天,less than a day,en-US
{0}分後,{0}m,en-US
对决任务,Duel Mission,en-US
任務,Duel Mission,en-US
대결 임무,Duel Mission,en-US
對決任務,Duel Mission,en-US
赛季任务,Season Mission,en-US
シーズン任務,Season Mission,en-US
시즌 임무,Season Mission,en-US
賽季任務,Season Mission,en-US
剩余上传次数 {0},Remaining upload chances {0},en-US
残りアップロード回数 {0},Remaining upload chances {0},en-US
남은 업로드 횟수 {0},Remaining upload chances {0},en-US
剩餘上傳次數 {0},Remaining upload chances {0},en-US
旅团{0}级开启,Guild Lv. {0} to activate,en-US
ギルドLv.{0}で解放,Guild Lv. {0} to activate,en-US
길드 {0}레벨 오픈,Guild Lv. {0} to activate,en-US
旅團{0}級開啟,Guild Lv. {0} to activate,en-US
对决{0}级开启,Duel Lv. {0} to activate,en-US
対決Lv.{0}で解放,Duel Lv. {0} to activate,en-US
대결 {0}레벨 오픈,Duel Lv. {0} to activate,en-US
對決{0}級開啟,Duel Lv. {0} to activate,en-US
{0}难度,Difficulty {0},en-US
難易度Lv.{0},Difficulty {0},en-US
{0} 난이도,Difficulty {0},en-US
{0}難度,Difficulty {0},en-US
{0}后,In {0},en-US
{0},In {0},en-US
{0} 후,In {0},en-US
{0}後,In {0},en-US
難易度Lv.{0}で解放,Duel Lv. {0} to activate,en-US
成功挑战{0}难度等级后开启,Clear the {0} Difficulty to activate,en-US
難易度Lv.{0}クリア後に解放,Clear the {0} Difficulty to activate,en-US
{0} 난이도 레벨 도전 성공 시 오픈,Clear the {0} Difficulty to activate,en-US
成功挑戰{0}難度等級後開啟,Clear the {0} Difficulty to activate,en-US
{0}に解放,Available in {0},en-US
当前难度等级,Current Difficulty Level,en-US
難易度Lv.,Current Difficulty Level,en-US
현재 난이도,Current Difficulty Level,en-US
目前難度等級,Current Difficulty Level,en-US
词条选择,Select Affix,en-US
効果選択,Select Affix,en-US
옵션 선택,Select Affix,en-US
詞條選擇,Select Affix,en-US
秀场,Show,en-US
頂上決戦,Show,en-US
정상결전,Show,en-US
秀場,Show,en-US
该挑战未解锁,Challenge locked,en-US
このチャレンジは未解放です,Challenge locked,en-US
미오픈 도전,Challenge locked,en-US
該挑戰未解鎖,Challenge locked,en-US
清空,Empty,en-US
リセット,Empty,en-US
제거,Empty,en-US
难度预览,Difficulty Preview,en-US
難易度プレビュー,Difficulty Preview,en-US
난이도 미리 보기,Difficulty Preview,en-US
難度預覽,Difficulty Preview,en-US
热度达到,Popularity Reached,en-US
エールポイント,Popularity Reached,en-US
인기도 달성,Popularity Reached,en-US
熱度達到,Popularity Reached,en-US
对决历史,Duel History,en-US
履歴,Duel History,en-US
대결 기록,Duel History,en-US
對決歷史,Duel History,en-US
对决中,In Duel,en-US
対戦中,In Duel,en-US
대결 중,In Duel,en-US
對決中,In Duel,en-US
对决,Duel,en-US
ステラカップ,Duel,en-US
대결,Duel,en-US
對決,Duel,en-US
获胜奖励,Victory Rewards,en-US
報酬,Victory Rewards,en-US
승리 보상,Victory Rewards,en-US
獲勝獎勵,Victory Rewards,en-US
敌方能力,Enemy Ability,en-US
戦闘能力,Enemy Ability,en-US
적 능력,Enemy Ability,en-US
敵方能力,Enemy Ability,en-US
敌人属性提升,Enemy Stat+,en-US
戦闘能力,Enemy Stat+,en-US
적 속성 증가,Enemy Stat+,en-US
敵人屬性提升,Enemy Stat+,en-US
首通不消耗奖励次数,First clear will not use up reward chances,en-US
初回クリアでは報酬獲得回数を消費しません,First clear will not use up reward chances,en-US
첫 클리어 시 보상 횟수가 소모되지 않습니다,First clear will not use up reward chances,en-US
首通不會消耗獎勵次數,First clear will not use up reward chances,en-US
打榜,Ranking Boost,en-US
推し活,Ranking Boost,en-US
응원,Ranking Boost,en-US
衝榜,Ranking Boost,en-US
热度,Popularity,en-US
エールポイント,Popularity,en-US
인기도,Popularity,en-US
熱度,Popularity,en-US
当前热度,Current Popularity,en-US
現在のエールpt,Current Popularity,en-US
현재 인기도,Current Popularity,en-US
目前熱度,Current Popularity,en-US
每小时收益,Hourly Earnings,en-US
1時間ごとの 獲得アイテム,Hourly Earnings,en-US
시간당 획득,Hourly Earnings,en-US
每小時收益,Hourly Earnings,en-US
对决等级经验,Duel Level EXP,en-US
対決レベル経験値,Duel Level EXP,en-US
대결 레벨 경험치,Duel Level EXP,en-US
對決等級經驗,Duel Level EXP,en-US
对决等级预览,Duel Level Overview,en-US
対決レベルプレビュー,Duel Level Overview,en-US
대결 레벨 미리 보기,Duel Level Overview,en-US
對決等級預覽,Duel Level Overview,en-US
选择关卡,Select Stage,en-US
ステージ選択,Select Stage,en-US
스테이지 선택,Select Stage,en-US
選擇關卡,Select Stage,en-US
对决等级,Duel Level,en-US
対決レベル,Duel Level,en-US
대결 레벨,Duel Level,en-US
對決等級,Duel Level,en-US
对决等级{0}开启,Duel Lv. {0} to activate,en-US
対決レベル{0}で解放,Duel Lv. {0} to activate,en-US
對決等級{0}級開放,Duel Lv. {0} to activate,en-US
本次测试暂不开放,Not available in this test,en-US
今回のテストでは未実装の機能です,Not available in this test,en-US
이번 테스트 미오픈,Not available in this test,en-US
本次測試暫不開放,Not available in this test,en-US
暂无历史对决信息,No duel history available.,en-US
履歴がありません。,No duel history available.,en-US
이전 대결 정보가 없습니다,No duel history available.,en-US
暫無歷史對決資料,No duel history available.,en-US
开放时间,Available Period,en-US
解放時間,Available Period,en-US
오픈 시간,Available Period,en-US
開放時間,Available Period,en-US
是否要放弃{0}？ （难度{1}）,Give up {0}? (Difficulty: {1}),en-US
{0}を諦めますか？ （難易度Lv.{1}）,Give up {0}? (Difficulty: {1}),en-US
{0}(을)를 포기하시겠습니까? (난이도 {1}),Give up {0}? (Difficulty: {1}),en-US
是否放棄{0}？ （難度{1}）,Give up {0}? (Difficulty: {1}),en-US
秀场任务,Show Quests,en-US
任務,Show Quests,en-US
정상결전 임무,Show Quests,en-US
秀場任務,Show Quests,en-US
秀场奖励,Show Rewards,en-US
任務,Show Rewards,en-US
정상결전 보상,Show Rewards,en-US
秀場獎勵,Show Rewards,en-US
上传分数即可更新排名,Submit score to update rank,en-US
スコアをアップロードするとランキングを更新できます,Submit score to update rank,en-US
점수를 업로드하면 랭킹이 업데이트됩니다,Submit score to update rank,en-US
上傳分數即可更新排名,Submit score to update rank,en-US
难度分数,Difficulty Score,en-US
난이도 점수,Difficulty Score,en-US
難度分數,Difficulty Score,en-US
赛季刷新时，未完成的赛季任务将会被重置,"When the season refreshes, Season Missions that are not complete will be reset",en-US
シーズン更新時、未完了のシーズン任務はリセットされます,"When the season refreshes, Season Missions that are not complete will be reset",en-US
시즌 갱신 시 완료하지 않은 시즌 임무는 초기화됩니다,"When the season refreshes, Season Missions that are not complete will be reset",en-US
賽季更新時，未完成的賽季任務將會重置,"When the season refreshes, Season Missions that are not complete will be reset",en-US
已选词条,Selected Affix,en-US
選択中,Selected Affix,en-US
선택 옵션,Selected Affix,en-US
已選詞條,Selected Affix,en-US
莉莉贝尔,Lilibea,en-US
アマツカ・クマ,Lilibea,en-US
엔젤곰,Lilibea,en-US
莉莉貝爾,Lilibea,en-US
对决商店,Duel Shop,en-US
ショップ,Duel Shop,en-US
대결 상점,Duel Shop,en-US
對決商店,Duel Shop,en-US
对决代币加成,Duel Token Bonus,en-US
トークンボーナス,Duel Token Bonus,en-US
대련 코인 보너스,Duel Token Bonus,en-US
對決代幣加成,Duel Token Bonus,en-US
本周奖励次数 {0}/{1},Weekly Reward Chance {0}/{1},en-US
残り報酬獲得回数 {0}/{1},Weekly Reward Chance {0}/{1},en-US
이번 주 보상 횟수 {0}/{1},Weekly Reward Chance {0}/{1},en-US
本週獎勵次數 {0}/{1},Weekly Reward Chance {0}/{1},en-US
本周奖励次数,Weekly Reward Chance,en-US
残り報酬獲得回数,Weekly Reward Chance,en-US
이번 주 보상 횟수,Weekly Reward Chance,en-US
本週獎勵次數,Weekly Reward Chance,en-US
水,Aqua,en-US
물,Aqua,en-US
火,Ignis,en-US
불,Ignis,en-US
地,Terra,en-US
땅,Terra,en-US
风,Ventus,en-US
風,Ventus,en-US
바람,Ventus,en-US
光,Lux,en-US
빛,Lux,en-US
暗,Umbra,en-US
闇,Umbra,en-US
어둠,Umbra,en-US
속성,Element,en-US
屬性,Element,en-US
冷却时间,Cooldown,en-US
CD,Cooldown,en-US
쿨타임,Cooldown,en-US
冷卻時間,Cooldown,en-US
消耗能量,Energy Cost,en-US
消費SP,Energy Cost,en-US
SP 소모,Energy Cost,en-US
已达等级上限,Level Max!,en-US
レベル上限に達しています,Level Max!,en-US
최대 레벨 달성,Level Max!,en-US
已達等級上限,Level Max!,en-US
大招,Ultimate,en-US
旅人升阶后可提升,Tier Up Trekker to upgrade,en-US
昇格後に強化可能,Tier Up Trekker to upgrade,en-US
여행가 승급 시 증가,Tier Up Trekker to upgrade,en-US
旅人升階後可提升,Tier Up Trekker to upgrade,en-US
激活,Activate,en-US
啟動,Activate,en-US
MAX,Max,en-US
最大,Max Level,en-US
新获得,New,en-US
新規獲得,New,en-US
신규 획득,New,en-US
新獲得,New,en-US
可替换,Can Replace,en-US
置換可能,Can Replace,en-US
교체 가능,Can Replace,en-US
可替換,Can Replace,en-US
未激活,Not Activated,en-US
未解放,Not Activated,en-US
활성화 전,Not Activated,en-US
未啟動,Not Activated,en-US
記録,Score,en-US
出现主题,Appearing Theme,en-US
出現テーマ,Appearing Theme,en-US
테마 등장,Appearing Theme,en-US
出現主題,Appearing Theme,en-US
初试身手,Trial Run,en-US
チュートリアル,Trial Run,en-US
입문,Trial Run,en-US
初試身手,Trial Run,en-US
好风借力,Fair Winds,en-US
風に乗って,Fair Winds,en-US
바람의 도움,Fair Winds,en-US
好風借力,Fair Winds,en-US
完美几何,Perfect Geometry,en-US
バウバウバウンド,Perfect Geometry,en-US
완벽한 도형,Perfect Geometry,en-US
完美幾何,Perfect Geometry,en-US
投递高手,Delivery Expert,en-US
フライングエリート,Delivery Expert,en-US
배달의 달인,Delivery Expert,en-US
投遞高手,Delivery Expert,en-US
放入背包,Add to Bag,en-US
獲得する,Add to Bag,en-US
가방에 넣기,Add to Bag,en-US
通关前一阶段解锁,Clear the previous stage to unlock,en-US
前のステージクリアすると解放,Clear the previous stage to unlock,en-US
이전 단계 클리어 후 오픈,Clear the previous stage to unlock,en-US
通過前一階段後解鎖,Clear the previous stage to unlock,en-US
完 成,Complete,en-US
終了,Complete,en-US
送出夏洛克,Sherlocks Delivered,en-US
カゴに入れた数,Sherlocks Delivered,en-US
보낸 샤로,Sherlocks Delivered,en-US
下一关,Next Stage,en-US
次のステージ,Next Stage,en-US
다음 스테이지,Next Stage,en-US
下一關,Next Stage,en-US
剩余夏洛克,Remaining Sherlocks,en-US
残り,Remaining Sherlocks,en-US
남은 샤로,Remaining Sherlocks,en-US
剩餘夏洛克,Remaining Sherlocks,en-US
重 试,Retry,en-US
リトライ,Retry,en-US
다시하기,Retry,en-US
重 試,Retry,en-US
スコア,Total Score,en-US
胜利条件,To Pass:,en-US
クリア条件,To Pass:,en-US
승리 조건,To Pass:,en-US
勝利條件,To Pass:,en-US
技能冷却,Skill Cooldown,en-US
スキルクールタイム,Skill Cooldown,en-US
스킬 쿨타임,Skill Cooldown,en-US
技能冷卻,Skill Cooldown,en-US
主位秘纹提供基础属性与技能加成,Main Discs provide base stats and skill bonuses,en-US
メインロスレコは基本ステータスとスキルボーナスを提供,Main Discs provide base stats and skill bonuses,en-US
메인 레코드는 기본 속성과 스킬 버프를 제공합니다.,Main Discs provide base stats and skill bonuses,en-US
主位祕紋提供基礎屬性與技能加成,Main Discs provide base stats and skill bonuses,en-US
辅位秘纹提供基础属性与额外音符,Support Discs provide base stats and additional Musical Notes,en-US
サブロスレコは基本ステータスと追加の音符を提供,Support Discs provide base stats and additional Musical Notes,en-US
보조 레코드는 기본 속성과 추가 소리를 제공합니다.,Support Discs provide base stats and additional Musical Notes,en-US
輔位祕紋提供基礎屬性與額外音符,Support Discs provide base stats and additional Musical Notes,en-US
能量消耗,Energy Cost,en-US
SP消費,Energy Cost,en-US
点击空白处继续,Select anywhere to continue,en-US
タップして続ける,Select anywhere to continue,en-US
빈 곳을 터치하여 계속하세요,Select anywhere to continue,en-US
點選空白處繼續,Select anywhere to continue,en-US
点击空白处刷新页面,Tap anywhere to refresh,en-US
タップして更新する,Tap anywhere to refresh,en-US
빈 곳을 터치하여 새로고침,Tap anywhere to refresh,en-US
點選空白處更新頁面,Tap anywhere to refresh,en-US
上一章节通关解锁后开放,Clear and unlock the previous chapter to unlock,en-US
前の章をクリアすると解放されます,Clear and unlock the previous chapter to unlock,en-US
이전 챕터 클리어 시 오픈,Clear and unlock the previous chapter to unlock,en-US
上一章節過關解鎖後開放,Clear and unlock the previous chapter to unlock,en-US
没有可领取的章节奖励,No chapter reward to claim,en-US
受け取れるチャプターボーナスはありません,No chapter reward to claim,en-US
획득 가능한 챕터 보상이 없습니다,No chapter reward to claim,en-US
沒有可領取的章節獎勵,No chapter reward to claim,en-US
每日 5:00 恢复 1 点,Recovers 1 point at 5:00 daily,en-US
毎日 5:00 に 1 ポイント回復します,Recovers 1 point at 5:00 daily,en-US
매일 5:00 1포인트 회복,Recovers 1 point at 5:00 daily,en-US
每日 05:00 恢復 1 點,Recovers 1 point at 5:00 daily,en-US
距离完全恢复剩余,Until full recovery,en-US
完全回復まで残り,Until full recovery,en-US
회복 완료까지 남은 시간,Until full recovery,en-US
距離完全恢復剩餘,Until full recovery,en-US
今日剩余购买次数,Today's remaining purchase chances,en-US
本日の残り購入回数,Today's remaining purchase chances,en-US
오늘 남은 구매 횟수,Today's remaining purchase chances,en-US
今日剩餘購買次數,Today's remaining purchase chances,en-US
距离下次恢复剩余,Until next recovery,en-US
次回の回復まで残り,Until next recovery,en-US
다음 회복까지 남은 시간,Until next recovery,en-US
距離下次恢復剩餘,Until next recovery,en-US
将消耗,Will cost,en-US
消費する,Will cost,en-US
소모 예정,Will cost,en-US
將消耗,Will cost,en-US
恢复,Recover,en-US
回復,Recover,en-US
회복,Recover,en-US
恢復,Recover,en-US
调整棋组,Adjust Chess Set,en-US
駒入れ替え,Adjust Chess Set,en-US
편성 조정,Adjust Chess Set,en-US
調整棋組,Adjust Chess Set,en-US
回到游戏,Back,en-US
게임으로 돌아가기,Back,en-US
回到遊戲,Back,en-US
切换角色,Change Character,en-US
巡遊者切替,Change Character,en-US
캐릭터 전환,Change Character,en-US
切換角色,Change Character,en-US
切换部署位,Change Slot,en-US
配置切替,Change Slot,en-US
위치 전환,Change Slot,en-US
切換部署位,Change Slot,en-US
冷却时间：,Cooldown:,en-US
クールタイム：,Cooldown:,en-US
쿨타임:,Cooldown:,en-US
冷卻時間：,Cooldown:,en-US
クールタイム,CD,en-US
쿨타임,CD,en-US
暂无获得的潜能,No acquired Potentials,en-US
獲得した素質がありません,No acquired Potentials,en-US
획득한 잠재력이 없습니다.,No acquired Potentials,en-US
暫無獲得的潛能,No acquired Potentials,en-US
固定配队,Default Lineup,en-US
固定編成,Default Lineup,en-US
고정 조합,Default Lineup,en-US
固定配對,Default Lineup,en-US
开始保卫战,Start the Defense,en-US
挑戦,Start the Defense,en-US
디펜스 시작,Start the Defense,en-US
開始保衛戰,Start the Defense,en-US
游棋一览,Chess Overview,en-US
駒一覧,Chess Overview,en-US
말 보기,Chess Overview,en-US
遊棋一覽,Chess Overview,en-US
拖动头像可调整出战顺序,Drag portraits to adjust deployment order.,en-US
アイコンをドラッグして出撃順を調整できます,Drag portraits to adjust deployment order.,en-US
프로필을 드래그하여 출전 순서 변경,Drag portraits to adjust deployment order.,en-US
拖曳大頭貼可調整出戰順序,Drag portraits to adjust deployment order.,en-US
下一组{0}后开启,The next group starts in {0},en-US
次の{0}後に解放,The next group starts in {0},en-US
다음 {0} 후 오픈,The next group starts in {0},en-US
下一組{0}後開始,The next group starts in {0},en-US
通关后续活动关卡即可解锁,Clear subsequent event levels to unlock,en-US
クリア後にイベントステージを続けると解放,Clear subsequent event levels to unlock,en-US
후속 이벤트 스테이지 클리어 시 오픈,Clear subsequent event levels to unlock,en-US
通過後續活動關卡即可解鎖,Clear subsequent event levels to unlock,en-US
地形情报,Terrain Intel,en-US
マップ情報,Terrain Intel,en-US
지형 정보,Terrain Intel,en-US
地形情報,Terrain Intel,en-US
需要通过前置关卡,Clear the prerequisite level first,en-US
前提ステージをクリアする必要があります,Clear the prerequisite level first,en-US
이전 스테이지 클리어 필요,Clear the prerequisite level first,en-US
需通過前置關卡,Clear the prerequisite level first,en-US
完美通关,Perfect Clear,en-US
PERFECT,Perfect Clear,en-US
퍼펙트 클리어,Perfect Clear,en-US
完美過關,Perfect Clear,en-US
前置关卡未通关,Prerequisite stage not cleared,en-US
前提ステージ未クリア,Prerequisite stage not cleared,en-US
이전 스테이지 클리어하지 않음,Prerequisite stage not cleared,en-US
前置關卡未過關,Prerequisite stage not cleared,en-US
イベント任務,Event Missions,en-US
現在の完成状況,Current Progress,en-US
報酬任務,Event Missions,en-US
{0} · 技能介绍,{0} - Skill Info,en-US
{0}・スキル紹介,{0} - Skill Info,en-US
{0} · 스킬 소개,{0} - Skill Info,en-US
{0} · 技能介紹,{0} - Skill Info,en-US
跳过教程,Skip Tutorial,en-US
スキップ,Skip Tutorial,en-US
튜토리얼 스킵,Skip Tutorial,en-US
跳過教學,Skip Tutorial,en-US
{0} 将花费2分钟，跳过教程不影响获取奖励,{0} will take 2 minutes. Skipping the tutorial does not affect your rewards,en-US
{0} の所要時間は約2分です。 チュートリアルをスキップしてもクリア報酬を獲得できます。,{0} will take 2 minutes. Skipping the tutorial does not affect your rewards,en-US
{0}에는 약 2분이 소요됩니다. 튜토리얼을 스킵해도 보상에는 영향을 주지 않습니다.,{0} will take 2 minutes. Skipping the tutorial does not affect your rewards,en-US
{0}將花費2分鐘，跳過教學不會影響獎勵的獲得,{0} will take 2 minutes. Skipping the tutorial does not affect your rewards,en-US
强烈建议首次游玩 游棋保卫战 的魔王进行本教程,"If you are playing Chess Defense for the first time, we highly recommend you complete this tutorial",en-US
「守れ！星ノ塔」を初めてプレイする魔王様は、本チュートリアルの受講をおすすめします。,"If you are playing Chess Defense for the first time, we highly recommend you complete this tutorial",en-US
스텔라 디펜스를 처음 플레이하시는 마왕님은 이 튜토리얼을 진행하시는 것을 추천합니다.,"If you are playing Chess Defense for the first time, we highly recommend you complete this tutorial",en-US
強烈建議首次遊玩 遊棋保衛戰 的魔王觀看本教學,"If you are playing Chess Defense for the first time, we highly recommend you complete this tutorial",en-US
游棋入门课,Chess Beginner Guide,en-US
「守れ！星ノ塔」チュートリアル,Chess Beginner Guide,en-US
입문 클래스,Chess Beginner Guide,en-US
遊棋入門課,Chess Beginner Guide,en-US
开始游戏,Start Game,en-US
スタート,Start Game,en-US
게임 시작,Start Game,en-US
開始遊戲,Start Game,en-US
第{0}话,Act {0},en-US
{0}화,Act {0},en-US
需要通过关卡{0},Clear Lv. {0} first,en-US
ステージ{0}をクリアする必要がある,Clear Lv. {0} first,en-US
스테이지 {0} 클리어 필요,Clear Lv. {0} first,en-US
需通過關卡{0},Clear Lv. {0} first,en-US
剧情奖励:,Rewards:,en-US
棋子,Chess Pieces,en-US
駒,Chess Pieces,en-US
말,Chess Pieces,en-US
特别道具,Special Items,en-US
特殊アイテム,Special Items,en-US
특별 아이템,Special Items,en-US
特別道具,Special Items,en-US
道具已满,No more space for items,en-US
アイテムが最大に達しています,No more space for items,en-US
아이템이 가득 찼습니다.,No more space for items,en-US
道具已滿,No more space for items,en-US
出战中,Deployed,en-US
出撃中（一）,Deployed,en-US
출전 중,Deployed,en-US
出戰中,Deployed,en-US
队伍中还有空位,Squad not full yet,en-US
チームメンバーがまだ揃っていません,Squad not full yet,en-US
팀 내 빈자리가 있습니다.,Squad not full yet,en-US
隊伍中還有空位,Squad not full yet,en-US
请选择形态,Please select a state,en-US
モードを選択してください（一）,Please select a state,en-US
형태를 선택하세요,Please select a state,en-US
請選擇形態,Please select a state,en-US
{0}等级提升至{1}级,Increase {0} level to Lv. {1},en-US
{0}がLv.{1}にレベルアップ,Increase {0} level to Lv. {1},en-US
{0} 레벨이 {1}레벨로 증가,Increase {0} level to Lv. {1},en-US
{0}等級提升至{1}級,Increase {0} level to Lv. {1},en-US
关卡剩余点数:,Remaining Points:,en-US
残りの獲得可能pt：,Remaining Points:,en-US
스테이지 잔여 포인트:,Remaining Points:,en-US
關卡剩餘點數：,Remaining Points:,en-US
潜能详情,Potential Details,en-US
素質詳細,Potential Details,en-US
잠재력 상세 정보,Potential Details,en-US
潛能詳情,Potential Details,en-US
技能详情,Skill Details,en-US
技能詳情,Skill Details,en-US
新获得角色棋子,Newly Acquired Pieces,en-US
新たに獲得した巡遊者の駒,Newly Acquired Pieces,en-US
캐릭터 말 신규 획득,Newly Acquired Pieces,en-US
新獲得角色棋子,Newly Acquired Pieces,en-US
出战游棋,Chess Pieces Deployed,en-US
編成中,Chess Pieces Deployed,en-US
출전 말,Chess Pieces Deployed,en-US
出戰遊棋,Chess Pieces Deployed,en-US
未出战,Not Deployed,en-US
待機（一）,Not Deployed,en-US
미출전,Not Deployed,en-US
未出戰,Not Deployed,en-US
冷却时间：{0}s,Cooldown: {0}s,en-US
クールタイム：{0}秒（一）,Cooldown: {0}s,en-US
쿨타임: {0}초,Cooldown: {0}s,en-US
冷卻時間：{0}秒,Cooldown: {0}s,en-US
充能时间：{0}s,Energy Charge: {0}s,en-US
チャージタイム：{0}秒（一）,Energy Charge: {0}s,en-US
SP 회복: {0}초,Energy Charge: {0}s,en-US
蓄能時間：{0}秒,Energy Charge: {0}s,en-US
情报解析,Intel Analysis,en-US
情報解析,Intel Analysis,en-US
정보 분석,Intel Analysis,en-US
暂无可领取的奖励,No Available Rewards,en-US
受取可能な報酬がありません,No Available Rewards,en-US
획득할 수 있는 보상이 없습니다,No Available Rewards,en-US
暫無可領取的獎勵,No Available Rewards,en-US
连续追踪中，剩余{num_0}次,Tracking Streak: {num_0} remaining,en-US
連続追跡中、残り{num_0}回,Tracking Streak: {num_0} remaining,en-US
"연속 추적 중, {num_0}회 남음",Tracking Streak: {num_0} remaining,en-US
連續追蹤中，剩餘{num_0}次,Tracking Streak: {num_0} remaining,en-US
协会侦察事务所,Association Recon Agency,en-US
協会調査事務所,Association Recon Agency,en-US
협회 정찰 사무소,Association Recon Agency,en-US
協會偵察事務所,Association Recon Agency,en-US
好友申请,Friend Request,en-US
フレンド申請,Friend Request,en-US
친구 신청,Friend Request,en-US
好友申請,Friend Request,en-US
围猎笔记,Siege Log,en-US
追跡メモ,Siege Log,en-US
사냥 노트,Siege Log,en-US
圍獵筆記,Siege Log,en-US
协助讨伐,Co-op Hunt,en-US
救援参加,Co-op Hunt,en-US
협력 토벌,Co-op Hunt,en-US
協助討伐,Co-op Hunt,en-US
前往讨伐,Go to Hunt,en-US
バトル,Go to Hunt,en-US
토벌하기,Go to Hunt,en-US
前往討伐,Go to Hunt,en-US
再次讨伐,Hunt Again,en-US
再挑戦,Hunt Again,en-US
다시 토벌,Hunt Again,en-US
再次討伐,Hunt Again,en-US
等待协助,Wait for Support,en-US
救援を待つ,Wait for Support,en-US
지원 대기,Wait for Support,en-US
等待協助,Wait for Support,en-US
仍然讨伐,Continue the Hunt,en-US
このまま挑戦,Continue the Hunt,en-US
계속 토벌,Continue the Hunt,en-US
仍然討伐,Continue the Hunt,en-US
追踪{num_0}次,Track x{num_0},en-US
追跡{num_0}回,Track x{num_0},en-US
{num_0}회 추적,Track x{num_0},en-US
追蹤{num_0}次,Track x{num_0},en-US
围猎商店,Siege Shop,en-US
交換所,Siege Shop,en-US
사냥 상점,Siege Shop,en-US
圍獵商店,Siege Shop,en-US
追踪1次,Track Once,en-US
追跡1回,Track Once,en-US
1회 추적,Track Once,en-US
追蹤1次,Track Once,en-US
今日已获取：{num_0}/{num_1},Obtained Today: {num_0}/{num_1},en-US
本日獲得済：{num_0}/{num_1},Obtained Today: {num_0}/{num_1},en-US
오늘 획득: {num_0}/{num_1},Obtained Today: {num_0}/{num_1},en-US
今日已獲取：{num_0}/{num_1},Obtained Today: {num_0}/{num_1},en-US
{name_0} 可获取次数重置倒计时： {1},{name_0} Attempts Resetting in: {1},en-US
{name_0} 獲得回数リセットまで： {1},{name_0} Attempts Resetting in: {1},en-US
{name_0} 획득 횟수 초기화 카운트다운: {1},{name_0} Attempts Resetting in: {1},en-US
{name_0}可獲取次數重置倒數： {1},{name_0} Attempts Resetting in: {1},en-US
{num_0}天{num_1}小时,{num_0}d {num_1}h,en-US
{num_0}日{num_1}時間,{num_0}d {num_1}h,en-US
{num_0}일 {num_1}시간,{num_0}d {num_1}h,en-US
{num_0}天{num_1}小時,{num_0}d {num_1}h,en-US
{num_0}小时{num_1}分,{num_0}h {num_1}m,en-US
{num_0}時間{num_1}分,{num_0}h {num_1}m,en-US
{num_0}시간 {num_1}분,{num_0}h {num_1}m,en-US
{num_0}小時{num_1}分鐘,{num_0}h {num_1}m,en-US
{num_0}分{num_1}秒,{num_0}m {num_1}s,en-US
{num_0}분 {num_1}초,{num_0}m {num_1}s,en-US
{num_0}秒,{num_0}s,en-US
{num_0}초,{num_0}s,en-US
当前赛季已结束，当前讨伐Boss将变更,The current season has ended. The current Boss hunt will change.,en-US
シーズンが終了しました。首領が変更されます。,The current season has ended. The current Boss hunt will change.,en-US
"현재 시즌이 종료되어, 토벌 보스가 변경되었습니다.",The current season has ended. The current Boss hunt will change.,en-US
獎勵賽季已結束，目前討伐Boss將變更,The current season has ended. The current Boss hunt will change.,en-US
（放弃挑战不消耗{item_0}）,(Abandoning the challenge will not consume {item_0}),en-US
（挑戦を諦めたとしても、{item_0}は消費されません）,(Abandoning the challenge will not consume {item_0}),en-US
(도전 포기 시 {item_0} 소모하지 않음),(Abandoning the challenge will not consume {item_0}),en-US
（放棄挑戰不消耗{item_0}）,(Abandoning the challenge will not consume {item_0}),en-US
活动限时,Limited-Time Event,en-US
期間限定,Limited-Time Event,en-US
이벤트 기간 한정,Limited-Time Event,en-US
活動限時,Limited-Time Event,en-US
已追捕,Hunted,en-US
確保済み,Hunted,en-US
추격 완료,Hunted,en-US
未知威胁,Unknown Threat,en-US
未知の脅威,Unknown Threat,en-US
알 수 없는 위협,Unknown Threat,en-US
未知威脅,Unknown Threat,en-US
协助追捕,Supported,en-US
追跡救援,Supported,en-US
협력 추격,Supported,en-US
協助追捕,Supported,en-US
暂无可讨伐目标,No targets available to hunt.,en-US
討伐可能な対象がいません,No targets available to hunt.,en-US
토벌 가능 목표 없음,No targets available to hunt.,en-US
暫無可討伐目標,No targets available to hunt.,en-US
可获得奖励：×{0}~{1},Possible Rewards: ×{0}–{1},en-US
獲得可能報酬：×{0}〜{1},Possible Rewards: ×{0}–{1},en-US
획득 가능 보상: ×{0}~{1},Possible Rewards: ×{0}–{1},en-US
可獲得獎勵：×{0}~{1},Possible Rewards: ×{0}–{1},en-US
暂无可协助对象,No players available to support.,en-US
救援可能な対象がいません,No players available to support.,en-US
협력 가능 대상 없음,No players available to support.,en-US
暫無可協助對象,No players available to support.,en-US
陌生人,Stranger,en-US
他の魔王,Stranger,en-US
낯선 사람,Stranger,en-US
讨伐结束,Hunt Ended,en-US
討伐終了,Hunt Ended,en-US
토벌 종료,Hunt Ended,en-US
討伐結束,Hunt Ended,en-US
围猎等级,Siege Level,en-US
捕物レベル,Siege Level,en-US
사냥 레벨,Siege Level,en-US
圍獵等級,Siege Level,en-US
目标已锁定请前往讨伐,Target locked! Please proceed to hunt.,en-US
ターゲットを捕捉しました、討伐へ向かってください,Target locked! Please proceed to hunt.,en-US
"목표 고정 완료, 토벌해 주세요.",Target locked! Please proceed to hunt.,en-US
已鎖定目標，請前往討伐,Target locked! Please proceed to hunt.,en-US
讨伐进度：{num_0}%,Hunt Progress: {num_0}%,en-US
討伐進捗：{num_0}%,Hunt Progress: {num_0}%,en-US
토벌 진행도: {num_0}%,Hunt Progress: {num_0}%,en-US
討伐進度：{num_0}%,Hunt Progress: {num_0}%,en-US
目标将于{num_0}小时{num_1}分后逃跑,Escapes in {num_0}h {num_1}m,en-US
ターゲットは{num_0}時間{num_1}分後に逃走します,Escapes in {num_0}h {num_1}m,en-US
목표가 {num_0}시간 {num_1}분 후 도망칩니다,Escapes in {num_0}h {num_1}m,en-US
目標將於{num_0}小時{num_1}分後逃逸,Escapes in {num_0}h {num_1}m,en-US
目标将于{num_0}分{num_1}秒后逃跑,Escapes in {num_0}m {num_1}s,en-US
ターゲットは{num_0}分{num_1}秒後に逃走します,Escapes in {num_0}m {num_1}s,en-US
목표가 {num_0}분 {num_1}초 후 도망칩니다,Escapes in {num_0}m {num_1}s,en-US
目標將於{num_0}分{num_1}秒後逃逸,Escapes in {num_0}m {num_1}s,en-US
目标将于{num_0}秒后逃跑,Escapes in {num_0}s,en-US
ターゲットは{num_0}秒後に逃走します,Escapes in {num_0}s,en-US
목표가 {num_0}초 후 도망칩니다,Escapes in {num_0}s,en-US
目標將於{num_0}秒後逃逸,Escapes in {num_0}s,en-US
追踪效果提高 {num_0}%,Tracking Effect +{num_0}%,en-US
追跡効果 {num_0}%増加,Tracking Effect +{num_0}%,en-US
추적 효과 {num_0}% 증가,Tracking Effect +{num_0}%,en-US
追蹤效果提高 {num_0}%,Tracking Effect +{num_0}%,en-US
追踪大成功概率提高 {num_0}%,Great Tracking Success Rate +{num_0}%,en-US
追跡大成功確率 {num_0}% 上昇,Great Tracking Success Rate +{num_0}%,en-US
추적 대성공 확률 {num_0}% 증가,Great Tracking Success Rate +{num_0}%,en-US
追蹤大成功機率提高 {num_0}%,Great Tracking Success Rate +{num_0}%,en-US
讨伐战斗评分扩展至 {num_0}星,Hunt Rating increased to {num_0} Stars,en-US
討伐戦闘の評価上限が {num_0}星に拡張,Hunt Rating increased to {num_0} Stars,en-US
토벌 전투 평점 최대 {num_0}성까지 확장,Hunt Rating increased to {num_0} Stars,en-US
討伐戰鬥評分擴展至 {num_0}星,Hunt Rating increased to {num_0} Stars,en-US
{name_0}获得量提高 {num_1}%,{name_0} Acquired +{num_1}%,en-US
{name_0}の獲得量が {num_1}% 増加,{name_0} Acquired +{num_1}%,en-US
{name_0} 획득량 {num_1}% 증가,{name_0} Acquired +{num_1}%,en-US
{name_0}獲得量提高 {num_1}%,{name_0} Acquired +{num_1}%,en-US
需要权限等级{num_0}级,Requires Authorization Level {num_0},en-US
必要権限レベル{num_0},Requires Authorization Level {num_0},en-US
권한 {num_0}레벨 필요,Requires Authorization Level {num_0},en-US
需要權限等級{num_0}級,Requires Authorization Level {num_0},en-US
进度：{num_0}/{num_1},Progress: {num_0}/{num_1},en-US
進捗：{num_0}/{num_1},Progress: {num_0}/{num_1},en-US
진행도: {num_0}/{num_1},Progress: {num_0}/{num_1},en-US
進度：{num_0}/{num_1},Progress: {num_0}/{num_1},en-US
每赛季围猎等级重置,Siege Level resets each season,en-US
シーズンごとに捕物レベルはリセットされます,Siege Level resets each season,en-US
시즌마다 사냥 레벨 초기화,Siege Level resets each season,en-US
每賽季圍獵等級重置,Siege Level resets each season,en-US
已达成最高星级，即将完成并退出讨伐,Maximum Star Rating Reached. Ending the Hunt...,en-US
最大評価に達したため、まもなく討伐を終了して退出します,Maximum Star Rating Reached. Ending the Hunt...,en-US
"최고 성급을 달성해, 곧 토벌을 종료하고 퇴장합니다.",Maximum Star Rating Reached. Ending the Hunt...,en-US
已達成最高星級，即將完成並退出討伐,Maximum Star Rating Reached. Ending the Hunt...,en-US
当前评分,Current Score,en-US
現在のスコア,Current Score,en-US
현재 평점,Current Score,en-US
目前評分,Current Score,en-US
预计奖励,Estimated Rewards,en-US
報酬プレビュー,Estimated Rewards,en-US
예상 보상,Estimated Rewards,en-US
預計獎勵,Estimated Rewards,en-US
围猎经验,Siege EXP,en-US
捕物ポイント,Siege EXP,en-US
사냥 경험치,Siege EXP,en-US
圍獵經驗,Siege EXP,en-US
已返还,Refunded,en-US
返還済,Refunded,en-US
반환 완료,Refunded,en-US
已歸還,Refunded,en-US
战斗评价,Battle Evaluation,en-US
戦闘評価,Battle Evaluation,en-US
전투 평가,Battle Evaluation,en-US
戰鬥評價,Battle Evaluation,en-US
チャレンジ終了。集計が完了するまでお待ちください,Challenge ended. Calculating rewards...,en-US
当前赛季已结束,The current season has ended,en-US
現在のシーズンが終了しました,The current season has ended,en-US
현재 시즌이 종료되었습니다.,The current season has ended,en-US
目前賽季已結束,The current season has ended,en-US
当前讨伐已结束,The current hunt has ended,en-US
現在の討伐が終了しました,The current hunt has ended,en-US
현재 토벌이 종료되었습니다.,The current hunt has ended,en-US
目前討伐已結束,The current hunt has ended,en-US
{0}不足，无法讨伐,Insufficient {0}. Unable to hunt.,en-US
{0}が不足しているため、討伐できません,Insufficient {0}. Unable to hunt.,en-US
"{0} 부족, 토벌할 수 없습니다!",Insufficient {0}. Unable to hunt.,en-US
{0}不足，無法討伐,Insufficient {0}. Unable to hunt.,en-US
{0}不足，无法追踪,Insufficient {0}. Unable to track.,en-US
{0}が不足しているため、追跡できません,Insufficient {0}. Unable to track.,en-US
"{0} 부족, 추적할 수 없습니다!",Insufficient {0}. Unable to track.,en-US
{0}不足，無法追蹤,Insufficient {0}. Unable to track.,en-US
围猎看板,Hunt Board,en-US
捕物ボード,Hunt Board,en-US
사냥 패널,Hunt Board,en-US
圍獵看板,Hunt Board,en-US
追踪以获取线索,Track to find clues,en-US
追跡して手がかりを獲得,Track to find clues,en-US
추적하여 단서 획득,Track to find clues,en-US
追蹤以獲取線索,Track to find clues,en-US
追踪进度,Progress,en-US
追跡進捗,Progress,en-US
추적 진행도,Progress,en-US
追蹤進度,Progress,en-US
「{0}」：{1},[{0}]: {1},en-US
「{0}」: {1},[{0}]: {1},en-US
选择敌方词条,Select Enemy Affixes,en-US
敵側の効果選択,Select Enemy Affixes,en-US
적 옵션 선택,Select Enemy Affixes,en-US
選擇敵方詞條,Select Enemy Affixes,en-US
选择我方词条,Select Ally Affixes,en-US
味方側の効果選択,Select Ally Affixes,en-US
아군 옵션 선택,Select Ally Affixes,en-US
選擇我方詞條,Select Ally Affixes,en-US
所选词条,Affixes Selected,en-US
選択中の効果,Affixes Selected,en-US
선택한 옵션,Affixes Selected,en-US
所選詞條,Affixes Selected,en-US
选择全部,Select All,en-US
一括選択,Select All,en-US
전체 선택,Select All,en-US
選擇全部,Select All,en-US
开始秀场,Start Show,en-US
スタート,Start Show,en-US
결전 시작,Start Show,en-US
開始秀場,Start Show,en-US
{0}点,{0} Points,en-US
{0}점,{0} Points,en-US
第{0}名之后,Below Rank {0},en-US
粉丝活跃度,Fan Activity,en-US
推し活メーター,Fan Activity,en-US
팬 활약도,Fan Activity,en-US
粉絲活躍度,Fan Activity,en-US
시,h,en-US
后续开放 敬请期待,Will be available later Coming soon,en-US
今後実装予定です,Will be available later Coming soon,en-US
추후 오픈 기대해 주세요,Will be available later Coming soon,en-US
後續開放 敬請期待,Will be available later Coming soon,en-US
粉丝贡献,Fan Contribution,en-US
スーパーエール,Fan Contribution,en-US
팬 공헌,Fan Contribution,en-US
粉絲貢獻,Fan Contribution,en-US
粉丝等级提升,Fan Level Up,en-US
レベルアップ!,Fan Level Up,en-US
팬클럽 레벨업,Fan Level Up,en-US
粉絲等級提升,Fan Level Up,en-US
对 决,Duel,en-US
推し活,Duel,en-US
대 결,Duel,en-US
對 決,Duel,en-US
热度对决,Popularity Duel,en-US
ステラカップ,Popularity Duel,en-US
인기도 대결,Popularity Duel,en-US
熱度對決,Popularity Duel,en-US
秀场奖励,Popularity Rewards,en-US
任務,Popularity Rewards,en-US
정상결전 보상,Popularity Rewards,en-US
秀場獎勵,Popularity Rewards,en-US
包含未解锁词条,Contains locked Affixes,en-US
未解放の効果が含まれています,Contains locked Affixes,en-US
미오픈 옵션 포함,Contains locked Affixes,en-US
包含未解鎖詞條,Contains locked Affixes,en-US
可获得奖励,Rewards,en-US
獲得できる報酬,Rewards,en-US
획득 가능 보상,Rewards,en-US
可獲得獎勵,Rewards,en-US
欢迎来到,Welcome to,en-US
♥配信中♥,Welcome to,en-US
歡迎來到,Welcome to,en-US
♥莉莉贝尔,♥Lilibea's,en-US
アマツカ・クマ,♥Lilibea's,en-US
♥엔젤곰's,♥Lilibea's,en-US
♥莉莉貝爾,♥Lilibea's,en-US
的疗愈屋♥,House of Healing♥,en-US
힐링 하우스♥,House of Healing♥,en-US
的療癒屋♥,House of Healing♥,en-US
作战胜利后可持续获得打榜道具,You can continuously earn Ranking Boost items after winning.,en-US
任意の難易度で頂上決戦をクリアすると、エールアイテムを時間経過で入手できるようになります,You can continuously earn Ranking Boost items after winning.,en-US
전투 승리 후 응원 아이템 지속 획득 가능,You can continuously earn Ranking Boost items after winning.,en-US
作戰勝利後可持續獲得衝榜道具,You can continuously earn Ranking Boost items after winning.,en-US
暂无收益,No Earnings,en-US
エールアイテムがありません,No Earnings,en-US
현재 수익 없음,No Earnings,en-US
暫無收益,No Earnings,en-US
常规挑战,Normal Challenge,en-US
通常対決,Normal Challenge,en-US
상시 챌린지,Normal Challenge,en-US
一般挑戰,Normal Challenge,en-US
遗憾退场,Unfortunate Exit,en-US
DEFEAT,Unfortunate Exit,en-US
아쉬운 패배,Unfortunate Exit,en-US
遺憾退場,Unfortunate Exit,en-US
第 {0} 名 ~ 第 {1} 名,Rank {0}–{1},en-US
第 {0} 位 ～ 第 {1} 位,Rank {0}–{1},en-US
{0}위 ~ {1}위,Rank {0}–{1},en-US
配信記録なし,No challenge history,en-US
最高通关难度,Highest Cleared,en-US
最高記録,Highest Cleared,en-US
최고 클리어 난이도,Highest Cleared,en-US
最高通過難度,Highest Cleared,en-US
挑战难度,Difficulty,en-US
難易度Lv.,Difficulty,en-US
도전 난이도,Difficulty,en-US
挑戰難度,Difficulty,en-US
打 榜,Rankings Boost,en-US
応援する,Rankings Boost,en-US
응 원,Rankings Boost,en-US
衝 榜,Rankings Boost,en-US
已累计,Accumulated,en-US
累計,Accumulated,en-US
누적:,Accumulated,en-US
已累計,Accumulated,en-US
通关上级难度后解锁,Clear the previous difficulty to unlock,en-US
前の難易度をクリアすると解放されます,Clear the previous difficulty to unlock,en-US
通過上一級難度後解鎖,Clear the previous difficulty to unlock,en-US
对决等级{0}后解锁,Duel Lv. {0} to unlock,en-US
難易度Lv.{0}で解放,Duel Lv. {0} to unlock,en-US
대결 레벨 {0} 달성 시 오픈,Duel Lv. {0} to unlock,en-US
對決等級{0}級後解鎖,Duel Lv. {0} to unlock,en-US
权限等级{0}后可挑战,Reach Authorization Lv. {0} to challenge,en-US
権限レベル{0}で挑戦可能,Reach Authorization Lv. {0} to challenge,en-US
권한 레벨 {0} 달성 시 도전 가능,Reach Authorization Lv. {0} to challenge,en-US
權限等級{0}級後可挑戰,Reach Authorization Lv. {0} to challenge,en-US
{0}小时（已达上限）,{0}h (at max),en-US
{0}時間（MAX）,{0}h (at max),en-US
{0}시간(한도 도달),{0}h (at max),en-US
{0}小時（已達上限）,{0}h (at max),en-US
援护流派,Support Build,en-US
支援,Support Build,en-US
지원 유파,Support Build,en-US
援護流派,Support Build,en-US
结束试玩,End Tryout,en-US
お試し終了,End Tryout,en-US
체험 종료,End Tryout,en-US
結束試玩,End Tryout,en-US
队伍详情,Squad Details,en-US
チーム詳細,Squad Details,en-US
팀 상세 정보,Squad Details,en-US
隊伍詳情,Squad Details,en-US
前往招募,Go to Recruit,en-US
ガチャへ,Go to Recruit,en-US
모집하기,Go to Recruit,en-US
下一试玩,Next Tryout,en-US
次のお試し,Next Tryout,en-US
다음 체험,Next Tryout,en-US
繼續試玩,Next Tryout,en-US
技 能,Skill,en-US
スキル,Skill,en-US
스킬,Skill,en-US
出発,Deploy,en-US
旅人试用,Details,en-US
巡遊者お試し,Details,en-US
여행가 체험,Details,en-US
旅人試用,Details,en-US
试 玩,Tryout,en-US
お試し,Tryout,en-US
체험,Tryout,en-US
試 玩,Tryout,en-US
当前试玩,Tryout Trekker,en-US
現在のお試し,Tryout Trekker,en-US
현재 체험,Tryout Trekker,en-US
目前試玩,Tryout Trekker,en-US
主控流派,Main Build,en-US
主力,Main Build,en-US
메인 유파,Main Build,en-US
当前试玩还未完成奖励任务，是否放弃,You haven't finished the Reward Tasks of the current tryout. Leave anyway?,en-US
まだ任務を達成していません。諦めますか？,You haven't finished the Reward Tasks of the current tryout. Leave anyway?,en-US
현재 체험에서 보상 임무를 완료하지 못했습니다. 포기하시겠습니까?,You haven't finished the Reward Tasks of the current tryout. Leave anyway?,en-US
目前試玩尚未完成獎勵任務，是否放棄？,You haven't finished the Reward Tasks of the current tryout. Leave anyway?,en-US
任务列表,Task List,en-US
任務,Task List,en-US
임무 리스트,Task List,en-US
任務清單,Task List,en-US
任务名称,Task Name,en-US
任務名,Task Name,en-US
임무 명칭,Task Name,en-US
任務名稱,Task Name,en-US
尚未完成流派内所有任务，完成后将获得试玩奖励,You haven't completed all the missions of this build. Complete them to earn tryout rewards.,en-US
すべての任務を達成していません。完了後に報酬を獲得できます,You haven't completed all the missions of this build. Complete them to earn tryout rewards.,en-US
유파 내 모든 임무를 완료하지 않았습니다. 완료 후 체험 보상을 받을 수 있습니다.,You haven't completed all the missions of this build. Complete them to earn tryout rewards.,en-US
尚未完成流派內所有任務，完成後將獲得試玩獎勵,You haven't completed all the missions of this build. Complete them to earn tryout rewards.,en-US
试玩奖励预览,Tryout Rewards,en-US
お試し報酬,Tryout Rewards,en-US
체험 보상 미리 보기,Tryout Rewards,en-US
試玩獎勵預覽,Tryout Rewards,en-US
完整试玩任一潜能流派即可获得奖励,Complete the tryout of any Potential build to claim rewards.,en-US
任意の構築をお試しして報酬を獲得しましょう,Complete the tryout of any Potential build to claim rewards.,en-US
임의의 잠재력 유파를 끝까지 체험하면 보상을 획득할 수 있습니다.,Complete the tryout of any Potential build to claim rewards.,en-US
完整試玩任一潛能流派即可獲得獎勵,Complete the tryout of any Potential build to claim rewards.,en-US
试玩,Tryout,en-US
試玩,Tryout,en-US
总计用时,Total Time Used,en-US
合計所要時間,Total Time Used,en-US
사용 시간,Total Time Used,en-US
總計時間,Total Time Used,en-US
目标进入攻击范围时，角色会自动进行普通攻击,The Trekker will perform Auto Attacks when a target enters their Attack Range.,en-US
敵が攻撃範囲に入ると、巡遊者は自動で通常攻撃を行います。,The Trekker will perform Auto Attacks when a target enters their Attack Range.,en-US
"목표가 공격 범위에 들어오면, 캐릭터가 자동으로 일반 공격을 합니다.",The Trekker will perform Auto Attacks when a target enters their Attack Range.,en-US
目標進入攻擊範圍時，角色會自動進行普通攻擊,The Trekker will perform Auto Attacks when a target enters their Attack Range.,en-US
面对其他目标时，琥珀则可以展现出她常规状态的实力,"When facing other targets, Amber can demonstrate her standard combat prowess.",en-US
他の敵に対しては、コハクが有利または不利になることはありません。,"When facing other targets, Amber can demonstrate her standard combat prowess.",en-US
"다른 목표를 마주하면, 코하쿠가 평소의 실력을 발휘할 수 있습니다.","When facing other targets, Amber can demonstrate her standard combat prowess.",en-US
面對其他目標時，琥珀則可以展現出她一般狀態的實力,"When facing other targets, Amber can demonstrate her standard combat prowess.",en-US
完成,Complete,en-US
点按闪避按钮进行闪避，过程中无敌,Tap the Dodge button to dodge. Invulnerable while dodging.,en-US
回避をタップすると、敵の攻撃を回避できます。,Tap the Dodge button to dodge. Invulnerable while dodging.,en-US
회피 버튼을 눌러 회피하세요. 그 순간만큼은 무적입니다.,Tap the Dodge button to dodge. Invulnerable while dodging.,en-US
點按閃避按鈕進行閃避，過程中為無敵狀態,Tap the Dodge button to dodge. Invulnerable while dodging.,en-US
点按闪避按钮进行闪避，过程中无敌,Click the Dodge button to dodge. Invulnerable while dodging.,en-US
回避をタップすると、敵の攻撃を回避できます。,Click the Dodge button to dodge. Invulnerable while dodging.,en-US
회피 버튼을 눌러 회피하세요. 그 순간만큼은 무적입니다.,Click the Dodge button to dodge. Invulnerable while dodging.,en-US
點按閃避按鈕進行閃避，過程中為無敵狀態,Click the Dodge button to dodge. Invulnerable while dodging.,en-US
点按闪避按钮进行闪避，过程中无敌,Press the Dodge button to dodge. Invulnerable while dodging.,en-US
回避をタップすると、敵の攻撃を回避できます。,Press the Dodge button to dodge. Invulnerable while dodging.,en-US
회피 버튼을 눌러 회피하세요. 그 순간만큼은 무적입니다.,Press the Dodge button to dodge. Invulnerable while dodging.,en-US
點按閃避按鈕進行閃避，過程中為無敵狀態,Press the Dodge button to dodge. Invulnerable while dodging.,en-US
回顾教学,Review,en-US
チュートリアルを振り返る,Review,en-US
튜토리얼 다시보기,Review,en-US
回顧教學,Review,en-US
结束战斗,End Battle,en-US
戦闘終了,End Battle,en-US
전투 종료,End Battle,en-US
結束戰鬥,End Battle,en-US
长按闪避按钮可以进入疾跑状态,Tap and hold the Dodge button to dash.,en-US
回避を長押しすると、ダッシュできます。,Tap and hold the Dodge button to dash.,en-US
회피 버튼을 길게 누르면 빠른 발놀림 상태에 진입할 수 있습니다.,Tap and hold the Dodge button to dash.,en-US
長按閃避按鈕可以進入疾跑狀態,Tap and hold the Dodge button to dash.,en-US
长按闪避按钮可以进入疾跑状态,Hold the Dodge button to dash.,en-US
回避を長押しすると、ダッシュできます。,Hold the Dodge button to dash.,en-US
회피 버튼을 길게 누르면 빠른 발놀림 상태에 진입할 수 있습니다.,Hold the Dodge button to dash.,en-US
長按閃避按鈕可以進入疾跑狀態,Hold the Dodge button to dash.,en-US
挑战,Challenge,en-US
挑戦,Challenge,en-US
도전,Challenge,en-US
挑戰,Challenge,en-US
教学已结束，请稍等,"Tutorial completed. One moment, please.",en-US
チュートリアルはすべて完了しました。,"Tutorial completed. One moment, please.",en-US
튜토리얼이 종료되었습니다. 잠시만 기다려 주세요.,"Tutorial completed. One moment, please.",en-US
教學已結束，請稍等,"Tutorial completed. One moment, please.",en-US
进行中 ({0}/{1}),In Progress ({0}/{1}),en-US
達成進捗 ({0}/{1}),In Progress ({0}/{1}),en-US
{0}/{1} 진행 중,In Progress ({0}/{1}),en-US
進行中（{0}/{1}）,In Progress ({0}/{1}),en-US
旅人机制,Trekker Mechanic,en-US
巡遊者の仕組み,Trekker Mechanic,en-US
여행가 시스템,Trekker Mechanic,en-US
旅人機制,Trekker Mechanic,en-US
战场机制,Battlefield Mechanic,en-US
フィールドシステム,Battlefield Mechanic,en-US
전장 시스템,Battlefield Mechanic,en-US
戰場機制,Battlefield Mechanic,en-US
星塔机制,Monolith Mechanic,en-US
星ノ塔システム,Monolith Mechanic,en-US
별의 탑 시스템,Monolith Mechanic,en-US
星塔機制,Monolith Mechanic,en-US
自由体验一下印记触发的威力吧,Now feel free to trigger Marks and experience their power.,en-US
印発動の威力を体験してみましょう,Now feel free to trigger Marks and experience their power.,en-US
표식 발동의 위력을 마음껏 느껴 보세요.,Now feel free to trigger Marks and experience their power.,en-US
自由體驗一下印記觸發的威力吧,Now feel free to trigger Marks and experience their power.,en-US
观看印记机制教学,Watch the Mark mechanic tutorial,en-US
印に関するチュートリアルを見る,Watch the Mark mechanic tutorial,en-US
표식 시스템 튜토리얼을 확인해보세요.,Watch the Mark mechanic tutorial,en-US
觀看印記機制教學,Watch the Mark mechanic tutorial,en-US
下一教学,Next Tutorial,en-US
次へ,Next Tutorial,en-US
다음 튜토리얼,Next Tutorial,en-US
下一個教學,Next Tutorial,en-US
在星塔中完成战斗后可以获取音符,You will receive Musical Notes after completing a battle in the Monolith.,en-US
星ノ塔では、戦闘を終えると、音符を獲得できます。,You will receive Musical Notes after completing a battle in the Monolith.,en-US
팀이 별의 탑에서 전투를 마치면 소리를 획득할 수 있습니다.,You will receive Musical Notes after completing a battle in the Monolith.,en-US
在星塔中完成戰鬥後可以獲得音符,You will receive Musical Notes after completing a battle in the Monolith.,en-US
队伍在进入星塔时，角色尚未觉醒任何潜能,"When your squad first enters the Monolith, the Trekkers have no awakened Potentials.",en-US
星ノ塔の探索を開始する時点では、巡遊者は素質を所持していません。,"When your squad first enters the Monolith, the Trekkers have no awakened Potentials.",en-US
"팀이 별의 탑에 진입할 때, 여행가는 아직 어떠한 잠재력도 각성하지 않은 상태입니다.","When your squad first enters the Monolith, the Trekkers have no awakened Potentials.",en-US
隊伍進入星塔時，角色會處在未覺醒任何潛能的狀態,"When your squad first enters the Monolith, the Trekkers have no awakened Potentials.",en-US
体验特殊潜能为角色们带来的强化吧,Experience how the Trekkers can be enhanced by their Special Potentials.,en-US
コア素質が巡遊者にもたらす強化を体験してみましょう,Experience how the Trekkers can be enhanced by their Special Potentials.,en-US
특수 잠재력이 캐릭터에게 주는 강화 효과를 만끽해 보세요.,Experience how the Trekkers can be enhanced by their Special Potentials.,en-US
體驗特殊潛能為角色們帶來的強化吧,Experience how the Trekkers can be enhanced by their Special Potentials.,en-US
体验普通潜能为角色们带来的强化吧,Experience how the Trekkers can be enhanced by their Common Potentials.,en-US
サブ素質が巡遊者にもたらす強化を体験してみましょう,Experience how the Trekkers can be enhanced by their Common Potentials.,en-US
일반 잠재력이 캐릭터에게 주는 강화 효과를 만끽해 보세요.,Experience how the Trekkers can be enhanced by their Common Potentials.,en-US
體驗普通潛能為角色們帶來的強化吧,Experience how the Trekkers can be enhanced by their Common Potentials.,en-US
通关 {0} 关后解锁,Clear {0} levels to unlock,en-US
{0} ステージクリア後に解放,Clear {0} levels to unlock,en-US
스테이지 {0} 클리어 시 오픈,Clear {0} levels to unlock,en-US
通過{0}關後解鎖,Clear {0} levels to unlock,en-US
重新培训,Train Again,en-US
もう一度訓練する,Train Again,en-US
재훈련,Train Again,en-US
重新培訓,Train Again,en-US
尚未完成所有任务，完成后可领取教学奖励,You haven't completed all the missions. Complete them to earn tutorial rewards.,en-US
達成できていない任務があります,You haven't completed all the missions. Complete them to earn tutorial rewards.,en-US
모든 임무를 완료하지 않았습니다. 완료 후 튜토리얼 보상을 수령할 수 있습니다.,You haven't completed all the missions. Complete them to earn tutorial rewards.,en-US
尚未完成所有任務，完成後可領取教學獎勵,You haven't completed all the missions. Complete them to earn tutorial rewards.,en-US
任务完成,Mission Complete,en-US
任務完了,Mission Complete,en-US
임무 완료,Mission Complete,en-US
任務完成,Mission Complete,en-US
点按主控技能按钮施放主控技能,Tap the Main Skill button to cast the Main Skill.,en-US
主力スキルを発動しましょう！,Tap the Main Skill button to cast the Main Skill.,en-US
메인 스킬 버튼을 눌러 메인 스킬을 시전하세요.,Tap the Main Skill button to cast the Main Skill.,en-US
點按主控技能按鈕施放主控技能,Tap the Main Skill button to cast the Main Skill.,en-US
点按主控技能按钮施放主控技能,Click the Main Skill button to cast the Main Skill.,en-US
主力スキルを発動しましょう！,Click the Main Skill button to cast the Main Skill.,en-US
메인 스킬 버튼을 눌러 메인 스킬을 시전하세요.,Click the Main Skill button to cast the Main Skill.,en-US
點按主控技能按鈕施放主控技能,Click the Main Skill button to cast the Main Skill.,en-US
点按主控技能按钮施放主控技能,Press the Main Skill button to cast the Main Skill.,en-US
主力スキルを発動しましょう！,Press the Main Skill button to cast the Main Skill.,en-US
메인 스킬 버튼을 눌러 메인 스킬을 시전하세요.,Press the Main Skill button to cast the Main Skill.,en-US
點按主控技能按鈕施放主控技能,Press the Main Skill button to cast the Main Skill.,en-US
对目标造成足够伤害，使其进入破韧状态,Deal enough DMG to the target so that it enters the Resilience Break state.,en-US
敵に十分なダメージを与え、ブレイク状態に追い込みましょう。,Deal enough DMG to the target so that it enters the Resilience Break state.,en-US
"목표는 충분한 피해를 입은 후, 내성 무시 상태에 빠지게 됩니다.",Deal enough DMG to the target so that it enters the Resilience Break state.,en-US
對目標造成足夠傷害，使其進入破韌狀態,Deal enough DMG to the target so that it enters the Resilience Break state.,en-US
点按绝招按钮施放绝招,Tap the Ultimate button to cast the Ultimate!,en-US
必殺技を発動しましょう！,Tap the Ultimate button to cast the Ultimate!,en-US
필살기 버튼을 눌러 필살기를 시전하세요.,Tap the Ultimate button to cast the Ultimate!,en-US
點按絕招按鈕施放絕招,Tap the Ultimate button to cast the Ultimate!,en-US
点按绝招按钮施放绝招,Click the Ultimate button to cast the Ultimate!,en-US
必殺技を発動しましょう！,Click the Ultimate button to cast the Ultimate!,en-US
필살기 버튼을 눌러 필살기를 시전하세요.,Click the Ultimate button to cast the Ultimate!,en-US
點按絕招按鈕施放絕招,Click the Ultimate button to cast the Ultimate!,en-US
点按绝招按钮施放绝招,Press the Ultimate button to cast the Ultimate!,en-US
必殺技を発動しましょう！,Press the Ultimate button to cast the Ultimate!,en-US
필살기 버튼을 눌러 필살기를 시전하세요.,Press the Ultimate button to cast the Ultimate!,en-US
點按絕招按鈕施放絕招,Press the Ultimate button to cast the Ultimate!,en-US
权限 {0} 级解锁,Reach Authorization Lv. {0} to unlock,en-US
권한 {0}레벨 달성 시 오픈,Reach Authorization Lv. {0} to unlock,en-US
權限{0}級解鎖,Reach Authorization Lv. {0} to unlock,en-US
イメージ変更,Change Showcase Appearance,en-US
旅人培养,Trekker Training,en-US
巡遊者育成,Trekker Training,en-US
여행가 성장,Trekker Training,en-US
旅人培養,Trekker Training,en-US
点按施放绝招,Tap to cast the Ultimate.,en-US
タップして必殺技を発動する,Tap to cast the Ultimate.,en-US
터치하여 필살기 시전,Tap to cast the Ultimate.,en-US
點按施放絕招,Tap to cast the Ultimate.,en-US
按下施放绝招,Press to cast the Ultimate.,en-US
を押して必殺技を発動しましょう,Press to cast the Ultimate.,en-US
버튼을 눌러 필살기를 시전하세요!,Press to cast the Ultimate.,en-US
按下施放絕招,Press to cast the Ultimate.,en-US
通过前置关卡解锁,Clear the prerequisite stage to unlock,en-US
一つ前の難易度をクリアで解放,Clear the prerequisite stage to unlock,en-US
이전 난이도 클리어 시 오픈,Clear the prerequisite stage to unlock,en-US
通過前置關卡後解鎖,Clear the prerequisite stage to unlock,en-US
升级材料为空,Please select upgrade materials,en-US
素材が不足しています,Please select upgrade materials,en-US
레벨업 재료를 선택하지 않았습니다,Please select upgrade materials,en-US
升級材料為空白,Please select upgrade materials,en-US
选择两个纪录后即可挑战,Select two records and start challenge,en-US
2つの記録を選択すると挑戦できます,Select two records and start challenge,en-US
두 개의 기록 선택 후 도전할 수 있습니다.,Select two records and start challenge,en-US
選擇2個紀錄後即可挑戰,Select two records and start challenge,en-US
不可使用重复旅人进行挑战,Cannot use the same Trekker for this challenge,en-US
使用巡遊者が重複している状態では、挑戦できません,Cannot use the same Trekker for this challenge,en-US
여행가를 중복 사용하여 도전할 수 없습니다,Cannot use the same Trekker for this challenge,en-US
不可使用重複旅人進行挑戰,Cannot use the same Trekker for this challenge,en-US
当前分数,Current Score,en-US
현재 점수,Current Score,en-US
目前分數,Current Score,en-US
作战奖励,Mission Reward,en-US
作戦ノート,Mission Reward,en-US
작전 보상,Mission Reward,en-US
作戰獎勵,Mission Reward,en-US
当前关卡,Current Level,en-US
現在のステージ,Current Level,en-US
현재 스테이지,Current Level,en-US
目前關卡,Current Level,en-US
"原有纪录不存在,已放弃挑战",Original record not found. Challenge abandoned.,en-US
元の記録が存在しません。挑戦を諦めました,Original record not found. Challenge abandoned.,en-US
"기존 기록이 존재하지 않아, 도전을 포기하였습니다.",Original record not found. Challenge abandoned.,en-US
原有紀錄不存在，已放棄挑戰,Original record not found. Challenge abandoned.,en-US
已放弃继续挑战,Challenge abandoned,en-US
挑戦を諦めました,Challenge abandoned,en-US
도전 계속 진행을 포기했습니다.,Challenge abandoned,en-US
已放棄繼續挑戰,Challenge abandoned,en-US
连杀奖励,Kill Streak,en-US
連続撃破報酬,Kill Streak,en-US
연속 처치 보상,Kill Streak,en-US
連殺獎勵,Kill Streak,en-US
消灭精英×{0},Elite x{0},en-US
倒したエリート×{0},Elite x{0},en-US
정예x{0} 처치,Elite x{0},en-US
消滅菁英x{0},Elite x{0},en-US
未进行,Not Started,en-US
進捗なし,Not Started,en-US
미진행,Not Started,en-US
未進行,Not Started,en-US
命运卡,Destiny Cards,en-US
運命カード,Destiny Cards,en-US
운명 카드,Destiny Cards,en-US
命運卡,Destiny Cards,en-US
最终积分,Total Score,en-US
最終スコア,Total Score,en-US
최종 점수,Total Score,en-US
最終積分,Total Score,en-US
消灭领主,Overlord,en-US
首領を倒した,Overlord,en-US
보스 처치,Overlord,en-US
消滅領主,Overlord,en-US
消灭怪物×{0},Minion x{0},en-US
倒した敵×{0},Minion x{0},en-US
몬스터x{0} 처치,Minion x{0},en-US
消滅怪物x{0},Minion x{0},en-US
用时{0}秒,Defeated in {0}s,en-US
所用時間{0}秒,Defeated in {0}s,en-US
클리어 시간 {0}초,Defeated in {0}s,en-US
耗時{0}秒,Defeated in {0}s,en-US
暂无已激活天赋,No activated Talent,en-US
解放済みの防衛作戦はありません,No activated Talent,en-US
활성화한 특성이 없습니다,No activated Talent,en-US
暫無已啟動天賦,No activated Talent,en-US
每收集一张命运卡获得{0}天赋点,Every Destiny Card collected grants {0} Talent Points,en-US
運命カードを1枚集めるごとに、{0}防衛ポイントを獲得できます,Every Destiny Card collected grants {0} Talent Points,en-US
수집한 1장의 운명 카드마다 {0} 특성 포인트 획득,Every Destiny Card collected grants {0} Talent Points,en-US
每收集一張命運卡即可獲得{0}天賦點數,Every Destiny Card collected grants {0} Talent Points,en-US
新收集命运卡,New Destiny Card,en-US
新しく集めた運命カード,New Destiny Card,en-US
신규 수집 운명 카드,New Destiny Card,en-US
新收集的命運卡,New Destiny Card,en-US
天赋点已达上限,Max Talent Points reached,en-US
防衛ポイントが上限に達しています,Max Talent Points reached,en-US
최대 특성 포인트,Max Talent Points reached,en-US
天賦點數已達上限,Max Talent Points reached,en-US
天赋点,Talent Point,en-US
防衛ポイント,Talent Point,en-US
특성 포인트,Talent Point,en-US
天賦點數,Talent Point,en-US
权限等级达到{0}后解锁,Reach Authorization Lv. {0} to unlock,en-US
権限レベルが{0}で解放,Reach Authorization Lv. {0} to unlock,en-US
권한 레벨 {0} 이후 오픈,Reach Authorization Lv. {0} to unlock,en-US
權限等級達到{0}級後解鎖,Reach Authorization Lv. {0} to unlock,en-US
无天赋重置,No Talent reset,en-US
防衛作戦のリセットはありません,No Talent reset,en-US
특성 초기화 불가,No Talent reset,en-US
無天賦重置,No Talent reset,en-US
是否确认重置天赋,Reset Talent?,en-US
本当にリセットしますか,Reset Talent?,en-US
특성을 초기화하시겠습니까?,Reset Talent?,en-US
是否確定重置天賦？,Reset Talent?,en-US
天赋重置冷却中，请{0}秒后尝试,Talent Reset is on cooldown. Please try again after {0}s,en-US
防衛作戦のリセットはクールタイム中です。{0}秒後にお試しください,Talent Reset is on cooldown. Please try again after {0}s,en-US
특성 초기화 쿨타임입니다. {0}초 후 다시 시도하세요.,Talent Reset is on cooldown. Please try again after {0}s,en-US
天賦重置冷卻中，請於{0}秒後重試,Talent Reset is on cooldown. Please try again after {0}s,en-US
天赋点 {0}/{1},Talent Point x{0}/{1},en-US
防衛ポイント {0}/{1},Talent Point x{0}/{1},en-US
특성 포인트 {0}/{1},Talent Point x{0}/{1},en-US
天賦點數 {0}/{1},Talent Point x{0}/{1},en-US
{0}天赋点,{0} Talent Points,en-US
防衛ポイント{0},{0} Talent Points,en-US
{0} 특성 포인트,{0} Talent Points,en-US
{0}天賦點數,{0} Talent Points,en-US
-已激活-,-Activated-,en-US
-解放済み-,-Activated-,en-US
-활성화 완료-,-Activated-,en-US
-已啟動-,-Activated-,en-US
激活前置天赋,Activate prerequisite Talent,en-US
前提作戦の解放,Activate prerequisite Talent,en-US
이전 특성 활성화,Activate prerequisite Talent,en-US
啟動前置天賦,Activate prerequisite Talent,en-US
区域一,Zone 1,en-US
エリア1,Zone 1,en-US
1구역,Zone 1,en-US
區域一,Zone 1,en-US
区域二,Zone 2,en-US
エリア2,Zone 2,en-US
2구역,Zone 2,en-US
區域二,Zone 2,en-US
赛季累计积分：,Total Season Score:,en-US
シーズン合計スコア：,Total Season Score:,en-US
시즌 누적 포인트:,Total Season Score:,en-US
賽季累計積分：,Total Season Score:,en-US
{0}连杀 (分数x{1}),{0} Kills Streak (Score x{1}),en-US
{0}連続撃破 (スコアx{1}),{0} Kills Streak (Score x{1}),en-US
{0}연속 처치 (점수x{1}),{0} Kills Streak (Score x{1}),en-US
{0}連殺（分數x{1}）,{0} Kills Streak (Score x{1}),en-US
{0}连杀,{0} Kills Streak,en-US
{0}連続撃破,{0} Kills Streak,en-US
{0}연속 처치,{0} Kills Streak,en-US
{0}連殺,{0} Kills Streak,en-US
運命 カードブック,Destiny Card Deck,en-US
作战失败,Operation Failed,en-US
戦闘失敗,Operation Failed,en-US
작전 실패,Operation Failed,en-US
作戰失敗,Operation Failed,en-US
暂无命运卡 提升等级可抽取命运卡,No Destiny Card Level up to draw Destiny Card,en-US
運命カードがありません レベルが上がると運命カードを抽選できます,No Destiny Card Level up to draw Destiny Card,en-US
운명 카드가 없습니다 운명 카드는 레벨업을 통해 획득할 수 있습니다,No Destiny Card Level up to draw Destiny Card,en-US
暫無命運卡 提升等級可抽取命運卡,No Destiny Card Level up to draw Destiny Card,en-US
命运卡收集,Destiny Card Collection,en-US
運命カード収集,Destiny Card Collection,en-US
운명 카드 수집,Destiny Card Collection,en-US
收集命運卡,Destiny Card Collection,en-US
灾变背包,Catastrophe Bag,en-US
骸魔防衛戦バッグ,Catastrophe Bag,en-US
재앙의 가방,Catastrophe Bag,en-US
災變背包,Catastrophe Bag,en-US
玩法内升级获取,Upgrade in the feature to acquire,en-US
コンテンツ内でレベルアップすると獲得,Upgrade in the feature to acquire,en-US
레벨업하여 획득,Upgrade in the feature to acquire,en-US
玩法內升級獲得,Upgrade in the feature to acquire,en-US
获取方式：,Acquire From:,en-US
入手方法：,Acquire From:,en-US
획득 방식:,Acquire From:,en-US
取得方式：,Acquire From:,en-US
命运卡包,Destiny Pack,en-US
運命カードパック,Destiny Pack,en-US
운명의 카드팩,Destiny Pack,en-US
命運卡包,Destiny Pack,en-US
剩余 {0} 次,Remaining {0} chances,en-US
残り{0}回,Remaining {0} chances,en-US
{0}회 남음,Remaining {0} chances,en-US
剩餘{0}次,Remaining {0} chances,en-US
灾变,Catastrophe,en-US
上級,Catastrophe,en-US
재앙,Catastrophe,en-US
災變,Catastrophe,en-US
开放时间：{0},Available Period: {0},en-US
開放時間：{0},Available Period: {0},en-US
오픈 시간: {0},Available Period: {0},en-US
灾变难度将在后续开放,Catastrophe difficulties will be available soon.,en-US
上級難易度は今後開放予定です,Catastrophe difficulties will be available soon.,en-US
재앙 난이도는 이후에 오픈됩니다.,Catastrophe difficulties will be available soon.,en-US
災變難度將在後續開放,Catastrophe difficulties will be available soon.,en-US
首通奖励,First Clear Reward,en-US
作戦ノート,First Clear Reward,en-US
일반 보상,First Clear Reward,en-US
首通獎勵,First Clear Reward,en-US
前置关卡未完成,Prerequisite stage not completed,en-US
前提ステージが未クリアです,Prerequisite stage not completed,en-US
이전 스테이지 미완료,Prerequisite stage not completed,en-US
未完成前置關卡,Prerequisite stage not completed,en-US
作战奖励 {0}/{1},Mission Reward {0}/{1},en-US
作戦ノート {0}/{1},Mission Reward {0}/{1},en-US
작전 보상 {0}/{1},Mission Reward {0}/{1},en-US
作戰獎勵 {0}/{1},Mission Reward {0}/{1},en-US
收集经验获得命运卡,Collect EXP to get Destiny Cards,en-US
LvUPで運命カードを獲得,Collect EXP to get Destiny Cards,en-US
경험치를 수집해 운명 카드 획득,Collect EXP to get Destiny Cards,en-US
收集經驗獲得命運卡,Collect EXP to get Destiny Cards,en-US
赛季累计积分,Total Season Score,en-US
シーズン累計スコア,Total Season Score,en-US
시즌 누적 포인트,Total Season Score,en-US
賽季累計積分,Total Season Score,en-US
防线商店,Shop,en-US
骸魔防衛戦ショップ,Shop,en-US
전선 상점,Shop,en-US
防線商店,Shop,en-US
选择纪录后即可挑战,Select a record and start challenge,en-US
記録を選択すると挑戦できます,Select a record and start challenge,en-US
기록을 선택하여 도전할 수 있습니다,Select a record and start challenge,en-US
選擇紀錄後即可挑戰,Select a record and start challenge,en-US
天赋回路,Talent Circuit,en-US
防衛作戦,Talent Circuit,en-US
특성 트리,Talent Circuit,en-US
天賦迴路,Talent Circuit,en-US
总属性加成,Total Stat Bonus,en-US
合計ステータスボーナス,Total Stat Bonus,en-US
전체 속성 버프,Total Stat Bonus,en-US
總屬性加成,Total Stat Bonus,en-US
天赋点数,Talent Point,en-US
天赋重置,Talent Reset,en-US
リセット,Talent Reset,en-US
특성 초기화,Talent Reset,en-US
天賦重置,Talent Reset,en-US
成功重置灾变防线天赋点,Cataclysm Survivor Talent Reset Successful,en-US
骸魔防衛戦の防衛作戦をリセットしました,Cataclysm Survivor Talent Reset Successful,en-US
재앙의 전선 특성 포인트 초기화 성공,Cataclysm Survivor Talent Reset Successful,en-US
成功重置災變防線天賦點數,Cataclysm Survivor Talent Reset Successful,en-US
激活命运卡图鉴即可获得天赋点数,Activate Destiny Card Codex to acquire Talent Points,en-US
運命カード図鑑を解放すると、防衛ポイントを獲得できます,Activate Destiny Card Codex to acquire Talent Points,en-US
운명 카드 활성화 시 특성 포인트를 획득할 수 있습니다,Activate Destiny Card Codex to acquire Talent Points,en-US
啟動命運卡圖鑑即可獲得天賦點數,Activate Destiny Card Codex to acquire Talent Points,en-US
通关任意困难关卡后解锁,Clear any Hard difficulty level to unlock,en-US
任意の中級ステージをクリアすると解放,Clear any Hard difficulty level to unlock,en-US
임의의 하드 스테이지 클리어 시 오픈,Clear any Hard difficulty level to unlock,en-US
通過任意困難關卡後解鎖,Clear any Hard difficulty level to unlock,en-US
通关全部普通关卡后解锁,Clear all Normal difficulty levels to unlock,en-US
全ての初級ステージをクリアすると解放されます,Clear all Normal difficulty levels to unlock,en-US
모든 보통 스테이지 클리어 시 오픈,Clear all Normal difficulty levels to unlock,en-US
通過全部普通關卡後解鎖,Clear all Normal difficulty levels to unlock,en-US
是否跳过视频播放,Skip video?,en-US
スキップしますか？,Skip video?,en-US
영상을 스킵하시겠습니까?,Skip video?,en-US
是否跳過影片播放？,Skip video?,en-US
新星,Supernova,en-US
새로운 별,Supernova,en-US
冰爆,Iceblast,en-US
氷爆,Iceblast,en-US
얼음 폭발,Iceblast,en-US
水蚀,Water Erosion,en-US
水蝕,Water Erosion,en-US
물 침식,Water Erosion,en-US
沼泽,Swamp,en-US
沼,Swamp,en-US
늪,Swamp,en-US
沼澤,Swamp,en-US
寒冷,Chill,en-US
추위,Chill,en-US
挑 战,Challenge,en-US
挑 戰,Challenge,en-US
难度 {0},Difficulty {0},en-US
難度 {0},Difficulty {0},en-US
おすすめ レベル,Trekker Level,en-US
剩余奖励次数：{0}/{1},Attempts Left: {0}/{1},en-US
残り報酬獲得回数：{0}/{1},Attempts Left: {0}/{1},en-US
남은 보상 횟수: {0}/{1},Attempts Left: {0}/{1},en-US
剩餘獎勵次數：{0}/{1},Attempts Left: {0}/{1},en-US
最快通关时间：{0}分{1}秒,Best Record: {0}m {1}s,en-US
最速クリア時間：{0}分{1}秒,Best Record: {0}m {1}s,en-US
최고 기록: {0}분 {1}초,Best Record: {0}m {1}s,en-US
最快過關時間：{0}分{1}秒,Best Record: {0}m {1}s,en-US
最快通关时间：无数据,Best Record: No data,en-US
最速クリア時間：データなし,Best Record: No data,en-US
최고 기록: 데이터 없음,Best Record: No data,en-US
最快過關時間：無資料,Best Record: No data,en-US
{0}后恢复至上限,Recovers to max in {0},en-US
{0}後に上限まで回復,Recovers to max in {0},en-US
{0} 후 최대까지 회복,Recovers to max in {0},en-US
{0}後恢復至上限,Recovers to max in {0},en-US
距离下次刷新 {0},Time until next refresh: {0},en-US
次回の更新まで{0},Time until next refresh: {0},en-US
다음 리셋까지 {0},Time until next refresh: {0},en-US
距離下次更新{0},Time until next refresh: {0},en-US
每周权能点数达到{0}后，可领取以下奖励：,Reach {0} weekly Tyrant Points to claim the following rewards:,en-US
週間王権ポイントが{0}に到達すると、以下の報酬を受け取ることができます。,Reach {0} weekly Tyrant Points to claim the following rewards:,en-US
주간 로열 포인트 {0} 달성 시 다음 보상을 획득할 수 있습니다.,Reach {0} weekly Tyrant Points to claim the following rewards:,en-US
每週權能點數達到{0}後，可領取以下獎勵：,Reach {0} weekly Tyrant Points to claim the following rewards:,en-US
绽放,Blossom,en-US
満開,Blossom,en-US
만개,Blossom,en-US
綻放,Blossom,en-US
空气炮,Air Cannon,en-US
空気砲,Air Cannon,en-US
공기포,Air Cannon,en-US
空氣砲,Air Cannon,en-US
风蚀,Wind Erosion,en-US
風蝕,Wind Erosion,en-US
풍화,Wind Erosion,en-US
气旋,Cyclone,en-US
旋風,Cyclone,en-US
회오리,Cyclone,en-US
氣旋,Cyclone,en-US
漂浮,Float,en-US
浮遊,Float,en-US
부유,Float,en-US
风涡,Vortex,en-US
つむじ風,Vortex,en-US
소용돌이,Vortex,en-US
風渦,Vortex,en-US
突破后可继续提升权限等级,Crescendo to continue to increase the Authorization Level,en-US
昇格すると、権限レベル上限が解放されます,Crescendo to continue to increase the Authorization Level,en-US
"돌파 후, 권한 레벨을 레벨업할 수 있습니다",Crescendo to continue to increase the Authorization Level,en-US
突破後可繼續提升權限等級,Crescendo to continue to increase the Authorization Level,en-US
权限等级达到{0}级后可领取,Reach Authorization Lv. {0} to claim,en-US
権限レベルが{0}に到達すると受け取れます,Reach Authorization Lv. {0} to claim,en-US
권한 레벨 {0} 달성 시 획득 가능,Reach Authorization Lv. {0} to claim,en-US
權限等級達到{0}級後可領取,Reach Authorization Lv. {0} to claim,en-US
权限等级奖励不可重复领取,Level Rewards can not be claimed repeatedly,en-US
権限レベルボーナスは一度しか受け取れません,Level Rewards can not be claimed repeatedly,en-US
권한 레벨 보상은 중복으로 획득할 수 없습니다,Level Rewards can not be claimed repeatedly,en-US
權限等級獎勵不可重複領取,Level Rewards can not be claimed repeatedly,en-US
权限等级已达上限,Reached max Authorization Level,en-US
権限レベルが上限に達しています,Reached max Authorization Level,en-US
최대 레벨 달성,Reached max Authorization Level,en-US
權限等級已達上限,Reached max Authorization Level,en-US
权限经验,Authorization EXP,en-US
権限経験値,Authorization EXP,en-US
경험치,Authorization EXP,en-US
權限經驗,Authorization EXP,en-US
等级突破,Level Crescendo,en-US
昇格,Level Crescendo,en-US
레벨 돌파,Level Crescendo,en-US
等級突破,Level Crescendo,en-US
当前突破进度,Current Crescendo Progress,en-US
現在の昇格進捗,Current Crescendo Progress,en-US
현재 돌파 진도,Current Crescendo Progress,en-US
目前突破進度,Current Crescendo Progress,en-US
【{0}】突破,[{0}] Crescendo,en-US
【{0}】昇格,[{0}] Crescendo,en-US
「{0}」 돌파,[{0}] Crescendo,en-US
功能开启：{0},Feature Available: {0},en-US
機能解放：{0},Feature Available: {0},en-US
기능 오픈: {0},Feature Available: {0},en-US
功能開放：{0},Feature Available: {0},en-US
未解放,Unavailable,en-US
权限等级达到{0}级解锁,Reach Authorization Lv. {0} to unlock,en-US
権限レベルが{0}に到達すると解放,Reach Authorization Lv. {0} to unlock,en-US
權限等級達到{0}級解鎖,Reach Authorization Lv. {0} to unlock,en-US
レベルボーナス,Level Rewards,en-US
权限等级达到{0}级,Reach Authorization Lv. {0},en-US
権限レベルが{0}に達する,Reach Authorization Lv. {0},en-US
권한 레벨 {0} 달성,Reach Authorization Lv. {0},en-US
權限等級達到{0}級,Reach Authorization Lv. {0},en-US
无可领取内容,Nothing to claim,en-US
受け取れるものはありません,Nothing to claim,en-US
획득 가능한 보상이 없습니다,Nothing to claim,en-US
無可領取的內容,Nothing to claim,en-US
提升权限等级上限,Increase max Authorization Level,en-US
権限レベル上限がアップ,Increase max Authorization Level,en-US
권한 레벨 최대 달성,Increase max Authorization Level,en-US
提升權限等級上限,Increase max Authorization Level,en-US
探索准备,Exploration Preparation,en-US
探索準備,Exploration Preparation,en-US
탐색 준비,Exploration Preparation,en-US
主线剧情,Main Story,en-US
主線劇情,Main Story,en-US
遗迹,Ruins,en-US
遺跡,Ruins,en-US
유적,Ruins,en-US
深度,Depth,en-US
深さ,Depth,en-US
깊이,Depth,en-US
装备副本每日双倍次数提升,Increase equipment instance daily double chances,en-US
装備ダンジョン 今日の2倍ボーナス回数がアップ,Increase equipment instance daily double chances,en-US
오늘 장비 던전 횟수 두배 증가,Increase equipment instance daily double chances,en-US
裝備副本每日雙倍次數提升,Increase equipment instance daily double chances,en-US
星塔周奖励上限,Monolith Weekly Reward Limit,en-US
星ノ塔 週間ボーナス上限,Monolith Weekly Reward Limit,en-US
별의 탑 최대 주간 보상,Monolith Weekly Reward Limit,en-US
星塔每週獎勵上限,Monolith Weekly Reward Limit,en-US
国语配音:,Mandarin Voiceover:.,en-US
CV：,Mandarin Voiceover:.,en-US
중국어 더빙:,Mandarin Voiceover:.,en-US
中文配音:,Mandarin Voiceover:.,en-US
