source,target,tgt_lng
"""6:6 Sejati""","""6•6: แท้""",th-TH
"""Bertahan Sejati""","""ตั้งมั่น: แท้""",th-TH
"""Beruntung Sejati""","""โชคดี: แท้""",th-TH
"""Big Red Button""","""ปุ่มแดงใหญ่""",th-TH
"""Bilangan Prima Sejati""","""จำนวนเฉพาะ: แท้""",th-TH
"""Charge Sejati""","""ชาร์จ: แท้""",th-TH
"""Detak Jantung Sejati""","""หัวใจเต้น: แท้""",th-TH
"""Eversummer"" Florist I",ร้าน Eversummer Florist I,th-TH
"""Eversummer"" Florist II",ร้าน Eversummer Florist II,th-TH
"""Eversummer"" Florist III",ร้าน Eversummer Florist III,th-TH
"""Evolusi Sejati""","""วิวัฒนาการ: แท้""",th-TH
"""Grande Botão Vermelho""","""ปุ่มแดงใหญ่""",th-TH
"""Ilusionis Sejati""","""ผู้ใช้อาคม: แท้""",th-TH
"""Kaktus Sejati""","""กระบองเพชร: แท้""",th-TH
"""Kata-kata Terakhir Sejati""","""คำสั่งเสีย: แท้""",th-TH
"""Keajaiban Sejati""","""ปาฏิหาริย์: แท้""",th-TH
"""Ketahanan Sejati""","""อดทน: แท้""",th-TH
"""Maniak Perang Sejati""","""คลั่งรบ: แท้""",th-TH
"""Nasihat Dokter Sejati""","""ผลการแพทย์: แท้""",th-TH
"""Neverwinter"" Workshop I",Neverwinter Workshop I,th-TH
"""Neverwinter"" Workshop II",Neverwinter Workshop II,th-TH
"""Neverwinter"" Workshop III",Neverwinter Workshop III,th-TH
"""Pejudi Sejati""","""นักเดิมพัน: แท้""",th-TH
"""Peluru Sihir Sejati""","""กระสุนเวท: แท้""",th-TH
"""Pembalasan Sejati""","""แก้แค้น: แท้""",th-TH
"""Pengulangan Sejati""","""ทวนซ้ำ: แท้""",th-TH
"""Perisai Bintang Sejati""","""โล่ดวงดาว: แท้""",th-TH
"""Pinjaman Sejati""","""กู้ยืม: แท้""",th-TH
"""Racun Sejati""","""พิษ: แท้""",th-TH
"""Reverie"" Hotel - Dunia Mimpi I",โรงแรม Reverie - แดนฝัน I,th-TH
"""Reverie"" Hotel - Dunia Mimpi Ⅱ",โรงแรม Reverie - แดนฝัน II,th-TH
"""Reverie"" Hotel - Dunia Mimpi Ⅲ",โรงแรม Reverie - แดนฝัน III,th-TH
"""Reverie"" Hotel - Dunia Nyata I","โรงแรม ""Reverie"" - ความจริง I",th-TH
"""Reverie"" Hotel - Dunia Nyata II","โรงแรม ""Reverie"" - ความจริง II",th-TH
"""Reverie"" Hotel - Dunia Nyata III","โรงแรม ""Reverie"" - ความจริง III",th-TH
"""Serangan Gencar Sejati""","""ตีกระหน่ำ: แท้""",th-TH
"""Sumpah Sejati""","""คำสัตย์: แท้""",th-TH
"""Takdir Sejati""","""โชคชะตา: แท้""",th-TH
"""Thực - Chất Độc""","""พิษ: แท้""",th-TH
"""Thực - Cố Thủ""","""ตั้งมั่น: แท้""",th-TH
"""Thực - May Mắn""","""โชคดี: แท้""",th-TH
"""Thực - Mãnh Công""","""ตีกระหน่ำ: แท้""",th-TH
"""Thực - Nhẫn Nại""","""อดทน: แท้""",th-TH
"""Thực - Tụ Lực""","""ชาร์จ: แท้""",th-TH
"""Tombol Merah Besar""","""ปุ่มแดงใหญ่""",th-TH
6 - 6 supremo,"""6•6: แท้""",th-TH
7 de Março,March 7th,th-TH
7. März,March 7th,th-TH
A Child's Moongazing Spot (I),จุดชมจันทร์ของหนูน้อย I,th-TH
A Child's Moongazing Spot (II),จุดชมจันทร์ของหนูน้อย II,th-TH
A Child's Moongazing Spot (III),จุดชมจันทร์ของหนูน้อย III,th-TH
A Essência dos Sonhos (I),แก่นของความฝัน I,th-TH
A Essência dos Sonhos (II),แก่นของความฝัน II,th-TH
A Essência dos Sonhos (III),แก่นของความฝัน III,th-TH
A Herta,ท่าน Herta,th-TH
Abajur Antigo,โคมไฟโบราณ,th-TH
Abenteuer-Log,บันทึกการผจญภัย,th-TH
Abóbora,ฟักทอง,th-TH
Access Card,บัตรผ่าน,th-TH
Accord harmonique,Harmonic Tune,th-TH
Achão,Findie,th-TH
Achéron,Acheron,th-TH
Acorde do Trovão,Thunder Strum,th-TH
Admiratrice fanatique de Serval,แฟนคลับตัวจี๊ดของ Serval,th-TH
Adorno predeterminado,ชุดเริ่มต้น,th-TH
Adventure Log,บันทึกการผจญภัย,th-TH
Aether Cô Đặc,Condensed Aether,th-TH
Aether Loãng,Sparse Aether,th-TH
Aether Spirit Upgrade Data,ชิปอัปเลเวล Aether Spirit,th-TH
Aether Tinh Luyện,Refined Aether,th-TH
Aetherium Wars Celebration Stage (I),เวทีฉลองแนวรบ Aetherium I,th-TH
Aetherium Wars Celebration Stage (II),เวทีฉลองแนวรบ Aetherium II,th-TH
Aetherium Wars Celebration Stage (III),เวทีฉลองแนวรบ Aetherium III,th-TH
Agent de sécurité,เจ้าหน้าที่ชั้นผู้น้อย - รปภ.,th-TH
Agotamiento,Weary,th-TH
Agravios pasados de la catástrofe devoraplanetas,Past Evils of the Borehole Planet Disaster,th-TH
Agua sólida,Solid Water,th-TH
Aideen Tokens,Aideen Token,th-TH
Aideen-Marken,Aideen Token,th-TH
Alayawah,Flower of Ālaya,th-TH
Alchemy Commission Dragon Tree (I),ต้นมังกรแห่ง Alchemy Commission I,th-TH
Alchemy Commission Dragon Tree (II),ต้นมังกรแห่ง Alchemy Commission II,th-TH
Alchemy Commission Dragon Tree (III),ต้นมังกรแห่ง Alchemy Commission III,th-TH
Aleación de meteorito,Meteoric Alloy,th-TH
Aleta rasgada de sirena,Sea Siren's Torn Fin,th-TH
Alface,ผักกาด,th-TH
Alisa Rand's Lance,หอกของ Alisa Rand,th-TH
Alisa Rands Lanze,หอกของ Alisa Rand,th-TH
Alliage météorique,Meteoric Alloy,th-TH
Alter Backenzahn,Old Molar,th-TH
Alter Goethe,ลุง Goethe,th-TH
Alter Groll aus der Krise des zerfressenen Planeten,Past Evils of the Borehole Planet Disaster,th-TH
Ambición distorsionada,Usurper's Scheme,th-TH
Ambition d'usurpateur,Usurper's Scheme,th-TH
Ambra des Überflusses,Ambergris of Abundance,th-TH
Ambre divin,Divine Amber,th-TH
Ambre gris de l'Abondance,Ambergris of Abundance,th-TH
Ambroisie céleste,น้ำอมฤต,th-TH
Ambroisie du chaos,น้ำอมฤตอลหม่าน,th-TH
Ambrosia Celestial,น้ำอมฤต,th-TH
Ambrosia der Unordnung,น้ำอมฤตอลหม่าน,th-TH
Ambrosia do Caos,น้ำอมฤตอลหม่าน,th-TH
Ambrosía caótica,น้ำอมฤตอลหม่าน,th-TH
Ambrosía celestial,น้ำอมฤต,th-TH
Amoh,Amo,th-TH
An Nhàn,Tranquility,th-TH
Anamnese do Trovão Diurno,Daythunder Anamnesis,th-TH
Anamèse d'orage diurne,Daythunder Anamnesis,th-TH
Ancien essieu,Ancient Spindle,th-TH
Ancien moteur,Ancient Engine,th-TH
Ancienne lampe de bureau,โคมไฟโบราณ,th-TH
Ancienne pièce mécanique,Ancient Part,th-TH
Ancienne radio,วิทยุโบราณ,th-TH
Ancienne rancune du Désastre de l'ennui,Past Evils of the Borehole Planet Disaster,th-TH
Andarilho,คนพเนจร,th-TH
Anomaly Arbitration Limited-Time Clearance Medal,เหรียญตราผ่านด่านจำกัดเวลาผู้ตัดสินที่ผิดแปลก,th-TH
Anstecker der Silbermähnen-Wache,Silvermane Badge,th-TH
Antique Desk Lamp,โคมไฟโบราณ,th-TH
Antique Radio,วิทยุโบราณ,th-TH
Aplastador del Vacío,Voidranger: Trampler,th-TH
Apostador supremo,"""นักเดิมพัน: แท้""",th-TH
Araña Autómata,Automaton Spider,th-TH
Arcadia-Münze,เหรียญสุขาวดี,th-TH
Arcadian Token,เหรียญสุขาวดี,th-TH
Arlequin ricaneur,Sneering Harlequin,th-TH
Arrependimento do Ochema Infinito,Regret of Infinite Ochema,th-TH
Arrepentimiento del eterno vehículo del alma,Regret of Infinite Ochema,th-TH
Arroz Proteico,Protein Rice,th-TH
Arroz proteico,Protein Rice,th-TH
Artilheiro Crinalva,Silvermane Gunner,th-TH
Artillero Crinargenta,Silvermane Cannoneer,th-TH
Arus Mimpi I,กระแสคลื่นความฝัน I,th-TH
Arus Mimpi II,กระแสคลื่นความฝัน II,th-TH
Arus Mimpi III,กระแสคลื่นความฝัน III,th-TH
As Tomorrow Became Yesterday,พรุ่งนี้ที่หวนสู่วันวาน,th-TH
Ascuas inextinguibles,Undying Ember,th-TH
Asperge de cochinchine,Tian Dong,th-TH
Assaut suprême,"""ตีกระหน่ำ: แท้""",th-TH
Assistenzkraft: Sicherheitspersonal,เจ้าหน้าที่ชั้นผู้น้อย - รปภ.,th-TH
Atelier de Sanshiver (I),Neverwinter Workshop I,th-TH
Atelier de Sanshiver (II),Neverwinter Workshop II,th-TH
Atelier de Sanshiver (III),Neverwinter Workshop III,th-TH
Attack Interception Chip,ชิปสกัดการโจมตี,th-TH
Aufsteigende Trümmer,Ascendant Debris,th-TH
Auge des Blitzes,Eye of Lightning,th-TH
Augurio etéreo,Ethereal Omen,th-TH
Aurumaton-Torwächter,Aurumaton Gatekeeper,th-TH
Ausrangierte Ingeniumsteile,Discarded Ingenium Parts,th-TH
Austreibungstalisman,Exorcismal Fulu,th-TH
Auto-Repair Chip,ชิปซ่อมแซมอัตโนมัติ,th-TH
Automate araignée,Automaton Spider,th-TH
Automate scarabée,Automaton Beetle,th-TH
Automaton Beetle Model,"โมเดล ""Automaton Beetle""",th-TH
Automaton Control Terminal,เทอร์มินัลควบคุม Automaton,th-TH
Automaton Hound Model,"โมเดล ""Automaton Hound""",th-TH
Automaton Spider Model,"โมเดล ""Automaton Spider""",th-TH
Automaton: Käfer,Automaton Beetle,th-TH
Automaton: Spinne,Automaton Spider,th-TH
Autômato Aracnídeo,Automaton Spider,th-TH
Autômato Insectoide,Automaton Beetle,th-TH
Aventurin,Aventurine,th-TH
Aventurino,Aventurine,th-TH
Avis médical suprême,"""ผลการแพทย์: แท้""",th-TH
Aço Tece-Sonhos,Dreamweave Steel,th-TH
Aérofleur immortelle,Immortal Aeroblossom,th-TH
Backstage Enhancement Chip,ชิปเสริมพลังเบื้องหลัง,th-TH
Badge commémoratif,ตราที่ระลึก,th-TH
Badge de la crinière d'argent,Silvermane Badge,th-TH
Bala Meteórica,Meteoric Bullet,th-TH
Bala mágica suprema,"""กระสุนเวท: แท้""",th-TH
Balle magique suprême,"""กระสุนเวท: แท้""",th-TH
Balle météore,Meteoric Bullet,th-TH
Ballschläger des Trailblazers,ไม้เบสบอลของผู้บุกเบิก,th-TH
Baluarte supremo,"""ตั้งมั่น: แท้""",th-TH
Barbatana Despedaçada da Sereia,Sea Siren's Torn Fin,th-TH
Base de la zona de confinamiento I,ด้านล่างสุดของ Seclusion Zone I,th-TH
Base de la zona de confinamiento II,ด้านล่างสุดของ Seclusion Zone II,th-TH
Base de la zona de confinamiento III,ด้านล่างสุดของ Seclusion Zone III,th-TH
Basic Ingredients,Basic Ingredient,th-TH
Basiszutaten,Basic Ingredient,th-TH
Bastão de Raio de Transformador,Shape Shifter's Lightning Staff,th-TH
Batata,มันเหลืองทอง,th-TH
Battement de cœur suprême,"""หัวใจเต้น: แท้""",th-TH
Baumaterial der Bewahrung,Preservation Construction Material,th-TH
Baumrinde der Gelehrsamkeit,Tree Bark of Erudition,th-TH
Bawang Bombai,หัวหอมหยดน้ำตา,th-TH
Bayangan Naga Vidyadhara I,เงามังกร Vidyadhara I,th-TH
Bayangan Naga Vidyadhara II,เงามังกร Vidyadhara II,th-TH
Bayangan Naga Vidyadhara III,เงามังกร Vidyadhara III,th-TH
Baú Surpresa,สมบัติเซอร์ไพรส์,th-TH
Baú da Coragem Rasgada,Courage-Torn Chest,th-TH
Bebida Tática: Blu Bull,เครื่องดื่มกลยุทธ์: กระทิงฟ้า,th-TH
Bebida Tática: Energia de Pulso,เครื่องดื่มกลยุทธ์: พลังคลื่นถาโถม,th-TH
Bebida Tática: Explosão Rocástica,เครื่องดื่มกลยุทธ์: เครื่องดื่มนกยักษ์,th-TH
Bebida Tática: FelizAlma de Grande Energia,เครื่องดื่มกลยุทธ์: SoulGlad ทรงพลัง,th-TH
Bebida Tática: Mão do Diabo,เครื่องดื่มกลยุทธ์: มือปีศาจ,th-TH
Bebida Tática: Poderosa Sacia-Sede,เครื่องดื่มกลยุทธ์: ขุมพลัง,th-TH
Bebida táctica: Blu Tauro,เครื่องดื่มกลยุทธ์: กระทิงฟ้า,th-TH
Bebida táctica: Energía Púlsar,เครื่องดื่มกลยุทธ์: พลังคลื่นถาโถม,th-TH
Bebida táctica: FelizAlma energética,เครื่องดื่มกลยุทธ์: SoulGlad ทรงพลัง,th-TH
Bebida táctica: Manoinsanta,เครื่องดื่มกลยุทธ์: มือปีศาจ,th-TH
Bebida táctica: Monstroc,เครื่องดื่มกลยุทธ์: เครื่องดื่มนกยักษ์,th-TH
Bebida táctica: Powerforce,เครื่องดื่มกลยุทธ์: ขุมพลัง,th-TH
Bedauern des unendlichen Pseudokörpers,Regret of Infinite Ochema,th-TH
Bemalte Kraftmünze,เหรียญพลังสีสัน,th-TH
Bendición de la música ilusoria,พรแห่งท่วงทำนองมายา,th-TH
Bendición de travesía,Wayfare's Blessing,th-TH
Bendición del primer viaje,First Voyage's Blessing,th-TH
Bendición áurea,พรแห่งทองคำ,th-TH
Benteng Meriam Skysplitter I,ป้อมปืนเรือประชันคมดาบ I,th-TH
Benteng Meriam Skysplitter II,ป้อมปืนเรือประชันคมดาบ II,th-TH
Benteng Meriam Skysplitter III,ป้อมปืนเรือประชันคมดาบ III,th-TH
Berlian,เพชร,th-TH
Berserker suprême,"""คลั่งรบ: แท้""",th-TH
Berçário da Nave do Porto Estelarium (I),"Stargazer Navalia ""Ship Nursery"" I",th-TH
Berçário da Nave do Porto Estelarium (II),"Stargazer Navalia ""Ship Nursery"" II",th-TH
Berçário da Nave do Porto Estelarium (III),"Stargazer Navalia ""Ship Nursery"" III",th-TH
Beständigkeit von Bronze,Endurance of Bronze,th-TH
Bewertungspistole (I),ปืนประเมินคะแนน I,th-TH
Bewertungspistole (II),ปืนประเมินคะแนน II,th-TH
Bewertungspistole (III),ปืนประเมินคะแนน III,th-TH
Billet d'entrée doré,บัตรเข้างานทองคำ,th-TH
Billet d'entrée iridescent,บัตรเข้างานสุดเฉิดฉาย,th-TH
Billet d'entrée standard,บัตรเข้างานมาตรฐาน,th-TH
Bio-Experimental Capsule (I),ห้องทดลองชีวภาพ I,th-TH
Bio-Experimental Capsule (II),ห้องทดลองชีวภาพ II,th-TH
Bio-Experimental Capsule (III),ห้องทดลองชีวภาพ III,th-TH
Biologische Versuchskapsel (I),ห้องทดลองชีวภาพ I,th-TH
Biologische Versuchskapsel (II),ห้องทดลองชีวภาพ II,th-TH
Biologische Versuchskapsel (III),ห้องทดลองชีวภาพ III,th-TH
Blatt des Imaginären,Leaf of Imaginary,th-TH
Blitzkrone der vergangenen Schatten,Lightning Crown of the Past Shadow,th-TH
Blitzstab des Gestaltenwandlers,Shape Shifter's Lightning Staff,th-TH
Blume der Ewigkeit,Flower of Eternity,th-TH
Blé,ข้าวสาลี,th-TH
Blütenkrone,มงกุฎดอกไม้,th-TH
Bocah Licik,เด็กจอมเจ้าเล่ห์,th-TH
Boisson tactique : Blu Bull,เครื่องดื่มกลยุทธ์: กระทิงฟ้า,th-TH
Boisson tactique : Crazy-roc,เครื่องดื่มกลยุทธ์: เครื่องดื่มนกยักษ์,th-TH
Boisson tactique : Explonergie,เครื่องดื่มกลยุทธ์: พลังคลื่นถาโถม,th-TH
Boisson tactique : Félicitâme énergie,เครื่องดื่มกลยุทธ์: SoulGlad ทรงพลัง,th-TH
Boisson tactique : Main du diable,เครื่องดื่มกลยุทธ์: มือปีศาจ,th-TH
Boisson tactique : Puissance Max,เครื่องดื่มกลยุทธ์: ขุมพลัง,th-TH
Boleto de entrada dorado,บัตรเข้างานทองคำ,th-TH
Boleto de entrada estándar,บัตรเข้างานมาตรฐาน,th-TH
Boleto de entrada resplandeciente,บัตรเข้างานสุดเฉิดฉาย,th-TH
Bolo de Gatinho,เค้กแมวเหมียว,th-TH
Bono de Herta,Herta Bond,th-TH
Borisin-Zähne,Borisin Teeth,th-TH
Borrador con colores bellos,Exquisite Colored Draft,th-TH
Bosquejo,Rough Sketch,th-TH
Botón rojo grande,"""ปุ่มแดงใหญ่""",th-TH
Bouclier astral suprême,"""โล่ดวงดาว: แท้""",th-TH
Bourgeon du crépuscule,Charred Bud of Twilight,th-TH
Boîte à outils Cui-cui,กล่องเครื่องมือจิ๊บจิ๊บตุ๊บตั๊บ,th-TH
Braises immortelles,Undying Ember,th-TH
Branche de la pensée,Bough of Thought,th-TH
Branche-lumière immortelle,Immortal Lumintwig,th-TH
Brasas Inextinguíveis,Undying Ember,th-TH
Brasier tombé du ciel,Blaze Out of Space,th-TH
Brasão,Shield,th-TH
Bravura do Conflito,Grit of Strife,th-TH
Brillo del cruce real,"Four Phases, Crossing the River to Check the King",th-TH
Broken Dreams,ความฝันที่แตกสลาย,th-TH
Brote de la vida,Sprout of Life,th-TH
Brote de manas,Seedling of Manas,th-TH
Brote del crepúsculo,Charred Bud of Twilight,th-TH
Brote verde inmortal,Immortal Scionette,th-TH
Broto Queimado do Crepúsculo,Charred Bud of Twilight,th-TH
Broto da Vida,Sprout of Life,th-TH
Brücke der Hauptkontrollzone (I),สะพาน Master Control Zone I,th-TH
Brücke der Hauptkontrollzone (II),สะพาน Master Control Zone II,th-TH
Brücke der Hauptkontrollzone (III),สะพาน Master Control Zone III,th-TH
Buabuabó grande I,Wubbaboo ยักษ์ I,th-TH
Buabuabó grande II,Wubbaboo ยักษ์ II,th-TH
Buabuabó grande III,Wubbaboo ยักษ์ III,th-TH
Buah Asam,ผลเปรี้ยวจี๊ด,th-TH
Buah Berduri,ลูกหนาม,th-TH
Buah Pop,ผลปุ๊ป๊ะ,th-TH
Bufón soberano multicolor,"Omnicolor, Fool's Own",th-TH
Bumban Emas,พวงบุปผาทองคำ,th-TH
Burung Origami I,นกกระดาษ I,th-TH
Burung Origami II,นกกระดาษ II,th-TH
Burung Origami III,นกกระดาษ III,th-TH
Buscacosas,Findie,th-TH
Báculo del Cambiaformas,Shape Shifter's Lightning Staff,th-TH
Bánh Mèo,เค้กแมวเหมียว,th-TH
Bánh Răng Rỉ Sét,Rusty Gear,th-TH
Bánh Xe Nhân Tạo,Artifex's Cogwheel,th-TH
Bâton de foudre du métamorphe,Shape Shifter's Lightning Staff,th-TH
Bé Sparxie,น้อง Sparxie,th-TH
Bénédiction de la musique fantasmagorique,พรแห่งท่วงทำนองมายา,th-TH
Bénédiction de voyage,Wayfare's Blessing,th-TH
Bénédiction dorée,พรแห่งทองคำ,th-TH
Bénédiction du premier voyage,First Voyage's Blessing,th-TH
Bênção Dourada,พรแห่งทองคำ,th-TH
Bênção da Jornada,Wayfare's Blessing,th-TH
Bênção da Música Fantasmagórica,พรแห่งท่วงทำนองมายา,th-TH
Bênção de Primeira Viagem,First Voyage's Blessing,th-TH
Bí Kíp Chiến Thuật - Giương Đông Kích Tây,คัมภีร์กลยุทธ์: สับขาหลอก,th-TH
Bí Kíp Chiến Thuật - Rút Củi Đáy Nồi,คัมภีร์กลยุทธ์: ตัดไฟตั้งแต่ต้นลม,th-TH
Bí Kíp Chiến Thuật - Sức Nhàn Chống Địch Mệt Mỏi,คัมภีร์กลยุทธ์: รอซ้ำยามเพลี่ยงพล้ำ,th-TH
Bí Kíp Chiến Thuật - Ăn Không Nói Có,คัมภีร์กลยุทธ์: ปั้นน้ำให้เป็นตัว,th-TH
Bí Kíp Chiến Thuật - Đánh Rắn Động Cỏ,คัมภีร์กลยุทธ์: แหวกหญ้าให้งูตื่น,th-TH
Bí Kíp Chiến Thuật - Đảo Khách Thành Chủ,คัมภีร์กลยุทธ์: รอจังหวะรุกฆาต,th-TH
Bí Đỏ,ฟักทอง,th-TH
Bông Lúa Cao Bằng Người,Human-Height Auspicious Crops,th-TH
Bùa Hàng Yêu,Exorcismal Fulu,th-TH
Bút Sáp Chất Phác,Whimsy Wax,th-TH
Bündelungsgerät (maßgefertigt),Superimposer (Custom-made),th-TH
Băng Game Vật Lý,ตลับเกม,th-TH
Băng Kỷ Niệm,Commemorative Cartridge,th-TH
Bīja de la conscience,Bīja of Consciousness,th-TH
Bản Năng Tranh Đoạt,Thief's Instinct,th-TH
Bản Phác Thảo Lộn Xộn,Rough Sketch,th-TH
Bản Phác Thảo Màu Tinh Tế,Exquisite Colored Draft,th-TH
Bản Phác Thảo Nét Động,Dynamic Outlining,th-TH
"Bảng Phân Cảnh Vẽ Tay ""Tàu Bông""","""The Fluffy"" Hand-drawn Storyboards",th-TH
Bảo Vật Dò Tìm,Findie,th-TH
Bắp Cải Xanh,กะหล่ำกลมเขียว,th-TH
Bệ Pháo Tàu Phá Thiên-I,ป้อมปืนเรือประชันคมดาบ I,th-TH
Bệ Pháo Tàu Phá Thiên-II,ป้อมปืนเรือประชันคมดาบ II,th-TH
Bệ Pháo Tàu Phá Thiên-III,ป้อมปืนเรือประชันคมดาบ III,th-TH
Bộ Năng Lượng,ศูนย์พลังงานจักรกล,th-TH
Bộ Thiết Bị Và Màn Hình,ชุดเทอร์มินัลข้อมูล และหน้าจอมอนิเตอร์,th-TH
Bộ Điều Khiển Cỗ Máy Tự Động,เทอร์มินัลควบคุม Automaton,th-TH
Bụi Lực Chiến,ผงพลัง,th-TH
Bụi Nhựa Tự Tạo,Self-Modeling Resin,th-TH
Bụi Nhựa Ước Nguyện,Wishful Resin,th-TH
Bụi Sao Cô Đơn,ธุลีดาวเดียวดาย,th-TH
Bụi Sao Phân Tán,Scattered Stardust,th-TH
Bụi Sáng Đánh Mất,Lost Lightdust,th-TH
Bức Chân Dung Đấng Bảo Vệ Tối Cao Cocolia Và Con Gái,"ภาพเหมือนของ ""ผู้พิทักษ์สูงสุด Cocolia และลูกสาว""",th-TH
"Bức Tượng Nghệ Thuật ""Bánh Răng Và Trí Tuệ""","ประติมากรรม ""ฟันเฟืองกับปัญญา""",th-TH
Ca Tụng Gia Tộc,Ancestral Hymn,th-TH
Cabai Huha,พริกซี้ดซ้าด,th-TH
Cactus esférico supremo,"""กระบองเพชร: แท้""",th-TH
Cactus suprême,"""กระบองเพชร: แท้""",th-TH
Caderno de Inspiração Truquelógio,Clockwork Inspiration Notebook,th-TH
Cadre galactique,Galaxy Framework,th-TH
Caillot invasif,Invasive Clot,th-TH
Caixa de Ferramentas Piu-piu,กล่องเครื่องมือจิ๊บจิ๊บตุ๊บตั๊บ,th-TH
Caja de herramientas pío pío,กล่องเครื่องมือจิ๊บจิ๊บตุ๊บตั๊บ,th-TH
Cake Cat,เค้กแมวเหมียว,th-TH
Calabaza,ฟักทอง,th-TH
Camilan Kucing,เค้กแมวเหมียว,th-TH
Canhoneiro Crinalva,Silvermane Cannoneer,th-TH
Canhão,ปืนใหญ่,th-TH
Canhão do Cruzador Celeste (I),ป้อมปืนเรือประชันคมดาบ I,th-TH
Canhão do Cruzador Celeste (II),ป้อมปืนเรือประชันคมดาบ II,th-TH
Canhão do Cruzador Celeste (III),ป้อมปืนเรือประชันคมดาบ III,th-TH
Canino de Loucura da Lua,Moon Rage Fang,th-TH
Canino de borisin,Borisin Teeth,th-TH
Cannon,ปืนใหญ่,th-TH
Canon,ปืนใหญ่,th-TH
Canonnier de la crinière d'argent,Silvermane Cannoneer,th-TH
Cansado,Weary,th-TH
Capacete de Segurança,หมวกนิรภัย,th-TH
Capsule bioexpérimentale (I),ห้องทดลองชีวภาพ I,th-TH
Capsule bioexpérimentale (II),ห้องทดลองชีวภาพ II,th-TH
Capsule bioexpérimentale (III),ห้องทดลองชีวภาพ III,th-TH
Capsule surprise,สมบัติเซอร์ไพรส์,th-TH
Carburant,Fuel,th-TH
Carne,เนื้อสัตว์,th-TH
Carne Pisoteada de Medo,Fear-Stomped Flesh,th-TH
Carne pisoteada del miedo,Fear-Stomped Flesh,th-TH
Carnet d'inspiration de l'Horloger,Clockwork Inspiration Notebook,th-TH
Carotte,แคร์รอต,th-TH
Carrot,แคร์รอต,th-TH
Carte d'accès,บัตรผ่าน,th-TH
Cartouche commémorative,Commemorative Cartridge,th-TH
Cartouche de jeu,ตลับเกม,th-TH
Cartouche de nucléus de pixels,ตลับแกนกลางพิกเซล,th-TH
Cartucho Comemorativo,Commemorative Cartridge,th-TH
Cartucho conmemorativo,Commemorative Cartridge,th-TH
Cartucho de Jogo Físico,ตลับเกม,th-TH
Cartucho de Núcleo de Pixel,ตลับแกนกลางพิกเซล,th-TH
Cartucho de núcleo de píxeles,ตลับแกนกลางพิกเซล,th-TH
Cartucho de videojuego,ตลับเกม,th-TH
Cartão de Acesso,บัตรผ่าน,th-TH
Casa de cotejos I,เขตจัดเรียง I,th-TH
Casa de cotejos II,เขตจัดเรียง II,th-TH
Casa de cotejos III,เขตจัดเรียง III,th-TH
Casca de Árvore da Erudição,Tree Bark of Erudition,th-TH
Casco de seguridad,หมวกนิรภัย,th-TH
Casque de sécurité,หมวกนิรภัย,th-TH
Cañón,ปืนใหญ่,th-TH
Cebola Lacrimejante,หัวหอมหยดน้ำตา,th-TH
Cebolla lagrimeante,หัวหอมหยดน้ำตา,th-TH
Celebration Champagne,แชมเปญพลุฉลอง,th-TH
Celestial Ambrosia,น้ำอมฤต,th-TH
Celestial Jade (I),หมากหยกแห่งดวงดาว I,th-TH
Celestial Jade (II),หมากหยกแห่งดวงดาว II,th-TH
Celestial Jade (III),หมากหยกแห่งดวงดาว III,th-TH
Celestial Jade I,หมากหยกแห่งดวงดาว I,th-TH
Celestial Jade II,หมากหยกแห่งดวงดาว II,th-TH
Celestial Jade III,หมากหยกแห่งดวงดาว III,th-TH
Cenoura,แคร์รอต,th-TH
Centrale énergétique,ศูนย์พลังงานจักรกล,th-TH
Centro de Energia do Mecanismo,ศูนย์พลังงานจักรกล,th-TH
Centro de energía del mecanismo,ศูนย์พลังงานจักรกล,th-TH
Cera Caprichosa,Whimsy Wax,th-TH
Certificado de Prosperidade,ตราพลังการค้า,th-TH
Certificado de prosperidad,ตราพลังการค้า,th-TH
Certificat de prospérité,ตราพลังการค้า,th-TH
Chair pétrie de peur,Fear-Stomped Flesh,th-TH
Chama de Fases,มิติเปลวเพลิง,th-TH
Chama do Espaço Sideral,Blaze Out of Space,th-TH
Champagne Pháo Lễ Hội,แชมเปญพลุฉลอง,th-TH
Champagne de fête,แชมเปญพลุฉลอง,th-TH
Champanhe de Celebração,แชมเปญพลุฉลอง,th-TH
Champán de celebración,แชมเปญพลุฉลอง,th-TH
Chance suprême,"""โชคดี: แท้""",th-TH
Chanchito Secuencial,Sequence Trotter,th-TH
Chave da Inspiração,Key of Inspiration,th-TH
Chave da Sabedoria,Key of Wisdom,th-TH
Chave de Interferência,คีย์เข้ารหัสแทรกแซง,th-TH
Chave do Conhecimento,Key of Knowledge,th-TH
Chef d'équipe,เจ้าหน้าที่อาวุโส - หัวหน้าทีม,th-TH
Chicle Globitos,Lil' Twisty Bubble Gum,th-TH
Chicletinho de Rolo,Lil' Twisty Bubble Gum,th-TH
Chifre de Neve,Horn of Snow,th-TH
Chile pica-pica,พริกซี้ดซ้าด,th-TH
Chim Giấy-II,นกกระดาษ II,th-TH
Chim Giấy-III,นกกระดาษ III,th-TH
Chim Giấy-Ⅰ,นกกระดาษ I,th-TH
Chimera,ไคเมร่า,th-TH
Chimäre,ไคเมร่า,th-TH
Chimère,ไคเมร่า,th-TH
Chip Bản Vá Heo Đất,ชิปแพตช์ Trotter,th-TH
Chip Bội Chi Tính Năng,ชิปเบิกสมรรถนะ,th-TH
Chip Chèn Vào Tạm Thời,ชิปแทรกแซงชั่วคราว,th-TH
Chip Chế Độ An Toàn,ชิปโหมดปลอดภัย,th-TH
Chip Cách Tính Phụ Tải,ชิปอัลกอริทึมเชิงลบ,th-TH
Chip Cường Hóa Nền Tảng,ชิปเสริมพลังเบื้องหลัง,th-TH
Chip Cường Hóa Song Song,ชิปเสริมพลังแนวขนาน,th-TH
Chip Defeituoso,ชิปขัดข้อง,th-TH
Chip Dọn Dẹp,ชิปเคลียร์ข้อมูล,th-TH
Chip Giải Quyết Sự Cố,ชิปขัดข้อง,th-TH
Chip Hệ Thống Khiên,ชิประบบโล่,th-TH
Chip Khóa Tính Toán,ชิปล็อกการคำนวณ,th-TH
Chip Khởi Động Lại Khẩn Cấp,ชิปรีสตาร์ตฉุกเฉิน,th-TH
Chip Khởi Động Đầy Mức,ชิปเปิดใช้งานเต็มตัว,th-TH
Chip Kích Hoạt Sĩ Khí,ชิปเรียกขวัญกำลังใจ,th-TH
Chip Kẻ Phá Khiên,ชิปทลายโล่,th-TH
Chip Lệnh Nhanh,ชิปคำสั่งด่วน,th-TH
Chip Lỗ Hổng Bào Mòn,ชิปช่องโหว่ลมเฉือน,th-TH
Chip Lỗ Hổng Đóng Băng,ชิปช่องโหว่แช่แข็ง,th-TH
Chip Ngăn Chặn Tấn Công,ชิปสกัดการโจมตี,th-TH
Chip Nâng Cấp Chung,ชิปอัปเกรดทั่วไป,th-TH
Chip Năng Lượng Tuần Hoàn,ชิปพลังงานหมุนเวียน,th-TH
Chip Phá Hoại Ngưỡng,ชิปทะลวงพิสัย,th-TH
Chip Phân Bổ Tính Năng,ชิปจัดสรรสมรรถนะ,th-TH
Chip Quét Sâu Virus,ชิปขจัดราบคาบ,th-TH
Chip Thay Thế Ma Trận,ชิปวนซ้ำเมทริกซ์,th-TH
Chip Thu Hồi Dữ Liệu,ชิปกู้ข้อมูล,th-TH
Chip Tránh Rủi Ro Tạm Thời,ชิปหลบภัยชั่วคราว,th-TH
Chip Tường Lửa,ชิปไฟร์วอลล์,th-TH
Chip Tải Cao-Tốc Độ Thấp,ชิปโหลดความเร็วต่ำ,th-TH
Chip Tối Ưu Hiệu Quả,ชิปเพิ่มประสิทธิภาพ,th-TH
Chip Tự Động Sửa,ชิปซ่อมแซมอัตโนมัติ,th-TH
Chip averiado,ชิปขัดข้อง,th-TH
Chip de Algoritmo de Carga Negativa,ชิปอัลกอริทึมเชิงลบ,th-TH
Chip de Alocação de Desempenho,ชิปจัดสรรสมรรถนะ,th-TH
Chip de Alta Carga e Baixa Velocidade,ชิปโหลดความเร็วต่ำ,th-TH
Chip de Aprimoramento Paralelo,ชิปเสริมพลังแนวขนาน,th-TH
Chip de Aprimoramento de Bastidores,ชิปเสริมพลังเบื้องหลัง,th-TH
Chip de Ativação Saturada,ชิปเปิดใช้งานเต็มตัว,th-TH
Chip de Ativação de Moral,ชิปเรียกขวัญกำลังใจ,th-TH
Chip de Bloqueio de Computação,ชิปล็อกการคำนวณ,th-TH
Chip de Cheque Especial Funcional,ชิปเบิกสมรรถนะ,th-TH
Chip de Cisalhamento de Vento de Abertura,ชิปช่องโหว่ลมเฉือน,th-TH
Chip de Comando Rápido,ชิปคำสั่งด่วน,th-TH
Chip de Congelamento de Abertura,ชิปช่องโหว่แช่แข็ง,th-TH
Chip de Conserto Automático,ชิปซ่อมแซมอัตโนมัติ,th-TH
Chip de Evasão Súbita,ชิปหลบภัยชั่วคราว,th-TH
Chip de Firewall,ชิปไฟร์วอลล์,th-TH
Chip de Interceptação de Ataque,ชิปสกัดการโจมตี,th-TH
Chip de Interjeição Súbita,ชิปแทรกแซงชั่วคราว,th-TH
Chip de Interrupção de Limite,ชิปทะลวงพิสัย,th-TH
Chip de Iteração de Matriz,ชิปวนซ้ำเมทริกซ์,th-TH
Chip de Melhoria Geral,ชิปอัปเกรดทั่วไป,th-TH
Chip de Modo Seguro,ชิปโหมดปลอดภัย,th-TH
Chip de Otimização de Eficiência,ชิปเพิ่มประสิทธิภาพ,th-TH
Chip de Patch de Cofrinho,ชิปแพตช์ Trotter,th-TH
Chip de Quebra-Escudo,ชิปทลายโล่,th-TH
Chip de Reciclagem de Energia,ชิปพลังงานหมุนเวียน,th-TH
Chip de Recuperação de Dados,ชิปกู้ข้อมูล,th-TH
Chip de Reinício de Emergência,ชิปรีสตาร์ตฉุกเฉิน,th-TH
Chip de Sistema de Escudo,ชิประบบโล่,th-TH
Chip de Supressão Defeituoso,ชิประงับการสูญเสีย,th-TH
Chip de Varredura,ชิปเคลียร์ข้อมูล,th-TH
Chip de Varredura Profunda,ชิปขจัดราบคาบ,th-TH
Chip de activación de Moral,ชิปเรียกขวัญกำลังใจ,th-TH
Chip de activación saturada,ชิปเปิดใช้งานเต็มตัว,th-TH
Chip de algoritmo de carga negativa,ชิปอัลกอริทึมเชิงลบ,th-TH
Chip de alta carga y baja velocidad,ชิปโหลดความเร็วต่ำ,th-TH
Chip de asignación por desempeño,ชิปจัดสรรสมรรถนะ,th-TH
Chip de bloqueo informático,ชิปล็อกการคำนวณ,th-TH
Chip de comando rápido,ชิปคำสั่งด่วน,th-TH
Chip de cortafuegos,ชิปไฟร์วอลล์,th-TH
Chip de depuración,ชิปเคลียร์ข้อมูล,th-TH
Chip de evasión repentina,ชิปหลบภัยชั่วคราว,th-TH
Chip de interceptación de ataques,ชิปสกัดการโจมตี,th-TH
Chip de interjección súbita,ชิปแทรกแซงชั่วคราว,th-TH
Chip de interrupción de umbral,ชิปทะลวงพิสัย,th-TH
Chip de iteración de matriz,ชิปวนซ้ำเมทริกซ์,th-TH
Chip de laguna de Congelación,ชิปช่องโหว่แช่แข็ง,th-TH
Chip de laguna de Intemperie,ชิปช่องโหว่ลมเฉือน,th-TH
Chip de limpieza a fondo,ชิปขจัดราบคาบ,th-TH
Chip de mejora general,ชิปอัปเกรดทั่วไป,th-TH
Chip de modo seguro,ชิปโหมดปลอดภัย,th-TH
Chip de optimización de eficiencia,ชิปเพิ่มประสิทธิภาพ,th-TH
Chip de parche de Chanchito,ชิปแพตช์ Trotter,th-TH
Chip de potenciación paralela,ชิปเสริมพลังแนวขนาน,th-TH
Chip de potenciación trasera,ชิปเสริมพลังเบื้องหลัง,th-TH
Chip de reciclaje de energía,ชิปพลังงานหมุนเวียน,th-TH
Chip de recuperación de datos,ชิปกู้ข้อมูล,th-TH
Chip de reinicio de emergencia,ชิปรีสตาร์ตฉุกเฉิน,th-TH
Chip de reparación automática,ชิปซ่อมแซมอัตโนมัติ,th-TH
Chip de sistema de escudo,ชิประบบโล่,th-TH
Chip de sobregiro funcional,ชิปเบิกสมรรถนะ,th-TH
Chip de supresión defectuoso,ชิประงับการสูญเสีย,th-TH
Chip rompeescudo,ชิปทลายโล่,th-TH
Chip Áp Chế Tổn Thất,ชิประงับการสูญเสีย,th-TH
Chip: Allgemeines Upgrade,ชิปอัปเกรดทั่วไป,th-TH
Chip: Angriffsabwehr,ชิปสกัดการโจมตี,th-TH
Chip: Auto-Reparatur,ชิปซ่อมแซมอัตโนมัติ,th-TH
Chip: Backend-Optimierung,ชิปเสริมพลังเบื้องหลัง,th-TH
Chip: Berechnungssperre,ชิปล็อกการคำนวณ,th-TH
Chip: Datenabfrage,ชิปกู้ข้อมูล,th-TH
Chip: Defektunterdrückung,ชิประงับการสูญเสีย,th-TH
Chip: Effizienzoptimierung,ชิปเพิ่มประสิทธิภาพ,th-TH
Chip: Eis-Schlupfloch,ชิปช่องโหว่แช่แข็ง,th-TH
Chip: Energie-Recycling,ชิปพลังงานหมุนเวียน,th-TH
Chip: Firewall,ชิปไฟร์วอลล์,th-TH
Chip: Funktionale Überziehung,ชิปเบิกสมรรถนะ,th-TH
Chip: Gesättigte Aktivierung,ชิปเปิดใช้งานเต็มตัว,th-TH
Chip: Grenzwertstörung,ชิปทะลวงพิสัย,th-TH
Chip: Hohe Last – niedrige Geschwindigkeit,ชิปโหลดความเร็วต่ำ,th-TH
Chip: Leistungszuweisung,ชิปจัดสรรสมรรถนะ,th-TH
Chip: Matrixiteration,ชิปวนซ้ำเมทริกซ์,th-TH
Chip: Moralaktivierung,ชิปเรียกขวัญกำลังใจ,th-TH
Chip: Negativladungs-Algorithmus,ชิปอัลกอริทึมเชิงลบ,th-TH
Chip: Notfallneustart,ชิปรีสตาร์ตฉุกเฉิน,th-TH
Chip: Paralleloptimierung,ชิปเสริมพลังแนวขนาน,th-TH
Chip: Plötzliche Flucht,ชิปหลบภัยชั่วคราว,th-TH
Chip: Reinigender Neustart,ชิปเคลียร์ข้อมูล,th-TH
Chip: Schildbrecher,ชิปทลายโล่,th-TH
Chip: Schildsystem,ชิประบบโล่,th-TH
Chip: Schnellbefehl,ชิปคำสั่งด่วน,th-TH
Chip: Sicherheitsmodus,ชิปโหมดปลอดภัย,th-TH
Chip: Sparschwein-Patch,ชิปแพตช์ Trotter,th-TH
Chip: Temporäre Interpolation,ชิปแทรกแซงชั่วคราว,th-TH
Chip: Tiefenreinigung,ชิปขจัดราบคาบ,th-TH
Chip: Windscherungs-Schlupfloch,ชิปช่องโหว่ลมเฉือน,th-TH
Chismepachi,โบ้กอสซิป,th-TH
Chispa,Sparxie,th-TH
Chispita,น้อง Sparxie,th-TH
Chitine endothermique,Endotherm Chitin,th-TH
Chitine gelée,Gelid Chitin,th-TH
Chiếc Đinh Của Linh Trưởng,Nail of the Ape,th-TH
Chiếc Đinh Quan Tài Thú,Nail of the Beast Coffin,th-TH
Chiến Binh Hư Không - Kẻ Chà Đạp,Voidranger: Trampler,th-TH
Chiến Binh Hư Không - Kẻ Cướp Đoạt,Voidranger: Reaver,th-TH
Chiến Binh Hư Không - Kẻ Loại Bỏ,Voidranger: Eliminator,th-TH
Chou vert,กะหล่ำกลมเขียว,th-TH
Chrysos Spoon,ช้อนทองคำ,th-TH
Chrysos Wreath,พวงบุปผาทองคำ,th-TH
Chrysos-Löffel,ช้อนทองคำ,th-TH
Chán Ngán,Weary,th-TH
Chân Dung Herta-I,ภาพเหมือนของ Herta I,th-TH
Chân Dung Herta-II,ภาพเหมือนของ Herta II,th-TH
Chân Dung Herta-III,ภาพเหมือนของ Herta III,th-TH
Chìa Khóa Linh Cảm,Key of Inspiration,th-TH
Chìa Khóa Tri Thức,Key of Knowledge,th-TH
Chìa Khóa Trí Tuệ,Key of Wisdom,th-TH
Chúc Phúc Hoàng Kim,พรแห่งทองคำ,th-TH
Chúc Phúc Khởi Hành,First Voyage's Blessing,th-TH
Chúc Phúc Tuần Du,Wayfare's Blessing,th-TH
Chúc Phúc Ảo Nhạc,พรแห่งท่วงทำนองมายา,th-TH
Chương Nhạc Chòm Sao,Stellaris Symphony,th-TH
Chương Nhạc Ngoài Bầu Trời,Heavenly Melody,th-TH
Chất Chiết Xuất Thảo Dược,Extract of Medicinal Herbs,th-TH
Chất Dính Hòa Hợp,Slime of Harmony,th-TH
Chất Đốt,โฟลจิสตัน,th-TH
Chết Do Số Trời,Destined Expiration,th-TH
Chồn Săn Tin,โบ้กอสซิป,th-TH
Chứng Nhận Náo Nhiệt,ตราพลังการค้า,th-TH
Cire fantaisiste,Whimsy Wax,th-TH
Cirene,Cyrene,th-TH
Citrouille,ฟักทอง,th-TH
Claro de luna velado,Darkveil Moonlight,th-TH
Clavo del ataúd bestial,Nail of the Beast Coffin,th-TH
Clavo del simio,Nail of the Ape,th-TH
Cleansing Chip,ชิปเคลียร์ข้อมูล,th-TH
Clock Credit,เครดิตนาฬิกาทอง,th-TH
Clock Credits,เครดิตนาฬิกาทอง,th-TH
Clock-Credits,เครดิตนาฬิกาทอง,th-TH
Clockie Statue (I),รูปปั้นเจ้าหนูนาฬิกา I,th-TH
Clockie Statue (II),รูปปั้นเจ้าหนูนาฬิกา II,th-TH
Clockie Statue (III),รูปปั้นเจ้าหนูนาฬิกา III,th-TH
Clockies Statue (I),รูปปั้นเจ้าหนูนาฬิกา I,th-TH
Clockies Statue (II),รูปปั้นเจ้าหนูนาฬิกา II,th-TH
Clockies Statue (III),รูปปั้นเจ้าหนูนาฬิกา III,th-TH
Clou du cercueil de la bête,Nail of the Beast Coffin,th-TH
Clou du singe,Nail of the Ape,th-TH
Clé d'interférence,คีย์เข้ารหัสแทรกแซง,th-TH
Clé de l'inspiration,Key of Inspiration,th-TH
Clé de la connaissance,Key of Knowledge,th-TH
Clé de la sagesse,Key of Wisdom,th-TH
Cofre sorpresa,สมบัติเซอร์ไพรส์,th-TH
Cofrinho de Sequência,Sequence Trotter,th-TH
Coles verdes,กะหล่ำกลมเขียว,th-TH
Colgante de concha,จี้เปลือกหอย,th-TH
Colgante de cristal,จี้ผลึกหิน,th-TH
Colgante de pluma,จี้ขนนก,th-TH
Collective Experience,EXP ศึกดวลพลัง,th-TH
Colmillo de la locura lunar,Moon Rage Fang,th-TH
Combustible,Fuel,th-TH
Combustível,Fuel,th-TH
Commemorative Badge,ตราที่ระลึก,th-TH
Complainte d'une gardienne,Guardian's Lament,th-TH
Componente,Mechanical Part,th-TH
Componente antiguo,Ancient Part,th-TH
Componente artificial mecánico,Artifex's Module,th-TH
Componente da Coleção de Sonhos,Dream Collection Component,th-TH
Componente del acumulador de sueños,Dream Collection Component,th-TH
Componentes mecánicos abandonados,Discarded Ingenium Parts,th-TH
Composant de boulier de jade,Jade Abacus Unit,th-TH
Composant de stockage des rêves,Dream Collection Component,th-TH
Computation Lock Chip,ชิปล็อกการคำนวณ,th-TH
Compás celestial,Celestial Section,th-TH
Con Thoi Tơ,Silk Spindle,th-TH
Concha de Chrysos,ช้อนทองคำ,th-TH
Confusion,Confounding,th-TH
Confusión,Confounding,th-TH
Confusão,Confounding,th-TH
Conjunto de terminal de información y pantalla de visualización,ชุดเทอร์มินัลข้อมูล และหน้าจอมอนิเตอร์,th-TH
Contorno Dinâmico,Dynamic Outlining,th-TH
Copa de la era embriagada,A Glass of the Besotted Era,th-TH
Corail d'écailles draconiques,Dragon Scale Coral,th-TH
Coral de Escama de Dragão,Dragon Scale Coral,th-TH
Coral escama de dragón,Dragon Scale Coral,th-TH
Corazón ardiente,Raging Heart,th-TH
Corazón armonioso mecánico,Artifex's Gyreheart,th-TH
Corazón de Fagusa,Heart of Phagousa,th-TH
Coração Violento,Raging Heart,th-TH
Coração de Giro de Artífices,Artifex's Gyreheart,th-TH
Coração de Phagousa,Heart of Phagousa,th-TH
Corne des neiges,Horn of Snow,th-TH
Coroa de Flores,มงกุฎดอกไม้,th-TH
Coroa de Ouro de uma Sombra do Passado,Golden Crown of the Past Shadow,th-TH
Coroa de Raios de uma Sombra do Passado,Lightning Crown of the Past Shadow,th-TH
Corona de flores,มงกุฎดอกไม้,th-TH
Corona de rayos de la sombra del pasado,Lightning Crown of the Past Shadow,th-TH
Corona dorada de la sombra del pasado,Golden Crown of the Past Shadow,th-TH
Corps éclaboussé d'honneur,Glory-Aspersed Torso,th-TH
Correntes Oníricas (I),กระแสคลื่นความฝัน I,th-TH
Correntes Oníricas (II),กระแสคลื่นความฝัน II,th-TH
Correntes Oníricas (III),กระแสคลื่นความฝัน III,th-TH
Corriente onírica I,กระแสคลื่นความฝัน I,th-TH
Corriente onírica II,กระแสคลื่นความฝัน II,th-TH
Corriente onírica III,กระแสคลื่นความฝัน III,th-TH
Corteza de árbol de la Erudición,Tree Bark of Erudition,th-TH
Cosecha tan alta como una persona,Human-Height Auspicious Crops,th-TH
Cosmiluz inextinguible,Undying Starlight,th-TH
Coupon de carburant,ตั๋วเชื้อเพลิง,th-TH
Coupon de carte souvenir,บัตรสุ่มการ์ดความทรงจำ,th-TH
Courants oniriques (I),กระแสคลื่นความฝัน I,th-TH
Courants oniriques (II),กระแสคลื่นความฝัน II,th-TH
Courants oniriques (III),กระแสคลื่นความฝัน III,th-TH
Couronne chryséenne,พวงบุปผาทองคำ,th-TH
Couronne d'or de l'ombre révolue,Golden Crown of the Past Shadow,th-TH
Couronne d'éclair de l'ombre révolue,Lightning Crown of the Past Shadow,th-TH
Couronne de fleurs,มงกุฎดอกไม้,th-TH
Coágulo Invasivo,Invasive Clot,th-TH
Coágulo invasivo,Invasive Clot,th-TH
Crayón de la inocencia,Whimsy Wax,th-TH
Cream,ครีม,th-TH
Crema,ครีม,th-TH
Creme,ครีม,th-TH
Criança Esperta,เด็กจอมเจ้าเล่ห์,th-TH
Cristal Partido da Morte Gloriosa,Tear Crystal of Glorious Death,th-TH
Cristal Perdido,Lost Crystal,th-TH
Cristal da Colheita,ผลึกเก็บเกี่ยว,th-TH
Cristal de Imagiesencia,ผลึกพลังปรารถนา,th-TH
Cristal de Imaginouro,ผลึกพลังปรารถนา,th-TH
Cristal de Souhaissence,ผลึกพลังปรารถนา,th-TH
Cristal de la cosecha,ผลึกเก็บเกี่ยว,th-TH
Cristal de larme du glorieux trépas,Tear Crystal of Glorious Death,th-TH
Cristal de récolte,ผลึกเก็บเกี่ยว,th-TH
Cristal perdido,Lost Crystal,th-TH
Cristal perdu,Lost Crystal,th-TH
Crocs de la Folie lunaire,Moon Rage Fang,th-TH
Croquis dynamique,Dynamic Outlining,th-TH
Crystal Pendant,จี้ผลึกหิน,th-TH
Crème,ครีม,th-TH
Créditos de Relógio,เครดิตนาฬิกาทอง,th-TH
Crédits Chronou,เครดิตนาฬิกาทอง,th-TH
Cuaderno de inspiración relojera,Clockwork Inspiration Notebook,th-TH
Cube mécanique,Mechanical Cube,th-TH
Cubo Mecânico,Mechanical Cube,th-TH
Cubo de basura,ถังขยะ,th-TH
Cubo mecánico,Mechanical Cube,th-TH
Cuchara de oro,ช้อนทองคำ,th-TH
Cuerno de nieve,Horn of Snow,th-TH
Cunning Child,เด็กจอมเจ้าเล่ห์,th-TH
Cupom de Cartão de Memória,บัตรสุ่มการ์ดความทรงจำ,th-TH
Cupom de Combustível,ตั๋วเชื้อเพลิง,th-TH
Cupón de combustible,ตั๋วเชื้อเพลิง,th-TH
Cupón para sacar carta de recuerdo,บัตรสุ่มการ์ดความทรงจำ,th-TH
Custodia de ámbar,Safeguard of Amber,th-TH
Cuộn Băng Lõi Pixel,ตลับแกนกลางพิกเซล,th-TH
Cyrène,Cyrene,th-TH
Cà Chua Đỏ,มะเขือแดง,th-TH
Cà Rốt,แคร์รอต,th-TH
Cành Cây Trường Thọ,Immortal Lumintwig,th-TH
Cành Tư Duy,Bough of Thought,th-TH
Cánh Cổng Thế Giới Mới-I,ประตูสู่โลกใหม่ I,th-TH
Cánh Cổng Thế Giới Mới-II,ประตูสู่โลกใหม่ II,th-TH
Cánh Cổng Thế Giới Mới-III,ประตูสู่โลกใหม่ III,th-TH
Cápsula Bio-Experimental (I),ห้องทดลองชีวภาพ I,th-TH
Cápsula Bio-Experimental (II),ห้องทดลองชีวภาพ II,th-TH
Cápsula Bio-Experimental (III),ห้องทดลองชีวภาพ III,th-TH
Cápsula bioexperimental I,ห้องทดลองชีวภาพ I,th-TH
Cápsula bioexperimental II,ห้องทดลองชีวภาพ II,th-TH
Cápsula bioexperimental III,ห้องทดลองชีวภาพ III,th-TH
Códice Tático: Ataque Simulado,คัมภีร์กลยุทธ์: สับขาหลอก,th-TH
Códice Tático: Extirpar a Causa,คัมภีร์กลยุทธ์: ตัดไฟตั้งแต่ต้นลม,th-TH
Códice Tático: Revelação Antecipada,คัมภีร์กลยุทธ์: แหวกหญ้าให้งูตื่น,th-TH
Códice Tático: Roubando o Show,คัมภีร์กลยุทธ์: รอจังหวะรุกฆาต,th-TH
Códice Tático: Saído do Nada,คัมภีร์กลยุทธ์: ปั้นน้ำให้เป็นตัว,th-TH
Códice Tático: À Espreita,คัมภีร์กลยุทธ์: รอซ้ำยามเพลี่ยงพล้ำ,th-TH
Cú Bắn Nghịch Thời Gian,Countertemporal Shot,th-TH
Cœur de Phagousa,Heart of Phagousa,th-TH
Cœur enragé,Raging Heart,th-TH
Cơ Giáp Nhập Ma - Cá Rồng Đèn,Entranced Ingenium: Illumination Dragonfish,th-TH
Cơ Giáp Nhập Ma - Nghê Tùy Tùng,Entranced Ingenium: Obedient Dracolion,th-TH
Cầu Tàu Điều Khiển Chính-I,สะพาน Master Control Zone I,th-TH
Cầu Tàu Điều Khiển Chính-II,สะพาน Master Control Zone II,th-TH
Cầu Tàu Điều Khiển Chính-III,สะพาน Master Control Zone III,th-TH
Cận Vệ Bờm Bạc,Silvermane Soldier,th-TH
Cố Chấp Của Đồng,Endurance of Bronze,th-TH
Cỗ Máy Tự Động - Bọ Cánh Cứng,Automaton Beetle,th-TH
Cỗ Máy Tự Động - Nhền Nhện,Automaton Spider,th-TH
Dado Variável,Variable Dice,th-TH
Dado variable,Variable Dice,th-TH
Dados de Melhoria do Espírito Etéreo,ชิปอัปเลเวล Aether Spirit,th-TH
Daging,เนื้อสัตว์,th-TH
Dan Heng - Permansor Terrae,Dan Heng - จ้าวทระนงคงปฐพี,th-TH
Dan Heng – Permansor Terrae,Dan Heng - จ้าวทระนงคงปฐพี,th-TH
Dan Heng • Permansor Terrae,Dan Heng - จ้าวทระนงคงปฐพี,th-TH
Dard sectionné de sirène,Sea Siren's Torn Fin,th-TH
Das Morgen wird zum Gestern,พรุ่งนี้ที่หวนสู่วันวาน,th-TH
Data Retrieval Chip,ชิปกู้ข้อมูล,th-TH
Datos de mejora de espíritus etéreos,ชิปอัปเลเวล Aether Spirit,th-TH
Debu Kekuatan,ผงพลัง,th-TH
Deceso predestinado,Destined Expiration,th-TH
Decreto de Supressão,Suppressing Edict,th-TH
Deep Clean Chip,ชิปขจัดราบคาบ,th-TH
Default Outfit,ชุดเริ่มต้น,th-TH
Defective Suppression Chip,ชิประงับการสูญเสีย,th-TH
Dekorasi Default,ชุดเริ่มต้น,th-TH
Denkender Zweig,Bough of Thought,th-TH
Dent borissienne,Borisin Teeth,th-TH
Dent pointue riche en lupitoxine,Lupitoxin Sawteeth,th-TH
Dente de Serra com Lupitoxina,Lupitoxin Sawteeth,th-TH
Dentes Quebrados do Lobo de Ferro,Broken Teeth of Iron Wolf,th-TH
Dentes de Borisin,Borisin Teeth,th-TH
Dents brisées du loup de fer,Broken Teeth of Iron Wolf,th-TH
Depósito de Geoessência (I),สายแร่ Geomarrow I,th-TH
Depósito de Geoessência (II),สายแร่ Geomarrow II,th-TH
Depósito de Geoessência (III),สายแร่ Geomarrow III,th-TH
Derniers mots suprêmes,"""คำสั่งเสีย: แท้""",th-TH
Desbravamentomon,ภูตบุกเบิก,th-TH
Desejo do Heromorfista,ความปรารถนาจะเป็นฮีโร่,th-TH
Deseo de transformarse en héroe,ความปรารถนาจะเป็นฮีโร่,th-TH
Dessin coloré exquis,Exquisite Colored Draft,th-TH
Destino supremo,"""โชคชะตา: แท้""",th-TH
Destinée suprême,"""โชคชะตา: แท้""",th-TH
Detritos Ascendentes,Ascendant Debris,th-TH
Di,Strale,th-TH
Di Sản Quý Giá,Auspice Sliver,th-TH
Diamant,เพชร,th-TH
Diamante,เพชร,th-TH
Diamantes,เพชร,th-TH
Diamond,เพชร,th-TH
Die Essenz der Träume (I),แก่นของความฝัน I,th-TH
Die Essenz der Träume (II),แก่นของความฝัน II,th-TH
Die Essenz der Träume (III),แก่นของความฝัน III,th-TH
Diente serrado con lupitoxina,Lupitoxin Sawteeth,th-TH
Dientes rotos del huargo férreo,Broken Teeth of Iron Wolf,th-TH
Disco de Música,แผ่นเสียง,th-TH
Disco de música,แผ่นเสียง,th-TH
Disorder Ambrosia,น้ำอมฤตอลหม่าน,th-TH
Disparo antitemporal,Countertemporal Shot,th-TH
Disque de musique,แผ่นเสียง,th-TH
Distintivo Crinalva,Silvermane Badge,th-TH
Diting (I),Diting I,th-TH
Diting (II),Diting II,th-TH
Diting (III),Diting III,th-TH
Diting-I,Diting I,th-TH
Diting-II,Diting II,th-TH
Diting-III,Diting III,th-TH
Donnerschlag,Thunder Strum,th-TH
Données d'amélioration d'esprit d'éther,ชิปอัปเลเวล Aether Spirit,th-TH
Door to A New World (I),ประตูสู่โลกใหม่ I,th-TH
Door to A New World (II),ประตูสู่โลกใหม่ II,th-TH
Door to A New World (III),ประตูสู่โลกใหม่ III,th-TH
Drachenbaum der Alchemiekommission (I),ต้นมังกรแห่ง Alchemy Commission I,th-TH
Drachenbaum der Alchemiekommission (II),ต้นมังกรแห่ง Alchemy Commission II,th-TH
Drachenbaum der Alchemiekommission (III),ต้นมังกรแห่ง Alchemy Commission III,th-TH
Drachenschuppenkoralle,Dragon Scale Coral,th-TH
Dracolion obéissant,Entranced Ingenium: Obedient Dracolion,th-TH
Dragon Tree di Alchemy Commission I,ต้นมังกรแห่ง Alchemy Commission I,th-TH
Dragon Tree di Alchemy Commission II,ต้นมังกรแห่ง Alchemy Commission II,th-TH
Dragon Tree di Alchemy Commission III,ต้นมังกรแห่ง Alchemy Commission III,th-TH
Dragonnier de la Commission d'alchimie (I),ต้นมังกรแห่ง Alchemy Commission I,th-TH
Dragonnier de la Commission d'alchimie (II),ต้นมังกรแห่ง Alchemy Commission II,th-TH
Dragonnier de la Commission d'alchimie (III),ต้นมังกรแห่ง Alchemy Commission III,th-TH
Draka,อสูรธรณี,th-TH
Dream Currents (I),กระแสคลื่นความฝัน I,th-TH
Dream Currents (II),กระแสคลื่นความฝัน II,th-TH
Dream Currents (III),กระแสคลื่นความฝัน III,th-TH
Dream's Edge (I),พรมแดนสร้างฝัน I,th-TH
Dream's Edge (II),พรมแดนสร้างฝัน II,th-TH
Dream's Edge (III),พรมแดนสร้างฝัน III,th-TH
Dream's Edge I,พรมแดนสร้างฝัน I,th-TH
Dream's Edge II,พรมแดนสร้างฝัน II,th-TH
Dream's Edge III,พรมแดนสร้างฝัน III,th-TH
Dreamjolt Troupe's Mr. Domescreen,Mr. Domescreen แห่งคณะละครฝันผวา,th-TH
Droma,อสูรธรณี,th-TH
Dromas,อสูรธรณี,th-TH
Duende trazacaminos,ภูตบุกเบิก,th-TH
Dynamischer Umriss,Dynamic Outlining,th-TH
Dây Đàn Sấm Cuồng,Thunder Strum,th-TH
Dã Tâm Xuyên Tạc,Usurper's Scheme,th-TH
Dé variable,Variable Dice,th-TH
Décret de censure,Suppressing Edict,th-TH
Dòng Chảy Giấc Mơ-I,กระแสคลื่นความฝัน I,th-TH
Dòng Chảy Giấc Mơ-III,กระแสคลื่นความฝัน III,th-TH
Dòng Chảy Giấc Mơ-Ⅱ,กระแสคลื่นความฝัน II,th-TH
Dũng Khí Xé Toạc Lồng Ngực,Courage-Torn Chest,th-TH
Dư Âm Đồng Nguyện,Lost Echo of the Shared Wish,th-TH
Dấu Chân Vận Mệnh,Tracks of Destiny,th-TH
Dị Chất Hủy Diệt,Strange Matter of Destruction,th-TH
Dịch Hương Màu Mỡ,Ambergris of Abundance,th-TH
Dữ Liệu Tăng Cấp Hồn Aether,ชิปอัปเลเวล Aether Spirit,th-TH
EXP cosmique,EXP ศึกดวลพลัง,th-TH
Earth-Tone Dye,น้ำยาย้อมสีดิน,th-TH
Earthy Soybean,มันเหลืองทอง,th-TH
Eau solide,Solid Water,th-TH
Echt: 6×6,"""6•6: แท้""",th-TH
Echt: Ansturm,"""ตีกระหน่ำ: แท้""",th-TH
Echt: Astralschild,"""โล่ดวงดาว: แท้""",th-TH
Echt: Aufladen,"""ชาร์จ: แท้""",th-TH
Echt: Ausdauer,"""อดทน: แท้""",th-TH
Echt: Evolution,"""วิวัฒนาการ: แท้""",th-TH
Echt: Gelübde,"""คำสัตย์: แท้""",th-TH
Echt: Giftsekret,"""พิษ: แท้""",th-TH
Echt: Glück,"""โชคดี: แท้""",th-TH
Echt: Glücksspieler,"""นักเดิมพัน: แท้""",th-TH
Echt: Herzschlag,"""หัวใจเต้น: แท้""",th-TH
Echt: Kaktus,"""กระบองเพชร: แท้""",th-TH
Echt: Kampfwahn,"""คลั่งรบ: แท้""",th-TH
Echt: Kredit,"""กู้ยืม: แท้""",th-TH
Echt: Letzte Worte,"""คำสั่งเสีย: แท้""",th-TH
Echt: Magiekugel,"""กระสุนเวท: แท้""",th-TH
Echt: Primzahl,"""จำนวนเฉพาะ: แท้""",th-TH
Echt: Rache,"""แก้แค้น: แท้""",th-TH
Echt: Schicksal,"""โชคชะตา: แท้""",th-TH
Echt: Verteidigung,"""ตั้งมั่น: แท้""",th-TH
Echt: Wiederholung,"""ทวนซ้ำ: แท้""",th-TH
Echt: Wunder,"""ปาฏิหาริย์: แท้""",th-TH
Echt: Zaubermeister,"""ผู้ใช้อาคม: แท้""",th-TH
Echt: Ärztlicher Rat,"""ผลการแพทย์: แท้""",th-TH
Eco Perdido do Desejo Partilhado,Lost Echo of the Shared Wish,th-TH
Eco del espejismo vidyadhara I,เงามังกร Vidyadhara I,th-TH
Eco del espejismo vidyadhara II,เงามังกร Vidyadhara II,th-TH
Eco del espejismo vidyadhara III,เงามังกร Vidyadhara III,th-TH
Eco perdido del deseo compartido,Lost Echo of the Shared Wish,th-TH
Ecos Lamuriosos,Echoing Wail,th-TH
Ectoestela profunda,Enigmatic Ectostella,th-TH
Ectostella Enigmática,Enigmatic Ectostella,th-TH
Ectostella énigmatique,Enigmatic Ectostella,th-TH
Edición conmemorativa de la serialización de Pelosete,"""The Fluffy"" Serialization Memorial Issue",th-TH
Edición de coleccionista de Pelosete,"""The Fluffy"" Collector's Edition",th-TH
Edicto de la contención,Suppressing Edict,th-TH
"Edição Comemorativa de Serialização de ""Fofurinha""","""The Fluffy"" Serialization Memorial Issue",th-TH
"Edição de Colecionador de ""Fofurinha""","""The Fluffy"" Collector's Edition",th-TH
Efficiency Optimization Chip,ชิปเพิ่มประสิทธิภาพ,th-TH
Ehrgeiz der Verzerrung,Usurper's Scheme,th-TH
Ein Glas einer berauschten Ära,A Glass of the Besotted Era,th-TH
Einsamer Sternenstaub,ธุลีดาวเดียวดาย,th-TH
Eisiger Streuner,Frigid Prowler,th-TH
Eisiges Chitin,Gelid Chitin,th-TH
Eisskulptur von Leeren-Ranger I,รูปแกะสลักน้ำแข็ง Voidranger 1,th-TH
Eisskulptur von Leeren-Ranger II,รูปแกะสลักน้ำแข็ง Voidranger 2,th-TH
Eixo Antigo,Ancient Spindle,th-TH
Eje antiguo,Ancient Spindle,th-TH
El Frente I,แนวหน้าเขตหวงห้าม I,th-TH
El frente II,แนวหน้าเขตหวงห้าม II,th-TH
El frente III,แนวหน้าเขตหวงห้าม III,th-TH
El ruido y la furia,The Sound and the Fury,th-TH
Eliminador del Vacío,Voidranger: Eliminator,th-TH
Embestida suprema,"""ตีกระหน่ำ: แท้""",th-TH
Emergency Reboot Chip,ชิปรีสตาร์ตฉุกเฉิน,th-TH
Encontros de Viagens,ความรู้จากการเดินทาง,th-TH
Encubadora de Formas de Vida (I),เตาอบสิ่งมีชีวิต I,th-TH
Encubadora de Formas de Vida (II),เตาอบสิ่งมีชีวิต II,th-TH
Encubadora de Formas de Vida (III),เตาอบสิ่งมีชีวิต III,th-TH
Ende des Zerstörers,Destroyer's Final Road,th-TH
Endloser Kummer,Eternal Lament,th-TH
Endoderme de Quitina,Endotherm Chitin,th-TH
Endothermes Chitin,Endotherm Chitin,th-TH
Endurance de bronze,Endurance of Bronze,th-TH
Endurance suprême,"""อดทน: แท้""",th-TH
Energy Recycling Chip,ชิปพลังงานหมุนเวียน,th-TH
Enfant rusée,เด็กจอมเจ้าเล่ห์,th-TH
Engranaje cilíndrico mecánico,Artifex's Cogwheel,th-TH
Engranaje oxidado,Rusty Gear,th-TH
Engrenage rouillé,Rusty Gear,th-TH
Engrenagem de Artífices,Artifex's Cogwheel,th-TH
Enlightened White Robe,ชุดคลุมขาวปราชญา,th-TH
Equipamento Enferrujado,Rusty Gear,th-TH
Erbsenschote,ฝักถั่ว,th-TH
Erdfarbenes Färbemittel,น้ำยาย้อมสีดิน,th-TH
Erfahrungsdaten für Äthergeist,ชิปอัปเลเวล Aether Spirit,th-TH
Erinnerungsabzeichen,ตราที่ระลึก,th-TH
Erkundungspunkte,แต้มการสำรวจ,th-TH
Erleuchtete Robe,ชุดคลุมขาวปราชญา,th-TH
Erloschener Kern,Extinguished Core,th-TH
Erntekristall,ผลึกเก็บเกี่ยว,th-TH
Erschöpfung,Weary,th-TH
Erwachende Feder,Distinctive Tattered Feather,th-TH
Erwartung des falschen Erwachten,High Hopes of the Falsely Enlightened,th-TH
Esbozo dinámico,Dynamic Outlining,th-TH
Esboço,Rough Sketch,th-TH
Esboço Colorido Primoroso,Exquisite Colored Draft,th-TH
Escarabajo Autómata,Automaton Beetle,th-TH
Escenario de Guerras Etéreas I,เวทีฉลองแนวรบ Aetherium I,th-TH
Escenario de Guerras Etéreas II,เวทีฉลองแนวรบ Aetherium II,th-TH
Escenario de Guerras Etéreas III,เวทีฉลองแนวรบ Aetherium III,th-TH
Escudo,Shield,th-TH
Escudo estelar supremo,"""โล่ดวงดาว: แท้""",th-TH
"Escultura ""Engranajes y sabiduría""","ประติมากรรม ""ฟันเฟืองกับปัญญา""",th-TH
"Escultura ""Engrenagens e Sabedoria""","ประติมากรรม ""ฟันเฟืองกับปัญญา""",th-TH
Escultura de Gelo do Guarda-Vazio (I),รูปแกะสลักน้ำแข็ง Voidranger 1,th-TH
Escultura de Gelo do Guarda-Vazio (II),รูปแกะสลักน้ำแข็ง Voidranger 2,th-TH
Escultura de Glaux (I),รูปปั้น Glaux I,th-TH
Escultura de Glaux (II),รูปปั้น Glaux II,th-TH
Escultura de Glaux (III),รูปปั้น Glaux III,th-TH
Escultura de hielo de un Explorador del Vacío 1,รูปแกะสลักน้ำแข็ง Voidranger 1,th-TH
Escultura de hielo de un Explorador del Vacío 2,รูปแกะสลักน้ำแข็ง Voidranger 2,th-TH
Esencia de fuego estelar,Starfire Essence,th-TH
Esencia perdida,Lost Essence,th-TH
Espada inerte,Lifeless Blade,th-TH
Espada rompemundos,Worldbreaker Blade,th-TH
Espada rota,Shattered Blade,th-TH
Espelho do Erudito,แว่นผู้รอบรู้,th-TH
Esperanza del falso iluminado,High Hopes of the Falsely Enlightened,th-TH
Esperança do Falso Iluminado,High Hopes of the Falsely Enlightened,th-TH
Espoir du faux éveillé,High Hopes of the Falsely Enlightened,th-TH
Esprit combatif du Conflit,Grit of Strife,th-TH
Esprit de compagnon argenté,จิตสหายสีเงิน,th-TH
Esprit de compagnon doré,จิตสหายทองคำ,th-TH
Esprit flamboyant,Fiery Spirit,th-TH
Espírito Companheiro Dourado,จิตสหายทองคำ,th-TH
Espírito Companheiro Prateado,จิตสหายสีเงิน,th-TH
Espírito da Abundância: Lupino de Madeira,Abundance Sprite: Wooden Lupus,th-TH
Espírito de Fogo,Fiery Spirit,th-TH
Espíritu acompañante dorado,จิตสหายทองคำ,th-TH
Espíritu acompañante plateado,จิตสหายสีเงิน,th-TH
Espíritu ardiente,Fiery Spirit,th-TH
Espíritu de la Abundancia: Lupo Silvano,Abundance Sprite: Wooden Lupus,th-TH
Esquema do Usurpador,Usurper's Scheme,th-TH
Esquirla dura de la Nihilidad,Hard Chip of Nihility,th-TH
Esquisse rudimentaire,Rough Sketch,th-TH
Essence de feu d'étoiles,Starfire Essence,th-TH
Essence perdue,Lost Essence,th-TH
Essência Perdida,Lost Essence,th-TH
Essência de Chama Estelar,Starfire Essence,th-TH
Estatua de Glaux I,รูปปั้น Glaux I,th-TH
Estatua de Glaux II,รูปปั้น Glaux II,th-TH
Estatua de Glaux III,รูปปั้น Glaux III,th-TH
Estatua de Relojito I,รูปปั้นเจ้าหนูนาฬิกา I,th-TH
Estatua de Relojito II,รูปปั้นเจ้าหนูนาฬิกา II,th-TH
Estatua de Relojito III,รูปปั้นเจ้าหนูนาฬิกา III,th-TH
Estrutura Galáctica,Galaxy Framework,th-TH
Estátua do Relogin (I),รูปปั้นเจ้าหนูนาฬิกา I,th-TH
Estátua do Relogin (II),รูปปั้นเจ้าหนูนาฬิกา II,th-TH
Estátua do Relogin (III),รูปปั้นเจ้าหนูนาฬิกา III,th-TH
Eversummer Florist (I),ร้าน Eversummer Florist I,th-TH
Eversummer Florist (II),ร้าน Eversummer Florist II,th-TH
Eversummer Florist (III),ร้าน Eversummer Florist III,th-TH
Everwinter Monument (I),Everwinter Monument I,th-TH
Everwinter Monument (II),Everwinter Monument II,th-TH
Everwinter Monument (III),Everwinter Monument III,th-TH
Evolución suprema,"""วิวัฒนาการ: แท้""",th-TH
Ewigsommer-Blumengeschäft (I),ร้าน Eversummer Florist I,th-TH
Ewigsommer-Blumengeschäft (II),ร้าน Eversummer Florist II,th-TH
Ewigsommer-Blumengeschäft (III),ร้าน Eversummer Florist III,th-TH
Experiencia de Fuerza Cósmica,EXP ศึกดวลพลัง,th-TH
Experiência Cósmica,EXP ศึกดวลพลัง,th-TH
Expiração do Destino,Destined Expiration,th-TH
Explorae,ภูตบุกเบิก,th-TH
Exploration Points,แต้มการสำรวจ,th-TH
Extinction destinée,Destined Expiration,th-TH
Extracto de hierbas medicinales,Extract of Medicinal Herbs,th-TH
Extrait de plantes médicinales,Extract of Medicinal Herbs,th-TH
Extrakt von Heilkräutern,Extract of Medicinal Herbs,th-TH
Extrato de Ervas Medicinais,Extract of Medicinal Herbs,th-TH
Faim,Hunger,th-TH
Fainón,Phainon,th-TH
Fairy Gold Coin,เหรียญทองภูต,th-TH
Fan Cuồng Của Serval,แฟนคลับตัวจี๊ดของ Serval,th-TH
Fan acérrima de Serval,แฟนคลับตัวจี๊ดของ Serval,th-TH
Fantastische Farbzeichnung,Exquisite Colored Draft,th-TH
Farpa Auspiciosa,Auspice Sliver,th-TH
Farrapos de Pensamentos,Tatters of Thought,th-TH
Feather Pendant,จี้ขนนก,th-TH
Feder der Flamme,Feather of Flame,th-TH
Federanhänger,จี้ขนนก,th-TH
Feengoldmünze,เหรียญทองภูต,th-TH
Fehlerhafte Rückerinnerung,ความทรงจำที่บกพร่อง,th-TH
Feierliche Melodie,ทำนองเพลงฉลอง,th-TH
Ferro Fundido Vazio,Void Cast Iron,th-TH
Festbühne des Ätheriumkriegs (I),เวทีฉลองแนวรบ Aetherium I,th-TH
Festbühne des Ätheriumkriegs (II),เวทีฉลองแนวรบ Aetherium II,th-TH
Festbühne des Ätheriumkriegs (III),เวทีฉลองแนวรบ Aetherium III,th-TH
Festes Wasser,Solid Water,th-TH
Festlicher Champagner,แชมเปญพลุฉลอง,th-TH
Festung Qlipoth (I),ป้อม Qlipoth I,th-TH
Festung Qlipoth (II),ป้อม Qlipoth II,th-TH
Festung Qlipoth (III),ป้อม Qlipoth III,th-TH
Feuille de l'imaginaire,Leaf of Imaginary,th-TH
Feuille interdimensionnelle,Interdimensional Leaf,th-TH
Feuriger Geist,Fiery Spirit,th-TH
Ficha Aideen,Aideen Token,th-TH
Ficha Arcadiana,เหรียญสุขาวดี,th-TH
Ficha de Foca,เหรียญอุ๋ง,th-TH
Ficha de Poder,เหรียญพลัง,th-TH
Ficha poderosa,เหรียญพลัง,th-TH
Ficha poderosa colorida,เหรียญพลังสีสัน,th-TH
Ficha poderosa de victoria,เหรียญพลังแห่งชัยชนะ,th-TH
Fichas Aideen,Aideen Token,th-TH
Fichas de Poder Coloridas,เหรียญพลังสีสัน,th-TH
Fichas de Poder Vitoriosas,เหรียญพลังแห่งชัยชนะ,th-TH
Firewall Chip,ชิปไฟร์วอลล์,th-TH
Flamme de phase,มิติเปลวเพลิง,th-TH
Flawed Recollection,ความทรงจำที่บกพร่อง,th-TH
Flecha de Caça-Demônio,Arrow of the Demon Slayer,th-TH
Flecha de Caça-Estrela,Arrow of the Starchaser,th-TH
Flecha de Caça-Feras,Arrow of the Beast Hunter,th-TH
Flecha del cazabestias,Arrow of the Beast Hunter,th-TH
Flecha del matademonios,Arrow of the Demon Slayer,th-TH
Flecha del persigueestrellas,Arrow of the Starchaser,th-TH
Fleischzutat,เนื้อสัตว์,th-TH
Fleur d'Ālaya,Flower of Ālaya,th-TH
Fleur de l'éternité,Flower of Eternity,th-TH
Fleuriste de l'Été éternel (I),ร้าน Eversummer Florist I,th-TH
Fleuriste de l'Été éternel (II),ร้าน Eversummer Florist II,th-TH
Fleuriste de l'Été éternel (III),ร้าน Eversummer Florist III,th-TH
Flogisto,โฟลจิสตัน,th-TH
Flor da Eternidade,Flower of Eternity,th-TH
Flor de la eternidad,Flower of Eternity,th-TH
Flor de Ālaya,Flower of Ālaya,th-TH
Flor etérea inmortal,Immortal Aeroblossom,th-TH
Floresciaéreo Imortal,Immortal Aeroblossom,th-TH
Floricultura Verão Eterno (I),ร้าน Eversummer Florist I,th-TH
Floricultura Verão Eterno (II),ร้าน Eversummer Florist II,th-TH
Floricultura Verão Eterno (III),ร้าน Eversummer Florist III,th-TH
Floristería Siemprestío I,ร้าน Eversummer Florist I,th-TH
Floristería Siemprestío II,ร้าน Eversummer Florist II,th-TH
Floristería Siemprestío III,ร้าน Eversummer Florist III,th-TH
Flower Crown,มงกุฎดอกไม้,th-TH
Flèche du chasseur d'étoiles,Arrow of the Starchaser,th-TH
Flèche du chasseur de bêtes,Arrow of the Beast Hunter,th-TH
Flèche du tueur de démons,Arrow of the Demon Slayer,th-TH
Flügel des Glücks,Auspice Sliver,th-TH
Fogareiro de Sonho,Dream Flamer,th-TH
Folha Interdimensional,Interdimensional Leaf,th-TH
Folha de Imaginário,Leaf of Imaginary,th-TH
Fome,Hunger,th-TH
Fonte du néant,Void Cast Iron,th-TH
Foquificha,เหรียญอุ๋ง,th-TH
Fort de Qlipoth (I),ป้อม Qlipoth I,th-TH
Fort de Qlipoth (II),ป้อม Qlipoth II,th-TH
Fort de Qlipoth (III),ป้อม Qlipoth III,th-TH
Fortaleza Qlipoth I,ป้อม Qlipoth I,th-TH
Fortaleza Qlipoth II,ป้อม Qlipoth II,th-TH
Fortaleza Qlipoth III,ป้อม Qlipoth III,th-TH
Forte Qlipoth (I),ป้อม Qlipoth I,th-TH
Forte Qlipoth (II),ป้อม Qlipoth II,th-TH
Forte Qlipoth (III),ป้อม Qlipoth III,th-TH
Fragment d'or perdu,Lost Gold Fragment,th-TH
Fragment de météorite,ชิ้นส่วนดาวตก,th-TH
Fragment de souvenir de cône de lumière,อณูความทรงจำ Light Cone,th-TH
Fragment dur de la Nihilité,Hard Chip of Nihility,th-TH
Fragment eines Meteoriten,ชิ้นส่วนดาวตก,th-TH
Fragmente eines Eindrucks,Fragments of Impression,th-TH
Fragmento Dourado Perdido,Lost Gold Fragment,th-TH
Fragmento de Memória de Cone de Luz,อณูความทรงจำ Light Cone,th-TH
Fragmento de Meteoro,ชิ้นส่วนดาวตก,th-TH
Fragmento de deseos,Shards of Desires,th-TH
Fragmento de impresiones,Fragments of Impression,th-TH
Fragmento de meteorito,ชิ้นส่วนดาวตก,th-TH
Fragmento de recuerdo de cono de luz,อณูความทรงจำ Light Cone,th-TH
Fragmento dorado perdido,Lost Gold Fragment,th-TH
Fragmentos de Desejos,Shards of Desires,th-TH
Fragmentos de Impressão,Fragments of Impression,th-TH
Fragments d'impression,Fragments of Impression,th-TH
Fragments des désirs,Shards of Desires,th-TH
Freeze Loophole Chip,ชิปช่องโหว่แช่แข็ง,th-TH
Frontera de los Sueños I,พรมแดนสร้างฝัน I,th-TH
Frontera de los Sueños II,พรมแดนสร้างฝัน II,th-TH
Frontera de los Sueños III,พรมแดนสร้างฝัน III,th-TH
Frontière des rêves (I),พรมแดนสร้างฝัน I,th-TH
Frontière des rêves (II),พรมแดนสร้างฝัน II,th-TH
Frontière des rêves (III),พรมแดนสร้างฝัน III,th-TH
Frontline (I),แนวหน้าเขตหวงห้าม I,th-TH
Frontline (II),แนวหน้าเขตหวงห้าม II,th-TH
Frontline (III),แนวหน้าเขตหวงห้าม III,th-TH
Frontlinie (I),แนวหน้าเขตหวงห้าม I,th-TH
Frontlinie (II),แนวหน้าเขตหวงห้าม II,th-TH
Frontlinie (III),แนวหน้าเขตหวงห้าม III,th-TH
Fruit acide,ผลเปรี้ยวจี๊ด,th-TH
Fruta Inumerável,Myriad Fruit,th-TH
Fruta del sinfín,Myriad Fruit,th-TH
Fruta ácida,ผลเปรี้ยวจี๊ด,th-TH
Fuego del Espacio Exterior,Blaze Out of Space,th-TH
Fuel Voucher,ตั๋วเชื้อเพลิง,th-TH
Fuel Vouchers,ตั๋วเชื้อเพลิง,th-TH
Funcionário Sênior: Líder de Equipe,เจ้าหน้าที่อาวุโส - หัวหน้าทีม,th-TH
Functional Overdraft Chip,ชิปเบิกสมรรถนะ,th-TH
Furgossipo,โบ้กอสซิป,th-TH
Fuseau de soie,Silk Spindle,th-TH
Fuso de Seda,Silk Spindle,th-TH
Fã Fanática da Serval,แฟนคลับตัวจี๊ดของ Serval,th-TH
Galaktisches Rahmenwerk,Galaxy Framework,th-TH
Galho do Pensamento,Bough of Thought,th-TH
Gandum,ข้าวสาลี,th-TH
Gardien aurumaton,Aurumaton Gatekeeper,th-TH
Garis Depan Daerah Terlarang I,แนวหน้าเขตหวงห้าม I,th-TH
Garis Depan Daerah Terlarang II,แนวหน้าเขตหวงห้าม II,th-TH
Garis Depan Daerah Terlarang III,แนวหน้าเขตหวงห้าม III,th-TH
Gaseous Liquid,Gaseous liquid,th-TH
Gases Líquidos,Gaseous liquid,th-TH
Gasförmige Flüssigkeit,Gaseous liquid,th-TH
Gatuno Glacial,Frigid Prowler,th-TH
Gears and Wisdom Sculpture,"ประติมากรรม ""ฟันเฟืองกับปัญญา""",th-TH
Gebrochene Zähne des Eisernen Wolfs,Broken Teeth of Iron Wolf,th-TH
Gedankensplitter,Tatters of Thought,th-TH
Gedenkausgabe der Serie „Das Flauschi“,"""The Fluffy"" Serialization Memorial Issue",th-TH
Gedenkkassette,Commemorative Cartridge,th-TH
Geisterbestie des Überflusses: Holz-Lupus,Abundance Sprite: Wooden Lupus,th-TH
Gel Térmico,Thermal Gel,th-TH
Gel Tản Nhiệt,Thermal Gel,th-TH
Gel thermique,Thermal Gel,th-TH
Gel térmico,Thermal Gel,th-TH
Geladeira de Sonho,Dream Fridge,th-TH
Gelehrtenspiegel,แว่นผู้รอบรู้,th-TH
Gemido resonante,Echoing Wail,th-TH
Gemütlichkeit,Tranquility,th-TH
General Upgrade Chip,ชิปอัปเกรดทั่วไป,th-TH
Geomark-Minen (I),สายแร่ Geomarrow I,th-TH
Geomark-Minen (II),สายแร่ Geomarrow II,th-TH
Geomark-Minen (III),สายแร่ Geomarrow III,th-TH
Geomarrow Vein (I),สายแร่ Geomarrow I,th-TH
Geomarrow Vein (II),สายแร่ Geomarrow II,th-TH
Geomarrow Vein (III),สายแร่ Geomarrow III,th-TH
Gerbang Dunia Baru I,ประตูสู่โลกใหม่ I,th-TH
Gerbang Dunia Baru II,ประตูสู่โลกใหม่ II,th-TH
Gerbang Dunia Baru III,ประตูสู่โลกใหม่ III,th-TH
Getöse,The Sound and the Fury,th-TH
Gewitztes Kind,เด็กจอมเจ้าเล่ห์,th-TH
Gewünschtes Harz,Wishful Resin,th-TH
Ghim Cài Thiết Vệ,Silvermane Badge,th-TH
Giai Điệu Hài Hòa,Harmonic Tune,th-TH
Giai Điệu Kỷ Niệm,ทำนองเพลงฉลอง,th-TH
Giấc Mơ Tan Vỡ,ความฝันที่แตกสลาย,th-TH
Giọt Lệ Linh Hồn,Tears of Souls,th-TH
Giọt Lệ Quỹ Đạo,Tears of Rail,th-TH
Giọt Lệ Trong Mơ,Tears of Dreams,th-TH
Glacière onirique,Dream Fridge,th-TH
Glaux Sculpture (I),รูปปั้น Glaux I,th-TH
Glaux Sculpture (II),รูปปั้น Glaux II,th-TH
Glaux Sculpture (III),รูปปั้น Glaux III,th-TH
Glaux Sculpture I,รูปปั้น Glaux I,th-TH
Glaux Sculpture II,รูปปั้น Glaux II,th-TH
Glaux Sculpture III,รูปปั้น Glaux III,th-TH
Glaux-Statue (I),รูปปั้น Glaux I,th-TH
Glaux-Statue (II),รูปปั้น Glaux II,th-TH
Glaux-Statue (III),รูปปั้น Glaux III,th-TH
Globe céleste,Celestial Globe,th-TH
Globo Celeste,Celestial Globe,th-TH
Glühende Klinge,Searing Steel Blade,th-TH
Glühwürmchen,Firefly,th-TH
Gold Coin,เหรียญทอง,th-TH
Golden Admission Ticket,บัตรเข้างานทองคำ,th-TH
Golden Blessing,พรแห่งทองคำ,th-TH
Golden Companion Spirit,จิตสหายทองคำ,th-TH
Goldene Eintrittskarte,บัตรเข้างานทองคำ,th-TH
Goldener Gefährtengeist,จิตสหายทองคำ,th-TH
Goldener Kranz,พวงบุปผาทองคำ,th-TH
Goldener Segen,พรแห่งทองคำ,th-TH
Goldkrone der vergangenen Schatten,Golden Crown of the Past Shadow,th-TH
Goldmünze,เหรียญทอง,th-TH
Gossipandaroo,โบ้กอสซิป,th-TH
Graine,Seed,th-TH
Graine d'abondance,Seed of Abundance,th-TH
Graine de l'arbre extraterrestre,Alien Tree Seed,th-TH
Grand Wubbabou (I),Wubbaboo ยักษ์ I,th-TH
Grand Wubbabou (II),Wubbaboo ยักษ์ II,th-TH
Grand Wubbabou (III),Wubbaboo ยักษ์ III,th-TH
Gratuity Points,คะแนนโบนัส,th-TH
Greenie Cabbage,กะหล่ำกลมเขียว,th-TH
Grinalda de Chrysos,พวงบุปผาทองคำ,th-TH
Grobe Skizze,Rough Sketch,th-TH
Gros bouton rouge,"""ปุ่มแดงใหญ่""",th-TH
Große Herta,ท่าน Herta,th-TH
Großer roter Knopf,"""ปุ่มแดงใหญ่""",th-TH
Großes Wubbaboo (I),Wubbaboo ยักษ์ I,th-TH
Großes Wubbaboo (II),Wubbaboo ยักษ์ II,th-TH
Großes Wubbaboo (III),Wubbaboo ยักษ์ III,th-TH
Grunt: Security Personnel,เจ้าหน้าที่ชั้นผู้น้อย - รปภ.,th-TH
Grüner Kohl,กะหล่ำกลมเขียว,th-TH
Guarda Aurumaton,Aurumaton Gatekeeper,th-TH
Guarda Aurúmata,Aurumaton Gatekeeper,th-TH
Guarda-Vazio: Destruidor,Voidranger: Eliminator,th-TH
Guarda-Vazio: Furtador,Voidranger: Reaver,th-TH
Guarda-Vazio: Pisoteador,Voidranger: Trampler,th-TH
Guerrero frenético supremo,"""คลั่งรบ: แท้""",th-TH
Guia do Viajante,คู่มือการเดินทาง,th-TH
Guide du voyageur,คู่มือการเดินทาง,th-TH
Guide tactique : Esbrouffe,คัมภีร์กลยุทธ์: ปั้นน้ำให้เป็นตัว,th-TH
Guide tactique : Feinte,คัมภีร์กลยุทธ์: สับขาหลอก,th-TH
Guide tactique : Mesures radicales,คัมภีร์กลยุทธ์: ตัดไฟตั้งแต่ต้นลม,th-TH
Guide tactique : Prise de vitesse,คัมภีร์กลยุทธ์: รอจังหวะรุกฆาต,th-TH
Guide tactique : Savoir attendre,คัมภีร์กลยุทธ์: รอซ้ำยามเพลี่ยงพล้ำ,th-TH
Guide tactique : Soubresaut,คัมภีร์กลยุทธ์: แหวกหญ้าให้งูตื่น,th-TH
Guion gráfico hecho a mano de Pelosete,"""The Fluffy"" Hand-drawn Storyboards",th-TH
Guisantes,ฝักถั่ว,th-TH
Guía del espíritu viajero,คู่มือการเดินทาง,th-TH
Gyrocœur artisanal,Artifex's Gyreheart,th-TH
Gác Cổng Kim Nhân,Aurumaton Gatekeeper,th-TH
Gémissement retentissant,Echoing Wail,th-TH
Gạo Protein,Protein Rice,th-TH
Gậy Bóng Chày Của Nhà Khai Phá,ไม้เบสบอลของผู้บุกเบิก,th-TH
Gậy Lôi Nhà Luyện Hình,Shape Shifter's Lightning Staff,th-TH
Habitante da Sombra de Incineração,Incineration Shadewalker,th-TH
Habitante da Sombra do Inverno Eterno,Everwinter Shadewalker,th-TH
Hacia ese mañana del ayer,พรุ่งนี้ที่หวนสู่วันวาน,th-TH
Hadoblón,เหรียญทองภูต,th-TH
Hall des accords (I),โถงแห่งนักปรับเสียง I,th-TH
Hall des accords (II),โถงแห่งนักปรับเสียง II,th-TH
Hall des accords (III),โถงแห่งนักปรับเสียง III,th-TH
Hall of Chords (I),โถงแห่งนักปรับเสียง I,th-TH
Hall of Chords (II),โถงแห่งนักปรับเสียง II,th-TH
Hall of Chords (III),โถงแห่งนักปรับเสียง III,th-TH
Hall of Chords I,โถงแห่งนักปรับเสียง I,th-TH
Hall of Chords II,โถงแห่งนักปรับเสียง II,th-TH
Hall of Chords III,โถงแห่งนักปรับเสียง III,th-TH
Halle der Harmonie (I),โถงแห่งนักปรับเสียง I,th-TH
Halle der Harmonie (II),โถงแห่งนักปรับเสียง II,th-TH
Halle der Harmonie (III),โถงแห่งนักปรับเสียง III,th-TH
Hambre,Hunger,th-TH
Handgezeichnete Storyboards zu „Das Flauschi“,"""The Fluffy"" Hand-drawn Storyboards",th-TH
Harapan Transformasi Jadi Pahlawan,ความปรารถนาจะเป็นฮีโร่,th-TH
Harmonische Melodie,Harmonic Tune,th-TH
Harter Chip der Nichtigkeit,Hard Chip of Nihility,th-TH
Harvest Crystal,ผลึกเก็บเกี่ยว,th-TH
Harz des Mutes,Resin of Valor,th-TH
Helm,หมวกนิรภัย,th-TH
Heo Đất Phối Hợp,Sequence Trotter,th-TH
Heromorpher Wish,ความปรารถนาจะเป็นฮีโร่,th-TH
Herr Kaltfuß,คุณชายขาแข็ง,th-TH
Herta's Portrait (I),ภาพเหมือนของ Herta I,th-TH
Herta's Portrait (II),ภาพเหมือนของ Herta II,th-TH
Herta's Portrait (III),ภาพเหมือนของ Herta III,th-TH
Herta-Anleihe,Herta Bond,th-TH
Hierro forjado del Vacío,Void Cast Iron,th-TH
High Load-Low Speed Chip,ชิปโหลดความเร็วต่ำ,th-TH
Himmelblaues Färbemittel,น้ำยาย้อมสีฟ้า,th-TH
Himmelsmodell,Celestial Globe,th-TH
Himmelsspalter-Kanonenturm (I),ป้อมปืนเรือประชันคมดาบ I,th-TH
Himmelsspalter-Kanonenturm (II),ป้อมปืนเรือประชันคมดาบ II,th-TH
Himmelsspalter-Kanonenturm (III),ป้อมปืนเรือประชันคมดาบ III,th-TH
Himmlische Ambrosia,น้ำอมฤต,th-TH
Himmlische Jade (I),หมากหยกแห่งดวงดาว I,th-TH
Himmlische Jade (II),หมากหยกแห่งดวงดาว II,th-TH
Himmlische Jade (III),หมากหยกแห่งดวงดาว III,th-TH
Himmlische Melodie,Heavenly Melody,th-TH
Himmlische Note,Firmament Note,th-TH
Himmlischer Abschnitt,Celestial Section,th-TH
Himmlischer Bernstein,Divine Amber,th-TH
Himno del acervo,Ancestral Hymn,th-TH
Hino Ancestral,Ancestral Hymn,th-TH
Hissa Pepper,พริกซี้ดซ้าด,th-TH
Hissa-Chili,พริกซี้ดซ้าด,th-TH
History and Culture Museum (I),พิพิธภัณฑ์ประวัติศาสตร์ และวัฒนธรรม I,th-TH
History and Culture Museum (II),พิพิธภัณฑ์ประวัติศาสตร์ และวัฒนธรรม II,th-TH
History and Culture Museum (III),พิพิธภัณฑ์ประวัติศาสตร์ และวัฒนธรรม III,th-TH
History and Culture Museum I,พิพิธภัณฑ์ประวัติศาสตร์ และวัฒนธรรม I,th-TH
History and Culture Museum II,พิพิธภัณฑ์ประวัติศาสตร์ และวัฒนธรรม II,th-TH
History and Culture Museum III,พิพิธภัณฑ์ประวัติศาสตร์ และวัฒนธรรม III,th-TH
Hiệu Úy Bờm Bạc,Silvermane Lieutenant,th-TH
Hoa Vĩnh Cửu,Flower of Eternity,th-TH
Hoja de acero sobrecalentado,Searing Steel Blade,th-TH
Hoja del árbol interdimensional,Interdimensional Leaf,th-TH
Hoja imaginaria,Leaf of Imaginary,th-TH
Honey,น้ำผึ้ง,th-TH
Honig,น้ำผึ้ง,th-TH
Horloge minière,นาฬิกาประจำเหมือง,th-TH
Horn aus Schnee,Horn of Snow,th-TH
Horno de la vida I,เตาอบสิ่งมีชีวิต I,th-TH
Horno de la vida II,เตาอบสิ่งมีชีวิต II,th-TH
Horno de la vida III,เตาอบสิ่งมีชีวิต III,th-TH
Hotel Fantasía (paisaje onírico) I,โรงแรม Reverie - แดนฝัน I,th-TH
Hotel Fantasía (paisaje onírico) II,โรงแรม Reverie - แดนฝัน II,th-TH
Hotel Fantasía (paisaje onírico) III,โรงแรม Reverie - แดนฝัน III,th-TH
Hotel Fantasía I,"โรงแรม ""Reverie"" - ความจริง I",th-TH
Hotel Fantasía II,"โรงแรม ""Reverie"" - ความจริง II",th-TH
Hotel Fantasía III,"โรงแรม ""Reverie"" - ความจริง III",th-TH
Hotel Reverie (Realität) (I),"โรงแรม ""Reverie"" - ความจริง I",th-TH
Hotel Reverie (Realität) (II),"โรงแรม ""Reverie"" - ความจริง II",th-TH
Hotel Reverie (Realität) (III),"โรงแรม ""Reverie"" - ความจริง III",th-TH
Hotel Reverie (Traumlandschaft) (I),โรงแรม Reverie - แดนฝัน I,th-TH
Hotel Reverie (Traumlandschaft) (II),โรงแรม Reverie - แดนฝัน II,th-TH
Hotel Reverie (Traumlandschaft) (III),โรงแรม Reverie - แดนฝัน III,th-TH
Huellas del destino,Tracks of Destiny,th-TH
Huso de seda,Silk Spindle,th-TH
Huy Chương Kỷ Niệm,ตราที่ระลึก,th-TH
Huy Chương Thiết Vệ,Silvermane Medal,th-TH
Huy Chương Vượt Ải Hạn Giờ Kể Chuyện Hư Cấu,เหรียญตราผ่านด่านจำกัดเวลา Pure Fiction,th-TH
Huy Chương Vượt Ải Hạn Giờ Sảnh Đường Lãng Quên,เหรียญตราผ่านด่านจำกัดเวลา Forgotten Hall,th-TH
Huy Chương Vượt Ải Hạn Giờ Trọng Tài Dị Tướng,เหรียญตราผ่านด่านจำกัดเวลาผู้ตัดสินที่ผิดแปลก,th-TH
Huy Chương Vượt Ải Hạn Giờ Ảo Ảnh Tận Thế,เหรียญตราผ่านด่านจำกัดเวลา Apocalyptic Shadow,th-TH
Huyết Mâu Thần Phạt,Lance of Retribution,th-TH
Huyết Phách Chiến Hồn,Resin of Valor,th-TH
Huyết Trần Phân Tranh,Grit of Strife,th-TH
Hymne ancestral,Ancestral Hymn,th-TH
Hành Nước Mắt,หัวหอมหยดน้ำตา,th-TH
Hôtel Rêverie de la réalité (I),"โรงแรม ""Reverie"" - ความจริง I",th-TH
Hôtel Rêverie de la réalité (II),"โรงแรม ""Reverie"" - ความจริง II",th-TH
Hôtel Rêverie de la réalité (III),"โรงแรม ""Reverie"" - ความจริง III",th-TH
Hôtel Rêverie du Pays des rêves (I),โรงแรม Reverie - แดนฝัน I,th-TH
Hôtel Rêverie du Pays des rêves (II),โรงแรม Reverie - แดนฝัน II,th-TH
Hôtel Rêverie du Pays des rêves (III),โรงแรม Reverie - แดนฝัน III,th-TH
Hướng Dẫn Dạo Chơi,คู่มือการเดินทาง,th-TH
Hạt Giống,Seed,th-TH
Hạt Giống Kỳ Lạ,Alien Tree Seed,th-TH
Hạt Giống Mới Của Bình Minh,Fresh Seed of Dawn,th-TH
Hạt Giống Suy Tưởng,Bīja of Consciousness,th-TH
Hạt Giống Trù Phú,Seed of Abundance,th-TH
Hạt Nhân Của Giấc Mơ-I,แก่นของความฝัน I,th-TH
Hạt Nhân Của Giấc Mơ-II,แก่นของความฝัน II,th-TH
Hạt Nhân Của Giấc Mơ-III,แก่นของความฝัน III,th-TH
Hạt Ảo,Virtual Particle,th-TH
Hồi Tưởng Nắng Sấm,Daythunder Anamnesis,th-TH
Hồi Ức Khiếm Khuyết,ความทรงจำที่บกพร่อง,th-TH
Hổ Phách Kiên Cố,Safeguard of Amber,th-TH
Hổ Phách Thần Thể,Divine Amber,th-TH
Hộp Giấc Mơ Lạnh,Dream Fridge,th-TH
IFK-Arbeitserlaubnis,IPC Work Permit,th-TH
Illusion eines Akkords,Chordal Mirage,th-TH
Ilusionista supremo,"""ผู้ใช้อาคม: แท้""",th-TH
Ilusión cadenciosa,Chordal Mirage,th-TH
Imaginärer Weber,Imaginary Weaver,th-TH
Immer lächelnd,Always Smiling,th-TH
Immerwinter-Schattenwandler,Everwinter Shadewalker,th-TH
Immerwintermonument (I),Everwinter Monument I,th-TH
Immerwintermonument (II),Everwinter Monument II,th-TH
Immerwintermonument (III),Everwinter Monument III,th-TH
Incinerador divino,Heaven Incinerator,th-TH
Incinerador do Paraíso,Heaven Incinerator,th-TH
Incinérateur céleste,Heaven Incinerator,th-TH
Information Terminal and Display Monitor Set,ชุดเทอร์มินัลข้อมูล และหน้าจอมอนิเตอร์,th-TH
Infoterminal und Anzeigegerät,ชุดเทอร์มินัลข้อมูล และหน้าจอมอนิเตอร์,th-TH
Ingenio Encantado: Dracoleón,Entranced Ingenium: Obedient Dracolion,th-TH
Ingenio Encantado: Pezdragón Iluminador,Entranced Ingenium: Illumination Dragonfish,th-TH
Ingredientes Básicos,Basic Ingredient,th-TH
Ingredientes básicos,Basic Ingredient,th-TH
Ingresso Dourado,บัตรเข้างานทองคำ,th-TH
Ingresso Padrão,บัตรเข้างานมาตรฐาน,th-TH
Ingresso Resplandecente,บัตรเข้างานสุดเฉิดฉาย,th-TH
Ingrédient de base,Basic Ingredient,th-TH
Insigne de la crinière d'argent,Silvermane Insignia,th-TH
Insignia conmemorativa,ตราที่ระลึก,th-TH
Insignia del guardia,Silvermane Insignia,th-TH
Insignien der Silbermähnen-Wache,Silvermane Insignia,th-TH
Inspiration Points,จุดแรงบันดาลใจ,th-TH
Inspirationspunkt,จุดแรงบันดาลใจ,th-TH
Instinct de pilleur,Thief's Instinct,th-TH
Instinkt des Diebes,Thief's Instinct,th-TH
Instinto de Ladrão,Thief's Instinct,th-TH
Instinto del ladrón,Thief's Instinct,th-TH
Insígnia Comemorativa,ตราที่ระลึก,th-TH
Insígnia Crinalva,Silvermane Insignia,th-TH
Interdimensionales Blatt,Interdimensional Leaf,th-TH
Interference Key,คีย์เข้ารหัสแทรกแซง,th-TH
Interferenzschlüssel,คีย์เข้ารหัสแทรกแซง,th-TH
Inti Mimpi I,แก่นของความฝัน I,th-TH
Inti Mimpi II,แก่นของความฝัน II,th-TH
Inti Mimpi III,แก่นของความฝัน III,th-TH
Invasives Gerinnsel,Invasive Clot,th-TH
Jade Celestial (I),หมากหยกแห่งดวงดาว I,th-TH
Jade Celestial (II),หมากหยกแห่งดวงดาว II,th-TH
Jade Celestial (III),หมากหยกแห่งดวงดาว III,th-TH
Jade celestial I,หมากหยกแห่งดวงดาว I,th-TH
Jade celestial II,หมากหยกแห่งดวงดาว II,th-TH
Jade celestial III,หมากหยกแห่งดวงดาว III,th-TH
Jade céleste (I),หมากหยกแห่งดวงดาว I,th-TH
Jade céleste (II),หมากหยกแห่งดวงดาว II,th-TH
Jade céleste (III),หมากหยกแห่งดวงดาว III,th-TH
Jade-Abakus-Einheit,Jade Abacus Unit,th-TH
Jadefeder,Jade Feather,th-TH
Jam Area Tambang,นาฬิกาประจำเหมือง,th-TH
Jembatan Master Control Zone I,สะพาน Master Control Zone I,th-TH
Jembatan Master Control Zone II,สะพาน Master Control Zone II,th-TH
Jembatan Master Control Zone III,สะพาน Master Control Zone III,th-TH
Jeton arcadien,เหรียญสุขาวดี,th-TH
Jeton de l'au-delà,Netherworld Token,th-TH
Jeton de phoque,เหรียญอุ๋ง,th-TH
Jeton de pouvoir,เหรียญพลัง,th-TH
Jeton de pouvoir peint,เหรียญพลังสีสัน,th-TH
Jeton de pouvoir victorieux,เหรียญพลังแห่งชัยชนะ,th-TH
Jetons Aideen,Aideen Token,th-TH
Jeune pousse immortelle,Immortal Scionette,th-TH
Jirones de pensamientos,Tatters of Thought,th-TH
Journal d'aventure,บันทึกการผจญภัย,th-TH
Jubah Pencerahan,ชุดคลุมขาวปราชญา,th-TH
Jubah Persembahan,ชุดคลุมพิธีอธิษฐาน,th-TH
Jubah Trendi,ชุดคลุมนำสมัย,th-TH
Juramento de Aço,Oath of Steel,th-TH
Juramento de acero,Oath of Steel,th-TH
Juramento supremo,"""คำสัตย์: แท้""",th-TH
Kacamata Cendekia,แว่นผู้รอบรู้,th-TH
Kacang Polong,ฝักถั่ว,th-TH
Kala Esok Bangkit dari Bayang Kemarin,พรุ่งนี้ที่หวนสู่วันวาน,th-TH
Kanone,ปืนใหญ่,th-TH
Karotte,แคร์รอต,th-TH
Kartoffel,มันเหลืองทอง,th-TH
Kartrid Inti Piksel,ตลับแกนกลางพิกเซล,th-TH
Katzenkuchen,เค้กแมวเหมียว,th-TH
Kedalaman Seclusion Zone I,ด้านล่างสุดของ Seclusion Zone I,th-TH
Kedalaman Seclusion Zone II,ด้านล่างสุดของ Seclusion Zone II,th-TH
Kedalaman Seclusion Zone III,ด้านล่างสุดของ Seclusion Zone III,th-TH
Kedelai Kuning,มันเหลืองทอง,th-TH
Kem,ครีม,th-TH
Kern aus Eis,Core of Ice,th-TH
Khoai Tây,มันเหลืองทอง,th-TH
Khoang Cách Ly-I,ด้านล่างสุดของ Seclusion Zone I,th-TH
Khoang Cách Ly-II,ด้านล่างสุดของ Seclusion Zone II,th-TH
Khoang Cách Ly-III,ด้านล่างสุดของ Seclusion Zone III,th-TH
Khoang Thí Nghiệm Sinh Vật-I,ห้องทดลองชีวภาพ I,th-TH
Khoang Thí Nghiệm Sinh Vật-II,ห้องทดลองชีวภาพ II,th-TH
Khoang Thí Nghiệm Sinh Vật-III,ห้องทดลองชีวภาพ III,th-TH
Khu Ươm Tàu Bến Cảng Sao Xoay-I,"Stargazer Navalia ""Ship Nursery"" I",th-TH
Khu Ươm Tàu Bến Cảng Sao Xoay-II,"Stargazer Navalia ""Ship Nursery"" II",th-TH
Khu Ươm Tàu Bến Cảng Sao Xoay-III,"Stargazer Navalia ""Ship Nursery"" III",th-TH
Khung Tinh Hệ,Galaxy Framework,th-TH
Khách Sạn Mộng Mơ-Cõi Mộng I,โรงแรม Reverie - แดนฝัน I,th-TH
Khách Sạn Mộng Mơ-Cõi Mộng II,โรงแรม Reverie - แดนฝัน II,th-TH
Khách Sạn Mộng Mơ-Cõi Mộng-III,โรงแรม Reverie - แดนฝัน III,th-TH
Khách Sạn Mộng Mơ-Hiện Thực-I,"โรงแรม ""Reverie"" - ความจริง I",th-TH
Khách Sạn Mộng Mơ-Hiện Thực-II,"โรงแรม ""Reverie"" - ความจริง II",th-TH
Khách Sạn Mộng Mơ-Hiện Thực-III,"โรงแรม ""Reverie"" - ความจริง III",th-TH
Khám Lục Xá-I,เขตจัดเรียง I,th-TH
Khám Lục Xá-II,เขตจัดเรียง II,th-TH
Khám Lục Xá-III,เขตจัดเรียง III,th-TH
Khát Vọng Biến Thành Anh Hùng,ความปรารถนาจะเป็นฮีโร่,th-TH
Khóa Mã Hóa Can Thiệp,คีย์เข้ารหัสแทรกแซง,th-TH
Khóc Than Vô Tận,Eternal Lament,th-TH
Khối Lập Phương Cơ Giáp,Mechanical Cube,th-TH
Khối Xâm Lược,Invasive Clot,th-TH
Kim Cương,เพชร,th-TH
Kim Linh Đồng Hành,จิตสหายทองคำ,th-TH
Kim Loại,Metal,th-TH
Kiến Thức Du Hành,ความรู้จากการเดินทาง,th-TH
Kleiner gedrehter Kaugummi,Lil' Twisty Bubble Gum,th-TH
Knallmais,ผลปุ๊ป๊ะ,th-TH
Knospe der Dämmerung,Charred Bud of Twilight,th-TH
Koin Emas,เหรียญทอง,th-TH
Koin Emas Peri,เหรียญทองภูต,th-TH
Koin Putar Ulang,เหรียญสุ่มใหม่,th-TH
Kol Hijau,กะหล่ำกลมเขียว,th-TH
Kollektiv-Erfahrung,EXP ศึกดวลพลัง,th-TH
Komponente der Traumkollektion,Dream Collection Component,th-TH
Kontrollterminal für Automaton,เทอร์มินัลควบคุม Automaton,th-TH
Kopfsalat,ผักกาด,th-TH
Kosmisches Sandmodell,Cosmic Sandpit,th-TH
Kotak Peralatan Cuit-Cuit,กล่องเครื่องมือจิ๊บจิ๊บตุ๊บตั๊บ,th-TH
Kraftmünze,เหรียญพลัง,th-TH
Kraftstaub,ผงพลัง,th-TH
Krim,ครีม,th-TH
Kristal Panen,ผลึกเก็บเกี่ยว,th-TH
Kristal Wishpower,ผลึกพลังปรารถนา,th-TH
Kristallanhänger,จี้ผลึกหิน,th-TH
Kristallene Meteoriten,Crystal Meteorites,th-TH
Kupon Kartu Memori,บัตรสุ่มการ์ดความทรงจำ,th-TH
Kính Bác Học,แว่นผู้รอบรู้,th-TH
Kürbis,ฟักทอง,th-TH
Kẹo Cao Su Lil,Lil' Twisty Bubble Gum,th-TH
Kẻ Dệt Lá Số Ảo,Imaginary Weaver,th-TH
Kẻ Lang Thang,คนพเนจร,th-TH
Kẻ Lang Thang Lạnh Giá,Frigid Prowler,th-TH
Kết Tinh Bội Thu,ผลึกเก็บเกี่ยว,th-TH
Kết Tinh Nguyện Lực,ผลึกพลังปรารถนา,th-TH
Kỳ Vọng Của Kẻ Khai Ngộ Giả Tạo,High Hopes of the Falsely Enlightened,th-TH
L'essence des rêves (I),แก่นของความฝัน I,th-TH
L'essence des rêves (II),แก่นของความฝัน II,th-TH
L'essence des rêves (III),แก่นของความฝัน III,th-TH
La Grande Herta,ท่าน Herta,th-TH
La esencia de los sueños I,แก่นของความฝัน I,th-TH
La esencia de los sueños II,แก่นของความฝัน II,th-TH
La esencia de los sueños III,แก่นของความฝัน III,th-TH
Labu,ฟักทอง,th-TH
Laitue,ผักกาด,th-TH
Lambeaux de pensée,Tatters of Thought,th-TH
Lame briseuse de monde,Worldbreaker Blade,th-TH
Lame brisée,Shattered Blade,th-TH
Lame en acier brûlant,Searing Steel Blade,th-TH
Lame sans vie,Lifeless Blade,th-TH
Lamentation éternelle,Eternal Lament,th-TH
Lamento Eterno,Eternal Lament,th-TH
Lamento de la Guardiana,Guardian's Lament,th-TH
Lamento der Wächterin,Guardian's Lament,th-TH
Lamento do Guardião,Guardian's Lament,th-TH
Lamento eterno,Eternal Lament,th-TH
Lampu Meja Antik,โคมไฟโบราณ,th-TH
Lance d'Alisa Rand,หอกของ Alisa Rand,th-TH
Lance vengeresse,Lance of Retribution,th-TH
Lance-flammes onirique,Dream Flamer,th-TH
Lanza de Alisa Rand,หอกของ Alisa Rand,th-TH
Lanza sangrienta de la furia,Lance of Retribution,th-TH
Lanze der Vergeltung,Lance of Retribution,th-TH
Lança da Retaliação,Lance of Retribution,th-TH
Lança de Alisa Rand,หอกของ Alisa Rand,th-TH
Large Wubbaboo (I),Wubbaboo ยักษ์ I,th-TH
Large Wubbaboo (II),Wubbaboo ยักษ์ II,th-TH
Large Wubbaboo (III),Wubbaboo ยักษ์ III,th-TH
Larme de Phagousa,Tears of Phagousa,th-TH
Larmes des rails,Tears of Rail,th-TH
Larmes des rêves,Tears of Dreams,th-TH
Larmes des âmes,Tears of Souls,th-TH
Lasca Dura de Inexistência,Hard Chip of Nihility,th-TH
Lassitude,Weary,th-TH
Lata de Lixo,ถังขยะ,th-TH
Latido supremo,"""หัวใจเต้น: แท้""",th-TH
Laureola dorada,พวงบุปผาทองคำ,th-TH
Le Bruit et la Fureur,The Sound and the Fury,th-TH
Le Vieux Goethe,ลุง Goethe,th-TH
Lebensform-Backofen (I),เตาอบสิ่งมีชีวิต I,th-TH
Lebensform-Backofen (II),เตาอบสิ่งมีชีวิต II,th-TH
Lebensform-Backofen (III),เตาอบสิ่งมีชีวิต III,th-TH
Leblose Klinge,Lifeless Blade,th-TH
Lechuga,ผักกาด,th-TH
Leeren-Ranger: Eliminator,Voidranger: Eliminator,th-TH
Leeren-Ranger: Plünderer,Voidranger: Reaver,th-TH
Leeren-Ranger: Trampler,Voidranger: Trampler,th-TH
Leerengeformtes Eisen,Void Cast Iron,th-TH
Leitender Angestellter: Teamleiter,เจ้าหน้าที่อาวุโส - หัวหน้าทีม,th-TH
Lembrança Imperfeita,ความทรงจำที่บกพร่อง,th-TH
Lentes del erudito,แว่นผู้รอบรู้,th-TH
Lettuce,ผักกาด,th-TH
Lichtkegelfragment,อณูความทรงจำ Light Cone,th-TH
Lieutenant de la crinière d'argent,Silvermane Lieutenant,th-TH
Lifeform Oven (I),เตาอบสิ่งมีชีวิต I,th-TH
Lifeform Oven (II),เตาอบสิ่งมีชีวิต II,th-TH
Lifeform Oven (III),เตาอบสิ่งมีชีวิต III,th-TH
Lifeform Oven I,เตาอบสิ่งมีชีวิต I,th-TH
Lifeform Oven II,เตาอบสิ่งมีชีวิต II,th-TH
Lifeform Oven III,เตาอบสิ่งมีชีวิต III,th-TH
Liga Meteórica,Meteoric Alloy,th-TH
Light Cone Memory Shard,อณูความทรงจำ Light Cone,th-TH
Ligne de front (I),แนวหน้าเขตหวงห้าม I,th-TH
Ligne de front (II),แนวหน้าเขตหวงห้าม II,th-TH
Ligne de front (III),แนวหน้าเขตหวงห้าม III,th-TH
Limited-Time Clearance Medal of Apocalyptic Shadow,เหรียญตราผ่านด่านจำกัดเวลา Apocalyptic Shadow,th-TH
Limited-Time Clearance Medal of Forgotten Hall,เหรียญตราผ่านด่านจำกัดเวลา Forgotten Hall,th-TH
Limited-Time Clearance Medal of Pure Fiction,เหรียญตราผ่านด่านจำกัดเวลา Pure Fiction,th-TH
Limo da Harmonia,Slime of Harmony,th-TH
Limo de la Armonía,Slime of Harmony,th-TH
Limão Amphoreano,ผลเปรี้ยวจี๊ด,th-TH
Linh Hỏa,มิติเปลวเพลิง,th-TH
Linh Hồn Rực Cháy,Fiery Spirit,th-TH
Linh Hồn Tinh Hỏa,Starfire Essence,th-TH
Linh Kiện,Mechanical Part,th-TH
Linh Kiện Cơ Khí Nhân Tạo,Artifex's Module,th-TH
Linh Kiện Cổ Xưa,Ancient Part,th-TH
Linh Kiện Máy Móc Bỏ,Discarded Ingenium Parts,th-TH
Linh Thú Trù Phú - Sói Cây,Abundance Sprite: Wooden Lupus,th-TH
Linha de Frente (I),แนวหน้าเขตหวงห้าม I,th-TH
Linha de Frente (II),แนวหน้าเขตหวงห้าม II,th-TH
Linha de Frente (III),แนวหน้าเขตหวงห้าม III,th-TH
Liontin Bulu,จี้ขนนก,th-TH
Liontin Kerang,จี้เปลือกหอย,th-TH
Liontin Kristal,จี้ผลึกหิน,th-TH
Liquide gazeux,Gaseous liquid,th-TH
Llama de fase,มิติเปลวเพลิง,th-TH
Llave de interferencia,คีย์เข้ารหัสแทรกแซง,th-TH
Llave de la inspiración,Key of Inspiration,th-TH
Llave de la sabiduría,Key of Wisdom,th-TH
Llave del conocimiento,Key of Knowledge,th-TH
Loba Prateada Nv. 999,Silver Wolf LV.999,th-TH
Lodern aus dem All,Blaze Out of Space,th-TH
Lone Stardust,ธุลีดาวเดียวดาย,th-TH
Long Thụ Sở Đan Đỉnh-I,ต้นมังกรแห่ง Alchemy Commission I,th-TH
Long Thụ Sở Đan Đỉnh-II,ต้นมังกรแห่ง Alchemy Commission II,th-TH
Long Thụ Sở Đan Đỉnh-III,ต้นมังกรแห่ง Alchemy Commission III,th-TH
Long Ảnh Vidyadhara-I,เงามังกร Vidyadhara I,th-TH
Long Ảnh Vidyadhara-II,เงามังกร Vidyadhara II,th-TH
Long Ảnh Vidyadhara-III,เงามังกร Vidyadhara III,th-TH
Lost Light Dust,Lost Lightdust,th-TH
Louche chryséenne,ช้อนทองคำ,th-TH
Loup sylvestre de l'Abondance,Abundance Sprite: Wooden Lupus,th-TH
Louve d'argent Niv. 999,Silver Wolf LV.999,th-TH
Luar do Véu Negro,Darkveil Moonlight,th-TH
Luciole,Firefly,th-TH
Luciérnaga,Firefly,th-TH
Lukisan Cat Minyak Pemandangan Belobog,ภาพสีน้ำมันรูปวิวระยะไกลของ Belobog,th-TH
Lukisan Cat Minyak Pemandangan Golden Theater,ภาพสีน้ำมันโรงละคร Golden Theater,th-TH
Lukisan Cat Minyak Pemandangan Great Mine,ภาพสีน้ำมันรูปวิวทั้งหมดของ Great Mine,th-TH
Luminivinha Imortal,Immortal Lumintwig,th-TH
Lumière de lune voilée,Darkveil Moonlight,th-TH
Lumières d'étoile immortelles,Undying Starlight,th-TH
Lusco-Fusco,Lucent Afterglow,th-TH
Luz Estelar Inextinguível,Undying Starlight,th-TH
Luzide Ahle,Lucid Awl,th-TH
Lá Cây Đổi Cảnh,Interdimensional Leaf,th-TH
Lágrima de Fagusa,Tears of Phagousa,th-TH
Lágrima de Phagousa,Tears of Phagousa,th-TH
Lágrima de los espíritus,Tears of Souls,th-TH
Lágrima de los raíles,Tears of Rail,th-TH
Lágrima de los sueños,Tears of Dreams,th-TH
Lágrimas de cristal de la muerte gloriosa,Tear Crystal of Glorious Death,th-TH
Lágrimas do Espírito,Tears of Souls,th-TH
Lágrimas dos Sonhos,Tears of Dreams,th-TH
Lágrimas dos Trilhos,Tears of Rail,th-TH
Lámpara de escritorio antigua,โคมไฟโบราณ,th-TH
Lâmina Despedaçada,Shattered Blade,th-TH
Lâmina Destruidora de Mundos,Worldbreaker Blade,th-TH
Lâmina Inerte,Lifeless Blade,th-TH
Lâmina de Aço Flamejante,Searing Steel Blade,th-TH
Lân Uyên Thiên Đông,Tian Dong,th-TH
Líquido gaseoso,Gaseous liquid,th-TH
Lông Vũ Chói Lóa,Distinctive Tattered Feather,th-TH
Lông Vũ Lửa,Feather of Flame,th-TH
Lông Vũ Ngọc,Jade Feather,th-TH
Lõi Băng,Core of Ice,th-TH
Lõi Dập Tắt,Extinguished Core,th-TH
Lõi Phát Sáng,Glimmering Core,th-TH
Lõi Rục Rịch,Squirming Core,th-TH
Lúa Mì,ข้าวสาลี,th-TH
Lăng Tinh Sao Băng,Crystal Meteorites,th-TH
Lưỡi Kiếm Quá Nhiệt,Searing Steel Blade,th-TH
Lưỡi Kiếm Vô Hồn,Lifeless Blade,th-TH
Lưỡi Đao Tịnh Thế,Worldbreaker Blade,th-TH
Lưỡi Đao Tử Vong,Shattered Blade,th-TH
Lốc Xoáy,Vortex of Wind,th-TH
Lồng Ấp Sinh Mệnh-I,เตาอบสิ่งมีชีวิต I,th-TH
Lồng Ấp Sinh Mệnh-II,เตาอบสิ่งมีชีวิต II,th-TH
Lồng Ấp Sinh Mệnh-III,เตาอบสิ่งมีชีวิต III,th-TH
Lời Thề Sắt Lạnh,Oath of Steel,th-TH
"Lục Hợp, Chiếu Vua Bắt Xe","Sixen, King-Rook Fork",th-TH
Lửa Vũ Trụ,Blaze Out of Space,th-TH
Ma Trận Tiên Tri-I,Matrix of Prescience I,th-TH
Ma Trận Tiên Tri-II,Matrix of Prescience II,th-TH
Ma Trận Tiên Tri-III,Matrix of Prescience III,th-TH
Madu,น้ำผึ้ง,th-TH
Magi-Engenho: Dracoleão Obediente,Entranced Ingenium: Obedient Dracolion,th-TH
Magi-Engenho: Peixe-Dragão Iluminador,Entranced Ingenium: Illumination Dragonfish,th-TH
Magisches Ingenium: Gehorsamer Drakonier,Entranced Ingenium: Obedient Dracolion,th-TH
Magisches Ingenium: Leuchtdrachenfisch,Entranced Ingenium: Illumination Dragonfish,th-TH
Magoret séquenceur,Sequence Trotter,th-TH
Mahkota Bunga,มงกุฎดอกไม้,th-TH
Males Passados do Desastre do Planeta da Perfuração,Past Evils of the Borehole Planet Disaster,th-TH
Malfunctioning Chip,ชิปขัดข้อง,th-TH
Mana-Spross,Seedling of Manas,th-TH
Manto Branco Iluminado,ชุดคลุมขาวปราชญา,th-TH
Manto da Moda,ชุดคลุมนำสมัย,th-TH
Manto de Oração do Sacramento,ชุดคลุมพิธีอธิษฐาน,th-TH
Maqueta del cosmos,Cosmic Sandpit,th-TH
Maqueta del cuerpo celeste,Celestial Globe,th-TH
Maquete Cósmica,Cosmic Sandpit,th-TH
Maquette cosmique,Cosmic Sandpit,th-TH
Mar. 7th,March 7th,th-TH
Marcheur de l'ombre de l'Hiver éternel,Everwinter Shadewalker,th-TH
Marcheur de l'ombre de l'Incinération,Incineration Shadewalker,th-TH
Marco galáctico,Galaxy Framework,th-TH
Margem do Sonho (I),พรมแดนสร้างฝัน I,th-TH
Margem do Sonho (II),พรมแดนสร้างฝัน II,th-TH
Margem do Sonho (III),พรมแดนสร้างฝัน III,th-TH
Maske des höhnischen Lachens,Sneering Harlequin,th-TH
Master Control Zone Bridge (I),สะพาน Master Control Zone I,th-TH
Master Control Zone Bridge (II),สะพาน Master Control Zone II,th-TH
Master Control Zone Bridge (III),สะพาน Master Control Zone III,th-TH
Materia extraña de la Destrucción,Strange Matter of Destruction,th-TH
Material de Construção - Preservação,Preservation Construction Material,th-TH
Materiales de construcción de la Conservación,Preservation Construction Material,th-TH
Matière étrange de la Destruction,Strange Matter of Destruction,th-TH
Matrice de prémonition (I),Matrix of Prescience I,th-TH
Matrice de prémonition (II),Matrix of Prescience II,th-TH
Matrice de prémonition (III),Matrix of Prescience III,th-TH
Matrix Iteration Chip,ชิปวนซ้ำเมทริกซ์,th-TH
Matrix der Voraussicht (I),Matrix of Prescience I,th-TH
Matrix der Voraussicht (II),Matrix of Prescience II,th-TH
Matrix der Voraussicht (III),Matrix of Prescience III,th-TH
Matrix of Prescience (I),Matrix of Prescience I,th-TH
Matrix of Prescience (II),Matrix of Prescience II,th-TH
Matrix of Prescience (III),Matrix of Prescience III,th-TH
Matriz de Presciência (I),Matrix of Prescience I,th-TH
Matriz de Presciência (II),Matrix of Prescience II,th-TH
Matriz de Presciência (III),Matrix of Prescience III,th-TH
Matriz del Presagio I,Matrix of Prescience I,th-TH
Matriz del Presagio II,Matrix of Prescience II,th-TH
Matriz del Presagio III,Matrix of Prescience III,th-TH
Matéria Estranha de Destruição,Strange Matter of Destruction,th-TH
Matériaux de construction de la Préservation,Preservation Construction Material,th-TH
Maíz pop-pop,ผลปุ๊ป๊ะ,th-TH
Maïs pop-pop,ผลปุ๊ป๊ะ,th-TH
Meat Ingredient,เนื้อสัตว์,th-TH
Mechanical Parts,Mechanical Part,th-TH
Mechanische Teile,Mechanical Part,th-TH
Mechanischer Würfel,Mechanical Cube,th-TH
Mechanisches Bauteil,Artifex's Module,th-TH
Mechanisches Gyro-Herz,Artifex's Gyreheart,th-TH
Mechanisches zylindrisches Rad,Artifex's Cogwheel,th-TH
Mechanism Energy Hub,ศูนย์พลังงานจักรกล,th-TH
Mechanismus-Energiezentrum,ศูนย์พลังงานจักรกล,th-TH
Medalha Crinalva,Silvermane Medal,th-TH
Medalha de Conclusão de Tempo Limitado da Arbitragem de Anomalias,เหรียญตราผ่านด่านจำกัดเวลาผู้ตัดสินที่ผิดแปลก,th-TH
Medalha de Conclusão de Tempo Limitado da Pura Ficção,เหรียญตราผ่านด่านจำกัดเวลา Pure Fiction,th-TH
Medalha de Conclusão de Tempo Limitado da Sombra Apocalíptica,เหรียญตราผ่านด่านจำกัดเวลา Apocalyptic Shadow,th-TH
Medalha de Conclusão de Tempo Limitado do Salão Esquecido,เหรียญตราผ่านด่านจำกัดเวลา Forgotten Hall,th-TH
Medali Penyelesaian Waktu Terbatas Apocalyptic Shadow,เหรียญตราผ่านด่านจำกัดเวลา Apocalyptic Shadow,th-TH
Medali Penyelesaian Waktu Terbatas Forgotten Hall,เหรียญตราผ่านด่านจำกัดเวลา Forgotten Hall,th-TH
Medali Penyelesaian Waktu Terbatas Pure Fiction,เหรียญตราผ่านด่านจำกัดเวลา Pure Fiction,th-TH
Medalla del guardia,Silvermane Medal,th-TH
Medalla por superación en tiempo límite de Arbitraje atípico,เหรียญตราผ่านด่านจำกัดเวลาผู้ตัดสินที่ผิดแปลก,th-TH
Medalla por superación en tiempo límite de Espejismo apocalíptico,เหรียญตราผ่านด่านจำกัดเวลา Apocalyptic Shadow,th-TH
Medalla por superación en tiempo límite de Pura ficción,เหรียญตราผ่านด่านจำกัดเวลา Pure Fiction,th-TH
Medalla por superación en tiempo límite del Salón olvidado,เหรียญตราผ่านด่านจำกัดเวลา Forgotten Hall,th-TH
Mel,น้ำผึ้ง,th-TH
Mel Nutricional,Nourishing Honey,th-TH
Melodi Perayaan,ทำนองเพลงฉลอง,th-TH
Melodia Celestial,Heavenly Melody,th-TH
Melodia Harmônica,Harmonic Tune,th-TH
Melodia da Celebração,ทำนองเพลงฉลอง,th-TH
Melody of Celebration,ทำนองเพลงฉลอง,th-TH
Melodía armónica,Harmonic Tune,th-TH
Melodía de celebración,ทำนองเพลงฉลอง,th-TH
Memory Card Voucher,บัตรสุ่มการ์ดความทรงจำ,th-TH
Menschenhohe vielversprechende Pflanzen,Human-Height Auspicious Crops,th-TH
Meriam,ปืนใหญ่,th-TH
Merodeador Glacial,Frigid Prowler,th-TH
Metall,Metal,th-TH
Meteor Fragment,ชิ้นส่วนดาวตก,th-TH
Meteorische Legierung,Meteoric Alloy,th-TH
Meteoritenkugel,Meteoric Bullet,th-TH
Meteoritos de Cristal,Crystal Meteorites,th-TH
Meteoritos de cristal,Crystal Meteorites,th-TH
Miaudalena,เค้กแมวเหมียว,th-TH
Miel,น้ำผึ้ง,th-TH
Miel nutricia,Nourishing Honey,th-TH
Milagro supremo,"""ปาฏิหาริย์: แท้""",th-TH
Milho Pop,ผลปุ๊ป๊ะ,th-TH
Mina de geomédula I,สายแร่ Geomarrow I,th-TH
Mina de geomédula II,สายแร่ Geomarrow II,th-TH
Mina de geomédula III,สายแร่ Geomarrow III,th-TH
Mine Mantel Clock,นาฬิกาประจำเหมือง,th-TH
Mine de géomoelle (I),สายแร่ Geomarrow I,th-TH
Mine de géomoelle (II),สายแร่ Geomarrow II,th-TH
Mine de géomoelle (III),สายแร่ Geomarrow III,th-TH
Minenuhr,นาฬิกาประจำเหมือง,th-TH
Minuman Taktis: Banteng Biru,เครื่องดื่มกลยุทธ์: กระทิงฟ้า,th-TH
Minuman Taktis: Energi Pulsar,เครื่องดื่มกลยุทธ์: พลังคลื่นถาโถม,th-TH
Minuman Taktis: Roc Super,เครื่องดื่มกลยุทธ์: เครื่องดื่มนกยักษ์,th-TH
Minuman Taktis: SoulGlad Tinggi Energi,เครื่องดื่มกลยุทธ์: SoulGlad ทรงพลัง,th-TH
Minuman Taktis: Super Joss,เครื่องดื่มกลยุทธ์: ขุมพลัง,th-TH
Minuman Taktis: Tangan Iblis,เครื่องดื่มกลยุทธ์: มือปีศาจ,th-TH
Miracle suprême,"""ปาฏิหาริย์: แท้""",th-TH
Mirage harmonieux,Chordal Mirage,th-TH
Miragem Harmoniosa,Chordal Mirage,th-TH
Miroir de l'érudit,แว่นผู้รอบรู้,th-TH
"Model ""Automaton Beetle""","โมเดล ""Automaton Beetle""",th-TH
"Model ""Automaton Hound""","โมเดล ""Automaton Hound""",th-TH
"Model ""Automaton Spider""","โมเดล ""Automaton Spider""",th-TH
Modell einer Automaton-Spinne,"โมเดล ""Automaton Spider""",th-TH
Modell eines Automaton-Hundes,"โมเดล ""Automaton Hound""",th-TH
Modell eines Automaton-Käfers,"โมเดล ""Automaton Beetle""",th-TH
Modelo de Autômato Aracnídeo,"โมเดล ""Automaton Spider""",th-TH
Modelo de Autômato Canino,"โมเดล ""Automaton Hound""",th-TH
Modelo de Autômato Insectoide,"โมเดล ""Automaton Beetle""",th-TH
Modische Robe,ชุดคลุมนำสมัย,th-TH
Module artisanal,Artifex's Module,th-TH
Modèle d'Automate araignée,"โมเดล ""Automaton Spider""",th-TH
Modèle d'Automate chien,"โมเดล ""Automaton Hound""",th-TH
Modèle d'Automate scarabée,"โมเดล ""Automaton Beetle""",th-TH
Moeda de Nova Jogada,เหรียญสุ่มใหม่,th-TH
Moeda de Ouro,เหรียญทอง,th-TH
Moeda de Ouro das Fadas,เหรียญทองภูต,th-TH
Moelle de sel gemme des profondeurs,Deep Marrow Rock Salt,th-TH
Molar Antigo,Old Molar,th-TH
Mondlicht im Dunkelschleier,Darkveil Moonlight,th-TH
Moneda conmemorativa arcadia,เหรียญสุขาวดี,th-TH
Moneda de oro,เหรียญทอง,th-TH
Moneda de reintento,เหรียญสุ่มใหม่,th-TH
Monedas de oro,เหรียญทอง,th-TH
Monitoring Room (I),ห้องมอนิเตอร์ I,th-TH
Monitoring Room (II),ห้องมอนิเตอร์ II,th-TH
Monitoring Room (III),ห้องมอนิเตอร์ III,th-TH
Monitoring Room I,ห้องมอนิเตอร์ I,th-TH
Monitoring Room II,ห้องมอนิเตอร์ II,th-TH
Monitoring Room III,ห้องมอนิเตอร์ III,th-TH
Monsieur Patfroide,คุณชายขาแข็ง,th-TH
Monument de l'Hiver éternel (I),Everwinter Monument I,th-TH
Monument de l'Hiver éternel (II),Everwinter Monument II,th-TH
Monument de l'Hiver éternel (III),Everwinter Monument III,th-TH
Monumento ao Inverno Eterno (I),Everwinter Monument I,th-TH
Monumento ao Inverno Eterno (II),Everwinter Monument II,th-TH
Monumento ao Inverno Eterno (III),Everwinter Monument III,th-TH
Monumento del Siempreinvierno I,Everwinter Monument I,th-TH
Monumento del Siempreinvierno II,Everwinter Monument II,th-TH
Monumento del Siempreinvierno III,Everwinter Monument III,th-TH
Morale Activation Chip,ชิปเรียกขวัญกำลังใจ,th-TH
Moteur de création des rêves,Dream Making Engine,th-TH
Motor Antigo,Ancient Engine,th-TH
Motor antiguo,Ancient Engine,th-TH
Motor creasueños,Dream Making Engine,th-TH
Motor de Geração de Sonhos,Dream Making Engine,th-TH
Moule de la vie (I),เตาอบสิ่งมีชีวิต I,th-TH
Moule de la vie (II),เตาอบสิ่งมีชีวิต II,th-TH
Moule de la vie (III),เตาอบสิ่งมีชีวิต III,th-TH
Movimiento celestial,Heavenly Melody,th-TH
Mr. Cold Feet,คุณชายขาแข็ง,th-TH
Mucus de l'Harmonie,Slime of Harmony,th-TH
Muda de Manas,Seedling of Manas,th-TH
Muela vieja,Old Molar,th-TH
Multichromie : Fou souverain,"Omnicolor, Fool's Own",th-TH
Muschelanhänger,จี้เปลือกหอย,th-TH
Museo de Historia y Cultura I,พิพิธภัณฑ์ประวัติศาสตร์ และวัฒนธรรม I,th-TH
Museo de Historia y Cultura II,พิพิธภัณฑ์ประวัติศาสตร์ และวัฒนธรรม II,th-TH
Museo de Historia y Cultura III,พิพิธภัณฑ์ประวัติศาสตร์ และวัฒนธรรม III,th-TH
Museu de História e Cultura (I),พิพิธภัณฑ์ประวัติศาสตร์ และวัฒนธรรม I,th-TH
Museu de História e Cultura (II),พิพิธภัณฑ์ประวัติศาสตร์ และวัฒนธรรม II,th-TH
Museu de História e Cultura (III),พิพิธภัณฑ์ประวัติศาสตร์ และวัฒนธรรม III,th-TH
Museum für Geschichte und Kultur (I),พิพิธภัณฑ์ประวัติศาสตร์ และวัฒนธรรม I,th-TH
Museum für Geschichte und Kultur (II),พิพิธภัณฑ์ประวัติศาสตร์ และวัฒนธรรม II,th-TH
Museum für Geschichte und Kultur (III),พิพิธภัณฑ์ประวัติศาสตร์ และวัฒนธรรม III,th-TH
Music Disc,แผ่นเสียง,th-TH
Musikplatte,แผ่นเสียง,th-TH
Musée de l'histoire et de la culture (I),พิพิธภัณฑ์ประวัติศาสตร์ และวัฒนธรรม I,th-TH
Musée de l'histoire et de la culture (II),พิพิธภัณฑ์ประวัติศาสตร์ และวัฒนธรรม II,th-TH
Musée de l'histoire et de la culture (III),พิพิธภัณฑ์ประวัติศาสตร์ และวัฒนธรรม III,th-TH
Mutisme de l'unicité,Vanquished Flow's Reticence,th-TH
Muối Đá Tủy Sâu,Deep Marrow Rock Salt,th-TH
Myria-Fruit,Myriad Fruit,th-TH
Myriadenfrucht,Myriad Fruit,th-TH
Mythosknoten,Mythus Knots,th-TH
Máscara de Escárnio,Sneering Harlequin,th-TH
Máscara grotesca de la risita burlona,Sneering Harlequin,th-TH
Máy Chiếu Và Cuộn Phim Nhỏ,เครื่องฉายภาพยนตร์ และม้วนฟิล์มขนาดเล็ก,th-TH
Máy Thu Thanh Cổ,วิทยุโบราณ,th-TH
Máy Tích Tầng (Đặc Chế),Superimposer (Custom-made),th-TH
Médaille de la crinière d'argent,Silvermane Medal,th-TH
Médaille de réussite à durée limitée d'Arbitre de l'instable,เหรียญตราผ่านด่านจำกัดเวลาผู้ตัดสินที่ผิดแปลก,th-TH
Médaille de réussite à durée limitée de Fantômes de l'apocalypse,เหรียญตราผ่านด่านจำกัดเวลา Apocalyptic Shadow,th-TH
Médaille de réussite à durée limitée de Pure fiction,เหรียญตราผ่านด่านจำกัดเวลา Pure Fiction,th-TH
Médaille de réussite à durée limitée de la Salle oubliée,เหรียญตราผ่านด่านจำกัดเวลา Forgotten Hall,th-TH
Mélodie céleste,Heavenly Melody,th-TH
Mélodie de la célébration,ทำนองเพลงฉลอง,th-TH
Métal,Metal,th-TH
Météorites cristallines,Crystal Meteorites,th-TH
"Míriade de Cores, O Tolo no Comando","Omnicolor, Fool's Own",th-TH
Módulo de Artífice,Artifex's Module,th-TH
"Mô Hình ""Cỗ Máy Tự Động - Bọ Cánh Cứng""","โมเดล ""Automaton Beetle""",th-TH
"Mô Hình ""Cỗ Máy Tự Động - Chó Săn""","โมเดล ""Automaton Hound""",th-TH
"Mô Hình ""Cỗ Máy Tự Động - Nhền Nhện""","โมเดล ""Automaton Spider""",th-TH
Mô Hình Thiên Thể,Celestial Globe,th-TH
Mülltonne,ถังขยะ,th-TH
Mũ Bảo Hộ,หมวกนิรภัย,th-TH
Mũ Dấu Ấn Xưa,Lightning Crown of the Past Shadow,th-TH
Mũi Tên Diệt Quỷ,Arrow of the Demon Slayer,th-TH
Mũi Tên Săn Thú,Arrow of the Beast Hunter,th-TH
Mũi Tên Đuổi Sao,Arrow of the Starchaser,th-TH
Mơ Màng,Confounding,th-TH
Mạch Tủy Ngầm-I,สายแร่ Geomarrow I,th-TH
Mạch Tủy Ngầm-II,สายแร่ Geomarrow II,th-TH
Mạch Tủy Ngầm-III,สายแร่ Geomarrow III,th-TH
Mảnh Gương Vỡ Khát Vọng,Shards of Desires,th-TH
Mảnh Hư Vô,Hard Chip of Nihility,th-TH
Mảnh Lá Số Ảo,Leaf of Imaginary,th-TH
Mảnh Sao Băng,ชิ้นส่วนดาวตก,th-TH
Mảnh Tinh Thể Ấn Tượng,Fragments of Impression,th-TH
Mảnh Vàng Đánh Mất,Lost Gold Fragment,th-TH
Mảnh Vỡ Suy Tư,Tatters of Thought,th-TH
Mầm Cây Mana,Seedling of Manas,th-TH
Mầm Non Trường Thọ,Immortal Scionette,th-TH
Mầm Sống,Sprout of Life,th-TH
Mật Hoa Sinh Trưởng,Nourishing Honey,th-TH
Mật Ong,น้ำผึ้ง,th-TH
Mắt Bão Gió,Storm Eye,th-TH
Mắt Sấm,Eye of Lightning,th-TH
Mặt Cười Vui Vẻ,Always Smiling,th-TH
Mặt Dây Lông Vũ,จี้ขนนก,th-TH
Mặt Dây Pha Lê,จี้ผลึกหิน,th-TH
Mặt Dây Vỏ Sò,จี้เปลือกหอย,th-TH
Mặt Hề Cười Nhạo,Sneering Harlequin,th-TH
Một Ly Thời Đại Say Mèm,A Glass of the Besotted Era,th-TH
Nagel des Affen,Nail of the Ape,th-TH
Nagel im Sarg der Bestie,Nail of the Beast Coffin,th-TH
Negative Load Algorithm Chip,ชิปอัลกอริทึมเชิงลบ,th-TH
Neue Saat der Dämmerung,Fresh Seed of Dawn,th-TH
Neuwurf-Münze,เหรียญสุ่มใหม่,th-TH
Nevera de sueños,Dream Fridge,th-TH
Neverwinter Workshop (I),Neverwinter Workshop I,th-TH
Neverwinter Workshop (II),Neverwinter Workshop II,th-TH
Neverwinter Workshop (III),Neverwinter Workshop III,th-TH
Ngày Mai Trở Thành Hôm Qua,พรุ่งนี้ที่หวนสู่วันวาน,th-TH
Ngân Linh Đồng Hành,จิตสหายสีเงิน,th-TH
Ngọn Thương Của Alisa Rand,หอกของ Alisa Rand,th-TH
Nhiên Liệu,Fuel,th-TH
Nhân Viên Cơ Sở - Bảo Vệ,เจ้าหน้าที่ชั้นผู้น้อย - รปภ.,th-TH
Nhân Viên Thâm Niên - Tổ Trưởng,เจ้าหน้าที่อาวุโส - หัวหน้าทีม,th-TH
Nhật Ký Thám Hiểm,บันทึกการผจญภัย,th-TH
Nhộn Nhịp Và Náo Động,The Sound and the Fury,th-TH
Nicht funktionierender Chip,ชิปขัดข้อง,th-TH
Nimmerwinter-Werkstatt (I),Neverwinter Workshop I,th-TH
Nimmerwinter-Werkstatt (II),Neverwinter Workshop II,th-TH
Nimmerwinter-Werkstatt (III),Neverwinter Workshop III,th-TH
Niña astuta,เด็กจอมเจ้าเล่ห์,th-TH
Nombre premier suprême,"""จำนวนเฉพาะ: แท้""",th-TH
Normale Eintrittskarte,บัตรเข้างานมาตรฐาน,th-TH
Nota del firmamento,Firmament Note,th-TH
Nota do Firmamento,Firmament Note,th-TH
Note du firmament,Firmament Note,th-TH
Noticias del viaje,ความรู้จากการเดินทาง,th-TH
Notizbuch des Uhrmachers,Clockwork Inspiration Notebook,th-TH
Nouvelle graine de l'aube,Fresh Seed of Dawn,th-TH
Noyau brillant,Glimmering Core,th-TH
Noyau de glace,Core of Ice,th-TH
Noyau des méandres,Squirming Core,th-TH
Noyau éteint,Extinguished Core,th-TH
Nudos de Mythus,Mythus Knots,th-TH
Nueva semilla del amanecer,Fresh Seed of Dawn,th-TH
Nährender Honig,Nourishing Honey,th-TH
Nós de Mythus,Mythus Knots,th-TH
Núcleo Apagado,Extinguished Core,th-TH
Núcleo Cintilante,Glimmering Core,th-TH
Núcleo Contorcido,Squirming Core,th-TH
Núcleo apagado,Extinguished Core,th-TH
Núcleo de Gelo,Core of Ice,th-TH
Núcleo de hielo,Core of Ice,th-TH
Núcleo reluciente,Glimmering Core,th-TH
Núcleo serpenteante,Squirming Core,th-TH
Números primos supremos,"""จำนวนเฉพาะ: แท้""",th-TH
Nút Đỏ Lớn,"""ปุ่มแดงใหญ่""",th-TH
Nœuds de Mythus,Mythus Knots,th-TH
Nơi Ngắm Trăng Trẻ Thơ-I,จุดชมจันทร์ของหนูน้อย I,th-TH
Nơi Ngắm Trăng Trẻ Thơ-II,จุดชมจันทร์ของหนูน้อย II,th-TH
Nơi Ngắm Trăng Trẻ Thơ-III,จุดชมจันทร์ของหนูน้อย III,th-TH
Nước Mắt Phagousa,Tears of Phagousa,th-TH
Nước Sạch Thể Rắn,Solid Water,th-TH
Nốt Nhạc Đám Mây,Firmament Note,th-TH
Nụ Tàn Ánh Hoàng Hôn,Charred Bud of Twilight,th-TH
O Amanhã Que Antecede a Sua Véspera,พรุ่งนี้ที่หวนสู่วันวาน,th-TH
O Devaneio (Mundonírico) I,โรงแรม Reverie - แดนฝัน I,th-TH
O Devaneio (Mundonírico) II,โรงแรม Reverie - แดนฝัน II,th-TH
O Devaneio (Mundonírico) III,โรงแรม Reverie - แดนฝัน III,th-TH
O Devaneio (Realidade) I,"โรงแรม ""Reverie"" - ความจริง I",th-TH
O Devaneio (Realidade) II,"โรงแรม ""Reverie"" - ความจริง II",th-TH
O Devaneio (Realidade) III,"โรงแรม ""Reverie"" - ความจริง III",th-TH
O Som e a Fúria,The Sound and the Fury,th-TH
Obligation de Herta,Herta Bond,th-TH
Obsidian der Besessenheit,Obsidian of Obsession,th-TH
Obsidian der Glanzlosigkeit,Obsidian of Dread,th-TH
Obsidian der Trostlosigkeit,Obsidian of Desolation,th-TH
Obsidiana da Desolação,Obsidian of Desolation,th-TH
Obsidiana da Obsessão,Obsidian of Obsession,th-TH
Obsidiana de la obsesión,Obsidian of Obsession,th-TH
Obsidiana del vacío,Obsidian of Desolation,th-TH
Obsidiana do Temor,Obsidian of Dread,th-TH
Obsidiana lúgubre,Obsidian of Dread,th-TH
Obsidienne d'effroi,Obsidian of Dread,th-TH
Obsidienne d'obsession,Obsidian of Obsession,th-TH
Obsidienne de désolation,Obsidian of Desolation,th-TH
Ode an die Familie,Ancestral Hymn,th-TH
Oficina do Inverno Efêmero (I),Neverwinter Workshop I,th-TH
Oficina do Inverno Efêmero (II),Neverwinter Workshop II,th-TH
Oficina do Inverno Efêmero (III),Neverwinter Workshop III,th-TH
Oignon larmoyant,หัวหอมหยดน้ำตา,th-TH
Oil Painting of the Golden Theater,ภาพสีน้ำมันโรงละคร Golden Theater,th-TH
Oil Painting with a Distant View of Belobog,ภาพสีน้ำมันรูปวิวระยะไกลของ Belobog,th-TH
Oil Painting with a Panorama of the Great Mine,ภาพสีน้ำมันรูปวิวทั้งหมดของ Great Mine,th-TH
Oiseau en origami (I),นกกระดาษ I,th-TH
Oiseau en origami (II),นกกระดาษ II,th-TH
Oiseau en origami (III),นกกระดาษ III,th-TH
Ojo del rayo,Eye of Lightning,th-TH
Ojo del vendaval,Storm Eye,th-TH
Old Goethe,ลุง Goethe,th-TH
Olho Tempestuoso,Storm Eye,th-TH
Olho de Raio,Eye of Lightning,th-TH
Omnifarbe: Narrenmatt,"Omnicolor, Fool's Own",th-TH
Ondas Quânticas,Quantum Ripples,th-TH
Ondas cuánticas,Quantum Ripples,th-TH
Ondulations quantiques,Quantum Ripples,th-TH
Opus Stellaris,Stellaris Symphony,th-TH
Orden der Silbermähnen-Wache,Silvermane Medal,th-TH
Orfanato (I),สถานเลี้ยงเด็กกำพร้า I,th-TH
Orfanato (II),สถานเลี้ยงเด็กกำพร้า II,th-TH
Orfanato (III),สถานเลี้ยงเด็กกำพร้า III,th-TH
Orfanato I,สถานเลี้ยงเด็กกำพร้า I,th-TH
Orfanato II,สถานเลี้ยงเด็กกำพร้า II,th-TH
Orfanato III,สถานเลี้ยงเด็กกำพร้า III,th-TH
Origami Bird (I),นกกระดาษ I,th-TH
Origami Bird (II),นกกระดาษ II,th-TH
Origami Bird (III),นกกระดาษ III,th-TH
Origamivogel (I),นกกระดาษ I,th-TH
Origamivogel (II),นกกระดาษ II,th-TH
Origamivogel (III),นกกระดาษ III,th-TH
Orphanage (I),สถานเลี้ยงเด็กกำพร้า I,th-TH
Orphanage (II),สถานเลี้ยงเด็กกำพร้า II,th-TH
Orphanage (III),สถานเลี้ยงเด็กกำพร้า III,th-TH
Orphelinat (I),สถานเลี้ยงเด็กกำพร้า I,th-TH
Orphelinat (II),สถานเลี้ยงเด็กกำพร้า II,th-TH
Orphelinat (III),สถานเลี้ยงเด็กกำพร้า III,th-TH
Ort zur Mondbeobachtung eines Kindes (I),จุดชมจันทร์ของหนูน้อย I,th-TH
Ort zur Mondbeobachtung eines Kindes (II),จุดชมจันทร์ของหนูน้อย II,th-TH
Ort zur Mondbeobachtung eines Kindes (III),จุดชมจันทร์ของหนูน้อย III,th-TH
Oán Hận Vô Hạn,Regret of Infinite Ochema,th-TH
P'tit chewing-gum insolite,Lil' Twisty Bubble Gum,th-TH
Paciencia suprema,"""อดทน: แท้""",th-TH
Painted Power Tokens,เหรียญพลังสีสัน,th-TH
Pajarito de papel I,นกกระดาษ I,th-TH
Pajarito de papel II,นกกระดาษ II,th-TH
Pajarito de papel III,นกกระดาษ III,th-TH
Palace of Astrum (I),Palace of Astrum I,th-TH
Palace of Astrum (II),Palace of Astrum II,th-TH
Palace of Astrum (III),Palace of Astrum III,th-TH
Palacio Astrum I,Palace of Astrum I,th-TH
Palacio Astrum II,Palace of Astrum II,th-TH
Palacio Astrum III,Palace of Astrum III,th-TH
Palais de l'Astrum (I),Palace of Astrum I,th-TH
Palais de l'Astrum (II),Palace of Astrum II,th-TH
Palais de l'Astrum (III),Palace of Astrum III,th-TH
Palast von Astrum (I),Palace of Astrum I,th-TH
Palast von Astrum (II),Palace of Astrum II,th-TH
Palast von Astrum (III),Palace of Astrum III,th-TH
Palco de Celebração das Guerras de Aetherium (I),เวทีฉลองแนวรบ Aetherium I,th-TH
Palco de Celebração das Guerras de Aetherium (II),เวทีฉลองแนวรบ Aetherium II,th-TH
Palco de Celebração das Guerras de Aetherium (III),เวทีฉลองแนวรบ Aetherium III,th-TH
Palácio de Astrum (I),Palace of Astrum I,th-TH
Palácio de Astrum (II),Palace of Astrum II,th-TH
Palácio de Astrum (III),Palace of Astrum III,th-TH
Panggung Festival Perang Aetherium I,เวทีฉลองแนวรบ Aetherium I,th-TH
Panggung Perayaan Perang Aetherium II,เวทีฉลองแนวรบ Aetherium II,th-TH
Panggung Perayaan Perang Aetherium III,เวทีฉลองแนวรบ Aetherium III,th-TH
Panti Asuhan I,สถานเลี้ยงเด็กกำพร้า I,th-TH
Panti Asuhan II,สถานเลี้ยงเด็กกำพร้า II,th-TH
Panti Asuhan III,สถานเลี้ยงเด็กกำพร้า III,th-TH
Papas amarillas,มันเหลืองทอง,th-TH
Parallel Enhancement Chip,ชิปเสริมพลังแนวขนาน,th-TH
Parieur suprême,"""นักเดิมพัน: แท้""",th-TH
Partes de Engenho Descartadas,Discarded Ingenium Parts,th-TH
Particule virtuelle,Virtual Particle,th-TH
Partícula Virtual,Virtual Particle,th-TH
Partícula virtual,Virtual Particle,th-TH
Pase de los raíles estelares,Star Rail Pass,th-TH
Pase del inframundo,Netherworld Token,th-TH
Pase especial de los raíles estelares,Star Rail Special Pass,th-TH
Pass du Star Rail,Star Rail Pass,th-TH
Pass spécial du Star Rail,Star Rail Special Pass,th-TH
Passe Especial de Star Rail,Star Rail Special Pass,th-TH
Passe de Star Rail,Star Rail Pass,th-TH
Patate,มันเหลืองทอง,th-TH
Patung Clockie I,รูปปั้นเจ้าหนูนาฬิกา I,th-TH
Patung Clockie II,รูปปั้นเจ้าหนูนาฬิกา II,th-TH
Patung Clockie III,รูปปั้นเจ้าหนูนาฬิกา III,th-TH
Patung Es Voidranger (Bagian 1),รูปแกะสลักน้ำแข็ง Voidranger 1,th-TH
Patung Es Voidranger (Bagian 2),รูปแกะสลักน้ำแข็ง Voidranger 2,th-TH
"Patung Seni ""Gir dan Kebijaksanaan""","ประติมากรรม ""ฟันเฟืองกับปัญญา""",th-TH
Peapod,ฝักถั่ว,th-TH
Pecho hendido del valor,Courage-Torn Chest,th-TH
Pedra da Caça,Stone of the Hunt,th-TH
Peinture à l'huile d'un panorama de Belobog,ภาพสีน้ำมันรูปวิวระยะไกลของ Belobog,th-TH
Peinture à l'huile d'un panorama de la Grande mine,ภาพสีน้ำมันรูปวิวทั้งหมดของ Great Mine,th-TH
Pena Esfarrapada Distinta,Distinctive Tattered Feather,th-TH
Pena de Chama,Feather of Flame,th-TH
Pena de Jade,Jade Feather,th-TH
Pendentif coquillage,จี้เปลือกหอย,th-TH
Pendentif de plumes,จี้ขนนก,th-TH
Pendentif en cristal,จี้ผลึกหิน,th-TH
Pengalaman Kolektif,EXP ศึกดวลพลัง,th-TH
Penggemar Fanatik Serval,แฟนคลับตัวจี๊ดของ Serval,th-TH
Penorbe,ลูกหนาม,th-TH
Peppy (I),Peppy I,th-TH
Peppy (II),Peppy II,th-TH
Peppy (III),Peppy III,th-TH
Peppy-I,Peppy I,th-TH
Peppy-II,Peppy II,th-TH
Peppy-III,Peppy III,th-TH
Perdigón meteórico,Meteoric Bullet,th-TH
Performance Allocation Chip,ชิปจัดสรรสมรรถนะ,th-TH
Peri Perintis,ภูตบุกเบิก,th-TH
Permis de travail de la CPI,IPC Work Permit,th-TH
Permiso de trabajo de la Corporación,IPC Work Permit,th-TH
Persistencia del bronce,Endurance of Bronze,th-TH
Personal Subalterno: Vigilante de Seguridad,เจ้าหน้าที่ชั้นผู้น้อย - รปภ.,th-TH
Personal Veterano: Jefe de Equipo,เจ้าหน้าที่อาวุโส - หัวหน้าทีม,th-TH
Peti Harta Kejutan,สมบัติเซอร์ไพรส์,th-TH
Petits pois,ฝักถั่ว,th-TH
Pewarna Biru Langit,น้ำยาย้อมสีฟ้า,th-TH
Pewarna Bumi,น้ำยาย้อมสีดิน,th-TH
Pewarna Ungu,น้ำยาย้อมสีม่วง,th-TH
Peça Antiga,Ancient Part,th-TH
Peças Mecânicas,Mechanical Part,th-TH
Pfeil des Bestienjägers,Arrow of the Beast Hunter,th-TH
Pfeil des Dämonentöters,Arrow of the Demon Slayer,th-TH
Pfeil des Sternenfängers,Arrow of the Starchaser,th-TH
Phagousas Herz,Heart of Phagousa,th-TH
Phagousas Träne,Tears of Phagousa,th-TH
Phagousas Wein,Wine of Phagousa,th-TH
Phantasia's Blessing,พรแห่งท่วงทำนองมายา,th-TH
Phase Flame,มิติเปลวเพลิง,th-TH
Phasenflamme,มิติเปลวเพลิง,th-TH
Phaénon,Phainon,th-TH
Phiếu Công Trái Herta,Herta Bond,th-TH
Phiếu Nhiên Liệu,ตั๋วเชื้อเพลิง,th-TH
Phlogistique,โฟลจิสตัน,th-TH
Phlogiston,โฟลจิสตัน,th-TH
Physical Game Cartridge,ตลับเกม,th-TH
Physische Spielkassette,ตลับเกม,th-TH
Pháo Thủ Bờm Bạc,Silvermane Cannoneer,th-TH
Pháo Đài Qlipoth-I,ป้อม Qlipoth I,th-TH
Pháo Đài Qlipoth-II,ป้อม Qlipoth II,th-TH
Pháo Đài Qlipoth-III,ป้อม Qlipoth III,th-TH
Phòng Giám Sát-I,ห้องมอนิเตอร์ I,th-TH
Phòng Giám Sát-II,ห้องมอนิเตอร์ II,th-TH
Phòng Giám Sát-III,ห้องมอนิเตอร์ III,th-TH
Piedra de la Cacería,Stone of the Hunt,th-TH
Piep-Piep-Werkzeugkiste,กล่องเครื่องมือจิ๊บจิ๊บตุ๊บตั๊บ,th-TH
Pierre de la Chasse,Stone of the Hunt,th-TH
Pilares da Criação (I),Pillars of Creation I,th-TH
Pilares da Criação (II),Pillars of Creation II,th-TH
Pilares da Criação (III),Pillars of Creation III,th-TH
Pilares de la Creación I,Pillars of Creation I,th-TH
Pilares de la Creación II,Pillars of Creation II,th-TH
Pilares de la Creación III,Pillars of Creation III,th-TH
Piliers de la création (I),Pillars of Creation I,th-TH
Piliers de la création (II),Pillars of Creation II,th-TH
Piliers de la création (III),Pillars of Creation III,th-TH
Pillars of Creation (I),Pillars of Creation I,th-TH
Pillars of Creation (II),Pillars of Creation II,th-TH
Pillars of Creation (III),Pillars of Creation III,th-TH
Piment Hissa,พริกซี้ดซ้าด,th-TH
Pimenta Hissa,พริกซี้ดซ้าด,th-TH
Pin Kenangan,ตราที่ระลึก,th-TH
Pin del guardia,Silvermane Badge,th-TH
Pinceau lucide,Lucid Awl,th-TH
Pincel Lúcido,Lucid Awl,th-TH
Pincel de los sueños,Lucid Awl,th-TH
Pingente de Concha,จี้เปลือกหอย,th-TH
Pingente de Cristal,จี้ผลึกหิน,th-TH
Pingente de Pena,จี้ขนนก,th-TH
Pintura a Óleo com um Panorama da Grande Mina,ภาพสีน้ำมันรูปวิวทั้งหมดของ Great Mine,th-TH
Pintura a Óleo com uma Vista Distante de Belobog,ภาพสีน้ำมันรูปวิวระยะไกลของ Belobog,th-TH
Pintura a Óleo do Teatro Dourado,ภาพสีน้ำมันโรงละคร Golden Theater,th-TH
Pintura al óleo de una vista lejana de Belobog,ภาพสีน้ำมันรูปวิวระยะไกลของ Belobog,th-TH
Pintura al óleo de una vista panorámica de la mina principal,ภาพสีน้ำมันรูปวิวทั้งหมดของ Great Mine,th-TH
Pintura al óleo del Teatro Dorado,ภาพสีน้ำมันโรงละคร Golden Theater,th-TH
Pistol Penilai I,ปืนประเมินคะแนน I,th-TH
Pistol Penilai II,ปืนประเมินคะแนน II,th-TH
Pistol Penilai III,ปืนประเมินคะแนน III,th-TH
Pistola de Avaliação (I),ปืนประเมินคะแนน I,th-TH
Pistola de Avaliação (II),ปืนประเมินคะแนน II,th-TH
Pistola de Avaliação (III),ปืนประเมินคะแนน III,th-TH
Pistola evaluadora I,ปืนประเมินคะแนน I,th-TH
Pistola evaluadora II,ปืนประเมินคะแนน II,th-TH
Pistola evaluadora III,ปืนประเมินคะแนน III,th-TH
Pistolet d'évaluation (I),ปืนประเมินคะแนน I,th-TH
Pistolet d'évaluation (II),ปืนประเมินคะแนน II,th-TH
Pistolet d'évaluation (III),ปืนประเมินคะแนน III,th-TH
Pixel Core Cartridge,ตลับแกนกลางพิกเซล,th-TH
Pixelkern-Kassette,ตลับแกนกลางพิกเซล,th-TH
Pièce de relance,เหรียญสุ่มใหม่,th-TH
Pièces d'ingéniosité jetées,Discarded Ingenium Parts,th-TH
Pièces mécaniques,Mechanical Part,th-TH
Piétineur des Rangers du néant,Voidranger: Trampler,th-TH
Planches Toudoux dessinées à la main,"""The Fluffy"" Hand-drawn Storyboards",th-TH
Plantações Auspiciosas de Estatura Humana,Human-Height Auspicious Crops,th-TH
Pluma auspiciosa,Auspice Sliver,th-TH
Pluma creasueños,Dreamweave Steel,th-TH
Pluma de jade,Jade Feather,th-TH
Pluma del despertar,Distinctive Tattered Feather,th-TH
Pluma del fuego,Feather of Flame,th-TH
Plume de bon augure,Auspice Sliver,th-TH
Plume de flamme,Feather of Flame,th-TH
Plume de jade,Jade Feather,th-TH
Plume du départ,Distinctive Tattered Feather,th-TH
Plume tissée de rêves,Dreamweave Steel,th-TH
Plumipinchos,ลูกหนาม,th-TH
Pod Eksperimen Biologi I,ห้องทดลองชีวภาพ I,th-TH
Pod Eksperimen Biologi II,ห้องทดลองชีวภาพ II,th-TH
Pod Eksperimen Biologi III,ห้องทดลองชีวภาพ III,th-TH
Poeira Estelar Dispersa,Scattered Stardust,th-TH
Poeira Estelar Solitária,ธุลีดาวเดียวดาย,th-TH
Poin Inspirasi,จุดแรงบันดาลใจ,th-TH
Poin Penghargaan,คะแนนโบนัส,th-TH
Poin Talent,แต้มพรสวรรค์,th-TH
Point d'inspiration,จุดแรงบันดาลใจ,th-TH
Point d'observation de la lune de l'enfant (I),จุดชมจันทร์ของหนูน้อย I,th-TH
Point d'observation de la lune de l'enfant (II),จุดชมจันทร์ของหนูน้อย II,th-TH
Point d'observation de la lune de l'enfant (III),จุดชมจันทร์ของหนูน้อย III,th-TH
Point de talent,แต้มพรสวรรค์,th-TH
Points d'exploration,แต้มการสำรวจ,th-TH
Points de récompense,คะแนนโบนัส,th-TH
Poisson-dragon illuminé,Entranced Ingenium: Illumination Dragonfish,th-TH
Poitrine lacérée par la bravoure,Courage-Torn Chest,th-TH
Polvo del Conflicto,Grit of Strife,th-TH
Polvo estelar disperso,Scattered Stardust,th-TH
Polvo luminoso perdido,Lost Lightdust,th-TH
Polvo poderoso,ผงพลัง,th-TH
Polvo soliestelar,ธุลีดาวเดียวดาย,th-TH
Pont de la Zone de contrôle principale (I),สะพาน Master Control Zone I,th-TH
Pont de la Zone de contrôle principale (II),สะพาน Master Control Zone II,th-TH
Pont de la Zone de contrôle principale (III),สะพาน Master Control Zone III,th-TH
Ponte da Zona de Controle Principal (I),สะพาน Master Control Zone I,th-TH
Ponte da Zona de Controle Principal (II),สะพาน Master Control Zone II,th-TH
Ponte da Zona de Controle Principal (III),สะพาน Master Control Zone III,th-TH
Ponto de Observação da Lua de uma Criança (I),จุดชมจันทร์ของหนูน้อย I,th-TH
Ponto de Observação da Lua de uma Criança (II),จุดชมจันทร์ของหนูน้อย II,th-TH
Ponto de Observação da Lua de uma Criança (III),จุดชมจันทร์ของหนูน้อย III,th-TH
Ponto de Talento,แต้มพรสวรรค์,th-TH
Pontos de Cortesia,คะแนนโบนัส,th-TH
Pontos de Exploração,แต้มการสำรวจ,th-TH
Pontos de Inspiração,จุดแรงบันดาลใจ,th-TH
Pop Fruit,ผลปุ๊ป๊ะ,th-TH
Porta Para Um Novo Mundo (I),ประตูสู่โลกใหม่ I,th-TH
Porta Para Um Novo Mundo (II),ประตูสู่โลกใหม่ II,th-TH
Porta Para Um Novo Mundo (III),ประตูสู่โลกใหม่ III,th-TH
Porte du mal (I),ประตูปราบปีศาจ I,th-TH
Porte du mal (II),ประตูปราบปีศาจ II,th-TH
Porte du mal (III),ประตูปราบปีศาจ III,th-TH
Porte vers un nouveau monde (I),ประตูสู่โลกใหม่ I,th-TH
Porte vers un nouveau monde (II),ประตูสู่โลกใหม่ II,th-TH
Porte vers un nouveau monde (III),ประตูสู่โลกใหม่ III,th-TH
Portrait : Gardienne suprême Cocolia et sa fille,"ภาพเหมือนของ ""ผู้พิทักษ์สูงสุด Cocolia และลูกสาว""",th-TH
Portrait Supreme Guardian Cocolia and Her Daughter,"ภาพเหมือนของ ""ผู้พิทักษ์สูงสุด Cocolia และลูกสาว""",th-TH
Portrait de Herta (I),ภาพเหมือนของ Herta I,th-TH
Portrait de Herta (II),ภาพเหมือนของ Herta II,th-TH
Portrait de Herta (III),ภาพเหมือนของ Herta III,th-TH
Porträt von Herta (I),ภาพเหมือนของ Herta I,th-TH
Porträt von Herta (II),ภาพเหมือนของ Herta II,th-TH
Porträt von Herta (III),ภาพเหมือนของ Herta III,th-TH
Porträt „Oberste Wächterin Cocolia und ihre Tochter“,"ภาพเหมือนของ ""ผู้พิทักษ์สูงสุด Cocolia และลูกสาว""",th-TH
Portão que Subjuga o Mal (I),ประตูปราบปีศาจ I,th-TH
Portão que Subjuga o Mal (II),ประตูปราบปีศาจ II,th-TH
Portão que Subjuga o Mal (III),ประตูปราบปีศาจ III,th-TH
Potongan Meteor,ชิ้นส่วนดาวตก,th-TH
"Potret ""Supreme Guardian Cocolia dan Putrinya""","ภาพเหมือนของ ""ผู้พิทักษ์สูงสุด Cocolia และลูกสาว""",th-TH
Potret Herta I,ภาพเหมือนของ Herta I,th-TH
Potret Herta II,ภาพเหมือนของ Herta II,th-TH
Potret Herta III,ภาพเหมือนของ Herta III,th-TH
Poubelle,ถังขยะ,th-TH
Pousse de la vie,Sprout of Life,th-TH
Pousse de mana,Seedling of Manas,th-TH
Poussière d'étoiles éparse,Scattered Stardust,th-TH
Poussière de lumière perdue,Lost Lightdust,th-TH
Poussière de pouvoir,ผงพลัง,th-TH
Poussière solistellaire,ธุลีดาวเดียวดาย,th-TH
Power Dust,ผงพลัง,th-TH
Power Token,เหรียญพลัง,th-TH
Prachtvolle Eintrittskarte,บัตรเข้างานสุดเฉิดฉาย,th-TH
Prego do Caixão da Besta,Nail of the Beast Coffin,th-TH
Prego do Macaco,Nail of the Ape,th-TH
Prenúncio do Conflito,Harbinger of Strife,th-TH
Presagio del conflicto,Harbinger of Strife,th-TH
Prescripción médica suprema,"""ผลการแพทย์: แท้""",th-TH
Presságio Etéreo,Ethereal Omen,th-TH
Proeminência Radiante,Radiant Prominence,th-TH
Profondeurs de la Zone d'isolement (I),ด้านล่างสุดของ Seclusion Zone I,th-TH
Profondeurs de la Zone d'isolement (II),ด้านล่างสุดของ Seclusion Zone II,th-TH
Profondeurs de la Zone d'isolement (III),ด้านล่างสุดของ Seclusion Zone III,th-TH
Profunde Ecostella,Enigmatic Ectostella,th-TH
Profundezas da Zona de Reclusão (I),ด้านล่างสุดของ Seclusion Zone I,th-TH
Profundezas da Zona de Reclusão (II),ด้านล่างสุดของ Seclusion Zone II,th-TH
Profundezas da Zona de Reclusão (III),ด้านล่างสุดของ Seclusion Zone III,th-TH
Projecteur et son microfilm,เครื่องฉายภาพยนตร์ และม้วนฟิล์มขนาดเล็ก,th-TH
Projector and Its Microfilm,เครื่องฉายภาพยนตร์ และม้วนฟิล์มขนาดเล็ก,th-TH
Projektor und sein Mikrofilm,เครื่องฉายภาพยนตร์ และม้วนฟิล์มขนาดเล็ก,th-TH
Projetor e seu Microfilme,เครื่องฉายภาพยนตร์ และม้วนฟิล์มขนาดเล็ก,th-TH
Prosperity Certificate,ตราพลังการค้า,th-TH
Protection d'ambre,Safeguard of Amber,th-TH
Proteinreis,Protein Rice,th-TH
Proteção de Âmbar,Safeguard of Amber,th-TH
Protuberancia radiante,Radiant Prominence,th-TH
Protubérance solaire éclatante,Radiant Prominence,th-TH
Proyector y su microfilm,เครื่องฉายภาพยนตร์ และม้วนฟิล์มขนาดเล็ก,th-TH
Proyektor dan Mikrofilm,เครื่องฉายภาพยนตร์ และม้วนฟิล์มขนาดเล็ก,th-TH
Prämienpunkte,คะแนนโบนัส,th-TH
Présage du Conflit,Harbinger of Strife,th-TH
Présage éthéré,Ethereal Omen,th-TH
Préservation suprême,"""ตั้งมั่น: แท้""",th-TH
Préstamo supremo,"""กู้ยืม: แท้""",th-TH
Prêt suprême,"""กู้ยืม: แท้""",th-TH
Puce d'action rapide,ชิปคำสั่งด่วน,th-TH
Puce d'activation de Moral,ชิปเรียกขวัญกำลังใจ,th-TH
Puce d'algorithme de charge négative,ชิปอัลกอริทึมเชิงลบ,th-TH
Puce d'auto-réparation,ชิปซ่อมแซมอัตโนมัติ,th-TH
Puce d'intervention immédiate,ชิปแทรกแซงชั่วคราว,th-TH
Puce d'optimisation d'efficacité,ชิปเพิ่มประสิทธิภาพ,th-TH
Puce d'échappatoire temporaire,ชิปหลบภัยชั่วคราว,th-TH
Puce de Magoret 2.0,ชิปแพตช์ Trotter,th-TH
Puce de blocage d'attaque,ชิปสกัดการโจมตี,th-TH
Puce de distribution de charge,ชิปจัดสรรสมรรถนะ,th-TH
Puce de dysfonctionnement,ชิปขัดข้อง,th-TH
Puce de fendeur de bouclier,ชิปทลายโล่,th-TH
Puce de force tranquille,ชิปโหลดความเร็วต่ำ,th-TH
Puce de lancement à pleine capacité,ชิปเปิดใช้งานเต็มตัว,th-TH
Puce de matrice d'itération,ชิปวนซ้ำเมทริกซ์,th-TH
Puce de mise à jour générale,ชิปอัปเกรดทั่วไป,th-TH
Puce de mode sans échec,ชิปโหมดปลอดภัย,th-TH
Puce de nettoyage en profondeur,ชิปขจัดราบคาบ,th-TH
Puce de pare-feu,ชิปไฟร์วอลล์,th-TH
Puce de performance persistante,ชิปเบิกสมรรถนะ,th-TH
Puce de purification,ชิปเคลียร์ข้อมูล,th-TH
Puce de recyclage de charge,ชิปพลังงานหมุนเวียน,th-TH
Puce de redémarrage d'urgence,ชิปรีสตาร์ตฉุกเฉิน,th-TH
Puce de renforcement d'arrière-plan,ชิปเสริมพลังเบื้องหลัง,th-TH
Puce de renforcement mutuel,ชิปเสริมพลังแนวขนาน,th-TH
Puce de récupération de données,ชิปกู้ข้อมูล,th-TH
Puce de seuil de rupture,ชิปทะลวงพิสัย,th-TH
Puce de suppression progressive,ชิประงับการสูญเสีย,th-TH
Puce de système de bouclier,ชิประบบโล่,th-TH
Puce de verrouillage des calculs,ชิปล็อกการคำนวณ,th-TH
Puce de vulnérabilité au gel,ชิปช่องโหว่แช่แข็ง,th-TH
Puce de vulnérabilité à Faille du vent,ชิปช่องโหว่ลมเฉือน,th-TH
Puente de la zona de mando I,สะพาน Master Control Zone I,th-TH
Puente de la zona de mando II,สะพาน Master Control Zone II,th-TH
Puente de la zona de mando III,สะพาน Master Control Zone III,th-TH
Puerta a un nuevo mundo I,ประตูสู่โลกใหม่ I,th-TH
Puerta a un nuevo mundo II,ประตูสู่โลกใหม่ II,th-TH
Puerta a un nuevo mundo III,ประตูสู่โลกใหม่ III,th-TH
Puerta que contiene al mal I,ประตูปราบปีศาจ I,th-TH
Puerta que contiene al mal II,ประตูปราบปีศาจ II,th-TH
Puerta que contiene al mal III,ประตูปราบปีศาจ III,th-TH
Pumpkin,ฟักทอง,th-TH
Puntos de exploración,แต้มการสำรวจ,th-TH
Puntos de gratificación,คะแนนโบนัส,th-TH
Puntos de inspiración,จุดแรงบันดาลใจ,th-TH
Puntos de talento,แต้มพรสวรรค์,th-TH
Purple Dye,น้ำยาย้อมสีม่วง,th-TH
Pusat Energi Mekanisme,ศูนย์พลังงานจักรกล,th-TH
Pássaro de Origami (I),นกกระดาษ I,th-TH
Pássaro de Origami (II),นกกระดาษ II,th-TH
Pássaro de Origami (III),นกกระดาษ III,th-TH
Pât'patoune,เค้กแมวเหมียว,th-TH
Pépinière de vaisseaux du Port Mirétoiles (I),"Stargazer Navalia ""Ship Nursery"" I",th-TH
Pépinière de vaisseaux du Port Mirétoiles (II),"Stargazer Navalia ""Ship Nursery"" II",th-TH
Pépinière de vaisseaux du Port Mirétoiles (III),"Stargazer Navalia ""Ship Nursery"" III",th-TH
Pó de Luz Perdido,Lost Lightdust,th-TH
Pó de Poder,ผงพลัง,th-TH
Qlipoth Fort (I),ป้อม Qlipoth I,th-TH
Qlipoth Fort (II),ป้อม Qlipoth II,th-TH
Qlipoth Fort (III),ป้อม Qlipoth III,th-TH
Qlipoth Fort I,ป้อม Qlipoth I,th-TH
Qlipoth Fort II,ป้อม Qlipoth II,th-TH
Qlipoth Fort III,ป้อม Qlipoth III,th-TH
Quatre phases : Reflet du roi sur le fleuve,"Four Phases, Crossing the River to Check the King",th-TH
"Quatro Fases, Cruzar o Rio e Dar Xeque no Rei","Four Phases, Crossing the River to Check the King",th-TH
Quick Command Chip,ชิปคำสั่งด่วน,th-TH
Quillorb,ลูกหนาม,th-TH
Quillorbe,ลูกหนาม,th-TH
Quimera,ไคเมร่า,th-TH
Quitina Gélida,Gelid Chitin,th-TH
Quitina endoterma,Endotherm Chitin,th-TH
Quitina gélida,Gelid Chitin,th-TH
Quân Bài Quỳnh Ngọc Đế Viên-I,หมากหยกแห่งดวงดาว I,th-TH
Quân Bài Quỳnh Ngọc Đế Viên-II,หมากหยกแห่งดวงดาว II,th-TH
Quân Bài Quỳnh Ngọc Đế Viên-III,หมากหยกแห่งดวงดาว III,th-TH
Quân Hiệu Thiết Vệ,Silvermane Insignia,th-TH
Quý Ngài Chân Lạnh,คุณชายขาแข็ง,th-TH
Quả Chua,ผลเปรี้ยวจี๊ด,th-TH
Quả Gai,ลูกหนาม,th-TH
Quả Lốp Bốp,ผลปุ๊ป๊ะ,th-TH
Quả Muôn Mặt,Myriad Fruit,th-TH
Quỷ Đốt Trời,Heaven Incinerator,th-TH
Radio Antik,วิทยุโบราณ,th-TH
Radio antigua,วิทยุโบราณ,th-TH
Raffinierter Äther,Refined Aether,th-TH
Rakun Gosip,โบ้กอสซิป,th-TH
Rama del pensamiento,Bough of Thought,th-TH
Rama gloriosa inmortal,Immortal Lumintwig,th-TH
Ranh Giới Xây Mộng-I,พรมแดนสร้างฝัน I,th-TH
Ranh Giới Xây Mộng-II,พรมแดนสร้างฝัน II,th-TH
Ranh Giới Xây Mộng-III,พรมแดนสร้างฝัน III,th-TH
Rasgueo tormentoso,Thunder Strum,th-TH
Rastros de Destino,Tracks of Destiny,th-TH
Rating Pistol (I),ปืนประเมินคะแนน I,th-TH
Rating Pistol (II),ปืนประเมินคะแนน II,th-TH
Rating Pistol (III),ปืนประเมินคะแนน III,th-TH
Reaver des Rangers du néant,Voidranger: Reaver,th-TH
Recarga suprema,"""ชาร์จ: แท้""",th-TH
Recharge suprême,"""ชาร์จ: แท้""",th-TH
Recuerdos del Trueno Solar,Daythunder Anamnesis,th-TH
Red Tomato,มะเขือแดง,th-TH
Registro de Aventura,บันทึกการผจญภัย,th-TH
Registro de aventuras,บันทึกการผจญภัย,th-TH
Regret de l'ochéma infini,Regret of Infinite Ochema,th-TH
Reisebegegnungen,ความรู้จากการเดินทาง,th-TH
Reiseführer,คู่มือการเดินทาง,th-TH
Reißzähne des Mondwahnsinns,Moon Rage Fang,th-TH
Reliktreste,Relic Remains,th-TH
Relocréditos,เครดิตนาฬิกาทอง,th-TH
Reloj de la mina,นาฬิกาประจำเหมือง,th-TH
Relógio da Mina,นาฬิกาประจำเหมือง,th-TH
Remembranza defectuosa,ความทรงจำที่บกพร่อง,th-TH
Reminiszenzvon Tageslicht und Donner,Daythunder Anamnesis,th-TH
Remolino de viento,Vortex of Wind,th-TH
Rencontres de voyage,ความรู้จากการเดินทาง,th-TH
Repetición suprema,"""ทวนซ้ำ: แท้""",th-TH
Repolho Verde,กะหล่ำกลมเขียว,th-TH
Reroll Coin,เหรียญสุ่มใหม่,th-TH
Resina Automodeladora,Self-Modeling Resin,th-TH
Resina automodelante,Self-Modeling Resin,th-TH
Resina da Coragem,Resin of Valor,th-TH
Resina de los deseos,Wishful Resin,th-TH
Resina dos Desejos,Wishful Resin,th-TH
Resistência de Bronze,Endurance of Bronze,th-TH
Resplandor luminoso,Lucent Afterglow,th-TH
Resplendent Admission Ticket,บัตรเข้างานสุดเฉิดฉาย,th-TH
Restes de l'Entité transcendantale,Ascendant Debris,th-TH
Restos de Relíquia,Relic Remains,th-TH
Restos de artefacto,Relic Remains,th-TH
"Retrato ""Guardiã Suprema Cocolia e Sua Filha""","ภาพเหมือนของ ""ผู้พิทักษ์สูงสุด Cocolia และลูกสาว""",th-TH
"Retrato de Cocolia, la Guardiana Suprema, y su hija Bronya","ภาพเหมือนของ ""ผู้พิทักษ์สูงสุด Cocolia และลูกสาว""",th-TH
Retrato de Herta (I),ภาพเหมือนของ Herta I,th-TH
Retrato de Herta (II),ภาพเหมือนของ Herta II,th-TH
Retrato de Herta (III),ภาพเหมือนของ Herta III,th-TH
Retrato de Herta I,ภาพเหมือนของ Herta I,th-TH
Retrato de Herta II,ภาพเหมือนของ Herta II,th-TH
Retrato de Herta III,ภาพเหมือนของ Herta III,th-TH
Rincón de un niño para observar la luna I,จุดชมจันทร์ของหนูน้อย I,th-TH
Rincón de un niño para observar la luna II,จุดชมจันทร์ของหนูน้อย II,th-TH
Rincón de un niño para observar la luna III,จุดชมจันทร์ของหนูน้อย III,th-TH
Riz protéiné,Protein Rice,th-TH
Rota Final do Destruidor,Destroyer's Final Road,th-TH
Rote Tomate,มะเขือแดง,th-TH
Roue dentée artisanale,Artifex's Cogwheel,th-TH
Route finale du destructeur,Destroyer's Final Road,th-TH
Rádio Antigo,วิทยุโบราณ,th-TH
Rémanence luminescente,Lucent Afterglow,th-TH
Réplica de un Escarabajo Autómata,"โมเดล ""Automaton Beetle""",th-TH
Réplica de un Sabueso Autómata,"โมเดล ""Automaton Hound""",th-TH
Réplica de una Araña Autómata,"โมเดล ""Automaton Spider""",th-TH
Répétition suprême,"""ทวนซ้ำ: แท้""",th-TH
Résine auto-modelante,Self-Modeling Resin,th-TH
Résine de combat,Resin of Valor,th-TH
Résine de souhait,Wishful Resin,th-TH
Rêves brisés,ความฝันที่แตกสลาย,th-TH
Rôdeur glacial,Frigid Prowler,th-TH
Răng Cưa Sói Sắt,Broken Teeth of Iron Wolf,th-TH
Răng Hàm Cũ,Old Molar,th-TH
Răng Nanh Boris,Borisin Teeth,th-TH
Răng Nanh Trăng Cuồng,Moon Rage Fang,th-TH
Răng Sói Độc,Lupitoxin Sawteeth,th-TH
Rương Bất Ngờ,สมบัติเซอร์ไพรส์,th-TH
Rương Công Cụ Chíp Chíp,กล่องเครื่องมือจิ๊บจิ๊บตุ๊บตั๊บ,th-TH
Rượu Mật Hỗn Loạn,น้ำอมฤตอลหม่าน,th-TH
Rượu Mật Thần Thánh,น้ำอมฤต,th-TH
Rượu Phagousa,Wine of Phagousa,th-TH
Sa Bàn Vũ Trụ,Cosmic Sandpit,th-TH
Saat,Seed,th-TH
Saat der Gedanken,Bīja of Consciousness,th-TH
Saat des Überflusses,Seed of Abundance,th-TH
Sacrament Prayer Robe,ชุดคลุมพิธีอธิษฐาน,th-TH
Saeta,Strale,th-TH
Safe Mode Chip,ชิปโหมดปลอดภัย,th-TH
Safety Helmet,หมวกนิรภัย,th-TH
Saguão dos Acordes (I),โถงแห่งนักปรับเสียง I,th-TH
Saguão dos Acordes (II),โถงแห่งนักปรับเสียง II,th-TH
Saguão dos Acordes (III),โถงแห่งนักปรับเสียง III,th-TH
Sahne,ครีม,th-TH
Sal Grosso de Medulas Profundas,Deep Marrow Rock Salt,th-TH
Sal de rocas profundas,Deep Marrow Rock Salt,th-TH
Sala de Monitoramento (I),ห้องมอนิเตอร์ I,th-TH
Sala de Monitoramento (II),ห้องมอนิเตอร์ II,th-TH
Sala de Monitoramento (III),ห้องมอนิเตอร์ III,th-TH
Sala de la afinación I,โถงแห่งนักปรับเสียง I,th-TH
Sala de la afinación II,โถงแห่งนักปรับเสียง II,th-TH
Sala de la afinación III,โถงแห่งนักปรับเสียง III,th-TH
Sala de vigilancia I,ห้องมอนิเตอร์ I,th-TH
Sala de vigilancia II,ห้องมอนิเตอร์ II,th-TH
Sala de vigilancia III,ห้องมอนิเตอร์ III,th-TH
Salle de surveillance (I),ห้องมอนิเตอร์ I,th-TH
Salle de surveillance (II),ห้องมอนิเตอร์ II,th-TH
Salle de surveillance (III),ห้องมอนิเตอร์ III,th-TH
Samen des fremden Baumes,Alien Tree Seed,th-TH
Sammleredition von „Das Flauschi“,"""The Fluffy"" Collector's Edition",th-TH
San Hô Vảy Rồng,Dragon Scale Coral,th-TH
Sangre de batalla,Resin of Valor,th-TH
Saqueador del Vacío,Voidranger: Reaver,th-TH
Saturated Activation Chip,ชิปเปิดใช้งานเต็มตัว,th-TH
Saure Frucht,ผลเปรี้ยวจี๊ด,th-TH
Schicksalhafte Todesursache,Destined Expiration,th-TH
Schild,Shield,th-TH
Schimmernder Kern,Glimmering Core,th-TH
Schlag gegen die Zeit,Countertemporal Shot,th-TH
Schleim der Harmonie,Slime of Harmony,th-TH
Schlüssel der Inspiration,Key of Inspiration,th-TH
Schlüssel der Weisheit,Key of Wisdom,th-TH
Schlüssel des Wissens,Key of Knowledge,th-TH
Scholar's Mirror,แว่นผู้รอบรู้,th-TH
Schuppenschlangenspargel,Tian Dong,th-TH
Schutz des Bernsteins,Safeguard of Amber,th-TH
Schutzhelm,หมวกนิรภัย,th-TH
Schwur des Stahls,Oath of Steel,th-TH
Scionette Imortal,Immortal Scionette,th-TH
Scriptorium (I),เขตจัดเรียง I,th-TH
Scriptorium (II),เขตจัดเรียง II,th-TH
Scriptorium (III),เขตจัดเรียง III,th-TH
Scriptorium I,เขตจัดเรียง I,th-TH
Scriptorium II,เขตจัดเรียง II,th-TH
Scriptorium III,เขตจัดเรียง III,th-TH
Sculpture Rouages et Sagesse,"ประติมากรรม ""ฟันเฟืองกับปัญญา""",th-TH
Sculpture de glace d'un Ranger du néant (I),รูปแกะสลักน้ำแข็ง Voidranger 1,th-TH
Sculpture de glace d'un Ranger du néant (II),รูปแกะสลักน้ำแข็ง Voidranger 2,th-TH
Scène des Guerres de l'étherium (I),เวทีฉลองแนวรบ Aetherium I,th-TH
Scène des Guerres de l'étherium (II),เวทีฉลองแนวรบ Aetherium II,th-TH
Scène des Guerres de l'étherium (III),เวทีฉลองแนวรบ Aetherium III,th-TH
Seal Token,เหรียญอุ๋ง,th-TH
Sechs Richtungen: Schach und Turmgabel,"Sixen, King-Rook Fork",th-TH
Seclusion Zone Depths (I),ด้านล่างสุดของ Seclusion Zone I,th-TH
Seclusion Zone Depths (II),ด้านล่างสุดของ Seclusion Zone II,th-TH
Seclusion Zone Depths (III),ด้านล่างสุดของ Seclusion Zone III,th-TH
Secretos tácticos: Alerta anticipada,คัมภีร์กลยุทธ์: แหวกหญ้าให้งูตื่น,th-TH
Secretos tácticos: Cortar el problema de raíz,คัมภีร์กลยุทธ์: ตัดไฟตั้งแต่ต้นลม,th-TH
Secretos tácticos: Finta,คัมภีร์กลยุทธ์: สับขาหลอก,th-TH
Secretos tácticos: Huésped convertido en amo,คัมภีร์กลยุทธ์: รอจังหวะรุกฆาต,th-TH
Secretos tácticos: Preparación exhaustiva,คัมภีร์กลยุทธ์: รอซ้ำยามเพลี่ยงพล้ำ,th-TH
Secretos tácticos: Salido de la nada,คัมภีร์กลยุทธ์: ปั้นน้ำให้เป็นตัว,th-TH
Seehund-Marke,เหรียญอุ๋ง,th-TH
Seelentränen,Tears of Souls,th-TH
Segen der Freudenillusion,พรแห่งท่วงทำนองมายา,th-TH
Segen der Wanderung,Wayfare's Blessing,th-TH
Segen der ersten Reise,First Voyage's Blessing,th-TH
Seidenspindel,Silk Spindle,th-TH
"Seis Harmonias, Garfo de Rei e Torre","Sixen, King-Rook Fork",th-TH
Selada,ผักกาด,th-TH
Selbstformendes Harz,Self-Modeling Resin,th-TH
Seltsame Materie der Zerstörung,Strange Matter of Destruction,th-TH
Semente,Seed,th-TH
Semente da Abundância,Seed of Abundance,th-TH
Semente da Árvore Alienígena,Alien Tree Seed,th-TH
Semente do Pensamento,Bīja of Consciousness,th-TH
Sementes Frescas do Amanhecer,Fresh Seed of Dawn,th-TH
Semilla,Seed,th-TH
Semilla de la abundancia,Seed of Abundance,th-TH
Semilla de la reflexión,Bīja of Consciousness,th-TH
Semilla del árbol extraño,Alien Tree Seed,th-TH
Sempre Sorrindo,Always Smiling,th-TH
Senda final del destructor,Destroyer's Final Road,th-TH
Sengender Schattenwandler,Incineration Shadewalker,th-TH
Senior Staff: Team Leader,เจ้าหน้าที่อาวุโส - หัวหน้าทีม,th-TH
Sequenz-Sparschwein,Sequence Trotter,th-TH
Serment d'acier,Oath of Steel,th-TH
Serment suprême,"""คำสัตย์: แท้""",th-TH
Sertifikat Kejayaan,ตราพลังการค้า,th-TH
Serval's Fanatic Fan,แฟนคลับตัวจี๊ดของ Serval,th-TH
Servals fanatischer Fan,แฟนคลับตัวจี๊ดของ Serval,th-TH
Set Terminal Informasi dan Layar Monitor,ชุดเทอร์มินัลข้อมูล และหน้าจอมอนิเตอร์,th-TH
Seção Celestial,Celestial Section,th-TH
Shell Pendant,จี้เปลือกหอย,th-TH
Shield System Chip,ชิประบบโล่,th-TH
Shieldbreaker Chip,ชิปทลายโล่,th-TH
Sieges-Kraftmünze,เหรียญพลังแห่งชัยชนะ,th-TH
Siempre sonriente,Always Smiling,th-TH
Siete de Marzo,March 7th,th-TH
Silbermähnen-Kanonier,Silvermane Cannoneer,th-TH
Silbermähnen-Leutnant,Silvermane Lieutenant,th-TH
Silbermähnen-Schütze,Silvermane Gunner,th-TH
Silbermähnen-Soldat,Silvermane Soldier,th-TH
Silberner Gefährtengeist,จิตสหายสีเงิน,th-TH
Silberwolf St. 999,Silver Wolf LV.999,th-TH
Silencio taponador,Vanquished Flow's Reticence,th-TH
Silhouette du dragon vidyadharien (I),เงามังกร Vidyadhara I,th-TH
Silhouette du dragon vidyadharien (II),เงามังกร Vidyadhara II,th-TH
Silhouette du dragon vidyadharien (III),เงามังกร Vidyadhara III,th-TH
Silhueta do Dragão Vidyadhara (I),เงามังกร Vidyadhara I,th-TH
Silhueta do Dragão Vidyadhara (II),เงามังกร Vidyadhara II,th-TH
Silhueta do Dragão Vidyadhara (III),เงามังกร Vidyadhara III,th-TH
Silver Companion Spirit,จิตสหายสีเงิน,th-TH
Silver Wolf Niv. 999,Silver Wolf LV.999,th-TH
Silvermane Guard Insignia,Silvermane Insignia,th-TH
Silvermane Guard Medal,Silvermane Medal,th-TH
Silêncio do Fluxo Derrotado,Vanquished Flow's Reticence,th-TH
Sinfonia Stellaris,Stellaris Symphony,th-TH
Sinh Thái Sâu Xa,Enigmatic Ectostella,th-TH
Six absolu suprême,"""6•6: แท้""",th-TH
Six harmonies : Échec au roi et à la tour,"Sixen, King-Rook Fork",th-TH
Skor Eksplorasi,แต้มการสำรวจ,th-TH
Skriptorium (I),เขตจัดเรียง I,th-TH
Skriptorium (II),เขตจัดเรียง II,th-TH
Skriptorium (III),เขตจัดเรียง III,th-TH
Skulptur „Zahnräder und Weisheit“,"ประติมากรรม ""ฟันเฟืองกับปัญญา""",th-TH
Sky-Blue Dye,น้ำยาย้อมสีฟ้า,th-TH
Skysplitter Cannon Turret (I),ป้อมปืนเรือประชันคมดาบ I,th-TH
Skysplitter Cannon Turret (II),ป้อมปืนเรือประชันคมดาบ II,th-TH
Skysplitter Cannon Turret (III),ป้อมปืนเรือประชันคมดาบ III,th-TH
Smiley,Always Smiling,th-TH
Sobrepositor (Personalizado),Superimposer (Custom-made),th-TH
Soldado Crinalva,Silvermane Soldier,th-TH
Soldado Crinargenta,Silvermane Soldier,th-TH
Soldat de la crinière d'argent,Silvermane Soldier,th-TH
Sombra de la Incineración,Incineration Shadewalker,th-TH
Sombra del Siempreinvierno,Everwinter Shadewalker,th-TH
Sonhos Quebrados,ความฝันที่แตกสลาย,th-TH
Sonntag,Sunday,th-TH
Soplete de ensueño,Dream Flamer,th-TH
Sorcier suprême,"""ผู้ใช้อาคม: แท้""",th-TH
Sour Fruit,ผลเปรี้ยวจี๊ด,th-TH
Souvenir défectueux,ความทรงจำที่บกพร่อง,th-TH
Sparxicle,น้อง Sparxie,th-TH
Sparxielein,น้อง Sparxie,th-TH
Sparxinette,น้อง Sparxie,th-TH
Sparxinha,น้อง Sparxie,th-TH
Spross des Lebens,Sprout of Life,th-TH
Spuren des Schicksals,Tracks of Destiny,th-TH
Spurentränen,Tears of Rail,th-TH
Sr. Pantallarredonda de la Compañía Teatral de Terrores,Mr. Domescreen แห่งคณะละครฝันผวา,th-TH
Sr. Pies Fríos,คุณชายขาแข็ง,th-TH
Sr. Pé-Frio,คุณชายขาแข็ง,th-TH
Sr. Tela de Redoma da Trupe dos Pesadelos Amargos,Mr. Domescreen แห่งคณะละครฝันผวา,th-TH
Sra. Herta,ท่าน Herta,th-TH
Stachelfrucht,ลูกหนาม,th-TH
Standard Admission Ticket,บัตรเข้างานมาตรฐาน,th-TH
Standard-Outfit,ชุดเริ่มต้น,th-TH
Star-Rail-Pass,Star Rail Pass,th-TH
Star-Rail-Sonderpass,Star Rail Special Pass,th-TH
"Stargazer Navalia ""Ship Nursery"" (I)","Stargazer Navalia ""Ship Nursery"" I",th-TH
"Stargazer Navalia ""Ship Nursery"" (II)","Stargazer Navalia ""Ship Nursery"" II",th-TH
"Stargazer Navalia ""Ship Nursery"" (III)","Stargazer Navalia ""Ship Nursery"" III",th-TH
Statue de Chronou (I),รูปปั้นเจ้าหนูนาฬิกา I,th-TH
Statue de Chronou (II),รูปปั้นเจ้าหนูนาฬิกา II,th-TH
Statue de Chronou (III),รูปปั้นเจ้าหนูนาฬิกา III,th-TH
Statue de Glaux (I),รูปปั้น Glaux I,th-TH
Statue de Glaux (II),รูปปั้น Glaux II,th-TH
Statue de Glaux (III),รูปปั้น Glaux III,th-TH
Stein der Jagd,Stone of the Hunt,th-TH
Sternenfeuer-Essenz,Starfire Essence,th-TH
Sternhafen-Navalia – „Schiffs-Kinderstube“ (I),"Stargazer Navalia ""Ship Nursery"" I",th-TH
Sternhafen-Navalia – „Schiffs-Kinderstube“ (II),"Stargazer Navalia ""Ship Nursery"" II",th-TH
Sternhafen-Navalia – „Schiffs-Kinderstube“ (III),"Stargazer Navalia ""Ship Nursery"" III",th-TH
Stone of The Hunt,Stone of the Hunt,th-TH
"Storyboards de ""Fofurinha"" Desenhados à Mão","""The Fluffy"" Hand-drawn Storyboards",th-TH
Strahlende Protuberanz,Radiant Prominence,th-TH
Strahlendes Nachleuchten,Lucent Afterglow,th-TH
Strales,Strale,th-TH
Sturmauge,Storm Eye,th-TH
Suc nourricier,Nourishing Honey,th-TH
Sudden Evasion Chip,ชิปหลบภัยชั่วคราว,th-TH
Sudden Interjection Chip,ชิปแทรกแซงชั่วคราว,th-TH
Suerte suprema,"""โชคดี: แท้""",th-TH
Sueños rotos,ความฝันที่แตกสลาย,th-TH
Superponedor (personalizado),Superimposer (Custom-made),th-TH
Superposeur (sur mesure),Superimposer (Custom-made),th-TH
Surprise Chest,สมบัติเซอร์ไพรส์,th-TH
Symphonie de stellaris,Stellaris Symphony,th-TH
Sân Khấu Lễ Hội Cuộc Chiến Aetherium-I,เวทีฉลองแนวรบ Aetherium I,th-TH
Sân Khấu Lễ Hội Cuộc Chiến Aetherium-II,เวทีฉลองแนวรบ Aetherium II,th-TH
Sân Khấu Lễ Hội Cuộc Chiến Aetherium-III,เวทีฉลองแนวรบ Aetherium III,th-TH
Sägezähne mit Lupitoxin,Lupitoxin Sawteeth,th-TH
Säulen der Schöpfung (I),Pillars of Creation I,th-TH
Säulen der Schöpfung (II),Pillars of Creation II,th-TH
Säulen der Schöpfung (III),Pillars of Creation III,th-TH
Séquence céleste,Celestial Section,th-TH
Sói Bạc LV.999,Silver Wolf LV.999,th-TH
Sóng Lượng Tử,Quantum Ripples,th-TH
Súng Chấm Điểm-I,ปืนประเมินคะแนน I,th-TH
Súng Chấm Điểm-II,ปืนประเมินคะแนน II,th-TH
Súng Chấm Điểm-III,ปืนประเมินคะแนน III,th-TH
Súng Phun Giấc Mơ,Dream Flamer,th-TH
Sảnh Điều Khiển Hợp Âm-I,โถงแห่งนักปรับเสียง I,th-TH
Sảnh Điều Khiển Hợp Âm-II,โถงแห่งนักปรับเสียง II,th-TH
Sảnh Điều Khiển Hợp Âm-III,โถงแห่งนักปรับเสียง III,th-TH
Sổ Nguồn Cảm Hứng Đồng Hồ,Clockwork Inspiration Notebook,th-TH
Sợ Hãi Giẫm Nát Máu Thịt,Fear-Stomped Flesh,th-TH
Sợi Dây Huyền Thoại,Mythus Knots,th-TH
Sừng Bão Tuyết,Horn of Snow,th-TH
Sự Im Lặng Của Dòng Chảy Bị Hủy Diệt,Vanquished Flow's Reticence,th-TH
Sự Kết Thúc Của Kẻ Hủy Diệt,Destroyer's Final Road,th-TH
Taco dos Desbravadores,ไม้เบสบอลของผู้บุกเบิก,th-TH
Tactical Beverage: Blu Bull,เครื่องดื่มกลยุทธ์: กระทิงฟ้า,th-TH
Tactical Beverage: Devil's Hand,เครื่องดื่มกลยุทธ์: มือปีศาจ,th-TH
Tactical Beverage: High Energy SoulGlad,เครื่องดื่มกลยุทธ์: SoulGlad ทรงพลัง,th-TH
Tactical Beverage: Mighty Quench,เครื่องดื่มกลยุทธ์: ขุมพลัง,th-TH
Tactical Beverage: Pulse Energy,เครื่องดื่มกลยุทธ์: พลังคลื่นถาโถม,th-TH
Tactical Beverage: Westroc Super Drink,เครื่องดื่มกลยุทธ์: เครื่องดื่มนกยักษ์,th-TH
Tactical Codex: Early Reveal,คัมภีร์กลยุทธ์: แหวกหญ้าให้งูตื่น,th-TH
Tactical Codex: Feint Attack,คัมภีร์กลยุทธ์: สับขาหลอก,th-TH
Tactical Codex: Lie in Wait,คัมภีร์กลยุทธ์: รอซ้ำยามเพลี่ยงพล้ำ,th-TH
Tactical Codex: Out of Thin Air,คัมภีร์กลยุทธ์: ปั้นน้ำให้เป็นตัว,th-TH
Tactical Codex: Stealing Their Thunder,คัมภีร์กลยุทธ์: รอจังหวะรุกฆาต,th-TH
Tactical Codex: Uproot the Cause,คัมภีร์กลยุทธ์: ตัดไฟตั้งแต่ต้นลม,th-TH
Tai Họa Ám Ảnh Trên Hành Tinh Sâu,Past Evils of the Borehole Planet Disaster,th-TH
Taktik Rahasia: Atasi Masalah dari Akarnya,คัมภีร์กลยุทธ์: ตัดไฟตั้งแต่ต้นลม,th-TH
Taktik Rahasia: Dari Tiada Menjadi Ada,คัมภีร์กลยุทธ์: ปั้นน้ำให้เป็นตัว,th-TH
Taktik Rahasia: Kejutkan Lawan,คัมภีร์กลยุทธ์: แหวกหญ้าให้งูตื่น,th-TH
Taktik Rahasia: Mengambil Alih Kendali,คัมภีร์กลยุทธ์: รอจังหวะรุกฆาต,th-TH
Taktik Rahasia: Serangan Tipu-Tipu,คัมภีร์กลยุทธ์: สับขาหลอก,th-TH
Taktik Rahasia: Tunggu Musuh Lelah,คัมภีร์กลยุทธ์: รอซ้ำยามเพลี่ยงพล้ำ,th-TH
Taktisches Geheimnis: Aus dem Nichts,คัมภีร์กลยุทธ์: ปั้นน้ำให้เป็นตัว,th-TH
Taktisches Geheimnis: Fintenangriff,คัมภีร์กลยุทธ์: สับขาหลอก,th-TH
Taktisches Geheimnis: Maximale Wirksamkeit,คัมภีร์กลยุทธ์: รอซ้ำยามเพลี่ยงพล้ำ,th-TH
Taktisches Geheimnis: Radikale Maßnahmen,คัมภีร์กลยุทธ์: ตัดไฟตั้งแต่ต้นลม,th-TH
Taktisches Geheimnis: Vorzeitige Enthüllung,คัมภีร์กลยุทธ์: แหวกหญ้าให้งูตื่น,th-TH
Taktisches Geheimnis: Wind aus den Segeln,คัมภีร์กลยุทธ์: รอจังหวะรุกฆาต,th-TH
Taktisches Getränk: Blu Bull,เครื่องดื่มกลยุทธ์: กระทิงฟ้า,th-TH
Taktisches Getränk: Devil’s Hand,เครื่องดื่มกลยุทธ์: มือปีศาจ,th-TH
Taktisches Getränk: Mighty Quench,เครื่องดื่มกลยุทธ์: ขุมพลัง,th-TH
Taktisches Getränk: Pulse Energy,เครื่องดื่มกลยุทธ์: พลังคลื่นถาโถม,th-TH
Taktisches Getränk: Roc Blast,เครื่องดื่มกลยุทธ์: เครื่องดื่มนกยักษ์,th-TH
Taktisches Getränk: SeelFroh Energy,เครื่องดื่มกลยุทธ์: SoulGlad ทรงพลัง,th-TH
Talent Point,แต้มพรสวรรค์,th-TH
Talentpunkt,แต้มพรสวรรค์,th-TH
Talisman d'exorcisme,Exorcismal Fulu,th-TH
Talismán del exorcismo,Exorcismal Fulu,th-TH
Talismã de Exorcismo,Exorcismal Fulu,th-TH
Taller del Nuncainvierno I,Neverwinter Workshop I,th-TH
Taller del Nuncainvierno II,Neverwinter Workshop II,th-TH
Taller del Nuncainvierno III,Neverwinter Workshop III,th-TH
Tambang Mineral Geomarrow I,สายแร่ Geomarrow I,th-TH
Tambang Mineral Geomarrow II,สายแร่ Geomarrow II,th-TH
Tambang Mineral Geomarrow III,สายแร่ Geomarrow III,th-TH
Tarjeta de acceso,บัตรผ่าน,th-TH
Tear of Phagousa,Tears of Phagousa,th-TH
Tearmaker Onion,หัวหอมหยดน้ำตา,th-TH
Tecelão Imaginário,Imaginary Weaver,th-TH
Teinture bleu ciel,น้ำยาย้อมสีฟ้า,th-TH
Teinture terre,น้ำยาย้อมสีดิน,th-TH
Teinture violette,น้ำยาย้อมสีม่วง,th-TH
Tejedora Imaginaria,Imaginary Weaver,th-TH
Tempat Anak-Anak Menatap Bulan I,จุดชมจันทร์ของหนูน้อย I,th-TH
Tempat Anak-Anak Menatap Bulan II,จุดชมจันทร์ของหนูน้อย II,th-TH
Tempat Anak-Anak Menatap Bulan III,จุดชมจันทร์ของหนูน้อย III,th-TH
Tenente Crinalva,Silvermane Lieutenant,th-TH
Teniente Crinargenta,Silvermane Lieutenant,th-TH
Tenue par défaut,ชุดเริ่มต้น,th-TH
Terminal Kontrol Automaton,เทอร์มินัลควบคุม Automaton,th-TH
Terminal de Controle de Autômato,เทอร์มินัลควบคุม Automaton,th-TH
Terminal de Informação e Conjunto de Monitores de Exibição,ชุดเทอร์มินัลข้อมูล และหน้าจอมอนิเตอร์,th-TH
Terminal de control autómata,เทอร์มินัลควบคุม Automaton,th-TH
Terminal de contrôle d'automate,เทอร์มินัลควบคุม Automaton,th-TH
Terminal informatique et écran d'affichage,ชุดเทอร์มินัลข้อมูล และหน้าจอมอนิเตอร์,th-TH
Teufel der himmlischen Verbrennung,Heaven Incinerator,th-TH
The Essence of Dreams (I),แก่นของความฝัน I,th-TH
The Essence of Dreams (II),แก่นของความฝัน II,th-TH
The Essence of Dreams (III),แก่นของความฝัน III,th-TH
The Fluffy Collector's Edition,"""The Fluffy"" Collector's Edition",th-TH
The Fluffy Hand-drawn Storyboards,"""The Fluffy"" Hand-drawn Storyboards",th-TH
The Fluffy Serialization Memorial Issue,"""The Fluffy"" Serialization Memorial Issue",th-TH
The Herta,ท่าน Herta,th-TH
The Reverie (Dreamscape) I,โรงแรม Reverie - แดนฝัน I,th-TH
The Reverie (Dreamscape) II,โรงแรม Reverie - แดนฝัน II,th-TH
The Reverie (Dreamscape) III,โรงแรม Reverie - แดนฝัน III,th-TH
The Reverie (Reality) I,"โรงแรม ""Reverie"" - ความจริง I",th-TH
The Reverie (Reality) II,"โรงแรม ""Reverie"" - ความจริง II",th-TH
The Reverie (Reality) III,"โรงแรม ""Reverie"" - ความจริง III",th-TH
Thiên Thạch,Meteoric Alloy,th-TH
Thiết Bị Lưu Giữ Giấc Mơ,Dream Collection Component,th-TH
Threshold Disruption Chip,ชิปทะลวงพิสัย,th-TH
Thuốc Nhuộm Màu Lam,น้ำยาย้อมสีฟ้า,th-TH
Thuốc Nhuộm Màu Tím,น้ำยาย้อมสีม่วง,th-TH
Thuốc Nhuộm Màu Đất,น้ำยาย้อมสีดิน,th-TH
Thép Luyện Xây Mộng,Dreamweave Steel,th-TH
Thép Đúc Hư Ảo,Void Cast Iron,th-TH
Thìa Vàng,ช้อนทองคำ,th-TH
Thông Lệnh Cõi Âm,Netherworld Token,th-TH
Thùng Rác,ถังขยะ,th-TH
Thú Đại Địa,อสูรธรณี,th-TH
Thẻ Công Tác IPC,IPC Work Permit,th-TH
Thẻ Quyền Hạn,บัตรผ่าน,th-TH
Thể Khí Lưu,Gaseous liquid,th-TH
Thịt,เนื้อสัตว์,th-TH
Thức Uống Chiến Thuật - Bàn Tay Của Quỷ,เครื่องดื่มกลยุทธ์: มือปีศาจ,th-TH
Thức Uống Chiến Thuật - Bò Xanh,เครื่องดื่มกลยุทธ์: กระทิงฟ้า,th-TH
Thức Uống Chiến Thuật - Năng Lượng Mạch Xung,เครื่องดื่มกลยุทธ์: พลังคลื่นถาโถม,th-TH
Thức Uống Chiến Thuật - SoulGlad Năng Lượng Cao,เครื่องดื่มกลยุทธ์: SoulGlad ทรงพลัง,th-TH
Thức Uống Chiến Thuật - Đại Bàng Phương Tây,เครื่องดื่มกลยุทธ์: เครื่องดื่มนกยักษ์,th-TH
Thức Uống Chiến Thuật - Đại Lực Bảo,เครื่องดื่มกลยุทธ์: ขุมพลัง,th-TH
Thực - 6•6,"""6•6: แท้""",th-TH
Thực - Con Bạc,"""นักเดิมพัน: แท้""",th-TH
Thực - Cuồng Chiến,"""คลั่งรบ: แท้""",th-TH
Thực - Cây Xương Rồng,"""กระบองเพชร: แท้""",th-TH
Thực - Di Ngôn,"""คำสั่งเสีย: แท้""",th-TH
Thực - Khiên Sao,"""โล่ดวงดาว: แท้""",th-TH
Thực - Kỳ Tích,"""ปาฏิหาริย์: แท้""",th-TH
Thực - Lặp Lại,"""ทวนซ้ำ: แท้""",th-TH
Thực - Lời Dặn Của Bác Sĩ,"""ผลการแพทย์: แท้""",th-TH
Thực - Lời Thề,"""คำสัตย์: แท้""",th-TH
Thực - Nhịp Tim,"""หัวใจเต้น: แท้""",th-TH
Thực - Số Nguyên Tố,"""จำนวนเฉพาะ: แท้""",th-TH
Thực - Thuật Sư,"""ผู้ใช้อาคม: แท้""",th-TH
Thực - Tiến Hóa,"""วิวัฒนาการ: แท้""",th-TH
Thực - Trả Thù,"""แก้แค้น: แท้""",th-TH
Thực - Vay Nợ,"""กู้ยืม: แท้""",th-TH
Thực - Vận Mệnh,"""โชคชะตา: แท้""",th-TH
Thực - Đạn Ma,"""กระสุนเวท: แท้""",th-TH
Tian dong,Tian Dong,th-TH
Ticket für Erinnerungskarte,บัตรสุ่มการ์ดความทรงจำ,th-TH
Tiefe der Isolationszone (I),ด้านล่างสุดของ Seclusion Zone I,th-TH
Tiefe der Isolationszone (II),ด้านล่างสุดของ Seclusion Zone II,th-TH
Tiefe der Isolationszone (III),ด้านล่างสุดของ Seclusion Zone III,th-TH
Tiefes Steinsalz,Deep Marrow Rock Salt,th-TH
Tiket Masuk Emas,บัตรเข้างานทองคำ,th-TH
Tiket Masuk Standar,บัตรเข้างานมาตรฐาน,th-TH
Tiket Masuk Warna-Warni,บัตรเข้างานสุดเฉิดฉาย,th-TH
Tinh Thể Đánh Mất,Lost Crystal,th-TH
Tinh Túy Đánh Mất,Lost Essence,th-TH
Tinta Azul-Celeste,น้ำยาย้อมสีฟ้า,th-TH
Tinta Roxa,น้ำยาย้อมสีม่วง,th-TH
Tinta Terracota,น้ำยาย้อมสีดิน,th-TH
Tinte azul celeste,น้ำยาย้อมสีฟ้า,th-TH
Tinte morado,น้ำยาย้อมสีม่วง,th-TH
Tinte tierra,น้ำยาย้อมสีดิน,th-TH
Tir contre-temporel,Countertemporal Shot,th-TH
Tirador Crinargenta,Silvermane Gunner,th-TH
Tireur de la crinière d'argent,Silvermane Gunner,th-TH
Tiro Contra-Temporal,Countertemporal Shot,th-TH
Tisseuse imaginaire,Imaginary Weaver,th-TH
Tiếng Khóc Vang Vọng,Echoing Wail,th-TH
Tiền Tuyến Cấm Địa-I,แนวหน้าเขตหวงห้าม I,th-TH
Tiền Tuyến Cấm Địa-II,แนวหน้าเขตหวงห้าม II,th-TH
Tiền Tuyến Cấm Địa-III,แนวหน้าเขตหวงห้าม III,th-TH
Tiền Vàng Yêu Tinh,เหรียญทองภูต,th-TH
Tiền Đồng Hồ Vàng,เครดิตนาฬิกาทอง,th-TH
Tiệm Cơ Khí Neverwinter-I,Neverwinter Workshop I,th-TH
Tiệm Cơ Khí Neverwinter-II,Neverwinter Workshop II,th-TH
Tiệm Cơ Khí Neverwinter-III,Neverwinter Workshop III,th-TH
"Tiệm Hoa ""Ngày Hè""-I",ร้าน Eversummer Florist I,th-TH
"Tiệm Hoa ""Ngày Hè""-II",ร้าน Eversummer Florist II,th-TH
"Tiệm Hoa ""Ngày Hè""-III",ร้าน Eversummer Florist III,th-TH
Token Anjing Laut,เหรียญอุ๋ง,th-TH
Token Kekuatan,เหรียญพลัง,th-TH
Token Kekuatan Berwarna,เหรียญพลังสีสัน,th-TH
Token Kekuatan Penentu,เหรียญพลังแห่งชัยชนะ,th-TH
Token do Submundo,Netherworld Token,th-TH
Tomat Merah,มะเขือแดง,th-TH
Tomate,มะเขือแดง,th-TH
Tombak Alisa Rand,หอกของ Alisa Rand,th-TH
Tong Sampah,ถังขยะ,th-TH
Tongkat Bisbol Trailblazer,ไม้เบสบอลของผู้บุกเบิก,th-TH
Tonnerre grondant,Thunder Strum,th-TH
Tor gegen das Böse (I),ประตูปราบปีศาจ I,th-TH
Tor gegen das Böse (II),ประตูปราบปีศาจ II,th-TH
Tor gegen das Böse (III),ประตูปราบปีศาจ III,th-TH
Torreta de la Bifurcacielos I,ป้อมปืนเรือประชันคมดาบ I,th-TH
Torreta de la Bifurcacielos II,ป้อมปืนเรือประชันคมดาบ II,th-TH
Torreta de la Bifurcacielos III,ป้อมปืนเรือประชันคมดาบ III,th-TH
Torso Batizado de Glória,Glory-Aspersed Torso,th-TH
Torso bautizado de gloria,Glory-Aspersed Torso,th-TH
Toudoux : Numéro anniversaire,"""The Fluffy"" Serialization Memorial Issue",th-TH
Toudoux : Édition collector,"""The Fluffy"" Collector's Edition",th-TH
Tourelle du Fendeur des cieux (I),ป้อมปืนเรือประชันคมดาบ I,th-TH
Tourelle du Fendeur des cieux (II),ป้อมปืนเรือประชันคมดาบ II,th-TH
Tourelle du Fendeur des cieux (III),ป้อมปืนเรือประชันคมดาบ III,th-TH
Toxina suprema,"""พิษ: แท้""",th-TH
Trabalhador Braçal: Funcionário de Segurança,เจ้าหน้าที่ชั้นผู้น้อย - รปภ.,th-TH
Trailblaze-Fee,ภูตบุกเบิก,th-TH
Trailblazemon,ภูตบุกเบิก,th-TH
Trailblazer's Ball Bat,ไม้เบสบอลของผู้บุกเบิก,th-TH
Traje Padrão,ชุดเริ่มต้น,th-TH
Trang Sức Dấu Ấn Xưa,Golden Crown of the Past Shadow,th-TH
Trang Trí Mặc Định,ชุดเริ่มต้น,th-TH
Tranh Sơn Dầu Cảnh Belobog,ภาพสีน้ำมันรูปวิวระยะไกลของ Belobog,th-TH
Tranh Sơn Dầu Cảnh Khu Mỏ Khổng Lồ,ภาพสีน้ำมันรูปวิวทั้งหมดของ Great Mine,th-TH
Tranh Sơn Dầu Cảnh Nhà Hát Hoàng Kim,ภาพสีน้ำมันโรงละคร Golden Theater,th-TH
Tranquilidad,Tranquility,th-TH
Tranquilidade,Tranquility,th-TH
Tranquillité,Tranquility,th-TH
Trashcan,ถังขยะ,th-TH
Traum-Tauchfüller,Dreamweave Steel,th-TH
Traumflammenwerfer,Dream Flamer,th-TH
Traumflussventil,Dream Flow Valve,th-TH
Traumgrenze (I),พรมแดนสร้างฝัน I,th-TH
Traumgrenze (II),พรมแดนสร้างฝัน II,th-TH
Traumgrenze (III),พรมแดนสร้างฝัน III,th-TH
Traumkühlschrank,Dream Fridge,th-TH
Traummaschine,Dream Making Engine,th-TH
Traumströme (I),กระแสคลื่นความฝัน I,th-TH
Traumströme (II),กระแสคลื่นความฝัน II,th-TH
Traumströme (III),กระแสคลื่นความฝัน III,th-TH
Traumtränen,Tears of Dreams,th-TH
Travel Encounters,ความรู้จากการเดินทาง,th-TH
Traveler's Guide,คู่มือการเดินทาง,th-TH
Treibstoff,Fuel,th-TH
Treibstoffticket,ตั๋วเชื้อเพลิง,th-TH
Trendy Robe,ชุดคลุมนำสมัย,th-TH
Trigo,ข้าวสาลี,th-TH
Tro Tàn Thiên Nhân,Ascendant Debris,th-TH
Trotter Patch Chip,ชิปแพตช์ Trotter,th-TH
Trouve-tout,Findie,th-TH
"True • ""Absolute Six""","""6•6: แท้""",th-TH
"True • ""Astral Shield""","""โล่ดวงดาว: แท้""",th-TH
"True • ""Berserker""","""คลั่งรบ: แท้""",th-TH
"True • ""Cactus""","""กระบองเพชร: แท้""",th-TH
"True • ""Charging""","""ชาร์จ: แท้""",th-TH
"True • ""Defense""","""ตั้งมั่น: แท้""",th-TH
"True • ""Destiny""","""โชคชะตา: แท้""",th-TH
"True • ""Doctor's Advice""","""ผลการแพทย์: แท้""",th-TH
"True • ""Endurance""","""อดทน: แท้""",th-TH
"True • ""Evolution""","""วิวัฒนาการ: แท้""",th-TH
"True • ""Gambler""","""นักเดิมพัน: แท้""",th-TH
"True • ""Heartbeat""","""หัวใจเต้น: แท้""",th-TH
"True • ""Last Words""","""คำสั่งเสีย: แท้""",th-TH
"True • ""Loan""","""กู้ยืม: แท้""",th-TH
"True • ""Luck""","""โชคดี: แท้""",th-TH
"True • ""Magic Bullet""","""กระสุนเวท: แท้""",th-TH
"True • ""Miracle""","""ปาฏิหาริย์: แท้""",th-TH
"True • ""Oath""","""คำสัตย์: แท้""",th-TH
"True • ""Onslaught""","""ตีกระหน่ำ: แท้""",th-TH
"True • ""Prime Number""","""จำนวนเฉพาะ: แท้""",th-TH
"True • ""Repeater""","""ทวนซ้ำ: แท้""",th-TH
"True • ""Revenge""","""แก้แค้น: แท้""",th-TH
"True • ""Sorcerer""","""ผู้ใช้อาคม: แท้""",th-TH
"True • ""Venom""","""พิษ: แท้""",th-TH
Truffie (I),Diting I,th-TH
Truffie (II),Diting II,th-TH
Truffie (III),Diting III,th-TH
Truppe der Albträume: Herr Flimmerkiste,Mr. Domescreen แห่งคณะละครฝันผวา,th-TH
Trái Tim Căm Phẫn,Raging Heart,th-TH
Trái Tim Nhân Tạo,Artifex's Gyreheart,th-TH
Trái Tim Phagousa,Heart of Phagousa,th-TH
Tränenkristall des glorreichen Todes,Tear Crystal of Glorious Death,th-TH
Tränentreibende Zwiebel,หัวหอมหยดน้ำตา,th-TH
Trải Nghiệm Băng Lực Chiến,EXP ศึกดวลพลัง,th-TH
Trấn Linh Sắc Phù,Suppressing Edict,th-TH
Trấn Ác Môn-I,ประตูปราบปีศาจ I,th-TH
Trấn Ác Môn-II,ประตูปราบปีศาจ II,th-TH
Trấn Ác Môn-III,ประตูปราบปีศาจ III,th-TH
Trụ Cột Tạo Vật-I,Pillars of Creation I,th-TH
Trụ Cột Tạo Vật-II,Pillars of Creation II,th-TH
Trụ Cột Tạo Vật-III,Pillars of Creation III,th-TH
Trục Xoay Cổ Xưa,Ancient Spindle,th-TH
Tuan Kaki Dingin,คุณชายขาแข็ง,th-TH
Tunique blanche illuminée,ชุดคลุมขาวปราชญา,th-TH
Tunique d'oraison,ชุดคลุมพิธีอธิษฐาน,th-TH
Tunique tendance,ชุดคลุมนำสมัย,th-TH
Tweet-Tweet Toolbox,กล่องเครื่องมือจิ๊บจิ๊บตุ๊บตั๊บ,th-TH
Tàn Tro Chưa Tắt,Undying Ember,th-TH
Título da Herta,Herta Bond,th-TH
Túnica blanca,ชุดคลุมขาวปราชญา,th-TH
Túnica de moda,ชุดคลุมนำสมัย,th-TH
Túnica de oración,ชุดคลุมพิธีอธิษฐาน,th-TH
Tür zu einer neuen Welt (I),ประตูสู่โลกใหม่ I,th-TH
Tür zu einer neuen Welt (II),ประตูสู่โลกใหม่ II,th-TH
Tür zu einer neuen Welt (III),ประตูสู่โลกใหม่ III,th-TH
Tư Thần Cung-I,Palace of Astrum I,th-TH
Tư Thần Cung-II,Palace of Astrum II,th-TH
Tư Thần Cung-III,Palace of Astrum III,th-TH
Tượng Băng Chiến Binh Hư Không 1,รูปแกะสลักน้ำแข็ง Voidranger 1,th-TH
Tượng Băng Chiến Binh Hư Không 2,รูปแกะสลักน้ำแข็ง Voidranger 2,th-TH
Tượng Cậu Bé Đồng Hồ-I,รูปปั้นเจ้าหนูนาฬิกา I,th-TH
Tượng Cậu Bé Đồng Hồ-II,รูปปั้นเจ้าหนูนาฬิกา II,th-TH
Tượng Cậu Bé Đồng Hồ-III,รูปปั้นเจ้าหนูนาฬิกา III,th-TH
Tượng Glaux-I,รูปปั้น Glaux I,th-TH
Tượng Glaux-II,รูปปั้น Glaux II,th-TH
Tượng Glaux-III,รูปปั้น Glaux III,th-TH
Tượng Đài Everwinter-I,Everwinter Monument I,th-TH
Tượng Đài Everwinter-II,Everwinter Monument II,th-TH
Tượng Đài Everwinter-III,Everwinter Monument III,th-TH
"Tập Hợp Bản Sưu Tập ""Tàu Bông""","""The Fluffy"" Collector's Edition",th-TH
"Tứ Tướng, Qua Sông Chiếu Tướng","Four Phases, Crossing the River to Check the King",th-TH
Um Copo da Era da Inebriação,A Glass of the Besotted Era,th-TH
Undying Embers,Undying Ember,th-TH
Unidad de ábaco de jade,Jade Abacus Unit,th-TH
Unidade de Ábaco de Jade,Jade Abacus Unit,th-TH
Unschuldiger Wachsmalstift,Whimsy Wax,th-TH
Unsterbliche Glut,Undying Ember,th-TH
Unsterbliche junge Knospe,Immortal Scionette,th-TH
Unsterbliche ätherische Blume,Immortal Aeroblossom,th-TH
Unsterblicher glorreicher Zweig,Immortal Lumintwig,th-TH
Unsterbliches Sternenlicht,Undying Starlight,th-TH
Unterdrückungsedikt,Suppressing Edict,th-TH
Unterweltpass,Netherworld Token,th-TH
Uralte Spindel,Ancient Spindle,th-TH
Uralte Tischlampe,โคมไฟโบราณ,th-TH
Uraltes Radio,วิทยุโบราณ,th-TH
Uraltes Teil,Ancient Part,th-TH
Uraltes Triebwerk,Ancient Engine,th-TH
Vaga-lume,Firefly,th-TH
Vagabond,คนพเนจร,th-TH
Vagabund,คนพเนจร,th-TH
Vagabundo,คนพเนจร,th-TH
Vagem,ฝักถั่ว,th-TH
Vagrant,คนพเนจร,th-TH
Valve de débit onirique,Dream Flow Valve,th-TH
Van Dòng Chảy Giấc Mơ,Dream Flow Valve,th-TH
Variabler Würfel,Variable Dice,th-TH
Velho Goethe,ลุง Goethe,th-TH
Venganza suprema,"""แก้แค้น: แท้""",th-TH
Vengeance suprême,"""แก้แค้น: แท้""",th-TH
Venin suprême,"""พิษ: แท้""",th-TH
"Verdade • ""Apostador""","""นักเดิมพัน: แท้""",th-TH
"Verdade • ""Bala Mágica""","""กระสุนเวท: แท้""",th-TH
"Verdade • ""Batimento Cardíaco""","""หัวใจเต้น: แท้""",th-TH
"Verdade • ""Cacto""","""กระบองเพชร: แท้""",th-TH
"Verdade • ""Conselho de Médico""","""ผลการแพทย์: แท้""",th-TH
"Verdade • ""Descontrole""","""คลั่งรบ: แท้""",th-TH
"Verdade • ""Destino""","""โชคชะตา: แท้""",th-TH
"Verdade • ""Empréstimo""","""กู้ยืม: แท้""",th-TH
"Verdade • ""Escudo Astral""","""โล่ดวงดาว: แท้""",th-TH
"Verdade • ""Evolução""","""วิวัฒนาการ: แท้""",th-TH
"Verdade • ""Feiticeiro""","""ผู้ใช้อาคม: แท้""",th-TH
"Verdade • ""Juramento""","""คำสัตย์: แท้""",th-TH
"Verdade • ""Milagre""","""ปาฏิหาริย์: แท้""",th-TH
"Verdade • ""Número Primo""","""จำนวนเฉพาะ: แท้""",th-TH
"Verdade • ""Repetidor""","""ทวนซ้ำ: แท้""",th-TH
"Verdade • ""Seis Absoluto""","""6•6: แท้""",th-TH
"Verdade • ""Vingança""","""แก้แค้น: แท้""",th-TH
"Verdade • ""Últimas Palavras""","""คำสั่งเสีย: แท้""",th-TH
Verdade • Carregamento,"""ชาร์จ: แท้""",th-TH
Verdade • Defesa,"""ตั้งมั่น: แท้""",th-TH
Verdade • Investida,"""ตีกระหน่ำ: แท้""",th-TH
Verdade • Resistência,"""อดทน: แท้""",th-TH
Verdade • Sorte,"""โชคดี: แท้""",th-TH
Verdade • Toxina,"""พิษ: แท้""",th-TH
Verdichteter Äther,Condensed Aether,th-TH
Verdünnter Äther,Sparse Aether,th-TH
Verlorene Essenz,Lost Essence,th-TH
Verlorener Kristall,Lost Crystal,th-TH
Verlorener Lichtstaub,Lost Lightdust,th-TH
Verlorenes Echo des gemeinsamen Wunsches,Lost Echo of the Shared Wish,th-TH
Verlorenes Goldfragment,Lost Gold Fragment,th-TH
Verre des années folles,A Glass of the Besotted Era,th-TH
Verrostetes Zahnrad,Rusty Gear,th-TH
Vers ce demain d'autrefois,พรุ่งนี้ที่หวนสู่วันวาน,th-TH
Verstreuter Sternenstaub,Scattered Stardust,th-TH
Verwirrung,Confounding,th-TH
Vestiges de reliques,Relic Remains,th-TH
Vestigios elevados,Ascendant Debris,th-TH
Viande,เนื้อสัตว์,th-TH
Victorious Power Tokens,เหรียญพลังแห่งชัยชนะ,th-TH
Vidyadhara Dragon Silhouette (I),เงามังกร Vidyadhara I,th-TH
Vidyadhara Dragon Silhouette (II),เงามังกร Vidyadhara II,th-TH
Vidyadhara Dragon Silhouette (III),เงามังกร Vidyadhara III,th-TH
Vidyadharas Wunderecho (I),เงามังกร Vidyadhara I,th-TH
Vidyadharas Wunderecho (II),เงามังกร Vidyadhara II,th-TH
Vidyadharas Wunderecho (III),เงามังกร Vidyadhara III,th-TH
Vieille molaire,Old Molar,th-TH
Viejo Goethe,ลุง Goethe,th-TH
Vier Phasen: Flussüberquerung zum König,"Four Phases, Crossing the River to Check the King",th-TH
Vileguard Maw (I),ประตูปราบปีศาจ I,th-TH
Vileguard Maw (II),ประตูปราบปีศาจ II,th-TH
Vileguard Maw (III),ประตูปราบปีศาจ III,th-TH
Vileguard Maw I,ประตูปราบปีศาจ I,th-TH
Vileguard Maw II,ประตูปราบปีศาจ II,th-TH
Vileguard Maw III,ประตูปราบปีศาจ III,th-TH
Vin de Phagousa,Wine of Phagousa,th-TH
Vinh Quang Gột Rửa Thân Xác,Glory-Aspersed Torso,th-TH
Vinho de Phagousa,Wine of Phagousa,th-TH
Vino de Fagusa,Wine of Phagousa,th-TH
Violettes Färbemittel,น้ำยาย้อมสีม่วง,th-TH
Virtuelles Teilchen,Virtual Particle,th-TH
Visto de Trabalho da CPI,IPC Work Permit,th-TH
Vivero del Puerto Miraestrellas I,"Stargazer Navalia ""Ship Nursery"" I",th-TH
Vivero del Puerto Miraestrellas II,"Stargazer Navalia ""Ship Nursery"" II",th-TH
Vivero del Puerto Miraestrellas III,"Stargazer Navalia ""Ship Nursery"" III",th-TH
Viên Đạn Thiên Thạch,Meteoric Bullet,th-TH
Viện Bảo Tàng Văn Hóa Lịch Sử-I,พิพิธภัณฑ์ประวัติศาสตร์ และวัฒนธรรม I,th-TH
Viện Bảo Tàng Văn Hóa Lịch Sử-II,พิพิธภัณฑ์ประวัติศาสตร์ และวัฒนธรรม II,th-TH
Viện Bảo Tàng Văn Hóa Lịch Sử-III,พิพิธภัณฑ์ประวัติศาสตร์ และวัฒนธรรม III,th-TH
Viện Trẻ Mồ Côi-I,สถานเลี้ยงเด็กกำพร้า I,th-TH
Viện Trẻ Mồ Côi-II,สถานเลี้ยงเด็กกำพร้า II,th-TH
Viện Trẻ Mồ Côi-III,สถานเลี้ยงเด็กกำพร้า III,th-TH
Voidranger Ice Sculpture (I),รูปแกะสลักน้ำแข็ง Voidranger 1,th-TH
Voidranger Ice Sculpture (II),รูปแกะสลักน้ำแข็ง Voidranger 2,th-TH
Voies de la destinée,Tracks of Destiny,th-TH
Volauto del jaque universal,"Sixen, King-Rook Fork",th-TH
Volonté de conquérant,Conqueror's Will,th-TH
Voluntad de conquista,Conqueror's Will,th-TH
Von Angst zertrampelter Körper,Fear-Stomped Flesh,th-TH
Von Ehre besprengter Leib,Glory-Aspersed Torso,th-TH
Von Tapferkeit zerrissene Brust,Courage-Torn Chest,th-TH
Vontade de Conquistador,Conqueror's Will,th-TH
Vorbote des Zwists,Harbinger of Strife,th-TH
Vortex de vent,Vortex of Wind,th-TH
Vortex des Windes,Vortex of Wind,th-TH
Vàng,เหรียญทอง,th-TH
Válvula de Fluxo de Sonhos,Dream Flow Valve,th-TH
Válvula del flujo de sueños,Dream Flow Valve,th-TH
Vây Khuyết Siren,Sea Siren's Torn Fin,th-TH
Vé Rút Thẻ Ký Ức,บัตรสุ่มการ์ดความทรงจำ,th-TH
Vé Tinh Cầu,Star Rail Pass,th-TH
Vé Tinh Cầu Đặc Biệt,Star Rail Special Pass,th-TH
Vé Vào Cửa Rực Rỡ,บัตรเข้างานสุดเฉิดฉาย,th-TH
Vé Vào Cửa Tiêu Chuẩn,บัตรเข้างานมาตรฐาน,th-TH
Vé Vào Cửa Vàng,บัตรเข้างานทองคำ,th-TH
Vòng Nguyệt Quế Vàng,พวงบุปผาทองคำ,th-TH
Vórtice de Vento,Vortex of Wind,th-TH
Vœu d'héromorphose,ความปรารถนาจะเป็นฮีโร่,th-TH
Vương Miện Hoa,มงกุฎดอกไม้,th-TH
"Vạn Sắc, Kẻ Ngốc Tự Định Đoạt","Omnicolor, Fool's Own",th-TH
Vầng Sáng Chói Lòa,Radiant Prominence,th-TH
Vật Liệu Bảo Vệ,Preservation Construction Material,th-TH
Vỏ Cây Tri Thức,Tree Bark of Erudition,th-TH
Vỏ Tinh Thể Giữ Nhiệt,Endotherm Chitin,th-TH
Vỏ Tinh Thể Rét Buốt,Gelid Chitin,th-TH
Vụn Ký Ức Nón Ánh Sáng,อณูความทรงจำ Light Cone,th-TH
Waisenhaus (I),สถานเลี้ยงเด็กกำพร้า I,th-TH
Waisenhaus (II),สถานเลี้ยงเด็กกำพร้า II,th-TH
Waisenhaus (III),สถานเลี้ยงเด็กกำพร้า III,th-TH
Wehklagen aus der Ferne,Echoing Wail,th-TH
Weizen,ข้าวสาลี,th-TH
Welle der Quanten,Quantum Ripples,th-TH
Wheat,ข้าวสาลี,th-TH
Wille des Eroberers,Conqueror's Will,th-TH
Wind Shear Loophole Chip,ชิปช่องโหว่ลมเฉือน,th-TH
Wishpower Crystal,ผลึกพลังปรารถนา,th-TH
Wohlstandszertifikat,ตราพลังการค้า,th-TH
Wortel,แคร์รอต,th-TH
Wubbaboo Besar I,Wubbaboo ยักษ์ I,th-TH
Wubbaboo Besar II,Wubbaboo ยักษ์ II,th-TH
Wubbaboo Besar III,Wubbaboo ยักษ์ III,th-TH
Wubbaboo Lớn-I,Wubbaboo ยักษ์ I,th-TH
Wubbaboo Lớn-II,Wubbaboo ยักษ์ II,th-TH
Wubbaboo Lớn-III,Wubbaboo ยักษ์ III,th-TH
Wubbaboozão (I),Wubbaboo ยักษ์ I,th-TH
Wubbaboozão (II),Wubbaboo ยักษ์ II,th-TH
Wubbaboozão (III),Wubbaboo ยักษ์ III,th-TH
Wunschkraftkristall,ผลึกพลังปรารถนา,th-TH
Wunschsplitter,Shards of Desires,th-TH
Wutentbranntes Herz,Raging Heart,th-TH
Wärmeleitgel,Thermal Gel,th-TH
Xu Aideen,Aideen Token,th-TH
Xu Herta,Hertareum,th-TH
Xu Hải Cẩu,เหรียญอุ๋ง,th-TH
Xu Kỷ Niệm Arcadian,เหรียญสุขาวดี,th-TH
Xu Lực Chiến,เหรียญพลัง,th-TH
Xu Lực Chiến Quyết Thắng,เหรียญพลังแห่งชัยชนะ,th-TH
Xu Lực Chiến Sắc Màu,เหรียญพลังสีสัน,th-TH
Xu Quay Lại,เหรียญสุ่มใหม่,th-TH
Xu Vàng,เหรียญทอง,th-TH
Xà Lách,ผักกาด,th-TH
Xác Di Vật,Relic Remains,th-TH
Xúc Xắc Biến Số,Variable Dice,th-TH
Xạ Thủ Bờm Bạc,Silvermane Gunner,th-TH
Yêu Tinh Khai Phá,ภูตบุกเบิก,th-TH
Zanahoria,แคร์รอต,th-TH
Zeitlich begrenzte Abschlussmedaille von Phantom der Apokalypse,เหรียญตราผ่านด่านจำกัดเวลา Apocalyptic Shadow,th-TH
Zeitlich begrenzte Abschlussmedaille von Reine Fiktion,เหรียญตราผ่านด่านจำกัดเวลา Pure Fiction,th-TH
Zeitlich begrenzte Abschlussmedaille von Schiedsspruch der Gegensätze,เหรียญตราผ่านด่านจำกัดเวลาผู้ตัดสินที่ผิดแปลก,th-TH
Zeitlich begrenzte Abschlussmedaille von Vergessene Halle,เหรียญตราผ่านด่านจำกัดเวลา Forgotten Hall,th-TH
Zerbrochene Klinge,Shattered Blade,th-TH
Zerbrochene Träume,ความฝันที่แตกสลาย,th-TH
Zeremonielle Robe,ชุดคลุมพิธีอธิษฐาน,th-TH
Zerfetzte Flosse der Meeressirene,Sea Siren's Torn Fin,th-TH
Zerstörerische Klinge,Worldbreaker Blade,th-TH
Zuckender Kern,Squirming Core,th-TH
Zugangskarte,บัตรผ่าน,th-TH
Zurückhaltung des überwundenen Stroms,Vanquished Flow's Reticence,th-TH
Zähigkeit des Zwists,Grit of Strife,th-TH
Água Sólida,Solid Water,th-TH
Ámbar divino,Divine Amber,th-TH
Ámbar gris de la Abundancia,Ambergris of Abundance,th-TH
Ánh Sao Bất Diệt,Undying Starlight,th-TH
Ánh Trăng Bóng Tối,Darkveil Moonlight,th-TH
Ánh Tà Dương Rực Rỡ,Lucent Afterglow,th-TH
Ánh Đen Hư Không,Obsidian of Desolation,th-TH
Ánh Đen Trầm Luân,Obsidian of Obsession,th-TH
Ánh Đen U Tối,Obsidian of Dread,th-TH
Áo Choàng Thần Ngộ,ชุดคลุมขาวปราชญา,th-TH
Áo Choàng Thời Thượng,ชุดคลุมนำสมัย,th-TH
Áo Choàng Tế Lễ,ชุดคลุมพิธีอธิษฐาน,th-TH
Árbol del dragón de la Comisión de Alquimia I,ต้นมังกรแห่ง Alchemy Commission I,th-TH
Árbol del dragón de la Comisión de Alquimia II,ต้นมังกรแห่ง Alchemy Commission II,th-TH
Árbol del dragón de la Comisión de Alquimia III,ต้นมังกรแห่ง Alchemy Commission III,th-TH
Árvore Dragão da Comissão de Alquimia (I),ต้นมังกรแห่ง Alchemy Commission I,th-TH
Árvore Dragão da Comissão de Alquimia (II),ต้นมังกรแห่ง Alchemy Commission II,th-TH
Árvore Dragão da Comissão de Alquimia (III),ต้นมังกรแห่ง Alchemy Commission III,th-TH
Âmbar Divino,Divine Amber,th-TH
Âmbar-gris da Abundância,Ambergris of Abundance,th-TH
Ätherisches Omen,Ethereal Omen,th-TH
Écho perdu du vœu partagé,Lost Echo of the Shared Wish,th-TH
Écorce d'arbre de l'Érudition,Tree Bark of Erudition,th-TH
Écrantateur de la Troupe Chocmar,Mr. Domescreen แห่งคณะละครฝันผวา,th-TH
Écus,Shield,th-TH
Éliminateur des Rangers du néant,Voidranger: Eliminator,th-TH
Épis géants de lutte contre la faim,Human-Height Auspicious Crops,th-TH
Éric,Eric,th-TH
Éter Condensado,Condensed Aether,th-TH
Éter Espalhado,Sparse Aether,th-TH
Éter Refinado,Refined Aether,th-TH
Éter condensado,Condensed Aether,th-TH
Éter disperso,Sparse Aether,th-TH
Éter refinado,Refined Aether,th-TH
Éther condensé,Condensed Aether,th-TH
Éther dilué,Sparse Aether,th-TH
Éther purifié,Refined Aether,th-TH
Évolution suprême,"""วิวัฒนาการ: แท้""",th-TH
Ô Nhịp Thiên Không,Celestial Section,th-TH
Ông Goethe,ลุง Goethe,th-TH
Ölgemälde des Goldenen Theaters,ภาพสีน้ำมันโรงละคร Golden Theater,th-TH
Ölgemälde mit einem Panorama der Großen Mine,ภาพสีน้ำมันรูปวิวทั้งหมดของ Great Mine,th-TH
Ölgemälde von Belobog aus der Ferne,ภาพสีน้ำมันรูปวิวระยะไกลของ Belobog,th-TH
Últimas palabras supremas,"""คำสั่งเสีย: แท้""",th-TH
Überraschungstruhe,สมบัติเซอร์ไพรส์,th-TH
Überwachungsraum (I),ห้องมอนิเตอร์ I,th-TH
Überwachungsraum (II),ห้องมอนิเตอร์ II,th-TH
Überwachungsraum (III),ห้องมอนิเตอร์ III,th-TH
Ý Chí Giẫm Đạp,Conqueror's Will,th-TH
Điềm Báo Mơ Hồ,Ethereal Omen,th-TH
Điềm Báo Phân Tranh,Harbinger of Strife,th-TH
Điều Ước Của Đấng Bảo Vệ,Guardian's Lament,th-TH
Điểm Cảm Hứng,จุดแรงบันดาลใจ,th-TH
Điểm Khám Phá,แต้มการสำรวจ,th-TH
Điểm Thiên Phú,แต้มพรสวรรค์,th-TH
Điểm Thưởng,คะแนนโบนัส,th-TH
Đoàn Kịch Ác Mộng - Quý Ngài Màn Hình,Mr. Domescreen แห่งคณะละครฝันผวา,th-TH
Đá Khóc Bi Hùng,Tear Crystal of Glorious Death,th-TH
Đá Săn Bắn,Stone of the Hunt,th-TH
Đèn Để Bàn Cổ,โคมไฟโบราณ,th-TH
Đóa Hoa Trường Thọ,Immortal Aeroblossom,th-TH
Đói Bụng,Hunger,th-TH
Đĩa Nhạc,แผ่นเสียง,th-TH
Đơn Vị Bàn Tính Ngọc,Jade Abacus Unit,th-TH
Đại Bác,ปืนใหญ่,th-TH
Đại Herta,ท่าน Herta,th-TH
Đậu Hà Lan,ฝักถั่ว,th-TH
Đồ Ăn Cơ Bản,Basic Ingredient,th-TH
Đồng Hồ Khu Mỏ,นาฬิกาประจำเหมือง,th-TH
Động Cơ Cổ Đại,Ancient Engine,th-TH
Động Cơ Tạo Giấc Mơ,Dream Making Engine,th-TH
Đứa Trẻ Xảo Quyệt,เด็กจอมเจ้าเล่ห์,th-TH
Œil de foudre,Eye of Lightning,th-TH
Œil de la tempête,Storm Eye,th-TH
Авантюрин,Aventurine,th-TH
Автоматон-жук,Automaton Beetle,th-TH
Автоматон-паук,Automaton Spider,th-TH
Агрессивный сгусток,Invasive Clot,th-TH
Аккордный мираж,Chordal Mirage,th-TH
Алина,Alina,th-TH
Алмаз,เพชร,th-TH
Амбра Изобилия,Ambergris of Abundance,th-TH
Амо,Amo,th-TH
Антикварная лампа,โคมไฟโบราณ,th-TH
Антикварный радиоприёмник,วิทยุโบราณ,th-TH
Ауруматон-привратник,Aurumaton Gatekeeper,th-TH
Ауфей,เหรียญทองภูต,th-TH
Ахерон,Acheron,th-TH
Базовый персонал: Сотрудник охраны,เจ้าหน้าที่ชั้นผู้น้อย - รปภ.,th-TH
Бездонная экзоплазма,Enigmatic Ectostella,th-TH
Безжизненный клинок,Lifeless Blade,th-TH
Безмолвие поверженного потока,Vanquished Flow's Reticence,th-TH
Безмятежность,Tranquility,th-TH
Бейсбольная бита Первопроходца,ไม้เบสบอลของผู้บุกเบิก,th-TH
Белая туника просвещения,ชุดคลุมขาวปราชญา,th-TH
Белковый рис,Protein Rice,th-TH
Бесконечная скорбь,Eternal Lament,th-TH
Беспорядочная амброзия,น้ำอมฤตอลหม่าน,th-TH
Благословение веселья,พรแห่งท่วงทำนองมายา,th-TH
Благословение начала пути,First Voyage's Blessing,th-TH
Благословение путешествия,Wayfare's Blessing,th-TH
Блокнот вдохновения Часовщика,Clockwork Inspiration Notebook,th-TH
Блэйд,Blade,th-TH
Бобовый картофель,มันเหลืองทอง,th-TH
Боевая пыль,ผงพลัง,th-TH
Боевой жетон,เหรียญพลัง,th-TH
Боевой жетон победы,เหรียญพลังแห่งชัยชนะ,th-TH
Божественный янтарь,Divine Amber,th-TH
Бокал пьяных времён,A Glass of the Besotted Era,th-TH
Большая красная кнопка,"""ปุ่มแดงใหญ่""",th-TH
Большой Вуббабу I,Wubbaboo ยักษ์ I,th-TH
Большой Вуббабу II,Wubbaboo ยักษ์ II,th-TH
Большой Вуббабу III,Wubbaboo ยักษ์ III,th-TH
Брандмауэрный чип,ชิปไฟร์วอลล์,th-TH
Бриллиантовый входной билет,บัตรเข้างานสุดเฉิดฉาย,th-TH
Бродяга,คนพเนจร,th-TH
Броня,Bronya,th-TH
Броское перо,Distinctive Tattered Feather,th-TH
Бутон сознания,Flower of Ālaya,th-TH
Великая Герта,ท่าน Herta,th-TH
Веретено для шёлка,Silk Spindle,th-TH
Ветвь бессмертной славы,Immortal Lumintwig,th-TH
Ветвь размышлений,Bough of Thought,th-TH
Вечный смайлик,Always Smiling,th-TH
Вино Фагусы,Wine of Phagousa,th-TH
Вихрь ветра,Vortex of Wind,th-TH
Воздушный плод,ผลปุ๊ป๊ะ,th-TH
Воля завоевателя,Conqueror's Will,th-TH
Воскресенье,Sunday,th-TH
Воспоминание с изъяном,ความทรงจำที่บกพร่อง,th-TH
Воспоминания о солнце и грозе,Daythunder Anamnesis,th-TH
Врата усмирения зла I,ประตูปราบปีศาจ I,th-TH
Врата усмирения зла II,ประตูปราบปีศาจ II,th-TH
Врата усмирения зла III,ประตูปราบปีศาจ III,th-TH
Временная медаль за прохождение Арбитража аномалий,เหรียญตราผ่านด่านจำกัดเวลาผู้ตัดสินที่ผิดแปลก,th-TH
Временная медаль за прохождение Зала забвения,เหรียญตราผ่านด่านจำกัดเวลา Forgotten Hall,th-TH
Временная медаль за прохождение Иллюзии конца,เหรียญตราผ่านด่านจำกัดเวลา Apocalyptic Shadow,th-TH
Временная медаль за прохождение Чистого вымысла,เหรียญตราผ่านด่านจำกัดเวลา Pure Fiction,th-TH
Всеразрушающий клинок,Worldbreaker Blade,th-TH
Встречи в путешествиях,ความรู้จากการเดินทาง,th-TH
Выброшенная запчасть изобретения,Discarded Ingenium Parts,th-TH
Выносливость бронзы,Endurance of Bronze,th-TH
Выстрел против часовой,Countertemporal Shot,th-TH
Газообразная жидкость,Gaseous liquid,th-TH
Гармоничная мелодия,Harmonic Tune,th-TH
Гвоздь звериного гроба,Nail of the Beast Coffin,th-TH
Гелидный хитин,Gelid Chitin,th-TH
Геозавр,อสูรธรณี,th-TH
Геосущность I,สายแร่ Geomarrow I,th-TH
Геосущность II,สายแร่ Geomarrow II,th-TH
Геосущность III,สายแร่ Geomarrow III,th-TH
Гепард,Gepard,th-TH
Гертариумы,Hertareum,th-TH
Герти,Gertie,th-TH
Гиацина,Hyacine,th-TH
Гилберт,Gilbert,th-TH
Гисиленса,Hysilens,th-TH
Глаз бури,Storm Eye,th-TH
Глубинная каменная соль,Deep Marrow Rock Salt,th-TH
Глубины изолированной зоны I,ด้านล่างสุดของ Seclusion Zone I,th-TH
Глубины изолированной зоны II,ด้านล่างสุดของ Seclusion Zone II,th-TH
Глубины изолированной зоны III,ด้านล่างสุดของ Seclusion Zone III,th-TH
Голод,Hunger,th-TH
Господин Телебрюх из труппы «Кошмарики»,Mr. Domescreen แห่งคณะละครฝันผวา,th-TH
Граница грёз I,พรมแดนสร้างฝัน I,th-TH
Граница грёз II,พรมแดนสร้างฝัน II,th-TH
Граница грёз III,พรมแดนสร้างฝัน III,th-TH
Громовое бренчание,Thunder Strum,th-TH
Грубый эскиз,Rough Sketch,th-TH
Данн,Dunn,th-TH
Данные для повышения уровня эфирного духа,ชิปอัปเลเวล Aether Spirit,th-TH
Дань Хэн: Освободитель Пустошей,Dan Heng - จ้าวทระนงคงปฐพี,th-TH
Дверь в новый мир I,ประตูสู่โลกใหม่ I,th-TH
Дверь в новый мир II,ประตูสู่โลกใหม่ II,th-TH
Дверь в новый мир III,ประตูสู่โลกใหม่ III,th-TH
Двигатель снов,Dream Making Engine,th-TH
Джулиан,Julian,th-TH
Динамичные контуры,Dynamic Outlining,th-TH
Дитин I,Diting I,th-TH
Дитин II,Diting II,th-TH
Дитин III,Diting III,th-TH
Донаты,คะแนนโบนัส,th-TH
Драконовое дерево Комиссии по алхимии I,ต้นมังกรแห่ง Alchemy Commission I,th-TH
Драконовое дерево Комиссии по алхимии II,ต้นมังกรแห่ง Alchemy Commission II,th-TH
Драконовое дерево Комиссии по алхимии III,ต้นมังกรแห่ง Alchemy Commission III,th-TH
Древесная кора Эрудиции,Tree Bark of Erudition,th-TH
Древний вал передачи,Ancient Spindle,th-TH
Древний двигатель,Ancient Engine,th-TH
Древняя деталь,Ancient Part,th-TH
Дух Освоения,ภูตบุกเบิก,th-TH
Дядюшка Мерзляк,คุณชายขาแข็ง,th-TH
Енот слухов,โบ้กอสซิป,th-TH
Жвачка-взрывачка,Lil' Twisty Bubble Gum,th-TH
Желание стать героем,ความปรารถนาจะเป็นฮีโร่,th-TH
Жетоны Айдена,Aideen Token,th-TH
Жуань Мэй,Ruan Mei,th-TH
Журнал приключений,บันทึกการผจญภัย,th-TH
Зал гармонизации I,โถงแห่งนักปรับเสียง I,th-TH
Зал гармонизации II,โถงแห่งนักปรับเสียง II,th-TH
Зал гармонизации III,โถงแห่งนักปรับเสียง III,th-TH
Замешательство,Confounding,th-TH
Зарянка,Robin,th-TH
Зачарованное изобретение: покорный лев-дракон,Entranced Ingenium: Obedient Dracolion,th-TH
Зачарованное изобретение: светящаяся рыба-дракон,Entranced Ingenium: Illumination Dragonfish,th-TH
Звено нефритовых счётов,Jade Abacus Unit,th-TH
Зверь Изобилия: Древесный волк,Abundance Sprite: Wooden Lupus,th-TH
Звёздный дворец I,Palace of Astrum I,th-TH
Звёздный дворец II,Palace of Astrum II,th-TH
Звёздный дворец III,Palace of Astrum III,th-TH
Звёздный пропуск,Star Rail Pass,th-TH
Зеле,Seele,th-TH
Зерцала мудрости,แว่นผู้รอบรู้,th-TH
Зловещее предзнаменование,Ethereal Omen,th-TH
Знак отличия Среброгривых Стражей,Silvermane Insignia,th-TH
Значок Среброгривых Стражей,Silvermane Badge,th-TH
Золотая корона тени прошлого,Golden Crown of the Past Shadow,th-TH
Золотая ложка,ช้อนทองคำ,th-TH
Золотая монета,เหรียญทอง,th-TH
Золотое благословение,พรแห่งทองคำ,th-TH
Золотой венок,พวงบุปผาทองคำ,th-TH
Золотой входной билет,บัตรเข้างานทองคำ,th-TH
Золотой дух попутчика,จิตสหายทองคำ,th-TH
Золотые монеты,เหรียญทอง,th-TH
Зубы борисинцев,Borisin Teeth,th-TH
Игровой картридж,ตลับเกม,th-TH
Извивающееся ядро,Squirming Core,th-TH
Инкубатор порта Звездочёт Навалия I,"Stargazer Navalia ""Ship Nursery"" I",th-TH
Инкубатор порта Звездочёт Навалия II,"Stargazer Navalia ""Ship Nursery"" II",th-TH
Инкубатор порта Звездочёт Навалия III,"Stargazer Navalia ""Ship Nursery"" III",th-TH
Инстинкт вора,Thief's Instinct,th-TH
Информационный терминал с дисплеем,ชุดเทอร์มินัลข้อมูล และหน้าจอมอนิเตอร์,th-TH
Искажённые амбиции,Usurper's Scheme,th-TH
Искра,Sparxie,th-TH
Искусственный механический компонент,Artifex's Module,th-TH
Испытанное славой тело,Glory-Aspersed Torso,th-TH
Истина: 6 из 6,"""6•6: แท้""",th-TH
Истина: Берсерк,"""คลั่งรบ: แท้""",th-TH
Истина: Заряд,"""ชาร์จ: แท้""",th-TH
Истина: Заём,"""กู้ยืม: แท้""",th-TH
Истина: Звёздный щит,"""โล่ดวงดาว: แท้""",th-TH
Истина: Игрок,"""นักเดิมพัน: แท้""",th-TH
Истина: Кактус,"""กระบองเพชร: แท้""",th-TH
Истина: Клятва,"""คำสัตย์: แท้""",th-TH
Истина: Месть,"""แก้แค้น: แท้""",th-TH
Истина: Натиск,"""ตีกระหน่ำ: แท้""",th-TH
Истина: Оборона,"""ตั้งมั่น: แท้""",th-TH
Истина: Повторение,"""ทวนซ้ำ: แท้""",th-TH
Истина: Последние слова,"""คำสั่งเสีย: แท้""",th-TH
Истина: Простое число,"""จำนวนเฉพาะ: แท้""",th-TH
Истина: Сердцебиение,"""หัวใจเต้น: แท้""",th-TH
Истина: Совет врача,"""ผลการแพทย์: แท้""",th-TH
Истина: Стойкость,"""อดทน: แท้""",th-TH
Истина: Судьба,"""โชคชะตา: แท้""",th-TH
Истина: Удача,"""โชคดี: แท้""",th-TH
Истина: Чародей,"""ผู้ใช้อาคม: แท้""",th-TH
Истина: Чудная пуля,"""กระสุนเวท: แท้""",th-TH
Истина: Чудо,"""ปาฏิหาริย์: แท้""",th-TH
Истина: Эволюция,"""วิวัฒนาการ: แท้""",th-TH
Истина: Яд,"""พิษ: แท้""",th-TH
Канонир Среброгривых Стражей,Silvermane Cannoneer,th-TH
Капсула биологических испытаний I,ห้องทดลองชีวภาพ I,th-TH
Капсула биологических испытаний II,ห้องทดลองชีวภาพ II,th-TH
Капсула биологических испытаний III,ห้องทดลองชีวภาพ III,th-TH
Капустный шарик,กะหล่ำกลมเขียว,th-TH
Карта доступа,บัตรผ่าน,th-TH
Картина маслом с видом на Белобог,ภาพสีน้ำมันรูปวิวระยะไกลของ Belobog,th-TH
Картина маслом с панорамой Большой шахты,ภาพสีน้ำมันรูปวิวทั้งหมดของ Great Mine,th-TH
Картина маслом со зданием Золотого театра,ภาพสีน้ำมันโรงละคร Golden Theater,th-TH
Картридж пиксельного ядра,ตลับแกนกลางพิกเซล,th-TH
Каска,หมวกนิรภัย,th-TH
Кастория,Castorice,th-TH
Кафка,Kafka,th-TH
Квалификация банды,EXP ศึกดวลพลัง,th-TH
Квантовая рябь,Quantum Ripples,th-TH
Кинопроектор и микрофильм,เครื่องฉายภาพยนตร์ และม้วนฟิล์มขนาดเล็ก,th-TH
Кирена,Cyrene,th-TH
Кислофрукт,ผลเปรี้ยวจี๊ด,th-TH
Клапан потока сновидений,Dream Flow Valve,th-TH
Клара,Clara,th-TH
Клыки лунного озверения,Moon Rage Fang,th-TH
Ключ вмешательства,คีย์เข้ารหัสแทรกแซง,th-TH
Ключ к вдохновению,Key of Inspiration,th-TH
Ключ к знаниям,Key of Knowledge,th-TH
Ключ к мудрости,Key of Wisdom,th-TH
Клятва мёрзлой стали,Oath of Steel,th-TH
Коллекционное собрание «Пушистого скитальца»,"""The Fluffy"" Collector's Edition",th-TH
Колючника,ลูกหนาม,th-TH
Комната наблюдения I,ห้องมอนิเตอร์ I,th-TH
Комната наблюдения II,ห้องมอนิเตอร์ II,th-TH
Комната наблюдения III,ห้องมอนิเตอร์ III,th-TH
Компонент коллекции снов,Dream Collection Component,th-TH
Конденсированный эфир,Condensed Aether,th-TH
Копьё Алисы Рэнд,หอกของ Alisa Rand,th-TH
Копьё возмездия,Lance of Retribution,th-TH
Коралл драконьей чешуи,Dragon Scale Coral,th-TH
Космическая диорама,Cosmic Sandpit,th-TH
Кость вероятностей,Variable Dice,th-TH
Котопирожок,เค้กแมวเหมียว,th-TH
Краеведческий музей I,พิพิธภัณฑ์ประวัติศาสตร์ และวัฒนธรรม I,th-TH
Краеведческий музей II,พิพิธภัณฑ์ประวัติศาสตร์ และวัฒนธรรม II,th-TH
Краеведческий музей III,พิพิธภัณฑ์ประวัติศาสตร์ และวัฒนธรรม III,th-TH
Краска фиолетового цвета,น้ำยาย้อมสีม่วง,th-TH
Краска цвета земли,น้ำยาย้อมสีดิน,th-TH
Краска цвета неба,น้ำยาย้อมสีฟ้า,th-TH
Красный паслён,มะเขือแดง,th-TH
Красочный боевой жетон,เหรียญพลังสีสัน,th-TH
Кристалл силы желания,ผลึกพลังปรารถนา,th-TH
Кристалл урожая,ผลึกเก็บเกี่ยว,th-TH
Кулон с кристаллом,จี้ผลึกหิน,th-TH
Кулон с пером,จี้ขนนก,th-TH
Кулон с ракушкой,จี้เปลือกหอย,th-TH
Купон на карточку воспоминаний,บัตรสุ่มการ์ดความทรงจำ,th-TH
Кусочки мыслей,Tatters of Thought,th-TH
Латук,ผักกาด,th-TH
Ледяная скульптура Рейнджера пустоты I,รูปแกะสลักน้ำแข็ง Voidranger 1,th-TH
Ледяная скульптура Рейнджера пустоты II,รูปแกะสลักน้ำแข็ง Voidranger 2,th-TH
Лейтенант Среброгривых Стражей,Silvermane Lieutenant,th-TH
Лила,Lila,th-TH
Лист мнимости,Leaf of Imaginary,th-TH
Люпотоксичные клыки,Lupitoxin Sawteeth,th-TH
Макет звёздной системы,Galaxy Framework,th-TH
Маня,Manya,th-TH
Март 7,March 7th,th-TH
Мастерская «Незимье» I,Neverwinter Workshop I,th-TH
Мастерская «Незимье» II,Neverwinter Workshop II,th-TH
Мастерская «Незимье» III,Neverwinter Workshop III,th-TH
Мастерский цветной набросок,Exquisite Colored Draft,th-TH
Матрица предвидения I,Matrix of Prescience I,th-TH
Матрица предвидения II,Matrix of Prescience II,th-TH
Матрица предвидения III,Matrix of Prescience III,th-TH
Медаль Среброгривых Стражей,Silvermane Medal,th-TH
Межпространственный лист,Interdimensional Leaf,th-TH
Мелок детства,Whimsy Wax,th-TH
Мерцающее ядро,Glimmering Core,th-TH
Место ребёнка для любования луной I,จุดชมจันทร์ของหนูน้อย I,th-TH
Место ребёнка для любования луной II,จุดชมจันทร์ของหนูน้อย II,th-TH
Место ребёнка для любования луной III,จุดชมจันทร์ของหนูน้อย III,th-TH
Металл,Metal,th-TH
Метеоритная пуля,Meteoric Bullet,th-TH
Метеоритные кристаллы,Crystal Meteorites,th-TH
Метеоритный сплав,Meteoric Alloy,th-TH
Механические детали,Mechanical Part,th-TH
Механический куб,Mechanical Cube,th-TH
Механическое сердце хаоса,Artifex's Gyreheart,th-TH
Механическое цилиндрическое колесо,Artifex's Cogwheel,th-TH
Милашка Искра,น้อง Sparxie,th-TH
Мириады оттенков: Судьба в руках Недотёпы,"Omnicolor, Fool's Own",th-TH
Мнимые частицы,Virtual Particle,th-TH
Мнимый ткач,Imaginary Weaver,th-TH
Модель автоматона-гончей,"โมเดล ""Automaton Hound""",th-TH
Модель автоматона-жука,"โมเดล ""Automaton Beetle""",th-TH
Модель автоматона-паука,"โมเดล ""Automaton Spider""",th-TH
Модная туника,ชุดคลุมนำสมัย,th-TH
Монета повтора,เหรียญสุ่มใหม่,th-TH
Монета утопии,เหรียญสุขาวดี,th-TH
Монумент вечнозимья I,Everwinter Monument I,th-TH
Монумент вечнозимья II,Everwinter Monument II,th-TH
Монумент вечнозимья III,Everwinter Monument III,th-TH
Морковь,แคร์รอต,th-TH
Морозный странник,Frigid Prowler,th-TH
Мостик главной контрольной зоны I,สะพาน Master Control Zone I,th-TH
Мостик главной контрольной зоны II,สะพาน Master Control Zone II,th-TH
Мостик главной контрольной зоны III,สะพาน Master Control Zone III,th-TH
Музыкальный диск,แผ่นเสียง,th-TH
Мясо,เนื้อสัตว์,th-TH
Мёд,น้ำผึ้ง,th-TH
Набор чирик-инструментов,กล่องเครื่องมือจิ๊บจิ๊บตุ๊บตั๊บ,th-TH
Надежды ложного просветления,High Hopes of the Falsely Enlightened,th-TH
Накладыватель (спецзаказ),Superimposer (Custom-made),th-TH
Напиток: Высокоэнергетическая «Услада»,เครื่องดื่มกลยุทธ์: SoulGlad ทรงพลัง,th-TH
Напиток: Лапа чудовища,เครื่องดื่มกลยุทธ์: มือปีศาจ,th-TH
Напиток: Могучее утоление,เครื่องดื่มกลยุทธ์: ขุมพลัง,th-TH
Напиток: Мощь Руха,เครื่องดื่มกลยุทธ์: เครื่องดื่มนกยักษ์,th-TH
Напиток: Синий бык,เครื่องดื่มกลยุทธ์: กระทิงฟ้า,th-TH
Напиток: Энергия пульса,เครื่องดื่มกลยุทธ์: พลังคลื่นถาโถม,th-TH
Нарисованные от руки раскадровки «Пушистого скитальца»,"""The Fluffy"" Hand-drawn Storyboards",th-TH
Наташа,Natasha,th-TH
Находюша,Findie,th-TH
Небесная амброзия,น้ำอมฤต,th-TH
Небесная интерлюдия,Celestial Section,th-TH
Небесная мелодия,Heavenly Melody,th-TH
Небесная нота,Firmament Note,th-TH
Небесная сфера,Celestial Globe,th-TH
Небесный крематор,Heaven Incinerator,th-TH
Небесный нефрит I,หมากหยกแห่งดวงดาว I,th-TH
Небесный нефрит II,หมากหยกแห่งดวงดาว II,th-TH
Небесный нефрит III,หมากหยกแห่งดวงดาว III,th-TH
Неисправный чип,ชิปขัดข้อง,th-TH
Неисправный чип подавления,ชิประงับการสูญเสีย,th-TH
Неугасаемый звёздный свет,Undying Starlight,th-TH
Неугасаемый пепел,Undying Ember,th-TH
Нефритовое перо,Jade Feather,th-TH
Низкоскоростной высоконагруженный чип,ชิปโหลดความเร็วต่ำ,th-TH
Ника,Nika,th-TH
Новое семя рассвета,Fresh Seed of Dawn,th-TH
Обезьяний шип,Nail of the Ape,th-TH
Облигация Герты,Herta Bond,th-TH
Обломки Реликвии,Relic Remains,th-TH
Обсидиан запустения,Obsidian of Desolation,th-TH
Обсидиан одержимости,Obsidian of Obsession,th-TH
Обсидиан ужаса,Obsidian of Dread,th-TH
Огнемёт грёз,Dream Flamer,th-TH
Огненный дух,Fiery Spirit,th-TH
Огонь из космоса,Blaze Out of Space,th-TH
Око молнии,Eye of Lightning,th-TH
Олег,Oleg,th-TH
Осколки желаний,Shards of Desires,th-TH
Осколок Светового конуса,อณูความทรงจำ Light Cone,th-TH
Осколок метеорита,ชิ้นส่วนดาวตก,th-TH
Ослепительный протуберанец,Radiant Prominence,th-TH
Основной ингредиент,Basic Ingredient,th-TH
Особый звёздный пропуск,Star Rail Special Pass,th-TH
Отель «Грёзы» (Мир грёз) I,โรงแรม Reverie - แดนฝัน I,th-TH
Отель «Грёзы» (Мир грёз) II,โรงแรม Reverie - แดนฝัน II,th-TH
Отель «Грёзы» (Мир грёз) III,โรงแรม Reverie - แดนฝัน III,th-TH
Отель «Грёзы» (реальность) I,"โรงแรม ""Reverie"" - ความจริง I",th-TH
Отель «Грёзы» (реальность) II,"โรงแรม ""Reverie"" - ความจริง II",th-TH
Отель «Грёзы» (реальность) III,"โรงแรม ""Reverie"" - ความจริง III",th-TH
Отпечатки судьбы,Tracks of Destiny,th-TH
Охлаждающий гель,Thermal Gel,th-TH
Охотничий камень,Stone of the Hunt,th-TH
Оценивающий пистолет I,ปืนประเมินคะแนน I,th-TH
Оценивающий пистолет II,ปืนประเมินคะแนน II,th-TH
Оценивающий пистолет III,ปืนประเมินคะแนน III,th-TH
Очищающий чип,ชิปเคลียร์ข้อมูล,th-TH
Очищенный эфир,Refined Aether,th-TH
Очки вдохновения,จุดแรงบันดาลใจ,th-TH
Очки прогресса,แต้มการสำรวจ,th-TH
Очки таланта,แต้มพรสวรรค์,th-TH
Памятный значок,ตราที่ระลึก,th-TH
Памятный картридж,Commemorative Cartridge,th-TH
Пела,Pela,th-TH
Пеппи I,Peppy I,th-TH
Пеппи II,Peppy II,th-TH
Пеппи III,Peppy III,th-TH
Передовая Запретной зоны I,แนวหน้าเขตหวงห้าม I,th-TH
Передовая Запретной зоны II,แนวหน้าเขตหวงห้าม II,th-TH
Передовая Запретной зоны III,แนวหน้าเขตหวงห้าม III,th-TH
Перкинс,Perkins,th-TH
Перо пламени,Feather of Flame,th-TH
Перья души,Auspice Sliver,th-TH
Песнь рода,Ancestral Hymn,th-TH
Печь жизни I,เตาอบสิ่งมีชีวิต I,th-TH
Печь жизни II,เตาอบสิ่งมีชีวิต II,th-TH
Печь жизни III,เตาอบสิ่งมีชีวิต III,th-TH
Пик,Peak,th-TH
Питательный мёд,Nourishing Honey,th-TH
Плод многообразия,Myriad Fruit,th-TH
Покаяние вечного ложного тела,Regret of Infinite Ochema,th-TH
Портрет «Верховная хранительница Коколия с дочерью»,"ภาพเหมือนของ ""ผู้พิทักษ์สูงสุด Cocolia และลูกสาว""",th-TH
Портрет Герты I,ภาพเหมือนของ Herta I,th-TH
Портрет Герты II,ภาพเหมือนของ Herta II,th-TH
Портрет Герты III,ภาพเหมือนของ Herta III,th-TH
Последний путь разрушителя,Destroyer's Final Road,th-TH
Потерянная пыль света,Lost Lightdust,th-TH
Потерянный отголосок единства желаний,Lost Echo of the Shared Wish,th-TH
Праздничная мелодия,ทำนองเพลงฉลอง,th-TH
Праздничная сцена «Эфирных войн» I,เวทีฉลองแนวรบ Aetherium I,th-TH
Праздничная сцена «Эфирных войн» II,เวทีฉลองแนวรบ Aetherium II,th-TH
Праздничная сцена «Эфирных войн» III,เวทีฉลองแนวรบ Aetherium III,th-TH
Прах вознёсшейся,Ascendant Debris,th-TH
Предвестник раздора,Harbinger of Strife,th-TH
Призрачный пропуск,Netherworld Token,th-TH
Причудливая субстанция Разрушения,Strange Matter of Destruction,th-TH
Прозрачная кисть,Lucid Awl,th-TH
Прошлые бедствия червоточины,Past Evils of the Borehole Planet Disaster,th-TH
Птица-оригами I,นกกระดาษ I,th-TH
Птица-оригами II,นกกระดาษ II,th-TH
Птица-оригами III,นกกระดาษ III,th-TH
Путеводитель путешественника,คู่มือการเดินทาง,th-TH
Пушка,ปืนใหญ่,th-TH
Пушки «Рассекателя небес» I,ป้อมปืนเรือประชันคมดาบ I,th-TH
Пушки «Рассекателя небес» II,ป้อมปืนเรือประชันคมดาบ II,th-TH
Пушки «Рассекателя небес» III,ป้อมปืนเรือประชันคมดาบ III,th-TH
Пшеница,ข้าวสาลี,th-TH
Пылающее сердце,Raging Heart,th-TH
Пыль одинокой звезды,ธุลีดาวเดียวดาย,th-TH
Пыль раздора,Grit of Strife,th-TH
Разбитые мечты,ความฝันที่แตกสลาย,th-TH
Раздавленная страхом плоть,Fear-Stomped Flesh,th-TH
Разорванная отвагой грудная клетка,Courage-Torn Chest,th-TH
Разрежённый эфир,Sparse Aether,th-TH
Разрешение на работу КММ,IPC Work Permit,th-TH
Раскалённое лезвие,Searing Steel Blade,th-TH
Расколотый клинок,Shattered Blade,th-TH
Рассеянная звёздная пыль,Scattered Stardust,th-TH
Рваный плавник сирены,Sea Siren's Torn Fin,th-TH
Рейнджер пустоты: Захватчик,Voidranger: Reaver,th-TH
Рейнджер пустоты: Подавитель,Voidranger: Trampler,th-TH
Рейнджер пустоты: Уничтожитель,Voidranger: Eliminator,th-TH
Ржавая шестерня,Rusty Gear,th-TH
Росси,Rossy,th-TH
Ростки бессмертия,Immortal Scionette,th-TH
Росток жизни,Sprout of Life,th-TH
Росток осознания,Seedling of Manas,th-TH
Самомоделирующаяся смола,Self-Modeling Resin,th-TH
Сварог,Svarog,th-TH
Светлячок,Firefly,th-TH
Свидетельство процветания,ตราพลังการค้า,th-TH
Свинка-копилка последовательности,Sequence Trotter,th-TH
Секрет: Выжидание,คัมภีร์กลยุทธ์: รอซ้ำยามเพลี่ยงพล้ำ,th-TH
Секрет: Из ниоткуда,คัมภีร์กลยุทธ์: ปั้นน้ำให้เป็นตัว,th-TH
Секрет: Ложный манёвр,คัมภีร์กลยุทธ์: สับขาหลอก,th-TH
Секрет: Перехват инициативы,คัมภีร์กลยุทธ์: รอจังหวะรุกฆาต,th-TH
Секрет: Привлечение внимания,คัมภีร์กลยุทธ์: แหวกหญ้าให้งูตื่น,th-TH
Секрет: Радикальные меры,คัมภีร์กลยุทธ์: ตัดไฟตั้งแต่ต้นลม,th-TH
Семена,Seed,th-TH
Семя диковинного древа,Alien Tree Seed,th-TH
Семя изобилия,Seed of Abundance,th-TH
Семя раздумий,Bīja of Consciousness,th-TH
Сервал,Serval,th-TH
Сердце Фагусы,Heart of Phagousa,th-TH
Серебряный Волк ур. 999,Silver Wolf LV.999,th-TH
Серебряный дух попутчика,จิตสหายสีเงิน,th-TH
Симфония созвездий,Stellaris Symphony,th-TH
Сиротский приют I,สถานเลี้ยงเด็กกำพร้า I,th-TH
Сиротский приют II,สถานเลี้ยงเด็กกำพร้า II,th-TH
Сиротский приют III,สถานเลี้ยงเด็กกำพร้า III,th-TH
Сияющий отсвет,Lucent Afterglow,th-TH
Скорбь хранительницы,Guardian's Lament,th-TH
Скотт,Skott,th-TH
Скрипторий I,เขตจัดเรียง I,th-TH
Скрипторий II,เขตจัดเรียง II,th-TH
Скрипторий III,เขตจัดเรียง III,th-TH
Скульптура «Шестерни и мудрость»,"ประติมากรรม ""ฟันเฟืองกับปัญญา""",th-TH
Слезоточивый лук,หัวหอมหยดน้ำตา,th-TH
Сливки,ครีม,th-TH
Слизь Гармонии,Slime of Harmony,th-TH
Сломанные зубы железного волка,Broken Teeth of Iron Wolf,th-TH
Слёзный кристалл славной смерти,Tear Crystal of Glorious Death,th-TH
Слёзы Фагусы,Tears of Phagousa,th-TH
Слёзы душ,Tears of Souls,th-TH
Слёзы железных дорог,Tears of Rail,th-TH
Слёзы мечтаний,Tears of Dreams,th-TH
Смола доблести,Resin of Valor,th-TH
Снежный рог,Horn of Snow,th-TH
Солдат Среброгривых Стражей,Silvermane Soldier,th-TH
Сотканная из снов сталь,Dreamweave Steel,th-TH
Спаржевый папоротник из Чешуйчатого ущелья,Tian Dong,th-TH
Стандартный входной билет,บัตรเข้างานมาตรฐาน,th-TH
Стандартный костюм,ชุดเริ่มต้น,th-TH
Старший персонал: Лидер команды,เจ้าหน้าที่อาวุโส - หัวหน้าทีม,th-TH
Старый Гёте,ลุง Goethe,th-TH
Старый коренной зуб,Old Molar,th-TH
Статуя Глаукса I,รูปปั้น Glaux I,th-TH
Статуя Глаукса II,รูปปั้น Glaux II,th-TH
Статуя Глаукса III,รูปปั้น Glaux III,th-TH
Статуя Часика I,รูปปั้นเจ้าหนูนาฬิกา I,th-TH
Статуя Часика II,รูปปั้นเจ้าหนูนาฬิกา II,th-TH
Статуя Часика III,รูปปั้นเจ้าหนูนาฬิกา III,th-TH
Стать вчерашним завтра,พรุ่งนี้ที่หวนสู่วันวาน,th-TH
Столп творения I,Pillars of Creation I,th-TH
Столп творения II,Pillars of Creation II,th-TH
Столп творения III,Pillars of Creation III,th-TH
Страж янтаря,Safeguard of Amber,th-TH
Стрела охотника,Arrow of the Beast Hunter,th-TH
Стрела охотника за звёздами,Arrow of the Starchaser,th-TH
Стрела убийцы демонов,Arrow of the Demon Slayer,th-TH
Стрелок Среброгривых Стражей,Silvermane Gunner,th-TH
Стрелы,Strale,th-TH
Строительный материал Сохранения,Preservation Construction Material,th-TH
Стручковая фасоль,ฝักถั่ว,th-TH
Судьбоносная смерть,Destined Expiration,th-TH
Сумеречный бутон,Charred Bud of Twilight,th-TH
Суть грёз I,แก่นของความฝัน I,th-TH
Суть грёз II,แก่นของความฝัน II,th-TH
Суть грёз III,แก่นของความฝัน III,th-TH
Сюрприз-сундук,สมบัติเซอร์ไพรส์,th-TH
Талисман экзорцизма,Exorcismal Fulu,th-TH
Твёрдая вода,Solid Water,th-TH
Твёрдый кусочек Небытия,Hard Chip of Nihility,th-TH
Тень вечнозимья,Everwinter Shadewalker,th-TH
Тень испепеления,Incineration Shadewalker,th-TH
Терминал автоматона,เทอร์มินัลควบคุม Automaton,th-TH
Течение грёз I,กระแสคลื่นความฝัน I,th-TH
Течение грёз II,กระแสคลื่นความฝัน II,th-TH
Течение грёз III,กระแสคลื่นความฝัน III,th-TH
Топливный купон,ตั๋วเชื้อเพลิง,th-TH
Топливо,Fuel,th-TH
Трибби,Tribbie,th-TH
Тусклый лунный блеск,Darkveil Moonlight,th-TH
Тыква,ฟักทอง,th-TH
Тюлибр,เหรียญอุ๋ง,th-TH
Угасшее ядро,Extinguished Core,th-TH
Узлы Мифус,Mythus Knots,th-TH
Уоллес,Wallace,th-TH
Урна для мусора,ถังขยะ,th-TH
Усмиряющий талисман,Suppressing Edict,th-TH
Усталость,Weary,th-TH
Утраченная эссенция,Lost Essence,th-TH
Утраченные золотые частицы,Lost Gold Fragment,th-TH
Утраченный кристалл,Lost Crystal,th-TH
Ухмылка шута,Sneering Harlequin,th-TH
Фаенон,Phainon,th-TH
Фазовое пламя,มิติเปลวเพลิง,th-TH
Ферсман,Fersman,th-TH
Фидора,Fidora,th-TH
Флогистон,โฟลจิสตัน,th-TH
Форт Клипота I,ป้อม Qlipoth I,th-TH
Форт Клипота II,ป้อม Qlipoth II,th-TH
Форт Клипота III,ป้อม Qlipoth III,th-TH
Фрагменты впечатлений,Fragments of Impression,th-TH
Химеко,Himeko,th-TH
Химера,ไคเมร่า,th-TH
Хитрая Малявка,เด็กจอมเจ้าเล่ห์,th-TH
Холодильник грёз,Dream Fridge,th-TH
Хук,Hook,th-TH
Цветок вечности,Flower of Eternity,th-TH
Цветочный венок,มงกุฎดอกไม้,th-TH
Цветочный магазин «Вечное лето» I,ร้าน Eversummer Florist I,th-TH
Цветочный магазин «Вечное лето» II,ร้าน Eversummer Florist II,th-TH
Цветочный магазин «Вечное лето» III,ร้าน Eversummer Florist III,th-TH
Центр энергоснабжения механизмов,ศูนย์พลังงานจักรกล,th-TH
Церемониальная туника,ชุดคลุมพิธีอธิษฐาน,th-TH
Часокредиты,เครดิตนาฬิกาทอง,th-TH
Часы из шахты,นาฬิกาประจำเหมือง,th-TH
"Четыре стороны света: Переход поля, шах королю","Four Phases, Crossing the River to Check the King",th-TH
Чип аварийной перезагрузки,ชิปรีสตาร์ตฉุกเฉิน,th-TH
Чип автоматического ремонта,ชิปซ่อมแซมอัตโนมัติ,th-TH
Чип активации морали,ชิปเรียกขวัญกำลังใจ,th-TH
Чип алгоритма отрицательной нагрузки,ชิปอัลกอริทึมเชิงลบ,th-TH
Чип безопасного режима,ชิปโหมดปลอดภัย,th-TH
Чип блокировки вычислений,ชิปล็อกการคำนวณ,th-TH
Чип быстрой команды,ชิปคำสั่งด่วน,th-TH
Чип внезапного уклонения,ชิปหลบภัยชั่วคราว,th-TH
Чип глубокой очистки,ชิปขจัดราบคาบ,th-TH
Чип заполненной активации,ชิปเปิดใช้งานเต็มตัว,th-TH
Чип извлечения данных,ชิปกู้ข้อมูล,th-TH
Чип итерации матрицы,ชิปวนซ้ำเมทริกซ์,th-TH
Чип негласного усиления,ชิปเสริมพลังเบื้องหลัง,th-TH
Чип неожиданной интерполяции,ชิปแทรกแซงชั่วคราว,th-TH
Чип общего обновления,ชิปอัปเกรดทั่วไป,th-TH
Чип оптимизации эффективности,ชิปเพิ่มประสิทธิภาพ,th-TH
Чип параллельного улучшения,ชิปเสริมพลังแนวขนาน,th-TH
Чип переработки энергии,ชิปพลังงานหมุนเวียน,th-TH
Чип перехвата атак,ชิปสกัดการโจมตี,th-TH
Чип разрушения Щита,ชิปทลายโล่,th-TH
Чип разрушения пороговой величины,ชิปทะลวงพิสัย,th-TH
Чип распределения производительности,ชิปจัดสรรสมรรถนะ,th-TH
Чип с лазейкой для Выветривания,ชิปช่องโหว่ลมเฉือน,th-TH
Чип с лазейкой для Заморозки,ชิปช่องโหว่แช่แข็ง,th-TH
Чип с патчем для свинки-копилки,ชิปแพตช์ Trotter,th-TH
Чип щитовой системы,ชิประบบโล่,th-TH
Чип эффективного перерасхода,ชิปเบิกสมรรถนะ,th-TH
Чугун пустоты,Void Cast Iron,th-TH
Чудесный колосок размером с человека,Human-Height Auspicious Crops,th-TH
Чудодейственная смола,Wishful Resin,th-TH
Шампанское для торжества,แชมเปญพลุฉลอง,th-TH
Шесть слияний: Путь ладьи к королю,"Sixen, King-Rook Fork",th-TH
Шипящий перец,พริกซี้ดซ้าด,th-TH
Шум и ярость,The Sound and the Fury,th-TH
Щиты,Shield,th-TH
Эванесса,Evanescia,th-TH
Экстракт из лечебных трав,Extract of Medicinal Herbs,th-TH
Элейн,Elaine,th-TH
Электрическая корона тени прошлого,Lightning Crown of the Past Shadow,th-TH
Электрический посох оборотня,Shape Shifter's Lightning Staff,th-TH
Эндотермический хитин,Endotherm Chitin,th-TH
Эрик,Eric,th-TH
Эссенция звёздного огня,Starfire Essence,th-TH
Эфирный цветок бессмертия,Immortal Aeroblossom,th-TH
Эхо плача,Echoing Wail,th-TH
Эхомираж видьядхара I,เงามังกร Vidyadhara I,th-TH
Эхомираж видьядхара II,เงามังกร Vidyadhara II,th-TH
Эхомираж видьядхара III,เงามังกร Vidyadhara III,th-TH
Эшвейл,Ashveil,th-TH
Юбилейный выпуск «Пушистого скитальца»,"""The Fluffy"" Serialization Memorial Issue",th-TH
Юнис,Eunice,th-TH
Ядро льда,Core of Ice,th-TH
Яо Гуан,Yao Guang,th-TH
Ярая поклонница Сервал,แฟนคลับตัวจี๊ดของ Serval,th-TH
Ảo Cảnh Hợp Âm,Chordal Mirage,th-TH
Ảo Ảnh Everwinter,Everwinter Shadewalker,th-TH
Ảo Ảnh Lửa Thiêu,Incineration Shadewalker,th-TH
"Ấn Phẩm Kỷ Niệm Series ""Tàu Bông""","""The Fluffy"" Serialization Memorial Issue",th-TH
Ống Nhìn Giấc Mộng,Lucid Awl,th-TH
Ớt Hít Hà,พริกซี้ดซ้าด,th-TH
≪복슬복슬호≫ 소장판 합본,"""The Fluffy"" Collector's Edition",th-TH
≪복슬복슬호≫ 수작업 스토리보드,"""The Fluffy"" Hand-drawn Storyboards",th-TH
≪복슬복슬호≫ 연재 기념호,"""The Fluffy"" Serialization Memorial Issue",th-TH
《絨絨號》典藏版合集,"""The Fluffy"" Collector's Edition",th-TH
《絨絨號》手繪分鏡稿,"""The Fluffy"" Hand-drawn Storyboards",th-TH
《絨絨號》連載紀念刊,"""The Fluffy"" Serialization Memorial Issue",th-TH
《绒绒号》典藏版合集,"""The Fluffy"" Collector's Edition",th-TH
《绒绒号》手绘分镜稿,"""The Fluffy"" Hand-drawn Storyboards",th-TH
《绒绒号》连载纪念刊,"""The Fluffy"" Serialization Memorial Issue",th-TH
「ホテル・レバリー」・夢境-I,โรงแรม Reverie - แดนฝัน I,th-TH
「ホテル・レバリー」・夢境-II,โรงแรม Reverie - แดนฝัน II,th-TH
「ホテル・レバリー」・夢境-III,โรงแรม Reverie - แดนฝัน III,th-TH
「ホテル・レバリー」・現実-I,"โรงแรม ""Reverie"" - ความจริง I",th-TH
「ホテル・レバリー」・現実-II,"โรงแรม ""Reverie"" - ความจริง II",th-TH
「ホテル・レバリー」・現実-III,"โรงแรม ""Reverie"" - ความจริง III",th-TH
「大きな赤いボタン」,"""ปุ่มแดงใหญ่""",th-TH
「大紅按鈕」,"""ปุ่มแดงใหญ่""",th-TH
「大红按钮」,"""ปุ่มแดงใหญ่""",th-TH
「白日夢」飯店•夢境-Ⅰ,โรงแรม Reverie - แดนฝัน I,th-TH
「白日夢」飯店•夢境-Ⅱ,โรงแรม Reverie - แดนฝัน II,th-TH
「白日夢」飯店•夢境-Ⅲ,โรงแรม Reverie - แดนฝัน III,th-TH
「白日夢」飯店•現實-Ⅰ,"โรงแรม ""Reverie"" - ความจริง I",th-TH
「白日夢」飯店•現實-Ⅱ,"โรงแรม ""Reverie"" - ความจริง II",th-TH
「白日夢」飯店•現實-Ⅲ,"โรงแรม ""Reverie"" - ความจริง III",th-TH
「白日梦」酒店·梦境-Ⅰ,โรงแรม Reverie - แดนฝัน I,th-TH
「白日梦」酒店·梦境-Ⅱ,โรงแรม Reverie - แดนฝัน II,th-TH
「白日梦」酒店·梦境-Ⅲ,โรงแรม Reverie - แดนฝัน III,th-TH
「白日梦」酒店·现实-Ⅰ,"โรงแรม ""Reverie"" - ความจริง I",th-TH
「白日梦」酒店·现实-Ⅱ,"โรงแรม ""Reverie"" - ความจริง II",th-TH
「白日梦」酒店·现实-Ⅲ,"โรงแรม ""Reverie"" - ความจริง III",th-TH
「真•6•6」,"""6•6: แท้""",th-TH
「真•仙人球」,"""กระบองเพชร: แท้""",th-TH
「真•医嘱」,"""ผลการแพทย์: แท้""",th-TH
「真•命运」,"""โชคชะตา: แท้""",th-TH
「真•命運」,"""โชคชะตา: แท้""",th-TH
「真•固守」,"""ตั้งมั่น: แท้""",th-TH
「真•复仇」,"""แก้แค้น: แท้""",th-TH
「真•复读」,"""ทวนซ้ำ: แท้""",th-TH
「真•奇术师」,"""ผู้ใช้อาคม: แท้""",th-TH
「真•奇術師」,"""ผู้ใช้อาคม: แท้""",th-TH
「真•奇跡」,"""ปาฏิหาริย์: แท้""",th-TH
「真•奇迹」,"""ปาฏิหาริย์: แท้""",th-TH
「真•幸运」,"""โชคดี: แท้""",th-TH
「真•幸運」,"""โชคดี: แท้""",th-TH
「真•復仇」,"""แก้แค้น: แท้""",th-TH
「真•心跳」,"""หัวใจเต้น: แท้""",th-TH
「真•忍耐」,"""อดทน: แท้""",th-TH
「真•战狂」,"""คลั่งรบ: แท้""",th-TH
「真•戰狂」,"""คลั่งรบ: แท้""",th-TH
「真•星盾」,"""โล่ดวงดาว: แท้""",th-TH
「真•毒液」,"""พิษ: แท้""",th-TH
「真•猛攻」,"""ตีกระหน่ำ: แท้""",th-TH
「真•蓄力」,"""ชาร์จ: แท้""",th-TH
「真•複誦」,"""ทวนซ้ำ: แท้""",th-TH
「真•誓言」,"""คำสัตย์: แท้""",th-TH
「真•貸款」,"""กู้ยืม: แท้""",th-TH
「真•質數」,"""จำนวนเฉพาะ: แท้""",th-TH
「真•賭徒」,"""นักเดิมพัน: แท้""",th-TH
「真•质数」,"""จำนวนเฉพาะ: แท้""",th-TH
「真•贷款」,"""กู้ยืม: แท้""",th-TH
「真•赌徒」,"""นักเดิมพัน: แท้""",th-TH
「真•进化」,"""วิวัฒนาการ: แท้""",th-TH
「真•進化」,"""วิวัฒนาการ: แท้""",th-TH
「真•遗语」,"""คำสั่งเสีย: แท้""",th-TH
「真•遺語」,"""คำสั่งเสีย: แท้""",th-TH
「真•醫囑」,"""ผลการแพทย์: แท้""",th-TH
「真•魔弹」,"""กระสุนเวท: แท้""",th-TH
「真•魔彈」,"""กระสุนเวท: แท้""",th-TH
「真・6・6」,"""6•6: แท้""",th-TH
「真・ギャンブラー」,"""นักเดิมพัน: แท้""",th-TH
「真・サボテン」,"""กระบองเพชร: แท้""",th-TH
「真・チャージ」,"""ชาร์จ: แท้""",th-TH
「真・リピート」,"""ทวนซ้ำ: แท้""",th-TH
「真・ローン」,"""กู้ยืม: แท้""",th-TH
「真・処方箋」,"""ผลการแพทย์: แท้""",th-TH
「真・堅守」,"""ตั้งมั่น: แท้""",th-TH
「真・奇術師」,"""ผู้ใช้อาคม: แท้""",th-TH
「真・奇跡」,"""ปาฏิหาริย์: แท้""",th-TH
「真・幸運」,"""โชคดี: แท้""",th-TH
「真・復讐」,"""แก้แค้น: แท้""",th-TH
「真・忍耐」,"""อดทน: แท้""",th-TH
「真・星の盾」,"""โล่ดวงดาว: แท้""",th-TH
「真・毒液」,"""พิษ: แท้""",th-TH
「真・狂戦士」,"""คลั่งรบ: แท้""",th-TH
「真・猛攻」,"""ตีกระหน่ำ: แท้""",th-TH
「真・素数」,"""จำนวนเฉพาะ: แท้""",th-TH
「真・誓い」,"""คำสัตย์: แท้""",th-TH
「真・進化」,"""วิวัฒนาการ: แท้""",th-TH
「真・運命」,"""โชคชะตา: แท้""",th-TH
「真・遺言」,"""คำสั่งเสีย: แท้""",th-TH
「真・魔弾」,"""กระสุนเวท: แท้""",th-TH
「真・鼓動」,"""หัวใจเต้น: แท้""",th-TH
「레버리」 호텔•꿈세계-Ⅰ,โรงแรม Reverie - แดนฝัน I,th-TH
「레버리」 호텔•꿈세계-Ⅱ,โรงแรม Reverie - แดนฝัน II,th-TH
「레버리」 호텔•꿈세계-Ⅲ,โรงแรม Reverie - แดนฝัน III,th-TH
「레버리」 호텔•현실-Ⅰ,"โรงแรม ""Reverie"" - ความจริง I",th-TH
「레버리」 호텔•현실-Ⅱ,"โรงแรม ""Reverie"" - ความจริง II",th-TH
「레버리」 호텔•현실-Ⅲ,"โรงแรม ""Reverie"" - ความจริง III",th-TH
「진(眞)•6•6」,"""6•6: แท้""",th-TH
「진(眞)•고수」,"""ตั้งมั่น: แท้""",th-TH
「진(眞)•기적」,"""ปาฏิหาริย์: แท้""",th-TH
「진(眞)•기적술사」,"""ผู้ใช้อาคม: แท้""",th-TH
「진(眞)•대출」,"""กู้ยืม: แท้""",th-TH
「진(眞)•도박꾼」,"""นักเดิมพัน: แท้""",th-TH
「진(眞)•독액」,"""พิษ: แท้""",th-TH
「진(眞)•마탄」,"""กระสุนเวท: แท้""",th-TH
「진(眞)•맹공」,"""ตีกระหน่ำ: แท้""",th-TH
「진(眞)•맹세」,"""คำสัตย์: แท้""",th-TH
「진(眞)•반복」,"""ทวนซ้ำ: แท้""",th-TH
「진(眞)•별의 방패」,"""โล่ดวงดาว: แท้""",th-TH
「진(眞)•복수」,"""แก้แค้น: แท้""",th-TH
「진(眞)•선인장」,"""กระบองเพชร: แท้""",th-TH
「진(眞)•소수」,"""จำนวนเฉพาะ: แท้""",th-TH
「진(眞)•심장 박동」,"""หัวใจเต้น: แท้""",th-TH
「진(眞)•운명」,"""โชคชะตา: แท้""",th-TH
「진(眞)•유언」,"""คำสั่งเสีย: แท้""",th-TH
「진(眞)•의사의 당부」,"""ผลการแพทย์: แท้""",th-TH
「진(眞)•인내」,"""อดทน: แท้""",th-TH
「진(眞)•전쟁광」,"""คลั่งรบ: แท้""",th-TH
「진(眞)•진화」,"""วิวัฒนาการ: แท้""",th-TH
「진(眞)•차지」,"""ชาร์จ: แท้""",th-TH
「진(眞)•행운」,"""โชคดี: แท้""",th-TH
「커다란 빨간색 버튼」,"""ปุ่มแดงใหญ่""",th-TH
『もふもふ号』のネーム,"""The Fluffy"" Hand-drawn Storyboards",th-TH
『もふもふ号』全集・豪華版,"""The Fluffy"" Collector's Edition",th-TH
『もふもふ号』連載記念号,"""The Fluffy"" Serialization Memorial Issue",th-TH
あるようでない予兆,Ethereal Omen,th-TH
おしゃれなスカーフ,ชุดคลุมนำสมัย,th-TH
お肉,เนื้อสัตว์,th-TH
からくり工房「パーペチュアル」-I,Neverwinter Workshop I,th-TH
からくり工房「パーペチュアル」-II,Neverwinter Workshop II,th-TH
からくり工房「パーペチュアル」-III,Neverwinter Workshop III,th-TH
にゃんこケーキ,เค้กแมวเหมียว,th-TH
ひらめき,จุดแรงบันดาลใจ,th-TH
アクセスカード,บัตรผ่าน,th-TH
アザコイン,เหรียญอุ๋ง,th-TH
アベンチュリン,Aventurine,th-TH
アラヤの花,Flower of Ālaya,th-TH
アリサ・ランドの槍,หอกของ Alisa Rand,th-TH
アリーナ,Alina,th-TH
アルノ,Amo,th-TH
アンティークのラジオ,วิทยุโบราณ,th-TH
アンティークの卓上ライト,โคมไฟโบราณ,th-TH
イの種,Bīja of Consciousness,th-TH
イニス,Eunice,th-TH
ウォレス,Wallace,th-TH
エディオンコイン,Aideen Token,th-TH
エリック,Eric,th-TH
エレイン,Elaine,th-TH
エーテル体レベルアップデータ,ชิปอัปเลเวล Aether Spirit,th-TH
エーテル戦線の祭典ステージ-I,เวทีฉลองแนวรบ Aetherium I,th-TH
エーテル戦線の祭典ステージ-II,เวทีฉลองแนวรบ Aetherium II,th-TH
エーテル戦線の祭典ステージ-III,เวทีฉลองแนวรบ Aetherium III,th-TH
オレグ,Oleg,th-TH
カフカ,Kafka,th-TH
カボチャ,ฟักทอง,th-TH
キメラ,ไคเมร่า,th-TH
キャストリス,Castorice,th-TH
キャノン砲,ปืนใหญ่,th-TH
キュレネ,Cyrene,th-TH
ギルバート,Gilbert,th-TH
クラーラ,Clara,th-TH
クリフォト城-I,ป้อม Qlipoth I,th-TH
クリフォト城-II,ป้อม Qlipoth II,th-TH
クリフォト城-III,ป้อม Qlipoth III,th-TH
クリーム,ครีม,th-TH
クロックボーイの像-I,รูปปั้นเจ้าหนูนาฬิกา I,th-TH
クロックボーイの像-II,รูปปั้นเจ้าหนูนาฬิกา II,th-TH
クロックボーイの像-III,รูปปั้นเจ้าหนูนาฬิกา III,th-TH
クロックマネー,เครดิตนาฬิกาทอง,th-TH
グラークスの彫像-I,รูปปั้น Glaux I,th-TH
グラークスの彫像-II,รูปปั้น Glaux II,th-TH
グラークスの彫像-III,รูปปั้น Glaux III,th-TH
ゲーテ,ลุง Goethe,th-TH
ゲームカートリッジ,ตลับเกม,th-TH
コイン,เหรียญทอง,th-TH
コズミック・フォースの経歴,EXP ศึกดวลพลัง,th-TH
コールドフット,คุณชายขาแข็ง,th-TH
ゴミ箱,ถังขยะ,th-TH
ゴーディー,Gertie,th-TH
サプライズボックス,สมบัติเซอร์ไพรส์,th-TH
サンデー,Sunday,th-TH
シルバーメインの勲章,Silvermane Medal,th-TH
シルバーメインの記章,Silvermane Insignia,th-TH
シルバーメインの釦,Silvermane Badge,th-TH
シルバーメイン・尉官,Silvermane Lieutenant,th-TH
シルバーメイン・狙撃手,Silvermane Gunner,th-TH
シルバーメイン・砲兵,Silvermane Cannoneer,th-TH
シルバーメイン・近衛,Silvermane Soldier,th-TH
シールド,Shield,th-TH
ジェパード,Gepard,th-TH
ジュエル,เพชร,th-TH
ジュリアン,Julian,th-TH
スコート,Skott,th-TH
スターピース社員証,IPC Work Permit,th-TH
スッパぬき,โบ้กอสซิป,th-TH
スッパイモン,ผลเปรี้ยวจี๊ด,th-TH
スピンコイン,เหรียญสุ่มใหม่,th-TH
スヴァローグ,Svarog,th-TH
セイレンス,Hysilens,th-TH
セイレーンのひれ,Sea Siren's Torn Fin,th-TH
セーバル,Serval,th-TH
セーバルの狂熱ファン,แฟนคลับตัวจี๊ดของ Serval,th-TH
ゼーレ,Seele,th-TH
タンパク米,Protein Rice,th-TH
ダン,Dunn,th-TH
チップ「アンチウイルス」,ชิปขจัดราบคาบ,th-TH
チップ「アンチバリア」,ชิปทลายโล่,th-TH
チップ「インターセプト」,ชิปสกัดการโจมตี,th-TH
チップ「エネルギー循環」,ชิปพลังงานหมุนเวียน,th-TH
チップ「オーバードライブ」,ชิปเบิกสมรรถนะ,th-TH
チップ「クイックコマンド」,ชิปคำสั่งด่วน,th-TH
チップ「スタートダッシュ」,ชิปเปิดใช้งานเต็มตัว,th-TH
チップ「ストレージ管理」,ชิปเคลียร์ข้อมูล,th-TH
チップ「スレッショルドブレイク」,ชิปทะลวงพิสัย,th-TH
チップ「セキュリティホール：凍結」,ชิปช่องโหว่แช่แข็ง,th-TH
チップ「セキュリティホール：風化」,ชิปช่องโหว่ลมเฉือน,th-TH
チップ「データ回収」,ชิปกู้ข้อมูล,th-TH
チップ「バックグラウンド強化」,ชิปเสริมพลังเบื้องหลัง,th-TH
チップ「バリアシステム」,ชิประบบโล่,th-TH
チップ「パフォーマンス分配」,ชิปจัดสรรสมรรถนะ,th-TH
チップ「ファイアウォール」,ชิปไฟร์วอลล์,th-TH
チップ「プーマンパッチ」,ชิปแพตช์ Trotter,th-TH
チップ「マトリックスイテレーション」,ชิปวนซ้ำเมทริกซ์,th-TH
チップ「一時退避」,ชิปหลบภัยชั่วคราว,th-TH
チップ「並行強化」,ชิปเสริมพลังแนวขนาน,th-TH
チップ「低速高効率」,ชิปโหลดความเร็วต่ำ,th-TH
チップ「士気向上」,ชิปเรียกขวัญกำลังใจ,th-TH
チップ「安全モード」,ชิปโหมดปลอดภัย,th-TH
チップ「損耗抑制」,ชิประงับการสูญเสีย,th-TH
チップ「汎用性向上」,ชิปอัปเกรดทั่วไป,th-TH
チップ「省エネ」,ชิปเพิ่มประสิทธิภาพ,th-TH
チップ「破損拡大」,ชิปขัดข้อง,th-TH
チップ「緊急再起動」,ชิปรีสตาร์ตฉุกเฉิน,th-TH
チップ「臨時補間」,ชิปแทรกแซงชั่วคราว,th-TH
チップ「自動修復」,ชิปซ่อมแซมอัตโนมัติ,th-TH
チップ「計算力ロック」,ชิปล็อกการคำนวณ,th-TH
チップ「負荷アルゴリズム」,ชิปอัลกอริทึมเชิงลบ,th-TH
チャーリー,Findie,th-TH
チュンチュントントン工具箱,กล่องเครื่องมือจิ๊บจิ๊บตุ๊บตั๊บ,th-TH
ツイストガム,Lil' Twisty Bubble Gum,th-TH
ツブツブマメ,ฝักถั่ว,th-TH
ティアニオン,หัวหอมหยดน้ำตา,th-TH
デフォルト衣装,ชุดเริ่มต้น,th-TH
トゲトゲの実,ลูกหนาม,th-TH
トマト,มะเขือแดง,th-TH
トリビー,Tribbie,th-TH
ドットコアのカセット,ตลับแกนกลางพิกเซล,th-TH
ドリームコレクションパーツ,Dream Collection Component,th-TH
ドリームフローバルブ,Dream Flow Valve,th-TH
ドリームボーダー-I,พรมแดนสร้างฝัน I,th-TH
ドリームボーダー-II,พรมแดนสร้างฝัน II,th-TH
ドリームボーダー-III,พรมแดนสร้างฝัน III,th-TH
ドリームメイキングモーター,Dream Making Engine,th-TH
ナイトメア劇団・Mr.円幕,Mr. Domescreen แห่งคณะละครฝันผวา,th-TH
ナターシャ,Natasha,th-TH
ニコラ,Nika,th-TH
ニンジン,แคร์รอต,th-TH
ハチミツ,น้ำผึ้ง,th-TH
パチパチフルーツ,ผลปุ๊ป๊ะ,th-TH
パーキンス,Perkins,th-TH
パーツ,Mechanical Part,th-TH
ヒアンシー,Hyacine,th-TH
ヒーヒーペッパー,พริกซี้ดซ้าด,th-TH
ビッグウーウーボ-I,Wubbaboo ยักษ์ I,th-TH
ビッグウーウーボ-II,Wubbaboo ยักษ์ II,th-TH
ビッグウーウーボ-III,Wubbaboo ยักษ์ III,th-TH
ピーク,Peak,th-TH
ファイノン,Phainon,th-TH
ファジェイナの心,Heart of Phagousa,th-TH
ファジェイナの涙,Tears of Phagousa,th-TH
ファジェイナの酒,Wine of Phagousa,th-TH
ファミリー賛歌,Ancestral Hymn,th-TH
フィドラ,Fidora,th-TH
フェスマン,Fersman,th-TH
フック,Hook,th-TH
ブローニャ,Bronya,th-TH
ヘルタの肖像画-I,ภาพเหมือนของ Herta I,th-TH
ヘルタの肖像画-II,ภาพเหมือนของ Herta II,th-TH
ヘルタの肖像画-III,ภาพเหมือนของ Herta III,th-TH
ヘルタコイン,Hertareum,th-TH
ヘルタ債券,Herta Bond,th-TH
ヘルメット,หมวกนิรภัย,th-TH
ベテラン社員・チームリーダー,เจ้าหน้าที่อาวุโส - หัวหน้าทีม,th-TH
ベロブルグの遠景を描いた油絵,ภาพสีน้ำมันรูปวิวระยะไกลของ Belobog,th-TH
ペペ-I,Peppy I,th-TH
ペペ-II,Peppy II,th-TH
ペペ-III,Peppy III,th-TH
ペラ,Pela,th-TH
ホタル,Firefly,th-TH
ボールキャベツ,กะหล่ำกลมเขียว,th-TH
ポテト,มันเหลืองทอง,th-TH
マダム・ヘルタ,ท่าน Herta,th-TH
マナの苗,Seedling of Manas,th-TH
マンヤ,Manya,th-TH
ミュトゥスキープ,Mythus Knots,th-TH
メカキューブ,Mechanical Cube,th-TH
モデル「自動機兵・サバーカ」,"โมเดล ""Automaton Hound""",th-TH
モデル「自動機兵・ジューク」,"โมเดล ""Automaton Beetle""",th-TH
モデル「自動機兵・パウーク」,"โมเดล ""Automaton Spider""",th-TH
モニタールーム-I,ห้องมอนิเตอร์ I,th-TH
モニタールーム-II,ห้องมอนิเตอร์ II,th-TH
モニタールーム-III,ห้องมอนิเตอร์ III,th-TH
ラフスケッチ,Rough Sketch,th-TH
リラ,Lila,th-TH
ルアン・メェイ,Ruan Mei,th-TH
レタス,ผักกาด,th-TH
ロシ,Rossy,th-TH
ロビン,Robin,th-TH
ヴォイドレンジャーの氷像・その1,รูปแกะสลักน้ำแข็ง Voidranger 1,th-TH
ヴォイドレンジャーの氷像・その2,รูปแกะสลักน้ำแข็ง Voidranger 2,th-TH
ヴォイドレンジャー・抹消,Voidranger: Eliminator,th-TH
ヴォイドレンジャー・略奪,Voidranger: Reaver,th-TH
ヴォイドレンジャー・蹂躙,Voidranger: Trampler,th-TH
一人嘉禾,Human-Height Auspicious Crops,th-TH
一人稲,Human-Height Auspicious Crops,th-TH
一曲合弦的幻景,Chordal Mirage,th-TH
一杯酩酊的时代,A Glass of the Besotted Era,th-TH
一杯酩酊的時代,A Glass of the Besotted Era,th-TH
万相果实,Myriad Fruit,th-TH
万色、愚者のメイト,"Omnicolor, Fool's Own",th-TH
万色，愚者自将,"Omnicolor, Fool's Own",th-TH
三月なのか,March 7th,th-TH
三月七,March 7th,th-TH
不完全な追憶,ความทรงจำที่บกพร่อง,th-TH
不死途,Ashveil,th-TH
並行強化晶片,ชิปเสริมพลังแนวขนาน,th-TH
丰收结晶,ผลึกเก็บเกี่ยว,th-TH
丰饶之种,Seed of Abundance,th-TH
丰饶灵兽•奎木,Abundance Sprite: Wooden Lupus,th-TH
丰饶香涎,Ambergris of Abundance,th-TH
临时插值芯片,ชิปแทรกแซงชั่วคราว,th-TH
临时避险芯片,ชิปหลบภัยชั่วคราว,th-TH
丹恆•騰荒,Dan Heng - จ้าวทระนงคงปฐพี,th-TH
丹恒•腾荒,Dan Heng - จ้าวทระนงคงปฐพี,th-TH
丹恒・騰荒,Dan Heng - จ้าวทระนงคงปฐพี,th-TH
丹鼎司龍樹-I,ต้นมังกรแห่ง Alchemy Commission I,th-TH
丹鼎司龍樹-II,ต้นมังกรแห่ง Alchemy Commission II,th-TH
丹鼎司龍樹-III,ต้นมังกรแห่ง Alchemy Commission III,th-TH
丹鼎司龍樹-Ⅰ,ต้นมังกรแห่ง Alchemy Commission I,th-TH
丹鼎司龍樹-Ⅱ,ต้นมังกรแห่ง Alchemy Commission II,th-TH
丹鼎司龍樹-Ⅲ,ต้นมังกรแห่ง Alchemy Commission III,th-TH
丹鼎司龙树-Ⅰ,ต้นมังกรแห่ง Alchemy Commission I,th-TH
丹鼎司龙树-Ⅱ,ต้นมังกรแห่ง Alchemy Commission II,th-TH
丹鼎司龙树-Ⅲ,ต้นมังกรแห่ง Alchemy Commission III,th-TH
主制御部分・艦橋-I,สะพาน Master Control Zone I,th-TH
主制御部分・艦橋-II,สะพาน Master Control Zone II,th-TH
主制御部分・艦橋-III,สะพาน Master Control Zone III,th-TH
主控舰桥-Ⅰ,สะพาน Master Control Zone I,th-TH
主控舰桥-Ⅱ,สะพาน Master Control Zone II,th-TH
主控舰桥-Ⅲ,สะพาน Master Control Zone III,th-TH
主控艦橋-Ⅰ,สะพาน Master Control Zone I,th-TH
主控艦橋-Ⅱ,สะพาน Master Control Zone II,th-TH
主控艦橋-Ⅲ,สะพาน Master Control Zone III,th-TH
乐园纪念币,เหรียญสุขาวดี,th-TH
乙太戰線慶典舞台-Ⅰ,เวทีฉลองแนวรบ Aetherium I,th-TH
乙太戰線慶典舞台-Ⅱ,เวทีฉลองแนวรบ Aetherium II,th-TH
乙太戰線慶典舞台-Ⅲ,เวทีฉลองแนวรบ Aetherium III,th-TH
乙太靈升級資料,ชิปอัปเลเวล Aether Spirit,th-TH
云际音符,Firmament Note,th-TH
亚诺,Amo,th-TH
亞諾,Amo,th-TH
仙饌秘釀,น้ำอมฤต,th-TH
仙馔秘酿,น้ำอมฤต,th-TH
以太战线庆典舞台-Ⅰ,เวทีฉลองแนวรบ Aetherium I,th-TH
以太战线庆典舞台-Ⅱ,เวทีฉลองแนวรบ Aetherium II,th-TH
以太战线庆典舞台-Ⅲ,เวทีฉลองแนวรบ Aetherium III,th-TH
以太灵升级数据,ชิปอัปเลเวล Aether Spirit,th-TH
仮想粒子,Virtual Particle,th-TH
伊妮丝,Eunice,th-TH
伊妮絲,Eunice,th-TH
伊蕾恩,Elaine,th-TH
伪觉者的期许,High Hopes of the Falsely Enlightened,th-TH
似非覚者の期待,High Hopes of the Falsely Enlightened,th-TH
位相霊火,มิติเปลวเพลิง,th-TH
低速高載晶片,ชิปโหลดความเร็วต่ำ,th-TH
低速高载芯片,ชิปโหลดความเร็วต่ำ,th-TH
余栄の涙石,Tear Crystal of Glorious Death,th-TH
佩佩-Ⅰ,Peppy I,th-TH
佩佩-Ⅱ,Peppy II,th-TH
佩佩-Ⅲ,Peppy III,th-TH
佩拉,Pela,th-TH
侵略の結晶,Invasive Clot,th-TH
侵略凝块,Invasive Clot,th-TH
侵略凝塊,Invasive Clot,th-TH
信息终端及显示屏套组,ชุดเทอร์มินัลข้อมูล และหน้าจอมอนิเตอร์,th-TH
偽覺者的期許,High Hopes of the Falsely Enlightened,th-TH
傑帕德,Gepard,th-TH
像素核心卡带,ตลับแกนกลางพิกเซล,th-TH
像素核心卡帶,ตลับแกนกลางพิกเซล,th-TH
光円錐の破片,อณูความทรงจำ Light Cone,th-TH
光錐碎憶,อณูความทรงจำ Light Cone,th-TH
光锥碎忆,อณูความทรงจำ Light Cone,th-TH
克拉拉,Clara,th-TH
克里珀堡-Ⅰ,ป้อม Qlipoth I,th-TH
克里珀堡-Ⅱ,ป้อม Qlipoth II,th-TH
克里珀堡-Ⅲ,ป้อม Qlipoth III,th-TH
入魔机巧 • 灯昼龙鱼,Entranced Ingenium: Illumination Dragonfish,th-TH
入魔机巧 • 率从狻猊,Entranced Ingenium: Obedient Dracolion,th-TH
入魔機巧•燈晝龍魚,Entranced Ingenium: Illumination Dragonfish,th-TH
入魔機巧•率從狻猊,Entranced Ingenium: Obedient Dracolion,th-TH
入魔機巧・灯火龍魚,Entranced Ingenium: Illumination Dragonfish,th-TH
入魔機巧・統率狻猊,Entranced Ingenium: Obedient Dracolion,th-TH
全盘杀毒芯片,ชิปขจัดราบคาบ,th-TH
全盤殺毒晶片,ชิปขจัดราบคาบ,th-TH
六合、王手飛車取り,"Sixen, King-Rook Fork",th-TH
六合，王手飛車,"Sixen, King-Rook Fork",th-TH
六合，王手飞车,"Sixen, King-Rook Fork",th-TH
兽棺之钉,Nail of the Beast Coffin,th-TH
冒险记录,บันทึกการผจญภัย,th-TH
冒険記録,บันทึกการผจญภัย,th-TH
冒險紀錄,บันทึกการผจญภัย,th-TH
冬城盾,Shield,th-TH
冰之芯,Core of Ice,th-TH
决胜战力币,เหรียญพลังแห่งชัยชนะ,th-TH
冷寒徘徊者,Frigid Prowler,th-TH
冷藏夢箱,Dream Fridge,th-TH
冷藏梦箱,Dream Fridge,th-TH
冻结漏洞芯片,ชิปช่องโหว่แช่แข็ง,th-TH
净世残刃,Worldbreaker Blade,th-TH
净化清理芯片,ชิปเคลียร์ข้อมูล,th-TH
凌乱草图,Rough Sketch,th-TH
凌亂草圖,Rough Sketch,th-TH
凍結漏洞晶片,ชิปช่องโหว่แช่แข็ง,th-TH
凝縮乙太,Condensed Aether,th-TH
凝缩以太,Condensed Aether,th-TH
刃,Blade,th-TH
刺刺果,ลูกหนาม,th-TH
加农火炮,ปืนใหญ่,th-TH
加農火炮,ปืนใหญ่,th-TH
动态线稿,Dynamic Outlining,th-TH
助燃券,ตั๋วเชื้อเพลิง,th-TH
勇气撕裂胸膛,Courage-Torn Chest,th-TH
勇気は胸を切り裂く,Courage-Torn Chest,th-TH
勇氣撕裂胸膛,Courage-Torn Chest,th-TH
動態線稿,Dynamic Outlining,th-TH
勘录舍-Ⅰ,เขตจัดเรียง I,th-TH
勘录舍-Ⅱ,เขตจัดเรียง II,th-TH
勘录舍-Ⅲ,เขตจัดเรียง III,th-TH
勘錄舍-Ⅰ,เขตจัดเรียง I,th-TH
勘錄舍-Ⅱ,เขตจัดเรียง II,th-TH
勘錄舍-Ⅲ,เขตจัดเรียง III,th-TH
勘録舎-I,เขตจัดเรียง I,th-TH
勘録舎-II,เขตจัดเรียง II,th-TH
勘録舎-III,เขตจัดเรียง III,th-TH
匹克,Peak,th-TH
华劳斯,Wallace,th-TH
南瓜,ฟักทอง,th-TH
博学镜,แว่นผู้รอบรู้,th-TH
博學鏡,แว่นผู้รอบรู้,th-TH
博識メガネ,แว่นผู้รอบรู้,th-TH
卡芙卡,Kafka,th-TH
印象の残晶,Fragments of Impression,th-TH
印象残晶,Fragments of Impression,th-TH
印象殘晶,Fragments of Impression,th-TH
历史文化博物馆-Ⅰ,พิพิธภัณฑ์ประวัติศาสตร์ และวัฒนธรรม I,th-TH
历史文化博物馆-Ⅱ,พิพิธภัณฑ์ประวัติศาสตร์ และวัฒนธรรม II,th-TH
历史文化博物馆-Ⅲ,พิพิธภัณฑ์ประวัติศาสตร์ และวัฒนธรรม III,th-TH
厌倦,Weary,th-TH
厭倦,Weary,th-TH
反护盾芯片,ชิปทลายโล่,th-TH
反護盾晶片,ชิปทลายโล่,th-TH
变身英雄之愿,ความปรารถนาจะเป็นฮีโร่,th-TH
变量骰子,Variable Dice,th-TH
叠影器（特制）,Superimposer (Custom-made),th-TH
叡智のカギ,Key of Wisdom,th-TH
古びた大臼歯,Old Molar,th-TH
古代エンジン,Ancient Engine,th-TH
古代シャフト,Ancient Spindle,th-TH
古代パーツ,Ancient Part,th-TH
古代引擎,Ancient Engine,th-TH
古代轉軸,Ancient Spindle,th-TH
古代转轴,Ancient Spindle,th-TH
古代零件,Ancient Part,th-TH
古董台灯,โคมไฟโบราณ,th-TH
古董收音机,วิทยุโบราณ,th-TH
古董收音機,วิทยุโบราณ,th-TH
古董檯燈,โคมไฟโบราณ,th-TH
史瓦罗,Svarog,th-TH
史瓦羅,Svarog,th-TH
司辰宫-Ⅰ,Palace of Astrum I,th-TH
司辰宫-Ⅱ,Palace of Astrum II,th-TH
司辰宫-Ⅲ,Palace of Astrum III,th-TH
司辰宮-I,Palace of Astrum I,th-TH
司辰宮-II,Palace of Astrum II,th-TH
司辰宮-III,Palace of Astrum III,th-TH
司辰宮-Ⅰ,Palace of Astrum I,th-TH
司辰宮-Ⅱ,Palace of Astrum II,th-TH
司辰宮-Ⅲ,Palace of Astrum III,th-TH
吉伯特,Gilbert,th-TH
吉光の羽,Auspice Sliver,th-TH
吉光片羽,Auspice Sliver,th-TH
吉尔伯特,Gilbert,th-TH
同愿的遗音,Lost Echo of the Shared Wish,th-TH
同諧黏液,Slime of Harmony,th-TH
同谐黏液,Slime of Harmony,th-TH
同願の遺音,Lost Echo of the Shared Wish,th-TH
同願的遺音,Lost Echo of the Shared Wish,th-TH
后台强化芯片,ชิปเสริมพลังเบื้องหลัง,th-TH
吐舌頭椒,พริกซี้ดซ้าด,th-TH
启行的祝福,First Voyage's Blessing,th-TH
启迪之钥,Key of Knowledge,th-TH
吹雪の角,Horn of Snow,th-TH
命定死因,Destined Expiration,th-TH
命运的足迹,Tracks of Destiny,th-TH
命運的足跡,Tracks of Destiny,th-TH
哀叹漫无止息,Eternal Lament,th-TH
哀嘆漫無止息,Eternal Lament,th-TH
哀榮泣石,Tear Crystal of Glorious Death,th-TH
哀荣泣石,Tear Crystal of Glorious Death,th-TH
商业活力证明,ตราพลังการค้า,th-TH
商業活力證明,ตราพลังการค้า,th-TH
商業活気証明,ตราพลังการค้า,th-TH
啓発のカギ,Key of Knowledge,th-TH
啓行の祝福,First Voyage's Blessing,th-TH
啟行的祝福,First Voyage's Blessing,th-TH
啟迪之鑰,Key of Knowledge,th-TH
啾啾哒哒工具箱,กล่องเครื่องมือจิ๊บจิ๊บตุ๊บตั๊บ,th-TH
啾啾噠噠工具箱,กล่องเครื่องมือจิ๊บจิ๊บตุ๊บตั๊บ,th-TH
喧哗与骚动,The Sound and the Fury,th-TH
喧嘩與騷動,The Sound and the Fury,th-TH
喧噪と騒動,The Sound and the Fury,th-TH
嗤うピエロの面,Sneering Harlequin,th-TH
嗤笑丑面,Sneering Harlequin,th-TH
嗤笑醜面,Sneering Harlequin,th-TH
嘶哈椒,พริกซี้ดซ้าด,th-TH
噼啪果,ผลปุ๊ป๊ะ,th-TH
四相、過河照君,"Four Phases, Crossing the River to Check the King",th-TH
四相，过河照君,"Four Phases, Crossing the River to Check the King",th-TH
四相，過河照君,"Four Phases, Crossing the River to Check the King",th-TH
回忆卡抽取券,บัตรสุ่มการ์ดความทรงจำ,th-TH
回憶卡抽取券,บัตรสุ่มการ์ดความทรงจำ,th-TH
固形純水,Solid Water,th-TH
固态净水,Solid Water,th-TH
固態淨水,Solid Water,th-TH
土色の染料,น้ำยาย้อมสีดิน,th-TH
土黃豆,มันเหลืองทอง,th-TH
土黄豆,มันเหลืองทอง,th-TH
地髄鉱脈-I,สายแร่ Geomarrow I,th-TH
地髄鉱脈-II,สายแร่ Geomarrow II,th-TH
地髄鉱脈-III,สายแร่ Geomarrow III,th-TH
地髓矿脉-Ⅰ,สายแร่ Geomarrow I,th-TH
地髓矿脉-Ⅱ,สายแร่ Geomarrow II,th-TH
地髓矿脉-Ⅲ,สายแร่ Geomarrow III,th-TH
地髓礦脈-Ⅰ,สายแร่ Geomarrow I,th-TH
地髓礦脈-Ⅱ,สายแร่ Geomarrow II,th-TH
地髓礦脈-Ⅲ,สายแร่ Geomarrow III,th-TH
垃圾桶,ถังขยะ,th-TH
埃里克,Eric,th-TH
基层员工•安保,เจ้าหน้าที่ชั้นผู้น้อย - รปภ.,th-TH
基層員工•保全,เจ้าหน้าที่ชั้นผู้น้อย - รปภ.,th-TH
基本食材,Basic Ingredient,th-TH
壊滅異質,Strange Matter of Destruction,th-TH
壊滅者の末路,Destroyer's Final Road,th-TH
士气激活芯片,ชิปเรียกขวัญกำลังใจ,th-TH
士氣啟動晶片,ชิปเรียกขวัญกำลังใจ,th-TH
変数サイコロ,Variable Dice,th-TH
変身ヒーローの夢,ความปรารถนาจะเป็นฮีโร่,th-TH
夕焼けの蕾,Charred Bud of Twilight,th-TH
外宇宙之炎,Blaze Out of Space,th-TH
夜の帳に輝く月華,Darkveil Moonlight,th-TH
夢の中核-I,แก่นของความฝัน I,th-TH
夢の中核-II,แก่นของความฝัน II,th-TH
夢の中核-III,แก่นของความฝัน III,th-TH
夢の冷蔵庫,Dream Fridge,th-TH
夢の海流-I,กระแสคลื่นความฝัน I,th-TH
夢の海流-II,กระแสคลื่นความฝัน II,th-TH
夢の海流-III,กระแสคลื่นความฝัน III,th-TH
夢の涙,Tears of Dreams,th-TH
夢を炙るトーチバーナー,Dream Flamer,th-TH
夢之珠淚,Tears of Dreams,th-TH
夢作りの鋼材,Dreamweave Steel,th-TH
夢現管錐,Lucid Awl,th-TH
夢的核心-Ⅰ,แก่นของความฝัน I,th-TH
夢的核心-Ⅱ,แก่นของความฝัน II,th-TH
夢的核心-Ⅲ,แก่นของความฝัน III,th-TH
夢的洋流-Ⅰ,กระแสคลื่นความฝัน I,th-TH
夢的洋流-Ⅱ,กระแสคลื่นความฝัน II,th-TH
夢的洋流-Ⅲ,กระแสคลื่นความฝัน III,th-TH
夢見の絵筆,Lucid Awl,th-TH
大呜呜伯-Ⅰ,Wubbaboo ยักษ์ I,th-TH
大呜呜伯-Ⅱ,Wubbaboo ยักษ์ II,th-TH
大呜呜伯-Ⅲ,Wubbaboo ยักษ์ III,th-TH
大嗚嗚伯-Ⅰ,Wubbaboo ยักษ์ I,th-TH
大嗚嗚伯-Ⅱ,Wubbaboo ยักษ์ II,th-TH
大嗚嗚伯-Ⅲ,Wubbaboo ยักษ์ III,th-TH
大地兽,อสูรธรณี,th-TH
大地獣,อสูรธรณี,th-TH
大地獸,อสูรธรณี,th-TH
大地色染料,น้ำยาย้อมสีดิน,th-TH
大鉱区の全景を描いた油絵,ภาพสีน้ำมันรูปวิวทั้งหมดของ Great Mine,th-TH
大黑塔,ท่าน Herta,th-TH
天人の残穢,Ascendant Debris,th-TH
天人遗垢,Ascendant Debris,th-TH
天人遺垢,Ascendant Debris,th-TH
天体模型,Celestial Globe,th-TH
天外の楽章,Heavenly Melody,th-TH
天外乐章,Heavenly Melody,th-TH
天外樂章,Heavenly Melody,th-TH
天罰の血槍,Lance of Retribution,th-TH
天蓝色染料,น้ำยาย้อมสีฟ้า,th-TH
天藍色染料,น้ำยาย้อมสีฟ้า,th-TH
天譴血矛,Lance of Retribution,th-TH
天谴血矛,Lance of Retribution,th-TH
天賦ポイント,แต้มพรสวรรค์,th-TH
天賦點,แต้มพรสวรรค์,th-TH
天赋点,แต้มพรสวรรค์,th-TH
天體模型,Celestial Globe,th-TH
奇美拉,ไคเมร่า,th-TH
奥列格,Oleg,th-TH
奧列格,Oleg,th-TH
奶油,ครีม,th-TH
妖精の金貨,เหรียญทองภูต,th-TH
妖精金币,เหรียญทองภูต,th-TH
妖精金幣,เหรียญทองภูต,th-TH
姫子,Himeko,th-TH
姬子,Himeko,th-TH
娜塔莎,Natasha,th-TH
嫌気,Weary,th-TH
存护筑材,Preservation Construction Material,th-TH
存護の建材,Preservation Construction Material,th-TH
存護建材,Preservation Construction Material,th-TH
孤儿院-Ⅰ,สถานเลี้ยงเด็กกำพร้า I,th-TH
孤儿院-Ⅱ,สถานเลี้ยงเด็กกำพร้า II,th-TH
孤儿院-Ⅲ,สถานเลี้ยงเด็กกำพร้า III,th-TH
孤児院-I,สถานเลี้ยงเด็กกำพร้า I,th-TH
孤児院-II,สถานเลี้ยงเด็กกำพร้า II,th-TH
孤児院-III,สถานเลี้ยงเด็กกำพร้า III,th-TH
孤兒院-Ⅰ,สถานเลี้ยงเด็กกำพร้า I,th-TH
孤兒院-Ⅱ,สถานเลี้ยงเด็กกำพร้า II,th-TH
孤兒院-Ⅲ,สถานเลี้ยงเด็กกำพร้า III,th-TH
孤星明塵,ธุลีดาวเดียวดาย,th-TH
孤星明尘,ธุลีดาวเดียวดาย,th-TH
宇宙からの炎,Blaze Out of Space,th-TH
守护者的悲愿,Guardian's Lament,th-TH
守護者の悲願,Guardian's Lament,th-TH
守護者的悲願,Guardian's Lament,th-TH
安全帽,หมวกนิรภัย,th-TH
安全模式晶片,ชิปโหมดปลอดภัย,th-TH
安全模式芯片,ชิปโหมดปลอดภัย,th-TH
安逸,Tranquility,th-TH
定められた死因,Destined Expiration,th-TH
定分枪-Ⅰ,ปืนประเมินคะแนน I,th-TH
定分枪-Ⅱ,ปืนประเมินคะแนน II,th-TH
定分枪-Ⅲ,ปืนประเมินคะแนน III,th-TH
实体游戏卡带,ตลับเกม,th-TH
実りの結晶,ผลึกเก็บเกี่ยว,th-TH
家族頌歌,Ancestral Hymn,th-TH
家族颂歌,Ancestral Hymn,th-TH
寒腿叔叔,คุณชายขาแข็ง,th-TH
寒鉄の誓い,Oath of Steel,th-TH
寒鐵的誓言,Oath of Steel,th-TH
寒铁的誓言,Oath of Steel,th-TH
實體遊戲卡帶,ตลับเกม,th-TH
封鎖部分・最下部-I,ด้านล่างสุดของ Seclusion Zone I,th-TH
封鎖部分・最下部-II,ด้านล่างสุดของ Seclusion Zone II,th-TH
封鎖部分・最下部-III,ด้านล่างสุดของ Seclusion Zone III,th-TH
小彆扭泡泡糖,Lil' Twisty Bubble Gum,th-TH
小拧巴吹泡糖,Lil' Twisty Bubble Gum,th-TH
小麥,ข้าวสาลี,th-TH
小麦,ข้าวสาลี,th-TH
尖酸果,ผลเปรี้ยวจี๊ด,th-TH
尤利安,Julian,th-TH
尼古莱,Nika,th-TH
尼古萊,Nika,th-TH
屠魔の矢,Arrow of the Demon Slayer,th-TH
屠魔之矢,Arrow of the Demon Slayer,th-TH
巡游的祝福,Wayfare's Blessing,th-TH
巡狩石,Stone of the Hunt,th-TH
巡猎石,Stone of the Hunt,th-TH
巡獵石,Stone of the Hunt,th-TH
巡遊の祝福,Wayfare's Blessing,th-TH
巡遊的祝福,Wayfare's Blessing,th-TH
巡鏑,Strale,th-TH
巡镝,Strale,th-TH
工造机杼,Artifex's Module,th-TH
工造機杼,Artifex's Module,th-TH
工造機関,Artifex's Module,th-TH
工造浑心,Artifex's Gyreheart,th-TH
工造渾心,Artifex's Gyreheart,th-TH
工造迴輪,Artifex's Cogwheel,th-TH
工造迴轮,Artifex's Cogwheel,th-TH
布洛妮娅,Bronya,th-TH
布洛妮婭,Bronya,th-TH
希儿,Seele,th-TH
希兒,Seele,th-TH
希薄なエーテル,Sparse Aether,th-TH
希露瓦,Serval,th-TH
希露瓦的狂热粉丝,แฟนคลับตัวจี๊ดของ Serval,th-TH
希露瓦的狂熱粉絲,แฟนคลับตัวจี๊ดของ Serval,th-TH
帕金斯,Perkins,th-TH
帝垣琼玉牌-Ⅰ,หมากหยกแห่งดวงดาว I,th-TH
帝垣琼玉牌-Ⅱ,หมากหยกแห่งดวงดาว II,th-TH
帝垣琼玉牌-Ⅲ,หมากหยกแห่งดวงดาว III,th-TH
帝垣瓊玉牌-Ⅰ,หมากหยกแห่งดวงดาว I,th-TH
帝垣瓊玉牌-Ⅱ,หมากหยกแห่งดวงดาว II,th-TH
帝垣瓊玉牌-Ⅲ,หมากหยกแห่งดวงดาว III,th-TH
帝垣美玉牌-I,หมากหยกแห่งดวงดาว I,th-TH
帝垣美玉牌-II,หมากหยกแห่งดวงดาว II,th-TH
帝垣美玉牌-III,หมากหยกแห่งดวงดาว III,th-TH
常冬の碑-I,Everwinter Monument I,th-TH
常冬の碑-II,Everwinter Monument II,th-TH
常冬の碑-III,Everwinter Monument III,th-TH
干涉密钥,คีย์เข้ารหัสแทรกแซง,th-TH
干涉金鑰,คีย์เข้ารหัสแทรกแซง,th-TH
干渉暗号キー,คีย์เข้ารหัสแทรกแซง,th-TH
平社員・警備,เจ้าหน้าที่ชั้นผู้น้อย - รปภ.,th-TH
并行强化芯片,ชิปเสริมพลังแนวขนาน,th-TH
幻乐的祝福,พรแห่งท่วงทำนองมายา,th-TH
幻楽の祝福,พรแห่งท่วงทำนองมายา,th-TH
幻樂的祝福,พรแห่งท่วงทำนองมายา,th-TH
幽府通令,Netherworld Token,th-TH
庆典礼炮香槟,แชมเปญพลุฉลอง,th-TH
序列プーマン,Sequence Trotter,th-TH
序列扑满,Sequence Trotter,th-TH
序列撲滿,Sequence Trotter,th-TH
废弃机巧零件,Discarded Ingenium Parts,th-TH
廃棄された機巧部品,Discarded Ingenium Parts,th-TH
廢棄機巧零件,Discarded Ingenium Parts,th-TH
廻星港「植船区」-I,"Stargazer Navalia ""Ship Nursery"" I",th-TH
廻星港「植船区」-II,"Stargazer Navalia ""Ship Nursery"" II",th-TH
廻星港「植船区」-III,"Stargazer Navalia ""Ship Nursery"" III",th-TH
开拓妖精,ภูตบุกเบิก,th-TH
开拓者的棒球棍,ไม้เบสบอลของผู้บุกเบิก,th-TH
异木种籽,Alien Tree Seed,th-TH
异相仲裁限时通关勋章,เหรียญตราผ่านด่านจำกัดเวลาผู้ตัดสินที่ผิดแปลก,th-TH
彩色戦力コイン,เหรียญพลังสีสัน,th-TH
往日之影的金飾,Golden Crown of the Past Shadow,th-TH
往日之影的金饰,Golden Crown of the Past Shadow,th-TH
往日之影的雷冠,Lightning Crown of the Past Shadow,th-TH
微かに光る原核,Glimmering Core,th-TH
微光原核,Glimmering Core,th-TH
忘却の庭の期間限定勲章,เหรียญตราผ่านด่านจำกัดเวลา Forgotten Hall,th-TH
忘却之庭限时通关勋章,เหรียญตราผ่านด่านจำกัดเวลา Forgotten Hall,th-TH
忘卻之庭限時完成勳章,เหรียญตราผ่านด่านจำกัดเวลา Forgotten Hall,th-TH
快速指令晶片,ชิปคำสั่งด่วน,th-TH
快速指令芯片,ชิปคำสั่งด่วน,th-TH
忿火之心,Raging Heart,th-TH
思い出カードチケット,บัตรสุ่มการ์ดความทรงจำ,th-TH
思惟の枝,Bough of Thought,th-TH
思維枝槨,Bough of Thought,th-TH
思緒末屑,Tatters of Thought,th-TH
思绪末屑,Tatters of Thought,th-TH
思维枝椁,Bough of Thought,th-TH
思考の粉末,Tatters of Thought,th-TH
思量的种,Bīja of Consciousness,th-TH
思量的種,Bīja of Consciousness,th-TH
性能分配晶片,ชิปจัดสรรสมรรถนะ,th-TH
性能分配芯片,ชิปจัดสรรสมรรถนะ,th-TH
性能透支晶片,ชิปเบิกสมรรถนะ,th-TH
性能透支芯片,ชิปเบิกสมรรถนะ,th-TH
恆溫晶殼,Endotherm Chitin,th-TH
恐怖は血肉を踏み潰す,Fear-Stomped Flesh,th-TH
恐惧踏碎血肉,Fear-Stomped Flesh,th-TH
恐懼踏碎血肉,Fear-Stomped Flesh,th-TH
恒温晶壳,Endotherm Chitin,th-TH
恒温晶殻,Endotherm Chitin,th-TH
悲鳴由遠及近,Echoing Wail,th-TH
悲鸣由远及近,Echoing Wail,th-TH
情報端末とモニターのセット,ชุดเทอร์มินัลข้อมูล และหน้าจอมอนิเตอร์,th-TH
惊喜宝箱,สมบัติเซอร์ไพรส์,th-TH
惊梦剧团的圆幕先生,Mr. Domescreen แห่งคณะละครฝันผวา,th-TH
愿力结晶,ผลึกพลังปรารถนา,th-TH
慶典禮炮香檳,แชมเปญพลุฉลอง,th-TH
憤怒の心,Raging Heart,th-TH
成为昨日的明天,พรุ่งนี้ที่หวนสู่วันวาน,th-TH
成為昨日的明天,พรุ่งนี้ที่หวนสู่วันวาน,th-TH
战力党资历,EXP ศึกดวลพลัง,th-TH
战力币,เหรียญพลัง,th-TH
战力粉尘,ผงพลัง,th-TH
战术秘籍•以逸待劳,คัมภีร์กลยุทธ์: รอซ้ำยามเพลี่ยงพล้ำ,th-TH
战术秘籍•反客为主,คัมภีร์กลยุทธ์: รอจังหวะรุกฆาต,th-TH
战术秘籍•声东击西,คัมภีร์กลยุทธ์: สับขาหลอก,th-TH
战术秘籍•打草惊蛇,คัมภีร์กลยุทธ์: แหวกหญ้าให้งูตื่น,th-TH
战术秘籍•无中生有,คัมภีร์กลยุทธ์: ปั้นน้ำให้เป็นตัว,th-TH
战术秘籍•釜底抽薪,คัมภีร์กลยุทธ์: ตัดไฟตั้งแต่ต้นลม,th-TH
战术饮料•大力宝,เครื่องดื่มกลยุทธ์: ขุมพลัง,th-TH
战术饮料•脉冲能量,เครื่องดื่มกลยุทธ์: พลังคลื่นถาโถม,th-TH
战术饮料•蓝牛,เครื่องดื่มกลยุทธ์: กระทิงฟ้า,th-TH
战术饮料•西鹏特饮,เครื่องดื่มกลยุทธ์: เครื่องดื่มนกยักษ์,th-TH
战术饮料•高能苏乐达,เครื่องดื่มกลยุทธ์: SoulGlad ทรงพลัง,th-TH
战术饮料•魔手,เครื่องดื่มกลยุทธ์: มือปีศาจ,th-TH
战魂血珀,Resin of Valor,th-TH
戦力コイン,เหรียญพลัง,th-TH
戦力ダスト,ผงพลัง,th-TH
戦闘用飲料・ダイリキ,เครื่องดื่มกลยุทธ์: ขุมพลัง,th-TH
戦闘用飲料・デビルズハンド,เครื่องดื่มกลยุทธ์: มือปีศาจ,th-TH
戦闘用飲料・ハイパースラーダ,เครื่องดื่มกลยุทธ์: SoulGlad ทรงพลัง,th-TH
戦闘用飲料・パルサーエナジー,เครื่องดื่มกลยุทธ์: พลังคลื่นถาโถม,th-TH
戦闘用飲料・ブルーブル,เครื่องดื่มกลยุทธ์: กระทิงฟ้า,th-TH
戦闘用飲料・西の大鵬,เครื่องดื่มกลยุทธ์: เครื่องดื่มนกยักษ์,th-TH
戦魂の血珀,Resin of Valor,th-TH
戰力幣,เหรียญพลัง,th-TH
戰力粉塵,ผงพลัง,th-TH
戰力黨資歷,EXP ศึกดวลพลัง,th-TH
戰術秘籍•以逸待勞,คัมภีร์กลยุทธ์: รอซ้ำยามเพลี่ยงพล้ำ,th-TH
戰術秘籍•反客為主,คัมภีร์กลยุทธ์: รอจังหวะรุกฆาต,th-TH
戰術秘籍•打草驚蛇,คัมภีร์กลยุทธ์: แหวกหญ้าให้งูตื่น,th-TH
戰術秘籍•無中生有,คัมภีร์กลยุทธ์: ปั้นน้ำให้เป็นตัว,th-TH
戰術秘籍•聲東擊西,คัมภีร์กลยุทธ์: สับขาหลอก,th-TH
戰術秘籍•釜底抽薪,คัมภีร์กลยุทธ์: ตัดไฟตั้งแต่ต้นลม,th-TH
戰術飲料•大力寶,เครื่องดื่มกลยุทธ์: ขุมพลัง,th-TH
戰術飲料•脈衝能量,เครื่องดื่มกลยุทธ์: พลังคลื่นถาโถม,th-TH
戰術飲料•藍牛,เครื่องดื่มกลยุทธ์: กระทิงฟ้า,th-TH
戰術飲料•西鵬特調,เครื่องดื่มกลยุทธ์: เครื่องดื่มนกยักษ์,th-TH
戰術飲料•高能蘇樂達,เครื่องดื่มกลยุทธ์: SoulGlad ทรงพลัง,th-TH
戰術飲料•魔手,เครื่องดื่มกลยุทธ์: มือปีศาจ,th-TH
戰魂血珀,Resin of Valor,th-TH
扑满补丁芯片,ชิปแพตช์ Trotter,th-TH
打賞積分,คะแนนโบนัส,th-TH
打赏积分,คะแนนโบนัส,th-TH
投げ銭,คะแนนโบนัส,th-TH
折り紙の小鳥-I,นกกระดาษ I,th-TH
折り紙の小鳥-II,นกกระดาษ II,th-TH
折り紙の小鳥-III,นกกระดาษ III,th-TH
折纸小鸟-Ⅰ,นกกระดาษ I,th-TH
折纸小鸟-Ⅱ,นกกระดาษ II,th-TH
折纸小鸟-Ⅲ,นกกระดาษ III,th-TH
护盾系统芯片,ชิประบบโล่,th-TH
持明の龍影-I,เงามังกร Vidyadhara I,th-TH
持明の龍影-II,เงามังกร Vidyadhara II,th-TH
持明の龍影-III,เงามังกร Vidyadhara III,th-TH
持明龍影-Ⅰ,เงามังกร Vidyadhara I,th-TH
持明龍影-Ⅱ,เงามังกร Vidyadhara II,th-TH
持明龍影-Ⅲ,เงามังกร Vidyadhara III,th-TH
持明龙影-Ⅰ,เงามังกร Vidyadhara I,th-TH
持明龙影-Ⅱ,เงามังกร Vidyadhara II,th-TH
持明龙影-Ⅲ,เงามังกร Vidyadhara III,th-TH
损耗压制芯片,ชิประงับการสูญเสีย,th-TH
换境树叶,Interdimensional Leaf,th-TH
掠夺的本能,Thief's Instinct,th-TH
掠奪的本能,Thief's Instinct,th-TH
採点銃-I,ปืนประเมินคะแนน I,th-TH
採点銃-II,ปืนประเมินคะแนน II,th-TH
採点銃-III,ปืนประเมินคะแนน III,th-TH
探索ポイント,แต้มการสำรวจ,th-TH
探索积分,แต้มการสำรวจ,th-TH
探索積分,แต้มการสำรวจ,th-TH
提纯以太,Refined Aether,th-TH
換境樹の葉,Interdimensional Leaf,th-TH
換境樹葉,Interdimensional Leaf,th-TH
損耗壓制晶片,ชิประงับการสูญเสีย,th-TH
摺紙小鳥-Ⅰ,นกกระดาษ I,th-TH
摺紙小鳥-Ⅱ,นกกระดาษ II,th-TH
摺紙小鳥-Ⅲ,นกกระดาษ III,th-TH
撲滿補丁晶片,ชิปแพตช์ Trotter,th-TH
改ざんの野心,Usurper's Scheme,th-TH
攻击拦截芯片,ชิปสกัดการโจมตี,th-TH
攻擊攔截晶片,ชิปสกัดการโจมตี,th-TH
放映机及其微缩胶片,เครื่องฉายภาพยนตร์ และม้วนฟิล์มขนาดเล็ก,th-TH
放映機及其微縮膠片,เครื่องฉายภาพยนตร์ และม้วนฟิล์มขนาดเล็ก,th-TH
放熱ゲル,Thermal Gel,th-TH
故障破损芯片,ชิปขัดข้อง,th-TH
故障破損晶片,ชิปขัดข้อง,th-TH
散らばった星の砂,Scattered Stardust,th-TH
散热凝胶,Thermal Gel,th-TH
散熱凝膠,Thermal Gel,th-TH
散逸星砂,Scattered Stardust,th-TH
数据回收芯片,ชิปกู้ข้อมูล,th-TH
文春狸,โบ้กอสซิป,th-TH
斯科特,Skott,th-TH
新世界へのドア-I,ประตูสู่โลกใหม่ I,th-TH
新世界へのドア-II,ประตูสู่โลกใหม่ II,th-TH
新世界へのドア-III,ประตูสู่โลกใหม่ III,th-TH
新世界大門-Ⅰ,ประตูสู่โลกใหม่ I,th-TH
新世界大門-Ⅱ,ประตูสู่โลกใหม่ II,th-TH
新世界大門-Ⅲ,ประตูสู่โลกใหม่ III,th-TH
新世界大门-Ⅰ,ประตูสู่โลกใหม่ I,th-TH
新世界大门-Ⅱ,ประตูสู่โลกใหม่ II,th-TH
新世界大门-Ⅲ,ประตูสู่โลกใหม่ III,th-TH
旅の見聞,ความรู้จากการเดินทาง,th-TH
旅伴金灵,จิตสหายทองคำ,th-TH
旅伴金靈,จิตสหายทองคำ,th-TH
旅伴銀靈,จิตสหายสีเงิน,th-TH
旅伴银灵,จิตสหายสีเงิน,th-TH
旅情見聞,ความรู้จากการเดินทาง,th-TH
旅情见闻,ความรู้จากการเดินทาง,th-TH
无序秘酿,น้ำอมฤตอลหม่าน,th-TH
无生残刃,Lifeless Blade,th-TH
无穷假身的遗恨,Regret of Infinite Ochema,th-TH
明日は昨日に,พรุ่งนี้ที่หวนสู่วันวาน,th-TH
明輝の紅炎,Radiant Prominence,th-TH
明輝日珥,Radiant Prominence,th-TH
明辉日珥,Radiant Prominence,th-TH
昔涟,Cyrene,th-TH
昔漣,Cyrene,th-TH
星を蝕む古の悪,Past Evils of the Borehole Planet Disaster,th-TH
星期日,Sunday,th-TH
星火の精,Starfire Essence,th-TH
星火之精,Starfire Essence,th-TH
星系框架,Galaxy Framework,th-TH
星系模型,Galaxy Framework,th-TH
星軌チケット,Star Rail Pass,th-TH
星軌専用チケット,Star Rail Special Pass,th-TH
星軌專票,Star Rail Special Pass,th-TH
星軌通票,Star Rail Pass,th-TH
星轨专票,Star Rail Special Pass,th-TH
星轨通票,Star Rail Pass,th-TH
星际和平工作证,IPC Work Permit,th-TH
星際和平工作證,IPC Work Permit,th-TH
映写機とマイクロフィルム,เครื่องฉายภาพยนตร์ และม้วนฟิล์มขนาดเล็ก,th-TH
時に抗う一撃,Countertemporal Shot,th-TH
時計屋のひらめき手帳,Clockwork Inspiration Notebook,th-TH
普通の入場券,บัตรเข้างานมาตรฐาน,th-TH
晶石吊坠,จี้ผลึกหิน,th-TH
晶石吊墜,จี้ผลึกหิน,th-TH
智識之鑰,Key of Wisdom,th-TH
智識樹皮,Tree Bark of Erudition,th-TH
智识之钥,Key of Wisdom,th-TH
智识树皮,Tree Bark of Erudition,th-TH
暗帷月华,Darkveil Moonlight,th-TH
暗帷月華,Darkveil Moonlight,th-TH
暮晖烬蕾,Charred Bud of Twilight,th-TH
暮暉燼蕾,Charred Bud of Twilight,th-TH
暴風の眼,Storm Eye,th-TH
暴風之眼,Storm Eye,th-TH
暴风之眼,Storm Eye,th-TH
曼娅,Manya,th-TH
曼婭,Manya,th-TH
月狂いの凶牙,Moon Rage Fang,th-TH
月狂獠牙,Moon Rage Fang,th-TH
有瑕的追忆,ความทรงจำที่บกพร่อง,th-TH
有瑕的追憶,ความทรงจำที่บกพร่อง,th-TH
未熄的余烬,Undying Ember,th-TH
未熄的星芒,Undying Starlight,th-TH
未熄的餘燼,Undying Ember,th-TH
末日の幻影の期間限定勲章,เหรียญตราผ่านด่านจำกัดเวลา Apocalyptic Shadow,th-TH
末日幻影限时通关勋章,เหรียญตราผ่านด่านจำกัดเวลา Apocalyptic Shadow,th-TH
末日幻影限時完成勳章,เหรียญตราผ่านด่านจำกัดเวลา Apocalyptic Shadow,th-TH
末那芽苗,Seedling of Manas,th-TH
机关能源中枢,ศูนย์พลังงานจักรกล,th-TH
机械屋「永动」-Ⅰ,Neverwinter Workshop I,th-TH
机械屋「永动」-Ⅱ,Neverwinter Workshop II,th-TH
机械屋「永动」-Ⅲ,Neverwinter Workshop III,th-TH
机械立方,Mechanical Cube,th-TH
权限卡,บัตรผ่าน,th-TH
杰帕德,Gepard,th-TH
果てしなく続く悲嘆,Eternal Lament,th-TH
查宝,Findie,th-TH
查寶,Findie,th-TH
栄光は身体を洗礼する,Glory-Aspersed Torso,th-TH
标准入场券,บัตรเข้างานมาตรฐาน,th-TH
格拉克斯雕像-Ⅰ,รูปปั้น Glaux I,th-TH
格拉克斯雕像-Ⅱ,รูปปั้น Glaux II,th-TH
格拉克斯雕像-Ⅲ,รูปปั้น Glaux III,th-TH
梦之珠泪,Tears of Dreams,th-TH
梦现管锥,Lucid Awl,th-TH
梦的内核-Ⅰ,แก่นของความฝัน I,th-TH
梦的内核-Ⅱ,แก่นของความฝัน II,th-TH
梦的内核-Ⅲ,แก่นของความฝัน III,th-TH
梦的洋流-Ⅰ,กระแสคลื่นความฝัน I,th-TH
梦的洋流-Ⅱ,กระแสคลื่นความฝัน II,th-TH
梦的洋流-Ⅲ,กระแสคลื่นความฝัน III,th-TH
森羅の果実,Myriad Fruit,th-TH
極上のネクタール,น้ำอมฤต,th-TH
楽園の記念コイン,เหรียญสุขาวดี,th-TH
榮耀洗禮身軀,Glory-Aspersed Torso,th-TH
樂園紀念幣,เหรียญสุขาวดี,th-TH
標準入場券,บัตรเข้างานมาตรฐาน,th-TH
模型「自动机兵•战犬」,"โมเดล ""Automaton Hound""",th-TH
模型「自动机兵•甲虫」,"โมเดล ""Automaton Beetle""",th-TH
模型「自动机兵•蜘蛛」,"โมเดล ""Automaton Spider""",th-TH
模型「自動機兵•戰犬」,"โมเดล ""Automaton Hound""",th-TH
模型「自動機兵•甲蟲」,"โมเดล ""Automaton Beetle""",th-TH
模型「自動機兵•蜘蛛」,"โมเดล ""Automaton Spider""",th-TH
機械屋「永動」-Ⅰ,Neverwinter Workshop I,th-TH
機械屋「永動」-Ⅱ,Neverwinter Workshop II,th-TH
機械屋「永動」-Ⅲ,Neverwinter Workshop III,th-TH
機械立方,Mechanical Cube,th-TH
機関エネルギー中枢,ศูนย์พลังงานจักรกล,th-TH
機關能源中樞,ศูนย์พลังงานจักรกล,th-TH
權限卡,บัตรผ่าน,th-TH
欢庆旋律,ทำนองเพลงฉลอง,th-TH
欲念碎鏡,Shards of Desires,th-TH
欲念碎镜,Shards of Desires,th-TH
歌蒂,Gertie,th-TH
歓喜の旋律,ทำนองเพลงฉลอง,th-TH
歡慶旋律,ทำนองเพลงฉลอง,th-TH
步离犬牙,Borisin Teeth,th-TH
步離犬牙,Borisin Teeth,th-TH
歩離の犬牙,Borisin Teeth,th-TH
歴史文化博物館-I,พิพิธภัณฑ์ประวัติศาสตร์ และวัฒนธรรม I,th-TH
歴史文化博物館-II,พิพิธภัณฑ์ประวัติศาสตร์ และวัฒนธรรม II,th-TH
歴史文化博物館-III,พิพิธภัณฑ์ประวัติศาสตร์ และวัฒนธรรม III,th-TH
歷史文化博物館-Ⅰ,พิพิธภัณฑ์ประวัติศาสตร์ และวัฒนธรรม I,th-TH
歷史文化博物館-Ⅱ,พิพิธภัณฑ์ประวัติศาสตร์ และวัฒนธรรม II,th-TH
歷史文化博物館-Ⅲ,พิพิธภัณฑ์ประวัติศาสตร์ และวัฒนธรรม III,th-TH
毀滅異質,Strange Matter of Destruction,th-TH
毀滅者的末路,Destroyer's Final Road,th-TH
毁灭异质,Strange Matter of Destruction,th-TH
毁灭者的末路,Destroyer's Final Road,th-TH
气态流体,Gaseous liquid,th-TH
気態流体,Gaseous liquid,th-TH
氣態流體,Gaseous liquid,th-TH
水晶のペンダント,จี้ผลึกหิน,th-TH
氷の芯,Core of Ice,th-TH
永久の花,Flower of Eternity,th-TH
永冬の災影,Everwinter Shadewalker,th-TH
永冬災影,Everwinter Shadewalker,th-TH
永冬灾影,Everwinter Shadewalker,th-TH
永冬銘碑-Ⅰ,Everwinter Monument I,th-TH
永冬銘碑-Ⅱ,Everwinter Monument II,th-TH
永冬銘碑-Ⅲ,Everwinter Monument III,th-TH
永冬铭碑-Ⅰ,Everwinter Monument I,th-TH
永冬铭碑-Ⅱ,Everwinter Monument II,th-TH
永冬铭碑-Ⅲ,Everwinter Monument III,th-TH
永壽天華,Immortal Aeroblossom,th-TH
永壽幼芽,Immortal Scionette,th-TH
永壽榮枝,Immortal Lumintwig,th-TH
永寿の天華,Immortal Aeroblossom,th-TH
永寿の栄枝,Immortal Lumintwig,th-TH
永寿の萌芽,Immortal Scionette,th-TH
永寿天华,Immortal Aeroblossom,th-TH
永寿幼芽,Immortal Scionette,th-TH
永寿荣枝,Immortal Lumintwig,th-TH
永恆之花,Flower of Eternity,th-TH
永恒之花,Flower of Eternity,th-TH
決勝戦力コイン,เหรียญพลังแห่งชัยชนะ,th-TH
決勝戰力幣,เหรียญพลังแห่งชัยชนะ,th-TH
沈淪せし黒曜,Obsidian of Obsession,th-TH
沉沦黑曜,Obsidian of Obsession,th-TH
沉淪黑曜,Obsidian of Obsession,th-TH
法吉娜之心,Heart of Phagousa,th-TH
法吉娜之泪,Tears of Phagousa,th-TH
法吉娜之淚,Tears of Phagousa,th-TH
法吉娜之酒,Wine of Phagousa,th-TH
泛用升級晶片,ชิปอัปเกรดทั่วไป,th-TH
泛用升级芯片,ชิปอัปเกรดทั่วไป,th-TH
泪眼葱,หัวหอมหยดน้ำตา,th-TH
流光の残照,Lucent Afterglow,th-TH
流光余晖,Lucent Afterglow,th-TH
流光餘暉,Lucent Afterglow,th-TH
流夢閥門,Dream Flow Valve,th-TH
流星の欠片,ชิ้นส่วนดาวตก,th-TH
流星プリズム,Crystal Meteorites,th-TH
流星棱晶,Crystal Meteorites,th-TH
流星碎片,ชิ้นส่วนดาวตก,th-TH
流星稜晶,Crystal Meteorites,th-TH
流梦阀门,Dream Flow Valve,th-TH
流浪者,คนพเนจร,th-TH
流萤,Firefly,th-TH
流螢,Firefly,th-TH
浄世の刃切,Worldbreaker Blade,th-TH
海妖残鳍,Sea Siren's Torn Fin,th-TH
海妖殘鰭,Sea Siren's Torn Fin,th-TH
海瑟音,Hysilens,th-TH
消えない星芒,Undying Starlight,th-TH
消滅した原核,Extinguished Core,th-TH
淚眼蔥,หัวหอมหยดน้ำตา,th-TH
淨世殘刃,Worldbreaker Blade,th-TH
淨化清理晶片,ชิปเคลียร์ข้อมูล,th-TH
深寒徘徊者,Frigid Prowler,th-TH
深邃な星外物質,Enigmatic Ectostella,th-TH
深邃的星外質,Enigmatic Ectostella,th-TH
深邃的星外质,Enigmatic Ectostella,th-TH
深髓岩盐,Deep Marrow Rock Salt,th-TH
深髓岩鹽,Deep Marrow Rock Salt,th-TH
滅流の沈黙,Vanquished Flow's Reticence,th-TH
滅流絕溢的緘默,Vanquished Flow's Reticence,th-TH
滋長花蜜,Nourishing Honey,th-TH
滋长花蜜,Nourishing Honey,th-TH
满额启动芯片,ชิปเปิดใช้งานเต็มตัว,th-TH
滿額啟動晶片,ชิปเปิดใช้งานเต็มตัว,th-TH
漫游指南,คู่มือการเดินทาง,th-TH
漫遊指南,คู่มือการเดินทาง,th-TH
潮流布袍,ชุดคลุมนำสมัย,th-TH
濃縮エーテル,Condensed Aether,th-TH
火の羽根,Feather of Flame,th-TH
火之翎,Feather of Flame,th-TH
火焚災影,Incineration Shadewalker,th-TH
火焚灾影,Incineration Shadewalker,th-TH
火花,Sparxie,th-TH
火花たん,น้อง Sparxie,th-TH
火花花,น้อง Sparxie,th-TH
灭流绝溢的缄默,Vanquished Flow's Reticence,th-TH
灵之珠泪,Tears of Souls,th-TH
灵感之钥,Key of Inspiration,th-TH
灵感点,จุดแรงบันดาลใจ,th-TH
灼熱の鋼刃,Searing Steel Blade,th-TH
炙夢噴槍,Dream Flamer,th-TH
炙梦喷枪,Dream Flamer,th-TH
炫彩入场券,บัตรเข้างานสุดเฉิดฉาย,th-TH
炫彩入場券,บัตรเข้างานสุดเฉิดฉาย,th-TH
点火チケット,ตั๋วเชื้อเพลิง,th-TH
炼形者雷枝,Shape Shifter's Lightning Staff,th-TH
炽情之灵,Fiery Spirit,th-TH
焚天之魔,Heaven Incinerator,th-TH
焚火の災影,Incineration Shadewalker,th-TH
無序秘釀,น้ำอมฤตอลหม่าน,th-TH
無生の刃切,Lifeless Blade,th-TH
無生殘刃,Lifeless Blade,th-TH
無窮なる仮身の遺恨,Regret of Infinite Ochema,th-TH
無窮假身的遺恨,Regret of Infinite Ochema,th-TH
焼天の魔,Heaven Incinerator,th-TH
煉形者雷枝,Shape Shifter's Lightning Staff,th-TH
熄滅原核,Extinguished Core,th-TH
熄灭原核,Extinguished Core,th-TH
熾情之靈,Fiery Spirit,th-TH
熾烈の霊,Fiery Spirit,th-TH
燃えさしのエンバー,Undying Ember,th-TH
燃料,Fuel,th-TH
燃素,โฟลจิสตัน,th-TH
爻光,Yao Guang,th-TH
狂雷のストローク,Thunder Strum,th-TH
狂雷扫弦,Thunder Strum,th-TH
狂雷掃弦,Thunder Strum,th-TH
狡猾な子供,เด็กจอมเจ้าเล่ห์,th-TH
狡猾的小孩子,เด็กจอมเจ้าเล่ห์,th-TH
狩獣の矢,Arrow of the Beast Hunter,th-TH
狼毒の牙,Lupitoxin Sawteeth,th-TH
狼毒鋸牙,Lupitoxin Sawteeth,th-TH
狼毒锯牙,Lupitoxin Sawteeth,th-TH
猎兽之矢,Arrow of the Beast Hunter,th-TH
猫猫糕,เค้กแมวเหมียว,th-TH
獣棺の釘,Nail of the Beast Coffin,th-TH
獵獸之矢,Arrow of the Beast Hunter,th-TH
獸棺之釘,Nail of the Beast Coffin,th-TH
玉兆单元,Jade Abacus Unit,th-TH
玉兆単元,Jade Abacus Unit,th-TH
玉兆單元,Jade Abacus Unit,th-TH
珍木の種,Alien Tree Seed,th-TH
琥珀の堅守,Safeguard of Amber,th-TH
琥珀的坚守,Safeguard of Amber,th-TH
琥珀的堅守,Safeguard of Amber,th-TH
璧羽,Jade Feather,th-TH
生命の芽,Sprout of Life,th-TH
生命オーブン-I,เตาอบสิ่งมีชีวิต I,th-TH
生命オーブン-II,เตาอบสิ่งมีชีวิต II,th-TH
生命オーブン-III,เตาอบสิ่งมีชีวิต III,th-TH
生命之芽,Sprout of Life,th-TH
生命烘焙箱-Ⅰ,เตาอบสิ่งมีชีวิต I,th-TH
生命烘焙箱-Ⅱ,เตาอบสิ่งมีชีวิต II,th-TH
生命烘焙箱-Ⅲ,เตาอบสิ่งมีชีวิต III,th-TH
生物実験室-I,ห้องทดลองชีวภาพ I,th-TH
生物実験室-II,ห้องทดลองชีวภาพ II,th-TH
生物実験室-III,ห้องทดลองชีวภาพ III,th-TH
生物試驗艙-Ⅰ,ห้องทดลองชีวภาพ I,th-TH
生物試驗艙-Ⅱ,ห้องทดลองชีวภาพ II,th-TH
生物試驗艙-Ⅲ,ห้องทดลองชีวภาพ III,th-TH
生物试验舱-Ⅰ,ห้องทดลองชีวภาพ I,th-TH
生物试验舱-Ⅱ,ห้องทดลองชีวภาพ II,th-TH
生物试验舱-Ⅲ,ห้องทดลองชีวภาพ III,th-TH
生菜,ผักกาด,th-TH
略奪の本能,Thief's Instinct,th-TH
異木種籽,Alien Tree Seed,th-TH
異相の仲裁の期間限定勲章,เหรียญตราผ่านด่านจำกัดเวลาผู้ตัดสินที่ผิดแปลก,th-TH
異相仲裁限時完成勳章,เหรียญตราผ่านด่านจำกัดเวลาผู้ตัดสินที่ผิดแปลก,th-TH
疊影器（特製）,Superimposer (Custom-made),th-TH
白厄,Phainon,th-TH
监控室-Ⅰ,ห้องมอนิเตอร์ I,th-TH
监控室-Ⅱ,ห้องมอนิเตอร์ II,th-TH
监控室-Ⅲ,ห้องมอนิเตอร์ III,th-TH
監控室-Ⅰ,ห้องมอนิเตอร์ I,th-TH
監控室-Ⅱ,ห้องมอนิเตอร์ II,th-TH
監控室-Ⅲ,ห้องมอนิเตอร์ III,th-TH
相位灵火,มิติเปลวเพลิง,th-TH
相位靈火,มิติเปลวเพลิง,th-TH
着想のカギ,Key of Inspiration,th-TH
知恵の樹皮,Tree Bark of Erudition,th-TH
知更鳥,Robin,th-TH
知更鸟,Robin,th-TH
矩阵迭代芯片,ชิปวนซ้ำเมทริกซ์,th-TH
矩陣更新晶片,ชิปวนซ้ำเมทริกซ์,th-TH
矿区座钟,นาฬิกาประจำเหมือง,th-TH
砂金,Aventurine,th-TH
砕けた夢,ความฝันที่แตกสลาย,th-TH
砕けた欲望の鏡,Shards of Desires,th-TH
破砕の刃切,Shattered Blade,th-TH
破碎残刃,Shattered Blade,th-TH
破碎殘刃,Shattered Blade,th-TH
碎夢,ความฝันที่แตกสลาย,th-TH
碎梦,ความฝันที่แตกสลาย,th-TH
礦區座鐘,นาฬิกาประจำเหมือง,th-TH
祝祭のスカーフ,ชุดคลุมพิธีอธิษฐาน,th-TH
祝祭祷袍,ชุดคลุมพิธีอธิษฐาน,th-TH
祝祭禱袍,ชุดคลุมพิธีอธิษฐาน,th-TH
神体琥珀,Divine Amber,th-TH
神悟のスカーフ,ชุดคลุมขาวปราชญา,th-TH
神悟白袍,ชุดคลุมขาวปราชญา,th-TH
神髄岩塩,Deep Marrow Rock Salt,th-TH
神體琥珀,Divine Amber,th-TH
祭典の礼砲シャンパン,แชมเปญพลุฉลอง,th-TH
禁区前線-I,แนวหน้าเขตหวงห้าม I,th-TH
禁区前線-II,แนวหน้าเขตหวงห้าม II,th-TH
禁区前線-III,แนวหน้าเขตหวงห้าม III,th-TH
禁区前线-Ⅰ,แนวหน้าเขตหวงห้าม I,th-TH
禁区前线-Ⅱ,แนวหน้าเขตหวงห้าม II,th-TH
禁区前线-Ⅲ,แนวหน้าเขตหวงห้าม III,th-TH
禁區前線-Ⅰ,แนวหน้าเขตหวงห้าม I,th-TH
禁區前線-Ⅱ,แนวหน้าเขตหวงห้าม II,th-TH
禁區前線-Ⅲ,แนวหน้าเขตหวงห้าม III,th-TH
禁閉艙底-Ⅰ,ด้านล่างสุดของ Seclusion Zone I,th-TH
禁閉艙底-Ⅱ,ด้านล่างสุดของ Seclusion Zone II,th-TH
禁閉艙底-Ⅲ,ด้านล่างสุดของ Seclusion Zone III,th-TH
禁闭舱底-Ⅰ,ด้านล่างสุดของ Seclusion Zone I,th-TH
禁闭舱底-Ⅱ,ด้านล่างสุดของ Seclusion Zone II,th-TH
禁闭舱底-Ⅲ,ด้านล่างสุดของ Seclusion Zone III,th-TH
种子,Seed,th-TH
秘伝戦術・以逸待労の計,คัมภีร์กลยุทธ์: รอซ้ำยามเพลี่ยงพล้ำ,th-TH
秘伝戦術・反客為主の計,คัมภีร์กลยุทธ์: รอจังหวะรุกฆาต,th-TH
秘伝戦術・声東撃西の計,คัมภีร์กลยุทธ์: สับขาหลอก,th-TH
秘伝戦術・打草驚蛇の計,คัมภีร์กลยุทธ์: แหวกหญ้าให้งูตื่น,th-TH
秘伝戦術・無中生有の計,คัมภีร์กลยุทธ์: ปั้นน้ำให้เป็นตัว,th-TH
秘伝戦術・釜底抽薪の計,คัมภีร์กลยุทธ์: ตัดไฟตั้งแต่ต้นลม,th-TH
秩序無きネクタール,น้ำอมฤตอลหม่าน,th-TH
稀薄乙太,Sparse Aether,th-TH
稀薄以太,Sparse Aether,th-TH
稚児の月見スポット-I,จุดชมจันทร์ของหนูน้อย I,th-TH
稚児の月見スポット-II,จุดชมจันทร์ของหนูน้อย II,th-TH
稚児の月見スポット-III,จุดชมจันทร์ของหนูน้อย III,th-TH
稚子的賞月地-Ⅰ,จุดชมจันทร์ของหนูน้อย I,th-TH
稚子的賞月地-Ⅱ,จุดชมจันทร์ของหนูน้อย II,th-TH
稚子的賞月地-Ⅲ,จุดชมจันทร์ของหนูน้อย III,th-TH
稚子的赏月地-Ⅰ,จุดชมจันทร์ของหนูน้อย I,th-TH
稚子的赏月地-Ⅱ,จุดชมจันทร์ของหนูน้อย II,th-TH
稚子的赏月地-Ⅲ,จุดชมจันทร์ของหนูน้อย III,th-TH
種子,Seed,th-TH
穷观阵-Ⅰ,Matrix of Prescience I,th-TH
穷观阵-Ⅱ,Matrix of Prescience II,th-TH
穷观阵-Ⅲ,Matrix of Prescience III,th-TH
空色の染料,น้ำยาย้อมสีฟ้า,th-TH
空际小节,Celestial Section,th-TH
空際の小節,Celestial Section,th-TH
空際小節,Celestial Section,th-TH
窮観の陣-I,Matrix of Prescience I,th-TH
窮観の陣-II,Matrix of Prescience II,th-TH
窮観の陣-III,Matrix of Prescience III,th-TH
窮觀陣-Ⅰ,Matrix of Prescience I,th-TH
窮觀陣-Ⅱ,Matrix of Prescience II,th-TH
窮觀陣-Ⅲ,Matrix of Prescience III,th-TH
竞锋舰炮台-Ⅰ,ป้อมปืนเรือประชันคมดาบ I,th-TH
竞锋舰炮台-Ⅱ,ป้อมปืนเรือประชันคมดาบ II,th-TH
竞锋舰炮台-Ⅲ,ป้อมปืนเรือประชันคมดาบ III,th-TH
童心のクレヨン,Whimsy Wax,th-TH
童真蜡笔,Whimsy Wax,th-TH
童真蠟筆,Whimsy Wax,th-TH
競鋒艦・砲台-I,ป้อมปืนเรือประชันคมดาบ I,th-TH
競鋒艦・砲台-II,ป้อมปืนเรือประชันคมดาบ II,th-TH
競鋒艦・砲台-III,ป้อมปืนเรือประชันคมดาบ III,th-TH
競鋒艦炮台-Ⅰ,ป้อมปืนเรือประชันคมดาบ I,th-TH
競鋒艦炮台-Ⅱ,ป้อมปืนเรือประชันคมดาบ II,th-TH
競鋒艦炮台-Ⅲ,ป้อมปืนเรือประชันคมดาบ III,th-TH
笑口常开,Always Smiling,th-TH
笑口常開,Always Smiling,th-TH
筑梦边境-Ⅰ,พรมแดนสร้างฝัน I,th-TH
筑梦边境-Ⅱ,พรมแดนสร้างฝัน II,th-TH
筑梦边境-Ⅲ,พรมแดนสร้างฝัน III,th-TH
算力鎖定晶片,ชิปล็อกการคำนวณ,th-TH
算力锁定芯片,ชิปล็อกการคำนวณ,th-TH
築夢邊境-Ⅰ,พรมแดนสร้างฝัน I,th-TH
築夢邊境-Ⅱ,พรมแดนสร้างฝัน II,th-TH
築夢邊境-Ⅲ,พรมแดนสร้างฝัน III,th-TH
篡改的野心,Usurper's Scheme,th-TH
精煉乙太,Refined Aether,th-TH
精緻色稿,Exquisite Colored Draft,th-TH
精致色稿,Exquisite Colored Draft,th-TH
精製エーテル,Refined Aether,th-TH
紀念卡帶,Commemorative Cartridge,th-TH
紀念徽章,ตราที่ระลึก,th-TH
紅皮茄,มะเขือแดง,th-TH
紛争の兆し,Harbinger of Strife,th-TH
紛争の血塵,Grit of Strife,th-TH
紛爭先兆,Harbinger of Strife,th-TH
紛爭血塵,Grit of Strife,th-TH
紧急重启芯片,ชิปรีสตาร์ตฉุกเฉิน,th-TH
紫色の染料,น้ำยาย้อมสีม่วง,th-TH
紫色染料,น้ำยาย้อมสีม่วง,th-TH
絡縵紡錘,Silk Spindle,th-TH
絶えない笑顔,Always Smiling,th-TH
絹糸の紡錘,Silk Spindle,th-TH
綠球菜,กะหล่ำกลมเขียว,th-TH
緊急重啟晶片,ชิปรีสตาร์ตฉุกเฉิน,th-TH
緋英,Evanescia,th-TH
緹寶,Tribbie,th-TH
繪彩戰力幣,เหรียญพลังสีสัน,th-TH
繪有大礦區全景的油畫,ภาพสีน้ำมันรูปวิวทั้งหมดของ Great Mine,th-TH
繪有貝洛伯格遠景的油畫,ภาพสีน้ำมันรูปวิวระยะไกลของ Belobog,th-TH
繪有黃金歌劇院的油畫,ภาพสีน้ำมันโรงละคร Golden Theater,th-TH
红皮茄,มะเขือแดง,th-TH
纪念卡带,Commemorative Cartridge,th-TH
纪念徽章,ตราที่ระลึก,th-TH
纷争先兆,Harbinger of Strife,th-TH
纷争血尘,Grit of Strife,th-TH
绘彩战力币,เหรียญพลังสีสัน,th-TH
绘有大矿区全景的油画,ภาพสีน้ำมันรูปวิวทั้งหมดของ Great Mine,th-TH
绘有贝洛伯格远景的油画,ภาพสีน้ำมันรูปวิวระยะไกลของ Belobog,th-TH
绘有黄金歌剧院的油画,ภาพสีน้ำมันโรงละคร Golden Theater,th-TH
络缦纺锤,Silk Spindle,th-TH
绯英,Evanescia,th-TH
绿球菜,กะหล่ำกลมเขียว,th-TH
缇宝,Tribbie,th-TH
罗希,Rossy,th-TH
羅希,Rossy,th-TH
群星の楽章,Stellaris Symphony,th-TH
群星乐章,Stellaris Symphony,th-TH
群星樂章,Stellaris Symphony,th-TH
羽根のペンダント,จี้ขนนก,th-TH
羽毛吊坠,จี้ขนนก,th-TH
羽毛吊墜,จี้ขนนก,th-TH
老旧臼齿,Old Molar,th-TH
老歌德,ลุง Goethe,th-TH
老舊臼齒,Old Molar,th-TH
聖なる琥珀,Divine Amber,th-TH
肉材,เนื้อสัตว์,th-TH
肖像画《大守护者可可利亚与其女》,"ภาพเหมือนของ ""ผู้พิทักษ์สูงสุด Cocolia และลูกสาว""",th-TH
肖像画『大守護者カカリアとご息女』,"ภาพเหมือนของ ""ผู้พิทักษ์สูงสุด Cocolia และลูกสาว""",th-TH
肖像畫《大守護者可可利亞與其女》,"ภาพเหมือนของ ""ผู้พิทักษ์สูงสุด Cocolia และลูกสาว""",th-TH
育みの蜜,Nourishing Honey,th-TH
背景強化晶片,ชิปเสริมพลังเบื้องหลัง,th-TH
胡萝卜,แคร์รอต,th-TH
胡蘿蔔,แคร์รอต,th-TH
能量循环芯片,ชิปพลังงานหมุนเวียน,th-TH
能量循環晶片,ชิปพลังงานหมุนเวียน,th-TH
脈動する原核,Squirming Core,th-TH
臨時插值晶片,ชิปแทรกแซงชั่วคราว,th-TH
臨時避險晶片,ชิปหลบภัยชั่วคราว,th-TH
自动修复芯片,ชิปซ่อมแซมอัตโนมัติ,th-TH
自动机兵•甲虫,Automaton Beetle,th-TH
自动机兵•蜘蛛,Automaton Spider,th-TH
自动机兵操作终端,เทอร์มินัลควบคุม Automaton,th-TH
自動修復晶片,ชิปซ่อมแซมอัตโนมัติ,th-TH
自動機兵•甲蟲,Automaton Beetle,th-TH
自動機兵•蜘蛛,Automaton Spider,th-TH
自動機兵・ジューク,Automaton Beetle,th-TH
自動機兵・パウーク,Automaton Spider,th-TH
自動機兵操作端末,เทอร์มินัลควบคุม Automaton,th-TH
自動機兵操作終端機,เทอร์มินัลควบคุม Automaton,th-TH
自塑塵脂,Self-Modeling Resin,th-TH
自塑尘脂,Self-Modeling Resin,th-TH
自塑樹脂,Self-Modeling Resin,th-TH
艺术雕塑《「齿轮与智慧」》,"ประติมากรรม ""ฟันเฟืองกับปัญญา""",th-TH
艾迪恩代币,Aideen Token,th-TH
艾迪恩代幣,Aideen Token,th-TH
花冠,มงกุฎดอกไม้,th-TH
花屋「ソルスティシャル」-I,ร้าน Eversummer Florist I,th-TH
花屋「ソルスティシャル」-II,ร้าน Eversummer Florist II,th-TH
花屋「ソルスティシャル」-III,ร้าน Eversummer Florist III,th-TH
花店「長夏」-Ⅰ,ร้าน Eversummer Florist I,th-TH
花店「長夏」-Ⅱ,ร้าน Eversummer Florist II,th-TH
花店「長夏」-Ⅲ,ร้าน Eversummer Florist III,th-TH
花店「长夏」-Ⅰ,ร้าน Eversummer Florist I,th-TH
花店「长夏」-Ⅱ,ร้าน Eversummer Florist II,th-TH
花店「长夏」-Ⅲ,ร้าน Eversummer Florist III,th-TH
芸術彫刻『歯車と知恵』,"ประติมากรรม ""ฟันเฟืองกับปัญญา""",th-TH
苍猿之钉,Nail of the Ape,th-TH
苦寒晶壳,Gelid Chitin,th-TH
苦寒晶殻,Gelid Chitin,th-TH
苦寒晶殼,Gelid Chitin,th-TH
茫漠,Confounding,th-TH
荚荚豆,ฝักถั่ว,th-TH
荣耀洗礼身躯,Glory-Aspersed Torso,th-TH
药草提取物,Extract of Medicinal Herbs,th-TH
莉拉,Lila,th-TH
莢莢豆,ฝักถั่ว,th-TH
華勒斯,Wallace,th-TH
菲多拉,Fidora,th-TH
萬相果實,Myriad Fruit,th-TH
萬色，愚者自將,"Omnicolor, Fool's Own",th-TH
蒼猿の釘,Nail of the Ape,th-TH
蒼猿之釘,Nail of the Ape,th-TH
蓄夢元件,Dream Collection Component,th-TH
蓄梦元件,Dream Collection Component,th-TH
薬草抽出物,Extract of Medicinal Herbs,th-TH
藝術雕塑「齒輪與智慧」,"ประติมากรรม ""ฟันเฟืองกับปัญญา""",th-TH
藥草萃取物,Extract of Medicinal Herbs,th-TH
虎克,Hook,th-TH
虚卒•抹消者,Voidranger: Eliminator,th-TH
虚卒•掠夺者,Voidranger: Reaver,th-TH
虚卒•践踏者,Voidranger: Trampler,th-TH
虚卒冰雕•其一,รูปแกะสลักน้ำแข็ง Voidranger 1,th-TH
虚卒冰雕•其二,รูปแกะสลักน้ำแข็ง Voidranger 2,th-TH
虚幻鋳鉄,Void Cast Iron,th-TH
虚幻铸铁,Void Cast Iron,th-TH
虚数の枯れ葉,Leaf of Imaginary,th-TH
虚数の葉を織る者,Imaginary Weaver,th-TH
虚数残叶,Leaf of Imaginary,th-TH
虚数织叶者,Imaginary Weaver,th-TH
虚无硬片,Hard Chip of Nihility,th-TH
虚构叙事限时通关勋章,เหรียญตราผ่านด่านจำกัดเวลา Pure Fiction,th-TH
虚構叙事の期間限定勲章,เหรียญตราผ่านด่านจำกัดเวลา Pure Fiction,th-TH
虚無の金属片,Hard Chip of Nihility,th-TH
虚空の黒曜,Obsidian of Desolation,th-TH
虚空黑曜,Obsidian of Desolation,th-TH
虚粒子,Virtual Particle,th-TH
虛卒•抹消者,Voidranger: Eliminator,th-TH
虛卒•掠奪者,Voidranger: Reaver,th-TH
虛卒•踐踏者,Voidranger: Trampler,th-TH
虛卒冰雕•其一,รูปแกะสลักน้ำแข็ง Voidranger 1,th-TH
虛卒冰雕•其二,รูปแกะสลักน้ำแข็ง Voidranger 2,th-TH
虛幻鑄鐵,Void Cast Iron,th-TH
虛數殘葉,Leaf of Imaginary,th-TH
虛數織葉者,Imaginary Weaver,th-TH
虛構敘事限時完成勳章,เหรียญตราผ่านด่านจำกัดเวลา Pure Fiction,th-TH
虛無硬片,Hard Chip of Nihility,th-TH
虛空黑曜,Obsidian of Desolation,th-TH
虛粒子,Virtual Particle,th-TH
虹色の入場券,บัตรเข้างานสุดเฉิดฉาย,th-TH
蛀星孕災的舊惡,Past Evils of the Borehole Planet Disaster,th-TH
蛀星孕灾的旧恶,Past Evils of the Borehole Planet Disaster,th-TH
蛋白米,Protein Rice,th-TH
蜂蜜,น้ำผึ้ง,th-TH
蠢动原核,Squirming Core,th-TH
蠢動原核,Squirming Core,th-TH
見事なカラー原画,Exquisite Colored Draft,th-TH
記念カセット,Commemorative Cartridge,th-TH
記念バッジ,ตราที่ระลึก,th-TH
評分槍-Ⅰ,ปืนประเมินคะแนน I,th-TH
評分槍-Ⅱ,ปืนประเมินคะแนน II,th-TH
評分槍-Ⅲ,ปืนประเมินคะแนน III,th-TH
調和のハーモニー,Harmonic Tune,th-TH
調和の粘液,Slime of Harmony,th-TH
調弦の間-I,โถงแห่งนักปรับเสียง I,th-TH
調弦の間-II,โถงแห่งนักปรับเสียง II,th-TH
調弦の間-III,โถงแห่งนักปรับเสียง III,th-TH
調絃之廳-Ⅰ,โถงแห่งนักปรับเสียง I,th-TH
調絃之廳-Ⅱ,โถงแห่งนักปรับเสียง II,th-TH
調絃之廳-Ⅲ,โถงแห่งนักปรับเสียง III,th-TH
諦聴-I,Diting I,th-TH
諦聴-II,Diting II,th-TH
諦聴-III,Diting III,th-TH
諦聽-Ⅰ,Diting I,th-TH
諦聽-Ⅱ,Diting II,th-TH
諦聽-Ⅲ,Diting III,th-TH
諧樂小調,Harmonic Tune,th-TH
護盾系統晶片,ชิประบบโล่,th-TH
變數骰子,Variable Dice,th-TH
變身英雄之願,ความปรารถนาจะเป็นฮีโร่,th-TH
调弦之厅-Ⅰ,โถงแห่งนักปรับเสียง I,th-TH
调弦之厅-Ⅱ,โถงแห่งนักปรับเสียง II,th-TH
调弦之厅-Ⅲ,โถงแห่งนักปรับเสียง III,th-TH
谐乐小调,Harmonic Tune,th-TH
谛听-Ⅰ,Diting I,th-TH
谛听-Ⅱ,Diting II,th-TH
谛听-Ⅲ,Diting III,th-TH
豊穣の種,Seed of Abundance,th-TH
豊穣の霊獣・奎木,Abundance Sprite: Wooden Lupus,th-TH
豊穣香液,Ambergris of Abundance,th-TH
豐收結晶,ผลึกเก็บเกี่ยว,th-TH
豐饒之種,Seed of Abundance,th-TH
豐饒靈獸•奎木,Abundance Sprite: Wooden Lupus,th-TH
豐饒香涎,Ambergris of Abundance,th-TH
豹币,เหรียญอุ๋ง,th-TH
豹幣,เหรียญอุ๋ง,th-TH
貓貓糕,เค้กแมวเหมียว,th-TH
貝殻のペンダント,จี้เปลือกหอย,th-TH
貝殼吊墜,จี้เปลือกหอย,th-TH
負載演算晶片,ชิปอัลกอริทึมเชิงลบ,th-TH
貴重な入場券,บัตรเข้างานทองคำ,th-TH
貴金入場券,บัตรเข้างานทองคำ,th-TH
費斯曼,Fersman,th-TH
資料回收晶片,ชิปกู้ข้อมูล,th-TH
資深員工•組長,เจ้าหน้าที่อาวุโส - หัวหน้าทีม,th-TH
資訊終端機及顯示器套組,ชุดเทอร์มินัลข้อมูล และหน้าจอมอนิเตอร์,th-TH
贝壳吊坠,จี้เปลือกหอย,th-TH
负载算法芯片,ชิปอัลกอริทึมเชิงลบ,th-TH
贵金入场券,บัตรเข้างานทองคำ,th-TH
费斯曼,Fersman,th-TH
资深员工•组长,เจ้าหน้าที่อาวุโส - หัวหน้าทีม,th-TH
践踏的意志,Conqueror's Will,th-TH
踏みにじる意志,Conqueror's Will,th-TH
踐踏的意志,Conqueror's Will,th-TH
躍動感のある線画,Dynamic Outlining,th-TH
軌之珠淚,Tears of Rail,th-TH
軌跡の涙,Tears of Rail,th-TH
轨之珠泪,Tears of Rail,th-TH
过热钢刃,Searing Steel Blade,th-TH
迴星港「植船区」-Ⅰ,"Stargazer Navalia ""Ship Nursery"" I",th-TH
迴星港「植船区」-Ⅱ,"Stargazer Navalia ""Ship Nursery"" II",th-TH
迴星港「植船区」-Ⅲ,"Stargazer Navalia ""Ship Nursery"" III",th-TH
迴星港「植船區」-Ⅰ,"Stargazer Navalia ""Ship Nursery"" I",th-TH
迴星港「植船區」-Ⅱ,"Stargazer Navalia ""Ship Nursery"" II",th-TH
迴星港「植船區」-Ⅲ,"Stargazer Navalia ""Ship Nursery"" III",th-TH
迷思繩結,Mythus Knots,th-TH
迷思绳结,Mythus Knots,th-TH
迷茫,Confounding,th-TH
逆时一击,Countertemporal Shot,th-TH
逆時一擊,Countertemporal Shot,th-TH
逐星の矢,Arrow of the Starchaser,th-TH
逐星之矢,Arrow of the Starchaser,th-TH
造夢蘸鋼,Dreamweave Steel,th-TH
造夢馬達,Dream Making Engine,th-TH
造梦蘸钢,Dreamweave Steel,th-TH
造梦马达,Dream Making Engine,th-TH
造物の柱-I,Pillars of Creation I,th-TH
造物の柱-II,Pillars of Creation II,th-TH
造物の柱-III,Pillars of Creation III,th-TH
造物之柱-Ⅰ,Pillars of Creation I,th-TH
造物之柱-Ⅱ,Pillars of Creation II,th-TH
造物之柱-Ⅲ,Pillars of Creation III,th-TH
遂愿尘脂,Wishful Resin,th-TH
遂願塵脂,Wishful Resin,th-TH
遂願樹脂,Wishful Resin,th-TH
運命の足跡,Tracks of Destiny,th-TH
過去の影の金装飾,Golden Crown of the Past Shadow,th-TH
過去の影の雷冠,Lightning Crown of the Past Shadow,th-TH
過熱鋼刃,Searing Steel Blade,th-TH
遐蝶,Castorice,th-TH
遗器残骸,Relic Remains,th-TH
遗失光尘,Lost Lightdust,th-TH
遗失晶块,Lost Crystal,th-TH
遗失碎金,Lost Gold Fragment,th-TH
遗失精粹,Lost Essence,th-TH
遠くから近づく悲鳴,Echoing Wail,th-TH
遥かなる陽雷の想い,Daythunder Anamnesis,th-TH
遺器殘骸,Relic Remains,th-TH
遺失光塵,Lost Lightdust,th-TH
遺失晶塊,Lost Crystal,th-TH
遺失砕金,Lost Gold Fragment,th-TH
遺失碎金,Lost Gold Fragment,th-TH
遺失精粹,Lost Essence,th-TH
遺失精華,Lost Essence,th-TH
遺物残骸,Relic Remains,th-TH
邓恩,Dunn,th-TH
鄧恩,Dunn,th-TH
酩酊する時代の一杯,A Glass of the Besotted Era,th-TH
醒目残翎,Distinctive Tattered Feather,th-TH
醒目殘翎,Distinctive Tattered Feather,th-TH
重畳機（特製）,Superimposer (Custom-made),th-TH
重轉硬幣,เหรียญสุ่มใหม่,th-TH
重转硬币,เหรียญสุ่มใหม่,th-TH
量子のさざ波,Quantum Ripples,th-TH
量子涟漪,Quantum Ripples,th-TH
量子漣漪,Quantum Ripples,th-TH
金の伴星,จิตสหายทองคำ,th-TH
金人・門番,Aurumaton Gatekeeper,th-TH
金人司閽,Aurumaton Gatekeeper,th-TH
金人司阍,Aurumaton Gatekeeper,th-TH
金属,Metal,th-TH
金屬,Metal,th-TH
金币,เหรียญทอง,th-TH
金幣,เหรียญทอง,th-TH
金表钞,เครดิตนาฬิกาทอง,th-TH
金錶鈔,เครดิตนาฬิกาทอง,th-TH
鉄狼の砕けた刃,Broken Teeth of Iron Wolf,th-TH
鉱区の置時計,นาฬิกาประจำเหมือง,th-TH
銀の伴星,จิตสหายสีเงิน,th-TH
銀河のサンドボックス,Cosmic Sandpit,th-TH
銀河沙盤,Cosmic Sandpit,th-TH
銀狼LV.999,Silver Wolf LV.999,th-TH
銀鬃射手,Silvermane Gunner,th-TH
銀鬃尉官,Silvermane Lieutenant,th-TH
銀鬃炮手,Silvermane Cannoneer,th-TH
銀鬃近衛,Silvermane Soldier,th-TH
錆びた歯車,Rusty Gear,th-TH
鍛錬者の雷枝,Shape Shifter's Lightning Staff,th-TH
鎮悪門-I,ประตูปราบปีศาจ I,th-TH
鎮悪門-II,ประตูปราบปีศาจ II,th-TH
鎮悪門-III,ประตูปราบปีศาจ III,th-TH
鎮惡門-Ⅰ,ประตูปราบปีศาจ I,th-TH
鎮惡門-Ⅱ,ประตูปราบปีศาจ II,th-TH
鎮惡門-Ⅲ,ประตูปราบปีศาจ III,th-TH
鎮靈敕符,Suppressing Edict,th-TH
鏽跡齒輪,Rusty Gear,th-TH
鐘錶小子雕像-Ⅰ,รูปปั้นเจ้าหนูนาฬิกา I,th-TH
鐘錶小子雕像-Ⅱ,รูปปั้นเจ้าหนูนาฬิกา II,th-TH
鐘錶小子雕像-Ⅲ,รูปปั้นเจ้าหนูนาฬิกา III,th-TH
鐘錶靈感簿,Clockwork Inspiration Notebook,th-TH
鐵狼碎齒,Broken Teeth of Iron Wolf,th-TH
鐵衛勳章,Silvermane Medal,th-TH
鐵衛扣飾,Silvermane Badge,th-TH
鐵衛軍徽,Silvermane Insignia,th-TH
鑽石,เพชร,th-TH
钟表小子雕像-Ⅰ,รูปปั้นเจ้าหนูนาฬิกา I,th-TH
钟表小子雕像-Ⅱ,รูปปั้นเจ้าหนูนาฬิกา II,th-TH
钟表小子雕像-Ⅲ,รูปปั้นเจ้าหนูนาฬิกา III,th-TH
钟表灵感簿,Clockwork Inspiration Notebook,th-TH
钻石,เพชร,th-TH
铁卫军徽,Silvermane Insignia,th-TH
铁卫勋章,Silvermane Medal,th-TH
铁卫扣饰,Silvermane Badge,th-TH
铁狼碎齿,Broken Teeth of Iron Wolf,th-TH
银河沙盘,Cosmic Sandpit,th-TH
银狼LV.999,Silver Wolf LV.999,th-TH
银鬃射手,Silvermane Gunner,th-TH
银鬃尉官,Silvermane Lieutenant,th-TH
银鬃炮手,Silvermane Cannoneer,th-TH
银鬃近卫,Silvermane Soldier,th-TH
锈迹齿轮,Rusty Gear,th-TH
镇恶门-Ⅰ,ประตูปราบปีศาจ I,th-TH
镇恶门-Ⅱ,ประตูปราบปีศาจ II,th-TH
镇恶门-Ⅲ,ประตูปราบปีศาจ III,th-TH
镇灵敕符,Suppressing Edict,th-TH
開拓の妖精,ภูตบุกเบิก,th-TH
開拓妖精,ภูตบุกเบิก,th-TH
開拓者のバット,ไม้เบสบอลของผู้บุกเบิก,th-TH
開拓者的棒球棍,ไม้เบสบอลของผู้บุกเบิก,th-TH
閾值破壞晶片,ชิปทะลวงพิสัย,th-TH
阈值破坏芯片,ชิปทะลวงพิสัย,th-TH
阮•梅,Ruan Mei,th-TH
防火墙芯片,ชิปไฟร์วอลล์,th-TH
防火牆晶片,ชิปไฟร์วอลล์,th-TH
阳雷的遥想,Daythunder Anamnesis,th-TH
阿丽娜,Alina,th-TH
阿丽萨•兰德的骑枪,หอกของ Alisa Rand,th-TH
阿賴耶華,Flower of Ālaya,th-TH
阿赖耶华,Flower of Ālaya,th-TH
阿麗娜,Alina,th-TH
阿麗薩•蘭德的騎槍,หอกของ Alisa Rand,th-TH
降灵符箓,Exorcismal Fulu,th-TH
降耗增效晶片,ชิปเพิ่มประสิทธิภาพ,th-TH
降耗增效芯片,ชิปเพิ่มประสิทธิภาพ,th-TH
降霊符,Exorcismal Fulu,th-TH
降靈符籙,Exorcismal Fulu,th-TH
陨铁,Meteoric Alloy,th-TH
陨铁弹丸,Meteoric Bullet,th-TH
陽雷的遙想,Daythunder Anamnesis,th-TH
隕鉄,Meteoric Alloy,th-TH
隕鉄の弾丸,Meteoric Bullet,th-TH
隕鐵,Meteoric Alloy,th-TH
隕鐵彈丸,Meteoric Bullet,th-TH
雲端の音符,Firmament Note,th-TH
雲際音符,Firmament Note,th-TH
零件,Mechanical Part,th-TH
雷の眼,Eye of Lightning,th-TH
雷之眼,Eye of Lightning,th-TH
霊鎮めの勅符,Suppressing Edict,th-TH
靈之珠淚,Tears of Souls,th-TH
靈感之鑰,Key of Inspiration,th-TH
靈感點,จุดแรงบันดาลใจ,th-TH
青銅の執着,Endurance of Bronze,th-TH
青銅的執著,Endurance of Bronze,th-TH
青铜的执着,Endurance of Bronze,th-TH
音乐碟片,แผ่นเสียง,th-TH
音楽レコード,แผ่นเสียง,th-TH
音樂唱片,แผ่นเสียง,th-TH
響き合う幻景,Chordal Mirage,th-TH
預兆似有若無,Ethereal Omen,th-TH
預設裝扮,ชุดเริ่มต้น,th-TH
願力の結晶,ผลึกพลังปรารถนา,th-TH
願力結晶,ผลึกพลังปรารถนา,th-TH
预兆似有若无,Ethereal Omen,th-TH
風の渦,Vortex of Wind,th-TH
風之旋,Vortex of Wind,th-TH
風化漏洞晶片,ชิปช่องโหว่ลมเฉือน,th-TH
風堇,Hyacine,th-TH
風雪之角,Horn of Snow,th-TH
风之旋,Vortex of Wind,th-TH
风化漏洞芯片,ชิปช่องโหว่ลมเฉือน,th-TH
风堇,Hyacine,th-TH
风雪之角,Horn of Snow,th-TH
飢餓,Hunger,th-TH
饑餓,Hunger,th-TH
饥饿,Hunger,th-TH
驚喜寶箱,สมบัติเซอร์ไพรส์,th-TH
驚夢劇團的圓幕先生,Mr. Domescreen แห่งคณะละครฝันผวา,th-TH
魂の涙,Tears of Souls,th-TH
鮮やかな残羽,Distinctive Tattered Feather,th-TH
鱗淵天冬,Tian Dong,th-TH
鱗淵天門冬,Tian Dong,th-TH
鳞渊天冬,Tian Dong,th-TH
黃泉,Acheron,th-TH
黃金桂冠,พวงบุปผาทองคำ,th-TH
黃金湯匙,ช้อนทองคำ,th-TH
黃金的祝福,พรแห่งทองคำ,th-TH
黄泉,Acheron,th-TH
黄金のスプーン,ช้อนทองคำ,th-TH
黄金の月桂冠,พวงบุปผาทองคำ,th-TH
黄金の祝福,พรแห่งทองคำ,th-TH
黄金シアターを描いた油絵,ภาพสีน้ำมันโรงละคร Golden Theater,th-TH
黄金桂冠,พวงบุปผาทองคำ,th-TH
黄金汤匙,ช้อนทองคำ,th-TH
黄金的祝福,พรแห่งทองคำ,th-TH
黎明の種,Fresh Seed of Dawn,th-TH
黎明新籽,Fresh Seed of Dawn,th-TH
黑塔债券,Herta Bond,th-TH
黑塔債券,Herta Bond,th-TH
黑塔币,Hertareum,th-TH
黑塔幣,Hertareum,th-TH
黑塔画像-Ⅰ,ภาพเหมือนของ Herta I,th-TH
黑塔画像-Ⅱ,ภาพเหมือนของ Herta II,th-TH
黑塔画像-Ⅲ,ภาพเหมือนของ Herta III,th-TH
黑塔畫像-Ⅰ,ภาพเหมือนของ Herta I,th-TH
黑塔畫像-Ⅱ,ภาพเหมือนของ Herta II,th-TH
黑塔畫像-Ⅲ,ภาพเหมือนของ Herta III,th-TH
默认装扮,ชุดเริ่มต้น,th-TH
黯淡な黒曜,Obsidian of Dread,th-TH
黯淡黑曜,Obsidian of Dread,th-TH
龍鱗珊瑚,Dragon Scale Coral,th-TH
龙鳞珊瑚,Dragon Scale Coral,th-TH
가상 입자,Virtual Particle,th-TH
가스성 유체,Gaseous liquid,th-TH
가시열매,ลูกหนาม,th-TH
가족의 찬가,Ancestral Hymn,th-TH
간섭 암호키,คีย์เข้ารหัสแทรกแซง,th-TH
감록사-Ⅰ,เขตจัดเรียง I,th-TH
감록사-Ⅱ,เขตจัดเรียง II,th-TH
감록사-Ⅲ,เขตจัดเรียง III,th-TH
감시실-Ⅰ,ห้องมอนิเตอร์ I,th-TH
감시실-Ⅱ,ห้องมอนิเตอร์ II,th-TH
감시실-Ⅲ,ห้องมอนิเตอร์ III,th-TH
감자,มันเหลืองทอง,th-TH
강령 부적,Exorcismal Fulu,th-TH
강철 늑대의 깨진 이빨,Broken Teeth of Iron Wolf,th-TH
개척 요정,ภูตบุกเบิก,th-TH
개척자의 야구 방망이,ไม้เบสบอลของผู้บุกเบิก,th-TH
거짓 선각자의 기대,High Hopes of the Falsely Enlightened,th-TH
거친 스케치,Rough Sketch,th-TH
거티,Gertie,th-TH
게파드,Gepard,th-TH
격분한 심장,Raging Heart,th-TH
결승 포스 코인,เหรียญพลังแห่งชัยชนะ,th-TH
결정석 펜던트,จี้ผลึกหิน,th-TH
경기 함선 포대-Ⅰ,ป้อมปืนเรือประชันคมดาบ I,th-TH
경기 함선 포대-Ⅱ,ป้อมปืนเรือประชันคมดาบ II,th-TH
경기 함선 포대-Ⅲ,ป้อมปืนเรือประชันคมดาบ III,th-TH
경청-Ⅰ,Diting I,th-TH
경청-Ⅱ,Diting II,th-TH
경청-Ⅲ,Diting III,th-TH
경축의 선율,ทำนองเพลงฉลอง,th-TH
계몽의 열쇠,Key of Knowledge,th-TH
계산력 잠금 칩,ชิปล็อกการคำนวณ,th-TH
고기,เนื้อสัตว์,th-TH
고대 부속품,Ancient Part,th-TH
고대 엔진,Ancient Engine,th-TH
고대 전동축,Ancient Spindle,th-TH
고물 라디오,วิทยุโบราณ,th-TH
고물 스탠드,โคมไฟโบราณ,th-TH
고장 파손 칩,ชิปขัดข้อง,th-TH
고체 정수,Solid Water,th-TH
골드 입장권,บัตรเข้างานทองคำ,th-TH
골든 극장이 담긴 유화,ภาพสีน้ำมันโรงละคร Golden Theater,th-TH
공격 차단 칩,ชิปสกัดการโจมตี,th-TH
공동의 염원의 유음,Lost Echo of the Shared Wish,th-TH
공조 기계 부품,Artifex's Module,th-TH
공조 톱니바퀴,Artifex's Cogwheel,th-TH
공조 환류 심장,Artifex's Gyreheart,th-TH
공포에 짓밟힌 육신,Fear-Stomped Flesh,th-TH
공허의 파편,Hard Chip of Nihility,th-TH
과거 그림자의 번개 왕관,Lightning Crown of the Past Shadow,th-TH
과거 그림자의 황금 장식,Golden Crown of the Past Shadow,th-TH
과열된 강철 칼날,Searing Steel Blade,th-TH
광뢰의 스트로크,Thunder Strum,th-TH
광산구역 탁상시계,นาฬิกาประจำเหมือง,th-TH
광추 기억 조각,อณูความทรงจำ Light Cone,th-TH
괴수의 못,Nail of the Ape,th-TH
교활한 꼬맹이,เด็กจอมเจ้าเล่ห์,th-TH
구름 위 음표,Firmament Note,th-TH
궁관진-Ⅰ,Matrix of Prescience I,th-TH
궁관진-Ⅱ,Matrix of Prescience II,th-TH
궁관진-Ⅲ,Matrix of Prescience III,th-TH
그린볼 양배추,กะหล่ำกลมเขียว,th-TH
글락스 조각상-Ⅰ,รูปปั้น Glaux I,th-TH
글락스 조각상-Ⅱ,รูปปั้น Glaux II,th-TH
글락스 조각상-Ⅲ,รูปปั้น Glaux III,th-TH
금속,Metal,th-TH
금시계 크레딧,เครดิตนาฬิกาทอง,th-TH
금지구역 전방-Ⅰ,แนวหน้าเขตหวงห้าม I,th-TH
금지구역 전방-Ⅱ,แนวหน้าเขตหวงห้าม II,th-TH
금지구역 전방-Ⅲ,แนวหน้าเขตหวงห้าม III,th-TH
금화,เหรียญทอง,th-TH
기계 큐브,Mechanical Cube,th-TH
기계공방 「영원한 겨울」-Ⅰ,Neverwinter Workshop I,th-TH
기계공방 「영원한 겨울」-Ⅱ,Neverwinter Workshop II,th-TH
기계공방 「영원한 겨울」-Ⅲ,Neverwinter Workshop III,th-TH
기념 배지,ตราที่ระลึก,th-TH
기념 카트리지,Commemorative Cartridge,th-TH
기본 식자재,Basic Ingredient,th-TH
기본 외형,ชุดเริ่มต้น,th-TH
기본 입장권,บัตรเข้างานมาตรฐาน,th-TH
긴급 재가동 칩,ชิปรีสตาร์ตฉุกเฉิน,th-TH
길광편우,Auspice Sliver,th-TH
길버트,Gilbert,th-TH
길의 눈물,Tears of Rail,th-TH
깃털 펜던트,จี้ขนนก,th-TH
깊은 별의 외형질,Enigmatic Ectostella,th-TH
깨달음의 백포,ชุดคลุมขาวปราชญา,th-TH
꺼지지 않는 스타라이트,Undying Starlight,th-TH
꺼지지 않은 잔화,Undying Ember,th-TH
꽃집 「에버 썸머」-Ⅰ,ร้าน Eversummer Florist I,th-TH
꽃집 「에버 썸머」-Ⅱ,ร้าน Eversummer Florist II,th-TH
꽃집 「에버 썸머」-Ⅲ,ร้าน Eversummer Florist III,th-TH
꿀,น้ำผึ้ง,th-TH
꿈 건축 경계-Ⅰ,พรมแดนสร้างฝัน I,th-TH
꿈 건축 경계-Ⅱ,พรมแดนสร้างฝัน II,th-TH
꿈 건축 경계-Ⅲ,พรมแดนสร้างฝัน III,th-TH
꿈 아이스박스,Dream Fridge,th-TH
꿈 저장 부품,Dream Collection Component,th-TH
꿈 제조 모터,Dream Making Engine,th-TH
꿈 토치,Dream Flamer,th-TH
꿈 흐름 밸브,Dream Flow Valve,th-TH
꿈을 그리는 붓,Lucid Awl,th-TH
꿈을 만드는 딥 펜,Dreamweave Steel,th-TH
꿈의 눈물,Tears of Dreams,th-TH
꿈의 파편,ความฝันที่แตกสลาย,th-TH
꿈의 해류-Ⅰ,กระแสคลื่นความฝัน I,th-TH
꿈의 해류-Ⅱ,กระแสคลื่นความฝัน II,th-TH
꿈의 해류-Ⅲ,กระแสคลื่นความฝัน III,th-TH
꿈의 핵심-Ⅰ,แก่นของความฝัน I,th-TH
꿈의 핵심-Ⅱ,แก่นของความฝัน II,th-TH
꿈의 핵심-Ⅲ,แก่นของความฝัน III,th-TH
꿈틀대는 코어,Squirming Core,th-TH
끝없는 탄식,Eternal Lament,th-TH
나쁜꿈 극단의 Mr. 라운드 스크린,Mr. Domescreen แห่งคณะละครฝันผวา,th-TH
나타샤,Natasha,th-TH
낙원 기념 코인,เหรียญสุขาวดี,th-TH
낡은 어금니,Old Molar,th-TH
냥냥케이크,เค้กแมวเหมียว,th-TH
녹슨 톱니바퀴,Rusty Gear,th-TH
눈물 양파,หัวหอมหยดน้ำตา,th-TH
눈보라의 뿔,Horn of Snow,th-TH
눈부신 홍염,Radiant Prominence,th-TH
눈에 띄는 깃털,Distinctive Tattered Feather,th-TH
늑대 독 송곳니,Lupitoxin Sawteeth,th-TH
늙은 괴테,ลุง Goethe,th-TH
니카,Nika,th-TH
다이아몬드,เพชร,th-TH
단백질 쌀,Protein Rice,th-TH
단정사 용 나무-Ⅰ,ต้นมังกรแห่ง Alchemy Commission I,th-TH
단정사 용 나무-Ⅱ,ต้นมังกรแห่ง Alchemy Commission II,th-TH
단정사 용 나무-Ⅲ,ต้นมังกรแห่ง Alchemy Commission III,th-TH
단항•등황,Dan Heng - จ้าวทระนงคงปฐพี,th-TH
달의 광기 이빨,Moon Rage Fang,th-TH
당근,แคร์รอต,th-TH
대지색 염료,น้ำยาย้อมสีดิน,th-TH
더 헤르타,ท่าน Herta,th-TH
던,Dunn,th-TH
데이터 회수 칩,ชิปกู้ข้อมูล,th-TH
동행•금빛 영혼,จิตสหายทองคำ,th-TH
동행•은빛 영혼,จิตสหายสีเงิน,th-TH
드로마스,อสูรธรณี,th-TH
레인보우 입장권,บัตรเข้างานสุดเฉิดฉาย,th-TH
로빈,Robin,th-TH
로시,Rossy,th-TH
론스타 더스트,ธุลีดาวเดียวดาย,th-TH
리라,Lila,th-TH
리롤 동전,เหรียญสุ่มใหม่,th-TH
마냐,Manya,th-TH
만상의 과실,Myriad Fruit,th-TH
"만색, 풀스 메이트","Omnicolor, Fool's Own",th-TH
만취의 시대 한잔,A Glass of the Besotted Era,th-TH
말나 새싹,Seedling of Manas,th-TH
망각의 정원 기간 한정 클리어 훈장,เหรียญตราผ่านด่านจำกัดเวลา Forgotten Hall,th-TH
메인 컨트롤 함교-Ⅰ,สะพาน Master Control Zone I,th-TH
메인 컨트롤 함교-Ⅱ,สะพาน Master Control Zone II,th-TH
메인 컨트롤 함교-Ⅲ,สะพาน Master Control Zone III,th-TH
명부 명령,Netherworld Token,th-TH
모험 기록,บันทึกการผจญภัย,th-TH
모형 「자동 기갑병•비틀」,"โมเดล ""Automaton Beetle""",th-TH
모형 「자동 기갑병•스파이더」,"โมเดล ""Automaton Spider""",th-TH
모형 「자동 기갑병•워하운드」,"โมเดล ""Automaton Hound""",th-TH
무생의 칼날,Lifeless Blade,th-TH
무질서 암브로시아,น้ำอมฤตอลหม่าน,th-TH
무한한 가짜의 여한,Regret of Infinite Ochema,th-TH
문지기 금 조각상,Aurumaton Gatekeeper,th-TH
문춘 너굴,โบ้กอสซิป,th-TH
물범 동전,เหรียญอุ๋ง,th-TH
미토스 매듭,Mythus Knots,th-TH
밀,ข้าวสาลี,th-TH
바람의 소용돌이,Vortex of Wind,th-TH
바이오 실험실-Ⅰ,ห้องทดลองชีวภาพ I,th-TH
바이오 실험실-Ⅱ,ห้องทดลองชีวภาพ II,th-TH
바이오 실험실-Ⅲ,ห้องทดลองชีวภาพ III,th-TH
박식 안경,แว่นผู้รอบรู้,th-TH
반디,Firefly,th-TH
방랑자,คนพเนจร,th-TH
방화벽 칩,ชิปไฟร์วอลล์,th-TH
배점 피스톨-Ⅰ,ปืนประเมินคะแนน I,th-TH
배점 피스톨-Ⅱ,ปืนประเมินคะแนน II,th-TH
배점 피스톨-Ⅲ,ปืนประเมินคะแนน III,th-TH
백그라운드 강화 칩,ชิปเสริมพลังเบื้องหลัง,th-TH
번개의 눈,Eye of Lightning,th-TH
범람을 끊는 침묵,Vanquished Flow's Reticence,th-TH
범용 업그레이드 칩,ชิปอัปเกรดทั่วไป,th-TH
베테랑 직원•팀장,เจ้าหน้าที่อาวุโส - หัวหน้าทีม,th-TH
벨로보그 원경이 담긴 유화,ภาพสีน้ำมันรูปวิวระยะไกลของ Belobog,th-TH
변수 주사위,Variable Dice,th-TH
변조된 야망,Usurper's Scheme,th-TH
별 쫓는 화살,Arrow of the Starchaser,th-TH
별들의 악장,Stellaris Symphony,th-TH
별을 갉아먹고 재앙을 낳는 구악,Past Evils of the Borehole Planet Disaster,th-TH
별의 궤도 전용티켓,Star Rail Special Pass,th-TH
별의 궤도 티켓,Star Rail Pass,th-TH
병렬 강화 칩,ชิปเสริมพลังแนวขนาน,th-TH
보라색 염료,น้ำยาย้อมสีม่วง,th-TH
보리인의 송곳니,Borisin Teeth,th-TH
보육원-Ⅰ,สถานเลี้ยงเด็กกำพร้า I,th-TH
보육원-Ⅱ,สถานเลี้ยงเด็กกำพร้า II,th-TH
보육원-Ⅲ,สถานเลี้ยงเด็กกำพร้า III,th-TH
보존의 건축 자재,Preservation Construction Material,th-TH
부서진 칼날,Shattered Blade,th-TH
부속품,Mechanical Part,th-TH
부하 알고리즘 칩,ชิปอัลกอริทึมเชิงลบ,th-TH
분쟁의 전조,Harbinger of Strife,th-TH
분쟁의 혈진,Grit of Strife,th-TH
불꽃의 정령,Starfire Essence,th-TH
불완전한 추억,ความทรงจำที่บกพร่อง,th-TH
불의 재난,Incineration Shadewalker,th-TH
브로냐,Bronya,th-TH
블레이드,Blade,th-TH
비단실이 감긴 방추,Silk Spindle,th-TH
비디아다라 용의 형상-Ⅰ,เงามังกร Vidyadhara I,th-TH
비디아다라 용의 형상-Ⅱ,เงามังกร Vidyadhara II,th-TH
비디아다라 용의 형상-Ⅲ,เงามังกร Vidyadhara III,th-TH
비애의 눈물 결정,Tear Crystal of Glorious Death,th-TH
비웃는 광대 가면,Sneering Harlequin,th-TH
빙결 허점 칩,ชิปช่องโหว่แช่แข็ง,th-TH
빛의 잔재,Lucent Afterglow,th-TH
빠른 실행 칩,ชิปคำสั่งด่วน,th-TH
빨간 토마토,มะเขือแดง,th-TH
사기 활성화 칩,ชิปเรียกขวัญกำลังใจ,th-TH
사람 높이의 큰 벼,Human-Height Auspicious Crops,th-TH
사량의 씨앗,Bīja of Consciousness,th-TH
"사상, 도하장군","Four Phases, Crossing the River to Check the King",th-TH
사유가 묻힌 가지,Bough of Thought,th-TH
사진궁-Ⅰ,Palace of Astrum I,th-TH
사진궁-Ⅱ,Palace of Astrum II,th-TH
사진궁-Ⅲ,Palace of Astrum III,th-TH
상업 활력 증서,ตราพลังการค้า,th-TH
상온 갑각,Endotherm Chitin,th-TH
상추,ผักกาด,th-TH
새콤 열매,ผลเปรี้ยวจี๊ด,th-TH
생각의 가루,Tatters of Thought,th-TH
생명 오븐-Ⅰ,เตาอบสิ่งมีชีวิต I,th-TH
생명 오븐-Ⅱ,เตาอบสิ่งมีชีวิต II,th-TH
생명 오븐-Ⅲ,เตาอบสิ่งมีชีวิต III,th-TH
생명의 새싹,Sprout of Life,th-TH
생장의 꽃꿀,Nourishing Honey,th-TH
서멀 그리스,Thermal Gel,th-TH
서벌,Serval,th-TH
서벌에 열광하는 팬,แฟนคลับตัวจี๊ดของ Serval,th-TH
서열 저금통,Sequence Trotter,th-TH
서프라이즈 보물상자,สมบัติเซอร์ไพรส์,th-TH
석양에 불탄 꽃봉오리,Charred Bud of Twilight,th-TH
선데이,Sunday,th-TH
성능 분배 칩,ชิปจัดสรรสมรรถนะ,th-TH
성능 초과 인출 칩,ชิปเบิกสมรรถนะ,th-TH
세이렌의 지느러미 잔해,Sea Siren's Torn Fin,th-TH
소멸된 코어,Extinguished Core,th-TH
소모 억제 칩,ชิประงับการสูญเสีย,th-TH
소원 레진,Wishful Resin,th-TH
수관(獸棺)의 못,Nail of the Beast Coffin,th-TH
수렵석,Stone of the Hunt,th-TH
수호자의 비원(悲願),Guardian's Lament,th-TH
숙명적인 사인,Destined Expiration,th-TH
순촉,Strale,th-TH
순항의 축복,Wayfare's Blessing,th-TH
스바로그,Svarog,th-TH
스코트,Skott,th-TH
스타피스 사원증,IPC Work Permit,th-TH
스파키,Sparxie,th-TH
습하 고추,พริกซี้ดซ้าด,th-TH
승리의 축포 샴페인,แชมเปญพลุฉลอง,th-TH
시간을 역행하는 일격,Countertemporal Shot,th-TH
시계 소년 조각상-Ⅰ,รูปปั้นเจ้าหนูนาฬิกา I,th-TH
시계 소년 조각상-Ⅱ,รูปปั้นเจ้าหนูนาฬิกา II,th-TH
시계 소년 조각상-Ⅲ,รูปปั้นเจ้าหนูนาฬิกา III,th-TH
시계 영감노트,Clockwork Inspiration Notebook,th-TH
신들린 기교 • 불빛 용물고기,Entranced Ingenium: Illumination Dragonfish,th-TH
신들린 기교 • 온순한 산예,Entranced Ingenium: Obedient Dracolion,th-TH
신성한 앰버,Divine Amber,th-TH
신세계의 문-Ⅰ,ประตูสู่โลกใหม่ I,th-TH
신세계의 문-Ⅱ,ประตูสู่โลกใหม่ II,th-TH
신세계의 문-Ⅲ,ประตูสู่โลกใหม่ III,th-TH
신주 암브로시아,น้ำอมฤต,th-TH
실드,Shield,th-TH
실드 시스템 칩,ชิประบบโล่,th-TH
실드브레이커 칩,ชิปทลายโล่,th-TH
실물 게임 카트리지,ตลับเกม,th-TH
실버메인 근위병,Silvermane Soldier,th-TH
실버메인 사격병,Silvermane Gunner,th-TH
실버메인 사관,Silvermane Lieutenant,th-TH
실버메인 포격병,Silvermane Cannoneer,th-TH
싫증,Weary,th-TH
심수 암염,Deep Marrow Rock Salt,th-TH
쓰레기통,ถังขยะ,th-TH
씨앗,Seed,th-TH
아득함,Confounding,th-TH
아뢰야 꽃,Flower of Ālaya,th-TH
아모,Amo,th-TH
아케론,Acheron,th-TH
악마 사냥용 화살,Arrow of the Demon Slayer,th-TH
안전 모드 칩,ชิปโหมดปลอดภัย,th-TH
안전모,หมวกนิรภัย,th-TH
알리사•랜드의 랜스,หอกของ Alisa Rand,th-TH
애쉬베일,Ashveil,th-TH
액세스 카드,บัตรผ่าน,th-TH
앨리나,Alina,th-TH
앰버의 수호,Safeguard of Amber,th-TH
약초 추출물,Extract of Medicinal Herbs,th-TH
약탈의 본능,Thief's Instinct,th-TH
양자의 물결,Quantum Ripples,th-TH
어두운 장막의 달빛,Darkveil Moonlight,th-TH
어두운 흑요,Obsidian of Dread,th-TH
어린아이의 달맞이 장소-Ⅰ,จุดชมจันทร์ของหนูน้อย I,th-TH
어린아이의 달맞이 장소-Ⅱ,จุดชมจันทร์ของหนูน้อย II,th-TH
어린아이의 달맞이 장소-Ⅲ,จุดชมจันทร์ของหนูน้อย III,th-TH
어벤츄린,Aventurine,th-TH
어제의 내일이 되어,พรุ่งนี้ที่หวนสู่วันวาน,th-TH
얼음 코어,Core of Ice,th-TH
에너지 재생 칩,ชิปพลังงานหมุนเวียน,th-TH
에릭,Eric,th-TH
에바네시아,Evanescia,th-TH
에이딘 코인,Aideen Token,th-TH
에테르 배틀 축제 스테이지-Ⅰ,เวทีฉลองแนวรบ Aetherium I,th-TH
에테르 배틀 축제 스테이지-Ⅱ,เวทีฉลองแนวรบ Aetherium II,th-TH
에테르 배틀 축제 스테이지-Ⅲ,เวทีฉลองแนวรบ Aetherium III,th-TH
에테르 정령 레벨업 데이터,ชิปอัปเลเวล Aether Spirit,th-TH
여명 씨앗,Fresh Seed of Dawn,th-TH
여행 가이드,คู่มือการเดินทาง,th-TH
여행 견문,ความรู้จากการเดินทาง,th-TH
역동적인 선화,Dynamic Outlining,th-TH
역사문화박물관-Ⅰ,พิพิธภัณฑ์ประวัติศาสตร์ และวัฒนธรรม I,th-TH
역사문화박물관-Ⅱ,พิพิธภัณฑ์ประวัติศาสตร์ และวัฒนธรรม II,th-TH
역사문화박물관-Ⅲ,พิพิธภัณฑ์ประวัติศาสตร์ และวัฒนธรรม III,th-TH
역치 파괴 칩,ชิปทะลวงพิสัย,th-TH
연료,Fuel,th-TH
연소 촉진 티켓,ตั๋วเชื้อเพลิง,th-TH
열렬의 영혼,Fiery Spirit,th-TH
영감 포인트,จุดแรงบันดาลใจ,th-TH
영감의 열쇠,Key of Inspiration,th-TH
영광의 세례를 받은 육신,Glory-Aspersed Torso,th-TH
영사기 및 마이크로필름,เครื่องฉายภาพยนตร์ และม้วนฟิล์มขนาดเล็ก,th-TH
영생의 가지,Immortal Lumintwig,th-TH
영생의 꽃,Immortal Aeroblossom,th-TH
영생의 새싹,Immortal Scionette,th-TH
영웅으로 변신하는 소원,ความปรารถนาจะเป็นฮีโร่,th-TH
영원의 꽃,Flower of Eternity,th-TH
영원한 겨울의 기념비-Ⅰ,Everwinter Monument I,th-TH
영원한 겨울의 기념비-Ⅱ,Everwinter Monument II,th-TH
영원한 겨울의 기념비-Ⅲ,Everwinter Monument III,th-TH
영원한 겨울의 재난,Everwinter Shadewalker,th-TH
영의 눈물,Tears of Souls,th-TH
오늘도 스마일,Always Smiling,th-TH
옥 깃털,Jade Feather,th-TH
옥조 유닛,Jade Abacus Unit,th-TH
올레그,Oleg,th-TH
완•매,Ruan Mei,th-TH
완두콩,ฝักถั่ว,th-TH
완벽 제거 칩,ชิปขจัดราบคาบ,th-TH
외우주의 화염,Blaze Out of Space,th-TH
요정 금화,เหรียญทองภูต,th-TH
욕망의 거울 조각,Shards of Desires,th-TH
용기에 찢긴 가슴,Courage-Torn Chest,th-TH
용린산호,Dragon Scale Coral,th-TH
운명의 발자취,Tracks of Destiny,th-TH
운철,Meteoric Alloy,th-TH
운철 탄환,Meteoric Bullet,th-TH
원력 결정,ผลึกพลังปรารถนา,th-TH
월리스,Wallace,th-TH
위상의 불꽃,มิติเปลวเพลิง,th-TH
유니스,Eunice,th-TH
유물 잔해,Relic Remains,th-TH
유성 결정,Crystal Meteorites,th-TH
유성 조각,ชิ้นส่วนดาวตก,th-TH
유실된 라이트더스트,Lost Lightdust,th-TH
유실된 수정덩이,Lost Crystal,th-TH
유실된 정수,Lost Essence,th-TH
유실된 황금 파편,Lost Gold Fragment,th-TH
"육합, 왕수비차","Sixen, King-Rook Fork",th-TH
은랑 LV.999,Silver Wolf LV.999,th-TH
은하 모형판,Cosmic Sandpit,th-TH
은하계 프레임,Galaxy Framework,th-TH
음악 레코드판,แผ่นเสียง,th-TH
음향과 분노,The Sound and the Fury,th-TH
응축한 에테르,Condensed Aether,th-TH
이계 나무의 씨앗,Alien Tree Seed,th-TH
이상 중재 기간 한정 클리어 훈장,เหรียญตราผ่านด่านจำกัดเวลาผู้ตัดสินที่ผิดแปลก,th-TH
인상의 파편,Fragments of Impression,th-TH
인연천동,Tian Dong,th-TH
일레인,Elaine,th-TH
일반 직원•보안 요원,เจ้าหน้าที่ชั้นผู้น้อย - รปภ.,th-TH
임시 보간(補間) 칩,ชิปแทรกแซงชั่วคราว,th-TH
임시 회피 칩,ชิปหลบภัยชั่วคราว,th-TH
있는 듯 없는 듯한 조짐,Ethereal Omen,th-TH
자가 변형성 레진,Self-Modeling Resin,th-TH
자동 기갑병 조종 단말 장치,เทอร์มินัลควบคุม Automaton,th-TH
자동 기갑병•비틀,Automaton Beetle,th-TH
자동 기갑병•스파이더,Automaton Spider,th-TH
자동 복구 칩,ชิปซ่อมแซมอัตโนมัติ,th-TH
장치 에너지 중추,ศูนย์พลังงานจักรกล,th-TH
저금통 패치 칩,ชิปแพตช์ Trotter,th-TH
저속 고부하 칩,ชิปโหลดความเร็วต่ำ,th-TH
전술 비급•무중생유,คัมภีร์กลยุทธ์: ปั้นน้ำให้เป็นตัว,th-TH
전술 비급•부저추신,คัมภีร์กลยุทธ์: ตัดไฟตั้งแต่ต้นลม,th-TH
전술 비급•성동격서,คัมภีร์กลยุทธ์: สับขาหลอก,th-TH
전술 비급•이일대로,คัมภีร์กลยุทธ์: รอซ้ำยามเพลี่ยงพล้ำ,th-TH
전술 비급•주객전도,คัมภีร์กลยุทธ์: รอจังหวะรุกฆาต,th-TH
전술 비급•타초경사,คัมภีร์กลยุทธ์: แหวกหญ้าให้งูตื่น,th-TH
전술 음료•고에너지 솔글래드,เครื่องดื่มกลยุทธ์: SoulGlad ทรงพลัง,th-TH
전술 음료•괴력수,เครื่องดื่มกลยุทธ์: ขุมพลัง,th-TH
전술 음료•블루불,เครื่องดื่มกลยุทธ์: กระทิงฟ้า,th-TH
전술 음료•비스트,เครื่องดื่มกลยุทธ์: มือปีศาจ,th-TH
전술 음료•서붕 특제 음료,เครื่องดื่มกลยุทธ์: เครื่องดื่มนกยักษ์,th-TH
전술 음료•펄스 에너지,เครื่องดื่มกลยุทธ์: พลังคลื่นถาโถม,th-TH
전혼의 혈정,Resin of Valor,th-TH
점점 가까워지는 비명,Echoing Wail,th-TH
정교한 컬러 원고,Exquisite Colored Draft,th-TH
정보 단말 장치 및 스크린 세트,ชุดเทอร์มินัลข้อมูล และหน้าจอมอนิเตอร์,th-TH
정제한 에테르,Refined Aether,th-TH
정화의 칼날,Worldbreaker Blade,th-TH
제레,Seele,th-TH
제원 경옥패-Ⅰ,หมากหยกแห่งดวงดาว I,th-TH
제원 경옥패-Ⅱ,หมากหยกแห่งดวงดาว II,th-TH
제원 경옥패-Ⅲ,หมากหยกแห่งดวงดาว III,th-TH
조각상 ≪「톱니바퀴와 지혜」≫,"ประติมากรรม ""ฟันเฟืองกับปัญญา""",th-TH
조개 펜던트,จี้เปลือกหอย,th-TH
조현의 로비-Ⅰ,โถงแห่งนักปรับเสียง I,th-TH
조현의 로비-Ⅱ,โถงแห่งนักปรับเสียง II,th-TH
조현의 로비-Ⅲ,โถงแห่งนักปรับเสียง III,th-TH
조형자의 번개 지팡이,Shape Shifter's Lightning Staff,th-TH
조화의 가락,Harmonic Tune,th-TH
종말의 환영 기간 한정 클리어 훈장,เหรียญตราผ่านด่านจำกัดเวลา Apocalyptic Shadow,th-TH
종이새-Ⅰ,นกกระดาษ I,th-TH
종이새-Ⅱ,นกกระดาษ II,th-TH
종이새-Ⅲ,นกกระดาษ III,th-TH
줄리안,Julian,th-TH
중첩기(특제),Superimposer (Custom-made),th-TH
지식의 나무껍질,Tree Bark of Erudition,th-TH
지식의 열쇠,Key of Wisdom,th-TH
지오매로우 광맥-Ⅰ,สายแร่ Geomarrow I,th-TH
지오매로우 광맥-Ⅱ,สายแร่ Geomarrow II,th-TH
지오매로우 광맥-Ⅲ,สายแร่ Geomarrow III,th-TH
진령칙부,Suppressing Edict,th-TH
진악문-Ⅰ,ประตูปราบปีศาจ I,th-TH
진악문-Ⅱ,ประตูปราบปีศาจ II,th-TH
진악문-Ⅲ,ประตูปราบปีศาจ III,th-TH
짐승 사냥용 화살,Arrow of the Beast Hunter,th-TH
짓밟힌 의지,Conqueror's Will,th-TH
짹짹타닥 도구상자,กล่องเครื่องมือจิ๊บจิ๊บตุ๊บตั๊บ,th-TH
차원수의 잎,Interdimensional Leaf,th-TH
창조의 기둥-Ⅰ,Pillars of Creation I,th-TH
창조의 기둥-Ⅱ,Pillars of Creation II,th-TH
창조의 기둥-Ⅲ,Pillars of Creation III,th-TH
채색 포스 코인,เหรียญพลังสีสัน,th-TH
천공을 불태우는 마귀,Heaven Incinerator,th-TH
천벌의 혈창,Lance of Retribution,th-TH
천상의 소절,Celestial Section,th-TH
천외의 악장,Heavenly Melody,th-TH
천인의 유해,Ascendant Debris,th-TH
천진난만 크레파스,Whimsy Wax,th-TH
천체 모형,Celestial Globe,th-TH
철위대 배지,Silvermane Badge,th-TH
철위대 표식,Silvermane Insignia,th-TH
철위대 훈장,Silvermane Medal,th-TH
청동의 집념,Endurance of Bronze,th-TH
청소 정리 칩,ชิปเคลียร์ข้อมูล,th-TH
초상화 ≪수호자 쿠쿠리아와 그녀의 딸≫,"ภาพเหมือนของ ""ผู้พิทักษ์สูงสุด Cocolia และลูกสาว""",th-TH
추억 카드 뽑기권,บัตรสุ่มการ์ดความทรงจำ,th-TH
축제 기도복,ชุดคลุมพิธีอธิษฐาน,th-TH
출행의 축복,First Voyage's Blessing,th-TH
춥다리 아저씨,คุณชายขาแข็ง,th-TH
침략 응괴,Invasive Clot,th-TH
카스토리스,Castorice,th-TH
카프카,Kafka,th-TH
캐논 화포,ปืนใหญ่,th-TH
커다란 울보 유령-Ⅰ,Wubbaboo ยักษ์ I,th-TH
커다란 울보 유령-Ⅱ,Wubbaboo ยักษ์ II,th-TH
커다란 울보 유령-Ⅲ,Wubbaboo ยักษ์ III,th-TH
크림,ครีม,th-TH
큰 광산구역 전경이 담긴 유화,ภาพสีน้ำมันรูปวิวทั้งหมดของ Great Mine,th-TH
클라라,Clara,th-TH
클리포트 보루-Ⅰ,ป้อม Qlipoth I,th-TH
클리포트 보루-Ⅱ,ป้อม Qlipoth II,th-TH
클리포트 보루-Ⅲ,ป้อม Qlipoth III,th-TH
키레네,Cyrene,th-TH
키메라,ไคเมร่า,th-TH
타락의 흑요,Obsidian of Obsession,th-TH
탐사 점수,แต้มการสำรวจ,th-TH
태양과 번개의 회상,Daythunder Anamnesis,th-TH
트렌디한 도포,ชุดคลุมนำสมัย,th-TH
트리비,Tribbie,th-TH
트위스티 풍선껌,Lil' Twisty Bubble Gum,th-TH
특성 포인트,แต้มพรสวรรค์,th-TH
파구사의 눈물,Tears of Phagousa,th-TH
파구사의 술,Wine of Phagousa,th-TH
파구사의 심장,Heart of Phagousa,th-TH
파멸의 이물질,Strange Matter of Destruction,th-TH
파멸자의 말로,Destroyer's Final Road,th-TH
파이논,Phainon,th-TH
파인디,Findie,th-TH
파키,น้อง Sparxie,th-TH
팝팝 열매,ผลปุ๊ป๊ะ,th-TH
퍼스맨,Fersman,th-TH
퍼킨스,Perkins,th-TH
페라,Pela,th-TH
페피-Ⅰ,Peppy I,th-TH
페피-Ⅱ,Peppy II,th-TH
페피-Ⅲ,Peppy III,th-TH
편안함,Tranquility,th-TH
폐기된 기교 부속품,Discarded Ingenium Parts,th-TH
폐쇄된 캐빈 깊은 곳-Ⅰ,ด้านล่างสุดของ Seclusion Zone I,th-TH
폐쇄된 캐빈 깊은 곳-Ⅱ,ด้านล่างสุดของ Seclusion Zone II,th-TH
폐쇄된 캐빈 깊은 곳-Ⅲ,ด้านล่างสุดของ Seclusion Zone III,th-TH
포스 경력,EXP ศึกดวลพลัง,th-TH
포스 코인,เหรียญพลัง,th-TH
포스 파우더,ผงพลัง,th-TH
폭풍의 눈,Storm Eye,th-TH
풀가동 칩,ชิปเปิดใช้งานเต็มตัว,th-TH
풍요의 씨앗,Seed of Abundance,th-TH
풍요의 요수•규목,Abundance Sprite: Wooden Lupus,th-TH
풍요의 향기,Ambergris of Abundance,th-TH
풍작의 결정,ผลึกเก็บเกี่ยว,th-TH
풍화 허점 칩,ชิปช่องโหว่ลมเฉือน,th-TH
플로지스톤,โฟลจิสตัน,th-TH
피도라,Fidora,th-TH
피크,Peak,th-TH
픽셀 코어 카트리지,ตลับแกนกลางพิกเซล,th-TH
하늘색 염료,น้ำยาย้อมสีฟ้า,th-TH
한 곡으로 어우러진 환상,Chordal Mirage,th-TH
한철의 맹세,Oath of Steel,th-TH
행렬 반복 칩,ชิปวนซ้ำเมทริกซ์,th-TH
허공의 흑요,Obsidian of Desolation,th-TH
허구 이야기 기간 한정 클리어 훈장,เหรียญตราผ่านด่านจำกัดเวลา Pure Fiction,th-TH
허기,Hunger,th-TH
허수 방직꾼,Imaginary Weaver,th-TH
허수의 잎,Leaf of Imaginary,th-TH
허졸 얼음 조각•1,รูปแกะสลักน้ำแข็ง Voidranger 1,th-TH
허졸 얼음 조각•2,รูปแกะสลักน้ำแข็ง Voidranger 2,th-TH
허졸•말살자,Voidranger: Eliminator,th-TH
허졸•약탈자,Voidranger: Reaver,th-TH
허졸•유린자,Voidranger: Trampler,th-TH
헤르타 채권,Herta Bond,th-TH
헤르타 초상화-Ⅰ,ภาพเหมือนของ Herta I,th-TH
헤르타 초상화-Ⅱ,ภาพเหมือนของ Herta II,th-TH
헤르타 초상화-Ⅲ,ภาพเหมือนของ Herta III,th-TH
헤르타 코인,Hertareum,th-TH
호박,ฟักทอง,th-TH
혹한 갑각,Gelid Chitin,th-TH
혹한의 부랑자,Frigid Prowler,th-TH
화관,มงกุฎดอกไม้,th-TH
화염 깃털,Feather of Flame,th-TH
화합의 점액,Slime of Harmony,th-TH
환상의 축복,พรแห่งท่วงทำนองมายา,th-TH
환영의 무쇠,Void Cast Iron,th-TH
황금 국자,ช้อนทองคำ,th-TH
황금 월계관,พวงบุปผาทองคำ,th-TH
황금의 축복,พรแห่งทองคำ,th-TH
회성항 「선박 배양 구역」-Ⅰ,"Stargazer Navalia ""Ship Nursery"" I",th-TH
회성항 「선박 배양 구역」-Ⅱ,"Stargazer Navalia ""Ship Nursery"" II",th-TH
회성항 「선박 배양 구역」-Ⅲ,"Stargazer Navalia ""Ship Nursery"" III",th-TH
효광,Yao Guang,th-TH
효율 최적화 칩,ชิปเพิ่มประสิทธิภาพ,th-TH
후원 포인트,คะแนนโบนัส,th-TH
후크,Hook,th-TH
흩어진 별모래,Scattered Stardust,th-TH
희미한 빛의 코어,Glimmering Core,th-TH
희박한 에테르,Sparse Aether,th-TH
히메코,Himeko,th-TH
히실렌스,Hysilens,th-TH
히아킨,Hyacine,th-TH
