source,target,tgt_lng
"""Apocalyptic Shadow"" Medal","เหรียญตรา ""Apocalyptic Shadow""",th-TH
"""Cyber Crisis"" Bronze Medal","เหรียญเวอริเดียนบรอนซ์ ""เครือข่ายผันผวน""",th-TH
"""Cyber Crisis"" Gold Medal","เหรียญโกลด์ ""เครือข่ายผันผวน""",th-TH
"""Cyber Crisis"" Prism Medal","เหรียญปริซึม ""เครือข่ายผันผวน""",th-TH
"""Cyber Crisis"" Silver Medal","เหรียญซิลเวอร์ ""เครือข่ายผันผวน""",th-TH
"""Don't Mess With Pom-Pom"" Bronze Medal","เหรียญเวอริเดียนบรอนซ์ ""อย่าแหย่ Pom-Pom""",th-TH
"""Don't Mess With Pom-Pom"" Gold Medal","เหรียญโกลด์ ""อย่าแหย่ Pom-Pom""",th-TH
"""Don't Mess With Pom-Pom"" Prism Medal","เหรียญปริซึม ""อย่าแหย่ Pom-Pom""",th-TH
"""Don't Mess With Pom-Pom"" Silver Medal","เหรียญซิลเวอร์ ""อย่าแหย่ Pom-Pom""",th-TH
"""Enwreathed by the World"" Bronze Medal","เหรียญเวอริเดียนบรอนซ์ ""ในม้วนตำราโลกธุลี""",th-TH
"""Enwreathed by the World"" Gold Medal","เหรียญโกลด์ ""ในม้วนตำราโลกธุลี""",th-TH
"""Enwreathed by the World"" Prism Medal","เหรียญปริซึม ""ในม้วนตำราโลกธุลี""",th-TH
"""Enwreathed by the World"" Silver Medal","เหรียญซิลเวอร์ ""ในม้วนตำราโลกธุลี""",th-TH
"""Forgotten Hall"" Medal","เหรียญตรา ""Forgotten Hall""",th-TH
"""Happiness Syntax"" Bronze Medal","เหรียญเวอริเดียนบรอนซ์ ""ไวยากรณ์ความสุข""",th-TH
"""Happiness Syntax"" Gold Medal","เหรียญโกลด์ ""ไวยากรณ์ความสุข""",th-TH
"""Happiness Syntax"" Prism Medal","เหรียญปริซึม ""ไวยากรณ์ความสุข""",th-TH
"""Pure Fiction"" Medal","เหรียญตรา ""Pure Fiction""",th-TH
"""Return of the Legion"" Bronze Medal","เหรียญเวอริเดียนบรอนซ์ ""กองทัพหวนคืน""",th-TH
"""Return of the Legion"" Gold Medal","เหรียญโกลด์ ""กองทัพหวนคืน""",th-TH
"""Return of the Legion"" Prism Medal","เหรียญปริซึม ""กองทัพหวนคืน""",th-TH
"""Return of the Legion"" Silver Medal","เหรียญซิลเวอร์ ""กองทัพหวนคืน""",th-TH
"""The Humming Laughter"" Bronze Medal","เหรียญเวอริเดียนบรอนซ์ ""หึ่งหั่งดั่งเสียงขำ""",th-TH
"""The Humming Laughter"" Gold Medal","เหรียญโกลด์ ""หึ่งหั่งดั่งเสียงขำ""",th-TH
"""The Humming Laughter"" Prism Medal","เหรียญปริซึม ""หึ่งหั่งดั่งเสียงขำ""",th-TH
"""The Humming Laughter"" Silver Medal","เหรียญซิลเวอร์ ""หึ่งหั่งดั่งเสียงขำ""",th-TH
3막 구조,โครงสร้างสามองก์,th-TH
3막 구조•1,โครงสร้างสามองก์ 1,th-TH
3막 구조•2,โครงสร้างสามองก์ 2,th-TH
3막 구조•3,โครงสร้างสามองก์ 3,th-TH
3막 구조•4,โครงสร้างสามองก์ 4,th-TH
A Chegada da Árvore Ambrosiana,การมาเยือนของ Ambrosial Arbor,th-TH
A Chegada da Árvore Ambrosiana Estágio 1,การมาเยือนของ Ambrosial Arbor 1,th-TH
A Chegada da Árvore Ambrosiana Estágio 10,การมาเยือนของ Ambrosial Arbor 10,th-TH
A Chegada da Árvore Ambrosiana Estágio 2,การมาเยือนของ Ambrosial Arbor 2,th-TH
A Chegada da Árvore Ambrosiana Estágio 3,การมาเยือนของ Ambrosial Arbor 3,th-TH
A Chegada da Árvore Ambrosiana Estágio 4,การมาเยือนของ Ambrosial Arbor 4,th-TH
A Chegada da Árvore Ambrosiana Estágio 5,การมาเยือนของ Ambrosial Arbor 5,th-TH
A Chegada da Árvore Ambrosiana Estágio 6,การมาเยือนของ Ambrosial Arbor 6,th-TH
A Chegada da Árvore Ambrosiana Estágio 7,การมาเยือนของ Ambrosial Arbor 7,th-TH
A Chegada da Árvore Ambrosiana Estágio 8,การมาเยือนของ Ambrosial Arbor 8,th-TH
A Chegada da Árvore Ambrosiana Estágio 9,การมาเยือนของ Ambrosial Arbor 9,th-TH
A Shot From the Sky,ศรสะเทือนฟ้า,th-TH
A Shot From the Sky (I),ศรสะเทือนฟ้า 1,th-TH
A Shot From the Sky (II),ศรสะเทือนฟ้า 2,th-TH
A Shot From the Sky (III),ศรสะเทือนฟ้า 3,th-TH
A Shot From the Sky (IV),ศรสะเทือนฟ้า 4,th-TH
A Shot From the Sky (IX),ศรสะเทือนฟ้า 9,th-TH
A Shot From the Sky (V),ศรสะเทือนฟ้า 5,th-TH
A Shot From the Sky (VI),ศรสะเทือนฟ้า 6,th-TH
A Shot From the Sky (VII),ศรสะเทือนฟ้า 7,th-TH
A Shot From the Sky (VIII),ศรสะเทือนฟ้า 8,th-TH
A Shot From the Sky (X),ศรสะเทือนฟ้า 10,th-TH
A Song's True Theme,เสียงพ้องทำนองซ้อน,th-TH
A Song's True Theme (I),เสียงพ้องทำนองซ้อน 1,th-TH
A Song's True Theme (II),เสียงพ้องทำนองซ้อน 2,th-TH
A Song's True Theme (III),เสียงพ้องทำนองซ้อน 3,th-TH
A Song's True Theme (IV),เสียงพ้องทำนองซ้อน 4,th-TH
A Song's True Theme (IX),เสียงพ้องทำนองซ้อน 9,th-TH
A Song's True Theme (V),เสียงพ้องทำนองซ้อน 5,th-TH
A Song's True Theme (VI),เสียงพ้องทำนองซ้อน 6,th-TH
A Song's True Theme (VII),เสียงพ้องทำนองซ้อน 7,th-TH
A Song's True Theme (VIII),เสียงพ้องทำนองซ้อน 8,th-TH
A Song's True Theme (X),เสียงพ้องทำนองซ้อน 10,th-TH
A Song's True Theme (XI),เสียงพ้องทำนองซ้อน 11,th-TH
A Song's True Theme (XII),เสียงพ้องทำนองซ้อน 12,th-TH
A Subjugação da Raiz Divina,การปราบรากศักดิ์สิทธิ์,th-TH
A Subjugação da Raiz Divina Estágio 1,การปราบรากศักดิ์สิทธิ์ 1,th-TH
A Subjugação da Raiz Divina Estágio 10,การปราบรากศักดิ์สิทธิ์ 10,th-TH
A Subjugação da Raiz Divina Estágio 2,การปราบรากศักดิ์สิทธิ์ 2,th-TH
A Subjugação da Raiz Divina Estágio 3,การปราบรากศักดิ์สิทธิ์ 3,th-TH
A Subjugação da Raiz Divina Estágio 4,การปราบรากศักดิ์สิทธิ์ 4,th-TH
A Subjugação da Raiz Divina Estágio 5,การปราบรากศักดิ์สิทธิ์ 5,th-TH
A Subjugação da Raiz Divina Estágio 6,การปราบรากศักดิ์สิทธิ์ 6,th-TH
A Subjugação da Raiz Divina Estágio 7,การปราบรากศักดิ์สิทธิ์ 7,th-TH
A Subjugação da Raiz Divina Estágio 8,การปราบรากศักดิ์สิทธิ์ 8,th-TH
A Subjugação da Raiz Divina Estágio 9,การปราบรากศักดิ์สิทธิ์ 9,th-TH
A Viagem da Navis Astriger,บันทึกของเรือแสวงหายาอมตะ,th-TH
A la deriva por los mares astrales,การเดินทางอันโดดเดี่ยวในห้วงอวกาศ,th-TH
A la deriva por los mares astrales I,การเดินทางอันโดดเดี่ยวในห้วงอวกาศ 1,th-TH
A la deriva por los mares astrales II,การเดินทางอันโดดเดี่ยวในห้วงอวกาศ 2,th-TH
A la deriva por los mares astrales III,การเดินทางอันโดดเดี่ยวในห้วงอวกาศ 3,th-TH
A la deriva por los mares astrales IV,การเดินทางอันโดดเดี่ยวในห้วงอวกาศ 4,th-TH
A la deriva por los mares astrales IX,การเดินทางอันโดดเดี่ยวในห้วงอวกาศ 9,th-TH
A la deriva por los mares astrales V,การเดินทางอันโดดเดี่ยวในห้วงอวกาศ 5,th-TH
A la deriva por los mares astrales VI,การเดินทางอันโดดเดี่ยวในห้วงอวกาศ 6,th-TH
A la deriva por los mares astrales VII,การเดินทางอันโดดเดี่ยวในห้วงอวกาศ 7,th-TH
A la deriva por los mares astrales VIII,การเดินทางอันโดดเดี่ยวในห้วงอวกาศ 8,th-TH
A la deriva por los mares astrales X,การเดินทางอันโดดเดี่ยวในห้วงอวกาศ 10,th-TH
Abala-TempestadeAbala-Tempestade,พายุฉุดชีวัน,th-TH
Academy Ghost Story,เรื่องลี้ลับในโรงเรียน,th-TH
Academy Ghost Story (I),เรื่องลี้ลับในโรงเรียน 1,th-TH
Academy Ghost Story (II),เรื่องลี้ลับในโรงเรียน 2,th-TH
Academy Ghost Story (III),เรื่องลี้ลับในโรงเรียน 3,th-TH
Academy Ghost Story (IV),เรื่องลี้ลับในโรงเรียน 4,th-TH
Academy Ghost Story (IX),เรื่องลี้ลับในโรงเรียน 9,th-TH
Academy Ghost Story (V),เรื่องลี้ลับในโรงเรียน 5,th-TH
Academy Ghost Story (VI),เรื่องลี้ลับในโรงเรียน 6,th-TH
Academy Ghost Story (VII),เรื่องลี้ลับในโรงเรียน 7,th-TH
Academy Ghost Story (VIII),เรื่องลี้ลับในโรงเรียน 8,th-TH
Academy Ghost Story (X),เรื่องลี้ลับในโรงเรียน 10,th-TH
Academy Ghost Story (XI),เรื่องลี้ลับในโรงเรียน 11,th-TH
Academy Ghost Story (XII),เรื่องลี้ลับในโรงเรียน 12,th-TH
Accalmie,พายุฉุดชีวัน,th-TH
Accalmie phase 1,พายุฉุดชีวันขั้นที่ 1,th-TH
Accalmie phase 10,พายุฉุดชีวันขั้นที่ 10,th-TH
Accalmie phase 2,พายุฉุดชีวันขั้นที่ 2,th-TH
Accalmie phase 3,พายุฉุดชีวันขั้นที่ 3,th-TH
Accalmie phase 4,พายุฉุดชีวันขั้นที่ 4,th-TH
Accalmie phase 5,พายุฉุดชีวันขั้นที่ 5,th-TH
Accalmie phase 6,พายุฉุดชีวันขั้นที่ 6,th-TH
Accalmie phase 7,พายุฉุดชีวันขั้นที่ 7,th-TH
Accalmie phase 8,พายุฉุดชีวันขั้นที่ 8,th-TH
Accalmie phase 9,พายุฉุดชีวันขั้นที่ 9,th-TH
Acción en servicio,เวรปฏิบัติการ,th-TH
Acción en servicio I,เวรปฏิบัติการ 1,th-TH
Acción en servicio II,เวรปฏิบัติการ 2,th-TH
Acción en servicio III,เวรปฏิบัติการ 3,th-TH
Acción en servicio IV,เวรปฏิบัติการ 4,th-TH
Acción en servicio IX,เวรปฏิบัติการ 9,th-TH
Acción en servicio V,เวรปฏิบัติการ 5,th-TH
Acción en servicio VI,เวรปฏิบัติการ 6,th-TH
Acción en servicio VII,เวรปฏิบัติการ 7,th-TH
Acción en servicio VIII,เวรปฏิบัติการ 8,th-TH
Acción en servicio X,เวรปฏิบัติการ 10,th-TH
Acción en servicio XI,เวรปฏิบัติการ 11,th-TH
Acción en servicio XII,เวรปฏิบัติการ 12,th-TH
Acto final,อวสานละคร,th-TH
Acto final I,อวสานละคร 1,th-TH
Acto final II,อวสานละคร 2,th-TH
Acto final III,อวสานละคร 3,th-TH
Acto final IV,อวสานละคร 4,th-TH
Acto final IX,อวสานละคร 9,th-TH
Acto final V,อวสานละคร 5,th-TH
Acto final VI,อวสานละคร 6,th-TH
Acto final VII,อวสานละคร 7,th-TH
Acto final VIII,อวสานละคร 8,th-TH
Acto final X,อวสานละคร 10,th-TH
Acto final XI,อวสานละคร 11,th-TH
Acto final XII,อวสานละคร 12,th-TH
Adage éculé,ถ้อยคำจำเจ,th-TH
Adage éculé (I),ถ้อยคำจำเจ 1,th-TH
Adage éculé (II),ถ้อยคำจำเจ 2,th-TH
Adage éculé (III),ถ้อยคำจำเจ 3,th-TH
Adage éculé (IV),ถ้อยคำจำเจ 4,th-TH
Adrift in Astral Seas,การเดินทางอันโดดเดี่ยวในห้วงอวกาศ,th-TH
Adrift in Astral Seas (I),การเดินทางอันโดดเดี่ยวในห้วงอวกาศ 1,th-TH
Adrift in Astral Seas (II),การเดินทางอันโดดเดี่ยวในห้วงอวกาศ 2,th-TH
Adrift in Astral Seas (III),การเดินทางอันโดดเดี่ยวในห้วงอวกาศ 3,th-TH
Adrift in Astral Seas (IV),การเดินทางอันโดดเดี่ยวในห้วงอวกาศ 4,th-TH
Adrift in Astral Seas (IX),การเดินทางอันโดดเดี่ยวในห้วงอวกาศ 9,th-TH
Adrift in Astral Seas (V),การเดินทางอันโดดเดี่ยวในห้วงอวกาศ 5,th-TH
Adrift in Astral Seas (VI),การเดินทางอันโดดเดี่ยวในห้วงอวกาศ 6,th-TH
Adrift in Astral Seas (VII),การเดินทางอันโดดเดี่ยวในห้วงอวกาศ 7,th-TH
Adrift in Astral Seas (VIII),การเดินทางอันโดดเดี่ยวในห้วงอวกาศ 8,th-TH
Adrift in Astral Seas (X),การเดินทางอันโดดเดี่ยวในห้วงอวกาศ 10,th-TH
Adversidade do Ferro Frio,ลับคมเหล็กเหมันต์,th-TH
Affaire fictive,ธุรกิจสร้างเรื่องราว,th-TH
Affaire fictive (I),ธุรกิจสร้างเรื่องราว 1,th-TH
Affaire fictive (II),ธุรกิจสร้างเรื่องราว 2,th-TH
Affaire fictive (III),ธุรกิจสร้างเรื่องราว 3,th-TH
Affaire fictive (IV),ธุรกิจสร้างเรื่องราว 4,th-TH
Affen des Sturmwinds,วานรโหมวายุ,th-TH
Affen des Sturmwinds: Schwierigkeitsgrad 01,วานรโหมวายุ: ความยาก 01,th-TH
Affen des Sturmwinds: Schwierigkeitsgrad 02,วานรโหมวายุ: ความยาก 02,th-TH
Affen des Sturmwinds: Schwierigkeitsgrad 03,วานรโหมวายุ: ความยาก 03,th-TH
Affen des Sturmwinds: Schwierigkeitsgrad 04,วานรโหมวายุ: ความยาก 04,th-TH
Affentheater,กลวานร,th-TH
Affentheater I,กลวานร 1,th-TH
Affentheater II,กลวานร 2,th-TH
Affentheater III,กลวานร 3,th-TH
Affentheater IV,กลวานร 4,th-TH
Affentheater IX,กลวานร 9,th-TH
Affentheater V,กลวานร 5,th-TH
Affentheater VI,กลวานร 6,th-TH
Affentheater VII,กลวานร 7,th-TH
Affentheater VIII,กลวานร 8,th-TH
Affentheater X,กลวานร 10,th-TH
Affentheater XI,กลวานร 11,th-TH
Affentheater XII,กลวานร 12,th-TH
Ahli Bersilat Lidah,กระแสคารมคมคาย,th-TH
Ahli Bersilat Lidah 1,กระแสคารมคมคาย 1,th-TH
Ahli Bersilat Lidah 2,กระแสคารมคมคาย 2,th-TH
Ahli Bersilat Lidah 3,กระแสคารมคมคาย 3,th-TH
Ahli Bersilat Lidah 4,กระแสคารมคมคาย 4,th-TH
Aires de la otra orilla,ลมหายใจในอีกฟาก,th-TH
Aires de la otra orilla I,ลมหายใจในอีกฟาก 1,th-TH
Aires de la otra orilla II,ลมหายใจในอีกฟาก 2,th-TH
Aires de la otra orilla III,ลมหายใจในอีกฟาก 3,th-TH
Aires de la otra orilla IV,ลมหายใจในอีกฟาก 4,th-TH
Aires de la otra orilla IX,ลมหายใจในอีกฟาก 9,th-TH
Aires de la otra orilla V,ลมหายใจในอีกฟาก 5,th-TH
Aires de la otra orilla VI,ลมหายใจในอีกฟาก 6,th-TH
Aires de la otra orilla VII,ลมหายใจในอีกฟาก 7,th-TH
Aires de la otra orilla VIII,ลมหายใจในอีกฟาก 8,th-TH
Aires de la otra orilla X,ลมหายใจในอีกฟาก 10,th-TH
Aires de la otra orilla XI,ลมหายใจในอีกฟาก 11,th-TH
Aires de la otra orilla XII,ลมหายใจในอีกฟาก 12,th-TH
Akhir Sandiwara,อวสานละคร,th-TH
Akhir Sandiwara 1,อวสานละคร 1,th-TH
Akhir Sandiwara 10,อวสานละคร 10,th-TH
Akhir Sandiwara 11,อวสานละคร 11,th-TH
Akhir Sandiwara 12,อวสานละคร 12,th-TH
Akhir Sandiwara 2,อวสานละคร 2,th-TH
Akhir Sandiwara 3,อวสานละคร 3,th-TH
Akhir Sandiwara 4,อวสานละคร 4,th-TH
Akhir Sandiwara 5,อวสานละคร 5,th-TH
Akhir Sandiwara 6,อวสานละคร 6,th-TH
Akhir Sandiwara 7,อวสานละคร 7,th-TH
Akhir Sandiwara 8,อวสานละคร 8,th-TH
Akhir Sandiwara 9,อวสานละคร 9,th-TH
Aksi Piket,เวรปฏิบัติการ,th-TH
Aksi Piket 1,เวรปฏิบัติการ 1,th-TH
Aksi Piket 10,เวรปฏิบัติการ 10,th-TH
Aksi Piket 11,เวรปฏิบัติการ 11,th-TH
Aksi Piket 12,เวรปฏิบัติการ 12,th-TH
Aksi Piket 2,เวรปฏิบัติการ 2,th-TH
Aksi Piket 3,เวรปฏิบัติการ 3,th-TH
Aksi Piket 4,เวรปฏิบัติการ 4,th-TH
Aksi Piket 5,เวรปฏิบัติการ 5,th-TH
Aksi Piket 6,เวรปฏิบัติการ 6,th-TH
Aksi Piket 7,เวรปฏิบัติการ 7,th-TH
Aksi Piket 8,เวรปฏิบัติการ 8,th-TH
Aksi Piket 9,เวรปฏิบัติการ 9,th-TH
Alboroto en la red,เครือข่ายผันผวน,th-TH
Alte Plattitüden,ถ้อยคำจำเจ,th-TH
Alte Plattitüden I,ถ้อยคำจำเจ 1,th-TH
Alte Plattitüden II,ถ้อยคำจำเจ 2,th-TH
Alte Plattitüden III,ถ้อยคำจำเจ 3,th-TH
Alte Plattitüden IV,ถ้อยคำจำเจ 4,th-TH
Alzamiento de Imbibitor Lunae I,วิกฤตจ้าวยลจันทรา 1,th-TH
Alzamiento de Imbibitor Lunae II,วิกฤตจ้าวยลจันทรา 2,th-TH
Alzamiento de Imbibitor Lunae III,วิกฤตจ้าวยลจันทรา 3,th-TH
Alzamiento de Imbibitor Lunae IV,วิกฤตจ้าวยลจันทรา 4,th-TH
Alzamiento de Imbibitor Lunae IX,วิกฤตจ้าวยลจันทรา 9,th-TH
Alzamiento de Imbibitor Lunae V,วิกฤตจ้าวยลจันทรา 5,th-TH
Alzamiento de Imbibitor Lunae VI,วิกฤตจ้าวยลจันทรา 6,th-TH
Alzamiento de Imbibitor Lunae VII,วิกฤตจ้าวยลจันทรา 7,th-TH
Alzamiento de Imbibitor Lunae VIII,วิกฤตจ้าวยลจันทรา 8,th-TH
Alzamiento de Imbibitor Lunae X,วิกฤตจ้าวยลจันทรา 10,th-TH
Ambrosial Arbor's Arrival,การมาเยือนของ Ambrosial Arbor,th-TH
Ambrosial Arbor's Arrival (I),การมาเยือนของ Ambrosial Arbor 1,th-TH
Ambrosial Arbor's Arrival (II),การมาเยือนของ Ambrosial Arbor 2,th-TH
Ambrosial Arbor's Arrival (III),การมาเยือนของ Ambrosial Arbor 3,th-TH
Ambrosial Arbor's Arrival (IV),การมาเยือนของ Ambrosial Arbor 4,th-TH
Ambrosial Arbor's Arrival (IX),การมาเยือนของ Ambrosial Arbor 9,th-TH
Ambrosial Arbor's Arrival (V),การมาเยือนของ Ambrosial Arbor 5,th-TH
Ambrosial Arbor's Arrival (VI),การมาเยือนของ Ambrosial Arbor 6,th-TH
Ambrosial Arbor's Arrival (VII),การมาเยือนของ Ambrosial Arbor 7,th-TH
Ambrosial Arbor's Arrival (VIII),การมาเยือนของ Ambrosial Arbor 8,th-TH
Ambrosial Arbor's Arrival (X),การมาเยือนของ Ambrosial Arbor 10,th-TH
An Expression of Eloquence,บุษบงที่พร่างพราว,th-TH
An Expression of Eloquence (I),บุษบงที่พร่างพราว 1,th-TH
An Expression of Eloquence (II),บุษบงที่พร่างพราว 2,th-TH
An Expression of Eloquence (III),บุษบงที่พร่างพราว 3,th-TH
An Expression of Eloquence (IV),บุษบงที่พร่างพราว 4,th-TH
Analisis Naratif,การวิเคราะห์เชิงบรรยาย,th-TH
Analisis Naratif 1,การวิเคราะห์เชิงบรรยาย 1,th-TH
Analisis Naratif 2,การวิเคราะห์เชิงบรรยาย 2,th-TH
Analisis Naratif 3,การวิเคราะห์เชิงบรรยาย 3,th-TH
Analisis Naratif 4,การวิเคราะห์เชิงบรรยาย 4,th-TH
Analyse narrative,การวิเคราะห์เชิงบรรยาย,th-TH
Analyse narrative (I),การวิเคราะห์เชิงบรรยาย 1,th-TH
Analyse narrative (II),การวิเคราะห์เชิงบรรยาย 2,th-TH
Analyse narrative (III),การวิเคราะห์เชิงบรรยาย 3,th-TH
Analyse narrative (IV),การวิเคราะห์เชิงบรรยาย 4,th-TH
Angin Badai Kegelapan,เหมันต์อนธการ,th-TH
Angin Badai Kegelapan: Tingkat Kesulitan 1,เหมันต์อนธการ: ความยาก 01,th-TH
Angin Badai Kegelapan: Tingkat Kesulitan 2,เหมันต์อนธการ: ความยาก 02,th-TH
Angin Badai Kegelapan: Tingkat Kesulitan 3,เหมันต์อนธการ: ความยาก 03,th-TH
Angin Badai Kegelapan: Tingkat Kesulitan 4,เหมันต์อนธการ: ความยาก 04,th-TH
Angin Badai Kelupaan,เหมันต์ลืมเลือน,th-TH
Angin Badai Kelupaan: Tingkat Kesulitan 1,เหมันต์ลืมเลือน: ความยาก 01,th-TH
Angin Badai Kelupaan: Tingkat Kesulitan 2,เหมันต์ลืมเลือน: ความยาก 02,th-TH
Angin Badai Kelupaan: Tingkat Kesulitan 3,เหมันต์ลืมเลือน: ความยาก 03,th-TH
Angin Badai Kelupaan: Tingkat Kesulitan 4,เหมันต์ลืมเลือน: ความยาก 04,th-TH
Análise Narrativa,การวิเคราะห์เชิงบรรยาย,th-TH
Análise Narrativa (I),การวิเคราะห์เชิงบรรยาย 1,th-TH
Análise Narrativa (II),การวิเคราะห์เชิงบรรยาย 2,th-TH
Análise Narrativa (III),การวิเคราะห์เชิงบรรยาย 3,th-TH
Análise Narrativa (IV),การวิเคราะห์เชิงบรรยาย 4,th-TH
Análisis narrativo,การวิเคราะห์เชิงบรรยาย,th-TH
Análisis narrativo I,การวิเคราะห์เชิงบรรยาย 1,th-TH
Análisis narrativo II,การวิเคราะห์เชิงบรรยาย 2,th-TH
Análisis narrativo III,การวิเคราะห์เชิงบรรยาย 3,th-TH
Análisis narrativo IV,การวิเคราะห์เชิงบรรยาย 4,th-TH
Armadilha da Tecnicalidade,กับดักคำลวง,th-TH
Armadilha da Tecnicalidade (I),กับดักคำลวง 1,th-TH
Armadilha da Tecnicalidade (II),กับดักคำลวง 2,th-TH
Armadilha da Tecnicalidade (III),กับดักคำลวง 3,th-TH
Armadilha da Tecnicalidade (IV),กับดักคำลวง 4,th-TH
As Crônicas das Noites Brancas,บันทึกแดนแห่งฝันในราตรีสีขาว,th-TH
As Crônicas das Noites Brancas Estágio 1,บันทึกแดนแห่งฝันในราตรีสีขาว 1,th-TH
As Crônicas das Noites Brancas Estágio 10,บันทึกแดนแห่งฝันในราตรีสีขาว 10,th-TH
As Crônicas das Noites Brancas Estágio 11,บันทึกแดนแห่งฝันในราตรีสีขาว 11,th-TH
As Crônicas das Noites Brancas Estágio 12,บันทึกแดนแห่งฝันในราตรีสีขาว 12,th-TH
As Crônicas das Noites Brancas Estágio 2,บันทึกแดนแห่งฝันในราตรีสีขาว 2,th-TH
As Crônicas das Noites Brancas Estágio 3,บันทึกแดนแห่งฝันในราตรีสีขาว 3,th-TH
As Crônicas das Noites Brancas Estágio 4,บันทึกแดนแห่งฝันในราตรีสีขาว 4,th-TH
As Crônicas das Noites Brancas Estágio 5,บันทึกแดนแห่งฝันในราตรีสีขาว 5,th-TH
As Crônicas das Noites Brancas Estágio 6,บันทึกแดนแห่งฝันในราตรีสีขาว 6,th-TH
As Crônicas das Noites Brancas Estágio 7,บันทึกแดนแห่งฝันในราตรีสีขาว 7,th-TH
As Crônicas das Noites Brancas Estágio 8,บันทึกแดนแห่งฝันในราตรีสีขาว 8,th-TH
As Crônicas das Noites Brancas Estágio 9,บันทึกแดนแห่งฝันในราตรีสีขาว 9,th-TH
Atem des Jenseits,ลมหายใจในอีกฟาก,th-TH
Atem des Jenseits I,ลมหายใจในอีกฟาก 1,th-TH
Atem des Jenseits II,ลมหายใจในอีกฟาก 2,th-TH
Atem des Jenseits III,ลมหายใจในอีกฟาก 3,th-TH
Atem des Jenseits IV,ลมหายใจในอีกฟาก 4,th-TH
Atem des Jenseits IX,ลมหายใจในอีกฟาก 9,th-TH
Atem des Jenseits V,ลมหายใจในอีกฟาก 5,th-TH
Atem des Jenseits VI,ลมหายใจในอีกฟาก 6,th-TH
Atem des Jenseits VII,ลมหายใจในอีกฟาก 7,th-TH
Atem des Jenseits VIII,ลมหายใจในอีกฟาก 8,th-TH
Atem des Jenseits X,ลมหายใจในอีกฟาก 10,th-TH
Atem des Jenseits XI,ลมหายใจในอีกฟาก 11,th-TH
Atem des Jenseits XII,ลมหายใจในอีกฟาก 12,th-TH
Aturan Struktural,กฎแห่งโครงสร้าง,th-TH
Aturan Struktural 1,กฎแห่งโครงสร้าง 1,th-TH
Aturan Struktural 2,กฎแห่งโครงสร้าง 2,th-TH
Aturan Struktural 3,กฎแห่งโครงสร้าง 3,th-TH
Aturan Struktural 4,กฎแห่งโครงสร้าง 4,th-TH
Aufwiegelung des Gamers,เกมแห่งการปลุกปั่น,th-TH
Aufwiegelung des Gamers: Schwierigkeitsgrad 01,เกมแห่งการปลุกปั่น: ความยาก 01,th-TH
Aufwiegelung des Gamers: Schwierigkeitsgrad 02,เกมแห่งการปลุกปั่น: ความยาก 02,th-TH
Aufwiegelung des Gamers: Schwierigkeitsgrad 03,เกมแห่งการปลุกปั่น: ความยาก 03,th-TH
Aufwiegelung des Gamers: Schwierigkeitsgrad 04,เกมแห่งการปลุกปั่น: ความยาก 04,th-TH
Aufwiegelung des Schwarms,มวลแมลงปลุกปั่น,th-TH
Aufwiegelung des Schwarms,แมลงปลุกปั่น,th-TH
Aufwiegelung des Schwarms: Schwierigkeitsgrad 01,มวลแมลงปลุกปั่น: ความยาก 01,th-TH
Aufwiegelung des Schwarms: Schwierigkeitsgrad 01,แมลงปลุกปั่น: ความยาก 01,th-TH
Aufwiegelung des Schwarms: Schwierigkeitsgrad 02,มวลแมลงปลุกปั่น: ความยาก 02,th-TH
Aufwiegelung des Schwarms: Schwierigkeitsgrad 02,แมลงปลุกปั่น: ความยาก 02,th-TH
Aufwiegelung des Schwarms: Schwierigkeitsgrad 03,มวลแมลงปลุกปั่น: ความยาก 03,th-TH
Aufwiegelung des Schwarms: Schwierigkeitsgrad 03,แมลงปลุกปั่น: ความยาก 03,th-TH
Aufwiegelung des Schwarms: Schwierigkeitsgrad 04,มวลแมลงปลุกปั่น: ความยาก 04,th-TH
Aufwiegelung des Schwarms: Schwierigkeitsgrad 04,แมลงปลุกปั่น: ความยาก 04,th-TH
Aus dem Nichts,เสกสรรปั้นแต่ง,th-TH
Aus dem Nichts I,เสกสรรปั้นแต่ง 1,th-TH
Aus dem Nichts II,เสกสรรปั้นแต่ง 2,th-TH
Aus dem Nichts III,เสกสรรปั้นแต่ง 3,th-TH
Aus dem Nichts IV,เสกสรรปั้นแต่ง 4,th-TH
Auszug aus der Heimat,จากบ้านจากเมือง,th-TH
Auszug aus der Heimat I,จากบ้านจากเมือง 1,th-TH
Auszug aus der Heimat II,จากบ้านจากเมือง 2,th-TH
Auszug aus der Heimat III,จากบ้านจากเมือง 3,th-TH
Auszug aus der Heimat IV,จากบ้านจากเมือง 4,th-TH
Auszug aus der Heimat IX,จากบ้านจากเมือง 9,th-TH
Auszug aus der Heimat V,จากบ้านจากเมือง 5,th-TH
Auszug aus der Heimat VI,จากบ้านจากเมือง 6,th-TH
Auszug aus der Heimat VII,จากบ้านจากเมือง 7,th-TH
Auszug aus der Heimat VIII,จากบ้านจากเมือง 8,th-TH
Auszug aus der Heimat X,จากบ้านจากเมือง 10,th-TH
Auszug aus der Heimat XI,จากบ้านจากเมือง 11,th-TH
Auszug aus der Heimat XII,จากบ้านจากเมือง 12,th-TH
Autoprofeciência Predestinada,คำทำนายพิสูจน์ตน,th-TH
Ação de Serviço,เวรปฏิบัติการ,th-TH
Ação de Serviço (I),เวรปฏิบัติการ 1,th-TH
Ação de Serviço (II),เวรปฏิบัติการ 2,th-TH
Ação de Serviço (III),เวรปฏิบัติการ 3,th-TH
Ação de Serviço (IV),เวรปฏิบัติการ 4,th-TH
Ação de Serviço (IX),เวรปฏิบัติการ 9,th-TH
Ação de Serviço (V),เวรปฏิบัติการ 5,th-TH
Ação de Serviço (VI),เวรปฏิบัติการ 6,th-TH
Ação de Serviço (VII),เวรปฏิบัติการ 7,th-TH
Ação de Serviço (VIII),เวรปฏิบัติการ 8,th-TH
Ação de Serviço (X),เวรปฏิบัติการ 10,th-TH
Ação de Serviço (XI),เวรปฏิบัติการ 11,th-TH
Ação de Serviço (XII),เวรปฏิบัติการ 12,th-TH
Badai Internet,เครือข่ายผันผวน,th-TH
Badai Pembersihan,กวาดล้างพายุ,th-TH
Badai Pembersihan 1,กวาดล้างพายุ 1,th-TH
Badai Pembersihan 10,กวาดล้างพายุ 10,th-TH
Badai Pembersihan 11,กวาดล้างพายุ 11,th-TH
Badai Pembersihan 12,กวาดล้างพายุ 12,th-TH
Badai Pembersihan 2,กวาดล้างพายุ 2,th-TH
Badai Pembersihan 3,กวาดล้างพายุ 3,th-TH
Badai Pembersihan 4,กวาดล้างพายุ 4,th-TH
Badai Pembersihan 5,กวาดล้างพายุ 5,th-TH
Badai Pembersihan 6,กวาดล้างพายุ 6,th-TH
Badai Pembersihan 7,กวาดล้างพายุ 7,th-TH
Badai Pembersihan 8,กวาดล้างพายุ 8,th-TH
Badai Pembersihan 9,กวาดล้างพายุ 9,th-TH
Badai Telah Usai,พายุฉุดชีวัน,th-TH
Badai Telah Usai 1,พายุฉุดชีวันขั้นที่ 1,th-TH
Badai Telah Usai 10,พายุฉุดชีวันขั้นที่ 10,th-TH
Badai Telah Usai 2,พายุฉุดชีวันขั้นที่ 2,th-TH
Badai Telah Usai 3,พายุฉุดชีวันขั้นที่ 3,th-TH
Badai Telah Usai 4,พายุฉุดชีวันขั้นที่ 4,th-TH
Badai Telah Usai 5,พายุฉุดชีวันขั้นที่ 5,th-TH
Badai Telah Usai 6,พายุฉุดชีวันขั้นที่ 6,th-TH
Badai Telah Usai 7,พายุฉุดชีวันขั้นที่ 7,th-TH
Badai Telah Usai 8,พายุฉุดชีวันขั้นที่ 8,th-TH
Badai Telah Usai 9,พายุฉุดชีวันขั้นที่ 9,th-TH
Bailando con sueños,เต้นรำกับความฝัน,th-TH
Bailando con sueños I,เต้นรำกับความฝัน 1,th-TH
Bailando con sueños II,เต้นรำกับความฝัน 2,th-TH
Bailando con sueños III,เต้นรำกับความฝัน 3,th-TH
Bailando con sueños IV,เต้นรำกับความฝัน 4,th-TH
Bailando con sueños IX,เต้นรำกับความฝัน 9,th-TH
Bailando con sueños V,เต้นรำกับความฝัน 5,th-TH
Bailando con sueños VI,เต้นรำกับความฝัน 6,th-TH
Bailando con sueños VII,เต้นรำกับความฝัน 7,th-TH
Bailando con sueños VIII,เต้นรำกับความฝัน 8,th-TH
Bailando con sueños X,เต้นรำกับความฝัน 10,th-TH
Bailando con sueños XI,เต้นรำกับความฝัน 11,th-TH
Bailando con sueños XII,เต้นรำกับความฝัน 12,th-TH
Baku Hantam Tanpa Henti,สงครามหยาดน้ำตาแห่งสายฝน,th-TH
Baku Hantam Tanpa Henti 1,สงครามหยาดน้ำตาแห่งสายฝน 1,th-TH
Baku Hantam Tanpa Henti 10,สงครามหยาดน้ำตาแห่งสายฝน 10,th-TH
Baku Hantam Tanpa Henti 2,สงครามหยาดน้ำตาแห่งสายฝน 2,th-TH
Baku Hantam Tanpa Henti 3,สงครามหยาดน้ำตาแห่งสายฝน 3,th-TH
Baku Hantam Tanpa Henti 4,สงครามหยาดน้ำตาแห่งสายฝน 4,th-TH
Baku Hantam Tanpa Henti 5,สงครามหยาดน้ำตาแห่งสายฝน 5,th-TH
Baku Hantam Tanpa Henti 6,สงครามหยาดน้ำตาแห่งสายฝน 6,th-TH
Baku Hantam Tanpa Henti 7,สงครามหยาดน้ำตาแห่งสายฝน 7,th-TH
Baku Hantam Tanpa Henti 8,สงครามหยาดน้ำตาแห่งสายฝน 8,th-TH
Baku Hantam Tanpa Henti 9,สงครามหยาดน้ำตาแห่งสายฝน 9,th-TH
Berkat Amber,พรแห่งอำพัน,th-TH
Berkat Amber 1,พรแห่งอำพันขั้นที่ 1,th-TH
Berkat Amber 10,พรแห่งอำพันขั้นที่ 10,th-TH
Berkat Amber 2,พรแห่งอำพันขั้นที่ 2,th-TH
Berkat Amber 3,พรแห่งอำพันขั้นที่ 3,th-TH
Berkat Amber 4,พรแห่งอำพันขั้นที่ 4,th-TH
Berkat Amber 5,พรแห่งอำพันขั้นที่ 5,th-TH
Berkat Amber 6,พรแห่งอำพันขั้นที่ 6,th-TH
Berkat Amber 7,พรแห่งอำพันขั้นที่ 7,th-TH
Berkat Amber 8,พรแห่งอำพันขั้นที่ 8,th-TH
Berkat Amber 9,พรแห่งอำพันขั้นที่ 9,th-TH
Besta de Icor,อสูรร้ายโลหิตทอง,th-TH
Besta de Icor: Dificuldade 1,อสูรร้ายโลหิตทอง: ความยาก 01,th-TH
Besta de Icor: Dificuldade 2,อสูรร้ายโลหิตทอง: ความยาก 02,th-TH
Besta de Icor: Dificuldade 3,อสูรร้ายโลหิตทอง: ความยาก 03,th-TH
Besta de Icor: Dificuldade 4,อสูรร้ายโลหิตทอง: ความยาก 04,th-TH
Bisnis Rekayasa,ธุรกิจสร้างเรื่องราว,th-TH
Bisnis Rekayasa 1,ธุรกิจสร้างเรื่องราว 1,th-TH
Bisnis Rekayasa 2,ธุรกิจสร้างเรื่องราว 2,th-TH
Bisnis Rekayasa 3,ธุรกิจสร้างเรื่องราว 3,th-TH
Bisnis Rekayasa 4,ธุรกิจสร้างเรื่องราว 4,th-TH
Breached Nest,รังมดพังเขื่อน,th-TH
Breached Nest (I),รังมดพังเขื่อน 1,th-TH
Breached Nest (II),รังมดพังเขื่อน 2,th-TH
Breached Nest (III),รังมดพังเขื่อน 3,th-TH
Breached Nest (IV),รังมดพังเขื่อน 4,th-TH
Breached Nest (IX),รังมดพังเขื่อน 9,th-TH
Breached Nest (V),รังมดพังเขื่อน 5,th-TH
Breached Nest (VI),รังมดพังเขื่อน 6,th-TH
Breached Nest (VII),รังมดพังเขื่อน 7,th-TH
Breached Nest (VIII),รังมดพังเขื่อน 8,th-TH
Breached Nest (X),รังมดพังเขื่อน 10,th-TH
Breached Nest (XI),รังมดพังเขื่อน 11,th-TH
Breached Nest (XII),รังมดพังเขื่อน 12,th-TH
Breath of the Othershore,ลมหายใจในอีกฟาก,th-TH
Breath of the Othershore (I),ลมหายใจในอีกฟาก 1,th-TH
Breath of the Othershore (II),ลมหายใจในอีกฟาก 2,th-TH
Breath of the Othershore (III),ลมหายใจในอีกฟาก 3,th-TH
Breath of the Othershore (IV),ลมหายใจในอีกฟาก 4,th-TH
Breath of the Othershore (IX),ลมหายใจในอีกฟาก 9,th-TH
Breath of the Othershore (V),ลมหายใจในอีกฟาก 5,th-TH
Breath of the Othershore (VI),ลมหายใจในอีกฟาก 6,th-TH
Breath of the Othershore (VII),ลมหายใจในอีกฟาก 7,th-TH
Breath of the Othershore (VIII),ลมหายใจในอีกฟาก 8,th-TH
Breath of the Othershore (X),ลมหายใจในอีกฟาก 10,th-TH
Breath of the Othershore (XI),ลมหายใจในอีกฟาก 11,th-TH
Breath of the Othershore (XII),ลมหายใจในอีกฟาก 12,th-TH
Bronzemedaille „Cyber-Krise“,"เหรียญเวอริเดียนบรอนซ์ ""เครือข่ายผันผวน""",th-TH
Bronzemedaille „Das summende Gelächter“,"เหรียญเวอริเดียนบรอนซ์ ""หึ่งหั่งดั่งเสียงขำ""",th-TH
Bronzemedaille „Grammatik des Glücks“,"เหรียญเวอริเดียนบรอนซ์ ""ไวยากรณ์ความสุข""",th-TH
Bronzemedaille „Leg dich nicht mit Pom-Pom an“,"เหรียญเวอริเดียนบรอนซ์ ""อย่าแหย่ Pom-Pom""",th-TH
Bronzemedaille „Rückkehr der Legion“,"เหรียญเวอริเดียนบรอนซ์ ""กองทัพหวนคืน""",th-TH
Bronzemedaille „Umkränzt von der Welt“,"เหรียญเวอริเดียนบรอนซ์ ""ในม้วนตำราโลกธุลี""",th-TH
Brèche dans la digue,รังมดพังเขื่อน,th-TH
Brèche dans la digue (I),รังมดพังเขื่อน 1,th-TH
Brèche dans la digue (II),รังมดพังเขื่อน 2,th-TH
Brèche dans la digue (III),รังมดพังเขื่อน 3,th-TH
Brèche dans la digue (IV),รังมดพังเขื่อน 4,th-TH
Brèche dans la digue (IX),รังมดพังเขื่อน 9,th-TH
Brèche dans la digue (V),รังมดพังเขื่อน 5,th-TH
Brèche dans la digue (VI),รังมดพังเขื่อน 6,th-TH
Brèche dans la digue (VII),รังมดพังเขื่อน 7,th-TH
Brèche dans la digue (VIII),รังมดพังเขื่อน 8,th-TH
Brèche dans la digue (X),รังมดพังเขื่อน 10,th-TH
Brèche dans la digue (XI),รังมดพังเขื่อน 11,th-TH
Brèche dans la digue (XII),รังมดพังเขื่อน 12,th-TH
Bulan Merah Menelan Serigala,จันทร์ชาดกลืนสิงคาล,th-TH
Bulan Merah Menelan Serigala 1,จันทร์ชาดกลืนสิงคาล 1,th-TH
Bulan Merah Menelan Serigala 10,จันทร์ชาดกลืนสิงคาล 10,th-TH
Bulan Merah Menelan Serigala 11,จันทร์ชาดกลืนสิงคาล 11,th-TH
Bulan Merah Menelan Serigala 12,จันทร์ชาดกลืนสิงคาล 12,th-TH
Bulan Merah Menelan Serigala 2,จันทร์ชาดกลืนสิงคาล 2,th-TH
Bulan Merah Menelan Serigala 3,จันทร์ชาดกลืนสิงคาล 3,th-TH
Bulan Merah Menelan Serigala 4,จันทร์ชาดกลืนสิงคาล 4,th-TH
Bulan Merah Menelan Serigala 5,จันทร์ชาดกลืนสิงคาล 5,th-TH
Bulan Merah Menelan Serigala 6,จันทร์ชาดกลืนสิงคาล 6,th-TH
Bulan Merah Menelan Serigala 7,จันทร์ชาดกลืนสิงคาล 7,th-TH
Bulan Merah Menelan Serigala 8,จันทร์ชาดกลืนสิงคาล 8,th-TH
Bulan Merah Menelan Serigala 9,จันทร์ชาดกลืนสิงคาล 9,th-TH
Busca Hiperbórea pelo Calor,ย่ำน้ำแข็งแสวงเพลิง,th-TH
Bändigung der Baumwurzeln,การปราบรากศักดิ์สิทธิ์,th-TH
Bändigung der Baumwurzeln I,การปราบรากศักดิ์สิทธิ์ 1,th-TH
Bändigung der Baumwurzeln II,การปราบรากศักดิ์สิทธิ์ 2,th-TH
Bändigung der Baumwurzeln III,การปราบรากศักดิ์สิทธิ์ 3,th-TH
Bändigung der Baumwurzeln IV,การปราบรากศักดิ์สิทธิ์ 4,th-TH
Bändigung der Baumwurzeln IX,การปราบรากศักดิ์สิทธิ์ 9,th-TH
Bändigung der Baumwurzeln V,การปราบรากศักดิ์สิทธิ์ 5,th-TH
Bändigung der Baumwurzeln VI,การปราบรากศักดิ์สิทธิ์ 6,th-TH
Bändigung der Baumwurzeln VII,การปราบรากศักดิ์สิทธิ์ 7,th-TH
Bändigung der Baumwurzeln VIII,การปราบรากศักดิ์สิทธิ์ 8,th-TH
Bändigung der Baumwurzeln X,การปราบรากศักดิ์สิทธิ์ 10,th-TH
Bête d'ichor,อสูรร้ายโลหิตทอง,th-TH
Bête d'ichor : Difficulté 1,อสูรร้ายโลหิตทอง: ความยาก 01,th-TH
Bête d'ichor : Difficulté 2,อสูรร้ายโลหิตทอง: ความยาก 02,th-TH
Bête d'ichor : Difficulté 3,อสูรร้ายโลหิตทอง: ความยาก 03,th-TH
Bête d'ichor : Difficulté 4,อสูรร้ายโลหิตทอง: ความยาก 04,th-TH
Bí Mật Thành Trì Sừng Sững,สิ่งตกทอดของป้อมปราการที่สูงตระหง่าน,th-TH
Bí Ẩn Không Gian,ปริศนาในห้วงอวกาศ,th-TH
Bí Ẩn Không Gian 1,ปริศนาในห้วงอวกาศ 1,th-TH
Bí Ẩn Không Gian 10,ปริศนาในห้วงอวกาศ 10,th-TH
Bí Ẩn Không Gian 11,ปริศนาในห้วงอวกาศ 11,th-TH
Bí Ẩn Không Gian 12,ปริศนาในห้วงอวกาศ 12,th-TH
Bí Ẩn Không Gian 2,ปริศนาในห้วงอวกาศ 2,th-TH
Bí Ẩn Không Gian 3,ปริศนาในห้วงอวกาศ 3,th-TH
Bí Ẩn Không Gian 4,ปริศนาในห้วงอวกาศ 4,th-TH
Bí Ẩn Không Gian 5,ปริศนาในห้วงอวกาศ 5,th-TH
Bí Ẩn Không Gian 6,ปริศนาในห้วงอวกาศ 6,th-TH
Bí Ẩn Không Gian 7,ปริศนาในห้วงอวกาศ 7,th-TH
Bí Ẩn Không Gian 8,ปริศนาในห้วงอวกาศ 8,th-TH
Bí Ẩn Không Gian 9,ปริศนาในห้วงอวกาศ 9,th-TH
Bí Ẩn Mạng,ปริศนาไซเบอร์,th-TH
Bí Ẩn Mạng 1,ปริศนาไซเบอร์ 1,th-TH
Bí Ẩn Mạng 10,ปริศนาไซเบอร์ 10,th-TH
Bí Ẩn Mạng 11,ปริศนาไซเบอร์ 11,th-TH
Bí Ẩn Mạng 12,ปริศนาไซเบอร์ 12,th-TH
Bí Ẩn Mạng 2,ปริศนาไซเบอร์ 2,th-TH
Bí Ẩn Mạng 3,ปริศนาไซเบอร์ 3,th-TH
Bí Ẩn Mạng 4,ปริศนาไซเบอร์ 4,th-TH
Bí Ẩn Mạng 5,ปริศนาไซเบอร์ 5,th-TH
Bí Ẩn Mạng 6,ปริศนาไซเบอร์ 6,th-TH
Bí Ẩn Mạng 7,ปริศนาไซเบอร์ 7,th-TH
Bí Ẩn Mạng 8,ปริศนาไซเบอร์ 8,th-TH
Bí Ẩn Mạng 9,ปริศนาไซเบอร์ 9,th-TH
Bữa Tiệc Hoang Dã,ช่วงเวลาแห่งงานฉลอง,th-TH
Bữa Tiệc Hoang Dã 1,ช่วงเวลาแห่งงานฉลอง 1,th-TH
Bữa Tiệc Hoang Dã 10,ช่วงเวลาแห่งงานฉลอง 10,th-TH
Bữa Tiệc Hoang Dã 11,ช่วงเวลาแห่งงานฉลอง 11,th-TH
Bữa Tiệc Hoang Dã 12,ช่วงเวลาแห่งงานฉลอง 12,th-TH
Bữa Tiệc Hoang Dã 2,ช่วงเวลาแห่งงานฉลอง 2,th-TH
Bữa Tiệc Hoang Dã 3,ช่วงเวลาแห่งงานฉลอง 3,th-TH
Bữa Tiệc Hoang Dã 4,ช่วงเวลาแห่งงานฉลอง 4,th-TH
Bữa Tiệc Hoang Dã 5,ช่วงเวลาแห่งงานฉลอง 5,th-TH
Bữa Tiệc Hoang Dã 6,ช่วงเวลาแห่งงานฉลอง 6,th-TH
Bữa Tiệc Hoang Dã 7,ช่วงเวลาแห่งงานฉลอง 7,th-TH
Bữa Tiệc Hoang Dã 8,ช่วงเวลาแห่งงานฉลอง 8,th-TH
Bữa Tiệc Hoang Dã 9,ช่วงเวลาแห่งงานฉลอง 9,th-TH
Caballero I,อัศวิน (1),th-TH
Caballero II,อัศวิน (2),th-TH
Caballero III,อัศวิน (3),th-TH
Caballero Primate: Dificultad 1,อัศวินวานร - ความยาก 01,th-TH
Caballero Primate: Dificultad 2,อัศวินวานร - ความยาก 02,th-TH
Caballero Primate: Dificultad 3,อัศวินวานร - ความยาก 03,th-TH
Caballero Primate: Dificultad 4,อัศวินวานร - ความยาก 04,th-TH
Caballero de la vanguardia,อัศวินกองหน้า,th-TH
Caballero de la vanguardia: Dificultad 1,อัศวินกองหน้า: ความยาก 01,th-TH
Caballero de la vanguardia: Dificultad 2,อัศวินกองหน้า: ความยาก 02,th-TH
Caballero de la vanguardia: Dificultad 3,อัศวินกองหน้า: ความยาก 03,th-TH
Caballero de la vanguardia: Dificultad 4,อัศวินกองหน้า: ความยาก 04,th-TH
Caballero del vendaval,อัศวินวายุ,th-TH
Caballero del vendaval: Dificultad 1,อัศวินวายุ: ความยาก 01,th-TH
Caballero del vendaval: Dificultad 2,อัศวินวายุ: ความยาก 02,th-TH
Caballero del vendaval: Dificultad 3,อัศวินวายุ: ความยาก 03,th-TH
Caballero del vendaval: Dificultad 4,อัศวินวายุ: ความยาก 04,th-TH
Caballero primate,อัศวินวานร,th-TH
Cahaya yang Menyala Kembali,แสงที่ลุกโชนอีกครา,th-TH
Cahaya yang Menyala Kembali 1,แสงที่ลุกโชนอีกครา 1,th-TH
Cahaya yang Menyala Kembali 10,แสงที่ลุกโชนอีกครา 10,th-TH
Cahaya yang Menyala Kembali 11,แสงที่ลุกโชนอีกครา 11,th-TH
Cahaya yang Menyala Kembali 12,แสงที่ลุกโชนอีกครา 12,th-TH
Cahaya yang Menyala Kembali 2,แสงที่ลุกโชนอีกครา 2,th-TH
Cahaya yang Menyala Kembali 3,แสงที่ลุกโชนอีกครา 3,th-TH
Cahaya yang Menyala Kembali 4,แสงที่ลุกโชนอีกครา 4,th-TH
Cahaya yang Menyala Kembali 5,แสงที่ลุกโชนอีกครา 5,th-TH
Cahaya yang Menyala Kembali 6,แสงที่ลุกโชนอีกครา 6,th-TH
Cahaya yang Menyala Kembali 7,แสงที่ลุกโชนอีกครา 7,th-TH
Cahaya yang Menyala Kembali 8,แสงที่ลุกโชนอีกครา 8,th-TH
Cahaya yang Menyala Kembali 9,แสงที่ลุกโชนอีกครา 9,th-TH
Caos Enganoso,คำลวงที่กลับกลอก,th-TH
Caos Enganoso (I),คำลวงที่กลับกลอก 1,th-TH
Caos Enganoso (II),คำลวงที่กลับกลอก 2,th-TH
Caos Enganoso (III),คำลวงที่กลับกลอก 3,th-TH
Caos Enganoso (IV),คำลวงที่กลับกลอก 4,th-TH
Caos engañoso,คำลวงที่กลับกลอก,th-TH
Caos engañoso I,คำลวงที่กลับกลอก 1,th-TH
Caos engañoso II,คำลวงที่กลับกลอก 2,th-TH
Caos engañoso III,คำลวงที่กลับกลอก 3,th-TH
Caos engañoso IV,คำลวงที่กลับกลอก 4,th-TH
Catatan Kerajaan Mimpi Malam yang Terang,บันทึกแดนแห่งฝันในราตรีสีขาว,th-TH
Catatan Kerajaan Mimpi Malam yang Terang 1,บันทึกแดนแห่งฝันในราตรีสีขาว 1,th-TH
Catatan Kerajaan Mimpi Malam yang Terang 10,บันทึกแดนแห่งฝันในราตรีสีขาว 10,th-TH
Catatan Kerajaan Mimpi Malam yang Terang 11,บันทึกแดนแห่งฝันในราตรีสีขาว 11,th-TH
Catatan Kerajaan Mimpi Malam yang Terang 12,บันทึกแดนแห่งฝันในราตรีสีขาว 12,th-TH
Catatan Kerajaan Mimpi Malam yang Terang 2,บันทึกแดนแห่งฝันในราตรีสีขาว 2,th-TH
Catatan Kerajaan Mimpi Malam yang Terang 3,บันทึกแดนแห่งฝันในราตรีสีขาว 3,th-TH
Catatan Kerajaan Mimpi Malam yang Terang 4,บันทึกแดนแห่งฝันในราตรีสีขาว 4,th-TH
Catatan Kerajaan Mimpi Malam yang Terang 5,บันทึกแดนแห่งฝันในราตรีสีขาว 5,th-TH
Catatan Kerajaan Mimpi Malam yang Terang 6,บันทึกแดนแห่งฝันในราตรีสีขาว 6,th-TH
Catatan Kerajaan Mimpi Malam yang Terang 7,บันทึกแดนแห่งฝันในราตรีสีขาว 7,th-TH
Catatan Kerajaan Mimpi Malam yang Terang 8,บันทึกแดนแห่งฝันในราตรีสีขาว 8,th-TH
Catatan Kerajaan Mimpi Malam yang Terang 9,บันทึกแดนแห่งฝันในราตรีสีขาว 9,th-TH
Catatan Merantau,จากบ้านจากเมือง,th-TH
Catatan Merantau 1,จากบ้านจากเมือง 1,th-TH
Catatan Merantau 10,จากบ้านจากเมือง 10,th-TH
Catatan Merantau 11,จากบ้านจากเมือง 11,th-TH
Catatan Merantau 12,จากบ้านจากเมือง 12,th-TH
Catatan Merantau 2,จากบ้านจากเมือง 2,th-TH
Catatan Merantau 3,จากบ้านจากเมือง 3,th-TH
Catatan Merantau 4,จากบ้านจากเมือง 4,th-TH
Catatan Merantau 5,จากบ้านจากเมือง 5,th-TH
Catatan Merantau 6,จากบ้านจากเมือง 6,th-TH
Catatan Merantau 7,จากบ้านจากเมือง 7,th-TH
Catatan Merantau 8,จากบ้านจากเมือง 8,th-TH
Catatan Merantau 9,จากบ้านจากเมือง 9,th-TH
Catatan Pelayaran Kapal Pencari Keabadian,บันทึกของเรือแสวงหายาอมตะ,th-TH
Category Mistake,ตรรกะผิดหมวด,th-TH
Category Mistake (I),ตรรกะผิดหมวด 1,th-TH
Category Mistake (II),ตรรกะผิดหมวด 2,th-TH
Category Mistake (III),ตรรกะผิดหมวด 3,th-TH
Category Mistake (IV),ตรรกะผิดหมวด 4,th-TH
Category Mistake (IX),ตรรกะผิดหมวด 9,th-TH
Category Mistake (V),ตรรกะผิดหมวด 5,th-TH
Category Mistake (VI),ตรรกะผิดหมวด 6,th-TH
Category Mistake (VII),ตรรกะผิดหมวด 7,th-TH
Category Mistake (VIII),ตรรกะผิดหมวด 8,th-TH
Category Mistake (X),ตรรกะผิดหมวด 10,th-TH
Category Mistake (XI),ตรรกะผิดหมวด 11,th-TH
Category Mistake (XII),ตรรกะผิดหมวด 12,th-TH
Catástrofe Flamejante e Viva,ภัยแห่งชีวิตและเปลวเพลิง,th-TH
Catástrofe Viviente y Catástrofe Ardiente,ภัยแห่งชีวิตและเปลวเพลิง,th-TH
Catástrofe Viviente y Catástrofe Ardiente I,ภัยแห่งชีวิตและเปลวเพลิง 1,th-TH
Catástrofe Viviente y Catástrofe Ardiente II,ภัยแห่งชีวิตและเปลวเพลิง 2,th-TH
Catástrofe Viviente y Catástrofe Ardiente III,ภัยแห่งชีวิตและเปลวเพลิง 3,th-TH
Catástrofe Viviente y Catástrofe Ardiente IV,ภัยแห่งชีวิตและเปลวเพลิง 4,th-TH
Catástrofe Viviente y Catástrofe Ardiente IX,ภัยแห่งชีวิตและเปลวเพลิง 9,th-TH
Catástrofe Viviente y Catástrofe Ardiente V,ภัยแห่งชีวิตและเปลวเพลิง 5,th-TH
Catástrofe Viviente y Catástrofe Ardiente VI,ภัยแห่งชีวิตและเปลวเพลิง 6,th-TH
Catástrofe Viviente y Catástrofe Ardiente VII,ภัยแห่งชีวิตและเปลวเพลิง 7,th-TH
Catástrofe Viviente y Catástrofe Ardiente VIII,ภัยแห่งชีวิตและเปลวเพลิง 8,th-TH
Catástrofe Viviente y Catástrofe Ardiente X,ภัยแห่งชีวิตและเปลวเพลิง 10,th-TH
Catástrofes Flamejantes e Vivas Estágio 1,ภัยแห่งชีวิตและเปลวเพลิง 1,th-TH
Catástrofes Flamejantes e Vivas Estágio 10,ภัยแห่งชีวิตและเปลวเพลิง 10,th-TH
Catástrofes Flamejantes e Vivas Estágio 2,ภัยแห่งชีวิตและเปลวเพลิง 2,th-TH
Catástrofes Flamejantes e Vivas Estágio 3,ภัยแห่งชีวิตและเปลวเพลิง 3,th-TH
Catástrofes Flamejantes e Vivas Estágio 4,ภัยแห่งชีวิตและเปลวเพลิง 4,th-TH
Catástrofes Flamejantes e Vivas Estágio 5,ภัยแห่งชีวิตและเปลวเพลิง 5,th-TH
Catástrofes Flamejantes e Vivas Estágio 6,ภัยแห่งชีวิตและเปลวเพลิง 6,th-TH
Catástrofes Flamejantes e Vivas Estágio 7,ภัยแห่งชีวิตและเปลวเพลิง 7,th-TH
Catástrofes Flamejantes e Vivas Estágio 8,ภัยแห่งชีวิตและเปลวเพลิง 8,th-TH
Catástrofes Flamejantes e Vivas Estágio 9,ภัยแห่งชีวิตและเปลวเพลิง 9,th-TH
Caudillo del Enjambre,ขุนศึกมวลแมลง,th-TH
Caudillo del Enjambre: Dificultad 1,ขุนศึกมวลแมลง: ความยาก 01,th-TH
Caudillo del Enjambre: Dificultad 2,ขุนศึกมวลแมลง: ความยาก 02,th-TH
Caudillo del Enjambre: Dificultad 3,ขุนศึกมวลแมลง: ความยาก 03,th-TH
Caudillo del Enjambre: Dificultad 4,ขุนศึกมวลแมลง: ความยาก 04,th-TH
Cavaleiro Primata,อัศวินวานร,th-TH
Cavaleiro Primata: Dificuldade 1,อัศวินวานร - ความยาก 01,th-TH
Cavaleiro Primata: Dificuldade 2,อัศวินวานร - ความยาก 02,th-TH
Cavaleiro Primata: Dificuldade 3,อัศวินวานร - ความยาก 03,th-TH
Cavaleiro Primata: Dificuldade 4,อัศวินวานร - ความยาก 04,th-TH
Cavaleiro da Vanguarda,อัศวินกองหน้า,th-TH
Cavaleiro da Vanguarda: Dificuldade 01,อัศวินกองหน้า: ความยาก 01,th-TH
Cavaleiro da Vanguarda: Dificuldade 02,อัศวินกองหน้า: ความยาก 02,th-TH
Cavaleiro da Vanguarda: Dificuldade 03,อัศวินกองหน้า: ความยาก 03,th-TH
Cavaleiro da Vanguarda: Dificuldade 04,อัศวินกองหน้า: ความยาก 04,th-TH
Cavaleiro do Vendaval,อัศวินวายุ,th-TH
Cavaleiro do Vendaval: Dificuldade 1,อัศวินวายุ: ความยาก 01,th-TH
Cavaleiro do Vendaval: Dificuldade 2,อัศวินวายุ: ความยาก 02,th-TH
Cavaleiro do Vendaval: Dificuldade 3,อัศวินวายุ: ความยาก 03,th-TH
Cavaleiro do Vendaval: Dificuldade 4,อัศวินวายุ: ความยาก 04,th-TH
Cavalier (I),อัศวิน (1),th-TH
Cavalier (II),อัศวิน (2),th-TH
Cavalier (III),อัศวิน (3),th-TH
Cavalier d'avant-garde,อัศวินกองหน้า,th-TH
Cavalier d'avant-garde : Difficulté 1,อัศวินกองหน้า: ความยาก 01,th-TH
Cavalier d'avant-garde : Difficulté 2,อัศวินกองหน้า: ความยาก 02,th-TH
Cavalier d'avant-garde : Difficulté 3,อัศวินกองหน้า: ความยาก 03,th-TH
Cavalier d'avant-garde : Difficulté 4,อัศวินกองหน้า: ความยาก 04,th-TH
Cavalier primate,อัศวินวานร,th-TH
Cavalier primate : Difficulté 1,อัศวินวานร - ความยาก 01,th-TH
Cavalier primate : Difficulté 2,อัศวินวานร - ความยาก 02,th-TH
Cavalier primate : Difficulté 3,อัศวินวานร - ความยาก 03,th-TH
Cavalier primate : Difficulté 4,อัศวินวานร - ความยาก 04,th-TH
Cavalo (I),อัศวิน (1),th-TH
Cavalo (II),อัศวิน (2),th-TH
Cavalo (III),อัศวิน (3),th-TH
Celebración desenfrenada,ช่วงเวลาแห่งงานฉลอง,th-TH
Celebración desenfrenada I,ช่วงเวลาแห่งงานฉลอง 1,th-TH
Celebración desenfrenada II,ช่วงเวลาแห่งงานฉลอง 2,th-TH
Celebración desenfrenada III,ช่วงเวลาแห่งงานฉลอง 3,th-TH
Celebración desenfrenada IV,ช่วงเวลาแห่งงานฉลอง 4,th-TH
Celebración desenfrenada IX,ช่วงเวลาแห่งงานฉลอง 9,th-TH
Celebración desenfrenada V,ช่วงเวลาแห่งงานฉลอง 5,th-TH
Celebración desenfrenada VI,ช่วงเวลาแห่งงานฉลอง 6,th-TH
Celebración desenfrenada VII,ช่วงเวลาแห่งงานฉลอง 7,th-TH
Celebración desenfrenada VIII,ช่วงเวลาแห่งงานฉลอง 8,th-TH
Celebración desenfrenada X,ช่วงเวลาแห่งงานฉลอง 10,th-TH
Celebración desenfrenada XI,ช่วงเวลาแห่งงานฉลอง 11,th-TH
Celebración desenfrenada XII,ช่วงเวลาแห่งงานฉลอง 12,th-TH
Celestial Lupine,ผู้วิเศษสิงคาล,th-TH
Celestial Lupine: Difficulty 1,ผู้วิเศษสิงคาล: ความยาก 01,th-TH
Celestial Lupine: Difficulty 2,ผู้วิเศษสิงคาล: ความยาก 02,th-TH
Celestial Lupine: Difficulty 3,ผู้วิเศษสิงคาล: ความยาก 03,th-TH
Celestial Lupine: Difficulty 4,ผู้วิเศษสิงคาล: ความยาก 04,th-TH
Chaos perfide,คำลวงที่กลับกลอก,th-TH
Chaos perfide (I),คำลวงที่กลับกลอก 1,th-TH
Chaos perfide (II),คำลวงที่กลับกลอก 2,th-TH
Chaos perfide (III),คำลวงที่กลับกลอก 3,th-TH
Chaos perfide (IV),คำลวงที่กลับกลอก 4,th-TH
Chaos à bord,เรือหลงทิศ,th-TH
Chaos à bord (I),เรือหลงทิศ 1,th-TH
Chaos à bord (II),เรือหลงทิศ 2,th-TH
Chaos à bord (III),เรือหลงทิศ 3,th-TH
Chaos à bord (IV),เรือหลงทิศ 4,th-TH
Chaos à bord (IX),เรือหลงทิศ 9,th-TH
Chaos à bord (V),เรือหลงทิศ 5,th-TH
Chaos à bord (VI),เรือหลงทิศ 6,th-TH
Chaos à bord (VII),เรือหลงทิศ 7,th-TH
Chaos à bord (VIII),เรือหลงทิศ 8,th-TH
Chaos à bord (X),เรือหลงทิศ 10,th-TH
Chaos à bord (XI),เรือหลงทิศ 11,th-TH
Chaos à bord (XII),เรือหลงทิศ 12,th-TH
Chaosstiftung,คำลวงที่กลับกลอก,th-TH
Chaosstiftung I,คำลวงที่กลับกลอก 1,th-TH
Chaosstiftung II,คำลวงที่กลับกลอก 2,th-TH
Chaosstiftung III,คำลวงที่กลับกลอก 3,th-TH
Chaosstiftung IV,คำลวงที่กลับกลอก 4,th-TH
Chapitre final (I),อวสานละคร 1,th-TH
Chapitre final (II),อวสานละคร 2,th-TH
Chapitre final (III),อวสานละคร 3,th-TH
Chapitre final (IV),อวสานละคร 4,th-TH
Chapitre final (IX),อวสานละคร 9,th-TH
Chapitre final (V),อวสานละคร 5,th-TH
Chapitre final (VI),อวสานละคร 6,th-TH
Chapitre final (VII),อวสานละคร 7,th-TH
Chapitre final (VIII),อวสานละคร 8,th-TH
Chapitre final (X),อวสานละคร 10,th-TH
Chapitre final (XI),อวสานละคร 11,th-TH
Chapitre final (XII),อวสานละคร 12,th-TH
Chevaliers cyclone,อัศวินวายุ,th-TH
Chevaliers cyclone : Difficulté 1,อัศวินวายุ: ความยาก 01,th-TH
Chevaliers cyclone : Difficulté 2,อัศวินวายุ: ความยาก 02,th-TH
Chevaliers cyclone : Difficulté 3,อัศวินวายุ: ความยาก 03,th-TH
Chevaliers cyclone : Difficulté 4,อัศวินวายุ: ความยาก 04,th-TH
Chi Phối Gió Lốc,วายุครอบงำ,th-TH
Chi Phối Gió Lốc: Độ Khó 1,วายุครอบงำ: ความยาก 01,th-TH
Chi Phối Gió Lốc: Độ Khó 2,วายุครอบงำ: ความยาก 02,th-TH
Chi Phối Gió Lốc: Độ Khó 3,วายุครอบงำ: ความยาก 03,th-TH
Chi Phối Gió Lốc: Độ Khó 4,วายุครอบงำ: ความยาก 04,th-TH
Chi Phối U Ám,อนธการครอบงำ,th-TH
Chi Phối U Ám: Độ Khó 1,อนธการครอบงำ: ความยาก 01,th-TH
Chi Phối U Ám: Độ Khó 2,อนธการครอบงำ: ความยาก 02,th-TH
Chi Phối U Ám: Độ Khó 3,อนธการครอบงำ: ความยาก 03,th-TH
Chi Phối U Ám: Độ Khó 4,อนธการครอบงำ: ความยาก 04,th-TH
Chiến Thủ Minh Hoàng,ขุนศึกมวลแมลง,th-TH
Chiến Thủ Minh Hoàng: Độ Khó 1,ขุนศึกมวลแมลง: ความยาก 01,th-TH
Chiến Thủ Minh Hoàng: Độ Khó 2,ขุนศึกมวลแมลง: ความยาก 02,th-TH
Chiến Thủ Minh Hoàng: Độ Khó 3,ขุนศึกมวลแมลง: ความยาก 03,th-TH
Chiến Thủ Minh Hoàng: Độ Khó 4,ขุนศึกมวลแมลง: ความยาก 04,th-TH
Chiến Thủ Thiên Lang,ขุนศึกสิงคาล,th-TH
Chiến Thủ Thiên Lang: Độ Khó 1,ขุนศึกสิงคาล: ความยาก 01,th-TH
Chiến Thủ Thiên Lang: Độ Khó 2,ขุนศึกสิงคาล: ความยาก 02,th-TH
Chiến Thủ Thiên Lang: Độ Khó 3,ขุนศึกสิงคาล: ความยาก 03,th-TH
Chiến Thủ Thiên Lang: Độ Khó 4,ขุนศึกสิงคาล: ความยาก 04,th-TH
Chiếu Hết,รุกฆาตราชา,th-TH
Chroniken des Traumlands der weißen Nächte,บันทึกแดนแห่งฝันในราตรีสีขาว,th-TH
Chroniken des Traumlands der weißen Nächte I,บันทึกแดนแห่งฝันในราตรีสีขาว 1,th-TH
Chroniken des Traumlands der weißen Nächte II,บันทึกแดนแห่งฝันในราตรีสีขาว 2,th-TH
Chroniken des Traumlands der weißen Nächte III,บันทึกแดนแห่งฝันในราตรีสีขาว 3,th-TH
Chroniken des Traumlands der weißen Nächte IV,บันทึกแดนแห่งฝันในราตรีสีขาว 4,th-TH
Chroniken des Traumlands der weißen Nächte IX,บันทึกแดนแห่งฝันในราตรีสีขาว 9,th-TH
Chroniken des Traumlands der weißen Nächte V,บันทึกแดนแห่งฝันในราตรีสีขาว 5,th-TH
Chroniken des Traumlands der weißen Nächte VI,บันทึกแดนแห่งฝันในราตรีสีขาว 6,th-TH
Chroniken des Traumlands der weißen Nächte VII,บันทึกแดนแห่งฝันในราตรีสีขาว 7,th-TH
Chroniken des Traumlands der weißen Nächte VIII,บันทึกแดนแห่งฝันในราตรีสีขาว 8,th-TH
Chroniken des Traumlands der weißen Nächte X,บันทึกแดนแห่งฝันในราตรีสีขาว 10,th-TH
Chroniken des Traumlands der weißen Nächte XI,บันทึกแดนแห่งฝันในราตรีสีขาว 11,th-TH
Chroniken des Traumlands der weißen Nächte XII,บันทึกแดนแห่งฝันในราตรีสีขาว 12,th-TH
Chroniques des nuits blanches,บันทึกแดนแห่งฝันในราตรีสีขาว,th-TH
Chroniques des nuits blanches I,บันทึกแดนแห่งฝันในราตรีสีขาว 1,th-TH
Chroniques des nuits blanches II,บันทึกแดนแห่งฝันในราตรีสีขาว 2,th-TH
Chroniques des nuits blanches III,บันทึกแดนแห่งฝันในราตรีสีขาว 3,th-TH
Chroniques des nuits blanches IV,บันทึกแดนแห่งฝันในราตรีสีขาว 4,th-TH
Chroniques des nuits blanches IX,บันทึกแดนแห่งฝันในราตรีสีขาว 9,th-TH
Chroniques des nuits blanches V,บันทึกแดนแห่งฝันในราตรีสีขาว 5,th-TH
Chroniques des nuits blanches VI,บันทึกแดนแห่งฝันในราตรีสีขาว 6,th-TH
Chroniques des nuits blanches VII,บันทึกแดนแห่งฝันในราตรีสีขาว 7,th-TH
Chroniques des nuits blanches VIII,บันทึกแดนแห่งฝันในราตรีสีขาว 8,th-TH
Chroniques des nuits blanches X,บันทึกแดนแห่งฝันในราตรีสีขาว 10,th-TH
Chroniques des nuits blanches XI,บันทึกแดนแห่งฝันในราตรีสีขาว 11,th-TH
Chroniques des nuits blanches XII,บันทึกแดนแห่งฝันในราตรีสีขาว 12,th-TH
Chuyện Kỳ Bí Học Viện,เรื่องลี้ลับในโรงเรียน,th-TH
Chuyện Kỳ Bí Học Viện 1,เรื่องลี้ลับในโรงเรียน 1,th-TH
Chuyện Kỳ Bí Học Viện 10,เรื่องลี้ลับในโรงเรียน 10,th-TH
Chuyện Kỳ Bí Học Viện 11,เรื่องลี้ลับในโรงเรียน 11,th-TH
Chuyện Kỳ Bí Học Viện 12,เรื่องลี้ลับในโรงเรียน 12,th-TH
Chuyện Kỳ Bí Học Viện 2,เรื่องลี้ลับในโรงเรียน 2,th-TH
Chuyện Kỳ Bí Học Viện 3,เรื่องลี้ลับในโรงเรียน 3,th-TH
Chuyện Kỳ Bí Học Viện 4,เรื่องลี้ลับในโรงเรียน 4,th-TH
Chuyện Kỳ Bí Học Viện 5,เรื่องลี้ลับในโรงเรียน 5,th-TH
Chuyện Kỳ Bí Học Viện 6,เรื่องลี้ลับในโรงเรียน 6,th-TH
Chuyện Kỳ Bí Học Viện 7,เรื่องลี้ลับในโรงเรียน 7,th-TH
Chuyện Kỳ Bí Học Viện 8,เรื่องลี้ลับในโรงเรียน 8,th-TH
Chuyện Kỳ Bí Học Viện 9,เรื่องลี้ลับในโรงเรียน 9,th-TH
Chỉ Huy Chi Phối,ควบคุมและบัญชา,th-TH
Chỉ Huy Chi Phối: Độ Khó 1,ควบคุมและบัญชา: ความยาก 01,th-TH
Chỉ Huy Chi Phối: Độ Khó 2,ควบคุมและบัญชา: ความยาก 02,th-TH
Chỉ Huy Chi Phối: Độ Khó 3,ควบคุมและบัญชา: ความยาก 03,th-TH
Chỉ Huy Chi Phối: Độ Khó 4,ควบคุมและบัญชา: ความยาก 04,th-TH
Clichéd Sayings,ถ้อยคำจำเจ,th-TH
Clichéd Sayings (I),ถ้อยคำจำเจ 1,th-TH
Clichéd Sayings (II),ถ้อยคำจำเจ 2,th-TH
Clichéd Sayings (III),ถ้อยคำจำเจ 3,th-TH
Clichéd Sayings (IV),ถ้อยคำจำเจ 4,th-TH
Coldiron Tribulation,ลับคมเหล็กเหมันต์,th-TH
Coldiron Tribulation (I),ลับคมเหล็กเหมันต์ขั้นที่ 1,th-TH
Coldiron Tribulation (II),ลับคมเหล็กเหมันต์ขั้นที่ 2,th-TH
Coldiron Tribulation (III),ลับคมเหล็กเหมันต์ขั้นที่ 3,th-TH
Coldiron Tribulation (IV),ลับคมเหล็กเหมันต์ขั้นที่ 4,th-TH
Coldiron Tribulation (IX),ลับคมเหล็กเหมันต์ขั้นที่ 9,th-TH
Coldiron Tribulation (V),ลับคมเหล็กเหมันต์ขั้นที่ 5,th-TH
Coldiron Tribulation (VI),ลับคมเหล็กเหมันต์ขั้นที่ 6,th-TH
Coldiron Tribulation (VII),ลับคมเหล็กเหมันต์ขั้นที่ 7,th-TH
Coldiron Tribulation (VIII),ลับคมเหล็กเหมันต์ขั้นที่ 8,th-TH
Coldiron Tribulation (X),ลับคมเหล็กเหมันต์ขั้นที่ 10,th-TH
Colección épica,ชุดบทกวีมหากาพย์,th-TH
Colección épica I,ชุดบทกวีมหากาพย์ 1,th-TH
Colección épica II,ชุดบทกวีมหากาพย์ 2,th-TH
Colección épica III,ชุดบทกวีมหากาพย์ 3,th-TH
Colección épica IV,ชุดบทกวีมหากาพย์ 4,th-TH
Coleção Épica,ชุดบทกวีมหากาพย์,th-TH
Coleção Épica (I),ชุดบทกวีมหากาพย์ 1,th-TH
Coleção Épica (II),ชุดบทกวีมหากาพย์ 2,th-TH
Coleção Épica (III),ชุดบทกวีมหากาพย์ 3,th-TH
Coleção Épica (IV),ชุดบทกวีมหากาพย์ 4,th-TH
Collection épique,ชุดบทกวีมหากาพย์,th-TH
Collection épique (I),ชุดบทกวีมหากาพย์ 1,th-TH
Collection épique (II),ชุดบทกวีมหากาพย์ 2,th-TH
Collection épique (III),ชุดบทกวีมหากาพย์ 3,th-TH
Collection épique (IV),ชุดบทกวีมหากาพย์ 4,th-TH
Conceitos Ilusórios,ปฏิมาบรรยาย,th-TH
Conceitos Ilusórios (I),ปฏิมาบรรยาย 1,th-TH
Conceitos Ilusórios (II),ปฏิมาบรรยาย 2,th-TH
Conceitos Ilusórios (III),ปฏิมาบรรยาย 3,th-TH
Conceitos Ilusórios (IV),ปฏิมาบรรยาย 4,th-TH
Concepts illusoires,ปฏิมาบรรยาย,th-TH
Concepts illusoires (I),ปฏิมาบรรยาย 1,th-TH
Concepts illusoires (II),ปฏิมาบรรยาย 2,th-TH
Concepts illusoires (III),ปฏิมาบรรยาย 3,th-TH
Concepts illusoires (IV),ปฏิมาบรรยาย 4,th-TH
Conflicto de la creación,ปฏิปักษ์แห่งนิรมิต,th-TH
Conflicto de la creación I,ปฏิปักษ์แห่งนิรมิต 1,th-TH
Conflicto de la creación II,ปฏิปักษ์แห่งนิรมิต 2,th-TH
Conflicto de la creación III,ปฏิปักษ์แห่งนิรมิต 3,th-TH
Conflicto de la creación IV,ปฏิปักษ์แห่งนิรมิต 4,th-TH
Conflicto de la creación IX,ปฏิปักษ์แห่งนิรมิต 9,th-TH
Conflicto de la creación V,ปฏิปักษ์แห่งนิรมิต 5,th-TH
Conflicto de la creación VI,ปฏิปักษ์แห่งนิรมิต 6,th-TH
Conflicto de la creación VII,ปฏิปักษ์แห่งนิรมิต 7,th-TH
Conflicto de la creación VIII,ปฏิปักษ์แห่งนิรมิต 8,th-TH
Conflicto de la creación X,ปฏิปักษ์แห่งนิรมิต 10,th-TH
Conflicto de la creación XI,ปฏิปักษ์แห่งนิรมิต 11,th-TH
Conflicto de la creación XII,ปฏิปักษ์แห่งนิรมิต 12,th-TH
Conflit de la Création,ปฏิปักษ์แห่งนิรมิต,th-TH
Conflit de la Création (I),ปฏิปักษ์แห่งนิรมิต 1,th-TH
Conflit de la Création (II),ปฏิปักษ์แห่งนิรมิต 2,th-TH
Conflit de la Création (III),ปฏิปักษ์แห่งนิรมิต 3,th-TH
Conflit de la Création (IV),ปฏิปักษ์แห่งนิรมิต 4,th-TH
Conflit de la Création (IX),ปฏิปักษ์แห่งนิรมิต 9,th-TH
Conflit de la Création (V),ปฏิปักษ์แห่งนิรมิต 5,th-TH
Conflit de la Création (VI),ปฏิปักษ์แห่งนิรมิต 6,th-TH
Conflit de la Création (VII),ปฏิปักษ์แห่งนิรมิต 7,th-TH
Conflit de la Création (VIII),ปฏิปักษ์แห่งนิรมิต 8,th-TH
Conflit de la Création (X),ปฏิปักษ์แห่งนิรมิต 10,th-TH
Conflit de la Création (XI),ปฏิปักษ์แห่งนิรมิต 11,th-TH
Conflit de la Création (XII),ปฏิปักษ์แห่งนิรมิต 12,th-TH
Conflito da Criação,ปฏิปักษ์แห่งนิรมิต,th-TH
Conflito da Criação (I),ปฏิปักษ์แห่งนิรมิต 1,th-TH
Conflito da Criação (II),ปฏิปักษ์แห่งนิรมิต 2,th-TH
Conflito da Criação (III),ปฏิปักษ์แห่งนิรมิต 3,th-TH
Conflito da Criação (IV),ปฏิปักษ์แห่งนิรมิต 4,th-TH
Conflito da Criação (IX),ปฏิปักษ์แห่งนิรมิต 9,th-TH
Conflito da Criação (V),ปฏิปักษ์แห่งนิรมิต 5,th-TH
Conflito da Criação (VI),ปฏิปักษ์แห่งนิรมิต 6,th-TH
Conflito da Criação (VII),ปฏิปักษ์แห่งนิรมิต 7,th-TH
Conflito da Criação (VIII),ปฏิปักษ์แห่งนิรมิต 8,th-TH
Conflito da Criação (X),ปฏิปักษ์แห่งนิรมิต 10,th-TH
Conflito da Criação (XI),ปฏิปักษ์แห่งนิรมิต 11,th-TH
Conflito da Criação (XII),ปฏิปักษ์แห่งนิรมิต 12,th-TH
Confusão Mortal,เหมันต์อนธการ,th-TH
Connotación sonora,เสียงพ้องทำนองซ้อน,th-TH
Connotación sonora I,เสียงพ้องทำนองซ้อน 1,th-TH
Connotación sonora II,เสียงพ้องทำนองซ้อน 2,th-TH
Connotación sonora III,เสียงพ้องทำนองซ้อน 3,th-TH
Connotación sonora IV,เสียงพ้องทำนองซ้อน 4,th-TH
Connotación sonora IX,เสียงพ้องทำนองซ้อน 9,th-TH
Connotación sonora V,เสียงพ้องทำนองซ้อน 5,th-TH
Connotación sonora VI,เสียงพ้องทำนองซ้อน 6,th-TH
Connotación sonora VII,เสียงพ้องทำนองซ้อน 7,th-TH
Connotación sonora VIII,เสียงพ้องทำนองซ้อน 8,th-TH
Connotación sonora X,เสียงพ้องทำนองซ้อน 10,th-TH
Connotación sonora XI,เสียงพ้องทำนองซ้อน 11,th-TH
Connotación sonora XII,เสียงพ้องทำนองซ้อน 12,th-TH
Consigue #1 pts,ได้รับ #1 คะแนน,th-TH
Consigue #1 pts.,ได้รับ #1 คะแนน,th-TH
Contes de l'oiseau captif,ตำนานของนกในกรง,th-TH
Contes de l'oiseau captif (I),ตำนานของนกในกรง 1,th-TH
Contes de l'oiseau captif (II),ตำนานของนกในกรง 2,th-TH
Contes de l'oiseau captif (III),ตำนานของนกในกรง 3,th-TH
Contes de l'oiseau captif (IV),ตำนานของนกในกรง 4,th-TH
Contos de um Pássaro Acorrentado,ตำนานของนกในกรง,th-TH
Contos de um Pássaro Acorrentado (I),ตำนานของนกในกรง 1,th-TH
Contos de um Pássaro Acorrentado (II),ตำนานของนกในกรง 2,th-TH
Contos de um Pássaro Acorrentado (III),ตำนานของนกในกรง 3,th-TH
Contos de um Pássaro Acorrentado (IV),ตำนานของนกในกรง 4,th-TH
Control soberano,ควบคุมและบัญชา,th-TH
Control soberano: Dificultad 1,ควบคุมและบัญชา: ความยาก 01,th-TH
Control soberano: Dificultad 2,ควบคุมและบัญชา: ความยาก 02,th-TH
Control soberano: Dificultad 3,ควบคุมและบัญชา: ความยาก 03,th-TH
Control soberano: Dificultad 4,ควบคุมและบัญชา: ความยาก 04,th-TH
Controle Soberano,ควบคุมและบัญชา,th-TH
Controle Soberano: Dificuldade 1,ควบคุมและบัญชา: ความยาก 01,th-TH
Controle Soberano: Dificuldade 2,ควบคุมและบัญชา: ความยาก 02,th-TH
Controle Soberano: Dificuldade 3,ควบคุมและบัญชา: ความยาก 03,th-TH
Controle Soberano: Dificuldade 4,ควบคุมและบัญชา: ความยาก 04,th-TH
Contrôle souverain,ควบคุมและบัญชา,th-TH
Contrôle souverain : Difficulté 1,ควบคุมและบัญชา: ความยาก 01,th-TH
Contrôle souverain : Difficulté 2,ควบคุมและบัญชา: ความยาก 02,th-TH
Contrôle souverain : Difficulté 3,ควบคุมและบัญชา: ความยาก 03,th-TH
Contrôle souverain : Difficulté 4,ควบคุมและบัญชา: ความยาก 04,th-TH
Covil Aterrador,รังมดพังเขื่อน,th-TH
Covil Aterrador (I),รังมดพังเขื่อน 1,th-TH
Covil Aterrador (II),รังมดพังเขื่อน 2,th-TH
Covil Aterrador (III),รังมดพังเขื่อน 3,th-TH
Covil Aterrador (IV),รังมดพังเขื่อน 4,th-TH
Covil Aterrador (IX),รังมดพังเขื่อน 9,th-TH
Covil Aterrador (V),รังมดพังเขื่อน 5,th-TH
Covil Aterrador (VI),รังมดพังเขื่อน 6,th-TH
Covil Aterrador (VII),รังมดพังเขื่อน 7,th-TH
Covil Aterrador (VIII),รังมดพังเขื่อน 8,th-TH
Covil Aterrador (X),รังมดพังเขื่อน 10,th-TH
Covil Aterrador (XI),รังมดพังเขื่อน 11,th-TH
Covil Aterrador (XII),รังมดพังเขื่อน 12,th-TH
Crise Cibernética,เครือข่ายผันผวน,th-TH
Crise cyber,เครือข่ายผันผวน,th-TH
Cutting Mistral,วายุครอบงำ,th-TH
Cutting Mistral: Difficulty 1,วายุครอบงำ: ความยาก 01,th-TH
Cutting Mistral: Difficulty 2,วายุครอบงำ: ความยาก 02,th-TH
Cutting Mistral: Difficulty 3,วายุครอบงำ: ความยาก 03,th-TH
Cutting Mistral: Difficulty 4,วายุครอบงำ: ความยาก 04,th-TH
Cyber Crisis,เครือข่ายผันผวน,th-TH
Cyber Mystery,ปริศนาไซเบอร์,th-TH
Cyber Mystery (I),ปริศนาไซเบอร์ 1,th-TH
Cyber Mystery (II),ปริศนาไซเบอร์ 2,th-TH
Cyber Mystery (III),ปริศนาไซเบอร์ 3,th-TH
Cyber Mystery (IV),ปริศนาไซเบอร์ 4,th-TH
Cyber Mystery (IX),ปริศนาไซเบอร์ 9,th-TH
Cyber Mystery (V),ปริศนาไซเบอร์ 5,th-TH
Cyber Mystery (VI),ปริศนาไซเบอร์ 6,th-TH
Cyber Mystery (VII),ปริศนาไซเบอร์ 7,th-TH
Cyber Mystery (VIII),ปริศนาไซเบอร์ 8,th-TH
Cyber Mystery (X),ปริศนาไซเบอร์ 10,th-TH
Cyber Mystery (XI),ปริศนาไซเบอร์ 11,th-TH
Cyber Mystery (XII),ปริศนาไซเบอร์ 12,th-TH
Cyber-Krise,เครือข่ายผันผวน,th-TH
Cybermystère,ปริศนาไซเบอร์,th-TH
Cybermystère (I),ปริศนาไซเบอร์ 1,th-TH
Cybermystère (II),ปริศนาไซเบอร์ 2,th-TH
Cybermystère (III),ปริศนาไซเบอร์ 3,th-TH
Cybermystère (IV),ปริศนาไซเบอร์ 4,th-TH
Cybermystère (IX),ปริศนาไซเบอร์ 9,th-TH
Cybermystère (V),ปริศนาไซเบอร์ 5,th-TH
Cybermystère (VI),ปริศนาไซเบอร์ 6,th-TH
Cybermystère (VII),ปริศนาไซเบอร์ 7,th-TH
Cybermystère (VIII),ปริศนาไซเบอร์ 8,th-TH
Cybermystère (X),ปริศนาไซเบอร์ 10,th-TH
Cybermystère (XI),ปริศนาไซเบอร์ 11,th-TH
Cybermystère (XII),ปริศนาไซเบอร์ 12,th-TH
Cây Kiến Tạo Xuất Hiện,การมาเยือนของ Ambrosial Arbor,th-TH
Cây Kiến Tạo Xuất Hiện 1,การมาเยือนของ Ambrosial Arbor 1,th-TH
Cây Kiến Tạo Xuất Hiện 10,การมาเยือนของ Ambrosial Arbor 10,th-TH
Cây Kiến Tạo Xuất Hiện 2,การมาเยือนของ Ambrosial Arbor 2,th-TH
Cây Kiến Tạo Xuất Hiện 3,การมาเยือนของ Ambrosial Arbor 3,th-TH
Cây Kiến Tạo Xuất Hiện 4,การมาเยือนของ Ambrosial Arbor 4,th-TH
Cây Kiến Tạo Xuất Hiện 5,การมาเยือนของ Ambrosial Arbor 5,th-TH
Cây Kiến Tạo Xuất Hiện 6,การมาเยือนของ Ambrosial Arbor 6,th-TH
Cây Kiến Tạo Xuất Hiện 7,การมาเยือนของ Ambrosial Arbor 7,th-TH
Cây Kiến Tạo Xuất Hiện 8,การมาเยือนของ Ambrosial Arbor 8,th-TH
Cây Kiến Tạo Xuất Hiện 9,การมาเยือนของ Ambrosial Arbor 9,th-TH
Cô Độc Biển Trời,การเดินทางอันโดดเดี่ยวในห้วงอวกาศ,th-TH
Cô Độc Biển Trời 1,การเดินทางอันโดดเดี่ยวในห้วงอวกาศ 1,th-TH
Cô Độc Biển Trời 10,การเดินทางอันโดดเดี่ยวในห้วงอวกาศ 10,th-TH
Cô Độc Biển Trời 2,การเดินทางอันโดดเดี่ยวในห้วงอวกาศ 2,th-TH
Cô Độc Biển Trời 3,การเดินทางอันโดดเดี่ยวในห้วงอวกาศ 3,th-TH
Cô Độc Biển Trời 4,การเดินทางอันโดดเดี่ยวในห้วงอวกาศ 4,th-TH
Cô Độc Biển Trời 5,การเดินทางอันโดดเดี่ยวในห้วงอวกาศ 5,th-TH
Cô Độc Biển Trời 6,การเดินทางอันโดดเดี่ยวในห้วงอวกาศ 6,th-TH
Cô Độc Biển Trời 7,การเดินทางอันโดดเดี่ยวในห้วงอวกาศ 7,th-TH
Cô Độc Biển Trời 8,การเดินทางอันโดดเดี่ยวในห้วงอวกาศ 8,th-TH
Cô Độc Biển Trời 9,การเดินทางอันโดดเดี่ยวในห้วงอวกาศ 9,th-TH
Cú Pháp Lập Trình,ไวยากรณ์โปรแกรม,th-TH
Cú Pháp Lập Trình 1,ไวยากรณ์โปรแกรม 1,th-TH
Cú Pháp Lập Trình 2,ไวยากรณ์โปรแกรม 2,th-TH
Cú Pháp Lập Trình 3,ไวยากรณ์โปรแกรม 3,th-TH
Cú Pháp Lập Trình 4,ไวยากรณ์โปรแกรม 4,th-TH
Da Falsidade ao Fato,ยืมเท็จสร้างจริง,th-TH
Da Falsidade ao Fato (I),ยืมเท็จสร้างจริง 1,th-TH
Da Falsidade ao Fato (II),ยืมเท็จสร้างจริง 2,th-TH
Da Falsidade ao Fato (III),ยืมเท็จสร้างจริง 3,th-TH
Da Falsidade ao Fato (IV),ยืมเท็จสร้างจริง 4,th-TH
Dalam Gulungan Dunia Fana,ในม้วนตำราโลกธุลี,th-TH
Dancing with the Dreams,เต้นรำกับความฝัน,th-TH
Dancing with the Dreams Stage 1,เต้นรำกับความฝัน 1,th-TH
Dancing with the Dreams Stage 10,เต้นรำกับความฝัน 10,th-TH
Dancing with the Dreams Stage 11,เต้นรำกับความฝัน 11,th-TH
Dancing with the Dreams Stage 12,เต้นรำกับความฝัน 12,th-TH
Dancing with the Dreams Stage 2,เต้นรำกับความฝัน 2,th-TH
Dancing with the Dreams Stage 3,เต้นรำกับความฝัน 3,th-TH
Dancing with the Dreams Stage 4,เต้นรำกับความฝัน 4,th-TH
Dancing with the Dreams Stage 5,เต้นรำกับความฝัน 5,th-TH
Dancing with the Dreams Stage 6,เต้นรำกับความฝัน 6,th-TH
Dancing with the Dreams Stage 7,เต้นรำกับความฝัน 7,th-TH
Dancing with the Dreams Stage 8,เต้นรำกับความฝัน 8,th-TH
Dancing with the Dreams Stage 9,เต้นรำกับความฝัน 9,th-TH
Dans le monde des mortels,ในม้วนตำราโลกธุลี,th-TH
Danse avec les rêves,เต้นรำกับความฝัน,th-TH
Danse avec les rêves Niv 12,เต้นรำกับความฝัน 12,th-TH
Danse avec les rêves Niv. 1,เต้นรำกับความฝัน 1,th-TH
Danse avec les rêves Niv. 10,เต้นรำกับความฝัน 10,th-TH
Danse avec les rêves Niv. 11,เต้นรำกับความฝัน 11,th-TH
Danse avec les rêves Niv. 2,เต้นรำกับความฝัน 2,th-TH
Danse avec les rêves Niv. 3,เต้นรำกับความฝัน 3,th-TH
Danse avec les rêves Niv. 4,เต้นรำกับความฝัน 4,th-TH
Danse avec les rêves Niv. 5,เต้นรำกับความฝัน 5,th-TH
Danse avec les rêves Niv. 6,เต้นรำกับความฝัน 6,th-TH
Danse avec les rêves Niv. 7,เต้นรำกับความฝัน 7,th-TH
Danse avec les rêves Niv. 8,เต้นรำกับความฝัน 8,th-TH
Danse avec les rêves Niv. 9,เต้นรำกับความฝัน 9,th-TH
Dançando com os Sonhos,เต้นรำกับความฝัน,th-TH
Dançando com os Sonhos Estágio 1,เต้นรำกับความฝัน 1,th-TH
Dançando com os Sonhos Estágio 10,เต้นรำกับความฝัน 10,th-TH
Dançando com os Sonhos Estágio 11,เต้นรำกับความฝัน 11,th-TH
Dançando com os Sonhos Estágio 12,เต้นรำกับความฝัน 12,th-TH
Dançando com os Sonhos Estágio 2,เต้นรำกับความฝัน 2,th-TH
Dançando com os Sonhos Estágio 3,เต้นรำกับความฝัน 3,th-TH
Dançando com os Sonhos Estágio 4,เต้นรำกับความฝัน 4,th-TH
Dançando com os Sonhos Estágio 5,เต้นรำกับความฝัน 5,th-TH
Dançando com os Sonhos Estágio 6,เต้นรำกับความฝัน 6,th-TH
Dançando com os Sonhos Estágio 7,เต้นรำกับความฝัน 7,th-TH
Dançando com os Sonhos Estágio 8,เต้นรำกับความฝัน 8,th-TH
Dançando com os Sonhos Estágio 9,เต้นรำกับความฝัน 9,th-TH
Dari Tiada Menjadi Nyata,เสกสรรปั้นแต่ง,th-TH
Dari Tiada Menjadi Nyata 1,เสกสรรปั้นแต่ง 1,th-TH
Dari Tiada Menjadi Nyata 2,เสกสรรปั้นแต่ง 2,th-TH
Dari Tiada Menjadi Nyata 3,เสกสรรปั้นแต่ง 3,th-TH
Dari Tiada Menjadi Nyata 4,เสกสรรปั้นแต่ง 4,th-TH
Das Geheimnis in den Tiefen des Alls I,ปริศนาในห้วงอวกาศ 1,th-TH
Das Geheimnis in den Tiefen des Alls II,ปริศนาในห้วงอวกาศ 2,th-TH
Das Geheimnis in den Tiefen des Alls III,ปริศนาในห้วงอวกาศ 3,th-TH
Das Geheimnis in den Tiefen des Alls IV,ปริศนาในห้วงอวกาศ 4,th-TH
Das Geheimnis in den Tiefen des Alls IX,ปริศนาในห้วงอวกาศ 9,th-TH
Das Geheimnis in den Tiefen des Alls V,ปริศนาในห้วงอวกาศ 5,th-TH
Das Geheimnis in den Tiefen des Alls VI,ปริศนาในห้วงอวกาศ 6,th-TH
Das Geheimnis in den Tiefen des Alls VII,ปริศนาในห้วงอวกาศ 7,th-TH
Das Geheimnis in den Tiefen des Alls VIII,ปริศนาในห้วงอวกาศ 8,th-TH
Das Geheimnis in den Tiefen des Alls X,ปริศนาในห้วงอวกาศ 10,th-TH
Das Geheimnis in den Tiefen des Alls XI,ปริศนาในห้วงอวกาศ 11,th-TH
Das Geheimnis in den Tiefen des Alls XII,ปริศนาในห้วงอวกาศ 12,th-TH
Das Geheimnis in den Tiefen des AllsDas Geheimnis in den Tiefen des Alls,ปริศนาในห้วงอวกาศ,th-TH
Das summende Gelächter,หึ่งหั่งดั่งเสียงขำ,th-TH
Deceitful Chaos,คำลวงที่กลับกลอก,th-TH
Deceitful Chaos (I),คำลวงที่กลับกลอก 1,th-TH
Deceitful Chaos (II),คำลวงที่กลับกลอก 2,th-TH
Deceitful Chaos (III),คำลวงที่กลับกลอก 3,th-TH
Deceitful Chaos (IV),คำลวงที่กลับกลอก 4,th-TH
Del hielo al fuego,ย่ำน้ำแข็งแสวงเพลิง,th-TH
Del hielo al fuego I,ย่ำน้ำแข็งแสวงเพลิงขั้นที่ 1,th-TH
Del hielo al fuego II,ย่ำน้ำแข็งแสวงเพลิงขั้นที่ 2,th-TH
Del hielo al fuego III,ย่ำน้ำแข็งแสวงเพลิงขั้นที่ 3,th-TH
Del hielo al fuego IV,ย่ำน้ำแข็งแสวงเพลิงขั้นที่ 4,th-TH
Del hielo al fuego IX,ย่ำน้ำแข็งแสวงเพลิงขั้นที่ 9,th-TH
Del hielo al fuego V,ย่ำน้ำแข็งแสวงเพลิงขั้นที่ 5,th-TH
Del hielo al fuego VI,ย่ำน้ำแข็งแสวงเพลิงขั้นที่ 6,th-TH
Del hielo al fuego VII,ย่ำน้ำแข็งแสวงเพลิงขั้นที่ 7,th-TH
Del hielo al fuego VIII,ย่ำน้ำแข็งแสวงเพลิงขั้นที่ 8,th-TH
Del hielo al fuego X,ย่ำน้ำแข็งแสวงเพลิงขั้นที่ 10,th-TH
Demonio de sangre dorada,อสูรร้ายโลหิตทอง,th-TH
Demonio de sangre dorada: Dificultad 01,อสูรร้ายโลหิตทอง: ความยาก 01,th-TH
Demonio de sangre dorada: Dificultad 2,อสูรร้ายโลหิตทอง: ความยาก 02,th-TH
Demonio de sangre dorada: Dificultad 3,อสูรร้ายโลหิตทอง: ความยาก 03,th-TH
Demonio de sangre dorada: Dificultad 4,อสูรร้ายโลหิตทอง: ความยาก 04,th-TH
Dengung Tawa,หึ่งหั่งดั่งเสียงขำ,th-TH
Der große Schlaf,นิทราไม่รู้ตื่น,th-TH
Der mondfressende Wolf,จันทร์ชาดกลืนสิงคาล,th-TH
Der mondfressende Wolf I,จันทร์ชาดกลืนสิงคาล 1,th-TH
Der mondfressende Wolf II,จันทร์ชาดกลืนสิงคาล 2,th-TH
Der mondfressende Wolf III,จันทร์ชาดกลืนสิงคาล 3,th-TH
Der mondfressende Wolf IV,จันทร์ชาดกลืนสิงคาล 4,th-TH
Der mondfressende Wolf IX,จันทร์ชาดกลืนสิงคาล 9,th-TH
Der mondfressende Wolf V,จันทร์ชาดกลืนสิงคาล 5,th-TH
Der mondfressende Wolf VI,จันทร์ชาดกลืนสิงคาล 6,th-TH
Der mondfressende Wolf VII,จันทร์ชาดกลืนสิงคาล 7,th-TH
Der mondfressende Wolf VIII,จันทร์ชาดกลืนสิงคาล 8,th-TH
Der mondfressende Wolf X,จันทร์ชาดกลืนสิงคาล 10,th-TH
Der mondfressende Wolf XI,จันทร์ชาดกลืนสิงคาล 11,th-TH
Der mondfressende Wolf XII,จันทร์ชาดกลืนสิงคาล 12,th-TH
Derniers vestiges de la Grande citadelle,สิ่งตกทอดของป้อมปราการที่สูงตระหง่าน,th-TH
Desventura do Apostador,ความลำบากของนักพนัน,th-TH
Desventura do Apostador (I),ความลำบากของนักพนัน 1,th-TH
Desventura do Apostador (II),ความลำบากของนักพนัน 2,th-TH
Desventura do Apostador (III),ความลำบากของนักพนัน 3,th-TH
Desventura do Apostador (IV),ความลำบากของนักพนัน 4,th-TH
Desventura do Apostador (IX),ความลำบากของนักพนัน 9,th-TH
Desventura do Apostador (V),ความลำบากของนักพนัน 5,th-TH
Desventura do Apostador (VI),ความลำบากของนักพนัน 6,th-TH
Desventura do Apostador (VII),ความลำบากของนักพนัน 7,th-TH
Desventura do Apostador (VIII),ความลำบากของนักพนัน 8,th-TH
Desventura do Apostador (X),ความลำบากของนักพนัน 10,th-TH
Desventura do Apostador (XI),ความลำบากของนักพนัน 11,th-TH
Desventura do Apostador (XII),ความลำบากของนักพนัน 12,th-TH
Devaneio Gélido,ห้วงฝันแห่งรอยน้ำแข็ง,th-TH
Devaneio Gélido - 1,ห้วงฝันแห่งรอยน้ำแข็งขั้นที่ 1,th-TH
Devaneio Gélido - 10,ห้วงฝันแห่งรอยน้ำแข็งขั้นที่ 10,th-TH
Devaneio Gélido - 2,ห้วงฝันแห่งรอยน้ำแข็งขั้นที่ 2,th-TH
Devaneio Gélido - 3,ห้วงฝันแห่งรอยน้ำแข็งขั้นที่ 3,th-TH
Devaneio Gélido - 4,ห้วงฝันแห่งรอยน้ำแข็งขั้นที่ 4,th-TH
Devaneio Gélido - 5,ห้วงฝันแห่งรอยน้ำแข็งขั้นที่ 5,th-TH
Devaneio Gélido - 6,ห้วงฝันแห่งรอยน้ำแข็งขั้นที่ 6,th-TH
Devaneio Gélido - 7,ห้วงฝันแห่งรอยน้ำแข็งขั้นที่ 7,th-TH
Devaneio Gélido - 8,ห้วงฝันแห่งรอยน้ำแข็งขั้นที่ 8,th-TH
Devaneio Gélido - 9,ห้วงฝันแห่งรอยน้ำแข็งขั้นที่ 9,th-TH
Devorador Lupino da Lua,จันทร์ชาดกลืนสิงคาล,th-TH
Devorador Lupino da Lua (I),จันทร์ชาดกลืนสิงคาล 1,th-TH
Devorador Lupino da Lua (II),จันทร์ชาดกลืนสิงคาล 2,th-TH
Devorador Lupino da Lua (III),จันทร์ชาดกลืนสิงคาล 3,th-TH
Devorador Lupino da Lua (IV),จันทร์ชาดกลืนสิงคาล 4,th-TH
Devorador Lupino da Lua (IX),จันทร์ชาดกลืนสิงคาล 9,th-TH
Devorador Lupino da Lua (V),จันทร์ชาดกลืนสิงคาล 5,th-TH
Devorador Lupino da Lua (VI),จันทร์ชาดกลืนสิงคาล 6,th-TH
Devorador Lupino da Lua (VII),จันทร์ชาดกลืนสิงคาล 7,th-TH
Devorador Lupino da Lua (VIII),จันทร์ชาดกลืนสิงคาล 8,th-TH
Devorador Lupino da Lua (X),จันทร์ชาดกลืนสิงคาล 10,th-TH
Devorador Lupino da Lua (XI),จันทร์ชาดกลืนสิงคาล 11,th-TH
Devorador Lupino da Lua (XII),จันทร์ชาดกลืนสิงคาล 12,th-TH
Devorador lupino de la luna carmesí,จันทร์ชาดกลืนสิงคาล,th-TH
Devorador lupino de la luna carmesí I,จันทร์ชาดกลืนสิงคาล 1,th-TH
Devorador lupino de la luna carmesí II,จันทร์ชาดกลืนสิงคาล 2,th-TH
Devorador lupino de la luna carmesí III,จันทร์ชาดกลืนสิงคาล 3,th-TH
Devorador lupino de la luna carmesí IV,จันทร์ชาดกลืนสิงคาล 4,th-TH
Devorador lupino de la luna carmesí IX,จันทร์ชาดกลืนสิงคาล 9,th-TH
Devorador lupino de la luna carmesí V,จันทร์ชาดกลืนสิงคาล 5,th-TH
Devorador lupino de la luna carmesí VI,จันทร์ชาดกลืนสิงคาล 6,th-TH
Devorador lupino de la luna carmesí VII,จันทร์ชาดกลืนสิงคาล 7,th-TH
Devorador lupino de la luna carmesí VIII,จันทร์ชาดกลืนสิงคาล 8,th-TH
Devorador lupino de la luna carmesí X,จันทร์ชาดกลืนสิงคาล 10,th-TH
Devorador lupino de la luna carmesí XI,จันทร์ชาดกลืนสิงคาล 11,th-TH
Devorador lupino de la luna carmesí XII,จันทร์ชาดกลืนสิงคาล 12,th-TH
Die Ankunft des Himmelsbaums,การมาเยือนของ Ambrosial Arbor,th-TH
Die Ankunft des Himmelsbaums I,การมาเยือนของ Ambrosial Arbor 1,th-TH
Die Ankunft des Himmelsbaums II,การมาเยือนของ Ambrosial Arbor 2,th-TH
Die Ankunft des Himmelsbaums III,การมาเยือนของ Ambrosial Arbor 3,th-TH
Die Ankunft des Himmelsbaums IV,การมาเยือนของ Ambrosial Arbor 4,th-TH
Die Ankunft des Himmelsbaums IX,การมาเยือนของ Ambrosial Arbor 9,th-TH
Die Ankunft des Himmelsbaums V,การมาเยือนของ Ambrosial Arbor 5,th-TH
Die Ankunft des Himmelsbaums VI,การมาเยือนของ Ambrosial Arbor 6,th-TH
Die Ankunft des Himmelsbaums VII,การมาเยือนของ Ambrosial Arbor 7,th-TH
Die Ankunft des Himmelsbaums VIII,การมาเยือนของ Ambrosial Arbor 8,th-TH
Die Ankunft des Himmelsbaums X,การมาเยือนของ Ambrosial Arbor 10,th-TH
Die Geschichten eines angebundenen Vogels,ตำนานของนกในกรง,th-TH
Die Geschichten eines angebundenen Vogels I,ตำนานของนกในกรง 1,th-TH
Die Geschichten eines angebundenen Vogels II,ตำนานของนกในกรง 2,th-TH
Die Geschichten eines angebundenen Vogels III,ตำนานของนกในกรง 3,th-TH
Die Geschichten eines angebundenen Vogels IV,ตำนานของนกในกรง 4,th-TH
Die Reise der Sterne-Navigierer,บันทึกของเรือแสวงหายาอมตะ,th-TH
Die letzten Spuren der Emporragenden Zitadelle,สิ่งตกทอดของป้อมปราการที่สูงตระหง่าน,th-TH
Diffamation,กับดักคำลวง,th-TH
Diffamation (I),กับดักคำลวง 1,th-TH
Diffamation (II),กับดักคำลวง 2,th-TH
Diffamation (III),กับดักคำลวง 3,th-TH
Diffamation (IV),กับดักคำลวง 4,th-TH
Dilema del apostador,ความลำบากของนักพนัน,th-TH
Dilema del apostador I,ความลำบากของนักพนัน 1,th-TH
Dilema del apostador II,ความลำบากของนักพนัน 2,th-TH
Dilema del apostador III,ความลำบากของนักพนัน 3,th-TH
Dilema del apostador IV,ความลำบากของนักพนัน 4,th-TH
Dilema del apostador IX,ความลำบากของนักพนัน 9,th-TH
Dilema del apostador V,ความลำบากของนักพนัน 5,th-TH
Dilema del apostador VI,ความลำบากของนักพนัน 6,th-TH
Dilema del apostador VII,ความลำบากของนักพนัน 7,th-TH
Dilema del apostador VIII,ความลำบากของนักพนัน 8,th-TH
Dilema del apostador X,ความลำบากของนักพนัน 10,th-TH
Dilema del apostador XI,ความลำบากของนักพนัน 11,th-TH
Dilema del apostador XII,ความลำบากของนักพนัน 12,th-TH
Dilemma des Glücksspielers,ความลำบากของนักพนัน,th-TH
Dilemma des Glücksspielers I,ความลำบากของนักพนัน 1,th-TH
Dilemma des Glücksspielers II,ความลำบากของนักพนัน 2,th-TH
Dilemma des Glücksspielers III,ความลำบากของนักพนัน 3,th-TH
Dilemma des Glücksspielers IV,ความลำบากของนักพนัน 4,th-TH
Dilemma des Glücksspielers IX,ความลำบากของนักพนัน 9,th-TH
Dilemma des Glücksspielers V,ความลำบากของนักพนัน 5,th-TH
Dilemma des Glücksspielers VI,ความลำบากของนักพนัน 6,th-TH
Dilemma des Glücksspielers VII,ความลำบากของนักพนัน 7,th-TH
Dilemma des Glücksspielers VIII,ความลำบากของนักพนัน 8,th-TH
Dilemma des Glücksspielers X,ความลำบากของนักพนัน 10,th-TH
Dilemma des Glücksspielers XI,ความลำบากของนักพนัน 11,th-TH
Dilemma des Glücksspielers XII,ความลำบากของนักพนัน 12,th-TH
Dilemme du parieur,ความลำบากของนักพนัน,th-TH
Dilemme du parieur (I),ความลำบากของนักพนัน 1,th-TH
Dilemme du parieur (II),ความลำบากของนักพนัน 2,th-TH
Dilemme du parieur (III),ความลำบากของนักพนัน 3,th-TH
Dilemme du parieur (IV),ความลำบากของนักพนัน 4,th-TH
Dilemme du parieur (IX),ความลำบากของนักพนัน 9,th-TH
Dilemme du parieur (V),ความลำบากของนักพนัน 5,th-TH
Dilemme du parieur (VI),ความลำบากของนักพนัน 6,th-TH
Dilemme du parieur (VII),ความลำบากของนักพนัน 7,th-TH
Dilemme du parieur (VIII),ความลำบากของนักพนัน 8,th-TH
Dilemme du parieur (X),ความลำบากของนักพนัน 10,th-TH
Dilemme du parieur (XI),ความลำบากของนักพนัน 11,th-TH
Dilemme du parieur (XII),ความลำบากของนักพนัน 12,th-TH
Disharmonie,เสียงที่ไม่ลงรอยกัน,th-TH
Disipación de sueños,บทเพลงส่งท้ายความฝัน,th-TH
Disipación de sueños I,บทเพลงส่งท้ายความฝัน 1,th-TH
Disipación de sueños II,บทเพลงส่งท้ายความฝัน 2,th-TH
Disipación de sueños III,บทเพลงส่งท้ายความฝัน 3,th-TH
Disipación de sueños IV,บทเพลงส่งท้ายความฝัน 4,th-TH
Disipación de sueños IX,บทเพลงส่งท้ายความฝัน 9,th-TH
Disipación de sueños V,บทเพลงส่งท้ายความฝัน 5,th-TH
Disipación de sueños VI,บทเพลงส่งท้ายความฝัน 6,th-TH
Disipación de sueños VII,บทเพลงส่งท้ายความฝัน 7,th-TH
Disipación de sueños VIII,บทเพลงส่งท้ายความฝัน 8,th-TH
Disipación de sueños X,บทเพลงส่งท้ายความฝัน 10,th-TH
Disipación de sueños XI,บทเพลงส่งท้ายความฝัน 11,th-TH
Disipación de sueños XII,บทเพลงส่งท้ายความฝัน 12,th-TH
Disonancia,เสียงที่ไม่ลงรอยกัน,th-TH
Disonansi,เสียงที่ไม่ลงรอยกัน,th-TH
Dispersion des rêves,บทเพลงส่งท้ายความฝัน,th-TH
Dispersion des rêves I,บทเพลงส่งท้ายความฝัน 1,th-TH
Dispersion des rêves II,บทเพลงส่งท้ายความฝัน 2,th-TH
Dispersion des rêves III,บทเพลงส่งท้ายความฝัน 3,th-TH
Dispersion des rêves IV,บทเพลงส่งท้ายความฝัน 4,th-TH
Dispersion des rêves IX,บทเพลงส่งท้ายความฝัน 9,th-TH
Dispersion des rêves V,บทเพลงส่งท้ายความฝัน 5,th-TH
Dispersion des rêves VI,บทเพลงส่งท้ายความฝัน 6,th-TH
Dispersion des rêves VII,บทเพลงส่งท้ายความฝัน 7,th-TH
Dispersion des rêves VIII,บทเพลงส่งท้ายความฝัน 8,th-TH
Dispersion des rêves X,บทเพลงส่งท้ายความฝัน 10,th-TH
Dispersion des rêves XI,บทเพลงส่งท้ายความฝัน 11,th-TH
Dispersion des rêves XII,บทเพลงส่งท้ายความฝัน 12,th-TH
Dissipation of Dreams,บทเพลงส่งท้ายความฝัน,th-TH
Dissipation of Dreams (I),บทเพลงส่งท้ายความฝัน 1,th-TH
Dissipation of Dreams (II),บทเพลงส่งท้ายความฝัน 2,th-TH
Dissipation of Dreams (III),บทเพลงส่งท้ายความฝัน 3,th-TH
Dissipation of Dreams (IV),บทเพลงส่งท้ายความฝัน 4,th-TH
Dissipation of Dreams (IX),บทเพลงส่งท้ายความฝัน 9,th-TH
Dissipation of Dreams (V),บทเพลงส่งท้ายความฝัน 5,th-TH
Dissipation of Dreams (VI),บทเพลงส่งท้ายความฝัน 6,th-TH
Dissipation of Dreams (VII),บทเพลงส่งท้ายความฝัน 7,th-TH
Dissipation of Dreams (VIII),บทเพลงส่งท้ายความฝัน 8,th-TH
Dissipation of Dreams (X),บทเพลงส่งท้ายความฝัน 10,th-TH
Dissipation of Dreams (XI),บทเพลงส่งท้ายความฝัน 11,th-TH
Dissipation of Dreams (XII),บทเพลงส่งท้ายความฝัน 12,th-TH
Dissipação dos Sonhos,บทเพลงส่งท้ายความฝัน,th-TH
Dissipação dos Sonhos I,บทเพลงส่งท้ายความฝัน 1,th-TH
Dissipação dos Sonhos II,บทเพลงส่งท้ายความฝัน 2,th-TH
Dissipação dos Sonhos III,บทเพลงส่งท้ายความฝัน 3,th-TH
Dissipação dos Sonhos IV,บทเพลงส่งท้ายความฝัน 4,th-TH
Dissipação dos Sonhos IX,บทเพลงส่งท้ายความฝัน 9,th-TH
Dissipação dos Sonhos V,บทเพลงส่งท้ายความฝัน 5,th-TH
Dissipação dos Sonhos VI,บทเพลงส่งท้ายความฝัน 6,th-TH
Dissipação dos Sonhos VII,บทเพลงส่งท้ายความฝัน 7,th-TH
Dissipação dos Sonhos VIII,บทเพลงส่งท้ายความฝัน 8,th-TH
Dissipação dos Sonhos X,บทเพลงส่งท้ายความฝัน 10,th-TH
Dissipação dos Sonhos XI,บทเพลงส่งท้ายความฝัน 11,th-TH
Dissipação dos Sonhos XII,บทเพลงส่งท้ายความฝัน 12,th-TH
Dissonance,เสียงที่ไม่ลงรอยกัน,th-TH
Dissonância,เสียงที่ไม่ลงรอยกัน,th-TH
Ditados Clichês,ถ้อยคำจำเจ,th-TH
Ditados Clichês (I),ถ้อยคำจำเจ 1,th-TH
Ditados Clichês (II),ถ้อยคำจำเจ 2,th-TH
Ditados Clichês (III),ถ้อยคำจำเจ 3,th-TH
Ditados Clichês (IV),ถ้อยคำจำเจ 4,th-TH
Divine Root Subdual,การปราบรากศักดิ์สิทธิ์,th-TH
Divine Root Subdual (I),การปราบรากศักดิ์สิทธิ์ 1,th-TH
Divine Root Subdual (II),การปราบรากศักดิ์สิทธิ์ 2,th-TH
Divine Root Subdual (III),การปราบรากศักดิ์สิทธิ์ 3,th-TH
Divine Root Subdual (IV),การปราบรากศักดิ์สิทธิ์ 4,th-TH
Divine Root Subdual (IX),การปราบรากศักดิ์สิทธิ์ 9,th-TH
Divine Root Subdual (V),การปราบรากศักดิ์สิทธิ์ 5,th-TH
Divine Root Subdual (VI),การปราบรากศักดิ์สิทธิ์ 6,th-TH
Divine Root Subdual (VII),การปราบรากศักดิ์สิทธิ์ 7,th-TH
Divine Root Subdual (VIII),การปราบรากศักดิ์สิทธิ์ 8,th-TH
Divine Root Subdual (X),การปราบรากศักดิ์สิทธิ์ 10,th-TH
Doctrina falsaria,ปฏิมาบรรยาย,th-TH
Doctrina falsaria I,ปฏิมาบรรยาย 1,th-TH
Doctrina falsaria II,ปฏิมาบรรยาย 2,th-TH
Doctrina falsaria III,ปฏิมาบรรยาย 3,th-TH
Doctrina falsaria IV,ปฏิมาบรรยาย 4,th-TH
Domain Genesis,ปฐมบทสร้างเขตแดน,th-TH
Domain Genesis (I),ปฐมบทสร้างเขตแดน 1,th-TH
Domain Genesis (II),ปฐมบทสร้างเขตแดน 2,th-TH
Domain Genesis (III),ปฐมบทสร้างเขตแดน 3,th-TH
Domain Genesis (IV),ปฐมบทสร้างเขตแดน 4,th-TH
Domain Ilusi Surya Membara,มายาตะวันแรงกล้า,th-TH
Dominación de demonios,ปีศาจร้ายครอบงำ,th-TH
Dominación de demonios: Dificultad 1,ปีศาจร้ายครอบงำ: ความยาก 01,th-TH
Dominación de demonios: Dificultad 2,ปีศาจร้ายครอบงำ: ความยาก 02,th-TH
Dominación de demonios: Dificultad 3,ปีศาจร้ายครอบงำ: ความยาก 03,th-TH
Dominación de demonios: Dificultad 4,ปีศาจร้ายครอบงำ: ความยาก 04,th-TH
Dominación de la Vastedad lúgubre,อนธการครอบงำ,th-TH
Dominación de la Vastedad lúgubre: Dificultad 1,อนธการครอบงำ: ความยาก 01,th-TH
Dominación de la Vastedad lúgubre: Dificultad 2,อนธการครอบงำ: ความยาก 02,th-TH
Dominación de la Vastedad lúgubre: Dificultad 3,อนธการครอบงำ: ความยาก 03,th-TH
Dominación de la Vastedad lúgubre: Dificultad 4,อนธการครอบงำ: ความยาก 04,th-TH
Dominación del vendaval,วายุครอบงำ,th-TH
Dominación del vendaval: Dificultad 1,วายุครอบงำ: ความยาก 01,th-TH
Dominación del vendaval: Dificultad 2,วายุครอบงำ: ความยาก 02,th-TH
Dominación del vendaval: Dificultad 3,วายุครอบงำ: ความยาก 03,th-TH
Dominación del vendaval: Dificultad 4,วายุครอบงำ: ความยาก 04,th-TH
Dominance of Netherveil,อนธการครอบงำ,th-TH
Dominance of Netherveil: Difficulty 1,อนธการครอบงำ: ความยาก 01,th-TH
Dominance of Netherveil: Difficulty 2,อนธการครอบงำ: ความยาก 02,th-TH
Dominance of Netherveil: Difficulty 3,อนธการครอบงำ: ความยาก 03,th-TH
Dominance of Netherveil: Difficulty 4,อนธการครอบงำ: ความยาก 04,th-TH
Dominanter Unterweltschleier,อนธการครอบงำ,th-TH
Dominanter Unterweltschleier: Schwierigkeit 01,อนธการครอบงำ: ความยาก 01,th-TH
Dominanter Unterweltschleier: Schwierigkeit 02,อนธการครอบงำ: ความยาก 02,th-TH
Dominanter Unterweltschleier: Schwierigkeit 03,อนธการครอบงำ: ความยาก 03,th-TH
Dominanter Unterweltschleier: Schwierigkeit 04,อนธการครอบงำ: ความยาก 04,th-TH
Dominantes Kommando,ควบคุมและบัญชา,th-TH
Dominantes Kommando: Schwierigkeitsgrad 01,ควบคุมและบัญชา: ความยาก 01,th-TH
Dominantes Kommando: Schwierigkeitsgrad 02,ควบคุมและบัญชา: ความยาก 02,th-TH
Dominantes Kommando: Schwierigkeitsgrad 03,ควบคุมและบัญชา: ความยาก 03,th-TH
Dominantes Kommando: Schwierigkeitsgrad 04,ควบคุมและบัญชา: ความยาก 04,th-TH
Dominasi Angin Badai,วายุครอบงำ,th-TH
Dominasi Angin Badai: Tingkat Kesulitan 1,วายุครอบงำ: ความยาก 01,th-TH
Dominasi Angin Badai: Tingkat Kesulitan 2,วายุครอบงำ: ความยาก 02,th-TH
Dominasi Angin Badai: Tingkat Kesulitan 3,วายุครอบงำ: ความยาก 03,th-TH
Dominasi Angin Badai: Tingkat Kesulitan 4,วายุครอบงำ: ความยาก 04,th-TH
Dominasi Kegelapan,อนธการครอบงำ,th-TH
Dominasi Kegelapan: Tingkat Kesulitan 1,อนธการครอบงำ: ความยาก 01,th-TH
Dominasi Kegelapan: Tingkat Kesulitan 2,อนธการครอบงำ: ความยาก 02,th-TH
Dominasi Kegelapan: Tingkat Kesulitan 3,อนธการครอบงำ: ความยาก 03,th-TH
Dominasi Kegelapan: Tingkat Kesulitan 4,อนธการครอบงำ: ความยาก 04,th-TH
Dominasi Kejahatan,ปีศาจร้ายครอบงำ,th-TH
Dominasi Kejahatan: Tingkat Kesulitan 1,ปีศาจร้ายครอบงำ: ความยาก 01,th-TH
Dominasi Kejahatan: Tingkat Kesulitan 2,ปีศาจร้ายครอบงำ: ความยาก 02,th-TH
Dominasi Kejahatan: Tingkat Kesulitan 3,ปีศาจร้ายครอบงำ: ความยาก 03,th-TH
Dominasi Kejahatan: Tingkat Kesulitan 4,ปีศาจร้ายครอบงำ: ความยาก 04,th-TH
Dominated Evils,ปีศาจร้ายครอบงำ,th-TH
Dominated Evils: Difficulty 1,ปีศาจร้ายครอบงำ: ความยาก 01,th-TH
Dominated Evils: Difficulty 2,ปีศาจร้ายครอบงำ: ความยาก 02,th-TH
Dominated Evils: Difficulty 3,ปีศาจร้ายครอบงำ: ความยาก 03,th-TH
Dominated Evils: Difficulty 4,ปีศาจร้ายครอบงำ: ความยาก 04,th-TH
Domination du brouillard du néant,อนธการครอบงำ,th-TH
Domination du brouillard du néant : difficulté 1,อนธการครอบงำ: ความยาก 01,th-TH
Domination du brouillard du néant : difficulté 2,อนธการครอบงำ: ความยาก 02,th-TH
Domination du brouillard du néant : difficulté 3,อนธการครอบงำ: ความยาก 03,th-TH
Domination du brouillard du néant : difficulté 4,อนธการครอบงำ: ความยาก 04,th-TH
Domination du mal,ปีศาจร้ายครอบงำ,th-TH
Domination du mal : Difficulté 1,ปีศาจร้ายครอบงำ: ความยาก 01,th-TH
Domination du mal : Difficulté 2,ปีศาจร้ายครอบงำ: ความยาก 02,th-TH
Domination du mal : Difficulté 3,ปีศาจร้ายครอบงำ: ความยาก 03,th-TH
Domination du mal : Difficulté 4,ปีศาจร้ายครอบงำ: ความยาก 04,th-TH
Dominação da Confusão Mortal,อนธการครอบงำ,th-TH
Dominação da Confusão Mortal: Dificuldade 1,อนธการครอบงำ: ความยาก 01,th-TH
Dominação da Confusão Mortal: Dificuldade 2,อนธการครอบงำ: ความยาก 02,th-TH
Dominação da Confusão Mortal: Dificuldade 3,อนธการครอบงำ: ความยาก 03,th-TH
Dominação da Confusão Mortal: Dificuldade 4,อนธการครอบงำ: ความยาก 04,th-TH
Dominierte Bestien,ปีศาจร้ายครอบงำ,th-TH
Dominierte Bestien: Schwierigkeitsgrad 01,ปีศาจร้ายครอบงำ: ความยาก 01,th-TH
Dominierte Bestien: Schwierigkeitsgrad 02,ปีศาจร้ายครอบงำ: ความยาก 02,th-TH
Dominierte Bestien: Schwierigkeitsgrad 03,ปีศาจร้ายครอบงำ: ความยาก 03,th-TH
Dominierte Bestien: Schwierigkeitsgrad 04,ปีศาจร้ายครอบงำ: ความยาก 04,th-TH
Don't Mess With Pom-Pom,อย่าแหย่ Pom-Pom,th-TH
Dream Within Dream,ฝันซ้อนฝัน,th-TH
Dream Within Dream (I),ฝันซ้อนฝัน 1,th-TH
Dream Within Dream (II),ฝันซ้อนฝัน 2,th-TH
Dream Within Dream (III),ฝันซ้อนฝัน 3,th-TH
Dream Within Dream (IV),ฝันซ้อนฝัน 4,th-TH
Dream Within Dream (IX),ฝันซ้อนฝัน 9,th-TH
Dream Within Dream (V),ฝันซ้อนฝัน 5,th-TH
Dream Within Dream (VI),ฝันซ้อนฝัน 6,th-TH
Dream Within Dream (VII),ฝันซ้อนฝัน 7,th-TH
Dream Within Dream (VIII),ฝันซ้อนฝัน 8,th-TH
Dream Within Dream (X),ฝันซ้อนฝัน 10,th-TH
Dream Within Dream (XI),ฝันซ้อนฝัน 11,th-TH
Dream Within Dream (XII),ฝันซ้อนฝัน 12,th-TH
Dreamland of Longing,แดนฝันสุดถวิล,th-TH
Dreamland of Longing (I),แดนฝันสุดถวิล 1,th-TH
Dreamland of Longing (II),แดนฝันสุดถวิล 2,th-TH
Dreamland of Longing (III),แดนฝันสุดถวิล 3,th-TH
Dreamland of Longing (IV),แดนฝันสุดถวิล 4,th-TH
Dreamland of Longing (IX),แดนฝันสุดถวิล 9,th-TH
Dreamland of Longing (V),แดนฝันสุดถวิล 5,th-TH
Dreamland of Longing (VI),แดนฝันสุดถวิล 6,th-TH
Dreamland of Longing (VII),แดนฝันสุดถวิล 7,th-TH
Dreamland of Longing (VIII),แดนฝันสุดถวิล 8,th-TH
Dreamland of Longing (X),แดนฝันสุดถวิล 10,th-TH
Dreamland of Longing (XI),แดนฝันสุดถวิล 11,th-TH
Dreamland of Longing (XII),แดนฝันสุดถวิล 12,th-TH
Drei-Akt-Struktur,โครงสร้างสามองก์,th-TH
Drei-Akt-Struktur I,โครงสร้างสามองก์ 1,th-TH
Drei-Akt-Struktur II,โครงสร้างสามองก์ 2,th-TH
Drei-Akt-Struktur III,โครงสร้างสามองก์ 3,th-TH
Drei-Akt-Struktur IV,โครงสร้างสามองก์ 4,th-TH
Durch Eis und Feuer,ย่ำน้ำแข็งแสวงเพลิง,th-TH
Durch Eis und Feuer I,ย่ำน้ำแข็งแสวงเพลิงขั้นที่ 1,th-TH
Durch Eis und Feuer II,ย่ำน้ำแข็งแสวงเพลิงขั้นที่ 2,th-TH
Durch Eis und Feuer III,ย่ำน้ำแข็งแสวงเพลิงขั้นที่ 3,th-TH
Durch Eis und Feuer IV,ย่ำน้ำแข็งแสวงเพลิงขั้นที่ 4,th-TH
Durch Eis und Feuer IX,ย่ำน้ำแข็งแสวงเพลิงขั้นที่ 9,th-TH
Durch Eis und Feuer V,ย่ำน้ำแข็งแสวงเพลิงขั้นที่ 5,th-TH
Durch Eis und Feuer VI,ย่ำน้ำแข็งแสวงเพลิงขั้นที่ 6,th-TH
Durch Eis und Feuer VII,ย่ำน้ำแข็งแสวงเพลิงขั้นที่ 7,th-TH
Durch Eis und Feuer VIII,ย่ำน้ำแข็งแสวงเพลิงขั้นที่ 8,th-TH
Durch Eis und Feuer X,ย่ำน้ำแข็งแสวงเพลิงขั้นที่ 10,th-TH
Dusta dan Tipu Daya,ถ้อยคำลวงหลอก,th-TH
Dusta dan Tipu Daya 1,ถ้อยคำลวงหลอก 1,th-TH
Dusta dan Tipu Daya 2,ถ้อยคำลวงหลอก 2,th-TH
Dusta dan Tipu Daya 3,ถ้อยคำลวงหลอก 3,th-TH
Dusta dan Tipu Daya 4,ถ้อยคำลวงหลอก 4,th-TH
Duty Action,เวรปฏิบัติการ,th-TH
Duty Action (I),เวรปฏิบัติการ 1,th-TH
Duty Action (II),เวรปฏิบัติการ 2,th-TH
Duty Action (III),เวรปฏิบัติการ 3,th-TH
Duty Action (IV),เวรปฏิบัติการ 4,th-TH
Duty Action (IX),เวรปฏิบัติการ 9,th-TH
Duty Action (V),เวรปฏิบัติการ 5,th-TH
Duty Action (VI),เวรปฏิบัติการ 6,th-TH
Duty Action (VII),เวรปฏิบัติการ 7,th-TH
Duty Action (VIII),เวรปฏิบัติการ 8,th-TH
Duty Action (X),เวรปฏิบัติการ 10,th-TH
Duty Action (XI),เวรปฏิบัติการ 11,th-TH
Duty Action (XII),เวรปฏิบัติการ 12,th-TH
Dược Vương Thùy Tích,ร่องรอยแห่ง Sanctus Medicus,th-TH
Dược Vương Thùy Tích 1,ร่องรอยแห่ง Sanctus Medicus 1,th-TH
Dược Vương Thùy Tích 10,ร่องรอยแห่ง Sanctus Medicus 10,th-TH
Dược Vương Thùy Tích 2,ร่องรอยแห่ง Sanctus Medicus 2,th-TH
Dược Vương Thùy Tích 3,ร่องรอยแห่ง Sanctus Medicus 3,th-TH
Dược Vương Thùy Tích 4,ร่องรอยแห่ง Sanctus Medicus 4,th-TH
Dược Vương Thùy Tích 5,ร่องรอยแห่ง Sanctus Medicus 5,th-TH
Dược Vương Thùy Tích 6,ร่องรอยแห่ง Sanctus Medicus 6,th-TH
Dược Vương Thùy Tích 7,ร่องรอยแห่ง Sanctus Medicus 7,th-TH
Dược Vương Thùy Tích 8,ร่องรอยแห่ง Sanctus Medicus 8,th-TH
Dược Vương Thùy Tích 9,ร่องรอยแห่ง Sanctus Medicus 9,th-TH
Ein Schuss vom Himmel,ศรสะเทือนฟ้า,th-TH
Ein Schuss vom Himmel I,ศรสะเทือนฟ้า 1,th-TH
Ein Schuss vom Himmel II,ศรสะเทือนฟ้า 2,th-TH
Ein Schuss vom Himmel III,ศรสะเทือนฟ้า 3,th-TH
Ein Schuss vom Himmel IV,ศรสะเทือนฟ้า 4,th-TH
Ein Schuss vom Himmel IX,ศรสะเทือนฟ้า 9,th-TH
Ein Schuss vom Himmel V,ศรสะเทือนฟ้า 5,th-TH
Ein Schuss vom Himmel VI,ศรสะเทือนฟ้า 6,th-TH
Ein Schuss vom Himmel VII,ศรสะเทือนฟ้า 7,th-TH
Ein Schuss vom Himmel VIII,ศรสะเทือนฟ้า 8,th-TH
Ein Schuss vom Himmel X,ศรสะเทือนฟ้า 10,th-TH
Ein Traum im Traume,ฝันซ้อนฝัน,th-TH
Ein Traum im Traume I,ฝันซ้อนฝัน 1,th-TH
Ein Traum im Traume II,ฝันซ้อนฝัน 2,th-TH
Ein Traum im Traume III,ฝันซ้อนฝัน 3,th-TH
Ein Traum im Traume IV,ฝันซ้อนฝัน 4,th-TH
Ein Traum im Traume IX,ฝันซ้อนฝัน 9,th-TH
Ein Traum im Traume V,ฝันซ้อนฝัน 5,th-TH
Ein Traum im Traume VI,ฝันซ้อนฝัน 6,th-TH
Ein Traum im Traume VII,ฝันซ้อนฝัน 7,th-TH
Ein Traum im Traume VIII,ฝันซ้อนฝัน 8,th-TH
Ein Traum im Traume X,ฝันซ้อนฝัน 10,th-TH
Ein Traum im Traume XI,ฝันซ้อนฝัน 11,th-TH
Ein Traum im Traume XII,ฝันซ้อนฝัน 12,th-TH
Eines Liedes Beiklang,เสียงพ้องทำนองซ้อน,th-TH
Eines Liedes Beiklang I,เสียงพ้องทำนองซ้อน 1,th-TH
Eines Liedes Beiklang II,เสียงพ้องทำนองซ้อน 2,th-TH
Eines Liedes Beiklang III,เสียงพ้องทำนองซ้อน 3,th-TH
Eines Liedes Beiklang IV,เสียงพ้องทำนองซ้อน 4,th-TH
Eines Liedes Beiklang IX,เสียงพ้องทำนองซ้อน 9,th-TH
Eines Liedes Beiklang V,เสียงพ้องทำนองซ้อน 5,th-TH
Eines Liedes Beiklang VI,เสียงพ้องทำนองซ้อน 6,th-TH
Eines Liedes Beiklang VII,เสียงพ้องทำนองซ้อน 7,th-TH
Eines Liedes Beiklang VIII,เสียงพ้องทำนองซ้อน 8,th-TH
Eines Liedes Beiklang X,เสียงพ้องทำนองซ้อน 10,th-TH
Eines Liedes Beiklang XI,เสียงพ้องทำนองซ้อน 11,th-TH
Eines Liedes Beiklang XII,เสียงพ้องทำนองซ้อน 12,th-TH
Einsame Reise im endlosen Himmel,การเดินทางอันโดดเดี่ยวในห้วงอวกาศ,th-TH
Einsame Reise im endlosen Himmel I,การเดินทางอันโดดเดี่ยวในห้วงอวกาศ 1,th-TH
Einsame Reise im endlosen Himmel II,การเดินทางอันโดดเดี่ยวในห้วงอวกาศ 2,th-TH
Einsame Reise im endlosen Himmel III,การเดินทางอันโดดเดี่ยวในห้วงอวกาศ 3,th-TH
Einsame Reise im endlosen Himmel IV,การเดินทางอันโดดเดี่ยวในห้วงอวกาศ 4,th-TH
Einsame Reise im endlosen Himmel IX,การเดินทางอันโดดเดี่ยวในห้วงอวกาศ 9,th-TH
Einsame Reise im endlosen Himmel V,การเดินทางอันโดดเดี่ยวในห้วงอวกาศ 5,th-TH
Einsame Reise im endlosen Himmel VI,การเดินทางอันโดดเดี่ยวในห้วงอวกาศ 6,th-TH
Einsame Reise im endlosen Himmel VII,การเดินทางอันโดดเดี่ยวในห้วงอวกาศ 7,th-TH
Einsame Reise im endlosen Himmel VIII,การเดินทางอันโดดเดี่ยวในห้วงอวกาศ 8,th-TH
Einsame Reise im endlosen Himmel X,การเดินทางอันโดดเดี่ยวในห้วงอวกาศ 10,th-TH
Eiswind des Schleiers,เหมันต์อนธการ,th-TH
Eiswind des Schleiers: Schwierigkeitsgrad 01,เหมันต์อนธการ: ความยาก 01,th-TH
Eiswind des Schleiers: Schwierigkeitsgrad 02,เหมันต์อนธการ: ความยาก 02,th-TH
Eiswind des Schleiers: Schwierigkeitsgrad 03,เหมันต์อนธการ: ความยาก 03,th-TH
Eiswind des Schleiers: Schwierigkeitsgrad 04,เหมันต์อนธการ: ความยาก 04,th-TH
Eiszapfen-Träumerei,ห้วงฝันแห่งรอยน้ำแข็ง,th-TH
Eiszapfen-Träumerei I,ห้วงฝันแห่งรอยน้ำแข็งขั้นที่ 1,th-TH
Eiszapfen-Träumerei II,ห้วงฝันแห่งรอยน้ำแข็งขั้นที่ 2,th-TH
Eiszapfen-Träumerei III,ห้วงฝันแห่งรอยน้ำแข็งขั้นที่ 3,th-TH
Eiszapfen-Träumerei IV,ห้วงฝันแห่งรอยน้ำแข็งขั้นที่ 4,th-TH
Eiszapfen-Träumerei IX,ห้วงฝันแห่งรอยน้ำแข็งขั้นที่ 9,th-TH
Eiszapfen-Träumerei V,ห้วงฝันแห่งรอยน้ำแข็งขั้นที่ 5,th-TH
Eiszapfen-Träumerei VI,ห้วงฝันแห่งรอยน้ำแข็งขั้นที่ 6,th-TH
Eiszapfen-Träumerei VII,ห้วงฝันแห่งรอยน้ำแข็งขั้นที่ 7,th-TH
Eiszapfen-Träumerei VIII,ห้วงฝันแห่งรอยน้ำแข็งขั้นที่ 8,th-TH
Eiszapfen-Träumerei X,ห้วงฝันแห่งรอยน้ำแข็งขั้นที่ 10,th-TH
El fin de la tormenta,พายุฉุดชีวัน,th-TH
El fin de la tormenta I,พายุฉุดชีวันขั้นที่ 1,th-TH
El fin de la tormenta II,พายุฉุดชีวันขั้นที่ 2,th-TH
El fin de la tormenta III,พายุฉุดชีวันขั้นที่ 3,th-TH
El fin de la tormenta IV,พายุฉุดชีวันขั้นที่ 4,th-TH
El fin de la tormenta IX,พายุฉุดชีวันขั้นที่ 9,th-TH
El fin de la tormenta V,พายุฉุดชีวันขั้นที่ 5,th-TH
El fin de la tormenta VI,พายุฉุดชีวันขั้นที่ 6,th-TH
El fin de la tormenta VII,พายุฉุดชีวันขั้นที่ 7,th-TH
El fin de la tormenta VIII,พายุฉุดชีวันขั้นที่ 8,th-TH
El fin de la tormenta X,พายุฉุดชีวันขั้นที่ 10,th-TH
El viaje de las naves astriger,บันทึกของเรือแสวงหายาอมตะ,th-TH
En el mundo mortal,ในม้วนตำราโลกธุลี,th-TH
Ende des Sturms,พายุฉุดชีวัน,th-TH
Ende des Sturms I,พายุฉุดชีวันขั้นที่ 1,th-TH
Ende des Sturms II,พายุฉุดชีวันขั้นที่ 2,th-TH
Ende des Sturms III,พายุฉุดชีวันขั้นที่ 3,th-TH
Ende des Sturms IV,พายุฉุดชีวันขั้นที่ 4,th-TH
Ende des Sturms IX,พายุฉุดชีวันขั้นที่ 9,th-TH
Ende des Sturms V,พายุฉุดชีวันขั้นที่ 5,th-TH
Ende des Sturms VI,พายุฉุดชีวันขั้นที่ 6,th-TH
Ende des Sturms VII,พายุฉุดชีวันขั้นที่ 7,th-TH
Ende des Sturms VIII,พายุฉุดชีวันขั้นที่ 8,th-TH
Ende des Sturms X,พายุฉุดชีวันขั้นที่ 10,th-TH
Enigma Léxico,ศัพท์ใหม่ชวนฉงน,th-TH
Enigma in Deep Space,ปริศนาในห้วงอวกาศ,th-TH
Enigma in Deep Space (I),ปริศนาในห้วงอวกาศ 1,th-TH
Enigma in Deep Space (II),ปริศนาในห้วงอวกาศ 2,th-TH
Enigma in Deep Space (III),ปริศนาในห้วงอวกาศ 3,th-TH
Enigma in Deep Space (IV),ปริศนาในห้วงอวกาศ 4,th-TH
Enigma in Deep Space (IX),ปริศนาในห้วงอวกาศ 9,th-TH
Enigma in Deep Space (V),ปริศนาในห้วงอวกาศ 5,th-TH
Enigma in Deep Space (VI),ปริศนาในห้วงอวกาศ 6,th-TH
Enigma in Deep Space (VII),ปริศนาในห้วงอวกาศ 7,th-TH
Enigma in Deep Space (VIII),ปริศนาในห้วงอวกาศ 8,th-TH
Enigma in Deep Space (X),ปริศนาในห้วงอวกาศ 10,th-TH
Enigma in Deep Space (XI),ปริศนาในห้วงอวกาศ 11,th-TH
Enigma in Deep Space (XII),ปริศนาในห้วงอวกาศ 12,th-TH
Enigma no Espaço Profundo,ปริศนาในห้วงอวกาศ,th-TH
Enigma no Espaço Profundo Estágio 1,ปริศนาในห้วงอวกาศ 1,th-TH
Enigma no Espaço Profundo Estágio 10,ปริศนาในห้วงอวกาศ 10,th-TH
Enigma no Espaço Profundo Estágio 11,ปริศนาในห้วงอวกาศ 11,th-TH
Enigma no Espaço Profundo Estágio 12,ปริศนาในห้วงอวกาศ 12,th-TH
Enigma no Espaço Profundo Estágio 2,ปริศนาในห้วงอวกาศ 2,th-TH
Enigma no Espaço Profundo Estágio 3,ปริศนาในห้วงอวกาศ 3,th-TH
Enigma no Espaço Profundo Estágio 4,ปริศนาในห้วงอวกาศ 4,th-TH
Enigma no Espaço Profundo Estágio 5,ปริศนาในห้วงอวกาศ 5,th-TH
Enigma no Espaço Profundo Estágio 6,ปริศนาในห้วงอวกาศ 6,th-TH
Enigma no Espaço Profundo Estágio 7,ปริศนาในห้วงอวกาศ 7,th-TH
Enigma no Espaço Profundo Estágio 8,ปริศนาในห้วงอวกาศ 8,th-TH
Enigma no Espaço Profundo Estágio 9,ปริศนาในห้วงอวกาศ 9,th-TH
Envolto pelo Mundo,ในม้วนตำราโลกธุลี,th-TH
Enwreathed by the World,ในม้วนตำราโลกธุลี,th-TH
Epic Collection,ชุดบทกวีมหากาพย์,th-TH
Epic Collection (I),ชุดบทกวีมหากาพย์ 1,th-TH
Epic Collection (II),ชุดบทกวีมหากาพย์ 2,th-TH
Epic Collection (III),ชุดบทกวีมหากาพย์ 3,th-TH
Epic Collection (IV),ชุดบทกวีมหากาพย์ 4,th-TH
Epische Sammlung,ชุดบทกวีมหากาพย์,th-TH
Epische Sammlung I,ชุดบทกวีมหากาพย์ 1,th-TH
Epische Sammlung II,ชุดบทกวีมหากาพย์ 2,th-TH
Epische Sammlung III,ชุดบทกวีมหากาพย์ 3,th-TH
Epische Sammlung IV,ชุดบทกวีมหากาพย์ 4,th-TH
Erinnerungen an Xianzhou I,Memory แห่ง Xianzhou ขั้นที่ 1,th-TH
Erinnerungen an Xianzhou II,Memory แห่ง Xianzhou ขั้นที่ 2,th-TH
Erinnerungen an Xianzhou III,Memory แห่ง Xianzhou ขั้นที่ 3,th-TH
Erinnerungen an Xianzhou IV,Memory แห่ง Xianzhou ขั้นที่ 4,th-TH
Erinnerungen an Xianzhou V,Memory แห่ง Xianzhou ขั้นที่ 5,th-TH
Erinnerungen an Xianzhou VI,Memory แห่ง Xianzhou ขั้นที่ 6,th-TH
Erinnerungsstufe 11,Memory ขั้นที่ 11,th-TH
Erinnerungsstufe I,Memory ขั้นที่ 1,th-TH
Erinnerungsstufe II,Memory ขั้นที่ 2,th-TH
Erinnerungsstufe III,Memory ขั้นที่ 3,th-TH
Erinnerungsstufe IV,Memory ขั้นที่ 4,th-TH
Erinnerungsstufe IX,Memory ขั้นที่ 9,th-TH
Erinnerungsstufe V,Memory ขั้นที่ 5,th-TH
Erinnerungsstufe VI,Memory ขั้นที่ 6,th-TH
Erinnerungsstufe VII,Memory ขั้นที่ 7,th-TH
Erinnerungsstufe VIII,Memory ขั้นที่ 8,th-TH
Erinnerungsstufe X,Memory ขั้นที่ 10,th-TH
Erinnerungsstufe XII,Memory ขั้นที่ 12,th-TH
Erinnerungsstufe XIII,Memory ขั้นที่ 13,th-TH
Erinnerungsstufe XIV,Memory ขั้นที่ 14,th-TH
Erinnerungsstufe XV,Memory ขั้นที่ 15,th-TH
Erreiche #1 Pkt.,ได้รับ #1 คะแนน,th-TH
Erreur de catégorie,ตรรกะผิดหมวด,th-TH
Erreur de catégorie (I),ตรรกะผิดหมวด 1,th-TH
Erreur de catégorie (II),ตรรกะผิดหมวด 2,th-TH
Erreur de catégorie (III),ตรรกะผิดหมวด 3,th-TH
Erreur de catégorie (IV),ตรรกะผิดหมวด 4,th-TH
Erreur de catégorie (IX),ตรรกะผิดหมวด 9,th-TH
Erreur de catégorie (V),ตรรกะผิดหมวด 5,th-TH
Erreur de catégorie (VI),ตรรกะผิดหมวด 6,th-TH
Erreur de catégorie (VII),ตรรกะผิดหมวด 7,th-TH
Erreur de catégorie (VIII),ตรรกะผิดหมวด 8,th-TH
Erreur de catégorie (X),ตรรกะผิดหมวด 10,th-TH
Erreur de catégorie (XI),ตรรกะผิดหมวด 11,th-TH
Erreur de catégorie (XII),ตรรกะผิดหมวด 12,th-TH
Erro de Categoria,ตรรกะผิดหมวด,th-TH
Erro de Categoria (I),ตรรกะผิดหมวด 1,th-TH
Erro de Categoria (II),ตรรกะผิดหมวด 2,th-TH
Erro de Categoria (III),ตรรกะผิดหมวด 3,th-TH
Erro de Categoria (IV),ตรรกะผิดหมวด 4,th-TH
Erro de Categoria (IX),ตรรกะผิดหมวด 9,th-TH
Erro de Categoria (V),ตรรกะผิดหมวด 5,th-TH
Erro de Categoria (VI),ตรรกะผิดหมวด 6,th-TH
Erro de Categoria (VII),ตรรกะผิดหมวด 7,th-TH
Erro de Categoria (VIII),ตรรกะผิดหมวด 8,th-TH
Erro de Categoria (X),ตรรกะผิดหมวด 10,th-TH
Erro de Categoria (XI),ตรรกะผิดหมวด 11,th-TH
Erro de Categoria (XII),ตรรกะผิดหมวด 12,th-TH
Error de categoría,ตรรกะผิดหมวด,th-TH
Error de categoría I,ตรรกะผิดหมวด 1,th-TH
Error de categoría II,ตรรกะผิดหมวด 2,th-TH
Error de categoría III,ตรรกะผิดหมวด 3,th-TH
Error de categoría IV,ตรรกะผิดหมวด 4,th-TH
Error de categoría IX,ตรรกะผิดหมวด 9,th-TH
Error de categoría V,ตรรกะผิดหมวด 5,th-TH
Error de categoría VI,ตรรกะผิดหมวด 6,th-TH
Error de categoría VII,ตรรกะผิดหมวด 7,th-TH
Error de categoría VIII,ตรรกะผิดหมวด 8,th-TH
Error de categoría X,ตรรกะผิดหมวด 10,th-TH
Error de categoría XI,ตรรกะผิดหมวด 11,th-TH
Error de categoría XII,ตรรกะผิดหมวด 12,th-TH
Es Mencari Kehangatan,ย่ำน้ำแข็งแสวงเพลิง,th-TH
Es Mencari Kehangatan 1,ย่ำน้ำแข็งแสวงเพลิงขั้นที่ 1,th-TH
Es Mencari Kehangatan 10,ย่ำน้ำแข็งแสวงเพลิงขั้นที่ 10,th-TH
Es Mencari Kehangatan 2,ย่ำน้ำแข็งแสวงเพลิงขั้นที่ 2,th-TH
Es Mencari Kehangatan 3,ย่ำน้ำแข็งแสวงเพลิงขั้นที่ 3,th-TH
Es Mencari Kehangatan 4,ย่ำน้ำแข็งแสวงเพลิงขั้นที่ 4,th-TH
Es Mencari Kehangatan 5,ย่ำน้ำแข็งแสวงเพลิงขั้นที่ 5,th-TH
Es Mencari Kehangatan 6,ย่ำน้ำแข็งแสวงเพลิงขั้นที่ 6,th-TH
Es Mencari Kehangatan 7,ย่ำน้ำแข็งแสวงเพลิงขั้นที่ 7,th-TH
Es Mencari Kehangatan 8,ย่ำน้ำแข็งแสวงเพลิงขั้นที่ 8,th-TH
Es Mencari Kehangatan 9,ย่ำน้ำแข็งแสวงเพลิงขั้นที่ 9,th-TH
Estructura en tres actos,โครงสร้างสามองก์,th-TH
Estructura en tres actos I,โครงสร้างสามองก์ 1,th-TH
Estructura en tres actos II,โครงสร้างสามองก์ 2,th-TH
Estructura en tres actos III,โครงสร้างสามองก์ 3,th-TH
Estructura en tres actos IV,โครงสร้างสามองก์ 4,th-TH
Estrutura de Três Atos,โครงสร้างสามองก์,th-TH
Estrutura de Três Atos (I),โครงสร้างสามองก์ 1,th-TH
Estrutura de Três Atos (II),โครงสร้างสามองก์ 2,th-TH
Estrutura de Três Atos (III),โครงสร้างสามองก์ 3,th-TH
Estrutura de Três Atos (IV),โครงสร้างสามองก์ 4,th-TH
Estágio 1 da Adversidade do Ferro Frio,ลับคมเหล็กเหมันต์ขั้นที่ 1,th-TH
Estágio 1 da Busca Hiperbórea pelo Calor,ย่ำน้ำแข็งแสวงเพลิงขั้นที่ 1,th-TH
Estágio 1 de Abala-tempestade,พายุฉุดชีวันขั้นที่ 1,th-TH
Estágio 1 de Um Sonho Dentro de um Sonho,ฝันซ้อนฝัน 1,th-TH
Estágio 1 do Enigma Léxico,ศัพท์ใหม่ชวนฉงน 1,th-TH
Estágio 1 do Tema Verdadeiro de uma Canção,เสียงพ้องทำนองซ้อน 1,th-TH
Estágio 10 da Adversidade do Ferro Frio,ลับคมเหล็กเหมันต์ขั้นที่ 10,th-TH
Estágio 10 da Busca Hiperbórea pelo Calor,ย่ำน้ำแข็งแสวงเพลิงขั้นที่ 10,th-TH
Estágio 10 de Abala-tempestade,พายุฉุดชีวันขั้นที่ 10,th-TH
Estágio 10 de Um Sonho Dentro de um Sonho,ฝันซ้อนฝัน 10,th-TH
Estágio 10 do Tema Verdadeiro de uma Canção,เสียงพ้องทำนองซ้อน 10,th-TH
Estágio 11 de Um Sonho Dentro de um Sonho,ฝันซ้อนฝัน 11,th-TH
Estágio 11 do Tema Verdadeiro de uma Canção,เสียงพ้องทำนองซ้อน 11,th-TH
Estágio 12 de Um Sonho Dentro de um Sonho,ฝันซ้อนฝัน 12,th-TH
Estágio 12 do Tema Verdadeiro de uma Canção,เสียงพ้องทำนองซ้อน 12,th-TH
Estágio 2 da Adversidade do Ferro Frio,ลับคมเหล็กเหมันต์ขั้นที่ 2,th-TH
Estágio 2 da Busca Hiperbórea pelo Calor,ย่ำน้ำแข็งแสวงเพลิงขั้นที่ 2,th-TH
Estágio 2 de Abala-tempestade,พายุฉุดชีวันขั้นที่ 2,th-TH
Estágio 2 de Um Sonho Dentro de um Sonho,ฝันซ้อนฝัน 2,th-TH
Estágio 2 do Enigma Léxico,ศัพท์ใหม่ชวนฉงน 2,th-TH
Estágio 2 do Tema Verdadeiro de uma Canção,เสียงพ้องทำนองซ้อน 2,th-TH
Estágio 3 da Adversidade do Ferro Frio,ลับคมเหล็กเหมันต์ขั้นที่ 3,th-TH
Estágio 3 da Busca Hiperbórea pelo Calor,ย่ำน้ำแข็งแสวงเพลิงขั้นที่ 3,th-TH
Estágio 3 de Abala-tempestade,พายุฉุดชีวันขั้นที่ 3,th-TH
Estágio 3 de Um Sonho Dentro de um Sonho,ฝันซ้อนฝัน 3,th-TH
Estágio 3 do Enigma Léxico,ศัพท์ใหม่ชวนฉงน 3,th-TH
Estágio 3 do Tema Verdadeiro de uma Canção,เสียงพ้องทำนองซ้อน 3,th-TH
Estágio 4 da Adversidade do Ferro Frio,ลับคมเหล็กเหมันต์ขั้นที่ 4,th-TH
Estágio 4 da Busca Hiperbórea pelo Calor,ย่ำน้ำแข็งแสวงเพลิงขั้นที่ 4,th-TH
Estágio 4 de Abala-tempestade,พายุฉุดชีวันขั้นที่ 4,th-TH
Estágio 4 de Um Sonho Dentro de um Sonho,ฝันซ้อนฝัน 4,th-TH
Estágio 4 do Enigma Léxico,ศัพท์ใหม่ชวนฉงน 4,th-TH
Estágio 4 do Tema Verdadeiro de uma Canção,เสียงพ้องทำนองซ้อน 4,th-TH
Estágio 5 da Adversidade do Ferro Frio,ลับคมเหล็กเหมันต์ขั้นที่ 5,th-TH
Estágio 5 da Busca Hiperbórea pelo Calor,ย่ำน้ำแข็งแสวงเพลิงขั้นที่ 5,th-TH
Estágio 5 de Abala-tempestade,พายุฉุดชีวันขั้นที่ 5,th-TH
Estágio 5 de Um Sonho Dentro de um Sonho,ฝันซ้อนฝัน 5,th-TH
Estágio 5 do Tema Verdadeiro de uma Canção,เสียงพ้องทำนองซ้อน 5,th-TH
Estágio 6 da Adversidade do Ferro Frio,ลับคมเหล็กเหมันต์ขั้นที่ 6,th-TH
Estágio 6 da Busca Hiperbórea pelo Calor,ย่ำน้ำแข็งแสวงเพลิงขั้นที่ 6,th-TH
Estágio 6 de Abala-tempestade,พายุฉุดชีวันขั้นที่ 6,th-TH
Estágio 6 de Um Sonho Dentro de um Sonho,ฝันซ้อนฝัน 6,th-TH
Estágio 6 do Tema Verdadeiro de uma Canção,เสียงพ้องทำนองซ้อน 6,th-TH
Estágio 7 da Adversidade do Ferro Frio,ลับคมเหล็กเหมันต์ขั้นที่ 7,th-TH
Estágio 7 da Busca Hiperbórea pelo Calor,ย่ำน้ำแข็งแสวงเพลิงขั้นที่ 7,th-TH
Estágio 7 de Abala-tempestade,พายุฉุดชีวันขั้นที่ 7,th-TH
Estágio 7 de Um Sonho Dentro de um Sonho,ฝันซ้อนฝัน 7,th-TH
Estágio 7 do Tema Verdadeiro de uma Canção,เสียงพ้องทำนองซ้อน 7,th-TH
Estágio 8 da Adversidade do Ferro Frio,ลับคมเหล็กเหมันต์ขั้นที่ 8,th-TH
Estágio 8 da Busca Hiperbórea pelo Calor,ย่ำน้ำแข็งแสวงเพลิงขั้นที่ 8,th-TH
Estágio 8 de Abala-tempestade,พายุฉุดชีวันขั้นที่ 8,th-TH
Estágio 8 de Um Sonho Dentro de um Sonho,ฝันซ้อนฝัน 8,th-TH
Estágio 8 do Tema Verdadeiro de uma Canção,เสียงพ้องทำนองซ้อน 8,th-TH
Estágio 9 da Adversidade do Ferro Frio,ลับคมเหล็กเหมันต์ขั้นที่ 9,th-TH
Estágio 9 da Busca Hiperbórea pelo Calor,ย่ำน้ำแข็งแสวงเพลิงขั้นที่ 9,th-TH
Estágio 9 de Abala-tempestade,พายุฉุดชีวันขั้นที่ 9,th-TH
Estágio 9 de Um Sonho Dentro de um Sonho,ฝันซ้อนฝัน 9,th-TH
Estágio 9 do Tema Verdadeiro de uma Canção,เสียงพ้องทำนองซ้อน 9,th-TH
Ethereal Shipcraft,เรือแห่งความฝัน,th-TH
Ethereal Shipcraft (I),เรือแห่งความฝัน 1,th-TH
Ethereal Shipcraft (II),เรือแห่งความฝัน 2,th-TH
Ethereal Shipcraft (III),เรือแห่งความฝัน 3,th-TH
Ethereal Shipcraft (IV),เรือแห่งความฝัน 4,th-TH
Ethereal Shipcraft (IX),เรือแห่งความฝัน 9,th-TH
Ethereal Shipcraft (V),เรือแห่งความฝัน 5,th-TH
Ethereal Shipcraft (VI),เรือแห่งความฝัน 6,th-TH
Ethereal Shipcraft (VII),เรือแห่งความฝัน 7,th-TH
Ethereal Shipcraft (VIII),เรือแห่งความฝัน 8,th-TH
Ethereal Shipcraft (X),เรือแห่งความฝัน 10,th-TH
Eve of Wanton Feast,ช่วงเวลาแห่งงานฉลอง,th-TH
Eve of Wanton Feast (I),ช่วงเวลาแห่งงานฉลอง 1,th-TH
Eve of Wanton Feast (II),ช่วงเวลาแห่งงานฉลอง 2,th-TH
Eve of Wanton Feast (III),ช่วงเวลาแห่งงานฉลอง 3,th-TH
Eve of Wanton Feast (IV),ช่วงเวลาแห่งงานฉลอง 4,th-TH
Eve of Wanton Feast (IX),ช่วงเวลาแห่งงานฉลอง 9,th-TH
Eve of Wanton Feast (V),ช่วงเวลาแห่งงานฉลอง 5,th-TH
Eve of Wanton Feast (VI),ช่วงเวลาแห่งงานฉลอง 6,th-TH
Eve of Wanton Feast (VII),ช่วงเวลาแห่งงานฉลอง 7,th-TH
Eve of Wanton Feast (VIII),ช่วงเวลาแห่งงานฉลอง 8,th-TH
Eve of Wanton Feast (X),ช่วงเวลาแห่งงานฉลอง 10,th-TH
Eve of Wanton Feast (XI),ช่วงเวลาแห่งงานฉลอง 11,th-TH
Eve of Wanton Feast (XII),ช่วงเวลาแห่งงานฉลอง 12,th-TH
Everwinter Trials,บททดสอบจากเหมันต์นิรันดร์,th-TH
Everwinter Trials (I),บททดสอบจากเหมันต์นิรันดร์ขั้นที่ 1,th-TH
Everwinter Trials (II),บททดสอบจากเหมันต์นิรันดร์ขั้นที่ 2,th-TH
Everwinter Trials (III),บททดสอบจากเหมันต์นิรันดร์ขั้นที่ 3,th-TH
Everwinter Trials (IV),บททดสอบจากเหมันต์นิรันดร์ขั้นที่ 4,th-TH
Everwinter Trials (IX),บททดสอบจากเหมันต์นิรันดร์ขั้นที่ 9,th-TH
Everwinter Trials (V),บททดสอบจากเหมันต์นิรันดร์ขั้นที่ 5,th-TH
Everwinter Trials (VI),บททดสอบจากเหมันต์นิรันดร์ขั้นที่ 6,th-TH
Everwinter Trials (VII),บททดสอบจากเหมันต์นิรันดร์ขั้นที่ 7,th-TH
Everwinter Trials (VIII),บททดสอบจากเหมันต์นิรันดร์ขั้นที่ 8,th-TH
Everwinter Trials (X),บททดสอบจากเหมันต์นิรันดร์ขั้นที่ 10,th-TH
Evocación I,Memory ขั้นที่ 1,th-TH
Evocación II,Memory ขั้นที่ 2,th-TH
Evocación III,Memory ขั้นที่ 3,th-TH
Evocación IV,Memory ขั้นที่ 4,th-TH
Evocación IX,Memory ขั้นที่ 9,th-TH
Evocación V,Memory ขั้นที่ 5,th-TH
Evocación VI,Memory ขั้นที่ 6,th-TH
Evocación VII,Memory ขั้นที่ 7,th-TH
Evocación VIII,Memory ขั้นที่ 8,th-TH
Evocación X,Memory ขั้นที่ 10,th-TH
Evocación XI,Memory ขั้นที่ 11,th-TH
Evocación XII,Memory ขั้นที่ 12,th-TH
Evocación XIII,Memory ขั้นที่ 13,th-TH
Evocación XIV,Memory ขั้นที่ 14,th-TH
Evocación XV,Memory ขั้นที่ 15,th-TH
Ewiger Schlaf I,นิทราไม่รู้ตื่น 1,th-TH
Ewiger Schlaf II,นิทราไม่รู้ตื่น 2,th-TH
Ewiger Schlaf III,นิทราไม่รู้ตื่น 3,th-TH
Ewiger Schlaf IV,นิทราไม่รู้ตื่น 4,th-TH
Ewiger Schlaf IX,นิทราไม่รู้ตื่น 9,th-TH
Ewiger Schlaf V,นิทราไม่รู้ตื่น 5,th-TH
Ewiger Schlaf VI,นิทราไม่รู้ตื่น 6,th-TH
Ewiger Schlaf VII,นิทราไม่รู้ตื่น 7,th-TH
Ewiger Schlaf VIII,นิทราไม่รู้ตื่น 8,th-TH
Ewiger Schlaf X,นิทราไม่รู้ตื่น 10,th-TH
Ewiger Schlaf XI,นิทราไม่รู้ตื่น 11,th-TH
Ewiger Schlaf XII,นิทราไม่รู้ตื่น 12,th-TH
Expresiones trilladas,ถ้อยคำจำเจ,th-TH
Expresiones trilladas I,ถ้อยคำจำเจ 1,th-TH
Expresiones trilladas II,ถ้อยคำจำเจ 2,th-TH
Expresiones trilladas III,ถ้อยคำจำเจ 3,th-TH
Expresiones trilladas IV,ถ้อยคำจำเจ 4,th-TH
Expression d'éloquence,บุษบงที่พร่างพราว,th-TH
Expression d'éloquence (I),บุษบงที่พร่างพราว 1,th-TH
Expression d'éloquence (II),บุษบงที่พร่างพราว 2,th-TH
Expression d'éloquence (III),บุษบงที่พร่างพราว 3,th-TH
Expression d'éloquence (IV),บุษบงที่พร่างพราว 4,th-TH
Fabricated Business,ธุรกิจสร้างเรื่องราว,th-TH
Fabricated Business (I),ธุรกิจสร้างเรื่องราว 1,th-TH
Fabricated Business (II),ธุรกิจสร้างเรื่องราว 2,th-TH
Fabricated Business (III),ธุรกิจสร้างเรื่องราว 3,th-TH
Fabricated Business (IV),ธุรกิจสร้างเรื่องราว 4,th-TH
Fabricação de Naves Etéreas,เรือแห่งความฝัน,th-TH
Fabricação de Naves Etéreas Estágio 1,เรือแห่งความฝัน 1,th-TH
Fabricação de Naves Etéreas Estágio 10,เรือแห่งความฝัน 10,th-TH
Fabricação de Naves Etéreas Estágio 2,เรือแห่งความฝัน 2,th-TH
Fabricação de Naves Etéreas Estágio 3,เรือแห่งความฝัน 3,th-TH
Fabricação de Naves Etéreas Estágio 4,เรือแห่งความฝัน 4,th-TH
Fabricação de Naves Etéreas Estágio 5,เรือแห่งความฝัน 5,th-TH
Fabricação de Naves Etéreas Estágio 6,เรือแห่งความฝัน 6,th-TH
Fabricação de Naves Etéreas Estágio 7,เรือแห่งความฝัน 7,th-TH
Fabricação de Naves Etéreas Estágio 8,เรือแห่งความฝัน 8,th-TH
Fabricação de Naves Etéreas Estágio 9,เรือแห่งความฝัน 9,th-TH
Facéties de Youci,เรื่อง (อย่า) เล่าจาก Youci,th-TH
Facéties de Youci (I),เรื่อง (อย่า) เล่าจาก Youci 1,th-TH
Facéties de Youci (II),เรื่อง (อย่า) เล่าจาก Youci 2,th-TH
Facéties de Youci (III),เรื่อง (อย่า) เล่าจาก Youci 3,th-TH
Facéties de Youci (IV),เรื่อง (อย่า) เล่าจาก Youci 4,th-TH
Falsehood to Fact,ยืมเท็จสร้างจริง,th-TH
Falsehood to Fact (I),ยืมเท็จสร้างจริง 1,th-TH
Falsehood to Fact (II),ยืมเท็จสร้างจริง 2,th-TH
Falsehood to Fact (III),ยืมเท็จสร้างจริง 3,th-TH
Falsehood to Fact (IV),ยืมเท็จสร้างจริง 4,th-TH
Faveur de l'Ambre,พรแห่งอำพัน,th-TH
Faveur de l'Ambre Niv. 1,พรแห่งอำพันขั้นที่ 1,th-TH
Faveur de l'Ambre Niv. 10,พรแห่งอำพันขั้นที่ 10,th-TH
Faveur de l'Ambre Niv. 2,พรแห่งอำพันขั้นที่ 2,th-TH
Faveur de l'Ambre Niv. 3,พรแห่งอำพันขั้นที่ 3,th-TH
Faveur de l'Ambre Niv. 4,พรแห่งอำพันขั้นที่ 4,th-TH
Faveur de l'Ambre Niv. 5,พรแห่งอำพันขั้นที่ 5,th-TH
Faveur de l'Ambre Niv. 6,พรแห่งอำพันขั้นที่ 6,th-TH
Faveur de l'Ambre Niv. 7,พรแห่งอำพันขั้นที่ 7,th-TH
Faveur de l'Ambre Niv. 8,พรแห่งอำพันขั้นที่ 8,th-TH
Faveur de l'Ambre Niv. 9,พรแห่งอำพันขั้นที่ 9,th-TH
Faveur de l'Ambre Phase (I),พรแห่งอำพันขั้นที่ 1,th-TH
Faveur de l'Ambre Phase (II),พรแห่งอำพันขั้นที่ 2,th-TH
Faveur de l'Ambre Phase (III),พรแห่งอำพันขั้นที่ 3,th-TH
Faveur de l'Ambre Phase (IV),พรแห่งอำพันขั้นที่ 4,th-TH
Faveur de l'Ambre Phase (IX),พรแห่งอำพันขั้นที่ 9,th-TH
Faveur de l'Ambre Phase (V),พรแห่งอำพันขั้นที่ 5,th-TH
Faveur de l'Ambre Phase (VI),พรแห่งอำพันขั้นที่ 6,th-TH
Faveur de l'Ambre Phase (VII),พรแห่งอำพันขั้นที่ 7,th-TH
Faveur de l'Ambre Phase (VIII),พรแห่งอำพันขั้นที่ 8,th-TH
Faveur de l'Ambre Phase (X),พรแห่งอำพันขั้นที่ 10,th-TH
Favor de Âmbar,พรแห่งอำพัน,th-TH
Favor de Âmbar - 1,พรแห่งอำพันขั้นที่ 1,th-TH
Favor de Âmbar - 10,พรแห่งอำพันขั้นที่ 10,th-TH
Favor de Âmbar - 2,พรแห่งอำพันขั้นที่ 2,th-TH
Favor de Âmbar - 3,พรแห่งอำพันขั้นที่ 3,th-TH
Favor de Âmbar - 4,พรแห่งอำพันขั้นที่ 4,th-TH
Favor de Âmbar - 5,พรแห่งอำพันขั้นที่ 5,th-TH
Favor de Âmbar - 6,พรแห่งอำพันขั้นที่ 6,th-TH
Favor de Âmbar - 7,พรแห่งอำพันขั้นที่ 7,th-TH
Favor de Âmbar - 8,พรแห่งอำพันขั้นที่ 8,th-TH
Favor de Âmbar - 9,พรแห่งอำพันขั้นที่ 9,th-TH
Favor de Âmbar Estágio 1,พรแห่งอำพันขั้นที่ 1,th-TH
Favor de Âmbar Estágio 10,พรแห่งอำพันขั้นที่ 10,th-TH
Favor de Âmbar Estágio 2,พรแห่งอำพันขั้นที่ 2,th-TH
Favor de Âmbar Estágio 3,พรแห่งอำพันขั้นที่ 3,th-TH
Favor de Âmbar Estágio 4,พรแห่งอำพันขั้นที่ 4,th-TH
Favor de Âmbar Estágio 5,พรแห่งอำพันขั้นที่ 5,th-TH
Favor de Âmbar Estágio 6,พรแห่งอำพันขั้นที่ 6,th-TH
Favor de Âmbar Estágio 7,พรแห่งอำพันขั้นที่ 7,th-TH
Favor de Âmbar Estágio 8,พรแห่งอำพันขั้นที่ 8,th-TH
Favor de Âmbar Estágio 9,พรแห่งอำพันขั้นที่ 9,th-TH
Favor del ámbar,พรแห่งอำพัน,th-TH
Favor del ámbar I,พรแห่งอำพันขั้นที่ 1,th-TH
Favor del ámbar II,พรแห่งอำพันขั้นที่ 2,th-TH
Favor del ámbar III,พรแห่งอำพันขั้นที่ 3,th-TH
Favor del ámbar IV,พรแห่งอำพันขั้นที่ 4,th-TH
Favor del ámbar IX,พรแห่งอำพันขั้นที่ 9,th-TH
Favor del ámbar V,พรแห่งอำพันขั้นที่ 5,th-TH
Favor del ámbar VI,พรแห่งอำพันขั้นที่ 6,th-TH
Favor del ámbar VII,พรแห่งอำพันขั้นที่ 7,th-TH
Favor del ámbar VIII,พรแห่งอำพันขั้นที่ 8,th-TH
Favor del ámbar X,พรแห่งอำพันขั้นที่ 10,th-TH
Favor of Amber,พรแห่งอำพัน,th-TH
Favor of Amber (I),พรแห่งอำพันขั้นที่ 1,th-TH
Favor of Amber (II),พรแห่งอำพันขั้นที่ 2,th-TH
Favor of Amber (III),พรแห่งอำพันขั้นที่ 3,th-TH
Favor of Amber (IV),พรแห่งอำพันขั้นที่ 4,th-TH
Favor of Amber (IX),พรแห่งอำพันขั้นที่ 9,th-TH
Favor of Amber (V),พรแห่งอำพันขั้นที่ 5,th-TH
Favor of Amber (VI),พรแห่งอำพันขั้นที่ 6,th-TH
Favor of Amber (VII),พรแห่งอำพันขั้นที่ 7,th-TH
Favor of Amber (VIII),พรแห่งอำพันขั้นที่ 8,th-TH
Favor of Amber (X),พรแห่งอำพันขั้นที่ 10,th-TH
Fictitious Wordsmithing,นั่งเทียนเขียนแต่ง,th-TH
Fictitious Wordsmithing (I),นั่งเทียนเขียนแต่ง 1,th-TH
Fictitious Wordsmithing (II),นั่งเทียนเขียนแต่ง 2,th-TH
Fictitious Wordsmithing (III),นั่งเทียนเขียนแต่ง 3,th-TH
Fictitious Wordsmithing (IV),นั่งเทียนเขียนแต่ง 4,th-TH
Final do Intellitron,หุ่นยนต์เผด็จศึก,th-TH
Final intelitrónico,หุ่นยนต์เผด็จศึก,th-TH
Fingiertes Geschäft,ธุรกิจสร้างเรื่องราว,th-TH
Fingiertes Geschäft I,ธุรกิจสร้างเรื่องราว 1,th-TH
Fingiertes Geschäft II,ธุรกิจสร้างเรื่องราว 2,th-TH
Fingiertes Geschäft III,ธุรกิจสร้างเรื่องราว 3,th-TH
Fingiertes Geschäft IV,ธุรกิจสร้างเรื่องราว 4,th-TH
Fluxo Intenso do Desfiladeiro,กระแสคลื่นที่ถาโถม,th-TH
Fluxo Intenso do Desfiladeiro (I),กระแสคลื่นที่ถาโถม 1,th-TH
Fluxo Intenso do Desfiladeiro (II),กระแสคลื่นที่ถาโถม 2,th-TH
Fluxo Intenso do Desfiladeiro (III),กระแสคลื่นที่ถาโถม 3,th-TH
Fluxo Intenso do Desfiladeiro (IV),กระแสคลื่นที่ถาโถม 4,th-TH
Fluxo Intenso do Desfiladeiro (IX),กระแสคลื่นที่ถาโถม 9,th-TH
Fluxo Intenso do Desfiladeiro (V),กระแสคลื่นที่ถาโถม 5,th-TH
Fluxo Intenso do Desfiladeiro (VI),กระแสคลื่นที่ถาโถม 6,th-TH
Fluxo Intenso do Desfiladeiro (VII),กระแสคลื่นที่ถาโถม 7,th-TH
Fluxo Intenso do Desfiladeiro (VIII),กระแสคลื่นที่ถาโถม 8,th-TH
Fluxo Intenso do Desfiladeiro (X),กระแสคลื่นที่ถาโถม 10,th-TH
Fluxo Intenso do Desfiladeiro (XI),กระแสคลื่นที่ถาโถม 11,th-TH
Fluxo Intenso do Desfiladeiro (XII),กระแสคลื่นที่ถาโถม 12,th-TH
Fora de Casa,จากบ้านจากเมือง,th-TH
Fora de Casa (I),จากบ้านจากเมือง 1,th-TH
Fora de Casa (II),จากบ้านจากเมือง 2,th-TH
Fora de Casa (III),จากบ้านจากเมือง 3,th-TH
Fora de Casa (IV),จากบ้านจากเมือง 4,th-TH
Fora de Casa (IX),จากบ้านจากเมือง 9,th-TH
Fora de Casa (V),จากบ้านจากเมือง 5,th-TH
Fora de Casa (VI),จากบ้านจากเมือง 6,th-TH
Fora de Casa (VII),จากบ้านจากเมือง 7,th-TH
Fora de Casa (VIII),จากบ้านจากเมือง 8,th-TH
Fora de Casa (X),จากบ้านจากเมือง 10,th-TH
Fora de Casa (XI),จากบ้านจากเมือง 11,th-TH
Fora de Casa (XII),จากบ้านจากเมือง 12,th-TH
Frostscar Reverie,ห้วงฝันแห่งรอยน้ำแข็ง,th-TH
Frostscar Reverie (I),ห้วงฝันแห่งรอยน้ำแข็งขั้นที่ 1,th-TH
Frostscar Reverie (II),ห้วงฝันแห่งรอยน้ำแข็งขั้นที่ 2,th-TH
Frostscar Reverie (III),ห้วงฝันแห่งรอยน้ำแข็งขั้นที่ 3,th-TH
Frostscar Reverie (IV),ห้วงฝันแห่งรอยน้ำแข็งขั้นที่ 4,th-TH
Frostscar Reverie (IX),ห้วงฝันแห่งรอยน้ำแข็งขั้นที่ 9,th-TH
Frostscar Reverie (V),ห้วงฝันแห่งรอยน้ำแข็งขั้นที่ 5,th-TH
Frostscar Reverie (VI),ห้วงฝันแห่งรอยน้ำแข็งขั้นที่ 6,th-TH
Frostscar Reverie (VII),ห้วงฝันแห่งรอยน้ำแข็งขั้นที่ 7,th-TH
Frostscar Reverie (VIII),ห้วงฝันแห่งรอยน้ำแข็งขั้นที่ 8,th-TH
Frostscar Reverie (X),ห้วงฝันแห่งรอยน้ำแข็งขั้นที่ 10,th-TH
Fábrica de rumores,ใส่สีตีไข่,th-TH
Fábrica de rumores I,ใส่สีตีไข่ 1,th-TH
Fábrica de rumores II,ใส่สีตีไข่ 2,th-TH
Fábrica de rumores III,ใส่สีตีไข่ 3,th-TH
Fábrica de rumores IV,ใส่สีตีไข่ 4,th-TH
Gain #1 points,ได้รับ #1 คะแนน,th-TH
Gale of Forgetting,เหมันต์ลืมเลือน,th-TH
Gale of Forgetting: Difficulty 1,เหมันต์ลืมเลือน: ความยาก 01,th-TH
Gale of Forgetting: Difficulty 2,เหมันต์ลืมเลือน: ความยาก 02,th-TH
Gale of Forgetting: Difficulty 3,เหมันต์ลืมเลือน: ความยาก 03,th-TH
Gale of Forgetting: Difficulty 4,เหมันต์ลืมเลือน: ความยาก 04,th-TH
Gale of Netherveil,เหมันต์อนธการ,th-TH
Gale of Netherveil: Difficulty 1,เหมันต์อนธการ: ความยาก 01,th-TH
Gale of Netherveil: Difficulty 2,เหมันต์อนธการ: ความยาก 02,th-TH
Gale of Netherveil: Difficulty 3,เหมันต์อนธการ: ความยาก 03,th-TH
Gale of Netherveil: Difficulty 4,เหมันต์อนธการ: ความยาก 04,th-TH
Gambler's Plight,ความลำบากของนักพนัน,th-TH
Gambler's Plight (I),ความลำบากของนักพนัน 1,th-TH
Gambler's Plight (II),ความลำบากของนักพนัน 2,th-TH
Gambler's Plight (III),ความลำบากของนักพนัน 3,th-TH
Gambler's Plight (IV),ความลำบากของนักพนัน 4,th-TH
Gambler's Plight (IX),ความลำบากของนักพนัน 9,th-TH
Gambler's Plight (V),ความลำบากของนักพนัน 5,th-TH
Gambler's Plight (VI),ความลำบากของนักพนัน 6,th-TH
Gambler's Plight (VII),ความลำบากของนักพนัน 7,th-TH
Gambler's Plight (VIII),ความลำบากของนักพนัน 8,th-TH
Gambler's Plight (X),ความลำบากของนักพนัน 10,th-TH
Gambler's Plight (XI),ความลำบากของนักพนัน 11,th-TH
Gambler's Plight (XII),ความลำบากของนักพนัน 12,th-TH
Gambling Primate,วานรเดิมพัน,th-TH
Gambling Primate: Difficulty 1,วานรเดิมพัน: ความยาก 01,th-TH
Gambling Primate: Difficulty 2,วานรเดิมพัน: ความยาก 02,th-TH
Gambling Primate: Difficulty 3,วานรเดิมพัน: ความยาก 03,th-TH
Gambling Primate: Difficulty 4,วานรเดิมพัน: ความยาก 04,th-TH
Gamer's Instigation,เกมแห่งการปลุกปั่น,th-TH
Gamer's Instigation: Difficulty 1,เกมแห่งการปลุกปั่น: ความยาก 01,th-TH
Gamer's Instigation: Difficulty 2,เกมแห่งการปลุกปั่น: ความยาก 02,th-TH
Gamer's Instigation: Difficulty 3,เกมแห่งการปลุกปั่น: ความยาก 03,th-TH
Gamer's Instigation: Difficulty 4,เกมแห่งการปลุกปั่น: ความยาก 04,th-TH
Ganhe #1 pontos,ได้รับ #1 คะแนน,th-TH
Geistergeschichten der Akademie,เรื่องลี้ลับในโรงเรียน,th-TH
Geistergeschichten der Akademie I,เรื่องลี้ลับในโรงเรียน 1,th-TH
Geistergeschichten der Akademie II,เรื่องลี้ลับในโรงเรียน 2,th-TH
Geistergeschichten der Akademie III,เรื่องลี้ลับในโรงเรียน 3,th-TH
Geistergeschichten der Akademie IV,เรื่องลี้ลับในโรงเรียน 4,th-TH
Geistergeschichten der Akademie IX,เรื่องลี้ลับในโรงเรียน 9,th-TH
Geistergeschichten der Akademie V,เรื่องลี้ลับในโรงเรียน 5,th-TH
Geistergeschichten der Akademie VI,เรื่องลี้ลับในโรงเรียน 6,th-TH
Geistergeschichten der Akademie VII,เรื่องลี้ลับในโรงเรียน 7,th-TH
Geistergeschichten der Akademie VIII,เรื่องลี้ลับในโรงเรียน 8,th-TH
Geistergeschichten der Akademie X,เรื่องลี้ลับในโรงเรียน 10,th-TH
Geistergeschichten der Akademie XI,เรื่องลี้ลับในโรงเรียน 11,th-TH
Geistergeschichten der Akademie XII,เรื่องลี้ลับในโรงเรียน 12,th-TH
Gelombang Pasang Laut Bersisik,กระแสคลื่นที่ถาโถม,th-TH
Gelombang Pasang Laut Bersisik 1,กระแสคลื่นที่ถาโถม 1,th-TH
Gelombang Pasang Laut Bersisik 10,กระแสคลื่นที่ถาโถม 10,th-TH
Gelombang Pasang Laut Bersisik 11,กระแสคลื่นที่ถาโถม 11,th-TH
Gelombang Pasang Laut Bersisik 12,กระแสคลื่นที่ถาโถม 12,th-TH
Gelombang Pasang Laut Bersisik 2,กระแสคลื่นที่ถาโถม 2,th-TH
Gelombang Pasang Laut Bersisik 3,กระแสคลื่นที่ถาโถม 3,th-TH
Gelombang Pasang Laut Bersisik 4,กระแสคลื่นที่ถาโถม 4,th-TH
Gelombang Pasang Laut Bersisik 5,กระแสคลื่นที่ถาโถม 5,th-TH
Gelombang Pasang Laut Bersisik 6,กระแสคลื่นที่ถาโถม 6,th-TH
Gelombang Pasang Laut Bersisik 7,กระแสคลื่นที่ถาโถม 7,th-TH
Gelombang Pasang Laut Bersisik 8,กระแสคลื่นที่ถาโถม 8,th-TH
Gelombang Pasang Laut Bersisik 9,กระแสคลื่นที่ถาโถม 9,th-TH
Genèse des zones,ปฐมบทสร้างเขตแดน,th-TH
Genèse des zones (I),ปฐมบทสร้างเขตแดน 1,th-TH
Genèse des zones (II),ปฐมบทสร้างเขตแดน 2,th-TH
Genèse des zones (III),ปฐมบทสร้างเขตแดน 3,th-TH
Genèse des zones (IV),ปฐมบทสร้างเขตแดน 4,th-TH
Gerüchteküche,ใส่สีตีไข่,th-TH
Gerüchteküche I,ใส่สีตีไข่ 1,th-TH
Gerüchteküche II,ใส่สีตีไข่ 2,th-TH
Gerüchteküche III,ใส่สีตีไข่ 3,th-TH
Gerüchteküche IV,ใส่สีตีไข่ 4,th-TH
Geschliffen von kaltem Eisen,ลับคมเหล็กเหมันต์,th-TH
Geschliffen von kaltem Eisen I,ลับคมเหล็กเหมันต์ขั้นที่ 1,th-TH
Geschliffen von kaltem Eisen II,ลับคมเหล็กเหมันต์ขั้นที่ 2,th-TH
Geschliffen von kaltem Eisen III,ลับคมเหล็กเหมันต์ขั้นที่ 3,th-TH
Geschliffen von kaltem Eisen IV,ลับคมเหล็กเหมันต์ขั้นที่ 4,th-TH
Geschliffen von kaltem Eisen IX,ลับคมเหล็กเหมันต์ขั้นที่ 9,th-TH
Geschliffen von kaltem Eisen V,ลับคมเหล็กเหมันต์ขั้นที่ 5,th-TH
Geschliffen von kaltem Eisen VI,ลับคมเหล็กเหมันต์ขั้นที่ 6,th-TH
Geschliffen von kaltem Eisen VII,ลับคมเหล็กเหมันต์ขั้นที่ 7,th-TH
Geschliffen von kaltem Eisen VIII,ลับคมเหล็กเหมันต์ขั้นที่ 8,th-TH
Geschliffen von kaltem Eisen X,ลับคมเหล็กเหมันต์ขั้นที่ 10,th-TH
Gió Buốt Lãng Quên,เหมันต์ลืมเลือน,th-TH
Gió Buốt Lãng Quên: Độ Khó 1,เหมันต์ลืมเลือน: ความยาก 01,th-TH
Gió Buốt Lãng Quên: Độ Khó 2,เหมันต์ลืมเลือน: ความยาก 02,th-TH
Gió Buốt Lãng Quên: Độ Khó 3,เหมันต์ลืมเลือน: ความยาก 03,th-TH
Gió Buốt Lãng Quên: Độ Khó 4,เหมันต์ลืมเลือน: ความยาก 04,th-TH
Gió Bão Tắt Lịm,พายุฉุดชีวัน,th-TH
Gió Bão Tắt Lịm 1,พายุฉุดชีวันขั้นที่ 1,th-TH
Gió Bão Tắt Lịm 10,พายุฉุดชีวันขั้นที่ 10,th-TH
Gió Bão Tắt Lịm 2,พายุฉุดชีวันขั้นที่ 2,th-TH
Gió Bão Tắt Lịm 3,พายุฉุดชีวันขั้นที่ 3,th-TH
Gió Bão Tắt Lịm 4,พายุฉุดชีวันขั้นที่ 4,th-TH
Gió Bão Tắt Lịm 5,พายุฉุดชีวันขั้นที่ 5,th-TH
Gió Bão Tắt Lịm 6,พายุฉุดชีวันขั้นที่ 6,th-TH
Gió Bão Tắt Lịm 7,พายุฉุดชีวันขั้นที่ 7,th-TH
Gió Bão Tắt Lịm 8,พายุฉุดชีวันขั้นที่ 8,th-TH
Gió Bão Tắt Lịm 9,พายุฉุดชีวันขั้นที่ 9,th-TH
Gió Lạnh U Ám,เหมันต์อนธการ,th-TH
Gió Lạnh U Ám: Độ Khó 1,เหมันต์อนธการ: ความยาก 01,th-TH
Gió Lạnh U Ám: Độ Khó 2,เหมันต์อนธการ: ความยาก 02,th-TH
Gió Lạnh U Ám: Độ Khó 3,เหมันต์อนธการ: ความยาก 03,th-TH
Gió Lạnh U Ám: Độ Khó 4,เหมันต์อนธการ: ความยาก 04,th-TH
Giấc Ngủ Ngàn Thu,นิทราไม่รู้ตื่น,th-TH
Giấc Ngủ Ngàn Thu 1,นิทราไม่รู้ตื่น 1,th-TH
Giấc Ngủ Ngàn Thu 10,นิทราไม่รู้ตื่น 10,th-TH
Giấc Ngủ Ngàn Thu 11,นิทราไม่รู้ตื่น 11,th-TH
Giấc Ngủ Ngàn Thu 12,นิทราไม่รู้ตื่น 12,th-TH
Giấc Ngủ Ngàn Thu 2,นิทราไม่รู้ตื่น 2,th-TH
Giấc Ngủ Ngàn Thu 3,นิทราไม่รู้ตื่น 3,th-TH
Giấc Ngủ Ngàn Thu 4,นิทราไม่รู้ตื่น 4,th-TH
Giấc Ngủ Ngàn Thu 5,นิทราไม่รู้ตื่น 5,th-TH
Giấc Ngủ Ngàn Thu 6,นิทราไม่รู้ตื่น 6,th-TH
Giấc Ngủ Ngàn Thu 7,นิทราไม่รู้ตื่น 7,th-TH
Giấc Ngủ Ngàn Thu 8,นิทราไม่รู้ตื่น 8,th-TH
Giấc Ngủ Ngàn Thu 9,นิทราไม่รู้ตื่น 9,th-TH
Giọng Điệu Cũ Rích,ถ้อยคำจำเจ,th-TH
Giọng Điệu Cũ Rích (I),ถ้อยคำจำเจ 1,th-TH
Giọng Điệu Cũ Rích (II),ถ้อยคำจำเจ 2,th-TH
Giọng Điệu Cũ Rích (III),ถ้อยคำจำเจ 3,th-TH
Giọng Điệu Cũ Rích (IV),ถ้อยคำจำเจ 4,th-TH
Glücksspiel des Affen,วานรเดิมพัน,th-TH
Glücksspiel des Affen: Schwierigkeitsgrad 01,วานรเดิมพัน: ความยาก 01,th-TH
Glücksspiel des Affen: Schwierigkeitsgrad 02,วานรเดิมพัน: ความยาก 02,th-TH
Glücksspiel des Affen: Schwierigkeitsgrad 03,วานรเดิมพัน: ความยาก 03,th-TH
Glücksspiel des Affen: Schwierigkeitsgrad 04,วานรเดิมพัน: ความยาก 04,th-TH
Goldblut-Bestie,อสูรร้ายโลหิตทอง,th-TH
Goldblut-Bestie: Schwierigkeitsgrad 01,อสูรร้ายโลหิตทอง: ความยาก 01,th-TH
Goldblut-Bestie: Schwierigkeitsgrad 02,อสูรร้ายโลหิตทอง: ความยาก 02,th-TH
Goldblut-Bestie: Schwierigkeitsgrad 03,อสูรร้ายโลหิตทอง: ความยาก 03,th-TH
Goldblut-Bestie: Schwierigkeitsgrad 04,อสูรร้ายโลหิตทอง: ความยาก 04,th-TH
Goldmedaille „Cyber-Krise“,"เหรียญโกลด์ ""เครือข่ายผันผวน""",th-TH
Goldmedaille „Das summende Gelächter“,"เหรียญโกลด์ ""หึ่งหั่งดั่งเสียงขำ""",th-TH
Goldmedaille „Grammatik des Glücks“,"เหรียญโกลด์ ""ไวยากรณ์ความสุข""",th-TH
Goldmedaille „Leg dich nicht mit Pom-Pom an“,"เหรียญโกลด์ ""อย่าแหย่ Pom-Pom""",th-TH
Goldmedaille „Rückkehr der Legion“,"เหรียญโกลด์ ""กองทัพหวนคืน""",th-TH
Goldmedaille „Umkränzt von der Welt“,"เหรียญโกลด์ ""ในม้วนตำราโลกธุลี""",th-TH
Grammatik des Glücks,ไวยากรณ์ความสุข,th-TH
Gramática de la felicidad,ไวยากรณ์ความสุข,th-TH
Grand Final (IV),อวสานละคร 4,th-TH
Grand Final (IX),อวสานละคร 9,th-TH
Grand Final (V),อวสานละคร 5,th-TH
Grand Final (VI),อวสานละคร 6,th-TH
Grand Final (VII),อวสานละคร 7,th-TH
Grand Final (VIII),อวสานละคร 8,th-TH
Grand Final (X),อวสานละคร 10,th-TH
Grand Finale,อวสานละคร,th-TH
Grand Finale (I),อวสานละคร 1,th-TH
Grand Finale (II),อวสานละคร 2,th-TH
Grand Finale (III),อวสานละคร 3,th-TH
Grand Finale (IV),อวสานละคร 4,th-TH
Grand Finale (IX),อวสานละคร 9,th-TH
Grand Finale (V),อวสานละคร 5,th-TH
Grand Finale (VI),อวสานละคร 6,th-TH
Grand Finale (VII),อวสานละคร 7,th-TH
Grand Finale (VIII),อวสานละคร 8,th-TH
Grand Finale (X),อวสานละคร 10,th-TH
Grand Finale (XI),อวสานละคร 11,th-TH
Grand Finale (XII),อวสานละคร 12,th-TH
Grande Final,อวสานละคร,th-TH
Grande Final (I),อวสานละคร 1,th-TH
Grande Final (II),อวสานละคร 2,th-TH
Grande Final (III),อวสานละคร 3,th-TH
Grande Final (XI),อวสานละคร 11,th-TH
Grande Final (XII),อวสานละคร 12,th-TH
Grande finale,อวสานละคร,th-TH
Großes Finale,อวสานละคร,th-TH
Großes Finale I,อวสานละคร 1,th-TH
Großes Finale II,อวสานละคร 2,th-TH
Großes Finale III,อวสานละคร 3,th-TH
Großes Finale IV,อวสานละคร 4,th-TH
Großes Finale IX,อวสานละคร 9,th-TH
Großes Finale V,อวสานละคร 5,th-TH
Großes Finale VI,อวสานละคร 6,th-TH
Großes Finale VII,อวสานละคร 7,th-TH
Großes Finale VIII,อวสานละคร 8,th-TH
Großes Finale X,อวสานละคร 10,th-TH
Großes Finale XI,อวสานละคร 11,th-TH
Großes Finale XII,อวสานละคร 12,th-TH
Gunst des Bernsteins,พรแห่งอำพัน,th-TH
Gunst des Bernsteins I,พรแห่งอำพันขั้นที่ 1,th-TH
Gunst des Bernsteins II,พรแห่งอำพันขั้นที่ 2,th-TH
Gunst des Bernsteins III,พรแห่งอำพันขั้นที่ 3,th-TH
Gunst des Bernsteins IV,พรแห่งอำพันขั้นที่ 4,th-TH
Gunst des Bernsteins IX,พรแห่งอำพันขั้นที่ 9,th-TH
Gunst des Bernsteins V,พรแห่งอำพันขั้นที่ 5,th-TH
Gunst des Bernsteins VI,พรแห่งอำพันขั้นที่ 6,th-TH
Gunst des Bernsteins VII,พรแห่งอำพันขั้นที่ 7,th-TH
Gunst des Bernsteins VIII,พรแห่งอำพันขั้นที่ 8,th-TH
Gunst des Bernsteins X,พรแห่งอำพันขั้นที่ 10,th-TH
Gusty Primate,วานรโหมวายุ,th-TH
Gusty Primate: Difficulty 1,วานรโหมวายุ: ความยาก 01,th-TH
Gusty Primate: Difficulty 2,วานรโหมวายุ: ความยาก 02,th-TH
Gusty Primate: Difficulty 3,วานรโหมวายุ: ความยาก 03,th-TH
Gusty Primate: Difficulty 4,วานรโหมวายุ: ความยาก 04,th-TH
Génesis del dominio,ปฐมบทสร้างเขตแดน,th-TH
Génesis del dominio I,ปฐมบทสร้างเขตแดน 1,th-TH
Génesis del dominio II,ปฐมบทสร้างเขตแดน 2,th-TH
Génesis del dominio III,ปฐมบทสร้างเขตแดน 3,th-TH
Génesis del dominio IV,ปฐมบทสร้างเขตแดน 4,th-TH
Gênese do Domínio,ปฐมบทสร้างเขตแดน,th-TH
Gênese do Domínio (I),ปฐมบทสร้างเขตแดน 1,th-TH
Gênese do Domínio (II),ปฐมบทสร้างเขตแดน 2,th-TH
Gênese do Domínio (III),ปฐมบทสร้างเขตแดน 3,th-TH
Gênese do Domínio (IV),ปฐมบทสร้างเขตแดน 4,th-TH
Götze des Schwarms,มวลแมลงไอดอล,th-TH
Götze des Schwarms: Schwierigkeitsgrad 01,มวลแมลงไอดอล: ความยาก 01,th-TH
Götze des Schwarms: Schwierigkeitsgrad 02,มวลแมลงไอดอล: ความยาก 02,th-TH
Götze des Schwarms: Schwierigkeitsgrad 03,มวลแมลงไอดอล: ความยาก 03,th-TH
Götze des Schwarms: Schwierigkeitsgrad 04,มวลแมลงไอดอล: ความยาก 04,th-TH
Happiness Syntax,ไวยากรณ์ความสุข,th-TH
Happiness Syntax Silver Medal,"เหรียญซิลเวอร์ ""ไวยากรณ์ความสุข""",th-TH
Hasutan Serangga,มวลแมลงปลุกปั่น,th-TH
Hasutan Serangga: Tingkat Kesulitan 1,มวลแมลงปลุกปั่น: ความยาก 01,th-TH
Hasutan Serangga: Tingkat Kesulitan 2,มวลแมลงปลุกปั่น: ความยาก 02,th-TH
Hasutan Serangga: Tingkat Kesulitan 3,มวลแมลงปลุกปั่น: ความยาก 03,th-TH
Hasutan Serangga: Tingkat Kesulitan 4,มวลแมลงปลุกปั่น: ความยาก 04,th-TH
Herencia de la Ciudadela Imponente,สิ่งตกทอดของป้อมปราการที่สูงตระหง่าน,th-TH
Himmelswolf,ผู้วิเศษสิงคาล,th-TH
Himmelswolf: Schwierigkeitsgrad 01,ผู้วิเศษสิงคาล: ความยาก 01,th-TH
Himmelswolf: Schwierigkeitsgrad 02,ผู้วิเศษสิงคาล: ความยาก 02,th-TH
Himmelswolf: Schwierigkeitsgrad 03,ผู้วิเศษสิงคาล: ความยาก 03,th-TH
Himmelswolf: Schwierigkeitsgrad 04,ผู้วิเศษสิงคาล: ความยาก 04,th-TH
Histoire de fantômes de l'académie,เรื่องลี้ลับในโรงเรียน,th-TH
Histoire de fantômes de l'académie (I),เรื่องลี้ลับในโรงเรียน 1,th-TH
Histoire de fantômes de l'académie (II),เรื่องลี้ลับในโรงเรียน 2,th-TH
Histoire de fantômes de l'académie (III),เรื่องลี้ลับในโรงเรียน 3,th-TH
Histoire de fantômes de l'académie (IV),เรื่องลี้ลับในโรงเรียน 4,th-TH
Histoire de fantômes de l'académie (IX),เรื่องลี้ลับในโรงเรียน 9,th-TH
Histoire de fantômes de l'académie (V),เรื่องลี้ลับในโรงเรียน 5,th-TH
Histoire de fantômes de l'académie (VI),เรื่องลี้ลับในโรงเรียน 6,th-TH
Histoire de fantômes de l'académie (VII),เรื่องลี้ลับในโรงเรียน 7,th-TH
Histoire de fantômes de l'académie (VIII),เรื่องลี้ลับในโรงเรียน 8,th-TH
Histoire de fantômes de l'académie (X),เรื่องลี้ลับในโรงเรียน 10,th-TH
Histoire de fantômes de l'académie (XI),เรื่องลี้ลับในโรงเรียน 11,th-TH
Histoire de fantômes de l'académie (XII),เรื่องลี้ลับในโรงเรียน 12,th-TH
História de Fantasma da Academia,เรื่องลี้ลับในโรงเรียน,th-TH
História de Fantasma da Academia (I),เรื่องลี้ลับในโรงเรียน 1,th-TH
História de Fantasma da Academia (II),เรื่องลี้ลับในโรงเรียน 2,th-TH
História de Fantasma da Academia (III),เรื่องลี้ลับในโรงเรียน 3,th-TH
História de Fantasma da Academia (IV),เรื่องลี้ลับในโรงเรียน 4,th-TH
História de Fantasma da Academia (IX),เรื่องลี้ลับในโรงเรียน 9,th-TH
História de Fantasma da Academia (V),เรื่องลี้ลับในโรงเรียน 5,th-TH
História de Fantasma da Academia (VI),เรื่องลี้ลับในโรงเรียน 6,th-TH
História de Fantasma da Academia (VII),เรื่องลี้ลับในโรงเรียน 7,th-TH
História de Fantasma da Academia (VIII),เรื่องลี้ลับในโรงเรียน 8,th-TH
História de Fantasma da Academia (X),เรื่องลี้ลับในโรงเรียน 10,th-TH
História de Fantasma da Academia (XI),เรื่องลี้ลับในโรงเรียน 11,th-TH
História de Fantasma da Academia (XII),เรื่องลี้ลับในโรงเรียน 12,th-TH
"Huy Chương ""Kể Chuyện Hư Cấu""","เหรียญตรา ""Pure Fiction""",th-TH
"Huy Chương ""Sảnh Đường Lãng Quên""","เหรียญตรา ""Forgotten Hall""",th-TH
"Huy Chương ""Ảo Ảnh Tận Thế""","เหรียญตรา ""Apocalyptic Shadow""",th-TH
"Huy Chương Bạc ""Ngữ Pháp Hạnh Phúc""","เหรียญซิลเวอร์ ""ไวยากรณ์ความสุข""",th-TH
"Huy Chương Bạc ""Quân Đoàn Trở Lại""","เหรียญซิลเวอร์ ""กองทัพหวนคืน""",th-TH
"Huy Chương Bạc ""Râm Ran Như Tiếng Cười""","เหรียญซิลเวอร์ ""หึ่งหั่งดั่งเสียงขำ""",th-TH
"Huy Chương Bạc ""Sóng Gió Mạng""","เหรียญซิลเวอร์ ""เครือข่ายผันผวน""",th-TH
"Huy Chương Bạc ""Trong Cuộn Tranh Trần Thế""","เหรียญซิลเวอร์ ""ในม้วนตำราโลกธุลี""",th-TH
"Huy Chương Bạc ""Đừng Chọc Giận Pom-Pom""","เหรียญซิลเวอร์ ""อย่าแหย่ Pom-Pom""",th-TH
"Huy Chương Kim Cương ""Ngữ Pháp Hạnh Phúc""","เหรียญปริซึม ""ไวยากรณ์ความสุข""",th-TH
"Huy Chương Kim Cương ""Quân Đoàn Trở Lại""","เหรียญปริซึม ""กองทัพหวนคืน""",th-TH
"Huy Chương Kim Cương ""Râm Ran Như Tiếng Cười""","เหรียญปริซึม ""หึ่งหั่งดั่งเสียงขำ""",th-TH
"Huy Chương Kim Cương ""Sóng Gió Mạng""","เหรียญปริซึม ""เครือข่ายผันผวน""",th-TH
"Huy Chương Kim Cương ""Trong Cuộn Tranh Trần Thế""","เหรียญปริซึม ""ในม้วนตำราโลกธุลี""",th-TH
"Huy Chương Kim Cương ""Đừng Chọc Giận Pom-Pom""","เหรียญปริซึม ""อย่าแหย่ Pom-Pom""",th-TH
"Huy Chương Vàng ""Ngữ Pháp Hạnh Phúc""","เหรียญโกลด์ ""ไวยากรณ์ความสุข""",th-TH
"Huy Chương Vàng ""Quân Đoàn Trở Lại""","เหรียญโกลด์ ""กองทัพหวนคืน""",th-TH
"Huy Chương Vàng ""Râm Ran Như Tiếng Cười""","เหรียญโกลด์ ""หึ่งหั่งดั่งเสียงขำ""",th-TH
"Huy Chương Vàng ""Sóng Gió Mạng""","เหรียญโกลด์ ""เครือข่ายผันผวน""",th-TH
"Huy Chương Vàng ""Trong Cuộn Tranh Trần Thế""","เหรียญโกลด์ ""ในม้วนตำราโลกธุลี""",th-TH
"Huy Chương Vàng ""Đừng Chọc Giận Pom-Pom""","เหรียญโกลด์ ""อย่าแหย่ Pom-Pom""",th-TH
"Huy Chương Đồng ""Ngữ Pháp Hạnh Phúc""","เหรียญเวอริเดียนบรอนซ์ ""ไวยากรณ์ความสุข""",th-TH
"Huy Chương Đồng ""Quân Đoàn Trở Lại""","เหรียญเวอริเดียนบรอนซ์ ""กองทัพหวนคืน""",th-TH
"Huy Chương Đồng ""Râm Ran Như Tiếng Cười""","เหรียญเวอริเดียนบรอนซ์ ""หึ่งหั่งดั่งเสียงขำ""",th-TH
"Huy Chương Đồng ""Sóng Gió Mạng""","เหรียญเวอริเดียนบรอนซ์ ""เครือข่ายผันผวน""",th-TH
"Huy Chương Đồng ""Trong Cuộn Tranh Trần Thế""","เหรียญเวอริเดียนบรอนซ์ ""ในม้วนตำราโลกธุลี""",th-TH
"Huy Chương Đồng ""Đừng Chọc Giận Pom-Pom""","เหรียญเวอริเดียนบรอนซ์ ""อย่าแหย่ Pom-Pom""",th-TH
Hyperborean Search for Warmth,ย่ำน้ำแข็งแสวงเพลิง,th-TH
Hyperborean Search for Warmth (I),ย่ำน้ำแข็งแสวงเพลิงขั้นที่ 1,th-TH
Hyperborean Search for Warmth (II),ย่ำน้ำแข็งแสวงเพลิงขั้นที่ 2,th-TH
Hyperborean Search for Warmth (III),ย่ำน้ำแข็งแสวงเพลิงขั้นที่ 3,th-TH
Hyperborean Search for Warmth (IV),ย่ำน้ำแข็งแสวงเพลิงขั้นที่ 4,th-TH
Hyperborean Search for Warmth (IX),ย่ำน้ำแข็งแสวงเพลิงขั้นที่ 9,th-TH
Hyperborean Search for Warmth (V),ย่ำน้ำแข็งแสวงเพลิงขั้นที่ 5,th-TH
Hyperborean Search for Warmth (VI),ย่ำน้ำแข็งแสวงเพลิงขั้นที่ 6,th-TH
Hyperborean Search for Warmth (VII),ย่ำน้ำแข็งแสวงเพลิงขั้นที่ 7,th-TH
Hyperborean Search for Warmth (VIII),ย่ำน้ำแข็งแสวงเพลิงขั้นที่ 8,th-TH
Hyperborean Search for Warmth (X),ย่ำน้ำแข็งแสวงเพลิงขั้นที่ 10,th-TH
Hành Động Trực Nhật,เวรปฏิบัติการ,th-TH
Hành Động Trực Nhật 1,เวรปฏิบัติการ 1,th-TH
Hành Động Trực Nhật 10,เวรปฏิบัติการ 10,th-TH
Hành Động Trực Nhật 11,เวรปฏิบัติการ 11,th-TH
Hành Động Trực Nhật 12,เวรปฏิบัติการ 12,th-TH
Hành Động Trực Nhật 2,เวรปฏิบัติการ 2,th-TH
Hành Động Trực Nhật 3,เวรปฏิบัติการ 3,th-TH
Hành Động Trực Nhật 4,เวรปฏิบัติการ 4,th-TH
Hành Động Trực Nhật 5,เวรปฏิบัติการ 5,th-TH
Hành Động Trực Nhật 6,เวรปฏิบัติการ 6,th-TH
Hành Động Trực Nhật 7,เวรปฏิบัติการ 7,th-TH
Hành Động Trực Nhật 8,เวรปฏิบัติการ 8,th-TH
Hành Động Trực Nhật 9,เวรปฏิบัติการ 9,th-TH
Hình Thành Từ Hư Không,เสกสรรปั้นแต่ง,th-TH
Hình Thành Từ Hư Không I,เสกสรรปั้นแต่ง 1,th-TH
Hình Thành Từ Hư Không II,เสกสรรปั้นแต่ง 2,th-TH
Hình Thành Từ Hư Không III,เสกสรรปั้นแต่ง 3,th-TH
Hình Thành Từ Hư Không IV,เสกสรรปั้นแต่ง 4,th-TH
Hóa Ảo Thành Thật,ยืมเท็จสร้างจริง,th-TH
Hóa Ảo Thành Thật 1,ยืมเท็จสร้างจริง 1,th-TH
Hóa Ảo Thành Thật 2,ยืมเท็จสร้างจริง 2,th-TH
Hóa Ảo Thành Thật 3,ยืมเท็จสร้างจริง 3,th-TH
Hóa Ảo Thành Thật 4,ยืมเท็จสร้างจริง 4,th-TH
Hơi Thở Bỉ Ngạn,ลมหายใจในอีกฟาก,th-TH
Hơi Thở Bỉ Ngạn 1,ลมหายใจในอีกฟาก 1,th-TH
Hơi Thở Bỉ Ngạn 10,ลมหายใจในอีกฟาก 10,th-TH
Hơi Thở Bỉ Ngạn 11,ลมหายใจในอีกฟาก 11,th-TH
Hơi Thở Bỉ Ngạn 12,ลมหายใจในอีกฟาก 12,th-TH
Hơi Thở Bỉ Ngạn 2,ลมหายใจในอีกฟาก 2,th-TH
Hơi Thở Bỉ Ngạn 3,ลมหายใจในอีกฟาก 3,th-TH
Hơi Thở Bỉ Ngạn 4,ลมหายใจในอีกฟาก 4,th-TH
Hơi Thở Bỉ Ngạn 5,ลมหายใจในอีกฟาก 5,th-TH
Hơi Thở Bỉ Ngạn 6,ลมหายใจในอีกฟาก 6,th-TH
Hơi Thở Bỉ Ngạn 7,ลมหายใจในอีกฟาก 7,th-TH
Hơi Thở Bỉ Ngạn 8,ลมหายใจในอีกฟาก 8,th-TH
Hơi Thở Bỉ Ngạn 9,ลมหายใจในอีกฟาก 9,th-TH
Hư Cảnh Thành Chương,แดนมายาร้อยเรียง,th-TH
Hư Cảnh Thành Chương (I),แดนมายาร้อยเรียง 1,th-TH
Hư Cảnh Thành Chương (II),แดนมายาร้อยเรียง 2,th-TH
Hư Cảnh Thành Chương (III),แดนมายาร้อยเรียง 3,th-TH
Hư Cảnh Thành Chương (IV),แดนมายาร้อยเรียง 4,th-TH
Hồi Kết Vở Kịch,อวสานละคร,th-TH
Hồi Kết Vở Kịch (I),อวสานละคร 1,th-TH
Hồi Kết Vở Kịch (II),อวสานละคร 2,th-TH
Hồi Kết Vở Kịch (III),อวสานละคร 3,th-TH
Hồi Kết Vở Kịch (IV),อวสานละคร 4,th-TH
Hồi Kết Vở Kịch (IX),อวสานละคร 9,th-TH
Hồi Kết Vở Kịch (V),อวสานละคร 5,th-TH
Hồi Kết Vở Kịch (VI),อวสานละคร 6,th-TH
Hồi Kết Vở Kịch (VII),อวสานละคร 7,th-TH
Hồi Kết Vở Kịch (VIII),อวสานละคร 8,th-TH
Hồi Kết Vở Kịch (X),อวสานละคร 10,th-TH
Hồi Kết Vở Kịch (XI),อวสานละคร 11,th-TH
Hồi Kết Vở Kịch (XII),อวสานละคร 12,th-TH
Hồi Ức 1,Memory ขั้นที่ 1,th-TH
Hồi Ức 10,Memory ขั้นที่ 10,th-TH
Hồi Ức 11,Memory ขั้นที่ 11,th-TH
Hồi Ức 12,Memory ขั้นที่ 12,th-TH
Hồi Ức 13,Memory ขั้นที่ 13,th-TH
Hồi Ức 14,Memory ขั้นที่ 14,th-TH
Hồi Ức 15,Memory ขั้นที่ 15,th-TH
Hồi Ức 2,Memory ขั้นที่ 2,th-TH
Hồi Ức 3,Memory ขั้นที่ 3,th-TH
Hồi Ức 4,Memory ขั้นที่ 4,th-TH
Hồi Ức 5,Memory ขั้นที่ 5,th-TH
Hồi Ức 6,Memory ขั้นที่ 6,th-TH
Hồi Ức 7,Memory ขั้นที่ 7,th-TH
Hồi Ức 8,Memory ขั้นที่ 8,th-TH
Hồi Ức 9,Memory ขั้นที่ 9,th-TH
Hồi Ức Xianzhou 1,Memory แห่ง Xianzhou ขั้นที่ 1,th-TH
Hồi Ức Xianzhou 2,Memory แห่ง Xianzhou ขั้นที่ 2,th-TH
Hồi Ức Xianzhou 3,Memory แห่ง Xianzhou ขั้นที่ 3,th-TH
Hồi Ức Xianzhou 4,Memory แห่ง Xianzhou ขั้นที่ 4,th-TH
Hồi Ức Xianzhou 5,Memory แห่ง Xianzhou ขั้นที่ 5,th-TH
Hồi Ức Xianzhou 6,Memory แห่ง Xianzhou ขั้นที่ 6,th-TH
Iambic Pentameter,กลอนห้าจังหวะ,th-TH
Iambic Pentameter (I),กลอนห้าจังหวะ 1,th-TH
Iambic Pentameter (II),กลอนห้าจังหวะ 2,th-TH
Iambic Pentameter (III),กลอนห้าจังหวะ 3,th-TH
Iambic Pentameter (IV),กลอนห้าจังหวะ 4,th-TH
Ichor Beast,อสูรร้ายโลหิตทอง,th-TH
Ichor Beast: Difficulty 1,อสูรร้ายโลหิตทอง: ความยาก 01,th-TH
Ichor Beast: Difficulty 2,อสูรร้ายโลหิตทอง: ความยาก 02,th-TH
Ichor Beast: Difficulty 3,อสูรร้ายโลหิตทอง: ความยาก 03,th-TH
Ichor Beast: Difficulty 4,อสูรร้ายโลหิตทอง: ความยาก 04,th-TH
Idol of the Locusts,มวลแมลงไอดอล,th-TH
Idol of the Locusts: Difficulty 1,มวลแมลงไอดอล: ความยาก 01,th-TH
Idol of the Locusts: Difficulty 2,มวลแมลงไอดอล: ความยาก 02,th-TH
Idol of the Locusts: Difficulty 3,มวลแมลงไอดอล: ความยาก 03,th-TH
Idol of the Locusts: Difficulty 4,มวลแมลงไอดอล: ความยาก 04,th-TH
Idole des locustes,มวลแมลงไอดอล,th-TH
Idole des locustes : Difficulté 1,มวลแมลงไอดอล: ความยาก 01,th-TH
Idole des locustes : Difficulté 2,มวลแมลงไอดอล: ความยาก 02,th-TH
Idole des locustes : Difficulté 3,มวลแมลงไอดอล: ความยาก 03,th-TH
Idole des locustes : Difficulté 4,มวลแมลงไอดอล: ความยาก 04,th-TH
Illusorische Konzepte,ปฏิมาบรรยาย,th-TH
Illusorische Konzepte I,ปฏิมาบรรยาย 1,th-TH
Illusorische Konzepte II,ปฏิมาบรรยาย 2,th-TH
Illusorische Konzepte III,ปฏิมาบรรยาย 3,th-TH
Illusorische Konzepte IV,ปฏิมาบรรยาย 4,th-TH
Illusorisches Reich der gleißenden Sonne,มายาตะวันแรงกล้า,th-TH
Illusory Concepts,ปฏิมาบรรยาย,th-TH
Illusory Concepts (I),ปฏิมาบรรยาย 1,th-TH
Illusory Concepts (II),ปฏิมาบรรยาย 2,th-TH
Illusory Concepts (III),ปฏิมาบรรยาย 3,th-TH
Illusory Concepts (IV),ปฏิมาบรรยาย 4,th-TH
Illusory Realm of the Blazing Sun,มายาตะวันแรงกล้า,th-TH
Imbibitor Lunaes Aufruhr I,วิกฤตจ้าวยลจันทรา 1,th-TH
Imbibitor Lunaes Aufruhr II,วิกฤตจ้าวยลจันทรา 2,th-TH
Imbibitor Lunaes Aufruhr III,วิกฤตจ้าวยลจันทรา 3,th-TH
Imbibitor Lunaes Aufruhr IV,วิกฤตจ้าวยลจันทรา 4,th-TH
Imbibitor Lunaes Aufruhr IX,วิกฤตจ้าวยลจันทรา 9,th-TH
Imbibitor Lunaes Aufruhr V,วิกฤตจ้าวยลจันทรา 5,th-TH
Imbibitor Lunaes Aufruhr VI,วิกฤตจ้าวยลจันทรา 6,th-TH
Imbibitor Lunaes Aufruhr VII,วิกฤตจ้าวยลจันทรา 7,th-TH
Imbibitor Lunaes Aufruhr VIII,วิกฤตจ้าวยลจันทรา 8,th-TH
Imbibitor Lunaes Aufruhr X,วิกฤตจ้าวยลจันทรา 10,th-TH
Immerwinterprüfungen,บททดสอบจากเหมันต์นิรันดร์,th-TH
Immerwinterprüfungen I,บททดสอบจากเหมันต์นิรันดร์ขั้นที่ 1,th-TH
Immerwinterprüfungen II,บททดสอบจากเหมันต์นิรันดร์ขั้นที่ 2,th-TH
Immerwinterprüfungen III,บททดสอบจากเหมันต์นิรันดร์ขั้นที่ 3,th-TH
Immerwinterprüfungen IV,บททดสอบจากเหมันต์นิรันดร์ขั้นที่ 4,th-TH
Immerwinterprüfungen IX,บททดสอบจากเหมันต์นิรันดร์ขั้นที่ 9,th-TH
Immerwinterprüfungen V,บททดสอบจากเหมันต์นิรันดร์ขั้นที่ 5,th-TH
Immerwinterprüfungen VI,บททดสอบจากเหมันต์นิรันดร์ขั้นที่ 6,th-TH
Immerwinterprüfungen VII,บททดสอบจากเหมันต์นิรันดร์ขั้นที่ 7,th-TH
Immerwinterprüfungen VIII,บททดสอบจากเหมันต์นิรันดร์ขั้นที่ 8,th-TH
Immerwinterprüfungen X,บททดสอบจากเหมันต์นิรันดร์ขั้นที่ 10,th-TH
Inception,ฝันซ้อนฝัน,th-TH
Inception Niv. 1,ฝันซ้อนฝัน 1,th-TH
Inception Niv. 10,ฝันซ้อนฝัน 10,th-TH
Inception Niv. 11,ฝันซ้อนฝัน 11,th-TH
Inception Niv. 2,ฝันซ้อนฝัน 2,th-TH
Inception Niv. 3,ฝันซ้อนฝัน 3,th-TH
Inception Niv. 4,ฝันซ้อนฝัน 4,th-TH
Inception Niv. 5,ฝันซ้อนฝัน 5,th-TH
Inception Niv. 6,ฝันซ้อนฝัน 6,th-TH
Inception Niv. 7,ฝันซ้อนฝัน 7,th-TH
Inception Niv. 8,ฝันซ้อนฝัน 8,th-TH
Inception Niv. 9,ฝันซ้อนฝัน 9,th-TH
Inception Niv.12,ฝันซ้อนฝัน 12,th-TH
Incitation au jeu,เกมแห่งการปลุกปั่น,th-TH
Incitation au jeu : difficulté 1,เกมแห่งการปลุกปั่น: ความยาก 01,th-TH
Incitation au jeu : difficulté 2,เกมแห่งการปลุกปั่น: ความยาก 02,th-TH
Incitation au jeu : difficulté 3,เกมแห่งการปลุกปั่น: ความยาก 03,th-TH
Incitation au jeu : difficulté 4,เกมแห่งการปลุกปั่น: ความยาก 04,th-TH
Incógnita del espacio profundo,ปริศนาในห้วงอวกาศ,th-TH
Incógnita del espacio profundo I,ปริศนาในห้วงอวกาศ 1,th-TH
Incógnita del espacio profundo II,ปริศนาในห้วงอวกาศ 2,th-TH
Incógnita del espacio profundo III,ปริศนาในห้วงอวกาศ 3,th-TH
Incógnita del espacio profundo IV,ปริศนาในห้วงอวกาศ 4,th-TH
Incógnita del espacio profundo IX,ปริศนาในห้วงอวกาศ 9,th-TH
Incógnita del espacio profundo V,ปริศนาในห้วงอวกาศ 5,th-TH
Incógnita del espacio profundo VI,ปริศนาในห้วงอวกาศ 6,th-TH
Incógnita del espacio profundo VII,ปริศนาในห้วงอวกาศ 7,th-TH
Incógnita del espacio profundo VIII,ปริศนาในห้วงอวกาศ 8,th-TH
Incógnita del espacio profundo X,ปริศนาในห้วงอวกาศ 10,th-TH
Incógnita del espacio profundo XI,ปริศนาในห้วงอวกาศ 11,th-TH
Incógnita del espacio profundo XII,ปริศนาในห้วงอวกาศ 12,th-TH
Instigation of the Locusts,มวลแมลงปลุกปั่น,th-TH
Instigation of the Locusts: Difficulty 1,มวลแมลงปลุกปั่น: ความยาก 01,th-TH
Instigation of the Locusts: Difficulty 2,มวลแมลงปลุกปั่น: ความยาก 02,th-TH
Instigation of the Locusts: Difficulty 3,มวลแมลงปลุกปั่น: ความยาก 03,th-TH
Instigation of the Locusts: Difficulty 4,มวลแมลงปลุกปั่น: ความยาก 04,th-TH
Instigação do Jogador,เกมแห่งการปลุกปั่น,th-TH
Instigação do Jogador: Dificuldade 1,เกมแห่งการปลุกปั่น: ความยาก 01,th-TH
Instigação do Jogador: Dificuldade 2,เกมแห่งการปลุกปั่น: ความยาก 02,th-TH
Instigação do Jogador: Dificuldade 3,เกมแห่งการปลุกปั่น: ความยาก 03,th-TH
Instigação do Jogador: Dificuldade 4,เกมแห่งการปลุกปั่น: ความยาก 04,th-TH
Instigação do Títere,แมลงปลุกปั่น,th-TH
Instigação do Títere: Dificuldade 1,แมลงปลุกปั่น: ความยาก 01,th-TH
Instigação do Títere: Dificuldade 2,แมลงปลุกปั่น: ความยาก 02,th-TH
Instigação do Títere: Dificuldade 3,แมลงปลุกปั่น: ความยาก 03,th-TH
Instigação do Títere: Dificuldade 4,แมลงปลุกปั่น: ความยาก 04,th-TH
Instigação dos Gafanhotos,มวลแมลงปลุกปั่น,th-TH
Instigação dos Gafanhotos: Dificuldade 1,มวลแมลงปลุกปั่น: ความยาก 01,th-TH
Instigação dos Gafanhotos: Dificuldade 2,มวลแมลงปลุกปั่น: ความยาก 02,th-TH
Instigação dos Gafanhotos: Dificuldade 3,มวลแมลงปลุกปั่น: ความยาก 03,th-TH
Instigação dos Gafanhotos: Dificuldade 4,มวลแมลงปลุกปั่น: ความยาก 04,th-TH
Intellitron Endgame,หุ่นยนต์เผด็จศึก,th-TH
Irama Lima Langkah,กลอนห้าจังหวะ,th-TH
Irama Lima Langkah 1,กลอนห้าจังหวะ 1,th-TH
Irama Lima Langkah 2,กลอนห้าจังหวะ 2,th-TH
Irama Lima Langkah 3,กลอนห้าจังหวะ 3,th-TH
Irama Lima Langkah 4,กลอนห้าจังหวะ 4,th-TH
Istilah Baru nan Misterius,ศัพท์ใหม่ชวนฉงน,th-TH
Istilah Baru nan Misterius 1,ศัพท์ใหม่ชวนฉงน 1,th-TH
Istilah Baru nan Misterius 2,ศัพท์ใหม่ชวนฉงน 2,th-TH
Istilah Baru nan Misterius 3,ศัพท์ใหม่ชวนฉงน 3,th-TH
Istilah Baru nan Misterius 4,ศัพท์ใหม่ชวนฉงน 4,th-TH
Jambischer Fünfheber,กลอนห้าจังหวะ,th-TH
Jambischer Fünfheber I,กลอนห้าจังหวะ 1,th-TH
Jambischer Fünfheber II,กลอนห้าจังหวะ 2,th-TH
Jambischer Fünfheber III,กลอนห้าจังหวะ 3,th-TH
Jambischer Fünfheber IV,กลอนห้าจังหวะ 4,th-TH
Jangan Macam-Macam dengan Pom-Pom,อย่าแหย่ Pom-Pom,th-TH
Jaque al rey,รุกฆาตราชา,th-TH
Jejak Beku Mimpi Lama,ห้วงฝันแห่งรอยน้ำแข็ง,th-TH
Jejak Sanctus Medicus,ร่องรอยแห่ง Sanctus Medicus,th-TH
Jejak Sanctus Medicus 1,ร่องรอยแห่ง Sanctus Medicus 1,th-TH
Jejak Sanctus Medicus 10,ร่องรอยแห่ง Sanctus Medicus 10,th-TH
Jejak Sanctus Medicus 2,ร่องรอยแห่ง Sanctus Medicus 2,th-TH
Jejak Sanctus Medicus 3,ร่องรอยแห่ง Sanctus Medicus 3,th-TH
Jejak Sanctus Medicus 4,ร่องรอยแห่ง Sanctus Medicus 4,th-TH
Jejak Sanctus Medicus 5,ร่องรอยแห่ง Sanctus Medicus 5,th-TH
Jejak Sanctus Medicus 6,ร่องรอยแห่ง Sanctus Medicus 6,th-TH
Jejak Sanctus Medicus 7,ร่องรอยแห่ง Sanctus Medicus 7,th-TH
Jejak Sanctus Medicus 8,ร่องรอยแห่ง Sanctus Medicus 8,th-TH
Jejak Sanctus Medicus 9,ร่องรอยแห่ง Sanctus Medicus 9,th-TH
Juramento da Aliança Eterna,คำสัตย์นิจนิรันดร์,th-TH
Juramento da Aliança Eterna Estágio 1,คำสัตย์นิจนิรันดร์ 1,th-TH
Juramento da Aliança Eterna Estágio 10,คำสัตย์นิจนิรันดร์ 10,th-TH
Juramento da Aliança Eterna Estágio 2,คำสัตย์นิจนิรันดร์ 2,th-TH
Juramento da Aliança Eterna Estágio 3,คำสัตย์นิจนิรันดร์ 3,th-TH
Juramento da Aliança Eterna Estágio 4,คำสัตย์นิจนิรันดร์ 4,th-TH
Juramento da Aliança Eterna Estágio 5,คำสัตย์นิจนิรันดร์ 5,th-TH
Juramento da Aliança Eterna Estágio 6,คำสัตย์นิจนิรันดร์ 6,th-TH
Juramento da Aliança Eterna Estágio 7,คำสัตย์นิจนิรันดร์ 7,th-TH
Juramento da Aliança Eterna Estágio 8,คำสัตย์นิจนิรันดร์ 8,th-TH
Juramento da Aliança Eterna Estágio 9,คำสัตย์นิจนิรันดร์ 9,th-TH
Juramento de la Alianza Eterna,คำสัตย์นิจนิรันดร์,th-TH
Juramento de la Alianza Eterna I,คำสัตย์นิจนิรันดร์ 1,th-TH
Juramento de la Alianza Eterna II,คำสัตย์นิจนิรันดร์ 2,th-TH
Juramento de la Alianza Eterna III,คำสัตย์นิจนิรันดร์ 3,th-TH
Juramento de la Alianza Eterna IV,คำสัตย์นิจนิรันดร์ 4,th-TH
Juramento de la Alianza Eterna IX,คำสัตย์นิจนิรันดร์ 9,th-TH
Juramento de la Alianza Eterna V,คำสัตย์นิจนิรันดร์ 5,th-TH
Juramento de la Alianza Eterna VI,คำสัตย์นิจนิรันดร์ 6,th-TH
Juramento de la Alianza Eterna VII,คำสัตย์นิจนิรันดร์ 7,th-TH
Juramento de la Alianza Eterna VIII,คำสัตย์นิจนิรันดร์ 8,th-TH
Juramento de la Alianza Eterna X,คำสัตย์นิจนิรันดร์ 10,th-TH
Kampf im Tränenmeer,สงครามหยาดน้ำตาแห่งสายฝน,th-TH
Kampf im Tränenmeer I,สงครามหยาดน้ำตาแห่งสายฝน 1,th-TH
Kampf im Tränenmeer II,สงครามหยาดน้ำตาแห่งสายฝน 2,th-TH
Kampf im Tränenmeer III,สงครามหยาดน้ำตาแห่งสายฝน 3,th-TH
Kampf im Tränenmeer IV,สงครามหยาดน้ำตาแห่งสายฝน 4,th-TH
Kampf im Tränenmeer IX,สงครามหยาดน้ำตาแห่งสายฝน 9,th-TH
Kampf im Tränenmeer V,สงครามหยาดน้ำตาแห่งสายฝน 5,th-TH
Kampf im Tränenmeer VI,สงครามหยาดน้ำตาแห่งสายฝน 6,th-TH
Kampf im Tränenmeer VII,สงครามหยาดน้ำตาแห่งสายฝน 7,th-TH
Kampf im Tränenmeer VIII,สงครามหยาดน้ำตาแห่งสายฝน 8,th-TH
Kampf im Tränenmeer X,สงครามหยาดน้ำตาแห่งสายฝน 10,th-TH
Kapal Mimpi,เรือแห่งความฝัน,th-TH
Kapal Mimpi 1,เรือแห่งความฝัน 1,th-TH
Kapal Mimpi 10,เรือแห่งความฝัน 10,th-TH
Kapal Mimpi 2,เรือแห่งความฝัน 2,th-TH
Kapal Mimpi 3,เรือแห่งความฝัน 3,th-TH
Kapal Mimpi 4,เรือแห่งความฝัน 4,th-TH
Kapal Mimpi 5,เรือแห่งความฝัน 5,th-TH
Kapal Mimpi 6,เรือแห่งความฝัน 6,th-TH
Kapal Mimpi 7,เรือแห่งความฝัน 7,th-TH
Kapal Mimpi 8,เรือแห่งความฝัน 8,th-TH
Kapal Mimpi 9,เรือแห่งความฝัน 9,th-TH
Kapal yang Tersesat,เรือหลงทิศ,th-TH
Kapal yang Tersesat 1,เรือหลงทิศ 1,th-TH
Kapal yang Tersesat 10,เรือหลงทิศ 10,th-TH
Kapal yang Tersesat 11,เรือหลงทิศ 11,th-TH
Kapal yang Tersesat 12,เรือหลงทิศ 12,th-TH
Kapal yang Tersesat 2,เรือหลงทิศ 2,th-TH
Kapal yang Tersesat 3,เรือหลงทิศ 3,th-TH
Kapal yang Tersesat 4,เรือหลงทิศ 4,th-TH
Kapal yang Tersesat 5,เรือหลงทิศ 5,th-TH
Kapal yang Tersesat 6,เรือหลงทิศ 6,th-TH
Kapal yang Tersesat 7,เรือหลงทิศ 7,th-TH
Kapal yang Tersesat 8,เรือหลงทิศ 8,th-TH
Kapal yang Tersesat 9,เรือหลงทิศ 9,th-TH
Kategori Kesalahan,ตรรกะผิดหมวด,th-TH
Kategori Kesalahan 1,ตรรกะผิดหมวด 1,th-TH
Kategori Kesalahan 10,ตรรกะผิดหมวด 10,th-TH
Kategori Kesalahan 11,ตรรกะผิดหมวด 11,th-TH
Kategori Kesalahan 12,ตรรกะผิดหมวด 12,th-TH
Kategori Kesalahan 2,ตรรกะผิดหมวด 2,th-TH
Kategori Kesalahan 3,ตรรกะผิดหมวด 3,th-TH
Kategori Kesalahan 4,ตรรกะผิดหมวด 4,th-TH
Kategori Kesalahan 5,ตรรกะผิดหมวด 5,th-TH
Kategori Kesalahan 6,ตรรกะผิดหมวด 6,th-TH
Kategori Kesalahan 7,ตรรกะผิดหมวด 7,th-TH
Kategori Kesalahan 8,ตรรกะผิดหมวด 8,th-TH
Kategori Kesalahan 9,ตรรกะผิดหมวด 9,th-TH
Kategoriefehler,ตรรกะผิดหมวด,th-TH
Kategoriefehler I,ตรรกะผิดหมวด 1,th-TH
Kategoriefehler II,ตรรกะผิดหมวด 2,th-TH
Kategoriefehler III,ตรรกะผิดหมวด 3,th-TH
Kategoriefehler IV,ตรรกะผิดหมวด 4,th-TH
Kategoriefehler IX,ตรรกะผิดหมวด 9,th-TH
Kategoriefehler V,ตรรกะผิดหมวด 5,th-TH
Kategoriefehler VI,ตรรกะผิดหมวด 6,th-TH
Kategoriefehler VII,ตรรกะผิดหมวด 7,th-TH
Kategoriefehler VIII,ตรรกะผิดหมวด 8,th-TH
Kategoriefehler X,ตรรกะผิดหมวด 10,th-TH
Kategoriefehler XI,ตรรกะผิดหมวด 11,th-TH
Kategoriefehler XII,ตรรกะผิดหมวด 12,th-TH
Kedatangan Ambrosial Arbor,การมาเยือนของ Ambrosial Arbor,th-TH
Kedatangan Ambrosial Arbor 1,การมาเยือนของ Ambrosial Arbor 1,th-TH
Kedatangan Ambrosial Arbor 10,การมาเยือนของ Ambrosial Arbor 10,th-TH
Kedatangan Ambrosial Arbor 2,การมาเยือนของ Ambrosial Arbor 2,th-TH
Kedatangan Ambrosial Arbor 3,การมาเยือนของ Ambrosial Arbor 3,th-TH
Kedatangan Ambrosial Arbor 4,การมาเยือนของ Ambrosial Arbor 4,th-TH
Kedatangan Ambrosial Arbor 5,การมาเยือนของ Ambrosial Arbor 5,th-TH
Kedatangan Ambrosial Arbor 6,การมาเยือนของ Ambrosial Arbor 6,th-TH
Kedatangan Ambrosial Arbor 7,การมาเยือนของ Ambrosial Arbor 7,th-TH
Kedatangan Ambrosial Arbor 8,การมาเยือนของ Ambrosial Arbor 8,th-TH
Kedatangan Ambrosial Arbor 9,การมาเยือนของ Ambrosial Arbor 9,th-TH
Kehancuran oleh Lubang Semut,รังมดพังเขื่อน,th-TH
Kehancuran oleh Lubang Semut 1,รังมดพังเขื่อน 1,th-TH
Kehancuran oleh Lubang Semut 10,รังมดพังเขื่อน 10,th-TH
Kehancuran oleh Lubang Semut 11,รังมดพังเขื่อน 11,th-TH
Kehancuran oleh Lubang Semut 12,รังมดพังเขื่อน 12,th-TH
Kehancuran oleh Lubang Semut 2,รังมดพังเขื่อน 2,th-TH
Kehancuran oleh Lubang Semut 3,รังมดพังเขื่อน 3,th-TH
Kehancuran oleh Lubang Semut 4,รังมดพังเขื่อน 4,th-TH
Kehancuran oleh Lubang Semut 5,รังมดพังเขื่อน 5,th-TH
Kehancuran oleh Lubang Semut 6,รังมดพังเขื่อน 6,th-TH
Kehancuran oleh Lubang Semut 7,รังมดพังเขื่อน 7,th-TH
Kehancuran oleh Lubang Semut 8,รังมดพังเขื่อน 8,th-TH
Kehancuran oleh Lubang Semut 9,รังมดพังเขื่อน 9,th-TH
Kembalinya Pasukan,กองทัพหวนคืน,th-TH
Kesatria Angin Badai,อัศวินวายุ,th-TH
Kesatria Angin Badai: Tingkat Kesulitan 1,อัศวินวายุ: ความยาก 01,th-TH
Kesatria Angin Badai: Tingkat Kesulitan 2,อัศวินวายุ: ความยาก 02,th-TH
Kesatria Angin Badai: Tingkat Kesulitan 3,อัศวินวายุ: ความยาก 03,th-TH
Kesatria Angin Badai: Tingkat Kesulitan 4,อัศวินวายุ: ความยาก 04,th-TH
Kesatria Militan,อัศวินกองหน้า,th-TH
Kesatria Militan: Tingkat Kesulitan 01,อัศวินกองหน้า: ความยาก 01,th-TH
Kesatria Militan: Tingkat Kesulitan 02,อัศวินกองหน้า: ความยาก 02,th-TH
Kesatria Militan: Tingkat Kesulitan 03,อัศวินกองหน้า: ความยาก 03,th-TH
Kesatria Militan: Tingkat Kesulitan 04,อัศวินกองหน้า: ความยาก 04,th-TH
Kesatria Primata,อัศวินวานร,th-TH
Kesatria Primata: Tingkat Kesulitan 1,อัศวินวานร - ความยาก 01,th-TH
Kesatria Primata: Tingkat Kesulitan 2,อัศวินวานร - ความยาก 02,th-TH
Kesatria Primata: Tingkat Kesulitan 3,อัศวินวานร - ความยาก 03,th-TH
Kesatria Primata: Tingkat Kesulitan 4,อัศวินวานร - ความยาก 04,th-TH
Kesengsaraan Hidup dan Kesengsaraan Api,ภัยแห่งชีวิตและเปลวเพลิง,th-TH
Kesengsaraan Hidup dan Kesengsaraan Api 1,ภัยแห่งชีวิตและเปลวเพลิง 1,th-TH
Kesengsaraan Hidup dan Kesengsaraan Api 10,ภัยแห่งชีวิตและเปลวเพลิง 10,th-TH
Kesengsaraan Hidup dan Kesengsaraan Api 2,ภัยแห่งชีวิตและเปลวเพลิง 2,th-TH
Kesengsaraan Hidup dan Kesengsaraan Api 3,ภัยแห่งชีวิตและเปลวเพลิง 3,th-TH
Kesengsaraan Hidup dan Kesengsaraan Api 4,ภัยแห่งชีวิตและเปลวเพลิง 4,th-TH
Kesengsaraan Hidup dan Kesengsaraan Api 5,ภัยแห่งชีวิตและเปลวเพลิง 5,th-TH
Kesengsaraan Hidup dan Kesengsaraan Api 6,ภัยแห่งชีวิตและเปลวเพลิง 6,th-TH
Kesengsaraan Hidup dan Kesengsaraan Api 7,ภัยแห่งชีวิตและเปลวเพลิง 7,th-TH
Kesengsaraan Hidup dan Kesengsaraan Api 8,ภัยแห่งชีวิตและเปลวเพลิง 8,th-TH
Kesengsaraan Hidup dan Kesengsaraan Api 9,ภัยแห่งชีวิตและเปลวเพลิง 9,th-TH
Kesengsaraan Mara dan Kehampaan,Mara และความว่างเปล่า,th-TH
Kesengsaraan Mara dan Kehampaan 1,Mara และความว่างเปล่า 1,th-TH
Kesengsaraan Mara dan Kehampaan 10,Mara และความว่างเปล่า 10,th-TH
Kesengsaraan Mara dan Kehampaan 2,Mara และความว่างเปล่า 2,th-TH
Kesengsaraan Mara dan Kehampaan 3,Mara และความว่างเปล่า 3,th-TH
Kesengsaraan Mara dan Kehampaan 4,Mara และความว่างเปล่า 4,th-TH
Kesengsaraan Mara dan Kehampaan 5,Mara และความว่างเปล่า 5,th-TH
Kesengsaraan Mara dan Kehampaan 6,Mara และความว่างเปล่า 6,th-TH
Kesengsaraan Mara dan Kehampaan 7,Mara และความว่างเปล่า 7,th-TH
Kesengsaraan Mara dan Kehampaan 8,Mara และความว่างเปล่า 8,th-TH
Kesengsaraan Mara dan Kehampaan 9,Mara และความว่างเปล่า 9,th-TH
Kesulitan Pejudi,ความลำบากของนักพนัน,th-TH
Kesulitan Pejudi 1,ความลำบากของนักพนัน 1,th-TH
Kesulitan Pejudi 10,ความลำบากของนักพนัน 10,th-TH
Kesulitan Pejudi 11,ความลำบากของนักพนัน 11,th-TH
Kesulitan Pejudi 12,ความลำบากของนักพนัน 12,th-TH
Kesulitan Pejudi 2,ความลำบากของนักพนัน 2,th-TH
Kesulitan Pejudi 3,ความลำบากของนักพนัน 3,th-TH
Kesulitan Pejudi 4,ความลำบากของนักพนัน 4,th-TH
Kesulitan Pejudi 5,ความลำบากของนักพนัน 5,th-TH
Kesulitan Pejudi 6,ความลำบากของนักพนัน 6,th-TH
Kesulitan Pejudi 7,ความลำบากของนักพนัน 7,th-TH
Kesulitan Pejudi 8,ความลำบากของนักพนัน 8,th-TH
Kesulitan Pejudi 9,ความลำบากของนักพนัน 9,th-TH
Khiêu Vũ Cùng Giấc Mơ,เต้นรำกับความฝัน,th-TH
Khiêu Vũ Cùng Giấc Mơ 1,เต้นรำกับความฝัน 1,th-TH
Khiêu Vũ Cùng Giấc Mơ 10,เต้นรำกับความฝัน 10,th-TH
Khiêu Vũ Cùng Giấc Mơ 11,เต้นรำกับความฝัน 11,th-TH
Khiêu Vũ Cùng Giấc Mơ 12,เต้นรำกับความฝัน 12,th-TH
Khiêu Vũ Cùng Giấc Mơ 2,เต้นรำกับความฝัน 2,th-TH
Khiêu Vũ Cùng Giấc Mơ 3,เต้นรำกับความฝัน 3,th-TH
Khiêu Vũ Cùng Giấc Mơ 4,เต้นรำกับความฝัน 4,th-TH
Khiêu Vũ Cùng Giấc Mơ 5,เต้นรำกับความฝัน 5,th-TH
Khiêu Vũ Cùng Giấc Mơ 6,เต้นรำกับความฝัน 6,th-TH
Khiêu Vũ Cùng Giấc Mơ 7,เต้นรำกับความฝัน 7,th-TH
Khiêu Vũ Cùng Giấc Mơ 8,เต้นรำกับความฝัน 8,th-TH
Khiêu Vũ Cùng Giấc Mơ 9,เต้นรำกับความฝัน 9,th-TH
Khúc Nhạc Tàn Giấc Mộng Tan,บทเพลงส่งท้ายความฝัน,th-TH
Khúc Nhạc Tàn Giấc Mộng Tan I,บทเพลงส่งท้ายความฝัน 1,th-TH
Khúc Nhạc Tàn Giấc Mộng Tan II,บทเพลงส่งท้ายความฝัน 2,th-TH
Khúc Nhạc Tàn Giấc Mộng Tan III,บทเพลงส่งท้ายความฝัน 3,th-TH
Khúc Nhạc Tàn Giấc Mộng Tan IV,บทเพลงส่งท้ายความฝัน 4,th-TH
Khúc Nhạc Tàn Giấc Mộng Tan IX,บทเพลงส่งท้ายความฝัน 9,th-TH
Khúc Nhạc Tàn Giấc Mộng Tan V,บทเพลงส่งท้ายความฝัน 5,th-TH
Khúc Nhạc Tàn Giấc Mộng Tan VI,บทเพลงส่งท้ายความฝัน 6,th-TH
Khúc Nhạc Tàn Giấc Mộng Tan VII,บทเพลงส่งท้ายความฝัน 7,th-TH
Khúc Nhạc Tàn Giấc Mộng Tan VIII,บทเพลงส่งท้ายความฝัน 8,th-TH
Khúc Nhạc Tàn Giấc Mộng Tan X,บทเพลงส่งท้ายความฝัน 10,th-TH
Khúc Nhạc Tàn Giấc Mộng Tan XI,บทเพลงส่งท้ายความฝัน 11,th-TH
Khúc Nhạc Tàn Giấc Mộng Tan XII,บทเพลงส่งท้ายความฝัน 12,th-TH
Khỉ Gió Lốc,วานรโหมวายุ,th-TH
Khỉ Gió Lốc: Độ Khó 1,วานรโหมวายุ: ความยาก 01,th-TH
Khỉ Gió Lốc: Độ Khó 2,วานรโหมวายุ: ความยาก 02,th-TH
Khỉ Gió Lốc: Độ Khó 3,วานรโหมวายุ: ความยาก 03,th-TH
Khỉ Gió Lốc: Độ Khó 4,วานรโหมวายุ: ความยาก 04,th-TH
King in Check,รุกฆาตราชา,th-TH
Kisah Burung yang Terbelenggu,ตำนานของนกในกรง,th-TH
Kisah Burung yang Terbelenggu 1,ตำนานของนกในกรง 1,th-TH
Kisah Burung yang Terbelenggu 2,ตำนานของนกในกรง 2,th-TH
Kisah Burung yang Terbelenggu 3,ตำนานของนกในกรง 3,th-TH
Kisah Burung yang Terbelenggu 4,ตำนานของนกในกรง 4,th-TH
Kisah Misteri Akademi,เรื่องลี้ลับในโรงเรียน,th-TH
Kisah Misteri Akademi 1,เรื่องลี้ลับในโรงเรียน 1,th-TH
Kisah Misteri Akademi 10,เรื่องลี้ลับในโรงเรียน 10,th-TH
Kisah Misteri Akademi 11,เรื่องลี้ลับในโรงเรียน 11,th-TH
Kisah Misteri Akademi 12,เรื่องลี้ลับในโรงเรียน 12,th-TH
Kisah Misteri Akademi 2,เรื่องลี้ลับในโรงเรียน 2,th-TH
Kisah Misteri Akademi 3,เรื่องลี้ลับในโรงเรียน 3,th-TH
Kisah Misteri Akademi 4,เรื่องลี้ลับในโรงเรียน 4,th-TH
Kisah Misteri Akademi 5,เรื่องลี้ลับในโรงเรียน 5,th-TH
Kisah Misteri Akademi 6,เรื่องลี้ลับในโรงเรียน 6,th-TH
Kisah Misteri Akademi 7,เรื่องลี้ลับในโรงเรียน 7,th-TH
Kisah Misteri Akademi 8,เรื่องลี้ลับในโรงเรียน 8,th-TH
Kisah Misteri Akademi 9,เรื่องลี้ลับในโรงเรียน 9,th-TH
Klammgezeiten,กระแสคลื่นที่ถาโถม,th-TH
Klammgezeiten I,กระแสคลื่นที่ถาโถม 1,th-TH
Klammgezeiten II,กระแสคลื่นที่ถาโถม 2,th-TH
Klammgezeiten III,กระแสคลื่นที่ถาโถม 3,th-TH
Klammgezeiten IV,กระแสคลื่นที่ถาโถม 4,th-TH
Klammgezeiten IX,กระแสคลื่นที่ถาโถม 9,th-TH
Klammgezeiten V,กระแสคลื่นที่ถาโถม 5,th-TH
Klammgezeiten VI,กระแสคลื่นที่ถาโถม 6,th-TH
Klammgezeiten VII,กระแสคลื่นที่ถาโถม 7,th-TH
Klammgezeiten VIII,กระแสคลื่นที่ถาโถม 8,th-TH
Klammgezeiten X,กระแสคลื่นที่ถาโถม 10,th-TH
Klammgezeiten XI,กระแสคลื่นที่ถาโถม 11,th-TH
Klammgezeiten XII,กระแสคลื่นที่ถาโถม 12,th-TH
Knight (I),อัศวิน (1),th-TH
Knight (II),อัศวิน (2),th-TH
Knight (III),อัศวิน (3),th-TH
Koleksi Epos,ชุดบทกวีมหากาพย์,th-TH
Koleksi Epos 1,ชุดบทกวีมหากาพย์ 1,th-TH
Koleksi Epos 2,ชุดบทกวีมหากาพย์ 2,th-TH
Koleksi Epos 3,ชุดบทกวีมหากาพย์ 3,th-TH
Koleksi Epos 4,ชุดบทกวีมหากาพย์ 4,th-TH
Kontrol dan Komando,ควบคุมและบัญชา,th-TH
Kontrol dan Komando: Tingkat Kesulitan 1,ควบคุมและบัญชา: ความยาก 01,th-TH
Kontrol dan Komando: Tingkat Kesulitan 2,ควบคุมและบัญชา: ความยาก 02,th-TH
Kontrol dan Komando: Tingkat Kesulitan 3,ควบคุมและบัญชา: ความยาก 03,th-TH
Kontrol dan Komando: Tingkat Kesulitan 4,ควบคุมและบัญชา: ความยาก 04,th-TH
Kriegshäuptling des Schwarms,ขุนศึกมวลแมลง,th-TH
Kriegshäuptling des Schwarms: Schwierigkeitsgrad 01,ขุนศึกมวลแมลง: ความยาก 01,th-TH
Kriegshäuptling des Schwarms: Schwierigkeitsgrad 02,ขุนศึกมวลแมลง: ความยาก 02,th-TH
Kriegshäuptling des Schwarms: Schwierigkeitsgrad 03,ขุนศึกมวลแมลง: ความยาก 03,th-TH
Kriegshäuptling des Schwarms: Schwierigkeitsgrad 04,ขุนศึกมวลแมลง: ความยาก 04,th-TH
Kriegshäuptling des Wolfs,ขุนศึกสิงคาล,th-TH
Kriegshäuptling des Wolfs: Schwierigkeitsgrad 01,ขุนศึกสิงคาล: ความยาก 01,th-TH
Kriegshäuptling des Wolfs: Schwierigkeitsgrad 02,ขุนศึกสิงคาล: ความยาก 02,th-TH
Kriegshäuptling des Wolfs: Schwierigkeitsgrad 03,ขุนศึกสิงคาล: ความยาก 03,th-TH
Kriegshäuptling des Wolfs: Schwierigkeitsgrad 04,ขุนศึกสิงคาล: ความยาก 04,th-TH
Kuda (1),อัศวิน (1),th-TH
Kuda (2),อัศวิน (2),th-TH
Kuda (3),อัศวิน (3),th-TH
Kuda (I),อัศวิน (1),th-TH
Kuda (II),อัศวิน (2),th-TH
Kuda (III),อัศวิน (3),th-TH
Ký Sự Tha Hương,จากบ้านจากเมือง,th-TH
Ký Sự Tha Hương 1,จากบ้านจากเมือง 1,th-TH
Ký Sự Tha Hương 10,จากบ้านจากเมือง 10,th-TH
Ký Sự Tha Hương 11,จากบ้านจากเมือง 11,th-TH
Ký Sự Tha Hương 12,จากบ้านจากเมือง 12,th-TH
Ký Sự Tha Hương 2,จากบ้านจากเมือง 2,th-TH
Ký Sự Tha Hương 3,จากบ้านจากเมือง 3,th-TH
Ký Sự Tha Hương 4,จากบ้านจากเมือง 4,th-TH
Ký Sự Tha Hương 5,จากบ้านจากเมือง 5,th-TH
Ký Sự Tha Hương 6,จากบ้านจากเมือง 6,th-TH
Ký Sự Tha Hương 7,จากบ้านจากเมือง 7,th-TH
Ký Sự Tha Hương 8,จากบ้านจากเมือง 8,th-TH
Ký Sự Tha Hương 9,จากบ้านจากเมือง 9,th-TH
Kết Cấu Ba Màn,โครงสร้างสามองก์,th-TH
Kết Cấu Ba Màn 1,โครงสร้างสามองก์ 1,th-TH
Kết Cấu Ba Màn 2,โครงสร้างสามองก์ 2,th-TH
Kết Cấu Ba Màn 3,โครงสร้างสามองก์ 3,th-TH
Kết Cấu Ba Màn 4,โครงสร้างสามองก์ 4,th-TH
Kể Chuyện Chủ Quan,บรรยายเชิงอัตวิสัย,th-TH
Kể Chuyện Chủ Quan 1,บรรยายเชิงอัตวิสัย 1,th-TH
Kể Chuyện Chủ Quan 2,บรรยายเชิงอัตวิสัย 2,th-TH
Kể Chuyện Chủ Quan 3,บรรยายเชิงอัตวิสัย 3,th-TH
Kể Chuyện Chủ Quan 4,บรรยายเชิงอัตวิสัย 4,th-TH
Kỳ Truyện Chim Trong Lồng,ตำนานของนกในกรง,th-TH
Kỳ Truyện Chim Trong Lồng 1,ตำนานของนกในกรง 1,th-TH
Kỳ Truyện Chim Trong Lồng 2,ตำนานของนกในกรง 2,th-TH
Kỳ Truyện Chim Trong Lồng 3,ตำนานของนกในกรง 3,th-TH
Kỳ Truyện Chim Trong Lồng 4,ตำนานของนกในกรง 4,th-TH
Kỵ Sĩ Binh Phong,อัศวินกองหน้า,th-TH
Kỵ Sĩ Binh Phong - Độ Khó 01,อัศวินกองหน้า: ความยาก 01,th-TH
Kỵ Sĩ Binh Phong - Độ Khó 02,อัศวินกองหน้า: ความยาก 02,th-TH
Kỵ Sĩ Binh Phong - Độ Khó 03,อัศวินกองหน้า: ความยาก 03,th-TH
Kỵ Sĩ Binh Phong - Độ Khó 04,อัศวินกองหน้า: ความยาก 04,th-TH
Kỵ Sĩ Gió Lốc,อัศวินวายุ,th-TH
Kỵ Sĩ Gió Lốc: Độ Khó 1,อัศวินวายุ: ความยาก 01,th-TH
Kỵ Sĩ Gió Lốc: Độ Khó 2,อัศวินวายุ: ความยาก 02,th-TH
Kỵ Sĩ Gió Lốc: Độ Khó 3,อัศวินวายุ: ความยาก 03,th-TH
Kỵ Sĩ Gió Lốc: Độ Khó 4,อัศวินวายุ: ความยาก 04,th-TH
Kỵ Sĩ Linh Trưởng,อัศวินวานร,th-TH
Kỵ Sĩ Linh Trưởng: Độ Khó 1,อัศวินวานร - ความยาก 01,th-TH
Kỵ Sĩ Linh Trưởng: Độ Khó 2,อัศวินวานร - ความยาก 02,th-TH
Kỵ Sĩ Linh Trưởng: Độ Khó 3,อัศวินวานร - ความยาก 03,th-TH
Kỵ Sĩ Linh Trưởng: Độ Khó 4,อัศวินวานร - ความยาก 04,th-TH
L'air d'une chanson,เสียงพ้องทำนองซ้อน,th-TH
L'air d'une chanson Niv. 1,เสียงพ้องทำนองซ้อน 1,th-TH
L'air d'une chanson Niv. 10,เสียงพ้องทำนองซ้อน 10,th-TH
L'air d'une chanson Niv. 11,เสียงพ้องทำนองซ้อน 11,th-TH
L'air d'une chanson Niv. 12,เสียงพ้องทำนองซ้อน 12,th-TH
L'air d'une chanson Niv. 2,เสียงพ้องทำนองซ้อน 2,th-TH
L'air d'une chanson Niv. 3,เสียงพ้องทำนองซ้อน 3,th-TH
L'air d'une chanson Niv. 4,เสียงพ้องทำนองซ้อน 4,th-TH
L'air d'une chanson Niv. 5,เสียงพ้องทำนองซ้อน 5,th-TH
L'air d'une chanson Niv. 6,เสียงพ้องทำนองซ้อน 6,th-TH
L'air d'une chanson Niv. 7,เสียงพ้องทำนองซ้อน 7,th-TH
L'air d'une chanson Niv. 8,เสียงพ้องทำนองซ้อน 8,th-TH
L'air d'une chanson Niv. 9,เสียงพ้องทำนองซ้อน 9,th-TH
L'arrivée de l'Arbre d'ambroisie,การมาเยือนของ Ambrosial Arbor,th-TH
L'arrivée de l'Arbre d'ambroisie Niv. 1,การมาเยือนของ Ambrosial Arbor 1,th-TH
L'arrivée de l'Arbre d'ambroisie Niv. 10,การมาเยือนของ Ambrosial Arbor 10,th-TH
L'arrivée de l'Arbre d'ambroisie Niv. 2,การมาเยือนของ Ambrosial Arbor 2,th-TH
L'arrivée de l'Arbre d'ambroisie Niv. 3,การมาเยือนของ Ambrosial Arbor 3,th-TH
L'arrivée de l'Arbre d'ambroisie Niv. 4,การมาเยือนของ Ambrosial Arbor 4,th-TH
L'arrivée de l'Arbre d'ambroisie Niv. 5,การมาเยือนของ Ambrosial Arbor 5,th-TH
L'arrivée de l'Arbre d'ambroisie Niv. 6,การมาเยือนของ Ambrosial Arbor 6,th-TH
L'arrivée de l'Arbre d'ambroisie Niv. 7,การมาเยือนของ Ambrosial Arbor 7,th-TH
L'arrivée de l'Arbre d'ambroisie Niv. 8,การมาเยือนของ Ambrosial Arbor 8,th-TH
L'arrivée de l'Arbre d'ambroisie Niv. 9,การมาเยือนของ Ambrosial Arbor 9,th-TH
La route des rêves,เรือแห่งความฝัน,th-TH
La route des rêves Niv. 1,เรือแห่งความฝัน 1,th-TH
La route des rêves Niv. 10,เรือแห่งความฝัน 10,th-TH
La route des rêves Niv. 2,เรือแห่งความฝัน 2,th-TH
La route des rêves Niv. 3,เรือแห่งความฝัน 3,th-TH
La route des rêves Niv. 4,เรือแห่งความฝัน 4,th-TH
La route des rêves Niv. 5,เรือแห่งความฝัน 5,th-TH
La route des rêves Niv. 6,เรือแห่งความฝัน 6,th-TH
La route des rêves Niv. 7,เรือแห่งความฝัน 7,th-TH
La route des rêves Niv. 8,เรือแห่งความฝัน 8,th-TH
La route des rêves Niv. 9,เรือแห่งความฝัน 9,th-TH
La suppression des racines divines,การปราบรากศักดิ์สิทธิ์,th-TH
La suppression des racines divines Niv. 1,การปราบรากศักดิ์สิทธิ์ 1,th-TH
La suppression des racines divines Niv. 10,การปราบรากศักดิ์สิทธิ์ 10,th-TH
La suppression des racines divines Niv. 2,การปราบรากศักดิ์สิทธิ์ 2,th-TH
La suppression des racines divines Niv. 3,การปราบรากศักดิ์สิทธิ์ 3,th-TH
La suppression des racines divines Niv. 4,การปราบรากศักดิ์สิทธิ์ 4,th-TH
La suppression des racines divines Niv. 5,การปราบรากศักดิ์สิทธิ์ 5,th-TH
La suppression des racines divines Niv. 6,การปราบรากศักดิ์สิทธิ์ 6,th-TH
La suppression des racines divines Niv. 7,การปราบรากศักดิ์สิทธิ์ 7,th-TH
La suppression des racines divines Niv. 8,การปราบรากศักดิ์สิทธิ์ 8,th-TH
La suppression des racines divines Niv. 9,การปราบรากศักดิ์สิทธิ์ 9,th-TH
La tierra de los sueños,แดนฝันสุดถวิล,th-TH
La tierra de los sueños I,แดนฝันสุดถวิล 1,th-TH
La tierra de los sueños II,แดนฝันสุดถวิล 2,th-TH
La tierra de los sueños III,แดนฝันสุดถวิล 3,th-TH
La tierra de los sueños IV,แดนฝันสุดถวิล 4,th-TH
La tierra de los sueños IX,แดนฝันสุดถวิล 9,th-TH
La tierra de los sueños V,แดนฝันสุดถวิล 5,th-TH
La tierra de los sueños VI,แดนฝันสุดถวิล 6,th-TH
La tierra de los sueños VII,แดนฝันสุดถวิล 7,th-TH
La tierra de los sueños VIII,แดนฝันสุดถวิล 8,th-TH
La tierra de los sueños X,แดนฝันสุดถวิล 10,th-TH
La tierra de los sueños XI,แดนฝันสุดถวิล 11,th-TH
La tierra de los sueños XII,แดนฝันสุดถวิล 12,th-TH
La tribulation de Ferfroid,ลับคมเหล็กเหมันต์,th-TH
La tribulation de Ferfroid phase 1,ลับคมเหล็กเหมันต์ขั้นที่ 1,th-TH
La tribulation de Ferfroid phase 10,ลับคมเหล็กเหมันต์ขั้นที่ 10,th-TH
La tribulation de Ferfroid phase 2,ลับคมเหล็กเหมันต์ขั้นที่ 2,th-TH
La tribulation de Ferfroid phase 3,ลับคมเหล็กเหมันต์ขั้นที่ 3,th-TH
La tribulation de Ferfroid phase 4,ลับคมเหล็กเหมันต์ขั้นที่ 4,th-TH
La tribulation de Ferfroid phase 5,ลับคมเหล็กเหมันต์ขั้นที่ 5,th-TH
La tribulation de Ferfroid phase 6,ลับคมเหล็กเหมันต์ขั้นที่ 6,th-TH
La tribulation de Ferfroid phase 7,ลับคมเหล็กเหมันต์ขั้นที่ 7,th-TH
La tribulation de Ferfroid phase 8,ลับคมเหล็กเหมันต์ขั้นที่ 8,th-TH
La tribulation de Ferfroid phase 9,ลับคมเหล็กเหมันต์ขั้นที่ 9,th-TH
La venida del Árbol de la Ambrosía,การมาเยือนของ Ambrosial Arbor,th-TH
La venida del Árbol de la Ambrosía I,การมาเยือนของ Ambrosial Arbor 1,th-TH
La venida del Árbol de la Ambrosía II,การมาเยือนของ Ambrosial Arbor 2,th-TH
La venida del Árbol de la Ambrosía III,การมาเยือนของ Ambrosial Arbor 3,th-TH
La venida del Árbol de la Ambrosía IV,การมาเยือนของ Ambrosial Arbor 4,th-TH
La venida del Árbol de la Ambrosía IX,การมาเยือนของ Ambrosial Arbor 9,th-TH
La venida del Árbol de la Ambrosía V,การมาเยือนของ Ambrosial Arbor 5,th-TH
La venida del Árbol de la Ambrosía VI,การมาเยือนของ Ambrosial Arbor 6,th-TH
La venida del Árbol de la Ambrosía VII,การมาเยือนของ Ambrosial Arbor 7,th-TH
La venida del Árbol de la Ambrosía VIII,การมาเยือนของ Ambrosial Arbor 8,th-TH
La venida del Árbol de la Ambrosía X,การมาเยือนของ Ambrosial Arbor 10,th-TH
"Lagu Berakhir, Mimpi Sirna",บทเพลงส่งท้ายความฝัน,th-TH
"Lagu Berakhir, Mimpi Sirna 1",บทเพลงส่งท้ายความฝัน 1,th-TH
"Lagu Berakhir, Mimpi Sirna 10",บทเพลงส่งท้ายความฝัน 10,th-TH
"Lagu Berakhir, Mimpi Sirna 11",บทเพลงส่งท้ายความฝัน 11,th-TH
"Lagu Berakhir, Mimpi Sirna 12",บทเพลงส่งท้ายความฝัน 12,th-TH
"Lagu Berakhir, Mimpi Sirna 2",บทเพลงส่งท้ายความฝัน 2,th-TH
"Lagu Berakhir, Mimpi Sirna 3",บทเพลงส่งท้ายความฝัน 3,th-TH
"Lagu Berakhir, Mimpi Sirna 4",บทเพลงส่งท้ายความฝัน 4,th-TH
"Lagu Berakhir, Mimpi Sirna 5",บทเพลงส่งท้ายความฝัน 5,th-TH
"Lagu Berakhir, Mimpi Sirna 6",บทเพลงส่งท้ายความฝัน 6,th-TH
"Lagu Berakhir, Mimpi Sirna 7",บทเพลงส่งท้ายความฝัน 7,th-TH
"Lagu Berakhir, Mimpi Sirna 8",บทเพลงส่งท้ายความฝัน 8,th-TH
"Lagu Berakhir, Mimpi Sirna 9",บทเพลงส่งท้ายความฝัน 9,th-TH
Laissez Pom-Pom tranquille,อย่าแหย่ Pom-Pom,th-TH
Larga batalla de lágrimas de lluvia,สงครามหยาดน้ำตาแห่งสายฝน,th-TH
Larga batalla de lágrimas de lluvia I,สงครามหยาดน้ำตาแห่งสายฝน 1,th-TH
Larga batalla de lágrimas de lluvia II,สงครามหยาดน้ำตาแห่งสายฝน 2,th-TH
Larga batalla de lágrimas de lluvia III,สงครามหยาดน้ำตาแห่งสายฝน 3,th-TH
Larga batalla de lágrimas de lluvia IV,สงครามหยาดน้ำตาแห่งสายฝน 4,th-TH
Larga batalla de lágrimas de lluvia IX,สงครามหยาดน้ำตาแห่งสายฝน 9,th-TH
Larga batalla de lágrimas de lluvia V,สงครามหยาดน้ำตาแห่งสายฝน 5,th-TH
Larga batalla de lágrimas de lluvia VI,สงครามหยาดน้ำตาแห่งสายฝน 6,th-TH
Larga batalla de lágrimas de lluvia VII,สงครามหยาดน้ำตาแห่งสายฝน 7,th-TH
Larga batalla de lágrimas de lluvia VIII,สงครามหยาดน้ำตาแห่งสายฝน 8,th-TH
Larga batalla de lágrimas de lluvia X,สงครามหยาดน้ำตาแห่งสายฝน 10,th-TH
Le devoir d'agir,เวรปฏิบัติการ,th-TH
Le devoir d'agir (I),เวรปฏิบัติการ 1,th-TH
Le devoir d'agir (II),เวรปฏิบัติการ 2,th-TH
Le devoir d'agir (III),เวรปฏิบัติการ 3,th-TH
Le devoir d'agir (IV),เวรปฏิบัติการ 4,th-TH
Le devoir d'agir (IX),เวรปฏิบัติการ 9,th-TH
Le devoir d'agir (V),เวรปฏิบัติการ 5,th-TH
Le devoir d'agir (VI),เวรปฏิบัติการ 6,th-TH
Le devoir d'agir (VII),เวรปฏิบัติการ 7,th-TH
Le devoir d'agir (VIII),เวรปฏิบัติการ 8,th-TH
Le devoir d'agir (X),เวรปฏิบัติการ 10,th-TH
Le devoir d'agir (XI),เวรปฏิบัติการ 11,th-TH
Le devoir d'agir (XII),เวรปฏิบัติการ 12,th-TH
Le grand sommeil,นิทราไม่รู้ตื่น,th-TH
Le grand sommeil Niv. 1,นิทราไม่รู้ตื่น 1,th-TH
Le grand sommeil Niv. 10,นิทราไม่รู้ตื่น 10,th-TH
Le grand sommeil Niv. 11,นิทราไม่รู้ตื่น 11,th-TH
Le grand sommeil Niv. 12,นิทราไม่รู้ตื่น 12,th-TH
Le grand sommeil Niv. 2,นิทราไม่รู้ตื่น 2,th-TH
Le grand sommeil Niv. 3,นิทราไม่รู้ตื่น 3,th-TH
Le grand sommeil Niv. 4,นิทราไม่รู้ตื่น 4,th-TH
Le grand sommeil Niv. 5,นิทราไม่รู้ตื่น 5,th-TH
Le grand sommeil Niv. 6,นิทราไม่รู้ตื่น 6,th-TH
Le grand sommeil Niv. 7,นิทราไม่รู้ตื่น 7,th-TH
Le grand sommeil Niv. 8,นิทราไม่รู้ตื่น 8,th-TH
Le grand sommeil Niv. 9,นิทราไม่รู้ตื่น 9,th-TH
Le mara et le néant,Mara และความว่างเปล่า,th-TH
Le mara et le néant Niv. 1,Mara และความว่างเปล่า 1,th-TH
Le mara et le néant Niv. 10,Mara และความว่างเปล่า 10,th-TH
Le mara et le néant Niv. 2,Mara และความว่างเปล่า 2,th-TH
Le mara et le néant Niv. 3,Mara และความว่างเปล่า 3,th-TH
Le mara et le néant Niv. 4,Mara และความว่างเปล่า 4,th-TH
Le mara et le néant Niv. 5,Mara และความว่างเปล่า 5,th-TH
Le mara et le néant Niv. 6,Mara และความว่างเปล่า 6,th-TH
Le mara et le néant Niv. 7,Mara และความว่างเปล่า 7,th-TH
Le mara et le néant Niv. 8,Mara และความว่างเปล่า 8,th-TH
Le mara et le néant Niv. 9,Mara และความว่างเปล่า 9,th-TH
Le retour de la légion,กองทัพหวนคืน,th-TH
Le voyage du Navis Astriger,บันทึกของเรือแสวงหายาอมตะ,th-TH
Lebendige und Flammende Katastrophen,ภัยแห่งชีวิตและเปลวเพลิง,th-TH
Lebendige und Flammende Katastrophen I,ภัยแห่งชีวิตและเปลวเพลิง 1,th-TH
Lebendige und Flammende Katastrophen II,ภัยแห่งชีวิตและเปลวเพลิง 2,th-TH
Lebendige und Flammende Katastrophen III,ภัยแห่งชีวิตและเปลวเพลิง 3,th-TH
Lebendige und Flammende Katastrophen IV,ภัยแห่งชีวิตและเปลวเพลิง 4,th-TH
Lebendige und Flammende Katastrophen IX,ภัยแห่งชีวิตและเปลวเพลิง 9,th-TH
Lebendige und Flammende Katastrophen V,ภัยแห่งชีวิตและเปลวเพลิง 5,th-TH
Lebendige und Flammende Katastrophen VI,ภัยแห่งชีวิตและเปลวเพลิง 6,th-TH
Lebendige und Flammende Katastrophen VII,ภัยแห่งชีวิตและเปลวเพลิง 7,th-TH
Lebendige und Flammende Katastrophen VIII,ภัยแห่งชีวิตและเปลวเพลิง 8,th-TH
Lebendige und Flammende Katastrophen X,ภัยแห่งชีวิตและเปลวเพลิง 10,th-TH
Leg dich nicht mit Pom-Pom an,อย่าแหย่ Pom-Pom,th-TH
Lejos del hogar,จากบ้านจากเมือง,th-TH
Lejos del hogar I,จากบ้านจากเมือง 1,th-TH
Lejos del hogar II,จากบ้านจากเมือง 2,th-TH
Lejos del hogar III,จากบ้านจากเมือง 3,th-TH
Lejos del hogar IV,จากบ้านจากเมือง 4,th-TH
Lejos del hogar IX,จากบ้านจากเมือง 9,th-TH
Lejos del hogar V,จากบ้านจากเมือง 5,th-TH
Lejos del hogar VI,จากบ้านจากเมือง 6,th-TH
Lejos del hogar VII,จากบ้านจากเมือง 7,th-TH
Lejos del hogar VIII,จากบ้านจากเมือง 8,th-TH
Lejos del hogar X,จากบ้านจากเมือง 10,th-TH
Lejos del hogar XI,จากบ้านจากเมือง 11,th-TH
Lejos del hogar XII,จากบ้านจากเมือง 12,th-TH
Les Catastrophes de la vie et des flammes,ภัยแห่งชีวิตและเปลวเพลิง,th-TH
Les Catastrophes de la vie et des flammes Niv. 1,ภัยแห่งชีวิตและเปลวเพลิง 1,th-TH
Les Catastrophes de la vie et des flammes Niv. 10,ภัยแห่งชีวิตและเปลวเพลิง 10,th-TH
Les Catastrophes de la vie et des flammes Niv. 2,ภัยแห่งชีวิตและเปลวเพลิง 2,th-TH
Les Catastrophes de la vie et des flammes Niv. 3,ภัยแห่งชีวิตและเปลวเพลิง 3,th-TH
Les Catastrophes de la vie et des flammes Niv. 4,ภัยแห่งชีวิตและเปลวเพลิง 4,th-TH
Les Catastrophes de la vie et des flammes Niv. 5,ภัยแห่งชีวิตและเปลวเพลิง 5,th-TH
Les Catastrophes de la vie et des flammes Niv. 6,ภัยแห่งชีวิตและเปลวเพลิง 6,th-TH
Les Catastrophes de la vie et des flammes Niv. 7,ภัยแห่งชีวิตและเปลวเพลิง 7,th-TH
Les Catastrophes de la vie et des flammes Niv. 8,ภัยแห่งชีวิตและเปลวเพลิง 8,th-TH
Les Catastrophes de la vie et des flammes Niv. 9,ภัยแห่งชีวิตและเปลวเพลิง 9,th-TH
Lexical Enigma,ศัพท์ใหม่ชวนฉงน,th-TH
Lexical Enigma (I),ศัพท์ใหม่ชวนฉงน 1,th-TH
Lexical Enigma (II),ศัพท์ใหม่ชวนฉงน 2,th-TH
Lexical Enigma (III),ศัพท์ใหม่ชวนฉงน 3,th-TH
Lexical Enigma (IV),ศัพท์ใหม่ชวนฉงน 4,th-TH
Leyendas del pájaro cautivo,ตำนานของนกในกรง,th-TH
Leyendas del pájaro cautivo I,ตำนานของนกในกรง 1,th-TH
Leyendas del pájaro cautivo II,ตำนานของนกในกรง 2,th-TH
Leyendas del pájaro cautivo III,ตำนานของนกในกรง 3,th-TH
Leyendas del pájaro cautivo IV,ตำนานของนกในกรง 4,th-TH
Leyendas urbanas de la escuela,เรื่องลี้ลับในโรงเรียน,th-TH
Leyendas urbanas de la escuela I,เรื่องลี้ลับในโรงเรียน 1,th-TH
Leyendas urbanas de la escuela II,เรื่องลี้ลับในโรงเรียน 2,th-TH
Leyendas urbanas de la escuela III,เรื่องลี้ลับในโรงเรียน 3,th-TH
Leyendas urbanas de la escuela IV,เรื่องลี้ลับในโรงเรียน 4,th-TH
Leyendas urbanas de la escuela IX,เรื่องลี้ลับในโรงเรียน 9,th-TH
Leyendas urbanas de la escuela V,เรื่องลี้ลับในโรงเรียน 5,th-TH
Leyendas urbanas de la escuela VI,เรื่องลี้ลับในโรงเรียน 6,th-TH
Leyendas urbanas de la escuela VII,เรื่องลี้ลับในโรงเรียน 7,th-TH
Leyendas urbanas de la escuela VIII,เรื่องลี้ลับในโรงเรียน 8,th-TH
Leyendas urbanas de la escuela X,เรื่องลี้ลับในโรงเรียน 10,th-TH
Leyendas urbanas de la escuela XI,เรื่องลี้ลับในโรงเรียน 11,th-TH
Leyendas urbanas de la escuela XII,เรื่องลี้ลับในโรงเรียน 12,th-TH
Light of Reignition,แสงที่ลุกโชนอีกครา,th-TH
Light of Reignition (I),แสงที่ลุกโชนอีกครา 1,th-TH
Light of Reignition (II),แสงที่ลุกโชนอีกครา 2,th-TH
Light of Reignition (III),แสงที่ลุกโชนอีกครา 3,th-TH
Light of Reignition (IV),แสงที่ลุกโชนอีกครา 4,th-TH
Light of Reignition (IX),แสงที่ลุกโชนอีกครา 9,th-TH
Light of Reignition (V),แสงที่ลุกโชนอีกครา 5,th-TH
Light of Reignition (VI),แสงที่ลุกโชนอีกครา 6,th-TH
Light of Reignition (VII),แสงที่ลุกโชนอีกครา 7,th-TH
Light of Reignition (VIII),แสงที่ลุกโชนอีกครา 8,th-TH
Light of Reignition (X),แสงที่ลุกโชนอีกครา 10,th-TH
Light of Reignition (XI),แสงที่ลุกโชนอีกครา 11,th-TH
Light of Reignition (XII),แสงที่ลุกโชนอีกครา 12,th-TH
Linh Trưởng Đánh Cược,วานรเดิมพัน,th-TH
Linh Trưởng Đánh Cược: Độ Khó 1,วานรเดิมพัน: ความยาก 01,th-TH
Linh Trưởng Đánh Cược: Độ Khó 2,วานรเดิมพัน: ความยาก 02,th-TH
Linh Trưởng Đánh Cược: Độ Khó 3,วานรเดิมพัน: ความยาก 03,th-TH
Linh Trưởng Đánh Cược: Độ Khó 4,วานรเดิมพัน: ความยาก 04,th-TH
Living and Flaming Catastrophes,ภัยแห่งชีวิตและเปลวเพลิง,th-TH
Living and Flaming Catastrophes (I),ภัยแห่งชีวิตและเปลวเพลิง 1,th-TH
Living and Flaming Catastrophes (II),ภัยแห่งชีวิตและเปลวเพลิง 2,th-TH
Living and Flaming Catastrophes (III),ภัยแห่งชีวิตและเปลวเพลิง 3,th-TH
Living and Flaming Catastrophes (IV),ภัยแห่งชีวิตและเปลวเพลิง 4,th-TH
Living and Flaming Catastrophes (IX),ภัยแห่งชีวิตและเปลวเพลิง 9,th-TH
Living and Flaming Catastrophes (V),ภัยแห่งชีวิตและเปลวเพลิง 5,th-TH
Living and Flaming Catastrophes (VI),ภัยแห่งชีวิตและเปลวเพลิง 6,th-TH
Living and Flaming Catastrophes (VII),ภัยแห่งชีวิตและเปลวเพลิง 7,th-TH
Living and Flaming Catastrophes (VIII),ภัยแห่งชีวิตและเปลวเพลิง 8,th-TH
Living and Flaming Catastrophes (X),ภัยแห่งชีวิตและเปลวเพลิง 10,th-TH
Locust's Instigation,แมลงปลุกปั่น,th-TH
Locust's Instigation: Difficulty 1,แมลงปลุกปั่น: ความยาก 01,th-TH
Locust's Instigation: Difficulty 2,แมลงปลุกปั่น: ความยาก 02,th-TH
Locust's Instigation: Difficulty 3,แมลงปลุกปั่น: ความยาก 03,th-TH
Locust's Instigation: Difficulty 4,แมลงปลุกปั่น: ความยาก 04,th-TH
Loin de chez soi,จากบ้านจากเมือง,th-TH
Loin de chez soi (I),จากบ้านจากเมือง 1,th-TH
Loin de chez soi (II),จากบ้านจากเมือง 2,th-TH
Loin de chez soi (III),จากบ้านจากเมือง 3,th-TH
Loin de chez soi (IV),จากบ้านจากเมือง 4,th-TH
Loin de chez soi (IX),จากบ้านจากเมือง 9,th-TH
Loin de chez soi (V),จากบ้านจากเมือง 5,th-TH
Loin de chez soi (VI),จากบ้านจากเมือง 6,th-TH
Loin de chez soi (VII),จากบ้านจากเมือง 7,th-TH
Loin de chez soi (VIII),จากบ้านจากเมือง 8,th-TH
Loin de chez soi (X),จากบ้านจากเมือง 10,th-TH
Loin de chez soi (XI),จากบ้านจากเมือง 11,th-TH
Loin de chez soi (XII),จากบ้านจากเมือง 12,th-TH
Loup céleste,ผู้วิเศษสิงคาล,th-TH
Loup céleste : difficulté 1,ผู้วิเศษสิงคาล: ความยาก 01,th-TH
Loup céleste : difficulté 2,ผู้วิเศษสิงคาล: ความยาก 02,th-TH
Loup céleste : difficulté 3,ผู้วิเศษสิงคาล: ความยาก 03,th-TH
Loup céleste : difficulté 4,ผู้วิเศษสิงคาล: ความยาก 04,th-TH
Loup dévoreur de lune,จันทร์ชาดกลืนสิงคาล,th-TH
Loup dévoreur de lune (I),จันทร์ชาดกลืนสิงคาล 1,th-TH
Loup dévoreur de lune (II),จันทร์ชาดกลืนสิงคาล 2,th-TH
Loup dévoreur de lune (III),จันทร์ชาดกลืนสิงคาล 3,th-TH
Loup dévoreur de lune (IV),จันทร์ชาดกลืนสิงคาล 4,th-TH
Loup dévoreur de lune (IX),จันทร์ชาดกลืนสิงคาล 9,th-TH
Loup dévoreur de lune (V),จันทร์ชาดกลืนสิงคาล 5,th-TH
Loup dévoreur de lune (VI),จันทร์ชาดกลืนสิงคาล 6,th-TH
Loup dévoreur de lune (VII),จันทร์ชาดกลืนสิงคาล 7,th-TH
Loup dévoreur de lune (VIII),จันทร์ชาดกลืนสิงคาล 8,th-TH
Loup dévoreur de lune (X),จันทร์ชาดกลืนสิงคาล 10,th-TH
Loup dévoreur de lune (XI),จันทร์ชาดกลืนสิงคาล 11,th-TH
Loup dévoreur de lune (XII),จันทร์ชาดกลืนสิงคาล 12,th-TH
Loup guerrier,คมดาบสิงคาล,th-TH
Loup guerrier : Difficulté 1,คมดาบสิงคาล: ความยาก 01,th-TH
Loup guerrier : Difficulté 2,คมดาบสิงคาล: ความยาก 02,th-TH
Loup guerrier : Difficulté 3,คมดาบสิงคาล: ความยาก 03,th-TH
Loup guerrier : Difficulté 4,คมดาบสิงคาล: ความยาก 04,th-TH
Loạn Ẩm Nguyệt 1,วิกฤตจ้าวยลจันทรา 1,th-TH
Loạn Ẩm Nguyệt 10,วิกฤตจ้าวยลจันทรา 10,th-TH
Loạn Ẩm Nguyệt 2,วิกฤตจ้าวยลจันทรา 2,th-TH
Loạn Ẩm Nguyệt 3,วิกฤตจ้าวยลจันทรา 3,th-TH
Loạn Ẩm Nguyệt 4,วิกฤตจ้าวยลจันทรา 4,th-TH
Loạn Ẩm Nguyệt 5,วิกฤตจ้าวยลจันทรา 5,th-TH
Loạn Ẩm Nguyệt 6,วิกฤตจ้าวยลจันทรา 6,th-TH
Loạn Ẩm Nguyệt 7,วิกฤตจ้าวยลจันทรา 7,th-TH
Loạn Ẩm Nguyệt 8,วิกฤตจ้าวยลจันทรา 8,th-TH
Loạn Ẩm Nguyệt 9,วิกฤตจ้าวยลจันทรา 9,th-TH
Lug und Trug,ถ้อยคำลวงหลอก,th-TH
Lug und Trug I,ถ้อยคำลวงหลอก 1,th-TH
Lug und Trug II,ถ้อยคำลวงหลอก 2,th-TH
Lug und Trug III,ถ้อยคำลวงหลอก 3,th-TH
Lug und Trug IV,ถ้อยคำลวงหลอก 4,th-TH
Lumière du renouveau,แสงที่ลุกโชนอีกครา,th-TH
Lumière du renouveau (I),แสงที่ลุกโชนอีกครา 1,th-TH
Lumière du renouveau (II),แสงที่ลุกโชนอีกครา 2,th-TH
Lumière du renouveau (III),แสงที่ลุกโชนอีกครา 3,th-TH
Lumière du renouveau (IV),แสงที่ลุกโชนอีกครา 4,th-TH
Lumière du renouveau (IX),แสงที่ลุกโชนอีกครา 9,th-TH
Lumière du renouveau (V),แสงที่ลุกโชนอีกครา 5,th-TH
Lumière du renouveau (VI),แสงที่ลุกโชนอีกครา 6,th-TH
Lumière du renouveau (VII),แสงที่ลุกโชนอีกครา 7,th-TH
Lumière du renouveau (VIII),แสงที่ลุกโชนอีกครา 8,th-TH
Lumière du renouveau (X),แสงที่ลุกโชนอีกครา 10,th-TH
Lumière du renouveau (XI),แสงที่ลุกโชนอีกครา 11,th-TH
Lumière du renouveau (XII),แสงที่ลุกโชนอีกครา 12,th-TH
Lupine Moon-Devourer,จันทร์ชาดกลืนสิงคาล,th-TH
Lupine Moon-Devourer (I),จันทร์ชาดกลืนสิงคาล 1,th-TH
Lupine Moon-Devourer (II),จันทร์ชาดกลืนสิงคาล 2,th-TH
Lupine Moon-Devourer (III),จันทร์ชาดกลืนสิงคาล 3,th-TH
Lupine Moon-Devourer (IV),จันทร์ชาดกลืนสิงคาล 4,th-TH
Lupine Moon-Devourer (IX),จันทร์ชาดกลืนสิงคาล 9,th-TH
Lupine Moon-Devourer (V),จันทร์ชาดกลืนสิงคาล 5,th-TH
Lupine Moon-Devourer (VI),จันทร์ชาดกลืนสิงคาล 6,th-TH
Lupine Moon-Devourer (VII),จันทร์ชาดกลืนสิงคาล 7,th-TH
Lupine Moon-Devourer (VIII),จันทร์ชาดกลืนสิงคาล 8,th-TH
Lupine Moon-Devourer (X),จันทร์ชาดกลืนสิงคาล 10,th-TH
Lupine Moon-Devourer (XI),จันทร์ชาดกลืนสิงคาล 11,th-TH
Lupine Moon-Devourer (XII),จันทร์ชาดกลืนสิงคาล 12,th-TH
Lupine Warhead,ขุนศึกสิงคาล,th-TH
Lupine Warhead: Difficulty 1,ขุนศึกสิงคาล: ความยาก 01,th-TH
Lupine Warhead: Difficulty 2,ขุนศึกสิงคาล: ความยาก 02,th-TH
Lupine Warhead: Difficulty 3,ขุนศึกสิงคาล: ความยาก 03,th-TH
Lupine Warhead: Difficulty 4,ขุนศึกสิงคาล: ความยาก 04,th-TH
Lupino Celestial,ผู้วิเศษสิงคาล,th-TH
Lupino Celestial: Dificuldade 1,ผู้วิเศษสิงคาล: ความยาก 01,th-TH
Lupino Celestial: Dificuldade 3,ผู้วิเศษสิงคาล: ความยาก 03,th-TH
Lupino Celestial: Dificuldade 4,ผู้วิเศษสิงคาล: ความยาก 04,th-TH
Lupino Militante: Dificuldade 1,คมดาบสิงคาล: ความยาก 01,th-TH
Lupino Militante: Dificuldade 2,คมดาบสิงคาล: ความยาก 02,th-TH
Lupino Militante: Dificuldade 3,คมดาบสิงคาล: ความยาก 03,th-TH
Lupino Militante: Dificuldade 4,คมดาบสิงคาล: ความยาก 04,th-TH
Lupino celestial,ผู้วิเศษสิงคาล,th-TH
Lupino celestial: Dificultad 1,ผู้วิเศษสิงคาล: ความยาก 01,th-TH
Lupino celestial: Dificultad 2,ผู้วิเศษสิงคาล: ความยาก 02,th-TH
Lupino celestial: Dificultad 3,ผู้วิเศษสิงคาล: ความยาก 03,th-TH
Lupino celestial: Dificultad 4,ผู้วิเศษสิงคาล: ความยาก 04,th-TH
Lupino marcial,คมดาบสิงคาล,th-TH
Lupino marcial: Dificultad 1,คมดาบสิงคาล: ความยาก 01,th-TH
Lupino marcial: Dificultad 2,คมดาบสิงคาล: ความยาก 02,th-TH
Lupino marcial: Dificultad 3,คมดาบสิงคาล: ความยาก 03,th-TH
Lupino marcial: Dificultad 4,คมดาบสิงคาล: ความยาก 04,th-TH
Luta da Chuva de Lágrimas,สงครามหยาดน้ำตาแห่งสายฝน,th-TH
Luta da Chuva de Lágrimas - Estágio 1,สงครามหยาดน้ำตาแห่งสายฝน 1,th-TH
Luta da Chuva de Lágrimas - Estágio 10,สงครามหยาดน้ำตาแห่งสายฝน 10,th-TH
Luta da Chuva de Lágrimas - Estágio 2,สงครามหยาดน้ำตาแห่งสายฝน 2,th-TH
Luta da Chuva de Lágrimas - Estágio 3,สงครามหยาดน้ำตาแห่งสายฝน 3,th-TH
Luta da Chuva de Lágrimas - Estágio 4,สงครามหยาดน้ำตาแห่งสายฝน 4,th-TH
Luta da Chuva de Lágrimas - Estágio 5,สงครามหยาดน้ำตาแห่งสายฝน 5,th-TH
Luta da Chuva de Lágrimas - Estágio 6,สงครามหยาดน้ำตาแห่งสายฝน 6,th-TH
Luta da Chuva de Lágrimas - Estágio 7,สงครามหยาดน้ำตาแห่งสายฝน 7,th-TH
Luta da Chuva de Lágrimas - Estágio 8,สงครามหยาดน้ำตาแห่งสายฝน 8,th-TH
Luta da Chuva de Lágrimas - Estágio 9,สงครามหยาดน้ำตาแห่งสายฝน 9,th-TH
Lutte de la pluie de larmes,สงครามหยาดน้ำตาแห่งสายฝน,th-TH
Lutte de la pluie de larmes Niv. 1,สงครามหยาดน้ำตาแห่งสายฝน 1,th-TH
Lutte de la pluie de larmes Niv. 10,สงครามหยาดน้ำตาแห่งสายฝน 10,th-TH
Lutte de la pluie de larmes Niv. 2,สงครามหยาดน้ำตาแห่งสายฝน 2,th-TH
Lutte de la pluie de larmes Niv. 3,สงครามหยาดน้ำตาแห่งสายฝน 3,th-TH
Lutte de la pluie de larmes Niv. 4,สงครามหยาดน้ำตาแห่งสายฝน 4,th-TH
Lutte de la pluie de larmes Niv. 5,สงครามหยาดน้ำตาแห่งสายฝน 5,th-TH
Lutte de la pluie de larmes Niv. 6,สงครามหยาดน้ำตาแห่งสายฝน 6,th-TH
Lutte de la pluie de larmes Niv. 7,สงครามหยาดน้ำตาแห่งสายฝน 7,th-TH
Lutte de la pluie de larmes Niv. 8,สงครามหยาดน้ำตาแห่งสายฝน 8,th-TH
Lutte de la pluie de larmes Niv. 9,สงครามหยาดน้ำตาแห่งสายฝน 9,th-TH
Luz da Reignição,แสงที่ลุกโชนอีกครา,th-TH
Luz da Reignição Estágio 1,แสงที่ลุกโชนอีกครา 1,th-TH
Luz da Reignição Estágio 10,แสงที่ลุกโชนอีกครา 10,th-TH
Luz da Reignição Estágio 11,แสงที่ลุกโชนอีกครา 11,th-TH
Luz da Reignição Estágio 12,แสงที่ลุกโชนอีกครา 12,th-TH
Luz da Reignição Estágio 2,แสงที่ลุกโชนอีกครา 2,th-TH
Luz da Reignição Estágio 3,แสงที่ลุกโชนอีกครา 3,th-TH
Luz da Reignição Estágio 4,แสงที่ลุกโชนอีกครา 4,th-TH
Luz da Reignição Estágio 5,แสงที่ลุกโชนอีกครา 5,th-TH
Luz da Reignição Estágio 6,แสงที่ลุกโชนอีกครา 6,th-TH
Luz da Reignição Estágio 7,แสงที่ลุกโชนอีกครา 7,th-TH
Luz da Reignição Estágio 8,แสงที่ลุกโชนอีกครา 8,th-TH
Luz da Reignição Estágio 9,แสงที่ลุกโชนอีกครา 9,th-TH
Luz de la reignición,แสงที่ลุกโชนอีกครา,th-TH
Luz de la reignición I,แสงที่ลุกโชนอีกครา 1,th-TH
Luz de la reignición II,แสงที่ลุกโชนอีกครา 2,th-TH
Luz de la reignición III,แสงที่ลุกโชนอีกครา 3,th-TH
Luz de la reignición IV,แสงที่ลุกโชนอีกครา 4,th-TH
Luz de la reignición IX,แสงที่ลุกโชนอีกครา 9,th-TH
Luz de la reignición V,แสงที่ลุกโชนอีกครา 5,th-TH
Luz de la reignición VI,แสงที่ลุกโชนอีกครา 6,th-TH
Luz de la reignición VII,แสงที่ลุกโชนอีกครา 7,th-TH
Luz de la reignición VIII,แสงที่ลุกโชนอีกครา 8,th-TH
Luz de la reignición X,แสงที่ลุกโชนอีกครา 10,th-TH
Luz de la reignición XI,แสงที่ลุกโชนอีกครา 11,th-TH
Luz de la reignición XII,แสงที่ลุกโชนอีกครา 12,th-TH
Lân Uyên Dậy Sóng,กระแสคลื่นที่ถาโถม,th-TH
Lân Uyên Dậy Sóng 1,กระแสคลื่นที่ถาโถม 1,th-TH
Lân Uyên Dậy Sóng 10,กระแสคลื่นที่ถาโถม 10,th-TH
Lân Uyên Dậy Sóng 11,กระแสคลื่นที่ถาโถม 11,th-TH
Lân Uyên Dậy Sóng 12,กระแสคลื่นที่ถาโถม 12,th-TH
Lân Uyên Dậy Sóng 2,กระแสคลื่นที่ถาโถม 2,th-TH
Lân Uyên Dậy Sóng 3,กระแสคลื่นที่ถาโถม 3,th-TH
Lân Uyên Dậy Sóng 4,กระแสคลื่นที่ถาโถม 4,th-TH
Lân Uyên Dậy Sóng 5,กระแสคลื่นที่ถาโถม 5,th-TH
Lân Uyên Dậy Sóng 6,กระแสคลื่นที่ถาโถม 6,th-TH
Lân Uyên Dậy Sóng 7,กระแสคลื่นที่ถาโถม 7,th-TH
Lân Uyên Dậy Sóng 8,กระแสคลื่นที่ถาโถม 8,th-TH
Lân Uyên Dậy Sóng 9,กระแสคลื่นที่ถาโถม 9,th-TH
Lúpino Celestial: Dificuldade 2,ผู้วิเศษสิงคาล: ความยาก 02,th-TH
Lập Giới Khai Thiên,ปฐมบทสร้างเขตแดน,th-TH
Lập Giới Khai Thiên (1),ปฐมบทสร้างเขตแดน 1,th-TH
Lập Giới Khai Thiên (2),ปฐมบทสร้างเขตแดน 2,th-TH
Lập Giới Khai Thiên (3),ปฐมบทสร้างเขตแดน 3,th-TH
Lập Giới Khai Thiên (4),ปฐมบทสร้างเขตแดน 4,th-TH
Lập Thuyết Tạo Tượng,ปฏิมาบรรยาย,th-TH
Lập Thuyết Tạo Tượng 1,ปฏิมาบรรยาย 1,th-TH
Lập Thuyết Tạo Tượng 2,ปฏิมาบรรยาย 2,th-TH
Lập Thuyết Tạo Tượng 3,ปฏิมาบรรยาย 3,th-TH
Lập Thuyết Tạo Tượng 4,ปฏิมาบรรยาย 4,th-TH
Lỗi Danh Mục,ตรรกะผิดหมวด,th-TH
Lỗi Danh Mục 1,ตรรกะผิดหมวด 1,th-TH
Lỗi Danh Mục 10,ตรรกะผิดหมวด 10,th-TH
Lỗi Danh Mục 11,ตรรกะผิดหมวด 11,th-TH
Lỗi Danh Mục 12,ตรรกะผิดหมวด 12,th-TH
Lỗi Danh Mục 2,ตรรกะผิดหมวด 2,th-TH
Lỗi Danh Mục 3,ตรรกะผิดหมวด 3,th-TH
Lỗi Danh Mục 4,ตรรกะผิดหมวด 4,th-TH
Lỗi Danh Mục 5,ตรรกะผิดหมวด 5,th-TH
Lỗi Danh Mục 6,ตรรกะผิดหมวด 6,th-TH
Lỗi Danh Mục 7,ตรรกะผิดหมวด 7,th-TH
Lỗi Danh Mục 8,ตรรกะผิดหมวด 8,th-TH
Lỗi Danh Mục 9,ตรรกะผิดหมวด 9,th-TH
Lời Nói Lừa Dối,ถ้อยคำลวงหลอก,th-TH
Lời Nói Lừa Dối 1,ถ้อยคำลวงหลอก 1,th-TH
Lời Nói Lừa Dối 2,ถ้อยคำลวงหลอก 2,th-TH
Lời Nói Lừa Dối 3,ถ้อยคำลวงหลอก 3,th-TH
Lời Nói Lừa Dối 4,ถ้อยคำลวงหลอก 4,th-TH
Males Dominados,ปีศาจร้ายครอบงำ,th-TH
Males Dominados: Dificuldade 1,ปีศาจร้ายครอบงำ: ความยาก 01,th-TH
Males Dominados: Dificuldade 2,ปีศาจร้ายครอบงำ: ความยาก 02,th-TH
Males Dominados: Dificuldade 3,ปีศาจร้ายครอบงำ: ความยาก 03,th-TH
Males Dominados: Dificuldade 4,ปีศาจร้ายครอบงำ: ความยาก 04,th-TH
Manifestation des Virtuellen,แดนมายาร้อยเรียง,th-TH
Manifestation des Virtuellen I,แดนมายาร้อยเรียง 1,th-TH
Manifestation des Virtuellen II,แดนมายาร้อยเรียง 2,th-TH
Manifestation des Virtuellen III,แดนมายาร้อยเรียง 3,th-TH
Manifestation des Virtuellen IV,แดนมายาร้อยเรียง 4,th-TH
Manifesto Virtual,แดนมายาร้อยเรียง,th-TH
Manifesto Virtual (I),แดนมายาร้อยเรียง 1,th-TH
Manifesto Virtual (II),แดนมายาร้อยเรียง 2,th-TH
Manifesto Virtual (III),แดนมายาร้อยเรียง 3,th-TH
Manifesto Virtual (IV),แดนมายาร้อยเรียง 4,th-TH
Manifiesto ilusorio,แดนมายาร้อยเรียง,th-TH
Manifiesto ilusorio I,แดนมายาร้อยเรียง 1,th-TH
Manifiesto ilusorio II,แดนมายาร้อยเรียง 2,th-TH
Manifiesto ilusorio III,แดนมายาร้อยเรียง 3,th-TH
Manifiesto ilusorio IV,แดนมายาร้อยเรียง 4,th-TH
Mara and Null,Mara และความว่างเปล่า,th-TH
Mara and Null (I),Mara และความว่างเปล่า 1,th-TH
Mara and Null (II),Mara และความว่างเปล่า 2,th-TH
Mara and Null (III),Mara และความว่างเปล่า 3,th-TH
Mara and Null (IV),Mara และความว่างเปล่า 4,th-TH
Mara and Null (IX),Mara และความว่างเปล่า 9,th-TH
Mara and Null (V),Mara และความว่างเปล่า 5,th-TH
Mara and Null (VI),Mara และความว่างเปล่า 6,th-TH
Mara and Null (VII),Mara และความว่างเปล่า 7,th-TH
Mara and Null (VIII),Mara และความว่างเปล่า 8,th-TH
Mara and Null (X),Mara และความว่างเปล่า 10,th-TH
Mara e Nulo,Mara และความว่างเปล่า,th-TH
Mara e Nulo Estágio 1,Mara และความว่างเปล่า 1,th-TH
Mara e Nulo Estágio 10,Mara และความว่างเปล่า 10,th-TH
Mara e Nulo Estágio 2,Mara และความว่างเปล่า 2,th-TH
Mara e Nulo Estágio 3,Mara และความว่างเปล่า 3,th-TH
Mara e Nulo Estágio 4,Mara และความว่างเปล่า 4,th-TH
Mara e Nulo Estágio 5,Mara และความว่างเปล่า 5,th-TH
Mara e Nulo Estágio 6,Mara และความว่างเปล่า 6,th-TH
Mara e Nulo Estágio 7,Mara และความว่างเปล่า 7,th-TH
Mara e Nulo Estágio 8,Mara และความว่างเปล่า 8,th-TH
Mara e Nulo Estágio 9,Mara และความว่างเปล่า 9,th-TH
Mara und die Leere,Mara และความว่างเปล่า,th-TH
Mara und die Leere I,Mara และความว่างเปล่า 1,th-TH
Mara und die Leere II,Mara และความว่างเปล่า 2,th-TH
Mara und die Leere III,Mara และความว่างเปล่า 3,th-TH
Mara und die Leere IV,Mara และความว่างเปล่า 4,th-TH
Mara und die Leere IX,Mara และความว่างเปล่า 9,th-TH
Mara und die Leere V,Mara และความว่างเปล่า 5,th-TH
Mara und die Leere VI,Mara และความว่างเปล่า 6,th-TH
Mara und die Leere VII,Mara และความว่างเปล่า 7,th-TH
Mara und die Leere VIII,Mara และความว่างเปล่า 8,th-TH
Mara und die Leere X,Mara และความว่างเปล่า 10,th-TH
Mara y el vacío,Mara และความว่างเปล่า,th-TH
Mara y el vacío I,Mara และความว่างเปล่า 1,th-TH
Mara y el vacío II,Mara และความว่างเปล่า 2,th-TH
Mara y el vacío III,Mara และความว่างเปล่า 3,th-TH
Mara y el vacío IV,Mara และความว่างเปล่า 4,th-TH
Mara y el vacío IX,Mara และความว่างเปล่า 9,th-TH
Mara y el vacío V,Mara และความว่างเปล่า 5,th-TH
Mara y el vacío VI,Mara และความว่างเปล่า 6,th-TH
Mara y el vacío VII,Mara และความว่างเปล่า 7,th-TH
Mara y el vacío VIII,Mara และความว่างเปล่า 8,th-TH
Mara y el vacío X,Mara และความว่างเปล่า 10,th-TH
Marea del Desfiladero,กระแสคลื่นที่ถาโถม,th-TH
Marea del Desfiladero I,กระแสคลื่นที่ถาโถม 1,th-TH
Marea del Desfiladero II,กระแสคลื่นที่ถาโถม 2,th-TH
Marea del Desfiladero III,กระแสคลื่นที่ถาโถม 3,th-TH
Marea del Desfiladero IV,กระแสคลื่นที่ถาโถม 4,th-TH
Marea del Desfiladero IX,กระแสคลื่นที่ถาโถม 9,th-TH
Marea del Desfiladero V,กระแสคลื่นที่ถาโถม 5,th-TH
Marea del Desfiladero VI,กระแสคลื่นที่ถาโถม 6,th-TH
Marea del Desfiladero VII,กระแสคลื่นที่ถาโถม 7,th-TH
Marea del Desfiladero VIII,กระแสคลื่นที่ถาโถม 8,th-TH
Marea del Desfiladero X,กระแสคลื่นที่ถาโถม 10,th-TH
Marea del Desfiladero XI,กระแสคลื่นที่ถาโถม 11,th-TH
Marea del Desfiladero XII,กระแสคลื่นที่ถาโถม 12,th-TH
Marées de l'abysse écailleux,กระแสคลื่นที่ถาโถม,th-TH
Marées de l'abysse écailleux (I),กระแสคลื่นที่ถาโถม 1,th-TH
Marées de l'abysse écailleux (II),กระแสคลื่นที่ถาโถม 2,th-TH
Marées de l'abysse écailleux (III),กระแสคลื่นที่ถาโถม 3,th-TH
Marées de l'abysse écailleux (IV),กระแสคลื่นที่ถาโถม 4,th-TH
Marées de l'abysse écailleux (IX),กระแสคลื่นที่ถาโถม 9,th-TH
Marées de l'abysse écailleux (V),กระแสคลื่นที่ถาโถม 5,th-TH
Marées de l'abysse écailleux (VI),กระแสคลื่นที่ถาโถม 6,th-TH
Marées de l'abysse écailleux (VII),กระแสคลื่นที่ถาโถม 7,th-TH
Marées de l'abysse écailleux (VIII),กระแสคลื่นที่ถาโถม 8,th-TH
Marées de l'abysse écailleux (X),กระแสคลื่นที่ถาโถม 10,th-TH
Marées de l'abysse écailleux (XI),กระแสคลื่นที่ถาโถม 11,th-TH
Marées de l'abysse écailleux (XII),กระแสคลื่นที่ถาโถม 12,th-TH
Medaille „Phantom der Apokalypse“,"เหรียญตรา ""Apocalyptic Shadow""",th-TH
Medaille „Reine Fiktion“,"เหรียญตรา ""Pure Fiction""",th-TH
Medaille „Vergessene Halle“,"เหรียญตรา ""Forgotten Hall""",th-TH
Medalha Prismática: Crise Cibernética,"เหรียญปริซึม ""เครือข่ายผันผวน""",th-TH
Medalha Prismática: Envolto pelo Mundo,"เหรียญปริซึม ""ในม้วนตำราโลกธุลี""",th-TH
Medalha Prismática: Não Mexa com o Pom-Pom,"เหรียญปริซึม ""อย่าแหย่ Pom-Pom""",th-TH
Medalha Prismática: O Riso Cantarolante,"เหรียญปริซึม ""หึ่งหั่งดั่งเสียงขำ""",th-TH
Medalha Prismática: Retorno da Legião,"เหรียญปริซึม ""กองทัพหวนคืน""",th-TH
Medalha Prismática: Sintaxe da Felicidade,"เหรียญปริซึม ""ไวยากรณ์ความสุข""",th-TH
"Medalha da ""Pura Ficção""","เหรียญตรา ""Pure Fiction""",th-TH
"Medalha da ""Sombra Apocalíptica""","เหรียญตรา ""Apocalyptic Shadow""",th-TH
Medalha de Bronze: Crise Cibernética,"เหรียญเวอริเดียนบรอนซ์ ""เครือข่ายผันผวน""",th-TH
Medalha de Bronze: Envolto pelo Mundo,"เหรียญเวอริเดียนบรอนซ์ ""ในม้วนตำราโลกธุลี""",th-TH
Medalha de Bronze: Não Mexa com o Pom-Pom,"เหรียญเวอริเดียนบรอนซ์ ""อย่าแหย่ Pom-Pom""",th-TH
Medalha de Bronze: O Riso Cantarolante,"เหรียญเวอริเดียนบรอนซ์ ""หึ่งหั่งดั่งเสียงขำ""",th-TH
Medalha de Bronze: Retorno da Legião,"เหรียญเวอริเดียนบรอนซ์ ""กองทัพหวนคืน""",th-TH
Medalha de Bronze: Sintaxe da Felicidade,"เหรียญเวอริเดียนบรอนซ์ ""ไวยากรณ์ความสุข""",th-TH
Medalha de Ouro: Crise Cibernética,"เหรียญโกลด์ ""เครือข่ายผันผวน""",th-TH
Medalha de Ouro: Envolto pelo Mundo,"เหรียญโกลด์ ""ในม้วนตำราโลกธุลี""",th-TH
Medalha de Ouro: Não Mexa com o Pom-Pom,"เหรียญโกลด์ ""อย่าแหย่ Pom-Pom""",th-TH
Medalha de Ouro: O Riso Cantarolante,"เหรียญโกลด์ ""หึ่งหั่งดั่งเสียงขำ""",th-TH
Medalha de Ouro: Retorno da Legião,"เหรียญโกลด์ ""กองทัพหวนคืน""",th-TH
Medalha de Ouro: Sintaxe da Felicidade,"เหรียญโกลด์ ""ไวยากรณ์ความสุข""",th-TH
Medalha de Prata: Crise Cibernética,"เหรียญซิลเวอร์ ""เครือข่ายผันผวน""",th-TH
Medalha de Prata: Envolto pelo Mundo,"เหรียญซิลเวอร์ ""ในม้วนตำราโลกธุลี""",th-TH
Medalha de Prata: Não Mexa com o Pom-Pom,"เหรียญซิลเวอร์ ""อย่าแหย่ Pom-Pom""",th-TH
Medalha de Prata: O Riso Cantarolante,"เหรียญซิลเวอร์ ""หึ่งหั่งดั่งเสียงขำ""",th-TH
Medalha de Prata: Retorno da Legião,"เหรียญซิลเวอร์ ""กองทัพหวนคืน""",th-TH
Medalha de Prata: Sintaxe da Felicidade,"เหรียญซิลเวอร์ ""ไวยากรณ์ความสุข""",th-TH
"Medalha do ""Salão Esquecido""","เหรียญตรา ""Forgotten Hall""",th-TH
"Medali ""Apocalyptic Shadow""","เหรียญตรา ""Apocalyptic Shadow""",th-TH
"Medali ""Forgotten Hall""","เหรียญตรา ""Forgotten Hall""",th-TH
"Medali ""Pure Fiction""","เหรียญตรา ""Pure Fiction""",th-TH
"Medali Berlian ""Badai Internet""","เหรียญปริซึม ""เครือข่ายผันผวน""",th-TH
"Medali Berlian ""Dalam Gulungan Dunia Fana""","เหรียญปริซึม ""ในม้วนตำราโลกธุลี""",th-TH
"Medali Berlian ""Kembalinya Pasukan""","เหรียญปริซึม ""กองทัพหวนคืน""",th-TH
"Medali Berlian ""Senandung Senyum""","เหรียญปริซึม ""หึ่งหั่งดั่งเสียงขำ""",th-TH
"Medali Berlian Berwarna ""Jangan Macam-Macam dengan Pom-Pom""","เหรียญปริซึม ""อย่าแหย่ Pom-Pom""",th-TH
"Medali Berlian Berwarna ""Tata Bahasa Kebahagiaan""","เหรียญปริซึม ""ไวยากรณ์ความสุข""",th-TH
"Medali Emas ""Badai Internet""","เหรียญโกลด์ ""เครือข่ายผันผวน""",th-TH
"Medali Emas ""Dalam Gulungan Dunia Fana""","เหรียญโกลด์ ""ในม้วนตำราโลกธุลี""",th-TH
"Medali Emas ""Jangan Macam-Macam dengan Pom-Pom""","เหรียญโกลด์ ""อย่าแหย่ Pom-Pom""",th-TH
"Medali Emas ""Kembalinya Pasukan""","เหรียญโกลด์ ""กองทัพหวนคืน""",th-TH
"Medali Emas ""Senandung Senyum""","เหรียญโกลด์ ""หึ่งหั่งดั่งเสียงขำ""",th-TH
"Medali Emas ""Tata Bahasa Kebahagiaan""","เหรียญโกลด์ ""ไวยากรณ์ความสุข""",th-TH
"Medali Perak ""Badai Internet""","เหรียญซิลเวอร์ ""เครือข่ายผันผวน""",th-TH
"Medali Perak ""Dalam Gulungan Dunia Fana""","เหรียญซิลเวอร์ ""ในม้วนตำราโลกธุลี""",th-TH
"Medali Perak ""Jangan Macam-Macam dengan Pom-Pom""","เหรียญซิลเวอร์ ""อย่าแหย่ Pom-Pom""",th-TH
"Medali Perak ""Kembalinya Pasukan""","เหรียญซิลเวอร์ ""กองทัพหวนคืน""",th-TH
"Medali Perak ""Senandung Senyum""","เหรียญซิลเวอร์ ""หึ่งหั่งดั่งเสียงขำ""",th-TH
"Medali Perak ""Tata Bahasa Kebahagiaan""","เหรียญซิลเวอร์ ""ไวยากรณ์ความสุข""",th-TH
"Medali Perunggu ""Badai Internet""","เหรียญเวอริเดียนบรอนซ์ ""เครือข่ายผันผวน""",th-TH
"Medali Perunggu ""Dalam Gulungan Dunia Fana""","เหรียญเวอริเดียนบรอนซ์ ""ในม้วนตำราโลกธุลี""",th-TH
"Medali Perunggu ""Jangan Macam-Macam dengan Pom-Pom""","เหรียญเวอริเดียนบรอนซ์ ""อย่าแหย่ Pom-Pom""",th-TH
"Medali Perunggu ""Kembalinya Pasukan""","เหรียญเวอริเดียนบรอนซ์ ""กองทัพหวนคืน""",th-TH
"Medali Perunggu ""Senandung Senyum""","เหรียญเวอริเดียนบรอนซ์ ""หึ่งหั่งดั่งเสียงขำ""",th-TH
"Medali Perunggu ""Tata Bahasa Kebahagiaan""","เหรียญเวอริเดียนบรอนซ์ ""ไวยากรณ์ความสุข""",th-TH
Medalla de Espejismo apocalíptico,"เหรียญตรา ""Apocalyptic Shadow""",th-TH
Medalla de Pura ficción,"เหรียญตรา ""Pure Fiction""",th-TH
Medalla de bronce «Alboroto en la red»,"เหรียญเวอริเดียนบรอนซ์ ""เครือข่ายผันผวน""",th-TH
Medalla de bronce «En el mundo mortal»,"เหรียญเวอริเดียนบรอนซ์ ""ในม้วนตำราโลกธุลี""",th-TH
Medalla de bronce «Gramática de la felicidad»,"เหรียญเวอริเดียนบรอนซ์ ""ไวยากรณ์ความสุข""",th-TH
Medalla de bronce «No provoques a Pom-Pom»,"เหรียญเวอริเดียนบรอนซ์ ""อย่าแหย่ Pom-Pom""",th-TH
Medalla de bronce «Retorno de la Legión»,"เหรียญเวอริเดียนบรอนซ์ ""กองทัพหวนคืน""",th-TH
Medalla de bronce «Zumbido de risa»,"เหรียญเวอริเดียนบรอนซ์ ""หึ่งหั่งดั่งเสียงขำ""",th-TH
Medalla de diamante «Alboroto en la red»,"เหรียญปริซึม ""เครือข่ายผันผวน""",th-TH
Medalla de diamante «En el mundo mortal»,"เหรียญปริซึม ""ในม้วนตำราโลกธุลี""",th-TH
Medalla de diamante «Gramática de la felicidad»,"เหรียญปริซึม ""ไวยากรณ์ความสุข""",th-TH
Medalla de diamante «No provoques a Pom-Pom»,"เหรียญปริซึม ""อย่าแหย่ Pom-Pom""",th-TH
Medalla de diamante «Retorno de la Legión»,"เหรียญปริซึม ""กองทัพหวนคืน""",th-TH
Medalla de diamante «Zumbido de risa»,"เหรียญปริซึม ""หึ่งหั่งดั่งเสียงขำ""",th-TH
Medalla de oro «Alboroto en la red»,"เหรียญโกลด์ ""เครือข่ายผันผวน""",th-TH
Medalla de oro «En el mundo mortal»,"เหรียญโกลด์ ""ในม้วนตำราโลกธุลี""",th-TH
Medalla de oro «Gramática de la felicidad»,"เหรียญโกลด์ ""ไวยากรณ์ความสุข""",th-TH
Medalla de oro «No provoques a Pom-Pom»,"เหรียญโกลด์ ""อย่าแหย่ Pom-Pom""",th-TH
Medalla de oro «Retorno de la Legión»,"เหรียญโกลด์ ""กองทัพหวนคืน""",th-TH
Medalla de oro «Zumbido de risa»,"เหรียญโกลด์ ""หึ่งหั่งดั่งเสียงขำ""",th-TH
Medalla de plata «Alboroto en la red»,"เหรียญซิลเวอร์ ""เครือข่ายผันผวน""",th-TH
Medalla de plata «En el mundo mortal»,"เหรียญซิลเวอร์ ""ในม้วนตำราโลกธุลี""",th-TH
Medalla de plata «Gramática de la felicidad»,"เหรียญซิลเวอร์ ""ไวยากรณ์ความสุข""",th-TH
Medalla de plata «No provoques a Pom-Pom»,"เหรียญซิลเวอร์ ""อย่าแหย่ Pom-Pom""",th-TH
Medalla de plata «Retorno de la Legión»,"เหรียญซิลเวอร์ ""กองทัพหวนคืน""",th-TH
Medalla de plata «Zumbido de risa»,"เหรียญซิลเวอร์ ""หึ่งหั่งดั่งเสียงขำ""",th-TH
Medalla del Salón olvidado,"เหรียญตรา ""Forgotten Hall""",th-TH
Membuktikan Ramalan Sendiri,คำทำนายพิสูจน์ตน,th-TH
Membuktikan Ramalan Sendiri 1,คำทำนายพิสูจน์ตน 1,th-TH
Membuktikan Ramalan Sendiri 2,คำทำนายพิสูจน์ตน 2,th-TH
Membuktikan Ramalan Sendiri 3,คำทำนายพิสูจน์ตน 3,th-TH
Membuktikan Ramalan Sendiri 4,คำทำนายพิสูจน์ตน 4,th-TH
Memory (I),Memory ขั้นที่ 1,th-TH
Memory (II),Memory ขั้นที่ 2,th-TH
Memory (III),Memory ขั้นที่ 3,th-TH
Memory (IV),Memory ขั้นที่ 4,th-TH
Memory (IX),Memory ขั้นที่ 9,th-TH
Memory (V),Memory ขั้นที่ 5,th-TH
Memory (VI),Memory ขั้นที่ 6,th-TH
Memory (VII),Memory ขั้นที่ 7,th-TH
Memory (VIII),Memory ขั้นที่ 8,th-TH
Memory (X),Memory ขั้นที่ 10,th-TH
Memory (XI),Memory ขั้นที่ 11,th-TH
Memory (XII),Memory ขั้นที่ 12,th-TH
Memory (XIII),Memory ขั้นที่ 13,th-TH
Memory (XIV),Memory ขั้นที่ 14,th-TH
Memory (XV),Memory ขั้นที่ 15,th-TH
Memory 1,Memory ขั้นที่ 1,th-TH
Memory 10,Memory ขั้นที่ 10,th-TH
Memory 11,Memory ขั้นที่ 11,th-TH
Memory 12,Memory ขั้นที่ 12,th-TH
Memory 13,Memory ขั้นที่ 13,th-TH
Memory 14,Memory ขั้นที่ 14,th-TH
Memory 15,Memory ขั้นที่ 15,th-TH
Memory 2,Memory ขั้นที่ 2,th-TH
Memory 3,Memory ขั้นที่ 3,th-TH
Memory 4,Memory ขั้นที่ 4,th-TH
Memory 5,Memory ขั้นที่ 5,th-TH
Memory 6,Memory ขั้นที่ 6,th-TH
Memory 7,Memory ขั้นที่ 7,th-TH
Memory 8,Memory ขั้นที่ 8,th-TH
Memory 9,Memory ขั้นที่ 9,th-TH
Memory of Xianzhou (I),Memory แห่ง Xianzhou ขั้นที่ 1,th-TH
Memory of Xianzhou (II),Memory แห่ง Xianzhou ขั้นที่ 2,th-TH
Memory of Xianzhou (III),Memory แห่ง Xianzhou ขั้นที่ 3,th-TH
Memory of Xianzhou (IV),Memory แห่ง Xianzhou ขั้นที่ 4,th-TH
Memory of Xianzhou (V),Memory แห่ง Xianzhou ขั้นที่ 5,th-TH
Memory of Xianzhou (VI),Memory แห่ง Xianzhou ขั้นที่ 6,th-TH
Memory of Xianzhou 1,Memory แห่ง Xianzhou ขั้นที่ 1,th-TH
Memory of Xianzhou 2,Memory แห่ง Xianzhou ขั้นที่ 2,th-TH
Memory of Xianzhou 3,Memory แห่ง Xianzhou ขั้นที่ 3,th-TH
Memory of Xianzhou 4,Memory แห่ง Xianzhou ขั้นที่ 4,th-TH
Memory of Xianzhou 5,Memory แห่ง Xianzhou ขั้นที่ 5,th-TH
Memory of Xianzhou 6,Memory แห่ง Xianzhou ขั้นที่ 6,th-TH
Memperoleh #1 poin,ได้รับ #1 คะแนน,th-TH
Memória - 1,Memory ขั้นที่ 1,th-TH
Memória - 10,Memory ขั้นที่ 10,th-TH
Memória - 11,Memory ขั้นที่ 11,th-TH
Memória - 12,Memory ขั้นที่ 12,th-TH
Memória - 13,Memory ขั้นที่ 13,th-TH
Memória - 14,Memory ขั้นที่ 14,th-TH
Memória - 15,Memory ขั้นที่ 15,th-TH
Memória - 2,Memory ขั้นที่ 2,th-TH
Memória - 3,Memory ขั้นที่ 3,th-TH
Memória - 4,Memory ขั้นที่ 4,th-TH
Memória - 5,Memory ขั้นที่ 5,th-TH
Memória - 6,Memory ขั้นที่ 6,th-TH
Memória - 7,Memory ขั้นที่ 7,th-TH
Memória - 8,Memory ขั้นที่ 8,th-TH
Memória - 9,Memory ขั้นที่ 9,th-TH
Memória do Xianzhou Estágio 1,Memory แห่ง Xianzhou ขั้นที่ 1,th-TH
Memória do Xianzhou Estágio 2,Memory แห่ง Xianzhou ขั้นที่ 2,th-TH
Memória do Xianzhou Estágio 3,Memory แห่ง Xianzhou ขั้นที่ 3,th-TH
Memória do Xianzhou Estágio 4,Memory แห่ง Xianzhou ขั้นที่ 4,th-TH
Memória do Xianzhou Estágio 5,Memory แห่ง Xianzhou ขั้นที่ 5,th-TH
Memória do Xianzhou Estágio 6,Memory แห่ง Xianzhou ขั้นที่ 6,th-TH
Menabur Kebohongan dan Merajut Khayalan,คำลวงที่กลับกลอก,th-TH
Menabur Kebohongan dan Merajut Khayalan 1,คำลวงที่กลับกลอก 1,th-TH
Menabur Kebohongan dan Merajut Khayalan 2,คำลวงที่กลับกลอก 2,th-TH
Menabur Kebohongan dan Merajut Khayalan 3,คำลวงที่กลับกลอก 3,th-TH
Menabur Kebohongan dan Merajut Khayalan 4,คำลวงที่กลับกลอก 4,th-TH
Menari Bersama Mimpi,เต้นรำกับความฝัน,th-TH
Menari Bersama Mimpi 1,เต้นรำกับความฝัน 1,th-TH
Menari Bersama Mimpi 10,เต้นรำกับความฝัน 10,th-TH
Menari Bersama Mimpi 11,เต้นรำกับความฝัน 11,th-TH
Menari Bersama Mimpi 12,เต้นรำกับความฝัน 12,th-TH
Menari Bersama Mimpi 2,เต้นรำกับความฝัน 2,th-TH
Menari Bersama Mimpi 3,เต้นรำกับความฝัน 3,th-TH
Menari Bersama Mimpi 4,เต้นรำกับความฝัน 4,th-TH
Menari Bersama Mimpi 5,เต้นรำกับความฝัน 5,th-TH
Menari Bersama Mimpi 6,เต้นรำกับความฝัน 6,th-TH
Menari Bersama Mimpi 7,เต้นรำกับความฝัน 7,th-TH
Menari Bersama Mimpi 8,เต้นรำกับความฝัน 8,th-TH
Menari Bersama Mimpi 9,เต้นรำกับความฝัน 9,th-TH
Mengarang Fiksi,นั่งเทียนเขียนแต่ง,th-TH
Mengarang Fiksi 1,นั่งเทียนเขียนแต่ง 1,th-TH
Mengarang Fiksi 2,นั่งเทียนเขียนแต่ง 2,th-TH
Mengarang Fiksi 3,นั่งเทียนเขียนแต่ง 3,th-TH
Mengarang Fiksi 4,นั่งเทียนเขียนแต่ง 4,th-TH
Mensonges et supercheries,ถ้อยคำลวงหลอก,th-TH
Mensonges et supercheries (I),ถ้อยคำลวงหลอก 1,th-TH
Mensonges et supercheries (II),ถ้อยคำลวงหลอก 2,th-TH
Mensonges et supercheries (III),ถ้อยคำลวงหลอก 3,th-TH
Mensonges et supercheries (IV),ถ้อยคำลวงหลอก 4,th-TH
Mentira hecha verdad,ยืมเท็จสร้างจริง,th-TH
Mentira hecha verdad I,ยืมเท็จสร้างจริง 1,th-TH
Mentira hecha verdad II,ยืมเท็จสร้างจริง 2,th-TH
Mentira hecha verdad III,ยืมเท็จสร้างจริง 3,th-TH
Mentira hecha verdad IV,ยืมเท็จสร้างจริง 4,th-TH
Militant Lupine,คมดาบสิงคาล,th-TH
Militant Lupine: Difficulty 1,คมดาบสิงคาล: ความยาก 01,th-TH
Militant Lupine: Difficulty 2,คมดาบสิงคาล: ความยาก 02,th-TH
Militant Lupine: Difficulty 3,คมดาบสิงคาล: ความยาก 03,th-TH
Militant Lupine: Difficulty 4,คมดาบสิงคาล: ความยาก 04,th-TH
Militanter Kriegswolf,คมดาบสิงคาล,th-TH
Militanter Kriegswolf: Schwierigkeitsgrad 01,คมดาบสิงคาล: ความยาก 01,th-TH
Militanter Kriegswolf: Schwierigkeitsgrad 02,คมดาบสิงคาล: ความยาก 02,th-TH
Militanter Kriegswolf: Schwierigkeitsgrad 03,คมดาบสิงคาล: ความยาก 03,th-TH
Militanter Kriegswolf: Schwierigkeitsgrad 04,คมดาบสิงคาล: ความยาก 04,th-TH
Mimpi Lama Luka Beku 1,ห้วงฝันแห่งรอยน้ำแข็งขั้นที่ 1,th-TH
Mimpi Lama Luka Beku 10,ห้วงฝันแห่งรอยน้ำแข็งขั้นที่ 10,th-TH
Mimpi Lama Luka Beku 2,ห้วงฝันแห่งรอยน้ำแข็งขั้นที่ 2,th-TH
Mimpi Lama Luka Beku 3,ห้วงฝันแห่งรอยน้ำแข็งขั้นที่ 3,th-TH
Mimpi Lama Luka Beku 4,ห้วงฝันแห่งรอยน้ำแข็งขั้นที่ 4,th-TH
Mimpi Lama Luka Beku 5,ห้วงฝันแห่งรอยน้ำแข็งขั้นที่ 5,th-TH
Mimpi Lama Luka Beku 6,ห้วงฝันแห่งรอยน้ำแข็งขั้นที่ 6,th-TH
Mimpi Lama Luka Beku 7,ห้วงฝันแห่งรอยน้ำแข็งขั้นที่ 7,th-TH
Mimpi Lama Luka Beku 8,ห้วงฝันแห่งรอยน้ำแข็งขั้นที่ 8,th-TH
Mimpi Lama Luka Beku 9,ห้วงฝันแห่งรอยน้ำแข็งขั้นที่ 9,th-TH
Mimpi dalam Mimpi,ฝันซ้อนฝัน,th-TH
Mimpi dalam Mimpi 1,ฝันซ้อนฝัน 1,th-TH
Mimpi dalam Mimpi 10,ฝันซ้อนฝัน 10,th-TH
Mimpi dalam Mimpi 11,ฝันซ้อนฝัน 11,th-TH
Mimpi dalam Mimpi 12,ฝันซ้อนฝัน 12,th-TH
Mimpi dalam Mimpi 2,ฝันซ้อนฝัน 2,th-TH
Mimpi dalam Mimpi 3,ฝันซ้อนฝัน 3,th-TH
Mimpi dalam Mimpi 4,ฝันซ้อนฝัน 4,th-TH
Mimpi dalam Mimpi 5,ฝันซ้อนฝัน 5,th-TH
Mimpi dalam Mimpi 6,ฝันซ้อนฝัน 6,th-TH
Mimpi dalam Mimpi 7,ฝันซ้อนฝัน 7,th-TH
Mimpi dalam Mimpi 8,ฝันซ้อนฝัน 8,th-TH
Mimpi dalam Mimpi 9,ฝันซ้อนฝัน 9,th-TH
Minh Hoàng Thần Tượng,มวลแมลงไอดอล,th-TH
Minh Hoàng Thần Tượng: Độ Khó 1,มวลแมลงไอดอล: ความยาก 01,th-TH
Minh Hoàng Thần Tượng: Độ Khó 2,มวลแมลงไอดอล: ความยาก 02,th-TH
Minh Hoàng Thần Tượng: Độ Khó 3,มวลแมลงไอดอล: ความยาก 03,th-TH
Minh Hoàng Thần Tượng: Độ Khó 4,มวลแมลงไอดอล: ความยาก 04,th-TH
Minh Hoàng Xúi Giục,มวลแมลงปลุกปั่น,th-TH
Minh Hoàng Xúi Giục: Độ Khó 1,มวลแมลงปลุกปั่น: ความยาก 01,th-TH
Minh Hoàng Xúi Giục: Độ Khó 2,มวลแมลงปลุกปั่น: ความยาก 02,th-TH
Minh Hoàng Xúi Giục: Độ Khó 3,มวลแมลงปลุกปั่น: ความยาก 03,th-TH
Minh Hoàng Xúi Giục: Độ Khó 4,มวลแมลงปลุกปั่น: ความยาก 04,th-TH
Misteri Siber,ปริศนาไซเบอร์,th-TH
Misteri Siber 1,ปริศนาไซเบอร์ 1,th-TH
Misteri Siber 10,ปริศนาไซเบอร์ 10,th-TH
Misteri Siber 11,ปริศนาไซเบอร์ 11,th-TH
Misteri Siber 12,ปริศนาไซเบอร์ 12,th-TH
Misteri Siber 2,ปริศนาไซเบอร์ 2,th-TH
Misteri Siber 3,ปริศนาไซเบอร์ 3,th-TH
Misteri Siber 4,ปริศนาไซเบอร์ 4,th-TH
Misteri Siber 5,ปริศนาไซเบอร์ 5,th-TH
Misteri Siber 6,ปริศนาไซเบอร์ 6,th-TH
Misteri Siber 7,ปริศนาไซเบอร์ 7,th-TH
Misteri Siber 8,ปริศนาไซเบอร์ 8,th-TH
Misteri Siber 9,ปริศนาไซเบอร์ 9,th-TH
Misterio en la red,ปริศนาไซเบอร์,th-TH
Misterio en la red I,ปริศนาไซเบอร์ 1,th-TH
Misterio en la red II,ปริศนาไซเบอร์ 2,th-TH
Misterio en la red III,ปริศนาไซเบอร์ 3,th-TH
Misterio en la red IV,ปริศนาไซเบอร์ 4,th-TH
Misterio en la red IX,ปริศนาไซเบอร์ 9,th-TH
Misterio en la red V,ปริศนาไซเบอร์ 5,th-TH
Misterio en la red VI,ปริศนาไซเบอร์ 6,th-TH
Misterio en la red VII,ปริศนาไซเบอร์ 7,th-TH
Misterio en la red VIII,ปริศนาไซเบอร์ 8,th-TH
Misterio en la red X,ปริศนาไซเบอร์ 10,th-TH
Misterio en la red XI,ปริศนาไซเบอร์ 11,th-TH
Misterio en la red XII,ปริศนาไซเบอร์ 12,th-TH
Mistral Cortante,วายุครอบงำ,th-TH
Mistral Cortante: Dificuldade 1,วายุครอบงำ: ความยาก 01,th-TH
Mistral Cortante: Dificuldade 2,วายุครอบงำ: ความยาก 02,th-TH
Mistral Cortante: Dificuldade 3,วายุครอบงำ: ความยาก 03,th-TH
Mistral Cortante: Dificuldade 4,วายุครอบงำ: ความยาก 04,th-TH
Mistral glacial,วายุครอบงำ,th-TH
Mistral glacial : difficulté 1,วายุครอบงำ: ความยาก 01,th-TH
Mistral glacial : difficulté 2,วายุครอบงำ: ความยาก 02,th-TH
Mistral glacial : difficulté 3,วายุครอบงำ: ความยาก 03,th-TH
Mistral glacial : difficulté 4,วายุครอบงำ: ความยาก 04,th-TH
Mistério Cibernético,ปริศนาไซเบอร์,th-TH
Mistério Cibernético (I),ปริศนาไซเบอร์ 1,th-TH
Mistério Cibernético (II),ปริศนาไซเบอร์ 2,th-TH
Mistério Cibernético (III),ปริศนาไซเบอร์ 3,th-TH
Mistério Cibernético (IV),ปริศนาไซเบอร์ 4,th-TH
Mistério Cibernético (IX),ปริศนาไซเบอร์ 9,th-TH
Mistério Cibernético (V),ปริศนาไซเบอร์ 5,th-TH
Mistério Cibernético (VI),ปริศนาไซเบอร์ 6,th-TH
Mistério Cibernético (VII),ปริศนาไซเบอร์ 7,th-TH
Mistério Cibernético (VIII),ปริศนาไซเบอร์ 8,th-TH
Mistério Cibernético (X),ปริศนาไซเบอร์ 10,th-TH
Mistério Cibernético (XI),ปริศนาไซเบอร์ 11,th-TH
Mistério Cibernético (XII),ปริศนาไซเบอร์ 12,th-TH
Moinho de Boatos,ใส่สีตีไข่,th-TH
Moinho de Boatos (I),ใส่สีตีไข่ 1,th-TH
Moinho de Boatos (II),ใส่สีตีไข่ 2,th-TH
Moinho de Boatos (III),ใส่สีตีไข่ 3,th-TH
Moinho de Boatos (IV),ใส่สีตีไข่ 4,th-TH
Moment der Gefräßigkeit,ช่วงเวลาแห่งงานฉลอง,th-TH
Moment der Gefräßigkeit I,ช่วงเวลาแห่งงานฉลอง 1,th-TH
Moment der Gefräßigkeit II,ช่วงเวลาแห่งงานฉลอง 2,th-TH
Moment der Gefräßigkeit III,ช่วงเวลาแห่งงานฉลอง 3,th-TH
Moment der Gefräßigkeit IV,ช่วงเวลาแห่งงานฉลอง 4,th-TH
Moment der Gefräßigkeit IX,ช่วงเวลาแห่งงานฉลอง 9,th-TH
Moment der Gefräßigkeit V,ช่วงเวลาแห่งงานฉลอง 5,th-TH
Moment der Gefräßigkeit VI,ช่วงเวลาแห่งงานฉลอง 6,th-TH
Moment der Gefräßigkeit VII,ช่วงเวลาแห่งงานฉลอง 7,th-TH
Moment der Gefräßigkeit VIII,ช่วงเวลาแห่งงานฉลอง 8,th-TH
Moment der Gefräßigkeit X,ช่วงเวลาแห่งงานฉลอง 10,th-TH
Moment der Gefräßigkeit XI,ช่วงเวลาแห่งงานฉลอง 11,th-TH
Moment der Gefräßigkeit XII,ช่วงเวลาแห่งงานฉลอง 12,th-TH
Monkey Business,กลวานร,th-TH
Monkey Business (I),กลวานร 1,th-TH
Monkey Business (II),กลวานร 2,th-TH
Monkey Business (III),กลวานร 3,th-TH
Monkey Business (IV),กลวานร 4,th-TH
Monkey Business (IX),กลวานร 9,th-TH
Monkey Business (V),กลวานร 5,th-TH
Monkey Business (VI),กลวานร 6,th-TH
Monkey Business (VII),กลวานร 7,th-TH
Monkey Business (VIII),กลวานร 8,th-TH
Monkey Business (X),กลวานร 10,th-TH
Monkey Business (XI),กลวานร 11,th-TH
Monkey Business (XII),กลวานร 12,th-TH
Monster Berdarah Emas,อสูรร้ายโลหิตทอง,th-TH
Monster Berdarah Emas: Tingkat Kesulitan 1,อสูรร้ายโลหิตทอง: ความยาก 01,th-TH
Monster Berdarah Emas: Tingkat Kesulitan 2,อสูรร้ายโลหิตทอง: ความยาก 02,th-TH
Monster Berdarah Emas: Tingkat Kesulitan 3,อสูรร้ายโลหิตทอง: ความยาก 03,th-TH
Monster Berdarah Emas: Tingkat Kesulitan 4,อสูรร้ายโลหิตทอง: ความยาก 04,th-TH
Moulin aux rumeurs,ใส่สีตีไข่,th-TH
Moulin aux rumeurs Niv. 1,ใส่สีตีไข่ 1,th-TH
Moulin aux rumeurs Niv. 2,ใส่สีตีไข่ 2,th-TH
Moulin aux rumeurs Niv. 3,ใส่สีตีไข่ 3,th-TH
Moulin aux rumeurs Niv. 4,ใส่สีตีไข่ 4,th-TH
Muhtar da Guerra Lupino,ขุนศึกสิงคาล,th-TH
Muhtar da Guerra Lupino: Dificuldade 1,ขุนศึกสิงคาล: ความยาก 01,th-TH
Muhtar da Guerra Lupino: Dificuldade 2,ขุนศึกสิงคาล: ความยาก 02,th-TH
Muhtar da Guerra Lupino: Dificuldade 3,ขุนศึกสิงคาล: ความยาก 03,th-TH
Muhtar da Guerra Lupino: Dificuldade 4,ขุนศึกสิงคาล: ความยาก 04,th-TH
Mukhtar guerrier lupin,ขุนศึกสิงคาล,th-TH
Mukhtar guerrier lupin : difficulté 1,ขุนศึกสิงคาล: ความยาก 01,th-TH
Mukhtar guerrier lupin : difficulté 2,ขุนศึกสิงคาล: ความยาก 02,th-TH
Mukhtar guerrier lupin : difficulté 3,ขุนศึกสิงคาล: ความยาก 03,th-TH
Mukhtar guerrier lupin : difficulté 4,ขุนศึกสิงคาล: ความยาก 04,th-TH
Mulut yang Manis Seperti Gula,บุษบงที่พร่างพราว,th-TH
Mulut yang Manis Seperti Gula 1,บุษบงที่พร่างพราว 1,th-TH
Mulut yang Manis Seperti Gula 2,บุษบงที่พร่างพราว 2,th-TH
Mulut yang Manis Seperti Gula 3,บุษบงที่พร่างพราว 3,th-TH
Mulut yang Manis Seperti Gula 4,บุษบงที่พร่างพราว 4,th-TH
Mystère des profondeurs de l'espace,ปริศนาในห้วงอวกาศ,th-TH
Mystère des profondeurs de l'espace (I),ปริศนาในห้วงอวกาศ 1,th-TH
Mystère des profondeurs de l'espace (II),ปริศนาในห้วงอวกาศ 2,th-TH
Mystère des profondeurs de l'espace (III),ปริศนาในห้วงอวกาศ 3,th-TH
Mystère des profondeurs de l'espace (IV),ปริศนาในห้วงอวกาศ 4,th-TH
Mystère des profondeurs de l'espace (IX),ปริศนาในห้วงอวกาศ 9,th-TH
Mystère des profondeurs de l'espace (V),ปริศนาในห้วงอวกาศ 5,th-TH
Mystère des profondeurs de l'espace (VI),ปริศนาในห้วงอวกาศ 6,th-TH
Mystère des profondeurs de l'espace (VII),ปริศนาในห้วงอวกาศ 7,th-TH
Mystère des profondeurs de l'espace (VIII),ปริศนาในห้วงอวกาศ 8,th-TH
Mystère des profondeurs de l'espace (X),ปริศนาในห้วงอวกาศ 10,th-TH
Mystère des profondeurs de l'espace (XI),ปริศนาในห้วงอวกาศ 11,th-TH
Mystère des profondeurs de l'espace (XII),ปริศนาในห้วงอวกาศ 12,th-TH
Màn Giật Dây,แมลงปลุกปั่น,th-TH
Màn Giật Dây: Độ Khó 1,แมลงปลุกปั่น: ความยาก 01,th-TH
Màn Giật Dây: Độ Khó 2,แมลงปลุกปั่น: ความยาก 02,th-TH
Màn Giật Dây: Độ Khó 3,แมลงปลุกปั่น: ความยาก 03,th-TH
Màn Giật Dây: Độ Khó 4,แมลงปลุกปั่น: ความยาก 04,th-TH
Médaille d'argent Syntaxe du bonheur,"เหรียญซิลเวอร์ ""ไวยากรณ์ความสุข""",th-TH
Médaille d'argent « Crise cyber »,"เหรียญซิลเวอร์ ""เครือข่ายผันผวน""",th-TH
Médaille d'argent « Dans le monde des mortels »,"เหรียญซิลเวอร์ ""ในม้วนตำราโลกธุลี""",th-TH
Médaille d'argent « Laissez Pom-Pom tranquille »,"เหรียญซิลเวอร์ ""อย่าแหย่ Pom-Pom""",th-TH
Médaille d'argent « Le retour de la légion »,"เหรียญซิลเวอร์ ""กองทัพหวนคืน""",th-TH
Médaille d'argent « Rire fredonnant »,"เหรียญซิลเวอร์ ""หึ่งหั่งดั่งเสียงขำ""",th-TH
Médaille d'or « Crise cyber »,"เหรียญโกลด์ ""เครือข่ายผันผวน""",th-TH
Médaille d'or « Dans le monde des mortels »,"เหรียญโกลด์ ""ในม้วนตำราโลกธุลี""",th-TH
Médaille d'or « Laissez Pom-Pom tranquille »,"เหรียญโกลด์ ""อย่าแหย่ Pom-Pom""",th-TH
Médaille d'or « Le retour de la légion »,"เหรียญโกลด์ ""กองทัพหวนคืน""",th-TH
Médaille d'or « Rire fredonnant »,"เหรียญโกลด์ ""หึ่งหั่งดั่งเสียงขำ""",th-TH
Médaille d'or « Syntaxe du bonheur »,"เหรียญโกลด์ ""ไวยากรณ์ความสุข""",th-TH
Médaille de Fantômes de l'apocalypse,"เหรียญตรา ""Apocalyptic Shadow""",th-TH
Médaille de Pure fiction,"เหรียญตรา ""Pure Fiction""",th-TH
Médaille de bronze « Crise cyber »,"เหรียญเวอริเดียนบรอนซ์ ""เครือข่ายผันผวน""",th-TH
Médaille de bronze « Dans le monde des mortels »,"เหรียญเวอริเดียนบรอนซ์ ""ในม้วนตำราโลกธุลี""",th-TH
Médaille de bronze « Laissez Pom-Pom tranquille »,"เหรียญเวอริเดียนบรอนซ์ ""อย่าแหย่ Pom-Pom""",th-TH
Médaille de bronze « Le retour de la légion »,"เหรียญเวอริเดียนบรอนซ์ ""กองทัพหวนคืน""",th-TH
Médaille de bronze « Rire fredonnant »,"เหรียญเวอริเดียนบรอนซ์ ""หึ่งหั่งดั่งเสียงขำ""",th-TH
Médaille de bronze « Syntaxe du bonheur »,"เหรียญเวอริเดียนบรอนซ์ ""ไวยากรณ์ความสุข""",th-TH
Médaille de la Salle oubliée,"เหรียญตรา ""Forgotten Hall""",th-TH
Médaille prismatique « Crise cyber »,"เหรียญปริซึม ""เครือข่ายผันผวน""",th-TH
Médaille prismatique « Dans le monde des mortels »,"เหรียญปริซึม ""ในม้วนตำราโลกธุลี""",th-TH
Médaille prismatique « Laissez Pom-Pom tranquille »,"เหรียญปริซึม ""อย่าแหย่ Pom-Pom""",th-TH
Médaille prismatique « Le retour de la légion »,"เหรียญปริซึม ""กองทัพหวนคืน""",th-TH
Médaille prismatique « Rire fredonnant »,"เหรียญปริซึม ""หึ่งหั่งดั่งเสียงขำ""",th-TH
Médaille prisme « Syntaxe du bonheur »,"เหรียญปริซึม ""ไวยากรณ์ความสุข""",th-TH
Mémoire Niv. 1,Memory ขั้นที่ 1,th-TH
Mémoire Niv. 10,Memory ขั้นที่ 10,th-TH
Mémoire Niv. 11,Memory ขั้นที่ 11,th-TH
Mémoire Niv. 12,Memory ขั้นที่ 12,th-TH
Mémoire Niv. 13,Memory ขั้นที่ 13,th-TH
Mémoire Niv. 14,Memory ขั้นที่ 14,th-TH
Mémoire Niv. 15,Memory ขั้นที่ 15,th-TH
Mémoire Niv. 2,Memory ขั้นที่ 2,th-TH
Mémoire Niv. 3,Memory ขั้นที่ 3,th-TH
Mémoire Niv. 4,Memory ขั้นที่ 4,th-TH
Mémoire Niv. 5,Memory ขั้นที่ 5,th-TH
Mémoire Niv. 6,Memory ขั้นที่ 6,th-TH
Mémoire Niv. 7,Memory ขั้นที่ 7,th-TH
Mémoire Niv. 8,Memory ขั้นที่ 8,th-TH
Mémoire Niv. 9,Memory ขั้นที่ 9,th-TH
Mémoire de Xianzhou Niv. 1,Memory แห่ง Xianzhou ขั้นที่ 1,th-TH
Mémoire de Xianzhou Niv. 2,Memory แห่ง Xianzhou ขั้นที่ 2,th-TH
Mémoire de Xianzhou Niv. 3,Memory แห่ง Xianzhou ขั้นที่ 3,th-TH
Mémoire de Xianzhou Niv. 4,Memory แห่ง Xianzhou ขั้นที่ 4,th-TH
Mémoire de Xianzhou Niv. 5,Memory แห่ง Xianzhou ขั้นที่ 5,th-TH
Mémoire de Xianzhou Niv. 6,Memory แห่ง Xianzhou ขั้นที่ 6,th-TH
Mũi Tên Xé Trời,ศรสะเทือนฟ้า,th-TH
Mũi Tên Xé Trời 1,ศรสะเทือนฟ้า 1,th-TH
Mũi Tên Xé Trời 10,ศรสะเทือนฟ้า 10,th-TH
Mũi Tên Xé Trời 2,ศรสะเทือนฟ้า 2,th-TH
Mũi Tên Xé Trời 3,ศรสะเทือนฟ้า 3,th-TH
Mũi Tên Xé Trời 4,ศรสะเทือนฟ้า 4,th-TH
Mũi Tên Xé Trời 5,ศรสะเทือนฟ้า 5,th-TH
Mũi Tên Xé Trời 6,ศรสะเทือนฟ้า 6,th-TH
Mũi Tên Xé Trời 7,ศรสะเทือนฟ้า 7,th-TH
Mũi Tên Xé Trời 8,ศรสะเทือนฟ้า 8,th-TH
Mũi Tên Xé Trời 9,ศรสะเทือนฟ้า 9,th-TH
Mưa Lệ Trường Chiến,สงครามหยาดน้ำตาแห่งสายฝน,th-TH
Mưa Lệ Trường Chiến 1,สงครามหยาดน้ำตาแห่งสายฝน 1,th-TH
Mưa Lệ Trường Chiến 10,สงครามหยาดน้ำตาแห่งสายฝน 10,th-TH
Mưa Lệ Trường Chiến 2,สงครามหยาดน้ำตาแห่งสายฝน 2,th-TH
Mưa Lệ Trường Chiến 3,สงครามหยาดน้ำตาแห่งสายฝน 3,th-TH
Mưa Lệ Trường Chiến 4,สงครามหยาดน้ำตาแห่งสายฝน 4,th-TH
Mưa Lệ Trường Chiến 5,สงครามหยาดน้ำตาแห่งสายฝน 5,th-TH
Mưa Lệ Trường Chiến 6,สงครามหยาดน้ำตาแห่งสายฝน 6,th-TH
Mưa Lệ Trường Chiến 7,สงครามหยาดน้ำตาแห่งสายฝน 7,th-TH
Mưa Lệ Trường Chiến 8,สงครามหยาดน้ำตาแห่งสายฝน 8,th-TH
Mưa Lệ Trường Chiến 9,สงครามหยาดน้ำตาแห่งสายฝน 9,th-TH
Mộng Trong Mộng,ฝันซ้อนฝัน,th-TH
Mộng Trong Mộng 1,ฝันซ้อนฝัน 1,th-TH
Mộng Trong Mộng 10,ฝันซ้อนฝัน 10,th-TH
Mộng Trong Mộng 11,ฝันซ้อนฝัน 11,th-TH
Mộng Trong Mộng 12,ฝันซ้อนฝัน 12,th-TH
Mộng Trong Mộng 2,ฝันซ้อนฝัน 2,th-TH
Mộng Trong Mộng 3,ฝันซ้อนฝัน 3,th-TH
Mộng Trong Mộng 4,ฝันซ้อนฝัน 4,th-TH
Mộng Trong Mộng 5,ฝันซ้อนฝัน 5,th-TH
Mộng Trong Mộng 6,ฝันซ้อนฝัน 6,th-TH
Mộng Trong Mộng 7,ฝันซ้อนฝัน 7,th-TH
Mộng Trong Mộng 8,ฝันซ้อนฝัน 8,th-TH
Mộng Trong Mộng 9,ฝันซ้อนฝัน 9,th-TH
Napas dari Seberang Laut,ลมหายใจในอีกฟาก,th-TH
Napas dari Seberang Laut 1,ลมหายใจในอีกฟาก 1,th-TH
Napas dari Seberang Laut 10,ลมหายใจในอีกฟาก 10,th-TH
Napas dari Seberang Laut 11,ลมหายใจในอีกฟาก 11,th-TH
Napas dari Seberang Laut 12,ลมหายใจในอีกฟาก 12,th-TH
Napas dari Seberang Laut 2,ลมหายใจในอีกฟาก 2,th-TH
Napas dari Seberang Laut 3,ลมหายใจในอีกฟาก 3,th-TH
Napas dari Seberang Laut 4,ลมหายใจในอีกฟาก 4,th-TH
Napas dari Seberang Laut 5,ลมหายใจในอีกฟาก 5,th-TH
Napas dari Seberang Laut 6,ลมหายใจในอีกฟาก 6,th-TH
Napas dari Seberang Laut 7,ลมหายใจในอีกฟาก 7,th-TH
Napas dari Seberang Laut 8,ลมหายใจในอีกฟาก 8,th-TH
Napas dari Seberang Laut 9,ลมหายใจในอีกฟาก 9,th-TH
Narasi Subjektif,บรรยายเชิงอัตวิสัย,th-TH
Narasi Subjektif 1,บรรยายเชิงอัตวิสัย 1,th-TH
Narasi Subjektif 2,บรรยายเชิงอัตวิสัย 2,th-TH
Narasi Subjektif 3,บรรยายเชิงอัตวิสัย 3,th-TH
Narasi Subjektif 4,บรรยายเชิงอัตวิสัย 4,th-TH
Narración subjetiva,บรรยายเชิงอัตวิสัย,th-TH
Narración subjetiva I,บรรยายเชิงอัตวิสัย 1,th-TH
Narración subjetiva II,บรรยายเชิงอัตวิสัย 2,th-TH
Narración subjetiva III,บรรยายเชิงอัตวิสัย 3,th-TH
Narración subjetiva IV,บรรยายเชิงอัตวิสัย 4,th-TH
Narrativa Subjetiva,บรรยายเชิงอัตวิสัย,th-TH
Narrativa Subjetiva (I),บรรยายเชิงอัตวิสัย 1,th-TH
Narrativa Subjetiva (II),บรรยายเชิงอัตวิสัย 2,th-TH
Narrativa Subjetiva (III),บรรยายเชิงอัตวิสัย 3,th-TH
Narrativa Subjetiva (IV),บรรยายเชิงอัตวิสัย 4,th-TH
Narrative Analyse,การวิเคราะห์เชิงบรรยาย,th-TH
Narrative Analyse I,การวิเคราะห์เชิงบรรยาย 1,th-TH
Narrative Analyse II,การวิเคราะห์เชิงบรรยาย 2,th-TH
Narrative Analyse III,การวิเคราะห์เชิงบรรยาย 3,th-TH
Narrative Analyse IV,การวิเคราะห์เชิงบรรยาย 4,th-TH
Narrative Analysis,การวิเคราะห์เชิงบรรยาย,th-TH
Narrative Analysis (I),การวิเคราะห์เชิงบรรยาย 1,th-TH
Narrative Analysis (II),การวิเคราะห์เชิงบรรยาย 2,th-TH
Narrative Analysis (III),การวิเคราะห์เชิงบรรยาย 3,th-TH
Narrative Analysis (IV),การวิเคราะห์เชิงบรรยาย 4,th-TH
Nave etérea,เรือแห่งความฝัน,th-TH
Nave etérea I,เรือแห่งความฝัน 1,th-TH
Nave etérea II,เรือแห่งความฝัน 2,th-TH
Nave etérea III,เรือแห่งความฝัน 3,th-TH
Nave etérea IV,เรือแห่งความฝัน 4,th-TH
Nave etérea IX,เรือแห่งความฝัน 9,th-TH
Nave etérea V,เรือแห่งความฝัน 5,th-TH
Nave etérea VI,เรือแห่งความฝัน 6,th-TH
Nave etérea VII,เรือแห่งความฝัน 7,th-TH
Nave etérea VIII,เรือแห่งความฝัน 8,th-TH
Nave etérea X,เรือแห่งความฝัน 10,th-TH
Navíos perdidos,เรือหลงทิศ,th-TH
Navíos perdidos I,เรือหลงทิศ 1,th-TH
Navíos perdidos II,เรือหลงทิศ 2,th-TH
Navíos perdidos III,เรือหลงทิศ 3,th-TH
Navíos perdidos IV,เรือหลงทิศ 4,th-TH
Navíos perdidos IX,เรือหลงทิศ 9,th-TH
Navíos perdidos V,เรือหลงทิศ 5,th-TH
Navíos perdidos VI,เรือหลงทิศ 6,th-TH
Navíos perdidos VII,เรือหลงทิศ 7,th-TH
Navíos perdidos VIII,เรือหลงทิศ 8,th-TH
Navíos perdidos X,เรือหลงทิศ 10,th-TH
Navíos perdidos XI,เรือหลงทิศ 11,th-TH
Navíos perdidos XII,เรือหลงทิศ 12,th-TH
Nebulöser Neologismus,ศัพท์ใหม่ชวนฉงน,th-TH
Nebulöser Neologismus I,ศัพท์ใหม่ชวนฉงน 1,th-TH
Nebulöser Neologismus II,ศัพท์ใหม่ชวนฉงน 2,th-TH
Nebulöser Neologismus III,ศัพท์ใหม่ชวนฉงน 3,th-TH
Nebulöser Neologismus IV,ศัพท์ใหม่ชวนฉงน 4,th-TH
Negocio inventado,ธุรกิจสร้างเรื่องราว,th-TH
Negocio inventado I,ธุรกิจสร้างเรื่องราว 1,th-TH
Negocio inventado II,ธุรกิจสร้างเรื่องราว 2,th-TH
Negocio inventado III,ธุรกิจสร้างเรื่องราว 3,th-TH
Negocio inventado IV,ธุรกิจสร้างเรื่องราว 4,th-TH
Negócio Fabricado,ธุรกิจสร้างเรื่องราว,th-TH
Negócio Fabricado (I),ธุรกิจสร้างเรื่องราว 1,th-TH
Negócio Fabricado (II),ธุรกิจสร้างเรื่องราว 2,th-TH
Negócio Fabricado (III),ธุรกิจสร้างเรื่องราว 3,th-TH
Negócio Fabricado (IV),ธุรกิจสร้างเรื่องราว 4,th-TH
Neologismo enigmático,ศัพท์ใหม่ชวนฉงน,th-TH
Neologismo enigmático I,ศัพท์ใหม่ชวนฉงน 1,th-TH
Neologismo enigmático II,ศัพท์ใหม่ชวนฉงน 2,th-TH
Neologismo enigmático III,ศัพท์ใหม่ชวนฉงน 3,th-TH
Neologismo enigmático IV,ศัพท์ใหม่ชวนฉงน 4,th-TH
Netzwerkmysterium,ปริศนาไซเบอร์,th-TH
Netzwerkmysterium I,ปริศนาไซเบอร์ 1,th-TH
Netzwerkmysterium II,ปริศนาไซเบอร์ 2,th-TH
Netzwerkmysterium III,ปริศนาไซเบอร์ 3,th-TH
Netzwerkmysterium IV,ปริศนาไซเบอร์ 4,th-TH
Netzwerkmysterium IX,ปริศนาไซเบอร์ 9,th-TH
Netzwerkmysterium V,ปริศนาไซเบอร์ 5,th-TH
Netzwerkmysterium VI,ปริศนาไซเบอร์ 6,th-TH
Netzwerkmysterium VII,ปริศนาไซเบอร์ 7,th-TH
Netzwerkmysterium VIII,ปริศนาไซเบอร์ 8,th-TH
Netzwerkmysterium X,ปริศนาไซเบอร์ 10,th-TH
Netzwerkmysterium XI,ปริศนาไซเบอร์ 11,th-TH
Netzwerkmysterium XII,ปริศนาไซเบอร์ 12,th-TH
Neu entfachtes Licht,แสงที่ลุกโชนอีกครา,th-TH
Neu entfachtes Licht I,แสงที่ลุกโชนอีกครา 1,th-TH
Neu entfachtes Licht II,แสงที่ลุกโชนอีกครา 2,th-TH
Neu entfachtes Licht III,แสงที่ลุกโชนอีกครา 3,th-TH
Neu entfachtes Licht IV,แสงที่ลุกโชนอีกครา 4,th-TH
Neu entfachtes Licht IX,แสงที่ลุกโชนอีกครา 9,th-TH
Neu entfachtes Licht V,แสงที่ลุกโชนอีกครา 5,th-TH
Neu entfachtes Licht VI,แสงที่ลุกโชนอีกครา 6,th-TH
Neu entfachtes Licht VII,แสงที่ลุกโชนอีกครา 7,th-TH
Neu entfachtes Licht VIII,แสงที่ลุกโชนอีกครา 8,th-TH
Neu entfachtes Licht X,แสงที่ลุกโชนอีกครา 10,th-TH
Neu entfachtes Licht XI,แสงที่ลุกโชนอีกครา 11,th-TH
Neu entfachtes Licht XII,แสงที่ลุกโชนอีกครา 12,th-TH
Ngữ Pháp Hạnh Phúc,ไวยากรณ์ความสุข,th-TH
Nhận #1 điểm,ได้รับ #1 คะแนน,th-TH
Nhật Ký Vương Quốc Mộng Đêm Trắng,บันทึกแดนแห่งฝันในราตรีสีขาว,th-TH
Nhật Ký Vương Quốc Mộng Đêm Trắng 1,บันทึกแดนแห่งฝันในราตรีสีขาว 1,th-TH
Nhật Ký Vương Quốc Mộng Đêm Trắng 10,บันทึกแดนแห่งฝันในราตรีสีขาว 10,th-TH
Nhật Ký Vương Quốc Mộng Đêm Trắng 11,บันทึกแดนแห่งฝันในราตรีสีขาว 11,th-TH
Nhật Ký Vương Quốc Mộng Đêm Trắng 12,บันทึกแดนแห่งฝันในราตรีสีขาว 12,th-TH
Nhật Ký Vương Quốc Mộng Đêm Trắng 2,บันทึกแดนแห่งฝันในราตรีสีขาว 2,th-TH
Nhật Ký Vương Quốc Mộng Đêm Trắng 3,บันทึกแดนแห่งฝันในราตรีสีขาว 3,th-TH
Nhật Ký Vương Quốc Mộng Đêm Trắng 4,บันทึกแดนแห่งฝันในราตรีสีขาว 4,th-TH
Nhật Ký Vương Quốc Mộng Đêm Trắng 5,บันทึกแดนแห่งฝันในราตรีสีขาว 5,th-TH
Nhật Ký Vương Quốc Mộng Đêm Trắng 6,บันทึกแดนแห่งฝันในราตรีสีขาว 6,th-TH
Nhật Ký Vương Quốc Mộng Đêm Trắng 7,บันทึกแดนแห่งฝันในราตรีสีขาว 7,th-TH
Nhật Ký Vương Quốc Mộng Đêm Trắng 8,บันทึกแดนแห่งฝันในราตรีสีขาว 8,th-TH
Nhật Ký Vương Quốc Mộng Đêm Trắng 9,บันทึกแดนแห่งฝันในราตรีสีขาว 9,th-TH
Những Lời Đường Mật,กระแสคารมคมคาย,th-TH
Những Lời Đường Mật 1,กระแสคารมคมคาย 1,th-TH
Những Lời Đường Mật 2,กระแสคารมคมคาย 2,th-TH
Những Lời Đường Mật 3,กระแสคารมคมคาย 3,th-TH
Những Lời Đường Mật 4,กระแสคารมคมคาย 4,th-TH
Nido quebrado,รังมดพังเขื่อน,th-TH
Nido quebrado I,รังมดพังเขื่อน 1,th-TH
Nido quebrado II,รังมดพังเขื่อน 2,th-TH
Nido quebrado III,รังมดพังเขื่อน 3,th-TH
Nido quebrado IV,รังมดพังเขื่อน 4,th-TH
Nido quebrado IX,รังมดพังเขื่อน 9,th-TH
Nido quebrado V,รังมดพังเขื่อน 5,th-TH
Nido quebrado VI,รังมดพังเขื่อน 6,th-TH
Nido quebrado VII,รังมดพังเขื่อน 7,th-TH
Nido quebrado VIII,รังมดพังเขื่อน 8,th-TH
Nido quebrado X,รังมดพังเขื่อน 10,th-TH
Nido quebrado XI,รังมดพังเขื่อน 11,th-TH
Nido quebrado XII,รังมดพังเขื่อน 12,th-TH
No provoques a Pom-Pom,อย่าแหย่ Pom-Pom,th-TH
Nostalgie des rêves,แดนฝันสุดถวิล,th-TH
Nostalgie des rêves (I),แดนฝันสุดถวิล 1,th-TH
Nostalgie des rêves (II),แดนฝันสุดถวิล 2,th-TH
Nostalgie des rêves (III),แดนฝันสุดถวิล 3,th-TH
Nostalgie des rêves (IV),แดนฝันสุดถวิล 4,th-TH
Nostalgie des rêves (IX),แดนฝันสุดถวิล 9,th-TH
Nostalgie des rêves (V),แดนฝันสุดถวิล 5,th-TH
Nostalgie des rêves (VI),แดนฝันสุดถวิล 6,th-TH
Nostalgie des rêves (VII),แดนฝันสุดถวิล 7,th-TH
Nostalgie des rêves (VIII),แดนฝันสุดถวิล 8,th-TH
Nostalgie des rêves (X),แดนฝันสุดถวิล 10,th-TH
Nostalgie des rêves (XI),แดนฝันสุดถวิล 11,th-TH
Nostalgie des rêves (XII),แดนฝันสุดถวิล 12,th-TH
Novel Tanpa Kata,นิยายไร้ตัวอักษร,th-TH
Novel Tanpa Kata 1,นิยายไร้ตัวอักษร 1,th-TH
Novel Tanpa Kata 2,นิยายไร้ตัวอักษร 2,th-TH
Novel Tanpa Kata 3,นิยายไร้ตัวอักษร 3,th-TH
Novel Tanpa Kata 4,นิยายไร้ตัวอักษร 4,th-TH
Novela sin palabras,นิยายไร้ตัวอักษร,th-TH
Novela sin palabras I,นิยายไร้ตัวอักษร 1,th-TH
Novela sin palabras II,นิยายไร้ตัวอักษร 2,th-TH
Novela sin palabras III,นิยายไร้ตัวอักษร 3,th-TH
Novela sin palabras IV,นิยายไร้ตัวอักษร 4,th-TH
Nuée de locustes,มวลแมลงปลุกปั่น,th-TH
Nuée de locustes,แมลงปลุกปั่น,th-TH
Nuée de locustes : Difficulté 1,มวลแมลงปลุกปั่น: ความยาก 01,th-TH
Nuée de locustes : Difficulté 2,มวลแมลงปลุกปั่น: ความยาก 02,th-TH
Nuée de locustes : Difficulté 3,มวลแมลงปลุกปั่น: ความยาก 03,th-TH
Nuée de locustes : Difficulté 4,มวลแมลงปลุกปั่น: ความยาก 04,th-TH
Nuée de locustes : difficulté 1,แมลงปลุกปั่น: ความยาก 01,th-TH
Nuée de locustes : difficulté 2,แมลงปลุกปั่น: ความยาก 02,th-TH
Nuée de locustes : difficulté 3,แมลงปลุกปั่น: ความยาก 03,th-TH
Nuée de locustes : difficulté 4,แมลงปลุกปั่น: ความยาก 04,th-TH
Não Mexa com o Pom-Pom,อย่าแหย่ Pom-Pom,th-TH
Néologisme nébuleux,ศัพท์ใหม่ชวนฉงน,th-TH
Néologisme nébuleux (I),ศัพท์ใหม่ชวนฉงน 1,th-TH
Néologisme nébuleux (II),ศัพท์ใหม่ชวนฉงน 2,th-TH
Néologisme nébuleux (III),ศัพท์ใหม่ชวนฉงน 3,th-TH
Néologisme nébuleux (IV),ศัพท์ใหม่ชวนฉงน 4,th-TH
Nói Xấu Sau Lưng,ใส่สีตีไข่,th-TH
Nói Xấu Sau Lưng 1,ใส่สีตีไข่ 1,th-TH
Nói Xấu Sau Lưng 2,ใส่สีตีไข่ 2,th-TH
Nói Xấu Sau Lưng 3,ใส่สีตีไข่ 3,th-TH
Nói Xấu Sau Lưng 4,ใส่สีตีไข่ 4,th-TH
Năm Bước Thăng Trầm,กลอนห้าจังหวะ,th-TH
Năm Bước Thăng Trầm 1,กลอนห้าจังหวะ 1,th-TH
Năm Bước Thăng Trầm 2,กลอนห้าจังหวะ 2,th-TH
Năm Bước Thăng Trầm 3,กลอนห้าจังหวะ 3,th-TH
Năm Bước Thăng Trầm 4,กลอนห้าจังหวะ 4,th-TH
O Riso Cantarolante,หึ่งหั่งดั่งเสียงขำ,th-TH
O Sonho Eterno,นิทราไม่รู้ตื่น,th-TH
O Sonho Eterno - Estágio 1,นิทราไม่รู้ตื่น 1,th-TH
O Sonho Eterno - Estágio 10,นิทราไม่รู้ตื่น 10,th-TH
O Sonho Eterno - Estágio 11,นิทราไม่รู้ตื่น 11,th-TH
O Sonho Eterno - Estágio 12,นิทราไม่รู้ตื่น 12,th-TH
O Sonho Eterno - Estágio 2,นิทราไม่รู้ตื่น 2,th-TH
O Sonho Eterno - Estágio 3,นิทราไม่รู้ตื่น 3,th-TH
O Sonho Eterno - Estágio 4,นิทราไม่รู้ตื่น 4,th-TH
O Sonho Eterno - Estágio 5,นิทราไม่รู้ตื่น 5,th-TH
O Sonho Eterno - Estágio 6,นิทราไม่รู้ตื่น 6,th-TH
O Sonho Eterno - Estágio 7,นิทราไม่รู้ตื่น 7,th-TH
O Sonho Eterno - Estágio 8,นิทราไม่รู้ตื่น 8,th-TH
O Sonho Eterno - Estágio 9,นิทราไม่รู้ตื่น 9,th-TH
Oath of Eternal Alliance,คำสัตย์นิจนิรันดร์,th-TH
Oath of Eternal Alliance (I),คำสัตย์นิจนิรันดร์ 1,th-TH
Oath of Eternal Alliance (II),คำสัตย์นิจนิรันดร์ 2,th-TH
Oath of Eternal Alliance (III),คำสัตย์นิจนิรันดร์ 3,th-TH
Oath of Eternal Alliance (IV),คำสัตย์นิจนิรันดร์ 4,th-TH
Oath of Eternal Alliance (IX),คำสัตย์นิจนิรันดร์ 9,th-TH
Oath of Eternal Alliance (V),คำสัตย์นิจนิรันดร์ 5,th-TH
Oath of Eternal Alliance (VI),คำสัตย์นิจนิรันดร์ 6,th-TH
Oath of Eternal Alliance (VII),คำสัตย์นิจนิรันดร์ 7,th-TH
Oath of Eternal Alliance (VIII),คำสัตย์นิจนิรันดร์ 8,th-TH
Oath of Eternal Alliance (X),คำสัตย์นิจนิรันดร์ 10,th-TH
Obtenir #1 points,ได้รับ #1 คะแนน,th-TH
Omnic-Endspiel,หุ่นยนต์เผด็จศึก,th-TH
Os Últimos Vestígios da Cidadela de Torres,สิ่งตกทอดของป้อมปราการที่สูงตระหง่าน,th-TH
Out of Home,จากบ้านจากเมือง,th-TH
Out of Home (I),จากบ้านจากเมือง 1,th-TH
Out of Home (II),จากบ้านจากเมือง 2,th-TH
Out of Home (III),จากบ้านจากเมือง 3,th-TH
Out of Home (IV),จากบ้านจากเมือง 4,th-TH
Out of Home (IX),จากบ้านจากเมือง 9,th-TH
Out of Home (V),จากบ้านจากเมือง 5,th-TH
Out of Home (VI),จากบ้านจากเมือง 6,th-TH
Out of Home (VII),จากบ้านจากเมือง 7,th-TH
Out of Home (VIII),จากบ้านจากเมือง 8,th-TH
Out of Home (X),จากบ้านจากเมือง 10,th-TH
Out of Home (XI),จากบ้านจากเมือง 11,th-TH
Out of Home (XII),จากบ้านจากเมือง 12,th-TH
Out of Thin Air,เสกสรรปั้นแต่ง,th-TH
Out of Thin Air (I),เสกสรรปั้นแต่ง 1,th-TH
Out of Thin Air (II),เสกสรรปั้นแต่ง 2,th-TH
Out of Thin Air (III),เสกสรรปั้นแต่ง 3,th-TH
Out of Thin Air (IV),เสกสรรปั้นแต่ง 4,th-TH
Palabras elocuentes,บุษบงที่พร่างพราว,th-TH
Palabras elocuentes I,บุษบงที่พร่างพราว 1,th-TH
Palabras elocuentes II,บุษบงที่พร่างพราว 2,th-TH
Palabras elocuentes III,บุษบงที่พร่างพราว 3,th-TH
Palabras elocuentes IV,บุษบงที่พร่างพราว 4,th-TH
Palabras engañosas,ถ้อยคำลวงหลอก,th-TH
Palabras engañosas I,ถ้อยคำลวงหลอก 1,th-TH
Palabras engañosas II,ถ้อยคำลวงหลอก 2,th-TH
Palabras engañosas III,ถ้อยคำลวงหลอก 3,th-TH
Palabras engañosas IV,ถ้อยคำลวงหลอก 4,th-TH
Palabras itinerantes de Youci,เรื่อง (อย่า) เล่าจาก Youci,th-TH
Palabras itinerantes de Youci I,เรื่อง (อย่า) เล่าจาก Youci 1,th-TH
Palabras itinerantes de Youci II,เรื่อง (อย่า) เล่าจาก Youci 2,th-TH
Palabras itinerantes de Youci III,เรื่อง (อย่า) เล่าจาก Youci 3,th-TH
Palabras itinerantes de Youci IV,เรื่อง (อย่า) เล่าจาก Youci 4,th-TH
Palabrería ficticia,นั่งเทียนเขียนแต่ง,th-TH
Palabrería ficticia I,นั่งเทียนเขียนแต่ง 1,th-TH
Palabrería ficticia II,นั่งเทียนเขียนแต่ง 2,th-TH
Palabrería ficticia III,นั่งเทียนเขียนแต่ง 3,th-TH
Palabrería ficticia IV,นั่งเทียนเขียนแต่ง 4,th-TH
Palavras Errantes de Youci,เรื่อง (อย่า) เล่าจาก Youci,th-TH
Palavras Errantes de Youci (I),เรื่อง (อย่า) เล่าจาก Youci 1,th-TH
Palavras Errantes de Youci (II),เรื่อง (อย่า) เล่าจาก Youci 2,th-TH
Palavras Errantes de Youci (III),เรื่อง (อย่า) เล่าจาก Youci 3,th-TH
Palavras Errantes de Youci (IV),เรื่อง (อย่า) เล่าจาก Youci 4,th-TH
Palavras da Enganação (I),ถ้อยคำลวงหลอก 1,th-TH
Palavras da Enganação (II),ถ้อยคำลวงหลอก 2,th-TH
Palavras da Enganação (III),ถ้อยคำลวงหลอก 3,th-TH
Palavras da Enganação (IV),ถ้อยคำลวงหลอก 4,th-TH
Palavras de Enganação,ถ้อยคำลวงหลอก,th-TH
Pandemônio na Nave de Tropas,เรือหลงทิศ,th-TH
Pandemônio na Nave de Tropas (I),เรือหลงทิศ 1,th-TH
Pandemônio na Nave de Tropas (II),เรือหลงทิศ 2,th-TH
Pandemônio na Nave de Tropas (III),เรือหลงทิศ 3,th-TH
Pandemônio na Nave de Tropas (IV),เรือหลงทิศ 4,th-TH
Pandemônio na Nave de Tropas (IX),เรือหลงทิศ 9,th-TH
Pandemônio na Nave de Tropas (V),เรือหลงทิศ 5,th-TH
Pandemônio na Nave de Tropas (VI),เรือหลงทิศ 6,th-TH
Pandemônio na Nave de Tropas (VII),เรือหลงทิศ 7,th-TH
Pandemônio na Nave de Tropas (VIII),เรือหลงทิศ 8,th-TH
Pandemônio na Nave de Tropas (X),เรือหลงทิศ 10,th-TH
Pandemônio na Nave de Tropas (XI),เรือหลงทิศ 11,th-TH
Pandemônio na Nave de Tropas (XII),เรือหลงทิศ 12,th-TH
Panglima Perang Serangga,ขุนศึกมวลแมลง,th-TH
Panglima Perang Serangga: Tingkat Kesulitan 1,ขุนศึกมวลแมลง: ความยาก 01,th-TH
Panglima Perang Serangga: Tingkat Kesulitan 2,ขุนศึกมวลแมลง: ความยาก 02,th-TH
Panglima Perang Serangga: Tingkat Kesulitan 3,ขุนศึกมวลแมลง: ความยาก 03,th-TH
Panglima Perang Serangga: Tingkat Kesulitan 4,ขุนศึกมวลแมลง: ความยาก 04,th-TH
Panglima Serigala Akasa,ขุนศึกสิงคาล,th-TH
Panglima Serigala Akasa: Tingkat Kesulitan 1,ขุนศึกสิงคาล: ความยาก 01,th-TH
Panglima Serigala Akasa: Tingkat Kesulitan 2,ขุนศึกสิงคาล: ความยาก 02,th-TH
Panglima Serigala Akasa: Tingkat Kesulitan 3,ขุนศึกสิงคาล: ความยาก 03,th-TH
Panglima Serigala Akasa: Tingkat Kesulitan 4,ขุนศึกสิงคาล: ความยาก 04,th-TH
Pelayaran Cakrawala dalam Kesendirian,การเดินทางอันโดดเดี่ยวในห้วงอวกาศ,th-TH
Pelayaran Cakrawala dalam Kesendirian 1,การเดินทางอันโดดเดี่ยวในห้วงอวกาศ 1,th-TH
Pelayaran Cakrawala dalam Kesendirian 10,การเดินทางอันโดดเดี่ยวในห้วงอวกาศ 10,th-TH
Pelayaran Cakrawala dalam Kesendirian 2,การเดินทางอันโดดเดี่ยวในห้วงอวกาศ 2,th-TH
Pelayaran Cakrawala dalam Kesendirian 3,การเดินทางอันโดดเดี่ยวในห้วงอวกาศ 3,th-TH
Pelayaran Cakrawala dalam Kesendirian 4,การเดินทางอันโดดเดี่ยวในห้วงอวกาศ 4,th-TH
Pelayaran Cakrawala dalam Kesendirian 5,การเดินทางอันโดดเดี่ยวในห้วงอวกาศ 5,th-TH
Pelayaran Cakrawala dalam Kesendirian 6,การเดินทางอันโดดเดี่ยวในห้วงอวกาศ 6,th-TH
Pelayaran Cakrawala dalam Kesendirian 7,การเดินทางอันโดดเดี่ยวในห้วงอวกาศ 7,th-TH
Pelayaran Cakrawala dalam Kesendirian 8,การเดินทางอันโดดเดี่ยวในห้วงอวกาศ 8,th-TH
Pelayaran Cakrawala dalam Kesendirian 9,การเดินทางอันโดดเดี่ยวในห้วงอวกาศ 9,th-TH
Pemberontakan Imbibitor Lunae 1,วิกฤตจ้าวยลจันทรา 1,th-TH
Pemberontakan Imbibitor Lunae 10,วิกฤตจ้าวยลจันทรา 10,th-TH
Pemberontakan Imbibitor Lunae 2,วิกฤตจ้าวยลจันทรา 2,th-TH
Pemberontakan Imbibitor Lunae 3,วิกฤตจ้าวยลจันทรา 3,th-TH
Pemberontakan Imbibitor Lunae 4,วิกฤตจ้าวยลจันทรา 4,th-TH
Pemberontakan Imbibitor Lunae 5,วิกฤตจ้าวยลจันทรา 5,th-TH
Pemberontakan Imbibitor Lunae 6,วิกฤตจ้าวยลจันทรา 6,th-TH
Pemberontakan Imbibitor Lunae 7,วิกฤตจ้าวยลจันทรา 7,th-TH
Pemberontakan Imbibitor Lunae 8,วิกฤตจ้าวยลจันทรา 8,th-TH
Pemberontakan Imbibitor Lunae 9,วิกฤตจ้าวยลจันทรา 9,th-TH
Pembicaraan Santai Youci,เรื่อง (อย่า) เล่าจาก Youci,th-TH
Pembicaraan Santai Youci 1,เรื่อง (อย่า) เล่าจาก Youci 1,th-TH
Pembicaraan Santai Youci 2,เรื่อง (อย่า) เล่าจาก Youci 2,th-TH
Pembicaraan Santai Youci 3,เรื่อง (อย่า) เล่าจาก Youci 3,th-TH
Pembicaraan Santai Youci 4,เรื่อง (อย่า) เล่าจาก Youci 4,th-TH
Penaklukan Akar Abadi,การปราบรากศักดิ์สิทธิ์,th-TH
Penaklukan Akar Abadi 1,การปราบรากศักดิ์สิทธิ์ 1,th-TH
Penaklukan Akar Abadi 10,การปราบรากศักดิ์สิทธิ์ 10,th-TH
Penaklukan Akar Abadi 2,การปราบรากศักดิ์สิทธิ์ 2,th-TH
Penaklukan Akar Abadi 3,การปราบรากศักดิ์สิทธิ์ 3,th-TH
Penaklukan Akar Abadi 4,การปราบรากศักดิ์สิทธิ์ 4,th-TH
Penaklukan Akar Abadi 5,การปราบรากศักดิ์สิทธิ์ 5,th-TH
Penaklukan Akar Abadi 6,การปราบรากศักดิ์สิทธิ์ 6,th-TH
Penaklukan Akar Abadi 7,การปราบรากศักดิ์สิทธิ์ 7,th-TH
Penaklukan Akar Abadi 8,การปราบรากศักดิ์สิทธิ์ 8,th-TH
Penaklukan Akar Abadi 9,การปราบรากศักดิ์สิทธิ์ 9,th-TH
Penempaan Besi Dingin,ลับคมเหล็กเหมันต์,th-TH
Penempaan Besi Dingin 1,ลับคมเหล็กเหมันต์ขั้นที่ 1,th-TH
Penempaan Besi Dingin 10,ลับคมเหล็กเหมันต์ขั้นที่ 10,th-TH
Penempaan Besi Dingin 2,ลับคมเหล็กเหมันต์ขั้นที่ 2,th-TH
Penempaan Besi Dingin 3,ลับคมเหล็กเหมันต์ขั้นที่ 3,th-TH
Penempaan Besi Dingin 4,ลับคมเหล็กเหมันต์ขั้นที่ 4,th-TH
Penempaan Besi Dingin 5,ลับคมเหล็กเหมันต์ขั้นที่ 5,th-TH
Penempaan Besi Dingin 6,ลับคมเหล็กเหมันต์ขั้นที่ 6,th-TH
Penempaan Besi Dingin 7,ลับคมเหล็กเหมันต์ขั้นที่ 7,th-TH
Penempaan Besi Dingin 8,ลับคมเหล็กเหมันต์ขั้นที่ 8,th-TH
Penempaan Besi Dingin 9,ลับคมเหล็กเหมันต์ขั้นที่ 9,th-TH
Penghasutan Pertaruhan,เกมแห่งการปลุกปั่น,th-TH
Penghasutan Pertaruhan: Tingkat Kesulitan 1,เกมแห่งการปลุกปั่น: ความยาก 01,th-TH
Penghasutan Pertaruhan: Tingkat Kesulitan 2,เกมแห่งการปลุกปั่น: ความยาก 02,th-TH
Penghasutan Pertaruhan: Tingkat Kesulitan 3,เกมแห่งการปลุกปั่น: ความยาก 03,th-TH
Penghasutan Pertaruhan: Tingkat Kesulitan 4,เกมแห่งการปลุกปั่น: ความยาก 04,th-TH
Penghasutan Serangga,แมลงปลุกปั่น,th-TH
Penghasutan Serangga: Tingkat Kesulitan 1,แมลงปลุกปั่น: ความยาก 01,th-TH
Penghasutan Serangga: Tingkat Kesulitan 2,แมลงปลุกปั่น: ความยาก 02,th-TH
Penghasutan Serangga: Tingkat Kesulitan 3,แมลงปลุกปั่น: ความยาก 03,th-TH
Penghasutan Serangga: Tingkat Kesulitan 4,แมลงปลุกปั่น: ความยาก 04,th-TH
Pentamètre iambique,กลอนห้าจังหวะ,th-TH
Pentamètre iambique (I),กลอนห้าจังหวะ 1,th-TH
Pentamètre iambique (II),กลอนห้าจังหวะ 2,th-TH
Pentamètre iambique (III),กลอนห้าจังหวะ 3,th-TH
Pentamètre iambique (IV),กลอนห้าจังหวะ 4,th-TH
Pentámetro yámbico,กลอนห้าจังหวะ,th-TH
Pentámetro yámbico I,กลอนห้าจังหวะ 1,th-TH
Pentámetro yámbico II,กลอนห้าจังหวะ 2,th-TH
Pentámetro yámbico III,กลอนห้าจังหวะ 3,th-TH
Pentámetro yámbico IV,กลอนห้าจังหวะ 4,th-TH
Pentâmetro Iâmbico,กลอนห้าจังหวะ,th-TH
Pentâmetro Iâmbico (I),กลอนห้าจังหวะ 1,th-TH
Pentâmetro Iâmbico (II),กลอนห้าจังหวะ 2,th-TH
Pentâmetro Iâmbico (III),กลอนห้าจังหวะ 3,th-TH
Pentâmetro Iâmbico (IV),กลอนห้าจังหวะ 4,th-TH
Perjamuan Mewah yang Sekejap,ช่วงเวลาแห่งงานฉลอง,th-TH
Perjamuan Mewah yang Sekejap 1,ช่วงเวลาแห่งงานฉลอง 1,th-TH
Perjamuan Mewah yang Sekejap 10,ช่วงเวลาแห่งงานฉลอง 10,th-TH
Perjamuan Mewah yang Sekejap 11,ช่วงเวลาแห่งงานฉลอง 11,th-TH
Perjamuan Mewah yang Sekejap 12,ช่วงเวลาแห่งงานฉลอง 12,th-TH
Perjamuan Mewah yang Sekejap 2,ช่วงเวลาแห่งงานฉลอง 2,th-TH
Perjamuan Mewah yang Sekejap 3,ช่วงเวลาแห่งงานฉลอง 3,th-TH
Perjamuan Mewah yang Sekejap 4,ช่วงเวลาแห่งงานฉลอง 4,th-TH
Perjamuan Mewah yang Sekejap 5,ช่วงเวลาแห่งงานฉลอง 5,th-TH
Perjamuan Mewah yang Sekejap 6,ช่วงเวลาแห่งงานฉลอง 6,th-TH
Perjamuan Mewah yang Sekejap 7,ช่วงเวลาแห่งงานฉลอง 7,th-TH
Perjamuan Mewah yang Sekejap 8,ช่วงเวลาแห่งงานฉลอง 8,th-TH
Perjamuan Mewah yang Sekejap 9,ช่วงเวลาแห่งงานฉลอง 9,th-TH
Permainan Akhir Intellitron,หุ่นยนต์เผด็จศึก,th-TH
Pertikaian Penciptaan,ปฏิปักษ์แห่งนิรมิต,th-TH
Pertikaian Penciptaan 1,ปฏิปักษ์แห่งนิรมิต 1,th-TH
Pertikaian Penciptaan 10,ปฏิปักษ์แห่งนิรมิต 10,th-TH
Pertikaian Penciptaan 11,ปฏิปักษ์แห่งนิรมิต 11,th-TH
Pertikaian Penciptaan 12,ปฏิปักษ์แห่งนิรมิต 12,th-TH
Pertikaian Penciptaan 2,ปฏิปักษ์แห่งนิรมิต 2,th-TH
Pertikaian Penciptaan 3,ปฏิปักษ์แห่งนิรมิต 3,th-TH
Pertikaian Penciptaan 4,ปฏิปักษ์แห่งนิรมิต 4,th-TH
Pertikaian Penciptaan 5,ปฏิปักษ์แห่งนิรมิต 5,th-TH
Pertikaian Penciptaan 6,ปฏิปักษ์แห่งนิรมิต 6,th-TH
Pertikaian Penciptaan 7,ปฏิปักษ์แห่งนิรมิต 7,th-TH
Pertikaian Penciptaan 8,ปฏิปักษ์แห่งนิรมิต 8,th-TH
Pertikaian Penciptaan 9,ปฏิปักษ์แห่งนิรมิต 9,th-TH
Pflichtaktion,เวรปฏิบัติการ,th-TH
Pflichtaktion I,เวรปฏิบัติการ 1,th-TH
Pflichtaktion II,เวรปฏิบัติการ 2,th-TH
Pflichtaktion III,เวรปฏิบัติการ 3,th-TH
Pflichtaktion IV,เวรปฏิบัติการ 4,th-TH
Pflichtaktion IX,เวรปฏิบัติการ 9,th-TH
Pflichtaktion V,เวรปฏิบัติการ 5,th-TH
Pflichtaktion VI,เวรปฏิบัติการ 6,th-TH
Pflichtaktion VII,เวรปฏิบัติการ 7,th-TH
Pflichtaktion VIII,เวรปฏิบัติการ 8,th-TH
Pflichtaktion X,เวรปฏิบัติการ 10,th-TH
Pflichtaktion XI,เวรปฏิบัติการ 11,th-TH
Pflichtaktion XII,เวรปฏิบัติการ 12,th-TH
Phase finale omnitronique,หุ่นยนต์เผด็จศึก,th-TH
Phi Vụ Hư Cấu,ธุรกิจสร้างเรื่องราว,th-TH
Phi Vụ Hư Cấu 1,ธุรกิจสร้างเรื่องราว 1,th-TH
Phi Vụ Hư Cấu 2,ธุรกิจสร้างเรื่องราว 2,th-TH
Phi Vụ Hư Cấu 3,ธุรกิจสร้างเรื่องราว 3,th-TH
Phi Vụ Hư Cấu 4,ธุรกิจสร้างเรื่องราว 4,th-TH
Phân Tranh Sáng Thế,ปฏิปักษ์แห่งนิรมิต,th-TH
Phân Tranh Sáng Thế (I),ปฏิปักษ์แห่งนิรมิต 1,th-TH
Phân Tranh Sáng Thế (II),ปฏิปักษ์แห่งนิรมิต 2,th-TH
Phân Tranh Sáng Thế (III),ปฏิปักษ์แห่งนิรมิต 3,th-TH
Phân Tranh Sáng Thế (IV),ปฏิปักษ์แห่งนิรมิต 4,th-TH
Phân Tranh Sáng Thế (IX),ปฏิปักษ์แห่งนิรมิต 9,th-TH
Phân Tranh Sáng Thế (V),ปฏิปักษ์แห่งนิรมิต 5,th-TH
Phân Tranh Sáng Thế (VI),ปฏิปักษ์แห่งนิรมิต 6,th-TH
Phân Tranh Sáng Thế (VII),ปฏิปักษ์แห่งนิรมิต 7,th-TH
Phân Tranh Sáng Thế (VIII),ปฏิปักษ์แห่งนิรมิต 8,th-TH
Phân Tranh Sáng Thế (X),ปฏิปักษ์แห่งนิรมิต 10,th-TH
Phân Tranh Sáng Thế (XI),ปฏิปักษ์แห่งนิรมิต 11,th-TH
Phân Tranh Sáng Thế (XII),ปฏิปักษ์แห่งนิรมิต 12,th-TH
Phân Tích Tự Sự,การวิเคราะห์เชิงบรรยาย,th-TH
Phân Tích Tự Sự 1,การวิเคราะห์เชิงบรรยาย 1,th-TH
Phân Tích Tự Sự 2,การวิเคราะห์เชิงบรรยาย 2,th-TH
Phân Tích Tự Sự 3,การวิเคราะห์เชิงบรรยาย 3,th-TH
Phân Tích Tự Sự 4,การวิเคราะห์เชิงบรรยาย 4,th-TH
Pilar Penciptaan,เสาแห่งการนิรมิต,th-TH
Pilar Penciptaan 1,เสาแห่งการนิรมิต 1,th-TH
Pilar Penciptaan 10,เสาแห่งการนิรมิต 10,th-TH
Pilar Penciptaan 11,เสาแห่งการนิรมิต 11,th-TH
Pilar Penciptaan 12,เสาแห่งการนิรมิต 12,th-TH
Pilar Penciptaan 2,เสาแห่งการนิรมิต 2,th-TH
Pilar Penciptaan 3,เสาแห่งการนิรมิต 3,th-TH
Pilar Penciptaan 4,เสาแห่งการนิรมิต 4,th-TH
Pilar Penciptaan 5,เสาแห่งการนิรมิต 5,th-TH
Pilar Penciptaan 6,เสาแห่งการนิรมิต 6,th-TH
Pilar Penciptaan 7,เสาแห่งการนิรมิต 7,th-TH
Pilar Penciptaan 8,เสาแห่งการนิรมิต 8,th-TH
Pilar Penciptaan 9,เสาแห่งการนิรมิต 9,th-TH
Pilar da Criação,เสาแห่งการนิรมิต,th-TH
Pilar da Criação (I),เสาแห่งการนิรมิต 1,th-TH
Pilar da Criação (II),เสาแห่งการนิรมิต 2,th-TH
Pilar da Criação (III),เสาแห่งการนิรมิต 3,th-TH
Pilar da Criação (IV),เสาแห่งการนิรมิต 4,th-TH
Pilar da Criação (IX),เสาแห่งการนิรมิต 9,th-TH
Pilar da Criação (V),เสาแห่งการนิรมิต 5,th-TH
Pilar da Criação (VI),เสาแห่งการนิรมิต 6,th-TH
Pilar da Criação (VII),เสาแห่งการนิรมิต 7,th-TH
Pilar da Criação (VIII),เสาแห่งการนิรมิต 8,th-TH
Pilar da Criação (X),เสาแห่งการนิรมิต 10,th-TH
Pilar da Criação (XI),เสาแห่งการนิรมิต 11,th-TH
Pilar da Criação (XII),เสาแห่งการนิรมิต 12,th-TH
Pilar de la creación,เสาแห่งการนิรมิต,th-TH
Pilar de la creación I,เสาแห่งการนิรมิต 1,th-TH
Pilar de la creación II,เสาแห่งการนิรมิต 2,th-TH
Pilar de la creación III,เสาแห่งการนิรมิต 3,th-TH
Pilar de la creación IV,เสาแห่งการนิรมิต 4,th-TH
Pilar de la creación IX,เสาแห่งการนิรมิต 9,th-TH
Pilar de la creación V,เสาแห่งการนิรมิต 5,th-TH
Pilar de la creación VI,เสาแห่งการนิรมิต 6,th-TH
Pilar de la creación VII,เสาแห่งการนิรมิต 7,th-TH
Pilar de la creación VIII,เสาแห่งการนิรมิต 8,th-TH
Pilar de la creación X,เสาแห่งการนิรมิต 10,th-TH
Pilar de la creación XI,เสาแห่งการนิรมิต 11,th-TH
Pilar de la creación XII,เสาแห่งการนิรมิต 12,th-TH
Pilier de la genèse,เสาแห่งการนิรมิต,th-TH
Pilier de la genèse (I),เสาแห่งการนิรมิต 1,th-TH
Pilier de la genèse (II),เสาแห่งการนิรมิต 2,th-TH
Pilier de la genèse (III),เสาแห่งการนิรมิต 3,th-TH
Pilier de la genèse (IV),เสาแห่งการนิรมิต 4,th-TH
Pilier de la genèse (IX),เสาแห่งการนิรมิต 9,th-TH
Pilier de la genèse (V),เสาแห่งการนิรมิต 5,th-TH
Pilier de la genèse (VI),เสาแห่งการนิรมิต 6,th-TH
Pilier de la genèse (VII),เสาแห่งการนิรมิต 7,th-TH
Pilier de la genèse (VIII),เสาแห่งการนิรมิต 8,th-TH
Pilier de la genèse (X),เสาแห่งการนิรมิต 10,th-TH
Pilier de la genèse (XI),เสาแห่งการนิรมิต 11,th-TH
Pilier de la genèse (XII),เสาแห่งการนิรมิต 12,th-TH
Pillar of Genesis,เสาแห่งการนิรมิต,th-TH
Pillar of Genesis (I),เสาแห่งการนิรมิต 1,th-TH
Pillar of Genesis (II),เสาแห่งการนิรมิต 2,th-TH
Pillar of Genesis (III),เสาแห่งการนิรมิต 3,th-TH
Pillar of Genesis (IV),เสาแห่งการนิรมิต 4,th-TH
Pillar of Genesis (IX),เสาแห่งการนิรมิต 9,th-TH
Pillar of Genesis (V),เสาแห่งการนิรมิต 5,th-TH
Pillar of Genesis (VI),เสาแห่งการนิรมิต 6,th-TH
Pillar of Genesis (VII),เสาแห่งการนิรมิต 7,th-TH
Pillar of Genesis (VIII),เสาแห่งการนิรมิต 8,th-TH
Pillar of Genesis (X),เสาแห่งการนิรมิต 10,th-TH
Pillar of Genesis (XI),เสาแห่งการนิรมิต 11,th-TH
Pillar of Genesis (XII),เสาแห่งการนิรมิต 12,th-TH
Primata Angin Badai,วานรโหมวายุ,th-TH
Primata Angin Badai: Tingkat Kesulitan 1,วานรโหมวายุ: ความยาก 01,th-TH
Primata Angin Badai: Tingkat Kesulitan 2,วานรโหมวายุ: ความยาก 02,th-TH
Primata Angin Badai: Tingkat Kesulitan 3,วานรโหมวายุ: ความยาก 03,th-TH
Primata Angin Badai: Tingkat Kesulitan 4,วานรโหมวายุ: ความยาก 04,th-TH
Primata Apostador,วานรเดิมพัน,th-TH
Primata Apostador: Dificuldade 1,วานรเดิมพัน: ความยาก 01,th-TH
Primata Apostador: Dificuldade 2,วานรเดิมพัน: ความยาก 02,th-TH
Primata Apostador: Dificuldade 3,วานรเดิมพัน: ความยาก 03,th-TH
Primata Apostador: Dificuldade 4,วานรเดิมพัน: ความยาก 04,th-TH
Primata Pertaruhan,วานรเดิมพัน,th-TH
Primata Pertaruhan: Tingkat Kesulitan 1,วานรเดิมพัน: ความยาก 01,th-TH
Primata Pertaruhan: Tingkat Kesulitan 2,วานรเดิมพัน: ความยาก 02,th-TH
Primata Pertaruhan: Tingkat Kesulitan 3,วานรเดิมพัน: ความยาก 03,th-TH
Primata Pertaruhan: Tingkat Kesulitan 4,วานรเดิมพัน: ความยาก 04,th-TH
Primata do Vendaval,วานรโหมวายุ,th-TH
Primata do Vendaval: Dificuldade 1,วานรโหมวายุ: ความยาก 01,th-TH
Primata do Vendaval: Dificuldade 2,วานรโหมวายุ: ความยาก 02,th-TH
Primata do Vendaval: Dificuldade 3,วานรโหมวายุ: ความยาก 03,th-TH
Primata do Vendaval: Dificuldade 4,วานรโหมวายุ: ความยาก 04,th-TH
Primate Knight,อัศวินวานร,th-TH
Primate Knight: Difficulty 1,อัศวินวานร - ความยาก 01,th-TH
Primate Knight: Difficulty 2,อัศวินวานร - ความยาก 02,th-TH
Primate Knight: Difficulty 3,อัศวินวานร - ความยาก 03,th-TH
Primate Knight: Difficulty 4,อัศวินวานร - ความยาก 04,th-TH
Primate apostador,วานรเดิมพัน,th-TH
Primate apostador: Dificultad 1,วานรเดิมพัน: ความยาก 01,th-TH
Primate apostador: Dificultad 2,วานรเดิมพัน: ความยาก 02,th-TH
Primate apostador: Dificultad 3,วานรเดิมพัน: ความยาก 03,th-TH
Primate apostador: Dificultad 4,วานรเดิมพัน: ความยาก 04,th-TH
Primate de Hurlevent,วานรโหมวายุ,th-TH
Primate de Hurlevent : Difficulté 1,วานรโหมวายุ: ความยาก 01,th-TH
Primate de Hurlevent : Difficulté 2,วานรโหมวายุ: ความยาก 02,th-TH
Primate de Hurlevent : Difficulté 3,วานรโหมวายุ: ความยาก 03,th-TH
Primate de Hurlevent : Difficulté 4,วานรโหมวายุ: ความยาก 04,th-TH
Primate del vendaval,วานรโหมวายุ,th-TH
Primate del vendaval: Dificultad 1,วานรโหมวายุ: ความยาก 01,th-TH
Primate del vendaval: Dificultad 2,วานรโหมวายุ: ความยาก 02,th-TH
Primate del vendaval: Dificultad 3,วานรโหมวายุ: ความยาก 03,th-TH
Primate del vendaval: Dificultad 4,วานรโหมวายุ: ความยาก 04,th-TH
Primate parieur,วานรเดิมพัน,th-TH
Primate parieur : Difficulté 1,วานรเดิมพัน: ความยาก 01,th-TH
Primate parieur : Difficulté 2,วานรเดิมพัน: ความยาก 02,th-TH
Primate parieur : Difficulté 3,วานรเดิมพัน: ความยาก 03,th-TH
Primate parieur : Difficulté 4,วานรเดิมพัน: ความยาก 04,th-TH
Primatenritter,อัศวินวานร,th-TH
Primatenritter: Schwierigkeitsgrad 01,อัศวินวานร - ความยาก 01,th-TH
Primatenritter: Schwierigkeitsgrad 02,อัศวินวานร - ความยาก 02,th-TH
Primatenritter: Schwierigkeitsgrad 03,อัศวินวานร - ความยาก 03,th-TH
Primatenritter: Schwierigkeitsgrad 04,อัศวินวานร - ความยาก 04,th-TH
Prismamedaille „Cyber-Krise“,"เหรียญปริซึม ""เครือข่ายผันผวน""",th-TH
Prismamedaille „Das summende Gelächter“,"เหรียญปริซึม ""หึ่งหั่งดั่งเสียงขำ""",th-TH
Prismamedaille „Grammatik des Glücks“,"เหรียญปริซึม ""ไวยากรณ์ความสุข""",th-TH
Prismamedaille „Leg dich nicht mit Pom-Pom an“,"เหรียญปริซึม ""อย่าแหย่ Pom-Pom""",th-TH
Prismamedaille „Rückkehr der Legion“,"เหรียญปริซึม ""กองทัพหวนคืน""",th-TH
Prismamedaille „Umkränzt von der Welt“,"เหรียญปริซึม ""ในม้วนตำราโลกธุลี""",th-TH
Profecia Autorrealizável (I),คำทำนายพิสูจน์ตน 1,th-TH
Profecia Autorrealizável (II),คำทำนายพิสูจน์ตน 2,th-TH
Profecia Autorrealizável (III),คำทำนายพิสูจน์ตน 3,th-TH
Profecia Autorrealizável (IV),คำทำนายพิสูจน์ตน 4,th-TH
Profecía predestinada,คำทำนายพิสูจน์ตน,th-TH
Profecía predestinada I,คำทำนายพิสูจน์ตน 1,th-TH
Profecía predestinada II,คำทำนายพิสูจน์ตน 2,th-TH
Profecía predestinada III,คำทำนายพิสูจน์ตน 3,th-TH
Profecía predestinada IV,คำทำนายพิสูจน์ตน 4,th-TH
Prolog Batas Dimensi,ปฐมบทสร้างเขตแดน,th-TH
Prolog Batas Dimensi (1),ปฐมบทสร้างเขตแดน 1,th-TH
Prolog Batas Dimensi (2),ปฐมบทสร้างเขตแดน 2,th-TH
Prolog Batas Dimensi (3),ปฐมบทสร้างเขตแดน 3,th-TH
Prolog Batas Dimensi (4),ปฐมบทสร้างเขตแดน 4,th-TH
Prolog der Reichserschaffung,ปฐมบทสร้างเขตแดน,th-TH
Prolog der Reichserschaffung I,ปฐมบทสร้างเขตแดน 1,th-TH
Prolog der Reichserschaffung II,ปฐมบทสร้างเขตแดน 2,th-TH
Prolog der Reichserschaffung III,ปฐมบทสร้างเขตแดน 3,th-TH
Prolog der Reichserschaffung IV,ปฐมบทสร้างเขตแดน 4,th-TH
Prophétie autoréalisatrice,คำทำนายพิสูจน์ตน,th-TH
Prophétie autoréalisatrice (I),คำทำนายพิสูจน์ตน 1,th-TH
Prophétie autoréalisatrice (II),คำทำนายพิสูจน์ตน 2,th-TH
Prophétie autoréalisatrice (III),คำทำนายพิสูจน์ตน 3,th-TH
Prophétie autoréalisatrice (IV),คำทำนายพิสูจน์ตน 4,th-TH
Prose fictive,นั่งเทียนเขียนแต่ง,th-TH
Prose fictive (I),นั่งเทียนเขียนแต่ง 1,th-TH
Prose fictive (II),นั่งเทียนเขียนแต่ง 2,th-TH
Prose fictive (III),นั่งเทียนเขียนแต่ง 3,th-TH
Prose fictive (IV),นั่งเทียนเขียนแต่ง 4,th-TH
Provocación de la plaga,แมลงปลุกปั่น,th-TH
Provocación de la plaga: Dificultad 1,แมลงปลุกปั่น: ความยาก 01,th-TH
Provocación de la plaga: Dificultad 2,แมลงปลุกปั่น: ความยาก 02,th-TH
Provocación de la plaga: Dificultad 3,แมลงปลุกปั่น: ความยาก 03,th-TH
Provocación de la plaga: Dificultad 4,แมลงปลุกปั่น: ความยาก 04,th-TH
Provocación del enjambre,มวลแมลงปลุกปั่น,th-TH
Provocación del enjambre: Dificultad 1,มวลแมลงปลุกปั่น: ความยาก 01,th-TH
Provocación del enjambre: Dificultad 2,มวลแมลงปลุกปั่น: ความยาก 02,th-TH
Provocación del enjambre: Dificultad 3,มวลแมลงปลุกปั่น: ความยาก 03,th-TH
Provocación del enjambre: Dificultad 4,มวลแมลงปลุกปั่น: ความยาก 04,th-TH
Provocación del jugador,เกมแห่งการปลุกปั่น,th-TH
Provocación del jugador: Dificultad 1,เกมแห่งการปลุกปั่น: ความยาก 01,th-TH
Provocación del jugador: Dificultad 2,เกมแห่งการปลุกปั่น: ความยาก 02,th-TH
Provocación del jugador: Dificultad 3,เกมแห่งการปลุกปั่น: ความยาก 03,th-TH
Provocación del jugador: Dificultad 4,เกมแห่งการปลุกปั่น: ความยาก 04,th-TH
Prueba del Siempreinvierno,บททดสอบจากเหมันต์นิรันดร์,th-TH
Prueba del Siempreinvierno I,บททดสอบจากเหมันต์นิรันดร์ขั้นที่ 1,th-TH
Prueba del Siempreinvierno II,บททดสอบจากเหมันต์นิรันดร์ขั้นที่ 2,th-TH
Prueba del Siempreinvierno III,บททดสอบจากเหมันต์นิรันดร์ขั้นที่ 3,th-TH
Prueba del Siempreinvierno IV,บททดสอบจากเหมันต์นิรันดร์ขั้นที่ 4,th-TH
Prueba del Siempreinvierno IX,บททดสอบจากเหมันต์นิรันดร์ขั้นที่ 9,th-TH
Prueba del Siempreinvierno V,บททดสอบจากเหมันต์นิรันดร์ขั้นที่ 5,th-TH
Prueba del Siempreinvierno VI,บททดสอบจากเหมันต์นิรันดร์ขั้นที่ 6,th-TH
Prueba del Siempreinvierno VII,บททดสอบจากเหมันต์นิรันดร์ขั้นที่ 7,th-TH
Prueba del Siempreinvierno VIII,บททดสอบจากเหมันต์นิรันดร์ขั้นที่ 8,th-TH
Prueba del Siempreinvierno X,บททดสอบจากเหมันต์นิรันดร์ขั้นที่ 10,th-TH
Purga Tempestuosa,กวาดล้างพายุ,th-TH
Purga Tempestuosa (I),กวาดล้างพายุ 1,th-TH
Purga Tempestuosa (II),กวาดล้างพายุ 2,th-TH
Purga Tempestuosa (III),กวาดล้างพายุ 3,th-TH
Purga Tempestuosa (IV),กวาดล้างพายุ 4,th-TH
Purga Tempestuosa (IX),กวาดล้างพายุ 9,th-TH
Purga Tempestuosa (V),กวาดล้างพายุ 5,th-TH
Purga Tempestuosa (VI),กวาดล้างพายุ 6,th-TH
Purga Tempestuosa (VII),กวาดล้างพายุ 7,th-TH
Purga Tempestuosa (VIII),กวาดล้างพายุ 8,th-TH
Purga Tempestuosa (X),กวาดล้างพายุ 10,th-TH
Purga Tempestuosa (XI),กวาดล้างพายุ 11,th-TH
Purga Tempestuosa (XII),กวาดล้างพายุ 12,th-TH
Quand le mensonge devient vérité,ยืมเท็จสร้างจริง,th-TH
Quand le mensonge devient vérité (I),ยืมเท็จสร้างจริง 1,th-TH
Quand le mensonge devient vérité (II),ยืมเท็จสร้างจริง 2,th-TH
Quand le mensonge devient vérité (III),ยืมเท็จสร้างจริง 3,th-TH
Quand le mensonge devient vérité (IV),ยืมเท็จสร้างจริง 4,th-TH
Quy Luật Kết Cấu,กฎแห่งโครงสร้าง,th-TH
Quy Luật Kết Cấu 1,กฎแห่งโครงสร้าง 1,th-TH
Quy Luật Kết Cấu 2,กฎแห่งโครงสร้าง 2,th-TH
Quy Luật Kết Cấu 3,กฎแห่งโครงสร้าง 3,th-TH
Quy Luật Kết Cấu 4,กฎแห่งโครงสร้าง 4,th-TH
Quân Mã (1),อัศวิน (1),th-TH
Quân Mã (2),อัศวิน (2),th-TH
Quân Mã (3),อัศวิน (3),th-TH
Quân Mã (I),อัศวิน (1),th-TH
Quân Mã (II),อัศวิน (2),th-TH
Quân Mã (III),อัศวิน (3),th-TH
Quân Đoàn Trở Lại,กองทัพหวนคืน,th-TH
Quét Sạch Bão Táp,กวาดล้างพายุ,th-TH
Quét Sạch Bão Táp 1,กวาดล้างพายุ 1,th-TH
Quét Sạch Bão Táp 10,กวาดล้างพายุ 10,th-TH
Quét Sạch Bão Táp 11,กวาดล้างพายุ 11,th-TH
Quét Sạch Bão Táp 12,กวาดล้างพายุ 12,th-TH
Quét Sạch Bão Táp 2,กวาดล้างพายุ 2,th-TH
Quét Sạch Bão Táp 3,กวาดล้างพายุ 3,th-TH
Quét Sạch Bão Táp 4,กวาดล้างพายุ 4,th-TH
Quét Sạch Bão Táp 5,กวาดล้างพายุ 5,th-TH
Quét Sạch Bão Táp 6,กวาดล้างพายุ 6,th-TH
Quét Sạch Bão Táp 7,กวาดล้างพายุ 7,th-TH
Quét Sạch Bão Táp 8,กวาดล้างพายุ 8,th-TH
Quét Sạch Bão Táp 9,กวาดล้างพายุ 9,th-TH
Rahasia di Langit Dalam,ปริศนาในห้วงอวกาศ,th-TH
Rahasia di Langit Dalam 1,ปริศนาในห้วงอวกาศ 1,th-TH
Rahasia di Langit Dalam 10,ปริศนาในห้วงอวกาศ 10,th-TH
Rahasia di Langit Dalam 11,ปริศนาในห้วงอวกาศ 11,th-TH
Rahasia di Langit Dalam 12,ปริศนาในห้วงอวกาศ 12,th-TH
Rahasia di Langit Dalam 2,ปริศนาในห้วงอวกาศ 2,th-TH
Rahasia di Langit Dalam 3,ปริศนาในห้วงอวกาศ 3,th-TH
Rahasia di Langit Dalam 4,ปริศนาในห้วงอวกาศ 4,th-TH
Rahasia di Langit Dalam 5,ปริศนาในห้วงอวกาศ 5,th-TH
Rahasia di Langit Dalam 6,ปริศนาในห้วงอวกาศ 6,th-TH
Rahasia di Langit Dalam 7,ปริศนาในห้วงอวกาศ 7,th-TH
Rahasia di Langit Dalam 8,ปริศนาในห้วงอวกาศ 8,th-TH
Rahasia di Langit Dalam 9,ปริศนาในห้วงอวกาศ 9,th-TH
Raintear Strife,สงครามหยาดน้ำตาแห่งสายฝน,th-TH
Raintear Strife (I),สงครามหยาดน้ำตาแห่งสายฝน 1,th-TH
Raintear Strife (II),สงครามหยาดน้ำตาแห่งสายฝน 2,th-TH
Raintear Strife (III),สงครามหยาดน้ำตาแห่งสายฝน 3,th-TH
Raintear Strife (IV),สงครามหยาดน้ำตาแห่งสายฝน 4,th-TH
Raintear Strife (IX),สงครามหยาดน้ำตาแห่งสายฝน 9,th-TH
Raintear Strife (V),สงครามหยาดน้ำตาแห่งสายฝน 5,th-TH
Raintear Strife (VI),สงครามหยาดน้ำตาแห่งสายฝน 6,th-TH
Raintear Strife (VII),สงครามหยาดน้ำตาแห่งสายฝน 7,th-TH
Raintear Strife (VIII),สงครามหยาดน้ำตาแห่งสายฝน 8,th-TH
Raintear Strife (X),สงครามหยาดน้ำตาแห่งสายฝน 10,th-TH
Rajada da Confusão Mortal: Dificuldade 1,เหมันต์อนธการ: ความยาก 01,th-TH
Rajada da Confusão Mortal: Dificuldade 2,เหมันต์อนธการ: ความยาก 02,th-TH
Rajada da Confusão Mortal: Dificuldade 3,เหมันต์อนธการ: ความยาก 03,th-TH
Rajada da Confusão Mortal: Dificuldade 4,เหมันต์อนธการ: ความยาก 04,th-TH
Rajada do Esquecimento,เหมันต์ลืมเลือน,th-TH
Rajada do Esquecimento: Dificuldade 1,เหมันต์ลืมเลือน: ความยาก 01,th-TH
Rajada do Esquecimento: Dificuldade 2,เหมันต์ลืมเลือน: ความยาก 02,th-TH
Rajada do Esquecimento: Dificuldade 3,เหมันต์ลืมเลือน: ความยาก 03,th-TH
Rajada do Esquecimento: Dificuldade 4,เหมันต์ลืมเลือน: ความยาก 04,th-TH
Rastros do Sanctus Medicus,ร่องรอยแห่ง Sanctus Medicus,th-TH
Rastros do Sanctus Medicus - Estágio 1,ร่องรอยแห่ง Sanctus Medicus 1,th-TH
Rastros do Sanctus Medicus - Estágio 10,ร่องรอยแห่ง Sanctus Medicus 10,th-TH
Rastros do Sanctus Medicus - Estágio 2,ร่องรอยแห่ง Sanctus Medicus 2,th-TH
Rastros do Sanctus Medicus - Estágio 3,ร่องรอยแห่ง Sanctus Medicus 3,th-TH
Rastros do Sanctus Medicus - Estágio 4,ร่องรอยแห่ง Sanctus Medicus 4,th-TH
Rastros do Sanctus Medicus - Estágio 5,ร่องรอยแห่ง Sanctus Medicus 5,th-TH
Rastros do Sanctus Medicus - Estágio 6,ร่องรอยแห่ง Sanctus Medicus 6,th-TH
Rastros do Sanctus Medicus - Estágio 7,ร่องรอยแห่ง Sanctus Medicus 7,th-TH
Rastros do Sanctus Medicus - Estágio 8,ร่องรอยแห่ง Sanctus Medicus 8,th-TH
Rastros do Sanctus Medicus - Estágio 9,ร่องรอยแห่ง Sanctus Medicus 9,th-TH
Recherche de chaleur hyperboréenne,ย่ำน้ำแข็งแสวงเพลิง,th-TH
Recherche de chaleur hyperboréenne phase 1,ย่ำน้ำแข็งแสวงเพลิงขั้นที่ 1,th-TH
Recherche de chaleur hyperboréenne phase 10,ย่ำน้ำแข็งแสวงเพลิงขั้นที่ 10,th-TH
Recherche de chaleur hyperboréenne phase 2,ย่ำน้ำแข็งแสวงเพลิงขั้นที่ 2,th-TH
Recherche de chaleur hyperboréenne phase 3,ย่ำน้ำแข็งแสวงเพลิงขั้นที่ 3,th-TH
Recherche de chaleur hyperboréenne phase 4,ย่ำน้ำแข็งแสวงเพลิงขั้นที่ 4,th-TH
Recherche de chaleur hyperboréenne phase 5,ย่ำน้ำแข็งแสวงเพลิงขั้นที่ 5,th-TH
Recherche de chaleur hyperboréenne phase 6,ย่ำน้ำแข็งแสวงเพลิงขั้นที่ 6,th-TH
Recherche de chaleur hyperboréenne phase 7,ย่ำน้ำแข็งแสวงเพลิงขั้นที่ 7,th-TH
Recherche de chaleur hyperboréenne phase 8,ย่ำน้ำแข็งแสวงเพลิงขั้นที่ 8,th-TH
Recherche de chaleur hyperboréenne phase 9,ย่ำน้ำแข็งแสวงเพลิงขั้นที่ 9,th-TH
Recuerdos de Xianzhou I,Memory แห่ง Xianzhou ขั้นที่ 1,th-TH
Recuerdos de Xianzhou II,Memory แห่ง Xianzhou ขั้นที่ 2,th-TH
Recuerdos de Xianzhou III,Memory แห่ง Xianzhou ขั้นที่ 3,th-TH
Recuerdos de Xianzhou IV,Memory แห่ง Xianzhou ขั้นที่ 4,th-TH
Recuerdos de Xianzhou V,Memory แห่ง Xianzhou ขั้นที่ 5,th-TH
Recuerdos de Xianzhou VI,Memory แห่ง Xianzhou ขั้นที่ 6,th-TH
Redação Fictícia,นั่งเทียนเขียนแต่ง,th-TH
Redação Fictícia (I),นั่งเทียนเขียนแต่ง 1,th-TH
Redação Fictícia (II),นั่งเทียนเขียนแต่ง 2,th-TH
Redação Fictícia (III),นั่งเทียนเขียนแต่ง 3,th-TH
Redação Fictícia (IV),นั่งเทียนเขียนแต่ง 4,th-TH
Redseligkeit,กระแสคารมคมคาย,th-TH
Redseligkeit I,กระแสคารมคมคาย 1,th-TH
Redseligkeit II,กระแสคารมคมคาย 2,th-TH
Redseligkeit III,กระแสคารมคมคาย 3,th-TH
Redseligkeit IV,กระแสคารมคมคาย 4,th-TH
Reglas estructurales,กฎแห่งโครงสร้าง,th-TH
Reglas estructurales I,กฎแห่งโครงสร้าง 1,th-TH
Reglas estructurales II,กฎแห่งโครงสร้าง 2,th-TH
Reglas estructurales III,กฎแห่งโครงสร้าง 3,th-TH
Reglas estructurales IV,กฎแห่งโครงสร้าง 4,th-TH
Regra de Sintaxe,ไวยากรณ์โปรแกรม,th-TH
Regra de Sintaxe (I),ไวยากรณ์โปรแกรม 1,th-TH
Regra de Sintaxe (II),ไวยากรณ์โปรแกรม 2,th-TH
Regra de Sintaxe (III),ไวยากรณ์โปรแกรม 3,th-TH
Regra de Sintaxe (IV),ไวยากรณ์โปรแกรม 4,th-TH
Regras Estruturais,กฎแห่งโครงสร้าง,th-TH
Regras Estruturais (I),กฎแห่งโครงสร้าง 1,th-TH
Regras Estruturais (II),กฎแห่งโครงสร้าง 2,th-TH
Regras Estruturais (III),กฎแห่งโครงสร้าง 3,th-TH
Regras Estruturais (IV),กฎแห่งโครงสร้าง 4,th-TH
Rei em Xeque,รุกฆาตราชา,th-TH
Reino Ilusório do Sol Escaldante,มายาตะวันแรงกล้า,th-TH
Reino de las noches en vela,บันทึกแดนแห่งฝันในราตรีสีขาว,th-TH
Reino de las noches en vela I,บันทึกแดนแห่งฝันในราตรีสีขาว 1,th-TH
Reino de las noches en vela II,บันทึกแดนแห่งฝันในราตรีสีขาว 2,th-TH
Reino de las noches en vela III,บันทึกแดนแห่งฝันในราตรีสีขาว 3,th-TH
Reino de las noches en vela IV,บันทึกแดนแห่งฝันในราตรีสีขาว 4,th-TH
Reino de las noches en vela IX,บันทึกแดนแห่งฝันในราตรีสีขาว 9,th-TH
Reino de las noches en vela V,บันทึกแดนแห่งฝันในราตรีสีขาว 5,th-TH
Reino de las noches en vela VI,บันทึกแดนแห่งฝันในราตรีสีขาว 6,th-TH
Reino de las noches en vela VII,บันทึกแดนแห่งฝันในราตรีสีขาว 7,th-TH
Reino de las noches en vela VIII,บันทึกแดนแห่งฝันในราตรีสีขาว 8,th-TH
Reino de las noches en vela X,บันทึกแดนแห่งฝันในราตรีสีขาว 10,th-TH
Reino de las noches en vela XI,บันทึกแดนแห่งฝันในราตรีสีขาว 11,th-TH
Reino de las noches en vela XII,บันทึกแดนแห่งฝันในราตรีสีขาว 12,th-TH
Reino del sol abrasador,มายาตะวันแรงกล้า,th-TH
Represión de las raíces divinas,การปราบรากศักดิ์สิทธิ์,th-TH
Represión de las raíces divinas I,การปราบรากศักดิ์สิทธิ์ 1,th-TH
Represión de las raíces divinas II,การปราบรากศักดิ์สิทธิ์ 2,th-TH
Represión de las raíces divinas III,การปราบรากศักดิ์สิทธิ์ 3,th-TH
Represión de las raíces divinas IV,การปราบรากศักดิ์สิทธิ์ 4,th-TH
Represión de las raíces divinas IX,การปราบรากศักดิ์สิทธิ์ 9,th-TH
Represión de las raíces divinas V,การปราบรากศักดิ์สิทธิ์ 5,th-TH
Represión de las raíces divinas VI,การปราบรากศักดิ์สิทธิ์ 6,th-TH
Represión de las raíces divinas VII,การปราบรากศักดิ์สิทธิ์ 7,th-TH
Represión de las raíces divinas VIII,การปราบรากศักดิ์สิทธิ์ 8,th-TH
Represión de las raíces divinas X,การปราบรากศักดิ์สิทธิ์ 10,th-TH
Respiro da Outra Margem,ลมหายใจในอีกฟาก,th-TH
Respiro da Outra Margem (I),ลมหายใจในอีกฟาก 1,th-TH
Respiro da Outra Margem (II),ลมหายใจในอีกฟาก 2,th-TH
Respiro da Outra Margem (III),ลมหายใจในอีกฟาก 3,th-TH
Respiro da Outra Margem (IV),ลมหายใจในอีกฟาก 4,th-TH
Respiro da Outra Margem (IX),ลมหายใจในอีกฟาก 9,th-TH
Respiro da Outra Margem (V),ลมหายใจในอีกฟาก 5,th-TH
Respiro da Outra Margem (VI),ลมหายใจในอีกฟาก 6,th-TH
Respiro da Outra Margem (VII),ลมหายใจในอีกฟาก 7,th-TH
Respiro da Outra Margem (VIII),ลมหายใจในอีกฟาก 8,th-TH
Respiro da Outra Margem (X),ลมหายใจในอีกฟาก 10,th-TH
Respiro da Outra Margem (XI),ลมหายใจในอีกฟาก 11,th-TH
Respiro da Outra Margem (XII),ลมหายใจในอีกฟาก 12,th-TH
Retorno da Legião,กองทัพหวนคืน,th-TH
Retorno de la Legión,กองทัพหวนคืน,th-TH
Return of the Legion,กองทัพหวนคืน,th-TH
Rire fredonnant,หึ่งหั่งดั่งเสียงขำ,th-TH
Ritter des Sturmwinds,อัศวินวายุ,th-TH
Ritter des Sturmwinds: Schwierigkeitsgrad 01,อัศวินวายุ: ความยาก 01,th-TH
Ritter des Sturmwinds: Schwierigkeitsgrad 02,อัศวินวายุ: ความยาก 02,th-TH
Ritter des Sturmwinds: Schwierigkeitsgrad 03,อัศวินวายุ: ความยาก 03,th-TH
Ritter des Sturmwinds: Schwierigkeitsgrad 04,อัศวินวายุ: ความยาก 04,th-TH
Roman sans texte,นิยายไร้ตัวอักษร,th-TH
Roman sans texte (I),นิยายไร้ตัวอักษร 1,th-TH
Roman sans texte (II),นิยายไร้ตัวอักษร 2,th-TH
Roman sans texte (III),นิยายไร้ตัวอักษร 3,th-TH
Roman sans texte (IV),นิยายไร้ตัวอักษร 4,th-TH
Romance Sem Palavras,นิยายไร้ตัวอักษร,th-TH
Romance Sem Palavras (I),นิยายไร้ตัวอักษร 1,th-TH
Romance Sem Palavras (II),นิยายไร้ตัวอักษร 2,th-TH
Romance Sem Palavras (III),นิยายไร้ตัวอักษร 3,th-TH
Romance Sem Palavras (IV),นิยายไร้ตัวอักษร 4,th-TH
Royaume illusoire du Soleil ardent,มายาตะวันแรงกล้า,th-TH
Rufmord,กับดักคำลวง,th-TH
Rufmord I,กับดักคำลวง 1,th-TH
Rufmord II,กับดักคำลวง 2,th-TH
Rufmord III,กับดักคำลวง 3,th-TH
Rufmord IV,กับดักคำลวง 4,th-TH
Rumor Mill,ใส่สีตีไข่,th-TH
Rumor Mill (I),ใส่สีตีไข่ 1,th-TH
Rumor Mill (II),ใส่สีตีไข่ 2,th-TH
Rumor Mill (III),ใส่สีตีไข่ 3,th-TH
Rumor Mill (IV),ใส่สีตีไข่ 4,th-TH
Rumor Tak Berdasar,ใส่สีตีไข่,th-TH
Rumor Tak Berdasar 1,ใส่สีตีไข่ 1,th-TH
Rumor Tak Berdasar 2,ใส่สีตีไข่ 2,th-TH
Rumor Tak Berdasar 3,ใส่สีตีไข่ 3,th-TH
Rumor Tak Berdasar 4,ใส่สีตีไข่ 4,th-TH
Râm Ran Như Tiếng Cười,หึ่งหั่งดั่งเสียงขำ,th-TH
Règle de syntaxe,ไวยากรณ์โปรแกรม,th-TH
Règle de syntaxe (I),ไวยากรณ์โปรแกรม 1,th-TH
Règle de syntaxe (II),ไวยากรณ์โปรแกรม 2,th-TH
Règle de syntaxe (III),ไวยากรณ์โปรแกรม 3,th-TH
Règle de syntaxe (IV),ไวยากรณ์โปรแกรม 4,th-TH
Rèn Giũa Sắt Lạnh,ลับคมเหล็กเหมันต์,th-TH
Rèn Giũa Sắt Lạnh 1,ลับคมเหล็กเหมันต์ขั้นที่ 1,th-TH
Rèn Giũa Sắt Lạnh 10,ลับคมเหล็กเหมันต์ขั้นที่ 10,th-TH
Rèn Giũa Sắt Lạnh 2,ลับคมเหล็กเหมันต์ขั้นที่ 2,th-TH
Rèn Giũa Sắt Lạnh 3,ลับคมเหล็กเหมันต์ขั้นที่ 3,th-TH
Rèn Giũa Sắt Lạnh 4,ลับคมเหล็กเหมันต์ขั้นที่ 4,th-TH
Rèn Giũa Sắt Lạnh 5,ลับคมเหล็กเหมันต์ขั้นที่ 5,th-TH
Rèn Giũa Sắt Lạnh 6,ลับคมเหล็กเหมันต์ขั้นที่ 6,th-TH
Rèn Giũa Sắt Lạnh 7,ลับคมเหล็กเหมันต์ขั้นที่ 7,th-TH
Rèn Giũa Sắt Lạnh 8,ลับคมเหล็กเหมันต์ขั้นที่ 8,th-TH
Rèn Giũa Sắt Lạnh 9,ลับคมเหล็กเหมันต์ขั้นที่ 9,th-TH
Rébellion de l'Imbibitor Lunae (I),วิกฤตจ้าวยลจันทรา 1,th-TH
Rébellion de l'Imbibitor Lunae (II),วิกฤตจ้าวยลจันทรา 2,th-TH
Rébellion de l'Imbibitor Lunae (III),วิกฤตจ้าวยลจันทรา 3,th-TH
Rébellion de l'Imbibitor Lunae (IV),วิกฤตจ้าวยลจันทรา 4,th-TH
Rébellion de l'Imbibitor Lunae (IX),วิกฤตจ้าวยลจันทรา 9,th-TH
Rébellion de l'Imbibitor Lunae (V),วิกฤตจ้าวยลจันทรา 5,th-TH
Rébellion de l'Imbibitor Lunae (VI),วิกฤตจ้าวยลจันทรา 6,th-TH
Rébellion de l'Imbibitor Lunae (VII),วิกฤตจ้าวยลจันทรา 7,th-TH
Rébellion de l'Imbibitor Lunae (VIII),วิกฤตจ้าวยลจันทรา 8,th-TH
Rébellion de l'Imbibitor Lunae (X),วิกฤตจ้าวยลจันทรา 10,th-TH
Récit d'un monde virtuel,แดนมายาร้อยเรียง,th-TH
Récit d'un monde virtuel (I),แดนมายาร้อยเรียง 1,th-TH
Récit d'un monde virtuel (II),แดนมายาร้อยเรียง 2,th-TH
Récit d'un monde virtuel (III),แดนมายาร้อยเรียง 3,th-TH
Récit d'un monde virtuel (IV),แดนมายาร้อยเรียง 4,th-TH
Récit subjectif,บรรยายเชิงอัตวิสัย,th-TH
Récit subjectif (I),บรรยายเชิงอัตวิสัย 1,th-TH
Récit subjectif (II),บรรยายเชิงอัตวิสัย 2,th-TH
Récit subjectif (III),บรรยายเชิงอัตวิสัย 3,th-TH
Récit subjectif (IV),บรรยายเชิงอัตวิสัย 4,th-TH
Régularité structurelle,กฎแห่งโครงสร้าง,th-TH
Régularité structurelle (I),กฎแห่งโครงสร้าง 1,th-TH
Régularité structurelle (II),กฎแห่งโครงสร้าง 2,th-TH
Régularité structurelle (III),กฎแห่งโครงสร้าง 3,th-TH
Régularité structurelle (IV),กฎแห่งโครงสร้าง 4,th-TH
Rêverie de gerçure,ห้วงฝันแห่งรอยน้ำแข็ง,th-TH
Rêverie de gerçure Niv. 1,ห้วงฝันแห่งรอยน้ำแข็งขั้นที่ 1,th-TH
Rêverie de gerçure Niv. 10,ห้วงฝันแห่งรอยน้ำแข็งขั้นที่ 10,th-TH
Rêverie de gerçure Niv. 2,ห้วงฝันแห่งรอยน้ำแข็งขั้นที่ 2,th-TH
Rêverie de gerçure Niv. 3,ห้วงฝันแห่งรอยน้ำแข็งขั้นที่ 3,th-TH
Rêverie de gerçure Niv. 4,ห้วงฝันแห่งรอยน้ำแข็งขั้นที่ 4,th-TH
Rêverie de gerçure Niv. 5,ห้วงฝันแห่งรอยน้ำแข็งขั้นที่ 5,th-TH
Rêverie de gerçure Niv. 6,ห้วงฝันแห่งรอยน้ำแข็งขั้นที่ 6,th-TH
Rêverie de gerçure Niv. 7,ห้วงฝันแห่งรอยน้ำแข็งขั้นที่ 7,th-TH
Rêverie de gerçure Niv. 8,ห้วงฝันแห่งรอยน้ำแข็งขั้นที่ 8,th-TH
Rêverie de gerçure Niv. 9,ห้วงฝันแห่งรอยน้ำแข็งขั้นที่ 9,th-TH
Rückkehr der Legion,กองทัพหวนคืน,th-TH
Salido de la nada,เสกสรรปั้นแต่ง,th-TH
Salido de la nada I,เสกสรรปั้นแต่ง 1,th-TH
Salido de la nada II,เสกสรรปั้นแต่ง 2,th-TH
Salido de la nada III,เสกสรรปั้นแต่ง 3,th-TH
Salido de la nada IV,เสกสรรปั้นแต่ง 4,th-TH
Sans fondement,เสกสรรปั้นแต่ง,th-TH
Sans fondement I,เสกสรรปั้นแต่ง 1,th-TH
Sans fondement II,เสกสรรปั้นแต่ง 2,th-TH
Sans fondement III,เสกสรรปั้นแต่ง 3,th-TH
Sans fondement IV,เสกสรรปั้นแต่ง 4,th-TH
Saído do Nada,เสกสรรปั้นแต่ง,th-TH
Saído do Nada I,เสกสรรปั้นแต่ง 1,th-TH
Saído do Nada II,เสกสรรปั้นแต่ง 2,th-TH
Saído do Nada III,เสกสรรปั้นแต่ง 3,th-TH
Saído do Nada IV,เสกสรรปั้นแต่ง 4,th-TH
Scalegorge Tidalflow,กระแสคลื่นที่ถาโถม,th-TH
Scalegorge Tidalflow (I),กระแสคลื่นที่ถาโถม 1,th-TH
Scalegorge Tidalflow (II),กระแสคลื่นที่ถาโถม 2,th-TH
Scalegorge Tidalflow (III),กระแสคลื่นที่ถาโถม 3,th-TH
Scalegorge Tidalflow (IV),กระแสคลื่นที่ถาโถม 4,th-TH
Scalegorge Tidalflow (IX),กระแสคลื่นที่ถาโถม 9,th-TH
Scalegorge Tidalflow (V),กระแสคลื่นที่ถาโถม 5,th-TH
Scalegorge Tidalflow (VI),กระแสคลื่นที่ถาโถม 6,th-TH
Scalegorge Tidalflow (VII),กระแสคลื่นที่ถาโถม 7,th-TH
Scalegorge Tidalflow (VIII),กระแสคลื่นที่ถาโถม 8,th-TH
Scalegorge Tidalflow (X),กระแสคลื่นที่ถาโถม 10,th-TH
Scalegorge Tidalflow (XI),กระแสคลื่นที่ถาโถม 11,th-TH
Scalegorge Tidalflow (XII),กระแสคลื่นที่ถาโถม 12,th-TH
Schachmatt,รุกฆาตราชา,th-TH
Schneidender Eiswind,วายุครอบงำ,th-TH
Schneidender Eiswind: Schwierigkeitsgrad 01,วายุครอบงำ: ความยาก 01,th-TH
Schneidender Eiswind: Schwierigkeitsgrad 02,วายุครอบงำ: ความยาก 02,th-TH
Schneidender Eiswind: Schwierigkeitsgrad 03,วายุครอบงำ: ความยาก 03,th-TH
Schneidender Eiswind: Schwierigkeitsgrad 04,วายุครอบงำ: ความยาก 04,th-TH
Schwur der Ewigen Allianz,คำสัตย์นิจนิรันดร์,th-TH
Schwur der Ewigen Allianz I,คำสัตย์นิจนิรันดร์ 1,th-TH
Schwur der Ewigen Allianz II,คำสัตย์นิจนิรันดร์ 2,th-TH
Schwur der Ewigen Allianz III,คำสัตย์นิจนิรันดร์ 3,th-TH
Schwur der Ewigen Allianz IV,คำสัตย์นิจนิรันดร์ 4,th-TH
Schwur der Ewigen Allianz IX,คำสัตย์นิจนิรันดร์ 9,th-TH
Schwur der Ewigen Allianz V,คำสัตย์นิจนิรันดร์ 5,th-TH
Schwur der Ewigen Allianz VI,คำสัตย์นิจนิรันดร์ 6,th-TH
Schwur der Ewigen Allianz VII,คำสัตย์นิจนิรันดร์ 7,th-TH
Schwur der Ewigen Allianz VIII,คำสัตย์นิจนิรันดร์ 8,th-TH
Schwur der Ewigen Allianz X,คำสัตย์นิจนิรันดร์ 10,th-TH
Sedition of Imbibitor Lunae (I),วิกฤตจ้าวยลจันทรา 1,th-TH
Sedition of Imbibitor Lunae (II),วิกฤตจ้าวยลจันทรา 2,th-TH
Sedition of Imbibitor Lunae (III),วิกฤตจ้าวยลจันทรา 3,th-TH
Sedition of Imbibitor Lunae (IV),วิกฤตจ้าวยลจันทรา 4,th-TH
Sedition of Imbibitor Lunae (IX),วิกฤตจ้าวยลจันทรา 9,th-TH
Sedition of Imbibitor Lunae (V),วิกฤตจ้าวยลจันทรา 5,th-TH
Sedition of Imbibitor Lunae (VI),วิกฤตจ้าวยลจันทรา 6,th-TH
Sedition of Imbibitor Lunae (VII),วิกฤตจ้าวยลจันทรา 7,th-TH
Sedition of Imbibitor Lunae (VIII),วิกฤตจ้าวยลจันทรา 8,th-TH
Sedition of Imbibitor Lunae (X),วิกฤตจ้าวยลจันทรา 10,th-TH
Sedição do Embebidor Lunae Estágio 1,วิกฤตจ้าวยลจันทรา 1,th-TH
Sedição do Embebidor Lunae Estágio 10,วิกฤตจ้าวยลจันทรา 10,th-TH
Sedição do Embebidor Lunae Estágio 2,วิกฤตจ้าวยลจันทรา 2,th-TH
Sedição do Embebidor Lunae Estágio 3,วิกฤตจ้าวยลจันทรา 3,th-TH
Sedição do Embebidor Lunae Estágio 4,วิกฤตจ้าวยลจันทรา 4,th-TH
Sedição do Embebidor Lunae Estágio 5,วิกฤตจ้าวยลจันทรา 5,th-TH
Sedição do Embebidor Lunae Estágio 6,วิกฤตจ้าวยลจันทรา 6,th-TH
Sedição do Embebidor Lunae Estágio 7,วิกฤตจ้าวยลจันทรา 7,th-TH
Sedição do Embebidor Lunae Estágio 8,วิกฤตจ้าวยลจันทรา 8,th-TH
Sedição do Embebidor Lunae Estágio 9,วิกฤตจ้าวยลจันทรา 9,th-TH
Sehnsucht-Träumerei,แดนฝันสุดถวิล,th-TH
Sehnsucht-Träumerei I,แดนฝันสุดถวิล 1,th-TH
Sehnsucht-Träumerei II,แดนฝันสุดถวิล 2,th-TH
Sehnsucht-Träumerei III,แดนฝันสุดถวิล 3,th-TH
Sehnsucht-Träumerei IV,แดนฝันสุดถวิล 4,th-TH
Sehnsucht-Träumerei IX,แดนฝันสุดถวิล 9,th-TH
Sehnsucht-Träumerei V,แดนฝันสุดถวิล 5,th-TH
Sehnsucht-Träumerei VI,แดนฝันสุดถวิล 6,th-TH
Sehnsucht-Träumerei VII,แดนฝันสุดถวิล 7,th-TH
Sehnsucht-Träumerei VIII,แดนฝันสุดถวิล 8,th-TH
Sehnsucht-Träumerei X,แดนฝันสุดถวิล 10,th-TH
Sehnsucht-Träumerei XI,แดนฝันสุดถวิล 11,th-TH
Sehnsucht-Träumerei XII,แดนฝันสุดถวิล 12,th-TH
Seigneur de guerre des sauterelles,ขุนศึกมวลแมลง,th-TH
Seigneur de guerre des sauterelles : Difficulté 1,ขุนศึกมวลแมลง: ความยาก 01,th-TH
Seigneur de guerre des sauterelles : Difficulté 2,ขุนศึกมวลแมลง: ความยาก 02,th-TH
Seigneur de guerre des sauterelles : Difficulté 3,ขุนศึกมวลแมลง: ความยาก 03,th-TH
Seigneur de guerre des sauterelles : Difficulté 4,ขุนศึกมวลแมลง: ความยาก 04,th-TH
Sekakmat,รุกฆาตราชา,th-TH
Selbsterfüllende Prophezeiung,คำทำนายพิสูจน์ตน,th-TH
Selbsterfüllende Prophezeiung I,คำทำนายพิสูจน์ตน 1,th-TH
Selbsterfüllende Prophezeiung II,คำทำนายพิสูจน์ตน 2,th-TH
Selbsterfüllende Prophezeiung III,คำทำนายพิสูจน์ตน 3,th-TH
Selbsterfüllende Prophezeiung IV,คำทำนายพิสูจน์ตน 4,th-TH
Self-Fulfilling Prophecy,คำทำนายพิสูจน์ตน,th-TH
Self-Fulfilling Prophecy (I),คำทำนายพิสูจน์ตน 1,th-TH
Self-Fulfilling Prophecy (II),คำทำนายพิสูจน์ตน 2,th-TH
Self-Fulfilling Prophecy (III),คำทำนายพิสูจน์ตน 3,th-TH
Self-Fulfilling Prophecy (IV),คำทำนายพิสูจน์ตน 4,th-TH
Semu Jadi Nyata,ยืมเท็จสร้างจริง,th-TH
Semu Jadi Nyata 1,ยืมเท็จสร้างจริง 1,th-TH
Semu Jadi Nyata 2,ยืมเท็จสร้างจริง 2,th-TH
Semu Jadi Nyata 3,ยืมเท็จสร้างจริง 3,th-TH
Semu Jadi Nyata 4,ยืมเท็จสร้างจริง 4,th-TH
Senhor da Guerra dos Gafanhotos,ขุนศึกมวลแมลง,th-TH
Senhor da Guerra dos Gafanhotos: Dificuldade 1,ขุนศึกมวลแมลง: ความยาก 01,th-TH
Senhor da Guerra dos Gafanhotos: Dificuldade 2,ขุนศึกมวลแมลง: ความยาก 02,th-TH
Senhor da Guerra dos Gafanhotos: Dificuldade 3,ขุนศึกมวลแมลง: ความยาก 03,th-TH
Senhor da Guerra dos Gafanhotos: Dificuldade 4,ขุนศึกมวลแมลง: ความยาก 04,th-TH
Seni Memfitnah,กับดักคำลวง,th-TH
Seni Memfitnah 1,กับดักคำลวง 1,th-TH
Seni Memfitnah 2,กับดักคำลวง 2,th-TH
Seni Memfitnah 3,กับดักคำลวง 3,th-TH
Seni Memfitnah 4,กับดักคำลวง 4,th-TH
Serangga Idola,มวลแมลงไอดอล,th-TH
Serangga Idola: Tingkat Kesulitan 1,มวลแมลงไอดอล: ความยาก 01,th-TH
Serangga Idola: Tingkat Kesulitan 2,มวลแมลงไอดอล: ความยาก 02,th-TH
Serangga Idola: Tingkat Kesulitan 3,มวลแมลงไอดอล: ความยาก 03,th-TH
Serangga Idola: Tingkat Kesulitan 4,มวลแมลงไอดอล: ความยาก 04,th-TH
Serigala Akasa Militan,คมดาบสิงคาล,th-TH
Serigala Akasa Militan: Tingkat Kesulitan 1,คมดาบสิงคาล: ความยาก 01,th-TH
Serigala Akasa Militan: Tingkat Kesulitan 2,คมดาบสิงคาล: ความยาก 02,th-TH
Serigala Akasa Militan: Tingkat Kesulitan 3,คมดาบสิงคาล: ความยาก 03,th-TH
Serigala Akasa Militan: Tingkat Kesulitan 4,คมดาบสิงคาล: ความยาก 04,th-TH
Serigala Akasa Surgawi,ผู้วิเศษสิงคาล,th-TH
Serigala Akasa Surgawi: Tingkat Kesulitan 1,ผู้วิเศษสิงคาล: ความยาก 01,th-TH
Serigala Akasa Surgawi: Tingkat Kesulitan 2,ผู้วิเศษสิงคาล: ความยาก 02,th-TH
Serigala Akasa Surgawi: Tingkat Kesulitan 3,ผู้วิเศษสิงคาล: ความยาก 03,th-TH
Serigala Akasa Surgawi: Tingkat Kesulitan 4,ผู้วิเศษสิงคาล: ความยาก 04,th-TH
Serment d'alliance éternelle,คำสัตย์นิจนิรันดร์,th-TH
Serment d'alliance éternelle (I),คำสัตย์นิจนิรันดร์ 1,th-TH
Serment d'alliance éternelle (II),คำสัตย์นิจนิรันดร์ 2,th-TH
Serment d'alliance éternelle (III),คำสัตย์นิจนิรันดร์ 3,th-TH
Serment d'alliance éternelle (IV),คำสัตย์นิจนิรันดร์ 4,th-TH
Serment d'alliance éternelle (IX),คำสัตย์นิจนิรันดร์ 9,th-TH
Serment d'alliance éternelle (V),คำสัตย์นิจนิรันดร์ 5,th-TH
Serment d'alliance éternelle (VI),คำสัตย์นิจนิรันดร์ 6,th-TH
Serment d'alliance éternelle (VII),คำสัตย์นิจนิรันดร์ 7,th-TH
Serment d'alliance éternelle (VIII),คำสัตย์นิจนิรันดร์ 8,th-TH
Serment d'alliance éternelle (X),คำสัตย์นิจนิรันดร์ 10,th-TH
Señor de la Guerra lupino,ขุนศึกสิงคาล,th-TH
Señor de la Guerra lupino: Dificultad 1,ขุนศึกสิงคาล: ความยาก 01,th-TH
Señor de la Guerra lupino: Dificultad 2,ขุนศึกสิงคาล: ความยาก 02,th-TH
Señor de la Guerra lupino: Dificultad 3,ขุนศึกสิงคาล: ความยาก 03,th-TH
Señor de la Guerra lupino: Dificultad 4,ขุนศึกสิงคาล: ความยาก 04,th-TH
Silbermedaille „Cyber-Krise“,"เหรียญซิลเวอร์ ""เครือข่ายผันผวน""",th-TH
Silbermedaille „Das summende Gelächter“,"เหรียญซิลเวอร์ ""หึ่งหั่งดั่งเสียงขำ""",th-TH
Silbermedaille „Grammatik des Glücks“,"เหรียญซิลเวอร์ ""ไวยากรณ์ความสุข""",th-TH
Silbermedaille „Leg dich nicht mit Pom-Pom an“,"เหรียญซิลเวอร์ ""อย่าแหย่ Pom-Pom""",th-TH
Silbermedaille „Rückkehr der Legion“,"เหรียญซิลเวอร์ ""กองทัพหวนคืน""",th-TH
Silbermedaille „Umkränzt von der Welt“,"เหรียญซิลเวอร์ ""ในม้วนตำราโลกธุลี""",th-TH
Singeries,กลวานร,th-TH
Singeries (I),กลวานร 1,th-TH
Singeries (II),กลวานร 2,th-TH
Singeries (III),กลวานร 3,th-TH
Singeries (IV),กลวานร 4,th-TH
Singeries (IX),กลวานร 9,th-TH
Singeries (V),กลวานร 5,th-TH
Singeries (VI),กลวานร 6,th-TH
Singeries (VII),กลวานร 7,th-TH
Singeries (VIII),กลวานร 8,th-TH
Singeries (X),กลวานร 10,th-TH
Singeries (XI),กลวานร 11,th-TH
Singeries (XII),กลวานร 12,th-TH
Sinh Kiếp Hỏa Kiếp,ภัยแห่งชีวิตและเปลวเพลิง,th-TH
Sinh Kiếp Hỏa Kiếp 1,ภัยแห่งชีวิตและเปลวเพลิง 1,th-TH
Sinh Kiếp Hỏa Kiếp 10,ภัยแห่งชีวิตและเปลวเพลิง 10,th-TH
Sinh Kiếp Hỏa Kiếp 2,ภัยแห่งชีวิตและเปลวเพลิง 2,th-TH
Sinh Kiếp Hỏa Kiếp 3,ภัยแห่งชีวิตและเปลวเพลิง 3,th-TH
Sinh Kiếp Hỏa Kiếp 4,ภัยแห่งชีวิตและเปลวเพลิง 4,th-TH
Sinh Kiếp Hỏa Kiếp 5,ภัยแห่งชีวิตและเปลวเพลิง 5,th-TH
Sinh Kiếp Hỏa Kiếp 6,ภัยแห่งชีวิตและเปลวเพลิง 6,th-TH
Sinh Kiếp Hỏa Kiếp 7,ภัยแห่งชีวิตและเปลวเพลิง 7,th-TH
Sinh Kiếp Hỏa Kiếp 8,ภัยแห่งชีวิตและเปลวเพลิง 8,th-TH
Sinh Kiếp Hỏa Kiếp 9,ภัยแห่งชีวิตและเปลวเพลิง 9,th-TH
Sintaks Program,ไวยากรณ์โปรแกรม,th-TH
Sintaks Program 1,ไวยากรณ์โปรแกรม 1,th-TH
Sintaks Program 2,ไวยากรณ์โปรแกรม 2,th-TH
Sintaks Program 3,ไวยากรณ์โปรแกรม 3,th-TH
Sintaks Program 4,ไวยากรณ์โปรแกรม 4,th-TH
Sintaxe da Felicidade,ไวยากรณ์ความสุข,th-TH
Sintaxis de programación,ไวยากรณ์โปรแกรม,th-TH
Sintaxis de programación I,ไวยากรณ์โปรแกรม 1,th-TH
Sintaxis de programación II,ไวยากรณ์โปรแกรม 2,th-TH
Sintaxis de programación III,ไวยากรณ์โปรแกรม 3,th-TH
Sintaxis de programación IV,ไวยากรณ์โปรแกรม 4,th-TH
Sisa-sisa Terakhir Benteng yang Menjulang,สิ่งตกทอดของป้อมปราการที่สูงตระหง่าน,th-TH
Souffle de l'autre rive,ลมหายใจในอีกฟาก,th-TH
Souffle de l'autre rive (I),ลมหายใจในอีกฟาก 1,th-TH
Souffle de l'autre rive (II),ลมหายใจในอีกฟาก 2,th-TH
Souffle de l'autre rive (III),ลมหายใจในอีกฟาก 3,th-TH
Souffle de l'autre rive (IV),ลมหายใจในอีกฟาก 4,th-TH
Souffle de l'autre rive (IX),ลมหายใจในอีกฟาก 9,th-TH
Souffle de l'autre rive (V),ลมหายใจในอีกฟาก 5,th-TH
Souffle de l'autre rive (VI),ลมหายใจในอีกฟาก 6,th-TH
Souffle de l'autre rive (VII),ลมหายใจในอีกฟาก 7,th-TH
Souffle de l'autre rive (VIII),ลมหายใจในอีกฟาก 8,th-TH
Souffle de l'autre rive (X),ลมหายใจในอีกฟาก 10,th-TH
Souffle de l'autre rive (XI),ลมหายใจในอีกฟาก 11,th-TH
Souffle de l'autre rive (XII),ลมหายใจในอีกฟาก 12,th-TH
Sovereign Control,ควบคุมและบัญชา,th-TH
Sovereign Control: Difficulty 1,ควบคุมและบัญชา: ความยาก 01,th-TH
Sovereign Control: Difficulty 2,ควบคุมและบัญชา: ความยาก 02,th-TH
Sovereign Control: Difficulty 3,ควบคุมและบัญชา: ความยาก 03,th-TH
Sovereign Control: Difficulty 4,ควบคุมและบัญชา: ความยาก 04,th-TH
Springer (I),อัศวิน (1),th-TH
Springer (II),อัศวิน (2),th-TH
Springer (III),อัศวิน (3),th-TH
Spuren des Sanctus Medicus,ร่องรอยแห่ง Sanctus Medicus,th-TH
Spuren des Sanctus Medicus I,ร่องรอยแห่ง Sanctus Medicus 1,th-TH
Spuren des Sanctus Medicus II,ร่องรอยแห่ง Sanctus Medicus 2,th-TH
Spuren des Sanctus Medicus III,ร่องรอยแห่ง Sanctus Medicus 3,th-TH
Spuren des Sanctus Medicus IV,ร่องรอยแห่ง Sanctus Medicus 4,th-TH
Spuren des Sanctus Medicus IX,ร่องรอยแห่ง Sanctus Medicus 9,th-TH
Spuren des Sanctus Medicus V,ร่องรอยแห่ง Sanctus Medicus 5,th-TH
Spuren des Sanctus Medicus VI,ร่องรอยแห่ง Sanctus Medicus 6,th-TH
Spuren des Sanctus Medicus VII,ร่องรอยแห่ง Sanctus Medicus 7,th-TH
Spuren des Sanctus Medicus VIII,ร่องรอยแห่ง Sanctus Medicus 8,th-TH
Spuren des Sanctus Medicus X,ร่องรอยแห่ง Sanctus Medicus 10,th-TH
Stormcleanse,กวาดล้างพายุ,th-TH
Stormcleanse (I),กวาดล้างพายุ 1,th-TH
Stormcleanse (II),กวาดล้างพายุ 2,th-TH
Stormcleanse (III),กวาดล้างพายุ 3,th-TH
Stormcleanse (IV),กวาดล้างพายุ 4,th-TH
Stormcleanse (IX),กวาดล้างพายุ 9,th-TH
Stormcleanse (V),กวาดล้างพายุ 5,th-TH
Stormcleanse (VI),กวาดล้างพายุ 6,th-TH
Stormcleanse (VII),กวาดล้างพายุ 7,th-TH
Stormcleanse (VIII),กวาดล้างพายุ 8,th-TH
Stormcleanse (X),กวาดล้างพายุ 10,th-TH
Stormcleanse (XI),กวาดล้างพายุ 11,th-TH
Stormcleanse (XII),กวาดล้างพายุ 12,th-TH
Stormquell,พายุฉุดชีวัน,th-TH
Stormquell (I),พายุฉุดชีวันขั้นที่ 1,th-TH
Stormquell (II),พายุฉุดชีวันขั้นที่ 2,th-TH
Stormquell (III),พายุฉุดชีวันขั้นที่ 3,th-TH
Stormquell (IV),พายุฉุดชีวันขั้นที่ 4,th-TH
Stormquell (IX),พายุฉุดชีวันขั้นที่ 9,th-TH
Stormquell (V),พายุฉุดชีวันขั้นที่ 5,th-TH
Stormquell (VI),พายุฉุดชีวันขั้นที่ 6,th-TH
Stormquell (VII),พายุฉุดชีวันขั้นที่ 7,th-TH
Stormquell (VIII),พายุฉุดชีวันขั้นที่ 8,th-TH
Stormquell (X),พายุฉุดชีวันขั้นที่ 10,th-TH
Stormwind Knight,อัศวินวายุ,th-TH
Stormwind Knight: Difficulty 1,อัศวินวายุ: ความยาก 01,th-TH
Stormwind Knight: Difficulty 2,อัศวินวายุ: ความยาก 02,th-TH
Stormwind Knight: Difficulty 3,อัศวินวายุ: ความยาก 03,th-TH
Stormwind Knight: Difficulty 4,อัศวินวายุ: ความยาก 04,th-TH
Strife of Creation,ปฏิปักษ์แห่งนิรมิต,th-TH
Strife of Creation (I),ปฏิปักษ์แห่งนิรมิต 1,th-TH
Strife of Creation (II),ปฏิปักษ์แห่งนิรมิต 2,th-TH
Strife of Creation (III),ปฏิปักษ์แห่งนิรมิต 3,th-TH
Strife of Creation (IV),ปฏิปักษ์แห่งนิรมิต 4,th-TH
Strife of Creation (IX),ปฏิปักษ์แห่งนิรมิต 9,th-TH
Strife of Creation (V),ปฏิปักษ์แห่งนิรมิต 5,th-TH
Strife of Creation (VI),ปฏิปักษ์แห่งนิรมิต 6,th-TH
Strife of Creation (VII),ปฏิปักษ์แห่งนิรมิต 7,th-TH
Strife of Creation (VIII),ปฏิปักษ์แห่งนิรมิต 8,th-TH
Strife of Creation (X),ปฏิปักษ์แห่งนิรมิต 10,th-TH
Strife of Creation (XI),ปฏิปักษ์แห่งนิรมิต 11,th-TH
Strife of Creation (XII),ปฏิปักษ์แห่งนิรมิต 12,th-TH
Structural Rules,กฎแห่งโครงสร้าง,th-TH
Structural Rules (I),กฎแห่งโครงสร้าง 1,th-TH
Structural Rules (II),กฎแห่งโครงสร้าง 2,th-TH
Structural Rules (III),กฎแห่งโครงสร้าง 3,th-TH
Structural Rules (IV),กฎแห่งโครงสร้าง 4,th-TH
Structure en trois actes,โครงสร้างสามองก์,th-TH
Structure en trois actes (I),โครงสร้างสามองก์ 1,th-TH
Structure en trois actes (II),โครงสร้างสามองก์ 2,th-TH
Structure en trois actes (III),โครงสร้างสามองก์ 3,th-TH
Structure en trois actes (IV),โครงสร้างสามองก์ 4,th-TH
Struktur Tiga Babak,โครงสร้างสามองก์,th-TH
Struktur Tiga Babak 1,โครงสร้างสามองก์ 1,th-TH
Struktur Tiga Babak 2,โครงสร้างสามองก์ 2,th-TH
Struktur Tiga Babak 3,โครงสร้างสามองก์ 3,th-TH
Struktur Tiga Babak 4,โครงสร้างสามองก์ 4,th-TH
Strukturregeln,กฎแห่งโครงสร้าง,th-TH
Strukturregeln I,กฎแห่งโครงสร้าง 1,th-TH
Strukturregeln II,กฎแห่งโครงสร้าง 2,th-TH
Strukturregeln III,กฎแห่งโครงสร้าง 3,th-TH
Strukturregeln IV,กฎแห่งโครงสร้าง 4,th-TH
Sturm der Vergessenheit,เหมันต์ลืมเลือน,th-TH
Sturm der Vergessenheit: Schwierigkeitsgrad 01,เหมันต์ลืมเลือน: ความยาก 01,th-TH
Sturm der Vergessenheit: Schwierigkeitsgrad 02,เหมันต์ลืมเลือน: ความยาก 02,th-TH
Sturm der Vergessenheit: Schwierigkeitsgrad 03,เหมันต์ลืมเลือน: ความยาก 03,th-TH
Sturm der Vergessenheit: Schwierigkeitsgrad 04,เหมันต์ลืมเลือน: ความยาก 04,th-TH
Sturmreinigung,กวาดล้างพายุ,th-TH
Sturmreinigung I,กวาดล้างพายุ 1,th-TH
Sturmreinigung II,กวาดล้างพายุ 2,th-TH
Sturmreinigung III,กวาดล้างพายุ 3,th-TH
Sturmreinigung IV,กวาดล้างพายุ 4,th-TH
Sturmreinigung IX,กวาดล้างพายุ 9,th-TH
Sturmreinigung V,กวาดล้างพายุ 5,th-TH
Sturmreinigung VI,กวาดล้างพายุ 6,th-TH
Sturmreinigung VII,กวาดล้างพายุ 7,th-TH
Sturmreinigung VIII,กวาดล้างพายุ 8,th-TH
Sturmreinigung X,กวาดล้างพายุ 10,th-TH
Sturmreinigung XI,กวาดล้างพายุ 11,th-TH
Sturmreinigung XII,กวาดล้างพายุ 12,th-TH
Subjective Narrative,บรรยายเชิงอัตวิสัย,th-TH
Subjective Narrative (I),บรรยายเชิงอัตวิสัย 1,th-TH
Subjective Narrative (II),บรรยายเชิงอัตวิสัย 2,th-TH
Subjective Narrative (III),บรรยายเชิงอัตวิสัย 3,th-TH
Subjective Narrative (IV),บรรยายเชิงอัตวิสัย 4,th-TH
Subjektives Narrativ,บรรยายเชิงอัตวิสัย,th-TH
Subjektives Narrativ I,บรรยายเชิงอัตวิสัย 1,th-TH
Subjektives Narrativ II,บรรยายเชิงอัตวิสัย 2,th-TH
Subjektives Narrativ III,บรรยายเชิงอัตวิสัย 3,th-TH
Subjektives Narrativ IV,บรรยายเชิงอัตวิสัย 4,th-TH
Sueño dentro del sueño,ฝันซ้อนฝัน,th-TH
Sueño dentro del sueño I,ฝันซ้อนฝัน 1,th-TH
Sueño dentro del sueño II,ฝันซ้อนฝัน 2,th-TH
Sueño dentro del sueño III,ฝันซ้อนฝัน 3,th-TH
Sueño dentro del sueño IV,ฝันซ้อนฝัน 4,th-TH
Sueño dentro del sueño IX,ฝันซ้อนฝัน 9,th-TH
Sueño dentro del sueño V,ฝันซ้อนฝัน 5,th-TH
Sueño dentro del sueño VI,ฝันซ้อนฝัน 6,th-TH
Sueño dentro del sueño VII,ฝันซ้อนฝัน 7,th-TH
Sueño dentro del sueño VIII,ฝันซ้อนฝัน 8,th-TH
Sueño dentro del sueño X,ฝันซ้อนฝัน 10,th-TH
Sueño dentro del sueño XI,ฝันซ้อนฝัน 11,th-TH
Sueño dentro del sueño XII,ฝันซ้อนฝัน 12,th-TH
Sueño eterno,นิทราไม่รู้ตื่น,th-TH
Sueño eterno I,นิทราไม่รู้ตื่น 1,th-TH
Sueño eterno II,นิทราไม่รู้ตื่น 2,th-TH
Sueño eterno III,นิทราไม่รู้ตื่น 3,th-TH
Sueño eterno IV,นิทราไม่รู้ตื่น 4,th-TH
Sueño eterno IX,นิทราไม่รู้ตื่น 9,th-TH
Sueño eterno V,นิทราไม่รู้ตื่น 5,th-TH
Sueño eterno VI,นิทราไม่รู้ตื่น 6,th-TH
Sueño eterno VII,นิทราไม่รู้ตื่น 7,th-TH
Sueño eterno VIII,นิทราไม่รู้ตื่น 8,th-TH
Sueño eterno X,นิทราไม่รู้ตื่น 10,th-TH
Sueño eterno XI,นิทราไม่รู้ตื่น 11,th-TH
Sueño eterno XII,นิทราไม่รู้ตื่น 12,th-TH
Sueños de escarcha,ห้วงฝันแห่งรอยน้ำแข็ง,th-TH
Sueños de escarcha I,ห้วงฝันแห่งรอยน้ำแข็งขั้นที่ 1,th-TH
Sueños de escarcha II,ห้วงฝันแห่งรอยน้ำแข็งขั้นที่ 2,th-TH
Sueños de escarcha III,ห้วงฝันแห่งรอยน้ำแข็งขั้นที่ 3,th-TH
Sueños de escarcha IV,ห้วงฝันแห่งรอยน้ำแข็งขั้นที่ 4,th-TH
Sueños de escarcha IX,ห้วงฝันแห่งรอยน้ำแข็งขั้นที่ 9,th-TH
Sueños de escarcha V,ห้วงฝันแห่งรอยน้ำแข็งขั้นที่ 5,th-TH
Sueños de escarcha VI,ห้วงฝันแห่งรอยน้ำแข็งขั้นที่ 6,th-TH
Sueños de escarcha VII,ห้วงฝันแห่งรอยน้ำแข็งขั้นที่ 7,th-TH
Sueños de escarcha VIII,ห้วงฝันแห่งรอยน้ำแข็งขั้นที่ 8,th-TH
Sueños de escarcha X,ห้วงฝันแห่งรอยน้ำแข็งขั้นที่ 10,th-TH
Sumpah Aliansi Abadi,คำสัตย์นิจนิรันดร์,th-TH
Sumpah Aliansi Abadi 1,คำสัตย์นิจนิรันดร์ 1,th-TH
Sumpah Aliansi Abadi 10,คำสัตย์นิจนิรันดร์ 10,th-TH
Sumpah Aliansi Abadi 2,คำสัตย์นิจนิรันดร์ 2,th-TH
Sumpah Aliansi Abadi 3,คำสัตย์นิจนิรันดร์ 3,th-TH
Sumpah Aliansi Abadi 4,คำสัตย์นิจนิรันดร์ 4,th-TH
Sumpah Aliansi Abadi 5,คำสัตย์นิจนิรันดร์ 5,th-TH
Sumpah Aliansi Abadi 6,คำสัตย์นิจนิรันดร์ 6,th-TH
Sumpah Aliansi Abadi 7,คำสัตย์นิจนิรันดร์ 7,th-TH
Sumpah Aliansi Abadi 8,คำสัตย์นิจนิรันดร์ 8,th-TH
Sumpah Aliansi Abadi 9,คำสัตย์นิจนิรันดร์ 9,th-TH
Syntax Rule,ไวยากรณ์โปรแกรม,th-TH
Syntax Rule (I),ไวยากรณ์โปรแกรม 1,th-TH
Syntax Rule (II),ไวยากรณ์โปรแกรม 2,th-TH
Syntax Rule (III),ไวยากรณ์โปรแกรม 3,th-TH
Syntax Rule (IV),ไวยากรณ์โปรแกรม 4,th-TH
Syntaxe du bonheur,ไวยากรณ์ความสุข,th-TH
Syntaxregel,ไวยากรณ์โปรแกรม,th-TH
Syntaxregel I,ไวยากรณ์โปรแกรม 1,th-TH
Syntaxregel II,ไวยากรณ์โปรแกรม 2,th-TH
Syntaxregel III,ไวยากรณ์โปรแกรม 3,th-TH
Syntaxregel IV,ไวยากรณ์โปรแกรม 4,th-TH
Säule der Genesis,เสาแห่งการนิรมิต,th-TH
Säule der Genesis I,เสาแห่งการนิรมิต 1,th-TH
Säule der Genesis II,เสาแห่งการนิรมิต 2,th-TH
Säule der Genesis III,เสาแห่งการนิรมิต 3,th-TH
Säule der Genesis IV,เสาแห่งการนิรมิต 4,th-TH
Säule der Genesis IX,เสาแห่งการนิรมิต 9,th-TH
Säule der Genesis V,เสาแห่งการนิรมิต 5,th-TH
Säule der Genesis VI,เสาแห่งการนิรมิต 6,th-TH
Säule der Genesis VII,เสาแห่งการนิรมิต 7,th-TH
Säule der Genesis VIII,เสาแห่งการนิรมิต 8,th-TH
Säule der Genesis X,เสาแห่งการนิรมิต 10,th-TH
Säule der Genesis XI,เสาแห่งการนิรมิต 11,th-TH
Säule der Genesis XII,เสาแห่งการนิรมิต 12,th-TH
Sóng Gió Mạng,เครือข่ายผันผวน,th-TH
Sự Ban Ơn Của Hổ Phách,พรแห่งอำพัน,th-TH
Sự Ban Ơn Của Hổ Phách-1,พรแห่งอำพันขั้นที่ 1,th-TH
Sự Ban Ơn Của Hổ Phách-10,พรแห่งอำพันขั้นที่ 10,th-TH
Sự Ban Ơn Của Hổ Phách-2,พรแห่งอำพันขั้นที่ 2,th-TH
Sự Ban Ơn Của Hổ Phách-3,พรแห่งอำพันขั้นที่ 3,th-TH
Sự Ban Ơn Của Hổ Phách-4,พรแห่งอำพันขั้นที่ 4,th-TH
Sự Ban Ơn Của Hổ Phách-5,พรแห่งอำพันขั้นที่ 5,th-TH
Sự Ban Ơn Của Hổ Phách-6,พรแห่งอำพันขั้นที่ 6,th-TH
Sự Ban Ơn Của Hổ Phách-7,พรแห่งอำพันขั้นที่ 7,th-TH
Sự Ban Ơn Của Hổ Phách-8,พรแห่งอำพันขั้นที่ 8,th-TH
Sự Ban Ơn Của Hổ Phách-9,พรแห่งอำพันขั้นที่ 9,th-TH
Tak Rela Meninggalkan Negeri Mimpi,แดนฝันสุดถวิล,th-TH
Tak Rela Meninggalkan Negeri Mimpi 1,แดนฝันสุดถวิล 1,th-TH
Tak Rela Meninggalkan Negeri Mimpi 10,แดนฝันสุดถวิล 10,th-TH
Tak Rela Meninggalkan Negeri Mimpi 11,แดนฝันสุดถวิล 11,th-TH
Tak Rela Meninggalkan Negeri Mimpi 12,แดนฝันสุดถวิล 12,th-TH
Tak Rela Meninggalkan Negeri Mimpi 2,แดนฝันสุดถวิล 2,th-TH
Tak Rela Meninggalkan Negeri Mimpi 3,แดนฝันสุดถวิล 3,th-TH
Tak Rela Meninggalkan Negeri Mimpi 4,แดนฝันสุดถวิล 4,th-TH
Tak Rela Meninggalkan Negeri Mimpi 5,แดนฝันสุดถวิล 5,th-TH
Tak Rela Meninggalkan Negeri Mimpi 6,แดนฝันสุดถวิล 6,th-TH
Tak Rela Meninggalkan Negeri Mimpi 7,แดนฝันสุดถวิล 7,th-TH
Tak Rela Meninggalkan Negeri Mimpi 8,แดนฝันสุดถวิล 8,th-TH
Tak Rela Meninggalkan Negeri Mimpi 9,แดนฝันสุดถวิล 9,th-TH
Tales of a Tethered Bird,ตำนานของนกในกรง,th-TH
Tales of a Tethered Bird (I),ตำนานของนกในกรง 1,th-TH
Tales of a Tethered Bird (II),ตำนานของนกในกรง 2,th-TH
Tales of a Tethered Bird (III),ตำนานของนกในกรง 3,th-TH
Tales of a Tethered Bird (IV),ตำนานของนกในกรง 4,th-TH
Tanz mit den Träumen,เต้นรำกับความฝัน,th-TH
Tanz mit den Träumen I,เต้นรำกับความฝัน 1,th-TH
Tanz mit den Träumen II,เต้นรำกับความฝัน 2,th-TH
Tanz mit den Träumen III,เต้นรำกับความฝัน 3,th-TH
Tanz mit den Träumen IV,เต้นรำกับความฝัน 4,th-TH
Tanz mit den Träumen IX,เต้นรำกับความฝัน 9,th-TH
Tanz mit den Träumen V,เต้นรำกับความฝัน 5,th-TH
Tanz mit den Träumen VI,เต้นรำกับความฝัน 6,th-TH
Tanz mit den Träumen VII,เต้นรำกับความฝัน 7,th-TH
Tanz mit den Träumen VIII,เต้นรำกับความฝัน 8,th-TH
Tanz mit den Träumen X,เต้นรำกับความฝัน 10,th-TH
Tanz mit den Träumen XI,เต้นรำกับความฝัน 11,th-TH
Tanz mit den Träumen XII,เต้นรำกับความฝัน 12,th-TH
Tata Bahasa Kebahagiaan,ไวยากรณ์ความสุข,th-TH
Technicality Entrapment,กับดักคำลวง,th-TH
Technicality Entrapment (I),กับดักคำลวง 1,th-TH
Technicality Entrapment (II),กับดักคำลวง 2,th-TH
Technicality Entrapment (III),กับดักคำลวง 3,th-TH
Technicality Entrapment (IV),กับดักคำลวง 4,th-TH
Tecnicismo con trampa,กับดักคำลวง,th-TH
Tecnicismo con trampa I,กับดักคำลวง 1,th-TH
Tecnicismo con trampa II,กับดักคำลวง 2,th-TH
Tecnicismo con trampa III,กับดักคำลวง 3,th-TH
Tecnicismo con trampa IV,กับดักคำลวง 4,th-TH
Tema Sejati Sebuah Lagu,เสียงพ้องทำนองซ้อน,th-TH
Tema Sejati Sebuah Lagu 1,เสียงพ้องทำนองซ้อน 1,th-TH
Tema Sejati Sebuah Lagu 10,เสียงพ้องทำนองซ้อน 10,th-TH
Tema Sejati Sebuah Lagu 11,เสียงพ้องทำนองซ้อน 11,th-TH
Tema Sejati Sebuah Lagu 12,เสียงพ้องทำนองซ้อน 12,th-TH
Tema Sejati Sebuah Lagu 2,เสียงพ้องทำนองซ้อน 2,th-TH
Tema Sejati Sebuah Lagu 3,เสียงพ้องทำนองซ้อน 3,th-TH
Tema Sejati Sebuah Lagu 4,เสียงพ้องทำนองซ้อน 4,th-TH
Tema Sejati Sebuah Lagu 5,เสียงพ้องทำนองซ้อน 5,th-TH
Tema Sejati Sebuah Lagu 6,เสียงพ้องทำนองซ้อน 6,th-TH
Tema Sejati Sebuah Lagu 7,เสียงพ้องทำนองซ้อน 7,th-TH
Tema Sejati Sebuah Lagu 8,เสียงพ้องทำนองซ้อน 8,th-TH
Tema Sejati Sebuah Lagu 9,เสียงพ้องทำนองซ้อน 9,th-TH
Tema Verdadeiro de uma Canção,เสียงพ้องทำนองซ้อน,th-TH
Tembakan Panah dari Langit,ศรสะเทือนฟ้า,th-TH
Tembakan Panah dari Langit 1,ศรสะเทือนฟ้า 1,th-TH
Tembakan Panah dari Langit 10,ศรสะเทือนฟ้า 10,th-TH
Tembakan Panah dari Langit 2,ศรสะเทือนฟ้า 2,th-TH
Tembakan Panah dari Langit 3,ศรสะเทือนฟ้า 3,th-TH
Tembakan Panah dari Langit 4,ศรสะเทือนฟ้า 4,th-TH
Tembakan Panah dari Langit 5,ศรสะเทือนฟ้า 5,th-TH
Tembakan Panah dari Langit 6,ศรสะเทือนฟ้า 6,th-TH
Tembakan Panah dari Langit 7,ศรสะเทือนฟ้า 7,th-TH
Tembakan Panah dari Langit 8,ศรสะเทือนฟ้า 8,th-TH
Tembakan Panah dari Langit 9,ศรสะเทือนฟ้า 9,th-TH
Tempête de l'oubli,เหมันต์ลืมเลือน,th-TH
Tempête de l'oubli : difficulté 1,เหมันต์ลืมเลือน: ความยาก 01,th-TH
Tempête de l'oubli : difficulté 2,เหมันต์ลืมเลือน: ความยาก 02,th-TH
Tempête de l'oubli : difficulté 3,เหมันต์ลืมเลือน: ความยาก 03,th-TH
Tempête de l'oubli : difficulté 4,เหมันต์ลืมเลือน: ความยาก 04,th-TH
Tempête du brouillard du néant,เหมันต์อนธการ,th-TH
Tempête du brouillard du néant : difficulté 1,เหมันต์อนธการ: ความยาก 01,th-TH
Tempête du brouillard du néant : difficulté 2,เหมันต์อนธการ: ความยาก 02,th-TH
Tempête du brouillard du néant : difficulté 3,เหมันต์อนธการ: ความยาก 03,th-TH
Tempête du brouillard du néant : difficulté 4,เหมันต์อนธการ: ความยาก 04,th-TH
Tempête purificatrice,กวาดล้างพายุ,th-TH
Tempête purificatrice (I),กวาดล้างพายุ 1,th-TH
Tempête purificatrice (II),กวาดล้างพายุ 2,th-TH
Tempête purificatrice (III),กวาดล้างพายุ 3,th-TH
Tempête purificatrice (IV),กวาดล้างพายุ 4,th-TH
Tempête purificatrice (IX),กวาดล้างพายุ 9,th-TH
Tempête purificatrice (V),กวาดล้างพายุ 5,th-TH
Tempête purificatrice (VI),กวาดล้างพายุ 6,th-TH
Tempête purificatrice (VII),กวาดล้างพายุ 7,th-TH
Tempête purificatrice (VIII),กวาดล้างพายุ 8,th-TH
Tempête purificatrice (X),กวาดล้างพายุ 10,th-TH
Tempête purificatrice (XI),กวาดล้างพายุ 11,th-TH
Tempête purificatrice (XII),กวาดล้างพายุ 12,th-TH
Teori Penciptaan Bentuk,ปฏิมาบรรยาย,th-TH
Teori Penciptaan Bentuk 1,ปฏิมาบรรยาย 1,th-TH
Teori Penciptaan Bentuk 2,ปฏิมาบรรยาย 2,th-TH
Teori Penciptaan Bentuk 3,ปฏิมาบรรยาย 3,th-TH
Teori Penciptaan Bentuk 4,ปฏิมาบรรยาย 4,th-TH
Terra dos Sonhos da Saudade,แดนฝันสุดถวิล,th-TH
Terra dos Sonhos da Saudade (1),แดนฝันสุดถวิล 1,th-TH
Terra dos Sonhos da Saudade (10),แดนฝันสุดถวิล 10,th-TH
Terra dos Sonhos da Saudade (11),แดนฝันสุดถวิล 11,th-TH
Terra dos Sonhos da Saudade (12),แดนฝันสุดถวิล 12,th-TH
Terra dos Sonhos da Saudade (2),แดนฝันสุดถวิล 2,th-TH
Terra dos Sonhos da Saudade (3),แดนฝันสุดถวิล 3,th-TH
Terra dos Sonhos da Saudade (4),แดนฝันสุดถวิล 4,th-TH
Terra dos Sonhos da Saudade (5),แดนฝันสุดถวิล 5,th-TH
Terra dos Sonhos da Saudade (6),แดนฝันสุดถวิล 6,th-TH
Terra dos Sonhos da Saudade (7),แดนฝันสุดถวิล 7,th-TH
Terra dos Sonhos da Saudade (8),แดนฝันสุดถวิล 8,th-TH
Terra dos Sonhos da Saudade (9),แดนฝันสุดถวิล 9,th-TH
Testes do Inverno Eterno,บททดสอบจากเหมันต์นิรันดร์,th-TH
Testes do Inverno Eterno - 1,บททดสอบจากเหมันต์นิรันดร์ขั้นที่ 1,th-TH
Testes do Inverno Eterno - 10,บททดสอบจากเหมันต์นิรันดร์ขั้นที่ 10,th-TH
Testes do Inverno Eterno - 2,บททดสอบจากเหมันต์นิรันดร์ขั้นที่ 2,th-TH
Testes do Inverno Eterno - 3,บททดสอบจากเหมันต์นิรันดร์ขั้นที่ 3,th-TH
Testes do Inverno Eterno - 4,บททดสอบจากเหมันต์นิรันดร์ขั้นที่ 4,th-TH
Testes do Inverno Eterno - 5,บททดสอบจากเหมันต์นิรันดร์ขั้นที่ 5,th-TH
Testes do Inverno Eterno - 6,บททดสอบจากเหมันต์นิรันดร์ขั้นที่ 6,th-TH
Testes do Inverno Eterno - 7,บททดสอบจากเหมันต์นิรันดร์ขั้นที่ 7,th-TH
Testes do Inverno Eterno - 8,บททดสอบจากเหมันต์นิรันดร์ขั้นที่ 8,th-TH
Testes do Inverno Eterno - 9,บททดสอบจากเหมันต์นิรันดร์ขั้นที่ 9,th-TH
The Big Sleep,นิทราไม่รู้ตื่น,th-TH
The Big Sleep (I),นิทราไม่รู้ตื่น 1,th-TH
The Big Sleep (II),นิทราไม่รู้ตื่น 2,th-TH
The Big Sleep (III),นิทราไม่รู้ตื่น 3,th-TH
The Big Sleep (IV),นิทราไม่รู้ตื่น 4,th-TH
The Big Sleep (IX),นิทราไม่รู้ตื่น 9,th-TH
The Big Sleep (V),นิทราไม่รู้ตื่น 5,th-TH
The Big Sleep (VI),นิทราไม่รู้ตื่น 6,th-TH
The Big Sleep (VII),นิทราไม่รู้ตื่น 7,th-TH
The Big Sleep (VIII),นิทราไม่รู้ตื่น 8,th-TH
The Big Sleep (X),นิทราไม่รู้ตื่น 10,th-TH
The Big Sleep (XI),นิทราไม่รู้ตื่น 11,th-TH
The Big Sleep (XII),นิทราไม่รู้ตื่น 12,th-TH
The Humming Laughter,หึ่งหั่งดั่งเสียงขำ,th-TH
The Last Vestiges of Towering Citadel,สิ่งตกทอดของป้อมปราการที่สูงตระหง่าน,th-TH
The Voyage of Navis Astrigera,บันทึกของเรือแสวงหายาอมตะ,th-TH
Thiên Lang Binh Phong,คมดาบสิงคาล,th-TH
Thiên Lang Binh Phong: Độ Khó 01,คมดาบสิงคาล: ความยาก 01,th-TH
Thiên Lang Binh Phong: Độ Khó 02,คมดาบสิงคาล: ความยาก 02,th-TH
Thiên Lang Binh Phong: Độ Khó 03,คมดาบสิงคาล: ความยาก 03,th-TH
Thiên Lang Binh Phong: Độ Khó 04,คมดาบสิงคาล: ความยาก 04,th-TH
Three Act Structure,โครงสร้างสามองก์,th-TH
Three Act Structure (I),โครงสร้างสามองก์ 1,th-TH
Three Act Structure (II),โครงสร้างสามองก์ 2,th-TH
Three Act Structure (III),โครงสร้างสามองก์ 3,th-TH
Three Act Structure (IV),โครงสร้างสามองก์ 4,th-TH
Thuyền Cầu Tiên Lạc Hướng,บันทึกของเรือแสวงหายาอมตะ,th-TH
Thuyền Xây Ước Mộng,เรือแห่งความฝัน,th-TH
Thuyền Xây Ước Mộng 1,เรือแห่งความฝัน 1,th-TH
Thuyền Xây Ước Mộng 10,เรือแห่งความฝัน 10,th-TH
Thuyền Xây Ước Mộng 2,เรือแห่งความฝัน 2,th-TH
Thuyền Xây Ước Mộng 3,เรือแห่งความฝัน 3,th-TH
Thuyền Xây Ước Mộng 4,เรือแห่งความฝัน 4,th-TH
Thuyền Xây Ước Mộng 5,เรือแห่งความฝัน 5,th-TH
Thuyền Xây Ước Mộng 6,เรือแห่งความฝัน 6,th-TH
Thuyền Xây Ước Mộng 7,เรือแห่งความฝัน 7,th-TH
Thuyền Xây Ước Mộng 8,เรือแห่งความฝัน 8,th-TH
Thuyền Xây Ước Mộng 9,เรือแห่งความฝัน 9,th-TH
Thêu Dệt Dựng Tội,กับดักคำลวง,th-TH
Thêu Dệt Dựng Tội (I),กับดักคำลวง 1,th-TH
Thêu Dệt Dựng Tội (II),กับดักคำลวง 2,th-TH
Thêu Dệt Dựng Tội (III),กับดักคำลวง 3,th-TH
Thêu Dệt Dựng Tội (IV),กับดักคำลวง 4,th-TH
Thí Luyện Everwinter,บททดสอบจากเหมันต์นิรันดร์,th-TH
Thí Luyện Everwinter-1,บททดสอบจากเหมันต์นิรันดร์ขั้นที่ 1,th-TH
Thí Luyện Everwinter-10,บททดสอบจากเหมันต์นิรันดร์ขั้นที่ 10,th-TH
Thí Luyện Everwinter-2,บททดสอบจากเหมันต์นิรันดร์ขั้นที่ 2,th-TH
Thí Luyện Everwinter-3,บททดสอบจากเหมันต์นิรันดร์ขั้นที่ 3,th-TH
Thí Luyện Everwinter-4,บททดสอบจากเหมันต์นิรันดร์ขั้นที่ 4,th-TH
Thí Luyện Everwinter-5,บททดสอบจากเหมันต์นิรันดร์ขั้นที่ 5,th-TH
Thí Luyện Everwinter-6,บททดสอบจากเหมันต์นิรันดร์ขั้นที่ 6,th-TH
Thí Luyện Everwinter-7,บททดสอบจากเหมันต์นิรันดร์ขั้นที่ 7,th-TH
Thí Luyện Everwinter-8,บททดสอบจากเหมันต์นิรันดร์ขั้นที่ 8,th-TH
Thí Luyện Everwinter-9,บททดสอบจากเหมันต์นิรันดร์ขั้นที่ 9,th-TH
Thảm Họa Nhập Ma,Mara และความว่างเปล่า,th-TH
Thảm Họa Nhập Ma 1,Mara และความว่างเปล่า 1,th-TH
Thảm Họa Nhập Ma 10,Mara และความว่างเปล่า 10,th-TH
Thảm Họa Nhập Ma 2,Mara และความว่างเปล่า 2,th-TH
Thảm Họa Nhập Ma 3,Mara และความว่างเปล่า 3,th-TH
Thảm Họa Nhập Ma 4,Mara และความว่างเปล่า 4,th-TH
Thảm Họa Nhập Ma 5,Mara และความว่างเปล่า 5,th-TH
Thảm Họa Nhập Ma 6,Mara และความว่างเปล่า 6,th-TH
Thảm Họa Nhập Ma 7,Mara และความว่างเปล่า 7,th-TH
Thảm Họa Nhập Ma 8,Mara และความว่างเปล่า 8,th-TH
Thảm Họa Nhập Ma 9,Mara และความว่างเปล่า 9,th-TH
Thế Khó Của Con Bạc,ความลำบากของนักพนัน,th-TH
Thế Khó Của Con Bạc 1,ความลำบากของนักพนัน 1,th-TH
Thế Khó Của Con Bạc 10,ความลำบากของนักพนัน 10,th-TH
Thế Khó Của Con Bạc 11,ความลำบากของนักพนัน 11,th-TH
Thế Khó Của Con Bạc 12,ความลำบากของนักพนัน 12,th-TH
Thế Khó Của Con Bạc 2,ความลำบากของนักพนัน 2,th-TH
Thế Khó Của Con Bạc 3,ความลำบากของนักพนัน 3,th-TH
Thế Khó Của Con Bạc 4,ความลำบากของนักพนัน 4,th-TH
Thế Khó Của Con Bạc 5,ความลำบากของนักพนัน 5,th-TH
Thế Khó Của Con Bạc 6,ความลำบากของนักพนัน 6,th-TH
Thế Khó Của Con Bạc 7,ความลำบากของนักพนัน 7,th-TH
Thế Khó Của Con Bạc 8,ความลำบากของนักพนัน 8,th-TH
Thế Khó Của Con Bạc 9,ความลำบากของนักพนัน 9,th-TH
Thề Ước Vạn Năm,คำสัตย์นิจนิรันดร์,th-TH
Thề Ước Vạn Năm 1,คำสัตย์นิจนิรันดร์ 1,th-TH
Thề Ước Vạn Năm 10,คำสัตย์นิจนิรันดร์ 10,th-TH
Thề Ước Vạn Năm 2,คำสัตย์นิจนิรันดร์ 2,th-TH
Thề Ước Vạn Năm 3,คำสัตย์นิจนิรันดร์ 3,th-TH
Thề Ước Vạn Năm 4,คำสัตย์นิจนิรันดร์ 4,th-TH
Thề Ước Vạn Năm 5,คำสัตย์นิจนิรันดร์ 5,th-TH
Thề Ước Vạn Năm 6,คำสัตย์นิจนิรันดร์ 6,th-TH
Thề Ước Vạn Năm 7,คำสัตย์นิจนิรันดร์ 7,th-TH
Thề Ước Vạn Năm 8,คำสัตย์นิจนิรันดร์ 8,th-TH
Thề Ước Vạn Năm 9,คำสัตย์นิจนิรันดร์ 9,th-TH
Tidur Abadi,นิทราไม่รู้ตื่น,th-TH
Tidur Abadi 1,นิทราไม่รู้ตื่น 1,th-TH
Tidur Abadi 10,นิทราไม่รู้ตื่น 10,th-TH
Tidur Abadi 11,นิทราไม่รู้ตื่น 11,th-TH
Tidur Abadi 12,นิทราไม่รู้ตื่น 12,th-TH
Tidur Abadi 2,นิทราไม่รู้ตื่น 2,th-TH
Tidur Abadi 3,นิทราไม่รู้ตื่น 3,th-TH
Tidur Abadi 4,นิทราไม่รู้ตื่น 4,th-TH
Tidur Abadi 5,นิทราไม่รู้ตื่น 5,th-TH
Tidur Abadi 6,นิทราไม่รู้ตื่น 6,th-TH
Tidur Abadi 7,นิทราไม่รู้ตื่น 7,th-TH
Tidur Abadi 8,นิทราไม่รู้ตื่น 8,th-TH
Tidur Abadi 9,นิทราไม่รู้ตื่น 9,th-TH
Tiên Khách Thiên Lang,ผู้วิเศษสิงคาล,th-TH
Tiên Khách Thiên Lang - Độ Khó 01,ผู้วิเศษสิงคาล: ความยาก 01,th-TH
Tiên Khách Thiên Lang - Độ Khó 02,ผู้วิเศษสิงคาล: ความยาก 02,th-TH
Tiên Khách Thiên Lang - Độ Khó 03,ผู้วิเศษสิงคาล: ความยาก 03,th-TH
Tiên Khách Thiên Lang - Độ Khó 04,ผู้วิเศษสิงคาล: ความยาก 04,th-TH
Tiên Tri Tự Chứng Minh,คำทำนายพิสูจน์ตน,th-TH
Tiên Tri Tự Chứng Minh 1,คำทำนายพิสูจน์ตน 1,th-TH
Tiên Tri Tự Chứng Minh 2,คำทำนายพิสูจน์ตน 2,th-TH
Tiên Tri Tự Chứng Minh 3,คำทำนายพิสูจน์ตน 3,th-TH
Tiên Tri Tự Chứng Minh 4,คำทำนายพิสูจน์ตน 4,th-TH
Tiểu Thuyết Không Chữ,นิยายไร้ตัวอักษร,th-TH
Tiểu Thuyết Không Chữ 1,นิยายไร้ตัวอักษร 1,th-TH
Tiểu Thuyết Không Chữ 2,นิยายไร้ตัวอักษร 2,th-TH
Tiểu Thuyết Không Chữ 3,นิยายไร้ตัวอักษร 3,th-TH
Tiểu Thuyết Không Chữ 4,นิยายไร้ตัวอักษร 4,th-TH
Tormenta arrasadora,กวาดล้างพายุ,th-TH
Tormenta arrasadora I,กวาดล้างพายุ 1,th-TH
Tormenta arrasadora II,กวาดล้างพายุ 2,th-TH
Tormenta arrasadora III,กวาดล้างพายุ 3,th-TH
Tormenta arrasadora IV,กวาดล้างพายุ 4,th-TH
Tormenta arrasadora IX,กวาดล้างพายุ 9,th-TH
Tormenta arrasadora V,กวาดล้างพายุ 5,th-TH
Tormenta arrasadora VI,กวาดล้างพายุ 6,th-TH
Tormenta arrasadora VII,กวาดล้างพายุ 7,th-TH
Tormenta arrasadora VIII,กวาดล้างพายุ 8,th-TH
Tormenta arrasadora X,กวาดล้างพายุ 10,th-TH
Tormenta arrasadora XI,กวาดล้างพายุ 11,th-TH
Tormenta arrasadora XII,กวาดล้างพายุ 12,th-TH
Traces du Sanctus Medicus,ร่องรอยแห่ง Sanctus Medicus,th-TH
Traces du Sanctus Medicus Niv 1,ร่องรอยแห่ง Sanctus Medicus 1,th-TH
Traces du Sanctus Medicus Niv 10,ร่องรอยแห่ง Sanctus Medicus 10,th-TH
Traces du Sanctus Medicus Niv 2,ร่องรอยแห่ง Sanctus Medicus 2,th-TH
Traces du Sanctus Medicus Niv 3,ร่องรอยแห่ง Sanctus Medicus 3,th-TH
Traces du Sanctus Medicus Niv 4,ร่องรอยแห่ง Sanctus Medicus 4,th-TH
Traces du Sanctus Medicus Niv 5,ร่องรอยแห่ง Sanctus Medicus 5,th-TH
Traces du Sanctus Medicus Niv 6,ร่องรอยแห่ง Sanctus Medicus 6,th-TH
Traces du Sanctus Medicus Niv 7,ร่องรอยแห่ง Sanctus Medicus 7,th-TH
Traces du Sanctus Medicus Niv 8,ร่องรอยแห่ง Sanctus Medicus 8,th-TH
Traces du Sanctus Medicus Niv 9,ร่องรอยแห่ง Sanctus Medicus 9,th-TH
Traces of Sanctus Medicus,ร่องรอยแห่ง Sanctus Medicus,th-TH
Traces of Sanctus Medicus (I),ร่องรอยแห่ง Sanctus Medicus 1,th-TH
Traces of Sanctus Medicus (II),ร่องรอยแห่ง Sanctus Medicus 2,th-TH
Traces of Sanctus Medicus (III),ร่องรอยแห่ง Sanctus Medicus 3,th-TH
Traces of Sanctus Medicus (IV),ร่องรอยแห่ง Sanctus Medicus 4,th-TH
Traces of Sanctus Medicus (IX),ร่องรอยแห่ง Sanctus Medicus 9,th-TH
Traces of Sanctus Medicus (V),ร่องรอยแห่ง Sanctus Medicus 5,th-TH
Traces of Sanctus Medicus (VI),ร่องรอยแห่ง Sanctus Medicus 6,th-TH
Traces of Sanctus Medicus (VII),ร่องรอยแห่ง Sanctus Medicus 7,th-TH
Traces of Sanctus Medicus (VIII),ร่องรอยแห่ง Sanctus Medicus 8,th-TH
Traces of Sanctus Medicus (X),ร่องรอยแห่ง Sanctus Medicus 10,th-TH
Travessuras de Macaco,กลวานร,th-TH
Travessuras de Macaco (I),กลวานร 1,th-TH
Travessuras de Macaco (II),กลวานร 2,th-TH
Travessuras de Macaco (III),กลวานร 3,th-TH
Travessuras de Macaco (IV),กลวานร 4,th-TH
Travessuras de Macaco (IX),กลวานร 9,th-TH
Travessuras de Macaco (V),กลวานร 5,th-TH
Travessuras de Macaco (VI),กลวานร 6,th-TH
Travessuras de Macaco (VII),กลวานร 7,th-TH
Travessuras de Macaco (VIII),กลวานร 8,th-TH
Travessuras de Macaco (X),กลวานร 10,th-TH
Travessuras de Macaco (XI),กลวานร 11,th-TH
Travessuras de Macaco (XII),กลวานร 12,th-TH
Tribulación ferrogélida,ลับคมเหล็กเหมันต์,th-TH
Tribulación ferrogélida I,ลับคมเหล็กเหมันต์ขั้นที่ 1,th-TH
Tribulación ferrogélida II,ลับคมเหล็กเหมันต์ขั้นที่ 2,th-TH
Tribulación ferrogélida III,ลับคมเหล็กเหมันต์ขั้นที่ 3,th-TH
Tribulación ferrogélida IV,ลับคมเหล็กเหมันต์ขั้นที่ 4,th-TH
Tribulación ferrogélida IX,ลับคมเหล็กเหมันต์ขั้นที่ 9,th-TH
Tribulación ferrogélida V,ลับคมเหล็กเหมันต์ขั้นที่ 5,th-TH
Tribulación ferrogélida VI,ลับคมเหล็กเหมันต์ขั้นที่ 6,th-TH
Tribulación ferrogélida VII,ลับคมเหล็กเหมันต์ขั้นที่ 7,th-TH
Tribulación ferrogélida VIII,ลับคมเหล็กเหมันต์ขั้นที่ 8,th-TH
Tribulación ferrogélida X,ลับคมเหล็กเหมันต์ขั้นที่ 10,th-TH
Trik Monyet,กลวานร,th-TH
Trik Monyet 1,กลวานร 1,th-TH
Trik Monyet 10,กลวานร 10,th-TH
Trik Monyet 11,กลวานร 11,th-TH
Trik Monyet 12,กลวานร 12,th-TH
Trik Monyet 2,กลวานร 2,th-TH
Trik Monyet 3,กลวานร 3,th-TH
Trik Monyet 4,กลวานร 4,th-TH
Trik Monyet 5,กลวานร 5,th-TH
Trik Monyet 6,กลวานร 6,th-TH
Trik Monyet 7,กลวานร 7,th-TH
Trik Monyet 8,กลวานร 8,th-TH
Trik Monyet 9,กลวานร 9,th-TH
Trong Cuộn Tranh Trần Thế,ในม้วนตำราโลกธุลี,th-TH
Troopship Mayhem,เรือหลงทิศ,th-TH
Troopship Mayhem (I),เรือหลงทิศ 1,th-TH
Troopship Mayhem (II),เรือหลงทิศ 2,th-TH
Troopship Mayhem (III),เรือหลงทิศ 3,th-TH
Troopship Mayhem (IV),เรือหลงทิศ 4,th-TH
Troopship Mayhem (IX),เรือหลงทิศ 9,th-TH
Troopship Mayhem (V),เรือหลงทิศ 5,th-TH
Troopship Mayhem (VI),เรือหลงทิศ 6,th-TH
Troopship Mayhem (VII),เรือหลงทิศ 7,th-TH
Troopship Mayhem (VIII),เรือหลงทิศ 8,th-TH
Troopship Mayhem (X),เรือหลงทิศ 10,th-TH
Troopship Mayhem (XI),เรือหลงทิศ 11,th-TH
Troopship Mayhem (XII),เรือหลงทิศ 12,th-TH
Truco del mono,กลวานร,th-TH
Truco del mono I,กลวานร 1,th-TH
Truco del mono II,กลวานร 2,th-TH
Truco del mono III,กลวานร 3,th-TH
Truco del mono IV,กลวานร 4,th-TH
Truco del mono IX,กลวานร 9,th-TH
Truco del mono V,กลวานร 5,th-TH
Truco del mono VI,กลวานร 6,th-TH
Truco del mono VII,กลวานร 7,th-TH
Truco del mono VIII,กลวานร 8,th-TH
Truco del mono X,กลวานร 10,th-TH
Truco del mono XI,กลวานร 11,th-TH
Truco del mono XII,กลวานร 12,th-TH
Trò Khỉ,กลวานร,th-TH
Trò Khỉ 1,กลวานร 1,th-TH
Trò Khỉ 10,กลวานร 10,th-TH
Trò Khỉ 11,กลวานร 11,th-TH
Trò Khỉ 12,กลวานร 12,th-TH
Trò Khỉ 2,กลวานร 2,th-TH
Trò Khỉ 3,กลวานร 3,th-TH
Trò Khỉ 4,กลวานร 4,th-TH
Trò Khỉ 5,กลวานร 5,th-TH
Trò Khỉ 6,กลวานร 6,th-TH
Trò Khỉ 7,กลวานร 7,th-TH
Trò Khỉ 8,กลวานร 8,th-TH
Trò Khỉ 9,กลวานร 9,th-TH
Trăng Máu Nuốt Sói,จันทร์ชาดกลืนสิงคาล,th-TH
Trăng Máu Nuốt Sói 1,จันทร์ชาดกลืนสิงคาล 1,th-TH
Trăng Máu Nuốt Sói 10,จันทร์ชาดกลืนสิงคาล 10,th-TH
Trăng Máu Nuốt Sói 11,จันทร์ชาดกลืนสิงคาล 11,th-TH
Trăng Máu Nuốt Sói 12,จันทร์ชาดกลืนสิงคาล 12,th-TH
Trăng Máu Nuốt Sói 2,จันทร์ชาดกลืนสิงคาล 2,th-TH
Trăng Máu Nuốt Sói 3,จันทร์ชาดกลืนสิงคาล 3,th-TH
Trăng Máu Nuốt Sói 4,จันทร์ชาดกลืนสิงคาล 4,th-TH
Trăng Máu Nuốt Sói 5,จันทร์ชาดกลืนสิงคาล 5,th-TH
Trăng Máu Nuốt Sói 6,จันทร์ชาดกลืนสิงคาล 6,th-TH
Trăng Máu Nuốt Sói 7,จันทร์ชาดกลืนสิงคาล 7,th-TH
Trăng Máu Nuốt Sói 8,จันทร์ชาดกลืนสิงคาล 8,th-TH
Trăng Máu Nuốt Sói 9,จันทร์ชาดกลืนสิงคาล 9,th-TH
Trấn Áp Gốc Rễ,การปราบรากศักดิ์สิทธิ์,th-TH
Trấn Áp Gốc Rễ 1,การปราบรากศักดิ์สิทธิ์ 1,th-TH
Trấn Áp Gốc Rễ 10,การปราบรากศักดิ์สิทธิ์ 10,th-TH
Trấn Áp Gốc Rễ 2,การปราบรากศักดิ์สิทธิ์ 2,th-TH
Trấn Áp Gốc Rễ 3,การปราบรากศักดิ์สิทธิ์ 3,th-TH
Trấn Áp Gốc Rễ 4,การปราบรากศักดิ์สิทธิ์ 4,th-TH
Trấn Áp Gốc Rễ 5,การปราบรากศักดิ์สิทธิ์ 5,th-TH
Trấn Áp Gốc Rễ 6,การปราบรากศักดิ์สิทธิ์ 6,th-TH
Trấn Áp Gốc Rễ 7,การปราบรากศักดิ์สิทธิ์ 7,th-TH
Trấn Áp Gốc Rễ 8,การปราบรากศักดิ์สิทธิ์ 8,th-TH
Trấn Áp Gốc Rễ 9,การปราบรากศักดิ์สิทธิ์ 9,th-TH
Trụ Cột Sáng Thế,เสาแห่งการนิรมิต,th-TH
Trụ Cột Sáng Thế 1,เสาแห่งการนิรมิต 1,th-TH
Trụ Cột Sáng Thế 10,เสาแห่งการนิรมิต 10,th-TH
Trụ Cột Sáng Thế 11,เสาแห่งการนิรมิต 11,th-TH
Trụ Cột Sáng Thế 12,เสาแห่งการนิรมิต 12,th-TH
Trụ Cột Sáng Thế 2,เสาแห่งการนิรมิต 2,th-TH
Trụ Cột Sáng Thế 3,เสาแห่งการนิรมิต 3,th-TH
Trụ Cột Sáng Thế 4,เสาแห่งการนิรมิต 4,th-TH
Trụ Cột Sáng Thế 5,เสาแห่งการนิรมิต 5,th-TH
Trụ Cột Sáng Thế 6,เสาแห่งการนิรมิต 6,th-TH
Trụ Cột Sáng Thế 7,เสาแห่งการนิรมิต 7,th-TH
Trụ Cột Sáng Thế 8,เสาแห่งการนิรมิต 8,th-TH
Trụ Cột Sáng Thế 9,เสาแห่งการนิรมิต 9,th-TH
Tung Tin Đồn Thổi,นั่งเทียนเขียนแต่ง,th-TH
Tung Tin Đồn Thổi 1,นั่งเทียนเขียนแต่ง 1,th-TH
Tung Tin Đồn Thổi 2,นั่งเทียนเขียนแต่ง 2,th-TH
Tung Tin Đồn Thổi 3,นั่งเทียนเขียนแต่ง 3,th-TH
Tung Tin Đồn Thổi 4,นั่งเทียนเขียนแต่ง 4,th-TH
Tàn Cuộc S-Robot,หุ่นยนต์เผด็จศึก,th-TH
Tàu Chiến Hỗn Loạn,เรือหลงทิศ,th-TH
Tàu Chiến Hỗn Loạn 1,เรือหลงทิศ 1,th-TH
Tàu Chiến Hỗn Loạn 10,เรือหลงทิศ 10,th-TH
Tàu Chiến Hỗn Loạn 11,เรือหลงทิศ 11,th-TH
Tàu Chiến Hỗn Loạn 12,เรือหลงทิศ 12,th-TH
Tàu Chiến Hỗn Loạn 2,เรือหลงทิศ 2,th-TH
Tàu Chiến Hỗn Loạn 3,เรือหลงทิศ 3,th-TH
Tàu Chiến Hỗn Loạn 4,เรือหลงทิศ 4,th-TH
Tàu Chiến Hỗn Loạn 5,เรือหลงทิศ 5,th-TH
Tàu Chiến Hỗn Loạn 6,เรือหลงทิศ 6,th-TH
Tàu Chiến Hỗn Loạn 7,เรือหลงทิศ 7,th-TH
Tàu Chiến Hỗn Loạn 8,เรือหลงทิศ 8,th-TH
Tàu Chiến Hỗn Loạn 9,เรือหลงทิศ 9,th-TH
Tập Hợp Sử Thi,ชุดบทกวีมหากาพย์,th-TH
Tập Hợp Sử Thi 1,ชุดบทกวีมหากาพย์ 1,th-TH
Tập Hợp Sử Thi 2,ชุดบทกวีมหากาพย์ 2,th-TH
Tập Hợp Sử Thi 3,ชุดบทกวีมหากาพย์ 3,th-TH
Tập Hợp Sử Thi 4,ชุดบทกวีมหากาพย์ 4,th-TH
Từ Mới Bí Ẩn,ศัพท์ใหม่ชวนฉงน,th-TH
Từ Mới Bí Ẩn 1,ศัพท์ใหม่ชวนฉงน 1,th-TH
Từ Mới Bí Ẩn 2,ศัพท์ใหม่ชวนฉงน 2,th-TH
Từ Mới Bí Ẩn 3,ศัพท์ใหม่ชวนฉงน 3,th-TH
Từ Mới Bí Ẩn 4,ศัพท์ใหม่ชวนฉงน 4,th-TH
Ucapan Klise,ถ้อยคำจำเจ,th-TH
Ucapan Klise 1,ถ้อยคำจำเจ 1,th-TH
Ucapan Klise 2,ถ้อยคำจำเจ 2,th-TH
Ucapan Klise 3,ถ้อยคำจำเจ 3,th-TH
Ucapan Klise 4,ถ้อยคำจำเจ 4,th-TH
Ujian Salju Abadi,บททดสอบจากเหมันต์นิรันดร์,th-TH
Ujian Salju Abadi 1,บททดสอบจากเหมันต์นิรันดร์ขั้นที่ 1,th-TH
Ujian Salju Abadi 10,บททดสอบจากเหมันต์นิรันดร์ขั้นที่ 10,th-TH
Ujian Salju Abadi 2,บททดสอบจากเหมันต์นิรันดร์ขั้นที่ 2,th-TH
Ujian Salju Abadi 3,บททดสอบจากเหมันต์นิรันดร์ขั้นที่ 3,th-TH
Ujian Salju Abadi 4,บททดสอบจากเหมันต์นิรันดร์ขั้นที่ 4,th-TH
Ujian Salju Abadi 5,บททดสอบจากเหมันต์นิรันดร์ขั้นที่ 5,th-TH
Ujian Salju Abadi 6,บททดสอบจากเหมันต์นิรันดร์ขั้นที่ 6,th-TH
Ujian Salju Abadi 7,บททดสอบจากเหมันต์นิรันดร์ขั้นที่ 7,th-TH
Ujian Salju Abadi 8,บททดสอบจากเหมันต์นิรันดร์ขั้นที่ 8,th-TH
Ujian Salju Abadi 9,บททดสอบจากเหมันต์นิรันดร์ขั้นที่ 9,th-TH
Um Sonho Dentro de um Sonho,ฝันซ้อนฝัน,th-TH
Um Tiro do Céu,ศรสะเทือนฟ้า,th-TH
Um Tiro do Céu Estágio 1,ศรสะเทือนฟ้า 1,th-TH
Um Tiro do Céu Estágio 10,ศรสะเทือนฟ้า 10,th-TH
Um Tiro do Céu Estágio 2,ศรสะเทือนฟ้า 2,th-TH
Um Tiro do Céu Estágio 3,ศรสะเทือนฟ้า 3,th-TH
Um Tiro do Céu Estágio 4,ศรสะเทือนฟ้า 4,th-TH
Um Tiro do Céu Estágio 5,ศรสะเทือนฟ้า 5,th-TH
Um Tiro do Céu Estágio 6,ศรสะเทือนฟ้า 6,th-TH
Um Tiro do Céu Estágio 7,ศรสะเทือนฟ้า 7,th-TH
Um Tiro do Céu Estágio 8,ศรสะเทือนฟ้า 8,th-TH
Um Tiro do Céu Estágio 9,ศรสะเทือนฟ้า 9,th-TH
Uma Expressão de Eloquência,บุษบงที่พร่างพราว,th-TH
Uma Expressão de Eloquência (1),บุษบงที่พร่างพราว 1,th-TH
Uma Expressão de Eloquência (2),บุษบงที่พร่างพราว 2,th-TH
Uma Expressão de Eloquência (3),บุษบงที่พร่างพราว 3,th-TH
Uma Expressão de Eloquência (4),บุษบงที่พร่างพราว 4,th-TH
Umkränzt von der Welt,ในม้วนตำราโลกธุลี,th-TH
Un disparo del cielo,ศรสะเทือนฟ้า,th-TH
Un disparo del cielo I,ศรสะเทือนฟ้า 1,th-TH
Un disparo del cielo II,ศรสะเทือนฟ้า 2,th-TH
Un disparo del cielo III,ศรสะเทือนฟ้า 3,th-TH
Un disparo del cielo IV,ศรสะเทือนฟ้า 4,th-TH
Un disparo del cielo IX,ศรสะเทือนฟ้า 9,th-TH
Un disparo del cielo V,ศรสะเทือนฟ้า 5,th-TH
Un disparo del cielo VI,ศรสะเทือนฟ้า 6,th-TH
Un disparo del cielo VII,ศรสะเทือนฟ้า 7,th-TH
Un disparo del cielo VIII,ศรสะเทือนฟ้า 8,th-TH
Un disparo del cielo X,ศรสะเทือนฟ้า 10,th-TH
Un tir venu du ciel,ศรสะเทือนฟ้า,th-TH
Un tir venu du ciel Niv. 1,ศรสะเทือนฟ้า 1,th-TH
Un tir venu du ciel Niv. 10,ศรสะเทือนฟ้า 10,th-TH
Un tir venu du ciel Niv. 2,ศรสะเทือนฟ้า 2,th-TH
Un tir venu du ciel Niv. 3,ศรสะเทือนฟ้า 3,th-TH
Un tir venu du ciel Niv. 4,ศรสะเทือนฟ้า 4,th-TH
Un tir venu du ciel Niv. 5,ศรสะเทือนฟ้า 5,th-TH
Un tir venu du ciel Niv. 6,ศรสะเทือนฟ้า 6,th-TH
Un tir venu du ciel Niv. 7,ศรสะเทือนฟ้า 7,th-TH
Un tir venu du ciel Niv. 8,ศรสะเทือนฟ้า 8,th-TH
Un tir venu du ciel Niv. 9,ศรสะเทือนฟ้า 9,th-TH
Vanguard Knight,อัศวินกองหน้า,th-TH
Vanguard Knight: Difficulty 01,อัศวินกองหน้า: ความยาก 01,th-TH
Vanguard Knight: Difficulty 02,อัศวินกองหน้า: ความยาก 02,th-TH
Vanguard Knight: Difficulty 03,อัศวินกองหน้า: ความยาก 03,th-TH
Vanguard Knight: Difficulty 04,อัศวินกองหน้า: ความยาก 04,th-TH
Vanguarda Lupina,คมดาบสิงคาล,th-TH
Veillée pantagruélique,ช่วงเวลาแห่งงานฉลอง,th-TH
Veillée pantagruélique (I),ช่วงเวลาแห่งงานฉลอง 1,th-TH
Veillée pantagruélique (II),ช่วงเวลาแห่งงานฉลอง 2,th-TH
Veillée pantagruélique (III),ช่วงเวลาแห่งงานฉลอง 3,th-TH
Veillée pantagruélique (IV),ช่วงเวลาแห่งงานฉลอง 4,th-TH
Veillée pantagruélique (IX),ช่วงเวลาแห่งงานฉลอง 9,th-TH
Veillée pantagruélique (V),ช่วงเวลาแห่งงานฉลอง 5,th-TH
Veillée pantagruélique (VI),ช่วงเวลาแห่งงานฉลอง 6,th-TH
Veillée pantagruélique (VII),ช่วงเวลาแห่งงานฉลอง 7,th-TH
Veillée pantagruélique (VIII),ช่วงเวลาแห่งงานฉลอง 8,th-TH
Veillée pantagruélique (X),ช่วงเวลาแห่งงานฉลอง 10,th-TH
Veillée pantagruélique (XI),ช่วงเวลาแห่งงานฉลอง 11,th-TH
Veillée pantagruélique (XII),ช่วงเวลาแห่งงานฉลอง 12,th-TH
Verirrte Verwirrung,เรือหลงทิศ,th-TH
Verirrte Verwirrung (Teil 1),เรือหลงทิศ 1,th-TH
Verirrte Verwirrung (Teil 10),เรือหลงทิศ 10,th-TH
Verirrte Verwirrung (Teil 11),เรือหลงทิศ 11,th-TH
Verirrte Verwirrung (Teil 12),เรือหลงทิศ 12,th-TH
Verirrte Verwirrung (Teil 2),เรือหลงทิศ 2,th-TH
Verirrte Verwirrung (Teil 3),เรือหลงทิศ 3,th-TH
Verirrte Verwirrung (Teil 4),เรือหลงทิศ 4,th-TH
Verirrte Verwirrung (Teil 5),เรือหลงทิศ 5,th-TH
Verirrte Verwirrung (Teil 6),เรือหลงทิศ 6,th-TH
Verirrte Verwirrung (Teil 7),เรือหลงทิศ 7,th-TH
Verirrte Verwirrung (Teil 8),เรือหลงทิศ 8,th-TH
Verirrte Verwirrung (Teil 9),เรือหลงทิศ 9,th-TH
Vestigios de Sanctus Medicus,ร่องรอยแห่ง Sanctus Medicus,th-TH
Vestigios de Sanctus Medicus I,ร่องรอยแห่ง Sanctus Medicus 1,th-TH
Vestigios de Sanctus Medicus II,ร่องรอยแห่ง Sanctus Medicus 2,th-TH
Vestigios de Sanctus Medicus III,ร่องรอยแห่ง Sanctus Medicus 3,th-TH
Vestigios de Sanctus Medicus IV,ร่องรอยแห่ง Sanctus Medicus 4,th-TH
Vestigios de Sanctus Medicus IX,ร่องรอยแห่ง Sanctus Medicus 9,th-TH
Vestigios de Sanctus Medicus V,ร่องรอยแห่ง Sanctus Medicus 5,th-TH
Vestigios de Sanctus Medicus VI,ร่องรอยแห่ง Sanctus Medicus 6,th-TH
Vestigios de Sanctus Medicus VII,ร่องรอยแห่ง Sanctus Medicus 7,th-TH
Vestigios de Sanctus Medicus VIII,ร่องรอยแห่ง Sanctus Medicus 8,th-TH
Vestigios de Sanctus Medicus X,ร่องรอยแห่ง Sanctus Medicus 10,th-TH
Viento del olvido,เหมันต์ลืมเลือน,th-TH
Viento del olvido: Dificultad 1,เหมันต์ลืมเลือน: ความยาก 01,th-TH
Viento del olvido: Dificultad 2,เหมันต์ลืมเลือน: ความยาก 02,th-TH
Viento del olvido: Dificultad 3,เหมันต์ลืมเลือน: ความยาก 03,th-TH
Viento del olvido: Dificultad 4,เหมันต์ลืมเลือน: ความยาก 04,th-TH
Viento lúgubre,เหมันต์อนธการ,th-TH
Viento lúgubre: Dificultad 1,เหมันต์อนธการ: ความยาก 01,th-TH
Viento lúgubre: Dificultad 2,เหมันต์อนธการ: ความยาก 02,th-TH
Viento lúgubre: Dificultad 3,เหมันต์อนธการ: ความยาก 03,th-TH
Viento lúgubre: Dificultad 4,เหมันต์อนธการ: ความยาก 04,th-TH
Virtual Made Manifest,แดนมายาร้อยเรียง,th-TH
Virtual Made Manifest (I),แดนมายาร้อยเรียง 1,th-TH
Virtual Made Manifest (II),แดนมายาร้อยเรียง 2,th-TH
Virtual Made Manifest (III),แดนมายาร้อยเรียง 3,th-TH
Virtual Made Manifest (IV),แดนมายาร้อยเรียง 4,th-TH
Virtual Menjadi Nyata,แดนมายาร้อยเรียง,th-TH
Virtual Menjadi Nyata 1,แดนมายาร้อยเรียง 1,th-TH
Virtual Menjadi Nyata 2,แดนมายาร้อยเรียง 2,th-TH
Virtual Menjadi Nyata 3,แดนมายาร้อยเรียง 3,th-TH
Virtual Menjadi Nyata 4,แดนมายาร้อยเรียง 4,th-TH
Volubilidad,กระแสคารมคมคาย,th-TH
Volubilidad I,กระแสคารมคมคาย 1,th-TH
Volubilidad II,กระแสคารมคมคาย 2,th-TH
Volubilidad III,กระแสคารมคมคาย 3,th-TH
Volubilidad IV,กระแสคารมคมคาย 4,th-TH
Volubilidade,กระแสคารมคมคาย,th-TH
Volubilidade (I),กระแสคารมคมคาย 1,th-TH
Volubilidade (II),กระแสคารมคมคาย 2,th-TH
Volubilidade (III),กระแสคารมคมคาย 3,th-TH
Volubilidade (IV),กระแสคารมคมคาย 4,th-TH
Volubility,กระแสคารมคมคาย,th-TH
Volubility (I),กระแสคารมคมคาย 1,th-TH
Volubility (II),กระแสคารมคมคาย 2,th-TH
Volubility (III),กระแสคารมคมคาย 3,th-TH
Volubility (IV),กระแสคารมคมคาย 4,th-TH
Volubilité,กระแสคารมคมคาย,th-TH
Volubilité (I),กระแสคารมคมคาย 1,th-TH
Volubilité (II),กระแสคารมคมคาย 2,th-TH
Volubilité (III),กระแสคารมคมคาย 3,th-TH
Volubilité (IV),กระแสคารมคมคาย 4,th-TH
Von der Lüge zur Tatsache,ยืมเท็จสร้างจริง,th-TH
Von der Lüge zur Tatsache I,ยืมเท็จสร้างจริง 1,th-TH
Von der Lüge zur Tatsache II,ยืมเท็จสร้างจริง 2,th-TH
Von der Lüge zur Tatsache III,ยืมเท็จสร้างจริง 3,th-TH
Von der Lüge zur Tatsache IV,ยืมเท็จสร้างจริง 4,th-TH
Vorhutritter,อัศวินกองหน้า,th-TH
Vorhutritter: Schwierigkeit 01,อัศวินกองหน้า: ความยาก 01,th-TH
Vorhutritter: Schwierigkeit 02,อัศวินกองหน้า: ความยาก 02,th-TH
Vorhutritter: Schwierigkeit 04,อัศวินกองหน้า: ความยาก 04,th-TH
Vorhutritter: Schwierigkeitsgrad 03,อัศวินกองหน้า: ความยาก 03,th-TH
Véspera do Banquete Temerário,ช่วงเวลาแห่งงานฉลอง,th-TH
Véspera do Banquete Temerário (1),ช่วงเวลาแห่งงานฉลอง 1,th-TH
Véspera do Banquete Temerário (10),ช่วงเวลาแห่งงานฉลอง 10,th-TH
Véspera do Banquete Temerário (11),ช่วงเวลาแห่งงานฉลอง 11,th-TH
Véspera do Banquete Temerário (12),ช่วงเวลาแห่งงานฉลอง 12,th-TH
Véspera do Banquete Temerário (2),ช่วงเวลาแห่งงานฉลอง 2,th-TH
Véspera do Banquete Temerário (3),ช่วงเวลาแห่งงานฉลอง 3,th-TH
Véspera do Banquete Temerário (4),ช่วงเวลาแห่งงานฉลอง 4,th-TH
Véspera do Banquete Temerário (5),ช่วงเวลาแห่งงานฉลอง 5,th-TH
Véspera do Banquete Temerário (6),ช่วงเวลาแห่งงานฉลอง 6,th-TH
Véspera do Banquete Temerário (7),ช่วงเวลาแห่งงานฉลอง 7,th-TH
Véspera do Banquete Temerário (8),ช่วงเวลาแห่งงานฉลอง 8,th-TH
Véspera do Banquete Temerário (9),ช่วงเวลาแห่งงานฉลอง 9,th-TH
Vết Sương Mộng Cũ,ห้วงฝันแห่งรอยน้ำแข็ง,th-TH
Vết Sương Mộng Cũ-1,ห้วงฝันแห่งรอยน้ำแข็งขั้นที่ 1,th-TH
Vết Sương Mộng Cũ-10,ห้วงฝันแห่งรอยน้ำแข็งขั้นที่ 10,th-TH
Vết Sương Mộng Cũ-2,ห้วงฝันแห่งรอยน้ำแข็งขั้นที่ 2,th-TH
Vết Sương Mộng Cũ-3,ห้วงฝันแห่งรอยน้ำแข็งขั้นที่ 3,th-TH
Vết Sương Mộng Cũ-4,ห้วงฝันแห่งรอยน้ำแข็งขั้นที่ 4,th-TH
Vết Sương Mộng Cũ-5,ห้วงฝันแห่งรอยน้ำแข็งขั้นที่ 5,th-TH
Vết Sương Mộng Cũ-6,ห้วงฝันแห่งรอยน้ำแข็งขั้นที่ 6,th-TH
Vết Sương Mộng Cũ-7,ห้วงฝันแห่งรอยน้ำแข็งขั้นที่ 7,th-TH
Vết Sương Mộng Cũ-8,ห้วงฝันแห่งรอยน้ำแข็งขั้นที่ 8,th-TH
Vết Sương Mộng Cũ-9,ห้วงฝันแห่งรอยน้ำแข็งขั้นที่ 9,th-TH
Warlord of the Locusts,ขุนศึกมวลแมลง,th-TH
Warlord of the Locusts: Difficulty 1,ขุนศึกมวลแมลง: ความยาก 01,th-TH
Warlord of the Locusts: Difficulty 2,ขุนศึกมวลแมลง: ความยาก 02,th-TH
Warlord of the Locusts: Difficulty 3,ขุนศึกมวลแมลง: ความยาก 03,th-TH
Warlord of the Locusts: Difficulty 4,ขุนศึกมวลแมลง: ความยาก 04,th-TH
White Night Chronicles,บันทึกแดนแห่งฝันในราตรีสีขาว,th-TH
White Night Chronicles (I),บันทึกแดนแห่งฝันในราตรีสีขาว 1,th-TH
White Night Chronicles (II),บันทึกแดนแห่งฝันในราตรีสีขาว 2,th-TH
White Night Chronicles (III),บันทึกแดนแห่งฝันในราตรีสีขาว 3,th-TH
White Night Chronicles (IV),บันทึกแดนแห่งฝันในราตรีสีขาว 4,th-TH
White Night Chronicles (IX),บันทึกแดนแห่งฝันในราตรีสีขาว 9,th-TH
White Night Chronicles (V),บันทึกแดนแห่งฝันในราตรีสีขาว 5,th-TH
White Night Chronicles (VI),บันทึกแดนแห่งฝันในราตรีสีขาว 6,th-TH
White Night Chronicles (VII),บันทึกแดนแห่งฝันในราตรีสีขาว 7,th-TH
White Night Chronicles (VIII),บันทึกแดนแห่งฝันในราตรีสีขาว 8,th-TH
White Night Chronicles (X),บันทึกแดนแห่งฝันในราตรีสีขาว 10,th-TH
White Night Chronicles (XI),บันทึกแดนแห่งฝันในราตรีสีขาว 11,th-TH
White Night Chronicles (XII),บันทึกแดนแห่งฝันในราตรีสีขาว 12,th-TH
Wordless Novel,นิยายไร้ตัวอักษร,th-TH
Wordless Novel (I),นิยายไร้ตัวอักษร 1,th-TH
Wordless Novel (II),นิยายไร้ตัวอักษร 2,th-TH
Wordless Novel (III),นิยายไร้ตัวอักษร 3,th-TH
Wordless Novel (IV),นิยายไร้ตัวอักษร 4,th-TH
Words of Deceit,ถ้อยคำลวงหลอก,th-TH
Words of Deceit (I),ถ้อยคำลวงหลอก 1,th-TH
Words of Deceit (II),ถ้อยคำลวงหลอก 2,th-TH
Words of Deceit (III),ถ้อยคำลวงหลอก 3,th-TH
Words of Deceit (IV),ถ้อยคำลวงหลอก 4,th-TH
Wortgewandtheit,บุษบงที่พร่างพราว,th-TH
Wortgewandtheit I,บุษบงที่พร่างพราว 1,th-TH
Wortgewandtheit II,บุษบงที่พร่างพราว 2,th-TH
Wortgewandtheit III,บุษบงที่พร่างพราว 3,th-TH
Wortgewandtheit IV,บุษบงที่พร่างพราว 4,th-TH
Wortloser Roman,นิยายไร้ตัวอักษร,th-TH
Wortloser Roman I,นิยายไร้ตัวอักษร 1,th-TH
Wortloser Roman II,นิยายไร้ตัวอักษร 2,th-TH
Wortloser Roman III,นิยายไร้ตัวอักษร 3,th-TH
Wortloser Roman IV,นิยายไร้ตัวอักษร 4,th-TH
Wortschöpfung,นั่งเทียนเขียนแต่ง,th-TH
Wortschöpfung I,นั่งเทียนเขียนแต่ง 1,th-TH
Wortschöpfung II,นั่งเทียนเขียนแต่ง 2,th-TH
Wortschöpfung III,นั่งเทียนเขียนแต่ง 3,th-TH
Wortschöpfung IV,นั่งเทียนเขียนแต่ง 4,th-TH
Xúi Giục Đánh Cược,เกมแห่งการปลุกปั่น,th-TH
Xúi Giục Đánh Cược: Độ Khó 1,เกมแห่งการปลุกปั่น: ความยาก 01,th-TH
Xúi Giục Đánh Cược: Độ Khó 2,เกมแห่งการปลุกปั่น: ความยาก 02,th-TH
Xúi Giục Đánh Cược: Độ Khó 3,เกมแห่งการปลุกปั่น: ความยาก 03,th-TH
Xúi Giục Đánh Cược: Độ Khó 4,เกมแห่งการปลุกปั่น: ความยาก 04,th-TH
Xứ Mộng Khó Quên,แดนฝันสุดถวิล,th-TH
Xứ Mộng Khó Quên 1,แดนฝันสุดถวิล 1,th-TH
Xứ Mộng Khó Quên 10,แดนฝันสุดถวิล 10,th-TH
Xứ Mộng Khó Quên 11,แดนฝันสุดถวิล 11,th-TH
Xứ Mộng Khó Quên 12,แดนฝันสุดถวิล 12,th-TH
Xứ Mộng Khó Quên 2,แดนฝันสุดถวิล 2,th-TH
Xứ Mộng Khó Quên 3,แดนฝันสุดถวิล 3,th-TH
Xứ Mộng Khó Quên 4,แดนฝันสุดถวิล 4,th-TH
Xứ Mộng Khó Quên 5,แดนฝันสุดถวิล 5,th-TH
Xứ Mộng Khó Quên 6,แดนฝันสุดถวิล 6,th-TH
Xứ Mộng Khó Quên 7,แดนฝันสุดถวิล 7,th-TH
Xứ Mộng Khó Quên 8,แดนฝันสุดถวิล 8,th-TH
Xứ Mộng Khó Quên 9,แดนฝันสุดถวิล 9,th-TH
Youci Lan Man,เรื่อง (อย่า) เล่าจาก Youci,th-TH
Youci Lan Man 1,เรื่อง (อย่า) เล่าจาก Youci 1,th-TH
Youci Lan Man 2,เรื่อง (อย่า) เล่าจาก Youci 2,th-TH
Youci Lan Man 3,เรื่อง (อย่า) เล่าจาก Youci 3,th-TH
Youci Lan Man 4,เรื่อง (อย่า) เล่าจาก Youci 4,th-TH
Youci's Wandering Words,เรื่อง (อย่า) เล่าจาก Youci,th-TH
Youci's Wandering Words (I),เรื่อง (อย่า) เล่าจาก Youci 1,th-TH
Youci's Wandering Words (II),เรื่อง (อย่า) เล่าจาก Youci 2,th-TH
Youci's Wandering Words (III),เรื่อง (อย่า) เล่าจาก Youci 3,th-TH
Youci's Wandering Words (IV),เรื่อง (อย่า) เล่าจาก Youci 4,th-TH
Youcis wandernde Worte,เรื่อง (อย่า) เล่าจาก Youci,th-TH
Youcis wandernde Worte I,เรื่อง (อย่า) เล่าจาก Youci 1,th-TH
Youcis wandernde Worte II,เรื่อง (อย่า) เล่าจาก Youci 2,th-TH
Youcis wandernde Worte III,เรื่อง (อย่า) เล่าจาก Youci 3,th-TH
Youcis wandernde Worte IV,เรื่อง (อย่า) เล่าจาก Youci 4,th-TH
Zerstreute Träume,บทเพลงส่งท้ายความฝัน,th-TH
Zerstreute Träume I,บทเพลงส่งท้ายความฝัน 1,th-TH
Zerstreute Träume II,บทเพลงส่งท้ายความฝัน 2,th-TH
Zerstreute Träume III,บทเพลงส่งท้ายความฝัน 3,th-TH
Zerstreute Träume IV,บทเพลงส่งท้ายความฝัน 4,th-TH
Zerstreute Träume IX,บทเพลงส่งท้ายความฝัน 9,th-TH
Zerstreute Träume V,บทเพลงส่งท้ายความฝัน 5,th-TH
Zerstreute Träume VI,บทเพลงส่งท้ายความฝัน 6,th-TH
Zerstreute Träume VII,บทเพลงส่งท้ายความฝัน 7,th-TH
Zerstreute Träume VIII,บทเพลงส่งท้ายความฝัน 8,th-TH
Zerstreute Träume X,บทเพลงส่งท้ายความฝัน 10,th-TH
Zerstreute Träume XI,บทเพลงส่งท้ายความฝัน 11,th-TH
Zerstreute Träume XII,บทเพลงส่งท้ายความฝัน 12,th-TH
Zerstörtes Nest,รังมดพังเขื่อน,th-TH
Zerstörtes Nest I,รังมดพังเขื่อน 1,th-TH
Zerstörtes Nest II,รังมดพังเขื่อน 2,th-TH
Zerstörtes Nest III,รังมดพังเขื่อน 3,th-TH
Zerstörtes Nest IV,รังมดพังเขื่อน 4,th-TH
Zerstörtes Nest IX,รังมดพังเขื่อน 9,th-TH
Zerstörtes Nest V,รังมดพังเขื่อน 5,th-TH
Zerstörtes Nest VI,รังมดพังเขื่อน 6,th-TH
Zerstörtes Nest VII,รังมดพังเขื่อน 7,th-TH
Zerstörtes Nest VIII,รังมดพังเขื่อน 8,th-TH
Zerstörtes Nest X,รังมดพังเขื่อน 10,th-TH
Zerstörtes Nest XI,รังมดพังเขื่อน 11,th-TH
Zerstörtes Nest XII,รังมดพังเขื่อน 12,th-TH
Zumbido de risa,หึ่งหั่งดั่งเสียงขำ,th-TH
Zwist der Schöpfung,ปฏิปักษ์แห่งนิรมิต,th-TH
Zwist der Schöpfung I,ปฏิปักษ์แห่งนิรมิต 1,th-TH
Zwist der Schöpfung II,ปฏิปักษ์แห่งนิรมิต 2,th-TH
Zwist der Schöpfung III,ปฏิปักษ์แห่งนิรมิต 3,th-TH
Zwist der Schöpfung IV,ปฏิปักษ์แห่งนิรมิต 4,th-TH
Zwist der Schöpfung IX,ปฏิปักษ์แห่งนิรมิต 9,th-TH
Zwist der Schöpfung V,ปฏิปักษ์แห่งนิรมิต 5,th-TH
Zwist der Schöpfung VI,ปฏิปักษ์แห่งนิรมิต 6,th-TH
Zwist der Schöpfung VII,ปฏิปักษ์แห่งนิรมิต 7,th-TH
Zwist der Schöpfung VIII,ปฏิปักษ์แห่งนิรมิต 8,th-TH
Zwist der Schöpfung X,ปฏิปักษ์แห่งนิรมิต 10,th-TH
Zwist der Schöpfung XI,ปฏิปักษ์แห่งนิรมิต 11,th-TH
Zwist der Schöpfung XII,ปฏิปักษ์แห่งนิรมิต 12,th-TH
À Deriva nos Mares Astrais,การเดินทางอันโดดเดี่ยวในห้วงอวกาศ,th-TH
À Deriva nos Mares Astrais Estágio 1,การเดินทางอันโดดเดี่ยวในห้วงอวกาศ 1,th-TH
À Deriva nos Mares Astrais Estágio 10,การเดินทางอันโดดเดี่ยวในห้วงอวกาศ 10,th-TH
À Deriva nos Mares Astrais Estágio 2,การเดินทางอันโดดเดี่ยวในห้วงอวกาศ 2,th-TH
À Deriva nos Mares Astrais Estágio 3,การเดินทางอันโดดเดี่ยวในห้วงอวกาศ 3,th-TH
À Deriva nos Mares Astrais Estágio 4,การเดินทางอันโดดเดี่ยวในห้วงอวกาศ 4,th-TH
À Deriva nos Mares Astrais Estágio 5,การเดินทางอันโดดเดี่ยวในห้วงอวกาศ 5,th-TH
À Deriva nos Mares Astrais Estágio 6,การเดินทางอันโดดเดี่ยวในห้วงอวกาศ 6,th-TH
À Deriva nos Mares Astrais Estágio 7,การเดินทางอันโดดเดี่ยวในห้วงอวกาศ 7,th-TH
À Deriva nos Mares Astrais Estágio 8,การเดินทางอันโดดเดี่ยวในห้วงอวกาศ 8,th-TH
À Deriva nos Mares Astrais Estágio 9,การเดินทางอันโดดเดี่ยวในห้วงอวกาศ 9,th-TH
À la dérive dans les mers astrales,การเดินทางอันโดดเดี่ยวในห้วงอวกาศ,th-TH
À la dérive dans les mers astrales (I),การเดินทางอันโดดเดี่ยวในห้วงอวกาศ 1,th-TH
À la dérive dans les mers astrales (II),การเดินทางอันโดดเดี่ยวในห้วงอวกาศ 2,th-TH
À la dérive dans les mers astrales (III),การเดินทางอันโดดเดี่ยวในห้วงอวกาศ 3,th-TH
À la dérive dans les mers astrales (IV),การเดินทางอันโดดเดี่ยวในห้วงอวกาศ 4,th-TH
À la dérive dans les mers astrales (IX),การเดินทางอันโดดเดี่ยวในห้วงอวกาศ 9,th-TH
À la dérive dans les mers astrales (V),การเดินทางอันโดดเดี่ยวในห้วงอวกาศ 5,th-TH
À la dérive dans les mers astrales (VI),การเดินทางอันโดดเดี่ยวในห้วงอวกาศ 6,th-TH
À la dérive dans les mers astrales (VII),การเดินทางอันโดดเดี่ยวในห้วงอวกาศ 7,th-TH
À la dérive dans les mers astrales (VIII),การเดินทางอันโดดเดี่ยวในห้วงอวกาศ 8,th-TH
À la dérive dans les mers astrales (X),การเดินทางอันโดดเดี่ยวในห้วงอวกาศ 10,th-TH
Ác Thú Chi Phối,ปีศาจร้ายครอบงำ,th-TH
Ác Thú Chi Phối: Độ Khó 1,ปีศาจร้ายครอบงำ: ความยาก 01,th-TH
Ác Thú Chi Phối: Độ Khó 2,ปีศาจร้ายครอบงำ: ความยาก 02,th-TH
Ác Thú Chi Phối: Độ Khó 3,ปีศาจร้ายครอบงำ: ความยาก 03,th-TH
Ác Thú Chi Phối: Độ Khó 4,ปีศาจร้ายครอบงำ: ความยาก 04,th-TH
Ác Thú Máu Vàng,อสูรร้ายโลหิตทอง,th-TH
Ác Thú Máu Vàng: Độ Khó 1,อสูรร้ายโลหิตทอง: ความยาก 01,th-TH
Ác Thú Máu Vàng: Độ Khó 2,อสูรร้ายโลหิตทอง: ความยาก 02,th-TH
Ác Thú Máu Vàng: Độ Khó 3,อสูรร้ายโลหิตทอง: ความยาก 03,th-TH
Ác Thú Máu Vàng: Độ Khó 4,อสูรร้ายโลหิตทอง: ความยาก 04,th-TH
Ánh Sáng Ngự Trị,แสงที่ลุกโชนอีกครา,th-TH
Ánh Sáng Ngự Trị 1,แสงที่ลุกโชนอีกครา 1,th-TH
Ánh Sáng Ngự Trị 10,แสงที่ลุกโชนอีกครา 10,th-TH
Ánh Sáng Ngự Trị 11,แสงที่ลุกโชนอีกครา 11,th-TH
Ánh Sáng Ngự Trị 12,แสงที่ลุกโชนอีกครา 12,th-TH
Ánh Sáng Ngự Trị 2,แสงที่ลุกโชนอีกครา 2,th-TH
Ánh Sáng Ngự Trị 3,แสงที่ลุกโชนอีกครา 3,th-TH
Ánh Sáng Ngự Trị 4,แสงที่ลุกโชนอีกครา 4,th-TH
Ánh Sáng Ngự Trị 5,แสงที่ลุกโชนอีกครา 5,th-TH
Ánh Sáng Ngự Trị 6,แสงที่ลุกโชนอีกครา 6,th-TH
Ánh Sáng Ngự Trị 7,แสงที่ลุกโชนอีกครา 7,th-TH
Ánh Sáng Ngự Trị 8,แสงที่ลุกโชนอีกครา 8,th-TH
Ánh Sáng Ngự Trị 9,แสงที่ลุกโชนอีกครา 9,th-TH
Âm Thanh Không Hòa Hợp,เสียงที่ไม่ลงรอยกัน,th-TH
Âm Thanh Ngoài Cung Đàn,เสียงพ้องทำนองซ้อน,th-TH
Âm Thanh Ngoài Cung Đàn 1,เสียงพ้องทำนองซ้อน 1,th-TH
Âm Thanh Ngoài Cung Đàn 10,เสียงพ้องทำนองซ้อน 10,th-TH
Âm Thanh Ngoài Cung Đàn 11,เสียงพ้องทำนองซ้อน 11,th-TH
Âm Thanh Ngoài Cung Đàn 12,เสียงพ้องทำนองซ้อน 12,th-TH
Âm Thanh Ngoài Cung Đàn 2,เสียงพ้องทำนองซ้อน 2,th-TH
Âm Thanh Ngoài Cung Đàn 3,เสียงพ้องทำนองซ้อน 3,th-TH
Âm Thanh Ngoài Cung Đàn 4,เสียงพ้องทำนองซ้อน 4,th-TH
Âm Thanh Ngoài Cung Đàn 5,เสียงพ้องทำนองซ้อน 5,th-TH
Âm Thanh Ngoài Cung Đàn 6,เสียงพ้องทำนองซ้อน 6,th-TH
Âm Thanh Ngoài Cung Đàn 7,เสียงพ้องทำนองซ้อน 7,th-TH
Âm Thanh Ngoài Cung Đàn 8,เสียงพ้องทำนองซ้อน 8,th-TH
Âm Thanh Ngoài Cung Đàn 9,เสียงพ้องทำนองซ้อน 9,th-TH
Ätherisches Schiff,เรือแห่งความฝัน,th-TH
Ätherisches Schiff I,เรือแห่งความฝัน 1,th-TH
Ätherisches Schiff II,เรือแห่งความฝัน 2,th-TH
Ätherisches Schiff III,เรือแห่งความฝัน 3,th-TH
Ätherisches Schiff IV,เรือแห่งความฝัน 4,th-TH
Ätherisches Schiff IX,เรือแห่งความฝัน 9,th-TH
Ätherisches Schiff V,เรือแห่งความฝัน 5,th-TH
Ätherisches Schiff VI,เรือแห่งความฝัน 6,th-TH
Ätherisches Schiff VII,เรือแห่งความฝัน 7,th-TH
Ätherisches Schiff VIII,เรือแห่งความฝัน 8,th-TH
Ätherisches Schiff X,เรือแห่งความฝัน 10,th-TH
Échec et mat,รุกฆาตราชา,th-TH
Épreuves de l'Hiver éternel,บททดสอบจากเหมันต์นิรันดร์,th-TH
Épreuves de l'Hiver éternel Niv. 1,บททดสอบจากเหมันต์นิรันดร์ขั้นที่ 1,th-TH
Épreuves de l'Hiver éternel Niv. 10,บททดสอบจากเหมันต์นิรันดร์ขั้นที่ 10,th-TH
Épreuves de l'Hiver éternel Niv. 2,บททดสอบจากเหมันต์นิรันดร์ขั้นที่ 2,th-TH
Épreuves de l'Hiver éternel Niv. 3,บททดสอบจากเหมันต์นิรันดร์ขั้นที่ 3,th-TH
Épreuves de l'Hiver éternel Niv. 4,บททดสอบจากเหมันต์นิรันดร์ขั้นที่ 4,th-TH
Épreuves de l'Hiver éternel Niv. 5,บททดสอบจากเหมันต์นิรันดร์ขั้นที่ 5,th-TH
Épreuves de l'Hiver éternel Niv. 6,บททดสอบจากเหมันต์นิรันดร์ขั้นที่ 6,th-TH
Épreuves de l'Hiver éternel Niv. 7,บททดสอบจากเหมันต์นิรันดร์ขั้นที่ 7,th-TH
Épreuves de l'Hiver éternel Niv. 8,บททดสอบจากเหมันต์นิรันดร์ขั้นที่ 8,th-TH
Épreuves de l'Hiver éternel Niv. 9,บททดสอบจากเหมันต์นิรันดร์ขั้นที่ 9,th-TH
Ídolo del enjambre,มวลแมลงไอดอล,th-TH
Ídolo del enjambre: Dificultad 1,มวลแมลงไอดอล: ความยาก 01,th-TH
Ídolo del enjambre: Dificultad 2,มวลแมลงไอดอล: ความยาก 02,th-TH
Ídolo del enjambre: Dificultad 3,มวลแมลงไอดอล: ความยาก 03,th-TH
Ídolo del enjambre: Dificultad 4,มวลแมลงไอดอล: ความยาก 04,th-TH
Ídolo dos Gafanhotos,มวลแมลงไอดอล,th-TH
Ídolo dos Gafanhotos: Dificuldade 1,มวลแมลงไอดอล: ความยาก 01,th-TH
Ídolo dos Gafanhotos: Dificuldade 2,มวลแมลงไอดอล: ความยาก 02,th-TH
Ídolo dos Gafanhotos: Dificuldade 3,มวลแมลงไอดอล: ความยาก 03,th-TH
Ídolo dos Gafanhotos: Dificuldade 4,มวลแมลงไอดอล: ความยาก 04,th-TH
Ăn Nói Lưu Loát,บุษบงที่พร่างพราว,th-TH
Ăn Nói Lưu Loát 1,บุษบงที่พร่างพราว 1,th-TH
Ăn Nói Lưu Loát 2,บุษบงที่พร่างพราว 2,th-TH
Ăn Nói Lưu Loát 3,บุษบงที่พร่างพราว 3,th-TH
Ăn Nói Lưu Loát 4,บุษบงที่พร่างพราว 4,th-TH
Đê Sập Vì Hang Kiến,รังมดพังเขื่อน,th-TH
Đê Sập Vì Hang Kiến 1,รังมดพังเขื่อน 1,th-TH
Đê Sập Vì Hang Kiến 10,รังมดพังเขื่อน 10,th-TH
Đê Sập Vì Hang Kiến 11,รังมดพังเขื่อน 11,th-TH
Đê Sập Vì Hang Kiến 12,รังมดพังเขื่อน 12,th-TH
Đê Sập Vì Hang Kiến 2,รังมดพังเขื่อน 2,th-TH
Đê Sập Vì Hang Kiến 3,รังมดพังเขื่อน 3,th-TH
Đê Sập Vì Hang Kiến 4,รังมดพังเขื่อน 4,th-TH
Đê Sập Vì Hang Kiến 5,รังมดพังเขื่อน 5,th-TH
Đê Sập Vì Hang Kiến 6,รังมดพังเขื่อน 6,th-TH
Đê Sập Vì Hang Kiến 7,รังมดพังเขื่อน 7,th-TH
Đê Sập Vì Hang Kiến 8,รังมดพังเขื่อน 8,th-TH
Đê Sập Vì Hang Kiến 9,รังมดพังเขื่อน 9,th-TH
Đạp Băng Tìm Lửa,ย่ำน้ำแข็งแสวงเพลิง,th-TH
Đạp Băng Tìm Lửa 1,ย่ำน้ำแข็งแสวงเพลิงขั้นที่ 1,th-TH
Đạp Băng Tìm Lửa 10,ย่ำน้ำแข็งแสวงเพลิงขั้นที่ 10,th-TH
Đạp Băng Tìm Lửa 2,ย่ำน้ำแข็งแสวงเพลิงขั้นที่ 2,th-TH
Đạp Băng Tìm Lửa 3,ย่ำน้ำแข็งแสวงเพลิงขั้นที่ 3,th-TH
Đạp Băng Tìm Lửa 4,ย่ำน้ำแข็งแสวงเพลิงขั้นที่ 4,th-TH
Đạp Băng Tìm Lửa 5,ย่ำน้ำแข็งแสวงเพลิงขั้นที่ 5,th-TH
Đạp Băng Tìm Lửa 6,ย่ำน้ำแข็งแสวงเพลิงขั้นที่ 6,th-TH
Đạp Băng Tìm Lửa 7,ย่ำน้ำแข็งแสวงเพลิงขั้นที่ 7,th-TH
Đạp Băng Tìm Lửa 8,ย่ำน้ำแข็งแสวงเพลิงขั้นที่ 8,th-TH
Đạp Băng Tìm Lửa 9,ย่ำน้ำแข็งแสวงเพลิงขั้นที่ 9,th-TH
Đảo Lộn Trắng Đen,คำลวงที่กลับกลอก,th-TH
Đảo Lộn Trắng Đen 1,คำลวงที่กลับกลอก 1,th-TH
Đảo Lộn Trắng Đen 2,คำลวงที่กลับกลอก 2,th-TH
Đảo Lộn Trắng Đen 3,คำลวงที่กลับกลอก 3,th-TH
Đảo Lộn Trắng Đen 4,คำลวงที่กลับกลอก 4,th-TH
Đừng Chọc Giận Pom-Pom,อย่าแหย่ Pom-Pom,th-TH
Азартная макака,วานรเดิมพัน,th-TH
Азартная макака: Сложность I,วานรเดิมพัน: ความยาก 01,th-TH
Азартная макака: Сложность II,วานรเดิมพัน: ความยาก 02,th-TH
Азартная макака: Сложность III,วานรเดิมพัน: ความยาก 03,th-TH
Азартная макака: Сложность IV,วานรเดิมพัน: ความยาก 04,th-TH
Бедствия жизни и огня,ภัยแห่งชีวิตและเปลวเพลิง,th-TH
Бедствия жизни и огня I,ภัยแห่งชีวิตและเปลวเพลิง 1,th-TH
Бедствия жизни и огня II,ภัยแห่งชีวิตและเปลวเพลิง 2,th-TH
Бедствия жизни и огня III,ภัยแห่งชีวิตและเปลวเพลิง 3,th-TH
Бедствия жизни и огня IV,ภัยแห่งชีวิตและเปลวเพลิง 4,th-TH
Бедствия жизни и огня IX,ภัยแห่งชีวิตและเปลวเพลิง 9,th-TH
Бедствия жизни и огня V,ภัยแห่งชีวิตและเปลวเพลิง 5,th-TH
Бедствия жизни и огня VI,ภัยแห่งชีวิตและเปลวเพลิง 6,th-TH
Бедствия жизни и огня VII,ภัยแห่งชีวิตและเปลวเพลิง 7,th-TH
Бедствия жизни и огня VIII,ภัยแห่งชีวิตและเปลวเพลิง 8,th-TH
Бедствия жизни и огня X,ภัยแห่งชีวิตและเปลวเพลิง 10,th-TH
Благо янтаря,พรแห่งอำพัน,th-TH
Благо янтаря I,พรแห่งอำพันขั้นที่ 1,th-TH
Благо янтаря II,พรแห่งอำพันขั้นที่ 2,th-TH
Благо янтаря III,พรแห่งอำพันขั้นที่ 3,th-TH
Благо янтаря IV,พรแห่งอำพันขั้นที่ 4,th-TH
Благо янтаря IX,พรแห่งอำพันขั้นที่ 9,th-TH
Благо янтаря V,พรแห่งอำพันขั้นที่ 5,th-TH
Благо янтаря VI,พรแห่งอำพันขั้นที่ 6,th-TH
Благо янтаря VII,พรแห่งอำพันขั้นที่ 7,th-TH
Благо янтаря VIII,พรแห่งอำพันขั้นที่ 8,th-TH
Благо янтаря X,พรแห่งอำพันขั้นที่ 10,th-TH
Боевой волк,คมดาบสิงคาล,th-TH
Боевой волк: Сложность I,คมดาบสิงคาล: ความยาก 01,th-TH
Боевой волк: Сложность II,คมดาบสิงคาล: ความยาก 02,th-TH
Боевой волк: Сложность III,คมดาบสิงคาล: ความยาก 03,th-TH
Боевой волк: Сложность IV,คมดาบสิงคาล: ความยาก 04,th-TH
Бронзовая медаль «Виртуального кризиса»,"เหรียญเวอริเดียนบรอนซ์ ""เครือข่ายผันผวน""",th-TH
Бронзовая медаль «Возвращения легиона»,"เหรียญเวอริเดียนบรอนซ์ ""กองทัพหวนคืน""",th-TH
Бронзовая медаль «Грамматики счастья»,"เหรียญเวอริเดียนบรอนซ์ ""ไวยากรณ์ความสุข""",th-TH
Бронзовая медаль «Жужжащего смеха»,"เหรียญเวอริเดียนบรอนซ์ ""หึ่งหั่งดั่งเสียงขำ""",th-TH
Бронзовая медаль «Не бесите Пом-Пом»,"เหรียญเวอริเดียนบรอนซ์ ""อย่าแหย่ Pom-Pom""",th-TH
Бронзовая медаль «Свитка бренного мира»,"เหรียญเวอริเดียนบรอนซ์ ""ในม้วนตำราโลกธุลี""",th-TH
Буря забвения,เหมันต์ลืมเลือน,th-TH
Буря забвения: Сложность I,เหมันต์ลืมเลือน: ความยาก 01,th-TH
Буря забвения: Сложность II,เหมันต์ลืมเลือน: ความยาก 02,th-TH
Буря забвения: Сложность III,เหมันต์ลืมเลือน: ความยาก 03,th-TH
Буря забвения: Сложность IV,เหมันต์ลืมเลือน: ความยาก 04,th-TH
Былые мечты о снегах,ห้วงฝันแห่งรอยน้ำแข็ง,th-TH
Былые мечты о снегах I,ห้วงฝันแห่งรอยน้ำแข็งขั้นที่ 1,th-TH
Былые мечты о снегах II,ห้วงฝันแห่งรอยน้ำแข็งขั้นที่ 2,th-TH
Былые мечты о снегах III,ห้วงฝันแห่งรอยน้ำแข็งขั้นที่ 3,th-TH
Былые мечты о снегах IV,ห้วงฝันแห่งรอยน้ำแข็งขั้นที่ 4,th-TH
Былые мечты о снегах IX,ห้วงฝันแห่งรอยน้ำแข็งขั้นที่ 9,th-TH
Былые мечты о снегах V,ห้วงฝันแห่งรอยน้ำแข็งขั้นที่ 5,th-TH
Былые мечты о снегах VI,ห้วงฝันแห่งรอยน้ำแข็งขั้นที่ 6,th-TH
Былые мечты о снегах VII,ห้วงฝันแห่งรอยน้ำแข็งขั้นที่ 7,th-TH
Былые мечты о снегах VIII,ห้วงฝันแห่งรอยน้ำแข็งขั้นที่ 8,th-TH
Былые мечты о снегах X,ห้วงฝันแห่งรอยน้ำแข็งขั้นที่ 10,th-TH
Вечный сон,นิทราไม่รู้ตื่น,th-TH
Вечный сон I,นิทราไม่รู้ตื่น 1,th-TH
Вечный сон II,นิทราไม่รู้ตื่น 2,th-TH
Вечный сон III,นิทราไม่รู้ตื่น 3,th-TH
Вечный сон IV,นิทราไม่รู้ตื่น 4,th-TH
Вечный сон IX,นิทราไม่รู้ตื่น 9,th-TH
Вечный сон V,นิทราไม่รู้ตื่น 5,th-TH
Вечный сон VI,นิทราไม่รู้ตื่น 6,th-TH
Вечный сон VII,นิทราไม่รู้ตื่น 7,th-TH
Вечный сон VIII,นิทราไม่รู้ตื่น 8,th-TH
Вечный сон X,นิทราไม่รู้ตื่น 10,th-TH
Вечный сон XI,นิทราไม่รู้ตื่น 11,th-TH
Вечный сон XII,นิทราไม่รู้ตื่น 12,th-TH
Виртуальная тайна,ปริศนาไซเบอร์,th-TH
Виртуальная тайна I,ปริศนาไซเบอร์ 1,th-TH
Виртуальная тайна II,ปริศนาไซเบอร์ 2,th-TH
Виртуальная тайна III,ปริศนาไซเบอร์ 3,th-TH
Виртуальная тайна IV,ปริศนาไซเบอร์ 4,th-TH
Виртуальная тайна IX,ปริศนาไซเบอร์ 9,th-TH
Виртуальная тайна V,ปริศนาไซเบอร์ 5,th-TH
Виртуальная тайна VI,ปริศนาไซเบอร์ 6,th-TH
Виртуальная тайна VII,ปริศนาไซเบอร์ 7,th-TH
Виртуальная тайна VIII,ปริศนาไซเบอร์ 8,th-TH
Виртуальная тайна X,ปริศนาไซเบอร์ 10,th-TH
Виртуальная тайна XI,ปริศนาไซเบอร์ 11,th-TH
Виртуальная тайна XII,ปริศนาไซเบอร์ 12,th-TH
Виртуальный кризис,เครือข่ายผันผวน,th-TH
Виртуальный манифест,แดนมายาร้อยเรียง,th-TH
Виртуальный манифест I,แดนมายาร้อยเรียง 1,th-TH
Виртуальный манифест II,แดนมายาร้อยเรียง 2,th-TH
Виртуальный манифест III,แดนมายาร้อยเรียง 3,th-TH
Виртуальный манифест IV,แดนมายาร้อยเรียง 4,th-TH
Вновь вспыхнувший свет,แสงที่ลุกโชนอีกครา,th-TH
Вновь вспыхнувший свет I,แสงที่ลุกโชนอีกครา 1,th-TH
Вновь вспыхнувший свет II,แสงที่ลุกโชนอีกครา 2,th-TH
Вновь вспыхнувший свет III,แสงที่ลุกโชนอีกครา 3,th-TH
Вновь вспыхнувший свет IV,แสงที่ลุกโชนอีกครา 4,th-TH
Вновь вспыхнувший свет IX,แสงที่ลุกโชนอีกครา 9,th-TH
Вновь вспыхнувший свет V,แสงที่ลุกโชนอีกครา 5,th-TH
Вновь вспыхнувший свет VI,แสงที่ลุกโชนอีกครา 6,th-TH
Вновь вспыхнувший свет VII,แสงที่ลุกโชนอีกครา 7,th-TH
Вновь вспыхнувший свет VIII,แสงที่ลุกโชนอีกครา 8,th-TH
Вновь вспыхнувший свет X,แสงที่ลุกโชนอีกครา 10,th-TH
Вновь вспыхнувший свет XI,แสงที่ลุกโชนอีกครา 11,th-TH
Вновь вспыхнувший свет XII,แสงที่ลุกโชนอีกครา 12,th-TH
Возвращение легиона,กองทัพหวนคืน,th-TH
Волчий вожак,ขุนศึกสิงคาล,th-TH
Волчий вожак: Сложность I,ขุนศึกสิงคาล: ความยาก 01,th-TH
Волчий вожак: Сложность II,ขุนศึกสิงคาล: ความยาก 02,th-TH
Волчий вожак: Сложность III,ขุนศึกสิงคาล: ความยาก 03,th-TH
Волчий вожак: Сложность IV,ขุนศึกสิงคาล: ความยาก 04,th-TH
Воспоминания I,Memory ขั้นที่ 1,th-TH
Воспоминания II,Memory ขั้นที่ 2,th-TH
Воспоминания III,Memory ขั้นที่ 3,th-TH
Воспоминания IV,Memory ขั้นที่ 4,th-TH
Воспоминания IX,Memory ขั้นที่ 9,th-TH
Воспоминания V,Memory ขั้นที่ 5,th-TH
Воспоминания VI,Memory ขั้นที่ 6,th-TH
Воспоминания VII,Memory ขั้นที่ 7,th-TH
Воспоминания VIII,Memory ขั้นที่ 8,th-TH
Воспоминания X,Memory ขั้นที่ 10,th-TH
Воспоминания XI,Memory ขั้นที่ 11,th-TH
Воспоминания XII,Memory ขั้นที่ 12,th-TH
Воспоминания XIII,Memory ขั้นที่ 13,th-TH
Воспоминания XIV,Memory ขั้นที่ 14,th-TH
Воспоминания XV,Memory ขั้นที่ 15,th-TH
Воспоминания о Сяньчжоу I,Memory แห่ง Xianzhou ขั้นที่ 1,th-TH
Воспоминания о Сяньчжоу II,Memory แห่ง Xianzhou ขั้นที่ 2,th-TH
Воспоминания о Сяньчжоу III,Memory แห่ง Xianzhou ขั้นที่ 3,th-TH
Воспоминания о Сяньчжоу IV,Memory แห่ง Xianzhou ขั้นที่ 4,th-TH
Воспоминания о Сяньчжоу V,Memory แห่ง Xianzhou ขั้นที่ 5,th-TH
Воспоминания о Сяньчжоу VI,Memory แห่ง Xianzhou ขั้นที่ 6,th-TH
Вымышленное словотворчество,นั่งเทียนเขียนแต่ง,th-TH
Вымышленное словотворчество I,นั่งเทียนเขียนแต่ง 1,th-TH
Вымышленное словотворчество II,นั่งเทียนเขียนแต่ง 2,th-TH
Вымышленное словотворчество III,นั่งเทียนเขียนแต่ง 3,th-TH
Вымышленное словотворчество IV,นั่งเทียนเขียนแต่ง 4,th-TH
Выстрел с небес,ศรสะเทือนฟ้า,th-TH
Выстрел с небес I,ศรสะเทือนฟ้า 1,th-TH
Выстрел с небес II,ศรสะเทือนฟ้า 2,th-TH
Выстрел с небес III,ศรสะเทือนฟ้า 3,th-TH
Выстрел с небес IV,ศรสะเทือนฟ้า 4,th-TH
Выстрел с небес IX,ศรสะเทือนฟ้า 9,th-TH
Выстрел с небес V,ศรสะเทือนฟ้า 5,th-TH
Выстрел с небес VI,ศรสะเทือนฟ้า 6,th-TH
Выстрел с небес VII,ศรสะเทือนฟ้า 7,th-TH
Выстрел с небес VIII,ศรสะเทือนฟ้า 8,th-TH
Выстрел с небес X,ศรสะเทือนฟ้า 10,th-TH
Грамматика счастья,ไวยากรณ์ความสุข,th-TH
Грандиозный финал,อวสานละคร,th-TH
Грандиозный финал I,อวสานละคร 1,th-TH
Грандиозный финал II,อวสานละคร 2,th-TH
Грандиозный финал III,อวสานละคร 3,th-TH
Грандиозный финал IV,อวสานละคร 4,th-TH
Грандиозный финал IX,อวสานละคร 9,th-TH
Грандиозный финал V,อวสานละคร 5,th-TH
Грандиозный финал VI,อวสานละคร 6,th-TH
Грандиозный финал VII,อวสานละคร 7,th-TH
Грандиозный финал VIII,อวสานละคร 8,th-TH
Грандиозный финал X,อวสานละคร 10,th-TH
Грандиозный финал XI,อวสานละคร 11,th-TH
Грандиозный финал XII,อวสานละคร 12,th-TH
Дар красноречия,บุษบงที่พร่างพราว,th-TH
Дар красноречия I,บุษบงที่พร่างพราว 1,th-TH
Дар красноречия II,บุษบงที่พร่างพราว 2,th-TH
Дар красноречия III,บุษบงที่พร่างพราว 3,th-TH
Дар красноречия IV,บุษบงที่พร่างพราว 4,th-TH
Диссонанс,เสียงที่ไม่ลงรอยกัน,th-TH
Домыслы из воздуха,เสกสรรปั้นแต่ง,th-TH
Домыслы из воздуха I,เสกสรรปั้นแต่ง 1,th-TH
Домыслы из воздуха II,เสกสรรปั้นแต่ง 2,th-TH
Домыслы из воздуха III,เสกสรรปั้นแต่ง 3,th-TH
Домыслы из воздуха IV,เสกสรรปั้นแต่ง 4,th-TH
Досужие пересуды,ใส่สีตีไข่,th-TH
Досужие пересуды I,ใส่สีตีไข่ 1,th-TH
Досужие пересуды II,ใส่สีตีไข่ 2,th-TH
Досужие пересуды III,ใส่สีตีไข่ 3,th-TH
Досужие пересуды IV,ใส่สีตีไข่ 4,th-TH
Дыхание иномирья,ลมหายใจในอีกฟาก,th-TH
Дыхание иномирья I,ลมหายใจในอีกฟาก 1,th-TH
Дыхание иномирья II,ลมหายใจในอีกฟาก 2,th-TH
Дыхание иномирья III,ลมหายใจในอีกฟาก 3,th-TH
Дыхание иномирья IV,ลมหายใจในอีกฟาก 4,th-TH
Дыхание иномирья IX,ลมหายใจในอีกฟาก 9,th-TH
Дыхание иномирья V,ลมหายใจในอีกฟาก 5,th-TH
Дыхание иномирья VI,ลมหายใจในอีกฟาก 6,th-TH
Дыхание иномирья VII,ลมหายใจในอีกฟาก 7,th-TH
Дыхание иномирья VIII,ลมหายใจในอีกฟาก 8,th-TH
Дыхание иномирья X,ลมหายใจในอีกฟาก 10,th-TH
Дыхание иномирья XI,ลมหายใจในอีกฟาก 11,th-TH
Дыхание иномирья XII,ลมหายใจในอีกฟาก 12,th-TH
Жужжащий смех,หึ่งหั่งดั่งเสียงขำ,th-TH
Закалка мёрзлой стали,ลับคมเหล็กเหมันต์,th-TH
Закалка мёрзлой стали I,ลับคมเหล็กเหมันต์ขั้นที่ 1,th-TH
Закалка мёрзлой стали II,ลับคมเหล็กเหมันต์ขั้นที่ 2,th-TH
Закалка мёрзлой стали III,ลับคมเหล็กเหมันต์ขั้นที่ 3,th-TH
Закалка мёрзлой стали IV,ลับคมเหล็กเหมันต์ขั้นที่ 4,th-TH
Закалка мёрзлой стали IX,ลับคมเหล็กเหมันต์ขั้นที่ 9,th-TH
Закалка мёрзлой стали V,ลับคมเหล็กเหมันต์ขั้นที่ 5,th-TH
Закалка мёрзлой стали VI,ลับคมเหล็กเหมันต์ขั้นที่ 6,th-TH
Закалка мёрзлой стали VII,ลับคมเหล็กเหมันต์ขั้นที่ 7,th-TH
Закалка мёрзлой стали VIII,ลับคมเหล็กเหมันต์ขั้นที่ 8,th-TH
Закалка мёрзлой стали X,ลับคมเหล็กเหมันต์ขั้นที่ 10,th-TH
Златокровый зверь,อสูรร้ายโลหิตทอง,th-TH
Златокровый зверь: Сложность I,อสูรร้ายโลหิตทอง: ความยาก 01,th-TH
Златокровый зверь: Сложность II,อสูรร้ายโลหิตทอง: ความยาก 02,th-TH
Златокровый зверь: Сложность III,อสูรร้ายโลหิตทอง: ความยาก 03,th-TH
Златокровый зверь: Сложность IV,อสูรร้ายโลหิตทอง: ความยาก 04,th-TH
Золотая медаль «Виртуального кризиса»,"เหรียญโกลด์ ""เครือข่ายผันผวน""",th-TH
Золотая медаль «Возвращения легиона»,"เหรียญโกลด์ ""กองทัพหวนคืน""",th-TH
Золотая медаль «Грамматики счастья»,"เหรียญโกลด์ ""ไวยากรณ์ความสุข""",th-TH
Золотая медаль «Жужжащего смеха»,"เหรียญโกลด์ ""หึ่งหั่งดั่งเสียงขำ""",th-TH
Золотая медаль «Не бесите Пом-Пом»,"เหรียญโกลด์ ""อย่าแหย่ Pom-Pom""",th-TH
Золотая медаль «Свитка бренного мира»,"เหรียญโกลด์ ""ในม้วนตำราโลกธุลี""",th-TH
Избитые слова,ถ้อยคำจำเจ,th-TH
Избитые слова I,ถ้อยคำจำเจ 1,th-TH
Избитые слова II,ถ้อยคำจำเจ 2,th-TH
Избитые слова III,ถ้อยคำจำเจ 3,th-TH
Избитые слова IV,ถ้อยคำจำเจ 4,th-TH
Иллюзии палящего солнца,มายาตะวันแรงกล้า,th-TH
Искусная клевета,กับดักคำลวง,th-TH
Искусная клевета I,กับดักคำลวง 1,th-TH
Искусная клевета II,กับดักคำลวง 2,th-TH
Искусная клевета III,กับดักคำลวง 3,th-TH
Искусная клевета IV,กับดักคำลวง 4,th-TH
Испытания вечнозимья,บททดสอบจากเหมันต์นิรันดร์,th-TH
Испытания вечнозимья I,บททดสอบจากเหมันต์นิรันดร์ขั้นที่ 1,th-TH
Испытания вечнозимья II,บททดสอบจากเหมันต์นิรันดร์ขั้นที่ 2,th-TH
Испытания вечнозимья III,บททดสอบจากเหมันต์นิรันดร์ขั้นที่ 3,th-TH
Испытания вечнозимья IV,บททดสอบจากเหมันต์นิรันดร์ขั้นที่ 4,th-TH
Испытания вечнозимья IX,บททดสอบจากเหมันต์นิรันดร์ขั้นที่ 9,th-TH
Испытания вечнозимья V,บททดสอบจากเหมันต์นิรันดร์ขั้นที่ 5,th-TH
Испытания вечнозимья VI,บททดสอบจากเหมันต์นิรันดร์ขั้นที่ 6,th-TH
Испытания вечнозимья VII,บททดสอบจากเหมันต์นิรันดร์ขั้นที่ 7,th-TH
Испытания вечнозимья VIII,บททดสอบจากเหมันต์นิรันดร์ขั้นที่ 8,th-TH
Испытания вечнозимья X,บททดสอบจากเหมันต์นิรันดร์ขั้นที่ 10,th-TH
Клятва нерушимого союза,คำสัตย์นิจนิรันดร์,th-TH
Клятва нерушимого союза I,คำสัตย์นิจนิรันดร์ 1,th-TH
Клятва нерушимого союза II,คำสัตย์นิจนิรันดร์ 2,th-TH
Клятва нерушимого союза III,คำสัตย์นิจนิรันดร์ 3,th-TH
Клятва нерушимого союза IV,คำสัตย์นิจนิรันดร์ 4,th-TH
Клятва нерушимого союза IX,คำสัตย์นิจนิรันดร์ 9,th-TH
Клятва нерушимого союза V,คำสัตย์นิจนิรันดร์ 5,th-TH
Клятва нерушимого союза VI,คำสัตย์นิจนิรันดร์ 6,th-TH
Клятва нерушимого союза VII,คำสัตย์นิจนิรันดร์ 7,th-TH
Клятва нерушимого союза VIII,คำสัตย์นิจนิรันดร์ 8,th-TH
Клятва нерушимого союза X,คำสัตย์นิจนิรันดร์ 10,th-TH
Крылатые слова Юцы,เรื่อง (อย่า) เล่าจาก Youci,th-TH
Крылатые слова Юцы I,เรื่อง (อย่า) เล่าจาก Youci 1,th-TH
Крылатые слова Юцы II,เรื่อง (อย่า) เล่าจาก Youci 2,th-TH
Крылатые слова Юцы III,เรื่อง (อย่า) เล่าจาก Youci 3,th-TH
Крылатые слова Юцы IV,เรื่อง (อย่า) เล่าจาก Youci 4,th-TH
Кумир роя,มวลแมลงไอดอล,th-TH
Кумир роя: Сложность I,มวลแมลงไอดอล: ความยาก 01,th-TH
Кумир роя: Сложность II,มวลแมลงไอดอล: ความยาก 02,th-TH
Кумир роя: Сложность III,มวลแมลงไอดอล: ความยาก 03,th-TH
Кумир роя: Сложность IV,มวลแมลงไอดอล: ความยาก 04,th-TH
Лживые речи,ถ้อยคำลวงหลอก,th-TH
Лживые речи I,ถ้อยคำลวงหลอก 1,th-TH
Лживые речи II,ถ้อยคำลวงหลอก 2,th-TH
Лживые речи III,ถ้อยคำลวงหลอก 3,th-TH
Лживые речи IV,ถ้อยคำลวงหลอก 4,th-TH
Ложное учение,ปฏิมาบรรยาย,th-TH
Ложное учение I,ปฏิมาบรรยาย 1,th-TH
Ложное учение II,ปฏิมาบรรยาย 2,th-TH
Ложное учение III,ปฏิมาบรรยาย 3,th-TH
Ложное учение IV,ปฏิมาบรรยาย 4,th-TH
Мара и небытие,Mara และความว่างเปล่า,th-TH
Мара и небытие I,Mara และความว่างเปล่า 1,th-TH
Мара и небытие II,Mara และความว่างเปล่า 2,th-TH
Мара и небытие III,Mara และความว่างเปล่า 3,th-TH
Мара и небытие IV,Mara และความว่างเปล่า 4,th-TH
Мара и небытие IX,Mara และความว่างเปล่า 9,th-TH
Мара и небытие V,Mara และความว่างเปล่า 5,th-TH
Мара и небытие VI,Mara และความว่างเปล่า 6,th-TH
Мара и небытие VII,Mara และความว่างเปล่า 7,th-TH
Мара и небытие VIII,Mara และความว่างเปล่า 8,th-TH
Мара и небытие X,Mara และความว่างเปล่า 10,th-TH
Медаль «Зал забвения»,"เหรียญตรา ""Forgotten Hall""",th-TH
Медаль «Иллюзия конца»,"เหรียญตรา ""Apocalyptic Shadow""",th-TH
Медаль «Чистый вымысел»,"เหรียญตรา ""Pure Fiction""",th-TH
Мятеж Пожирателя Луны I,วิกฤตจ้าวยลจันทรา 1,th-TH
Мятеж Пожирателя Луны II,วิกฤตจ้าวยลจันทรา 2,th-TH
Мятеж Пожирателя Луны III,วิกฤตจ้าวยลจันทรา 3,th-TH
Мятеж Пожирателя Луны IV,วิกฤตจ้าวยลจันทรา 4,th-TH
Мятеж Пожирателя Луны IX,วิกฤตจ้าวยลจันทรา 9,th-TH
Мятеж Пожирателя Луны V,วิกฤตจ้าวยลจันทรา 5,th-TH
Мятеж Пожирателя Луны VI,วิกฤตจ้าวยลจันทรา 6,th-TH
Мятеж Пожирателя Луны VII,วิกฤตจ้าวยลจันทรา 7,th-TH
Мятеж Пожирателя Луны VIII,วิกฤตจ้าวยลจันทรา 8,th-TH
Мятеж Пожирателя Луны X,วิกฤตจ้าวยลจันทรา 10,th-TH
Нарративный анализ,การวิเคราะห์เชิงบรรยาย,th-TH
Нарративный анализ I,การวิเคราะห์เชิงบรรยาย 1,th-TH
Нарративный анализ II,การวิเคราะห์เชิงบรรยาย 2,th-TH
Нарративный анализ III,การวิเคราะห์เชิงบรรยาย 3,th-TH
Нарративный анализ IV,การวิเคราะห์เชิงบรรยาย 4,th-TH
Наследие Возвышающейся цитадели,สิ่งตกทอดของป้อมปราการที่สูงตระหง่าน,th-TH
Начало разграничения,ปฐมบทสร้างเขตแดน,th-TH
Начало разграничения I,ปฐมบทสร้างเขตแดน 1,th-TH
Начало разграничения II,ปฐมบทสร้างเขตแดน 2,th-TH
Начало разграничения III,ปฐมบทสร้างเขตแดน 3,th-TH
Начало разграничения IV,ปฐมบทสร้างเขตแดน 4,th-TH
Не бесите Пом-Пом,อย่าแหย่ Pom-Pom,th-TH
Небесный волк,ผู้วิเศษสิงคาล,th-TH
Небесный волк: Сложность I,ผู้วิเศษสิงคาล: ความยาก 01,th-TH
Небесный волк: Сложность II,ผู้วิเศษสิงคาล: ความยาก 02,th-TH
Небесный волк: Сложность III,ผู้วิเศษสิงคาล: ความยาก 03,th-TH
Небесный волк: Сложность IV,ผู้วิเศษสิงคาล: ความยาก 04,th-TH
Обезьяньи проделки,กลวานร,th-TH
Обезьяньи проделки I,กลวานร 1,th-TH
Обезьяньи проделки II,กลวานร 2,th-TH
Обезьяньи проделки III,กลวานร 3,th-TH
Обезьяньи проделки IV,กลวานร 4,th-TH
Обезьяньи проделки IX,กลวานร 9,th-TH
Обезьяньи проделки V,กลวานร 5,th-TH
Обезьяньи проделки VI,กลวานร 6,th-TH
Обезьяньи проделки VII,กลวานร 7,th-TH
Обезьяньи проделки VIII,กลวานร 8,th-TH
Обезьяньи проделки X,กลวานร 10,th-TH
Обезьяньи проделки XI,กลวานร 11,th-TH
Обезьяньи проделки XII,กลวานร 12,th-TH
Обманчивый хаос,คำลวงที่กลับกลอก,th-TH
Обманчивый хаос I,คำลวงที่กลับกลอก 1,th-TH
Обманчивый хаос II,คำลวงที่กลับกลอก 2,th-TH
Обманчивый хаос III,คำลวงที่กลับกลอก 3,th-TH
Обманчивый хаос IV,คำลวงที่กลับกลอก 4,th-TH
От лжи к истине,ยืมเท็จสร้างจริง,th-TH
От лжи к истине I,ยืมเท็จสร้างจริง 1,th-TH
От лжи к истине II,ยืมเท็จสร้างจริง 2,th-TH
От лжи к истине III,ยืมเท็จสร้างจริง 3,th-TH
От лжи к истине IV,ยืมเท็จสร้างจริง 4,th-TH
Отзвук струны,เสียงพ้องทำนองซ้อน,th-TH
Отзвук струны I,เสียงพ้องทำนองซ้อน 1,th-TH
Отзвук струны II,เสียงพ้องทำนองซ้อน 2,th-TH
Отзвук струны III,เสียงพ้องทำนองซ้อน 3,th-TH
Отзвук струны IV,เสียงพ้องทำนองซ้อน 4,th-TH
Отзвук струны IX,เสียงพ้องทำนองซ้อน 9,th-TH
Отзвук струны V,เสียงพ้องทำนองซ้อน 5,th-TH
Отзвук струны VI,เสียงพ้องทำนองซ้อน 6,th-TH
Отзвук струны VII,เสียงพ้องทำนองซ้อน 7,th-TH
Отзвук струны VIII,เสียงพ้องทำนองซ้อน 8,th-TH
Отзвук струны X,เสียงพ้องทำนองซ้อน 10,th-TH
Отзвук струны XI,เสียงพ้องทำนองซ้อน 11,th-TH
Отзвук струны XII,เสียงพ้องทำนองซ้อน 12,th-TH
Очищающая буря,กวาดล้างพายุ,th-TH
Очищающая буря I,กวาดล้างพายุ 1,th-TH
Очищающая буря II,กวาดล้างพายุ 2,th-TH
Очищающая буря III,กวาดล้างพายุ 3,th-TH
Очищающая буря IV,กวาดล้างพายุ 4,th-TH
Очищающая буря IX,กวาดล้างพายุ 9,th-TH
Очищающая буря V,กวาดล้างพายุ 5,th-TH
Очищающая буря VI,กวาดล้างพายุ 6,th-TH
Очищающая буря VII,กวาดล้างพายุ 7,th-TH
Очищающая буря VIII,กวาดล้างพายุ 8,th-TH
Очищающая буря X,กวาดล้างพายุ 10,th-TH
Очищающая буря XI,กวาดล้างพายุ 11,th-TH
Очищающая буря XII,กวาดล้างพายุ 12,th-TH
Ошибка категории,ตรรกะผิดหมวด,th-TH
Ошибка категории I,ตรรกะผิดหมวด 1,th-TH
Ошибка категории II,ตรรกะผิดหมวด 2,th-TH
Ошибка категории III,ตรรกะผิดหมวด 3,th-TH
Ошибка категории IV,ตรรกะผิดหมวด 4,th-TH
Ошибка категории IX,ตรรกะผิดหมวด 9,th-TH
Ошибка категории V,ตรรกะผิดหมวด 5,th-TH
Ошибка категории VI,ตรรกะผิดหมวด 6,th-TH
Ошибка категории VII,ตรรกะผิดหมวด 7,th-TH
Ошибка категории VIII,ตรรกะผิดหมวด 8,th-TH
Ошибка категории X,ตรรกะผิดหมวด 10,th-TH
Ошибка категории XI,ตรรกะผิดหมวด 11,th-TH
Ошибка категории XII,ตรรกะผิดหมวด 12,th-TH
Плутания корабля,เรือหลงทิศ,th-TH
Плутания корабля I,เรือหลงทิศ 1,th-TH
Плутания корабля II,เรือหลงทิศ 2,th-TH
Плутания корабля III,เรือหลงทิศ 3,th-TH
Плутания корабля IV,เรือหลงทิศ 4,th-TH
Плутания корабля IX,เรือหลงทิศ 9,th-TH
Плутания корабля V,เรือหลงทิศ 5,th-TH
Плутания корабля VI,เรือหลงทิศ 6,th-TH
Плутания корабля VII,เรือหลงทิศ 7,th-TH
Плутания корабля VIII,เรือหลงทิศ 8,th-TH
Плутания корабля X,เรือหลงทิศ 10,th-TH
Плутания корабля XI,เรือหลงทิศ 11,th-TH
Плутания корабля XII,เรือหลงทิศ 12,th-TH
По льду в поисках огня,ย่ำน้ำแข็งแสวงเพลิง,th-TH
По льду в поисках огня I,ย่ำน้ำแข็งแสวงเพลิงขั้นที่ 1,th-TH
По льду в поисках огня II,ย่ำน้ำแข็งแสวงเพลิงขั้นที่ 2,th-TH
По льду в поисках огня III,ย่ำน้ำแข็งแสวงเพลิงขั้นที่ 3,th-TH
По льду в поисках огня IV,ย่ำน้ำแข็งแสวงเพลิงขั้นที่ 4,th-TH
По льду в поисках огня IX,ย่ำน้ำแข็งแสวงเพลิงขั้นที่ 9,th-TH
По льду в поисках огня V,ย่ำน้ำแข็งแสวงเพลิงขั้นที่ 5,th-TH
По льду в поисках огня VI,ย่ำน้ำแข็งแสวงเพลิงขั้นที่ 6,th-TH
По льду в поисках огня VII,ย่ำน้ำแข็งแสวงเพลิงขั้นที่ 7,th-TH
По льду в поисках огня VIII,ย่ำน้ำแข็งแสวงเพลิงขั้นที่ 8,th-TH
По льду в поисках огня X,ย่ำน้ำแข็งแสวงเพลิงขั้นที่ 10,th-TH
Повесть без слов,นิยายไร้ตัวอักษร,th-TH
Повесть без слов I,นิยายไร้ตัวอักษร 1,th-TH
Повесть без слов II,นิยายไร้ตัวอักษร 2,th-TH
Повесть без слов III,นิยายไร้ตัวอักษร 3,th-TH
Повесть без слов IV,นิยายไร้ตัวอักษร 4,th-TH
Поддельное дело,ธุรกิจสร้างเรื่องราว,th-TH
Поддельное дело I,ธุรกิจสร้างเรื่องราว 1,th-TH
Поддельное дело II,ธุรกิจสร้างเรื่องราว 2,th-TH
Поддельное дело III,ธุรกิจสร้างเรื่องราว 3,th-TH
Поддельное дело IV,ธุรกิจสร้างเรื่องราว 4,th-TH
Подстрекательство игрока,เกมแห่งการปลุกปั่น,th-TH
Подстрекательство игрока: Сложность I,เกมแห่งการปลุกปั่น: ความยาก 01,th-TH
Подстрекательство игрока: Сложность II,เกมแห่งการปลุกปั่น: ความยาก 02,th-TH
Подстрекательство игрока: Сложность III,เกมแห่งการปลุกปั่น: ความยาก 03,th-TH
Подстрекательство игрока: Сложность IV,เกมแห่งการปลุกปั่น: ความยาก 04,th-TH
Подстрекательство кукловода,แมลงปลุกปั่น,th-TH
Подстрекательство кукловода: Сложность I,แมลงปลุกปั่น: ความยาก 01,th-TH
Подстрекательство кукловода: Сложность II,แมลงปลุกปั่น: ความยาก 02,th-TH
Подстрекательство кукловода: Сложность III,แมลงปลุกปั่น: ความยาก 03,th-TH
Подстрекательство кукловода: Сложность IV,แมลงปลุกปั่น: ความยาก 04,th-TH
Подстрекательство роя,มวลแมลงปลุกปั่น,th-TH
Подстрекательство роя: Сложность I,มวลแมลงปลุกปั่น: ความยาก 01,th-TH
Подстрекательство роя: Сложность II,มวลแมลงปลุกปั่น: ความยาก 02,th-TH
Подстрекательство роя: Сложность III,มวลแมลงปลุกปั่น: ความยาก 03,th-TH
Подстрекательство роя: Сложность IV,มวลแมลงปลุกปั่น: ความยาก 04,th-TH
Подчинённое зло,ปีศาจร้ายครอบงำ,th-TH
Подчинённое зло: Сложность I,ปีศาจร้ายครอบงำ: ความยาก 01,th-TH
Подчинённое зло: Сложность II,ปีศาจร้ายครอบงำ: ความยาก 02,th-TH
Подчинённое зло: Сложность III,ปีศาจร้ายครอบงำ: ความยาก 03,th-TH
Подчинённое зло: Сложность IV,ปีศาจร้ายครอบงำ: ความยาก 04,th-TH
Пожирающий луну волк,จันทร์ชาดกลืนสิงคาล,th-TH
Пожирающий луну волк I,จันทร์ชาดกลืนสิงคาล 1,th-TH
Пожирающий луну волк II,จันทร์ชาดกลืนสิงคาล 2,th-TH
Пожирающий луну волк III,จันทร์ชาดกลืนสิงคาล 3,th-TH
Пожирающий луну волк IV,จันทร์ชาดกลืนสิงคาล 4,th-TH
Пожирающий луну волк IX,จันทร์ชาดกลืนสิงคาล 9,th-TH
Пожирающий луну волк V,จันทร์ชาดกลืนสิงคาล 5,th-TH
Пожирающий луну волк VI,จันทร์ชาดกลืนสิงคาล 6,th-TH
Пожирающий луну волк VII,จันทร์ชาดกลืนสิงคาล 7,th-TH
Пожирающий луну волк VIII,จันทร์ชาดกลืนสิงคาล 8,th-TH
Пожирающий луну волк X,จันทร์ชาดกลืนสิงคาล 10,th-TH
Пожирающий луну волк XI,จันทร์ชาดกลืนสิงคาล 11,th-TH
Пожирающий луну волк XII,จันทร์ชาดกลืนสิงคาล 12,th-TH
Покидая родные края,จากบ้านจากเมือง,th-TH
Покидая родные края I,จากบ้านจากเมือง 1,th-TH
Покидая родные края II,จากบ้านจากเมือง 2,th-TH
Покидая родные края III,จากบ้านจากเมือง 3,th-TH
Покидая родные края IV,จากบ้านจากเมือง 4,th-TH
Покидая родные края IX,จากบ้านจากเมือง 9,th-TH
Покидая родные края V,จากบ้านจากเมือง 5,th-TH
Покидая родные края VI,จากบ้านจากเมือง 6,th-TH
Покидая родные края VII,จากบ้านจากเมือง 7,th-TH
Покидая родные края VIII,จากบ้านจากเมือง 8,th-TH
Покидая родные края X,จากบ้านจากเมือง 10,th-TH
Покидая родные края XI,จากบ้านจากเมือง 11,th-TH
Покидая родные края XII,จากบ้านจากเมือง 12,th-TH
Получите #1 оч.,ได้รับ #1 คะแนน,th-TH
Порыв завесы смерти,เหมันต์อนธการ,th-TH
Порыв завесы смерти: Сложность I,เหมันต์อนธการ: ความยาก 01,th-TH
Порыв завесы смерти: Сложность II,เหมันต์อนธการ: ความยาก 02,th-TH
Порыв завесы смерти: Сложность III,เหมันต์อนธการ: ความยาก 03,th-TH
Порыв завесы смерти: Сложность IV,เหมันต์อนธการ: ความยาก 04,th-TH
Потоки Чешуйчатого ущелья,กระแสคลื่นที่ถาโถม,th-TH
Потоки Чешуйчатого ущелья I,กระแสคลื่นที่ถาโถม 1,th-TH
Потоки Чешуйчатого ущелья II,กระแสคลื่นที่ถาโถม 2,th-TH
Потоки Чешуйчатого ущелья III,กระแสคลื่นที่ถาโถม 3,th-TH
Потоки Чешуйчатого ущелья IV,กระแสคลื่นที่ถาโถม 4,th-TH
Потоки Чешуйчатого ущелья IX,กระแสคลื่นที่ถาโถม 9,th-TH
Потоки Чешуйчатого ущелья V,กระแสคลื่นที่ถาโถม 5,th-TH
Потоки Чешуйчатого ущелья VI,กระแสคลื่นที่ถาโถม 6,th-TH
Потоки Чешуйчатого ущелья VII,กระแสคลื่นที่ถาโถม 7,th-TH
Потоки Чешуйчатого ущелья VIII,กระแสคลื่นที่ถาโถม 8,th-TH
Потоки Чешуйчатого ущелья X,กระแสคลื่นที่ถาโถม 10,th-TH
Потоки Чешуйчатого ущелья XI,กระแสคลื่นที่ถาโถม 11,th-TH
Потоки Чешуйчатого ущелья XII,กระแสคลื่นที่ถาโถม 12,th-TH
Появление Древа амброзии,การมาเยือนของ Ambrosial Arbor,th-TH
Появление Древа амброзии I,การมาเยือนของ Ambrosial Arbor 1,th-TH
Появление Древа амброзии II,การมาเยือนของ Ambrosial Arbor 2,th-TH
Появление Древа амброзии III,การมาเยือนของ Ambrosial Arbor 3,th-TH
Появление Древа амброзии IV,การมาเยือนของ Ambrosial Arbor 4,th-TH
Появление Древа амброзии IX,การมาเยือนของ Ambrosial Arbor 9,th-TH
Появление Древа амброзии V,การมาเยือนของ Ambrosial Arbor 5,th-TH
Появление Древа амброзии VI,การมาเยือนของ Ambrosial Arbor 6,th-TH
Появление Древа амброзии VII,การมาเยือนของ Ambrosial Arbor 7,th-TH
Появление Древа амброзии VIII,การมาเยือนของ Ambrosial Arbor 8,th-TH
Появление Древа амброзии X,การมาเยือนของ Ambrosial Arbor 10,th-TH
Правила композиции,กฎแห่งโครงสร้าง,th-TH
Правила композиции I,กฎแห่งโครงสร้าง 1,th-TH
Правила композиции II,กฎแห่งโครงสร้าง 2,th-TH
Правила композиции III,กฎแห่งโครงสร้าง 3,th-TH
Правила композиции IV,กฎแห่งโครงสร้าง 4,th-TH
Превосходство ветра,วายุครอบงำ,th-TH
Превосходство ветра: Сложность I,วายุครอบงำ: ความยาก 01,th-TH
Превосходство ветра: Сложность II,วายุครอบงำ: ความยาก 02,th-TH
Превосходство ветра: Сложность III,วายุครอบงำ: ความยาก 03,th-TH
Превосходство ветра: Сложность IV,วายุครอบงำ: ความยาก 04,th-TH
Предводитель роя,ขุนศึกมวลแมลง,th-TH
Предводитель роя: Сложность I,ขุนศึกมวลแมลง: ความยาก 01,th-TH
Предводитель роя: Сложность II,ขุนศึกมวลแมลง: ความยาก 02,th-TH
Предводитель роя: Сложность III,ขุนศึกมวลแมลง: ความยาก 03,th-TH
Предводитель роя: Сложность IV,ขุนศึกมวลแมลง: ความยาก 04,th-TH
Призматическая медаль «Виртуального кризиса»,"เหรียญปริซึม ""เครือข่ายผันผวน""",th-TH
Призматическая медаль «Возвращения легиона»,"เหรียญปริซึม ""กองทัพหวนคืน""",th-TH
Призматическая медаль «Грамматики счастья»,"เหรียญปริซึม ""ไวยากรณ์ความสุข""",th-TH
Призматическая медаль «Жужжащего смеха»,"เหรียญปริซึม ""หึ่งหั่งดั่งเสียงขำ""",th-TH
Призматическая медаль «Не бесите Пом-Пом»,"เหรียญปริซึม ""อย่าแหย่ Pom-Pom""",th-TH
Призматическая медаль «Свитка бренного мира»,"เหรียญปริซึม ""ในม้วนตำราโลกธุลี""",th-TH
Прорыв завесы смерти,อนธการครอบงำ,th-TH
Прорыв завесы смерти: Сложность I,อนธการครอบงำ: ความยาก 01,th-TH
Прорыв завесы смерти: Сложность II,อนธการครอบงำ: ความยาก 02,th-TH
Прорыв завесы смерти: Сложность III,อนธการครอบงำ: ความยาก 03,th-TH
Прорыв завесы смерти: Сложность IV,อนธการครอบงำ: ความยาก 04,th-TH
Пятистопный ямб,กลอนห้าจังหวะ,th-TH
Пятистопный ямб I,กลอนห้าจังหวะ 1,th-TH
Пятистопный ямб II,กลอนห้าจังหวะ 2,th-TH
Пятистопный ямб III,กลอนห้าจังหวะ 3,th-TH
Пятистопный ямб IV,กลอนห้าจังหวะ 4,th-TH
Развеянные грёзы,บทเพลงส่งท้ายความฝัน,th-TH
Развеянные грёзы I,บทเพลงส่งท้ายความฝัน 1,th-TH
Развеянные грёзы II,บทเพลงส่งท้ายความฝัน 2,th-TH
Развеянные грёзы III,บทเพลงส่งท้ายความฝัน 3,th-TH
Развеянные грёзы IV,บทเพลงส่งท้ายความฝัน 4,th-TH
Развеянные грёзы IX,บทเพลงส่งท้ายความฝัน 9,th-TH
Развеянные грёзы V,บทเพลงส่งท้ายความฝัน 5,th-TH
Развеянные грёзы VI,บทเพลงส่งท้ายความฝัน 6,th-TH
Развеянные грёзы VII,บทเพลงส่งท้ายความฝัน 7,th-TH
Развеянные грёзы VIII,บทเพลงส่งท้ายความฝัน 8,th-TH
Развеянные грёзы X,บทเพลงส่งท้ายความฝัน 10,th-TH
Развеянные грёзы XI,บทเพลงส่งท้ายความฝัน 11,th-TH
Развеянные грёзы XII,บทเพลงส่งท้ายความฝัน 12,th-TH
Раздор сотворения,ปฏิปักษ์แห่งนิรมิต,th-TH
Раздор сотворения I,ปฏิปักษ์แห่งนิรมิต 1,th-TH
Раздор сотворения II,ปฏิปักษ์แห่งนิรมิต 2,th-TH
Раздор сотворения III,ปฏิปักษ์แห่งนิรมิต 3,th-TH
Раздор сотворения IV,ปฏิปักษ์แห่งนิรมิต 4,th-TH
Раздор сотворения IX,ปฏิปักษ์แห่งนิรมิต 9,th-TH
Раздор сотворения V,ปฏิปักษ์แห่งนิรมิต 5,th-TH
Раздор сотворения VI,ปฏิปักษ์แห่งนิรมิต 6,th-TH
Раздор сотворения VII,ปฏิปักษ์แห่งนิรมิต 7,th-TH
Раздор сотворения VIII,ปฏิปักษ์แห่งนิรมิต 8,th-TH
Раздор сотворения X,ปฏิปักษ์แห่งนิรมิต 10,th-TH
Раздор сотворения XI,ปฏิปักษ์แห่งนิรมิต 11,th-TH
Раздор сотворения XII,ปฏิปักษ์แห่งนิรมิต 12,th-TH
Разрушенное гнездо,รังมดพังเขื่อน,th-TH
Разрушенное гнездо I,รังมดพังเขื่อน 1,th-TH
Разрушенное гнездо II,รังมดพังเขื่อน 2,th-TH
Разрушенное гнездо III,รังมดพังเขื่อน 3,th-TH
Разрушенное гнездо IV,รังมดพังเขื่อน 4,th-TH
Разрушенное гнездо IX,รังมดพังเขื่อน 9,th-TH
Разрушенное гнездо V,รังมดพังเขื่อน 5,th-TH
Разрушенное гнездо VI,รังมดพังเขื่อน 6,th-TH
Разрушенное гнездо VII,รังมดพังเขื่อน 7,th-TH
Разрушенное гнездо VIII,รังมดพังเขื่อน 8,th-TH
Разрушенное гнездо X,รังมดพังเขื่อน 10,th-TH
Разрушенное гнездо XI,รังมดพังเขื่อน 11,th-TH
Разрушенное гнездо XII,รังมดพังเขื่อน 12,th-TH
Рыцарь I,อัศวิน (1),th-TH
Рыцарь II,อัศวิน (2),th-TH
Рыцарь III,อัศวิน (3),th-TH
Рыцарь авангарда,อัศวินกองหน้า,th-TH
Рыцарь авангарда: Сложность I,อัศวินกองหน้า: ความยาก 01,th-TH
Рыцарь авангарда: Сложность II,อัศวินกองหน้า: ความยาก 02,th-TH
Рыцарь авангарда: Сложность III,อัศวินกองหน้า: ความยาก 03,th-TH
Рыцарь авангарда: Сложность IV,อัศวินกองหน้า: ความยาก 04,th-TH
Рыцарь шторма,อัศวินวายุ,th-TH
Рыцарь шторма: Сложность I,อัศวินวายุ: ความยาก 01,th-TH
Рыцарь шторма: Сложность II,อัศวินวายุ: ความยาก 02,th-TH
Рыцарь шторма: Сложность III,อัศวินวายุ: ความยาก 03,th-TH
Рыцарь шторма: Сложность IV,อัศวินวายุ: ความยาก 04,th-TH
Рыцарь-обезьяна,อัศวินวานร,th-TH
Рыцарь-обезьяна: Сложность I,อัศวินวานร - ความยาก 01,th-TH
Рыцарь-обезьяна: Сложность II,อัศวินวานร - ความยาก 02,th-TH
Рыцарь-обезьяна: Сложность III,อัศวินวานร - ความยาก 03,th-TH
Рыцарь-обезьяна: Сложность IV,อัศวินวานร - ความยาก 04,th-TH
Самосбывающееся пророчество,คำทำนายพิสูจน์ตน,th-TH
Самосбывающееся пророчество I,คำทำนายพิสูจน์ตน 1,th-TH
Самосбывающееся пророчество II,คำทำนายพิสูจน์ตน 2,th-TH
Самосбывающееся пророчество III,คำทำนายพิสูจน์ตน 3,th-TH
Самосбывающееся пророчество IV,คำทำนายพิสูจน์ตน 4,th-TH
Свиток бренного мира,ในม้วนตำราโลกธุลี,th-TH
Серебряная медаль «Виртуального кризиса»,"เหรียญซิลเวอร์ ""เครือข่ายผันผวน""",th-TH
Серебряная медаль «Возвращения легиона»,"เหรียญซิลเวอร์ ""กองทัพหวนคืน""",th-TH
Серебряная медаль «Грамматики счастья»,"เหรียญซิลเวอร์ ""ไวยากรณ์ความสุข""",th-TH
Серебряная медаль «Жужжащего смеха»,"เหรียญซิลเวอร์ ""หึ่งหั่งดั่งเสียงขำ""",th-TH
Серебряная медаль «Не бесите Пом-Пом»,"เหรียญซิลเวอร์ ""อย่าแหย่ Pom-Pom""",th-TH
Серебряная медаль «Свитка бренного мира»,"เหรียญซิลเวอร์ ""ในม้วนตำราโลกธุลี""",th-TH
Синтаксические нормы,ไวยากรณ์โปรแกรม,th-TH
Синтаксические нормы I,ไวยากรณ์โปรแกรม 1,th-TH
Синтаксические нормы II,ไวยากรณ์โปรแกรม 2,th-TH
Синтаксические нормы III,ไวยากรณ์โปรแกรม 3,th-TH
Синтаксические нормы IV,ไวยากรณ์โปรแกรม 4,th-TH
Сказания о пойманной птице,ตำนานของนกในกรง,th-TH
Сказания о пойманной птице I,ตำนานของนกในกรง 1,th-TH
Сказания о пойманной птице II,ตำนานของนกในกรง 2,th-TH
Сказания о пойманной птице III,ตำนานของนกในกรง 3,th-TH
Сказания о пойманной птице IV,ตำนานของนกในกรง 4,th-TH
Скитания в море звёзд,การเดินทางอันโดดเดี่ยวในห้วงอวกาศ,th-TH
Скитания в море звёзд I,การเดินทางอันโดดเดี่ยวในห้วงอวกาศ 1,th-TH
Скитания в море звёзд II,การเดินทางอันโดดเดี่ยวในห้วงอวกาศ 2,th-TH
Скитания в море звёзд III,การเดินทางอันโดดเดี่ยวในห้วงอวกาศ 3,th-TH
Скитания в море звёзд IV,การเดินทางอันโดดเดี่ยวในห้วงอวกาศ 4,th-TH
Скитания в море звёзд IX,การเดินทางอันโดดเดี่ยวในห้วงอวกาศ 9,th-TH
Скитания в море звёзд V,การเดินทางอันโดดเดี่ยวในห้วงอวกาศ 5,th-TH
Скитания в море звёзд VI,การเดินทางอันโดดเดี่ยวในห้วงอวกาศ 6,th-TH
Скитания в море звёзд VII,การเดินทางอันโดดเดี่ยวในห้วงอวกาศ 7,th-TH
Скитания в море звёзд VIII,การเดินทางอันโดดเดี่ยวในห้วงอวกาศ 8,th-TH
Скитания в море звёзд X,การเดินทางอันโดดเดี่ยวในห้วงอวกาศ 10,th-TH
Складные речи,กระแสคารมคมคาย,th-TH
Складные речи I,กระแสคารมคมคาย 1,th-TH
Складные речи II,กระแสคารมคมคาย 2,th-TH
Складные речи III,กระแสคารมคมคาย 3,th-TH
Складные речи IV,กระแสคารมคมคาย 4,th-TH
Следы Санктус Медикус,ร่องรอยแห่ง Sanctus Medicus,th-TH
Следы Санктус Медикус I,ร่องรอยแห่ง Sanctus Medicus 1,th-TH
Следы Санктус Медикус II,ร่องรอยแห่ง Sanctus Medicus 2,th-TH
Следы Санктус Медикус III,ร่องรอยแห่ง Sanctus Medicus 3,th-TH
Следы Санктус Медикус IV,ร่องรอยแห่ง Sanctus Medicus 4,th-TH
Следы Санктус Медикус IX,ร่องรอยแห่ง Sanctus Medicus 9,th-TH
Следы Санктус Медикус V,ร่องรอยแห่ง Sanctus Medicus 5,th-TH
Следы Санктус Медикус VI,ร่องรอยแห่ง Sanctus Medicus 6,th-TH
Следы Санктус Медикус VII,ร่องรอยแห่ง Sanctus Medicus 7,th-TH
Следы Санктус Медикус VIII,ร่องรอยแห่ง Sanctus Medicus 8,th-TH
Следы Санктус Медикус X,ร่องรอยแห่ง Sanctus Medicus 10,th-TH
Служебное действие,เวรปฏิบัติการ,th-TH
Служебное действие I,เวรปฏิบัติการ 1,th-TH
Служебное действие II,เวรปฏิบัติการ 2,th-TH
Служебное действие III,เวรปฏิบัติการ 3,th-TH
Служебное действие IV,เวรปฏิบัติการ 4,th-TH
Служебное действие IX,เวรปฏิบัติการ 9,th-TH
Служебное действие V,เวรปฏิบัติการ 5,th-TH
Служебное действие VI,เวรปฏิบัติการ 6,th-TH
Служебное действие VII,เวรปฏิบัติการ 7,th-TH
Служебное действие VIII,เวรปฏิบัติการ 8,th-TH
Служебное действие X,เวรปฏิบัติการ 10,th-TH
Служебное действие XI,เวรปฏิบัติการ 11,th-TH
Служебное действие XII,เวรปฏิบัติการ 12,th-TH
Собрание эпоса,ชุดบทกวีมหากาพย์,th-TH
Собрание эпоса I,ชุดบทกวีมหากาพย์ 1,th-TH
Собрание эпоса II,ชุดบทกวีมหากาพย์ 2,th-TH
Собрание эпоса III,ชุดบทกวีมหากาพย์ 3,th-TH
Собрание эпоса IV,ชุดบทกวีมหากาพย์ 4,th-TH
Сон во сне,ฝันซ้อนฝัน,th-TH
Сон во сне I,ฝันซ้อนฝัน 1,th-TH
Сон во сне II,ฝันซ้อนฝัน 2,th-TH
Сон во сне III,ฝันซ้อนฝัน 3,th-TH
Сон во сне IV,ฝันซ้อนฝัน 4,th-TH
Сон во сне IX,ฝันซ้อนฝัน 9,th-TH
Сон во сне V,ฝันซ้อนฝัน 5,th-TH
Сон во сне VI,ฝันซ้อนฝัน 6,th-TH
Сон во сне VII,ฝันซ้อนฝัน 7,th-TH
Сон во сне VIII,ฝันซ้อนฝัน 8,th-TH
Сон во сне X,ฝันซ้อนฝัน 10,th-TH
Сон во сне XI,ฝันซ้อนฝัน 11,th-TH
Сон во сне XII,ฝันซ้อนฝัน 12,th-TH
Спутанный неологизм,ศัพท์ใหม่ชวนฉงน,th-TH
Спутанный неологизм I,ศัพท์ใหม่ชวนฉงน 1,th-TH
Спутанный неологизм II,ศัพท์ใหม่ชวนฉงน 2,th-TH
Спутанный неологизм III,ศัพท์ใหม่ชวนฉงน 3,th-TH
Спутанный неологизм IV,ศัพท์ใหม่ชวนฉงน 4,th-TH
Сражение в море слёз,สงครามหยาดน้ำตาแห่งสายฝน,th-TH
Сражение в море слёз I,สงครามหยาดน้ำตาแห่งสายฝน 1,th-TH
Сражение в море слёз II,สงครามหยาดน้ำตาแห่งสายฝน 2,th-TH
Сражение в море слёз III,สงครามหยาดน้ำตาแห่งสายฝน 3,th-TH
Сражение в море слёз IV,สงครามหยาดน้ำตาแห่งสายฝน 4,th-TH
Сражение в море слёз IX,สงครามหยาดน้ำตาแห่งสายฝน 9,th-TH
Сражение в море слёз V,สงครามหยาดน้ำตาแห่งสายฝน 5,th-TH
Сражение в море слёз VI,สงครามหยาดน้ำตาแห่งสายฝน 6,th-TH
Сражение в море слёз VII,สงครามหยาดน้ำตาแห่งสายฝน 7,th-TH
Сражение в море слёз VIII,สงครามหยาดน้ำตาแห่งสายฝน 8,th-TH
Сражение в море слёз X,สงครามหยาดน้ำตาแห่งสายฝน 10,th-TH
Столп созидания,เสาแห่งการนิรมิต,th-TH
Столп созидания I,เสาแห่งการนิรมิต 1,th-TH
Столп созидания II,เสาแห่งการนิรมิต 2,th-TH
Столп созидания III,เสาแห่งการนิรมิต 3,th-TH
Столп созидания IV,เสาแห่งการนิรมิต 4,th-TH
Столп созидания IX,เสาแห่งการนิรมิต 9,th-TH
Столп созидания V,เสาแห่งการนิรมิต 5,th-TH
Столп созидания VI,เสาแห่งการนิรมิต 6,th-TH
Столп созидания VII,เสาแห่งการนิรมิต 7,th-TH
Столп созидания VIII,เสาแห่งการนิรมิต 8,th-TH
Столп созидания X,เสาแห่งการนิรมิต 10,th-TH
Столп созидания XI,เสาแห่งการนิรมิต 11,th-TH
Столп созидания XII,เสาแห่งการนิรมิต 12,th-TH
Страшилки академии,เรื่องลี้ลับในโรงเรียน,th-TH
Страшилки академии I,เรื่องลี้ลับในโรงเรียน 1,th-TH
Страшилки академии II,เรื่องลี้ลับในโรงเรียน 2,th-TH
Страшилки академии III,เรื่องลี้ลับในโรงเรียน 3,th-TH
Страшилки академии IV,เรื่องลี้ลับในโรงเรียน 4,th-TH
Страшилки академии IX,เรื่องลี้ลับในโรงเรียน 9,th-TH
Страшилки академии V,เรื่องลี้ลับในโรงเรียน 5,th-TH
Страшилки академии VI,เรื่องลี้ลับในโรงเรียน 6,th-TH
Страшилки академии VII,เรื่องลี้ลับในโรงเรียน 7,th-TH
Страшилки академии VIII,เรื่องลี้ลับในโรงเรียน 8,th-TH
Страшилки академии X,เรื่องลี้ลับในโรงเรียน 10,th-TH
Страшилки академии XI,เรื่องลี้ลับในโรงเรียน 11,th-TH
Страшилки академии XII,เรื่องลี้ลับในโรงเรียน 12,th-TH
Строительство корабля иллюзий,เรือแห่งความฝัน,th-TH
Строительство корабля иллюзий I,เรือแห่งความฝัน 1,th-TH
Строительство корабля иллюзий II,เรือแห่งความฝัน 2,th-TH
Строительство корабля иллюзий III,เรือแห่งความฝัน 3,th-TH
Строительство корабля иллюзий IV,เรือแห่งความฝัน 4,th-TH
Строительство корабля иллюзий IX,เรือแห่งความฝัน 9,th-TH
Строительство корабля иллюзий V,เรือแห่งความฝัน 5,th-TH
Строительство корабля иллюзий VI,เรือแห่งความฝัน 6,th-TH
Строительство корабля иллюзий VII,เรือแห่งความฝัน 7,th-TH
Строительство корабля иллюзий VIII,เรือแห่งความฝัน 8,th-TH
Строительство корабля иллюзий X,เรือแห่งความฝัน 10,th-TH
Структура из трёх актов,โครงสร้างสามองก์,th-TH
Структура из трёх актов I,โครงสร้างสามองก์ 1,th-TH
Структура из трёх актов II,โครงสร้างสามองก์ 2,th-TH
Структура из трёх актов III,โครงสร้างสามองก์ 3,th-TH
Структура из трёх актов IV,โครงสร้างสามองก์ 4,th-TH
Субъективный нарратив,บรรยายเชิงอัตวิสัย,th-TH
Субъективный нарратив I,บรรยายเชิงอัตวิสัย 1,th-TH
Субъективный нарратив II,บรรยายเชิงอัตวิสัย 2,th-TH
Субъективный нарратив III,บรรยายเชิงอัตวิสัย 3,th-TH
Субъективный нарратив IV,บรรยายเชิงอัตวิสัย 4,th-TH
Суверенный контроль,ควบคุมและบัญชา,th-TH
Суверенный контроль: Сложность I,ควบคุมและบัญชา: ความยาก 01,th-TH
Суверенный контроль: Сложность II,ควบคุมและบัญชา: ความยาก 02,th-TH
Суверенный контроль: Сложность III,ควบคุมและบัญชา: ความยาก 03,th-TH
Суверенный контроль: Сложность IV,ควบคุมและบัญชา: ความยาก 04,th-TH
Тайна в глубинах космоса,ปริศนาในห้วงอวกาศ,th-TH
Тайна в глубинах космоса I,ปริศนาในห้วงอวกาศ 1,th-TH
Тайна в глубинах космоса II,ปริศนาในห้วงอวกาศ 2,th-TH
Тайна в глубинах космоса III,ปริศนาในห้วงอวกาศ 3,th-TH
Тайна в глубинах космоса IV,ปริศนาในห้วงอวกาศ 4,th-TH
Тайна в глубинах космоса IX,ปริศนาในห้วงอวกาศ 9,th-TH
Тайна в глубинах космоса V,ปริศนาในห้วงอวกาศ 5,th-TH
Тайна в глубинах космоса VI,ปริศนาในห้วงอวกาศ 6,th-TH
Тайна в глубинах космоса VII,ปริศนาในห้วงอวกาศ 7,th-TH
Тайна в глубинах космоса VIII,ปริศนาในห้วงอวกาศ 8,th-TH
Тайна в глубинах космоса X,ปริศนาในห้วงอวกาศ 10,th-TH
Тайна в глубинах космоса XI,ปริศนาในห้วงอวกาศ 11,th-TH
Тайна в глубинах космоса XII,ปริศนาในห้วงอวกาศ 12,th-TH
Танцуя с грёзами,เต้นรำกับความฝัน,th-TH
Танцуя с грёзами I,เต้นรำกับความฝัน 1,th-TH
Танцуя с грёзами II,เต้นรำกับความฝัน 2,th-TH
Танцуя с грёзами III,เต้นรำกับความฝัน 3,th-TH
Танцуя с грёзами IV,เต้นรำกับความฝัน 4,th-TH
Танцуя с грёзами IX,เต้นรำกับความฝัน 9,th-TH
Танцуя с грёзами V,เต้นรำกับความฝัน 5,th-TH
Танцуя с грёзами VI,เต้นรำกับความฝัน 6,th-TH
Танцуя с грёзами VII,เต้นรำกับความฝัน 7,th-TH
Танцуя с грёзами VIII,เต้นรำกับความฝัน 8,th-TH
Танцуя с грёзами X,เต้นรำกับความฝัน 10,th-TH
Танцуя с грёзами XI,เต้นรำกับความฝัน 11,th-TH
Танцуя с грёзами XII,เต้นรำกับความฝัน 12,th-TH
Тоска по миру снов,แดนฝันสุดถวิล,th-TH
Тоска по миру снов I,แดนฝันสุดถวิล 1,th-TH
Тоска по миру снов II,แดนฝันสุดถวิล 2,th-TH
Тоска по миру снов III,แดนฝันสุดถวิล 3,th-TH
Тоска по миру снов IV,แดนฝันสุดถวิล 4,th-TH
Тоска по миру снов IX,แดนฝันสุดถวิล 9,th-TH
Тоска по миру снов V,แดนฝันสุดถวิล 5,th-TH
Тоска по миру снов VI,แดนฝันสุดถวิล 6,th-TH
Тоска по миру снов VII,แดนฝันสุดถวิล 7,th-TH
Тоска по миру снов VIII,แดนฝันสุดถวิล 8,th-TH
Тоска по миру снов X,แดนฝันสุดถวิล 10,th-TH
Тоска по миру снов XI,แดนฝันสุดถวิล 11,th-TH
Тоска по миру снов XII,แดนฝันสุดถวิล 12,th-TH
Усмирение бури,พายุฉุดชีวัน,th-TH
Усмирение бури I,พายุฉุดชีวันขั้นที่ 1,th-TH
Усмирение бури II,พายุฉุดชีวันขั้นที่ 2,th-TH
Усмирение бури III,พายุฉุดชีวันขั้นที่ 3,th-TH
Усмирение бури IV,พายุฉุดชีวันขั้นที่ 4,th-TH
Усмирение бури IX,พายุฉุดชีวันขั้นที่ 9,th-TH
Усмирение бури V,พายุฉุดชีวันขั้นที่ 5,th-TH
Усмирение бури VI,พายุฉุดชีวันขั้นที่ 6,th-TH
Усмирение бури VII,พายุฉุดชีวันขั้นที่ 7,th-TH
Усмирение бури VIII,พายุฉุดชีวันขั้นที่ 8,th-TH
Усмирение бури X,พายุฉุดชีวันขั้นที่ 10,th-TH
Усмирение корней Древа амброзии,การปราบรากศักดิ์สิทธิ์,th-TH
Усмирение корней Древа амброзии I,การปราบรากศักดิ์สิทธิ์ 1,th-TH
Усмирение корней Древа амброзии II,การปราบรากศักดิ์สิทธิ์ 2,th-TH
Усмирение корней Древа амброзии III,การปราบรากศักดิ์สิทธิ์ 3,th-TH
Усмирение корней Древа амброзии IV,การปราบรากศักดิ์สิทธิ์ 4,th-TH
Усмирение корней Древа амброзии IX,การปราบรากศักดิ์สิทธิ์ 9,th-TH
Усмирение корней Древа амброзии V,การปราบรากศักดิ์สิทธิ์ 5,th-TH
Усмирение корней Древа амброзии VI,การปราบรากศักดิ์สิทธิ์ 6,th-TH
Усмирение корней Древа амброзии VII,การปราบรากศักดิ์สิทธิ์ 7,th-TH
Усмирение корней Древа амброзии VIII,การปราบรากศักดิ์สิทธิ์ 8,th-TH
Усмирение корней Древа амброзии X,การปราบรากศักดิ์สิทธิ์ 10,th-TH
Участь игрока,ความลำบากของนักพนัน,th-TH
Участь игрока I,ความลำบากของนักพนัน 1,th-TH
Участь игрока II,ความลำบากของนักพนัน 2,th-TH
Участь игрока III,ความลำบากของนักพนัน 3,th-TH
Участь игрока IV,ความลำบากของนักพนัน 4,th-TH
Участь игрока IX,ความลำบากของนักพนัน 9,th-TH
Участь игрока V,ความลำบากของนักพนัน 5,th-TH
Участь игрока VI,ความลำบากของนักพนัน 6,th-TH
Участь игрока VII,ความลำบากของนักพนัน 7,th-TH
Участь игрока VIII,ความลำบากของนักพนัน 8,th-TH
Участь игрока X,ความลำบากของนักพนัน 10,th-TH
Участь игрока XI,ความลำบากของนักพนัน 11,th-TH
Участь игрока XII,ความลำบากของนักพนัน 12,th-TH
Хроники белой ночи,บันทึกแดนแห่งฝันในราตรีสีขาว,th-TH
Хроники белой ночи I,บันทึกแดนแห่งฝันในราตรีสีขาว 1,th-TH
Хроники белой ночи II,บันทึกแดนแห่งฝันในราตรีสีขาว 2,th-TH
Хроники белой ночи III,บันทึกแดนแห่งฝันในราตรีสีขาว 3,th-TH
Хроники белой ночи IV,บันทึกแดนแห่งฝันในราตรีสีขาว 4,th-TH
Хроники белой ночи IX,บันทึกแดนแห่งฝันในราตรีสีขาว 9,th-TH
Хроники белой ночи V,บันทึกแดนแห่งฝันในราตรีสีขาว 5,th-TH
Хроники белой ночи VI,บันทึกแดนแห่งฝันในราตรีสีขาว 6,th-TH
Хроники белой ночи VII,บันทึกแดนแห่งฝันในราตรีสีขาว 7,th-TH
Хроники белой ночи VIII,บันทึกแดนแห่งฝันในราตรีสีขาว 8,th-TH
Хроники белой ночи X,บันทึกแดนแห่งฝันในราตรีสีขาว 10,th-TH
Хроники белой ночи XI,บันทึกแดนแห่งฝันในราตรีสีขาว 11,th-TH
Хроники белой ночи XII,บันทึกแดนแห่งฝันในราตรีสีขาว 12,th-TH
Хроники дрейфующего ковчега,บันทึกของเรือแสวงหายาอมตะ,th-TH
Чревоугодия миг,ช่วงเวลาแห่งงานฉลอง,th-TH
Чревоугодия миг I,ช่วงเวลาแห่งงานฉลอง 1,th-TH
Чревоугодия миг II,ช่วงเวลาแห่งงานฉลอง 2,th-TH
Чревоугодия миг III,ช่วงเวลาแห่งงานฉลอง 3,th-TH
Чревоугодия миг IV,ช่วงเวลาแห่งงานฉลอง 4,th-TH
Чревоугодия миг IX,ช่วงเวลาแห่งงานฉลอง 9,th-TH
Чревоугодия миг V,ช่วงเวลาแห่งงานฉลอง 5,th-TH
Чревоугодия миг VI,ช่วงเวลาแห่งงานฉลอง 6,th-TH
Чревоугодия миг VII,ช่วงเวลาแห่งงานฉลอง 7,th-TH
Чревоугодия миг VIII,ช่วงเวลาแห่งงานฉลอง 8,th-TH
Чревоугодия миг X,ช่วงเวลาแห่งงานฉลอง 10,th-TH
Чревоугодия миг XI,ช่วงเวลาแห่งงานฉลอง 11,th-TH
Чревоугодия миг XII,ช่วงเวลาแห่งงานฉลอง 12,th-TH
Шах и мат,รุกฆาตราชา,th-TH
Шквалистая макака,วานรโหมวายุ,th-TH
Шквалистая макака: Сложность I,วานรโหมวายุ: ความยาก 01,th-TH
Шквалистая макака: Сложность II,วานรโหมวายุ: ความยาก 02,th-TH
Шквалистая макака: Сложность III,วานรโหมวายุ: ความยาก 03,th-TH
Шквалистая макака: Сложность IV,วานรโหมวายุ: ความยาก 04,th-TH
Эндшпиль эрудроидов,หุ่นยนต์เผด็จศึก,th-TH
Ảo Cảnh Mặt Trời Rực Lửa,มายาตะวันแรงกล้า,th-TH
「ネット騒動」ゴールド勲章,"เหรียญโกลด์ ""เครือข่ายผันผวน""",th-TH
「ネット騒動」シルバー勲章,"เหรียญซิลเวอร์ ""เครือข่ายผันผวน""",th-TH
「ネット騒動」ブロンズ勲章,"เหรียญเวอริเดียนบรอนซ์ ""เครือข่ายผันผวน""",th-TH
「ネット騒動」プリズム勲章,"เหรียญปริซึม ""เครือข่ายผันผวน""",th-TH
「パムを怒らすべからず」ゴールド勲章,"เหรียญโกลด์ ""อย่าแหย่ Pom-Pom""",th-TH
「パムを怒らすべからず」シルバー勲章,"เหรียญซิลเวอร์ ""อย่าแหย่ Pom-Pom""",th-TH
「パムを怒らすべからず」ブロンズ勲章,"เหรียญเวอริเดียนบรอนซ์ ""อย่าแหย่ Pom-Pom""",th-TH
「パムを怒らすべからず」プリズム勲章,"เหรียญปริซึม ""อย่าแหย่ Pom-Pom""",th-TH
「レギオン再来」ゴールド勲章,"เหรียญโกลด์ ""กองทัพหวนคืน""",th-TH
「レギオン再来」シルバー勲章,"เหรียญซิลเวอร์ ""กองทัพหวนคืน""",th-TH
「レギオン再来」ブロンズ勲章,"เหรียญเวอริเดียนบรอนซ์ ""กองทัพหวนคืน""",th-TH
「レギオン再来」プリズム勲章,"เหรียญปริซึม ""กองทัพหวนคืน""",th-TH
「俗世の絵巻」ゴールド勲章,"เหรียญโกลด์ ""ในม้วนตำราโลกธุลี""",th-TH
「俗世の絵巻」シルバー勲章,"เหรียญซิลเวอร์ ""ในม้วนตำราโลกธุลี""",th-TH
「俗世の絵巻」ブロンズ勲章,"เหรียญเวอริเดียนบรอนซ์ ""ในม้วนตำราโลกธุลี""",th-TH
「俗世の絵巻」プリズム勲章,"เหรียญปริซึม ""ในม้วนตำราโลกธุลี""",th-TH
「军团再临」彩钻勋章,"เหรียญปริซึม ""กองทัพหวนคืน""",th-TH
「军团再临」白银勋章,"เหรียญซิลเวอร์ ""กองทัพหวนคืน""",th-TH
「军团再临」青铜勋章,"เหรียญเวอริเดียนบรอนซ์ ""กองทัพหวนคืน""",th-TH
「军团再临」黄金勋章,"เหรียญโกลด์ ""กองทัพหวนคืน""",th-TH
「別惹帕姆」彩鑽勳章,"เหรียญปริซึม ""อย่าแหย่ Pom-Pom""",th-TH
「別惹帕姆」白銀勳章,"เหรียญซิลเวอร์ ""อย่าแหย่ Pom-Pom""",th-TH
「別惹帕姆」青銅勳章,"เหรียญเวอริเดียนบรอนซ์ ""อย่าแหย่ Pom-Pom""",th-TH
「別惹帕姆」黃金勳章,"เหรียญโกลด์ ""อย่าแหย่ Pom-Pom""",th-TH
「别惹帕姆」彩钻勋章,"เหรียญปริซึม ""อย่าแหย่ Pom-Pom""",th-TH
「别惹帕姆」白银勋章,"เหรียญซิลเวอร์ ""อย่าแหย่ Pom-Pom""",th-TH
「别惹帕姆」青铜勋章,"เหรียญเวอริเดียนบรอนซ์ ""อย่าแหย่ Pom-Pom""",th-TH
「别惹帕姆」黄金勋章,"เหรียญโกลด์ ""อย่าแหย่ Pom-Pom""",th-TH
「嗡鳴如笑」彩鑽勳章,"เหรียญปริซึม ""หึ่งหั่งดั่งเสียงขำ""",th-TH
「嗡鳴如笑」白銀勳章,"เหรียญซิลเวอร์ ""หึ่งหั่งดั่งเสียงขำ""",th-TH
「嗡鳴如笑」青銅勳章,"เหรียญเวอริเดียนบรอนซ์ ""หึ่งหั่งดั่งเสียงขำ""",th-TH
「嗡鳴如笑」黃金勳章,"เหรียญโกลด์ ""หึ่งหั่งดั่งเสียงขำ""",th-TH
「嗡鸣如笑」彩钻勋章,"เหรียญปริซึม ""หึ่งหั่งดั่งเสียงขำ""",th-TH
「嗡鸣如笑」白银勋章,"เหรียญซิลเวอร์ ""หึ่งหั่งดั่งเสียงขำ""",th-TH
「嗡鸣如笑」青铜勋章,"เหรียญเวอริเดียนบรอนซ์ ""หึ่งหั่งดั่งเสียงขำ""",th-TH
「嗡鸣如笑」黄金勋章,"เหรียญโกลด์ ""หึ่งหั่งดั่งเสียงขำ""",th-TH
「塵世卷中」彩鑽勳章,"เหรียญปริซึม ""ในม้วนตำราโลกธุลี""",th-TH
「塵世卷中」白銀勳章,"เหรียญซิลเวอร์ ""ในม้วนตำราโลกธุลี""",th-TH
「塵世卷中」青銅勳章,"เหรียญเวอริเดียนบรอนซ์ ""ในม้วนตำราโลกธุลี""",th-TH
「塵世卷中」黃金勳章,"เหรียญโกลด์ ""ในม้วนตำราโลกธุลี""",th-TH
「尘世卷中」彩钻勋章,"เหรียญปริซึม ""ในม้วนตำราโลกธุลี""",th-TH
「尘世卷中」白银勋章,"เหรียญซิลเวอร์ ""ในม้วนตำราโลกธุลี""",th-TH
「尘世卷中」青铜勋章,"เหรียญเวอริเดียนบรอนซ์ ""ในม้วนตำราโลกธุลี""",th-TH
「尘世卷中」黄金勋章,"เหรียญโกลด์ ""ในม้วนตำราโลกธุลี""",th-TH
「幸福文法」ゴールド勲章,"เหรียญโกลด์ ""ไวยากรณ์ความสุข""",th-TH
「幸福文法」シルバー勲章,"เหรียญซิลเวอร์ ""ไวยากรณ์ความสุข""",th-TH
「幸福文法」ブロンズ勲章,"เหรียญเวอริเดียนบรอนซ์ ""ไวยากรณ์ความสุข""",th-TH
「幸福文法」プリズム勲章,"เหรียญปริซึม ""ไวยากรณ์ความสุข""",th-TH
「幸福語法」彩鑽勳章,"เหรียญปริซึม ""ไวยากรณ์ความสุข""",th-TH
「幸福語法」白銀勳章,"เหรียญซิลเวอร์ ""ไวยากรณ์ความสุข""",th-TH
「幸福語法」青銅勳章,"เหรียญเวอริเดียนบรอนซ์ ""ไวยากรณ์ความสุข""",th-TH
「幸福語法」黃金勳章,"เหรียญโกลด์ ""ไวยากรณ์ความสุข""",th-TH
「幸福语法」彩钻勋章,"เหรียญปริซึม ""ไวยากรณ์ความสุข""",th-TH
「幸福语法」白银勋章,"เหรียญซิลเวอร์ ""ไวยากรณ์ความสุข""",th-TH
「幸福语法」青铜勋章,"เหรียญเวอริเดียนบรอนซ์ ""ไวยากรณ์ความสุข""",th-TH
「幸福语法」黄金勋章,"เหรียญโกลด์ ""ไวยากรณ์ความสุข""",th-TH
「忘却の庭」の勲章,"เหรียญตรา ""Forgotten Hall""",th-TH
「忘却之庭」勋章,"เหรียญตรา ""Forgotten Hall""",th-TH
「忘卻之庭」勳章,"เหรียญตรา ""Forgotten Hall""",th-TH
「末日の幻影」の勲章,"เหรียญตรา ""Apocalyptic Shadow""",th-TH
「末日幻影」勋章,"เหรียญตรา ""Apocalyptic Shadow""",th-TH
「末日幻影」勳章,"เหรียญตรา ""Apocalyptic Shadow""",th-TH
「笑い声のような羽音」ゴールド勲章,"เหรียญโกลด์ ""หึ่งหั่งดั่งเสียงขำ""",th-TH
「笑い声のような羽音」シルバー勲章,"เหรียญซิลเวอร์ ""หึ่งหั่งดั่งเสียงขำ""",th-TH
「笑い声のような羽音」ブロンズ勲章,"เหรียญเวอริเดียนบรอนซ์ ""หึ่งหั่งดั่งเสียงขำ""",th-TH
「笑い声のような羽音」プリズム勲章,"เหรียญปริซึม ""หึ่งหั่งดั่งเสียงขำ""",th-TH
「網路風波」彩鑽勳章,"เหรียญปริซึม ""เครือข่ายผันผวน""",th-TH
「網路風波」白銀勳章,"เหรียญซิลเวอร์ ""เครือข่ายผันผวน""",th-TH
「網路風波」青銅勳章,"เหรียญเวอริเดียนบรอนซ์ ""เครือข่ายผันผวน""",th-TH
「網路風波」黃金勳章,"เหรียญโกลด์ ""เครือข่ายผันผวน""",th-TH
「网络风波」彩钻勋章,"เหรียญปริซึม ""เครือข่ายผันผวน""",th-TH
「网络风波」白银勋章,"เหรียญซิลเวอร์ ""เครือข่ายผันผวน""",th-TH
「网络风波」青铜勋章,"เหรียญเวอริเดียนบรอนซ์ ""เครือข่ายผันผวน""",th-TH
「网络风波」黄金勋章,"เหรียญโกลด์ ""เครือข่ายผันผวน""",th-TH
「虚构叙事」勋章,"เหรียญตรา ""Pure Fiction""",th-TH
「虚構叙事」の勲章,"เหรียญตรา ""Pure Fiction""",th-TH
「虛構敘事」勳章,"เหรียญตรา ""Pure Fiction""",th-TH
「軍團再臨」彩鑽勳章,"เหรียญปริซึม ""กองทัพหวนคืน""",th-TH
「軍團再臨」白銀勳章,"เหรียญซิลเวอร์ ""กองทัพหวนคืน""",th-TH
「軍團再臨」青銅勳章,"เหรียญเวอริเดียนบรอนซ์ ""กองทัพหวนคืน""",th-TH
「軍團再臨」黃金勳章,"เหรียญโกลด์ ""กองทัพหวนคืน""",th-TH
「군단의 재림」 골드 훈장,"เหรียญโกลด์ ""กองทัพหวนคืน""",th-TH
「군단의 재림」 다이아 훈장,"เหรียญปริซึม ""กองทัพหวนคืน""",th-TH
「군단의 재림」 브론즈 훈장,"เหรียญเวอริเดียนบรอนซ์ ""กองทัพหวนคืน""",th-TH
「군단의 재림」 실버 훈장,"เหรียญซิลเวอร์ ""กองทัพหวนคืน""",th-TH
「네트워크 소동」 골드 훈장,"เหรียญโกลด์ ""เครือข่ายผันผวน""",th-TH
「네트워크 소동」 다이아 훈장,"เหรียญปริซึม ""เครือข่ายผันผวน""",th-TH
「네트워크 소동」 브론즈 훈장,"เหรียญเวอริเดียนบรอนซ์ ""เครือข่ายผันผวน""",th-TH
「네트워크 소동」 실버 훈장,"เหรียญซิลเวอร์ ""เครือข่ายผันผวน""",th-TH
「망각의 정원」 훈장,"เหรียญตรา ""Forgotten Hall""",th-TH
「속세의 두루마리」 골드 훈장,"เหรียญโกลด์ ""ในม้วนตำราโลกธุลี""",th-TH
「속세의 두루마리」 다이아 훈장,"เหรียญปริซึม ""ในม้วนตำราโลกธุลี""",th-TH
「속세의 두루마리」 브론즈 훈장,"เหรียญเวอริเดียนบรอนซ์ ""ในม้วนตำราโลกธุลี""",th-TH
「속세의 두루마리」 실버 훈장,"เหรียญซิลเวอร์ ""ในม้วนตำราโลกธุลี""",th-TH
「웃음 같은 날갯짓」 골드 훈장,"เหรียญโกลด์ ""หึ่งหั่งดั่งเสียงขำ""",th-TH
「웃음 같은 날갯짓」 다이아 훈장,"เหรียญปริซึม ""หึ่งหั่งดั่งเสียงขำ""",th-TH
「웃음 같은 날갯짓」 브론즈 훈장,"เหรียญเวอริเดียนบรอนซ์ ""หึ่งหั่งดั่งเสียงขำ""",th-TH
「웃음 같은 날갯짓」 실버 훈장,"เหรียญซิลเวอร์ ""หึ่งหั่งดั่งเสียงขำ""",th-TH
「종말의 환영」 훈장,"เหรียญตรา ""Apocalyptic Shadow""",th-TH
「폼폼 주의」 골드 훈장,"เหรียญโกลด์ ""อย่าแหย่ Pom-Pom""",th-TH
「폼폼 주의」 다이아 훈장,"เหรียญปริซึม ""อย่าแหย่ Pom-Pom""",th-TH
「폼폼 주의」 브론즈 훈장,"เหรียญเวอริเดียนบรอนซ์ ""อย่าแหย่ Pom-Pom""",th-TH
「폼폼 주의」 실버 훈장,"เหรียญซิลเวอร์ ""อย่าแหย่ Pom-Pom""",th-TH
「행복 문법」 골드 훈장,"เหรียญโกลด์ ""ไวยากรณ์ความสุข""",th-TH
「행복 문법」 다이아 훈장,"เหรียญปริซึม ""ไวยากรณ์ความสุข""",th-TH
「행복 문법」 브론즈 훈장,"เหรียญเวอริเดียนบรอนซ์ ""ไวยากรณ์ความสุข""",th-TH
「행복 문법」 실버 훈장,"เหรียญซิลเวอร์ ""ไวยากรณ์ความสุข""",th-TH
「허구 이야기」 훈장,"เหรียญตรา ""Pure Fiction""",th-TH
あやふやな新語,ศัพท์ใหม่ชวนฉงน,th-TH
あやふやな新語・1,ศัพท์ใหม่ชวนฉงน 1,th-TH
あやふやな新語・2,ศัพท์ใหม่ชวนฉงน 2,th-TH
あやふやな新語・3,ศัพท์ใหม่ชวนฉงน 3,th-TH
あやふやな新語・4,ศัพท์ใหม่ชวนฉงน 4,th-TH
アイドルと螟蝗,มวลแมลงไอดอล,th-TH
アイドルと螟蝗・難易度01,มวลแมลงไอดอล: ความยาก 01,th-TH
アイドルと螟蝗・難易度02,มวลแมลงไอดอล: ความยาก 02,th-TH
アイドルと螟蝗・難易度03,มวลแมลงไอดอล: ความยาก 03,th-TH
アイドルと螟蝗・難易度04,มวลแมลงไอดอล: ความยาก 04,th-TH
オムニックの終局,หุ่นยนต์เผด็จศึก,th-TH
カテゴリーエラー,ตรรกะผิดหมวด,th-TH
カテゴリーエラー・1,ตรรกะผิดหมวด 1,th-TH
カテゴリーエラー・10,ตรรกะผิดหมวด 10,th-TH
カテゴリーエラー・11,ตรรกะผิดหมวด 11,th-TH
カテゴリーエラー・12,ตรรกะผิดหมวด 12,th-TH
カテゴリーエラー・2,ตรรกะผิดหมวด 2,th-TH
カテゴリーエラー・3,ตรรกะผิดหมวด 3,th-TH
カテゴリーエラー・4,ตรรกะผิดหมวด 4,th-TH
カテゴリーエラー・5,ตรรกะผิดหมวด 5,th-TH
カテゴリーエラー・6,ตรรกะผิดหมวด 6,th-TH
カテゴリーエラー・7,ตรรกะผิดหมวด 7,th-TH
カテゴリーエラー・8,ตรรกะผิดหมวด 8,th-TH
カテゴリーエラー・9,ตรรกะผิดหมวด 9,th-TH
キングへの挑戦,รุกฆาตราชา,th-TH
サイバーミステリー,ปริศนาไซเบอร์,th-TH
サイバーミステリー・1,ปริศนาไซเบอร์ 1,th-TH
サイバーミステリー・10,ปริศนาไซเบอร์ 10,th-TH
サイバーミステリー・11,ปริศนาไซเบอร์ 11,th-TH
サイバーミステリー・12,ปริศนาไซเบอร์ 12,th-TH
サイバーミステリー・2,ปริศนาไซเบอร์ 2,th-TH
サイバーミステリー・3,ปริศนาไซเบอร์ 3,th-TH
サイバーミステリー・4,ปริศนาไซเบอร์ 4,th-TH
サイバーミステリー・5,ปริศนาไซเบอร์ 5,th-TH
サイバーミステリー・6,ปริศนาไซเบอร์ 6,th-TH
サイバーミステリー・7,ปริศนาไซเบอร์ 7,th-TH
サイバーミステリー・8,ปริศนาไซเบอร์ 8,th-TH
サイバーミステリー・9,ปริศนาไซเบอร์ 9,th-TH
サルとナイト,อัศวินวานร,th-TH
サルとナイト・難易度01,อัศวินวานร - ความยาก 01,th-TH
サルとナイト・難易度02,อัศวินวานร - ความยาก 02,th-TH
サルとナイト・難易度03,อัศวินวานร - ความยาก 03,th-TH
サルとナイト・難易度04,อัศวินวานร - ความยาก 04,th-TH
サルのトリック,กลวานร,th-TH
サルのトリック・1,กลวานร 1,th-TH
サルのトリック・10,กลวานร 10,th-TH
サルのトリック・11,กลวานร 11,th-TH
サルのトリック・12,กลวานร 12,th-TH
サルのトリック・2,กลวานร 2,th-TH
サルのトリック・3,กลวานร 3,th-TH
サルのトリック・4,กลวานร 4,th-TH
サルのトリック・5,กลวานร 5,th-TH
サルのトリック・6,กลวานร 6,th-TH
サルのトリック・7,กลวานร 7,th-TH
サルのトリック・8,กลวานร 8,th-TH
サルのトリック・9,กลวานร 9,th-TH
シンタックスルール,ไวยากรณ์โปรแกรม,th-TH
シンタックスルール・1,ไวยากรณ์โปรแกรม 1,th-TH
シンタックスルール・2,ไวยากรณ์โปรแกรม 2,th-TH
シンタックスルール・3,ไวยากรณ์โปรแกรม 3,th-TH
シンタックスルール・4,ไวยากรณ์โปรแกรม 4,th-TH
ナイト（III）,อัศวิน (3),th-TH
ナイト（II）,อัศวิน (2),th-TH
ナイト（I）,อัศวิน (1),th-TH
ネット騒動,เครือข่ายผันผวน,th-TH
パムを怒らすべからず,อย่าแหย่ Pom-Pom,th-TH
レギオン再来,กองทัพหวนคืน,th-TH
ワードレスノベル,นิยายไร้ตัวอักษร,th-TH
ワードレスノベル・1,นิยายไร้ตัวอักษร 1,th-TH
ワードレスノベル・2,นิยายไร้ตัวอักษร 2,th-TH
ワードレスノベル・3,นิยายไร้ตัวอักษร 3,th-TH
ワードレスノベル・4,นิยายไร้ตัวอักษร 4,th-TH
一晌荒宴,ช่วงเวลาแห่งงานฉลอง,th-TH
一晌荒宴其一,ช่วงเวลาแห่งงานฉลอง 1,th-TH
一晌荒宴其七,ช่วงเวลาแห่งงานฉลอง 7,th-TH
一晌荒宴其三,ช่วงเวลาแห่งงานฉลอง 3,th-TH
一晌荒宴其九,ช่วงเวลาแห่งงานฉลอง 9,th-TH
一晌荒宴其二,ช่วงเวลาแห่งงานฉลอง 2,th-TH
一晌荒宴其五,ช่วงเวลาแห่งงานฉลอง 5,th-TH
一晌荒宴其八,ช่วงเวลาแห่งงานฉลอง 8,th-TH
一晌荒宴其六,ช่วงเวลาแห่งงานฉลอง 6,th-TH
一晌荒宴其十,ช่วงเวลาแห่งงานฉลอง 10,th-TH
一晌荒宴其十一,ช่วงเวลาแห่งงานฉลอง 11,th-TH
一晌荒宴其十二,ช่วงเวลาแห่งงานฉลอง 12,th-TH
一晌荒宴其四,ช่วงเวลาแห่งงานฉลอง 4,th-TH
万年移ろわぬ盟約の誓い,คำสัตย์นิจนิรันดร์,th-TH
万年移ろわぬ盟約の誓い・1,คำสัตย์นิจนิรันดร์ 1,th-TH
万年移ろわぬ盟約の誓い・10,คำสัตย์นิจนิรันดร์ 10,th-TH
万年移ろわぬ盟約の誓い・2,คำสัตย์นิจนิรันดร์ 2,th-TH
万年移ろわぬ盟約の誓い・3,คำสัตย์นิจนิรันดร์ 3,th-TH
万年移ろわぬ盟約の誓い・4,คำสัตย์นิจนิรันดร์ 4,th-TH
万年移ろわぬ盟約の誓い・5,คำสัตย์นิจนิรันดร์ 5,th-TH
万年移ろわぬ盟約の誓い・6,คำสัตย์นิจนิรันดร์ 6,th-TH
万年移ろわぬ盟約の誓い・7,คำสัตย์นิจนิรันดร์ 7,th-TH
万年移ろわぬ盟約の誓い・8,คำสัตย์นิจนิรันดร์ 8,th-TH
万年移ろわぬ盟約の誓い・9,คำสัตย์นิจนิรันดร์ 9,th-TH
万载盟誓,คำสัตย์นิจนิรันดร์,th-TH
万载盟誓其一,คำสัตย์นิจนิรันดร์ 1,th-TH
万载盟誓其七,คำสัตย์นิจนิรันดร์ 7,th-TH
万载盟誓其三,คำสัตย์นิจนิรันดร์ 3,th-TH
万载盟誓其九,คำสัตย์นิจนิรันดร์ 9,th-TH
万载盟誓其二,คำสัตย์นิจนิรันดร์ 2,th-TH
万载盟誓其五,คำสัตย์นิจนิรันดร์ 5,th-TH
万载盟誓其八,คำสัตย์นิจนิรันดร์ 8,th-TH
万载盟誓其六,คำสัตย์นิจนิรันดร์ 6,th-TH
万载盟誓其十,คำสัตย์นิจนิรันดร์ 10,th-TH
万载盟誓其四,คำสัตย์นิจนิรันดร์ 4,th-TH
三幕架构,โครงสร้างสามองก์,th-TH
三幕架构其一,โครงสร้างสามองก์ 1,th-TH
三幕架构其三,โครงสร้างสามองก์ 3,th-TH
三幕架构其二,โครงสร้างสามองก์ 2,th-TH
三幕架构其四,โครงสร้างสามองก์ 4,th-TH
三幕架構,โครงสร้างสามองก์,th-TH
三幕架構其一,โครงสร้างสามองก์ 1,th-TH
三幕架構其三,โครงสร้างสามองก์ 3,th-TH
三幕架構其二,โครงสร้างสามองก์ 2,th-TH
三幕架構其四,โครงสร้างสามองก์ 4,th-TH
三幕構成,โครงสร้างสามองก์,th-TH
三幕構成・1,โครงสร้างสามองก์ 1,th-TH
三幕構成・2,โครงสร้างสามองก์ 2,th-TH
三幕構成・3,โครงสร้างสามองก์ 3,th-TH
三幕構成・4,โครงสร้างสามองก์ 4,th-TH
不协和音,เสียงที่ไม่ลงรอยกัน,th-TH
不協和音,เสียงที่ไม่ลงรอยกัน,th-TH
不和諧音,เสียงที่ไม่ลงรอยกัน,th-TH
与梦共舞,เต้นรำกับความฝัน,th-TH
与梦共舞其一,เต้นรำกับความฝัน 1,th-TH
与梦共舞其七,เต้นรำกับความฝัน 7,th-TH
与梦共舞其三,เต้นรำกับความฝัน 3,th-TH
与梦共舞其九,เต้นรำกับความฝัน 9,th-TH
与梦共舞其二,เต้นรำกับความฝัน 2,th-TH
与梦共舞其五,เต้นรำกับความฝัน 5,th-TH
与梦共舞其八,เต้นรำกับความฝัน 8,th-TH
与梦共舞其六,เต้นรำกับความฝัน 6,th-TH
与梦共舞其十,เต้นรำกับความฝัน 10,th-TH
与梦共舞其十一,เต้นรำกับความฝัน 11,th-TH
与梦共舞其十二,เต้นรำกับความฝัน 12,th-TH
与梦共舞其四,เต้นรำกับความฝัน 4,th-TH
主観的叙事,บรรยายเชิงอัตวิสัย,th-TH
主観的叙事・1,บรรยายเชิงอัตวิสัย 1,th-TH
主観的叙事・2,บรรยายเชิงอัตวิสัย 2,th-TH
主観的叙事・3,บรรยายเชิงอัตวิสัย 3,th-TH
主観的叙事・4,บรรยายเชิงอัตวิสัย 4,th-TH
主觀敘事,บรรยายเชิงอัตวิสัย,th-TH
主觀敘事其一,บรรยายเชิงอัตวิสัย 1,th-TH
主觀敘事其三,บรรยายเชิงอัตวิสัย 3,th-TH
主觀敘事其二,บรรยายเชิงอัตวิสัย 2,th-TH
主觀敘事其四,บรรยายเชิงอัตวิสัย 4,th-TH
主观叙事,บรรยายเชิงอัตวิสัย,th-TH
主观叙事其一,บรรยายเชิงอัตวิสัย 1,th-TH
主观叙事其三,บรรยายเชิงอัตวิสัย 3,th-TH
主观叙事其二,บรรยายเชิงอัตวิสัย 2,th-TH
主观叙事其四,บรรยายเชิงอัตวิสัย 4,th-TH
五步抑扬,กลอนห้าจังหวะ,th-TH
五步抑扬其一,กลอนห้าจังหวะ 1,th-TH
五步抑扬其三,กลอนห้าจังหวะ 3,th-TH
五步抑扬其二,กลอนห้าจังหวะ 2,th-TH
五步抑扬其四,กลอนห้าจังหวะ 4,th-TH
五步抑揚,กลอนห้าจังหวะ,th-TH
五步抑揚其一,กลอนห้าจังหวะ 1,th-TH
五步抑揚其三,กลอนห้าจังหวะ 3,th-TH
五步抑揚其二,กลอนห้าจังหวะ 2,th-TH
五步抑揚其四,กลอนห้าจังหวะ 4,th-TH
仙客天狼,ผู้วิเศษสิงคาล,th-TH
仙客天狼·难度01,ผู้วิเศษสิงคาล: ความยาก 01,th-TH
仙客天狼·难度02,ผู้วิเศษสิงคาล: ความยาก 02,th-TH
仙客天狼·难度03,ผู้วิเศษสิงคาล: ความยาก 03,th-TH
仙客天狼·难度04,ผู้วิเศษสิงคาล: ความยาก 04,th-TH
仙客天狼•難度01,ผู้วิเศษสิงคาล: ความยาก 01,th-TH
仙客天狼•難度02,ผู้วิเศษสิงคาล: ความยาก 02,th-TH
仙客天狼•難度03,ผู้วิเศษสิงคาล: ความยาก 03,th-TH
仙客天狼•難度04,ผู้วิเศษสิงคาล: ความยาก 04,th-TH
仙客天狼・難易度01,ผู้วิเศษสิงคาล: ความยาก 01,th-TH
仙客天狼・難易度02,ผู้วิเศษสิงคาล: ความยาก 02,th-TH
仙客天狼・難易度03,ผู้วิเศษสิงคาล: ความยาก 03,th-TH
仙客天狼・難易度04,ผู้วิเศษสิงคาล: ความยาก 04,th-TH
仙舟の記憶・1,Memory แห่ง Xianzhou ขั้นที่ 1,th-TH
仙舟の記憶・2,Memory แห่ง Xianzhou ขั้นที่ 2,th-TH
仙舟の記憶・3,Memory แห่ง Xianzhou ขั้นที่ 3,th-TH
仙舟の記憶・4,Memory แห่ง Xianzhou ขั้นที่ 4,th-TH
仙舟の記憶・5,Memory แห่ง Xianzhou ขั้นที่ 5,th-TH
仙舟の記憶・6,Memory แห่ง Xianzhou ขั้นที่ 6,th-TH
仙舟回忆其一,Memory แห่ง Xianzhou ขั้นที่ 1,th-TH
仙舟回忆其三,Memory แห่ง Xianzhou ขั้นที่ 3,th-TH
仙舟回忆其二,Memory แห่ง Xianzhou ขั้นที่ 2,th-TH
仙舟回忆其五,Memory แห่ง Xianzhou ขั้นที่ 5,th-TH
仙舟回忆其六,Memory แห่ง Xianzhou ขั้นที่ 6,th-TH
仙舟回忆其四,Memory แห่ง Xianzhou ขั้นที่ 4,th-TH
仙舟回憶其一,Memory แห่ง Xianzhou ขั้นที่ 1,th-TH
仙舟回憶其三,Memory แห่ง Xianzhou ขั้นที่ 3,th-TH
仙舟回憶其二,Memory แห่ง Xianzhou ขั้นที่ 2,th-TH
仙舟回憶其五,Memory แห่ง Xianzhou ขั้นที่ 5,th-TH
仙舟回憶其六,Memory แห่ง Xianzhou ขั้นที่ 6,th-TH
仙舟回憶其四,Memory แห่ง Xianzhou ขั้นที่ 4,th-TH
仮想の章節,แดนมายาร้อยเรียง,th-TH
仮想の章節・1,แดนมายาร้อยเรียง 1,th-TH
仮想の章節・2,แดนมายาร้อยเรียง 2,th-TH
仮想の章節・3,แดนมายาร้อยเรียง 3,th-TH
仮想の章節・4,แดนมายาร้อยเรียง 4,th-TH
作言造語,นั่งเทียนเขียนแต่ง,th-TH
作言造語其一,นั่งเทียนเขียนแต่ง 1,th-TH
作言造語其三,นั่งเทียนเขียนแต่ง 3,th-TH
作言造語其二,นั่งเทียนเขียนแต่ง 2,th-TH
作言造語其四,นั่งเทียนเขียนแต่ง 4,th-TH
作言造语,นั่งเทียนเขียนแต่ง,th-TH
作言造语其一,นั่งเทียนเขียนแต่ง 1,th-TH
作言造语其三,นั่งเทียนเขียนแต่ง 3,th-TH
作言造语其二,นั่งเทียนเขียนแต่ง 2,th-TH
作言造语其四,นั่งเทียนเขียนแต่ง 4,th-TH
俗世の絵巻,ในม้วนตำราโลกธุลี,th-TH
借虚成真,ยืมเท็จสร้างจริง,th-TH
借虚成真其一,ยืมเท็จสร้างจริง 1,th-TH
借虚成真其三,ยืมเท็จสร้างจริง 3,th-TH
借虚成真其二,ยืมเท็จสร้างจริง 2,th-TH
借虚成真其四,ยืมเท็จสร้างจริง 4,th-TH
借虛成真,ยืมเท็จสร้างจริง,th-TH
借虛成真其一,ยืมเท็จสร้างจริง 1,th-TH
借虛成真其三,ยืมเท็จสร้างจริง 3,th-TH
借虛成真其二,ยืมเท็จสร้างจริง 2,th-TH
借虛成真其四,ยืมเท็จสร้างจริง 4,th-TH
值日行动,เวรปฏิบัติการ,th-TH
值日行动其一,เวรปฏิบัติการ 1,th-TH
值日行动其七,เวรปฏิบัติการ 7,th-TH
值日行动其三,เวรปฏิบัติการ 3,th-TH
值日行动其九,เวรปฏิบัติการ 9,th-TH
值日行动其二,เวรปฏิบัติการ 2,th-TH
值日行动其五,เวรปฏิบัติการ 5,th-TH
值日行动其八,เวรปฏิบัติการ 8,th-TH
值日行动其六,เวรปฏิบัติการ 6,th-TH
值日行动其十,เวรปฏิบัติการ 10,th-TH
值日行动其十一,เวรปฏิบัติการ 11,th-TH
值日行动其十二,เวรปฏิบัติการ 12,th-TH
值日行动其四,เวรปฏิบัติการ 4,th-TH
值日行動,เวรปฏิบัติการ,th-TH
值日行動其一,เวรปฏิบัติการ 1,th-TH
值日行動其七,เวรปฏิบัติการ 7,th-TH
值日行動其三,เวรปฏิบัติการ 3,th-TH
值日行動其九,เวรปฏิบัติการ 9,th-TH
值日行動其二,เวรปฏิบัติการ 2,th-TH
值日行動其五,เวรปฏิบัติการ 5,th-TH
值日行動其八,เวรปฏิบัติการ 8,th-TH
值日行動其六,เวรปฏิบัติการ 6,th-TH
值日行動其十,เวรปฏิบัติการ 10,th-TH
值日行動其十一,เวรปฏิบัติการ 11,th-TH
值日行動其十二,เวรปฏิบัติการ 12,th-TH
值日行動其四,เวรปฏิบัติการ 4,th-TH
偶像螟蝗,มวลแมลงไอดอล,th-TH
偶像螟蝗·难度01,มวลแมลงไอดอล: ความยาก 01,th-TH
偶像螟蝗·难度02,มวลแมลงไอดอล: ความยาก 02,th-TH
偶像螟蝗·难度03,มวลแมลงไอดอล: ความยาก 03,th-TH
偶像螟蝗·难度04,มวลแมลงไอดอล: ความยาก 04,th-TH
偶像螟蝗•難度01,มวลแมลงไอดอล: ความยาก 01,th-TH
偶像螟蝗•難度02,มวลแมลงไอดอล: ความยาก 02,th-TH
偶像螟蝗•難度03,มวลแมลงไอดอล: ความยาก 03,th-TH
偶像螟蝗•難度04,มวลแมลงไอดอล: ความยาก 04,th-TH
優れた弁舌,บุษบงที่พร่างพราว,th-TH
優れた弁舌・1,บุษบงที่พร่างพราว 1,th-TH
優れた弁舌・2,บุษบงที่พร่างพราว 2,th-TH
優れた弁舌・3,บุษบงที่พร่างพราว 3,th-TH
優れた弁舌・4,บุษบงที่พร่างพราว 4,th-TH
兵鋒の騎士,อัศวินกองหน้า,th-TH
兵鋒の騎士・難易度01,อัศวินกองหน้า: ความยาก 01,th-TH
兵鋒の騎士・難易度02,อัศวินกองหน้า: ความยาก 02,th-TH
兵鋒の騎士・難易度03,อัศวินกองหน้า: ความยาก 03,th-TH
兵鋒の騎士・難易度04,อัศวินกองหน้า: ความยาก 04,th-TH
兵鋒天狼,คมดาบสิงคาล,th-TH
兵鋒天狼•難度01,คมดาบสิงคาล: ความยาก 01,th-TH
兵鋒天狼•難度02,คมดาบสิงคาล: ความยาก 02,th-TH
兵鋒天狼•難度03,คมดาบสิงคาล: ความยาก 03,th-TH
兵鋒天狼•難度04,คมดาบสิงคาล: ความยาก 04,th-TH
兵鋒天狼・難易度01,คมดาบสิงคาล: ความยาก 01,th-TH
兵鋒天狼・難易度02,คมดาบสิงคาล: ความยาก 02,th-TH
兵鋒天狼・難易度03,คมดาบสิงคาล: ความยาก 03,th-TH
兵鋒天狼・難易度04,คมดาบสิงคาล: ความยาก 04,th-TH
兵鋒騎士,อัศวินกองหน้า,th-TH
兵鋒騎士•難度01,อัศวินกองหน้า: ความยาก 01,th-TH
兵鋒騎士•難度02,อัศวินกองหน้า: ความยาก 02,th-TH
兵鋒騎士•難度03,อัศวินกองหน้า: ความยาก 03,th-TH
兵鋒騎士•難度04,อัศวินกองหน้า: ความยาก 04,th-TH
兵锋天狼,คมดาบสิงคาล,th-TH
兵锋天狼·难度01,คมดาบสิงคาล: ความยาก 01,th-TH
兵锋天狼·难度02,คมดาบสิงคาล: ความยาก 02,th-TH
兵锋天狼·难度03,คมดาบสิงคาล: ความยาก 03,th-TH
兵锋天狼·难度04,คมดาบสิงคาล: ความยาก 04,th-TH
兵锋骑士,อัศวินกองหน้า,th-TH
兵锋骑士·难度01,อัศวินกองหน้า: ความยาก 01,th-TH
兵锋骑士·难度02,อัศวินกองหน้า: ความยาก 02,th-TH
兵锋骑士·难度03,อัศวินกองหน้า: ความยาก 03,th-TH
兵锋骑士·难度04,อัศวินกองหน้า: ความยาก 04,th-TH
再燃の光,แสงที่ลุกโชนอีกครา,th-TH
再燃の光・1,แสงที่ลุกโชนอีกครา 1,th-TH
再燃の光・10,แสงที่ลุกโชนอีกครา 10,th-TH
再燃の光・11,แสงที่ลุกโชนอีกครา 11,th-TH
再燃の光・12,แสงที่ลุกโชนอีกครา 12,th-TH
再燃の光・2,แสงที่ลุกโชนอีกครา 2,th-TH
再燃の光・3,แสงที่ลุกโชนอีกครา 3,th-TH
再燃の光・4,แสงที่ลุกโชนอีกครา 4,th-TH
再燃の光・5,แสงที่ลุกโชนอีกครา 5,th-TH
再燃の光・6,แสงที่ลุกโชนอีกครา 6,th-TH
再燃の光・7,แสงที่ลุกโชนอีกครา 7,th-TH
再燃の光・8,แสงที่ลุกโชนอีกครา 8,th-TH
再燃の光・9,แสงที่ลุกโชนอีกครา 9,th-TH
军团再临,กองทัพหวนคืน,th-TH
冥茫冽風,เหมันต์อนธการ,th-TH
冥茫冽風•難度01,เหมันต์อนธการ: ความยาก 01,th-TH
冥茫冽風•難度02,เหมันต์อนธการ: ความยาก 02,th-TH
冥茫冽風•難度03,เหมันต์อนธการ: ความยาก 03,th-TH
冥茫冽風•難度04,เหมันต์อนธการ: ความยาก 04,th-TH
冥茫冽风,เหมันต์อนธการ,th-TH
冥茫冽风·难度01,เหมันต์อนธการ: ความยาก 01,th-TH
冥茫冽风·难度02,เหมันต์อนธการ: ความยาก 02,th-TH
冥茫冽风·难度03,เหมันต์อนธการ: ความยาก 03,th-TH
冥茫冽风·难度04,เหมันต์อนธการ: ความยาก 04,th-TH
冽風支配,วายุครอบงำ,th-TH
冽風支配•難度01,วายุครอบงำ: ความยาก 01,th-TH
冽風支配•難度02,วายุครอบงำ: ความยาก 02,th-TH
冽風支配•難度03,วายุครอบงำ: ความยาก 03,th-TH
冽風支配•難度04,วายุครอบงำ: ความยาก 04,th-TH
冽風猢猻,วานรโหมวายุ,th-TH
冽風猢猻•難度01,วานรโหมวายุ: ความยาก 01,th-TH
冽風猢猻•難度02,วานรโหมวายุ: ความยาก 02,th-TH
冽風猢猻•難度03,วานรโหมวายุ: ความยาก 03,th-TH
冽風猢猻•難度04,วานรโหมวายุ: ความยาก 04,th-TH
冽風騎士,อัศวินวายุ,th-TH
冽風騎士•難度01,อัศวินวายุ: ความยาก 01,th-TH
冽風騎士•難度02,อัศวินวายุ: ความยาก 02,th-TH
冽風騎士•難度03,อัศวินวายุ: ความยาก 03,th-TH
冽風騎士•難度04,อัศวินวายุ: ความยาก 04,th-TH
冽风支配,วายุครอบงำ,th-TH
冽风支配·难度01,วายุครอบงำ: ความยาก 01,th-TH
冽风支配·难度02,วายุครอบงำ: ความยาก 02,th-TH
冽风支配·难度03,วายุครอบงำ: ความยาก 03,th-TH
冽风支配·难度04,วายุครอบงำ: ความยาก 04,th-TH
冽风猢狲,วานรโหมวายุ,th-TH
冽风猢狲·难度01,วานรโหมวายุ: ความยาก 01,th-TH
冽风猢狲·难度02,วานรโหมวายุ: ความยาก 02,th-TH
冽风猢狲·难度03,วานรโหมวายุ: ความยาก 03,th-TH
冽风猢狲·难度04,วานรโหมวายุ: ความยาก 04,th-TH
冽风骑士,อัศวินวายุ,th-TH
冽风骑士·难度01,อัศวินวายุ: ความยาก 01,th-TH
冽风骑士·难度02,อัศวินวายุ: ความยาก 02,th-TH
冽风骑士·难度03,อัศวินวายุ: ความยาก 03,th-TH
冽风骑士·难度04,อัศวินวายุ: ความยาก 04,th-TH
凛冽たる風のサル,วานรโหมวายุ,th-TH
凛冽たる風のサル・難易度01,วานรโหมวายุ: ความยาก 01,th-TH
凛冽たる風のサル・難易度02,วานรโหมวายุ: ความยาก 02,th-TH
凛冽たる風のサル・難易度03,วานรโหมวายุ: ความยาก 03,th-TH
凛冽たる風のサル・難易度04,วานรโหมวายุ: ความยาก 04,th-TH
凛冽たる風の支配,วายุครอบงำ,th-TH
凛冽たる風の支配・難易度01,วายุครอบงำ: ความยาก 01,th-TH
凛冽たる風の支配・難易度02,วายุครอบงำ: ความยาก 02,th-TH
凛冽たる風の支配・難易度03,วายุครอบงำ: ความยาก 03,th-TH
凛冽たる風の支配・難易度04,วายุครอบงำ: ความยาก 04,th-TH
凛冽たる風の騎士,อัศวินวายุ,th-TH
凛冽たる風の騎士・難易度01,อัศวินวายุ: ความยาก 01,th-TH
凛冽たる風の騎士・難易度02,อัศวินวายุ: ความยาก 02,th-TH
凛冽たる風の騎士・難易度03,อัศวินวายุ: ความยาก 03,th-TH
凛冽たる風の騎士・難易度04,อัศวินวายุ: ความยาก 04,th-TH
出故乡记,จากบ้านจากเมือง,th-TH
出故乡记其一,จากบ้านจากเมือง 1,th-TH
出故乡记其七,จากบ้านจากเมือง 7,th-TH
出故乡记其三,จากบ้านจากเมือง 3,th-TH
出故乡记其九,จากบ้านจากเมือง 9,th-TH
出故乡记其二,จากบ้านจากเมือง 2,th-TH
出故乡记其五,จากบ้านจากเมือง 5,th-TH
出故乡记其八,จากบ้านจากเมือง 8,th-TH
出故乡记其六,จากบ้านจากเมือง 6,th-TH
出故乡记其十,จากบ้านจากเมือง 10,th-TH
出故乡记其十一,จากบ้านจากเมือง 11,th-TH
出故乡记其十二,จากบ้านจากเมือง 12,th-TH
出故乡记其四,จากบ้านจากเมือง 4,th-TH
出故鄉記,จากบ้านจากเมือง,th-TH
出故鄉記其一,จากบ้านจากเมือง 1,th-TH
出故鄉記其七,จากบ้านจากเมือง 7,th-TH
出故鄉記其三,จากบ้านจากเมือง 3,th-TH
出故鄉記其九,จากบ้านจากเมือง 9,th-TH
出故鄉記其二,จากบ้านจากเมือง 2,th-TH
出故鄉記其五,จากบ้านจากเมือง 5,th-TH
出故鄉記其八,จากบ้านจากเมือง 8,th-TH
出故鄉記其六,จากบ้านจากเมือง 6,th-TH
出故鄉記其十,จากบ้านจากเมือง 10,th-TH
出故鄉記其十一,จากบ้านจากเมือง 11,th-TH
出故鄉記其十二,จากบ้านจากเมือง 12,th-TH
出故鄉記其四,จากบ้านจากเมือง 4,th-TH
创世之柱,เสาแห่งการนิรมิต,th-TH
创世之柱其一,เสาแห่งการนิรมิต 1,th-TH
创世之柱其七,เสาแห่งการนิรมิต 7,th-TH
创世之柱其三,เสาแห่งการนิรมิต 3,th-TH
创世之柱其九,เสาแห่งการนิรมิต 9,th-TH
创世之柱其二,เสาแห่งการนิรมิต 2,th-TH
创世之柱其五,เสาแห่งการนิรมิต 5,th-TH
创世之柱其八,เสาแห่งการนิรมิต 8,th-TH
创世之柱其六,เสาแห่งการนิรมิต 6,th-TH
创世之柱其十,เสาแห่งการนิรมิต 10,th-TH
创世之柱其十一,เสาแห่งการนิรมิต 11,th-TH
创世之柱其十二,เสาแห่งการนิรมิต 12,th-TH
创世之柱其四,เสาแห่งการนิรมิต 4,th-TH
创世纷争,ปฏิปักษ์แห่งนิรมิต,th-TH
创世纷争其一,ปฏิปักษ์แห่งนิรมิต 1,th-TH
创世纷争其七,ปฏิปักษ์แห่งนิรมิต 7,th-TH
创世纷争其三,ปฏิปักษ์แห่งนิรมิต 3,th-TH
创世纷争其九,ปฏิปักษ์แห่งนิรมิต 9,th-TH
创世纷争其二,ปฏิปักษ์แห่งนิรมิต 2,th-TH
创世纷争其五,ปฏิปักษ์แห่งนิรมิต 5,th-TH
创世纷争其八,ปฏิปักษ์แห่งนิรมิต 8,th-TH
创世纷争其六,ปฏิปักษ์แห่งนิรมิต 6,th-TH
创世纷争其十,ปฏิปักษ์แห่งนิรมิต 10,th-TH
创世纷争其十一,ปฏิปักษ์แห่งนิรมิต 11,th-TH
创世纷争其十二,ปฏิปักษ์แห่งนิรมิต 12,th-TH
创世纷争其四,ปฏิปักษ์แห่งนิรมิต 4,th-TH
別惹帕姆,อย่าแหย่ Pom-Pom,th-TH
别惹帕姆,อย่าแหย่ Pom-Pom,th-TH
創世の争い,ปฏิปักษ์แห่งนิรมิต,th-TH
創世の争い・1,ปฏิปักษ์แห่งนิรมิต 1,th-TH
創世の争い・10,ปฏิปักษ์แห่งนิรมิต 10,th-TH
創世の争い・11,ปฏิปักษ์แห่งนิรมิต 11,th-TH
創世の争い・12,ปฏิปักษ์แห่งนิรมิต 12,th-TH
創世の争い・2,ปฏิปักษ์แห่งนิรมิต 2,th-TH
創世の争い・3,ปฏิปักษ์แห่งนิรมิต 3,th-TH
創世の争い・4,ปฏิปักษ์แห่งนิรมิต 4,th-TH
創世の争い・5,ปฏิปักษ์แห่งนิรมิต 5,th-TH
創世の争い・6,ปฏิปักษ์แห่งนิรมิต 6,th-TH
創世の争い・7,ปฏิปักษ์แห่งนิรมิต 7,th-TH
創世の争い・8,ปฏิปักษ์แห่งนิรมิต 8,th-TH
創世の争い・9,ปฏิปักษ์แห่งนิรมิต 9,th-TH
創世の柱,เสาแห่งการนิรมิต,th-TH
創世の柱・1,เสาแห่งการนิรมิต 1,th-TH
創世の柱・10,เสาแห่งการนิรมิต 10,th-TH
創世の柱・11,เสาแห่งการนิรมิต 11,th-TH
創世の柱・12,เสาแห่งการนิรมิต 12,th-TH
創世の柱・2,เสาแห่งการนิรมิต 2,th-TH
創世の柱・3,เสาแห่งการนิรมิต 3,th-TH
創世の柱・4,เสาแห่งการนิรมิต 4,th-TH
創世の柱・5,เสาแห่งการนิรมิต 5,th-TH
創世の柱・6,เสาแห่งการนิรมิต 6,th-TH
創世の柱・7,เสาแห่งการนิรมิต 7,th-TH
創世の柱・8,เสาแห่งการนิรมิต 8,th-TH
創世の柱・9,เสาแห่งการนิรมิต 9,th-TH
創世之柱,เสาแห่งการนิรมิต,th-TH
創世之柱其一,เสาแห่งการนิรมิต 1,th-TH
創世之柱其七,เสาแห่งการนิรมิต 7,th-TH
創世之柱其三,เสาแห่งการนิรมิต 3,th-TH
創世之柱其九,เสาแห่งการนิรมิต 9,th-TH
創世之柱其二,เสาแห่งการนิรมิต 2,th-TH
創世之柱其五,เสาแห่งการนิรมิต 5,th-TH
創世之柱其八,เสาแห่งการนิรมิต 8,th-TH
創世之柱其六,เสาแห่งการนิรมิต 6,th-TH
創世之柱其十,เสาแห่งการนิรมิต 10,th-TH
創世之柱其十一,เสาแห่งการนิรมิต 11,th-TH
創世之柱其十二,เสาแห่งการนิรมิต 12,th-TH
創世之柱其四,เสาแห่งการนิรมิต 4,th-TH
創世紛爭,ปฏิปักษ์แห่งนิรมิต,th-TH
創世紛爭其一,ปฏิปักษ์แห่งนิรมิต 1,th-TH
創世紛爭其七,ปฏิปักษ์แห่งนิรมิต 7,th-TH
創世紛爭其三,ปฏิปักษ์แห่งนิรมิต 3,th-TH
創世紛爭其九,ปฏิปักษ์แห่งนิรมิต 9,th-TH
創世紛爭其二,ปฏิปักษ์แห่งนิรมิต 2,th-TH
創世紛爭其五,ปฏิปักษ์แห่งนิรมิต 5,th-TH
創世紛爭其八,ปฏิปักษ์แห่งนิรมิต 8,th-TH
創世紛爭其六,ปฏิปักษ์แห่งนิรมิต 6,th-TH
創世紛爭其十,ปฏิปักษ์แห่งนิรมิต 10,th-TH
創世紛爭其十一,ปฏิปักษ์แห่งนิรมิต 11,th-TH
創世紛爭其十二,ปฏิปักษ์แห่งนิรมิต 12,th-TH
創世紛爭其四,ปฏิปักษ์แห่งนิรมิต 4,th-TH
博徒困境,ความลำบากของนักพนัน,th-TH
博徒困境其一,ความลำบากของนักพนัน 1,th-TH
博徒困境其七,ความลำบากของนักพนัน 7,th-TH
博徒困境其三,ความลำบากของนักพนัน 3,th-TH
博徒困境其九,ความลำบากของนักพนัน 9,th-TH
博徒困境其二,ความลำบากของนักพนัน 2,th-TH
博徒困境其五,ความลำบากของนักพนัน 5,th-TH
博徒困境其八,ความลำบากของนักพนัน 8,th-TH
博徒困境其六,ความลำบากของนักพนัน 6,th-TH
博徒困境其十,ความลำบากของนักพนัน 10,th-TH
博徒困境其十一,ความลำบากของนักพนัน 11,th-TH
博徒困境其十二,ความลำบากของนักพนัน 12,th-TH
博徒困境其四,ความลำบากของนักพนัน 4,th-TH
博打うちのジレンマ,ความลำบากของนักพนัน,th-TH
博打うちのジレンマ・1,ความลำบากของนักพนัน 1,th-TH
博打うちのジレンマ・10,ความลำบากของนักพนัน 10,th-TH
博打うちのジレンマ・11,ความลำบากของนักพนัน 11,th-TH
博打うちのジレンマ・12,ความลำบากของนักพนัน 12,th-TH
博打うちのジレンマ・2,ความลำบากของนักพนัน 2,th-TH
博打うちのジレンマ・3,ความลำบากของนักพนัน 3,th-TH
博打うちのジレンマ・4,ความลำบากของนักพนัน 4,th-TH
博打うちのジレンマ・5,ความลำบากของนักพนัน 5,th-TH
博打うちのジレンマ・6,ความลำบากของนักพนัน 6,th-TH
博打うちのジレンマ・7,ความลำบากของนักพนัน 7,th-TH
博打うちのジレンマ・8,ความลำบากของนักพนัน 8,th-TH
博打うちのジレンマ・9,ความลำบากของนักพนัน 9,th-TH
博打打ちのサル,วานรเดิมพัน,th-TH
博打打ちのサル・難易度01,วานรเดิมพัน: ความยาก 01,th-TH
博打打ちのサル・難易度02,วานรเดิมพัน: ความยาก 02,th-TH
博打打ちのサル・難易度03,วานรเดิมพัน: ความยาก 03,th-TH
博打打ちのサル・難易度04,วานรเดิมพัน: ความยาก 04,th-TH
博打煽動,เกมแห่งการปลุกปั่น,th-TH
博打煽動・難易度01,เกมแห่งการปลุกปั่น: ความยาก 01,th-TH
博打煽動・難易度02,เกมแห่งการปลุกปั่น: ความยาก 02,th-TH
博打煽動・難易度03,เกมแห่งการปลุกปั่น: ความยาก 03,th-TH
博打煽動・難易度04,เกมแห่งการปลุกปั่น: ความยาก 04,th-TH
叙事分析,การวิเคราะห์เชิงบรรยาย,th-TH
叙事分析・1,การวิเคราะห์เชิงบรรยาย 1,th-TH
叙事分析・2,การวิเคราะห์เชิงบรรยาย 2,th-TH
叙事分析・3,การวิเคราะห์เชิงบรรยาย 3,th-TH
叙事分析・4,การวิเคราะห์เชิงบรรยาย 4,th-TH
叙事分析其一,การวิเคราะห์เชิงบรรยาย 1,th-TH
叙事分析其三,การวิเคราะห์เชิงบรรยาย 3,th-TH
叙事分析其二,การวิเคราะห์เชิงบรรยาย 2,th-TH
叙事分析其四,การวิเคราะห์เชิงบรรยาย 4,th-TH
叙事詩集,ชุดบทกวีมหากาพย์,th-TH
叙事詩集・1,ชุดบทกวีมหากาพย์ 1,th-TH
叙事詩集・2,ชุดบทกวีมหากาพย์ 2,th-TH
叙事詩集・3,ชุดบทกวีมหากาพย์ 3,th-TH
叙事詩集・4,ชุดบทกวีมหากาพย์ 4,th-TH
口から出まかせ,นั่งเทียนเขียนแต่ง,th-TH
口から出まかせ・1,นั่งเทียนเขียนแต่ง 1,th-TH
口から出まかせ・2,นั่งเทียนเขียนแต่ง 2,th-TH
口から出まかせ・3,นั่งเทียนเขียนแต่ง 3,th-TH
口から出まかせ・4,นั่งเทียนเขียนแต่ง 4,th-TH
史詩叢集,ชุดบทกวีมหากาพย์,th-TH
史詩叢集其一,ชุดบทกวีมหากาพย์ 1,th-TH
史詩叢集其三,ชุดบทกวีมหากาพย์ 3,th-TH
史詩叢集其二,ชุดบทกวีมหากาพย์ 2,th-TH
史詩叢集其四,ชุดบทกวีมหากาพย์ 4,th-TH
史诗集群,ชุดบทกวีมหากาพย์,th-TH
史诗集群其一,ชุดบทกวีมหากาพย์ 1,th-TH
史诗集群其三,ชุดบทกวีมหากาพย์ 3,th-TH
史诗集群其二,ชุดบทกวีมหากาพย์ 2,th-TH
史诗集群其四,ชุดบทกวีมหากาพย์ 4,th-TH
向こう岸の息吹,ลมหายใจในอีกฟาก,th-TH
向こう岸の息吹・1,ลมหายใจในอีกฟาก 1,th-TH
向こう岸の息吹・10,ลมหายใจในอีกฟาก 10,th-TH
向こう岸の息吹・11,ลมหายใจในอีกฟาก 11,th-TH
向こう岸の息吹・12,ลมหายใจในอีกฟาก 12,th-TH
向こう岸の息吹・2,ลมหายใจในอีกฟาก 2,th-TH
向こう岸の息吹・3,ลมหายใจในอีกฟาก 3,th-TH
向こう岸の息吹・4,ลมหายใจในอีกฟาก 4,th-TH
向こう岸の息吹・5,ลมหายใจในอีกฟาก 5,th-TH
向こう岸の息吹・6,ลมหายใจในอีกฟาก 6,th-TH
向こう岸の息吹・7,ลมหายใจในอีกฟาก 7,th-TH
向こう岸の息吹・8,ลมหายใจในอีกฟาก 8,th-TH
向こう岸の息吹・9,ลมหายใจในอีกฟาก 9,th-TH
向壁虚造,เสกสรรปั้นแต่ง,th-TH
向壁虚造其一,เสกสรรปั้นแต่ง 1,th-TH
向壁虚造其三,เสกสรรปั้นแต่ง 3,th-TH
向壁虚造其二,เสกสรรปั้นแต่ง 2,th-TH
向壁虚造其四,เสกสรรปั้นแต่ง 4,th-TH
向壁虛造,เสกสรรปั้นแต่ง,th-TH
向壁虛造其一,เสกสรรปั้นแต่ง 1,th-TH
向壁虛造其三,เสกสรรปั้นแต่ง 3,th-TH
向壁虛造其二,เสกสรรปั้นแต่ง 2,th-TH
向壁虛造其四,เสกสรรปั้นแต่ง 4,th-TH
嗡鳴如笑,หึ่งหั่งดั่งเสียงขำ,th-TH
嗡鸣如笑,หึ่งหั่งดั่งเสียงขำ,th-TH
噓八百,คำลวงที่กลับกลอก,th-TH
噓八百・1,คำลวงที่กลับกลอก 1,th-TH
噓八百・2,คำลวงที่กลับกลอก 2,th-TH
噓八百・3,คำลวงที่กลับกลอก 3,th-TH
噓八百・4,คำลวงที่กลับกลอก 4,th-TH
回忆其一,Memory ขั้นที่ 1,th-TH
回忆其七,Memory ขั้นที่ 7,th-TH
回忆其三,Memory ขั้นที่ 3,th-TH
回忆其九,Memory ขั้นที่ 9,th-TH
回忆其二,Memory ขั้นที่ 2,th-TH
回忆其五,Memory ขั้นที่ 5,th-TH
回忆其八,Memory ขั้นที่ 8,th-TH
回忆其六,Memory ขั้นที่ 6,th-TH
回忆其十,Memory ขั้นที่ 10,th-TH
回忆其十一,Memory ขั้นที่ 11,th-TH
回忆其十三,Memory ขั้นที่ 13,th-TH
回忆其十二,Memory ขั้นที่ 12,th-TH
回忆其十五,Memory ขั้นที่ 15,th-TH
回忆其十四,Memory ขั้นที่ 14,th-TH
回忆其四,Memory ขั้นที่ 4,th-TH
回憶其一,Memory ขั้นที่ 1,th-TH
回憶其七,Memory ขั้นที่ 7,th-TH
回憶其三,Memory ขั้นที่ 3,th-TH
回憶其九,Memory ขั้นที่ 9,th-TH
回憶其二,Memory ขั้นที่ 2,th-TH
回憶其五,Memory ขั้นที่ 5,th-TH
回憶其八,Memory ขั้นที่ 8,th-TH
回憶其六,Memory ขั้นที่ 6,th-TH
回憶其十,Memory ขั้นที่ 10,th-TH
回憶其十一,Memory ขั้นที่ 11,th-TH
回憶其十三,Memory ขั้นที่ 13,th-TH
回憶其十二,Memory ขั้นที่ 12,th-TH
回憶其十五,Memory ขั้นที่ 15,th-TH
回憶其十四,Memory ขั้นที่ 14,th-TH
回憶其四,Memory ขั้นที่ 4,th-TH
堤溃蚁穴,รังมดพังเขื่อน,th-TH
堤溃蚁穴其一,รังมดพังเขื่อน 1,th-TH
堤溃蚁穴其七,รังมดพังเขื่อน 7,th-TH
堤溃蚁穴其三,รังมดพังเขื่อน 3,th-TH
堤溃蚁穴其九,รังมดพังเขื่อน 9,th-TH
堤溃蚁穴其二,รังมดพังเขื่อน 2,th-TH
堤溃蚁穴其五,รังมดพังเขื่อน 5,th-TH
堤溃蚁穴其八,รังมดพังเขื่อน 8,th-TH
堤溃蚁穴其六,รังมดพังเขื่อน 6,th-TH
堤溃蚁穴其十,รังมดพังเขื่อน 10,th-TH
堤溃蚁穴其十一,รังมดพังเขื่อน 11,th-TH
堤溃蚁穴其十二,รังมดพังเขื่อน 12,th-TH
堤溃蚁穴其四,รังมดพังเขื่อน 4,th-TH
堤潰蟻穴,รังมดพังเขื่อน,th-TH
堤潰蟻穴其一,รังมดพังเขื่อน 1,th-TH
堤潰蟻穴其七,รังมดพังเขื่อน 7,th-TH
堤潰蟻穴其三,รังมดพังเขื่อน 3,th-TH
堤潰蟻穴其九,รังมดพังเขื่อน 9,th-TH
堤潰蟻穴其二,รังมดพังเขื่อน 2,th-TH
堤潰蟻穴其五,รังมดพังเขื่อน 5,th-TH
堤潰蟻穴其八,รังมดพังเขื่อน 8,th-TH
堤潰蟻穴其六,รังมดพังเขื่อน 6,th-TH
堤潰蟻穴其十,รังมดพังเขื่อน 10,th-TH
堤潰蟻穴其十一,รังมดพังเขื่อน 11,th-TH
堤潰蟻穴其十二,รังมดพังเขื่อน 12,th-TH
堤潰蟻穴其四,รังมดพังเขื่อน 4,th-TH
塵世卷中,ในม้วนตำราโลกธุลี,th-TH
夢と踊る,เต้นรำกับความฝัน,th-TH
夢と踊る・1,เต้นรำกับความฝัน 1,th-TH
夢と踊る・10,เต้นรำกับความฝัน 10,th-TH
夢と踊る・11,เต้นรำกับความฝัน 11,th-TH
夢と踊る・12,เต้นรำกับความฝัน 12,th-TH
夢と踊る・2,เต้นรำกับความฝัน 2,th-TH
夢と踊る・3,เต้นรำกับความฝัน 3,th-TH
夢と踊る・4,เต้นรำกับความฝัน 4,th-TH
夢と踊る・5,เต้นรำกับความฝัน 5,th-TH
夢と踊る・6,เต้นรำกับความฝัน 6,th-TH
夢と踊る・7,เต้นรำกับความฝัน 7,th-TH
夢と踊る・8,เต้นรำกับความฝัน 8,th-TH
夢と踊る・9,เต้นรำกับความฝัน 9,th-TH
夢の中の夢,ฝันซ้อนฝัน,th-TH
夢の中の夢・1,ฝันซ้อนฝัน 1,th-TH
夢の中の夢・10,ฝันซ้อนฝัน 10,th-TH
夢の中の夢・11,ฝันซ้อนฝัน 11,th-TH
夢の中の夢・12,ฝันซ้อนฝัน 12,th-TH
夢の中の夢・2,ฝันซ้อนฝัน 2,th-TH
夢の中の夢・3,ฝันซ้อนฝัน 3,th-TH
夢の中の夢・4,ฝันซ้อนฝัน 4,th-TH
夢の中の夢・5,ฝันซ้อนฝัน 5,th-TH
夢の中の夢・6,ฝันซ้อนฝัน 6,th-TH
夢の中の夢・7,ฝันซ้อนฝัน 7,th-TH
夢の中の夢・8,ฝันซ้อนฝัน 8,th-TH
夢の中の夢・9,ฝันซ้อนฝัน 9,th-TH
夢中之夢,ฝันซ้อนฝัน,th-TH
夢中之夢其一,ฝันซ้อนฝัน 1,th-TH
夢中之夢其七,ฝันซ้อนฝัน 7,th-TH
夢中之夢其三,ฝันซ้อนฝัน 3,th-TH
夢中之夢其九,ฝันซ้อนฝัน 9,th-TH
夢中之夢其二,ฝันซ้อนฝัน 2,th-TH
夢中之夢其五,ฝันซ้อนฝัน 5,th-TH
夢中之夢其八,ฝันซ้อนฝัน 8,th-TH
夢中之夢其六,ฝันซ้อนฝัน 6,th-TH
夢中之夢其十,ฝันซ้อนฝัน 10,th-TH
夢中之夢其十一,ฝันซ้อนฝัน 11,th-TH
夢中之夢其十二,ฝันซ้อนฝัน 12,th-TH
夢中之夢其四,ฝันซ้อนฝัน 4,th-TH
大いなる眠り,นิทราไม่รู้ตื่น,th-TH
大いなる眠り・1,นิทราไม่รู้ตื่น 1,th-TH
大いなる眠り・10,นิทราไม่รู้ตื่น 10,th-TH
大いなる眠り・11,นิทราไม่รู้ตื่น 11,th-TH
大いなる眠り・12,นิทราไม่รู้ตื่น 12,th-TH
大いなる眠り・2,นิทราไม่รู้ตื่น 2,th-TH
大いなる眠り・3,นิทราไม่รู้ตื่น 3,th-TH
大いなる眠り・4,นิทราไม่รู้ตื่น 4,th-TH
大いなる眠り・5,นิทราไม่รู้ตื่น 5,th-TH
大いなる眠り・6,นิทราไม่รู้ตื่น 6,th-TH
大いなる眠り・7,นิทราไม่รู้ตื่น 7,th-TH
大いなる眠り・8,นิทราไม่รู้ตื่น 8,th-TH
大いなる眠り・9,นิทราไม่รู้ตื่น 9,th-TH
天海の孤航,การเดินทางอันโดดเดี่ยวในห้วงอวกาศ,th-TH
天海の孤航・1,การเดินทางอันโดดเดี่ยวในห้วงอวกาศ 1,th-TH
天海の孤航・10,การเดินทางอันโดดเดี่ยวในห้วงอวกาศ 10,th-TH
天海の孤航・2,การเดินทางอันโดดเดี่ยวในห้วงอวกาศ 2,th-TH
天海の孤航・3,การเดินทางอันโดดเดี่ยวในห้วงอวกาศ 3,th-TH
天海の孤航・4,การเดินทางอันโดดเดี่ยวในห้วงอวกาศ 4,th-TH
天海の孤航・5,การเดินทางอันโดดเดี่ยวในห้วงอวกาศ 5,th-TH
天海の孤航・6,การเดินทางอันโดดเดี่ยวในห้วงอวกาศ 6,th-TH
天海の孤航・7,การเดินทางอันโดดเดี่ยวในห้วงอวกาศ 7,th-TH
天海の孤航・8,การเดินทางอันโดดเดี่ยวในห้วงอวกาศ 8,th-TH
天海の孤航・9,การเดินทางอันโดดเดี่ยวในห้วงอวกาศ 9,th-TH
天狼战首,ขุนศึกสิงคาล,th-TH
天狼战首·难度01,ขุนศึกสิงคาล: ความยาก 01,th-TH
天狼战首·难度02,ขุนศึกสิงคาล: ความยาก 02,th-TH
天狼战首·难度03,ขุนศึกสิงคาล: ความยาก 03,th-TH
天狼战首·难度04,ขุนศึกสิงคาล: ความยาก 04,th-TH
天狼戦首,ขุนศึกสิงคาล,th-TH
天狼戦首・難易度01,ขุนศึกสิงคาล: ความยาก 01,th-TH
天狼戦首・難易度02,ขุนศึกสิงคาล: ความยาก 02,th-TH
天狼戦首・難易度03,ขุนศึกสิงคาล: ความยาก 03,th-TH
天狼戦首・難易度04,ขุนศึกสิงคาล: ความยาก 04,th-TH
天狼戰首,ขุนศึกสิงคาล,th-TH
天狼戰首•難度01,ขุนศึกสิงคาล: ความยาก 01,th-TH
天狼戰首•難度02,ขุนศึกสิงคาล: ความยาก 02,th-TH
天狼戰首•難度03,ขุนศึกสิงคาล: ความยาก 03,th-TH
天狼戰首•難度04,ขุนศึกสิงคาล: ความยาก 04,th-TH
天艟求仙放浪記,บันทึกของเรือแสวงหายาอมตะ,th-TH
天艟求仙迷航录,บันทึกของเรือแสวงหายาอมตะ,th-TH
天艟求仙迷航錄,บันทึกของเรือแสวงหายาอมตะ,th-TH
天裂の一射,ศรสะเทือนฟ้า,th-TH
天裂の一射・1,ศรสะเทือนฟ้า 1,th-TH
天裂の一射・10,ศรสะเทือนฟ้า 10,th-TH
天裂の一射・2,ศรสะเทือนฟ้า 2,th-TH
天裂の一射・3,ศรสะเทือนฟ้า 3,th-TH
天裂の一射・4,ศรสะเทือนฟ้า 4,th-TH
天裂の一射・5,ศรสะเทือนฟ้า 5,th-TH
天裂の一射・6,ศรสะเทือนฟ้า 6,th-TH
天裂の一射・7,ศรสะเทือนฟ้า 7,th-TH
天裂の一射・8,ศรสะเทือนฟ้า 8,th-TH
天裂の一射・9,ศรสะเทือนฟ้า 9,th-TH
天裂一射,ศรสะเทือนฟ้า,th-TH
天裂一射其一,ศรสะเทือนฟ้า 1,th-TH
天裂一射其七,ศรสะเทือนฟ้า 7,th-TH
天裂一射其三,ศรสะเทือนฟ้า 3,th-TH
天裂一射其九,ศรสะเทือนฟ้า 9,th-TH
天裂一射其二,ศรสะเทือนฟ้า 2,th-TH
天裂一射其五,ศรสะเทือนฟ้า 5,th-TH
天裂一射其八,ศรสะเทือนฟ้า 8,th-TH
天裂一射其六,ศรสะเทือนฟ้า 6,th-TH
天裂一射其十,ศรสะเทือนฟ้า 10,th-TH
天裂一射其四,ศรสะเทือนฟ้า 4,th-TH
孤航天海,การเดินทางอันโดดเดี่ยวในห้วงอวกาศ,th-TH
孤航天海其一,การเดินทางอันโดดเดี่ยวในห้วงอวกาศ 1,th-TH
孤航天海其七,การเดินทางอันโดดเดี่ยวในห้วงอวกาศ 7,th-TH
孤航天海其三,การเดินทางอันโดดเดี่ยวในห้วงอวกาศ 3,th-TH
孤航天海其九,การเดินทางอันโดดเดี่ยวในห้วงอวกาศ 9,th-TH
孤航天海其二,การเดินทางอันโดดเดี่ยวในห้วงอวกาศ 2,th-TH
孤航天海其五,การเดินทางอันโดดเดี่ยวในห้วงอวกาศ 5,th-TH
孤航天海其八,การเดินทางอันโดดเดี่ยวในห้วงอวกาศ 8,th-TH
孤航天海其六,การเดินทางอันโดดเดี่ยวในห้วงอวกาศ 6,th-TH
孤航天海其十,การเดินทางอันโดดเดี่ยวในห้วงอวกาศ 10,th-TH
孤航天海其四,การเดินทางอันโดดเดี่ยวในห้วงอวกาศ 4,th-TH
孤航太海,การเดินทางอันโดดเดี่ยวในห้วงอวกาศ,th-TH
孤航太海其一,การเดินทางอันโดดเดี่ยวในห้วงอวกาศ 1,th-TH
孤航太海其七,การเดินทางอันโดดเดี่ยวในห้วงอวกาศ 7,th-TH
孤航太海其三,การเดินทางอันโดดเดี่ยวในห้วงอวกาศ 3,th-TH
孤航太海其九,การเดินทางอันโดดเดี่ยวในห้วงอวกาศ 9,th-TH
孤航太海其二,การเดินทางอันโดดเดี่ยวในห้วงอวกาศ 2,th-TH
孤航太海其五,การเดินทางอันโดดเดี่ยวในห้วงอวกาศ 5,th-TH
孤航太海其八,การเดินทางอันโดดเดี่ยวในห้วงอวกาศ 8,th-TH
孤航太海其六,การเดินทางอันโดดเดี่ยวในห้วงอวกาศ 6,th-TH
孤航太海其十,การเดินทางอันโดดเดี่ยวในห้วงอวกาศ 10,th-TH
孤航太海其四,การเดินทางอันโดดเดี่ยวในห้วงอวกาศ 4,th-TH
学院怪談,เรื่องลี้ลับในโรงเรียน,th-TH
学院怪談・1,เรื่องลี้ลับในโรงเรียน 1,th-TH
学院怪談・10,เรื่องลี้ลับในโรงเรียน 10,th-TH
学院怪談・11,เรื่องลี้ลับในโรงเรียน 11,th-TH
学院怪談・12,เรื่องลี้ลับในโรงเรียน 12,th-TH
学院怪談・2,เรื่องลี้ลับในโรงเรียน 2,th-TH
学院怪談・3,เรื่องลี้ลับในโรงเรียน 3,th-TH
学院怪談・4,เรื่องลี้ลับในโรงเรียน 4,th-TH
学院怪談・5,เรื่องลี้ลับในโรงเรียน 5,th-TH
学院怪談・6,เรื่องลี้ลับในโรงเรียน 6,th-TH
学院怪談・7,เรื่องลี้ลับในโรงเรียน 7,th-TH
学院怪談・8,เรื่องลี้ลับในโรงเรียน 8,th-TH
学院怪談・9,เรื่องลี้ลับในโรงเรียน 9,th-TH
学院怪谈,เรื่องลี้ลับในโรงเรียน,th-TH
学院怪谈其一,เรื่องลี้ลับในโรงเรียน 1,th-TH
学院怪谈其七,เรื่องลี้ลับในโรงเรียน 7,th-TH
学院怪谈其三,เรื่องลี้ลับในโรงเรียน 3,th-TH
学院怪谈其九,เรื่องลี้ลับในโรงเรียน 9,th-TH
学院怪谈其二,เรื่องลี้ลับในโรงเรียน 2,th-TH
学院怪谈其五,เรื่องลี้ลับในโรงเรียน 5,th-TH
学院怪谈其八,เรื่องลี้ลับในโรงเรียน 8,th-TH
学院怪谈其六,เรื่องลี้ลับในโรงเรียน 6,th-TH
学院怪谈其十,เรื่องลี้ลับในโรงเรียน 10,th-TH
学院怪谈其十一,เรื่องลี้ลับในโรงเรียน 11,th-TH
学院怪谈其十二,เรื่องลี้ลับในโรงเรียน 12,th-TH
学院怪谈其四,เรื่องลี้ลับในโรงเรียน 4,th-TH
學院怪談,เรื่องลี้ลับในโรงเรียน,th-TH
學院怪談其一,เรื่องลี้ลับในโรงเรียน 1,th-TH
學院怪談其七,เรื่องลี้ลับในโรงเรียน 7,th-TH
學院怪談其三,เรื่องลี้ลับในโรงเรียน 3,th-TH
學院怪談其九,เรื่องลี้ลับในโรงเรียน 9,th-TH
學院怪談其二,เรื่องลี้ลับในโรงเรียน 2,th-TH
學院怪談其五,เรื่องลี้ลับในโรงเรียน 5,th-TH
學院怪談其八,เรื่องลี้ลับในโรงเรียน 8,th-TH
學院怪談其六,เรื่องลี้ลับในโรงเรียน 6,th-TH
學院怪談其十,เรื่องลี้ลับในโรงเรียน 10,th-TH
學院怪談其十一,เรื่องลี้ลับในโรงเรียน 11,th-TH
學院怪談其十二,เรื่องลี้ลับในโรงเรียน 12,th-TH
學院怪談其四,เรื่องลี้ลับในโรงเรียน 4,th-TH
寒鉄練磨,ลับคมเหล็กเหมันต์,th-TH
寒鉄練磨・1,ลับคมเหล็กเหมันต์ขั้นที่ 1,th-TH
寒鉄練磨・10,ลับคมเหล็กเหมันต์ขั้นที่ 10,th-TH
寒鉄練磨・2,ลับคมเหล็กเหมันต์ขั้นที่ 2,th-TH
寒鉄練磨・3,ลับคมเหล็กเหมันต์ขั้นที่ 3,th-TH
寒鉄練磨・4,ลับคมเหล็กเหมันต์ขั้นที่ 4,th-TH
寒鉄練磨・5,ลับคมเหล็กเหมันต์ขั้นที่ 5,th-TH
寒鉄練磨・6,ลับคมเหล็กเหมันต์ขั้นที่ 6,th-TH
寒鉄練磨・7,ลับคมเหล็กเหมันต์ขั้นที่ 7,th-TH
寒鉄練磨・8,ลับคมเหล็กเหมันต์ขั้นที่ 8,th-TH
寒鉄練磨・9,ลับคมเหล็กเหมันต์ขั้นที่ 9,th-TH
寒鐵砥礪,ลับคมเหล็กเหมันต์,th-TH
寒鐵砥礪其一,ลับคมเหล็กเหมันต์ขั้นที่ 1,th-TH
寒鐵砥礪其七,ลับคมเหล็กเหมันต์ขั้นที่ 7,th-TH
寒鐵砥礪其三,ลับคมเหล็กเหมันต์ขั้นที่ 3,th-TH
寒鐵砥礪其九,ลับคมเหล็กเหมันต์ขั้นที่ 9,th-TH
寒鐵砥礪其二,ลับคมเหล็กเหมันต์ขั้นที่ 2,th-TH
寒鐵砥礪其五,ลับคมเหล็กเหมันต์ขั้นที่ 5,th-TH
寒鐵砥礪其八,ลับคมเหล็กเหมันต์ขั้นที่ 8,th-TH
寒鐵砥礪其六,ลับคมเหล็กเหมันต์ขั้นที่ 6,th-TH
寒鐵砥礪其十,ลับคมเหล็กเหมันต์ขั้นที่ 10,th-TH
寒鐵砥礪其四,ลับคมเหล็กเหมันต์ขั้นที่ 4,th-TH
寒铁砥砺,ลับคมเหล็กเหมันต์,th-TH
寒铁砥砺其一,ลับคมเหล็กเหมันต์ขั้นที่ 1,th-TH
寒铁砥砺其七,ลับคมเหล็กเหมันต์ขั้นที่ 7,th-TH
寒铁砥砺其三,ลับคมเหล็กเหมันต์ขั้นที่ 3,th-TH
寒铁砥砺其九,ลับคมเหล็กเหมันต์ขั้นที่ 9,th-TH
寒铁砥砺其二,ลับคมเหล็กเหมันต์ขั้นที่ 2,th-TH
寒铁砥砺其五,ลับคมเหล็กเหมันต์ขั้นที่ 5,th-TH
寒铁砥砺其八,ลับคมเหล็กเหมันต์ขั้นที่ 8,th-TH
寒铁砥砺其六,ลับคมเหล็กเหมันต์ขั้นที่ 6,th-TH
寒铁砥砺其十,ลับคมเหล็กเหมันต์ขั้นที่ 10,th-TH
寒铁砥砺其四,ลับคมเหล็กเหมันต์ขั้นที่ 4,th-TH
将杀王棋,รุกฆาตราชา,th-TH
將殺王棋,รุกฆาตราชา,th-TH
尘世卷中,ในม้วนตำราโลกธุลี,th-TH
巧言如流,กระแสคารมคมคาย,th-TH
巧言如流其一,กระแสคารมคมคาย 1,th-TH
巧言如流其三,กระแสคารมคมคาย 3,th-TH
巧言如流其二,กระแสคารมคมคาย 2,th-TH
巧言如流其四,กระแสคารมคมคาย 4,th-TH
巧言流水の如し,กระแสคารมคมคาย,th-TH
巧言流水の如し・1,กระแสคารมคมคาย 1,th-TH
巧言流水の如し・2,กระแสคารมคมคาย 2,th-TH
巧言流水の如し・3,กระแสคารมคมคาย 3,th-TH
巧言流水の如し・4,กระแสคารมคมคาย 4,th-TH
常冬の試練,บททดสอบจากเหมันต์นิรันดร์,th-TH
常冬の試練・1,บททดสอบจากเหมันต์นิรันดร์ขั้นที่ 1,th-TH
常冬の試練・10,บททดสอบจากเหมันต์นิรันดร์ขั้นที่ 10,th-TH
常冬の試練・2,บททดสอบจากเหมันต์นิรันดร์ขั้นที่ 2,th-TH
常冬の試練・3,บททดสอบจากเหมันต์นิรันดร์ขั้นที่ 3,th-TH
常冬の試練・4,บททดสอบจากเหมันต์นิรันดร์ขั้นที่ 4,th-TH
常冬の試練・5,บททดสอบจากเหมันต์นิรันดร์ขั้นที่ 5,th-TH
常冬の試練・6,บททดสอบจากเหมันต์นิรันดร์ขั้นที่ 6,th-TH
常冬の試練・7,บททดสอบจากเหมันต์นิรันดร์ขั้นที่ 7,th-TH
常冬の試練・8,บททดสอบจากเหมันต์นิรันดร์ขั้นที่ 8,th-TH
常冬の試練・9,บททดสอบจากเหมันต์นิรันดร์ขั้นที่ 9,th-TH
幸福文法,ไวยากรณ์ความสุข,th-TH
幸福語法,ไวยากรณ์ความสุข,th-TH
幸福语法,ไวยากรณ์ความสุข,th-TH
幽暗の支配者,อนธการครอบงำ,th-TH
幽暗の支配者・難易度01,อนธการครอบงำ: ความยาก 01,th-TH
幽暗の支配者・難易度02,อนธการครอบงำ: ความยาก 02,th-TH
幽暗の支配者・難易度03,อนธการครอบงำ: ความยาก 03,th-TH
幽暗の支配者・難易度04,อนธการครอบงำ: ความยาก 04,th-TH
建木降临,การมาเยือนของ Ambrosial Arbor,th-TH
建木降临其一,การมาเยือนของ Ambrosial Arbor 1,th-TH
建木降临其七,การมาเยือนของ Ambrosial Arbor 7,th-TH
建木降临其三,การมาเยือนของ Ambrosial Arbor 3,th-TH
建木降临其九,การมาเยือนของ Ambrosial Arbor 9,th-TH
建木降临其二,การมาเยือนของ Ambrosial Arbor 2,th-TH
建木降临其五,การมาเยือนของ Ambrosial Arbor 5,th-TH
建木降临其八,การมาเยือนของ Ambrosial Arbor 8,th-TH
建木降临其六,การมาเยือนของ Ambrosial Arbor 6,th-TH
建木降临其十,การมาเยือนของ Ambrosial Arbor 10,th-TH
建木降临其四,การมาเยือนของ Ambrosial Arbor 4,th-TH
建木降臨,การมาเยือนของ Ambrosial Arbor,th-TH
建木降臨・1,การมาเยือนของ Ambrosial Arbor 1,th-TH
建木降臨・10,การมาเยือนของ Ambrosial Arbor 10,th-TH
建木降臨・2,การมาเยือนของ Ambrosial Arbor 2,th-TH
建木降臨・3,การมาเยือนของ Ambrosial Arbor 3,th-TH
建木降臨・4,การมาเยือนของ Ambrosial Arbor 4,th-TH
建木降臨・5,การมาเยือนของ Ambrosial Arbor 5,th-TH
建木降臨・6,การมาเยือนของ Ambrosial Arbor 6,th-TH
建木降臨・7,การมาเยือนของ Ambrosial Arbor 7,th-TH
建木降臨・8,การมาเยือนของ Ambrosial Arbor 8,th-TH
建木降臨・9,การมาเยือนของ Ambrosial Arbor 9,th-TH
建木降臨其一,การมาเยือนของ Ambrosial Arbor 1,th-TH
建木降臨其七,การมาเยือนของ Ambrosial Arbor 7,th-TH
建木降臨其三,การมาเยือนของ Ambrosial Arbor 3,th-TH
建木降臨其九,การมาเยือนของ Ambrosial Arbor 9,th-TH
建木降臨其二,การมาเยือนของ Ambrosial Arbor 2,th-TH
建木降臨其五,การมาเยือนของ Ambrosial Arbor 5,th-TH
建木降臨其八,การมาเยือนของ Ambrosial Arbor 8,th-TH
建木降臨其六,การมาเยือนของ Ambrosial Arbor 6,th-TH
建木降臨其十,การมาเยือนของ Ambrosial Arbor 10,th-TH
建木降臨其四,การมาเยือนของ Ambrosial Arbor 4,th-TH
弦外の音,เสียงพ้องทำนองซ้อน,th-TH
弦外の音・1,เสียงพ้องทำนองซ้อน 1,th-TH
弦外の音・10,เสียงพ้องทำนองซ้อน 10,th-TH
弦外の音・11,เสียงพ้องทำนองซ้อน 11,th-TH
弦外の音・12,เสียงพ้องทำนองซ้อน 12,th-TH
弦外の音・2,เสียงพ้องทำนองซ้อน 2,th-TH
弦外の音・3,เสียงพ้องทำนองซ้อน 3,th-TH
弦外の音・4,เสียงพ้องทำนองซ้อน 4,th-TH
弦外の音・5,เสียงพ้องทำนองซ้อน 5,th-TH
弦外の音・6,เสียงพ้องทำนองซ้อน 6,th-TH
弦外の音・7,เสียงพ้องทำนองซ้อน 7,th-TH
弦外の音・8,เสียงพ้องทำนองซ้อน 8,th-TH
弦外の音・9,เสียงพ้องทำนองซ้อน 9,th-TH
弦外之声,เสียงพ้องทำนองซ้อน,th-TH
弦外之声其一,เสียงพ้องทำนองซ้อน 1,th-TH
弦外之声其七,เสียงพ้องทำนองซ้อน 7,th-TH
弦外之声其三,เสียงพ้องทำนองซ้อน 3,th-TH
弦外之声其九,เสียงพ้องทำนองซ้อน 9,th-TH
弦外之声其二,เสียงพ้องทำนองซ้อน 2,th-TH
弦外之声其五,เสียงพ้องทำนองซ้อน 5,th-TH
弦外之声其八,เสียงพ้องทำนองซ้อน 8,th-TH
弦外之声其六,เสียงพ้องทำนองซ้อน 6,th-TH
弦外之声其十,เสียงพ้องทำนองซ้อน 10,th-TH
弦外之声其十一,เสียงพ้องทำนองซ้อน 11,th-TH
弦外之声其十二,เสียงพ้องทำนองซ้อน 12,th-TH
弦外之声其四,เสียงพ้องทำนองซ้อน 4,th-TH
弦外之聲,เสียงพ้องทำนองซ้อน,th-TH
弦外之聲其一,เสียงพ้องทำนองซ้อน 1,th-TH
弦外之聲其七,เสียงพ้องทำนองซ้อน 7,th-TH
弦外之聲其三,เสียงพ้องทำนองซ้อน 3,th-TH
弦外之聲其九,เสียงพ้องทำนองซ้อน 9,th-TH
弦外之聲其二,เสียงพ้องทำนองซ้อน 2,th-TH
弦外之聲其五,เสียงพ้องทำนองซ้อน 5,th-TH
弦外之聲其八,เสียงพ้องทำนองซ้อน 8,th-TH
弦外之聲其六,เสียงพ้องทำนองซ้อน 6,th-TH
弦外之聲其十,เสียงพ้องทำนองซ้อน 10,th-TH
弦外之聲其十一,เสียงพ้องทำนองซ้อน 11,th-TH
弦外之聲其十二,เสียงพ้องทำนองซ้อน 12,th-TH
弦外之聲其四,เสียงพ้องทำนองซ้อน 4,th-TH
弱強五歩格,กลอนห้าจังหวะ,th-TH
弱強五歩格・1,กลอนห้าจังหวะ 1,th-TH
弱強五歩格・2,กลอนห้าจังหวะ 2,th-TH
弱強五歩格・3,กลอนห้าจังหวะ 3,th-TH
弱強五歩格・4,กลอนห้าจังหวะ 4,th-TH
形象立説,ปฏิมาบรรยาย,th-TH
形象立説・1,ปฏิมาบรรยาย 1,th-TH
形象立説・2,ปฏิมาบรรยาย 2,th-TH
形象立説・3,ปฏิมาบรรยาย 3,th-TH
形象立説・4,ปฏิมาบรรยาย 4,th-TH
彼岸之息,ลมหายใจในอีกฟาก,th-TH
彼岸之息其一,ลมหายใจในอีกฟาก 1,th-TH
彼岸之息其七,ลมหายใจในอีกฟาก 7,th-TH
彼岸之息其三,ลมหายใจในอีกฟาก 3,th-TH
彼岸之息其九,ลมหายใจในอีกฟาก 9,th-TH
彼岸之息其二,ลมหายใจในอีกฟาก 2,th-TH
彼岸之息其五,ลมหายใจในอีกฟาก 5,th-TH
彼岸之息其八,ลมหายใจในอีกฟาก 8,th-TH
彼岸之息其六,ลมหายใจในอีกฟาก 6,th-TH
彼岸之息其十,ลมหายใจในอีกฟาก 10,th-TH
彼岸之息其十一,ลมหายใจในอีกฟาก 11,th-TH
彼岸之息其十二,ลมหายใจในอีกฟาก 12,th-TH
彼岸之息其四,ลมหายใจในอีกฟาก 4,th-TH
忘却する寒風,เหมันต์ลืมเลือน,th-TH
忘却する寒風・難易度01,เหมันต์ลืมเลือน: ความยาก 01,th-TH
忘却する寒風・難易度02,เหมันต์ลืมเลือน: ความยาก 02,th-TH
忘却する寒風・難易度03,เหมันต์ลืมเลือน: ความยาก 03,th-TH
忘却する寒風・難易度04,เหมันต์ลืมเลือน: ความยาก 04,th-TH
悪獣の支配,ปีศาจร้ายครอบงำ,th-TH
悪獣の支配・難易度01,ปีศาจร้ายครอบงำ: ความยาก 01,th-TH
悪獣の支配・難易度02,ปีศาจร้ายครอบงำ: ความยาก 02,th-TH
悪獣の支配・難易度03,ปีศาจร้ายครอบงำ: ความยาก 03,th-TH
悪獣の支配・難易度04,ปีศาจร้ายครอบงำ: ความยาก 04,th-TH
扇動螟蝗,แมลงปลุกปั่น,th-TH
扇動螟蝗・難易度01,แมลงปลุกปั่น: ความยาก 01,th-TH
扇動螟蝗・難易度02,แมลงปลุกปั่น: ความยาก 02,th-TH
扇動螟蝗・難易度03,แมลงปลุกปั่น: ความยาก 03,th-TH
扇動螟蝗・難易度04,แมลงปลุกปั่น: ความยาก 04,th-TH
手練手管,กับดักคำลวง,th-TH
手練手管・1,กับดักคำลวง 1,th-TH
手練手管・2,กับดักคำลวง 2,th-TH
手練手管・3,กับดักคำลวง 3,th-TH
手練手管・4,กับดักคำลวง 4,th-TH
扫除风暴,กวาดล้างพายุ,th-TH
扫除风暴其一,กวาดล้างพายุ 1,th-TH
扫除风暴其七,กวาดล้างพายุ 7,th-TH
扫除风暴其三,กวาดล้างพายุ 3,th-TH
扫除风暴其九,กวาดล้างพายุ 9,th-TH
扫除风暴其二,กวาดล้างพายุ 2,th-TH
扫除风暴其五,กวาดล้างพายุ 5,th-TH
扫除风暴其八,กวาดล้างพายุ 8,th-TH
扫除风暴其六,กวาดล้างพายุ 6,th-TH
扫除风暴其十,กวาดล้างพายุ 10,th-TH
扫除风暴其十一,กวาดล้างพายุ 11,th-TH
扫除风暴其十二,กวาดล้างพายุ 12,th-TH
扫除风暴其四,กวาดล้างพายุ 4,th-TH
担当作戦,เวรปฏิบัติการ,th-TH
担当作戦・1,เวรปฏิบัติการ 1,th-TH
担当作戦・10,เวรปฏิบัติการ 10,th-TH
担当作戦・11,เวรปฏิบัติการ 11,th-TH
担当作戦・12,เวรปฏิบัติการ 12,th-TH
担当作戦・2,เวรปฏิบัติการ 2,th-TH
担当作戦・3,เวรปฏิบัติการ 3,th-TH
担当作戦・4,เวรปฏิบัติการ 4,th-TH
担当作戦・5,เวรปฏิบัติการ 5,th-TH
担当作戦・6,เวรปฏิบัติการ 6,th-TH
担当作戦・7,เวรปฏิบัติการ 7,th-TH
担当作戦・8,เวรปฏิบัติการ 8,th-TH
担当作戦・9,เวรปฏิบัติการ 9,th-TH
指揮の支配,ควบคุมและบัญชา,th-TH
指揮の支配・難易度01,ควบคุมและบัญชา: ความยาก 01,th-TH
指揮の支配・難易度02,ควบคุมและบัญชา: ความยาก 02,th-TH
指揮の支配・難易度03,ควบคุมและบัญชา: ความยาก 03,th-TH
指揮の支配・難易度04,ควบคุมและบัญชา: ความยาก 04,th-TH
掃除の嵐,กวาดล้างพายุ,th-TH
掃除の嵐・1,กวาดล้างพายุ 1,th-TH
掃除の嵐・10,กวาดล้างพายุ 10,th-TH
掃除の嵐・11,กวาดล้างพายุ 11,th-TH
掃除の嵐・12,กวาดล้างพายุ 12,th-TH
掃除の嵐・2,กวาดล้างพายุ 2,th-TH
掃除の嵐・3,กวาดล้างพายุ 3,th-TH
掃除の嵐・4,กวาดล้างพายุ 4,th-TH
掃除の嵐・5,กวาดล้างพายุ 5,th-TH
掃除の嵐・6,กวาดล้างพายุ 6,th-TH
掃除の嵐・7,กวาดล้างพายุ 7,th-TH
掃除の嵐・8,กวาดล้างพายุ 8,th-TH
掃除の嵐・9,กวาดล้างพายุ 9,th-TH
掃除風暴,กวาดล้างพายุ,th-TH
掃除風暴其一,กวาดล้างพายุ 1,th-TH
掃除風暴其七,กวาดล้างพายุ 7,th-TH
掃除風暴其三,กวาดล้างพายุ 3,th-TH
掃除風暴其九,กวาดล้างพายุ 9,th-TH
掃除風暴其二,กวาดล้างพายุ 2,th-TH
掃除風暴其五,กวาดล้างพายุ 5,th-TH
掃除風暴其八,กวาดล้างพายุ 8,th-TH
掃除風暴其六,กวาดล้างพายุ 6,th-TH
掃除風暴其十,กวาดล้างพายุ 10,th-TH
掃除風暴其十一,กวาดล้างพายุ 11,th-TH
掃除風暴其十二,กวาดล้างพายุ 12,th-TH
掃除風暴其四,กวาดล้างพายุ 4,th-TH
撒詐搗虛,คำลวงที่กลับกลอก,th-TH
撒詐搗虛其一,คำลวงที่กลับกลอก 1,th-TH
撒詐搗虛其三,คำลวงที่กลับกลอก 3,th-TH
撒詐搗虛其二,คำลวงที่กลับกลอก 2,th-TH
撒詐搗虛其四,คำลวงที่กลับกลอก 4,th-TH
撒诈捣虚,คำลวงที่กลับกลอก,th-TH
撒诈捣虚其一,คำลวงที่กลับกลอก 1,th-TH
撒诈捣虚其三,คำลวงที่กลับกลอก 3,th-TH
撒诈捣虚其二,คำลวงที่กลับกลอก 2,th-TH
撒诈捣虚其四,คำลวงที่กลับกลอก 4,th-TH
支配冥茫,อนธการครอบงำ,th-TH
支配冥茫·难度01,อนธการครอบงำ: ความยาก 01,th-TH
支配冥茫·难度02,อนธการครอบงำ: ความยาก 02,th-TH
支配冥茫·难度03,อนธการครอบงำ: ความยาก 03,th-TH
支配冥茫·难度04,อนธการครอบงำ: ความยาก 04,th-TH
支配冥茫•難度01,อนธการครอบงำ: ความยาก 01,th-TH
支配冥茫•難度02,อนธการครอบงำ: ความยาก 02,th-TH
支配冥茫•難度03,อนธการครอบงำ: ความยาก 03,th-TH
支配冥茫•難度04,อนธการครอบงำ: ความยาก 04,th-TH
支配恶兽,ปีศาจร้ายครอบงำ,th-TH
支配恶兽·难度01,ปีศาจร้ายครอบงำ: ความยาก 01,th-TH
支配恶兽·难度02,ปีศาจร้ายครอบงำ: ความยาก 02,th-TH
支配恶兽·难度03,ปีศาจร้ายครอบงำ: ความยาก 03,th-TH
支配恶兽·难度04,ปีศาจร้ายครอบงำ: ความยาก 04,th-TH
支配惡獸,ปีศาจร้ายครอบงำ,th-TH
支配惡獸•難度01,ปีศาจร้ายครอบงำ: ความยาก 01,th-TH
支配惡獸•難度02,ปีศาจร้ายครอบงำ: ความยาก 02,th-TH
支配惡獸•難度03,ปีศาจร้ายครอบงำ: ความยาก 03,th-TH
支配惡獸•難度04,ปีศาจร้ายครอบงำ: ความยาก 04,th-TH
支配指挥,ควบคุมและบัญชา,th-TH
支配指挥·难度01,ควบคุมและบัญชา: ความยาก 01,th-TH
支配指挥·难度02,ควบคุมและบัญชา: ความยาก 02,th-TH
支配指挥·难度03,ควบคุมและบัญชา: ความยาก 03,th-TH
支配指挥·难度04,ควบคุมและบัญชา: ความยาก 04,th-TH
支配指揮,ควบคุมและบัญชา,th-TH
支配指揮•難度01,ควบคุมและบัญชา: ความยาก 01,th-TH
支配指揮•難度02,ควบคุมและบัญชา: ความยาก 02,th-TH
支配指揮•難度03,ควบคุมและบัญชา: ความยาก 03,th-TH
支配指揮•難度04,ควบคุมและบัญชา: ความยาก 04,th-TH
故郷より旅立つ,จากบ้านจากเมือง,th-TH
故郷より旅立つ・1,จากบ้านจากเมือง 1,th-TH
故郷より旅立つ・10,จากบ้านจากเมือง 10,th-TH
故郷より旅立つ・11,จากบ้านจากเมือง 11,th-TH
故郷より旅立つ・12,จากบ้านจากเมือง 12,th-TH
故郷より旅立つ・2,จากบ้านจากเมือง 2,th-TH
故郷より旅立つ・3,จากบ้านจากเมือง 3,th-TH
故郷より旅立つ・4,จากบ้านจากเมือง 4,th-TH
故郷より旅立つ・5,จากบ้านจากเมือง 5,th-TH
故郷より旅立つ・6,จากบ้านจากเมือง 6,th-TH
故郷より旅立つ・7,จากบ้านจากเมือง 7,th-TH
故郷より旅立つ・8,จากบ้านจากเมือง 8,th-TH
故郷より旅立つ・9,จากบ้านจากเมือง 9,th-TH
敘事分析,การวิเคราะห์เชิงบรรยาย,th-TH
敘事分析其一,การวิเคราะห์เชิงบรรยาย 1,th-TH
敘事分析其三,การวิเคราะห์เชิงบรรยาย 3,th-TH
敘事分析其二,การวิเคราะห์เชิงบรรยาย 2,th-TH
敘事分析其四,การวิเคราะห์เชิงบรรยาย 4,th-TH
数黒論黄,ใส่สีตีไข่,th-TH
数黒論黄・1,ใส่สีตีไข่ 1,th-TH
数黒論黄・2,ใส่สีตีไข่ 2,th-TH
数黒論黄・3,ใส่สีตีไข่ 3,th-TH
数黒論黄・4,ใส่สีตีไข่ 4,th-TH
新詞迷離,ศัพท์ใหม่ชวนฉงน,th-TH
新詞迷離其一,ศัพท์ใหม่ชวนฉงน 1,th-TH
新詞迷離其三,ศัพท์ใหม่ชวนฉงน 3,th-TH
新詞迷離其二,ศัพท์ใหม่ชวนฉงน 2,th-TH
新詞迷離其四,ศัพท์ใหม่ชวนฉงน 4,th-TH
新词迷离,ศัพท์ใหม่ชวนฉงน,th-TH
新词迷离其一,ศัพท์ใหม่ชวนฉงน 1,th-TH
新词迷离其三,ศัพท์ใหม่ชวนฉงน 3,th-TH
新词迷离其二,ศัพท์ใหม่ชวนฉงน 2,th-TH
新词迷离其四,ศัพท์ใหม่ชวนฉงน 4,th-TH
无字小说,นิยายไร้ตัวอักษร,th-TH
无字小说其一,นิยายไร้ตัวอักษร 1,th-TH
无字小说其三,นิยายไร้ตัวอักษร 3,th-TH
无字小说其二,นิยายไร้ตัวอักษร 2,th-TH
无字小说其四,นิยายไร้ตัวอักษร 4,th-TH
智械残局,หุ่นยนต์เผด็จศึก,th-TH
智械殘局,หุ่นยนต์เผด็จศึก,th-TH
曲は終わり夢は散る,บทเพลงส่งท้ายความฝัน,th-TH
曲は終わり夢は散る・1,บทเพลงส่งท้ายความฝัน 1,th-TH
曲は終わり夢は散る・10,บทเพลงส่งท้ายความฝัน 10,th-TH
曲は終わり夢は散る・11,บทเพลงส่งท้ายความฝัน 11,th-TH
曲は終わり夢は散る・12,บทเพลงส่งท้ายความฝัน 12,th-TH
曲は終わり夢は散る・2,บทเพลงส่งท้ายความฝัน 2,th-TH
曲は終わり夢は散る・3,บทเพลงส่งท้ายความฝัน 3,th-TH
曲は終わり夢は散る・4,บทเพลงส่งท้ายความฝัน 4,th-TH
曲は終わり夢は散る・5,บทเพลงส่งท้ายความฝัน 5,th-TH
曲は終わり夢は散る・6,บทเพลงส่งท้ายความฝัน 6,th-TH
曲は終わり夢は散る・7,บทเพลงส่งท้ายความฝัน 7,th-TH
曲は終わり夢は散る・8,บทเพลงส่งท้ายความฝัน 8,th-TH
曲は終わり夢は散る・9,บทเพลงส่งท้ายความฝัน 9,th-TH
曲尽梦散,บทเพลงส่งท้ายความฝัน,th-TH
曲尽梦散其一,บทเพลงส่งท้ายความฝัน 1,th-TH
曲尽梦散其七,บทเพลงส่งท้ายความฝัน 7,th-TH
曲尽梦散其三,บทเพลงส่งท้ายความฝัน 3,th-TH
曲尽梦散其九,บทเพลงส่งท้ายความฝัน 9,th-TH
曲尽梦散其二,บทเพลงส่งท้ายความฝัน 2,th-TH
曲尽梦散其五,บทเพลงส่งท้ายความฝัน 5,th-TH
曲尽梦散其八,บทเพลงส่งท้ายความฝัน 8,th-TH
曲尽梦散其六,บทเพลงส่งท้ายความฝัน 6,th-TH
曲尽梦散其十,บทเพลงส่งท้ายความฝัน 10,th-TH
曲尽梦散其十一,บทเพลงส่งท้ายความฝัน 11,th-TH
曲尽梦散其十二,บทเพลงส่งท้ายความฝัน 12,th-TH
曲尽梦散其四,บทเพลงส่งท้ายความฝัน 4,th-TH
曲盡夢散,บทเพลงส่งท้ายความฝัน,th-TH
曲盡夢散其一,บทเพลงส่งท้ายความฝัน 1,th-TH
曲盡夢散其七,บทเพลงส่งท้ายความฝัน 7,th-TH
曲盡夢散其三,บทเพลงส่งท้ายความฝัน 3,th-TH
曲盡夢散其九,บทเพลงส่งท้ายความฝัน 9,th-TH
曲盡夢散其二,บทเพลงส่งท้ายความฝัน 2,th-TH
曲盡夢散其五,บทเพลงส่งท้ายความฝัน 5,th-TH
曲盡夢散其八,บทเพลงส่งท้ายความฝัน 8,th-TH
曲盡夢散其六,บทเพลงส่งท้ายความฝัน 6,th-TH
曲盡夢散其十,บทเพลงส่งท้ายความฝัน 10,th-TH
曲盡夢散其十一,บทเพลงส่งท้ายความฝัน 11,th-TH
曲盡夢散其十二,บทเพลงส่งท้ายความฝัน 12,th-TH
曲盡夢散其四,บทเพลงส่งท้ายความฝัน 4,th-TH
构事生意,ธุรกิจสร้างเรื่องราว,th-TH
构事生意其一,ธุรกิจสร้างเรื่องราว 1,th-TH
构事生意其三,ธุรกิจสร้างเรื่องราว 3,th-TH
构事生意其二,ธุรกิจสร้างเรื่องราว 2,th-TH
构事生意其四,ธุรกิจสร้างเรื่องราว 4,th-TH
梦中之梦,ฝันซ้อนฝัน,th-TH
梦中之梦其一,ฝันซ้อนฝัน 1,th-TH
梦中之梦其七,ฝันซ้อนฝัน 7,th-TH
梦中之梦其三,ฝันซ้อนฝัน 3,th-TH
梦中之梦其九,ฝันซ้อนฝัน 9,th-TH
梦中之梦其二,ฝันซ้อนฝัน 2,th-TH
梦中之梦其五,ฝันซ้อนฝัน 5,th-TH
梦中之梦其八,ฝันซ้อนฝัน 8,th-TH
梦中之梦其六,ฝันซ้อนฝัน 6,th-TH
梦中之梦其十,ฝันซ้อนฝัน 10,th-TH
梦中之梦其十一,ฝันซ้อนฝัน 11,th-TH
梦中之梦其十二,ฝันซ้อนฝัน 12,th-TH
梦中之梦其四,ฝันซ้อนฝัน 4,th-TH
構事生意,ธุรกิจสร้างเรื่องราว,th-TH
構事生意其一,ธุรกิจสร้างเรื่องราว 1,th-TH
構事生意其三,ธุรกิจสร้างเรื่องราว 3,th-TH
構事生意其二,ธุรกิจสร้างเรื่องราว 2,th-TH
構事生意其四,ธุรกิจสร้างเรื่องราว 4,th-TH
構造規則,กฎแห่งโครงสร้าง,th-TH
構造規則・1,กฎแห่งโครงสร้าง 1,th-TH
構造規則・2,กฎแห่งโครงสร้าง 2,th-TH
構造規則・3,กฎแห่งโครงสร้าง 3,th-TH
構造規則・4,กฎแห่งโครงสร้าง 4,th-TH
欺人虚言,ถ้อยคำลวงหลอก,th-TH
欺人虚言其一,ถ้อยคำลวงหลอก 1,th-TH
欺人虚言其三,ถ้อยคำลวงหลอก 3,th-TH
欺人虚言其二,ถ้อยคำลวงหลอก 2,th-TH
欺人虚言其四,ถ้อยคำลวงหลอก 4,th-TH
欺人虛言,ถ้อยคำลวงหลอก,th-TH
欺人虛言其一,ถ้อยคำลวงหลอก 1,th-TH
欺人虛言其三,ถ้อยคำลวงหลอก 3,th-TH
欺人虛言其二,ถ้อยคำลวงหลอก 2,th-TH
欺人虛言其四,ถ้อยคำลวงหลอก 4,th-TH
止息せし嵐,พายุฉุดชีวัน,th-TH
止息せし嵐・1,พายุฉุดชีวันขั้นที่ 1,th-TH
止息せし嵐・10,พายุฉุดชีวันขั้นที่ 10,th-TH
止息せし嵐・2,พายุฉุดชีวันขั้นที่ 2,th-TH
止息せし嵐・3,พายุฉุดชีวันขั้นที่ 3,th-TH
止息せし嵐・4,พายุฉุดชีวันขั้นที่ 4,th-TH
止息せし嵐・5,พายุฉุดชีวันขั้นที่ 5,th-TH
止息せし嵐・6,พายุฉุดชีวันขั้นที่ 6,th-TH
止息せし嵐・7,พายุฉุดชีวันขั้นที่ 7,th-TH
止息せし嵐・8,พายุฉุดชีวันขั้นที่ 8,th-TH
止息せし嵐・9,พายุฉุดชีวันขั้นที่ 9,th-TH
氷踏みて炎求む,ย่ำน้ำแข็งแสวงเพลิง,th-TH
氷踏みて炎求む・1,ย่ำน้ำแข็งแสวงเพลิงขั้นที่ 1,th-TH
氷踏みて炎求む・10,ย่ำน้ำแข็งแสวงเพลิงขั้นที่ 10,th-TH
氷踏みて炎求む・2,ย่ำน้ำแข็งแสวงเพลิงขั้นที่ 2,th-TH
氷踏みて炎求む・3,ย่ำน้ำแข็งแสวงเพลิงขั้นที่ 3,th-TH
氷踏みて炎求む・4,ย่ำน้ำแข็งแสวงเพลิงขั้นที่ 4,th-TH
氷踏みて炎求む・5,ย่ำน้ำแข็งแสวงเพลิงขั้นที่ 5,th-TH
氷踏みて炎求む・6,ย่ำน้ำแข็งแสวงเพลิงขั้นที่ 6,th-TH
氷踏みて炎求む・7,ย่ำน้ำแข็งแสวงเพลิงขั้นที่ 7,th-TH
氷踏みて炎求む・8,ย่ำน้ำแข็งแสวงเพลิงขั้นที่ 8,th-TH
氷踏みて炎求む・9,ย่ำน้ำแข็งแสวงเพลิงขั้นที่ 9,th-TH
永冬試煉,บททดสอบจากเหมันต์นิรันดร์,th-TH
永冬試煉其一,บททดสอบจากเหมันต์นิรันดร์ขั้นที่ 1,th-TH
永冬試煉其七,บททดสอบจากเหมันต์นิรันดร์ขั้นที่ 7,th-TH
永冬試煉其三,บททดสอบจากเหมันต์นิรันดร์ขั้นที่ 3,th-TH
永冬試煉其九,บททดสอบจากเหมันต์นิรันดร์ขั้นที่ 9,th-TH
永冬試煉其二,บททดสอบจากเหมันต์นิรันดร์ขั้นที่ 2,th-TH
永冬試煉其五,บททดสอบจากเหมันต์นิรันดร์ขั้นที่ 5,th-TH
永冬試煉其八,บททดสอบจากเหมันต์นิรันดร์ขั้นที่ 8,th-TH
永冬試煉其六,บททดสอบจากเหมันต์นิรันดร์ขั้นที่ 6,th-TH
永冬試煉其十,บททดสอบจากเหมันต์นิรันดร์ขั้นที่ 10,th-TH
永冬試煉其四,บททดสอบจากเหมันต์นิรันดร์ขั้นที่ 4,th-TH
永冬试炼,บททดสอบจากเหมันต์นิรันดร์,th-TH
永冬试炼其一,บททดสอบจากเหมันต์นิรันดร์ขั้นที่ 1,th-TH
永冬试炼其七,บททดสอบจากเหมันต์นิรันดร์ขั้นที่ 7,th-TH
永冬试炼其三,บททดสอบจากเหมันต์นิรันดร์ขั้นที่ 3,th-TH
永冬试炼其九,บททดสอบจากเหมันต์นิรันดร์ขั้นที่ 9,th-TH
永冬试炼其二,บททดสอบจากเหมันต์นิรันดร์ขั้นที่ 2,th-TH
永冬试炼其五,บททดสอบจากเหมันต์นิรันดร์ขั้นที่ 5,th-TH
永冬试炼其八,บททดสอบจากเหมันต์นิรันดร์ขั้นที่ 8,th-TH
永冬试炼其六,บททดสอบจากเหมันต์นิรันดร์ขั้นที่ 6,th-TH
永冬试炼其十,บททดสอบจากเหมันต์นิรันดร์ขั้นที่ 10,th-TH
永冬试炼其四,บททดสอบจากเหมันต์นิรันดร์ขั้นที่ 4,th-TH
永屹の城の秘密,สิ่งตกทอดของป้อมปราการที่สูงตระหง่าน,th-TH
永屹之城遗秘,สิ่งตกทอดของป้อมปราการที่สูงตระหง่าน,th-TH
永屹之城遺秘,สิ่งตกทอดของป้อมปราการที่สูงตระหง่าน,th-TH
泪雨长战,สงครามหยาดน้ำตาแห่งสายฝน,th-TH
泪雨长战其一,สงครามหยาดน้ำตาแห่งสายฝน 1,th-TH
泪雨长战其七,สงครามหยาดน้ำตาแห่งสายฝน 7,th-TH
泪雨长战其三,สงครามหยาดน้ำตาแห่งสายฝน 3,th-TH
泪雨长战其九,สงครามหยาดน้ำตาแห่งสายฝน 9,th-TH
泪雨长战其二,สงครามหยาดน้ำตาแห่งสายฝน 2,th-TH
泪雨长战其五,สงครามหยาดน้ำตาแห่งสายฝน 5,th-TH
泪雨长战其八,สงครามหยาดน้ำตาแห่งสายฝน 8,th-TH
泪雨长战其六,สงครามหยาดน้ำตาแห่งสายฝน 6,th-TH
泪雨长战其十,สงครามหยาดน้ำตาแห่งสายฝน 10,th-TH
泪雨长战其四,สงครามหยาดน้ำตาแห่งสายฝน 4,th-TH
涙雨戦争,สงครามหยาดน้ำตาแห่งสายฝน,th-TH
涙雨戦争・1,สงครามหยาดน้ำตาแห่งสายฝน 1,th-TH
涙雨戦争・10,สงครามหยาดน้ำตาแห่งสายฝน 10,th-TH
涙雨戦争・2,สงครามหยาดน้ำตาแห่งสายฝน 2,th-TH
涙雨戦争・3,สงครามหยาดน้ำตาแห่งสายฝน 3,th-TH
涙雨戦争・4,สงครามหยาดน้ำตาแห่งสายฝน 4,th-TH
涙雨戦争・5,สงครามหยาดน้ำตาแห่งสายฝน 5,th-TH
涙雨戦争・6,สงครามหยาดน้ำตาแห่งสายฝน 6,th-TH
涙雨戦争・7,สงครามหยาดน้ำตาแห่งสายฝน 7,th-TH
涙雨戦争・8,สงครามหยาดน้ำตาแห่งสายฝน 8,th-TH
涙雨戦争・9,สงครามหยาดน้ำตาแห่งสายฝน 9,th-TH
淚雨長戰,สงครามหยาดน้ำตาแห่งสายฝน,th-TH
淚雨長戰其一,สงครามหยาดน้ำตาแห่งสายฝน 1,th-TH
淚雨長戰其七,สงครามหยาดน้ำตาแห่งสายฝน 7,th-TH
淚雨長戰其三,สงครามหยาดน้ำตาแห่งสายฝน 3,th-TH
淚雨長戰其九,สงครามหยาดน้ำตาแห่งสายฝน 9,th-TH
淚雨長戰其二,สงครามหยาดน้ำตาแห่งสายฝน 2,th-TH
淚雨長戰其五,สงครามหยาดน้ำตาแห่งสายฝน 5,th-TH
淚雨長戰其八,สงครามหยาดน้ำตาแห่งสายฝน 8,th-TH
淚雨長戰其六,สงครามหยาดน้ำตาแห่งสายฝน 6,th-TH
淚雨長戰其十,สงครามหยาดน้ำตาแห่งสายฝน 10,th-TH
淚雨長戰其四,สงครามหยาดน้ำตาแห่งสายฝน 4,th-TH
深文巧詆,กับดักคำลวง,th-TH
深文巧詆其一,กับดักคำลวง 1,th-TH
深文巧詆其三,กับดักคำลวง 3,th-TH
深文巧詆其二,กับดักคำลวง 2,th-TH
深文巧詆其四,กับดักคำลวง 4,th-TH
深文巧诋,กับดักคำลวง,th-TH
深文巧诋其一,กับดักคำลวง 1,th-TH
深文巧诋其三,กับดักคำลวง 3,th-TH
深文巧诋其二,กับดักคำลวง 2,th-TH
深文巧诋其四,กับดักคำลวง 4,th-TH
深空に隠された秘密,ปริศนาในห้วงอวกาศ,th-TH
深空に隠された秘密・1,ปริศนาในห้วงอวกาศ 1,th-TH
深空に隠された秘密・10,ปริศนาในห้วงอวกาศ 10,th-TH
深空に隠された秘密・11,ปริศนาในห้วงอวกาศ 11,th-TH
深空に隠された秘密・12,ปริศนาในห้วงอวกาศ 12,th-TH
深空に隠された秘密・2,ปริศนาในห้วงอวกาศ 2,th-TH
深空に隠された秘密・3,ปริศนาในห้วงอวกาศ 3,th-TH
深空に隠された秘密・4,ปริศนาในห้วงอวกาศ 4,th-TH
深空に隠された秘密・5,ปริศนาในห้วงอวกาศ 5,th-TH
深空に隠された秘密・6,ปริศนาในห้วงอวกาศ 6,th-TH
深空に隠された秘密・7,ปริศนาในห้วงอวกาศ 7,th-TH
深空に隠された秘密・8,ปริศนาในห้วงอวกาศ 8,th-TH
深空に隠された秘密・9,ปริศนาในห้วงอวกาศ 9,th-TH
游辞漫说,เรื่อง (อย่า) เล่าจาก Youci,th-TH
游辞漫说其一,เรื่อง (อย่า) เล่าจาก Youci 1,th-TH
游辞漫说其三,เรื่อง (อย่า) เล่าจาก Youci 3,th-TH
游辞漫说其二,เรื่อง (อย่า) เล่าจาก Youci 2,th-TH
游辞漫说其四,เรื่อง (อย่า) เล่าจาก Youci 4,th-TH
演剧终焉,อวสานละคร,th-TH
演剧终焉其一,อวสานละคร 1,th-TH
演剧终焉其七,อวสานละคร 7,th-TH
演剧终焉其三,อวสานละคร 3,th-TH
演剧终焉其九,อวสานละคร 9,th-TH
演剧终焉其二,อวสานละคร 2,th-TH
演剧终焉其五,อวสานละคร 5,th-TH
演剧终焉其八,อวสานละคร 8,th-TH
演剧终焉其六,อวสานละคร 6,th-TH
演剧终焉其十,อวสานละคร 10,th-TH
演剧终焉其十一,อวสานละคร 11,th-TH
演剧终焉其十二,อวสานละคร 12,th-TH
演剧终焉其四,อวสานละคร 4,th-TH
演劇の終わり,อวสานละคร,th-TH
演劇の終わり・1,อวสานละคร 1,th-TH
演劇の終わり・10,อวสานละคร 10,th-TH
演劇の終わり・11,อวสานละคร 11,th-TH
演劇の終わり・12,อวสานละคร 12,th-TH
演劇の終わり・2,อวสานละคร 2,th-TH
演劇の終わり・3,อวสานละคร 3,th-TH
演劇の終わり・4,อวสานละคร 4,th-TH
演劇の終わり・5,อวสานละคร 5,th-TH
演劇の終わり・6,อวสานละคร 6,th-TH
演劇の終わり・7,อวสานละคร 7,th-TH
演劇の終わり・8,อวสานละคร 8,th-TH
演劇の終わり・9,อวสานละคร 9,th-TH
演劇終焉,อวสานละคร,th-TH
演劇終焉其一,อวสานละคร 1,th-TH
演劇終焉其七,อวสานละคร 7,th-TH
演劇終焉其三,อวสานละคร 3,th-TH
演劇終焉其九,อวสานละคร 9,th-TH
演劇終焉其二,อวสานละคร 2,th-TH
演劇終焉其五,อวสานละคร 5,th-TH
演劇終焉其八,อวสานละคร 8,th-TH
演劇終焉其六,อวสานละคร 6,th-TH
演劇終焉其十,อวสานละคร 10,th-TH
演劇終焉其十一,อวสานละคร 11,th-TH
演劇終焉其十二,อวสานละคร 12,th-TH
演劇終焉其四,อวสานละคร 4,th-TH
烈日の幻域,มายาตะวันแรงกล้า,th-TH
烈阳幻域,มายาตะวันแรงกล้า,th-TH
烈陽幻域,มายาตะวันแรงกล้า,th-TH
無字小說,นิยายไร้ตัวอักษร,th-TH
無字小說其一,นิยายไร้ตัวอักษร 1,th-TH
無字小說其三,นิยายไร้ตัวอักษร 3,th-TH
無字小說其二,นิยายไร้ตัวอักษร 2,th-TH
無字小說其四,นิยายไร้ตัวอักษร 4,th-TH
煽动博弈,เกมแห่งการปลุกปั่น,th-TH
煽动博弈·难度01,เกมแห่งการปลุกปั่น: ความยาก 01,th-TH
煽动博弈·难度02,เกมแห่งการปลุกปั่น: ความยาก 02,th-TH
煽动博弈·难度03,เกมแห่งการปลุกปั่น: ความยาก 03,th-TH
煽动博弈·难度04,เกมแห่งการปลุกปั่น: ความยาก 04,th-TH
煽动螟蝗,แมลงปลุกปั่น,th-TH
煽动螟蝗·难度01,แมลงปลุกปั่น: ความยาก 01,th-TH
煽动螟蝗·难度02,แมลงปลุกปั่น: ความยาก 02,th-TH
煽动螟蝗·难度03,แมลงปลุกปั่น: ความยาก 03,th-TH
煽动螟蝗·难度04,แมลงปลุกปั่น: ความยาก 04,th-TH
煽動博弈,เกมแห่งการปลุกปั่น,th-TH
煽動博弈•難度01,เกมแห่งการปลุกปั่น: ความยาก 01,th-TH
煽動博弈•難度02,เกมแห่งการปลุกปั่น: ความยาก 02,th-TH
煽動博弈•難度03,เกมแห่งการปลุกปั่น: ความยาก 03,th-TH
煽動博弈•難度04,เกมแห่งการปลุกปั่น: ความยาก 04,th-TH
煽動螟蝗,แมลงปลุกปั่น,th-TH
煽動螟蝗•難度01,แมลงปลุกปั่น: ความยาก 01,th-TH
煽動螟蝗•難度02,แมลงปลุกปั่น: ความยาก 02,th-TH
煽動螟蝗•難度03,แมลงปลุกปั่น: ความยาก 03,th-TH
煽動螟蝗•難度04,แมลงปลุกปั่น: ความยาก 04,th-TH
猢狲博弈,วานรเดิมพัน,th-TH
猢狲博弈·难度01,วานรเดิมพัน: ความยาก 01,th-TH
猢狲博弈·难度02,วานรเดิมพัน: ความยาก 02,th-TH
猢狲博弈·难度03,วานรเดิมพัน: ความยาก 03,th-TH
猢狲博弈·难度04,วานรเดิมพัน: ความยาก 04,th-TH
猢狲骑士,อัศวินวานร,th-TH
猢狲骑士·难度01,อัศวินวานร - ความยาก 01,th-TH
猢狲骑士·难度02,อัศวินวานร - ความยาก 02,th-TH
猢狲骑士·难度03,อัศวินวานร - ความยาก 03,th-TH
猢狲骑士·难度04,อัศวินวานร - ความยาก 04,th-TH
猢猻博弈,วานรเดิมพัน,th-TH
猢猻博弈•難度01,วานรเดิมพัน: ความยาก 01,th-TH
猢猻博弈•難度02,วานรเดิมพัน: ความยาก 02,th-TH
猢猻博弈•難度03,วานรเดิมพัน: ความยาก 03,th-TH
猢猻博弈•難度04,วานรเดิมพัน: ความยาก 04,th-TH
猢猻騎士,อัศวินวานร,th-TH
猢猻騎士•難度01,อัศวินวานร - ความยาก 01,th-TH
猢猻騎士•難度02,อัศวินวานร - ความยาก 02,th-TH
猢猻騎士•難度03,อัศวินวานร - ความยาก 03,th-TH
猢猻騎士•難度04,อัศวินวานร - ความยาก 04,th-TH
猴子把戏,กลวานร,th-TH
猴子把戏其一,กลวานร 1,th-TH
猴子把戏其七,กลวานร 7,th-TH
猴子把戏其三,กลวานร 3,th-TH
猴子把戏其九,กลวานร 9,th-TH
猴子把戏其二,กลวานร 2,th-TH
猴子把戏其五,กลวานร 5,th-TH
猴子把戏其八,กลวานร 8,th-TH
猴子把戏其六,กลวานร 6,th-TH
猴子把戏其十,กลวานร 10,th-TH
猴子把戏其十一,กลวานร 11,th-TH
猴子把戏其十二,กลวานร 12,th-TH
猴子把戏其四,กลวานร 4,th-TH
猴子把戲,กลวานร,th-TH
猴子把戲其一,กลวานร 1,th-TH
猴子把戲其七,กลวานร 7,th-TH
猴子把戲其三,กลวานร 3,th-TH
猴子把戲其九,กลวานร 9,th-TH
猴子把戲其二,กลวานร 2,th-TH
猴子把戲其五,กลวานร 5,th-TH
猴子把戲其八,กลวานร 8,th-TH
猴子把戲其六,กลวานร 6,th-TH
猴子把戲其十,กลวานร 10,th-TH
猴子把戲其十一,กลวานร 11,th-TH
猴子把戲其十二,กลวานร 12,th-TH
猴子把戲其四,กลวานร 4,th-TH
獲得#1分,ได้รับ #1 คะแนน,th-TH
玄根鎮伏,การปราบรากศักดิ์สิทธิ์,th-TH
玄根鎮伏・1,การปราบรากศักดิ์สิทธิ์ 1,th-TH
玄根鎮伏・10,การปราบรากศักดิ์สิทธิ์ 10,th-TH
玄根鎮伏・2,การปราบรากศักดิ์สิทธิ์ 2,th-TH
玄根鎮伏・3,การปราบรากศักดิ์สิทธิ์ 3,th-TH
玄根鎮伏・4,การปราบรากศักดิ์สิทธิ์ 4,th-TH
玄根鎮伏・5,การปราบรากศักดิ์สิทธิ์ 5,th-TH
玄根鎮伏・6,การปราบรากศักดิ์สิทธิ์ 6,th-TH
玄根鎮伏・7,การปราบรากศักดิ์สิทธิ์ 7,th-TH
玄根鎮伏・8,การปราบรากศักดิ์สิทธิ์ 8,th-TH
玄根鎮伏・9,การปราบรากศักดิ์สิทธิ์ 9,th-TH
琥珀の賜物,พรแห่งอำพัน,th-TH
琥珀の賜物・1,พรแห่งอำพันขั้นที่ 1,th-TH
琥珀の賜物・10,พรแห่งอำพันขั้นที่ 10,th-TH
琥珀の賜物・2,พรแห่งอำพันขั้นที่ 2,th-TH
琥珀の賜物・3,พรแห่งอำพันขั้นที่ 3,th-TH
琥珀の賜物・4,พรแห่งอำพันขั้นที่ 4,th-TH
琥珀の賜物・5,พรแห่งอำพันขั้นที่ 5,th-TH
琥珀の賜物・6,พรแห่งอำพันขั้นที่ 6,th-TH
琥珀の賜物・7,พรแห่งอำพันขั้นที่ 7,th-TH
琥珀の賜物・8,พรแห่งอำพันขั้นที่ 8,th-TH
琥珀の賜物・9,พรแห่งอำพันขั้นที่ 9,th-TH
琥珀恩賜,พรแห่งอำพัน,th-TH
琥珀恩賜其一,พรแห่งอำพันขั้นที่ 1,th-TH
琥珀恩賜其七,พรแห่งอำพันขั้นที่ 7,th-TH
琥珀恩賜其三,พรแห่งอำพันขั้นที่ 3,th-TH
琥珀恩賜其九,พรแห่งอำพันขั้นที่ 9,th-TH
琥珀恩賜其二,พรแห่งอำพันขั้นที่ 2,th-TH
琥珀恩賜其五,พรแห่งอำพันขั้นที่ 5,th-TH
琥珀恩賜其八,พรแห่งอำพันขั้นที่ 8,th-TH
琥珀恩賜其六,พรแห่งอำพันขั้นที่ 6,th-TH
琥珀恩賜其十,พรแห่งอำพันขั้นที่ 10,th-TH
琥珀恩賜其四,พรแห่งอำพันขั้นที่ 4,th-TH
琥珀恩赐,พรแห่งอำพัน,th-TH
琥珀恩赐其一,พรแห่งอำพันขั้นที่ 1,th-TH
琥珀恩赐其七,พรแห่งอำพันขั้นที่ 7,th-TH
琥珀恩赐其三,พรแห่งอำพันขั้นที่ 3,th-TH
琥珀恩赐其九,พรแห่งอำพันขั้นที่ 9,th-TH
琥珀恩赐其二,พรแห่งอำพันขั้นที่ 2,th-TH
琥珀恩赐其五,พรแห่งอำพันขั้นที่ 5,th-TH
琥珀恩赐其八,พรแห่งอำพันขั้นที่ 8,th-TH
琥珀恩赐其六,พรแห่งอำพันขั้นที่ 6,th-TH
琥珀恩赐其十,พรแห่งอำพันขั้นที่ 10,th-TH
琥珀恩赐其四,พรแห่งอำพันขั้นที่ 4,th-TH
生劫火劫,ภัยแห่งชีวิตและเปลวเพลิง,th-TH
生劫火劫・1,ภัยแห่งชีวิตและเปลวเพลิง 1,th-TH
生劫火劫・10,ภัยแห่งชีวิตและเปลวเพลิง 10,th-TH
生劫火劫・2,ภัยแห่งชีวิตและเปลวเพลิง 2,th-TH
生劫火劫・3,ภัยแห่งชีวิตและเปลวเพลิง 3,th-TH
生劫火劫・4,ภัยแห่งชีวิตและเปลวเพลิง 4,th-TH
生劫火劫・5,ภัยแห่งชีวิตและเปลวเพลิง 5,th-TH
生劫火劫・6,ภัยแห่งชีวิตและเปลวเพลิง 6,th-TH
生劫火劫・7,ภัยแห่งชีวิตและเปลวเพลิง 7,th-TH
生劫火劫・8,ภัยแห่งชีวิตและเปลวเพลิง 8,th-TH
生劫火劫・9,ภัยแห่งชีวิตและเปลวเพลิง 9,th-TH
生劫火劫其一,ภัยแห่งชีวิตและเปลวเพลิง 1,th-TH
生劫火劫其七,ภัยแห่งชีวิตและเปลวเพลิง 7,th-TH
生劫火劫其三,ภัยแห่งชีวิตและเปลวเพลิง 3,th-TH
生劫火劫其九,ภัยแห่งชีวิตและเปลวเพลิง 9,th-TH
生劫火劫其二,ภัยแห่งชีวิตและเปลวเพลิง 2,th-TH
生劫火劫其五,ภัยแห่งชีวิตและเปลวเพลิง 5,th-TH
生劫火劫其八,ภัยแห่งชีวิตและเปลวเพลิง 8,th-TH
生劫火劫其六,ภัยแห่งชีวิตและเปลวเพลิง 6,th-TH
生劫火劫其十,ภัยแห่งชีวิตและเปลวเพลิง 10,th-TH
生劫火劫其四,ภัยแห่งชีวิตและเปลวเพลิง 4,th-TH
白夜夢國記,บันทึกแดนแห่งฝันในราตรีสีขาว,th-TH
白夜夢國記其一,บันทึกแดนแห่งฝันในราตรีสีขาว 1,th-TH
白夜夢國記其七,บันทึกแดนแห่งฝันในราตรีสีขาว 7,th-TH
白夜夢國記其三,บันทึกแดนแห่งฝันในราตรีสีขาว 3,th-TH
白夜夢國記其九,บันทึกแดนแห่งฝันในราตรีสีขาว 9,th-TH
白夜夢國記其二,บันทึกแดนแห่งฝันในราตรีสีขาว 2,th-TH
白夜夢國記其五,บันทึกแดนแห่งฝันในราตรีสีขาว 5,th-TH
白夜夢國記其八,บันทึกแดนแห่งฝันในราตรีสีขาว 8,th-TH
白夜夢國記其六,บันทึกแดนแห่งฝันในราตรีสีขาว 6,th-TH
白夜夢國記其十,บันทึกแดนแห่งฝันในราตรีสีขาว 10,th-TH
白夜夢國記其十一,บันทึกแดนแห่งฝันในราตรีสีขาว 11,th-TH
白夜夢國記其十二,บันทึกแดนแห่งฝันในราตรีสีขาว 12,th-TH
白夜夢國記其四,บันทึกแดนแห่งฝันในราตรีสีขาว 4,th-TH
白夜梦国记,บันทึกแดนแห่งฝันในราตรีสีขาว,th-TH
白夜梦国记其一,บันทึกแดนแห่งฝันในราตรีสีขาว 1,th-TH
白夜梦国记其七,บันทึกแดนแห่งฝันในราตรีสีขาว 7,th-TH
白夜梦国记其三,บันทึกแดนแห่งฝันในราตรีสีขาว 3,th-TH
白夜梦国记其九,บันทึกแดนแห่งฝันในราตรีสีขาว 9,th-TH
白夜梦国记其二,บันทึกแดนแห่งฝันในราตรีสีขาว 2,th-TH
白夜梦国记其五,บันทึกแดนแห่งฝันในราตรีสีขาว 5,th-TH
白夜梦国记其八,บันทึกแดนแห่งฝันในราตรีสีขาว 8,th-TH
白夜梦国记其六,บันทึกแดนแห่งฝันในราตรีสีขาว 6,th-TH
白夜梦国记其十,บันทึกแดนแห่งฝันในราตรีสีขาว 10,th-TH
白夜梦国记其十一,บันทึกแดนแห่งฝันในราตรีสีขาว 11,th-TH
白夜梦国记其十二,บันทึกแดนแห่งฝันในราตรีสีขาว 12,th-TH
白夜梦国记其四,บันทึกแดนแห่งฝันในราตรีสีขาว 4,th-TH
白昼夢国記,บันทึกแดนแห่งฝันในราตรีสีขาว,th-TH
白昼夢国記・1,บันทึกแดนแห่งฝันในราตรีสีขาว 1,th-TH
白昼夢国記・10,บันทึกแดนแห่งฝันในราตรีสีขาว 10,th-TH
白昼夢国記・11,บันทึกแดนแห่งฝันในราตรีสีขาว 11,th-TH
白昼夢国記・12,บันทึกแดนแห่งฝันในราตรีสีขาว 12,th-TH
白昼夢国記・2,บันทึกแดนแห่งฝันในราตรีสีขาว 2,th-TH
白昼夢国記・3,บันทึกแดนแห่งฝันในราตรีสีขาว 3,th-TH
白昼夢国記・4,บันทึกแดนแห่งฝันในราตรีสีขาว 4,th-TH
白昼夢国記・5,บันทึกแดนแห่งฝันในราตรีสีขาว 5,th-TH
白昼夢国記・6,บันทึกแดนแห่งฝันในราตรีสีขาว 6,th-TH
白昼夢国記・7,บันทึกแดนแห่งฝันในราตรีสีขาว 7,th-TH
白昼夢国記・8,บันทึกแดนแห่งฝันในราตรีสีขาว 8,th-TH
白昼夢国記・9,บันทึกแดนแห่งฝันในราตรีสีขาว 9,th-TH
程式句法,ไวยากรณ์โปรแกรม,th-TH
程式句法其一,ไวยากรณ์โปรแกรม 1,th-TH
程式句法其三,ไวยากรณ์โปรแกรม 3,th-TH
程式句法其二,ไวยากรณ์โปรแกรม 2,th-TH
程式句法其四,ไวยากรณ์โปรแกรม 4,th-TH
程式語法,ไวยากรณ์โปรแกรม,th-TH
程式語法其一,ไวยากรณ์โปรแกรม 1,th-TH
程式語法其三,ไวยากรณ์โปรแกรม 3,th-TH
程式語法其二,ไวยากรณ์โปรแกรม 2,th-TH
程式語法其四,ไวยากรณ์โปรแกรม 4,th-TH
立界の序章,ปฐมบทสร้างเขตแดน,th-TH
立界の序章・その1,ปฐมบทสร้างเขตแดน 1,th-TH
立界の序章・その2,ปฐมบทสร้างเขตแดน 2,th-TH
立界の序章・その3,ปฐมบทสร้างเขตแดน 3,th-TH
立界の序章・その4,ปฐมบทสร้างเขตแดน 4,th-TH
立界开篇,ปฐมบทสร้างเขตแดน,th-TH
立界开篇其一,ปฐมบทสร้างเขตแดน 1,th-TH
立界开篇其三,ปฐมบทสร้างเขตแดน 3,th-TH
立界开篇其二,ปฐมบทสร้างเขตแดน 2,th-TH
立界开篇其四,ปฐมบทสร้างเขตแดน 4,th-TH
立界開篇,ปฐมบทสร้างเขตแดน,th-TH
立界開篇其一,ปฐมบทสร้างเขตแดน 1,th-TH
立界開篇其三,ปฐมบทสร้างเขตแดน 3,th-TH
立界開篇其二,ปฐมบทสร้างเขตแดน 2,th-TH
立界開篇其四,ปฐมบทสร้างเขตแดน 4,th-TH
笑い声のような羽音,หึ่งหั่งดั่งเสียงขำ,th-TH
範疇錯誤,ตรรกะผิดหมวด,th-TH
範疇錯誤其一,ตรรกะผิดหมวด 1,th-TH
範疇錯誤其七,ตรรกะผิดหมวด 7,th-TH
範疇錯誤其三,ตรรกะผิดหมวด 3,th-TH
範疇錯誤其九,ตรรกะผิดหมวด 9,th-TH
範疇錯誤其二,ตรรกะผิดหมวด 2,th-TH
範疇錯誤其五,ตรรกะผิดหมวด 5,th-TH
範疇錯誤其八,ตรรกะผิดหมวด 8,th-TH
範疇錯誤其六,ตรรกะผิดหมวด 6,th-TH
範疇錯誤其十,ตรรกะผิดหมวด 10,th-TH
範疇錯誤其十一,ตรรกะผิดหมวด 11,th-TH
範疇錯誤其十二,ตรรกะผิดหมวด 12,th-TH
範疇錯誤其四,ตรรกะผิดหมวด 4,th-TH
籠鳥奇譚,ตำนานของนกในกรง,th-TH
籠鳥奇譚・1,ตำนานของนกในกรง 1,th-TH
籠鳥奇譚・2,ตำนานของนกในกรง 2,th-TH
籠鳥奇譚・3,ตำนานของนกในกรง 3,th-TH
籠鳥奇譚・4,ตำนานของนกในกรง 4,th-TH
紅月を呑む狼,จันทร์ชาดกลืนสิงคาล,th-TH
紅月を呑む狼・1,จันทร์ชาดกลืนสิงคาล 1,th-TH
紅月を呑む狼・10,จันทร์ชาดกลืนสิงคาล 10,th-TH
紅月を呑む狼・11,จันทร์ชาดกลืนสิงคาล 11,th-TH
紅月を呑む狼・12,จันทร์ชาดกลืนสิงคาล 12,th-TH
紅月を呑む狼・2,จันทร์ชาดกลืนสิงคาล 2,th-TH
紅月を呑む狼・3,จันทร์ชาดกลืนสิงคาล 3,th-TH
紅月を呑む狼・4,จันทร์ชาดกลืนสิงคาล 4,th-TH
紅月を呑む狼・5,จันทร์ชาดกลืนสิงคาล 5,th-TH
紅月を呑む狼・6,จันทร์ชาดกลืนสิงคาล 6,th-TH
紅月を呑む狼・7,จันทร์ชาดกลืนสิงคาล 7,th-TH
紅月を呑む狼・8,จันทร์ชาดกลืนสิงคาล 8,th-TH
紅月を呑む狼・9,จันทร์ชาดกลืนสิงคาล 9,th-TH
結構規律,กฎแห่งโครงสร้าง,th-TH
結構規律其一,กฎแห่งโครงสร้าง 1,th-TH
結構規律其三,กฎแห่งโครงสร้าง 3,th-TH
結構規律其二,กฎแห่งโครงสร้าง 2,th-TH
結構規律其四,กฎแห่งโครงสร้าง 4,th-TH
網路謎蹤,ปริศนาไซเบอร์,th-TH
網路謎蹤其一,ปริศนาไซเบอร์ 1,th-TH
網路謎蹤其七,ปริศนาไซเบอร์ 7,th-TH
網路謎蹤其三,ปริศนาไซเบอร์ 3,th-TH
網路謎蹤其九,ปริศนาไซเบอร์ 9,th-TH
網路謎蹤其二,ปริศนาไซเบอร์ 2,th-TH
網路謎蹤其五,ปริศนาไซเบอร์ 5,th-TH
網路謎蹤其八,ปริศนาไซเบอร์ 8,th-TH
網路謎蹤其六,ปริศนาไซเบอร์ 6,th-TH
網路謎蹤其十,ปริศนาไซเบอร์ 10,th-TH
網路謎蹤其十一,ปริศนาไซเบอร์ 11,th-TH
網路謎蹤其十二,ปริศนาไซเบอร์ 12,th-TH
網路謎蹤其四,ปริศนาไซเบอร์ 4,th-TH
網路風波,เครือข่ายผันผวน,th-TH
结构规律,กฎแห่งโครงสร้าง,th-TH
结构规律其一,กฎแห่งโครงสร้าง 1,th-TH
结构规律其三,กฎแห่งโครงสร้าง 3,th-TH
结构规律其二,กฎแห่งโครงสร้าง 2,th-TH
结构规律其四,กฎแห่งโครงสร้าง 4,th-TH
网络谜踪,ปริศนาไซเบอร์,th-TH
网络谜踪其一,ปริศนาไซเบอร์ 1,th-TH
网络谜踪其七,ปริศนาไซเบอร์ 7,th-TH
网络谜踪其三,ปริศนาไซเบอร์ 3,th-TH
网络谜踪其九,ปริศนาไซเบอร์ 9,th-TH
网络谜踪其二,ปริศนาไซเบอร์ 2,th-TH
网络谜踪其五,ปริศนาไซเบอร์ 5,th-TH
网络谜踪其八,ปริศนาไซเบอร์ 8,th-TH
网络谜踪其六,ปริศนาไซเบอร์ 6,th-TH
网络谜踪其十,ปริศนาไซเบอร์ 10,th-TH
网络谜踪其十一,ปริศนาไซเบอร์ 11,th-TH
网络谜踪其十二,ปริศนาไซเบอร์ 12,th-TH
网络谜踪其四,ปริศนาไซเบอร์ 4,th-TH
网络风波,เครือข่ายผันผวน,th-TH
羁鸟奇谭,ตำนานของนกในกรง,th-TH
羁鸟奇谭其一,ตำนานของนกในกรง 1,th-TH
羁鸟奇谭其三,ตำนานของนกในกรง 3,th-TH
羁鸟奇谭其二,ตำนานของนกในกรง 2,th-TH
羁鸟奇谭其四,ตำนานของนกในกรง 4,th-TH
羈鳥奇譚,ตำนานของนกในกรง,th-TH
羈鳥奇譚其一,ตำนานของนกในกรง 1,th-TH
羈鳥奇譚其三,ตำนานของนกในกรง 3,th-TH
羈鳥奇譚其二,ตำนานของนกในกรง 2,th-TH
羈鳥奇譚其四,ตำนานของนกในกรง 4,th-TH
自己証明の預言,คำทำนายพิสูจน์ตน,th-TH
自己証明の預言・1,คำทำนายพิสูจน์ตน 1,th-TH
自己証明の預言・2,คำทำนายพิสูจน์ตน 2,th-TH
自己証明の預言・3,คำทำนายพิสูจน์ตน 3,th-TH
自己証明の預言・4,คำทำนายพิสูจน์ตน 4,th-TH
自證預言,คำทำนายพิสูจน์ตน,th-TH
自證預言其一,คำทำนายพิสูจน์ตน 1,th-TH
自證預言其三,คำทำนายพิสูจน์ตน 3,th-TH
自證預言其二,คำทำนายพิสูจน์ตน 2,th-TH
自證預言其四,คำทำนายพิสูจน์ตน 4,th-TH
自证预言,คำทำนายพิสูจน์ตน,th-TH
自证预言其一,คำทำนายพิสูจน์ตน 1,th-TH
自证预言其三,คำทำนายพิสูจน์ตน 3,th-TH
自证预言其二,คำทำนายพิสูจน์ตน 2,th-TH
自证预言其四,คำทำนายพิสูจน์ตน 4,th-TH
與夢共舞,เต้นรำกับความฝัน,th-TH
與夢共舞其一,เต้นรำกับความฝัน 1,th-TH
與夢共舞其七,เต้นรำกับความฝัน 7,th-TH
與夢共舞其三,เต้นรำกับความฝัน 3,th-TH
與夢共舞其九,เต้นรำกับความฝัน 9,th-TH
與夢共舞其二,เต้นรำกับความฝัน 2,th-TH
與夢共舞其五,เต้นรำกับความฝัน 5,th-TH
與夢共舞其八,เต้นรำกับความฝัน 8,th-TH
與夢共舞其六,เต้นรำกับความฝัน 6,th-TH
與夢共舞其十,เต้นรำกับความฝัน 10,th-TH
與夢共舞其十一,เต้นรำกับความฝัน 11,th-TH
與夢共舞其十二,เต้นรำกับความฝัน 12,th-TH
與夢共舞其四,เต้นรำกับความฝัน 4,th-TH
舌灿莲花,บุษบงที่พร่างพราว,th-TH
舌灿莲花其一,บุษบงที่พร่างพราว 1,th-TH
舌灿莲花其三,บุษบงที่พร่างพราว 3,th-TH
舌灿莲花其二,บุษบงที่พร่างพราว 2,th-TH
舌灿莲花其四,บุษบงที่พร่างพราว 4,th-TH
舌燦蓮花,บุษบงที่พร่างพราว,th-TH
舌燦蓮花其一,บุษบงที่พร่างพราว 1,th-TH
舌燦蓮花其三,บุษบงที่พร่างพราว 3,th-TH
舌燦蓮花其二,บุษบงที่พร่างพราว 2,th-TH
舌燦蓮花其四,บุษบงที่พร่างพราว 4,th-TH
舸舰迷津,เรือหลงทิศ,th-TH
舸舰迷津其一,เรือหลงทิศ 1,th-TH
舸舰迷津其七,เรือหลงทิศ 7,th-TH
舸舰迷津其三,เรือหลงทิศ 3,th-TH
舸舰迷津其九,เรือหลงทิศ 9,th-TH
舸舰迷津其二,เรือหลงทิศ 2,th-TH
舸舰迷津其五,เรือหลงทิศ 5,th-TH
舸舰迷津其八,เรือหลงทิศ 8,th-TH
舸舰迷津其六,เรือหลงทิศ 6,th-TH
舸舰迷津其十,เรือหลงทิศ 10,th-TH
舸舰迷津其十一,เรือหลงทิศ 11,th-TH
舸舰迷津其十二,เรือหลงทิศ 12,th-TH
舸舰迷津其四,เรือหลงทิศ 4,th-TH
舸艦迷津,เรือหลงทิศ,th-TH
舸艦迷津其一,เรือหลงทิศ 1,th-TH
舸艦迷津其七,เรือหลงทิศ 7,th-TH
舸艦迷津其三,เรือหลงทิศ 3,th-TH
舸艦迷津其九,เรือหลงทิศ 9,th-TH
舸艦迷津其二,เรือหลงทิศ 2,th-TH
舸艦迷津其五,เรือหลงทิศ 5,th-TH
舸艦迷津其八,เรือหลงทิศ 8,th-TH
舸艦迷津其六,เรือหลงทิศ 6,th-TH
舸艦迷津其十,เรือหลงทิศ 10,th-TH
舸艦迷津其十一,เรือหลงทิศ 11,th-TH
舸艦迷津其十二,เรือหลงทิศ 12,th-TH
舸艦迷津其四,เรือหลงทิศ 4,th-TH
苛烈なる寒風,เหมันต์อนธการ,th-TH
苛烈なる寒風・難易度01,เหมันต์อนธการ: ความยาก 01,th-TH
苛烈なる寒風・難易度02,เหมันต์อนธการ: ความยาก 02,th-TH
苛烈なる寒風・難易度03,เหมันต์อนธการ: ความยาก 03,th-TH
苛烈なる寒風・難易度04,เหมันต์อนธการ: ความยาก 04,th-TH
范畴错误,ตรรกะผิดหมวด,th-TH
范畴错误其一,ตรรกะผิดหมวด 1,th-TH
范畴错误其七,ตรรกะผิดหมวด 7,th-TH
范畴错误其三,ตรรกะผิดหมวด 3,th-TH
范畴错误其九,ตรรกะผิดหมวด 9,th-TH
范畴错误其二,ตรรกะผิดหมวด 2,th-TH
范畴错误其五,ตรรกะผิดหมวด 5,th-TH
范畴错误其八,ตรรกะผิดหมวด 8,th-TH
范畴错误其六,ตรรกะผิดหมวด 6,th-TH
范畴错误其十,ตรรกะผิดหมวด 10,th-TH
范畴错误其十一,ตรรกะผิดหมวด 11,th-TH
范畴错误其十二,ตรรกะผิดหมวด 12,th-TH
范畴错误其四,ตรรกะผิดหมวด 4,th-TH
荒唐な宴,ช่วงเวลาแห่งงานฉลอง,th-TH
荒唐な宴・1,ช่วงเวลาแห่งงานฉลอง 1,th-TH
荒唐な宴・10,ช่วงเวลาแห่งงานฉลอง 10,th-TH
荒唐な宴・11,ช่วงเวลาแห่งงานฉลอง 11,th-TH
荒唐な宴・12,ช่วงเวลาแห่งงานฉลอง 12,th-TH
荒唐な宴・2,ช่วงเวลาแห่งงานฉลอง 2,th-TH
荒唐な宴・3,ช่วงเวลาแห่งงานฉลอง 3,th-TH
荒唐な宴・4,ช่วงเวลาแห่งงานฉลอง 4,th-TH
荒唐な宴・5,ช่วงเวลาแห่งงานฉลอง 5,th-TH
荒唐な宴・6,ช่วงเวลาแห่งงานฉลอง 6,th-TH
荒唐な宴・7,ช่วงเวลาแห่งงานฉลอง 7,th-TH
荒唐な宴・8,ช่วงเวลาแห่งงานฉลอง 8,th-TH
荒唐な宴・9,ช่วงเวลาแห่งงานฉลอง 9,th-TH
药王垂迹,ร่องรอยแห่ง Sanctus Medicus,th-TH
药王垂迹其一,ร่องรอยแห่ง Sanctus Medicus 1,th-TH
药王垂迹其七,ร่องรอยแห่ง Sanctus Medicus 7,th-TH
药王垂迹其三,ร่องรอยแห่ง Sanctus Medicus 3,th-TH
药王垂迹其九,ร่องรอยแห่ง Sanctus Medicus 9,th-TH
药王垂迹其二,ร่องรอยแห่ง Sanctus Medicus 2,th-TH
药王垂迹其五,ร่องรอยแห่ง Sanctus Medicus 5,th-TH
药王垂迹其八,ร่องรอยแห่ง Sanctus Medicus 8,th-TH
药王垂迹其六,ร่องรอยแห่ง Sanctus Medicus 6,th-TH
药王垂迹其十,ร่องรอยแห่ง Sanctus Medicus 10,th-TH
药王垂迹其四,ร่องรอยแห่ง Sanctus Medicus 4,th-TH
获得#1分,ได้รับ #1 คะแนน,th-TH
萬載盟誓,คำสัตย์นิจนิรันดร์,th-TH
萬載盟誓其一,คำสัตย์นิจนิรันดร์ 1,th-TH
萬載盟誓其七,คำสัตย์นิจนิรันดร์ 7,th-TH
萬載盟誓其三,คำสัตย์นิจนิรันดร์ 3,th-TH
萬載盟誓其九,คำสัตย์นิจนิรันดร์ 9,th-TH
萬載盟誓其二,คำสัตย์นิจนิรันดร์ 2,th-TH
萬載盟誓其五,คำสัตย์นิจนิรันดร์ 5,th-TH
萬載盟誓其八,คำสัตย์นิจนิรันดร์ 8,th-TH
萬載盟誓其六,คำสัตย์นิจนิรันดร์ 6,th-TH
萬載盟誓其十,คำสัตย์นิจนิรันดร์ 10,th-TH
萬載盟誓其四,คำสัตย์นิจนิรันดร์ 4,th-TH
薬王の垂迹,ร่องรอยแห่ง Sanctus Medicus,th-TH
薬王の垂迹・1,ร่องรอยแห่ง Sanctus Medicus 1,th-TH
薬王の垂迹・10,ร่องรอยแห่ง Sanctus Medicus 10,th-TH
薬王の垂迹・2,ร่องรอยแห่ง Sanctus Medicus 2,th-TH
薬王の垂迹・3,ร่องรอยแห่ง Sanctus Medicus 3,th-TH
薬王の垂迹・4,ร่องรอยแห่ง Sanctus Medicus 4,th-TH
薬王の垂迹・5,ร่องรอยแห่ง Sanctus Medicus 5,th-TH
薬王の垂迹・6,ร่องรอยแห่ง Sanctus Medicus 6,th-TH
薬王の垂迹・7,ร่องรอยแห่ง Sanctus Medicus 7,th-TH
薬王の垂迹・8,ร่องรอยแห่ง Sanctus Medicus 8,th-TH
薬王の垂迹・9,ร่องรอยแห่ง Sanctus Medicus 9,th-TH
藏于深空之秘,ปริศนาในห้วงอวกาศ,th-TH
藏于深空之秘其一,ปริศนาในห้วงอวกาศ 1,th-TH
藏于深空之秘其七,ปริศนาในห้วงอวกาศ 7,th-TH
藏于深空之秘其三,ปริศนาในห้วงอวกาศ 3,th-TH
藏于深空之秘其九,ปริศนาในห้วงอวกาศ 9,th-TH
藏于深空之秘其二,ปริศนาในห้วงอวกาศ 2,th-TH
藏于深空之秘其五,ปริศนาในห้วงอวกาศ 5,th-TH
藏于深空之秘其八,ปริศนาในห้วงอวกาศ 8,th-TH
藏于深空之秘其六,ปริศนาในห้วงอวกาศ 6,th-TH
藏于深空之秘其十,ปริศนาในห้วงอวกาศ 10,th-TH
藏于深空之秘其十一,ปริศนาในห้วงอวกาศ 11,th-TH
藏于深空之秘其十二,ปริศนาในห้วงอวกาศ 12,th-TH
藏于深空之秘其四,ปริศนาในห้วงอวกาศ 4,th-TH
藏於深空之秘,ปริศนาในห้วงอวกาศ,th-TH
藏於深空之秘其一,ปริศนาในห้วงอวกาศ 1,th-TH
藏於深空之秘其七,ปริศนาในห้วงอวกาศ 7,th-TH
藏於深空之秘其三,ปริศนาในห้วงอวกาศ 3,th-TH
藏於深空之秘其九,ปริศนาในห้วงอวกาศ 9,th-TH
藏於深空之秘其二,ปริศนาในห้วงอวกาศ 2,th-TH
藏於深空之秘其五,ปริศนาในห้วงอวกาศ 5,th-TH
藏於深空之秘其八,ปริศนาในห้วงอวกาศ 8,th-TH
藏於深空之秘其六,ปริศนาในห้วงอวกาศ 6,th-TH
藏於深空之秘其十,ปริศนาในห้วงอวกาศ 10,th-TH
藏於深空之秘其十一,ปริศนาในห้วงอวกาศ 11,th-TH
藏於深空之秘其十二,ปริศนาในห้วงอวกาศ 12,th-TH
藏於深空之秘其四,ปริศนาในห้วงอวกาศ 4,th-TH
藥王垂跡,ร่องรอยแห่ง Sanctus Medicus,th-TH
藥王垂跡其一,ร่องรอยแห่ง Sanctus Medicus 1,th-TH
藥王垂跡其七,ร่องรอยแห่ง Sanctus Medicus 7,th-TH
藥王垂跡其三,ร่องรอยแห่ง Sanctus Medicus 3,th-TH
藥王垂跡其九,ร่องรอยแห่ง Sanctus Medicus 9,th-TH
藥王垂跡其二,ร่องรอยแห่ง Sanctus Medicus 2,th-TH
藥王垂跡其五,ร่องรอยแห่ง Sanctus Medicus 5,th-TH
藥王垂跡其八,ร่องรอยแห่ง Sanctus Medicus 8,th-TH
藥王垂跡其六,ร่องรอยแห่ง Sanctus Medicus 6,th-TH
藥王垂跡其十,ร่องรอยแห่ง Sanctus Medicus 10,th-TH
藥王垂跡其四,ร่องรอยแห่ง Sanctus Medicus 4,th-TH
虚を借りて真と成す,ยืมเท็จสร้างจริง,th-TH
虚を借りて真と成す・その1,ยืมเท็จสร้างจริง 1,th-TH
虚を借りて真と成す・その2,ยืมเท็จสร้างจริง 2,th-TH
虚を借りて真と成す・その3,ยืมเท็จสร้างจริง 3,th-TH
虚を借りて真と成す・その4,ยืมเท็จสร้างจริง 4,th-TH
虚境成章,แดนมายาร้อยเรียง,th-TH
虚境成章其一,แดนมายาร้อยเรียง 1,th-TH
虚境成章其三,แดนมายาร้อยเรียง 3,th-TH
虚境成章其二,แดนมายาร้อยเรียง 2,th-TH
虚境成章其四,แดนมายาร้อยเรียง 4,th-TH
虚壁に向かって嘘を吐く,เสกสรรปั้นแต่ง,th-TH
虚壁に向かって嘘を吐く・1,เสกสรรปั้นแต่ง 1,th-TH
虚壁に向かって嘘を吐く・2,เสกสรรปั้นแต่ง 2,th-TH
虚壁に向かって嘘を吐く・3,เสกสรรปั้นแต่ง 3,th-TH
虚壁に向かって嘘を吐く・4,เสกสรรปั้นแต่ง 4,th-TH
虚構ビジネス,ธุรกิจสร้างเรื่องราว,th-TH
虚構ビジネス・1,ธุรกิจสร้างเรื่องราว 1,th-TH
虚構ビジネス・2,ธุรกิจสร้างเรื่องราว 2,th-TH
虚構ビジネス・3,ธุรกิจสร้างเรื่องราว 3,th-TH
虚構ビジネス・4,ธุรกิจสร้างเรื่องราว 4,th-TH
虚言,ถ้อยคำลวงหลอก,th-TH
虚言・1,ถ้อยคำลวงหลอก 1,th-TH
虚言・2,ถ้อยคำลวงหลอก 2,th-TH
虚言・3,ถ้อยคำลวงหลอก 3,th-TH
虚言・4,ถ้อยคำลวงหลอก 4,th-TH
虛境成章,แดนมายาร้อยเรียง,th-TH
虛境成章其一,แดนมายาร้อยเรียง 1,th-TH
虛境成章其三,แดนมายาร้อยเรียง 3,th-TH
虛境成章其二,แดนมายาร้อยเรียง 2,th-TH
虛境成章其四,แดนมายาร้อยเรียง 4,th-TH
螟蝗の扇動,มวลแมลงปลุกปั่น,th-TH
螟蝗の扇動・難易度01,มวลแมลงปลุกปั่น: ความยาก 01,th-TH
螟蝗の扇動・難易度02,มวลแมลงปลุกปั่น: ความยาก 02,th-TH
螟蝗の扇動・難易度03,มวลแมลงปลุกปั่น: ความยาก 03,th-TH
螟蝗の扇動・難易度04,มวลแมลงปลุกปั่น: ความยาก 04,th-TH
螟蝗战首,ขุนศึกมวลแมลง,th-TH
螟蝗战首·难度01,ขุนศึกมวลแมลง: ความยาก 01,th-TH
螟蝗战首·难度02,ขุนศึกมวลแมลง: ความยาก 02,th-TH
螟蝗战首·难度03,ขุนศึกมวลแมลง: ความยาก 03,th-TH
螟蝗战首·难度04,ขุนศึกมวลแมลง: ความยาก 04,th-TH
螟蝗戦首,ขุนศึกมวลแมลง,th-TH
螟蝗戦首・難易度01,ขุนศึกมวลแมลง: ความยาก 01,th-TH
螟蝗戦首・難易度02,ขุนศึกมวลแมลง: ความยาก 02,th-TH
螟蝗戦首・難易度03,ขุนศึกมวลแมลง: ความยาก 03,th-TH
螟蝗戦首・難易度04,ขุนศึกมวลแมลง: ความยาก 04,th-TH
螟蝗戰首,ขุนศึกมวลแมลง,th-TH
螟蝗戰首•難度01,ขุนศึกมวลแมลง: ความยาก 01,th-TH
螟蝗戰首•難度02,ขุนศึกมวลแมลง: ความยาก 02,th-TH
螟蝗戰首•難度03,ขุนศึกมวลแมลง: ความยาก 03,th-TH
螟蝗戰首•難度04,ขุนศึกมวลแมลง: ความยาก 04,th-TH
螟蝗煽动,มวลแมลงปลุกปั่น,th-TH
螟蝗煽动·难度01,มวลแมลงปลุกปั่น: ความยาก 01,th-TH
螟蝗煽动·难度02,มวลแมลงปลุกปั่น: ความยาก 02,th-TH
螟蝗煽动·难度03,มวลแมลงปลุกปั่น: ความยาก 03,th-TH
螟蝗煽动·难度04,มวลแมลงปลุกปั่น: ความยาก 04,th-TH
螟蝗煽動,มวลแมลงปลุกปั่น,th-TH
螟蝗煽動•難度01,มวลแมลงปลุกปั่น: ความยาก 01,th-TH
螟蝗煽動•難度02,มวลแมลงปลุกปั่น: ความยาก 02,th-TH
螟蝗煽動•難度03,มวลแมลงปลุกปั่น: ความยาก 03,th-TH
螟蝗煽動•難度04,มวลแมลงปลุกปั่น: ความยาก 04,th-TH
蟻の一穴,รังมดพังเขื่อน,th-TH
蟻の一穴・1,รังมดพังเขื่อน 1,th-TH
蟻の一穴・10,รังมดพังเขื่อน 10,th-TH
蟻の一穴・11,รังมดพังเขื่อน 11,th-TH
蟻の一穴・12,รังมดพังเขื่อน 12,th-TH
蟻の一穴・2,รังมดพังเขื่อน 2,th-TH
蟻の一穴・3,รังมดพังเขื่อน 3,th-TH
蟻の一穴・4,รังมดพังเขื่อน 4,th-TH
蟻の一穴・5,รังมดพังเขื่อน 5,th-TH
蟻の一穴・6,รังมดพังเขื่อน 6,th-TH
蟻の一穴・7,รังมดพังเขื่อน 7,th-TH
蟻の一穴・8,รังมดพังเขื่อน 8,th-TH
蟻の一穴・9,รังมดพังเขื่อน 9,th-TH
記憶・1,Memory ขั้นที่ 1,th-TH
記憶・10,Memory ขั้นที่ 10,th-TH
記憶・11,Memory ขั้นที่ 11,th-TH
記憶・12,Memory ขั้นที่ 12,th-TH
記憶・13,Memory ขั้นที่ 13,th-TH
記憶・14,Memory ขั้นที่ 14,th-TH
記憶・15,Memory ขั้นที่ 15,th-TH
記憶・2,Memory ขั้นที่ 2,th-TH
記憶・3,Memory ขั้นที่ 3,th-TH
記憶・4,Memory ขั้นที่ 4,th-TH
記憶・5,Memory ขั้นที่ 5,th-TH
記憶・6,Memory ขั้นที่ 6,th-TH
記憶・7,Memory ขั้นที่ 7,th-TH
記憶・8,Memory ขั้นที่ 8,th-TH
記憶・9,Memory ขั้นที่ 9,th-TH
論黃數黑,ใส่สีตีไข่,th-TH
論黃數黑其一,ใส่สีตีไข่ 1,th-TH
論黃數黑其三,ใส่สีตีไข่ 3,th-TH
論黃數黑其二,ใส่สีตีไข่ 2,th-TH
論黃數黑其四,ใส่สีตีไข่ 4,th-TH
论黄数黑,ใส่สีตีไข่,th-TH
论黄数黑其一,ใส่สีตีไข่ 1,th-TH
论黄数黑其三,ใส่สีตีไข่ 3,th-TH
论黄数黑其二,ใส่สีตีไข่ 2,th-TH
论黄数黑其四,ใส่สีตีไข่ 4,th-TH
赤月吞狼,จันทร์ชาดกลืนสิงคาล,th-TH
赤月吞狼其一,จันทร์ชาดกลืนสิงคาล 1,th-TH
赤月吞狼其七,จันทร์ชาดกลืนสิงคาล 7,th-TH
赤月吞狼其三,จันทร์ชาดกลืนสิงคาล 3,th-TH
赤月吞狼其九,จันทร์ชาดกลืนสิงคาล 9,th-TH
赤月吞狼其二,จันทร์ชาดกลืนสิงคาล 2,th-TH
赤月吞狼其五,จันทร์ชาดกลืนสิงคาล 5,th-TH
赤月吞狼其八,จันทร์ชาดกลืนสิงคาล 8,th-TH
赤月吞狼其六,จันทร์ชาดกลืนสิงคาล 6,th-TH
赤月吞狼其十,จันทร์ชาดกลืนสิงคาล 10,th-TH
赤月吞狼其十一,จันทร์ชาดกลืนสิงคาล 11,th-TH
赤月吞狼其十二,จันทร์ชาดกลืนสิงคาล 12,th-TH
赤月吞狼其四,จันทร์ชาดกลืนสิงคาล 4,th-TH
蹈冰寻火,ย่ำน้ำแข็งแสวงเพลิง,th-TH
蹈冰寻火其一,ย่ำน้ำแข็งแสวงเพลิงขั้นที่ 1,th-TH
蹈冰寻火其七,ย่ำน้ำแข็งแสวงเพลิงขั้นที่ 7,th-TH
蹈冰寻火其三,ย่ำน้ำแข็งแสวงเพลิงขั้นที่ 3,th-TH
蹈冰寻火其九,ย่ำน้ำแข็งแสวงเพลิงขั้นที่ 9,th-TH
蹈冰寻火其二,ย่ำน้ำแข็งแสวงเพลิงขั้นที่ 2,th-TH
蹈冰寻火其五,ย่ำน้ำแข็งแสวงเพลิงขั้นที่ 5,th-TH
蹈冰寻火其八,ย่ำน้ำแข็งแสวงเพลิงขั้นที่ 8,th-TH
蹈冰寻火其六,ย่ำน้ำแข็งแสวงเพลิงขั้นที่ 6,th-TH
蹈冰寻火其十,ย่ำน้ำแข็งแสวงเพลิงขั้นที่ 10,th-TH
蹈冰寻火其四,ย่ำน้ำแข็งแสวงเพลิงขั้นที่ 4,th-TH
蹈冰尋火,ย่ำน้ำแข็งแสวงเพลิง,th-TH
蹈冰尋火其一,ย่ำน้ำแข็งแสวงเพลิงขั้นที่ 1,th-TH
蹈冰尋火其七,ย่ำน้ำแข็งแสวงเพลิงขั้นที่ 7,th-TH
蹈冰尋火其三,ย่ำน้ำแข็งแสวงเพลิงขั้นที่ 3,th-TH
蹈冰尋火其九,ย่ำน้ำแข็งแสวงเพลิงขั้นที่ 9,th-TH
蹈冰尋火其二,ย่ำน้ำแข็งแสวงเพลิงขั้นที่ 2,th-TH
蹈冰尋火其五,ย่ำน้ำแข็งแสวงเพลิงขั้นที่ 5,th-TH
蹈冰尋火其八,ย่ำน้ำแข็งแสวงเพลิงขั้นที่ 8,th-TH
蹈冰尋火其六,ย่ำน้ำแข็งแสวงเพลิงขั้นที่ 6,th-TH
蹈冰尋火其十,ย่ำน้ำแข็งแสวงเพลิงขั้นที่ 10,th-TH
蹈冰尋火其四,ย่ำน้ำแข็งแสวงเพลิงขั้นที่ 4,th-TH
軍團再臨,กองทัพหวนคืน,th-TH
迷夢造舟,เรือแห่งความฝัน,th-TH
迷夢造舟・1,เรือแห่งความฝัน 1,th-TH
迷夢造舟・10,เรือแห่งความฝัน 10,th-TH
迷夢造舟・2,เรือแห่งความฝัน 2,th-TH
迷夢造舟・3,เรือแห่งความฝัน 3,th-TH
迷夢造舟・4,เรือแห่งความฝัน 4,th-TH
迷夢造舟・5,เรือแห่งความฝัน 5,th-TH
迷夢造舟・6,เรือแห่งความฝัน 6,th-TH
迷夢造舟・7,เรือแห่งความฝัน 7,th-TH
迷夢造舟・8,เรือแห่งความฝัน 8,th-TH
迷夢造舟・9,เรือแห่งความฝัน 9,th-TH
迷夢造舸,เรือแห่งความฝัน,th-TH
迷夢造舸其一,เรือแห่งความฝัน 1,th-TH
迷夢造舸其七,เรือแห่งความฝัน 7,th-TH
迷夢造舸其三,เรือแห่งความฝัน 3,th-TH
迷夢造舸其九,เรือแห่งความฝัน 9,th-TH
迷夢造舸其二,เรือแห่งความฝัน 2,th-TH
迷夢造舸其五,เรือแห่งความฝัน 5,th-TH
迷夢造舸其八,เรือแห่งความฝัน 8,th-TH
迷夢造舸其六,เรือแห่งความฝัน 6,th-TH
迷夢造舸其十,เรือแห่งความฝัน 10,th-TH
迷夢造舸其四,เรือแห่งความฝัน 4,th-TH
迷梦造舸,เรือแห่งความฝัน,th-TH
迷梦造舸其一,เรือแห่งความฝัน 1,th-TH
迷梦造舸其七,เรือแห่งความฝัน 7,th-TH
迷梦造舸其三,เรือแห่งความฝัน 3,th-TH
迷梦造舸其九,เรือแห่งความฝัน 9,th-TH
迷梦造舸其二,เรือแห่งความฝัน 2,th-TH
迷梦造舸其五,เรือแห่งความฝัน 5,th-TH
迷梦造舸其八,เรือแห่งความฝัน 8,th-TH
迷梦造舸其六,เรือแห่งความฝัน 6,th-TH
迷梦造舸其十,เรือแห่งความฝัน 10,th-TH
迷梦造舸其四,เรือแห่งความฝัน 4,th-TH
造象立說,ปฏิมาบรรยาย,th-TH
造象立說其一,ปฏิมาบรรยาย 1,th-TH
造象立說其三,ปฏิมาบรรยาย 3,th-TH
造象立說其二,ปฏิมาบรรยาย 2,th-TH
造象立說其四,ปฏิมาบรรยาย 4,th-TH
造象立说,ปฏิมาบรรยาย,th-TH
造象立说其一,ปฏิมาบรรยาย 1,th-TH
造象立说其三,ปฏิมาบรรยาย 3,th-TH
造象立说其二,ปฏิมาบรรยาย 2,th-TH
造象立说其四,ปฏิมาบรรยาย 4,th-TH
遊辞漫談,เรื่อง (อย่า) เล่าจาก Youci,th-TH
遊辞漫談・1,เรื่อง (อย่า) เล่าจาก Youci 1,th-TH
遊辞漫談・2,เรื่อง (อย่า) เล่าจาก Youci 2,th-TH
遊辞漫談・3,เรื่อง (อย่า) เล่าจาก Youci 3,th-TH
遊辞漫談・4,เรื่อง (อย่า) เล่าจาก Youci 4,th-TH
遊辭漫說,เรื่อง (อย่า) เล่าจาก Youci,th-TH
遊辭漫說其一,เรื่อง (อย่า) เล่าจาก Youci 1,th-TH
遊辭漫說其三,เรื่อง (อย่า) เล่าจาก Youci 3,th-TH
遊辭漫說其二,เรื่อง (อย่า) เล่าจาก Youci 2,th-TH
遊辭漫說其四,เรื่อง (อย่า) เล่าจาก Youci 4,th-TH
遗忘冽风,เหมันต์ลืมเลือน,th-TH
遗忘冽风·难度01,เหมันต์ลืมเลือน: ความยาก 01,th-TH
遗忘冽风·难度02,เหมันต์ลืมเลือน: ความยาก 02,th-TH
遗忘冽风·难度03,เหมันต์ลืมเลือน: ความยาก 03,th-TH
遗忘冽风·难度04,เหมันต์ลืมเลือน: ความยาก 04,th-TH
遭難した巨艦,เรือหลงทิศ,th-TH
遭難した巨艦・1,เรือหลงทิศ 1,th-TH
遭難した巨艦・10,เรือหลงทิศ 10,th-TH
遭難した巨艦・11,เรือหลงทิศ 11,th-TH
遭難した巨艦・12,เรือหลงทิศ 12,th-TH
遭難した巨艦・2,เรือหลงทิศ 2,th-TH
遭難した巨艦・3,เรือหลงทิศ 3,th-TH
遭難した巨艦・4,เรือหลงทิศ 4,th-TH
遭難した巨艦・5,เรือหลงทิศ 5,th-TH
遭難した巨艦・6,เรือหลงทิศ 6,th-TH
遭難した巨艦・7,เรือหลงทิศ 7,th-TH
遭難した巨艦・8,เรือหลงทิศ 8,th-TH
遭難した巨艦・9,เรือหลงทิศ 9,th-TH
遺忘冽風,เหมันต์ลืมเลือน,th-TH
遺忘冽風•難度01,เหมันต์ลืมเลือน: ความยาก 01,th-TH
遺忘冽風•難度02,เหมันต์ลืมเลือน: ความยาก 02,th-TH
遺忘冽風•難度03,เหมันต์ลืมเลือน: ความยาก 03,th-TH
遺忘冽風•難度04,เหมันต์ลืมเลือน: ความยาก 04,th-TH
醒めたくない夢,แดนฝันสุดถวิล,th-TH
醒めたくない夢・1,แดนฝันสุดถวิล 1,th-TH
醒めたくない夢・10,แดนฝันสุดถวิล 10,th-TH
醒めたくない夢・11,แดนฝันสุดถวิล 11,th-TH
醒めたくない夢・12,แดนฝันสุดถวิล 12,th-TH
醒めたくない夢・2,แดนฝันสุดถวิล 2,th-TH
醒めたくない夢・3,แดนฝันสุดถวิล 3,th-TH
醒めたくない夢・4,แดนฝันสุดถวิล 4,th-TH
醒めたくない夢・5,แดนฝันสุดถวิล 5,th-TH
醒めたくない夢・6,แดนฝันสุดถวิล 6,th-TH
醒めたくない夢・7,แดนฝันสุดถวิล 7,th-TH
醒めたくない夢・8,แดนฝันสุดถวิล 8,th-TH
醒めたくない夢・9,แดนฝันสุดถวิล 9,th-TH
重燃之光,แสงที่ลุกโชนอีกครา,th-TH
重燃之光其一,แสงที่ลุกโชนอีกครา 1,th-TH
重燃之光其七,แสงที่ลุกโชนอีกครา 7,th-TH
重燃之光其三,แสงที่ลุกโชนอีกครา 3,th-TH
重燃之光其九,แสงที่ลุกโชนอีกครา 9,th-TH
重燃之光其二,แสงที่ลุกโชนอีกครา 2,th-TH
重燃之光其五,แสงที่ลุกโชนอีกครา 5,th-TH
重燃之光其八,แสงที่ลุกโชนอีกครา 8,th-TH
重燃之光其六,แสงที่ลุกโชนอีกครา 6,th-TH
重燃之光其十,แสงที่ลุกโชนอีกครา 10,th-TH
重燃之光其十一,แสงที่ลุกโชนอีกครา 11,th-TH
重燃之光其十二,แสงที่ลุกโชนอีกครา 12,th-TH
重燃之光其四,แสงที่ลุกโชนอีกครา 4,th-TH
金血恶兽,อสูรร้ายโลหิตทอง,th-TH
金血恶兽·难度01,อสูรร้ายโลหิตทอง: ความยาก 01,th-TH
金血恶兽·难度02,อสูรร้ายโลหิตทอง: ความยาก 02,th-TH
金血恶兽·难度03,อสูรร้ายโลหิตทอง: ความยาก 03,th-TH
金血恶兽·难度04,อสูรร้ายโลหิตทอง: ความยาก 04,th-TH
金血惡獸,อสูรร้ายโลหิตทอง,th-TH
金血惡獸•難度01,อสูรร้ายโลหิตทอง: ความยาก 01,th-TH
金血惡獸•難度02,อสูรร้ายโลหิตทอง: ความยาก 02,th-TH
金血惡獸•難度03,อสูรร้ายโลหิตทอง: ความยาก 03,th-TH
金血惡獸•難度04,อสูรร้ายโลหิตทอง: ความยาก 04,th-TH
鎮伏玄根,การปราบรากศักดิ์สิทธิ์,th-TH
鎮伏玄根其一,การปราบรากศักดิ์สิทธิ์ 1,th-TH
鎮伏玄根其七,การปราบรากศักดิ์สิทธิ์ 7,th-TH
鎮伏玄根其三,การปราบรากศักดิ์สิทธิ์ 3,th-TH
鎮伏玄根其九,การปราบรากศักดิ์สิทธิ์ 9,th-TH
鎮伏玄根其二,การปราบรากศักดิ์สิทธิ์ 2,th-TH
鎮伏玄根其五,การปราบรากศักดิ์สิทธิ์ 5,th-TH
鎮伏玄根其八,การปราบรากศักดิ์สิทธิ์ 8,th-TH
鎮伏玄根其六,การปราบรากศักดิ์สิทธิ์ 6,th-TH
鎮伏玄根其十,การปราบรากศักดิ์สิทธิ์ 10,th-TH
鎮伏玄根其四,การปราบรากศักดิ์สิทธิ์ 4,th-TH
镇伏玄根,การปราบรากศักดิ์สิทธิ์,th-TH
镇伏玄根其一,การปราบรากศักดิ์สิทธิ์ 1,th-TH
镇伏玄根其七,การปราบรากศักดิ์สิทธิ์ 7,th-TH
镇伏玄根其三,การปราบรากศักดิ์สิทธิ์ 3,th-TH
镇伏玄根其九,การปราบรากศักดิ์สิทธิ์ 9,th-TH
镇伏玄根其二,การปราบรากศักดิ์สิทธิ์ 2,th-TH
镇伏玄根其五,การปราบรากศักดิ์สิทธิ์ 5,th-TH
镇伏玄根其八,การปราบรากศักดิ์สิทธิ์ 8,th-TH
镇伏玄根其六,การปราบรากศักดิ์สิทธิ์ 6,th-TH
镇伏玄根其十,การปราบรากศักดิ์สิทธิ์ 10,th-TH
镇伏玄根其四,การปราบรากศักดิ์สิทธิ์ 4,th-TH
長眠不醒,นิทราไม่รู้ตื่น,th-TH
長眠不醒其一,นิทราไม่รู้ตื่น 1,th-TH
長眠不醒其七,นิทราไม่รู้ตื่น 7,th-TH
長眠不醒其三,นิทราไม่รู้ตื่น 3,th-TH
長眠不醒其九,นิทราไม่รู้ตื่น 9,th-TH
長眠不醒其二,นิทราไม่รู้ตื่น 2,th-TH
長眠不醒其五,นิทราไม่รู้ตื่น 5,th-TH
長眠不醒其八,นิทราไม่รู้ตื่น 8,th-TH
長眠不醒其六,นิทราไม่รู้ตื่น 6,th-TH
長眠不醒其十,นิทราไม่รู้ตื่น 10,th-TH
長眠不醒其十一,นิทราไม่รู้ตื่น 11,th-TH
長眠不醒其十二,นิทราไม่รู้ตื่น 12,th-TH
長眠不醒其四,นิทราไม่รู้ตื่น 4,th-TH
长眠不醒,นิทราไม่รู้ตื่น,th-TH
长眠不醒其一,นิทราไม่รู้ตื่น 1,th-TH
长眠不醒其七,นิทราไม่รู้ตื่น 7,th-TH
长眠不醒其三,นิทราไม่รู้ตื่น 3,th-TH
长眠不醒其九,นิทราไม่รู้ตื่น 9,th-TH
长眠不醒其二,นิทราไม่รู้ตื่น 2,th-TH
长眠不醒其五,นิทราไม่รู้ตื่น 5,th-TH
长眠不醒其八,นิทราไม่รู้ตื่น 8,th-TH
长眠不醒其六,นิทราไม่รู้ตื่น 6,th-TH
长眠不醒其十,นิทราไม่รู้ตื่น 10,th-TH
长眠不醒其十一,นิทราไม่รู้ตื่น 11,th-TH
长眠不醒其十二,นิทราไม่รู้ตื่น 12,th-TH
长眠不醒其四,นิทราไม่รู้ตื่น 4,th-TH
陈腔滥调,ถ้อยคำจำเจ,th-TH
陈腔滥调其一,ถ้อยคำจำเจ 1,th-TH
陈腔滥调其三,ถ้อยคำจำเจ 3,th-TH
陈腔滥调其二,ถ้อยคำจำเจ 2,th-TH
陈腔滥调其四,ถ้อยคำจำเจ 4,th-TH
陳腐な表現,ถ้อยคำจำเจ,th-TH
陳腐な表現・1,ถ้อยคำจำเจ 1,th-TH
陳腐な表現・2,ถ้อยคำจำเจ 2,th-TH
陳腐な表現・3,ถ้อยคำจำเจ 3,th-TH
陳腐な表現・4,ถ้อยคำจำเจ 4,th-TH
陳腔濫調,ถ้อยคำจำเจ,th-TH
陳腔濫調其一,ถ้อยคำจำเจ 1,th-TH
陳腔濫調其三,ถ้อยคำจำเจ 3,th-TH
陳腔濫調其二,ถ้อยคำจำเจ 2,th-TH
陳腔濫調其四,ถ้อยคำจำเจ 4,th-TH
难舍梦乡,แดนฝันสุดถวิล,th-TH
难舍梦乡其一,แดนฝันสุดถวิล 1,th-TH
难舍梦乡其七,แดนฝันสุดถวิล 7,th-TH
难舍梦乡其三,แดนฝันสุดถวิล 3,th-TH
难舍梦乡其九,แดนฝันสุดถวิล 9,th-TH
难舍梦乡其二,แดนฝันสุดถวิล 2,th-TH
难舍梦乡其五,แดนฝันสุดถวิล 5,th-TH
难舍梦乡其八,แดนฝันสุดถวิล 8,th-TH
难舍梦乡其六,แดนฝันสุดถวิล 6,th-TH
难舍梦乡其十,แดนฝันสุดถวิล 10,th-TH
难舍梦乡其十一,แดนฝันสุดถวิล 11,th-TH
难舍梦乡其十二,แดนฝันสุดถวิล 12,th-TH
难舍梦乡其四,แดนฝันสุดถวิล 4,th-TH
難捨夢鄉,แดนฝันสุดถวิล,th-TH
難捨夢鄉其一,แดนฝันสุดถวิล 1,th-TH
難捨夢鄉其七,แดนฝันสุดถวิล 7,th-TH
難捨夢鄉其三,แดนฝันสุดถวิล 3,th-TH
難捨夢鄉其九,แดนฝันสุดถวิล 9,th-TH
難捨夢鄉其二,แดนฝันสุดถวิล 2,th-TH
難捨夢鄉其五,แดนฝันสุดถวิล 5,th-TH
難捨夢鄉其八,แดนฝันสุดถวิล 8,th-TH
難捨夢鄉其六,แดนฝันสุดถวิล 6,th-TH
難捨夢鄉其十,แดนฝันสุดถวิล 10,th-TH
難捨夢鄉其十一,แดนฝันสุดถวิล 11,th-TH
難捨夢鄉其十二,แดนฝันสุดถวิล 12,th-TH
難捨夢鄉其四,แดนฝันสุดถวิล 4,th-TH
霜の跡に旧夢,ห้วงฝันแห่งรอยน้ำแข็ง,th-TH
霜の跡に旧夢・1,ห้วงฝันแห่งรอยน้ำแข็งขั้นที่ 1,th-TH
霜の跡に旧夢・10,ห้วงฝันแห่งรอยน้ำแข็งขั้นที่ 10,th-TH
霜の跡に旧夢・2,ห้วงฝันแห่งรอยน้ำแข็งขั้นที่ 2,th-TH
霜の跡に旧夢・3,ห้วงฝันแห่งรอยน้ำแข็งขั้นที่ 3,th-TH
霜の跡に旧夢・4,ห้วงฝันแห่งรอยน้ำแข็งขั้นที่ 4,th-TH
霜の跡に旧夢・5,ห้วงฝันแห่งรอยน้ำแข็งขั้นที่ 5,th-TH
霜の跡に旧夢・6,ห้วงฝันแห่งรอยน้ำแข็งขั้นที่ 6,th-TH
霜の跡に旧夢・7,ห้วงฝันแห่งรอยน้ำแข็งขั้นที่ 7,th-TH
霜の跡に旧夢・8,ห้วงฝันแห่งรอยน้ำแข็งขั้นที่ 8,th-TH
霜の跡に旧夢・9,ห้วงฝันแห่งรอยน้ำแข็งขั้นที่ 9,th-TH
霜痕旧梦,ห้วงฝันแห่งรอยน้ำแข็ง,th-TH
霜痕旧梦其一,ห้วงฝันแห่งรอยน้ำแข็งขั้นที่ 1,th-TH
霜痕旧梦其七,ห้วงฝันแห่งรอยน้ำแข็งขั้นที่ 7,th-TH
霜痕旧梦其三,ห้วงฝันแห่งรอยน้ำแข็งขั้นที่ 3,th-TH
霜痕旧梦其九,ห้วงฝันแห่งรอยน้ำแข็งขั้นที่ 9,th-TH
霜痕旧梦其二,ห้วงฝันแห่งรอยน้ำแข็งขั้นที่ 2,th-TH
霜痕旧梦其五,ห้วงฝันแห่งรอยน้ำแข็งขั้นที่ 5,th-TH
霜痕旧梦其八,ห้วงฝันแห่งรอยน้ำแข็งขั้นที่ 8,th-TH
霜痕旧梦其六,ห้วงฝันแห่งรอยน้ำแข็งขั้นที่ 6,th-TH
霜痕旧梦其十,ห้วงฝันแห่งรอยน้ำแข็งขั้นที่ 10,th-TH
霜痕旧梦其四,ห้วงฝันแห่งรอยน้ำแข็งขั้นที่ 4,th-TH
霜痕舊夢,ห้วงฝันแห่งรอยน้ำแข็ง,th-TH
霜痕舊夢其一,ห้วงฝันแห่งรอยน้ำแข็งขั้นที่ 1,th-TH
霜痕舊夢其七,ห้วงฝันแห่งรอยน้ำแข็งขั้นที่ 7,th-TH
霜痕舊夢其三,ห้วงฝันแห่งรอยน้ำแข็งขั้นที่ 3,th-TH
霜痕舊夢其九,ห้วงฝันแห่งรอยน้ำแข็งขั้นที่ 9,th-TH
霜痕舊夢其二,ห้วงฝันแห่งรอยน้ำแข็งขั้นที่ 2,th-TH
霜痕舊夢其五,ห้วงฝันแห่งรอยน้ำแข็งขั้นที่ 5,th-TH
霜痕舊夢其八,ห้วงฝันแห่งรอยน้ำแข็งขั้นที่ 8,th-TH
霜痕舊夢其六,ห้วงฝันแห่งรอยน้ำแข็งขั้นที่ 6,th-TH
霜痕舊夢其十,ห้วงฝันแห่งรอยน้ำแข็งขั้นที่ 10,th-TH
霜痕舊夢其四,ห้วงฝันแห่งรอยน้ำแข็งขั้นที่ 4,th-TH
風暴止息,พายุฉุดชีวัน,th-TH
風暴止息其一,พายุฉุดชีวันขั้นที่ 1,th-TH
風暴止息其七,พายุฉุดชีวันขั้นที่ 7,th-TH
風暴止息其三,พายุฉุดชีวันขั้นที่ 3,th-TH
風暴止息其九,พายุฉุดชีวันขั้นที่ 9,th-TH
風暴止息其二,พายุฉุดชีวันขั้นที่ 2,th-TH
風暴止息其五,พายุฉุดชีวันขั้นที่ 5,th-TH
風暴止息其八,พายุฉุดชีวันขั้นที่ 8,th-TH
風暴止息其六,พายุฉุดชีวันขั้นที่ 6,th-TH
風暴止息其十,พายุฉุดชีวันขั้นที่ 10,th-TH
風暴止息其四,พายุฉุดชีวันขั้นที่ 4,th-TH
风暴止息,พายุฉุดชีวัน,th-TH
风暴止息其一,พายุฉุดชีวันขั้นที่ 1,th-TH
风暴止息其七,พายุฉุดชีวันขั้นที่ 7,th-TH
风暴止息其三,พายุฉุดชีวันขั้นที่ 3,th-TH
风暴止息其九,พายุฉุดชีวันขั้นที่ 9,th-TH
风暴止息其二,พายุฉุดชีวันขั้นที่ 2,th-TH
风暴止息其五,พายุฉุดชีวันขั้นที่ 5,th-TH
风暴止息其八,พายุฉุดชีวันขั้นที่ 8,th-TH
风暴止息其六,พายุฉุดชีวันขั้นที่ 6,th-TH
风暴止息其十,พายุฉุดชีวันขั้นที่ 10,th-TH
风暴止息其四,พายุฉุดชีวันขั้นที่ 4,th-TH
飲月の乱・1,วิกฤตจ้าวยลจันทรา 1,th-TH
飲月の乱・10,วิกฤตจ้าวยลจันทรา 10,th-TH
飲月の乱・2,วิกฤตจ้าวยลจันทรา 2,th-TH
飲月の乱・3,วิกฤตจ้าวยลจันทรา 3,th-TH
飲月の乱・4,วิกฤตจ้าวยลจันทรา 4,th-TH
飲月の乱・5,วิกฤตจ้าวยลจันทรา 5,th-TH
飲月の乱・6,วิกฤตจ้าวยลจันทรา 6,th-TH
飲月の乱・7,วิกฤตจ้าวยลจันทรา 7,th-TH
飲月の乱・8,วิกฤตจ้าวยลจันทรา 8,th-TH
飲月の乱・9,วิกฤตจ้าวยลจันทรา 9,th-TH
飲月之亂其一,วิกฤตจ้าวยลจันทรา 1,th-TH
飲月之亂其七,วิกฤตจ้าวยลจันทรา 7,th-TH
飲月之亂其三,วิกฤตจ้าวยลจันทรา 3,th-TH
飲月之亂其九,วิกฤตจ้าวยลจันทรา 9,th-TH
飲月之亂其二,วิกฤตจ้าวยลจันทรา 2,th-TH
飲月之亂其五,วิกฤตจ้าวยลจันทรา 5,th-TH
飲月之亂其八,วิกฤตจ้าวยลจันทรา 8,th-TH
飲月之亂其六,วิกฤตจ้าวยลจันทรา 6,th-TH
飲月之亂其十,วิกฤตจ้าวยลจันทรา 10,th-TH
飲月之亂其四,วิกฤตจ้าวยลจันทรา 4,th-TH
饮月之乱其一,วิกฤตจ้าวยลจันทรา 1,th-TH
饮月之乱其七,วิกฤตจ้าวยลจันทรา 7,th-TH
饮月之乱其三,วิกฤตจ้าวยลจันทรา 3,th-TH
饮月之乱其九,วิกฤตจ้าวยลจันทรา 9,th-TH
饮月之乱其二,วิกฤตจ้าวยลจันทรา 2,th-TH
饮月之乱其五,วิกฤตจ้าวยลจันทรา 5,th-TH
饮月之乱其八,วิกฤตจ้าวยลจันทรา 8,th-TH
饮月之乱其六,วิกฤตจ้าวยลจันทรา 6,th-TH
饮月之乱其十,วิกฤตจ้าวยลจันทรา 10,th-TH
饮月之乱其四,วิกฤตจ้าวยลจันทรา 4,th-TH
騎士（一）,อัศวิน (1),th-TH
騎士（三）,อัศวิน (3),th-TH
騎士（二）,อัศวิน (2),th-TH
骑士（一）,อัศวิน (1),th-TH
骑士（三）,อัศวิน (3),th-TH
骑士（二）,อัศวิน (2),th-TH
魔阴空劫,Mara และความว่างเปล่า,th-TH
魔阴空劫其一,Mara และความว่างเปล่า 1,th-TH
魔阴空劫其七,Mara และความว่างเปล่า 7,th-TH
魔阴空劫其三,Mara และความว่างเปล่า 3,th-TH
魔阴空劫其九,Mara และความว่างเปล่า 9,th-TH
魔阴空劫其二,Mara และความว่างเปล่า 2,th-TH
魔阴空劫其五,Mara และความว่างเปล่า 5,th-TH
魔阴空劫其八,Mara และความว่างเปล่า 8,th-TH
魔阴空劫其六,Mara และความว่างเปล่า 6,th-TH
魔阴空劫其十,Mara และความว่างเปล่า 10,th-TH
魔阴空劫其四,Mara และความว่างเปล่า 4,th-TH
魔陰空劫,Mara และความว่างเปล่า,th-TH
魔陰空劫・1,Mara และความว่างเปล่า 1,th-TH
魔陰空劫・10,Mara และความว่างเปล่า 10,th-TH
魔陰空劫・2,Mara และความว่างเปล่า 2,th-TH
魔陰空劫・3,Mara และความว่างเปล่า 3,th-TH
魔陰空劫・4,Mara และความว่างเปล่า 4,th-TH
魔陰空劫・5,Mara และความว่างเปล่า 5,th-TH
魔陰空劫・6,Mara และความว่างเปล่า 6,th-TH
魔陰空劫・7,Mara และความว่างเปล่า 7,th-TH
魔陰空劫・8,Mara และความว่างเปล่า 8,th-TH
魔陰空劫・9,Mara และความว่างเปล่า 9,th-TH
魔陰空劫其一,Mara และความว่างเปล่า 1,th-TH
魔陰空劫其七,Mara และความว่างเปล่า 7,th-TH
魔陰空劫其三,Mara และความว่างเปล่า 3,th-TH
魔陰空劫其九,Mara และความว่างเปล่า 9,th-TH
魔陰空劫其二,Mara และความว่างเปล่า 2,th-TH
魔陰空劫其五,Mara และความว่างเปล่า 5,th-TH
魔陰空劫其八,Mara และความว่างเปล่า 8,th-TH
魔陰空劫其六,Mara และความว่างเปล่า 6,th-TH
魔陰空劫其十,Mara และความว่างเปล่า 10,th-TH
魔陰空劫其四,Mara และความว่างเปล่า 4,th-TH
鱗淵の潮騒,กระแสคลื่นที่ถาโถม,th-TH
鱗淵の潮騒・1,กระแสคลื่นที่ถาโถม 1,th-TH
鱗淵の潮騒・10,กระแสคลื่นที่ถาโถม 10,th-TH
鱗淵の潮騒・11,กระแสคลื่นที่ถาโถม 11,th-TH
鱗淵の潮騒・12,กระแสคลื่นที่ถาโถม 12,th-TH
鱗淵の潮騒・2,กระแสคลื่นที่ถาโถม 2,th-TH
鱗淵の潮騒・3,กระแสคลื่นที่ถาโถม 3,th-TH
鱗淵の潮騒・4,กระแสคลื่นที่ถาโถม 4,th-TH
鱗淵の潮騒・5,กระแสคลื่นที่ถาโถม 5,th-TH
鱗淵の潮騒・6,กระแสคลื่นที่ถาโถม 6,th-TH
鱗淵の潮騒・7,กระแสคลื่นที่ถาโถม 7,th-TH
鱗淵の潮騒・8,กระแสคลื่นที่ถาโถม 8,th-TH
鱗淵の潮騒・9,กระแสคลื่นที่ถาโถม 9,th-TH
鱗淵潮動,กระแสคลื่นที่ถาโถม,th-TH
鱗淵潮動其一,กระแสคลื่นที่ถาโถม 1,th-TH
鱗淵潮動其七,กระแสคลื่นที่ถาโถม 7,th-TH
鱗淵潮動其三,กระแสคลื่นที่ถาโถม 3,th-TH
鱗淵潮動其九,กระแสคลื่นที่ถาโถม 9,th-TH
鱗淵潮動其二,กระแสคลื่นที่ถาโถม 2,th-TH
鱗淵潮動其五,กระแสคลื่นที่ถาโถม 5,th-TH
鱗淵潮動其八,กระแสคลื่นที่ถาโถม 8,th-TH
鱗淵潮動其六,กระแสคลื่นที่ถาโถม 6,th-TH
鱗淵潮動其十,กระแสคลื่นที่ถาโถม 10,th-TH
鱗淵潮動其十一,กระแสคลื่นที่ถาโถม 11,th-TH
鱗淵潮動其十二,กระแสคลื่นที่ถาโถม 12,th-TH
鱗淵潮動其四,กระแสคลื่นที่ถาโถม 4,th-TH
鳞渊潮动,กระแสคลื่นที่ถาโถม,th-TH
鳞渊潮动其一,กระแสคลื่นที่ถาโถม 1,th-TH
鳞渊潮动其七,กระแสคลื่นที่ถาโถม 7,th-TH
鳞渊潮动其三,กระแสคลื่นที่ถาโถม 3,th-TH
鳞渊潮动其九,กระแสคลื่นที่ถาโถม 9,th-TH
鳞渊潮动其二,กระแสคลื่นที่ถาโถม 2,th-TH
鳞渊潮动其五,กระแสคลื่นที่ถาโถม 5,th-TH
鳞渊潮动其八,กระแสคลื่นที่ถาโถม 8,th-TH
鳞渊潮动其六,กระแสคลื่นที่ถาโถม 6,th-TH
鳞渊潮动其十,กระแสคลื่นที่ถาโถม 10,th-TH
鳞渊潮动其十一,กระแสคลื่นที่ถาโถม 11,th-TH
鳞渊潮动其十二,กระแสคลื่นที่ถาโถม 12,th-TH
鳞渊潮动其四,กระแสคลื่นที่ถาโถม 4,th-TH
黄金の血の悪獣,อสูรร้ายโลหิตทอง,th-TH
黄金の血の悪獣·難易度01,อสูรร้ายโลหิตทอง: ความยาก 01,th-TH
黄金の血の悪獣·難易度02,อสูรร้ายโลหิตทอง: ความยาก 02,th-TH
黄金の血の悪獣·難易度03,อสูรร้ายโลหิตทอง: ความยาก 03,th-TH
黄金の血の悪獣·難易度04,อสูรร้ายโลหิตทอง: ความยาก 04,th-TH
거짓된 말마디,ถ้อยคำลวงหลอก,th-TH
거짓된 말마디•1,ถ้อยคำลวงหลอก 1,th-TH
거짓된 말마디•2,ถ้อยคำลวงหลอก 2,th-TH
거짓된 말마디•3,ถ้อยคำลวงหลอก 3,th-TH
거짓된 말마디•4,ถ้อยคำลวงหลอก 4,th-TH
고독한 천공 항행,การเดินทางอันโดดเดี่ยวในห้วงอวกาศ,th-TH
고독한 천공 항행•1,การเดินทางอันโดดเดี่ยวในห้วงอวกาศ 1,th-TH
고독한 천공 항행•10,การเดินทางอันโดดเดี่ยวในห้วงอวกาศ 10,th-TH
고독한 천공 항행•2,การเดินทางอันโดดเดี่ยวในห้วงอวกาศ 2,th-TH
고독한 천공 항행•3,การเดินทางอันโดดเดี่ยวในห้วงอวกาศ 3,th-TH
고독한 천공 항행•4,การเดินทางอันโดดเดี่ยวในห้วงอวกาศ 4,th-TH
고독한 천공 항행•5,การเดินทางอันโดดเดี่ยวในห้วงอวกาศ 5,th-TH
고독한 천공 항행•6,การเดินทางอันโดดเดี่ยวในห้วงอวกาศ 6,th-TH
고독한 천공 항행•7,การเดินทางอันโดดเดี่ยวในห้วงอวกาศ 7,th-TH
고독한 천공 항행•8,การเดินทางอันโดดเดี่ยวในห้วงอวกาศ 8,th-TH
고독한 천공 항행•9,การเดินทางอันโดดเดี่ยวในห้วงอวกาศ 9,th-TH
공상으로 만든 배,เรือแห่งความฝัน,th-TH
공상으로 만든 배•1,เรือแห่งความฝัน 1,th-TH
공상으로 만든 배•10,เรือแห่งความฝัน 10,th-TH
공상으로 만든 배•2,เรือแห่งความฝัน 2,th-TH
공상으로 만든 배•3,เรือแห่งความฝัน 3,th-TH
공상으로 만든 배•4,เรือแห่งความฝัน 4,th-TH
공상으로 만든 배•5,เรือแห่งความฝัน 5,th-TH
공상으로 만든 배•6,เรือแห่งความฝัน 6,th-TH
공상으로 만든 배•7,เรือแห่งความฝัน 7,th-TH
공상으로 만든 배•8,เรือแห่งความฝัน 8,th-TH
공상으로 만든 배•9,เรือแห่งความฝัน 9,th-TH
괴수 지배,ปีศาจร้ายครอบงำ,th-TH
괴수 지배·난이도 01,ปีศาจร้ายครอบงำ: ความยาก 01,th-TH
괴수 지배·난이도 02,ปีศาจร้ายครอบงำ: ความยาก 02,th-TH
괴수 지배·난이도 03,ปีศาจร้ายครอบงำ: ความยาก 03,th-TH
괴수 지배·난이도 04,ปีศาจร้ายครอบงำ: ความยาก 04,th-TH
구조적 규율,กฎแห่งโครงสร้าง,th-TH
구조적 규율•1,กฎแห่งโครงสร้าง 1,th-TH
구조적 규율•2,กฎแห่งโครงสร้าง 2,th-TH
구조적 규율•3,กฎแห่งโครงสร้าง 3,th-TH
구조적 규율•4,กฎแห่งโครงสร้าง 4,th-TH
군단의 재림,กองทัพหวนคืน,th-TH
글자 없는 소설,นิยายไร้ตัวอักษร,th-TH
글자 없는 소설•1,นิยายไร้ตัวอักษร 1,th-TH
글자 없는 소설•2,นิยายไร้ตัวอักษร 2,th-TH
글자 없는 소설•3,นิยายไร้ตัวอักษร 3,th-TH
글자 없는 소설•4,นิยายไร้ตัวอักษร 4,th-TH
기억•1,Memory ขั้นที่ 1,th-TH
기억•10,Memory ขั้นที่ 10,th-TH
기억•11,Memory ขั้นที่ 11,th-TH
기억•12,Memory ขั้นที่ 12,th-TH
기억•13,Memory ขั้นที่ 13,th-TH
기억•14,Memory ขั้นที่ 14,th-TH
기억•15,Memory ขั้นที่ 15,th-TH
기억•2,Memory ขั้นที่ 2,th-TH
기억•3,Memory ขั้นที่ 3,th-TH
기억•4,Memory ขั้นที่ 4,th-TH
기억•5,Memory ขั้นที่ 5,th-TH
기억•6,Memory ขั้นที่ 6,th-TH
기억•7,Memory ขั้นที่ 7,th-TH
기억•8,Memory ขั้นที่ 8,th-TH
기억•9,Memory ขั้นที่ 9,th-TH
길 잃은 거함,เรือหลงทิศ,th-TH
길 잃은 거함•1,เรือหลงทิศ 1,th-TH
길 잃은 거함•10,เรือหลงทิศ 10,th-TH
길 잃은 거함•11,เรือหลงทิศ 11,th-TH
길 잃은 거함•12,เรือหลงทิศ 12,th-TH
길 잃은 거함•2,เรือหลงทิศ 2,th-TH
길 잃은 거함•3,เรือหลงทิศ 3,th-TH
길 잃은 거함•4,เรือหลงทิศ 4,th-TH
길 잃은 거함•5,เรือหลงทิศ 5,th-TH
길 잃은 거함•6,เรือหลงทิศ 6,th-TH
길 잃은 거함•7,เรือหลงทิศ 7,th-TH
길 잃은 거함•8,เรือหลงทิศ 8,th-TH
길 잃은 거함•9,เรือหลงทิศ 9,th-TH
깨지 않는 깊은 잠,นิทราไม่รู้ตื่น,th-TH
깨지 않는 깊은 잠•1,นิทราไม่รู้ตื่น 1,th-TH
깨지 않는 깊은 잠•10,นิทราไม่รู้ตื่น 10,th-TH
깨지 않는 깊은 잠•11,นิทราไม่รู้ตื่น 11,th-TH
깨지 않는 깊은 잠•12,นิทราไม่รู้ตื่น 12,th-TH
깨지 않는 깊은 잠•2,นิทราไม่รู้ตื่น 2,th-TH
깨지 않는 깊은 잠•3,นิทราไม่รู้ตื่น 3,th-TH
깨지 않는 깊은 잠•4,นิทราไม่รู้ตื่น 4,th-TH
깨지 않는 깊은 잠•5,นิทราไม่รู้ตื่น 5,th-TH
깨지 않는 깊은 잠•6,นิทราไม่รู้ตื่น 6,th-TH
깨지 않는 깊은 잠•7,นิทราไม่รู้ตื่น 7,th-TH
깨지 않는 깊은 잠•8,นิทราไม่รู้ตื่น 8,th-TH
깨지 않는 깊은 잠•9,นิทราไม่รู้ตื่น 9,th-TH
꾸며낸 이야기,นั่งเทียนเขียนแต่ง,th-TH
꾸며낸 이야기•1,นั่งเทียนเขียนแต่ง 1,th-TH
꾸며낸 이야기•2,นั่งเทียนเขียนแต่ง 2,th-TH
꾸며낸 이야기•3,นั่งเทียนเขียนแต่ง 3,th-TH
꾸며낸 이야기•4,นั่งเทียนเขียนแต่ง 4,th-TH
꿈과 춤을,เต้นรำกับความฝัน,th-TH
꿈과 춤을•1,เต้นรำกับความฝัน 1,th-TH
꿈과 춤을•10,เต้นรำกับความฝัน 10,th-TH
꿈과 춤을•11,เต้นรำกับความฝัน 11,th-TH
꿈과 춤을•12,เต้นรำกับความฝัน 12,th-TH
꿈과 춤을•2,เต้นรำกับความฝัน 2,th-TH
꿈과 춤을•3,เต้นรำกับความฝัน 3,th-TH
꿈과 춤을•4,เต้นรำกับความฝัน 4,th-TH
꿈과 춤을•5,เต้นรำกับความฝัน 5,th-TH
꿈과 춤을•6,เต้นรำกับความฝัน 6,th-TH
꿈과 춤을•7,เต้นรำกับความฝัน 7,th-TH
꿈과 춤을•8,เต้นรำกับความฝัน 8,th-TH
꿈과 춤을•9,เต้นรำกับความฝัน 9,th-TH
꿈속의 꿈,ฝันซ้อนฝัน,th-TH
꿈속의 꿈•1,ฝันซ้อนฝัน 1,th-TH
꿈속의 꿈•10,ฝันซ้อนฝัน 10,th-TH
꿈속의 꿈•11,ฝันซ้อนฝัน 11,th-TH
꿈속의 꿈•12,ฝันซ้อนฝัน 12,th-TH
꿈속의 꿈•2,ฝันซ้อนฝัน 2,th-TH
꿈속의 꿈•3,ฝันซ้อนฝัน 3,th-TH
꿈속의 꿈•4,ฝันซ้อนฝัน 4,th-TH
꿈속의 꿈•5,ฝันซ้อนฝัน 5,th-TH
꿈속의 꿈•6,ฝันซ้อนฝัน 6,th-TH
꿈속의 꿈•7,ฝันซ้อนฝัน 7,th-TH
꿈속의 꿈•8,ฝันซ้อนฝัน 8,th-TH
꿈속의 꿈•9,ฝันซ้อนฝัน 9,th-TH
끝난 곡조와 흩어진 꿈,บทเพลงส่งท้ายความฝัน,th-TH
끝난 곡조와 흩어진 꿈•1,บทเพลงส่งท้ายความฝัน 1,th-TH
끝난 곡조와 흩어진 꿈•10,บทเพลงส่งท้ายความฝัน 10,th-TH
끝난 곡조와 흩어진 꿈•11,บทเพลงส่งท้ายความฝัน 11,th-TH
끝난 곡조와 흩어진 꿈•12,บทเพลงส่งท้ายความฝัน 12,th-TH
끝난 곡조와 흩어진 꿈•2,บทเพลงส่งท้ายความฝัน 2,th-TH
끝난 곡조와 흩어진 꿈•3,บทเพลงส่งท้ายความฝัน 3,th-TH
끝난 곡조와 흩어진 꿈•4,บทเพลงส่งท้ายความฝัน 4,th-TH
끝난 곡조와 흩어진 꿈•5,บทเพลงส่งท้ายความฝัน 5,th-TH
끝난 곡조와 흩어진 꿈•6,บทเพลงส่งท้ายความฝัน 6,th-TH
끝난 곡조와 흩어진 꿈•7,บทเพลงส่งท้ายความฝัน 7,th-TH
끝난 곡조와 흩어진 꿈•8,บทเพลงส่งท้ายความฝัน 8,th-TH
끝난 곡조와 흩어진 꿈•9,บทเพลงส่งท้ายความฝัน 9,th-TH
나이트•1,อัศวิน (1),th-TH
나이트•2,อัศวิน (2),th-TH
나이트•3,อัศวิน (3),th-TH
내러티브 분석,การวิเคราะห์เชิงบรรยาย,th-TH
내러티브 분석•1,การวิเคราะห์เชิงบรรยาย 1,th-TH
내러티브 분석•2,การวิเคราะห์เชิงบรรยาย 2,th-TH
내러티브 분석•3,การวิเคราะห์เชิงบรรยาย 3,th-TH
내러티브 분석•4,การวิเคราะห์เชิงบรรยาย 4,th-TH
네트워크 소동,เครือข่ายผันผวน,th-TH
노름꾼의 곤경,ความลำบากของนักพนัน,th-TH
노름꾼의 곤경•1,ความลำบากของนักพนัน 1,th-TH
노름꾼의 곤경•10,ความลำบากของนักพนัน 10,th-TH
노름꾼의 곤경•11,ความลำบากของนักพนัน 11,th-TH
노름꾼의 곤경•12,ความลำบากของนักพนัน 12,th-TH
노름꾼의 곤경•2,ความลำบากของนักพนัน 2,th-TH
노름꾼의 곤경•3,ความลำบากของนักพนัน 3,th-TH
노름꾼의 곤경•4,ความลำบากของนักพนัน 4,th-TH
노름꾼의 곤경•5,ความลำบากของนักพนัน 5,th-TH
노름꾼의 곤경•6,ความลำบากของนักพนัน 6,th-TH
노름꾼의 곤경•7,ความลำบากของนักพนัน 7,th-TH
노름꾼의 곤경•8,ความลำบากของนักพนัน 8,th-TH
노름꾼의 곤경•9,ความลำบากของนักพนัน 9,th-TH
눈물의 전쟁,สงครามหยาดน้ำตาแห่งสายฝน,th-TH
눈물의 전쟁•1,สงครามหยาดน้ำตาแห่งสายฝน 1,th-TH
눈물의 전쟁•10,สงครามหยาดน้ำตาแห่งสายฝน 10,th-TH
눈물의 전쟁•2,สงครามหยาดน้ำตาแห่งสายฝน 2,th-TH
눈물의 전쟁•3,สงครามหยาดน้ำตาแห่งสายฝน 3,th-TH
눈물의 전쟁•4,สงครามหยาดน้ำตาแห่งสายฝน 4,th-TH
눈물의 전쟁•5,สงครามหยาดน้ำตาแห่งสายฝน 5,th-TH
눈물의 전쟁•6,สงครามหยาดน้ำตาแห่งสายฝน 6,th-TH
눈물의 전쟁•7,สงครามหยาดน้ำตาแห่งสายฝน 7,th-TH
눈물의 전쟁•8,สงครามหยาดน้ำตาแห่งสายฝน 8,th-TH
눈물의 전쟁•9,สงครามหยาดน้ำตาแห่งสายฝน 9,th-TH
늑대를 삼킨 붉은 달,จันทร์ชาดกลืนสิงคาล,th-TH
늑대를 삼킨 붉은 달•1,จันทร์ชาดกลืนสิงคาล 1,th-TH
늑대를 삼킨 붉은 달•10,จันทร์ชาดกลืนสิงคาล 10,th-TH
늑대를 삼킨 붉은 달•11,จันทร์ชาดกลืนสิงคาล 11,th-TH
늑대를 삼킨 붉은 달•12,จันทร์ชาดกลืนสิงคาล 12,th-TH
늑대를 삼킨 붉은 달•2,จันทร์ชาดกลืนสิงคาล 2,th-TH
늑대를 삼킨 붉은 달•3,จันทร์ชาดกลืนสิงคาล 3,th-TH
늑대를 삼킨 붉은 달•4,จันทร์ชาดกลืนสิงคาล 4,th-TH
늑대를 삼킨 붉은 달•5,จันทร์ชาดกลืนสิงคาล 5,th-TH
늑대를 삼킨 붉은 달•6,จันทร์ชาดกลืนสิงคาล 6,th-TH
늑대를 삼킨 붉은 달•7,จันทร์ชาดกลืนสิงคาล 7,th-TH
늑대를 삼킨 붉은 달•8,จันทร์ชาดกลืนสิงคาล 8,th-TH
늑대를 삼킨 붉은 달•9,จันทร์ชาดกลืนสิงคาล 9,th-TH
다시 빛나는 불꽃,แสงที่ลุกโชนอีกครา,th-TH
다시 빛나는 불꽃•1,แสงที่ลุกโชนอีกครา 1,th-TH
다시 빛나는 불꽃•10,แสงที่ลุกโชนอีกครา 10,th-TH
다시 빛나는 불꽃•11,แสงที่ลุกโชนอีกครา 11,th-TH
다시 빛나는 불꽃•12,แสงที่ลุกโชนอีกครา 12,th-TH
다시 빛나는 불꽃•2,แสงที่ลุกโชนอีกครา 2,th-TH
다시 빛나는 불꽃•3,แสงที่ลุกโชนอีกครา 3,th-TH
다시 빛나는 불꽃•4,แสงที่ลุกโชนอีกครา 4,th-TH
다시 빛나는 불꽃•5,แสงที่ลุกโชนอีกครา 5,th-TH
다시 빛나는 불꽃•6,แสงที่ลุกโชนอีกครา 6,th-TH
다시 빛나는 불꽃•7,แสงที่ลุกโชนอีกครา 7,th-TH
다시 빛나는 불꽃•8,แสงที่ลุกโชนอีกครา 8,th-TH
다시 빛나는 불꽃•9,แสงที่ลุกโชนอีกครา 9,th-TH
당직 작전,เวรปฏิบัติการ,th-TH
당직 작전•1,เวรปฏิบัติการ 1,th-TH
당직 작전•10,เวรปฏิบัติการ 10,th-TH
당직 작전•11,เวรปฏิบัติการ 11,th-TH
당직 작전•12,เวรปฏิบัติการ 12,th-TH
당직 작전•2,เวรปฏิบัติการ 2,th-TH
당직 작전•3,เวรปฏิบัติการ 3,th-TH
당직 작전•4,เวรปฏิบัติการ 4,th-TH
당직 작전•5,เวรปฏิบัติการ 5,th-TH
당직 작전•6,เวรปฏิบัติการ 6,th-TH
당직 작전•7,เวรปฏิบัติการ 7,th-TH
당직 작전•8,เวรปฏิบัติการ 8,th-TH
당직 작전•9,เวรปฏิบัติการ 9,th-TH
도박과 선동,เกมแห่งการปลุกปั่น,th-TH
도박과 선동·난이도 01,เกมแห่งการปลุกปั่น: ความยาก 01,th-TH
도박과 선동·난이도 02,เกมแห่งการปลุกปั่น: ความยาก 02,th-TH
도박과 선동·난이도 03,เกมแห่งการปลุกปั่น: ความยาก 03,th-TH
도박과 선동·난이도 04,เกมแห่งการปลุกปั่น: ความยาก 04,th-TH
도박과 원숭이,วานรเดิมพัน,th-TH
도박과 원숭이•난이도 01,วานรเดิมพัน: ความยาก 01,th-TH
도박과 원숭이•난이도 02,วานรเดิมพัน: ความยาก 02,th-TH
도박과 원숭이•난이도 03,วานรเดิมพัน: ความยาก 03,th-TH
도박과 원숭이•난이도 04,วานรเดิมพัน: ความยาก 04,th-TH
마각과 공겁,Mara และความว่างเปล่า,th-TH
마각과 공겁•1,Mara และความว่างเปล่า 1,th-TH
마각과 공겁•10,Mara และความว่างเปล่า 10,th-TH
마각과 공겁•2,Mara และความว่างเปล่า 2,th-TH
마각과 공겁•3,Mara และความว่างเปล่า 3,th-TH
마각과 공겁•4,Mara และความว่างเปล่า 4,th-TH
마각과 공겁•5,Mara และความว่างเปล่า 5,th-TH
마각과 공겁•6,Mara และความว่างเปล่า 6,th-TH
마각과 공겁•7,Mara และความว่างเปล่า 7,th-TH
마각과 공겁•8,Mara และความว่างเปล่า 8,th-TH
마각과 공겁•9,Mara และความว่างเปล่า 9,th-TH
망각과 한풍,เหมันต์ลืมเลือน,th-TH
망각과 한풍•난이도 01,เหมันต์ลืมเลือน: ความยาก 01,th-TH
망각과 한풍•난이도 02,เหมันต์ลืมเลือน: ความยาก 02,th-TH
망각과 한풍•난이도 03,เหมันต์ลืมเลือน: ความยาก 03,th-TH
망각과 한풍•난이도 04,เหมันต์ลืมเลือน: ความยาก 04,th-TH
백야몽국 연대기,บันทึกแดนแห่งฝันในราตรีสีขาว,th-TH
백야몽국 연대기•1,บันทึกแดนแห่งฝันในราตรีสีขาว 1,th-TH
백야몽국 연대기•10,บันทึกแดนแห่งฝันในราตรีสีขาว 10,th-TH
백야몽국 연대기•11,บันทึกแดนแห่งฝันในราตรีสีขาว 11,th-TH
백야몽국 연대기•12,บันทึกแดนแห่งฝันในราตรีสีขาว 12,th-TH
백야몽국 연대기•2,บันทึกแดนแห่งฝันในราตรีสีขาว 2,th-TH
백야몽국 연대기•3,บันทึกแดนแห่งฝันในราตรีสีขาว 3,th-TH
백야몽국 연대기•4,บันทึกแดนแห่งฝันในราตรีสีขาว 4,th-TH
백야몽국 연대기•5,บันทึกแดนแห่งฝันในราตรีสีขาว 5,th-TH
백야몽국 연대기•6,บันทึกแดนแห่งฝันในราตรีสีขาว 6,th-TH
백야몽국 연대기•7,บันทึกแดนแห่งฝันในราตรีสีขาว 7,th-TH
백야몽국 연대기•8,บันทึกแดนแห่งฝันในราตรีสีขาว 8,th-TH
백야몽국 연대기•9,บันทึกแดนแห่งฝันในราตรีสีขาว 9,th-TH
범주 오류,ตรรกะผิดหมวด,th-TH
범주 오류•1,ตรรกะผิดหมวด 1,th-TH
범주 오류•10,ตรรกะผิดหมวด 10,th-TH
범주 오류•11,ตรรกะผิดหมวด 11,th-TH
범주 오류•12,ตรรกะผิดหมวด 12,th-TH
범주 오류•2,ตรรกะผิดหมวด 2,th-TH
범주 오류•3,ตรรกะผิดหมวด 3,th-TH
범주 오류•4,ตรรกะผิดหมวด 4,th-TH
범주 오류•5,ตรรกะผิดหมวด 5,th-TH
범주 오류•6,ตรรกะผิดหมวด 6,th-TH
범주 오류•7,ตรรกะผิดหมวด 7,th-TH
범주 오류•8,ตรรกะผิดหมวด 8,th-TH
범주 오류•9,ตรรกะผิดหมวด 9,th-TH
불멸의 거목 강림,การมาเยือนของ Ambrosial Arbor,th-TH
불멸의 거목 강림•1,การมาเยือนของ Ambrosial Arbor 1,th-TH
불멸의 거목 강림•10,การมาเยือนของ Ambrosial Arbor 10,th-TH
불멸의 거목 강림•2,การมาเยือนของ Ambrosial Arbor 2,th-TH
불멸의 거목 강림•3,การมาเยือนของ Ambrosial Arbor 3,th-TH
불멸의 거목 강림•4,การมาเยือนของ Ambrosial Arbor 4,th-TH
불멸의 거목 강림•5,การมาเยือนของ Ambrosial Arbor 5,th-TH
불멸의 거목 강림•6,การมาเยือนของ Ambrosial Arbor 6,th-TH
불멸의 거목 강림•7,การมาเยือนของ Ambrosial Arbor 7,th-TH
불멸의 거목 강림•8,การมาเยือนของ Ambrosial Arbor 8,th-TH
불멸의 거목 강림•9,การมาเยือนของ Ambrosial Arbor 9,th-TH
불사의 약 원정기,บันทึกของเรือแสวงหายาอมตะ,th-TH
불을 찾는 얼음,ย่ำน้ำแข็งแสวงเพลิง,th-TH
불을 찾는 얼음•1,ย่ำน้ำแข็งแสวงเพลิงขั้นที่ 1,th-TH
불을 찾는 얼음•10,ย่ำน้ำแข็งแสวงเพลิงขั้นที่ 10,th-TH
불을 찾는 얼음•2,ย่ำน้ำแข็งแสวงเพลิงขั้นที่ 2,th-TH
불을 찾는 얼음•3,ย่ำน้ำแข็งแสวงเพลิงขั้นที่ 3,th-TH
불을 찾는 얼음•4,ย่ำน้ำแข็งแสวงเพลิงขั้นที่ 4,th-TH
불을 찾는 얼음•5,ย่ำน้ำแข็งแสวงเพลิงขั้นที่ 5,th-TH
불을 찾는 얼음•6,ย่ำน้ำแข็งแสวงเพลิงขั้นที่ 6,th-TH
불을 찾는 얼음•7,ย่ำน้ำแข็งแสวงเพลิงขั้นที่ 7,th-TH
불을 찾는 얼음•8,ย่ำน้ำแข็งแสวงเพลิงขั้นที่ 8,th-TH
불을 찾는 얼음•9,ย่ำน้ำแข็งแสวงเพลิงขั้นที่ 9,th-TH
불협화음,เสียงที่ไม่ลงรอยกัน,th-TH
사이버 미스터리,ปริศนาไซเบอร์,th-TH
사이버 미스터리•1,ปริศนาไซเบอร์ 1,th-TH
사이버 미스터리•10,ปริศนาไซเบอร์ 10,th-TH
사이버 미스터리•11,ปริศนาไซเบอร์ 11,th-TH
사이버 미스터리•12,ปริศนาไซเบอร์ 12,th-TH
사이버 미스터리•2,ปริศนาไซเบอร์ 2,th-TH
사이버 미스터리•3,ปริศนาไซเบอร์ 3,th-TH
사이버 미스터리•4,ปริศนาไซเบอร์ 4,th-TH
사이버 미스터리•5,ปริศนาไซเบอร์ 5,th-TH
사이버 미스터리•6,ปริศนาไซเบอร์ 6,th-TH
사이버 미스터리•7,ปริศนาไซเบอร์ 7,th-TH
사이버 미스터리•8,ปริศนาไซเบอร์ 8,th-TH
사이버 미스터리•9,ปริศนาไซเบอร์ 9,th-TH
새빨간 거짓말,คำลวงที่กลับกลอก,th-TH
새빨간 거짓말•1,คำลวงที่กลับกลอก 1,th-TH
새빨간 거짓말•2,คำลวงที่กลับกลอก 2,th-TH
새빨간 거짓말•3,คำลวงที่กลับกลอก 3,th-TH
새빨간 거짓말•4,คำลวงที่กลับกลอก 4,th-TH
새장 속 새 이야기,ตำนานของนกในกรง,th-TH
새장 속 새 이야기•1,ตำนานของนกในกรง 1,th-TH
새장 속 새 이야기•2,ตำนานของนกในกรง 2,th-TH
새장 속 새 이야기•3,ตำนานของนกในกรง 3,th-TH
새장 속 새 이야기•4,ตำนานของนกในกรง 4,th-TH
생겁과 화겁,ภัยแห่งชีวิตและเปลวเพลิง,th-TH
생겁과 화겁•1,ภัยแห่งชีวิตและเปลวเพลิง 1,th-TH
생겁과 화겁•10,ภัยแห่งชีวิตและเปลวเพลิง 10,th-TH
생겁과 화겁•2,ภัยแห่งชีวิตและเปลวเพลิง 2,th-TH
생겁과 화겁•3,ภัยแห่งชีวิตและเปลวเพลิง 3,th-TH
생겁과 화겁•4,ภัยแห่งชีวิตและเปลวเพลิง 4,th-TH
생겁과 화겁•5,ภัยแห่งชีวิตและเปลวเพลิง 5,th-TH
생겁과 화겁•6,ภัยแห่งชีวิตและเปลวเพลิง 6,th-TH
생겁과 화겁•7,ภัยแห่งชีวิตและเปลวเพลิง 7,th-TH
생겁과 화겁•8,ภัยแห่งชีวิตและเปลวเพลิง 8,th-TH
생겁과 화겁•9,ภัยแห่งชีวิตและเปลวเพลิง 9,th-TH
서리 내린 꿈,ห้วงฝันแห่งรอยน้ำแข็ง,th-TH
서리 내린 꿈•1,ห้วงฝันแห่งรอยน้ำแข็งขั้นที่ 1,th-TH
서리 내린 꿈•10,ห้วงฝันแห่งรอยน้ำแข็งขั้นที่ 10,th-TH
서리 내린 꿈•2,ห้วงฝันแห่งรอยน้ำแข็งขั้นที่ 2,th-TH
서리 내린 꿈•3,ห้วงฝันแห่งรอยน้ำแข็งขั้นที่ 3,th-TH
서리 내린 꿈•4,ห้วงฝันแห่งรอยน้ำแข็งขั้นที่ 4,th-TH
서리 내린 꿈•5,ห้วงฝันแห่งรอยน้ำแข็งขั้นที่ 5,th-TH
서리 내린 꿈•6,ห้วงฝันแห่งรอยน้ำแข็งขั้นที่ 6,th-TH
서리 내린 꿈•7,ห้วงฝันแห่งรอยน้ำแข็งขั้นที่ 7,th-TH
서리 내린 꿈•8,ห้วงฝันแห่งรอยน้ำแข็งขั้นที่ 8,th-TH
서리 내린 꿈•9,ห้วงฝันแห่งรอยน้ำแข็งขั้นที่ 9,th-TH
서사시 모음집,ชุดบทกวีมหากาพย์,th-TH
서사시 모음집•1,ชุดบทกวีมหากาพย์ 1,th-TH
서사시 모음집•2,ชุดบทกวีมหากาพย์ 2,th-TH
서사시 모음집•3,ชุดบทกวีมหากาพย์ 3,th-TH
서사시 모음집•4,ชุดบทกวีมหากาพย์ 4,th-TH
선객과 천랑,ผู้วิเศษสิงคาล,th-TH
선객과 천랑•난이도 01,ผู้วิเศษสิงคาล: ความยาก 01,th-TH
선객과 천랑•난이도 02,ผู้วิเศษสิงคาล: ความยาก 02,th-TH
선객과 천랑•난이도 03,ผู้วิเศษสิงคาล: ความยาก 03,th-TH
선객과 천랑•난이도 04,ผู้วิเศษสิงคาล: ความยาก 04,th-TH
선동과 해충,แมลงปลุกปั่น,th-TH
선동과 해충•난이도 01,แมลงปลุกปั่น: ความยาก 01,th-TH
선동과 해충•난이도 02,แมลงปลุกปั่น: ความยาก 02,th-TH
선동과 해충•난이도 03,แมลงปลุกปั่น: ความยาก 03,th-TH
선동과 해충•난이도 04,แมลงปลุกปั่น: ความยาก 04,th-TH
선주 기억•1,Memory แห่ง Xianzhou ขั้นที่ 1,th-TH
선주 기억•2,Memory แห่ง Xianzhou ขั้นที่ 2,th-TH
선주 기억•3,Memory แห่ง Xianzhou ขั้นที่ 3,th-TH
선주 기억•4,Memory แห่ง Xianzhou ขั้นที่ 4,th-TH
선주 기억•5,Memory แห่ง Xianzhou ขั้นที่ 5,th-TH
선주 기억•6,Memory แห่ง Xianzhou ขั้นที่ 6,th-TH
속세의 두루마리,ในม้วนตำราโลกธุลี,th-TH
심우주에 숨겨진 비밀,ปริศนาในห้วงอวกาศ,th-TH
심우주에 숨겨진 비밀•1,ปริศนาในห้วงอวกาศ 1,th-TH
심우주에 숨겨진 비밀•10,ปริศนาในห้วงอวกาศ 10,th-TH
심우주에 숨겨진 비밀•11,ปริศนาในห้วงอวกาศ 11,th-TH
심우주에 숨겨진 비밀•12,ปริศนาในห้วงอวกาศ 12,th-TH
심우주에 숨겨진 비밀•2,ปริศนาในห้วงอวกาศ 2,th-TH
심우주에 숨겨진 비밀•3,ปริศนาในห้วงอวกาศ 3,th-TH
심우주에 숨겨진 비밀•4,ปริศนาในห้วงอวกาศ 4,th-TH
심우주에 숨겨진 비밀•5,ปริศนาในห้วงอวกาศ 5,th-TH
심우주에 숨겨진 비밀•6,ปริศนาในห้วงอวกาศ 6,th-TH
심우주에 숨겨진 비밀•7,ปริศนาในห้วงอวกาศ 7,th-TH
심우주에 숨겨진 비밀•8,ปริศนาในห้วงอวกาศ 8,th-TH
심우주에 숨겨진 비밀•9,ปริศนาในห้วงอวกาศ 9,th-TH
아이돌과 해충,มวลแมลงไอดอล,th-TH
아이돌과 해충•난이도 01,มวลแมลงไอดอล: ความยาก 01,th-TH
아이돌과 해충•난이도 02,มวลแมลงไอดอล: ความยาก 02,th-TH
아이돌과 해충•난이도 03,มวลแมลงไอดอล: ความยาก 03,th-TH
아이돌과 해충•난이도 04,มวลแมลงไอดอล: ความยาก 04,th-TH
애틋한 꿈세계,แดนฝันสุดถวิล,th-TH
애틋한 꿈세계•1,แดนฝันสุดถวิล 1,th-TH
애틋한 꿈세계•10,แดนฝันสุดถวิล 10,th-TH
애틋한 꿈세계•11,แดนฝันสุดถวิล 11,th-TH
애틋한 꿈세계•12,แดนฝันสุดถวิล 12,th-TH
애틋한 꿈세계•2,แดนฝันสุดถวิล 2,th-TH
애틋한 꿈세계•3,แดนฝันสุดถวิล 3,th-TH
애틋한 꿈세계•4,แดนฝันสุดถวิล 4,th-TH
애틋한 꿈세계•5,แดนฝันสุดถวิล 5,th-TH
애틋한 꿈세계•6,แดนฝันสุดถวิล 6,th-TH
애틋한 꿈세계•7,แดนฝันสุดถวิล 7,th-TH
애틋한 꿈세계•8,แดนฝันสุดถวิล 8,th-TH
애틋한 꿈세계•9,แดนฝันสุดถวิล 9,th-TH
앰버의 은혜,พรแห่งอำพัน,th-TH
앰버의 은혜•1,พรแห่งอำพันขั้นที่ 1,th-TH
앰버의 은혜•10,พรแห่งอำพันขั้นที่ 10,th-TH
앰버의 은혜•2,พรแห่งอำพันขั้นที่ 2,th-TH
앰버의 은혜•3,พรแห่งอำพันขั้นที่ 3,th-TH
앰버의 은혜•4,พรแห่งอำพันขั้นที่ 4,th-TH
앰버의 은혜•5,พรแห่งอำพันขั้นที่ 5,th-TH
앰버의 은혜•6,พรแห่งอำพันขั้นที่ 6,th-TH
앰버의 은혜•7,พรแห่งอำพันขั้นที่ 7,th-TH
앰버의 은혜•8,พรแห่งอำพันขั้นที่ 8,th-TH
앰버의 은혜•9,พรแห่งอำพันขั้นที่ 9,th-TH
약강 오보격,กลอนห้าจังหวะ,th-TH
약강 오보격•1,กลอนห้าจังหวะ 1,th-TH
약강 오보격•2,กลอนห้าจังหวะ 2,th-TH
약강 오보격•3,กลอนห้าจังหวะ 3,th-TH
약강 오보격•4,กลอนห้าจังหวะ 4,th-TH
약왕의 화신,ร่องรอยแห่ง Sanctus Medicus,th-TH
약왕의 화신•1,ร่องรอยแห่ง Sanctus Medicus 1,th-TH
약왕의 화신•10,ร่องรอยแห่ง Sanctus Medicus 10,th-TH
약왕의 화신•2,ร่องรอยแห่ง Sanctus Medicus 2,th-TH
약왕의 화신•3,ร่องรอยแห่ง Sanctus Medicus 3,th-TH
약왕의 화신•4,ร่องรอยแห่ง Sanctus Medicus 4,th-TH
약왕의 화신•5,ร่องรอยแห่ง Sanctus Medicus 5,th-TH
약왕의 화신•6,ร่องรอยแห่ง Sanctus Medicus 6,th-TH
약왕의 화신•7,ร่องรอยแห่ง Sanctus Medicus 7,th-TH
약왕의 화신•8,ร่องรอยแห่ง Sanctus Medicus 8,th-TH
약왕의 화신•9,ร่องรอยแห่ง Sanctus Medicus 9,th-TH
어둠과 한풍,เหมันต์อนธการ,th-TH
어둠과 한풍•난이도 01,เหมันต์อนธการ: ความยาก 01,th-TH
어둠과 한풍•난이도 02,เหมันต์อนธการ: ความยาก 02,th-TH
어둠과 한풍•난이도 03,เหมันต์อนธการ: ความยาก 03,th-TH
어둠과 한풍•난이도 04,เหมันต์อนธการ: ความยาก 04,th-TH
연극의 종결,อวสานละคร,th-TH
연극의 종결•1,อวสานละคร 1,th-TH
연극의 종결•10,อวสานละคร 10,th-TH
연극의 종결•11,อวสานละคร 11,th-TH
연극의 종결•12,อวสานละคร 12,th-TH
연극의 종결•2,อวสานละคร 2,th-TH
연극의 종결•3,อวสานละคร 3,th-TH
연극의 종결•4,อวสานละคร 4,th-TH
연극의 종결•5,อวสานละคร 5,th-TH
연극의 종결•6,อวสานละคร 6,th-TH
연극의 종결•7,อวสานละคร 7,th-TH
연극의 종결•8,อวสานละคร 8,th-TH
연극의 종결•9,อวสานละคร 9,th-TH
영원한 겨울의 시련,บททดสอบจากเหมันต์นิรันดร์,th-TH
영원한 겨울의 시련•1,บททดสอบจากเหมันต์นิรันดร์ขั้นที่ 1,th-TH
영원한 겨울의 시련•10,บททดสอบจากเหมันต์นิรันดร์ขั้นที่ 10,th-TH
영원한 겨울의 시련•2,บททดสอบจากเหมันต์นิรันดร์ขั้นที่ 2,th-TH
영원한 겨울의 시련•3,บททดสอบจากเหมันต์นิรันดร์ขั้นที่ 3,th-TH
영원한 겨울의 시련•4,บททดสอบจากเหมันต์นิรันดร์ขั้นที่ 4,th-TH
영원한 겨울의 시련•5,บททดสอบจากเหมันต์นิรันดร์ขั้นที่ 5,th-TH
영원한 겨울의 시련•6,บททดสอบจากเหมันต์นิรันดร์ขั้นที่ 6,th-TH
영원한 겨울의 시련•7,บททดสอบจากเหมันต์นิรันดร์ขั้นที่ 7,th-TH
영원한 겨울의 시련•8,บททดสอบจากเหมันต์นิรันดร์ขั้นที่ 8,th-TH
영원한 겨울의 시련•9,บททดสอบจากเหมันต์นิรันดร์ขั้นที่ 9,th-TH
영원한 맹세,คำสัตย์นิจนิรันดร์,th-TH
영원한 맹세 1,คำสัตย์นิจนิรันดร์ 1,th-TH
영원한 맹세 10,คำสัตย์นิจนิรันดร์ 10,th-TH
영원한 맹세 2,คำสัตย์นิจนิรันดร์ 2,th-TH
영원한 맹세 3,คำสัตย์นิจนิรันดร์ 3,th-TH
영원한 맹세 4,คำสัตย์นิจนิรันดร์ 4,th-TH
영원한 맹세 5,คำสัตย์นิจนิรันดร์ 5,th-TH
영원한 맹세 6,คำสัตย์นิจนิรันดร์ 6,th-TH
영원한 맹세 7,คำสัตย์นิจนิรันดร์ 7,th-TH
영원한 맹세 8,คำสัตย์นิจนิรันดร์ 8,th-TH
영원한 맹세 9,คำสัตย์นิจนิรันดร์ 9,th-TH
영원히 굳건한 도시에 남겨진 비밀,สิ่งตกทอดของป้อมปราการที่สูงตระหง่าน,th-TH
웃음 같은 날갯짓,หึ่งหั่งดั่งเสียงขำ,th-TH
원숭이 트릭,กลวานร,th-TH
원숭이 트릭•1,กลวานร 1,th-TH
원숭이 트릭•10,กลวานร 10,th-TH
원숭이 트릭•11,กลวานร 11,th-TH
원숭이 트릭•12,กลวานร 12,th-TH
원숭이 트릭•2,กลวานร 2,th-TH
원숭이 트릭•3,กลวานร 3,th-TH
원숭이 트릭•4,กลวานร 4,th-TH
원숭이 트릭•5,กลวานร 5,th-TH
원숭이 트릭•6,กลวานร 6,th-TH
원숭이 트릭•7,กลวานร 7,th-TH
원숭이 트릭•8,กลวานร 8,th-TH
원숭이 트릭•9,กลวานร 9,th-TH
원숭이와 기사,อัศวินวานร,th-TH
원숭이와 기사•난이도01,อัศวินวานร - ความยาก 01,th-TH
원숭이와 기사•난이도02,อัศวินวานร - ความยาก 02,th-TH
원숭이와 기사•난이도03,อัศวินวานร - ความยาก 03,th-TH
원숭이와 기사•난이도04,อัศวินวานร - ความยาก 04,th-TH
유사의 허황된 이야기,เรื่อง (อย่า) เล่าจาก Youci,th-TH
유사의 허황된 이야기•1,เรื่อง (อย่า) เล่าจาก Youci 1,th-TH
유사의 허황된 이야기•2,เรื่อง (อย่า) เล่าจาก Youci 2,th-TH
유사의 허황된 이야기•3,เรื่อง (อย่า) เล่าจาก Youci 3,th-TH
유사의 허황된 이야기•4,เรื่อง (อย่า) เล่าจาก Youci 4,th-TH
음월의 난 1,วิกฤตจ้าวยลจันทรา 1,th-TH
음월의 난 10,วิกฤตจ้าวยลจันทรา 10,th-TH
음월의 난 2,วิกฤตจ้าวยลจันทรา 2,th-TH
음월의 난 3,วิกฤตจ้าวยลจันทรา 3,th-TH
음월의 난 4,วิกฤตจ้าวยลจันทรา 4,th-TH
음월의 난 5,วิกฤตจ้าวยลจันทรา 5,th-TH
음월의 난 6,วิกฤตจ้าวยลจันทรา 6,th-TH
음월의 난 7,วิกฤตจ้าวยลจันทรา 7,th-TH
음월의 난 8,วิกฤตจ้าวยลจันทรา 8,th-TH
음월의 난 9,วิกฤตจ้าวยลจันทรา 9,th-TH
인연의 파도,กระแสคลื่นที่ถาโถม,th-TH
인연의 파도•1,กระแสคลื่นที่ถาโถม 1,th-TH
인연의 파도•10,กระแสคลื่นที่ถาโถม 10,th-TH
인연의 파도•11,กระแสคลื่นที่ถาโถม 11,th-TH
인연의 파도•12,กระแสคลื่นที่ถาโถม 12,th-TH
인연의 파도•2,กระแสคลื่นที่ถาโถม 2,th-TH
인연의 파도•3,กระแสคลื่นที่ถาโถม 3,th-TH
인연의 파도•4,กระแสคลื่นที่ถาโถม 4,th-TH
인연의 파도•5,กระแสคลื่นที่ถาโถม 5,th-TH
인연의 파도•6,กระแสคลื่นที่ถาโถม 6,th-TH
인연의 파도•7,กระแสคลื่นที่ถาโถม 7,th-TH
인연의 파도•8,กระแสคลื่นที่ถาโถม 8,th-TH
인연의 파도•9,กระแสคลื่นที่ถาโถม 9,th-TH
입계의 서막,ปฐมบทสร้างเขตแดน,th-TH
입계의 서막•1,ปฐมบทสร้างเขตแดน 1,th-TH
입계의 서막•2,ปฐมบทสร้างเขตแดน 2,th-TH
입계의 서막•3,ปฐมบทสร้างเขตแดน 3,th-TH
입계의 서막•4,ปฐมบทสร้างเขตแดน 4,th-TH
자기실현적 예언,คำทำนายพิสูจน์ตน,th-TH
자기실현적 예언•1,คำทำนายพิสูจน์ตน 1,th-TH
자기실현적 예언•2,คำทำนายพิสูจน์ตน 2,th-TH
자기실현적 예언•3,คำทำนายพิสูจน์ตน 3,th-TH
자기실현적 예언•4,คำทำนายพิสูจน์ตน 4,th-TH
잦아든 폭풍,พายุฉุดชีวัน,th-TH
잦아든 폭풍•1,พายุฉุดชีวันขั้นที่ 1,th-TH
잦아든 폭풍•10,พายุฉุดชีวันขั้นที่ 10,th-TH
잦아든 폭풍•2,พายุฉุดชีวันขั้นที่ 2,th-TH
잦아든 폭풍•3,พายุฉุดชีวันขั้นที่ 3,th-TH
잦아든 폭풍•4,พายุฉุดชีวันขั้นที่ 4,th-TH
잦아든 폭풍•5,พายุฉุดชีวันขั้นที่ 5,th-TH
잦아든 폭풍•6,พายุฉุดชีวันขั้นที่ 6,th-TH
잦아든 폭풍•7,พายุฉุดชีวันขั้นที่ 7,th-TH
잦아든 폭풍•8,พายุฉุดชีวันขั้นที่ 8,th-TH
잦아든 폭풍•9,พายุฉุดชีวันขั้นที่ 9,th-TH
제방을 허무는 개미굴,รังมดพังเขื่อน,th-TH
제방을 허무는 개미굴•1,รังมดพังเขื่อน 1,th-TH
제방을 허무는 개미굴•10,รังมดพังเขื่อน 10,th-TH
제방을 허무는 개미굴•11,รังมดพังเขื่อน 11,th-TH
제방을 허무는 개미굴•12,รังมดพังเขื่อน 12,th-TH
제방을 허무는 개미굴•2,รังมดพังเขื่อน 2,th-TH
제방을 허무는 개미굴•3,รังมดพังเขื่อน 3,th-TH
제방을 허무는 개미굴•4,รังมดพังเขื่อน 4,th-TH
제방을 허무는 개미굴•5,รังมดพังเขื่อน 5,th-TH
제방을 허무는 개미굴•6,รังมดพังเขื่อน 6,th-TH
제방을 허무는 개미굴•7,รังมดพังเขื่อน 7,th-TH
제방을 허무는 개미굴•8,รังมดพังเขื่อน 8,th-TH
제방을 허무는 개미굴•9,รังมดพังเขื่อน 9,th-TH
주관적 서사,บรรยายเชิงอัตวิสัย,th-TH
주관적 서사•1,บรรยายเชิงอัตวิสัย 1,th-TH
주관적 서사•2,บรรยายเชิงอัตวิสัย 2,th-TH
주관적 서사•3,บรรยายเชิงอัตวิสัย 3,th-TH
주관적 서사•4,บรรยายเชิงอัตวิสัย 4,th-TH
중상모략,กับดักคำลวง,th-TH
중상모략•1,กับดักคำลวง 1,th-TH
중상모략•2,กับดักคำลวง 2,th-TH
중상모략•3,กับดักคำลวง 3,th-TH
중상모략•4,กับดักคำลวง 4,th-TH
지능 기계 종반전,หุ่นยนต์เผด็จศึก,th-TH
지배와 어둠,อนธการครอบงำ,th-TH
지배와 어둠•난이도 01,อนธการครอบงำ: ความยาก 01,th-TH
지배와 어둠•난이도 02,อนธการครอบงำ: ความยาก 02,th-TH
지배와 어둠•난이도 03,อนธการครอบงำ: ความยาก 03,th-TH
지배와 어둠•난이도 04,อนธการครอบงำ: ความยาก 04,th-TH
지휘 지배,ควบคุมและบัญชา,th-TH
지휘 지배·난이도 01,ควบคุมและบัญชา: ความยาก 01,th-TH
지휘 지배·난이도 02,ควบคุมและบัญชา: ความยาก 02,th-TH
지휘 지배·난이도 03,ควบคุมและบัญชา: ความยาก 03,th-TH
지휘 지배·난이도 04,ควบคุมและบัญชา: ความยาก 04,th-TH
진부한 말,ถ้อยคำจำเจ,th-TH
진부한 말•1,ถ้อยคำจำเจ 1,th-TH
진부한 말•2,ถ้อยคำจำเจ 2,th-TH
진부한 말•3,ถ้อยคำจำเจ 3,th-TH
진부한 말•4,ถ้อยคำจำเจ 4,th-TH
찬란한 감언,บุษบงที่พร่างพราว,th-TH
찬란한 감언•1,บุษบงที่พร่างพราว 1,th-TH
찬란한 감언•2,บุษบงที่พร่างพราว 2,th-TH
찬란한 감언•3,บุษบงที่พร่างพราว 3,th-TH
찬란한 감언•4,บุษบงที่พร่างพราว 4,th-TH
찰나의 연회,ช่วงเวลาแห่งงานฉลอง,th-TH
찰나의 연회•1,ช่วงเวลาแห่งงานฉลอง 1,th-TH
찰나의 연회•10,ช่วงเวลาแห่งงานฉลอง 10,th-TH
찰나의 연회•11,ช่วงเวลาแห่งงานฉลอง 11,th-TH
찰나의 연회•12,ช่วงเวลาแห่งงานฉลอง 12,th-TH
찰나의 연회•2,ช่วงเวลาแห่งงานฉลอง 2,th-TH
찰나의 연회•3,ช่วงเวลาแห่งงานฉลอง 3,th-TH
찰나의 연회•4,ช่วงเวลาแห่งงานฉลอง 4,th-TH
찰나의 연회•5,ช่วงเวลาแห่งงานฉลอง 5,th-TH
찰나의 연회•6,ช่วงเวลาแห่งงานฉลอง 6,th-TH
찰나의 연회•7,ช่วงเวลาแห่งงานฉลอง 7,th-TH
찰나의 연회•8,ช่วงเวลาแห่งงานฉลอง 8,th-TH
찰나의 연회•9,ช่วงเวลาแห่งงานฉลอง 9,th-TH
창날과 기사,อัศวินกองหน้า,th-TH
창날과 기사•난이도 01,อัศวินกองหน้า: ความยาก 01,th-TH
창날과 기사•난이도 02,อัศวินกองหน้า: ความยาก 02,th-TH
창날과 기사•난이도 03,อัศวินกองหน้า: ความยาก 03,th-TH
창날과 기사•난이도 04,อัศวินกองหน้า: ความยาก 04,th-TH
창날과 천랑,คมดาบสิงคาล,th-TH
창날과 천랑•난이도 01,คมดาบสิงคาล: ความยาก 01,th-TH
창날과 천랑•난이도 02,คมดาบสิงคาล: ความยาก 02,th-TH
창날과 천랑•난이도 03,คมดาบสิงคาล: ความยาก 03,th-TH
창날과 천랑•난이도 04,คมดาบสิงคาล: ความยาก 04,th-TH
창세의 기둥,เสาแห่งการนิรมิต,th-TH
창세의 기둥•1,เสาแห่งการนิรมิต 1,th-TH
창세의 기둥•10,เสาแห่งการนิรมิต 10,th-TH
창세의 기둥•11,เสาแห่งการนิรมิต 11,th-TH
창세의 기둥•12,เสาแห่งการนิรมิต 12,th-TH
창세의 기둥•2,เสาแห่งการนิรมิต 2,th-TH
창세의 기둥•3,เสาแห่งการนิรมิต 3,th-TH
창세의 기둥•4,เสาแห่งการนิรมิต 4,th-TH
창세의 기둥•5,เสาแห่งการนิรมิต 5,th-TH
창세의 기둥•6,เสาแห่งการนิรมิต 6,th-TH
창세의 기둥•7,เสาแห่งการนิรมิต 7,th-TH
창세의 기둥•8,เสาแห่งการนิรมิต 8,th-TH
창세의 기둥•9,เสาแห่งการนิรมิต 9,th-TH
창세의 분쟁,ปฏิปักษ์แห่งนิรมิต,th-TH
창세의 분쟁•1,ปฏิปักษ์แห่งนิรมิต 1,th-TH
창세의 분쟁•10,ปฏิปักษ์แห่งนิรมิต 10,th-TH
창세의 분쟁•11,ปฏิปักษ์แห่งนิรมิต 11,th-TH
창세의 분쟁•12,ปฏิปักษ์แห่งนิรมิต 12,th-TH
창세의 분쟁•2,ปฏิปักษ์แห่งนิรมิต 2,th-TH
창세의 분쟁•3,ปฏิปักษ์แห่งนิรมิต 3,th-TH
창세의 분쟁•4,ปฏิปักษ์แห่งนิรมิต 4,th-TH
창세의 분쟁•5,ปฏิปักษ์แห่งนิรมิต 5,th-TH
창세의 분쟁•6,ปฏิปักษ์แห่งนิรมิต 6,th-TH
창세의 분쟁•7,ปฏิปักษ์แห่งนิรมิต 7,th-TH
창세의 분쟁•8,ปฏิปักษ์แห่งนิรมิต 8,th-TH
창세의 분쟁•9,ปฏิปักษ์แห่งนิรมิต 9,th-TH
천랑과 수장,ขุนศึกสิงคาล,th-TH
천랑과 수장 • 난이도 01,ขุนศึกสิงคาล: ความยาก 01,th-TH
천랑과 수장 • 난이도 02,ขุนศึกสิงคาล: ความยาก 02,th-TH
천랑과 수장 • 난이도 03,ขุนศึกสิงคาล: ความยาก 03,th-TH
천랑과 수장 • 난이도 04,ขุนศึกสิงคาล: ความยาก 04,th-TH
청산유수,กระแสคารมคมคาย,th-TH
청산유수•1,กระแสคารมคมคาย 1,th-TH
청산유수•2,กระแสคารมคมคาย 2,th-TH
청산유수•3,กระแสคารมคมคาย 3,th-TH
청산유수•4,กระแสคารมคมคาย 4,th-TH
체크메이트,รุกฆาตราชา,th-TH
출향기,จากบ้านจากเมือง,th-TH
출향기•1,จากบ้านจากเมือง 1,th-TH
출향기•10,จากบ้านจากเมือง 10,th-TH
출향기•11,จากบ้านจากเมือง 11,th-TH
출향기•12,จากบ้านจากเมือง 12,th-TH
출향기•2,จากบ้านจากเมือง 2,th-TH
출향기•3,จากบ้านจากเมือง 3,th-TH
출향기•4,จากบ้านจากเมือง 4,th-TH
출향기•5,จากบ้านจากเมือง 5,th-TH
출향기•6,จากบ้านจากเมือง 6,th-TH
출향기•7,จากบ้านจากเมือง 7,th-TH
출향기•8,จากบ้านจากเมือง 8,th-TH
출향기•9,จากบ้านจากเมือง 9,th-TH
태양의 환상 영역,มายาตะวันแรงกล้า,th-TH
터무니없는 날조,เสกสรรปั้นแต่ง,th-TH
터무니없는 날조•1,เสกสรรปั้นแต่ง 1,th-TH
터무니없는 날조•2,เสกสรรปั้นแต่ง 2,th-TH
터무니없는 날조•3,เสกสรรปั้นแต่ง 3,th-TH
터무니없는 날조•4,เสกสรรปั้นแต่ง 4,th-TH
폭풍 소탕,กวาดล้างพายุ,th-TH
폭풍 소탕•1,กวาดล้างพายุ 1,th-TH
폭풍 소탕•10,กวาดล้างพายุ 10,th-TH
폭풍 소탕•11,กวาดล้างพายุ 11,th-TH
폭풍 소탕•12,กวาดล้างพายุ 12,th-TH
폭풍 소탕•2,กวาดล้างพายุ 2,th-TH
폭풍 소탕•3,กวาดล้างพายุ 3,th-TH
폭풍 소탕•4,กวาดล้างพายุ 4,th-TH
폭풍 소탕•5,กวาดล้างพายุ 5,th-TH
폭풍 소탕•6,กวาดล้างพายุ 6,th-TH
폭풍 소탕•7,กวาดล้างพายุ 7,th-TH
폭풍 소탕•8,กวาดล้างพายุ 8,th-TH
폭풍 소탕•9,กวาดล้างพายุ 9,th-TH
폼폼 주의,อย่าแหย่ Pom-Pom,th-TH
프로그래밍 문법,ไวยากรณ์โปรแกรม,th-TH
프로그래밍 문법•1,ไวยากรณ์โปรแกรม 1,th-TH
프로그래밍 문법•2,ไวยากรณ์โปรแกรม 2,th-TH
프로그래밍 문법•3,ไวยากรณ์โปรแกรม 3,th-TH
프로그래밍 문법•4,ไวยากรณ์โปรแกรม 4,th-TH
피안의 숨결,ลมหายใจในอีกฟาก,th-TH
피안의 숨결•1,ลมหายใจในอีกฟาก 1,th-TH
피안의 숨결•10,ลมหายใจในอีกฟาก 10,th-TH
피안의 숨결•11,ลมหายใจในอีกฟาก 11,th-TH
피안의 숨결•12,ลมหายใจในอีกฟาก 12,th-TH
피안의 숨결•2,ลมหายใจในอีกฟาก 2,th-TH
피안의 숨결•3,ลมหายใจในอีกฟาก 3,th-TH
피안의 숨결•4,ลมหายใจในอีกฟาก 4,th-TH
피안의 숨결•5,ลมหายใจในอีกฟาก 5,th-TH
피안의 숨결•6,ลมหายใจในอีกฟาก 6,th-TH
피안의 숨결•7,ลมหายใจในอีกฟาก 7,th-TH
피안의 숨결•8,ลมหายใจในอีกฟาก 8,th-TH
피안의 숨결•9,ลมหายใจในอีกฟาก 9,th-TH
하늘을 가르는 화살,ศรสะเทือนฟ้า,th-TH
하늘을 가르는 화살•1,ศรสะเทือนฟ้า 1,th-TH
하늘을 가르는 화살•10,ศรสะเทือนฟ้า 10,th-TH
하늘을 가르는 화살•2,ศรสะเทือนฟ้า 2,th-TH
하늘을 가르는 화살•3,ศรสะเทือนฟ้า 3,th-TH
하늘을 가르는 화살•4,ศรสะเทือนฟ้า 4,th-TH
하늘을 가르는 화살•5,ศรสะเทือนฟ้า 5,th-TH
하늘을 가르는 화살•6,ศรสะเทือนฟ้า 6,th-TH
하늘을 가르는 화살•7,ศรสะเทือนฟ้า 7,th-TH
하늘을 가르는 화살•8,ศรสะเทือนฟ้า 8,th-TH
하늘을 가르는 화살•9,ศรสะเทือนฟ้า 9,th-TH
학원괴담,เรื่องลี้ลับในโรงเรียน,th-TH
학원괴담•1,เรื่องลี้ลับในโรงเรียน 1,th-TH
학원괴담•10,เรื่องลี้ลับในโรงเรียน 10,th-TH
학원괴담•11,เรื่องลี้ลับในโรงเรียน 11,th-TH
학원괴담•12,เรื่องลี้ลับในโรงเรียน 12,th-TH
학원괴담•2,เรื่องลี้ลับในโรงเรียน 2,th-TH
학원괴담•3,เรื่องลี้ลับในโรงเรียน 3,th-TH
학원괴담•4,เรื่องลี้ลับในโรงเรียน 4,th-TH
학원괴담•5,เรื่องลี้ลับในโรงเรียน 5,th-TH
학원괴담•6,เรื่องลี้ลับในโรงเรียน 6,th-TH
학원괴담•7,เรื่องลี้ลับในโรงเรียน 7,th-TH
학원괴담•8,เรื่องลี้ลับในโรงเรียน 8,th-TH
학원괴담•9,เรื่องลี้ลับในโรงเรียน 9,th-TH
한철 연마,ลับคมเหล็กเหมันต์,th-TH
한철 연마•1,ลับคมเหล็กเหมันต์ขั้นที่ 1,th-TH
한철 연마•10,ลับคมเหล็กเหมันต์ขั้นที่ 10,th-TH
한철 연마•2,ลับคมเหล็กเหมันต์ขั้นที่ 2,th-TH
한철 연마•3,ลับคมเหล็กเหมันต์ขั้นที่ 3,th-TH
한철 연마•4,ลับคมเหล็กเหมันต์ขั้นที่ 4,th-TH
한철 연마•5,ลับคมเหล็กเหมันต์ขั้นที่ 5,th-TH
한철 연마•6,ลับคมเหล็กเหมันต์ขั้นที่ 6,th-TH
한철 연마•7,ลับคมเหล็กเหมันต์ขั้นที่ 7,th-TH
한철 연마•8,ลับคมเหล็กเหมันต์ขั้นที่ 8,th-TH
한철 연마•9,ลับคมเหล็กเหมันต์ขั้นที่ 9,th-TH
한풍과 지배,วายุครอบงำ,th-TH
한풍과 지배•난이도 01,วายุครอบงำ: ความยาก 01,th-TH
한풍과 지배•난이도 02,วายุครอบงำ: ความยาก 02,th-TH
한풍과 지배•난이도 03,วายุครอบงำ: ความยาก 03,th-TH
한풍과 지배•난이도 04,วายุครอบงำ: ความยาก 04,th-TH
한풍의 기사,อัศวินวายุ,th-TH
한풍의 기사·난이도 01,อัศวินวายุ: ความยาก 01,th-TH
한풍의 기사·난이도 02,อัศวินวายุ: ความยาก 02,th-TH
한풍의 기사·난이도 03,อัศวินวายุ: ความยาก 03,th-TH
한풍의 기사·난이도 04,อัศวินวายุ: ความยาก 04,th-TH
한풍의 원숭이,วานรโหมวายุ,th-TH
한풍의 원숭이•난이도 01,วานรโหมวายุ: ความยาก 01,th-TH
한풍의 원숭이•난이도 02,วานรโหมวายุ: ความยาก 02,th-TH
한풍의 원숭이•난이도 03,วานรโหมวายุ: ความยาก 03,th-TH
한풍의 원숭이•난이도 04,วานรโหมวายุ: ความยาก 04,th-TH
해충과 선동,มวลแมลงปลุกปั่น,th-TH
해충과 선동•난이도01,มวลแมลงปลุกปั่น: ความยาก 01,th-TH
해충과 선동•난이도02,มวลแมลงปลุกปั่น: ความยาก 02,th-TH
해충과 선동•난이도03,มวลแมลงปลุกปั่น: ความยาก 03,th-TH
해충과 선동•난이도04,มวลแมลงปลุกปั่น: ความยาก 04,th-TH
해충과 수장,ขุนศึกมวลแมลง,th-TH
해충과 수장•난이도 01,ขุนศึกมวลแมลง: ความยาก 01,th-TH
해충과 수장•난이도 02,ขุนศึกมวลแมลง: ความยาก 02,th-TH
해충과 수장•난이도 03,ขุนศึกมวลแมลง: ความยาก 03,th-TH
해충과 수장•난이도 04,ขุนศึกมวลแมลง: ความยาก 04,th-TH
행복 문법,ไวยากรณ์ความสุข,th-TH
허구 비즈니스,ธุรกิจสร้างเรื่องราว,th-TH
허구 비즈니스•1,ธุรกิจสร้างเรื่องราว 1,th-TH
허구 비즈니스•2,ธุรกิจสร้างเรื่องราว 2,th-TH
허구 비즈니스•3,ธุรกิจสร้างเรื่องราว 3,th-TH
허구 비즈니스•4,ธุรกิจสร้างเรื่องราว 4,th-TH
허상으로 이룬 장,แดนมายาร้อยเรียง,th-TH
허상으로 이룬 장•1,แดนมายาร้อยเรียง 1,th-TH
허상으로 이룬 장•2,แดนมายาร้อยเรียง 2,th-TH
허상으로 이룬 장•3,แดนมายาร้อยเรียง 3,th-TH
허상으로 이룬 장•4,แดนมายาร้อยเรียง 4,th-TH
허세의 역설,ยืมเท็จสร้างจริง,th-TH
허세의 역설•1,ยืมเท็จสร้างจริง 1,th-TH
허세의 역설•2,ยืมเท็จสร้างจริง 2,th-TH
허세의 역설•3,ยืมเท็จสร้างจริง 3,th-TH
허세의 역설•4,ยืมเท็จสร้างจริง 4,th-TH
허튼소리,ใส่สีตีไข่,th-TH
허튼소리•1,ใส่สีตีไข่ 1,th-TH
허튼소리•2,ใส่สีตีไข่ 2,th-TH
허튼소리•3,ใส่สีตีไข่ 3,th-TH
허튼소리•4,ใส่สีตีไข่ 4,th-TH
현 외의 소리,เสียงพ้องทำนองซ้อน,th-TH
현 외의 소리•1,เสียงพ้องทำนองซ้อน 1,th-TH
현 외의 소리•10,เสียงพ้องทำนองซ้อน 10,th-TH
현 외의 소리•11,เสียงพ้องทำนองซ้อน 11,th-TH
현 외의 소리•12,เสียงพ้องทำนองซ้อน 12,th-TH
현 외의 소리•2,เสียงพ้องทำนองซ้อน 2,th-TH
현 외의 소리•3,เสียงพ้องทำนองซ้อน 3,th-TH
현 외의 소리•4,เสียงพ้องทำนองซ้อน 4,th-TH
현 외의 소리•5,เสียงพ้องทำนองซ้อน 5,th-TH
현 외의 소리•6,เสียงพ้องทำนองซ้อน 6,th-TH
현 외의 소리•7,เสียงพ้องทำนองซ้อน 7,th-TH
현 외의 소리•8,เสียงพ้องทำนองซ้อน 8,th-TH
현 외의 소리•9,เสียงพ้องทำนองซ้อน 9,th-TH
현근 제압,การปราบรากศักดิ์สิทธิ์,th-TH
현근 제압•1,การปราบรากศักดิ์สิทธิ์ 1,th-TH
현근 제압•10,การปราบรากศักดิ์สิทธิ์ 10,th-TH
현근 제압•2,การปราบรากศักดิ์สิทธิ์ 2,th-TH
현근 제압•3,การปราบรากศักดิ์สิทธิ์ 3,th-TH
현근 제압•4,การปราบรากศักดิ์สิทธิ์ 4,th-TH
현근 제압•5,การปราบรากศักดิ์สิทธิ์ 5,th-TH
현근 제압•6,การปราบรากศักดิ์สิทธิ์ 6,th-TH
현근 제압•7,การปราบรากศักดิ์สิทธิ์ 7,th-TH
현근 제압•8,การปราบรากศักดิ์สิทธิ์ 8,th-TH
현근 제압•9,การปราบรากศักดิ์สิทธิ์ 9,th-TH
형상을 통한 이론 설립,ปฏิมาบรรยาย,th-TH
형상을 통한 이론 설립•1,ปฏิมาบรรยาย 1,th-TH
형상을 통한 이론 설립•2,ปฏิมาบรรยาย 2,th-TH
형상을 통한 이론 설립•3,ปฏิมาบรรยาย 3,th-TH
형상을 통한 이론 설립•4,ปฏิมาบรรยาย 4,th-TH
황금 피와 괴수,อสูรร้ายโลหิตทอง,th-TH
황금 피와 괴수•난이도 01,อสูรร้ายโลหิตทอง: ความยาก 01,th-TH
황금 피와 괴수•난이도 02,อสูรร้ายโลหิตทอง: ความยาก 02,th-TH
황금 피와 괴수•난이도 03,อสูรร้ายโลหิตทอง: ความยาก 03,th-TH
황금 피와 괴수•난이도 04,อสูรร้ายโลหิตทอง: ความยาก 04,th-TH
흐릿한 새말,ศัพท์ใหม่ชวนฉงน,th-TH
흐릿한 새말•1,ศัพท์ใหม่ชวนฉงน 1,th-TH
흐릿한 새말•2,ศัพท์ใหม่ชวนฉงน 2,th-TH
흐릿한 새말•3,ศัพท์ใหม่ชวนฉงน 3,th-TH
흐릿한 새말•4,ศัพท์ใหม่ชวนฉงน 4,th-TH
