source,target,tgt_lng
100층짜리 미니 로켓,一百層的小火箭,zh-TW
3-9x의 미소,三乘九的微笑,zh-TW
3-9× Smile,三乘九的微笑,zh-TW
5発の銃弾,輪中五豆,zh-TW
"7 de Março, a Maior das Heroínas",蓋世女俠三月七,zh-TW
"7. März, Heldin der Welt",蓋世女俠三月七,zh-TW
7겹 관통화살,箭徹七札,zh-TW
A Broken Blade Still Slays,殘鋒，掠盡,zh-TW
A Decaluz Ilumina Tudo,十方光映，萬法皆明,zh-TW
A Dolosiana Hospitaleira,熱情好客的多洛斯人,zh-TW
A Dragon's Zenith Knows No Rue,亢龍無悔，移山辟世,zh-TW
A Febre Mecânica Ataca,機械熱潮登場！,zh-TW
A Gata de Botas,穿靴子的貓,zh-TW
A Gente Tá Arrasando!,燃燒起來了！,zh-TW
A Heroína de Mil Faces,一人千役,zh-TW
A Marcha de Belobog,貝洛伯格進行曲,zh-TW
A Mente É Poderosa,知識就是力量,zh-TW
A Primeira Luz Cura o Mundo,療癒世間的晨曦,zh-TW
A Quartet? Woo-hoo!,四么暗刻？胡！,zh-TW
A Rain of Blades Seals Fate,刃下，歸葬,zh-TW
A Sabedoria Tétrade Reina Três Vezes,四分明哲，三重至高,zh-TW
A Scoop of Moon,海底撈月,zh-TW
A Small Price for Victory,勝利的小小代價,zh-TW
A Sorte Segue o Caminho da Virtude,善盈後福，德氣流布,zh-TW
A Tempered Blade Severs Souls,淬鋒，斷魄,zh-TW
A Verdadeira Espada,御劍真訣,zh-TW
A Virtude Traz Felicidade,有道祥見，銜書搖風,zh-TW
A Água Celeste Ablui Tudo,蒼龍傲睨，劫水濯世,zh-TW
ATQ AdE,群體攻擊,zh-TW
ATQ Básico,普通攻擊,zh-TW
ATQ básico,普通攻擊,zh-TW
ATQ individual,單體攻擊,zh-TW
ATQ normale,普通攻擊,zh-TW
Abanico de luz omnividente,屏開千光，遍觀自在,zh-TW
Abbrechen,取消,zh-TW
Abertura da Fissura Mnemônica,撥弄……記憶綻開裂隙,zh-TW
Abpraller,彈射,zh-TW
Abschiedstreffer,再見安打,zh-TW
Absolution des eaux azur,蒼龍傲睨，劫水濯世,zh-TW
Accordage de la lame de scie,武裝調律,zh-TW
Accorde immédiatement 1 tour supplémentaire au Démiurge.,使德謬歌立即獲得1個額外回合。,zh-TW
Accords galvaniques,燃情和弦,zh-TW
Accro aux jeux,獨弈之樂,zh-TW
Accueil enflammé,迎面開門紅,zh-TW
Acenda a Primeira Estrela-Guia,點燃第一里航標,zh-TW
Ack! Look at This Mess!,唉！瞧這一團糟,zh-TW
Acquisition Surety,恣肆吞併的擔保,zh-TW
Adaga da Ventania,撕風的匕首,zh-TW
Adivina quién vive aquí,猜猜這裡住了誰,zh-TW
Adivinhe Quem Mora Aqui,猜猜這裡住了誰,zh-TW
Admoestação Brilhante,閃爍的勸誡,zh-TW
Admonestation éblouissante,閃爍的勸誡,zh-TW
Admonición resplandeciente,閃爍的勸誡,zh-TW
Advinda da Tempestade,嵐身,zh-TW
Aegis Vitae,鎮惡護生,zh-TW
Aeolian Mode: Echoes in Still Waters,小調，止水中迴響,zh-TW
Afinación de sierra,武裝調律,zh-TW
"After the Technique is used, the Talent will be immediately triggered at the start of the next battle.",使用秘技後，下一次戰鬥開始時立即觸發天賦。,zh-TW
"After using Technique, gains ""Military Merit."" When switching the active character, ""Military Merit"" transfers to the current active character. At the start of the next battle, automatically uses Skill 1 time on the character with ""Military Merit"" without consuming any Skill Points.",使用秘技後獲得【軍功】，切換行動角色時【軍功】轉移至當下行動角色。下一次戰鬥開始時自動對持有【軍功】的角色施放1次戰技，此次戰技不消耗戰技點。,zh-TW
Agora! Eu sou a Banda!,即刻！獨奏團,zh-TW
Agressão,強襲,zh-TW
Aguacero en el intermedio,中場饋贈的雨,zh-TW
Aguja de orquídea,一針幽蘭,zh-TW
Agujero negro artificial,擬似黑洞,zh-TW
Ai Đang Sợ Constance?,誰在害怕康士坦絲？,zh-TW
"Aimer, guérir et choisir",愛，救護與抉擇,zh-TW
Ainda É Possível Otimizar,可以改良一下,zh-TW
Ainsi s'éteint le jour,白晝悄然離去,zh-TW
Ajuste de Lâmina de Serra,武裝調律,zh-TW
Alas ocultas,脅翼匿跡,zh-TW
Alborada que cura al mundo,療癒世間的晨曦,zh-TW
Alborozo de dardos plumíferos,雀翎鳴鏑，過招有喜,zh-TW
Alcance superior,寸長寸強,zh-TW
Alegria dos Dardos Emplumados,雀翎鳴鏑，過招有喜,zh-TW
Alerta del sistema,|系統警告|,zh-TW
Alerte système,|系統警告|,zh-TW
Alicerce de Luxo,繁榮基石,zh-TW
All In! Mừng Một Mùa Hè Rực Cháy,All in！敬熾烈一夏,zh-TW
All In! To Summer's Blaze,All in！敬熾烈一夏,zh-TW
All Karma Comes Due,因果盡償,zh-TW
All in! Auf einen heißen Sommer,All in！敬熾烈一夏,zh-TW
All in！敬炽烈一夏,All in！敬熾烈一夏,zh-TW
All-Out Footlight Parade,喧囂的舞燈巡遊,zh-TW
Allen voran,先人一步,zh-TW
Allmächtige Partnerin,無所不能的夥伴,zh-TW
Allow Changes?,是否允許更改？,zh-TW
Almighty Companion,無所不能的夥伴,zh-TW
Alteración,妨害,zh-TW
Alumbrador,吾身光明,zh-TW
Aluvión de hachazos hendedores,鉞貫天衝,zh-TW
Alvo Único,單體攻擊,zh-TW
Além da Bondade,仁慈的背面,zh-TW
Am Ende des Westwinds liegt ewige Stille,西風盡頭，寧謐永恆,zh-TW
Amainador de Chamas,旺火卻亂,zh-TW
Amanecer del génesis,黎明創世，地闢天開,zh-TW
"Amarras da Terra, Quebra de Éter",劍為地紀，刃驚天宗,zh-TW
Ambre incandescent,熾燃不滅的琥珀,zh-TW
Amidst the Raining Bliss,快雨燕相逐,zh-TW
Amidst the Rejoicing Clouds,慶雲光覆儀禱,zh-TW
Amor Além do Arco-Íris,愛在虹光灑落時,zh-TW
Amor Ricochete,反覆橫跳的愛,zh-TW
Amor que rebota,反覆橫跳的愛,zh-TW
"Amor, Cura e Escolha",愛，救護與抉擇,zh-TW
"Amor, curación y decisiones",愛，救護與抉擇,zh-TW
Amour arc-en-ciel,愛在虹光灑落時,zh-TW
Amour rebondissant,反覆橫跳的愛,zh-TW
Angriff,攻擊,zh-TW
Angriff der Abwendung,後發先至,zh-TW
Anguille sous roche,夢遊魚,zh-TW
"Anh Hùng Mỉm Cười, Sinh Tử Khó Lường",英雄一笑，生死難料,zh-TW
Aniquilación del mal,攝伏諸惡,zh-TW
Annihilation du prana,斬勘神形,zh-TW
Annulation,取消,zh-TW
Annule le renforcement,取消強化。,zh-TW
"Ante Up, the Abyss Answers",拋注，聽深淵迴響,zh-TW
Antecipador,搶先者,zh-TW
Anticipación,搶先者,zh-TW
Anticipation,搶先者,zh-TW
Anticipator,搶先者,zh-TW
"Antorcha de piloto, alzada",升起領航的烽火,zh-TW
AoE,群體攻擊,zh-TW
Aposta Direta,直觀投注,zh-TW
Aposta com o Eco Abissal,拋注，聽深淵迴響,zh-TW
Apoyo,輔助,zh-TW
Appel de la Gardienne,守護者召令,zh-TW
Aprimoramento,強化,zh-TW
Aprisionamento Gravitacional,畫地為牢,zh-TW
"Après utilisation de la technique, déclenche immédiatement l'effet du talent au début du combat suivant.",使用秘技後，下一次戰鬥開始時立即觸發天賦。,zh-TW
Apuesta al son del eco abisal,拋注，聽深淵迴響,zh-TW
Apuesta directa,直觀投注,zh-TW
"Após a Técnica ser utilizada, o Talento será acionado imediatamente no início da próxima batalha.",使用秘技後，下一次戰鬥開始時立即觸發天賦。,zh-TW
"Após usar a Técnica, ganha ""Mérito Militar"". Ao trocar de personagem ativo, ""Mérito Militar"" é transferido para o personagem ativo atual. No início da próxima batalha, usa automaticamente a Perícia 1 vez no personagem com ""Mérito Militar"" sem consumir Pontos de Perícia.",使用秘技後獲得【軍功】，切換行動角色時【軍功】轉移至當下行動角色。下一次戰鬥開始時自動對持有【軍功】的角色施放1次戰技，此次戰技不消耗戰技點。,zh-TW
"Aquele Sorriso, Aquele Maldito Sorriso",英雄一笑，生死難料,zh-TW
Aquele que Carrega o Mundo Deve Arder,永劫燔世，其將背負,zh-TW
Aquí está mi apoyo,此即應援,zh-TW
Aquí quien carrea soy yo,有我在，把把都是順風局,zh-TW
Arcanes pyrogramiques,鼎陣妙法，奇正相生,zh-TW
Arcano do Pirógrafo,鼎陣妙法，奇正相生,zh-TW
Arcano pirográfico,鼎陣妙法，奇正相生,zh-TW
Arcoíris rociado de amor,愛在虹光灑落時,zh-TW
Argh! Olha Essa Bagunça!,唉！瞧這一團糟,zh-TW
Aria de la pluma,翎之詠嘆調,zh-TW
Aria de la plume,翎之詠嘆調,zh-TW
Aria par-delà les courants,泛音，暗流後齊鳴,zh-TW
Arie der Feder,翎之詠嘆調,zh-TW
Arista apedreadracos,遙擊三尺水,zh-TW
Arremesso Perfeito,牽制盜壘,zh-TW
Arrowslinger,流鏑,zh-TW
Arrêt forcé du programme,|強制結束程式|,zh-TW
Arte de Lanceiro das Nuvens: Enxurrada,雲騎槍術•疾雨,zh-TW
Arte de Lanceiro das Nuvens: Ventos do Norte,雲騎槍術•朔風,zh-TW
Arte do Espadachim das Nuvens: Brilho Estelar,雲騎劍經•素霓,zh-TW
Arte do Espadachim das Nuvens: Grito de Guerra,雲騎劍經•叩陣,zh-TW
Arte do Espadachim das Nuvens: Queda Montanhosa,雲騎劍經•山傾,zh-TW
Artesão de Elixires,親啟佳釀,zh-TW
Artisan Elixir,親啟佳釀,zh-TW
As Folhas de Outono Carregam Singularidades,紅葉時雨，萬傾一空,zh-TW
As estelar,星塵王牌,zh-TW
Asalto conflagrador,燔燎急襲,zh-TW
Asas Abatidas,脅翼匿跡,zh-TW
Asas Irrefreáveis,巡遊在無界的天空,zh-TW
Ascend That Rhapsody in Blue,躍入這片蔚藍狂想,zh-TW
Ascendência Quadrivalente,四相斷我,zh-TW
"Ascensão, Renome Exaltado",高舉吧，昇華的名諱,zh-TW
Assaut des plumes,伸天卑飛，折翅為芒,zh-TW
Assist Skill,助戰技,zh-TW
Astral Blessing,星空祝言,zh-TW
Astraler Segen,星空祝言,zh-TW
Astrometria,天象學,zh-TW
Astrometrie,天象學,zh-TW
Astrometry,天象學,zh-TW
Astrometría,天象學,zh-TW
Astrométrie,天象學,zh-TW
Astronomisches Wunder,太微行棋，靈台示影,zh-TW
Así cae el día,白晝悄然離去,zh-TW
At Ocean's Abode,於海的棲息地,zh-TW
"Ataca a un enemigo y, tras entrar en combate, consume la Firmeza del tipo correspondiente del enemigo.",攻擊敵人，進入戰鬥後削弱敵方目標對應屬性韌性。,zh-TW
"Ataca a un enemigo y, tras entrar en combate, reduce la Firmeza del tipo correspondiente del enemigo.",攻擊敵人，進入戰鬥後削弱敵方目標對應屬性韌性。,zh-TW
Ataca al enemigo y entra en combate. Aplica un Lastre equivalente al aplicado por la habilidad básica a un enemigo al azar.,立即攻擊敵人，進入戰鬥後對敵方隨機單體附上等同於戰技效果的【承負】。,zh-TW
"Ataca o inimigo imediatamente. Ao entrar na batalha, aplica Fardo equivalente ao aplicado pela Perícia a um inimigo aleatório.",立即攻擊敵人，進入戰鬥後對敵方隨機單體附上等同於戰技效果的【承負】。,zh-TW
"Ataca um inimigo e, após entrar em combate, reduz a Tenacidade dele do Tipo correspondente.",攻擊敵人，進入戰鬥後削弱敵方目標對應屬性韌性。,zh-TW
"Ataca um inimigo e, quando a batalha começa, reduz a Tenacidade dele do Tipo correspondente.",攻擊敵人，進入戰鬥後削弱敵方目標對應屬性韌性。,zh-TW
"Ataca um inimigo, e após entrar em combate, reduz a Tenacidade dele do Tipo correspondente.",攻擊敵人，進入戰鬥後削弱敵方目標對應屬性韌性。,zh-TW
"Ataca um inimigo, e quando a batalha começa, reduz a Tenacidade dele do Tipo correspondente.",攻擊敵人，進入戰鬥後削弱敵方目標對應屬性韌性。,zh-TW
"Ataca um inimigo, e, após o início da batalha, reduz a Tenacidade do inimigo-alvo do Tipo correspondente.",攻擊敵人，進入戰鬥後削弱敵方目標對應屬性韌性。,zh-TW
"Ataca um inimigo, e, quando a batalha começa, reduz a Tenacidade do alvo inimigo do Tipo correspondente.",攻擊敵人，進入戰鬥後削弱敵方目標對應屬性韌性。,zh-TW
"Ataca um inimigo, e, quando a batalha começa, reduz a Tenacidade do inimigo-alvo do Tipo correspondente.",攻擊敵人，進入戰鬥後削弱敵方目標對應屬性韌性。,zh-TW
"Ataca um inimigo, e, quando a batalha começa, reduz a sua Tenacidade do Tipo correspondente.",攻擊敵人，進入戰鬥後削弱敵方目標對應屬性韌性。,zh-TW
Atacar,攻擊,zh-TW
Atacar después y golpear primero,後發先至,zh-TW
Ataque,攻擊,zh-TW
Ataque Premeditado,先發制人,zh-TW
Atiradora de Flechas,流鏑,zh-TW
Atirar Espinhos,飛鐃,zh-TW
Atop Rainleaf Hangs Oneness,紅葉時雨，萬傾一空,zh-TW
Attack,攻擊,zh-TW
"Attacks an enemy, and after entering combat, reduces their Toughness of the corresponding Type.",攻擊敵人，進入戰鬥後削弱敵方目標對應屬性韌性。,zh-TW
Attaque,攻擊,zh-TW
Attaque au pic à glace,冰攀前齒技術,zh-TW
Attaque un ennemi et réduit sa robustesse du type correspondant après l'entrée en combat.,攻擊敵人，進入戰鬥後削弱敵方目標對應屬性韌性。,zh-TW
Attaque un ennemi et réduit sa robustesse du type correspondant après être entré en combat.,攻擊敵人，進入戰鬥後削弱敵方目標對應屬性韌性。,zh-TW
Attention les yeux,給您來段看家戲,zh-TW
Au pari d'un bel été,All in！敬熾烈一夏,zh-TW
Auch wir sind sternenjagende Giganten,我們，亦是逐星的巨人,zh-TW
Aufrichtiges Herz,亢心,zh-TW
Ausdehnung,擴散,zh-TW
Auspicio fulgurante,贈君一卦，火樹銀花,zh-TW
Ausquartierung,逐客令,zh-TW
Autoriser les modifications ?,是否允許更改？,zh-TW
Aux portes de la connaissance,格局放大,zh-TW
Ave Imperator,榮光屬於凱撒,zh-TW
Ave Imperatriz,榮光屬於凱撒,zh-TW
Aviso do Sistema,|系統警告|,zh-TW
Awaiting System Response ...,等待程式回應……,zh-TW
Awaiting System Response...,等待程式回應……,zh-TW
Azote de Mara,破魔錐,zh-TW
Azure's Aqua Ablutes All,蒼龍傲睨，劫水濯世,zh-TW
Açoitamento: Punição do Mal,鞭哨，逐盡惡獸,zh-TW
Aïe ! Regarde-moi ce bazar !,唉！瞧這一團糟,zh-TW
Ba Đường Thăng Trầm,三途枯榷,zh-TW
"Bailemos, sastre del destino",共舞吧，命定的衣匠,zh-TW
Bala cargada a la derecha,槍口以右,zh-TW
Bala del vendaval,馭風的子彈,zh-TW
Ballet aérien,全屏段的高空踏歌,zh-TW
Bandeira de Comando,在旗幟下,zh-TW
Banner der Führung,在旗幟下,zh-TW
Banner of Command,在旗幟下,zh-TW
Banner: Durch Wind und Regen,令旗•征風召雨,zh-TW
Banner: Stormcaller,令旗•征風召雨,zh-TW
Bannière de commandement,在旗幟下,zh-TW
Bannière de tempête,令旗•征風召雨,zh-TW
Banquet de l'insatiable appétit,饗宴，自始無終,zh-TW
Banquet: Insatiable Appetite,饗宴，自始無終,zh-TW
Banquete de Uma Só Vez,一氣化三餐,zh-TW
Banquete para un hambre insaciable,饗宴，自始無終,zh-TW
Banquete: Apetite Insaciável,饗宴，自始無終,zh-TW
Barillet plein,輪中五豆,zh-TW
Barra de Chocolate Energética,巧克力能量棒,zh-TW
Barre énergétique chocolatée,巧克力能量棒,zh-TW
Barrita energética de chocolate,巧克力能量棒,zh-TW
Basic ATK,普通攻擊,zh-TW
Bastión duradero,永屹之壁,zh-TW
Batal,取消,zh-TW
Batalkan Penguatan,取消強化。,zh-TW
Bated Wings,脅翼匿跡,zh-TW
Bater de Asas Silencioso,撲翼白聲,zh-TW
Battement d'aile silencieux,撲翼白聲,zh-TW
Beauté glacée,凍人的瞬間,zh-TW
Beauté infinie du jardin des roses,駐於花庭，賜與盡美,zh-TW
Bebida Especial,罐裝特調,zh-TW
Because We're Family,因為我們是家人,zh-TW
Bedingungsloser Gehorsam,十王敕令，遍土遵行,zh-TW
Beeinträchtigung,妨害,zh-TW
Befehl: Fackelantrieb,指令-閃燃推進,zh-TW
Befehl: Luftbombardierung,指令-天火轟擊,zh-TW
Beginning of the End,終結之始,zh-TW
Begleite mich heute Nacht,今夜與我同行,zh-TW
Beglichenes Karma,因果盡償,zh-TW
Behind the Kindness,仁慈的背面,zh-TW
Behold Wherever Light Unfolds,屏開千光，遍觀自在,zh-TW
Beleza Glacial,凍人的瞬間,zh-TW
Belleza heladora,凍人的瞬間,zh-TW
Bem na Mira,槍口以右,zh-TW
Bendición astral,星空祝言,zh-TW
Beneficent Lotus,澤芝,zh-TW
Beneficios del mecenas,古來君子養藝人,zh-TW
Benefícios do PatrAeon,古來君子養藝人,zh-TW
Benison of Paper and Rites,紙與儀典的恩賜,zh-TW
Benutzer gebannt,|帳號封鎖|,zh-TW
Berauschte Ouvertüre,酣醉序曲,zh-TW
"Berg und Tal, Leben tragend",淵渟嶽峙，地載八荒,zh-TW
Beruhigende Melodie,祥音和韻,zh-TW
Beschwörung,召喚,zh-TW
Besessenheit: Metaphysische Verbindung,憑附•氣通天真,zh-TW
"Bi Ai, Gợn Sóng Từ Biển Chết",哀悼，死海之漣漪,zh-TW
"Bien à toi, la chatte voleuse fantôme !",貓咪怪盜，敬上！,zh-TW
Bienveillance des nuages,慶雲光覆儀禱,zh-TW
Big Brain Energy,格局放大,zh-TW
Big Flipping Sword,超超超大劍,zh-TW
Bitterkalter Pfeil,極寒的弓矢,zh-TW
Biz'haricot,怪怪怪味豆,zh-TW
Biên Giới Hư Không,虛空斷界,zh-TW
Blade's Reach Spares None,十方無赦,zh-TW
Bladeborne Quake,飛鋏震赫,zh-TW
Blast,擴散,zh-TW
Blazing Welcome,迎面開門紅,zh-TW
Bleak Breeds Bliss,乾清坤夷，否極泰來,zh-TW
Bliss of Otherworld's Embrace,沉醉於彼界的臂灣,zh-TW
Blitz de Néctar,酒花奔湧,zh-TW
Blitz des Regenbogens,掣空如虹,zh-TW
Blitzartiger Sprung,盤拏耀躍,zh-TW
Blitzrausch,如雷疾行,zh-TW
Blood for Blood,以血還血,zh-TW
Bloom! Winner Takes All,百花齊放，勝者獨享！,zh-TW
"Bloom, Elysium of Beyond",盛放吧，來世的樂土,zh-TW
Blowout: Abschiedstreffer,全勝•再見安打,zh-TW
Blowout: Farewell Hit,全勝•再見安打,zh-TW
Blowout: RIP Home Run,全勝•安息全壘打,zh-TW
Blowout: Todes-Homerun,全勝•安息全壘打,zh-TW
Blut für Blut,以血還血,zh-TW
"Blühe, Elysion im Jenseits",盛放吧，來世的樂土,zh-TW
Blütenblätter im Wasserwirbel,搖花緞水，沾衣不摘,zh-TW
"Boa Noite, Belobog",晚安，貝洛伯格,zh-TW
"Boa Noite, Insônia do Mundo",晚安——全世界無眠,zh-TW
Boltsunder,閃裂,zh-TW
Boltsunder Blitz,閃裂刃舞,zh-TW
Bomb'œuf,爆爆爆炸蛋,zh-TW
Bond fulgurant,盤拏耀躍,zh-TW
"Boneclaw, Doomdrake's Embrace",骸爪，冥龍之環擁,zh-TW
"Bonne nuit, monde éveillé",晚安——全世界無眠,zh-TW
Bonne pioche,門前清,zh-TW
Bonsoir Belobog,晚安，貝洛伯格,zh-TW
Bonus Stage: αWolf Instant,獎勵關：「狼尊時刻」,zh-TW
Bonuslevel: Zeit von αWolf,獎勵關：「狼尊時刻」,zh-TW
Boom ! Ça prend feu !,轟！飛來焰火,zh-TW
Boom! Here Comes the Fire!,轟！飛來焰火,zh-TW
Boom! Sparxicle's Poppin',尖叫！火花花連線中,zh-TW
Borda do Vazio,虛空斷界,zh-TW
Bosque de espadas,無間劍樹,zh-TW
Botiquín de las llanuras nevadas,雪原急救方案,zh-TW
Bounce,彈射,zh-TW
Brilho Ofuscante,你最閃亮,zh-TW
Brilho Perceptivo,炤炤徹曠,zh-TW
Brilho da Lua Luzente,流影方暉,zh-TW
Brilho da Verdade,古鏡照神,zh-TW
Brilho de Oito Trovões,八雷飛渡,zh-TW
Brillo perspicaz,炤炤徹曠,zh-TW
Brillo resplandeciente,你最閃亮,zh-TW
Brillo resplandeciente,流影方暉,zh-TW
Brisa Suave,惠風和暢,zh-TW
Brisa acariciadora,惠風和暢,zh-TW
Briseur de chaînes,禁錮解除,zh-TW
"Brows Be Smitten, Heart Be Bitten",一扎皺眉，二扎心,zh-TW
"Buenas noches, Belobog",晚安，貝洛伯格,zh-TW
"Buenas noches, mundo insomne",晚安——全世界無眠,zh-TW
Bum! A Sparxinha Tá Arrasando,尖叫！火花花連線中,zh-TW
Bum! Lá Vem Fogo!,轟！飛來焰火,zh-TW
Bumm! Hier kommt das Feuer!,轟！飛來焰火,zh-TW
Bumm-Bombenei,爆爆爆炸蛋,zh-TW
Buraco Negro Sintético,擬似黑洞,zh-TW
Busy as Tribbie,好忙好忙的緹寶,zh-TW
Butin en vue !,嘿，空手套白銀,zh-TW
Butterfly Flurry,亂蝶,zh-TW
Buổi Tranh Tài Hoàng Hôn Của Vũ Công Quỷ Bụi,塵魔舞者的日落秀,zh-TW
Buộc Kết Thúc Tiến Trình,|強制結束程式|,zh-TW
Bài Tập - Kiểm Tra Đột Xuất,課業•突擊檢查,zh-TW
Bàn Nã Diệu Dược,盤拏耀躍,zh-TW
Bàn Tay Sparx Sau Hậu Trường,幕後花手,zh-TW
Bát Lôi Phi Độ,八雷飛渡,zh-TW
Bão Sao Băng,流星群落,zh-TW
Béatitude au milieu de l'averse,快雨燕相逐,zh-TW
Bénédiction astrale,星空祝言,zh-TW
Bénédiction de l'étreinte de l'au-delà,沉醉於彼界的臂灣,zh-TW
Bénédiction des écritures,紙與儀典的恩賜,zh-TW
Bênção Astral,星空祝言,zh-TW
Bênção de Papéis e Ritos,紙與儀典的恩賜,zh-TW
Bênção do Abraço de Outro Mundo,沉醉於彼界的臂灣,zh-TW
"Bình Minh Sáng Thế, Đất Trời Mở Lối",黎明創世，地闢天開,zh-TW
Bí Kỹ,秘技,zh-TW
Bí Mật Phồn Vinh,榮光之秘,zh-TW
Bóng Hình Ảo Ảnh,幻身,zh-TW
Bóng Kiếm Kề Bên,呼劍如影,zh-TW
Bùng Nổ Thuộc Tính Shoot,Shoot屬性大爆發,zh-TW
Bẫy Tương Tác,互動陷阱,zh-TW
Bẻ Cong Thời Không,時空扭曲,zh-TW
"Bốn Phần Sáng Suốt, Ba Tầng Tối Cao",四分明哲，三重至高,zh-TW
"Bồi Âm, Hòa Thanh Sau Dòng Chảy Ngầm",泛音，暗流後齊鳴,zh-TW
Bổ Đầu Hò Reo,劈頭滿堂彩,zh-TW
Bộ Tứ Thêm Hoa!,槓上開花！,zh-TW
Bộ Tứ? Ngon Lành!,四么暗刻？胡！,zh-TW
Bức Tường Sừng Sững,永屹之壁,zh-TW
Bừng Bừng Sức Sống,生機煥發,zh-TW
C'est la tuile !,槓上開花！,zh-TW
C'est ma tournée !,香檳儀禮,zh-TW
"C'est une promesse, pas un ordre",是約定不是命令,zh-TW
"C-Com Licença, Por Favor!",請……請讓一下！,zh-TW
Ca Múa Trên Không Toàn Màn Hình,全屏段的高空踏歌,zh-TW
Cabaça Cheia de Elixir,奔走懸壺濟世長,zh-TW
Cabum! Ovosplosão,爆爆爆炸蛋,zh-TW
Cadeau de la renaissance,新生之禮,zh-TW
Cadeau surprise,驚喜禮盒,zh-TW
Cage of Broken Lance,折戟臣服的監牢,zh-TW
Calabaza de elixir,奔走懸壺濟世長,zh-TW
Calamidad: Decreto quemaalmas,災厄•弒魂焚詔,zh-TW
Calamidade: Decreto da Alma Ardente,災厄•弒魂焚詔,zh-TW
Calamity: Soulscorch Edict,災厄•弒魂焚詔,zh-TW
Calamité : Décret calcinâme,災厄•弒魂焚詔,zh-TW
Call of the Guardian,守護者召令,zh-TW
Calurosa bienvenida,迎面開門紅,zh-TW
Camaradagem,有情之證,zh-TW
Camaraderie,有情之證,zh-TW
Camaradería,有情之證,zh-TW
Caminhos Definhados Trilaterais,三途枯榷,zh-TW
Cancel,取消,zh-TW
Cancel Enhancement,取消強化。,zh-TW
Cancela la potenciación.,取消強化。,zh-TW
Cancelar,取消,zh-TW
Cancelar Aprimoramento,取消強化。,zh-TW
"Canon de mil voces, fuga estelar",千音迭奏，群星賦格,zh-TW
Cantafilos: castigo implacable,劍歌•神鬼無赦,zh-TW
Cantando entre las nubes,雲吟乍湧墜珠露,zh-TW
Canto Harmônico: Refrão Após Marés Escuras,泛音，暗流後齊鳴,zh-TW
Cantoria Entre as Nuvens,雲吟乍湧墜珠露,zh-TW
Canção da Espada: Absolvição Negada,劍歌•神鬼無赦,zh-TW
"Canícula, música del alma",盛夏是靈魂的樂手,zh-TW
Capricho do Tear do Destino,無端命運的機杼,zh-TW
Caresse du clair de lune,月光摩挲連綿,zh-TW
Caresse du papillon,緘默，幽蝶之輕撫,zh-TW
Caresses de flammes,冉冉方熾,zh-TW
Caressing Moonlight,月光摩挲連綿,zh-TW
Caricia ardiente,冉冉方熾,zh-TW
Carmesí: antes muerta que aburrida,緋色•不樂即斬,zh-TW
Carrera de la victoria,乘勝追擊,zh-TW
Carrera final,安息全壘打,zh-TW
Carícia Incandescente,冉冉方熾,zh-TW
Cascada de puñales plumíferos,伸天卑飛，折翅為芒,zh-TW
Cascade glaciale,冰刻箭雨之時,zh-TW
Cascading Featherblade,伸天卑飛，折翅為芒,zh-TW
Cascata Glacial,冰刻箭雨之時,zh-TW
Cascata de Lâminas Emplumadas,伸天卑飛，折翅為芒,zh-TW
Castigo,罰惡,zh-TW
Castigo Divino,天罰貫身,zh-TW
Castigo divino,天罰貫身,zh-TW
Castigo furibundo,狂者制裁,zh-TW
Cat Got Your Flametongue?,啞火了嗎,zh-TW
Cazatruenos,雷狩,zh-TW
Caça aos Trovões,雷狩,zh-TW
Caçador de Ventos,雲鳶逐風,zh-TW
Celestial Jade,帝垣瓊玉,zh-TW
Cem Foguetinhos,一百層的小火箭,zh-TW
Cereja do Bolo!,槓上開花！,zh-TW
Cernícalo en picado,貫雲飲羽,zh-TW
"Ceñidora del mundo, rompedora del cielo",劍為地紀，刃驚天宗,zh-TW
"Ceño desarrugado, corazón azorado",一扎皺眉，二扎心,zh-TW
Chama Celestial,天墜之火,zh-TW
Chamado do Guardião,守護者召令,zh-TW
Chamas de Aurora,流翠散雲,zh-TW
Champagne Etiquette,香檳儀禮,zh-TW
Champagner-Zeremonie,香檳儀禮,zh-TW
Chant de joie des plumes,雀翎鳴鏑，過招有喜,zh-TW
Chant lancinant des cordes,慢撚抹復挑,zh-TW
Chante-lame : Absolution refusée,劍歌•神鬼無赦,zh-TW
Chanter parmi les nuages,雲吟乍湧墜珠露,zh-TW
Chapeau l'artiste,古來君子養藝人,zh-TW
Chasing the Wind,雲鳶逐風,zh-TW
Chat botté,穿靴子的貓,zh-TW
Checagem de Vibes,看看好看的,zh-TW
Cheers! To Summer's Blaze,舉杯！敬熾烈一夏,zh-TW
Chemin de la réalisation,四相斷我,zh-TW
Cherry on Top!,槓上開花！,zh-TW
Chicote de Riquezas,撻楚抽薪,zh-TW
Chim Én Vỗ Mưa,快雨燕相逐,zh-TW
Chispas por todas partes,火花四濺,zh-TW
Chiêm Tinh Học,天象學,zh-TW
Chiến Kỹ,戰技,zh-TW
"Chiến Thắng, Lướt Qua Con Sóng Dữ",勝局，凌越颶浪之上,zh-TW
"Chiếu Rọi Thập Phương, Vạn Pháp Tỏ Tường",十方光映，萬法皆明,zh-TW
Cho Phép Thay Đổi?,是否允許更改？,zh-TW
Chocolate Energy Bar,巧克力能量棒,zh-TW
Chrysalid Pyronexus,繭式源火中樞,zh-TW
Chute de Diagnóstico,望、聞、問……蹴！,zh-TW
Chuva de Aplausos,劈頭滿堂彩,zh-TW
Chuyển Lưu Lượng Thành Lợi Nhuận,流量變現,zh-TW
Chuyển Lỗ Thành Lời!,轉虧為盈！,zh-TW
Cháy Lên Nào!,燃燒起來了！,zh-TW
Chân Tướng Ẩn Sau Vỏ Bọc,取此真相，棄捨表徵,zh-TW
Châtiment,罰惡,zh-TW
Châtiment divin,天罰貫身,zh-TW
Châtiment frénétique,狂者制裁,zh-TW
Châu Rơi Giữa Mây Ngàn,雲吟乍湧墜珠露,zh-TW
Chém Tách Chớp Nhoáng,閃裂,zh-TW
Chém Tách Thần Hình,斬勘神形,zh-TW
Chém Tách Trời Xanh,鉞貫天衝,zh-TW
Chìm Đắm... Tro Tàn Mời Gọi Vào Nấm Mồ,沉溺……飛灰邀入墓床,zh-TW
Chùm Tia Hạt Siêu Tần,超頻粒子光束,zh-TW
Chú Mèo Đi Hia,穿靴子的貓,zh-TW
Chúa Tể Vòng Quay,輪盤勳爵,zh-TW
Chúng Ta Bay Vào Hoàng Hôn,飛入晨昏的我們,zh-TW
Chúng Ta Tự Hợp Thành Giai Điệu,我們自成旋律,zh-TW
"Chúng Ta, Cũng Hướng Đến Những Vì Sao",我們，亦是逐星的巨人,zh-TW
Chấn Động Lẫy Lừng,飛鋏震赫,zh-TW
Chỉ Lệnh: Lực Đẩy Bùng Phát,指令-閃燃推進,zh-TW
Chỉ Lệnh: Oanh Tạc Trên Không,指令-天火轟擊,zh-TW
Chỉnh Đốn Vũ Trang,武裝調律,zh-TW
Chốn Cư Ngụ Giữa Biển,於海的棲息地,zh-TW
Chờ Hệ Thống Phản Hồi...,等待程式回應……,zh-TW
"Chờ Đã, Bạn Đẹp Quá!",逗留一下吧，你是那樣美！,zh-TW
Chợ Heo Đất?!,豬市？！,zh-TW
Chứng Nhận Hữu Tình,有情之證,zh-TW
Cible unique,單體攻擊,zh-TW
Ciclo da Vida,生息的輪轉,zh-TW
Ciclo vital,生息的輪轉,zh-TW
Ciclón de chispas violetas,紫電扶搖,zh-TW
Cierre forzoso del proceso,|強制結束程式|,zh-TW
Cinco Balas no Tambor,輪中五豆,zh-TW
Cinco guisantes en la vaina,輪中五豆,zh-TW
Clairvoyance et suprématie,四分明哲，三重至高,zh-TW
"Clamor, heraldo de muerte",悲鳴，賜死之先聲,zh-TW
Clara Cũng Muốn Giúp,我也想幫上忙,zh-TW
Clarão Transcendente,無罅飛光,zh-TW
Clarão de Raio,電光石火間,zh-TW
Cloudfencer Art: Mountainfall,雲騎劍經•山傾,zh-TW
Cloudfencer Art: Starshine,雲騎劍經•素霓,zh-TW
Cloudfencer Art: Warcry,雲騎劍經•叩陣,zh-TW
Cloudlancer Art: North Wind,雲騎槍術•朔風,zh-TW
Cloudlancer Art: Torrent,雲騎槍術•疾雨,zh-TW
"Cogito, Ergo Sum",我思故我在,zh-TW
Cohetito de cien pisos,一百層的小火箭,zh-TW
Cola: Dominación espiritual,尾巴•遣神役鬼,zh-TW
Coleta de Dados,資料收集,zh-TW
Colheita Rápida,極速收割,zh-TW
Colher Flores,門前清,zh-TW
Collab de légende,萬我狂歡，鏡頭不要停,zh-TW
Collecte de données,資料收集,zh-TW
Colmillo de destello fulgurante,剔爍之牙,zh-TW
Colmillo para cobrar venganza,宿怨，切齒奉還,zh-TW
"Com Carinho, Ladra Fantasma Gatinha!",貓咪怪盜，敬上！,zh-TW
Combat Redeployment,作戰再部署,zh-TW
Combinación oculta,門前清,zh-TW
Combustion complète de Lampyroptère type IV,火螢Ⅳ型-完全燃燒,zh-TW
Combustion incomplète,不完全燃燒,zh-TW
Combustión incompleta,不完全燃燒,zh-TW
Combustão Incompleta,不完全燃燒,zh-TW
Comicompétence,歡愉技,zh-TW
Comme la première fois,一如初見的重逢,zh-TW
Como la primera vez,一如初見的重逢,zh-TW
Compagnon tout-puissant,無所不能的夥伴,zh-TW
Companheira Poderosa,無所不能的夥伴,zh-TW
Companion Protocol: Decimation,同行協議：殲破,zh-TW
Companion Protocol: Verdict,同行協議：裁決,zh-TW
Compasión del necio,愚者的悲憫,zh-TW
Compañera afilada,呼劍如影,zh-TW
Compañera omnipotente,無所不能的夥伴,zh-TW
Compte bloqué,|帳號封鎖|,zh-TW
Compétence,戰技,zh-TW
Compétence de soutien,助戰技,zh-TW
Comradery,有情之證,zh-TW
Concesión del papel y los ritos,紙與儀典的恩賜,zh-TW
Condamnation à mort,大辟萬死,zh-TW
Condena absoluta,十方無赦,zh-TW
Confessions du corps,傾訴之肉身,zh-TW
"Conhecida pelas Estrelas, Exibida pelos Corações",太微行棋，靈台示影,zh-TW
Connexion avec la lame,呼劍如影,zh-TW
Connexion métaphysique éthérée,憑附•氣通天真,zh-TW
Contemple là où la lumière se déploie,屏開千光，遍觀自在,zh-TW
Contemple o Desdobrar da Luz,屏開千光，遍觀自在,zh-TW
Content Monetization,流量變現,zh-TW
Contrat d'acquisition,恣肆吞併的擔保,zh-TW
Contrôle : Interro surprise,課業•突擊檢查,zh-TW
Corazón inflamado,仁火攻心,zh-TW
Corazón justo,亢心,zh-TW
Coração em Chamas,仁火攻心,zh-TW
Coração Íntegro,亢心,zh-TW
"Coração, o Melhor dos Túmulos",心……是最好的墳塋,zh-TW
Cordas Cantam Lentos Sons,慢撚抹復挑,zh-TW
Cordas Galvânicas,燃情和弦,zh-TW
Corkage Fee,開瓶費,zh-TW
Cornerstone Deluxe,繁榮基石,zh-TW
Coro en las corrientes profundas,泛音，暗流後齊鳴,zh-TW
Corpo Ígneo,此身為炬,zh-TW
Corps ardent,此身為炬,zh-TW
Corpus des Sturms,嵐身,zh-TW
Corrida Ninja: Indo Com Tudo,忍步•血義理,zh-TW
Corrida da Vitória,乘勝追擊,zh-TW
Corte demoledor,斷念一斬,zh-TW
Corte ninja: Voluntad inquebrantable,忍切•初志貫徹,zh-TW
Corte relámpago,閃裂,zh-TW
Cosecha propia,親啟佳釀,zh-TW
Cosecha rápida,極速收割,zh-TW
Coup d'adieu,再見安打,zh-TW
Coup de Grâce,制勝一擊,zh-TW
Coup de chapeau,搖擺的禮儀,zh-TW
Coup de fouet,酒花奔湧,zh-TW
Coup de grâce,制勝一擊,zh-TW
Coup de génie,靈光一現,zh-TW
Coup de pompe,開瓶費,zh-TW
Coup de pouce,海底撈月,zh-TW
Coup de talon brise-crâne,蹄鐵裂顱,zh-TW
Coup de tonnerre rugissant,雷鳴音階,zh-TW
Coup du berger,世事如棋，四步堪殺,zh-TW
Coup du sort,乾清坤夷，否極泰來,zh-TW
Coupe létale,斷念一斬,zh-TW
Creación: Zarzas de sangre,創生•血棘渡亡,zh-TW
Creation: Bloodthorn Ferry,創生•血棘渡亡,zh-TW
Crescent Transmigration,澹月轉魄,zh-TW
Criação: A Balsa dos Espinhos de Sangue,創生•血棘渡亡,zh-TW
Crocs ravageurs,剔爍之牙,zh-TW
Croisière d'exploration stellaire,拓星巡航,zh-TW
Cruce marchito trilateral,三途枯榷,zh-TW
Crucero de exploración estelar,拓星巡航,zh-TW
Cruzeiro da Cartógrafa Estelar,拓星巡航,zh-TW
Création : Traversée des épines sanglantes,創生•血棘渡亡,zh-TW
Crécerelle en piqué,貫雲飲羽,zh-TW
Crépuscule des plaines du sud,塵魔舞者的日落秀,zh-TW
Cuando la brisa acaricia las nubes,當微風輕吻雲沫,zh-TW
Cuenta baneada,|帳號封鎖|,zh-TW
Cuerdas ardientes,燃情和弦,zh-TW
Cuerpo de la confesión,傾訴之肉身,zh-TW
Cuerpo de tormenta,嵐身,zh-TW
Cung Tơ Trên Phím Nhạc,慢撚抹復挑,zh-TW
Cuvée spéciale,罐裝特調,zh-TW
Cuộc Chiến Say Ngà,鏖戰正酣,zh-TW
Cycle de la vie,生息的輪轉,zh-TW
Cycle of Life,生息的輪轉,zh-TW
Cá Nhỏ Cõi Mơ,夢遊魚,zh-TW
Cái Giá Của Chiến Thắng,勝利的小小代價,zh-TW
Cénit agrietador,紫霄震曜,zh-TW
Cénit dracónico incontrito,亢龍無悔，移山辟世,zh-TW
Có Thể Ưu Hóa,可以改良一下,zh-TW
Cô Gái Nghìn Mặt,一人千役,zh-TW
"Công Lý, Nở Rộ Từ Đây",公正，此處盛放,zh-TW
Cõi Hoang Vu Trong Lòng Bàn Tay,掌心淌過的荒蕪,zh-TW
Cõi Âm Phán Xét,判冥,zh-TW
Cùng Bước Vào Cuộc Viễn Chinh Rực Cháy,共赴灼熱的遠征,zh-TW
"Cùng Lên Nào, Mem!",一起上吧，迷迷！,zh-TW
Cùng Nhau Viết Nên Ngày Mai Nhé!,明天，一同寫下！,zh-TW
"Cùng Nhảy Múa Nào, Thợ May Định Mệnh",共舞吧，命定的衣匠,zh-TW
Cú Quất Tiền Tài,撻楚抽薪,zh-TW
Cœur de flamme,仁火攻心,zh-TW
Cœur en feu de la chrysalide,繭式源火中樞,zh-TW
Cœur tombal,心……是最好的墳塋,zh-TW
Cœur vertueux,亢心,zh-TW
Cơn Bão Thật Ồn Ào,風暴甚是喧囂,zh-TW
Cơn Gió Nghiệp Chướng,業途風,zh-TW
Cơn Lốc Điện Tím,紫電扶搖,zh-TW
Cơn Mưa Tiền Đột Ngột,中場饋贈的雨,zh-TW
Cường Hóa,強化,zh-TW
Cược Trực Tiếp,直觀投注,zh-TW
Cảnh Báo Hệ Thống,|系統警告|,zh-TW
Cờ Lệnh - Hô Mưa Gọi Gió,令旗•征風召雨,zh-TW
Cứ Để Tôi Lo!,包在我身上！,zh-TW
Da Sorte Vem o Destino,歲記否泰，固守四郭,zh-TW
Dague de bourrasque,撕風的匕首,zh-TW
Dague volante,飛鐃,zh-TW
Dame eso,拿來給我,zh-TW
"Dance, Destined Weaveress",共舞吧，命定的衣匠,zh-TW
"Dance, Tecelã Destinada",共舞吧，命定的衣匠,zh-TW
Dancing Blade,遊刃若水,zh-TW
Danse nébuleuse,煙斜霧橫，氛氳化生,zh-TW
"Danse, tisseuse de la destinée",共舞吧，命定的衣匠,zh-TW
Danza aérea panorámica,全屏段的高空踏歌,zh-TW
Danza de cortes relámpago,閃裂刃舞,zh-TW
Dança Aérea Absoluta,全屏段的高空踏歌,zh-TW
Dao Găm Xé Gió,撕風的匕首,zh-TW
Dao Lạnh Vô Tình,鋒入幽渺，影出凌厲,zh-TW
Dardo volador,飛鐃,zh-TW
Darting Ironthorn,遙擊三尺水,zh-TW
Das Herz ist das beste Grab,心……是最好的墳塋,zh-TW
Das Sombras à Alegria,乾清坤夷，否極泰來,zh-TW
Das kann noch optimiert werden,可以改良一下,zh-TW
Das lässt sich sehen,看看好看的,zh-TW
"Dash In, Gash Out",鋒入幽渺，影出凌厲,zh-TW
Data Collecting,資料收集,zh-TW
Datensammlung,資料收集,zh-TW
Daunting Smite,震懾之擊,zh-TW
Day Gently Slips,白晝悄然離去,zh-TW
"Day So Right, Life So Fine!",天氣正好，萬物可愛！,zh-TW
Dazzling Blades,酷炫的刀花,zh-TW
De Farsa à Verdade,取此真相，棄捨表徵,zh-TW
De la apariencia a la verdad,取此真相，棄捨表徵,zh-TW
De la chance au destin,歲記否泰，固守四郭,zh-TW
De la fortuna viene el destino,歲記否泰，固守四郭,zh-TW
De pérdida a ganancia,轉虧為盈！,zh-TW
"Dead Center, the Torrent Hits",激流，正中紅心,zh-TW
Death Sentence,大辟萬死,zh-TW
Death Wish,歸葬的遂願,zh-TW
"Deaths are Legion, Regrets are None",萬死無悔,zh-TW
"Decadence, False Twilight",失墜，偽神的黃昏,zh-TW
"Decadencia, falso crepúsculo",失墜，偽神的黃昏,zh-TW
"Decadência, Falso Crepúsculo",失墜，偽神的黃昏,zh-TW
Decalight Unveils All,十方光映，萬法皆明,zh-TW
Decarreflejo discernidor,十方光映，萬法皆明,zh-TW
"Decreto de los Diez Líderes, todos obedecerán",十王敕令，遍土遵行,zh-TW
"Decreto dos Três Senhores, Todos Devem Obedecer",十王敕令，遍土遵行,zh-TW
Dedo da Rosa Dourada,金玫之指,zh-TW
Dedos de rosa,金玫之指,zh-TW
Defensa,防禦,zh-TW
Defense,防禦,zh-TW
Defesa,防禦,zh-TW
Deficit...,赤字……,zh-TW
Defizit ...,赤字……,zh-TW
"Deicida, Torne-se Uma Divindade",弒神登神,zh-TW
"Deicidio, ascenso divino",弒神登神,zh-TW
Deixa Com a Carry,有我在，把把都是順風局,zh-TW
Deixa Comigo!,包在我身上！,zh-TW
Dekalicht erleuchtet alles,十方光映，萬法皆明,zh-TW
Demonio: Destitución del mal,凶煞•劾壓鬼物,zh-TW
Demonstration der Fähigkeiten,耍耍把式賣賣藝,zh-TW
Demonstração de Dano do Honkai,崩壞級傷害演示,zh-TW
Demonstração de Habilidades,耍耍把式賣賣藝,zh-TW
Demostración de daño Honkai,崩壞級傷害演示,zh-TW
Demostración de habilidades,耍耍把式賣賣藝,zh-TW
Demônio: Destituição do Mal,凶煞•劾壓鬼物,zh-TW
Denn dieser Garten schenkt höchste Schönheit,駐於花庭，賜與盡美,zh-TW
Der Anfang vom Ende,終結之始,zh-TW
Der Belobog-Marsch,貝洛伯格進行曲,zh-TW
"Der Held lächelt, das Leben hängt in der Schwebe",英雄一笑，生死難料,zh-TW
Der Wert meines holden Gartens,駐「我」華庭，授予至勳,zh-TW
Derrière la bonté,仁慈的背面,zh-TW
Des difficultés de paiement ?,支付困難？,zh-TW
Desafío a mí misma,獨弈之樂,zh-TW
Desbordamiento de señal: ¡Retorna el juego!,訊號溢出：好戲復刻！,zh-TW
"Desbravamento, Ao Seu Lado",開拓，與你同行,zh-TW
Descarga de Raio,如雷疾行,zh-TW
Desejo de Morte,歸葬的遂願,zh-TW
Deseo de muerte,歸葬的遂願,zh-TW
Deseos confluyentes,眾願啊，匯流如歌,zh-TW
Desfile Clamoroso das Luzes,喧囂的舞燈巡遊,zh-TW
Desfile clamoroso de luces,喧囂的舞燈巡遊,zh-TW
"Desolación, de palmas derramada",掌心淌過的荒蕪,zh-TW
Desolation Across Palms,掌心淌過的荒蕪,zh-TW
Destello milagroso,靈光一現,zh-TW
Destello trascendental,無罅飛光,zh-TW
Destin : Corps divin,命運•此軀即神,zh-TW
Destino: Cuerpo deificado,命運•此軀即神,zh-TW
Destino: Receptáculo Divino,命運•此軀即神,zh-TW
"Detente, instante, eres tan hermoso",逗留一下吧，你是那樣美！,zh-TW
Detonación fundida,熔核爆裂,zh-TW
Detonação por Fusão,熔核爆裂,zh-TW
Devorar: A Mão Repugnante,吃吧，可憎的手,zh-TW
Devour: O Loathsome Hand,吃吧，可憎的手,zh-TW
Di Nguyện Chôn Cất,歸葬的遂願,zh-TW
Diagnosetritt,望、聞、問……蹴！,zh-TW
Diagnostic Kick,望、聞、問……蹴！,zh-TW
Diagnostic musclé,望、聞、問……蹴！,zh-TW
Dicha de la virtud,有道祥見，銜書搖風,zh-TW
Did You Get It,開竅了嗎,zh-TW
Die Fesseln des Samsara,生滅繫縛,zh-TW
Die Gestalt von Taixu: Herold der Morgenröte,太虛形蘊•燭夜,zh-TW
Die Gunst des Schicksals,歲記否泰，固守四郭,zh-TW
Die Launen des sinnlosen Schicksals,無端命運的機杼,zh-TW
Die Macht der Niedlichkeit,可愛即是正義,zh-TW
Die Zeit ist nun in Nebel gehüllt,從此歲月朦朧,zh-TW
Die glorreichen Geheimnisse,榮光之秘,zh-TW
Dieu déicide,弒神登神,zh-TW
Difficulty Paying?,支付困難？,zh-TW
Dificuldade para Pagar?,支付困難？,zh-TW
Diluvio de cortes,八雷飛渡,zh-TW
Direct Punch,直衝拳,zh-TW
Direct du droit,直衝拳,zh-TW
"Discernimiento, alba silenciosa",洞見，緘默的黎明,zh-TW
Disciplina: Veredito Final,風紀•尺出繚判,zh-TW
Disciplina: veredicto final,風紀•尺出繚判,zh-TW
Discipline : Verdict final,風紀•尺出繚判,zh-TW
Discipline: Final Verdict,風紀•尺出繚判,zh-TW
Dislodged,逐客令,zh-TW
Disparation... d'un souvenir fragmenté,撥弄……記憶綻開裂隙,zh-TW
Disparo explosivo,Shoot屬性大爆發,zh-TW
Disparo helado,冰點射擊,zh-TW
Distorsion temporelle,時空扭曲,zh-TW
Distorsión temporal,時空扭曲,zh-TW
Distorção Temporal,時空扭曲,zh-TW
Disziplin: Klares Urteil,風紀•尺出繚判,zh-TW
Divine Castigation,天罰貫身,zh-TW
Divine Spear,天矢陰,zh-TW
Diving Kestrel,貫雲飲羽,zh-TW
Divisão Meteórica,披星百裂,zh-TW
Diều Hâu Đuổi Gió,雲鳶逐風,zh-TW
Diễu Hành Đèn Sân Khấu Huyên Náo,喧囂的舞燈巡遊,zh-TW
Doigts de la rose dorée,金玫之指,zh-TW
Domination spirituelle de Plumeau,尾巴•遣神役鬼,zh-TW
Don de Shuhu,倏忽恩賜,zh-TW
Don del renacimiento,新生之禮,zh-TW
Donne-moi ça,拿來給我,zh-TW
Donnerjagd,雷狩,zh-TW
"Doomshriek, Dawn's Chime",亡喉怒哮，甦生之頌鈴,zh-TW
Dor e Raiva,至痛至怒,zh-TW
Dornen des Abgrunds,黑淵的棘刺,zh-TW
Dorniger Nektar,刺紋之蜜,zh-TW
Douce brise,惠風和暢,zh-TW
Douce mais cruelle,溫柔亦同殘酷,zh-TW
Douleur et colère,至痛至怒,zh-TW
"Drachenkamm, Berge brechend",亢龍無悔，移山辟世,zh-TW
Dracore Libre,龍力自在,zh-TW
Dreamdiver,夢遊魚,zh-TW
Drei Mahlzeiten in einem Zug,一氣化三餐,zh-TW
Drei-mal-Neun-Lächeln,三乘九的微笑,zh-TW
Dreiteiliges Paradoxon,三段悖論,zh-TW
Dripping Mistscape,幔亭繚霞,zh-TW
Du Hành Giữa Bầu Trời Vô Tận,巡遊在無界的天空,zh-TW
Du Hành Khai Phá Sao,拓星巡航,zh-TW
Du bist dran!,就決定是你了！,zh-TW
Du ciel à la terre,劍為地紀，刃驚天宗,zh-TW
Du mythe à la réalité,取此真相，棄捨表徵,zh-TW
Dulce pero cruel,溫柔亦同殘酷,zh-TW
Dust Devil's Sunset Rodeo,塵魔舞者的日落秀,zh-TW
Dâng Hương,肅香,zh-TW
Dämmerungstriller,悲劇盡頭的顫音,zh-TW
Décadence du faux crépuscule,失墜，偽神的黃昏,zh-TW
Déchaînement du dragon,龍力自在,zh-TW
Déchirure étoilée,披星百裂,zh-TW
Décimation pyrogénique de Lampyroptère type IV,火螢Ⅳ型-底火斬擊,zh-TW
Déclic intellectuel,精神催生法,zh-TW
Défense,防禦,zh-TW
Déficit,赤字……,zh-TW
Déficit...,赤字……,zh-TW
Déluge d'épée,刺紋之蜜,zh-TW
Déluge d'étincelles pourpres,紫電扶搖,zh-TW
Déluge de lames,一扎皺眉，二扎心,zh-TW
Démonstration de talent,耍耍把式賣賣藝,zh-TW
Désolation des paumes,掌心淌過的荒蕪,zh-TW
Détonateur de victoire,百花齊放，勝者獨享！,zh-TW
Détonation en fusion,熔核爆裂,zh-TW
Dùi Phá Ma,破魔錐,zh-TW
Dạ Khúc Lụa Là,拭琴撫羅袂,zh-TW
Dễ Thương Là Chính Nghĩa,可愛即是正義,zh-TW
Dịu Dàng Đồng Nghĩa Tàn Khốc,溫柔亦同殘酷,zh-TW
Dứt Điểm Cực Tốc,極速收割,zh-TW
E o Tempo se Enevoou,從此歲月朦朧,zh-TW
"Earthbind, Etherbreak",劍為地紀，刃驚天宗,zh-TW
Earthrend,地坼,zh-TW
Eckpfeiler des Wohlstands,繁榮基石,zh-TW
Eco en las aguas mansas,小調，止水中迴響,zh-TW
Edge of the Void,虛空斷界,zh-TW
Edler Tropfen,親啟佳釀,zh-TW
Effluves de l'aurore,流翠散雲,zh-TW
Ei! Lembra da Hook?,嘿！記得虎克嗎,zh-TW
Ein Leben in tausend Rollen,一人千役,zh-TW
"Ein Versprechen, kein Befehl",是約定不是命令,zh-TW
Ein Wiedersehen wie beim ersten Treffen,一如初見的重逢,zh-TW
Ein geringer Preis für den Sieg,勝利的小小代價,zh-TW
"Einblick, stilles Morgengrauen",洞見，緘默的黎明,zh-TW
Einmaliges Angebot,一錘子買賣,zh-TW
"Einsame Spitze, tausend Küsse",孤鋒千吻,zh-TW
"Einsatz gesetzt, der Abgrund antwortet",拋注，聽深淵迴響,zh-TW
Einschüchternder Schlag,震懾之擊,zh-TW
Einzelangriff,單體攻擊,zh-TW
Eis que a Esperança Ganha Asas!,看！是希望的起始！,zh-TW
Eisbrechendes Licht,穿徹堅冰的烈芒,zh-TW
Eiskalte Schönheit,凍人的瞬間,zh-TW
"Eita, Quase Escapou",啊，漏網之魚,zh-TW
Ejecución sumaria,斬立決,zh-TW
El Demiurgo obtiene inmediatamente 1 turno adicional.,使德謬歌立即獲得1個額外回合。,zh-TW
El conocimiento es poder,知識就是力量,zh-TW
El corazón es la mejor tumba,心……是最好的墳塋,zh-TW
El poder de la belleza,可愛即是正義,zh-TW
El principio del final,終結之始,zh-TW
Elation Skill,歡愉技,zh-TW
Elogio de caricias y cicatrices,輕與傷痕的讚頌,zh-TW
Em Meio à Chuva de Bênçãos,快雨燕相逐,zh-TW
Em Meio às Nuvens Alegres,慶雲光覆儀禱,zh-TW
Embate raudo,迅羽掠襲,zh-TW
Emboldening Salvo,天闕鳴弦,zh-TW
Ementa: Teste Surpresa,課業•突擊檢查,zh-TW
Emporragendes Bollwerk,永屹之壁,zh-TW
Emprendamos la expedición ardiente,共赴灼熱的遠征,zh-TW
Emprisonnement d'âme,生滅繫縛,zh-TW
Emprisonnement gravitationnel,畫地為牢,zh-TW
En attente de la réponse du système...,等待程式回應……,zh-TW
En avant les cadeaux,禮物都去哪裡了,zh-TW
"En avant, Mem !",一起上吧，迷迷！,zh-TW
En mon propre jardin,駐「我」華庭，授予至勳,zh-TW
Enables Demiurge to immediately gain 1 extra turn.,使德謬歌立即獲得1個額外回合。,zh-TW
Encens sacré,肅香,zh-TW
"Endloses Spektakel, Kamera läuft",萬我狂歡，鏡頭不要停,zh-TW
Enduring Bulwark,永屹之壁,zh-TW
Enervação,生機煥發,zh-TW
Engage immédiatement le combat contre les ennemis. Applique le même effet Fardeau que celui de la compétence à un ennemi aléatoire après être entré en combat.,立即攻擊敵人，進入戰鬥後對敵方隨機單體附上等同於戰技效果的【承負】。,zh-TW
Engagement Farming,互動陷阱,zh-TW
Enhance,強化,zh-TW
Enkindle the First Lodestar,點燃第一里航標,zh-TW
Enroque en flanco del rey,易位，兵貴神速,zh-TW
"Ensemble, traçons demain !",明天，一同寫下！,zh-TW
Entaille de mille baisers,孤鋒千吻,zh-TW
Entfache die Flamme der Wegweisung,升起領航的烽火,zh-TW
Entflammen des Herzens,仁火攻心,zh-TW
Entkorkungsgebühr,開瓶費,zh-TW
Entonación de la brisa marina,音浪，為海風定調,zh-TW
Entrée fracassante,即刻！獨奏團,zh-TW
"Entschuldigung! Aus dem Weg, bitte ...!",請……請讓一下！,zh-TW
Entzünde das Leuchtfeuer der ersten Meile,點燃第一里航標,zh-TW
Entzündeter Duft,肅香,zh-TW
Enxurrada de Borboletas,亂蝶,zh-TW
Erblühen! Der Gewinner bekommt alles,百花齊放，勝者獨享！,zh-TW
Erdspaltung,地坼,zh-TW
Erga o Archote que Guia o Caminho,升起領航的烽火,zh-TW
Erhabene Moral,崇高的客體,zh-TW
"Erhebe dich, gepriesener Name",高舉吧，昇華的名諱,zh-TW
"Erhält nach dem Einsatz der Technik „Militärverdienst“. Beim Wechsel der aktiven Figur wird Militärverdienst auf die aktuell aktive Figur übertragen. Setzt zu Beginn des nächsten Kampfes automatisch 1-mal die Fertigkeit auf die Figur mit Militärverdienst ein, ohne Fertigkeitspunkte zu verbrauchen.",使用秘技後獲得【軍功】，切換行動角色時【軍功】轉移至當下行動角色。下一次戰鬥開始時自動對持有【軍功】的角色施放1次戰技，此次戰技不消耗戰技點。,zh-TW
Ermutigende Salve,天闕鳴弦,zh-TW
Erneute Erscheinung,再現,zh-TW
Erneuter Kampfeinsatz,作戰再部署,zh-TW
Ersthilfeplan in der Schneewüste,雪原急救方案,zh-TW
Erstklassige Show,給您來段看家戲,zh-TW
Erweckte Erinnerungen,記憶如往日重現,zh-TW
Erweiterter Horizont,格局放大,zh-TW
"Es magia, le puse algo de magia",是魔法，我加了魔法,zh-TW
"Es una promesa, no una orden",是約定不是命令,zh-TW
Es werde Licht,黎明創世，地闢天開,zh-TW
Escapada Horológica,擒縱機構,zh-TW
Escarcha,低溫妨害,zh-TW
Escarlate: Euforia ou Execução,緋色•不樂即斬,zh-TW
Escrime perce-nuages : Chute de montagne,雲騎劍經•山傾,zh-TW
Escrime perce-nuages : Cri de guerre,雲騎劍經•叩陣,zh-TW
Escrime perce-nuages : Étoile brillante,雲騎劍經•素霓,zh-TW
Espada Fragmentada,支離劍,zh-TW
Espada dominademonios,蕩滌妖邪琉璃劍,zh-TW
Espada fragmentada,支離劍,zh-TW
"Espada rota, arrasa con todo",殘鋒，掠盡,zh-TW
Espadona Enorme Gigante pra Caramba,超超超大劍,zh-TW
Espectáculo de primera,給您來段看家戲,zh-TW
Espectáculo en solitario,獨角戲,zh-TW
"Espejito, espejito",看看好看的,zh-TW
Esperando Resposta do Sistema...,等待程式回應……,zh-TW
Esperando a que el programa responda...,等待程式回應……,zh-TW
"Espere, Você É Tão Linda!",逗留一下吧，你是那樣美！,zh-TW
Espinas del abismo,黑淵的棘刺,zh-TW
Espinho Congelado,霜鋒點寒芒,zh-TW
Espinho de Ferro Veloz,遙擊三尺水,zh-TW
Espinhos do Abismo,黑淵的棘刺,zh-TW
Espiral somatotípica,分型的螺旋,zh-TW
Esporas Esmaga-Crânio,蹄鐵裂顱,zh-TW
Espuelas rompetestas,蹄鐵裂顱,zh-TW
Espuma desbordante,酒花奔湧,zh-TW
Esse é o Meta Supremo,朋友，這才是T0級秘技,zh-TW
Estandarte de mando,在旗幟下,zh-TW
Estandarte: Invoca-Tempestades,令旗•征風召雨,zh-TW
Estandarte: Llamatormentas,令旗•征風召雨,zh-TW
Este jardín otorga la belleza suprema,駐於花庭，賜與盡美,zh-TW
Estela radiante,煥煥辰尾,zh-TW
"Estertor, tintineo del renacer",亡喉怒哮，甦生之頌鈴,zh-TW
Esto sí es meta,朋友，這才是T0級秘技,zh-TW
"Está Bem, Eu Cuido Disso",還是我來吧,zh-TW
Está Olhando o Quê?,看什麼看,zh-TW
Etapa de recompensa: Momento Loba Insigne,獎勵關：「狼尊時刻」,zh-TW
Ethereal Dream,洞天幻化，長夢一覺,zh-TW
Etiqueta al bailar el swing,搖擺的禮儀,zh-TW
Etiqueta da Dança de Swing,搖擺的禮儀,zh-TW
Etiqueta de Champanhe,香檳儀禮,zh-TW
Eu Escolho Você!,就決定是你了！,zh-TW
"Eu Falei ""Euforia"". Quer Que Desenhe?",我說歡愉，你是聾了嗎？,zh-TW
Eu Quero Ajudar,我也想幫上忙,zh-TW
Ever-Burning Amber,熾燃不滅的琥珀,zh-TW
Evolución definitiva,天律大衍，歷劫歸一,zh-TW
Ewig brennender Bernstein,熾燃不滅的琥珀,zh-TW
Execução Sumária,斬立決,zh-TW
Experiência de Sobrevivência na Neve,戶外生存經驗,zh-TW
Explicit Subsidy,明補,zh-TW
Explizite Subvention,明補,zh-TW
Explorer à tes côtés,開拓，與你同行,zh-TW
Explosão,擴散,zh-TW
Explosão Supernova,始擊歲星,zh-TW
Explosão de Sinal: O Grande Bis!,訊號溢出：好戲復刻！,zh-TW
Explosão de Tietagem,Shoot屬性大爆發,zh-TW
Expulsion,逐客令,zh-TW
Expulsión,逐客令,zh-TW
Expulsão,逐客令,zh-TW
Expérience de survie en pleine nature,戶外生存經驗,zh-TW
Extirpación del prana,斬勘神形,zh-TW
"Exultación, ¿estás sorda o qué?",我說歡愉，你是聾了嗎？,zh-TW
Exécution des sables ardents,絕殺，熱砂沸騰,zh-TW
Exécution sommaire,斬立決,zh-TW
"E—Excuse Me, Please!",請……請讓一下！,zh-TW
Faites de la place !,尖叫！火花花連線中,zh-TW
Faites du bruit,此即應援,zh-TW
Fang of Flare Flaying,剔爍之牙,zh-TW
Fanning the Hammer,擊錘連弩,zh-TW
Farewell Hit,再見安打,zh-TW
Fascination façonnée,偶像塑造,zh-TW
Fase Bônus: Instante da Loba-α,獎勵關：「狼尊時刻」,zh-TW
Fate: Divine Vessel,命運•此軀即神,zh-TW
Fausse piste,敘述性詭計,zh-TW
Faust der Überzeugung,一意之拳,zh-TW
"Faz ""Demiurgo"" obter imediatamente uma rodada extra.",使德謬歌立即獲得1個額外回合。,zh-TW
Faíscas Voadoras,火花四濺,zh-TW
Feast in One Go,一氣化三餐,zh-TW
Fechar o Programa,|強制結束程式|,zh-TW
Federschneller Angriff,迅羽掠襲,zh-TW
Federstich im Sturzflug,伸天卑飛，折翅為芒,zh-TW
Feijõezinhos Esquisitões,怪怪怪味豆,zh-TW
Feixe Radiante,煥煥辰尾,zh-TW
Feixe de Partículas Hiperluminal,超頻粒子光束,zh-TW
Felicitous Thunderleap,匏蛟躍淵先雷音,zh-TW
Fertigkeit,戰技,zh-TW
Festa Estranha com Gente Esquisita,萬我狂歡，鏡頭不要停,zh-TW
Festmahl: Anfang ohne Ende,饗宴，自始無終,zh-TW
Festín de una sentada,一氣化三餐,zh-TW
Feu fendeur de glace,穿徹堅冰的烈芒,zh-TW
Feuriger Aufruhr,旺火卻亂,zh-TW
Feux de la lumière,石火流光,zh-TW
Fiança de Aquisição,恣肆吞併的擔保,zh-TW
Fiddle... Fissured Memory,撥弄……記憶綻開裂隙,zh-TW
Fiend: Impeachment of Evil,凶煞•劾壓鬼物,zh-TW
Fiery Caress,冉冉方熾,zh-TW
Fiery Queller,旺火卻亂,zh-TW
Filo del vacío,虛空斷界,zh-TW
Filo fluido,遊刃若水,zh-TW
"Filo templado, alma quebrada",淬鋒，斷魄,zh-TW
Filos cegadores,酷炫的刀花,zh-TW
"Fine, I'll Do It Myself",還是我來吧,zh-TW
"Fineza de um Quarteto, Elegância de um Octeto",四示八權，纖滋精味,zh-TW
Finger am Abzug,擊錘連弩,zh-TW
Finger der Goldenen Rose,金玫之指,zh-TW
Fios de Perfume,一針幽蘭,zh-TW
First Light Heals the World,療癒世間的晨曦,zh-TW
First-Move Advantage,先發優勢,zh-TW
Fissura Terrestre,地坼,zh-TW
Fissura do Machado,鉞貫,zh-TW
Fissura do Machado Celestial,鉞貫天衝,zh-TW
Fissures terrestres,地坼,zh-TW
Fist of Conviction,一意之拳,zh-TW
Five Peas in a Pod,輪中五豆,zh-TW
Fièvre mécanique,機械熱潮登場！,zh-TW
Flagelo de la opulencia,撻楚抽薪,zh-TW
Flammenlanze hinter den gegnerischen Linien,陷陣無回的炎槍,zh-TW
Flaschenkürbis voller Elixier,奔走懸壺濟世長,zh-TW
Flashforge,閃鑠,zh-TW
Flecha Glacial,極寒的弓矢,zh-TW
Flecha helada,極寒的弓矢,zh-TW
Fleeting Fragrance,芬芳一現,zh-TW
Fleetwinged Raid,迅羽掠襲,zh-TW
"Flieg ruhig, der Trailblaze ist an deiner Seite!",放心飛，開拓永相隨！,zh-TW
Fliegende Funken,火花四濺,zh-TW
Fliegende Säge,飛鐃,zh-TW
Fließende Klinge,遊刃若水,zh-TW
Flog: Smite Evil,鞭哨，逐盡惡獸,zh-TW
Flor delicada sobre el agua,搖花緞水，沾衣不摘,zh-TW
"Floraison, l'Élysée de l'au-delà",盛放吧，來世的樂土,zh-TW
"Florece, paraíso del más allá",盛放吧，來世的樂土,zh-TW
Florecimiento de la justicia,公正，此處盛放,zh-TW
"Floreie, Elysium do Além",盛放吧，來世的樂土,zh-TW
Florephemeral Dreamflux,曇華生滅，天河瀉夢,zh-TW
Floresta de Espadas,無間劍樹,zh-TW
Flower Pick,門前清,zh-TW
Fluxonírico Florefêmero,曇華生滅，天河瀉夢,zh-TW
Flying Sparks,火花四濺,zh-TW
Flânerie sous la pluie,徜徉靈澤病恙短,zh-TW
Flächenangriff,群體攻擊,zh-TW
Flèche du froid glacial,極寒的弓矢,zh-TW
Flétrissement des trois sagesses,三途枯榷,zh-TW
Flüchtiger Duft,芬芳一現,zh-TW
Flügelflattern,撲翼白聲,zh-TW
Flüsternder Smaragd,流翠散雲,zh-TW
Fondation : Jugement de la mort stellaire,支柱•死星天裁,zh-TW
"For In This Garden, Supreme Beauty Bestows",駐於花庭，賜與盡美,zh-TW
Force Quit Program,|強制結束程式|,zh-TW
Force et raffinement,四示八權，纖滋精味,zh-TW
Forest of Swords,無間劍樹,zh-TW
Forja Fulgurante,閃鑠,zh-TW
"Forja de uno, olvido de todos",千冶鑄一，萬劫燼滅,zh-TW
Forja fulgurante,閃鑠,zh-TW
Forma de Taixu: Anúncio do Amanhecer,太虛形蘊•燭夜,zh-TW
Forma de Taixu: Heraldo del alba,太虛形蘊•燭夜,zh-TW
Formas de virtud surgidas,生生之德，品物流形,zh-TW
Formation durch Einfallsreichtum,鼎陣妙法，奇正相生,zh-TW
Forme de Taixu : Héraut de l'aube,太虛形蘊•燭夜,zh-TW
Formes de vertu manifestes,生生之德，品物流形,zh-TW
Fornax Ex Corpore,骸骨當爐，血肉即薪,zh-TW
Fortune Follows Where Virtue Spreads,善盈後福，德氣流布,zh-TW
Forêt de lames,無間劍樹,zh-TW
Foudroyés par la félicité,匏蛟躍淵先雷音,zh-TW
Fouet du châtiment,鞭哨，逐盡惡獸,zh-TW
Foundation: Stardeath Verdict,支柱•死星天裁,zh-TW
Foyer océanique,於海的棲息地,zh-TW
Fractais Exilam a Falácia,分形，驅逐虛知,zh-TW
"Fractal, Exiles Fallacy",分形，驅逐虛知,zh-TW
Fractale de fausses connaissances,分形，驅逐虛知,zh-TW
Fractales que expulsan lo falso,分形，驅逐虛知,zh-TW
Fracture du monde,鑿破大荒,zh-TW
Fragancia fugaz,芬芳一現,zh-TW
Fragrance fugace,芬芳一現,zh-TW
"Fraktal, das Irrtum vertreibt",分形，驅逐虛知,zh-TW
Frappe de l'aigle,迅羽掠襲,zh-TW
Frappe intimidante,震懾之擊,zh-TW
Frappe ninja : Résolution profonde,忍切•初志貫徹,zh-TW
Frappe préventive,先發制人,zh-TW
Frappe stellaire,始擊歲星,zh-TW
Frappe tourbillonnante,翻風轉日,zh-TW
Frappe écrasante : Coup d'adieu,全勝•再見安打,zh-TW
Frappe écrasante : Home run final,全勝•安息全壘打,zh-TW
Freezing Beauty,凍人的瞬間,zh-TW
Frenzied Punishment,狂者制裁,zh-TW
Freudiger Kampf mit gefiederten Pfeilen,雀翎鳴鏑，過招有喜,zh-TW
Freundliche Fassade,仁慈的背面,zh-TW
Frigid Cold Arrow,極寒的弓矢,zh-TW
Friss: Abscheuliche Hand,吃吧，可憎的手,zh-TW
From Façade to Vérité,取此真相，棄捨表徵,zh-TW
Frontière du vide,虛空斷界,zh-TW
Frost Shot,冰點射擊,zh-TW
Frost Thorn,霜鋒點寒芒,zh-TW
Frostbeule,低溫妨害,zh-TW
Frostbite,低溫妨害,zh-TW
Frostschuss,冰點射擊,zh-TW
Fulgor Radiante,石火流光,zh-TW
Fulgurant Leap,盤拏耀躍,zh-TW
Full-on Aerial Dance,全屏段的高空踏歌,zh-TW
Fumaça e Esplendor,識煙飛彩,zh-TW
Fundação: Julgamento Estelar,支柱•死星天裁,zh-TW
Funkelnde Ermahnung,閃爍的勸誡,zh-TW
Funkelnder Drahtzieher,幕後花手,zh-TW
Funky Munch Bean,怪怪怪味豆,zh-TW
Fusée des étoiles,一百層的小火箭,zh-TW
Fyrefly Type-IV: Complete Combustion,火螢Ⅳ型-完全燃燒,zh-TW
Fyrefly Type-IV: Deathstar Overload,火螢Ⅳ型-死星超載,zh-TW
Fyrefly Type-IV: Pyrogenic Decimation,火螢Ⅳ型-底火斬擊,zh-TW
Fähigkeit des Hochgefühls,歡愉技,zh-TW
Félicité méritée,有道祥見，銜書搖風,zh-TW
"Fünf Bohnen, eine Schote",輪中五豆,zh-TW
Gai Vực Sâu,黑淵的棘刺,zh-TW
Galespin Summersault,翻風轉日,zh-TW
Galvanic Chords,燃情和弦,zh-TW
Galvanische Bänder,燃情和弦,zh-TW
Game Solitaire,獨弈之樂,zh-TW
Garantie der Annexion,恣肆吞併的擔保,zh-TW
Garantía de adquisición,恣肆吞併的擔保,zh-TW
Garra para enseñar modales,利爪，授以禮儀,zh-TW
"Garra ósea, abrazo del dragón lóbrego",骸爪，冥龍之環擁,zh-TW
Garraespectral do Dragão da Perdição,骸爪，冥龍之環擁,zh-TW
Garras: Incutir Decoro,利爪，授以禮儀,zh-TW
Gastfreundliche Dolosianer,熱情好客的多洛斯人,zh-TW
Gebet der Abgrundblume,白花的祈望,zh-TW
Gefährtenprotokoll: Annihilation,同行協議：殲破,zh-TW
Gefährtenprotokoll: Richterspruch,同行協議：裁決,zh-TW
Gefängnis der unterwerfenden Lanze,折戟臣服的監牢,zh-TW
"Gehärtete Klinge, gespaltene Seele",淬鋒，斷魄,zh-TW
Geisterbeschwörung,攝召威靈,zh-TW
Geistige Geburtshilfe,精神催生法,zh-TW
Geladura,低溫妨害,zh-TW
Gelobt sei die Sanftheit und die Narbe,輕與傷痕的讚頌,zh-TW
Gemeinsam zur brennenden Expedition,共赴灼熱的遠征,zh-TW
"Gentil, Mas Cruel",溫柔亦同殘酷,zh-TW
Gentle Breeze,惠風和暢,zh-TW
Gentle but Cruel,溫柔亦同殘酷,zh-TW
Genèse de l'émergence de la vie,生息破土，世界塑造,zh-TW
Gerader Haken,直衝拳,zh-TW
Gerechtigkeit erblüht hier,公正，此處盛放,zh-TW
Gesalzenes Dosenfutter,鹽漬野營罐頭,zh-TW
Geschenk der Wiedergeburt,新生之禮,zh-TW
Geschmolzene Explosion,熔核爆裂,zh-TW
Gespaltene Spirale,分型的螺旋,zh-TW
Gespaltene Sterne,披星百裂,zh-TW
Gespaltener Zenit,紫霄震曜,zh-TW
Gestiefelte Katze,穿靴子的貓,zh-TW
Gewährt dem Demiurgen sofort eine zusätzliche Runde.,使德謬歌立即獲得1個額外回合。,zh-TW
Giao Ước Đồng Hành: Diệt Phá,同行協議：殲破,zh-TW
Giao Ước Đồng Hành: Phán Quyết,同行協議：裁決,zh-TW
Gift of Rebirth,新生之禮,zh-TW
Giga épée qui tue,超超超大劍,zh-TW
Girl Power,少女的特權,zh-TW
Giáng Đòn Phủ Đầu,先發制人,zh-TW
Giương Cao Ngọn Lửa Dẫn Đường,升起領航的烽火,zh-TW
Giải Trừ Giam Cầm,禁錮解除,zh-TW
Giấc Mơ Bồng Lai,洞天幻化，長夢一覺,zh-TW
"Giấc Mộng Tàn Khuyết, Một Chém Đoạn Tuyệt",殘夢盡染，一刀繚斷,zh-TW
Giữa Mùa Hạ Là Nhạc Công Của Linh Hồn,盛夏是靈魂的樂手,zh-TW
Glacial Cascade,冰刻箭雨之時,zh-TW
Glanz des Inneren,古鏡照神,zh-TW
"Glaub mir, das ist total Meta",朋友，這才是T0級秘技,zh-TW
Gleaming Admonition,閃爍的勸誡,zh-TW
Gleißendes Licht,石火流光,zh-TW
Gletscherfluss im Mondenschein,寒川映月,zh-TW
Gletscherkaskade,冰刻箭雨之時,zh-TW
Glimmender Glanz,閃鑠,zh-TW
Glissade ninja : Boing Boing,忍步•血義理,zh-TW
Glistening Light,石火流光,zh-TW
Gnade eines Narren,愚者的悲憫,zh-TW
Gnade ist nicht Vergebung,寬恕無關慈悲,zh-TW
Gnadenstoß,制勝一擊,zh-TW
God Mode: ON!,無敵玩家，啟動！,zh-TW
God-Mode: Aktiviert!,無敵玩家，啟動！,zh-TW
Godslayer Be God,弒神登神,zh-TW
Golpe Intimidador,震懾之擊,zh-TW
Golpe Ninja: Firmeza Enraizada,忍切•初志貫徹,zh-TW
Golpe das Areias Ferventes,絕殺，熱砂沸騰,zh-TW
Golpe de Despedida,再見安打,zh-TW
Golpe de Misericórdia,制勝一擊,zh-TW
Golpe de despedida,再見安打,zh-TW
Golpe de gracia,制勝一擊,zh-TW
Golpe sobrecogedor,震懾之擊,zh-TW
"Good Night, Belobog",晚安，貝洛伯格,zh-TW
Gorjeo del ocaso,悲劇盡頭的顫音,zh-TW
Gottesmörder sei Gott,弒神登神,zh-TW
Gourde d'élixir,奔走懸壺濟世長,zh-TW
Gourdful of Elixir,奔走懸壺濟世長,zh-TW
Gran ovación,劈頭滿堂彩,zh-TW
"Grand Slam, Crest That High Tide",勝局，凌越颶浪之上,zh-TW
Grand roque,易位，兵貴神速,zh-TW
Gravitational Imprisonment,畫地為牢,zh-TW
Gravitationsgefängnis,畫地為牢,zh-TW
Gravity Suppression,重力壓制,zh-TW
Greift den Gegner an und reduziert nach Kampfeintritt den WDS des Ziels gegen den entsprechenden Typ.,攻擊敵人，進入戰鬥後削弱敵方目標對應屬性韌性。,zh-TW
Greift den Gegner unmittelbar an. Belegt nach Kampfeintritt einen zufälligen Gegner entsprechend der Fertigkeit mit Aufbürden.,立即攻擊敵人，進入戰鬥後對敵方隨機單體附上等同於戰技效果的【承負】。,zh-TW
"Griffes sorties, la bienséance est sauve",利爪，授以禮儀,zh-TW
Grito da Perdição do Sino do Alvorecer,亡喉怒哮，甦生之頌鈴,zh-TW
Groll: Vergeltung verübt,宿怨，切齒奉還,zh-TW
Grollender Donner,雷鳴音階,zh-TW
Guess Who Lives Here,猜猜這裡住了誰,zh-TW
"Gute Nacht, Belobog",晚安，貝洛伯格,zh-TW
"Gute Nacht, schlaflose Welt",晚安——全世界無眠,zh-TW
Göttliche Geißelung,天罰貫身,zh-TW
Gột Rửa Thế Gian,蒼龍傲睨，劫水濯世,zh-TW
G—Gonna Be Late!,要……要遲到了！,zh-TW
Ha ! De l'huile sur le feu !,哈！火上加油,zh-TW
Ha! Oil to the Flames!,哈！火上加油,zh-TW
Ha! Thêm Dầu Vào Lửa,哈！火上加油,zh-TW
Ha! Óleo nas Chamas!,哈！火上加油,zh-TW
Ha! Öl ins Feuer!,哈！火上加油,zh-TW
Habilidad básica,戰技,zh-TW
Habilidad de Exultación,歡愉技,zh-TW
Habilidad de apoyo,助戰技,zh-TW
Habilidad definitiva,終結技,zh-TW
Habitat des Meeres,於海的棲息地,zh-TW
Hachazo hendedor,鉞貫,zh-TW
Hache de guerre,鉞貫,zh-TW
Hache de guerre céleste,鉞貫天衝,zh-TW
Haiz! Xem Mớ Bòng Bong Này!,唉！瞧這一團糟,zh-TW
Halftime to Make It Rain,中場饋贈的雨,zh-TW
Hand Them Over,拿來給我,zh-TW
Hard carry,有我在，把把都是順風局,zh-TW
Harmonische Ode,調性合頌,zh-TW
Hast du es verstanden?,開竅了嗎,zh-TW
Haz espectral,光譜射線,zh-TW
He Who Bears the World Must Burn,永劫燔世，其將背負,zh-TW
"He, das ist Schwindelei",嘿，空手套白銀,zh-TW
Hear Me Out,我有一個大膽的想法,zh-TW
Heart Afire,仁火攻心,zh-TW
Hearts Gather as One,眾願啊，匯流如歌,zh-TW
Heaven-Quelling Prismadrakon,掣空如虹,zh-TW
Heavenly Flare,天墜之火,zh-TW
Hehe! Don't Get Burned!,喂！小心火燭,zh-TW
Hehe! Não Vai se Queimar!,喂！小心火燭,zh-TW
Heldin mit Pfeil und Bogen,流鏑,zh-TW
Hell und klar,炤炤徹曠,zh-TW
Heller Blitz,電光石火間,zh-TW
Helles Leuchten,你最閃亮,zh-TW
Hellscape,地獄變,zh-TW
Hemmungsvorrichtung,擒縱機構,zh-TW
Her damit,拿來給我,zh-TW
"Her mit Wahrheit, weg mit Fassade",取此真相，棄捨表徵,zh-TW
Here Comes the Mechanical Fever,機械熱潮登場！,zh-TW
Heroína de mil caras,一人千役,zh-TW
Herzliche Begrüßung,迎面開門紅,zh-TW
Hexagram of Feathered Fortune,霓裳鐵羽，六爻皆吉,zh-TW
Hexagrama da Fortuna Emplumada,霓裳鐵羽，六爻皆吉,zh-TW
Hexagramm des gefiederten Glücks,霓裳鐵羽，六爻皆吉,zh-TW
Hey! Còn Nhớ Hook Không?,嘿！記得虎克嗎,zh-TW
Hey! Erinnerst du dich an Hook?,嘿！記得虎克嗎,zh-TW
Hey! Remember Hook?,嘿！記得虎克嗎,zh-TW
Hey! Verbrenn dich nicht!,喂！小心火燭,zh-TW
"Hey, Jackpot for the Taking",嘿，空手套白銀,zh-TW
"Hey, Tay Không Bắt Bạc",嘿，空手套白銀,zh-TW
"Hey, ¿te acuerdas de Hook?",嘿！記得虎克嗎,zh-TW
Hier ist meine Unterstützung,此即應援,zh-TW
Hier kommt das mechanische Fieber,機械熱潮登場！,zh-TW
Himmelsbrecher-Faust,直衝碎天拳,zh-TW
Himmlische Jade,帝垣瓊玉,zh-TW
Himmlische Verkündung der Klinge,劍為地紀，刃驚天宗,zh-TW
Himmlischer Speer,天矢陰,zh-TW
Himmlisches Leuchtsignal,天墜之火,zh-TW
Histoire bancale,不可靠敘事者,zh-TW
Hiệu Lệnh Của Đấng Bảo Vệ,守護者召令,zh-TW
Hoa Rơi - Người Đi Còn Lại Ký Ức,落英•散者皆憶,zh-TW
Hoa Rơi Chạm Nước Vương Vạt Áo,搖花緞水，沾衣不摘,zh-TW
Hoa Rượu Tuôn Trào,酒花奔湧,zh-TW
"Hochsommer, der Musiker der Seele",盛夏是靈魂的樂手,zh-TW
Hoja envainada,歸刃,zh-TW
"Hojas otoñales, vacío colosal",紅葉時雨，萬傾一空,zh-TW
Home Run Fatal,安息全壘打,zh-TW
Home run final,安息全壘打,zh-TW
Honkai Impact,崩壞級傷害演示,zh-TW
Honkai-DMG Demo,崩壞級傷害演示,zh-TW
Hopfenschwall,酒花奔湧,zh-TW
Hora del champán,香檳儀禮,zh-TW
Horological Escapement,擒縱機構,zh-TW
Hospitalidad de Doros,熱情好客的多洛斯人,zh-TW
Hoàng Tuyền Vượt Kiếp,黃泉返渡,zh-TW
"Huch, der ging durchs Netz",啊，漏網之魚,zh-TW
"Huesos como fragua, carne como leña",骸骨當爐，血肉即薪,zh-TW
Huevobomba,爆爆爆炸蛋,zh-TW
Humo y esplendor,識煙飛彩,zh-TW
Hun Đúc Thần Tượng,偶像塑造,zh-TW
Hundert kleine Raketen,一百層的小火箭,zh-TW
Hundred Rockets,一百層的小火箭,zh-TW
Hung Sát - Trấn Áp Yêu Tà,凶煞•劾壓鬼物,zh-TW
Hurlthorn,飛鐃,zh-TW
Hyperluminal Particle Beam,超頻粒子光束,zh-TW
Hypnoseforschung,催眠研習,zh-TW
Hypnosis Research,催眠研習,zh-TW
Hài Độc Thoại,獨角戲,zh-TW
Hành Quyết,斬立決,zh-TW
Hành Y Giúp Đời,奔走懸壺濟世長,zh-TW
Hábitat oceánico,於海的棲息地,zh-TW
Hé ! Tu te souviens de moi ?,嘿！記得虎克嗎,zh-TW
"Hé l'Allégresse, t'es bouchée ?",我說歡愉，你是聾了嗎？,zh-TW
"Héhé ! Attention, ça brûle !",喂！小心火燭,zh-TW
Hélice Somatotípica,分型的螺旋,zh-TW
Hò Hét! Sparxicle Đang Kết Nối,尖叫！火花花連線中,zh-TW
Hóa Thân Bão Tố,嵐身,zh-TW
Höllenqual,地獄變,zh-TW
Húndete... en la tumba de cenizas,沉溺……飛灰邀入墓床,zh-TW
Hương Thơm Bay Xa,芬芳一現,zh-TW
Hướng Tới Tình Yêu Và Ngày Mai ♪,向著愛與明天♪,zh-TW
Hỏa Tiễn Một Trăm Tầng,一百層的小火箭,zh-TW
Hồi Phục,回復,zh-TW
Hổ Phách Lửa Bất Diệt,熾燃不滅的琥珀,zh-TW
Hỗ Trợ,輔助,zh-TW
Hội Ngộ Như Lần Đầu Gặp Gỡ,一如初見的重逢,zh-TW
Hợp Âm Cháy Bỏng,燃情和弦,zh-TW
Hủy,取消,zh-TW
Hủy cường hóa.,取消強化。,zh-TW
"I Carry, We Win",有我在，把把都是順風局,zh-TW
I Choose You!,就決定是你了！,zh-TW
"I Said ""Elation,"" Did I Stutter?",我說歡愉，你是聾了嗎？,zh-TW
I Want to Help,我也想幫上忙,zh-TW
Ice Crampon Technique,冰攀前齒技術,zh-TW
Ice-Breaking Light,穿徹堅冰的烈芒,zh-TW
Ich arbeite mit Magie,是魔法，我加了魔法,zh-TW
Ich bin spät dran!,要……要遲到了！,zh-TW
"Ich denke, also bin ich",我思故我在,zh-TW
"Ich habe doch gesagt, es ist Magie",早就說了是魔法吧,zh-TW
Ich habe eine gewagte Idee,我有一個大膽的想法,zh-TW
"Ich sagte Hochgefühl, bist du taub?",我說歡愉，你是聾了嗎？,zh-TW
Ich will helfen,我也想幫上忙,zh-TW
If You're Happy and You Know It,開心你就拍拍手,zh-TW
Ih! Deu Defeito?,啞火了嗎,zh-TW
Il y a de la marge de progression,可以改良一下,zh-TW
Illusion fantôme,幻身,zh-TW
Ilusión fantasmal,幻身,zh-TW
Ilusão Factícia,幻身,zh-TW
Ilusão Fantasmagórica,幻身,zh-TW
"Im Lặng, Cái Chạm Khẽ Khàng Của Bướm Ma",緘默，幽蝶之輕撫,zh-TW
Im Regen spazieren,徜徉靈澤病恙短,zh-TW
Imersão na Rapsódia Azul,躍入這片蔚藍狂想,zh-TW
"Immediately attacks the enemy. After entering battle, applies Burden equivalent to that applied by the Skill to a random enemy.",立即攻擊敵人，進入戰鬥後對敵方隨機單體附上等同於戰技效果的【承負】。,zh-TW
Immersion d'une rhapsodie bleue,躍入這片蔚藍狂想,zh-TW
Immortal Third Strike,不死三振,zh-TW
Impair,妨害,zh-TW
Impulsion d'annihilation orbitale,軌道殲滅脈衝,zh-TW
Incapacitation,妨害,zh-TW
Incapacitação,妨害,zh-TW
Incenso de Votos,肅香,zh-TW
Incienso votivo,肅香,zh-TW
Incomplete Combustion,不完全燃燒,zh-TW
Inervación,生機煥發,zh-TW
Influjo tetravalente,四相斷我,zh-TW
Iniciadora,先發制人,zh-TW
Iniquity Obliteration,攝伏諸惡,zh-TW
Initiative,先發優勢,zh-TW
Inmersión en la fantasía azul,躍入這片蔚藍狂想,zh-TW
Innervation,生機煥發,zh-TW
Instrumento ninja: Estrella matademonios,忍具•降魔花弁,zh-TW
Integridad afortunada,善盈後福，德氣流布,zh-TW
Intellectual Midwifery,精神催生法,zh-TW
Interaktive Falle,互動陷阱,zh-TW
Intuitiver Einsatz,直觀投注,zh-TW
"Invadir, Fugir",鋒入幽渺，影出凌厲,zh-TW
Invasão Alada Veloz,迅羽掠襲,zh-TW
Investigación sobre hipnosis,催眠研習,zh-TW
Invocación,召喚,zh-TW
Invocación del espíritu,攝召威靈,zh-TW
Invocar,召喚,zh-TW
Invocation,召喚,zh-TW
Invocation d'esprit,攝召威靈,zh-TW
Invocação de Spiritus,攝召威靈,zh-TW
Ira y dolor,至痛至怒,zh-TW
It Can Still Be Optimized,可以改良一下,zh-TW
"It's Magic, I Added Some Magic",是魔法，我加了魔法,zh-TW
"J'ai compris, Maître !",師父，我悟了！,zh-TW
Jade Celestial,帝垣瓊玉,zh-TW
Jade celestial,帝垣瓊玉,zh-TW
Jade céleste,帝垣瓊玉,zh-TW
Jagd nach dem Wind,雲鳶逐風,zh-TW
Jaula da Lança Estilhaçada,折戟臣服的監牢,zh-TW
Je m'en charge !,包在我身上！,zh-TW
Je t'aurai un jour,啊，漏網之魚,zh-TW
Je t'avais bien dit que c'était de la magie,早就說了是魔法吧,zh-TW
Je te choisis !,就決定是你了！,zh-TW
Je veux aider,我也想幫上忙,zh-TW
Jetzt geht’s richtig los!,燃燒起來了！,zh-TW
Jetzt! Solo-Truppe!,即刻！獨奏團,zh-TW
Jogo de Paciência,獨弈之樂,zh-TW
Jouvence : Sérénité éternelle,青春•韶華無限,zh-TW
Jugement de l'au-delà,判冥,zh-TW
Jugend: Unendliche Pracht,青春•韶華無限,zh-TW
Jugueteo... con recuerdos desgarrados,撥弄……記憶綻開裂隙,zh-TW
Juicio del inframundo,判冥,zh-TW
Julgamento do Submundo,判冥,zh-TW
Juramento de andanza resoluta,踏破征途的誓言,zh-TW
Juramento de lo profundo,墮此欲淵，立此獄契,zh-TW
"Justice, Hereby Blooms",公正，此處盛放,zh-TW
"Justiça, Aqui Floresce",公正，此處盛放,zh-TW
Juventud: primavera eterna,青春•韶華無限,zh-TW
Juventude: Tranquilidade Eterna,青春•韶華無限,zh-TW
J—Je vais être en retard !,要……要遲到了！,zh-TW
Kaboom Eggsplosion,爆爆爆炸蛋,zh-TW
"Kaltes Licht, kalte Klinge",霜鋒點寒芒,zh-TW
Kameradschaft,有情之證,zh-TW
Karma Wind,業途風,zh-TW
Karmawind,業途風,zh-TW
Karmic Perpetuation,十王聖斷，業報恆常,zh-TW
Karmischer Kreislauf,十王聖斷，業報恆常,zh-TW
Kettensprenger,禁錮解除,zh-TW
"Khai Phá, Đồng Hành Cùng Bạn",開拓，與你同行,zh-TW
Khi Gió Nhẹ Hôn Mây Trời,當微風輕吻雲沫,zh-TW
Khiến Demiurge lập tức nhận 1 hiệp tăng thêm.,使德謬歌立即獲得1個額外回合。,zh-TW
Kho Báu Của Đấng Kiến Tạo,築城者遺寶,zh-TW
Khoảnh Khắc Ngắn Ngủi,石火流光,zh-TW
Khoảnh Khắc Đóng Băng,凍人的瞬間,zh-TW
Khu Vườn Ban Tặng Cái Đẹp,駐於花庭，賜與盡美,zh-TW
Khung Cửi Vận Mệnh Khó Lường,無端命運的機杼,zh-TW
Khuếch Tán,擴散,zh-TW
Khách Thể Cao Thượng,崇高的客體,zh-TW
Khán Giả Nuôi Nghệ Sĩ,古來君子養藝人,zh-TW
"Kháng Long Vô Hối, Di Sơn Tịch Thế",亢龍無悔，移山辟世,zh-TW
Khó Thanh Toán?,支付困難？,zh-TW
"Khói Sương Nghiêng Ngả, Khí Trời Hóa Sinh",煙斜霧橫，氛氳化生,zh-TW
Khói Sương Óng Ánh,識煙飛彩,zh-TW
Khúc Dạo Đầu Say Men,酣醉序曲,zh-TW
Khúc Hát Ngân Nga Của Đôi Cánh,翎之詠嘆調,zh-TW
Khúc Quân Hành Belobog,貝洛伯格進行曲,zh-TW
Khơi Dậy Sóng Gió Làn Nước Tĩnh,於靜水掀起風浪,zh-TW
Khổ Tận Cam Lai,乾清坤夷，否極泰來,zh-TW
Khởi Đầu Của Kết Thúc,終結之始,zh-TW
"Kill Shot, the Sands Boil",絕殺，熱砂沸騰,zh-TW
King's Castling,易位，兵貴神速,zh-TW
Kingslayer Be King,弒王成王,zh-TW
Kinh Nghiệm Sinh Tồn,戶外生存經驗,zh-TW
Kiếm Ca - Thần Quỷ Không Tha,劍歌•神鬼無赦,zh-TW
"Kiếm Gãy, Càn Quét",殘鋒，掠盡,zh-TW
Kiếm Thuật Vân Kỵ - Chấn Động,雲騎劍經•叩陣,zh-TW
Kiếm Thuật Vân Kỵ - Mây Thuần,雲騎劍經•素霓,zh-TW
Kiếm Thuật Vân Kỵ - Núi Đổ,雲騎劍經•山傾,zh-TW
"Kiếm Vi Địa Kỷ, Nhẫn Kinh Thiên Tông",劍為地紀，刃驚天宗,zh-TW
Kiếm Vỡ Nát,支離劍,zh-TW
"Klage, Welle im Todesmeer",哀悼，死海之漣漪,zh-TW
"Klagegeschrei, Vorbote des Todes",悲鳴，賜死之先聲,zh-TW
Klangwellen stimmen die Meeresbrise,音浪，為海風定調,zh-TW
"Klatsche, wenn du glücklich bist",開心你就拍拍手,zh-TW
Klauen: Lehrer der Etikette,利爪，授以禮儀,zh-TW
Klick-Monetarisierung,流量變現,zh-TW
"Knochen als Ofen, Fleisch als Brennstoff",骸骨當爐，血肉即薪,zh-TW
"Knochenklaue, Umarmung des Düsterdrachen",骸爪，冥龍之環擁,zh-TW
"Known by Stars, Shown by Hearts",太微行棋，靈台示影,zh-TW
Kokon-Pyronexus,繭式源火中樞,zh-TW
Komisch-Knabberbohne,怪怪怪味豆,zh-TW
Kristallschwert der Geisteraustreibung,蕩滌妖邪琉璃劍,zh-TW
Krönung des Bauern,升變，士皆可帥,zh-TW
Kurzschluss-Exekution,斬立決,zh-TW
Königsmörder sei König,弒王成王,zh-TW
Körper aus Feuer,此身為炬,zh-TW
Körper des Beichters,傾訴之肉身,zh-TW
Ký Ức Như Quá Khứ Tái Hiện,記憶如往日重現,zh-TW
Kẻ Kể Chuyện Không Đáng Tin,不可靠敘事者,zh-TW
Kết Cấu Dẫn Truyền,擒縱機構,zh-TW
Kỷ Luật - Thước Đo Phán Quyết,風紀•尺出繚判,zh-TW
Kỹ Nghệ Xiếc Đỉnh Cao,耍耍把式賣賣藝,zh-TW
Kỹ Năng Trợ Chiến,助戰技,zh-TW
Kỹ Năng Vui Vẻ,歡愉技,zh-TW
Kỹ Thuật Trèo Băng,冰攀前齒技術,zh-TW
L'Hospitalité à la dolosienne,熱情好客的多洛斯人,zh-TW
L'aube guérit le monde,療癒世間的晨曦,zh-TW
L'espoir renaît !,看！是希望的起始！,zh-TW
La atareada Tribbie,好忙好忙的緹寶,zh-TW
La chance a tourné !,還是我來吧,zh-TW
La chispa maestra,幕後花手,zh-TW
La clemencia no es perdón,寬恕無關慈悲,zh-TW
La gata con botas,穿靴子的貓,zh-TW
"La magie, c'est exquis",是魔法，我加了魔法,zh-TW
La marche de Belobog,貝洛伯格進行曲,zh-TW
La mèche n'a pas pris ?,啞火了嗎,zh-TW
La noche me acompaña,今夜與我同行,zh-TW
La nuit et moi,今夜與我同行,zh-TW
La pitié n'est pas un pardon,寬恕無關慈悲,zh-TW
"La que sabe, sabe",格局放大,zh-TW
La seule et unique lame,御劍真訣,zh-TW
La tormenta suena agitada,風暴甚是喧囂,zh-TW
La vie est belle sous le soleil !,天氣正好，萬物可愛！,zh-TW
Lacerating Fist,裂傷拳,zh-TW
Ladehemmung?,啞火了嗎,zh-TW
Lame d'éclat,支離劍,zh-TW
Lame dansante,遊刃若水,zh-TW
Lame de choc,飛鋏震赫,zh-TW
Lame de pluie,啼澤雨斬,zh-TW
Lame rengainée,歸刃,zh-TW
"Lame trempée, âme damnée",淬鋒，斷魄,zh-TW
Lame tueuse de démons,蕩滌妖邪琉璃劍,zh-TW
"Lament, Nethersea's Ripple",哀悼，死海之漣漪,zh-TW
"Lamento, o Arauto da Morte",悲鳴，賜死之先聲,zh-TW
"Lamentos, olas del mar muerto",哀悼，死海之漣漪,zh-TW
Lames éblouissantes,酷炫的刀花,zh-TW
Lamo... las llamas de la traición,舔舐……背叛伸出火舌,zh-TW
Lampejo Milagroso,靈光一現,zh-TW
Lance de guerre enflammée,陷陣無回的炎槍,zh-TW
Lance divine,天矢陰,zh-TW
Lance perce-nuages : Torrent,雲騎槍術•疾雨,zh-TW
Lance perce-nuages : Vent du nord,雲騎槍術•朔風,zh-TW
Lancer d'épices,燔燎急襲,zh-TW
Lanza del Nimbocaballero: Torrente,雲騎槍術•疾雨,zh-TW
Lanza del Nimbocaballero: Viento del norte,雲騎槍術•朔風,zh-TW
Lanza divina,天矢陰,zh-TW
Lanza llameante tras las líneas enemigas,陷陣無回的炎槍,zh-TW
Lanza perforadora,破敵鋒芒,zh-TW
Lanzaflechas,流鏑,zh-TW
Lança Divina,天矢陰,zh-TW
Lança das Chamas da Guerra,陷陣無回的炎槍,zh-TW
Las cuerdas cantan con giros suaves,慢撚抹復挑,zh-TW
Lash of Riches,撻楚抽薪,zh-TW
Lass dein Glück im Feuerwerk aufgehen,贈君一卦，火樹銀花,zh-TW
Lass den Sturm toben,風暴甚是喧囂,zh-TW
Latas de Acampamento Salgadas,鹽漬野營罐頭,zh-TW
Latas de acampada,鹽漬野營罐頭,zh-TW
Latigazo para subyugar el mal,鞭哨，逐盡惡獸,zh-TW
Le début de la fin,終結之始,zh-TW
Le prix de la victoire,勝利的小小代價,zh-TW
Leading the Way,先人一步,zh-TW
Leave It to Me!,包在我身上！,zh-TW
Leave It to me!,包在我身上！,zh-TW
Leave it to me!,包在我身上！,zh-TW
"Leben, das sprießend die Welt formt",生息破土，世界塑造,zh-TW
Leckend ... streckt der Verrat seine Feuerzunge aus,舔舐……背叛伸出火舌,zh-TW
Leise schwindet der Tag dahin,白晝悄然離去,zh-TW
Les Pionniers à jamais !,放心飛，開拓永相隨！,zh-TW
Les cœurs s'unissent,眾願啊，匯流如歌,zh-TW
Let There Be Light,黎明創世，地闢天開,zh-TW
Let Thy Fortune Burst in Flames,贈君一卦，火樹銀花,zh-TW
Let it Rain Cold On Thee,願有冷雨落下,zh-TW
Let the Storm Rage On,風暴甚是喧囂,zh-TW
Letzten Stein eingeholt,海底撈月,zh-TW
Levantando olas en aguas calmas,於靜水掀起風浪,zh-TW
Libre de ataduras,龍力自在,zh-TW
Libération en marche,逐火救世，行則將至,zh-TW
Lichtbringer,吾身光明,zh-TW
Lick... Enkindled Betrayal,舔舐……背叛伸出火舌,zh-TW
Liderança,先人一步,zh-TW
Liderazgo,先人一步,zh-TW
Liebe im Regenbogenlicht,愛在虹光灑落時,zh-TW
"Lieben, heilen und wählen",愛，救護與抉擇,zh-TW
Liedchen im stillen Wasser,小調，止水中迴響,zh-TW
Lightbringer,吾身光明,zh-TW
Lightning Flash,電光石火間,zh-TW
Lightning Rush,如雷疾行,zh-TW
Linh Phù - Hộ Thân,靈符•保命護身,zh-TW
Linh Đài Thị Ảnh,太微行棋，靈台示影,zh-TW
Liếm Láp... Chiếc Lưỡi Phản Bội Rực Lửa,舔舐……背叛伸出火舌,zh-TW
Llamada de la salvación,逐火救世，行則將至,zh-TW
Llamada del guardián,守護者召令,zh-TW
Llamas celestiales,天墜之火,zh-TW
Llamas extintoras,旺火卻亂,zh-TW
Lluvia glacial,冰刻箭雨之時,zh-TW
"Lo, Hope Takes Flight!",看！是希望的起始！,zh-TW
Lodernder Angriff,燔燎急襲,zh-TW
Long Lực Tự Tại,龍力自在,zh-TW
Long Thần Phá Hư Không,掣空如虹,zh-TW
Loom of Fate's Caprice,無端命運的機杼,zh-TW
Lord Roulette,輪盤勳爵,zh-TW
Loto benéfico,澤芝,zh-TW
Lotus bénéfique,澤芝,zh-TW
Love Over the Rainbow,愛在虹光灑落時,zh-TW
"Love, Heal, and Choose",愛，救護與抉擇,zh-TW
Loạn Điệp,亂蝶,zh-TW
Lua sobre o Rio Glacial,寒川映月,zh-TW
Luar Carinhoso,月光摩挲連綿,zh-TW
Lucent Moonglow,流影方暉,zh-TW
Luciérnaga tipo IV: Combustión completa,火螢Ⅳ型-完全燃燒,zh-TW
Luciérnaga tipo IV: Corte pirotécnico,火螢Ⅳ型-底火斬擊,zh-TW
Luciérnaga tipo IV: Sobrecarga de estrella moribunda,火螢Ⅳ型-死星超載,zh-TW
Lucrar!,轉虧為盈！,zh-TW
Lueur sélénite,流影方暉,zh-TW
Lumière absolue du dragon,亢龍無悔，移山辟世,zh-TW
Luna acariciadora,月光摩挲連綿,zh-TW
Luta Embriagante,鏖戰正酣,zh-TW
Luto nas Ondulações do Mar Morto,哀悼，死海之漣漪,zh-TW
Luz Quebra-Gelo,穿徹堅冰的烈芒,zh-TW
"Luz fría, filo helado",霜鋒點寒芒,zh-TW
Luz reluciente,石火流光,zh-TW
Luz rompehielos,穿徹堅冰的烈芒,zh-TW
"Là Hẹn Ước, Không Phải Mệnh Lệnh",是約定不是命令,zh-TW
"Là Phép Thuật, Tôi Đã Thêm Vào Phép Thuật",是魔法，我加了魔法,zh-TW
Làn Gió Êm Dịu,惠風和暢,zh-TW
Lá Chắn Ma Trận,歲記否泰，固守四郭,zh-TW
Lágrimas Vermelhas do Sonho Retalhado,殘夢盡染，一刀繚斷,zh-TW
Lâmina Dançante,遊刃若水,zh-TW
Lâmina Embainhada,歸刃,zh-TW
Lâmina Pluvial,啼澤雨斬,zh-TW
Lâminas Ofuscantes,酷炫的刀花,zh-TW
Lão Đuôi - Chế Ngự Tâm Linh,尾巴•遣神役鬼,zh-TW
Lärmende Laternenparade,喧囂的舞燈巡遊,zh-TW
Lèche... les flammes de la trahison,舔舐……背叛伸出火舌,zh-TW
"Lên Nào, Danh Tiếng Thăng Hoa",高舉吧，昇華的名諱,zh-TW
Língua Ígnea da Traição,舔舐……背叛伸出火舌,zh-TW
Lòng Trắc Ẩn Của Kẻ Ngốc,愚者的悲憫,zh-TW
Lótus Beneficente,澤芝,zh-TW
Lăng Kính Của Mắt,瞳扉之彩,zh-TW
Lưu Ly Kiếm Thanh Tẩy Yêu Tà,蕩滌妖邪琉璃劍,zh-TW
Lưu Thúy Tản Vân,流翠散雲,zh-TW
Lưỡi Chém Mưa,啼澤雨斬,zh-TW
Lưỡi Kiếm Như Nước,遊刃若水,zh-TW
Lưỡi Kiếm Trở Về,歸刃,zh-TW
Lưỡi Trăng Chuyển Hồn,澹月轉魄,zh-TW
Lưỡi Đao Lóe Sáng,酷炫的刀花,zh-TW
Lịch Kiếp Quy Nhất,天律大衍，歷劫歸一,zh-TW
Lồng Giam Giáo Gãy Thần Phục,折戟臣服的監牢,zh-TW
Lỗ Đen Mô Phỏng,擬似黑洞,zh-TW
Lời Ca Tụng Sự Vuốt Ve Và Vết Sẹo,輕與傷痕的讚頌,zh-TW
Lời Cầu Chúc Astral,星空祝言,zh-TW
Lời Cầu Nguyện Của Hoa Trắng,白花的祈望,zh-TW
Lời Khuyên Can Lấp Lánh,閃爍的勸誡,zh-TW
Lời Thề Dẫm Nát Hành Trình,踏破征途的誓言,zh-TW
Lửa Lớn Hỗn Loạn,旺火卻亂,zh-TW
Lửa Thiên Giáng Trần,天墜之火,zh-TW
Lửa Thiêu Âm Ỉ,不完全燃燒,zh-TW
Lửa Đá Tia Chớp,電光石火間,zh-TW
Maelstrom Rhapsody,絕海回濤，噬魂舞曲,zh-TW
"Maestro, ¡toma un poco de té!",師父，請喝茶！,zh-TW
Maestría de espada,御劍真訣,zh-TW
Magoret porteur,豬市？！,zh-TW
"Main abjecte, nourris-toi",吃吧，可憎的手,zh-TW
Make Some Noise,此即應援,zh-TW
Make Waves in Still Waters,於靜水掀起風浪,zh-TW
Mandoble sísmico,飛鋏震赫,zh-TW
Manifest der reinen Tugend,純粹高潔宣言,zh-TW
Manifestación nebulosa,煙斜霧橫，氛氳化生,zh-TW
Manifestation de tempête,嵐身,zh-TW
Manifeste de la vertu,純粹高潔宣言,zh-TW
Manifesto da Dança da Névoa,煙斜霧橫，氛氳化生,zh-TW
Manifesto da Mais Pura Virtude,純粹高潔宣言,zh-TW
Manifesto of Purest Virtue,純粹高潔宣言,zh-TW
Manifiesto de la virtud pura,純粹高潔宣言,zh-TW
Mano para devorarlo todo,吃吧，可憎的手,zh-TW
Manœuvre de frappe aérienne,指令-天火轟擊,zh-TW
Manœuvre de propulsion éclair,指令-閃燃推進,zh-TW
Mara-Sunder Awl,破魔錐,zh-TW
Marabrecher-Ahle,破魔錐,zh-TW
Maravilla astronómica,太微行棋，靈台示影,zh-TW
"March 7th, héroïne suprême",蓋世女俠三月七,zh-TW
"March 7th, the Apex Heroine",蓋世女俠三月七,zh-TW
Marcha de Belobog,貝洛伯格進行曲,zh-TW
Marcha para a Redenção,逐火救世，行則將至,zh-TW
Mariposa desbocada,亂蝶,zh-TW
Martelada Sequencial,擊錘連弩,zh-TW
Massacre em Brasas,燔燎急襲,zh-TW
"Master, I've Ascended!",師父，我悟了！,zh-TW
"Master, It's Tea Time!",師父，請喝茶！,zh-TW
Mate del pastor,世事如棋，四步堪殺,zh-TW
Mate do Pastor,世事如棋，四步堪殺,zh-TW
May the Trailblaze Fly You Starward,放心飛，開拓永相隨！,zh-TW
"Maître, c'est l'heure du thé !",師父，請喝茶！,zh-TW
Maîtresse des étincelles,幕後花手,zh-TW
Me Dá Isso Aqui,拿來給我,zh-TW
Megaespadón,超超超大劍,zh-TW
"Meister, jetzt verstehe ich!",師父，我悟了！,zh-TW
"Meister, trink etwas Tee!",師父，請喝茶！,zh-TW
Meisterfechter,御劍真訣,zh-TW
Mejor lo hago yo,還是我來吧,zh-TW
Melodia Calmante,祥音和韻,zh-TW
Melodía tranquilizadora,祥音和韻,zh-TW
Membuat Demiurge segera memperoleh 1 giliran tambahan.,使德謬歌立即獲得1個額外回合。,zh-TW
Memories Back as Echoes,記憶如往日重現,zh-TW
"Memperoleh ""Military Merit"" setelah menggunakan Technique. Saat karakter yang beraksi berganti, ""Military Merit"" akan ditransfer ke karakter yang beraksi saat ini. Otomatis melancarkan 1 kali Skill pada karakter yang memiliki ""Military Merit"" saat pertempuran berikutnya dimulai, dan pelancaran Skill ini tidak mengonsumsi Poin Skill.",使用秘技後獲得【軍功】，切換行動角色時【軍功】轉移至當下行動角色。下一次戰鬥開始時自動對持有【軍功】的角色施放1次戰技，此次戰技不消耗戰技點。,zh-TW
Memórias Ressurgem Como Ecos,記憶如往日重現,zh-TW
Mercado de Cofrinhos?!,豬市？！,zh-TW
Mercy Is Not Forgiveness,寬恕無關慈悲,zh-TW
Mercy of a Fool,愚者的悲憫,zh-TW
Mergulhadora de Sonhos,夢遊魚,zh-TW
Mergulho do Falcão,貫雲飲羽,zh-TW
"Merit Bestowed in ""My"" Garden",駐「我」華庭，授予至勳,zh-TW
Merveille des étoiles,太微行棋，靈台示影,zh-TW
Meteor Storm,流星群落,zh-TW
Meteoric Sunder,披星百裂,zh-TW
Meteoritensturm,流星群落,zh-TW
Mezcla especial,罐裝特調,zh-TW
Mich selbst herausfordern,獨弈之樂,zh-TW
Midnight Tumult,夜間喧囂不止,zh-TW
Miel con espinas,刺紋之蜜,zh-TW
Migration du croissant,澹月轉魄,zh-TW
Mil besos afilados,孤鋒千吻,zh-TW
Mille morts sans regrets,萬死無悔,zh-TW
Mind is Might,知識就是力量,zh-TW
Minha Espada Eletrocuta Demônios,蕩滌妖邪琉璃劍,zh-TW
Miracle Flash,靈光一現,zh-TW
Misericórdia Não É Perdão,寬恕無關慈悲,zh-TW
Misericórdia dos Tolos,愚者的悲憫,zh-TW
Mistdance Manifest,煙斜霧橫，氛氳化生,zh-TW
Misterios gloriosos,榮光之秘,zh-TW
Miséricorde d'un fou,愚者的悲憫,zh-TW
"Mit freundlichen Grüßen, Katzenphantomdiebin!",貓咪怪盜，敬上！,zh-TW
Mit mir ist jedes Spiel ein Kinderspiel,有我在，把把都是順風局,zh-TW
Mitternächtlicher Tumult,夜間喧囂不止,zh-TW
Mode MVP activé !,無敵玩家，啟動！,zh-TW
Modo Aeoliano: Ecos nas Águas Tranquilas,小調，止水中迴響,zh-TW
Modo Divino: LIGADO!,無敵玩家，啟動！,zh-TW
Moisson rapide,極速收割,zh-TW
Mold of Idolatry,偶像塑造,zh-TW
Molde da Idolatria,偶像塑造,zh-TW
Molde de la idolatría,偶像塑造,zh-TW
Molten Detonation,熔核爆裂,zh-TW
Monetización del tráfico,流量變現,zh-TW
Monetização de Conteúdo,流量變現,zh-TW
Mong Mưa Lạnh Rơi,願有冷雨落下,zh-TW
Monodrama,獨角戲,zh-TW
Monétisation du flux,流量變現,zh-TW
Moon On Glacial River,寒川映月,zh-TW
Morir mil veces sin remordimientos,萬死無悔,zh-TW
Morrer Mil Vezes Sem Arrependimentos,萬死無悔,zh-TW
Morsure du givre,低溫妨害,zh-TW
Move de PGM,殿堂級操作回放,zh-TW
Munição de Ventos Fortes,馭風的子彈,zh-TW
Muralha Resistente,永屹之壁,zh-TW
Muss man alles selbst machen?,還是我來吧,zh-TW
Muster eines Idols,偶像塑造,zh-TW
"Muôn Ước Nguyện, Hợp Dòng Tựa Khúc Ca",眾願啊，匯流如歌,zh-TW
My Sword Zaps Demons,蕩滌妖邪琉璃劍,zh-TW
Mystères de la gloire,榮光之秘,zh-TW
Màn Mở Đầu Hoành Tráng,迎面開門紅,zh-TW
Mây Tím Chiếu Rọi,紫霄震曜,zh-TW
Mädchenpower,少女的特權,zh-TW
"Mèo Tặc, Kính Bút!",貓咪怪盜，敬上！,zh-TW
Mélodie apaisante,祥音和韻,zh-TW
Mélodrame,獨角戲,zh-TW
"Mérito Concedido em ""Meu"" Jardim",駐「我」華庭，授予至勳,zh-TW
"Mérito otorgado en ""mi"" jardín",駐「我」華庭，授予至勳,zh-TW
Método de refuerzo cognitivo,精神催生法,zh-TW
Món Quà Bất Ngờ,驚喜禮盒,zh-TW
Món Quà Tái Sinh,新生之禮,zh-TW
Móng Sắt Nứt Sọ,蹄鐵裂顱,zh-TW
"Móng Vuốt, Vòng Tay Của Rồng Tử Vong",骸爪，冥龍之環擁,zh-TW
Möge kalter Regen fallen,願有冷雨落下,zh-TW
Mũi Nhọn Tiên Phong,破敵鋒芒,zh-TW
Mũi Tên Giá Lạnh,極寒的弓矢,zh-TW
Mũi Tên Xuyên Mây,貫雲飲羽,zh-TW
"Mưa Kiếm, Quy Táng",刃下，歸葬,zh-TW
"Mưa Lá Đỏ, Vạn Vật Hóa Hư Không",紅葉時雨，萬傾一空,zh-TW
Mưa Tên Băng Giá,冰刻箭雨之時,zh-TW
"Mầm Sống Sinh Sôi, Đắp Tạo Thế Giới",生息破土，世界塑造,zh-TW
Mật Hoa Có Gai,刺紋之蜜,zh-TW
Một Hơi Hết Ba Bữa,一氣化三餐,zh-TW
Một Tràng Pháo Tay,給您來段看家戲,zh-TW
Một Đấm!,拳頭硬了！,zh-TW
Mở Rộng Tâm Trí,格局放大,zh-TW
Mức Thâm Hụt...,赤字……,zh-TW
Na Morada do Oceano,於海的棲息地,zh-TW
Nach Weh kommt Wohl,乾清坤夷，否極泰來,zh-TW
Nach dem Einsatz der Technik wird das Talent zu Beginn des nächsten Kampfs sofort ausgelöst.,使用秘技後，下一次戰鬥開始時立即觸發天賦。,zh-TW
Narradora Nada Confiável,不可靠敘事者,zh-TW
Narradora poco fiable,不可靠敘事者,zh-TW
Narrative Intrige,敘述性詭計,zh-TW
Nebellandschaft,幔亭繚霞,zh-TW
Neblina goteante,幔亭繚霞,zh-TW
Nebulöses Manifest,煙斜霧橫，氛氳化生,zh-TW
Nectar Blitz,酒花奔湧,zh-TW
Netherworld Judgment,判冥,zh-TW
Ngai Vàng Xương Cốt,誅天焚骨的王座,zh-TW
Ngay Và Luôn! Nhóm Độc Tấu,即刻！獨奏團,zh-TW
Nghi Lễ Champagne,香檳儀禮,zh-TW
Nghi Lễ Áng Mây Lành,慶雲光覆儀禱,zh-TW
Nghi Thức Điệu Swing,搖擺的禮儀,zh-TW
Nghiên Cứu Thôi Miên,催眠研習,zh-TW
Nghiệp Báo Vĩnh Hằng,十王聖斷，業報恆常,zh-TW
"Nghê Thường Thiết Vũ, Lục Hào Đại Cát",霓裳鐵羽，六爻皆吉,zh-TW
"Ngàn Lần Rèn Đúc, Vạn Kiếp Tẫn Diệt",千冶鑄一，萬劫燼滅,zh-TW
Ngàn Nụ Hôn Trên Lưỡi Kiếm,孤鋒千吻,zh-TW
"Ngàn Âm Hợp Xướng, Tẩu Pháp Vạn Vì Sao",千音迭奏，群星賦格,zh-TW
Ngày Lặng Lẽ Rời Xa,白晝悄然離去,zh-TW
Ngón Tay Hoa Hồng Vàng,金玫之指,zh-TW
Ngôi Sao Vụn Vỡ,披星百裂,zh-TW
Người Chơi Vô Địch: Khởi Động!,無敵玩家，啟動！,zh-TW
Người Dolos Nhiệt Tình Hiếu Khách,熱情好客的多洛斯人,zh-TW
Người Tiên Phong,搶先者,zh-TW
Ngắm Nhìn Thứ Đẹp Đẽ,看看好看的,zh-TW
Ngọn Giáo Thánh Thần,天矢陰,zh-TW
Ngọn Lửa Bùng Cháy,冉冉方熾,zh-TW
Ngục Tù Trói Buộc,畫地為牢,zh-TW
Ngụy Biện Cá Trích Đỏ,敘述性詭計,zh-TW
"Ngủ Ngon, Belobog",晚安，貝洛伯格,zh-TW
Ngự Kiếm Chân Quyết,御劍真訣,zh-TW
Nhanh Như Sấm Chớp,如雷疾行,zh-TW
Nhát Búa Đấu Giá Ấn Định,一錘子買賣,zh-TW
Nhân Hỏa Công Tâm,仁火攻心,zh-TW
Nhìn Gì Mà Nhìn,看什麼看,zh-TW
"Nhìn Kìa, Khởi Đầu Của Hy Vọng!",看！是希望的起始！,zh-TW
"Nhìn Thấu, Bình Minh Tĩnh Lặng",洞見，緘默的黎明,zh-TW
"Nhìn, Nghe, Hỏi... Đá!",望、聞、問……蹴！,zh-TW
Nhảy Vào Giai Điệu Tự Do Xanh Thẳm,躍入這片蔚藍狂想,zh-TW
Nhẫn Bộ: Nhảy Vọt,忍步•血義理,zh-TW
Nhẫn Cụ: Lưỡi Xoáy Hàng Ma,忍具•降魔花弁,zh-TW
Nhẫn Thiết: Quán Triệt Tín Niệm,忍切•初志貫徹,zh-TW
Nhẫn Thuật: Gan Vàng Dạ Sắt,忍術•七轉八起,zh-TW
Nhẫn Đạo Tối Cao: Aishiteru,忍道•極•愛死天流,zh-TW
Nhẫn-Khoa Học: Túi Kiên Nhẫn,忍•科學•堪忍袋,zh-TW
Nhập Thành: Binh Quý Thần Tốc,易位，兵貴神速,zh-TW
Nhập Thể - Kết Nối Siêu Hình,憑附•氣通天真,zh-TW
Nindô Supremo: Aishiteru,忍道•極•愛死天流,zh-TW
Nindô suprême de l'Amour profond,忍道•極•愛死天流,zh-TW
Nindō Supreme: Aishiteru,忍道•極•愛死天流,zh-TW
Ningu : Lame de pétale d'exorcisme,忍具•降魔花弁,zh-TW
Ningu: Blüten der Waschung,忍具•降魔花弁,zh-TW
Ningu: Demonbane Petalblade,忍具•降魔花弁,zh-TW
Ningu: Florilâmina Exorcista,忍具•降魔花弁,zh-TW
Ninja Dash: By Leaps and Bounds,忍步•血義理,zh-TW
Ninja Strike: Rooted Resolute,忍切•初志貫徹,zh-TW
Ninja Tech: Endurance Gauge,忍•科學•堪忍袋,zh-TW
Ninja-Marsch: Mit Riesenschritten voran,忍步•血義理,zh-TW
Ninja-Schlag: Von Wort zu Tat,忍切•初志貫徹,zh-TW
Ninja-Technik: Unendliche Geduld,忍•科學•堪忍袋,zh-TW
Ninjutsu : Élévation,忍術•七轉八起,zh-TW
Ninjutsu: Alzarse tras tropezar,忍術•七轉八起,zh-TW
Ninjutsu: Aufstieg und Fall,忍術•七轉八起,zh-TW
Ninjutsu: Eleve-se Sobre o Conflito,忍術•七轉八起,zh-TW
Ninjutsu: Rise Above Tumbles,忍術•七轉八起,zh-TW
Nirgendwo Gnade,十方無赦,zh-TW
Niveau bonus : Mode Louve αlpha,獎勵關：「狼尊時刻」,zh-TW
Niềm Vui Xếp Bài,獨弈之樂,zh-TW
Notre union est une mélodie,我們自成旋律,zh-TW
"Nous aussi, nous poursuivons les étoiles",我們，亦是逐星的巨人,zh-TW
Nous qui volons vers l'aube,飛入晨昏的我們,zh-TW
Novaburst,始擊歲星,zh-TW
Novaestallido,始擊歲星,zh-TW
Now! I'm the Band!,即刻！獨奏團,zh-TW
Nung Chảy,閃鑠,zh-TW
"Này Thế Giới Không Ngủ, Ngủ Yên Nhé",晚安——全世界無眠,zh-TW
Náo Động Giữa Đêm,夜間喧囂不止,zh-TW
Nâng Ly! Mừng Một Mùa Hè Rực Cháy,舉杯！敬熾烈一夏,zh-TW
Néctar Espinhoso,刺紋之蜜,zh-TW
Nòng Súng Bên Phải,槍口以右,zh-TW
Nós Somos a Melodia,我們自成旋律,zh-TW
"Nós, Também Trilhamos as Estrelas",我們，亦是逐星的巨人,zh-TW
"Nós, que Voamos para o Crepúsculo",飛入晨昏的我們,zh-TW
Núcleo ígneo de crisálida,繭式源火中樞,zh-TW
Năm Hạt Đậu Nằm Trong Vỏ Đậu,輪中五豆,zh-TW
"Nước Xiết, Trúng Hồng Tâm",激流，正中紅心,zh-TW
Nảy Bật,彈射,zh-TW
Nắm Đấm Phá Trời Trực Diện,直衝碎天拳,zh-TW
Nắm Đấm Phán Quyết,一意之拳,zh-TW
Nắm Đấm Trực Diện,直衝拳,zh-TW
Nắm Đấm Vỡ Nát,裂傷拳,zh-TW
Nếu Vui Thì Vỗ Tay,開心你就拍拍手,zh-TW
Nỏ Chùy Kích,擊錘連弩,zh-TW
"Nở Rộ Nhé, Thiên Đường Của Kiếp Sau",盛放吧，來世的樂土,zh-TW
Nợ Máu Trả Bằng Máu,以血還血,zh-TW
Nụ Cười Ba Nhân Chín,三乘九的微笑,zh-TW
Nữ Hiệp Cái Thế March 7th,蓋世女俠三月七,zh-TW
O Alcance da Lâmina Não Poupa Ninguém,十方無赦,zh-TW
O Brilho Liberto Veleja para Longe,浮光過隙，百無禁忌,zh-TW
O Começo do Fim,終結之始,zh-TW
O Corpo em Sofrimento,傾訴之肉身,zh-TW
O Dia Passa Gentilmente,白晝悄然離去,zh-TW
O Esplendor Solar Brilha Sobre Todos Nós,陽極照世，離火滿綴,zh-TW
O Mar Canta no Meu Tom,音浪，為海風定調,zh-TW
O Poder da Fofura,可愛即是正義,zh-TW
O Silêncio é a Carícia da Borboleta,緘默，幽蝶之輕撫,zh-TW
O Surgimento da Vida Esculpe a Terra,生息破土，世界塑造,zh-TW
O Tormento Gera a Verdade,楚痛，釀造實識,zh-TW
O Vermelho ou o Preto,紅黑之間,zh-TW
O Verão Toca a Alma,盛夏是靈魂的樂手,zh-TW
O Verão é Maravilhoso,All in！敬熾烈一夏,zh-TW
"O Wakeful World, Goodnight",晚安——全世界無眠,zh-TW
O Zênite de um Dragão Não Conhece Arrependimento,亢龍無悔，移山辟世,zh-TW
Obertura embriagadora,酣醉序曲,zh-TW
Obertöne jenseits der Unterströmung,泛音，暗流後齊鳴,zh-TW
Objet de convoitise,崇高的客體,zh-TW
Objeto Sublime,崇高的客體,zh-TW
Objeto sublime,崇高的客體,zh-TW
Obliteração de Iniquidade,攝伏諸惡,zh-TW
Obstetrícia Intelectual,精神催生法,zh-TW
"Obtient Décoration militaire après avoir utilisé la technique. Lors du changement de personnage actif, Décoration militaire est transférée au personnage actif actuel. Au début du prochain combat, utilise automatiquement une compétence une fois sur le personnage avec Décoration militaire sans consommer de points de compétence.",使用秘技後獲得【軍功】，切換行動角色時【軍功】轉移至當下行動角色。下一次戰鬥開始時自動對持有【軍功】的角色施放1次戰技，此次戰技不消耗戰技點。,zh-TW
Octobolt Flash,八雷飛渡,zh-TW
Oda melodiosa,調性合頌,zh-TW
Ode ao Afago e à Cicatrix,輕與傷痕的讚頌,zh-TW
Ode to Caress and Cicatrix,輕與傷痕的讚頌,zh-TW
Ode à la légèreté et aux cicatrices,輕與傷痕的讚頌,zh-TW
Of Fire and Far Faring,共赴灼熱的遠征,zh-TW
Of Fortune Comes Fate,歲記否泰，固守四郭,zh-TW
"Of Virtue, Forms Unfold",生生之德，品物流形,zh-TW
Oferta Única,一錘子買賣,zh-TW
Oferta única,一錘子買賣,zh-TW
Oktett des Donners,八雷飛渡,zh-TW
Ondas em Águas Tranquilas,於靜水掀起風浪,zh-TW
Onde Foram os Presentes,禮物都去哪裡了,zh-TW
Ondée de pétales,搖花緞水，沾衣不摘,zh-TW
One Cut Ends All,斷念一斬,zh-TW
One Punch!,拳頭硬了！,zh-TW
One With the Sword,呼劍如影,zh-TW
One-Time Offer,一錘子買賣,zh-TW
"Oops, a Missed Catch",啊，漏網之魚,zh-TW
"Opa, Um Tesouro Dando Sopa",嘿，空手套白銀,zh-TW
Oración de la flor abisal,白花的祈望,zh-TW
Oracle Brush,冥讖天筆,zh-TW
Orbital Annihilation Pulse,軌道殲滅脈衝,zh-TW
Orbitaler Vernichtungsimpuls,軌道殲滅脈衝,zh-TW
Orchideennadel,一針幽蘭,zh-TW
Ordem Δ: Incineração Meteórica,Δ指令-焦土隕擊,zh-TW
Ordem: Bombardeio Aéreo,指令-天火轟擊,zh-TW
Ordem: Propulsão de Chamas,指令-閃燃推進,zh-TW
Orden Δ: Calcinación meteórica,Δ指令-焦土隕擊,zh-TW
Orden: Bombardeo aéreo,指令-天火轟擊,zh-TW
Orden: propulsión fulgurante,指令-閃燃推進,zh-TW
Order: Aerial Bombardment,指令-天火轟擊,zh-TW
Order: Flare Propulsion,指令-閃燃推進,zh-TW
Os Mistérios Gloriosos,榮光之秘,zh-TW
Oscillations de la mer du néant,哀悼，死海之漣漪,zh-TW
Outdoor Survival Experience,戶外生存經驗,zh-TW
Ovation du public,劈頭滿堂彩,zh-TW
Ovation tonitruante,風暴甚是喧囂,zh-TW
Overtone Hum: Chorus After Dark Tides,泛音，暗流後齊鳴,zh-TW
Overture of Inebriation,酣醉序曲,zh-TW
Oán Hận: Báo Ứng Đáp Trả,宿怨，切齒奉還,zh-TW
Pacte de l'abîme,墮此欲淵，立此獄契,zh-TW
Pain and Anger,至痛至怒,zh-TW
"Pain, Brews Truth",楚痛，釀造實識,zh-TW
Paisagem Infernal,地獄變,zh-TW
Paix à la fin du vent d'ouest,西風盡頭，寧謐永恆,zh-TW
Palmas da Desolação,掌心淌過的荒蕪,zh-TW
Panggil,召喚,zh-TW
Panorama infernal,地獄變,zh-TW
Par le pouvoir de la mignonnerie,可愛即是正義,zh-TW
Para o Amor e o Amanhã ♪,向著愛與明天♪,zh-TW
Paradoja silogística,三段悖論,zh-TW
Paradoxe du syllogisme,三段悖論,zh-TW
Paradoxo Silogístico,三段悖論,zh-TW
Parce qu'on est une famille,因為我們是家人,zh-TW
Parfum entêtant,一針幽蘭,zh-TW
Pari direct,直觀投注,zh-TW
Party's Wildin' and Camera's Rollin',萬我狂歡，鏡頭不要停,zh-TW
Pas si vite !,逗留一下吧，你是那樣美！,zh-TW
Paseando bajo la lluvia,徜徉靈澤病恙短,zh-TW
Paso ninja: ¡Ahí te quedas!,忍步•血義理,zh-TW
Passeio na Chuva,徜徉靈澤病恙短,zh-TW
Patada diagnóstica,望、聞、問……蹴！,zh-TW
PatrAeon Benefits,古來君子養藝人,zh-TW
Pawn's Promotion,升變，士皆可帥,zh-TW
Paz eterna al final del céfiro,西風盡頭，寧謐永恆,zh-TW
Paz no Fim do Vento Oeste,西風盡頭，寧謐永恆,zh-TW
Peace at West Wind's End,西風盡頭，寧謐永恆,zh-TW
Peitsche des Reichtums,撻楚抽薪,zh-TW
Peitschenknall: Vertreiben der Bestien,鞭哨，逐盡惡獸,zh-TW
"Pela Virtude, as Formas se Revelam",生生之德，品物流形,zh-TW
Pelea embriagante,鏖戰正酣,zh-TW
"Percepção, Amanhecer Silencioso",洞見，緘默的黎明,zh-TW
"Percipience, Silent Dawn",洞見，緘默的黎明,zh-TW
Percipient Shine,炤炤徹曠,zh-TW
Percutor de repetición,擊錘連弩,zh-TW
Perfect Pickoff,牽制盜壘,zh-TW
Perfekte Abnahme,牽制盜壘,zh-TW
Perforación meteórica,披星百裂,zh-TW
Perforation des ténèbres,鋒入幽渺，影出凌厲,zh-TW
Performance sur scène,喧囂的舞燈巡遊,zh-TW
Perfume Efêmero,芬芳一現,zh-TW
Permitir Mudanças?,是否允許更改？,zh-TW
Perpetuación kármica,十王聖斷，業報恆常,zh-TW
Perpetuação Cármica,十王聖斷，業報恆常,zh-TW
Persecución pluvial de la golondrina,快雨燕相逐,zh-TW
Persiguiendo el viento,雲鳶逐風,zh-TW
Personnage aux mille visages,一人千役,zh-TW
Perspicacité de l'aube silencieuse,洞見，緘默的黎明,zh-TW
Pertes et profits,轉虧為盈！,zh-TW
Perícia,戰技,zh-TW
Perícia Suprema,終結技,zh-TW
Perícia da Euforia,歡愉技,zh-TW
Perícia de Assistência,助戰技,zh-TW
Pesquisa Hipnótica,催眠研習,zh-TW
Petalfall: Floral Reminiscence,落英•散者皆憶,zh-TW
"Petals to Stream, Repose in Dream",搖花緞水，沾衣不摘,zh-TW
Pez de los sueños,夢遊魚,zh-TW
Pfeiler: Urteil des Sterntods,支柱•死星天裁,zh-TW
Phantom Illusion,幻身,zh-TW
Phantomillusion,幻身,zh-TW
Phare dans l'obscurité,升起領航的烽火,zh-TW
Phi Đao,飛鐃,zh-TW
Phong Cấp: Binh Tốt Hóa Tướng,升變，士皆可帥,zh-TW
Phát Lại Thao Tác Cấp Đỉnh Cao,殿堂級操作回放,zh-TW
"Phân Dạng, Ảo Tưởng Của Kẻ Bị Trục Xuất",分形，驅逐虛知,zh-TW
Phí Mở Chai,開瓶費,zh-TW
Phía Dưới Ngọn Cờ,在旗幟下,zh-TW
Phía Sau Sự Nhân Từ,仁慈的背面,zh-TW
Phòng Thủ,防禦,zh-TW
Phục... Phục Vụ Phòng!,客……客房服務！,zh-TW
Pickoff parfait,牽制盜壘,zh-TW
Piedra angular de la prosperidad,繁榮基石,zh-TW
"Pienso, luego existo",我思故我在,zh-TW
Pierre angulaire de la prospérité,繁榮基石,zh-TW
Pilar: Juicio de la muerte estelar,支柱•死星天裁,zh-TW
Pinceau divin,冥讖天筆,zh-TW
Pincel del oráculo,冥讖天筆,zh-TW
Pincel do Oráculo,冥讖天筆,zh-TW
Pinion's Aria,翎之詠嘆調,zh-TW
Piou piou piou !,Shoot屬性大爆發,zh-TW
Pique scindemara,破魔錐,zh-TW
Pironexus de Crisálida,繭式源火中樞,zh-TW
Pista Falsa,敘述性詭計,zh-TW
Plan de secours des Plaines des neiges,雪原急救方案,zh-TW
Pluie d'applaudissements,中場饋贈的雨,zh-TW
Pluie de feuillages rouges,紅葉時雨，萬傾一空,zh-TW
Pluie de lames funeste,刃下，歸葬,zh-TW
Pluie de pétales : Souvenirs floraux,落英•散者皆憶,zh-TW
Plumes auspicieuses,霓裳鐵羽，六爻皆吉,zh-TW
Pluviespada,啼澤雨斬,zh-TW
Poder Feminino,少女的特權,zh-TW
Poder femenino,少女的特權,zh-TW
Poing de la conviction,一意之拳,zh-TW
Poing destructeur d'étoiles,直衝碎天拳,zh-TW
Poing lacérateur,裂傷拳,zh-TW
Pointe affûtée,破敵鋒芒,zh-TW
"Pois Neste Jardim, a Beleza Suprema Concede",駐於花庭，賜與盡美,zh-TW
Ponta de Lança Divisora,破敵鋒芒,zh-TW
Porosité du temps,從此歲月朦朧,zh-TW
Porque Somos Uma Família,因為我們是家人,zh-TW
Porque somos familia,因為我們是家人,zh-TW
Portador da Luz,吾身光明,zh-TW
Porteur de lumière,吾身光明,zh-TW
Portée supérieure,寸長寸強,zh-TW
Posesión: Conexión metafísica,憑附•氣通天真,zh-TW
Possession: Ethereal Metaflow,憑附•氣通天真,zh-TW
Possessão: Metafluxo Etéreo,憑附•氣通天真,zh-TW
Posterior Precedence,後發先至,zh-TW
Potenciación,強化,zh-TW
Prana Extirpado,斬勘神形,zh-TW
Prana Extirpated,斬勘神形,zh-TW
Prana ausgemerzt,斬勘神形,zh-TW
Prayer of Abyss Flower,白花的祈望,zh-TW
Prece da Flor do Abismo,白花的祈望,zh-TW
Predação Visual,獵手的視界,zh-TW
Predecessor Posterior,後發先至,zh-TW
Preemptive Strike,先發制人,zh-TW
Prelúdio da Inebriação,酣醉序曲,zh-TW
Première balise céleste allumée,點燃第一里航標,zh-TW
Première de cordée,先人一步,zh-TW
Presa do Esfolador em Chamas,剔爍之牙,zh-TW
Presente Surpresa,驚喜禮盒,zh-TW
Presente de Shuhu,倏忽恩賜,zh-TW
Presente do Renascimento,新生之禮,zh-TW
Presta Atenção,我有一個大膽的想法,zh-TW
Prestidigitação Explosiva,幕後花手,zh-TW
Primeiros Socorros do Campo de Neve,雪原急救方案,zh-TW
"Primera baliza, encendida",點燃第一里航標,zh-TW
Prisión de obediencia rota,折戟臣服的監牢,zh-TW
Prisión gravitacional,畫地為牢,zh-TW
Prism of the Pupil,瞳扉之彩,zh-TW
Prismadracônico Amaina-Céus,掣空如虹,zh-TW
Prismadragon de fulguration,掣空如虹,zh-TW
Prismadragón atraviesacielos,掣空如虹,zh-TW
Prisme de l'éclat de la pupille,瞳扉之彩,zh-TW
Prière de la Fleur de l'abîme,白花的祈望,zh-TW
Pro-Gamer Move,殿堂級操作回放,zh-TW
Pro-Gamer-Spielzug,殿堂級操作回放,zh-TW
Prodigio de la ruleta,輪盤勳爵,zh-TW
Produção de Engajamento,互動陷阱,zh-TW
Programmschließung erzwingen,|強制結束程式|,zh-TW
Promessa da Viagem,踏破征途的誓言,zh-TW
"Promise, Not Command",是約定不是命令,zh-TW
Promoción a reina,升變，士皆可帥,zh-TW
Promotion en reine,升變，士皆可帥,zh-TW
Promoção do Peão,升變，士皆可帥,zh-TW
Propagation,擴散,zh-TW
Prost! Auf einen heißen Sommer,舉杯！敬熾烈一夏,zh-TW
Protocole de compagnon : Anéantissement,同行協議：殲破,zh-TW
Protocole de compagnon : Verdict,同行協議：裁決,zh-TW
Protocolo de Companhia: Dizimação,同行協議：殲破,zh-TW
Protocolo de Companhia: Veredito,同行協議：裁決,zh-TW
Protocolo de acompañante: Aniquilación,同行協議：殲破,zh-TW
Protocolo de acompañante: Veredicto,同行協議：裁決,zh-TW
Präventivschlag,先發制人,zh-TW
Prélude à l'ivresse,酣醉序曲,zh-TW
Prélude à la mort,悲鳴，賜死之先聲,zh-TW
Prügel,強襲,zh-TW
Puh! Sieh sich einer das Chaos an!,唉！瞧這一團糟,zh-TW
Puissance de l'esprit,知識就是力量,zh-TW
Pulsion de mort,歸葬的遂願,zh-TW
Pulso de Aniquilação Orbital,軌道殲滅脈衝,zh-TW
Pulso de aniquilación orbital,軌道殲滅脈衝,zh-TW
Punho Certeiro,直衝拳,zh-TW
Punho Demolidor de Céus,直衝碎天拳,zh-TW
Punho Lacerante,裂傷拳,zh-TW
Punho da Condenação,一意之拳,zh-TW
Punição Frenética,狂者制裁,zh-TW
Pupila Prismática,瞳扉之彩,zh-TW
Pupila prismática,瞳扉之彩,zh-TW
Pupille des Prismas,瞳扉之彩,zh-TW
Purificación del mundo,蒼龍傲睨，劫水濯世,zh-TW
Puss in Boots,穿靴子的貓,zh-TW
Puñalada y evasión,鋒入幽渺，影出凌厲,zh-TW
Puño certero,直衝拳,zh-TW
Puño de la convicción,一意之拳,zh-TW
Puño rompecielos certero,直衝碎天拳,zh-TW
Pyric Corpus,此身為炬,zh-TW
PyroFly Typ IV: Pyrogene Dezimierung,火螢Ⅳ型-底火斬擊,zh-TW
PyroFly Typ IV: Vollständige Verbrennung,火螢Ⅳ型-完全燃燒,zh-TW
PyroFly Typ IV: Überladung eines sterbenden Sterns,火螢Ⅳ型-死星超載,zh-TW
Pyrograph Arcanum,鼎陣妙法，奇正相生,zh-TW
"Pétalas na Corrente, Repouso Indolente",搖花緞水，沾衣不摘,zh-TW
Pétalos: recuerdos esparcidos,落英•散者皆憶,zh-TW
Pêche aux vues,互動陷阱,zh-TW
Pùm! Pháo Hoa Tới Đây!,轟！飛來焰火,zh-TW
P—Pardon de vous déranger !,請……請讓一下！,zh-TW
Qu'est-ce que tu regardes ?,看什麼看,zh-TW
Quadrivalent Ascendance,四相斷我,zh-TW
Quand la brise caresse les nuages,當微風輕吻雲沫,zh-TW
Quando a Brisa Acaricia as Nuvens,當微風輕吻雲沫,zh-TW
"Quartet Finesse, Octave Finery",四示八權，纖滋精味,zh-TW
Quatre pungs en main ? Tout va bien !,四么暗刻？胡！,zh-TW
Que Caia a Chuva Fria,願有冷雨落下,zh-TW
Que Haja Luz,黎明創世，地闢天開,zh-TW
Que Vossa Fortuna Exploda em Chamas,贈君一卦，火樹銀花,zh-TW
Que a Tempestade Ruja,風暴甚是喧囂,zh-TW
Que arda quien carga con el mundo,永劫燔世，其將背負,zh-TW
Que caiga la lluvia fría,願有冷雨落下,zh-TW
Que la lumière soit,黎明創世，地闢天開,zh-TW
Que o Desbravamento Te Leve às Estrelas,放心飛，開拓永相隨！,zh-TW
Que ta fortune s'embrase,贈君一卦，火樹銀花,zh-TW
Que tombe la pluie froide,願有冷雨落下,zh-TW
Quebra-Grilhões,禁錮解除,zh-TW
Quebrantamundos,鑿破大荒,zh-TW
Queda das Pétalas: Recordação Floral,落英•散者皆憶,zh-TW
Quem Tem Medo da Constance?,誰在害怕康士坦絲？,zh-TW
Qui craint Constance ?,誰在害怕康士坦絲？,zh-TW
Qui portera le monde brûlera,永劫燔世，其將背負,zh-TW
Quienes volamos a la penumbra,飛入晨昏的我們,zh-TW
Quiero ayudar,我也想幫上忙,zh-TW
Quà Tặng Của Shuhu,倏忽恩賜,zh-TW
Quà Tặng Đâu Hết Cả Rồi,禮物都去哪裡了,zh-TW
Quán Chiếu Đại Địa,炤炤徹曠,zh-TW
Quân Bài Cuối Cùng,海底撈月,zh-TW
Quấy Nhiễu,妨害,zh-TW
Quỳnh Ngọc Đế Viên,帝垣瓊玉,zh-TW
RIP Home Run,安息全壘打,zh-TW
Rabin: Dominação Espiritual,尾巴•遣神役鬼,zh-TW
Radiance dardante,煥煥辰尾,zh-TW
Radiant Streak,煥煥辰尾,zh-TW
Rainblade,啼澤雨斬,zh-TW
Raio Espectral,光譜射線,zh-TW
Rancor: Enmity Reprisal,宿怨，切齒奉還,zh-TW
Rancor: Represália da Inimizade,宿怨，切齒奉還,zh-TW
Rancœur des représailles,宿怨，切齒奉還,zh-TW
Rand der Leere,虛空斷界,zh-TW
Rapsodia en la vorágine marina,絕海回濤，噬魂舞曲,zh-TW
Rapsódia do Redemoinho,絕海回濤，噬魂舞曲,zh-TW
Rasche Ernte,極速收割,zh-TW
Rasende Strafe,狂者制裁,zh-TW
Rasgatierras,地坼,zh-TW
"Rate mal, wer hier wohnt",猜猜這裡住了誰,zh-TW
Rayo de partículas superaceleradas,超頻粒子光束,zh-TW
Rayon de particules hyperluminales,超頻粒子光束,zh-TW
Rayon spectral,光譜射線,zh-TW
Rayonnement d'omniscience,十方光映，萬法皆明,zh-TW
Reaparición,再現,zh-TW
Rebond,彈射,zh-TW
Rebote,彈射,zh-TW
Recepção Escaldante,迎面開門紅,zh-TW
Recherche sur l'hypnose,催眠研習,zh-TW
Recogida perfecta,牽制盜壘,zh-TW
Recopilación de datos,資料收集,zh-TW
Recuerdos resurgentes,記憶如往日重現,zh-TW
Red Herring,敘述性詭計,zh-TW
Reddition des lances brisées,折戟臣服的監牢,zh-TW
Redistribuição de Combate,作戰再部署,zh-TW
Redéploiement de combat,作戰再部署,zh-TW
Reencontro à Primeira Vista,一如初見的重逢,zh-TW
Reflejo helado de la luna,寒川映月,zh-TW
Reflet de lune sur rivière glacée,寒川映月,zh-TW
Refulgencia iluminadora,陽極照世，離火滿綴,zh-TW
Regalo de Shuhu,倏忽恩賜,zh-TW
Regalo sorpresa,驚喜禮盒,zh-TW
Regen im Intermezzo,中場饋贈的雨,zh-TW
Regeneración,回復,zh-TW
Regenreiche Schwalbenjagd,快雨燕相逐,zh-TW
"Regicida, Torne-se Rei",弒王成王,zh-TW
"Regicidio, ascenso al trono",弒王成王,zh-TW
Regnerische Klage,啼澤雨斬,zh-TW
Regocijo en el abrazo de otro mundo,沉醉於彼界的臂灣,zh-TW
Reichlich Güte verbreitet Tugend,善盈後福，德氣流布,zh-TW
Reise durch den grenzenlosen Himmel,巡遊在無界的天空,zh-TW
Reißender Fangzahn,剔爍之牙,zh-TW
Relámpago deslumbrante,電光石火間,zh-TW
Remate en la arena hirviente,絕殺，熱砂沸騰,zh-TW
Rempart d'endurance,永屹之壁,zh-TW
Renforcement,強化,zh-TW
Reorganización del combate,作戰再部署,zh-TW
Repas sur le pouce,一氣化三餐,zh-TW
Replay de jugada pro,殿堂級操作回放,zh-TW
Repouso... em Cinzas,沉溺……飛灰邀入墓床,zh-TW
Représailles,強襲,zh-TW
Représailles de la forge,閃鑠,zh-TW
Respingos Enevoados,幔亭繚霞,zh-TW
Resplandor de la verdad,古鏡照神,zh-TW
Ressonância Tonal,調性合頌,zh-TW
Ressurgimento,再現,zh-TW
Ressurreição Estígia,黃泉返渡,zh-TW
Restauration,回復,zh-TW
Restauração,回復,zh-TW
Restore,回復,zh-TW
Resurgence,再現,zh-TW
Resurgimiento estigio,黃泉返渡,zh-TW
Retour sur scène acclamé !,訊號溢出：好戲復刻！,zh-TW
Retribución kármica,因果盡償,zh-TW
Reunion at First Sight,一如初見的重逢,zh-TW
Revers de fortune,撻楚抽薪,zh-TW
Rhapsodie du maelström,絕海回濤，噬魂舞曲,zh-TW
Rhapsodie im Tanz der Gezeiten,絕海回濤，噬魂舞曲,zh-TW
Ricochet Love,反覆橫跳的愛,zh-TW
Riesen-Riesenschwert,超超超大劍,zh-TW
Rifting Zenith,紫霄震曜,zh-TW
Righteous Heart,亢心,zh-TW
Riposte anticipée,後發先至,zh-TW
"Rise, Exalted Renown",高舉吧，昇華的名諱,zh-TW
Ritter-Schwertkunst: Ansturm,雲騎劍經•叩陣,zh-TW
Ritter-Schwertkunst: Bergfall,雲騎劍經•山傾,zh-TW
Ritter-Schwertkunst: Stellarer Halo,雲騎劍經•素霓,zh-TW
Ritter-Speertechnik: Nordwind,雲騎槍術•朔風,zh-TW
Ritter-Speertechnik: Sturzflut,雲騎槍術•疾雨,zh-TW
Ritual de la nube auspiciosa,慶雲光覆儀禱,zh-TW
Ritual der Glückswolke,慶雲光覆儀禱,zh-TW
Roaring Thunderclap,雷鳴音階,zh-TW
Rochade der Königin,易位，兵貴神速,zh-TW
Rodeio Crepuscular do Demônio da Areia,塵魔舞者的日落秀,zh-TW
Rodeo vespertino del diablo de polvo,塵魔舞者的日落秀,zh-TW
Roi de la roulette,輪盤勳爵,zh-TW
Roi régicide,弒王成王,zh-TW
Rojo o negro,紅黑之間,zh-TW
Rompeataduras,禁錮解除,zh-TW
Rompeterra,鑿破大荒,zh-TW
Roque,易位，兵貴神速,zh-TW
"Rostos Feridos, Corações Mordidos",一扎皺眉，二扎心,zh-TW
Rosy-Fingered,金玫之指,zh-TW
Rouge ou noir,紅黑之間,zh-TW
Roulette Shark,輪盤勳爵,zh-TW
Rueda de escape horológica,擒縱機構,zh-TW
Ruf des Wächters,守護者召令,zh-TW
Rugissement de l'apocalypse,亡喉怒哮，甦生之頌鈴,zh-TW
Ruhm der Imperatorin,榮光屬於凱撒,zh-TW
Ruido blanco de aleteo,撲翼白聲,zh-TW
Rumo à Expedição Ardente,共赴灼熱的遠征,zh-TW
Ruptura: Golpe de Despedida,全勝•再見安打,zh-TW
Ruptura: Home Run Fatal,全勝•安息全壘打,zh-TW
Rutilancia desinhibida,浮光過隙，百無禁忌,zh-TW
Ruée vers la victoire,乘勝追擊,zh-TW
Ruée éclair,如雷疾行,zh-TW
Ráfaga,擴散,zh-TW
Ráng Chiều Che Nghiêng,幔亭繚霞,zh-TW
"Rèn Kiếm, Đoạn Phách",淬鋒，斷魄,zh-TW
Répression du mal,凶煞•劾壓鬼物,zh-TW
Réprimande ardente,旺火卻亂,zh-TW
Résonance du chœur,調性合頌,zh-TW
Résurgence,再現,zh-TW
Rétribution karmique,十王聖斷，業報恆常,zh-TW
Rétribution karmique,因果盡償,zh-TW
Réveil des souvenirs,記憶如往日重現,zh-TW
Rêve flétri écarlate,殘夢盡染，一刀繚斷,zh-TW
Rêve éthéré,洞天幻化，長夢一覺,zh-TW
Rêves floréphémères,曇華生滅，天河瀉夢,zh-TW
Rìu Chiến Xuyên Kích,鉞貫,zh-TW
Răng Nanh Lấp Lánh,剔爍之牙,zh-TW
Rượu Ngọt Thủ Công,親啟佳釀,zh-TW
Rồng Vượt Vực Sâu,匏蛟躍淵先雷音,zh-TW
Rừng Kiếm,無間劍樹,zh-TW
R—Room Service!,客……客房服務！,zh-TW
S-Serviço de Quarto!,客……客房服務！,zh-TW
Sabida e Metida,格局放大,zh-TW
Sabiduría tres veces grande,四分明哲，三重至高,zh-TW
Salted Camping Cans,鹽漬野營罐頭,zh-TW
Salto Fulgurante,盤拏耀躍,zh-TW
Salto del dragón del marjal,匏蛟躍淵先雷音,zh-TW
Salto dos Ventos Rodopiantes,翻風轉日,zh-TW
Salto fulgurante,盤拏耀躍,zh-TW
Salva alentadora,天闕鳴弦,zh-TW
Salve d'aiguillons,遙擊三尺水,zh-TW
Salve de courage,天闕鳴弦,zh-TW
"Salve, emperatriz",榮光屬於凱撒,zh-TW
"Samsara, Bloqueada",生滅繫縛,zh-TW
"Samsara, Locked",生滅繫縛,zh-TW
"Samsara, bloqueado",生滅繫縛,zh-TW
Sanction,罰惡,zh-TW
"Sanft, aber grausam",溫柔亦同殘酷,zh-TW
Sanfte Brise,惠風和暢,zh-TW
Sanfte Flammen,冉冉方熾,zh-TW
Sang pour sang,以血還血,zh-TW
Sangre por sangre,以血還血,zh-TW
Sangue por Sangue,以血還血,zh-TW
Sanktion,罰惡,zh-TW
Sans modération,親啟佳釀,zh-TW
Sanção,罰惡,zh-TW
Sardines en conserve,鹽漬野營罐頭,zh-TW
"Sau khi dùng Bí Kỹ, sẽ kích hoạt ngay Thiên Phú khi bắt đầu lần chiến đấu tiếp theo.",使用秘技後，下一次戰鬥開始時立即觸發天賦。,zh-TW
"Sau khi sử dụng Bí Kỹ sẽ nhận được ""Quân Công"", khi thay đổi nhân vật hành động, ""Quân Công"" sẽ chuyển sang nhân vật hành động hiện tại. Khi trận chiến tiếp theo bắt đầu, tự động thi triển 1 lần Chiến Kỹ lên nhân vật đang sở hữu ""Quân Công"", lần thi triển này không tiêu hao Điểm Chiến Kỹ.",使用秘技後獲得【軍功】，切換行動角色時【軍功】轉移至當下行動角色。下一次戰鬥開始時自動對持有【軍功】的角色施放1次戰技，此次戰技不消耗戰技點。,zh-TW
Saudação Encorajadora,天闕鳴弦,zh-TW
Saunter in the Rain,徜徉靈澤病恙短,zh-TW
Sawblade Tuning,武裝調律,zh-TW
Scarlet: Elation or Execution,緋色•不樂即斬,zh-TW
Schachmatt in vier Zügen,世事如棋，四步堪殺,zh-TW
Schadensdemo: Honkai-Niveau,崩壞級傷害演示,zh-TW
Scharfer Gefährte,呼劍如影,zh-TW
Scharlachrot: Genuss oder Gericht,緋色•不樂即斬,zh-TW
Schatz der Architekten,築城者遺寶,zh-TW
Scherbenschwert,支離劍,zh-TW
Schicksal: Göttliches Gefäß,命運•此軀即神,zh-TW
Schillernder Dunst,識煙飛彩,zh-TW
Schimmer segelt durch die Sphären,浮光過隙，百無禁忌,zh-TW
Schlafschwimmer,夢遊魚,zh-TW
Schlage Wellen in stillen Gewässern,於靜水掀起風浪,zh-TW
Schmerz und Wut,至痛至怒,zh-TW
"Schmerz, der die Wahrheit braut",楚痛，釀造實識,zh-TW
Schmetterlingssturm,亂蝶,zh-TW
"Schmiede des Einen, Vergessen des Allen",千冶鑄一，萬劫燼滅,zh-TW
Schneidender Blitz,閃裂,zh-TW
Schneidender Blitz im Tanz,閃裂刃舞,zh-TW
Schnitt der Entsagung,斷念一斬,zh-TW
Schockwellen-Schlag,飛鋏震赫,zh-TW
Schoko-Energieriegel,巧克力能量棒,zh-TW
Scholar's Mate,世事如棋，四步堪殺,zh-TW
Schredderfaust,裂傷拳,zh-TW
Schrei! Sparxielein ist jetzt live verbunden,尖叫！火花花連線中,zh-TW
Schreiben wir gemeinsam vom Morgen!,明天，一同寫下！,zh-TW
Schrift des Orakels,冥讖天筆,zh-TW
Schritt zur Erlösung,逐火救世，行則將至,zh-TW
Schularbeit: Überraschungstest,課業•突擊檢查,zh-TW
Schweif: Unterwerfung von Teufeln,尾巴•遣神役鬼,zh-TW
Schwelgend in den Armen der Anderwelt,沉醉於彼界的臂灣,zh-TW
Schwerkraftunterdrückung,重力壓制,zh-TW
Schwerterwald,無間劍樹,zh-TW
Schwertgesang: Keine Gnade,劍歌•神鬼無赦,zh-TW
Schwertwurf,遙擊三尺水,zh-TW
Schwierigkeiten beim Bezahlen?,支付困難？,zh-TW
Schwirrende Klingen,酷炫的刀花,zh-TW
Schwur der resoluten Reise,踏破征途的誓言,zh-TW
Schädelsplitter-Hufeisen,蹄鐵裂顱,zh-TW
Schöpfung: Fähre des Blutdorns,創生•血棘渡亡,zh-TW
Scorch Onslaught,燔燎急襲,zh-TW
Se Liga Nisso,給您來段看家戲,zh-TW
Se Você Está Contente Bata Palmas,開心你就拍拍手,zh-TW
Seelenwanderung der Mondsichel,澹月轉魄,zh-TW
Segen aus Papier und Ritualen,紙與儀典的恩賜,zh-TW
Segensreicher Lotus,澤芝,zh-TW
"Segera menyerang musuh. Setelah memasuki pertempuran, akan memberikan ""Burden"" yang sama dengan efek Skill pada 1 musuh secara acak.",立即攻擊敵人，進入戰鬥後對敵方隨機單體附上等同於戰技效果的【承負】。,zh-TW
Segura Esse Socão!,拳頭硬了！,zh-TW
Selbstgezogener Sieg,門前清,zh-TW
Sentence universelle,十王敕令，遍土遵行,zh-TW
Sentencia de muerte,大辟萬死,zh-TW
Sentença de Morte,大辟萬死,zh-TW
"Sept épaisseurs, une flèche",箭徹七札,zh-TW
Serenade der Sirenen,海妖在歡唱,zh-TW
Serenata Sirênica,海妖在歡唱,zh-TW
Serenata de Seda,拭琴撫羅袂,zh-TW
Serenata de sirena,海妖在歡唱,zh-TW
Serenata sedosa,拭琴撫羅袂,zh-TW
Serment de conquête,踏破征途的誓言,zh-TW
"Sete Camadas, Uma Flecha",箭徹七札,zh-TW
"Setelah menggunakan Technique, Talent akan langsung terpicu saat pertempuran selanjutnya dimulai.",使用秘技後，下一次戰鬥開始時立即觸發天賦。,zh-TW
"Setelah menyerang musuh dan memasuki pertempuran, akan mengurangi Toughness target musuh sesuai dengan Tipe Toughness-nya.",攻擊敵人，進入戰鬥後削弱敵方目標對應屬性韌性。,zh-TW
"Setelah menyerang musuh dan memasuki pertempuran, akan mengurangi Toughness target musuh sesuai dengan Tipenya.",攻擊敵人，進入戰鬥後削弱敵方目標對應屬性韌性。,zh-TW
"Setelah menyerang musuh dan memasuki pertempuran, akan mengurangi Toughness target musuh sesuai dengan tipe Toughness-nya.",攻擊敵人，進入戰鬥後削弱敵方目標對應屬性韌性。,zh-TW
"Setelah menyerang musuh dan memasuki pertempuran, mengurangi Toughness target musuh sesuai dengan tipe Toughness-nya.",攻擊敵人，進入戰鬥後削弱敵方目標對應屬性韌性。,zh-TW
"Setelah menyerang musuh dan memasuki pertempuran, mengurangi Toughness target musuh sesuai dengan tipe Toughnessnya.",攻擊敵人，進入戰鬥後削弱敵方目標對應屬性韌性。,zh-TW
"Seven Layers, One Arrow",箭徹七札,zh-TW
Shackle Breaker,禁錮解除,zh-TW
Shape of Taixu: Dawn Herald,太虛形蘊•燭夜,zh-TW
Shard Sword,支離劍,zh-TW
Sheathed Blade,歸刃,zh-TW
"Shifu, Eu Ascendi!",師父，我悟了！,zh-TW
"Shifu, É Hora do Chá!",師父，請喝茶！,zh-TW
Shine of Truth,古鏡照神,zh-TW
Shining Bright,你最閃亮,zh-TW
Shoot 속성 대폭발,Shoot屬性大爆發,zh-TW
Shootモードオン,Shoot屬性大爆發,zh-TW
Shoot属性大爆发,Shoot屬性大爆發,zh-TW
Shot Loaded Right,槍口以右,zh-TW
Shuhu's Gift,倏忽恩賜,zh-TW
Shuhus Geschenk,倏忽恩賜,zh-TW
Si tu es heureux tape dans tes mains,開心你就拍拍手,zh-TW
Sichtfeld des Jägers,獵手的視界,zh-TW
"Sieben Schichten, ein Pfeil",箭徹七札,zh-TW
Sieg mit dem Kong!,槓上開花！,zh-TW
"Sieg, hoch über den Sturmwellen",勝局，凌越颶浪之上,zh-TW
Siegesrausch,乘勝追擊,zh-TW
"Sieh, der Anfang von Hoffnung!",看！是希望的起始！,zh-TW
"Sieh, wo Licht sich entfaltet",屏開千光，遍觀自在,zh-TW
"Siete de Marzo, heroína inigualable",蓋世女俠三月七,zh-TW
Signal Overflow: The Great Encore!,訊號溢出：好戲復刻！,zh-TW
Signalüberlauf: Die Show kehrt zurück!,訊號溢出：好戲復刻！,zh-TW
"Silence, Wraithfly's Caress",緘默，幽蝶之輕撫,zh-TW
"Silencio, caricia de la mariposa elegíaca",緘默，幽蝶之輕撫,zh-TW
Silken Serenade,拭琴撫羅袂,zh-TW
Singing Among Clouds,雲吟乍湧墜珠露,zh-TW
Single Target,單體攻擊,zh-TW
Sinh Diệt Trói Buộc,生滅繫縛,zh-TW
"Sinh Khí Vô Tận, Vạn Vật Thành Hình",生生之德，品物流形,zh-TW
Siren Đang Ca Hát,海妖在歡唱,zh-TW
Sirenic Serenade,海妖在歡唱,zh-TW
Sizzlin' Tango,熾礫舞者的探戈,zh-TW
Skill,戰技,zh-TW
Skill Dukungan,助戰技,zh-TW
Skill Showcase,耍耍把式賣賣藝,zh-TW
Skullcrush Spurs,蹄鐵裂顱,zh-TW
Sky-Shatter Fist,直衝碎天拳,zh-TW
Slash by a Thousandfold Kiss,孤鋒千吻,zh-TW
Slashed Dream Cries in Red,殘夢盡染，一刀繚斷,zh-TW
Sleight of Sparx Hand,幕後花手,zh-TW
Smoke and Splendor,識煙飛彩,zh-TW
Snowfield First Aid,雪原急救方案,zh-TW
Solar Splendor Shines Upon All,陽極照世，離火滿綴,zh-TW
Somatotypical Helix,分型的螺旋,zh-TW
Sombre... dans les cendres,沉溺……飛灰邀入墓床,zh-TW
Somos la melodía,我們自成旋律,zh-TW
Sonho Etéreo,洞天幻化，長夢一覺,zh-TW
Sonnenpracht scheint auf alle,陽極照世，離火滿綴,zh-TW
Sonrisa 3×9,三乘九的微笑,zh-TW
Sonrisa matadora,英雄一笑，生死難料,zh-TW
Soothing Melody,祥音和韻,zh-TW
Soplos de la aurora,流翠散雲,zh-TW
Sorriso 3x9,三乘九的微笑,zh-TW
Sourire caméra,英雄一笑，生死難料,zh-TW
Sourire carnassier,三乘九的微笑,zh-TW
Soutien,輔助,zh-TW
Sovela Quebra-mara,破魔錐,zh-TW
Spaltende Speerspitze,破敵鋒芒,zh-TW
Spaltender Hieb,鉞貫,zh-TW
Spaltender Hieb gen Himmel,鉞貫天衝,zh-TW
Sparschweinmarkt?!,豬市？！,zh-TW
Special Brew,罐裝特調,zh-TW
Spectrum Beam,光譜射線,zh-TW
Spektralstrahl,光譜射線,zh-TW
Spezialmischung in der Dose,罐裝特調,zh-TW
Spielen ... mit dem Riss der Erinnerung,撥弄……記憶綻開裂隙,zh-TW
Spirale fractale,分型的螺旋,zh-TW
Spiritus Invocation,攝召威靈,zh-TW
Spitze Schatten verborgener Klingen,鋒入幽渺，影出凌厲,zh-TW
Splendeur solaire éblouissante,陽極照世，離火滿綴,zh-TW
Splitting Spearhead,破敵鋒芒,zh-TW
Sprouting Life Sculpts Earth,生息破土，世界塑造,zh-TW
Sprung des Sumpfdrachen,匏蛟躍淵先雷音,zh-TW
Standardangriff,普通攻擊,zh-TW
Standing Ovation,劈頭滿堂彩,zh-TW
Starcharter Cruise,拓星巡航,zh-TW
Stardust Ace,星塵王牌,zh-TW
Staubteufels Tanz bei Sonnenuntergang,塵魔舞者的日落秀,zh-TW
Stehende Ovation,劈頭滿堂彩,zh-TW
Steigeisentechnik,冰攀前齒技術,zh-TW
Steigendes Shoot-Attribut,Shoot屬性大爆發,zh-TW
Sternenexpedition,拓星巡航,zh-TW
Sternenfuge mit tausend Klängen,千音迭奏，群星賦格,zh-TW
Sternenstaub-Ass,星塵王牌,zh-TW
Sternschlag,始擊歲星,zh-TW
"Stille, Liebkosung des Phantomschmetterlings",緘默，幽蝶之輕撫,zh-TW
Stormborn,嵐身,zh-TW
Strahlender Schweif,煥煥辰尾,zh-TW
Strahlendes Mondleuchten,流影方暉,zh-TW
Straight Bet,直觀投注,zh-TW
"Strategeme und List, Köstlichkeiten und Gift",四示八權，纖滋精味,zh-TW
Streichelndes Mondlicht,月光摩挲連綿,zh-TW
Stride to Deliverance,逐火救世，行則將至,zh-TW
String Sings Slow Swirls,慢撚抹復挑,zh-TW
"Stromschnellen, Volltreffer",激流，正中紅心,zh-TW
Stygian Resurge,黃泉返渡,zh-TW
Sublime Object,崇高的客體,zh-TW
Subsidio explícito,明補,zh-TW
Subsídio Explícito,明補,zh-TW
Subvention explicite,明補,zh-TW
Sueño de flores efímeras,曇華生滅，天河瀉夢,zh-TW
"Sueño destrozado, lágrimas escarlata",殘夢盡染，一刀繚斷,zh-TW
Sueño etéreo,洞天幻化，長夢一覺,zh-TW
Summary Execution,斬立決,zh-TW
Summer Strums the Soul,盛夏是靈魂的樂手,zh-TW
Summon,召喚,zh-TW
Superioridade de Alcance,寸長寸強,zh-TW
Superiority of Reach,寸長寸強,zh-TW
Superposición de poder exquisita,四示八權，纖滋精味,zh-TW
Supervivencia al aire libre,戶外生存經驗,zh-TW
Suporte,輔助,zh-TW
Support,輔助,zh-TW
Suppression de la gravité,重力壓制,zh-TW
Suppression de zone,領域壓制,zh-TW
Supresión de la gravedad,重力壓制,zh-TW
Supresión de área,領域壓制,zh-TW
Supressão Gravitacional,重力壓制,zh-TW
Supressão de Zona,領域壓制,zh-TW
Surcando el cielo infinito,巡遊在無界的天空,zh-TW
Surcharge de l'étoile mourante de Lampyroptère type IV,火螢Ⅳ型-死星超載,zh-TW
Surprise Present,驚喜禮盒,zh-TW
Survol des cieux,巡遊在無界的天空,zh-TW
Svarog Cuida de Você,史瓦羅在看著你,zh-TW
Svarog Watches Over You,史瓦羅在看著你,zh-TW
Svarog te vigila,史瓦羅在看著你,zh-TW
Svarog veille sur toi,史瓦羅在看著你,zh-TW
Svarog Đang Nhìn Ngươi,史瓦羅在看著你,zh-TW
Svarogs Auge ruht auf dir,史瓦羅在看著你,zh-TW
Swift Harvest,極速收割,zh-TW
Swing Dance Etiquette,搖擺的禮儀,zh-TW
Swing-Etikette,搖擺的禮儀,zh-TW
Swordsong: Absolution Denied,劍歌•神鬼無赦,zh-TW
Syllabus: Pop Quiz,課業•突擊檢查,zh-TW
Syllogistic Paradox,三段悖論,zh-TW
Synthetic Black Hole,擬似黑洞,zh-TW
Synthetisches Schwarzes Loch,擬似黑洞,zh-TW
System Warning,|系統警告|,zh-TW
Systemwarnung,|系統警告|,zh-TW
Sáng Thế - Gai Máu Độ Vong,創生•血棘渡亡,zh-TW
Sát Thần Đăng Thần,弒神登神,zh-TW
Sát Vương Thành Vương,弒王成王,zh-TW
Sägeblatt-Justierung,武裝調律,zh-TW
Säuberung der Welt,蒼龍傲睨，劫水濯世,zh-TW
Sérénade de soie,拭琴撫羅袂,zh-TW
Sérénade des sirènes,海妖在歡唱,zh-TW
"Sóng Ngược Biển Khơi, Hứng Khúc Say Hồn",絕海回濤，噬魂舞曲,zh-TW
"Sóng Âm, Định Tông Cho Làn Gió Biển",音浪，為海風定調,zh-TW
Súng Lửa Xung Trận,陷陣無回的炎槍,zh-TW
"Săn Đuổi Lửa Cứu Thế, Cứ Đi Sẽ Đến",逐火救世，行則將至,zh-TW
Sơ Cứu Vùng Tuyết,雪原急救方案,zh-TW
"Sư Phụ, Mời Uống Trà!",師父，請喝茶！,zh-TW
Sương Giá Đầy Trời,霜鋒點寒芒,zh-TW
Sấm Sét Săn Lùng,雷狩,zh-TW
"Sắc Lệnh Thập Vương, Đồng Loạt Thi Hành",十王敕令，遍土遵行,zh-TW
Sắc Thắm - Không Vui Là Chém,緋色•不樂即斬,zh-TW
Sắp... Sắp Trễ Rồi!,要……要遲到了！,zh-TW
"Sụp Đổ, Hoàng Hôn Giả Dối",失墜，偽神的黃昏,zh-TW
Sức Nóng Bùng Nổ,熔核爆裂,zh-TW
Sự Ban Ơn Của Giấy Và Nghi Thức,紙與儀典的恩賜,zh-TW
Sự Luân Chuyển Sinh Mệnh,生息的輪轉,zh-TW
Tai Ương - Chiếu Chỉ Thiêu Đốt Linh Hồn,災厄•弒魂焚詔,zh-TW
Tail: Spiritual Domination,尾巴•遣神役鬼,zh-TW
Talent,天賦,zh-TW
Talento,天賦,zh-TW
Talho de Mil Beijos,孤鋒千吻,zh-TW
Talisman de protection,靈符•保命護身,zh-TW
Talisman: Protection,靈符•保命護身,zh-TW
Talisman: Schutz des Lebens,靈符•保命護身,zh-TW
Talismán: Protección,靈符•保命護身,zh-TW
Talismã: Proteção,靈符•保命護身,zh-TW
Talons: Inculcate Decorum,利爪，授以禮儀,zh-TW
Tam Đoạn Phản Luận,三段悖論,zh-TW
También somos gigantes persigueestrellas,我們，亦是逐星的巨人,zh-TW
Tango Crepitante,熾礫舞者的探戈,zh-TW
Tango de las brasas ardientes,熾礫舞者的探戈,zh-TW
Tango des Tänzers auf brennendem Kies,熾礫舞者的探戈,zh-TW
Tango endiablé,熾礫舞者的探戈,zh-TW
"Tanzen wir, schicksalsbestimmte Kleidermacherin",共舞吧，命定的衣匠,zh-TW
Tanzlieder auf ganzem Spektrum,全屏段的高空踏歌,zh-TW
Tarea: inspección sorpresa,課業•突擊檢查,zh-TW
Tarifa de descorche,開瓶費,zh-TW
Tauche ein in diese azurblaue Rhapsodie,躍入這片蔚藍狂想,zh-TW
Tausend Tode ohne Bedauern,萬死無悔,zh-TW
Taxa de Rolha,開瓶費,zh-TW
Te dije que era magia,早就說了是魔法吧,zh-TW
Te falei! A Mágica Acontece,早就說了是魔法吧,zh-TW
Technik,秘技,zh-TW
Technique,秘技,zh-TW
Technique ninja : Jauge d'endurance,忍•科學•堪忍袋,zh-TW
Tecnologia Ninja: Medidor de Resistência,忍•科學•堪忍袋,zh-TW
Tecnología ninja: Bolsa resistométrica,忍•科學•堪忍袋,zh-TW
Telar del capricho del destino,無端命運的機杼,zh-TW
Tempestade Certeira,激流，正中紅心,zh-TW
Tempestade de Meteoros,流星群落,zh-TW
Temporal no Intervalo,中場饋贈的雨,zh-TW
Tempête de météores,流星群落,zh-TW
"Ten-Lords' Decree, All Shall Obey",十王敕令，遍土遵行,zh-TW
Tenax Per Ignem,千冶鑄一，萬劫燼滅,zh-TW
Tengo una idea genial,我有一個大膽的想法,zh-TW
Terceiro Golpe Imortal,不死三振,zh-TW
Tercer golpe inmortal,不死三振,zh-TW
Terra Omnibus,淵渟嶽峙，地載八荒,zh-TW
Terrasplit,鑿破大荒,zh-TW
"Terre, mère de vie",淵渟嶽峙，地載八荒,zh-TW
Terremoto de Lâminas,飛鋏震赫,zh-TW
Tesoro de los Arquitectos,築城者遺寶,zh-TW
Tesouro dos Arquitetos,築城者遺寶,zh-TW
Tetrad Wisdom Reigns Thrice,四分明哲，三重至高,zh-TW
Tha Thứ Không Có Nghĩa Là Nhân Từ,寬恕無關慈悲,zh-TW
Tha Thứ Không Có Nghĩa là Nhân Từ,寬恕無關慈悲,zh-TW
Thang Âm Sấm Sét,雷鳴音階,zh-TW
Thanh Năng Lượng Socola,巧克力能量棒,zh-TW
Thanh Xuân - Tuổi Trẻ Vô Hạn,青春•韶華無限,zh-TW
That Smile Hits Different,英雄一笑，生死難料,zh-TW
The Belobog March,貝洛伯格進行曲,zh-TW
The Glorious Mysteries,榮光之秘,zh-TW
The Heart Makes the Finest Tomb,心……是最好的墳塋,zh-TW
The Hero with a Thousand Faces,一人千役,zh-TW
The Hospitable Dolosian,熱情好客的多洛斯人,zh-TW
The One True Sword,御劍真訣,zh-TW
The Power of Cuteness,可愛即是正義,zh-TW
The Red or the Black,紅黑之間,zh-TW
The Sea Sings in My Key,音浪，為海風定調,zh-TW
The Sorrowing Body,傾訴之肉身,zh-TW
This? Absolute Meta!,朋友，這才是T0級秘技,zh-TW
Thiên Bút Tiên Tri,冥讖天筆,zh-TW
Thiên Phú,天賦,zh-TW
Thiên Phạt Quán Thân,天罰貫身,zh-TW
Thiêu Đốt Tập Kích,燔燎急襲,zh-TW
Thong Thả Trong Mưa,徜徉靈澤病恙短,zh-TW
Thorned Nectar,刺紋之蜜,zh-TW
Thorns of the Abyss,黑淵的棘刺,zh-TW
Threading Fragrance,一針幽蘭,zh-TW
Thron der brennenden Knochen,誅天焚骨的王座,zh-TW
Throne of Bones,誅天焚骨的王座,zh-TW
Thu Cánh Tung Đao,伸天卑飛，折翅為芒,zh-TW
Thu Thập Dữ Liệu,資料收集,zh-TW
Thunderhunt,雷狩,zh-TW
Thuật Nâng Cao Trí Tuệ,精神催生法,zh-TW
Thwack,強襲,zh-TW
Thành Lũy Cầm Chân,牽制盜壘,zh-TW
Thân Này Là Đuốc,此身為炬,zh-TW
Thân Ta Tỏa Sáng,吾身光明,zh-TW
Thân Xác Thổ Lộ,傾訴之肉身,zh-TW
Thông Suốt Chưa,開竅了嗎,zh-TW
Thương Thuật Vân Kỵ - Gió Bắc,雲騎槍術•朔風,zh-TW
Thương Thuật Vân Kỵ - Lũ Cuốn,雲騎槍術•疾雨,zh-TW
Thần Chiếu Cổ Kính,古鏡照神,zh-TW
Thập Phương Vô Xá,十方無赦,zh-TW
Thắp Sáng Mốc Dẫn Đường Đầu Tiên,點燃第一里航標,zh-TW
"Thế Sự Như Cờ, Bốn Nước Chiếu Hết",世事如棋，四步堪殺,zh-TW
"Thời Tiết Thật Đẹp, Vạn Vật Thật Đáng Yêu!",天氣正好，萬物可愛！,zh-TW
Thủy Kích Tuế Tinh,始擊歲星,zh-TW
Thức Uống Ủ Đặc Biệt,罐裝特調,zh-TW
Tia Lửa Bắn Tóe,火花四濺,zh-TW
Tia Quang Phổ,光譜射線,zh-TW
"Tia Sáng Lướt Qua, Vượt Mọi Cấm Kỵ",浮光過隙，百無禁忌,zh-TW
Tia Sáng Xuyên Băng,穿徹堅冰的烈芒,zh-TW
Tiempo difuminado,從此歲月朦朧,zh-TW
Tierra de verdor esculpida,生息破土，世界塑造,zh-TW
"Tierra, portadora de vida",淵渟嶽峙，地載八荒,zh-TW
Time Distortion,時空扭曲,zh-TW
Time Thence Blurs,從此歲月朦朧,zh-TW
Tipsy Tussle,鏖戰正酣,zh-TW
Tir de flèche,流鏑,zh-TW
Tir du mistral,馭風的子彈,zh-TW
Tir en rafale,擊錘連弩,zh-TW
Tir givré,冰點射擊,zh-TW
Tiro Gélido,冰點射擊,zh-TW
Tiếng Roi: Quét Sạch Ác Thú,鞭哨，逐盡惡獸,zh-TW
"Tiếng Thét Tử Vong, Hồi Chuông Tái Sinh",亡喉怒哮，甦生之頌鈴,zh-TW
"Tiếng Thét Đau Thương, Điềm Báo Chết Chóc",悲鳴，賜死之先聲,zh-TW
Tiếng Đàn Thiên Cung,天闕鳴弦,zh-TW
Tiễn Khách,逐客令,zh-TW
To Love and Tomorrow ♪,向著愛與明天♪,zh-TW
Toca las palmas si estás feliz,開心你就拍拍手,zh-TW
Todavía se puede optimizar,可以改良一下,zh-TW
Todes-Homerun,安息全壘打,zh-TW
"Todesschrei, Glockenschlag des Erwachens",亡喉怒哮，甦生之頌鈴,zh-TW
Todestrieb,歸葬的遂願,zh-TW
Todesurteil,大辟萬死,zh-TW
Todo Carma Cobra Seu Preço,因果盡償,zh-TW
Todo Mundo Fazendo Barulho!,此即應援,zh-TW
"Together, Mem!",一起上吧，迷迷！,zh-TW
"Together, We Script Tomorrow!",明天，一同寫下！,zh-TW
Toile du caprice du destin,無端命運的機杼,zh-TW
Told Ya! Magic Happens,早就說了是魔法吧,zh-TW
Ton de la brise marine,音浪，為海風定調,zh-TW
Tonal Resonance,調性合頌,zh-TW
Tormenta de meteoritos,流星群落,zh-TW
Tornafagulha Violeta,紫電扶搖,zh-TW
Tornasol vuelvevientos,翻風轉日,zh-TW
Torrent droit au cœur,激流，正中紅心,zh-TW
Torrente en el blanco,激流，正中紅心,zh-TW
Tourments de la vérité,楚痛，釀造實識,zh-TW
Tous mourront de ma lame,十方無赦,zh-TW
Toàn Thắng - Trận Chiến Cuối Cùng,全勝•安息全壘打,zh-TW
Toàn Thắng - Trận Đánh Chia Tay,全勝•再見安打,zh-TW
"Trailblaze, By Your Side",開拓，與你同行,zh-TW
"Trailblaze, an deiner Seite",開拓，與你同行,zh-TW
Trampa interactiva,互動陷阱,zh-TW
Trancazo,強襲,zh-TW
Transcendance,瞬華,zh-TW
Transcendence,瞬華,zh-TW
Transcendent Flash,無罅飛光,zh-TW
Transcendência,瞬華,zh-TW
Transmigración creciente,澹月轉魄,zh-TW
Transmigração Crescente,澹月轉魄,zh-TW
Transzendenter Blitz,無罅飛光,zh-TW
Transzendenz,瞬華,zh-TW
Traque-tonnerre,雷狩,zh-TW
Tras la adversidad viene la felicidad,乾清坤夷，否極泰來,zh-TW
Tras la amabilidad,仁慈的背面,zh-TW
"Tras usar la técnica, el talento se activa inmediatamente al comenzar la siguiente batalla.",使用秘技後，下一次戰鬥開始時立即觸發天賦。,zh-TW
"Tras usar la técnica, obtiene Mérito militar. Cuando cambia el personaje activo, Mérito militar se transfiere al personaje activo actualmente. Al comenzar la siguiente batalla, lanza automáticamente la habilidad básica una vez sobre el personaje que tenga Mérito militar sin consumir pts. de habilidad básica.",使用秘技後獲得【軍功】，切換行動角色時【軍功】轉移至當下行動角色。下一次戰鬥開始時自動對持有【軍功】的角色施放1次戰技，此次戰技不消耗戰技點。,zh-TW
Trascendencia,瞬華,zh-TW
Traum der vergänglichen Blüten,曇華生滅，天河瀉夢,zh-TW
"Trazacaminos, ¡siempre contigo!",放心飛，開拓永相隨！,zh-TW
Trazando caminos junto a ti,開拓，與你同行,zh-TW
Treasure of the Architects,築城者遺寶,zh-TW
Tri Thức Là Sức Mạnh,知識就是力量,zh-TW
Tribbie Está Sempre Ocupada,好忙好忙的緹寶,zh-TW
Tribbie Rất Rất Bận,好忙好忙的緹寶,zh-TW
Tribbie ist immer beschäftigt,好忙好忙的緹寶,zh-TW
Tribbie à la rescousse,好忙好忙的緹寶,zh-TW
Trigger Happy,Shoot屬性大爆發,zh-TW
Trilateral Wiltcross,三途枯榷,zh-TW
Trille crépusculaire,悲劇盡頭的顫音,zh-TW
Triệu Hồi,召喚,zh-TW
Triệu Hồi Uy Linh,攝召威靈,zh-TW
Troisième prise immortelle,不死三振,zh-TW
Trono de Ossos,誅天焚骨的王座,zh-TW
Trono del verdugo celestial,誅天焚骨的王座,zh-TW
"Tropfen auf den roten Blättern, Leere",紅葉時雨，萬傾一空,zh-TW
Trostlosigkeit auf den Handflächen,掌心淌過的荒蕪,zh-TW
Trotter Market!?,豬市？！,zh-TW
Trou noir synthétique,擬似黑洞,zh-TW
Trouble en eaux calmes,於靜水掀起風浪,zh-TW
Trovoada Estrondosa,雷鳴音階,zh-TW
Trovão Descendente,閃裂,zh-TW
Trovão Descendente,閃裂刃舞,zh-TW
Trovão Oportuno,匏蛟躍淵先雷音,zh-TW
Truco narrativo,敘述性詭計,zh-TW
Trueno ensordecedor,雷鳴音階,zh-TW
Trung Khu Kén Lửa,繭式源火中樞,zh-TW
Trunken vom Kampf,鏖戰正酣,zh-TW
Truy Kích Dồn Dập,乘勝追擊,zh-TW
Trào Lưu Cơ Giới Bùng Nổ!,機械熱潮登場！,zh-TW
Trái Tim Là Nấm Mồ Tốt Nhất,心……是最好的墳塋,zh-TW
Trái Tim Ngay Thẳng,亢心,zh-TW
"Trán Một Nhát, Tim Một Nhát",一扎皺眉，二扎心,zh-TW
Trésor des Architectes,築城者遺寶,zh-TW
Trình Diễn Sát Thương Cấp Honkai,崩壞級傷害演示,zh-TW
Trône d'annihilation,誅天焚骨的王座,zh-TW
"Trăm Hoa Đua Nở, Kẻ Thắng Độc Tôn!",百花齊放，勝者獨享！,zh-TW
Trạch Chi,澤芝,zh-TW
Trả Hết Nhân Quả,因果盡償,zh-TW
Trảm Phá Đại Địa,鑿破大荒,zh-TW
"Trấn Áp Cái Ác, Bảo Vệ Sinh Linh",鎮惡護生,zh-TW
Trầm Luân Trong Vòng Tay,沉醉於彼界的臂灣,zh-TW
Trận Chiến Cuối Cùng,安息全壘打,zh-TW
Trận Đánh Chia Tay,再見安打,zh-TW
Trọng Lực Áp Chế,重力壓制,zh-TW
Trợ Cấp,明補,zh-TW
Trụ Cột - Phán Quyết Tử Tinh,支柱•死星天裁,zh-TW
Trứng Nổ Bùm Bùm,爆爆爆炸蛋,zh-TW
Trừng Trị Cuồng Giả,狂者制裁,zh-TW
Trừng Trị Kẻ Ác,罰惡,zh-TW
Tubarão das Apostas,輪盤勳爵,zh-TW
Tuer d'une lame brisée,殘鋒，掠盡,zh-TW
"Tugend des Lebens, ewig fließend",生生之德，品物流形,zh-TW
Tumba bajo las espadas,刃下，歸葬,zh-TW
Tumulte de minuit,夜間喧囂不止,zh-TW
Tumulto a medianoche,夜間喧囂不止,zh-TW
Tumulto da Meia-noite,夜間喧囂不止,zh-TW
Turmfalke im Sturzflug,貫雲飲羽,zh-TW
Turn a Profit!,轉虧為盈！,zh-TW
Tuyên Ngôn Thuần Khiết,純粹高潔宣言,zh-TW
Tuyệt Kỹ,終結技,zh-TW
"Tuyệt Sát, Cát Nóng Sục Sôi",絕殺，熱砂沸騰,zh-TW
Twilight Trill,悲劇盡頭的顫音,zh-TW
Tài Khoản Đã Bị Khóa,|帳號封鎖|,zh-TW
Tác Chiến Và Tái Bố Trí,作戰再部署,zh-TW
Tái Hiện,再現,zh-TW
Técnica,秘技,zh-TW
Técnica de Grampos de Neve,冰攀前齒技術,zh-TW
Técnica de Proplayer,殿堂級操作回放,zh-TW
Técnica de crampón,冰攀前齒技術,zh-TW
Técnica de espada de la Nimbocaballera: Caída,雲騎劍經•山傾,zh-TW
Técnica de espada de la Nimbocaballera: Halo estelar,雲騎劍經•素霓,zh-TW
Técnica de espada de la Nimbocaballera: Premura,雲騎劍經•叩陣,zh-TW
Tê Cóng,低溫妨害,zh-TW
Tên Bay,流鏑,zh-TW
"Tên Bay Rít Gió, Giao Đấu Hân Hoan",雀翎鳴鏑，過招有喜,zh-TW
Tên Xuyên Bảy Bia,箭徹七札,zh-TW
Tình Yêu Khi Cầu Vồng Lan Tỏa,愛在虹光灑落時,zh-TW
Tình Yêu Rộn Ràng,反覆橫跳的愛,zh-TW
"Tình Yêu, Chữa Lành Và Sự Chọn Lựa",愛，救護與抉擇,zh-TW
Tín Hiệu Quá Tải: Màn Kịch Hay Tái Xuất!,訊號溢出：好戲復刻！,zh-TW
Tôi Chọn Em!,就決定是你了！,zh-TW
Tôi Có Một Suy Nghĩ Táo Bạo,我有一個大膽的想法,zh-TW
"Tôi Gánh Team, Bao Thắng Chắc",有我在，把把都是順風局,zh-TW
"Tôi Nói Vui Vẻ, Không Nghe Thấy À?",我說歡愉，你是聾了嗎？,zh-TW
"Tôi Tư Duy, Nên Tôi Tồn Tại",我思故我在,zh-TW
"Tĩnh Lặng Thâm Trầm, Chở Che Bát Hoang",淵渟嶽峙，地載八荒,zh-TW
Tấn Công,攻擊,zh-TW
Tấn Công Thường,普通攻擊,zh-TW
"Tấn công kẻ địch ngay lập tức, sau khi vào chiến đấu, sẽ kèm theo ""Sức Nặng"" với hiệu ứng giống như Chiến Kỹ cho 1 kẻ địch ngẫu nhiên.",立即攻擊敵人，進入戰鬥後對敵方隨機單體附上等同於戰技效果的【承負】。,zh-TW
"Tấn công kẻ địch, sau khi vào chiến đấu sẽ làm giảm Sức Bền mang thuộc tính tương ứng của mục tiêu phe địch.",攻擊敵人，進入戰鬥後削弱敵方目標對應屬性韌性。,zh-TW
"Tấn công kẻ địch, sau khi vào chiến đấu sẽ làm giảm Sức Bền mang thuộc tính tương ứng của địch.",攻擊敵人，進入戰鬥後削弱敵方目標對應屬性韌性。,zh-TW
"Tấn công kẻ địch, sau khi vào chiến đấu sẽ làm giảm Sức Bền thuộc tính tương ứng của kẻ địch.",攻擊敵人，進入戰鬥後削弱敵方目標對應屬性韌性。,zh-TW
"Tấn công kẻ địch, sau khi vào chiến đấu sẽ làm giảm Sức Bền thuộc tính tương ứng của mục tiêu phe địch.",攻擊敵人，進入戰鬥後削弱敵方目標對應屬性韌性。,zh-TW
"Tấn công kẻ địch, sau khi vào chiến đấu sẽ làm giảm Sức Bền thuộc tính tương ứng của địch.",攻擊敵人，進入戰鬥後削弱敵方目標對應屬性韌性。,zh-TW
"Tấn công kẻ địch, sau khi vào chiến đấu sẽ làm giảm sức bền thuộc tính tương ứng của kẻ địch.",攻擊敵人，進入戰鬥後削弱敵方目標對應屬性韌性。,zh-TW
"Tấn công kẻ địch, sau khi vào chiến đấu sẽ làm suy yếu Sức Bền thuộc tính tương ứng của kẻ địch.",攻擊敵人，進入戰鬥後削弱敵方目標對應屬性韌性。,zh-TW
"Tấn công kẻ địch, sau khi vào chiến đấu sẽ làm suy yếu Sức Bền thuộc tính tương ứng của mục tiêu phe địch.",攻擊敵人，進入戰鬥後削弱敵方目標對應屬性韌性。,zh-TW
"Tấn công kẻ địch, sau khi vào chiến đấu, sẽ làm giảm Sức Bền thuộc tính tương ứng của mục tiêu phe địch.",攻擊敵人，進入戰鬥後削弱敵方目標對應屬性韌性。,zh-TW
"Tấn công kẻ địch, vào chiến đấu và làm suy yếu Sức Bền thuộc tính tương ứng của kẻ địch.",攻擊敵人，進入戰鬥後削弱敵方目標對應屬性韌性。,zh-TW
Tầm Nhìn Của Thợ Săn,獵手的視界,zh-TW
Tận Cùng Gió Tây Là Yên Bình Vĩnh Hằng,西風盡頭，寧謐永恆,zh-TW
Tập Kích Mạnh Mẽ,強襲,zh-TW
"Tặng Người Một Quẻ, Rực Rỡ Lửa Hoa",贈君一卦，火樹銀花,zh-TW
Tịt Ngòi Rồi Sao,啞火了嗎,zh-TW
Tỏa Sáng Rực Rỡ,你最閃亮,zh-TW
Tối Thượng,瞬華,zh-TW
"Tứ Thị Bát Quyền, Tiêm Tư Tinh Vị",四示八權，纖滋精味,zh-TW
Tứ Tướng Đoạn Ngã,四相斷我,zh-TW
Từ Đây Thời Gian Mịt Mù,從此歲月朦朧,zh-TW
Tự Ù,門前清,zh-TW
U Lan Âm Sắc,一針幽蘭,zh-TW
Ultimate,終結技,zh-TW
Ultimative Evolution,天律大衍，歷劫歸一,zh-TW
Ultime,終結技,zh-TW
"Um Belo Dia, Uma Vida de Alegria!",天氣正好，萬物可愛！,zh-TW
Um Brinde ao Calor do Verão!,舉杯！敬熾烈一夏,zh-TW
"Um Golpe, Fim de Tudo",斷念一斬,zh-TW
Um Preço Baixo pela Vitória,勝利的小小代價,zh-TW
Um Quarteto? Uhul!,四么暗刻？胡！,zh-TW
Uma Chuva de Lâminas Sela o Destino,刃下，歸葬,zh-TW
Uma Colherada da Lua,海底撈月,zh-TW
Uma Lâmina Quebrada Ainda Mata,殘鋒，掠盡,zh-TW
Uma Lâmina Temperada Ceifa Almas,淬鋒，斷魄,zh-TW
Un pari au son des abysses,拋注，聽深淵迴響,zh-TW
Un pequeño precio por la victoria,勝利的小小代價,zh-TW
"Un poing, c'est tout !",拳頭硬了！,zh-TW
Una flecha por siete capas,箭徹七札,zh-TW
Une offre à ne pas manquer,一錘子買賣,zh-TW
Ungezückte Klinge,歸刃,zh-TW
Unheil: Erlass des Seelenmords,災厄•弒魂焚詔,zh-TW
Unhold: Unterdrückung von Dämonen,凶煞•劾壓鬼物,zh-TW
Unnachgiebiger Wille,不屈之身,zh-TW
Unreliable Narrator,不可靠敘事者,zh-TW
Unsichtbare Flügel,脅翼匿跡,zh-TW
Unsterblicher dritter Schlag,不死三振,zh-TW
Unter den Wolken singen,雲吟乍湧墜珠露,zh-TW
"Unter der Klinge, letzte Ruhe",刃下，歸葬,zh-TW
Unterstützung,輔助,zh-TW
Unterstützungsfertigkeit,助戰技,zh-TW
Untethered Glimmer Sails Far,浮光過隙，百無禁忌,zh-TW
Unvollständige Verbrennung,不完全燃燒,zh-TW
Unyielding Will,不屈之身,zh-TW
Unzuverlässiger Erzähler,不可靠敘事者,zh-TW
Upraise the Vanward Cresset,升起領航的烽火,zh-TW
Urteil der Unterwelt,判冥,zh-TW
User Banned,|帳號封鎖|,zh-TW
Usuário Banido,|帳號封鎖|,zh-TW
V-Vou me Atrasar!,要……要遲到了！,zh-TW
Vaga-lume Tipo-IV: Combustão Completa,火螢Ⅳ型-完全燃燒,zh-TW
Vaga-lume Tipo-IV: Dizimação Pirogênica,火螢Ⅳ型-底火斬擊,zh-TW
Vaga-lume Tipo-IV: Sobrecarga da Estrela da Morte,火螢Ⅳ型-死星超載,zh-TW
Vague de la victoire,勝局，凌越颶浪之上,zh-TW
Vamos Escrever o Amanhã!,明天，一同寫下！,zh-TW
"Vamos, Mem!",一起上吧，迷迷！,zh-TW
Vantagem do Primeiro Movimento,先發優勢,zh-TW
Vapeurs incandescentes,識煙飛彩,zh-TW
Velocidad del rayo,如雷疾行,zh-TW
Vem Comigo Nesta Noite,今夜與我同行,zh-TW
Vengeance du Styx,黃泉返渡,zh-TW
Vent de karma,業途風,zh-TW
Ventaja de la iniciativa,先發優勢,zh-TW
Vento do Carma,業途風,zh-TW
Ventura vestida de hierro y plumas,霓裳鐵羽，六爻皆吉,zh-TW
"Verblassende Träume, ein Klingenstreich",殘夢盡染，一刀繚斷,zh-TW
Verblühen: Zerstreute Erinnerungen,落英•散者皆憶,zh-TW
Verdad destilada del dolor,楚痛，釀造實識,zh-TW
Verdiente Glückseligkeit,有道祥見，銜書搖風,zh-TW
"Verlust, falsche Abenddämmerung",失墜，偽神的黃昏,zh-TW
"Vernichtender Schlag, sengender Sand",絕殺，熱砂沸騰,zh-TW
Vernichtung des Frevels,攝伏諸惡,zh-TW
Vers l'amour et vers demain ♪,向著愛與明天♪,zh-TW
Verse ◦ Vow ∞,詩的「◦」誓約的「∞」,zh-TW
Versinken ... ins Grab der Asche,沉溺……飛灰邀入墓床,zh-TW
Verso ◦ Juramento ∞,詩的「◦」誓約的「∞」,zh-TW
Verstärkung,強化,zh-TW
Verstärkung abbrechen,取消強化。,zh-TW
Verteidigung,防禦,zh-TW
Vertrag im Abgrund,墮此欲淵，立此獄契,zh-TW
Vertu mère de fortune,善盈後福，德氣流布,zh-TW
"Verweile doch, du bist so schön!",逗留一下吧，你是那樣美！,zh-TW
Vibe Checker,看看好看的,zh-TW
Vibração do Crepúsculo,悲劇盡頭的顫音,zh-TW
Victoria sobre las olas,勝局，凌越颶浪之上,zh-TW
Victoria total: Carrera final,全勝•安息全壘打,zh-TW
Victoria total: Golpe de despedida,全勝•再見安打,zh-TW
Victory Rush,乘勝追擊,zh-TW
Viento cortante,撕風的匕首,zh-TW
Viento kármico,業途風,zh-TW
Vier Phasen des Ich,四相斷我,zh-TW
Vier verborgene Fische? Gewonnen!,四么暗刻？胡！,zh-TW
"Vierfache Weisheiten, drei höchste Wahrheiten",四分明哲，三重至高,zh-TW
Vinh Quang Thuộc Về Hoàng Đế,榮光屬於凱撒,zh-TW
Violet Sparknado,紫電扶搖,zh-TW
Violetter Funkenwirbel,紫電扶搖,zh-TW
Virtue Beckons Bliss,有道祥見，銜書搖風,zh-TW
Vision de prédateur,獵手的視界,zh-TW
Visionary Predation,獵手的視界,zh-TW
Visión predadora,獵手的視界,zh-TW
Visé juste,槍口以右,zh-TW
Vitória Sobre as Ondas,勝局，凌越颶浪之上,zh-TW
Viên Đạn Cưỡi Gió,馭風的子彈,zh-TW
"Việc Thiện Tích Đức, Phúc Khí Dồi Dào",善盈後福，德氣流布,zh-TW
Você Compreendeu?,開竅了嗎,zh-TW
Voile des brumes évanescentes,幔亭繚霞,zh-TW
Vol obscur,脅翼匿跡,zh-TW
Voll auf die Zwölf!,拳頭硬了！,zh-TW
Volonté inflexible,不屈之身,zh-TW
Voluntad de hierro,不屈之身,zh-TW
Volée de papillons,亂蝶,zh-TW
Vom Verlust zum Gewinn!,轉虧為盈！,zh-TW
Vontade Inabalável,不屈之身,zh-TW
Vorausdenker,搶先者,zh-TW
Vorteil der Initiative,先發優勢,zh-TW
Vorteile für Gönner,古來君子養藝人,zh-TW
Votive Incense,肅香,zh-TW
Voto das Profundezas,墮此欲淵，立此獄契,zh-TW
Vous aimez ? C'est pionnier !,燃燒起來了！,zh-TW
Vow of Voyage,踏破征途的誓言,zh-TW
Vow of the Deep,墮此欲淵，立此獄契,zh-TW
"Vox Harmonique, Opus Cosmique",千音迭奏，群星賦格,zh-TW
Voyage commun sur un chemin brûlant,共赴灼熱的遠征,zh-TW
Voyons voir ce qu'il y a de beau,看看好看的,zh-TW
Vue de l'enfer,地獄變,zh-TW
"Vui Quẩy Hết Mức, Quay Hình Hết Mình",萬我狂歡，鏡頭不要停,zh-TW
Vuốt Sắc: Truyền Thụ Lễ Nghi,利爪，授以禮儀,zh-TW
Vì Chúng Ta Là Người Một Nhà,因為我們是家人,zh-TW
Vía del ninja suprema: Aishiteru,忍道•極•愛死天流,zh-TW
Vô Hạ Phi Quang,無罅飛光,zh-TW
"Vĩnh Kiếp Thiêu Thế, Một Mình Gánh Mang",永劫燔世，其將背負,zh-TW
Vũ Trụ Tiềm Ẩn - Nến Đêm,太虛形蘊•燭夜,zh-TW
Vũ Điệu Lưỡi Đao Chớp Nhoáng,閃裂刃舞,zh-TW
Vạn Lần Chết Không Hối Hận,萬死無悔,zh-TW
Vận Mệnh - Thân Này Là Thần,命運•此軀即神,zh-TW
Vệt Đuôi Rực Rỡ,煥煥辰尾,zh-TW
"Vực Thẳm Dục Vọng, Khế Ước Ngục Tù",墮此欲淵，立此獄契,zh-TW
"Wail, Death's Herald",悲鳴，賜死之先聲,zh-TW
"Wait, You Are So Beautiful!",逗留一下吧，你是那樣美！,zh-TW
Wallow... Entombed Ash,沉溺……飛灰邀入墓床,zh-TW
War-Flaming Lance,陷陣無回的炎槍,zh-TW
Waraxe,鉞貫,zh-TW
Waraxe Skyward,鉞貫天衝,zh-TW
Warten auf Systemantwort ...,等待程式回應……,zh-TW
Was schaust du so?,看什麼看,zh-TW
Watch This Showstopper,給您來段看家戲,zh-TW
We Are So Back!,燃燒起來了！,zh-TW
We Are the Melody,我們自成旋律,zh-TW
We Who Fly Into Twilight,飛入晨昏的我們,zh-TW
"We, Too, Stride the Stars",我們，亦是逐星的巨人,zh-TW
Weg der Ninjas: Aishiteru,忍道•極•愛死天流,zh-TW
Weil wir eine Familie sind,因為我們是家人,zh-TW
Welke Pfade der Schreckenstriade,三途枯榷,zh-TW
Weltheilendes Morgenlicht,療癒世間的晨曦,zh-TW
Wenn die Brise die Wolken küsst,當微風輕吻雲沫,zh-TW
"Wer die Welt trägt, muss brennen",永劫燔世，其將背負,zh-TW
Wer hat Angst vor Constance?,誰在害怕康士坦絲？,zh-TW
"Wetter gut, alles gut!",天氣正好，萬物可愛！,zh-TW
What Are You Looking At?,看什麼看,zh-TW
When Breeze Kisses Cirrus,當微風輕吻雲沫,zh-TW
Where'd the Gifts Go,禮物都去哪裡了,zh-TW
Whistlebolt Sings Joy,雀翎鳴鏑，過招有喜,zh-TW
Who's Afraid of Constance?,誰在害怕康士坦絲？,zh-TW
Wiederherstellung,回復,zh-TW
Wiederholungsschleife,慢撚抹復挑,zh-TW
Windchaser,雲鳶逐風,zh-TW
Windreiterkugel,馭風的子彈,zh-TW
Windrider Bullet,馭風的子彈,zh-TW
Windtorn Dagger,撕風的匕首,zh-TW
Windumkehr in der Sonne,翻風轉日,zh-TW
Windzerschlissener Dolch,撕風的匕首,zh-TW
Wingflip White Noise,撲翼白聲,zh-TW
Wings Heed No Borders,巡遊在無界的天空,zh-TW
Wir sind unsere eigene Melodie,我們自成旋律,zh-TW
"Wir, die wir durch die Dämmerung fliegen",飛入晨昏的我們,zh-TW
"Wisch die Zither, streich die Ärmel",拭琴撫羅袂,zh-TW
Wisps of Aurora,流翠散雲,zh-TW
Wissen ist Macht,知識就是力量,zh-TW
"With Me, This Night",今夜與我同行,zh-TW
Wo sind die Geschenke?,禮物都去哪裡了,zh-TW
Woes of Many Morphed to One,天律大衍，歷劫歸一,zh-TW
Wunderblitz,靈光一現,zh-TW
"Wünsche, zusammenfließend wie ein Lied",眾願啊，匯流如歌,zh-TW
Xablau! O Vencedor Leva Tudo,百花齊放，勝者獨享！,zh-TW
"Xin Nhường Bước, Làm Ơn!",請……請讓一下！,zh-TW
Xoắn Ốc Phân Tách,分型的螺旋,zh-TW
Xung Kích Kinh Hoàng,震懾之擊,zh-TW
Xung Mạch Hủy Diệt Quỹ Đạo,軌道殲滅脈衝,zh-TW
Xuyên Ba Tấc Nước,遙擊三尺水,zh-TW
Xé Đất,地坼,zh-TW
Xóa Sổ Ác Nghiệp,攝伏諸惡,zh-TW
"Xương Cốt Làm Lò, Máu Thịt Làm Củi",骸骨當爐，血肉即薪,zh-TW
Xạ Kích Đóng Băng,冰點射擊,zh-TW
Yo seré mi propia antorcha,此身為炬,zh-TW
"Yours Truly, Kitty Phantom Thief!",貓咪怪盜，敬上！,zh-TW
Youth: Halcyon Evermore,青春•韶華無限,zh-TW
"Yên Tâm Bay Đi, Khai Phá Mãi Đồng Hành!",放心飛，開拓永相隨！,zh-TW
Yến Tiệc: Không Hồi Kết,饗宴，自始無終,zh-TW
Zampacocos,怪怪怪味豆,zh-TW
ZdE,群體攻擊,zh-TW
Zeitverzerrung,時空扭曲,zh-TW
"Zersplitterte Klinge, restlose Vernichtung",殘鋒，掠盡,zh-TW
Zertrümmern der Ungebändigten,鑿破大荒,zh-TW
Zi... Zimmerservice!,客……客房服務！,zh-TW
Ziele nach rechts,槍口以右,zh-TW
Zone Suppression,領域壓制,zh-TW
Zonenunterdrückung,領域壓制,zh-TW
Zur Liebe und zur Zukunft ♪,向著愛與明天♪,zh-TW
Zurück ins Jenseits,黃泉返渡,zh-TW
Zurückprallende Liebe,反覆橫跳的愛,zh-TW
"Zusammen, Memi!",一起上吧，迷迷！,zh-TW
Zwischen Rot und Schwarz,紅黑之間,zh-TW
Zwischen die Augenbrauen und mitten ins Herz,一扎皺眉，二扎心,zh-TW
Zyklus des Lebens,生息的輪轉,zh-TW
Zénith tonitruant,紫霄震曜,zh-TW
Zênite Rompido,紫霄震曜,zh-TW
Zügellos,龍力自在,zh-TW
|アカウントがBANされた|,|帳號封鎖|,zh-TW
|システム警告|,|系統警告|,zh-TW
|プロセス強制終了|,|強制結束程式|,zh-TW
|强制结束进程|,|強制結束程式|,zh-TW
|系统警告|,|系統警告|,zh-TW
|账号已封禁|,|帳號封鎖|,zh-TW
|계정 정지|,|帳號封鎖|,zh-TW
|시스템 경고|,|系統警告|,zh-TW
|프로세스 강제 종료|,|強制結束程式|,zh-TW
"¡A buen tiempo, corazón contento!",天氣正好，萬物可愛！,zh-TW
¡Brindis por el tórrido estío!,舉杯！敬熾烈一夏,zh-TW
¡Bum! ¡Aquí viene el fuego!,轟！飛來焰火,zh-TW
¡Come nudillos!,拳頭硬了！,zh-TW
"¡Disculpe, por favor!",請……請讓一下！,zh-TW
¡Escribamos el mañana!,明天，一同寫下！,zh-TW
¡Esto está que arde!,燃燒起來了！,zh-TW
¡Fiebre Mecánica está aquí!,機械熱潮登場！,zh-TW
¡Fuera la ficha del muro muerto!,槓上開花！,zh-TW
¡Griten! Chispa conectando,尖叫！火花花連線中,zh-TW
¡Ja! ¡Leña al fuego!,哈！火上加油,zh-TW
"¡Je, un botín fácil!",嘿，空手套白銀,zh-TW
"¡Maestro, ya lo tengo!",師父，我悟了！,zh-TW
"¡Mi arte, solo para el ganador!",百花齊放，勝者獨享！,zh-TW
"¡Mira, el comienzo de la esperanza!",看！是希望的起始！,zh-TW
¡Modo Dios activado!,無敵玩家，啟動！,zh-TW
"¡Oye, no te quemes!",喂！小心火燭,zh-TW
"¡Puño, fuera!",裂傷拳,zh-TW
¡Que el espectáculo no pare!,萬我狂歡，鏡頭不要停,zh-TW
¡Que entren los solistas!,即刻！獨奏團,zh-TW
¡Saludos de la ladrona gata!,貓咪怪盜，敬上！,zh-TW
¡Servicio de habitaciones!,客……客房服務！,zh-TW
¡Te elijo a ti!,就決定是你了！,zh-TW
¡Todo al tórrido estío!,All in！敬熾烈一夏,zh-TW
"¡Uy, se me escapaba uno!",啊，漏網之魚,zh-TW
"¡Vamos, Mem!",一起上吧，迷迷！,zh-TW
"¡Vaya, qué desastre!",唉！瞧這一團糟,zh-TW
¡Voy a llegar tarde!,要……要遲到了！,zh-TW
¡Yo me encargo!,包在我身上！,zh-TW
¡¿Mercado diagonalista?!,豬市？！,zh-TW
¿Cuatro peces ocultos? ¡Victoria!,四么暗刻？胡！,zh-TW
¿Dónde están los regalos?,禮物都去哪裡了,zh-TW
¿Lo captas?,開竅了嗎,zh-TW
¿Permitir los cambios?,是否允許更改？,zh-TW
¿Problemas con el pago?,支付困難？,zh-TW
¿Quién teme a Constanza?,誰在害怕康士坦絲？,zh-TW
¿Se te apagó la chispa?,啞火了嗎,zh-TW
¿Y tú qué miras?,看什麼看,zh-TW
À la poursuite du vent,雲鳶逐風,zh-TW
À la santé d'un bel été,舉杯！敬熾烈一夏,zh-TW
À votre service !,客……客房服務！,zh-TW
"Álzate, renombre sublime",高舉吧，昇華的名諱,zh-TW
Ámbar inextinguible,熾燃不滅的琥珀,zh-TW
"Áng Thơ ""◦"" Lời Thề ""∞""",詩的「◦」誓約的「∞」,zh-TW
Ánh Bình Minh Chữa Lành Thế Gian,療癒世間的晨曦,zh-TW
Ánh Chớp Diệu Kỳ,靈光一現,zh-TW
"Ánh Dương Chiếu Thế, Li Hỏa Che Trời",陽極照世，離火滿綴,zh-TW
Ánh Trăng Soi Bóng,流影方暉,zh-TW
Ánh Trăng Sông Băng,寒川映月,zh-TW
Ánh Trăng Ve Vuốt,月光摩挲連綿,zh-TW
Áp Chế Không Gian,領域壓制,zh-TW
Área,群體攻擊,zh-TW
Ária das Penas,翎之詠嘆調,zh-TW
Ás de Poeira Estelar,星塵王牌,zh-TW
Át Chủ Bài Ma Thuật,星塵王牌,zh-TW
"Âm Giai Thứ, Vang Trong Làn Nước Tĩnh",小調，止水中迴響,zh-TW
Âm Thanh Trắng Vỗ Cánh,撲翼白聲,zh-TW
Âm Vọng Bi Kịch,悲劇盡頭的顫音,zh-TW
Âm Điệu Nhịp Nhàng,祥音和韻,zh-TW
Âmbar Ardente,熾燃不滅的琥珀,zh-TW
Âme inondée de soleil,盛夏是靈魂的樂手,zh-TW
Änderungen zulassen?,是否允許更改？,zh-TW
Ätherischer Traum,洞天幻化，長夢一覺,zh-TW
Ça rentre dans le crâne ?,開竅了嗎,zh-TW
Ça va déménager,猜猜這裡住了誰,zh-TW
"Ça, c'est meta !",朋友，這才是T0級秘技,zh-TW
"É Magia, Eu Adicionei Magia",是魔法，我加了魔法,zh-TW
"É Uma Promessa, Não Uma Ordem",是約定不是命令,zh-TW
Éblouissement,你最閃亮,zh-TW
Ébriété destructrice,鏖戰正酣,zh-TW
Écarlate : Allégresse ou exécution,緋色•不樂即斬,zh-TW
Échappée minutée,擒縱機構,zh-TW
Écho des eaux calmes,小調，止水中迴響,zh-TW
Éclair multiple,八雷飛渡,zh-TW
Éclair rapide,電光石火間,zh-TW
Éclair tonitruant,閃裂,zh-TW
Éclair tonitruant des étoiles,閃裂刃舞,zh-TW
Éclair transcendant,無罅飛光,zh-TW
Éclat céleste,天墜之火,zh-TW
Éclat de la vérité,古鏡照神,zh-TW
Éclat fédérateur,浮光過隙，百無禁忌,zh-TW
Éclat étourdissant,炤炤徹曠,zh-TW
Écoutez bien,我有一個大膽的想法,zh-TW
Égida de la vida,鎮惡護生,zh-TW
"Élève-toi, renommée exaltée",高舉吧，昇華的名諱,zh-TW
Épine de givre,霜鋒點寒芒,zh-TW
Épines de l'abîme,黑淵的棘刺,zh-TW
Épines de la justice,公正，此處盛放,zh-TW
Éradication des péchés,攝伏諸惡,zh-TW
Étincelles volantes,火花四濺,zh-TW
Étreinte du dragon funeste,骸爪，冥龍之環擁,zh-TW
Évolution ultime,天律大衍，歷劫歸一,zh-TW
Ê! Coi Chừng Cháy Nổ,喂！小心火燭,zh-TW
"Ôi Bạn Ơi, Đây Mới Là Bí Kỹ Tier 0",朋友，這才是T0級秘技,zh-TW
"Ôi Chao, Cá Lọt Lưới",啊，漏網之魚,zh-TW
Última ficha posible,海底撈月,zh-TW
Überlass das mir!,包在我身上！,zh-TW
Überleben in der Wildnis,戶外生存經驗,zh-TW
Überlegene Reichweite,寸長寸強,zh-TW
Überraschungsgeschenk,驚喜禮盒,zh-TW
Übertakteter Partikelstrahl,超頻粒子光束,zh-TW
Ý Chí Kiên Cường,不屈之身,zh-TW
Ăn Đi: Bàn Tay Đáng Ghét,吃吧，可憎的手,zh-TW
Đau Đớn Cùng Cực,至痛至怒,zh-TW
"Đau Đớn, Ươm Mầm Sự Thật",楚痛，釀造實識,zh-TW
"Đi Một Ngày Đàng, Học Một Sàng Khôn",寸長寸強,zh-TW
Đi Sau Về Trước,後發先至,zh-TW
Đi Trước Một Bước,先人一步,zh-TW
Điệp Khúc Du Dương,調性合頌,zh-TW
Điệu Tango Của Vũ Công Cháy Bỏng,熾礫舞者的探戈,zh-TW
Đom Đóm IV - Nhát Chém Kích Nổ,火螢Ⅳ型-底火斬擊,zh-TW
Đom Đóm IV - Sao Chết Quá Tải,火螢Ⅳ型-死星超載,zh-TW
Đom Đóm IV: Thiêu Đốt Hoàn Toàn,火螢Ⅳ型-完全燃燒,zh-TW
Đoán Xem Ai Ở Đây Nào,猜猜這裡住了誰,zh-TW
Đoạn Niệm Nhất Trảm,斷念一斬,zh-TW
"Đàm Hoa Sinh Diệt, Thiên Hà Dệt Mộng",曇華生滅，天河瀉夢,zh-TW
Đá Tảng Phồn Thịnh,繁榮基石,zh-TW
Đáng Chết Vạn Lần,大辟萬死,zh-TW
Đánh Lan,群體攻擊,zh-TW
Đánh Đơn,單體攻擊,zh-TW
Đây Chính Là Cổ Vũ,此即應援,zh-TW
"Đã Hiểu, Thưa Sư Phụ!",師父，我悟了！,zh-TW
Đã Nói Là Phép Thuật Mà,早就說了是魔法吧,zh-TW
Đòn Chiến Thắng,制勝一擊,zh-TW
Đòn Đánh Bất Diệt,不死三振,zh-TW
Đôi Cánh Ẩn Hình,脅翼匿跡,zh-TW
Đùa Giỡn... Ký Ức Nở Rộ Vết Nứt,撥弄……記憶綻開裂隙,zh-TW
Đưa Đây Đi Nào,拿來給我,zh-TW
Đảm Bảo Sáp Nhập,恣肆吞併的擔保,zh-TW
Đảo Gió Xoay Trời,翻風轉日,zh-TW
Đậu Vị Kỳ Quái,怪怪怪味豆,zh-TW
Đặc Quyền Thiếu Nữ,少女的特權,zh-TW
"Đặt Cược, Lắng Nghe Tiếng Vọng Vực Thẳm",拋注，聽深淵迴響,zh-TW
Để Tôi!,還是我來吧,zh-TW
"Đỉnh Trận Diệu Pháp, Kỳ Chính Tương Sinh",鼎陣妙法，奇正相生,zh-TW
Địa Ngục Biến,地獄變,zh-TW
Đỏ Hay Là Đen,紅黑之間,zh-TW
Đồ Hộp Cắm Trại Ủ Muối,鹽漬野營罐頭,zh-TW
Đồng Hành Cùng Tôi Đêm Nay,今夜與我同行,zh-TW
Đồng Đội Vạn Năng,無所不能的夥伴,zh-TW
Đột Kích Lướt Gió,迅羽掠襲,zh-TW
"Đức Hạnh Chân Chính, Phước Báu Sâu Dày",有道祥見，銜書搖風,zh-TW
Ưu Thế Đi Trước,先發優勢,zh-TW
Δ Befehl: Verbrannter Meteorit,Δ指令-焦土隕擊,zh-TW
Δ Chỉ Lệnh: Thiêu Đốt Sao Băng,Δ指令-焦土隕擊,zh-TW
Δ Manœuvre d'incinération météoritique,Δ指令-焦土隕擊,zh-TW
Δ Order: Meteoric Incineration,Δ指令-焦土隕擊,zh-TW
Δコマンド-焦土隕撃,Δ指令-焦土隕擊,zh-TW
Δ指令-焦土陨击,Δ指令-焦土隕擊,zh-TW
Δ지령-초토화 운석 폭격,Δ指令-焦土隕擊,zh-TW
А куда делись подарки?,禮物都去哪裡了,zh-TW
Адский пейзаж,地獄變,zh-TW
Ай! Взгляните на этот хаос!,唉！瞧這一團糟,zh-TW
Акула рулетки,輪盤勳爵,zh-TW
Ария перьев,翎之詠嘆調,zh-TW
Астрометрия,天象學,zh-TW
Атака,攻擊,zh-TW
Атакует противника и после начала боя истощает стойкость соответствующего типа уязвимости противника.,攻擊敵人，進入戰鬥後削弱敵方目標對應屬性韌性。,zh-TW
Багровый: Мрачный разрыв,緋色•不樂即斬,zh-TW
Базовая атака,普通攻擊,zh-TW
Бах! Неожиданный фейерверк!,轟！飛來焰火,zh-TW
Бедствие: Указ о сожжении души,災厄•弒魂焚詔,zh-TW
Белый шум машущих крыльев,撲翼白聲,zh-TW
Бескрайняя земля для всех,淵渟嶽峙，地載八荒,zh-TW
Беспробудный сон о неземном гроте,洞天幻化，長夢一覺,zh-TW
Бессмертный третий удар,不死三振,zh-TW
Бешеное наказание,狂者制裁,zh-TW
Благословение бумаги и обрядов,紙與儀典的恩賜,zh-TW
Благословение доброты,善盈後福，德氣流布,zh-TW
Блестяще,你最閃亮,zh-TW
Блиц режущих вспышек,閃裂刃舞,zh-TW
Боевая передислокация,作戰再部署,zh-TW
Божественная кара,天罰貫身,zh-TW
Божественное копьё,天矢陰,zh-TW
Боль и гнев,至痛至怒,zh-TW
Боль несёт истину,楚痛，釀造實識,zh-TW
Бонусный этап: Миг Альфы,獎勵關：「狼尊時刻」,zh-TW
"Брови собраны, сердце проколото",一扎皺眉，二扎心,zh-TW
Бросок лезвия,飛鐃,zh-TW
Буря в стоячих водах,於靜水掀起風浪,zh-TW
Буст характеристик стрельбы,Shoot屬性大爆發,zh-TW
Быстрый урожай,極速收割,zh-TW
В погоне за ветром,雲鳶逐風,zh-TW
"Ведомо звёздам, указано сердцем",太微行棋，靈台示影,zh-TW
Великолепные загадки,榮光之秘,zh-TW
Верховный путь ниндзя: Сильная любовь,忍道•極•愛死天流,zh-TW
Вестник небес,劍為地紀，刃驚天宗,zh-TW
Ветер кармы,業途風,zh-TW
Вечно горящий янтарь,熾燃不滅的琥珀,zh-TW
Взведённый револьвер,擊錘連弩,zh-TW
Взглянем на кое-что хорошее,看看好看的,zh-TW
Взмах отречения,斷念一斬,zh-TW
Взрыв сверхновой,始擊歲星,zh-TW
Взрывная атака,擴散,zh-TW
Взрывная взрывобомба,爆爆爆炸蛋,zh-TW
Видение охотника,獵手的視界,zh-TW
Вихрь бабочек,亂蝶,zh-TW
Вишенка на торте!,槓上開花！,zh-TW
Вместе в пылающую экспедицию,共赴灼熱的遠征,zh-TW
Вместе опишем облик завтрашнего дня!,明天，一同寫下！,zh-TW
"Вместе, Мемо!",一起上吧，迷迷！,zh-TW
Возложенное в «моём» саду величие,駐「我」華庭，授予至勳,zh-TW
Вознесение небесного сияния,紫電扶搖,zh-TW
"Вой погибели, звон к воскрешению",亡喉怒哮，甦生之頌鈴,zh-TW
Волшебство пирографии,鼎陣妙法，奇正相生,zh-TW
Воодушевляющий залп,天闕鳴弦,zh-TW
"Вопль отчаянья, предвестник смерти",悲鳴，賜死之先聲,zh-TW
Вопящий раскат грома,雷鳴音階,zh-TW
Воспаривший дракон отпускает печали,亢龍無悔，移山辟世,zh-TW
Воссоединение с первого взгляда,一如初見的重逢,zh-TW
Восстановление,回復,zh-TW
"Восстань, возвышенная слава",高舉吧，昇華的名諱,zh-TW
Вот что значит поддержка,此即應援,zh-TW
Время как туман,從此歲月朦朧,zh-TW
Всемогущий компаньон,無所不能的夥伴,zh-TW
Всеобъемлющая беспощадность,十方無赦,zh-TW
Вспышка молнии,電光石火間,zh-TW
Встречайте «Механическую горячку»!,機械熱潮登場！,zh-TW
Выдворение,逐客令,zh-TW
Гарантия приобретения,恣肆吞併的擔保,zh-TW
Героиня о тысяче лиц,一人千役,zh-TW
"Говорила ведь, что это магия",早就說了是魔法吧,zh-TW
Горящее приветствие,迎面開門紅,zh-TW
Гостеприимный долосец,熱情好客的多洛斯人,zh-TW
Гравитационная тюрьма,畫地為牢,zh-TW
Групповая атака,群體攻擊,zh-TW
Да будет свет,黎明創世，地闢天開,zh-TW
Дай-ка я попробую,還是我來吧,zh-TW
Дар Шуху,倏忽恩賜,zh-TW
Дар возрождения,新生之禮,zh-TW
Даруя благодать,有道祥見，銜書搖風,zh-TW
Девичья сила,少女的特權,zh-TW
"Декаданс, закат лжи",失墜，偽神的黃昏,zh-TW
Демиург немедленно получает 1 дополнительный ход.,使德謬歌立即獲得1個額外回合。,zh-TW
Демон: Разоблачение зла,凶煞•劾壓鬼物,zh-TW
Демонстрация урона Хонкай,崩壞級傷害演示,zh-TW
Дефицит...,赤字……,zh-TW
Диагностический пинок,望、聞、問……蹴！,zh-TW
Дисциплина: Неизбежный суд,風紀•尺出繚判,zh-TW
"Добродетели жизни, многообразие сущего",生生之德，品物流形,zh-TW
"Догадайся, кто тут живёт",猜猜這裡住了誰,zh-TW
Дождь подарков интерлюдии,中場饋贈的雨,zh-TW
Дотация,明補,zh-TW
Дымчатое великолепие,識煙飛彩,zh-TW
Единение скорби нации,天律大衍，歷劫歸一,zh-TW
"Если вы счастливы, хлопайте в ладоши",開心你就拍拍手,zh-TW
Желание смерти,歸葬的遂願,zh-TW
"Желания, соберитесь в песнь",眾願啊，匯流如歌,zh-TW
Жестокая нежность,溫柔亦同殘酷,zh-TW
"Жизнь - шахматы, шах и мат в четыре хода",世事如棋，四步堪殺,zh-TW
Зажги первый маяк,點燃第一里航標,zh-TW
Зажги сигнальные огни,升起領航的烽火,zh-TW
"Закалка клинка, раскол души",淬鋒，斷魄,zh-TW
"Закалка одного, забвение всего",千冶鑄一，萬劫燼滅,zh-TW
Закатное шоу пылевого вихря,塵魔舞者的日落秀,zh-TW
Замораживающая красота,凍人的瞬間,zh-TW
Заточенный компаньон,呼劍如影,zh-TW
Защита,防禦,zh-TW
Звуковая волна задаёт тон морскому ветру,音浪，為海風定調,zh-TW
Звёздное благословение,星空祝言,zh-TW
Звёздные лезвия,披星百裂,zh-TW
Здесь расцветает справедливость,公正，此處盛放,zh-TW
Знание - сила,知識就是力量,zh-TW
Зов хранительницы,守護者召令,zh-TW
Зона подавления,領域壓制,zh-TW
Игла с орхидеей,一針幽蘭,zh-TW
Игра против себя,獨弈之樂,zh-TW
Игра с трещиной в воспоминаниях,撥弄……記憶綻開裂隙,zh-TW
"Идеальная погода, всё чудесно!",天氣正好，萬物可愛！,zh-TW
Идеальный отрыв,牽制盜壘,zh-TW
Из убытка в прибыль!,轉虧為盈！,zh-TW
Изваяние идола,偶像塑造,zh-TW
Изучение гипноза,催眠研習,zh-TW
Иннервация,生機煥發,zh-TW
Интеллектуальная помощь,精神催生法,zh-TW
Интерактивная западня,互動陷阱,zh-TW
Интуитивная ставка,直觀投注,zh-TW
Искажение времени,時空扭曲,zh-TW
Искоренение праны,斬勘神形,zh-TW
"Искренне ваша, Котик-воришка!",貓咪怪盜，敬上！,zh-TW
"Искры летят, победитель рад!",百花齊放，勝者獨享！,zh-TW
"Искры, дайте шуму!",尖叫！火花花連線中,zh-TW
Искусный фехтовальщик,御劍真訣,zh-TW
Искусство рыцарского меча: Звёздный ореол,雲騎劍經•素霓,zh-TW
Искусство рыцарского меча: Падение гор,雲騎劍經•山傾,zh-TW
Искусство рыцарского меча: Рывок,雲騎劍經•叩陣,zh-TW
Капли дождя на багровых лепестках,紅葉時雨，萬傾一空,zh-TW
Каприс плетения судьбы,無端命運的機杼,zh-TW
Кармическое искупление,十王聖斷，業報恆常,zh-TW
Квартет утончённого вкуса,四示八權，纖滋精味,zh-TW
Кинжалы режущего ветра,撕風的匕首,zh-TW
Кисть оракула,冥讖天筆,zh-TW
Клетка полного поражения,折戟臣服的監牢,zh-TW
Клинок дождя,啼澤雨斬,zh-TW
Клятвенный ладан,肅香,zh-TW
Когти: знакомство с этикетом,利爪，授以禮儀,zh-TW
Козырь звёздной пыли,星塵王牌,zh-TW
Колючий нектар,刺紋之蜜,zh-TW
"Костяной коготь, объятья павшего дракона",骸爪，冥龍之環擁,zh-TW
Кот в сапогах,穿靴子的貓,zh-TW
Край пустоты,虛空斷界,zh-TW
Красное или чёрное,紅黑之間,zh-TW
Кровоточащий удар,裂傷拳,zh-TW
Кровь за кровь,以血還血,zh-TW
Круговорот жизни,生息的輪轉,zh-TW
Кто боится Констанции?,誰在害怕康士坦絲？,zh-TW
Кулак убеждения,一意之拳,zh-TW
Ласковый лунный свет,月光摩挲連綿,zh-TW
Леденящий блеск холодного лезвия,霜鋒點寒芒,zh-TW
Ледниковый каскад,冰刻箭雨之時,zh-TW
Лезвие в ножнах,歸刃,zh-TW
"Лепестки на воде, отдых во сне",搖花緞水，沾衣不摘,zh-TW
"Лети смело, Освоение всегда рядом!",放心飛，開拓永相隨！,zh-TW
Летящая по ветру пуля,馭風的子彈,zh-TW
Летящие искры,火花四濺,zh-TW
Лотос покровительства,澤芝,zh-TW
Луна на застывшей реке,寒川映月,zh-TW
Лунное сияние,流影方暉,zh-TW
"Люби, лечи и выбирай",愛，救護與抉擇,zh-TW
Любовь над радугой,愛在虹光灑落時,zh-TW
Лёгкий поцелуй нежного бриза,當微風輕吻雲沫,zh-TW
Малая цена за победу,勝利的小小代價,zh-TW
Манифест чистейшей добродетели,純粹高潔宣言,zh-TW
"Март 7, блестящая героиня",蓋世女俠三月七,zh-TW
Марш Белобога,貝洛伯格進行曲,zh-TW
Мастерский эликсир,親啟佳釀,zh-TW
Метеоритный шторм,流星群落,zh-TW
Милосердие дурака,愚者的悲憫,zh-TW
Мимолётный аромат,芬芳一現,zh-TW
Мой меч изгоняет злых духов,蕩滌妖邪琉璃劍,zh-TW
Молитва цветка бездны,白花的祈望,zh-TW
Молниеносный порыв,如雷疾行,zh-TW
Монетизация охватов,流量變現,zh-TW
Морозный выстрел,冰點射擊,zh-TW
Моё тело - факел,此身為炬,zh-TW
"Мы исполины, идущие вслед за звёздами",我們，亦是逐星的巨人,zh-TW
Мы сами создаём мелодию,我們自成旋律,zh-TW
"Мы, летящие к сумеркам",飛入晨昏的我們,zh-TW
На что ты пялишься?,看什麼看,zh-TW
На шаг впереди,先人一步,zh-TW
Навстречу любви и завтрашнему дню ♪,向著愛與明天♪,zh-TW
Навык,戰技,zh-TW
Навык Радости,歡愉技,zh-TW
Навык поддержки,助戰技,zh-TW
Наказание,罰惡,zh-TW
"Наказание зла, защита жизни",鎮惡護生,zh-TW
Налёт,強襲,zh-TW
Нападение проворных перьев,迅羽掠襲,zh-TW
Народная поддержка честного артиста,古來君子養藝人,zh-TW
Настройка пилы,武裝調律,zh-TW
Начало конца,終結之始,zh-TW
Небесное пламя,天墜之火,zh-TW
Небесный нефрит,帝垣瓊玉,zh-TW
Невзгоды порождают благодать,乾清坤夷，否極泰來,zh-TW
Нежный бриз,惠風和暢,zh-TW
Нектарный блиц,酒花奔湧,zh-TW
Немедленная казнь,斬立決,zh-TW
Немедленно атакует противника и после начала боя накладывает на случайного противника описанный в навыке персонажа статус Ноша.,立即攻擊敵人，進入戰鬥後對敵方隨機單體附上等同於戰技效果的【承負】。,zh-TW
Ненадёжный рассказчик,不可靠敘事者,zh-TW
Неожиданный сюрприз,驚喜禮盒,zh-TW
Непобедимый игрок: активация!,無敵玩家，啟動！,zh-TW
Неполное сгорание,不完全燃燒,zh-TW
Непостижимая Зарница,無罅飛光,zh-TW
Непреклонная воля,不屈之身,zh-TW
Несущий мир должен сгореть,永劫燔世，其將背負,zh-TW
Несущий свет,吾身光明,zh-TW
Нингу: Лепестки истребления демонов,忍具•降魔花弁,zh-TW
Ниндзюцу: Стоять несмотря ни на что,忍術•七轉八起,zh-TW
Ныряющий ястреб,貫雲飲羽,zh-TW
О-обслуживание номеров,客……客房服務！,zh-TW
Обертон вслед за скрытым течением,泛音，暗流後齊鳴,zh-TW
Обет путешествия,踏破征途的誓言,zh-TW
"Обещание, а не приказ",是約定不是命令,zh-TW
Обжигающие аккорды,燃情和弦,zh-TW
Обирающий клык,剔爍之牙,zh-TW
Обморожение,低溫妨害,zh-TW
Обратная сторона доброты,仁慈的背面,zh-TW
Объект почитания,崇高的客體,zh-TW
Объятие языками предательства,舔舐……背叛伸出火舌,zh-TW
Объятия потустороннего мира,沉醉於彼界的臂灣,zh-TW
Огненная ласка,冉冉方熾,zh-TW
Огненный стержень кокона,繭式源火中樞,zh-TW
Огни утренней зари,流翠散雲,zh-TW
Огонь!,燃燒起來了！,zh-TW
Ода перьям и шрамам,輕與傷痕的讚頌,zh-TW
Одержимость: Метафизическая связь,憑附•氣通天真,zh-TW
Одиночная атака,單體攻擊,zh-TW
Ожидание ответа системы...,等待程式回應……,zh-TW
Оздоровительная прогулка,徜徉靈澤病恙短,zh-TW
"Ой, рыбка сорвалась",啊，漏網之魚,zh-TW
Океанская обитель,於海的棲息地,zh-TW
Оковы самсары,生滅繫縛,zh-TW
Октогромовая вспышка,八雷飛渡,zh-TW
Омут подписания контракта,墮此欲淵，立此獄契,zh-TW
Оп-п-паздываю!,要……要遲到了！,zh-TW
Опадающие лепестки: Воспоминания об утраченном,落英•散者皆憶,zh-TW
Опорный камень делюкс,繁榮基石,zh-TW
"Опус космоса, гармонии глас",千音迭奏，群星賦格,zh-TW
Опыт выживания в дикой местности,戶外生存經驗,zh-TW
Орбитальный импульс уничтожения,軌道殲滅脈衝,zh-TW
Освобождение драконьей силы,龍力自在,zh-TW
Осколочный меч,支離劍,zh-TW
Ослабление,妨害,zh-TW
Ослепительное пламя,陽極照世，離火滿綴,zh-TW
Ослепительные клинки,酷炫的刀花,zh-TW
Основы: Заключение о смерти звезды,支柱•死星天裁,zh-TW
Особый рецепт,罐裝特調,zh-TW
Остановись! Ты прекрасно!,逗留一下吧，你是那樣美！,zh-TW
Отвлекающий манёвр,敘述性詭計,zh-TW
Отдай мне,拿來給我,zh-TW
Открытие разума,格局放大,zh-TW
Отмена,取消,zh-TW
Отменяет усиление.,取消強化。,zh-TW
Отскок,彈射,zh-TW
Охота за молнией,雷狩,zh-TW
Очень странный боб,怪怪怪味豆,zh-TW
П-прошу прощения!..,請……請讓一下！,zh-TW
Пальцы из роз,金玫之指,zh-TW
Пение среди облаков,雲吟乍湧墜珠露,zh-TW
Первая помощь на снежных полях,雪原急救方案,zh-TW
Первые лучи солнца исцелят мир,療癒世間的晨曦,zh-TW
Переполнение сигнала: На бис!,訊號溢出：好戲復刻！,zh-TW
Песнь меча: Возмездие богам и демонам,劍歌•神鬼無赦,zh-TW
Песнь морской сирены,海妖在歡唱,zh-TW
Пиршество: без начала и конца,饗宴，自始無終,zh-TW
Плавающая во снах,夢遊魚,zh-TW
Плавный клинок,遊刃若水,zh-TW
Пламенеющий хвост,煥煥辰尾,zh-TW
Пламенное подавление,旺火卻亂,zh-TW
Пламенный натиск,燔燎急襲,zh-TW
Плеть богатства,撻楚抽薪,zh-TW
Победа возвышается над волнами,勝局，凌越颶浪之上,zh-TW
Победный рывок,乘勝追擊,zh-TW
Повторное появление,再現,zh-TW
Повторяющаяся мелодия пения струн,慢撚抹復挑,zh-TW
Поглощай: мерзкая рука,吃吧，可憎的手,zh-TW
Погоня за ласточкой дождя,快雨燕相逐,zh-TW
Погружение в могильный пепел,沉溺……飛灰邀入墓床,zh-TW
Под знаменем командования,在旗幟下,zh-TW
Под клинком - последний приют,刃下，歸葬,zh-TW
Подавление гравитации,重力壓制,zh-TW
Поддержка,輔助,zh-TW
Подкова черепокрушения,蹄鐵裂顱,zh-TW
Поднимем бокалы! За жаркое лето,舉杯！敬熾烈一夏,zh-TW
"Подходи, соберём народ!",給您來段看家戲,zh-TW
Подчинение зла,攝伏諸惡,zh-TW
"Пока камера снимает, веселуха не смолкает",萬我狂歡，鏡頭不要停,zh-TW
Покой на краю западного ветра,西風盡頭，寧謐永恆,zh-TW
Полный спектр высокой песни,全屏段的高空踏歌,zh-TW
Полуночный шум,夜間喧囂不止,zh-TW
Пользователь забанен,|帳號封鎖|,zh-TW
Понимаешь?,開竅了嗎,zh-TW
Пора открывать консервы,鹽漬野營罐頭,zh-TW
Порезы тысячекратного поцелуя,孤鋒千吻,zh-TW
После использования техники в начале следующего боя немедленно срабатывает талант Лочи.,使用秘技後，下一次戰鬥開始時立即觸發天賦。,zh-TW
После использования техники получает статус Боевые заслуги. Смена активного персонажа передаёт ему этот статус. В начале следующего боя использует свой навык на персонаже со статусом Боевые заслуги 1 раз. Это использование навыка не расходует очки навыков.,使用秘技後獲得【軍功】，切換行動角色時【軍功】轉移至當下行動角色。下一次戰鬥開始時自動對持有【軍功】的角色施放1次戰技，此次戰技不消耗戰技點。,zh-TW
Последняя кость,海底撈月,zh-TW
Поток точно в яблочко,激流，正中紅心,zh-TW
Потому что мы семья,因為我們是家人,zh-TW
Похоронный хоум-ран,安息全壘打,zh-TW
Праведное сердце,亢心,zh-TW
Правосудие преисподней,判冥,zh-TW
Превосходство,瞬華,zh-TW
Превосходство досягаемости,寸長寸強,zh-TW
Превращение пешки,升變，士皆可帥,zh-TW
Предвкушение,搶先者,zh-TW
Представление акробатических умений,耍耍把式賣賣藝,zh-TW
Преимущество первого хода,先發優勢,zh-TW
Призма зрачка,瞳扉之彩,zh-TW
Призрачная иллюзия,幻身,zh-TW
Призыв,召喚,zh-TW
Призыв духа,攝召威靈,zh-TW
Приказ Δ: Метеоритное сжигание,Δ指令-焦土隕擊,zh-TW
Приказ: Воздушная бомбардировка,指令-天火轟擊,zh-TW
Приказ: Пламенный рывок,指令-閃燃推進,zh-TW
"Принятие истины, отвержение видимости",取此真相，棄捨表徵,zh-TW
Прицельное метание меча,遙擊三尺水,zh-TW
Приятный обмен перьями стрел,雀翎鳴鏑，過招有喜,zh-TW
Пробковый сбор,開瓶費,zh-TW
Программа принудительного выхода,|強制結束程式|,zh-TW
"Прозрение, рассвет тишины",洞見，緘默的黎明,zh-TW
Пронзающее свеченье без помех,浮光過隙，百無禁忌,zh-TW
"Пронзающие тени, скрытые клинки",鋒入幽渺，影出凌厲,zh-TW
Пророчеству сопутствует вера,歲記否泰，固守四郭,zh-TW
Прорыв: Похоронный хоум-ран,全勝•安息全壘打,zh-TW
Прорыв: Прощальный удар,全勝•再見安打,zh-TW
Прочный бастион,永屹之壁,zh-TW
Прощальный удар,再見安打,zh-TW
Прощение не связано с милосердием,寬恕無關慈悲,zh-TW
Прыжок в голубую рапсодию океана,躍入這片蔚藍狂想,zh-TW
Прямой удар,直衝拳,zh-TW
Пусть бушует буря,風暴甚是喧囂,zh-TW
Пусть идёт холодный дождь,願有冷雨落下,zh-TW
Пучок ускоренных частиц,超頻粒子光束,zh-TW
Пылающее копьё в тылу врага,陷陣無回的炎槍,zh-TW
Пылающее сердце,仁火攻心,zh-TW
Пьяная драка,鏖戰正酣,zh-TW
Пьянящая увертюра,酣醉序曲,zh-TW
Пять горошин в стручке,輪中五豆,zh-TW
"Радость, ты что, оглохла?",我說歡愉，你是聾了嗎？,zh-TW
Разгар лета - музыкант души,盛夏是靈魂的樂手,zh-TW
Разовое предложение,一錘子買賣,zh-TW
Разрешить изменения?,是否允許更改？,zh-TW
Разрушитель кандалов,禁錮解除,zh-TW
Раскалывающий небеса кулак,直衝碎天拳,zh-TW
Раскалывающийся зенит,紫霄震曜,zh-TW
Раскол земли,地坼,zh-TW
Раскол земли,鑿破大荒,zh-TW
Расплавленная детонация,熔核爆裂,zh-TW
Рассекающее остриё,破敵鋒芒,zh-TW
"Рассечённый сон, алые слёзы",殘夢盡染，一刀繚斷,zh-TW
Режущая вспышка,閃裂,zh-TW
Рейс к звёздам,拓星巡航,zh-TW
Решающий удар,制勝一擊,zh-TW
Рикошетная любовь,反覆橫跳的愛,zh-TW
Ритуал счастливого знамения,慶雲光覆儀禱,zh-TW
Рождение жизни ваяет мир,生息破土，世界塑造,zh-TW
Рождённая бурей,嵐身,zh-TW
Рынок свинок?!,豬市？！,zh-TW
Рябь прощанья на море смерти,哀悼，死海之漣漪,zh-TW
С тобой Освоение,開拓，與你同行,zh-TW
Сальто порывистого ветра,翻風轉日,zh-TW
Сама Красота одарила этот сад,駐於花庭，賜與盡美,zh-TW
Самостоятельная победа,門前清,zh-TW
Сбор данных,資料收集,zh-TW
Сварог оберегает тебя,史瓦羅在看著你,zh-TW
Сверхспособность,終結技,zh-TW
Свет десяти граней проясняет,十方光映，萬法皆明,zh-TW
"Свет, разбивающий лёд",穿徹堅冰的烈芒,zh-TW
Светлячок-IV: Перегрузка звезды смерти,火螢Ⅳ型-死星超載,zh-TW
Светлячок-IV: Пирогенная казнь,火螢Ⅳ型-底火斬擊,zh-TW
Светлячок-IV: Полное сгорание,火螢Ⅳ型-完全燃燒,zh-TW
Свинговый этикет,搖擺的禮儀,zh-TW
Сделай ставку и услышь эхо бездны,拋注，聽深淵迴響,zh-TW
Сейчас! Сольная труппа!,即刻！獨奏團,zh-TW
Секира войны,鉞貫,zh-TW
Секира войны пронзает небеса,鉞貫天衝,zh-TW
"Семь слоёв, одна стрела",箭徹七札,zh-TW
Сердитое пламя,炤炤徹曠,zh-TW
Сердце - лучшая могила,心……是最好的墳塋,zh-TW
Сила милоты,可愛即是正義,zh-TW
Силлогистический парадокс,三段悖論,zh-TW
Синтетическая чёрная дыра,擬似黑洞,zh-TW
Системное предупреждение,|系統警告|,zh-TW
Сияющий свет,石火流光,zh-TW
Скачущий в омуте дракон,匏蛟躍淵先雷音,zh-TW
"Скелет - горнило, плоть - топливо",骸骨當爐，血肉即薪,zh-TW
Скорбящая плоть,傾訴之肉身,zh-TW
Слава цезарю,榮光屬於凱撒,zh-TW
Следование указам десяти владык,十王敕令，遍土遵行,zh-TW
"Смертей - легион, сожалений - нет",萬死無悔,zh-TW
Смертельный удар зажигает пески,絕殺，熱砂沸騰,zh-TW
Смертный приговор,大辟萬死,zh-TW
"Смех героев, жизни на волоске",英雄一笑，生死難料,zh-TW
"Смотри, начало надежды!",看！是希望的起始！,zh-TW
Со мной ты всегда победишь,有我在，把把都是順風局,zh-TW
Совместный протокол: Вердикт,同行協議：裁決,zh-TW
Совместный протокол: Уничтожение,同行協議：殲破,zh-TW
Создание: Алые шипы переправы погибели,創生•血棘渡亡,zh-TW
Сокровенная природа,古鏡照神,zh-TW
Сокровище Архитекторов,築城者遺寶,zh-TW
Сокрытые крылья,脅翼匿跡,zh-TW
Соматотипическая спираль,分型的螺旋,zh-TW
Сотня ракет,一百層的小火箭,zh-TW
Спектральный луч,光譜射線,zh-TW
"Спи крепко, о бессонный мир",晚安——全世界無眠,zh-TW
Сплошная удача для грации и стали,霓裳鐵羽，六爻皆吉,zh-TW
"Спокойной ночи, Белобог",晚安，貝洛伯格,zh-TW
Ставлю всё! За жаркое лето,All in！敬熾烈一夏,zh-TW
Старая обида: зуб за зуб,宿怨，切齒奉還,zh-TW
Стигийское возрождение,黃泉返渡,zh-TW
Стихи ◦ Клятва ∞,詩的「◦」誓約的「∞」,zh-TW
Стоячие овации,劈頭滿堂彩,zh-TW
Странствие по бескрайнему небу,巡遊在無界的天空,zh-TW
Стрела лютого холода,極寒的弓矢,zh-TW
Стрелок,流鏑,zh-TW
Стремительная рокировка,易位，兵貴神速,zh-TW
"Стремительные цветы, мимолётные звёздные сны",曇華生滅，天河瀉夢,zh-TW
Стремительный полёт перьевого лезвия,伸天卑飛，折翅為芒,zh-TW
Стремительный прыжок,盤拏耀躍,zh-TW
Судьба: Воплощение бога,命運•此軀即神,zh-TW
Сумеречная трель,悲劇盡頭的顫音,zh-TW
Супер-пупер-мега меч,超超超大劍,zh-TW
Так гаснет день,白晝悄然離去,zh-TW
Талант,天賦,zh-TW
Талисман: Защита,靈符•保命護身,zh-TW
Танго танцора горящего гравия,熾礫舞者的探戈,zh-TW
Танец бушующих приливов и поглощённых душ,絕海回濤，噬魂舞曲,zh-TW
"Танцуй, рождённая быть швеёй",共舞吧，命定的衣匠,zh-TW
Театр одной актрисы,獨角戲,zh-TW
Тебе язык пламени прикусили?,啞火了嗎,zh-TW
Текущая по ладоням пустота,掌心淌過的荒蕪,zh-TW
Тетрада мудрости царствует трижды,四分明哲，三重至高,zh-TW
Техника,秘技,zh-TW
Техника ледоруба,冰攀前齒技術,zh-TW
Техника ниндзя: Шкала выносливости,忍•科學•堪忍袋,zh-TW
Техника рыцарского копья: Проливной дождь,雲騎槍術•疾雨,zh-TW
Техника рыцарского копья: Северный ветер,雲騎槍術•朔風,zh-TW
Тишина прикосновения сумрачного мотылька,緘默，幽蝶之輕撫,zh-TW
Товарищество,有情之證,zh-TW
Тональный резонанс,調性合頌,zh-TW
Трансмиграция полумесяца,澹月轉魄,zh-TW
Три блюда за раз,一氣化三餐,zh-TW
Трибби и её заботы,好忙好忙的緹寶,zh-TW
Трон из костей,誅天焚骨的王座,zh-TW
Трудности с оплатой?,支付困難？,zh-TW
Трёхсторонний вильткросс,三途枯榷,zh-TW
Туманный пейзаж,幔亭繚霞,zh-TW
У меня появилась безумная идея,我有一個大膽的想法,zh-TW
"Убить бога, чтобы стать богом",弒神登神,zh-TW
"Убить царя, чтобы стать царём",弒王成王,zh-TW
Удар кулаком!,拳頭硬了！,zh-TW
Удар ниндзя: Глубокая решительность,忍切•初志貫徹,zh-TW
Удар сломанного клинка,殘鋒，掠盡,zh-TW
Ударная волна,飛鋏震赫,zh-TW
"Узрите, как расправлю крылья",屏開千光，遍觀自在,zh-TW
Улыбка три на девять,三乘九的微笑,zh-TW
Уносящие лазурные воды,蒼龍傲睨，劫水濯世,zh-TW
Упреждающий удар,先發制人,zh-TW
Упреждающий удар,後發先至,zh-TW
Усиление,強化,zh-TW
Усмиряющий небеса призматический дракон,掣空如虹,zh-TW
Успеть помочь всему миру,奔走懸壺濟世長,zh-TW
Успокаивающая мелодия,祥音和韻,zh-TW
Устранение причин и следствий,因果盡償,zh-TW
Устрашающий удар,震懾之擊,zh-TW
"Учитель, пора пить чай!",師父，請喝茶！,zh-TW
"Учитель, я прозрела!",師父，我悟了！,zh-TW
Учёба: Нежданная проверка,課業•突擊檢查,zh-TW
Флаг: Призыв бури,令旗•征風召雨,zh-TW
Форма Тайсюй: Вестник рассвета,太虛形蘊•燭夜,zh-TW
Фрактал изгоняет заблуждения,分形，驅逐虛知,zh-TW
Ха! Добавь масла в огонь!,哈！火上加油,zh-TW
Хвост: Духовное господство,尾巴•遣神役鬼,zh-TW
Хе-хе! Не обожгись!,喂！小心火燭,zh-TW
Хлыст: изгнание зверей,鞭哨，逐盡惡獸,zh-TW
Ход от профи,殿堂級操作回放,zh-TW
"Цвети, рай будущего",盛放吧，來世的樂土,zh-TW
Часовой спуск,擒縱機構,zh-TW
Частокол мечей,無間劍樹,zh-TW
Четыре закрытых Рыбы? Победа!,四么暗刻？胡！,zh-TW
Четырёхфазное вознесение,四相斷我,zh-TW
Что прячется в искрах,幕後花手,zh-TW
Чудесное озарение,靈光一現,zh-TW
Шаг к освобождению,逐火救世，行則將至,zh-TW
Шаг ниндзя: Значение крови,忍步•血義理,zh-TW
Шампанский этикет,香檳儀禮,zh-TW
Шило развеивания Мары,破魔錐,zh-TW
Шипы бездны,黑淵的棘刺,zh-TW
Шоколадный энергетический батончик,巧克力能量棒,zh-TW
Шумный парад фонарей,喧囂的舞燈巡遊,zh-TW
Шёлковая серенада,拭琴撫羅袂,zh-TW
Щелчок до заряженного патрона,槍口以右,zh-TW
Эй! Помните Хук?,嘿！記得虎克嗎,zh-TW
"Эй, бесплатная выгода",嘿，空手套白銀,zh-TW
Эолийский лад: Эхо в тихих водах,小調，止水中迴響,zh-TW
Это ещё можно оптимизировать,可以改良一下,zh-TW
Это я могу!,包在我身上！,zh-TW
Это? Крутейшая мета!,朋友，這才是T0級秘技,zh-TW
Этой ночью со мной вместе,今夜與我同行,zh-TW
Эхо воспоминаний,記憶如往日重現,zh-TW
Юность: Вечное цветение,青春•韶華無限,zh-TW
Я выбираю тебя!,就決定是你了！,zh-TW
Я добавила капельку волшебства,是魔法，我加了魔法,zh-TW
Я мыслю - я существую,我思故我在,zh-TW
Я хочу помочь,我也想幫上忙,zh-TW
Явление туманного танца,煙斜霧橫，氛氳化生,zh-TW
Яркая кузница,閃鑠,zh-TW
Яркие огни сулят счастье,贈君一卦，火樹銀花,zh-TW
Яркое предостережение,閃爍的勸誡,zh-TW
กระจาย,擴散,zh-TW
"จะทำการโจมตีศัตรูทันที และเมื่อเข้าสู่การต่อสู้ จะสุ่มเพิ่ม ""พันธะ"" ซึ่งเทียบเท่ากับเอฟเฟกต์ของสกิลต่อสู้ ให้กับศัตรูหนึ่งตัว",立即攻擊敵人，進入戰鬥後對敵方隨機單體附上等同於戰技效果的【承負】。,zh-TW
จู่โจม,彈射,zh-TW
ดาบอัลตร้าบิ๊ก,超超超大劍,zh-TW
ถั่วรสพิลึก,怪怪怪味豆,zh-TW
ทำให้ Demiurge ได้รับ เทิร์นเพิ่มเติม 1 เทิร์นทันที,使德謬歌立即獲得1個額外回合。,zh-TW
ท่าไม้ตาย,終結技,zh-TW
ป้องกัน,防禦,zh-TW
พรสวรรค์,天賦,zh-TW
ฟื้นฟู,回復,zh-TW
ยกเลิก,取消,zh-TW
ยกเลิกการเสริมพลัง,取消強化。,zh-TW
ระเบิดบู้มตู้มต้าม,爆爆爆炸蛋,zh-TW
สกัดกั้น,妨害,zh-TW
สกิลต่อสู้,戰技,zh-TW
สกิลปิติสุข,歡愉技,zh-TW
สกิลสนับสนุน,助戰技,zh-TW
สนับสนุน,輔助,zh-TW
สัญญาร่วมทาง: กวาดล้าง,同行協議：殲破,zh-TW
สัญญาร่วมทาง: ตัดสิน,同行協議：裁決,zh-TW
หลังจากที่ใช้เทคนิคแล้ว จะใช้พรสวรรค์ทันทีที่เริ่มการต่อสู้ครั้งต่อไป,使用秘技後，下一次戰鬥開始時立即觸發天賦。,zh-TW
หลังจากโจมตีศัตรู และเข้าสู่การต่อสู้ จะลดทอนความทนทานของประเภท ที่สอดคล้องกับศัตรูเป้าหมาย,攻擊敵人，進入戰鬥後削弱敵方目標對應屬性韌性。,zh-TW
หลังจากโจมตีศัตรูและเข้าสู่การต่อสู้ จะลดทอนความทนทาน ของประเภทที่สอดคล้องกับศัตรูเป้าหมาย,攻擊敵人，進入戰鬥後削弱敵方目標對應屬性韌性。,zh-TW
หลังจากโจมตีศัตรูและเข้าสู่การต่อสู้ จะลดทอนความทนทานของประเภท ที่สอดคล้องกับศัตรูเป้าหมาย,攻擊敵人，進入戰鬥後削弱敵方目標對應屬性韌性。,zh-TW
หลังจากโจมตีศัตรูและเข้าสู่การต่อสู้ จะลดทอนความทนทานของประเภทที่สอดคล้องกับศัตรูเป้าหมาย,攻擊敵人，進入戰鬥後削弱敵方目標對應屬性韌性。,zh-TW
"หลังจากใช้เทคนิคแล้ว จะได้รับ ""เกียรติภูมิทหาร"" และเมื่อสับเปลี่ยนตัวละคร ""เกียรติภูมิทหาร"" จะถูกย้ายไปยังตัวละครที่ใช้ในปัจจุบัน เมื่อเริ่มการต่อสู้ครั้งถัดไป จะปล่อยสกิลต่อสู้ใส่ตัวละครที่มี ""เกียรติภูมิทหาร"" 1 ครั้ง แบบอัตโนมัติ โดยสกิลต่อสู้ในครั้งนี้ จะไม่ใช้แต้มสกิลต่อสู้",使用秘技後獲得【軍功】，切換行動角色時【軍功】轉移至當下行動角色。下一次戰鬥開始時自動對持有【軍功】的角色施放1次戰技，此次戰技不消耗戰技點。,zh-TW
อัญเชิญ,召喚,zh-TW
เทคนิค,秘技,zh-TW
เสริมพลัง,強化,zh-TW
โจมตีปกติ,普通攻擊,zh-TW
โจมตีหมู่,群體攻擊,zh-TW
โจมตีเดี่ยว,單體攻擊,zh-TW
"Ải Thưởng: ""Thời Khắc Sói Tôn""",獎勵關：「狼尊時刻」,zh-TW
"Ở Vườn Của Ta, Trao Tặng Công Đức",駐「我」華庭，授予至勳,zh-TW
"◦ de vers, ∞ de vœux",詩的「◦」誓約的「∞」,zh-TW
"◦ de versos, ∞ de votos",詩的「◦」誓約的「∞」,zh-TW
"◦ des Gedichts, ∞ des Gelübdes",詩的「◦」誓約的「∞」,zh-TW
♪ Por el amor y el mañana ♪,向著愛與明天♪,zh-TW
「我」が授けし至上の勲章,駐「我」華庭，授予至勳,zh-TW
おい！フックを覚えてるか？,嘿！記得虎克嗎,zh-TW
おい！火の元に気をつけな,喂！小心火燭,zh-TW
おっと！魚は逃がさないよ,啊，漏網之魚,zh-TW
おやすみ、ベロブルグ,晚安，貝洛伯格,zh-TW
お任せあれ！,包在我身上！,zh-TW
お日様ぽかぽか、輝くみんな！,天氣正好，萬物可愛！,zh-TW
ここに住んでるのは誰でしょう！,猜猜這裡住了誰,zh-TW
こだまする記憶,記憶如往日重現,zh-TW
この身を炬火とす,此身為炬,zh-TW
これがTier0の秘技だよ,朋友，這才是T0級秘技,zh-TW
これぞ応援,此即應援,zh-TW
これでわかった？,開竅了嗎,zh-TW
さあ、希望の始まりよ！,看！是希望的起始！,zh-TW
ち…遅刻する！,要……要遲到了！,zh-TW
ど…退いてくださーい！,請……請讓一下！,zh-TW
どたばたトリビー,好忙好忙的緹寶,zh-TW
なんでもできる仲間,無所不能的夥伴,zh-TW
はじまりの航路標識を灯して,點燃第一里航標,zh-TW
はっ！火に油を注ぐ,哈！火上加油,zh-TW
へへっ！お宝いただき～！,嘿，空手套白銀,zh-TW
ほしいままに呑み込む買収,恣肆吞併的擔保,zh-TW
ほら！滅茶苦茶になってる,唉！瞧這一團糟,zh-TW
みんなの願いよ、歌のように集え,眾願啊，匯流如歌,zh-TW
むしり取る鞭打ち,撻楚抽薪,zh-TW
やっちゃえミュリオン！,一起上吧，迷迷！,zh-TW
やっぱり私がやる,還是我來吧,zh-TW
アイスクライミングテクニック,冰攀前齒技術,zh-TW
インタラクティブ・トラップ,互動陷阱,zh-TW
インナーブルに突き立つ激流,激流，正中紅心,zh-TW
ウルトラ・エッグボンバー,爆爆爆炸蛋,zh-TW
エアリアルステップ,全屏段的高空踏歌,zh-TW
キャンセル,取消,zh-TW
キャー！火花配信中,尖叫！火花花連線中,zh-TW
クラーラもお手伝いします,我也想幫上忙,zh-TW
コマンド-フラッシュオーバー推進,指令-閃燃推進,zh-TW
コマンド-天火轟撃,指令-天火轟擊,zh-TW
コンスタンスを恐れる者は？,誰在害怕康士坦絲？,zh-TW
サイフォスの蜜,刺紋之蜜,zh-TW
サプライズボックス,驚喜禮盒,zh-TW
サポート,輔助,zh-TW
サヨナラ安打,再見安打,zh-TW
シッポ・神鬼使役,尾巴•遣神役鬼,zh-TW
シノビ・サイエンス・堪忍袋,忍•科學•堪忍袋,zh-TW
シノビ・歩血義理,忍步•血義理,zh-TW
シャンパン・マナー,香檳儀禮,zh-TW
スターダストエース,星塵王牌,zh-TW
スターフォール,流星群落,zh-TW
ストレンジ・ビーン,怪怪怪味豆,zh-TW
ストレートべット,直觀投注,zh-TW
スパーク,電光石火間,zh-TW
スパーズ・クラッシュ,蹄鐵裂顱,zh-TW
スペクトル光線,光譜射線,zh-TW
スヴァローグが見てる,史瓦羅在看著你,zh-TW
スーパー・グレートソード,超超超大劍,zh-TW
セイレーンの歓歌,海妖在歡唱,zh-TW
ダストデビル・ダンサー,塵魔舞者的日落秀,zh-TW
チョコエネルギーバー,巧克力能量棒,zh-TW
データ採取,資料收集,zh-TW
ドカン！飛んでけ花火！,轟！飛來焰火,zh-TW
ハンターの視界,獵手的視界,zh-TW
バウンド,彈射,zh-TW
ビッグ・スマイル,三乘九的微笑,zh-TW
ピッグ・マーケット！？,豬市？！,zh-TW
ファイアフライ-IV-完全燃焼,火螢Ⅳ型-完全燃燒,zh-TW
ファイアフライ-IV-底火斬撃,火螢Ⅳ型-底火斬擊,zh-TW
ファイアフライ-IV-死星オーバーロード,火螢Ⅳ型-死星超載,zh-TW
ファニング,擊錘連弩,zh-TW
フィニッシュに沸く熱砂,絕殺，熱砂沸騰,zh-TW
フラクタルの螺旋,分型的螺旋,zh-TW
プレゼントはどこ？,禮物都去哪裡了,zh-TW
プログラム応答なし…,等待程式回應……,zh-TW
ベットして深淵の響きを聞く,拋注，聽深淵迴響,zh-TW
ベロブルグ行進曲,貝洛伯格進行曲,zh-TW
ホタル式源火中枢,繭式源火中樞,zh-TW
ボーナスステージ「ウルフロードタイム」,獎勵關：「狼尊時刻」,zh-TW
ミュリオンに決めた！,就決定是你了！,zh-TW
ル…ルームサービスです！,客……客房服務！,zh-TW
ロード・オブ・ルーレット,輪盤勳爵,zh-TW
ヴィンテージ開封,親啟佳釀,zh-TW
一に眉間、二に心臓,一扎皺眉，二扎心,zh-TW
一如初见的重逢,一如初見的重逢,zh-TW
一度限りの取引,一錘子買賣,zh-TW
一意の拳,一意之拳,zh-TW
一扎眉攒，二扎心,一扎皺眉，二扎心,zh-TW
一气化三餐,一氣化三餐,zh-TW
一気に三食,一氣化三餐,zh-TW
一番の輝きをあなたへ,你最閃亮,zh-TW
一百层的小火箭,一百層的小火箭,zh-TW
一针幽兰,一針幽蘭,zh-TW
一锤子买卖,一錘子買賣,zh-TW
万我狂欢，镜头不要停,萬我狂歡，鏡頭不要停,zh-TW
万死に悔いなし,萬死無悔,zh-TW
万死无悔,萬死無悔,zh-TW
三尺秋水,遙擊三尺水,zh-TW
三段悖论,三段悖論,zh-TW
三段階のパラドックス,三段悖論,zh-TW
三途の枯木,三途枯榷,zh-TW
不可靠叙事者,不可靠敘事者,zh-TW
不完全燃烧,不完全燃燒,zh-TW
不完全燃焼,不完全燃燒,zh-TW
不屈の体躯,不屈之身,zh-TW
不滅のアンバー,熾燃不滅的琥珀,zh-TW
不滅三振,不死三振,zh-TW
不灭三振,不死三振,zh-TW
不発だった？,啞火了嗎,zh-TW
世は盤上、チェックメイト,世事如棋，四步堪殺,zh-TW
世事如棋，四步堪杀,世事如棋，四步堪殺,zh-TW
世界を癒やす暁の光,療癒世間的晨曦,zh-TW
业途风,業途風,zh-TW
中场馈赠的雨,中場饋贈的雨,zh-TW
举杯！敬炽烈一夏,舉杯！敬熾烈一夏,zh-TW
乗勝追撃,乘勝追擊,zh-TW
乘胜追击,乘勝追擊,zh-TW
乱れ蝶,亂蝶,zh-TW
乱蝶,亂蝶,zh-TW
乾坤清夷、一陽来復,乾清坤夷，否極泰來,zh-TW
乾清坤夷，否极泰来,乾清坤夷，否極泰來,zh-TW
于海的栖息地,於海的棲息地,zh-TW
于静水掀起风浪,於靜水掀起風浪,zh-TW
云吟乍涌坠珠露,雲吟乍湧墜珠露,zh-TW
云骑剑经 • 叩阵,雲騎劍經•叩陣,zh-TW
云骑剑经 • 山倾,雲騎劍經•山傾,zh-TW
云骑剑经 • 素霓,雲騎劍經•素霓,zh-TW
云骑枪术•朔风,雲騎槍術•朔風,zh-TW
云骑枪术•疾雨,雲騎槍術•疾雨,zh-TW
云鸢逐风,雲鳶逐風,zh-TW
互动陷阱,互動陷阱,zh-TW
亡喉怒哮，苏生之颂铃,亡喉怒哮，甦生之頌鈴,zh-TW
亡者の怒哮、蘇生の鐘,亡喉怒哮，甦生之頌鈴,zh-TW
亢龙无悔，移山辟世,亢龍無悔，移山辟世,zh-TW
亲启佳酿,親啟佳釀,zh-TW
仁心の証,有情之證,zh-TW
今夜、アタシと共に,今夜與我同行,zh-TW
今夜与我同行,今夜與我同行,zh-TW
从此岁月朦胧,從此歲月朦朧,zh-TW
令旗•征风召雨,令旗•征風召雨,zh-TW
令旗・風雨招来,令旗•征風召雨,zh-TW
以血还血,以血還血,zh-TW
众愿啊，汇流如歌,眾願啊，匯流如歌,zh-TW
伸天卑飞，折翅为芒,伸天卑飛，折翅為芒,zh-TW
低温妨害,低溫妨害,zh-TW
何見てるの？,看什麼看,zh-TW
作战再部署,作戰再部署,zh-TW
作戦再展開,作戰再部署,zh-TW
你最闪亮,你最閃亮,zh-TW
使德谬歌立即获得1个额外回合。,使德謬歌立即獲得1個額外回合。,zh-TW
使用秘技后获得【军功】，切换行动角色时【军功】转移至当前行动角色。下一次战斗开始时自动对持有【军功】的角色施放1次战技，此次战技不消耗战技点。,使用秘技後獲得【軍功】，切換行動角色時【軍功】轉移至當下行動角色。下一次戰鬥開始時自動對持有【軍功】的角色施放1次戰技，此次戰技不消耗戰技點。,zh-TW
使用秘技后，下一次战斗开始时立即触发天赋。,使用秘技後，下一次戰鬥開始時立即觸發天賦。,zh-TW
供香,肅香,zh-TW
信号溢出：好戏返场！,訊號溢出：好戲復刻！,zh-TW
信用できない語り手,不可靠敘事者,zh-TW
倍音、暗流の先の斉唱,泛音，暗流後齊鳴,zh-TW
倏忽の恩賜,倏忽恩賜,zh-TW
倏忽恩赐,倏忽恩賜,zh-TW
倾诉之肉身,傾訴之肉身,zh-TW
停一停吧，你真美丽！,逗留一下吧，你是那樣美！,zh-TW
偶像の誕生,偶像塑造,zh-TW
催眠研习,催眠研習,zh-TW
催眠研究,催眠研習,zh-TW
傲睨せし蒼龍、世を濯ぐ劫水,蒼龍傲睨，劫水濯世,zh-TW
優しさもまた残酷,溫柔亦同殘酷,zh-TW
先を行く者,搶先者,zh-TW
先人一歩,先人一步,zh-TW
先发制人,先發制人,zh-TW
先手优势,先發優勢,zh-TW
先手必勝,先發制人,zh-TW
先手有利,先發優勢,zh-TW
光を纏う告諭,閃爍的勸誡,zh-TW
光谱射线,光譜射線,zh-TW
全体攻撃,群體攻擊,zh-TW
全勝・サヨナラ安打,全勝•再見安打,zh-TW
全勝・安息ホームラン,全勝•安息全壘打,zh-TW
全胜•再见安打,全勝•再見安打,zh-TW
全胜•安息全垒打,全勝•安息全壘打,zh-TW
八雷渡り,八雷飛渡,zh-TW
八雷飞渡,八雷飛渡,zh-TW
公正、ここに咲き誇る,公正，此處盛放,zh-TW
公正，此处盛放,公正，此處盛放,zh-TW
公的支援金,明補,zh-TW
共に灼熱の遠征へ,共赴灼熱的遠征,zh-TW
共に舞え、運命のラフトラ,共舞吧，命定的衣匠,zh-TW
共赴灼热的远征,共赴灼熱的遠征,zh-TW
冉冉方炽,冉冉方熾,zh-TW
再现,再現,zh-TW
再见安打,再見安打,zh-TW
冥兆天筆,冥讖天筆,zh-TW
冥谶天笔,冥讖天筆,zh-TW
冰刻箭雨之时,冰刻箭雨之時,zh-TW
冰攀前齿技术,冰攀前齒技術,zh-TW
冰点射击,冰點射擊,zh-TW
冷たい雨を願って,願有冷雨落下,zh-TW
冻人的瞬间,凍人的瞬間,zh-TW
凍る瞬間,凍人的瞬間,zh-TW
凪に波風を巻き起こせ,於靜水掀起風浪,zh-TW
凭附•气通天真,憑附•氣通天真,zh-TW
凶煞•劾压鬼物,凶煞•劾壓鬼物,zh-TW
凶相・鬼物圧伏,凶煞•劾壓鬼物,zh-TW
出だし好調,迎面開門紅,zh-TW
击锤连弩,擊錘連弩,zh-TW
凿破大荒,鑿破大荒,zh-TW
刃下，归葬,刃下，歸葬,zh-TW
分形、誤謬の駆逐,分形，驅逐虛知,zh-TW
分形，驱逐虚知,分形，驅逐虛知,zh-TW
刈り尽くす毀刃,殘鋒，掠盡,zh-TW
创生•血棘渡亡,創生•血棘渡亡,zh-TW
初めましてを何度でも,一如初見的重逢,zh-TW
利爪，授以礼仪,利爪，授以禮儀,zh-TW
制胜一击,制勝一擊,zh-TW
刹那の芬芳,芬芳一現,zh-TW
刺纹之蜜,刺紋之蜜,zh-TW
剑为地纪，刃惊天宗,劍為地紀，刃驚天宗,zh-TW
剑歌•神鬼无赦,劍歌•神鬼無赦,zh-TW
剔烁之牙,剔爍之牙,zh-TW
剣先より千の口付けを,孤鋒千吻,zh-TW
剣歌・神鬼無赦,劍歌•神鬼無赦,zh-TW
創生・血荊の葬送,創生•血棘渡亡,zh-TW
劈头满堂彩,劈頭滿堂彩,zh-TW
助战技,助戰技,zh-TW
勝利の一撃,制勝一擊,zh-TW
勝利の小さな対価,勝利的小小代價,zh-TW
匏蛟跃渊先雷音,匏蛟躍淵先雷音,zh-TW
化育、世界の創造,生息破土，世界塑造,zh-TW
十八番を披露するね,給您來段看家戲,zh-TW
十方に光映ゆ、万法を明かさん,十方光映，萬法皆明,zh-TW
十方不赦,十方無赦,zh-TW
十方光映，万法皆明,十方光映，萬法皆明,zh-TW
十方无赦,十方無赦,zh-TW
十王の勅令、遍く遵行せよ,十王敕令，遍土遵行,zh-TW
十王の聖裁、業報は常に在り,十王聖斷，業報恆常,zh-TW
十王圣断，业报恒常,十王聖斷，業報恆常,zh-TW
千の光を開き、遍く観自在なり,屏開千光，遍觀自在,zh-TW
千の音で、群星にフーガを,千音迭奏，群星賦格,zh-TW
千冶は一を鋳り、万劫を燼滅す,千冶鑄一，萬劫燼滅,zh-TW
千冶铸一，万劫烬灭,千冶鑄一，萬劫燼滅,zh-TW
千音迭奏，群星赋格,千音迭奏，群星賦格,zh-TW
升变，士皆可帅,升變，士皆可帥,zh-TW
升起领航的烽火,升起領航的烽火,zh-TW
单攻,單體攻擊,zh-TW
単体攻撃,單體攻擊,zh-TW
即刻！独奏团,即刻！獨奏團,zh-TW
即座にデミウルゴスに追加ターンを1ターン付与する。,使德謬歌立即獲得1個額外回合。,zh-TW
即興！独奏団,即刻！獨奏團,zh-TW
反复横跳的爱,反覆橫跳的愛,zh-TW
反復横跳びの愛,反覆橫跳的愛,zh-TW
収益化,流量變現,zh-TW
取此真相，弃舍表征,取此真相，棄捨表徵,zh-TW
取消强化。,取消強化。,zh-TW
叙述トリック,敘述性詭計,zh-TW
叙述性诡计,敘述性詭計,zh-TW
古来、芸人は君子に頼る,古來君子養藝人,zh-TW
古来君子养艺人,古來君子養藝人,zh-TW
古镜照神,古鏡照神,zh-TW
召唤,召喚,zh-TW
可以优化一下,可以改良一下,zh-TW
可愛いは正義,可愛即是正義,zh-TW
可爱即是正义,可愛即是正義,zh-TW
史瓦罗在看着你,史瓦羅在看著你,zh-TW
同行协议：歼破,同行協議：殲破,zh-TW
同行协议：裁决,同行協議：裁決,zh-TW
同行協定：殲滅,同行協議：殲破,zh-TW
同行協定：裁決,同行協議：裁決,zh-TW
名を馳せよ、歩兵も将の器,升變，士皆可帥,zh-TW
后发先至,後發先至,zh-TW
向着爱与明天♪,向著愛與明天♪,zh-TW
君に卦を贈る、天を染める銀花,贈君一卦，火樹銀花,zh-TW
否泰記す四郭固,歲記否泰，固守四郭,zh-TW
呀，漏网之鱼,啊，漏網之魚,zh-TW
呼剑如影,呼劍如影,zh-TW
呼影剣,呼劍如影,zh-TW
命令じゃなくて約束,是約定不是命令,zh-TW
命运•此躯即神,命運•此軀即神,zh-TW
哀悼、死海の小波,哀悼，死海之漣漪,zh-TW
哀悼，死海之涟漪,哀悼，死海之漣漪,zh-TW
哈！火上浇油,哈！火上加油,zh-TW
哎！瞧这一团糟,唉！瞧這一團糟,zh-TW
哑火了吗,啞火了嗎,zh-TW
啼沢斬り,啼澤雨斬,zh-TW
啼泽雨斩,啼澤雨斬,zh-TW
喂！小心火烛,喂！小心火燭,zh-TW
善満ちる所福来たる,善盈後福，德氣流布,zh-TW
善盈后福，德气流布,善盈後福，德氣流布,zh-TW
喝采満場,劈頭滿堂彩,zh-TW
喧嚣的舞灯巡游,喧囂的舞燈巡遊,zh-TW
嘿！记得虎克吗,嘿！記得虎克嗎,zh-TW
嘿，空手套白银,嘿，空手套白銀,zh-TW
四幺暗刻？和！,四么暗刻？胡！,zh-TW
四智、三重の無上,四分明哲，三重至高,zh-TW
四相断我,四相斷我,zh-TW
四示八权，纤滋精味,四示八權，纖滋精味,zh-TW
回复,回復,zh-TW
因为我们是家人,因為我們是家人,zh-TW
因果尽偿,因果盡償,zh-TW
因果清算,因果盡償,zh-TW
在旗帜下,在旗幟下,zh-TW
地割れ,地坼,zh-TW
地狱变,地獄變,zh-TW
地獄変,地獄變,zh-TW
堅氷を貫く烈火,穿徹堅冰的烈芒,zh-TW
堕此欲渊，立此狱契,墮此欲淵，立此獄契,zh-TW
塩漬け野営缶詰,鹽漬野營罐頭,zh-TW
変更を許可しますか？,是否允許更改？,zh-TW
夜间喧嚣不止,夜間喧囂不止,zh-TW
夢を泳ぐ魚,夢遊魚,zh-TW
大胆なアイデア,我有一個大膽的想法,zh-TW
大荒滅破砕,鑿破大荒,zh-TW
大辟万死,大辟萬死,zh-TW
大道芸,耍耍把式賣賣藝,zh-TW
天を揺るがす大地の剣,劍為地紀，刃驚天宗,zh-TW
天を滅す炎骨の王座,誅天焚骨的王座,zh-TW
天坠之火,天墜之火,zh-TW
天墜の火,天墜之火,zh-TW
天威煌々,飛鋏震赫,zh-TW
天宮に鳴り響む弦,天闕鳴弦,zh-TW
天律大衍、歴劫帰一,天律大衍，歷劫歸一,zh-TW
天律大衍，历劫归一,天律大衍，歷劫歸一,zh-TW
天气正好，万物可爱！,天氣正好，萬物可愛！,zh-TW
天矢阴,天矢陰,zh-TW
天罚贯身,天罰貫身,zh-TW
天象学,天象學,zh-TW
天赋,天賦,zh-TW
天阙鸣弦,天闕鳴弦,zh-TW
太微の行棋、影示す霊台,太微行棋，靈台示影,zh-TW
太微行棋，灵台示影,太微行棋，靈台示影,zh-TW
太虚形蕴 • 烛夜,太虛形蘊•燭夜,zh-TW
太虚形蘊・燭夜,太虛形蘊•燭夜,zh-TW
失坠，伪神的黄昏,失墜，偽神的黃昏,zh-TW
失墜、偽神の黄昏,失墜，偽神的黃昏,zh-TW
奔走悬壶济世长,奔走懸壺濟世長,zh-TW
奖励关：「狼尊时刻」,獎勵關：「狼尊時刻」,zh-TW
好忙好忙的缇宝,好忙好忙的緹寶,zh-TW
妖魔を祓う瑠璃剣,蕩滌妖邪琉璃劍,zh-TW
始击岁星,始擊歲星,zh-TW
始撃歳星,始擊歲星,zh-TW
孔雀の矢羽根、幸いを招く嚆矢,雀翎鳴鏑，過招有喜,zh-TW
孤锋千吻,孤鋒千吻,zh-TW
守护者召令,守護者召令,zh-TW
守護者命令,守護者召令,zh-TW
安息ホームラン,安息全壘打,zh-TW
安息全垒打,安息全壘打,zh-TW
客…客房服务！,客……客房服務！,zh-TW
家族なんだから,因為我們是家人,zh-TW
宽恕无关慈悲,寬恕無關慈悲,zh-TW
宿怨，切齿奉还,宿怨，切齒奉還,zh-TW
富を削ぐ毒牙,剔爍之牙,zh-TW
寒光刺す霜鋒,霜鋒點寒芒,zh-TW
寸长寸强,寸長寸強,zh-TW
小调，止水中回响,小調，止水中迴響,zh-TW
少女の特権,少女的特權,zh-TW
少女的特权,少女的特權,zh-TW
尖叫！火花花连线中,尖叫！火花花連線中,zh-TW
尘魔舞者的日落秀,塵魔舞者的日落秀,zh-TW
就决定是你了！,就決定是你了！,zh-TW
屏开千光，遍观自在,屏開千光，遍觀自在,zh-TW
屹立する山岳、八荒を支える大地,淵渟嶽峙，地載八荒,zh-TW
岁记否泰，固守四郭,歲記否泰，固守四郭,zh-TW
岚身,嵐身,zh-TW
崇高なる客体,崇高的客體,zh-TW
崇高的客体,崇高的客體,zh-TW
崩坏级伤害演示,崩壞級傷害演示,zh-TW
崩壊級ダメージ実演,崩壞級傷害演示,zh-TW
嶺上開花！,槓上開花！,zh-TW
巡游在无界的天空,巡遊在無界的天空,zh-TW
师父，我悟了！,師父，我悟了！,zh-TW
师父，请喝茶！,師父，請喝茶！,zh-TW
帝垣琼玉,帝垣瓊玉,zh-TW
帝垣美玉,帝垣瓊玉,zh-TW
師匠、お茶をどうぞ！,師父，請喝茶！,zh-TW
師匠、わかりました！,師父，我悟了！,zh-TW
帰葬の成就,歸葬的遂願,zh-TW
幔亭缭霞,幔亭繚霞,zh-TW
幕后花手,幕後花手,zh-TW
幺魚暗カン？アガリ！,四么暗刻？胡！,zh-TW
幽蘭の調べ,一針幽蘭,zh-TW
庆云光覆仪祷,慶雲光覆儀禱,zh-TW
建創者の失われし宝,築城者遺寶,zh-TW
开心你就拍拍手,開心你就拍拍手,zh-TW
开拓，与你同行,開拓，與你同行,zh-TW
开瓶费,開瓶費,zh-TW
开窍了吗,開竅了嗎,zh-TW
弑王成王,弒王成王,zh-TW
弑神登神,弒神登神,zh-TW
強化をキャンセルする。,取消強化。,zh-TW
弹射,彈射,zh-TW
强化,強化,zh-TW
强袭,強襲,zh-TW
归刃,歸刃,zh-TW
归葬的遂愿,歸葬的遂願,zh-TW
当微风轻吻云沫,當微風輕吻雲沫,zh-TW
彩煙,識煙飛彩,zh-TW
彩雲の如く巡る霞,幔亭繚霞,zh-TW
彼方の抱擁に酔いしれて,沉醉於彼界的臂灣,zh-TW
征け、兵は神速を尊ぶ,易位，兵貴神速,zh-TW
征途踏破の誓い,踏破征途的誓言,zh-TW
後の先,後發先至,zh-TW
徜徉灵泽病恙短,徜徉靈澤病恙短,zh-TW
御剑真诀,御劍真訣,zh-TW
御剣真訣,御劍真訣,zh-TW
徹札矢,箭徹七札,zh-TW
心こそ至高の墓場,心……是最好的墳塋,zh-TW
心火計,仁火攻心,zh-TW
心，是最好的坟茔,心……是最好的墳塋,zh-TW
必殺技,終結技,zh-TW
忍•科学•堪忍袋,忍•科學•堪忍袋,zh-TW
忍具・降魔の花弁,忍具•降魔花弁,zh-TW
忍切•初志贯彻,忍切•初志貫徹,zh-TW
忍切・初志貫徹,忍切•初志貫徹,zh-TW
忍术•七转八起,忍術•七轉八起,zh-TW
忍步•血义理,忍步•血義理,zh-TW
忍法・七転八起,忍術•七轉八起,zh-TW
忍道•极•爱死天流,忍道•極•愛死天流,zh-TW
忍道・極・愛死天流,忍道•極•愛死天流,zh-TW
快雨に戯れる燕,快雨燕相逐,zh-TW
急襲する迅羽,迅羽掠襲,zh-TW
怪盗ニャンコ、参上！,貓咪怪盜，敬上！,zh-TW
恙病を払拭せし、徜徉する霊澤,徜徉靈澤病恙短,zh-TW
恣肆吞併的担保,恣肆吞併的擔保,zh-TW
恵風和暢,惠風和暢,zh-TW
悔いなき亢龍、天地を拓く,亢龍無悔，移山辟世,zh-TW
悪を鎮め、生を護る,鎮惡護生,zh-TW
悲剧尽头的颤音,悲劇盡頭的顫音,zh-TW
悲劇最果ての顫音,悲劇盡頭的顫音,zh-TW
悲鸣，赐死之先声,悲鳴，賜死之先聲,zh-TW
情熱コード,燃情和弦,zh-TW
惊喜礼盒,驚喜禮盒,zh-TW
惠风和畅,惠風和暢,zh-TW
愉悦って言ったの聞こえなかった？,我說歡愉，你是聾了嗎？,zh-TW
愉悦スキル,歡愉技,zh-TW
愚者の悲哀,愚者的悲憫,zh-TW
愚者的悲悯,愚者的悲憫,zh-TW
愛、救済と選択,愛，救護與抉擇,zh-TW
愛と明日へ向かって♪,向著愛與明天♪,zh-TW
愿有冷雨落下,願有冷雨落下,zh-TW
慈心の裏側,仁慈的背面,zh-TW
慟哭、死の兆しを贈る,悲鳴，賜死之先聲,zh-TW
慢捻抹复挑,慢撚抹復挑,zh-TW
慶雲光覆儀祷,慶雲光覆儀禱,zh-TW
憎き手よ、食らうがいい,吃吧，可憎的手,zh-TW
憑依・真気通天,憑附•氣通天真,zh-TW
懲悪,罰惡,zh-TW
懸壺済世,奔走懸壺濟世長,zh-TW
我が身の輝き,吾身光明,zh-TW
我ら、星を追う巨人,我們，亦是逐星的巨人,zh-TW
我也想帮上忙,我也想幫上忙,zh-TW
我们自成旋律,我們自成旋律,zh-TW
我们，亦是逐星的巨人,我們，亦是逐星的巨人,zh-TW
我思う、故に我あり,我思故我在,zh-TW
我有一个大胆的想法,我有一個大膽的想法,zh-TW
我说欢愉，你耳朵聋吗？,我說歡愉，你是聾了嗎？,zh-TW
战技,戰技,zh-TW
戦闘スキル,戰技,zh-TW
户外生存经验,戶外生存經驗,zh-TW
手のひらを伝う衰亡,掌心淌過的荒蕪,zh-TW
扑翼白声,撲翼白聲,zh-TW
扩散,擴散,zh-TW
扭亏为盈！,轉虧為盈！,zh-TW
折戟臣服的监牢,折戟臣服的監牢,zh-TW
抛注，听深渊回响,拋注，聽深淵迴響,zh-TW
抢先者,搶先者,zh-TW
抱擁と傷痕の賛歌,輕與傷痕的讚頌,zh-TW
拟似黑洞,擬似黑洞,zh-TW
拡散攻撃,擴散,zh-TW
拨弄…记忆绽开裂隙,撥弄……記憶綻開裂隙,zh-TW
拭琴抚罗袂,拭琴撫羅袂,zh-TW
拳头硬了！,拳頭硬了！,zh-TW
拿来吧你,拿來給我,zh-TW
持ち込み料,開瓶費,zh-TW
指令-天火轰击,指令-天火轟擊,zh-TW
指令-闪燃推进,指令-閃燃推進,zh-TW
指導・抜き打ち検査,課業•突擊檢查,zh-TW
挞楚抽薪,撻楚抽薪,zh-TW
掌心淌过的荒芜,掌心淌過的荒蕪,zh-TW
掣空、虹の如し,掣空如虹,zh-TW
掲げよ、昇華せし名を,高舉吧，昇華的名諱,zh-TW
揺らめく礼儀,搖擺的禮儀,zh-TW
揺れる紫電,紫電扶搖,zh-TW
摂召威霊,攝召威靈,zh-TW
摄伏诸恶,攝伏諸惡,zh-TW
摄召威灵,攝召威靈,zh-TW
摇摆的礼仪,搖擺的禮儀,zh-TW
摇花缎水，沾衣不摘,搖花緞水，沾衣不摘,zh-TW
撕风的匕首,撕風的匕首,zh-TW
擒纵机构,擒縱機構,zh-TW
支付困难？,支付困難？,zh-TW
支払困難？,支付困難？,zh-TW
支援スキル,助戰技,zh-TW
支柱・死星の天裁,支柱•死星天裁,zh-TW
支离剑,支離劍,zh-TW
支離剣,支離劍,zh-TW
改善すべきだよ,可以改良一下,zh-TW
攻击,攻擊,zh-TW
攻击敌人，进入战斗后削弱敌方目标对应属性韧性。,攻擊敵人，進入戰鬥後削弱敵方目標對應屬性韌性。,zh-TW
攻撃,攻擊,zh-TW
放心飞，开拓永相随！,放心飛，開拓永相隨！,zh-TW
数据采集,資料收集,zh-TW
敵を攻撃、戦闘突入後、敵の対応する属性の靭性を削る。,攻擊敵人，進入戰鬥後削弱敵方目標對應屬性韌性。,zh-TW
敵を攻撃。戦闘に入った後、ランダムな敵単体に戦闘スキルが与えるものと同じ「承負」状態を付与する。,立即攻擊敵人，進入戰鬥後對敵方隨機單體附上等同於戰技效果的【承負】。,zh-TW
敵を攻撃。戦闘に入った後、敵の対応する属性の靭性を削る。,攻擊敵人，進入戰鬥後削弱敵方目標對應屬性韌性。,zh-TW
斧貫,鉞貫,zh-TW
斧貫衝天,鉞貫天衝,zh-TW
斩勘神形,斬勘神形,zh-TW
斩立决,斬立決,zh-TW
斬、即決,斬立決,zh-TW
断念一斩,斷念一斬,zh-TW
断念一斬,斷念一斬,zh-TW
新生の礼,新生之禮,zh-TW
新生之礼,新生之禮,zh-TW
旗の下で,在旗幟下,zh-TW
无所不能的伙伴,無所不能的夥伴,zh-TW
无敌玩家，启动！,無敵玩家，啟動！,zh-TW
无端命运的机杼,無端命運的機杼,zh-TW
无罅飞光,無罅飛光,zh-TW
无间剑树,無間劍樹,zh-TW
早说了是魔法吧,早就說了是魔法吧,zh-TW
时空扭曲,時空扭曲,zh-TW
旺火却乱,旺火卻亂,zh-TW
明天，一同写下！,明天，一同寫下！,zh-TW
明日を一緒に紡ごう！,明天，一同寫下！,zh-TW
明补,明補,zh-TW
易位，兵贵神速,易位，兵貴神速,zh-TW
昙华生灭，天河泻梦,曇華生滅，天河瀉夢,zh-TW
星を拓く巡航,拓星巡航,zh-TW
星を纏いし烈剣,披星百裂,zh-TW
星尘王牌,星塵王牌,zh-TW
是否允许更改？,是否允許更改？,zh-TW
是约定不是命令,是約定不是命令,zh-TW
時よ止まれ、アナタは美しい,逗留一下吧，你是那樣美！,zh-TW
時空の歪み,時空扭曲,zh-TW
晚安，全世界无眠,晚安——全世界無眠,zh-TW
晚安，贝洛伯格,晚安，貝洛伯格,zh-TW
晨昏に飛び込むわたしたち,飛入晨昏的我們,zh-TW
普攻,普通攻擊,zh-TW
暗器,飛鐃,zh-TW
曇華生滅、夢瀉す天河,曇華生滅，天河瀉夢,zh-TW
月光摩挲连绵,月光摩挲連綿,zh-TW
月明かりが撫でる連綿,月光摩挲連綿,zh-TW
有情之证,有情之證,zh-TW
有我在，把把都是顺风局,有我在，把把都是順風局,zh-TW
有道祥见，衔书摇风,有道祥見，銜書搖風,zh-TW
朋友，这才是T0级秘技,朋友，這才是T0級秘技,zh-TW
望 、闻、问…蹴！,望、聞、問……蹴！,zh-TW
望・聞・問…蹴！,望、聞、問……蹴！,zh-TW
未来の楽園よ、咲き誇れ,盛放吧，來世的樂土,zh-TW
机械热潮登场！,機械熱潮登場！,zh-TW
杠上开花！,槓上開花！,zh-TW
极寒的弓矢,極寒的弓矢,zh-TW
极速收割,極速收割,zh-TW
果てなき大空を舞う,巡遊在無界的天空,zh-TW
果てなき運命の機織り,無端命運的機杼,zh-TW
枪口以右,槍口以右,zh-TW
栄光の秘儀,榮光之秘,zh-TW
栄光をカイザーに,榮光屬於凱撒,zh-TW
格局打开,格局放大,zh-TW
梦游鱼,夢遊魚,zh-TW
棲まう海にて,於海的棲息地,zh-TW
楚痛，酿造实识,楚痛，釀造實識,zh-TW
極上の泡立ち,酒花奔湧,zh-TW
極寒の弓矢,極寒的弓矢,zh-TW
極陽は遍く世を照らす,陽極照世，離火滿綴,zh-TW
楽しいなら手を叩こう,開心你就拍拍手,zh-TW
機械ブーム登場！,機械熱潮登場！,zh-TW
欢愉技,歡愉技,zh-TW
欲望の淵での地獄の契り,墮此欲淵，立此獄契,zh-TW
止まない夜の喧騒,夜間喧囂不止,zh-TW
此即应援,此即應援,zh-TW
此身为炬,此身為炬,zh-TW
武装調律,武裝調律,zh-TW
武装调律,武裝調律,zh-TW
歳月はここより霞む,從此歲月朦朧,zh-TW
残夢染める繚乱の一太刀,殘夢盡染，一刀繚斷,zh-TW
残梦尽染，一刀缭断,殘夢盡染，一刀繚斷,zh-TW
残锋，掠尽,殘鋒，掠盡,zh-TW
殿堂入り操作リプレイ,殿堂級操作回放,zh-TW
殿堂级操作回放,殿堂級操作回放,zh-TW
水華,澤芝,zh-TW
氷刻矢雨の時,冰刻箭雨之時,zh-TW
氷点狙撃,冰點射擊,zh-TW
永劫の焼世、背負うべき未来,永劫燔世，其將背負,zh-TW
永劫燔世，其将背负,永劫燔世，其將背負,zh-TW
永屹の壁,永屹之壁,zh-TW
沈黙、幽蝶の慈しみ,緘默，幽蝶之輕撫,zh-TW
沉溺…飞灰邀入墓床,沉溺……飛灰邀入墓床,zh-TW
沉醉于彼界的臂湾,沉醉於彼界的臂灣,zh-TW
泛音，暗流后齐鸣,泛音，暗流後齊鳴,zh-TW
泽芝,澤芝,zh-TW
洞天幻化、長夢一覚,洞天幻化，長夢一覺,zh-TW
洞天幻化，长梦一觉,洞天幻化，長夢一覺,zh-TW
洞察、緘黙の黎明,洞見，緘默的黎明,zh-TW
洞见，缄默的黎明,洞見，緘默的黎明,zh-TW
流影方晖,流影方暉,zh-TW
流影穿,流影方暉,zh-TW
流翠散云,流翠散雲,zh-TW
流量变现,流量變現,zh-TW
流镝,流鏑,zh-TW
浮光过隙，百无禁忌,浮光過隙，百無禁忌,zh-TW
海妖在欢唱,海妖在歡唱,zh-TW
海底捞月,海底撈月,zh-TW
海風のトーンを決める波,音浪，為海風定調,zh-TW
淡月転魄,澹月轉魄,zh-TW
淬锋，断魄,淬鋒，斷魄,zh-TW
深き怨み、牙で晴らそう,宿怨，切齒奉還,zh-TW
渊渟岳峙，地载八荒,淵渟嶽峙，地載八荒,zh-TW
温柔亦同残酷,溫柔亦同殘酷,zh-TW
游刃若水,遊刃若水,zh-TW
溶核爆裂,熔核爆裂,zh-TW
潜む刃、鋭い影,鋒入幽渺，影出凌厲,zh-TW
澹月转魄,澹月轉魄,zh-TW
激流，正中红心,激流，正中紅心,zh-TW
火花で盛り上がろう！カメラは止めないで,萬我狂歡，鏡頭不要停,zh-TW
火花四溅,火花四濺,zh-TW
火萤Ⅳ型-完全燃烧,火螢Ⅳ型-完全燃燒,zh-TW
火萤Ⅳ型-底火斩击,火螢Ⅳ型-底火斬擊,zh-TW
火萤Ⅳ型-死星过载,火螢Ⅳ型-死星超載,zh-TW
火追いの救世、必ずや果たさん,逐火救世，行則將至,zh-TW
灵光一现,靈光一現,zh-TW
灵符•保命护身,靈符•保命護身,zh-TW
灼熱の夏にオールイン！,All in！敬熾烈一夏,zh-TW
灼熱の夏に乾杯！,舉杯！敬熾烈一夏,zh-TW
災厄・魂命の滅却,災厄•弒魂焚詔,zh-TW
灾厄•弑魂焚诏,災厄•弒魂焚詔,zh-TW
炊陣妙法、詭正相生,鼎陣妙法，奇正相生,zh-TW
炤炤彻旷,炤炤徹曠,zh-TW
点燃第一里航标,點燃第一里航標,zh-TW
炽燃不灭的琥珀,熾燃不滅的琥珀,zh-TW
炽砾舞者的探戈,熾礫舞者的探戈,zh-TW
烟斜雾横，氛氲化生,煙斜霧橫，氛氳化生,zh-TW
热情好客的多洛斯人,熱情好客的多洛斯人,zh-TW
焕焕辰尾,煥煥辰尾,zh-TW
無敵プレイヤー、ゲームスタート！,無敵玩家，啟動！,zh-TW
無罅の飛光,無罅飛光,zh-TW
無間剣樹,無間劍樹,zh-TW
照照たる光輝,炤炤徹曠,zh-TW
熱砂のタンゴ,熾礫舞者的探戈,zh-TW
燃えてきた！,燃燒起來了！,zh-TW
燃起来了！,燃燒起來了！,zh-TW
燎原奔襲,燔燎急襲,zh-TW
燔燎急袭,燔燎急襲,zh-TW
燦然たる日月の尾,煥煥辰尾,zh-TW
爱在虹光洒落时,愛在虹光灑落時,zh-TW
爱，救护与抉择,愛，救護與抉擇,zh-TW
牵制盗垒,牽制盜壘,zh-TW
特急ハーベスト,極速收割,zh-TW
特製ドリンク,罐裝特調,zh-TW
狂者の制裁,狂者制裁,zh-TW
独り芝居,獨角戲,zh-TW
独奕の楽しみ,獨弈之樂,zh-TW
独弈之乐,獨弈之樂,zh-TW
独角戏,獨角戲,zh-TW
猎手的视界,獵手的視界,zh-TW
猜猜这里住着谁,猜猜這裡住了誰,zh-TW
猪市？！,豬市？！,zh-TW
猫咪怪盗，敬上！,貓咪怪盜，敬上！,zh-TW
王を殺め王となる,弒王成王,zh-TW
琴拭い、霓裳撫でる,拭琴撫羅袂,zh-TW
生は尊く、万物は流転す,生生之德，品物流形,zh-TW
生命の輝き,生機煥發,zh-TW
生命の輪廻,生息的輪轉,zh-TW
生息的轮转,生息的輪轉,zh-TW
生机焕发,生機煥發,zh-TW
生滅捕縛,生滅繫縛,zh-TW
生灭系缚,生滅繫縛,zh-TW
産婆術,精神催生法,zh-TW
电光石火间,電光石火間,zh-TW
画地为牢,畫地為牢,zh-TW
画地為牢,畫地為牢,zh-TW
疑似ブラックホール,擬似黑洞,zh-TW
疗愈世间的晨曦,療癒世間的晨曦,zh-TW
疾行する雷の如し,如雷疾行,zh-TW
疾風の弾丸,馭風的子彈,zh-TW
痛みと怒りの極み,至痛至怒,zh-TW
白昼は静かに去る,白晝悄然離去,zh-TW
白昼悄然离去,白晝悄然離去,zh-TW
白花の祈望,白花的祈望,zh-TW
百発分のピラヴロス,一百層的小火箭,zh-TW
百花繚乱、ひとり勝ち！,百花齊放，勝者獨享！,zh-TW
百花齐放，胜者独享！,百花齊放，勝者獨享！,zh-TW
盐渍野营罐头,鹽漬野營罐頭,zh-TW
盖世女侠三月七,蓋世女俠三月七,zh-TW
盗塁牽制,牽制盜壘,zh-TW
盘拏耀跃,盤拏耀躍,zh-TW
盛夏是灵魂的乐手,盛夏是靈魂的樂手,zh-TW
盛放吧，来世的乐土,盛放吧，來世的樂土,zh-TW
直冲拳,直衝拳,zh-TW
直冲碎天拳,直衝碎天拳,zh-TW
直观投注,直觀投注,zh-TW
看什么看,看什麼看,zh-TW
看，希望的起始！,看！是希望的起始！,zh-TW
真夏の魂の演奏者,盛夏是靈魂的樂手,zh-TW
真相を取り、表象を捨てる,取此真相，棄捨表徵,zh-TW
眠れぬ世界に永き眠りを,晚安——全世界無眠,zh-TW
眩い刃紋,酷炫的刀花,zh-TW
着想の一閃,靈光一現,zh-TW
瞬华,瞬華,zh-TW
瞳の中の色彩,瞳扉之彩,zh-TW
知識は力なり,知識就是力量,zh-TW
知识就是力量,知識就是力量,zh-TW
短調、止水に響く,小調，止水中迴響,zh-TW
砕折の矛、臣服の牢獄,折戟臣服的監牢,zh-TW
破敌锋芒,破敵鋒芒,zh-TW
破敵の矛先,破敵鋒芒,zh-TW
破魔锥,破魔錐,zh-TW
礼物都去哪儿了,禮物都去哪裡了,zh-TW
神を殺め神となる,弒神登神,zh-TW
神識照らす月影,古鏡照神,zh-TW
祥音和韵,祥音和韻,zh-TW
禁锢解除,禁錮解除,zh-TW
私がいればヌルゲー,有我在，把把都是順風局,zh-TW
私がかけた魔法だよ,是魔法，我加了魔法,zh-TW
私がもらうね,拿來給我,zh-TW
私たちがメロディーに,我們自成旋律,zh-TW
秘技を使用した後、「軍功」を獲得する。キャラを切り替えると「軍功」は現在行動中のキャラに移る。次の戦闘開始時、「軍功」を所持しているキャラに戦闘スキルを自動で1回発動する。この発動はSPを消費しない。,使用秘技後獲得【軍功】，切換行動角色時【軍功】轉移至當下行動角色。下一次戰鬥開始時自動對持有【軍功】的角色施放1次戰技，此次戰技不消耗戰技點。,zh-TW
秘技を使用した後、次の戦闘開始時、天賦を発動する。,使用秘技後，下一次戰鬥開始時立即觸發天賦。,zh-TW
移りゆく時光、何をか忌むべき,浮光過隙，百無禁忌,zh-TW
穿彻坚冰的烈芒,穿徹堅冰的烈芒,zh-TW
穿靴子的猫,穿靴子的貓,zh-TW
立ち昇る導きの狼煙,升起領航的烽火,zh-TW
立即攻击敌人，进入战斗后对敌方随机单体附上等同于战技效果的【承负】。,立即攻擊敵人，進入戰鬥後對敵方隨機單體附上等同於戰技效果的【承負】。,zh-TW
等待程序响应…,等待程式回應……,zh-TW
筑城者遗宝,築城者遺寶,zh-TW
箭彻七札,箭徹七札,zh-TW
精神助产术,精神催生法,zh-TW
紅葉に時雨、万里の空,紅葉時雨，萬傾一空,zh-TW
紅霧より出づる煙獣,煙斜霧橫，氛氳化生,zh-TW
純粋で高潔なる宣言,純粹高潔宣言,zh-TW
紙と式典の賜物,紙與儀典的恩賜,zh-TW
紫电扶摇,紫電扶搖,zh-TW
紫霄の雷鳴,紫霄震曜,zh-TW
終わりの始まり,終結之始,zh-TW
絶海の渦潮、呑魂の舞曲,絕海回濤，噬魂舞曲,zh-TW
緩く捻りて,慢撚抹復挑,zh-TW
緩緩たる熾炎,冉冉方熾,zh-TW
繁栄の基石,繁榮基石,zh-TW
繁荣基石,繁榮基石,zh-TW
红叶时雨，万倾一空,紅葉時雨，萬傾一空,zh-TW
红黑之间,紅黑之間,zh-TW
纯粹高洁宣言,純粹高潔宣言,zh-TW
纸与仪典的恩赐,紙與儀典的恩賜,zh-TW
终结之始,終結之始,zh-TW
终结技,終結技,zh-TW
给您来段看家戏,給您來段看家戲,zh-TW
绝杀，热砂沸腾,絕殺，熱砂沸騰,zh-TW
绝海回涛，噬魂舞曲,絕海回濤，噬魂舞曲,zh-TW
绯色•不乐即斩,緋色•不樂即斬,zh-TW
缄默，幽蝶之轻抚,緘默，幽蝶之輕撫,zh-TW
罐装特调,罐裝特調,zh-TW
罚恶,罰惡,zh-TW
群攻,群體攻擊,zh-TW
義を有せば吉兆を招く,有道祥見，銜書搖風,zh-TW
羽ばたくホワイトノイズ,撲翼白聲,zh-TW
翎之咏叹调,翎之詠嘆調,zh-TW
翻弄…綻びを引き裂く記憶,撥弄……記憶綻開裂隙,zh-TW
翻风转日,翻風轉日,zh-TW
翼を折りて鋒鋩とす,伸天卑飛，折翅為芒,zh-TW
耍耍把式卖卖艺,耍耍把式賣賣藝,zh-TW
耽溺…墓場に舞い込む灰燼,沉溺……飛灰邀入墓床,zh-TW
肃香,肅香,zh-TW
肉体の告解,傾訴之肉身,zh-TW
胁翼匿迹,脅翼匿跡,zh-TW
胜利的小小代价,勝利的小小代價,zh-TW
胜局，凌越飓浪之上,勝局，凌越颶浪之上,zh-TW
脱進機,擒縱機構,zh-TW
舐る…炎の舌を伸ばす背叛,舔舐……背叛伸出火舌,zh-TW
舔舐…背叛伸出火舌,舔舐……背叛伸出火舌,zh-TW
芬芳一现,芬芳一現,zh-TW
花に濡れても雫は払わず,搖花緞水，沾衣不摘,zh-TW
花園にて捧げる美の際限,駐於花庭，賜與盡美,zh-TW
苍龙傲睨，劫水濯世,蒼龍傲睨，劫水濯世,zh-TW
苦痛、認識の造成,楚痛，釀造實識,zh-TW
英雄一笑，生死难料,英雄一笑，生死難料,zh-TW
茧式源火中枢,繭式源火中樞,zh-TW
荒波の先の勝利,勝局，凌越颶浪之上,zh-TW
荡涤妖邪琉璃剑,蕩滌妖邪琉璃劍,zh-TW
荣光之秘,榮光之秘,zh-TW
荣光属于凯撒,榮光屬於凱撒,zh-TW
落英•散者皆忆,落英•散者皆憶,zh-TW
落英・思い出も散りて,落英•散者皆憶,zh-TW
葬り去る千刃,刃下，歸葬,zh-TW
蓋世の傑物、三月なのか,蓋世女俠三月七,zh-TW
薄紅・不興なれば斬る,緋色•不樂即斬,zh-TW
薔薇色の指先,金玫之指,zh-TW
虚空断界,虛空斷界,zh-TW
血を以って血を制す,以血還血,zh-TW
裂伤拳,裂傷拳,zh-TW
裂創拳,裂傷拳,zh-TW
裂地拳,直衝拳,zh-TW
裂地砕天拳,直衝碎天拳,zh-TW
裏でタネを仕掛ける花,幕後花手,zh-TW
西風の果て、穏やかな永遠,西風盡頭，寧謐永恆,zh-TW
西风尽头，宁谧永恒,西風盡頭，寧謐永恆,zh-TW
要…要迟到了！,要……要遲到了！,zh-TW
見えざる脅威,脅翼匿跡,zh-TW
見ろ、ヒーローが笑ってる,英雄一笑，生死難料,zh-TW
視野が狭いよ,格局放大,zh-TW
親切なドロス人,熱情好客的多洛斯人,zh-TW
許しは慈悲に非ず,寬恕無關慈悲,zh-TW
詩の「◦」と「∞」の誓約,詩的「◦」誓約的「∞」,zh-TW
詭正転変、至微精妙,四示八權，纖滋精味,zh-TW
調和の純正律,調性合頌,zh-TW
諸悪摂伏,攝伏諸惡,zh-TW
记忆如往日重现,記憶如往日重現,zh-TW
识烟飞彩,識煙飛彩,zh-TW
诗的「◦」誓约的「∞」,詩的「◦」誓約的「∞」,zh-TW
诛天焚骨的王座,誅天焚骨的王座,zh-TW
请…请让一下！,請……請讓一下！,zh-TW
课业•突击检查,課業•突擊檢查,zh-TW
谁在害怕康士坦丝？,誰在害怕康士坦絲？,zh-TW
调性合颂,調性合頌,zh-TW
貫雲箭,貫雲飲羽,zh-TW
賑やかなパレード,喧囂的舞燈巡遊,zh-TW
贝洛伯格进行曲,貝洛伯格進行曲,zh-TW
贯云饮羽,貫雲飲羽,zh-TW
赠君一卦，火树银花,贈君一卦，火樹銀花,zh-TW
赤と黒の狭間で,紅黑之間,zh-TW
赤字…,赤字……,zh-TW
赤字を黒字に！,轉虧為盈！,zh-TW
超光速粒子ビーム,超頻粒子光束,zh-TW
超超超大剑,超超超大劍,zh-TW
超频粒子光束,超頻粒子光束,zh-TW
跃入这片蔚蓝狂想,躍入這片蔚藍狂想,zh-TW
蹄铁裂颅,蹄鐵裂顱,zh-TW
躍動せし耀鱗,盤拏耀躍,zh-TW
身を貫く天罰,天罰貫身,zh-TW
軌道殲滅パルス砲,軌道殲滅脈衝,zh-TW
轨道歼灭脉冲,軌道殲滅脈衝,zh-TW
轮中五豆,輪中五豆,zh-TW
轮盘勋爵,輪盤勳爵,zh-TW
轰！飞来焰火,轟！飛來焰火,zh-TW
轻与伤痕的赞颂,輕與傷痕的讚頌,zh-TW
辅助,輔助,zh-TW
迅羽掠袭,迅羽掠襲,zh-TW
迎面开门红,迎面開門紅,zh-TW
还是我来吧,還是我來吧,zh-TW
退魔の形神,斬勘神形,zh-TW
逐火救世，行则将至,逐火救世，行則將至,zh-TW
通常攻撃,普通攻擊,zh-TW
運命・この身は神なり,命運•此軀即神,zh-TW
遥击三尺水,遙擊三尺水,zh-TW
還刃,歸刃,zh-TW
酒花奔涌,酒花奔湧,zh-TW
酩酊のオーバーチュア,酣醉序曲,zh-TW
重力制圧,重力壓制,zh-TW
重力压制,重力壓制,zh-TW
野外サバイバル経験,戶外生存經驗,zh-TW
鉄拳制裁！,拳頭硬了！,zh-TW
銃口の右には…,槍口以右,zh-TW
鋭き爪よ、礼儀を授けよ,利爪，授以禮儀,zh-TW
鏖战正酣,鏖戰正酣,zh-TW
钺贯,鉞貫,zh-TW
钺贯天冲,鉞貫天衝,zh-TW
锋入幽渺，影出凌厉,鋒入幽渺，影出凌厲,zh-TW
镇恶护生,鎮惡護生,zh-TW
長靴をはいた猫,穿靴子的貓,zh-TW
閃熔,閃鑠,zh-TW
開拓が共にあらんことを,開拓，與你同行,zh-TW
間奏曲が降らす雨,中場饋贈的雨,zh-TW
门前清,門前清,zh-TW
闪烁的劝诫,閃爍的勸誡,zh-TW
闪裂,閃裂,zh-TW
闪裂刃舞,閃裂刃舞,zh-TW
闪铄,閃鑠,zh-TW
防御,防禦,zh-TW
阳极照世，离火满缀,陽極照世，離火滿綴,zh-TW
降り注ぐ彩虹の愛,愛在虹光灑落時,zh-TW
陥陣無帰の炎槍,陷陣無回的炎槍,zh-TW
陷阵无回的炎枪,陷陣無回的炎槍,zh-TW
雀翎鸣镝，过招有喜,雀翎鳴鏑，過招有喜,zh-TW
雪原救急処置,雪原急救方案,zh-TW
雲を撫でるそよ風,當微風輕吻雲沫,zh-TW
雲吟乍然、零れる珠露,雲吟乍湧墜珠露,zh-TW
雲騎剣経・叩陣,雲騎劍經•叩陣,zh-TW
雲騎剣経・山傾,雲騎劍經•山傾,zh-TW
雲騎剣経・月虹,雲騎劍經•素霓,zh-TW
雲騎槍術・朔風,雲騎槍術•朔風,zh-TW
雲騎槍術・疾雨,雲騎槍術•疾雨,zh-TW
雷鳴率いる躍渊の蛟龍,匏蛟躍淵先雷音,zh-TW
雷鸣音阶,雷鳴音階,zh-TW
電光石火,石火流光,zh-TW
電波最強：アンコール！,訊號溢出：好戲復刻！,zh-TW
震天動地,翻風轉日,zh-TW
震慑之击,震懾之擊,zh-TW
震撼の一撃,震懾之擊,zh-TW
霊符・護身,靈符•保命護身,zh-TW
霓裳に鉄の羽、六爻はすべて吉,霓裳鐵羽，六爻皆吉,zh-TW
霓裳铁羽，六爻皆吉,霓裳鐵羽，六爻皆吉,zh-TW
霜锋点寒芒,霜鋒點寒芒,zh-TW
青き狂想へダイブして,躍入這片蔚藍狂想,zh-TW
青春•韶华无限,青春•韶華無限,zh-TW
青春・果てなき春の光,青春•韶華無限,zh-TW
面白いの見せてよ,看看好看的,zh-TW
鞭と笛よ、悪獣を退けよ,鞭哨，逐盡惡獸,zh-TW
鞭哨，逐尽恶兽,鞭哨，逐盡惡獸,zh-TW
音浪，为海风定调,音浪，為海風定調,zh-TW
領域制圧,領域壓制,zh-TW
领域压制,領域壓制,zh-TW
風が騒がしい,風暴甚是喧囂,zh-TW
風を切り裂く匕首,撕風的匕首,zh-TW
風紀・量刀にて裁かん,風紀•尺出繚判,zh-TW
風追う雲鳶,雲鳶逐風,zh-TW
风暴甚是喧嚣,風暴甚是喧囂,zh-TW
风纪•尺出缭判,風紀•尺出繚判,zh-TW
飛び散る火花,火花四濺,zh-TW
飛べ、開拓と共に！,放心飛，開拓永相隨！,zh-TW
飛翔のアリア,翎之詠嘆調,zh-TW
飞入晨昏的我们,飛入晨昏的我們,zh-TW
飞铗震赫,飛鋏震赫,zh-TW
飞铙,飛鐃,zh-TW
飨宴，自始无终,饗宴，自始無終,zh-TW
飲み比べ,鏖戰正酣,zh-TW
饗宴の幕、開けば閉じず,饗宴，自始無終,zh-TW
香槟仪礼,香檳儀禮,zh-TW
驭风的子弹,馭風的子彈,zh-TW
驻「我」华庭，授予至勋,駐「我」華庭，授予至勳,zh-TW
驻于花庭，赐与尽美,駐於花庭，賜與盡美,zh-TW
骨は炉に、血肉は薪にす,骸骨當爐，血肉即薪,zh-TW
骸爪、冥竜の抱擁,骸爪，冥龍之環擁,zh-TW
骸爪，冥龙之环拥,骸爪，冥龍之環擁,zh-TW
骸骨当炉，血肉即薪,骸骨當爐，血肉即薪,zh-TW
高举吧，升华的名讳,高舉吧，昇華的名諱,zh-TW
魂魄を断つ鋭刃,淬鋒，斷魄,zh-TW
魔法だって言ったでしょ,早就說了是魔法吧,zh-TW
黄泉返り,黃泉返渡,zh-TW
黄泉返渡,黃泉返渡,zh-TW
黎明の創世、天地を開闢す,黎明創世，地闢天開,zh-TW
黎明创世，地辟天开,黎明創世，地闢天開,zh-TW
黑渊的棘刺,黑淵的棘刺,zh-TW
黒淵の棘,黑淵的棘刺,zh-TW
鼎阵妙法，奇正相生,鼎陣妙法，奇正相生,zh-TW
龙力自在,龍力自在,zh-TW
"가자, 미미!",一起上吧，迷迷！,zh-TW
가져와,拿來給我,zh-TW
각자의 장점,寸長寸強,zh-TW
갈라진 땅,地坼,zh-TW
갈취의 채찍,撻楚抽薪,zh-TW
감정의 증표,有情之證,zh-TW
강습,強襲,zh-TW
강화,強化,zh-TW
강화를 취소한다,取消強化。,zh-TW
"개척, 너와 함께",開拓，與你同行,zh-TW
건곤을 뒤엎는 검기,翻風轉日,zh-TW
건배! 뜨거운 여름을 위하여,舉杯！敬熾烈一夏,zh-TW
"건청곤이, 불행 끝 행운 시작",乾清坤夷，否極泰來,zh-TW
검가•신귀무사,劍歌•神鬼無赦,zh-TW
"검날 아래, 귀장",刃下，歸葬,zh-TW
결제 불가?,支付困難？,zh-TW
고공을 가르는 뇌전,紫霄震曜,zh-TW
고독한 검날의 입맞춤,孤鋒千吻,zh-TW
고양이 괴도 드림!,貓咪怪盜，敬上！,zh-TW
고요한 물에서 메아리치는 단조,小調，止水中迴響,zh-TW
고요한 수면의 파란,於靜水掀起風浪,zh-TW
고치형 원초 화염 중추,繭式源火中樞,zh-TW
고통과 분노,至痛至怒,zh-TW
고해의 육신,傾訴之肉身,zh-TW
공격,攻擊,zh-TW
"공작의 명적, 대결의 기쁨",雀翎鳴鏑，過招有喜,zh-TW
공적 지원금,明補,zh-TW
"공정, 이곳에 피어나다",公正，此處盛放,zh-TW
공향,肅香,zh-TW
과제•기습점검,課業•突擊檢查,zh-TW
관중 없이는 예술가도 없는 법,古來君子養藝人,zh-TW
관통하는 천벌,天罰貫身,zh-TW
광자의 제재,狂者制裁,zh-TW
구름의 노래 속 떨어지는 이슬,雲吟乍湧墜珠露,zh-TW
"굿나잇, 벨로보그",晚安，貝洛伯格,zh-TW
궤도 섬멸 펄스,軌道殲滅脈衝,zh-TW
귀여움이 곧 정의,可愛即是正義,zh-TW
귀인(歸刃),歸刃,zh-TW
그냥 내가 할게,還是我來吧,zh-TW
"그대에게 주는 점괘, 찬란한 광경",贈君一卦，火樹銀花,zh-TW
그윽한 일침,一針幽蘭,zh-TW
극저온의 화살,極寒的弓矢,zh-TW
긍지,亢心,zh-TW
기기괴괴콩,怪怪怪味豆,zh-TW
기둥•죽음의 별의 심판,支柱•死星天裁,zh-TW
기선 제압,先發制人,zh-TW
기세 몰이,乘勝追擊,zh-TW
"기정지변, 절묘한 맛",四示八權，纖滋精味,zh-TW
길거리 공연,耍耍把式賣賣藝,zh-TW
"길흉화복, 성좌의 영역",歲記否泰，固守四郭,zh-TW
깃과 상흔의 찬송,輕與傷痕的讚頌,zh-TW
깃발 아래,在旗幟下,zh-TW
깃발•풍우 소환,令旗•征風召雨,zh-TW
깃을 꺾어 완성한 칼날,伸天卑飛，折翅為芒,zh-TW
깃털의 아리아,翎之詠嘆調,zh-TW
깨달았어?,開竅了嗎,zh-TW
꼬리•신귀 사역,尾巴•遣神役鬼,zh-TW
"꽃잎에 인 물결, 옷을 물들인 꽃",搖花緞水，沾衣不摘,zh-TW
꿈을 헤엄치는 물고기,夢遊魚,zh-TW
꿰뚫는 도끼,鉞貫,zh-TW
끊임없이 흐르는 만물의 생장,生生之德，品物流形,zh-TW
끝나지 않는 향연,饗宴，自始無終,zh-TW
끝내기 안타,再見安打,zh-TW
끝내기 조합,海底撈月,zh-TW
"끝없는 광란, 카메라를 멈추지 마",萬我狂歡，鏡頭不要停,zh-TW
끝없는 하늘을 누비며,巡遊在無界的天空,zh-TW
나 홀로 대결의 즐거움,獨弈之樂,zh-TW
"나는 생각한다, 고로 존재한다",我思故我在,zh-TW
나도 도움이 되고 싶어,我也想幫上忙,zh-TW
"나만 믿어, 버스 태워줄게",有我在，把把都是順風局,zh-TW
나한테 맡겨!,包在我身上！,zh-TW
낙화•기억파편,落英•散者皆憶,zh-TW
날갯짓으로 전해지는 노랫소리,撲翼白聲,zh-TW
"날렵한 예기, 맹렬한 그림자",鋒入幽渺，影出凌厲,zh-TW
"날씨 좋고, 모든 게 귀엽고!",天氣正好，萬物可愛！,zh-TW
내가 곧 빛이니,吾身光明,zh-TW
내가 환락이라고 했잖아!,我說歡愉，你是聾了嗎？,zh-TW
내게 대담한 생각이 있어,我有一個大膽的想法,zh-TW
"내일을, 함께 써내려 가자!",明天，一同寫下！,zh-TW
너로 정했다!,就決定是你了！,zh-TW
"네 가지 명철함, 세 번의 위대함",四分明哲，三重至高,zh-TW
네가 가장 빛나,你最閃亮,zh-TW
노래처럼 모인 모두의 염원,眾願啊，匯流如歌,zh-TW
노래하는 세이렌,海妖在歡唱,zh-TW
"높이 들어라, 숭고한 이름을",高舉吧，昇華的名諱,zh-TW
뇌명의 음계,雷鳴音階,zh-TW
뇌정의 수렵,雷狩,zh-TW
누가 콘스탄스를 두려워하랴?,誰在害怕康士坦絲？,zh-TW
눈동자의 색채,瞳扉之彩,zh-TW
눈물 베기,啼澤雨斬,zh-TW
닌자•과학•감인 주머니,忍•科學•堪忍袋,zh-TW
단념 일참,斷念一斬,zh-TW
단일 공격,單體攻擊,zh-TW
단조의 섬광,閃鑠,zh-TW
단칼에 끊어낸 붉은 꿈 조각,殘夢盡染，一刀繚斷,zh-TW
달빛의 어루만짐,月光摩挲連綿,zh-TW
담월전백,澹月轉魄,zh-TW
"담화생멸, 범람하는 은하",曇華生滅，天河瀉夢,zh-TW
"대지를 뚫고 나온 생명, 창조된 세계",生息破土，世界塑造,zh-TW
대지를 밝히는 통찰,炤炤徹曠,zh-TW
"대지의 검신, 천궁을 베는 검날",劍為地紀，刃驚天宗,zh-TW
더스트 데빌의 선셋 로데오,塵魔舞者的日落秀,zh-TW
덧없는 향기,芬芳一現,zh-TW
데미우르고스가 즉시 보너스 턴을 1개 획득한다,使德謬歌立即獲得1個額外回合。,zh-TW
데이터 수집,資料收集,zh-TW
도루 견제,牽制盜壘,zh-TW
돌격 어퍼컷,直衝碎天拳,zh-TW
돌격 펀치,直衝拳,zh-TW
"동천환화, 기나긴 꿈",洞天幻化，長夢一覺,zh-TW
동행 프로토콜: 섬멸,同行協議：殲破,zh-TW
동행 프로토콜: 판결,同行協議：裁決,zh-TW
되살아난 기억,記憶如往日重現,zh-TW
두개골을 부수는 발굽,蹄鐵裂顱,zh-TW
떠도는 화살,流鏑,zh-TW
떠들썩한 풋라이트 퍼레이드,喧囂的舞燈巡遊,zh-TW
뜨거운 자갈 위 탱고,熾礫舞者的探戈,zh-TW
레전드급 컨트롤 리플레이,殿堂級操作回放,zh-TW
룰렛 샤크,輪盤勳爵,zh-TW
룸… 룸서비스입니다!,客……客房服務！,zh-TW
리볼버 패닝,擊錘連弩,zh-TW
마법이라고 했잖아,早就說了是魔法吧,zh-TW
"마법이야, 내가 마법을 추가했어",是魔法，我加了魔法,zh-TW
"마음껏 날아, 개척이 함께할 테니!",放心飛，開拓永相隨！,zh-TW
마음은 최고의 무덤,心……是最好的墳塋,zh-TW
"만개한 꽃, 승자독식!",百花齊放，勝者獨享！,zh-TW
만능 파트너,無所不能的夥伴,zh-TW
망자의 숙원,歸葬的遂願,zh-TW
매무새를 가다듬으며,拭琴撫羅袂,zh-TW
매커니컬 피버 등장!,機械熱潮登場！,zh-TW
맹속 기습,迅羽掠襲,zh-TW
"먹어라, 가증스러운 손이여",吃吧，可憎的手,zh-TW
"멈추어라, 너 정말 아름답구나!",逗留一下吧，你是那樣美！,zh-TW
메테오 스톰,流星群落,zh-TW
명령 아닌 약속,是約定不是命令,zh-TW
명참천필(冥讖天筆),冥讖天筆,zh-TW
모노드라마,獨角戲,zh-TW
모두 다 같이 손뼉을,開心你就拍拍手,zh-TW
모래가 들끓는 위닝 샷,絕殺，熱砂沸騰,zh-TW
무간검수(無間劍樹),無間劍樹,zh-TW
무결의 섬광,無罅飛光,zh-TW
무장 조율,武裝調律,zh-TW
"무적 플레이어, 가동!",無敵玩家，啟動！,zh-TW
"무지개를 두른 강철 깃, 육효의 길조",霓裳鐵羽，六爻皆吉,zh-TW
무지갯빛이 쏟아질 때의 사랑,愛在虹光灑落時,zh-TW
물고기 4장? 났다!,四么暗刻？胡！,zh-TW
미라클 플래쉬,靈光一現,zh-TW
믿을 수 없는 화자,不可靠敘事者,zh-TW
바닷바람을 이끄는 음파,音浪，為海風定調,zh-TW
바닷속 거처,於海的棲息地,zh-TW
바람을 가르는 연,雲鳶逐風,zh-TW
바람을 찢는 비수,撕風的匕首,zh-TW
바람의 탄환,馭風的子彈,zh-TW
바운스,彈射,zh-TW
박수갈채,劈頭滿堂彩,zh-TW
반딧불이 Type-IV•뇌관 참격,火螢Ⅳ型-底火斬擊,zh-TW
반딧불이 Type-IV•데스 스타 과부하,火螢Ⅳ型-死星超載,zh-TW
반딧불이 Type-IV•완전연소,火螢Ⅳ型-完全燃燒,zh-TW
발로 뛰는 구원의 의술,奔走懸壺濟世長,zh-TW
방어,防禦,zh-TW
방해,妨害,zh-TW
배후의 파키,幕後花手,zh-TW
백화의 기원,白花的祈望,zh-TW
번개 같은 질주,如雷疾行,zh-TW
번료급습,燔燎急襲,zh-TW
번영의 초석,繁榮基石,zh-TW
번쩍이는 권계,閃爍的勸誡,zh-TW
벌악,罰惡,zh-TW
범위 공격,群體攻擊,zh-TW
범위 제한,畫地為牢,zh-TW
"베팅, 심연 속 메아리",拋注，聽深淵迴響,zh-TW
벨로보그 행진곡,貝洛伯格進行曲,zh-TW
"벼려진 검, 단혼",淬鋒，斷魄,zh-TW
변덕스러운 사랑,反覆橫跳的愛,zh-TW
변덕스러운 운명의 베틀,無端命運的機杼,zh-TW
별을 가르는 신속,披星百裂,zh-TW
"별의 움직임, 미래의 그림자",太微行棋，靈台示影,zh-TW
별의 인도 순항,拓星巡航,zh-TW
별하늘의 축언,星空祝言,zh-TW
병탄 합병의 담보,恣肆吞併的擔保,zh-TW
보고 듣고 묻고… 아뵤!,望、聞、問……蹴！,zh-TW
보긴 뭘 봐,看什麼看,zh-TW
"보답받는 선행, 확산되는 덕행",善盈後福，德氣流布,zh-TW
보상 스테이지: 「울프 타임」,獎勵關：「狼尊時刻」,zh-TW
보석을 골라내는 이빨,剔爍之牙,zh-TW
"봐, 희망의 시작을!",看！是希望的起始！,zh-TW
"부러진 검, 전멸",殘鋒，掠盡,zh-TW
부러진 창의 감옥,折戟臣服的監牢,zh-TW
부적•보명호신,靈符•保命護身,zh-TW
불굴의 몸,不屈之身,zh-TW
불멸의 삼진,不死三振,zh-TW
불발됐네?,啞火了嗎,zh-TW
불스아이 웨이브,激流，正中紅心,zh-TW
불완전 연소,不完全燃燒,zh-TW
"불을 쫓는 구세의 길, 끝내 닿으리",逐火救世，行則將至,zh-TW
불타오른다!,燃燒起來了！,zh-TW
붕괴급 피해 시연,崩壞級傷害演示,zh-TW
비극 끝의 떨리는 소리,悲劇盡頭的顫音,zh-TW
"비명, 죽음을 하사하는 선성",悲鳴，賜死之先聲,zh-TW
비바람을 가르는 제비,快雨燕相逐,zh-TW
비색•불락즉참,緋色•不樂即斬,zh-TW
비술,秘技,zh-TW
비술 발동 후 다음 전투 시작 시 특성을 바로 발동한다,使用秘技後，下一次戰鬥開始時立即觸發天賦。,zh-TW
"비술 사용 후 [군공]을 획득하고, 행동 캐릭터 변경 시 [군공]이 현재 행동 캐릭터에게 이전된다. 다음 전투 시작 시 [군공]을 보유한 캐릭터에게 자동으로 전투 스킬을 1회 발동하고, 해당 전투 스킬은 전투 스킬 포인트를 소모하지 않는다",使用秘技後獲得【軍功】，切換行動角色時【軍功】轉移至當下行動角色。下一次戰鬥開始時自動對持有【軍功】的角色施放1次戰技，此次戰技不消耗戰技點。,zh-TW
"비에 젖은 단풍, 끝없는 하늘",紅葉時雨，萬傾一空,zh-TW
빈티지 개봉,親啟佳釀,zh-TW
빙결의 순간,凍人的瞬間,zh-TW
빙의•천기합일,憑附•氣通天真,zh-TW
빙점 사격,冰點射擊,zh-TW
빛나는 꼬리별,煥煥辰尾,zh-TW
빛나는 달빛,流影方暉,zh-TW
빛나는 도약,盤拏耀躍,zh-TW
빠져들어… 재가 흩날리는 묘지로,沉溺……飛灰邀入墓床,zh-TW
빨강과 검정 사이,紅黑之間,zh-TW
"뼈는 화로요, 피와 살은 땔감이니",骸骨當爐，血肉即薪,zh-TW
"뼈의 발톱, 저승 용의 포옹",骸爪，冥龍之環擁,zh-TW
사냥꾼의 시야,獵手的視界,zh-TW
"사랑, 구조와 선택",愛，救護與抉擇,zh-TW
사랑과 내일을 향해♪,向著愛與明天♪,zh-TW
"사부, 나 깨달았어!",師父，我悟了！,zh-TW
"사부, 차 마셔!",師父，請喝茶！,zh-TW
사형선고,大辟萬死,zh-TW
산들바람,惠風和暢,zh-TW
산들바람이 구름을 스치는 순간,當微風輕吻雲沫,zh-TW
살랑이는 불꽃,冉冉方熾,zh-TW
삼단논법의 역설,三段悖論,zh-TW
삼도의 횡목,三途枯榷,zh-TW
삼척추수,遙擊三尺水,zh-TW
상냥함이 곧 잔혹함,溫柔亦同殘酷,zh-TW
상서로운 구름의 기원,慶雲光覆儀禱,zh-TW
상호작용 함정,互動陷阱,zh-TW
생기발랄,生機煥發,zh-TW
생멸속박,生滅繫縛,zh-TW
생명의 윤회,生息的輪轉,zh-TW
샴페인 에티켓,香檳儀禮,zh-TW
서늘한 칼끝,霜鋒點寒芒,zh-TW
서술 트릭,敘述性詭計,zh-TW
"서약의 심연, 영원의 계약",墮此欲淵，立此獄契,zh-TW
서포트,輔助,zh-TW
"서풍의 끝자락, 영원한 평안",西風盡頭，寧謐永恆,zh-TW
서프라이즈 선물 상자,驚喜禮盒,zh-TW
선물이 다 어디 갔지?,禮物都去哪裡了,zh-TW
선수 우위,先發優勢,zh-TW
설원 구급 방침,雪原急救方案,zh-TW
섬렬,閃裂,zh-TW
섬렬의 검무,閃裂刃舞,zh-TW
섬멸의 칼날,破敵鋒芒,zh-TW
세상을 관통하는 천 개의 눈,屏開千光，遍觀自在,zh-TW
세상을 불태우는 왕좌,誅天焚骨的王座,zh-TW
"세상을 비추는 태양, 하늘을 수놓는 불꽃",陽極照世，離火滿綴,zh-TW
세상을 치유하는 아침햇살,療癒世間的晨曦,zh-TW
소녀의 특권,少女的特權,zh-TW
소란스러운 밤,夜間喧囂不止,zh-TW
소리 질러! 파키는 방송 중,尖叫！火花花連線中,zh-TW
소환,召喚,zh-TW
속박 해제,禁錮解除,zh-TW
손바닥에 흐르는 황무,掌心淌過的荒蕪,zh-TW
솟구치는 거품,酒花奔湧,zh-TW
"솥의 진법, 기정상생",鼎陣妙法，奇正相生,zh-TW
수익 전환,流量變現,zh-TW
수정하시겠습니까?,是否允許更改？,zh-TW
수호자의 부름,守護者召令,zh-TW
순간,瞬華,zh-TW
순수하고 고결한 선언,純粹高潔宣言,zh-TW
숭고한 객체,崇高的客體,zh-TW
스바로그 씨가 보고 있어,史瓦羅在看著你,zh-TW
스윙 댄스 에티켓,搖擺的禮儀,zh-TW
"스콜라 메이트, 체스판 위 세상",世事如棋，四步堪殺,zh-TW
스타더스트의 에이스,星塵王牌,zh-TW
스펙트럼 빔,光譜射線,zh-TW
"승리, 거센 파도를 넘어",勝局，凌越颶浪之上,zh-TW
승리를 위한 작은 대가,勝利的小小代價,zh-TW
승리의 일격,制勝一擊,zh-TW
시공 왜곡,時空扭曲,zh-TW
시야를 넓혀 봐,格局放大,zh-TW
"시왕의 심판, 업보 불변",十王聖斷，業報恆常,zh-TW
"시왕의 칙령, 모두 복종하라",十王敕令，遍土遵行,zh-TW
"시의 「◦」, 서약의 「∞」",詩的「◦」誓約的「∞」,zh-TW
신생의 의례,新生之禮,zh-TW
신성의 창,天矢陰,zh-TW
신속한 수확,極速收割,zh-TW
신을 죽여 신이 된 자,弒神登神,zh-TW
신호 폭주: 쇼타임 리턴즈!,訊號溢出：好戲復刻！,zh-TW
실린더 속 다섯 발,輪中五豆,zh-TW
"실추, 거짓된 신의 황혼",失墜，偽神的黃昏,zh-TW
심취의 서곡,酣醉序曲,zh-TW
십방 처결,十方無赦,zh-TW
"십방광영, 만법개명",十方光映，萬法皆明,zh-TW
아는 것이 힘,知識就是力量,zh-TW
아싸~ 가오리!,槓上開花！,zh-TW
악귀•귀물 제압,凶煞•劾壓鬼物,zh-TW
악을 진압하고 창생을 지키리,鎮惡護生,zh-TW
안식 홈런,安息全壘打,zh-TW
암기 투척,飛鐃,zh-TW
암류 뒤에서 울려 퍼지는 배음,泛音，暗流後齊鳴,zh-TW
압승•끝내기 안타,全勝•再見安打,zh-TW
압승•안식 홈런,全勝•安息全壘打,zh-TW
앗! 그물을 빠져나간 물고기,啊，漏網之魚,zh-TW
앞서는 자,搶先者,zh-TW
앞선 한 발,先人一步,zh-TW
"애도, 사해의 파문",哀悼，死海之漣漪,zh-TW
야외 생존 경험,戶外生存經驗,zh-TW
어검의 비결,御劍真訣,zh-TW
얼음 등반 갈고리 기술,冰攀前齒技術,zh-TW
얼음 화살비의 시간,冰刻箭雨之時,zh-TW
얼음을 관통하는 빛,穿徹堅冰的烈芒,zh-TW
업도(業道)의 바람,業途風,zh-TW
여기에 누가 살고 있게?,猜猜這裡住了誰,zh-TW
"여명의 창세, 천지를 개벽할지니",黎明創世，地闢天開,zh-TW
여정을 답파하는 맹세,踏破征途的誓言,zh-TW
연무 속 솟구치는 빛깔,識煙飛彩,zh-TW
연화,澤芝,zh-TW
열상 펀치,裂傷拳,zh-TW
열정적이고 친절한 도로스인,熱情好客的多洛斯人,zh-TW
영광의 신비,榮光之秘,zh-TW
영역 제압,領域壓制,zh-TW
영웅의 웃음은 칼바람의 전조,英雄一笑，生死難料,zh-TW
영원의 벽,永屹之壁,zh-TW
"영원히 타오르는 세상, 그가 짊어지리라",永劫燔世，其將背負,zh-TW
예절을 가르치는 발톱,利爪，授以禮儀,zh-TW
"오늘 밤, 나와 함께",今夜與我同行,zh-TW
올 채널 에어리얼 댄스,全屏段的高空踏歌,zh-TW
올인! 뜨거운 여름을 위하여,All in！敬熾烈一夏,zh-TW
왕을 죽여 왕이 된 자,弒王成王,zh-TW
요사를 씻어내는 유리검,蕩滌妖邪琉璃劍,zh-TW
용핵 폭파,熔核爆裂,zh-TW
우리 또한 별을 좇는 거인,我們，亦是逐星的巨人,zh-TW
우리가 선율이 되어,我們自成旋律,zh-TW
우리는 가족이니까,因為我們是家人,zh-TW
우상 형상화,偶像塑造,zh-TW
우아한 연주,慢撚抹復挑,zh-TW
우인의 연민,愚者的悲憫,zh-TW
우측에 장전된 총알,槍口以右,zh-TW
운기 창술•삭풍,雲騎槍術•朔風,zh-TW
운기 창술•질우,雲騎槍術•疾雨,zh-TW
운기검경 • 산경,雲騎劍經•山傾,zh-TW
운기검경 • 소예,雲騎劍經•素霓,zh-TW
운기검경 • 함성,雲騎劍經•叩陣,zh-TW
운명•이 몸이 곧 신이로다,命運•此軀即神,zh-TW
"원맨 밴드, 출격!",即刻！獨奏團,zh-TW
위령 소환,攝召威靈,zh-TW
위협의 일격,震懾之擊,zh-TW
유사 블랙홀,擬似黑洞,zh-TW
윽! 완전 난장판,唉！瞧這一團糟,zh-TW
은닉한 날개,脅翼匿跡,zh-TW
은덕을 누려 짧아진 병환,徜徉靈澤病恙短,zh-TW
의지의 주먹,一意之拳,zh-TW
이 몸을 횃불 삼아,此身為炬,zh-TW
이게 바로 0티어 비술이야,朋友，這才是T0級秘技,zh-TW
이게 바로 응원이지,此即應援,zh-TW
이를 갈며 갚을 숙원,宿怨，切齒奉還,zh-TW
이봐! 불조심!,喂！小心火燭,zh-TW
이제부터 세월은 흐릿해지고,從此歲月朦朧,zh-TW
인과 청산,因果盡償,zh-TW
인구•항마의 꽃잎,忍具•降魔花弁,zh-TW
인도•극•애사천류,忍道•極•愛死天流,zh-TW
인보•혈의리,忍步•血義理,zh-TW
인술•칠전팔기,忍術•七轉八起,zh-TW
인자함의 이면,仁慈的背面,zh-TW
인절•초지일관,忍切•初志貫徹,zh-TW
인터미션에 내리는 비,中場饋贈的雨,zh-TW
인화공심,仁火攻心,zh-TW
"일격에 미간, 이격에 심장",一扎皺眉，二扎心,zh-TW
일기화삼찬,一氣化三餐,zh-TW
일반 공격,普通攻擊,zh-TW
일회성 거래,一錘子買賣,zh-TW
임전무퇴 화염의 랜스,陷陣無回的炎槍,zh-TW
자비와 무관한 용서,寬恕無關慈悲,zh-TW
"자욱한 연무, 화생의 향훈",煙斜霧橫，氛氳化生,zh-TW
자유로운 용의 힘,龍力自在,zh-TW
자유자재의 칼날,遊刃若水,zh-TW
자전 폭풍,紫電扶搖,zh-TW
작전 재배치,作戰再部署,zh-TW
"잘 자, 깨어있는 세상",晚安——全世界無眠,zh-TW
장화 신은 고양이,穿靴子的貓,zh-TW
재앙•영혼과 천명의 소멸,災厄•弒魂焚詔,zh-TW
재현,再現,zh-TW
저온 방해,低溫妨害,zh-TW
저편의 품에 취해,沉醉於彼界的臂灣,zh-TW
"적을 공격하며, 전투 진입 후 적에게 대응하는 속성의 강인성을 감소시킨다",攻擊敵人，進入戰鬥後削弱敵方目標對應屬性韌性。,zh-TW
"적을 바로 공격하며, 전투 진입 후 랜덤 단일 적에게 전투 스킬 효과와 동일한 [부담]을 부여한다",立即攻擊敵人，進入戰鬥後對敵方隨機單體附上等同於戰技效果的【承負】。,zh-TW
적자…,赤字……,zh-TW
전광석화,石火流光,zh-TW
전광석화의 순간,電光石火間,zh-TW
전투 스킬,戰技,zh-TW
전투 지원 스킬,助戰技,zh-TW
"절세의 여협, Mar. 7th",蓋世女俠三月七,zh-TW
"절해의 파도, 영혼을 삼키는 무곡",絕海回濤，噬魂舞曲,zh-TW
정곡을 찌르는 달콤함,刺紋之蜜,zh-TW
정다운 화음,祥音和韻,zh-TW
정원에서 「내」가 수여한 공훈,駐「我」華庭，授予至勳,zh-TW
정원에서 선사하는 극한의 미,駐於花庭，賜與盡美,zh-TW
제원 경옥,帝垣瓊玉,zh-TW
조석 속으로 날아가는 우리,飛入晨昏的我們,zh-TW
조성의 합창,調性合頌,zh-TW
조용히 떠나간 낮,白晝悄然離去,zh-TW
종결의 시작,終結之始,zh-TW
종이와 의전의 은혜,紙與儀典的恩賜,zh-TW
좋은 걸 보여줄게,看看好看的,zh-TW
좋은 출발,迎面開門紅,zh-TW
죄악 진압,攝伏諸惡,zh-TW
주먹이 불끈!,拳頭硬了！,zh-TW
주특기 나갑니다!,給您來段看家戲,zh-TW
중력 압박,重力壓制,zh-TW
즉참,斬立決,zh-TW
지… 지각하겠어!,要……要遲到了！,zh-TW
지… 지나갈게요!,請……請讓一下！,zh-TW
지령-천공 포격,指令-天火轟擊,zh-TW
지령-폭연 추진,指令-閃燃推進,zh-TW
지리검(支離劍),支離劍,zh-TW
지옥변(地獄變),地獄變,zh-TW
지적 산파술,精神催生法,zh-TW
직관적 베팅,直觀投注,zh-TW
진상을 파악하고 표징을 버려라,取此真相，棄捨表徵,zh-TW
짐승을 몰아내는 채찍,鞭哨，逐盡惡獸,zh-TW
차가운 비가 내리기를,願有冷雨落下,zh-TW
"찰나의 빛, 사라진 금기",浮光過隙，百無禁忌,zh-TW
찰나의 선물,倏忽恩賜,zh-TW
참나를 비추는 거울,古鏡照神,zh-TW
참된 지식을 빚어내는 고통,楚痛，釀造實識,zh-TW
창공 꿰뚫기,貫雲飲羽,zh-TW
"창룡의 굽어살핌, 정화된 세상",蒼龍傲睨，劫水濯世,zh-TW
창생•피 묻은 가시의 장송,創生•血棘渡亡,zh-TW
천공을 가르는 용오름,掣空如虹,zh-TW
천궁에 울리는 활,天闕鳴弦,zh-TW
천둥이 알리는 교룡의 도약,匏蛟躍淵先雷音,zh-TW
"천률의 규칙, 돌고 도는 역겁",天律大衍，歷劫歸一,zh-TW
"천야로 빚어내어, 영겁토록 신멸하리",千冶鑄一，萬劫燼滅,zh-TW
"천음의 합주, 뭇별의 푸가",千音迭奏，群星賦格,zh-TW
천의 얼굴,一人千役,zh-TW
천지 격쇄,鑿破大荒,zh-TW
천지를 뒤흔드는 대검,飛鋏震赫,zh-TW
천체학,天象學,zh-TW
천포를 가로지르는 홍연,幔亭繚霞,zh-TW
첫 만남 같은 재회,一如初見的重逢,zh-TW
첫 번째 이정표를 밝혀,點燃第一里航標,zh-TW
청춘•찬란무한,青春•韶華無限,zh-TW
초주파 입자 광선,超頻粒子光束,zh-TW
초초초대검,超超超大劍,zh-TW
초콜릿 에너지바,巧克力能量棒,zh-TW
최면 연구,催眠研習,zh-TW
최적화가 필요해,可以改良一下,zh-TW
축객령,逐客令,zh-TW
축성가의 유물,築城者遺寶,zh-TW
"춤추자, 운명의 의상공이여",共舞吧，命定的衣匠,zh-TW
취소,取消,zh-TW
"침묵, 나비의 손길",緘默，幽蝶之輕撫,zh-TW
카이사르에게 영광을,榮光屬於凱撒,zh-TW
"캐슬링, 신속한 지휘",易位，兵貴神速,zh-TW
캠핑용 절임 통조림,鹽漬野營罐頭,zh-TW
콜키지,開瓶費,zh-TW
타오르는 불멸의 앰버,熾燃不滅的琥珀,zh-TW
타오르는 화음,燃情和弦,zh-TW
탈진기,擒縱機構,zh-TW
태세(太歲) 진격,始擊歲星,zh-TW
태허형온 • 촉야,太虛形蘊•燭夜,zh-TW
"통찰, 침묵의 새벽",洞見，緘默的黎明,zh-TW
통쾌한 전투,鏖戰正酣,zh-TW
퇴마의 형신,斬勘神形,zh-TW
트리비는 너무 바빠,好忙好忙的緹寶,zh-TW
특성,天賦,zh-TW
특제 캔 음료,罐裝特調,zh-TW
파마추,破魔錐,zh-TW
판명(判冥),判冥,zh-TW
판쓸이,門前清,zh-TW
팔뢰비도,八雷飛渡,zh-TW
팔황을 품은 변화무쌍한 대지,淵渟嶽峙，地載八荒,zh-TW
펑! 날아드는 불꽃,轟！飛來焰火,zh-TW
"포효하는 망자, 소생의 종",亡喉怒哮，甦生之頌鈴,zh-TW
폭폭폭바알,爆爆爆炸蛋,zh-TW
폭풍의 몸,嵐身,zh-TW
폭풍이 소란스럽군,風暴甚是喧囂,zh-TW
푸른빛 랩소디에 뛰어들어,躍入這片蔚藍狂想,zh-TW
풍기•척출요판,風紀•尺出繚判,zh-TW
프랙탈 나선,分型的螺旋,zh-TW
프로그램 응답 대기 중…,等待程式回應……,zh-TW
"프로모션, 지휘관의 자질",升變，士皆可帥,zh-TW
피그 마켓?!,豬市？！,zh-TW
피상을 절단한 자아,四相斷我,zh-TW
"피어나라, 내세의 낙원이여",盛放吧，來世的樂土,zh-TW
피에는 피로,以血還血,zh-TW
필살기,終結技,zh-TW
하! 불난 집에 부채질,哈！火上加油,zh-TW
하늘을 꿰뚫는 도끼,鉞貫天衝,zh-TW
하늘이 내린 불꽃,天墜之火,zh-TW
한여름은 영혼의 연주자,盛夏是靈魂的樂手,zh-TW
한천(寒川)에 비친 달,寒川映月,zh-TW
핥아… 배반이 내민 혀로,舔舐……背叛伸出火舌,zh-TW
함께 타오르는 여정을 향해,共赴灼熱的遠征,zh-TW
항법의 봉화를 올려,升起領航的烽火,zh-TW
허공 단열,虛空斷界,zh-TW
헛된 지식을 몰아내는 프랙털,分形，驅逐虛知,zh-TW
헤이! 후크 기억해?,嘿！記得虎克嗎,zh-TW
헤집어… 기억에 피어난 균열을,撥弄……記憶綻開裂隙,zh-TW
"헷, 공짜 보물",嘿，空手套白銀,zh-TW
"현인의 길조, 천명의 부채",有道祥見，銜書搖風,zh-TW
호검여영(呼劍如影),呼劍如影,zh-TW
혼란을 잠재우는 맹화,旺火卻亂,zh-TW
혼란의 나비,亂蝶,zh-TW
화려한 도흔,酷炫的刀花,zh-TW
확산,擴散,zh-TW
환락 스킬,歡愉技,zh-TW
환신,幻身,zh-TW
환신(幻身),幻身,zh-TW
황금 장미의 손가락,金玫之指,zh-TW
황천의 귀환,黃泉返渡,zh-TW
회복,回復,zh-TW
후발선지,後發先至,zh-TW
후회 없는 수많은 죽음,萬死無悔,zh-TW
후회 없이 세상을 변화시키는 승룡,亢龍無悔，移山辟世,zh-TW
흑연의 가시,黑淵的棘刺,zh-TW
흑자 전환!,轉虧為盈！,zh-TW
흩날리는 불꽃,火花四濺,zh-TW
흩어지는 연무의 색채,流翠散雲,zh-TW
