source,target,tgt_lng
"""Amuse Me to the Fullest""",「盡情取悅本王吧」,zh-TW
"""Baleia""",「鯨魚」,zh-TW
"""Ballena""",「鯨魚」,zh-TW
"""Basilisk""",「巴西里克」,zh-TW
"""Boletim dos Caçadores de Sonhos""",《逐夢客快訊》,zh-TW
"""Buletin Pengejar Mimpi""",《逐夢客快訊》,zh-TW
"""Caos Colorido""",「繽紛大亂鬥」,zh-TW
"""Cerita Sampingan Bos Kayu""",《木頭老爹外傳》,zh-TW
"""Cerita Sampingan Bos Stone""",《石頭老闆外傳》,zh-TW
"""Cerita Sampingan Bro Hanu""",《哈努兄弟外傳》,zh-TW
"""Cerita Sampingan Burung Origami""",《摺紙小鳥外傳》,zh-TW
"""Cerita Sampingan Kesatria Bola Hamster""",《倉鼠球騎士外傳》,zh-TW
"""Cerita Sampingan Tuan Soda""",《汽水先生外傳》,zh-TW
"""Colorful Mayhem""",「繽紛大亂鬥」,zh-TW
"""Compláceme tanto como puedas""",「盡情取悅本王吧」,zh-TW
"""Cruzada do Sonhorrível""",《噩夢大作戰》,zh-TW
"""Crônicas do Cronômetro""",《鐘錶環遊記》,zh-TW
"""Devastação dos Pesadelos""",《驚夢大危機》,zh-TW
"""Divirta-me ao Máximo""",「盡情取悅本王吧」,zh-TW
"""Earth"" Cuisine...?",大地料理……？,zh-TW
"""Escapada do Sonhomítico""",《迷夢大冒險》,zh-TW
"""FeLiNa""",「鐵、鋰、鈉」,zh-TW
"""Ghost Call"" recording received! We're on it",收到「鬼來電」錄音了！安排！,zh-TW
"""Histórias Secundárias do Cavaleiro Bola de Hamster""",《倉鼠球騎士外傳》,zh-TW
"""Histórias Secundárias do Chefe Pedreira""",《石頭老闆外傳》,zh-TW
"""Histórias Secundárias do Irmão Hanu""",《哈努兄弟外傳》,zh-TW
"""Histórias Secundárias do Pássaro de Origami""",《摺紙小鳥外傳》,zh-TW
"""Histórias Secundárias do Sr. Refri""",《汽水先生外傳》,zh-TW
"""Histórias Secundárias do Velhote Madeira""",《木頭老爹外傳》,zh-TW
"""Hãy Thỏa Sức Mua Vui Cho Bổn Vương Đi""",「盡情取悅本王吧」,zh-TW
"""Hỗn Chiến Sắc Màu""",「繽紛大亂鬥」,zh-TW
"""Ikan Paus""",「鯨魚」,zh-TW
"""Krisis Besar Mimpi Buruk""",《驚夢大危機》,zh-TW
"""Kronik Bezel""",《鐘錶環遊記》,zh-TW
"""Laga Warna-warni""",「繽紛大亂鬥」,zh-TW
"""Nidhogg""",「涅德霍格」,zh-TW
"""O Hertadora"" (Abr.)",「大•黑•粉」（簡稱）,zh-TW
"""Pertempuran Besar Mimpi Buruk""",《噩夢大作戰》,zh-TW
"""Petualangan Mimpi""",《迷夢大冒險》,zh-TW
"""Rahasia Besar Mimpi Indah""",《美夢大機密》,zh-TW
"""Relogin: Memórias de Sonhótimo""",《鐘錶小子：美夢往事》,zh-TW
"""Segredo de Sonhótimo""",《美夢大機密》,zh-TW
"""The Hertadore"" (Abbr.)",「大•黑•粉」（簡稱）,zh-TW
"""The Hertadore"" (Gọi tắt)",「大•黑•粉」（簡稱）,zh-TW
"""Whale""",「鯨魚」,zh-TW
"""กระดานข่าวนักล่าฝัน""",《逐夢客快訊》,zh-TW
"""วาฬ""",「鯨魚」,zh-TW
"""ศึกดวลหลากสีสัน""",「繽紛大亂鬥」,zh-TW
"""ไคเมร่า"" เพื่อนที่ดีที่สุดของมนุษย์",奇美拉，人類最好的夥伴。,zh-TW
*Tut-tut*~ *Tut-tut*~,嘟嘟～嘟嘟～,zh-TW
0호 방정식,零號方程式,zh-TW
"1-Mio.-Abonnenten-Special, dieses Mal ist die Überraschung ...",百萬訂閱特輯，這次的驚喜是……,zh-TW
1-Star Restaurant,一星級餐廳,zh-TW
1. Fund,第一次,zh-TW
100 000 Questions sur le Pourquoi,十萬個為什麼,zh-TW
100 Nghìn Câu Hỏi Tại Sao,十萬個為什麼,zh-TW
"100,000 Questions of Why",十萬個為什麼,zh-TW
100.000 Perguntas do Porquê,十萬個為什麼,zh-TW
100.000 Warum,十萬個為什麼,zh-TW
1000NgôiSaoBăng,一千顆流星,zh-TW
1000Étoiles,一千顆流星,zh-TW
100k Subscriber Special!,十萬訂閱紀念特輯出來啦！,zh-TW
"100만 구독자 특집, 이번 서프라이즈는 과연……",百萬訂閱特輯，這次的驚喜是……,zh-TW
10만 구독자 기념 특집 공개!,十萬訂閱紀念特輯出來啦！,zh-TW
123ActualizadorConstante,絕不拖更123,zh-TW
18番目の箱,第十八號箱子,zh-TW
18번 상자,第十八號箱子,zh-TW
1Réponse1Bizou,親樓下一口,zh-TW
1つ星レストラン,一星級餐廳,zh-TW
1ターン3回行動のゴミー,一輪三動的桶,zh-TW
1回目,第一次,zh-TW
1단계,第一階段,zh-TW
1단계 평가,第一階段診斷,zh-TW
1스타 식당,一星級餐廳,zh-TW
1호 팬,頭號粉絲,zh-TW
2-Star Restaurant,二星級餐廳,zh-TW
2. Fund,第二次,zh-TW
23K Khoác Lác,23克臭屁,zh-TW
23gFürze,23克臭屁,zh-TW
23g_P2fétidos,23克臭屁,zh-TW
23gramOfarts,23克臭屁,zh-TW
23gramasDeCabostátil,23克臭屁,zh-TW
23g의헛소리,23克臭屁,zh-TW
23граммапуков,23克臭屁,zh-TW
23グラムの傲慢,23克臭屁,zh-TW
2つ星レストラン,二星級餐廳,zh-TW
2コメはバカ,二樓沒水準,zh-TW
2回目,第二次,zh-TW
2단계,第二階段,zh-TW
2단계 평가,第二階段診斷,zh-TW
2댓개념없네,二樓沒水準,zh-TW
2스타 식당,二星級餐廳,zh-TW
2차원 즐기기,做二次元,zh-TW
3-Star Restaurant,三星級餐廳,zh-TW
3. Fund,第三次,zh-TW
3つ星レストラン,三星級餐廳,zh-TW
3コメの尻尾を引っ張る,拽三樓尾巴,zh-TW
3回目,第三次,zh-TW
3面ダイス,三面骰,zh-TW
3단계,第三階段,zh-TW
3단계 평가,第三階段診斷,zh-TW
3댓꼬리던지기,拽三樓尾巴,zh-TW
3스타 식당,三星級餐廳,zh-TW
4-Star Restaurant,四星級餐廳,zh-TW
4. Fund,第四次,zh-TW
4Fantastiques@HavreAstro,星槎海四大才子,zh-TW
4SternskiffTalente,星槎海四大才子,zh-TW
4つ星レストラン,四星級餐廳,zh-TW
4回目,第四次,zh-TW
4스타 식당,四星級餐廳,zh-TW
5. Fund,第五次,zh-TW
5人目の怪異退治隊員,捉鬼小隊第五人,zh-TW
5回目,第五次,zh-TW
6. Fund,第六次,zh-TW
6回目,第六次,zh-TW
7 de Março,三月七,zh-TW
"7 de Março, a Maior das Heroínas",蓋世女俠三月七,zh-TW
7. Fund,第七次,zh-TW
7. März,三月七,zh-TW
"7. März, Heldin der Welt",蓋世女俠三月七,zh-TW
7回目,第七次,zh-TW
7색쓰레기통,七色垃圾桶,zh-TW
A Arte da Cura,治療的藝術,zh-TW
A Bellow from the Brave,一聲勇者的吶喊,zh-TW
A Borla Flutuante de Undine,海的裙襬飄蕩,zh-TW
A CPI é Um Cachorro,狗公司,zh-TW
A Deathward Negotiation,一場赴死的和談,zh-TW
A Fantasma do Xadrez que NÃO QUEREM que você conheça!,驚！棋鬼怪人的身分竟然是……,zh-TW
A Flip of Fortune,翻翻好符運,zh-TW
A Foxian Tale of the Haunted,狐齋志異,zh-TW
A Ghost Meetup? Here's what happened...,和鬼見面？真相竟然是……？,zh-TW
A Grande Guerra das Poeirinhas,塵靈亂世錄,zh-TW
A Herta,大黑塔,zh-TW
A Knight Stranger,異邦騎士,zh-TW
A Letter to You,給你的一封信,zh-TW
A Mão de Zagreus,扎格列斯之手,zh-TW
A New Venture on the Eighth Dawn,在第八日啟程,zh-TW
"A Ninja Deslumbrante, vulgo Rappa",繚亂忍俠•AKA•亂破,zh-TW
A Peça Vencedora da Cerydra,刻律德菈的決勝棋子,zh-TW
A Porta Não Pode Ser Aberta Por Este Lado,門不能從這一側打開,zh-TW
A Rare Anecdote,一則鮮見的軼事,zh-TW
A Ruína ao Alvorecer,在黎明升起時墜落,zh-TW
A Sea of Trashcan,人山人海的桶,zh-TW
A Solidão Intolerável do Rio das Almas,冥河的孤獨難耐,zh-TW
A Sombra da Dúvida,疑心暗鬼,zh-TW
"A VERDADEIRA verdade sobre a casa assombrada, chega de fake news!",凶宅真相，別再以訛傳訛了,zh-TW
A Vingadora do Futuro,全面回憶,zh-TW
A World Beyond,邀遊天外,zh-TW
A esposa defunta do meu vizinho ressuscitou???,我鄰居早逝的妻子似乎回家了,zh-TW
A família Landau... e a Pela,朗道一家……以及佩拉,zh-TW
A-Yue มาเก็บ A รวด,阿月要多學習,zh-TW
A-YueRajinBelajar,阿月要多學習,zh-TW
A-Yue_HọcHỏi,阿月要多學習,zh-TW
A-Yue_Nota10,阿月要多學習,zh-TW
A-Yue_StraightAs,阿月要多學習,zh-TW
AExpansao729,浩瀚宇宙729,zh-TW
AI가지켜보고있다,智械大哥看著你,zh-TW
AO VIVO: Erro de construção causa DESASTRE de divinação!,小隊施工失誤，太卜司陷入停擺,zh-TW
Aaaaah,唉唉唉唉,zh-TW
Abandoned Television,廢棄電視,zh-TW
Abdeckung,掩護支援,zh-TW
Abend vor der Abreise,啟程前夕,zh-TW
Abendmeeting,晚餐會議,zh-TW
Ability Mission,技能任務,zh-TW
AbranSoyRatoncito,開門，我是鼠鼠,zh-TW
Abrasar,燒灼,zh-TW
AbrigoParaNieve,下雪大衣,zh-TW
Abréme_soyelRatoncitoPérez,開門我是鼠鼠,zh-TW
Abschiedsprotokoll,奉辭罰罪,zh-TW
Abteilung für Einblick,光淵密卷科,zh-TW
Abteilung für angewandte Kunst,萬有應物科,zh-TW
Abteilung für galaktische Geografie,寰宇地概科,zh-TW
Abteilung für galaktische Geopolitik,銀河法政科,zh-TW
Abteilung für Ökologie,星域界種科,zh-TW
Abundance Sprite: Wooden Lupus,豐饒靈獸•奎木,zh-TW
Acaba con ellos cuando están débiles,趁病要命,zh-TW
Acampada en la nieve,雪原露營,zh-TW
Acampando na Neve,雪原露營,zh-TW
Acara Berbagi Wawasan Penelitian,研究心得分享大會,zh-TW
Acceso bloqueado,權限鎖定,zh-TW
Access Locked,權限鎖定,zh-TW
Acción sin límites,無盡行動,zh-TW
Account_Deleted,使用者已註銷,zh-TW
Accès verrouillé,權限鎖定,zh-TW
Accélérateur d'antimatière,反物質加速,zh-TW
Ace Squadron,王牌機組,zh-TW
Aceleración antimateria,反物質加速,zh-TW
Acesso Bloqueado,權限鎖定,zh-TW
Acessório de Cabeça,頭飾,zh-TW
Acheron,黃泉,zh-TW
Acheron (Bản Dùng Thử),黃泉（試用版）,zh-TW
Acheron (Probeversion),黃泉（試用版）,zh-TW
Acheron (Teste),黃泉（試用版）,zh-TW
Acheron (Trial),黃泉（試用版）,zh-TW
Acheron (versión de prueba),黃泉（試用版）,zh-TW
Acheron (ทดลอง),黃泉（試用版）,zh-TW
Achéron,黃泉,zh-TW
Achéron (Essai),黃泉（試用版）,zh-TW
Acid Rain,酸雨,zh-TW
Acompañantes estelares,千星旅伴,zh-TW
Acting Conductor,代理列車長,zh-TW
Action rapide,快速指令,zh-TW
Action sans fin,無盡行動,zh-TW
Activación de Moral,士氣啟動,zh-TW
Activación saturada,滿額啟動,zh-TW
Activation de Moral,士氣啟動,zh-TW
Ada yang Dengar Suara Nyanyian Teater di Fyxestroll Garden?,有人聽到綏園那邊有唱戲聲嗎,zh-TW
Ada yang Ketemu Orang Aneh di Exalting Sanctum yang Main Catur?,有沒有人在長樂天遇到一個說要比棋的怪人？,zh-TW
Adelantamiento extremo,物理超車,zh-TW
"Adeus, Penacony",再見，匹諾康尼,zh-TW
"Adieu, Penacony",再見，匹諾康尼,zh-TW
"Adiós, Colonipenal",再見，匹諾康尼,zh-TW
AdminDelDominio,洞天管理員,zh-TW
AdminKawasan,洞天管理員,zh-TW
AdministradorDoDominio,洞天管理員,zh-TW
Admirateur2$Truffie&Plumeau,我想摸諦聽尾巴,zh-TW
Adolescence,少年期,zh-TW
Adolescence : Évaluation,少年期診斷,zh-TW
Adolescencia,少年期,zh-TW
Adolescent Stage,少年期,zh-TW
Adolescent Stage Evaluation,少年期診斷,zh-TW
Adorable Holiday Customs,可愛的節日習俗,zh-TW
Adorateur2Bœuf™,我愛牛雜,zh-TW
Adoráveis Costumes Festivos,可愛的節日習俗,zh-TW
AdrienMurielle,靈符靈符靈符,zh-TW
Adu Jotos Burung Origami,摺紙小鳥對對碰,zh-TW
Adversaire de niveau similaire,旗鼓相當的對手,zh-TW
Advertising Opportunities Available,廣告位招租,zh-TW
Aecus,埃克斯,zh-TW
AeonKnows,天知道,zh-TW
Aetherium Wars,乙太戰線,zh-TW
"Aflição Septenária, Aniquilação",七傷，滅頂,zh-TW
AgenTravelXianzhou10,第十仙舟旅行社,zh-TW
AgenceDeVoyageÀXianzhounᵒ10,第十仙舟旅行社,zh-TW
AgenciaDeViajes_Xianzhou_10,第十仙舟旅行社,zh-TW
Agent de sécurité,基層員工•保全,zh-TW
Agitação do Beco Aurum,金人舊巷市廛喧,zh-TW
Agitação e Balanço,搖搖晃搖,zh-TW
Aglaea,阿格萊雅,zh-TW
Aglaé,阿格萊雅,zh-TW
Agradecimiento del canal de TV,電視台謝禮,zh-TW
Aguanieve,雨夾雪,zh-TW
Agudeza,靈知,zh-TW
Agujero negro de emociones,情緒黑洞,zh-TW
Agujero negro eterno,永恆黑洞,zh-TW
AgênciaDeViagensXianzhouita#10,第十仙舟旅行社,zh-TW
Ahhhhhhhhhhhhhhh,唉唉唉唉,zh-TW
Ahli Bahasa,語言高手,zh-TW
Ahli Dadu Ganda,骰＋骰是道,zh-TW
Ahli Pameran,展會達人,zh-TW
AhliPasokan,糧草徵收人,zh-TW
AhliPedang123,無敵劍士123,zh-TW
Ainsi rirent les mortels,如是，眾生歡笑不已,zh-TW
Ainsi_Soit_Il,言出法隨,zh-TW
AirSungaiMengalirKeLaut,百川東入海,zh-TW
Aji Mumpung,趁病要命,zh-TW
Ajudar,助戰,zh-TW
Ajustement normal,常態矯正,zh-TW
Akhir yang Tak Berujung,無盡終結,zh-TW
Aksesori Kepala,頭飾,zh-TW
Aksi Tak Terbatas,無盡行動,zh-TW
Aktion ohne Ende,無盡行動,zh-TW
Aktionsmission,活動任務,zh-TW
Aku Bagikan Tujuanku Berikutnya,分享一下小目標,zh-TW
Aku Cuma Mau Flexing,我就曬曬不說話,zh-TW
Aku Telah Menyentuh Langit,因為我已觸碰過天空,zh-TW
"Aku Telat Kerja Seperti Biasa, Tapi Semua Orang Bersikap Aneh",今天照例上班遲到，發現大家都神神叨叨的,zh-TW
Aku Terus Mendapat Telepon Tak Dikenal Tengah Malam ....,總是在半夜收到匿名來電……,zh-TW
Aku akan Hancurkan Dunia!,我要毀滅世界！,zh-TW
Aku akan Sembur Api,我要噴火,zh-TW
AkuMauTonjokKamuDuaKali,但是我想給你兩拳,zh-TW
Aku_Kakekmu,樓上是我孫子,zh-TW
AkunDihapus,使用者已註銷,zh-TW
AkunTelahDihapus,該使用者已註銷,zh-TW
Al borde de la muerte,生死邊緣,zh-TW
Al descontrol del alba,獻給破曉的失控,zh-TW
Al límite de texto en Colonipenal,來試試匹諾康尼最長接受多少字,zh-TW
Alam Keanehan,異器盈界,zh-TW
Alam Keanehan 300%,異器盈界300%,zh-TW
Albtraum des Schiedsrichters,裁判的噩夢,zh-TW
Albtraum-TV,驚夢電視台,zh-TW
Alchemimi,丹鼎司浪子,zh-TW
AlchemyR0amer,丹鼎司浪子,zh-TW
Alegra^_^Florzinhas,小花有喜,zh-TW
AlegríaFloral,小花有喜,zh-TW
Alerta de Gatilho! Assassinato em massa. Leia por sua conta e risco,滅門慘案，膽小者請勿點開,zh-TW
Alerta de Gatilho: eu acabei de ver um fantasma no Beco Aurum,膽小慎入！我在金人巷裡撞見鬼了！,zh-TW
Algorithme de charge négative,負載演算,zh-TW
Algoritmo de Carregamento Negativo,負載演算,zh-TW
Algoritmo de Divinação ATUALIZADO! Trabalho dobrado na Comissão de Divinação!,卜算法更新！海量工作淹沒太卜司！,zh-TW
Algoritmo de carga negativa,負載演算,zh-TW
Alguien construyó en secreto torres de transmisión en el Jardín del Sosiego,綏園有人偷偷建了訊號發射塔,zh-TW
Algunas palabras para mis seguidores,寫給新舊粉絲的一些話,zh-TW
Alguém construiu torres sinalizadoras no Jardim Flamavulpe em segredo,綏園有人偷偷建了訊號發射塔,zh-TW
Alguém topou com uma esquisitona no Santuário Glorificado querendo jogar xadrez?,有沒有人在長樂天遇到一個說要比棋的怪人？,zh-TW
Aliansi Buaya dan Serigala,狼鱷之交,zh-TW
Alianza lobo-cocodrilo,狼鱷之交,zh-TW
Aliança Entre Lobo e Crocodilo,狼鱷之交,zh-TW
All About Boothill...,關於波提歐的一切……,zh-TW
AllRiversFlowSeaward,百川東入海,zh-TW
AlleFlüsseFließenInsMeer,百川東入海,zh-TW
Alles über Boothill ...,關於波提歐的一切……,zh-TW
AllesFürDenHohenÄltesten,對龍尊大人一心一意,zh-TW
AllesKlar_AutoAntwortBot,自動回覆好期待機器人,zh-TW
Allesfresser,什麼都吃,zh-TW
"Allez hop, à la douche !",泡澡,zh-TW
Allgemeines Upgrade,泛用升級,zh-TW
Alliance of Wolf and Croc,狼鱷之交,zh-TW
Allumfassende Weissagung,大衍萬象,zh-TW
Almacén de tesoros,奇庫尋遺,zh-TW
Alocação de Desempenho,性能分配,zh-TW
Along With Heroic Spirits,英靈偕行,zh-TW
AlquimistaDoPasso,丹鼎司浪子,zh-TW
Alta Carga e Baixa Velocidade,低速高載,zh-TW
Alta carga y baja velocidad,低速高載,zh-TW
Alta temperatura,高溫,zh-TW
AltaInfla$$ão,脹五甲,zh-TW
Alte Flasche und neue Freunde,舊瓶新友,zh-TW
Alter Mann,老爺爺,zh-TW
Alter Weiser,老賢者,zh-TW
Aluga-se Espaço Publicitário,廣告位招租,zh-TW
Alvo na Retaguarda,後排目標,zh-TW
Always By Your Side,心跳不息陪你不止,zh-TW
Aléas et reliques,奇庫尋遺,zh-TW
Além do Mundo,邀遊天外,zh-TW
Am Lernen. Bitte stören.,學習中，請打擾。,zh-TW
Am Rande des Todes,生死邊緣,zh-TW
Am achten Tag beginnt die Reise,在第八日啟程,zh-TW
Amante De Esquife Estelar,星槎愛好者,zh-TW
Amante de astroesquifes,星槎愛好者,zh-TW
Amante de la literatura,熱愛文學的公民,zh-TW
Amante$deDitings,我想摸諦聽尾巴,zh-TW
Amarre Seus Próprios Cadarços,獨立生活,zh-TW
Ami2Truffie_Followback,看諦聽+嚎友,zh-TW
AmigoDiting,看諦聽+嚎友,zh-TW
Amnesie-Therapie im Dromastil,大地式健忘療法,zh-TW
AmoDiting_segueaí,看諦聽+嚎友,zh-TW
AmoFofocaCósmica_Sr.,宇宙大矯情,zh-TW
AmoLaCasquería,我愛牛雜,zh-TW
Amo_la_cola_de_los_Diting,我想摸諦聽尾巴,zh-TW
Amor Tridimensional: A História de amor que vai DERRETER seu coraçãozinho!,感人肺腑，至情至深——穿越次元愛上你,zh-TW
Amor interdimensional: Una historia que cruza fronteras,感人肺腑，至情至深——穿越次元愛上你,zh-TW
Amour du bain,小地獸愛洗澡,zh-TW
Amour transdimensionnel : Cette histoire d'amour va vous faire fondre,感人肺腑，至情至深——穿越次元愛上你,zh-TW
Ampun_Qaqa,好姐姐饒了我,zh-TW
Aménagement,室內裝修,zh-TW
An Gal Ta Ki Gal Šè,山脈震撼•明星之薪,zh-TW
An Inescapable Fate,一重難逃的命運,zh-TW
An Unexpected Exchange,一次意外的交流,zh-TW
An das jüngste Besatzungsmitglied,給列車組老么的一封信,zh-TW
An erster Stelle,獨尊一魁,zh-TW
"An Ủi Vong Linh, Đưa Tiễn Về Trời Cao",安靈布奠，天清路遠,zh-TW
An0nyme_1,實名上網,zh-TW
AnakBuahTuanTail,尾巴小跟班,zh-TW
Anaxa,那刻夏,zh-TW
Anciano,老爺爺,zh-TW
Anciano,老者,zh-TW
Ancien,老者,zh-TW
Andarilho,流浪者,zh-TW
Anecdotes de jeu de cartes,牌友趣事,zh-TW
Anedotas do Jogo de Cartas,牌友趣事,zh-TW
Anekdot Teman Main,牌友趣事,zh-TW
Anekdot dalam Gelas,杯中逸事,zh-TW
Anekdoten der Kartenspieler,牌友趣事,zh-TW
"Anführerin der Gesetzlosen, Mogura, Hook",魔古拉，律賊之首，虎克,zh-TW
Ange de la rue,馬路天使,zh-TW
Angeln,去釣魚,zh-TW
AnginBertiup,風今天還是那麼吹,zh-TW
Angriff,攻擊,zh-TW
Angriffsabwehr,攻擊攔截,zh-TW
Anh Hùng Hay Kẻ Hèn Nhát?,英雄，還是懦夫？,zh-TW
"Anh Hùng Mỉm Cười, Sinh Tử Khó Lường",英雄一笑，生死難料,zh-TW
Anh Linh Đồng Hành,英靈偕行,zh-TW
Anh Yang Ở Đây,陽哥在此,zh-TW
AnhEmTốtFei,好兄弟阿飛,zh-TW
Anhchàngtốtbụng,好好先生,zh-TW
Animaestro de la amistad,友誼激勵師,zh-TW
Aniversario,週年,zh-TW
Aniversário,週年,zh-TW
Anjing IPC,公司狗,zh-TW
AnjingPerompak,海盜狗,zh-TW
Anjo da Rua,馬路天使,zh-TW
Annihilation du malheur septénaire,七傷，滅頂,zh-TW
Anniversaire,週年,zh-TW
Anniversary,週年,zh-TW
Anomaliebewertung,異常評估,zh-TW
Anomaly Evaluation,異常評估,zh-TW
Anonhymnuage_,持明上網,zh-TW
Ansteckende Psychobombe,傳染型心靈炸彈,zh-TW
Ansturm auf die Schwäche,弱點突襲,zh-TW
Antes de Suas Mortes,英雄未死之前,zh-TW
Antes de partir,啟程前夕,zh-TW
Antes de que los héroes mueran,英雄未死之前,zh-TW
Anthologie,總集篇,zh-TW
Anthology,總集篇,zh-TW
Anti-Matter Oppression,反物質鐵蹄,zh-TW
Anti-intrusion Security Protocol Upgrade,防入侵安全協議升級,zh-TW
AntifanCútđi,米糕沒黑粉,zh-TW
Antigraft Brickbuster,反貪「磚」家,zh-TW
Antikorruptions-Brickbuster,反貪「磚」家,zh-TW
Antimaterie – Bombardement,反物質重炮,zh-TW
Antimaterie – GES-Erhöhung,反物質加速,zh-TW
Antimaterie – Unterdrückung,反物質鐵蹄,zh-TW
Antimaterieklinge,反物質刀鋒,zh-TW
Antimatter Blade,反物質刀鋒,zh-TW
Antimatter Bombardment,反物質重炮,zh-TW
Antimatter Speed Boost,反物質加速,zh-TW
Antologia,總集篇,zh-TW
Antología,總集篇,zh-TW
Antre du Roi Démon,魔王巢穴,zh-TW
Anyone else heard singing voices coming from Fyxestroll Garden?,有人聽到綏園那邊有唱戲聲嗎,zh-TW
Anyone met a weirdo in Exalting Sanctum who wants to play chess?,有沒有人在長樂天遇到一個說要比棋的怪人？,zh-TW
Anécdota inusual,一則鮮見的軼事,zh-TW
Anécdotas de jugadores,牌友趣事,zh-TW
Anécdotas entre copas,杯中逸事,zh-TW
Anúncios de Trabalho,Job Postings,zh-TW
Anúncios de Trabalho,招工啟事,zh-TW
"Aos meus queridos companheiros, colegas de classe e familiares!",致我最親愛的夥伴、同學、家人！,zh-TW
Apa Latar Belakang Artis yang Berperan Menjadi Nyonya Bailu?,扮演白露大人的演員是什麼來歷啊？,zh-TW
"Apa kabar, Rekan?",搭檔，好久不見。,zh-TW
Apelidado,被取外號了,zh-TW
ApiDosa_TakPadam,業火不盡,zh-TW
Aplastador del Vacío,虛卒•踐踏者,zh-TW
Aplastamiento de la rueda helada,冰輪碎碾,zh-TW
Apoyo familiar,家人的支持,zh-TW
Appareil de traduction,翻譯機器,zh-TW
Appétit du loup,狼噬,zh-TW
AprendeAmaVive,愛生活愛讀書,zh-TW
Apresentação Pessoal,自我介紹,zh-TW
Aprimoramento Paralelo,並行強化,zh-TW
Aprimoramento de Bastidores,背景強化,zh-TW
Aprimoramento de Item,道具強化,zh-TW
Aproximação de Dados Duplos,骰＋骰是道,zh-TW
Aptitude Showcase,鋒芒嶄露,zh-TW
Apuesta en las mil estrellas,揮擲千星的籌碼,zh-TW
"Aquele Sorriso, Aquele Maldito Sorriso",英雄一笑，生死難料,zh-TW
Aquele que Desafia o Vento,逆風而行,zh-TW
AquiSóTemOtário,鐵頭來找你了,zh-TW
Aqui_Jaz_Mano_Yang,陽哥在此,zh-TW
"Aquí está tu Debilidad, de nada",您的弱點，請收下,zh-TW
AquíEstáSuperYANG,陽哥在此,zh-TW
Araña Autómata,自動機兵•蜘蛛,zh-TW
ArbeitenFürsWochenende,上班為了下班,zh-TW
Arbeitsstatistiken,工作統計,zh-TW
Arc-en-ciel,彩虹,zh-TW
Arcade Duel,街機對戰,zh-TW
Arcade-Duell,街機對戰,zh-TW
Arcadia-Bauplan,樂園藍圖,zh-TW
Arcadian Blueprint,樂園藍圖,zh-TW
Archives d'aviation,飛行日誌,zh-TW
Archivo de curiosidades del museo,冬城博物珍奇簿,zh-TW
Archivos sobrenaturales: Bosque Locusiano,降妖輯錄•談狐林,zh-TW
Archivos sobrenaturales: Pabellón de la Golondrina,降妖輯錄•燕樂亭,zh-TW
Archivos sobrenaturales: Pabellón del Cese,降妖輯錄•偃息館,zh-TW
Archivos sobrenaturales: Tumba Raposueño,降妖輯錄•狐眠塚,zh-TW
Arco-íris,彩虹,zh-TW
Arcoíris,彩虹,zh-TW
Arena Progress,競技進度,zh-TW
Arena y polvo,沙塵,zh-TW
Arenafortschritt,競技進度,zh-TW
Argile rouge : 1 ׀ Draka : 0,紅土單殺大地獸,zh-TW
Argile rouge douce,清甜紅土,zh-TW
Argue with Chimera,和奇美拉吵架,zh-TW
Arlan,阿蘭,zh-TW
Arma de Fogo Crinalva,鐵衛火銃,zh-TW
Armada Kapal Hantu yang Tidak Bisa Dipantau,不能直接觀測的幽靈艦隊,zh-TW
Armadura Abrasadora,灼炎護甲,zh-TW
Armadura Crinalva,鐵衛鎧甲,zh-TW
Armadura Crinargenta,鐵衛鎧甲,zh-TW
Armadura Fundida,熔岩護體,zh-TW
Armadura ardiente,灼炎護甲,zh-TW
Armadura fundida,熔岩護體,zh-TW
ArmoredTrotter_No.2,裝甲撲滿二型,zh-TW
Armure de flammes,灼炎護甲,zh-TW
Armure en fusion,熔岩護體,zh-TW
Army_NagaTerhormat,對龍尊大人一心一意,zh-TW
Arogan_LewatDulu,囂張路過,zh-TW
Aromabenteuer,虛境味探,zh-TW
Arremesso de Lixo,垃圾投擲,zh-TW
Arrivée des Beaux rêves,美夢降臨,zh-TW
ArrogantPassant,囂張路過,zh-TW
Arrogantedepaso,囂張路過,zh-TW
Arruinavidas,毀人不倦,zh-TW
Art Channel,藝術台,zh-TW
Artes ou Ciências?,一類組還是二類組？,zh-TW
ArtesanatoÉVida,考不進工造司不改名,zh-TW
Arti Bunga Rosemary,迷迭香的花語,zh-TW
Artilheiro Crinalva,銀鬃射手,zh-TW
Artillero Crinargenta,銀鬃炮手,zh-TW
ArtisanPourToujours,考不進工造司不改名,zh-TW
Artisanat®dethéière(L),工造司大茶壺,zh-TW
Artisanship Commission Unveils New Tech That Will Change Cloud Knights Forever,工造司最新科技上線，有望提升雲騎軍整體戰力,zh-TW
Artisanship®Teapot,工造司茶壺,zh-TW
Artisanship®Teapot(L),工造司大茶壺,zh-TW
Arts or Science?,一類組還是二類組？,zh-TW
ArusBening,圓清流,zh-TW
Aríete,衝撞,zh-TW
As Ruínas Externas,表形廢墟,zh-TW
As Tomorrow Became Yesterday,成為昨日的明天,zh-TW
AsDeLaPhoto,趙相機,zh-TW
Asahan Kilau Baru,礪爍新輝,zh-TW
Asalto,突擊,zh-TW
Asas Fechadas,登棲斂翼,zh-TW
Ascensão da Arte da Espada,劍術進境,zh-TW
AsesinoDeCucarachasDeXianzhou,消滅仙舟大蠊,zh-TW
Ashveil,不死途,zh-TW
Asignación por desempeño,性能分配,zh-TW
Asistencia,助戰,zh-TW
Asistencia esencial,中堅助力,zh-TW
Asistencia responsable,可靠助力,zh-TW
Asistente de las termas,澡堂侍者,zh-TW
Ask Me Anything: Everything about Guinaifen,募集中：關於桂乃芬的一切,zh-TW
Asomándose a la pesadilla,初探噩夢,zh-TW
Assault,突擊,zh-TW
Assaut,突擊,zh-TW
Assaut du sous-traitant,外包企業衝擊！,zh-TW
Assist,助戰,zh-TW
Assistance,助戰,zh-TW
Assistance de draka,大地獸的指引,zh-TW
Assistance décente,中堅助力,zh-TW
Assistance fiable,可靠助力,zh-TW
Assistenzkraft: Sicherheitspersonal,基層員工•保全,zh-TW
Assumindo Responsabilidades,獨當一面,zh-TW
Asta,艾絲妲,zh-TW
AstroesquifeSinMar,星槎沒有海,zh-TW
Astrokiffeur,星槎愛好者,zh-TW
Astronomical Division,星階,zh-TW
AstrosPredeterminados,命中註定的星辰,zh-TW
Asumiendo responsabilidades,獨當一面,zh-TW
Ataque,攻擊,zh-TW
Ataque de Debilidad,弱點突襲,zh-TW
Ataque de Pá,鏟擊,zh-TW
Ativação Saturada,滿額啟動,zh-TW
Ativação de Moral,士氣啟動,zh-TW
"Atout cosmique, à nous !",擲骰吧！戰力黨！,zh-TW
"Atout cosmique, à nous encore une fois !",繼續擲骰！戰力黨！,zh-TW
Através das Pétalas na Terra do Repouso,走過安眠地的花叢,zh-TW
Atribuições de Investigação,調查委託,zh-TW
Attack,攻擊,zh-TW
Attack Interception,攻擊攔截,zh-TW
Attaque,攻擊,zh-TW
Attaque à la pelle,鏟擊,zh-TW
Attention ! Affaire de meurtre en série. Âmes sensibles s'abstenir,滅門慘案，膽小者請勿點開,zh-TW
Attention ! J'ai vu un fantôme dans l'allée des Aurums !,膽小慎入！我在金人巷裡撞見鬼了！,zh-TW
Attention aux contrats dangereux !,提防危險契約！,zh-TW
Atualização do Protocolo de Segurança Anti-Intrusão,防入侵安全協議升級,zh-TW
AtualzadorConsistente123,絕不拖更123,zh-TW
Até a Imortalidade Tem Fim,仙骸有終,zh-TW
Au bout de l'infini,因為我已觸碰過天空,zh-TW
Au fil des beaux rêves de Chronou,《鐘錶小子：美夢往事》,zh-TW
Au huitième jour fut le grand départ,在第八日啟程,zh-TW
"Au plus jeune membre de l'équipage,",給列車組老么的一封信,zh-TW
Au-delà des Plaines des neiges,比雪原更遙遠,zh-TW
Au-delà du ciel,邀遊天外,zh-TW
Auch Unsterblichkeit endet,仙骸有終,zh-TW
AucunBonPseudo,想不出好暱稱,zh-TW
Auf Schatzsuche,循跡覓寶,zh-TW
"Auf Wiedersehen, Penacony",再見，匹諾康尼,zh-TW
Auf der Sternenjagd,獵星遊戲,zh-TW
Aufmunterung zur Freundschaft,友誼激勵師,zh-TW
Aufopferende Mülltonne,捨己為人的桶,zh-TW
Auftrag,調查委託,zh-TW
Auftrittsfortschritt,演出進度,zh-TW
Aufzeichnungen der Route,道中雜記,zh-TW
Aufzeichnungen der Übernatürlichen: Foxsomn-Grab,降妖輯錄•狐眠塚,zh-TW
Aufzeichnungen der Übernatürlichen: Locufox-Wald,降妖輯錄•談狐林,zh-TW
Aufzeichnungen der Übernatürlichen: Pavillon des Stillstands,降妖輯錄•偃息館,zh-TW
Aufzeichnungen der Übernatürlichen: Schwalbenlied-Pavillon,降妖輯錄•燕樂亭,zh-TW
Aumento de moral,鼓舞士氣,zh-TW
Aurum Alley's Hustle and Bustle,金人舊巷市廛喧,zh-TW
Aurum Alley's ghost market pawnshop...,金人巷的鬼市當鋪……,zh-TW
AurumAlleyIndigene,金人巷土著,zh-TW
Aurumaton Gatekeeper,金人司閽,zh-TW
Aurumaton-Torwächter,金人司閽,zh-TW
AusDerAurumAllee,金人巷土著,zh-TW
Ausdauergie,精力,zh-TW
Ausrangierte Fernseher,廢棄電視,zh-TW
Ausstellungsprofi,展會達人,zh-TW
Austausch der Forschungsergebnisse,研究心得分享大會,zh-TW
Auto-Aprimoramento,自我完善,zh-TW
Auto-Repair,自動修復,zh-TW
Auto-Reparatur,自動修復,zh-TW
Auto-reconstruction,自我重構,zh-TW
Auto-réparation,自動修復,zh-TW
AutoReply_Bot,自動回覆好期待機器人,zh-TW
Automate araignée,自動機兵•蜘蛛,zh-TW
Automate maniaque,狂熱機兵,zh-TW
Automate scarabée,自動機兵•甲蟲,zh-TW
Automaton Beetle,自動機兵•甲蟲,zh-TW
Automaton Spider,自動機兵•蜘蛛,zh-TW
Automaton: Käfer,自動機兵•甲蟲,zh-TW
Automaton: Spinne,自動機兵•蜘蛛,zh-TW
Automejora,自我完善,zh-TW
Autorreconstrucción,自我重構,zh-TW
Autorreconstrução,自我重構,zh-TW
Autómata enloquecido,狂熱機兵,zh-TW
Autômato Aracnídeo,自動機兵•蜘蛛,zh-TW
Autômato Frenético,狂熱機兵,zh-TW
Autômato Insectoide,自動機兵•甲蟲,zh-TW
Auxílio Confiável,可靠助力,zh-TW
Auxílio Digno,中堅助力,zh-TW
Außer Kontrolle für das Morgengrauen,獻給破曉的失控,zh-TW
Avalancha de cartas,牌山倒海,zh-TW
Avaliação - Estágio Adolescente,少年期診斷,zh-TW
Avaliação - Estágio Jovem,青年期診斷,zh-TW
Avaliação - Estágio Nenêzinho,幼年期診斷,zh-TW
Avaliação Psicológica,心理評估,zh-TW
Avaliação da Fase I,第一階段診斷,zh-TW
Avaliação da Fase II,第二階段診斷,zh-TW
Avaliação da Fase III,第三階段診斷,zh-TW
Avaliação de Anomalia,異常評估,zh-TW
Avaliação do Jardim,花園評定,zh-TW
Avaliações da Pólis Sagrada,聖城鑑寶,zh-TW
Avance porcino,豬突猛進,zh-TW
Avant le trépas des héros,英雄未死之前,zh-TW
Avanzando contra el viento,逆風而行,zh-TW
Avanço,常值突破,zh-TW
"Avec la queue, ça fonctionne aussi",尾巴也可以,zh-TW
Avec les esprits héroïques,英靈偕行,zh-TW
Aventura Olfativa Virtual,虛境味探,zh-TW
Aventura aromática,虛境味探,zh-TW
Aventura de Hanu,小小哈努行動,zh-TW
Aventura de Renovação do Expresso,列車改造奇遇,zh-TW
Aventura en miniatura,方寸大冒險,zh-TW
Aventuras de Hanu,小小哈努行動,zh-TW
Aventure sensovirtuelle,虛境味探,zh-TW
Aventures de Hanu,小小哈努行動,zh-TW
Aventurin,砂金,zh-TW
Aventurin (Probeversion),砂金（試用版）,zh-TW
Aventurine,砂金,zh-TW
Aventurine (Bản Dùng Thử),砂金（試用版）,zh-TW
Aventurine (Essai),砂金（試用版）,zh-TW
Aventurine (Teste),砂金（試用版）,zh-TW
Aventurine (Trial),砂金（試用版）,zh-TW
Aventurine (ทดลอง),砂金（試用版）,zh-TW
Aventurine's Comeback Chip,砂金的翻盤籌碼,zh-TW
Aventurino,砂金,zh-TW
Aventurino (versión de prueba),砂金（試用版）,zh-TW
Aventurins Wendechip,砂金的翻盤籌碼,zh-TW
Averse en plein soleil,晴天雨,zh-TW
Avería,故障破損,zh-TW
Aviation Records,飛行日誌,zh-TW
Awakening in the Waves,於浪花中覺醒,zh-TW
Awal Penjelajahan Mimpi Buruk,初探噩夢,zh-TW
Awal Perjalanan,初出茅廬,zh-TW
Awan Beracun,毒雲,zh-TW
Awan Tidak Meninggalkan Jejak,雲無留跡,zh-TW
Awas Ga Bisa Tidur! Ada SETAN di Aurum Alley!,膽小慎入！我在金人巷裡撞見鬼了！,zh-TW
AwasKau_Hacker,盜號狗必須死,zh-TW
Awuuh-Büro,嗷嗚嗷嗚事務所,zh-TW
Awuuh-Meisterschaft von Chrysos,黃金嗷嗚大師賽,zh-TW
AwwwwwwAwwsjiht,唉唉唉唉,zh-TW
Ay4nk_4eveRRR,心跳不息陪你不止,zh-TW
Ayo Tes Jumlah Huruf Maksimal Penacony,來試試匹諾康尼最長接受多少字,zh-TW
AyudanteSrCola,尾巴小跟班,zh-TW
Aécus,埃克斯,zh-TW
BGdesAurums,金人巷第一美男,zh-TW
BOMBSHELL! Unmasking the mystery behind the Unidentified Flying Object,勁爆！不明飛行物背後的真相。,zh-TW
Babak Penyisihan 1,海選賽第一輪,zh-TW
Babak Penyisihan 2,海選賽第二輪,zh-TW
Babak Penyisihan 3,海選賽第三輪,zh-TW
Back Row Target,後排目標,zh-TW
Back to Earth in Evernight,於長夜重返大地,zh-TW
Backend-Optimierung,背景強化,zh-TW
Backstage Enhancement,背景強化,zh-TW
Badai Dahsyat,颶風,zh-TW
Badai Kartu,牌山倒海,zh-TW
Badai Pasir Putih,白砂之雨,zh-TW
Badai Ruang-Waktu,時空暴,zh-TW
Badai Salju,暴雪,zh-TW
BadakBercerita,犀牛講怪談,zh-TW
Badaufseher,浴場侍者,zh-TW
Badeaufseher,澡堂侍者,zh-TW
Baden,泡澡,zh-TW
Bagaikan Embun Fajar,譬如朝露,zh-TW
Bahasa Dromas: Dari Pemula Hingga Kembali ke Tanah,大地獸語，從入門到入土,zh-TW
Bahasa Dromas: Dari Pemula Hingga Opname,大地獸語，從入門到入院,zh-TW
Bahkan Keabadian Pun Berakhir,仙骸有終,zh-TW
Bailando con monos,與猩共舞,zh-TW
Bajo el río del olvido,沉於生者的忘川,zh-TW
Bajo el árbol,安於樹下,zh-TW
Balle badaboum,咚咚球,zh-TW
Baloo_James,海盜狗,zh-TW
Baluarte do Alvorecer,破曉守護,zh-TW
Bamboleo,搖搖晃搖,zh-TW
BambooMoon,竹霞月,zh-TW
BambusMond,竹霞月,zh-TW
Banacademic Office's Fortune BananAdvisor,蕉研組的財富蕉師,zh-TW
Banana Outrage: Battles Without Ninja and Humanity,蕉惡非道•無忍義之戰,zh-TW
Bananadministrateur bananacadémique de la Fortune,蕉研組的財富蕉師,zh-TW
Bananadrama: Kämpfe ohne Ninjas und Menschlichkeit,蕉惡非道•無忍義之戰,zh-TW
Bananaffront : Une guerre sans pitié,蕉惡非道•無忍義之戰,zh-TW
Band Reputation,樂團聲望,zh-TW
Bandreputation,樂團聲望,zh-TW
BangunKotaAbadi,共築永恆之城,zh-TW
Banhista Do Desfiladeiro,鱗淵冰泉洗澡,zh-TW
Banquete Venenoso,烈毒盛宴,zh-TW
Banquete de Uma Só Vez,一氣化三餐,zh-TW
Bantu,助戰,zh-TW
BanyakMinumAir,阿生多喝水,zh-TW
BarbaCachinhos,虯髯客,zh-TW
BarbaRizada,虯髯客,zh-TW
BarboterDansLesAbysses,鱗淵冰泉洗澡,zh-TW
Bareinnahmen,酒吧營收,zh-TW
Barrage,炮擊,zh-TW
Barragem,炮擊,zh-TW
Bartholos,巴特魯斯,zh-TW
Basic Pack,基礎包,zh-TW
Basic Trust Violated,基本的信任呢？,zh-TW
Basilisco,「巴西里克」,zh-TW
Basilisco.,「巴西里克」,zh-TW
Basilisk,「巴西里克」,zh-TW
Basis-Set,基礎包,zh-TW
Basura extraña,古怪的垃圾,zh-TW
Bataillon Ætherae,塵靈勁旅,zh-TW
Batalha Infinita,無限戰域,zh-TW
Batalhão Poeirinha,塵靈勁旅,zh-TW
Batalla contra el jefe,頭目戰,zh-TW
Batalla contra el jefe supremo,真•頭目戰,zh-TW
Batalla contra el lugarteniente,二當家戰,zh-TW
Batalla de aviones pixelados,像素飛機大亂鬥,zh-TW
Batalla de dados callejeros,街骰爭霸,zh-TW
Batalla de máquina recreativa,街機對戰,zh-TW
Batalla final,最終戰,zh-TW
Batallón de eterae,塵靈勁旅,zh-TW
BatataRaladaComGengibre,土豆絲炒薑絲,zh-TW
Bate-Bate das Focas,豹豹碰碰大作戰,zh-TW
Baths Attendant,浴場侍者,zh-TW
Baths Attendant,澡堂侍者,zh-TW
Baue_die_ewige_Stadt,共築永恆之城,zh-TW
Bayangan Keraguan,疑心暗鬼,zh-TW
Bayangan Ranger,遊俠謎影,zh-TW
BebaMaisAgua,阿生多喝水,zh-TW
BebeMásAgua,阿生多喝水,zh-TW
BebedorDeLecheEnPolvo,奶粉奶粉喝奶粉,zh-TW
Bebidas viejas y amigos nuevos,舊瓶新友,zh-TW
Bedroom_Without_Bed,臥室沒有床,zh-TW
Beep For Speed,按喇叭加速,zh-TW
Before Their Deaths,英雄未死之前,zh-TW
BegeisterterWebFanMartha,熱心網友馬大姐,zh-TW
Begleitermission,同行任務,zh-TW
Begleitermission starten,同行任務開啟,zh-TW
Behind the Ghostly Figure Lurks the Swarm!?,鬼怪背後竟是蟲族餘孽？！,zh-TW
BeijoDoGordo,親樓下一口,zh-TW
BeinHaarPrinz,腿毛王子,zh-TW
Bela Ferida,美麗傷口,zh-TW
Belagerungsgranate,攻城榴彈,zh-TW
Bellowing Inferno,咆哮之火,zh-TW
Bencana yang Tak Terhitung,多災多難,zh-TW
Benih Baru,新的種子,zh-TW
BenutzerDreiDreiDreiDrei,用戶參參參參,zh-TW
BenutzerZweiDreiDreiDrei,用戶二三三三三,zh-TW
Berbaur,變得合群,zh-TW
Berburu Harta di Gudang Ajaib,奇庫尋遺,zh-TW
Berechnungssperre,算力鎖定,zh-TW
Bereit zum Aufbruch,整裝待發,zh-TW
Berhantu! Selalu Terpotret Sesuatu yang Tidak Seharusnya di Foto,照片鬧鬼！總是拍到不應該有的東西,zh-TW
Berita Hangat,News Flash,zh-TW
Berita Hangat,動態快報,zh-TW
Berjalan Melawan Angin,逆風而行,zh-TW
Berkemah di Dataran Salju,雪原露營,zh-TW
Bertengkar dengan Chimera,和奇美拉吵架,zh-TW
Bertetangga dengan Damai,鄰里和睦,zh-TW
Besar itu Bagus,大就是好,zh-TW
Besoaquienresponda,親樓下一口,zh-TW
Best Chimera,最優秀的奇美拉,zh-TW
Best Club,最佳社團,zh-TW
Best Player,最佳玩家,zh-TW
Beste Chimäre,最優秀的奇美拉,zh-TW
Bester Spieler,最佳玩家,zh-TW
BesterSchülerDerEntfesselten,放生幫頭號大弟子,zh-TW
Bettlos,臥室沒有床,zh-TW
Between the Frames...,幀與幀之間……,zh-TW
Beware of Predatory Contracts!,提防危險契約！,zh-TW
"Bewegend! Schachgespenst hilft echtem Geist, ewige Ruhe zu finden!",感人！棋鬼償夙願，英靈得往生！,zh-TW
Bewertung der Frühphase,幼年期診斷,zh-TW
Bewertung der Jugendphase,青年期診斷,zh-TW
Bewertung der Kindheitsphase,少年期診斷,zh-TW
Bewertung von Phase I,第一階段診斷,zh-TW
Bewertung von Phase II,第二階段診斷,zh-TW
Bewertung von Phase III,第三階段診斷,zh-TW
Bewertungspistole,評分槍,zh-TW
Bi Bong Bóng,氣泡彈珠,zh-TW
Bia Đá? Đây Là Cái Gì? Ăn Thử Xem.,石碑？這是什麼？吃一下。,zh-TW
Bidak Kemenangan Cerydra,刻律德菈的決勝棋子,zh-TW
BigBrother,智械大哥看著你,zh-TW
BigTailsAWESOME,大尾巴噠噠,zh-TW
Bigger is Better,大就是好,zh-TW
Bimbingan Dromas,大地獸的指引,zh-TW
Bimbingan Orang Xianzhou,仙舟人指路,zh-TW
Bintang Beruntung Galaksi,銀河幸運星,zh-TW
BintangTakdir,命中註定的星辰,zh-TW
Bip! Daftar Wajib Main di Planarcadia,滴！樂園打卡必玩榜,zh-TW
Bisnis Doa 1,禱言營業•其一,zh-TW
Bisnis Doa 2,禱言營業•其二,zh-TW
Bisnis Doa 3,禱言營業•其三,zh-TW
Bisnis Doa 4,禱言營業•其四,zh-TW
Bisnis Doa 5,禱言營業•其五,zh-TW
Bisnis Doa 6,禱言營業•其六,zh-TW
Bisnis Doa 7,禱言營業•其七,zh-TW
Bisnis Doa: Interlud,禱言營業•幕間劇,zh-TW
Bitte und Danke,請、謝謝,zh-TW
Bitte_lächeln,趙相機,zh-TW
Bitter Blacksoil,苦苦黑土,zh-TW
Bitterer Schwarzlehm,苦苦黑土,zh-TW
Bizarrer Müll,古怪的垃圾,zh-TW
Biên Tập Phim,影片剪輯,zh-TW
Biến Mất Trong Mưa,消逝在雨中,zh-TW
Biển Mây,雲海,zh-TW
Blade,刃,zh-TW
Blanc-bec,初出茅廬,zh-TW
Blaue Lichtstufe,藍光級,zh-TW
Blaze Out of Space,外宇宙之炎,zh-TW
Blazing Meteor,赤焰流星,zh-TW
"Bleib zurück, ich hab Angst",別過來，我害怕,zh-TW
"Blendende Ninja, auch bekannt als Rappa",繚亂忍俠•AKA•亂破,zh-TW
Blind für Gesichter,臉盲症,zh-TW
Bliss4Years,歲月靜好,zh-TW
Blissdream Planet,甜夢星球,zh-TW
Blitzfrost,速凍,zh-TW
Blitzmeldung,動態快報,zh-TW
Blizzard,暴雪,zh-TW
Blocage d'attaque,攻擊攔截,zh-TW
Bloodstained Lupine,浴血人狼,zh-TW
BloomingDance_vs_DancingBloom,飛花又見飛花,zh-TW
Bloqueado y cargado,炮火上膛,zh-TW
Bloqueio de Computação,算力鎖定,zh-TW
Bloqueo informático,算力鎖定,zh-TW
Blue Light Level,藍光級,zh-TW
Boas-vindas ao Desfile Negro,別給我燒紙,zh-TW
BobaDoce_Pra_DoceGui,請桂桂喝冰糖豆汁,zh-TW
Bode Expiatório Dourado,黃金替罪羔羊,zh-TW
Body and Soul Restored,身心被治癒,zh-TW
Body of Frost,寒冰軀體,zh-TW
BokapKandung_Kamoe,你的親生父親,zh-TW
Bola Toca-Toca,咚咚球,zh-TW
Bola Tok-Tok,咚咚球,zh-TW
Boletín buscasueños,《逐夢客快訊》,zh-TW
Bolinho_Das_Nuvens,雲上五嬌,zh-TW
Bom Kẹo,糖果炮彈,zh-TW
Bom Sentimental Sampo,桑博的多情爆彈,zh-TW
Bom Sukma Menular,傳染型心靈炸彈,zh-TW
Bom Tâm Trí Truyền Nhiễm,傳染型心靈炸彈,zh-TW
Bom Đa Tình Của Sampo,桑博的多情爆彈,zh-TW
Bom-Bom Anjing Laut,豹豹碰碰大作戰,zh-TW
Bomb en Masse,火熾轟炸,zh-TW
Bomba Psíquica Contagiosa,傳染型心靈炸彈,zh-TW
Bomba de Doces,糖果炮彈,zh-TW
Bomba do Amor do Sampo,桑博的多情爆彈,zh-TW
Bomba em Massa,火熾轟炸,zh-TW
Bomba incendiaria,火熾轟炸,zh-TW
Bomba mental contagiosa,傳染型心靈炸彈,zh-TW
Bombardeio Antimatéria,反物質重炮,zh-TW
Bombardeio Apagador,抹消炮攻,zh-TW
Bombardeio Crinalva,鐵衛重炮,zh-TW
Bombardement,火熾轟炸,zh-TW
Bombardement d'antimatière,反物質重炮,zh-TW
Bombardeo Crinargenta,鐵衛重炮,zh-TW
Bombardeo antimateria,反物質重炮,zh-TW
Bombardeo de supresión,抹消炮攻,zh-TW
Bombe d'amour de Sampo,桑博的多情爆彈,zh-TW
Bombe psychique contagieuse,傳染型心靈炸彈,zh-TW
Bonbon-Bombe,糖果炮彈,zh-TW
Bonbonbombe,糖果炮彈,zh-TW
Bondinho,電車,zh-TW
Bonds Intertwined,羈絆交織,zh-TW
Boneka Alam Baka,幽府偃偶,zh-TW
Bonne étoile,福星高照,zh-TW
Borboleta da Fantasmagoria: Seele,幻海幽蝶•希兒,zh-TW
Bos Outsourcing,外包老闆,zh-TW
Boss,頭目戰,zh-TW
Boss Stone's Extras,《石頭老闆外傳》,zh-TW
Boss de l'externalisation,外包老闆,zh-TW
Boss du syndicat suprême,真•頭目戰,zh-TW
BotDe_RespostaAutomática,自動回覆好期待機器人,zh-TW
Bot_BalasOtomatis,自動回覆好期待機器人,zh-TW
Bot_RéponseAuto,自動回覆好期待機器人,zh-TW
Botol Lama dan Kawan Baru,舊瓶新友,zh-TW
Botín del tiempo,歲月的饋贈,zh-TW
Bouc émissaire doré,黃金替罪羔羊,zh-TW
Boudchou-galactique,銀河小可愛,zh-TW
Boulder Town Super League,磐岩鎮超級聯賽,zh-TW
BoulierDeJade^_^Loser,變成玉兆廢人,zh-TW
Boussole éternelle,羅盤不滅,zh-TW
Boutique de monsieur Patfroide,寒腿叔叔的小店,zh-TW
Box #18,第十八號箱子,zh-TW
BoxeadorCultural,文化拳王,zh-TW
Boxeador_Culto,文化拳王,zh-TW
Boxer_mit_Kultur,文化拳王,zh-TW
Boxxxeur-Culturé,文化拳王,zh-TW
Boycott_IPC_NOW!,公司滾出仙舟,zh-TW
Boycott_Xianzhou_NOW!,仙舟滾出公司,zh-TW
Boîte n° 18,第十八號箱子,zh-TW
Brand Showdown,品牌對決,zh-TW
BrandeMartelos,手掄大錘呼呼響,zh-TW
Brasier tombé du ciel,外宇宙之炎,zh-TW
Breakthrough,常值突破,zh-TW
Brief einer unbekannten Frau,陌生女子的來信,zh-TW
BrigadaCazafantasmas5,捉鬼小隊第五人,zh-TW
Brilho Estelar,星芒爍變,zh-TW
Brilho Estelar do Alvorecer,星芒啟明,zh-TW
Brillo del sol y la luna,日月同輝,zh-TW
Bringt dir was bei,誨人不倦,zh-TW
Brise-garde,破敵先鋒,zh-TW
Bromista_hinchajades,搗蛋小臭寶,zh-TW
Bronya,布洛妮婭,zh-TW
BronzenerSpiegel2,鑑爻軒二狗,zh-TW
Brother Hanu's Extras,《哈努兄弟外傳》,zh-TW
BrotherFei,好兄弟阿飛,zh-TW
"Brows Be Smitten, Heart Be Bitten",一扎皺眉，二扎心,zh-TW
BruderInWeiß,白衣居士,zh-TW
Bruine,小雨,zh-TW
Brume toxique,毒霧,zh-TW
Brújula inmortal,羅盤不滅,zh-TW
Brühend heiß,天氣好熱,zh-TW
Brüllendes Inferno,咆哮之火,zh-TW
Buabuabó,嗚嗚伯,zh-TW
Buah Merah,紅果,zh-TW
Bubble Pinball,氣泡彈珠,zh-TW
Bubbly SoulGlad,爆漿蘇樂達,zh-TW
BudayaBoxing,文化拳王,zh-TW
Buddy Minican,同好的小桶,zh-TW
Budi Daya Makhluk Eksotis,異寵拾遺,zh-TW
BuenChico_Fei,好兄弟阿飛,zh-TW
BuenosDeseosDelClubDelTé,愛來自飲茶會,zh-TW
Bufet,自助餐廳,zh-TW
Buffet,自助餐廳,zh-TW
Buffet Cafeteria,自助餐廳,zh-TW
Buffet garni,撲滿衝擊波,zh-TW
Build_the_Eternal_City,共築永恆之城,zh-TW
Buka Nasib Baik,翻翻好符運,zh-TW
BukaPintunya_AkuCurut,開門，我是鼠鼠,zh-TW
Buka_AkuSiTikus,開門我是鼠鼠,zh-TW
BukanKantorHukum,法外事務所,zh-TW
BukanNoob_JadeTile,用牌玩命,zh-TW
BulanBambu,竹霞月,zh-TW
BuleArtesanal®(L),工造司大茶壺,zh-TW
Bule®Artesanal,工造司茶壺,zh-TW
Bunga yang Buruk Rupa,醜陋花朵,zh-TW
BungaHepi,小花有喜,zh-TW
BungaKembar,花開兩朵,zh-TW
Buntes Kampfchaos,「繽紛大亂鬥」,zh-TW
Buntes Kampfchaos,繽紛大亂鬥,zh-TW
Buraco Negro Eterno,永恆黑洞,zh-TW
Burbupinball,氣泡彈珠,zh-TW
Burger Tanah Ganda Renyah,雙層脆土堡,zh-TW
Burger Đất Giòn Hai Tầng,雙層脆土堡,zh-TW
Burro Esperto,機靈小不懂,zh-TW
BurungBeo,複讀機,zh-TW
Buscando a Herta,尋找黑塔,zh-TW
Buta Wajah,臉盲症,zh-TW
Buông Kiếm Cầu An Yên,鑄劍為犁,zh-TW
Buổi Cắm Trại Trên Đồng Tuyết,雪原露營,zh-TW
Bygones Be Bygones,往事隨風,zh-TW
Bám Người,黏人,zh-TW
Bán Kết,半決賽,zh-TW
Bánh Ngọt Xông Lên,點心糕餅向前衝,zh-TW
Báo Cáo Giá Trị Đỉnh,峰值反饋,zh-TW
Báu Vật Diệu Kỳ,奇珍異寶,zh-TW
Bão Băng Giá,凍結風暴,zh-TW
Bão Thời Không,時空暴,zh-TW
Bão Tuyết,暴雪,zh-TW
Bão Táp,颶風,zh-TW
Bé Sparxie,火花花,zh-TW
BéBìPhùDương,浮羊肉肉,zh-TW
Bên Kia Bầu Trời,邀遊天外,zh-TW
Bình Cũ Bạn Mới,舊瓶新友,zh-TW
Bình Rượu Của Feixiao,飛霄的豪飲酒壺,zh-TW
Bình Trà Lớn Của Sở Công Nghiệp,工造司大茶壺,zh-TW
Bình_luận_NHẠT,二樓沒水準,zh-TW
Bí Hội Lập Phương,魔方秘社,zh-TW
Bí Kíp Nhẫn Pháp Săn Bắn Âm Luật,音律狩獵忍法帖,zh-TW
Bí Mật Mộng Đẹp,《美夢大機密》,zh-TW
Bí Ẩn Ngày Và Đêm,晨昏卷隱,zh-TW
Bóng Hình Ảo Ảnh,幻身,zh-TW
Bóng Ma Xâm Chiếm,蝕心影魔,zh-TW
Bóng Tùng Tùng,咚咚球,zh-TW
Bônus de Velocidade Antimatéria,反物質加速,zh-TW
Búa Tay Quay Vù Vù,手掄大錘呼呼響,zh-TW
Búsqueda de mascotas exóticas,異寵拾遺,zh-TW
Búsqueda subterránea del tesoro,地城探寶,zh-TW
Bússola Imortal,羅盤不滅,zh-TW
BücherSindMeinLeben,愛生活愛讀書,zh-TW
Bündnis zwischen Wolf und Krokodil,狼鱷之交,zh-TW
Bướm Ma Biển Ảo - Seele,幻海幽蝶•希兒,zh-TW
BạnDiting,看諦聽+嚎友,zh-TW
Bản Vá Heo Đất,撲滿補丁,zh-TW
Bản Vẽ Công Viên,樂園藍圖,zh-TW
Bảo Hiểm Lớn,大保底,zh-TW
Bảo Hiểm Nhỏ,小保底,zh-TW
Bảo Tàng Lịch Sử Thành Everwinter,冬城博物珍奇簿,zh-TW
Bảo Vệ,守衛,zh-TW
Bảo Vệ Bình Minh,破曉守護,zh-TW
Bảo Vệ Giao Thức Phản Hồi Cốt Lõi,核心響應協議保護,zh-TW
Bất Ngờ Của Mặt Đất,大地的驚喜,zh-TW
Bất ngờ nhận được một tin nhắn MA,突然收到了靈異資訊,zh-TW
Bậc Thầy,銀戰大師,zh-TW
Bậc Thầy Chia Bài,切牌大師,zh-TW
Bậc Thầy Chrysos,黃金大師,zh-TW
Bậc Thầy Ngôn Ngữ,語言高手,zh-TW
Bậc Thầy Nuôi Dưỡng,培育大師,zh-TW
Bậc Thầy Phim Kinh Dị,恐怖片大師,zh-TW
Bậc Thầy Vật Phẩm,道具大師,zh-TW
BậcThầyTươngLai,未來大師,zh-TW
BậcThầyđoánmệnh@Trường Lạc Thiên,長樂天命理大師,zh-TW
BắnTimCộngĐồngMạng,熱心網友馬大姐,zh-TW
Bệnh Mù Mặt,臉盲症,zh-TW
Bịépđổitên,被迫改名的胡瓜,zh-TW
Bỏng Rát,燒灼,zh-TW
Bộ Sưu Tập Của Bài Thủ,牌手珍藏,zh-TW
Bộc Lộ Tài Năng,鋒芒嶄露,zh-TW
Bội Chi Tính Năng,性能透支,zh-TW
Bụi Cát,沙塵,zh-TW
Bức Thư Từ Người Phụ Nữ Xa Lạ,陌生女子的來信,zh-TW
Bức ảnh có ma! Chụp phải những thứ không nên thấy,照片鬧鬼！總是拍到不應該有的東西,zh-TW
Bữa Tiệc Bất Ngờ,驚喜派對,zh-TW
Bữa Tiệc Kịch Độc,烈毒盛宴,zh-TW
C'est un véhicule électrique,這是電動車,zh-TW
C996 행성,C996星球,zh-TW
C996星,C996星球,zh-TW
CAOS NO SET: Ator desaparecido! O motivo vai te deixar HORRORIZADO!,娛樂亂象，主演無故缺席拍攝？原因竟然是…,zh-TW
CASEI com uma ANDROIDE? Uma reflexão congelante,我的仿生人妻子？越想越恐怖,zh-TW
CASO ENCERRADO! Organismo Quântico Misterioso!,破案了，是神秘量子生物！,zh-TW
CHOQUEI!!! Veja esse horror cósmico que pode se MULTIPLICAR!,越想越可怕！會分裂的星際怪物！,zh-TW
CM動画,廣告片,zh-TW
"CONSEGUIMOS a ""Ligação Fantasmagórica""! Vem conferir",收到「鬼來電」錄音了！安排！,zh-TW
CPItoyable,狗公司,zh-TW
CUIDADO com contratos PREDATÓRIOS!,提防危險契約！,zh-TW
Cabinet d'affaires extrajudiciaires,法外事務所,zh-TW
Cabra-BalaoCARNUDA,浮羊肉肉,zh-TW
Cachorro da CPI,公司狗,zh-TW
Cacing Kepanasan,閒不下來,zh-TW
Cadeau de Mem,迷迷贈禮,zh-TW
Cadeau de bienvenue,入園禮遇,zh-TW
Cadeau de l'Arcadia,樂園之禮,zh-TW
Cadeau de l'Express,列車的禮物,zh-TW
Cadeau de l'odyssée,巡星之禮,zh-TW
Cadeau de la comète,飛星之禮,zh-TW
Cadeau de la forge,淬鋒之禮,zh-TW
Cadeau de la lumière,巡光之禮,zh-TW
Cadeau du Stellarium,逴星之禮,zh-TW
Cadeaux de fête,慶典祝禮,zh-TW
Cadena de ruptura,擊破連環,zh-TW
Cafeteria,自助餐廳,zh-TW
Cage invisible,無形之牢,zh-TW
Cahaya Bintang Kejora,星芒啟明,zh-TW
Cahaya Celah Awan,雲隙光,zh-TW
Caixa N.º18,第十八號箱子,zh-TW
Caja número dieciocho,第十八號箱子,zh-TW
Caja sorpresa de los comediantes,喜劇人們的自選福袋,zh-TW
Calendario del torneo,演武賽程,zh-TW
Calibración de emociones,情感模組校準,zh-TW
Calibración existencialista,存在意義校準,zh-TW
Calibrage du module émotionnel,情感模組校準,zh-TW
Calibrage existentiel,存在意義校準,zh-TW
Calibragem Existencial,存在意義校準,zh-TW
Calibração do Módulo Emocional,情感模組校準,zh-TW
CalidadSobreCantidad,寧缺毋濫,zh-TW
Calificación del Jardín,花園評定,zh-TW
"Camilan, Maju!",點心糕餅向前衝,zh-TW
Caminhante dos Sonhos,夢客漫步,zh-TW
Caminho da Ascensão,晉升之路,zh-TW
Caminho da Elite,菁英之路,zh-TW
Caminho da Maestria,大師之路,zh-TW
Caminho da Promessa,新秀之路,zh-TW
Caminho do Crescimento,成長之路,zh-TW
Caminho do Xianzhou,仙舟人指路,zh-TW
Caminho dos Heróis,豪傑之路,zh-TW
Caminho dos Princípios,入門之路,zh-TW
Camino de crecimiento,成長之路,zh-TW
Camino de la ascensión,晉升之路,zh-TW
Camino de la maestría,大師之路,zh-TW
Camino de la promesa,新秀之路,zh-TW
Camino de la élite,菁英之路,zh-TW
Camino de los comienzos,入門之路,zh-TW
Camino de los héroes,豪傑之路,zh-TW
Campanha de Influencer,網路行動,zh-TW
Campaña en la red,網路行動,zh-TW
Campeonato Auu de Chrysos,黃金嗷嗚大師賽,zh-TW
Camping dans la neige,雪原露營,zh-TW
Camping in the Snow,雪原露營,zh-TW
Campo de Batalha Duplo,雙戰場,zh-TW
Campo de batalla doble,雙戰場,zh-TW
Campo de batalla infinito,無限戰域,zh-TW
Can't Be Late Anymore,不能再遲到了,zh-TW
Can't Sit Still,閒不下來,zh-TW
Can't Wait to Grow Up Again,期待又一次長大,zh-TW
Canal Style,生活台,zh-TW
Canal Susto,驚夢電視台,zh-TW
Canal de Arte,藝術台,zh-TW
Canal de Estilo de Vida,生活台,zh-TW
Canal de Filmes,影音台,zh-TW
Canal de arte,藝術台,zh-TW
Canal de entretenimiento,娛樂台,zh-TW
Canal de estilo de vida,生活台,zh-TW
Canal de películas,影音台,zh-TW
Canal do Pop,娛樂台,zh-TW
Cancela-a-CPI!,公司滾出仙舟,zh-TW
Cancela-o-Xianzhou!,仙舟滾出公司,zh-TW
Candle Flame,燭花,zh-TW
Candy Bomb,糖果炮彈,zh-TW
CangkirKeabadian,杯中仙,zh-TW
Canhoneiro Crinalva,銀鬃炮手,zh-TW
Canhão do Vazio,虛灼炮攻,zh-TW
Cannon Strike,銃擊,zh-TW
Canon de la Crinière d'argent,鐵衛重炮,zh-TW
Canon du néant,虛灼炮攻,zh-TW
Canonnier de la crinière d'argent,銀鬃炮手,zh-TW
Cantil da Feixiao,飛霄的豪飲酒壺,zh-TW
Canção Reverberante,頌歌震盪,zh-TW
Cao Thủ,銀戰高手,zh-TW
Cao Thủ Chơi Game,遊戲高手,zh-TW
Cao Thủ Nhịp Điệu,節奏高手,zh-TW
Cao Thủ Thú Đại Địa,大地獸高手,zh-TW
Cao Thủ Đối Chiến,對戰高手,zh-TW
Caos Colorido,繽紛大亂鬥,zh-TW
Caothu_choico,飛棋妙手,zh-TW
Capacidad de análisis multinivel,多層次解析能力測試,zh-TW
Capo,二當家戰,zh-TW
Car le soleil périra,因為太陽將要毀傷,zh-TW
Cara pemasaran immersia horor baru?,恐怖幻戲新的宣傳手段？,zh-TW
Carbonización,燒灼,zh-TW
Card Game Anecdotes,牌友趣事,zh-TW
Cardápio Secreto,隱藏菜單,zh-TW
Career Planning,職業規劃,zh-TW
Carga infatigable,奔襲,zh-TW
Cargamento de mercancía,堆放貨物,zh-TW
Cari Herta,尋找黑塔,zh-TW
Carisma,風采,zh-TW
Carisplendor,風采,zh-TW
Carnage,戮殺,zh-TW
Carnet de route d'Illia,伊利亞遊記,zh-TW
Carnicería,戮殺,zh-TW
Carnificina,戮殺,zh-TW
Carolbeam,頌歌光束,zh-TW
Carolburst,頌歌爆發,zh-TW
Carta de uma Mulher Estranha,陌生女子的來信,zh-TW
Carta de una mujer desconocida,陌生女子的來信,zh-TW
Carta del triunfo de Aventurino,砂金的翻盤籌碼,zh-TW
Case Closed! Mysterious Quantum Organism!,破案了，是神秘量子生物！,zh-TW
Casi muero del susto hoy,今天真是嚇死我了,zh-TW
Caso de homicidio múltiple. ¡No apto para sensibles!,滅門慘案，膽小者請勿點開,zh-TW
Castauperice,蝶遐,zh-TW
Casterico,蝶遐,zh-TW
Castigadorcelestial,天譴之人,zh-TW
Castor Vice,蝶遐,zh-TW
Castorice,蝶遐,zh-TW
Castorice,遐蝶,zh-TW
Catalogue de curiosités du Musée de l'Hiver éternel,冬城博物珍奇簿,zh-TW
Catatan Latihan Pedang Bunga Pertama,初花習劍錄,zh-TW
Catatan Pelarian Penjara Hanu,哈努兄弟越獄記,zh-TW
Catatan Perjalanan Illia,伊利亞遊記,zh-TW
Catatan Supranatural: Foxsomn Tomb,降妖輯錄•狐眠塚,zh-TW
Catatan Supranatural: Locufox Forest,降妖輯錄•談狐林,zh-TW
Catatan Supranatural: Pavilion of Cessation,降妖輯錄•偃息館,zh-TW
Catatan Supranatural: Swallowsong Pavilion,降妖輯錄•燕樂亭,zh-TW
Cauchemar de l'arbitre,裁判的噩夢,zh-TW
CaudasLongasFTW,大尾巴噠噠,zh-TW
CavaleiroDasNuvens_GigaChad,雲騎出征寸草不生,zh-TW
CavaleiroDasNuvensmagnético,磁暴雲騎軍,zh-TW
Cavalo Negro da Trupe,旅團黑馬,zh-TW
Caza de tesoros,循跡覓寶,zh-TW
CazaporEsteñaron,杏核裂手,zh-TW
Caça Subterrânea ao Tesouro,地城探寶,zh-TW
Caça ao Tesouro,循跡覓寶,zh-TW
CaçaFantasmaN5,捉鬼小隊第五人,zh-TW
Caçador de Ventos Vulpe,追風的狐,zh-TW
Cañón del vacío,虛灼炮攻,zh-TW
Cegueira Facial,臉盲症,zh-TW
Celestial Chess Array Map Reward,雲霄棋陣地圖獎勵,zh-TW
CelestialFox,天上仙狐,zh-TW
Centelleo estelar,星芒爍變,zh-TW
CentroCremoso,裡生外熟,zh-TW
Cerah,晴,zh-TW
Cerces verschlingen,吃掉瑟希斯,zh-TW
Ceremonia de Habilidades Estelares de Combate,星天演武儀典,zh-TW
Cerita Horor Dromas,大地獸恐怖故事,zh-TW
Cerita Mistis Foxian,狐齋志異,zh-TW
Cerita Mistis Tak Berkesudahan di Foxsomn Tomb,狐眠塚那邊有很多恐怖傳說,zh-TW
Cerita Sampingan,外傳故事,zh-TW
CerminPetang,半夜照鏡子,zh-TW
Cero cansancio,不累，根本不累,zh-TW
Cerydra,刻律德菈,zh-TW
Cerydra's Winning Piece,刻律德菈的決勝棋子,zh-TW
Cerydras Siegesfigur,刻律德菈的決勝棋子,zh-TW
Cetak Biru Utopia,樂園藍圖,zh-TW
Cette histoire de fantôme va vous faire fondre !,感人！棋鬼償夙願，英靈得往生！,zh-TW
"Ceño desarrugado, corazón azorado",一扎皺眉，二扎心,zh-TW
Cha Ruột Của Bạn,你的親生父親,zh-TW
Chad_Dogão,海盜狗,zh-TW
Chain Breaker,擊破連環,zh-TW
Chair de draka,大地獸恐怖故事,zh-TW
Chama Estelar,星芒戰幕,zh-TW
Chama da Vela,燭花,zh-TW
Chama do Espaço Sideral,外宇宙之炎,zh-TW
ChamaCármicaEterna,業火不盡,zh-TW
Chamas Fulgurantes,燎原之勢,zh-TW
Champ de bataille infini,無限戰域,zh-TW
Champion's Course,冠軍航路,zh-TW
Championnagrouu chryséen,黃金嗷嗚大師賽,zh-TW
ChanchitoArmado_02,裝甲撲滿二型,zh-TW
Changement de destin,易命,zh-TW
Changing Fate,易命,zh-TW
Chaos coloré,「繽紛大亂鬥」,zh-TW
Chaos coloré,繽紛大亂鬥,zh-TW
Chaotische Schienen,紊亂軌道,zh-TW
Chapuzón_AguadelDesfiladero,鱗淵冰泉洗澡,zh-TW
Charge infatigable,奔襲,zh-TW
Chargeur de la Crinière d'argent,鐵衛火銃,zh-TW
Charismacht,風采,zh-TW
Charisplendeur,風采,zh-TW
Charisplendor,風采,zh-TW
Charité,大保底,zh-TW
CharlotDanger,圓清流,zh-TW
Chasing the Fateful Edge,命運逐鋒,zh-TW
Chasse aux créatures insolites,異寵拾遺,zh-TW
Chasse aux trésors souterraine,地城探寶,zh-TW
Chasse aux étoiles,獵星遊戲,zh-TW
Chasseur2Fantomesn°5,捉鬼小隊第五人,zh-TW
Chat_BBCNNBCGPPT,智械大哥看著你,zh-TW
Chaud devant,天氣好熱,zh-TW
Chaud devant,豬突猛進,zh-TW
Chaînes brisées,擊破連環,zh-TW
Chef Tímido,害羞的大廚,zh-TW
Chef d'équipe,資深員工•組長,zh-TW
Chef suprême,獨尊一魁,zh-TW
Chef timide,害羞的大廚,zh-TW
Chef tímido,害羞的大廚,zh-TW
Chefe,頭目戰,zh-TW
Chefe Terceirizado,外包老闆,zh-TW
Cheio de Energia,精力充沛,zh-TW
Chess Master Fay,飛棋妙手,zh-TW
ChevalierDesNuages_GigaChad,雲騎出征寸草不生,zh-TW
Chevalierdesnuages_UnJour,考上雲騎還願,zh-TW
Chez le conseiller d'orientation,職業規劃,zh-TW
Chia sẻ mục tiêu nhỏ,分享一下小目標,zh-TW
Chica joven,年輕的女孩,zh-TW
Chicken_Dinner,炒雞餓,zh-TW
Chien de la CPI,公司狗,zh-TW
Chim Giấy Đại Chiến,摺紙小鳥對對碰,zh-TW
Chimera,奇美拉,zh-TW
Chimera Terunggul,最優秀的奇美拉,zh-TW
Chimera Ưu Tú Nhất,最優秀的奇美拉,zh-TW
"Chimera, Bạn Tốt Nhất Của Con Người",奇美拉，人類最好的夥伴。,zh-TW
"Chimera, Humanity's Best Friend.",奇美拉，人類最好的夥伴。,zh-TW
"Chimera, Sahabat Manusia",奇美拉，人類最好的夥伴。,zh-TW
Chimäre,奇美拉,zh-TW
"Chimären, die besten Freunde des Menschen",奇美拉，人類最好的夥伴。,zh-TW
Chimère,奇美拉,zh-TW
Chimère VS Draka,和奇美拉吵架,zh-TW
Chip Pembalik Keadaan Aventurine,砂金的翻盤籌碼,zh-TW
Chirp_keine_Glatze,啾啾才沒有謝頂呢,zh-TW
Chispa,火花,zh-TW
"Chispa, la ídolo n.º 1 de Planarcadia",二相樂園第一偶像•火花,zh-TW
Chispita,火花花,zh-TW
Chivo expiatorio dorado,黃金替罪羔羊,zh-TW
Chiêu Mộ Thành Viên,成員召募,zh-TW
Chiến Binh Hư Không - Kẻ Chà Đạp,虛卒•踐踏者,zh-TW
Chiến Binh Hư Không - Kẻ Cướp Đoạt,虛卒•掠奪者,zh-TW
Chiến Binh Hư Không - Kẻ Loại Bỏ,虛卒•抹消者,zh-TW
Chiến Tranh Giày Xéo,戰爭的踐踏,zh-TW
Chiến Tranh Tinh Tú,星芒戰幕,zh-TW
Chiến Tranh Tiền Tệ - Trò Chơi Có Tổng Bằng 0,貨幣戰爭•零和遊戲,zh-TW
Chiến Tranh Vũ Trụ,太空大戰爭,zh-TW
Chiến Trường Kép,雙戰場,zh-TW
Chiến Vực Vô Hạn,無限戰域,zh-TW
Chiến Ý Mạnh Mẽ,戰意狂潮,zh-TW
Chiết Xuất Lạnh,低溫榨取,zh-TW
Cho Thuê Vị Trí Quảng Cáo,廣告位招租,zh-TW
Choc des phoques,豹豹碰碰大作戰,zh-TW
Chocmar TV,驚夢電視台,zh-TW
Chocmar dell'arte,藝術台,zh-TW
Chocmar en cuisine,地獄廚房,zh-TW
Choquant ! Les cris de fantôme au milieu de la nuit viennent d'une créature ?,震驚！半夜鬼哭竟是異獸所為？,zh-TW
Choque de Pássaro de Origami,摺紙小鳥對對碰,zh-TW
Choque de pajaritos de papel,摺紙小鳥對對碰,zh-TW
Chromatic Trashcan,七色垃圾桶,zh-TW
Chromatische Mülltonne,七色垃圾桶,zh-TW
Chronik des Schwertkämpfers,劍俠紀事,zh-TW
Chroniques d'un chronomètre,《鐘錶環遊記》,zh-TW
Chroniques de la Guerre des Ætherae,塵靈亂世錄,zh-TW
Chronometer Chronicles,《鐘錶環遊記》,zh-TW
Chrysos Awoo Championship,黃金嗷嗚大師賽,zh-TW
Chrysos Bath Salts,黃金浴鹽,zh-TW
Chrysos Champion,黃金大師,zh-TW
Chrysos-Badesalz,黃金浴鹽,zh-TW
Chrysos-Restaurant im Wirrgarten,黃金迷境大飯店,zh-TW
Chung Kết,總決賽,zh-TW
Chutes de neige modérées,中雪,zh-TW
Chuva de Areia Branca,白砂之雨,zh-TW
Chuva de Chama Purificadora,淨炎之雨,zh-TW
Chuva de Peixes,魚雨,zh-TW
Chuva de Sapos,青蛙雨,zh-TW
Chuva de Sol,晴天雨,zh-TW
Chuva Ácida,酸雨,zh-TW
ChuvaVentoArcoIris7854,風雨彩虹7854,zh-TW
Chuyên Gia Chống Tham Nhũng,反貪「磚」家,zh-TW
Chuyên Gia Triển Lãm,展會達人,zh-TW
Chuyên Gia Đánh Thuê,專業代打,zh-TW
Chuyến Phiêu Lưu Mộng Mơ,《迷夢大冒險》,zh-TW
Chuyện Cũ Trôi Theo Gió,往事隨風,zh-TW
Chuyện Kinh Dị Về Thú Đại Địa,大地獸恐怖故事,zh-TW
Chuyện Vui Của Bạn Chơi Bài,牌友趣事,zh-TW
Chuông Chiều Thở Dài,晚鐘的嘆息,zh-TW
Chuẩn Bị Đầy Đủ,全面備戰,zh-TW
Chuẩn Bị Định Dạng,格式化準備,zh-TW
CházinDeStartaro,星芋嘿嘿,zh-TW
Chân Ướt Chân Ráo,初出茅廬,zh-TW
Chèn Vào Tạm Thời,臨時插值,zh-TW
ChèvreGlobeJoufflu,浮羊肉肉,zh-TW
Chìm Trong Vong Xuyên Của Người Sống,沉於生者的忘川,zh-TW
Chí Lớn Của Bồ Câu Biển,滄海鴿壯志,zh-TW
Chíp_Không_Hói,啾啾才沒有謝頂呢,zh-TW
Chó Công Ty,公司狗,zh-TW
Chó_Hải_Tặc,海盜狗,zh-TW
Chơi Cùng Bartholos,和巴特魯斯一起玩,zh-TW
Chơi Cùng Bartholos (II),和巴特魯斯一起玩•其二,zh-TW
Chạy Điên Cuồng,瘋跑,zh-TW
Chấm Dứt Loạn Thế,終結亂世,zh-TW
Chấn Động Ca Tụng,頌歌震盪,zh-TW
Chấn Động Heo Đất,撲滿波動,zh-TW
Chất Cơ,肌質,zh-TW
Chế Độ An Toàn,安全模式,zh-TW
Chế Độ Dễ,簡單模式,zh-TW
Chế Độ Khó,困難模式,zh-TW
Chế Độ Khẩn Cấp,應急模式,zh-TW
Chỉ Dẫn Của Thú Đại Địa,大地獸的指引,zh-TW
Chỉ Riêng Mình Gui,獨愛小桂,zh-TW
Chỉnh Sửa Trạng Thái Bình Thường,常態矯正,zh-TW
Chị Em Tốt Shun,好姐妹小順,zh-TW
ChịđạiYo,大悠姐,zh-TW
Chờ Trời Tối 123,等天黑123,zh-TW
Cible à l'arrière,後排目標,zh-TW
Ciclo de sufrimiento,痛苦連環,zh-TW
Ciclo de vida y muerte,生死輪迴,zh-TW
Ciclos da Dor,痛苦連環,zh-TW
Ciclón,颶風,zh-TW
Cidadão Amante de Literatura,熱愛文學的公民,zh-TW
Cidadão Trabalhador,奮鬥的公民,zh-TW
Cielo de fulgor marcial (Parte 1),明霄競武試鋒芒•上,zh-TW
Cielo de fulgor marcial (Parte 2),明霄競武試鋒芒•下,zh-TW
Cien mil porqués,十萬個為什麼,zh-TW
Cinoche+,影音台,zh-TW
Cinquième anomalie,第五次,zh-TW
CintaDariPerhimpunanTeh,愛來自飲茶會,zh-TW
Cintaku_LilGui,唯愛、小桂子,zh-TW
Cipher,賽飛兒,zh-TW
Ciptaan Ruan Mei,阮•梅造物,zh-TW
Circle of Life and Death,生死輪迴,zh-TW
Cirene,昔漣,zh-TW
Cisalhamento de Vento de Abertura,風化漏洞,zh-TW
Citoyen fan de littérature,熱愛文學的公民,zh-TW
Citoyen travailleur,奮鬥的公民,zh-TW
Ciudadano trabajador,奮鬥的公民,zh-TW
CiênciaDiária_Gerdaki,葛大錘科普,zh-TW
Clamor de los valientes,一聲勇者的吶喊,zh-TW
Clara,克拉拉,zh-TW
Clara ALED,磅磅•克拉拉,zh-TW
Clara Bang Bang,磅磅•克拉拉,zh-TW
Clara Boom-Boom,磅磅•克拉拉,zh-TW
Clara do Robozão,磅磅•克拉拉,zh-TW
Classe S+ do Xianzhou,仙舟戰力top榜,zh-TW
Classificatórias - Rodada 1,海選賽第一輪,zh-TW
Classificatórias - Rodada 2,海選賽第二輪,zh-TW
Classificatórias - Rodada 3,海選賽第三輪,zh-TW
Clava do Alvorecer,破曉重拳,zh-TW
Cleansing,淨化清理,zh-TW
Clear Data,資料清除,zh-TW
Clear~Flow~,圓清流,zh-TW
Clingy,黏人,zh-TW
Clipshow,總集篇,zh-TW
ClochesDeMinuit,晚鐘的嘆息,zh-TW
Clockie: Dreamjoy Memoir,《鐘錶小子：美夢往事》,zh-TW
Clockie: Kenangan Mimpi Indah,《鐘錶小子：美夢往事》,zh-TW
Clothes,衣服,zh-TW
Cloud Knight ออกล่า แม้แต่หญ้าก็ไม่งอก,雲騎出征寸草不生,zh-TW
Cloud Knight ให้สาบาน,考上雲騎還願,zh-TW
CloudKnightMagnet,磁暴雲騎軍,zh-TW
CloudKnight_BikinGeger,雲騎出征寸草不生,zh-TW
CloudKnight_GigaChad,雲騎出征寸草不生,zh-TW
Cloudford,流雲渡,zh-TW
Cloudmaker,雲彩製造機,zh-TW
Clouds Leave No Trace,雲無留跡,zh-TW
Club de combat,搏擊俱樂部,zh-TW
Club de la Pelea,搏擊俱樂部,zh-TW
Club_Hex,魔方秘社,zh-TW
Clube Hex,魔方秘社,zh-TW
Clube da Luta,搏擊俱樂部,zh-TW
Cocina infernal,地獄廚房,zh-TW
Code de vitesse,程式碼關頭,zh-TW
Code for Speed,程式碼關頭,zh-TW
Code mystique conceptuel,概念禮裝,zh-TW
Codo a codo,狼狽為奸,zh-TW
CofrinhoDeArmadura_N2,裝甲撲滿二型,zh-TW
Cofrinhos Fantásticos e Onde Habitam,神奇撲滿與它們的產地,zh-TW
"Cogumelos desconhecidos são amigos, NÃO COMIDA!",家人們，來路不明的蘑菇不要隨便亂吃啊,zh-TW
Cogwheel Planet,齒輪星球,zh-TW
Cohésion de la meute,狼狽為奸,zh-TW
Coisas estranhas acontecem na casa abandonada,鬧鬼凶宅怪事不斷,zh-TW
Coladulce,溫柔的大尾巴,zh-TW
Colar,項鍊,zh-TW
Colección de focas,海豹蒐集,zh-TW
Colección de tácticas,戰術蒐集,zh-TW
Coleta de Questionários,問卷蒐集,zh-TW
Coleção de Focas,海豹蒐集,zh-TW
Coleção de Táticas,戰術蒐集,zh-TW
Coleção dos Jogadores,牌手珍藏,zh-TW
Colisión,衝撞,zh-TW
Collar,項鍊,zh-TW
Colleague suddenly feels like a totally different person...,同事好像換了個人一樣……,zh-TW
Collection de phoques,海豹蒐集,zh-TW
Collection des joueurs,牌手珍藏,zh-TW
Collier,項鍊,zh-TW
Colorful Mayhem,繽紛大亂鬥,zh-TW
Com Amor se Cresce Melhor,陪伴促進成長,zh-TW
Coma passager,深度昏迷，但一秒,zh-TW
Comandante do Combate Prateado,銀戰領袖,zh-TW
Comando Crinalva,鐵衛號令,zh-TW
Comando Rápido,快速指令,zh-TW
Comando de la Estación Espacial,太空站特派,zh-TW
Comando rápido,快速指令,zh-TW
Comatose for but a Second,深度昏迷，但一秒,zh-TW
Combat Master,對戰高手,zh-TW
Combate dos Aviões Pixelados,像素飛機大亂鬥,zh-TW
CombatientesTOP_Xianzhou,仙舟戰力top榜,zh-TW
Combattre le feu par le feu,以子之矛，攻我之盾,zh-TW
"Come With Me, Take the Journey",重返群星之旅,zh-TW
Comedians' Lucky Grab Bag,喜劇人們的自選福袋,zh-TW
Comemorando esse Dia INCRÍVEL,紀念這美好的一天,zh-TW
ComerRezarAmar,愛生活愛讀書,zh-TW
Comercial,廣告片,zh-TW
Comienzo de misión de acompañante,同行任務開啟,zh-TW
Comienzo de misión de acompañante,同行任務開放,zh-TW
Comienzo triunfal,旗開得勝,zh-TW
Commandant du combat d'argent,銀戰領袖,zh-TW
Commandement de la Crinière d'argent,鐵衛號令,zh-TW
Commemorating This Joyous Day,紀念這美好的一天,zh-TW
Commencement Reception,入園禮遇,zh-TW
Comment se perdre pour mieux réussir : la stratégie à zéro crédit,虧成首富，從不要錢開始,zh-TW
Comment une jeune fille s'est libérée de la pression du travail !,職場壓力巨大，少女欲遠走天外,zh-TW
Commercial,廣告片,zh-TW
Commémorons cette journée radieuse,紀念這美好的一天,zh-TW
Como Amanhã se Tornou Ontem,成為昨日的明天,zh-TW
Como Chegar ao Topo Perdendo Dinheiro: A Estratégia Sem Capital,虧成首富，從不要錢開始,zh-TW
Como el rocío de la mañana,譬如朝露,zh-TW
ComoQqrCoisa,什麼都吃,zh-TW
Como_de_todo,什麼都吃,zh-TW
Compagnons de voyage,旅途相伴,zh-TW
Compagnons stellaires,千星旅伴,zh-TW
Companheiros Estelares,千星旅伴,zh-TW
Companheiros de Viagem,旅途相伴,zh-TW
CompanhiaDoRabin,尾巴小跟班,zh-TW
Companion Mission,同行任務,zh-TW
Companion Mission Available,同行任務開啟,zh-TW
Companion Mission Available,同行任務開放,zh-TW
Companionship Fosters Growth,陪伴促進成長,zh-TW
Compass Undead,羅盤不滅,zh-TW
Compañeros de viaje,旅途相伴,zh-TW
Compañía Auuuu,嗷嗚嗷嗚事務所,zh-TW
Complainer,說怪話,zh-TW
Compte_supprimé,使用者已註銷,zh-TW
Compteur de PV,生命計數,zh-TW
Computation Lock,算力鎖定,zh-TW
Con Dê Gánh Tội Vàng,黃金替罪羔羊,zh-TW
Con Rối Cõi Âm,幽府偃偶,zh-TW
Con amor se crece mejor,陪伴促進成長,zh-TW
Con Đường Bậc Thầy,大師之路,zh-TW
Con Đường Hào Kiệt,豪傑之路,zh-TW
Con Đường Hứa Hẹn,新秀之路,zh-TW
Con Đường Nhập Môn,入門之路,zh-TW
Con Đường Thăng Hạng,晉升之路,zh-TW
Con Đường Tinh Anh,菁英之路,zh-TW
Con Đường Trưởng Thành,成長之路,zh-TW
Conceptual Mystic Code,概念禮裝,zh-TW
Concessionnaire2Boulier2Jade,回收各代玉兆,zh-TW
Conducteur suppléant,代理列車長,zh-TW
Condutor em Exercício,代理列車長,zh-TW
Conexión de líneas ley,靈脈連結,zh-TW
Conexión en directo,直播連線,zh-TW
Conexão de Linha Ley,靈脈連結,zh-TW
Conexão de Stream,直播連線,zh-TW
Confiance fondamentale détruite,基本的信任呢？,zh-TW
Confiança Básica Violada,基本的信任呢？,zh-TW
Confie_na_Luz_Vire_a_Luz,相信光變成光,zh-TW
Confrontation imminente,決戰將至,zh-TW
Conférence_Feng_Shui,洞天風水講座,zh-TW
ConfíaEnLaLuz_SéLaLuz,相信光變成光,zh-TW
Congelación rápida,速凍,zh-TW
Congelamento Célere,速凍,zh-TW
Congelamento de Abertura,凍結漏洞,zh-TW
Connexion au stream,直播連線,zh-TW
Connexion aux lignes telluriques,靈脈連結,zh-TW
Conselheiro Banana da Fortuna do Escritório Bananacadêmico,蕉研組的財富蕉師,zh-TW
Conserto Automático,自動修復,zh-TW
ConsistentUpdater123,絕不拖更123,zh-TW
Consolation,小保底,zh-TW
Constituição de Notívago,熬夜聖體,zh-TW
Constitution du noctambule,熬夜聖體,zh-TW
Construindo Sonhótimo,築造美夢,zh-TW
Construindo_a_Cidade_Eterna,共築永恆之城,zh-TW
ConstruirLaCiudadEterna,共築永恆之城,zh-TW
Construire_La_Cité_Éternelle,共築永恆之城,zh-TW
Construyendo el sueño,築造美夢,zh-TW
Consumação Lupina,狼噬,zh-TW
Conta_Excluída,使用者已註銷,zh-TW
Contador de PV,生命計數,zh-TW
Contagem de PV,生命計數,zh-TW
Contagious Psych Bomb,傳染型心靈炸彈,zh-TW
Contes fantastiques,評書奇譚,zh-TW
Contes foxiens de l'étrange,狐齋志異,zh-TW
Contienda cósmica,太空大戰爭,zh-TW
Continuación trazacaminos,開拓續聞,zh-TW
Continue Crescendo,繼續長大,zh-TW
Continue à tout gâcher,你也太寵牠了吧,zh-TW
Continuidade de Desbravamento,開拓續聞,zh-TW
Continuité pionnière,開拓續聞,zh-TW
Contos do Fantástico,評書奇譚,zh-TW
Contrat Fate : Renouveau,命運契約•再啟,zh-TW
"Contrata-se Gênio, Urgente!",等一位天才上線！,zh-TW
Contrato Fate: Renovación,命運契約•再啟,zh-TW
Contre les vents,逆風而行,zh-TW
Cooling Bath Salts,冰爽浴鹽,zh-TW
Core Response Protocol Protection,核心響應協議保護,zh-TW
CorneilleGlaciale,寒冷烏鴉,zh-TW
Coroa do Mundano e do Divino,庸與神的冠冕,zh-TW
Corpo de Gelo,寒冰軀體,zh-TW
Corpo e Alma Restaurados,身心被治癒,zh-TW
Corps de givre,寒冰軀體,zh-TW
Corps et âme restaurés,身心被治癒,zh-TW
Corra Como Louco,瘋跑,zh-TW
Corredor de Ecos Atenuados,殘響迴廊,zh-TW
Correnteza de Cartas,牌山倒海,zh-TW
Correr como loco,瘋跑,zh-TW
Correção Normal,常態矯正,zh-TW
Corrida do Porquinho,豬突猛進,zh-TW
Corrida dos Lanchinhos,點心糕餅向前衝,zh-TW
Corridor of Fading Echoes,殘響迴廊,zh-TW
Corrientes de guerra,戰意狂潮,zh-TW
Corrupting Shadowfiend,蝕心影魔,zh-TW
Cortafuegos,防火牆,zh-TW
Corte Espoliador,掠奪斬擊,zh-TW
Corte de saqueo,掠奪斬擊,zh-TW
Cortina de fuego,炮擊,zh-TW
Corvo_Frígido,寒冷烏鴉,zh-TW
Corvées de l'Express,列車值日,zh-TW
Cosmic Cutiepie,銀河小可愛,zh-TW
Cosmic Data Roaming,銀河訊號漫遊,zh-TW
Cosmic Home Décor Guide,宇宙家裝指南,zh-TW
Cosmic Lucky Prize,銀河幸運星,zh-TW
Cosmic Reputation Rank,銀河聲望等級,zh-TW
Cosmic Trailblaze,銀河開拓,zh-TW
Cosmic Warfare,太空大戰爭,zh-TW
CosmicDramaChaser_Jr.,宇宙小矯情,zh-TW
CosmicDramaChaser_Sr.,宇宙大矯情,zh-TW
Cosmicombate! Que Rolem os Dados de Novo!,繼續擲骰！戰力黨！,zh-TW
Cosmicombate! Que Rolem os Dados!,擲骰吧！戰力黨！,zh-TW
"Cosmicon, Roll On Again!",繼續擲骰！戰力黨！,zh-TW
"Cosmicon, Roll On!",擲骰吧！戰力黨！,zh-TW
Cosmodisea,星間旅行,zh-TW
Cosmodisea,銀河大富翁,zh-TW
Cosmodisseia,星間旅行,zh-TW
Cosmodisseia,銀河大富翁,zh-TW
Cosmodyssey,星間旅行,zh-TW
Cosmodyssey,銀河大富翁,zh-TW
Cosmopoly,星間旅行,zh-TW
Cosmopoly,銀河大富翁,zh-TW
CosteDeVida_Inflado,脹五甲,zh-TW
Costumbres festivas adorables,可愛的節日習俗,zh-TW
Couloir des échos faiblissants,殘響迴廊,zh-TW
Coup de bélier,衝撞,zh-TW
Coup de grâce,致命一擊,zh-TW
Courir sans s'arrêter,瘋跑,zh-TW
Couronne du commun et du divin,庸與神的冠冕,zh-TW
Courtes vidéos anti-stress,解壓小影片,zh-TW
Coutumes de vacances adorables,可愛的節日習俗,zh-TW
Couvre-chef,頭飾,zh-TW
Covering Support,掩護支援,zh-TW
Covil do Demônio Rei,魔王巢穴,zh-TW
Cozinha Infernal,地獄廚房,zh-TW
Creación de Ruan Mei,阮•梅造物,zh-TW
Creanubes,雲彩製造機,zh-TW
Creeping Cold,漸凍,zh-TW
Crepuscular Rays,雲隙光,zh-TW
Crepúsculo oculto,晨昏卷隱,zh-TW
Crescendo Juntos?,一同成長？,zh-TW
CriaNuvens,雲彩製造機,zh-TW
Criação da Ruan Mei,阮•梅造物,zh-TW
Crioextracción,低溫榨取,zh-TW
Criptoextração,低溫榨取,zh-TW
Critter Pick,異寵拾遺,zh-TW
Croisade cauchemardesque,《噩夢大作戰》,zh-TW
Crown of the Mundane and Divine,庸與神的冠冕,zh-TW
Cryo-Extraction,低溫榨取,zh-TW
Cryo-extraction,低溫榨取,zh-TW
Crème de la Crème,獨當一面,zh-TW
Création de Ruan Mei,阮•梅造物,zh-TW
Crónicas bélicas de los eterae,塵靈亂世錄,zh-TW
Crônicas de Exorcismo: Floresta Repouso das Raposas,降妖輯錄•談狐林,zh-TW
Crônicas de Exorcismo: Mausoléu Sonhos Vulpes,降妖輯錄•狐眠塚,zh-TW
Crônicas de Exorcismo: Pavilhão Canção da Andorinha,降妖輯錄•燕樂亭,zh-TW
Crônicas de Exorcismo: Pavilhão da Interrupção,降妖輯錄•偃息館,zh-TW
"Cuacanya Bagus Sekali, Ayo Pelihara!",天氣真好，養牠！,zh-TW
Cuacanya Panas Sekali,天氣好熱,zh-TW
Cuando suena la Armonía...,諧樂響起時……,zh-TW
"Cuanto más grande, mejor",大就是好,zh-TW
CuartetoDelTalentoDelAstroesquife,星槎海四大才子,zh-TW
Cuatro Formidables,四天王戰,zh-TW
Cubito azul oscuro,深藍的小桶,zh-TW
Cubito compañero de afición,同好的小桶,zh-TW
Cubito escarchado,冰封的小桶,zh-TW
Cubito rebuscador de basura,拾荒的小桶,zh-TW
Cubito responsable,負責的小桶,zh-TW
Cubo de Basura peligrosa,有害垃圾的桶,zh-TW
Cubo de basura,垃圾桶,zh-TW
Cubo de basura cromático,七色垃圾桶,zh-TW
Cubo de basura inteligente,智慧型垃圾桶,zh-TW
Cubo de tres acciones por turno,一輪三動的桶,zh-TW
Cubo del intercambio equivalente,等價交換的桶,zh-TW
Cubo del montón,人山人海的桶,zh-TW
Cubo sacrificado,捨己為人的桶,zh-TW
Cuchilla antimateria,反物質刀鋒,zh-TW
Cuchillo de caza,狩獵之刃,zh-TW
Cuerpo helado,寒冰軀體,zh-TW
Cuerpo y mente curados,身心被治癒,zh-TW
CuervoFrío,寒冷烏鴉,zh-TW
Cuestiones filosóficas,哲學問題,zh-TW
Cui,葵,zh-TW
"Culinária ""Terrestre""...?",大地料理……？,zh-TW
Cultured_Boxxxr,文化拳王,zh-TW
Cura Milagrosa NutriTesouros,寶餌堂靈丹妙藥,zh-TW
Curandeiro da Hiper-Velocidade,最速奶爸,zh-TW
CurlyBeardy,虯髯客,zh-TW
Currency Wars: Zero-Sum Game,貨幣戰爭•零和遊戲,zh-TW
"Cuánto tiempo sin vernos, camarada",搭檔，好久不見。,zh-TW
CuồngPhongNổiGió,狂風吹,zh-TW
Cuộc Chiến Aetherium,乙太戰線,zh-TW
Cuộc Chiến Chén Thánh Huyễn Tạo,幻造：聖杯戰爭,zh-TW
Cuộc Hành Trình Trong Đêm Trường,長日入夜行,zh-TW
Cuộc Họp Bữa Tối,晚餐會議,zh-TW
Cuộc Phiêu Lưu Của Hanu,小小哈努行動,zh-TW
Cuộc Phiêu Lưu Tấc Vuông,方寸大冒險,zh-TW
Cuộc Sống Độc Lập,獨立生活,zh-TW
Cuộc gọi lúc nửa đêm...,總是在半夜收到匿名來電……,zh-TW
Cycle de la souffrance,痛苦連環,zh-TW
Cycle de vie et de mort,生死輪迴,zh-TW
Cycle of Suffering,痛苦連環,zh-TW
Cyclonic Swarm,颶風,zh-TW
Cyrene,昔漣,zh-TW
Cyrène,昔漣,zh-TW
Càng Lớn Càng Tốt,大就是好,zh-TW
Cày Thuê Ảo Kịch Tìm Tôi,幻戲代肝找我,zh-TW
Cá Sấu Xấu Xa Trở Lại,邪鱷歸來,zh-TW
Cá Voi,「鯨魚」,zh-TW
"Các bạn à, Gui Bé Nhỏ cần giúp đỡ!",家人們！這次小桂子來求助了！,zh-TW
Cách Tính Phụ Tải,負載演算,zh-TW
Cách quảng cáo mới mẻ cho ảo kịch kinh dị?,恐怖幻戲新的宣傳手段？,zh-TW
"Cánh Cửa Hé Mở, Ngai Vàng Kết Thúc",門扉之啟，王座之終,zh-TW
Cánh Cửa Không Thể Mở Được Từ Phía Này,門不能從這一側打開,zh-TW
Cáo Trạng Luận Tội,奉辭罰罪,zh-TW
Cáo Đuổi Gió,追風的狐,zh-TW
Câu Lạc Bộ Xuất Sắc Nhất,最佳社團,zh-TW
Câu Lạc Bộ Đấu Quyền,搏擊俱樂部,zh-TW
Cãi Nhau Với Chimera,和奇美拉吵架,zh-TW
Céridra,刻律德菈,zh-TW
Cérydra,刻律德菈,zh-TW
Cífer,賽飛兒,zh-TW
Círculo da Vida e Morte,生死輪迴,zh-TW
Còn:,剩餘：,zh-TW
Còn_Nước_Còn_Tát,游到海水變藍,zh-TW
Có ai gặp một kẻ lập dị cứ muốn đấu cờ ở Trường Lạc Thiên không?,有沒有人在長樂天遇到一個說要比棋的怪人？,zh-TW
Có ai nghe hí khúc ở Khu Vườn Tĩnh Mịch không?,有人聽到綏園那邊有唱戲聲嗎,zh-TW
Có người đã bí mật xây dựng Tháp Phát Tín Hiệu ở Khu Vườn Tĩnh Mịch,綏園有人偷偷建了訊號發射塔,zh-TW
Có rất nhiều truyền thuyết đáng sợ ở Mộ Hồ Miên,狐眠塚那邊有很多恐怖傳說,zh-TW
CóTrờiMớiBiết,天知道,zh-TW
Có_lòng_mời_đến,非誠勿擾,zh-TW
Código Místico Conceitual,概念禮裝,zh-TW
Código Místico Conceptual,概念禮裝,zh-TW
Código de velocidad,程式碼關頭,zh-TW
Cómo llegar a la cima perdiendo dinero: la estrategia sin capital.,虧成首富，從不要錢開始,zh-TW
Cô Gái Trẻ,年輕的女孩,zh-TW
Cô ấy tạo ra bản sao làm việc giúp mình... kết quả là...!,她讓複製人上班，複製人讓她下班,zh-TW
Công Dân Phấn Đấu,奮鬥的公民,zh-TW
Công Dân Yêu Văn Học,熱愛文學的公民,zh-TW
Công Ty Lữ Hành Xianzhou #10,第十仙舟旅行社,zh-TW
Công Viên Giải Trí Bụi Linh,塵靈遊樂園,zh-TW
Cõi Mộng Tầng Cạn,淺層夢境,zh-TW
Cõi Mộng Tầng Sâu,深層夢境,zh-TW
Cùng Nhau Trưởng Thành?,一同成長？,zh-TW
CùngXâyThànhVĩnhCửu,共築永恆之城,zh-TW
Cú Nhảy Lốc Xoáy,渦漩躍襲,zh-TW
Cú Đo Ván,跟你爆了,zh-TW
Cú Đá Bay Rác,垃圾飛踢,zh-TW
Căn nhà ma ám đầy chuyện quái lạ,鬧鬼凶宅怪事不斷,zh-TW
Cơ Giáp Công Ty Do Skott Sắp Xếp,斯科特安排的公司機甲,zh-TW
Cơ Giáp Nhập Ma - Cá Rồng Đèn,入魔機巧•燈晝龍魚,zh-TW
Cơ Giáp Nhập Ma - Nghê Tùy Tùng,入魔機巧•率從狻猊,zh-TW
Cơn Mưa Rực Lửa,淨炎之雨,zh-TW
Cư Sĩ Áo Trắng,白衣居士,zh-TW
Cường Hóa Nền Tảng,背景強化,zh-TW
Cường Hóa Song Song,並行強化,zh-TW
Cường Hóa Đạo Cụ,道具強化,zh-TW
Cải Tiến Công Nghệ,技術更新,zh-TW
Cải Tạo Nội Thất,室內裝修,zh-TW
"Cảm động! Ma Cờ được toại nguyện, linh hồn đã tái sinh!",感人！棋鬼償夙願，英靈得往生！,zh-TW
Cảng Lưu Vân,流雲渡,zh-TW
Cảnh Giới Kiếm Thuật,劍術進境,zh-TW
Cảnh giác hiểm họa từ hiệp ước!,提防危險契約！,zh-TW
Cấp Danh Vọng Ngân Hà,銀河聲望等級,zh-TW
Cấp Sao,星階,zh-TW
Cấp Ánh Sáng Lam,藍光級,zh-TW
Cấp Ánh Sáng Lục,綠光級,zh-TW
Cấp Ánh Sáng Tím,紫光級,zh-TW
Cấp Ánh Sáng Vàng,黃光級,zh-TW
Cấp Ánh Sáng Đỏ,紅光級,zh-TW
Cấu Kết Làm Càn,狼狽為奸,zh-TW
Cầu Trượt,滑梯,zh-TW
Cầu Vồng,彩虹,zh-TW
Cận Vệ Bờm Bạc,銀鬃近衛,zh-TW
Cậu Bé Hư Gây Náo Loạn,搗蛋小臭寶,zh-TW
Cậu Bé Đồng Hồ: Hồi Ký Mộng Đẹp,《鐘錶小子：美夢往事》,zh-TW
Cắn Nát,碎齧,zh-TW
Cỏ Ăn Được,食用草,zh-TW
Cổ Không Đủ Dài,脖子不夠長,zh-TW
Cổ Vũ,鼓舞,zh-TW
Cổ Vũ Mạnh Mẽ,大幅鼓舞,zh-TW
Cổ Vũ Sĩ Khí,鼓舞士氣,zh-TW
Cỗ Máy Cuồng Nhiệt,狂熱機兵,zh-TW
Cỗ Máy Tự Động - Bọ Cánh Cứng,自動機兵•甲蟲,zh-TW
Cỗ Máy Tự Động - Nhền Nhện,自動機兵•蜘蛛,zh-TW
CộngSựLãoĐuôi,尾巴小跟班,zh-TW
Cờ Tỷ Phú Vũ Trụ,星間旅行,zh-TW
Cờ Tỷ Phú Vũ Trụ,銀河大富翁,zh-TW
Cứ Chiều Nó Đi,你也太寵牠了吧,zh-TW
Cứu Viện Bão Táp,颶風營救,zh-TW
Cực hot! Biệt Đội Bắt Ma chiến thắng tà vật vô hình!,超燃！捉鬼小隊力克無形孽物！,zh-TW
Cựu Chiến Binh,銀戰熟手,zh-TW
D007 행성,D007星球,zh-TW
D007星,D007星球,zh-TW
DITES_NON_À_LA_CPI,公司滾出仙舟,zh-TW
DMG yang Diakibatkan,造成傷害,zh-TW
DM_Untuk_InfoKPR,購房意向請私訊,zh-TW
DM_me_4Housing,購房意向請私訊,zh-TW
Dado Triedo,三面骰,zh-TW
Dado de tres caras,三面骰,zh-TW
Daftar Reservasi,預約清單,zh-TW
DagingPuffergoatEmpuk,浮羊肉肉,zh-TW
Daily_Guinaifen,摯愛、桂乃芬,zh-TW
Daiyu Chao Liện,飛翔的岱輿人號,zh-TW
Damage Dealt,造成傷害,zh-TW
DamaiUntukSemuanya,一生平安,zh-TW
Dan Heng - Permansor Terrae,丹恆•騰荒,zh-TW
Dan Heng - จ้าวทระนงคงปฐพี,丹恆•騰荒,zh-TW
Dan Heng – Permansor Terrae,丹恆•騰荒,zh-TW
Dan Heng • Permansor Terrae,丹恆•騰荒,zh-TW
Dancing with the Simians,與猩共舞,zh-TW
Danh Sách Đặt Trước,預約清單,zh-TW
Danh Tiếng Ban Nhạc,樂團聲望,zh-TW
Dano Causado,造成傷害,zh-TW
Dans le monde 2D,做二次元,zh-TW
Dans les tréfonds du Léthé,沉於生者的忘川,zh-TW
Dans un océan de poubelles,人山人海的桶,zh-TW
Danse avec les singes,與猩共舞,zh-TW
Danse martiale des étoiles,星天演武儀典,zh-TW
DanseFlorale_vs_ÀFleurDeDanse,飛花又見飛花,zh-TW
Danza circular Filonoche,破曉輪舞,zh-TW
Dança da Guerra Luminar,星天演武儀典,zh-TW
DançaFlorescente_vs_FlorecimentoDançante,飛花又見飛花,zh-TW
Dapat Pekerjaan yang Aneh Tapi Nyata,之前接到一個很奇怪的工作,zh-TW
Dapur Neraka,地獄廚房,zh-TW
"Dari Rugi Menuju Puncak, Dimulai dari Strategi Nol Biaya",虧成首富，從不要錢開始,zh-TW
DaringMagician1020,送命魔術師1020,zh-TW
Dark Horse of the Troupe,旅團黑馬,zh-TW
Dark Side of the Moon,月之暗面,zh-TW
Das 100.000-Abonnenten-Special ist da!,十萬訂閱紀念特輯出來啦！,zh-TW
Das Blau und Wubbaboo,湛藍星與嗚嗚伯,zh-TW
Das Echo,複讀機,zh-TW
Das Morgen wird zum Gestern,成為昨日的明天,zh-TW
Das Trolley-Problem von Amphoreus,翁法羅斯的列車難題,zh-TW
Das ist ein Elektrofahrzeug,這是電動車,zh-TW
Das macht Spaß,真好玩,zh-TW
Das traditionelle Märchen ...?,傳統童話故事……？,zh-TW
Data Retrieval,資料回收,zh-TW
DatangDariAbyss,我來自深淵,zh-TW
Datangnya Mimpi Indah,美夢降臨,zh-TW
Daten löschen,資料清除,zh-TW
Datenabfrage,資料回收,zh-TW
David_Leloiller,宇宙大矯情,zh-TW
Daybreak Bludgeon,破曉重拳,zh-TW
Daybreak Bulwark,破曉守護,zh-TW
Daybreak Replica Strike,破曉分身斬,zh-TW
Daybreak Rondo,破曉輪舞,zh-TW
Dazugehören,變得合群,zh-TW
Daño infligido:,造成傷害,zh-TW
De Volta à Terra na Noite Eterna,於長夜重返大地,zh-TW
De beaux rêves et le Saint Graal,美夢與聖杯,zh-TW
De l'épée à la bêche,鑄劍為犁,zh-TW
De pesca,去釣魚,zh-TW
De-Stressing Short Videos,解壓小影片,zh-TW
Dealer_JadeAbacus,回收各代玉兆,zh-TW
Debilidad fatal,致命弱點,zh-TW
Debu Pasir,沙塵,zh-TW
Debunking the Haunted House. No More Fake News!,凶宅真相，別再以訛傳訛了,zh-TW
Decent Assist,中堅助力,zh-TW
"Deceptive Familiarity: Known Faces, Unknown Hearts",知人知面不知心，最熟悉的人最陌生！,zh-TW
Decoración de interiores,室內裝修,zh-TW
Decoração de Interiores,室內裝修,zh-TW
Deep Clean,全盤殺毒,zh-TW
Deep Dreamscape,深層夢境,zh-TW
Deep Hypogeum,深層地宮,zh-TW
Deepblue Minican,深藍的小桶,zh-TW
Defective Suppression,損耗壓制,zh-TW
Defeito,故障破損,zh-TW
Defektunterdrückung,損耗壓制,zh-TW
Defense Line,盾陣,zh-TW
"Deixa eu mostrar quem manda aqui, rapidinho",我就曬曬不說話,zh-TW
Deluge of Cards,牌山倒海,zh-TW
Delve Geomancy Seminar,洞天風水講座,zh-TW
DelveAdmin,洞天管理員,zh-TW
Demi Kebebasan,為了自由,zh-TW
Demi Kedamaian,為了和平,zh-TW
Demi-finale,半決賽,zh-TW
Demolidor Anticorrupção,反貪「磚」家,zh-TW
Demon King's Den,魔王巢穴,zh-TW
Demonstração de Aptidão,鋒芒嶄露,zh-TW
Demostración de aptitudes,鋒芒嶄露,zh-TW
Demônio Corruptor da Sombra,蝕心影魔,zh-TW
Denn die Sonne wird bald vergehen,因為太陽將要毀傷,zh-TW
Denn ich habe den Himmel schon berührt,因為我已觸碰過天空,zh-TW
Dentellada pulverizadora,碎齧,zh-TW
Departamento Médico,醫療科,zh-TW
Departamento de Artes Instrumentales,萬有應物科,zh-TW
Departamento de Cognición,光淵密卷科,zh-TW
Departamento de Conhecimento,光淵密卷科,zh-TW
Departamento de Ecologia,星域界種科,zh-TW
Departamento de Ecología,星域界種科,zh-TW
Departamento de Execução de Artes,萬有應物科,zh-TW
Departamento de Geografia Cósmica,寰宇地概科,zh-TW
Departamento de Geografía Galáctica,寰宇地概科,zh-TW
Departamento de Geopolítica Galáctica,銀河法政科,zh-TW
Departamento de Geopolítica de la Galaxia,銀河法政科,zh-TW
Departamento de Medicina,醫療科,zh-TW
Departemen Ekologi,星域界種科,zh-TW
Departemen Geografis Galaksi,寰宇地概科,zh-TW
Departemen Geopolitik Galaksi,銀河法政科,zh-TW
Departemen Medis,醫療科,zh-TW
Departemen Seni Implementasi,萬有應物科,zh-TW
Departemen Wawasan,光淵密卷科,zh-TW
Department of Cosmic Geography,寰宇地概科,zh-TW
Department of Ecology,星域界種科,zh-TW
Department of Galactic Geopolitics,銀河法政科,zh-TW
Department of Implement Arts,萬有應物科,zh-TW
Department of Insight,光淵密卷科,zh-TW
Depuración,淨化清理,zh-TW
Der Drache kehrt heim,龍返其鄉,zh-TW
Der Fall beim Aufgang der Dämmerung,在黎明升起時墜落,zh-TW
Der Fuchsfeengarten wird das ganze Glück der Xianzhou Luofu erschöpfen!,綏園這麼整是要抽乾羅浮仙舟的氣運啊！,zh-TW
"Der Held lächelt, das Leben hängt in der Schwebe",英雄一笑，生死難料,zh-TW
Der Teufel in Samt,天鵝絨裡的惡魔,zh-TW
Der Traum vom Lehm zerfließt im Regen,一場大雨毀了我的吃土夢,zh-TW
Der beste Freund des Menschen,人類最好的朋友,zh-TW
Der beste Klub,最佳社團,zh-TW
Der fliegende Daiyuer,飛翔的岱輿人號,zh-TW
Der maskierte Täuscher,假面怪傑,zh-TW
Der süße Traum rückt näher,美夢降臨,zh-TW
Der unsterbliche Spoiler,劇透仙人,zh-TW
Derrière la silhouette spectrale... l'Essaim !?,鬼怪背後竟是蟲族餘孽？！,zh-TW
Des négociations funestes,一場赴死的和談,zh-TW
Desafio Aberto,自由挑戰,zh-TW
Desafio Extremo,極限挑戰,zh-TW
Desafio Não Pode Rir,不要笑挑戰,zh-TW
Desafio Regular,常規挑戰,zh-TW
Desafio da História,劇情挑戰,zh-TW
Desafío de historia,劇情挑戰,zh-TW
Desafío extremo,極限挑戰,zh-TW
Desafío libre,自由挑戰,zh-TW
Desafíos normales,常規挑戰,zh-TW
Desarrollo mental,腦力啟蒙,zh-TW
Desbravamento Cósmico,銀河開拓,zh-TW
Desbravamento: A Amizade é Mágica!,開拓，友誼魔法！,zh-TW
Desbravamentomon,開拓妖精,zh-TW
Descubra a identidade da DUBLÊ DA DAMA BAILU!!!,扮演白露大人的演員是什麼來歷啊？,zh-TW
Desejo de Exploração,拓宇行疆之志,zh-TW
Deseos_Despreocupados,風隨心,zh-TW
Desert Journey,荒漠之旅,zh-TW
Desfecho Infindável,無盡終結,zh-TW
Despertar entre las olas,於浪花中覺醒,zh-TW
Despertar nas Ondas,於浪花中覺醒,zh-TW
Destin/Étoiles,命中註定的星辰,zh-TW
Destino Cambiante,易命,zh-TW
Destino cambiante,易命,zh-TW
Destino inevitable,一重難逃的命運,zh-TW
Destins à vif,命運逐鋒,zh-TW
Destrucción bélica,戰爭的踐踏,zh-TW
Desvaneciente_en_la_lluvia,消逝在雨中,zh-TW
Detección residual,殘差檢測,zh-TW
Detecção Residual,殘差檢測,zh-TW
"Detente, no te muevas",凍住，不許走,zh-TW
Detonador sentimental de Sampo,桑博的多情爆彈,zh-TW
Deuxième anomalie,第二次,zh-TW
Devaneio Turquesa,清龍入夢,zh-TW
Devoracielos,吞天,zh-TW
Devorador do Céu,吞天,zh-TW
Devorar Cerces,吃掉瑟希斯,zh-TW
Devorar a Cerces,吃掉瑟希斯,zh-TW
Devour Cerces,吃掉瑟希斯,zh-TW
DewaSpoiler,劇透仙人,zh-TW
Di Antara Bingkai-Bingkai ....,幀與幀之間……,zh-TW
Di Bawah Pohon,安於樹下,zh-TW
Di_Patata,趙相機,zh-TW
"Dia Menyuruh Kloning Pergi Kerja, Si Kloning Malah Mengundurkan Diri",她讓複製人上班，複製人讓她下班,zh-TW
Diario de viaje de Ilia,伊利亞遊記,zh-TW
DiarioDeHistoria,天天說史,zh-TW
Diberi Julukan,被取外號了,zh-TW
"Dibutuhkan Orang Jenius, Ditunggu ASAP!",等一位天才上線！,zh-TW
DicariOtak_Udang,鐵頭來找你了,zh-TW
Dice Master Dromas,大地獸高手,zh-TW
Dice Player One,骰號玩家,zh-TW
Dice Soul: A 1700-Year Obsession,骰魂•一千七百年的執念,zh-TW
Dicey Dealings,骰機取巧,zh-TW
Die Familie Landau ... und Pela,朗道一家……以及佩拉,zh-TW
Die IFK ist ein Hund,狗公司,zh-TW
Die Kunst des Heilens,治療的藝術,zh-TW
Die Legende vom Galaktischen Baseballer: Aufbruch,銀河球棒俠傳說：啟程篇,zh-TW
Die Legende vom Galaktischen Baseballer: Teufelskönig,銀河球棒俠傳說：魔王篇,zh-TW
Die Schlacht steht bevor,決戰將至,zh-TW
Die Tür geht von dieser Seite nicht auf,門不能從這一側打開,zh-TW
Die Vollkommenen Vier,四天王戰,zh-TW
Die Welt geht vor die Hunde,世風日下,zh-TW
Die faszinierendste Episode,最聰明、健康、迷人的一集,zh-TW
Die verstorbene Frau meines Nachbarn ist scheinbar heimgekehrt,我鄰居早逝的妻子似乎回家了,zh-TW
Die vorbeiziehende Wolke,雲無留跡,zh-TW
DieExpansion729,浩瀚宇宙729,zh-TW
DieVergangenheitRuht,往事隨風,zh-TW
Diet,節食,zh-TW
Diet Musim Kedua: Menurunkan Berat Badan,節食第二季•減肥,zh-TW
Diet Time,節食,zh-TW
Diet Time Season 2: Weight Loss,節食第二季•減肥,zh-TW
Dieta,節食,zh-TW
Dieta 2: pérdida de peso,節食第二季•減肥,zh-TW
Diga_Xis,趙相機,zh-TW
DikutukLangit,天譴之人,zh-TW
Dilarang Memberi Makan Sampah!,嚴禁投餵垃圾！,zh-TW
Dilemme du tramway amphoréen,翁法羅斯的列車難題,zh-TW
Ding ! Découvrez les Incontournables de l'Arcadia,滴！樂園打卡必玩榜,zh-TW
Ding! Arcadia Fun-Time Clock-In Essentials,滴！樂園打卡必玩榜,zh-TW
Ding! Die ultimative Wunschliste von Arcadia,滴！樂園打卡必玩榜,zh-TW
Ding! Itens Essenciais de Diversão de Arcádia,滴！樂園打卡必玩榜,zh-TW
Ding! Tempo de Diversão Essencial de Arcádia,滴！樂園打卡必玩榜,zh-TW
Dinner Meeting,晚餐會議,zh-TW
Disciple_Premium_EspritsLibres,放生幫頭號大弟子,zh-TW
Disco rayado,複讀機,zh-TW
Discusión con la quimera,和奇美拉吵架,zh-TW
Discutir com a Quimera,和奇美拉吵架,zh-TW
Discípulo_Principal_Abjugado,放生幫頭號大弟子,zh-TW
Disordered Trails,紊亂軌道,zh-TW
Display Fireworks,放個煙火,zh-TW
Dispositivo de Tradução,翻譯機器,zh-TW
Disputa de Marcas,品牌對決,zh-TW
Dissipar Como o Orvalho da Manhã,譬如朝露,zh-TW
Dissuasion,儆懼,zh-TW
Distribution de charge,性能分配,zh-TW
Diting,諦聽,zh-TW
Diting+เพื่อน,看諦聽+嚎友,zh-TW
DitingFreund,看諦聽+嚎友,zh-TW
DitingTail$Luver,我想摸諦聽尾巴,zh-TW
DitingWatcher_followback,看諦聽+嚎友,zh-TW
Diting_ist_flauschig,我想摸諦聽尾巴,zh-TW
Divergent Universe: Arcadian Chronicles,差分宇宙•樂園漫記,zh-TW
Divergent Universe: Catatan Perjalanan Utopia,差分宇宙•樂園漫記,zh-TW
Divergent Universe: Komedi Duniawi,差分宇宙•人間喜劇,zh-TW
Divergent Universe: Pahlawan Seribu Wajah,差分宇宙•千面英雄,zh-TW
Divergent Universe: Protean Hero,差分宇宙•千面英雄,zh-TW
Divergent Universe: The Human Comedy,差分宇宙•人間喜劇,zh-TW
Divergentes Universum: Chroniken von Arcadia,差分宇宙•樂園漫記,zh-TW
Divergentes Universum: Der Tausendgesichtige Held,差分宇宙•千面英雄,zh-TW
Divergentes Universum: Menschliche Komödie,差分宇宙•人間喜劇,zh-TW
Diversión festiva,廟趣滿堂,zh-TW
Divisi Astronomi,星階,zh-TW
Divisi Investigasi Kejadian Gaib Realm-Keeping Commission Datang Melapor!,地衡司特殊現象調查處，前來報到,zh-TW
Division astronomique,星階,zh-TW
División estelar,星階,zh-TW
Divisão Astronômica,星階,zh-TW
"Divisão de Ocorrências Ocultas da Comissão de Manutenção do Reino, reportando!",地衡司特殊現象調查處，前來報到,zh-TW
Divulgâcheur_immortel,劇透仙人,zh-TW
Diário de Viagem de Illia,伊利亞遊記,zh-TW
DiệtgiánXianzhou,消滅仙舟大蠊,zh-TW
Do Guinaifen's vids have any originality?,桂乃芬的影片有任何原創性嗎？,zh-TW
Doanh Nghiệp Thuê Ngoài Xung Kích!,外包企業衝擊！,zh-TW
Doanh Thu Quán Bar,酒吧營收,zh-TW
Doge Chad,海盜狗,zh-TW
Domaine de l'inconnu,模擬宇宙：不可知域,zh-TW
Domainosphère_Admin,洞天管理員,zh-TW
Don des Beaux rêves,築造美夢,zh-TW
Don des âges,歲月的饋贈,zh-TW
DonMartillazos,手掄大錘呼呼響,zh-TW
Dongeng Luar Biasa,評書奇譚,zh-TW
Dongeng Tradisional ...?,傳統童話故事……？,zh-TW
Dono_da_Guinaifen,奶粉奶粉喝奶粉,zh-TW
Doot doot~ Doot doot~,嘟嘟～嘟嘟～,zh-TW
Doot-doot~ Doot-doot~,嘟嘟～嘟嘟～,zh-TW
DoppelBlume,花開兩朵,zh-TW
Doppelter Würfelansatz,骰＋骰是道,zh-TW
Doppelter knuspriger Lehmburger,雙層脆土堡,zh-TW
Doppeltes Schlachtfeld,雙戰場,zh-TW
Dores do Crescimento,成長的煩惱,zh-TW
DormilónPRO,呆呆不早起,zh-TW
DosenOnline,誨人不倦,zh-TW
Double Crispy Dirt Burger,雙層脆土堡,zh-TW
Double Dice Approach,骰＋骰是道,zh-TW
Double approche des dés,骰＋骰是道,zh-TW
Double champ de bataille,雙戰場,zh-TW
Douleurs de croissance,成長的煩惱,zh-TW
DrFeelBad,獨立寒秋,zh-TW
Dracolion obéissant,入魔機巧•率從狻猊,zh-TW
Dragon Reactor Core,龍之爐心,zh-TW
Dragon_incarnate,重生之我是龍王,zh-TW
Dragão-De-Fogo-Indomável,無敵大火龍,zh-TW
Dragão_encarnado,重生之我是龍王,zh-TW
DragónDeFuegoIndomable,無敵大火龍,zh-TW
DragónReencarnado,重生之我是龍王,zh-TW
Draka,大地獸,zh-TW
Draka A,大地獸甲,zh-TW
Draka B,大地獸乙,zh-TW
Draka geignard,說怪話,zh-TW
Draka inconnu,陌生的大地獸,zh-TW
Draka maître des dés,大地獸高手,zh-TW
Draka à moitié enterré,半埋的大地獸,zh-TW
DramaSemesta,宇宙小矯情,zh-TW
Dread,儆懼,zh-TW
Dream Forever,美夢永恆,zh-TW
Dream Ticker,夢境迷鐘,zh-TW
DreamBigly,滄海鴿壯志,zh-TW
Dreamchaser Bulletin,《逐夢客快訊》,zh-TW
Dreamjolt Havoc,《驚夢大危機》,zh-TW
Dreamjolt Prize,電視台謝禮,zh-TW
Dreamjolt TV,驚夢電視台,zh-TW
Dreamjoy Descends,美夢降臨,zh-TW
Dreamjoy Secrecy,《美夢大機密》,zh-TW
Dreamjoy Yield,築造美夢,zh-TW
Dreammyth Escapade,《迷夢大冒險》,zh-TW
Dreamscape Training,夢境訓練,zh-TW
Dreamscare Crusade,《噩夢大作戰》,zh-TW
Dreamwalker,夢客漫步,zh-TW
Drei Mahlzeiten in einem Zug,一氣化三餐,zh-TW
Drei-Sterne-Restaurant,三星級餐廳,zh-TW
Dreiseitiger Würfel,三面骰,zh-TW
Dreizehn Waisen,十三么,zh-TW
Drink Research,調飲研究,zh-TW
DrinkMoreWater,阿生多喝水,zh-TW
Drizzle,小雨,zh-TW
Droma,大地獸,zh-TW
Droma A,大地獸甲,zh-TW
Droma B,大地獸乙,zh-TW
Droma bañado en oro,面塗黃金的大地獸,zh-TW
Droma desconocido,陌生的大地獸,zh-TW
Droma experto,大地獸高手,zh-TW
Droma mit goldbemaltem Gesicht,面塗黃金的大地獸,zh-TW
Droma semienterrado,半埋的大地獸,zh-TW
Droma-Sprache: Von ABC zu RIP,大地獸語，從入門到入土,zh-TW
Droma-Sprache: Von ABC zu SOS,大地獸語，從入門到入院,zh-TW
Dromas,大地獸,zh-TW
Dromas A,大地獸甲,zh-TW
Dromas B,大地獸乙,zh-TW
Dromas Desconhecido,陌生的大地獸,zh-TW
Dromas Horror Stories,大地獸恐怖故事,zh-TW
Dromas Meio Enterrado,半埋的大地獸,zh-TW
Dromas Membagi Kue,大地獸分餅,zh-TW
Dromas Mestre dos Dados,大地獸高手,zh-TW
Dromas Mini Suka Mandi,小地獸愛洗澡,zh-TW
Dromas Tongue: From ABC to CPR,大地獸語，從入門到入院,zh-TW
Dromas Tongue: From ABC to RIP,大地獸語，從入門到入土,zh-TW
Dromas Troupe's Mock Interview,大地獸旅團的模擬面試,zh-TW
Dromas com Rosto Pintado de Ouro,面塗黃金的大地獸,zh-TW
Dromas derrotados por la tierra roja,紅土單殺大地獸,zh-TW
Dromas with Face Painted Gold,面塗黃金的大地獸,zh-TW
Dromas yang Asing,陌生的大地獸,zh-TW
Dromas yang Dilapisi Emas,面塗黃金的大地獸,zh-TW
Dromas yang Setengah Terkubur,半埋的大地獸,zh-TW
Dromas's Cookie Math,大地獸分餅,zh-TW
Dromas's Guidance,大地獸的指引,zh-TW
Dromen-Dolmetscher,大地翻譯,zh-TW
Drominhas Adoram Tomar Banho,小地獸愛洗澡,zh-TW
Drought,乾旱,zh-TW
Dry Thunderstorm,晴雷,zh-TW
Du pareil au même,一樣的，一樣的。,zh-TW
DuBringstMichInsGrab,別給我燒紙,zh-TW
Dual Battlefield,雙戰場,zh-TW
Duel Arkade,街機對戰,zh-TW
Duel Merek,品牌對決,zh-TW
Duel Sengit di Atas Langit Biru: Bagian 1,明霄競武試鋒芒•上,zh-TW
Duel Sengit di Atas Langit Biru: Bagian 2,明霄競武試鋒芒•下,zh-TW
Duel d'arcade,街機對戰,zh-TW
Duell der Meister,巔峰對弈,zh-TW
Duelo Supremo Sob o Azul Imaculado (I),明霄競武試鋒芒•上,zh-TW
Duelo Supremo Sob o Azul Imaculado (II),明霄競武試鋒芒•下,zh-TW
Duelo de Dados da Rua,街骰爭霸,zh-TW
Duelo de Fliperama,街機對戰,zh-TW
Duelo de marcas,品牌對決,zh-TW
Duende trazacaminos,開拓妖精,zh-TW
Dueto Mascarado,假面雙人舞,zh-TW
Dueto enmascarado,假面雙人舞,zh-TW
Dukungan Keluarga,家人的支持,zh-TW
Dulces sueños y el Santo Grial,美夢與聖杯,zh-TW
Dung Nham Hộ Thể,熔岩護體,zh-TW
Dunia Mimpi yang Dalam,深層夢境,zh-TW
Dunia Mimpi yang Dangkal,淺層夢境,zh-TW
Dunkelblaue Minitonne,深藍的小桶,zh-TW
Dunkle Seite des Mondes,月之暗面,zh-TW
Dunn,鄧恩,zh-TW
Duo synergique,戮力雙雄,zh-TW
Dupla Sinergia,戮力雙雄,zh-TW
Durch Verluste zur reichsten Person: Die Kein-Geld-Strategie,虧成首富，從不要錢開始,zh-TW
Durch die Blüten im Land der Ruhe,走過安眠地的花叢,zh-TW
Durchbruch,常值突破,zh-TW
Durchbruch im Protokoll,協議突破,zh-TW
Durchbruch: Rasender Grand Prix,超限：狂飆大獎賽,zh-TW
Durchdringende Granate,破甲榴彈,zh-TW
Dust,沙塵,zh-TW
Duu duu! Duu duu!,嘟嘟～嘟嘟～,zh-TW
Dye,染色,zh-TW
Dysfonctionnement,故障破損,zh-TW
Dâng Tặng Bình Minh Mất Kiểm Soát,獻給破曉的失控,zh-TW
Dây Chuyền,項鍊,zh-TW
Dämmerungsdoppelhieb,破曉分身斬,zh-TW
Dämmerungskeule,破曉重拳,zh-TW
Dämmerungsrondo,破曉輪舞,zh-TW
Dämmerungsschutz,破曉守護,zh-TW
Dè Chừng Rút Lui,戒退,zh-TW
Dè Chừng Sợ Hãi,儆懼,zh-TW
Débrief,晚餐會議,zh-TW
Débâcle à l'aurore,獻給破曉的失控,zh-TW
Déchaînement mélodique,頌歌爆發,zh-TW
Déclin à l'aube naissante,在黎明升起時墜落,zh-TW
Découvrez qui est cette doublure de dame Bailu !,扮演白露大人的演員是什麼來歷啊？,zh-TW
Dédoublement tranchant de l'aube,破曉分身斬,zh-TW
Défi Extrême,極限挑戰,zh-TW
Défis d'histoire,劇情挑戰,zh-TW
Défis libres,自由挑戰,zh-TW
Défis normaux,常規挑戰,zh-TW
Dégâts infligés,造成傷害,zh-TW
Déluge de cartes,牌山倒海,zh-TW
Déluge de coups,溢傷串流,zh-TW
Déluge de lames,一扎皺眉，二扎心,zh-TW
Démonstration d'aptitudes,鋒芒嶄露,zh-TW
Département de cosmographie,寰宇地概科,zh-TW
Département de géopolitique galactique,銀河法政科,zh-TW
Département de l'écologie,星域界種科,zh-TW
Département de la connaissance,光淵密卷科,zh-TW
Département de la mise en œuvre,萬有應物科,zh-TW
Département médical,醫療科,zh-TW
Désastre de l'Essaim,模擬宇宙：寰宇蝗災,zh-TW
Détection résiduelle,殘差檢測,zh-TW
Développement personnel,自我完善,zh-TW
Dévore-ciel,吞天,zh-TW
Dévorer Cercès,吃掉瑟希斯,zh-TW
Dù Sao Cũng Đều Là Màu Đỏ,反正都是紅的,zh-TW
Dürre,乾旱,zh-TW
Dạng Trừng Trị Kẻ Ác,罰惡模式,zh-TW
Dạo Chơi Tín Hiệu Vũ Trụ,銀河訊號漫遊,zh-TW
Dị Mệnh,易命,zh-TW
Dịch Vụ Cầu Nguyện (I),禱言營業•其一,zh-TW
Dịch Vụ Cầu Nguyện (II),禱言營業•其二,zh-TW
Dịch Vụ Cầu Nguyện (III),禱言營業•其三,zh-TW
Dịch Vụ Cầu Nguyện (IV),禱言營業•其四,zh-TW
Dịch Vụ Cầu Nguyện (V),禱言營業•其五,zh-TW
Dịch Vụ Cầu Nguyện (VI),禱言營業•其六,zh-TW
Dịch Vụ Cầu Nguyện (VII),禱言營業•其七,zh-TW
Dịch Vụ Cầu Nguyện - Kịch Giữa Màn,禱言營業•幕間劇,zh-TW
Dọn Dẹp,淨化清理,zh-TW
Dồn Sát Thương Ca Tụng,頌歌爆發,zh-TW
Dời Non Lấp Bể,牌山倒海,zh-TW
E Então Sorriram as Massas,如是，眾生歡笑不已,zh-TW
"E-Sport ist ein Zukunftstrend, digitale Wettkämpfe werden Realität",電子競技成未來趨勢，數位博弈成為現實,zh-TW
"E-Sport jadi trend, game digital jadi kenyataan",電子競技成未來趨勢，數位博弈成為現實,zh-TW
EPIC! Ghost-Hunting Squad majestically OWNS Invisible Abomination!,超燃！捉鬼小隊力克無形孽物！,zh-TW
Earn a total of #1 trial points,累積獲得#1試煉點數,zh-TW
Earth Translations,大地翻譯,zh-TW
Earth's Startle,大地的驚嚇,zh-TW
Earth's Surprise,大地的驚喜,zh-TW
Earth-Style Amnesia Therapy,大地式健忘療法,zh-TW
Earthshaker Leo,獅震八方,zh-TW
Easy Mode,簡單模式,zh-TW
Echoes of Storm,風暴迴響,zh-TW
Echos des Sturms,風暴迴響,zh-TW
Echt: Boss,真•頭目戰,zh-TW
EchterNameOnline,實名上網,zh-TW
Echtes Überholen,物理超車,zh-TW
Eclipse Lunar,月食,zh-TW
Eclipse Solar,日食,zh-TW
Eclipse lunar,月食,zh-TW
Eclipse solar,日食,zh-TW
Ecos Tempestuosos,風暴迴響,zh-TW
Ecos de Outrora (Final),往昔的回音•終,zh-TW
Ecos de Outrora (I),往昔的回音•其一,zh-TW
Ecos de Outrora (II),往昔的回音•其二,zh-TW
Ecos de Outrora (III),往昔的回音•其三,zh-TW
Ecos de Outrora (IV),往昔的回音•其四,zh-TW
Ecos de antaño (I),往昔的回音•其一,zh-TW
Ecos de antaño (II),往昔的回音•其二,zh-TW
Ecos de antaño (III),往昔的回音•其三,zh-TW
Ecos de antaño (IV),往昔的回音•其四,zh-TW
Ecos de antaño (final),往昔的回音•終,zh-TW
Ecos de la tormenta,風暴迴響,zh-TW
Ecuación cero,零號方程式,zh-TW
Edible Grass,食用草,zh-TW
Edición,影片剪輯,zh-TW
Edisi khusus 100k subscribe!,十萬訂閱紀念特輯出來啦！,zh-TW
Edição do Filme,影片剪輯,zh-TW
Efecto de la marea,潮汐效應,zh-TW
Efeito de Cofrinho,撲滿效應,zh-TW
Efeito de Maré,潮汐效應,zh-TW
Efek Trotter,撲滿效應,zh-TW
Effacer les données,資料清除,zh-TW
Effet de marée,潮汐效應,zh-TW
Effets pyrotechniques,放個煙火,zh-TW
Efficiency Optimization,降耗增效,zh-TW
Effizienzoptimierung,降耗增效,zh-TW
"Ei, pessu, a Guizinha tá precisando de ajuda!",家人們！這次小桂子來求助了！,zh-TW
Eignungsdemonstration,鋒芒嶄露,zh-TW
Ein Aufschrei der Tapferen,一聲勇者的吶喊,zh-TW
Ein Brief an dich,給你的一封信,zh-TW
Ein Heulen vom Himmel,天上總是傳來慟哭聲,zh-TW
Ein Pfeifen in stiller Verwüstung,鳴笛於歸寂之時,zh-TW
Ein Phänomen der Raumzeitparallelität!,原來如此！是超時空平行體現象！,zh-TW
Ein fremder Ritter,異邦騎士,zh-TW
Ein paar Worte an alte und neue Fans,寫給新舊粉絲的一些話,zh-TW
Ein todgeweihtes Friedensgespräch,一場赴死的和談,zh-TW
Ein unausweichliches Schicksal,一重難逃的命運,zh-TW
Ein unerwarteter Austausch,一次意外的交流,zh-TW
Ein-Stern-Restaurant,一星級餐廳,zh-TW
EinGaunerSchläftNicht,小淘氣不冷靜,zh-TW
Eine Fuchs-Spukgeschichte,狐齋志異,zh-TW
Eine Reise mit Bergtrashian,與銀袋山同行,zh-TW
"Eine Seelenberuhigung, ein langer Weg voraus",安靈布奠，天清路遠,zh-TW
Eine große galaktische Familie,宇宙一家親,zh-TW
Eine seltene Anekdote,一則鮮見的軼事,zh-TW
Eines langen Tages Reise in die Nacht,長日入夜行,zh-TW
Eingefrorene Minitonne,冰封的小桶,zh-TW
Eingeschränkte Feuerkraft,有限火力,zh-TW
Einladung zu einer Reise hinter den Himmel,邀遊天外,zh-TW
Einrad,獨輪車,zh-TW
Einsam im Winter,獨立寒秋,zh-TW
Eis-Schlupfloch,凍結漏洞,zh-TW
Eisiger Streuner,深寒徘徊者,zh-TW
Eiskörper,寒冰軀體,zh-TW
Eisrad-Brecher,冰輪碎碾,zh-TW
Ekor Juga Boleh,尾巴也可以,zh-TW
Eksentrik Bertopeng,假面怪傑,zh-TW
Ekspansi Wilayah,開疆擴土,zh-TW
Eksperimen Meracik,調飲研究,zh-TW
Ekstrak Video Pendek,解壓小影片,zh-TW
El Azul y buabuabós,湛藍星與嗚嗚伯,zh-TW
El Daiyunés Errante,飛翔的岱輿人號,zh-TW
El amanecer de la puerta y el ocaso del trono,門扉之啟，王座之終,zh-TW
El arte de curar,治療的藝術,zh-TW
El bullicio del Callejón Aurum,金人舊巷市廛喧,zh-TW
El cielo no para de llorar,天上總是傳來慟哭聲,zh-TW
El diablo de terciopelo,天鵝絨裡的惡魔,zh-TW
El dominio de la fuerza,侵略的鐵蹄,zh-TW
El dragón vuelve a su hogar,龍返其鄉,zh-TW
El efecto Chanchito,撲滿效應,zh-TW
El episodio más fascinante,最聰明、健康、迷人的一集,zh-TW
El fin del caos,終結亂世,zh-TW
El lado oscuro de la luna,月之暗面,zh-TW
El mejor amigo del hombre,人類最好的朋友,zh-TW
El mejor club,最佳社團,zh-TW
El mercado del mañana,未來市場,zh-TW
El mundo ya no es lo que era,世風日下,zh-TW
El ocaso de la inmortalidad,仙骸有終,zh-TW
El otro día conseguí un trabajo muy extraño,之前接到一個很奇怪的工作,zh-TW
El regreso del cocodrilo,邪鱷歸來,zh-TW
El reino de lo extraño,異器盈界,zh-TW
El reino de lo extraño 300%,異器盈界300%,zh-TW
El silbato que rompe el silencio,鳴笛於歸寂之時,zh-TW
El susto de la tierra,大地的驚嚇,zh-TW
El taller trazacaminos para dromas peculiares,天氣真好，養牠！,zh-TW
ElDestripadorDeFinales,劇透仙人,zh-TW
ElMásGuapoDelCallejónAurum,金人巷第一美男,zh-TW
El_Pasado_Es_El_Pasado,往事隨風,zh-TW
"Ela fez um clone para trabalhar, mas as coisas SAÍRAM DO CONTROLE!",她讓複製人上班，複製人讓她下班,zh-TW
Elder,老者,zh-TW
Elderly Sage,老賢者,zh-TW
Electrodomésticos de la Paz Interastral,星際和平家電,zh-TW
Elegy Siren,哀歌塞壬,zh-TW
Eletrodomésticos da Paz Interastral,星際和平家電,zh-TW
Eliminación de datos,資料清除,zh-TW
Eliminador del Vacío,虛卒•抹消者,zh-TW
Elitegeschwader,王牌機組,zh-TW
Elnombrenoimporta,名字不重要,zh-TW
Em Busca da Margem do Destino,命運逐鋒,zh-TW
Embun Beku,霜,zh-TW
Emergency Mode,應急模式,zh-TW
Emergency Reboot,緊急重啟,zh-TW
Emolumento dos Dez Senhores,十王犒賞,zh-TW
Emotion Module Calibration,情感模組校準,zh-TW
Emotional Troubles,情緒困擾,zh-TW
Emotional Void,情緒黑洞,zh-TW
Emotionale Probleme,情緒困擾,zh-TW
Emotionales Schwarzes Loch,情緒黑洞,zh-TW
Empalago,黏人,zh-TW
Empfang von Arcadia,入園禮遇,zh-TW
Empleado de las termas,浴場侍者,zh-TW
Employé des thermes,浴場侍者,zh-TW
Employé des thermes,澡堂侍者,zh-TW
En busca de fortuna: Desafío difícil,逐光撿金•高難度挑戰,zh-TW
En compañía de los espíritus heroicos,英靈偕行,zh-TW
En directo desde el estudio,演播廳現場,zh-TW
En quête de paranormal,探靈行動,zh-TW
EnCuerpoYAlma_GranMaestre,對龍尊大人一心一意,zh-TW
Encadeamento,縛束,zh-TW
Encadenamiento,縛束,zh-TW
Encajar,變得合群,zh-TW
Encargos de investigación,調查委託,zh-TW
Enchainment,縛束,zh-TW
Enchaînement,縛束,zh-TW
Encontrando Herta,尋找黑塔,zh-TW
Encuentros de renovación del Expreso,列車改造奇遇,zh-TW
End of Chaos,終結亂世,zh-TW
Ende des Chaos,終結亂世,zh-TW
Endgültigkeitsmission,終末任務,zh-TW
Endlose Ebene,無盡次元,zh-TW
Endlose Finalität,無盡終結,zh-TW
Endlose Prüfung: Einfach,無限之試煉•基礎,zh-TW
Endlose Prüfung: Schwer,無限之試煉•困難,zh-TW
Endloses Schlachtfeld,無限戰域,zh-TW
Enemigo cocodrilo número uno,鱷魚公敵,zh-TW
EnergiaEspiritual200,靈能百分之兩百,zh-TW
Energie-Recycling,能量循環,zh-TW
Energielinien-Verbindung,靈脈連結,zh-TW
Energik,精力充沛,zh-TW
Energy Recycling,能量循環,zh-TW
Energía,精力,zh-TW
Energía espiritual 200,靈能百分之兩百,zh-TW
Enfer de flammes,咆哮之火,zh-TW
Engenheiro de Manutenção,維修工程師,zh-TW
Enigma do Hipogeu,地宮迷蹤,zh-TW
Ennemi des crocodiles,鱷魚公敵,zh-TW
Enquête de brique et de bloc,反貪「磚」家,zh-TW
Enredos emocionales,情緒困擾,zh-TW
Ensayo I,第一次,zh-TW
Ensayo II,第二次,zh-TW
Ensayo III,第三次,zh-TW
Ensayo IV,第四次,zh-TW
Ensayo V,第五次,zh-TW
Ensayo VI,第六次,zh-TW
Ensayo VII,第七次,zh-TW
Ensayo de la entrevista con la brigada de los dromas,大地獸旅團的模擬面試,zh-TW
Enscrolled Crepusculum,晨昏卷隱,zh-TW
Ensemble des tactiques,戰術蒐集,zh-TW
Ensolarado,晴,zh-TW
Ensoleillé,晴,zh-TW
Entaille de pillage,掠奪斬擊,zh-TW
EntouréDidiots,鐵頭來找你了,zh-TW
Entranced Ingenium: Illumination Dragonfish,入魔機巧•燈晝龍魚,zh-TW
Entranced Ingenium: Obedient Dracolion,入魔機巧•率從狻猊,zh-TW
Entraînement à l'épée,劍習苦修,zh-TW
Entre encuadres,幀與幀之間……,zh-TW
Entre les cadres...,幀與幀之間……,zh-TW
Entre os Quadros...,幀與幀之間……,zh-TW
Entregador Velocista,外送餐點的賽車手,zh-TW
Entrenamiento onírico,夢境訓練,zh-TW
Entretien avec un fantôme ? La vérité va vous surprendre...,和鬼見面？真相竟然是……？,zh-TW
Entretien fictif de la Légion draka,大地獸旅團的模擬面試,zh-TW
Entrevista Simulada da Trupe de Dromas,大地獸旅團的模擬面試,zh-TW
Entscheidener Moment,決勝時刻,zh-TW
Entspannende Kurzvideos,解壓小影片,zh-TW
Enuma Elish,天地乖離•開闢之星,zh-TW
Envoletoi-Ptimimi,可愛到飛起了,zh-TW
EnvolÀMinuit,飛霄羅浮分霄,zh-TW
Enxame Ciclônico,颶風,zh-TW
"Episode Paling Cerdas, Sehat, dan Memukau",最聰明、健康、迷人的一集,zh-TW
Epopeia da Era Nova,再創世的凱歌,zh-TW
Epopeya,敘事詩,zh-TW
Epopeya de la Era Nova,再創世的凱歌,zh-TW
Epos,敘事詩,zh-TW
Equation Number Zero,零號方程式,zh-TW
Equation Scholar,方程式學者,zh-TW
Equação Número Zero,零號方程式,zh-TW
Equivalent Exchange Trashcan,等價交換的桶,zh-TW
Erase Bombardment,抹消炮攻,zh-TW
Erderschütterer Leo,獅震八方,zh-TW
Erfahrener Zuschauer,資深觀眾,zh-TW
ErhabenesHeiligtum_Präsidentin,長樂天話事人,zh-TW
Erhalte insgesamt #1 Prüfungspunkte.,累積獲得#1試煉點數,zh-TW
ErinnereDichAnMich,記得我嗎,zh-TW
Erinnerung an diesen wunderschönen Tag,紀念這美好的一天,zh-TW
Erinnerungen sind der Prolog der Träume,記憶是夢的開場白,zh-TW
ErmüdendesHeiligtum,長樂夜無眠,zh-TW
Errichtung eines süßen Traums,築造美夢,zh-TW
Erschaffen_im_Abgrund,我來自深淵,zh-TW
Erscheinung der Ruinen,表形廢墟,zh-TW
Erster Blick auf Albtraum,初探噩夢,zh-TW
ErsterStock_LetzterPlatz,二樓沒水準,zh-TW
Erstes Erblühen der Klinge,初花習劍錄,zh-TW
Erstwhile Echoes (Finale),往昔的回音•終,zh-TW
Erstwhile Echoes (I),往昔的回音•其一,zh-TW
Erstwhile Echoes (II),往昔的回音•其二,zh-TW
Erstwhile Echoes (III),往昔的回音•其三,zh-TW
Erstwhile Echoes (IV),往昔的回音•其四,zh-TW
Erudito da Equação,方程式學者,zh-TW
Erudito de la ecuación,方程式學者,zh-TW
Erwachen in den Wellen,於浪花中覺醒,zh-TW
Erweiterungsset 1,擴展包•1,zh-TW
Erweiterungsset 2,擴展包•2,zh-TW
Erzählerische Poesie,敘事詩,zh-TW
Es gibt viele unheimliche Legenden um das Foxsomn-Grab,狐眠塚那邊有很多恐怖傳說,zh-TW
Es ist wieder Blütezeit,又是萬物復甦的季節,zh-TW
Es un vehículo eléctrico,這是電動車,zh-TW
Es wird gesammelt: Alles über Guinaifen,募集中：關於桂乃芬的一切,zh-TW
Escadron d'élite,王牌機組,zh-TW
Escalade progressive,層層加碼,zh-TW
Escapade mythonirique,《迷夢大冒險》,zh-TW
Escarabajo Autómata,自動機兵•甲蟲,zh-TW
Escarcha,霜,zh-TW
Escolha de Criaturas,異寵拾遺,zh-TW
Escondido À Paisana,大隱隱於市,zh-TW
Escorregador,滑梯,zh-TW
EscríbemePorPrivado_VendoCasa,購房意向請私訊,zh-TW
Escuadrón as,王牌機組,zh-TW
Esmagador de Guerra,戰爭的踐踏,zh-TW
Esmagamento Congelante,霜凍重擊,zh-TW
Esmagamento Escaldante,灼炎重擊,zh-TW
Espaces publicitaires disponibles,廣告位招租,zh-TW
Espacio publicitario en alquiler,廣告位招租,zh-TW
Espada dominademonios,蕩滌妖邪琉璃劍,zh-TW
EspadaBajoLaManga,袖中劍,zh-TW
EspadaNaManga,袖中劍,zh-TW
EspadaOculta,袖裡劍,zh-TW
EspadachimSupremo123,無敵劍士123,zh-TW
EspadachínInvencible123,無敵劍士123,zh-TW
Espadas e Arados,鑄劍為犁,zh-TW
Espadas en arados,鑄劍為犁,zh-TW
Especial de 1 Milhão de Subs: Tenho uma surpresinha pra vocês,百萬訂閱特輯，這次的驚喜是……,zh-TW
Especial de 100k Inscritos!,十萬訂閱紀念特輯出來啦！,zh-TW
Especialista do Combate Prateado,銀戰高手,zh-TW
Especialista em Exibição,展會達人,zh-TW
EspejoDeMedianoche,半夜照鏡子,zh-TW
EspejodeBronce_2,鑑爻軒二狗,zh-TW
EspelhoDaMeiaNoite,半夜照鏡子,zh-TW
Espiracuidade,靈知,zh-TW
Espírito da Abundância: Lupino de Madeira,豐饒靈獸•奎木,zh-TW
Espírito do Dado: Uma Obsessão de 1.700 Anos,骰魂•一千七百年的執念,zh-TW
Espíritu de la Abundancia: Lupo Silvano,豐饒靈獸•奎木,zh-TW
Espíritu del dado: obsesión de mil setecientos años,骰魂•一千七百年的執念,zh-TW
Esquadrão Caça-Fantasmas SAI NA MÃO com ABOMINAÇÃO INVISÍVEL e GANHA!,超燃！捉鬼小隊力克無形孽物！,zh-TW
Esquadrão de Apoio da Topaz,托帕後援團,zh-TW
Esquadrão Ás,王牌機組,zh-TW
Esquife estelar fantasmagórico! Espíritos sobrenaturais que não descansam nunca!,幽靈星槎！永不安息的亡靈！,zh-TW
Essa história de fantasma vai TE FAZER CHORAR!,感人！棋鬼償夙願，英靈得往生！,zh-TW
Essais en mixologie,調飲研究,zh-TW
Essbares Gras,食用草,zh-TW
Esse Pescoço Não é Longo o Suficiente,脖子不夠長,zh-TW
EssenNichtErlaubt,寶哥不許吃,zh-TW
Est-ce que quelqu'un a entendu chanter au Jardin de vulpeflâne ?,有人聽到綏園那邊有唱戲聲嗎,zh-TW
Estación Espacial Herta,太空站「黑塔」,zh-TW
Estadísticas de trabajo,工作統計,zh-TW
Estaminergia,精力,zh-TW
Estatísticas do Trabalho,工作統計,zh-TW
Estação Espacial Herta,太空站「黑塔」,zh-TW
Estilo de vida,社會生態,zh-TW
EstiloPuro,圓清流,zh-TW
"Estoy estudiando, no interrumpir",學習中，請打擾。,zh-TW
Estratégia de Nocaute em Um Golpe,一招制敵的技巧,zh-TW
Estrela Cósmica da Sorte,銀河幸運星,zh-TW
Estrela da Sorte,福星高照,zh-TW
Estrella cósmica de la suerte,銀河幸運星,zh-TW
Estrella de la suerte,福星高照,zh-TW
Estudante,學生,zh-TW
EstudiandoConA-Yue,阿月要多學習,zh-TW
Estudiante,學生,zh-TW
"Estudo em Progresso. Por favor, Interrompa.",學習中，請打擾。,zh-TW
Está Queimando,天氣好熱,zh-TW
Estágio Adolescente,少年期,zh-TW
Estágio Jovem,青年期,zh-TW
Estágio Nenêzinho,幼年期,zh-TW
Estímulo Moral,鼓舞士氣,zh-TW
Estúdio Ao Vivo,演播廳現場,zh-TW
Eternal Black Hole,永恆黑洞,zh-TW
EternalKarmicFlame,業火不盡,zh-TW
Eu Já Toquei o Céu,因為我已觸碰過天空,zh-TW
Eu Tenho Um Quarto Enorme,我家房間很大,zh-TW
Eu Vou Destruir o Mundo!,我要毀滅世界！,zh-TW
Eu fico recebendo ligações anônimas no meio da noite...,總是在半夜收到匿名來電……,zh-TW
Eu quase morri de susto hoje,今天真是嚇死我了,zh-TW
Eu recebi uma mensagem FANTASMA,突然收到了靈異資訊,zh-TW
"Eu tô atrasada pro trabalho como sempre, e todo mundo tá agindo meio esquisito",今天照例上班遲到，發現大家都神神叨叨的,zh-TW
EuAmoBife™,我愛牛雜,zh-TW
EureMiauheit,喵喵喵喵咪,zh-TW
Evaluación de anomalías,異常評估,zh-TW
Evaluación de la Fase I,第一階段診斷,zh-TW
Evaluación de la Fase II,第二階段診斷,zh-TW
Evaluación de la Fase III,第三階段診斷,zh-TW
Evaluación de la adolescencia,少年期診斷,zh-TW
Evaluación de la infancia,幼年期診斷,zh-TW
Evaluación de la juventud,青年期診斷,zh-TW
Evaluación psicológica,心理評估,zh-TW
Evaluasi Anomali,異常評估,zh-TW
Evaluasi Masa Dewasa Muda,青年期診斷,zh-TW
Evaluasi Masa Kanak-Kanak,幼年期診斷,zh-TW
Evaluasi Masa Remaja,少年期診斷,zh-TW
Evaluasi Tahap 1,第一階段診斷,zh-TW
Evaluasi Tahap 2,第二階段診斷,zh-TW
Evaluasi Tahap 3,第三階段診斷,zh-TW
Evanesce Like the Morning Dew,譬如朝露,zh-TW
Evanescia,緋英,zh-TW
Evasión repentina,臨時避險,zh-TW
Evasão Súbita,臨時避險,zh-TW
Eve of Departure,啟程前夕,zh-TW
Even Immortality Ends,仙骸有終,zh-TW
Event Missions,活動任務,zh-TW
Everwinter City Museum Ledger of Curiosities,冬城博物珍奇簿,zh-TW
Everwinter Hearth Map Reward,永冬爐台地圖獎勵,zh-TW
Everwinter Shadewalker,永冬災影,zh-TW
Everyone! Eyes on Me!,全體目光向我看齊！,zh-TW
Evitando o Colapso de Intracognição,防止自我認知崩潰,zh-TW
Ewig süßer Traum,美夢永恆,zh-TW
EwigeFlammeDesKarmas,業火不盡,zh-TW
Ewiges Schwarzes Loch,永恆黑洞,zh-TW
Exalting Sanctum Destiny Master,長樂天命理大師,zh-TW
ExaltingSanctumGiraffe,長樂天的長頸鹿,zh-TW
Excalibur,誓約勝利之劍,zh-TW
Excedente Racionalizado,冗餘整合,zh-TW
Excedente integrado,冗餘整合,zh-TW
ExhaustingSanctum,長樂夜無眠,zh-TW
Exhibition Expert,展會達人,zh-TW
Existential Calibration,存在意義校準,zh-TW
Existenzielle Kalibrierung,存在意義校準,zh-TW
Exorcismal Chronicle: Foxsomn Tomb,降妖輯錄•狐眠塚,zh-TW
Exorcismal Chronicle: Locufox Forest,降妖輯錄•談狐林,zh-TW
Exorcismal Chronicle: Pavilion of Cessation,降妖輯錄•偃息館,zh-TW
Exorcismal Chronicle: Swallowsong Pavilion,降妖輯錄•燕樂亭,zh-TW
Exorcismal Operation,降妖行動,zh-TW
Exorcisme de démon,降妖行動,zh-TW
Exotische Haustiersammlung,異寵拾遺,zh-TW
Expansion Pack 1,擴展包•1,zh-TW
Expansion Pack 2,擴展包•2,zh-TW
Expansion des frontières,開疆擴土,zh-TW
Expansión fronteriza,開疆擴土,zh-TW
Expansão de Fronteira,開疆擴土,zh-TW
Expeditious Rescue,颶風營救,zh-TW
Expert du combat d'argent,銀戰高手,zh-TW
Expertise de la ville sainte,聖城鑑寶,zh-TW
Experto de Combate Plateado,銀戰高手,zh-TW
Experto del ladrillo anticorrupción,反貪「磚」家,zh-TW
ExploradorDelDesfiladero,鱗淵境的冒險者,zh-TW
ExploradorDoDesfiladeiro,鱗淵境的冒險者,zh-TW
Explorae,開拓妖精,zh-TW
ExplorateurDesAbyssesÉcailleux,鱗淵境的冒險者,zh-TW
Exploração Perpétua,無盡行動,zh-TW
Exploração de Relíquias,奇庫尋遺,zh-TW
Explosion des Liedes,頌歌爆發,zh-TW
Explosion stellaire,星芒戰幕,zh-TW
Explosão Abrasadora,灼炎衝擊波,zh-TW
Explosão de Canção,頌歌爆發,zh-TW
Explosão de Cofrinho,撲滿衝擊波,zh-TW
Explotemos juntos,跟你爆了,zh-TW
Express Duty,列車值日,zh-TW
Express Gift,列車的禮物,zh-TW
Express Renovation Escapade,列車改造奇遇,zh-TW
Express-Geschenk,列車的禮物,zh-TW
ExpulsenALaCorporaciónDeXianzhou,公司滾出仙舟,zh-TW
ExpulsenAXianzhouDeLaCorporación,仙舟滾出公司,zh-TW
Extension 1,擴展包•1,zh-TW
Extension 2,擴展包•2,zh-TW
Extra Story,外傳故事,zh-TW
Extra-Introvert,裡生外熟,zh-TW
Extra-Introvertido,裡生外熟,zh-TW
ExtraIntroverti,裡生外熟,zh-TW
Extralegal Affairs Firm,法外事務所,zh-TW
Extreme Challenge,極限挑戰,zh-TW
Extreme Herausforderung,極限挑戰,zh-TW
Ey_Papi,你的親生父親,zh-TW
F233 행성,F233星球,zh-TW
F233星,F233星球,zh-TW
F4_dariSkiffHaven,星槎海四大才子,zh-TW
FRigid_Raven,寒冷烏鴉,zh-TW
Fabelartige Poesie,寓言詩,zh-TW
Fable,寓言詩,zh-TW
Fable Poetry,寓言詩,zh-TW
Fabuleux trésors,奇珍異寶,zh-TW
Face Blindness,臉盲症,zh-TW
Faiblesse fatale,致命弱點,zh-TW
Faiblesses prises d'assaut,弱點突襲,zh-TW
Fainón,白厄,zh-TW
Faisceau lyrique,頌歌光束,zh-TW
FaiseurDeNuage,雲彩製造機,zh-TW
FaktaPlastik,塑膠大實話,zh-TW
Falar Dormindo a Noite Toda,一夜夢話,zh-TW
"Fall gelöst, es ist ein mysteriöser Quantenorganismus!",破案了，是神秘量子生物！,zh-TW
"Falsa alarma, era un nuevo filtro",新型濾鏡帶來一場虛驚,zh-TW
Familienmassaker-Tragödie. Leute mit schwachen Nerven sollten nicht klicken!,滅門慘案，膽小者請勿點開,zh-TW
Familiäre Unterstützung,家人的支持,zh-TW
Family's Support,家人的支持,zh-TW
Fan Chân Chính Duy Nhất Của Gui Gui,桂桂唯一真愛粉,zh-TW
Fan n.º 1,頭號粉絲,zh-TW
Fan n° 1,頭號粉絲,zh-TW
Fan-club de Topaz,托帕後援團,zh-TW
Fan-n°1-de-Guigui~,桂桂唯一真愛粉,zh-TW
FancuồngGui,瘋狂奶粉,zh-TW
FancuồngGuinaifen,奶粉單推人,zh-TW
Fangirl_Guinaifen,奶粉大迷妹,zh-TW
FansGarisKerasNaiFen,奶粉單推人,zh-TW
FansGuiguiNo1,桂桂唯一真愛粉,zh-TW
Fans_LittleGui_No1,獨愛小桂,zh-TW
Fantastic4@SkiffHaven,星槎海四大才子,zh-TW
Fantastische Sparschweine und wo sie zu finden sind,神奇撲滿與它們的產地,zh-TW
FanáticoPeloRefúgioDosEsquifes,星槎海四大才子,zh-TW
FarceurPro,搗蛋小臭寶,zh-TW
Farejandante.Andarilho,行走的鼻行獸,zh-TW
Farejandante.Caminhante,路過的鼻行獸,zh-TW
Farewell Etiquette,奉辭罰罪,zh-TW
"Farewell, Penacony",再見，匹諾康尼,zh-TW
Farther Than The Snow Plains,比雪原更遙遠,zh-TW
Fase I,第一階段,zh-TW
Fase II,第二階段,zh-TW
Fase III,第三階段,zh-TW
"Fase de clasificación, ronda 1",海選賽第一輪,zh-TW
"Fase de clasificación, ronda 2",海選賽第二輪,zh-TW
"Fase de clasificación, ronda 3",海選賽第三輪,zh-TW
Fashion Guide of the Cosmos: Winter's Ballad Special Edition,銀河潮流指南•冬韻特輯,zh-TW
Fatal Weakness,致命弱點,zh-TW
Fatale Schwäche,致命弱點,zh-TW
Fate Contract: Renewal,命運契約•再啟,zh-TW
Fate-Vertrag: Neustart,命運契約•再啟,zh-TW
Fate/Estrelas,命中註定的星辰,zh-TW
Fate/Stars,命中註定的星辰,zh-TW
Fate/Stay night,命運/今晚留下來,zh-TW
Fate/stay night,命運/今晚留下來,zh-TW
Faturamento do Salão,酒吧營收,zh-TW
FaulenzerDerAlchemiekommission,丹鼎司浪子,zh-TW
Fausse alerte à cause d'un nouveau filtre,新型濾鏡帶來一場虛驚,zh-TW
Faveur de la fortune,翻翻好符運,zh-TW
Faveur des étoiles,星軺旅進,zh-TW
"Fay, o Mestre de Xadrez",飛棋妙手,zh-TW
FayReineDesÉchecs,飛棋妙手,zh-TW
Fay_Si_Dewa_Catur,飛棋妙手,zh-TW
FeLiNa,「鐵、鋰、鈉」,zh-TW
Feast in One Go,一氣化三餐,zh-TW
Fehler des Bauteams bringt die Arbeit der Wahrsagekommission zum Erliegen,小隊施工失誤，太卜司陷入停擺,zh-TW
Fehlfunktion,故障破損,zh-TW
Fei สหายรัก,好兄弟阿飛,zh-TW
Feierliche Geschenke,慶典祝禮,zh-TW
Feito_no_Abismo,我來自深淵,zh-TW
Feixiao,飛霄,zh-TW
Feixiao's Drinking Flask,飛霄的豪飲酒壺,zh-TW
Feixiaos Trinkflasche,飛霄的豪飲酒壺,zh-TW
FelizAlma explosiva,爆漿蘇樂達,zh-TW
"FelizAlminho, Seu Amiguinho",爆漿蘇樂達,zh-TW
Felsenstadt-Superliga,磐岩鎮超級聯賽,zh-TW
Fendeur de bouclier,反護盾,zh-TW
Fenomena yang Melampaui Ruang dan Waktu Pararel!,原來如此！是超時空平行體現象！,zh-TW
Feridas Transbordantes,溢傷串流,zh-TW
Fertig mit dir,跟你爆了,zh-TW
Fertigkeit_ins_Gesicht,臉接小招,zh-TW
Fesselung,縛束,zh-TW
Festa Surpresa,驚喜派對,zh-TW
Festin vénéneux,烈毒盛宴,zh-TW
Festive Gifts,慶典祝禮,zh-TW
Festive Revelry,廟趣滿堂,zh-TW
Festín de lobos,狼餐,zh-TW
Festín de una sentada,一氣化三餐,zh-TW
Festín venenoso,烈毒盛宴,zh-TW
Ficha de Retorno do Aventurine,砂金的翻盤籌碼,zh-TW
Ficha submarina de Qingque,青雀的海底寶牌,zh-TW
Fiesta sorpresa,驚喜派對,zh-TW
Fifth Time,第五次,zh-TW
Fight Club,搏擊俱樂部,zh-TW
Fight Fire with Fire,以子之矛，攻我之盾,zh-TW
Film Editing,影片剪輯,zh-TW
Filmkanal,影音台,zh-TW
Filmschnitt,影片剪輯,zh-TW
Filo del destino,命運逐鋒,zh-TW
FiloEnMisMangas,袖裡劍,zh-TW
Filou masqué,假面怪傑,zh-TW
Filter baru bikin geger,新型濾鏡帶來一場虛驚,zh-TW
Fim do Caos,終結亂世,zh-TW
Fin du chaos,終結亂世,zh-TW
Final,總決賽,zh-TW
Finale,總決賽,zh-TW
Finaler Kampf,最終戰,zh-TW
Finalidad infinita,無盡終結,zh-TW
Finality Mission,終末任務,zh-TW
Finalité sans fin,無盡終結,zh-TW
Finding Herta,尋找黑塔,zh-TW
Fine Snow,細雪,zh-TW
Finest Duel Under the Pristine Blue (I),明霄競武試鋒芒•上,zh-TW
Finest Duel Under the Pristine Blue (II),明霄競武試鋒芒•下,zh-TW
FinstereMi(e)ne,礦渣黑黑,zh-TW
"Fique Longe, Estou com Medo",別過來，我害怕,zh-TW
Firefly,流螢,zh-TW
Firewall,防火牆,zh-TW
Firma De Assuntos Ilegais,法外事務所,zh-TW
Firma de casos ilegales,法外事務所,zh-TW
First Time,第一次,zh-TW
Fischregen,魚雨,zh-TW
Fish Rain,魚雨,zh-TW
Fish4Life,永不空軍,zh-TW
Fissura Plana,次元分裂,zh-TW
Fissura Plana 300%,次元分裂300%,zh-TW
Fisura del plano,次元分裂,zh-TW
Fisura del plano 300%,次元分裂300%,zh-TW
Fit In,變得合群,zh-TW
Flaches Labyrinth,淺層地宮,zh-TW
Flamme de bougie,燭花,zh-TW
Flamme nova,礪爍新輝,zh-TW
Flammes dévorantes,燎原之勢,zh-TW
Flash Freeze,速凍,zh-TW
Flash info,News Flash,zh-TW
Flash info,動態快報,zh-TW
Flasque de Feixiao,飛霄的豪飲酒壺,zh-TW
Flecha Espiral,螺旋的弓矢,zh-TW
Flecha en espiral,螺旋的弓矢,zh-TW
Fledgling Stage,幼年期,zh-TW
Fledgling Stage Evaluation,幼年期診斷,zh-TW
FleischigePufferziege,浮羊肉肉,zh-TW
Fleur ignoble,醜陋花朵,zh-TW
FleurJumelle,花開兩朵,zh-TW
"Flieg ruhig, der Trailblaze ist an deiner Seite!",放心飛，開拓永相隨！,zh-TW
Fliegender Müll-Kick,垃圾飛踢,zh-TW
Flipper à bulles,氣泡彈珠,zh-TW
Flipperkugel,氣泡彈珠,zh-TW
Flor Feia,醜陋花朵,zh-TW
Flor fea,醜陋花朵,zh-TW
FlorGemea,花開兩朵,zh-TW
FloraGlück,小花有喜,zh-TW
Floral^_^Joy,小花有喜,zh-TW
FloresGemelas,花開兩朵,zh-TW
Floriografia de Alecrim,迷迭香的花語,zh-TW
Floriografía del romero,迷迭香的花語,zh-TW
Floriographie de Rosemary,迷迭香的花語,zh-TW
FloticabraJugosa,浮羊肉肉,zh-TW
Fluctuat,百川東入海,zh-TW
Fluffffschweif,大尾巴噠噠,zh-TW
Fluglogbuch,飛行日誌,zh-TW
Fluxo~Fluente~,圓清流,zh-TW
Flying Daiyuman,飛翔的岱輿人號,zh-TW
FlyingAtMidnight,飛霄羅浮分霄,zh-TW
Flèche en spirale,螺旋的弓矢,zh-TW
FlügelDerNacht,飛霄羅浮分霄,zh-TW
FofaDemais,可愛到飛起了,zh-TW
Fofocas Fresquinhas,八卦怪談,zh-TW
Fogo Contra Fogo,以子之矛，攻我之盾,zh-TW
Fogos de Artifício,放個煙火,zh-TW
Folia Festiva,廟趣滿堂,zh-TW
Food Delivery Racer,外送餐點的賽車手,zh-TW
For Freedom,為了自由,zh-TW
For I Have Touched the Sky,因為我已觸碰過天空,zh-TW
For Peace,為了和平,zh-TW
For a Little One,給某個小傢伙,zh-TW
Forage Requisitioner,糧草徵收人,zh-TW
Force d'intervention de la station spatiale,太空站特派,zh-TW
Force tranquille,低速高載,zh-TW
Formloser Käfig,無形之牢,zh-TW
Formula Nol,零號方程式,zh-TW
Formule S,極速追影,zh-TW
Forscher mit gebrochenen Herzen retten,拯救心碎組員,zh-TW
Fortes chutes de neige,大雪,zh-TW
Fortschritt der Qualifikation,叩關進度,zh-TW
Fortunes opportunes,循跡覓寶,zh-TW
Força-Tarefa da Estação Espacial,太空站特派,zh-TW
Forêt vulpine,降妖輯錄•談狐林,zh-TW
Fotografías estelares,星旅尋影,zh-TW
Fou du volant,開局狂打方向盤,zh-TW
Four Heavenly Kings,四天王戰,zh-TW
Fourth Time,第四次,zh-TW
Foxian Windchaser,追風的狐,zh-TW
Foxian_PengejarAngin,追風的狐,zh-TW
FoxienDeter,狂風吹,zh-TW
Fracture dimensionnelle,次元分裂,zh-TW
Fracture dimensionnelle 300 %,次元分裂300%,zh-TW
Frango_Robô,炒雞餓,zh-TW
Fraqueza Fatal,致命弱點,zh-TW
Frau Yo,大悠姐,zh-TW
Frechdächschen,搗蛋小臭寶,zh-TW
Freeze Loophole,凍結漏洞,zh-TW
Freeze! Stay Still,凍住，不許走,zh-TW
Freie Herausforderung,自由挑戰,zh-TW
Freins non huilés,剎車沒油,zh-TW
Frenos sin aceite,剎車沒油,zh-TW
Freundschaftliche Minitonne,同好的小桶,zh-TW
Friede sei mit allen,一生平安,zh-TW
Friendship Motivator,友誼激勵師,zh-TW
Frigid Prowler,深寒徘徊者,zh-TW
Frio Rastejante,漸凍,zh-TW
FrioÉTudo,獨立寒秋,zh-TW
Frog Rain,青蛙雨,zh-TW
Froid cinglant,漸凍,zh-TW
Frontier Expansion,開疆擴土,zh-TW
Froschregen,青蛙雨,zh-TW
Frost,霜,zh-TW
Frost Crush,霜凍重擊,zh-TW
Frost Supercrush,霜凍超重擊,zh-TW
Frostclad Minican,冰封的小桶,zh-TW
Froststoß,霜凍重擊,zh-TW
Frosty Blade's Trial,霜刃一試,zh-TW
Frozen Storm,凍結風暴,zh-TW
Fruit rouge,紅果,zh-TW
Fruta Vermelha,紅果,zh-TW
Fruto rojo,紅果,zh-TW
Frío penetrante,漸凍,zh-TW
Frühphase,幼年期,zh-TW
Frühphase,幼年期診斷,zh-TW
Fuego del Espacio Exterior,外宇宙之炎,zh-TW
Fuegos artificiales,放個煙火,zh-TW
FueraHATERS_plisss,米糕沒黑粉,zh-TW
Fuga da Prisão de Hanu,哈努兄弟越獄記,zh-TW
Full of Energy,精力充沛,zh-TW
Funcionário Sênior: Líder de Equipe,資深員工•組長,zh-TW
Funcionário dos Banhos,浴場侍者,zh-TW
Funcionário dos Banhos,澡堂侍者,zh-TW
Functional Overdraft,性能透支,zh-TW
Funken innovativen Denkens aufspüren,追蹤創新思維痕跡,zh-TW
Funktionale Überziehung,性能透支,zh-TW
Furbo Journalist,狸貓記者,zh-TW
Furbo-Journalist,狸貓記者,zh-TW
Furcht,儆懼,zh-TW
Furie du combat,戰意狂潮,zh-TW
Futteranforderer,糧草徵收人,zh-TW
Future Market,未來市場,zh-TW
FutureWinnerOfLife,未來大師,zh-TW
FuturoMaestro,未來大師,zh-TW
Fyxestroll Garden Kuras Keberuntungan Xianzhou Luofu!,綏園這麼整是要抽乾羅浮仙舟的氣運啊！,zh-TW
Fyxestroll Garden is gonna drain the Xianzhou Luofu's future fortune!,綏園這麼整是要抽乾羅浮仙舟的氣運啊！,zh-TW
Fyxestroll Garden จะดูดโชคชะตาของ Xianzhou Luofu ไป!,綏園這麼整是要抽乾羅浮仙舟的氣運啊！,zh-TW
Fábula,寓言詩,zh-TW
Fã Nº 1,頭號粉絲,zh-TW
Fã~N1~da~Guigui,桂桂唯一真愛粉,zh-TW
Fähigkeitsmission,技能任務,zh-TW
Färbemittel,染色,zh-TW
Félicitâme pétillant,爆漿蘇樂達,zh-TW
FélicitéLongévive,歲月靜好,zh-TW
Fête surprise,驚喜派對,zh-TW
Für den Frieden,為了和平,zh-TW
Für die Freiheit,為了自由,zh-TW
Für nur eine Sekunde im Koma,深度昏迷，但一秒,zh-TW
GRAVE: Novo filtro APAVORA população!,新型濾鏡帶來一場虛驚,zh-TW
GRAVE: TUDO que você NÃO SABIA sobre OVNIs!,勁爆！不明飛行物背後的真相。,zh-TW
Gadis Muda,年輕的女孩,zh-TW
GagakDingin,寒冷烏鴉,zh-TW
GakGantiNamaSampaiLulusUjian,考不進工造司不改名,zh-TW
GakTauKasihNamaApa,想不出好暱稱,zh-TW
Galaktische Renommeestufe,銀河聲望等級,zh-TW
Galaktischer Glücksstern,銀河幸運星,zh-TW
Galaktischer Modeführer: Sonderausgabe der Winterballade,銀河潮流指南•冬韻特輯,zh-TW
Galera! Olha pra Mim!,全體目光向我看齊！,zh-TW
Galletas matemáticas de los dromas,大地獸分餅,zh-TW
Game Over Para Você,跟你爆了,zh-TW
Game Over With You,跟你爆了,zh-TW
Gamer Pro,遊戲高手,zh-TW
Gamer Profissional,遊戲高手,zh-TW
Gangguan Emosional,情緒困擾,zh-TW
Ganhe um total de #1 pontos de teste,累積獲得#1試煉點數,zh-TW
GanzEinfach,大道至簡,zh-TW
Garam Mandi Emas,黃金浴鹽,zh-TW
Garam Mandi Pedas,火辣浴鹽,zh-TW
Garam Mandi Romantis,浪漫浴鹽,zh-TW
Garam Mandi Sejuk,冰爽浴鹽,zh-TW
Garam Mandi Susu Hewan,獸奶浴鹽,zh-TW
Garde,守衛,zh-TW
Garde colossépée,巨劍守護,zh-TW
Garde en retard,遲到的衛兵,zh-TW
Garden Assessment,花園評定,zh-TW
Garden Patrol,遊園行動,zh-TW
Garden of Plenty,花藏繁生,zh-TW
Garden of Plenty 300%,花藏繁生300%,zh-TW
Gardien aurumaton,金人司閽,zh-TW
Garganglouton,什麼都吃,zh-TW
Garoa,小雨,zh-TW
Garotinha,年輕的女孩,zh-TW
Garten des Überflusses,花藏繁生,zh-TW
Garten des Überflusses 300 %,花藏繁生300%,zh-TW
Gartenbewertung,花園評定,zh-TW
Gatuno Glacial,深寒徘徊者,zh-TW
GatãoDoBecoAurum,金人巷第一美男,zh-TW
Gaya Hidup,社會生態,zh-TW
Geada,霜,zh-TW
Gebetsdienst (I),禱言營業•其一,zh-TW
Gebetsdienst (II),禱言營業•其二,zh-TW
Gebetsdienst (III),禱言營業•其三,zh-TW
Gebetsdienst (IV),禱言營業•其四,zh-TW
Gebetsdienst (V),禱言營業•其五,zh-TW
Gebetsdienst (VI),禱言營業•其六,zh-TW
Gebetsdienst (VII),禱言營業•其七,zh-TW
Gebetsdienst: Zwischenspiel,禱言營業•幕間劇,zh-TW
Gefrorener Sturm,凍結風暴,zh-TW
Gegen den Wind,逆風而行,zh-TW
Gegenstandverstärkung,道具強化,zh-TW
Gegner auf dem gleichen Niveau,旗鼓相當的對手,zh-TW
Geheimes Menü,隱藏菜單,zh-TW
Geheimniskrämer,神秘路人,zh-TW
Geheimnisvolles Ritual,諸神秘儀,zh-TW
Geistenzial,靈知,zh-TW
Geisterbestie des Überflusses: Holz-Lupus,豐饒靈獸•奎木,zh-TW
Geisterenergie 200,靈能百分之兩百,zh-TW
"Geisterflotten, die nicht zu entdecken sind",不能直接觀測的幽靈艦隊,zh-TW
"Geisterfotos! Ich fotografiere dauernd Sachen, die nicht existieren sollten",照片鬧鬼！總是拍到不應該有的東西,zh-TW
Geisterjäger_Nr5,捉鬼小隊第五人,zh-TW
Geistermarkt der Aurum-Allee,金人巷的鬼市當鋪……,zh-TW
Geistige Erleuchtung,腦力啟蒙,zh-TW
Gel rapide,速凍,zh-TW
Gelbe Lichtstufe,黃光級,zh-TW
Gema Badai,風暴迴響,zh-TW
Gema Peluit di Ambang Kesunyian,鳴笛於歸寂之時,zh-TW
Gema dari Masa Lalu,往昔的回音•其一,zh-TW
Gema dari Masa Lalu (Akhir),往昔的回音•終,zh-TW
Gema dari Masa Lalu 2,往昔的回音•其二,zh-TW
Gema dari Masa Lalu 3,往昔的回音•其三,zh-TW
Gema dari Masa Lalu 4,往昔的回音•其四,zh-TW
Gemeinsam wachsen?,一同成長？,zh-TW
Gemerlap Cahaya Bintang,星芒爍變,zh-TW
Gemetzel,戮殺,zh-TW
General Mecha Clandestina,遞弓天將,zh-TW
General Melestial,遞弓天將,zh-TW
General Upgrade,泛用升級,zh-TW
"Genie gesucht, bitte so schnell wie möglich!",等一位天才上線！,zh-TW
"Genius Wanted, ASAP!",等一位天才上線！,zh-TW
Geordnete Ableitung,秩序歸演,zh-TW
Geoterapia contra la amnesia,大地式健忘療法,zh-TW
GepanzertesSparschwein_02,裝甲撲滿二型,zh-TW
Gepard,傑帕德,zh-TW
"Gerbang Menyambut Fajar, Takhta Menyambut Senja",門扉之啟，王座之終,zh-TW
Gerdaiki_Wiki,葛大錘科普,zh-TW
Gerdaki_CapsuleScientifique,葛大錘科普,zh-TW
Gerdaki_PhổCậpKhoaHọc,葛大錘科普,zh-TW
Gerdaki_ScienceDaily,葛大錘科普,zh-TW
Gerdaki_SoloCiencia,葛大錘科普,zh-TW
Gerhana Bulan,月食,zh-TW
Gerhana Matahari,日食,zh-TW
Gesamtvorbereitung,全面備戰,zh-TW
Geschenk der Odyssee,巡星之禮,zh-TW
Geschenk der Schmiede,淬鋒之禮,zh-TW
Geschenk der Zeit,歲月的饋贈,zh-TW
Geschenk des Glanzes,巡光之禮,zh-TW
Geschenk des Stellarium,逴星之禮,zh-TW
Geschenk des Sternenflugs,飛星之禮,zh-TW
Geschenk von Arcadia,樂園之禮,zh-TW
Geschenk von Memi,迷迷贈禮,zh-TW
GeschichteAlltäglich,天天說史,zh-TW
Geschichten aus dem Glas,杯中逸事,zh-TW
Geschichten des Fantastischen,評書奇譚,zh-TW
Geschmolzene Rüstung,熔岩護體,zh-TW
Gesellschaft fördert das Wachstum,陪伴促進成長,zh-TW
Gesellschaft und Wirtschaft,社會生態,zh-TW
Gesichert und geladen,炮火上膛,zh-TW
Gespann des Kaisers,星軺旅進,zh-TW
"Gespenstisches Sternskiff! Unheimliche Geister, die niemals ruhen!",幽靈星槎！永不安息的亡靈！,zh-TW
Gestion du chargement,堆放貨物,zh-TW
Gestrafter,天譴之人,zh-TW
Gesättigte Aktivierung,滿額啟動,zh-TW
Getränkeforschung,調飲研究,zh-TW
Gewitterregen,雷雨,zh-TW
Gezeiteneffekt,潮汐效應,zh-TW
GhostHunterNo5,捉鬼小隊第五人,zh-TW
GhoulNaifen_HaterProMAX,專門訂閱噴乃芬,zh-TW
"Ghê quá! Ma Trận Tiên Tri tự ý thức, cảnh giác Kim Nhân gây loạn lần hai!",驚！窮觀陣恐現自我意識，提防金人二次叛亂！,zh-TW
Gia đình Landau... và Pela,朗道一家……以及佩拉,zh-TW
Giai Thoại Hiếm Có,一則鮮見的軼事,zh-TW
Giai Thoại Trong Ly,杯中逸事,zh-TW
Giai Đoạn 1,第一階段,zh-TW
Giai Đoạn 2,第二階段,zh-TW
Giai Đoạn 3,第三階段,zh-TW
Giao Lưu Bất Ngờ,一次意外的交流,zh-TW
Gibt es irgendwelche Originalität an Guinaifens Videos?,桂乃芬的影片有任何原創性嗎？,zh-TW
Gift of Arcadia,樂園之禮,zh-TW
Gift of Comet,飛星之禮,zh-TW
Gift of Odyssey,巡星之禮,zh-TW
Gift of Radiance,巡光之禮,zh-TW
Gift of Stellarium,逴星之禮,zh-TW
Gift of Tempered Blade,淬鋒之禮,zh-TW
Giftiges Festmahl,烈毒盛宴,zh-TW
Giftnebel,毒霧,zh-TW
Giftwolken,毒雲,zh-TW
GigaMocheGuigui_HaterProMAX,專門訂閱噴乃芬,zh-TW
Gilgamesh,吉爾伽美什,zh-TW
Giliranku!,我的回合！,zh-TW
Giovanni,喬瓦尼,zh-TW
GirafaComPescocoCurto,短頸鹿,zh-TW
GirafaDoSantuarioGlorificado,長樂天的長頸鹿,zh-TW
GiraffeImErhabenenHeiligtum,長樂天的長頸鹿,zh-TW
GiraffeàPetitCoup,短頸鹿,zh-TW
Gitaris,吉他手,zh-TW
Gitarrenspielerin,吉他手,zh-TW
Givre,霜,zh-TW
GiàMồm_VũTrụ,宇宙小矯情,zh-TW
Giàmồmnhấtvũtrụ,宇宙大矯情,zh-TW
Giám Bảo Thánh Thành,聖城鑑寶,zh-TW
Giáo Viên Tài Phú Chúi Của Nhóm Nghiên Cứu Chúi,蕉研組的財富蕉師,zh-TW
Giáp Máy Ma Thuật Cơ Động: Chiến Binh Bình Minh,魔動機鎧•破曉戰士,zh-TW
Giáp Thiết Vệ,鐵衛鎧甲,zh-TW
Gió Mưa Cầu Vồng 7854,風雨彩虹7854,zh-TW
Gió Vừa Ý,風隨心,zh-TW
GióHômNayLớnQuá,風今天還是那麼吹,zh-TW
Giải Cứu Nhà Nghiên Cứu Đau Khổ,拯救心碎組員,zh-TW
Giải Mã Kỳ Bí,探靈行動,zh-TW
Giải Quyết Sự Cố,故障破損,zh-TW
Giải Đấu Bậc Thầy Gào Gào Chrysos,黃金嗷嗚大師賽,zh-TW
Giải Đấu Siêu Cấp Boulder,磐岩鎮超級聯賽,zh-TW
Giảngsửmỗingày,天天說史,zh-TW
Giảngđạo_khôngbiếtmệt,誨人不倦,zh-TW
"Giống Nhau, Giống Nhau.",一樣的，一樣的。,zh-TW
Giữa Các Khung Hình...,幀與幀之間……,zh-TW
Gleiches mit Gleichem vergelten,以子之矛，攻我之盾,zh-TW
Gleichung Null,零號方程式,zh-TW
Gleichungsgelehrter,方程式學者,zh-TW
Gloria_Desvaneciente,繁華落盡寂寞人,zh-TW
GlóriaPraHistória,歲月靜好,zh-TW
Glücksstern,福星高照,zh-TW
Glückstraumplanet,甜夢星球,zh-TW
Glückstüte der Comedians,喜劇人們的自選福袋,zh-TW
Glühwürmchen,流螢,zh-TW
GnadenloseWahrsageMaschine,無情的卜算機器,zh-TW
Go Fishing,去釣魚,zh-TW
Gol de Cabeça,好聽就是好頭,zh-TW
Gold Tycoon,金幣富豪,zh-TW
Golden Scapegoat,黃金替罪羔羊,zh-TW
Goldener Meister,黃金大師,zh-TW
Goldener Sündenbock,黃金替罪羔羊,zh-TW
Goldmünzen-Magnat,金幣富豪,zh-TW
Golpe Letal,致命一擊,zh-TW
Golpe Réplica do Alvorecer,破曉分身斬,zh-TW
Golpe de Canhão,銃擊,zh-TW
Golpe de cañón,銃擊,zh-TW
Golpe doble Filonoche,破曉分身斬,zh-TW
Golpe letal,致命一擊,zh-TW
GolpeTempestuoso,狂風吹,zh-TW
GolpesDeVentinJÁ,風今天還是那麼吹,zh-TW
Gosip HOT,八卦怪談,zh-TW
Gostoooooooosa,汙力力力力,zh-TW
GottWeißEs,天知道,zh-TW
Goyangkan,搖搖晃搖,zh-TW
Goût de terre,土味,zh-TW
Grama Comestível,食用草,zh-TW
Gran Hook de la Oscuridad,漆黑的虎克大人,zh-TW
Gran Restaurante de la Floresta Dorada,黃金迷境大飯店,zh-TW
Gran Torneo Auuuu de Crisos,黃金嗷嗚大師賽,zh-TW
Gran Torneo de Villarroca,磐岩鎮超級聯賽,zh-TW
Gran choque animal,「繽紛大亂鬥」,zh-TW
Gran choque animal,繽紛大亂鬥,zh-TW
Gran choque de focas,豹豹碰碰大作戰,zh-TW
Gran final,總決賽,zh-TW
Gran motivación,大幅鼓舞,zh-TW
Gran pity,大保底,zh-TW
GranCola_Zaszas,大尾巴噠噠,zh-TW
GranGui_Inocente,純情少女大桂子,zh-TW
GranHermanoIntelitrón,智械大哥看著你,zh-TW
Gran_Fan_Naifen,奶粉大迷妹,zh-TW
Granada Perfurante,破甲榴彈,zh-TW
Granada de Cerco,攻城榴彈,zh-TW
Granada de asedio,攻城榴彈,zh-TW
Granada perforadora,破甲榴彈,zh-TW
Grand Finale,最終戰,zh-TW
Grand Finale,總決賽,zh-TW
Grand restaurant chryséen du labyrinthe,黃金迷境大飯店,zh-TW
Grande Aventura Minúscula,方寸大冒險,zh-TW
Grande Final,最終戰,zh-TW
Grande Final,總決賽,zh-TW
Grande Inspiração,大幅鼓舞,zh-TW
Grande Mina,大礦區,zh-TW
Grande finale,最終戰,zh-TW
Grande mine,大礦區,zh-TW
Grandir ensemble ?,一同成長？,zh-TW
Granizo,雨夾雪,zh-TW
Great Inspiration,大幅鼓舞,zh-TW
Great Mine,大礦區,zh-TW
Greatsword Guardian,巨劍守護,zh-TW
Green Light Level,綠光級,zh-TW
Greenhorn,初出茅廬,zh-TW
Greetings everyone!,大家好啊，打個招呼！,zh-TW
Grenade d'assaut,攻城榴彈,zh-TW
Grenade perforante,破甲榴彈,zh-TW
Grenzerweiterung,開疆擴土,zh-TW
Grenzwertstörung,閾值破壞,zh-TW
Grigor&Shishka729,浩瀚宇宙729,zh-TW
Growing Pains,成長的煩惱,zh-TW
Growing Together?,一同成長？,zh-TW
Große Express-Renovierung,列車改造奇遇,zh-TW
Große Herta,大黑塔,zh-TW
Große Inspiration,大幅鼓舞,zh-TW
Große Mine,大礦區,zh-TW
Grudento,黏人,zh-TW
Grundvertrauen verletzt,基本的信任呢？,zh-TW
Grunt: Security Personnel,基層員工•保全,zh-TW
Grupo de apoyo de Topaz,托帕後援團,zh-TW
Größe messen,量身高,zh-TW
Größer ist besser,大就是好,zh-TW
Größter Schadenverursacher,最高火力,zh-TW
Grüne Lichtstufe,綠光級,zh-TW
Grünschnabel,初出茅廬,zh-TW
Guard,守衛,zh-TW
Guarda,守衛,zh-TW
Guarda Atrasado,遲到的衛兵,zh-TW
Guarda Aurumaton,金人司閽,zh-TW
Guarda Aurúmata,金人司閽,zh-TW
Guarda del Espadón,巨劍守護,zh-TW
Guarda-Vazio: Destruidor,虛卒•抹消者,zh-TW
Guarda-Vazio: Furtador,虛卒•掠奪者,zh-TW
Guarda-Vazio: Pisoteador,虛卒•踐踏者,zh-TW
Guardia,守衛,zh-TW
Guardia que llega tarde,遲到的衛兵,zh-TW
Guardián Filonoche,破曉守護,zh-TW
Guardián derecho,右護法戰,zh-TW
Guardián derecho: revancha,右護法戰•再開,zh-TW
Guardián izquierdo,左護法戰,zh-TW
Guardián izquierdo (apoyo),左護法輔佐戰,zh-TW
Guardião da Grandespada,巨劍守護,zh-TW
Guarida del Rey Demonio,魔王巢穴,zh-TW
Guerra Cósmica,太空大戰爭,zh-TW
Guerra Monetária: Jogo de Soma Zero,貨幣戰爭•零和遊戲,zh-TW
Guerra de Divisas: Juego de suma cero,貨幣戰爭•零和遊戲,zh-TW
Guerra del Santo Grial Fabularia,幻造：聖杯戰爭,zh-TW
Guerra do Santo Graal de Imagenae,幻造：聖杯戰爭,zh-TW
Guerras Etéreas,乙太戰線,zh-TW
Guerras de Aetherium,乙太戰線,zh-TW
Guerre cosmique,太空大戰爭,zh-TW
Guerre des marques,品牌對決,zh-TW
Guerre des monnaies : Jeu à somme nulle,貨幣戰爭•零和遊戲,zh-TW
Guerre du Saint Graal imagénérée,幻造：聖杯戰爭,zh-TW
Guerreros Binarios,戮力雙雄,zh-TW
Guerres de l'étherium,乙太戰線,zh-TW
Guerrier Aurora magiméca,魔動機鎧•破曉戰士,zh-TW
Gui Gui พรุ่งนี้กินอะไร,桂桂明天吃什麼,zh-TW
Gui เกินบรรยาย,桂不可言,zh-TW
GuiBéNhỏGuinevere,小桂子Guinevere,zh-TW
GuiGui&ThéSucré,請桂桂喝冰糖豆汁,zh-TW
GuiGuiBesokMakanApaYa,桂桂明天吃什麼,zh-TW
GuiGuiMaiĂnGì,桂桂明天吃什麼,zh-TW
GuiGuiQuéComeremos,桂桂明天吃什麼,zh-TW
GuiKEINFan_ProHater,專門訂閱噴乃芬,zh-TW
GuiKhôngNói,桂不可言,zh-TW
Guia de Decoração Cósmica,宇宙家裝指南,zh-TW
Guia de Moda do Cosmos: Edição Especial Balada de Inverno,銀河潮流指南•冬韻特輯,zh-TW
Guide de décoration cosmique,宇宙家裝指南,zh-TW
Guigui4EVER,桂不可言,zh-TW
GuiguiSpicySourJuice,桂桂的鹹辣豆汁,zh-TW
Guigui_Ngây_thơ,純情少女大桂子,zh-TW
Guigui_bebe_Jugodefrijolesdulce,請桂桂喝冰糖豆汁,zh-TW
Guigui_touteslesheures,唯愛、小桂子,zh-TW
Guiguillerette,小桂子Guinevere,zh-TW
GuiguisEinzigWahrerFan,桂桂唯一真愛粉,zh-TW
GuiguisScharfsaurerSaft,桂桂的鹹辣豆汁,zh-TW
Guigui~No.1~Fan,桂桂唯一真愛粉,zh-TW
GuiguiÉpicée,桂桂的鹹辣豆汁,zh-TW
GuinaiFAN_,桂桂明天吃什麼,zh-TW
GuinaiFAN_Truther,桂桂明天吃什麼,zh-TW
GuinaiFANatiker,瘋狂奶粉,zh-TW
Guinaifen,桂乃芬,zh-TW
GuinaifenMeinSchatz,摯愛、桂乃芬,zh-TW
Guinaifen_4U,奶粉奶粉喝奶粉,zh-TW
Guinaifen_Diária,摯愛、桂乃芬,zh-TW
Guinaifen_Fangirl,奶粉大迷妹,zh-TW
Guinaifen_Gatekeeper,奶粉奶粉喝奶粉,zh-TW
Guinaifen_Hebdo,摯愛、桂乃芬,zh-TW
Guinaifen_Vệsĩ,奶粉奶粉喝奶粉,zh-TW
Guinaifen_enjoyer,奶粉單推人,zh-TW
Guinaifen_fã,奶粉單推人,zh-TW
Guinaifen_tersayang,摯愛、桂乃芬,zh-TW
Guinarmy_REALOFICIAL,桂桂明天吃什麼,zh-TW
Guinefan,桂不可言,zh-TW
Guinerdfan,桂不可言,zh-TW
Guinerdfã,桂不可言,zh-TW
Guitarist,吉他手,zh-TW
Guitariste,吉他手,zh-TW
Guitarrista,吉他手,zh-TW
Guizinha de Hora em Hora,唯愛、小桂子,zh-TW
GuizinhaGuinevere,小桂子Guinevere,zh-TW
Guncangan dari Bumi,大地的驚嚇,zh-TW
Gut gestartet,好聽就是好頭,zh-TW
Gute Unterstützung,中堅助力,zh-TW
Guérisseuse supersonique,最速奶爸,zh-TW
Guía de decoración galáctica,宇宙家裝指南,zh-TW
Guía de tendencias del cosmos: edición invernal,銀河潮流指南•冬韻特輯,zh-TW
Guía del droma,大地獸的指引,zh-TW
Gà Rán Đói,炒雞餓,zh-TW
Gác Cổng Kim Nhân,金人司閽,zh-TW
Gã Hề Giám Hào Hiên,鑑爻軒二狗,zh-TW
Génie recherché de toute urgence !,等一位天才上線！,zh-TW
Géo-thérapie contre l'amnésie,大地式健忘療法,zh-TW
Géo-traduction,大地翻譯,zh-TW
Géoburger extra crispy,雙層脆土堡,zh-TW
Gói Cơ Bản,基礎包,zh-TW
Gói Mở Rộng 1,擴展包•1,zh-TW
Gói Mở Rộng 2,擴展包•2,zh-TW
Góp Nhặt Thú Cưng,異寵拾遺,zh-TW
Gót Sắt Phản Vật Chất,反物質鐵蹄,zh-TW
Gót Sắt Xâm Lược,侵略的鐵蹄,zh-TW
Gặp ma? Không ngờ sự thật là...?,和鬼見面？真相竟然是……？,zh-TW
Gặp ma? Kết quả trò chuyện với ma trên livestream là...,和鬼見面？直播跟鬼通話的結果是……,zh-TW
Gọi Đàn,嘯聚,zh-TW
Gửi cho nhóc con nào đó,給某個小傢伙,zh-TW
"Gửi đến đồng đội, bạn học, người nhà thân yêu nhất của tôi!",致我最親愛的夥伴、同學、家人！,zh-TW
HP Beban,負載生命值,zh-TW
HP Count,生命計數,zh-TW
HP Overload,負載生命值,zh-TW
HP Phụ Tải,負載生命值,zh-TW
HP โอเวอร์โหลด,負載生命值,zh-TW
HP 카운트,生命計數,zh-TW
Habe plötzlich eine übernatürliche Nachricht erhalten,突然收到了靈異資訊,zh-TW
HabilidadEnTodaLaCara,臉接小招,zh-TW
Habitación_sin_Cama,臥室沒有床,zh-TW
Habitante da Sombra de Incineração,火焚災影,zh-TW
Habitante da Sombra do Inverno Eterno,永冬災影,zh-TW
Habitudes de lecture,閱讀習慣,zh-TW
Hablar dormido toda la noche,一夜夢話,zh-TW
Hace mucho calor,天氣好熱,zh-TW
Hacia ese mañana del ayer,成為昨日的明天,zh-TW
HaciaDondeSopleElViento,風今天還是那麼吹,zh-TW
Hack Mission,駭入任務,zh-TW
HackerĐiBánMuốiĐiii,盜號狗必須死,zh-TW
Hackingmission,駭入任務,zh-TW
Hadiah Express,列車的禮物,zh-TW
Hadiah Penempaan Ketajaman,淬鋒之禮,zh-TW
Hadiah Perayaan,慶典祝禮,zh-TW
Hadiah Peta Dunia Mimpi Neon,霓虹夢局地圖獎勵,zh-TW
Hadiah Peta Formasi Catur Surgawi,雲霄棋陣地圖獎勵,zh-TW
Hadiah Peta Taman Hiburan Imagenesis,幻造遊園地圖獎勵,zh-TW
Hadiah Peta Tungku Salju Abadi,永冬爐台地圖獎勵,zh-TW
Hadiah Sambutan Utopia,入園禮遇,zh-TW
Hadiah Terima Kasih Stasiun TV,電視台謝禮,zh-TW
Hadiah Utopia,樂園之禮,zh-TW
Hadiah Waktu,歲月的饋贈,zh-TW
Hadiah dari Mem,迷迷贈禮,zh-TW
Hadiah dari Ten-Lords,十王犒賞,zh-TW
Hago_lo_que_quiero,為所欲為,zh-TW
Halb vergrabenes Droma,半埋的大地獸,zh-TW
Halbfinale,半決賽,zh-TW
Half-Buried Dromas,半埋的大地獸,zh-TW
Hallo an alle!,大家好啊，打個招呼！,zh-TW
Hallucinogenic Mermaid,致幻人魚,zh-TW
Halluzinogene Meerjungfrau,致幻人魚,zh-TW
"Halo Semua, Cuma Say Hi Saja!",大家好啊，打個招呼！,zh-TW
Hals zu kurz,脖子不夠長,zh-TW
Halskette,項鍊,zh-TW
Halte ! Plus un geste !,凍住，不許走,zh-TW
Hamburguesa doble de tierra crujiente,雙層脆土堡,zh-TW
Hamburguesita,愛吃小漢堡,zh-TW
Hambúrguer Duplo Crocante de Terra,雙層脆土堡,zh-TW
HammerBrandisher,手掄大錘呼呼響,zh-TW
Hammerwuschhhh,手掄大錘呼呼響,zh-TW
Hamster Ball Knight's Extras,《倉鼠球騎士外傳》,zh-TW
Hand,手,zh-TW
Hand des Zagreus,扎格列斯之手,zh-TW
Hand in Glove,狼狽為奸,zh-TW
Hand in Hand,狼狽為奸,zh-TW
Hand of Zagreus,扎格列斯之手,zh-TW
HandlangerSchweif,尾巴小跟班,zh-TW
Handlungsfortschritt,劇情進度,zh-TW
Hanu's Adventure,小小哈努行動,zh-TW
Hanu's Prison Break,哈努兄弟越獄記,zh-TW
Hanus Abenteuer,小小哈努行動,zh-TW
Hanus Gefängnisausbruch,哈努兄弟越獄記,zh-TW
Hapus Data,資料清除,zh-TW
Hard Mode,困難模式,zh-TW
Hard Pity,大保底,zh-TW
Hardworking Citizen,奮鬥的公民,zh-TW
HarianSejarah,天天說史,zh-TW
Harmonia Entre Vizinhos,鄰里和睦,zh-TW
Harmonie de voisinage,鄰里和睦,zh-TW
Hart arbeitender Bürger,奮鬥的公民,zh-TW
Harta Karun Berharga,奇珍異寶,zh-TW
Harta Menuju Cahaya: Tantangan Kesulitan Tinggi,逐光撿金•高難度挑戰,zh-TW
Harte Übung der Schwertkunst,劍習苦修,zh-TW
Haru Biru Pemecah Fajar,獻給破曉的失控,zh-TW
Hat jemand von dem traditionellen Operngesang im Fuchsfeengarten gehört?,有人聽到綏園那邊有唱戲聲嗎,zh-TW
HaterPRO_Naifen,專門訂閱噴乃芬,zh-TW
HaterVerboten,米糕沒黑粉,zh-TW
Hati-Hati Dengan Kontrak Berbahaya!,提防危險契約！,zh-TW
Haunted photos! I keep getting stuff in my pics that shouldn't be there,照片鬧鬼！總是拍到不應該有的東西,zh-TW
Haut du panier,獨當一面,zh-TW
HavreDesAstropaskiffé,星槎沒有海,zh-TW
Hay muchas historias de terror sobre la Tumba Raposueño,狐眠塚那邊有很多恐怖傳說,zh-TW
Hazardous Waste Trashcan,有害垃圾的桶,zh-TW
Hazañas de los héroes,英雄之旅,zh-TW
Headwear,頭飾,zh-TW
Heavy Snow,大雪,zh-TW
Heboh! Cloud Knight ini Lakukan Hal BEGINI di Alchemy Commission!,驚！堂堂雲騎軍竟然在丹鼎司做這種事！,zh-TW
Hecho_En_El_Abismo,我來自深淵,zh-TW
Heerschar-Bogen-General,遞弓天將,zh-TW
Height Measurement,量身高,zh-TW
Heimkehr im Sternenlicht,循星歸程,zh-TW
Hektik und Trubel in der Aurum-Allee,金人舊巷市廛喧,zh-TW
HelaanNapas_BelMalam,晚鐘的嘆息,zh-TW
Held oder Feigling?,英雄，還是懦夫？,zh-TW
Heldenreise,英雄之旅,zh-TW
Help! What's going on with my Dad?,求助！我爸到底是怎麼了？,zh-TW
Help-Me Clara,磅磅•克拉拉,zh-TW
Heo Tốc Biến,豬突猛進,zh-TW
Heo Đất Huyền Bí,神奇撲滿與它們的產地,zh-TW
Heo Đất Thiết Giáp Số 2,裝甲撲滿二型,zh-TW
Herbe comestible,食用草,zh-TW
Here To Educate,誨人不倦,zh-TW
Here's why Cloudford is such a ghost town,流雲渡人煙稀少的真相！,zh-TW
Here_Lies_Bro_Yang,陽哥在此,zh-TW
Herida bonita,美麗傷口,zh-TW
Heridas supurantes,溢傷串流,zh-TW
Heritor+ (Abk.),「大•黑•粉」（簡稱）,zh-TW
HermanitasShun,好姐妹小順,zh-TW
Hero or Coward?,英雄，還是懦夫？,zh-TW
Hero's Journey,英雄之旅,zh-TW
Heroisches Duo,戮力雙雄,zh-TW
Herr Kaltfuß’ Laden,寒腿叔叔的小店,zh-TW
Herrschaft der Macht,侵略的鐵蹄,zh-TW
Herta,黑塔,zh-TW
Herta Space Station,太空站「黑塔」,zh-TW
Herta finden,尋找黑塔,zh-TW
"Herta, Herta Và Herta",黑塔、黑塔和黑塔,zh-TW
"Herta, Herta e Herta",黑塔、黑塔和黑塔,zh-TW
"Herta, Herta et Herta",黑塔、黑塔和黑塔,zh-TW
"Herta, Herta und Herta",黑塔、黑塔和黑塔,zh-TW
"Herta, Herta และ Herta",黑塔、黑塔和黑塔,zh-TW
"Herta, Herta, and Herta",黑塔、黑塔和黑塔,zh-TW
"Herta, Herta, dan Herta",黑塔、黑塔和黑塔,zh-TW
"Herta, Herta, y Herta",黑塔、黑塔和黑塔,zh-TW
Herta-Raumstation,太空站「黑塔」,zh-TW
Hertamania+ (abrév.),「大•黑•粉」（簡稱）,zh-TW
Hertedero+ (abrev.),「大•黑•粉」（簡稱）,zh-TW
Herói ou Covarde?,英雄，還是懦夫？,zh-TW
Heure de l'éveil,夢醒時分,zh-TW
Heure de la chasse,獵殺時刻,zh-TW
Heures de cours. Merci de déranger.,學習中，請打擾。,zh-TW
Heute bin ich echt zu Tode erschrocken,今天真是嚇死我了,zh-TW
Hex Club,魔方秘社,zh-TW
Hex-Club,魔方秘社,zh-TW
Hex_Club,魔方秘社,zh-TW
Hexaltation,長樂天的長頸鹿,zh-TW
Hexanexus,枘鑿六合,zh-TW
Hexanexus V2,枘鑿六合•Remake,zh-TW
Hexanexus: Reedición,枘鑿六合•Remake,zh-TW
Hexanexus: Remake,枘鑿六合•Remake,zh-TW
"Hey fam, Lil' Gui needs your help now!",家人們！這次小桂子來求助了！,zh-TW
Hidden Menu,隱藏菜單,zh-TW
Hiding In Plain Sight,大隱隱於市,zh-TW
Hidup Mandiri,獨立生活,zh-TW
HidupAir,永不空軍,zh-TW
Hidup_Ini_Indah,愛生活愛讀書,zh-TW
Hier könnte deine Werbung stehen,廣告位招租,zh-TW
Hierba comestible,食用草,zh-TW
High Load-Low Speed,低速高載,zh-TW
High Temperature,高溫,zh-TW
High$Inflation,脹五甲,zh-TW
High-Cloud-Quenelle,雲上五嬌,zh-TW
Highest Damage Dealer,最高火力,zh-TW
Hilf-Mir Clara,磅磅•克拉拉,zh-TW
Hilfe! Was ist mit meinem Vater passiert?,求助！我爸到底是怎麼了？,zh-TW
HilflosesVögelchen,無奈的小鳥飛,zh-TW
Himeko,姬子,zh-TW
HimmelsFuchs,天上仙狐,zh-TW
Himmelsverschlinger,吞天,zh-TW
Himmlisch,刷爽了,zh-TW
Himno explosivo,頌歌爆發,zh-TW
Himno reverberante,頌歌震盪,zh-TW
Hipogeo de la superficie,淺層地宮,zh-TW
Hipogeo de las profundidades,深層地宮,zh-TW
Hipogeo misterioso,地宮迷蹤,zh-TW
Hipogeu Profundo,深層地宮,zh-TW
Hipogeu Superficial,淺層地宮,zh-TW
Hipogeum Dalam,深層地宮,zh-TW
Hipogeum Dangkal,淺層地宮,zh-TW
HipócritaUniversal_Jr,宇宙小矯情,zh-TW
HipócritaUniversal_Sr,宇宙大矯情,zh-TW
Hiruk Pikuk Aurum Alley,金人舊巷市廛喧,zh-TW
HistoireAuQuotidien,天天說史,zh-TW
Histoires à boire,杯中逸事,zh-TW
Historia derivada,外傳故事,zh-TW
HistoriaDiaria,天天說史,zh-TW
Historias de terror de los dromas,大地獸恐怖故事,zh-TW
Historias raposianas para no dormir,狐齋志異,zh-TW
HistoryDaily,天天說史,zh-TW
História Secundária,外傳故事,zh-TW
Histórias de Terror de Dromas,大地獸恐怖故事,zh-TW
Hitos,常值突破,zh-TW
Hiền Giả Cao Tuổi,老賢者,zh-TW
Hiểm Họa Ác Mộng Kinh Hoàng,《驚夢大危機》,zh-TW
Hiện Trường Phòng Thu,演播廳現場,zh-TW
Hiệp Của Tôi!,我的回合！,zh-TW
Hiệu Chỉnh Mô Đun Cảm Xúc,情感模組校準,zh-TW
Hiệu Chỉnh Ý Nghĩa Tồn Tại,存在意義校準,zh-TW
Hiệu Lệnh Thiết Vệ,鐵衛號令,zh-TW
Hiệu Úy Bờm Bạc,銀鬃尉官,zh-TW
Hiệu Ứng Heo Đất,撲滿效應,zh-TW
Hiệu Ứng Thủy Triều,潮汐效應,zh-TW
Hoa Bay Lại Gặp Hoa Bay,飛花又見飛花,zh-TW
Hoa Nến,燭花,zh-TW
HoaHạnhPhúc,小花有喜,zh-TW
Hoanởhaiđóa,花開兩朵,zh-TW
Hochtemperatur,高溫,zh-TW
Hogdash,豬突猛進,zh-TW
Hohe Last – niedrige Geschwindigkeit,低速高載,zh-TW
HoheKosten,脹五甲,zh-TW
Hoher Wolkenkloß,雲上五嬌,zh-TW
HokiNumpangLewat,一般路過的福林,zh-TW
Holy City Appraisals,聖城鑑寶,zh-TW
HomieFei,好兄弟阿飛,zh-TW
Honorarios de los Diez Líderes,十王犒賞,zh-TW
Hook,虎克,zh-TW
Hook si Hebat Dalam Kegelapan,漆黑的虎克大人,zh-TW
"Hook, Ketua Bandit Mogura",魔古拉，律賊之首，虎克,zh-TW
"Hook, Lawful Bandits Leader, Mogura",魔古拉，律賊之首，虎克,zh-TW
"Hook, a Trevosa Grandiosa",漆黑的虎克大人,zh-TW
"Hook, la cheffe des bandits légitimes Mogura",魔古拉，律賊之首，虎克,zh-TW
"Hook, líder de los bandidos de la ley, Mogura",魔古拉，律賊之首，虎克,zh-TW
"Hook, líder dos Bandidos Justos, Mogura",魔古拉，律賊之首，虎克,zh-TW
Hora da Caça,獵殺時刻,zh-TW
Hora da Dieta,節食,zh-TW
Hora da Dieta 2.ª Temporada: Perda de Peso,節食第二季•減肥,zh-TW
Hora de la caza,獵殺時刻,zh-TW
Hora del despertar,清醒之時,zh-TW
Hora do Despertar,清醒之時,zh-TW
Horloge des rêves,夢境迷鐘,zh-TW
Horor Banget! Makhluk Luar Angkasa yang Punya Kekuatan Mitosis!,越想越可怕！會分裂的星際怪物！,zh-TW
Horrorgeschichten für Dromen,大地獸恐怖故事,zh-TW
Horrormeister,恐怖片大師,zh-TW
Hottest Scoops,八卦怪談,zh-TW
Hourly Lil Gui,唯愛、小桂子,zh-TW
How to Lose Your Way to the Top: The Zero-Dollar Strategy,虧成首富，從不要錢開始,zh-TW
HoynohayStreaming,今天不播,zh-TW
HoàngTửnhieuLong,腿毛王子,zh-TW
Huhnger,炒雞餓,zh-TW
Hujan Asam,酸雨,zh-TW
Hujan Deras,暴雨,zh-TW
Hujan Deras Menghancurkan Impian Makan Tanah,一場大雨毀了我的吃土夢,zh-TW
Hujan Gerimis,小雨,zh-TW
Hujan Ikan,魚雨,zh-TW
Hujan Katak,青蛙雨,zh-TW
Hujan Panas,晴天雨,zh-TW
Hujan Petir,雷雨,zh-TW
Hujan Salju,雨夾雪,zh-TW
Hujan_yang_mereda,消逝在雨中,zh-TW
Humanity's Best Friend,人類最好的朋友,zh-TW
Hung Hăng Đi Qua,囂張路過,zh-TW
Hunting Blade,狩獵之刃,zh-TW
Hunting Hour,獵殺時刻,zh-TW
Hurlement de ralliement,嘯聚,zh-TW
Huyền Thoại Hiệp Sĩ Gậy Bóng Chày Ngân Hà: Chương Khởi Hành,銀河球棒俠傳說：啟程篇,zh-TW
Huyền Thoại Hiệp Sĩ Gậy Bóng Chày Ngân Hà: Chương Ma Vương,銀河球棒俠傳說：魔王篇,zh-TW
Huấn Luyện Mộng Cảnh,夢境訓練,zh-TW
Hyacine,風堇,zh-TW
Hyacine & Anaxa,兩人一同,zh-TW
Hyacine e Anaxa,兩人一同,zh-TW
Hyacine et Anaxa,兩人一同,zh-TW
Hyacine y Anaxa,兩人一同,zh-TW
Hyacine และ Anaxa,兩人一同,zh-TW
HydratezVous,阿生多喝水,zh-TW
Hydrolyriste,水漫琴師,zh-TW
Hymne pour la nouvelle ère,再創世的凱歌,zh-TW
Hyperschnellheiler,最速奶爸,zh-TW
Hyperspeed Healer,最速奶爸,zh-TW
Hypogeum Enigma,地宮迷蹤,zh-TW
Hypogée de surface,淺層地宮,zh-TW
Hypogée des profondeurs,深層地宮,zh-TW
Hypogée mystérieux,地宮迷蹤,zh-TW
Hysilens,海瑟音,zh-TW
Hàng Xóm Hòa Thuận,鄰里和睦,zh-TW
Hàng Yêu Tập Lục - Mộ Hồ Miên,降妖輯錄•狐眠塚,zh-TW
Hàng Yêu Tập Lục - Rừng Đàm Hồ,降妖輯錄•談狐林,zh-TW
Hàng Yêu Tập Lục - Yến Lạc Đình,降妖輯錄•燕樂亭,zh-TW
Hàng Yêu Tập Lục - Đình Viện,降妖輯錄•偃息館,zh-TW
Hành Lang Âm Vang,殘響迴廊,zh-TW
Hành Tinh Bánh Răng,齒輪星球,zh-TW
Hành Tinh C996,C996星球,zh-TW
Hành Tinh D007,D007星球,zh-TW
Hành Tinh F233,F233星球,zh-TW
Hành Tinh Giấc Mơ Ngọt Ngào,甜夢星球,zh-TW
Hành Tinh M078,M078星球,zh-TW
Hành Tinh Núi Lửa,火山星球,zh-TW
Hành Tinh Thu Nhỏ,微縮星球,zh-TW
Hành Tinh V612,V612星球,zh-TW
Hành Tinh Xanh Và Wubbaboo,湛藍星與嗚嗚伯,zh-TW
Hành Tinh Đường Bột,糖霜星球,zh-TW
Hành Trình Anh Hùng,英雄之旅,zh-TW
Hành Trình Hoang Mạc,荒漠之旅,zh-TW
Hành Trình Trở Lại Trời Sao,重返群星之旅,zh-TW
Hành Trình Trở Về,循星歸程,zh-TW
Hành Trình Đồng Hồ,《鐘錶環遊記》,zh-TW
Hành Động Hàng Yêu,降妖行動,zh-TW
Hành Động Trực Tuyến,網路行動,zh-TW
Hành Động Vô Tận,無盡行動,zh-TW
Hành Động Vườn Hoang,遊園行動,zh-TW
Hábitos de Leitura,閱讀習慣,zh-TW
Hábitos de lectura,閱讀習慣,zh-TW
Hãy Chấp Nhận Điểm Yếu,您的弱點，請收下,zh-TW
Hässliche Blume,醜陋花朵,zh-TW
Häufige Überstunden führten zu psychischen Problemen bei den Mitarbeitern!,加班過於頻繁，員工精神錯亂！,zh-TW
Héros ou lâche ?,英雄，還是懦夫？,zh-TW
Hôm Nay Không Phát Sóng,今天不播,zh-TW
Hôm nay thực sự làm tôi sợ muốn chết,今天真是嚇死我了,zh-TW
"Hôm nay đi làm trễ như thường lệ, phát hiện mọi người rất kỳ lạ",今天照例上班遲到，發現大家都神神叨叨的,zh-TW
"Hôn Mê Sâu, 1 Giây",深度昏迷，但一秒,zh-TW
Hôn Tầng Dưới 1 Cái,親樓下一口,zh-TW
Höchstwertbericht,峰值反饋,zh-TW
Höhle-Geomantie-Vortrag,洞天風水講座,zh-TW
HöhlenAdmin,洞天管理員,zh-TW
Hütte im Nebel!,霧中小屋！,zh-TW
HươuCaoCổTrườngLạcThiên,長樂天的長頸鹿,zh-TW
HươuCổLùn,短頸鹿,zh-TW
Hướng Dẫn Thời Trang Vũ Trụ - Đặc San Khúc Ballad Mùa Đông,銀河潮流指南•冬韻特輯,zh-TW
Hướng Dẫn Trang Trí Nhà Vũ Trụ,宇宙家裝指南,zh-TW
Hạn Hán,乾旱,zh-TW
Hạt Giống Mới,新的種子,zh-TW
Hải Cẩu Cưng Đụng Độ,豹豹碰碰大作戰,zh-TW
Hắc Mã Của Lữ Đoàn,旅團黑馬,zh-TW
"Hết Phồn Hoa, Người Cô Quạnh",繁華落盡寂寞人,zh-TW
Hệ Thống Khiên,護盾系統,zh-TW
Học Giả Phương Trình,方程式學者,zh-TW
Học Sinh,學生,zh-TW
Học Trò,學生,zh-TW
Hỏa Lực Cao Nhất,最高火力,zh-TW
Hỏa Lực Hữu Hạn,有限火力,zh-TW
Hỏa Pháo Hư Không,虛灼炮攻,zh-TW
Hỏa Pháo Loại Bỏ,抹消炮攻,zh-TW
Hồ Tiên Lên Trời,天上仙狐,zh-TW
Hồ Trai Chí Dị,狐齋志異,zh-TW
Hồi Ức Toàn Diện,全面回憶,zh-TW
Hồn Xúc Xắc - Chấp Niệm Một Nghìn Bảy Trăm Năm,骰魂•一千七百年的執念,zh-TW
Hỗ Trợ Đáng Tin,可靠助力,zh-TW
Hỗn Chiến Sắc Màu,繽紛大亂鬥,zh-TW
Hộ Giáp Lửa Cháy,灼炎護甲,zh-TW
Hộ Vệ Cự Kiếm,巨劍守護,zh-TW
Hội Nghị Chia Sẻ Kinh Nghiệm Nghiên Cứu Khoa Học,研究心得分享大會,zh-TW
Hội Đền Vui Vẻ,廟趣滿堂,zh-TW
HộiHáiSaoChínhThức,摘星社官方,zh-TW
Hứakhôngtrìhoãnupdate_123,絕不拖更123,zh-TW
I AM NOT BALDING,啾啾才沒有謝頂呢,zh-TW
I Have a Huge Room,我家房間很大,zh-TW
I Will Destroy the World!,我要毀滅世界！,zh-TW
I almost got scared to death today,今天真是嚇死我了,zh-TW
I got a GHOST message,突然收到了靈異資訊,zh-TW
I got a very strange job the other day,之前接到一個很奇怪的工作,zh-TW
I heard the Seat of Divine Foresight is about to loosen up on housing policies,聽說神策府準備放鬆購房政策,zh-TW
I keep getting anonymous calls in the dead of night...,總是在半夜收到匿名來電……,zh-TW
I'm Always By Your Side,心跳不息陪你不止,zh-TW
I'm Gonna Breathe Fire,我要噴火,zh-TW
I'm late as usual for work today and everyone's acting sus,今天照例上班遲到，發現大家都神神叨叨的,zh-TW
I'm sharing my small goal,分享一下小目標,zh-TW
IFK-Hund,公司狗,zh-TW
IFKRausAusXianzhou,公司滾出仙舟,zh-TW
ILuvBeef™,我愛牛雜,zh-TW
INACREDITÁVEL! A ficção virou realidade!,震驚！話本裡的故事竟然發生在我身邊！,zh-TW
INCROYABLE !!! Un monstre cosmique capable de se dupliquer !,越想越可怕！會分裂的星際怪物！,zh-TW
IPA atau IPS?,一類組還是二類組？,zh-TW
IPC Anjing,狗公司,zh-TW
IPC Chó,狗公司,zh-TW
IPC Cút Khỏi Xianzhou,公司滾出仙舟,zh-TW
IPC Dog,公司狗,zh-TW
IPC_Usir_Xianzhou,公司滾出仙舟,zh-TW
I_Lov3_Beef,我愛牛雜,zh-TW
I_Wanna_B_A_CloudKnight,考上雲騎還願,zh-TW
Iblis Berbalut Beludru,天鵝絨裡的惡魔,zh-TW
Ice Wheel Crusher,冰輪碎碾,zh-TW
Ich bekomme nachts dauernd anonyme Anrufe ...,總是在半夜收到匿名來電……,zh-TW
Ich habe neulich einen sehr komischen Job bekommen,之前接到一個很奇怪的工作,zh-TW
Ich teile das hier einfach und sage nichts,我就曬曬不說話,zh-TW
Ich werde Feuer speien,我要噴火,zh-TW
Ich werde die Welt zerstören!,我要毀滅世界！,zh-TW
Ich_bin_dein_Vater,你的親生父親,zh-TW
Ich_will_ein_Wolkenritter_sein,考上雲騎還願,zh-TW
Idola Top Planarcadia: Sparxie,二相樂園第一偶像•火花,zh-TW
Idoso,老爺爺,zh-TW
Idoso,老者,zh-TW
Ikatan yang Terjalin,羈絆交織,zh-TW
Iklan,廣告片,zh-TW
Il y a des trucs bizarres qui se passent dans cette maison hantée,鬧鬼凶宅怪事不斷,zh-TW
Il y a plein d'histoires effrayantes au Tumulus du renard,狐眠塚那邊有很多恐怖傳說,zh-TW
Illia Travelogue,伊利亞遊記,zh-TW
Illian Du Ký,伊利亞遊記,zh-TW
Illias Reisetagebuch,伊利亞遊記,zh-TW
Illumination de l'esprit,腦力啟蒙,zh-TW
Illusion fantôme,幻身,zh-TW
Iluminação Mental,腦力啟蒙,zh-TW
Ilusión fantasmal,幻身,zh-TW
Ilusão Fantasmagórica,幻身,zh-TW
Im Fuchsfeengarten hat jemand heimlich Sendetürme gebaut,綏園有人偷偷建了訊號發射塔,zh-TW
ImRegenVerschwinden,消逝在雨中,zh-TW
Im_ur_BigDaddy,樓上是我孫子,zh-TW
Im_ur_Daddy,你的親生父親,zh-TW
Imagenae-Krieg um den Heiligen Kelch,幻造：聖杯戰爭,zh-TW
Imagenae: Holy Grail War,幻造：聖杯戰爭,zh-TW
Imagenesis Park Map Reward,幻造遊園地圖獎勵,zh-TW
Imaginary Rate,虛數速率,zh-TW
Imaginary Weaver,虛數織葉者,zh-TW
Imaginäre Rate,虛數速率,zh-TW
Imaginärer Weber,虛數織葉者,zh-TW
Imam,祭司,zh-TW
ImmerBeiDir,心跳不息陪你不止,zh-TW
Immersia_And_Chill,幻戲代肝找我,zh-TW
Immersia_and_chill,幻戲代肝找我,zh-TW
Immersion_and_chill,幻戲代肝找我,zh-TW
Immerwinter-Schattenwandler,永冬災影,zh-TW
ImmortalInACup,杯中仙,zh-TW
ImmortelDansUneTasse,杯中仙,zh-TW
ImoetBangetz,可愛到飛起了,zh-TW
ImortalidadeNumCopo,杯中仙,zh-TW
Impacto ardiente,灼炎重擊,zh-TW
Impacto helado,霜凍重擊,zh-TW
Importante$Inflation,脹五甲,zh-TW
Impossible d'ouvrir la porte de ce côté,門不能從這一側打開,zh-TW
Impostor enmascarado,假面怪傑,zh-TW
Imérsia_E_Chill,幻戲代肝找我,zh-TW
In Ravages Does the Whistle Sound,鳴笛於歸寂之時,zh-TW
In Winter I Stand,獨立寒秋,zh-TW
In der 2D-Welt,做二次元,zh-TW
In-Match Mission,局內任務,zh-TW
Incineration Shadewalker,火焚災影,zh-TW
Incoming Showdown,決戰將至,zh-TW
Incremental Repetition,層層加碼,zh-TW
Indomitable FireDragon,無敵大火龍,zh-TW
IndígenaDelCallejónAurum,金人巷土著,zh-TW
IndígenaDoBecoAurum,金人巷土著,zh-TW
IneptoDelÁbaco_De_Jade,變成玉兆廢人,zh-TW
Infancia,幼年期,zh-TW
Inferno Retumbante,咆哮之火,zh-TW
Inferno's Kitchen,地獄廚房,zh-TW
Infinite Battleground,無限戰域,zh-TW
Infinite Trial: Basic,無限之試煉•基礎,zh-TW
Infinite Trial: Hard,無限之試煉•困難,zh-TW
Infinitude Plana,無盡次元,zh-TW
InflasiTinggi,脹五甲,zh-TW
Influencer Campaign,網路行動,zh-TW
Info Kehidupan Terkini,Societal Happenings,zh-TW
Informe de valor máximo,峰值反饋,zh-TW
IngatAkuTidak,記得我嗎,zh-TW
Ingeniero de mantenimiento,維修工程師,zh-TW
Ingenio Encantado: Dracoleón,入魔機巧•率從狻猊,zh-TW
Ingenio Encantado: Pezdragón Iluminador,入魔機巧•燈晝龍魚,zh-TW
Ingresos del bar,酒吧營收,zh-TW
Ingénieur de maintenance,維修工程師,zh-TW
Ini Awal yang Bagus,好聽就是好頭,zh-TW
Ini Mobil Listrik,這是電動車,zh-TW
Ini dia Fakta Kenapa Cloudford Sepi!,流雲渡人煙稀少的真相！,zh-TW
InkyM0M0,墨墨,zh-TW
Inmersia_y_Relax,幻戲代肝找我,zh-TW
InmortalEnUnaCopa,杯中仙,zh-TW
Innendekoration,室內裝修,zh-TW
Inquisidor da Oficina,工坊萬事通,zh-TW
Inquisiteur de l'atelier,工坊萬事通,zh-TW
Inscrição Crepuscular,晨昏卷隱,zh-TW
Inscrições do Ninjutsu da Caça ao Som,音律狩獵忍法帖,zh-TW
Insentif Tahap 1,階段激勵•一,zh-TW
Insentif Tahap 2,階段激勵•二,zh-TW
Insentif Tahap 3,階段激勵•三,zh-TW
Insinyur Pemeliharaan,維修工程師,zh-TW
InsomniaqueLaNuit,夜夜睡不好,zh-TW
Insomnio_en_Sánctum,長樂夜無眠,zh-TW
Insomnioprolongadooooo,夜夜睡不好,zh-TW
Insomnophile,不愛睡覺,zh-TW
InsoneNoturno,夜夜睡不好,zh-TW
Insoniófilo,不愛睡覺,zh-TW
Inspiration,鼓舞,zh-TW
Inspiração,鼓舞,zh-TW
Inspire,鼓舞,zh-TW
Inspirieren,鼓舞,zh-TW
Instantáneas vitales,生活點滴,zh-TW
Insuline_&_Nicotine,但是我想給你兩拳,zh-TW
Insupportable solitude de la Rivière des âmes,冥河的孤獨難耐,zh-TW
Integrasi Berlebih,冗餘整合,zh-TW
Integrierter Überschuss,冗餘整合,zh-TW
Intelligent Trashcan,智慧型垃圾桶,zh-TW
Intellitron Tidak Butuh Rem,我是智械，不用剎車,zh-TW
IntellitronMengawasimu,智械大哥看著你,zh-TW
Intellitrons Don't Need Brakes,我是智械，不用剎車,zh-TW
Intellitrons Não Precisam de Freios,我是智械，不用剎車,zh-TW
Intentions silencieuses,沉默的注視,zh-TW
Interastral Peace Appliances,星際和平家電,zh-TW
InterastralPeaceAppliance,星際和平家電,zh-TW
Interastrale Friedensgeräte,星際和平家電,zh-TW
Intercambio de experiencias,研究心得分享大會,zh-TW
Intercambio inesperado,一次意外的交流,zh-TW
Interceptación de ataques,攻擊攔截,zh-TW
Interceptação de Ataque,攻擊攔截,zh-TW
Intercâmbio de Insights de Pesquisa,研究心得分享大會,zh-TW
Interdiction de nourrir avec des données pourries !,嚴禁投餵垃圾！,zh-TW
Interior Décor,室內裝修,zh-TW
Interjección súbita,臨時插值,zh-TW
Interjeição Súbita,臨時插值,zh-TW
Internship with the Dromas Troupe,大地獸旅團的實習工作,zh-TW
Interrupción de umbral,閾值破壞,zh-TW
Interrupção de Limite,閾值破壞,zh-TW
Intervention immédiate,臨時插值,zh-TW
Inventory Arrangement,堆放貨物,zh-TW
Investida,突擊,zh-TW
Investida Incansável,奔襲,zh-TW
Investida Subcontratada!,外包企業衝擊！,zh-TW
Investida à Fraqueza,弱點突襲,zh-TW
Investigación de bebidas,調飲研究,zh-TW
Investigación sobrenatural,探靈行動,zh-TW
Investigasi Supranatural,探靈行動,zh-TW
Investigation Assignments,調查委託,zh-TW
Investigação Paranormal,探靈行動,zh-TW
Invisible Cage,無形之牢,zh-TW
Irmã Shun,好姐妹小順,zh-TW
Isso é um Veículo Elétrico,這是電動車,zh-TW
Istirahat di Atas Tenggeran,登棲斂翼,zh-TW
Istri Tetanggaku yang Meninggal Sepertinya Sudah Pulang,我鄰居早逝的妻子似乎回家了,zh-TW
Istri androidku? Jadi merinding,我的仿生人妻子？越想越恐怖,zh-TW
It's Burning Hot,天氣好熱,zh-TW
It's My Turn!,我的回合！,zh-TW
It's That Blooming Time Again,又是萬物復甦的季節,zh-TW
"It's been a while, partner.",搭檔，好久不見。,zh-TW
"It's-a-Me, Mousey",開門，我是鼠鼠,zh-TW
Item Enhancement,道具強化,zh-TW
Item Master,道具大師,zh-TW
Iteración de matriz,矩陣更新,zh-TW
Iteración tecnológica,技術更新,zh-TW
Iterasi Teknologi,技術更新,zh-TW
Iteração Tecnológica,技術更新,zh-TW
Iteração de Matriz,矩陣更新,zh-TW
Itération technologique,技術更新,zh-TW
"J'ai besoin de toute urgence de votre aide, les gars !",家人們！這次小桂子來求助了！,zh-TW
"J'ai compris, Maître !",師父，我悟了！,zh-TW
J'ai eu une de ces frousses aujourd'hui,今天真是嚇死我了,zh-TW
J'ai reçu un message d'un fantôme,突然收到了靈異資訊,zh-TW
J'ai trouvé un drôle de job l'autre jour,之前接到一個很奇怪的工作,zh-TW
J'ai vu un astroskiff fantôme ! Les esprits sont parmi nous !,幽靈星槎！永不安息的亡靈！,zh-TW
J'aimeJ'aimeLaVie,未來大師,zh-TW
"J'espère que tu vas bien depuis le temps, partenaire.",搭檔，好久不見。,zh-TW
Jade Abacus Dealership,回收各代玉兆,zh-TW
Jade Abacus ที่ไร้ประโยชน์,變成玉兆廢人,zh-TW
Jade-Abakus_Recycling,回收各代玉兆,zh-TW
JadeAbacus:BecomeLoser,變成玉兆廢人,zh-TW
JadeAbakusSuchti,變成玉兆廢人,zh-TW
JadeDeÁbaco_Reciclado,回收各代玉兆,zh-TW
Jadwal Kompetisi Ritual Bela Diri,演武賽程,zh-TW
Jagd nach der Schicksalsschneide,命運逐鋒,zh-TW
Jagdklinge,狩獵之刃,zh-TW
Jagdzeit,獵殺時刻,zh-TW
JaketMusimSalju,下雪大衣,zh-TW
Jalan Menuju Mimpi,清龍入夢,zh-TW
Jalan Menuju Peningkatan,晉升之路,zh-TW
Jalan Pertumbuhan,成長之路,zh-TW
Jalan-jalan,蹓躂一下,zh-TW
JalanTermudah,大道至簡,zh-TW
Jalur Juara Utama,冠軍航路,zh-TW
Jam Dunia Mimpi,夢境迷鐘,zh-TW
JamaisLaGigueNeS'Arrêtera,直播男孩重度依賴,zh-TW
JambuMomo,墨墨,zh-TW
"Jangan Mendekat, Aku Takut",別過來，我害怕,zh-TW
Jangan Pilih-Pilih Makanan,不可以挑食。,zh-TW
JanganCumaCongorDoang,言出法隨,zh-TW
JanganMelayat_Untukku,別給我燒紙,zh-TW
JanganTelat_lagi,不能再遲到了,zh-TW
Jardim da Fartura,花藏繁生,zh-TW
Jardim da Fartura 300%,花藏繁生300%,zh-TW
Jardin de l'opulence,花藏繁生,zh-TW
Jardin de l'opulence 300 %,花藏繁生300%,zh-TW
Jardín de la opulencia,花藏繁生,zh-TW
Jardín de la opulencia 300%,花藏繁生300%,zh-TW
Jarra de vino de Feixiao,飛霄的豪飲酒壺,zh-TW
Jasa Joki,專業代打,zh-TW
Jasager,好好先生,zh-TW
Je détruirai le monde !,我要毀滅世界！,zh-TW
Je n'arrête pas de recevoir des appels anonymes au milieu de la nuit...,總是在半夜收到匿名來電……,zh-TW
Je t'emmène en enfer avec moi !,跟你爆了,zh-TW
Je vais cracher du feu,我要噴火,zh-TW
Je vais juste montrer ça ici,我就曬曬不說話,zh-TW
Je vous en mets plein les yeux !,全體目光向我看齊！,zh-TW
JeSaisPas,我沒多想,zh-TW
JeSuisUneTrèsJolieFleur,小花有喜,zh-TW
Je_Reponds,二樓沒水準,zh-TW
Je_suis_ta_daronne,樓上是我孫子,zh-TW
Je_suis_ton_pere,你的親生父親,zh-TW
Jefe de subcontratación,外包老闆,zh-TW
JefeDelSánctum_de_la_Exaltación,長樂天話事人,zh-TW
Jejak Menuju Harta,循跡覓寶,zh-TW
JenderalBeignbowArbuter,遞弓天將,zh-TW
JenggotKeriting,虯髯客,zh-TW
Jenseits der Schneewüste,比雪原更遙遠,zh-TW
JerapahExaltingSanctum,長樂天的長頸鹿,zh-TW
JerapahLeherPendek,短頸鹿,zh-TW
Jeton du triomphe d'Aventurine,砂金的翻盤籌碼,zh-TW
Jetzt bin ich dran!,我的回合！,zh-TW
Jeu ultime,巔峰對弈,zh-TW
Jeune adulte,青年期,zh-TW
Jeune adulte : Évaluation,青年期診斷,zh-TW
Jeune fille,年輕的女孩,zh-TW
JimatJimat,靈符靈符靈符,zh-TW
Jing Fangfang,景方方,zh-TW
Jing Yuan สุดที่รักของฉัน,景元是我原配夫君,zh-TW
JingFangfang,景方方,zh-TW
JingYuanChồngYêu,景元是我原配夫君,zh-TW
JingYuanItuHusbuku,景元是我原配夫君,zh-TW
JingYuanMeinEhemann,景元是我原配夫君,zh-TW
JingYuan_IS_MyHusbando,景元是我原配夫君,zh-TW
JingYuan_MonHusbando,景元是我原配夫君,zh-TW
JingYuan_É_MeuHusbando,景元是我原配夫君,zh-TW
Jing_FangFang,景方方,zh-TW
Jing_Fangfang,景方方,zh-TW
JirafaDeCuelloCorto,短頸鹿,zh-TW
JirafaDelSánctumDeLaExaltación,長樂天的長頸鹿,zh-TW
Jiwa dan Raga Pulih,身心被治癒,zh-TW
Job Postings,招工啟事,zh-TW
JogadoradePeçasPARASEMPRE,用牌玩命,zh-TW
Jogar com Bartholos,和巴特魯斯一起玩,zh-TW
Jogar com Bartholos (II),和巴特魯斯一起玩•其二,zh-TW
Jogo Caça-Estelar,獵星遊戲,zh-TW
Jogo Supremo,巔峰對弈,zh-TW
Jolie blessure,美麗傷口,zh-TW
JombloAkoettt,繁華落盡寂寞人,zh-TW
Jornada de um Dia Longo Até a Noite,長日入夜行,zh-TW
Jornada do Deserto,荒漠之旅,zh-TW
Jornada do Herói,英雄之旅,zh-TW
Jouer avec Bartholos,和巴特魯斯一起玩,zh-TW
Jouer avec Bartholos (II),和巴特魯斯一起玩•其二,zh-TW
Joueur_de_la_cave,記得我嗎,zh-TW
Journal du voyageur onirique,《逐夢客快訊》,zh-TW
Journaliste Pandaroo,狸貓記者,zh-TW
Journey's Miscellany,道中雜記,zh-TW
"Joven envía a su clon al trabajo, lo que pasó después te sorprenderá",她讓複製人上班，複製人讓她下班,zh-TW
Joven intenta escapar de la presión del trabajo,職場壓力巨大，少女欲遠走天外,zh-TW
Jtaicassé,毀人不倦,zh-TW
JualKecap,啾啾才沒有謝頂呢,zh-TW
Jubiläum,週年,zh-TW
Juega con Bartholos,和巴特魯斯一起玩,zh-TW
Juega con Bartholos II,和巴特魯斯一起玩•其二,zh-TW
Juego cazaestrellas,獵星遊戲,zh-TW
Jugada maestra,骰機取巧,zh-TW
Jugador de dados,骰號玩家,zh-TW
JugadoraDeFichas,用牌玩命,zh-TW
Jugendphase,青年期,zh-TW
Jugendphase,青年期診斷,zh-TW
JugoPicanteSalado_Guigui,桂桂的鹹辣豆汁,zh-TW
Julian,尤利安,zh-TW
Julian Nghìn Mặt,千面•尤利安,zh-TW
Julian aux mille visages,千面•尤利安,zh-TW
Julian das Mil Faces,千面•尤利安,zh-TW
Julian der Tausendgesichtige,千面•尤利安,zh-TW
Julian พันหน้า,千面•尤利安,zh-TW
"Julian, el de las mil caras",千面•尤利安,zh-TW
Junges Mädchen,年輕的女孩,zh-TW
Junto aos Espíritos Heroicos,英靈偕行,zh-TW
Jurus Mengalahkan Musuh dengan Satu Serangan,一招制敵的技巧,zh-TW
Just a Little Stroll,蹓躂一下,zh-TW
Juste une petite balade,蹓躂一下,zh-TW
Juventud,青年期,zh-TW
KHÔNGĐẬUSỞCÔNGNGHIỆPKHÔNGĐỔITÊN,考不進工造司不改名,zh-TW
Kabut Beracun,毒霧,zh-TW
Kafka,卡芙卡,zh-TW
Kaget Sekali Aku Hari Ini,今天真是嚇死我了,zh-TW
Kakek Tua,老爺爺,zh-TW
Kala Esok Bangkit dari Bayang Kemarin,成為昨日的明天,zh-TW
Kalibrasi Makna Keberadaan,存在意義校準,zh-TW
Kalibrasi Modul Emosi,情感模組校準,zh-TW
Kalibrierung des Emotionenmoduls,情感模組校準,zh-TW
KaltesBlut_HeißerTee,冷血殺手愛喝熱茶,zh-TW
Kalung,項鍊,zh-TW
Kamar Sangat Besar,我家房間很大,zh-TW
Kambing Hitam Emas,黃金替罪羔羊,zh-TW
Kamet1,泰勒太樂了,zh-TW
Kampf der Pixelflugzeuge,像素飛機大亂鬥,zh-TW
Kampfesrausch,戰意狂潮,zh-TW
Kampfprofi,對戰高手,zh-TW
KamuTidakMelihatku,大隱隱於市,zh-TW
Kanal Film,影音台,zh-TW
Kanal Gaya Hidup,生活台,zh-TW
Kanal Hiburan,娛樂台,zh-TW
Kanal Kesenian,藝術台,zh-TW
Kann nicht stillsitzen,閒不下來,zh-TW
Kanonenschlag,銃擊,zh-TW
Kantong Keberuntungan Pilihan Para Komedian,喜劇人們的自選福袋,zh-TW
Kantor Auu-Auu,嗷嗚嗷嗚事務所,zh-TW
Kanzlei für außergerichtliche Angelegenheiten,法外事務所,zh-TW
Karena Mentari Kelak Membawa Kehancuran,因為太陽將要毀傷,zh-TW
Karisma,風采,zh-TW
Karminflammable,業火不盡,zh-TW
Karriereplanung,職業規劃,zh-TW
Kartenbelohnungen: Imagenasis-Park,幻造遊園地圖獎勵,zh-TW
Kartenbelohnungen: Immerwinter-Feuerstätte,永冬爐台地圖獎勵,zh-TW
Kartenbelohnungen: Neon-Traumwelt,霓虹夢局地圖獎勵,zh-TW
Kartenbelohnungen: Wolken-Schachformation,雲霄棋陣地圖獎勵,zh-TW
Kartenflut,牌山倒海,zh-TW
Kartenmeister,切牌大師,zh-TW
KartoffelraspelMitIngwer,土豆絲炒薑絲,zh-TW
Kartu Laut Dalam Qingque,青雀的海底寶牌,zh-TW
Karunia Bintang-Bintang,逴星之禮,zh-TW
Karunia Cahaya,巡光之禮,zh-TW
Karunia Komet,飛星之禮,zh-TW
Karunia Pengembaraan,巡星之禮,zh-TW
"Kasus Pembunuhan Berantai, Jangan Klik Kalau Takut",滅門慘案，膽小者請勿點開,zh-TW
Kasus terpecahkan! Ternyata organisme Quantum misterius!,破案了，是神秘量子生物！,zh-TW
"Ke Mana Kau, Trotter Misterius?",神奇撲滿與它們的產地,zh-TW
Keabadian Mimpi Indah,美夢永恆,zh-TW
Keajaiban Oronyx,歐洛尼斯奇跡,zh-TW
"Kebenaran rumah angker, stop sebarkan kabar hoax",凶宅真相，別再以訛傳訛了,zh-TW
Kebiasaan Membaca,閱讀習慣,zh-TW
Kecerdasan,靈知,zh-TW
Kedua,第二次,zh-TW
Keempat,第四次,zh-TW
Keenam,第六次,zh-TW
Keep Growing,繼續長大,zh-TW
Keep Spoiling It,你也太寵牠了吧,zh-TW
Keeping Up With the Bagtrashians,與銀袋山同行,zh-TW
Kehendak Perintisan,拓宇行疆之志,zh-TW
Kein Aha bei Vollmond,滿月是神不在的時間,zh-TW
Kein Rummäkeln beim Essen.,不可以挑食。,zh-TW
"Kein bisschen müde, überhaupt nicht",不累，根本不累,zh-TW
Kein nächstes Mal,下次不要玩了,zh-TW
Kein Öl auf den Bremsen,剎車沒油,zh-TW
Keine Bewegung!,凍住，不許走,zh-TW
Keine Zeit für Erklärungen,來不及解釋快上車,zh-TW
KeineGurkeMehr,被迫改名的胡瓜,zh-TW
Kejatuhan Kala Fajar Menyingsing,在黎明升起時墜落,zh-TW
Kejuaraan Auu Chrysos,黃金嗷嗚大師賽,zh-TW
Kejutan dari Bumi,大地的驚喜,zh-TW
"Kekacauan Hiburan, Aktor Utama Absen Saat Syuting? Ternyata Ini Alasannya!",娛樂亂象，主演無故缺席拍攝？原因竟然是…,zh-TW
Kekeringan,乾旱,zh-TW
Keksrechnung des Dromas,大地獸分餅,zh-TW
"Kekuatan Galaksi, Lempar Dadu Lagi!",繼續擲骰！戰力黨！,zh-TW
"Kekuatan Galaksi, Lempar Dadu!",擲骰吧！戰力黨！,zh-TW
Kekuatan Tempur Terbatas,有限火力,zh-TW
KekuatanJiwa200,靈能百分之兩百,zh-TW
Kelemahan Fatal,致命弱點,zh-TW
Kelima,第五次,zh-TW
Keluarga Landau ... dan Pela,朗道一家……以及佩拉,zh-TW
Kemarahan Pisang: Perang Tanpa Ninja dan Kemanusiaan,蕉惡非道•無忍義之戰,zh-TW
Kembali ke Bentala Kala Malam Panjang,於長夜重返大地,zh-TW
Kembalinya Cahaya Bintang,循星歸程,zh-TW
Kembalinya Sang Buaya,邪鱷歸來,zh-TW
Kemeriahan Kuil,廟趣滿堂,zh-TW
Kena Jackpot,十三么,zh-TW
Kenangan adalah Pembukaan dari Mimpi,記憶是夢的開場白,zh-TW
Kendi Arak Mewah Feixiao,飛霄的豪飲酒壺,zh-TW
KentangTumisJahe,土豆絲炒薑絲,zh-TW
Kenth0et23gram,23克臭屁,zh-TW
Kepercayaan Dasar Dikhianati,基本的信任呢？,zh-TW
KerjaDemi_Heal1n9,上班為了下班,zh-TW
Kerzenflamme,燭花,zh-TW
Kesalahan Regu Tim Konstruksi Mengganggu Divination Commission,小隊施工失誤，太卜司陷入停擺,zh-TW
Kesatria Asing,異邦騎士,zh-TW
"Kesayanganku, Darah Dagingku",我的摯愛，我的血肉,zh-TW
Ketemu sama hantu? Hasil dari live streaming percakapan dengan hantu ....,和鬼見面？直播跟鬼通話的結果是……,zh-TW
Ketemu sama hantu? Tak disangka kebenarannya ....,和鬼見面？真相竟然是……？,zh-TW
Ketiga,第三次,zh-TW
Ketika Nada Harmonis Menggema ....,諧樂響起時……,zh-TW
Kettenbruch,擊破連環,zh-TW
Ketujuh,第七次,zh-TW
Khai Phá Tiếp Diễn,開拓續聞,zh-TW
Khai Phá Vũ Trụ,銀河開拓,zh-TW
Khai Phá: Phép Thuật Tình Bạn!,開拓，友誼魔法！,zh-TW
Khai Sáng Trí Tuệ,腦力啟蒙,zh-TW
Khi Bản Hòa Nhạc Vang Lên...,諧樂響起時……,zh-TW
Khiêu Chiến Cốt Truyện,劇情挑戰,zh-TW
Kho Báu Thành Ngầm,地城探寶,zh-TW
Khoa Bí Mật Vực Sáng,光淵密卷科,zh-TW
Khoa Giống Loài Ngân Hà,星域界種科,zh-TW
Khoa Y Tế,醫療科,zh-TW
Khoa Địa Chất Vũ Trụ,寰宇地概科,zh-TW
Khoa Ứng Dụng Toàn Năng,萬有應物科,zh-TW
Khoaitay_chiengion,土豆絲炒薑絲,zh-TW
Khoảnh Khắc Cuộc Sống,生活點滴,zh-TW
Khu Mỏ Khổng Lồ,大礦區,zh-TW
Khách Mộng Dạo Bước,夢客漫步,zh-TW
Khán Giả Kỳ Cựu,資深觀眾,zh-TW
Khích Lệ Giai Đoạn 1,階段激勵•一,zh-TW
Khích Lệ Giai Đoạn 2,階段激勵•二,zh-TW
Khích Lệ Giai Đoạn 3,階段激勵•三,zh-TW
Khóa Quyền Hạn,權限鎖定,zh-TW
Khóa Tính Toán,算力鎖定,zh-TW
Không Chỉ Băng Và Lửa,不只冰火兩重天,zh-TW
"Không Kịp Giải Thích, Lên Xe",來不及解釋快上車,zh-TW
"Không Mệt, Không Mệt Chút Nào",不累，根本不累,zh-TW
Không Rảnh Rỗi Được,閒不下來,zh-TW
Không Thể Đến Trễ Nữa,不能再遲到了,zh-TW
Không thể tin được! Tiểu Thuyết Thành Đời Thật!,震驚！話本裡的故事竟然發生在我身邊！,zh-TW
Không Đêm Nào Ngủ Ngon,夜夜睡不好,zh-TW
Không Được Kén Ăn,不可以挑食。,zh-TW
KhôngCóCánhĐểBay,永不空軍,zh-TW
KhôngThíchNgủ,不愛睡覺,zh-TW
Không_thể_dậy_sớm,呆呆不早起,zh-TW
Khôngnghĩđượctêngì,想不出好暱稱,zh-TW
KhôngĐượcĂn,寶哥不許吃,zh-TW
Khúc Khải Hoàn Tái Sáng Thế,再創世的凱歌,zh-TW
Khế Ước Fate - Tái Khởi Động,命運契約•再啟,zh-TW
Khối Lục Giác,枘鑿六合,zh-TW
Khối Lục Giác - Remake,枘鑿六合•Remake,zh-TW
Khối Xã Hội Hay Tự Nhiên?,一類組還是二類組？,zh-TW
Khởi Hành Vào Ngày Thứ 8,在第八日啟程,zh-TW
Khởi Động Lại Khẩn Cấp,緊急重啟,zh-TW
Khởi Động Đầy Mức,滿額啟動,zh-TW
Khủng khiếp quá! Quái vật hành tinh biết phân tách!,越想越可怕！會分裂的星際怪物！,zh-TW
Kindheitsphase,少年期,zh-TW
Kindheitsphase,少年期診斷,zh-TW
Kindskopf,裡生外熟,zh-TW
King of Curves,彎道之王,zh-TW
King of the Main Race,正賽之王,zh-TW
Kinh dị quá! Tôi gặp ma ở Phố Kim Nhân!,膽小慎入！我在金人巷裡撞見鬼了！,zh-TW
Kinh! Vân Kỵ Quân mà làm chuyện như vậy ở Sở Đan Đỉnh!,驚！堂堂雲騎軍竟然在丹鼎司做這種事！,zh-TW
KissySoundForNextReply,親樓下一口,zh-TW
Kiste Nr. 18,第十八號箱子,zh-TW
Kiếm Hiệp Ký Sự,劍俠紀事,zh-TW
Kiếm Trong Áo,袖中劍,zh-TW
Kiếm Tu Khổ Luyện,劍習苦修,zh-TW
Kiếm Ẩn,袖裡劍,zh-TW
KiếmSĩVôĐịch123,無敵劍士123,zh-TW
Klakson dan Gas,按喇叭加速,zh-TW
KlarerStrom,圓清流,zh-TW
Kleidung,衣服,zh-TW
KleineGuiGuinevere,小桂子Guinevere,zh-TW
KleineGui_onlylove,唯愛、小桂子,zh-TW
KleineTaubeMitGroßenTräumen,滄海鴿壯志,zh-TW
KleinerUniversalHypokrit,宇宙小矯情,zh-TW
Klette,黏人,zh-TW
Klopf-Klopf-Ball,咚咚球,zh-TW
Klub Terbaik,最佳社團,zh-TW
Knock-Knock Ball,咚咚球,zh-TW
Knockout Progress,叩關進度,zh-TW
Knüller-Klatsch,八卦怪談,zh-TW
KochenkOyen,喵喵喵喵咪,zh-TW
Koki Pemalu,害羞的大廚,zh-TW
Koleksi Anjing Laut,海豹蒐集,zh-TW
Koleksi Pemain,牌手珍藏,zh-TW
Koleksi Taktik,戰術蒐集,zh-TW
Kollaborationsmodul des Reparaturteams,修正團隊協作模組,zh-TW
Kollegen verwandeln sich in Fremde ...,同事好像換了個人一樣……,zh-TW
Kollektion der Kartenspieler,牌手珍藏,zh-TW
Koma Satu Detik,深度昏迷，但一秒,zh-TW
Komandan Perak,銀戰領袖,zh-TW
KomenDiBawah_D0D0L,二樓沒水準,zh-TW
Kommando der Silbermähnen,鐵衛號令,zh-TW
Kompas Abadi,羅盤不滅,zh-TW
Koneksi Jalur Ley,靈脈連結,zh-TW
Konsisten_Update123,絕不拖更123,zh-TW
Konstitution einer Nachteule,熬夜聖體,zh-TW
Kontrak Takdir: Mulai Kembali,命運契約•再啟,zh-TW
Konzeptionelle Mystische Codes,概念禮裝,zh-TW
Kopfschmuck,頭飾,zh-TW
Koreksi Biasa,常態矯正,zh-TW
Korridor der verhallenden Echos,殘響迴廊,zh-TW
Kosmische Kriegsführung,太空大戰爭,zh-TW
Kosmischer Trailblaze,銀河開拓,zh-TW
Kosmisches Datenroaming,銀河訊號漫遊,zh-TW
Kosmisches Schnuckelchen,銀河小可愛,zh-TW
Kosmonopoly,星間旅行,zh-TW
Kosmonopoly,銀河大富翁,zh-TW
Kotak ke-18,第十八號箱子,zh-TW
KrausBart,虯髯客,zh-TW
Kreislauf des Leids,痛苦連環,zh-TW
Kreislauf von Leben und Tod,生死輪迴,zh-TW
Kriegssaga der Wispaes,塵靈亂世錄,zh-TW
Kriegstrampler,戰爭的踐踏,zh-TW
Kristallschwert der Geisteraustreibung,蕩滌妖邪琉璃劍,zh-TW
Krokodilfeind,鱷魚公敵,zh-TW
Krone des Mundanen und Äonischen,庸與神的冠冕,zh-TW
Kronik Kekacauan Wispae,塵靈亂世錄,zh-TW
Kronik Pendekar Pedang,劍俠紀事,zh-TW
Kru Elite,王牌機組,zh-TW
Kryo-Extraktion,低溫榨取,zh-TW
Kualitas Otot,肌質,zh-TW
Kuda Hitam Rombongan,旅團黑馬,zh-TW
Kui,葵,zh-TW
KumpelFei,好兄弟阿飛,zh-TW
Kumpulan Benda Langka Museum Kota Beku,冬城博物珍奇簿,zh-TW
Kunst oder Wissenschaft?,一類組還是二類組？,zh-TW
Kunstfertige Teekanne,工造司茶壺,zh-TW
Kunstkanal,藝術台,zh-TW
Kuriositätenverzeichnis des Museums von Winterstadt,冬城博物珍奇簿,zh-TW
KurzHalsGiraffe,短頸鹿,zh-TW
Kyuti_ButuhHealing,無奈的小鳥飛,zh-TW
Kéo Đuôi Của Tầng 3,拽三樓尾巴,zh-TW
Kênh Giải Trí,娛樂台,zh-TW
Kênh Nghệ Thuật,藝術台,zh-TW
Kênh Đa Phương Tiện,影音台,zh-TW
Kênh Đời Sống,生活台,zh-TW
Kích Hoạt Sĩ Khí,士氣啟動,zh-TW
König der Kurven,彎道之王,zh-TW
König des Hauptrennens,正賽之王,zh-TW
Körper und Seele wiederhergestellt,身心被治癒,zh-TW
Kühlendes Badesalz,冰爽浴鹽,zh-TW
KühnerMagier1020,送命魔術師1020,zh-TW
KüsschenKüsschen,親樓下一口,zh-TW
Ký Sự Bụi Linh Loạn Thế,塵靈亂世錄,zh-TW
Ký Ức Là Mở Màn Của Giấc Mộng,記憶是夢的開場白,zh-TW
Kẻ Dệt Lá Số Ảo,虛數織葉者,zh-TW
Kẻ Lang Thang,流浪者,zh-TW
Kẻ Lang Thang Lạnh Giá,深寒徘徊者,zh-TW
Kẻ Ngốc Luôn Ấn Chuông Hai Lần,愚者總按兩遍鈴,zh-TW
Kẻ Phá Khiên,反護盾,zh-TW
Kẻ Địch Cá Sấu,鱷魚公敵,zh-TW
Kẻ đứng sau những vụ việc quỷ quái lại là tàn dư của Tộc Côn Trùng?!,鬼怪背後竟是蟲族餘孽？！,zh-TW
Kế Hoạch Lưu Giữ Ảnh Chất Ký Ức,日拋憶質留影計畫,zh-TW
Kế Hoạch Lưu Giữ Ảnh: Ngày 1,留影計畫•第一日,zh-TW
Kế Hoạch Lưu Giữ Ảnh: Ngày 2,留影計畫•第二日,zh-TW
Kế Hoạch Lưu Giữ Ảnh: Ngày 3,留影計畫•第三日,zh-TW
Kế Hoạch Lưu Giữ Ảnh: Ngày 4,留影計畫•第四日,zh-TW
Kế Hoạch Lưu Giữ Ảnh: Ngày 5,留影計畫•第五日,zh-TW
Kế Hoạch Lưu Giữ Ảnh: Ngày 6,留影計畫•第六日,zh-TW
Kết Nối Livestream,直播連線,zh-TW
Kết Thúc Vô Tận,無盡終結,zh-TW
Kỳ Ngộ Cải Tạo Đội Tàu,列車改造奇遇,zh-TW
Kỳ Truyện Bình Thư,評書奇譚,zh-TW
Kỳ Tích Của Oronyx,歐洛尼斯奇跡,zh-TW
Kỵ Sĩ Dị Bang,異邦騎士,zh-TW
Kỷ Niệm Ngày Đẹp Trời Này,紀念這美好的一天,zh-TW
Kỹ Năng Một Đòn Diệt Địch,一招制敵的技巧,zh-TW
Kỹ Sư Sửa Chữa,維修工程師,zh-TW
L'Agence Agrou,嗷嗚嗷嗚事務所,zh-TW
L'Art de la guérison,治療的藝術,zh-TW
L'affaire est close ! C'est un mystérieux organisme quantique !,破案了，是神秘量子生物！,zh-TW
L'alliance du croco et du loup,狼鱷之交,zh-TW
L'amitié favorise la croissance,陪伴促進成長,zh-TW
L'avenir est aux sports électroniques. La réalité numérique est là pour durer.,電子競技成未來趨勢，數位博弈成為現實,zh-TW
L'effet Magoret,撲滿效應,zh-TW
L'identité cachée du fantôme des échecs,驚！棋鬼怪人的身分竟然是……,zh-TW
L'ombre d'un doute,疑心暗鬼,zh-TW
L'ortolan2Maïté,風今天還是那麼吹,zh-TW
L'univers de la mode : Édition ballade hivernale,銀河潮流指南•冬韻特輯,zh-TW
L'Âme des dés : une obsession vieille de 1 700 ans,骰魂•一千七百年的執念,zh-TW
L'écho,複讀機,zh-TW
L'épisode le plus fascinant,最聰明、健康、迷人的一集,zh-TW
L'épouse morte de mon voisin semble être revenue d'entre les morts,我鄰居早逝的妻子似乎回家了,zh-TW
LIVE: Construction Blunder Causes Total Divination Shutdown!,小隊施工失誤，太卜司陷入停擺,zh-TW
LP-Zahl,生命計數,zh-TW
LP-Überladung,負載生命值,zh-TW
La Bàn Bất Diệt,羅盤不滅,zh-TW
La Comisión de Adivinación se paraliza por un error de construcción,小隊施工失誤，太卜司陷入停擺,zh-TW
La Grande Herta,大黑塔,zh-TW
La Grande Hook de la nuit noire,漆黑的虎克大人,zh-TW
La Grande finale,總決賽,zh-TW
"La Ninja Deslumbrante, conocida como Rappa",繚亂忍俠•AKA•亂破,zh-TW
La Planète bleue et un Wubbabou,湛藍星與嗚嗚伯,zh-TW
La Voie de Xianzhou,仙舟人指路,zh-TW
La bougeotte,閒不下來,zh-TW
La brigade de chasse aux fantômes vient à bout d'une abomination invisible !,超燃！捉鬼小隊力克無形孽物！,zh-TW
La cabane dans la brume !,霧中小屋！,zh-TW
La casa de empeño del mercado fantasma del Callejón Aurum...,金人巷的鬼市當鋪……,zh-TW
La caída al amanecer,在黎明升起時墜落,zh-TW
"La chimère, la meilleure amie de l'Homme.",奇美拉，人類最好的夥伴。,zh-TW
La cola también sirve,尾巴也可以,zh-TW
La corona de lo mediocre y lo divino,庸與神的冠冕,zh-TW
La cuisine de la terre...?,大地料理……？,zh-TW
La face cachée de la lune,月之暗面,zh-TW
La familia Landau... y Pela,朗道一家……以及佩拉,zh-TW
La famille Landau... et Pela,朗道一家……以及佩拉,zh-TW
La flota fantasma que no se puede observar a simple vista,不能直接觀測的幽靈艦隊,zh-TW
La fuga de Hanu,哈努兄弟越獄記,zh-TW
La leyenda del Bate Galáctico: comienzo,銀河球棒俠傳說：啟程篇,zh-TW
La leyenda del Bate Galáctico: el Rey Demonio,銀河球棒俠傳說：魔王篇,zh-TW
La légende de la batte galactique : Le Grand départ,銀河球棒俠傳說：啟程篇,zh-TW
La légende de la batte galactique : Le Roi démon,銀河球棒俠傳說：魔王篇,zh-TW
La meilleure des chimères,最優秀的奇美拉,zh-TW
"La mejor cura, tener la cabeza dura",好聽就是好頭,zh-TW
La mejor quimera,最優秀的奇美拉,zh-TW
La percha del retiro,登棲斂翼,zh-TW
La puerta no se puede abrir desde este lado,門不能從這一側打開,zh-TW
La soledad insoportable del río Estigia,冥河的孤獨難耐,zh-TW
La sombra de la duda,疑心暗鬼,zh-TW
La toute petite grande aventure,方寸大冒險,zh-TW
La verdad de la casa encantada: ¡No más noticias falsas!,凶宅真相，別再以訛傳訛了,zh-TW
La voie des trésors : Difficulté élevée,逐光撿金•高難度挑戰,zh-TW
"La vérité sur la maison hantée, stop à la désinformation",凶宅真相，別再以訛傳訛了,zh-TW
La vérité sur les objets volants non identifiés !,勁爆！不明飛行物背後的真相。,zh-TW
LaAmbiciónDelMarDeCristal,滄海鴿壯志,zh-TW
LaCALVASSE,啾啾才沒有謝頂呢,zh-TW
LaEdadPacífica,歲月靜好,zh-TW
LaExpansión729,浩瀚宇宙729,zh-TW
LaPazEstéConUstedes,一生平安,zh-TW
LaQualitéàLaQuantité,寧缺毋濫,zh-TW
LaSociétéDuThé,愛來自飲茶會,zh-TW
La_Seule_Option,大道至簡,zh-TW
Labeillecoule,杏核裂手,zh-TW
Lacer ses propres chaussures,獨立生活,zh-TW
Lado Sombrio da Lua,月之暗面,zh-TW
Laga Warna-warni,繽紛大亂鬥,zh-TW
Lagerverwaltung,堆放貨物,zh-TW
Lagu Kemenangan Era Penciptaan Ulang,再創世的凱歌,zh-TW
Laguna de Congelación,凍結漏洞,zh-TW
Laguna de Intemperie,風化漏洞,zh-TW
Lame d'antimatière,反物質刀鋒,zh-TW
Lame de chasse,狩獵之刃,zh-TW
Lame tueuse de démons,蕩滌妖邪琉璃劍,zh-TW
LameSecrète,袖中劍,zh-TW
Lance-déchets,垃圾投擲,zh-TW
Lancement à pleine capacité,滿額啟動,zh-TW
Lancés risqués,骰機取巧,zh-TW
Langlang,朗朗,zh-TW
Language Master,語言高手,zh-TW
Langue de draka : de VIE à MORT,大地獸語，從入門到入土,zh-TW
Langue de draka : de VIE à RCP,大地獸語，從入門到入院,zh-TW
Lari Gila-gilaan,瘋跑,zh-TW
Las nubes no dejan huellas,雲無留跡,zh-TW
Lasst die Würfel erneut fallen! Kollektiv!,繼續擲骰！戰力黨！,zh-TW
Lasst die Würfel fallen! Kollektiv!,擲骰吧！戰力黨！,zh-TW
Lata de Lixo,垃圾桶,zh-TW
Lata de Lixo Altruísta,捨己為人的桶,zh-TW
Lata de Lixo Bizarra,古怪的垃圾,zh-TW
Lata de Lixo Cromática,七色垃圾桶,zh-TW
Lata de Lixo Inteligente,智慧型垃圾桶,zh-TW
Lata de Lixo Perigosa,有害垃圾的桶,zh-TW
Lata de Lixo Tripla Ação,一輪三動的桶,zh-TW
Lata de Lixo da Troca Equivalente,等價交換的桶,zh-TW
Late Guard,遲到的衛兵,zh-TW
Laternenfischlampe,燈籠魚上點燈籠,zh-TW
Latihan Pedang,劍習苦修,zh-TW
Lauf wie verrückt,瘋跑,zh-TW
Laufender Betrieb,持續營運,zh-TW
Lautan Awan,雲海,zh-TW
Lautan Tong Sampah,人山人海的桶,zh-TW
Lawan yang Setara,旗鼓相當的對手,zh-TW
Le Cœur pionnier et la Magie de l'amitié !,開拓，友誼魔法！,zh-TW
Le Daiyuman volant,飛翔的岱輿人號,zh-TW
Le Fou sonne toujours deux fois,愚者總按兩遍鈴,zh-TW
Le Grand Pudding Explorer,點心糕餅向前衝,zh-TW
Le Jardin de vulpeflâne va épuiser la bonne fortune du Luofu !,綏園這麼整是要抽乾羅浮仙舟的氣運啊！,zh-TW
Le Long Voyage vers la nuit,長日入夜行,zh-TW
Le Secret des Beaux rêves,《美夢大機密》,zh-TW
Le chemin de la croissance,成長之路,zh-TW
Le conte de fées traditionnel...?,傳統童話故事……？,zh-TW
Le diable en velours,天鵝絨裡的惡魔,zh-TW
Le meilleur ami de l'Homme,人類最好的朋友,zh-TW
Le monde part à vau-l'eau,世風日下,zh-TW
Le mystère enfin élucidé : la théorie des mondes parallèles !,原來如此！是超時空平行體現象！,zh-TW
Le retour de la saison des fleurs,又是萬物復甦的季節,zh-TW
Le retour du croco,邪鱷歸來,zh-TW
Le retour du dragon,龍返其鄉,zh-TW
Le rouge reste rouge,反正都是紅的,zh-TW
Le rugissement des intrépides,一聲勇者的吶喊,zh-TW
Le surmenage entraîne la détresse mentale !,加班過於頻繁，員工精神錯亂！,zh-TW
Le sursaut de la terre,大地的驚嚇,zh-TW
Le vaisseau fantôme invisible,不能直接觀測的幽靈艦隊,zh-TW
LeJusDeMentos,靈能百分之兩百,zh-TW
LePénitent,天譴之人,zh-TW
LeVieuxMonsieur,遞弓天將,zh-TW
Le_Collecteur,糧草徵收人,zh-TW
Le_Passé_scelleuh_Passé,往事隨風,zh-TW
Lebih Jauh dari Dataran Salju,比雪原更遙遠,zh-TW
Lebih dari Es dan Api,不只冰火兩重天,zh-TW
Leeren-Ranger: Eliminator,虛卒•抹消者,zh-TW
Leeren-Ranger: Plünderer,虛卒•掠奪者,zh-TW
Leeren-Ranger: Trampler,虛卒•踐踏者,zh-TW
Leerenkanone,虛灼炮攻,zh-TW
LeererKopf,我沒多想,zh-TW
Left Lieutenant,左護法戰,zh-TW
Left Lieutenant (Support),左護法輔佐戰,zh-TW
LegHairPrince,腿毛王子,zh-TW
Legalista_Vidyadhara,對龍尊大人一心一意,zh-TW
Legend of the Galactic Baseballer: Demon King,銀河球棒俠傳說：魔王篇,zh-TW
Legend of the Galactic Baseballer: Departure,銀河球棒俠傳說：啟程篇,zh-TW
Legenda Manusia Pentung: Keberangkatan,銀河球棒俠傳說：啟程篇,zh-TW
Legenda Manusia Pentung: Raja Iblis,銀河球棒俠傳說：魔王篇,zh-TW
Lehernya Kurang Panjang,脖子不夠長,zh-TW
Lehm-Küche ...?,大地料理……？,zh-TW
Lehmgeschmack,土味,zh-TW
Leichter Modus,簡單模式,zh-TW
Leichtes Mitleid,小保底,zh-TW
Leistungszuweisung,性能分配,zh-TW
Leitender Angestellter: Teamleiter,資深員工•組長,zh-TW
Leitfaden für galaktisches Heimdekor,宇宙家裝指南,zh-TW
LembraDeMim?,記得我嗎,zh-TW
Lemme flex this here real quick,我就曬曬不說話,zh-TW
Lenda do Grande Jogador de Beisebol da Galáxia: Demônio Rei,銀河球棒俠傳說：魔王篇,zh-TW
Lenda do Grande Jogador de Beisebol da Galáxia: Partida,銀河球棒俠傳說：啟程篇,zh-TW
Lendas Urbanas,Urban Myth,zh-TW
Lenguaje droma: desde ABC hasta RCP,大地獸語，從入門到入院,zh-TW
Lenguaje droma: desde ABC hasta RIP,大地獸語，從入門到入土,zh-TW
Lenkradler,開局狂打方向盤,zh-TW
LernenMitYue,阿月要多學習,zh-TW
Les Anges de la déchetterie,與銀袋山同行,zh-TW
Les Pionniers à jamais !,放心飛，開拓永相隨！,zh-TW
Les comparto mi pequeña meta personal,分享一下小目標,zh-TW
Les nuages s'estompent sans laisser de trace,雲無留跡,zh-TW
Les ruines extérieures,表形廢墟,zh-TW
Les souvenirs sont le prélude aux rêves,記憶是夢的開場白,zh-TW
Les vidéos de Guinaifen sont-elles vraiment originales ?,桂乃芬的影片有任何原創性嗎？,zh-TW
Lesegewohnheiten,閱讀習慣,zh-TW
Let's Test the Character Limit for Penacony,來試試匹諾康尼最長接受多少字,zh-TW
Lethal Strike,致命一擊,zh-TW
Letter from a Strange Woman,陌生女子的來信,zh-TW
Lettre d'une femme étrange,陌生女子的來信,zh-TW
"Leute, bitte nicht einfach Pilze unbekannter Herkunft essen",家人們，來路不明的蘑菇不要隨便亂吃啊,zh-TW
"Leute, die kleine Gui braucht eure Hilfe!",家人們！這次小桂子來求助了！,zh-TW
Level Biru,藍光級,zh-TW
Level Hijau,綠光級,zh-TW
Level Kuning,黃光級,zh-TW
Level Merah,紅光級,zh-TW
Level Reputasi Alam Semesta,銀河聲望等級,zh-TW
Level Ungu,紫光級,zh-TW
Leyline Connection,靈脈連結,zh-TW
Leão Tremeterra,獅震八方,zh-TW
León Sísmico,獅震八方,zh-TW
"Licht durchdringt das Tor, Schatten grüßt den Thron",門扉之啟，王座之終,zh-TW
Lichtwärts: Schwierige Herausforderung,逐光撿金•高難度挑戰,zh-TW
Lieutenant de la crinière d'argent,銀鬃尉官,zh-TW
Lieutenant gauche (soutien),左護法輔佐戰,zh-TW
Lieutenante droite,右護法戰,zh-TW
Lieutenante droite (revanche),右護法戰•再開,zh-TW
Lieutenante gauche,左護法戰,zh-TW
Lifestyle,社會生態,zh-TW
Lifestyle Channel,生活台,zh-TW
Lifestyle Snapshot,生活點滴,zh-TW
Lifestyle-Kanal,生活台,zh-TW
Liga Super Boulder Town,磐岩鎮超級聯賽,zh-TW
"Light Slips the Gate, Shadow Greets the Throne",門扉之啟，王座之終,zh-TW
Ligne de défense,盾陣,zh-TW
Ligue bleue,藍光級,zh-TW
Ligue jaune,黃光級,zh-TW
Ligue rouge,紅光級,zh-TW
Ligue verte,綠光級,zh-TW
Ligue violette,紫光級,zh-TW
Lika-liku 2D,做二次元,zh-TW
LilGui's No.1 Simp,獨愛小桂,zh-TW
LilGuiGuinevere,小桂子Guinevere,zh-TW
Lila Lichtstufe,紫光級,zh-TW
Lilipoubelle amicale,同好的小桶,zh-TW
Lilipoubelle d'un bleu profond,深藍的小桶,zh-TW
Lilipoubelle givrée,冰封的小桶,zh-TW
Lilipoubelle pilleuse,拾荒的小桶,zh-TW
Lilipoubelle responsable,負責的小桶,zh-TW
LimaPetinggiC10ud,雲上五嬌,zh-TW
Limitación,戒退,zh-TW
Limite Perigoso,生死邊緣,zh-TW
Limited Firepower,有限火力,zh-TW
Limpar Dados,資料清除,zh-TW
Limpieza a fondo,全盤殺毒,zh-TW
LinduraGaláctica,銀河小可愛,zh-TW
Ling 01,泠初,zh-TW
Ling01,泠初,zh-TW
Linh Thú Trù Phú - Sói Cây,豐饒靈獸•奎木,zh-TW
Linh Tri,靈知,zh-TW
Linh Vật,吉祥物,zh-TW
Linha de Defesa,盾陣,zh-TW
LinhĐanThầnDượcBảoThựcĐường,寶餌堂靈丹妙藥,zh-TW
Linker Wächter,左護法戰,zh-TW
Lion trembleterre,獅震八方,zh-TW
Lion's Roar,獅子吼,zh-TW
Lirista Aquática,水漫琴師,zh-TW
Lirista de agua,水漫琴師,zh-TW
Lista arcadiana de imprescindibles,滴！樂園打卡必玩榜,zh-TW
Lista de Pré-registro,預約清單,zh-TW
Lista de prerregistro,預約清單,zh-TW
Liste des précommandes,預約清單,zh-TW
Listo para partir,整裝待發,zh-TW
Listo_a_ratos,機靈小不懂,zh-TW
Litanei der Dämmerung,餘暉殘卷,zh-TW
Literaturbegeisterter Bürger,熱愛文學的公民,zh-TW
Literature-Loving Citizen,熱愛文學的公民,zh-TW
Litter Pony: Enchanted Edition,小桶寶力•附魔版,zh-TW
Little Tonni: Verzauberte Ausgabe,小桶寶力•附魔版,zh-TW
LittleGuiGuinevere,小桂子Guinevere,zh-TW
Littéraire ou scientifique ?,一類組還是二類組？,zh-TW
Live Linkup,直播連線,zh-TW
Live Studio,演播廳現場,zh-TW
LiveLaughLove,愛生活愛讀書,zh-TW
Livestream-Verbindung,直播連線,zh-TW
Livestudio,演播廳現場,zh-TW
Liên Hoàn Đau Khổ,痛苦連環,zh-TW
Liên Kết Linh Mạch,靈脈連結,zh-TW
Liên Kết Đan Xen,羈絆交織,zh-TW
Liên Minh Sói Và Cá Sấu,狼鱷之交,zh-TW
Liệu Pháp Mất Trí Phong Cách Mặt Đất,大地式健忘療法,zh-TW
LlamaEternaKármica,業火不盡,zh-TW
Llamas de antorcha,燎原之勢,zh-TW
Llamas rugientes,咆哮之火,zh-TW
Lleno de energía,精力充沛,zh-TW
Llovizna,小雨,zh-TW
Lluvia bajo el sol,晴天雨,zh-TW
Lluvia de arena blanca,白砂之雨,zh-TW
Lluvia de fuego purificador,淨炎之雨,zh-TW
Lluvia de peces,魚雨,zh-TW
Lluvia de ranas,青蛙雨,zh-TW
Lluvia torrencial,暴雨,zh-TW
Lluvia ácida,酸雨,zh-TW
LluviaVientoArcoíris7854,風雨彩虹7854,zh-TW
Lo mismo de siempre,一樣的，一樣的。,zh-TW
LoQueElVientoSeLlevó,狂風吹,zh-TW
Loba Prateada,銀狼,zh-TW
Loba Prateada Nv. 999,銀狼LV.999,zh-TW
Lobgesang auf die Ära Nova,再創世的凱歌,zh-TW
Lobo Ensanguentado,浴血人狼,zh-TW
Lock and Load,炮火上膛,zh-TW
Locura al volante,開局狂打方向盤,zh-TW
Lodern aus dem All,外宇宙之炎,zh-TW
Lodernde Flammen,燎原之勢,zh-TW
Lodernde Nova,礪爍新輝,zh-TW
Lodernder Meteor,赤焰流星,zh-TW
Log Penerbangan,飛行日誌,zh-TW
Loja de Tofu Fedido,小張豆腐店,zh-TW
Loja de penhores assombrada no Beco Aurum...,金人巷的鬼市當鋪……,zh-TW
Loja do Sr. Pé-Frio,寒腿叔叔的小店,zh-TW
Lokasi Studio Live,演播廳現場,zh-TW
Long Day's Journey Into Night,長日入夜行,zh-TW
Looking Bronze 2,鑑爻軒二狗,zh-TW
LookingBronze_Hustler2,鑑爻軒二狗,zh-TW
Loony Telly,思覺失調電視機,zh-TW
Los Basurashian,與銀袋山同行,zh-TW
Los recuerdos son el preludio de los sueños,記憶是夢的開場白,zh-TW
Los tontos llaman siempre dos veces,愚者總按兩遍鈴,zh-TW
Lounge Revenue,酒吧營收,zh-TW
Loup sanguinolent,浴血人狼,zh-TW
Loup sylvestre de l'Abondance,豐饒靈獸•奎木,zh-TW
Louve d'argent,銀狼,zh-TW
Louve d'argent Niv. 999,銀狼LV.999,zh-TW
Lov3_EkorDiting,我想摸諦聽尾巴,zh-TW
Lowongan Pekerjaan,Job Postings,zh-TW
Lowongan Pekerjaan,招工啟事,zh-TW
Loyaliste_Vidyadharien,對龍尊大人一心一意,zh-TW
Lua Cheia Sem Aha,滿月是神不在的時間,zh-TW
Luar Biasa! Tim Pemburu Hantu tangkap Abomination tak kasat mata!,超燃！捉鬼小隊力克無形孽物！,zh-TW
Lubang Hitam Abadi,永恆黑洞,zh-TW
Lubang Hitam Emosi,情緒黑洞,zh-TW
Lucero del alba,星芒啟明,zh-TW
Luciole,流螢,zh-TW
Luciérnaga,流螢,zh-TW
Lucky Star,福星高照,zh-TW
Luka,盧卡,zh-TW
Luka yang Indah,美麗傷口,zh-TW
Luka yang Meluap,溢傷串流,zh-TW
Luminary Wardance,星天演武儀典,zh-TW
Luminescência Lunissolar,日月同輝,zh-TW
Luminosidad nocturna,宵明,zh-TW
Luminosidade Noturna,宵明,zh-TW
Luminosité nocturne,宵明,zh-TW
Lumière sélénésolaire,日月同輝,zh-TW
Luna llena sin Aha,滿月是神不在的時間,zh-TW
LunaDeBambú,竹霞月,zh-TW
Lunar Eclipse,月食,zh-TW
Lunisolar Luminance,日月同輝,zh-TW
Lunisolarer Schein,日月同輝,zh-TW
Lupino Ensangrentado,浴血人狼,zh-TW
Luz de vela,燭花,zh-TW
LuzdelPezLinterna,燈籠魚上點燈籠,zh-TW
Lynx,玲可,zh-TW
Lyric Poetry,抒情詩,zh-TW
Lyrische Poesie,抒情詩,zh-TW
Làm Không Gian 2D,做二次元,zh-TW
Lágrimas na Chuva,消逝在雨中,zh-TW
LâchezMoiLaGrappe,好姐姐饒了我,zh-TW
Lâmina Antimatéria,反物質刀鋒,zh-TW
Lâmina de Caça,狩獵之刃,zh-TW
Lãng Tử Sở Đan Đỉnh,丹鼎司浪子,zh-TW
Légende urbaine,Urban Myth,zh-TW
Líder Supremo,獨尊一魁,zh-TW
Líder de Combate Plateado,銀戰領袖,zh-TW
Líder supremo,獨尊一魁,zh-TW
Línea de defensa,盾陣,zh-TW
Língua do Dromas: Do ABC ao RCP,大地獸語，從入門到入院,zh-TW
Língua do Dromas: Do ABC até o RIP,大地獸語，從入門到入土,zh-TW
Lõi Phản Ứng Rồng,龍之爐心,zh-TW
Löwengebrüll,獅子吼,zh-TW
Lúc trước đã nhận một công việc rất kỳ lạ,之前接到一個很奇怪的工作,zh-TW
Lückenlose Erinnerung,全面回憶,zh-TW
Lưu Ly Kiếm Thanh Tẩy Yêu Tà,蕩滌妖邪琉璃劍,zh-TW
Lưỡi Kiếm Săn Bắn,狩獵之刃,zh-TW
Lưỡi Đao Phản Vật Chất,反物質刀鋒,zh-TW
Lại Một Mùa Vạn Vật Hồi Sinh,又是萬物復甦的季節,zh-TW
Lại Đổ Xúc Xắc Nào! Băng Lực Chiến!,繼續擲骰！戰力黨！,zh-TW
Lạm_Phát,脹五甲,zh-TW
"Lấy Mâu Của Ngươi, Công Kích Thuẫn Của Ta",以子之矛，攻我之盾,zh-TW
Lấy Mạng Lúc Trọng Bệnh,趁病要命,zh-TW
LấyMặtChịuĐòn,臉接小招,zh-TW
Lần 1,第一次,zh-TW
Lần 2,第二次,zh-TW
Lần 3,第三次,zh-TW
Lần 4,第四次,zh-TW
Lần 5,第五次,zh-TW
Lần 6,第六次,zh-TW
Lần 7,第七次,zh-TW
Lần Sau Đừng Chơi Nữa,下次不要玩了,zh-TW
Lật Mở Vận May,翻翻好符運,zh-TW
Lắc Lư,搖搖晃搖,zh-TW
Lễ Diễn Võ Trời Sao,星天演武儀典,zh-TW
Lễ Khí Khái Niệm,概念禮裝,zh-TW
Lệnh Nhanh,快速指令,zh-TW
Lịch Thi Đấu Diễn Võ,演武賽程,zh-TW
Lỗ Hổng Bào Mòn,風化漏洞,zh-TW
Lỗ Hổng Đóng Băng,凍結漏洞,zh-TW
Lỗ Đen Cảm Xúc,情緒黑洞,zh-TW
Lỗ Đen Vĩnh Hằng,永恆黑洞,zh-TW
Lộ Trình Chiến Thắng,冠軍航路,zh-TW
Lửa Cháy Lan,燎原之勢,zh-TW
Lửa Nghiệp Chưa Tận,業火不盡,zh-TW
Lửa Vũ Trụ,外宇宙之炎,zh-TW
Lựu Đạn Công Thành,攻城榴彈,zh-TW
Lựu Đạn Phá Giáp,破甲榴彈,zh-TW
M078 행성,M078星球,zh-TW
M078星,M078星球,zh-TW
M0M0,墨墨,zh-TW
MIND BLOWN!!! Check out this cosmic horror that can duplicate itself!,越想越可怕！會分裂的星際怪物！,zh-TW
MISTÉRIO REVELADO: A Emergência do paralelismo do espaço-tempo!,原來如此！是超時空平行體現象！,zh-TW
MP_Pour_Logement,購房意向請私訊,zh-TW
MYSTERY UNCOVERED: The Emergence of Spacetime Parallelism!,原來如此！是超時空平行體現象！,zh-TW
Ma Thuật Chiếu Ảnh,投影魔術,zh-TW
Ma femme androïde ? Une réflexion qui fait froid dans le dos,我的仿生人妻子？越想越恐怖,zh-TW
Mach 5,按喇叭加速,zh-TW
Macht keinen Unterschied,一樣的，一樣的。,zh-TW
Madame_Yo-Yo,大悠姐,zh-TW
Made_In_Abyss,我來自深淵,zh-TW
Maestra de ajedrez Fay,飛棋妙手,zh-TW
Maestro Gongshu,公輸師傅,zh-TW
Maestro Plátano de Fortuna de la Oficina Platanoacadémica,蕉研組的財富蕉師,zh-TW
Maestro de Combate Plateado,銀戰大師,zh-TW
Maestro del destino del Sánctum de la Exaltación,長樂天命理大師,zh-TW
Maestro del lenguaje,語言高手,zh-TW
Maestro gamer,遊戲高手,zh-TW
MaestroDelHorror,恐怖片大師,zh-TW
Maestro_Cortador,切牌大師,zh-TW
Magang Bersama Rombongan Dromas,大地獸旅團的實習工作,zh-TW
Magi-Engenho: Dracoleão Obediente,入魔機巧•率從狻猊,zh-TW
Magi-Engenho: Peixe-Dragão Iluminador,入魔機巧•燈晝龍魚,zh-TW
MagiMech: Daybreak Warriors,魔動機鎧•破曉戰士,zh-TW
MagiMech: Dämmerungskrieger,魔動機鎧•破曉戰士,zh-TW
MagiRobô: Guerreiros do Alvorecer,魔動機鎧•破曉戰士,zh-TW
Magia de proyección,投影魔術,zh-TW
MagicienIntrépide1020,送命魔術師1020,zh-TW
MagicoOusado1020,送命魔術師1020,zh-TW
Magie de projection,投影魔術,zh-TW
Magisches Ingenium: Gehorsamer Drakonier,入魔機巧•率從狻猊,zh-TW
Magisches Ingenium: Leuchtdrachenfisch,入魔機巧•燈晝龍魚,zh-TW
Magitrón Filoguerrero,魔動機鎧•破曉戰士,zh-TW
Magnata do Ouro,金幣富豪,zh-TW
Magnate de oro,金幣富豪,zh-TW
"Mago-Magoret, où es-tu ?",神奇撲滿與它們的產地,zh-TW
MagoAudaz1020,送命魔術師1020,zh-TW
Magoret 2.0,撲滿補丁,zh-TW
MagoretBlindé_N°2,裝甲撲滿二型,zh-TW
Mahkota Kefanaan dan Keilahian,庸與神的冠冕,zh-TW
Main,手,zh-TW
Main Bersama Bartholos,和巴特魯斯一起玩,zh-TW
Main Bersama Bartholos 2,和巴特魯斯一起玩•其二,zh-TW
Main de Zagreus,扎格列斯之手,zh-TW
Maintenance Engineer,維修工程師,zh-TW
Maior Causador de Dano,最高火力,zh-TW
Maior Idol de Planarcadia - Sparxie,二相樂園第一偶像•火花,zh-TW
Maior é Melhor,大就是好,zh-TW
Mais Longe que as Planícies Nevadas,比雪原更遙遠,zh-TW
Mais alguém ouviu umas vozes cantando vindo do Jardim Flamavulpe?,有人聽到綏園那邊有唱戲聲嗎,zh-TW
Mais que Gelo e Fogo,不只冰火兩重天,zh-TW
Major Update of Divination Algorithm Causes Massive Workload!,卜算法更新！海量工作淹沒太卜司！,zh-TW
"Maka, Semua Makhluk Tertawa Tiada Henti",如是，眾生歡笑不已,zh-TW
Makan Cerces,吃掉瑟希斯,zh-TW
MakanMacem2,什麼都吃,zh-TW
Makan_Technique_Ini,臉接小招,zh-TW
Mal Posso Esperar para Crescer de Novo,期待又一次長大,zh-TW
Malaikat Jalanan,馬路天使,zh-TW
Malam Halusinasi Alam Semesta,宇宙幻覺之夜,zh-TW
Malam Sebelum Perjalanan,啟程前夕,zh-TW
Malam yang Panjang,不眠之夜,zh-TW
Malfunction,故障破損,zh-TW
"Mamãe, Posso Ficar Com Ele?",天氣真好，養牠！,zh-TW
Manchépée,袖裡劍,zh-TW
MandaUmX-Tudão,愛吃小漢堡,zh-TW
Mandi,泡澡,zh-TW
Mandi_ScalegorgeSpringWater,鱗淵冰泉洗澡,zh-TW
Manic Automaton,狂熱機兵,zh-TW
Manischer Automaton,狂熱機兵,zh-TW
Manja,黏人,zh-TW
Manjakan Saja Ia,你也太寵牠了吧,zh-TW
Mano,手,zh-TW
Mano de Zagreus,扎格列斯之手,zh-TW
ManoDosAeon,天知道,zh-TW
ManoFei,好兄弟阿飛,zh-TW
ManoMinerador,礦渣黑黑,zh-TW
Mantap Banget,刷爽了,zh-TW
MantenerApodoHastaSerArtesano,考不進工造司不改名,zh-TW
Maníaco do Volante,開局狂打方向盤,zh-TW
Mapeo multidimensional,復維對映,zh-TW
Mar de Nuvens,雲海,zh-TW
Mar de nubes,雲海,zh-TW
Mar. 7th,三月七,zh-TW
March 7th,三月七,zh-TW
"March 7th, héroïne suprême",蓋世女俠三月七,zh-TW
"March 7th, the Apex Heroine",蓋世女俠三月七,zh-TW
Marche-rêve,夢客漫步,zh-TW
Marcheur de l'ombre de l'Hiver éternel,永冬災影,zh-TW
Marcheur de l'ombre de l'Incinération,火焚災影,zh-TW
Marché à terme,未來市場,zh-TW
Marioneta del Inframundo,幽府偃偶,zh-TW
Marionete Abismal,幽府偃偶,zh-TW
Marionette des Totenreichs,幽府偃偶,zh-TW
Marionnette du néant,幽府偃偶,zh-TW
"Mariposa Fantasmal, Seele",幻海幽蝶•希兒,zh-TW
Marken-Showdown,品牌對決,zh-TW
Markt der Zukunft,未來市場,zh-TW
MartaFanáticaDeLaWeb,熱心網友馬大姐,zh-TW
Martha ชาวเน็ตผู้แสนใจดี,熱心網友馬大姐,zh-TW
MarthaDuNet,熱心網友馬大姐,zh-TW
MarthaSiNetizenRamah,熱心網友馬大姐,zh-TW
MartineObsessionGuigui,奶粉大迷妹,zh-TW
Mas_aYang_disini,陽哥在此,zh-TW
Masa Dewasa Muda,青年期,zh-TW
Masa Kanak-Kanak,幼年期,zh-TW
Masa Remaja,少年期,zh-TW
Masa_Lalu_Biarlah_Berlalu,往事隨風,zh-TW
Masakan Bumi ...?,大地料理……？,zh-TW
Masalah Aneh Rumah Angker Terus Terjadi,鬧鬼凶宅怪事不斷,zh-TW
Masalah Pertumbuhan,成長的煩惱,zh-TW
Mascarade à deux,假面雙人舞,zh-TW
Mascot,吉祥物,zh-TW
Mascota,吉祥物,zh-TW
Mascote,吉祥物,zh-TW
Mascotte,吉祥物,zh-TW
Masked Trickster,假面怪傑,zh-TW
Maskerade im Duett,假面雙人舞,zh-TW
Maskottchen,吉祥物,zh-TW
Masque métamorphe de Sparkle,花火的千變假面,zh-TW
Masquerade Duet,假面雙人舞,zh-TW
Massenbombardement,火熾轟炸,zh-TW
Master Chrysos,黃金大師,zh-TW
Master Dromas,大地獸高手,zh-TW
Master Duel,對戰高手,zh-TW
Master Gongshu,公輸師傅,zh-TW
Master Item,道具大師,zh-TW
Master Pengembangan,培育大師,zh-TW
Master Perak,銀戰大師,zh-TW
Master Ritme,節奏高手,zh-TW
Master du combat,對戰高手,zh-TW
"Master, I've Ascended!",師父，我悟了！,zh-TW
MasterMasaDepan,未來大師,zh-TW
MasterTakdirExaltingSanctum,長樂天命理大師,zh-TW
Master_hoRR0r,恐怖片大師,zh-TW
Mata Semua Orang Tertuju Padaku!,全體目光向我看齊！,zh-TW
MatadorDeBarataDoXianzhou,消滅仙舟大蠊,zh-TW
Matahari Kembar,幻日,zh-TW
Matahari Terik,烈日,zh-TW
Matchmission,局內任務,zh-TW
Matemática dos Cookies de Dromas,大地獸分餅,zh-TW
Mathématiques sucrées des drakas,大地獸分餅,zh-TW
Matrice d'itération,矩陣更新,zh-TW
Matrix Iteration,矩陣更新,zh-TW
Matrixiteration,矩陣更新,zh-TW
MausInDeinemHaus,開門我是鼠鼠,zh-TW
MausInDeinemHaus,開門，我是鼠鼠,zh-TW
May the Trailblaze Fly You Starward,放心飛，開拓永相隨！,zh-TW
Mayor daño,最高火力,zh-TW
Maître Gongshu,公輸師傅,zh-TW
Maître de la destinée du Sanctuaire de l'exaltation,長樂天命理大師,zh-TW
Maître des langues,語言高手,zh-TW
Maître du combat d'argent,銀戰大師,zh-TW
Maître du spectacle,搞怪先鋒,zh-TW
Me encanta bañarme,小地獸愛洗澡,zh-TW
Me pusieron un apodo,被取外號了,zh-TW
MeDáUmSocão,但是我想給你兩拳,zh-TW
MeManda_DM_Pra_Hospedagem,購房意向請私訊,zh-TW
MeatyPufferGOAT,浮羊肉肉,zh-TW
Mecha IPC yang Dikirim Skott,斯科特安排的公司機甲,zh-TW
Mecha de la CPI arrangé par Skott,斯科特安排的公司機甲,zh-TW
Mecha de la Corporación para Skott,斯科特安排的公司機甲,zh-TW
Medan Pertempuran Ganda,雙戰場,zh-TW
Medical Department,醫療科,zh-TW
Medicina milagrosa de NutriTesoros,寶餌堂靈丹妙藥,zh-TW
Medición de altura,量身高,zh-TW
Medindo a Altura,量身高,zh-TW
Medizinische Abteilung,醫療科,zh-TW
Mehr als Eis und Feuer,不只冰火兩重天,zh-TW
Mehrschichtiger Verständnistest,多層次解析能力測試,zh-TW
Meilleur attaquant,最高火力,zh-TW
Meilleur club,最佳社團,zh-TW
Meilleur joueur,最佳玩家,zh-TW
Mein Zimmer ist riesig,我家房間很大,zh-TW
MeinEnkelIstOben,樓上是我孫子,zh-TW
Meine androide Frau? Ein schauriger Gedanke,我的仿生人妻子？越想越恐怖,zh-TW
Meister Gongshu,公輸師傅,zh-TW
"Meister der Bestimmung, Erhabenes Heiligtum",長樂天命理大師,zh-TW
Meister der Gegenstände,道具大師,zh-TW
Meister der Sprachen,語言高手,zh-TW
"Meister, jetzt verstehe ich!",師父，我悟了！,zh-TW
Mejor jugador,最佳玩家,zh-TW
Mejora de objetos,道具強化,zh-TW
Mejora general,泛用升級,zh-TW
Melacak Pola Respons Abnormal,追蹤異常響應模式,zh-TW
Melampaui Batas: Turnamen Balap Kecepatan,超限：狂飆大獎賽,zh-TW
Melampaui Standar,常值突破,zh-TW
Melangkah Bersama Roh Pahlawan,英靈偕行,zh-TW
Melewati Rumpun Bunga di Tanah Peristirahatan,走過安眠地的花叢,zh-TW
Melhor Amigo da Humanidade,人類最好的朋友,zh-TW
Melhor Clube,最佳社團,zh-TW
Melhor Jogador,最佳玩家,zh-TW
Melhor Quimera,最優秀的奇美拉,zh-TW
Melhoria Geral,泛用升級,zh-TW
Melodic Demon Serval,音律琴魔•希露瓦,zh-TW
Melodische Dämonin Serval,音律琴魔•希露瓦,zh-TW
Mem's Gift,迷迷贈禮,zh-TW
Membekulah! Jangan Bergerak!,凍住，不許走,zh-TW
Member Recruitment,成員召募,zh-TW
Meme Master,搞怪先鋒,zh-TW
Memories are the Prelude to Dreams,記憶是夢的開場白,zh-TW
Memory Sync Optimization,記憶銜接改良,zh-TW
Memperoleh Total #1 Poin Ujian,累積獲得#1試煉點數,zh-TW
Memórias Como Prelúdio dos Sonhos,記憶是夢的開場白,zh-TW
Menantikan Tumbuh Dewasa Lagi,期待又一次長大,zh-TW
Menara Penjinak Iblis Foxsomn Tomb,狐眠塚處鎮妖塔,zh-TW
Menara Penjinak Iblis Locufox Forest,談狐林處鎮妖塔,zh-TW
Menara Penjinak Iblis Pavilion of Cessation,偃息館處鎮妖塔,zh-TW
Menara Penjinak Iblis Swallowsong Pavilion,燕樂亭處鎮妖塔,zh-TW
Menara Penjinak Iblis Verdantia Terrace,青丘台處鎮妖塔,zh-TW
Menari Bersama Orang Utan,與猩共舞,zh-TW
Mencari Jejak Ide Inovatif,追蹤創新思維痕跡,zh-TW
Mencegah Hancurnya Kesadaran Diri,防止自我認知崩潰,zh-TW
Menempa Pedang Menjadi Mata Bajak,鑄劍為犁,zh-TW
Mengakhiri Kekacauan,終結亂世,zh-TW
Mengejar Ujung Takdir,命運逐鋒,zh-TW
Mengejutkan! Cerita dari Buku Cerita Terjadi di Sekitar Kita!,震驚！話本裡的故事竟然發生在我身邊！,zh-TW
Mengenang Penuh,全面回憶,zh-TW
Mengenang hari indah ini,紀念這美好的一天,zh-TW
Menggegerkan! Apa yang menyebabkan tangisan gaib di tengah malam?,震驚！半夜鬼哭竟是異獸所為？,zh-TW
"Mengharukan! Misi Setan Catur selesai, roh gentayangan akhirnya berpulang!",感人！棋鬼償夙願，英靈得往生！,zh-TW
Mengigau Semalaman,一夜夢話,zh-TW
Menschenzerstörung,毀人不倦,zh-TW
Mental Enlightenment,腦力啟蒙,zh-TW
Menu Rahasia,隱藏菜單,zh-TW
Menu caché,隱藏菜單,zh-TW
Menu Ẩn,隱藏菜單,zh-TW
Menyalip Secara Fisika,物理超車,zh-TW
Menyelamatkan Peneliti yang Patah Hati,拯救心碎組員,zh-TW
Menú oculto,隱藏菜單,zh-TW
MeowMeow,喵喵喵喵咪,zh-TW
Mer de nuages,雲海,zh-TW
Meraih Kemenangan,旗開得勝,zh-TW
Mercado Futuro,未來市場,zh-TW
Mergulho no Pesadelo,初探噩夢,zh-TW
Meriam Permen,糖果炮彈,zh-TW
Merodeador Glacial,深寒徘徊者,zh-TW
Mesin Penerjemah,翻譯機器,zh-TW
MesinPeramalTakBerperasaan,無情的卜算機器,zh-TW
Mesma Diferença,一樣的，一樣的。,zh-TW
Mestre Do Destino Do Santuário Glorificado,長樂天命理大師,zh-TW
Mestre Gongshu,公輸師傅,zh-TW
Mestre de Línguas,語言高手,zh-TW
Mestre do Mimema,搞怪先鋒,zh-TW
Mestre do Ritmo,節奏高手,zh-TW
Mestre dos Itens,道具大師,zh-TW
Meteor Laskar Api,赤焰流星,zh-TW
Meteoro Carmesí,赤焰流星,zh-TW
Meteoro Flamejante,赤焰流星,zh-TW
Metomentodo del taller,工坊萬事通,zh-TW
Meu Lixo Pônei: Edição Encantada,小桶寶力•附魔版,zh-TW
MeuNomeÉMartha!,熱心網友馬大姐,zh-TW
Mi colega está irreconocible...,同事好像換了個人一樣……,zh-TW
Mi cuello no es bastante largo,脖子不夠長,zh-TW
MiAMOR.PequeñaGui,唯愛、小桂子,zh-TW
MiEsposoJingYuan,景元是我原配夫君,zh-TW
Miamor_Guinaifen,摯愛、桂乃芬,zh-TW
Miaudalenas a la carrera,點心糕餅向前衝,zh-TW
Midei,萬敵,zh-TW
MidnightMirror,半夜照鏡子,zh-TW
Miedo,儆懼,zh-TW
MilAnos,千秋萬代,zh-TW
MilMeteoros,一千顆流星,zh-TW
Milagre de Oronyx,歐洛尼斯奇跡,zh-TW
Milagro de Oronix,歐洛尼斯奇跡,zh-TW
MilchpulverTrinker,奶粉奶粉喝奶粉,zh-TW
MilesDeAños,千秋萬代,zh-TW
MilkPowderDrinker,奶粉奶粉喝奶粉,zh-TW
Million Subs Special: I got a surprise for y'all,百萬訂閱特輯，這次的驚喜是……,zh-TW
Millénaire,千秋萬代,zh-TW
Mimpi Buruk Juri,裁判的噩夢,zh-TW
Mimpi Indah dan Cawan Suci,美夢與聖杯,zh-TW
MimpiBesar,滄海鴿壯志,zh-TW
Mina principal,大礦區,zh-TW
MinggatSana_ParaHater,米糕沒黑粉,zh-TW
Minha Espada Eletrocuta Demônios,蕩滌妖邪琉璃劍,zh-TW
Minha meta,分享一下小目標,zh-TW
Mini Dromas Loves Bathing,小地獸愛洗澡,zh-TW
Mini-Burger-Fan,愛吃小漢堡,zh-TW
Miniature Planet,微縮星球,zh-TW
Miniaturplanet,微縮星球,zh-TW
Minidroma liebt das Baden,小地獸愛洗澡,zh-TW
Minilata Azul Profundo,深藍的小桶,zh-TW
Minilata Catadora,拾荒的小桶,zh-TW
Minilata Colega,同好的小桶,zh-TW
Minilata Gelada,冰封的小桶,zh-TW
Minilata Responsável,負責的小桶,zh-TW
Minuscule Great Adventure,方寸大冒險,zh-TW
Minutero onírico,夢境迷鐘,zh-TW
Miracle d'Oronyx,歐洛尼斯奇跡,zh-TW
Mirada silenciosa,沉默的注視,zh-TW
Miroir2Minuit,半夜照鏡子,zh-TW
Miscelánea del viaje,道中雜記,zh-TW
Miscelânea da Jornada,道中雜記,zh-TW
Mise à jour générale,泛用升級,zh-TW
Mise à niveau du protocole de sécurité anti-intrusion,防入侵安全協議升級,zh-TW
Misi Bersama,同行任務,zh-TW
Misi Bersama Dimulai,同行任務開啟,zh-TW
Misi Bersama Dimulai,同行任務開放,zh-TW
Misi Dalam Pertandingan,局內任務,zh-TW
Misi Event,活動任務,zh-TW
Misi Finality,終末任務,zh-TW
Misi Kemampuan,技能任務,zh-TW
Misi Peretasan,駭入任務,zh-TW
Misi Trailbaze Lanjutan,開拓續聞,zh-TW
Misi Trailblaze,開拓任務,zh-TW
Misi Trailblaze Lanjutan,開拓續聞,zh-TW
Misi Versi,版本任務,zh-TW
Misiones de evento,活動任務,zh-TW
Misiones de habilidad,技能任務,zh-TW
Misiones de hackeo,駭入任務,zh-TW
Misiones de la versión,版本任務,zh-TW
Misiones de partida,局內任務,zh-TW
Misión de acompañante,同行任務,zh-TW
Misión de la Conclusión,終末任務,zh-TW
Misión trazacaminos,開拓任務,zh-TW
Mission Progress,任務程序,zh-TW
Mission d'investigation,調查委託,zh-TW
Mission de capacité,技能任務,zh-TW
Mission de compagnon,同行任務,zh-TW
Mission de compagnon disponible,同行任務開放,zh-TW
Mission de parties,局內任務,zh-TW
Mission de piratage,駭入任務,zh-TW
Mission pionnière,開拓任務,zh-TW
Missions d'événements,活動任務,zh-TW
Missions de compagnon,同行任務,zh-TW
Missions de compagnon disponibles,同行任務開啟,zh-TW
Missions de compagnon disponibles,同行任務開放,zh-TW
Missions de la Finalité,終末任務,zh-TW
Missions de version,版本任務,zh-TW
Missions pionnières,開拓任務,zh-TW
Missionsfortschritt,任務程序,zh-TW
Missão da Finalidade,終末任務,zh-TW
Missão de Companheiro,同行任務,zh-TW
Missão de Companheiro Disponível,同行任務開放,zh-TW
Missão de Companheiro disponível,同行任務開啟,zh-TW
Missão de Companheiro disponível,同行任務開放,zh-TW
Missão de Desbravamento,開拓任務,zh-TW
Missão de Versão,版本任務,zh-TW
Missões de Desbravamento,開拓任務,zh-TW
Missões de Evento,活動任務,zh-TW
Missões de Habilidade,技能任務,zh-TW
Missões de Hackeamento,駭入任務,zh-TW
Missões de Partida,局內任務,zh-TW
MisterYes,好好先生,zh-TW
Misteri Hipogeum,地宮迷蹤,zh-TW
Mit Bartholos spielen,和巴特魯斯一起玩,zh-TW
Mit Bartholos spielen (II),和巴特魯斯一起玩•其二,zh-TW
Mit Müll füttern verboten!,嚴禁投餵垃圾！,zh-TW
Mit dem Schweif geht’s auch,尾巴也可以,zh-TW
Mit der Chimäre streiten,和奇美拉吵架,zh-TW
Mitgliedsrekrutierung,成員召募,zh-TW
Mitos Urban,Urban Myth,zh-TW
MitternachtSpiegel,半夜照鏡子,zh-TW
Mo Cuishle,我的摯愛，我的血肉,zh-TW
Mode Gampang,簡單模式,zh-TW
Mode Sulit,困難模式,zh-TW
Mode d'urgence,應急模式,zh-TW
Mode de sanction,罰惡模式,zh-TW
Mode difficile,困難模式,zh-TW
Mode facile,簡單模式,zh-TW
Mode sans échec,安全模式,zh-TW
Moderate Snow,中雪,zh-TW
Moderação,戒退,zh-TW
Modo Difícil,困難模式,zh-TW
Modo Fácil,簡單模式,zh-TW
Modo Seguro,安全模式,zh-TW
Modo de Emergência,應急模式,zh-TW
Modo de Sanção,罰惡模式,zh-TW
Modo de castigo,罰惡模式,zh-TW
Modo de emergencia,應急模式,zh-TW
Modo difícil,困難模式,zh-TW
Modo fácil,簡單模式,zh-TW
Modo seguro,安全模式,zh-TW
Module d'auto-destruction,自爆模組,zh-TW
Module de surcharge,超載模組,zh-TW
"Mogura, Thủ Lĩnh Phá Luật, Hook",魔古拉，律賊之首，虎克,zh-TW
Molestias del crecimiento,成長的煩惱,zh-TW
Molten Armor,熔岩護體,zh-TW
Momen Penentuan,決勝時刻,zh-TW
Moment des Erwachens,夢醒時分,zh-TW
Moment décisif,決勝時刻,zh-TW
Moment of Awakening,夢醒時分,zh-TW
Momente des Alltags,生活點滴,zh-TW
Momento Decisivo,決勝時刻,zh-TW
Momento decisivo,決勝時刻,zh-TW
Momento del despertar,夢醒時分,zh-TW
Momento do Despertar,夢醒時分,zh-TW
Momo,墨墨,zh-TW
"Mon amour, ma chair, mon sang",我的摯愛，我的血肉,zh-TW
Mon-ultime-dans-ta-face,臉接小招,zh-TW
Monde 9,模擬宇宙•第九世界,zh-TW
Mondfinsternis,月食,zh-TW
Mong Chờ Trưởng Thành Lần Nữa,期待又一次長大,zh-TW
Monociclista,獨輪車,zh-TW
Monociclo,獨輪車,zh-TW
Monocycliste,獨輪車,zh-TW
Monopoli Galaksi,銀河大富翁,zh-TW
Montage,影片剪輯,zh-TW
Monument der Prophezeiung,預言算碑,zh-TW
Monumento Profético,預言算碑,zh-TW
Moral Dunia Makin Merosot,世風日下,zh-TW
Moralaktivierung,士氣啟動,zh-TW
Morale Activation,士氣啟動,zh-TW
Morale Booster,鼓舞士氣,zh-TW
Moralstärkung,鼓舞士氣,zh-TW
Mordida Estilhaçante,碎齧,zh-TW
Mordisco lupino,狼噬,zh-TW
More Than Ice and Fire,不只冰火兩重天,zh-TW
Morgensternenlicht,星芒啟明,zh-TW
Morning Starlight,星芒啟明,zh-TW
Morsure lacérante,碎齧,zh-TW
Mortais Sobre as Águas do Esquecimento,沉於生者的忘川,zh-TW
Morte Aos Hackers,盜號狗必須死,zh-TW
MostHandsome@AurumAlley,金人巷第一美男,zh-TW
Motivación,鼓舞,zh-TW
Motivador de Amizade,友誼激勵師,zh-TW
Motivation de l'amitié,友誼激勵師,zh-TW
Movie Channel,影音台,zh-TW
Mr. Cold Feet's Pop-Up Shop,寒腿叔叔的小店,zh-TW
Mr. Soda's Extras,《汽水先生外傳》,zh-TW
Mr.YesMAN,好好先生,zh-TW
MrTail's Sidekick,尾巴小跟班,zh-TW
Ms. Yo-Yo,大悠姐,zh-TW
Mua_nhà_PM_tôi,購房意向請私訊,zh-TW
Mughlu,虯髯客,zh-TW
Muka Seribu: Julian,千面•尤利安,zh-TW
"Mulai Menapak, Kala Hari Kedelapan",在第八日啟程,zh-TW
Multidimensional Projection,復維對映,zh-TW
Multidimensionale Projektion,復維對映,zh-TW
Multilayered Comprehension Test,多層次解析能力測試,zh-TW
Mundo 9 del Universo Simulado,模擬宇宙•第九世界,zh-TW
Mundonírico Profundo,深層夢境,zh-TW
Mundonírico Raso,淺層夢境,zh-TW
Murid,學生,zh-TW
MuridSepuh_KelompokPelepasan,放生幫頭號大弟子,zh-TW
Murmelbläschen,氣泡彈珠,zh-TW
Muscalité,肌質,zh-TW
Musculatura,肌質,zh-TW
Muscultition,肌質,zh-TW
Musculência,肌質,zh-TW
Musim Segala Makhluk Bangkit Kembali,又是萬物復甦的季節,zh-TW
Muskulution,肌質,zh-TW
Musuh Buaya,鱷魚公敵,zh-TW
Musée de l'Hiver éternel Catalogue de curiosités,冬城博物珍奇簿,zh-TW
Mutare Magnus,大衍萬象,zh-TW
Muối Tắm Cay,火辣浴鹽,zh-TW
Muối Tắm Làm Mát,冰爽浴鹽,zh-TW
Muối Tắm Lãng Mạn,浪漫浴鹽,zh-TW
Muối Tắm Sữa Thú,獸奶浴鹽,zh-TW
Muối Tắm Vàng,黃金浴鹽,zh-TW
My Android Wife? A Chilling Reflection,我的仿生人妻子？越想越恐怖,zh-TW
My Sword Zaps Demons,蕩滌妖邪琉璃劍,zh-TW
My neighbor's dead wife seems to have come back,我鄰居早逝的妻子似乎回家了,zh-TW
MyNameIsMartha!,熱心網友馬大姐,zh-TW
Mydei,萬敵,zh-TW
Mysteriöses Labyrinth,地宮迷蹤,zh-TW
Mystic Code Konseptual,概念禮裝,zh-TW
Mystères du crépuscule,晨昏卷隱,zh-TW
Mánh Khóe Xúc Xắc,骰機取巧,zh-TW
Máquina de traducción,翻譯機器,zh-TW
MáquinaAdivinadoraDespiadada,無情的卜算機器,zh-TW
MáquinaDeDivinação_braba,無情的卜算機器,zh-TW
Más allá de las llanuras nevadas,比雪原更遙遠,zh-TW
Más allá de los pétalos de la tierra del reposo,走過安眠地的花叢,zh-TW
Más que hielo y fuego,不只冰火兩重天,zh-TW
Máscara Metamórfica da Sparkle,花火的千變假面,zh-TW
Máscara cambiante de Sparkle,花火的千變假面,zh-TW
Máy Dịch Thuật,翻譯機器,zh-TW
Máy Lặp Lại,複讀機,zh-TW
Máy Tạo Mây Màu,雲彩製造機,zh-TW
MáyBóiToánVôTình,無情的卜算機器,zh-TW
Mây Đi Không Dấu Vết,雲無留跡,zh-TW
Mây Độc,毒雲,zh-TW
Mã Hóa Đa Tầng,層層加碼,zh-TW
MãHiệu886,代號886,zh-TW
Mão,手,zh-TW
Mão na Luva,狼狽為奸,zh-TW
Mäßiger Schnee,中雪,zh-TW
Médias sociaux,網路行動,zh-TW
Mélodie du voyage,道中雜記,zh-TW
Météore flamboyant,赤焰流星,zh-TW
MêUốngNước,阿生多喝水,zh-TW
Même l'immortalité a une fin,仙骸有終,zh-TW
Módulo Autoexplosivo,自爆模組,zh-TW
Módulo autodestructivo,自爆模組,zh-TW
Módulo de Colaboração da Equipe de Reparos,修正團隊協作模組,zh-TW
Módulo de Sobrecarga,超載模組,zh-TW
Módulo de sobrecarga,超載模組,zh-TW
Món Quà Của Mem,迷迷贈禮,zh-TW
Món Quà Của Thời Gian,歲月的饋贈,zh-TW
Món Quà Phiêu Lưu,巡星之禮,zh-TW
Món Quà Thiên Đường,樂園之禮,zh-TW
Món Quà Tôi Luyện,淬鋒之禮,zh-TW
Món Quà Từ Vũ Trụ,逴星之禮,zh-TW
Món Quà Ánh Sáng,巡光之禮,zh-TW
Mô Đun Quá Tải,超載模組,zh-TW
Mô Đun Tự Nổ,自爆模組,zh-TW
MùaĐôngLẻBóng,獨立寒秋,zh-TW
Mùi Hương Ảo Giác,虛境味探,zh-TW
Mülltonne,垃圾桶,zh-TW
Müllwurf,垃圾投擲,zh-TW
Mũi Tên Xoắn Ốc,螺旋的弓矢,zh-TW
Mưa Axit,酸雨,zh-TW
Mưa Bão,暴雨,zh-TW
Mưa Cá,魚雨,zh-TW
Mưa Cát Trắng,白砂之雨,zh-TW
Mưa Dông,雷雨,zh-TW
Mưa Nhỏ,小雨,zh-TW
Mưa Nắng,晴天雨,zh-TW
Mưa Trong Tuyết,雨夾雪,zh-TW
Mưa Ếch,青蛙雨,zh-TW
Mặt Nạ Thiên Biến Của Sparkle,花火的千變假面,zh-TW
Mặt Trời Ảo,幻日,zh-TW
Mặt Tối Của Mặt Trăng,月之暗面,zh-TW
"Mọi người khỏe không, chào hỏi nhau nè!",大家好啊，打個招呼！,zh-TW
Mọi ánh mắt đều đổ dồn vào tôi!,全體目光向我看齊！,zh-TW
Mộng Đẹp Và Chén Thánh,美夢與聖杯,zh-TW
Mộng Đẹp Vĩnh Hằng,美夢永恆,zh-TW
Mộng Đẹp Đã Đến,美夢降臨,zh-TW
"Một Biển ""Thùng Rác""",人山人海的桶,zh-TW
Một Câu Chuyện Cổ Tích Truyền Thống...?,傳統童話故事……？,zh-TW
Một Hơi Hết Ba Bữa,一氣化三餐,zh-TW
Một Mình Đảm Đương,獨當一面,zh-TW
Một Người Du Khách,一位旅人,zh-TW
Một Trận Mưa Lớn Phá Hủy Giấc Mơ Ăn Đất,一場大雨毀了我的吃土夢,zh-TW
Một bức thư gửi cho bạn,給你的一封信,zh-TW
Một phen hú vía do bộ lọc mới gây ra,新型濾鏡帶來一場虛驚,zh-TW
Mộtđờibìnhyên,一生平安,zh-TW
Mời Guigui Uống Nước Đậu Ngọt Lạnh,請桂桂喝冰糖豆汁,zh-TW
"Mở Cửa, Tôi Là Chuột",開門我是鼠鼠,zh-TW
Mở Nhiệm Vụ Đồng Hành,同行任務開啟,zh-TW
Mở Nhiệm Vụ Đồng Hành,同行任務開放,zh-TW
Mở Rộng Bờ Cõi,開疆擴土,zh-TW
Mở nhiệm vụ Đồng Hành,同行任務開放,zh-TW
Mởcửa_tôilàchuột,開門，我是鼠鼠,zh-TW
Mục Tiêu Hàng Sau,後排目標,zh-TW
"N'approchez pas, j'ai peur",別過來，我害怕,zh-TW
N.º 886,代號886,zh-TW
N.º886,代號886,zh-TW
"NEM TUDO QUE RELUZ É OURO??: Rostos conhecidos, corações desconhecidos",知人知面不知心，最熟悉的人最陌生！,zh-TW
NRV12,娛樂台,zh-TW
Nachbarschaftliche Harmonie,鄰里和睦,zh-TW
Nacht der kosmischen Illusionen,宇宙幻覺之夜,zh-TW
Nada de Alimentar com Lixo!,嚴禁投餵垃圾！,zh-TW
NadaHastaQueElAguaSeaAzul,游到海水變藍,zh-TW
Nade_Até_A_Água_Ficar_Azul,游到海水變藍,zh-TW
NagaMerahKeren,無敵大火龍,zh-TW
Nager_Jusqua_Cque_Leau_Devienne_Bleue,游到海水變藍,zh-TW
NaifenSuPeRfAn,奶粉單推人,zh-TW
Naifen_FANAlocada,瘋狂奶粉,zh-TW
Naifen_TakBerotak,專門訂閱噴乃芬,zh-TW
Naifendeukie,瘋狂奶粉,zh-TW
NamaAsliOnline,實名上網,zh-TW
Nama_TidakPenting,名字不重要,zh-TW
Name Is Unimportant,名字不重要,zh-TW
NameBeibehaltenBisKünstler,考不進工造司不改名,zh-TW
Nan Đề Đội Tàu Của Amphoreus,翁法羅斯的列車難題,zh-TW
Narizotas_andante,行走的鼻形獸,zh-TW
Narraciones extraordinarias,評書奇譚,zh-TW
Narrative Poetry,敘事詩,zh-TW
Nashorn_erzählt_Geistergeschichten,犀牛講怪談,zh-TW
NasupèdeAmbulant,行走的鼻行獸,zh-TW
Nasupède_Itinérant,路過的鼻行獸,zh-TW
Natasha,娜塔莎,zh-TW
Natif_AlléedesAurums,金人巷土著,zh-TW
Naughty_One_No_Chill,小淘氣不冷靜,zh-TW
NdaIsa_Bobo_Hiks,夜夜睡不好,zh-TW
Ndak_Isa_Diam,小淘氣不冷靜,zh-TW
Ne vous faites pas avoir par les visages familiers !,知人知面不知心，最熟悉的人最陌生！,zh-TW
Nebula_17,下雪大衣,zh-TW
Necesito velocidad,按喇叭加速,zh-TW
Neck Ain't Long Enough,脖子不夠長,zh-TW
Necklace,項鍊,zh-TW
Negative Load Algorithm,負載演算,zh-TW
Negativladungs-Algorithmus,負載演算,zh-TW
Negociación letal,一場赴死的和談,zh-TW
Negócios Arriscados,骰機取巧,zh-TW
Neige fine,細雪,zh-TW
Neige fondue,雨夾雪,zh-TW
Neighborly Harmony,鄰里和睦,zh-TW
NemPensei,我沒多想,zh-TW
Neon Dreamland Map Reward,霓虹夢局地圖獎勵,zh-TW
Nether Puppet,幽府偃偶,zh-TW
Nettoyage en profondeur,全盤殺毒,zh-TW
Neue Begleitermission,同行任務開啟,zh-TW
Neue Begleitermission,同行任務開放,zh-TW
Neue Saat,新的種子,zh-TW
Neue Werbestrategie von Horror-Immersia?,恐怖幻戲新的宣傳手段？,zh-TW
"Neuer Filter, falscher Alarm",新型濾鏡帶來一場虛驚,zh-TW
Nevada intensa,大雪,zh-TW
Nevada moderada,中雪,zh-TW
Nevasca,暴雪,zh-TW
Neve Fina,細雪,zh-TW
Neve Moderada,中雪,zh-TW
Neve Pesada,大雪,zh-TW
New Filter Brings False Alarm,新型濾鏡帶來一場虛驚,zh-TW
New Horror Immersia Marketing Ploy?,恐怖幻戲新的宣傳手段？,zh-TW
News Flash,動態快報,zh-TW
Nezumorpheus_ambulant,行走的鼻形獸,zh-TW
Ngebut Tanpa Kode,程式碼關頭,zh-TW
Nghe Hay Là Khởi Đầu Tốt,好聽就是好頭,zh-TW
Nghe nói Phủ Thần Sách đang có kế hoạch nới lỏng chính sách mua nhà,聽說神策府準備放鬆購房政策,zh-TW
Nghi Thức Thần Thánh,諸神秘儀,zh-TW
Nghiêm Cấm Cho Ăn Rác!,嚴禁投餵垃圾！,zh-TW
Nghiên Cứu Pha Chế,調飲研究,zh-TW
Nghiền Nát Băng,冰輪碎碾,zh-TW
Nghệ Sĩ Đàn Lyre Nước,水漫琴師,zh-TW
Nghệ Thuật Trị Liệu,治療的藝術,zh-TW
Ngimpi_JadiCloudKnight,考上雲騎還願,zh-TW
NgobrolBarengTantan,檀檀談談談,zh-TW
Ngoại Truyện,外傳故事,zh-TW
Ngoại Truyện Chim Giấy,《摺紙小鳥外傳》,zh-TW
Ngoại Truyện Kỵ Sĩ Bóng Hamster,《倉鼠球騎士外傳》,zh-TW
Ngoại Truyện Người Anh Em Hanu,《哈努兄弟外傳》,zh-TW
Ngoại Truyện Quý Ngài Soda,《汽水先生外傳》,zh-TW
Ngoại Truyện Ông Chủ Gỗ,《木頭老爹外傳》,zh-TW
Ngoại Truyện Ông Chủ Đá,《石頭老闆外傳》,zh-TW
Nguyệt Thực,月食,zh-TW
Ngài Hook Đen Tối,漆黑的虎克大人,zh-TW
Ngàn Cân Treo Sợi Tóc,命懸一線,zh-TW
Ngàn Sao Đồng Hành,千星旅伴,zh-TW
Ngày Kỷ Niệm,週年,zh-TW
Ngày Mai Trở Thành Hôm Qua,成為昨日的明天,zh-TW
Ngânhàđángyêu,銀河小可愛,zh-TW
Ngôi Sao May Mắn,福星高照,zh-TW
Ngôi Sao May Mắn Vũ Trụ,銀河幸運星,zh-TW
Ngôi Sao Định Mệnh,命中註定的星辰,zh-TW
Ngôi nhà nhỏ trong sương mù!,霧中小屋！,zh-TW
Ngôn Ngữ Hoa Hương Thảo,迷迭香的花語,zh-TW
Ngăn Chặn Máy Chủ Quá Tải,防止伺服器超載,zh-TW
Ngăn Chặn Sự Sụp Đổ Của Tự Nhận Thức,防止自我認知崩潰,zh-TW
Ngăn Chặn Tấn Công,攻擊攔截,zh-TW
Người Bạn Tốt Nhất Của Con Người,人類最好的朋友,zh-TW
Người Bị Trời Phạt,天譴之人,zh-TW
Người Chơi Giỏi Nhất,最佳玩家,zh-TW
Người Chơi Xúc Xắc,骰號玩家,zh-TW
Người Cổ Vũ Tình Bạn,友誼激勵師,zh-TW
Người Dùng Đã Đăng Xuất,使用者已註銷,zh-TW
Người Dùng_3333,用戶參參參參,zh-TW
Người Hâm Mộ Hàng Đầu,頭號粉絲,zh-TW
Người Phục Vụ Nhà Tắm,浴場侍者,zh-TW
Người Phục Vụ Nhà Tắm,澡堂侍者,zh-TW
Người Qua Đường,路過的人,zh-TW
Người Qua Đường Bí Ẩn,神秘路人,zh-TW
Người Quyết Định Ở Trường Lạc Thiên,長樂天話事人,zh-TW
Người Sói Tắm Máu,浴血人狼,zh-TW
Người Thứ 5 Của Biệt Đội Bắt Ma,捉鬼小隊第五人,zh-TW
Người Xianzhou Chỉ Đường,仙舟人指路,zh-TW
Người Yêu Thuyền Sao,星槎愛好者,zh-TW
Người vợ Android của tôi? Nghĩ đến thật đáng sợ.,我的仿生人妻子？越想越恐怖,zh-TW
Người vợ chết trẻ của hàng xóm tôi hình như đã quay về,我鄰居早逝的妻子似乎回家了,zh-TW
NgườiQuảnLýĐộngTiên,洞天管理員,zh-TW
Người_này_đã_xóa_acc,該使用者已註銷,zh-TW
Ngọn Lửa Gào Thét,咆哮之火,zh-TW
Ngục Tù Vô Hình,無形之牢,zh-TW
Nhiệm Vụ Hack,駭入任務,zh-TW
Nhiệm Vụ Khai Phá,開拓任務,zh-TW
Nhiệm Vụ Kỹ Năng,技能任務,zh-TW
Nhiệm Vụ Phiên Bản,版本任務,zh-TW
Nhiệm Vụ Sự Kiện,活動任務,zh-TW
Nhiệm Vụ Trong Trận,局內任務,zh-TW
Nhiệm Vụ Tuyệt Diệt,終末任務,zh-TW
Nhiệm Vụ Đồng Hành,同行任務,zh-TW
Nhiệt Độ Cao,高溫,zh-TW
Nhuộm Màu,染色,zh-TW
Nhà Bếp Địa Ngục,地獄廚房,zh-TW
Nhà Hàng 1 Sao,一星級餐廳,zh-TW
Nhà Hàng 2 Sao,二星級餐廳,zh-TW
Nhà Hàng 3 Sao,三星級餐廳,zh-TW
Nhà Hàng 4 Sao,四星級餐廳,zh-TW
Nhà Hàng Khu Rừng Lạc Lối Hoàng Kim,黃金迷境大飯店,zh-TW
Nhà Hàng Tự Phục Vụ,自助餐廳,zh-TW
NhàthámhiểmLânUyênCảnh,鱗淵境的冒險者,zh-TW
Nhàảothuật liềumạng1020,送命魔術師1020,zh-TW
Nhát Chém Cướp Đoạt,掠奪斬擊,zh-TW
Nhân Viên Cơ Sở - Bảo Vệ,基層員工•保全,zh-TW
Nhân Viên Thâm Niên - Tổ Trưởng,資深員工•組長,zh-TW
Nhóc Xỉa Xói,說怪話,zh-TW
NhưngTôiMuốnĐấm2Cú,但是我想給你兩拳,zh-TW
Nhạy Bén Nhưng Không Hiểu,機靈小不懂,zh-TW
Nhảy Cùng Tinh Tinh,與猩共舞,zh-TW
Nhấn Còi Tăng Tốc,按喇叭加速,zh-TW
Nhẫn Hiệp-Dazzling AKA Rappa,繚亂忍俠•AKA•亂破,zh-TW
Nhật Ký Phi Hành,飛行日誌,zh-TW
Nhật Ký Vượt Ngục Của Người Anh Em Hanu,哈努兄弟越獄記,zh-TW
Nhật Nguyệt Tỏa Sáng,日月同輝,zh-TW
Nhật Thực,日食,zh-TW
Nhớtôikhông,記得我嗎,zh-TW
NhữngThángNămTươiĐẹp,歲月靜好,zh-TW
Nice Weather for Dromases,天氣真好，養牠！,zh-TW
Nicht-Lachen-Challenge,不要笑挑戰,zh-TW
Nicknamed,被取外號了,zh-TW
Nidhog,「涅德霍格」,zh-TW
Nidhogg,「涅德霍格」,zh-TW
Niebla venenosa,毒霧,zh-TW
Nieselregen,小雨,zh-TW
Nieve fina,細雪,zh-TW
Night Owl's Constitution,熬夜聖體,zh-TW
Night of Universal Hallucinations,宇宙幻覺之夜,zh-TW
NightBell_Sighs,晚鐘的嘆息,zh-TW
Nightly Luminosity,宵明,zh-TW
NightlyInsomniac,夜夜睡不好,zh-TW
Nightmare Dip,初探噩夢,zh-TW
Nightshadow123,等天黑123,zh-TW
NimbocaballeroDestructor,雲騎出征寸草不生,zh-TW
NimbocaballeroMagnético,磁暴雲騎軍,zh-TW
"Nimm diese Schwäche, bitte sehr.",您的弱點，請收下,zh-TW
Ninja Dazzling alias Rappa,繚亂忍俠•AKA•亂破,zh-TW
Ninja-Kodex der Klangjagd,音律狩獵忍法帖,zh-TW
Niv. de réputation cosmique,銀河聲望等級,zh-TW
Nivel de luz amarilla,黃光級,zh-TW
Nivel de luz azul,藍光級,zh-TW
Nivel de luz roja,紅光級,zh-TW
Nivel de luz verde,綠光級,zh-TW
Nivel de luz violeta,紫光級,zh-TW
Nivel de reputación cósmica,銀河聲望等級,zh-TW
Niềm Tin Cơ Bản Thì Sao?,基本的信任呢？,zh-TW
No Aha at Full Moon,滿月是神不在的時間,zh-TW
No Garbage Feeding Allowed!,嚴禁投餵垃圾！,zh-TW
No Mundo 2D,做二次元,zh-TW
No Next Time,下次不要玩了,zh-TW
No Oil On Breaks,剎車沒油,zh-TW
No Picky Eating.,不可以挑食。,zh-TW
"No Time To Explain, Get On!",來不及解釋快上車,zh-TW
No habrá una próxima vez,下次不要玩了,zh-TW
"No hay tiempo para explicar, ¡sube!",來不及解釋快上車,zh-TW
No paro de recibir llamadas anónimas en medio de la noche...,總是在半夜收到匿名來電……,zh-TW
No puedo esperar a crecer otra vez,期待又一次長大,zh-TW
No seas quisquilloso con la comida,不可以挑食。,zh-TW
"No te acerques, tengo miedo",別過來，我害怕,zh-TW
No. 1 Fan,頭號粉絲,zh-TW
No.886,代號886,zh-TW
NoArtisanNoLife,考不進工造司不改名,zh-TW
NoGoodUsername,想不出好暱稱,zh-TW
NoLongerCucumber,被迫改名的胡瓜,zh-TW
NoPiensoDemasiado,我沒多想,zh-TW
NoSeMeOcurreUnBuenApodo,想不出好暱稱,zh-TW
NoStreaming_HariIni,今天不播,zh-TW
NoThinking,我沒多想,zh-TW
No_Soy_Calvo,啾啾才沒有謝頂呢,zh-TW
Noche de alucinaciones universales,宇宙幻覺之夜,zh-TW
Noche en vela,不眠之夜,zh-TW
Nohaynadapara_ti,寶哥不許吃,zh-TW
Noite Branca,不眠之夜,zh-TW
Noite das Alucinações Universais,宇宙幻覺之夜,zh-TW
Nom_Pas_Important,名字不重要,zh-TW
NombreRealEnLínea,實名上網,zh-TW
NomeReal_Online,實名上網,zh-TW
Noob_TheLookingBronze,鑑爻軒二狗,zh-TW
Nopuedoretrasarmemás,不能再遲到了,zh-TW
Normal Correction,常態矯正,zh-TW
Normale Herausforderung,常規挑戰,zh-TW
Normale Korrektur,常態矯正,zh-TW
Noseshaper เดินได้,行走的鼻形獸,zh-TW
Noseshaper_Jalanjalan,行走的鼻形獸,zh-TW
Nosewalker ที่ผ่านมา,路過的鼻行獸,zh-TW
Nosewalker เดินได้,行走的鼻行獸,zh-TW
Nosewalker_Jalanjalan,行走的鼻行獸,zh-TW
"Nossa, Você Também Navega na Internet?",哇咧，你們也上網？,zh-TW
"Not Tired, Not At All",不累，根本不累,zh-TW
Notfallmodus,應急模式,zh-TW
Notfallneustart,緊急重啟,zh-TW
Noticias,動態快報,zh-TW
Nouveaux amis avec de la bouteille,舊瓶新友,zh-TW
Nouvelle graine,新的種子,zh-TW
Novachama,礪爍新輝,zh-TW
Novaflare,礪爍新輝,zh-TW
Novas Sementes,新的種子,zh-TW
Novato de Combate Plateado,銀戰新人,zh-TW
Novengasamitumba,別給我燒紙,zh-TW
Noyau du réacteur dragon,龍之爐心,zh-TW
Nr. 886,代號886,zh-TW
Nuage toxique,毒雲,zh-TW
Nube venenosa,毒雲,zh-TW
Nuevas semillas,新的種子,zh-TW
Nuevo destello,礪爍新輝,zh-TW
Nuit blanche,不眠之夜,zh-TW
Nuit des hallucinations cosmiques,宇宙幻覺之夜,zh-TW
Nuncapilotaré,永不空軍,zh-TW
Nur ernsthafte Bewerbungen,非誠勿擾,zh-TW
NurGui,獨愛小桂,zh-TW
Nurture Master,培育大師,zh-TW
Nutri-Schätze-Wundermittel,寶餌堂靈丹妙藥,zh-TW
NutriTreasures Miracle Cure,寶餌堂靈丹妙藥,zh-TW
Nuvem Venenosa,毒雲,zh-TW
Nuvens Não Deixam Rastros,雲無留跡,zh-TW
Nuốt Chửng Cerces,吃掉瑟希斯,zh-TW
Nuốt Trời,吞天,zh-TW
Nyawa di Ujung Tanduk,命懸一線,zh-TW
NyonyaYo_Yo,大悠姐,zh-TW
N° 886,代號886,zh-TW
NÃO SOU CALVO,啾啾才沒有謝頂呢,zh-TW
Nâng Cấp Chung,泛用升級,zh-TW
Nâng Cấp Giao Thức An Ninh Chống Xâm Nhập,防入侵安全協議升級,zh-TW
"Não Estou Cansado, Nem Um Pouco",不累，根本不累,zh-TW
"Não, você não precisa de um OCULISTA. CONHEÇA JÁ a Nave-Fantasma INVISÍVEL",不能直接觀測的幽靈艦隊,zh-TW
NãoPossoMeAtrasar,不能再遲到了,zh-TW
Nächtliche Leuchtkraft,宵明,zh-TW
Né_Dans_L'Abîme,我來自深淵,zh-TW
Ném Bom Rực Cháy,火熾轟炸,zh-TW
Ném Rác,垃圾投擲,zh-TW
Névoa Tóxica,毒霧,zh-TW
Nível de Luz Amarela,黃光級,zh-TW
Nível de Luz Azul,藍光級,zh-TW
Nível de Luz Roxa,紫光級,zh-TW
Nível de Luz Verde,綠光級,zh-TW
Nível de Luz Vermelha,紅光級,zh-TW
Nível de Reputação Cósmica,銀河聲望等級,zh-TW
Nói Mớ Suốt Đêm,一夜夢話,zh-TW
NóiLàLàm,言出法隨,zh-TW
Nörgler,說怪話,zh-TW
Núcleo da Fornalha do Dragão,龍之爐心,zh-TW
Núcleo reactor del dragón,龍之爐心,zh-TW
Năng Lượng Tuần Hoàn,能量循環,zh-TW
NăngLượng_200%,靈能百分之兩百,zh-TW
Nước Đậu Mặn Cay Của Guigui,桂桂的鹹辣豆汁,zh-TW
Nắm Đấm Bình Minh,破曉重拳,zh-TW
Nắng,晴,zh-TW
Nắng Gắt,烈日,zh-TW
Nếu Rơi Xuống Nước Thì Cứu Ai Trước,先救落水的誰,zh-TW
Nỗi Cô Đơn Của Sông Styx,冥河的孤獨難耐,zh-TW
NửaĐêmSoiGương,半夜照鏡子,zh-TW
NửaĐêm_BayLắc,飛霄羅浮分霄,zh-TW
Nữ Hiệp Cái Thế March 7th,蓋世女俠三月七,zh-TW
O Azul e Wubbaboo,湛藍星與嗚嗚伯,zh-TW
O Caminho da Fortuna: Desafio Extremo,逐光撿金•高難度挑戰,zh-TW
O Combate se Aproxima,決戰將至,zh-TW
O Conto de Fadas Tradicional...?,傳統童話故事……？,zh-TW
O Desvendar ao Amanhecer,獻給破曉的失控,zh-TW
O Diabo em Veludo,天鵝絨裡的惡魔,zh-TW
O Dilema do Bonde Amphoreano,翁法羅斯的列車難題,zh-TW
O Dragão Retorna ao Lar,龍返其鄉,zh-TW
O Ecoador,複讀機,zh-TW
"O Episódio Mais Inteligente, Saudável e Charmoso",最聰明、健康、迷人的一集,zh-TW
O Escritório Auu,嗷嗚嗷嗚事務所,zh-TW
O Estraga-Prazeres Imortal,劇透仙人,zh-TW
O Fim do Trono ao Abrir do Portão,門扉之啟，王座之終,zh-TW
O Futuro é dos E-Sports! A realidade virtual veio PRA FICAR!,電子競技成未來趨勢，數位博弈成為現實,zh-TW
O Inimigo Crocodilo,鱷魚公敵,zh-TW
O Jardim Flamavulpe vai DETONAR o futuro do Luofu!,綏園這麼整是要抽乾羅浮仙舟的氣運啊！,zh-TW
O Mundo Está Indo Para os Cachorros,世風日下,zh-TW
O Nome Não Importa,名字不重要,zh-TW
O PUBLICITÁRIO FICOU MALUCO! Jogada de marketing de uma nova imérsia de terror?,恐怖幻戲新的宣傳手段？,zh-TW
O QUE se esconde por trás dos vultos? O Enxame? DESCUBRA AGORA,鬼怪背後竟是蟲族餘孽？！,zh-TW
O Que Foi Já Foi,往事隨風,zh-TW
O Que É Uma Tabuleta de Pedra? Vamos Dar Uma Mordidinha.,石碑？這是什麼？吃一下。,zh-TW
O Rabinho Também Funciona,尾巴也可以,zh-TW
O Retorno do Crocodilo,邪鱷歸來,zh-TW
O Rolar dos Dados em Astrópolis,揮擲千星的籌碼,zh-TW
O Silvo Que Rompe o Silêncio,鳴笛於歸寂之時,zh-TW
O Silêncio dos Indolentes,沉默的注視,zh-TW
O Ultraje Bananal: Batalhas sem Ninja e sem Humanidade,蕉惡非道•無忍義之戰,zh-TW
O céu chora,天上總是傳來慟哭聲,zh-TW
OCastigado,天譴之人,zh-TW
OMG! Cloud Knight caught doing the unthinkable at Alchemy Commission!,驚！堂堂雲騎軍竟然在丹鼎司做這種事！,zh-TW
OMG! I tried livestreaming my ghost encounter and the results were insane!,和鬼見面？直播跟鬼通話的結果是……,zh-TW
OPpoop,開門，我是鼠鼠,zh-TW
OS céus do Xianzhou JAMAIS serão os mesmos! Conheça o Daiyunês Voador!,飛翔的岱輿人號,zh-TW
O_Pequeno_Mestre_Do_Mal,小淘氣不冷靜,zh-TW
O_Que_Eu_Quiser,為所欲為,zh-TW
ObatAjaibNutriTreasures,寶餌堂靈丹妙藥,zh-TW
Objetivo de fila trasera,後排目標,zh-TW
"Obsequies Performed, A Long Road Ahead",安靈布奠，天清路遠,zh-TW
Obsequio de entrada,入園禮遇,zh-TW
Obtenir #1 points d'épreuve,累積獲得#1試煉點數,zh-TW
Obtén un total de #1 pts. de prueba,累積獲得#1試煉點數,zh-TW
Ocorrências Sociais,Societal Happenings,zh-TW
Ocorrências Sociais,社會生態,zh-TW
OcultoASimpleVista,大隱隱於市,zh-TW
OdioDormir,不愛睡覺,zh-TW
Ofertas de trabajo,招工啟事,zh-TW
Off To a Great Start,好聽就是好頭,zh-TW
OfficialShangshang,裳裳唯一帳號,zh-TW
Ogah_BangunPagi,呆呆不早起,zh-TW
OhneGutenNamen,想不出好暱稱,zh-TW
Oi pessu!,大家好啊，打個招呼！,zh-TW
Old Brews & New Friends,舊瓶新友,zh-TW
Old Man,老爺爺,zh-TW
Old Man Wood's Extras,《木頭老爹外傳》,zh-TW
Oleada de Chanchitos,撲滿波動,zh-TW
Oleg,奧列格,zh-TW
Ombak Peperangan,戰意狂潮,zh-TW
Ombre du Ranger,遊俠謎影,zh-TW
Ombre ravageuse,蝕心影魔,zh-TW
OmbreNocturne123,等天黑123,zh-TW
Omnibus,總集篇,zh-TW
Omnic braucht keine Bremsen,我是智械，不用剎車,zh-TW
On a une collègue qui a totalement changé...,同事好像換了個人一樣……,zh-TW
On n'est pas fatigués !,不累，根本不累,zh-TW
On the Dromases (I),論大地獸們•其一,zh-TW
On the Dromases (II),論大地獸們•其二,zh-TW
On the Dromases (III),論大地獸們•其三,zh-TW
OnMeVoit_OnMeVoitPlus,大隱隱於市,zh-TW
Onda de Cofrinho,撲滿波動,zh-TW
Ondas da Guerra,戰意狂潮,zh-TW
One Big Cosmic Family,宇宙一家親,zh-TW
"One Rainstorm, and There Goes My Soil-Dream",一場大雨毀了我的吃土夢,zh-TW
One Who Defies the Wind,逆風而行,zh-TW
One-Shot Knockout Strat,一招制敵的技巧,zh-TW
Ongoing Operations,持續營運,zh-TW
Oniring,夢境訓練,zh-TW
Onirisme sociétal,Societal Happenings,zh-TW
Open Challenge,自由挑戰,zh-TW
OpenUpItsMousey,開門我是鼠鼠,zh-TW
Operaciones continuas,持續營運,zh-TW
Operación exorcismo,降妖行動,zh-TW
Operación instantáneas de memoria,日拋憶質留影計畫,zh-TW
Operación instantáneas: Día 1,留影計畫•第一日,zh-TW
Operación instantáneas: Día 2,留影計畫•第二日,zh-TW
Operación instantáneas: Día 3,留影計畫•第三日,zh-TW
Operación instantáneas: Día 4,留影計畫•第四日,zh-TW
Operación instantáneas: Día 5,留影計畫•第五日,zh-TW
Operación instantáneas: Día 6,留影計畫•第六日,zh-TW
Operasi Berkelanjutan,持續營運,zh-TW
Operasi Influencer,網路行動,zh-TW
Operasi Mengusir Setan,降妖行動,zh-TW
Operasi Patroli,遊園行動,zh-TW
Operation Exorzismus,降妖行動,zh-TW
Operation Gartenspaziergang,遊園行動,zh-TW
Operation Internet,網路行動,zh-TW
Operation Kampf der Seehunde,豹豹碰碰大作戰,zh-TW
Operation Memoria Snapshot,日拋憶質留影計畫,zh-TW
Operation Schattenspiel des Memoria,日拋憶質留影計畫,zh-TW
Operation Schattenspiel: Tag 1,留影計畫•第一日,zh-TW
Operation Schattenspiel: Tag 2,留影計畫•第二日,zh-TW
Operation Schattenspiel: Tag 3,留影計畫•第三日,zh-TW
Operation Schattenspiel: Tag 4,留影計畫•第四日,zh-TW
Operation Schattenspiel: Tag 5,留影計畫•第五日,zh-TW
Operation Schattenspiel: Tag 6,留影計畫•第六日,zh-TW
Operation Snapshot: Day 1,留影計畫•第一日,zh-TW
Operation Snapshot: Day 2,留影計畫•第二日,zh-TW
Operation Snapshot: Day 3,留影計畫•第三日,zh-TW
Operation Snapshot: Day 4,留影計畫•第四日,zh-TW
Operation Snapshot: Day 5,留影計畫•第五日,zh-TW
Operation Snapshot: Day 6,留影計畫•第六日,zh-TW
Operação Captura de Memória,日拋憶質留影計畫,zh-TW
Operação Captura: Dia 1,留影計畫•第一日,zh-TW
Operação Captura: Dia 2,留影計畫•第二日,zh-TW
Operação Captura: Dia 3,留影計畫•第三日,zh-TW
Operação Captura: Dia 4,留影計畫•第四日,zh-TW
Operação Captura: Dia 5,留影計畫•第五日,zh-TW
Operação Captura: Dia 6,留影計畫•第六日,zh-TW
Operação de Exorcismo,降妖行動,zh-TW
Operações em Andamento,持續營運,zh-TW
Oponente al mismo nivel,旗鼓相當的對手,zh-TW
Oponente de Nível Semelhante,旗鼓相當的對手,zh-TW
Oppression d'antimatière,反物質鐵蹄,zh-TW
Opresión antimateria,反物質鐵蹄,zh-TW
Opressão Antimatéria,反物質鐵蹄,zh-TW
Optimalisasi Koneksi Memori,記憶銜接改良,zh-TW
Optimierung der Erinnerungssync,記憶銜接改良,zh-TW
Optimisation d'efficacité,降耗增效,zh-TW
Optimisation de la synchronisation de la mémoire,記憶銜接改良,zh-TW
Optimización de eficiencia,降耗增效,zh-TW
Optimización de recuerdos,記憶銜接改良,zh-TW
Opération cliché : Jour 1,留影計畫•第一日,zh-TW
Opération cliché : Jour 2,留影計畫•第二日,zh-TW
Opération cliché : Jour 3,留影計畫•第三日,zh-TW
Opération cliché : Jour 4,留影計畫•第四日,zh-TW
Opération cliché : Jour 5,留影計畫•第五日,zh-TW
Opération cliché : Jour 6,留影計畫•第六日,zh-TW
Opération cliché mémoriel,日拋憶質留影計畫,zh-TW
Opérations en cours,持續營運,zh-TW
Or et machines,模擬宇宙：黃金與機械,zh-TW
Orage,雷雨,zh-TW
Orage sec,晴雷,zh-TW
OrageArc-en-ciel7854,風雨彩虹7854,zh-TW
Orang Bijak Tua,老賢者,zh-TW
Orang Bodoh Selalu Menekan Bel Dua Kali,愚者總按兩遍鈴,zh-TW
Orang Tua,老者,zh-TW
Orang terdekat terasa asing,知人知面不知心，最熟悉的人最陌生！,zh-TW
Orang yang Lewat,路過的人,zh-TW
OrangLokal_AurumAlley,金人巷土著,zh-TW
Orbit Tidak Teratur,紊亂軌道,zh-TW
Orden Crinargenta,鐵衛號令,zh-TW
Order Recomputation,秩序歸演,zh-TW
Organização de Inventário,堆放貨物,zh-TW
Orientação de Dromas,大地獸的指引,zh-TW
Origami Bird Clash,摺紙小鳥對對碰,zh-TW
Origami Bird's Extras,《摺紙小鳥外傳》,zh-TW
Origamivogel-Matching,摺紙小鳥對對碰,zh-TW
Oronyx's Miracle,歐洛尼斯奇跡,zh-TW
Oronyx’ Wunder,歐洛尼斯奇跡,zh-TW
Ortie_tiretdubas,竹霞月,zh-TW
Os Tolos Tocam a Campainha Duas Vezes,愚者總按兩遍鈴,zh-TW
OscuroComoElCarbón,礦渣黑黑,zh-TW
Otimização da Sincronização de Memória,記憶銜接改良,zh-TW
Otimização de Eficiência,降耗增效,zh-TW
Otário N.º 1 da Guizinha,獨愛小桂,zh-TW
"Ouah, tu surfes aussi sur la toile ?",哇咧，你們也上網？,zh-TW
Ourlet flottant de l'ondine,海的裙襬飄蕩,zh-TW
Outsourcing Boss,外包老闆,zh-TW
Outsourcing-Boss,外包老闆,zh-TW
OuvreGrandSaMouche,開門我是鼠鼠,zh-TW
Overdrive: Whirlwind Grand Prix,超限：狂飆大獎賽,zh-TW
Overflowing Wounds,溢傷串流,zh-TW
Overload Module,超載模組,zh-TW
Overtaking For Real,物理超車,zh-TW
Overwork leads to mental distress!,加班過於頻繁，員工精神錯亂！,zh-TW
Owwwwwnnzerda,唉唉唉唉,zh-TW
OzAguets123,絕不拖更123,zh-TW
PNfürImmobilien,購房意向請私訊,zh-TW
PPP: Pig Porquice Penacony,與銀袋山同行,zh-TW
Pacote Básico,基礎包,zh-TW
Pacote de Expansão I,擴展包•1,zh-TW
Pacote de Expansão II,擴展包•2,zh-TW
Pacto de Fate: Renovação,命運契約•再啟,zh-TW
Paean of Era Nova,再創世的凱歌,zh-TW
Pagar con la misma moneda,以子之矛，攻我之盾,zh-TW
Pagi dan Senja Tersembunyi,晨昏卷隱,zh-TW
"Pahlawan, atau Pengecut?",英雄，還是懦夫？,zh-TW
PahlawanTengahMalam,飛霄羅浮分霄,zh-TW
Paisaje onírico profundo,深層夢境,zh-TW
Paisaje onírico superficial,淺層夢境,zh-TW
Paix&Amour,一生平安,zh-TW
PajaritoDesesperado,無奈的小鳥飛,zh-TW
Pakaian,衣服,zh-TW
Pakar Perak,銀戰高手,zh-TW
Paket Dasar,基礎包,zh-TW
Paket Ekspansi 1,擴展包•1,zh-TW
Paket Ekspansi 2,擴展包•2,zh-TW
Palazo,鏟擊,zh-TW
PalingImoetDiG4L4K51,銀河小可愛,zh-TW
Pamer Bakat,鋒芒嶄露,zh-TW
Panduan Dekorasi Rumah Alam Semesta,宇宙家裝指南,zh-TW
Panduan Fashion Galaksi: Edisi Pesona Musim Dingin,銀河潮流指南•冬韻特輯,zh-TW
PangeranBuluKaki,腿毛王子,zh-TW
PapaRalladaConJengibre,土豆絲炒薑絲,zh-TW
Papillon2Lumière,相信光變成光,zh-TW
Paquet standard,基礎包,zh-TW
Paquete básico,基礎包,zh-TW
Paquete de expansión 1,擴展包•1,zh-TW
Paquete de expansión 2,擴展包•2,zh-TW
Para el miembro más joven de la tripulación del Expreso Astral,給列車組老么的一封信,zh-TW
Para inquietos,閒不下來,zh-TW
Parado! Não Se Mexa,凍住，不許走,zh-TW
Parallel Enhancement,並行強化,zh-TW
Paralleloptimierung,並行強化,zh-TW
Paranormal Investigation,探靈行動,zh-TW
ParasocialStreamChatter,直播男孩重度依賴,zh-TW
Parc Ætherae,塵靈遊樂園,zh-TW
Parche de Chanchito,撲滿補丁,zh-TW
Pare-feu,防火牆,zh-TW
Parece que do nada a colega virou outra pessoa...,同事好像換了個人一樣……,zh-TW
Parece que la esposa muerta de mi vecino ha regresado,我鄰居早逝的妻子似乎回家了,zh-TW
Parhelio,幻日,zh-TW
Parhelion,幻日,zh-TW
Parhélie,幻日,zh-TW
Parque de Diversões das Poeirinhas,塵靈遊樂園,zh-TW
Parque de diversiones de eterae,塵靈遊樂園,zh-TW
Partenariat commercial,廣告片,zh-TW
Partida culminante,巔峰對弈,zh-TW
Parélio,幻日,zh-TW
Pas besoin de frein pour les Omnitrons,我是智械，不用剎車,zh-TW
"Pas le temps de niaiser, on y va !",來不及解釋快上車,zh-TW
Pasadizo de los ecos apagados,殘響迴廊,zh-TW
Pasajeros al tren,星軺旅進,zh-TW
Pasar Masa Depan,未來市場,zh-TW
Paseantemisterioso,神秘路人,zh-TW
Paseo panorámico,蹓躂一下,zh-TW
Passant,路過的人,zh-TW
PassantNonchalant,囂張路過,zh-TW
Passeando Por Aí,蹓躂一下,zh-TW
Passeios De Colheita De Estrelas Oficial,摘星社官方,zh-TW
Passenuage,流雲渡,zh-TW
Passerby,路過的人,zh-TW
PassionPoisson,永不空軍,zh-TW
Pasukan Pembuka Jalan,破敵先鋒,zh-TW
Pasukan Pendukung Topaz,托帕後援團,zh-TW
Patada voladora de basura,垃圾飛踢,zh-TW
Patch de Cofrinho,撲滿補丁,zh-TW
Path of Beginnings,入門之路,zh-TW
Path of Elite,菁英之路,zh-TW
Path of Heroes,豪傑之路,zh-TW
Path of Mastery,大師之路,zh-TW
Path of Promise,新秀之路,zh-TW
Path to Ascension,晉升之路,zh-TW
Patrouille de reconnaissance,遊園行動,zh-TW
Patrulha do Jardim,遊園行動,zh-TW
Patrulla del jardín,遊園行動,zh-TW
Paupiettes explosives,撲滿波動,zh-TW
Pavillon du repos,降妖輯錄•偃息館,zh-TW
Pavillon hirondhymne,降妖輯錄•燕樂亭,zh-TW
Pavor,儆懼,zh-TW
Paz&Amor,一生平安,zh-TW
Peace&Love,一生平安,zh-TW
Peak Report,峰值反饋,zh-TW
Pechschwarze Hook die Große,漆黑的虎克大人,zh-TW
PecintaBurger,愛吃小漢堡,zh-TW
PecintaStarskiff,星槎愛好者,zh-TW
Pecundang_n.n_JadeAbacus,變成玉兆廢人,zh-TW
PedangDalamKain,袖裡劍,zh-TW
PedangLengan,袖中劍,zh-TW
Pegadaian Pasar Hantu Aurum Alley ....,金人巷的鬼市當鋪……,zh-TW
PeixesSãoAmigos,永不空軍,zh-TW
Pejalan Mimpi,夢客漫步,zh-TW
Pejuang_AlchemyCommission,丹鼎司浪子,zh-TW
Pela & Serval,佩拉&希露瓦,zh-TW
Pela Liberdade,為了自由,zh-TW
Pela Paz,為了和平,zh-TW
Pela e Serval,佩拉&希露瓦,zh-TW
Pela et Serval,佩拉&希露瓦,zh-TW
Pela und Serval,佩拉&希露瓦,zh-TW
Pela y Serval,佩拉&希露瓦,zh-TW
Pelangi,彩虹,zh-TW
PelangiBadai7854,風雨彩虹7854,zh-TW
Pelatihan Dunia Mimpi,夢境訓練,zh-TW
Pelayan Pemandian,浴場侍者,zh-TW
Pelayan Pemandian,澡堂侍者,zh-TW
Pelindung Kanan,右護法戰,zh-TW
Pelindung Kanan: Tanding Ulang,右護法戰•再開,zh-TW
Pelindung Kiri,左護法戰,zh-TW
Pelindung Kiri,左護法輔佐戰,zh-TW
Pelopor Hiburan,搞怪先鋒,zh-TW
Pelota saltarina,咚咚球,zh-TW
Pemain Dadu No. 1,骰號玩家,zh-TW
Pemain Harpa Air,水漫琴師,zh-TW
Pemain Terbaik,最佳玩家,zh-TW
Pembangunan Mimpi Indah,築造美夢,zh-TW
Pembasmi_Coro_Xianzhou,消滅仙舟大蠊,zh-TW
Pemetaan Multidimensi,復維對映,zh-TW
Pemimpin Satu-Satunya,獨尊一魁,zh-TW
PeminumSusuBubuk,奶粉奶粉喝奶粉,zh-TW
Pemula Perak,銀戰新人,zh-TW
Pemulihan Tatanan,秩序歸演,zh-TW
Pemutusan Rantai,擊破連環,zh-TW
Penaconian Idol,匹諾康尼偶像,zh-TW
Penacony Idol,匹諾康尼偶像,zh-TW
Penaconys Idol,匹諾康尼偶像,zh-TW
Penaksiran Harta Kota Suci,聖城鑑寶,zh-TW
Penataan Barang,堆放貨物,zh-TW
Pencarian Harta Karun Bawah Tanah,地城探寶,zh-TW
Pencegahan Server Overload,防止伺服器超載,zh-TW
Pencerahan Kognitif,腦力啟蒙,zh-TW
PenciptaAwan,雲彩製造機,zh-TW
Pendampingan Mendorong Pertumbuhan,陪伴促進成長,zh-TW
Pendapatan Bar,酒吧營收,zh-TW
Penduduk Pecinta Sastra,熱愛文學的公民,zh-TW
Penduduk yang Berjuang,奮鬥的公民,zh-TW
Pendukung Andal,可靠助力,zh-TW
Pendukung Terbaik,中堅助力,zh-TW
Pengakibat DMG Tertinggi,最高火力,zh-TW
Pengantar Makanan Tukang Balap,外送餐點的賽車手,zh-TW
Pengeditan Film,影片剪輯,zh-TW
Pengembara,一位旅人,zh-TW
PengembaraNosewalker,路過的鼻行獸,zh-TW
Penggemar No. 1,頭號粉絲,zh-TW
Pengguna23333,用戶二三三三三,zh-TW
PenghancurTanpaLelah,毀人不倦,zh-TW
Penguatan Item,道具強化,zh-TW
Pengujian Kemampuan Analisis Multilevel,多層次解析能力測試,zh-TW
Pengujian Residu,殘差檢測,zh-TW
Pengumpulan Survei,問卷蒐集,zh-TW
Pengumpulan: Seputar Info Guinaifen,募集中：關於桂乃芬的一切,zh-TW
Pengurus_ExaltingSanctum,長樂天話事人,zh-TW
Penilaian Psikologis,心理評估,zh-TW
Penilaian Taman,花園評定,zh-TW
Peningkatan Bertahap,層層加碼,zh-TW
Peningkatan Ilmu Pedang,劍術進境,zh-TW
Peningkatan Protokol Keamanan Anti Invasi,防入侵安全協議升級,zh-TW
PenipuJanganTambahTeman,非誠勿擾,zh-TW
Penjaga,守衛,zh-TW
Penjaga yang Terlambat,遲到的衛兵,zh-TW
Penjelajah Bayangan Bintang,星旅尋影,zh-TW
PenjelajahScalegorge,鱗淵境的冒險者,zh-TW
Penjelajahan Sinyal Galaksi,銀河訊號漫遊,zh-TW
Penonton Veteran,資深觀眾,zh-TW
PentingKualitasDaripadaKuantitas,寧缺毋濫,zh-TW
PenungguMalam123,等天黑123,zh-TW
Penyelamatan Badai,颶風營救,zh-TW
Penyempurnaan Diri,自我完善,zh-TW
Peoplebreaker,毀人不倦,zh-TW
PepinoNuncaMais,被迫改名的胡瓜,zh-TW
Peppy,佩佩,zh-TW
PequeñaGuiGuinevere,小桂子Guinevere,zh-TW
Pequeño pity,小保底,zh-TW
Perang Aetherium,乙太戰線,zh-TW
Perang Cawan Suci Imagenae,幻造：聖杯戰爭,zh-TW
Perang Luar Angkasa,太空大戰爭,zh-TW
Perang Mata Uang: Permainan Zero-Sum,貨幣戰爭•零和遊戲,zh-TW
Perasaan mendalam yang melampaui batas dan dimensi,感人肺腑，至情至深——穿越次元愛上你,zh-TW
Perbaiki Modul Kerja Sama Tim,修正團隊協作模組,zh-TW
Perburuan Bayangan Cepat,極速追影,zh-TW
PercayaCahayaMenjadiCahaya,相信光變成光,zh-TW
Percobaan Pedang Salju,霜刃一試,zh-TW
Percée,常值突破,zh-TW
PerdedorDo:ÁbacoDeJade,變成玉兆廢人,zh-TW
Perdóneme_Damisela,好姐姐饒了我,zh-TW
Perekrutan Anggota,成員召募,zh-TW
Perencanaan Karier,職業規劃,zh-TW
Performance Allocation,性能分配,zh-TW
Performance Progress,演出進度,zh-TW
Performance persistante,性能透支,zh-TW
Performances,演出進度,zh-TW
Pergamino ninja de la Cacería del Sonido,音律狩獵忍法帖,zh-TW
Pergi Memancing,去釣魚,zh-TW
Pergunte Qualquer Coisa: Tudo sobre a Guinaifen,募集中：關於桂乃芬的一切,zh-TW
Perhitungan HP,生命計數,zh-TW
Peri Perintis,開拓妖精,zh-TW
Perilous Threshold,生死邊緣,zh-TW
Perintisan Galaksi,銀河開拓,zh-TW
Perintisan: Sihir Persahabatan!,開拓，友誼魔法！,zh-TW
Perjalanan Antarbintang,星間旅行,zh-TW
Perjalanan Atas,豪傑之路,zh-TW
Perjalanan Awal,入門之路,zh-TW
Perjalanan Dasar,新秀之路,zh-TW
Perjalanan Kelulusan,大師之路,zh-TW
Perjalanan Kembali ke Bintang-Bintang,重返群星之旅,zh-TW
Perjalanan Kereta,星軺旅進,zh-TW
Perjalanan Menengah,菁英之路,zh-TW
Perjalanan Panjang Siang Menuju Malam,長日入夜行,zh-TW
Perjalanan Seorang Pahlawan,英雄之旅,zh-TW
Perjalanan dengan Tong Sampah Macho,與銀袋山同行,zh-TW
Perjamuan Beracun,烈毒盛宴,zh-TW
Perkenalan Diri,自我介紹,zh-TW
Perlindungan Protokol Respons Inti,核心響應協議保護,zh-TW
Permainan Berburu Bintang,獵星遊戲,zh-TW
Permukaan Tanpa Batas,無盡次元,zh-TW
Pero ¿qué está diciendo?,說怪話,zh-TW
Perpetual Exploit,無盡行動,zh-TW
Perra Corporación,狗公司,zh-TW
Perro de la Corporación,公司狗,zh-TW
PerroPirata,海盜狗,zh-TW
PersegueDrama_Jr,宇宙小矯情,zh-TW
Persiapan Pemformatan,格式化準備,zh-TW
Personal Subalterno: Vigilante de Seguridad,基層員工•保全,zh-TW
Personal Veterano: Jefe de Equipo,資深員工•組長,zh-TW
Persévendurance,精力,zh-TW
Pertama,第一次,zh-TW
Pertandingan Puncak,巔峰對弈,zh-TW
Pertanyaan Filosofis,哲學問題,zh-TW
Pertaruhan di Astropolis,揮擲千星的籌碼,zh-TW
Pertarungan Boss,頭目戰,zh-TW
Pertarungan Boss Sejati,真•頭目戰,zh-TW
Pertarungan Empat Jagoan,四天王戰,zh-TW
Pertarungan Final,最終戰,zh-TW
Pertarungan Wakil Ketua,二當家戰,zh-TW
Pertempuran Mendatang,決戰將至,zh-TW
Pertempuran Pesawat Piksel,像素飛機大亂鬥,zh-TW
Perícia-na-Cara,臉接小招,zh-TW
Pesadelo de Árbitro,裁判的噩夢,zh-TW
Pesadilla del árbitro,裁判的噩夢,zh-TW
Pesquisa de Bebidas,調飲研究,zh-TW
Pesta Kejutan,驚喜派對,zh-TW
PesulapNekat1020,送命魔術師1020,zh-TW
Petir Langit Cerah,晴雷,zh-TW
PetiscoEstelamendoa,杏核裂手,zh-TW
Petit draka deviendra géant,天氣真好，養牠！,zh-TW
PetiteGrandeBaleine,星芋嘿嘿,zh-TW
Petites annonces,Job Postings,zh-TW
Petites annonces,招工啟事,zh-TW
Petualangan Aroma Virtual,虛境味探,zh-TW
Petualangan Gurun,荒漠之旅,zh-TW
Petualangan Hanu,小小哈努行動,zh-TW
Petualangan Modifikasi Express,列車改造奇遇,zh-TW
Petualangan Ruang Sempit,方寸大冒險,zh-TW
Peças do Mar Profundo da Qingque,青雀的海底寶牌,zh-TW
Phainon,白厄,zh-TW
Phanh Không Có Dầu,剎車沒油,zh-TW
Phantasmagoria Butterfly: Seele,幻海幽蝶•希兒,zh-TW
Phantom Illusion,幻身,zh-TW
Phantom Starskiff! Unearthly Spirits That Never Rest!,幽靈星槎！永不安息的亡靈！,zh-TW
Phantomillusion,幻身,zh-TW
Phase I,第一階段,zh-TW
Phase I : Évaluation,第一階段診斷,zh-TW
Phase I Evaluation,第一階段診斷,zh-TW
Phase II,第二階段,zh-TW
Phase II : Évaluation,第二階段診斷,zh-TW
Phase II Evaluation,第二階段診斷,zh-TW
Phase III,第三階段,zh-TW
Phase III : Évaluation,第三階段診斷,zh-TW
Phase III Evaluation,第三階段診斷,zh-TW
Phase Reward I,階段激勵•一,zh-TW
Phase Reward II,階段激勵•二,zh-TW
Phase Reward III,階段激勵•三,zh-TW
Phase de qualifications 1,海選賽第一輪,zh-TW
Phase de qualifications 2,海選賽第二輪,zh-TW
Phase de qualifications 3,海選賽第三輪,zh-TW
Phasenbelohnung I,階段激勵•一,zh-TW
Phasenbelohnung II,階段激勵•二,zh-TW
Phasenbelohnung III,階段激勵•三,zh-TW
Phaénon,白厄,zh-TW
Phi Đội Át Chủ Bài,王牌機組,zh-TW
Philosophical Question,哲學問題,zh-TW
Philosophische Frage,哲學問題,zh-TW
Phim Quảng Cáo,廣告片,zh-TW
Phiên Dịch Mặt Đất,大地翻譯,zh-TW
Phiền Muộn Tuổi Trưởng Thành,成長的煩惱,zh-TW
Phong Cách Sống,社會生態,zh-TW
Phong Thái,風采,zh-TW
Phong Tục Lễ Hội Đáng Yêu,可愛的節日習俗,zh-TW
Photos fantômes ! J'ai des trucs sur mes photos qui ne devraient pas être là,照片鬧鬼！總是拍到不應該有的東西,zh-TW
Phá Hoại Ngưỡng,閾值破壞,zh-TW
Phá Vỡ Liên Hoàn,擊破連環,zh-TW
Phá được vụ án rồi! Đó là sinh vật lượng tử bí ẩn!,破案了，是神秘量子生物！,zh-TW
Pháo Kích,炮擊,zh-TW
Pháo Phản Vật Chất,反物質重炮,zh-TW
Pháo Thiết Vệ,鐵衛重炮,zh-TW
Pháo Thủ Bờm Bạc,銀鬃炮手,zh-TW
Phát Hiện Phần Dư,殘差檢測,zh-TW
Phân Bổ Tính Năng,性能分配,zh-TW
Phía Dưới Cây,安於樹下,zh-TW
Phòng Ngủ Không Có Giường,臥室沒有床,zh-TW
Phòng Pháp Chính Ngân Hà,銀河法政科,zh-TW
"Phòng điều tra hiện tượng đặc biệt thuộc Sở Địa Hành, có mặt",地衡司特殊現象調查處，前來報到,zh-TW
Phóng Viên Furbo,狸貓記者,zh-TW
Phương Trình Số 0,零號方程式,zh-TW
Phương pháp bói toán thay đổi! Biển công việc nhấn chìm Sở Thiên Tượng!,卜算法更新！海量工作淹沒太卜司！,zh-TW
Phướclànhngườiquađường,一般路過的福林,zh-TW
Phế Nhân Bàn Tính Ngọc,變成玉兆廢人,zh-TW
Phỏng Vấn Mô Phỏng Lữ Đoàn Thú Đại Địa,大地獸旅團的模擬面試,zh-TW
Phố Cũ Kim Nhân Hối Hả,金人舊巷市廛喧,zh-TW
Phụ Kiện Đầu,頭飾,zh-TW
Piedade Dura,大保底,zh-TW
Piedade Suave,小保底,zh-TW
Piercing Grenade,破甲榴彈,zh-TW
Pieza decisiva de Céridra,刻律德菈的決勝棋子,zh-TW
Piket Express,列車值日,zh-TW
Pilon aurora,破曉重拳,zh-TW
Pilote à domicile,外送餐點的賽車手,zh-TW
Piloto a domicilio,外送餐點的賽車手,zh-TW
Pinball Gelembung,氣泡彈珠,zh-TW
Pinball de Bolhas,氣泡彈珠,zh-TW
Pintu Tidak Dapat Dibuka dari Sisi Ini,門不能從這一側打開,zh-TW
Pion victorieux de Cérydra,刻律德菈的決勝棋子,zh-TW
Pionero del espectáculo,搞怪先鋒,zh-TW
PiratenKumpel,海盜狗,zh-TW
Piste cosmique,銀河開拓,zh-TW
Pistol Penilai,評分槍,zh-TW
Pistola de Avaliação,評分槍,zh-TW
Pistola evaluadora,評分槍,zh-TW
Pistolet d'évaluation,評分槍,zh-TW
Pitch-Dark Hook the Great,漆黑的虎克大人,zh-TW
Pixel Plane Rumble,像素飛機大亂鬥,zh-TW
Pixels en rafales,像素飛機大亂鬥,zh-TW
Piétinement de guerre,戰爭的踐踏,zh-TW
Piétineur des Rangers du néant,虛卒•踐踏者,zh-TW
Plaga de infortunio,多災多難,zh-TW
Plague of Misfortune,多災多難,zh-TW
Plan de l'Arcadia,樂園藍圖,zh-TW
Plan de l'infini,無盡次元,zh-TW
Plan profesional,職業規劃,zh-TW
Planar Fissure,次元分裂,zh-TW
Planar Fissure 300%,次元分裂300%,zh-TW
Planar Infinity,無盡次元,zh-TW
Planarer Riss,次元分裂,zh-TW
Planarer Riss 300 %,次元分裂300%,zh-TW
Planejamento de Carreira,職業規劃,zh-TW
Planet C996,C996星球,zh-TW
Planet D007,D007星球,zh-TW
Planet F233,F233星球,zh-TW
Planet Gula Halus,糖霜星球,zh-TW
Planet M078,M078星球,zh-TW
Planet Mimpi Elok,甜夢星球,zh-TW
Planet Miniatur,微縮星球,zh-TW
Planet Roda Gigi,齒輪星球,zh-TW
Planet V612,V612星球,zh-TW
Planet Vulkanis,火山星球,zh-TW
Planeta Açucarado,糖霜星球,zh-TW
Planeta C996,C996星球,zh-TW
Planeta D007,D007星球,zh-TW
Planeta F233,F233星球,zh-TW
Planeta M078,M078星球,zh-TW
Planeta Miniatura,微縮星球,zh-TW
Planeta V612,V612星球,zh-TW
Planeta Vulcânico,火山星球,zh-TW
Planeta da Engrenagem,齒輪星球,zh-TW
Planeta de dulces sueños,甜夢星球,zh-TW
Planeta dos Sonhos Doces,甜夢星球,zh-TW
Planeta en miniatura,微縮星球,zh-TW
Planeta engranaje,齒輪星球,zh-TW
Planeta glaseado,糖霜星球,zh-TW
Planeta volcánico,火山星球,zh-TW
Plano de la arcadia,樂園藍圖,zh-TW
Plano infinito,無盡次元,zh-TW
Planta Arcadiana,樂園藍圖,zh-TW
Plantão de Notícias,News Flash,zh-TW
Plantão de Notícias,動態快報,zh-TW
Planète C996,C996星球,zh-TW
Planète D007,D007星球,zh-TW
Planète F233,F233星球,zh-TW
Planète M078,M078星球,zh-TW
Planète V612,V612星球,zh-TW
Planète miniature,微縮星球,zh-TW
Planète rouage,齒輪星球,zh-TW
Planète rêvatitude,甜夢星球,zh-TW
Planète sucre-glace,糖霜星球,zh-TW
Planète volcanique,火山星球,zh-TW
PlasticTruth,塑膠大實話,zh-TW
PlastischeWahrheit,塑膠大實話,zh-TW
Play This at My Funeral,別給我燒紙,zh-TW
Play with Bartholos,和巴特魯斯一起玩,zh-TW
Play with Bartholos (II),和巴特魯斯一起玩•其二,zh-TW
Players' Collection,牌手珍藏,zh-TW
"Please, Thank You",請、謝謝,zh-TW
Plein d'énergie,精力充沛,zh-TW
PleinAuxAs,仙舟第一有錢花,zh-TW
Pleine lune sur le trône vacant,滿月是神不在的時間,zh-TW
Pleurs venus du ciel,天上總是傳來慟哭聲,zh-TW
Plongée en eaux cauchemardesques,初探噩夢,zh-TW
Pluie acide,酸雨,zh-TW
Pluie de flammes purificatrices,淨炎之雨,zh-TW
Pluie de grenouilles,青蛙雨,zh-TW
Pluie de poissons,魚雨,zh-TW
Pluie de sable blanc,白砂之雨,zh-TW
Plundering Slash,掠奪斬擊,zh-TW
Plus que du feu et de la glace,不只冰火兩重天,zh-TW
PlusCGrosMieuxC,大尾巴噠噠,zh-TW
PlusJamaisEnRetard,不能再遲到了,zh-TW
PlusUnConcombre,被迫改名的胡瓜,zh-TW
Plötzliche Flucht,臨時避險,zh-TW
Plünderhieb,掠奪斬擊,zh-TW
PodeAbrirProRatinho,開門我是鼠鼠,zh-TW
Podemos recordarlo por usted,全面回憶,zh-TW
Poder de Fogo Limitado,有限火力,zh-TW
Poeira,沙塵,zh-TW
Poema lírico,抒情詩,zh-TW
Poesia Lírica,抒情詩,zh-TW
Poesia Narrativa,敘事詩,zh-TW
Poesia em Fábula,寓言詩,zh-TW
Pois o Sol Está Fadado a Perecer,因為太陽將要毀傷,zh-TW
Poisson-dragon illuminé,入魔機巧•燈晝龍魚,zh-TW
PolarRabe,寒冷烏鴉,zh-TW
Pollo_asado_cena,炒雞餓,zh-TW
Pom-Pom,帕姆,zh-TW
Poni de basura: Edición encantada,小桶寶力•附魔版,zh-TW
Pop Channel,娛樂台,zh-TW
Populär_Wissenschaft,葛大錘科普,zh-TW
"Por Favor, Obrigado",請、謝謝,zh-TW
Por favor y gracias,請、謝謝,zh-TW
Por la libertad,為了自由,zh-TW
Por la paz,為了和平,zh-TW
Por los pelos,命懸一線,zh-TW
Por siempre soñando,美夢永恆,zh-TW
Porque el sol pronto se apagará,因為太陽將要毀傷,zh-TW
Post_semesforço,拽三樓尾巴,zh-TW
Posting_LowEffort,拽三樓尾巴,zh-TW
Pot de colle,黏人,zh-TW
PotatoShredGinger,土豆絲炒薑絲,zh-TW
Potencia limitada,有限火力,zh-TW
Potenciación paralela,並行強化,zh-TW
Potenciación trasera,背景強化,zh-TW
PotoFei,好兄弟阿飛,zh-TW
Poubelle,垃圾桶,zh-TW
Poubelle auto-destructrice,捨己為人的桶,zh-TW
Poubelle aux détritus toxiques,有害垃圾的桶,zh-TW
Poubelle chromatique,七色垃圾桶,zh-TW
Poubelle de l'échange équivalent,等價交換的桶,zh-TW
Poubelle intelligente,智慧型垃圾桶,zh-TW
Poubelle loufoque,古怪的垃圾,zh-TW
PoupaiMeSenhora,好姐姐饒了我,zh-TW
Pour la liberté,為了自由,zh-TW
Pour la paix,為了和平,zh-TW
Pourfendeur2CafardsdeXianzhou,消滅仙舟大蠊,zh-TW
Pourquoi il n'y a personne à Passenuage !,流雲渡人煙稀少的真相！,zh-TW
Poussière,沙塵,zh-TW
Poésie lyrique,抒情詩,zh-TW
Prachtvolles Feuerwerk,放個煙火,zh-TW
Praga do Infortúnio,多災多難,zh-TW
Praktikum bei der Droma-Truppe,大地獸旅團的實習工作,zh-TW
Prasasti Ramalan,預言算碑,zh-TW
Prasasti? Apa Ini? Makan Saja Deh,石碑？這是什麼？吃一下。,zh-TW
Prayer Service (I),禱言營業•其一,zh-TW
Prayer Service (II),禱言營業•其二,zh-TW
Prayer Service (III),禱言營業•其三,zh-TW
Prayer Service (IV),禱言營業•其四,zh-TW
Prayer Service (V),禱言營業•其五,zh-TW
Prayer Service (VI),禱言營業•其六,zh-TW
Prayer Service (VII),禱言營業•其七,zh-TW
Prayer Service: Interlude,禱言營業•幕間劇,zh-TW
Pre-registration List,預約清單,zh-TW
Predação Lupina,狼餐,zh-TW
Premiers pas,幼年期,zh-TW
Premiers pas : Évaluation,幼年期診斷,zh-TW
Première anomalie,第一次,zh-TW
"Prepadados, listos... ¡Fuerza Cósmica!",擲骰吧！戰力黨！,zh-TW
Preparación de formateo,格式化準備,zh-TW
Preparación total,全面備戰,zh-TW
Preparar as Armas,炮火上膛,zh-TW
Preparação Total,全面備戰,zh-TW
Preparação para Reformatação,格式化準備,zh-TW
Presentación,自我介紹,zh-TW
Presente da Forja,淬鋒之禮,zh-TW
Presente da Odisseia,巡星之禮,zh-TW
Presente das Luzes,巡光之禮,zh-TW
Presente de Arcádia,樂園之禮,zh-TW
Presente de Mem,迷迷贈禮,zh-TW
Presente de Stellarium,逴星之禮,zh-TW
Presente de la estrella distante,逴星之禮,zh-TW
Presente de la estrella volante,飛星之禮,zh-TW
Presente del cometa,巡星之禮,zh-TW
Presente del fulgor,巡光之禮,zh-TW
Presente do Cometa,飛星之禮,zh-TW
Presente do Expresso,列車的禮物,zh-TW
Presentes Festivos,慶典祝禮,zh-TW
President of Exalting Sanctum,長樂天話事人,zh-TW
Presidente do Santuário Glorificado,長樂天話事人,zh-TW
Pretty Wound,美麗傷口,zh-TW
Prevención de sobrecarga del servidor,防止伺服器超載,zh-TW
Prevención del colapso de la autopercepción,防止自我認知崩潰,zh-TW
Preventing Intra-Cognition Collapse,防止自我認知崩潰,zh-TW
Prevenção de Sobrecarga do Servidor,防止伺服器超載,zh-TW
Priest,祭司,zh-TW
Priester,祭司,zh-TW
Primeira Vez,第一次,zh-TW
PrimerDiscípulo_LosLibertadores,放生幫頭號大弟子,zh-TW
PrinceDesPoilsAuxPieds,腿毛王子,zh-TW
PrincipePernaCabeluda,腿毛王子,zh-TW
Principiante,初出茅廬,zh-TW
Prisión incorpórea,無形之牢,zh-TW
Prisão Invisível,無形之牢,zh-TW
Prix Chocmar,電視台謝禮,zh-TW
Pro Gamer,遊戲高手,zh-TW
Pro des expos,展會達人,zh-TW
Pro gamer,遊戲高手,zh-TW
Pro-Gamer,遊戲高手,zh-TW
Probe-Bewerbungsgespräch der Droma-Truppe,大地獸旅團的模擬面試,zh-TW
Problemas Emocionais,情緒困擾,zh-TW
Problemas de Amphoreus,翁法羅斯的列車難題,zh-TW
ProfaneDeBlancVêtu,白衣居士,zh-TW
Professional Substitute,專業代打,zh-TW
Profondeurs du Pays des rêves,深層夢境,zh-TW
Programa_Do_Ratin,開門，我是鼠鼠,zh-TW
Programação da Dança da Guerra,演武賽程,zh-TW
Programme de la Danse martiale,演武賽程,zh-TW
Progres Alur Cerita,劇情進度,zh-TW
Progres Arena,競技進度,zh-TW
Progres Misi,任務程序,zh-TW
Progres Pertandingan Knockout,叩關進度,zh-TW
Progres Pertunjukan,演出進度,zh-TW
Progres Skor,分數進度,zh-TW
Progreso de combates de cualificación,叩關進度,zh-TW
Progreso de la actuación,演出進度,zh-TW
Progreso de la competencia,競技進度,zh-TW
Progreso de la historia,劇情進度,zh-TW
Progreso de los puntos,分數進度,zh-TW
Progreso de maestría,劍術進境,zh-TW
Progreso de misión,任務程序,zh-TW
Progression de l'arène,競技進度,zh-TW
Progression de l'histoire,劇情進度,zh-TW
Progression de la mission,任務程序,zh-TW
Progression des phases éliminatoires,叩關進度,zh-TW
Progression du score,分數進度,zh-TW
Progression à l'épée,劍術進境,zh-TW
Progresso da Apresentação,演出進度,zh-TW
Progresso da Arena,競技進度,zh-TW
Progresso da História,劇情進度,zh-TW
Progresso das Eliminatórias,叩關進度,zh-TW
Progresso de Missão,任務程序,zh-TW
Progresso de Pontuação,分數進度,zh-TW
Projection Magecraft,投影魔術,zh-TW
Projection multidimensionnelle,復維對映,zh-TW
Projektionszauber,投影魔術,zh-TW
Projeção Multidimensional,復維對映,zh-TW
Pronto para Partir,整裝待發,zh-TW
Prophecy Tablet,預言算碑,zh-TW
Prosopagnosia,臉盲症,zh-TW
Prosopagnosie,臉盲症,zh-TW
Protection de la Crinière d'argent,鐵衛鎧甲,zh-TW
Protection du protocole de réponse central,核心響應協議保護,zh-TW
Protocol Breakthrough,協議突破,zh-TW
Protocole d'adieu,奉辭罰罪,zh-TW
Protocolo de Despedida,奉辭罰罪,zh-TW
Protocolo de Proteção de Resposta do Núcleo,核心響應協議保護,zh-TW
Protocolo de despedida,奉辭罰罪,zh-TW
Protocolo de respuesta central,核心響應協議保護,zh-TW
Protocolo de seguridad contra intrusión mejorado,防入侵安全協議升級,zh-TW
Proxy-Turbo,專業代打,zh-TW
Proyectiles caramelizados,糖果炮彈,zh-TW
Proyek Pemotretan Memoria,日拋憶質留影計畫,zh-TW
Proyek Pemotretan: Hari 1,留影計畫•第一日,zh-TW
Proyek Pemotretan: Hari 2,留影計畫•第二日,zh-TW
Proyek Pemotretan: Hari 3,留影計畫•第三日,zh-TW
Proyek Pemotretan: Hari 4,留影計畫•第四日,zh-TW
Proyek Pemotretan: Hari 5,留影計畫•第五日,zh-TW
Proyek Pemotretan: Hari 6,留影計畫•第六日,zh-TW
Prueba infinita: básico,無限之試煉•基礎,zh-TW
Prueba infinita: difícil,無限之試煉•困難,zh-TW
Pruebas a gran escala del sistema de proyección de drones,大型無人機投影裝置測試,zh-TW
Práctica diligente,劍習苦修,zh-TW
Prácticas con la brigada de los dromas,大地獸旅團的實習工作,zh-TW
Prédation du loup,狼餐,zh-TW
Préparation au reformatage,格式化準備,zh-TW
Préparation totale,全面備戰,zh-TW
Présentation,自我介紹,zh-TW
PrésidentDuSanctuaireDeLexaltation,長樂天話事人,zh-TW
Prévenir l'Effondrement de l'Introspection,防止自我認知崩潰,zh-TW
Prévention de la surcharge du serveur,防止伺服器超載,zh-TW
Prêmio dos Pesadelos,電視台謝禮,zh-TW
Prêt à tirer,炮火上膛,zh-TW
Prêt à voler de mes propres ailes,整裝待發,zh-TW
Prêtre,祭司,zh-TW
PríncipeDelVelloDeLasPiernas,腿毛王子,zh-TW
Pródigo_ComisiónDeAlquimia,丹鼎司浪子,zh-TW
Prüfung der Frostklinge,霜刃一試,zh-TW
Psychological Evaluation,心理評估,zh-TW
Psychologische Bewertung,心理評估,zh-TW
PtitMalin,機靈小不懂,zh-TW
Puffergoat เนื้อแน่น,浮羊肉肉,zh-TW
Puisi Fabel,寓言詩,zh-TW
Puissance de feu limitée,有限火力,zh-TW
Pulverschnee,細雪,zh-TW
Pulvérisation des flammes,灼炎衝擊波,zh-TW
Pulvérisation du givre,霜凍超重擊,zh-TW
PunchableFace,但是我想給你兩拳,zh-TW
Punkte-Fortschritt,分數進度,zh-TW
Purification,淨化清理,zh-TW
Purple Light Level,紫光級,zh-TW
Puñetazo Filonoche,破曉重拳,zh-TW
Pédagogie_à_gogo,誨人不倦,zh-TW
PétalosAlaireVSPétalosAlaire,飛花又見飛花,zh-TW
PünktlicheUpdates123,絕不拖更123,zh-TW
QameraPakaiHuruf_Q,趙相機,zh-TW
Qingque,青雀,zh-TW
Qingque's Deep Sea Tiles,青雀的海底寶牌,zh-TW
Qingques Tiefsee-Spielsteine,青雀的海底寶牌,zh-TW
Qu'est-ce qu'on s'amuse,真好玩,zh-TW
Qu'est-ce qui se passe avec mon père ?,求助！我爸到底是怎麼了？,zh-TW
QualidadeEmVezDeQuantidade,寧缺毋濫,zh-TW
Qualifier Round 1,海選賽第一輪,zh-TW
Qualifier Round 2,海選賽第二輪,zh-TW
Qualifier Round 3,海選賽第三輪,zh-TW
Qualifikationsrunde I,海選賽第一輪,zh-TW
Qualifikationsrunde II,海選賽第二輪,zh-TW
Qualifikationsrunde III,海選賽第三輪,zh-TW
QualityOverQuantity,寧缺毋濫,zh-TW
QualitätVorQuantität,寧缺毋濫,zh-TW
Quand est-ce que je continue de grandir ?,期待又一次長大,zh-TW
Quand l'éternuitée retrouve la terre,於長夜重返大地,zh-TW
Quando a Harmonia Ressoa...,諧樂響起時……,zh-TW
Quarta Vez,第四次,zh-TW
Quarteto Formidável,四天王戰,zh-TW
Quarto_Sem_Cama,臥室沒有床,zh-TW
Quatre Formidables,四天王戰,zh-TW
Quatrième anomalie,第四次,zh-TW
Que la suerte te acompañe,翻翻好符運,zh-TW
Que o Desbravamento Te Leve às Estrelas,放心飛，開拓永相隨！,zh-TW
Que-Rabinho-Doce,溫柔的大尾巴,zh-TW
QueCaiganLosHackers,盜號狗必須死,zh-TW
Que_Assim_Seja,言出法隨,zh-TW
Que_Así_Sea,言出法隨,zh-TW
Quebra Correntes,擊破連環,zh-TW
Quebra de Protocolo,協議突破,zh-TW
Quebra-Escudo,反護盾,zh-TW
Quebra-gente,毀人不倦,zh-TW
Queda de Sonhótimo,美夢降臨,zh-TW
Quedan:,剩餘：,zh-TW
Quelques mots pour les anciens et nouveaux abonnés,寫給新舊粉絲的一些話,zh-TW
Quem Salvar Primeiro do Afogamento,先救落水的誰,zh-TW
QuenelleHautNuage,雲上五嬌,zh-TW
Queridinho Cósmico,銀河小可愛,zh-TW
Quero_Ser_Cavaleiro_Das_Nuves,考上雲騎還願,zh-TW
Question philosophique,哲學問題,zh-TW
Questão Filosófica,哲學問題,zh-TW
Qui sauver en premier de la noyade,先救落水的誰,zh-TW
Quick Command,快速指令,zh-TW
Quid-pro-quo-Tonne,等價交換的桶,zh-TW
"Quien se ría, pierde",不要笑挑戰,zh-TW
QuieroGolpearte,但是我想給你兩拳,zh-TW
Quimera,奇美拉,zh-TW
"Quimera, Melhor Amiga da Humanidade",奇美拉，人類最好的夥伴。,zh-TW
"Quimeras, las mejores amigas del ser humano",奇美拉，人類最好的夥伴。,zh-TW
Quinta Vez,第五次,zh-TW
QuintetoNubeAlta,雲上五嬌,zh-TW
Quyết Chiến Sắp Đến,決戰將至,zh-TW
Quyết Đấu Game Thùng,街機對戰,zh-TW
Quyết Đấu Thương Hiệu,品牌對決,zh-TW
Quyền Vương Văn Hóa,文化拳王,zh-TW
Quà Chào Mừng,入園禮遇,zh-TW
Quà Cảm Ơn Đài Truyền Hình,電視台謝禮,zh-TW
Quà Của Đội Tàu,列車的禮物,zh-TW
Quà Mừng Kỷ Niệm,慶典祝禮,zh-TW
Quà Tặng Phi Tinh,飛星之禮,zh-TW
Quái Kiệt Mặt Nạ,假面怪傑,zh-TW
Quân Cờ Tất Thắng Của Cerydra,刻律德菈的決勝棋子,zh-TW
Qué bello es soñar,美夢降臨,zh-TW
Quét Sâu Virus,全盤殺毒,zh-TW
Quạ Lạnh Lùng,寒冷烏鴉,zh-TW
Quả Đỏ,紅果,zh-TW
QuậyPhá_Khôngbìnhtĩnh,小淘氣不冷靜,zh-TW
Quỹ Đạo Hỗn Loạn,紊亂軌道,zh-TW
Ra Quân Thắng Lợi,旗開得勝,zh-TW
Rabia platánica: Batallas sin ninjas ni humanidad,蕉惡非道•無忍義之戰,zh-TW
Rain of Purifying Flames,淨炎之雨,zh-TW
Rain of White Sand,白砂之雨,zh-TW
RainWindRainBow7854,風雨彩虹7854,zh-TW
Rainbow,彩虹,zh-TW
Raio de Canção,頌歌光束,zh-TW
Raios Crepusculares,雲隙光,zh-TW
Raja Balap Utama,正賽之王,zh-TW
Raja Dadu Jalanan,街骰爭霸,zh-TW
Raja Paket Xianzhou Terlahir Kembali,重生之仙舟外送王,zh-TW
Raja Tikungan,彎道之王,zh-TW
Rallying Howl,嘯聚,zh-TW
Ram,衝撞,zh-TW
Ramasse-Poussière,溫柔的大尾巴,zh-TW
Ramdam à l'allée des Aurums,金人舊巷市廛喧,zh-TW
Rammen,衝撞,zh-TW
Ranh Giới Sinh Tử,生死邊緣,zh-TW
Rantai Penderitaan,痛苦連環,zh-TW
Rapat Makan Malam,晚餐會議,zh-TW
RaposaCeleste,天上仙狐,zh-TW
RaposianoAlAire,追風的狐,zh-TW
"Rappa, la ninja éblouissante",繚亂忍俠•AKA•亂破,zh-TW
Rapport de valeurs maximales,峰值反饋,zh-TW
Rasa Tanah,土味,zh-TW
Rastreamento de Padrões Irregulares de Resposta,追蹤異常響應模式,zh-TW
Rastreando Faíscas de Pensamento Inovador,追蹤創新思維痕跡,zh-TW
Rastreo de patrones de respuesta anómalos,追蹤異常響應模式,zh-TW
Rastro del pensamiento innovador,追蹤創新思維痕跡,zh-TW
Rastros Desordenados,紊亂軌道,zh-TW
Rating Pistol,評分槍,zh-TW
Ratschlag des Dromas,大地獸的指引,zh-TW
RatuLebay,宇宙大矯情,zh-TW
Raumstation-Spezialeinheit,太空站特派,zh-TW
Ravages Chocmardesques,《驚夢大危機》,zh-TW
Rayo del himno,頌歌光束,zh-TW
Rayons crépusculaires,雲隙光,zh-TW
Rayos crepusculares,雲隙光,zh-TW
Rayos secos,晴雷,zh-TW
Reading Habits,閱讀習慣,zh-TW
Ready to Move Out,整裝待發,zh-TW
Reaktorkern des Drachen,龍之爐心,zh-TW
RealNameOnline,實名上網,zh-TW
RealName_Online,實名上網,zh-TW
Realm of the Strange,異器盈界,zh-TW
Realm of the Strange 300%,異器盈界300%,zh-TW
Reaver des Rangers du néant,虛卒•掠奪者,zh-TW
Reborn As A Xianzhou Delivery King,重生之仙舟外送王,zh-TW
Recalcul de l'ordre,秩序歸演,zh-TW
Recebi um freela bizarro,之前接到一個很奇怪的工作,zh-TW
Recepção de Boas-Vindas,入園禮遇,zh-TW
RechercheBronze_Arnaque2,鑑爻軒二狗,zh-TW
Rechter Wächter,右護法戰,zh-TW
Rechter Wächter: Revanche,右護法戰•再開,zh-TW
Recibí un mensaje muy extraño...,突然收到了靈異資訊,zh-TW
Reciclagem de Energia,能量循環,zh-TW
Reciclaje de energía,能量循環,zh-TW
Reclaminha,說怪話,zh-TW
Reclutamiento de miembros,成員召募,zh-TW
Recolectando historias: Todo sobre Guinaifen,募集中：關於桂乃芬的一切,zh-TW
Recompensa da Fase I,階段激勵•一,zh-TW
Recompensa da Fase II,階段激勵•二,zh-TW
Recompensa da Fase III,階段激勵•三,zh-TW
Recompensa das Eras,歲月的饋贈,zh-TW
Recompensas de fase I,階段激勵•一,zh-TW
Recompensas de fase II,階段激勵•二,zh-TW
Recompensas de fase III,階段激勵•三,zh-TW
Recompensas del mapa de Fragua del Siempreinvierno,永冬爐台地圖獎勵,zh-TW
Recompensas del mapa de Matriz del ajedrez celestial,雲霄棋陣地圖獎勵,zh-TW
Recompensas del mapa de Tierra de sueños de neón,霓虹夢局地圖獎勵,zh-TW
Recompensas del mapa del Parque fabular,幻造遊園地圖獎勵,zh-TW
"Recompensas do Mapa ""Formação de Xadrez Celestial""",雲霄棋陣地圖獎勵,zh-TW
"Recompensas do Mapa ""Lareira do Inverno Eterno""",永冬爐台地圖獎勵,zh-TW
"Recompensas do Mapa ""Parque da Imagênese""",幻造遊園地圖獎勵,zh-TW
"Recompensas do Mapa ""Terra dos Sonhos Neon""",霓虹夢局地圖獎勵,zh-TW
Recomputación de orden,秩序歸演,zh-TW
Recomputação Ordenada,秩序歸演,zh-TW
Reconhecimento de Relíquia,奇庫尋遺,zh-TW
Recopilación de encuestas,問卷蒐集,zh-TW
Recrue du combat d'argent,銀戰新人,zh-TW
Recruta do Combate Prateado,銀戰新人,zh-TW
Recrutamento de Membros,成員召募,zh-TW
Recrutement,成員召募,zh-TW
Rectificación común,常態矯正,zh-TW
Recuerdo de estos días maravillosos,紀念這美好的一天,zh-TW
Recuperación de datos,資料回收,zh-TW
Recuperação de Dados,資料回收,zh-TW
Recuérdame,記得我嗎,zh-TW
Recyclage de charge,能量循環,zh-TW
Red Fruit,紅果,zh-TW
Red Is Red Anyway,反正都是紅的,zh-TW
Red Light Level,紅光級,zh-TW
Redsoil Solo'd the Dromas,紅土單殺大地獸,zh-TW
Redémarrage d'urgence,緊急重啟,zh-TW
Ref's Nightmare,裁判的噩夢,zh-TW
Refeitório,自助餐廳,zh-TW
RefluxoDosEsquifes,星槎沒有海,zh-TW
Reformat Preparation,格式化準備,zh-TW
Refriega estelar,星芒戰幕,zh-TW
Regain de motivation,大幅鼓舞,zh-TW
Regalo de Mem,迷迷贈禮,zh-TW
Regalo de arcadia,樂園之禮,zh-TW
Regalo de la forja,淬鋒之禮,zh-TW
Regalo del Expreso,列車的禮物,zh-TW
Regalos festivos,慶典祝禮,zh-TW
Regen der reinigenden Flammen,淨炎之雨,zh-TW
Regen des weißen Sandes,白砂之雨,zh-TW
RegenWindRegenbogen7854,風雨彩虹7854,zh-TW
Regenbogen,彩虹,zh-TW
Registered_GhoulNoFan_HaterProMAX,專門訂閱噴乃芬,zh-TW
Registro de vuelo,飛行日誌,zh-TW
Registros de Aviação,飛行日誌,zh-TW
Registros de Curiosidades Museu da Cidade do Inverno Eterno,冬城博物珍奇簿,zh-TW
Registros de Curiosidades do Museu da Cidade do Inverno Eterno,冬城博物珍奇簿,zh-TW
Regra da Força,侵略的鐵蹄,zh-TW
Regreso a las estrellas,循星歸程,zh-TW
Regular Challenge,常規挑戰,zh-TW
Rei das Curvas,彎道之王,zh-TW
Reich der Obskurität,異器盈界,zh-TW
Reich der Obskurität 300 %,異器盈界300%,zh-TW
ReicherTypInXianzhou,仙舟第一有錢花,zh-TW
Reinbough Orbiter General,遞弓天將,zh-TW
Reinicio de emergencia,緊急重啟,zh-TW
Reinigender Neustart,淨化清理,zh-TW
Reino do Estranho,異器盈界,zh-TW
Reino do Estranho 300%,異器盈界300%,zh-TW
Reinício de Emergência,緊急重啟,zh-TW
Reisegefährten,旅途相伴,zh-TW
Reisender,一位旅人,zh-TW
"Rekaman suara ""panggilan hantu"" sudah didapatkan! Kita bakal ketemuan!",收到「鬼來電」錄音了！安排！,zh-TW
Rekan Kerjaku Jadi Orang yang Berbeda 180 Derajat ....,同事好像換了個人一樣……,zh-TW
Rekan Perjalanan,旅途相伴,zh-TW
Rekan Perjalanan Ribuan Bintang,千星旅伴,zh-TW
Relatório de Valor Máximo,峰值反饋,zh-TW
Reliable Assist,可靠助力,zh-TW
Relic Recon,奇庫尋遺,zh-TW
Relógio Onírico,夢境迷鐘,zh-TW
Rem Kehabisan Oli,剎車沒油,zh-TW
Remaining:,剩餘：,zh-TW
Remanescentes do Crepúsculo,餘暉殘卷,zh-TW
Remboelan,月月月月,zh-TW
RememberMe?,記得我嗎,zh-TW
Remnants of Twilight,餘暉殘卷,zh-TW
Rempart Aurora,破曉守護,zh-TW
Remède_Miracle_Nutri-trésor,寶餌堂靈丹妙藥,zh-TW
RenangSampeLaut_Membiru,游到海水變藍,zh-TW
RenardCéleste,天上仙狐,zh-TW
Renascido Como O Rei do Delivery do Xianzhou,重生之仙舟外送王,zh-TW
Rencontre de haute volée (I),明霄競武試鋒芒•上,zh-TW
Rencontre de haute volée (II),明霄競武試鋒芒•下,zh-TW
Renforcement d'arrière-plan,背景強化,zh-TW
Renforcement d'objet,道具強化,zh-TW
Renforcement mutuel,並行強化,zh-TW
Rennfahrer für Essenslieferung,外送餐點的賽車手,zh-TW
Renovasi Interior,室內裝修,zh-TW
Repair Team Collaboration Module,修正團隊協作模組,zh-TW
Reparación automática,自動修復,zh-TW
Reparación del módulo de colaboración,修正團隊協作模組,zh-TW
Repas sur le pouce,一氣化三餐,zh-TW
Repetición incremental,層層加碼,zh-TW
Repetição Incremental,層層加碼,zh-TW
Reply_Guy,二樓沒水準,zh-TW
Reporter Rakun,狸貓記者,zh-TW
Reportero Osipachi,狸貓記者,zh-TW
Reprenons le chemin des étoiles,重返群星之旅,zh-TW
Représentant du Comptoir touristellaire,摘星社官方,zh-TW
Reputación de la banda,樂團聲望,zh-TW
Reputasi Band,樂團聲望,zh-TW
Reputação da Banda,樂團聲望,zh-TW
Repórter Pelôncio,狸貓記者,zh-TW
Requisidor de forraje,糧草徵收人,zh-TW
Requisitante Da Forragem,糧草徵收人,zh-TW
Reruntuhan Permukaan,表形廢墟,zh-TW
Rescate del investigador con el corazón roto,拯救心碎組員,zh-TW
Rescate rápido,颶風營救,zh-TW
Rescue Heartbroken Researcher,拯救心碎組員,zh-TW
Research Insights Exchange,研究心得分享大會,zh-TW
Resgatar Pesquisador De Coração Partido,拯救心碎組員,zh-TW
Resgate Rápido,颶風營救,zh-TW
Residual Detection,殘差檢測,zh-TW
Resounding Victory,旗開得勝,zh-TW
Respondão,二樓沒水準,zh-TW
Respons Nilai Maksimum,峰值反饋,zh-TW
Responsible Minican,負責的小桶,zh-TW
Respuesta_sinEsfuerzo,二樓沒水準,zh-TW
Restant :,剩餘：,zh-TW
Restante:,剩餘：,zh-TW
Restaurant 1 Étoile,一星級餐廳,zh-TW
Restaurant 2 Étoiles,二星級餐廳,zh-TW
Restaurant 3 Étoiles,三星級餐廳,zh-TW
Restaurant 4 Étoiles,四星級餐廳,zh-TW
Restaurante Grandioso do Labirinto de Chrysos,黃金迷境大飯店,zh-TW
Restaurante de 1 Estrela,一星級餐廳,zh-TW
Restaurante de 2 Estrelas,二星級餐廳,zh-TW
Restaurante de 3 Estrelas,三星級餐廳,zh-TW
Restaurante de 4 Estrelas,四星級餐廳,zh-TW
Restaurante de cuatro estrellas,四星級餐廳,zh-TW
Restaurante de dos estrellas,二星級餐廳,zh-TW
Restaurante de tres estrellas,三星級餐廳,zh-TW
Restaurante de una estrella,一星級餐廳,zh-TW
Resterkennung,殘差檢測,zh-TW
Restoran 1★,一星級餐廳,zh-TW
Restoran 2★,二星級餐廳,zh-TW
Restoran 3★,三星級餐廳,zh-TW
Restoran 4★,四星級餐廳,zh-TW
Restraint,戒退,zh-TW
Restriction,戒退,zh-TW
Retakan Planar,次元分裂,zh-TW
Retakan Planar 300%,次元分裂300%,zh-TW
Retazos del crepúsculo,餘暉殘卷,zh-TW
Retentissement Ôdiapason,諧樂響起時……,zh-TW
Retorno das Estrelas,循星歸程,zh-TW
Retour au perchoir,登棲斂翼,zh-TW
Retour des étoiles,循星歸程,zh-TW
Retrato de Estilo de Vida,生活點滴,zh-TW
Reunião do Jantar,晚餐會議,zh-TW
Reunión de la cena,晚餐會議,zh-TW
Revelación de la brigada,旅團黑馬,zh-TW
Revendedor de Ábaco de Jade,回收各代玉兆,zh-TW
Revenus de l'établissement,酒吧營收,zh-TW
Reverberating Carol,頌歌震盪,zh-TW
Revisor en funciones,代理列車長,zh-TW
Rey del torneo principal,正賽之王,zh-TW
Rey repartidor de Xianzhou,重生之仙舟外送王,zh-TW
RhinoFaitPeur,犀牛講怪談,zh-TW
RhinoTellsGhostStories,犀牛講怪談,zh-TW
Rhythm Master,節奏高手,zh-TW
Rhythmusmeister,節奏高手,zh-TW
RibuanTahun,千秋萬代,zh-TW
RicachónDeXianzhou,仙舟第一有錢花,zh-TW
Ricaço do Xianzhou,仙舟第一有錢花,zh-TW
Ricecasto,蝶遐,zh-TW
Rififruit chez les oiseaux en origami,摺紙小鳥對對碰,zh-TW
Rifle Crinargenta,鐵衛火銃,zh-TW
Right Lieutenant,右護法戰,zh-TW
Right Lieutenant: Rematch,右護法戰•再開,zh-TW
Rin Tohsaka,遠坂凜,zh-TW
RindfleischLiebe,我愛牛雜,zh-TW
Ringring_CampanasNocturnas,晚鐘的嘆息,zh-TW
RinoAndante,行走的鼻形獸,zh-TW
RinoceronteDosContosDeFantasmas,犀牛講怪談,zh-TW
Rinoceronte_CuentahistoriasDeTerror,犀牛講怪談,zh-TW
Riskante Geschäfte,骰機取巧,zh-TW
Rite du divin,諸神秘儀,zh-TW
Rite of the Gods,諸神秘儀,zh-TW
Ritual Bela Diri,星天演武儀典,zh-TW
Ritual Rahasia Para Dewa,諸神秘儀,zh-TW
Ritual divino,諸神秘儀,zh-TW
Ritual dos Divinos,諸神秘儀,zh-TW
Rivenji,宇宙小矯情,zh-TW
River of Souls' Intolerable Solitude,冥河的孤獨難耐,zh-TW
Road to Growth,成長之路,zh-TW
Roaming de Dados Cósmicos,銀河訊號漫遊,zh-TW
Roaming de datos cósmico,銀河訊號漫遊,zh-TW
Robin,知更鳥,zh-TW
Robot Thông Minh Không Cần Phanh,我是智械，不用剎車,zh-TW
Robot_RespuestaAutomática,自動回覆好期待機器人,zh-TW
Robô da CPI Enviado Especialmente Pelo Skott,斯科特安排的公司機甲,zh-TW
Rock Promptombre,洛克•迅影,zh-TW
Rock Quickshade,洛克•迅影,zh-TW
Rock Sombrafugaz,洛克•迅影,zh-TW
Rock si Bayangan Gesit,洛克•迅影,zh-TW
Rock เงาฉับไว,洛克•迅影,zh-TW
Rock Ảo Ảnh Tốc Độ,洛克•迅影,zh-TW
Rocky Schnellschatten,洛克•迅影,zh-TW
RodeadoDeIdiotas,鐵頭來找你了,zh-TW
Roh Dadu: Obsesi 1.700 Tahun,骰魂•一千七百年的執念,zh-TW
Roi de la livraison de Xianzhou réincarné,重生之仙舟外送王,zh-TW
RoiDuMarteau,手掄大錘呼呼響,zh-TW
Roi_Dragon,重生之我是龍王,zh-TW
Rojo es rojo,反正都是紅的,zh-TW
Romantic Bath Salts,浪漫浴鹽,zh-TW
Romantisches Badesalz,浪漫浴鹽,zh-TW
Rompeescudo,反護盾,zh-TW
Rondo de l'aube,破曉輪舞,zh-TW
Rondó do Alvorecer,破曉輪舞,zh-TW
Ropa,衣服,zh-TW
Rosemary's Floriography,迷迭香的花語,zh-TW
Rosmarins Floriografie,迷迭香的花語,zh-TW
"Rostos Feridos, Corações Mordidos",一扎皺眉，二扎心,zh-TW
Rot ist rot,反正都是紅的,zh-TW
Rote Frucht,紅果,zh-TW
Rote Lichtstufe,紅光級,zh-TW
Rotlehm besiegt Dromen im Alleingang,紅土單殺大地獸,zh-TW
Roue broyeuse des glaces,冰輪碎碾,zh-TW
Roupas,衣服,zh-TW
Roy Beaufort,羅伊•疾風,zh-TW
Roy Cuồng Phong,羅伊•疾風,zh-TW
Roy Swiftwind,羅伊•疾風,zh-TW
Roy Ventisca,羅伊•疾風,zh-TW
Roy Ventoveloz,羅伊•疾風,zh-TW
Roy Windgeschwind,羅伊•疾風,zh-TW
Roy si Pemburu Angin,羅伊•疾風,zh-TW
Royaume de l'étrange,異器盈界,zh-TW
Royaume de l'étrange 300 %,異器盈界300%,zh-TW
Royce ลมกรด,羅伊•疾風,zh-TW
Ruan Mei,阮•梅,zh-TW
Ruan Mei's Creation,阮•梅造物,zh-TW
Ruan Meis Schöpfung,阮•梅造物,zh-TW
RubahSurgawi,天上仙狐,zh-TW
Rudelgeheul,嘯聚,zh-TW
Rugido Leonino,獅子吼,zh-TW
Rugido de león,獅子吼,zh-TW
Rugissement du lion,獅子吼,zh-TW
RuhigeJahre,歲月靜好,zh-TW
RuhigeReise,寧靜致遠,zh-TW
Ruinas cronoformes,表形廢墟,zh-TW
Rule of Force,侵略的鐵蹄,zh-TW
Rumah Makan Labirin Chrysos,黃金迷境大飯店,zh-TW
Rumah kecil di tengah kabut!,霧中小屋！,zh-TW
Rumor: Seat of Divine Foresight Kendurkan Kebijakan Pembelian Properti,聽說神策府準備放鬆購房政策,zh-TW
Rumores y chismes,八卦怪談,zh-TW
Rumput Pakan,食用草,zh-TW
Run Like Crazy,瘋跑,zh-TW
Ruptura de protocolo,協議突破,zh-TW
Rupture du protocole,協議突破,zh-TW
Ruta a Xianzhou,仙舟人指路,zh-TW
Rutsche,滑梯,zh-TW
Rythme imaginaire,虛數速率,zh-TW
Ràng Buộc,縛束,zh-TW
Rác Kỳ Lạ,古怪的垃圾,zh-TW
Ráfaga ardiente,灼炎衝擊波,zh-TW
Ráfaga de Chanchitos,撲滿衝擊波,zh-TW
Rápido e Assombroso,極速追影,zh-TW
Rápido y asombroso,極速追影,zh-TW
RâuXoăn,虯髯客,zh-TW
Règne de la force,侵略的鐵蹄,zh-TW
Récompense de la zone du Foyer de l'Hiver éternel,永冬爐台地圖獎勵,zh-TW
Récompense de phase II,階段激勵•二,zh-TW
Récompense de phase III,階段激勵•三,zh-TW
Récompense des Dix seigneurs,十王犒賞,zh-TW
Récompenses de la zone Pays des rêves néon,霓虹夢局地圖獎勵,zh-TW
Récompenses de la zone de l'Échiquier céleste,雲霄棋陣地圖獎勵,zh-TW
Récompenses de la zone du Parc d'imagénèse,幻造遊園地圖獎勵,zh-TW
Récompenses de phase I,階段激勵•一,zh-TW
Récupération de données,資料回收,zh-TW
Réel dépassement,物理超車,zh-TW
Régime minceur,節食,zh-TW
Régime minceur saison 2 : Perte de poids,節食第二季•減肥,zh-TW
Réjouissances et autres joyeusetés,廟趣滿堂,zh-TW
Rénovation de l'Astral Express,列車改造奇遇,zh-TW
Réparer le module de collaboration d'équipe,修正團隊協作模組,zh-TW
Répercussion phonique,頌歌震盪,zh-TW
Réputation du groupe,樂團聲望,zh-TW
Rêverie de turquoise,清龍入夢,zh-TW
Rêves sans fin,美夢永恆,zh-TW
Rôdeur glacial,深寒徘徊者,zh-TW
Rückkehr des bösen Krokodils,邪鱷歸來,zh-TW
Rückkehr zur Erde in langer Nacht,於長夜重返大地,zh-TW
Rương Số 18,第十八號箱子,zh-TW
Rồng Hồi Hương,龍返其鄉,zh-TW
RồngLửaVôĐịch,無敵大火龍,zh-TW
S'il te plaît et merci,請、謝謝,zh-TW
S+Tier_Xianzhou,仙舟戰力top榜,zh-TW
SNS 작전,網路行動,zh-TW
STARRAIL☆WORLD,星鐵☆WORLD,zh-TW
Saat Tersadar,清醒之時,zh-TW
Sabio anciano,老賢者,zh-TW
Sabio_dela_Túnicablanca,白衣居士,zh-TW
Sabor a tierra,土味,zh-TW
Sabor da Terra,土味,zh-TW
SabráDios,天知道,zh-TW
Sac de chance des comédiens,喜劇人們的自選福袋,zh-TW
Sacerdote,祭司,zh-TW
Sacola da Sorte dos Comediantes,喜劇人們的自選福袋,zh-TW
Safe Mode,安全模式,zh-TW
Saga da Espada,劍俠紀事,zh-TW
Saga da Lâmina Primaveril,初花習劍錄,zh-TW
Saga de l'épée,劍俠紀事,zh-TW
Saga de la espadachina,劍俠紀事,zh-TW
Saga de la hoja primaveral,初花習劍錄,zh-TW
Saga of Primaveral Blade,初花習劍錄,zh-TW
Sahabat Manusia,人類最好的朋友,zh-TW
Sais de Banho Picantes,火辣浴鹽,zh-TW
Sais de Banho Refrescantes,冰爽浴鹽,zh-TW
Sais de Banho Românticos,浪漫浴鹽,zh-TW
Sais de Banho de Chrysos,黃金浴鹽,zh-TW
Sais de Banho de Leite de Dromas,獸奶浴鹽,zh-TW
Sajak Lira,抒情詩,zh-TW
Sales de baño de leche de bestia salvaje,獸奶浴鹽,zh-TW
Sales de baño doradas,黃金浴鹽,zh-TW
Sales de baño picantes,火辣浴鹽,zh-TW
Sales de baño refrescantes,冰爽浴鹽,zh-TW
Sales de baño románticas,浪漫浴鹽,zh-TW
Salestia : Édition enchantée,小桶寶力•附魔版,zh-TW
Salju Halus,細雪,zh-TW
Salju Lebat,大雪,zh-TW
Salju Sedang,中雪,zh-TW
Salledebain_Sans_Bain,臥室沒有床,zh-TW
Salto de remolino,渦漩躍襲,zh-TW
Salto no Vórtice,渦漩躍襲,zh-TW
Salut tout le monde !,大家好啊，打個招呼！,zh-TW
Sama Saja Kok,一樣的，一樣的。,zh-TW
Sambungan Live,直播連線,zh-TW
Same Difference.,一樣的，一樣的。,zh-TW
Sammeln von Taktiken,戰術蒐集,zh-TW
Sammlung der Umfrage,問卷蒐集,zh-TW
Sampah yang Aneh,古怪的垃圾,zh-TW
Sampo,桑博,zh-TW
Sampo's Love Bomb,桑博的多情爆彈,zh-TW
Sampos Liebesbombe,桑博的多情爆彈,zh-TW
SamtSchweif,溫柔的大尾巴,zh-TW
Sanación sobre ruedas,最速奶爸,zh-TW
Sanction Mode,罰惡模式,zh-TW
Sanctuaire2laFatigue,長樂夜無眠,zh-TW
SanctumMelekTerus,長樂夜無眠,zh-TW
Sandstaub,沙塵,zh-TW
Sang Naga Kembali,龍返其鄉,zh-TW
SangChaud&Malicieux,小淘氣不冷靜,zh-TW
Sangkar yang Tak Terlihat,無形之牢,zh-TW
Sangre_fría_té_caliente,冷血殺手愛喝熱茶,zh-TW
Sanktionsmodus,罰惡模式,zh-TW
Sans limites : Grand prix ouragan,超限：狂飆大獎賽,zh-TW
Santo del desvelo,熬夜聖體,zh-TW
SantuárioAbobalhado,長樂夜無眠,zh-TW
Sao Băng Rực Lửa,赤焰流星,zh-TW
Saque Funcional,性能透支,zh-TW
Saqueador del Vacío,虛卒•掠奪者,zh-TW
Sarang Raja Iblis,魔王巢穴,zh-TW
Sarjana Persamaan,方程式學者,zh-TW
Satgas Stasiun Luar Angkasa,太空站特派,zh-TW
Satu Keluarga di Alam Semesta,宇宙一家親,zh-TW
Saturated Activation,滿額啟動,zh-TW
Saurer Regen,酸雨,zh-TW
Saut vortex,渦漩躍襲,zh-TW
Sauvetage in extremis,颶風營救,zh-TW
Say_Cheese,趙相機,zh-TW
Say~Cheese~,趙相機,zh-TW
Scalegorge Spring Bather,鱗淵冰泉洗澡,zh-TW
ScalegorgeExplorer,鱗淵境的冒險者,zh-TW
Scavenger Minican,拾荒的小桶,zh-TW
Schachmeister Fay,飛棋妙手,zh-TW
Schaffner im Dienst,代理列車長,zh-TW
Scharfes Badesalz,火辣浴鹽,zh-TW
Schatten des Rangers,遊俠謎影,zh-TW
Schatten des Zweifels,疑心暗鬼,zh-TW
Schatzbegutachtung der Heiligen Stadt,聖城鑑寶,zh-TW
Schatzsuche im Lager,奇庫尋遺,zh-TW
Schaufelangriff,鏟擊,zh-TW
Schaut alle zu mir!,全體目光向我看齊！,zh-TW
Schichtarbeit im Express,列車值日,zh-TW
Schicksal im Wandel,易命,zh-TW
Schicksalsstern,命中註定的星辰,zh-TW
Schildbrecher,反護盾,zh-TW
Schildsystem,護盾系統,zh-TW
Schlafgespräche,一夜夢話,zh-TW
Schlaflos,不愛睡覺,zh-TW
Schlaflose Nacht,不眠之夜,zh-TW
SchlagAbtausch,但是我想給你兩拳,zh-TW
Schleichende Kälte,漸凍,zh-TW
Schmetterling der Phantasmagorie: Seele,幻海幽蝶•希兒,zh-TW
SchneeMantel,下雪大衣,zh-TW
Schneeregen,雨夾雪,zh-TW
Schneesturm,暴雪,zh-TW
Schnellbefehl,快速指令,zh-TW
Schnelle Rettung,颶風營救,zh-TW
Schockierend! Die wahre Identität der komischen Schachspielerin ist ...,驚！棋鬼怪人的身分竟然是……,zh-TW
Schockierend! Geschichten aus Märchenbüchern werden lebendig!,震驚！話本裡的故事竟然發生在我身邊！,zh-TW
Schreck der Erde,大地的驚嚇,zh-TW
Schrittweise Wiederholung,層層加碼,zh-TW
SchuppenklammEntdecker,鱗淵境的冒險者,zh-TW
Schutz des Kernreaktionsprotokolls,核心響應協議保護,zh-TW
Schwarzes Schaf der Truppe,旅團黑馬,zh-TW
Schweinsgalopp,豬突猛進,zh-TW
SchwerAbhängigerStreamer,直播男孩重度依賴,zh-TW
Schwerer Modus,困難模式,zh-TW
SchwertImÄrmel,袖裡劍,zh-TW
Schwerter zu Spaten,鑄劍為犁,zh-TW
Schwertkunst-Stufe,劍術進境,zh-TW
SchwesterchenShun,好姐妹小順,zh-TW
Schwimmen_bis_das_Wasser_blau_ist,游到海水變藍,zh-TW
Schädliche Abfalltonne,有害垃圾的桶,zh-TW
Schöne Wunde,美麗傷口,zh-TW
Schönes Wetter für ein Babydroma,天氣真好，養牠！,zh-TW
Schönster der Aurum-Allee,金人巷第一美男,zh-TW
Schüchterner Koch,害羞的大廚,zh-TW
Schüler,學生,zh-TW
Schütteln und Schwanken,搖搖晃搖,zh-TW
Scoops,八卦怪談,zh-TW
Scorch,燒灼,zh-TW
Scorching Armor,灼炎護甲,zh-TW
Scorching Blast,灼炎衝擊波,zh-TW
Scorching Crush,灼炎重擊,zh-TW
Scorching Sun,烈日,zh-TW
Score Progress,分數進度,zh-TW
Se acerca el duelo,決戰將至,zh-TW
Se busca genio,等一位天才上線！,zh-TW
Sea of Clouds,雲海,zh-TW
Seal Collection,海豹蒐集,zh-TW
Seal Slammers,豹豹碰碰大作戰,zh-TW
SebebasAngin,風隨心,zh-TW
Sebelum Kematian Para Pahlawan,英雄未死之前,zh-TW
Sebuah Anekdot yang Langka,一則鮮見的軼事,zh-TW
Sebuah Komunikasi yang Tak Terduga,一次意外的交流,zh-TW
Sebuah Negosiasi Menuju Kematian,一場赴死的和談,zh-TW
Sebuah Seruan dari Sang Pemberani,一聲勇者的吶喊,zh-TW
Sebuah Takdir yang Tak Terhindarkan,一重難逃的命運,zh-TW
Seca,乾旱,zh-TW
Second Time,第二次,zh-TW
Secourir le chercheur au cœur brisé,拯救心碎組員,zh-TW
"Sedang Belajar, Silakan Ganggu",學習中，請打擾。,zh-TW
Seed Anew,新的種子,zh-TW
Seehund-Sammlung,海豹蒐集,zh-TW
SeelFroh Explosiv,爆漿蘇樂達,zh-TW
Seele เงาผีเสื้อทะเลมายา,幻海幽蝶•希兒,zh-TW
"Seele, le papillon fantasmagorique",幻海幽蝶•希兒,zh-TW
Segunda Vez,第二次,zh-TW
Seichte Traumlandschaft,淺層夢境,zh-TW
Selalu Terdengar Suara Tangisan dari Langit,天上總是傳來慟哭聲,zh-TW
"Selamat Tinggal, Penacony",再見，匹諾康尼,zh-TW
Selamatkan Siapa Dulu Saat Tenggelam,先救落水的誰,zh-TW
Selbstsprengendes Modul,自爆模組,zh-TW
Selbstständiges Leben,獨立生活,zh-TW
Selbstverbesserung,自我完善,zh-TW
Selbstvorstellung,自我介紹,zh-TW
Selbstwiederherstellung,自我重構,zh-TW
Self-Exploding Module,自爆模組,zh-TW
Self-Improvement,自我完善,zh-TW
Self-Introduction,自我介紹,zh-TW
Self-Reconstruction,自我重構,zh-TW
Self-Sacrificing Trashcan,捨己為人的桶,zh-TW
Sels de bain au lait de bête sauvage,獸奶浴鹽,zh-TW
Sels de bain chryséens,黃金浴鹽,zh-TW
Sels de bain rafraîchissants,冰爽浴鹽,zh-TW
Sels de bain romantiques,浪漫浴鹽,zh-TW
Sels de bain épicés,火辣浴鹽,zh-TW
Seluncuran,滑梯,zh-TW
Sem Frescura para Comer,不可以挑食。,zh-TW
Sem Próxima Vez,下次不要玩了,zh-TW
"Sem Tempo para Explicar, Vamos Lá!",來不及解釋快上車,zh-TW
Sem Óleo nos Freios,剎車沒油,zh-TW
SemNickLegal,想不出好暱稱,zh-TW
SemestaYangBesar729,浩瀚宇宙729,zh-TW
Semifinais,半決賽,zh-TW
Semifinal,半決賽,zh-TW
Semifinales,半決賽,zh-TW
Semifinals,半決賽,zh-TW
SeminarFengsuiKawasan,洞天風水講座,zh-TW
SeminarioDelDominioDeGeomancia,洞天風水講座,zh-TW
Seminário De Geomancia De Domínio,洞天風水講座,zh-TW
Sempre Ao Seu Lado,心跳不息陪你不止,zh-TW
Semua Tentang Boothill ....,關於波提歐的一切……,zh-TW
SendirianDiMusimDingin,獨立寒秋,zh-TW
Sengende Explosion,灼炎衝擊波,zh-TW
Sengende Rüstung,灼炎護甲,zh-TW
Sengende Sonne,烈日,zh-TW
Sengender Schattenwandler,火焚災影,zh-TW
Sengender Stoß,灼炎重擊,zh-TW
Seni Penyembuhan,治療的藝術,zh-TW
Senior Staff: Team Leader,資深員工•組長,zh-TW
Sensei du rythme,節奏高手,zh-TW
SepedaRodaSatu,獨輪車,zh-TW
"Septenary Woe, Annihilation",七傷，滅頂,zh-TW
Septième anomalie,第七次,zh-TW
Sepucuk Surat untukmu,給你的一封信,zh-TW
Sequía,乾旱,zh-TW
Serang Perisaiku dengan Senjatamu,以子之矛，攻我之盾,zh-TW
Serangan Kelemahan,弱點突襲,zh-TW
Serangan Mematikan,致命一擊,zh-TW
Seratus Ribu Kenapa,十萬個為什麼,zh-TW
Serba-Serbi Perjalanan,道中雜記,zh-TW
Serba-serbi Kehidupan,生活點滴,zh-TW
SerbaTahu,天知道,zh-TW
Sereia Alucinógena,致幻人魚,zh-TW
Sereia da Elegia,哀歌塞壬,zh-TW
SeribuBintangJatuh,一千顆流星,zh-TW
Sering Lembur Bikin Pegawai Stres!,加班過於頻繁，員工精神錯亂！,zh-TW
Seru Banget,真好玩,zh-TW
Serval si Iblis Melodi,音律琴魔•希露瓦,zh-TW
Serval Ác Ma Âm Luật,音律琴魔•希露瓦,zh-TW
Serval ปีศาจแห่งดนตรี,音律琴魔•希露瓦,zh-TW
"Serval, la Melodía Demoniaca",音律琴魔•希露瓦,zh-TW
"Serval, la démone mélodique",音律琴魔•希露瓦,zh-TW
"Serval, o Demônio Melódico",音律琴魔•希露瓦,zh-TW
Server Overload Prevention,防止伺服器超載,zh-TW
Serverüberlastung verhindern,防止伺服器超載,zh-TW
Service de prière (I),禱言營業•其一,zh-TW
Service de prière (II),禱言營業•其二,zh-TW
Service de prière (III),禱言營業•其三,zh-TW
Service de prière (IV),禱言營業•其四,zh-TW
Service de prière (V),禱言營業•其五,zh-TW
Service de prière (VI),禱言營業•其六,zh-TW
Service de prière (VII),禱言營業•其七,zh-TW
Service de prière : Interlude,禱言營業•幕間劇,zh-TW
Servicio de plegaria I,禱言營業•其一,zh-TW
Servicio de plegaria II,禱言營業•其二,zh-TW
Servicio de plegaria III,禱言營業•其三,zh-TW
Servicio de plegaria IV,禱言營業•其四,zh-TW
Servicio de plegaria V,禱言營業•其五,zh-TW
Servicio de plegaria VI,禱言營業•其六,zh-TW
Servicio de plegaria VII,禱言營業•其七,zh-TW
Servicio de plegaria: interludio,禱言營業•幕間劇,zh-TW
Serviço de Oração (I),禱言營業•其一,zh-TW
Serviço de Oração (II),禱言營業•其二,zh-TW
Serviço de Oração (III),禱言營業•其三,zh-TW
Serviço de Oração (IV),禱言營業•其四,zh-TW
Serviço de Oração (V),禱言營業•其五,zh-TW
Serviço de Oração (VI),禱言營業•其六,zh-TW
Serviço de Oração (VII),禱言營業•其七,zh-TW
Serviço de Oração: Interlúdio,禱言營業•幕間劇,zh-TW
Serviço do Expresso,列車值日,zh-TW
Seseorang Diam-Diam Membangun Menara Pemancar Sinyal di Fyxestroll Garden,綏園有人偷偷建了訊號發射塔,zh-TW
SeufzerDerAbendglocke,晚鐘的嘆息,zh-TW
Seuil de rupture,閾值破壞,zh-TW
Seventh Time,第七次,zh-TW
Sexta Vez,第六次,zh-TW
Señor de las curvas,彎道之王,zh-TW
SeñorSíAcepto,好好先生,zh-TW
SeñoritaYoujie,大悠姐,zh-TW
Shadow of Doubt,疑心暗鬼,zh-TW
Shadow of the Ranger,遊俠謎影,zh-TW
Shake and Sway,搖搖晃搖,zh-TW
Shallow Dreamscape,淺層夢境,zh-TW
Shallow Hypogeum,淺層地宮,zh-TW
Shangshang ตัวจริง,裳裳唯一帳號,zh-TW
ShangshangOfficial,裳裳唯一帳號,zh-TW
ShangshangOffiziell,裳裳唯一帳號,zh-TW
ShangshangOficial,裳裳唯一帳號,zh-TW
Shattering Bite,碎齧,zh-TW
She Made a Clone to Do Her Work — What Happened Next Will Shock You!,她讓複製人上班，複製人讓她下班,zh-TW
Shield System,護盾系統,zh-TW
Shieldbreaker,反護盾,zh-TW
Shifter Pro,彎道之王,zh-TW
"Shifu, Eu Ascendi!",師父，我悟了！,zh-TW
ShortNeckGiraffe,短頸鹿,zh-TW
Shovel Attack,鏟擊,zh-TW
Shun น้องรัก,好姐妹小順,zh-TW
Shy Chef,害羞的大廚,zh-TW
Si Nyebelin,說怪話,zh-TW
Si Paling Kepo di Workshop,工坊萬事通,zh-TW
SiCelemotan,礦渣黑黑,zh-TW
SiDongdong,機靈小不懂,zh-TW
SiMisterius,神秘路人,zh-TW
SiOrkayXianzhou,仙舟第一有錢花,zh-TW
Siap Dikirim,整裝待發,zh-TW
Sicherheitsmodus,安全模式,zh-TW
"Sie ließ den Klon zur Arbeit gehen, aber der Klon kündigte.",她讓複製人上班，複製人讓她下班,zh-TW
"Siebenfaches Leid, Annihilation",七傷，滅頂,zh-TW
Sieg im Schlaf,清龍入夢,zh-TW
Siege Grenade,攻城榴彈,zh-TW
Siegende Vorhut,破敵先鋒,zh-TW
Siempreatulado,心跳不息陪你不止,zh-TW
Siete de Marzo,三月七,zh-TW
"Siete de Marzo, heroína inigualable",蓋世女俠三月七,zh-TW
Sifflement à l'heure du silence,鳴笛於歸寂之時,zh-TW
Sigue creciendo,繼續長大,zh-TW
Siguen ocurriendo cosas muy extrañas en esta casa encantada,鬧鬼凶宅怪事不斷,zh-TW
Siklus Hidup dan Mati,生死輪迴,zh-TW
"Silakan, Terima Kasih",請、謝謝,zh-TW
Silberkampf: Anführer,銀戰領袖,zh-TW
Silberkampf: Erfahrener,銀戰熟手,zh-TW
Silberkampf: Experte,銀戰高手,zh-TW
Silberkampf: Meister,銀戰大師,zh-TW
Silberkampf: Neuling,銀戰新人,zh-TW
Silbermähnen-Bombardement,鐵衛重炮,zh-TW
Silbermähnen-Feuergeschütz,鐵衛火銃,zh-TW
Silbermähnen-Kanonier,銀鬃炮手,zh-TW
Silbermähnen-Leutnant,銀鬃尉官,zh-TW
Silbermähnen-Rüstung,鐵衛鎧甲,zh-TW
Silbermähnen-Schütze,銀鬃射手,zh-TW
Silbermähnen-Soldat,銀鬃近衛,zh-TW
Silberwolf,銀狼,zh-TW
Silberwolf St. 999,銀狼LV.999,zh-TW
"Silence, ça pousse !",繼續長大,zh-TW
Silent Gaze,沉默的注視,zh-TW
Silent_Reader,寧靜致遠,zh-TW
Silver Combat Commander,銀戰領袖,zh-TW
Silver Combat Expert,銀戰高手,zh-TW
Silver Combat Master,銀戰大師,zh-TW
Silver Combat Recruit,銀戰新人,zh-TW
Silver Combat Veteran,銀戰熟手,zh-TW
Silver Wolf,銀狼,zh-TW
Silver Wolf LV.999,銀狼LV.999,zh-TW
Silver Wolf Niv. 999,銀狼LV.999,zh-TW
Silvermane Armor,鐵衛鎧甲,zh-TW
Silvermane Bombardment,鐵衛重炮,zh-TW
Silvermane Cannoneer,銀鬃炮手,zh-TW
Silvermane Command,鐵衛號令,zh-TW
Silvermane Fire Gun,鐵衛火銃,zh-TW
Silvermane Gunner,銀鬃射手,zh-TW
Silvermane Lieutenant,銀鬃尉官,zh-TW
Silvermane Soldier,銀鬃近衛,zh-TW
Similar-Level Opponent,旗鼓相當的對手,zh-TW
SimpN°1deGuigui,獨愛小桂,zh-TW
SimpleGranVerdad,大道至簡,zh-TW
Simulated Universe,模擬宇宙,zh-TW
Simulated Universe: Bencana Swarm,模擬宇宙：寰宇蝗災,zh-TW
Simulated Universe: Dunia 9,模擬宇宙•第九世界,zh-TW
Simulated Universe: Emas dan Mesin,模擬宇宙：黃金與機械,zh-TW
Simulated Universe: Gold and Gears,模擬宇宙：黃金與機械,zh-TW
Simulated Universe: Swarm Disaster,模擬宇宙：寰宇蝗災,zh-TW
Simulated Universe: Unknowable Domain,模擬宇宙：不可知域,zh-TW
Simulated Universe: World 9,模擬宇宙•第九世界,zh-TW
Simulated Universe: Zona Rahasia,模擬宇宙：不可知域,zh-TW
Simulated Universe: ทองคำและจักรกล,模擬宇宙：黃金與機械,zh-TW
Simulated Universe: หายนะแห่งมวลแมลง,模擬宇宙：寰宇蝗災,zh-TW
Simulated Universe: เขตแดนที่ไม่รู้จัก,模擬宇宙：不可知域,zh-TW
Simulated Universe: โลก 9,模擬宇宙•第九世界,zh-TW
Sin frenos y a lo loco,我是智械，不用剎車,zh-TW
Sinar Matahari-Bulan,日月同輝,zh-TW
Sincronia do Beijo Estelar,星軺旅進,zh-TW
Sinh Tử Luân Hồi,生死輪迴,zh-TW
Siren Bi Ca,哀歌塞壬,zh-TW
Sirena Alucinógena,致幻人魚,zh-TW
Sirena del Epicedio,哀歌塞壬,zh-TW
Sirene der Elegie,哀歌塞壬,zh-TW
Sirène des élégies,哀歌塞壬,zh-TW
Sirène hallucinogène,致幻人魚,zh-TW
Sis_Shun,好姐妹小順,zh-TW
Sisa Gulungan Senja,餘暉殘卷,zh-TW
Siseo agrupador,嘯聚,zh-TW
Sisi Cemerlang,獨當一面,zh-TW
Sisi Gelap Bulan,月之暗面,zh-TW
Sistema de Escudo,護盾系統,zh-TW
Sistema de escudo,護盾系統,zh-TW
Sister Shun,好姐妹小順,zh-TW
Sixième anomalie,第六次,zh-TW
Sixth Time,第六次,zh-TW
Siêu Hạn: Giải Vô Địch Xé Gió,超限：狂飆大獎賽,zh-TW
Siêu Trọng Kích Sương Giá,霜凍超重擊,zh-TW
Siêu Xe Vật Lý,物理超車,zh-TW
Siêu_AntifanGui,專門訂閱噴乃芬,zh-TW
Skin of Their Teeth,命懸一線,zh-TW
Skott,斯科特,zh-TW
Skott's Specially Appointed IPC Mech,斯科特安排的公司機甲,zh-TW
Skotts disponierter IFK-Mech,斯科特安排的公司機甲,zh-TW
Sky Devourer,吞天,zh-TW
Sleeptalk All Night,一夜夢話,zh-TW
Sleet,雨夾雪,zh-TW
SleeveHiddenSword,袖中劍,zh-TW
SleeveSword,袖裡劍,zh-TW
Slide,滑梯,zh-TW
Slot Iklan Tersedia,廣告位招租,zh-TW
Smarte Mülltonne,智慧型垃圾桶,zh-TW
Smug_Passerby,囂張路過,zh-TW
Snack Dash,點心糕餅向前衝,zh-TW
Snack-Sprint,點心糕餅向前衝,zh-TW
SnowyCoat,下雪大衣,zh-TW
So Laughed the Masses,如是，眾生歡笑不已,zh-TW
So Much Fun,真好玩,zh-TW
So lachten die Massen unaufhörlich,如是，眾生歡笑不已,zh-TW
"So nah und doch so fern, so vertraut und doch so fremd!",知人知面不知心，最熟悉的人最陌生！,zh-TW
SoCuteItFlies,可愛到飛起了,zh-TW
SoSüßDassEsFliegt,可愛到飛起了,zh-TW
So_Mote_It_Be,言出法隨,zh-TW
So_Soll_Es_Sein,言出法隨,zh-TW
Sob a Árvore,安於樹下,zh-TW
SobatDiting,看諦聽+嚎友,zh-TW
Sobre los dromas I,論大地獸們•其一,zh-TW
Sobre los dromas II,論大地獸們•其二,zh-TW
Sobre los dromas III,論大地獸們•其三,zh-TW
Sobre os Dromas (I),論大地獸們•其一,zh-TW
Sobre os Dromas (II),論大地獸們•其二,zh-TW
Sobre os Dromas (III),論大地獸們•其三,zh-TW
Sobrecarga de PV,負載生命值,zh-TW
Sobrecarga: Grande Prêmio do Redemoinho,超限：狂飆大獎賽,zh-TW
Sobregiro funcional,性能透支,zh-TW
Sobressalto da Terra,大地的驚嚇,zh-TW
SobretudoDeNeve,下雪大衣,zh-TW
Sociabilisation,變得合群,zh-TW
Sociabilização,變得合群,zh-TW
Sociedad Hex,魔方秘社,zh-TW
SociedadeDoChaMandaLembrancas,愛來自飲茶會,zh-TW
Societal Happenings,社會生態,zh-TW
Socorro! O que houve com meu pai?,求助！我爸到底是怎麼了？,zh-TW
Soft Pity,小保底,zh-TW
Sol Escaldante,烈日,zh-TW
Sol abrasador,烈日,zh-TW
Solar Eclipse,日食,zh-TW
Soldado Crinalva,銀鬃近衛,zh-TW
Soldado Crinargenta,銀鬃近衛,zh-TW
Soldat de la crinière d'argent,銀鬃近衛,zh-TW
Soleado,晴,zh-TW
Soleil ardent,烈日,zh-TW
Solo consultas serias,非誠勿擾,zh-TW
Solo en invierno,獨立寒秋,zh-TW
Solo quiero presumir un poco...,我就曬曬不說話,zh-TW
SoloGui,獨愛小桂,zh-TW
SoloYoQuieroaGuigui,桂桂唯一真愛粉,zh-TW
Sombra Erosiva,蝕心影魔,zh-TW
Sombra de la Incineración,火焚災影,zh-TW
Sombra del Siempreinvierno,永冬災影,zh-TW
Sombra del Vigilante,遊俠謎影,zh-TW
Sombra do Vigia,遊俠謎影,zh-TW
SombraNoturna123,等天黑123,zh-TW
Sombranocturna123,等天黑123,zh-TW
Sombrio Estelar,星旅尋影,zh-TW
Some Words for Fans New and Old,寫給新舊粉絲的一些話,zh-TW
Someone secretly built signal towers in Fyxestroll Garden,綏園有人偷偷建了訊號發射塔,zh-TW
Sommerschauer,晴天雨,zh-TW
Somniloquie à temps plein,一夜夢話,zh-TW
Sonambulismo,夢客漫步,zh-TW
Sondages,問卷蒐集,zh-TW
Song Hùng Hiệp Lực,戮力雙雄,zh-TW
Sonhe Eternamente,美夢永恆,zh-TW
SonheGrande,滄海鴿壯志,zh-TW
Sonhótimos e o Cálice Sagrado,美夢與聖杯,zh-TW
Sonnenfinsternis,日食,zh-TW
Sonnig,晴,zh-TW
Sonniger Donner,晴雷,zh-TW
Sonntag,星期日,zh-TW
Sonrisa matadora,英雄一笑，生死難料,zh-TW
Sorpresas de la tierra,大地的驚喜,zh-TW
Souffle de flammes,燒灼,zh-TW
SoulGlad Bùng Nổ,爆漿蘇樂達,zh-TW
SoulGlad Meledak,爆漿蘇樂達,zh-TW
Sound Hunt Ninjutsu Inscription,音律狩獵忍法帖,zh-TW
Sourire caméra,英雄一笑，生死難料,zh-TW
Sous l'arbre,安於樹下,zh-TW
Soutien familial,家人的支持,zh-TW
Space Station Task Force,太空站特派,zh-TW
Spammer Roda Setir,開局狂打方向盤,zh-TW
SpareMeOLady,好姐姐饒了我,zh-TW
Sparkle,花火,zh-TW
Sparkle's Form-Shifting Mask,花火的千變假面,zh-TW
Sparkles wandelbare Maske,花火的千變假面,zh-TW
Sparschwein-Effekt,撲滿效應,zh-TW
Sparschwein-Explosion,撲滿衝擊波,zh-TW
Sparschwein-Patch,撲滿補丁,zh-TW
Sparschwein-Welle,撲滿波動,zh-TW
Sparxicle,火花花,zh-TW
Sparxie,火花,zh-TW
"Sparxie, l'idole N° 1 de Planarcadia",二相樂園第一偶像•火花,zh-TW
Sparxielein,火花花,zh-TW
Sparxinette,火花花,zh-TW
Sparxinha,火花花,zh-TW
Spazieren gehen,蹓躂一下,zh-TW
Sperrfeuer,炮擊,zh-TW
Spesial 1 Juta Subscribe: Kejutan Kali Ini Adalah ....,百萬訂閱特輯，這次的驚喜是……,zh-TW
Spicy Bath Salts,火辣浴鹽,zh-TW
Spin-off,外傳故事,zh-TW
Spiracuity,靈知,zh-TW
Spiral Arrow,螺旋的弓矢,zh-TW
Spiralpfeil,螺旋的弓矢,zh-TW
Spiriscience,靈知,zh-TW
SpiritEnergy200,靈能百分之兩百,zh-TW
Spitzenduell unter dem Blau: Teil 1,明霄競武試鋒芒•上,zh-TW
Spitzenduell unter dem Blau: Teil 2,明霄競武試鋒芒•下,zh-TW
Spitzname,被取外號了,zh-TW
Splitterbiss,碎齧,zh-TW
Spur & Drift,極速追影,zh-TW
Sr.Sim.Sr.,好好先生,zh-TW
Sra. Herta,大黑塔,zh-TW
Sra. Yo-Yo,大悠姐,zh-TW
Stage avec la Légion draka,大地獸旅團的實習工作,zh-TW
Stamina,精力,zh-TW
Staminergy,精力,zh-TW
Star Penacony,匹諾康尼偶像,zh-TW
Star Rail WORLD,星鐵☆WORLD,zh-TW
Star Rail ☆ WORLD,星鐵☆WORLD,zh-TW
Star Rail☆WORLD,星鐵☆WORLD,zh-TW
Star-Picking Tours Official,摘星社官方,zh-TW
StarPickingTours_Official,摘星社官方,zh-TW
Starhunt Game,獵星遊戲,zh-TW
Starker Schnee,大雪,zh-TW
Starkes Mitleid,大保底,zh-TW
Starkissed Synchrony,星軺旅進,zh-TW
Starlit Homecoming,循星歸程,zh-TW
Starskiff Hantu! Arwah yang Tidak Beristirahat Dengan Tenang!,幽靈星槎！永不安息的亡靈！,zh-TW
Starskiff Lover,星槎愛好者,zh-TW
Starskiff ผีสิง! วิญญาณลี้ลับไม่เคยสงบสุข!,幽靈星槎！永不安息的亡靈！,zh-TW
Starskiff ไม่มี Heaven,星槎沒有海,zh-TW
StarskiffHaven't,星槎沒有海,zh-TW
StarskiffTanpaBintang,星槎沒有海,zh-TW
Startaro ฮิฮิ,星芋嘿嘿,zh-TW
StartaroHehe,星芋嘿嘿,zh-TW
StartaroTeeHee,星芋嘿嘿,zh-TW
"Stasiun Luar Angkasa ""Herta""",太空站「黑塔」,zh-TW
Stasiun Televisi Kejutan Mimpi,驚夢電視台,zh-TW
Station spatiale Herta,太空站「黑塔」,zh-TW
Statistik Pekerjaan,工作統計,zh-TW
Statistiques de travail,工作統計,zh-TW
"Stay Back, I'm Scared",別過來，我害怕,zh-TW
SteaaamyHot,汙力力力力,zh-TW
Steckt der Schwarm hinter dem Spukschatten?!,鬼怪背後竟是蟲族餘孽？！,zh-TW
Steering Wheel Spammer,開局狂打方向盤,zh-TW
SteinSpielerin,用牌玩命,zh-TW
StelladonHunder,杏核裂手,zh-TW
StellalmondCracker,杏核裂手,zh-TW
Stellar Companions,千星旅伴,zh-TW
Stellar Flare,星芒戰幕,zh-TW
Stellar Shadowseeker,星旅尋影,zh-TW
Stellar Shimmer,星芒爍變,zh-TW
Stellare Gefährten,千星旅伴,zh-TW
Stellare Kampfkunstzeremonie,星天演武儀典,zh-TW
Stellarer Schattensucher,星旅尋影,zh-TW
Stellarer Schimmer,星芒爍變,zh-TW
Stellares Leuchtsignal,星芒戰幕,zh-TW
Stellenausschreibung,招工啟事,zh-TW
Sterne würfeln in Astropolis,揮擲千星的籌碼,zh-TW
Sternenrang,星階,zh-TW
Sternpicker-Tour Offiziell,摘星社官方,zh-TW
Sternskiff-Fan,星槎愛好者,zh-TW
SternskiffOhneHafen,星槎沒有海,zh-TW
SterntaroHeh,星芋嘿嘿,zh-TW
Stilles Starren,沉默的注視,zh-TW
Stimulation des troupes,鼓舞士氣,zh-TW
Stinktofu-Laden,小張豆腐店,zh-TW
Stinky Tofu Shop,小張豆腐店,zh-TW
Storm,暴雨,zh-TW
StormyBlow,狂風吹,zh-TW
Story Challenge,劇情挑戰,zh-TW
Story Progress,劇情進度,zh-TW
Story-Modus,劇情挑戰,zh-TW
Strahl des Liedes,頌歌光束,zh-TW
Strategie zum Ein-Schlag-K.o.,一招制敵的技巧,zh-TW
Straße der Anfänge,入門之路,zh-TW
Straße der Beherrschung,大師之路,zh-TW
Straße der Elite,菁英之路,zh-TW
Straße der Helden,豪傑之路,zh-TW
Straße des Versprechens,新秀之路,zh-TW
Straßenbahn,電車,zh-TW
Straßenengel,馬路天使,zh-TW
Straßenwürfel-Machtkampf,街骰爭霸,zh-TW
StreamerGravementeDependiente,直播男孩重度依賴,zh-TW
StreamerSuperManja,直播男孩重度依賴,zh-TW
Streamerdựadẫm,直播男孩重度依賴,zh-TW
StreamersSãoMinhaFamília,直播男孩重度依賴,zh-TW
Streamlined Surplus,冗餘整合,zh-TW
Street Angel,馬路天使,zh-TW
Street Dicer,街骰爭霸,zh-TW
Student,學生,zh-TW
Studio Live,演播廳現場,zh-TW
Study in Progress. Please Do Disturb.,學習中，請打擾。,zh-TW
Sturm,暴雨,zh-TW
Sturmangriff,突擊,zh-TW
Ständig komische Ereignisse in Geisterhaus,鬧鬼凶宅怪事不斷,zh-TW
Stèle prophétique,預言算碑,zh-TW
SuMiauteza,喵喵喵喵咪,zh-TW
SuaGateza,喵喵喵喵咪,zh-TW
Suami Idaman Tercepat,最速奶爸,zh-TW
Suara Genderang Perang,星芒戰幕,zh-TW
Subchefe,二當家戰,zh-TW
Subcontracted Assault!,外包企業衝擊！,zh-TW
Substituto Profissional,專業代打,zh-TW
SucoPicanteAzedoDaGuigui,桂桂的鹹辣豆汁,zh-TW
SudahBukanMentimun,被迫改名的胡瓜,zh-TW
Sudden Evasion,臨時避險,zh-TW
Sudden Interjection,臨時插值,zh-TW
Sueños de escalera de color,清龍入夢,zh-TW
Sugarfrost Planet,糖霜星球,zh-TW
Suhu Tinggi,高溫,zh-TW
Suivi des schémas de réponse irréguliers,追蹤異常響應模式,zh-TW
Sunday,星期日,zh-TW
Sunny,晴,zh-TW
Sunshower,晴天雨,zh-TW
Super Satisfatório!,刷爽了,zh-TW
Super Satisfying!,刷爽了,zh-TW
Super ligue de la Ville de Boulder,磐岩鎮超級聯賽,zh-TW
Super satisfaisant !,刷爽了,zh-TW
Superando límites: Supercarrera veloz,超限：狂飆大獎賽,zh-TW
Superesmagamento Congelante,霜凍超重擊,zh-TW
Superfan,頭號粉絲,zh-TW
Superfroststoß,霜凍超重擊,zh-TW
Superimpacto helado,霜凍超重擊,zh-TW
Superliga da Vila do Rochedo,磐岩鎮超級聯賽,zh-TW
Supermarché Coco,小張豆腐店,zh-TW
Suporte da Família,家人的支持,zh-TW
Suporte de Cobertura,掩護支援,zh-TW
"Suppression Tower, Foxsomn Tomb",狐眠塚處鎮妖塔,zh-TW
"Suppression Tower, Locufox Forest",談狐林處鎮妖塔,zh-TW
"Suppression Tower, Pavilion of Cessation",偃息館處鎮妖塔,zh-TW
"Suppression Tower, Swallowsong Pavilion",燕樂亭處鎮妖塔,zh-TW
"Suppression Tower, Verdantia Terrace",青丘台處鎮妖塔,zh-TW
Suppression progressive,損耗壓制,zh-TW
Supreme Leader,獨尊一魁,zh-TW
Supresión defectuosa,損耗壓制,zh-TW
Supressão Defensiva,損耗壓制,zh-TW
Sur la piste des ombres des étoiles,星旅尋影,zh-TW
Sur le fil du rasoir,命懸一線,zh-TW
Sur le fil du rasoir,生死邊緣,zh-TW
Sur les traces des étincelles de la pensée innovante,追蹤創新思維痕跡,zh-TW
Surat dari Wanita Misterius,陌生女子的來信,zh-TW
Surat untuk si Bungsu Kru Express,給列車組老么的一封信,zh-TW
Surcharge de PV,負載生命值,zh-TW
Surface du Pays des rêves,淺層夢境,zh-TW
Surnom,被取外號了,zh-TW
Surplus simplifié,冗餘整合,zh-TW
Surpresa da Terra,大地的驚喜,zh-TW
Surprise Party,驚喜派對,zh-TW
Surprise spéciale million d'abonnés...,百萬訂閱特輯，這次的驚喜是……,zh-TW
Surprises de la terre,大地的驚喜,zh-TW
SurroundedByIdiots,鐵頭來找你了,zh-TW
Survey Collection,問卷蒐集,zh-TW
"Susah Dijelaskan, Cepat Naik!",來不及解釋快上車,zh-TW
Sushie_Officiel,裳裳唯一帳號,zh-TW
Sustituto Profesional,專業代打,zh-TW
SusuKedelaiAsinPedasGuigui,桂桂的鹹辣豆汁,zh-TW
Svarog,史瓦羅,zh-TW
Sweet Dreams and the Holy Grail,美夢與聖杯,zh-TW
Sweet Redsoil,清甜紅土,zh-TW
Sweet Tail Of Mine,溫柔的大尾巴,zh-TW
SweetBoba_4_SweetGui,請桂桂喝冰糖豆汁,zh-TW
Swim_Till_Water_Turns_Blue,游到海水變藍,zh-TW
Swordart Ascension,劍術進境,zh-TW
Swordplay Training,劍習苦修,zh-TW
Swords to Plowshares,鑄劍為犁,zh-TW
Swordsage Saga,劍俠紀事,zh-TW
Synergies entrelacées,羈絆交織,zh-TW
Synergy Duo,戮力雙雄,zh-TW
Syok Habis! Identitas asli si Setan Catur ....,驚！棋鬼怪人的身分竟然是……,zh-TW
Système de bouclier,護盾系統,zh-TW
Sào Huyệt Ma Vương,魔王巢穴,zh-TW
Sábio Ancião,老賢者,zh-TW
Sábio do Manto Branco,白衣居士,zh-TW
Sát Thương Gây Ra,造成傷害,zh-TW
Sát Thương Tuôn Trào,溢傷串流,zh-TW
Sát Thủ Máu Lạnh Thích Uống Trà Nóng,冷血殺手愛喝熱茶,zh-TW
Sécheresse,乾旱,zh-TW
Série dérivée,外傳故事,zh-TW
Série dérivée sur Boss Stone,《石頭老闆外傳》,zh-TW
Série dérivée sur Hanu,《哈努兄弟外傳》,zh-TW
Série dérivée sur Monsieur Soda,《汽水先生外傳》,zh-TW
Série dérivée sur Oiseau en origami,《摺紙小鳥外傳》,zh-TW
Série dérivée sur Turbo-hamster,《倉鼠球騎士外傳》,zh-TW
Série dérivée sur le Vieux Wood,《木頭老爹外傳》,zh-TW
Sétima Vez,第七次,zh-TW
"Símio Dança, Eu Danço",與猩共舞,zh-TW
Sói Bạc,銀狼,zh-TW
Sói Bạc LV.999,銀狼LV.999,zh-TW
Sói Cắn,狼噬,zh-TW
Sóng Xung Kích Heo Đất,撲滿衝擊波,zh-TW
Sóng Xung Kích Lửa Cháy,灼炎衝擊波,zh-TW
SúPeRfAnDeNaifen,奶粉單推人,zh-TW
Súng Chấm Điểm,評分槍,zh-TW
Súng Lửa Thiết Vệ,鐵衛火銃,zh-TW
Súng Đã Lên Nòng,炮火上膛,zh-TW
Süße Feiertagsbräuche,可愛的節日習俗,zh-TW
Süßer Rotlehm,清甜紅土,zh-TW
Süßer Traum und Heiliger Kelch,美夢與聖杯,zh-TW
SœurShun,好姐妹小順,zh-TW
Sơ Hoa Tập Kiếm Lục,初花習劍錄,zh-TW
Sư Phụ Gongshu,公輸師傅,zh-TW
Sư Tử Hống,獅子吼,zh-TW
Sư Tử Oanh Tạc,獅震八方,zh-TW
Sương,霜,zh-TW
Sương Độc,毒霧,zh-TW
Sảng Khoái Quá,刷爽了,zh-TW
Sấm Khan,晴雷,zh-TW
Sắp Xếp Hàng Hóa,堆放貨物,zh-TW
Sẵn Sàng Xuất Phát,整裝待發,zh-TW
"Số đặc biệt 1 triệu lượt đăng ký, bất ngờ lần này là...",百萬訂閱特輯，這次的驚喜是……,zh-TW
"Số đặc biệt kỷ niệm 100 ngàn lượt đăng ký, đã ra mắt!",十萬訂閱紀念特輯出來啦！,zh-TW
Sốc nặng! Tiếng quỷ khóc lóc lúc nửa đêm là của quái thú?,震驚！半夜鬼哭竟是異獸所為？,zh-TW
Sứ Giả Tiến Bước,星軺旅進,zh-TW
Sửa Chữa Mô Đun Làm Việc Nhóm,修正團隊協作模組,zh-TW
Sự Hoảng Sợ Của Mặt Đất,大地的驚嚇,zh-TW
"Sự Phẫn Nộ Của Chuối: Trận Chiến Vô ""Nhẫn"" Nghĩa",蕉惡非道•無忍義之戰,zh-TW
Sự Sụp Đổ Lúc Bình Minh,在黎明升起時墜落,zh-TW
"Sự thật về căn nhà ma ám, đừng nghe đồn bậy bạ nữa",凶宅真相，別再以訛傳訛了,zh-TW
Sự thật đằng sau việc cư dân thưa thớt ở Cảng Lưu Vân!,流雲渡人煙稀少的真相！,zh-TW
Sự Ủng Hộ Của Người Nhà,家人的支持,zh-TW
SựThậtVềNhựa,塑膠大實話,zh-TW
TESTING: Large-Scale Drone Projection System,大型無人機投影裝置測試,zh-TW
THIÊNLINHLINH,靈符靈符靈符,zh-TW
TORTURADA pelo TRAMPO! Veja essa jovem lutar por liberdade!,職場壓力巨大，少女欲遠走天外,zh-TW
"TUDO o que você SEMPRE quis saber sobre ""A Cabana na Névoa""!",霧中小屋！,zh-TW
TUDO que você precisa saber sobre BURNOUT pra você não MORRER de trabalhar!,加班過於頻繁，員工精神錯亂！,zh-TW
TV Labil,思覺失調電視機,zh-TW
TV dos Pesadelos,驚夢電視台,zh-TW
TV-Dankesgeschenk,電視台謝禮,zh-TW
Tabla de la profecía,預言算碑,zh-TW
Tactics Collection,戰術蒐集,zh-TW
Tahap 1,第一階段,zh-TW
Tahap 2,第二階段,zh-TW
Tahap 3,第三階段,zh-TW
Tai Ương Chồng Chất,多災多難,zh-TW
Tail_Baikhati,溫柔的大尾巴,zh-TW
Tail_GedeMUAH,大尾巴噠噠,zh-TW
Taipan Emas,金幣富豪,zh-TW
Tak Disangka! Fakta di Balik Objek Terbang Tak Dikenal,勁爆！不明飛行物背後的真相。,zh-TW
TakKenalMakaTakSayang,裡生外熟,zh-TW
Take Their Lives While They're Sick,趁病要命,zh-TW
"Take This Weakness, You're Welcome",您的弱點，請收下,zh-TW
Take a Bath,泡澡,zh-TW
Take-Skill-To-The-Face,臉接小招,zh-TW
Tales of the Fantastic,評書奇譚,zh-TW
Talismaaan,靈符靈符靈符,zh-TW
TalismanTalisman,靈符靈符靈符,zh-TW
TalismánTalismán,靈符靈符靈符,zh-TW
Talismããããã,靈符靈符靈符,zh-TW
Taman Hiburan Wispae,塵靈遊樂園,zh-TW
Taman Kelimpahan,花藏繁生,zh-TW
Taman Kelimpahan 300%,花藏繁生300%,zh-TW
TanLindoQueVuela,可愛到飛起了,zh-TW
TanTan_FalaFala,檀檀談談談,zh-TW
Tanah Hitam Pahit,苦苦黑土,zh-TW
Tanah Merah Manis,清甜紅土,zh-TW
Tanah Merah Tundukkan Dromas,紅土單殺大地獸,zh-TW
Tangan,手,zh-TW
Tangan Zagreus,扎格列斯之手,zh-TW
Tantan พาเพลิน,檀檀談談談,zh-TW
Tantan88,檀檀談談談,zh-TW
TantanHabla,檀檀談談談,zh-TW
TantanSpricht,檀檀談談談,zh-TW
Tantan_Talktalk,檀檀談談談,zh-TW
Tantangan Alur Cerita,劇情挑戰,zh-TW
Tantangan Bebas,自由挑戰,zh-TW
Tantangan Ekstrem,極限挑戰,zh-TW
Tantangan Reguler,常規挑戰,zh-TW
Tantangan Tahan Tawa,不要笑挑戰,zh-TW
Tanz mit den Affen,與猩共舞,zh-TW
Tareas del Expreso Astral,列車值日,zh-TW
Target Barisan Belakang,後排目標,zh-TW
Tarian Topeng Duet,假面雙人舞,zh-TW
TarianBunga_vs_MenariBunga,飛花又見飛花,zh-TW
TaroEstelarJeje,星芋嘿嘿,zh-TW
Tasa imaginaria,虛數速率,zh-TW
Tasaciones en la ciudad sagrada,聖城鑑寶,zh-TW
Taste of Soil,土味,zh-TW
Tatapan Keheningan,沉默的注視,zh-TW
"Tatkala Purnama, Tiada Batara",滿月是神不在的時間,zh-TW
Taumaturgia de Projeção,投影魔術,zh-TW
TausendJahre,千秋萬代,zh-TW
TausendMeteore,一千顆流星,zh-TW
Taxa Imaginária,虛數速率,zh-TW
Tay,手,zh-TW
Tay Của Zagreus,扎格列斯之手,zh-TW
Tay Guitar,吉他手,zh-TW
Tay Đua Giao Đồ Ăn,外送餐點的賽車手,zh-TW
TayBócHạnhNhân,杏核裂手,zh-TW
Taylor feliz,泰勒太樂了,zh-TW
Taylor überglücklich,泰勒太樂了,zh-TW
Taylor สุดแฮปปี้,泰勒太樂了,zh-TW
Taylor.B.Happy,泰勒太樂了,zh-TW
Taylor.Switch,泰勒太樂了,zh-TW
TaylorTerlaluSenang,泰勒太樂了,zh-TW
Taylorluonvui@@,泰勒太樂了,zh-TW
TeaSocietySendsLove,愛來自飲茶會,zh-TW
Tears in Rain,消逝在雨中,zh-TW
Tecelão Imaginário,虛數織葉者,zh-TW
Technique de la chasse au son,音律狩獵忍法帖,zh-TW
Technique du K.O. immédiat,一招制敵的技巧,zh-TW
Technological Iteration,技術更新,zh-TW
Technologische Weiterentwicklung,技術更新,zh-TW
TeeGesellschaftSendetLiebe,愛來自飲茶會,zh-TW
Teinture,染色,zh-TW
Tejedora Imaginaria,虛數織葉者,zh-TW
Teka-Teki Express di Amphoreus,翁法羅斯的列車難題,zh-TW
"Tekanan Kerja yang Besar, Gadis Kecil Ingin Kabur ke Luar Angkasa",職場壓力巨大，少女欲遠走天外,zh-TW
Teknik Ninja Perburuan Nada,音律狩獵忍法帖,zh-TW
TekoArtisanship,工造司茶壺,zh-TW
TekobesarArtisanship,工造司大茶壺,zh-TW
Televisi Rongsokan,廢棄電視,zh-TW
Televisión lunática,思覺失調電視機,zh-TW
Televisores abandonados,廢棄電視,zh-TW
Televisão Abandonada,廢棄電視,zh-TW
Tem muitas histórias assustadoras no Mausoléu Sonhos Vulpes,狐眠塚那邊有很多恐怖傳說,zh-TW
"Teman-Teman, Little Gui Lagi Butuh Bantuan!",家人們！這次小桂子來求助了！,zh-TW
"Teman-Teman, Tolong Jangan Sembarangan Makan Jamur yang Asalnya Tidak Jelas",家人們，來路不明的蘑菇不要隨便亂吃啊,zh-TW
Temperatura Elevada,高溫,zh-TW
Tempestade,暴雨,zh-TW
Tempestade Congelada,凍結風暴,zh-TW
Tempestade Seca,晴雷,zh-TW
Tempestade Temporal,時空暴,zh-TW
Tempestade de Trovões,雷雨,zh-TW
Temporal Storm,時空暴,zh-TW
Temporäre Interpolation,臨時插值,zh-TW
Température élevée,高溫,zh-TW
Tempête,暴雨,zh-TW
Tempête de glace,凍結風暴,zh-TW
Tempête de l'Essaim,颶風,zh-TW
Tempête temporelle,時空暴,zh-TW
Ten Lords Emolument,十王犒賞,zh-TW
Tenente Crinalva,銀鬃尉官,zh-TW
Tenente Direita,右護法戰,zh-TW
Tenente Direita: Revanche,右護法戰•再開,zh-TW
Tenente Esquerda,左護法戰,zh-TW
Tenente Esquerda (Suporte),左護法輔佐戰,zh-TW
Tengo una habitación enorme,我家房間很大,zh-TW
Teniente Crinargenta,銀鬃尉官,zh-TW
Tentang Para Dromas 1,論大地獸們•其一,zh-TW
Tentang Para Dromas 2,論大地獸們•其二,zh-TW
Tentang Para Dromas 3,論大地獸們•其三,zh-TW
Tentei streamar meu encontro com um FANTASMA e OLHA NO QUE DEU!!,和鬼見面？直播跟鬼通話的結果是……,zh-TW
Terapi Amnesia Ala Bumi,大地式健忘療法,zh-TW
Terapia de Amnésia ao Estilo Terrestre,大地式健忘療法,zh-TW
Terbangun dari Mimpi,夢醒時分,zh-TW
Terbenam di Sungai Kelupaan Milik Kehidupan,沉於生者的忘川,zh-TW
Terceira Vez,第三次,zh-TW
TergantengDiAurumAlley,金人巷第一美男,zh-TW
Terimalah Weakness-mu ini,您的弱點，請收下,zh-TW
Terjemahan Bumi,大地翻譯,zh-TW
Ternyata Swarm yang berada dibalik peristiwa mistis?!,鬼怪背後竟是蟲族餘孽？！,zh-TW
Terobosan Protokol,協議突破,zh-TW
Terra Negra Amarga,苦苦黑土,zh-TW
Terra Vermelha Derrotou o Dromas no 1x1,紅土單殺大地獸,zh-TW
Terra Vermelha Doce,清甜紅土,zh-TW
Terre noire amère,苦苦黑土,zh-TW
TerribleMatriceDivinatrice,無情的卜算機器,zh-TW
Terserah_Gw,為所欲為,zh-TW
TertiupAngin,狂風吹,zh-TW
Terus Bertumbuh,繼續長大,zh-TW
Tesoro del jugador,牌手珍藏,zh-TW
Tesoros maravillosos,奇珍異寶,zh-TW
Tesouros Maravilhosos,奇珍異寶,zh-TW
Test Khả Năng Phân Tích Đa Tầng,多層次解析能力測試,zh-TW
Test de compréhension multicouche,多層次解析能力測試,zh-TW
Test de la limite de caractères pour le nom d'un véhicule de Penacony,來試試匹諾康尼最長接受多少字,zh-TW
Test du système de projection par drone à grande échelle,大型無人機投影裝置測試,zh-TW
Test eines riesigen Drohnen-Projektionssystems,大型無人機投影裝置測試,zh-TW
Teste Infinito: Básico,無限之試煉•基礎,zh-TW
Teste Infinito: Difícil,無限之試煉•困難,zh-TW
Teste da Lâmina Glacial,霜刃一試,zh-TW
Teste de Compreensão Multicamadas,多層次解析能力測試,zh-TW
Teste de drones APAVORA POPULAÇÃO!,大型無人機投影裝置測試,zh-TW
Testen wir das Zeichenlimit,來試試匹諾康尼最長接受多少字,zh-TW
TeteraArtesanal,工造司茶壺,zh-TW
Tetera_ComisiónDeArtesanía,工造司大茶壺,zh-TW
Teufels Küche,地獄廚房,zh-TW
Teufelshöhle,魔王巢穴,zh-TW
Teñir,染色,zh-TW
Thanh Long Nhập Mộng,清龍入夢,zh-TW
That Smile Hits Different,英雄一笑，生死難料,zh-TW
Thay Thế Ma Trận,矩陣更新,zh-TW
The Amphorean Trolley Problem,翁法羅斯的列車難題,zh-TW
The Art of Healing,治療的藝術,zh-TW
The Awooo Firm,嗷嗚嗷嗚事務所,zh-TW
The Blue and Wubbaboo,湛藍星與嗚嗚伯,zh-TW
The Blue dan Wubbaboo,湛藍星與嗚嗚伯,zh-TW
The Cabin in the Mist!,霧中小屋！,zh-TW
The Chrysos Maze Grand Restaurant,黃金迷境大飯店,zh-TW
The Crocodile Enemy,鱷魚公敵,zh-TW
The Dazzling Ninja a.k.a. Rappa,繚亂忍俠•AKA•亂破,zh-TW
The Decisive Moment,決勝時刻,zh-TW
The Devil in Velvet,天鵝絨裡的惡魔,zh-TW
The Door Can't Be Opened From This Side,門不能從這一側打開,zh-TW
The Dragon Returns Home,龍返其鄉,zh-TW
The Echoer,複讀機,zh-TW
The Fall at Dawn's Rise,在黎明升起時墜落,zh-TW
The Flying Daiyuman,飛翔的岱輿人號,zh-TW
The Fool Always Rings Twice,愚者總按兩遍鈴,zh-TW
The Future Is E-sports. Digital Reality Is Here to Stay.,電子競技成未來趨勢，數位博弈成為現實,zh-TW
The Herta,大黑塔,zh-TW
The IPC Is a Dog,狗公司,zh-TW
The Immortal Spoiler,劇透仙人,zh-TW
The Landau Family... and Pela,朗道一家……以及佩拉,zh-TW
The Lethe Below the Living,沉於生者的忘川,zh-TW
The Outward Ruins,表形廢墟,zh-TW
The Real Chess Ghost They Don't Want You to Know,驚！棋鬼怪人的身分竟然是……,zh-TW
The Return of the Croc,邪鱷歸來,zh-TW
"The Smartest, Healthiest, Most Charming Episode",最聰明、健康、迷人的一集,zh-TW
The Tail Works Too,尾巴也可以,zh-TW
The Traditional Fairy Tale...?,傳統童話故事……？,zh-TW
The Unobservable Ghost Ship,不能直接觀測的幽靈艦隊,zh-TW
The Voice Penacony,匹諾康尼偶像,zh-TW
The World's Going to the Dogs,世風日下,zh-TW
The sky keeps crying,天上總是傳來慟哭聲,zh-TW
TheBae-Herta (Singkatan),「大•黑•粉」（簡稱）,zh-TW
TheChastisedOne,天譴之人,zh-TW
TheExpanse729,浩瀚宇宙729,zh-TW
Theo Dõi Dấu Vết Tư Duy Sáng Tạo,追蹤創新思維痕跡,zh-TW
Theo Dõi Mô Thức Phản Ứng Bất Thường,追蹤異常響應模式,zh-TW
There are tons of spooky stories over by Foxsomn Tomb,狐眠塚那邊有很多恐怖傳說,zh-TW
Third Time,第三次,zh-TW
Thirteen Orphans,十三么,zh-TW
This Ghost Story Will Melt Your Heart!,感人！棋鬼償夙願，英靈得往生！,zh-TW
This is Electric Vehicle,這是電動車,zh-TW
This_Is_The_Way,大道至簡,zh-TW
Thiên Sứ Đường Phố,馬路天使,zh-TW
"Thiên Tài Tới, Đang Online Chờ!",等一位天才上線！,zh-TW
ThiênThuVạnĐại,千秋萬代,zh-TW
Thousand-Faced Julian,千面•尤利安,zh-TW
ThousandMeteor,一千顆流星,zh-TW
ThousandYear,千秋萬代,zh-TW
Threshold Disruption,閾值破壞,zh-TW
Through the Petals in the Land of Repose,走過安眠地的花叢,zh-TW
Thu Cánh Nghỉ Ngơi,登棲斂翼,zh-TW
Thu Hồi Các Đời Bàn Tính Ngọc,回收各代玉兆,zh-TW
Thu Hồi Dữ Liệu,資料回收,zh-TW
Thu Thập Chiến Thuật,戰術蒐集,zh-TW
Thu Thập Hải Cẩu,海豹蒐集,zh-TW
Thu Thập Khảo Sát,問卷蒐集,zh-TW
"Thua Lỗ Thành Người Giàu Nhất, Bắt Đầu Từ Việc Không Cần Tiền",虧成首富，從不要錢開始,zh-TW
Thunderstorm,雷雨,zh-TW
Thuyền Sao Không Có Biển,星槎沒有海,zh-TW
Thuyền Sao Ma! Vong linh chưa siêu thoát!,幽靈星槎！永不安息的亡靈！,zh-TW
ThàThiếuMàChất,寧缺毋濫,zh-TW
Thám Hiểm Ác Mộng,初探噩夢,zh-TW
Thánh Thể Thức Khuya,熬夜聖體,zh-TW
Tháp Trấn Yêu - Mộ Hồ Miên,狐眠塚處鎮妖塔,zh-TW
Tháp Trấn Yêu - Rừng Đàm Hồ,談狐林處鎮妖塔,zh-TW
Tháp Trấn Yêu - Yến Lạc Đình,燕樂亭處鎮妖塔,zh-TW
Tháp Trấn Yêu - Đài Thanh Khâu,青丘台處鎮妖塔,zh-TW
Tháp Trấn Yêu - Đình Viện,偃息館處鎮妖塔,zh-TW
Thân Thể Băng Giá,寒冰軀體,zh-TW
Thân Tâm Được Chữa Lành,身心被治癒,zh-TW
Thân thế của diễn viên đóng vai đại nhân Bailu??,扮演白露大人的演員是什麼來歷啊？,zh-TW
Théières artisanales®,工造司茶壺,zh-TW
Thì ra là vậy! Là hiện tượng thể song song xuyên không!,原來如此！是超時空平行體現象！,zh-TW
ThíchHambuger,愛吃小漢堡,zh-TW
ThíchLàmgì_thìLàm,為所欲為,zh-TW
Thích_Yên_Tĩnh,寧靜致遠,zh-TW
Thói Quen Đọc Sách,閱讀習慣,zh-TW
Thùng Ba Hành Động,一輪三動的桶,zh-TW
Thùng Hy Sinh Quên Mình,捨己為人的桶,zh-TW
Thùng Nhỏ Băng Giá,冰封的小桶,zh-TW
Thùng Nhỏ Cùng Sở Thích,同好的小桶,zh-TW
Thùng Nhỏ Nhặt Rác,拾荒的小桶,zh-TW
Thùng Nhỏ Pony - Bản Phụ Ma,小桶寶力•附魔版,zh-TW
Thùng Nhỏ Trách Nhiệm,負責的小桶,zh-TW
Thùng Nhỏ Xanh Đậm,深藍的小桶,zh-TW
Thùng Rác,垃圾桶,zh-TW
Thùng Rác 7 Màu,七色垃圾桶,zh-TW
Thùng Rác Thông Minh,智慧型垃圾桶,zh-TW
Thùng Rác Thải,有害垃圾的桶,zh-TW
Thùng Trao Đổi Ngang Giá,等價交換的桶,zh-TW
Thú Ngữ Đại Địa: Từ Nhập Môn Đến Nhập Thổ,大地獸語，從入門到入土,zh-TW
Thú Ngữ Đại Địa: Từ Nhập Môn Đến Nhập Viện,大地獸語，從入門到入院,zh-TW
Thú Tiểu Địa Thích Tắm,小地獸愛洗澡,zh-TW
Thú Đại Địa,大地獸,zh-TW
Thú Đại Địa A,大地獸甲,zh-TW
Thú Đại Địa B,大地獸乙,zh-TW
Thú Đại Địa Bị Chôn Một Nửa,半埋的大地獸,zh-TW
Thú Đại Địa Chia Bánh,大地獸分餅,zh-TW
Thú Đại Địa Phủ Vàng Kim,面塗黃金的大地獸,zh-TW
Thú Đại Địa Xa Lạ,陌生的大地獸,zh-TW
Thơ Ngụ Ngôn,寓言詩,zh-TW
Thơ Trữ Tình,抒情詩,zh-TW
Thơ Tự Sự,敘事詩,zh-TW
Thơm Thơm,香香,zh-TW
Thư Gửi Đến Đứa Trẻ Của Đội Tàu Astral,給列車組老么的一封信,zh-TW
Thưởng Bản Đồ Bệ Lò Everwinter,永冬爐台地圖獎勵,zh-TW
Thưởng Bản Đồ Công Viên Huyễn Tạo,幻造遊園地圖獎勵,zh-TW
Thưởng Bản Đồ Vân Tiêu Kỳ Trận,雲霄棋陣地圖獎勵,zh-TW
Thưởng Bản Đồ Xứ Mộng Neon,霓虹夢局地圖獎勵,zh-TW
"Thảm án, ai yếu tim vui lòng không mở xem",滅門慘案，膽小者請勿點開,zh-TW
"Thất Thương, Hủy Diệt",七傷，滅頂,zh-TW
Thần Tốc Truy Ảnh,極速追影,zh-TW
Thần tượng số một của Planarcadia - Sparxie,二相樂園第一偶像•火花,zh-TW
Thập Tam Yêu,十三么,zh-TW
Thập Vương Khen Thưởng,十王犒賞,zh-TW
Thật Là Vui,真好玩,zh-TW
Thật bất ngờ! Danh tính của kẻ lập dị Ma Cờ hóa ra lại là...,驚！棋鬼怪人的身分竟然是……,zh-TW
Thắp Đèn Cá Lồng Đèn,燈籠魚上點燈籠,zh-TW
Thẻ Bài Đáy Biển Của Qingque,青雀的海底寶牌,zh-TW
"Thế Là, Chúng Sinh Vui Cười Mãi Không Thôi",如是，眾生歡笑不已,zh-TW
Thể Lực,精力,zh-TW
Thể Lực Dồi Dào,精力充沛,zh-TW
Thị Trường Tương Lai,未來市場,zh-TW
Thịnh Vượng Trong Hoa,花藏繁生,zh-TW
Thịnh Vượng Trong Hoa 300%,花藏繁生300%,zh-TW
Thống Kê Công Việc,工作統計,zh-TW
Thống Kê HP,生命計數,zh-TW
Thổ Dân Phố Kim Nhân,金人巷土著,zh-TW
Thời Khắc Quyết Định,決勝時刻,zh-TW
Thời Khắc Săn Bắn,獵殺時刻,zh-TW
Thời Khắc Tỉnh Giấc,清醒之時,zh-TW
Thời Khắc Tỉnh Mộng,夢醒時分,zh-TW
Thời Thanh Niên,青年期,zh-TW
Thời Thiếu Niên,少年期,zh-TW
Thời Thơ Ấu,幼年期,zh-TW
Thời Tiết Nóng Quá,天氣好熱,zh-TW
"Thời Tiết Đẹp Quá, Nuôi Nó Thôi!",天氣真好，養牠！,zh-TW
Thủ Lĩnh,銀戰領袖,zh-TW
Thủ Lĩnh Độc Tôn,獨尊一魁,zh-TW
Thức Tỉnh Giữa Sóng Nước,於浪花中覺醒,zh-TW
Thử Thách Giới Hạn,極限挑戰,zh-TW
Thử Thách Lưỡi Băng,霜刃一試,zh-TW
Thử Thách Nhịn Cười,不要笑挑戰,zh-TW
Thử Thách Thông Thường,常規挑戰,zh-TW
Thử Thách Vô Hạn - Cơ Bản,無限之試煉•基礎,zh-TW
Thử Thách Vô Hạn - Khó,無限之試煉•困難,zh-TW
Thử Xem Penacony Tối Đa Hỗ Trợ Bao Nhiêu Chữ,來試試匹諾康尼最長接受多少字,zh-TW
Thử nghiệm thiết bị hình chiếu máy bay không người lái quy mô lớn,大型無人機投影裝置測試,zh-TW
Thực - Đấu Thủ Lĩnh,真•頭目戰,zh-TW
Thực Tập Của Lữ Đoàn Thú Đại Địa,大地獸旅團的實習工作,zh-TW
Ti Vi Phế Liệu,廢棄電視,zh-TW
Tia Sáng Ca Tụng,頌歌光束,zh-TW
Tiba-Tiba Dapat Pesan Aneh bin Ajaib,突然收到了靈異資訊,zh-TW
TicketResto,炒雞餓,zh-TW
Tidak Ada Lain Kali,下次不要玩了,zh-TW
"Tidak Capek, Sama Sekali Tidak",不累，根本不累,zh-TW
TidakAda_JatahMU,寶哥不許吃,zh-TW
TidakOverthinking,我沒多想,zh-TW
TidakSukaTidur,不愛睡覺,zh-TW
Tidal Effect,潮汐效應,zh-TW
Tides of War,戰意狂潮,zh-TW
Tie Your Own Shoestrings,獨立生活,zh-TW
Tiefe Traumlandschaft,深層夢境,zh-TW
Tiefenreinigung,全盤殺毒,zh-TW
Tiefes Labyrinth,深層地宮,zh-TW
Tienda de tofu,小張豆腐店,zh-TW
Tienda del Sr. Pies Fríos,寒腿叔叔的小店,zh-TW
Tierra negra amarga,苦苦黑土,zh-TW
Tierra roja dulce,清甜紅土,zh-TW
TileGamer4ever,用牌玩命,zh-TW
Tim Elite Wispae,塵靈勁旅,zh-TW
TimPemburuHantuNo5,捉鬼小隊第五人,zh-TW
Time's Bounty,歲月的饋贈,zh-TW
Tin Nhanh,動態快報,zh-TW
Tin Tức Khách Tìm Mộng,《逐夢客快訊》,zh-TW
Tin nóng hổi! Sự thật đằng sau vật thể bay không xác định.,勁爆！不明飛行物背後的真相。,zh-TW
Tin Đồn Kỳ Lạ,八卦怪談,zh-TW
Tinta,染色,zh-TW
TintaMomo,墨墨,zh-TW
Tinti,墨墨,zh-TW
Tir de barrage,炮擊,zh-TW
Tir de canon,銃擊,zh-TW
Tir de couverture,掩護支援,zh-TW
Tir de suppression,抹消炮攻,zh-TW
Tirador Crinargenta,銀鬃射手,zh-TW
TirandodetuC0LA,拽三樓尾巴,zh-TW
Tirar la basura,垃圾投擲,zh-TW
Tire a Vida Deles enquanto Estão Doentes,趁病要命,zh-TW
Tireless Charge,奔襲,zh-TW
Tireur de la crinière d'argent,銀鬃射手,zh-TW
Tisseuse imaginaire,虛數織葉者,zh-TW
TitisanNaga,重生之我是龍王,zh-TW
Tivi Tâm Thần Phân Liệt,思覺失調電視機,zh-TW
Tiên Cá Ảo Giác,致幻人魚,zh-TW
Tiên Phong Phá Địch,破敵先鋒,zh-TW
Tiên Phong Tấu Hài,搞怪先鋒,zh-TW
TiênNhânBịLộ,劇透仙人,zh-TW
TiênTrongLy,杯中仙,zh-TW
Tiến Trình Nhiệm Vụ,任務程序,zh-TW
Tiến Độ Biểu Diễn,演出進度,zh-TW
Tiến Độ Cốt Truyện,劇情進度,zh-TW
Tiến Độ Thi Đấu,競技進度,zh-TW
Tiến Độ Điểm,分數進度,zh-TW
Tiến Độ Đấu Loại,叩關進度,zh-TW
Tiếng Còi Lúc Trở Về Tĩnh Lặng,鳴笛於歸寂之時,zh-TW
Tiếng Hét Của Người Dũng Sĩ,一聲勇者的吶喊,zh-TW
Tiếng Vọng Bão Tố,風暴迴響,zh-TW
Tiếng Vọng Quá Khứ (Cuối),往昔的回音•終,zh-TW
Tiếng Vọng Quá Khứ (I),往昔的回音•其一,zh-TW
Tiếng Vọng Quá Khứ (II),往昔的回音•其二,zh-TW
Tiếng Vọng Quá Khứ (III),往昔的回音•其三,zh-TW
Tiếng Vọng Quá Khứ (IV),往昔的回音•其四,zh-TW
Tiếng khóc trên bầu trời,天上總是傳來慟哭聲,zh-TW
Tiếp Tục Trưởng Thành,繼續長大,zh-TW
Tiệc Sói,狼餐,zh-TW
Tiệm Quý Ngài Chân Lạnh,寒腿叔叔的小店,zh-TW
Tiệm cầm đồ ở Chợ Ma Phố Kim Nhân...,金人巷的鬼市當鋪……,zh-TW
Tiệm Đậu Phụ,小張豆腐店,zh-TW
To Retire Upon the Perch,登棲斂翼,zh-TW
To Roll the Stars in Astropolis,揮擲千星的籌碼,zh-TW
"To my dearest companions, classmates, and family members!",致我最親愛的夥伴、同學、家人！,zh-TW
To the Youngest Crew Member,給列車組老么的一封信,zh-TW
Toboggan,滑梯,zh-TW
Tobogán,滑梯,zh-TW
Toca_Pro_Pai,你的親生父親,zh-TW
Toca_Pro_Paizão,樓上是我孫子,zh-TW
Tocado,頭飾,zh-TW
Tocado y hundido,七傷，滅頂,zh-TW
Todesstoß,致命一擊,zh-TW
Todo sobre Boothill...,關於波提歐的一切……,zh-TW
TodosLosRíosLlevanAlMar,百川東入海,zh-TW
Toh Sama-Sama Merah,反正都是紅的,zh-TW
Toko Tahu Joko,小張豆腐店,zh-TW
Toko Tuan Kaki Dingin,寒腿叔叔的小店,zh-TW
Toktok_SuaraPalu,手掄大錘呼呼響,zh-TW
Tolong! Apa yang Terjadi dengan Ayahku?,求助！我爸到底是怎麼了？,zh-TW
Tomar um Banho,泡澡,zh-TW
Tome Essa Fraqueza de Presente,您的弱點，請收下,zh-TW
Tong Kecil Beku,冰封的小桶,zh-TW
Tong Kecil Bertanggung Jawab,負責的小桶,zh-TW
Tong Kecil Biru Tua,深藍的小桶,zh-TW
Tong Kecil Pemulung,拾荒的小桶,zh-TW
Tong Kecil Sahabat,同好的小桶,zh-TW
Tong Pony: Edisi Memesona,小桶寶力•附魔版,zh-TW
Tong Sampah,垃圾桶,zh-TW
Tong Sampah Limbah Berbahaya,有害垃圾的桶,zh-TW
Tong Sampah Pertukaran Setara,等價交換的桶,zh-TW
Tong Sampah Rela Berkorban,捨己為人的桶,zh-TW
Tong Sampah Tri-Aksi,一輪三動的桶,zh-TW
TongSampahRGB,七色垃圾桶,zh-TW
Tonne mit 3 Aktionen pro Runde,一輪三動的桶,zh-TW
Top Idol of Planarcadia • Sparxie,二相樂園第一偶像•火花,zh-TW
Top-Idol von Planarcadia: Sparxie,二相樂園第一偶像•火花,zh-TW
Top_Lực_Chiến_Xianzhou,仙舟戰力top榜,zh-TW
Topaz,托帕,zh-TW
Topaz's Support Squad,托帕後援團,zh-TW
Topaz’ Unterstützungstrupp,托帕後援團,zh-TW
Topeng Seribu Wajah Sparkle,花火的千變假面,zh-TW
Torching Flames,燎原之勢,zh-TW
Tormenta congelante,凍結風暴,zh-TW
Tormenta del espacio-tiempo,時空暴,zh-TW
Tormenta eléctrica,雷雨,zh-TW
Torre de Supressão da Floresta Repouso das Raposas,談狐林處鎮妖塔,zh-TW
Torre de Supressão do Mausoléu Sonhos Vulpes,狐眠塚處鎮妖塔,zh-TW
Torre de Supressão do Pavilhão Canção da Andorinha,燕樂亭處鎮妖塔,zh-TW
Torre de Supressão do Pavilhão da Interrupção,偃息館處鎮妖塔,zh-TW
Torre de Supressão do Terraço de Verdantia,青丘台處鎮妖塔,zh-TW
Torre de supresión de la Terraza del Verdor,青丘台處鎮妖塔,zh-TW
Torre de supresión de la Tumba Raposueño,狐眠塚處鎮妖塔,zh-TW
Torre de supresión del Bosque Locusiano,談狐林處鎮妖塔,zh-TW
Torre de supresión del Pabellón de la Golondrina,燕樂亭處鎮妖塔,zh-TW
Torre de supresión del Pabellón del Cese,偃息館處鎮妖塔,zh-TW
Total Preparation,全面備戰,zh-TW
Total Recall,全面回憶,zh-TW
Toujours plus grand,大就是好,zh-TW
Tour d'exorcisme de la Forêt vulpine,談狐林處鎮妖塔,zh-TW
Tour d'exorcisme de la Terrasse verdoyaume,青丘台處鎮妖塔,zh-TW
Tour d'exorcisme du Pavillon du repos,偃息館處鎮妖塔,zh-TW
Tour d'exorcisme du Pavillon hirondhymne,燕樂亭處鎮妖塔,zh-TW
Tour d'exorcisme du Tumulus du renard,狐眠塚處鎮妖塔,zh-TW
Tourments,情緒困擾,zh-TW
Tout le monde est bizarre quand je suis en retard comme d'hab',今天照例上班遲到，發現大家都神神叨叨的,zh-TW
Tout savoir sur Guinaifen,募集中：關於桂乃芬的一切,zh-TW
Tout sur le Fossoyeur...,關於波提歐的一切……,zh-TW
Tout_Ske_Jveux,為所欲為,zh-TW
Toxic Fog,毒霧,zh-TW
Toàn Tâm Với Long Tôn Đại Nhân,對龍尊大人一心一意,zh-TW
Tra Xét Xưởng,工坊萬事通,zh-TW
TrabajoLosFinesDeSemana,上班為了下班,zh-TW
Trabalhador Braçal: Funcionário de Segurança,基層員工•保全,zh-TW
TrabalhoNoFimDeSemana,上班為了下班,zh-TW
Trace 'n' Drift,極速追影,zh-TW
Tracing Sparks of Innovative Thinking,追蹤創新思維痕跡,zh-TW
Tracking Irregular Response Patterns,追蹤異常響應模式,zh-TW
Tradisi Perayaan yang Menggemaskan,可愛的節日習俗,zh-TW
Traductor droma,大地翻譯,zh-TW
Traduções Terrestres,大地翻譯,zh-TW
Trailblaze Continuance,開拓續聞,zh-TW
Trailblaze Mission,開拓任務,zh-TW
Trailblaze Missions,開拓任務,zh-TW
Trailblaze-Fee,開拓妖精,zh-TW
Trailblaze-Fortsetzung,開拓續聞,zh-TW
Trailblaze-Mission,開拓任務,zh-TW
Trailblaze-Missionen,開拓任務,zh-TW
Trailblaze: Die Magie der Freundschaft!,開拓，友誼魔法！,zh-TW
Trailblaze: Friendship Is Magic!,開拓，友誼魔法！,zh-TW
Trailblazemon,開拓妖精,zh-TW
Trailblazer-Wille,拓宇行疆之志,zh-TW
Trailblazing Will,拓宇行疆之志,zh-TW
Training im Traum,夢境訓練,zh-TW
Trajectoires désordonnées,紊亂軌道,zh-TW
TraktirGuiguiMinumEsSusuKedelaiManis,請桂桂喝冰糖豆汁,zh-TW
Tram,電車,zh-TW
Tramway,電車,zh-TW
Tranche de vie,生活點滴,zh-TW
Trang Phục,衣服,zh-TW
TranquilTravels,寧靜致遠,zh-TW
Transdimensional Love: This heartwarming love story will make you swoon,感人肺腑，至情至深——穿越次元愛上你,zh-TW
Transeunte,路過的人,zh-TW
Transeunte_Arrogante,囂張路過,zh-TW
Transeúnte,路過的人,zh-TW
TranseúnteDelBosqueBendito,一般路過的福林,zh-TW
Translation Device,翻譯機器,zh-TW
Transperçombre,切牌大師,zh-TW
Tranvía,電車,zh-TW
Trapaceiro Mascarado,假面怪傑,zh-TW
Traquer_le_venT,追風的狐,zh-TW
"Tras la larga noche, retorno a tierra",於長夜重返大地,zh-TW
Trash Flying Kick,垃圾飛踢,zh-TW
Trash Throw,垃圾投擲,zh-TW
Trashcan,垃圾桶,zh-TW
Traumtageblatt,《逐夢客快訊》,zh-TW
Traumuhr,夢境迷鐘,zh-TW
Traumwandler,夢客漫步,zh-TW
Travel Companions,旅途相伴,zh-TW
Traveler,一位旅人,zh-TW
Traveling.Nosewalker,路過的鼻行獸,zh-TW
Travesía por el cosmos,邀遊天外,zh-TW
TraviesoSinDescanso,小淘氣不冷靜,zh-TW
Trazacaminos del cosmos,銀河開拓,zh-TW
"Trazacaminos, ¡siempre contigo!",放心飛，開拓永相隨！,zh-TW
Treasure Hunt,循跡覓寶,zh-TW
Treasures Lightward: High Difficulty,逐光撿金•高難度挑戰,zh-TW
Trece Ases,十三么,zh-TW
Treffen mit einem Geist? Die überraschende Wahrheit ist ...,和鬼見面？真相竟然是……？,zh-TW
Treffer im Moment der Schwäche,趁病要命,zh-TW
Treinamento com a Trupe de Dromas,大地獸旅團的實習工作,zh-TW
Treinamento do Mundonírico,夢境訓練,zh-TW
Treino de Espada,劍習苦修,zh-TW
Treize orphelins,十三么,zh-TW
Treze Órfãos,十三么,zh-TW
Tri sélé-kick,垃圾飛踢,zh-TW
Tri-Action Trashcan,一輪三動的桶,zh-TW
Tribbie,緹寶,zh-TW
Trigger Warning! Mass murder case. Read at your own risk,滅門慘案，膽小者請勿點開,zh-TW
Trigger Warning: I just saw a ghost in Aurum Alley!,膽小慎入！我在金人巷裡撞見鬼了！,zh-TW
Trihedral Dice,三面骰,zh-TW
Trik Mesin Dadu,骰機取巧,zh-TW
TrinkMehrWasser,阿生多喝水,zh-TW
TristePluie,消逝在雨中,zh-TW
Triturador de Roda de Gelo,冰輪碎碾,zh-TW
Troisième anomalie,第三次,zh-TW
Trong Sống Ngoài Chín,裡生外熟,zh-TW
TrotanaricesViajero,路過的鼻行獸,zh-TW
Trotanarices_andante,行走的鼻行獸,zh-TW
Trotter Blast,撲滿衝擊波,zh-TW
Trotter Effect,撲滿效應,zh-TW
Trotter Patch,撲滿補丁,zh-TW
Trotter Wave,撲滿波動,zh-TW
Trotter ชุดเกราะรุ่น 2,裝甲撲滿二型,zh-TW
Trotter ลึกลับอยู่ที่ไหน,神奇撲滿與它們的產地,zh-TW
TrotterArmorTipe2,裝甲撲滿二型,zh-TW
Trou noir émotionnel,情緒黑洞,zh-TW
Trou noir éternel,永恆黑洞,zh-TW
True • Syndicate Boss,真•頭目戰,zh-TW
Truffie,諦聽,zh-TW
Trung Kiên Trợ Giúp,中堅助力,zh-TW
Trust_In_Light_Become_Light,相信光變成光,zh-TW
Truy Tìm Di Sản,奇庫尋遺,zh-TW
Truy Tìm Kho Báu,循跡覓寶,zh-TW
Try-Not-to-Laugh Challenge,不要笑挑戰,zh-TW
TráiSao@đen@tròn,星芋嘿嘿,zh-TW
"Trán Một Nhát, Tim Một Nhát",一扎皺眉，二扎心,zh-TW
Tránh Rủi Ro Tạm Thời,臨時避險,zh-TW
Trò Chơi Săn Sao,獵星遊戲,zh-TW
Trùng Sinh Làm Vua Giao Hàng Xianzhou,重生之仙舟外送王,zh-TW
TrúcHàNguyệt,竹霞月,zh-TW
TrămSôngChảyVềBiển,百川東入海,zh-TW
Trăng Tròn Là Lúc Thần Vắng Mặt,滿月是神不在的時間,zh-TW
Trưngthu LươngThảo,糧草徵收人,zh-TW
Trước Khi Anh Hùng Gục Ngã,英雄未死之前,zh-TW
Trạm Không Gian Herta,太空站「黑塔」,zh-TW
Trảm Phân Thân Bình Minh,破曉分身斬,zh-TW
Trận Chiến Cuối Cùng,最終戰,zh-TW
Trận Chiến Dưới Bầu Trời Xanh: Phần 1,明霄競武試鋒芒•上,zh-TW
Trận Chiến Dưới Bầu Trời Xanh: Phần 2,明霄競武試鋒芒•下,zh-TW
Trận Khiên,盾陣,zh-TW
Trị Liệu Siêu Tốc,最速奶爸,zh-TW
Trọng Kích Lửa Cháy,灼炎重擊,zh-TW
Trọng Kích Sương Giá,霜凍重擊,zh-TW
Trở Nên Hòa Đồng,變得合群,zh-TW
Trở Về Mặt Đất Từ Đêm Dài,於長夜重返大地,zh-TW
Trợ Chiến,助戰,zh-TW
Trực Nhật Đội Tàu,列車值日,zh-TW
Tu mangeras de tout,不可以挑食。,zh-TW
Tubuh Tahan Begadang,熬夜聖體,zh-TW
Tudo Sobre Boothill,關於波提歐的一切……,zh-TW
TudoDaNoMesmo,百川東入海,zh-TW
TudoNossoNadaDeles,未來大師,zh-TW
Tugas Investigasi,調查委託,zh-TW
TuileEssentielle,用牌玩命,zh-TW
Tuiles des abysses de Qingque,青雀的海底寶牌,zh-TW
"Tujuh Luka, Pembinasaan",七傷，滅頂,zh-TW
Tukang Balok Anti Korup,反貪「磚」家,zh-TW
Tumbuh Bersama?,一同成長？,zh-TW
Tumulus du renard,降妖輯錄•狐眠塚,zh-TW
Tung Xu Cược Ngàn Sao,揮擲千星的籌碼,zh-TW
Turma da Televônica,思覺失調電視機,zh-TW
Turquoise's Reverie,清龍入夢,zh-TW
Tut-tut ! Tut-tut !,嘟嘟～嘟嘟～,zh-TW
Tuut tuut! Tuut tuut!,嘟嘟～嘟嘟～,zh-TW
Tuyết Lớn,大雪,zh-TW
Tuyết Nhỏ,細雪,zh-TW
Tuyết Phủ Đầy Áo,下雪大衣,zh-TW
Tuyết Vừa,中雪,zh-TW
Tuyển Dụng,招工啟事,zh-TW
Tuyển Tập,總集篇,zh-TW
Tuyển Tập Hành Trình,道中雜記,zh-TW
TwinFlower,花開兩朵,zh-TW
Tàn Sát,戮殺,zh-TW
Tàn Thư Tà Dương,餘暉殘卷,zh-TW
Tàn Tích Bên Ngoài,表形廢墟,zh-TW
Tàu Trưởng Đại Diện,代理列車長,zh-TW
Tân Binh,銀戰新人,zh-TW
Tão Divertido,真好玩,zh-TW
Técnica para derrotar al enemigo de un solo golpe,一招制敵的技巧,zh-TW
Télé cinglée,思覺失調電視機,zh-TW
Téléviseur abandonné,廢棄電視,zh-TW
Tétra-dé,三面骰,zh-TW
Tê Giác Kể Chuyện Ma,犀牛講怪談,zh-TW
Tên Không Quan Trọng,名字不重要,zh-TW
TênThậtOnline,實名上網,zh-TW
Tìm Kiếm Herta,尋找黑塔,zh-TW
Tìm Ảnh Hành Trình Sao,星旅尋影,zh-TW
"Tình Yêu Của Tôi, Nhịp Đập Của Tôi",我的摯愛，我的血肉,zh-TW
Tình Yêu Duy Nhất_Gui Bé Nhỏ,唯愛、小桂子,zh-TW
Tình Yêu Vĩnh Cửu_Guinaifen,摯愛、桂乃芬,zh-TW
"Tình đậm sâu, mưa lất phất. Xuyên qua Vị Diện để yêu nhau",感人肺腑，至情至深——穿越次元愛上你,zh-TW
Tìnhyêuđếntừhộitrà,愛來自飲茶會,zh-TW
Tích lũy nhận #1 điểm thí luyện,累積獲得#1試煉點數,zh-TW
Tính Toán Lại Trật Tự,秩序歸演,zh-TW
Tít! Top Check-In Thiên Đường,滴！樂園打卡必玩榜,zh-TW
Tôi Không Nghĩ Ngợi Lung Tung,我沒多想,zh-TW
Tôi Muốn Sờ Đuôi Diting,我想摸諦聽尾巴,zh-TW
Tôi Sẽ Hủy Diệt Thế Giới!,我要毀滅世界！,zh-TW
Tôi Sẽ Phun Lửa,我要噴火,zh-TW
Tôi Thích Nội Tạng Bò,我愛牛雜,zh-TW
Tôi chỉ để đây khoe một tí,我就曬曬不說話,zh-TW
TôiTrùngSinhLàLongVương,重生之我是龍王,zh-TW
Tôiđếntừvựcsâu,我來自深淵,zh-TW
Tú sigue consintiéndolo,你也太寵牠了吧,zh-TW
Túi Phúc Diễn Viên Hài,喜劇人們的自選福袋,zh-TW
Tăng Tốc Phản Vật Chất,反物質加速,zh-TW
"Tăng ca quá nhiều, tinh thần bấn loạn!",加班過於頻繁，員工精神錯亂！,zh-TW
Tư Tế,祭司,zh-TW
Tường Lửa,防火牆,zh-TW
"Tạm Biệt, Penacony!",再見，匹諾康尼,zh-TW
Tạo Vật Ruan Mei,阮•梅造物,zh-TW
Tạp Chí Khai Phá,拓宇行疆之志,zh-TW
Tải Cao-Tốc Độ Thấp,低速高載,zh-TW
Tấm Bia Tiên Tri,預言算碑,zh-TW
Tấn Công,攻擊,zh-TW
Tất Cả Về Boothill...,關於波提歐的一切……,zh-TW
Tận Cùng Tiên Cốt,仙骸有終,zh-TW
Tận Tình Hủy Hoại,毀人不倦,zh-TW
Tập Kích,突擊,zh-TW
Tập Kích Bất Ngờ,奔襲,zh-TW
Tập Kích Điểm Yếu,弱點突襲,zh-TW
"Tập Thông Minh, Khỏe Mạnh, Hấp Dẫn Nhất",最聰明、健康、迷人的一集,zh-TW
Tắm,泡澡,zh-TW
Tắm Suối Băng Lân Uyên,鱗淵冰泉洗澡,zh-TW
Tị Hành Thú Hành Tẩu,行走的鼻行獸,zh-TW
Tị Hình Thú Hành Tẩu,行走的鼻形獸,zh-TW
TịHànhThúQuaĐường,路過的鼻行獸,zh-TW
Tọađàmphongthủyđộngtiên,洞天風水講座,zh-TW
Tốc Độ Số Ảo,虛數速率,zh-TW
Tốc Độ Và Mã Code,程式碼關頭,zh-TW
Tối Ưu Hiệu Quả,降耗增效,zh-TW
Tối Ưu Hóa Kết Nối Ký Ức,記憶銜接改良,zh-TW
Tổ Chức Ngoài Pháp Luật,法外事務所,zh-TW
Tổng Hợp Thặng Dư,冗餘整合,zh-TW
Tứ Đại Tài Tử Biển Thuyền Sao,星槎海四大才子,zh-TW
Tự Giới Thiệu,自我介紹,zh-TW
Tự Hoàn Thiện,自我完善,zh-TW
Tự Tái Tạo,自我重構,zh-TW
Tự Động Sửa,自動修復,zh-TW
TựĐộngTrảLời-Robot,自動回覆好期待機器人,zh-TW
Ugly Flower,醜陋花朵,zh-TW
Ugodescryptes,尾巴小跟班,zh-TW
Uivo de Reagrupamento,嘯聚,zh-TW
Uji Coba Sistem Proyeksi Drone Dalam Skala Besar,大型無人機投影裝置測試,zh-TW
Ujian Tak Terbatas: Dasar,無限之試煉•基礎,zh-TW
Ujian Tak Terbatas: Sulit,無限之試煉•困難,zh-TW
Ujung Hidup dan Mati,生死邊緣,zh-TW
Ukur Tinggi Badan,量身高,zh-TW
Ultimate Game,巔峰對弈,zh-TW
UltimateSwordmaster123,無敵劍士123,zh-TW
UltimativerSchwertmeister123,無敵劍士123,zh-TW
Ultrapassando de Verdade,物理超車,zh-TW
Um Armistício Fatal,一場赴死的和談,zh-TW
Um Brado de Herói,一聲勇者的吶喊,zh-TW
Um Cavaleiro Estranho,異邦騎士,zh-TW
Um Conto Assombrado Vulpe,狐齋志異,zh-TW
Um Destino Inescapável,一重難逃的命運,zh-TW
Um Haaresbreite,命懸一線,zh-TW
Um Mar de Latas de Lixo,人山人海的桶,zh-TW
Um Segundo de Coma,深度昏迷，但一秒,zh-TW
Um comunicado aos fãs velhos e novos,寫給新舊粉絲的一些話,zh-TW
Um encontro com um fantasma? A VERDADE finalmente REVELADA!,和鬼見面？真相竟然是……？,zh-TW
"Um Único Temporal, e Lá se Vai Meu Sonho de Terra",一場大雨毀了我的吃土夢,zh-TW
Uma Anedota Inaudita,一則鮮見的軼事,zh-TW
Uma Carta para Você,給你的一封信,zh-TW
Uma Grande Família Cósmica,宇宙一家親,zh-TW
Uma Mudança Inesperada,一次意外的交流,zh-TW
Uma Nova Aventura no Oitavo Amanhecer,在第八日啟程,zh-TW
Uma Oferta Fúnebre e Um Longo Caminho pela Frente,安靈布奠，天清路遠,zh-TW
Uma Virada da Sorte,翻翻好符運,zh-TW
Umgeben_von_Holzköpfen,鐵頭來找你了,zh-TW
Un aguacero y adiós a la tierra,一場大雨毀了我的吃土夢,zh-TW
Un baño,泡澡,zh-TW
Un caballero de otras tierras,異邦騎士,zh-TW
Un chevalier inconnu,異邦騎士,zh-TW
Un coma de un segundo,深度昏迷，但一秒,zh-TW
Un cou pas assez long,脖子不夠長,zh-TW
Un coup marketing pour une nouvelle immersion d'horreur ?,恐怖幻戲新的宣傳手段？,zh-TW
Un destin inéluctable,一重難逃的命運,zh-TW
Un excellent début,好聽就是好頭,zh-TW
Un largo día se convierte en noche,長日入夜行,zh-TW
Un marché aux esprits à l'allée des Aurums,金人巷的鬼市當鋪……,zh-TW
Un pari de mille étoiles,揮擲千星的籌碼,zh-TW
Un échange inattendu,一次意外的交流,zh-TW
Una cabaña entre las tinieblas,霧中小屋！,zh-TW
Una carta para ti,給你的一封信,zh-TW
Una gran familia universal,宇宙一家親,zh-TW
Una investigación afilada,霜刃一試,zh-TW
Una ofrenda fúnebre y un largo camino por delante,安靈布奠，天清路遠,zh-TW
Unbekanntes Droma,陌生的大地獸,zh-TW
Unbezwingbarer Feuerdrache,無敵大火龍,zh-TW
Undangan Luar Angkasa,邀遊天外,zh-TW
Under the Tree,安於樹下,zh-TW
Underboss,二當家戰,zh-TW
Underground Treasure Hunt,地城探寶,zh-TW
Undine's Fluttering Hem,海的裙襬飄蕩,zh-TW
Undines wehender Saum,海的裙襬飄蕩,zh-TW
Une anecdote inédite,一則鮮見的軼事,zh-TW
"Une averse, et voilà mon rêve de terre parti en fumée",一場大雨毀了我的吃土夢,zh-TW
"Une fois, pas deux",下次不要玩了,zh-TW
Une grande famille cosmique,宇宙一家親,zh-TW
"Une lettre pour toi,",給你的一封信,zh-TW
"Une porte s'ouvre, un trône s'effondre",門扉之啟，王座之終,zh-TW
Une stèle prophé-quoi...? Croquons dedans !,石碑？這是什麼？吃一下。,zh-TW
Une très grande chambre,我家房間很大,zh-TW
Unending Finality,無盡終結,zh-TW
Unermüdlicher Ansturm,奔襲,zh-TW
Unerträgliche Einsamkeit des Flusses der Seelen,冥河的孤獨難耐,zh-TW
Unfamiliar Dromas,陌生的大地獸,zh-TW
Unglaublich! Die Wahrheit hinter unidentifizierten Flugobjekten.,勁爆！不明飛行物背後的真相。,zh-TW
Unheilvolle Not,多災多難,zh-TW
"Unheimlich faszinierend: Ein Wesen aus dem All, das zur Spaltung fähig ist!",越想越可怕！會分裂的星際怪物！,zh-TW
Unicycler,獨輪車,zh-TW
Univers parallèle : Chroniques de l'Arcadia,差分宇宙•樂園漫記,zh-TW
Univers parallèle : Héros aux mille visages,差分宇宙•千面英雄,zh-TW
Univers parallèle : La Comédie humaine,差分宇宙•人間喜劇,zh-TW
Univers simulé,模擬宇宙,zh-TW
UniversalHypokrit,宇宙大矯情,zh-TW
Universo Diferenciado: Comedia humana,差分宇宙•人間喜劇,zh-TW
Universo Diferenciado: Héroes de mil caras,差分宇宙•千面英雄,zh-TW
Universo Diferenciado: Memorias de la arcadia,差分宇宙•樂園漫記,zh-TW
Universo Divergente: A Comédia Humana,差分宇宙•人間喜劇,zh-TW
Universo Divergente: Crônicas de Arcádia,差分宇宙•樂園漫記,zh-TW
Universo Divergente: Herói de Mil Faces,差分宇宙•千面英雄,zh-TW
Universo Simulado,模擬宇宙,zh-TW
Universo Simulado: Domínio Incógnito,模擬宇宙：不可知域,zh-TW
Universo Simulado: La Plaga,模擬宇宙：寰宇蝗災,zh-TW
Universo Simulado: Mundo 9,模擬宇宙•第九世界,zh-TW
Universo Simulado: O Desastre do Enxame,模擬宇宙：寰宇蝗災,zh-TW
Universo Simulado: Oro y maquinaria,模擬宇宙：黃金與機械,zh-TW
Universo Simulado: Ouro e Engrenagens,模擬宇宙：黃金與機械,zh-TW
Universo Simulado: Región desconocida,模擬宇宙：不可知域,zh-TW
Universum-Simulation,模擬宇宙,zh-TW
Universum-Simulation: Gold und Getriebe,模擬宇宙：黃金與機械,zh-TW
Universum-Simulation: Schwarmkatastrophe,模擬宇宙：寰宇蝗災,zh-TW
Universum-Simulation: Unwissbare Domäne,模擬宇宙：不可知域,zh-TW
Universum-Simulation: Welt 9,模擬宇宙•第九世界,zh-TW
Unlimited Blade Works,無限劍製,zh-TW
Unraveled for Daybreak,獻給破曉的失控,zh-TW
Unshackled_Prime_Disciple,放生幫頭號大弟子,zh-TW
UnsterblichInEinerTasse,杯中仙,zh-TW
Unsterblicher Kompass,羅盤不滅,zh-TW
Unter dem Baum,安於樹下,zh-TW
Unterauftrag-Angriff!,外包企業衝擊！,zh-TW
Unterboss,二當家戰,zh-TW
Unterdrückungsturm am Foxsomn-Grab,狐眠塚處鎮妖塔,zh-TW
Unterdrückungsturm am Pavillon des Stillstands,偃息館處鎮妖塔,zh-TW
Unterdrückungsturm am Schwalbenlied-Pavillon,燕樂亭處鎮妖塔,zh-TW
Unterdrückungsturm an der Verdantia-Terrasse,青丘台處鎮妖塔,zh-TW
Unterdrückungsturm im Locufox-Wald,談狐林處鎮妖塔,zh-TW
Untergebener des linken Wächters,左護法輔佐戰,zh-TW
Untergrund-Schatzsuche,地城探寶,zh-TW
Unterhaltungskanal,娛樂台,zh-TW
Unterstützen,助戰,zh-TW
Untersuchung des Paranormalen,探靈行動,zh-TW
Untuk para penggemar baru dan penggemar setiaku,寫給新舊粉絲的一些話,zh-TW
"Untuk rekan, teman sekelas, dan famili tersayangku!",致我最親愛的夥伴、同學、家人！,zh-TW
Untuk si Kecil,給某個小傢伙,zh-TW
"Upacara untuk Menghibur Jiwa, Perjalanan Masih Jauh dan Panjang",安靈布奠，天清路遠,zh-TW
Update des Sicherheitsprotokolls gegen Eindringlinge,防入侵安全協議升級,zh-TW
User_23333,用戶二三三三三,zh-TW
User_3333,用戶參參參參,zh-TW
User_5318008,用戶二三三三三,zh-TW
User_80085,用戶參參參參,zh-TW
Usuario2333,用戶二三三三三,zh-TW
Usuario333333,用戶參參參參,zh-TW
Usuário_5318008,用戶二三三三三,zh-TW
Usuário_80085,用戶參參參參,zh-TW
Utilisateur_5318008,用戶二三三三三,zh-TW
Utilisateur_80085,用戶參參參參,zh-TW
V612 행성,V612星球,zh-TW
V612星,V612星球,zh-TW
Va Chạm,衝撞,zh-TW
Vado de las Nubes,流雲渡,zh-TW
Vaga-lume,流螢,zh-TW
Vagabond,流浪者,zh-TW
Vagabund,流浪者,zh-TW
Vagabundo,流浪者,zh-TW
Vagrant,流浪者,zh-TW
"Vai, Mima Ele Mesmo",你也太寵牠了吧,zh-TW
Vamos Testar o Limite de Caracteres de Penacony,來試試匹諾康尼最長接受多少字,zh-TW
Vanguard Breaker,破敵先鋒,zh-TW
Vanguarda de Choque,破敵先鋒,zh-TW
Vanguardia rompedora,破敵先鋒,zh-TW
Varredura,淨化清理,zh-TW
Varredura Profunda,全盤殺毒,zh-TW
Vau-Nuvem,流雲渡,zh-TW
"Vaya, ¿tú también navegas por internet?",哇咧，你們也上網？,zh-TW
Vazio Emocional,情緒黑洞,zh-TW
Vecindad en armonía,鄰里和睦,zh-TW
Veille du départ,啟程前夕,zh-TW
"Velhas Bebidas, Novas Amizades",舊瓶新友,zh-TW
Velozes e Codificados,程式碼關頭,zh-TW
Ven conmigo en este viaje,重返群星之旅,zh-TW
Venha Comigo Nesta Viagem,重返群星之旅,zh-TW
Venocloud,毒雲,zh-TW
Venomous Feast,烈毒盛宴,zh-TW
VentiVenteux,風隨心,zh-TW
VentiVentoso,風隨心,zh-TW
Ventisca,暴雪,zh-TW
Verantwortungsbewusste Minitonne,負責的小桶,zh-TW
VerblassterGlanz,繁華落盡寂寞人,zh-TW
Verbleibend:,剩餘：,zh-TW
Verborgene Morgenröte,晨昏卷隱,zh-TW
Verbrennen,燒灼,zh-TW
VerdadPlástica,塑膠大實話,zh-TW
Verdade • Chefe do Sindicato,真•頭目戰,zh-TW
VerdadePlastica,塑膠大實話,zh-TW
Verderbender Schattengeist,蝕心影魔,zh-TW
Verflochtene Bindung,羈絆交織,zh-TW
Verfolgung ungewöhnlicher Antwortmuster,追蹤異常響應模式,zh-TW
Vergütung der Zehn Fürsten,十王犒賞,zh-TW
Verlässliche Unterstützung,可靠助力,zh-TW
Vermeidung eines intrakognitiven Zusammenbruchs,防止自我認知崩潰,zh-TW
Vermelho é Vermelho de Qualquer Jeito,反正都是紅的,zh-TW
Vernichtungs-Bombardement,抹消炮攻,zh-TW
Verrouillage des calculs,算力鎖定,zh-TW
Vers ce demain d'autrefois,成為昨日的明天,zh-TW
Verschlafene Wache,遲到的衛兵,zh-TW
VerschonMichLady,好姐姐饒了我,zh-TW
Version Mission,版本任務,zh-TW
Versionsmission,版本任務,zh-TW
Versteckt in der Öffentlichkeit,大隱隱於市,zh-TW
Versunken in der Lethe der Lebenden,沉於生者的忘川,zh-TW
Verteidigungslinie,盾陣,zh-TW
Vertraue_in_Licht_werde_Licht,相信光變成光,zh-TW
Verursachter Schaden,造成傷害,zh-TW
Vestido ondulante del mar,海的裙襬飄蕩,zh-TW
Vestiges du crépuscule,餘暉殘卷,zh-TW
Veteran Perak,銀戰熟手,zh-TW
Veteran Viewer,資深觀眾,zh-TW
Veterano de Combate Plateado,銀戰熟手,zh-TW
ViagensTranquilas,寧靜致遠,zh-TW
Viajante,一位旅人,zh-TW
Viaje desértico,荒漠之旅,zh-TW
ViajedeTranquis,寧靜致遠,zh-TW
Viajera,一位旅人,zh-TW
Viajero,一位旅人,zh-TW
Viajes Buscaestrellas Oficial,摘星社官方,zh-TW
Victoire éclatante,旗開得勝,zh-TW
Vida Por um Fio,命懸一線,zh-TW
Vida independiente,獨立生活,zh-TW
"Video Guinaifen ada Unsur Orisinalitas, Gak?",桂乃芬的影片有任何原創性嗎？,zh-TW
Video Ngắn Thư Giãn,解壓小影片,zh-TW
Video của Guinaifen có chút sáng tạo nào không?,桂乃芬的影片有任何原創性嗎？,zh-TW
Videos para relajarse,解壓小影片,zh-TW
Vidyadhara ออนไลน์,持明上網,zh-TW
VidyadharaEnLínea,持明上網,zh-TW
VidyadharaOnline,持明上網,zh-TW
Vidyadhara_Loyalist,對龍尊大人一心一意,zh-TW
VieTranquille,寧靜致遠,zh-TW
Vier-Sterne-Restaurant,四星級餐廳,zh-TW
Vieux monsieur,老爺爺,zh-TW
Vieux sage,老賢者,zh-TW
VigaristaDo_Bronze2,鑑爻軒二狗,zh-TW
Vignettes in a Cup,杯中逸事,zh-TW
Vilain petit canard de la légion,旅團黑馬,zh-TW
Vim Ensinar,誨人不倦,zh-TW
VineAEnseñarles,誨人不倦,zh-TW
Vinhetas em um Copo,杯中逸事,zh-TW
Virevolte,搖搖晃搖,zh-TW
Virtual Scentventure,虛境味探,zh-TW
Vistas_DoSinoNoturno,晚鐘的嘆息,zh-TW
Vitória Ressoante,旗開得勝,zh-TW
VivementLeWeekend,上班為了下班,zh-TW
ViênThanhLưu,圓清流,zh-TW
Voadora do Lixo,垃圾飛踢,zh-TW
VoandoàMeiaNoite,飛霄羅浮分霄,zh-TW
Vocês realmente ficam babando nessa Guinaifen?,桂乃芬的影片有任何原創性嗎？,zh-TW
Voici mon plan,分享一下小目標,zh-TW
Void Cannon,虛灼炮攻,zh-TW
Voidranger: Eliminator,虛卒•抹消者,zh-TW
Voidranger: Reaver,虛卒•掠奪者,zh-TW
Voidranger: Trampler,虛卒•踐踏者,zh-TW
Voie de l'élite,菁英之路,zh-TW
Voie de la maîtrise,大師之路,zh-TW
Voie de la promesse,新秀之路,zh-TW
Voie des héros,豪傑之路,zh-TW
Voie du commencement,入門之路,zh-TW
Voie vers l'élévation,晉升之路,zh-TW
VoirGrand,滄海鴿壯志,zh-TW
VolandoAMedianoche,飛霄羅浮分霄,zh-TW
Volcanic Planet,火山星球,zh-TW
Volle Hütte,廟趣滿堂,zh-TW
Voller Energie,精力充沛,zh-TW
Vollgepackte Tonne,人山人海的桶,zh-TW
Volonté des Pionniers,拓宇行疆之志,zh-TW
Voluntad trazacaminos,拓宇行疆之志,zh-TW
VomWindeVerweht,狂風吹,zh-TW
Vor dem Tod eines Helden,英雄未死之前,zh-TW
Voranmeldungsliste,預約清單,zh-TW
VorbeiAnGesegnetenWäldern,一般路過的福林,zh-TW
Vorbereitung auf die Formattierung,格式化準備,zh-TW
Vorfreude auf erneutes Erwachsenwerden,期待又一次長大,zh-TW
Vorhut des Unfugs,搞怪先鋒,zh-TW
Vorsicht vor riskanten Verträgen!,提防危險契約！,zh-TW
Vorsicht! In der Aurum-Allee treibt sich ein Geist herum!,膽小慎入！我在金人巷裡撞見鬼了！,zh-TW
Vortex Leap,渦漩躍襲,zh-TW
Vortex-Sprung,渦漩躍襲,zh-TW
VotoDelNimbocaballero_aLaOrilla,考上雲騎還願,zh-TW
VotreChagesté,喵喵喵喵咪,zh-TW
Vou Cuspir Fogo,我要噴火,zh-TW
Vous n'allez pas le croire ! Quand la fiction devient réalité !,震驚！話本裡的故事竟然發生在我身邊！,zh-TW
Vous n'auriez pas vu une personne bizarre qui veut jouer aux échecs ?,有沒有人在長樂天遇到一個說要比棋的怪人？,zh-TW
Vous reprendrez bien un peu de Faiblesse,您的弱點，請收下,zh-TW
Voy a escupir fuego,我要噴火,zh-TW
Voyage dans le désert,荒漠之旅,zh-TW
Voyages du signal cosmique,銀河訊號漫遊,zh-TW
Voyageur,一位旅人,zh-TW
Voyageuse,一位旅人,zh-TW
Vroum Vroum,按喇叭加速,zh-TW
Vua Vòng Chính Thức,正賽之王,zh-TW
Vuelve la época en la que todo revive,又是萬物復甦的季節,zh-TW
Vulkanplanet,火山星球,zh-TW
Vulnérabilité au gel,凍結漏洞,zh-TW
Vulnérabilité à Faille du vent,風化漏洞,zh-TW
Vài Lời Viết Cho Người Hâm Mộ Mới Và Cũ,寫給新舊粉絲的一些話,zh-TW
Vào Game Quay Lái Bung Nóc,開局狂打方向盤,zh-TW
Vá Pescar,去釣魚,zh-TW
Vân Kỵ Quân Bão Từ,磁暴雲騎軍,zh-TW
VânKỵxuấtchinh_KhôngcònNgọncỏ,雲騎出征寸草不生,zh-TW
VânThượngNgũKiều,雲上五嬌,zh-TW
VéritéPlastique,塑膠大實話,zh-TW
Véspera da Partida,啟程前夕,zh-TW
Vétéran du combat d'argent,銀戰熟手,zh-TW
Vêtements,衣服,zh-TW
Vì Hòa Bình,為了和平,zh-TW
Vì Mặt Trời Sắp Bị Phá Hủy,因為太陽將要毀傷,zh-TW
Vì Tôi Đã Từng Chạm Vào Bầu Trời,因為我已觸碰過天空,zh-TW
Ví Như Sương Mai,譬如朝露,zh-TW
Vía de los dados dobles,骰＋骰是道,zh-TW
Vía en 2D,做二次元,zh-TW
Vías desordenadas,紊亂軌道,zh-TW
Vídeos Curtos Relaxantes,解壓小影片,zh-TW
Vínculos Entrelaçados,羈絆交織,zh-TW
Vínculos entrelazados,羈絆交織,zh-TW
Vòng Loại 1,海選賽第一輪,zh-TW
Vòng Loại 2,海選賽第二輪,zh-TW
Vòng Loại 3,海選賽第三輪,zh-TW
Vô Hạn Kiếm Chế,無限劍製,zh-TW
Văn Phòng Gào,嗷嗚嗷嗚事務所,zh-TW
Vũ Khúc Bình Minh,破曉輪舞,zh-TW
Vũ Trụ Mô Phỏng,模擬宇宙,zh-TW
Vũ Trụ Mô Phỏng - Thế Giới 9,模擬宇宙•第九世界,zh-TW
Vũ Trụ Mô Phỏng: Thảm Họa Đàn Côn Trùng,模擬宇宙：寰宇蝗災,zh-TW
Vũ Trụ Mô Phỏng: Vàng Và Máy Móc,模擬宇宙：黃金與機械,zh-TW
Vũ Trụ Mô Phỏng: Vùng Không Biết,模擬宇宙：不可知域,zh-TW
Vũ Trụ Sai Phân - Hài Kịch Nhân Gian,差分宇宙•人間喜劇,zh-TW
Vũ Trụ Sai Phân: Anh Hùng Nghìn Mặt,差分宇宙•千面英雄,zh-TW
Vũ Trụ Sai Phân: Ghi Chép Thiên Đường Vui Vẻ,差分宇宙•樂園漫記,zh-TW
Vũ Điệu Mặt Nạ Đôi,假面雙人舞,zh-TW
Vương Miện Của Phàm Nhân Và Thần Thánh,庸與神的冠冕,zh-TW
Vương Quốc Di Vật,異器盈界,zh-TW
Vương Quốc Di Vật 300%,異器盈界300%,zh-TW
Vạn Tượng Tối Thượng,大衍萬象,zh-TW
Vạt Váy Của Biển Lay Động,海的裙襬飄蕩,zh-TW
Vấn Đề Cảm Xúc,情緒困擾,zh-TW
Vấn Đề Triết Học,哲學問題,zh-TW
Vận Hành Liên Tục,持續營運,zh-TW
Vận Mệnh Khó Tránh,一重難逃的命運,zh-TW
Vận Mệnh Truy Đuổi,命運逐鋒,zh-TW
Vận Đổi Sao Dời,世風日下,zh-TW
Vết Thương Đẹp,美麗傷口,zh-TW
Về Thú Đại Địa (I),論大地獸們•其一,zh-TW
Về Thú Đại Địa (II),論大地獸們•其二,zh-TW
Về Thú Đại Địa (III),論大地獸們•其三,zh-TW
Vệ Binh Đến Muộn,遲到的衛兵,zh-TW
Vị Của Đất,土味,zh-TW
Vị Diện Nứt Vỡ,次元分裂,zh-TW
Vị Diện Nứt Vỡ 300%,次元分裂300%,zh-TW
Vị Diện Vô Tận,無盡次元,zh-TW
Wache,守衛,zh-TW
Wache Momente,清醒之時,zh-TW
Wachstumsschmerzen,成長的煩惱,zh-TW
"Wah, Suka Browsing Internet Juga?",哇咧，你們也上網？,zh-TW
Wahn-TV,思覺失調電視機,zh-TW
Wahnsinn! Der Geisterjägertrupp besiegt eine unsichtbare Ausgeburt!,超燃！捉鬼小隊力克無形孽物！,zh-TW
"Wahrheit über das Geisterhaus, verbreitet keine Fehlinformationen mehr",凶宅真相，別再以訛傳訛了,zh-TW
Wakil Kondektur,代理列車長,zh-TW
Waking Hours,清醒之時,zh-TW
Waktu Berburu,獵殺時刻,zh-TW
WaktuDemiWaktu,歲月靜好,zh-TW
Walking.Noseshaper,行走的鼻形獸,zh-TW
Walking.Nosewalker,行走的鼻行獸,zh-TW
WalstromwasserDuscher,鱗淵冰泉洗澡,zh-TW
WandelnderNasenwanderer,行走的鼻形獸,zh-TW
WandelnderNasenwandler,行走的鼻行獸,zh-TW
Wandernder Nasenwandler,路過的鼻行獸,zh-TW
WangyWangy,香香,zh-TW
War Trample,戰爭的踐踏,zh-TW
Wardance Schedule,演武賽程,zh-TW
Warna,染色,zh-TW
Wartungstechniker,維修工程師,zh-TW
Warum Wolkenfurt wirklich so verlassen ist!,流雲渡人煙稀少的真相！,zh-TW
"Was hat es mit dem Schauspieler, der die Ehrenwerte Bailu spielt, auf sich?",扮演白露大人的演員是什麼來歷啊？,zh-TW
Was ist eine Steintafel? Lass sie uns essen!,石碑？這是什麼？吃一下。,zh-TW
WasIsstGuiGui,桂桂明天吃什麼,zh-TW
Wasserleierspieler,水漫琴師,zh-TW
Water Lyrist,水漫琴師,zh-TW
Wawancara Simulasi Rombongan Dromas,大地獸旅團的模擬面試,zh-TW
Way of 2-Dimension,做二次元,zh-TW
WeOuiWhee,汙力力力力,zh-TW
WeOwe_WOW,汙力力力力,zh-TW
Weakness Assault,弱點突襲,zh-TW
Weareone,汙力力力力,zh-TW
Weg des Aufstiegs,晉升之路,zh-TW
Weg des Wachstums,成長之路,zh-TW
Weg zur Meisterschaft,冠軍航路,zh-TW
Wegweiser von Xianzhou,仙舟人指路,zh-TW
Weird stuff keeps happening in haunted house,鬧鬼凶宅怪事不斷,zh-TW
Weiter verwöhnen,你也太寵牠了吧,zh-TW
Weiter wachsen,繼續長大,zh-TW
Welt,瓦爾特,zh-TW
Wen Shiling,溫世玲,zh-TW
Wen zuerst vor dem Ertrinken retten?,先救落水的誰,zh-TW
Wendung des Glücks,翻翻好符運,zh-TW
Wenn die Harmonie erklingt ...,諧樂響起時……,zh-TW
Wenn die Närrin zweimal klingelt,愚者總按兩遍鈴,zh-TW
Werbespot,廣告片,zh-TW
Werkstatt-Inquisitor,工坊萬事通,zh-TW
What's a Stone Tablet? Let's Take a Bite.,石碑？這是什麼？吃一下。,zh-TW
Whatever_I_Want,為所欲為,zh-TW
When Charmony Rings Out...,諧樂響起時……,zh-TW
"Where Are You, Mystery Trotter?",神奇撲滿與它們的產地,zh-TW
White Cloak Sage,白衣居士,zh-TW
White Night,不眠之夜,zh-TW
Who is this body double for Lady Bailu? Find out now!,扮演白露大人的演員是什麼來歷啊？,zh-TW
Who to Save First From Drowning,先救落水的誰,zh-TW
"Whoa, You Surf the Net Too?",哇咧，你們也上網？,zh-TW
Widerhall der Vergangenheit (Ende),往昔的回音•終,zh-TW
Widerhall der Vergangenheit (I),往昔的回音•其一,zh-TW
Widerhall der Vergangenheit (II),往昔的回音•其二,zh-TW
Widerhall der Vergangenheit (III),往昔的回音•其三,zh-TW
Widerhall der Vergangenheit (IV),往昔的回音•其四,zh-TW
Widerhallendes Lied,頌歌震盪,zh-TW
Wie der Morgentau,譬如朝露,zh-TW
Wie immer zu spät bei der Arbeit – aber alle benehmen sich seltsam,今天照例上班遲到，發現大家都神神叨叨的,zh-TW
WieDerWindAuchWeht,風今天還是那麼吹,zh-TW
WiedergeborenerDrache,重生之我是龍王,zh-TW
WiedersehenMitFliegendenBlumen,飛花又見飛花,zh-TW
WiiOuiWee,汙力力力力,zh-TW
Wild Beast Milk Bath Salts,獸奶浴鹽,zh-TW
Wilder,維爾德,zh-TW
Wildtiermilch-Badesalz,獸奶浴鹽,zh-TW
WillEatAnything,什麼都吃,zh-TW
WilliWaller2006,土豆絲炒薑絲,zh-TW
Wind Shear Loophole,風化漏洞,zh-TW
WindjägerFuchs,追風的狐,zh-TW
Windscherungs-Schlupfloch,風化漏洞,zh-TW
WindyVenti,風隨心,zh-TW
Winziges großes Abenteuer,方寸大冒險,zh-TW
Wirbelsturm,颶風,zh-TW
Wispae Amusement Park,塵靈遊樂園,zh-TW
Wispae Battalion,塵靈勁旅,zh-TW
Wispae War Saga,塵靈亂世錄,zh-TW
Wispae-Bataillon,塵靈勁旅,zh-TW
Wispae-Vergnügungspark,塵靈遊樂園,zh-TW
Witty Dummy,機靈小不懂,zh-TW
Wohlstands-Bananagoge der Bananenstudiengruppe,蕉研組的財富蕉師,zh-TW
Wolf Consumption,狼噬,zh-TW
Wolf Predation,狼餐,zh-TW
Wolf im Blutrausch,浴血人狼,zh-TW
Wolfsbeute,狼餐,zh-TW
Wolfshunger,狼噬,zh-TW
Wolkenfurt,流雲渡,zh-TW
Wolkenmaschine,雲彩製造機,zh-TW
Wolkenmeer,雲海,zh-TW
WolkenritterMagnet,磁暴雲騎軍,zh-TW
Wolkenritter_MegaZerstörer,雲騎出征寸草不生,zh-TW
Wolkenstrahlen,雲隙光,zh-TW
Wollte mal eben mein kleines Ziel teilen,分享一下小目標,zh-TW
Wondrous Treasures,奇珍異寶,zh-TW
Work Statistics,工作統計,zh-TW
Work TORTURES her! See how this young girl broke free!,職場壓力巨大，少女欲遠走天外,zh-TW
Working4Weekends,上班為了下班,zh-TW
Workshop Inquisitor,工坊萬事通,zh-TW
"Wow, du surfst auch im Netz?",哇咧，你們也上網？,zh-TW
Wubbaboo,嗚嗚伯,zh-TW
Wubbabou,嗚嗚伯,zh-TW
Wunderbare Schätze,奇珍異寶,zh-TW
Wächter des Großschwertes,巨劍守護,zh-TW
Währungskrieg: Nullsummenspiel,貨幣戰爭•零和遊戲,zh-TW
Wühlende Minitonne,拾荒的小桶,zh-TW
Würfelgeist: 1700 Jahre alte Besessenheit,骰魂•一千七百年的執念,zh-TW
Würfelmeister-Droma,大地獸高手,zh-TW
Würfelspieler Nr. 1,骰號玩家,zh-TW
Wüstenreise,荒漠之旅,zh-TW
Xa Hơn Cả Cánh Đồng Tuyết,比雪原更遙遠,zh-TW
Xe Điện Leng Keng,電車,zh-TW
XemBàiĐoánMệnh,用牌玩命,zh-TW
Xemộtbánh,獨輪車,zh-TW
Xiangxiang,香香,zh-TW
XianzhOUSTE!,仙舟滾出公司,zh-TW
Xianzhou Cút Khỏi IPC,仙舟滾出公司,zh-TW
Xianzhou RichGuy,仙舟第一有錢花,zh-TW
Xianzhou S+ Tier,仙舟戰力top榜,zh-TW
Xianzhou จงออกไปจากองค์กร,仙舟滾出公司,zh-TW
Xianzhou's Way,仙舟人指路,zh-TW
XianzhouKakerlakenjäger,消滅仙舟大蠊,zh-TW
XianzhouRausAusIFK,仙舟滾出公司,zh-TW
XianzhouRoachSlayer,消滅仙舟大蠊,zh-TW
XianzhouTravelAgency#10,第十仙舟旅行社,zh-TW
Xianzhou_Reiseagentur_10,第十仙舟旅行社,zh-TW
Xianzhou_Tier_S+,仙舟戰力top榜,zh-TW
Xianzhou_Usir_IPC,仙舟滾出公司,zh-TW
Xin giúp đỡ! Rốt cuộc chuyện gì đã xảy ra với cha tôi?,求助！我爸到底是怎麼了？,zh-TW
"Xin, Cảm Ơn",請、謝謝,zh-TW
Xu Lật Ngược Của Aventurine,砂金的翻盤籌碼,zh-TW
Xây Dựng Mộng Đẹp,築造美夢,zh-TW
"Xì căng đan showbiz, diễn viên chính vắng mặt không lý do? Hóa ra là...",娛樂亂象，主演無故缺席拍攝？原因竟然是…,zh-TW
Xóa Dữ Liệu,資料清除,zh-TW
Xúc Xắc + Xúc Xắc Là Chân Lý,骰＋骰是道,zh-TW
Xúc Xắc Ba Mặt,三面骰,zh-TW
Xạ Thủ Bờm Bạc,銀鬃射手,zh-TW
Xỉ Đen,礦渣黑黑,zh-TW
"Y al octavo día, partió",在第八日啟程,zh-TW
"Y así, todos reirán sin cesar",如是，眾生歡笑不已,zh-TW
Y'aPasWESH,好好先生,zh-TW
Y-Penser_avec_A-Yue,阿月要多學習,zh-TW
Ya he tocado el cielo,因為我已觸碰過天空,zh-TW
YaNoSoyUnPepino,被迫改名的胡瓜,zh-TW
YangDiBawahKenalanDongs,親樓下一口,zh-TW
YangIstDa,陽哥在此,zh-TW
Yang_Ds_La_Place_Sisi,陽哥在此,zh-TW
Yanqing,彥卿,zh-TW
Yao Guang,爻光,zh-TW
Yellow Light Level,黃光級,zh-TW
Yo te cubro,掩護支援,zh-TW
Yosoytupadre,樓上是我孫子,zh-TW
You Won't Believe This! Fiction Becomes Real Life!,震驚！話本裡的故事竟然發生在我身邊！,zh-TW
Young Girl,年輕的女孩,zh-TW
YourMeowness,喵喵喵喵咪,zh-TW
Youth Stage,青年期,zh-TW
Youth Stage Evaluation,青年期診斷,zh-TW
Yueyueyueyue,月月月月,zh-TW
"Yên Tâm Bay Đi, Khai Phá Mãi Đồng Hành!",放心飛，開拓永相隨！,zh-TW
Yêu Tinh Khai Phá,開拓妖精,zh-TW
"Yêu Đời, Thích Đọc Sách",愛生活愛讀書,zh-TW
Yểm Hộ Chi Viện,掩護支援,zh-TW
Zahnradplanet,齒輪星球,zh-TW
Zany Trash,古怪的垃圾,zh-TW
Zeit für eine Diät,節食,zh-TW
Zeit für eine Diät Staffel 2: Abnehmen,節食第二季•減肥,zh-TW
Zeitlicher Sturm,時空暴,zh-TW
Zeitplan der Kampfkunstzeremonie,演武賽程,zh-TW
Zelten im Schnee,雪原露營,zh-TW
Zerapator,愛吃小漢堡,zh-TW
Ziel in der hinteren Reihe,後排目標,zh-TW
Zona Perang Tanpa Batas,無限戰域,zh-TW
ZorroCelestial,天上仙狐,zh-TW
ZuSchlauFürDich,機靈小不懂,zh-TW
Zuckergussplanet,糖霜星球,zh-TW
ZuckersaftfürGuigui,請桂桂喝冰糖豆汁,zh-TW
Zugriff gesperrt,權限鎖定,zh-TW
ZukunftsMeister,未來大師,zh-TW
ZumHerzenVerweht,風隨心,zh-TW
Zurück zu den Sternen,重返群星之旅,zh-TW
Zurückhaltung,戒退,zh-TW
Zurückziehen mit gefalteten Flügeln,登棲斂翼,zh-TW
Zusammen mit Heldengeistern,英靈偕行,zh-TW
Zusteller-König in Xianzhou,重生之仙舟外送王,zh-TW
"Zutiefst bewegend, höchst emotional ... Liebe jenseits von Universen",感人肺腑，至情至深——穿越次元愛上你,zh-TW
Zwei-Sterne-Restaurant,二星級餐廳,zh-TW
Zwischen den Rahmen ...,幀與幀之間……,zh-TW
Zwischen die Augenbrauen und mitten ins Herz,一扎皺眉，二扎心,zh-TW
ZéDasCouve_abençoado,一般路過的福林,zh-TW
Zügel in die Hand,獨當一面,zh-TW
[Ce compte est supprimé],該使用者已註銷,zh-TW
[Conta Deletada],該使用者已註銷,zh-TW
[Gelöscht],使用者已註銷,zh-TW
[Gelöscht],該使用者已註銷,zh-TW
[SemLiveHoje],今天不播,zh-TW
[This Account Is Deleted],該使用者已註銷,zh-TW
[Usuario borrado],該使用者已註銷,zh-TW
[Usuario eliminado],使用者已註銷,zh-TW
[Удалённый пользователь],使用者已註銷,zh-TW
alixyukaaa,一般路過的福林,zh-TW
allesgutekommtvonoben,拽三樓尾巴,zh-TW
aminemahué,檀檀談談談,zh-TW
anak_sekolahan,學生,zh-TW
après_moi_le_déluge,寶哥不許吃,zh-TW
babygirl guigui,純情少女大桂子,zh-TW
babygirl_guigui,純情少女大桂子,zh-TW
bam_boo_moon,竹霞月,zh-TW
berdarahdingin_sukatehpanas,冷血殺手愛喝熱茶,zh-TW
blessed_AverageJoe,一般路過的福林,zh-TW
burgerEaterJR,愛吃小漢堡,zh-TW
byebyeleshaters,米糕沒黑粉,zh-TW
can't_get_out_of_bed,呆呆不早起,zh-TW
chickendinner,炒雞餓,zh-TW
chronischerInsomniker,夜夜睡不好,zh-TW
chá_quente_sangue_frio,冷血殺手愛喝熱茶,zh-TW
cold_blood_hot_tea,冷血殺手愛喝熱茶,zh-TW
coucoumuzik,天知道,zh-TW
darfnichtmehrzuspätkommen,不能再遲到了,zh-TW
datamineurdefonds,礦渣黑黑,zh-TW
deck cutting master,切牌大師,zh-TW
eX@Piu,無奈的小鳥飛,zh-TW
eX@Tweety,無奈的小鳥飛,zh-TW
era das fangirl da guinaifen,奶粉大迷妹,zh-TW
fan_tout_à_fait_normal_de_Guigui,瘋狂奶粉,zh-TW
faut_pas_trop_pousser,拽三樓尾巴,zh-TW
fifilleàguigui,純情少女大桂子,zh-TW
fã mais normal da Guinaifen,瘋狂奶粉,zh-TW
gone_are_the_days,繁華落盡寂寞人,zh-TW
große_kunstfertige_teekanne,工造司大茶壺,zh-TW
guigui bebezinha,純情少女大桂子,zh-TW
guinaifen fangirl era,奶粉大迷妹,zh-TW
haters dni,非誠勿擾,zh-TW
haters go away,米糕沒黑粉,zh-TW
heutekeinStream,今天不播,zh-TW
ichmachwasichwill,為所欲為,zh-TW
ikanlentera_buatlentera,燈籠魚上點燈籠,zh-TW
im_a_student,學生,zh-TW
impossible_de_sortir_du_lit,呆呆不早起,zh-TW
jamais100toi,心跳不息陪你不止,zh-TW
je_suis_etudiant,學生,zh-TW
jesuismortjesuismort,別給我燒紙,zh-TW
kamar_tanpakasur,臥室沒有床,zh-TW
lanternfish_lite,燈籠魚上點燈籠,zh-TW
lazyblogger,拽三樓尾巴,zh-TW
low-effort_Posting,拽三樓尾巴,zh-TW
lua_bam_bu,竹霞月,zh-TW
luzdopeixelampo,燈籠魚上點燈籠,zh-TW
magnet0Chevalierdesnuages,磁暴雲騎軍,zh-TW
magnetOCloudKnight,磁暴雲騎軍,zh-TW
masterDEK,切牌大師,zh-TW
master_of_horror,恐怖片大師,zh-TW
maître_de_lhorreur,恐怖片大師,zh-TW
mestre crupiê,切牌大師,zh-TW
mestre_do_terror,恐怖片大師,zh-TW
minerBitBro,礦渣黑黑,zh-TW
misterNRV,汙力力力力,zh-TW
mistermystery,神秘路人,zh-TW
mistermystère,神秘路人,zh-TW
nachtaktiv123,等天黑123,zh-TW
nada pra você,寶哥不許吃,zh-TW
naifen_army,奶粉大迷妹,zh-TW
nameistegal,名字不重要,zh-TW
nie_in_die_Luft,永不空軍,zh-TW
none for you,寶哥不許吃,zh-TW
obsession_guigui,奶粉單推人,zh-TW
omnicpräsent,智械大哥看著你,zh-TW
pangeran_kudaputih,白衣居士,zh-TW
passado_é_passado,繁華落盡寂寞人,zh-TW
passé_révolu,繁華落盡寂寞人,zh-TW
poischiche_et_you,無敵大火龍,zh-TW
poisson-lanterne-léger,燈籠魚上點燈籠,zh-TW
professional prankster,搗蛋小臭寶,zh-TW
prouttttt,23克臭屁,zh-TW
ruthless_DivinationMachine,無情的卜算機器,zh-TW
sang-froid_thé-chaud,冷血殺手愛喝熱茶,zh-TW
schüler,學生,zh-TW
serginho malandro,搗蛋小臭寶,zh-TW
sou_estudante,學生,zh-TW
srmistério,神秘路人,zh-TW
stirb_hacker,盜號狗必須死,zh-TW
só_mais_5_minutinhos,呆呆不早起,zh-TW
süßekleineGui,純情少女大桂子,zh-TW
tukang_prank,搗蛋小臭寶,zh-TW
vaza hater,米糕沒黑粉,zh-TW
vaza hater,非誠勿擾,zh-TW
vnr_,非誠勿擾,zh-TW
wadidaWWW,唉唉唉唉,zh-TW
will_nicht_aufstehen,呆呆不早起,zh-TW
windyBlowsNOW,風今天還是那麼吹,zh-TW
world's most normal Guinaifen fan,瘋狂奶粉,zh-TW
xianzhouTOPkämpfer,仙舟戰力top榜,zh-TW
|NoStreamingToday|,今天不播,zh-TW
|PasDeStreamAujourdhui|,今天不播,zh-TW
¡Ahhhhhh!,唉唉唉唉,zh-TW
¡Alerta! ¡No consuman setas de origen desconocido!,家人們，來路不明的蘑菇不要隨便亂吃啊,zh-TW
¡Asalto subcontratado!,外包企業衝擊！,zh-TW
¡Asombroso! La verdad detrás de los objetos voladores no identificados.,勁爆！不明飛行物背後的真相。,zh-TW
¡Aterrador! La verdadera identidad del Espíritu del ajedrez,驚！棋鬼怪人的身分竟然是……,zh-TW
¡Ayuda! ¿Qué le pasa a mi padre?,求助！我爸到底是怎麼了？,zh-TW
¡Caso cerrado! ¡Se trata de un misterioso organismo cuántico!,破案了，是神秘量子生物！,zh-TW
¡Conmovedor! El Espíritu del ajedrez por fin encuentra el descanso eterno,感人！棋鬼償夙願，英靈得往生！,zh-TW
¡Cuidado con los contratos engañosos!,提防危險契約！,zh-TW
"¡Cuidado con quienes conoces! Caras vemos, corazones no sabemos",知人知面不知心，最熟悉的人最陌生！,zh-TW
¡Cuidado! ¡He visto fantasmas en el Callejón Aurum!,膽小慎入！我在金人巷裡撞見鬼了！,zh-TW
¡El Jardín del Sosiego está drenando la fortuna del Luofu!,綏園這麼整是要抽乾羅浮仙舟的氣運啊！,zh-TW
¡Es mi turno!,我的回合！,zh-TW
¡Especial por los cien mil suscriptores!,十萬訂閱紀念特輯出來啦！,zh-TW
¡Especial por un millón de seguidores! Tengo una sorpresa para todos...,百萬訂閱特輯，這次的驚喜是……,zh-TW
¡Fotos encantadas! ¡Siguen apareciendo cosas que no existen en mis fotos!,照片鬧鬼！總是拍到不應該有的東西,zh-TW
"¡Fuerza Cósmica, a tirar de nuevo!",繼續擲骰！戰力黨！,zh-TW
¡Hacer muchas horas extra causa problemas de salud mental!,加班過於頻繁，員工精神錯亂！,zh-TW
¡Hola a todos! ¡La Pequeña Gui necesita ayuda!,家人們！這次小桂子來求助了！,zh-TW
¡Impresionante! ¡La ficción se vuelve realidad!,震驚！話本裡的故事竟然發生在我身邊！,zh-TW
¡Increíble! ¡La brigada cazafantasmas derrota a una abominación invisible!,超燃！捉鬼小隊力克無形孽物！,zh-TW
¡La verdad por la que el Vado de las Nubes está tan vacío!,流雲渡人煙稀少的真相！,zh-TW
"¡Logramos grabar la ""llamada fantasma""! ¡Pronto, una reunión!",收到「鬼來電」錄音了！安排！,zh-TW
"¡Maestro, ya lo tengo!",師父，我悟了！,zh-TW
¡Miren todos!,全體目光向我看齊！,zh-TW
¡Misterio resuelto! ¡Un fenómeno de paralelismo del espacio-tiempo!,原來如此！是超時空平行體現象！,zh-TW
¡Muy satisfactorio!,刷爽了,zh-TW
¡Nunca antes visto! ¡Una criatura espacial que puede duplicarse!,越想越可怕！會分裂的星際怪物！,zh-TW
"¡Para alguien muy querido, con quien aprendo y comparto lazos de familia!",致我最親愛的夥伴、同學、家人！,zh-TW
¡Prohibido arrojar basura!,嚴禁投餵垃圾！,zh-TW
"¡Prr, prr!",嘟嘟～嘟嘟～,zh-TW
¡Qué divertido!,真好玩,zh-TW
¡Saludos a todos!,大家好啊，打個招呼！,zh-TW
¡Trazar caminos y la magia de la amistad!,開拓，友誼魔法！,zh-TW
¡Un astroesquife fantasma! ¡Los espíritus del más allá nunca descansan!,幽靈星槎！永不安息的亡靈！,zh-TW
¡Voy a destruir el mundo!,我要毀滅世界！,zh-TW
« Baleine »,「鯨魚」,zh-TW
« Dévoue-toi et divertis-moi »,「盡情取悅本王吧」,zh-TW
« Essayez de ne pas rire »,不要笑挑戰,zh-TW
«Crisis de las pesadillas»,《驚夢大危機》,zh-TW
«Cruzada de las pesadillas»,《噩夢大作戰》,zh-TW
«Crónicas del reloj»,《鐘錶環遊記》,zh-TW
«El secreto de los dulces sueños»,《美夢大機密》,zh-TW
«Gran aventura onírica»,《迷夢大冒險》,zh-TW
«Historia derivada de Hanu»,《哈努兄弟外傳》,zh-TW
«Historia derivada de Pedrusco»,《石頭老闆外傳》,zh-TW
«Historia derivada de los pajaritos de papel»,《摺紙小鳥外傳》,zh-TW
«Historia derivada del Caballero Bola de Hámster»,《倉鼠球騎士外傳》,zh-TW
«Historia derivada del Sr. Soda»,《汽水先生外傳》,zh-TW
«Historia derivada del anciano Madera»,《木頭老爹外傳》,zh-TW
«Relojito: Dulces sueños del pasado»,《鐘錶小子：美夢往事》,zh-TW
«Вестник искателей грёз»,《逐夢客快訊》,zh-TW
«Иллюзорное приключение»,《迷夢大冒險》,zh-TW
«Кит»,「鯨魚」,zh-TW
«Кошмарное бедствие»,《驚夢大危機》,zh-TW
«Кошмарное сражение»,《噩夢大作戰》,zh-TW
«Путешествие Часика»,《鐘錶環遊記》,zh-TW
«Развлеки моё величество всласть»,「盡情取悅本王吧」,zh-TW
«Спин-офф Древостарца»,《木頭老爹外傳》,zh-TW
«Спин-офф Хомяка-рыцаря»,《倉鼠球騎士外傳》,zh-TW
«Спин-офф босса Камня»,《石頭老闆外傳》,zh-TW
«Спин-офф братца Хану»,《哈努兄弟外傳》,zh-TW
«Спин-офф господина Газировки»,《汽水先生外傳》,zh-TW
«Спин-офф птиц-оригами»,《摺紙小鳥外傳》,zh-TW
«Тайна сладких грёз»,《美夢大機密》,zh-TW
«ФеЛиНа»,「鐵、鋰、鈉」,zh-TW
«Часик: Мемуары о сладких грёзах»,《鐘錶小子：美夢往事》,zh-TW
«Эфирные войны»,乙太戰線,zh-TW
¿A quién salvar primero del agua?,先救落水的誰,zh-TW
¿Crecer juntos?,一同成長？,zh-TW
"¿Dónde te escondes, Chanchito misterioso?",神奇撲滿與它們的產地,zh-TW
¿Geococina?,大地料理……？,zh-TW
¿Humanidades o ciencias?,一類組還是二類組？,zh-TW
¿Héroe o cobarde?,英雄，還是懦夫？,zh-TW
¿Mi esposa es una androide? Una reflexión espeluznante,我的仿生人妻子？越想越恐怖,zh-TW
¿Nueva estrategia de marketing para las inmersias de terror?,恐怖幻戲新的宣傳手段？,zh-TW
¿Quién es la actriz que interpretará a Bailu? ¡Descubre eso y más!,扮演白露大人的演員是什麼來歷啊？,zh-TW
¿Qué tan originales son los videos de Guinaifen?,桂乃芬的影片有任何原創性嗎？,zh-TW
¿Tras la sombra del fantasma se oculta un insecto?,鬼怪背後竟是蟲族餘孽？！,zh-TW
¿Un cuento de hadas tradicional?,傳統童話故事……？,zh-TW
¿Un encuentro de otro mundo? Conversando en directo con un fantasma...,和鬼見面？直播跟鬼通話的結果是……,zh-TW
¿Un encuentro de otro mundo? La verdad te dejará con la boca abierta...,和鬼見面？真相竟然是……？,zh-TW
¿Una lápida? ¿Qué es eso? Me la como,石碑？這是什麼？吃一下。,zh-TW
¿Y la confianza básica?,基本的信任呢？,zh-TW
À l'heure où blanchit le Luofu,安靈布奠，天清路遠,zh-TW
À la pêche,去釣魚,zh-TW
À la recherche de Herta,尋找黑塔,zh-TW
À mon tour !,我的回合！,zh-TW
À propos des drakas (I),論大地獸們•其一,zh-TW
À propos des drakas (II),論大地獸們•其二,zh-TW
À propos des drakas (III),論大地獸們•其三,zh-TW
À travers les fleurs du domaine du repos,走過安眠地的花叢,zh-TW
ÀBasLesHackers,盜號狗必須死,zh-TW
Ác Ma Đội Lốt Thiên Nga,天鵝絨裡的惡魔,zh-TW
Ác Mộng Phán Quyết,裁判的噩夢,zh-TW
Ángel del Camino,馬路天使,zh-TW
Ánh Nhìn Thầm Lặng,沉默的注視,zh-TW
Ánh Sao Ban Mai,星芒啟明,zh-TW
Ánh Sao Lấp Lánh,星芒爍變,zh-TW
Ánh Sáng Kho Báu: Độ Khó Cao,逐光撿金•高難度挑戰,zh-TW
Ánh Sáng Lấp Lánh,礪爍新輝,zh-TW
Ánh Sáng Xuyên Mây,雲隙光,zh-TW
Ánh Xạ Đa Chiều,復維對映,zh-TW
Ánhsángcuốiđườnghầm,相信光變成光,zh-TW
Áp Chế Tổn Thất,損耗壓制,zh-TW
"Áp lực công việc quá lớn, thiếu nữ muốn bỏ đi thật xa",職場壓力巨大，少女欲遠走天外,zh-TW
Ältester,老者,zh-TW
ÄrmelVerborgenesSchwert,袖中劍,zh-TW
Ätheriumkrieg,乙太戰線,zh-TW
É Hora do Floreio Novamente,又是萬物復甦的季節,zh-TW
É Minha Vez!,我的回合！,zh-TW
É por isso que Vau-Nuvem é uma cidade fantasma,流雲渡人煙稀少的真相！,zh-TW
É_O_Jeito,大道至簡,zh-TW
Éaco,埃克斯,zh-TW
Échange de Presciences,研究心得分享大會,zh-TW
Échappatoire temporaire,臨時避險,zh-TW
Échos d'antan (Chapitre final),往昔的回音•終,zh-TW
Échos d'antan (I),往昔的回音•其一,zh-TW
Échos d'antan (II),往昔的回音•其二,zh-TW
Échos d'antan (III),往昔的回音•其三,zh-TW
Échos d'antan (IV),往昔的回音•其四,zh-TW
Échos de la tempête,風暴迴響,zh-TW
Éclat stellaire,星芒爍變,zh-TW
Éclat stellaire de l'aube,星芒啟明,zh-TW
Éclipse lunaire,月食,zh-TW
Éclipse solaire,日食,zh-TW
Écrasement des flammes,灼炎重擊,zh-TW
Écrasement du givre,霜凍重擊,zh-TW
Éliminateur des Rangers du néant,虛卒•抹消者,zh-TW
Élève,學生,zh-TW
Émission spéciale 100k abonnés !,十萬訂閱紀念特輯出來啦！,zh-TW
Épopée,敘事詩,zh-TW
Épopée de l'épée primordiale,初花習劍錄,zh-TW
Épopée héroïque,英雄之旅,zh-TW
Épreuve de la lame du givre,霜刃一試,zh-TW
Épreuve du malheur,多災多難,zh-TW
Épreuve infinie : Classique,無限之試煉•基礎,zh-TW
Épreuve infinie : Difficile,無限之試煉•困難,zh-TW
Épée2Légende,無敵劍士123,zh-TW
Équation Zéro,零號方程式,zh-TW
Équipements de la Paix Interastrale,星際和平家電,zh-TW
Érudit de l'équation,方程式學者,zh-TW
Étoile porte-bonheur,銀河幸運星,zh-TW
Évaluation d'anomalie,異常評估,zh-TW
Évaluation du jardin,花園評定,zh-TW
Évaluation psychologique,心理評估,zh-TW
Évanescence de la rosée du matin,譬如朝露,zh-TW
Évasion de Hanu,哈努兄弟越獄記,zh-TW
Éveil,清醒之時,zh-TW
Éveil entre les vagues,於浪花中覺醒,zh-TW
Ídolo de Colonipenal,匹諾康尼偶像,zh-TW
Ông Chủ Thuê Ngoài,外包老闆,zh-TW
Ông Hoàng Bẻ Cua,彎道之王,zh-TW
Ông Lão,老爺爺,zh-TW
Ông Lão,老者,zh-TW
ÔngBụtVânKỵ,考上雲騎還願,zh-TW
Ôtez-leur la vie tant qu'ils sont malades,趁病要命,zh-TW
Über die Dromen (I),論大地獸們•其一,zh-TW
Über die Dromen (II),論大地獸們•其二,zh-TW
Über die Dromen (III),論大地獸們•其三,zh-TW
Überladungsmodul,超載模組,zh-TW
Überladungsströmung,溢傷串流,zh-TW
Überraschung der Erde,大地的驚喜,zh-TW
Überraschungsparty,驚喜派對,zh-TW
Übersetzungsgerät,翻譯機器,zh-TW
Überwältigender Sieg,旗開得勝,zh-TW
Ăn Kiêng,節食,zh-TW
Ăn Kiêng Mùa 2 - Giảm Cân,節食第二季•減肥,zh-TW
Ăn Tất Cả Mọi Thứ,什麼都吃,zh-TW
Đa Nghi,疑心暗鬼,zh-TW
"Đang Học, Xin Đừng Làm Phiền.",學習中，請打擾。,zh-TW
Đang thu thập: Tất cả về Guinaifen,募集中：關於桂乃芬的一切,zh-TW
Đi Câu Cá,去釣魚,zh-TW
Đi Ngược Chiều Gió,逆風而行,zh-TW
Đi Qua Miền Hoa Vùng Say Giấc,走過安眠地的花叢,zh-TW
Đi dạo một vòng,蹓躂一下,zh-TW
ĐiLàmChỉĐợiTanLàm,上班為了下班,zh-TW
Điểm Yếu Chí Mạng,致命弱點,zh-TW
Điện Gia Dụng Hành Tinh Hòa Bình,星際和平家電,zh-TW
Đo Chiều Cao,量身高,zh-TW
Đuôi Cũng Được,尾巴也可以,zh-TW
Đuôi Lớn Dịu Dàng,溫柔的大尾巴,zh-TW
Đuôi Lớn Lạch Cạch,大尾巴噠噠,zh-TW
Đài Truyền Hình Ác Mộng,驚夢電視台,zh-TW
Đàm Phán Tử Thần,一場赴死的和談,zh-TW
Đángyêunhấtđời,可愛到飛起了,zh-TW
Đánh Giá Bất Thường,異常評估,zh-TW
Đánh Giá Giai Đoạn 1,第一階段診斷,zh-TW
Đánh Giá Giai Đoạn 2,第二階段診斷,zh-TW
Đánh Giá Giai Đoạn 3,第三階段診斷,zh-TW
Đánh Giá Thời Thanh Niên,青年期診斷,zh-TW
Đánh Giá Thời Thiếu Niên,少年期診斷,zh-TW
Đánh Giá Thời Thơ Ấu,幼年期診斷,zh-TW
Đánh Giá Tâm Lý,心理評估,zh-TW
Đánh Giá Vườn Hoa,花園評定,zh-TW
Đây Là Xe Điện,這是電動車,zh-TW
Đây_Chính_LÀ_Đạo,大道至簡,zh-TW
"Đã Hiểu, Thưa Sư Phụ!",師父，我悟了！,zh-TW
"Đã lâu không gặp, cộng sự.",搭檔，好久不見。,zh-TW
"Đã nhận được đoạn ghi âm ""cuộc gọi với ma""! Đã lên lịch gặp mặt!",收到「鬼來電」錄音了！安排！,zh-TW
Đêm Không Ngủ,不眠之夜,zh-TW
Đêm Sáng,宵明,zh-TW
Đêm Trước Khởi Hành,啟程前夕,zh-TW
Đêm Trường Lạc Không Ngủ,長樂夜無眠,zh-TW
Đêm Vũ Trụ Ảo Giác,宇宙幻覺之夜,zh-TW
Đòn Bắn Súng,銃擊,zh-TW
Đòn Đánh Chí Mạng,致命一擊,zh-TW
Đòn Đánh Của Xẻng,鏟擊,zh-TW
Đóa Hoa Xấu Xí,醜陋花朵,zh-TW
Đóng Băng Dần,漸凍,zh-TW
Đóng Băng Nhanh,速凍,zh-TW
Đóng Băng! Không Được Đi,凍住，不許走,zh-TW
Được Đặt Biệt Danh Rồi,被取外號了,zh-TW
Đại Chiến Máy Bay Pixel,像素飛機大亂鬥,zh-TW
Đại Chiến Ác Mộng,《噩夢大作戰》,zh-TW
Đại Gia Xu Vàng,金幣富豪,zh-TW
Đại Gia Đình Vũ Trụ,宇宙一家親,zh-TW
Đại Herta,大黑塔,zh-TW
Đại Tỷ Tha Cho Tôi,好姐姐饒了我,zh-TW
Đại Đệ Tử Bang Phóng Sinh,放生幫頭號大弟子,zh-TW
ĐạiCaRobot_ĐangNhìnBạn,智械大哥看著你,zh-TW
ĐạiGia Xianzhou,仙舟第一有錢花,zh-TW
Đất Đen Đắng,苦苦黑土,zh-TW
Đất Đỏ Một Mình Đánh Bại Thú Đại Địa,紅土單殺大地獸,zh-TW
Đất Đỏ Ngọt Ngào,清甜紅土,zh-TW
Đấu Hỗ Trợ Tả Hộ Pháp,左護法輔佐戰,zh-TW
Đấu Hữu Hộ Pháp,右護法戰,zh-TW
Đấu Hữu Hộ Pháp - Tái Chiến,右護法戰•再開,zh-TW
Đấu Nhị Đương Gia,二當家戰,zh-TW
Đấu Thủ Lĩnh,頭目戰,zh-TW
Đấu Tả Hộ Pháp,左護法戰,zh-TW
Đấu Tứ Đại Thiên Vương,四天王戰,zh-TW
Đấu Xúc Xắc Đường Phố,街骰爭霸,zh-TW
Đầu Bếp Thẹn Thùng,害羞的大廚,zh-TW
Đầu Sắt Đến Tìm Bạn,鐵頭來找你了,zh-TW
Đệ Cung Thiên Tướng,遞弓天將,zh-TW
ĐệnhấtmỹnamPhốKimNhân,金人巷第一美男,zh-TW
Địa Cung Bí Ẩn,地宮迷蹤,zh-TW
Địa Cung Tầng Cạn,淺層地宮,zh-TW
Địa Cung Tầng Sâu,深層地宮,zh-TW
Định Hướng Nghề Nghiệp,職業規劃,zh-TW
Đối Thủ Xứng Tầm,旗鼓相當的對手,zh-TW
Đối Đầu Đỉnh Cao,巔峰對弈,zh-TW
Đốt Pháo Hoa,放個煙火,zh-TW
Đồng Hành Cùng Núi Túi Bạc,與銀袋山同行,zh-TW
Đồng Hành Trên Hành Trình,旅途相伴,zh-TW
Đồng Hành Trưởng Thành,陪伴促進成長,zh-TW
Đồng Hồ Mộng Mị,夢境迷鐘,zh-TW
Đồng nghiệp như biến thành người khác...,同事好像換了個人一樣……,zh-TW
Đổ Xúc Xắc Nào! Băng Lực Chiến!,擲骰吧！戰力黨！,zh-TW
Đội Hỗ Trợ Của Topaz,托帕後援團,zh-TW
Đội Quân Bụi Linh,塵靈勁旅,zh-TW
Đội Thuyền Ma không quan trắc được,不能直接觀測的幽靈艦隊,zh-TW
"Đội thi công tắc trách, Sở Thiên Tượng rơi vào bế tắc",小隊施工失誤，太卜司陷入停擺,zh-TW
Đột Phá Hiệp Thương,協議突破,zh-TW
Đột Phá Hằng Số,常值突破,zh-TW
Đứa_ở_trên_là_cháu_kao,樓上是我孫子,zh-TW
"Đừng Qua Đây, Tôi Sợ",別過來，我害怕,zh-TW
Đừng ai ăn bừa nấm không rõ nguồn gốc nhé,家人們，來路不明的蘑菇不要隨便亂吃啊,zh-TW
Đừng Đốt Giấy Cho Tôi,別給我燒紙,zh-TW
А базовое доверие?,基本的信任呢？,zh-TW
Абсолютный_Мастер_Меча123,無敵劍士123,zh-TW
Авангардный покоритель,破敵先鋒,zh-TW
Авантюрин,砂金,zh-TW
Авантюрин (пробная версия),砂金（試用版）,zh-TW
Аварийная перегрузка,緊急重啟,zh-TW
Аварийный режим,應急模式,zh-TW
Автоматический ремонт,自動修復,zh-TW
Автоматон-жук,自動機兵•甲蟲,zh-TW
Автоматон-паук,自動機兵•蜘蛛,zh-TW
Автоответчик,自動回覆好期待機器人,zh-TW
Аглая,阿格萊雅,zh-TW
Адепт Освободителей #1,放生幫頭號大弟子,zh-TW
Администратор_гротов,洞天管理員,zh-TW
Адская кухня,地獄廚房,zh-TW
Айдол Двумернии: Искра,二相樂園第一偶像•火花,zh-TW
Активация морали,士氣啟動,zh-TW
Алгоритм отрицательной нагрузки,負載演算,zh-TW
Амфореус: проблема вагонетки,翁法羅斯的列車難題,zh-TW
Анакса,那刻夏,zh-TW
Ангел дорог,馬路天使,zh-TW
Аншлаг,廟趣滿堂,zh-TW
Аркадная дуэль,街機對戰,zh-TW
Арлан,阿蘭,zh-TW
Арчер,Archer,zh-TW
Аста,艾絲妲,zh-TW
Атака,攻擊,zh-TW
Атака лопатой,鏟擊,zh-TW
Ауруматон-привратник,金人司閽,zh-TW
Ахерон,黃泉,zh-TW
Ахерон (пробная версия),黃泉（試用版）,zh-TW
Базовый набор,基礎包,zh-TW
Базовый персонал: Сотрудник охраны,基層員工•保全,zh-TW
Баловень,你也太寵牠了吧,zh-TW
Бананаставник Школы богатств коллектива банафедры,蕉研組的財富蕉師,zh-TW
Банановый беспредел: Битвы без ниндзя и жалости,蕉惡非道•無忍義之戰,zh-TW
Бартолос,巴特魯斯,zh-TW
Без тормозов,剎車沒油,zh-TW
БезСнаВСвятилище,長樂夜無眠,zh-TW
Бездельник Комиссии по алхимии,丹鼎司浪子,zh-TW
Безобразный цветок,醜陋花朵,zh-TW
Безопасный режим,安全模式,zh-TW
Безумная гонка,瘋跑,zh-TW
Безумному рассвету посвящается,獻給破曉的失控,zh-TW
Безумный руль,開局狂打方向盤,zh-TW
Беседка ласточкиной песни: Башня подавления,燕樂亭處鎮妖塔,zh-TW
Беседы в ночи,一夜夢話,zh-TW
Беседы о геозаврах I,論大地獸們•其一,zh-TW
Беседы о геозаврах II,論大地獸們•其二,zh-TW
Беседы о геозаврах III,論大地獸們•其三,zh-TW
Бесконечное завершение,無盡終結,zh-TW
Бесконечное измерение,無盡次元,zh-TW
Бесконечное испытание: Основа,無限之試煉•基礎,zh-TW
Бесконечное испытание: Трудно,無限之試煉•困難,zh-TW
Беспомощная птичка,無奈的小鳥飛,zh-TW
Беспорядочные рельсы,紊亂軌道,zh-TW
Бесприют звёздных яликов,星槎沒有海,zh-TW
Бессердечная_машина_предсказаний,無情的卜算機器,zh-TW
Бессмертный в вазе,杯中仙,zh-TW
Бессонная ночь,不眠之夜,zh-TW
Бип! Обязательные развлечения в утопии,滴！樂園打卡必玩榜,zh-TW
Бирюзовые грёзы,清龍入夢,zh-TW
Битва брендов,品牌對決,zh-TW
Благословенный егерь,一般路過的福林,zh-TW
Блокировка вычислений,算力鎖定,zh-TW
Блуждания космического сигнала,銀河訊號漫遊,zh-TW
Блуждающее облако,雲無留跡,zh-TW
Блуждающий лютонос,路過的鼻行獸,zh-TW
Блэйд,刃,zh-TW
БогЗнает,天知道,zh-TW
Богатей_Сяньчжоу,仙舟第一有錢花,zh-TW
Божественный обряд,諸神秘儀,zh-TW
Бои пиксельных самолётиков,像素飛機大亂鬥,zh-TW
Бойцовский клуб,搏擊俱樂部,zh-TW
Большая космическая семья,宇宙一家親,zh-TW
Большая шахта,大礦區,zh-TW
Больше чем огонь и лёд,不只冰火兩重天,zh-TW
Большой гарант,大保底,zh-TW
Большой чайник ремесленника,工造司大茶壺,zh-TW
"Большой, значит, хороший",大就是好,zh-TW
Бомбардировка Среброгривых Стражей,鐵衛重炮,zh-TW
Бомбардировка антиматерии,反物質重炮,zh-TW
Босс,頭目戰,zh-TW
Брандмауэр,防火牆,zh-TW
Братишка Фэй,好兄弟阿飛,zh-TW
"Брови собраны, сердце проколото",一扎皺眉，二扎心,zh-TW
Бродяга,流浪者,zh-TW
Бронированная свинка-копилка 2.0,裝甲撲滿二型,zh-TW
Броня,布洛妮婭,zh-TW
Брошенный телевизор,廢棄電視,zh-TW
Бумажная дуэль,摺紙小鳥對對碰,zh-TW
Бутыль Фэйсяо,飛霄的豪飲酒壺,zh-TW
Буфет,自助餐廳,zh-TW
Бывший_Огурец,被迫改名的胡瓜,zh-TW
Быстрая команда,快速指令,zh-TW
Быстрое спасение,颶風營救,zh-TW
Бюро внеюридических дел,法外事務所,zh-TW
В глубинах реки забвения,沉於生者的忘川,zh-TW
В погоне за остриём судьбы,命運逐鋒,zh-TW
Вакансии,招工啟事,zh-TW
Вальс на маскараде,假面雙人舞,zh-TW
Валютные войны: Игра с нулевой суммой,貨幣戰爭•零和遊戲,zh-TW
Василиск,「巴西里克」,zh-TW
Ведение блога,網路行動,zh-TW
Великая Герта,大黑塔,zh-TW
Великое воодушевление,大幅鼓舞,zh-TW
Вельт,瓦爾特,zh-TW
Венец смертного и божественного,庸與神的冠冕,zh-TW
Верхний мир,淺層夢境,zh-TW
Верхний ярус гипогея,淺層地宮,zh-TW
ВерьВСветБудьСветом,相信光變成光,zh-TW
Вечернее собрание,晚餐會議,zh-TW
Вечная чёрная дыра,永恆黑洞,zh-TW
Вечные грёзы,美夢永恆,zh-TW
Вечный компас,羅盤不滅,zh-TW
Взбесившийся телевизор,思覺失調電視機,zh-TW
ВзбучкаДляТебя,但是我想給你兩拳,zh-TW
Взросление,繼續長大,zh-TW
Взрыв песнопения,頌歌爆發,zh-TW
Взрывная «Услада»,爆漿蘇樂達,zh-TW
Взрывная волна свинки-копилки,撲滿衝擊波,zh-TW
Видели в Возвышающем святилище чудачку с шахматами?,有沒有人在長樂天遇到一個說要比棋的怪人？,zh-TW
ВидьядхараОнлайн,持明上網,zh-TW
Виртуальная вселенная,模擬宇宙,zh-TW
Виртуальная вселенная: Золото и шестерёнки,模擬宇宙：黃金與機械,zh-TW
Виртуальная вселенная: Мир 9,模擬宇宙•第九世界,zh-TW
Виртуальная вселенная: Нашествие роя,模擬宇宙：寰宇蝗災,zh-TW
Виртуальная вселенная: Область непознанного,模擬宇宙：不可知域,zh-TW
Вихревой прыжок,渦漩躍襲,zh-TW
Вкус земли,土味,zh-TW
Вместе с героическими душами,英靈偕行,zh-TW
Внезапное столкновение со сверхъестественным,突然收到了靈異資訊,zh-TW
Внезапное уклонение,臨時避險,zh-TW
Внештатное нападение!,外包企業衝擊！,zh-TW
Внештатный начальник,外包老闆,zh-TW
Во время обучения беспокоить... разрешено.,學習中，請打擾。,zh-TW
Возвращение Порядка,秩序歸演,zh-TW
Возвращение дракона,龍返其鄉,zh-TW
Возвращение к звёздам,重返群星之旅,zh-TW
Возвращение крокодила,邪鱷歸來,zh-TW
Вой призыва,嘯聚,zh-TW
Война Святого Грааля и фантазмы,幻造：聖杯戰爭,zh-TW
Войска эфемеров,塵靈勁旅,zh-TW
Волна свинки-копилки,撲滿波動,zh-TW
Волосатый Принц,腿毛王子,zh-TW
Волчий аппетит,狼餐,zh-TW
Волчье поедание,狼噬,zh-TW
Воля Первопроходца,拓宇行疆之志,zh-TW
Воодушевление,鼓舞,zh-TW
Воскресенье,星期日,zh-TW
Воскресший Дракон,重生之我是龍王,zh-TW
Восстановление модуля командной работы,修正團隊協作模組,zh-TW
Вот твоя уязвимость,您的弱點，請收下,zh-TW
Враг крокодила,鱷魚公敵,zh-TW
Временная буря,時空暴,zh-TW
Время охоты,獵殺時刻,zh-TW
ВсегдаРядомСТобой,心跳不息陪你不止,zh-TW
Вселенская милаха,銀河小可愛,zh-TW
Всем привет!,大家好啊，打個招呼！,zh-TW
ВсемирныйСпорщик,宇宙大矯情,zh-TW
ВсемирныйСпорщик Мл.,宇宙小矯情,zh-TW
Всеобъемлющее предсказание,大衍萬象,zh-TW
Вспомнить всё,全面回憶,zh-TW
"Встреча с призраком? Правда состоит в том, что...",和鬼見面？真相竟然是……？,zh-TW
Встреча с призраком? Стрим разговора с привидением...,和鬼見面？直播跟鬼通話的結果是……,zh-TW
Встряска,搖搖晃搖,zh-TW
Вся правда о доме с привидениями: хватит распространять ложные слухи,凶宅真相，別再以訛傳訛了,zh-TW
"Вся правда, почему в Облачной переправе нет людей!",流雲渡人煙稀少的真相！,zh-TW
Всё о Бутхилле...,關於波提歐的一切……,zh-TW
Всё сам,獨當一面,zh-TW
Всё ясно! Феномен параллельного континуума!,原來如此！是超時空平行體現象！,zh-TW
Вуббабу,嗚嗚伯,zh-TW
Выжигание,燒灼,zh-TW
Выручка бара,酒吧營收,zh-TW
Высокая температура,高溫,zh-TW
Высшая лига Камнеграда,磐岩鎮超級聯賽,zh-TW
Высшая партия,巔峰對弈,zh-TW
Высший предводитель,獨尊一魁,zh-TW
Вычищающая бомбардировка,抹消炮攻,zh-TW
Вышибание клина клином,以子之矛，攻我之盾,zh-TW
Вэнь Шилин,溫世玲,zh-TW
Где же таинственная свинка-копилка?,神奇撲滿與它們的產地,zh-TW
Гексанексус,枘鑿六合,zh-TW
Гексанексус: Remake,枘鑿六合•Remake,zh-TW
Генерал Радоги,遞弓天將,zh-TW
Геозавр,大地獸,zh-TW
Геозавр 1,大地獸甲,zh-TW
Геозавр 2,大地獸乙,zh-TW
Геозавр делит пирог,大地獸分餅,zh-TW
Геозаврик-чистюля,小地獸愛洗澡,zh-TW
Геокухня?..,大地料理……？,zh-TW
Гепард,傑帕德,zh-TW
Герой или трус?,英雄，還是懦夫？,zh-TW
Герта,黑塔,zh-TW
"Герта, Герта и Герта",黑塔、黑塔和黑塔,zh-TW
Гертофан+ (сокр.),「大•黑•粉」（簡稱）,zh-TW
Гиацина,風堇,zh-TW
Гиацина и Анакса,兩人一同,zh-TW
Гибельные переговоры,一場赴死的和談,zh-TW
Гильгамеш,吉爾伽美什,zh-TW
Гисиленса,海瑟音,zh-TW
Гитаристка,吉他手,zh-TW
Глубокая очистка,全盤殺毒,zh-TW
Годовщина,週年,zh-TW
ГодыСпокойствия,歲月靜好,zh-TW
Голова - всему начало,好聽就是好頭,zh-TW
Головной убор,頭飾,zh-TW
Гонщик-доставщик,外送餐點的賽車手,zh-TW
Горка,滑梯,zh-TW
Горький чернозём,苦苦黑土,zh-TW
Госпожа Ю,大悠姐,zh-TW
Грандиозный финал,最終戰,zh-TW
Гроза,雷雨,zh-TW
Грозная небесная четвёрка,四天王戰,zh-TW
Гроссмейстер Фэй,飛棋妙手,zh-TW
Гу-гу~ Гу-гу~,嘟嘟～嘟嘟～,zh-TW
Губитель людей,毀人不倦,zh-TW
Гудок на пороге конца света,鳴笛於歸寂之時,zh-TW
ГуйРулз,桂不可言,zh-TW
Гуйнайфэнь,桂乃芬,zh-TW
Гулкое песнопение,頌歌震盪,zh-TW
Гуманитарий или технарь?,一類組還是二類組？,zh-TW
Да будет так,言出法隨,zh-TW
"Давно не виделись, напарник.",搭檔，好久不見。,zh-TW
"Дальше, чем Снежные поля",比雪原更遙遠,zh-TW
Данн,鄧恩,zh-TW
Дань Хэн: Освободитель Пустошей,丹恆•騰荒,zh-TW
Дар закалённого клинка,淬鋒之禮,zh-TW
Дары времени,歲月的饋贈,zh-TW
Двойное поле боя,雙戰場,zh-TW
Двойной хрустящий землебургер,雙層脆土堡,zh-TW
Двухмерный путь,做二次元,zh-TW
Двухцветик,花開兩朵,zh-TW
Девушка,年輕的女孩,zh-TW
Дедушка,老爺爺,zh-TW
Дежурство на экспрессе,列車值日,zh-TW
Дело закрыто! Это был загадочный квантовый организм!,破案了，是神秘量子生物！,zh-TW
Дело о массовом убийстве семьи. Слабонервным не смотреть,滅門慘案，膽小者請勿點開,zh-TW
Делюсь маленькими целями,分享一下小目標,zh-TW
Демон разъедающей тени,蝕心影魔,zh-TW
Детство,幼年期,zh-TW
Детство: оценка,幼年期診斷,zh-TW
Джованни,喬瓦尼,zh-TW
Джулиан,尤利安,zh-TW
Джулиан Тысячи Лиц,千面•尤利安,zh-TW
Диета,節食,zh-TW
"Диета, второй сезон: снижение веса",節食第二季•減肥,zh-TW
Дитин,諦聽,zh-TW
Добрососедство,鄰里和睦,zh-TW
Дождик,小雨,zh-TW
Дождь из белого песка,白砂之雨,zh-TW
Дождь очищающего пламени,淨炎之雨,zh-TW
Дождь со снегом,雨夾雪,zh-TW
ДождьВетерРадуга7854,風雨彩虹7854,zh-TW
Дока взращивания,培育大師,zh-TW
Долгий день уходит в ночь,長日入夜行,zh-TW
Долой_КММ_из_Сяньчжоу,公司滾出仙舟,zh-TW
Долой_Сяньчжоу_из_КММ,仙舟滾出公司,zh-TW
Дополнение I,擴展包•1,zh-TW
Дополнение II,擴展包•2,zh-TW
Дорога роста,成長之路,zh-TW
Доспехи Среброгривого Стража,鐵衛鎧甲,zh-TW
Достойная помощь,中堅助力,zh-TW
Достойный соперник,旗鼓相當的對手,zh-TW
Доступ закрыт,權限鎖定,zh-TW
Друг Дитина,看諦聽+嚎友,zh-TW
Дружелюбная мини-урна,同好的小桶,zh-TW
Дубина рассвета,破曉重拳,zh-TW
Дух Освоения,開拓妖精,zh-TW
Душа кубика: Тысячесемисотлетняя одержимость,骰魂•一千七百年的執念,zh-TW
Душевные переживания,情緒困擾,zh-TW
Дьявол в бархате,天鵝絨裡的惡魔,zh-TW
Единая сила,戮力雙雄,zh-TW
Ежедневные истории,天天說史,zh-TW
ЕмВсёПодряд,什麼都吃,zh-TW
Естественный обгон,物理超車,zh-TW
Ехидна,說怪話,zh-TW
Жаркая погода,天氣好熱,zh-TW
Жгучая соль для ванны,火辣浴鹽,zh-TW
ЖивиУчисьЛюби,愛生活愛讀書,zh-TW
Жизнь,社會生態,zh-TW
Жираф из Возвышающего святилища,長樂天的長頸鹿,zh-TW
Жрец,祭司,zh-TW
Жуань Мэй,阮•梅,zh-TW
Журнал полётов,飛行日誌,zh-TW
За пределами руин,表形廢墟,zh-TW
За призрачными тенями скрывается недобитый Рой?!,鬼怪背後竟是蟲族餘孽？！,zh-TW
Заключение,縛束,zh-TW
Залп,炮擊,zh-TW
Замри! Не двигайся!,凍住，不許走,zh-TW
Запечатлеем этот чудесный денёк,紀念這美好的一天,zh-TW
Заполненная активация,滿額啟動,zh-TW
Запрещено кормить мусором!,嚴禁投餵垃圾！,zh-TW
Заразная психологическая бомба,傳染型心靈炸彈,zh-TW
Заряд энергии,精力充沛,zh-TW
Зарянка,知更鳥,zh-TW
Засуха,乾旱,zh-TW
Зачарованное изобретение: покорный лев-дракон,入魔機巧•率從狻猊,zh-TW
Зачарованное изобретение: светящаяся рыба-дракон,入魔機巧•燈晝龍魚,zh-TW
Защита протокола отклика ядра,核心響應協議保護,zh-TW
Защита сервера от перегрузки,防止伺服器超載,zh-TW
Зверь Изобилия: Древесный волк,豐饒靈獸•奎木,zh-TW
Звёздная война,星芒戰幕,zh-TW
Звёздная одиссея,星間旅行,zh-TW
Звёздная одиссея,銀河大富翁,zh-TW
Звёздная охота,獵星遊戲,zh-TW
Звёздная ступень,星階,zh-TW
Звёздная церемония боевых искусств,星天演武儀典,zh-TW
Звёздное возвращение,循星歸程,zh-TW
Звёздное сияние,星芒爍變,zh-TW
Звёздное_таро_хех,星芋嘿嘿,zh-TW
Земной испуг,大地的驚嚇,zh-TW
Земной сюрприз,大地的驚喜,zh-TW
Зеркальная бронза 2,鑑爻軒二狗,zh-TW
Золотая ау-у-улимпиада,黃金嗷嗚大師賽,zh-TW
Золотая соль для ванны,黃金浴鹽,zh-TW
Золотое руно отпущения,黃金替罪羔羊,zh-TW
Золотой магнат,金幣富豪,zh-TW
Золотой чемпион,黃金大師,zh-TW
Зритель со стажем,資深觀眾,zh-TW
И бессмертие не вечно,仙骸有終,zh-TW
И засмеялись все,如是，眾生歡笑不已,zh-TW
И на восьмой день он отправился в путь,在第八日啟程,zh-TW
И снова природа оживает,又是萬物復甦的季節,zh-TW
Ибо солнце погаснет,因為太陽將要毀傷,zh-TW
Игра с Бартолосом,和巴特魯斯一起玩,zh-TW
Игра с Бартолосом II,和巴特魯斯一起玩•其二,zh-TW
Игровые миссии,局內任務,zh-TW
ИгрокВКости,用牌玩命,zh-TW
Идеи декора для космического дома,宇宙家裝指南,zh-TW
Идущий против ветра,逆風而行,zh-TW
Из Бездны,我來自深淵,zh-TW
Избыточные раны,溢傷串流,zh-TW
Извлечение данных,資料回收,zh-TW
Изгнание нечисти,降妖行動,zh-TW
Излечение забывчивости: метод геозавров,大地式健忘療法,zh-TW
Измерение роста,量身高,zh-TW
Имбирь_и_картошка_фри,土豆絲炒薑絲,zh-TW
Иней,霜,zh-TW
Инженер по техническому обслуживанию,維修工程師,zh-TW
Интеллектуальное просвещение,腦力啟蒙,zh-TW
Искатели теней,星旅尋影,zh-TW
Искатель в Чешуйчатом ущелье,鱗淵境的冒險者,zh-TW
Искорка,花火,zh-TW
Искра,火花,zh-TW
Искусство врачевания,治療的藝術,zh-TW
Исполняющий обязанности проводника,代理列車長,zh-TW
Испытание ледяного клинка,霜刃一試,zh-TW
Испытания крупной проекционной системы беспилотников,大型無人機投影裝置測試,zh-TW
Истина: Босс банды,真•頭目戰,zh-TW
Истории на дне стакана,杯中逸事,zh-TW
Истории о карточных играх,牌友趣事,zh-TW
Исцеление тела и души,身心被治癒,zh-TW
Итерация мастерства,技術更新,zh-TW
Итерация матрицы,矩陣更新,zh-TW
Ищем спонсоров,廣告位招租,zh-TW
Ищите_дом_в_ЛС,購房意向請私訊,zh-TW
Кабаний рывок,豬突猛進,zh-TW
Как весело!,真好玩,zh-TW
"Какая история у актрисы, играющей госпожу Байлу?",扮演白露大人的演員是什麼來歷啊？,zh-TW
Калибровка модуля эмоций,情感模組校準,zh-TW
Калибровка смысла существования,存在意義校準,zh-TW
"Каменная плита? Что это? Пожалуй, съем",石碑？這是什麼？吃一下。,zh-TW
Канал о жизни,生活台,zh-TW
Канонир Среброгривых Стражей,銀鬃炮手,zh-TW
Карьерный путь,職業規劃,zh-TW
Кастория,蝶遐,zh-TW
Кастория,遐蝶,zh-TW
Кафка,卡芙卡,zh-TW
Квартет Приюта звёздных яликов,星槎海四大才子,zh-TW
Кемпинг в Снежных полях,雪原露營,zh-TW
Керидра,刻律德菈,zh-TW
"Киберспорт набирает популярность, а цифровые игры уже стали реальностью",電子競技成未來趨勢，數位博弈成為現實,zh-TW
Киноканал,影音台,zh-TW
Кирена,昔漣,zh-TW
Кислотный дождь,酸雨,zh-TW
Клара,克拉拉,zh-TW
Клара Подмигните-мне,磅磅•克拉拉,zh-TW
Клинков бесконечный край,無限劍製,zh-TW
Клинок антиматерии,反物質刀鋒,zh-TW
Клуб Гекс,魔方秘社,zh-TW
Книга раритетов Краеведческого музея,冬城博物珍奇簿,zh-TW
Когда звучит гармония...,諧樂響起時……,zh-TW
Кого из утопающих спасать первым?,先救落水的誰,zh-TW
Коллегу словно подменили...,同事好像換了個人一樣……,zh-TW
Коллекция тактик,戰術蒐集,zh-TW
Коллекция тюленей,海豹蒐集,zh-TW
Компания для развития,陪伴促進成長,zh-TW
Комплексное многообразие,復維對映,zh-TW
Конгресс по обмену научно-исследовательскими достижениями,研究心得分享大會,zh-TW
"Конец погребения, начало пути",安靈布奠，天清路遠,zh-TW
Конец смуте,終結亂世,zh-TW
Контракт судьбы: Новое начало,命運契約•再啟,zh-TW
Концептуальный тайный знак,概念禮裝,zh-TW
Коридор исчезающего эха,殘響迴廊,zh-TW
Король виражей,彎道之王,zh-TW
Король полуночников,熬夜聖體,zh-TW
Короткошей,短頸鹿,zh-TW
Корпоративный мех Скотта,斯科特安排的公司機甲,zh-TW
Корпоративный пёс,公司狗,zh-TW
Космическая война,太空大戰爭,zh-TW
Космическая станция «Герта»,太空站「黑塔」,zh-TW
Космический приз счастливой звезды,銀河幸運星,zh-TW
Космос729,浩瀚宇宙729,zh-TW
Кости брошены! Банда!,擲骰吧！戰力黨！,zh-TW
Кости снова брошены! Банда!,繼續擲骰！戰力黨！,zh-TW
Кошмар судьи,裁判的噩夢,zh-TW
Красавчик переулка,金人巷第一美男,zh-TW
Краска,染色,zh-TW
Красное и есть красное,反正都是紅的,zh-TW
Краснозём убивает геозавров,紅土單殺大地獸,zh-TW
Красноплодка,紅果,zh-TW
Красочная битва,「繽紛大亂鬥」,zh-TW
Красочная битва,繽紛大亂鬥,zh-TW
Крик храбреца,一聲勇者的吶喊,zh-TW
Криоизвлечение,低溫榨取,zh-TW
Кровавый оборотень,浴血人狼,zh-TW
Крошечное великое приключение,方寸大冒險,zh-TW
Круговорот жизни и смерти,生死輪迴,zh-TW
Крэйзи Гуйгуй,瘋狂奶粉,zh-TW
Кто-нибудь слышал пение традиционного театра в Саду безмятежности?,有人聽到綏園那邊有唱戲聲嗎,zh-TW
Кто-то тайно возвёл сигнальные вышки в Саду безмятежности,綏園有人偷偷建了訊號發射塔,zh-TW
Кубик плюс кубик,骰＋骰是道,zh-TW
Кукла преисподней,幽府偃偶,zh-TW
Кумир Пенаконии,匹諾康尼偶像,zh-TW
Купание,泡澡,zh-TW
Курсы_по_фэншую_в_гротах,洞天風水講座,zh-TW
Курчавая борода,虯髯客,zh-TW
Лавка Дядюшки Мерзляка,寒腿叔叔的小店,zh-TW
Лавовая броня,熔岩護體,zh-TW
Лазейка для Выветривания,風化漏洞,zh-TW
Лазейка для заморозки,凍結漏洞,zh-TW
Левый страж,左護法戰,zh-TW
Левый страж (поддержка),左護法輔佐戰,zh-TW
Легенда о Космическом бейсболисте: Начало,銀河球棒俠傳說：啟程篇,zh-TW
Легенда о Космическом бейсболисте: Повелитель демонов,銀河球棒俠傳說：魔王篇,zh-TW
Ледяная мини-урна,冰封的小桶,zh-TW
Ледяная соль для ванны,冰爽浴鹽,zh-TW
Ледяной шторм,凍結風暴,zh-TW
Лейтенант Среброгривых Стражей,銀鬃尉官,zh-TW
"Лети смело, Освоение всегда рядом!",放心飛，開拓永相隨！,zh-TW
Летучий дайюец,飛翔的岱輿人號,zh-TW
ЛетящийНаКрыльяхНочи,飛霄羅浮分霄,zh-TW
Ливень,暴雨,zh-TW
Ливень смывает мечту о роскошной жизни,一場大雨毀了我的吃土夢,zh-TW
Лин1,泠初,zh-TW
Линия обороны,盾陣,zh-TW
Лирика,抒情詩,zh-TW
Лисьеречный лес: Башня подавления,談狐林處鎮妖塔,zh-TW
Лисья история о привидениях,狐齋志異,zh-TW
Лисья усыпальница: Башня подавления,狐眠塚處鎮妖塔,zh-TW
"Лиши их жизни, пока они больны",趁病要命,zh-TW
Логово Повелителя демонов,魔王巢穴,zh-TW
Ложная тревога из-за нового фильтра,新型濾鏡帶來一場虛驚,zh-TW
Ломастер-антикоррупционер,反貪「磚」家,zh-TW
Ломбард рынка призраков в Переулке ауруматонов,金人巷的鬼市當鋪……,zh-TW
Лука,盧卡,zh-TW
ЛунаЛунаЛунаЛуна,月月月月,zh-TW
Лунное затмение,月食,zh-TW
Лунолом,冰輪碎碾,zh-TW
Луч песнопения,頌歌光束,zh-TW
Лучше меньше да лучше,寧缺毋濫,zh-TW
Лучший друг человека,人類最好的朋友,zh-TW
Лучший игрок,最佳玩家,zh-TW
Лучший игрок в кости,骰號玩家,zh-TW
Лучший клуб,最佳社團,zh-TW
Лучший фанат,頭號粉絲,zh-TW
Львиный рык,獅子吼,zh-TW
Любитель литературы,熱愛文學的公民,zh-TW
Любитель яликов,星槎愛好者,zh-TW
Люблю_хвостики_Дитинов,我想摸諦聽尾巴,zh-TW
ЛюблюГуйнайфэнь,摯愛、桂乃芬,zh-TW
Любовная бомба Сампо,桑博的多情爆彈,zh-TW
Лягушачий дождь,青蛙雨,zh-TW
Магазинчик с тофу,小張豆腐店,zh-TW
Магия проекции,投影魔術,zh-TW
МагнитнаяБуряОблачныхРыцарей,磁暴雲騎軍,zh-TW
Магомехатрон: Воин рассвета,魔動機鎧•破曉戰士,zh-TW
Маленькая прогулка,蹓躂一下,zh-TW
Малый гарант,小保底,zh-TW
МалышкаГуйГвиневра,小桂子Guinevere,zh-TW
Маниакальный автоматон,狂熱機兵,zh-TW
Маркетинговая уловка для новой хоррор-иммерсии?,恐怖幻戲新的宣傳手段？,zh-TW
Март 7,三月七,zh-TW
"Март 7, блестящая героиня",蓋世女俠三月七,zh-TW
Маскот,吉祥物,zh-TW
Мастер Гуншу,公輸師傅,zh-TW
Мастер боя,對戰高手,zh-TW
Мастер водной лиры,水漫琴師,zh-TW
Мастер выставок,展會達人,zh-TW
Мастер игры,遊戲高手,zh-TW
Мастер лингвистики,語言高手,zh-TW
Мастер реквизита,道具大師,zh-TW
Мастер ритма,節奏高手,zh-TW
Мастер хайпа,搞怪先鋒,zh-TW
Мастер-геозавр,大地獸高手,zh-TW
Мастерство фехтования,劍術進境,zh-TW
Мгла сгустилась над домом!,霧中小屋！,zh-TW
Мгновенная заморозка,速凍,zh-TW
Между кадрами...,幀與幀之間……,zh-TW
Мелкий снег,細雪,zh-TW
Метель,暴雪,zh-TW
Меч_в_рукавах,袖裡劍,zh-TW
Меч_в_рукаве,袖中劍,zh-TW
Миг пробуждения,夢醒時分,zh-TW
Мидей,萬敵,zh-TW
Милашка Искра,火花花,zh-TW
Милый праздничный обычай,可愛的節日習俗,zh-TW
Мир за пределами,邀遊天外,zh-TW
Миссии Освоения,開拓任務,zh-TW
Миссии версии,版本任務,zh-TW
Миссии взлома,駭入任務,zh-TW
Миссии события,活動任務,zh-TW
Миссии умений,技能任務,zh-TW
Миссия Завершённости,終末任務,zh-TW
Миссия Освоения,開拓任務,zh-TW
Миссия компаньона,同行任務,zh-TW
Мистер Загадка,神秘路人,zh-TW
Мистер Ок,好好先生,zh-TW
Младший босс,二當家戰,zh-TW
Мне поступают анонимные звонки посреди ночи...,總是在半夜收到匿名來電……,zh-TW
Мнимый темп,虛數速率,zh-TW
Мнимый ткач,虛數織葉者,zh-TW
Многоликая маска Искорки,花火的千變假面,zh-TW
Множественное пробитие,擊破連環,zh-TW
Модуль перегрузки,超載模組,zh-TW
Мой меч изгоняет злых духов,蕩滌妖邪琉璃劍,zh-TW
Мой муж - Цзин Юань,景元是我原配夫君,zh-TW
Мой ход!,我的回合！,zh-TW
Молитвенное дело I,禱言營業•其一,zh-TW
Молитвенное дело II,禱言營業•其二,zh-TW
Молитвенное дело III,禱言營業•其三,zh-TW
Молитвенное дело IV,禱言營業•其四,zh-TW
Молитвенное дело V,禱言營業•其五,zh-TW
Молитвенное дело VI,禱言營業•其六,zh-TW
Молитвенное дело VII,禱言營業•其七,zh-TW
Молитвенное дело: Интермедия,禱言營業•幕間劇,zh-TW
Молочная соль для ванны,獸奶浴鹽,zh-TW
Молчаливый взор,沉默的注視,zh-TW
Момо,墨墨,zh-TW
Моноцикл,獨輪車,zh-TW
Монтаж фильма,影片剪輯,zh-TW
Море урн,人山人海的桶,zh-TW
Морозная давка,霜凍重擊,zh-TW
Морозная супердавка,霜凍超重擊,zh-TW
Морозный странник,深寒徘徊者,zh-TW
Мотиватор дружбы,友誼激勵師,zh-TW
Мошенников прошу не беспокоить,非誠勿擾,zh-TW
Мощная бомбардировка,火熾轟炸,zh-TW
"Моя жена - андроид? Чем дальше, тем страшнее",我的仿生人妻子？越想越恐怖,zh-TW
Моя кровиночка,我的摯愛，我的血肉,zh-TW
Мудрость,靈知,zh-TW
Музыкальная охота: Свиток ниндзя,音律狩獵忍法帖,zh-TW
Мускулы,肌質,zh-TW
Мусорная мини-урна,拾荒的小桶,zh-TW
Мусорный бросок,垃圾投擲,zh-TW
Мусорный пинок,垃圾飛踢,zh-TW
МяснаяКозочка,浮羊肉肉,zh-TW
Мяумяушный,喵喵喵喵咪,zh-TW
"Мёртвая жена соседа, похоже, вернулась",我鄰居早逝的妻子似乎回家了,zh-TW
На волоске,命懸一線,zh-TW
На старт! Внимание! Вкусняшки!,點心糕餅向前衝,zh-TW
Награда десяти владык,十王犒賞,zh-TW
Награды за карту Неоновой страны грёз,霓虹夢局地圖獎勵,zh-TW
Награды за карту Облачного шахматного строя,雲霄棋陣地圖獎勵,zh-TW
Награды за карту Очага вечнозимья,永冬爐台地圖獎勵,zh-TW
Награды за карту Парка фантазмоделия,幻造遊園地圖獎勵,zh-TW
Награды фазы I,階段激勵•一,zh-TW
Награды фазы II,階段激勵•二,zh-TW
Награды фазы III,階段激勵•三,zh-TW
Надёжная помощь,可靠助力,zh-TW
Найм рабочих,成員召募,zh-TW
Нанести урон,造成傷害,zh-TW
Наступление сладких грёз,美夢降臨,zh-TW
Наташа,娜塔莎,zh-TW
Научпоп Гердаки,葛大錘科普,zh-TW
Наш ау-у-утряд,嗷嗚嗷嗚事務所,zh-TW
Не будь привередой,不可以挑食。,zh-TW
Не заключайте опасные контракты!,提防危險契約！,zh-TW
"Не подходи, я боюсь",別過來，我害怕,zh-TW
Не придумал ник,想不出好暱稱,zh-TW
Не терпится снова вырасти,期待又一次長大,zh-TW
Не усидеть на месте,閒不下來,zh-TW
Не_поменяю_ник_пока_не_попаду_в_Комиссию_по_полётам,考不進工造司不改名,zh-TW
НебесныйЛис,天上仙狐,zh-TW
"Невероятная жуть! Космический монстр, который умеет раздваиваться!",越想越可怕！會分裂的星際怪物！,zh-TW
Невероятно! Охотники за привидениями одолели невидимую мерзость!,超燃！捉鬼小隊力克無形孽物！,zh-TW
Невидимая тюрьма,無形之牢,zh-TW
Невинная Госпожа Гуй,純情少女大桂子,zh-TW
Невыносимое одиночество Реки душ,冥河的孤獨難耐,zh-TW
Негласное усиление,背景強化,zh-TW
Недоспелый,裡生外熟,zh-TW
Недостаточно длинная шея,脖子不夠長,zh-TW
Недотёпы всегда звонят дважды,愚者總按兩遍鈴,zh-TW
НежныйХвостик,溫柔的大尾巴,zh-TW
Незнакомый геозавр,陌生的大地獸,zh-TW
Неисправное подавление,損耗壓制,zh-TW
Неисправность,故障破損,zh-TW
Неожиданная вечеринка,驚喜派對,zh-TW
Неожиданная интерполяция,臨時插值,zh-TW
Неожиданный разговор,一次意外的交流,zh-TW
Неотвратимая судьба,一重難逃的命運,zh-TW
НепомерныеРасходы,脹五甲,zh-TW
Непрерывная работа,持續營運,zh-TW
Непрерывное действие,無盡行動,zh-TW
Нескончаемый бой,無限戰域,zh-TW
"Нет времени объяснять, запрыгивай",來不及解釋快上車,zh-TW
Неутомимая атака,奔襲,zh-TW
НехочуНедумаю,我沒多想,zh-TW
Нидхёгг,「涅德霍格」,zh-TW
Нижний мир,深層夢境,zh-TW
Нижний ярус гипогея,深層地宮,zh-TW
"Низкая скорость, высокая нагрузка",低速高載,zh-TW
Никакого следующего раза,下次不要玩了,zh-TW
Никакой усталости,不累，根本不累,zh-TW
Ниндзя Хаоса A.K.A Раппа,繚亂忍俠•AKA•亂破,zh-TW
Новая вспышка,礪爍新輝,zh-TW
Новая кличка,被取外號了,zh-TW
Новая миссия компаньона,同行任務開啟,zh-TW
Новая миссия компаньона,同行任務開放,zh-TW
Новичок,初出茅廬,zh-TW
Новое семя,新的種子,zh-TW
Носорог_о_сверхъестественном,犀牛講怪談,zh-TW
Ночное сияние,宵明,zh-TW
Ночь космических галлюцинаций,宇宙幻覺之夜,zh-TW
Ну и времена,世風日下,zh-TW
"Нужен гений, срочно!",等一位天才上線！,zh-TW
Нулевое уравнение,零號方程式,zh-TW
О Лисьей усыпальнице ходят жуткие легенды,狐眠塚那邊有很多恐怖傳說,zh-TW
Обжигающая броня,灼炎護甲,zh-TW
Обжигающая взрывная волна,灼炎衝擊波,zh-TW
Обжигающая давка,灼炎重擊,zh-TW
Обжигающее пламя,燎原之勢,zh-TW
Облачная переправа,流雲渡,zh-TW
Облачное море,雲海,zh-TW
Обнаружение остатка,殘差檢測,zh-TW
ОбожаюМалышкуГуй,唯愛、小桂子,zh-TW
Обучение владению мечом,劍習苦修,zh-TW
Общее обновление,泛用升級,zh-TW
Обычная коррекция,常態矯正,zh-TW
Обычное испытание,常規挑戰,zh-TW
Оглушительная победа,旗開得勝,zh-TW
Огненный драконище,無敵大火龍,zh-TW
Огненный мушкет Среброгривых Стражей,鐵衛火銃,zh-TW
"Ого, ты тоже сёрфишь в сети?",哇咧，你們也上網？,zh-TW
Огонь из космоса,外宇宙之炎,zh-TW
Ограничение,戒退,zh-TW
Ограниченный боевой урон,有限火力,zh-TW
Огромный стресс на работе: девушка мечтает сбежать в дальние края,職場壓力巨大，少女欲遠走天外,zh-TW
Одежда,衣服,zh-TW
ОдинокаяЗима,獨立寒秋,zh-TW
Одно и то же,一樣的，一樣的。,zh-TW
Одному малышу,給某個小傢伙,zh-TW
Ожерелье,項鍊,zh-TW
Озарённые светом сокровища: Высокая сложность,逐光撿金•高難度挑戰,zh-TW
Олег,奧列格,zh-TW
"Она отправила на работу своего клона, а он взял и уволился",她讓複製人上班，複製人讓她下班,zh-TW
Опасная грань,生死邊緣,zh-TW
Операция по фотосъёмке мемории,日拋憶質留影計畫,zh-TW
Операция по фотосъёмке: день 1,留影計畫•第一日,zh-TW
Операция по фотосъёмке: день 2,留影計畫•第二日,zh-TW
Операция по фотосъёмке: день 3,留影計畫•第三日,zh-TW
Операция по фотосъёмке: день 4,留影計畫•第四日,zh-TW
Операция по фотосъёмке: день 5,留影計畫•第五日,zh-TW
Операция по фотосъёмке: день 6,留影計畫•第六日,zh-TW
Оплот рассвета,破曉守護,zh-TW
Опоздавший страж,遲到的衛兵,zh-TW
Оптимизация протокола защиты от вторжения,防入侵安全協議升級,zh-TW
Оптимизация синхронизации памяти,記憶銜接改良,zh-TW
Оптимизация эффективности,降耗增效,zh-TW
Орудия заряжены,炮火上膛,zh-TW
Осадная граната,攻城榴彈,zh-TW
Освоение космоса,銀河開拓,zh-TW
Освоение: Дружба - это чудо,開拓，友誼魔法！,zh-TW
Особый агент космической станции,太空站特派,zh-TW
Осторожно! В Переулке ауруматонов привидение!,膽小慎入！我在金人巷裡撞見鬼了！,zh-TW
Ответственная мини-урна,負責的小桶,zh-TW
Отголоски прошлого (Завершение),往昔的回音•終,zh-TW
Отголоски прошлого I,往昔的回音•其一,zh-TW
Отголоски прошлого II,往昔的回音•其二,zh-TW
Отголоски прошлого III,往昔的回音•其三,zh-TW
Отголоски прошлого IV,往昔的回音•其四,zh-TW
Отдел галактической географии,寰宇地概科,zh-TW
Отдел галактической геополитики,銀河法政科,zh-TW
Отдел медицины,醫療科,zh-TW
Отдел особых расследований Комиссии по балансу выступает с докладом!,地衡司特殊現象調查處，前來報到,zh-TW
Отдел откровений,光淵密卷科,zh-TW
Отдел прикладных искусств,萬有應物科,zh-TW
Отдел экологии,星域界種科,zh-TW
Отделка интерьера,室內裝修,zh-TW
Отдых у дерева,安於樹下,zh-TW
"Открыты врата, тень пала на трон",門扉之啟，王座之終,zh-TW
Отравленное пиршество,烈毒盛宴,zh-TW
Отрочество,少年期,zh-TW
Отрочество: оценка,少年期診斷,zh-TW
Отряд поддержки Топаз,托帕後援團,zh-TW
Отслеживание модели аномальных откликов,追蹤異常響應模式,zh-TW
Отчёт о максимальных значениях,峰值反饋,zh-TW
Официальная страница Ловцы звёзд,摘星社官方,zh-TW
Охота за сокровищами,循跡覓寶,zh-TW
Охота за сокровищами под землёй,地城探寶,zh-TW
Охота на экзотических питомцев,異寵拾遺,zh-TW
ОхотникЗаПривидениями5,捉鬼小隊第五人,zh-TW
Охотничий клинок,狩獵之刃,zh-TW
Охрана,守衛,zh-TW
Оценивающий пистолет,評分槍,zh-TW
Оценка аномалий,異常評估,zh-TW
Оценка психологического состояния,心理評估,zh-TW
Оценка сада,花園評定,zh-TW
ОченьНесамостоятельныйСтример,直播男孩重度依賴,zh-TW
Очистка данных,資料清除,zh-TW
Очищение,淨化清理,zh-TW
Ошибка инженеров полностью остановила работу Комиссии по предсказаниям!,小隊施工失誤，太卜司陷入停擺,zh-TW
Павильон отдохновения: Башня подавления,偃息館處鎮妖塔,zh-TW
Падение на пороге рассвета,在黎明升起時墜落,zh-TW
Память что увертюра в снах,記憶是夢的開場白,zh-TW
Пара слов для старых и новых подписчиков,寫給新舊粉絲的一些話,zh-TW
Параллельное улучшение,並行強化,zh-TW
Паргелий,幻日,zh-TW
Парк развлечений эфемеров,塵靈遊樂園,zh-TW
Патрулирование,遊園行動,zh-TW
Патч для свинки-копилки,撲滿補丁,zh-TW
Пахучее приключение,虛境味探,zh-TW
Пеан воскресающей земли,再創世的凱歌,zh-TW
Пела и Сервал,佩拉&希露瓦,zh-TW
Пеппи,佩佩,zh-TW
Переводчик земли,大地翻譯,zh-TW
Перегрузка НР,負載生命值,zh-TW
Перед отъездом,啟程前夕,zh-TW
Перекуют мечи свои на орала,鑄劍為犁,zh-TW
Перемены судьбы,易命,zh-TW
Переплетение связей,羈絆交織,zh-TW
Переработка энергии,能量循環,zh-TW
Перерождённый королём доставки Сяньчжоу,重生之仙舟外送王,zh-TW
Перехват атак,攻擊攔截,zh-TW
Перечень предзаказов,預約清單,zh-TW
Пират Собакен,海盜狗,zh-TW
Письмо незнакомки,陌生女子的來信,zh-TW
Письмо тебе,給你的一封信,zh-TW
Пламя свечи,燭花,zh-TW
Планарный раскол,次元分裂,zh-TW
Планарный раскол 300%,次元分裂300%,zh-TW
Планета C996,C996星球,zh-TW
Планета D007,D007星球,zh-TW
Планета F233,F233星球,zh-TW
Планета M078,M078星球,zh-TW
Планета V612,V612星球,zh-TW
Планета в миниатюре,微縮星球,zh-TW
Планета вулканов,火山星球,zh-TW
Планета глазури,糖霜星球,zh-TW
Планета сладких снов,甜夢星球,zh-TW
Планета шестерней,齒輪星球,zh-TW
ПластиковаяПравда,塑膠大實話,zh-TW
Плачут небеса,天上總是傳來慟哭聲,zh-TW
Плита пророчества,預言算碑,zh-TW
Плохая память на лица,臉盲症,zh-TW
Плут в маске,假面怪傑,zh-TW
Побег братца Хану,哈努兄弟越獄記,zh-TW
Победа одним ударом,一招制敵的技巧,zh-TW
Победоносная фигура Керидры,刻律德菈的決勝棋子,zh-TW
Повышение скорости антиматерии,反物質加速,zh-TW
Поглотить Керкес,吃掉瑟希斯,zh-TW
Погоня за тенью,極速追影,zh-TW
Погром,戮殺,zh-TW
Погрузка товара,堆放貨物,zh-TW
Подавление антиматерии,反物質鐵蹄,zh-TW
Подарок Мемо,迷迷贈禮,zh-TW
Подарок звёзд,逴星之禮,zh-TW
Подарок кометы,巡星之禮,zh-TW
Подарок метеора,飛星之禮,zh-TW
Подарок светила,巡光之禮,zh-TW
Подарок утопии,樂園之禮,zh-TW
Подарок экспресса,列車的禮物,zh-TW
Подводная кость Цинцюэ,青雀的海底寶牌,zh-TW
Подготовка к войне,全面備戰,zh-TW
Подготовка к форматированию,格式化準備,zh-TW
Поддержка родных,家人的支持,zh-TW
Подключение к стриму,直播連線,zh-TW
Подсолнух,葵,zh-TW
Подъём морали,鼓舞士氣,zh-TW
Поединок под лазурным небосводом I,明霄競武試鋒芒•上,zh-TW
Поединок под лазурным небосводом II,明霄競武試鋒芒•下,zh-TW
"Пожалуйста, спасибо",請、謝謝,zh-TW
Пожилой мудрец,老賢者,zh-TW
Пожиратель неба,吞天,zh-TW
Поиск следов новаторского мышления,追蹤創新思維痕跡,zh-TW
Поиски Герты,尋找黑塔,zh-TW
Пока живы герои,英雄未死之前,zh-TW
ПокровительСпойлеров,劇透仙人,zh-TW
Покрытый золотом геозавр,面塗黃金的大地獸,zh-TW
Полная готовность,整裝待發,zh-TW
Полнолуние без Ахи,滿月是神不在的時間,zh-TW
Полузарытый геозавр,半埋的大地獸,zh-TW
Полуфинал,半決賽,zh-TW
Получена запись разговора с призраком! Встреча назначена!,收到「鬼來電」錄音了！安排！,zh-TW
ПолучиНавыкомВРожу,臉接小招,zh-TW
Получите в общей сложности #1 оч. испытания,累積獲得#1試煉點數,zh-TW
Пользователь23333,用戶二三三三三,zh-TW
Пользователь_3333,用戶參參參參,zh-TW
Пом-Пом,帕姆,zh-TW
Помнишь меня,記得我嗎,zh-TW
Помогите! Что происходит с папой?,求助！我爸到底是怎麼了？,zh-TW
ПомощникХвостик,尾巴小跟班,zh-TW
Помощь,助戰,zh-TW
Попирание войны,戰爭的踐踏,zh-TW
Попутчики тысячи звёзд,千星旅伴,zh-TW
Поразительная согласованность,星軺旅進,zh-TW
Порез мародёра,掠奪斬擊,zh-TW
Поручение по расследованию,調查委託,zh-TW
Постепенное охлаждение,漸凍,zh-TW
Постепенное повторение,層層加碼,zh-TW
Постоянные переработки стали причиной нервного срыва!,加班過於頻繁，員工精神錯亂！,zh-TW
Постоянный прорыв,常值突破,zh-TW
Потеря сознания на секунду,深度昏迷，但一秒,zh-TW
Поток карт,牌山倒海,zh-TW
Поцелую_комментатора,親樓下一口,zh-TW
Правило силы,侵略的鐵蹄,zh-TW
Правый страж,右護法戰,zh-TW
Правый страж: Реванш,右護法戰•再開,zh-TW
Праздничные подарки,慶典祝禮,zh-TW
Превосходство: Межзвёздный гран-при,超限：狂飆大獎賽,zh-TW
Предотвращение кризиса самосознания,防止自我認知崩潰,zh-TW
Презентация талантов,鋒芒嶄露,zh-TW
Президент Возвышающего святилища,長樂天話事人,zh-TW
Прекрасная рана,美麗傷口,zh-TW
Приближение битвы,決戰將至,zh-TW
Приветственный дар утопии,入園禮遇,zh-TW
Привычка читать,閱讀習慣,zh-TW
Приз телеканала,電視台謝禮,zh-TW
"Призраки на фото! На мои снимки попадают вещи, которых нет на самом деле...",照片鬧鬼！總是拍到不應該有的東西,zh-TW
Призрачная иллюзия,幻身,zh-TW
"Призрачный флот, который нельзя обнаружить",不能直接觀測的幽靈艦隊,zh-TW
Приказ Среброгривых Стражей,鐵衛號令,zh-TW
Приключения Хану,小小哈努行動,zh-TW
Прикрытие,掩護支援,zh-TW
Приливной эффект,潮汐效應,zh-TW
Прилипала,黏人,zh-TW
Притча,寓言詩,zh-TW
Пробуждение волн,於浪花中覺醒,zh-TW
Проведение опроса,問卷蒐集,zh-TW
Проверим ограничение на количество символов для Пенаконии,來試試匹諾康尼最長接受多少字,zh-TW
Прогресс арены,競技進度,zh-TW
Прогресс истории,劇情進度,zh-TW
Прогресс миссии,任務程序,zh-TW
Прогресс отборочных матчей,叩關進度,zh-TW
Прогресс очков,分數進度,zh-TW
Продолжение Освоения,開拓續聞,zh-TW
Пронзающая граната,破甲榴彈,zh-TW
Прорыв протокола,協議突破,zh-TW
Просто Гуй,獨愛小桂,zh-TW
Простой режим,簡單模式,zh-TW
Профессиональный запасной,專業代打,zh-TW
Прохожий,路過的人,zh-TW
"Прощай, Пенакония",再見，匹諾康尼,zh-TW
Прощальный этикет,奉辭罰罪,zh-TW
Прямой эфир,演播廳現場,zh-TW
Прячусь на виду,大隱隱於市,zh-TW
Пустотная пушка,虛灼炮攻,zh-TW
Пусть сопутствует удача,翻翻好符運,zh-TW
Путеводитель по Сяньчжоу,仙舟人指路,zh-TW
Путеводитель по космической моде: издание зимней песни,銀河潮流指南•冬韻特輯,zh-TW
Путевые заметки Илиаса,伊利亞遊記,zh-TW
Путевые записи,道中雜記,zh-TW
Путешествие по пустыне,荒漠之旅,zh-TW
Путник,一位旅人,zh-TW
Путь героя,豪傑之路,zh-TW
Путь к продвижению,晉升之路,zh-TW
Путь корифея,大師之路,zh-TW
Путь любителя,新秀之路,zh-TW
Путь мастера,大師之路,zh-TW
Путь новичка,入門之路,zh-TW
Путь чемпиона,冠軍航路,zh-TW
Путь элиты,菁英之路,zh-TW
Пушечный выстрел,銃擊,zh-TW
Пылающее солнце,烈日,zh-TW
Пылающий метеор,赤焰流星,zh-TW
Пыль,沙塵,zh-TW
Работа в команде,變得合群,zh-TW
Работаю_ради_выходных,上班為了下班,zh-TW
Работник купальни,浴場侍者,zh-TW
Ради мира,為了和平,zh-TW
Ради свободы,為了自由,zh-TW
Радуга,彩虹,zh-TW
Радужная урна,七色垃圾桶,zh-TW
Разве ролики Гуйнайфэнь отличаются оригинальностью?,桂乃芬的影片有任何原創性嗎？,zh-TW
Развевающийся подол моря,海的裙襬飄蕩,zh-TW
Разведка кошмара,初探噩夢,zh-TW
Развлекательный канал,娛樂台,zh-TW
Разрушение пороговой величины,閾值破壞,zh-TW
Разрушение щита,反護盾,zh-TW
Разумная мусорка,智慧型垃圾桶,zh-TW
Раскол рассвета,破曉分身斬,zh-TW
Расписание матчей Церемонии боевых искусств,演武賽程,zh-TW
Распределение производительности,性能分配,zh-TW
Рассказ о себе,自我介紹,zh-TW
Расслабляющее видео,解壓小影片,zh-TW
Расследование паранормального,探靈行動,zh-TW
Растим геозавра вместе!,天氣真好，養牠！,zh-TW
Растём вместе?,一同成長？,zh-TW
Расходящаяся вселенная: Комедия жизни,差分宇宙•人間喜劇,zh-TW
Расходящаяся вселенная: Тысячеликий герой,差分宇宙•千面英雄,zh-TW
Расходящаяся вселенная: Хроники утопии,差分宇宙•樂園漫記,zh-TW
Расширение территории,開疆擴土,zh-TW
Раунд 1 отборочного тура,海選賽第一輪,zh-TW
Раунд 2 отборочного тура,海選賽第二輪,zh-TW
Раунд 3 отборочного тура,海選賽第三輪,zh-TW
Ревущий ад,咆哮之火,zh-TW
Редкая притча,一則鮮見的軼事,zh-TW
Режим возмездия,罰惡模式,zh-TW
Рейнджер пустоты: Захватчик,虛卒•掠奪者,zh-TW
Рейнджер пустоты: Подавитель,虛卒•踐踏者,zh-TW
Рейнджер пустоты: Уничтожитель,虛卒•抹消者,zh-TW
Реквизитор провизии,糧草徵收人,zh-TW
Реклама,廣告片,zh-TW
Репетиция собеседования в бригаду геозавров,大地獸旅團的模擬面試,zh-TW
Репутация группы,樂團聲望,zh-TW
Ресторан 1★,一星級餐廳,zh-TW
Ресторан 2★,二星級餐廳,zh-TW
Ресторан 3★,三星級餐廳,zh-TW
Ресторан 4★,四星級餐廳,zh-TW
Ресторация Меморного лабиринта златиусов,黃金迷境大飯店,zh-TW
Решающий козырь Авантюрина,砂金的翻盤籌碼,zh-TW
Решающий момент,決勝時刻,zh-TW
Рин Тосака,遠坂凜,zh-TW
РисковыйМаг1020,送命魔術師1020,zh-TW
Робот-переводчик,翻譯機器,zh-TW
"Роднули, не ешьте грибы неизвестного происхождения!",家人們，來路不明的蘑菇不要隨便亂吃啊,zh-TW
Роднульки! Малышке Гуй нужна ваша помощь!,家人們！這次小桂子來求助了！,zh-TW
Рой Ураган,羅伊•疾風,zh-TW
Рок Стремительная Тень,洛克•迅影,zh-TW
Романтическая соль для ванны,浪漫浴鹽,zh-TW
Рука,手,zh-TW
Рука Загрея,扎格列斯之手,zh-TW
Руководство по геозаврам,大地獸的指引,zh-TW
Рыба-фонарь,燈籠魚上點燈籠,zh-TW
Рыбалка,去釣魚,zh-TW
Рыбный дождь,魚雨,zh-TW
Рынок будущего,未來市場,zh-TW
Рысь,玲可,zh-TW
Рыцарь-чужестранец,異邦騎士,zh-TW
РыцарьГигачад,雲騎出征寸草不生,zh-TW
С костями в бой,街骰爭霸,zh-TW
С тобой игра окончена,跟你爆了,zh-TW
С этой стороны дверь не открывается,門不能從這一側打開,zh-TW
Сага о мастерах меча,劍俠紀事,zh-TW
Сад безмятежности заберёт будущее процветание Лофу Сяньчжоу!,綏園這麼整是要抽乾羅浮仙舟的氣運啊！,zh-TW
Сад множества,花藏繁生,zh-TW
Сад множества 300%,花藏繁生300%,zh-TW
Самая прекрасная химера,最優秀的奇美拉,zh-TW
Самовзрывающийся модуль,自爆模組,zh-TW
Самопожертвенная урна,捨己為人的桶,zh-TW
Самореконструкция,自我重構,zh-TW
Самосовершенствование,自我完善,zh-TW
Самостоятельная жизнь,獨立生活,zh-TW
Сампо,桑博,zh-TW
"Самый умный, здоровый, очаровательный выпуск",最聰明、健康、迷人的一集,zh-TW
Сборник,總集篇,zh-TW
Сварог,史瓦羅,zh-TW
Свежие новости,動態快報,zh-TW
Свежий сладкий краснозём,清甜紅土,zh-TW
Свет солнца и луны,日月同輝,zh-TW
Светила-предсказатели,命中註定的星辰,zh-TW
Светлячок,流螢,zh-TW
Свободное испытание,自由挑戰,zh-TW
Связь магических артерий,靈脈連結,zh-TW
СегодняБезСтрима,今天不播,zh-TW
Семейство Бакдашьян,與銀袋山同行,zh-TW
Семь ударов - одна смерть,七傷，滅頂,zh-TW
Семья Ландау... и Пела,朗道一家……以及佩拉,zh-TW
Сенсация! Поведение Облачного Рыцаря в Комиссии по алхимии повергнет вас в шок!,驚！堂堂雲騎軍竟然在丹鼎司做這種事！,zh-TW
Сервал Демон Мелодии,音律琴魔•希露瓦,zh-TW
Серебряный Волк,銀狼,zh-TW
Серебряный Волк ур. 999,銀狼LV.999,zh-TW
Серебряный ветеран,銀戰熟手,zh-TW
Серебряный командир,銀戰領袖,zh-TW
Серебряный мастер,銀戰大師,zh-TW
Серебряный новичок,銀戰新人,zh-TW
Серебряный эксперт,銀戰高手,zh-TW
СестричкаШунь,好姐妹小順,zh-TW
Сетевая фанатка Марта,熱心網友馬大姐,zh-TW
СилачСяньчжоу,仙舟戰力top榜,zh-TW
Сильный снегопад,大雪,zh-TW
Синева и Вуббабу,湛藍星與嗚嗚伯,zh-TW
Синяя мини-урна,深藍的小桶,zh-TW
Сирена иллюзии,致幻人魚,zh-TW
Сияние утренней звезды,星芒啟明,zh-TW
Скажите_сыр,趙相機,zh-TW
Скоростное исцеление,最速奶爸,zh-TW
Скоростной клаксон,按喇叭加速,zh-TW
Скотт,斯科特,zh-TW
Скромный шеф-повар,害羞的大廚,zh-TW
Сладкие мечты и Святой Грааль,美夢與聖杯,zh-TW
Сладкий снаряд,糖果炮彈,zh-TW
СладкоеМолокодляМилашкиГуй,請桂桂喝冰糖豆汁,zh-TW
Слепой дождь,晴天雨,zh-TW
Словно утренняя роса,譬如朝露,zh-TW
Сложа крылья,登棲斂翼,zh-TW
Сложный режим,困難模式,zh-TW
Случай I,第一次,zh-TW
Случай II,第二次,zh-TW
Случай III,第三次,zh-TW
Случай IV,第四次,zh-TW
Случай V,第五次,zh-TW
Случай VI,第六次,zh-TW
Случай VII,第七次,zh-TW
Смертельная уязвимость,致命弱點,zh-TW
Смертельный удар,致命一擊,zh-TW
"Смех героев, жизни на волоске",英雄一笑，生死難料,zh-TW
Снадобье_Сытноценности,寶餌堂靈丹妙藥,zh-TW
Снежное пальто,下雪大衣,zh-TW
"Снова опоздала на работу, коллеги ведут себя странно",今天照例上班遲到，發現大家都神神叨叨的,zh-TW
Сновидец,夢客漫步,zh-TW
Собачья корпорация,狗公司,zh-TW
Собираю инфу: Всё о Гуйнайфэнь,募集中：關於桂乃芬的一切,zh-TW
Совместное преступление,狼狽為奸,zh-TW
Создание Жуань Мэй,阮•梅造物,zh-TW
Сокровища игроков,牌手珍藏,zh-TW
Сокровища со склада диковин,奇庫尋遺,zh-TW
Сокрушительный укус,碎齧,zh-TW
Солдат Среброгривых Стражей,銀鬃近衛,zh-TW
Солнечно,晴,zh-TW
Солнечное затмение,日食,zh-TW
Сотрясающий землю лев,獅震八方,zh-TW
Союз волка и крокодила,狼鱷之交,zh-TW
СпальняБезСпальника,臥室沒有床,zh-TW
Спасение исследователя от психологической травмы,拯救心碎組員,zh-TW
Спецвыпуск: 100К подписчиков!,十萬訂閱紀念特輯出來啦！,zh-TW
Спецвыпуск: 1М подписчиков! Сюрприз для вас...,百萬訂閱特輯，這次的驚喜是……,zh-TW
Спин-офф,外傳故事,zh-TW
Спиральная стрела,螺旋的弓矢,zh-TW
Сплетни,八卦怪談,zh-TW
Сплетник в мастерской,工坊萬事通,zh-TW
Спутники в путешествии,旅途相伴,zh-TW
Ссора с химерой,和奇美拉吵架,zh-TW
Ставки в городе тысячи звёзд,揮擲千星的籌碼,zh-TW
Стажировка в бригаде геозавров,大地獸旅團的實習工作,zh-TW
Старик,老者,zh-TW
Старший персонал: Лидер команды,資深員工•組長,zh-TW
"Старые бутылки, новые друзья",舊瓶新友,zh-TW
Статистика задач,工作統計,zh-TW
Стать вчерашним завтра,成為昨日的明天,zh-TW
Сто тысяч почему,十萬個為什麼,zh-TW
Страж меча,巨劍守護,zh-TW
Странные дела творятся в доме с призраками,鬧鬼凶宅怪事不斷,zh-TW
Странный мусор,古怪的垃圾,zh-TW
Странствия героя,英雄之旅,zh-TW
Страх,儆懼,zh-TW
Страшилки для геозавров,大地獸恐怖故事,zh-TW
Стрелок Среброгривых Стражей,銀鬃射手,zh-TW
Строительство грёз,築造美夢,zh-TW
СуПеРфАнАтСуХоВаМоЛоКа,奶粉單推人,zh-TW
Судьба: Ночь схватки,命運/今晚留下來,zh-TW
Сумеречная Мусорка: Заколдованная версия,小桶寶力•附魔版,zh-TW
Сумеречные лучи,雲隙光,zh-TW
Сумрачный мотылёк: Зеле,幻海幽蝶•希兒,zh-TW
Суперфанатка Гуй,奶粉大迷妹,zh-TW
СуперхейтерГуй,專門訂閱噴乃芬,zh-TW
Сферомёт,氣泡彈珠,zh-TW
Счастливая звезда,福星高照,zh-TW
Счастливый мешочек комиков,喜劇人們的自選福袋,zh-TW
Счётчик НР,生命計數,zh-TW
Съедобные травы,食用草,zh-TW
Сэйбер,Saber,zh-TW
Сюжетное испытание,劇情挑戰,zh-TW
Сянсян,香香,zh-TW
Таинственный гипогей,地宮迷蹤,zh-TW
Тайное меню,隱藏菜單,zh-TW
Тайные сумерки,晨昏卷隱,zh-TW
Танец рассвета,破曉輪舞,zh-TW
Танцы с обезьянами,與猩共舞,zh-TW
ТаньтаньБолтает,檀檀談談談,zh-TW
Таран,衝撞,zh-TW
ТвойБигДэдди,樓上是我孫子,zh-TW
ТвойПапочка,你的親生父親,zh-TW
ТворецОблаков,雲彩製造機,zh-TW
ТворюЧоХочу,為所欲為,zh-TW
Тейлору это не нравится,泰勒太樂了,zh-TW
Телеканал «Проснись и пой»,驚夢電視台,zh-TW
Тело изо льда,寒冰軀體,zh-TW
Темень вернулась на пустоши,於長夜重返大地,zh-TW
Тень вечнозимья,永冬災影,zh-TW
Тень испепеления,火焚災影,zh-TW
Тень рейнджера,遊俠謎影,zh-TW
Тень сомнений,疑心暗鬼,zh-TW
ТерпкоеМолокодляМилашкиГуй,桂桂的鹹辣豆汁,zh-TW
Терраса Зелената: Башня подавления,青丘台處鎮妖塔,zh-TW
Тестирование способности к многоуровневому анализу,多層次解析能力測試,zh-TW
Техника межзвёздного мира,星際和平家電,zh-TW
Только взгляните на меня!,全體目光向我看齊！,zh-TW
Топаз,托帕,zh-TW
Традиционная сказка?..,傳統童話故事……？,zh-TW
Трамвай,電車,zh-TW
Тренировка Мира грёз,夢境訓練,zh-TW
Три блюда за раз,一氣化三餐,zh-TW
Трибби,緹寶,zh-TW
Тринадцать костей,十三么,zh-TW
Трицикличная урна,一輪三動的桶,zh-TW
"Трогательная история любви, которая живёт сквозь вселенные",感人肺腑，至情至深——穿越次元愛上你,zh-TW
Тру-фанат_для_Гуй,桂桂唯一真愛粉,zh-TW
Трудности взросления,成長的煩惱,zh-TW
Трудолюбивый гражданин,奮鬥的公民,zh-TW
Трюк с костями,骰機取巧,zh-TW
Трёхгранные кости,三面骰,zh-TW
Тук-тук это я Мышка-норушка,開門我是鼠鼠,zh-TW
"Тук-тук, это я, Мышка-норушка",開門，我是鼠鼠,zh-TW
Туктукбол,咚咚球,zh-TW
Турагентство_Сяньчжоу_10,第十仙舟旅行社,zh-TW
Тысяча комет,一千顆流星,zh-TW
Тюленье побоище,豹豹碰碰大作戰,zh-TW
Тёмная лошадка в бригаде,旅團黑馬,zh-TW
Тёмная сторона луны,月之暗面,zh-TW
У меня большая комната,我家房間很大,zh-TW
У меня просто нет слов!,我就曬曬不說話,zh-TW
Уайлдер,維爾德,zh-TW
Удалённый пользователь,該使用者已註銷,zh-TW
Удивительное рядом! Вся правда об НЛО,勁爆！不明飛行物背後的真相。,zh-TW
Удивительное сокровище,奇珍異寶,zh-TW
Удивительный ремонт на экспрессе,列車改造奇遇,zh-TW
Ужас! Страшилки из книг происходят рядом с нами!,震驚！話本裡的故事竟然發生在我身邊！,zh-TW
Умеренный снегопад,中雪,zh-TW
Умный_боксёр,文化拳王,zh-TW
Унесённый ветром,狂風吹,zh-TW
Упорядоченные излишки,冗餘整合,zh-TW
Ураган,颶風,zh-TW
Урна для мусора,垃圾桶,zh-TW
Урна равноценного обмена,等價交換的桶,zh-TW
Урна с опасными отходами,有害垃圾的桶,zh-TW
Уровень голубого сияния,藍光級,zh-TW
Уровень жёлтого сияния,黃光級,zh-TW
Уровень зелёного сияния,綠光級,zh-TW
Уровень космической репутации,銀河聲望等級,zh-TW
Уровень красного сияния,紅光級,zh-TW
Уровень фиолетового сияния,紫光級,zh-TW
Усиление предметов,道具強化,zh-TW
Утилизация нефритовых счётов,回收各代玉兆,zh-TW
Ученик,學生,zh-TW
Учимся с Юэ,阿月要多學習,zh-TW
"Учитель, я прозрела!",師父，我悟了！,zh-TW
Учу других,誨人不倦,zh-TW
Учёный уравнений,方程式學者,zh-TW
Фаенон,白厄,zh-TW
Фаза I,第一階段,zh-TW
Фаза I: оценка,第一階段診斷,zh-TW
Фаза II,第二階段,zh-TW
Фаза II: оценка,第二階段診斷,zh-TW
Фаза III,第三階段,zh-TW
Фаза III: оценка,第三階段診斷,zh-TW
ФанатМинибургеров,愛吃小漢堡,zh-TW
Фейерверк,放個煙火,zh-TW
Философский вопрос,哲學問題,zh-TW
Финал,總決賽,zh-TW
Форсаж: Код,程式碼關頭,zh-TW
Фрагменты зарева,餘暉殘卷,zh-TW
Фэйсяо,飛霄,zh-TW
ХакерДолженУмереть,盜號狗必須死,zh-TW
Харизма,風采,zh-TW
Хвост тоже можно,尾巴也可以,zh-TW
ХвостикиРулз,大尾巴噠噠,zh-TW
ХейтерыВалите,米糕沒黑粉,zh-TW
Химеко,姬子,zh-TW
Химера,奇美拉,zh-TW
Химера - лучший друг человека.,奇美拉，人類最好的夥伴。,zh-TW
Ход выступления,演出進度,zh-TW
Ходики Мира грёз,夢境迷鐘,zh-TW
Ходячий Носоклюй,行走的鼻形獸,zh-TW
Ходячий Носоход,行走的鼻行獸,zh-TW
Хожатый,澡堂侍者,zh-TW
Хроники войны эфемеров,塵靈亂世錄,zh-TW
Хроники становления мастера,初花習劍錄,zh-TW
Хроники экзорцизма: Беседка ласточкиной песни,降妖輯錄•燕樂亭,zh-TW
Хроники экзорцизма: Лисьеречный лес,降妖輯錄•談狐林,zh-TW
Хроники экзорцизма: Лисья усыпальница,降妖輯錄•狐眠塚,zh-TW
Хроники экзорцизма: Павильон отдохновения,降妖輯錄•偃息館,zh-TW
Художественный канал,藝術台,zh-TW
Хук,虎克,zh-TW
Хук Великий Мрак,漆黑的虎克大人,zh-TW
"Хук, Законный главарь бандитов, Могура",魔古拉，律賊之首，虎克,zh-TW
Царство странности,異器盈界,zh-TW
Царство странности 300%,異器盈界300%,zh-TW
Цветочек радости,小花有喜,zh-TW
Цветы средь упокойных юдолей,走過安眠地的花叢,zh-TW
Цель в заднем ряду,後排目標,zh-TW
Цепь страданий,痛苦連環,zh-TW
Цзинфан,景方方,zh-TW
Цинцюэ,青雀,zh-TW
Цифер,賽飛兒,zh-TW
Цунами войны,戰意狂潮,zh-TW
Чайник ремесленника,工造司茶壺,zh-TW
Чайное общество с любовью,愛來自飲茶會,zh-TW
Часы пробуждений,清醒之時,zh-TW
Челлендж «Попробуй не засмеяться»,不要笑挑戰,zh-TW
Человек-кувалда,手掄大錘呼呼響,zh-TW
Чемпион по урону,最高火力,zh-TW
Через тернии к звёздам: Как разбогатеть с нуля,虧成首富，從不要錢開始,zh-TW
Чертёж утопии,樂園藍圖,zh-TW
Чистота до блеска,刷爽了,zh-TW
Чистый Ланлан,朗朗,zh-TW
ЧистыйПоток,圓清流,zh-TW
ЧтоПоестьГуйГуй,桂桂明天吃什麼,zh-TW
Чудесные сказания,評書奇譚,zh-TW
Чудо Оронис,歐洛尼斯奇跡,zh-TW
Чужая душа - потёмки! Знакомое лицо у незнакомца,知人知面不知心，最熟悉的人最陌生！,zh-TW
Чёрная дыра эмоций,情緒黑洞,zh-TW
Чёрный_уголёк,礦渣黑黑,zh-TW
ШалюБезОстановки,小淘氣不冷靜,zh-TW
Шаншан ✓,裳裳唯一帳號,zh-TW
Шерстяка-журналист,狸貓記者,zh-TW
Шок! Какие существа ответственны за звуки плача с ночного неба?,震驚！半夜鬼哭竟是異獸所為？,zh-TW
Шок! На самом деле Шахматное Привидение - это...,驚！棋鬼怪人的身分竟然是……,zh-TW
Штурм,突擊,zh-TW
Штурм уязвимости,弱點突襲,zh-TW
Шум рынка в Переулке ауруматонов,金人舊巷市廛喧,zh-TW
Щелкунчик,杏核裂手,zh-TW
Щитовая система,護盾系統,zh-TW
Эванесса,緋英,zh-TW
Экипаж асов,王牌機組,zh-TW
Экскалибур,誓約勝利之劍,zh-TW
Эксперименты с напитками,調飲研究,zh-TW
Эксперт по будущему,未來大師,zh-TW
Эксперт судьбы Возвышающего святилища,長樂天命理大師,zh-TW
Экспертиза подлинности в священном городе,聖城鑑寶,zh-TW
Экстремальное испытание,極限挑戰,zh-TW
Экус,埃克斯,zh-TW
Элегия сирены,哀歌塞壬,zh-TW
Энергия,精力,zh-TW
Энергия 200,靈能百分之兩百,zh-TW
Энума Элиш: Звезда сотворения,天地乖離•開闢之星,zh-TW
Эпидемия несчастий,多災多難,zh-TW
Эпизод из жизни,生活點滴,zh-TW
Эпос,敘事詩,zh-TW
ЭрудроидСледитЗаТобой,智械大哥看著你,zh-TW
Эрудроидам не нужны тормоза,我是智械，不用剎車,zh-TW
Это электромобиль,這是電動車,zh-TW
Эффект свинки-копилки,撲滿效應,zh-TW
Эффективный перерасход,性能透支,zh-TW
Эхо,複讀機,zh-TW
Эхо бури,風暴迴響,zh-TW
Эшвейл,不死途,zh-TW
Юность,青年期,zh-TW
Юность: оценка,青年期診斷,zh-TW
Юный член экипажа,給列車組老么的一封信,zh-TW
Я извергаю пламя,我要噴火,zh-TW
Я нашёл странную подработку,之前接到一個很奇怪的工作,zh-TW
Я очень испугался сегодня,今天真是嚇死我了,zh-TW
Я уже коснулась неба,因為我已觸碰過天空,zh-TW
Я уничтожу мир!,我要毀滅世界！,zh-TW
Ядовитое облако,毒雲,zh-TW
Ядовитый туман,毒霧,zh-TW
Ядро печи дракона,龍之爐心,zh-TW
Язык геозавров: от новичка до больничной койки,大地獸語，從入門到入院,zh-TW
Язык геозавров: от новичка до геогуру,大地獸語，從入門到入土,zh-TW
Язык розмарина,迷迭香的花語,zh-TW
Ялик-призрак! Потусторонние духи не знают покоя!,幽靈星槎！永不安息的亡靈！,zh-TW
Яньцин,彥卿,zh-TW
Яо Гуан,爻光,zh-TW
Ясный гром,晴雷,zh-TW
Ящик № 18,第十八號箱子,zh-TW
а_ветер_всё_дует,風今天還是那麼吹,zh-TW
абориген переулка,金人巷土著,zh-TW
ветряные_желания,風隨心,zh-TW
вздохи_вечернего_колокола,晚鐘的嘆息,zh-TW
во_веки_веков,千秋萬代,zh-TW
вокруг_одни_дураки,鐵頭來找你了,zh-TW
вольный чистик,滄海鴿壯志,zh-TW
всем пис,一生平安,zh-TW
гадкий_пранкер,搗蛋小臭寶,zh-TW
здесь_был_Ян,陽哥在此,zh-TW
имя_неважно,名字不重要,zh-TW
куро4ка_на_обед,炒雞餓,zh-TW
ледяной_ворон,寒冷烏鴉,zh-TW
лис_ловец_ветра,追風的狐,zh-TW
люблюпотрошки,我愛牛雜,zh-TW
мастер_ужасов,恐怖片大師,zh-TW
милая_летяга,可愛到飛起了,zh-TW
нахальный_пассажир,囂張路過,zh-TW
не_пущу_на_поминки,別給我燒紙,zh-TW
не_умею_в_счёты,變成玉兆廢人,zh-TW
не_хочу_вставать,呆呆不早起,zh-TW
нельзя_жрать,寶哥不許吃,zh-TW
нельзя_опаздывать,不能再遲到了,zh-TW
нелюблюспать,不愛睡覺,zh-TW
непилот,永不空軍,zh-TW
неспящий,夜夜睡不好,zh-TW
никому_не_отвечаю,二樓沒水準,zh-TW
ночнаятень123,等天黑123,zh-TW
ныряльщик чешуйчатого ущелья,鱗淵冰泉洗澡,zh-TW
облачная бэйби,雲上五嬌,zh-TW
обновлятор123,絕不拖更123,zh-TW
огонькармы,業火不盡,zh-TW
отшельник в белом,白衣居士,zh-TW
охохохох,唉唉唉唉,zh-TW
пейте_больше_воды,阿生多喝水,zh-TW
плыву_пока_вода_не_посинеет,游到海水變藍,zh-TW
пожалей_меня_сестра,好姐姐饒了我,zh-TW
проклятый_небом,天譴之人,zh-TW
простая_истина,大道至簡,zh-TW
прошлое_в_прошлом,往事隨風,zh-TW
резчик_по_картам,切牌大師,zh-TW
строю_бессмертный_город,共築永恆之城,zh-TW
студентик,學生,zh-TW
студёная_кровь_горячий_чай,冷血殺手愛喝熱茶,zh-TW
талисманталисман,靈符靈符靈符,zh-TW
тише_едешь_дальше_будешь,寧靜致遠,zh-TW
убийца_сяньчжоуских_тараканов,消滅仙舟大蠊,zh-TW
уважухаверховномустарейшине,對龍尊大人一心一意,zh-TW
угасшая_слава,繁華落盡寂寞人,zh-TW
умныйдурак,機靈小不懂,zh-TW
унесённый_дождём,消逝在雨中,zh-TW
хо4убытьОблачнымРыцарем,考上雲騎還願,zh-TW
чирикаю_и_не_лысею,啾啾才沒有謝頂呢,zh-TW
กดแตรเร่งสปีด,按喇叭加速,zh-TW
กรงไร้รูปร่าง,無形之牢,zh-TW
กรอบนอกนุ่มใน,裡生外熟,zh-TW
กระแสที่ไหลบ่า,圓清流,zh-TW
กระแสวิญญาณนักสู้,戰意狂潮,zh-TW
กระแสโลหิตหลั่งริน,溢傷串流,zh-TW
กลุ่มผู้สนับสนุน Topaz,托帕後援團,zh-TW
กลโกงลูกเต๋า,骰機取巧,zh-TW
กล่องเบอร์ 18,第十八號箱子,zh-TW
กล้ามเนื้อ,肌質,zh-TW
กวัดแกว่งค้อนยักษ์,手掄大錘呼呼響,zh-TW
กองพันภูตธุลี,塵靈勁旅,zh-TW
กองหน้าบุกทะลวง,破敵先鋒,zh-TW
กองเรือผีสิงที่มองไม่เห็น และไม่สามารถสัมผัสได้,不能直接觀測的幽靈艦隊,zh-TW
กาน้ำชา Artisanship,工造司茶壺,zh-TW
กาน้ำชาใหญ่แห่ง Artisanship,工造司大茶壺,zh-TW
การจ้างงาน,成員召募,zh-TW
การทดสอบระบบฉายภาพ ด้วยโดรนขนาดใหญ่,大型無人機投影裝置測試,zh-TW
การทำโอทีบ่อยเกินไป ส่งผลให้พนักงานจิตตก!,加班過於頻繁，員工精神錯亂！,zh-TW
การท้าทายขีดจำกัด,極限挑戰,zh-TW
การท้าทายทั่วไป,常規挑戰,zh-TW
การท้าทายอิสระ,自由挑戰,zh-TW
การท้าทายเนื้อเรื่อง,劇情挑戰,zh-TW
การบุกเบิกต่อเนื่อง,開拓續聞,zh-TW
การประชุมมื้อค่ำ,晚餐會議,zh-TW
การประเมินของสวนบุปผา,花園評定,zh-TW
การประเมินขั้นที่ 1,第一階段診斷,zh-TW
การประเมินขั้นที่ 2,第二階段診斷,zh-TW
การประเมินขั้นที่ 3,第三階段診斷,zh-TW
การประเมินวัยรุ่น,少年期診斷,zh-TW
การประเมินวัยเด็ก,幼年期診斷,zh-TW
การประเมินวัยโต,青年期診斷,zh-TW
การป้องกันการตอบสนองหลัก,核心響應協議保護,zh-TW
การผจญภัยในโลกใบจิ๋ว,方寸大冒險,zh-TW
การรวบรวมแมวน้ำ,海豹蒐集,zh-TW
การศึกษาเครื่องดื่ม,調飲研究,zh-TW
การสนับสนุนจากครอบครัว,家人的支持,zh-TW
การันตีขั้นต่ำ,小保底,zh-TW
การันตีขั้นสุด,大保底,zh-TW
การเดินทางของนาฬิกา,《鐘錶環遊記》,zh-TW
การเดินทางแห่งดวงดาว,星軺旅進,zh-TW
การแข่งขันซูเปอร์ลีกแห่งเมือง Boulder,磐岩鎮超級聯賽,zh-TW
การแลกเปลี่ยนเกินฝัน,一次意外的交流,zh-TW
กำจัดแมลงสาบ Xianzhou,消滅仙舟大蠊,zh-TW
กำนัลคมศัสตรา,淬鋒之禮,zh-TW
กำลังรวบรวม: ทุกอย่างเกี่ยวกับ Guinaifen,募集中：關於桂乃芬的一切,zh-TW
กำลังเรียนอยู่ รบกวนได้,學習中，請打擾。,zh-TW
กำหนดการแข่งดวลยุทธ์,演武賽程,zh-TW
กิน Cerces ให้หมด,吃掉瑟希斯,zh-TW
กินแหลกไม่แจกใคร,什麼都吃,zh-TW
กู้ข้อมูล,資料回收,zh-TW
ก่อนวีรชนจะลาลับ,英雄未死之前,zh-TW
ก้าวผ่านบุปผาแดนนิทรา,走過安眠地的花叢,zh-TW
ขจัดราบคาบ,全盤殺毒,zh-TW
ขนมซิ่งบุกตะลุย,點心糕餅向前衝,zh-TW
ขยะแสนประหลาด,古怪的垃圾,zh-TW
ขยายอาณาเขต,開疆擴土,zh-TW
ขว้างขยะ,垃圾投擲,zh-TW
ของขวัญจาก Mem,迷迷贈禮,zh-TW
ของขวัญจากกาลเวลา,歲月的饋贈,zh-TW
ของขวัญจากดวงดาว,巡星之禮,zh-TW
ของขวัญจากดาราที่โผบิน,飛星之禮,zh-TW
ของขวัญจากสถานีโทรทัศน์,電視台謝禮,zh-TW
ของขวัญต้อนรับ,入園禮遇,zh-TW
ของขวัญเหนือหมู่ดาว,逴星之禮,zh-TW
ของขวัญแดนสุขาวดี,樂園之禮,zh-TW
ของขวัญแห่งการเดินทาง,巡光之禮,zh-TW
ของขวัญแห่งขบวนรถไฟ,列車的禮物,zh-TW
ขออัจฉริยะสักคนด่วนๆ!,等一位天才上線！,zh-TW
ขอแชร์เป้าหมายเล็กๆ ซะหน่อย,分享一下小目標,zh-TW
ขัดข้อง,故障破損,zh-TW
ขั้นที่ 1,第一階段,zh-TW
ขั้นที่ 2,第二階段,zh-TW
ขั้นที่ 3,第三階段,zh-TW
ขี้เต๊ะ 23 กรัม,23克臭屁,zh-TW
ข่าวซุบซิบ,八卦怪談,zh-TW
ข่าวด่วน,動態快報,zh-TW
ข้อความถึงแฟนคลับหน้าเก่า และหน้าใหม่,寫給新舊粉絲的一些話,zh-TW
ข้างบนนั่นคือหลานฉันเอง,樓上是我孫子,zh-TW
คงเหลือ:,剩餘：,zh-TW
คดีสังหารหมู่ ใจไม่ถึงห้ามอ่าน,滅門慘案，膽小者請勿點開,zh-TW
คนจริงจากตรอก Aurum,金人巷土著,zh-TW
คนจริงพร้อมชน,誨人不倦,zh-TW
คนชรา,老者,zh-TW
คนดีมีเงินแห่ง Xianzhou,仙舟第一有錢花,zh-TW
คนทึ่มกดกริ่งสองครา,愚者總按兩遍鈴,zh-TW
คนพเนจร,流浪者,zh-TW
คนรัก Starskiff,星槎愛好者,zh-TW
คนหล่อ No.1 แห่งตรอก Aurum,金人巷第一美男,zh-TW
คนเก็บอาหารสัตว์,糧草徵收人,zh-TW
คนไม่ชอบนอน,不愛睡覺,zh-TW
ครัวมหาประลัย,地獄廚房,zh-TW
ครั้งที่ 1,第一次,zh-TW
ครั้งที่ 2,第二次,zh-TW
ครั้งที่ 3,第三次,zh-TW
ครั้งที่ 4,第四次,zh-TW
ครั้งที่ 5,第五次,zh-TW
ครั้งที่ 6,第六次,zh-TW
ครั้งที่ 7,第七次,zh-TW
คราวหน้าไม่ต้องเล่นแล้ว,下次不要玩了,zh-TW
คลั่งรักน้อง Naifen,瘋狂奶粉,zh-TW
คลิปคลายเครียด,解壓小影片,zh-TW
ความคืบหน้าการดวล,競技進度,zh-TW
ความคืบหน้าการแสดง,演出進度,zh-TW
ความคืบหน้าของคะแนน,分數進度,zh-TW
ความคืบหน้าของภารกิจ,任務程序,zh-TW
ความคืบหน้ารอบคัดเลือก,叩關進度,zh-TW
ความคืบหน้าเนื้อเรื่อง,劇情進度,zh-TW
ความจริงของบ้านผีสิง หยุดแพร่เรื่องเท็จกันได้แล้ว,凶宅真相，別再以訛傳訛了,zh-TW
ความจริงของพลาสติก,塑膠大實話,zh-TW
ความจริงที่ Cloudford มีคนอยู่น้อยนิด!,流雲渡人煙稀少的真相！,zh-TW
ความชำนาญดาบ,劍術進境,zh-TW
ความตื่นตระหนกจากธรณี,大地的驚嚇,zh-TW
ความทรงจำคืออารัมภบทฝัน,記憶是夢的開場白,zh-TW
ความลับของฝันหวาน,《美夢大機密》,zh-TW
ความหมายของโรสแมรี,迷迭香的花語,zh-TW
ความเครียดในที่ทำงานอันแสนหนักอึ้ง กับสาวน้อยคนหนึ่งที่อยากจะหนีไปให้ไกลโพ้น,職場壓力巨大，少女欲遠走天外,zh-TW
ความเชื่อใจขั้นพื้นฐานล่ะ?,基本的信任呢？,zh-TW
ความเร็วและโค้ด,程式碼關頭,zh-TW
คว้าชัยแต่เริ่ม,旗開得勝,zh-TW
คอไม่ยาวพอ,脖子不夠長,zh-TW
คัมภีร์ทิวาราตรี,晨昏卷隱,zh-TW
คัมภีร์ฝึกดาบบุปผาแรกแย้ม,初花習劍錄,zh-TW
คำขอการสำรวจ,調查委託,zh-TW
คำชี้แนะของอสูรธรณี,大地獸的指引,zh-TW
คำถามปรัชญา,哲學問題,zh-TW
คำถามร้อยแปดพันเก้า,十萬個為什麼,zh-TW
คำสั่งด่วน,快速指令,zh-TW
คิดชื่อเจ๋งๆ ไม่ออก,想不出好暱稱,zh-TW
คุณ Yo-Yo,大悠姐,zh-TW
คุณคนดี,好好先生,zh-TW
คุณภาพที่เหนือกว่าปริมาณ,寧缺毋濫,zh-TW
คู่มือแต่งบ้านแห่งจักรวาล,宇宙家裝指南,zh-TW
คู่มือแฟชั่นแห่งกาแล็กซี: ฉบับลำนำเหมันต์,銀河潮流指南•冬韻特輯,zh-TW
คู่หูนักรบ,戮力雙雄,zh-TW
คู่เต้นรำสวมหน้ากาก,假面雙人舞,zh-TW
คู่แข่งที่ฝีมือพอๆ กัน,旗鼓相當的對手,zh-TW
ค่ำคืนก่อนเดินทาง,啟程前夕,zh-TW
ค่ำคืนจักรวาลที่ลวงตา,宇宙幻覺之夜,zh-TW
ค้นฟ้าล่าฝัน,清龍入夢,zh-TW
งานเลี้ยงอาบยาพิษ,烈毒盛宴,zh-TW
งานแบ่งปันประสบการณ์การวิจัย,研究心得分享大會,zh-TW
จดหมายจากหญิงแปลกหน้า,陌生女子的來信,zh-TW
จดหมายถึงน้องเล็กของทีมขบวนรถไฟ,給列車組老么的一封信,zh-TW
จมสู่นทีลืมเลือนแห่งชีวี,沉於生者的忘川,zh-TW
จระเข้ ศัตรูตัวฉกาจ,鱷魚公敵,zh-TW
จระเข้ตัวร้าย กลับมาแล้ว,邪鱷歸來,zh-TW
จอมปากแจ๋ว,說怪話,zh-TW
จอมวายแห่งจักรวาล,宇宙大矯情,zh-TW
จอมหมัดวัฒนธรรม,文化拳王,zh-TW
จอมเสเพลแห่ง Alchemy Commission,丹鼎司浪子,zh-TW
จอมโวยแห่งจักรวาล,宇宙小矯情,zh-TW
จะดึงหางให้กุดเลย,拽三樓尾巴,zh-TW
จะไม่เปลี่ยนชื่อจนกว่าจะสอบติด Artisanship,考不進工造司不改名,zh-TW
จักรยานล้อเดียว,獨輪車,zh-TW
จักรวาลคือครอบครัว,宇宙一家親,zh-TW
จักรวาลต่างมิติ: ความหรรษาของมนุษย์,差分宇宙•人間喜劇,zh-TW
จักรวาลต่างมิติ: บันทึกแดนสุขาวดี,差分宇宙•樂園漫記,zh-TW
จักรวาลต่างมิติ: วีรชนพันหน้า,差分宇宙•千面英雄,zh-TW
จักรวาลที่กว้างใหญ่ 729,浩瀚宇宙729,zh-TW
จังหวะขั้นเทพ,節奏高手,zh-TW
จัดสรรสมรรถนะ,性能分配,zh-TW
จันทรุปราคา,月食,zh-TW
จันทร์จันทร์จันทร์จันทร์,月月月月,zh-TW
จันทร์เต็มดวงคือช่วงไร้เทพ,滿月是神不在的時間,zh-TW
จากนิรันดร์สู่ความดับสูญ,仙骸有終,zh-TW
จากรุ่งโรจน์เป็นรุ่งริ่ง,繁華落盡寂寞人,zh-TW
จากไปในยามป่วย,趁病要命,zh-TW
จารึกคำทำนาย,預言算碑,zh-TW
จำฉันได้รึเปล่า,記得我嗎,zh-TW
จำนวน HP,生命計數,zh-TW
จำลองสัมภาษณ์ของกองพลอสูรธรณี,大地獸旅團的模擬面試,zh-TW
จำหน้าไม่ได้,臉盲症,zh-TW
จิ้งจอกล่าลม,追風的狐,zh-TW
จิ้งจอกสวรรค์,天上仙狐,zh-TW
จุดจบที่ไม่สิ้นสุด,無盡終結,zh-TW
จุดตรวจปรากฏการณ์พิเศษแห่ง Realm-Keeping Commission รายงานตัว!,地衡司特殊現象調查處，前來報到,zh-TW
จุดตะเกียงบนปลาตะเกียง,燈籠魚上點燈籠,zh-TW
จุดอ่อนนั้น ฉันขอล่ะ,您的弱點，請收下,zh-TW
จุดอ่อนมฤตยู,致命弱點,zh-TW
จุ๊ๆ ไม่ได้หัวล้านซะหน่อย,啾啾才沒有謝頂呢,zh-TW
จู่ๆ ก็ได้รับข้อความลี้ลับ,突然收到了靈異資訊,zh-TW
จ้องมองอย่างเงียบงัน,沉默的注視,zh-TW
ฉลองครบรอบ,週年,zh-TW
ฉลาดน้อย ไม่เข้าใจ,機靈小不懂,zh-TW
ฉันคือราชามังกรผู้กลับชาติมาเกิด,重生之我是龍王,zh-TW
ฉันจะทำลายล้างโลก!,我要毀滅世界！,zh-TW
ฉันจะพ่นไฟ,我要噴火,zh-TW
ฉันมาจากเหวลึก,我來自深淵,zh-TW
ฉันรักเครื่องในวัว,我愛牛雜,zh-TW
ฉันอยากลูบหาง Diting,我想摸諦聽尾巴,zh-TW
ชมรมยอดเยี่ยม,最佳社團,zh-TW
ชอบกินแฮมเบอร์เกอร์จิ๋ว,愛吃小漢堡,zh-TW
ชอบชิดใกล้,黏人,zh-TW
ชะตาล่าคม,命運逐鋒,zh-TW
ชายชรา,老爺爺,zh-TW
ชาว Xianzhou ชี้ทาง,仙舟人指路,zh-TW
ชาวเมืองผู้สู้ชีวิต,奮鬥的公民,zh-TW
ชาเลนจ์ห้ามหัวเราะ,不要笑挑戰,zh-TW
ชิปพลิกเกมของ Aventurine,砂金的翻盤籌碼,zh-TW
ชีวิตที่สงบสุข,一生平安,zh-TW
ชีวิตแบบพึ่งพาตัวเอง,獨立生活,zh-TW
ชื่ออะไรไม่สำคัญ,名字不重要,zh-TW
ชื่อเสียงวงดนตรี,樂團聲望,zh-TW
ช็อก! เรื่องราวในหนังสือ ดันมาเกิดขึ้นรอบตัวฉันซะได้!,震驚！話本裡的故事竟然發生在我身邊！,zh-TW
ช่วงชี้ชะตา,決勝時刻,zh-TW
ช่วงเวลาแห่งความสงบ,歲月靜好,zh-TW
ช่วงเวลาไล่ล่า,獵殺時刻,zh-TW
ช่วยด้วย! เกิดอะไรขึ้นกับพ่อของฉันกันแน่เนี่ย?,求助！我爸到底是怎麼了？,zh-TW
ช่วยเหลือ,助戰,zh-TW
ช่วยเหลือนักวิจัยที่ใจสลาย,拯救心碎組員,zh-TW
ช่องบันเทิง,娛樂台,zh-TW
ช่องภาพยนตร์,影音台,zh-TW
ช่องศิลปะ,藝術台,zh-TW
ช่องโหว่ลมเฉือน,風化漏洞,zh-TW
ช่องโหว่แช่แข็ง,凍結漏洞,zh-TW
ช่องไลฟ์สไตล์,生活台,zh-TW
ซาบซึ้งประทับใจ สะเทือนลึกถึงอารมณ์ ข้ามมิติมาหารัก,感人肺腑，至情至深——穿越次元愛上你,zh-TW
ซึ้ง! ผีหมากรุกสมปรารถนา วิญญาณไปสู่สุคติ!,感人！棋鬼償夙願，英靈得往生！,zh-TW
ซ่อมแซมอัตโนมัติ,自動修復,zh-TW
ซ่อมแซมโมดูลทีมเวิร์ก,修正團隊協作模組,zh-TW
ดวลตู้เกม,街機對戰,zh-TW
ดวลผู้ช่วยผู้พิทักษ์ซ้าย,左護法輔佐戰,zh-TW
ดวลผู้พิทักษ์ขวา,右護法戰,zh-TW
ดวลผู้พิทักษ์ขวา: อีกครั้ง,右護法戰•再開,zh-TW
ดวลผู้พิทักษ์ซ้าย,左護法戰,zh-TW
ดอกไม้ปลิวปะทะดอกไม้ปลิว,飛花又見飛花,zh-TW
ดอกไม้หรรษา,小花有喜,zh-TW
ดอกไม้อัปลักษณ์,醜陋花朵,zh-TW
ดับเบิลเบอร์เกอร์ดิน,雙層脆土堡,zh-TW
ดาบที่ซ่อนใต้แขนเสื้อ,袖中劍,zh-TW
ดาบในแขนเสื้อ,袖裡劍,zh-TW
ดาราชะตาลิขิต,命中註定的星辰,zh-TW
ดาราที่หวนคืน,循星歸程,zh-TW
ดาว C996,C996星球,zh-TW
ดาว D007,D007星球,zh-TW
ดาว F233,F233星球,zh-TW
ดาว M078,M078星球,zh-TW
ดาว V612,V612星球,zh-TW
ดาวตกนับพันดวง,一千顆流星,zh-TW
ดาวนำโชคแห่งกาแล็กซี,銀河幸運星,zh-TW
ดาวน้ำตาลแสนหวาน,糖霜星球,zh-TW
ดาวฝันหวาน,甜夢星球,zh-TW
ดาวฟันเฟือง,齒輪星球,zh-TW
ดาวภูเขาไฟ,火山星球,zh-TW
ดาวย่อส่วน,微縮星球,zh-TW
ดาวสีครามและ Wubbaboo,湛藍星與嗚嗚伯,zh-TW
ดินดำขมปี๋,苦苦黑土,zh-TW
ดินแดงชนะอสูรธรณี,紅土單殺大地獸,zh-TW
ดินแดงแสนหวาน,清甜紅土,zh-TW
ดินแดนพิศวง,異器盈界,zh-TW
ดินแดนพิศวง 300%,異器盈界300%,zh-TW
ดึกดื่นตื่นเต็มตา,夜夜睡不好,zh-TW
ดื่มน้ำเยอะๆ นะ,阿生多喝水,zh-TW
ด้วยรักจากสมาคมดื่มชา,愛來自飲茶會,zh-TW
ด้วยเหตุฉะนี้ มวลชนจึงหัวเราะ,如是，眾生歡笑不已,zh-TW
ด้อมท่าน Herta (ชื่อย่อ),「大•黑•粉」（簡稱）,zh-TW
ด้านมืดของจันทรา,月之暗面,zh-TW
ตกแต่งภายใน,室內裝修,zh-TW
ตรวจจับส่วนต่าง,殘差檢測,zh-TW
ตรอก Aurum สุดอลเวง,金人舊巷市廛喧,zh-TW
ตระกูล Landau... และ Pela,朗道一家……以及佩拉,zh-TW
ตลาดแห่งอนาคต,未來市場,zh-TW
ตอนที่ฉลาด สุขภาพดี และน่าหลงใหลที่สุด,最聰明、健康、迷人的一集,zh-TW
ตะลึง! ความจริงเบื้องหลังวัตถุบินได้ลึกลับ,勁爆！不明飛行物背後的真相。,zh-TW
ตะลึง! ตัวตนที่แท้จริงของผีหมากรุกสุดแปลก ก็คือ...,驚！棋鬼怪人的身分竟然是……,zh-TW
ตะลุยกลิ่นพิศวง,虛境味探,zh-TW
ตะลุยคลังมหัศจรรย์,奇庫尋遺,zh-TW
ตะลุยจักรวาล,星間旅行,zh-TW
ตะวันคู่จันทรา,日月同輝,zh-TW
ตะวันแรงกล้า,烈日,zh-TW
ตัดต่อภาพยนตร์,影片剪輯,zh-TW
ตั้งต้นเดินทาง ณ วันที่แปด,在第八日啟程,zh-TW
ตั้งแคมป์ในทุ่งหิมะ,雪原露營,zh-TW
ตาฉันล่ะนะ!,我的回合！,zh-TW
ตามรอยล่าสมบัติ,循跡覓寶,zh-TW
ตามรอยแนวคิดสร้างสรรค์,追蹤創新思維痕跡,zh-TW
ตามหา Herta,尋找黑塔,zh-TW
ตำนานจิ้งจอกลี้ลับ,狐齋志異,zh-TW
ตำนานอัศวินเบสบอลแห่งกาแล็กซี: จอมมาร,銀河球棒俠傳說：魔王篇,zh-TW
ตำนานอัศวินเบสบอลแห่งกาแล็กซี: ออกเดินทาง,銀河球棒俠傳說：啟程篇,zh-TW
ติ๊ง! เช็กลิสต์แห่งแดนสุขาวดี,滴！樂園打卡必玩榜,zh-TW
ต่างก็เหมือนกัน,一樣的，一樣的。,zh-TW
ต้องการซื้อบ้านโปรดทักแชท,購房意向請私訊,zh-TW
ถังขยะ,垃圾桶,zh-TW
ถังขยะ 7 สี,七色垃圾桶,zh-TW
ถังขยะมืดฟ้ามัวดิน,人山人海的桶,zh-TW
ถังขยะสามท่าในคราวเดียว,一輪三動的桶,zh-TW
ถังขยะอัจฉริยะ,智慧型垃圾桶,zh-TW
ถังขยะอันตราย,有害垃圾的桶,zh-TW
ถังที่มีความรับผิดชอบ,負責的小桶,zh-TW
ถังที่สละตัวเองเพื่อผู้คน,捨己為人的桶,zh-TW
ถังน้อยแช่แข็ง,冰封的小桶,zh-TW
ถังสีน้ำเงิน,深藍的小桶,zh-TW
ถังเก็บขยะ,拾荒的小桶,zh-TW
ถังเพื่อนเกลอ,同好的小桶,zh-TW
ถังแห่งการแลกเปลี่ยนที่เท่าเทียม,等價交換的桶,zh-TW
ถึงเจ้าเด็กน้อยบางคน,給某個小傢伙,zh-TW
ถึงเพื่อนรัก เพื่อนร่วมชั้น และครอบครัวที่รักที่สุดของฉัน!,致我最親愛的夥伴、同學、家人！,zh-TW
ถุงนำโชคของนักแสดงตลก,喜劇人們的自選福袋,zh-TW
ถ่านดำมะเมื่อม,礦渣黑黑,zh-TW
ทดสอบการวิเคราะห์หลายชั้น,多層次解析能力測試,zh-TW
ทดสอบลองเชิง,鋒芒嶄露,zh-TW
ทลายต่อเนื่อง,擊破連環,zh-TW
ทลายโล่,反護盾,zh-TW
ทหารที่มาสาย,遲到的衛兵,zh-TW
ทอยเต๋า! ศึกดวลพลัง!,擲骰吧！戰力黨！,zh-TW
ทอยเต๋าอีกครั้ง! ศึกดวลพลัง!,繼續擲骰！戰力黨！,zh-TW
ทะลวงขีดจำกัด,常值突破,zh-TW
ทะลวงพิสัย,閾值破壞,zh-TW
ทะลวงโปรโตคอล,協議突破,zh-TW
ทะเลาะกับไคเมร่า,和奇美拉吵架,zh-TW
ทะเลเมฆ,雲海,zh-TW
ทำนองไล่ล่าแห่งตำรานินจา,音律狩獵忍法帖,zh-TW
ทิวาสู่ราตรี,長日入夜行,zh-TW
ทีมลูกเรือมือหนึ่ง,王牌機組,zh-TW
ที่ Foxsomn Tomb มีเรื่องสยองเยอะมาก,狐眠塚那邊有很多恐怖傳說,zh-TW
ทุกคน อย่ากินเห็ดที่ไม่รู้ที่มาที่ไปมั่วซั่วเชียวนะ,家人們，來路不明的蘑菇不要隨便亂吃啊,zh-TW
ทุกคน! คราวนี้เจ้าหนู Gui มาขอความช่วยเหลือ!,家人們！這次小桂子來求助了！,zh-TW
ทุกคนฟังทางนี้!,全體目光向我看齊！,zh-TW
ทุกสิ่งเกี่ยวกับ Boothill...,關於波提歐的一切……,zh-TW
ท่องดาราเฟ้นเงา,星旅尋影,zh-TW
ท่องไปสุดขอบฟ้า,邀遊天外,zh-TW
ท่าน Herta,大黑塔,zh-TW
ท่าน Hook สายดาร์ก,漆黑的虎克大人,zh-TW
ท้าชนคนจริง,毀人不倦,zh-TW
ธรรมเนียมสุดน่ารักในเทศกาล,可愛的節日習俗,zh-TW
ธุรกิจร่ายคำอธิษฐาน 1,禱言營業•其一,zh-TW
ธุรกิจร่ายคำอธิษฐาน 2,禱言營業•其二,zh-TW
ธุรกิจร่ายคำอธิษฐาน 3,禱言營業•其三,zh-TW
ธุรกิจร่ายคำอธิษฐาน 4,禱言營業•其四,zh-TW
ธุรกิจร่ายคำอธิษฐาน 5,禱言營業•其五,zh-TW
ธุรกิจร่ายคำอธิษฐาน 6,禱言營業•其六,zh-TW
ธุรกิจร่ายคำอธิษฐาน 7,禱言營業•其七,zh-TW
ธุรกิจร่ายคำอธิษฐาน: ฉากคั่น,禱言營業•幕間劇,zh-TW
นกกระดาษตะลุมบอน,摺紙小鳥對對碰,zh-TW
นกที่ตื่นสายคือนกที่ง่วง,呆呆不早起,zh-TW
นกน้อยจนใจ,無奈的小鳥飛,zh-TW
นกแก้วนกขุนทอง,複讀機,zh-TW
นมถั่วเหลืองเผ็ดๆ เค็มๆ ของ Guigui,桂桂的鹹辣豆汁,zh-TW
นมผงนมผงดื่มนมผง,奶粉奶粉喝奶粉,zh-TW
"นัก ""บล็อก"" ปราบทุจริต",反貪「磚」家,zh-TW
นักกระตุ้นมิตรภาพ,友誼激勵師,zh-TW
นักขับแทนมืออาชีพ,專業代打,zh-TW
นักข่าวเฟอร์โบ้,狸貓記者,zh-TW
นักฆ่าคู่ชาร้อน,冷血殺手愛喝熱茶,zh-TW
นักดาบไร้เทียมทาน 123,無敵劍士123,zh-TW
นักทุบ Stella Almond,杏核裂手,zh-TW
นักบวช,祭司,zh-TW
นักปราชญ์เฒ่า,老賢者,zh-TW
นักผจญภัย Scalegorge Waterscape,鱗淵境的冒險者,zh-TW
นักมายากลแห่งความตาย 1020,送命魔術師1020,zh-TW
นักวิชาการสมการ,方程式學者,zh-TW
นักเครื่องสายวารี,水漫琴師,zh-TW
นักเดินทางผู้หนึ่ง,一位旅人,zh-TW
นักเรียน,學生,zh-TW
นักเรียนนักศึกษา,學生,zh-TW
นักแข่งฟู้ดไรเดอร์,外送餐點的賽車手,zh-TW
นักแสดงที่เล่นเป็นท่าน Bailu เป็นใครมาจากไหนกัน?,扮演白露大人的演員是什麼來歷啊？,zh-TW
นับพันนับหมื่นปี,千秋萬代,zh-TW
นางฟ้าแห่งท้องถนน,馬路天使,zh-TW
นายพลของเทพแห่งครรภ์ศร,遞弓天將,zh-TW
นาฬิกาในห้วงฝัน,夢境迷鐘,zh-TW
นิทานพื้นบ้านดั้งเดิม...?,傳統童話故事……？,zh-TW
นินจาผู้กล้าจอมวุ่น AKA Rappa,繚亂忍俠•AKA•亂破,zh-TW
นิสัยรักการอ่าน,閱讀習慣,zh-TW
นี่คือรถไฟฟ้า,這是電動車,zh-TW
น่ารักจนบินได้,可愛到飛起了,zh-TW
น่ารักเท่าจักรวาล,銀河小可愛,zh-TW
น้อง Sparxie,火花花,zh-TW
น้องข้าว,蝶遐,zh-TW
น้อมส่งวิญญาณ ในหนทางอันแสนไกล,安靈布奠，天清路遠,zh-TW
น้ำค้างแข็ง,霜,zh-TW
น้ำมันเบรกหมด,剎車沒油,zh-TW
บทกวีบรรยาย,敘事詩,zh-TW
บทกวีพรรณาความรู้สึก,抒情詩,zh-TW
บทกวีสอนใจ,寓言詩,zh-TW
บททดสอบแห่งคมดาบน้ำแข็ง,霜刃一試,zh-TW
บททดสอบไร้ที่สิ้นสุด: พื้นฐาน,無限之試煉•基礎,zh-TW
บททดสอบไร้ที่สิ้นสุด: ยาก,無限之試煉•困難,zh-TW
บริษัทท่องเที่ยว Xianzhou #10,第十仙舟旅行社,zh-TW
บริหารต่อเนื่อง,持續營運,zh-TW
บอตตอบกลับอัตโนมัติ,自動回覆好期待機器人,zh-TW
บอลเด้งดึ๋ง,咚咚球,zh-TW
บัญชีผู้ใช้นี้ถูกลบแล้ว,使用者已註銷,zh-TW
บัญชีผู้ใช้นี้ถูกลบแล้ว,該使用者已註銷,zh-TW
บันทึกกลียุคภูตธุลี,塵靈亂世錄,zh-TW
บันทึกการบิน,飛行日誌,zh-TW
บันทึกการสำรวจของผู้บุกเบิก,拓宇行疆之志,zh-TW
บันทึกจอมดาบ,劍俠紀事,zh-TW
บันทึกทัศนาจรของ Illia,伊利亞遊記,zh-TW
บันทึกมิติลี้ลับ: Foxsomn Tomb,降妖輯錄•狐眠塚,zh-TW
บันทึกมิติลี้ลับ: Locufox Forest,降妖輯錄•談狐林,zh-TW
บันทึกมิติลี้ลับ: Pavilion of Cessation,降妖輯錄•偃息館,zh-TW
บันทึกมิติลี้ลับ: Swallowsong Pavilion,降妖輯錄•燕樂亭,zh-TW
บันทึกหนีแดนขังของลูกพี่ Hanu,哈努兄弟越獄記,zh-TW
บาดแผลอันงดงาม,美麗傷口,zh-TW
บานาน่าสุดเดือด: สงครามไร้วิถีนินจา,蕉惡非道•無忍義之戰,zh-TW
บุกเบิก! พลังแห่งมิตรภาพ!,開拓，友誼魔法！,zh-TW
บุกเบิกกาแล็กซี,銀河開拓,zh-TW
บุคคลลึกลับ,神秘路人,zh-TW
บุปผาบานสะพรั่ง,花藏繁生,zh-TW
บุปผาบานสะพรั่ง 300%,花藏繁生300%,zh-TW
บ้านผีสิงมีเรื่องแปลกๆ เกิดขึ้นไม่หยุด,鬧鬼凶宅怪事不斷,zh-TW
บ้านในม่านหมอก!,霧中小屋！,zh-TW
ปฏิบัติการของลูกพี่ Hanu,小小哈努行動,zh-TW
ปฏิบัติการปราบวิญญาณ,降妖行動,zh-TW
ปฏิบัติการสถานีอวกาศ,太空站特派,zh-TW
ปฏิบัติการสืบสวน,探靈行動,zh-TW
ปฏิบัติการในสวนเฮี้ยน,遊園行動,zh-TW
ปฏิบัติการในโลกออนไลน์,網路行動,zh-TW
ปรมาจารย์ทองคำ,黃金大師,zh-TW
ปรมาจารย์ทำนายดวงแห่ง Exalting Sanctum,長樂天命理大師,zh-TW
ปรมาจารย์ศึกดวล,銀戰大師,zh-TW
ปรมาจารย์สับการ์ด,切牌大師,zh-TW
ปรมาจารย์หนังสยองขวัญ,恐怖片大師,zh-TW
ปรมาจารย์หมากรุก Fay,飛棋妙手,zh-TW
ปรมาจารย์ในอนาคต,未來大師,zh-TW
ปรมาจารย์ไอเทม,道具大師,zh-TW
ประกาศรับสมัครงาน,招工啟事,zh-TW
ประวัติศาสตร์รายวัน,天天說史,zh-TW
ประเมินความผิดปกติ,異常評估,zh-TW
ประเมินทางจิตใจ,心理評估,zh-TW
ประเมินสมบัติเมืองศักดิ์สิทธิ์,聖城鑑寶,zh-TW
ปรับปรุงการซิงค์ความทรงจำ,記憶銜接改良,zh-TW
ปรับปรุงตัวเอง,自我完善,zh-TW
ปรับปรุงตามปกติ,常態矯正,zh-TW
ปรับปรุงเทคโนโลยี,技術更新,zh-TW
ปรับเทียบความหมายการดำรงอยู่,存在意義校準,zh-TW
ปรับเทียบโมดูลอารมณ์,情感模組校準,zh-TW
ปรากฏการณ์น้ำขึ้นน้ำลง,潮汐效應,zh-TW
ปรุ๊ดๆ~ ปรุ๊ดๆ~,嘟嘟～嘟嘟～,zh-TW
ปลิวไปตามลม,狂風吹,zh-TW
ปังปัง Clara,磅磅•克拉拉,zh-TW
ปัญญา,靈知,zh-TW
ปัญหาทางอารมณ์,情緒困擾,zh-TW
ปัญหารถรางของ Amphoreus,翁法羅斯的列車難題,zh-TW
ปาฏิหาริย์ Oronyx,歐洛尼斯奇跡,zh-TW
ปาร์ตี้สุดเซอร์ไพรส์,驚喜派對,zh-TW
ปิดคดี! นี่คือสิ่งมีชีวิตควอนตัมลึกลับ!,破案了，是神秘量子生物！,zh-TW
ปีศาจในผ้ากำมะหยี่,天鵝絨裡的惡魔,zh-TW
ปืนประเมินคะแนน,評分槍,zh-TW
ปืนใหญ่ลูกกวาด,糖果炮彈,zh-TW
ป้องกันการทลายต่อการรับรู้ตน,防止自我認知崩潰,zh-TW
ป้องกันเซิร์ฟเวอร์โอเวอร์โหลด,防止伺服器超載,zh-TW
ผจญภัยรีโนเวตรถไฟ,列車改造奇遇,zh-TW
ผจญภัยในความฝัน,《迷夢大冒險》,zh-TW
ผลงานสิ่งมีชีวิตของ Ruan Mei,阮•梅造物,zh-TW
ผลไม้สีแดง,紅果,zh-TW
ผู้กอบกู้แห่งวายุ,颶風營救,zh-TW
ผู้ชมรุ่นเก๋า,資深觀眾,zh-TW
ผู้ช่วยที่เชื่อถือได้,可靠助力,zh-TW
ผู้ช่วยสุดแกร่ง,中堅助力,zh-TW
ผู้ดูแลโรงอาบน้ำ,澡堂侍者,zh-TW
ผู้ตัดสินแห่ง Exalting Sanctum,長樂天話事人,zh-TW
ผู้ที่ผ่านทางมา,路過的人,zh-TW
ผู้นำยืนหนึ่ง,獨尊一魁,zh-TW
ผู้นำศึกดวล,銀戰領袖,zh-TW
ผู้พิทักษ์ดาบยักษ์,巨劍守護,zh-TW
ผู้ยิ่งใหญ่ที่ซ่อนเร้น,大隱隱於市,zh-TW
ผู้วิเศษในขวดแก้ว,杯中仙,zh-TW
ผู้สั่งสอนจากเบื้องบน,天譴之人,zh-TW
ผู้เชี่ยวชาญการเลี้ยงดู,培育大師,zh-TW
ผู้เชี่ยวชาญงานมหกรรม,展會達人,zh-TW
ผู้เชี่ยวชาญด้านภาษา,語言高手,zh-TW
ผู้เล่นขั้นเทพ,最佳玩家,zh-TW
ผู้เล่นลูกเต๋า,骰號玩家,zh-TW
ผู้ใช้ 3333,用戶參參參參,zh-TW
ผู้ใช้ 55555,用戶二三三三三,zh-TW
ฝนกบ,青蛙雨,zh-TW
ฝนกรด,酸雨,zh-TW
ฝนกระหน่ำ,暴雨,zh-TW
ฝนกระหน่ำ ทำลายฝันที่จะได้หม่ำดิน,一場大雨毀了我的吃土夢,zh-TW
ฝนกลางหิมะ,雨夾雪,zh-TW
ฝนตกแดดออก,晴天雨,zh-TW
ฝนปลา,魚雨,zh-TW
ฝนพรำ,小雨,zh-TW
ฝนฟ้าคะนอง,雷雨,zh-TW
ฝันร้ายของกรรมการ,裁判的噩夢,zh-TW
ฝันหวานตลอดกาล,美夢永恆,zh-TW
ฝันหวานมาเยือน,美夢降臨,zh-TW
ฝึกงานกับกองพลอสูรธรณี,大地獸旅團的實習工作,zh-TW
ฝึกฝนในแดนฝัน,夢境訓練,zh-TW
พนักงานโรงอาบน้ำ,浴場侍者,zh-TW
พบปะกับผี? ความจริงกลับเป็น...?,和鬼見面？真相竟然是……？,zh-TW
พบปะกับผี? บทสรุปของการไลฟ์คุยกับผีคือ...,和鬼見面？直播跟鬼通話的結果是……,zh-TW
พรุ่งนี้ที่หวนสู่วันวาน,成為昨日的明天,zh-TW
พร้อมเดินทาง,整裝待發,zh-TW
พลังกาย,精力,zh-TW
พลังงานหมุนเวียน,能量循環,zh-TW
พลังจิต 200,靈能百分之兩百,zh-TW
พลังต่อสู้ระดับ Top แห่ง Xianzhou,仙舟戰力top榜,zh-TW
พลังเกินต้าน,最高火力,zh-TW
พลังเต็มเปี่ยม,精力充沛,zh-TW
พลังไฟที่จำกัด,有限火力,zh-TW
พลิกปั๊บรับโชค,翻翻好符運,zh-TW
พลเมืองผู้รักในวรรณกรรม,熱愛文學的公民,zh-TW
พวกเราาาาา,汙力力力力,zh-TW
พันธมิตรหมาป่า และจระเข้,狼鱷之交,zh-TW
พันธสัญญา Fate: เริ่มใหม่,命運契約•再啟,zh-TW
พันธะที่เกี่ยวพัน,羈絆交織,zh-TW
พายุทราย,沙塵,zh-TW
พายุมิติกาล,時空暴,zh-TW
พายุส่องสะท้อน,風暴迴響,zh-TW
พายุหมุน,颶風,zh-TW
พายุหิมะ,暴雪,zh-TW
พิธีดวลยุทธ์แห่งดวงดาว,星天演武儀典,zh-TW
พิธีลับแด่ทวยเทพ,諸神秘儀,zh-TW
พินบอลหรรษา,氣泡彈珠,zh-TW
พิพิธภัณฑ์สิ่งล้ำค่าแห่งเมืองหนาว,冬城博物珍奇簿,zh-TW
พิมพ์เขียวสวนสนุก,樂園藍圖,zh-TW
พิราบทะยานเหนือทะเลกว้าง,滄海鴿壯志,zh-TW
พิเศษยอดผู้ติดตามหนึ่งล้านคน เซอร์ไพรส์ในครั้งนี้คือ...,百萬訂閱特輯，這次的驚喜是……,zh-TW
พี่ Yang อยู่นี่,陽哥在此,zh-TW
พี่สาว ปล่อยฉันไปเถอะ,好姐姐饒了我,zh-TW
พี่หุ่นยนต์มองคุณอยู่,智械大哥看著你,zh-TW
พื้นที่โฆษณาให้เช่า,廣告位招租,zh-TW
พูดแล้วต้องทำ,言出法隨,zh-TW
พ่อบ้านติดสปีด,最速奶爸,zh-TW
ฟิลเตอร์ใหม่ทำให้ตื่นตูม,新型濾鏡帶來一場虛驚,zh-TW
ฟ้าใส,晴,zh-TW
ภรรยาที่เสียไปนานแล้วของเพื่อนบ้าน เหมือนจะกลับมาล่ะ,我鄰居早逝的妻子似乎回家了,zh-TW
ภรรยาหุ่นยนต์เสมือนมนุษย์? คิดให้ดีก็แสนสยอง,我的仿生人妻子？越想越恐怖,zh-TW
ภัตตาคารแดนวงกตทองคำ,黃金迷境大飯店,zh-TW
ภัยถาโถม,多災多難,zh-TW
ภาครวม,總集篇,zh-TW
"ภาคเสริมของ ""นกกระดาษ""",《摺紙小鳥外傳》,zh-TW
"ภาคเสริมของ ""ปรมาจารย์ไม้""",《木頭老爹外傳》,zh-TW
"ภาคเสริมของ ""มิสเตอร์โซดา""",《汽水先生外傳》,zh-TW
"ภาคเสริมของ ""ลูกพี่ Hanu""",《哈努兄弟外傳》,zh-TW
"ภาคเสริมของ ""หัวหน้า Stone""",《石頭老闆外傳》,zh-TW
"ภาคเสริมของ ""อัศวินบอลแฮมสเตอร์""",《倉鼠球騎士外傳》,zh-TW
ภาพฉายมิติทับซ้อน,復維對映,zh-TW
ภาพลักษณ์,風采,zh-TW
ภารกิจกิจกรรม,活動任務,zh-TW
ภารกิจจุดจบ,終末任務,zh-TW
ภารกิจบุกเบิก,開拓任務,zh-TW
ภารกิจสกิล,技能任務,zh-TW
ภารกิจเพื่อนร่วมทาง,同行任務,zh-TW
ภารกิจเวอร์ชัน,版本任務,zh-TW
ภารกิจแฮ็ก,駭入任務,zh-TW
ภารกิจในเกม,局內任務,zh-TW
ภาษาอสูรธรณี: จากศูนย์ถึงสูญ,大地獸語，從入門到入土,zh-TW
ภาษาอสูรธรณี: จากเริ่มต้นถึงเริ่มหยอดน้ำเกลือ,大地獸語，從入門到入院,zh-TW
ภูตบุกเบิก,開拓妖精,zh-TW
ภูเขาการ์ดพังทลาย,牌山倒海,zh-TW
มงกุฎแห่งปุถุชนและเทพเจ้า,庸與神的冠冕,zh-TW
มนุษย์หมาป่าอาบโลหิต,浴血人狼,zh-TW
มะมะมะมะเหมียว,喵喵喵喵咪,zh-TW
มังกรคืนถิ่น,龍返其鄉,zh-TW
มังกรไฟยืนหนึ่งในปฐพี,無敵大火龍,zh-TW
มันฝรั่งฝอยผัดขิง,土豆絲炒薑絲,zh-TW
มายลิตเติ้ลถัง: เวอร์ชันแฝงเวท,小桶寶力•附魔版,zh-TW
มาเต้นกับเจ้าจ๋อ,與猩共舞,zh-TW
มาแล้วจ้า คลิปสุดพิเศษเนื่องในโอกาสยอดผู้ติดตามถึงหนึ่งแสนคน!,十萬訂閱紀念特輯出來啦！,zh-TW
มิติระนาบอันไร้ที่สิ้นสุด,無盡次元,zh-TW
มีคนแอบสร้างหอส่งสัญญาณใน Fyxestroll Garden,綏園有人偷偷建了訊號發射塔,zh-TW
มีวิดีโอไหนของ Guinaifen ที่คิดขึ้นเองบ้าง?,桂乃芬的影片有任何原創性嗎？,zh-TW
มีสายเรียกเข้านิรนามโทรมาหาตอนกลางคืนตลอด...,總是在半夜收到匿名來電……,zh-TW
มีเสียงร้องไห้ดังมาจากฟ้า,天上總是傳來慟哭聲,zh-TW
มีใครเคยได้ยินเสียงร้องงิ้วที่ Fyxestroll Garden บ้าง,有人聽到綏園那邊有唱戲聲嗎,zh-TW
มีใครใน Exalting Sanctum เจอคนแปลกๆ ที่ชวนเล่นหมากรุกบ้างมั้ย?,有沒有人在長樂天遇到一個說要比棋的怪人？,zh-TW
มือ,手,zh-TW
มือกีตาร์,吉他手,zh-TW
มือเก่าศึกดวล,銀戰熟手,zh-TW
มือใหม่ขั้นเริ่มต้น,初出茅廬,zh-TW
มือใหม่ศึกดวล,銀戰新人,zh-TW
ม่านสงครามดวงดาว,星芒戰幕,zh-TW
ม้ามืดของกองพล,旅團黑馬,zh-TW
ยอดฝีมือการประลอง,對戰高手,zh-TW
ยอดฝีมือศึกดวล,銀戰高手,zh-TW
ยอดฝีมืออสูรธรณี,大地獸高手,zh-TW
ยันต์ยันต์ยันต์,靈符靈符靈符,zh-TW
ยาวิเศษ NutriTreasures,寶餌堂靈丹妙藥,zh-TW
ยิ่งกว่าน้ำแข็งและไฟ,不只冰火兩重天,zh-TW
ยิ่งใหญ่ยิ่งดี,大就是好,zh-TW
ยีราฟ Exalting Sanctum,長樂天的長頸鹿,zh-TW
ยีราฟคอสั้น,短頸鹿,zh-TW
ยืนเดี่ยวกลางลมหนาว,獨立寒秋,zh-TW
ยุติยุคโกลาหล,終結亂世,zh-TW
ย่างก้าวของคนช่างฝัน,夢客漫步,zh-TW
ย้อมสี,染色,zh-TW
รถซิ่งสุดแกร่ง,物理超車,zh-TW
รถราง,電車,zh-TW
รวบปีกที่สยายบนแท่นคอน,登棲斂翼,zh-TW
รวบรวมกลยุทธ์,戰術蒐集,zh-TW
รวบรวมสิ่งมีชีวิตสุดแปลก,異寵拾遺,zh-TW
รวบรวมแบบสอบถาม,問卷蒐集,zh-TW
รวมพลสู่ปฐพี ณ ราตรีกาล,於長夜重返大地,zh-TW
รสของดิน,土味,zh-TW
รอคอยการเติบโตอีกครั้ง,期待又一次長大,zh-TW
รอบชิงชนะเลิศ,總決賽,zh-TW
รอบรองชนะเลิศ,半決賽,zh-TW
รอฟ้ามืด 123,等天黑123,zh-TW
รอยแยกมิติระนาบ,次元分裂,zh-TW
รอยแยกมิติระนาบ 300%,次元分裂300%,zh-TW
ระฆังยามเย็นทอดถอนใจ,晚鐘的嘆息,zh-TW
ระงับการสูญเสีย,損耗壓制,zh-TW
ระดับความนิยมในกาแล็กซี,銀河聲望等級,zh-TW
ระดับดาว,星階,zh-TW
ระดับแสงสีฟ้า,藍光級,zh-TW
ระดับแสงสีม่วง,紫光級,zh-TW
ระดับแสงสีเขียว,綠光級,zh-TW
ระดับแสงสีเหลือง,黃光級,zh-TW
ระดับแสงสีแดง,紅光級,zh-TW
ระบบโล่,護盾系統,zh-TW
ระวังสัญญาณที่อันตราย!,提防危險契約！,zh-TW
ระหว่างแต่ละเฟรม...,幀與幀之間……,zh-TW
ระเบิด SoulGlad,爆漿蘇樂達,zh-TW
ระเบิดเปี่ยมรักของ Sampo,桑博的多情爆彈,zh-TW
ระเบิดแพร่เชื้อทางใจ,傳染型心靈炸彈,zh-TW
ระเบิดไปด้วยกันเลย,跟你爆了,zh-TW
รักษาการกัปตันรถไฟ,代理列車長,zh-TW
รักเดียวใจเดียวเพื่อเจ้าหนู Gui,唯愛、小桂子,zh-TW
รักเรียนยิ่งชีพ,愛生活愛讀書,zh-TW
รักแท้ของฉัน เลือดเนื้อของฉัน,我的摯愛，我的血肉,zh-TW
รังจอมมาร,魔王巢穴,zh-TW
รับรีไซเคิล Jade Abacus,回收各代玉兆,zh-TW
รางดาวเวิลด์☆,星鐵☆WORLD,zh-TW
รางวัลจาก Ten Lords,十王犒賞,zh-TW
รางวัลฉลอง,慶典祝禮,zh-TW
รางวัลแผนที่กลหมากม่านเมฆ,雲霄棋陣地圖獎勵,zh-TW
รางวัลแผนที่สวนสนุกจินตรังสรรค์,幻造遊園地圖獎勵,zh-TW
รางวัลแผนที่แดนฝันนีออน,霓虹夢局地圖獎勵,zh-TW
รางวัลแผนที่แท่นเหมันต์นิรันดร์,永冬爐台地圖獎勵,zh-TW
รางโกลาหล,紊亂軌道,zh-TW
ราชสีห์สะท้าน,獅震八方,zh-TW
ราชาทางโค้ง,彎道之王,zh-TW
ราชาแห่งการแข่งหลัก,正賽之王,zh-TW
ราชาไรเดอร์แห่ง Xianzhou คืนชีพ,重生之仙舟外送王,zh-TW
ราตรีไร้นิทรา,不眠之夜,zh-TW
รายการพรีออร์เดอร์,預約清單,zh-TW
รายงานมูลค่าสูงสุด,峰值反饋,zh-TW
รายได้ของบาร์,酒吧營收,zh-TW
รำลึกถึงวันอันสวยงาม,紀念這美好的一天,zh-TW
รีสตาร์ตฉุกเฉิน,緊急重啟,zh-TW
รูปถ่ายติดผี! เอาแต่ถ่ายติดสิ่งที่ไม่น่าจะมีอยู่เรื่อย,照片鬧鬼！總是拍到不應該有的東西,zh-TW
รู้สึกหวั่นไหว หัวใจเต้นตึกตัก,心跳不息陪你不止,zh-TW
รู้หน้าไม่รู้ใจ คนชิดใกล้ร้ายที่สุด!,知人知面不知心，最熟悉的人最陌生！,zh-TW
ร่วงหล่นเมื่อยลย่ำรุ่ง,在黎明升起時墜落,zh-TW
ร่วมสร้างเมืองแห่งนิรันดร์ไปด้วยกัน,共築永恆之城,zh-TW
ร่างลวงตา,幻身,zh-TW
ร่างศักดิ์สิทธิ์โต้รุ่ง,熬夜聖體,zh-TW
ร้านคุณชายขาแข็ง,寒腿叔叔的小店,zh-TW
ร้านบุฟเฟต์,自助餐廳,zh-TW
ร้านอาหาร 1 ดาว,一星級餐廳,zh-TW
ร้านอาหาร 2 ดาว,二星級餐廳,zh-TW
ร้านอาหาร 3 ดาว,三星級餐廳,zh-TW
ร้านอาหาร 4 ดาว,四星級餐廳,zh-TW
ร้านอุปกรณ์เครื่องใช้สันติภาพแห่งดวงดาว,星際和平家電,zh-TW
ร้านเต้าหู้เจ๊จาง,小張豆腐店,zh-TW
ฤดูฟื้นตื่นของสรรพสิ่งมาเยือนอีกครา,又是萬物復甦的季節,zh-TW
ลบข้อมูล,資料清除,zh-TW
ลมพัดตามใจฉัน,風隨心,zh-TW
ลองดูว่า Penacony จะพิมพ์ได้ยาวแค่ไหน,來試試匹諾康尼最長接受多少字,zh-TW
ละเมอยามราตรี,一夜夢話,zh-TW
ลับคมแสงตระการ,礪爍新輝,zh-TW
ลาก่อน Penacony,再見，匹諾康尼,zh-TW
ลำนำสดุดีชัยแด่ยุคนิรมิตใหม่,再創世的凱歌,zh-TW
ลำแสงพิชิตสมบัติ: การท้าทายสุดหิน,逐光撿金•高難度挑戰,zh-TW
ลิมิตเบรก: กรังด์ปรีซ์ซิ่งระห่ำ,超限：狂飆大獎賽,zh-TW
ลูกเตะขยะโผบิน,垃圾飛踢,zh-TW
ลูกเต๋าสามหน้า,三面骰,zh-TW
ล็อกการคำนวณ,算力鎖定,zh-TW
ล่าขุมทรัพย์ใต้ดิน,地城探寶,zh-TW
วงจรความทุกข์,痛苦連環,zh-TW
วนซ้ำเมทริกซ์,矩陣更新,zh-TW
วัฏจักรชีวิตและความตาย,生死輪迴,zh-TW
วัดความสูง,量身高,zh-TW
วันก่อนได้รับงานแปลกๆ มางานนึง,之前接到一個很奇怪的工作,zh-TW
วันนี้ฉันกลัวแทบตายแน่ะ,今天真是嚇死我了,zh-TW
วันนี้ฉันไปทำงานสายตามปกติ และพบว่าทุกคนดูแปลกมาก,今天照例上班遲到，發現大家都神神叨叨的,zh-TW
วันนี้ไม่ไลฟ์,今天不播,zh-TW
วัยรุ่น,少年期,zh-TW
วัยเด็ก,幼年期,zh-TW
วัยโต,青年期,zh-TW
วางชิปลิขิตพันดารา,揮擲千星的籌碼,zh-TW
วางแผนอาชีพ,職業規劃,zh-TW
วิกฤติฝันผวา,《驚夢大危機》,zh-TW
วิญญาณร้ายเมื่อพันปีก่อน ปรากฏตัวในโลกมนุษย์! หน่วยล่าท้าผีกำลังตกอยู่ในอันตราย!,千年邪祟驚現人間！捉鬼小隊成員險遭不測！,zh-TW
"วิญญาณลูกเต๋า: ความยึดติด 1,700 ปี",骰魂•一千七百年的執念,zh-TW
วิถีฝึกดาบสุดทรหด,劍習苦修,zh-TW
วิธีบำบัดความจำเสื่อมฉบับปฐพี,大地式健忘療法,zh-TW
วิธีประชาสัมพันธ์ห้วงมายาสยองขวัญ รูปแบบใหม่?,恐怖幻戲新的宣傳手段？,zh-TW
วิศวกรซ่อมบำรุง,維修工程師,zh-TW
วิ่งบ้าคลั่ง,瘋跑,zh-TW
วีรชน หรือคนขี้ขลาด?,英雄，還是懦夫？,zh-TW
ว่างไม่เป็น,閒不下來,zh-TW
ว่าด้วยเหล่าอสูรธรณี 1,論大地獸們•其一,zh-TW
ว่าด้วยเหล่าอสูรธรณี 2,論大地獸們•其二,zh-TW
ว่าด้วยเหล่าอสูรธรณี 3,論大地獸們•其三,zh-TW
ว่ายน้ำจนทะเลเป็นสีคราม,游到海水變藍,zh-TW
ว้าว ท่องเน็ตเหมือนกันรึ?,哇咧，你們也上網？,zh-TW
ศิลปะแห่งการรักษา,治療的藝術,zh-TW
ศิษย์เบอร์หนึ่งของกลุ่มผู้ปลดปล่อย,放生幫頭號大弟子,zh-TW
ศึกชิงสุดยอดแง้วทองคำ,黃金嗷嗚大師賽,zh-TW
ศึกดวลหลากสีสัน,繽紛大亂鬥,zh-TW
ศึกดวลเครื่องบินพิกเซล,像素飛機大亂鬥,zh-TW
ศึกดวลแบรนด์,品牌對決,zh-TW
ศึกตัดสินใกล้เข้ามา,決戰將至,zh-TW
ศึกประลองใต้ฟ้าตระการ: ภาคจบ,明霄競武試鋒芒•下,zh-TW
ศึกประลองใต้ฟ้าตระการ: ภาคต้น,明霄競武試鋒芒•上,zh-TW
ศึกปะทะอุ๋งอุ๋ง,豹豹碰碰大作戰,zh-TW
ศึกรองบอส,二當家戰,zh-TW
ศึกสี่ราชา,四天王戰,zh-TW
ศึกสุดท้าย,最終戰,zh-TW
สกัดการโจมตี,攻擊攔截,zh-TW
สกัดจุดอ่อน,弱點突襲,zh-TW
สงครามจอกศักดิ์สิทธิ์ จินตรังสรรค์,幻造：聖杯戰爭,zh-TW
สงครามจอกศักดิ์สิทธิ์จินตรังสรรค์,幻造：聖杯戰爭,zh-TW
สงครามบอส,頭目戰,zh-TW
สงครามบอส: แท้,真•頭目戰,zh-TW
สงครามอวกาศ,太空大戰爭,zh-TW
สงครามเงินตรา: ผลรวมเป็นศูนย์,貨幣戰爭•零和遊戲,zh-TW
สงครามแห่งฝันร้าย,《噩夢大作戰》,zh-TW
สงครามไร้ขอบเขต,無限戰域,zh-TW
สงบที่ใต้ต้นไม้,安於樹下,zh-TW
สตรีมเมอร์หนุ่มโอเวอร์โหลด,直播男孩重度依賴,zh-TW
สตูดิโอถ่ายทอดสด,演播廳現場,zh-TW
สถานีโทรทัศน์ฝันสยอง,驚夢電視台,zh-TW
สถิติการทำงาน,工作統計,zh-TW
สนามรบคู่,雙戰場,zh-TW
สนุกจังเลย,真好玩,zh-TW
สมการหมายเลขศูนย์,零號方程式,zh-TW
สมบัติสุดอัศจรรย์,奇珍異寶,zh-TW
สมุนท่านหาง,尾巴小跟班,zh-TW
สร้อยคอ,項鍊,zh-TW
สร้างความเสียหาย,造成傷害,zh-TW
สร้างฝันแสนหวาน,築造美夢,zh-TW
สลบลึก เพียงหนึ่งวินาที,深度昏迷，但一秒,zh-TW
สวนสนุกภูตธุลี,塵靈遊樂園,zh-TW
สวรรค์เท่านั้นที่รู้,天知道,zh-TW
สวัสดีทุกคน ฉันมาทักทายล่ะ!,大家好啊，打個招呼！,zh-TW
สหายท่องพันดารา,千星旅伴,zh-TW
สองบุปผาเบ่งบาน,花開兩朵,zh-TW
สะพรึง! Cloud Knight ทำเรื่องพรรค์นี้ใน Alchemy Commission ด้วย!,驚！堂堂雲騎軍竟然在丹鼎司做這種事！,zh-TW
สัมมนาฮวงจุ้ยแดนสนธยา,洞天風水講座,zh-TW
สายน้ำที่ไหลลงสู่ทะเล,百川東入海,zh-TW
สายฝนทรายขาว,白砂之雨,zh-TW
สายฟ้าไร้ฝน,晴雷,zh-TW
สายรุ้ง,彩虹,zh-TW
สายรุ้งหลังฝนตก 7854,風雨彩虹7854,zh-TW
สายศิลป์หรือสายวิทย์?,一類組還是二類組？,zh-TW
สายอีกไม่ได้แล้ว,不能再遲到了,zh-TW
สำนักงานนอกกฎหมาย,法外事務所,zh-TW
สำนักงานแง้วแง้ว,嗷嗚嗷嗚事務所,zh-TW
สำนักวิชาบานาการ - บานาจารย์มั่งคั่ง,蕉研組的財富蕉師,zh-TW
สิ่งล้ำค่าของผู้เล่นการ์ด,牌手珍藏,zh-TW
สี่อัจฉริยะแห่ง Starskiff Haven,星槎海四大才子,zh-TW
สุขสันต์ค่ำคืนที่ฝืนนิทรา,長樂夜無眠,zh-TW
สุขุมสู่แดนไกล,寧靜致遠,zh-TW
สุดช็อก! เสียงผีร่ำไห้กลางดึก คือฝีมือของสัตว์ประหลาด?,震驚！半夜鬼哭竟是異獸所為？,zh-TW
สุดทึ่ง! หน่วยล่าท้าผี พิชิตความชั่วร้ายที่มองไม่เห็น!,超燃！捉鬼小隊力克無形孽物！,zh-TW
สุดยอดการดวลหมาก,巔峰對弈,zh-TW
สุดสยอง! สัตว์ประหลาดต่างดาวแยกร่างได้!,越想越可怕！會分裂的星際怪物！,zh-TW
สุดเฟี้ยวประจัญบาน,臉接小招,zh-TW
สุดแสนสุขใจ,刷爽了,zh-TW
สุนัขประจำองค์กร,公司狗,zh-TW
สุริยุปราคา,日食,zh-TW
สู่มิติ 2D,做二次元,zh-TW
สู่แดนรกร้าง,荒漠之旅,zh-TW
สไลเดอร์,滑梯,zh-TW
ส่งจุ๊บถึงคนข้างล่าง,親樓下一口,zh-TW
ส่วนเกินที่สอดคล้อง,冗餘整合,zh-TW
ส่องกระจกตอนเที่ยงคืน,半夜照鏡子,zh-TW
หญ้ากินได้,食用草,zh-TW
หนทางยิ่งใหญ่สู่สามัญ,大道至簡,zh-TW
หนามยอกต้องเอาหนามบ่ง,以子之矛，攻我之盾,zh-TW
หนู Gui คนดีคนเดียวเท่านั้น,獨愛小桂,zh-TW
หนู Gui สาวน้อยไร้เดียงสา,純情少女大桂子,zh-TW
หน่วยล่าท้าผีคนที่ห้า,捉鬼小隊第五人,zh-TW
หน้ากากพันหน้าของ Sparkle,花火的千變假面,zh-TW
หน้ากากพิสดาร,假面怪傑,zh-TW
หมอกพิษ,毒霧,zh-TW
หมากรุกฆาตของ Cerydra,刻律德菈的決勝棋子,zh-TW
หมากใต้ทะเลของ Qingque,青雀的海底寶牌,zh-TW
หมาโจรสลัด,海盜狗,zh-TW
หมึกดำ Momo,墨墨,zh-TW
หลบภัยชั่วคราว,臨時避險,zh-TW
หลอมดาบเป็นคันไถ,鑄劍為犁,zh-TW
หลุมดำทางอารมณ์,情緒黑洞,zh-TW
หลุมดำนิรันดร์,永恆黑洞,zh-TW
หวนคืนสู่หมู่ดาว,重返群星之旅,zh-TW
หวนย้อนความทรงจำ,全面回憶,zh-TW
หวนสู่ความพร้อมเพรียง,秩序歸演,zh-TW
หวูดกังวาน ณ คราดับสูญ,鳴笛於歸寂之時,zh-TW
หอคอยปราบปีศาจแห่ง Foxsomn Tomb,狐眠塚處鎮妖塔,zh-TW
หอคอยปราบปีศาจแห่ง Locufox Forest,談狐林處鎮妖塔,zh-TW
หอคอยปราบปีศาจแห่ง Pavilion of Cessation,偃息館處鎮妖塔,zh-TW
หอคอยปราบปีศาจแห่ง Swallowsong Pavilion,燕樂亭處鎮妖塔,zh-TW
หอคอยปราบปีศาจแห่ง Verdantia Terrace,青丘台處鎮妖塔,zh-TW
หักพวงมาลัยไปเลย,開局狂打方向盤,zh-TW
หัตถ์ Zagreus,扎格列斯之手,zh-TW
หัวหน้าเอาต์ซอส,外包老闆,zh-TW
หัวเหล็กมาเยือนแล้ว,鐵頭來找你了,zh-TW
หางก็ด้วย,尾巴也可以,zh-TW
หางบิ๊กเบิ้มมม,大尾巴噠噠,zh-TW
หางฟูนุ่มละมุน,溫柔的大尾巴,zh-TW
หายไปในสายฝน,消逝在雨中,zh-TW
หิมะตกหนัก,大雪,zh-TW
หิมะบางเบา,細雪,zh-TW
หิมะปานกลาง,中雪,zh-TW
หิวไก่ทอด,炒雞餓,zh-TW
หุ่นยนต์ไม่ต้องเบรก,我是智械，不用剎車,zh-TW
หุ่นเกราะขององค์กรที่ Skott ส่งมา,斯科特安排的公司機甲,zh-TW
หุ่นเชิดมฤตยู,幽府偃偶,zh-TW
ห้วงฝันและจอกศักดิ์สิทธิ์,美夢與聖杯,zh-TW
ห้วงมายาพาเพลิน,幻戲代肝找我,zh-TW
ห้วงเวลาตื่นจากฝัน,夢醒時分,zh-TW
ห้องของฉันใหญ่มาก,我家房間很大,zh-TW
ห้องนอนที่ไม่มีเตียง,臥室沒有床,zh-TW
ห้าความงามเหนือเมฆา,雲上五嬌,zh-TW
ห้ามป้อนขยะโดยเด็ดขาด!,嚴禁投餵垃圾！,zh-TW
ห้ามเลือกกิน,不可以挑食。,zh-TW
องค์กรจงออกไปจาก Xianzhou,公司滾出仙舟,zh-TW
องค์กรสกปรก,狗公司,zh-TW
อยากอัดแกสักสองหมัด,但是我想給你兩拳,zh-TW
อยากเป็นเศรษฐี เริ่มที่ไม่เอาเงินน่ะสิ,虧成首富，從不要錢開始,zh-TW
อย่างนี้นี่เอง! มันคือปรากฏการณ์มิติแห่งกาลอวกาศ!,原來如此！是超時空平行體現象！,zh-TW
อย่าเข้ามานะ ฉันกลัว,別過來，我害怕,zh-TW
อลหม่านแด่ฝ่าอรุณ,獻給破曉的失控,zh-TW
อวยพรผู้ที่ผ่านมา,一般路過的福林,zh-TW
อสูรธรณี,大地獸,zh-TW
อสูรธรณี A,大地獸甲,zh-TW
อสูรธรณี B,大地獸乙,zh-TW
อสูรธรณีจิ๋วชอบอาบน้ำ,小地獸愛洗澡,zh-TW
อสูรธรณีที่ถูกฝังครึ่งตัว,半埋的大地獸,zh-TW
อสูรธรณีที่ไม่คุ้นหน้า,陌生的大地獸,zh-TW
อสูรธรณีเคลือบทอง,面塗黃金的大地獸,zh-TW
อสูรธรณีแบ่งขนม,大地獸分餅,zh-TW
อสูรเงาทลายใจ,蝕心影魔,zh-TW
ออกเดินทางกับไฮโซถัง,與銀袋山同行,zh-TW
อัปเกรดการป้องกันบุกรุก,防入侵安全協議升級,zh-TW
อัปเกรดทั่วไป,泛用升級,zh-TW
อัปเดตสม่ำเสมอ 123,絕不拖更123,zh-TW
อัปเดตอัลกอริธึมการพยากรณ์! งานกองท่วมหัว Divination Commission แล้ว!,卜算法更新！海量工作淹沒太卜司！,zh-TW
อัลกอริทึมเชิงลบ,負載演算,zh-TW
อัศวิน Cloud Knight พายุสุริยะ,磁暴雲騎軍,zh-TW
อัศวินจากต่างแดน,異邦騎士,zh-TW
อากาศดี๊ดี เลี้ยงเบบี๋กันดีกว่า!,天氣真好，養牠！,zh-TW
อากาศร้อน,天氣好熱,zh-TW
อาจารย์ Gongshu,公輸師傅,zh-TW
อาทิตย์เทียม,幻日,zh-TW
อาบน้ำแร่แช่ Scalegorge Spring,鱗淵冰泉洗澡,zh-TW
อาหารจากธรณี...?,大地料理……？,zh-TW
อีกาที่เหน็บหนาว,寒冷烏鴉,zh-TW
อีสปอร์ตกลายเป็นเทรนด์ในอนาคต เกมดิจิทัลกลายเป็นความจริง,電子競技成未來趨勢，數位博弈成為現實,zh-TW
อุณหภูมิสูง,高溫,zh-TW
อุปกรณ์เวทแนวคิด,概念禮裝,zh-TW
เกมล่าดวงดาว,獵星遊戲,zh-TW
เกมหมากประลองชีวิต,用牌玩命,zh-TW
เกมเศรษฐีแห่งกาแล็กซี,銀河大富翁,zh-TW
เกร็ดการเดินทาง,道中雜記,zh-TW
เกร็ดความรู้จาก Gerdaki,葛大錘科普,zh-TW
เกลืออาบน้ำจินตนิยม,浪漫浴鹽,zh-TW
เกลืออาบน้ำทองคำ,黃金浴鹽,zh-TW
เกลืออาบน้ำนมสัตว์,獸奶浴鹽,zh-TW
เกลืออาบน้ำเผ็ดร้อน,火辣浴鹽,zh-TW
เกลืออาบน้ำเย็นฉ่ำ,冰爽浴鹽,zh-TW
เขาวงกตชั้นตื้น,淺層地宮,zh-TW
เขาวงกตชั้นลึก,深層地宮,zh-TW
เขาวงกตเร้นลับ,地宮迷蹤,zh-TW
เข็มทิศไม่มอดดับ,羅盤不滅,zh-TW
เข้างานเพื่อรอเลิกงาน,上班為了下班,zh-TW
เข้าสังคมมากขึ้น,變得合群,zh-TW
เข้าเวรรถไฟ,列車值日,zh-TW
เคราหยิก,虯髯客,zh-TW
เครื่องทำนายไร้ปรานี,無情的卜算機器,zh-TW
เครื่องประดับศีรษะ,頭飾,zh-TW
เครื่องสร้างเมฆ,雲彩製造機,zh-TW
เครื่องแปลภาษา,翻譯機器,zh-TW
เคลียร์ข้อมูล,淨化清理,zh-TW
เคล็ดลับจัดการศัตรูในท่าเดียว,一招制敵的技巧,zh-TW
เคียงข้างผลักดันการเติบโต,陪伴促進成長,zh-TW
เคียงคู่วิญญาณวีรชน,英靈偕行,zh-TW
เค้กข้าวไม่มีแอนตี้,米糕沒黑粉,zh-TW
เงาผู้กล้าปริศนา,遊俠謎影,zh-TW
เงาแห่งการสงสัย,疑心暗鬼,zh-TW
เงินพุ่งพรวด,脹五甲,zh-TW
เงือกรังสรรค์มายา,致幻人魚,zh-TW
เจรจาสู่มรณา,一場赴死的和談,zh-TW
เจ็ดวิบัติ สูญสลาย,七傷，滅頂,zh-TW
เจ้าชายขนขาดก,腿毛王子,zh-TW
เจ้าบ้านชุดขาว,白衣居士,zh-TW
เจ้าหนู Gui Guinevere,小桂子Guinevere,zh-TW
เจ้าหนูจอมซนไม่อยู่นิ่ง,小淘氣不冷靜,zh-TW
เจ้าหนูนาฬิกา: กาลครั้งหนึ่งในความฝัน,《鐘錶小子：美夢往事》,zh-TW
เจ้าหน้าที่ชั้นผู้น้อย - รปภ.,基層員工•保全,zh-TW
เจ้าหน้าที่อาวุโส - หัวหน้าทีม,資深員工•組長,zh-TW
เชฟผู้เขินอาย,害羞的大廚,zh-TW
เชื่อมชีพจรวิญญาณ,靈脈連結,zh-TW
เชื่อมต่อไลฟ์สตรีม,直播連線,zh-TW
เชื่อในแสงและจงเปล่งประกายดังแสงสว่าง,相信光變成光,zh-TW
เซย์ชีสสส,趙相機,zh-TW
เซอร์ไพรส์จากธรณี,大地的驚喜,zh-TW
เซียนกินรวบ,十三么,zh-TW
เซียนนักสปอยล์,劇透仙人,zh-TW
เดินทางสวนลม,逆風而行,zh-TW
เดินสายดวลเต๋า,街骰爭霸,zh-TW
เด็กสาว,年輕的女孩,zh-TW
เด็กเกเรจอมป่วน,搗蛋小臭寶,zh-TW
เตรียมจัดรูปแบบ,格式化準備,zh-TW
เติบโตต่อไป,繼續長大,zh-TW
เติบโตไปด้วยกัน?,一同成長？,zh-TW
เต๊ะท่าผ่านทาง,囂張路過,zh-TW
เต๋า+ทอยเต๋าคือคุณธรรม,骰＋骰是道,zh-TW
เทศกาลงานวัดหรรษา,廟趣滿堂,zh-TW
เธอให้ร่างโคลนนิ่งไปทำงาน แต่ร่างโคนนิ่งดันลาออกซะงั้น,她讓複製人上班，複製人讓她下班,zh-TW
เนื้อเรื่องภาคเสริม,外傳故事,zh-TW
เบิกทางแห่งประตู ยุติสายบัลลังก์,門扉之啟，王座之終,zh-TW
เบิกสมรรถนะ,性能透支,zh-TW
เบื้องหลังภูตผีวิญญาณ กลับเป็น Swarm ที่ยังหลงเหลืออยู่?!,鬼怪背後竟是蟲族餘孽？！,zh-TW
เปลวแสงประกายดาว,星芒爍變,zh-TW
เปิดประตู นี่คือหนู,開門我是鼠鼠,zh-TW
เปิดประตูหน่อย ฉันหนูน้อยเอง,開門，我是鼠鼠,zh-TW
เปิดใช้งานเต็มตัว,滿額啟動,zh-TW
เป้าหมายแถวหลัง,後排目標,zh-TW
เผชิญเพียงลำพัง,獨當一面,zh-TW
เพราะความผิดพลาดของทีมช่าง ทำให้ Divination Commission เป็นอันต้องหยุดชะงัก,小隊施工失誤，太卜司陷入停擺,zh-TW
เพราะฉันเคยได้สัมผัสกับท้องฟ้า,因為我已觸碰過天空,zh-TW
เพราะตะวันจักพินาศ,因為太陽將要毀傷,zh-TW
เพลิงดาวตก,赤焰流星,zh-TW
เพิ่มประสิทธิภาพ,降耗增效,zh-TW
เพิ่มอย่างมีชั้นเชิง,層層加碼,zh-TW
เพื่อนที่ดีที่สุดของมนุษย์,人類最好的朋友,zh-TW
เพื่อนบ้านปรองดอง,鄰里和睦,zh-TW
เพื่อนร่วมงาน กลับกลายเป็นคนละคน...,同事好像換了個人一樣……,zh-TW
เพื่อนร่วมทาง,旅途相伴,zh-TW
เพื่อนใหม่ในขวดเก่า,舊瓶新友,zh-TW
เพื่อสันติภาพ,為了和平,zh-TW
เพื่ออิสระ,為了自由,zh-TW
เมคคาทรอนเวท: นักรบฝ่าอรุณ,魔動機鎧•破曉戰士,zh-TW
เมฆที่ไร้ร่องรอย,雲無留跡,zh-TW
เมฆพิษ,毒雲,zh-TW
เมนต์สองไร้คุณภาพ,二樓沒水準,zh-TW
เมนูเร้นลับ,隱藏菜單,zh-TW
เมล็ดพันธุ์ใหม่,新的種子,zh-TW
เมื่อตกน้ำจะช่วยใคร,先救落水的誰,zh-TW
เมื่อบทเพลงประสานดังขึ้น...,諧樂響起時……,zh-TW
เยียวยากายและใจ,身心被治癒,zh-TW
เริ่มภารกิจเพื่อนร่วมทาง,同行任務開啟,zh-TW
เริ่มภารกิจเพื่อนร่วมทาง,同行任務開放,zh-TW
เรียกขวัญกำลังใจ,士氣啟動,zh-TW
เรียกพ่อสิลูก,你的親生父親,zh-TW
เรื่องกลุ้มใจในการเติบโต,成長的煩惱,zh-TW
เรื่องตลกของชาวการ์ด,牌友趣事,zh-TW
เรื่องราวในชีวิตประจำวัน,生活點滴,zh-TW
เรื่องสยองขวัญของอสูรธรณี,大地獸恐怖故事,zh-TW
เรื่องเล่าขานตำนานการผจญภัย,評書奇譚,zh-TW
เรื่องเล่าหายาก,一則鮮見的軼事,zh-TW
เลี้ยงนมถั่วเหลืองเชื่อมน้ำตาลให้ Guigui แก้วนึง,請桂桂喝冰糖豆汁,zh-TW
เล่นกับ Bartholos,和巴特魯斯一起玩,zh-TW
เล่นกับ Bartholos 2,和巴特魯斯一起玩•其二,zh-TW
เวลาแห่งการตื่น,清醒之時,zh-TW
เศรษฐีเหรียญทอง,金幣富豪,zh-TW
เศษคัมภีร์แสงสนธยา,餘暉殘卷,zh-TW
เศษซากทรงนาฬิกา,表形廢墟,zh-TW
เสมือนน้ำค้างยามรุ่งอรุณ,譬如朝露,zh-TW
เสริมพลังเบื้องหลัง,背景強化,zh-TW
เสริมพลังแนวขนาน,並行強化,zh-TW
เสริมพลังไอเทม,道具強化,zh-TW
เสริมสร้างพลังสมอง,腦力啟蒙,zh-TW
เสียงกู่ก้องของผู้กล้า,一聲勇者的吶喊,zh-TW
เสียงจากอดีต 1,往昔的回音•其一,zh-TW
เสียงจากอดีต 2,往昔的回音•其二,zh-TW
เสียงจากอดีต 3,往昔的回音•其三,zh-TW
เสียงจากอดีต 4,往昔的回音•其四,zh-TW
เสียงจากอดีต จบ,往昔的回音•終,zh-TW
เสียงที่ดีคือเสียงหัวที่แข็ง,好聽就是好頭,zh-TW
เสื้อกันหิมะ,下雪大衣,zh-TW
เสื้อผ้า,衣服,zh-TW
เส้นทางการเติบโต,成長之路,zh-TW
เส้นทางคำสัญญา,新秀之路,zh-TW
เส้นทางปรมาจารย์,大師之路,zh-TW
เส้นทางยอดฝีมือ,豪傑之路,zh-TW
เส้นทางระดับสูง,菁英之路,zh-TW
เส้นทางวีรชน,英雄之旅,zh-TW
เส้นทางสู่การเริ่มต้น,入門之路,zh-TW
เส้นทางเลื่อนขั้น,晉升之路,zh-TW
เส้นทางแห่งแชมป์,冠軍航路,zh-TW
เส้นแบ่งความเป็นและความตาย,生死邊緣,zh-TW
เอฟเฟกต์ Trotter,撲滿效應,zh-TW
เอาใจเขาหน่อย,你也太寵牠了吧,zh-TW
เฮ้อออออออออ,唉唉唉唉,zh-TW
แกว่งไกวไปมา,搖搖晃搖,zh-TW
แก้วสารพัดเรื่อง,杯中逸事,zh-TW
แขวนบนเส้นด้าย,命懸一線,zh-TW
แข่งคัดเลือกรอบที่ 1,海選賽第一輪,zh-TW
แข่งคัดเลือกรอบที่ 2,海選賽第二輪,zh-TW
แข่งคัดเลือกรอบที่ 3,海選賽第三輪,zh-TW
แช่น้ำ,泡澡,zh-TW
แช่แข็ง ห้ามขยับ,凍住，不許走,zh-TW
แดงเหมือนกันนั่นแหละ,反正都是紅的,zh-TW
แดนฝันชั้นตื้น,淺層夢境,zh-TW
แดนฝันชั้นลึก,深層夢境,zh-TW
แด่มังกรผู้ทรงเกียรติทั้งใจ,對龍尊大人一心一意,zh-TW
แตงกวาผู้ถูกบังคับให้เปลี่ยนชื่อ,被迫改名的胡瓜,zh-TW
แทรกแซงชั่วคราว,臨時插值,zh-TW
แนวรบ Aetherium,乙太戰線,zh-TW
แนวหน้าจอมสร้างเรื่อง,搞怪先鋒,zh-TW
แนะนำตัวเอง,自我介紹,zh-TW
แบมบูมูน,竹霞月,zh-TW
แปลภาษาธรณี,大地翻譯,zh-TW
แผนกการแพทย์,醫療科,zh-TW
แผนกธรณีวิทยาอวกาศ,寰宇地概科,zh-TW
แผนกนิเวศวิทยากาแล็กซี,星域界種科,zh-TW
แผนกภูมิรัฐศาสตร์กาแล็กซี,銀河法政科,zh-TW
แผนกศาสตร์เวทแสงลึกลับ,光淵密卷科,zh-TW
แผนกศิลป์,萬有應物科,zh-TW
แผนถ่ายภาพ: วันที่ 1,留影計畫•第一日,zh-TW
แผนถ่ายภาพ: วันที่ 2,留影計畫•第二日,zh-TW
แผนถ่ายภาพ: วันที่ 3,留影計畫•第三日,zh-TW
แผนถ่ายภาพ: วันที่ 4,留影計畫•第四日,zh-TW
แผนถ่ายภาพ: วันที่ 5,留影計畫•第五日,zh-TW
แผนถ่ายภาพ: วันที่ 6,留影計畫•第六日,zh-TW
แผนถ่ายภาพสสารความทรงจำ,日拋憶質留影計畫,zh-TW
แผ่นหิน? คืออะไรน่ะ? ง่ำคำนึง,石碑？這是什麼？吃一下。,zh-TW
แพตช์ Trotter,撲滿補丁,zh-TW
แพะรับบาปทองคำ,黃金替罪羔羊,zh-TW
แพ็กพื้นฐาน,基礎包,zh-TW
แพ็กเสริม 1,擴展包•1,zh-TW
แพ็กเสริม 2,擴展包•2,zh-TW
แฟนคลับตัวจริงหนึ่งเดียวของ Guigui,桂桂唯一真愛粉,zh-TW
แฟนคลับเบอร์หนึ่ง,頭號粉絲,zh-TW
แฟนตัวยงของ Naifen,奶粉單推人,zh-TW
แฟนเกิร์ลของ Naifen,奶粉大迷妹,zh-TW
แรกยลฝันร้าย,初探噩夢,zh-TW
แรงกระตุ้นตามระดับ 1,階段激勵•一,zh-TW
แรงกระตุ้นตามระดับ 2,階段激勵•二,zh-TW
แรงกระตุ้นตามระดับ 3,階段激勵•三,zh-TW
แรงแซงทะลุเงา,極速追影,zh-TW
แรดเล่าเรื่องหลอน,犀牛講怪談,zh-TW
แล้วไง ใครแคร์,為所欲為,zh-TW
แวะเดินเล่น,蹓躂一下,zh-TW
แสงดาวทอประกาย,星芒啟明,zh-TW
แสงสลับเงา,雲隙光,zh-TW
แห้งแล้ง,乾旱,zh-TW
แอดมินแดนสนธยา,洞天管理員,zh-TW
แอนตี้ Naifen โดยเฉพาะ,專門訂閱噴乃芬,zh-TW
แอ็กชันไร้ที่สิ้นสุด,無盡行動,zh-TW
แฮ็กเกอร์เกมโอเวอร์,盜號狗必須死,zh-TW
โฆษณา,廣告片,zh-TW
โจมตีมฤตยู,致命一擊,zh-TW
โชคชะตาที่ไม่อาจเลี่ยง,一重難逃的命運,zh-TW
โชว์เฉยๆ ไม่พูดอะไรทั้งนั้น,我就曬曬不說話,zh-TW
โถน้ำจัณฑ์ของ Feixiao,飛霄的豪飲酒壺,zh-TW
โทรทัศน์ที่ไม่ได้ใช้งาน,廢棄電視,zh-TW
โทรทัศน์อลหม่าน,思覺失調電視機,zh-TW
โปรเกมเมอร์,遊戲高手,zh-TW
โผบินสู่ Luofu ยามค่ำคืน,飛霄羅浮分霄,zh-TW
โมกูร่า หัวหน้าโจรแห่งกฎ Hook,魔古拉，律賊之首，虎克,zh-TW
โรงรับจำนำตลาดผีของตรอก Aurum...,金人巷的鬼市當鋪……,zh-TW
โรมมิ่งกาแล็กซี,銀河訊號漫遊,zh-TW
โลกนี้เสื่อมถอยลงทุกวัน,世風日下,zh-TW
โหมดง่าย,簡單模式,zh-TW
โหมดติดตามความผิดปกติ,追蹤異常響應模式,zh-TW
โหมดปลอดภัย,安全模式,zh-TW
โหมดยาก,困難模式,zh-TW
โหลดความเร็วต่ำ,低速高載,zh-TW
โหลดสินค้า,堆放貨物,zh-TW
โอ้ยอดรัก Guinaifen,摯愛、桂乃芬,zh-TW
ใจไม่ถึงอย่าเข้า! ฉันเจอผีในตรอก Aurum ด้วย!,膽小慎入！我在金人巷裡撞見鬼了！,zh-TW
ใช้ชื่อจริงในโลกออนไลน์,實名上網,zh-TW
ในวันนี้ลมก็ยังพัดโชย,風今天還是那麼吹,zh-TW
ใส่ใจเรื่องในโรงอสูร,工坊萬事通,zh-TW
ให้อดีตลอยไปตามลม,往事隨風,zh-TW
ไกลเกินกว่าทุ่งหิมะ,比雪原更遙遠,zh-TW
ไคเมร่า,奇美拉,zh-TW
ไคเมร่าที่เก่งที่สุด,最優秀的奇美拉,zh-TW
ไซเรนผู้คร่ำครวญ,哀歌塞壬,zh-TW
ไดเอ็ต,節食,zh-TW
ไดเอ็ตภาค 2: ลดน้ำหนัก,節食第二季•減肥,zh-TW
"ได้คลิปเสียงของ ""สายเรียกเข้าจากวิญญาณ"" มาแล้ว! เริ่มเลย!",收到「鬼來電」錄音了！安排！,zh-TW
ได้ยินว่าทำเนียบยุทธการ เตรียมผ่อนคลายนโยบายซื้อบ้านแล้ว,聽說神策府準備放鬆購房政策,zh-TW
ได้รับคะแนนทดสอบทั้งหมด #1 คะแนน,累積獲得#1試煉點數,zh-TW
ได้รับฉายา,被取外號了,zh-TW
ได้โปรด... ขอบคุณ,請、謝謝,zh-TW
ไปตกปลา,去釣魚,zh-TW
ไฟกรรมไม่มอดดับ,業火不盡,zh-TW
ไฟร์วอลล์,防火牆,zh-TW
ไม่คิดอะไรมาก,我沒多想,zh-TW
ไม่จริงใจอย่ามายุ่ง,非誠勿擾,zh-TW
ไม่ต้องเผากระดาษให้ฉัน,別給我燒紙,zh-TW
ไม่มีวันติดปีกบิน,永不空軍,zh-TW
ไม่มีเวลาอธิบาย รีบขึ้นรถ!,來不及解釋快上車,zh-TW
ไม่สามารถเปิดจากฝั่งนี้ได้,門不能從這一側打開,zh-TW
ไม่อนุญาตให้ทาน,寶哥不許吃,zh-TW
ไม่เจอกันนานเลยนะ คู่หู,搭檔，好久不見。,zh-TW
ไม่เหนื่อย ไม่เมื่อย,不累，根本不累,zh-TW
ไลฟ์สไตล์,社會生態,zh-TW
ไอดอล No.1 Planarcadia: Sparxie,二相樂園第一偶像•火花,zh-TW
ไอดอลแห่ง Penacony,匹諾康尼偶像,zh-TW
Ảo Ảnh Cảnh Binh,遊俠謎影,zh-TW
Ảo Ảnh Everwinter,永冬災影,zh-TW
Ảo Ảnh Lửa Thiêu,火焚災影,zh-TW
ẤmTràSởCôngNghiệp,工造司茶壺,zh-TW
Ẩm Thực Mặt Đất...?,大地料理……？,zh-TW
ẨnMìnhChỗDễThấy,大隱隱於市,zh-TW
"Ồ, Cũng Lướt Mạng À?",哇咧，你們也上網？,zh-TW
Ủy Thác,調查委託,zh-TW
Ủy Thác Đặc Biệt Trạm Không Gian,太空站特派,zh-TW
„Abenteuer des Rätseltraums“,《迷夢大冒險》,zh-TW
„Chroniken des Chronometers“,《鐘錶環遊記》,zh-TW
„Clockie: Süße Träume der Vergangenheit“,《鐘錶小子：美夢往事》,zh-TW
„Das Geheimnis der süßen Träume“,《美夢大機密》,zh-TW
„Geisteranruf“-Aufzeichnung ist da! Verabredung steht!,收到「鬼來電」錄音了！安排！,zh-TW
„Krise der Albträume“,《驚夢大危機》,zh-TW
„Schlacht der Schreckensträume“,《噩夢大作戰》,zh-TW
„Spin-off: Der Alte Herr Holz“,《木頭老爹外傳》,zh-TW
„Spin-off: Hamsterball-Ritter“,《倉鼠球騎士外傳》,zh-TW
„Spin-off: Hanu“,《哈努兄弟外傳》,zh-TW
„Spin-off: Herr Soda“,《汽水先生外傳》,zh-TW
„Spin-off: Origamivogel“,《摺紙小鳥外傳》,zh-TW
„Spin-off: Stone“,《石頭老闆外傳》,zh-TW
„Unterhalte mich nach besten Kräften“,「盡情取悅本王吧」,zh-TW
„Wal“,「鯨魚」,zh-TW
≪꿈을 좇는 여행객 뉴스≫,《逐夢客快訊》,zh-TW
≪나무 어르신 외전≫,《木頭老爹外傳》,zh-TW
≪나쁜꿈 대위기≫,《驚夢大危機》,zh-TW
≪미스터리꿈 대모험≫,《迷夢大冒險》,zh-TW
≪소다수 씨 외전≫,《汽水先生外傳》,zh-TW
≪스톤 보스 외전≫,《石頭老闆外傳》,zh-TW
≪시계 소년: 좋은꿈의 과거≫,《鐘錶小子：美夢往事》,zh-TW
≪시계 여행기≫,《鐘錶環遊記》,zh-TW
≪악몽 대작전≫,《噩夢大作戰》,zh-TW
≪종이새 외전≫,《摺紙小鳥外傳》,zh-TW
≪좋은꿈의 비밀≫,《美夢大機密》,zh-TW
≪하누 형제 외전≫,《哈努兄弟外傳》,zh-TW
≪햄스터볼 기사 외전≫,《倉鼠球騎士外傳》,zh-TW
《仓鼠球骑士外传》,《倉鼠球騎士外傳》,zh-TW
《哈努兄弟外传》,《哈努兄弟外傳》,zh-TW
《噩梦大作战》,《噩夢大作戰》,zh-TW
《惊梦大危机》,《驚夢大危機》,zh-TW
《折纸小鸟外传》,《摺紙小鳥外傳》,zh-TW
《木头老爷外传》,《木頭老爹外傳》,zh-TW
《汽水先生外传》,《汽水先生外傳》,zh-TW
《石头老板外传》,《石頭老闆外傳》,zh-TW
《美梦大机密》,《美夢大機密》,zh-TW
《迷梦大冒险》,《迷夢大冒險》,zh-TW
《逐梦客时讯》,《逐夢客快訊》,zh-TW
《钟表小子：美梦往事》,《鐘錶小子：美夢往事》,zh-TW
《钟表环游记》,《鐘錶環遊記》,zh-TW
「FeLiNa」,「鐵、鋰、鈉」,zh-TW
「おねがい」と「ありがとう」,請、謝謝,zh-TW
「カラフル大乱闘」,「繽紛大亂鬥」,zh-TW
「クジラ」,「鯨魚」,zh-TW
「ネーズヘッグ」,「涅德霍格」,zh-TW
「バジリク」,「巴西里克」,zh-TW
「ラブ・マダム・ヘルタ」（略称）,「大•黑•粉」（簡稱）,zh-TW
「大•黑•粉」（简称）,「大•黑•粉」（簡稱）,zh-TW
「尽情取悦本王吧」,「盡情取悅本王吧」,zh-TW
「幽霊からの電話」録音到着！今後の予定は？,收到「鬼來電」錄音了！安排！,zh-TW
「我を存分に楽しませよ」,「盡情取悅本王吧」,zh-TW
「楽しみ」オート返信ボット,自動回覆好期待機器人,zh-TW
「缤纷大乱斗」,「繽紛大亂鬥」,zh-TW
「鉄・リチウム・ナトリウム」,「鐵、鋰、鈉」,zh-TW
「铁，锂，钠」,「鐵、鋰、鈉」,zh-TW
「鬼来电」录音已收到！安排！,收到「鬼來電」錄音了！安排！,zh-TW
「鲸鱼」,「鯨魚」,zh-TW
「고래」,「鯨魚」,zh-TW
「귀신의 전화」 녹음본 확보! 앞으로의 일정!,收到「鬼來電」錄音了！安排！,zh-TW
「니드호그」,「涅德霍格」,zh-TW
「더•헤르•클라스」 (약칭),「大•黑•粉」（簡稱）,zh-TW
「마음껏 짐을 즐겁게 해보거라」,「盡情取悅本王吧」,zh-TW
「바실리스크」,「巴西里克」,zh-TW
「컬러풀 대난투」,「繽紛大亂鬥」,zh-TW
『ウッド爺外伝』,《木頭老爹外傳》,zh-TW
『クロック環游記』,《鐘錶環遊記》,zh-TW
『スウィート・ドリームの秘密』,《美夢大機密》,zh-TW
『ナイトメア・パニック』,《驚夢大危機》,zh-TW
『ナイトメア大作戦』,《噩夢大作戰》,zh-TW
『ハムスターボールの騎士外伝』,《倉鼠球騎士外傳》,zh-TW
『ブラザーハヌ外伝』,《哈努兄弟外傳》,zh-TW
『ボス・ストーン外伝』,《石頭老闆外傳》,zh-TW
『ミスター・ソーダ外伝』,《汽水先生外傳》,zh-TW
『夢追い人タイムズ』,《逐夢客快訊》,zh-TW
『折り紙の小鳥外伝』,《摺紙小鳥外傳》,zh-TW
『迷い夢の大冒険』,《迷夢大冒險》,zh-TW
あだ名がついたよ,被取外號了,zh-TW
あなたの弱点です、お受け取りください,您的弱點，請收下,zh-TW
あなたへの手紙,給你的一封信,zh-TW
あまあま赤土,清甜紅土,zh-TW
あんたの実の父親,你的親生父親,zh-TW
いい名前が思い当たらない,想不出好暱稱,zh-TW
いい天気だし、飼っちゃおう！,天氣真好，養牠！,zh-TW
いちばん大切な仲間、友達、家族へ！,致我最親愛的夥伴、同學、家人！,zh-TW
いつも通り遅刻したら同僚たちがおかしくなってた件,今天照例上班遲到，發現大家都神神叨叨的,zh-TW
い桂ない,桂不可言,zh-TW
うちの部屋は広い,我家房間很大,zh-TW
ええええ,唉唉唉唉,zh-TW
おじいさん,老爺爺,zh-TW
お人好し,好好先生,zh-TW
お姉様許して,好姐姐饒了我,zh-TW
お年寄り,老者,zh-TW
お祭りのかわいい風習,可愛的節日習俗,zh-TW
お金を使いまくって、大富豪のトップを目指そう,虧成首富，從不要錢開始,zh-TW
お風呂の時間,泡澡,zh-TW
くたびれ知らずの楽しさ,真好玩,zh-TW
けいけいの塩辛い豆汁,桂桂的鹹辣豆汁,zh-TW
けいけいへの氷砂糖豆汁,請桂桂喝冰糖豆汁,zh-TW
けいちゃんGuinevere,小桂子Guinevere,zh-TW
けいちゃんラブ,獨愛小桂,zh-TW
けいちゃん明日何食べる,桂桂明天吃什麼,zh-TW
こちら側からは開かない,門不能從這一側打開,zh-TW
この夜の果てへ,長日入夜行,zh-TW
この素晴らしい日を記念して,紀念這美好的一天,zh-TW
こんな世界なんて滅ぼしちゃえ！,我要毀滅世界！,zh-TW
ご近所付き合いの達人,鄰里和睦,zh-TW
さよなら、ピノコニー,再見，匹諾康尼,zh-TW
しぶしぶ黒土,苦苦黑土,zh-TW
じっとしていられない,閒不下來,zh-TW
じゃがいもの細切りにショウガの細切り炒め,土豆絲炒薑絲,zh-TW
すごい！謎の飛行物体に隠された真実！,勁爆！不明飛行物背後的真相。,zh-TW
すーちゃん唯一垢,裳裳唯一帳號,zh-TW
そして、人々の笑いが響き渡る,如是，眾生歡笑不已,zh-TW
たぬき記者,狸貓記者,zh-TW
ちびっ子ハヌの大作戦,小小哈努行動,zh-TW
ちょっとした散歩,蹓躂一下,zh-TW
ちょっとした目標を共有するね,分享一下小目標,zh-TW
とあるお子ちゃまへ,給某個小傢伙,zh-TW
とどめの一撃,致命一擊,zh-TW
どうせ赤いんだし,反正都是紅的,zh-TW
どうやら綏園の勝手に鳴り出す琴に対する仮説を検証する機会はなくなったらしい,看來沒機會驗證我對綏園自鳴琴的假說了,zh-TW
どっちも一緒,一樣的，一樣的。,zh-TW
どっちを先に助ける？,先救落水的誰,zh-TW
ないふんちゃん最高,奶粉奶粉喝奶粉,zh-TW
ないふん単推し,奶粉單推人,zh-TW
なのカメラ,趙相機,zh-TW
なるほど、わかんない,機靈小不懂,zh-TW
なるほど！これが超時空平行体現象！,原來如此！是超時空平行體現象！,zh-TW
なんか変なメッセージが届いた,突然收到了靈異資訊,zh-TW
なんとあなたもネットサーフィンを？,哇咧，你們也上網？,zh-TW
ひねくれ者,說怪話,zh-TW
ふたたび！サイコロ最高！コズミック・フォース！,繼續擲骰！戰力黨！,zh-TW
ぽよよん！アザラシ大作戦,豹豹碰碰大作戰,zh-TW
まもなく決戦,決戰將至,zh-TW
みぞれ,雨夾雪,zh-TW
みんなと仲良く,變得合群,zh-TW
みんな！けいちゃんを助けて！,家人們！這次小桂子來求助了！,zh-TW
もうちょっと首が長ければ…,脖子不夠長,zh-TW
もう遅刻はダメ,不能再遲到了,zh-TW
もっと大きく,繼續長大,zh-TW
やっほー、みんな！,大家好啊，打個招呼！,zh-TW
やめてもう来ないで,別過來，我害怕,zh-TW
ゆらゆら,搖搖晃搖,zh-TW
らんらん,朗朗,zh-TW
わくわくワンダーペット,異寵拾遺,zh-TW
わんぱくっ子は落ち着かない,小淘氣不冷靜,zh-TW
アイシングの星,糖霜星球,zh-TW
アイテムマスター,道具大師,zh-TW
アイテム強化,道具強化,zh-TW
アイムメイドインアビス,我來自深淵,zh-TW
アウトソーシングショック！,外包企業衝擊！,zh-TW
アカウント乗っ取りは死すべし,盜號狗必須死,zh-TW
アグライア,阿格萊雅,zh-TW
アザラシコレクション,海豹蒐集,zh-TW
アスター,艾絲妲,zh-TW
アツアツの入浴剤,火辣浴鹽,zh-TW
アナイクス,那刻夏,zh-TW
アニバーサリー,週年,zh-TW
アベンチュリン,砂金,zh-TW
アベンチュリンの逆転チップ,砂金的翻盤籌碼,zh-TW
アベンチュリン（お試し）,砂金（試用版）,zh-TW
アンケート調査,問卷蒐集,zh-TW
アンダーボス戦,二當家戰,zh-TW
アンチウイルス,全盤殺毒,zh-TW
アンチバリア,反護盾,zh-TW
アーケード対戦,街機對戰,zh-TW
アーチャー,Archer,zh-TW
アーラン,阿蘭,zh-TW
イエローランク,黃光級,zh-TW
イベントクエスト,活動任務,zh-TW
イリア漫遊記,伊利亞遊記,zh-TW
インターセプト,攻擊攔截,zh-TW
ウェルスバナ師（バナ研）,蕉研組的財富蕉師,zh-TW
ウォーキングノーズシェイプ,行走的鼻形獸,zh-TW
ウミガラスの大志,滄海鴿壯志,zh-TW
ウーウーボ,嗚嗚伯,zh-TW
エイクス,埃克斯,zh-TW
エネルギー循環,能量循環,zh-TW
エリートの道,菁英之路,zh-TW
エンドレス次元界,無盡次元,zh-TW
エースチーム,王牌機組,zh-TW
エーテル戦線,乙太戰線,zh-TW
オムニックが見てる,智械大哥看著你,zh-TW
オムニックにブレーキは不要,我是智械，不用剎車,zh-TW
オレグ,奧列格,zh-TW
オロニクスの神跡,歐洛尼斯奇跡,zh-TW
オンパロス風トロッコ問題,翁法羅斯的列車難題,zh-TW
オーバードライブ,性能透支,zh-TW
カスタム列車アドベンチャー,列車改造奇遇,zh-TW
カフカ,卡芙卡,zh-TW
カラフル大乱闘,繽紛大亂鬥,zh-TW
カンパニーの犬,公司狗,zh-TW
カンパニーは仙舟から出てけ,公司滾出仙舟,zh-TW
カーダシア家のお騒がせ,與銀袋山同行,zh-TW
カードゲーマーの逸話,牌友趣事,zh-TW
カードラッシュ,牌山倒海,zh-TW
カード切りマスター,切牌大師,zh-TW
ガオガオ事務所,嗷嗚嗷嗚事務所,zh-TW
ガーディアン,守衛,zh-TW
キメラ,奇美拉,zh-TW
キメラとの喧嘩,和奇美拉吵架,zh-TW
キャストリス,遐蝶,zh-TW
キャリアプラン,職業規劃,zh-TW
キャンディー砲弾,糖果炮彈,zh-TW
キュレネ,昔漣,zh-TW
ギター弾き,吉他手,zh-TW
ギルガメッシュ,吉爾伽美什,zh-TW
クイックコマンド,快速指令,zh-TW
クエスト進捗,任務程序,zh-TW
クソカンパニー,狗公司,zh-TW
クラーラ,克拉拉,zh-TW
クレイジー粉ミルク,瘋狂奶粉,zh-TW
クロックボーイ：往日の美しき夢,《鐘錶小子：美夢往事》,zh-TW
グリーンランク,綠光級,zh-TW
ケナイフン専用,專門訂閱噴乃芬,zh-TW
ケリュドラ,刻律德菈,zh-TW
ケリュドラの勝負手,刻律德菈的決勝棋子,zh-TW
ゲーマーコレクション,牌手珍藏,zh-TW
ゲーム代行,專業代打,zh-TW
コア応答プロトコルの保護強化,核心響應協議保護,zh-TW
コズフォのエキスパート,銀戰高手,zh-TW
コズフォのコマンダー,銀戰領袖,zh-TW
コズフォのベテラン,銀戰熟手,zh-TW
コズフォのマスター,銀戰大師,zh-TW
コズフォのルーキー,銀戰新人,zh-TW
コズミック・ハウジングガイド,宇宙家裝指南,zh-TW
コテンパンにしてやりたい,但是我想給你兩拳,zh-TW
コメディアンのお楽しみ福袋,喜劇人們的自選福袋,zh-TW
コラボ配信,直播連線,zh-TW
コンパスは不滅,羅盤不滅,zh-TW
コードネーム886,代號886,zh-TW
コーナーキング,彎道之王,zh-TW
コールドフットマート,寒腿叔叔的小店,zh-TW
ゴシップ&怪談,八卦怪談,zh-TW
ゴミキック,垃圾飛踢,zh-TW
ゴミシュート,垃圾投擲,zh-TW
ゴミ拾いのゴミー,拾荒的小桶,zh-TW
ゴミ捨て禁止！,嚴禁投餵垃圾！,zh-TW
ゴミ箱,垃圾桶,zh-TW
ゴミ箱オートメーション,智慧型垃圾桶,zh-TW
ゴールデンマスター,黃金大師,zh-TW
サイの怪談,犀牛講怪談,zh-TW
サイクロン,颶風,zh-TW
サイコ200,靈能百分之兩百,zh-TW
サイコロの道+,骰＋骰是道,zh-TW
サイコロトリック,骰機取巧,zh-TW
サイコロプレイヤー,骰號玩家,zh-TW
サイコロ最高！コズミック・フォース！,擲骰吧！戰力黨！,zh-TW
サフェル,賽飛兒,zh-TW
サプライズパーティー,驚喜派對,zh-TW
サポート,助戰,zh-TW
サンデー,星期日,zh-TW
サンポ,桑博,zh-TW
サンポのラブボム,桑博的多情爆彈,zh-TW
サーシス、食ベル,吃掉瑟希斯,zh-TW
サーバーの過負荷対策,防止伺服器超載,zh-TW
ザグレウスの手,扎格列斯之手,zh-TW
シャドウチェイサー,極速追影,zh-TW
シルバーメインの号令,鐵衛號令,zh-TW
シルバーメインの重砲,鐵衛重炮,zh-TW
シルバーメインの銃,鐵衛火銃,zh-TW
シルバーメインの鎧,鐵衛鎧甲,zh-TW
シルバーメイン・尉官,銀鬃尉官,zh-TW
シルバーメイン・狙撃手,銀鬃射手,zh-TW
シルバーメイン・砲兵,銀鬃炮手,zh-TW
シルバーメイン・近衛,銀鬃近衛,zh-TW
ジェパード,傑帕德,zh-TW
ジュリアン,尤利安,zh-TW
ジョヴァンニ,喬瓦尼,zh-TW
スキルクエスト,技能任務,zh-TW
スコート,斯科特,zh-TW
スコートが手配したカンパニーのメカ,斯科特安排的公司機甲,zh-TW
スタミナ,精力,zh-TW
スタートダッシュ,滿額啟動,zh-TW
スターピースデンキ,星際和平家電,zh-TW
スターライト・ウォーフェア,星芒戰幕,zh-TW
スターライト・トワイライト,星芒啟明,zh-TW
スターライト・フラッシュ,星芒爍變,zh-TW
スッキリ爽快！,刷爽了,zh-TW
ステーション特派,太空站特派,zh-TW
ストレージ管理,淨化清理,zh-TW
ストーリーモード,劇情挑戰,zh-TW
ストーリー進捗,劇情進度,zh-TW
スナップショット計画・1日目,留影計畫•第一日,zh-TW
スナップショット計画・2日目,留影計畫•第二日,zh-TW
スナップショット計画・3日目,留影計畫•第三日,zh-TW
スナップショット計画・4日目,留影計畫•第四日,zh-TW
スナップショット計画・5日目,留影計畫•第五日,zh-TW
スナップショット計画・6日目,留影計畫•第六日,zh-TW
スライド攻撃,鏟擊,zh-TW
スレッショルドブレイク,閾值破壞,zh-TW
スヴァローグ,史瓦羅,zh-TW
セイバー,Saber,zh-TW
セイレンス,海瑟音,zh-TW
セイレーンの哀歌,哀歌塞壬,zh-TW
セキュリティシステムのアップグレード,防入侵安全協議升級,zh-TW
セキュリティホール：凍結,凍結漏洞,zh-TW
セキュリティホール：風化,風化漏洞,zh-TW
ゼロ号方程式,零號方程式,zh-TW
タスケテ・クラーラ,磅磅•克拉拉,zh-TW
ダイエット,節食,zh-TW
ダイエットシーズン2：ジム,節食第二季•減肥,zh-TW
ダイスファイター,街骰爭霸,zh-TW
ダブルダートバーガー,雙層脆土堡,zh-TW
ダブルフィールド,雙戰場,zh-TW
ダメージストリーミング,溢傷串流,zh-TW
ダン,鄧恩,zh-TW
ダンシング・ウィズ・ゴリラ,與猩共舞,zh-TW
チャンピオンへの航路,冠軍航路,zh-TW
テイラーっておもしろ,泰勒太樂了,zh-TW
テレビ局のお礼,電視台謝禮,zh-TW
デリバリーレーサー,外送餐點的賽車手,zh-TW
データ回収,資料回收,zh-TW
トパーズ,托帕,zh-TW
トパーズ様ファンクラブ,托帕後援團,zh-TW
トリキャリス,蝶遐,zh-TW
トリビー,緹寶,zh-TW
トントンボール,咚咚球,zh-TW
ドスクロのフック様,漆黑的虎克大人,zh-TW
ドッカン花火,放個煙火,zh-TW
ドット絵飛行機ウォーズ,像素飛機大亂鬥,zh-TW
ドリンク研究,調飲研究,zh-TW
ドリームウォーク,夢客漫步,zh-TW
ド級いたずらっ子,搗蛋小臭寶,zh-TW
ナイスガイ飛,好兄弟阿飛,zh-TW
ナイトメアテレビ局,驚夢電視台,zh-TW
ナターシャ,娜塔莎,zh-TW
ニャンニャンみー,喵喵喵喵咪,zh-TW
ネイビーブルーのゴミー,深藍的小桶,zh-TW
ネオンの夢境マップ報酬,霓虹夢局地圖獎勵,zh-TW
ネタバレ仙人,劇透仙人,zh-TW
ネタ職人,搞怪先鋒,zh-TW
ネットに持明,持明上網,zh-TW
ネットに本名,實名上網,zh-TW
ネットワーク作戦,網路行動,zh-TW
ハゲてないぞ,啾啾才沒有謝頂呢,zh-TW
ハッキングクエスト,駭入任務,zh-TW
ハリケーンレスキュー,颶風營救,zh-TW
ハンバーガー大好き,愛吃小漢堡,zh-TW
バイオレットランク,紫光級,zh-TW
バイキング,自助餐廳,zh-TW
バックグラウンド強化,背景強化,zh-TW
バトルの達人,對戰高手,zh-TW
バトルズ,巴特魯斯,zh-TW
バトルズと遊ぼう,和巴特魯斯一起玩,zh-TW
バトルズと遊ぼう・その2,和巴特魯斯一起玩•其二,zh-TW
バナ悪非道・忍義なき戦い,蕉惡非道•無忍義之戰,zh-TW
バブルピンボール,氣泡彈珠,zh-TW
バラエティ番組,娛樂台,zh-TW
バリアシステム,護盾系統,zh-TW
バルネアの侍者,浴場侍者,zh-TW
バンド知名度,樂團聲望,zh-TW
バーの売上,酒吧營收,zh-TW
バージョンクエスト,版本任務,zh-TW
パフォーマンス分配,性能分配,zh-TW
パブリック・エネミー・クロコダイル,鱷魚公敵,zh-TW
パム,帕姆,zh-TW
ヒアンシー,風堇,zh-TW
ヒアンシー&アナイクス,兩人一同,zh-TW
ヒエヒエの入浴剤,冰爽浴鹽,zh-TW
ビギナーの道,入門之路,zh-TW
ビッグテール,大尾巴噠噠,zh-TW
ビープ・フォー・スピード,按喇叭加速,zh-TW
ピノコニーが最大何文字までサポートできるのか試してみよう,來試試匹諾康尼最長接受多少字,zh-TW
ピノコニーのアイドル,匹諾康尼偶像,zh-TW
ピュエロスの侍者,澡堂侍者,zh-TW
ピーク値フィードバック,峰值反饋,zh-TW
ファイアウォール,防火牆,zh-TW
ファイトクラブ,搏擊俱樂部,zh-TW
ファイノン,白厄,zh-TW
ファンタスティック・プーマン,神奇撲滿與它們的產地,zh-TW
フォロワーのみんなへ,寫給新舊粉絲的一些話,zh-TW
フック,虎克,zh-TW
フューチャーズマーケット,未來市場,zh-TW
フライングチェスの名手,飛棋妙手,zh-TW
フリーズ！凍り付け,凍住，不許走,zh-TW
フリーチャレンジ,自由挑戰,zh-TW
フレームレートの間に…,幀與幀之間……,zh-TW
ブラザーハヌ脱獄記,哈努兄弟越獄記,zh-TW
ブランドバトル,品牌對決,zh-TW
ブルーとウーウーボ,湛藍星與嗚嗚伯,zh-TW
ブルーランク,藍光級,zh-TW
ブレイクスルー,常值突破,zh-TW
ブレーキオイル切れ,剎車沒油,zh-TW
ブローニャ,布洛妮婭,zh-TW
ブートヒルに関するすべて…,關於波提歐的一切……,zh-TW
プルル～プルル～,嘟嘟～嘟嘟～,zh-TW
プログラミング・スピード,程式碼關頭,zh-TW
プロゲーマー,遊戲高手,zh-TW
プロトコル突破,協議突破,zh-TW
プーマンの波動,撲滿波動,zh-TW
プーマンパッチ,撲滿補丁,zh-TW
プーマン効果,撲滿效應,zh-TW
プーマン衝撃波,撲滿衝擊波,zh-TW
ヘルタ,黑塔,zh-TW
ヘルタ、ヘルタそれからヘルタ,黑塔、黑塔和黑塔,zh-TW
ヘルタを探す,尋找黑塔,zh-TW
ベストサークル,最佳社團,zh-TW
ベストプレイヤー,最佳玩家,zh-TW
ベテランの道,豪傑之路,zh-TW
ベテラン社員・チームリーダー,資深員工•組長,zh-TW
ベテラン観客,資深觀眾,zh-TW
ベルベットの中の悪魔,天鵝絨裡的惡魔,zh-TW
ペペ,佩佩,zh-TW
ペラ&セーバル,佩拉&希露瓦,zh-TW
ペラリ、好運くじ！,翻翻好符運,zh-TW
ホタル,流螢,zh-TW
ホラーマスター,恐怖片大師,zh-TW
ホラー幻戯の新しい宣伝方法？,恐怖幻戲新的宣傳手段？,zh-TW
ボクだよ、ドアを開けて,開門我是鼠鼠,zh-TW
ボクだよ、ドアを開けて,開門，我是鼠鼠,zh-TW
ボス戦,頭目戰,zh-TW
ボルダータウン・スーパーリーグ,磐岩鎮超級聯賽,zh-TW
ポイント進度,分數進度,zh-TW
マイリトルゴミー・エンチャントVer.,小桶寶力•附魔版,zh-TW
マスコット,吉祥物,zh-TW
マスターの道,大師之路,zh-TW
マダム・ヘルタ,大黑塔,zh-TW
マトリックスイテレーション,矩陣更新,zh-TW
マネーウォーズ・ゼロサムゲーム,貨幣戰爭•零和遊戲,zh-TW
ミニチュアの星,微縮星球,zh-TW
ミュリオンの贈り物,迷迷贈禮,zh-TW
ミルクの入浴剤,獸奶浴鹽,zh-TW
ミーガにアンチなし,米糕沒黑粉,zh-TW
メンテナンスエンジニア,維修工程師,zh-TW
メンバー募集,成員召募,zh-TW
モーディス,萬敵,zh-TW
ユーザーwwww,用戶參參參參,zh-TW
ユーザー二三三三三,用戶二三三三三,zh-TW
ユーザー名の変更を余儀なくされたキュウリ,被迫改名的胡瓜,zh-TW
ライフカウント,生命計數,zh-TW
ライブの進行状況,演出進度,zh-TW
ランドのブループリント,樂園藍圖,zh-TW
ランドゥー家…と、ペラ,朗道一家……以及佩拉,zh-TW
リズムの達人,節奏高手,zh-TW
リピート機,複讀機,zh-TW
リンクス,玲可,zh-TW
ルアン・メェイ,阮•梅,zh-TW
ルアン・メェイの創造物,阮•梅造物,zh-TW
ルカ,盧卡,zh-TW
ルーキーの道,新秀之路,zh-TW
レッドフルーツ,紅果,zh-TW
レッドランク,紅光級,zh-TW
レンジャーの影,遊俠謎影,zh-TW
レンタル広告スペース,廣告位招租,zh-TW
ロイ・疾風,羅伊•疾風,zh-TW
ロック・迅影,洛克•迅影,zh-TW
ロビン,知更鳥,zh-TW
ロマンの入浴剤,浪漫浴鹽,zh-TW
ローズマリーの花言葉,迷迭香的花語,zh-TW
ワイルダー,維爾德,zh-TW
ヴェルト,瓦爾特,zh-TW
ヴォイドレンジャー・抹消,虛卒•抹消者,zh-TW
ヴォイドレンジャー・略奪,虛卒•掠奪者,zh-TW
ヴォイドレンジャー・蹂躙,虛卒•踐踏者,zh-TW
一に眉間、二に心臓,一扎皺眉，二扎心,zh-TW
一人前,獨當一面,zh-TW
一则鲜见的轶事,一則鮮見的軼事,zh-TW
一千颗流星,一千顆流星,zh-TW
一同成长？,一同成長？,zh-TW
一场大雨毁了我的吃土梦,一場大雨毀了我的吃土夢,zh-TW
一场赴死的和谈,一場赴死的和談,zh-TW
一声勇者的呐喊,一聲勇者的吶喊,zh-TW
一夜梦话,一夜夢話,zh-TW
一家惨殺事件、怖いのが苦手な人は見ないように,滅門慘案，膽小者請勿點開,zh-TW
一扎眉攒，二扎心,一扎皺眉，二扎心,zh-TW
一招制敌的技巧,一招制敵的技巧,zh-TW
一撃必殺,一招制敵的技巧,zh-TW
一星级餐馆,一星級餐廳,zh-TW
一時退避,臨時避險,zh-TW
一样的，一样的。,一樣的，一樣的。,zh-TW
一气化三餐,一氣化三餐,zh-TW
一気に三食,一氣化三餐,zh-TW
一番のファン,頭號粉絲,zh-TW
一緒に成長していこう,一同成長？,zh-TW
一般路过的福林,一般路過的福林,zh-TW
一般通過福林,一般路過的福林,zh-TW
一輪車,獨輪車,zh-TW
一轮三动的桶,一輪三動的桶,zh-TW
一途な愛、桂乃芬へ,摯愛、桂乃芬,zh-TW
一重难逃的命运,一重難逃的命運,zh-TW
七伤，灭顶,七傷，滅頂,zh-TW
七傷、滅頂,七傷，滅頂,zh-TW
七色のゴミ箱,七色垃圾桶,zh-TW
万敌,萬敵,zh-TW
万有应物科,萬有應物科,zh-TW
万有応物課,萬有應物科,zh-TW
三星级餐馆,三星級餐廳,zh-TW
三月なのか,三月七,zh-TW
上の人は孫,樓上是我孫子,zh-TW
上岸云骑还愿,考上雲騎還願,zh-TW
上班为了下班,上班為了下班,zh-TW
上骰了！战力党！,擲骰吧！戰力黨！,zh-TW
下の人へチュッ,親樓下一口,zh-TW
不止冰火两重天,不只冰火兩重天,zh-TW
不爱睡觉,不愛睡覺,zh-TW
不能再迟到了,不能再遲到了,zh-TW
不能被直接观测的幽灵舰队,不能直接觀測的幽靈艦隊,zh-TW
不要なデータの消去,資料清除,zh-TW
不要笑挑战,不要笑挑戰,zh-TW
与ダメージ,造成傷害,zh-TW
与猩共舞,與猩共舞,zh-TW
与银袋山同行,與銀袋山同行,zh-TW
丑陋花朵,醜陋花朵,zh-TW
专业代打,專業代打,zh-TW
专门订阅喷乃芬,專門訂閱噴乃芬,zh-TW
世も末だ,世風日下,zh-TW
世を満たす異器,異器盈界,zh-TW
世を満たす異器300%,異器盈界300%,zh-TW
世风日下,世風日下,zh-TW
业火不尽,業火不盡,zh-TW
严禁投喂垃圾！,嚴禁投餵垃圾！,zh-TW
中坚助力,中堅助力,zh-TW
中核サポート,中堅助力,zh-TW
丰饶灵兽•奎木,豐饒靈獸•奎木,zh-TW
临时插值,臨時插值,zh-TW
临时避险,臨時避險,zh-TW
丹恒•腾荒,丹恆•騰荒,zh-TW
丹恒・騰荒,丹恆•騰荒,zh-TW
丹鼎司の道楽者,丹鼎司浪子,zh-TW
为了和平,為了和平,zh-TW
为了自由,為了自由,zh-TW
为所欲为,為所欲為,zh-TW
主播男孩重度依赖,直播男孩重度依賴,zh-TW
久しぶりだね、相棒。,搭檔，好久不見。,zh-TW
之前接到一个很奇怪的工作,之前接到一個很奇怪的工作,zh-TW
乐园之礼,樂園之禮,zh-TW
乐园蓝图,樂園藍圖,zh-TW
乐队声望,樂團聲望,zh-TW
乔瓦尼,喬瓦尼,zh-TW
九天の仙狐,天上仙狐,zh-TW
乱世の終結,終結亂世,zh-TW
予約リスト,預約清單,zh-TW
予選第1ラウンド,海選賽第一輪,zh-TW
予選第2ラウンド,海選賽第二輪,zh-TW
予選第3ラウンド,海選賽第三輪,zh-TW
予選進捗,叩關進度,zh-TW
争いの剣は命吹き込む鋤へ,鑄劍為犁,zh-TW
二人一同,兩人一同,zh-TW
二当家战,二當家戰,zh-TW
二星级餐馆,二星級餐廳,zh-TW
二楼没素质,二樓沒水準,zh-TW
二次元が如く,做二次元,zh-TW
二相乐园第一偶像•火花,二相樂園第一偶像•火花,zh-TW
二相楽園のトップアイドル・火花,二相樂園第一偶像•火花,zh-TW
于浪花中觉醒,於浪花中覺醒,zh-TW
于长夜重返大地,於長夜重返大地,zh-TW
亏成首富，从不要钱开始,虧成首富，從不要錢開始,zh-TW
云上五娇,雲上五嬌,zh-TW
云彩制造机,雲彩製造機,zh-TW
云无留迹,雲無留跡,zh-TW
云海,雲海,zh-TW
云隙光,雲隙光,zh-TW
云霄棋阵地图奖励,雲霄棋陣地圖獎勵,zh-TW
云骑出征寸草不生,雲騎出征寸草不生,zh-TW
互角の相手,旗鼓相當的對手,zh-TW
五甲の脹,脹五甲,zh-TW
亲楼下一口,親樓下一口,zh-TW
人だかりのゴミー,人山人海的桶,zh-TW
人を滅ぼしたい,毀人不倦,zh-TW
人类最好的朋友,人類最好的朋友,zh-TW
人類の最良の友,人類最好的朋友,zh-TW
人類の最良の友、キメラ,奇美拉，人類最好的夥伴。,zh-TW
什么都吃,什麼都吃,zh-TW
今天照例上班迟到，发现大家都神神叨叨的,今天照例上班遲到，發現大家都神神叨叨的,zh-TW
今天真是吓死我了,今天真是嚇死我了,zh-TW
今日は配信なし,今天不播,zh-TW
今日も風は吹く,風今天還是那麼吹,zh-TW
今日本当に死ぬほど驚いたこと,今天真是嚇死我了,zh-TW
仕事統計,工作統計,zh-TW
仙舟はカンパニーから出てけ,仙舟滾出公司,zh-TW
仙舟ゴキブリを撲滅せよ,消滅仙舟大蠊,zh-TW
仙舟一お金持ち,仙舟第一有錢花,zh-TW
仙舟人道を示す,仙舟人指路,zh-TW
仙舟战力top榜,仙舟戰力top榜,zh-TW
仙舟戦力トップランキング,仙舟戰力top榜,zh-TW
仙舟滚出公司,仙舟滾出公司,zh-TW
仙舟第一有钱花,仙舟第一有錢花,zh-TW
仙骸に果て有り,仙骸有終,zh-TW
仙骸有终,仙骸有終,zh-TW
代号886,代號886,zh-TW
代理列车长,代理列車長,zh-TW
以太战线,乙太戰線,zh-TW
仮想の味に酔いしれて,虛境味探,zh-TW
仮想訓練,夢境訓練,zh-TW
仮面の英傑,假面怪傑,zh-TW
仮面幻想曲,假面雙人舞,zh-TW
仲良しジュンちゃん,好姐妹小順,zh-TW
任务进程,任務程序,zh-TW
伊利亚游记,伊利亞遊記,zh-TW
伏魔作戦,降妖行動,zh-TW
伏魔記録・偃息館,降妖輯錄•偃息館,zh-TW
伏魔記録・燕楽亭,降妖輯錄•燕樂亭,zh-TW
伏魔記録・狐眠塚,降妖輯錄•狐眠塚,zh-TW
伏魔記録・談狐林,降妖輯錄•談狐林,zh-TW
伝染型マインドボム,傳染型心靈炸彈,zh-TW
伝統のおとぎ話…？,傳統童話故事……？,zh-TW
传染型心灵炸弹,傳染型心靈炸彈,zh-TW
传统童话故事…？,傳統童話故事……？,zh-TW
但是我想给你两拳,但是我想給你兩拳,zh-TW
位面分裂,次元分裂,zh-TW
位面分裂300%,次元分裂300%,zh-TW
低温ドレイン,低溫榨取,zh-TW
低温榨取,低溫榨取,zh-TW
低速高効率,低速高載,zh-TW
低速高载,低速高載,zh-TW
何でも食べる人,什麼都吃,zh-TW
余分整合,冗餘整合,zh-TW
余晖残卷,餘暉殘卷,zh-TW
作業チームのミスにより、太卜司が機能停止,小隊施工失誤，太卜司陷入停擺,zh-TW
你就宠它吧,你也太寵牠了吧,zh-TW
你的亲生父亲,你的親生父親,zh-TW
依存度調査,心理評估,zh-TW
侵略の鉄蹄,侵略的鐵蹄,zh-TW
侵略的铁蹄,侵略的鐵蹄,zh-TW
信頼関係ってなんだろう？,基本的信任呢？,zh-TW
修复团队协作模块,修正團隊協作模組,zh-TW
俺のターン！,我的回合！,zh-TW
偃息馆处镇妖塔,偃息館處鎮妖塔,zh-TW
假面双人舞,假面雙人舞,zh-TW
假面怪杰,假面怪傑,zh-TW
像素飞机大乱斗,像素飛機大亂鬥,zh-TW
僕のこと覚えてる,記得我嗎,zh-TW
儆惧,儆懼,zh-TW
優しい尻尾,溫柔的大尾巴,zh-TW
元気いっぱい,精力充沛,zh-TW
先救落水的谁,先救落水的誰,zh-TW
光の賽・1700年の執念,骰魂•一千七百年的執念,zh-TW
光を信じ光になる,相信光變成光,zh-TW
光を追い、黄金を掴む・高難易度挑戦,逐光撿金•高難度挑戰,zh-TW
光淵密巻課,光淵密卷科,zh-TW
光渊密卷科,光淵密卷科,zh-TW
入园礼遇,入園禮遇,zh-TW
入门之路,入門之路,zh-TW
入魔机巧 • 灯昼龙鱼,入魔機巧•燈晝龍魚,zh-TW
入魔机巧 • 率从狻猊,入魔機巧•率從狻猊,zh-TW
入魔機巧・灯火龍魚,入魔機巧•燈晝龍魚,zh-TW
入魔機巧・統率狻猊,入魔機巧•率從狻猊,zh-TW
全て追憶,全面回憶,zh-TW
全体目光向我看齐！,全體目光向我看齊！,zh-TW
全員注目！,全體目光向我看齊！,zh-TW
全盘杀毒,全盤殺毒,zh-TW
全部やってあげるね,你也太寵牠了吧,zh-TW
全面回忆,全面回憶,zh-TW
全面备战,全面備戰,zh-TW
全面戦争の準備,全面備戰,zh-TW
八卦怪谈,八卦怪談,zh-TW
八日目の旅立ち,在第八日啟程,zh-TW
公司滚出仙舟,公司滾出仙舟,zh-TW
公輸先生,公輸師傅,zh-TW
公输师傅,公輸師傅,zh-TW
共に永遠の城を築こう,共築永恆之城,zh-TW
共筑永恒之城,共築永恆之城,zh-TW
关于波提欧的一切…,關於波提歐的一切……,zh-TW
兽奶浴盐,獸奶浴鹽,zh-TW
内装リフォーム,室內裝修,zh-TW
円清流,圓清流,zh-TW
再创世的凯歌,再創世的凱歌,zh-TW
再創紀の凱歌,再創世的凱歌,zh-TW
再成長に期待,期待又一次長大,zh-TW
再见，匹诺康尼,再見，匹諾康尼,zh-TW
冗余整合,冗餘整合,zh-TW
写给新老粉丝的一些话,寫給新舊粉絲的一些話,zh-TW
冠军航路,冠軍航路,zh-TW
冥河的孤独难耐,冥河的孤獨難耐,zh-TW
冰爽浴盐,冰爽浴鹽,zh-TW
冰轮碎碾,冰輪碎碾,zh-TW
冲撞,衝撞,zh-TW
决战将至,決戰將至,zh-TW
决胜时刻,決勝時刻,zh-TW
冷初,泠初,zh-TW
冷寒徘徊者,深寒徘徊者,zh-TW
冷血刺客は暑い紅茶がお好き,冷血殺手愛喝熱茶,zh-TW
冷血杀手爱喝热茶,冷血殺手愛喝熱茶,zh-TW
冻住，不许走,凍住，不許走,zh-TW
冻结漏洞,凍結漏洞,zh-TW
冻结风暴,凍結風暴,zh-TW
净化清理,淨化清理,zh-TW
净炎之雨,淨炎之雨,zh-TW
凶宅での絶えない心霊現象,鬧鬼凶宅怪事不斷,zh-TW
凶宅の真相！誤情報は広めないように！,凶宅真相，別再以訛傳訛了,zh-TW
凶宅真相，别再以讹传讹了,凶宅真相，別再以訛傳訛了,zh-TW
出勤は退勤のため,上班為了下班,zh-TW
击破连环,擊破連環,zh-TW
分享下小目标,分享一下小目標,zh-TW
分数进度,分數進度,zh-TW
切り裂き,戮殺,zh-TW
切牌大师,切牌大師,zh-TW
列車からの贈り物,列車的禮物,zh-TW
列車当番,列車值日,zh-TW
列車組の末っ子へ,給列車組老么的一封信,zh-TW
列车值日,列車值日,zh-TW
列车改造奇遇,列車改造奇遇,zh-TW
列车的礼物,列車的禮物,zh-TW
初の乱世録,塵靈亂世錄,zh-TW
初の精鋭,塵靈勁旅,zh-TW
初めての悪夢,初探噩夢,zh-TW
初ランド,塵靈遊樂園,zh-TW
初出茅庐,初出茅廬,zh-TW
初探噩梦,初探噩夢,zh-TW
初花习剑录,初花習劍錄,zh-TW
初陣を飾る,旗開得勝,zh-TW
别给我烧纸,別給我燒紙,zh-TW
别过来，我害怕,別過來，我害怕,zh-TW
刹车没油,剎車沒油,zh-TW
刻律德菈的决胜棋子,刻律德菈的決勝棋子,zh-TW
削除済みユーザー,使用者已註銷,zh-TW
削除済みユーザー,該使用者已註銷,zh-TW
前に受けた奇妙な仕事について,之前接到一個很奇怪的工作,zh-TW
剑习苦修,劍習苦修,zh-TW
剑侠纪事,劍俠紀事,zh-TW
剑术进境,劍術進境,zh-TW
剣客浪漫譚,劍俠紀事,zh-TW
剣術の上達度,劍術進境,zh-TW
剣術の修業,劍習苦修,zh-TW
剧情挑战,劇情挑戰,zh-TW
剧情进度,劇情進度,zh-TW
剧透仙人,劇透仙人,zh-TW
剩余：,剩餘：,zh-TW
創造的思考を辿って,追蹤創新思維痕跡,zh-TW
力技の追い越し,物理超車,zh-TW
加班过于频繁，员工精神错乱！,加班過於頻繁，員工精神錯亂！,zh-TW
助けて！父がおかしくなりました！,求助！我爸到底是怎麼了？,zh-TW
助战,助戰,zh-TW
劲爆！不明飞行物背后的真相。,勁爆！不明飛行物背後的真相。,zh-TW
勇者の叫び,一聲勇者的吶喊,zh-TW
勉強中、お邪魔厳禁,學習中，請打擾。,zh-TW
募集中：桂乃芬について,募集中：關於桂乃芬的一切,zh-TW
匹诺康尼偶像,匹諾康尼偶像,zh-TW
医疗科,醫療科,zh-TW
医療課,醫療科,zh-TW
十万の難問,十萬個為什麼,zh-TW
十万个为什么,十萬個為什麼,zh-TW
十万订阅纪念特辑出来啦！,十萬訂閱紀念特輯出來啦！,zh-TW
十三幺,十三么,zh-TW
十王の行賞,十王犒賞,zh-TW
十王犒赏,十王犒賞,zh-TW
千の星に賭すチップ,揮擲千星的籌碼,zh-TW
千の流れ星,一千顆流星,zh-TW
千年の邪祟が世に放たれた！怪異退治隊の隊員に不測の事態！,千年邪祟驚現人間！捉鬼小隊成員險遭不測！,zh-TW
千年邪祟惊现人间！捉鬼小队成员险遭不测！,千年邪祟驚現人間！捉鬼小隊成員險遭不測！,zh-TW
千星、旅は道づれ,千星旅伴,zh-TW
千秋万代,千秋萬代,zh-TW
半决赛,半決賽,zh-TW
半分埋もれた大地獣,半埋的大地獸,zh-TW
半埋的大地兽,半埋的大地獸,zh-TW
半夜照镜子,半夜照鏡子,zh-TW
协议突破,協議突破,zh-TW
協調性モジュールの修復,修正團隊協作模組,zh-TW
単純な大いなる真理,大道至簡,zh-TW
卜算法更新！大量の仕事に振り回される太卜司！,卜算法更新！海量工作淹沒太卜司！,zh-TW
卜算法迭代更新！海量工作淹没太卜司！,卜算法更新！海量工作淹沒太卜司！,zh-TW
卢卡,盧卡,zh-TW
卧室没有床,臥室沒有床,zh-TW
危険な契約に注意せよ！,提防危險契約！,zh-TW
原来如此！是超时空平行体现象！,原來如此！是超時空平行體現象！,zh-TW
去钓鱼,去釣魚,zh-TW
又上骰了！战力党！,繼續擲骰！戰力黨！,zh-TW
又是万物复苏的季节,又是萬物復甦的季節,zh-TW
友情促進士,友誼激勵師,zh-TW
友谊激励师,友誼激勵師,zh-TW
双层脆土堡,雙層脆土堡,zh-TW
双战场,雙戰場,zh-TW
反护盾,反護盾,zh-TW
反正都是红的,反正都是紅的,zh-TW
反汚職ブロフェッショナル,反貪「磚」家,zh-TW
反物質の刃,反物質刀鋒,zh-TW
反物質の鉄蹄,反物質鐵蹄,zh-TW
反物質重砲,反物質重炮,zh-TW
反物质刀锋,反物質刀鋒,zh-TW
反物质加速,反物質加速,zh-TW
反物质重炮,反物質重炮,zh-TW
反物质铁蹄,反物質鐵蹄,zh-TW
反贪「砖」家,反貪「磚」家,zh-TW
变得合群,變得合群,zh-TW
变成玉兆废人,變成玉兆廢人,zh-TW
叙事詩,敘事詩,zh-TW
叙事诗,敘事詩,zh-TW
古いボトルと新たな友,舊瓶新友,zh-TW
古跡に眠る秘宝,地城探寶,zh-TW
叩关进度,叩關進度,zh-TW
只人と神の栄冠,庸與神的冠冕,zh-TW
叮叮车,電車,zh-TW
可愛くて飛びそう,可愛到飛起了,zh-TW
可爱到飞起了,可愛到飛起了,zh-TW
可爱的节日习俗,可愛的節日習俗,zh-TW
史瓦罗,史瓦羅,zh-TW
右护法战,右護法戰,zh-TW
右护法战•再开,右護法戰•再開,zh-TW
右腕戦,右護法戰,zh-TW
右腕戦・再戦,右護法戰•再開,zh-TW
司祭,祭司,zh-TW
各世代の玉兆回収中,回收各代玉兆,zh-TW
吉尔伽美什,吉爾伽美什,zh-TW
同事好像换了个人一样…,同事好像換了個人一樣……,zh-TW
同僚が別人になったみたい…,同事好像換了個人一樣……,zh-TW
同好のゴミー,同好的小桶,zh-TW
同心の双雄,戮力雙雄,zh-TW
同行クエスト,同行任務,zh-TW
同行クエストが解放されました,同行任務開啟,zh-TW
同行クエストが解放されました,同行任務開放,zh-TW
同行クエスト開放,同行任務開放,zh-TW
同行任务,同行任務,zh-TW
同行任务开启,同行任務開啟,zh-TW
同行任务开启,同行任務開放,zh-TW
名前は重要にあらず,名字不重要,zh-TW
后台强化,背景強化,zh-TW
后排目标,後排目標,zh-TW
听说神策府准备放开购房政策,聽說神策府準備放鬆購房政策,zh-TW
启程前夕,啟程前夕,zh-TW
吹き荒れる狂風,狂風吹,zh-TW
吹雪,暴雪,zh-TW
呑天,吞天,zh-TW
呜呜伯,嗚嗚伯,zh-TW
周年,週年,zh-TW
命の奉仕,易命,zh-TW
命ニ奉ジテ制裁ヲ,奉辭罰罪,zh-TW
命中注定的星辰,命中註定的星辰,zh-TW
命悬一线,命懸一線,zh-TW
命懸けマジシャン1020,送命魔術師1020,zh-TW
命运/今晚留下来,命運/今晚留下來,zh-TW
命运契约•再启,命運契約•再啟,zh-TW
命运逐锋,命運逐鋒,zh-TW
和巴特鲁斯一起玩,和巴特魯斯一起玩,zh-TW
和巴特鲁斯一起玩•其二,和巴特魯斯一起玩•其二,zh-TW
和鬼见面？直播跟鬼通话的结果是……,和鬼見面？直播跟鬼通話的結果是……,zh-TW
和鬼见面？真相竟然是…？,和鬼見面？真相竟然是……？,zh-TW
品牌对决,品牌對決,zh-TW
哈努兄弟越狱记,哈努兄弟越獄記,zh-TW
哲学的な問いかけ,哲學問題,zh-TW
哲学问题,哲學問題,zh-TW
唯一なる真のけいちゃんファン,桂桂唯一真愛粉,zh-TW
唯一の愛、けいちゃんへ,唯愛、小桂子,zh-TW
唯爱丶小桂子,唯愛、小桂子,zh-TW
啸聚,嘯聚,zh-TW
啾啾才没有谢顶呢,啾啾才沒有謝頂呢,zh-TW
喜剧人们的自选福袋,喜劇人們的自選福袋,zh-TW
嗷呜嗷呜事务所,嗷嗚嗷嗚事務所,zh-TW
嘟嘟~嘟嘟~,嘟嘟～嘟嘟～,zh-TW
嘯合,嘯聚,zh-TW
噛み砕き,碎齧,zh-TW
嚣张路过,囂張路過,zh-TW
四天王战,四天王戰,zh-TW
四天王戦,四天王戰,zh-TW
四星级餐馆,四星級餐廳,zh-TW
因为太阳将要毁伤,因為太陽將要毀傷,zh-TW
因为我已触碰过天空,因為我已觸碰過天空,zh-TW
困难模式,困難模式,zh-TW
国士無双,十三么,zh-TW
圆清流,圓清流,zh-TW
土の味,土味,zh-TW
土を頬張る夢、台無しの雨,一場大雨毀了我的吃土夢,zh-TW
土豆丝炒姜丝,土豆絲炒薑絲,zh-TW
圣城鉴宝,聖城鑑寶,zh-TW
在第八日启程,在第八日啟程,zh-TW
在黎明升起时坠落,在黎明升起時墜落,zh-TW
地を震わす獅子,獅震八方,zh-TW
地下迷宮の謎,地宮迷蹤,zh-TW
地城探宝,地城探寶,zh-TW
地宫迷踪,地宮迷蹤,zh-TW
地狱厨房,地獄廚房,zh-TW
地獄・キッチン,地獄廚房,zh-TW
地衡司特殊现象调查处，前来报道,地衡司特殊現象調查處，前來報到,zh-TW
地衡司特殊現象調査場、報告,地衡司特殊現象調查處，前來報到,zh-TW
垃圾投掷,垃圾投擲,zh-TW
垃圾飞踢,垃圾飛踢,zh-TW
培育大师,培育大師,zh-TW
基层员工•安保,基層員工•保全,zh-TW
基础包,基礎包,zh-TW
基礎パック,基礎包,zh-TW
塑料大实话,塑膠大實話,zh-TW
士气激活,士氣啟動,zh-TW
士気向上,士氣啟動,zh-TW
変なゴミ,古怪的垃圾,zh-TW
复维映射,復維對映,zh-TW
复读机,複讀機,zh-TW
夕食会議,晚餐會議,zh-TW
外伝ストーリー,外傳故事,zh-TW
外传故事,外傳故事,zh-TW
外包企业冲击！,外包企業衝擊！,zh-TW
外包老板,外包老闆,zh-TW
多层次解析能力测试,多層次解析能力測試,zh-TW
多層解説能力テスト,多層次解析能力測試,zh-TW
多次元投影,復維對映,zh-TW
多灾多难,多災多難,zh-TW
夜の光,宵明,zh-TW
夜中に非通知の電話がかかってくる……,總是在半夜收到匿名來電……,zh-TW
夜明け前に迎える崩落,在黎明升起時墜落,zh-TW
夜更しの天才,熬夜聖體,zh-TW
夢境の迷い時計,夢境迷鐘,zh-TW
夢醒めし時,夢醒時分,zh-TW
大きいことは良いことだ,大就是好,zh-TW
大げさな通りすがり,囂張路過,zh-TW
大剣の守り,巨劍守護,zh-TW
大地のサプライズ,大地的驚喜,zh-TW
大地の恐慌,大地的驚嚇,zh-TW
大地兽,大地獸,zh-TW
大地兽乙,大地獸乙,zh-TW
大地兽分饼,大地獸分餅,zh-TW
大地兽恐怖故事,大地獸恐怖故事,zh-TW
大地兽旅团的实习工作,大地獸旅團的實習工作,zh-TW
大地兽旅团的模拟面试,大地獸旅團的模擬面試,zh-TW
大地兽甲,大地獸甲,zh-TW
大地兽的指引,大地獸的指引,zh-TW
大地兽语，从入门到入土,大地獸語，從入門到入土,zh-TW
大地兽语，从入门到入院,大地獸語，從入門到入院,zh-TW
大地兽高手,大地獸高手,zh-TW
大地式健忘疗法,大地式健忘療法,zh-TW
大地式記憶回復法,大地式健忘療法,zh-TW
大地料理…？,大地料理……？,zh-TW
大地獣,大地獸,zh-TW
大地獣A,大地獸甲,zh-TW
大地獣B,大地獸乙,zh-TW
大地獣、お菓子を分ける,大地獸分餅,zh-TW
大地獣について・その1,論大地獸們•其一,zh-TW
大地獣について・その2,論大地獸們•其二,zh-TW
大地獣について・その3,論大地獸們•其三,zh-TW
大地獣の導き,大地獸的指引,zh-TW
大地獣怪談,大地獸恐怖故事,zh-TW
大地獣旅団の研修業務,大地獸旅團的實習工作,zh-TW
大地獣旅団の面接練習,大地獸旅團的模擬面試,zh-TW
大地獣訳,大地翻譯,zh-TW
大地獣語 入門から入院まで,大地獸語，從入門到入院,zh-TW
大地獣語 初心者から挫折者まで,大地獸語，從入門到入土,zh-TW
大地的惊吓,大地的驚嚇,zh-TW
大地的惊喜,大地的驚喜,zh-TW
大地翻译,大地翻譯,zh-TW
大型ドローンの投影装置テスト,大型無人機投影裝置測試,zh-TW
大型无人机投影装置测试,大型無人機投影裝置測試,zh-TW
大家好啊，打个招呼！,大家好啊，打個招呼！,zh-TW
大富豪,金幣富豪,zh-TW
大尾巴哒哒,大尾巴噠噠,zh-TW
大师之路,大師之路,zh-TW
大悠ねえ,大悠姐,zh-TW
大矿区,大礦區,zh-TW
大衍万象,大衍萬象,zh-TW
大道至简,大道至簡,zh-TW
大鉱区,大礦區,zh-TW
大隐隐于市,大隱隱於市,zh-TW
大隠は市に隠る,大隱隱於市,zh-TW
天のみが知る,天知道,zh-TW
天上总是传来恸哭声,天上總是傳來慟哭聲,zh-TW
天井到達,大保底,zh-TW
天使のはしご,雲隙光,zh-TW
天地乖离•开辟之星,天地乖離•開闢之星,zh-TW
天地乖離す開闢の星,天地乖離•開闢之星,zh-TW
天外漫遊,邀遊天外,zh-TW
天天说史,天天說史,zh-TW
天气好热,天氣好熱,zh-TW
天气真好，养它！,天氣真好，養牠！,zh-TW
天気雨,晴天雨,zh-TW
天罰の人,天譴之人,zh-TW
天谴之人,天譴之人,zh-TW
天鹅绒里的恶魔,天鵝絨裡的惡魔,zh-TW
太空大战争,太空大戰爭,zh-TW
失神、けど1秒だけ,深度昏迷，但一秒,zh-TW
头号粉丝,頭號粉絲,zh-TW
头饰,頭飾,zh-TW
奇库寻遗,奇庫尋遺,zh-TW
奇物宝庫トレジャー,奇庫尋遺,zh-TW
奇珍异宝,奇珍異寶,zh-TW
奇美拉，人类最好的伙伴。,奇美拉，人類最好的夥伴。,zh-TW
奉辞罚罪,奉辭罰罪,zh-TW
奋斗的公民,奮鬥的公民,zh-TW
奔袭,奔襲,zh-TW
奥列格,奧列格,zh-TW
奮い立てる,鼓舞士氣,zh-TW
女の子,年輕的女孩,zh-TW
奶粉单推人,奶粉單推人,zh-TW
她让克隆人上班，克隆人让她下班,她讓複製人上班，複製人讓她下班,zh-TW
好き嫌いはいけないよ,不可以挑食。,zh-TW
好き放題,為所欲為,zh-TW
好久不见，搭档。,搭檔，好久不見。,zh-TW
好兄弟阿飞,好兄弟阿飛,zh-TW
好听就是好头,好聽就是好頭,zh-TW
好姐妹小顺,好姐妹小順,zh-TW
好姐姐饶了我,好姐姐饒了我,zh-TW
如是，众生欢笑不已,如是，眾生歡笑不已,zh-TW
妖魔を祓う瑠璃剣,蕩滌妖邪琉璃劍,zh-TW
妖魔鎮めの塔・偃息館,偃息館處鎮妖塔,zh-TW
妖魔鎮めの塔・燕楽亭,燕樂亭處鎮妖塔,zh-TW
妖魔鎮めの塔・狐眠塚,狐眠塚處鎮妖塔,zh-TW
妖魔鎮めの塔・談狐林,談狐林處鎮妖塔,zh-TW
妖魔鎮めの塔・青丘台,青丘台處鎮妖塔,zh-TW
始まりの門と終わりの玉座,門扉之啟，王座之終,zh-TW
姫子,姬子,zh-TW
娱乐乱象，主演无故缺席拍摄？原因竟然是……,娛樂亂象，主演無故缺席拍攝？原因竟然是…,zh-TW
娱乐台,娛樂台,zh-TW
存在意义校准,存在意義校準,zh-TW
存在意義の再定義,存在意義校準,zh-TW
学习中，请打扰。,學習中，請打擾。,zh-TW
学生,學生,zh-TW
宁缺毋滥,寧缺毋濫,zh-TW
宁静致远,寧靜致遠,zh-TW
宇宙からの炎,外宇宙之炎,zh-TW
宇宙みな家族,宇宙一家親,zh-TW
宇宙を行く開拓者の志,拓宇行疆之志,zh-TW
宇宙ステーション「ヘルタ」,太空站「黑塔」,zh-TW
宇宙一のひねくれ者,宇宙大矯情,zh-TW
宇宙一家亲,宇宙一家親,zh-TW
宇宙地理課,寰宇地概科,zh-TW
宇宙大戦争,太空大戰爭,zh-TW
宇宙大矫情,宇宙大矯情,zh-TW
宇宙天邪鬼,宇宙小矯情,zh-TW
宇宙家装指南,宇宙家裝指南,zh-TW
宇宙小矫情,宇宙小矯情,zh-TW
宇宙幻覚の夜,宇宙幻覺之夜,zh-TW
宇宙幻觉之夜,宇宙幻覺之夜,zh-TW
守卫,守衛,zh-TW
安于树下,安於樹下,zh-TW
安全モード,安全模式,zh-TW
安灵布奠，天清路远,安靈布奠，天清路遠,zh-TW
安眠の地の花海を歩いて,走過安眠地的花叢,zh-TW
宏大な宇宙729,浩瀚宇宙729,zh-TW
定休天将,遞弓天將,zh-TW
定分枪,評分槍,zh-TW
宝兄貴は食べちゃダメ,寶哥不許吃,zh-TW
宝哥不许吃,寶哥不許吃,zh-TW
宝物を追い求めて,循跡覓寶,zh-TW
宝餌堂霊丹妙薬,寶餌堂靈丹妙藥,zh-TW
宝饵堂灵丹妙药,寶餌堂靈丹妙藥,zh-TW
实名上网,實名上網,zh-TW
実験終了の準備,格式化準備,zh-TW
室内装修,室內裝修,zh-TW
害羞的大厨,害羞的大廚,zh-TW
宵待ち123,等天黑123,zh-TW
家を買いたいならDMへ,購房意向請私訊,zh-TW
家人们来路不明的蘑菇不要随便乱吃啊,家人們，來路不明的蘑菇不要隨便亂吃啊,zh-TW
家人们！这次小桂子来求助了！,家人們！這次小桂子來求助了！,zh-TW
家族の応援,家人的支持,zh-TW
寂れた寂しい人,繁華落盡寂寞人,zh-TW
寒冰躯体,寒冰軀體,zh-TW
寒冷乌鸦,寒冷烏鴉,zh-TW
寒気の鴉,寒冷烏鴉,zh-TW
寓言诗,寓言詩,zh-TW
寓話詩,寓言詩,zh-TW
寝るの嫌い,不愛睡覺,zh-TW
寝室にベッドない,臥室沒有床,zh-TW
寝言,一夜夢話,zh-TW
審判の悪夢,裁判的噩夢,zh-TW
对战高手,對戰高手,zh-TW
对龙尊大人一心一意,對龍尊大人一心一意,zh-TW
寻找黑塔,尋找黑塔,zh-TW
小さい花に喜びあり,小花有喜,zh-TW
小さな世界の大冒険,方寸大冒險,zh-TW
小地兽爱洗澡,小地獸愛洗澡,zh-TW
小小哈努行动,小小哈努行動,zh-TW
小张豆腐店,小張豆腐店,zh-TW
小桶宝力•附魔版,小桶寶力•附魔版,zh-TW
小淘气不冷静,小淘氣不冷靜,zh-TW
小队施工失误，太卜司陷入停摆,小隊施工失誤，太卜司陷入停擺,zh-TW
少年期評価,少年期診斷,zh-TW
少年期评估,少年期診斷,zh-TW
尘灵乱世录,塵靈亂世錄,zh-TW
尘灵劲旅,塵靈勁旅,zh-TW
尘灵游乐园,塵靈遊樂園,zh-TW
尻尾の子分,尾巴小跟班,zh-TW
局内任务,局內任務,zh-TW
层层加码,層層加碼,zh-TW
展会达人,展會達人,zh-TW
展示会の達人,展會達人,zh-TW
山脈震撼す明星の薪,山脈震撼•明星之薪,zh-TW
山脉震撼•明星之薪,山脈震撼•明星之薪,zh-TW
岁月的馈赠,歲月的饋贈,zh-TW
岁月静好,歲月靜好,zh-TW
峰值反馈,峰值反饋,zh-TW
嵐の反響,風暴迴響,zh-TW
巅峰对弈,巔峰對弈,zh-TW
巡光の礼,巡光之禮,zh-TW
巡光之礼,巡光之禮,zh-TW
巡星の礼,巡星之禮,zh-TW
巡星之礼,巡星之禮,zh-TW
工作统计,工作統計,zh-TW
工坊包打听,工坊萬事通,zh-TW
工房の事情通,工坊萬事通,zh-TW
工造司に入るまでユーザー名変えない,考不進工造司不改名,zh-TW
工造司の大急須,工造司大茶壺,zh-TW
工造司の急須,工造司茶壺,zh-TW
工造司の最新技術で雲騎軍の戦力向上,工造司最新科技上線，有望提升雲騎軍整體戰力,zh-TW
工造司大茶壶,工造司大茶壺,zh-TW
工造司最新科技上线，有望提升云骑军整体战力,工造司最新科技上線，有望提升雲騎軍整體戰力,zh-TW
工造司茶壶,工造司茶壺,zh-TW
左护法战,左護法戰,zh-TW
左护法辅佐战,左護法輔佐戰,zh-TW
左腕・前哨戦,左護法輔佐戰,zh-TW
左腕戦,左護法戰,zh-TW
巨剑守护,巨劍守護,zh-TW
差分宇宙•乐园漫记,差分宇宙•樂園漫記,zh-TW
差分宇宙•人间喜剧,差分宇宙•人間喜劇,zh-TW
巴特鲁斯,巴特魯斯,zh-TW
布洛妮娅,布洛妮婭,zh-TW
师父，我悟了！,師父，我悟了！,zh-TW
帧与帧之间…,幀與幀之間……,zh-TW
師匠、わかりました！,師父，我悟了！,zh-TW
常冬の炉台マップ報酬,永冬爐台地圖獎勵,zh-TW
常态矫正,常態矯正,zh-TW
常规挑战,常規挑戰,zh-TW
干ばつ,乾旱,zh-TW
干旱,乾旱,zh-TW
平和のために,為了和平,zh-TW
平社員・警備,基層員工•保全,zh-TW
年轻的女孩,年輕的女孩,zh-TW
并行强化,並行強化,zh-TW
幻惑,幻身,zh-TW
幻戏代肝找我,幻戲代肝找我,zh-TW
幻戯代役はこちらに,幻戲代肝找我,zh-TW
幻海の蝶・ゼーレ,幻海幽蝶•希兒,zh-TW
幻海幽蝶•希儿,幻海幽蝶•希兒,zh-TW
幻覚人魚,致幻人魚,zh-TW
幻造の遊園マップ報酬,幻造遊園地圖獎勵,zh-TW
幻造游园地图奖励,幻造遊園地圖獎勵,zh-TW
幻造：圣杯战争,幻造：聖杯戰爭,zh-TW
幻造：聖杯戦争,幻造：聖杯戰爭,zh-TW
幼年期評価,幼年期診斷,zh-TW
幼年期评估,幼年期診斷,zh-TW
幽府の傀儡,幽府偃偶,zh-TW
幽灵星槎！永不安息的亡灵！,幽靈星槎！永不安息的亡靈！,zh-TW
幽霊と対面？その真相は…？,和鬼見面？真相竟然是……？,zh-TW
幽霊と対面？配信で幽霊と通話した結果……,和鬼見面？直播跟鬼通話的結果是……,zh-TW
幽霊探し,探靈行動,zh-TW
幽霊星槎！永遠に彷徨う亡霊！,幽靈星槎！永不安息的亡靈！,zh-TW
广告位招租,廣告位招租,zh-TW
广告片,廣告片,zh-TW
庆典祝礼,慶典祝禮,zh-TW
应急模式,應急模式,zh-TW
庙趣满堂,廟趣滿堂,zh-TW
废弃电视,廢棄電視,zh-TW
庸与神的冠冕,庸與神的冠冕,zh-TW
廃棄されたテレビ,廢棄電視,zh-TW
开局狂打方向盘,開局狂打方向盤,zh-TW
开拓任务,開拓任務,zh-TW
开拓妖精,開拓妖精,zh-TW
开拓续闻,開拓續聞,zh-TW
开拓，友谊魔法！,開拓，友誼魔法！,zh-TW
开疆扩土,開疆擴土,zh-TW
开门我是鼠鼠,開門我是鼠鼠,zh-TW
开门，我是鼠鼠,開門，我是鼠鼠,zh-TW
异器盈界,異器盈界,zh-TW
异器盈界300%,異器盈界300%,zh-TW
异宠拾遗,異寵拾遺,zh-TW
异常评估,異常評估,zh-TW
异邦骑士,異邦騎士,zh-TW
弯道之王,彎道之王,zh-TW
弱っている隙に,趁病要命,zh-TW
弱点急襲,弱點突襲,zh-TW
弱点突袭,弱點突襲,zh-TW
張とうふ店,小張豆腐店,zh-TW
形のない牢獄,無形之牢,zh-TW
彦卿,彥卿,zh-TW
影片剪辑,影片剪輯,zh-TW
彷徨える岱輿人,飛翔的岱輿人號,zh-TW
彼女はクローンを出勤させ、クローンは彼女を永遠に退勤させた,她讓複製人上班，複製人讓她下班,zh-TW
往事随风,往事隨風,zh-TW
往昔的回音·其一,往昔的回音•其一,zh-TW
往昔的回音·其三,往昔的回音•其三,zh-TW
往昔的回音·其二,往昔的回音•其二,zh-TW
往昔的回音·其四,往昔的回音•其四,zh-TW
往昔的回音·终,往昔的回音•終,zh-TW
往時のこだま・その1,往昔的回音•其一,zh-TW
往時のこだま・その2,往昔的回音•其二,zh-TW
往時のこだま・その3,往昔的回音•其三,zh-TW
往時のこだま・その4,往昔的回音•其四,zh-TW
往時のこだま・終章,往昔的回音•終,zh-TW
征集中：关于桂乃芬的一切,募集中：關於桂乃芬的一切,zh-TW
後方ターゲット,後排目標,zh-TW
復活、我こそ仙舟のデリバリー王なり,重生之仙舟外送王,zh-TW
復活、我こそ龍王なり,重生之我是龍王,zh-TW
循星の帰路,循星歸程,zh-TW
循星归程,循星歸程,zh-TW
循迹觅宝,循跡覓寶,zh-TW
微缩星球,微縮星球,zh-TW
心の悩み,情緒困擾,zh-TW
心を蝕む影,蝕心影魔,zh-TW
心折れたスタッフを助けて,拯救心碎組員,zh-TW
心理评估,心理評估,zh-TW
心臓が止まるまで君と,心跳不息陪你不止,zh-TW
心身の癒し,身心被治癒,zh-TW
心霊写真！写ってはいけないものが写り込む！,照片鬧鬼！總是拍到不應該有的東西,zh-TW
応急モード,應急模式,zh-TW
怒号の火,咆哮之火,zh-TW
怖がりさんは注意！金人巷で幽霊に遭遇した話！,膽小慎入！我在金人巷裡撞見鬼了！,zh-TW
思いがけぬ交流,一次意外的交流,zh-TW
急募、天才求む！,等一位天才上線！,zh-TW
急襲,奔襲,zh-TW
急速冷凍,速凍,zh-TW
怪しい影は虫族の残党？,鬼怪背後竟是蟲族餘孽？！,zh-TW
总决赛,總決賽,zh-TW
总是在半夜收到匿名来电……,總是在半夜收到匿名來電……,zh-TW
总集篇,總集篇,zh-TW
恐怖幻戏新的宣发手段？,恐怖幻戲新的宣傳手段？,zh-TW
恐怖片大师,恐怖片大師,zh-TW
恐怖！分裂する星間モンスター！,越想越可怕！會分裂的星際怪物！,zh-TW
恥ずかしがりな料理人,害羞的大廚,zh-TW
您的弱点，请收下,您的弱點，請收下,zh-TW
悪の結託,狼狽為奸,zh-TW
情感模块校准,情感模組校準,zh-TW
情熱的ネット民マー姉,熱心網友馬大姐,zh-TW
情绪困扰,情緒困擾,zh-TW
情绪黑洞,情緒黑洞,zh-TW
惊喜派对,驚喜派對,zh-TW
惊梦电视台,驚夢電視台,zh-TW
惊！堂堂云骑军竟然在丹鼎司做这种事！,驚！堂堂雲騎軍竟然在丹鼎司做這種事！,zh-TW
惊！棋鬼怪人的身份竟然是……,驚！棋鬼怪人的身分竟然是……,zh-TW
惊！穷观阵恐现自我意识，警惕金人二次叛乱！,驚！窮觀陣恐現自我意識，提防金人二次叛亂！,zh-TW
想不出好昵称,想不出好暱稱,zh-TW
愚者は二度ベルを鳴らす,愚者總按兩遍鈴,zh-TW
愚者总按两遍铃,愚者總按兩遍鈴,zh-TW
感人肺腑，至情至深。穿越位面爱上你,感人肺腑，至情至深——穿越次元愛上你,zh-TW
感人！棋鬼偿夙愿，英灵得往生！,感人！棋鬼償夙願，英靈得往生！,zh-TW
感動！宿願を果たした棋鬼、往生を叶えた英霊！,感人！棋鬼償夙願，英靈得往生！,zh-TW
感情のない卜算機巧,無情的卜算機器,zh-TW
感情のブラックホール,情緒黑洞,zh-TW
感情モジュール調整,情感模組校準,zh-TW
慰霊の挽章、天清らかに道は遠く,安靈布奠，天清路遠,zh-TW
憶質・スナップショット計画,日拋憶質留影計畫,zh-TW
懲罰モード,罰惡模式,zh-TW
成为昨日的明天,成為昨日的明天,zh-TW
成员招募,成員召募,zh-TW
成長の苦悩,成長的煩惱,zh-TW
成長の道,成長之路,zh-TW
成长之路,成長之路,zh-TW
成长的烦恼,成長的煩惱,zh-TW
我倒，你也网上冲浪啊？,哇咧，你們也上網？,zh-TW
我家房间很大,我家房間很大,zh-TW
我就晒晒不说话,我就曬曬不說話,zh-TW
我想摸谛听尾巴,我想摸諦聽尾巴,zh-TW
我是智械，不用刹车,我是智械，不用剎車,zh-TW
我来自深渊,我來自深淵,zh-TW
我没多想,我沒多想,zh-TW
我爱牛杂,我愛牛雜,zh-TW
我的仿生人妻子？细思极恐,我的仿生人妻子？越想越恐怖,zh-TW
我的挚爱，我的血肉,我的摯愛，我的血肉,zh-TW
我要喷火,我要噴火,zh-TW
我要毁灭世界！,我要毀滅世界！,zh-TW
我邻居早逝的妻子似乎回家了,我鄰居早逝的妻子似乎回家了,zh-TW
戒惧,儆懼,zh-TW
战争的践踏,戰爭的踐踏,zh-TW
战意狂潮,戰意狂潮,zh-TW
战术收集,戰術蒐集,zh-TW
戦争の蹂躙,戰爭的踐踏,zh-TW
戦意の潮,戰意狂潮,zh-TW
戦術コレクション,戰術蒐集,zh-TW
戮力双雄,戮力雙雄,zh-TW
戮杀,戮殺,zh-TW
手回しハンマーブンブン,手掄大錘呼呼響,zh-TW
手轮大锤呼呼响,手掄大錘呼呼響,zh-TW
扑满冲击波,撲滿衝擊波,zh-TW
扑满效应,撲滿效應,zh-TW
扑满波动,撲滿波動,zh-TW
扑满补丁,撲滿補丁,zh-TW
打てば響くぞいい頭,好聽就是好頭,zh-TW
払暁の守護,破曉守護,zh-TW
払暁の輪舞,破曉輪舞,zh-TW
払暁パンチ,破曉重拳,zh-TW
払暁分身斬,破曉分身斬,zh-TW
托帕后援团,托帕後援團,zh-TW
扩展包•1,擴展包•1,zh-TW
扩展包•2,擴展包•2,zh-TW
扮演白露大人的演员是什么来头啊？,扮演白露大人的演員是什麼來歷啊？,zh-TW
技を顔面で受ける,臉接小招,zh-TW
技术迭代,技術更新,zh-TW
技能任务,技能任務,zh-TW
技術の革新,技術更新,zh-TW
抒情诗,抒情詩,zh-TW
投影魔术,投影魔術,zh-TW
折り紙の小鳥マッチ,摺紙小鳥對對碰,zh-TW
折纸小鸟对对碰,摺紙小鳥對對碰,zh-TW
护盾系统,護盾系統,zh-TW
抹消の砲撃,抹消炮攻,zh-TW
招工启事,招工啟事,zh-TW
拡張パック・1,擴展包•1,zh-TW
拡張パック・2,擴展包•2,zh-TW
拯救心碎科员,拯救心碎組員,zh-TW
拽三楼尾巴,拽三樓尾巴,zh-TW
持明上网,持明上網,zh-TW
持续运营,持續營運,zh-TW
挚爱丶桂乃芬,摯愛、桂乃芬,zh-TW
挥掷千星的筹码,揮擲千星的籌碼,zh-TW
捉鬼小队第五人,捉鬼小隊第五人,zh-TW
损耗压制,損耗壓制,zh-TW
捣蛋小臭宝,搗蛋小臭寶,zh-TW
掠夺斩击,掠奪斬擊,zh-TW
採点銃,評分槍,zh-TW
探灵行动,探靈行動,zh-TW
掩护支援,掩護支援,zh-TW
援護&支援,掩護支援,zh-TW
損耗抑制,損耗壓制,zh-TW
搏击俱乐部,搏擊俱樂部,zh-TW
摇摇晃摇,搖搖晃搖,zh-TW
摘星社公式,摘星社官方,zh-TW
撮影スタジオ,演播廳現場,zh-TW
攻击,攻擊,zh-TW
攻击拦截,攻擊攔截,zh-TW
攻城榴弹,攻城榴彈,zh-TW
攻城榴弾,攻城榴彈,zh-TW
攻撃,攻擊,zh-TW
放个烟花,放個煙火,zh-TW
放心飞，开拓永相随！,放心飛，開拓永相隨！,zh-TW
放生帮头号大弟子,放生幫頭號大弟子,zh-TW
放逐団一番弟子,放生幫頭號大弟子,zh-TW
故障破损,故障破損,zh-TW
数据回收,資料回收,zh-TW
数据清除,資料清除,zh-TW
整活先锋,搞怪先鋒,zh-TW
整装待发,整裝待發,zh-TW
文化チャンピオン,文化拳王,zh-TW
文学を愛する市民,熱愛文學的公民,zh-TW
文科还是理科？,一類組還是二類組？,zh-TW
文系？それとも理系？,一類組還是二類組？,zh-TW
斜陽の残巻,餘暉殘卷,zh-TW
斯科特安排的公司机甲,斯科特安排的公司機甲,zh-TW
新しいフィルターによる空騒ぎ,新型濾鏡帶來一場虛驚,zh-TW
新たなる種,新的種子,zh-TW
新型滤镜带来一场虚惊,新型濾鏡帶來一場虛驚,zh-TW
新的种子,新的種子,zh-TW
方寸大冒险,方寸大冒險,zh-TW
方程学者,方程式學者,zh-TW
方程式学者,方程式學者,zh-TW
旅の仲間,旅途相伴,zh-TW
旅人,一位旅人,zh-TW
旅团黑马,旅團黑馬,zh-TW
旅団の穴馬,旅團黑馬,zh-TW
旅立ち前夜,啟程前夕,zh-TW
旋渦の躍撃,渦漩躍襲,zh-TW
旗开得胜,旗開得勝,zh-TW
旗鼓相当的对手,旗鼓相當的對手,zh-TW
无奈的小鸟飞,無奈的小鳥飛,zh-TW
无尽位面,無盡次元,zh-TW
无尽终结,無盡終結,zh-TW
无尽行动,無盡行動,zh-TW
无形之牢,無形之牢,zh-TW
无情的卜算机器,無情的卜算機器,zh-TW
无敌剑士123,無敵劍士123,zh-TW
无敌大火龙,無敵大火龍,zh-TW
无限之试炼•困难,無限之試煉•困難,zh-TW
无限之试炼•基础,無限之試煉•基礎,zh-TW
无限剑制,無限劍製,zh-TW
无限战域,無限戰域,zh-TW
日々の記録,生活點滴,zh-TW
日抛忆质留影计划,日拋憶質留影計畫,zh-TW
日月の華,日月同輝,zh-TW
日月同辉,日月同輝,zh-TW
旧瓶新友,舊瓶新友,zh-TW
时空暴,時空暴,zh-TW
时讯速递,動態快報,zh-TW
昇進の道,晉升之路,zh-TW
明日は昨日に,成為昨日的明天,zh-TW
明霄竞武试锋芒•上,明霄競武試鋒芒•上,zh-TW
明霄竞武试锋芒•下,明霄競武試鋒芒•下,zh-TW
昔涟,昔漣,zh-TW
星々の影を探して,星旅尋影,zh-TW
星の旅路,星軺旅進,zh-TW
星域界种科,星域界種科,zh-TW
星域界種課,星域界種科,zh-TW
星天演武仪典,星天演武儀典,zh-TW
星天演武典礼,星天演武儀典,zh-TW
星旅寻影,星旅尋影,zh-TW
星槎にない海,星槎沒有海,zh-TW
星槎没有海,星槎沒有海,zh-TW
星槎爱好者,星槎愛好者,zh-TW
星狩りゲーム,獵星遊戲,zh-TW
星芋へへへ,星芋嘿嘿,zh-TW
星芒启明,星芒啟明,zh-TW
星芒战幕,星芒戰幕,zh-TW
星芒烁变,星芒爍變,zh-TW
星轺旅进,星軺旅進,zh-TW
星铁☆WORLD,星鐵☆WORLD,zh-TW
星间旅行,星間旅行,zh-TW
星阶,星階,zh-TW
星际和平家电,星際和平家電,zh-TW
映画番組,影音台,zh-TW
映画編集,影片剪輯,zh-TW
時事速報,動態快報,zh-TW
時空嵐,時空暴,zh-TW
時計型の廃墟,表形廢墟,zh-TW
晋升之路,晉升之路,zh-TW
晚钟的叹息,晚鐘的嘆息,zh-TW
晚餐会议,晚餐會議,zh-TW
晨昏の巻物,晨昏卷隱,zh-TW
晨昏卷隐,晨昏卷隱,zh-TW
晩秋に独り佇む,獨立寒秋,zh-TW
晩鐘のため息,晚鐘的嘆息,zh-TW
景元は最初の夫,景元是我原配夫君,zh-TW
景本,景方方,zh-TW
晴れ,晴,zh-TW
晴天の雷,晴雷,zh-TW
智械大哥看着你,智械大哥看著你,zh-TW
智能垃圾桶,智慧型垃圾桶,zh-TW
暑い日,天氣好熱,zh-TW
最も優秀なキメラ,最優秀的奇美拉,zh-TW
最优秀的奇美拉,最優秀的奇美拉,zh-TW
最低保証,小保底,zh-TW
最佳社团,最佳社團,zh-TW
最強の矛、最強の盾,以子之矛，攻我之盾,zh-TW
最終決戦,最終戰,zh-TW
最终战,最終戰,zh-TW
最聪明、健康、迷人的一集,最聰明、健康、迷人的一集,zh-TW
最速パパ,最速奶爸,zh-TW
最高試練ポイントの合計が#1に達する,累積獲得#1試煉點數,zh-TW
月の裏側,月之暗面,zh-TW
月満ちる時に神はなし,滿月是神不在的時間,zh-TW
有害廃棄物のゴミー,有害垃圾的桶,zh-TW
有没有人在长乐天遇到一个说要比棋的怪人？,有沒有人在長樂天遇到一個說要比棋的怪人？,zh-TW
服,衣服,zh-TW
朗道一家…以及佩拉,朗道一家……以及佩拉,zh-TW
期待又一次长大,期待又一次長大,zh-TW
木の下に,安於樹下,zh-TW
未来の巨匠,未來大師,zh-TW
未来大师,未來大師,zh-TW
未来市场,未來市場,zh-TW
未熟人間,裡生外熟,zh-TW
本戦の王者,正賽之王,zh-TW
机灵小不懂,機靈小不懂,zh-TW
权限锁定,權限鎖定,zh-TW
来不及解释快上车,來不及解釋快上車,zh-TW
来个天才，在线等！,等一位天才上線！,zh-TW
来试试匹诺康尼最长支持多少字,來試試匹諾康尼最長接受多少字,zh-TW
杯の中の逸話,杯中逸事,zh-TW
杯仙人,杯中仙,zh-TW
杰帕德,傑帕德,zh-TW
极速追影,極速追影,zh-TW
极限挑战,極限挑戰,zh-TW
枘凿六合,枘鑿六合,zh-TW
枘凿六合•Remake,枘鑿六合•Remake,zh-TW
枘構立方,枘鑿六合,zh-TW
枘構立方・リメイク,枘鑿六合•Remake,zh-TW
果てなき終結,無盡終結,zh-TW
核心响应协议保护,核心響應協議保護,zh-TW
格式化准备,格式化準備,zh-TW
桂乃芬の動画にオリジナリティってある？,桂乃芬的影片有任何原創性嗎？,zh-TW
桂乃芬的视频有任何原创性吗？,桂乃芬的影片有任何原創性嗎？,zh-TW
桂桂唯一真爱粉,桂桂唯一真愛粉,zh-TW
桂桂明天吃什么,桂桂明天吃什麼,zh-TW
桂桂的咸辣豆汁,桂桂的鹹辣豆汁,zh-TW
桑博的多情爆弹,桑博的多情爆彈,zh-TW
梆梆•克拉拉,磅磅•克拉拉,zh-TW
梦境训练,夢境訓練,zh-TW
梦境迷钟,夢境迷鐘,zh-TW
梦客漫步,夢客漫步,zh-TW
梦醒时分,夢醒時分,zh-TW
業火爆撃,火熾轟炸,zh-TW
楼上是我孙子,樓上是我孫子,zh-TW
楽園のおすすめ定番スポット,滴！樂園打卡必玩榜,zh-TW
楽園のウェルカムギフト,入園禮遇,zh-TW
楽園の礼,樂園之禮,zh-TW
概念礼装,概念禮裝,zh-TW
模拟宇宙,模擬宇宙,zh-TW
模拟宇宙•第九世界,模擬宇宙•第九世界,zh-TW
模拟宇宙：不可知域,模擬宇宙：不可知域,zh-TW
模拟宇宙：寰宇蝗灾,模擬宇宙：寰宇蝗災,zh-TW
模拟宇宙：黄金与机械,模擬宇宙：黃金與機械,zh-TW
模擬宇宙・第九世界,模擬宇宙•第九世界,zh-TW
模擬宇宙：宇宙の蝗害,模擬宇宙：寰宇蝗災,zh-TW
模擬宇宙：黄金と機械,模擬宇宙：黃金與機械,zh-TW
権限ロック,權限鎖定,zh-TW
檀檀谈谈谈,檀檀談談談,zh-TW
次はないぞ,下次不要玩了,zh-TW
次元界分裂,次元分裂,zh-TW
次元界分裂300%,次元分裂300%,zh-TW
欧洛尼斯奇迹,歐洛尼斯奇跡,zh-TW
正確ハンター,杏核裂手,zh-TW
正赛之王,正賽之王,zh-TW
歩いているノーズウォーカー,行走的鼻行獸,zh-TW
歯車の星,齒輪星球,zh-TW
歳月の贈り物,歲月的饋贈,zh-TW
歳月は平和であれ,歲月靜好,zh-TW
死に赴く和談,一場赴死的和談,zh-TW
死んだはずの隣人の奥さんが帰ってきた,我鄰居早逝的妻子似乎回家了,zh-TW
残り：,剩餘：,zh-TW
残响回廊,殘響迴廊,zh-TW
残差检测,殘差檢測,zh-TW
残差検出,殘差檢測,zh-TW
残念な小鳥,無奈的小鳥飛,zh-TW
残響回廊,殘響迴廊,zh-TW
段階報酬・1,階段激勵•一,zh-TW
段階報酬・2,階段激勵•二,zh-TW
段階報酬・3,階段激勵•三,zh-TW
毁人不倦,毀人不倦,zh-TW
毎日の歴史,天天說史,zh-TW
毎晩不眠,夜夜睡不好,zh-TW
毒云,毒雲,zh-TW
毒性不明のキノコは食べるべからず！,家人們，來路不明的蘑菇不要隨便亂吃啊,zh-TW
毒雾,毒霧,zh-TW
比雪原更遥远,比雪原更遙遠,zh-TW
气泡弹珠,氣泡彈珠,zh-TW
水溢琴師,水漫琴師,zh-TW
水漫琴师,水漫琴師,zh-TW
氷の躯体,寒冰軀體,zh-TW
氷火両重天のみならず,不只冰火兩重天,zh-TW
氷結のゴミー,冰封的小桶,zh-TW
氷結の嵐,凍結風暴,zh-TW
氷輪破砕,冰輪碎碾,zh-TW
永不空军,永不空軍,zh-TW
永冬の災影,永冬災影,zh-TW
永冬灾影,永冬災影,zh-TW
永冬炉台地图奖励,永冬爐台地圖獎勵,zh-TW
永劫ブラックホール,永恆黑洞,zh-TW
永恒黑洞,永恆黑洞,zh-TW
求人情報,招工啟事,zh-TW
求助！我爸到底是怎么了？,求助！我爸到底是怎麼了？,zh-TW
汎用性向上,泛用升級,zh-TW
汚力力力力,汙力力力力,zh-TW
污力力力力,汙力力力力,zh-TW
決勝の時,決勝時刻,zh-TW
決勝戦,總決賽,zh-TW
汽笛は轟く、帰寂のさなかに,鳴笛於歸寂之時,zh-TW
沈黙の注視,沉默的注視,zh-TW
沉于生者的忘川,沉於生者的忘川,zh-TW
沉默的注视,沉默的注視,zh-TW
沙尘,沙塵,zh-TW
沧海鸽壮志,滄海鴿壯志,zh-TW
治疗的艺术,治療的藝術,zh-TW
法外事务所,法外事務所,zh-TW
泛用升级,泛用升級,zh-TW
波しぶきに目覚める,於浪花中覺醒,zh-TW
泰勒太乐了,泰勒太樂了,zh-TW
洞天管理员,洞天管理員,zh-TW
洞天风水讲座,洞天風水講座,zh-TW
活きのいいしっぽ,尾巴也可以,zh-TW
活动任务,活動任務,zh-TW
派遣会社のボス,外包老闆,zh-TW
流云渡,流雲渡,zh-TW
流云渡里人烟稀少的真相！,流雲渡人煙稀少的真相！,zh-TW
流萤,流螢,zh-TW
流雲渡し,流雲渡,zh-TW
流雲渡しが寂れている本当の理由！,流雲渡人煙稀少的真相！,zh-TW
流雲無痕,雲無留跡,zh-TW
浄炎の雨,淨炎之雨,zh-TW
浅层地宫,淺層地宮,zh-TW
浅层梦境,淺層夢境,zh-TW
浪漫浴盐,浪漫浴鹽,zh-TW
浮羊のお肉,浮羊肉肉,zh-TW
浴场侍者,浴場侍者,zh-TW
海水が青くなるまで泳ぐ,游到海水變藍,zh-TW
海的裙摆飘荡,海的裙襬飄蕩,zh-TW
海盗狗,海盜狗,zh-TW
海豹收集,海豹蒐集,zh-TW
海賊犬,海盜狗,zh-TW
海选赛第一轮,海選賽第一輪,zh-TW
海选赛第三轮,海選賽第三輪,zh-TW
海选赛第二轮,海選賽第二輪,zh-TW
消えぬ業火,業火不盡,zh-TW
消灭仙舟大蠊,消滅仙舟大蠊,zh-TW
涡旋跃袭,渦漩躍襲,zh-TW
淬锋之礼,淬鋒之禮,zh-TW
深い情に超感動！次元を超える愛！,感人肺腑，至情至深——穿越次元愛上你,zh-TW
深层地宫,深層地宮,zh-TW
深层梦境,深層夢境,zh-TW
深層地下迷宮,深層地宮,zh-TW
深蓝的小桶,深藍的小桶,zh-TW
清甜红土,清甜紅土,zh-TW
清醒之时,清醒之時,zh-TW
清龙入梦,清龍入夢,zh-TW
渐冻,漸凍,zh-TW
温世玲,溫世玲,zh-TW
温柔的大尾巴,溫柔的大尾巴,zh-TW
游侠谜影,遊俠謎影,zh-TW
游到海水变蓝,游到海水變藍,zh-TW
游园行动,遊園行動,zh-TW
游園作戦,遊園行動,zh-TW
游戏高手,遊戲高手,zh-TW
湛蓝星与呜呜伯,湛藍星與嗚嗚伯,zh-TW
準備万端,整裝待發,zh-TW
準決勝,半決賽,zh-TW
溢伤串流,溢傷串流,zh-TW
溶岩シールド,熔岩護體,zh-TW
滑り台,滑梯,zh-TW
满月是神不在的时间,滿月是神不在的時間,zh-TW
满额启动,滿額啟動,zh-TW
滴！乐园打卡必玩榜,滴！樂園打卡必玩榜,zh-TW
演出进度,演出進度,zh-TW
演播厅现场,演播廳現場,zh-TW
演武赛程,演武賽程,zh-TW
潮汐作用,潮汐效應,zh-TW
潮汐效应,潮汐效應,zh-TW
激はらへり,炒雞餓,zh-TW
激熱！怪異退治隊、形のない忌み物に勝利！,超燃！捉鬼小隊力克無形孽物！,zh-TW
火山の星,火山星球,zh-TW
火炽轰炸,火熾轟炸,zh-TW
火焚灾影,火焚災影,zh-TW
火花ちゃん,火花花,zh-TW
火薬装填,炮火上膛,zh-TW
火辣浴盐,火辣浴鹽,zh-TW
灭门惨案，胆小者请勿点开,滅門慘案，膽小者請勿點開,zh-TW
灯笼鱼上点灯笼,燈籠魚上點燈籠,zh-TW
灵知,靈知,zh-TW
灵符灵符灵符,靈符靈符靈符,zh-TW
灵能百分之两百,靈能百分之兩百,zh-TW
灵脉连结,靈脈連結,zh-TW
灼炎の一撃,灼炎重擊,zh-TW
灼炎冲击波,灼炎衝擊波,zh-TW
灼炎护甲,灼炎護甲,zh-TW
灼炎重击,灼炎重擊,zh-TW
灼熱のアーマー,灼炎護甲,zh-TW
灼熱インパクト,灼炎衝擊波,zh-TW
災難続き,多災多難,zh-TW
炎を噴いちゃうよ,我要噴火,zh-TW
炒鸡饿,炒雞餓,zh-TW
炮击,炮擊,zh-TW
点心糕饼向前冲,點心糕餅向前衝,zh-TW
烛花,燭花,zh-TW
烧灼,燒灼,zh-TW
热心网友马大姐,熱心網友馬大姐,zh-TW
热爱文学的公民,熱愛文學的公民,zh-TW
焚火の災影,火焚災影,zh-TW
無敵剣士123,無敵劍士123,zh-TW
無秩序な軌道,紊亂軌道,zh-TW
無限の剣製,無限劍製,zh-TW
無限の試練・ノーマル,無限之試煉•基礎,zh-TW
無限の試練・ハード,無限之試煉•困難,zh-TW
無限戦域,無限戰域,zh-TW
無限行動,無盡行動,zh-TW
焼灼,燒灼,zh-TW
照片闹鬼！总是拍到不应该有的东西,照片鬧鬼！總是拍到不應該有的東西,zh-TW
熔岩护体,熔岩護體,zh-TW
熬夜圣体,熬夜聖體,zh-TW
熱心な教育者,誨人不倦,zh-TW
燎原の勢い,燎原之勢,zh-TW
燎原之势,燎原之勢,zh-TW
燕乐亭处镇妖塔,燕樂亭處鎮妖塔,zh-TW
爆浆苏乐达,爆漿蘇樂達,zh-TW
爆裂スラーダ,爆漿蘇樂達,zh-TW
爆走,瘋跑,zh-TW
爱吃小汉堡,愛吃小漢堡,zh-TW
爱来自饮茶会,愛來自飲茶會,zh-TW
爱生活爱读书,愛生活愛讀書,zh-TW
版図拡張,開疆擴土,zh-TW
版本任务,版本任務,zh-TW
牌は命,用牌玩命,zh-TW
牛もつLOVE,我愛牛雜,zh-TW
物理超车,物理超車,zh-TW
犀牛讲怪谈,犀牛講怪談,zh-TW
狂热机兵,狂熱機兵,zh-TW
狂熱の機兵,狂熱機兵,zh-TW
狂风吹,狂風吹,zh-TW
狐斋志异,狐齋志異,zh-TW
狐斎志異,狐齋志異,zh-TW
狐眠冢处镇妖塔,狐眠塚處鎮妖塔,zh-TW
狐眠冢那边有很多恐怖传说,狐眠塚那邊有很多恐怖傳說,zh-TW
狐眠塚の恐ろしい伝説,狐眠塚那邊有很多恐怖傳說,zh-TW
狩りの時間,獵殺時刻,zh-TW
狩猎之刃,狩獵之刃,zh-TW
狩猟の刃,狩獵之刃,zh-TW
独尊の一魁,獨尊一魁,zh-TW
独尊一魁,獨尊一魁,zh-TW
独当一面,獨當一面,zh-TW
独爱小桂,獨愛小桂,zh-TW
独立寒秋,獨立寒秋,zh-TW
独立生活,獨立生活,zh-TW
独轮车,獨輪車,zh-TW
狮子吼,獅子吼,zh-TW
狮震八方,獅震八方,zh-TW
狸猫记者,狸貓記者,zh-TW
狼とワニの仲,狼鱷之交,zh-TW
狼狈为奸,狼狽為奸,zh-TW
狼鳄之交,狼鱷之交,zh-TW
猎星游戏,獵星遊戲,zh-TW
猎杀时刻,獵殺時刻,zh-TW
猛毒の宴,烈毒盛宴,zh-TW
猪突猛进,豬突猛進,zh-TW
猪突猛進,豬突猛進,zh-TW
献给破晓的失控,獻給破曉的失控,zh-TW
獅子咆哮,獅子吼,zh-TW
玉兆廃人,變成玉兆廢人,zh-TW
王牌机组,王牌機組,zh-TW
珍しい宝物,奇珍異寶,zh-TW
珍しい逸話,一則鮮見的軼事,zh-TW
瓦尔特,瓦爾特,zh-TW
甘い夢の星,甜夢星球,zh-TW
甘えん坊,黏人,zh-TW
甜梦星球,甜夢星球,zh-TW
生ちゃんもっと水飲んで,阿生多喝水,zh-TW
生命计数,生命計數,zh-TW
生死の境,生死邊緣,zh-TW
生死の輪廻,生死輪迴,zh-TW
生死轮回,生死輪迴,zh-TW
生死边缘,生死邊緣,zh-TW
生活を愛し読書を愛す,愛生活愛讀書,zh-TW
生活情報番組,生活台,zh-TW
生活点滴,生活點滴,zh-TW
生者、彼岸へ渡りて,沉於生者的忘川,zh-TW
用户叁叁叁叁,用戶參參參參,zh-TW
用户已注销,使用者已註銷,zh-TW
用户贰叁叁叁叁,用戶二三三三三,zh-TW
电子竞技成未来趋势，数字化博弈成为现实,電子競技成未來趨勢，數位博弈成為現實,zh-TW
电视台谢礼,電視台謝禮,zh-TW
男の子配信者重度依存,直播男孩重度依賴,zh-TW
留影计划·第一日,留影計畫•第一日,zh-TW
留影计划·第三日,留影計畫•第三日,zh-TW
留影计划·第二日,留影計畫•第二日,zh-TW
留影计划·第五日,留影計畫•第五日,zh-TW
留影计划·第六日,留影計畫•第六日,zh-TW
留影计划·第四日,留影計畫•第四日,zh-TW
略奪の斬撃,掠奪斬擊,zh-TW
異常動作の原因究明,追蹤異常響應模式,zh-TW
異常評価,異常評估,zh-TW
異邦の騎士,異邦騎士,zh-TW
疯狂奶粉,瘋狂奶粉,zh-TW
疯跑,瘋跑,zh-TW
疲れてなんかないってば,不累，根本不累,zh-TW
痛苦连环,痛苦連環,zh-TW
癒しのショート動画,解壓小影片,zh-TW
癒しの芸術,治療的藝術,zh-TW
登栖敛翼,登棲斂翼,zh-TW
白砂の雨,白砂之雨,zh-TW
白衣の居士,白衣居士,zh-TW
白露様を演じる役者って誰？,扮演白露大人的演員是什麼來歷啊？,zh-TW
百万订阅特辑，这次的惊喜是……,百萬訂閱特輯，這次的驚喜是……,zh-TW
百川东入海,百川東入海,zh-TW
百川東して海に到る,百川東入海,zh-TW
百面相・ジュリアン,千面•尤利安,zh-TW
盖世女侠三月七,蓋世女俠三月七,zh-TW
盗号狗必须死,盜號狗必須死,zh-TW
目標クエスト,局內任務,zh-TW
目覚めの季節,又是萬物復甦的季節,zh-TW
目覚めの時,清醒之時,zh-TW
直接観測できない幽霊艦隊,不能直接觀測的幽靈艦隊,zh-TW
直播连线,直播連線,zh-TW
相信光变成光,相信光變成光,zh-TW
盾の陣,盾陣,zh-TW
盾阵,盾陣,zh-TW
省エネ,降耗增效,zh-TW
看来没机会验证我对绥园自鸣琴的假说了,看來沒機會驗證我對綏園自鳴琴的假說了,zh-TW
看谛听+嚎友,看諦聽+嚎友,zh-TW
真•首领战,真•頭目戰,zh-TW
真っ黒なスラグ,礦渣黑黑,zh-TW
真・ボス戦,真•頭目戰,zh-TW
真夜中に鏡を見る,半夜照鏡子,zh-TW
眠れない長楽夜,長樂夜無眠,zh-TW
眠れぬ夜,不眠之夜,zh-TW
知更鸟,知更鳥,zh-TW
矩阵迭代,矩陣更新,zh-TW
短颈鹿,短頸鹿,zh-TW
石碑？なにそれ美味しいの？,石碑？這是什麼？吃一下。,zh-TW
石碑？这是什么？吃一下。,石碑？這是什麼？吃一下。,zh-TW
石頭が来たよ,鐵頭來找你了,zh-TW
矿渣黑黑,礦渣黑黑,zh-TW
码放货物,堆放貨物,zh-TW
砂塵,沙塵,zh-TW
砂漠の旅,荒漠之旅,zh-TW
砂金的翻盘筹码,砂金的翻盤籌碼,zh-TW
砂金（试用版）,砂金（試用版）,zh-TW
研石錬光,礪爍新輝,zh-TW
研究成果共有会,研究心得分享大會,zh-TW
砲撃,炮擊,zh-TW
破損拡大,故障破損,zh-TW
破敌先锋,破敵先鋒,zh-TW
破敵の先鋒,破敵先鋒,zh-TW
破晓分身斩,破曉分身斬,zh-TW
破晓守护,破曉守護,zh-TW
破晓轮舞,破曉輪舞,zh-TW
破晓重拳,破曉重拳,zh-TW
破滅へ向かう太陽,因為太陽將要毀傷,zh-TW
破甲榴弹,破甲榴彈,zh-TW
破甲榴弾,破甲榴彈,zh-TW
砺烁新辉,礪爍新輝,zh-TW
碎啮,碎齧,zh-TW
磁暴云骑军,磁暴雲騎軍,zh-TW
磁気嵐雲騎軍,磁暴雲騎軍,zh-TW
磐岩镇超级联赛,磐岩鎮超級聯賽,zh-TW
社会生态,社會生態,zh-TW
社会生態,社會生態,zh-TW
祈言営業・その1,禱言營業•其一,zh-TW
祈言営業・その2,禱言營業•其二,zh-TW
祈言営業・その3,禱言營業•其三,zh-TW
祈言営業・その4,禱言營業•其四,zh-TW
祈言営業・その5,禱言營業•其五,zh-TW
祈言営業・その6,禱言營業•其六,zh-TW
祈言営業・その7,禱言營業•其七,zh-TW
祈言営業・幕間劇,禱言營業•幕間劇,zh-TW
神々の秘儀,諸神秘儀,zh-TW
神奇扑满在哪里,神奇撲滿與它們的產地,zh-TW
神策府が住宅購入政策を緩和するらしい,聽說神策府準備放鬆購房政策,zh-TW
祭典の祝礼,慶典祝禮,zh-TW
祷言营业•其一,禱言營業•其一,zh-TW
祷言营业•其七,禱言營業•其七,zh-TW
祷言营业•其三,禱言營業•其三,zh-TW
祷言营业•其二,禱言營業•其二,zh-TW
祷言营业•其五,禱言營業•其五,zh-TW
祷言营业•其六,禱言營業•其六,zh-TW
祷言营业•其四,禱言營業•其四,zh-TW
祷言营业•幕间剧,禱言營業•幕間劇,zh-TW
私の妻は人造人間？よく考えると恐ろしい,我的仿生人妻子？越想越恐怖,zh-TW
私の最愛、私の血,我的摯愛，我的血肉,zh-TW
私はもう空に触れてしまった,因為我已觸碰過天空,zh-TW
科研心得分享大会,研究心得分享大會,zh-TW
秩序の演繹,秩序歸演,zh-TW
秩序归演,秩序歸演,zh-TW
究極の挑戦,巔峰對弈,zh-TW
空から泣き声が聞こえてくる,天上總是傳來慟哭聲,zh-TW
空间站「黑塔」,太空站「黑塔」,zh-TW
空间站特派,太空站特派,zh-TW
突击,突擊,zh-TW
突撃,突擊,zh-TW
突然收到了灵异信息,突然收到了靈異資訊,zh-TW
突進,衝撞,zh-TW
立方秘社,魔方秘社,zh-TW
竜の炉心,龍之爐心,zh-TW
竞技进度,競技進度,zh-TW
競技進捗,競技進度,zh-TW
笑ってはいけないチャレンジ,不要笑挑戰,zh-TW
第1段階,第一階段,zh-TW
第1段階評価,第一階段診斷,zh-TW
第2段階,第二階段,zh-TW
第2段階評価,第二階段診斷,zh-TW
第3段階,第三階段,zh-TW
第3段階評価,第三階段診斷,zh-TW
第一阶段,第一階段,zh-TW
第一阶段评估,第一階段診斷,zh-TW
第三阶段,第三階段,zh-TW
第三阶段评估,第三階段診斷,zh-TW
第二阶段,第二階段,zh-TW
第二阶段评估,第二階段診斷,zh-TW
第十八号箱子,第十八號箱子,zh-TW
等价交换的桶,等價交換的桶,zh-TW
等価交換のゴミー,等價交換的桶,zh-TW
筑造美梦,築造美夢,zh-TW
简单模式,簡單模式,zh-TW
算力锁定,算力鎖定,zh-TW
米糕没黑粉,米糕沒黑粉,zh-TW
粉ミルク大好きっ子,奶粉大迷妹,zh-TW
粉雪,細雪,zh-TW
粮草征收人,糧草徵收人,zh-TW
精分电视机,思覺失調電視機,zh-TW
精神分裂テレビ,思覺失調電視機,zh-TW
精英之路,菁英之路,zh-TW
糖果炮弹,糖果炮彈,zh-TW
糧食徴収人,糧草徵收人,zh-TW
約束された勝利の剣,誓約勝利之劍,zh-TW
紊乱轨道,紊亂軌道,zh-TW
純情少女スーパーけい,純情少女大桂子,zh-TW
紙銭はいりません,別給我燒紙,zh-TW
紧急重启,緊急重啟,zh-TW
紫光级,紫光級,zh-TW
累计获得#1试炼点数,累積獲得#1試煉點數,zh-TW
終焉クエスト,終末任務,zh-TW
絶体絶命,命懸一線,zh-TW
絶対に延期しない123,絕不拖更123,zh-TW
綏園がこんなふうになっているのは仙舟羅浮の運気を吸い出すためだ！,綏園這麼整是要抽乾羅浮仙舟的氣運啊！,zh-TW
綿雪,中雪,zh-TW
緊急再起動,緊急重啟,zh-TW
総集編,總集篇,zh-TW
繁华落尽寂寞人,繁華落盡寂寞人,zh-TW
繚乱忍侠・A.K.A・乱破,繚亂忍俠•AKA•亂破,zh-TW
红光级,紅光級,zh-TW
红土单杀大地兽,紅土單殺大地獸,zh-TW
红果,紅果,zh-TW
纪念这美好的一天,紀念這美好的一天,zh-TW
纯情少女大桂子,純情少女大桂子,zh-TW
细思极恐！会分裂的星际怪物！,越想越可怕！會分裂的星際怪物！,zh-TW
细雪,細雪,zh-TW
终末任务,終末任務,zh-TW
终结乱世,終結亂世,zh-TW
给你的一封信,給你的一封信,zh-TW
给列车组老幺的一封信,給列車組老么的一封信,zh-TW
给某个小家伙,給某個小傢伙,zh-TW
绝不拖更123,絕不拖更123,zh-TW
绥园有人偷偷建了信号发射塔,綏園有人偷偷建了訊號發射塔,zh-TW
绥园这么整是要抽干罗浮仙舟的气运啊！,綏園這麼整是要抽乾羅浮仙舟的氣運啊！,zh-TW
继续长大,繼續長大,zh-TW
绯英,緋英,zh-TW
维修工程师,維修工程師,zh-TW
维尔德,維爾德,zh-TW
绿光级,綠光級,zh-TW
缇宝,緹寶,zh-TW
缚束,縛束,zh-TW
缤纷大乱斗,繽紛大亂鬥,zh-TW
缭乱忍侠•AKA•乱破,繚亂忍俠•AKA•亂破,zh-TW
网络行动,網路行動,zh-TW
罗伊•疾风,羅伊•疾風,zh-TW
罗盘不灭,羅盤不滅,zh-TW
罚恶模式,罰惡模式,zh-TW
羁绊交织,羈絆交織,zh-TW
羅浮の霄を飛ぶ,飛霄羅浮分霄,zh-TW
美しい傷口,美麗傷口,zh-TW
美しい夢の建造,築造美夢,zh-TW
美しき夢と聖杯,美夢與聖杯,zh-TW
美しき夢の降臨,美夢降臨,zh-TW
美しき夢は永遠に,美夢永恆,zh-TW
美丽伤口,美麗傷口,zh-TW
美梦与圣杯,美夢與聖杯,zh-TW
美梦永恒,美夢永恆,zh-TW
美梦降临,美夢降臨,zh-TW
美髯公,虯髯客,zh-TW
群星へ帰る旅,重返群星之旅,zh-TW
翁法罗斯的列车难题,翁法羅斯的列車難題,zh-TW
翕翼の鳥,登棲斂翼,zh-TW
翻る海のドレス,海的裙襬飄蕩,zh-TW
翻翻好符运,翻翻好符運,zh-TW
翻訳機,翻譯機器,zh-TW
翻译机器,翻譯機器,zh-TW
老爷爷,老爺爺,zh-TW
老贤者,老賢者,zh-TW
考えすぎない,我沒多想,zh-TW
考不进工造司不改名,考不進工造司不改名,zh-TW
耐え難いステュクスの孤独,冥河的孤獨難耐,zh-TW
职业规划,職業規劃,zh-TW
职场压力巨大，少女欲远走天外,職場壓力巨大，少女欲遠走天外,zh-TW
聖都の宝物鑑定,聖城鑑寶,zh-TW
職場のストレス、少女は天外の旅を望む,職場壓力巨大，少女欲遠走天外,zh-TW
肉体,肌質,zh-TW
肌质,肌質,zh-TW
胀五甲,脹五甲,zh-TW
胆小慎入！我在金人巷里撞见鬼了！,膽小慎入！我在金人巷裡撞見鬼了！,zh-TW
能量循环,能量循環,zh-TW
脑力启蒙,腦力啟蒙,zh-TW
脖子不够长,脖子不夠長,zh-TW
脳トレ入門,腦力啟蒙,zh-TW
脸接小招,臉接小招,zh-TW
脸盲症,臉盲症,zh-TW
臨時補間,臨時插值,zh-TW
自动修复,自動修復,zh-TW
自动回复好期待机器人,自動回覆好期待機器人,zh-TW
自动机兵•甲虫,自動機兵•甲蟲,zh-TW
自动机兵•蜘蛛,自動機兵•蜘蛛,zh-TW
自助餐厅,自助餐廳,zh-TW
自動機兵・ジューク,自動機兵•甲蟲,zh-TW
自動機兵・パウーク,自動機兵•蜘蛛,zh-TW
自己修正,自我完善,zh-TW
自己犠牲のゴミー,捨己為人的桶,zh-TW
自己紹介,自我介紹,zh-TW
自我介绍,自我介紹,zh-TW
自我再構築,自我重構,zh-TW
自我崩壊の危機,防止自我認知崩潰,zh-TW
自我重构,自我重構,zh-TW
自爆するしかねぇ,跟你爆了,zh-TW
自爆モジュール,自爆模組,zh-TW
自爆模块,自爆模組,zh-TW
自由のために,為了自由,zh-TW
自由挑战,自由挑戰,zh-TW
自立した暮らし,獨立生活,zh-TW
致命一击,致命一擊,zh-TW
致命弱点,致命弱點,zh-TW
致命的な弱点,致命弱點,zh-TW
致幻人鱼,致幻人魚,zh-TW
致我最亲爱的伙伴，同学，家人！,致我最親愛的夥伴、同學、家人！,zh-TW
舍己为人的桶,捨己為人的桶,zh-TW
艺术台,藝術台,zh-TW
艾丝妲,艾絲妲,zh-TW
节奏高手,節奏高手,zh-TW
节食,節食,zh-TW
节食第二季•减肥,節食第二季•減肥,zh-TW
花2つ咲く,花開兩朵,zh-TW
花が育む繁生,花藏繁生,zh-TW
花が育む繁生300%,花藏繁生300%,zh-TW
花咲く習剣録,初花習劍錄,zh-TW
花园评定,花園評定,zh-TW
花園の評価,花園評定,zh-TW
花开两朵,花開兩朵,zh-TW
花火の千変の仮面,花火的千變假面,zh-TW
花火的千变假面,花火的千變假面,zh-TW
芸能界の複雑な一面、主役が無断欠勤？その原因は……,娛樂亂象，主演無故缺席拍攝？原因竟然是…,zh-TW
芸術番組,藝術台,zh-TW
苦痛の連鎖,痛苦連環,zh-TW
英灵偕行,英靈偕行,zh-TW
英雄、あるいは臆病者か？,英雄，還是懦夫？,zh-TW
英雄の旅,英雄之旅,zh-TW
英雄は死ぬまでに,英雄未死之前,zh-TW
英雄一笑，生死难料,英雄一笑，生死難料,zh-TW
英雄，还是懦夫？,英雄，還是懦夫？,zh-TW
英霊と共に,英靈偕行,zh-TW
茂具羅、遵法の悪ガキの親分・フック,魔古拉，律賊之首，虎克,zh-TW
荒れ狂う暁の空,獻給破曉的失控,zh-TW
荡涤妖邪琉璃剑,蕩滌妖邪琉璃劍,zh-TW
華やぐ縁日,廟趣滿堂,zh-TW
葛の知識普及,葛大錘科普,zh-TW
葛大锤科普,葛大錘科普,zh-TW
蓋世の傑物、三月なのか,蓋世女俠三月七,zh-TW
蓝光级,藍光級,zh-TW
蕉恶非道•无忍义之战,蕉惡非道•無忍義之戰,zh-TW
蕉研组的财富蕉师,蕉研組的財富蕉師,zh-TW
虚卒•抹消者,虛卒•抹消者,zh-TW
虚卒•掠夺者,虛卒•掠奪者,zh-TW
虚卒•践踏者,虛卒•踐踏者,zh-TW
虚境味探,虛境味探,zh-TW
虚数の葉を織る者,虛數織葉者,zh-TW
虚数アクセル,虛數速率,zh-TW
虚数织叶者,虛數織葉者,zh-TW
虚数速率,虛數速率,zh-TW
虚灼炮攻,虛灼炮攻,zh-TW
虚灼砲,虛灼炮攻,zh-TW
虬髯客,虯髯客,zh-TW
虹,彩虹,zh-TW
蚀心影魔,蝕心影魔,zh-TW
蛙雨,青蛙雨,zh-TW
螺旋の弓矢,螺旋的弓矢,zh-TW
血まみれの人狼,浴血人狼,zh-TW
行走的鼻形兽,行走的鼻形獸,zh-TW
行走的鼻行兽,行走的鼻行獸,zh-TW
街机对战,街機對戰,zh-TW
街骰争霸,街骰爭霸,zh-TW
衝撃！小説のような事件が身近で発生！,震驚！話本裡的故事竟然發生在我身邊！,zh-TW
衝撃！深夜の幽霊の泣き声は珍獣の仕業だった！？,震驚！半夜鬼哭竟是異獸所為？,zh-TW
表層地下迷宮,淺層地宮,zh-TW
表層夢境,淺層夢境,zh-TW
表形废墟,表形廢墟,zh-TW
袖の中の剣,袖中劍,zh-TW
袖中剑,袖中劍,zh-TW
袖裏剣,袖裡劍,zh-TW
袖里剑,袖裡劍,zh-TW
被取外号了,被取外號了,zh-TW
裁判的噩梦,裁判的噩夢,zh-TW
装甲プーマン2型,裝甲撲滿二型,zh-TW
装甲扑满二型,裝甲撲滿二型,zh-TW
裏メニュー,隱藏菜單,zh-TW
裳裳唯一账号,裳裳唯一帳號,zh-TW
見せたかっただけ！,我就曬曬不說話,zh-TW
見ろ、ヒーローが笑ってる,英雄一笑，生死難料,zh-TW
見分けられる？,臉盲症,zh-TW
見知らぬ大地獣,陌生的大地獸,zh-TW
見知らぬ女性からの手紙,陌生女子的來信,zh-TW
解压小视频,解壓小影片,zh-TW
解明！謎の量子生物の仕業！,破案了，是神秘量子生物！,zh-TW
言出法随,言出法隨,zh-TW
言語の達人,語言高手,zh-TW
言霊,言出法隨,zh-TW
計算力ロック,算力鎖定,zh-TW
記憶は夢のプロローグ,記憶是夢的開場白,zh-TW
記録資料の最適化,記憶銜接改良,zh-TW
試合日程,演武賽程,zh-TW
誓约胜利之剑,誓約勝利之劍,zh-TW
誠ならざる者妨げるべからず,非誠勿擾,zh-TW
説明している暇はない、早く乗って！,來不及解釋快上車,zh-TW
読めない人心、一番近くにいる人のことこそ何も知らない！,知人知面不知心，最熟悉的人最陌生！,zh-TW
読書の習慣,閱讀習慣,zh-TW
誰かがこっそり綏園に電波塔を建てた,綏園有人偷偷建了訊號發射塔,zh-TW
誰か綏園で戯曲を歌う声を聞いた人いる？,有人聽到綏園那邊有唱戲聲嗎,zh-TW
調和の歌が奏でられる時…,諧樂響起時……,zh-TW
諦聴,諦聽,zh-TW
諦聴の尻尾触りたい,我想摸諦聽尾巴,zh-TW
諦聴見たい人（ふれんど 登 録）,看諦聽+嚎友,zh-TW
謎のモブ,神秘路人,zh-TW
講談奇譚,評書奇譚,zh-TW
警惕危险契约！,提防危險契約！,zh-TW
譬えば朝露の如く,譬如朝露,zh-TW
记得我吗,記得我嗎,zh-TW
记忆是梦的开场白,記憶是夢的開場白,zh-TW
记忆衔接优化,記憶銜接改良,zh-TW
论大地兽们•其一,論大地獸們•其一,zh-TW
论大地兽们•其三,論大地獸們•其三,zh-TW
论大地兽们•其二,論大地獸們•其二,zh-TW
评书奇谭,評書奇譚,zh-TW
该用户已注销,該使用者已註銷,zh-TW
语言高手,語言高手,zh-TW
诲人不倦,誨人不倦,zh-TW
说怪话,說怪話,zh-TW
请桂桂喝冰糖豆汁,請桂桂喝冰糖豆汁,zh-TW
请，谢谢,請、謝謝,zh-TW
诸神秘仪,諸神秘儀,zh-TW
谁听到绥园那边有唱戏声了吗,有人聽到綏園那邊有唱戲聲嗎,zh-TW
调查委托,調查委託,zh-TW
调饮研究,調飲研究,zh-TW
谈狐林处镇妖塔,談狐林處鎮妖塔,zh-TW
谐乐响起时…,諧樂響起時……,zh-TW
谛听,諦聽,zh-TW
豊穣の霊獣・奎木,豐饒靈獸•奎木,zh-TW
豪杰之路,豪傑之路,zh-TW
豪雨,暴雨,zh-TW
豹豹碰碰大作战,豹豹碰碰大作戰,zh-TW
負荷HP,負載生命值,zh-TW
負荷アルゴリズム,負載演算,zh-TW
貨物整理,堆放貨物,zh-TW
貪り食い,狼噬,zh-TW
責任感のあるゴミー,負責的小桶,zh-TW
賛歌の光,頌歌光束,zh-TW
賛歌激震,頌歌震盪,zh-TW
賛歌爆発,頌歌爆發,zh-TW
负责的小桶,負責的小桶,zh-TW
负载生命值,負載生命值,zh-TW
负载算法,負載演算,zh-TW
货币战争•零和博弈,貨幣戰爭•零和遊戲,zh-TW
购房意向请私信,購房意向請私訊,zh-TW
资深员工•组长,資深員工•組長,zh-TW
资深观众,資深觀眾,zh-TW
赛飞儿,賽飛兒,zh-TW
赤土、大地獣を破る,紅土單殺大地獸,zh-TW
赤焔流星,赤焰流星,zh-TW
走过安眠地的花丛,走過安眠地的花叢,zh-TW
赵相机,趙相機,zh-TW
超燃！捉鬼小队力克无形孽物！,超燃！捉鬼小隊力克無形孽物！,zh-TW
超誠実,塑膠大實話,zh-TW
超過残業に職員が錯乱！,加班過於頻繁，員工精神錯亂！,zh-TW
超限：狂飙大奖赛,超限：狂飆大獎賽,zh-TW
越星の礼,逴星之禮,zh-TW
足を洗った雲騎軍の願い,考上雲騎還願,zh-TW
足毛王子,腿毛王子,zh-TW
路过的人,路過的人,zh-TW
路过的鼻行兽,路過的鼻行獸,zh-TW
路面電車,電車,zh-TW
躍進する新星,鋒芒嶄露,zh-TW
身心被治愈,身心被治癒,zh-TW
身長測定,量身高,zh-TW
車掌代理,代理列車長,zh-TW
輝く福星,福星高照,zh-TW
过载模块,超載模組,zh-TW
这是电动车,這是電動車,zh-TW
远坂凛,遠坂凜,zh-TW
迟到的卫兵,遲到的衛兵,zh-TW
迷迭香的花语,迷迭香的花語,zh-TW
迷迷赠礼,迷迷贈禮,zh-TW
追踪创新思维痕迹,追蹤創新思維痕跡,zh-TW
追踪异常响应模式,追蹤異常響應模式,zh-TW
追风的狐,追風的狐,zh-TW
送命魔术师1020,送命魔術師1020,zh-TW
送外卖的赛车手,外送餐點的賽車手,zh-TW
逃れられぬ運命,一重難逃的命運,zh-TW
逆风而行,逆風而行,zh-TW
逐光捡金·高难挑战,逐光撿金•高難度挑戰,zh-TW
递弓天将,遞弓天將,zh-TW
通りすがりのノーズウォーカー,路過的鼻行獸,zh-TW
通りすがりの人,路過的人,zh-TW
通常挑戦,常規挑戰,zh-TW
速冻,速凍,zh-TW
速度与代码,程式碼關頭,zh-TW
造成伤害,造成傷害,zh-TW
連続強化,層層加碼,zh-TW
連続撃破,擊破連環,zh-TW
進行性凍結,漸凍,zh-TW
逴星之礼,逴星之禮,zh-TW
遅刻しそうな衛兵,遲到的衛兵,zh-TW
遅起きの人,呆呆不早起,zh-TW
運命が決まっている星,命中註定的星辰,zh-TW
運命に向ける切先,命運逐鋒,zh-TW
運命の契約・再び,命運契約•再啟,zh-TW
過去は風のように,往事隨風,zh-TW
過負荷モジュール,超載模組,zh-TW
道の天使,馬路天使,zh-TW
道中杂记,道中雜記,zh-TW
道中記,道中雜記,zh-TW
道具大师,道具大師,zh-TW
道具强化,道具強化,zh-TW
達人の大地獣,大地獸高手,zh-TW
遛个弯儿,蹓躂一下,zh-TW
遠坂凛,遠坂凜,zh-TW
邀游天外,邀遊天外,zh-TW
邓恩,鄧恩,zh-TW
邪悪なるワニの帰還,邪鱷歸來,zh-TW
邪鳄归来,邪鱷歸來,zh-TW
邻里和睦,鄰里和睦,zh-TW
配信登録者数100万人突破！次のサプライズは……,百萬訂閱特輯，這次的驚喜是……,zh-TW
配信登録者数10万人突破特集公開！,十萬訂閱紀念特輯出來啦！,zh-TW
酒吧营收,酒吧營收,zh-TW
酸性雨,酸雨,zh-TW
醜い花,醜陋花朵,zh-TW
里生外熟,裡生外熟,zh-TW
重なる絆,羈絆交織,zh-TW
重生之仙舟外卖王,重生之仙舟外送王,zh-TW
重生之我是龙王,重生之我是龍王,zh-TW
量より質,寧缺毋濫,zh-TW
金人・門番,金人司閽,zh-TW
金人司阍,金人司閽,zh-TW
金人巷の鬼市にある質屋……,金人巷的鬼市當鋪……,zh-TW
金人巷一のイケメン,金人巷第一美男,zh-TW
金人巷原住民,金人巷土著,zh-TW
金人巷的鬼市当铺……,金人巷的鬼市當鋪……,zh-TW
金人旧巷、市店の喧騒,金人舊巷市廛喧,zh-TW
金人旧巷市廛喧,金人舊巷市廛喧,zh-TW
金币富豪,金幣富豪,zh-TW
釣りに行こう,去釣魚,zh-TW
釣れないことはない,永不空軍,zh-TW
鉴爻轩二狗,鑑爻軒二狗,zh-TW
銀河のかわい子ちゃん,銀河小可愛,zh-TW
銀河のラッキースター,銀河幸運星,zh-TW
銀河シグナルローミング,銀河訊號漫遊,zh-TW
銀河ファッションガイド・冬の装い,銀河潮流指南•冬韻特輯,zh-TW
銀河打者伝説～旅立ち編～,銀河球棒俠傳說：啟程篇,zh-TW
銀河打者伝説～魔王編～,銀河球棒俠傳說：魔王篇,zh-TW
銀河法政課,銀河法政科,zh-TW
銀河知名度レベル,銀河聲望等級,zh-TW
銃撃,銃擊,zh-TW
鍛刀の礼,淬鋒之禮,zh-TW
鑑爻軒のマブ,鑑爻軒二狗,zh-TW
铁卫号令,鐵衛號令,zh-TW
铁卫火铳,鐵衛火銃,zh-TW
铁卫重炮,鐵衛重炮,zh-TW
铁卫铠甲,鐵衛鎧甲,zh-TW
铁头来找你了,鐵頭來找你了,zh-TW
铲击,鏟擊,zh-TW
铳击,銃擊,zh-TW
银战大师,銀戰大師,zh-TW
银战新人,銀戰新人,zh-TW
银战熟手,銀戰熟手,zh-TW
银战领袖,銀戰領袖,zh-TW
银战高手,銀戰高手,zh-TW
银河信号漫游,銀河訊號漫遊,zh-TW
银河声望等级,銀河聲望等級,zh-TW
银河小可爱,銀河小可愛,zh-TW
银河幸运星,銀河幸運星,zh-TW
银河开拓,銀河開拓,zh-TW
银河强手棋,銀河大富翁,zh-TW
银河法政科,銀河法政科,zh-TW
银河潮流指南•冬韵特辑,銀河潮流指南•冬韻特輯,zh-TW
银河球棒侠传说：启程篇,銀河球棒俠傳說：啟程篇,zh-TW
银河球棒侠传说：魔王篇,銀河球棒俠傳說：魔王篇,zh-TW
银狼,銀狼,zh-TW
银狼LV.999,銀狼LV.999,zh-TW
银鬃射手,銀鬃射手,zh-TW
银鬃尉官,銀鬃尉官,zh-TW
银鬃炮手,銀鬃炮手,zh-TW
银鬃近卫,銀鬃近衛,zh-TW
铸剑为犁,鑄劍為犁,zh-TW
锋芒崭露,鋒芒嶄露,zh-TW
長き夜に再び大地へ,於長夜重返大地,zh-TW
長期運営,持續營運,zh-TW
長楽天で棋の勝負に誘う変人に会った人いる？,有沒有人在長樂天遇到一個說要比棋的怪人？,zh-TW
長楽天のキリン,長樂天的長頸鹿,zh-TW
長楽天命理大師,長樂天命理大師,zh-TW
長楽天意思決定人,長樂天話事人,zh-TW
长乐夜无眠,長樂夜無眠,zh-TW
长乐天命理大师,長樂天命理大師,zh-TW
长乐天的长颈鹿,長樂天的長頸鹿,zh-TW
长乐天话事人,長樂天話事人,zh-TW
长日入夜行,長日入夜行,zh-TW
開幕ハンドル全切り,開局狂打方向盤,zh-TW
開拓の妖精,開拓妖精,zh-TW
開拓クエスト,開拓任務,zh-TW
開拓クエスト・幕間,開拓續聞,zh-TW
開拓伝説～星間旅行スゴロク～,星間旅行,zh-TW
開拓伝説～星間旅行スゴロク～,銀河大富翁,zh-TW
開拓！友達は魔法！,開拓，友誼魔法！,zh-TW
门不能从这一侧打开,門不能從這一側打開,zh-TW
门扉之启，王座之终,門扉之啟，王座之終,zh-TW
问卷收集,問卷蒐集,zh-TW
闲不下来,閒不下來,zh-TW
闹鬼凶宅怪事不断,鬧鬼凶宅怪事不斷,zh-TW
阅读习惯,閱讀習慣,zh-TW
阈值破坏,閾值破壞,zh-TW
防入侵安全协议升级,防入侵安全協議升級,zh-TW
防止服务器过载,防止伺服器超載,zh-TW
防止自我认知崩溃,防止自我認知崩潰,zh-TW
防火墙,防火牆,zh-TW
阳哥在此,陽哥在此,zh-TW
阶段激励•一,階段激勵•一,zh-TW
阶段激励•三,階段激勵•三,zh-TW
阶段激励•二,階段激勵•二,zh-TW
阿兰,阿蘭,zh-TW
阿月はもっと勉強する,阿月要多學習,zh-TW
阿月要多学习,阿月要多學習,zh-TW
阿格莱雅,阿格萊雅,zh-TW
陌生女人的来信,陌生女子的來信,zh-TW
陌生的大地兽,陌生的大地獸,zh-TW
降妖行动,降妖行動,zh-TW
降妖辑录•偃息馆,降妖輯錄•偃息館,zh-TW
降妖辑录•燕乐亭,降妖輯錄•燕樂亭,zh-TW
降妖辑录•狐眠冢,降妖輯錄•狐眠塚,zh-TW
降妖辑录•谈狐林,降妖輯錄•談狐林,zh-TW
限界への挑戦,極限挑戰,zh-TW
限界突破！爆走グランプリ,超限：狂飆大獎賽,zh-TW
陪伴促进成长,陪伴促進成長,zh-TW
陽兄貴はここに,陽哥在此,zh-TW
階差宇宙・千の面を持つ英雄,差分宇宙•千面英雄,zh-TW
階差宇宙・楽園漫記,差分宇宙•樂園漫記,zh-TW
階差宇宙：人間喜劇,差分宇宙•人間喜劇,zh-TW
隐藏菜单,隱藏菜單,zh-TW
難易度・困難,困難模式,zh-TW
難易度・簡単,簡單模式,zh-TW
雨に消えて,消逝在雨中,zh-TW
雨夹雪,雨夾雪,zh-TW
雪に羽衣,下雪大衣,zh-TW
雪原よりも遥か彼方へ,比雪原更遙遠,zh-TW
雪原キャンプ,雪原露營,zh-TW
雪原露营,雪原露營,zh-TW
雲上の五美人,雲上五嬌,zh-TW
雲上の棋陣マップ報酬,雲霄棋陣地圖獎勵,zh-TW
雲製造機,雲彩製造機,zh-TW
雲騎軍にかかれば全滅,雲騎出征寸草不生,zh-TW
零号方程式,零號方程式,zh-TW
電動マシンです,這是電動車,zh-TW
電子競技は未来のトレンド、データ化したゲームが現実となる,電子競技成未來趨勢，數位博弈成為現實,zh-TW
雾中小屋！,霧中小屋！,zh-TW
震惊！半夜鬼哭竟是异兽所为？,震驚！半夜鬼哭竟是異獸所為？,zh-TW
震惊！话本里的故事竟然发生在我身边！,震驚！話本裡的故事竟然發生在我身邊！,zh-TW
霊知,靈知,zh-TW
霊符霊符霊符,靈符靈符靈符,zh-TW
霊脈連結,靈脈連結,zh-TW
霓虹梦局地图奖励,霓虹夢局地圖獎勵,zh-TW
霜冻超重击,霜凍超重擊,zh-TW
霜冻重击,霜凍重擊,zh-TW
霜刃一試し,霜刃一試,zh-TW
霜刃一试,霜刃一試,zh-TW
霜枯れの一撃,霜凍重擊,zh-TW
霜枯れの重撃,霜凍超重擊,zh-TW
霧の中の小屋！,霧中小屋！,zh-TW
青丘台处镇妖塔,青丘台處鎮妖塔,zh-TW
青年期評価,青年期診斷,zh-TW
青年期评估,青年期診斷,zh-TW
青雀の海底の宝牌,青雀的海底寶牌,zh-TW
青雀的海底宝牌,青雀的海底寶牌,zh-TW
静かで遠い道,寧靜致遠,zh-TW
非诚勿扰,非誠勿擾,zh-TW
面涂黄金的大地兽,面塗黃金的大地獸,zh-TW
音律の魔女・セーバル,音律琴魔•希露瓦,zh-TW
音律狩猎忍法帖,音律狩獵忍法帖,zh-TW
音律狩猟忍法帖,音律狩獵忍法帖,zh-TW
預言の盤,預言算碑,zh-TW
頑張っている市民,奮鬥的公民,zh-TW
頭脳明晰、健康第一、八面玲瓏,最聰明、健康、迷人的一集,zh-TW
頼れるサポート,可靠助力,zh-TW
项链,項鍊,zh-TW
颂歌光束,頌歌光束,zh-TW
颂歌爆发,頌歌爆發,zh-TW
颂歌震荡,頌歌震盪,zh-TW
预约清单,預約清單,zh-TW
预言算碑,預言算碑,zh-TW
風に逆らって,逆風而行,zh-TW
風の吹くままに,風隨心,zh-TW
風呂好きのちび地獣,小地獸愛洗澡,zh-TW
風格,風采,zh-TW
風起雲湧、相見える鋒鋩・前編,明霄競武試鋒芒•上,zh-TW
風起雲湧、相見える鋒鋩・後編,明霄競武試鋒芒•下,zh-TW
風追う狐,追風的狐,zh-TW
風雨と虹7854,風雨彩虹7854,zh-TW
風雲！にゃんこ城,點心糕餅向前衝,zh-TW
风今天还是那么吹,風今天還是那麼吹,zh-TW
风化漏洞,風化漏洞,zh-TW
风堇,風堇,zh-TW
风暴回响,風暴迴響,zh-TW
风采,風采,zh-TW
风随心,風隨心,zh-TW
风雨彩虹7854,風雨彩虹7854,zh-TW
飓风,颶風,zh-TW
飓风营救,颶風營救,zh-TW
飛べ、開拓と共に！,放心飛，開拓永相隨！,zh-TW
飛星の礼,飛星之禮,zh-TW
飛花また飛花に会う,飛花又見飛花,zh-TW
飛霄の豪飲の酒壺,飛霄的豪飲酒壺,zh-TW
飞星之礼,飛星之禮,zh-TW
飞棋妙手,飛棋妙手,zh-TW
飞翔的岱舆人号,飛翔的岱輿人號,zh-TW
飞花又见飞花,飛花又見飛花,zh-TW
飞行日志,飛行日誌,zh-TW
飞霄,飛霄,zh-TW
飞霄的豪饮酒壶,飛霄的豪飲酒壺,zh-TW
飞霄罗浮分霄,飛霄羅浮分霄,zh-TW
飲茶会からの愛,愛來自飲茶會,zh-TW
飾り（頭）,頭飾,zh-TW
飾り（首）,項鍊,zh-TW
養成マスター,培育大師,zh-TW
首の短いキリン,短頸鹿,zh-TW
首枷,縛束,zh-TW
首领战,頭目戰,zh-TW
駆け出し,初出茅廬,zh-TW
驚愕！棋鬼の正体は……,驚！棋鬼怪人的身分竟然是……,zh-TW
驚愕！窮観の陣に自我が芽生えた！第二次金人の乱に警戒せよ！,驚！窮觀陣恐現自我意識，提防金人二次叛亂！,zh-TW
驚愕！雲騎軍が丹鼎司でこんなことをしてたなんて！,驚！堂堂雲騎軍竟然在丹鼎司做這種事！,zh-TW
马路天使,馬路天使,zh-TW
骇入任务,駭入任務,zh-TW
骰号玩家,骰號玩家,zh-TW
骰机取巧,骰機取巧,zh-TW
骰魂•一千七百年的执念,骰魂•一千七百年的執念,zh-TW
高め合う仲間,陪伴促進成長,zh-TW
高温,高溫,zh-TW
鬼怪背后竟是虫族余孽？！,鬼怪背後竟是蟲族餘孽？！,zh-TW
魔动机铠·破晓战士,魔動機鎧•破曉戰士,zh-TW
魔動メカヨロイ・レイメイジャー,魔動機鎧•破曉戰士,zh-TW
魔古拉，律贼之首，虎克,魔古拉，律賊之首，虎克,zh-TW
魔王のアジト,魔王巢穴,zh-TW
魚灯籠の上に灯籠,燈籠魚上點燈籠,zh-TW
鱗淵境の冒険者,鱗淵境的冒險者,zh-TW
鱗淵氷泉で入浴,鱗淵冰泉洗澡,zh-TW
鱼雨,魚雨,zh-TW
鳄鱼公敌,鱷魚公敵,zh-TW
鳞渊冰泉洗澡,鱗淵冰泉洗澡,zh-TW
鳞渊境的冒险者,鱗淵境的冒險者,zh-TW
鸣笛于归寂之时,鳴笛於歸寂之時,zh-TW
黄光级,黃光級,zh-TW
黄泉,黃泉,zh-TW
黄泉（お試し）,黃泉（試用版）,zh-TW
黄泉（试用版）,黃泉（試用版）,zh-TW
黄金のガオガオバトル,黃金嗷嗚大師賽,zh-TW
黄金のスケープゴート,黃金替罪羔羊,zh-TW
黄金の入浴剤,黃金浴鹽,zh-TW
黄金の大地獣,面塗黃金的大地獸,zh-TW
黄金の迷境食堂,黃金迷境大飯店,zh-TW
黄金嗷呜大师赛,黃金嗷嗚大師賽,zh-TW
黄金大师,黃金大師,zh-TW
黄金替罪羊,黃金替罪羔羊,zh-TW
黄金浴盐,黃金浴鹽,zh-TW
黄金迷境大饭店,黃金迷境大飯店,zh-TW
鼓舞士气,鼓舞士氣,zh-TW
齿轮星球,齒輪星球,zh-TW
龍、其の郷に帰りて,龍返其鄉,zh-TW
龍尊様しかいらない,對龍尊大人一心一意,zh-TW
龙之炉心,龍之爐心,zh-TW
龙返其乡,龍返其鄉,zh-TW
가드,守衛,zh-TW
가루눈,細雪,zh-TW
가면의 괴인,假面怪傑,zh-TW
가면의 듀엣,假面雙人舞,zh-TW
가뭄,乾旱,zh-TW
가벼운 산책,蹓躂一下,zh-TW
가상세계 후각 탐험,虛境味探,zh-TW
가속을 위한 경적,按喇叭加速,zh-TW
가십 괴담,八卦怪談,zh-TW
"가장 똑똑하고, 건강하고, 매력적인 에피소드",最聰明、健康、迷人的一集,zh-TW
가장 우수한 키메라,最優秀的奇美拉,zh-TW
가족의 지지,家人的支持,zh-TW
각종 기종 옥조 회수,回收各代玉兆,zh-TW
갈대추 과학사전,葛大錘科普,zh-TW
"감동 실화, 차원을 넘은 사랑",感人肺腑，至情至深——穿越次元愛上你,zh-TW
"감동! 소원을 이룬 장기 귀신, 왕생을 얻다!",感人！棋鬼償夙願，英靈得往生！,zh-TW
감자채생강채,土豆絲炒薑絲,zh-TW
감정 모듈 교정,情感模組校準,zh-TW
감정 문제,情緒困擾,zh-TW
감정의 블랙홀,情緒黑洞,zh-TW
감효헌찐친,鑑爻軒二狗,zh-TW
갑자기 받게 된 수상한 문자,突然收到了靈異資訊,zh-TW
강자의 대국,巔峰對弈,zh-TW
강철 체력,熬夜聖體,zh-TW
같이 영원의 성을 짓자,共築永恆之城,zh-TW
같이하는 성장?,一同成長？,zh-TW
개구리 비,青蛙雨,zh-TW
개구쟁이는진정할수없어,小淘氣不冷靜,zh-TW
개념예장,概念禮裝,zh-TW
개운한 솔질,刷爽了,zh-TW
개척 요정,開拓妖精,zh-TW
개척 임무,開拓任務,zh-TW
개척 후문,開拓續聞,zh-TW
"개척, 우정의 마법!",開拓，友誼魔法！,zh-TW
거룩한 도시 보물 감정,聖城鑑寶,zh-TW
건방진 행인,囂張路過,zh-TW
걸어가는노즈몬,行走的鼻形獸,zh-TW
걸어가는노즈워커,行走的鼻行獸,zh-TW
검날을 향한 운명,命運逐鋒,zh-TW
검술 경지,劍術進境,zh-TW
검술 훈련의 고행,劍習苦修,zh-TW
검을 쟁기로,鑄劍為犁,zh-TW
검푸른 통,深藍的小桶,zh-TW
검협 기록,劍俠紀事,zh-TW
"겉만 보곤 모른다, 가장 익숙한 사람이 가장 낯설다!",知人知面不知心，最熟悉的人最陌生！,zh-TW
게임 고수,遊戲高手,zh-TW
게파드,傑帕德,zh-TW
겨울 성 박물관 진귀품 목록,冬城博物珍奇簿,zh-TW
격려,鼓舞,zh-TW
격투 클럽,搏擊俱樂部,zh-TW
견딜 수 없는 저승의 강의 고독,冥河的孤獨難耐,zh-TW
결속의 두 영웅,戮力雙雄,zh-TW
결승전,總決賽,zh-TW
결전의 순간,決戰將至,zh-TW
결판의 시간,決勝時刻,zh-TW
경기 진도,競技進度,zh-TW
경원찐부인,景元是我原配夫君,zh-TW
경이이,景方方,zh-TW
경청,諦聽,zh-TW
경청꼬리만지고싶다,我想摸諦聽尾巴,zh-TW
경청보고싶은사람친추,看諦聽+嚎友,zh-TW
계네뷘,桂不可言,zh-TW
계네빈,桂乃芬,zh-TW
계네빈 동영상이 어딜 봐서 개성 있음?,桂乃芬的影片有任何原創性嗎？,zh-TW
계네빈님사랑합니다,摯愛、桂乃芬,zh-TW
계몽의 별빛,星芒啟明,zh-TW
계산력 잠금,算力鎖定,zh-TW
계속되는 성장,繼續長大,zh-TW
고별의 예의,奉辭罰罪,zh-TW
고온,高溫,zh-TW
고장 파손,故障破損,zh-TW
고통의 굴레,痛苦連環,zh-TW
골드 배스 솔트,黃金浴鹽,zh-TW
공격,攻擊,zh-TW
공격 차단,攻擊攔截,zh-TW
공공의 적 악어,鱷魚公敵,zh-TW
공군안해,永不空軍,zh-TW
공방 소식통,工坊萬事通,zh-TW
"공부 중, 방해 요망",學習中，請打擾。,zh-TW
공부하는 월이,阿月要多學習,zh-TW
공성 수류탄,攻城榴彈,zh-TW
공수 사부,公輸師傅,zh-TW
공연 진도,演出進度,zh-TW
공조사대왕주전자,工造司大茶壺,zh-TW
"공조사에서 최신 기술 출시, 기대되는 운기군의 전력 강화",工造司最新科技上線，有望提升雲騎軍整體戰力,zh-TW
공조사주전자,工造司茶壺,zh-TW
공조사합격할때까지닉변안함,考不進工造司不改名,zh-TW
공포,儆懼,zh-TW
"공포 주의, 일가 살인 사건",滅門慘案，膽小者請勿點開,zh-TW
공포 환상극의 새로운 마케팅?,恐怖幻戲新的宣傳手段？,zh-TW
공포주의! 방금 금 조각상 거리에서 귀신과 마주쳤어요!,膽小慎入！我在金人巷裡撞見鬼了！,zh-TW
과거의 메아리•1,往昔的回音•其一,zh-TW
과거의 메아리•2,往昔的回音•其二,zh-TW
과거의 메아리•3,往昔的回音•其三,zh-TW
과거의 메아리•4,往昔的回音•其四,zh-TW
과거의 메아리•최종,往昔的回音•終,zh-TW
과부하 모듈,超載模組,zh-TW
과중 피해,溢傷串流,zh-TW
광고 영상,廣告片,zh-TW
광고주 모집 중,廣告位招租,zh-TW
광적인 기병,狂熱機兵,zh-TW
광활한우주729,浩瀚宇宙729,zh-TW
구름나루,流雲渡,zh-TW
구름나루에 인적이 드문 진짜 이유!,流雲渡人煙稀少的真相！,zh-TW
구름위5천사,雲上五嬌,zh-TW
구름제조기,雲彩製造機,zh-TW
구인 공고,招工啟事,zh-TW
권한 잠금,權限鎖定,zh-TW
귀신 탐색 작전,探靈行動,zh-TW
귀신과의 만남? 귀신과 통화를 방송한 결과는 과연……,和鬼見面？直播跟鬼通話的結果是……,zh-TW
귀신과의 만남? 진실은 도대체…?,和鬼見面？真相竟然是……？,zh-TW
귀신의 배후는 알고 보니 곤충족의 잔당?!,鬼怪背後竟是蟲族餘孽？！,zh-TW
"귀신의 집의 진실, 헛소문은 이제 그만!",凶宅真相，別再以訛傳訛了,zh-TW
귀여운 명절 풍습,可愛的節日習俗,zh-TW
귀여워서날아감,可愛到飛起了,zh-TW
규,葵,zh-TW
규염객,虯髯客,zh-TW
그게 그거지,一樣的，一樣的。,zh-TW
그냥 보여주고 싶었어요,我就曬曬不說話,zh-TW
그냥 예뻐해 주세요,你也太寵牠了吧,zh-TW
그런 거였군! 시공 초월 평행체 현상이었어!,原來如此！是超時空平行體現象！,zh-TW
"그리하여, 웃음소리는 멈추지 않으리",如是，眾生歡笑不已,zh-TW
그린 라이트,綠光級,zh-TW
그림자를 찾는 별의 여정,星旅尋影,zh-TW
극한 도전,極限挑戰,zh-TW
근질,肌質,zh-TW
금 조각상 거리 토박이,金人巷土著,zh-TW
금 조각상 거리의 귀시(鬼市) 전당포……,金人巷的鬼市當鋪……,zh-TW
금조각상거리최고미남,金人巷第一美男,zh-TW
금화 부호,金幣富豪,zh-TW
급속 냉동,速凍,zh-TW
급습,奔襲,zh-TW
기대하는 자동응답봇,自動回覆好期待機器人,zh-TW
기도문 영업•1,禱言營業•其一,zh-TW
기도문 영업•2,禱言營業•其二,zh-TW
기도문 영업•3,禱言營業•其三,zh-TW
기도문 영업•4,禱言營業•其四,zh-TW
기도문 영업•5,禱言營業•其五,zh-TW
기도문 영업•6,禱言營業•其六,zh-TW
기도문 영업•7,禱言營業•其七,zh-TW
기도문 영업•막간극,禱言營業•幕間劇,zh-TW
기묘한 영역,異器盈界,zh-TW
기묘한 영역 300%,異器盈界300%,zh-TW
기본 패키지,基礎包,zh-TW
기본적인 신뢰는?,基本的信任呢？,zh-TW
기술 업그레이드,技術更新,zh-TW
기억 연결 최적화,記憶銜接改良,zh-TW
기억은 꿈의 오프닝,記憶是夢的開場白,zh-TW
기이한 유물 탐사,奇庫尋遺,zh-TW
기타리스트,吉他手,zh-TW
긴 밤 속에 다시 대지로,於長夜重返大地,zh-TW
긴급 재가동,緊急重啟,zh-TW
길 위의 기록,道中雜記,zh-TW
길가메시,吉爾伽美什,zh-TW
길의 천사,馬路天使,zh-TW
깃을 거둔 휴식,登棲斂翼,zh-TW
깊은 꿈세계,深層夢境,zh-TW
깔끔한 흐름,圓清流,zh-TW
깜짝 파티,驚喜派對,zh-TW
깨어날 때 즈음,清醒之時,zh-TW
껌딱지,黏人,zh-TW
꼬리 껌딱지,尾巴小跟班,zh-TW
꼬리도 좋아,尾巴也可以,zh-TW
꼬마 하누의 작전,小小哈努行動,zh-TW
꽃 피는 정원,花藏繁生,zh-TW
꽃 피는 정원 300%,花藏繁生300%,zh-TW
꽃두송이,花開兩朵,zh-TW
꿈꾸는 자의 산책,夢客漫步,zh-TW
꿈세계 시계,夢境迷鐘,zh-TW
꿈세계 훈련,夢境訓練,zh-TW
꿈에서 깬 순간,夢醒時分,zh-TW
끝나지 않는 결말,無盡終結,zh-TW
끝없는업화,業火不盡,zh-TW
끝장을 보자!,跟你爆了,zh-TW
나나교무진의 자산 교수나나,蕉研組的財富蕉師,zh-TW
나나웃레이지•인의(忍義) 없는 전쟁,蕉惡非道•無忍義之戰,zh-TW
나를기억하는가,記得我嗎,zh-TW
나무 아래 고요히,安於樹下,zh-TW
나부끼는 바다의 치맛자락,海的裙襬飄蕩,zh-TW
나부의 하늘을 달리다,飛霄羅浮分霄,zh-TW
나쁜꿈 방송국,驚夢電視台,zh-TW
나선형 화살,螺旋的弓矢,zh-TW
나의 모방 로봇 아내? 섬뜩 그 자체!,我的仿生人妻子？越想越恐怖,zh-TW
"나의 사랑, 나의 혈육",我的摯愛，我的血肉,zh-TW
나타샤,娜塔莎,zh-TW
나홀로가을,獨立寒秋,zh-TW
낙원의 선물,樂園之禮,zh-TW
낚시하러 가기,去釣魚,zh-TW
난 하늘을 느껴버렸거든,因為我已觸碰過天空,zh-TW
난세 종결,終結亂世,zh-TW
"날씨도 좋은데, 키우자!",天氣真好，養牠！,zh-TW
날아다니는 대여인호,飛翔的岱輿人號,zh-TW
"낡은 잔, 새로운 벗",舊瓶新友,zh-TW
낯선 드로마스,陌生的大地獸,zh-TW
낯선 여인의 편지,陌生女子的來信,zh-TW
내 턴이야!,我的回合！,zh-TW
"내가 가장 사랑하는 동료, 친구, 가족!",致我最親愛的夥伴、同學、家人！,zh-TW
냉탕과 열탕 사이,不只冰火兩重天,zh-TW
냥냥냥냥,喵喵喵喵咪,zh-TW
너구리 기자,狸貓記者,zh-TW
너무 잦은 야근으로 정신 착란이 온 직원!,加班過於頻繁，員工精神錯亂！,zh-TW
너에게 보내는 편지,給你的一封信,zh-TW
너의친아버지,你的親生父親,zh-TW
넘쳐흐르는 솔글래드,爆漿蘇樂達,zh-TW
넘치는 스태미나,精力充沛,zh-TW
네 번째,第四次,zh-TW
네비니Guinevere,小桂子Guinevere,zh-TW
네비니구독계,專門訂閱噴乃芬,zh-TW
네비니바라기,獨愛小桂,zh-TW
네비니최애,唯愛、小桂子,zh-TW
네온 드림랜드 맵 보상,霓虹夢局地圖獎勵,zh-TW
넵인이악개,奶粉單推人,zh-TW
넵인이쮸왑,奶粉奶粉喝奶粉,zh-TW
노 모어 지각,不能再遲到了,zh-TW
노인,老爺爺,zh-TW
노인,老者,zh-TW
놀이공원 설계도,樂園藍圖,zh-TW
뇌우,雷雨,zh-TW
누굴 먼저 구할까,先救落水的誰,zh-TW
눈내리는코트,下雪大衣,zh-TW
뉴스 속보,動態快報,zh-TW
늑대와 악어의 만남,狼鱷之交,zh-TW
늑대의 이빨,狼噬,zh-TW
늑대의 포식,狼餐,zh-TW
닉변강요당한오이,被迫改名的胡瓜,zh-TW
다도회에서 사랑을 담아,愛來自飲茶會,zh-TW
다리털왕자,腿毛王子,zh-TW
다사다난,多災多難,zh-TW
다섯 번째,第五次,zh-TW
다시 한번 성장하기를,期待又一次長大,zh-TW
"다시, 만물이 소생하는 계절",又是萬物復甦的季節,zh-TW
다음은 없어,下次不要玩了,zh-TW
다이어트,節食,zh-TW
다이어트 시즌2•살 빼기,節食第二季•減肥,zh-TW
다잘먹음,什麼都吃,zh-TW
다차원 영사,復維對映,zh-TW
다층적 분석 능력 테스트,多層次解析能力測試,zh-TW
단 1초의 깊은 혼미,深度昏迷，但一秒,zh-TW
단계 인센티브•1,階段激勵•一,zh-TW
단계 인센티브•2,階段激勵•二,zh-TW
단계 인센티브•3,階段激勵•三,zh-TW
단정사떠돌이,丹鼎司浪子,zh-TW
단항•등황,丹恆•騰荒,zh-TW
달달달달,月月月月,zh-TW
"달려라, 디저트!",點心糕餅向前衝,zh-TW
달의 어두운 면,月之暗面,zh-TW
달콤한 꿈 행성,甜夢星球,zh-TW
달콤한 적토,清甜紅土,zh-TW
대검 수호자,巨劍守護,zh-TW
대도지간,大道至簡,zh-TW
대박! 미확인 비행 물체에 숨겨진 진실,勁爆！不明飛行物背後的真相。,zh-TW
대설,大雪,zh-TW
대시,衝撞,zh-TW
대연만상,大衍萬象,zh-TW
대왕꼬리,大尾巴噠噠,zh-TW
대전 고수,對戰高手,zh-TW
대지 요리…?,大地料理……？,zh-TW
대지 통역,大地翻譯,zh-TW
대지의 놀라움,大地的驚喜,zh-TW
대지의 두려움,大地的驚嚇,zh-TW
대타 전문,專業代打,zh-TW
대형 드론 프로젝터 테스트,大型無人機投影裝置測試,zh-TW
댄싱 위드 더 고릴라,與猩共舞,zh-TW
더 블루&울보 유령,湛藍星與嗚嗚伯,zh-TW
더 헤르타,大黑塔,zh-TW
더블 크리스피 더트 버거,雙層脆土堡,zh-TW
던,鄧恩,zh-TW
데이터 삭제,資料清除,zh-TW
데이터 회수,資料回收,zh-TW
도끼휘리릭,手掄大錘呼呼響,zh-TW
도시에 나를 숨김,大隱隱於市,zh-TW
도움 요청! 우리 아빠에게 무슨 일이 생긴 걸까?,求助！我爸到底是怎麼了？,zh-TW
독구름,毒雲,zh-TW
독서 습관,閱讀習慣,zh-TW
독안개,毒霧,zh-TW
돌격,突擊,zh-TW
돌머리가찾는다,鐵頭來找你了,zh-TW
동천관리자,洞天管理員,zh-TW
동천풍수강좌,洞天風水講座,zh-TW
동행 임무,同行任務,zh-TW
동행 임무 오픈,同行任務開啟,zh-TW
동행 임무 오픈,同行任務開放,zh-TW
동호의 통,同好的小桶,zh-TW
돼지 돌진,豬突猛進,zh-TW
두 번째,第二次,zh-TW
두뇌 계발,腦力啟蒙,zh-TW
두두~ 두두~,嘟嘟～嘟嘟～,zh-TW
뒤얽힌 유대,羈絆交織,zh-TW
듀얼 전장,雙戰場,zh-TW
듀오 다이스,骰＋骰是道,zh-TW
드로마스,大地獸,zh-TW
드로마스 고수,大地獸高手,zh-TW
드로마스 공포 이야기,大地獸恐怖故事,zh-TW
드로마스 여행단 실습 업무,大地獸旅團的實習工作,zh-TW
드로마스 여행단의 모의 면접,大地獸旅團的模擬面試,zh-TW
드로마스A,大地獸甲,zh-TW
드로마스B,大地獸乙,zh-TW
드로마스식 건망증 치료법,大地式健忘療法,zh-TW
"드로마스어, 입문부터 입관까지",大地獸語，從入門到入土,zh-TW
"드로마스어, 입문에서 입원까지",大地獸語，從入門到入院,zh-TW
드로마스에 대하여•1,論大地獸們•其一,zh-TW
드로마스에 대하여•2,論大地獸們•其二,zh-TW
드로마스에 대하여•3,論大地獸們•其三,zh-TW
드로마스의 나눔,大地獸分餅,zh-TW
드로마스의 안내,大地獸的指引,zh-TW
등가교환의 통,等價交換的桶,zh-TW
딩동호,電車,zh-TW
또 주사위를 던져라! 코스믹 포스!,繼續擲骰！戰力黨！,zh-TW
뜨거운 격려,大幅鼓舞,zh-TW
뜻밖의 교류,一次意外的交流,zh-TW
라이브 방송 연결,直播連線,zh-TW
라이브 스튜디오,演播廳現場,zh-TW
라이프스타일,社會生態,zh-TW
랑랑,朗朗,zh-TW
랜도 가문… 그리고 페라,朗道一家……以及佩拉,zh-TW
레드 라이트,紅光級,zh-TW
레시피 연구,調飲研究,zh-TW
레이스 초반 광기의 핸들링,開局狂打方向盤,zh-TW
레인저의 그림자,遊俠謎影,zh-TW
로맨틱 배스 솔트,浪漫浴鹽,zh-TW
로빈,知更鳥,zh-TW
로이•질풍,羅伊•疾風,zh-TW
로즈메리의 꽃말,迷迭香的花語,zh-TW
록키•빠른 그림자,洛克•迅影,zh-TW
루카,盧卡,zh-TW
리듬 마스터,節奏高手,zh-TW
리틀통 포니•인챈트 버전,小桶寶力•附魔版,zh-TW
링스,玲可,zh-TW
링초,泠初,zh-TW
마동 메카아머•데이브레이크 워리어,魔動機鎧•破曉戰士,zh-TW
마른천둥,晴雷,zh-TW
마메라,趙相機,zh-TW
마스코트,吉祥物,zh-TW
마스터의 길,大師之路,zh-TW
마왕의 소굴,魔王巢穴,zh-TW
"마음껏 날아, 개척이 함께할 테니!",放心飛，開拓永相隨！,zh-TW
마음을 갉아먹는 마물,蝕心影魔,zh-TW
마이데이,萬敵,zh-TW
막상막하의 상대,旗鼓相當的對手,zh-TW
만물 관리과,萬有應物科,zh-TW
"만월, 신이 없는 시간",滿月是神不在的時間,zh-TW
만종의탄식,晚鐘的嘆息,zh-TW
말세로다,世風日下,zh-TW
말하는대로,為所欲為,zh-TW
맑음,晴,zh-TW
맹독의 향연,烈毒盛宴,zh-TW
맹렬한 기세,燎原之勢,zh-TW
머리안벗겨졌다고,啾啾才沒有謝頂呢,zh-TW
머리장식,頭飾,zh-TW
머리통은 맑은 소리가 날수록 단단하다,好聽就是好頭,zh-TW
먹물,墨墨,zh-TW
먼 별의 선물,逴星之禮,zh-TW
멈추지 않는 즐거움,閒不下來,zh-TW
"멈춰, 꼼짝 마!",凍住，不許走,zh-TW
멜로디 데빌•서벌,音律琴魔•希露瓦,zh-TW
멤버 모집,成員召募,zh-TW
명부의 인형,幽府偃偶,zh-TW
"모구라, 의적의 수장, 후크",魔古拉，律賊之首，虎克,zh-TW
모두 주목!,全體目光向我看齊！,zh-TW
모든 강은 바다로 흐른다,百川東入海,zh-TW
모르것는디,機靈小不懂,zh-TW
모순된 결합체,枘鑿六合,zh-TW
모순된 결합체•Remake,枘鑿六合•Remake,zh-TW
모집 중: 계네빈에 대한 모든 것,募集中：關於桂乃芬的一切,zh-TW
목걸이,項鍊,zh-TW
목욕,泡澡,zh-TW
목욕을 좋아하는 꼬마 드로마스,小地獸愛洗澡,zh-TW
목욕탕 직원,浴場侍者,zh-TW
목욕탕 직원,澡堂侍者,zh-TW
목표 임무,局內任務,zh-TW
몸과 마음의 치유,身心被治癒,zh-TW
무더운 날씨,天氣好熱,zh-TW
무일푼 재벌 프로젝트,虧成首富，從不要錢開始,zh-TW
무적검객123,無敵劍士123,zh-TW
"무적의 창, 빈약한 방패",以子之矛，攻我之盾,zh-TW
무적화룡,無敵大火龍,zh-TW
무정한 점괘기계,無情的卜算機器,zh-TW
무지개,彩虹,zh-TW
무질서한 궤도,紊亂軌道,zh-TW
무한 전장,無限戰域,zh-TW
무한 행동,無盡行動,zh-TW
무한의 검제,無限劍製,zh-TW
무한의 시련•기본,無限之試煉•基礎,zh-TW
무한의 시련•어려움,無限之試煉•困難,zh-TW
무한의 차원,無盡次元,zh-TW
무형의 감옥,無形之牢,zh-TW
문과? 이과?,一類組還是二類組？,zh-TW
문여러주새오,開門我是鼠鼠,zh-TW
문열어주새오,開門，我是鼠鼠,zh-TW
"문의 시작, 왕좌의 종말",門扉之啟，王座之終,zh-TW
문지기 금 조각상,金人司閽,zh-TW
문학을 사랑하는 시민,熱愛文學的公民,zh-TW
문화격투왕,文化拳王,zh-TW
물 좀 많이 마셔라,阿生多喝水,zh-TW
물가상승,脹五甲,zh-TW
물고기 비,魚雨,zh-TW
물리적 추월,物理超車,zh-TW
물범 수집,海豹蒐集,zh-TW
물의 오르간 악사,水漫琴師,zh-TW
뭇별로 되돌아가는 여정,重返群星之旅,zh-TW
미끄럼틀,滑梯,zh-TW
미니버거최애,愛吃小漢堡,zh-TW
미니어처 행성,微縮星球,zh-TW
미래 시장,未來市場,zh-TW
미래마스터,未來大師,zh-TW
"미래의 트렌드로 자리 잡은 e스포츠! 디지털 경쟁, 현실이 되다",電子競技成未來趨勢，數位博弈成為現實,zh-TW
미미의 선물,迷迷贈禮,zh-TW
밀키 배스 솔트,獸奶浴鹽,zh-TW
밑댓에게뽀뽀,親樓下一口,zh-TW
바 매출,酒吧營收,zh-TW
바뀌는 운명,易命,zh-TW
바다가 푸른색이 될 때까지,游到海水變藍,zh-TW
바람 잡는 여우,追風的狐,zh-TW
바람을 거슬러,逆風而行,zh-TW
바람이 부는대로,風隨心,zh-TW
바르톨로스,巴特魯斯,zh-TW
바르톨로스와 함께 놀기,和巴特魯斯一起玩,zh-TW
바르톨로스와 함께 놀기•2,和巴特魯斯一起玩•其二,zh-TW
반디,流螢,zh-TW
반물질 가속,反物質加速,zh-TW
반물질 중포,反物質重炮,zh-TW
반물질 철제,反物質鐵蹄,zh-TW
반물질 칼날,反物質刀鋒,zh-TW
반부패 「전문가」,反貪「磚」家,zh-TW
반전 있는 사람,裡生外熟,zh-TW
반짝이는 스타라이트,星芒爍變,zh-TW
반쯤 묻힌 드로마스,半埋的大地獸,zh-TW
반천장,小保底,zh-TW
밤으로의 긴 여로,長日入夜行,zh-TW
밤을 설치다,夜夜睡不好,zh-TW
밤이될때까지123,等天黑123,zh-TW
방랑자,流浪者,zh-TW
방생파 최고의 제자,放生幫頭號大弟子,zh-TW
방송국 답례품,電視台謝禮,zh-TW
방정식 학자,方程式學者,zh-TW
방패진,盾陣,zh-TW
방화벽,防火牆,zh-TW
배꼬파,炒雞餓,zh-TW
배달 레이서,外送餐點的賽車手,zh-TW
배점 피스톨,評分槍,zh-TW
백그라운드 강화,背景強化,zh-TW
백로 님 역을 맡은 연기자의 정체는?,扮演白露大人的演員是什麼來歷啊？,zh-TW
백의의 거사,白衣居士,zh-TW
밴드 평판,樂團聲望,zh-TW
버려진 텔레비전,廢棄電視,zh-TW
버블 핀볼,氣泡彈珠,zh-TW
버전 임무,版本任務,zh-TW
번화의 끝이 쓸쓸한 사람,繁華落盡寂寞人,zh-TW
범용 업그레이드,泛用升級,zh-TW
법외사무소,法外事務所,zh-TW
법을따르라,言出法隨,zh-TW
베테랑 관객,資深觀眾,zh-TW
베테랑 직원•팀장,資深員工•組長,zh-TW
벨벳의 악마,天鵝絨裡的惡魔,zh-TW
벼려진 검의 선물,淬鋒之禮,zh-TW
별들의 동행자,千星旅伴,zh-TW
별뗏목애호가,星槎愛好者,zh-TW
별뗏목엔 바다가 없음,星槎沒有海,zh-TW
별뗏목의 바다 4대 천재,星槎海四大才子,zh-TW
별마차의 여정,星軺旅進,zh-TW
별사냥 게임,獵星遊戲,zh-TW
별을 따는 여행사 공식,摘星社官方,zh-TW
별의 선물,巡星之禮,zh-TW
별이 돌아오는 길,循星歸程,zh-TW
별타로헤헤,星芋嘿嘿,zh-TW
병렬 강화,並行強化,zh-TW
보물을 찾아서,循跡覓寶,zh-TW
보스 대전,頭目戰,zh-TW
보이당 영단묘약,寶餌堂靈丹妙藥,zh-TW
본선의 왕,正賽之王,zh-TW
볼더 타운 슈퍼리그,磐岩鎮超級聯賽,zh-TW
부드러운대왕꼬리,溫柔的大尾巴,zh-TW
부보스 대전,二當家戰,zh-TW
부적부적부적,靈符靈符靈符,zh-TW
부족한 목 길이,脖子不夠長,zh-TW
"부탁해, 고마워",請、謝謝,zh-TW
부트힐에 관한 모든 것…,關於波提歐的一切……,zh-TW
부하 HP,負載生命值,zh-TW
부하 알고리즘,負載演算,zh-TW
분노의 코딩,程式碼關頭,zh-TW
분쇄의 이빨,碎齧,zh-TW
분유가최고,奶粉大迷妹,zh-TW
불 뿜을 거야,我要噴火,zh-TW
불꽃 유성,赤焰流星,zh-TW
불멸의 끝,仙骸有終,zh-TW
불멸의 나침반,羅盤不滅,zh-TW
불볕,烈日,zh-TW
불빛 용물고기에 등 달기,燈籠魚上點燈籠,zh-TW
불의 재난,火焚災影,zh-TW
붉은 열매,紅果,zh-TW
뷔페,自助餐廳,zh-TW
브랜드 대결,品牌對決,zh-TW
브로냐,布洛妮婭,zh-TW
블레이드,刃,zh-TW
블루 라이트,藍光級,zh-TW
비 사이로 사라지다,消逝在雨中,zh-TW
비디아다라온라인,持明上網,zh-TW
비바람무지개7854,風雨彩虹7854,zh-TW
비석? 이게 뭐지? 한 입 먹어볼까?,石碑？這是什麼？吃一下。,zh-TW
비성의 선물,飛星之禮,zh-TW
비소,飛霄,zh-TW
비소의 술단지,飛霄的豪飲酒壺,zh-TW
비아냥이,說怪話,zh-TW
비행 일지,飛行日誌,zh-TW
비행장기고수,飛棋妙手,zh-TW
빈빈이내일머머겅,桂桂明天吃什麼,zh-TW
빈빈이에게 얼음사탕 콩물을,請桂桂喝冰糖豆汁,zh-TW
빈빈이의 맵짠 콩물,桂桂的鹹辣豆汁,zh-TW
빈빈이최애찐팬,桂桂唯一真愛粉,zh-TW
빙결 진행,漸凍,zh-TW
빙결 폭풍,凍結風暴,zh-TW
빙결 허점,凍結漏洞,zh-TW
빙륜 분쇄,冰輪碎碾,zh-TW
빛 따라 금 찾아·고난도 도전,逐光撿金•高難度挑戰,zh-TW
빛 따라 금 찾아•고난도 도전,逐光撿金•高難度挑戰,zh-TW
빛을믿으면빛이된다,相信光變成光,zh-TW
빛의 선물,巡光之禮,zh-TW
빛의 심연 신비주의과,光淵密卷科,zh-TW
빠른 실행,快速指令,zh-TW
삑! 낙원 핫플 리스트,滴！樂園打卡必玩榜,zh-TW
사건 해결! 신비한 양자 생물이었습니다!,破案了，是神秘量子生物！,zh-TW
사교적 변화,變得合群,zh-TW
사기 고취,鼓舞士氣,zh-TW
사기 활성화,士氣啟動,zh-TW
사냥의 시간,獵殺時刻,zh-TW
사막 여행,荒漠之旅,zh-TW
"사부, 나 깨달았어!",師父，我悟了！,zh-TW
사악한 악어의 귀환,邪鱷歸來,zh-TW
사이퍼,賽飛兒,zh-TW
사자의 위세,獅震八方,zh-TW
사자후,獅子吼,zh-TW
사제,祭司,zh-TW
사천왕전,四天王戰,zh-TW
사탕 포탄,糖果炮彈,zh-TW
산 자의 망천에 잠겨,沉於生者的忘川,zh-TW
산맥을 뒤흔드는 샛별의 장작,山脈震撼•明星之薪,zh-TW
산성비,酸雨,zh-TW
삶을 사랑하고 독서를 사랑하라,愛生活愛讀書,zh-TW
삼면 주사위,三面骰,zh-TW
삼포,桑博,zh-TW
삼포의 다정 폭탄,桑博的多情爆彈,zh-TW
삽 공격,鏟擊,zh-TW
상수 돌파,常值突破,zh-TW
상심한 연구원 구조,拯救心碎組員,zh-TW
새까만광재,礦渣黑黑,zh-TW
새로 찾은 알바가 이상해요,之前接到一個很奇怪的工作,zh-TW
새로운 별명,被取外號了,zh-TW
새로운 씨앗,新的種子,zh-TW
새벽 빛,宵明,zh-TW
새벽과 황혼의 두루마리,晨昏卷隱,zh-TW
새벽에 바치는 폭주,獻給破曉的失控,zh-TW
생각없음,我沒多想,zh-TW
생사의 경계,生死邊緣,zh-TW
생사의 윤회,生死輪迴,zh-TW
생활 채널,生活台,zh-TW
서늘한 칼날의 시련,霜刃一試,zh-TW
서리,霜,zh-TW
서리 강타,霜凍重擊,zh-TW
서리 몸체,寒冰軀體,zh-TW
서리 초강타,霜凍超重擊,zh-TW
서버 과부하 방지,防止伺服器超載,zh-TW
서사시,敘事詩,zh-TW
서정시,抒情詩,zh-TW
석양의 잔본,餘暉殘卷,zh-TW
선데이,星期日,zh-TW
선주 전투력 TOP티어,仙舟戰力top榜,zh-TW
선주갑부,仙舟第一有錢花,zh-TW
선주는컴퍼니에서나가라,仙舟滾出公司,zh-TW
선주바퀴벌레박멸,消滅仙舟大蠊,zh-TW
선주인의 인도,仙舟人指路,zh-TW
설명할 시간 없으니 얼른 타,來不及解釋快上車,zh-TW
설문조사 수집,問卷蒐集,zh-TW
설원 캠핑,雪原露營,zh-TW
설원보다 먼,比雪原更遙遠,zh-TW
섬멸의 선봉,破敵先鋒,zh-TW
성간 여행,星間旅行,zh-TW
성능 분배,性能分配,zh-TW
성능 초과 인출,性能透支,zh-TW
성장의 고민,成長的煩惱,zh-TW
성장의 길,成長之路,zh-TW
성천 연무 의식,星天演武儀典,zh-TW
세 번 행동하는 통,一輪三動的桶,zh-TW
세 번째,第三次,zh-TW
세계를 파멸하겠어!,我要毀滅世界！,zh-TW
세르세스 냠냠,吃掉瑟希斯,zh-TW
세월의 선물,歲月的饋贈,zh-TW
세이버,Saber,zh-TW
소내장러버,我愛牛雜,zh-TW
소녀,年輕的女孩,zh-TW
소년기,少年期,zh-TW
소년기 평가,少年期診斷,zh-TW
소매 속의 검,袖中劍,zh-TW
소매 안의 검,袖裡劍,zh-TW
소모 억제,損耗壓制,zh-TW
소용돌이의 도약,渦漩躍襲,zh-TW
소집의 포효,嘯聚,zh-TW
손,手,zh-TW
솜씨 발휘,鋒芒嶄露,zh-TW
솜이 솜을 만나,飛花又見飛花,zh-TW
송가의 빛,頌歌光束,zh-TW
송가의 진동,頌歌震盪,zh-TW
송가의 폭발,頌歌爆發,zh-TW
쇳대라론 헌터,杏核裂手,zh-TW
쇼맨십 리더,搞怪先鋒,zh-TW
수렵의 블레이드,狩獵之刃,zh-TW
수리 엔지니어,維修工程師,zh-TW
수줍은 주방장,害羞的大廚,zh-TW
순정소녀네비니,純情少女大桂子,zh-TW
순찰 작전,遊園行動,zh-TW
쉬움 모드,簡單模式,zh-TW
스리토스카,蝶遐,zh-TW
스마트 쓰레기통,智慧型垃圾桶,zh-TW
스바로그,史瓦羅,zh-TW
스코트,斯科特,zh-TW
스코트가 준비한 컴퍼니 기갑,斯科特安排的公司機甲,zh-TW
스킬 임무,技能任務,zh-TW
스타 랭크,星階,zh-TW
스타라이트 전쟁의 서막,星芒戰幕,zh-TW
스타레일☆WORLD,星鐵☆WORLD,zh-TW
스타피스 가전,星際和平家電,zh-TW
스태미나,精力,zh-TW
스토리 도전,劇情挑戰,zh-TW
스토리 진도,劇情進度,zh-TW
스트리머 소년은 의존증,直播男孩重度依賴,zh-TW
스트리트 주사위 파이터,街骰爭霸,zh-TW
스파이시 배스 솔트,火辣浴鹽,zh-TW
스파클,花火,zh-TW
스파클의 만변 가면,花火的千變假面,zh-TW
스파키,火花,zh-TW
스포일러선인,劇透仙人,zh-TW
승급의 길,晉升之路,zh-TW
승리의 깃발,旗開得勝,zh-TW
시공 폭풍,時空暴,zh-TW
시공팀 실수로 업무가 정지된 태복사,小隊施工失誤，太卜司陷入停擺,zh-TW
시끌벅적 금 조각상 옛 거리,金人舊巷市廛喧,zh-TW
시뮬레이션 우주,模擬宇宙,zh-TW
시뮬레이션 우주: 곤충 떼 재난,模擬宇宙：寰宇蝗災,zh-TW
시뮬레이션 우주: 인지 불가 영역,模擬宇宙：不可知域,zh-TW
시뮬레이션 우주: 황금과 기계,模擬宇宙：黃金與機械,zh-TW
시뮬레이션 우주•제9세계,模擬宇宙•第九世界,zh-TW
시스터 순,好姐妹小順,zh-TW
시왕 표창,十王犒賞,zh-TW
식량징수인,糧草徵收人,zh-TW
식용 풀,食用草,zh-TW
신규 필터가 가져온 괜한 공포,新型濾鏡帶來一場虛驚,zh-TW
신기한 저금통은 어디에?,神奇撲滿與它們的產地,zh-TW
신들린 기교 • 불빛 용물고기,入魔機巧•燈晝龍魚,zh-TW
신들린 기교 • 온순한 산예,入魔機巧•率從狻猊,zh-TW
신들의 의식,諸神秘儀,zh-TW
신비한 행인,神秘路人,zh-TW
신속한 구조,颶風營救,zh-TW
신예의 길,新秀之路,zh-TW
신책부에서 분양 정책 준비 중이라 함,聽說神策府準備放鬆購房政策,zh-TW
실내 인테리어,室內裝修,zh-TW
실드 시스템,護盾系統,zh-TW
실드브레이커,反護盾,zh-TW
실버메인 근위병,銀鬃近衛,zh-TW
실버메인 사격병,銀鬃射手,zh-TW
실버메인 사관,銀鬃尉官,zh-TW
실버메인 포격병,銀鬃炮手,zh-TW
심령사진! 자꾸 있으면 안 되는 게 찍혀요,照片鬧鬼！總是拍到不應該有的東西,zh-TW
심리 평가,心理評估,zh-TW
심야의 거울,半夜照鏡子,zh-TW
심연에서옴,我來自深淵,zh-TW
심장이멈출때까지네곁에있을게,心跳不息陪你不止,zh-TW
심층 지하 궁전,深層地宮,zh-TW
심판의 악몽,裁判的噩夢,zh-TW
십만 가지 이유,十萬個為什麼,zh-TW
십삼요구,十三么,zh-TW
싸늘한 까마귀,寒冷烏鴉,zh-TW
쌉싸름한 흑토,苦苦黑土,zh-TW
쏘쏘유일계,裳裳唯一帳號,zh-TW
쓰레기 투척,垃圾投擲,zh-TW
쓰레기 플라잉킥,垃圾飛踢,zh-TW
쓰레기를 주지 마시오!,嚴禁投餵垃圾！,zh-TW
쓰레기를 줍는 통,拾荒的小桶,zh-TW
쓰레기통,垃圾桶,zh-TW
아글라이아,阿格萊雅,zh-TW
아낙사,那刻夏,zh-TW
아를란,阿蘭,zh-TW
아름다운 상처,美麗傷口,zh-TW
아머저금통 타입II,裝甲撲滿二型,zh-TW
아스타,艾絲妲,zh-TW
아아아아,唉唉唉唉,zh-TW
아옹아옹 사무소,嗷嗚嗷嗚事務所,zh-TW
아이싱 행성,糖霜星球,zh-TW
아이쿠스,埃克斯,zh-TW
아이템 강화,道具強化,zh-TW
아이템 마스터,道具大師,zh-TW
아처,Archer,zh-TW
아침 이슬처럼,譬如朝露,zh-TW
아침멍,呆呆不早起,zh-TW
아케론,黃泉,zh-TW
아케론(체험판),黃泉（試用版）,zh-TW
아케이드 대전,街機對戰,zh-TW
악몽 첫 탐사,初探噩夢,zh-TW
안개 속의 작은 집!,霧中小屋！,zh-TW
"안녕, 페나코니",再見，匹諾康尼,zh-TW
"안녕하세요, 인사하러 왔어요!",大家好啊，打個招呼！,zh-TW
안면 인식 불능증,臉盲症,zh-TW
안식의 땅의 꽃밭을 지나,走過安眠地的花叢,zh-TW
안전 모드,安全模式,zh-TW
안티사절,米糕沒黑粉,zh-TW
애가의 세이렌,哀歌塞壬,zh-TW
애쉬베일,不死途,zh-TW
앰포리어스 열차 난제,翁法羅斯的列車難題,zh-TW
앵무새,複讀機,zh-TW
야합,狼狽為奸,zh-TW
약속된 승리의 검,誓約勝利之劍,zh-TW
약점 공략,趁病要命,zh-TW
약점 급습,弱點突襲,zh-TW
약점입니다. 받아주십시오,您的弱點，請收下,zh-TW
약탈 참격,掠奪斬擊,zh-TW
양유고기,浮羊肉肉,zh-TW
양형님 왔다,陽哥在此,zh-TW
얕은 꿈세계,淺層夢境,zh-TW
어느 여행자,一位旅人,zh-TW
어떤 꼬맹이에게,給某個小傢伙,zh-TW
어려움 모드,困難模式,zh-TW
어벤츄린,砂金,zh-TW
어벤츄린(체험판),砂金（試用版）,zh-TW
어벤츄린의 반전 칩,砂金的翻盤籌碼,zh-TW
어제의 내일이 되어,成為昨日的明天,zh-TW
어차피 다 빨간색,反正都是紅的,zh-TW
언식관 진요탑,偃息館處鎮妖塔,zh-TW
언어의 달인,語言高手,zh-TW
얼굴로방어,臉接小招,zh-TW
얼굴에 황금을 칠한 드로마스,面塗黃金的大地獸,zh-TW
얼어붙은 통,冰封的小桶,zh-TW
엄청난 직장 스트레스를 뒤로하고 천외로 떠나고 싶은 소녀,職場壓力巨大，少女欲遠走天外,zh-TW
엄호 지원,掩護支援,zh-TW
업뎃연장없음123,絕不拖更123,zh-TW
엉님은먹지마셈,寶哥不許吃,zh-TW
에너자이저 교육자,誨人不倦,zh-TW
에너지 재생,能量循環,zh-TW
에바네시아,緋英,zh-TW
에소•S•클라라,磅磅•克拉拉,zh-TW
에이스 크루,王牌機組,zh-TW
에테르 배틀,乙太戰線,zh-TW
여덟째 날에 오르는 여정,在第八日啟程,zh-TW
여명 분신 베기,破曉分身斬,zh-TW
여명 펀치,破曉重拳,zh-TW
여명의 수호,破曉守護,zh-TW
여명의 윤무,破曉輪舞,zh-TW
여명이 틀 무렵의 추락,在黎明升起時墜落,zh-TW
여분의 조합,冗餘整合,zh-TW
여섯 번째,第六次,zh-TW
여우 무덤 진요탑,狐眠塚處鎮妖塔,zh-TW
여우 무덤 쪽엔 무서운 전설이 많음,狐眠塚那邊有很多恐怖傳說,zh-TW
여우비,晴天雨,zh-TW
여우숲 진요탑,談狐林處鎮妖塔,zh-TW
여정의 시작,初出茅廬,zh-TW
여행단 다크호스,旅團黑馬,zh-TW
역치 파괴,閾值破壞,zh-TW
연경,彥卿,zh-TW
연구 성과 공유회,研究心得分享大會,zh-TW
연낙정 진요탑,燕樂亭處鎮妖塔,zh-TW
연로한 현인,老賢者,zh-TW
연무 대회 경기 일정,演武賽程,zh-TW
연속 격파,擊破連環,zh-TW
연속의 꿈,清龍入夢,zh-TW
열차 개조 조우,列車改造奇遇,zh-TW
열차 당직,列車值日,zh-TW
열차의 선물,列車的禮物,zh-TW
열차팀 막내에게 보내는 편지,給列車組老么的一封信,zh-TW
염색,染色,zh-TW
영력200%,靈能百分之兩百,zh-TW
영령과의 동행,英靈偕行,zh-TW
영맥 연결,靈脈連結,zh-TW
영웅은 죽기 전에,英雄未死之前,zh-TW
영웅의 길,豪傑之路,zh-TW
영웅의 여정,英雄之旅,zh-TW
영웅의 웃음은 칼바람의 전조,英雄一笑，生死難料,zh-TW
"영웅인가, 겁쟁이인가?",英雄，還是懦夫？,zh-TW
영원 블랙홀,永恆黑洞,zh-TW
영원한 겨울의 재난,永冬災影,zh-TW
영원한 겨울의 화로대 맵 보상,永冬爐台地圖獎勵,zh-TW
영지,靈知,zh-TW
영토 확장,開疆擴土,zh-TW
영화 편집,影片剪輯,zh-TW
예능 채널,娛樂台,zh-TW
예선 진도,叩關進度,zh-TW
예선전 1라운드,海選賽第一輪,zh-TW
예선전 2라운드,海選賽第二輪,zh-TW
예선전 3라운드,海選賽第三輪,zh-TW
예술 채널,藝術台,zh-TW
예스맨,好好先生,zh-TW
예약 리스트,預約清單,zh-TW
예언 비석,預言算碑,zh-TW
옐로 라이트,黃光級,zh-TW
오늘 진짜 깜짝 놀랐어요,今天真是嚇死我了,zh-TW
오늘도바람이부네,風今天還是那麼吹,zh-TW
오늘의 역사,天天說史,zh-TW
오늘휴방,今天不播,zh-TW
"오랜만이에요, 파트너.",搭檔，好久不見。,zh-TW
오로닉스의 기적,歐洛尼斯奇跡,zh-TW
오싹 오싹! 분열하는 우주 괴물이라니!,越想越可怕！會分裂的星際怪物！,zh-TW
오일 없는 브레이크,剎車沒油,zh-TW
"오지 마, 무서워",別過來，我害怕,zh-TW
옥조폐인됨,變成玉兆廢人,zh-TW
온세영,溫世玲,zh-TW
올레그,奧列格,zh-TW
와일더,維爾德,zh-TW
완•매,阮•梅,zh-TW
완•매의 창조물,阮•梅造物,zh-TW
완벽 제거,全盤殺毒,zh-TW
완전 재밌어,真好玩,zh-TW
외우주의 화염,外宇宙之炎,zh-TW
외전 스토리,外傳故事,zh-TW
외주 업체 사장,外包老闆,zh-TW
외주 업체 충격파!,外包企業衝擊！,zh-TW
요괴 진압록•언식관,降妖輯錄•偃息館,zh-TW
요괴 진압록•여우 무덤,降妖輯錄•狐眠塚,zh-TW
요괴 진압록•여우숲,降妖輯錄•談狐林,zh-TW
요괴 진압록•연낙정,降妖輯錄•燕樂亭,zh-TW
요괴 퇴치팀 제5의 멤버,捉鬼小隊第五人,zh-TW
요괴 포획 작전,降妖行動,zh-TW
요란 닌자 레인저•AKA•라파,繚亂忍俠•AKA•亂破,zh-TW
요사를 씻어내는 유리검,蕩滌妖邪琉璃劍,zh-TW
용암 호체,熔岩護體,zh-TW
용의 귀향,龍返其鄉,zh-TW
용의 노심,龍之爐心,zh-TW
용자의 외침,一聲勇者的吶喊,zh-TW
용존님충성충성,對龍尊大人一心一意,zh-TW
우당탕탕개구쟁이,搗蛋小臭寶,zh-TW
우애애애앵,汙力力力力,zh-TW
우인은 벨을 두 번 울린다,愚者總按兩遍鈴,zh-TW
우정 격려사,友誼激勵師,zh-TW
우주 개척의 뜻,拓宇行疆之志,zh-TW
우주 대가족,宇宙一家親,zh-TW
우주 대전쟁,太空大戰爭,zh-TW
우주 인테리어 가이드,宇宙家裝指南,zh-TW
우주 환각의 밤,宇宙幻覺之夜,zh-TW
우주떼쟁이,宇宙大矯情,zh-TW
우주소심떼쟁이,宇宙小矯情,zh-TW
우주정거장 「헤르타」,太空站「黑塔」,zh-TW
우주정거장 특파,太空站特派,zh-TW
우호법전,右護法戰,zh-TW
우호법전•재개,右護法戰•再開,zh-TW
우화시,寓言詩,zh-TW
운기 출정 불모지,雲騎出征寸草不生,zh-TW
운기군성공소취,考上雲騎還願,zh-TW
운명으로 정해진 별,命中註定的星辰,zh-TW
운명의 계약•재개,命運契約•再啟,zh-TW
운소기진 맵 보상,雲霄棋陣地圖獎勵,zh-TW
운해,雲海,zh-TW
울보 유령,嗚嗚伯,zh-TW
웃음 참기 챌린지,不要笑挑戰,zh-TW
웅장한 창해 비둘기 가슴,滄海鴿壯志,zh-TW
원툴,獨輪車,zh-TW
월식,月食,zh-TW
웰트,瓦爾特,zh-TW
"위령제, 맑고 먼 하늘길",安靈布奠，天清路遠,zh-TW
위태로운 목숨,命懸一線,zh-TW
위험한 계약 조심!,提防危險契約！,zh-TW
윗댓내손자임,樓上是我孫子,zh-TW
유년기,幼年期,zh-TW
유년기 평가,幼年期診斷,zh-TW
유령 별뗏목! 영원히 잠들지 못하는 망령!,幽靈星槎！永不安息的亡靈！,zh-TW
유원 쪽에서 나는 전통극 공연 소리 들은 사람,有人聽到綏園那邊有唱戲聲嗎,zh-TW
유원에 누가 몰래 신호 발사탑 설치함,綏園有人偷偷建了訊號發射塔,zh-TW
유원에서 나는 칠현금에 대한 가설은 검증 못 할 듯,看來沒機會驗證我對綏園自鳴琴的假說了,zh-TW
유원이 이렇게 된 건 나부 선주의 운을 빼가려는 거임!,綏園這麼整是要抽乾羅浮仙舟的氣運啊！,zh-TW
유저삼삼삼삼,用戶參參參參,zh-TW
유저일이삼삼삼삼,用戶二三三三三,zh-TW
유해 폐기물의 통,有害垃圾的桶,zh-TW
육성 마스터,培育大師,zh-TW
은 카다산 따라잡기,與銀袋山同行,zh-TW
은랑,銀狼,zh-TW
은랑 LV.999,銀狼LV.999,zh-TW
은하 개척,銀河開拓,zh-TW
은하 럭키 스타,銀河幸運星,zh-TW
은하 방망이 협객 전설: 마왕편,銀河球棒俠傳說：魔王篇,zh-TW
은하 방망이 협객 전설: 출발편,銀河球棒俠傳說：啟程篇,zh-TW
은하 시그널 로밍,銀河訊號漫遊,zh-TW
은하 오디세이,銀河大富翁,zh-TW
은하 지정학과,銀河法政科,zh-TW
은하 지형과,寰宇地概科,zh-TW
은하 트렌드 가이드•겨울 감성 특집,銀河潮流指南•冬韻特輯,zh-TW
은하 평판 레벨,銀河聲望等級,zh-TW
은하귀요미,銀河小可愛,zh-TW
음률 사냥 인법첩,音律狩獵忍法帖,zh-TW
음악 채널,影音台,zh-TW
응급 모드,應急模式,zh-TW
의료과,醫療科,zh-TW
의상,衣服,zh-TW
의심이 낳은 불안,疑心暗鬼,zh-TW
이 아름다운 날을 기념하며,紀念這美好的一天,zh-TW
이거 전기차,這是電動車,zh-TW
이름은중요하지않음,名字不重要,zh-TW
이방 기사,異邦騎士,zh-TW
이벤트 임무,活動任務,zh-TW
이상 낙원 최고의 아이돌•스파키,二相樂園第一偶像•火花,zh-TW
이상 반응 모드 추적,追蹤異常響應模式,zh-TW
이상 평가,異常評估,zh-TW
이상한 쓰레기,古怪的垃圾,zh-TW
이상한 일이 끊이지 않는 흉가,鬧鬼凶宅怪事不斷,zh-TW
이색 펫 연구,異寵拾遺,zh-TW
이슬비,小雨,zh-TW
이쪽에서 잠긴 문,門不能從這一側打開,zh-TW
인간과 신의 면류관,庸與神的冠冕,zh-TW
인류 최고의 친구,人類最好的朋友,zh-TW
인산인해의 통,人山人海的桶,zh-TW
인생이쓰다,往事隨風,zh-TW
인연 얼음샘에 샤워,鱗淵冰泉洗澡,zh-TW
인연경모험가,鱗淵境的冒險者,zh-TW
인터넷실명제,實名上網,zh-TW
인페르노스 키친,地獄廚房,zh-TW
"일격에 미간, 이격에 심장",一扎皺眉，二扎心,zh-TW
일곱 번째,第七次,zh-TW
"일곱 상처, 전멸",七傷，滅頂,zh-TW
일기화삼찬,一氣化三餐,zh-TW
일리아 여행기,伊利亞遊記,zh-TW
일반 도전,常規挑戰,zh-TW
일반 직원•보안 요원,基層員工•保全,zh-TW
일상 기록,生活點滴,zh-TW
일생평안,一生平安,zh-TW
일식,日食,zh-TW
일월동휘,日月同輝,zh-TW
일중독 시민,奮鬥的公民,zh-TW
일찍 하늘로 떠난 이웃의 아내가 돌아온 것 같아요,我鄰居早逝的妻子似乎回家了,zh-TW
일회용 기억 물질 촬영 계획,日拋憶質留影計畫,zh-TW
임무 진도,任務程序,zh-TW
임시 보간(補間),臨時插值,zh-TW
임시 회피,臨時避險,zh-TW
입문의 길,入門之路,zh-TW
입질사절,非誠勿擾,zh-TW
자가 복구,自我重構,zh-TW
자그레우스의 손,扎格列斯之手,zh-TW
자기 개선,自我完善,zh-TW
자기소개,自我介紹,zh-TW
자기폭풍운기군,磁暴雲騎軍,zh-TW
자동 기갑병•비틀,自動機兵•甲蟲,zh-TW
자동 기갑병•스파이더,自動機兵•蜘蛛,zh-TW
자동 복구,自動修復,zh-TW
자아인지 붕괴 방지,防止自我認知崩潰,zh-TW
자유 도전,自由挑戰,zh-TW
자유를 위해,為了自由,zh-TW
자폭 모듈,自爆模組,zh-TW
작업 통계,工作統計,zh-TW
작염 갑옷,灼炎護甲,zh-TW
작염 강타,灼炎重擊,zh-TW
작염 충격파,灼炎衝擊波,zh-TW
작은 목표를 공유합니다,分享一下小目標,zh-TW
잔 속의 선인,杯中仙,zh-TW
잔 속의 에피소드,杯中逸事,zh-TW
잔류 오차 검사,殘差檢測,zh-TW
잔머리 대신 주사위 굴리기,骰機取巧,zh-TW
잔여:,剩餘：,zh-TW
잔향(殘響)의 회랑,殘響迴廊,zh-TW
잘수가없네,長樂夜無眠,zh-TW
잠들기 싫어,不愛睡覺,zh-TW
잠들지 않는 밤,不眠之夜,zh-TW
장낙천 명리 마스터,長樂天命理大師,zh-TW
장낙천 보스,長樂天話事人,zh-TW
장낙천기린,長樂天的長頸鹿,zh-TW
장낙천에서 장기 두자는 괴짜 만난 사람?,有沒有人在長樂天遇到一個說要比棋的怪人？,zh-TW
장이 두부가게,小張豆腐店,zh-TW
재미를품은꽃,小花有喜,zh-TW
재창기의 개선가,再創世的凱歌,zh-TW
저금통 충격파,撲滿衝擊波,zh-TW
저금통 파동,撲滿波動,zh-TW
저금통 패치,撲滿補丁,zh-TW
저금통 효과,撲滿效應,zh-TW
저녁 회의,晚餐會議,zh-TW
저속 고부하,低速高載,zh-TW
저온 추출,低溫榨取,zh-TW
저지,戒退,zh-TW
적막의 머나먼 길,寧靜致遠,zh-TW
"적막이 깃든 순간, 울리는 경적",鳴笛於歸寂之時,zh-TW
적을 단번에 제압하는 기술,一招制敵的技巧,zh-TW
전공장군,遞弓天將,zh-TW
전래동화…?,傳統童話故事……？,zh-TW
전면적 전투태세,全面備戰,zh-TW
전반적 회상,全面回憶,zh-TW
전술 수집,戰術蒐集,zh-TW
전시회의 달인,展會達人,zh-TW
전염성 심리 폭탄,傳染型心靈炸彈,zh-TW
전의의 파도,戰意狂潮,zh-TW
전쟁의 유린,戰爭的踐踏,zh-TW
전혀 피곤하지 않아,不累，根本不累,zh-TW
"절세의 여협, Mar. 7th",蓋世女俠三月七,zh-TW
점괘 연산법 업데이트! 엄청난 업무량에 파묻힌 태복사!,卜算法更新！海量工作淹沒太卜司！,zh-TW
점수 진도,分數進度,zh-TW
정련된 새 빛,礪爍新輝,zh-TW
정상 상태 교정,常態矯正,zh-TW
정신 분열 TV,思覺失調電視機,zh-TW
정염의 비,淨炎之雨,zh-TW
정예의 길,菁英之路,zh-TW
제10선주여행사,第十仙舟旅行社,zh-TW
제거,淨化清理,zh-TW
제물은필요없어,別給我燒紙,zh-TW
제한 화력,有限火力,zh-TW
조사 의뢰,調查委託,zh-TW
조석 효과,潮汐效應,zh-TW
조화의 선율이 울리면…,諧樂響起時……,zh-TW
존재 의미 교정,存在意義校準,zh-TW
존재하지 않는 계정,使用者已註銷,zh-TW
존재하지 않는 계정입니다,該使用者已註銷,zh-TW
종말 임무,終末任務,zh-TW
종이새 팡팡,摺紙小鳥對對碰,zh-TW
좋아요 좋아요 컴퍼니,狗公司,zh-TW
좋은 형제,好兄弟阿飛,zh-TW
좋은꿈 강림,美夢降臨,zh-TW
좋은꿈 건설,築造美夢,zh-TW
좋은꿈과 성배,美夢與聖杯,zh-TW
좋은꿈은 영원하리,美夢永恆,zh-TW
좋은닉네임생각안남,想不出好暱稱,zh-TW
좌호법 보좌전,左護法輔佐戰,zh-TW
좌호법전,左護法戰,zh-TW
주년,週年,zh-TW
주먹이운다,但是我想給你兩拳,zh-TW
주사위 플레이어 원,骰號玩家,zh-TW
주사위를 던져라! 코스믹 포스!,擲骰吧！戰力黨！,zh-TW
"주사위의 혼•1,700년의 집념",骰魂•一千七百年的執念,zh-TW
죽음을 향한 교섭,一場赴死的和談,zh-TW
죽하월,竹霞月,zh-TW
준결승전,半決賽,zh-TW
준비 완료,整裝待發,zh-TW
줄리안,尤利安,zh-TW
중설,中雪,zh-TW
즐거움 가득한 묘회,廟趣滿堂,zh-TW
지각한 경비병,遲到的衛兵,zh-TW
지나가는노즈워커,路過的鼻行獸,zh-TW
지나가는복림,一般路過的福林,zh-TW
지나가던 행인,路過的人,zh-TW
지능 기계에게 브레이크는 장식,我是智械，不用剎車,zh-TW
지속적 운영,持續營運,zh-TW
지오반니,喬瓦尼,zh-TW
지원,助戰,zh-TW
지하 궁전 수수께끼,地宮迷蹤,zh-TW
지하 보물찾기,地城探寶,zh-TW
지형사 특수 현상 조사 현장 보고,地衡司特殊現象調查處，前來報到,zh-TW
직장 동료가 달라졌어요…,同事好像換了個人一樣……,zh-TW
직접 관측할 수 없는 유령 함대,不能直接觀測的幽靈艦隊,zh-TW
진(眞)•보스 대전,真•頭目戰,zh-TW
진기한 보물,奇珍異寶,zh-TW
진기한 이야기,評書奇譚,zh-TW
진눈깨비,雨夾雪,zh-TW
진령 강군,塵靈勁旅,zh-TW
진령 놀이공원,塵靈遊樂園,zh-TW
진령난세록,塵靈亂世錄,zh-TW
진로 계획,職業規劃,zh-TW
질리지 않는 인간섬멸,毀人不倦,zh-TW
질서의 귀납과 연역,秩序歸演,zh-TW
질주,瘋跑,zh-TW
집구매문의는DM으로,購房意向請私訊,zh-TW
짧목기린,短頸鹿,zh-TW
차가운킬러에게따뜻한차를,冷血殺手愛喝熱茶,zh-TW
차분화 우주•낙원 만필,差分宇宙•樂園漫記,zh-TW
차분화 우주•인간 희극,差分宇宙•人間喜劇,zh-TW
차분화 우주•천의 얼굴을 가진 영웅,差分宇宙•千面英雄,zh-TW
차원 분열,次元分裂,zh-TW
차원 분열 300%,次元分裂300%,zh-TW
차장 대행,代理列車長,zh-TW
착한누님이봐줬다,好姐姐饒了我,zh-TW
창의적인 사고의 흔적 추적,追蹤創新思維痕跡,zh-TW
책임을 지는 통,負責的小桶,zh-TW
챔피언의 항로,冠軍航路,zh-TW
처벌 모드,罰惡模式,zh-TW
천개의유성,一千顆流星,zh-TW
천년 묵은 요물이 세상에 나왔다! 예기치 못한 위험에 처한 요괴 퇴치팀 팀원!,千年邪祟驚現人間！捉鬼小隊成員險遭不測！,zh-TW
천벌의 사람,天譴之人,zh-TW
천성에 던진 승부수,揮擲千星的籌碼,zh-TW
천외 유람,邀遊天外,zh-TW
천의 얼굴•줄리안,千面•尤利安,zh-TW
천장,大保底,zh-TW
"천재 급구, 실시간 대기 중!",等一位天才上線！,zh-TW
천지를 괴리시키는 개벽의 별,天地乖離•開闢之星,zh-TW
천체 생태과,星域界種科,zh-TW
천추만대,千秋萬代,zh-TW
철위대 갑옷,鐵衛鎧甲,zh-TW
철위대 중포,鐵衛重炮,zh-TW
철위대 호령,鐵衛號令,zh-TW
철위대 화총,鐵衛火銃,zh-TW
철학 문제,哲學問題,zh-TW
첩첩산중,層層加碼,zh-TW
첫 번째,第一次,zh-TW
청구대 진요탑,青丘台處鎮妖塔,zh-TW
청년기,青年期,zh-TW
청년기 평가,青年期診斷,zh-TW
청작,青雀,zh-TW
청작의 해저 보물패,青雀的海底寶牌,zh-TW
청천 위 교차하는 칼끝•상,明霄競武試鋒芒•上,zh-TW
청천 위 교차하는 칼끝•하,明霄競武試鋒芒•下,zh-TW
체념한 아기새,無奈的小鳥飛,zh-TW
초고속 힐러,最速奶爸,zh-TW
초화습검록,初花習劍錄,zh-TW
촉화,燭花,zh-TW
총격,銃擊,zh-TW
총집편,總集篇,zh-TW
촬영 계획•1일차,留影計畫•第一日,zh-TW
촬영 계획•2일차,留影計畫•第二日,zh-TW
촬영 계획•3일차,留影計畫•第三日,zh-TW
촬영 계획•4일차,留影計畫•第四日,zh-TW
촬영 계획•5일차,留影計畫•第五日,zh-TW
촬영 계획•6일차,留影計畫•第六日,zh-TW
최고 화력,最高火力,zh-TW
최고의 리더,獨尊一魁,zh-TW
최우수 동아리,最佳社團,zh-TW
최우수 플레이어,最佳玩家,zh-TW
최종전,最終戰,zh-TW
추악한 꽃잎,醜陋花朵,zh-TW
축제 선물,慶典祝禮,zh-TW
출발 전야,啟程前夕,zh-TW
춥다리 아저씨의 가게,寒腿叔叔的小店,zh-TW
충격! 궁관진에 자의식이 생기다? 2차 금 조각상 반란 조심 요망!,驚！窮觀陣恐現自我意識，提防金人二次叛亂！,zh-TW
충격! 소설에서나 보던 이야기가 주변에서 일어나다니!,震驚！話本裡的故事竟然發生在我身邊！,zh-TW
충격! 운기군이 단정사에서 그런 일을?!,驚！堂堂雲騎軍竟然在丹鼎司做這種事！,zh-TW
충격! 장기 귀신의 정체는 알고 보니……,驚！棋鬼怪人的身分竟然是……,zh-TW
"충격! 한밤중 울음소리, 괴수의 소동이었다?",震驚！半夜鬼哭竟是異獸所為？,zh-TW
치명적 약점,致命弱點,zh-TW
치명적 일격,致命一擊,zh-TW
치유의 예술,治療的藝術,zh-TW
친절한웹친마언니,熱心網友馬大姐,zh-TW
칠흑의 후크 님,漆黑的虎克大人,zh-TW
침대없는침실,臥室沒有床,zh-TW
침략의 폭력,侵略的鐵蹄,zh-TW
침묵의 주시,沉默的注視,zh-TW
침입 방지 보안 프로토콜 업그레이드,防入侵安全協議升級,zh-TW
카스토리스,遐蝶,zh-TW
카프카,卡芙卡,zh-TW
커다란 우리집,我家房間很大,zh-TW
커브의 왕,彎道之王,zh-TW
커트마스터,切牌大師,zh-TW
컬러풀 대난투,繽紛大亂鬥,zh-TW
컴퍼니는선주에서나가라,公司滾出仙舟,zh-TW
컴퍼니의 개,公司狗,zh-TW
케리드라,刻律德菈,zh-TW
케리드라의 승부수,刻律德菈的決勝棋子,zh-TW
코드네임886,代號886,zh-TW
코미디언들의 럭키박스,喜劇人們的自選福袋,zh-TW
코뿔소괴담,犀牛講怪談,zh-TW
코스믹 고수,銀戰高手,zh-TW
코스믹 리더,銀戰領袖,zh-TW
코스믹 마스터,銀戰大師,zh-TW
코스믹 신인,銀戰新人,zh-TW
코스믹 아마추어,銀戰熟手,zh-TW
쿨링 배스 솔트,冰爽浴鹽,zh-TW
큐브 시크릿 서클,魔方秘社,zh-TW
크레이지분유,瘋狂奶粉,zh-TW
크면 클수록 좋지,大就是好,zh-TW
큰 광산구역,大礦區,zh-TW
큰누님유,大悠姐,zh-TW
클라라,克拉拉,zh-TW
"클론을 대신 출근 시킨 그녀, 그녀를 대신 사직 시킨 클론",她讓複製人上班，複製人讓她下班,zh-TW
키 재기,量身高,zh-TW
키레네,昔漣,zh-TW
키메라,奇美拉,zh-TW
"키메라, 인류 최고의 동료",奇美拉，人類最好的夥伴。,zh-TW
키메라와 다투기,和奇美拉吵架,zh-TW
태양이 파멸로 향하기에,因為太陽將要毀傷,zh-TW
태우기,燒灼,zh-TW
테이블 에피소드,牌友趣事,zh-TW
테일러타일러,泰勒太樂了,zh-TW
토오사카 린,遠坂凜,zh-TW
토파즈,托帕,zh-TW
토파즈 후원단,托帕後援團,zh-TW
톱니바퀴 행성,齒輪星球,zh-TW
통역기,翻譯機器,zh-TW
통통볼,咚咚球,zh-TW
퇴근을 위해 출근,上班為了下班,zh-TW
투영 마술,投影魔術,zh-TW
트레이스 앤 드리프트,極速追影,zh-TW
트리비,緹寶,zh-TW
틈새빛살,雲隙光,zh-TW
팀워크 모듈 복구,修正團隊協作模組,zh-TW
팅팅탱탱 물범 대격돌,豹豹碰碰大作戰,zh-TW
파갑 수류탄,破甲榴彈,zh-TW
파도 속 각성,於浪花中覺醒,zh-TW
파이논,白厄,zh-TW
파키,火花花,zh-TW
팔로워분들께 드리는 말,寫給新舊粉絲的一些話,zh-TW
"패밀리 여러분, 출처 불명의 버섯을 함부로 먹지 마세요",家人們，來路不明的蘑菇不要隨便亂吃啊,zh-TW
패밀리님들! 네비니를 도와주세요!,家人們！這次小桂子來求助了！,zh-TW
패에목숨걸었음,用牌玩命,zh-TW
패죽지세,牌山倒海,zh-TW
퍼플 라이트,紫光級,zh-TW
페나코니 아이돌,匹諾康尼偶像,zh-TW
페나코니글자수제한은몇자려나,來試試匹諾康尼最長接受多少字,zh-TW
페라&서벌,佩拉&希露瓦,zh-TW
페피,佩佩,zh-TW
편식하면 안 돼,不可以挑食。,zh-TW
"평소처럼 지각했는데, 이상하게 변해버린 동료들",今天照例上班遲到，發現大家都神神叨叨的,zh-TW
평화로운 세월,歲月靜好,zh-TW
평화를 위해,為了和平,zh-TW
폐허의 모습,表形廢墟,zh-TW
포격,炮擊,zh-TW
포격 제거,抹消炮攻,zh-TW
포맷 준비,格式化準備,zh-TW
포박,縛束,zh-TW
포효의 불꽃,咆哮之火,zh-TW
폭설,暴雪,zh-TW
폭우,暴雨,zh-TW
폭우로 무너진 흙 먹는 꿈,一場大雨毀了我的吃土夢,zh-TW
폭죽 쏘기,放個煙火,zh-TW
폭풍의 메아리,風暴迴響,zh-TW
폼폼,帕姆,zh-TW
표층 지하 궁전,淺層地宮,zh-TW
풀가동,滿額啟動,zh-TW
풍요의 요수•규목,豐饒靈獸•奎木,zh-TW
풍채,風采,zh-TW
풍화 허점,風化漏洞,zh-TW
프레임과 프레임 사이…,幀與幀之間……,zh-TW
프로토콜 돌파,協議突破,zh-TW
플라스틱의진실,塑膠大實話,zh-TW
플레이어 소장품,牌手珍藏,zh-TW
피크값 피드백,峰值反饋,zh-TW
피투성이 인랑,浴血人狼,zh-TW
피할 수 없는 운명,一重難逃的命運,zh-TW
피해 조성,造成傷害,zh-TW
픽셀 비행기 대난투,像素飛機大亂鬥,zh-TW
하누 형제 탈옥기,哈努兄弟越獄記,zh-TW
하늘에서 자꾸 통곡소리가 들림,天上總是傳來慟哭聲,zh-TW
하늘여우,天上仙狐,zh-TW
하늘은알아,天知道,zh-TW
하늘을 삼키는 자,吞天,zh-TW
하얀 모래의 비,白砂之雨,zh-TW
학살,戮殺,zh-TW
학생,學生,zh-TW
한 뼘 대모험,方寸大冒險,zh-TW
한 사람의 몫,獨當一面,zh-TW
한계 돌파: 질주 그랑프리,超限：狂飆大獎賽,zh-TW
한밤중 잠꼬대,一夜夢話,zh-TW
한밤중에 자꾸 익명의 전화가 온다……,總是在半夜收到匿名來電……,zh-TW
할말있단단,檀檀談談談,zh-TW
함께하는 성장,陪伴促進成長,zh-TW
함께하는 여정,旅途相伴,zh-TW
"핫이슈! 요괴 퇴치팀, 무형의 흉물을 무찌르다!",超燃！捉鬼小隊力克無形孽物！,zh-TW
해적견,海盜狗,zh-TW
해킹 임무,駭入任務,zh-TW
해킹범에게사형을,盜號狗必須死,zh-TW
핵심 응답 프로토콜 보호,核心響應協議保護,zh-TW
핵심은퀄리티,寧缺毋濫,zh-TW
핵심적 도움,中堅助力,zh-TW
행렬 반복,矩陣更新,zh-TW
행운 대추첨,翻翻好符運,zh-TW
행운의 별,福星高照,zh-TW
향향,香香,zh-TW
허리케인,颶風,zh-TW
허무 캐논,虛灼炮攻,zh-TW
허수 방직꾼,虛數織葉者,zh-TW
허수 속률,虛數速率,zh-TW
허졸•말살자,虛卒•抹消者,zh-TW
허졸•약탈자,虛卒•掠奪者,zh-TW
허졸•유린자,虛卒•踐踏者,zh-TW
"헐, 너도 누리망 서핑해?",哇咧，你們也上網？,zh-TW
헤르타,黑塔,zh-TW
헤르타 찾기,尋找黑塔,zh-TW
헤르타&헤르타&헤르타,黑塔、黑塔和黑塔,zh-TW
호러마스터,恐怖片大師,zh-TW
호재지이,狐齋志異,zh-TW
혹한의 부랑자,深寒徘徊者,zh-TW
"혼란스러운 연예계, 주연 배우의 촬영장 노쇼? 그런데 그 이유가……",娛樂亂象，主演無故缺席拍攝？原因竟然是…,zh-TW
홀로 드로마스를 이긴 적토,紅土單殺大地獸,zh-TW
홀로서기,獨立生活,zh-TW
화목한 관계,鄰里和睦,zh-TW
화물 적재,堆放貨物,zh-TW
화산 행성,火山星球,zh-TW
화염 장전,炮火上膛,zh-TW
화염 폭격,火熾轟炸,zh-TW
화원 평가,花園評定,zh-TW
화폐 전쟁•제로섬 게임,貨幣戰爭•零和遊戲,zh-TW
확실한 도움,可靠助力,zh-TW
확장 패키지•1,擴展包•1,zh-TW
확장 패키지•2,擴展包•2,zh-TW
환각의 인어,致幻人魚,zh-TW
환상극 대리는 문의해주세요,幻戲代肝找我,zh-TW
환생했더니 선주 배달왕,重生之仙舟外送王,zh-TW
환생했더니내가용왕,重生之我是龍王,zh-TW
환신,幻身,zh-TW
환영 선물,入園禮遇,zh-TW
환영의 바다 나비•제레,幻海幽蝶•希兒,zh-TW
환일,幻日,zh-TW
환조 놀이공원 맵 보상,幻造遊園地圖獎勵,zh-TW
환조: 성배전쟁,幻造：聖杯戰爭,zh-TW
황금 미궁 레스토랑,黃金迷境大飯店,zh-TW
황금 아옹 챔피언십,黃金嗷嗚大師賽,zh-TW
황금 챔피언,黃金大師,zh-TW
황금 희생양,黃金替罪羔羊,zh-TW
황사,沙塵,zh-TW
황천길마술사1020,送命魔術師1020,zh-TW
효광,爻光,zh-TW
효율 최적화,降耗增效,zh-TW
후열 목표,後排目標,zh-TW
후크,虎克,zh-TW
휘몰아치는광풍,狂風吹,zh-TW
흔들흔들,搖搖晃搖,zh-TW
흔적을 남기지 않은 구름,雲無留跡,zh-TW
흔하지 않은 일화,一則鮮見的軼事,zh-TW
흙 맛,土味,zh-TW
희생하는 통,捨己為人的桶,zh-TW
히든 메뉴,隱藏菜單,zh-TW
히메코,姬子,zh-TW
히실렌스,海瑟音,zh-TW
히아킨,風堇,zh-TW
히아킨&아낙사,兩人一同,zh-TW
힐링 영상,解壓小影片,zh-TW
