source,target,tgt_lng
1F - VIP Reception,1E - Salle de réception VIP,fr-FR
1L-贵宾接待区,1E - Salle de réception VIP,fr-FR
1L-貴賓接待區,1E - Salle de réception VIP,fr-FR
1L-VIP応接室,1E - Salle de réception VIP,fr-FR
1층-VIP 리셉션,1E - Salle de réception VIP,fr-FR
EG – VIP-Empfang,1E - Salle de réception VIP,fr-FR
P1 - Recepción de VIP,1E - Salle de réception VIP,fr-FR
Этаж 1 — VIP-приём,1E - Salle de réception VIP,fr-FR
20F - Splendid Banquet Hall,20E - Salle de banquet splendide,fr-FR
20L-瑰丽宴会厅,20E - Salle de banquet splendide,fr-FR
20L-瑰麗宴會廳,20E - Salle de banquet splendide,fr-FR
20L-グランドホール,20E - Salle de banquet splendide,fr-FR
20층-화려한 연회장,20E - Salle de banquet splendide,fr-FR
OG19 – Prächtiger Bankettsaal,20E - Salle de banquet splendide,fr-FR
P20 - Sala de banquetes espléndida,20E - Salle de banquet splendide,fr-FR
Этаж 20 — Банкетный зал «Роскошь»,20E - Salle de banquet splendide,fr-FR
6F - Blue Blood VIP Floor,6E - Étage VIP des sangs bleus,fr-FR
6L-蓝血贵宾楼层,6E - Étage VIP des sangs bleus,fr-FR
6L-藍血貴賓樓層,6E - Étage VIP des sangs bleus,fr-FR
6L-ロイヤルVIPフロア,6E - Étage VIP des sangs bleus,fr-FR
6층-푸른 피의 VIP 전용층,6E - Étage VIP des sangs bleus,fr-FR
OG5 – Blaublut-VIP-Ebene,6E - Étage VIP des sangs bleus,fr-FR
P6 - Piso de VIP de sangre azul,6E - Étage VIP des sangs bleus,fr-FR
Этаж 6 — VIP-этаж «Голубая кровь»,6E - Étage VIP des sangs bleus,fr-FR
"""capture""","""capturer""",fr-FR
「捕获」,"""capturer""",fr-FR
「捕獲」,"""capturer""",fr-FR
"""捕獲""","""capturer""",fr-FR
"""포착""","""capturer""",fr-FR
"""erfassen""","""capturer""",fr-FR
"""captura""","""capturer""",fr-FR
"""захватывать""","""capturer""",fr-FR
Go to the 10th floor,Rendez-vous au 10e étage,fr-FR
前往10层,Rendez-vous au 10e étage,fr-FR
前往10層,Rendez-vous au 10e étage,fr-FR
10階へ行ってください,Rendez-vous au 10e étage,fr-FR
10층으로 가세요,Rendez-vous au 10e étage,fr-FR
Gehen Sie in den 10. Stock.,Rendez-vous au 10e étage,fr-FR
Ve al décimo piso.,Rendez-vous au 10e étage,fr-FR
Поднимитесь на 10-й этаж.,Rendez-vous au 10e étage,fr-FR
Go to the 1st floor,Rendez-vous au 1er étage,fr-FR
前往1层,Rendez-vous au 1er étage,fr-FR
前往1層,Rendez-vous au 1er étage,fr-FR
1階へ行ってください,Rendez-vous au 1er étage,fr-FR
1층으로 가세요,Rendez-vous au 1er étage,fr-FR
Gehen Sie in den ersten Stock.,Rendez-vous au 1er étage,fr-FR
Ve al primer piso,Rendez-vous au 1er étage,fr-FR
Поднимитесь на 1-й этаж,Rendez-vous au 1er étage,fr-FR
Go to the 6th floor,Rendez-vous au 6ème étage,fr-FR
前往6层,Rendez-vous au 6ème étage,fr-FR
前往6層,Rendez-vous au 6ème étage,fr-FR
6階へ行ってください,Rendez-vous au 6ème étage,fr-FR
6층으로 가세요,Rendez-vous au 6ème étage,fr-FR
Gehen Sie in den 6. Stock.,Rendez-vous au 6ème étage,fr-FR
Ve al sexto piso.,Rendez-vous au 6ème étage,fr-FR
Поднимитесь на 6-й этаж.,Rendez-vous au 6ème étage,fr-FR
B2 - Ebisu Auction Hall,SS2 - Salle de ventes aux enchères d’Ebisu,fr-FR
B2-惠比寿拍卖厅,SS2 - Salle de ventes aux enchères d’Ebisu,fr-FR
B2-惠比壽拍賣廳,SS2 - Salle de ventes aux enchères d’Ebisu,fr-FR
B2-エビスーズ,SS2 - Salle de ventes aux enchères d’Ebisu,fr-FR
B2-에비스 경매장,SS2 - Salle de ventes aux enchères d’Ebisu,fr-FR
B2 – Ebisu-Auktionssaal,SS2 - Salle de ventes aux enchères d’Ebisu,fr-FR
B2 - Sala de subastas Ebisu,SS2 - Salle de ventes aux enchères d’Ebisu,fr-FR
B2 - Аукционный зал Эбису,SS2 - Salle de ventes aux enchères d’Ebisu,fr-FR
Afternoon Sundown,Crépuscule de l’après-midi,fr-FR
「光落午后」,Crépuscule de l’après-midi,fr-FR
「光落午後」,Crépuscule de l’après-midi,fr-FR
「午後の陽光」,Crépuscule de l’après-midi,fr-FR
「오후의 햇살」,Crépuscule de l’après-midi,fr-FR
Nachmittagssonnenuntergang,Crépuscule de l’après-midi,fr-FR
Ocaso vespertino,Crépuscule de l’après-midi,fr-FR
Послеполуденный закат,Crépuscule de l’après-midi,fr-FR
The Kapé,Le Kapé,fr-FR
「卡佩」大酒店,Le Kapé,fr-FR
カーペホテル,Le Kapé,fr-FR
「카르페」 호텔,Le Kapé,fr-FR
Das Kapé,Le Kapé,fr-FR
El Kapé,Le Kapé,fr-FR
«Капе»,Le Kapé,fr-FR
「巴克斯」,Bacchus,fr-FR
「バッカス」,Bacchus,fr-FR
「바쿠스」,Bacchus,fr-FR
Бахус,Bacchus,fr-FR
「弗洛拉」,Ferora,fr-FR
「フローラ」,Ferora,fr-FR
「페로라」,Ferora,fr-FR
Ферора,Ferora,fr-FR
Dawn's Fierce Words,Paroles enflammées de l’aube,fr-FR
「晨曦烈语」,Paroles enflammées de l’aube,fr-FR
「晨曦烈語」,Paroles enflammées de l’aube,fr-FR
「暁の激語」,Paroles enflammées de l’aube,fr-FR
「새벽의 강렬한 말 」,Paroles enflammées de l’aube,fr-FR
Heftige Worte der Dämmerung,Paroles enflammées de l’aube,fr-FR
Palabras severas del alba,Paroles enflammées de l’aube,fr-FR
Яростные слова зари,Paroles enflammées de l’aube,fr-FR
Dreamwalk Corridor,Le Couloir des songes,fr-FR
「游梦洄廊」,Le Couloir des songes,fr-FR
「遊夢洄廊」,Le Couloir des songes,fr-FR
「夢巡る回廊」,Le Couloir des songes,fr-FR
「꿈의 회랑」,Le Couloir des songes,fr-FR
Traumwandelkorridor,Le Couloir des songes,fr-FR
Sendero Onírico,Le Couloir des songes,fr-FR
Коридор сноходца,Le Couloir des songes,fr-FR
「艾琳诺」,Irenor,fr-FR
「艾琳諾」,Irenor,fr-FR
「エレノ」,Irenor,fr-FR
「아이레노르」,Irenor,fr-FR
Иренор,Irenor,fr-FR
「艾谱利」,Apri,fr-FR
「艾譜利」,Apri,fr-FR
「エイプリ」,Apri,fr-FR
「에이프리」,Apri,fr-FR
Апри,Apri,fr-FR
Film Orbit Studio Package Description,Description de forfait Studio Film Orbit,fr-FR
「菲林轨迹」套餐说明,Description de forfait Studio Film Orbit,fr-FR
「菲林軌跡」套餐說明,Description de forfait Studio Film Orbit,fr-FR
「オービット写真」フォトセット詳細,Description de forfait Studio Film Orbit,fr-FR
「오르빗 필름 스튜디오」 세트 설명,Description de forfait Studio Film Orbit,fr-FR
Paket-Beschreibungen von Fotostudio Orbit,Description de forfait Studio Film Orbit,fr-FR
Descripción del paquete Estudio Film Orbit,Description de forfait Studio Film Orbit,fr-FR
Описание пакетов Студии «Фильм Орбит»,Description de forfait Studio Film Orbit,fr-FR
Film Orbit Studio,Studio Film Orbit,fr-FR
「菲林轨迹」照相馆,Studio Film Orbit,fr-FR
「菲林軌跡」照相館,Studio Film Orbit,fr-FR
写真スタジオ「オービット写真」,Studio Film Orbit,fr-FR
「오르빗 필름 스튜디오」 사진관,Studio Film Orbit,fr-FR
Fotostudio Orbit,Studio Film Orbit,fr-FR
Estudio Film Orbit,Studio Film Orbit,fr-FR
Студия «Фильм Орбит»,Studio Film Orbit,fr-FR
Cloudcoat Growth Salve,Baume de croissance Cotonuage,fr-FR
「蓬松松生发膏」,Baume de croissance Cotonuage,fr-FR
「蓬鬆鬆生髮膏」,Baume de croissance Cotonuage,fr-FR
「フワフワ育毛剤」,Baume de croissance Cotonuage,fr-FR
「복슬복슬 발모제」,Baume de croissance Cotonuage,fr-FR
Wolkenmantel-Wachstumssalbe,Baume de croissance Cotonuage,fr-FR
Pomada de crecimiento Pelajenube,Baume de croissance Cotonuage,fr-FR
Стимулятор роста шерсти «Облачная шубка»,Baume de croissance Cotonuage,fr-FR
Red Chapter,Chapitre rouge,fr-FR
「赤章」,Chapitre rouge,fr-FR
「赤の章」,Chapitre rouge,fr-FR
「레드 챕터」,Chapitre rouge,fr-FR
Rotes Kapitel,Chapitre rouge,fr-FR
Capítulo rojo,Chapitre rouge,fr-FR
Красная глава,Chapitre rouge,fr-FR
Name of the Crimson Night,Nom de la nuit écarlate,fr-FR
「赫夜的名」,Nom de la nuit écarlate,fr-FR
「かぐやの銘」,Nom de la nuit écarlate,fr-FR
「강렬한 밤의 이름」,Nom de la nuit écarlate,fr-FR
Name der purpurroten Nacht,Nom de la nuit écarlate,fr-FR
Nombre de la noche carmesí,Nom de la nuit écarlate,fr-FR
Название багровой ночи,Nom de la nuit écarlate,fr-FR
Cooperation,Coopération,fr-FR
「配合调查」,Coopération,fr-FR
「配合調查」,Coopération,fr-FR
協力,Coopération,fr-FR
「조사에 협조하기」,Coopération,fr-FR
Zusammenarbeit,Coopération,fr-FR
Cooperación,Coopération,fr-FR
Сотрудничество,Coopération,fr-FR
Silver Mist,Brouillard argenté,fr-FR
「银雾」,Brouillard argenté,fr-FR
「銀霧」,Brouillard argenté,fr-FR
「シルバーフォッグ」,Brouillard argenté,fr-FR
「은빛 안개」,Brouillard argenté,fr-FR
Silberner Nebel,Brouillard argenté,fr-FR
Niebla plateada,Brouillard argenté,fr-FR
Серебряный туман,Brouillard argenté,fr-FR
Blinky Super Walker,Super marcheur de Blinky,fr-FR
「闪亮眷顾超能行者」,Super marcheur de Blinky,fr-FR
「閃亮眷顧超能行者」,Super marcheur de Blinky,fr-FR
「輝く超能加護」,Super marcheur de Blinky,fr-FR
「블링키 슈퍼워커」,Super marcheur de Blinky,fr-FR
Supercaminante parpadeante,Super marcheur de Blinky,fr-FR
Сверкающий супер-ходок,Super marcheur de Blinky,fr-FR
Century Collection Room,Salle des collections d’époque,fr-FR
世纪典藏室,Salle des collections d’époque,fr-FR
世紀典藏室,Salle des collections d’époque,fr-FR
世紀のコレクション室,Salle des collections d’époque,fr-FR
세기의 컬렉션 룸,Salle des collections d’époque,fr-FR
Jahrhundert-Sammlungsraum,Salle des collections d’époque,fr-FR
Sala de colección centenaria,Salle des collections d’époque,fr-FR
Коллекционный зал «Столетие»,Salle des collections d’époque,fr-FR
Ride,Utiliser,fr-FR
乘坐,Utiliser,fr-FR
乗車,Utiliser,fr-FR
탑승,Utiliser,fr-FR
Fahren,Utiliser,fr-FR
Montar,Utiliser,fr-FR
Сесть,Utiliser,fr-FR
Take the elevator,Prendre l’ascenseur,fr-FR
乘坐电梯,Prendre l’ascenseur,fr-FR
乘坐電梯,Prendre l’ascenseur,fr-FR
エレベーターに乗る,Prendre l’ascenseur,fr-FR
엘리베이터 탑승,Prendre l’ascenseur,fr-FR
Nimm den Aufzug,Prendre l’ascenseur,fr-FR
Toma el elevador.,Prendre l’ascenseur,fr-FR
Ехать на лифте,Prendre l’ascenseur,fr-FR
Rest,Repos,fr-FR
休息,Repos,fr-FR
休憩,Repos,fr-FR
휴식,Repos,fr-FR
Erholung,Repos,fr-FR
Descanso,Repos,fr-FR
Отдохнуть,Repos,fr-FR
Take all,Tout prendre,fr-FR
全部拿走,Tout prendre,fr-FR
全て持っていく,Tout prendre,fr-FR
전부 가져가기,Tout prendre,fr-FR
Alles nehmen,Tout prendre,fr-FR
Toma todo,Tout prendre,fr-FR
Взять всё,Tout prendre,fr-FR
Notice,Avis,fr-FR
公告,Avis,fr-FR
お知らせ,Avis,fr-FR
공지,Avis,fr-FR
Hinweis,Avis,fr-FR
Aviso,Avis,fr-FR
Уведомление,Avis,fr-FR
Go to Floor 1,Aller au 1er étage,fr-FR
前往1层,Aller au 1er étage,fr-FR
前往1層,Aller au 1er étage,fr-FR
1階へ行く,Aller au 1er étage,fr-FR
1층으로 이동,Aller au 1er étage,fr-FR
Geh zur Etage 1,Aller au 1er étage,fr-FR
Ve al piso 1,Aller au 1er étage,fr-FR
Отправляйтесь на этаж 1,Aller au 1er étage,fr-FR
Go to Floor 3,Aller au 3e étage,fr-FR
前往3层,Aller au 3e étage,fr-FR
前往3層,Aller au 3e étage,fr-FR
3階へ行く,Aller au 3e étage,fr-FR
3층으로 이동,Aller au 3e étage,fr-FR
Geh zur Stock 3,Aller au 3e étage,fr-FR
Ve al piso 3,Aller au 3e étage,fr-FR
Отправляйтесь на этаж 3,Aller au 3e étage,fr-FR
Go to Floor B,Aller à l’étage B,fr-FR
前往B层,Aller à l’étage B,fr-FR
前往B層,Aller à l’étage B,fr-FR
Bフロアへ向かう,Aller à l’étage B,fr-FR
B층으로 이동,Aller à l’étage B,fr-FR
Geh zu Etage B,Aller à l’étage B,fr-FR
Ir al Piso B,Aller à l’étage B,fr-FR
Отправляйтесь на этаж B,Aller à l’étage B,fr-FR
Go to Night of Moondog,Aller à la Nuit de Chien de lune,fr-FR
前往「月亮狗之夜」,Aller à la Nuit de Chien de lune,fr-FR
「ムーンドッグナイト」に行く,Aller à la Nuit de Chien de lune,fr-FR
「달빛 개의 밤」으로 이동,Aller à la Nuit de Chien de lune,fr-FR
Geh zur Nacht des Mondhundes,Aller à la Nuit de Chien de lune,fr-FR
Ve a la Noche de Moondog,Aller à la Nuit de Chien de lune,fr-FR
Отправляйтесь к «Ночи Лунного пса»,Aller à la Nuit de Chien de lune,fr-FR
Go to Top Floor,Aller au dernier étage,fr-FR
前往顶层,Aller au dernier étage,fr-FR
前往頂樓,Aller au dernier étage,fr-FR
最上階へ行く,Aller au dernier étage,fr-FR
최상층으로 이동,Aller au dernier étage,fr-FR
Geh zur obersten Stock,Aller au dernier étage,fr-FR
Ve al piso superior,Aller au dernier étage,fr-FR
Отправляйтесь на верхний этаж,Aller au dernier étage,fr-FR
Add Water,Ajouter de l’eau,fr-FR
加水,Ajouter de l’eau,fr-FR
水を足す,Ajouter de l’eau,fr-FR
물 추가,Ajouter de l’eau,fr-FR
Wasser hinzufügen,Ajouter de l’eau,fr-FR
Añadir agua,Ajouter de l’eau,fr-FR
Добавить воду,Ajouter de l’eau,fr-FR
同步,Sync,fr-FR
同期,Sync,fr-FR
동기화,Sync,fr-FR
Synchronisieren,Sync,fr-FR
Sincronizar,Sync,fr-FR
Синхронизировать,Sync,fr-FR
Call Elevator,Appeler l’ascenseur,fr-FR
呼叫电梯,Appeler l’ascenseur,fr-FR
呼叫電梯,Appeler l’ascenseur,fr-FR
エレベーターを呼ぶ,Appeler l’ascenseur,fr-FR
엘리베이터 호출,Appeler l’ascenseur,fr-FR
Aufzug rufen,Appeler l’ascenseur,fr-FR
Llamar al elevador,Appeler l’ascenseur,fr-FR
Вызвать лифт,Appeler l’ascenseur,fr-FR
Taste,Goûter,fr-FR
品尝,Goûter,fr-FR
品嘗,Goûter,fr-FR
味見,Goûter,fr-FR
맛보기,Goûter,fr-FR
Kosten,Goûter,fr-FR
Degustar,Goûter,fr-FR
Попробовать,Goûter,fr-FR
Feed Twisty,Nourrir Twisty,fr-FR
喂食扭扭,Nourrir Twisty,fr-FR
餵食扭扭,Nourrir Twisty,fr-FR
ニョロニョロに餌をやる,Nourrir Twisty,fr-FR
뉴뉴에게 먹이 주기,Nourrir Twisty,fr-FR
Twisti füttern,Nourrir Twisty,fr-FR
Alimentar a Twisty,Nourrir Twisty,fr-FR
Покормить Твисти,Nourrir Twisty,fr-FR
Respond,Répondre,fr-FR
回应,Répondre,fr-FR
回應,Répondre,fr-FR
返事をする,Répondre,fr-FR
호응,Répondre,fr-FR
Antworte,Répondre,fr-FR
Responder,Répondre,fr-FR
Ответить,Répondre,fr-FR
Landlord Fuzzy's Box,La boîte du propriétaire Moumouton,fr-FR
地主绵的箱子,La boîte du propriétaire Moumouton,fr-FR
地主綿的箱子,La boîte du propriétaire Moumouton,fr-FR
地主メェの箱,La boîte du propriétaire Moumouton,fr-FR
지주솜의 상자,La boîte du propriétaire Moumouton,fr-FR
Vermieter-Flauschis Kiste,La boîte du propriétaire Moumouton,fr-FR
La caja del Peludo casero,La boîte du propriétaire Moumouton,fr-FR
Ящик Кудряша-домовладельца,La boîte du propriétaire Moumouton,fr-FR
So noisy?,Autant de bruit ?,fr-FR
好吵？,Autant de bruit ?,fr-FR
うるさい？,Autant de bruit ?,fr-FR
시끄러운데?,Autant de bruit ?,fr-FR
So ein Lärm?,Autant de bruit ?,fr-FR
¿Tanto ruido?,Autant de bruit ?,fr-FR
Столько шума?,Autant de bruit ?,fr-FR
Neatly written note,Note à l’écriture soignée,fr-FR
字迹娟秀的笔记,Note à l’écriture soignée,fr-FR
字跡娟秀的筆記,Note à l’écriture soignée,fr-FR
美しい筆跡の手記,Note à l’écriture soignée,fr-FR
단정한 필체의 메모,Note à l’écriture soignée,fr-FR
Sauber geschriebene Notiz,Note à l’écriture soignée,fr-FR
Nota con letra pulcra,Note à l’écriture soignée,fr-FR
Аккуратно написанная записка,Note à l’écriture soignée,fr-FR
Soothe,Apaiser,fr-FR
安抚,Apaiser,fr-FR
安撫,Apaiser,fr-FR
なだめる,Apaiser,fr-FR
진정시키기,Apaiser,fr-FR
Beruhigen,Apaiser,fr-FR
Calmar,Apaiser,fr-FR
Успокоить,Apaiser,fr-FR
"Calm ""Rationality""",Calme « rationalité »,fr-FR
安抚「理性」,Calme « rationalité »,fr-FR
安撫「理性」,Calme « rationalité »,fr-FR
なだめる,Calme « rationalité »,fr-FR
「이성」 유지,Calme « rationalité »,fr-FR
Ruhige „Rationalität”,Calme « rationalité »,fr-FR
"Calmar a la ""Racionalidad""",Calme « rationalité »,fr-FR
Спокойная «Рациональность»,Calme « rationalité »,fr-FR
Colorless Crystal with Faint Anomaly Presence,Cristal incolore à faible présence d’anomalie,fr-FR
带有微弱异象气息的无色晶石,Cristal incolore à faible présence d’anomalie,fr-FR
帶有微弱異象氣息的無色晶石,Cristal incolore à faible présence d’anomalie,fr-FR
かすかに異象の気配がある無色の晶石,Cristal incolore à faible présence d’anomalie,fr-FR
미약하게 이상의 기운이 감도는 무색 결정석,Cristal incolore à faible présence d’anomalie,fr-FR
Farbloser Kristall mit schwacher Anomalie,Cristal incolore à faible présence d’anomalie,fr-FR
Cristal incoloro con una leve presencia de anomalía,Cristal incolore à faible présence d’anomalie,fr-FR
Бесцветный кристалл со слабым аномальным следом,Cristal incolore à faible présence d’anomalie,fr-FR
Help Haniel,Aider Haniel,fr-FR
帮哈尼娅解围,Aider Haniel,fr-FR
幫哈尼婭解圍,Aider Haniel,fr-FR
ハニアを救う,Aider Haniel,fr-FR
하니엘 구출하기,Aider Haniel,fr-FR
Haniel helfen,Aider Haniel,fr-FR
Ayudar a Haniel,Aider Haniel,fr-FR
Помочь Ханиэль,Aider Haniel,fr-FR
Lights On,Allumer les lumières,fr-FR
开灯,Allumer les lumières,fr-FR
開燈,Allumer les lumières,fr-FR
ライトオン,Allumer les lumières,fr-FR
불 켜기,Allumer les lumières,fr-FR
Lichter an,Allumer les lumières,fr-FR
Luces activadas,Allumer les lumières,fr-FR
Включить свет,Allumer les lumières,fr-FR
Set Sail,Prendre la mer,fr-FR
开船,Prendre la mer,fr-FR
開船,Prendre la mer,fr-FR
出航,Prendre la mer,fr-FR
출항,Prendre la mer,fr-FR
Ablegen,Prendre la mer,fr-FR
Zarpar,Prendre la mer,fr-FR
Отплыть,Prendre la mer,fr-FR
Open,Ouvrir,fr-FR
开门,Ouvrir,fr-FR
開門,Ouvrir,fr-FR
ドアを開ける,Ouvrir,fr-FR
문 열기,Ouvrir,fr-FR
Öffnen,Ouvrir,fr-FR
Abrir,Ouvrir,fr-FR
Откр.,Ouvrir,fr-FR
Post,Poster,fr-FR
张贴,Poster,fr-FR
張貼,Poster,fr-FR
張り出す,Poster,fr-FR
게시,Poster,fr-FR
Posten,Poster,fr-FR
Publicar,Poster,fr-FR
Опубликовать,Poster,fr-FR
Vehicle use is prohibited on parole!,L’utilisation de véhicules est interdite pendant la période de liberté conditionnelle !,fr-FR
当前处于监管中，禁止使用载具！,L’utilisation de véhicules est interdite pendant la période de liberté conditionnelle !,fr-FR
當前處於監管中，禁止使用載具！,L’utilisation de véhicules est interdite pendant la période de liberté conditionnelle !,fr-FR
監視対象のため、車両の使用を禁ず！,L’utilisation de véhicules est interdite pendant la période de liberté conditionnelle !,fr-FR
감시 중에는 탈것 사용이 금지됩니다!,L’utilisation de véhicules est interdite pendant la période de liberté conditionnelle !,fr-FR
Auf Bewährung ist die Nutzung von Fahrzeugen nicht erlaubt!,L’utilisation de véhicules est interdite pendant la période de liberté conditionnelle !,fr-FR
¡Prohibido usar vehículos bajo libertad condicional!,L’utilisation de véhicules est interdite pendant la période de liberté conditionnelle !,fr-FR
Использование транспортных средств во время условного срока запрещено!,L’utilisation de véhicules est interdite pendant la période de liberté conditionnelle !,fr-FR
Requisition,Réquisition,fr-FR
征用,Réquisition,fr-FR
徵用,Réquisition,fr-FR
借用,Réquisition,fr-FR
징발,Réquisition,fr-FR
Anforderung,Réquisition,fr-FR
Requisición,Réquisition,fr-FR
Реквизиция,Réquisition,fr-FR
Cannot enter vehicle in combat.,Impossible d’entrer dans un véhicule en combat.,fr-FR
战斗中不能上车,Impossible d’entrer dans un véhicule en combat.,fr-FR
戰鬥中不能上車,Impossible d’entrer dans un véhicule en combat.,fr-FR
戦闘中は乗車できません,Impossible d’entrer dans un véhicule en combat.,fr-FR
전투 중에는 차에 탈 수 없습니다,Impossible d’entrer dans un véhicule en combat.,fr-FR
Im Kampf kann das Fahrzeug nicht betreten werden.,Impossible d’entrer dans un véhicule en combat.,fr-FR
No se puede subir al vehículo durante el combate.,Impossible d’entrer dans un véhicule en combat.,fr-FR
Нельзя сесть в транспортное средство во время боя.,Impossible d’entrer dans un véhicule en combat.,fr-FR
Phone,Téléphone,fr-FR
手机,Téléphone,fr-FR
手機,Téléphone,fr-FR
スマホ,Téléphone,fr-FR
휴대폰,Téléphone,fr-FR
Telefon,Téléphone,fr-FR
Teléfono,Téléphone,fr-FR
Телефон,Téléphone,fr-FR
to activate ReroRero Phone Booth,pour activer la Cabine téléphonique ReroRero,fr-FR
才能激活此「ReroRero电话亭」,pour activer la Cabine téléphonique ReroRero,fr-FR
才能啟動此「ReroRero電話亭」,pour activer la Cabine téléphonique ReroRero,fr-FR
この「ReroRero電話ボックス」の解放条件を満してください,pour activer la Cabine téléphonique ReroRero,fr-FR
「레로레로 전화부스」를 활성화하려면,pour activer la Cabine téléphonique ReroRero,fr-FR
um die ReroRero-Telefonzelle zu aktivieren,pour activer la Cabine téléphonique ReroRero,fr-FR
para activar la Cabina Telefónica ReroRero.,pour activer la Cabine téléphonique ReroRero,fr-FR
чтобы активировать Телефонную будку Реро-Реро,pour activer la Cabine téléphonique ReroRero,fr-FR
Pack,Emballer,fr-FR
打包,Emballer,fr-FR
テイクアウト,Emballer,fr-FR
포장,Emballer,fr-FR
Einpacken,Emballer,fr-FR
Empacar,Emballer,fr-FR
Упаковать,Emballer,fr-FR
打开,Ouvrir,fr-FR
打開,Ouvrir,fr-FR
開く,Ouvrir,fr-FR
열기,Ouvrir,fr-FR
Toss into the Fire,Jeter au feu,fr-FR
投入火中,Jeter au feu,fr-FR
火に投げ込む,Jeter au feu,fr-FR
불에 던지기,Jeter au feu,fr-FR
Ins Feuer werfen,Jeter au feu,fr-FR
Tirar al fuego,Jeter au feu,fr-FR
Бросить в огонь,Jeter au feu,fr-FR
Take a photo,Prendre une photo,fr-FR
拍摄,Prendre une photo,fr-FR
拍攝,Prendre une photo,fr-FR
撮影,Prendre une photo,fr-FR
촬영,Prendre une photo,fr-FR
Mach ein Foto,Prendre une photo,fr-FR
Tomar una foto,Prendre une photo,fr-FR
Снять,Prendre une photo,fr-FR
Pull Out,Retirer,fr-FR
拔出,Retirer,fr-FR
引き抜く,Retirer,fr-FR
뽑기,Retirer,fr-FR
Herausziehen,Retirer,fr-FR
Extraer,Retirer,fr-FR
Вытащить,Retirer,fr-FR
Pick Up Rusted Blade,Ramasser la lame rouillée,fr-FR
拾取锈刀,Ramasser la lame rouillée,fr-FR
拾取鏽刀,Ramasser la lame rouillée,fr-FR
錆びた刀を拾う,Ramasser la lame rouillée,fr-FR
녹슨 칼 줍기,Ramasser la lame rouillée,fr-FR
Rostige Klinge aufheben,Ramasser la lame rouillée,fr-FR
Recoger la espada oxidada,Ramasser la lame rouillée,fr-FR
Взять ржавый клинок,Ramasser la lame rouillée,fr-FR
Take,Prendre,fr-FR
拿走,Prendre,fr-FR
持ち帰る,Prendre,fr-FR
가져가기,Prendre,fr-FR
Nehmen,Prendre,fr-FR
Tomar,Prendre,fr-FR
Взять,Prendre,fr-FR
Take half,Prendre la moitié,fr-FR
拿走一半,Prendre la moitié,fr-FR
半分持っていく,Prendre la moitié,fr-FR
절반 가져가기,Prendre la moitié,fr-FR
Die Hälfte nehmen,Prendre la moitié,fr-FR
Toma la mitad,Prendre la moitié,fr-FR
Взять половину,Prendre la moitié,fr-FR
Ring Bell,Sonner la cloche,fr-FR
按铃,Sonner la cloche,fr-FR
按鈴,Sonner la cloche,fr-FR
押す,Sonner la cloche,fr-FR
벨 누르기,Sonner la cloche,fr-FR
Glocke läuten,Sonner la cloche,fr-FR
Tocar campana,Sonner la cloche,fr-FR
Позвонить в звонок,Sonner la cloche,fr-FR
Pick Up,Ramasser,fr-FR
捡起,Ramasser,fr-FR
撿起,Ramasser,fr-FR
拾う,Ramasser,fr-FR
줍기,Ramasser,fr-FR
Aufheben,Ramasser,fr-FR
Recoger,Ramasser,fr-FR
Подобрать,Ramasser,fr-FR
Answer,Répondre,fr-FR
接听,Répondre,fr-FR
接聽,Répondre,fr-FR
応答,Répondre,fr-FR
받기,Répondre,fr-FR
Antworten,Répondre,fr-FR
Submit,Soumettre,fr-FR
提交,Soumettre,fr-FR
提出,Soumettre,fr-FR
제출,Soumettre,fr-FR
Reiche ein,Soumettre,fr-FR
Entregar,Soumettre,fr-FR
Отправить,Soumettre,fr-FR
Tug,Tirer,fr-FR
揪,Tirer,fr-FR
引っ張る,Tirer,fr-FR
뜯기,Tirer,fr-FR
Zerren,Tirer,fr-FR
Jalar,Tirer,fr-FR
Дёрнуть,Tirer,fr-FR
Search,Rechercher,fr-FR
搜索,Rechercher,fr-FR
搜尋,Rechercher,fr-FR
探索する,Rechercher,fr-FR
검색,Rechercher,fr-FR
Suche,Rechercher,fr-FR
Buscar,Rechercher,fr-FR
Поиск,Rechercher,fr-FR
Move,Déplacer,fr-FR
搬移,Déplacer,fr-FR
運ぶ,Déplacer,fr-FR
옮기기,Déplacer,fr-FR
Bewegen,Déplacer,fr-FR
Desplazar,Déplacer,fr-FR
Переместить,Déplacer,fr-FR
Carry,Porter,fr-FR
搬运,Porter,fr-FR
搬運,Porter,fr-FR
運搬,Porter,fr-FR
운반,Porter,fr-FR
Tragen,Porter,fr-FR
Cargar,Porter,fr-FR
Нести,Porter,fr-FR
Contain?,Confiner ?,fr-FR
收容？,Confiner ?,fr-FR
収容する？,Confiner ?,fr-FR
수용?,Confiner ?,fr-FR
Eindämmen?,Confiner ?,fr-FR
¿Contener?,Confiner ?,fr-FR
Сдержать?,Confiner ?,fr-FR
Place,Placer,fr-FR
放置,Placer,fr-FR
配置,Placer,fr-FR
배치,Placer,fr-FR
Platzieren,Placer,fr-FR
Colocar,Placer,fr-FR
Разместить,Placer,fr-FR
Knock,Toquer,fr-FR
敲门,Toquer,fr-FR
敲門,Toquer,fr-FR
ノックする,Toquer,fr-FR
노크,Toquer,fr-FR
Anklopfen,Toquer,fr-FR
Golpear,Toquer,fr-FR
Постучать,Toquer,fr-FR
Tales of Nil,Contes du Néant,fr-FR
无界奇谭,Contes du Néant,fr-FR
無界奇譚,Contes du Néant,fr-FR
無界奇談,Contes du Néant,fr-FR
무한 기담,Contes du Néant,fr-FR
Geschichten des Nichts,Contes du Néant,fr-FR
Cuentos de Nil,Contes du Néant,fr-FR
«Сказки о ничто»,Contes du Néant,fr-FR
Fragile piece of paper,Feuille de papier fragile,fr-FR
易碎的纸张,Feuille de papier fragile,fr-FR
易碎的紙張,Feuille de papier fragile,fr-FR
ボロボロの紙切れ,Feuille de papier fragile,fr-FR
바스러질 듯한 종이,Feuille de papier fragile,fr-FR
Fragiles Blatt Papier,Feuille de papier fragile,fr-FR
Trozo de papel frágil,Feuille de papier fragile,fr-FR
Хрупкий лист бумаги,Feuille de papier fragile,fr-FR
Dinner,Manger,fr-FR
晚餐,Manger,fr-FR
夕食,Manger,fr-FR
저녁 식사,Manger,fr-FR
Abendessen,Manger,fr-FR
Cenar,Manger,fr-FR
Ужин,Manger,fr-FR
"Old ""One More Bowl"" Ramen Coupon",Vieux coupon de ramen « Encore un bol »,fr-FR
有些年份的拉面「再来一碗」奖券,Vieux coupon de ramen « Encore un bol »,fr-FR
有點年份的拉麵「再來一碗」獎券,Vieux coupon de ramen « Encore un bol »,fr-FR
年季の入ったラーメン「もう一杯」無料券,Vieux coupon de ramen « Encore un bol »,fr-FR
세월의 흔적이 느껴지는 라멘 「한 그릇 더」 쿠폰,Vieux coupon de ramen « Encore un bol »,fr-FR
Alter Ramen-Gutschein „Noch eine Schüssel“,Vieux coupon de ramen « Encore un bol »,fr-FR
"Viejo cupón de ramen ""Un tazón más""",Vieux coupon de ramen « Encore un bol »,fr-FR
Старый купон на рамен «Ещё одна порция»,Vieux coupon de ramen « Encore un bol »,fr-FR
View,Afficher,fr-FR
查看,Afficher,fr-FR
確認,Afficher,fr-FR
보기,Afficher,fr-FR
Ansehen,Afficher,fr-FR
Ver,Afficher,fr-FR
Смотреть,Afficher,fr-FR
Check Pawn Ticket,Examiner le billet de mise en gage,fr-FR
查看当票,Examiner le billet de mise en gage,fr-FR
查看當票,Examiner le billet de mise en gage,fr-FR
質札を見る,Examiner le billet de mise en gage,fr-FR
전당표 보기,Examiner le billet de mise en gage,fr-FR
Pfandschein untersuchen,Examiner le billet de mise en gage,fr-FR
Revisar boleto de empeño,Examiner le billet de mise en gage,fr-FR
Проверить квитанцию ломбарда,Examiner le billet de mise en gage,fr-FR
Check on Hotori,Prendre des nouvelles d’Hotori,fr-FR
查看浔,Prendre des nouvelles d’Hotori,fr-FR
查看潯,Prendre des nouvelles d’Hotori,fr-FR
潯の様子を見る,Prendre des nouvelles d’Hotori,fr-FR
호토리 보기,Prendre des nouvelles d’Hotori,fr-FR
Schau nach Hotori,Prendre des nouvelles d’Hotori,fr-FR
Ve a ver a Hotori.,Prendre des nouvelles d’Hotori,fr-FR
Проверить Хотори,Prendre des nouvelles d’Hotori,fr-FR
Examine,Examiner,fr-FR
检查,Examiner,fr-FR
檢查,Examiner,fr-FR
確認,Examiner,fr-FR
검사,Examiner,fr-FR
Überprüfen,Examiner,fr-FR
Revisar,Examiner,fr-FR
Изучить,Examiner,fr-FR
Examine the traces,Examiner les traces,fr-FR
检查痕迹,Examiner les traces,fr-FR
檢查痕跡,Examiner les traces,fr-FR
痕跡を調べる,Examiner les traces,fr-FR
흔적 조사,Examiner les traces,fr-FR
Untersuche die Spuren.,Examiner les traces,fr-FR
Examinar las huellas,Examiner les traces,fr-FR
Исследовать следы,Examiner les traces,fr-FR
Durian Hotdog,Hot-dog au durian,fr-FR
榴莲热狗,Hot-dog au durian,fr-FR
榴槤熱狗,Hot-dog au durian,fr-FR
ドリアンホットドッグ,Hot-dog au durian,fr-FR
두리안 핫도그,Hot-dog au durian,fr-FR
Durian-Hotdog,Hot-dog au durian,fr-FR
Hotdog de durian,Hot-dog au durian,fr-FR
Хот-дог с дурианом,Hot-dog au durian,fr-FR
Sparkling Water,Eau pétillante,fr-FR
气泡水,Eau pétillante,fr-FR
氣泡水,Eau pétillante,fr-FR
炭酸水,Eau pétillante,fr-FR
탄산수,Eau pétillante,fr-FR
Sprudelwasser,Eau pétillante,fr-FR
Agua con gas,Eau pétillante,fr-FR
Сверкающая вода,Eau pétillante,fr-FR
Clean Up,Faire le ménage,fr-FR
清理,Faire le ménage,fr-FR
掃除する,Faire le ménage,fr-FR
치우기,Faire le ménage,fr-FR
Mach sauber,Faire le ménage,fr-FR
Limpiar,Faire le ménage,fr-FR
Уборка,Faire le ménage,fr-FR
Burned Trails,Traces calcinées,fr-FR
烧焦的痕迹,Traces calcinées,fr-FR
燒焦的痕跡,Traces calcinées,fr-FR
焦げた跡,Traces calcinées,fr-FR
그을린 흔적,Traces calcinées,fr-FR
Verbrannte Spuren,Traces calcinées,fr-FR
Rastros calcinados,Traces calcinées,fr-FR
Обугленные следы,Traces calcinées,fr-FR
Hold Hands,Se tenir la main,fr-FR
牵手,Se tenir la main,fr-FR
牽手,Se tenir la main,fr-FR
手を繋ぐ,Se tenir la main,fr-FR
손잡기,Se tenir la main,fr-FR
Hände halten,Se tenir la main,fr-FR
Tomarse de las manos,Se tenir la main,fr-FR
Взять за руку,Se tenir la main,fr-FR
Sweet Loose Fur,Touffe de poils duveteux,fr-FR
甜甜的浮毛,Touffe de poils duveteux,fr-FR
スイートな綿,Touffe de poils duveteux,fr-FR
달콤한 털뭉치,Touffe de poils duveteux,fr-FR
Süßes Fellbüschel,Touffe de poils duveteux,fr-FR
Dulce pelaje suelto,Touffe de poils duveteux,fr-FR
Сладкий клочок шерсти,Touffe de poils duveteux,fr-FR
Take the Stage,Monter sur scène,fr-FR
登台,Monter sur scène,fr-FR
ステージで演奏する,Monter sur scène,fr-FR
무대 오르기,Monter sur scène,fr-FR
Betrete die Bühne,Monter sur scène,fr-FR
Toma el escenario.,Monter sur scène,fr-FR
Выйти на сцену,Monter sur scène,fr-FR
Shinku's Wish,Le vœu de Shinku,fr-FR
真红的愿望,Le vœu de Shinku,fr-FR
真紅的願望,Le vœu de Shinku,fr-FR
真紅の願い,Le vœu de Shinku,fr-FR
신쿠의 소원,Le vœu de Shinku,fr-FR
Shinkus Wunsch,Le vœu de Shinku,fr-FR
El deseo de Shinku,Le vœu de Shinku,fr-FR
Желание Шинку,Le vœu de Shinku,fr-FR
Sleep,Dormir,fr-FR
睡觉,Dormir,fr-FR
睡覺,Dormir,fr-FR
寝る,Dormir,fr-FR
잠자기,Dormir,fr-FR
Schlafen,Dormir,fr-FR
Спать,Dormir,fr-FR
Leave The Kapé,Quitter le Kapé,fr-FR
离开「卡佩」大酒店,Quitter le Kapé,fr-FR
離開「卡佩」大酒店,Quitter le Kapé,fr-FR
カーペホテルから出る,Quitter le Kapé,fr-FR
「카르페」 호텔 나가기,Quitter le Kapé,fr-FR
Das Kapé verlassen,Quitter le Kapé,fr-FR
Salir de El Kapé,Quitter le Kapé,fr-FR
Покинуть «Капе»,Quitter le Kapé,fr-FR
Leave Film Orbit Studio,Quitter le Studio Film Orbit,fr-FR
离开「菲林轨迹」照相馆,Quitter le Studio Film Orbit,fr-FR
離開「菲林軌跡」照相館,Quitter le Studio Film Orbit,fr-FR
写真スタジオ「オービット写真」を出る,Quitter le Studio Film Orbit,fr-FR
「오르빗 필름 스튜디오」 사진관 나가기,Quitter le Studio Film Orbit,fr-FR
Fotostudio Orbit verlassen,Quitter le Studio Film Orbit,fr-FR
Salir del Estudio Film Orbit,Quitter le Studio Film Orbit,fr-FR
Покинуть Студию «Фильм Орбит»,Quitter le Studio Film Orbit,fr-FR
Rent,Louer,fr-FR
租借,Louer,fr-FR
借りる,Louer,fr-FR
렌트,Louer,fr-FR
Mieten,Louer,fr-FR
Alquilar,Louer,fr-FR
Аренда,Louer,fr-FR
Wait,Attendre,fr-FR
等待,Attendre,fr-FR
待つ,Attendre,fr-FR
기다리기,Attendre,fr-FR
Warten,Attendre,fr-FR
Esperar,Attendre,fr-FR
Ждать,Attendre,fr-FR
Wait for Haniel,Attendre Haniel,fr-FR
等待哈尼娅,Attendre Haniel,fr-FR
等待哈尼婭,Attendre Haniel,fr-FR
ハニアを待つ,Attendre Haniel,fr-FR
하니엘 기다리기,Attendre Haniel,fr-FR
Warte auf Haniel,Attendre Haniel,fr-FR
Espera a Haniel.,Attendre Haniel,fr-FR
Дождаться Ханиэль,Attendre Haniel,fr-FR
Wait for sunrise,Attendre le lever du soleil,fr-FR
等待日出,Attendre le lever du soleil,fr-FR
日の出を待つ,Attendre le lever du soleil,fr-FR
일출 기다리기,Attendre le lever du soleil,fr-FR
Warte auf den Sonnenaufgang,Attendre le lever du soleil,fr-FR
Espera al amanecer.,Attendre le lever du soleil,fr-FR
Дождаться рассвета,Attendre le lever du soleil,fr-FR
Emergency Brake,Frein à main,fr-FR
紧急制动,Frein à main,fr-FR
緊急制動,Frein à main,fr-FR
緊急停止,Frein à main,fr-FR
긴급 제동,Frein à main,fr-FR
Notbremse,Frein à main,fr-FR
Freno de emergencia,Frein à main,fr-FR
Аварийный тормоз,Frein à main,fr-FR
Continue (Skip),Continuer (Passer),fr-FR
继续参观（跳过）,Continuer (Passer),fr-FR
繼續參觀（跳過）,Continuer (Passer),fr-FR
見学を続ける（パス）,Continuer (Passer),fr-FR
계속 둘러보기(스킵),Continuer (Passer),fr-FR
Weiter (Überspringen),Continuer (Passer),fr-FR
Continuar (omitir),Continuer (Passer),fr-FR
Продолжить (Пропуск),Continuer (Passer),fr-FR
Check,Examiner,fr-FR
翻找,Examiner,fr-FR
探す,Examiner,fr-FR
살피기,Examiner,fr-FR
Untersuchen,Examiner,fr-FR
Проверить,Examiner,fr-FR
Cheese Dog,Hot-dog au fromage,fr-FR
芝士热狗,Hot-dog au fromage,fr-FR
起司熱狗,Hot-dog au fromage,fr-FR
チーズホットドッグ,Hot-dog au fromage,fr-FR
치즈 핫도그,Hot-dog au fromage,fr-FR
Käse-Hotdog,Hot-dog au fromage,fr-FR
Hotdog con queso,Hot-dog au fromage,fr-FR
Сырный хот-дог,Hot-dog au fromage,fr-FR
Mustard Dog,Hot-dog à la moutarde,fr-FR
芥末热狗,Hot-dog à la moutarde,fr-FR
芥末熱狗,Hot-dog à la moutarde,fr-FR
マスタードホットドッグ,Hot-dog à la moutarde,fr-FR
머스타드 핫도그,Hot-dog à la moutarde,fr-FR
Senf-Hotdog,Hot-dog à la moutarde,fr-FR
Hotdog Mostaza,Hot-dog à la moutarde,fr-FR
Хот-дог с горчицей,Hot-dog à la moutarde,fr-FR
Cursed-Face Gen Z Figurine,Figurine Gen Z au visage maudit,fr-FR
表情崩坏的特工Z世代角色手办,Figurine Gen Z au visage maudit,fr-FR
表情崩壞的特工Z世代角色手辦,Figurine Gen Z au visage maudit,fr-FR
顔が崩れたエージェントＺ世代のフィギュア,Figurine Gen Z au visage maudit,fr-FR
얼빠진 표정의 에이전트 젠Z 캐릭터 피규어,Figurine Gen Z au visage maudit,fr-FR
Gen-Z-Figur mit verfluchter Fratze,Figurine Gen Z au visage maudit,fr-FR
Figura Gen. Z con cara de maldición,Figurine Gen Z au visage maudit,fr-FR
Фигурка «Ген Зет» с проклятым лицом,Figurine Gen Z au visage maudit,fr-FR
Observe,Observation,fr-FR
观察,Observation,fr-FR
觀察,Observation,fr-FR
観察,Observation,fr-FR
관찰,Observation,fr-FR
Beobachten,Observation,fr-FR
Observación,Observation,fr-FR
Наблюдать,Observation,fr-FR
Touch,Toucher,fr-FR
触碰,Toucher,fr-FR
觸碰,Toucher,fr-FR
触れる,Toucher,fr-FR
만지기,Toucher,fr-FR
Berühren,Toucher,fr-FR
Tocar,Toucher,fr-FR
Коснуться,Toucher,fr-FR
"Touch the ""Stream of Consciousness""",Toucher le « Flux de conscience »,fr-FR
触碰「意识流」,Toucher le « Flux de conscience »,fr-FR
觸碰「意識流」,Toucher le « Flux de conscience »,fr-FR
「意識の川」に触れる,Toucher le « Flux de conscience »,fr-FR
「의식의 흐름」 만지기,Toucher le « Flux de conscience »,fr-FR
Berühre den „Strom des Bewusstseins”,Toucher le « Flux de conscience »,fr-FR
"Toca el ""Flujo de Conciencia"".",Toucher le « Flux de conscience »,fr-FR
Коснуться «Потока сознания»,Toucher le « Flux de conscience »,fr-FR
Inquire,Se renseigner,fr-FR
询问,Se renseigner,fr-FR
詢問,Se renseigner,fr-FR
質問する,Se renseigner,fr-FR
질문,Se renseigner,fr-FR
Nachfragen,Se renseigner,fr-FR
Preguntar,Se renseigner,fr-FR
Спросить,Se renseigner,fr-FR
Ask about the ”pink tiger”,Se renseigner sur le « tigre rose »,fr-FR
询问「粉色的小老虎」,Se renseigner sur le « tigre rose »,fr-FR
詢問「粉色的小老虎」,Se renseigner sur le « tigre rose »,fr-FR
「ピンク色の小さな虎」について尋ねる,Se renseigner sur le « tigre rose »,fr-FR
「작은 분홍색 호랑이」에 대해 질문,Se renseigner sur le « tigre rose »,fr-FR
Frage nach dem „rosa Tiger“.,Se renseigner sur le « tigre rose »,fr-FR
Preguntar por el «tigre rosa»,Se renseigner sur le « tigre rose »,fr-FR
Спросить про «розового тигра»,Se renseigner sur le « tigre rose »,fr-FR
Ask about the bear-like Anomaly,Se renseigner sur l’anomalie qui ressemble à un ours,fr-FR
询问外形是「熊」的异象,Se renseigner sur l’anomalie qui ressemble à un ours,fr-FR
詢問外形是「熊」的異象,Se renseigner sur l’anomalie qui ressemble à un ours,fr-FR
見た目が「熊」の異象について尋ねる,Se renseigner sur l’anomalie qui ressemble à un ours,fr-FR
「곰」처럼 생긴 이상에 대해 질문,Se renseigner sur l’anomalie qui ressemble à un ours,fr-FR
Frage nach der bärenartigen Anomalie.,Se renseigner sur l’anomalie qui ressemble à un ours,fr-FR
Preguntar por la Anomalía parecida a un oso,Se renseigner sur l’anomalie qui ressemble à un ours,fr-FR
Спросить о похожей на медведя аномалии,Se renseigner sur l’anomalie qui ressemble à un ours,fr-FR
Investigate,Enquêter,fr-FR
调查,Enquêter,fr-FR
調查,Enquêter,fr-FR
調査,Enquêter,fr-FR
조사,Enquêter,fr-FR
Untersuchen,Enquêter,fr-FR
Investigar,Enquêter,fr-FR
Рассмотреть,Enquêter,fr-FR
Purchase,Acheter,fr-FR
购买,Acheter,fr-FR
購買,Acheter,fr-FR
購入,Acheter,fr-FR
구매,Acheter,fr-FR
Kaufen,Acheter,fr-FR
Comprar,Acheter,fr-FR
Купить,Acheter,fr-FR
轻叩,Toquer,fr-FR
輕叩,Toquer,fr-FR
軽くノックする,Toquer,fr-FR
두드리기,Toquer,fr-FR
Klopfen,Toquer,fr-FR
Enter,Entrer,fr-FR
进入,Entrer,fr-FR
進入,Entrer,fr-FR
入る,Entrer,fr-FR
들어가기,Entrer,fr-FR
Betreten,Entrer,fr-FR
Entrar,Entrer,fr-FR
Войти,Entrer,fr-FR
Action restricted while Wanted.,Action restreinte tant qu’on est recherché.,fr-FR
通缉状态，部分行为被限制,Action restreinte tant qu’on est recherché.,fr-FR
通緝狀態，部分行為被限制,Action restreinte tant qu’on est recherché.,fr-FR
指名手配中：一部の行動が制限されます,Action restreinte tant qu’on est recherché.,fr-FR
수배 중에는 일부 행동이 제한됩니다,Action restreinte tant qu’on est recherché.,fr-FR
Aktionen während Gesucht eingeschränkt.,Action restreinte tant qu’on est recherché.,fr-FR
Acción restringida cuando te están buscando.,Action restreinte tant qu’on est recherché.,fr-FR
"Действие не может быть выполнено, если вас разыскивают.",Action restreinte tant qu’on est recherché.,fr-FR
Pick,Cueillir,fr-FR
采摘,Cueillir,fr-FR
採摘,Cueillir,fr-FR
採取する,Cueillir,fr-FR
채집,Cueillir,fr-FR
Pflücken,Cueillir,fr-FR
Recoger,Cueillir,fr-FR
Собрать,Cueillir,fr-FR
Collect,Collecter,fr-FR
采集,Collecter,fr-FR
採集,Collecter,fr-FR
採取,Collecter,fr-FR
채집,Collecter,fr-FR
Sammeln,Collecter,fr-FR
Recolectar,Collecter,fr-FR
Собрать,Collecter,fr-FR
Fishing,Pêche,fr-FR
钓鱼,Pêche,fr-FR
釣魚,Pêche,fr-FR
釣り,Pêche,fr-FR
낚시,Pêche,fr-FR
Angeln,Pêche,fr-FR
Pesca,Pêche,fr-FR
Рыбалка,Pêche,fr-FR
Tattered pages of an old diary,Pages en lambeaux d’un vieux journal,fr-FR
陈旧日记的残页,Pages en lambeaux d’un vieux journal,fr-FR
陳舊日記的殘頁,Pages en lambeaux d’un vieux journal,fr-FR
古い日記の断片,Pages en lambeaux d’un vieux journal,fr-FR
오래된 일기장의 찢어진 페이지,Pages en lambeaux d’un vieux journal,fr-FR
Zerfetzte Seiten eines alten Tagebuchs,Pages en lambeaux d’un vieux journal,fr-FR
Páginas desgastadas de un viejo diario,Pages en lambeaux d’un vieux journal,fr-FR
Потрёпанные страницы старого дневника,Pages en lambeaux d’un vieux journal,fr-FR
Hidden Corner,Coin caché,fr-FR
隐蔽的角落,Coin caché,fr-FR
隱蔽的角落,Coin caché,fr-FR
物陰を調べる,Coin caché,fr-FR
숨겨진 구석,Coin caché,fr-FR
Versteckte Ecke,Coin caché,fr-FR
Esquina oculta,Coin caché,fr-FR
Потайной уголок,Coin caché,fr-FR
Fetching Glam Fuzzy Club Supplies,Récupérer les fournitures du club glam des Moumoutons,fr-FR
靓绵俱乐部物资,Récupérer les fournitures du club glam des Moumoutons,fr-FR
漂漂綿俱樂部物資,Récupérer les fournitures du club glam des Moumoutons,fr-FR
イケメェクラブの物資,Récupérer les fournitures du club glam des Moumoutons,fr-FR
멋쟁이솜 클럽 물자,Récupérer les fournitures du club glam des Moumoutons,fr-FR
Glam-Flauschi-Klub-Vorräte besorgen,Récupérer les fournitures du club glam des Moumoutons,fr-FR
Tomando suministros del Club Peludo Elegante,Récupérer les fournitures du club glam des Moumoutons,fr-FR
Сбор гламурных припасов «Кудрявого клуба»,Récupérer les fournitures du club glam des Moumoutons,fr-FR
Drive,Conduire,fr-FR
驾驶,Conduire,fr-FR
駕駛,Conduire,fr-FR
運転,Conduire,fr-FR
운전,Conduire,fr-FR
Fahren,Conduire,fr-FR
Conducir,Conduire,fr-FR
За руль,Conduire,fr-FR
Sticky Key,Clé collante,fr-FR
黏黏的钥匙,Clé collante,fr-FR
黏黏的鑰匙,Clé collante,fr-FR
ベタつく鍵,Clé collante,fr-FR
끈적끈적한 열쇠,Clé collante,fr-FR
Klebriger Schlüssel,Clé collante,fr-FR
Llave pegajosa,Clé collante,fr-FR
Липкий ключ,Clé collante,fr-FR
Berry Chocolate,Chocolat aux baies,fr-FR
莓莓生巧,Chocolat aux baies,fr-FR
ベリーチョコレート,Chocolat aux baies,fr-FR
베리 초콜릿,Chocolat aux baies,fr-FR
Beerenschokolade,Chocolat aux baies,fr-FR
Chocolate con frutos rojos,Chocolat aux baies,fr-FR
Ягодный шоколад,Chocolat aux baies,fr-FR
RPG Launcher,Lance-roquettes,fr-FR
RPG火箭炮,Lance-roquettes,fr-FR
RPGランチャー,Lance-roquettes,fr-FR
RPG 바주카포,Lance-roquettes,fr-FR
RPG-Launcher,Lance-roquettes,fr-FR
Lanzacohetes RPG,Lance-roquettes,fr-FR
Ракетница,Lance-roquettes,fr-FR
Co-Ex Test Supply,Ravitaillement du test Co-Ex,fr-FR
「共存测试」物资补给,Ravitaillement du test Co-Ex,fr-FR
「共存測試」物資補給,Ravitaillement du test Co-Ex,fr-FR
「共存テスト」物資補給,Ravitaillement du test Co-Ex,fr-FR
「공생 테스트」 물자 보급,Ravitaillement du test Co-Ex,fr-FR
Co-Ex-Testvorrat,Ravitaillement du test Co-Ex,fr-FR
Suministro de la prueba Co-Ex,Ravitaillement du test Co-Ex,fr-FR
Припасы для «Испытания на сосуществование»,Ravitaillement du test Co-Ex,fr-FR
Little Sparrow Maid Cafe,Maid café Petit moineau,fr-FR
「小小麻雀」女仆咖啡厅,Maid café Petit moineau,fr-FR
「小小麻雀」女僕咖啡廳,Maid café Petit moineau,fr-FR
「雀荘ジャン」メイド喫茶,Maid café Petit moineau,fr-FR
「마쨩」 메이드 카페,Maid café Petit moineau,fr-FR
Maid-Café Kleiner Spatz,Maid café Petit moineau,fr-FR
Maid café Gorrioncito,Maid café Petit moineau,fr-FR
Мейд-кафе «Воробушек»,Maid café Petit moineau,fr-FR
Market Opening Rehearsal,Répétition de l’ouverture du marché,fr-FR
「开市预演」,Répétition de l’ouverture du marché,fr-FR
「開市預演」,Répétition de l’ouverture du marché,fr-FR
「オープン記念」,Répétition de l’ouverture du marché,fr-FR
「오픈 리허설」,Répétition de l’ouverture du marché,fr-FR
Probe für die Markteröffnung,Répétition de l’ouverture du marché,fr-FR
Prueba de apertura del mercado,Répétition de l’ouverture du marché,fr-FR
Репетиция открытия магазина,Répétition de l’ouverture du marché,fr-FR
"""Containment Test"" Limited Supply Pack I",Pack d’approvisionnement limité « Test de confinement » I,fr-FR
「收容测试」限定补给·一,Pack d’approvisionnement limité « Test de confinement » I,fr-FR
「收容測試」限定補給·一,Pack d’approvisionnement limité « Test de confinement » I,fr-FR
「収容テスト」限定補給・壱,Pack d’approvisionnement limité « Test de confinement » I,fr-FR
「수용 테스트」 한정 보급·1,Pack d’approvisionnement limité « Test de confinement » I,fr-FR
„Eindämmungstest“-Limitiertes-Vorratspaket I,Pack d’approvisionnement limité « Test de confinement » I,fr-FR
"Paquete de suministros limitado de ""Prueba de contención"" I",Pack d’approvisionnement limité « Test de confinement » I,fr-FR
Ограниченный набор припасов «Тестирование на сдерживание» I,Pack d’approvisionnement limité « Test de confinement » I,fr-FR
"""Containment Test"" Limited Supply Pack III",Pack d’approvisionnement limité « Test de confinement » III,fr-FR
「收容测试」限定补给·三,Pack d’approvisionnement limité « Test de confinement » III,fr-FR
「收容測試」限定補給·三,Pack d’approvisionnement limité « Test de confinement » III,fr-FR
「収容テスト」限定補給・参,Pack d’approvisionnement limité « Test de confinement » III,fr-FR
「수용 테스트」 한정 보급·3,Pack d’approvisionnement limité « Test de confinement » III,fr-FR
„Eindämmungstest“-Limitiertes-Vorratspaket III,Pack d’approvisionnement limité « Test de confinement » III,fr-FR
"Paquete de suministros limitado de ""Prueba de contención"" III",Pack d’approvisionnement limité « Test de confinement » III,fr-FR
Ограниченный набор припасов «Тестирование на сдерживание» III,Pack d’approvisionnement limité « Test de confinement » III,fr-FR
"""Containment Test"" Limited Supply Pack II",Pack d’approvisionnement limité « Test de confinement » II,fr-FR
「收容测试」限定补给·二,Pack d’approvisionnement limité « Test de confinement » II,fr-FR
「收容測試」限定補給·二,Pack d’approvisionnement limité « Test de confinement » II,fr-FR
「収容テスト」限定補給・弐,Pack d’approvisionnement limité « Test de confinement » II,fr-FR
「수용 테스트」 한정 보급·2,Pack d’approvisionnement limité « Test de confinement » II,fr-FR
„Eindämmungstest“-Limitiertes-Vorratspaket II,Pack d’approvisionnement limité « Test de confinement » II,fr-FR
"Paquete de suministros limitado de ""Prueba de contención"" II",Pack d’approvisionnement limité « Test de confinement » II,fr-FR
Ограниченный набор припасов «Тестирование на сдерживание» II,Pack d’approvisionnement limité « Test de confinement » II,fr-FR
"""Containment Test"" Limited Supply Pack V",Pack d’approvisionnement limité « Test de confinement » V,fr-FR
「收容测试」限定补给·五,Pack d’approvisionnement limité « Test de confinement » V,fr-FR
「收容測試」限定補給·五,Pack d’approvisionnement limité « Test de confinement » V,fr-FR
「収容テスト」限定補給・伍,Pack d’approvisionnement limité « Test de confinement » V,fr-FR
「수용 테스트」 한정 보급·5,Pack d’approvisionnement limité « Test de confinement » V,fr-FR
„Eindämmungstest“-Limitiertes-Vorratspaket V,Pack d’approvisionnement limité « Test de confinement » V,fr-FR
"Paquete de suministros limitado de ""Prueba de contención"" V",Pack d’approvisionnement limité « Test de confinement » V,fr-FR
Ограниченный набор припасов «Тестирование на сдерживание» V,Pack d’approvisionnement limité « Test de confinement » V,fr-FR
"""Containment Test"" Limited Supply Pack VI",Pack d’approvisionnement limité « Test de confinement » VI,fr-FR
「收容测试」限定补给·六,Pack d’approvisionnement limité « Test de confinement » VI,fr-FR
「收容測試」限定補給·六,Pack d’approvisionnement limité « Test de confinement » VI,fr-FR
「収容テスト」限定補給・陸,Pack d’approvisionnement limité « Test de confinement » VI,fr-FR
「수용 테스트」 한정 보급·6,Pack d’approvisionnement limité « Test de confinement » VI,fr-FR
„Eindämmungstest“-Limitiertes-Vorratspaket VI,Pack d’approvisionnement limité « Test de confinement » VI,fr-FR
"Paquete de suministros limitado de ""Prueba de contención"" VI",Pack d’approvisionnement limité « Test de confinement » VI,fr-FR
Ограниченный набор припасов «Тестирование на сдерживание» VI,Pack d’approvisionnement limité « Test de confinement » VI,fr-FR
"""Containment Test"" Limited Supply Pack IV",Pack d’approvisionnement limité « Test de confinement » IV,fr-FR
「收容测试」限定补给·四,Pack d’approvisionnement limité « Test de confinement » IV,fr-FR
「收容測試」限定補給·四,Pack d’approvisionnement limité « Test de confinement » IV,fr-FR
「収容テスト」限定補給・肆,Pack d’approvisionnement limité « Test de confinement » IV,fr-FR
「수용 테스트」 한정 보급·4,Pack d’approvisionnement limité « Test de confinement » IV,fr-FR
„Eindämmungstest“-Limitiertes-Vorratspaket IV,Pack d’approvisionnement limité « Test de confinement » IV,fr-FR
"Paquete de suministros limitado de ""Prueba de contención"" IV",Pack d’approvisionnement limité « Test de confinement » IV,fr-FR
Ограниченный набор припасов «Тестирование на сдерживание» IV,Pack d’approvisionnement limité « Test de confinement » IV,fr-FR
The Cafe by Origen,Le café par Origen,fr-FR
一咖舍,Le café par Origen,fr-FR
壱のコーヒー,Le café par Origen,fr-FR
별미 카페,Le café par Origen,fr-FR
Das Café von Origen,Le café par Origen,fr-FR
El Café de Origen,Le café par Origen,fr-FR
Кафе «Ориген»,Le café par Origen,fr-FR
Universal Wrench,Clé universelle,fr-FR
万能扳手,Clé universelle,fr-FR
萬能扳手,Clé universelle,fr-FR
万能レンチ,Clé universelle,fr-FR
만능 렌치,Clé universelle,fr-FR
Universal-Schraubenschlüssel,Clé universelle,fr-FR
Llave universal,Clé universelle,fr-FR
Универсальный ключ,Clé universelle,fr-FR
Kaleidoscope,Kaléidoscope,fr-FR
万花筒,Kaléidoscope,fr-FR
萬花筒,Kaléidoscope,fr-FR
万華鏡,Kaléidoscope,fr-FR
만화경,Kaléidoscope,fr-FR
Kaleidoskop,Kaléidoscope,fr-FR
Caleidoscopio,Kaléidoscope,fr-FR
Калейдоскоп,Kaléidoscope,fr-FR
Discard Items,Objets jetés,fr-FR
丢弃物品,Objets jetés,fr-FR
丟棄物品,Objets jetés,fr-FR
アイテム破棄,Objets jetés,fr-FR
아이템 버리기,Objets jetés,fr-FR
Gegenstände verwerfen,Objets jetés,fr-FR
Objetos descartados,Objets jetés,fr-FR
Выбросить предметы,Objets jetés,fr-FR
999 Nights,999 nuits,fr-FR
九百九十九夜,999 nuits,fr-FR
999일 야화,999 nuits,fr-FR
999 Nächte,999 nuits,fr-FR
999 Noches,999 nuits,fr-FR
999 ночей,999 nuits,fr-FR
999 Nights Event Rewards,Récompenses de l’événement 999 Nuits,fr-FR
九百九十九夜活动奖励,Récompenses de l’événement 999 Nuits,fr-FR
九百九十九夜活動獎勵,Récompenses de l’événement 999 Nuits,fr-FR
九百九十九夜イベント報酬,Récompenses de l’événement 999 Nuits,fr-FR
999일 야화 이벤트 보상,Récompenses de l’événement 999 Nuits,fr-FR
Event-Belohnungen: 999 Nächte,Récompenses de l’événement 999 Nuits,fr-FR
Recompensas del evento 999 Noches,Récompenses de l’événement 999 Nuits,fr-FR
Награды события «999 ночей»,Récompenses de l’événement 999 Nuits,fr-FR
Journey Together,Aventure commune,fr-FR
于此同行,Aventure commune,fr-FR
於此同行,Aventure commune,fr-FR
同行の誓い,Aventure commune,fr-FR
내 동료가 돼라,Aventure commune,fr-FR
Gemeinsame Reise,Aventure commune,fr-FR
Viaje juntos,Aventure commune,fr-FR
Путешествие вместе,Aventure commune,fr-FR
云·异环,Cloud NTE,fr-FR
雲·異環,Cloud NTE,fr-FR
クラウドNTE: Neverness to Everness,Cloud NTE,fr-FR
이환 클라우드 버전,Cloud NTE,fr-FR
Cloud-NTE,Cloud NTE,fr-FR
Ray Tracing,Lancer de rayons,fr-FR
光线追踪,Lancer de rayons,fr-FR
光線追蹤,Lancer de rayons,fr-FR
レイトレーシング,Lancer de rayons,fr-FR
레이 트레이싱,Lancer de rayons,fr-FR
Raytracing,Lancer de rayons,fr-FR
Trazado de Rayos,Lancer de rayons,fr-FR
Трассировка лучей,Lancer de rayons,fr-FR
Global Illumination Mode,Mode Illumination globale,fr-FR
全局光照模式,Mode Illumination globale,fr-FR
全域光照模式,Mode Illumination globale,fr-FR
グローバル・イルミネーション,Mode Illumination globale,fr-FR
전역 조명 모드,Mode Illumination globale,fr-FR
Globaler Beleuchtungsmodus,Mode Illumination globale,fr-FR
Modo de iluminación global,Mode Illumination globale,fr-FR
Режим глобального освещения,Mode Illumination globale,fr-FR
Full Throttle,À fond les ballons,fr-FR
全速前进！车队,À fond les ballons,fr-FR
全速前進！車隊,À fond les ballons,fr-FR
チーム「全速前進！」,À fond les ballons,fr-FR
전력질주! 레이싱팀,À fond les ballons,fr-FR
Vollgas,À fond les ballons,fr-FR
Aceleración Máxima,À fond les ballons,fr-FR
Полный газ,À fond les ballons,fr-FR
Frost Gun,Lance-givre,fr-FR
冰霜枪,Lance-givre,fr-FR
冰霜槍,Lance-givre,fr-FR
フロストガン,Lance-givre,fr-FR
얼음 총,Lance-givre,fr-FR
Frostflinte,Lance-givre,fr-FR
Pistola congelante,Lance-givre,fr-FR
Ледяная пушка,Lance-givre,fr-FR
加特林,Gatling,fr-FR
機關槍,Gatling,fr-FR
ガトリング,Gatling,fr-FR
개틀링 건,Gatling,fr-FR
Гатлинг,Gatling,fr-FR
Midnight Ghost,Fantôme de minuit,fr-FR
午夜幽灵,Fantôme de minuit,fr-FR
午夜幽靈,Fantôme de minuit,fr-FR
深夜の幽霊,Fantôme de minuit,fr-FR
미드나이트 고스트,Fantôme de minuit,fr-FR
Mitternachtsgeist,Fantôme de minuit,fr-FR
Fantasma de medianoche,Fantôme de minuit,fr-FR
Полуночный призрак,Fantôme de minuit,fr-FR
Surf Breaker,Défi des vagues,fr-FR
单骑破浪,Défi des vagues,fr-FR
單騎破浪,Défi des vagues,fr-FR
サーフブレイカー,Défi des vagues,fr-FR
파도를 가르는 질주,Défi des vagues,fr-FR
Wellenbezwinger,Défi des vagues,fr-FR
Surcando las olas,Défi des vagues,fr-FR
Покоритель волн,Défi des vagues,fr-FR
Cartridge & Module,Cartouche et module,fr-FR
卡带与驱动块,Cartouche et module,fr-FR
卡帶與驅動塊,Cartouche et module,fr-FR
駆動コアと駆動ブロック,Cartouche et module,fr-FR
카트리지와 드라이브 모듈,Cartouche et module,fr-FR
Kassette & Modul,Cartouche et module,fr-FR
Cartucho y módulo,Cartouche et module,fr-FR
Картридж и модуль,Cartouche et module,fr-FR
Reflection Mode,Mode Reflets,fr-FR
反射模式,Mode Reflets,fr-FR
反射モード,Mode Reflets,fr-FR
반사 모드,Mode Reflets,fr-FR
Reflektionsmodus,Mode Reflets,fr-FR
Modo reflexión,Mode Reflets,fr-FR
Режим отражения,Mode Reflets,fr-FR
Bagel Shop,Magasin Bagel,fr-FR
呗果商店,Magasin Bagel,fr-FR
唄果商店,Magasin Bagel,fr-FR
ベーグルストア,Magasin Bagel,fr-FR
베이글 상점,Magasin Bagel,fr-FR
Bagel-Laden,Magasin Bagel,fr-FR
Tienda Bagel,Magasin Bagel,fr-FR
Магазин Bagel,Magasin Bagel,fr-FR
Bagel Has Sent Out A Praise Jam!,Bagel a envoyé une Louangelée !,fr-FR
呗果送过奖果酱了！,Bagel a envoyé une Louangelée !,fr-FR
唄果送過獎果醬了！,Bagel a envoyé une Louangelée !,fr-FR
ジャムポイントをプレゼント！,Bagel a envoyé une Louangelée !,fr-FR
베이글에서 좋아요잼을 뿌립니다!,Bagel a envoyé une Louangelée !,fr-FR
Bagel hat ein Lob-Gelee verschickt!,Bagel a envoyé une Louangelée !,fr-FR
¡Bagel envió una Mermelada de elogios!,Bagel a envoyé une Louangelée !,fr-FR
Bagel разослал Хвалебный джем!,Bagel a envoyé une Louangelée !,fr-FR
Fire Support,Soutien tactique,fr-FR
呼叫支援,Soutien tactique,fr-FR
支援要請,Soutien tactique,fr-FR
화력 지원,Soutien tactique,fr-FR
Feuerunterstützung,Soutien tactique,fr-FR
Apoyo de fuego,Soutien tactique,fr-FR
Огневая поддержка,Soutien tactique,fr-FR
哈尼娅,Haniel,fr-FR
哈尼婭,Haniel,fr-FR
ハニア,Haniel,fr-FR
하니엘,Haniel,fr-FR
Ханиэль,Haniel,fr-FR
Multiplayer,Multijoueur,fr-FR
多人游戏,Multijoueur,fr-FR
多人遊戲,Multijoueur,fr-FR
マルチプレイ,Multijoueur,fr-FR
멀티플레이 게임,Multijoueur,fr-FR
Mehrspieler,Multijoueur,fr-FR
Multijugador,Multijoueur,fr-FR
Мультиплеер,Multijoueur,fr-FR
Night Raptor,Rapace nocturne,fr-FR
夜鸮车队,Rapace nocturne,fr-FR
夜鴞車隊,Rapace nocturne,fr-FR
「夜梟」,Rapace nocturne,fr-FR
올빼미 레이싱팀,Rapace nocturne,fr-FR
Nachteule,Rapace nocturne,fr-FR
Raptor Nocturno,Rapace nocturne,fr-FR
Ночной хищник,Rapace nocturne,fr-FR
Warp Exchange,Échange de pièces de faille,fr-FR
失纬兑换,Échange de pièces de faille,fr-FR
失緯兌換,Échange de pièces de faille,fr-FR
次元交換,Échange de pièces de faille,fr-FR
탈차원 기물 교환,Échange de pièces de faille,fr-FR
Warp-Austausch,Échange de pièces de faille,fr-FR
Intercambio de invocación,Échange de pièces de faille,fr-FR
Обмен искривления,Échange de pièces de faille,fr-FR
Nexus Loop,Boucle de Nexus,fr-FR
奇点回环,Boucle de Nexus,fr-FR
奇點回環,Boucle de Nexus,fr-FR
奇点回環,Boucle de Nexus,fr-FR
특이점 귀환,Boucle de Nexus,fr-FR
Nexus-Loop,Boucle de Nexus,fr-FR
Bucle del nexo,Boucle de Nexus,fr-FR
Цикл Нексуса,Boucle de Nexus,fr-FR
Cream Double Seat,Siège deux places couleur crème,fr-FR
奶油双人座,Siège deux places couleur crème,fr-FR
奶油雙人座,Siège deux places couleur crème,fr-FR
クリームの2人掛け,Siège deux places couleur crème,fr-FR
크림 2인석,Siège deux places couleur crème,fr-FR
Creme-Zweisitzer,Siège deux places couleur crème,fr-FR
Asiento doble color crema,Siège deux places couleur crème,fr-FR
Место для двоих: кремовое,Siège deux places couleur crème,fr-FR
Cream Four-Seat,Siège quatre places couleur crème,fr-FR
奶油四人座,Siège quatre places couleur crème,fr-FR
クリームの4人掛け,Siège quatre places couleur crème,fr-FR
크림 4인석,Siège quatre places couleur crème,fr-FR
Creme-Viersitzer,Siège quatre places couleur crème,fr-FR
Cuatro asientos color crema,Siège quatre places couleur crème,fr-FR
Место для четверых: кремовое,Siège quatre places couleur crème,fr-FR
Meridian,Méridien,fr-FR
子午线车队,Méridien,fr-FR
子午線車隊,Méridien,fr-FR
チーム「子午線」,Méridien,fr-FR
메리디안 레이싱팀,Méridien,fr-FR
Meridiano,Méridien,fr-FR
Меридиан,Méridien,fr-FR
Chiz & Contemplative Cat,Chiz et Chat pensif,fr-FR
小吱与思考喵,Chiz et Chat pensif,fr-FR
小吱與思考喵,Chiz et Chat pensif,fr-FR
ちぃちゃんと思考ニャン,Chiz et Chat pensif,fr-FR
치즈와 생각하는 고양이,Chiz et Chat pensif,fr-FR
Chiz und Nachdenkliche Katze,Chiz et Chat pensif,fr-FR
Chiz y Gato contemplativo,Chiz et Chat pensif,fr-FR
Чиз и Созерцательная кошка,Chiz et Chat pensif,fr-FR
Watch Out for Pigeons,Attention aux pigeons,fr-FR
小心鸽子,Attention aux pigeons,fr-FR
小心鴿子,Attention aux pigeons,fr-FR
鳩に注意,Attention aux pigeons,fr-FR
비둘기 조심,Attention aux pigeons,fr-FR
Vorsicht vor den Tauben,Attention aux pigeons,fr-FR
Cuidado con las palomas,Attention aux pigeons,fr-FR
Поосторожней с голубями,Attention aux pigeons,fr-FR
Ghost Remnant,Vestige fantôme,fr-FR
幽灵残像,Vestige fantôme,fr-FR
幽靈殘像,Vestige fantôme,fr-FR
幽霊の残像,Vestige fantôme,fr-FR
고스트 잔상,Vestige fantôme,fr-FR
Geistüberbleibsel,Vestige fantôme,fr-FR
Residuo fantasmal,Vestige fantôme,fr-FR
Призрачный след,Vestige fantôme,fr-FR
Riftcrystal Mining Permit Expiration Reminder,Rappel d’expiration du permis d’extraction des cristaux de la faille,fr-FR
异晶开采凭证到期提醒,Rappel d’expiration du permis d’extraction des cristaux de la faille,fr-FR
異晶開採憑證到期提醒,Rappel d’expiration du permis d’extraction des cristaux de la faille,fr-FR
異晶採掘免許証の有効期間のお知らせ,Rappel d’expiration du permis d’extraction des cristaux de la faille,fr-FR
이상 수정 채굴증 만기 알림,Rappel d’expiration du permis d’extraction des cristaux de la faille,fr-FR
Erinnerung zum Ablauf der Risskristall-Abbauzulassung,Rappel d’expiration du permis d’extraction des cristaux de la faille,fr-FR
Recordatorio de expiración del permiso para la minería de Cristalfisuras,Rappel d’expiration du permis d’extraction des cristaux de la faille,fr-FR
Напоминание об истечении срока пермита на добычу рифткристаллов,Rappel d’expiration du permis d’extraction des cristaux de la faille,fr-FR
Anomaly Hunter's Journey Rules,Règles du Périple de chasseur d’anomalie,fr-FR
异猎征途说明,Règles du Périple de chasseur d’anomalie,fr-FR
異獵征途說明,Règles du Périple de chasseur d’anomalie,fr-FR
ハンターズ・ロードについて,Règles du Périple de chasseur d’anomalie,fr-FR
이상 헌터 여정 설명,Règles du Périple de chasseur d’anomalie,fr-FR
Anomalie-Jäger-Journey-Regeln,Règles du Périple de chasseur d’anomalie,fr-FR
Reglas del viaje del Cazanomalías,Règles du Périple de chasseur d’anomalie,fr-FR
Правила «Путешествия охотника за аномалиями»,Règles du Périple de chasseur d’anomalie,fr-FR
Esper Shop,Magasin d’Esper,fr-FR
异能商店,Magasin d’Esper,fr-FR
異能商店,Magasin d’Esper,fr-FR
異能ストア,Magasin d’Esper,fr-FR
이능력 상점,Magasin d’Esper,fr-FR
Esper-Laden,Magasin d’Esper,fr-FR
Tienda de esper,Magasin d’Esper,fr-FR
Магазин эспера,Magasin d’Esper,fr-FR
Anomaly Commission,Commission d’anomalie,fr-FR
异象委托,Commission d’anomalie,fr-FR
異象委託,Commission d’anomalie,fr-FR
異象依頼,Commission d’anomalie,fr-FR
이상 의뢰,Commission d’anomalie,fr-FR
Anomalie-Auftrag,Commission d’anomalie,fr-FR
Encargo de anomalía,Commission d’anomalie,fr-FR
Поручение по аномалии,Commission d’anomalie,fr-FR
Arc Shop,Magasin d’arcs,fr-FR
弧盘商店,Magasin d’arcs,fr-FR
弧盤商店,Magasin d’arcs,fr-FR
弧盤ストア,Magasin d’arcs,fr-FR
아크 상점,Magasin d’arcs,fr-FR
Arkus-Laden,Magasin d’arcs,fr-FR
Tienda de discos,Magasin d’arcs,fr-FR
Магазин дуг,Magasin d’arcs,fr-FR
Arc Deduction Refund,Remboursement suite à la déduction d’Arc,fr-FR
弧盘扣除返还消耗,Remboursement suite à la déduction d’Arc,fr-FR
弧盤扣除返還消耗,Remboursement suite à la déduction d’Arc,fr-FR
弧盤回収と消費分の返還,Remboursement suite à la déduction d’Arc,fr-FR
아크 회수 및 소모품 반환,Remboursement suite à la déduction d’Arc,fr-FR
Arkusabzug-Rückerstattung,Remboursement suite à la déduction d’Arc,fr-FR
Reembolso del Disco consumido,Remboursement suite à la déduction d’Arc,fr-FR
Возврат за изъятие дуги,Remboursement suite à la déduction d’Arc,fr-FR
Shadebound Shop,Boutique des ombres,fr-FR
徊影商店,Boutique des ombres,fr-FR
迷影ショップ,Boutique des ombres,fr-FR
숨바꼭질 상점,Boutique des ombres,fr-FR
Shadebound-Laden,Boutique des ombres,fr-FR
Tienda Umbralia,Boutique des ombres,fr-FR
Магазин теней,Boutique des ombres,fr-FR
Shadow-n-Seek,Cache-cache des ombres,fr-FR
徊影憧憧,Cache-cache des ombres,fr-FR
影鬼ごっこ,Cache-cache des ombres,fr-FR
아슬아슬 숨바꼭질,Cache-cache des ombres,fr-FR
Schattensuche,Cache-cache des ombres,fr-FR
Escondidas camaleónicas,Cache-cache des ombres,fr-FR
Теневые прятки,Cache-cache des ombres,fr-FR
You Are the Hunter,Vous êtes le chasseur,fr-FR
您是抓捕者,Vous êtes le chasseur,fr-FR
あなたは追跡者です,Vous êtes le chasseur,fr-FR
당신은 추격자입니다,Vous êtes le chasseur,fr-FR
Du bist der Jäger,Vous êtes le chasseur,fr-FR
Eres el cazador,Vous êtes le chasseur,fr-FR
Ваша роль: Охотник,Vous êtes le chasseur,fr-FR
You Are the Hider,Vous êtes une proie,fr-FR
您是躲藏者,Vous êtes une proie,fr-FR
あなたは逃亡者です,Vous êtes une proie,fr-FR
당신은 도망자입니다,Vous êtes une proie,fr-FR
Du bist der Verstecker,Vous êtes une proie,fr-FR
Te toca esconderte,Vous êtes une proie,fr-FR
Ваша роль: Прячущийся,Vous êtes une proie,fr-FR
Achievement,Succès,fr-FR
成就,Succès,fr-FR
実績,Succès,fr-FR
업적,Succès,fr-FR
Erfolg,Succès,fr-FR
Logros,Succès,fr-FR
Достижения,Succès,fr-FR
Pistol,Pistolet,fr-FR
手枪,Pistolet,fr-FR
手槍,Pistolet,fr-FR
ハンドガン,Pistolet,fr-FR
권총,Pistolet,fr-FR
Pistole,Pistolet,fr-FR
Pistola,Pistolet,fr-FR
Пистолет,Pistolet,fr-FR
Poker Tea Party,Thé et poker,fr-FR
扑克牌茶会,Thé et poker,fr-FR
撲克牌茶會,Thé et poker,fr-FR
トランプパーティー,Thé et poker,fr-FR
포커 티 파티,Thé et poker,fr-FR
Poker-Teeparty,Thé et poker,fr-FR
Fiesta de té de póker,Thé et poker,fr-FR
Покерное чаепитие,Thé et poker,fr-FR
Gacha Machine,Gachapon,fr-FR
扭蛋机,Gachapon,fr-FR
扭蛋機,Gachapon,fr-FR
ガチャガチャ,Gachapon,fr-FR
럭키 머신,Gachapon,fr-FR
Gacha-Automat,Gachapon,fr-FR
Máquina de Gacha,Gachapon,fr-FR
Гача-автомат,Gachapon,fr-FR
Rustic Double Seat,Siège deux places rustique,fr-FR
抱朴双人座,Siège deux places rustique,fr-FR
抱樸雙人座,Siège deux places rustique,fr-FR
素朴な2人掛け,Siège deux places rustique,fr-FR
소박한 2인석,Siège deux places rustique,fr-FR
Rustikaler Zweisitzer,Siège deux places rustique,fr-FR
Asiento doble rústico,Siège deux places rustique,fr-FR
Место для двоих: деревенское,Siège deux places rustique,fr-FR
Rustic Four-Seat,Siège quatre places rustique,fr-FR
抱朴四人座,Siège quatre places rustique,fr-FR
抱樸四人座,Siège quatre places rustique,fr-FR
素朴な4人掛け,Siège quatre places rustique,fr-FR
소박한 4인석,Siège quatre places rustique,fr-FR
Rustikaler Viersitzer,Siège quatre places rustique,fr-FR
Cuatro asientos rústicos,Siège quatre places rustique,fr-FR
Место для четверых: деревенское,Siège quatre places rustique,fr-FR
Heartfelt Gift,Cadeau venant du cœur,fr-FR
挚礼悦心,Cadeau venant du cœur,fr-FR
摯禮悅心,Cadeau venant du cœur,fr-FR
心を込めた贈り物,Cadeau venant du cœur,fr-FR
마음이 담긴 선물,Cadeau venant du cœur,fr-FR
Geschenk von Herzen,Cadeau venant du cœur,fr-FR
Regalo del corazón,Cadeau venant du cœur,fr-FR
Искренний подарок,Cadeau venant du cœur,fr-FR
Tip,Conseil,fr-FR
提示,Conseil,fr-FR
ヒント,Conseil,fr-FR
Tips,Conseil,fr-FR
Hinweis,Conseil,fr-FR
Consejo,Conseil,fr-FR
Подсказка,Conseil,fr-FR
Scarborough Fair,Foire de Scarborough,fr-FR
斯卡布罗集市,Foire de Scarborough,fr-FR
斯卡布羅集市,Foire de Scarborough,fr-FR
スカボロー市場,Foire de Scarborough,fr-FR
스카버러 마켓,Foire de Scarborough,fr-FR
Salhowk-Messe,Foire de Scarborough,fr-FR
Feria de Scarborough,Foire de Scarborough,fr-FR
Ярмарка в Скарборо,Foire de Scarborough,fr-FR
Chapter Nova,Chapitre Nova,fr-FR
新章车队,Chapitre Nova,fr-FR
新章車隊,Chapitre Nova,fr-FR
「ジェネシス」,Chapitre Nova,fr-FR
뉴룰 레이싱팀,Chapitre Nova,fr-FR
Nova-Kapitel,Chapitre Nova,fr-FR
Capítulo Nova,Chapitre Nova,fr-FR
Новая глава,Chapitre Nova,fr-FR
New Herland - Uncrowned King,New Herland - Roi sans couronne,fr-FR
新赫兰德·无冕,New Herland - Roi sans couronne,fr-FR
新赫蘭德·無冕,New Herland - Roi sans couronne,fr-FR
ニューホランド「無冠」,New Herland - Roi sans couronne,fr-FR
뉴 헤랜드·무관의 제왕,New Herland - Roi sans couronne,fr-FR
Neu-Herland – Ungekrönter König,New Herland - Roi sans couronne,fr-FR
Nueva Herland: Rey No Coronado,New Herland - Roi sans couronne,fr-FR
Нью-Херланд — Некоронованный король,New Herland - Roi sans couronne,fr-FR
新赫兰德·追风,New Herland - Tempestas,fr-FR
新赫蘭德·追風,New Herland - Tempestas,fr-FR
ニューホランド「風を打ち破れ！」,New Herland - Tempestas,fr-FR
뉴 헤랜드·템페스타스,New Herland - Tempestas,fr-FR
Neu-Herland – Tempestas,New Herland - Tempestas,fr-FR
Nueva Herland: Tempestas,New Herland - Tempestas,fr-FR
Нью-Херланд — Ураган,New Herland - Tempestas,fr-FR
Uncrowned King,Roi sans couronne,fr-FR
无冕车队,Roi sans couronne,fr-FR
無冕車隊,Roi sans couronne,fr-FR
チーム「無冠」,Roi sans couronne,fr-FR
무관의 제왕 레이싱팀,Roi sans couronne,fr-FR
Ungekrönter König,Roi sans couronne,fr-FR
Rey No Coronado,Roi sans couronne,fr-FR
Некоронованный король,Roi sans couronne,fr-FR
Fashion Shop,Magasin de mode,fr-FR
时装商店,Magasin de mode,fr-FR
時裝商店,Magasin de mode,fr-FR
外観ストア,Magasin de mode,fr-FR
코스튬 상점,Magasin de mode,fr-FR
Modeladen,Magasin de mode,fr-FR
Tienda de moda,Magasin de mode,fr-FR
Модный магазин,Magasin de mode,fr-FR
Outfit Rotation Guide,Guide de rotation des tenues,fr-FR
时装轮换功能说明,Guide de rotation des tenues,fr-FR
時裝輪換功能說明,Guide de rotation des tenues,fr-FR
コスチュームローテーション機能の説明,Guide de rotation des tenues,fr-FR
코스튬 로테이션 기능 설명,Guide de rotation des tenues,fr-FR
Leitfaden zur Outfit-Rotation,Guide de rotation des tenues,fr-FR
Guía de rotación de atuendos,Guide de rotation des tenues,fr-FR
Руководство по ротации костюмов,Guide de rotation des tenues,fr-FR
Sunday,Dimanche,fr-FR
星期日车队,Dimanche,fr-FR
星期日車隊,Dimanche,fr-FR
チーム「サンデー」,Dimanche,fr-FR
선데이 레이싱팀,Dimanche,fr-FR
Sonntag,Dimanche,fr-FR
Domingo,Dimanche,fr-FR
Воскресенье,Dimanche,fr-FR
No Resurrect Item,Pas d’objet de résurrection,fr-FR
暂无任何复活道具,Pas d’objet de résurrection,fr-FR
暫無任何復活道具,Pas d’objet de résurrection,fr-FR
復活アイテムがありません,Pas d’objet de résurrection,fr-FR
부활 아이템 없음,Pas d’objet de résurrection,fr-FR
Kein Wiederbelebungsgegenstand,Pas d’objet de résurrection,fr-FR
No hay objetos de resurrección.,Pas d’objet de résurrection,fr-FR
Нет предмета воскрешения,Pas d’objet de résurrection,fr-FR
Coastal Drift,Drift côtier,fr-FR
月光海岸车队,Drift côtier,fr-FR
月光海岸車隊,Drift côtier,fr-FR
チーム「月光海岸」,Drift côtier,fr-FR
달빛 비치 레이싱팀,Drift côtier,fr-FR
Küsten-Bummler,Drift côtier,fr-FR
Deriva Costera,Drift côtier,fr-FR
Прибрежный дрифт,Drift côtier,fr-FR
Unheard Shores - Sunday,Rivages inconnus - Dimanche,fr-FR
未闻浦·星期日,Rivages inconnus - Dimanche,fr-FR
未聞浦·星期日,Rivages inconnus - Dimanche,fr-FR
未聞浦「サンデー」,Rivages inconnus - Dimanche,fr-FR
미지의 해안·선데이,Rivages inconnus - Dimanche,fr-FR
Ferne Ufer – Sunday,Rivages inconnus - Dimanche,fr-FR
Costas Silenciosas: Domingo,Rivages inconnus - Dimanche,fr-FR
Неслыханные берега — Воскресенье,Rivages inconnus - Dimanche,fr-FR
Bridge Crossings - Coastal Drift,Croisée des ponts - Drift côtier,fr-FR
桥间地·月光海岸,Croisée des ponts - Drift côtier,fr-FR
橋間地·月光海岸,Croisée des ponts - Drift côtier,fr-FR
橋間地「月光海岸」,Croisée des ponts - Drift côtier,fr-FR
브릿지 구역·달빛 비치,Croisée des ponts - Drift côtier,fr-FR
Brückenviertel - Küsten-Bummler,Croisée des ponts - Drift côtier,fr-FR
Puentes Cruzados: Deriva Costera,Croisée des ponts - Drift côtier,fr-FR
Район мостов — Прибрежный дрифт,Croisée des ponts - Drift côtier,fr-FR
Board Rules,Règles du plateau,fr-FR
棋盘规则,Règles du plateau,fr-FR
棋盤規則,Règles du plateau,fr-FR
ボードルール,Règles du plateau,fr-FR
보드 규칙,Règles du plateau,fr-FR
Spielbrett-Regeln,Règles du plateau,fr-FR
Reglas del tablero,Règles du plateau,fr-FR
Правила доски,Règles du plateau,fr-FR
Board Details,Détails du plateau,fr-FR
棋盘详情,Détails du plateau,fr-FR
棋盤詳情,Détails du plateau,fr-FR
ボード詳細,Détails du plateau,fr-FR
보드 상세정보,Détails du plateau,fr-FR
Spielbrett-Details,Détails du plateau,fr-FR
Detalles del tablero,Détails du plateau,fr-FR
Подробности доски,Détails du plateau,fr-FR
Board Guide,Guide du plateau,fr-FR
棋盘说明,Guide du plateau,fr-FR
棋盤說明,Guide du plateau,fr-FR
ボード説明,Guide du plateau,fr-FR
보드 설명,Guide du plateau,fr-FR
Spielbrett-Anleitung,Guide du plateau,fr-FR
Guía del tablero,Guide du plateau,fr-FR
Руководство по доске,Guide du plateau,fr-FR
Duskmoor - Night Raptor,Lande du crépuscule - Rapace nocturne,fr-FR
泊暮·夜鸮,Lande du crépuscule - Rapace nocturne,fr-FR
泊暮·夜鴞,Lande du crépuscule - Rapace nocturne,fr-FR
星暮・夜梟,Lande du crépuscule - Rapace nocturne,fr-FR
어스름·올빼미,Lande du crépuscule - Rapace nocturne,fr-FR
Dämmermoor - Nachteule,Lande du crépuscule - Rapace nocturne,fr-FR
Páramo Crepuscular: Raptor Nocturno,Lande du crépuscule - Rapace nocturne,fr-FR
Сумеречная пустошь — Ночной хищник,Lande du crépuscule - Rapace nocturne,fr-FR
Duskmoor - Chapter Nova,Lande du crépuscule - Chapitre Nova,fr-FR
泊暮·新章,Lande du crépuscule - Chapitre Nova,fr-FR
星暮・ジェネシス,Lande du crépuscule - Chapitre Nova,fr-FR
어스름·뉴룰,Lande du crépuscule - Chapitre Nova,fr-FR
Dämmermoor - Nova-Kapitel,Lande du crépuscule - Chapitre Nova,fr-FR
Páramo Crepuscular: Capítulo Nova,Lande du crépuscule - Chapitre Nova,fr-FR
Сумеречная пустошь — Новая глава,Lande du crépuscule - Chapitre Nova,fr-FR
Duskmoor - First Sense,Lande du crépuscule - Premier sens,fr-FR
泊暮·第一感,Lande du crépuscule - Premier sens,fr-FR
星暮・第一感,Lande du crépuscule - Premier sens,fr-FR
어스름·더 퍼스트,Lande du crépuscule - Premier sens,fr-FR
Dämmermoor - Erster Sinn,Lande du crépuscule - Premier sens,fr-FR
Páramo Crepuscular: Primer Instinto,Lande du crépuscule - Premier sens,fr-FR
Сумеречная пустошь — Первое чувство,Lande du crépuscule - Premier sens,fr-FR
Duskmoor - Silver Crown,Lande du crépuscule - Couronne d’argent,fr-FR
泊暮·银冠,Lande du crépuscule - Couronne d’argent,fr-FR
泊暮·銀冠,Lande du crépuscule - Couronne d’argent,fr-FR
星暮・銀冠,Lande du crépuscule - Couronne d’argent,fr-FR
어스름·실버 크라운,Lande du crépuscule - Couronne d’argent,fr-FR
Dämmermoor - Silberkrone,Lande du crépuscule - Couronne d’argent,fr-FR
Páramo Crepuscular: Corona Plateada,Lande du crépuscule - Couronne d’argent,fr-FR
Сумеречная пустошь — Серебряная корона,Lande du crépuscule - Couronne d’argent,fr-FR
Bubble Can - Apple Core,Canette à bulles - Trognon de pomme,fr-FR
泡影罐头·苹果核,Canette à bulles - Trognon de pomme,fr-FR
泡影罐頭·蘋果核,Canette à bulles - Trognon de pomme,fr-FR
バブル缶-リンゴの芯,Canette à bulles - Trognon de pomme,fr-FR
버블캔·사과씨,Canette à bulles - Trognon de pomme,fr-FR
Blasendose – Apfelkerngehäuse,Canette à bulles - Trognon de pomme,fr-FR
Lata Burbuja: Corazón de manzana,Canette à bulles - Trognon de pomme,fr-FR
Яблочный огрызок в банке,Canette à bulles - Trognon de pomme,fr-FR
Bubble Can - Spiral Tune,Canette à bulles - Mélodie spirale,fr-FR
泡影罐头·螺旋乐,Canette à bulles - Mélodie spirale,fr-FR
泡影罐頭·螺旋樂,Canette à bulles - Mélodie spirale,fr-FR
バブル缶-渦音符,Canette à bulles - Mélodie spirale,fr-FR
버블캔·나선형 선율,Canette à bulles - Mélodie spirale,fr-FR
Blasendose – Spiralton,Canette à bulles - Mélodie spirale,fr-FR
Lata Burbuja: Melodía espiral,Canette à bulles - Mélodie spirale,fr-FR
Банка газировки – спиральная мелодия,Canette à bulles - Mélodie spirale,fr-FR
Tetrominoes,Tétrominos,fr-FR
泯除方块,Tétrominos,fr-FR
泯除方塊,Tétrominos,fr-FR
排除パズル,Tétrominos,fr-FR
테트로미노,Tétrominos,fr-FR
Tetrominós,Tétrominos,fr-FR
Тетрамино,Tétrominos,fr-FR
Unclaimed Event Reward Reissue,Réémission de récompenses d’événement non réclamées,fr-FR
活动遗失奖励补发,Réémission de récompenses d’événement non réclamées,fr-FR
活動遺失獎勵補發,Réémission de récompenses d’événement non réclamées,fr-FR
イベント未受取報酬の送付,Réémission de récompenses d’événement non réclamées,fr-FR
이벤트 미수령 보상 보충 지급,Réémission de récompenses d’événement non réclamées,fr-FR
Neuausgabe von nicht-eingeforderten Eventbelohnungen,Réémission de récompenses d’événement non réclamées,fr-FR
Reemisión de recompensas de evento sin reclamar,Réémission de récompenses d’événement non réclamées,fr-FR
Повторная выдача награды за событие,Réémission de récompenses d’événement non réclamées,fr-FR
Aurelia & Dice,Aurelia & Dés,fr-FR
海月与骰子,Aurelia & Dés,fr-FR
海月與骰子,Aurelia & Dés,fr-FR
海月とサイコロ,Aurelia & Dés,fr-FR
우미츠키와 주사위,Aurelia & Dés,fr-FR
Aurelia & Würfel,Aurelia & Dés,fr-FR
Aurelia y Dados,Aurelia & Dés,fr-FR
Аурелия и кубики,Aurelia & Dés,fr-FR
Riftcrystal Extract,Extrait de Cristal de la faille,fr-FR
淬取异晶,Extrait de Cristal de la faille,fr-FR
淬取異晶,Extrait de Cristal de la faille,fr-FR
異晶抽出,Extrait de Cristal de la faille,fr-FR
이상 수정 추출,Extrait de Cristal de la faille,fr-FR
Risskristall-Extrakt,Extrait de Cristal de la faille,fr-FR
Extractor de cristalfisura,Extrait de Cristal de la faille,fr-FR
Экстракт рифткристалла,Extrait de Cristal de la faille,fr-FR
Breezy Ride,Balade au gré du vent,fr-FR
清风骑旅,Balade au gré du vent,fr-FR
清風騎旅,Balade au gré du vent,fr-FR
潮風ツーリング,Balade au gré du vent,fr-FR
산들바람 속 라이딩,Balade au gré du vent,fr-FR
Luftige Spritztour,Balade au gré du vent,fr-FR
Paseo con la brisa,Balade au gré du vent,fr-FR
Поездка с ветерком,Balade au gré du vent,fr-FR
Call of the Soul,Appel de l’âme,fr-FR
灵魂的召唤,Appel de l’âme,fr-FR
靈魂的召喚,Appel de l’âme,fr-FR
魂の召喚,Appel de l’âme,fr-FR
영혼 소환,Appel de l’âme,fr-FR
Ruf der Seele,Appel de l’âme,fr-FR
La llamada del alma,Appel de l’âme,fr-FR
Зов души,Appel de l’âme,fr-FR
Hot Picks,Sélections populaires,fr-FR
热销推荐,Sélections populaires,fr-FR
熱銷推薦,Sélections populaires,fr-FR
おすすめ,Sélections populaires,fr-FR
인기 상품 추천,Sélections populaires,fr-FR
Angesagt,Sélections populaires,fr-FR
Selecciones Destacadas,Sélections populaires,fr-FR
Горячие хиты,Sélections populaires,fr-FR
Hunter Exchange,Échange de chasseur,fr-FR
猎人交易所,Échange de chasseur,fr-FR
獵人交易所,Échange de chasseur,fr-FR
ハンター取引所,Échange de chasseur,fr-FR
헌터 거래소,Échange de chasseur,fr-FR
Jäger-Austausch,Échange de chasseur,fr-FR
Intercambio de cazadores,Échange de chasseur,fr-FR
Обмен охотника,Échange de chasseur,fr-FR
玛门,Mammon,fr-FR
瑪門,Mammon,fr-FR
マモン,Mammon,fr-FR
마몬,Mammon,fr-FR
Маммон,Mammon,fr-FR
Mode Shop,Magasins d’Extras,fr-FR
玩法商店,Magasins d’Extras,fr-FR
コンテンツストア,Magasins d’Extras,fr-FR
콘텐츠 상점,Magasins d’Extras,fr-FR
Modus-Laden,Magasins d’Extras,fr-FR
Tienda de Modos,Magasins d’Extras,fr-FR
Магазин режимов,Magasins d’Extras,fr-FR
Hethereau - Full Throttle,Hethereau - À fond les ballons,fr-FR
环海特洛·全速前进！,Hethereau - À fond les ballons,fr-FR
環海特洛·全速前進！,Hethereau - À fond les ballons,fr-FR
ヘテロシティ「全速前進！」,Hethereau - À fond les ballons,fr-FR
헤테로 일주·전력질주!,Hethereau - À fond les ballons,fr-FR
Hethereau – Vollgas,Hethereau - À fond les ballons,fr-FR
Hethereau: Aceleración Máxima,Hethereau - À fond les ballons,fr-FR
Этеро — Полный газ,Hethereau - À fond les ballons,fr-FR
Annulith Processing,Traitement d’Annulith,fr-FR
环石加工,Traitement d’Annulith,fr-FR
環石加工,Traitement d’Annulith,fr-FR
円石加工,Traitement d’Annulith,fr-FR
환석 가공,Traitement d’Annulith,fr-FR
Annulith-Verarbeitung,Traitement d’Annulith,fr-FR
Procesamiento de arolita,Traitement d’Annulith,fr-FR
Обработка аннулита,Traitement d’Annulith,fr-FR
Annulith Order,Commande d’Annulith,fr-FR
环石订购,Commande d’Annulith,fr-FR
環石訂購,Commande d’Annulith,fr-FR
円石購入,Commande d’Annulith,fr-FR
환석 예약 구매,Commande d’Annulith,fr-FR
Annulith-Bestellung,Commande d’Annulith,fr-FR
Orden de arolita,Commande d’Annulith,fr-FR
Заказы на аннулит,Commande d’Annulith,fr-FR
Beetle Coin,Pièce coléoptère,fr-FR
甲硬币,Pièce coléoptère,fr-FR
甲硬幣,Pièce coléoptère,fr-FR
甲虫コイン,Pièce coléoptère,fr-FR
비틀 코인,Pièce coléoptère,fr-FR
Käfermünze,Pièce coléoptère,fr-FR
Moneda Escarabajo,Pièce coléoptère,fr-FR
Жук-монета,Pièce coléoptère,fr-FR
Crimson Double Seat,Siège deux places pourpre,fr-FR
真红双人座,Siège deux places pourpre,fr-FR
真紅雙人座,Siège deux places pourpre,fr-FR
真っ赤な2人掛け,Siège deux places pourpre,fr-FR
진홍 2인석,Siège deux places pourpre,fr-FR
Purpur-Zweisitzer,Siège deux places pourpre,fr-FR
Asiento doble carmesí,Siège deux places pourpre,fr-FR
Место для двоих: багровое,Siège deux places pourpre,fr-FR
Crimson Four-Seat,Siège quatre places pourpre,fr-FR
真红四人座,Siège quatre places pourpre,fr-FR
真紅四人座,Siège quatre places pourpre,fr-FR
真っ赤な4人掛け,Siège quatre places pourpre,fr-FR
진홍 4인석,Siège quatre places pourpre,fr-FR
Purpur-Viersitzer,Siège quatre places pourpre,fr-FR
Cuatro asientos carmesí,Siège quatre places pourpre,fr-FR
Место для четверых: багровое,Siège quatre places pourpre,fr-FR
Gift Center,Centre de cadeaux,fr-FR
礼包中心,Centre de cadeaux,fr-FR
禮包中心,Centre de cadeaux,fr-FR
パックセンター,Centre de cadeaux,fr-FR
패키지 센터,Centre de cadeaux,fr-FR
Geschenkzentrum,Centre de cadeaux,fr-FR
Centro de regalos,Centre de cadeaux,fr-FR
Центр подарков,Centre de cadeaux,fr-FR
Package Duplicate Purchase Error,Erreur d’achat de pack en double,fr-FR
礼包重复购买异常,Erreur d’achat de pack en double,fr-FR
禮包重複購買異常,Erreur d’achat de pack en double,fr-FR
ギフトパック重複購入の不具合につきまして,Erreur d’achat de pack en double,fr-FR
패키지 중복 구매 오류,Erreur d’achat de pack en double,fr-FR
Fehler mit Doppelkauf von Paket,Erreur d’achat de pack en double,fr-FR
Error de compra duplicada del paquete,Erreur d’achat de pack en double,fr-FR
Ошибка повторной покупки пакета,Erreur d’achat de pack en double,fr-FR
"Console Removed, Development Costs Refunded","Console supprimée, coûts de développement remboursés",fr-FR
空幕扣除及养成返还,"Console supprimée, coûts de développement remboursés",fr-FR
空幕扣除及養成返還,"Console supprimée, coûts de développement remboursés",fr-FR
ギア回収と育成素材の返還,"Console supprimée, coûts de développement remboursés",fr-FR
콘솔 차감 및 육성 자원 반환,"Console supprimée, coûts de développement remboursés",fr-FR
"Konsole entfernt, Entwicklungskosten erstattet","Console supprimée, coûts de développement remboursés",fr-FR
"Consola eliminada, costos de desarrollo reembolsados.","Console supprimée, coûts de développement remboursés",fr-FR
"Консоль удалена, затраты на развитие возмещены","Console supprimée, coûts de développement remboursés",fr-FR
First Sense,Premier sens,fr-FR
第一感车队,Premier sens,fr-FR
第一感車隊,Premier sens,fr-FR
「第一感」,Premier sens,fr-FR
더 퍼스트 레이싱팀,Premier sens,fr-FR
Erster Sinn,Premier sens,fr-FR
Primer Instinto,Premier sens,fr-FR
Первое чувство,Premier sens,fr-FR
Miguel District - Meridian,Quartier de Miguel - Méridien,fr-FR
米格尔·子午线,Quartier de Miguel - Méridien,fr-FR
米格爾·子午線,Quartier de Miguel - Méridien,fr-FR
ミゲル「子午線」,Quartier de Miguel - Méridien,fr-FR
미구엘·메리디안,Quartier de Miguel - Méridien,fr-FR
Bezirk Miguel – Meridian,Quartier de Miguel - Méridien,fr-FR
Distrito de Miguel: Meridiano,Quartier de Miguel - Méridien,fr-FR
Район Мигель — Меридиан,Quartier de Miguel - Méridien,fr-FR
Pink Paws Den,Repaire des pattes roses,fr-FR
粉爪猫窝,Repaire des pattes roses,fr-FR
粉爪貓窩,Repaire des pattes roses,fr-FR
にくきゅうベッド,Repaire des pattes roses,fr-FR
핑크퍼스 캣 하우스,Repaire des pattes roses,fr-FR
Höhle der rosa Pfötchen,Repaire des pattes roses,fr-FR
Guarida de Pink Paws,Repaire des pattes roses,fr-FR
Логово «Розовые лапки»,Repaire des pattes roses,fr-FR
Online Confidential Test Development Supplies (1/2),Fournitures de développement du test confidentiel en ligne (1/2),fr-FR
线上保密测试养成补给(1/2),Fournitures de développement du test confidentiel en ligne (1/2),fr-FR
線上保密測試養成補給(1/2),Fournitures de développement du test confidentiel en ligne (1/2),fr-FR
クローズドβテスト育成補給（1/2）,Fournitures de développement du test confidentiel en ligne (1/2),fr-FR
온라인 보안 테스트 육성 보급(1/2),Fournitures de développement du test confidentiel en ligne (1/2),fr-FR
Entwicklungsvorräte für den vertraulichen Online-Test (1/2),Fournitures de développement du test confidentiel en ligne (1/2),fr-FR
Suministros para desarrollo de prueba confidencial en línea (1/2),Fournitures de développement du test confidentiel en ligne (1/2),fr-FR
Припасы для развития во время закрытого онлайн-тестирования (1/2),Fournitures de développement du test confidentiel en ligne (1/2),fr-FR
菜单,Menu,fr-FR
功能表,Menu,fr-FR
メニュー,Menu,fr-FR
메뉴,Menu,fr-FR
Menü,Menu,fr-FR
Menú,Menu,fr-FR
Меню,Menu,fr-FR
Bolt Shop,Boutique des boulons,fr-FR
螺钉商店,Boutique des boulons,fr-FR
螺釘商店,Boutique des boulons,fr-FR
黒鉄ショップ,Boutique des boulons,fr-FR
나사 상점,Boutique des boulons,fr-FR
Bolt-Laden,Boutique des boulons,fr-FR
Tienda de tornillos,Boutique des boulons,fr-FR
Магазин болтов,Boutique des boulons,fr-FR
Character and Arc Drop Rates,Taux d’obtention des personnages et des arcs,fr-FR
角色及弧盘获取概率,Taux d’obtention des personnages et des arcs,fr-FR
角色及弧盤獲取機率,Taux d’obtention des personnages et des arcs,fr-FR
キャラおよび弧盤の獲得確率,Taux d’obtention des personnages et des arcs,fr-FR
캐릭터 및 아크 획득 확률,Taux d’obtention des personnages et des arcs,fr-FR
Drop-Raten für Charaktere und Arkus,Taux d’obtention des personnages et des arcs,fr-FR
Probabilidades de obtención de personajes y Discos,Taux d’obtention des personnages et des arcs,fr-FR
Шансы получения персонажей и дуг,Taux d’obtention des personnages et des arcs,fr-FR
Companion Characters Ride,Balade avec des camarades,fr-FR
角色骑行同乘,Balade avec des camarades,fr-FR
角色騎車同乘,Balade avec des camarades,fr-FR
キャラと二人乗り,Balade avec des camarades,fr-FR
캐릭터 자전거 동승,Balade avec des camarades,fr-FR
Fahrt mit Gefährten,Balade avec des camarades,fr-FR
Viaje con acompañantes,Balade avec des camarades,fr-FR
Поездка с компаньонами,Balade avec des camarades,fr-FR
Settings,Paramètres,fr-FR
设置,Paramètres,fr-FR
設置,Paramètres,fr-FR
設定,Paramètres,fr-FR
설정,Paramètres,fr-FR
Einstellungen,Paramètres,fr-FR
Ajustes,Paramètres,fr-FR
Настройки,Paramètres,fr-FR
Insufficient currency.,Monnaie insuffisante.,fr-FR
货币不足,Monnaie insuffisante.,fr-FR
貨幣不足,Monnaie insuffisante.,fr-FR
通貨が足りません,Monnaie insuffisante.,fr-FR
화폐 부족,Monnaie insuffisante.,fr-FR
Unzureichende Währung,Monnaie insuffisante.,fr-FR
Dinero insuficiente.,Monnaie insuffisante.,fr-FR
Подтвердите бросок,Monnaie insuffisante.,fr-FR
Resource Shop,Magasin de ressources,fr-FR
资源商店,Magasin de ressources,fr-FR
資源商店,Magasin de ressources,fr-FR
資源ストア,Magasin de ressources,fr-FR
자원 상점,Magasin de ressources,fr-FR
Ressourcenladen,Magasin de ressources,fr-FR
Tienda de recursos,Magasin de ressources,fr-FR
Магазин ресурсов,Magasin de ressources,fr-FR
超分,DLSS Super Resolution,fr-FR
アップスケーリング,DLSS Super Resolution,fr-FR
초해상도,DLSS Super Resolution,fr-FR
Súper Resolución DLSS,DLSS Super Resolution,fr-FR
Super Sound,Super son,fr-FR
超强音,Super son,fr-FR
超強音,Super son,fr-FR
ハイパーサウンド,Super son,fr-FR
파워코드,Super son,fr-FR
Supersound,Super son,fr-FR
Supersonido,Super son,fr-FR
Суперзвук,Super son,fr-FR
Hiders Win,Victoire des proies,fr-FR
躲藏者获胜,Victoire des proies,fr-FR
躲藏者獲勝,Victoire des proies,fr-FR
逃亡者の勝利,Victoire des proies,fr-FR
도망자 승리,Victoire des proies,fr-FR
Die Verstecker gewinnen,Victoire des proies,fr-FR
¡Victoria de los escondidos!,Victoire des proies,fr-FR
Победа Прячущихся,Victoire des proies,fr-FR
Rotate,Rotation,fr-FR
轮换,Rotation,fr-FR
輪換,Rotation,fr-FR
ローテ,Rotation,fr-FR
로테이션,Rotation,fr-FR
Rotieren,Rotation,fr-FR
Rotar,Rotation,fr-FR
Ротация,Rotation,fr-FR
Lost Exchange,Échange de pièces perdues,fr-FR
迷迭兑换,Échange de pièces perdues,fr-FR
迷迭兌換,Échange de pièces perdues,fr-FR
迷走交換,Échange de pièces perdues,fr-FR
방향치 기물 교환,Échange de pièces perdues,fr-FR
Verlorener Austausch,Échange de pièces perdues,fr-FR
Intercambio perdido,Échange de pièces perdues,fr-FR
Обмен потерь,Échange de pièces perdues,fr-FR
Hunters Win,Victoire des chasseurs,fr-FR
追捕者获胜,Victoire des chasseurs,fr-FR
追捕者獲勝,Victoire des chasseurs,fr-FR
追跡者の勝利,Victoire des chasseurs,fr-FR
추격자 승리,Victoire des chasseurs,fr-FR
Jäger gewinnen,Victoire des chasseurs,fr-FR
¡Victoria de los cazadores!,Victoire des chasseurs,fr-FR
Победа Охотников,Victoire des chasseurs,fr-FR
追风车队,Tempestas,fr-FR
追風車隊,Tempestas,fr-FR
チーム「風を打ち破れ！」,Tempestas,fr-FR
템페스타스 레이싱팀,Tempestas,fr-FR
Ураган,Tempestas,fr-FR
Item Name,Nom de l’objet,fr-FR
道具名称,Nom de l’objet,fr-FR
道具名稱,Nom de l’objet,fr-FR
アイテム名,Nom de l’objet,fr-FR
아이템 이름,Nom de l’objet,fr-FR
Gegenstand-Name,Nom de l’objet,fr-FR
Nombre de objeto,Nom de l’objet,fr-FR
Название предмета,Nom de l’objet,fr-FR
Invite Teammates,Inviter des camarades,fr-FR
邀请队友,Inviter des camarades,fr-FR
邀請隊友,Inviter des camarades,fr-FR
チームメンバーを招待,Inviter des camarades,fr-FR
팀원 초대,Inviter des camarades,fr-FR
Teammitglieder einladen,Inviter des camarades,fr-FR
Invita a los integrantes de equipo,Inviter des camarades,fr-FR
Пригласить товарищей,Inviter des camarades,fr-FR
邮件收藏盒,Collection,fr-FR
信件收藏盒,Collection,fr-FR
メールボックス,Collection,fr-FR
우편 수집함,Collection,fr-FR
Sammlung,Collection,fr-FR
Colección,Collection,fr-FR
Коллекция,Collection,fr-FR
Appraisal Level Adjustment,Ajustement du niveau d’évaluation,fr-FR
鉴别等级调整,Ajustement du niveau d’évaluation,fr-FR
鑒別等級調整,Ajustement du niveau d’évaluation,fr-FR
鑑定レベル調整,Ajustement du niveau d’évaluation,fr-FR
감정 레벨 조정,Ajustement du niveau d’évaluation,fr-FR
Gutachter-Level-Anpassung,Ajustement du niveau d’évaluation,fr-FR
Ajuste del nivel de perito,Ajustement du niveau d’évaluation,fr-FR
Коррекция уровня оценки,Ajustement du niveau d’évaluation,fr-FR
Silver Crown,Couronne d’argent,fr-FR
银冠车队,Couronne d’argent,fr-FR
銀冠車隊,Couronne d’argent,fr-FR
「銀冠」,Couronne d’argent,fr-FR
실버 크라운 레이싱팀,Couronne d’argent,fr-FR
Silberkrone,Couronne d’argent,fr-FR
Corona Plateada,Couronne d’argent,fr-FR
Серебряная корона,Couronne d’argent,fr-FR
Survey,Sondage,fr-FR
问卷调查,Sondage,fr-FR
問卷調查,Sondage,fr-FR
アンケート,Sondage,fr-FR
설문 조사,Sondage,fr-FR
Umfrage,Sondage,fr-FR
Encuesta,Sondage,fr-FR
Опрос,Sondage,fr-FR
Fair Exchange,Échange de la foire,fr-FR
集市兑换,Échange de la foire,fr-FR
集市兌換,Échange de la foire,fr-FR
交換所,Échange de la foire,fr-FR
마켓 교환,Échange de la foire,fr-FR
Messe-Austausch,Échange de la foire,fr-FR
Intercambio de feria,Échange de la foire,fr-FR
Обмен на ярмарке,Échange de la foire,fr-FR
Shotgun,Fusil à pompe,fr-FR
霰弹枪,Fusil à pompe,fr-FR
霰彈槍,Fusil à pompe,fr-FR
ショットガン,Fusil à pompe,fr-FR
샷건,Fusil à pompe,fr-FR
Schrotflinte,Fusil à pompe,fr-FR
Escopeta,Fusil à pompe,fr-FR
Дробовик,Fusil à pompe,fr-FR
Claim Rewards,Réclamer les récompenses,fr-FR
领取奖励,Réclamer les récompenses,fr-FR
領取獎勵,Réclamer les récompenses,fr-FR
報酬を受け取る,Réclamer les récompenses,fr-FR
보상 수령,Réclamer les récompenses,fr-FR
Belohnungen abholen,Réclamer les récompenses,fr-FR
Reclamar recompensas,Réclamer les récompenses,fr-FR
Получить награды,Réclamer les récompenses,fr-FR
Duplicates and Bonuses,Doublons et bonus,fr-FR
额外奖励及重复获得,Doublons et bonus,fr-FR
額外獎勵及重複獲得,Doublons et bonus,fr-FR
追加報酬および重複獲得,Doublons et bonus,fr-FR
추가 보상 및 중복 획득,Doublons et bonus,fr-FR
Duplikate und Boni,Doublons et bonus,fr-FR
Duplicados y bonos,Doublons et bonus,fr-FR
Дубликаты и бонусы,Doublons et bonus,fr-FR
Extra Reward,Récompense supplémentaire,fr-FR
额外获得,Récompense supplémentaire,fr-FR
額外獲得,Récompense supplémentaire,fr-FR
ボーナス,Récompense supplémentaire,fr-FR
추가 획득,Récompense supplémentaire,fr-FR
Extrabelohnung,Récompense supplémentaire,fr-FR
Recompensa extra,Récompense supplémentaire,fr-FR
Дополнительная награда,Récompense supplémentaire,fr-FR
Aircraft Shop,Magasin d’avions,fr-FR
飞行器商店,Magasin d’avions,fr-FR
飛行器商店,Magasin d’avions,fr-FR
飛行具ストア,Magasin d’avions,fr-FR
비행 기구 상점,Magasin d’avions,fr-FR
Flugzeug-Laden,Magasin d’avions,fr-FR
Tienda de aeronaves,Magasin d’avions,fr-FR
Магазин самолётов,Magasin d’avions,fr-FR
Dice & Key,Dés et clé,fr-FR
骰子与钥匙,Dés et clé,fr-FR
骰子與鑰匙,Dés et clé,fr-FR
サイコロと鍵,Dés et clé,fr-FR
주사위와 열쇠,Dés et clé,fr-FR
Würfel & Schlüssel,Dés et clé,fr-FR
Dados y llave,Dés et clé,fr-FR
Кубики и ключ,Dés et clé,fr-FR
Black Iron Double Seat,Siège deux places en fer noir,fr-FR
黑铁双人座,Siège deux places en fer noir,fr-FR
黑鐵雙人座,Siège deux places en fer noir,fr-FR
黒鉄の2人掛け,Siège deux places en fer noir,fr-FR
흑철 2인석,Siège deux places en fer noir,fr-FR
Schwarzeisen-Zweisitzer,Siège deux places en fer noir,fr-FR
Asiento doble de hierro negro,Siège deux places en fer noir,fr-FR
Место для двоих: черное железо,Siège deux places en fer noir,fr-FR
Black Iron Four-Seat,Siège quatre places en fer noir,fr-FR
黑铁四人座,Siège quatre places en fer noir,fr-FR
黑鐵四人座,Siège quatre places en fer noir,fr-FR
黒鉄の4人掛け,Siège quatre places en fer noir,fr-FR
흑철 4인석,Siège quatre places en fer noir,fr-FR
Schwarzeisen-Viersitzer,Siège quatre places en fer noir,fr-FR
Cuatro asientos de hierro negro,Siège quatre places en fer noir,fr-FR
Место для четверых: черное железо,Siège quatre places en fer noir,fr-FR
Eden Apartments,Appartements d’Éden,fr-FR
伊登公寓,Appartements d’Éden,fr-FR
レジスEDEN,Appartements d’Éden,fr-FR
에덴 아파트,Appartements d’Éden,fr-FR
Eden-Apartments,Appartements d’Éden,fr-FR
Apartamentos Edén,Appartements d’Éden,fr-FR
Апартаменты «Эдем»,Appartements d’Éden,fr-FR
Skyview Halls,Halls avec vue panoramique,fr-FR
天景空馆,Halls avec vue panoramique,fr-FR
天景空館,Halls avec vue panoramique,fr-FR
天景の館,Halls avec vue panoramique,fr-FR
천공의 집,Halls avec vue panoramique,fr-FR
Himmelssicht-Hallen,Halls avec vue panoramique,fr-FR
Sala Vistaceleste,Halls avec vue panoramique,fr-FR
Залы Небесного Взора,Halls avec vue panoramique,fr-FR
Pegasus Residence,La résidence Pégase,fr-FR
天骏公阁,La résidence Pégase,fr-FR
天駿公閣,La résidence Pégase,fr-FR
レジスCREST,La résidence Pégase,fr-FR
페가수스 레지던스,La résidence Pégase,fr-FR
Pegasus-Residenz,La résidence Pégase,fr-FR
Residencia Pegasus,La résidence Pégase,fr-FR
Резиденция «Пегас»,La résidence Pégase,fr-FR
Fenglin Villa,Villa de Fenglin,fr-FR
峰林别墅,Villa de Fenglin,fr-FR
峰林別墅,Villa de Fenglin,fr-FR
シルヴァ邸苑,Villa de Fenglin,fr-FR
봉우리 별장,Villa de Fenglin,fr-FR
Fenglin-Villa,Villa de Fenglin,fr-FR
Villa Fenglin,Villa de Fenglin,fr-FR
Вилла Фэнлинь,Villa de Fenglin,fr-FR
Smart Control,Contrôle intelligent,fr-FR
智能中控,Contrôle intelligent,fr-FR
スマート中枢,Contrôle intelligent,fr-FR
스마트 컨트롤,Contrôle intelligent,fr-FR
Smart-Kontrolle,Contrôle intelligent,fr-FR
Control inteligente,Contrôle intelligent,fr-FR
Умное управление,Contrôle intelligent,fr-FR
Wiener Apartments,Appartements Wiener,fr-FR
维纳公寓,Appartements Wiener,fr-FR
維納公寓,Appartements Wiener,fr-FR
メゾンVINA,Appartements Wiener,fr-FR
위너 아파트,Appartements Wiener,fr-FR
Apartamentos Wiener,Appartements Wiener,fr-FR
Апартаменты «Винер»,Appartements Wiener,fr-FR
Introduction,Présentation,fr-FR
说明,Présentation,fr-FR
說明,Présentation,fr-FR
説明,Présentation,fr-FR
설명,Présentation,fr-FR
Einführung,Présentation,fr-FR
Presentación,Présentation,fr-FR
Введение,Présentation,fr-FR
Golden Capital,Capital doré,fr-FR
金都云邸,Capital doré,fr-FR
金都雲邸,Capital doré,fr-FR
パレス雲都,Capital doré,fr-FR
금빛 헤리티지,Capital doré,fr-FR
Goldene Residenz,Capital doré,fr-FR
Capital Dorada,Capital doré,fr-FR
Золотая столица,Capital doré,fr-FR
"""Going, Going, Gone!"" Court Conditions","« Une fois, deux fois… adjugé ! » - Aperçu des Conditions de la partie",fr-FR
「即刻落槌」场地条件说明,"« Une fois, deux fois… adjugé ! » - Aperçu des Conditions de la partie",fr-FR
「即刻落槌」場地條件說明,"« Une fois, deux fois… adjugé ! » - Aperçu des Conditions de la partie",fr-FR
「一撃落札」会場条件の説明,"« Une fois, deux fois… adjugé ! » - Aperçu des Conditions de la partie",fr-FR
「땅땅땅」 경매장 특수 규칙 설명,"« Une fois, deux fois… adjugé ! » - Aperçu des Conditions de la partie",fr-FR
"„Zum Ersten, zum Zweiten, verkauft!“ – Übersicht der Auktionsbedingungen","« Une fois, deux fois… adjugé ! » - Aperçu des Conditions de la partie",fr-FR
"""¡A la una, a las dos… vendido!"" - Resumen de las Condiciones de la cancha","« Une fois, deux fois… adjugé ! » - Aperçu des Conditions de la partie",fr-FR
"«Раз, два, продано!» - Обзор Условий площадки","« Une fois, deux fois… adjugé ! » - Aperçu des Conditions de la partie",fr-FR
"Going, Going, Gone! Tutorial","Didacticiel de « Une fois, deux fois… adjugé ! »",fr-FR
「即刻落槌」玩法介绍视频,"Didacticiel de « Une fois, deux fois… adjugé ! »",fr-FR
「即刻落槌」玩法介紹影片,"Didacticiel de « Une fois, deux fois… adjugé ! »",fr-FR
「一撃落札」コンテンツ紹介動画,"Didacticiel de « Une fois, deux fois… adjugé ! »",fr-FR
「땅땅땅」 플레이 방식 소개 영상,"Didacticiel de « Une fois, deux fois… adjugé ! »",fr-FR
"Tutorial für „Zum Ersten, zum Zweiten, verkauft!“","Didacticiel de « Une fois, deux fois… adjugé ! »",fr-FR
"Tutorial de ¡A la una, a las dos… vendido!","Didacticiel de « Une fois, deux fois… adjugé ! »",fr-FR
"Обучение по «Раз, два, продано!»","Didacticiel de « Une fois, deux fois… adjugé ! »",fr-FR
Medium Value Device Set,Kit d’appareils d’estimation intermédiaire,fr-FR
中级价值仪器组,Kit d’appareils d’estimation intermédiaire,fr-FR
中級價值儀器組,Kit d’appareils d’estimation intermédiaire,fr-FR
中級査定キット,Kit d’appareils d’estimation intermédiaire,fr-FR
중급 가치 측정기 조합,Kit d’appareils d’estimation intermédiaire,fr-FR
Mittelpreis-Geräteset,Kit d’appareils d’estimation intermédiaire,fr-FR
Conjunto de dispositivos medianos de valoración,Kit d’appareils d’estimation intermédiaire,fr-FR
Средний комплект сканеров стоимости,Kit d’appareils d’estimation intermédiaire,fr-FR
Medium Quantity Device Set,Kit d’appareils de comptage intermédiaire,fr-FR
中级数量仪器组,Kit d’appareils de comptage intermédiaire,fr-FR
中級數量儀器組,Kit d’appareils de comptage intermédiaire,fr-FR
中級測定キット,Kit d’appareils de comptage intermédiaire,fr-FR
중급 수량 측정기 조합,Kit d’appareils de comptage intermédiaire,fr-FR
Mittelmengen-Geräteset,Kit d’appareils de comptage intermédiaire,fr-FR
Conjunto de dispositivos medianos de cantidad,Kit d’appareils de comptage intermédiaire,fr-FR
Средний комплект анализаторов количества,Kit d’appareils de comptage intermédiaire,fr-FR
Medium General-Purpose Device Set,Kit d’appareils polyvalent intermédiaire,fr-FR
中级泛用仪器组,Kit d’appareils polyvalent intermédiaire,fr-FR
中級泛用儀器組,Kit d’appareils polyvalent intermédiaire,fr-FR
中級汎用キット,Kit d’appareils polyvalent intermédiaire,fr-FR
중급 범용 측정기 조합,Kit d’appareils polyvalent intermédiaire,fr-FR
Mittelstufen-Allzweck-Geräteset,Kit d’appareils polyvalent intermédiaire,fr-FR
Conjunto de dispositivos medianos multipropósito,Kit d’appareils polyvalent intermédiaire,fr-FR
Средний комплект устройств широкого назначения,Kit d’appareils polyvalent intermédiaire,fr-FR
九原,Jiuyuan,fr-FR
구원,Jiuyuan,fr-FR
Цзююань,Jiuyuan,fr-FR
Device List,Liste des appareils,fr-FR
仪器列表,Liste des appareils,fr-FR
儀器清單,Liste des appareils,fr-FR
ツール一覧,Liste des appareils,fr-FR
측정기 리스트,Liste des appareils,fr-FR
Geräteliste,Liste des appareils,fr-FR
Lista de Dispositivos,Liste des appareils,fr-FR
Список устройств,Liste des appareils,fr-FR
Device Set,Kit d’appareils,fr-FR
仪器组合,Kit d’appareils,fr-FR
儀器組合,Kit d’appareils,fr-FR
ツールキット,Kit d’appareils,fr-FR
측정기 조합,Kit d’appareils,fr-FR
Geräte-Set,Kit d’appareils,fr-FR
Conjunto de dispositivos,Kit d’appareils,fr-FR
Комплект устройств,Kit d’appareils,fr-FR
Claim Safety Fund,Récupérer le Fonds de sécurité,fr-FR
低保金领取,Récupérer le Fonds de sécurité,fr-FR
低保金領取,Récupérer le Fonds de sécurité,fr-FR
最低保証金受取,Récupérer le Fonds de sécurité,fr-FR
보조금 수령,Récupérer le Fonds de sécurité,fr-FR
Sicherheitsfonds einfordern,Récupérer le Fonds de sécurité,fr-FR
Reclamar el Fondo de asistencia,Récupérer le Fonds de sécurité,fr-FR
Забрать средства из резервного фонда,Récupérer le Fonds de sécurité,fr-FR
Basic Data Device Set,Kit d’appareils de données basique,fr-FR
初级数据仪器组,Kit d’appareils de données basique,fr-FR
初級數據儀器組,Kit d’appareils de données basique,fr-FR
初級データキット,Kit d’appareils de données basique,fr-FR
초급 데이터 측정기 조합,Kit d’appareils de données basique,fr-FR
Grundstufen-Daten-Geräteset,Kit d’appareils de données basique,fr-FR
Conjunto de dispositivos básicos de datos,Kit d’appareils de données basique,fr-FR
Базовый комплект устройств для сбора данных,Kit d’appareils de données basique,fr-FR
Basic General-Purpose Device Set,Kit d’appareils polyvalent basique,fr-FR
初级泛用仪器组,Kit d’appareils polyvalent basique,fr-FR
初級泛用儀器組,Kit d’appareils polyvalent basique,fr-FR
初級汎用キット,Kit d’appareils polyvalent basique,fr-FR
초급 범용 측정기 조합,Kit d’appareils polyvalent basique,fr-FR
Grundstufen-Allzweck-Geräteset,Kit d’appareils polyvalent basique,fr-FR
Conjunto de dispositivos básicos multipropósito,Kit d’appareils polyvalent basique,fr-FR
Базовый комплект устройств широкого назначения,Kit d’appareils polyvalent basique,fr-FR
"Going, Going, Gone!","Une fois, deux fois… adjugé !",fr-FR
即刻落槌,"Une fois, deux fois… adjugé !",fr-FR
一撃落札,"Une fois, deux fois… adjugé !",fr-FR
땅땅땅,"Une fois, deux fois… adjugé !",fr-FR
"Zum Ersten, zum Zweiten, verkauft!","Une fois, deux fois… adjugé !",fr-FR
"¡A la una, a las dos… vendido!","Une fois, deux fois… adjugé !",fr-FR
"Раз, два, продано!","Une fois, deux fois… adjugé !",fr-FR
Antique Device Set,Kit d’appareils spécial antiquités,fr-FR
古董仪器组,Kit d’appareils spécial antiquités,fr-FR
古董儀器組,Kit d’appareils spécial antiquités,fr-FR
骨董鑑定キット,Kit d’appareils spécial antiquités,fr-FR
골동품 측정기 조합,Kit d’appareils spécial antiquités,fr-FR
Antiquitäten-Geräteset,Kit d’appareils spécial antiquités,fr-FR
Conjunto de dispositivos para antigüedades,Kit d’appareils spécial antiquités,fr-FR
Комплект устройств для антиквариата,Kit d’appareils spécial antiquités,fr-FR
哈索尔,Hathor,fr-FR
哈索爾,Hathor,fr-FR
ハソール,Hathor,fr-FR
하토르,Hathor,fr-FR
Хатор,Hathor,fr-FR
Salvage Results,Résultats de la récupération,fr-FR
回收结算,Résultats de la récupération,fr-FR
回收結算,Résultats de la récupération,fr-FR
回収リザルト,Résultats de la récupération,fr-FR
회수 결산,Résultats de la récupération,fr-FR
Bergungsergebnisse,Résultats de la récupération,fr-FR
Resultados de recuperación,Résultats de la récupération,fr-FR
Результаты подъёма,Résultats de la récupération,fr-FR
埃德嘉,Edgar,fr-FR
エドガー,Edgar,fr-FR
에드가,Edgar,fr-FR
Эдгар,Edgar,fr-FR
Gem Device Set,Kit d’appareils spécial gemmes,fr-FR
宝石仪器组,Kit d’appareils spécial gemmes,fr-FR
寶石儀器組,Kit d’appareils spécial gemmes,fr-FR
宝石鑑定キット,Kit d’appareils spécial gemmes,fr-FR
보석 측정기 조합,Kit d’appareils spécial gemmes,fr-FR
Juwelen-Geräteset,Kit d’appareils spécial gemmes,fr-FR
Conjunto de dispositivos para gemas,Kit d’appareils spécial gemmes,fr-FR
Комплект устройств для самоцветов,Kit d’appareils spécial gemmes,fr-FR
小吱,Chiz,fr-FR
ちぃちゃん,Chiz,fr-FR
치즈,Chiz,fr-FR
Чиз,Chiz,fr-FR
Anomaly Device Set,Kit d’appareils pour anomalies,fr-FR
异象仪器组,Kit d’appareils pour anomalies,fr-FR
異象儀器組,Kit d’appareils pour anomalies,fr-FR
異象鑑定キット,Kit d’appareils pour anomalies,fr-FR
이상 측정기 조합,Kit d’appareils pour anomalies,fr-FR
Anomalie-Geräteset,Kit d’appareils pour anomalies,fr-FR
Conjunto de dispositivos para anomalías,Kit d’appareils pour anomalies,fr-FR
Комплект устройств для аномальных предметов,Kit d’appareils pour anomalies,fr-FR
Current Server Ranking,Classement Actuel du Serveur,fr-FR
当前全服排名,Classement Actuel du Serveur,fr-FR
當前全服排名,Classement Actuel du Serveur,fr-FR
現在の全体ランキング,Classement Actuel du Serveur,fr-FR
현재 전체 서버 순위,Classement Actuel du Serveur,fr-FR
Aktuelle Serverrangliste,Classement Actuel du Serveur,fr-FR
Clasificación Actual del Servidor,Classement Actuel du Serveur,fr-FR
Текущий Общесерверный Рейтинг,Classement Actuel du Serveur,fr-FR
Daily Goods Device Set,Kit d’appareils spécial objets du quotidien,fr-FR
日用仪器组,Kit d’appareils spécial objets du quotidien,fr-FR
日用儀器組,Kit d’appareils spécial objets du quotidien,fr-FR
雑貨鑑定キット,Kit d’appareils spécial objets du quotidien,fr-FR
일상용품 측정기 조합,Kit d’appareils spécial objets du quotidien,fr-FR
Alltagsgüter-Geräteset,Kit d’appareils spécial objets du quotidien,fr-FR
Conjunto de dispositivos para artículos de uso diario,Kit d’appareils spécial objets du quotidien,fr-FR
Комплект устройств для повседневных товаров,Kit d’appareils spécial objets du quotidien,fr-FR
梅森,Mason,fr-FR
メイソン,Mason,fr-FR
메이슨,Mason,fr-FR
Мэйсон,Mason,fr-FR
浔,Hotori,fr-FR
潯,Hotori,fr-FR
호토리,Hotori,fr-FR
Хотори,Hotori,fr-FR
Tech Device Set,Kit d’appareils spécial objets technologiques,fr-FR
科技仪器组,Kit d’appareils spécial objets technologiques,fr-FR
科技儀器組,Kit d’appareils spécial objets technologiques,fr-FR
テック鑑定キット,Kit d’appareils spécial objets technologiques,fr-FR
테크 측정기 조합,Kit d’appareils spécial objets technologiques,fr-FR
Tech-Geräteset,Kit d’appareils spécial objets technologiques,fr-FR
Conjunto de dispositivos para tecnología,Kit d’appareils spécial objets technologiques,fr-FR
Комплект устройств для техники,Kit d’appareils spécial objets technologiques,fr-FR
Auction Assistant List,Liste des assistants aux enchères,fr-FR
竞拍帮手列表,Liste des assistants aux enchères,fr-FR
競拍幫手列表,Liste des assistants aux enchères,fr-FR
オークション・パートナー一覧,Liste des assistants aux enchères,fr-FR
경매 조력자 리스트,Liste des assistants aux enchères,fr-FR
Liste der Auktionsassistenten,Liste des assistants aux enchères,fr-FR
Lista de asistentes a la subasta,Liste des assistants aux enchères,fr-FR
Список аукционного помощника,Liste des assistants aux enchères,fr-FR
Supreme Device Set,Kit d’appareils suprême,fr-FR
至尊仪器组,Kit d’appareils suprême,fr-FR
至尊儀器組,Kit d’appareils suprême,fr-FR
至高の鑑定キット,Kit d’appareils suprême,fr-FR
최고 측정기 조합,Kit d’appareils suprême,fr-FR
Ultimativ-Geräteset,Kit d’appareils suprême,fr-FR
Conjunto de dispositivos supremos,Kit d’appareils suprême,fr-FR
Первоклассный комплект устройств,Kit d’appareils suprême,fr-FR
Collectibles Warehouse,Entrepôt des objets de collection,fr-FR
藏品仓库：,Entrepôt des objets de collection,fr-FR
藏品倉庫：,Entrepôt des objets de collection,fr-FR
所蔵品倉庫：,Entrepôt des objets de collection,fr-FR
소장품 창고:,Entrepôt des objets de collection,fr-FR
Sammelobjekte-Lager,Entrepôt des objets de collection,fr-FR
Almacén de coleccionables,Entrepôt des objets de collection,fr-FR
Склад коллекционных предметов,Entrepôt des objets de collection,fr-FR
Cargohold,Cale,fr-FR
货舱,Cale,fr-FR
貨艙,Cale,fr-FR
コンテナ,Cale,fr-FR
화물칸,Cale,fr-FR
Frachtraum,Cale,fr-FR
Bodega de carga,Cale,fr-FR
Грузовой отсек,Cale,fr-FR
Super Valuation Device Set,Super kit d’appareils d’estimation,fr-FR
超级估值仪器组,Super kit d’appareils d’estimation,fr-FR
超級估值儀器組,Super kit d’appareils d’estimation,fr-FR
特級査定キット,Super kit d’appareils d’estimation,fr-FR
메가 총액 측정기 조합,Super kit d’appareils d’estimation,fr-FR
Super-Abschätzungs-Geräteset,Super kit d’appareils d’estimation,fr-FR
Conjunto de dispositivos superiores de valoración,Super kit d’appareils d’estimation,fr-FR
Суперкомплект устройств для определения стоимости,Super kit d’appareils d’estimation,fr-FR
Super Evaluation Device Set,Super kit d’appareils d’expertise,fr-FR
超级品鉴仪器组,Super kit d’appareils d’expertise,fr-FR
超級品鑒儀器組,Super kit d’appareils d’expertise,fr-FR
特級品質キット,Super kit d’appareils d’expertise,fr-FR
메가 품질 측정기 조합,Super kit d’appareils d’expertise,fr-FR
Super-Bewertungs-Geräteset,Super kit d’appareils d’expertise,fr-FR
Conjunto de dispositivos superiores de evaluación,Super kit d’appareils d’expertise,fr-FR
Суперкомплект устройств для экспертизы,Super kit d’appareils d’expertise,fr-FR
Daffodill,Jonquille,fr-FR
达芙蒂尔,Jonquille,fr-FR
達芙蒂爾,Jonquille,fr-FR
ダフォディール,Jonquille,fr-FR
다포딜,Jonquille,fr-FR
Даффодил,Jonquille,fr-FR
Advanced General-Purpose Device Set,Kit d’appareils polyvalent avancé,fr-FR
进阶泛用仪器组,Kit d’appareils polyvalent avancé,fr-FR
進階泛用儀器組,Kit d’appareils polyvalent avancé,fr-FR
厳選汎用キット,Kit d’appareils polyvalent avancé,fr-FR
강화 범용 측정기 조합,Kit d’appareils polyvalent avancé,fr-FR
Fortgeschrittenes Allzweck-Geräteset,Kit d’appareils polyvalent avancé,fr-FR
Conjunto de dispositivos avanzados multipropósito,Kit d’appareils polyvalent avancé,fr-FR
Продвинутый комплект устройств широкого назначения,Kit d’appareils polyvalent avancé,fr-FR
Shipwreck Salvage,Trésors de l’épave,fr-FR
遗舸寻珍,Trésors de l’épave,fr-FR
遺舸尋珍,Trésors de l’épave,fr-FR
難破船トレジャー,Trésors de l’épave,fr-FR
난파선 보물찾기,Trésors de l’épave,fr-FR
Schatzsuche im Schiffswrack,Trésors de l’épave,fr-FR
Tesoros del naufragio,Trésors de l’épave,fr-FR
Поиски сокровищ на затонувшем корабле,Trésors de l’épave,fr-FR
阿德勒,Adler,fr-FR
アドレー,Adler,fr-FR
아들러,Adler,fr-FR
Адлер,Adler,fr-FR
Food Device Set,Kit d’appareils spécial objets de type « Nourriture »,fr-FR
食品仪器组,Kit d’appareils spécial objets de type « Nourriture »,fr-FR
食品儀器組,Kit d’appareils spécial objets de type « Nourriture »,fr-FR
食品鑑定キット,Kit d’appareils spécial objets de type « Nourriture »,fr-FR
식품 측정기 조합,Kit d’appareils spécial objets de type « Nourriture »,fr-FR
Lebensmittel-Geräteset,Kit d’appareils spécial objets de type « Nourriture »,fr-FR
Conjunto de dispositivos para alimentos,Kit d’appareils spécial objets de type « Nourriture »,fr-FR
Комплект устройств для категории «Еда»,Kit d’appareils spécial objets de type « Nourriture »,fr-FR
Premium Evaluation Device Set,Kit d’appareils d’expertise premium,fr-FR
高级品鉴仪器组,Kit d’appareils d’expertise premium,fr-FR
高級品鑒儀器組,Kit d’appareils d’expertise premium,fr-FR
上級品質キット,Kit d’appareils d’expertise premium,fr-FR
고급 품질 측정기 조합,Kit d’appareils d’expertise premium,fr-FR
Premium-Bewertungs-Geräteset,Kit d’appareils d’expertise premium,fr-FR
Conjunto de dispositivos prémium de evaluación,Kit d’appareils d’expertise premium,fr-FR
Премиальный комплект устройств для экспертизы,Kit d’appareils d’expertise premium,fr-FR
Premium General-Purpose Device Set,Kit d’appareils polyvalent premium,fr-FR
高级泛用仪器组,Kit d’appareils polyvalent premium,fr-FR
高級泛用儀器組,Kit d’appareils polyvalent premium,fr-FR
上級汎用キット,Kit d’appareils polyvalent premium,fr-FR
고급 범용 측정기 조합,Kit d’appareils polyvalent premium,fr-FR
Premium-Allzweck-Geräteset,Kit d’appareils polyvalent premium,fr-FR
Conjunto de dispositivos prémium multipropósito,Kit d’appareils polyvalent premium,fr-FR
Премиальный комплект устройств широкого назначения,Kit d’appareils polyvalent premium,fr-FR
Golden Voyage Ticket,Ticket Odyssée d’or,fr-FR
「一帆金运」奖券,Ticket Odyssée d’or,fr-FR
「一帆金運」獎券,Ticket Odyssée d’or,fr-FR
「金風満帆」くじ,Ticket Odyssée d’or,fr-FR
「운수대통」 쿠폰,Ticket Odyssée d’or,fr-FR
Los der Goldenen Reise,Ticket Odyssée d’or,fr-FR
Boleto del viaje dorado,Ticket Odyssée d’or,fr-FR
Билет «Золотой вояж»,Ticket Odyssée d’or,fr-FR
Champion Ticket,Ticket « Champion »,fr-FR
「冠军得主」奖券,Ticket « Champion »,fr-FR
「冠軍得主」獎券,Ticket « Champion »,fr-FR
スクラッチ「チャンピオン」,Ticket « Champion »,fr-FR
「챔피언」 쿠폰,Ticket « Champion »,fr-FR
Champion-Ticket,Ticket « Champion »,fr-FR
Boleto del campeón,Ticket « Champion »,fr-FR
Билет чемпиона,Ticket « Champion »,fr-FR
Lucky Koi Ticket,Ticket de la Carpe bénie,fr-FR
「游金送福」奖券,Ticket de la Carpe bénie,fr-FR
「游金送福」獎券,Ticket de la Carpe bénie,fr-FR
「黄金招福」くじ,Ticket de la Carpe bénie,fr-FR
「호박이 넝쿨째로」 쿠폰,Ticket de la Carpe bénie,fr-FR
Glückskoi-Ticket,Ticket de la Carpe bénie,fr-FR
Boleto Koi feliz,Ticket de la Carpe bénie,fr-FR
Билет «Золотая рыбка»,Ticket de la Carpe bénie,fr-FR
Hot News Ticket,Ticket « Flash info »,fr-FR
「热门快讯」奖券,Ticket « Flash info »,fr-FR
「熱門新聞」獎券,Ticket « Flash info »,fr-FR
スクラッチ「トレンドニュース」,Ticket « Flash info »,fr-FR
「핫이슈」 쿠폰,Ticket « Flash info »,fr-FR
Heiße-News-Ticket,Ticket « Flash info »,fr-FR
Boleto de noticias de última hora,Ticket « Flash info »,fr-FR
Билет «Свежие новости»,Ticket « Flash info »,fr-FR
Nekomaru Ramen Ticket,Ticket « Ramen de Nekomaru »,fr-FR
「猫丸拉面」奖券,Ticket « Ramen de Nekomaru »,fr-FR
「貓丸拉麵」獎券,Ticket « Ramen de Nekomaru »,fr-FR
スクラッチ「猫丸ラーメン」,Ticket « Ramen de Nekomaru »,fr-FR
「네코마루 라멘」 쿠폰,Ticket « Ramen de Nekomaru »,fr-FR
Nekomaru-Ramen-Ticket,Ticket « Ramen de Nekomaru »,fr-FR
Boleto de Ramen Nekomaru,Ticket « Ramen de Nekomaru »,fr-FR
Билет «Лапшичная „Некомару“»,Ticket « Ramen de Nekomaru »,fr-FR
Cat Dream Ticket,Ticket « Rêve de chat »,fr-FR
「猫的梦境」奖券,Ticket « Rêve de chat »,fr-FR
「貓的夢境」獎券,Ticket « Rêve de chat »,fr-FR
スクラッチ「ドリームキャット」,Ticket « Rêve de chat »,fr-FR
「고양이의 꿈」 쿠폰,Ticket « Rêve de chat »,fr-FR
Katzentraum-Ticket,Ticket « Rêve de chat »,fr-FR
Boleto de Sueño felino,Ticket « Rêve de chat »,fr-FR
Билет «Кошачьи грёзы»,Ticket « Rêve de chat »,fr-FR
Fortune Bloom Ticket,Ticket Fleur d’or,fr-FR
「花海拾金」奖券,Ticket Fleur d’or,fr-FR
「花海拾金」獎券,Ticket Fleur d’or,fr-FR
「花の黄金」くじ,Ticket Fleur d’or,fr-FR
「황금 꽃밭」 쿠폰,Ticket Fleur d’or,fr-FR
Glücksblüten-Ticket,Ticket Fleur d’or,fr-FR
Boleto Flor dorada,Ticket Fleur d’or,fr-FR
Билет «Цвет удачи»,Ticket Fleur d’or,fr-FR
Inspiration Time Ticket,Ticket « L’heure de l’inspiration »,fr-FR
「采风时间」奖券,Ticket « L’heure de l’inspiration »,fr-FR
「踩點時間」獎券,Ticket « L’heure de l’inspiration »,fr-FR
スクラッチ「取材の時間」,Ticket « L’heure de l’inspiration »,fr-FR
「영감을 찾는 시간」 쿠폰,Ticket « L’heure de l’inspiration »,fr-FR
Inspirationszeit-Ticket,Ticket « L’heure de l’inspiration »,fr-FR
Boleto de Momento de inspiración,Ticket « L’heure de l’inspiration »,fr-FR
Билет «Время вдохновения»,Ticket « L’heure de l’inspiration »,fr-FR
A Step Away,À un pas,fr-FR
一步之遥,À un pas,fr-FR
一步之遙,À un pas,fr-FR
あと一歩,À un pas,fr-FR
일보 직전,À un pas,fr-FR
Nur einen Schritt entfernt,À un pas,fr-FR
A un paso,À un pas,fr-FR
Всего один шаг,À un pas,fr-FR
Skybound,Cap sur les cieux,fr-FR
一步登天,Cap sur les cieux,fr-FR
一足跳び,Cap sur les cieux,fr-FR
단숨에 정상으로,Cap sur les cieux,fr-FR
Himmelwärts,Cap sur les cieux,fr-FR
Hacia el cielo,Cap sur les cieux,fr-FR
В плену небес,Cap sur les cieux,fr-FR
Ember Trail,Piste des braises,fr-FR
余烬轨迹,Piste des braises,fr-FR
餘燼軌跡,Piste des braises,fr-FR
残火の軌跡,Piste des braises,fr-FR
재의 궤적,Piste des braises,fr-FR
Glutspur,Piste des braises,fr-FR
Rastro de brasas,Piste des braises,fr-FR
Тлеющий след,Piste des braises,fr-FR
Lucky Scratch,Grattage chanceux,fr-FR
券声杳杳,Grattage chanceux,fr-FR
券聲杳杳,Grattage chanceux,fr-FR
スクラッチ音,Grattage chanceux,fr-FR
행운의 스크래치,Grattage chanceux,fr-FR
Glücksrubbellos,Grattage chanceux,fr-FR
Raspadito de la suerte,Grattage chanceux,fr-FR
Счастливая скретч-карта,Grattage chanceux,fr-FR
Sync Perks,Avantages de synchronisation,fr-FR
同频礼遇,Avantages de synchronisation,fr-FR
同頻禮遇,Avantages de synchronisation,fr-FR
シンクロギフト,Avantages de synchronisation,fr-FR
동기화 특전,Avantages de synchronisation,fr-FR
Synchronisations-Vorteile,Avantages de synchronisation,fr-FR
Beneficios de sincronía,Avantages de synchronisation,fr-FR
Бонусы синхронизации,Avantages de synchronisation,fr-FR
Jackpot Jingle,Jingle du jackpot,fr-FR
声声头彩,Jingle du jackpot,fr-FR
聲聲頭彩,Jingle du jackpot,fr-FR
大当たり,Jingle du jackpot,fr-FR
쿠폰 당첨의 소리,Jingle du jackpot,fr-FR
Jackpot-Melodie,Jingle du jackpot,fr-FR
Campanilla del premio mayor,Jingle du jackpot,fr-FR
Звон джекпота,Jingle du jackpot,fr-FR
Come Again,À la prochaine,fr-FR
多谢惠顾,À la prochaine,fr-FR
多謝惠顧,À la prochaine,fr-FR
毎度あり,À la prochaine,fr-FR
이용해 주셔서 감사합니다,À la prochaine,fr-FR
Komm jederzeit wieder!,À la prochaine,fr-FR
Gracias por su visita,À la prochaine,fr-FR
Приходите ещё!,À la prochaine,fr-FR
Heartbeat Moment,Instant de cœur,fr-FR
怦然瞬间,Instant de cœur,fr-FR
怦然瞬間,Instant de cœur,fr-FR
エキサイト,Instant de cœur,fr-FR
두근거리는 순간,Instant de cœur,fr-FR
Herzschlag-Moment,Instant de cœur,fr-FR
Momento de latido,Instant de cœur,fr-FR
Ускользающий миг,Instant de cœur,fr-FR
Endless Summer,Été sans fin,fr-FR
悠悠夏日,Été sans fin,fr-FR
サマー・チル,Été sans fin,fr-FR
느긋한 여름날,Été sans fin,fr-FR
Endloser Sommer,Été sans fin,fr-FR
Verano eterno,Été sans fin,fr-FR
Бесконечное лето,Été sans fin,fr-FR
Alluring Perks,Faveurs fascinantes,fr-FR
惑心礼遇,Faveurs fascinantes,fr-FR
惑心禮遇,Faveurs fascinantes,fr-FR
惑心ギフト,Faveurs fascinantes,fr-FR
현혹 특전,Faveurs fascinantes,fr-FR
Verlockende Vorteile,Faveurs fascinantes,fr-FR
Beneficios de seducción,Faveurs fascinantes,fr-FR
Бонусы соблазна,Faveurs fascinantes,fr-FR
New Herland - Night Raptor,New Herland - Rapace nocturne,fr-FR
新赫兰德·夜鸮,New Herland - Rapace nocturne,fr-FR
新赫蘭德·夜鴞,New Herland - Rapace nocturne,fr-FR
ニューホランド・夜梟,New Herland - Rapace nocturne,fr-FR
뉴 헤랜드·올빼미,New Herland - Rapace nocturne,fr-FR
Neu-Herland - Nachteule,New Herland - Rapace nocturne,fr-FR
Nueva Herland: Raptor Nocturno,New Herland - Rapace nocturne,fr-FR
Нью-Херланд — Ночной хищник,New Herland - Rapace nocturne,fr-FR
New Herland - Chapter Nova,New Herland - Chapitre Nova,fr-FR
新赫兰德·新章,New Herland - Chapitre Nova,fr-FR
新赫蘭德·新章,New Herland - Chapitre Nova,fr-FR
ニューホランド・ジェネシス,New Herland - Chapitre Nova,fr-FR
뉴 헤랜드·뉴룰,New Herland - Chapitre Nova,fr-FR
Neu-Herland - Nova-Kapitel,New Herland - Chapitre Nova,fr-FR
Nueva Herland: Capítulo Nova,New Herland - Chapitre Nova,fr-FR
Нью-Херланд — Новая глава,New Herland - Chapitre Nova,fr-FR
New Herland - First Sense,New Herland - Premier sens,fr-FR
新赫兰德·第一感,New Herland - Premier sens,fr-FR
新赫蘭德·第一感,New Herland - Premier sens,fr-FR
ニューホランド・第一感,New Herland - Premier sens,fr-FR
뉴 헤랜드·더 퍼스트,New Herland - Premier sens,fr-FR
Neu-Herland - Erster Sinn,New Herland - Premier sens,fr-FR
Nueva Herland: Primer Instinto,New Herland - Premier sens,fr-FR
Нью-Херланд — Первое чувство,New Herland - Premier sens,fr-FR
New Herland - Silver Crown,New Herland - Couronne d’argent,fr-FR
新赫兰德·银冠,New Herland - Couronne d’argent,fr-FR
新赫蘭德·銀冠,New Herland - Couronne d’argent,fr-FR
ニューホランド・銀冠,New Herland - Couronne d’argent,fr-FR
뉴 헤랜드·실버 크라운,New Herland - Couronne d’argent,fr-FR
Neu-Herland - Silberkrone,New Herland - Couronne d’argent,fr-FR
Nueva Herland: Corona Plateada,New Herland - Couronne d’argent,fr-FR
Нью-Херланд — Серебряная корона,New Herland - Couronne d’argent,fr-FR
Ultimate Prize,Prix ultime,fr-FR
最终大奖,Prix ultime,fr-FR
最終大獎,Prix ultime,fr-FR
最高賞金,Prix ultime,fr-FR
1등 당첨,Prix ultime,fr-FR
Ultimativer Preis,Prix ultime,fr-FR
Gran premio final,Prix ultime,fr-FR
Главный приз,Prix ultime,fr-FR
Resolve Perks,Faveurs de Détermination,fr-FR
毅心礼遇,Faveurs de Détermination,fr-FR
毅心禮遇,Faveurs de Détermination,fr-FR
強がりギフト,Faveurs de Détermination,fr-FR
굳은 의지 특전,Faveurs de Détermination,fr-FR
Entschlossenheits-Vorteile,Faveurs de Détermination,fr-FR
Beneficios de determinación,Faveurs de Détermination,fr-FR
Бонусы решимости,Faveurs de Détermination,fr-FR
Fogshroud Perks,Faveurs du Voile de brume,fr-FR
沉雾礼遇,Faveurs du Voile de brume,fr-FR
沉霧禮遇,Faveurs du Voile de brume,fr-FR
混沌ギフト,Faveurs du Voile de brume,fr-FR
안개 특전,Faveurs du Voile de brume,fr-FR
Nebelschleier-Vorteile,Faveurs du Voile de brume,fr-FR
Beneficios de manto de niebla,Faveurs du Voile de brume,fr-FR
Бонусы тумана,Faveurs du Voile de brume,fr-FR
Daydream Perks,Faveurs de Rêverie,fr-FR
白日梦礼遇,Faveurs de Rêverie,fr-FR
白日夢禮遇,Faveurs de Rêverie,fr-FR
微睡みギフト,Faveurs de Rêverie,fr-FR
단꿈 특전,Faveurs de Rêverie,fr-FR
Tagtraum-Vorteile,Faveurs de Rêverie,fr-FR
Beneficios de ensueño,Faveurs de Rêverie,fr-FR
Бонусы грёз,Faveurs de Rêverie,fr-FR
Wayfarer Perks,Faveurs de Voyageur,fr-FR
行步礼遇,Faveurs de Voyageur,fr-FR
行步禮遇,Faveurs de Voyageur,fr-FR
旅路ギフト,Faveurs de Voyageur,fr-FR
발걸음 특전,Faveurs de Voyageur,fr-FR
Wanderer-Vorteile,Faveurs de Voyageur,fr-FR
Beneficios del caminante,Faveurs de Voyageur,fr-FR
Бонусы странницы,Faveurs de Voyageur,fr-FR
Trackside Shadow,Ombre en bord de piste,fr-FR
赛道掠影,Ombre en bord de piste,fr-FR
賽道掠影,Ombre en bord de piste,fr-FR
音速の幻影,Ombre en bord de piste,fr-FR
트랙 위의 실루엣,Ombre en bord de piste,fr-FR
Verfolgungsseiten-Schatten,Ombre en bord de piste,fr-FR
Sombra de la pista,Ombre en bord de piste,fr-FR
Придорожная тень,Ombre en bord de piste,fr-FR
Hunter's Crucible,Forge du chasseur,fr-FR
争锋赏宴,Forge du chasseur,fr-FR
爭鋒賞宴,Forge du chasseur,fr-FR
バトル・バンケット,Forge du chasseur,fr-FR
시련의 연회,Forge du chasseur,fr-FR
Jägers Schmelztiegel,Forge du chasseur,fr-FR
Crisol del cazador,Forge du chasseur,fr-FR
Горнило охотника,Forge du chasseur,fr-FR
Pixel Surge,Déferlement de pixels,fr-FR
像素溢出,Déferlement de pixels,fr-FR
ピクセルオーバーフロー,Déferlement de pixels,fr-FR
픽셀 대방출,Déferlement de pixels,fr-FR
Pixel-Anstieg,Déferlement de pixels,fr-FR
Aumento de píxeles,Déferlement de pixels,fr-FR
Всплеск пикселей,Déferlement de pixels,fr-FR
Gold Clash,Sus à l’or,fr-FR
夺金大作战,Sus à l’or,fr-FR
奪金大作戰,Sus à l’or,fr-FR
略奪大作戦,Sus à l’or,fr-FR
골드러시 대작전,Sus à l’or,fr-FR
Gold-Clash,Sus à l’or,fr-FR
Choque dorado,Sus à l’or,fr-FR
Битва за золото,Sus à l’or,fr-FR
Fons Rush,Ruée vers les Fons,fr-FR
淘方斯记,Ruée vers les Fons,fr-FR
掏方斯記,Ruée vers les Fons,fr-FR
ファンスラッシュ,Ruée vers les Fons,fr-FR
폰즈 러시,Ruée vers les Fons,fr-FR
Fons-Rausch,Ruée vers les Fons,fr-FR
Fiebre de Fons,Ruée vers les Fons,fr-FR
Фонсовая лихорадка,Ruée vers les Fons,fr-FR
Hunter's Journal,Journal de chasseur,fr-FR
猎人手札,Journal de chasseur,fr-FR
獵人手札,Journal de chasseur,fr-FR
ハンターノート,Journal de chasseur,fr-FR
헌터 수첩,Journal de chasseur,fr-FR
Jäger-Tagebuch,Journal de chasseur,fr-FR
Diario del caza,Journal de chasseur,fr-FR
Журнал охотника,Journal de chasseur,fr-FR
Earn 10 Stars in Rookie Series.,Obtenir 10 étoiles au total dans la « Série Débutant »,fr-FR
"""新秀赛事""累计获得10颗星星",Obtenir 10 étoiles au total dans la « Série Débutant »,fr-FR
"""新秀賽事""累計獲得10顆星星",Obtenir 10 étoiles au total dans la « Série Débutant »,fr-FR
「ビギナーマッチ」で星を累計10個獲得する,Obtenir 10 étoiles au total dans la « Série Débutant »,fr-FR
'신인 대항전'에서 별 누적 10개 획득,Obtenir 10 étoiles au total dans la « Série Débutant »,fr-FR
Sammle insgesamt 10 Sterne in der „Anfänger-Serie“,Obtenir 10 étoiles au total dans la « Série Débutant »,fr-FR
"Consigue 10 estrellas en total en la ""Serie de principiantes"".",Obtenir 10 étoiles au total dans la « Série Débutant »,fr-FR
Набрать всего 10 звёзд в «Серии новичков»,Obtenir 10 étoiles au total dans la « Série Débutant »,fr-FR
Earn 20 Stars in Rookie Series.,Obtenir 20 étoiles au total dans la « Série Débutant »,fr-FR
"""新秀赛事""累计获得20颗星星",Obtenir 20 étoiles au total dans la « Série Débutant »,fr-FR
"""新秀賽事""累計獲得20顆星星",Obtenir 20 étoiles au total dans la « Série Débutant »,fr-FR
「ビギナーマッチ」で星を累計20個獲得する,Obtenir 20 étoiles au total dans la « Série Débutant »,fr-FR
'신인 대항전'에서 별 누적 20개 획득,Obtenir 20 étoiles au total dans la « Série Débutant »,fr-FR
Sammle insgesamt 20 Sterne in der „Anfänger-Serie“,Obtenir 20 étoiles au total dans la « Série Débutant »,fr-FR
"Consigue 20 estrellas en total en la ""Serie de principiantes"".",Obtenir 20 étoiles au total dans la « Série Débutant »,fr-FR
Набрать всего 20 звёзд в «Серии новичков»,Obtenir 20 étoiles au total dans la « Série Débutant »,fr-FR
Earn 30 Stars in Rookie Series.,Obtenir 30 étoiles au total dans la « Série Débutant »,fr-FR
"""新秀赛事""累计获得30颗星星",Obtenir 30 étoiles au total dans la « Série Débutant »,fr-FR
"""新秀賽事""累計獲得30顆星星",Obtenir 30 étoiles au total dans la « Série Débutant »,fr-FR
「ビギナーマッチ」で星を累計30個獲得する,Obtenir 30 étoiles au total dans la « Série Débutant »,fr-FR
'신인 대항전'에서 별 누적 30개 획득,Obtenir 30 étoiles au total dans la « Série Débutant »,fr-FR
Sammle insgesamt 30 Sterne in der „Anfänger-Serie“,Obtenir 30 étoiles au total dans la « Série Débutant »,fr-FR
"Consigue 30 estrellas en total en la ""Serie de principiantes"".",Obtenir 30 étoiles au total dans la « Série Débutant »,fr-FR
Набрать всего 30 звёзд в «Серии новичков»,Obtenir 30 étoiles au total dans la « Série Débutant »,fr-FR
Earn 40 Stars in Rookie Series.,Obtenir 40 étoiles au total dans la « Série Débutant »,fr-FR
"""新秀赛事""累计获得40颗星星",Obtenir 40 étoiles au total dans la « Série Débutant »,fr-FR
"""新秀賽事""累計獲得40顆星星",Obtenir 40 étoiles au total dans la « Série Débutant »,fr-FR
「ビギナーマッチ」で星を累計40個獲得する,Obtenir 40 étoiles au total dans la « Série Débutant »,fr-FR
'신인 대항전'에서 별 누적 40개 획득,Obtenir 40 étoiles au total dans la « Série Débutant »,fr-FR
Sammle insgesamt 40 Sterne in der „Anfänger-Serie“,Obtenir 40 étoiles au total dans la « Série Débutant »,fr-FR
"Consigue 40 estrellas en total en la ""Serie de principiantes"".",Obtenir 40 étoiles au total dans la « Série Débutant »,fr-FR
Набрать всего 40 звёзд в «Серии новичков»,Obtenir 40 étoiles au total dans la « Série Débutant »,fr-FR
Earn 50 Stars in Rookie Series.,Obtenir 50 étoiles au total dans la « Série Débutant »,fr-FR
"""新秀赛事""累计获得50颗星星",Obtenir 50 étoiles au total dans la « Série Débutant »,fr-FR
"""新秀賽事""累計獲得50顆星星",Obtenir 50 étoiles au total dans la « Série Débutant »,fr-FR
「ビギナーマッチ」で星を累計50個獲得する,Obtenir 50 étoiles au total dans la « Série Débutant »,fr-FR
'신인 대항전'에서 별 누적 50개 획득,Obtenir 50 étoiles au total dans la « Série Débutant »,fr-FR
Sammle insgesamt 50 Sterne in der „Anfänger-Serie“,Obtenir 50 étoiles au total dans la « Série Débutant »,fr-FR
"Consigue 50 estrellas en total en la ""Serie de principiantes"".",Obtenir 50 étoiles au total dans la « Série Débutant »,fr-FR
Набрать всего 50 звёзд в «Серии новичков»,Obtenir 50 étoiles au total dans la « Série Débutant »,fr-FR
Reach Level 15 with 1 player.,Faire passer 1 joueur au niveau 15,fr-FR
1个球员达到15级,Faire passer 1 joueur au niveau 15,fr-FR
1個球員達到15級,Faire passer 1 joueur au niveau 15,fr-FR
選手1名をレベル15に上げる,Faire passer 1 joueur au niveau 15,fr-FR
선수 1명 Lv.15 달성,Faire passer 1 joueur au niveau 15,fr-FR
Bringe 1 Spieler auf Level 15,Faire passer 1 joueur au niveau 15,fr-FR
Lleva a 1 jugador al nivel 15,Faire passer 1 joueur au niveau 15,fr-FR
Повысить уровень 1 игрока до 15-го,Faire passer 1 joueur au niveau 15,fr-FR
Reach Level 15 with 2 players.,Faire passer 2 joueurs au niveau 15,fr-FR
2个球员达到15级,Faire passer 2 joueurs au niveau 15,fr-FR
2個球員達到15級,Faire passer 2 joueurs au niveau 15,fr-FR
選手2名をレベル15に上げる,Faire passer 2 joueurs au niveau 15,fr-FR
선수 2명 Lv.15 달성,Faire passer 2 joueurs au niveau 15,fr-FR
Bringe 2 Spieler auf Level 15,Faire passer 2 joueurs au niveau 15,fr-FR
Lleva a 2 jugadores al nivel 15,Faire passer 2 joueurs au niveau 15,fr-FR
Повысить уровень 2 игроков до 15-го,Faire passer 2 joueurs au niveau 15,fr-FR
Reach Level 15 with 3 players.,Faire passer 3 joueurs au niveau 15,fr-FR
3个球员达到15级,Faire passer 3 joueurs au niveau 15,fr-FR
3個球員達到15級,Faire passer 3 joueurs au niveau 15,fr-FR
選手3名をレベル15に上げる,Faire passer 3 joueurs au niveau 15,fr-FR
선수 3명 Lv.15 달성,Faire passer 3 joueurs au niveau 15,fr-FR
Bringe 3 Spieler auf Level 15,Faire passer 3 joueurs au niveau 15,fr-FR
Lleva a 3 jugadores al nivel 15,Faire passer 3 joueurs au niveau 15,fr-FR
Повысить уровень 3 игроков до 15-го,Faire passer 3 joueurs au niveau 15,fr-FR
Reach Level 15 with 4 players.,Faire passer 4 joueurs au niveau 15,fr-FR
4个球员达到15级,Faire passer 4 joueurs au niveau 15,fr-FR
4個球員達到15級,Faire passer 4 joueurs au niveau 15,fr-FR
選手4名をレベル15に上げる,Faire passer 4 joueurs au niveau 15,fr-FR
선수 4명 Lv.15 달성,Faire passer 4 joueurs au niveau 15,fr-FR
Bringe 4 Spieler auf Level 15,Faire passer 4 joueurs au niveau 15,fr-FR
Lleva a 4 jugadores al nivel 15,Faire passer 4 joueurs au niveau 15,fr-FR
Повысить уровень 4 игроков до 15-го,Faire passer 4 joueurs au niveau 15,fr-FR
Use Talent Bread 10 times.,Utiliser le Pain de talent 10 fois.,fr-FR
"使用""才能面包""10次",Utiliser le Pain de talent 10 fois.,fr-FR
"使用""才能麵包""10次",Utiliser le Pain de talent 10 fois.,fr-FR
「ポテンシャルパン」を10回使用する,Utiliser le Pain de talent 10 fois.,fr-FR
'재능의 빵' 10회 사용,Utiliser le Pain de talent 10 fois.,fr-FR
Verwende Talent-Brot 10-mal.,Utiliser le Pain de talent 10 fois.,fr-FR
Usa el Pan de talento 10 veces.,Utiliser le Pain de talent 10 fois.,fr-FR
Использовать хлеб таланта 10 раз,Utiliser le Pain de talent 10 fois.,fr-FR
Use Talent Bread 15 times.,Utiliser le Pain de talent 15 fois.,fr-FR
"使用""才能面包""15次",Utiliser le Pain de talent 15 fois.,fr-FR
"使用""才能麵包""15次",Utiliser le Pain de talent 15 fois.,fr-FR
「ポテンシャルパン」を15回使用する,Utiliser le Pain de talent 15 fois.,fr-FR
'재능의 빵' 15회 사용,Utiliser le Pain de talent 15 fois.,fr-FR
Verwende Talent-Brot 15-mal.,Utiliser le Pain de talent 15 fois.,fr-FR
Usa el Pan de talento 15 veces.,Utiliser le Pain de talent 15 fois.,fr-FR
Использовать хлеб таланта 15 раз,Utiliser le Pain de talent 15 fois.,fr-FR
Use Talent Bread 5 times.,Utiliser le Pain de talent 5 fois.,fr-FR
"使用""才能面包""5次",Utiliser le Pain de talent 5 fois.,fr-FR
"使用""才能麵包""5次",Utiliser le Pain de talent 5 fois.,fr-FR
「ポテンシャルパン」を5回使用する,Utiliser le Pain de talent 5 fois.,fr-FR
'재능의 빵' 5회 사용,Utiliser le Pain de talent 5 fois.,fr-FR
Verwende Talent-Brot 5-mal.,Utiliser le Pain de talent 5 fois.,fr-FR
Usa el Pan de talento 5 veces.,Utiliser le Pain de talent 5 fois.,fr-FR
Использовать хлеб таланта 5 раз,Utiliser le Pain de talent 5 fois.,fr-FR
Unlock 3 players in total.,Déverrouiller 3 joueurs au total,fr-FR
累计解锁3个球员,Déverrouiller 3 joueurs au total,fr-FR
累計解鎖3個球員,Déverrouiller 3 joueurs au total,fr-FR
選手を累計3名解放する,Déverrouiller 3 joueurs au total,fr-FR
선수 누적 3명 해제,Déverrouiller 3 joueurs au total,fr-FR
Schalte insgesamt 3 Spieler frei,Déverrouiller 3 joueurs au total,fr-FR
Desbloquea 3 jugadores en total.,Déverrouiller 3 joueurs au total,fr-FR
Открыть всего 3 игрока,Déverrouiller 3 joueurs au total,fr-FR
Unlock 4 players in total.,Déverrouiller 4 joueurs au total,fr-FR
累计解锁4个球员,Déverrouiller 4 joueurs au total,fr-FR
累計解鎖4個球員,Déverrouiller 4 joueurs au total,fr-FR
選手を累計4名解放する,Déverrouiller 4 joueurs au total,fr-FR
선수 누적 4명 해제,Déverrouiller 4 joueurs au total,fr-FR
Schalte insgesamt 4 Spieler frei,Déverrouiller 4 joueurs au total,fr-FR
Desbloquea 4 jugadores en total.,Déverrouiller 4 joueurs au total,fr-FR
Открыть всего 4 игрока,Déverrouiller 4 joueurs au total,fr-FR
Unlock 6 players in total.,Déverrouiller 6 joueurs au total,fr-FR
累计解锁6个球员,Déverrouiller 6 joueurs au total,fr-FR
累計解鎖6個球員,Déverrouiller 6 joueurs au total,fr-FR
選手を累計6名解放する,Déverrouiller 6 joueurs au total,fr-FR
선수 누적 6명 해제,Déverrouiller 6 joueurs au total,fr-FR
Schalte insgesamt 6 Spieler frei,Déverrouiller 6 joueurs au total,fr-FR
Desbloquea 6 jugadores en total.,Déverrouiller 6 joueurs au total,fr-FR
Открыть всего 6 игроков,Déverrouiller 6 joueurs au total,fr-FR
Unlock 7 players in total.,Déverrouiller 7 joueurs au total,fr-FR
累计解锁7个球员,Déverrouiller 7 joueurs au total,fr-FR
累計解鎖7個球員,Déverrouiller 7 joueurs au total,fr-FR
選手を累計7名解放する,Déverrouiller 7 joueurs au total,fr-FR
선수 누적 7명 해제,Déverrouiller 7 joueurs au total,fr-FR
Schalte insgesamt 7 Spieler frei,Déverrouiller 7 joueurs au total,fr-FR
Desbloquea 7 jugadores en total.,Déverrouiller 7 joueurs au total,fr-FR
Открыть всего 7 игроков,Déverrouiller 7 joueurs au total,fr-FR
Summer Glow,Éclat d’été,fr-FR
闪耀今夏,Éclat d’été,fr-FR
閃耀今夏,Éclat d’été,fr-FR
真夏のプリズム,Éclat d’été,fr-FR
빛나는 여름,Éclat d’été,fr-FR
Sommerglanz,Éclat d’été,fr-FR
Brillo de verano,Éclat d’été,fr-FR
Сияние лета,Éclat d’été,fr-FR
The Long Dream,Le long rêve,fr-FR
十三日梦醒,Le long rêve,fr-FR
十三日夢醒,Le long rêve,fr-FR
十三日目の目覚め,Le long rêve,fr-FR
13일간의 단잠,Le long rêve,fr-FR
Der lange Traum,Le long rêve,fr-FR
El largo sueño,Le long rêve,fr-FR
Затянувшееся сновидение,Le long rêve,fr-FR
Find Lacrimosa,Trouver Lacrimosa,fr-FR
寻找安魂曲,Trouver Lacrimosa,fr-FR
尋找安魂曲,Trouver Lacrimosa,fr-FR
レクイエムを探せ,Trouver Lacrimosa,fr-FR
라크리모사 찾기,Trouver Lacrimosa,fr-FR
Finde Lacrimosa,Trouver Lacrimosa,fr-FR
Encuentra a Lacrimosa,Trouver Lacrimosa,fr-FR
Найдите Лакримозу,Trouver Lacrimosa,fr-FR
