source,target,tgt_lng
Achievement: Adeptal Valley,Thành Tựu - Tiên Cốc,vi-VN
Achievement: All-Seeing,Thành Tựu - Nhìn Rõ Tất Cả,vi-VN
Achievement: Blaze,Thành Tựu - Rực Cháy,vi-VN
Achievement: Bowmaster,Thành tựu - Cung tên,vi-VN
Achievement: Challenger,Thành tựu - Khiêu chiến,vi-VN
Achievement: Challenger II,Thành tựu - Khiêu chiến (II),vi-VN
Achievement: Challenger III,Thành tựu - Khiêu chiến (III),vi-VN
Achievement: Chasm,Thành Tựu - Núi Đá,vi-VN
Achievement: Cliffhanger,Thành tựu - Cánh quạt,vi-VN
Achievement: Colors of the Rainbow,Thành tựu - Màu sắc cầu vồng,vi-VN
Achievement: Deep & Dark,Thành tựu - Thần Bí,vi-VN
Achievement: Endpoint,Thành Tựu - Tận Cùng,vi-VN
Achievement: Enigmatic Core,Thành Tựu - Lõi Bí Ẩn,vi-VN
Achievement: Explorer,Thành tựu - Đi khắp nơi,vi-VN
Achievement: Far-Sighted,Thành Tựu - Nhìn Xa,vi-VN
Achievement: Fated Encounter,Thành tựu - Hữu Duyên,vi-VN
Achievement: Feline Fortune,Thành Tựu - Vận May Mèo,vi-VN
Achievement: Fighting Spirit,Thành Tựu - Chiến Ý,vi-VN
Achievement: Full Bloom,Thành Tựu - Trăm Hoa Đua Nở,vi-VN
Achievement: Gate,Thành Tựu - Cánh Cửa,vi-VN
Achievement: Hero,Thành tựu - Hành hiệp,vi-VN
Achievement: Hill Dwellers,Thành tựu - Sơn dân,vi-VN
Achievement: Infinitum,Thành Tựu - Vạn Chủng,vi-VN
Achievement: Invoker,Thành Tựu - Thất Thánh,vi-VN
Achievement: Lord of the Night,Thành Tựu - Chủ Nhân Màn Đêm,vi-VN
Achievement: Mariner,Thành Tựu - Du Ngoạn,vi-VN
Achievement: Mirrored Dreams,Thành Tựu - Giấc Mơ Phản Chiếu,vi-VN
Achievement: Nails,Thành Tựu - Đập Kim,vi-VN
Achievement: Orbits,Thành Tựu - Quỹ Đạo,vi-VN
Achievement: Perpetual,Thành Tựu - Mãi Tiếp Bước,vi-VN
Achievement: Poetic Pages,Thành Tựu - Trang Thơ,vi-VN
Achievement: Repertoire,Thành Tựu - Tuyển Tập Nhạc,vi-VN
Achievement: Resplendence,Thành Tựu - Kỳ Hoa,vi-VN
Achievement: Reunion,Thành tựu - Gặp gỡ,vi-VN
Achievement: Roaming,Thành tựu - Dạo Bước,vi-VN
Achievement: Seven Lights,Thành Tựu - Bảy Tia Sáng,vi-VN
Achievement: Snowy Land,Thành tựu - Quê hương của tuyết,vi-VN
Achievement: Snowy Summit,Thành tựu - Đỉnh tuyết,vi-VN
Achievement: Stone Dragon,Thành Tựu - Rồng Đá,vi-VN
Achievement: Tea Time,Thành Tựu - Ấm Trần Ca,vi-VN
Achievement: Thunderclap,Thành Tựu - Sấm Sét,vi-VN
Achievement: Time Apart,Thành Tựu - Trùng Phùng,vi-VN
Achievement: Tranquil Peace,Thành Tựu - Bình Yên,vi-VN
Achievement: Transient Twilight,Thành Tựu - Chạng Vạng,vi-VN
Achievement: Traversal,Thành Tựu - Trải qua,vi-VN
Achievement: Treading Snow,Thành Tựu - Dạo Bước Trên Tuyết,vi-VN
Achievement: Vacation Home,Thành tựu – Cư trú,vi-VN
Achievement: Virtuoso,Thành Tựu - Đặc Kỹ,vi-VN
Achievement: Whalewrangler,Thành Tựu - Săn Cá Voi,vi-VN
Aino - Aïe aïe canard,Aino - Ai Da,vi-VN
Aino - Metiendo “el pato”,Aino - Ai Da,vi-VN
Aino - หนูช่วยเย็นก่อนจิ,Aino - Ai Da,vi-VN
Aino – Entenschnattern,Aino - Ai Da,vi-VN
Aino: Che papera!,Aino - Ai Da,vi-VN
"Aino: Opa, Patinho",Aino - Ai Da,vi-VN
Aino: Portakal Ördekal,Aino - Ai Da,vi-VN
Aino: Whoopsie Ducksie,Aino - Ai Da,vi-VN
Albedo - Flor solar,Albedo - Hướng Dương,vi-VN
Albedo - Radiance solaire,Albedo - Hướng Dương,vi-VN
Albedo - Radiação Solar,Albedo - Hướng Dương,vi-VN
Albedo - ดอกไม้แห่งตะวัน,Albedo - Hướng Dương,vi-VN
Albedo – Sonneneruption,Albedo - Hướng Dương,vi-VN
Albedo: Fiore del sole,Albedo - Hướng Dương,vi-VN
Albedo: Güneş Çiçeği,Albedo - Hướng Dương,vi-VN
Albedo: Sun Blossom,Albedo - Hướng Dương,vi-VN
Album - Moments stellaires,Tuyển Tập - Chòm Sao Lấp Lánh,vi-VN
Album – The Stellar Moments,Tuyển Tập - Chòm Sao Lấp Lánh,vi-VN
Album: The Stellar Moments,Tuyển Tập - Chòm Sao Lấp Lánh,vi-VN
Albüm: Yıldızlar Gibi Parlak Anlar,Tuyển Tập - Chòm Sao Lấp Lánh,vi-VN
Alhacén - Erudición,Alhaitham - Giác Ngộ,vi-VN
Alhaitham - Érudition,Alhaitham - Giác Ngộ,vi-VN
Alhaitham - รู้แจ้ง,Alhaitham - Giác Ngộ,vi-VN
Alhaitham – Belehrsamkeit,Alhaitham - Giác Ngộ,vi-VN
Alhaitham: Aydınlanma,Alhaitham - Giác Ngộ,vi-VN
Alhaitham: Enlightenment,Alhaitham - Giác Ngộ,vi-VN
Alhaitham: Illuminazione,Alhaitham - Giác Ngộ,vi-VN
Alhaitham: Ilustração,Alhaitham - Giác Ngộ,vi-VN
Aliosha - Siéntate,Alyosha - Ngồi Xuống,vi-VN
Aloy - Amanecer,Aloy - Nhật Ký Bình Minh,vi-VN
Aloy - Aube,Aloy - Nhật Ký Bình Minh,vi-VN
Aloy - Dawn,Aloy - Nhật Ký Bình Minh,vi-VN
Aloy – Horizont,Aloy - Nhật Ký Bình Minh,vi-VN
Aloy: Dawn,Aloy - Nhật Ký Bình Minh,vi-VN
Aloy: Despertar,Aloy - Nhật Ký Bình Minh,vi-VN
Aloy: Şafak,Aloy - Nhật Ký Bình Minh,vi-VN
Alyosha - Assis,Alyosha - Ngồi Xuống,vi-VN
Alyosha - นั่ง,Alyosha - Ngồi Xuống,vi-VN
Alyosha – Sitzen,Alyosha - Ngồi Xuống,vi-VN
Alyosha: Otur,Alyosha - Ngồi Xuống,vi-VN
Alyosha: Seduto,Alyosha - Ngồi Xuống,vi-VN
Alyosha: Sentar,Alyosha - Ngồi Xuống,vi-VN
Alyosha: Sit,Alyosha - Ngồi Xuống,vi-VN
Amber - Baron Bunny,Amber - Con Thỏ,vi-VN
Amber - Baron Lapinou,Amber - Con Thỏ,vi-VN
Amber - Barón Bunny,Amber - Con Thỏ,vi-VN
Amber – Hoppel,Amber - Con Thỏ,vi-VN
Amber: Baron Coniglio,Amber - Con Thỏ,vi-VN
Amber: Bunny,Amber - Con Thỏ,vi-VN
Amber: Tavşancık,Amber - Con Thỏ,vi-VN
Andarilho: Balada Transitória,Kẻ Lang Thang - Phù Ca,vi-VN
Anotações de Viagem - O Início da Aventura,Nhật Ký Hành Trình Của Gió,vi-VN
Anotações de Viagem: Mingxiao,Nhật Ký Hành Trình - Minh Tiêu,vi-VN
Appunti di viaggio: Acque primordiali,Nhật Ký Hành Trình - Khởi Nguyên,vi-VN
Appunti di viaggio: Boschi,Nhật Ký Hành Trình - Rừng Sâu,vi-VN
Appunti di viaggio: Catturavento,Nhật Ký Hành Trình Của Gió,vi-VN
Appunti di viaggio: Convergenza arcana,Nhật Ký Hành Trình - Hóa Kỹ,vi-VN
Appunti di viaggio: Corona gloriosa,Nhật Ký Hành Trình - Vương Miện,vi-VN
Appunti di viaggio: Dolce brezza,Nhật Ký Hành Trình - Nhàn Nhã,vi-VN
Appunti di viaggio: Dono dello splendore,Nhật Ký Hành Trình - Quà Đẹp,vi-VN
Appunti di viaggio: Estate soleggiata,Nhật Ký Hành Trình - Nắng Hạ,vi-VN
Appunti di viaggio: Falchi lucenti,Nhật Ký Hành Trình - Sắc Diều,vi-VN
Appunti di viaggio: Fiamma primordiale,Nhật Ký Hành Trình - Lửa Nguồn,vi-VN
Appunti di viaggio: Fioritura gloriosa,Nhật Ký Hành Trình - Vinh Hoa,vi-VN
Appunti di viaggio: Fiumi spirituali,Nhật Ký Hành Trình - Dòng Đời,vi-VN
Appunti di viaggio: Florvento,Nhật Ký Hành Trình Hoa Gió,vi-VN
Appunti di viaggio: Generale celeste,Nhật Ký Hành Trình - Thần Tướng,vi-VN
Appunti di viaggio: Gesso,Nhật Ký Hành Trình - Vôi Trắng,vi-VN
Appunti di viaggio: Gran Santuario di Narukami,Nhật Ký Hành Trình - Đền Narukami,vi-VN
Appunti di viaggio: Grande blu,Nhật Ký Hành Trình - Biển Xanh,vi-VN
Appunti di viaggio: Illuminazione vivida,Nhật Ký Hành Trình - Chói Lọi,vi-VN
Appunti di viaggio: Inseguendo la luna,Nhật Ký Hành Trình - Trục Nguyệt,vi-VN
Appunti di viaggio: Intento ingegnoso,Nhật Ký Hành Trình - Nghệ Thuật,vi-VN
Appunti di viaggio: Ipotesi,Nhật Ký Hành Trình - Suy Tưởng,vi-VN
Appunti di viaggio: Irodori,Nhật Ký Hành Trình - Irodori,vi-VN
Appunti di viaggio: Iscrizione del tempo,Nhật Ký Hành Trình - Khắc Ghi,vi-VN
Appunti di viaggio: La Fiamma rinnovata,Nhật Ký Hành Trình - Lửa Mới,vi-VN
Appunti di viaggio: Luna glaciale,Nhật Ký Hành Trình - Băng Nguyệt,vi-VN
Appunti di viaggio: Lyratum,Nhật Ký Hành Trình - Lyratum,vi-VN
Appunti di viaggio: Mingxiao,Nhật Ký Hành Trình - Minh Tiêu,vi-VN
Appunti di viaggio: Mondi alternativi,Nhật Ký Hành Trình - Dạo Bước Cõi Trần,vi-VN
Appunti di viaggio: Multicolore,Nhật Ký Hành Trình - Sắc Màu,vi-VN
Appunti di viaggio: Neve ardente,Nhật Ký Hành Trình - Tuyết Nóng,vi-VN
Appunti di viaggio: Ode illuminata alla lanterna,Nhật Ký Hành Trình - Bôn Tiêu,vi-VN
Appunti di viaggio: Piena estate,Nhật Ký Hành Trình – Mùa Hè Rực Rỡ,vi-VN
Appunti di viaggio: Politeama,Nhật Ký Hành Trình - Mô Phỏng,vi-VN
Appunti di viaggio: Produzione estrosa,Nhật Ký Hành Trình - Mô Phỏng,vi-VN
Appunti di viaggio: Regni del rock,Nhật Ký Hành Trình - Rung Chuyển,vi-VN
Appunti di viaggio: Rime in musica,Nhật Ký Hành Trình - Hòa Tấu,vi-VN
Appunti di viaggio: Risveglio,Nhật Ký Hành Trình - Thức Tỉnh,vi-VN
Appunti di viaggio: Ritorno a casa,Nhật Ký Hành Trình - Trở Về,vi-VN
Appunti di viaggio: Rovine del passato,Nhật Ký Hành Trình - Phế Tích,vi-VN
Appunti di viaggio: Sabzeruz,Nhật Ký Hành Trình - Sabzeruz,vi-VN
Appunti di viaggio: Segreti,Nhật Ký Hành Trình - Triệu Hồi,vi-VN
Appunti di viaggio: Sogno meraviglioso,Nhật Ký Hành Trình - Kỳ Mộng,vi-VN
Appunti di viaggio: Spettacolo di danza,Nhật Ký Hành Trình - Kịch Múa,vi-VN
Appunti di viaggio: Stella cadente,Khởi Hành-Tức Tinh,vi-VN
Appunti di viaggio: Stella dei desideri,Nhật Ký Hành Trình - Sao Rơi,vi-VN
Appunti di viaggio: Tessispiriti,Nhật Ký Hành Trình - Dệt Linh,vi-VN
Appunti di viaggio: Valzer vorticoso,Nhật Ký Hành Trình - Vũ Điệu,vi-VN
Appunti di viaggio: Venti del Nord,Nhật Ký Hành Trình - Bắc Phong,vi-VN
Appunti di viaggio: Venti di ritorno,Nhật Ký Hành Trình Gió Về,vi-VN
Appunti di viaggio: Viandante del gelo,Nhật Ký Hành Trình - Sương Du,vi-VN
Appunti di viaggio: Volontà divina,Nhật Ký Hành Trình - Thiên Mệnh,vi-VN
Appunti di viaggio: terra dei Miconoidi,Nhật Ký Hành Trình Rừng Nấm,vi-VN
Arlecchino - Ley,Arlecchino - Sắc Lệnh,vi-VN
Arlecchino - Édit,Arlecchino - Sắc Lệnh,vi-VN
Arlecchino - กฎเกณฑ์,Arlecchino - Sắc Lệnh,vi-VN
Arlecchino – Edikt,Arlecchino - Sắc Lệnh,vi-VN
Arlecchino: Edict,Arlecchino - Sắc Lệnh,vi-VN
Arlecchino: Editto,Arlecchino - Sắc Lệnh,vi-VN
Arlecchino: Ferman,Arlecchino - Sắc Lệnh,vi-VN
Arlecchino: Édito,Arlecchino - Sắc Lệnh,vi-VN
Asilzade: Kötülüğün Mirası,Childe - Quỷ Trang,vi-VN
Avare: Serseri Şiir,Kẻ Lang Thang - Phù Ca,vi-VN
Baizhu - Mitigación,Baizhu - Khư Phong,vi-VN
Baizhu - Soulagement,Baizhu - Khư Phong,vi-VN
Baizhu - ขับลมปราณ,Baizhu - Khư Phong,vi-VN
Baizhu – Vorbeugung,Baizhu - Khư Phong,vi-VN
Baizhu: Alívio,Baizhu - Khư Phong,vi-VN
Baizhu: Rahatlama,Baizhu - Khư Phong,vi-VN
Baizhu: Relief,Baizhu - Khư Phong,vi-VN
Baizhu: Sollievo,Baizhu - Khư Phong,vi-VN
Barbara - Flow,Barbara - Dòng Chảy,vi-VN
Barbara - Fluxo,Barbara - Dòng Chảy,vi-VN
Barbara - Thérapeutique,Barbara - Dòng Chảy,vi-VN
Barbara – Fließendes Wasser,Barbara - Dòng Chảy,vi-VN
Barbara: Flow,Barbara - Dòng Chảy,vi-VN
Barbara: Flusso,Barbara - Dòng Chảy,vi-VN
Barbara: Müzik Terapisi,Barbara - Dòng Chảy,vi-VN
Başarım: Adeptus Vadisi,Thành Tựu - Tiên Cốc,vi-VN
Başarım: Alev,Thành Tựu - Rực Cháy,vi-VN
Başarım: Arkası Yarın,Thành tựu - Cánh quạt,vi-VN
Başarım: Ayrı Geçen Zaman,Thành Tựu - Trùng Phùng,vi-VN
Başarım: Balina Terbiyecisi,Thành Tựu - Săn Cá Voi,vi-VN
Başarım: Bitiş Noktası,Thành Tựu - Tận Cùng,vi-VN
Başarım: Buluşma,Thành tựu - Gặp gỡ,vi-VN
Başarım: Dağ Sakinleri,Thành tựu - Sơn dân,vi-VN
Başarım: Denizci,Thành Tựu - Du Ngoạn,vi-VN
Başarım: Derin ve Karanlık,Thành tựu - Thần Bí,vi-VN
Başarım: Gece Lordu,Thành Tựu - Chủ Nhân Màn Đêm,vi-VN
Başarım: Gelip Geçici Alacakaranlık,Thành Tựu - Chạng Vạng,vi-VN
Başarım: Gezinti,Thành tựu - Dạo Bước,vi-VN
Başarım: Gizemli Çekirdek,Thành Tựu - Lõi Bí Ẩn,vi-VN
Başarım: Gökkuşağı Renkleri,Thành tựu - Màu sắc cầu vồng,vi-VN
Başarım: Her Şeyi Gören,Thành Tựu - Nhìn Rõ Tất Cả,vi-VN
Başarım: Kader Karşılaşması,Thành tựu - Hữu Duyên,vi-VN
Başarım: Kahraman,Thành tựu - Hành hiệp,vi-VN
Başarım: Kanyon,Thành Tựu - Núi Đá,vi-VN
Başarım: Kapı,Thành Tựu - Cánh Cửa,vi-VN
Başarım: Karda Yolculuk,Thành Tựu - Dạo Bước Trên Tuyết,vi-VN
Başarım: Karlı Zirve,Thành tựu - Đỉnh tuyết,vi-VN
Başarım: Karlı Ülke,Thành tựu - Quê hương của tuyết,vi-VN
Başarım: Kaşif,Thành tựu - Đi khắp nơi,vi-VN
Başarım: Kedi Şansı,Thành Tựu - Vận May Mèo,vi-VN
Başarım: Kutsal Yol,Thành Tựu - Trải qua,vi-VN
Başarım: Mücadeleci,Thành tựu - Khiêu chiến,vi-VN
Başarım: Mücadeleci II,Thành tựu - Khiêu chiến (II),vi-VN
Başarım: Mücadeleci III,Thành tựu - Khiêu chiến (III),vi-VN
Başarım: Repertuvar,Thành Tựu - Tuyển Tập Nhạc,vi-VN
Başarım: Savaşçı Ruhu,Thành Tựu - Chiến Ý,vi-VN
Başarım: Sonsuz,Thành Tựu - Mãi Tiếp Bước,vi-VN
Başarım: Sonsuz,Thành Tựu - Vạn Chủng,vi-VN
Başarım: Sükunet Anı,Thành Tựu - Bình Yên,vi-VN
Başarım: Tatil Evi,Thành tựu – Cư trú,vi-VN
Başarım: Taş Ejder,Thành Tựu - Rồng Đá,vi-VN
Başarım: Virtüöz,Thành Tựu - Đặc Kỹ,vi-VN
Başarım: Yansıyan Rüyalar,Thành Tựu - Giấc Mơ Phản Chiếu,vi-VN
Başarım: Yay Ustası,Thành tựu - Cung tên,vi-VN
Başarım: Yedi Işık,Thành Tựu - Bảy Tia Sáng,vi-VN
Başarım: Yörüngeler,Thành Tựu - Quỹ Đạo,vi-VN
Başarım: Yıldırım Darbesi,Thành Tựu - Sấm Sét,vi-VN
Başarım: Çay Saati,Thành Tựu - Ấm Trần Ca,vi-VN
Başarım: Çağrı,Thành Tựu - Thất Thánh,vi-VN
Başarım: Çiviler,Thành Tựu - Đập Kim,vi-VN
Başarım: Çiçekli Bahçe,Thành Tựu - Trăm Hoa Đua Nở,vi-VN
Başarım: İhtişam,Thành Tựu - Kỳ Hoa,vi-VN
Başarım: İleri Görüşlü,Thành Tựu - Nhìn Xa,vi-VN
Başarım: Şairane Sayfalar,Thành Tựu - Trang Thơ,vi-VN
Beidou - Levantem as âncoras,Beidou - Nhổ neo,vi-VN
Beidou - Levée d'ancre,Beidou - Nhổ neo,vi-VN
Beidou - Weighing Anchor,Beidou - Nhổ neo,vi-VN
Beidou - ¡Levad anclas!,Beidou - Nhổ neo,vi-VN
Beidou – Ankerlichtung,Beidou - Nhổ neo,vi-VN
Beidou: Demir Alma Vakti,Beidou - Nhổ neo,vi-VN
Beidou: Tempo di salpare,Beidou - Nhổ neo,vi-VN
Beidou: Weighing Anchor,Beidou - Nhổ neo,vi-VN
Bennett - Gratitude,Bennett - Chấp Nhận,vi-VN
Bennett - Recognition,Bennett - Chấp Nhận,vi-VN
Bennett - Reconhecimento,Bennett - Chấp Nhận,vi-VN
Bennett - Reconocimiento,Bennett - Chấp Nhận,vi-VN
Bennett – Anerkennung,Bennett - Chấp Nhận,vi-VN
Bennett: Gratitudine,Bennett - Chấp Nhận,vi-VN
Bennett: Recognition,Bennett - Chấp Nhận,vi-VN
Bennett: İtibar,Bennett - Chấp Nhận,vi-VN
Boş Tapınak: Taşan Anılar,Không Điện - Ký Ức Ngập Tràn,vi-VN
Buztutan: Kadim Ağaç,Chịu Lạnh - Cổ Thụ,vi-VN
Bárbara - Flujo,Barbara - Dòng Chảy,vi-VN
Candace - Garza real,Candace - Vạc Trời,vi-VN
Candace - Héronne cendrée,Candace - Vạc Trời,vi-VN
Candace - นกกระสานวล,Candace - Vạc Trời,vi-VN
Candace – Graureiher,Candace - Vạc Trời,vi-VN
Candace — Garça Cinza,Candace - Vạc Trời,vi-VN
Candace: Airone grigio,Candace - Vạc Trời,vi-VN
Candace: Gray Heron,Candace - Vạc Trời,vi-VN
Candace: Gri Balıkçıl,Candace - Vạc Trời,vi-VN
Celebración - Ardor,Lễ Hội - Nóng Bỏng,vi-VN
Celebración - Arena mecánica,Lễ Hội - Cờ,vi-VN
Celebración - Atún con arroz,Lễ Hội - Cơm Cá Ngừ,vi-VN
Celebración - Banquete de gala,Lễ Hội - Tiệc Tùng,vi-VN
Celebración - Bombabum,Lễ Hội – Bóng Ma Thuật,vi-VN
Celebración - Combate,Lễ Hội - Ikki,vi-VN
Celebración - Dulce y crujiente,Lễ Hội – Giòn Và Ngọt,vi-VN
Celebración - Embriaguez,Tiệc Mừng - Linh Đình,vi-VN
Celebración - Escamas relucientes,Lễ Hội - Quang Lân,vi-VN
Celebración - Festín,Lễ Hội - Tiệc Lớn,vi-VN
Celebración - Festín (II),Lễ Hội - Tiệc Lớn (II),vi-VN
Celebración - Fruto de la sabiduría,Lễ Hội - Tuệ Quả,vi-VN
Celebración - Himno de batalla,Lễ Hội – Đấu Kịch,vi-VN
Celebración - Hipóstasis,Lễ Hội - Nguyên Bản,vi-VN
Celebración - Ingenio,Lễ Hội - Thần Cơ Diệu Toán,vi-VN
Celebración - Inmensidad,Lễ Hội - Bao La,vi-VN
Celebración - Júbilo melodioso,Lễ Hội - Lắng Nghe Giai Điệu,vi-VN
Celebración - Lectura onírica,Lễ Hội - Giấc Mơ Đọc Sách,vi-VN
Celebración - Luces diurnas,Lễ Hội - Ánh Đèn,vi-VN
Celebración - Melodía magnificente,Lễ Hội - Nhã Tấu,vi-VN
Celebración - Nimbos biconvexos,Lễ Hội - Mây Trôi,vi-VN
Celebración - Sabores sublimes,Lễ Hội - Vị Ngon,vi-VN
Celebración - ¡Cucú!,Lễ Hội - Trốn Tìm,vi-VN
Celebration: Battlesong,Lễ Hội – Đấu Kịch,vi-VN
Celebration: Binge Vessel,Tiệc Mừng - Linh Đình,vi-VN
Celebration: Crispy and Sweet,Lễ Hội – Giòn Và Ngọt,vi-VN
Celebration: Dream Reader,Lễ Hội - Giấc Mơ Đọc Sách,vi-VN
Celebration: Euphonia,Lễ Hội - Nhã Tấu,vi-VN
Celebration: Feast,Lễ Hội - Tiệc Lớn,vi-VN
Celebration: Feast (II),Lễ Hội - Tiệc Lớn (II),vi-VN
Celebration: Fruit of Wisdom,Lễ Hội - Tuệ Quả,vi-VN
Celebration: Hypostasis,Lễ Hội - Nguyên Bản,vi-VN
Celebration: Ikki,Lễ Hội - Ikki,vi-VN
Celebration: Kaboomball,Lễ Hội – Bóng Ma Thuật,vi-VN
Celebration: Lantern-Light,Lễ Hội - Ánh Đèn,vi-VN
Celebration: Lavish Gala,Lễ Hội - Tiệc Tùng,vi-VN
Celebration: Lenticular Clouds,Lễ Hội - Mây Trôi,vi-VN
Celebration: Mechanicus,Lễ Hội - Cờ,vi-VN
Celebration: Peekaboo!,Lễ Hội - Trốn Tìm,vi-VN
Celebration: Scorch,Lễ Hội - Nóng Bỏng,vi-VN
Celebration: Shining Scale,Lễ Hội - Quang Lân,vi-VN
Celebration: Sublime Flavors,Lễ Hội - Vị Ngon,vi-VN
Celebration: Tuna On Rice,Lễ Hội - Cơm Cá Ngừ,vi-VN
Celebration: Tuneful Delight,Lễ Hội - Lắng Nghe Giai Điệu,vi-VN
Celebration: Vastness,Lễ Hội - Bao La,vi-VN
Celebration: Wondrous Calculation,Lễ Hội - Thần Cơ Diệu Toán,vi-VN
Celebrazione: Banchetto,Lễ Hội - Tiệc Lớn,vi-VN
Celebrazione: Banchetto (II),Lễ Hội - Tiệc Lớn (II),vi-VN
Celebrazione: Bombabum,Lễ Hội – Bóng Ma Thuật,vi-VN
Celebrazione: Bruciatura,Lễ Hội - Nóng Bỏng,vi-VN
Celebrazione: Canto di guerra,Lễ Hội – Đấu Kịch,vi-VN
Celebrazione: Croccante e dolce,Lễ Hội – Giòn Và Ngọt,vi-VN
Celebrazione: Cucù!,Lễ Hội - Trốn Tìm,vi-VN
Celebrazione: Delizia melodiosa,Lễ Hội - Lắng Nghe Giai Điệu,vi-VN
Celebrazione: Ebbrezza,Tiệc Mừng - Linh Đình,vi-VN
Celebrazione: Euphonia,Lễ Hội - Nhã Tấu,vi-VN
Celebrazione: Frutto della saggezza,Lễ Hội - Tuệ Quả,vi-VN
Celebrazione: Galà sfarzoso,Lễ Hội - Tiệc Tùng,vi-VN
Celebrazione: Ikki,Lễ Hội - Ikki,vi-VN
Celebrazione: Immensità,Lễ Hội - Bao La,vi-VN
Celebrazione: Ingegnosità,Lễ Hội - Thần Cơ Diệu Toán,vi-VN
Celebrazione: Ipostasi,Lễ Hội - Nguyên Bản,vi-VN
Celebrazione: Lettore di sogni,Lễ Hội - Giấc Mơ Đọc Sách,vi-VN
Celebrazione: Luce delle lanterne,Lễ Hội - Ánh Đèn,vi-VN
Celebrazione: Nuvole lenticolari,Lễ Hội - Mây Trôi,vi-VN
Celebrazione: Sapori sublimi,Lễ Hội - Vị Ngon,vi-VN
Celebrazione: Squame splendenti,Lễ Hội - Quang Lân,vi-VN
Celebrazione: Teatro meccanico,Lễ Hội - Cờ,vi-VN
Celebrazione: Tonno su riso,Lễ Hội - Cơm Cá Ngừ,vi-VN
Celebração - Achooou!,Lễ Hội - Trốn Tìm,vi-VN
Celebração - Banquete,Lễ Hội - Tiệc Lớn,vi-VN
Celebração - Banquete II,Lễ Hội - Tiệc Lớn (II),vi-VN
Celebração - Bola Mágica,Lễ Hội – Bóng Ma Thuật,vi-VN
Celebração - Canção da Batalha,Lễ Hội – Đấu Kịch,vi-VN
Celebração - Escama Brilhante,Lễ Hội - Quang Lân,vi-VN
Celebração - Fervor,Lễ Hội - Nóng Bỏng,vi-VN
Celebração - Fruta da Sabedoria,Lễ Hội - Tuệ Quả,vi-VN
Celebração - Hypostasis,Lễ Hội - Nguyên Bản,vi-VN
Celebração - Luz de Lanterna,Lễ Hội - Ánh Đèn,vi-VN
Celebração - Mecânica,Lễ Hội - Cờ,vi-VN
Celebração - Nuvens em Picos Montanhosos,Lễ Hội - Mây Trôi,vi-VN
Celebração - Ouvidos Atentos,Lễ Hội - Lắng Nghe Giai Điệu,vi-VN
Celebração - Vastidão,Lễ Hội - Bao La,vi-VN
Celebração: Arroz e Atum,Lễ Hội - Cơm Cá Ngừ,vi-VN
Celebração: Banquete Luxuoso,Lễ Hội - Tiệc Tùng,vi-VN
Celebração: Doce e Crocante,Lễ Hội – Giòn Và Ngọt,vi-VN
Celebração: Embriaguez,Tiệc Mừng - Linh Đình,vi-VN
Celebração: Eufonia,Lễ Hội - Nhã Tấu,vi-VN
Celebração: Genialidade,Lễ Hội - Thần Cơ Diệu Toán,vi-VN
Celebração: Ikki,Lễ Hội - Ikki,vi-VN
Celebração: Leitor de Sonhos,Lễ Hội - Giấc Mơ Đọc Sách,vi-VN
Celebração: Sabor Supremo,Lễ Hội - Vị Ngon,vi-VN
Charlotte - Exclusiva,Charlotte - Độc Quyền,vi-VN
Charlotte - Furo Exclusivo,Charlotte - Độc Quyền,vi-VN
Charlotte - Scoop,Charlotte - Độc Quyền,vi-VN
Charlotte - สุดพิเศษ,Charlotte - Độc Quyền,vi-VN
Charlotte – Exklusiv,Charlotte - Độc Quyền,vi-VN
Charlotte: Esclusiva,Charlotte - Độc Quyền,vi-VN
Charlotte: Exclusive,Charlotte - Độc Quyền,vi-VN
Charlotte: Özel Haber,Charlotte - Độc Quyền,vi-VN
Chasca - Chargée à bloc,Chasca - Đầy Đạn,vi-VN
Chasca - Munición cargada,Chasca - Đầy Đạn,vi-VN
Chasca - กระหน่ำยิง,Chasca - Đầy Đạn,vi-VN
Chasca – Volle Munition,Chasca - Đầy Đạn,vi-VN
Chasca: Carga Máxima,Chasca - Đầy Đạn,vi-VN
Chasca: Colpo in canna,Chasca - Đầy Đạn,vi-VN
Chasca: Dolu Silindir,Chasca - Đầy Đạn,vi-VN
Chasca: Fully Loaded,Chasca - Đầy Đạn,vi-VN
Chenyu - Ceremonia Emanajade,Trầm Ngọc - Nghi Thức Mưa Ngọc,vi-VN
Chenyu - Pluie de jade,Trầm Ngọc - Nghi Thức Mưa Ngọc,vi-VN
Chenyu - โยนหยก,Trầm Ngọc - Nghi Thức Mưa Ngọc,vi-VN
Chenyu – Regenjade-Ritus,Trầm Ngọc - Nghi Thức Mưa Ngọc,vi-VN
Chenyu: Rainjade Rite,Trầm Ngọc - Nghi Thức Mưa Ngọc,vi-VN
Chenyu: Rito della Giada pluviale,Trầm Ngọc - Nghi Thức Mưa Ngọc,vi-VN
Chenyu: Ritual Chuva de Jade,Trầm Ngọc - Nghi Thức Mưa Ngọc,vi-VN
Chenyu: Yağmur Yeşimi Ayini,Trầm Ngọc - Nghi Thức Mưa Ngọc,vi-VN
Chevreuse - Tipo II,Chevreuse - Mẫu II,vi-VN
Chevreuse - ประเภท II,Chevreuse - Mẫu II,vi-VN
Chevreuse : Type II,Chevreuse - Mẫu II,vi-VN
Chevreuse – Typ II,Chevreuse - Mẫu II,vi-VN
Chevreuse: Tip II,Chevreuse - Mẫu II,vi-VN
Chevreuse: Tipo II,Chevreuse - Mẫu II,vi-VN
Chevreuse: Type II,Chevreuse - Mẫu II,vi-VN
Childe - Foul Legacy,Childe - Quỷ Trang,vi-VN
Childe - Legado Maligno,Childe - Quỷ Trang,vi-VN
Childe: Foul Legacy,Childe - Quỷ Trang,vi-VN
Chiori - Manches spectaculaires,Chiori - Tay Áo Trình Diễn,vi-VN
Chiori - Mangas Abertas,Chiori - Tay Áo Trình Diễn,vi-VN
Chiori - Tamoto,Chiori - Tay Áo Trình Diễn,vi-VN
Chiori - สยายกิโมโน,Chiori - Tay Áo Trình Diễn,vi-VN
Chiori – Spektakuläre Ärmel,Chiori - Tay Áo Trình Diễn,vi-VN
Chiori: Gösterişli Kollar,Chiori - Tay Áo Trình Diễn,vi-VN
Chiori: Maniche mozzafiato,Chiori - Tay Áo Trình Diễn,vi-VN
Chiori: Spectacular Sleeves,Chiori - Tay Áo Trình Diễn,vi-VN
Chongyun - Filo espiritual,Chongyun - Linh nhẫn,vi-VN
Chongyun - Lame de l'esprit,Chongyun - Linh nhẫn,vi-VN
Chongyun - Lâmina Espiritual,Chongyun - Linh nhẫn,vi-VN
Chongyun - Spirit Blade,Chongyun - Linh nhẫn,vi-VN
Chongyun – Seelenklinge,Chongyun - Linh nhẫn,vi-VN
Chongyun: Lama spirituale,Chongyun - Linh nhẫn,vi-VN
Chongyun: Ruh Kılıcı,Chongyun - Linh nhẫn,vi-VN
Chongyun: Spirit Blade,Chongyun - Linh nhẫn,vi-VN
Citlali - Étoile opaline,Citlali- Ngôi Sao Trắng,vi-VN
Citlali - ดาราผ่อง,Citlali- Ngôi Sao Trắng,vi-VN
Citlali – Opalstern,Citlali- Ngôi Sao Trắng,vi-VN
Citlali: Estrela Opala,Citlali- Ngôi Sao Trắng,vi-VN
Citlali: Fulgistella,Citlali- Ngôi Sao Trắng,vi-VN
Citlali: Opal Yıldızı,Citlali- Ngôi Sao Trắng,vi-VN
Citlali: Opalstar,Citlali- Ngôi Sao Trắng,vi-VN
Citlalí - Estrella blanca,Citlali- Ngôi Sao Trắng,vi-VN
Clorinde - Jeu de rôle,Clorinde - Nhập Vai,vi-VN
Clorinde - Rol,Clorinde - Nhập Vai,vi-VN
Clorinde - บทบาทสมมติ,Clorinde - Nhập Vai,vi-VN
Clorinde: Gioco di ruolo,Clorinde - Nhập Vai,vi-VN
Clorinde: Representação,Clorinde - Nhập Vai,vi-VN
Clorinde: Rol Oyunu,Clorinde - Nhập Vai,vi-VN
Clorinde: Roleplay,Clorinde - Nhập Vai,vi-VN
Clorinde: Rollenspiel,Clorinde - Nhập Vai,vi-VN
Collei - Pantera,Collei - Quân Tử,vi-VN
Collei - Vertu,Collei - Quân Tử,vi-VN
Collei - องอาจ,Collei - Quân Tử,vi-VN
Collei – Tugend,Collei - Quân Tử,vi-VN
Collei: Good Virtue,Collei - Quân Tử,vi-VN
Collei: Virtude,Collei - Quân Tử,vi-VN
Collei: Virtù,Collei - Quân Tử,vi-VN
Collei: Üstün Erdem,Collei - Quân Tử,vi-VN
Colombina - Algún día,Columbina - Khi Nào,vi-VN
Colombina: Un giorno,Columbina - Khi Nào,vi-VN
Columbina - Un jour...,Columbina - Khi Nào,vi-VN
Columbina - สักวันหนึ่ง,Columbina - Khi Nào,vi-VN
Columbina – Eines Tages,Columbina - Khi Nào,vi-VN
Columbina: Algum Dia,Columbina - Khi Nào,vi-VN
Columbina: Günün Birinde,Columbina - Khi Nào,vi-VN
Columbina: Someday,Columbina - Khi Nào,vi-VN
Conquista - Canção do Bule,Thành Tựu - Ấm Trần Ca,vi-VN
Conquista - Cores do Arco-Íris,Thành tựu - Màu sắc cầu vồng,vi-VN
Conquista - Desafiante,Thành tựu - Khiêu chiến,vi-VN
Conquista - Desafiante II,Thành tựu - Khiêu chiến (II),vi-VN
Conquista - Desafiante III,Thành tựu - Khiêu chiến (III),vi-VN
Conquista - Explorador,Thành tựu - Đi khắp nơi,vi-VN
Conquista - Habitantes das Colinas,Thành tựu - Sơn dân,vi-VN
Conquista - Herói,Thành tựu - Hành hiệp,vi-VN
Conquista - Marinheiro,Thành Tựu - Du Ngoạn,vi-VN
Conquista - Mestre do Arco,Thành tựu - Cung tên,vi-VN
Conquista - Núcleo Enigmático,Thành Tựu - Lõi Bí Ẩn,vi-VN
Conquista - Profundezas Secretas,Thành tựu - Thần Bí,vi-VN
Conquista - Reunião,Thành tựu - Gặp gỡ,vi-VN
Conquista - Serenidade,Thành Tựu - Bình Yên,vi-VN
Conquista - Suspenso,Thành tựu - Cánh quạt,vi-VN
Conquista - Terra das Neves,Thành tựu - Quê hương của tuyết,vi-VN
Conquista - Topo Nevado,Thành tựu - Đỉnh tuyết,vi-VN
Conquista - Trilhando a Neve,Thành Tựu - Dạo Bước Trên Tuyết,vi-VN
Conquista - Virtuoso,Thành Tựu - Đặc Kỹ,vi-VN
Conquista - Órbitas,Thành Tựu - Quỹ Đạo,vi-VN
Conquista — Encontro Predestinado,Thành tựu - Hữu Duyên,vi-VN
Conquista — Itinerante,Thành tựu - Dạo Bước,vi-VN
Conquista: Casa de Férias,Thành tựu – Cư trú,vi-VN
Conquista: Despenhadeiro,Thành Tựu - Núi Đá,vi-VN
Conquista: Destruidor de Baleias,Thành Tựu - Săn Cá Voi,vi-VN
Conquista: Dragão de Pedra,Thành Tựu - Rồng Đá,vi-VN
Conquista: Entardecer Transitório,Thành Tựu - Chạng Vạng,vi-VN
Conquista: Espírito de Luta,Thành Tựu - Chiến Ý,vi-VN
Conquista: Fim,Thành Tựu - Tận Cùng,vi-VN
Conquista: Florescimento,Thành Tựu - Trăm Hoa Đua Nở,vi-VN
Conquista: Infinitas Sementes,Thành Tựu - Vạn Chủng,vi-VN
Conquista: Labareda,Thành Tựu - Rực Cháy,vi-VN
Conquista: Lorde da Noite,Thành Tựu - Chủ Nhân Màn Đêm,vi-VN
Conquista: Perpétuo,Thành Tựu - Mãi Tiếp Bước,vi-VN
Conquista: Portão,Thành Tựu - Cánh Cửa,vi-VN
Conquista: Pregos,Thành Tựu - Đập Kim,vi-VN
Conquista: Páginas Poéticas,Thành Tựu - Trang Thơ,vi-VN
Conquista: Repertório,Thành Tựu - Tuyển Tập Nhạc,vi-VN
Conquista: Resplandecência,Thành Tựu - Kỳ Hoa,vi-VN
Conquista: Retumbar do Trovão,Thành Tựu - Sấm Sét,vi-VN
Conquista: Sete Luzes,Thành Tựu - Bảy Tia Sáng,vi-VN
Conquista: Sete Sagrados,Thành Tựu - Thất Thánh,vi-VN
Conquista: Sonhos Espelhados,Thành Tựu - Giấc Mơ Phản Chiếu,vi-VN
Conquista: Sorte Felina,Thành Tựu - Vận May Mèo,vi-VN
Conquista: Tempo Separado,Thành Tựu - Trùng Phùng,vi-VN
Conquista: Travessia,Thành Tựu - Trải qua,vi-VN
Conquista: Vale Adepti,Thành Tựu - Tiên Cốc,vi-VN
Conquista: Visão Além do Alcance,Thành Tựu - Nhìn Xa,vi-VN
Conquista: Visão Completa,Thành Tựu - Nhìn Rõ Tất Cả,vi-VN
Cyno - Sérénité,Cyno - Yên Lặng,vi-VN
Cyno - Taciturno,Cyno - Yên Lặng,vi-VN
Cyno - เงียบขรึม,Cyno - Yên Lặng,vi-VN
Cyno – Innere Ruhe,Cyno - Yên Lặng,vi-VN
Cyno — Serenidade,Cyno - Yên Lặng,vi-VN
Cyno: Sessizlik,Cyno - Yên Lặng,vi-VN
Cyno: Silence,Cyno - Yên Lặng,vi-VN
Cyno: Silenzio,Cyno - Yên Lặng,vi-VN
Célébration - Badaboum,Lễ Hội – Bóng Ma Thuật,vi-VN
Célébration - Chant guerrier,Lễ Hội – Đấu Kịch,vi-VN
Célébration - Coucou !,Lễ Hội - Trốn Tìm,vi-VN
Célébration - Doux et croquant,Lễ Hội – Giòn Và Ngọt,vi-VN
Célébration - Délice mélodieux,Lễ Hội - Lắng Nghe Giai Điệu,vi-VN
Célébration - Embrasement,Lễ Hội - Nóng Bỏng,vi-VN
Célébration - Enivrement,Tiệc Mừng - Linh Đình,vi-VN
Célébration - Euphonie,Lễ Hội - Nhã Tấu,vi-VN
Célébration - Festin,Lễ Hội - Tiệc Lớn,vi-VN
Célébration - Festin (2),Lễ Hội - Tiệc Lớn (II),vi-VN
Célébration - Fruit de la sagesse,Lễ Hội - Tuệ Quả,vi-VN
Célébration - Gala,Lễ Hội - Tiệc Tùng,vi-VN
Célébration - Hypostase,Lễ Hội - Nguyên Bản,vi-VN
Célébration - Ikki,Lễ Hội - Ikki,vi-VN
Célébration - Immensité,Lễ Hội - Bao La,vi-VN
Célébration - Ingéniosité,Lễ Hội - Thần Cơ Diệu Toán,vi-VN
Célébration - Lanternes,Lễ Hội - Ánh Đèn,vi-VN
Célébration - Lecture de rêves,Lễ Hội - Giấc Mơ Đọc Sách,vi-VN
Célébration - Nuage lenticulaire,Lễ Hội - Mây Trôi,vi-VN
Célébration - Saveurs suprêmes,Lễ Hội - Vị Ngon,vi-VN
Célébration - Thon sur riz,Lễ Hội - Cơm Cá Ngừ,vi-VN
Célébration - Écaille brillante,Lễ Hội - Quang Lân,vi-VN
Célébration - Échecs,Lễ Hội - Cờ,vi-VN
Dahlia - Deber sagrado,Dahlia - Thiên Chức,vi-VN
Dahlia - Devoir sacré,Dahlia - Thiên Chức,vi-VN
Dahlia - หน้าที่ศักดิ์สิทธิ์,Dahlia - Thiên Chức,vi-VN
Dahlia – Heilige Berufung,Dahlia - Thiên Chức,vi-VN
Dahlia: Dever Divino,Dahlia - Thiên Chức,vi-VN
Dahlia: Dovere sacro,Dahlia - Thiên Chức,vi-VN
Dahlia: Kutsal Vazife,Dahlia - Thiên Chức,vi-VN
Dahlia: Sacred Duty,Dahlia - Thiên Chức,vi-VN
Dehya - Chama Purificadora,Dehya - Lửa Thiêng,vi-VN
Dehya - Feu purifiant,Dehya - Lửa Thiêng,vi-VN
Dehya - Llama purificadora,Dehya - Lửa Thiêng,vi-VN
Dehya - เพลิงผลาญ,Dehya - Lửa Thiêng,vi-VN
Dehya – Unzähmbares Feuer,Dehya - Lửa Thiêng,vi-VN
Dehya: Arındırıcı Alev,Dehya - Lửa Thiêng,vi-VN
Dehya: Fiamma purificatrice,Dehya - Lửa Thiêng,vi-VN
Dehya: Purifying Flame,Dehya - Lửa Thiêng,vi-VN
Diluc - Burning,Diluc - Thiêu Đốt,vi-VN
Diluc - Chamas,Diluc - Thiêu Đốt,vi-VN
Diluc - Flambée mortelle,Diluc - Thiêu Đốt,vi-VN
Diluc - Quemadura,Diluc - Thiêu Đốt,vi-VN
Diluc – Flammen,Diluc - Thiêu Đốt,vi-VN
Diluc: Alevler,Diluc - Thiêu Đốt,vi-VN
Diluc: Fiamme infernali,Diluc - Thiêu Đốt,vi-VN
Diluc: Flames,Diluc - Thiêu Đốt,vi-VN
Diona - Meow!,Diona - Meo,vi-VN
Diona - Miaou !,Diona - Meo,vi-VN
Diona - Miau,Diona - Meo,vi-VN
Diona – Miau!,Diona - Meo,vi-VN
Diona: Meow!,Diona - Meo,vi-VN
Diona: Miao!,Diona - Meo,vi-VN
Diona: Miyav!,Diona - Meo,vi-VN
Dori - Lampe magique,Dori - Đèn Thần,vi-VN
Dori - Lámpara mágica,Dori - Đèn Thần,vi-VN
Dori - ตะเกียงวิเศษ,Dori - Đèn Thần,vi-VN
Dori – Flaschengeist,Dori - Đèn Thần,vi-VN
Dori: Cin,Dori - Đèn Thần,vi-VN
Dori: Djinn,Dori - Đèn Thần,vi-VN
Dori: Gênio,Dori - Đèn Thần,vi-VN
Dori: Jinni,Dori - Đèn Thần,vi-VN
Durin - Corazón resplandeciente,Durin - Trái Tim Rực Rỡ,vi-VN
Durin - Cœur radieux,Durin - Trái Tim Rực Rỡ,vi-VN
Durin - หัวใจเรืองรอง,Durin - Trái Tim Rực Rỡ,vi-VN
Durin – Loderndes Herz,Durin - Trái Tim Rực Rỡ,vi-VN
Durin: Coração Radiante,Durin - Trái Tim Rực Rỡ,vi-VN
Durin: Cuore raggiante,Durin - Trái Tim Rực Rỡ,vi-VN
Durin: Parlak Kalp,Durin - Trái Tim Rực Rỡ,vi-VN
Durin: Radiant Heart,Durin - Trái Tim Rực Rỡ,vi-VN
Emilie - Nota de Fundo,Emilie - Làn Hương Cuối,vi-VN
Emilie: Alt Nota,Emilie - Làn Hương Cuối,vi-VN
Emilie: Base Note,Emilie - Làn Hương Cuối,vi-VN
Emilie: กลิ่นพื้นฐาน,Emilie - Làn Hương Cuối,vi-VN
Empty Temple: Overflowing Memories,Không Điện - Ký Ức Ngập Tràn,vi-VN
Erlebnispass – Balletika,Nhật Ký Hành Trình - Kịch Múa,vi-VN
Erlebnispass – Blumenkampf,Nhật Ký Hành Trình - Vinh Hoa,vi-VN
Erlebnispass – Blumenkranz,Nhật Ký Hành Trình - Vương Miện,vi-VN
Erlebnispass – Drachenpracht,Nhật Ký Hành Trình - Sắc Diều,vi-VN
Erlebnispass – Farbenquell,Nhật Ký Hành Trình - Chói Lọi,vi-VN
Erlebnispass – Feuerentfachung,Nhật Ký Hành Trình - Lửa Mới,vi-VN
Erlebnispass – Flüchtige Farben,Nhật Ký Hành Trình - Sắc Màu,vi-VN
Erlebnispass – Frostmond,Nhật Ký Hành Trình - Băng Nguyệt,vi-VN
Erlebnispass – Frostreise,Nhật Ký Hành Trình - Sương Du,vi-VN
Erlebnispass – Frühlingserwachen,Nhật Ký Hành Trình - Thức Tỉnh,vi-VN
Erlebnispass – Geisterweber,Nhật Ký Hành Trình - Dệt Linh,vi-VN
Erlebnispass – Geschenk der Pracht,Nhật Ký Hành Trình - Quà Đẹp,vi-VN
Erlebnispass – Glühender Schnee,Nhật Ký Hành Trình - Tuyết Nóng,vi-VN
Erlebnispass – Großer Narukami-Schrein,Nhật Ký Hành Trình - Đền Narukami,vi-VN
Erlebnispass – Heimkehr,Nhật Ký Hành Trình Gió Về,vi-VN
Erlebnispass – Himmlischer General,Nhật Ký Hành Trình - Thần Tướng,vi-VN
Erlebnispass – Himmlischer Wille,Nhật Ký Hành Trình - Thiên Mệnh,vi-VN
Erlebnispass – Hochsommer,Nhật Ký Hành Trình – Mùa Hè Rực Rỡ,vi-VN
Erlebnispass – Irodori,Nhật Ký Hành Trình - Irodori,vi-VN
Erlebnispass – Kodex,Nhật Ký Hành Trình - Triệu Hồi,vi-VN
Erlebnispass – Kreide,Nhật Ký Hành Trình - Vôi Trắng,vi-VN
Erlebnispass – Laternenlicht,Nhật Ký Hành Trình - Bôn Tiêu,vi-VN
Erlebnispass – Leichtbrise,Nhật Ký Hành Trình - Nhàn Nhã,vi-VN
Erlebnispass – Lyratum,Nhật Ký Hành Trình - Lyratum,vi-VN
Erlebnispass – Meeresblau,Nhật Ký Hành Trình - Biển Xanh,vi-VN
Erlebnispass – Milchstraße,Nhật Ký Hành Trình - Dòng Đời,vi-VN
Erlebnispass – Mingxiao,Nhật Ký Hành Trình - Minh Tiêu,vi-VN
Erlebnispass – Märchen,Nhật Ký Hành Trình - Mô Phỏng,vi-VN
Erlebnispass – Nordwind,Nhật Ký Hành Trình - Bắc Phong,vi-VN
Erlebnispass – Pilzfeld,Nhật Ký Hành Trình Rừng Nấm,vi-VN
Erlebnispass – Quellwasser,Nhật Ký Hành Trình - Khởi Nguyên,vi-VN
Erlebnispass – Raumschaffung,Nhật Ký Hành Trình - Dạo Bước Cõi Trần,vi-VN
Erlebnispass – Reim,Nhật Ký Hành Trình - Hòa Tấu,vi-VN
Erlebnispass – Rock ’n’ Roll,Nhật Ký Hành Trình - Rung Chuyển,vi-VN
Erlebnispass – Ruinen,Nhật Ký Hành Trình - Phế Tích,vi-VN
Erlebnispass – Rückkehr,Nhật Ký Hành Trình - Trở Về,vi-VN
Erlebnispass – Sabzeruz,Nhật Ký Hành Trình - Sabzeruz,vi-VN
Erlebnispass – Scheidekunst,Nhật Ký Hành Trình - Hóa Kỹ,vi-VN
Erlebnispass – Sommerfilm,Nhật Ký Hành Trình - Nắng Hạ,vi-VN
Erlebnispass – Spekulation,Nhật Ký Hành Trình - Suy Tưởng,vi-VN
Erlebnispass – Sternregen,Nhật Ký Hành Trình - Sao Rơi,vi-VN
Erlebnispass – Szenarien,Nhật Ký Hành Trình - Mô Phỏng,vi-VN
Erlebnispass – Träumerei,Nhật Ký Hành Trình - Kỳ Mộng,vi-VN
Erlebnispass – Urfeuer,Nhật Ký Hành Trình - Lửa Nguồn,vi-VN
Erlebnispass – Vollmondtanz,Nhật Ký Hành Trình - Trục Nguyệt,vi-VN
Erlebnispass – Waldland,Nhật Ký Hành Trình - Rừng Sâu,vi-VN
Erlebnispass – Windblumen,Nhật Ký Hành Trình Hoa Gió,vi-VN
Erlebnispass – Windfänger,Nhật Ký Hành Trình Của Gió,vi-VN
Erlebnispass – Wirbeltanz,Nhật Ký Hành Trình - Vũ Điệu,vi-VN
Erlebnispass – Zeitgravur,Nhật Ký Hành Trình - Khắc Ghi,vi-VN
Erlebnispass – Zuneigung,Nhật Ký Hành Trình - Nghệ Thuật,vi-VN
Erlebnispass: Schwindende Sterne,Khởi Hành-Tức Tinh,vi-VN
Errungenschaft – Adeptental,Thành Tựu - Tiên Cốc,vi-VN
Errungenschaft – Allsehend,Thành Tựu - Nhìn Rõ Tất Cả,vi-VN
Errungenschaft – Bekannte Geschichten,Thành tựu - Cánh quạt,vi-VN
Errungenschaft – Bergbewohner,Thành tựu - Sơn dân,vi-VN
Errungenschaft – Beschaulicher Frieden,Thành Tựu - Bình Yên,vi-VN
Errungenschaft – Beschwörer,Thành Tựu - Thất Thánh,vi-VN
Errungenschaft – Bunte Farben,Thành tựu - Màu sắc cầu vồng,vi-VN
Errungenschaft – Donnerdröhnen,Thành Tựu - Sấm Sét,vi-VN
Errungenschaft – Eigenart,Thành Tựu - Đặc Kỹ,vi-VN
Errungenschaft – Ende,Thành Tựu - Tận Cùng,vi-VN
Errungenschaft – Entdeckung,Thành tựu - Đi khắp nơi,vi-VN
Errungenschaft – Ewiger Fortlauf,Thành Tựu - Mãi Tiếp Bước,vi-VN
Errungenschaft – Feriendomizil,Thành tựu – Cư trú,vi-VN
Errungenschaft – Feuersbrunst,Thành Tựu - Rực Cháy,vi-VN
Errungenschaft – Gespiegelte Träume,Thành Tựu - Giấc Mơ Phản Chiếu,vi-VN
Errungenschaft – Große Kluft,Thành Tựu - Núi Đá,vi-VN
Errungenschaft – Heldentum,Thành tựu - Hành hiệp,vi-VN
Errungenschaft – Herausforderung,Thành tựu - Khiêu chiến,vi-VN
"Errungenschaft – Herausforderung, die Dritte",Thành tựu - Khiêu chiến (III),vi-VN
"Errungenschaft – Herausforderung, die Zweite",Thành tựu - Khiêu chiến (II),vi-VN
Errungenschaft – Herrscher der Nacht,Thành Tựu - Chủ Nhân Màn Đêm,vi-VN
Errungenschaft – Kampfeswille,Thành Tựu - Chiến Ý,vi-VN
Errungenschaft – Lange Trennung,Thành Tựu - Trùng Phùng,vi-VN
Errungenschaft – Miau-Glück,Thành Tựu - Vận May Mèo,vi-VN
Errungenschaft – Nadelhaken,Thành Tựu - Đập Kim,vi-VN
Errungenschaft – Pfad,Thành Tựu - Quỹ Đạo,vi-VN
Errungenschaft – Pracht,Thành Tựu - Kỳ Hoa,vi-VN
Errungenschaft – Reiseabenteuer,Thành Tựu - Trải qua,vi-VN
Errungenschaft – Repertoire,Thành Tựu - Tuyển Tập Nhạc,vi-VN
Errungenschaft – Rätselhafter Kern,Thành Tựu - Lõi Bí Ẩn,vi-VN
Errungenschaft – Schicksal,Thành tựu - Hữu Duyên,vi-VN
Errungenschaft – Schneegipfel,Thành tựu - Đỉnh tuyết,vi-VN
Errungenschaft – Schneewanderung,Thành Tựu - Dạo Bước Trên Tuyết,vi-VN
Errungenschaft – Sieben Farben,Thành Tựu - Bảy Tia Sáng,vi-VN
Errungenschaft – Spannkraft,Thành tựu - Cung tên,vi-VN
Errungenschaft – Steindrache,Thành Tựu - Rồng Đá,vi-VN
Errungenschaft – Teezeit,Thành Tựu - Ấm Trần Ca,vi-VN
Errungenschaft – Tür,Thành Tựu - Cánh Cửa,vi-VN
Errungenschaft – Umherwandern,Thành tựu - Dạo Bước,vi-VN
Errungenschaft – Unendliche Samen,Thành Tựu - Vạn Chủng,vi-VN
Errungenschaft – Vergänglichkeit,Thành Tựu - Chạng Vạng,vi-VN
Errungenschaft – Verschneite Landschaft,Thành tựu - Quê hương của tuyết,vi-VN
Errungenschaft – Volle Blüte,Thành Tựu - Trăm Hoa Đua Nở,vi-VN
Errungenschaft – Voller Rätsel,Thành tựu - Thần Bí,vi-VN
Errungenschaft – Walbändiger,Thành Tựu - Săn Cá Voi,vi-VN
Errungenschaft – Wandern,Thành Tựu - Du Ngoạn,vi-VN
Errungenschaft – Wiedersehen,Thành tựu - Gặp gỡ,vi-VN
Errungenschaften – Weitsichtig,Thành Tựu - Nhìn Xa,vi-VN
Errungenschaften: Gedichtseiten,Thành Tựu - Trang Thơ,vi-VN
Escoffier - Délice,Escoffier - Thú Vị,vi-VN
Escoffier - Encanto oculto,Escoffier - Thú Vị,vi-VN
Escoffier - เสน่ห์,Escoffier - Thú Vị,vi-VN
Escoffier – Charme,Escoffier - Thú Vị,vi-VN
Escoffier: Cazibe,Escoffier - Thú Vị,vi-VN
Escoffier: Charm,Escoffier - Thú Vị,vi-VN
Escoffier: Charme,Escoffier - Thú Vị,vi-VN
Escoffier: Fascino,Escoffier - Thú Vị,vi-VN
Eula - Ice-Sealed,Eula - Ấn Băng,vi-VN
Eula - Insignia Glacial,Eula - Ấn Băng,vi-VN
Eula - Sceau de glace,Eula - Ấn Băng,vi-VN
Eula – Eissiegel,Eula - Ấn Băng,vi-VN
Eula: Buz Mührü,Eula - Ấn Băng,vi-VN
Eula: Ice-Sealed,Eula - Ấn Băng,vi-VN
Eula: Selado em Gelo,Eula - Ấn Băng,vi-VN
Eula: Sigillo glaciale,Eula - Ấn Băng,vi-VN
Faruzan - Secret scellé,Faruzan - Bí Mật Của Phong Ấn,vi-VN
Faruzan - ความลับที่ผนึกไว้,Faruzan - Bí Mật Của Phong Ấn,vi-VN
Faruzan – Versiegelte Geheimnisse,Faruzan - Bí Mật Của Phong Ấn,vi-VN
Faruzan: Gizli Sır,Faruzan - Bí Mật Của Phong Ấn,vi-VN
Faruzan: Sealed Secret,Faruzan - Bí Mật Của Phong Ấn,vi-VN
Faruzan: Segredo Selado,Faruzan - Bí Mật Của Phong Ấn,vi-VN
Faruzan: Segreto sigillato,Faruzan - Bí Mật Của Phong Ấn,vi-VN
Faruzán - Secreto velado,Faruzan - Bí Mật Của Phong Ấn,vi-VN
Feierlichkeit – Aufwendige Gala,Lễ Hội - Tiệc Tùng,vi-VN
Feierlichkeit – Bezaubernde Melodie,Lễ Hội - Nhã Tấu,vi-VN
Feierlichkeit – Bumm-Bumm-Ball,Lễ Hội – Bóng Ma Thuật,vi-VN
Feierlichkeit – Erstaunliche Voraussicht,Lễ Hội - Thần Cơ Diệu Toán,vi-VN
Feierlichkeit – Frucht der Weisheit,Lễ Hội - Tuệ Quả,vi-VN
Feierlichkeit – Gelage,Lễ Hội - Tiệc Lớn,vi-VN
Feierlichkeit – Gelage II,Lễ Hội - Tiệc Lớn (II),vi-VN
Feierlichkeit – Glitzernde Schuppe,Lễ Hội - Quang Lân,vi-VN
Feierlichkeit – Glühende Hitze,Lễ Hội - Nóng Bỏng,vi-VN
Feierlichkeit – Hypostase,Lễ Hội - Nguyên Bản,vi-VN
Feierlichkeit – Höchster Geschmack,Lễ Hội - Vị Ngon,vi-VN
Feierlichkeit – Ikki,Lễ Hội - Ikki,vi-VN
Feierlichkeit – Kampflied,Lễ Hội – Đấu Kịch,vi-VN
Feierlichkeit – Laternenlicht,Lễ Hội - Ánh Đèn,vi-VN
Feierlichkeit – Lauschende Ohren,Lễ Hội - Lắng Nghe Giai Điệu,vi-VN
Feierlichkeit – Lesen im Traum,Lễ Hội - Giấc Mơ Đọc Sách,vi-VN
Feierlichkeit – Linsenwolken,Lễ Hội - Mây Trôi,vi-VN
Feierlichkeit – Süß und knackig,Lễ Hội – Giòn Và Ngọt,vi-VN
Feierlichkeit – Thunfisch-Reis,Lễ Hội - Cơm Cá Ngừ,vi-VN
Feierlichkeit – Trinkgelage,Tiệc Mừng - Linh Đình,vi-VN
Feierlichkeit – Unermesslichkeit,Lễ Hội - Bao La,vi-VN
Feierlichkeit – Versteckspiel,Lễ Hội - Trốn Tìm,vi-VN
Feierlichkeit – Vorrichtungen,Lễ Hội - Cờ,vi-VN
Fischl - Corbeau de la nuit,Fischl - Quạ Bóng Đêm,vi-VN
Fischl - Corvo Noturno,Fischl - Quạ Bóng Đêm,vi-VN
Fischl - Cuervo,Fischl - Quạ Bóng Đêm,vi-VN
Fischl - Night Raven,Fischl - Quạ Bóng Đêm,vi-VN
Fischl – Nachtrabe,Fischl - Quạ Bóng Đêm,vi-VN
Fischl: Corvo della notte,Fischl - Quạ Bóng Đêm,vi-VN
Fischl: Gece Kuzgunu,Fischl - Quạ Bóng Đêm,vi-VN
Fischl: Night Raven,Fischl - Quạ Bóng Đêm,vi-VN
Flins - Lanterne de serment,Flins - Đèn Thề,vi-VN
Flins - Lámpara del juramento,Flins - Đèn Thề,vi-VN
Flins - ตะเกียงแห่งคำปฏิญาณ,Flins - Đèn Thề,vi-VN
Flins – Schwurlaterne,Flins - Đèn Thề,vi-VN
Flins: Lanterna del custode del giuramento,Flins - Đèn Thề,vi-VN
Flins: Lâmpada do Guardião do Juramento,Flins - Đèn Thề,vi-VN
Flins: Oathkeeper's Lantern,Flins - Đèn Thề,vi-VN
Flins: Söz Erinin Feneri,Flins - Đèn Thề,vi-VN
Fontaine - Actualités,Fontaine - Tin Tức,vi-VN
Fontaine - Afinación,Fontaine - Chỉnh Âm,vi-VN
Fontaine - Confusión,Fontaine - Trọn Vẹn,vi-VN
Fontaine - Confusão,Fontaine - Trọn Vẹn,vi-VN
Fontaine - Exhaustivité,Fontaine - Trọn Vẹn,vi-VN
Fontaine - Expiación,Fontaine - Chuộc Tội,vi-VN
Fontaine - Expiation,Fontaine - Chuộc Tội,vi-VN
Fontaine - Grandes Notícias,Fontaine - Tin Tức,vi-VN
Fontaine - Harmonisation,Fontaine - Chỉnh Âm,vi-VN
Fontaine - Jugement,Fontaine - Thẩm Phán,vi-VN
Fontaine - Juicios,Fontaine - Thẩm Phán,vi-VN
Fontaine - Julgamento,Fontaine - Thẩm Phán,vi-VN
Fontaine - Lucine,Fontaine - Suối Sương,vi-VN
Fontaine - Mecánica,Fontaine - Cỗ Máy Kỳ Diệu,vi-VN
Fontaine - Máquina Maravilhosa,Fontaine - Cỗ Máy Kỳ Diệu,vi-VN
Fontaine - Periodismo,Fontaine - Tin Tức,vi-VN
Fontaine - Technologie,Fontaine - Cỗ Máy Kỳ Diệu,vi-VN
Fontaine - การไถ่บาป,Fontaine - Chuộc Tội,vi-VN
Fontaine - ข่าวสาร,Fontaine - Tin Tức,vi-VN
Fontaine - จักรกล,Fontaine - Cỗ Máy Kỳ Diệu,vi-VN
Fontaine - ปรับจูน,Fontaine - Chỉnh Âm,vi-VN
Fontaine - พิพากษา,Fontaine - Thẩm Phán,vi-VN
Fontaine - สมบูรณ์,Fontaine - Trọn Vẹn,vi-VN
Fontaine - สระน้ำพุ,Fontaine - Suối Sương,vi-VN
Fontaine – Abstimmung,Fontaine - Chỉnh Âm,vi-VN
Fontaine – Innovation,Fontaine - Cỗ Máy Kỳ Diệu,vi-VN
Fontaine – Nachrichten,Fontaine - Tin Tức,vi-VN
Fontaine – Sühne,Fontaine - Chuộc Tội,vi-VN
Fontaine – Tauwasserbrunnen,Fontaine - Suối Sương,vi-VN
Fontaine – Verhandlung,Fontaine - Thẩm Phán,vi-VN
Fontaine – Vervollständigung,Fontaine - Trọn Vẹn,vi-VN
Fontaine: Adalet,Fontaine - Thẩm Phán,vi-VN
Fontaine: Armonizzazione,Fontaine - Chỉnh Âm,vi-VN
Fontaine: Attunement,Fontaine - Chỉnh Âm,vi-VN
Fontaine: Big News,Fontaine - Tin Tức,vi-VN
Fontaine: Bütünlük,Fontaine - Trọn Vẹn,vi-VN
Fontaine: Büyük Haberler,Fontaine - Tin Tức,vi-VN
Fontaine: Completeness,Fontaine - Trọn Vẹn,vi-VN
Fontaine: Completezza,Fontaine - Trọn Vẹn,vi-VN
Fontaine: Giudizio,Fontaine - Thẩm Phán,vi-VN
Fontaine: Grandi notizie,Fontaine - Tin Tức,vi-VN
Fontaine: Judgment,Fontaine - Thẩm Phán,vi-VN
Fontaine: Kefaret,Fontaine - Chuộc Tội,vi-VN
Fontaine: Lucine,Fontaine - Suối Sương,vi-VN
Fontaine: Macchinario fantastico,Fontaine - Cỗ Máy Kỳ Diệu,vi-VN
Fontaine: Muhteşem Makina,Fontaine - Cỗ Máy Kỳ Diệu,vi-VN
Fontaine: Nascente do Orvalho,Fontaine - Suối Sương,vi-VN
Fontaine: Redemption,Fontaine - Chuộc Tội,vi-VN
Fontaine: Redenzione,Fontaine - Chuộc Tội,vi-VN
Fontaine: Redenção,Fontaine - Chuộc Tội,vi-VN
Fontaine: Sintonia,Fontaine - Chỉnh Âm,vi-VN
Fontaine: Uyumluluk,Fontaine - Chỉnh Âm,vi-VN
Fontaine: Wondrous Machine,Fontaine - Cỗ Máy Kỳ Diệu,vi-VN
Freminet - Progresso,Freminet - Tiếp Bước,vi-VN
Freminet - เดินหน้า,Freminet - Tiếp Bước,vi-VN
Freminet: Progress,Freminet - Tiếp Bước,vi-VN
Freminet: Progressi,Freminet - Tiếp Bước,vi-VN
Freminet: İlerleme,Freminet - Tiếp Bước,vi-VN
Frioeterno - Árbol antiguo,Chịu Lạnh - Cổ Thụ,vi-VN
Frostbearing - ต้นไม้โบราณ,Chịu Lạnh - Cổ Thụ,vi-VN
Frostbearing: Ancient Tree,Chịu Lạnh - Cổ Thụ,vi-VN
Fréminet - Progreso,Freminet - Tiếp Bước,vi-VN
Fréminet - Progrès,Freminet - Tiếp Bước,vi-VN
Fréminet – Vorwärts,Freminet - Tiếp Bước,vi-VN
Furina - Banquet,Furina - Tiệc Mừng,vi-VN
Furina - Celebración,Furina - Tiệc Mừng,vi-VN
Furina - Celebração,Furina - Tiệc Mừng,vi-VN
Furina - งานเลี้ยง,Furina - Tiệc Mừng,vi-VN
Furina – Festmahl,Furina - Tiệc Mừng,vi-VN
Furina: Banchetto,Furina - Tiệc Mừng,vi-VN
Furina: Banquet,Furina - Tiệc Mừng,vi-VN
Furina: Ziyafet,Furina - Tiệc Mừng,vi-VN
Gaming - Man Chai,Gaming - A Văn,vi-VN
Gaming – Man Chai,Gaming - A Văn,vi-VN
Gaming: Man Chai,Gaming - A Văn,vi-VN
Ganyu - Chilin,Ganyu - Lân Tích,vi-VN
Ganyu - Qilin,Ganyu - Lân Tích,vi-VN
Ganyu - กิเลน,Ganyu - Lân Tích,vi-VN
Ganyu – Qilin,Ganyu - Lân Tích,vi-VN
Ganyu: Qilin,Ganyu - Lân Tích,vi-VN
Geleterno: Albero antico,Chịu Lạnh - Cổ Thụ,vi-VN
Genshin Impact - Um Novo Mundo,Nguyên Thần - Ấn Tượng,vi-VN
Genshin Impact - Un monde nouveau,Nguyên Thần - Ấn Tượng,vi-VN
Genshin Impact - Un nuevo mundo,Nguyên Thần - Ấn Tượng,vi-VN
Genshin Impact - ความประทับใจ,Nguyên Thần - Ấn Tượng,vi-VN
Genshin Impact – Eindrücke,Nguyên Thần - Ấn Tượng,vi-VN
Genshin Impact: A New World,Nguyên Thần - Ấn Tượng,vi-VN
Genshin Impact: Un mondo nuovo,Nguyên Thần - Ấn Tượng,vi-VN
Genshin Impact: Yeni Bir Dünya,Nguyên Thần - Ấn Tượng,vi-VN
Gezi Notları: Alevli Karlar,Nhật Ký Hành Trình - Tuyết Nóng,vi-VN
Gezi Notları: Alt Uzay Yaratma,Nhật Ký Hành Trình - Dạo Bước Cõi Trần,vi-VN
Gezi Notları: Ay Peşinde,Nhật Ký Hành Trình - Trục Nguyệt,vi-VN
Gezi Notları: Ayaz Kaşifi,Nhật Ký Hành Trình - Sương Du,vi-VN
Gezi Notları: Beyaz Yaprak,Nhật Ký Hành Trình - Lyratum,vi-VN
Gezi Notları: Buzul Ay,Nhật Ký Hành Trình - Băng Nguyệt,vi-VN
Gezi Notları: Büyük Narukami Tapınağı,Nhật Ký Hành Trình - Đền Narukami,vi-VN
Gezi Notları: Dans Şöleni,Nhật Ký Hành Trình - Kịch Múa,vi-VN
Gezi Notları: Eve Dönüş,Nhật Ký Hành Trình - Trở Về,vi-VN
Gezi Notları: Ezeli Sular,Nhật Ký Hành Trình - Khởi Nguyên,vi-VN
Gezi Notları: Eşsiz General,Nhật Ký Hành Trình - Thần Tướng,vi-VN
Gezi Notları: Fener Işığında Övgüler,Nhật Ký Hành Trình - Bôn Tiêu,vi-VN
Gezi Notları: Görkemli Armağan,Nhật Ký Hành Trình - Quà Đẹp,vi-VN
Gezi Notları: Hayali Üretim,Nhật Ký Hành Trình - Mô Phỏng,vi-VN
Gezi Notları: Irodori,Nhật Ký Hành Trình - Irodori,vi-VN
Gezi Notları: Kadim Ateş,Nhật Ký Hành Trình - Lửa Nguồn,vi-VN
Gezi Notları: Kadim Harabeler,Nhật Ký Hành Trình - Phế Tích,vi-VN
Gezi Notları: Kayan Yıldız,Nhật Ký Hành Trình - Sao Rơi,vi-VN
Gezi Notları: Kutsal İrade,Nhật Ký Hành Trình - Thiên Mệnh,vi-VN
Gezi Notları: Kuzey Rüzgarları,Nhật Ký Hành Trình - Bắc Phong,vi-VN
Gezi Notları: Mantar Diyarı,Nhật Ký Hành Trình Rừng Nấm,vi-VN
Gezi Notları: Mingxiao,Nhật Ký Hành Trình - Minh Tiêu,vi-VN
Gezi Notları: Muhteşem Rüya,Nhật Ký Hành Trình - Kỳ Mộng,vi-VN
Gezi Notları: Okyanus Mavisi,Nhật Ký Hành Trình - Biển Xanh,vi-VN
Gezi Notları: Ormanlık Alan,Nhật Ký Hành Trình - Rừng Sâu,vi-VN
Gezi Notları: Parlak Aydınlatma,Nhật Ký Hành Trình - Chói Lọi,vi-VN
Gezi Notları: Rengarenk Atmacalar,Nhật Ký Hành Trình - Sắc Diều,vi-VN
Gezi Notları: Renk Cümbüşü,Nhật Ký Hành Trình - Sắc Màu,vi-VN
Gezi Notları: Ritim ve Kafiye,Nhật Ký Hành Trình - Hòa Tấu,vi-VN
Gezi Notları: Rock 'N' Roll Diyarlar,Nhật Ký Hành Trình - Rung Chuyển,vi-VN
Gezi Notları: Ruh Dokuyan,Nhật Ký Hành Trình - Dệt Linh,vi-VN
Gezi Notları: Rüzgarçiçeği,Nhật Ký Hành Trình Hoa Gió,vi-VN
Gezi Notları: Rüzgarı Yakala,Nhật Ký Hành Trình Của Gió,vi-VN
Gezi Notları: Rüzgarın Dönüşü,Nhật Ký Hành Trình Gió Về,vi-VN
Gezi Notları: Sabzeruz,Nhật Ký Hành Trình - Sabzeruz,vi-VN
Gezi Notları: Sahne Tozu,Nhật Ký Hành Trình - Mô Phỏng,vi-VN
Gezi Notları: Saklı Birikim,Nhật Ký Hành Trình - Hóa Kỹ,vi-VN
Gezi Notları: Sefa Yeli,Nhật Ký Hành Trình - Nhàn Nhã,vi-VN
Gezi Notları: Spekülasyon,Nhật Ký Hành Trình - Suy Tưởng,vi-VN
Gezi Notları: Sönen Yıldız,Khởi Hành-Tức Tinh,vi-VN
Gezi Notları: Sırlar,Nhật Ký Hành Trình - Triệu Hồi,vi-VN
Gezi Notları: Tebeşir,Nhật Ký Hành Trình - Vôi Trắng,vi-VN
Gezi Notları: Usta İşi,Nhật Ký Hành Trình - Nghệ Thuật,vi-VN
Gezi Notları: Uyanış,Nhật Ký Hành Trình - Thức Tỉnh,vi-VN
Gezi Notları: Vals Dönüşleri,Nhật Ký Hành Trình - Vũ Điệu,vi-VN
Gezi Notları: Yaz Esintisi,Nhật Ký Hành Trình - Nắng Hạ,vi-VN
Gezi Notları: Yaz Ortası,Nhật Ký Hành Trình – Mùa Hè Rực Rỡ,vi-VN
Gezi Notları: Yenilenen Alev,Nhật Ký Hành Trình - Lửa Mới,vi-VN
Gezi Notları: Yıldız Nehirleri,Nhật Ký Hành Trình - Dòng Đời,vi-VN
Gezi Notları: Zaman İşaretli,Nhật Ký Hành Trình - Khắc Ghi,vi-VN
Gezi Notları: İhtişam Tacı,Nhật Ký Hành Trình - Vương Miện,vi-VN
Gezi Notları: İhtişamın Doğuşu,Nhật Ký Hành Trình - Vinh Hoa,vi-VN
Gorou - Chien serein,Gorou - Chó Nhàn Nhã,vi-VN
Gorou - Leisurely Hound,Gorou - Chó Nhàn Nhã,vi-VN
Gorou - Sabueso tranquilo,Gorou - Chó Nhàn Nhã,vi-VN
Gorou – Gemächlicher Jagdhund,Gorou - Chó Nhàn Nhã,vi-VN
Gorou: Leisurely Hound,Gorou - Chó Nhàn Nhã,vi-VN
Gorou: Pegureiro de Lazer,Gorou - Chó Nhàn Nhã,vi-VN
Gorou: Sakin Köpek,Gorou - Chó Nhàn Nhã,vi-VN
Gorou: Segugio tranquillo,Gorou - Chó Nhàn Nhã,vi-VN
Graf – Dämonengewand,Childe - Quỷ Trang,vi-VN
Hu Tao - Pacificatrice,Hu Tao - An Thần,vi-VN
Hu Tao - Spirit Soother,Hu Tao - An Thần,vi-VN
Hu Tao - Tranquilizadora de espíritus,Hu Tao - An Thần,vi-VN
Hu Tao – Besänftigung,Hu Tao - An Thần,vi-VN
Hu Tao: Ruh Terbiyecisi,Hu Tao - An Thần,vi-VN
Hu Tao: Sollievo dello spirito,Hu Tao - An Thần,vi-VN
Hu Tao: Spirit Soother,Hu Tao - An Thần,vi-VN
Hutao - Pacificadora,Hu Tao - An Thần,vi-VN
Iansan - Incansavelmente,Iansan - Không Ngừng Nghỉ,vi-VN
Iansan - Motivation,Iansan - Không Ngừng Nghỉ,vi-VN
Iansan - ไม่ย่อท้อ,Iansan - Không Ngừng Nghỉ,vi-VN
Iansan – Unermüdlich,Iansan - Không Ngừng Nghỉ,vi-VN
Iansan: Incrollabile,Iansan - Không Ngừng Nghỉ,vi-VN
Iansan: Sarsılmaz,Iansan - Không Ngừng Nghỉ,vi-VN
Iansan: Unyielding,Iansan - Không Ngừng Nghỉ,vi-VN
Iansán - Persistencia,Iansan - Không Ngừng Nghỉ,vi-VN
Ifa - Poto,Ifa - Người Anh Em,vi-VN
Ifa - พวก,Ifa - Người Anh Em,vi-VN
Ifa – Brüder,Ifa - Người Anh Em,vi-VN
Ifa: Amico,Ifa - Người Anh Em,vi-VN
Ifa: Bro,Ifa - Người Anh Em,vi-VN
Ifa: Dost,Ifa - Người Anh Em,vi-VN
Ifa: Mano,Ifa - Người Anh Em,vi-VN
Ifá - Colega,Ifa - Người Anh Em,vi-VN
Illuga - Oiseau de cauchemar,Illuga - Chim Đêm,vi-VN
Illuga - Orioles de la Pesadilla,Illuga - Chim Đêm,vi-VN
Illuga - วิหคนิทราทมิฬ,Illuga - Chim Đêm,vi-VN
Illuga – Albtraum-Nachtigal,Illuga - Chim Đêm,vi-VN
Illuga: Kabus Bülbülü,Illuga - Chim Đêm,vi-VN
Illuga: Nightmare Songbird,Illuga - Chim Đêm,vi-VN
Illuga: Orioles do Pesadelo,Illuga - Chim Đêm,vi-VN
Illuga: Uccello canterino dell'incubo,Illuga - Chim Đêm,vi-VN
Inazuma - Armoiries des Kamisato,Inazuma - Hoa Văn Kamisato,vi-VN
Inazuma - Cerezo Sagrado,Inazuma - Anh Đào Thần,vi-VN
Inazuma - Cerisier sacré,Inazuma - Anh Đào Thần,vi-VN
Inazuma - Emblema Kamisato,Inazuma - Hoa Văn Kamisato,vi-VN
Inazuma - Emblema Kujou,Inazuma- Hoa Văn Kujou,vi-VN
Inazuma - Emblema de Raiden,Inazuma - Hoa Văn Lôi Điện,vi-VN
Inazuma - Emblema de Sangonomiya,Inazuma - Hoa Văn Sangonomiya,vi-VN
Inazuma - Emblème de Raiden,Inazuma - Hoa Văn Lôi Điện,vi-VN
Inazuma - Emblème de Sangonomiya,Inazuma - Hoa Văn Sangonomiya,vi-VN
Inazuma - Insigne de Kujou,Inazuma- Hoa Văn Kujou,vi-VN
Inazuma - Padrões dos Relâmpagos,Inazuma - Hoa Văn Lôi Điện,vi-VN
Inazuma - Pluma de águila,Inazuma - Lông Đại Bàng,vi-VN
Inazuma - Plume d'aigle,Inazuma - Lông Đại Bàng,vi-VN
Inazuma - Sacred Sakura,Inazuma - Anh Đào Thần,vi-VN
Inazuma - Sakura Sagrada,Inazuma - Anh Đào Thần,vi-VN
Inazuma - ขนนกอินทรี,Inazuma - Lông Đại Bàng,vi-VN
Inazuma - ลวดลาย Kamisato,Inazuma - Hoa Văn Kamisato,vi-VN
Inazuma - ลวดลาย Kujou,Inazuma- Hoa Văn Kujou,vi-VN
Inazuma - ลวดลาย Sangonomiya,Inazuma - Hoa Văn Sangonomiya,vi-VN
Inazuma - ลวดลายสายฟ้า,Inazuma - Hoa Văn Lôi Điện,vi-VN
Inazuma – Adlerfeder,Inazuma - Lông Đại Bàng,vi-VN
Inazuma – Heilige Sakura,Inazuma - Anh Đào Thần,vi-VN
Inazuma – Kamisato-Wappen,Inazuma - Hoa Văn Kamisato,vi-VN
Inazuma – Kujou-Wappen,Inazuma- Hoa Văn Kujou,vi-VN
Inazuma – Raiden-Wappen,Inazuma - Hoa Văn Lôi Điện,vi-VN
Inazuma – Sangonomiya-Wappen,Inazuma - Hoa Văn Sangonomiya,vi-VN
Inazuma – Tokoyo,Inazuma - Tokoyo,vi-VN
Inazuma: Brasão de Sangonomiya,Inazuma - Hoa Văn Sangonomiya,vi-VN
Inazuma: Eagleplume,Inazuma - Lông Đại Bàng,vi-VN
Inazuma: Emblema dei Kujou,Inazuma- Hoa Văn Kujou,vi-VN
Inazuma: Emblema della Shogun,Inazuma - Hoa Văn Lôi Điện,vi-VN
Inazuma: Insígnia Kamisato,Inazuma - Hoa Văn Kamisato,vi-VN
Inazuma: Insígnia Kujou,Inazuma- Hoa Văn Kujou,vi-VN
Inazuma: Kamisato Arması,Inazuma - Hoa Văn Kamisato,vi-VN
Inazuma: Kamisato Crest,Inazuma - Hoa Văn Kamisato,vi-VN
Inazuma: Kartal Tüyü,Inazuma - Lông Đại Bàng,vi-VN
Inazuma: Kujou Insignia,Inazuma- Hoa Văn Kujou,vi-VN
Inazuma: Kujou Nişanı,Inazuma- Hoa Văn Kujou,vi-VN
Inazuma: Kutsal Kiraz Ağacı,Inazuma - Anh Đào Thần,vi-VN
Inazuma: Piuma d'aquila,Inazuma - Lông Đại Bàng,vi-VN
Inazuma: Pluma de Águia,Inazuma - Lông Đại Bàng,vi-VN
Inazuma: Raiden Amblemi,Inazuma - Hoa Văn Lôi Điện,vi-VN
Inazuma: Raiden Emblem,Inazuma - Hoa Văn Lôi Điện,vi-VN
Inazuma: Sacred Sakura,Inazuma - Anh Đào Thần,vi-VN
Inazuma: Sakura sacro,Inazuma - Anh Đào Thần,vi-VN
Inazuma: Sangonomiya Arması,Inazuma - Hoa Văn Sangonomiya,vi-VN
Inazuma: Sangonomiya Crest,Inazuma - Hoa Văn Sangonomiya,vi-VN
Inazuma: Stemma dei Kamisato,Inazuma - Hoa Văn Kamisato,vi-VN
Inazuma: Stemma dei Sangonomiya,Inazuma - Hoa Văn Sangonomiya,vi-VN
Inazuma: Tokoyo,Inazuma - Tokoyo,vi-VN
Ineffa - Ordre,Ineffa - Chỉ Lệnh,vi-VN
Ineffa - Órdenes,Ineffa - Chỉ Lệnh,vi-VN
Ineffa - คำสั่ง,Ineffa - Chỉ Lệnh,vi-VN
Ineffa – Befehle,Ineffa - Chỉ Lệnh,vi-VN
Ineffa: Comando,Ineffa - Chỉ Lệnh,vi-VN
Ineffa: Command,Ineffa - Chỉ Lệnh,vi-VN
Ineffa: Komut,Ineffa - Chỉ Lệnh,vi-VN
Itto - Cara de oni,Itto - Mặt Quỷ,vi-VN
Itto - Oni Face,Itto - Mặt Quỷ,vi-VN
Itto - Visage d'Oni,Itto - Mặt Quỷ,vi-VN
Itto – Oni-Gesicht,Itto - Mặt Quỷ,vi-VN
Itto: Cara de Oni,Itto - Mặt Quỷ,vi-VN
Itto: Faccia da oni,Itto - Mặt Quỷ,vi-VN
Itto: Oni Face,Itto - Mặt Quỷ,vi-VN
Itto: Oni Yüzü,Itto - Mặt Quỷ,vi-VN
Jahoda - Aide,Jahoda - Trợ Thủ,vi-VN
Jahoda - Ayudante,Jahoda - Trợ Thủ,vi-VN
Jahoda - ผู้ช่วย,Jahoda - Trợ Thủ,vi-VN
Jahoda – Helferin,Jahoda - Trợ Thủ,vi-VN
Jahoda: A Ajudante,Jahoda - Trợ Thủ,vi-VN
Jahoda: Helping Hand,Jahoda - Trợ Thủ,vi-VN
Jahoda: Una mano amica,Jahoda - Trợ Thủ,vi-VN
Jahoda: Yardım Eli,Jahoda - Trợ Thủ,vi-VN
Jean - Course du vent,Jean - Hướng Gió,vi-VN
Jean - Curso do Vento,Jean - Hướng Gió,vi-VN
Jean - Dirección del viento,Jean - Hướng Gió,vi-VN
Jean - The Winds' Course,Jean - Hướng Gió,vi-VN
Jean – Windrichtung,Jean - Hướng Gió,vi-VN
Jean: Corso del vento,Jean - Hướng Gió,vi-VN
Jean: Rüzgarın Rotası,Jean - Hướng Gió,vi-VN
Jean: The Winds' Course,Jean - Hướng Gió,vi-VN
Kachina - Virevolturbo,Kachina - Quay Tròn,vi-VN
"Kachina - ¡Gira, gira, gira!",Kachina - Quay Tròn,vi-VN
Kachina - หมุนติ้ว,Kachina - Quay Tròn,vi-VN
Kachina – Wirbelwind,Kachina - Quay Tròn,vi-VN
Kachina: Pirueta,Kachina - Quay Tròn,vi-VN
Kachina: Topaç,Kachina - Quay Tròn,vi-VN
Kachina: Trottolino,Kachina - Quay Tròn,vi-VN
Kachina: Twirly,Kachina - Quay Tròn,vi-VN
Kaedehara Kazuha - Autumn Maple-Viewing,Kaedehara Kazuha - Lặng Ngắm Núi Thu,vi-VN
Kaedehara Kazuha - Montaña otoñal,Kaedehara Kazuha - Lặng Ngắm Núi Thu,vi-VN
Kaedehara Kazuha – Ahornschau im Herbst,Kaedehara Kazuha - Lặng Ngắm Núi Thu,vi-VN
Kaedehara Kazuha: Autumn Maple-Viewing,Kaedehara Kazuha - Lặng Ngắm Núi Thu,vi-VN
Kaedehara Kazuha: Contemplação das Folhas de Outono,Kaedehara Kazuha - Lặng Ngắm Núi Thu,vi-VN
Kaedehara Kazuha: Montagne d'autunno,Kaedehara Kazuha - Lặng Ngắm Núi Thu,vi-VN
Kaedehara Kazuha: Sonbahar Yaprakları,Kaedehara Kazuha - Lặng Ngắm Núi Thu,vi-VN
Kaeya - Pavo Ocellus,Kaeya - Khổng Tước,vi-VN
Kaeya – Pfau,Kaeya - Khổng Tước,vi-VN
Kaeya: Pavo Ocellus,Kaeya - Khổng Tước,vi-VN
Kaeya: Tavus Kuşu,Kaeya - Khổng Tước,vi-VN
Kamisato Ayaka - Abanico,Kamisato Ayaka - Cây Quạt,vi-VN
Kamisato Ayaka - Leque,Kamisato Ayaka - Cây Quạt,vi-VN
Kamisato Ayaka - Éventail,Kamisato Ayaka - Cây Quạt,vi-VN
Kamisato Ayaka - พัด,Kamisato Ayaka - Cây Quạt,vi-VN
Kamisato Ayaka – Fächer,Kamisato Ayaka - Cây Quạt,vi-VN
Kamisato Ayaka: Folding Fan,Kamisato Ayaka - Cây Quạt,vi-VN
Kamisato Ayaka: Ventaglio,Kamisato Ayaka - Cây Quạt,vi-VN
Kamisato Ayaka: Yelpaze,Kamisato Ayaka - Cây Quạt,vi-VN
Kamisato Ayato - Ondulaciones,Kamisato Ayato - Gợn Sóng,vi-VN
Kamisato Ayato - Ondulation,Kamisato Ayato - Gợn Sóng,vi-VN
Kamisato Ayato - คลื่นเหนือน้ำ,Kamisato Ayato - Gợn Sóng,vi-VN
Kamisato Ayato – Wellen,Kamisato Ayato - Gợn Sóng,vi-VN
Kamisato Ayato: Dalga,Kamisato Ayato - Gợn Sóng,vi-VN
Kamisato Ayato: Increspatura,Kamisato Ayato - Gợn Sóng,vi-VN
Kamisato Ayato: Ondas,Kamisato Ayato - Gợn Sóng,vi-VN
Kamisato Ayato: Ripple,Kamisato Ayato - Gợn Sóng,vi-VN
Kaveh - Alcázar abovedado,Kaveh - Vòm Trời,vi-VN
Kaveh - Firmament,Kaveh - Vòm Trời,vi-VN
Kaveh - โดมนภา,Kaveh - Vòm Trời,vi-VN
Kaveh – Firmament,Kaveh - Vòm Trời,vi-VN
Kaveh: Corte con cupola,Kaveh - Vòm Trời,vi-VN
Kaveh: Domed Court,Kaveh - Vòm Trời,vi-VN
Kaveh: Kubbeli Saray,Kaveh - Vòm Trời,vi-VN
Kaveh: Palácio Abobadado,Kaveh - Vòm Trời,vi-VN
Kazuha - Chasse en montagne d'automne,Kaedehara Kazuha - Lặng Ngắm Núi Thu,vi-VN
Keching - Cuña relámpago,Keqing - Đá Lôi,vi-VN
Keqing - Corte Relâmpago,Keqing - Đá Lôi,vi-VN
Keqing - Lame de foudre,Keqing - Đá Lôi,vi-VN
Keqing - Lightning Stiletto,Keqing - Đá Lôi,vi-VN
Keqing – Donnerkeil,Keqing - Đá Lôi,vi-VN
Keqing: Lightning Stiletto,Keqing - Đá Lôi,vi-VN
Keqing: Stiletto saettante,Keqing - Đá Lôi,vi-VN
Keqing: Yıldırım Hançeri,Keqing - Đá Lôi,vi-VN
Kinich - Ahau,Kinich - Ajaw,vi-VN
Kinich – Ajaw,Kinich - Ajaw,vi-VN
Kinich: Ajaw,Kinich - Ajaw,vi-VN
Kirara - Caixa para Gatos,Kirara - Bưu Kiện Mèo,vi-VN
Kirara - Neko-colis,Kirara - Bưu Kiện Mèo,vi-VN
Kirara - Paquete minino,Kirara - Bưu Kiện Mèo,vi-VN
Kirara - กล่องแมว,Kirara - Bưu Kiện Mèo,vi-VN
Kirara – Neko-Kiste,Kirara - Bưu Kiện Mèo,vi-VN
Kirara: Neko Box,Kirara - Bưu Kiện Mèo,vi-VN
Kirara: Neko Kutusu,Kirara - Bưu Kiện Mèo,vi-VN
Kirara: Nekoscatola,Kirara - Bưu Kiện Mèo,vi-VN
Klee - Bomba,Klee - Thuốc Nổ,vi-VN
Klee - Chaud devant !,Klee - Thuốc Nổ,vi-VN
Klee - Explosive,Klee - Thuốc Nổ,vi-VN
Klee - Explosivo,Klee - Thuốc Nổ,vi-VN
Klee – Bombe,Klee - Thuốc Nổ,vi-VN
Klee: Bomba,Klee - Thuốc Nổ,vi-VN
Klee: Explosive,Klee - Thuốc Nổ,vi-VN
Klee: Patlayıcı,Klee - Thuốc Nổ,vi-VN
Kujou Sara – Tengu,Kujou Sara - Tengu,vi-VN
Kujou Sara: Tengu,Kujou Sara - Tengu,vi-VN
Kuki Shinobu - Red,Kuki Shinobu - Lưới,vi-VN
Kuki Shinobu - Tissage,Kuki Shinobu - Lưới,vi-VN
Kuki Shinobu - เครือข่าย,Kuki Shinobu - Lưới,vi-VN
Kuki Shinobu – Netz,Kuki Shinobu - Lưới,vi-VN
Kuki Shinobu: Ağ,Kuki Shinobu - Lưới,vi-VN
Kuki Shinobu: Net,Kuki Shinobu - Lưới,vi-VN
Kuki Shinobu: Rede,Kuki Shinobu - Lưới,vi-VN
Kuki Shinobu: Rete,Kuki Shinobu - Lưới,vi-VN
Kutlama: Bilgelik Meyvesi,Lễ Hội - Tuệ Quả,vi-VN
Kutlama: Euphonia,Lễ Hội - Nhã Tấu,vi-VN
Kutlama: Fener Işığı,Lễ Hội - Ánh Đèn,vi-VN
Kutlama: Görkemli Gala,Lễ Hội - Tiệc Tùng,vi-VN
Kutlama: Hipostaz,Lễ Hội - Nguyên Bản,vi-VN
Kutlama: Ikki,Lễ Hội - Ikki,vi-VN
Kutlama: Kusursuz Hesap,Lễ Hội - Thần Cơ Diệu Toán,vi-VN
Kutlama: Mekanikus,Lễ Hội - Cờ,vi-VN
Kutlama: Melodik Şölen,Lễ Hội - Lắng Nghe Giai Điệu,vi-VN
Kutlama: Mercek Bulut,Lễ Hội - Mây Trôi,vi-VN
Kutlama: Parlak Pullar,Lễ Hội - Quang Lân,vi-VN
Kutlama: Rüya Okuyucu,Lễ Hội - Giấc Mơ Đọc Sách,vi-VN
Kutlama: Saklambaç,Lễ Hội - Trốn Tìm,vi-VN
Kutlama: Savaş Şarkısı,Lễ Hội – Đấu Kịch,vi-VN
Kutlama: Sihirli Toplar,Lễ Hội – Bóng Ma Thuật,vi-VN
Kutlama: Ton Balığı Nigiri,Lễ Hội - Cơm Cá Ngừ,vi-VN
Kutlama: Ulaşılmaz Lezzetler,Lễ Hội - Vị Ngon,vi-VN
Kutlama: Uçsuz Bucaksız,Lễ Hội - Bao La,vi-VN
Kutlama: Yangın,Lễ Hội - Nóng Bỏng,vi-VN
Kutlama: Ziyafet,Lễ Hội - Tiệc Lớn,vi-VN
Kutlama: Ziyafet (II),Lễ Hội - Tiệc Lớn (II),vi-VN
Kutlama: Ziyafet Gemisi,Tiệc Mừng - Linh Đình,vi-VN
Kutlama: Çıtır ve Tatlı,Lễ Hội – Giòn Và Ngọt,vi-VN
Laila - Ensoñación,Layla - Giấc Mơ Ban Ngày,vi-VN
Lan Yan - Golondrina plateada,Lan Yan - Én Bạc,vi-VN
Lan Yan - Hirondelle argentée,Lan Yan - Én Bạc,vi-VN
Lan Yan - นกนางแอ่นสีเงิน,Lan Yan - Én Bạc,vi-VN
Lan Yan – Silberschwalbe,Lan Yan - Én Bạc,vi-VN
Lan Yan: Andorinha Prateada,Lan Yan - Én Bạc,vi-VN
Lan Yan: Gümüş Kırlangıç,Lan Yan - Én Bạc,vi-VN
Lan Yan: Rondine d'argento,Lan Yan - Én Bạc,vi-VN
Lan Yan: Silver Swallow,Lan Yan - Én Bạc,vi-VN
Lauma - Astas enramadas,Lauma - Sừng Hươu,vi-VN
Lauma - Bois ramifiés,Lauma - Sừng Hươu,vi-VN
Lauma - กิ่งเขา,Lauma - Sừng Hươu,vi-VN
Lauma – Astgeweih,Lauma - Sừng Hươu,vi-VN
Lauma: Branched Antlers,Lauma - Sừng Hươu,vi-VN
Lauma: Corna ramificate,Lauma - Sừng Hươu,vi-VN
Lauma: Dallanan Boynuzlar,Lauma - Sừng Hươu,vi-VN
Lauma: Galhada Ramificada,Lauma - Sừng Hươu,vi-VN
Layla - Rêverie,Layla - Giấc Mơ Ban Ngày,vi-VN
Layla - ฝันกลางวัน,Layla - Giấc Mơ Ban Ngày,vi-VN
Layla – Tagtraum,Layla - Giấc Mơ Ban Ngày,vi-VN
Layla: Daydream,Layla - Giấc Mơ Ban Ngày,vi-VN
Layla: Hayal,Layla - Giấc Mơ Ban Ngày,vi-VN
Layla: Sogno a occhi aperti,Layla - Giấc Mơ Ban Ngày,vi-VN
Layla: Sonhando Acordado,Layla - Giấc Mơ Ban Ngày,vi-VN
Leerer Tempel – Erinnerungen in Hülle und Fülle,Không Điện - Ký Ức Ngập Tràn,vi-VN
Linnea - Résonance de cliquetis,Linnea - Âm Vang Lách Cách,vi-VN
Linnea - เสียงกังวาน,Linnea - Âm Vang Lách Cách,vi-VN
Linnea – Rasselnde Resonanz,Linnea - Âm Vang Lách Cách,vi-VN
Linnea: Rattling Resonance,Linnea - Âm Vang Lách Cách,vi-VN
Linnea: Ressonância Ruidosa,Linnea - Âm Vang Lách Cách,vi-VN
Linnea: Risonanza crepitante,Linnea - Âm Vang Lách Cách,vi-VN
Linnea: Çıngırdayan Tını,Linnea - Âm Vang Lách Cách,vi-VN
Linnéa - Eco susurrante,Linnea - Âm Vang Lách Cách,vi-VN
Lisa - Hourglass,Lisa - Đồng Hồ Cát,vi-VN
Lisa - Tempus Fugit,Lisa - Đồng Hồ Cát,vi-VN
Lisa – Sanduhr,Lisa - Đồng Hồ Cát,vi-VN
Lisa: Tempus Fugit,Lisa - Đồng Hồ Cát,vi-VN
Lisa: Uçup Giden Zaman,Lisa - Đồng Hồ Cát,vi-VN
Liyue - A Thousand Ships,Liyue - Thiên Phàm,vi-VN
Liyue - Dans les nuages,Liyue - Vân Gián,vi-VN
Liyue - Entre as Nuvens,Liyue - Vân Gián,vi-VN
Liyue - Entre las nubes,Liyue - Vân Gián,vi-VN
Liyue - In the Clouds,Liyue - Vân Gián,vi-VN
Liyue - Mil Navios,Liyue - Thiên Phàm,vi-VN
Liyue - Navires,Liyue - Thiên Phàm,vi-VN
Liyue - Navíos,Liyue - Thiên Phàm,vi-VN
Liyue - Paix de la roche,Liyue - Sự cô đơn của đá,vi-VN
Liyue - Silencio de la roca,Liyue - Sự cô đơn của đá,vi-VN
Liyue - Silêncio das Rochas,Liyue - Sự cô đơn của đá,vi-VN
Liyue - นิ่งดั่งหินผา,Liyue - Sự cô đơn của đá,vi-VN
Liyue – In den Wolken,Liyue - Vân Gián,vi-VN
Liyue – Stille der Steine,Liyue - Sự cô đơn của đá,vi-VN
Liyue – Tausend Segel,Liyue - Thiên Phàm,vi-VN
Liyue: A Thousand Ships,Liyue - Thiên Phàm,vi-VN
Liyue: Bin Gemi,Liyue - Thiên Phàm,vi-VN
Liyue: Bulutlar Üzerinde,Liyue - Vân Gián,vi-VN
Liyue: In the Clouds,Liyue - Vân Gián,vi-VN
Liyue: Kayaların Sessizliği,Liyue - Sự cô đơn của đá,vi-VN
Liyue: Mille navi,Liyue - Thiên Phàm,vi-VN
Liyue: Quiete di roccia,Liyue - Sự cô đơn của đá,vi-VN
Liyue: Stillness of Stone,Liyue - Sự cô đơn của đá,vi-VN
Liyue: Tra le nuvole,Liyue - Vân Gián,vi-VN
Logro - Atardecer efímero,Thành Tựu - Chạng Vạng,vi-VN
Logro - Cazanarvales,Thành Tựu - Săn Cá Voi,vi-VN
Logro - Clavos,Thành Tựu - Đập Kim,vi-VN
Logro - Cumbre nevada,Thành tựu - Đỉnh tuyết,vi-VN
Logro - Dragón de piedra,Thành Tựu - Rồng Đá,vi-VN
Logro - Encuentro,Thành tựu - Gặp gỡ,vi-VN
Logro - Encuentro predestinado,Thành tựu - Hữu Duyên,vi-VN
Logro - Espíritu combativo,Thành Tựu - Chiến Ý,vi-VN
Logro - Estancia vacacional,Thành tựu – Cư trú,vi-VN
Logro - Explorador,Thành tựu - Đi khắp nơi,vi-VN
Logro - Final,Thành Tựu - Tận Cùng,vi-VN
Logro - Florecimiento,Thành Tựu - Trăm Hoa Đua Nở,vi-VN
Logro - Fortuna felina,Thành Tựu - Vận May Mèo,vi-VN
Logro - Habitantes de las colinas,Thành tựu - Sơn dân,vi-VN
Logro - Hora del té,Thành Tựu - Ấm Trần Ca,vi-VN
Logro - Héroe,Thành tựu - Hành hiệp,vi-VN
Logro - Incineración,Thành Tựu - Rực Cháy,vi-VN
Logro - Invocador,Thành Tựu - Thất Thánh,vi-VN
Logro - Itinerante,Thành tựu - Dạo Bước,vi-VN
Logro - Los colores del arcoíris,Thành tựu - Màu sắc cầu vồng,vi-VN
Logro - Maestro del arco,Thành tựu - Cung tên,vi-VN
Logro - Nieves recorridas,Thành Tựu - Dạo Bước Trên Tuyết,vi-VN
Logro - Núcleo encubierto,Thành Tựu - Lõi Bí Ẩn,vi-VN
Logro - País de nieve,Thành tựu - Quê hương của tuyết,vi-VN
Logro - Perpetuidad,Thành Tựu - Mãi Tiếp Bước,vi-VN
Logro - Puerta,Thành Tựu - Cánh Cửa,vi-VN
Logro - Páginas poéticas,Thành Tựu - Trang Thơ,vi-VN
Logro - Quietud,Thành Tựu - Bình Yên,vi-VN
Logro - Reflejo de un sueño,Thành Tựu - Giấc Mơ Phản Chiếu,vi-VN
Logro - Repertorio,Thành Tựu - Tuyển Tập Nhạc,vi-VN
Logro - Resplandor,Thành Tựu - Kỳ Hoa,vi-VN
Logro - Retador,Thành tựu - Khiêu chiến,vi-VN
Logro - Retador: Parte 2,Thành tựu - Khiêu chiến (II),vi-VN
Logro - Retador: Parte 3,Thành tựu - Khiêu chiến (III),vi-VN
Logro - Rugido del relámpago,Thành Tựu - Sấm Sét,vi-VN
Logro - Secreto en las profundidades,Thành tựu - Thần Bí,vi-VN
Logro - Semillas infinitas,Thành Tựu - Vạn Chủng,vi-VN
Logro - Señora de la Noche,Thành Tựu - Chủ Nhân Màn Đêm,vi-VN
Logro - Siete luces,Thành Tựu - Bảy Tia Sáng,vi-VN
Logro - Sima,Thành Tựu - Núi Đá,vi-VN
Logro - Suspenso,Thành tựu - Cánh quạt,vi-VN
Logro - Travesía,Thành Tựu - Trải qua,vi-VN
Logro - Una larga separación,Thành Tựu - Trùng Phùng,vi-VN
Logro - Vadeo,Thành Tựu - Du Ngoạn,vi-VN
Logro - Valle de los Adeptus,Thành Tựu - Tiên Cốc,vi-VN
Logro - Virtuoso,Thành Tựu - Đặc Kỹ,vi-VN
Logro - Visión lejana,Thành Tựu - Nhìn Xa,vi-VN
Logro - Vista panorámica,Thành Tựu - Nhìn Rõ Tất Cả,vi-VN
Logro - Órbitas,Thành Tựu - Quỹ Đạo,vi-VN
Lohen - Bienveillance,Lohen - Nhân Ái,vi-VN
Lohen - Magnánimo,Lohen - Nhân Ái,vi-VN
Lohen - ผู้เมตตา,Lohen - Nhân Ái,vi-VN
Lohen – Güte,Lohen - Nhân Ái,vi-VN
Lohen: Benevolence,Lohen - Nhân Ái,vi-VN
Lohen: Benevolenza,Lohen - Nhân Ái,vi-VN
Lohen: Benevolência,Lohen - Nhân Ái,vi-VN
Lohen: İyilikseverlik,Lohen - Nhân Ái,vi-VN
Lumen - Pierre de lumière,Lưu Minh - Huy Thạch,vi-VN
Lumen - หินระยิบระยับ,Lưu Minh - Huy Thạch,vi-VN
Lumen – Schimmernder Stein,Lưu Minh - Huy Thạch,vi-VN
Lumen: Pietra della luce,Lưu Minh - Huy Thạch,vi-VN
Lumens: Stone of Light,Lưu Minh - Huy Thạch,vi-VN
Luminosidad - Augita,Lưu Minh - Huy Thạch,vi-VN
Lynette - Intégrité,Lynette - Thành Thật,vi-VN
Lynette - Profesionalidad,Lynette - Thành Thật,vi-VN
Lynette - Seriedade,Lynette - Thành Thật,vi-VN
Lynette - กลายเป็นจริง,Lynette - Thành Thật,vi-VN
Lynette – Wahrwerden,Lynette - Thành Thật,vi-VN
Lynette: Earnestness,Lynette - Thành Thật,vi-VN
Lynette: Sincerità,Lynette - Thành Thật,vi-VN
Lynette: İçtenlik,Lynette - Thành Thật,vi-VN
Lyney - Embeleco,Lyney - Giả Vờ,vi-VN
Lyney - Falsificação,Lyney - Giả Vờ,vi-VN
Lyney - Simulacre,Lyney - Giả Vờ,vi-VN
Lyney - จอมปลอม,Lyney - Giả Vờ,vi-VN
Lyney – Täuschung,Lyney - Giả Vờ,vi-VN
Lyney: Kandırmaca,Lyney - Giả Vờ,vi-VN
Lyney: Messinscena,Lyney - Giả Vờ,vi-VN
Lyney: Pretense,Lyney - Giả Vờ,vi-VN
Lúmen: Pedra da Luz,Lưu Minh - Huy Thạch,vi-VN
Lümenler: Işık Taşı,Lưu Minh - Huy Thạch,vi-VN
Mavuika - Corona solar,Mavuika - Vầng Thái Dương,vi-VN
Mavuika - Couronne solaire,Mavuika - Vầng Thái Dương,vi-VN
Mavuika - มงกุฎสุริยัน,Mavuika - Vầng Thái Dương,vi-VN
Mavuika – Sonnengekrönt,Mavuika - Vầng Thái Dương,vi-VN
Mavuika: Coroada Pelo Sol,Mavuika - Vầng Thái Dương,vi-VN
Mavuika: Güneş Taçlı,Mavuika - Vầng Thái Dương,vi-VN
Mavuika: Incoronata dal sole,Mavuika - Vầng Thái Dương,vi-VN
Mavuika: Sun-Crowned,Mavuika - Vầng Thái Dương,vi-VN
Mika - Index,Mika - Dẫn Lối,vi-VN
Mika - Índice,Mika - Dẫn Lối,vi-VN
Mika - ชี้นำ,Mika - Dẫn Lối,vi-VN
Mika – Index,Mika - Dẫn Lối,vi-VN
Mika: Atlas,Mika - Dẫn Lối,vi-VN
Mika: Index,Mika - Dẫn Lối,vi-VN
Mika: Indice,Mika - Dẫn Lối,vi-VN
Mona - Astromancie,Mona - Thiên Tinh,vi-VN
Mona - Cielo estrellado,Mona - Thiên Tinh,vi-VN
Mona - Céu Estrelado,Mona - Thiên Tinh,vi-VN
Mona - Starry Sky,Mona - Thiên Tinh,vi-VN
Mona – Einstürzender Himmel,Mona - Thiên Tinh,vi-VN
Mona: Cielo stellato,Mona - Thiên Tinh,vi-VN
Mona: Starry Sky,Mona - Thiên Tinh,vi-VN
Mona: Yıldızlı Gök,Mona - Thiên Tinh,vi-VN
Mondstadt - Atalaya,Mondstadt - Tháp Canh,vi-VN
Mondstadt - Bendición,Mondstadt - Chúc Phúc,vi-VN
Mondstadt - Blessing,Mondstadt - Chúc Phúc,vi-VN
Mondstadt - Bênção,Mondstadt - Chúc Phúc,vi-VN
Mondstadt - Chant du vent,Mondstadt - Tiếng gió,vi-VN
Mondstadt - Célébrité,Mondstadt - Lẫy Lừng,vi-VN
Mondstadt - Fama,Mondstadt - Lẫy Lừng,vi-VN
Mondstadt - Hero's Fame,Mondstadt - Lẫy Lừng,vi-VN
Mondstadt - Tour de guet,Mondstadt - Tháp Canh,vi-VN
Mondstadt - Vento Uivante,Mondstadt - Tiếng gió,vi-VN
Mondstadt - Viento silbante,Mondstadt - Tiếng gió,vi-VN
Mondstadt - Vœux,Mondstadt - Chúc Phúc,vi-VN
Mondstadt - หอคอยสังเกตการณ์,Mondstadt - Tháp Canh,vi-VN
Mondstadt - เสียงของสายลม,Mondstadt - Tiếng gió,vi-VN
Mondstadt – Heldenruhm,Mondstadt - Lẫy Lừng,vi-VN
Mondstadt – Rauschen des Windes,Mondstadt - Tiếng gió,vi-VN
Mondstadt – Segen,Mondstadt - Chúc Phúc,vi-VN
Mondstadt – Wachturm,Mondstadt - Tháp Canh,vi-VN
Mondstadt: Benedizione,Mondstadt - Chúc Phúc,vi-VN
Mondstadt: Blessing,Mondstadt - Chúc Phúc,vi-VN
Mondstadt: Fama dell'eroe,Mondstadt - Lẫy Lừng,vi-VN
Mondstadt: Gözetleme Kulesi,Mondstadt - Tháp Canh,vi-VN
Mondstadt: Hero's Fame,Mondstadt - Lẫy Lừng,vi-VN
Mondstadt: Islık Çalan Rüzgar,Mondstadt - Tiếng gió,vi-VN
Mondstadt: Kahramanın Şanı,Mondstadt - Lẫy Lừng,vi-VN
Mondstadt: Lütuf,Mondstadt - Chúc Phúc,vi-VN
Mondstadt: Torre de Vigia,Mondstadt - Tháp Canh,vi-VN
Mondstadt: Torre di guardia,Mondstadt - Tháp Canh,vi-VN
Mondstadt: Vento mormorante,Mondstadt - Tiếng gió,vi-VN
Mondstadt: Watchtower,Mondstadt - Tháp Canh,vi-VN
Mondstadt: Whistling Wind,Mondstadt - Tiếng gió,vi-VN
Mualani - Escualín,Mualani - Cá Mập,vi-VN
Mualani - Requinou,Mualani - Cá Mập,vi-VN
Mualani - ฉลาม,Mualani - Cá Mập,vi-VN
Mualani – Haifisch,Mualani - Cá Mập,vi-VN
Mualani: Camgöz,Mualani - Cá Mập,vi-VN
Mualani: Sharky,Mualani - Cá Mập,vi-VN
Mualani: Tubarão,Mualani - Cá Mập,vi-VN
Nahida - Croissant,Nahida - Ngắm Trăng,vi-VN
Nahida - Cuarto creciente,Nahida - Ngắm Trăng,vi-VN
Nahida - จันทร์เสี้ยว,Nahida - Ngắm Trăng,vi-VN
Nahida – Sichelmond,Nahida - Ngắm Trăng,vi-VN
Nahida: Contemplando o Luar,Nahida - Ngắm Trăng,vi-VN
Nahida: Crescent,Nahida - Ngắm Trăng,vi-VN
Nahida: Hilal,Nahida - Ngắm Trăng,vi-VN
Nahida: mezzaluna,Nahida - Ngắm Trăng,vi-VN
Natlan - Air,Natlan - Đuổi Theo Gió,vi-VN
Natlan - Armada divina,Natlan - Thần Quân,vi-VN
Natlan - Armée divine,Natlan - Thần Quân,vi-VN
Natlan - Aux flammes,Natlan - Lửa Trở Về,vi-VN
Natlan - Dragon incandescent,Natlan - Rồng Lửa,vi-VN
Natlan - Dragón de fuego,Natlan - Rồng Lửa,vi-VN
Natlan - Olho do Dragão,Natlan - Ánh Nhìn Của Rồng,vi-VN
Natlan - Pupilas de dragón,Natlan - Ánh Nhìn Của Rồng,vi-VN
Natlan - Pupille saurienne,Natlan - Ánh Nhìn Của Rồng,vi-VN
Natlan - Retorno del fuego,Natlan - Lửa Trở Về,vi-VN
Natlan - Roue des flammes,Natlan - Bánh Xe Lửa,vi-VN
Natlan - Rueda flamígera,Natlan - Bánh Xe Lửa,vi-VN
Natlan - Rêves éphémères,Natlan - Giấc Mộng Trống Rỗng,vi-VN
Natlan - Siguiendo al viento,Natlan - Đuổi Theo Gió,vi-VN
Natlan - Sueños efímeros,Natlan - Giấc Mộng Trống Rỗng,vi-VN
Natlan - กงล้อเปลวเพลิง,Natlan - Bánh Xe Lửa,vi-VN
Natlan - กองทัพเทพ,Natlan - Thần Quân,vi-VN
Natlan - ความฝันที่ว่างเปล่า,Natlan - Giấc Mộng Trống Rỗng,vi-VN
Natlan - มังกรไฟ,Natlan - Rồng Lửa,vi-VN
Natlan - ล่าวายุ,Natlan - Đuổi Theo Gió,vi-VN
Natlan - เนตรมังกร,Natlan - Ánh Nhìn Của Rồng,vi-VN
Natlan - เพลิงหวน,Natlan - Lửa Trở Về,vi-VN
Natlan – Die Rückkehr der Flamme,Natlan - Lửa Trở Về,vi-VN
Natlan – Drakonischer Blick,Natlan - Ánh Nhìn Của Rồng,vi-VN
Natlan – Feuerdrache,Natlan - Rồng Lửa,vi-VN
Natlan – Flammenrad,Natlan - Bánh Xe Lửa,vi-VN
Natlan – Göttliche Armee,Natlan - Thần Quân,vi-VN
Natlan – Jagd nach dem Wind,Natlan - Đuổi Theo Gió,vi-VN
Natlan – Leere Träume,Natlan - Giấc Mộng Trống Rỗng,vi-VN
Natlan: Alev Çarkı,Natlan - Bánh Xe Lửa,vi-VN
Natlan: Alevin Dönüşü,Natlan - Lửa Trở Về,vi-VN
Natlan: Armata divina,Natlan - Thần Quân,vi-VN
Natlan: Ateşli Ejderha,Natlan - Rồng Lửa,vi-VN
Natlan: Chasing the Wind,Natlan - Đuổi Theo Gió,vi-VN
Natlan: Divine Army,Natlan - Thần Quân,vi-VN
Natlan: Draconic Gaze,Natlan - Ánh Nhìn Của Rồng,vi-VN
Natlan: Drago ardente,Natlan - Rồng Lửa,vi-VN
Natlan: Dragão Fogoso,Natlan - Rồng Lửa,vi-VN
Natlan: Ejderha Bakışı,Natlan - Ánh Nhìn Của Rồng,vi-VN
Natlan: Exército Divino,Natlan - Thần Quân,vi-VN
Natlan: Fiery Dragon,Natlan - Rồng Lửa,vi-VN
Natlan: Fleeting Dreams,Natlan - Giấc Mộng Trống Rỗng,vi-VN
Natlan: Inseguendo il vento,Natlan - Đuổi Theo Gió,vi-VN
Natlan: Kutsal Ordu,Natlan - Thần Quân,vi-VN
Natlan: Perseguindo o Vento,Natlan - Đuổi Theo Gió,vi-VN
Natlan: Retorno da Chama,Natlan - Lửa Trở Về,vi-VN
Natlan: Return of the Flame,Natlan - Lửa Trở Về,vi-VN
Natlan: Ritorno della Fiamma,Natlan - Lửa Trở Về,vi-VN
Natlan: Roda das Chamas,Natlan - Bánh Xe Lửa,vi-VN
Natlan: Ruota della Fiamma,Natlan - Bánh Xe Lửa,vi-VN
Natlan: Rüzgarın Peşinde,Natlan - Đuổi Theo Gió,vi-VN
Natlan: Sguardo draconico,Natlan - Ánh Nhìn Của Rồng,vi-VN
Natlan: Sogni fugaci,Natlan - Giấc Mộng Trống Rỗng,vi-VN
Natlan: Sonhos Passageiros,Natlan - Giấc Mộng Trống Rỗng,vi-VN
Natlan: Uçup Giden Rüyalar,Natlan - Giấc Mộng Trống Rỗng,vi-VN
Natlan: Wheel of Flame,Natlan - Bánh Xe Lửa,vi-VN
Navia - Rosa espinosa,Navia - Rosula,vi-VN
Navia - กุหลาบหนาม,Navia - Rosula,vi-VN
Navia : Rosula,Navia - Rosula,vi-VN
Navia – Rosula,Navia - Rosula,vi-VN
Navia: Rosula,Navia - Rosula,vi-VN
Nefer - Secrets,Nefer - Bí Mật,vi-VN
Nefer - ความลับ,Nefer - Bí Mật,vi-VN
Nefer – Geheimnisse,Nefer - Bí Mật,vi-VN
Nefer: Secrets,Nefer - Bí Mật,vi-VN
Nefer: Segredos,Nefer - Bí Mật,vi-VN
Nefer: Segreti,Nefer - Bí Mật,vi-VN
Nefer: Sırlar,Nefer - Bí Mật,vi-VN
Neuvillette - Afflux,Neuvillette - Sóng Trào,vi-VN
Neuvillette - Oleaje,Neuvillette - Sóng Trào,vi-VN
Neuvillette - กระแสวารี,Neuvillette - Sóng Trào,vi-VN
Neuvillette – Welle,Neuvillette - Sóng Trào,vi-VN
Neuvillette: Dalgalanma,Neuvillette - Sóng Trào,vi-VN
Neuvillette: Sovratensione,Neuvillette - Sóng Trào,vi-VN
Neuvillette: Surge,Neuvillette - Sóng Trào,vi-VN
Neuvillette: Tsunami,Neuvillette - Sóng Trào,vi-VN
Nicole - Escalinata celestial,Nicole - Thang Trời,vi-VN
Nicole - Marche céleste,Nicole - Thang Trời,vi-VN
Nicole - บันไดสวรรค์,Nicole - Thang Trời,vi-VN
Nicole – Himmelstreppe,Nicole - Thang Trời,vi-VN
Nicole: Descida Celestial,Nicole - Thang Trời,vi-VN
Nicole: Heavenly Stairway,Nicole - Thang Trời,vi-VN
Nicole: Scala celestiale,Nicole - Thang Trời,vi-VN
Nicole: Semavi Merdiven,Nicole - Thang Trời,vi-VN
Nilou - Baile del loto,Nilou - Vũ Điệu Hoa Sen,vi-VN
Nilou - Danse du lotus,Nilou - Vũ Điệu Hoa Sen,vi-VN
Nilou - ระบำบงกช,Nilou - Vũ Điệu Hoa Sen,vi-VN
Nilou – Lotostanz,Nilou - Vũ Điệu Hoa Sen,vi-VN
Nilou — Dança de Lótus,Nilou - Vũ Điệu Hoa Sen,vi-VN
Nilou: Danza del loto,Nilou - Vũ Điệu Hoa Sen,vi-VN
Nilou: Lotus Dance,Nilou - Vũ Điệu Hoa Sen,vi-VN
Nilou: Nilüferin Dansı,Nilou - Vũ Điệu Hoa Sen,vi-VN
Ningguang - Fênix,Ningguang - Cốt cách phượng hoàng,vi-VN
Ningguang - Phoenix,Ningguang - Cốt cách phượng hoàng,vi-VN
Ningguang - Phénix,Ningguang - Cốt cách phượng hoàng,vi-VN
Ningguang – Phönix,Ningguang - Cốt cách phượng hoàng,vi-VN
Ningguang: Anka,Ningguang - Cốt cách phượng hoàng,vi-VN
Ningguang: Fenice,Ningguang - Cốt cách phượng hoàng,vi-VN
Ningguang: Phoenix,Ningguang - Cốt cách phượng hoàng,vi-VN
Ninguang - Fénix,Ningguang - Cốt cách phượng hoàng,vi-VN
Nobile - Legado del mal,Childe - Quỷ Trang,vi-VN
Nod Krai - Esplendor lunar,Nod-Krai - Vằng Vặc,vi-VN
Nod Krai - Faro de largas noches,Nod-Krai - Đèn Đêm Dài,vi-VN
Nod Krai - Luz lunar,Nod-Krai - Sắc Trăng,vi-VN
Nod Krai - Reino sagrado,Nod-Krai - Thánh Vực,vi-VN
Nod-Krai - Clair de lune,Nod-Krai - Sắc Trăng,vi-VN
Nod-Krai - Clair de lune,Nod-Krai - Vằng Vặc,vi-VN
Nod-Krai - Longue nuit,Nod-Krai - Đèn Đêm Dài,vi-VN
Nod-Krai - Terre sacrée,Nod-Krai - Thánh Vực,vi-VN
Nod-Krai - ตะเกียงแห่งค่ำคืนอันยาวนาน,Nod-Krai - Đèn Đêm Dài,vi-VN
Nod-Krai - พร่างพราย,Nod-Krai - Vằng Vặc,vi-VN
Nod-Krai - แดนศักดิ์สิทธิ์,Nod-Krai - Thánh Vực,vi-VN
Nod-Krai - แสงจันทร์,Nod-Krai - Sắc Trăng,vi-VN
Nod-Krai – Heiligtum,Nod-Krai - Thánh Vực,vi-VN
Nod-Krai – Laterne der langen Nächte,Nod-Krai - Đèn Đêm Dài,vi-VN
Nod-Krai – Mondhell,Nod-Krai - Vằng Vặc,vi-VN
Nod-Krai – Mondschein,Nod-Krai - Sắc Trăng,vi-VN
Nod-Krai: Ay Işığı,Nod-Krai - Sắc Trăng,vi-VN
Nod-Krai: Brilho da Lua,Nod-Krai - Vằng Vặc,vi-VN
Nod-Krai: Chiaro di luna,Nod-Krai - Sắc Trăng,vi-VN
Nod-Krai: En Uzun Gecenin Feneri,Nod-Krai - Đèn Đêm Dài,vi-VN
Nod-Krai: Kutsal Diyar,Nod-Krai - Thánh Vực,vi-VN
Nod-Krai: Lantern of Longest Night,Nod-Krai - Đèn Đêm Dài,vi-VN
Nod-Krai: Lanterna della notte più lunga,Nod-Krai - Đèn Đêm Dài,vi-VN
Nod-Krai: Luna splendente,Nod-Krai - Vằng Vặc,vi-VN
Nod-Krai: Luz do Luar,Nod-Krai - Sắc Trăng,vi-VN
Nod-Krai: Lâmpada das Noites Longas,Nod-Krai - Đèn Đêm Dài,vi-VN
Nod-Krai: Moonbright,Nod-Krai - Vằng Vặc,vi-VN
Nod-Krai: Moonlight,Nod-Krai - Sắc Trăng,vi-VN
Nod-Krai: Parlak Ay,Nod-Krai - Vằng Vặc,vi-VN
Nod-Krai: Regno sacro,Nod-Krai - Thánh Vực,vi-VN
Nod-Krai: Reino Sagrado,Nod-Krai - Thánh Vực,vi-VN
Nod-Krai: Sacred Realm,Nod-Krai - Thánh Vực,vi-VN
Noelle - Protección,Noelle - Bảo Vệ,vi-VN
Noelle - Protector,Noelle - Bảo Vệ,vi-VN
Noelle - Protetor,Noelle - Bảo Vệ,vi-VN
Noelle – Beschützer,Noelle - Bảo Vệ,vi-VN
Noelle: Koruyucu,Noelle - Bảo Vệ,vi-VN
Noelle: Protector,Noelle - Bảo Vệ,vi-VN
Noelle: Protezione,Noelle - Bảo Vệ,vi-VN
Nomade - Ballade d'errance,Kẻ Lang Thang - Phù Ca,vi-VN
Noëlle - Protection,Noelle - Bảo Vệ,vi-VN
Néfer - Secretos,Nefer - Bí Mật,vi-VN
Obiettivo: Abitanti delle colline,Thành tựu - Sơn dân,vi-VN
Obiettivo: Cacciabalene,Thành Tựu - Săn Cá Voi,vi-VN
Obiettivo: Casa vacanze,Thành tựu – Cư trú,vi-VN
Obiettivo: Chiodi,Thành Tựu - Đập Kim,vi-VN
Obiettivo: Colori dell'arcobaleno,Thành tựu - Màu sắc cầu vồng,vi-VN
Obiettivo: Competitività,Thành tựu - Khiêu chiến,vi-VN
Obiettivo: Competitività II,Thành tựu - Khiêu chiến (II),vi-VN
Obiettivo: Competitività III,Thành tựu - Khiêu chiến (III),vi-VN
Obiettivo: Crepuscolo transiente,Thành Tựu - Chạng Vạng,vi-VN
Obiettivo: Drago di pietra,Thành Tựu - Rồng Đá,vi-VN
Obiettivo: Eroismo,Thành tựu - Hành hiệp,vi-VN
Obiettivo: Esplorazione,Thành tựu - Đi khắp nơi,vi-VN
Obiettivo: Fortuna felina,Thành Tựu - Vận May Mèo,vi-VN
Obiettivo: Incontro predestinato,Thành tựu - Hữu Duyên,vi-VN
Obiettivo: Infinitum,Thành Tựu - Vạn Chủng,vi-VN
Obiettivo: Invokatore,Thành Tựu - Thất Thánh,vi-VN
Obiettivo: Lungimiranza,Thành Tựu - Nhìn Xa,vi-VN
Obiettivo: Maestria dell'arco,Thành tựu - Cung tên,vi-VN
Obiettivo: Marinaio,Thành Tựu - Du Ngoạn,vi-VN
Obiettivo: Nucleo enigmatico,Thành Tựu - Lõi Bí Ẩn,vi-VN
Obiettivo: Ora del tè,Thành Tựu - Ấm Trần Ca,vi-VN
Obiettivo: Orbite,Thành Tựu - Quỹ Đạo,vi-VN
Obiettivo: Pace tranquilla,Thành Tựu - Bình Yên,vi-VN
Obiettivo: Pagine poetiche,Thành Tựu - Trang Thơ,vi-VN
Obiettivo: Passi nella neve,Thành Tựu - Dạo Bước Trên Tuyết,vi-VN
Obiettivo: Perpetuum,Thành Tựu - Mãi Tiếp Bước,vi-VN
Obiettivo: Piena fioritura,Thành Tựu - Trăm Hoa Đua Nở,vi-VN
Obiettivo: Porta,Thành Tựu - Cánh Cửa,vi-VN
Obiettivo: Punto finale,Thành Tựu - Tận Cùng,vi-VN
Obiettivo: Repertorio,Thành Tựu - Tuyển Tập Nhạc,vi-VN
Obiettivo: Riunione,Thành tựu - Gặp gỡ,vi-VN
Obiettivo: Segreti profondi,Thành tựu - Thần Bí,vi-VN
Obiettivo: Separati dal tempo,Thành Tựu - Trùng Phùng,vi-VN
Obiettivo: Sette luci,Thành Tựu - Bảy Tia Sáng,vi-VN
Obiettivo: Signora della Notte,Thành Tựu - Chủ Nhân Màn Đêm,vi-VN
Obiettivo: Sogni specchiati,Thành Tựu - Giấc Mơ Phản Chiếu,vi-VN
Obiettivo: Sommità innevata,Thành tựu - Đỉnh tuyết,vi-VN
Obiettivo: Spirito combattivo,Thành Tựu - Chiến Ý,vi-VN
Obiettivo: Splendore,Thành Tựu - Kỳ Hoa,vi-VN
Obiettivo: Suspense,Thành tựu - Cánh quạt,vi-VN
Obiettivo: Terra della Neve,Thành tựu - Quê hương của tuyết,vi-VN
Obiettivo: Traversata,Thành Tựu - Trải qua,vi-VN
Obiettivo: Tuono,Thành Tựu - Sấm Sét,vi-VN
Obiettivo: Valle adeptica,Thành Tựu - Tiên Cốc,vi-VN
Obiettivo: Vampata,Thành Tựu - Rực Cháy,vi-VN
Obiettivo: Viaggio,Thành tựu - Dạo Bước,vi-VN
Obiettivo: Virtuosismo,Thành Tựu - Đặc Kỹ,vi-VN
Obiettivo: Vista completa,Thành Tựu - Nhìn Rõ Tất Cả,vi-VN
Obiettivo: Voragine,Thành Tựu - Núi Đá,vi-VN
Odette - Cisne,Odette - Thiên Nga Độc Nhất,vi-VN
Odette - Cygne singulier,Odette - Thiên Nga Độc Nhất,vi-VN
Odette - หงส์,Odette - Thiên Nga Độc Nhất,vi-VN
Odette – Die singuläre Schwänin,Odette - Thiên Nga Độc Nhất,vi-VN
Odette: Eşsiz Kuğu,Odette - Thiên Nga Độc Nhất,vi-VN
Odette: Il cigno diverso dagli altri,Odette - Thiên Nga Độc Nhất,vi-VN
Odette: O Cisne Incomparável,Odette - Thiên Nga Độc Nhất,vi-VN
Odette: The Singular Swan,Odette - Thiên Nga Độc Nhất,vi-VN
Ororon - Nocturnal,Ororon - Cảnh Đêm,vi-VN
Ororon - Noctívago,Ororon - Cảnh Đêm,vi-VN
Ororon - ราตรีที่มืดมิด,Ororon - Cảnh Đêm,vi-VN
Ororon – Nachtschatten,Ororon - Cảnh Đêm,vi-VN
Ororon: Beladona,Ororon - Cảnh Đêm,vi-VN
Ororon: Gece Gölgesi,Ororon - Cảnh Đêm,vi-VN
Ororon: Nightshade,Ororon - Cảnh Đêm,vi-VN
Ororon: Ombra notturna,Ororon - Cảnh Đêm,vi-VN
PB - Aguas primigenias,Nhật Ký Hành Trình - Khởi Nguyên,vi-VN
PB - Alizée,Nhật Ký Hành Trình Hoa Gió,vi-VN
PB - Arcanicité,Nhật Ký Hành Trình - Hóa Kỹ,vi-VN
PB - Arcanidad,Nhật Ký Hành Trình - Hóa Kỹ,vi-VN
PB - As de la invocación,Nhật Ký Hành Trình - Triệu Hồi,vi-VN
PB - Atrapaviento,Nhật Ký Hành Trình Của Gió,vi-VN
PB - Attrape-vent,Nhật Ký Hành Trình Của Gió,vi-VN
PB - Autre monde,Nhật Ký Hành Trình - Dạo Bước Cõi Trần,vi-VN
PB - Azul marino,Nhật Ký Hành Trình - Biển Xanh,vi-VN
PB - Azur marin,Nhật Ký Hành Trình - Biển Xanh,vi-VN
PB - Balletica,Nhật Ký Hành Trình - Kịch Múa,vi-VN
PB - Brisapacible,Nhật Ký Hành Trình - Nhàn Nhã,vi-VN
PB - Brisedouce,Nhật Ký Hành Trình - Nhàn Nhã,vi-VN
PB - Carpe diem,Nhật Ký Hành Trình - Khắc Ghi,vi-VN
PB - Cauce espiritual,Nhật Ký Hành Trình - Dòng Đời,vi-VN
PB - Colores primaverales,Nhật Ký Hành Trình - Sắc Diều,vi-VN
PB - Corona de la eminencia,Nhật Ký Hành Trình - Vương Miện,vi-VN
PB - Craie,Nhật Ký Hành Trình - Vôi Trắng,vi-VN
PB - Creación dimensional,Nhật Ký Hành Trình - Dạo Bước Cõi Trần,vi-VN
PB - Despertar,Nhật Ký Hành Trình - Thức Tỉnh,vi-VN
PB - Destino,Nhật Ký Hành Trình - Thiên Mệnh,vi-VN
PB - Destinée,Nhật Ký Hành Trình - Thiên Mệnh,vi-VN
PB - Don de splendeur,Nhật Ký Hành Trình - Quà Đẹp,vi-VN
PB - Débrouillardise,Nhật Ký Hành Trình - Nghệ Thuật,vi-VN
PB - Désilune,Nhật Ký Hành Trình - Trục Nguyệt,vi-VN
PB - Emulación,Nhật Ký Hành Trình - Mô Phỏng,vi-VN
PB - Enluminure,Nhật Ký Hành Trình - Chói Lọi,vi-VN
PB - Ensueño,Nhật Ký Hành Trình - Kỳ Mộng,vi-VN
PB - Ersatz,Nhật Ký Hành Trình - Mô Phỏng,vi-VN
PB - Esplendor lumínico,Nhật Ký Hành Trình - Chói Lọi,vi-VN
PB - Estrella abisal,Nhật Ký Hành Trình - Sao Rơi,vi-VN
PB - Estrella decadente,Khởi Hành-Tức Tinh,vi-VN
PB - Eufonía,Nhật Ký Hành Trình - Hòa Tấu,vi-VN
PB - Feu nouveau,Nhật Ký Hành Trình - Lửa Mới,vi-VN
PB - Feu primaire,Nhật Ký Hành Trình - Lửa Nguồn,vi-VN
PB - Flores de viento,Nhật Ký Hành Trình Hoa Gió,vi-VN
PB - Fond des bois,Nhật Ký Hành Trình - Rừng Sâu,vi-VN
PB - Fongisme,Nhật Ký Hành Trình Rừng Nấm,vi-VN
PB - Frigilune,Nhật Ký Hành Trình - Băng Nguyệt,vi-VN
PB - Fuego primigenio,Nhật Ký Hành Trình - Lửa Nguồn,vi-VN
PB - Fuego renovado,Nhật Ký Hành Trình - Lửa Mới,vi-VN
PB - Fungolandia,Nhật Ký Hành Trình Rừng Nấm,vi-VN
PB - General celestial,Nhật Ký Hành Trình - Thần Tướng,vi-VN
PB - Givre-flamme,Nhật Ký Hành Trình - Tuyết Nóng,vi-VN
PB - Gloire florale,Nhật Ký Hành Trình - Vinh Hoa,vi-VN
PB - Gloria floral,Nhật Ký Hành Trình - Vinh Hoa,vi-VN
PB - Gran Santuario Narukami,Nhật Ký Hành Trình - Đền Narukami,vi-VN
PB - Général céleste,Nhật Ký Hành Trình - Thần Tướng,vi-VN
PB - Hipótesis,Nhật Ký Hành Trình - Suy Tưởng,vi-VN
PB - Irodori,Nhật Ký Hành Trình - Irodori,vi-VN
PB - Lauriers,Nhật Ký Hành Trình - Vương Miện,vi-VN
PB - Luna helada,Nhật Ký Hành Trình - Băng Nguyệt,vi-VN
PB - Lyratum,Nhật Ký Hành Trình - Lyratum,vi-VN
PB - Marque du temps,Nhật Ký Hành Trình - Khắc Ghi,vi-VN
PB - Mingxiao,Nhật Ký Hành Trình - Minh Tiêu,vi-VN
PB - Multicolor,Nhật Ký Hành Trình - Sắc Màu,vi-VN
PB - Météorite,Khởi Hành-Tức Tinh,vi-VN
PB - Nieves ardientes,Nhật Ký Hành Trình - Tuyết Nóng,vi-VN
PB - Obsequios fantásticos,Nhật Ký Hành Trình - Quà Đẹp,vi-VN
PB - Oda de las linternas,Nhật Ký Hành Trình - Bôn Tiêu,vi-VN
PB - Ode sous la lanterne,Nhật Ký Hành Trình - Bôn Tiêu,vi-VN
PB - Passe-givre,Nhật Ký Hành Trình - Sương Du,vi-VN
PB - Persiguiendo la luna,Nhật Ký Hành Trình - Trục Nguyệt,vi-VN
PB - Pretensión artesanal,Nhật Ký Hành Trình - Nghệ Thuật,vi-VN
PB - Profundidades de la selva,Nhật Ký Hành Trình - Rừng Sâu,vi-VN
PB - Que comience la función,Nhật Ký Hành Trình - Mô Phỏng,vi-VN
PB - Retorno,Nhật Ký Hành Trình - Trở Về,vi-VN
PB - Retour,Nhật Ký Hành Trình - Trở Về,vi-VN
PB - Rime,Nhật Ký Hành Trình - Hòa Tấu,vi-VN
PB - Rivières stellaires,Nhật Ký Hành Trình - Dòng Đời,vi-VN
PB - Roca caliza,Nhật Ký Hành Trình - Vôi Trắng,vi-VN
PB - Rock-athon,Nhật Ký Hành Trình - Rung Chuyển,vi-VN
PB - Ruinas del pasado,Nhật Ký Hành Trình - Phế Tích,vi-VN
PB - Ruines d'antan,Nhật Ký Hành Trình - Phế Tích,vi-VN
PB - Rêverie,Nhật Ký Hành Trình - Kỳ Mộng,vi-VN
PB - Sabzeruz,Nhật Ký Hành Trình - Sabzeruz,vi-VN
PB - Sanctuaire de Narukami,Nhật Ký Hành Trình - Đền Narukami,vi-VN
PB - Secret d'invoqueur,Nhật Ký Hành Trình - Triệu Hồi,vi-VN
PB - Simulnation,Nhật Ký Hành Trình - Mô Phỏng,vi-VN
PB - Source des eaux,Nhật Ký Hành Trình - Khởi Nguyên,vi-VN
PB - Spiritissage,Nhật Ký Hành Trình - Dệt Linh,vi-VN
PB - Spéculation,Nhật Ký Hành Trình - Suy Tưởng,vi-VN
PB - Teinte fluide,Nhật Ký Hành Trình - Sắc Màu,vi-VN
PB - Tejespíritus,Nhật Ký Hành Trình - Dệt Linh,vi-VN
PB - Tierra del rock,Nhật Ký Hành Trình - Rung Chuyển,vi-VN
PB - Travesía glacial,Nhật Ký Hành Trình - Sương Du,vi-VN
PB - Vals,Nhật Ký Hành Trình - Kịch Múa,vi-VN
PB - Vals pivotante,Nhật Ký Hành Trình - Vũ Điệu,vi-VN
PB - Valse tournoyante,Nhật Ký Hành Trình - Vũ Điệu,vi-VN
PB - Vent de retour,Nhật Ký Hành Trình Gió Về,vi-VN
PB - Vents du nord,Nhật Ký Hành Trình - Bắc Phong,vi-VN
PB - Verano azul,Nhật Ký Hành Trình – Mùa Hè Rực Rỡ,vi-VN
PB - Verano soleado,Nhật Ký Hành Trình - Nắng Hạ,vi-VN
PB - Viento del Norte,Nhật Ký Hành Trình - Bắc Phong,vi-VN
PB - Viento del retorno,Nhật Ký Hành Trình Gió Về,vi-VN
PB - Vol coloré,Nhật Ký Hành Trình - Sắc Diều,vi-VN
PB - Étoile filante,Nhật Ký Hành Trình - Sao Rơi,vi-VN
PB - Été,Nhật Ký Hành Trình – Mùa Hè Rực Rỡ,vi-VN
PB - Été au soleil,Nhật Ký Hành Trình - Nắng Hạ,vi-VN
PB - Éveil,Nhật Ký Hành Trình - Thức Tỉnh,vi-VN
Passe Batalha - Lyratum,Nhật Ký Hành Trình - Lyratum,vi-VN
Passe Batalha — Multicolorido,Nhật Ký Hành Trình - Sắc Màu,vi-VN
Passe de Batalha - Brisa Florescente,Nhật Ký Hành Trình Hoa Gió,vi-VN
Passe de Batalha - Esplendor Colorido,Nhật Ký Hành Trình - Chói Lọi,vi-VN
Passe de Batalha - Giz,Nhật Ký Hành Trình - Vôi Trắng,vi-VN
Passe de Batalha - Grande Santuário Narukami,Nhật Ký Hành Trình - Đền Narukami,vi-VN
Passe de Batalha Profundezas da Floresta,Nhật Ký Hành Trình - Rừng Sâu,vi-VN
Passe de Batalha — Azul Marinho,Nhật Ký Hành Trình - Biển Xanh,vi-VN
Passe de Batalha — Irodori,Nhật Ký Hành Trình - Irodori,vi-VN
Passe de Batalha — Retorno do Vento,Nhật Ký Hành Trình Gió Về,vi-VN
Passe de Batalha — Rios Espirituais,Nhật Ký Hành Trình - Dòng Đời,vi-VN
Passe de Batalha: Chama Renovada,Nhật Ký Hành Trình - Lửa Mới,vi-VN
Passe de Batalha: Coleção Arcana,Nhật Ký Hành Trình - Hóa Kỹ,vi-VN
Passe de Batalha: Coroa Gloriosa,Nhật Ký Hành Trình - Vương Miện,vi-VN
Passe de Batalha: Desbravador Gélido,Nhật Ký Hành Trình - Sương Du,vi-VN
Passe de Batalha: Despertar,Nhật Ký Hành Trình - Thức Tỉnh,vi-VN
Passe de Batalha: Destino,Nhật Ký Hành Trình - Thiên Mệnh,vi-VN
Passe de Batalha: Dádiva do Esplendor.,Nhật Ký Hành Trình - Quà Đẹp,vi-VN
Passe de Batalha: Escultura do Tempo,Nhật Ký Hành Trình - Khắc Ghi,vi-VN
Passe de Batalha: Especulativo,Nhật Ký Hành Trình - Suy Tưởng,vi-VN
Passe de Batalha: Estrela-cadente,Nhật Ký Hành Trình - Sao Rơi,vi-VN
Passe de Batalha: Eufonia,Nhật Ký Hành Trình - Hòa Tấu,vi-VN
Passe de Batalha: Feriado Tranquilo,Nhật Ký Hành Trình - Nhàn Nhã,vi-VN
Passe de Batalha: Flor Gloriosa,Nhật Ký Hành Trình - Vinh Hoa,vi-VN
Passe de Batalha: Fogo Original,Nhật Ký Hành Trình - Lửa Nguồn,vi-VN
Passe de Batalha: Fonte de Todas as Águas,Nhật Ký Hành Trình - Khởi Nguyên,vi-VN
Passe de Batalha: General Divino,Nhật Ký Hành Trình - Thần Tướng,vi-VN
Passe de Batalha: Intenção Artesanal,Nhật Ký Hành Trình - Nghệ Thuật,vi-VN
Passe de Batalha: Lua Glacial,Nhật Ký Hành Trình - Băng Nguyệt,vi-VN
Passe de Batalha: Nascimento Divino,Nhật Ký Hành Trình - Sabzeruz,vi-VN
Passe de Batalha: Neve Ardente,Nhật Ký Hành Trình - Tuyết Nóng,vi-VN
Passe de Batalha: Origem Fúngica,Nhật Ký Hành Trình Rừng Nấm,vi-VN
Passe de Batalha: Outro Reino,Nhật Ký Hành Trình - Dạo Bước Cõi Trần,vi-VN
Passe de Batalha: Retorno ao Lar,Nhật Ký Hành Trình - Trở Về,vi-VN
Passe de Batalha: Rock Pauleira,Nhật Ký Hành Trình - Rung Chuyển,vi-VN
Passe de Batalha: Ruínas Antigas,Nhật Ký Hành Trình - Phế Tích,vi-VN
Passe de Batalha: Segredo do Invocador,Nhật Ký Hành Trình - Triệu Hồi,vi-VN
Passe de Batalha: Seguidor da Lua,Nhật Ký Hành Trình - Trục Nguyệt,vi-VN
Passe de Batalha: Simulação,Nhật Ký Hành Trình - Mô Phỏng,vi-VN
Passe de Batalha: Sonhos Coloridos,Nhật Ký Hành Trình - Kỳ Mộng,vi-VN
Passe de Batalha: Supernova,Khởi Hành-Tức Tinh,vi-VN
Passe de Batalha: Tear Espiritual,Nhật Ký Hành Trình - Dệt Linh,vi-VN
Passe de Batalha: Teatro Caleidoscópico,Nhật Ký Hành Trình - Mô Phỏng,vi-VN
Passe de Batalha: Valsa Rodopiante,Nhật Ký Hành Trình - Kịch Múa,vi-VN
Passe de Batalha: Valsa Rodopiante,Nhật Ký Hành Trình - Vũ Điệu,vi-VN
Passe de Batalha: Vento Norte,Nhật Ký Hành Trình - Bắc Phong,vi-VN
Passe de Batalha: Verão,Nhật Ký Hành Trình – Mùa Hè Rực Rỡ,vi-VN
Passe de Batalha: Verão Ensolarado,Nhật Ký Hành Trình - Nắng Hạ,vi-VN
Passe de Batalha: Voo Vívido,Nhật Ký Hành Trình - Sắc Diều,vi-VN
Passe de Batalha: À Luz de Lanternas,Nhật Ký Hành Trình - Bôn Tiêu,vi-VN
Permafrost – Alter Baum,Chịu Lạnh - Cổ Thụ,vi-VN
Permagel - Arbre ancien,Chịu Lạnh - Cổ Thụ,vi-VN
Principe: Eredità immonda,Childe - Quỷ Trang,vi-VN
Prune - Castigo,Prune - Trừng Phạt,vi-VN
Prune - Jugement,Prune - Trừng Phạt,vi-VN
Prune - ลงทัณฑ์,Prune - Trừng Phạt,vi-VN
Prune – Urteil,Prune - Trừng Phạt,vi-VN
Prune: Giudizio,Prune - Trừng Phạt,vi-VN
Prune: Judgment,Prune - Trừng Phạt,vi-VN
Prune: Julgamento,Prune - Trừng Phạt,vi-VN
Prune: Yargı,Prune - Trừng Phạt,vi-VN
Qiqi - Armazém Gelado,Qiqi - Đông Lạnh,vi-VN
Qiqi - Cold Storage,Qiqi - Đông Lạnh,vi-VN
Qiqi - Conservation,Qiqi - Đông Lạnh,vi-VN
Qiqi - Refrigeración,Qiqi - Đông Lạnh,vi-VN
Qiqi – Kühlung,Qiqi - Đông Lạnh,vi-VN
Qiqi: Cold Storage,Qiqi - Đông Lạnh,vi-VN
Qiqi: Refrigerazione,Qiqi - Đông Lạnh,vi-VN
Qiqi: Soğuk Depo,Qiqi - Đông Lạnh,vi-VN
Raiden Shogun - Enlightenment,Raiden Shogun - Thức Tỉnh,vi-VN
Raiden Shogun: Enlightenment,Raiden Shogun - Thức Tỉnh,vi-VN
Razor - Affaire de loups,Razor - Sói Chạy,vi-VN
Razor - Lobo Corredor,Razor - Sói Chạy,vi-VN
Razor - Velocidad de lobo,Razor - Sói Chạy,vi-VN
Razor - Wolvensprint,Razor - Sói Chạy,vi-VN
Razor – Laufender Wolf,Razor - Sói Chạy,vi-VN
Razor: Kurt Hücumu,Razor - Sói Chạy,vi-VN
Razor: Lupo scattante,Razor - Sói Chạy,vi-VN
Razor: Wolvensprint,Razor - Sói Chạy,vi-VN
Rosalia - Éternel labeur,Rosaria - Khổ Sai,vi-VN
Rosaria - Indenture,Rosaria - Khổ Sai,vi-VN
Rosaria - Servidumbre,Rosaria - Khổ Sai,vi-VN
Rosaria – Knechtschaft,Rosaria - Khổ Sai,vi-VN
Rosaria: Indenture,Rosaria - Khổ Sai,vi-VN
Rosaria: Obbligo,Rosaria - Khổ Sai,vi-VN
Rosaria: Sözleşme,Rosaria - Khổ Sai,vi-VN
Rosaria: Trabalho Forçado,Rosaria - Khổ Sai,vi-VN
Sabugueiro - Árvore Antiga,Chịu Lạnh - Cổ Thụ,vi-VN
Sacarosa - Bioalquimia,Sucrose - Sáng Tạo,vi-VN
Saccharose – Schaffung von Leben,Sucrose - Sáng Tạo,vi-VN
Sandrone - Descanso para el té,Sandrone - Tiệc Trà,vi-VN
Sandrone - Pause thé,Sandrone - Tiệc Trà,vi-VN
Sandrone - พักจิบชา,Sandrone - Tiệc Trà,vi-VN
Sandrone – Teepäuschen,Sandrone - Tiệc Trà,vi-VN
Sandrone: Pausa Para o Chá,Sandrone - Tiệc Trà,vi-VN
Sandrone: Pausa tè,Sandrone - Tiệc Trà,vi-VN
Sandrone: Tea Break,Sandrone - Tiệc Trà,vi-VN
Sandrone: Çay Molası,Sandrone - Tiệc Trà,vi-VN
Sangonomiya Kokomi - Profondeurs,Sangonomiya Kokomi - Biển Sâu,vi-VN
Sangonomiya Kokomi - Profundidades,Sangonomiya Kokomi - Biển Sâu,vi-VN
Sangonomiya Kokomi - The Deep,Sangonomiya Kokomi - Biển Sâu,vi-VN
Sangonomiya Kokomi – Tiefe,Sangonomiya Kokomi - Biển Sâu,vi-VN
Sangonomiya Kokomi: As Profundezas,Sangonomiya Kokomi - Biển Sâu,vi-VN
Sangonomiya Kokomi: Okyanus,Sangonomiya Kokomi - Biển Sâu,vi-VN
Sangonomiya Kokomi: Profondità,Sangonomiya Kokomi - Biển Sâu,vi-VN
Sangonomiya Kokomi: The Deep,Sangonomiya Kokomi - Biển Sâu,vi-VN
Sayu - Daruma Muji-muji,Sayu - Muji-Muji Daruma,vi-VN
Sayu - Tejón daruma,Sayu - Muji-Muji Daruma,vi-VN
Sayu – Mujimuji-Daruma,Sayu - Muji-Muji Daruma,vi-VN
Sayu: Daruma Muji-Muji,Sayu - Muji-Muji Daruma,vi-VN
Sayu: Daruma Muji-muji,Sayu - Muji-Muji Daruma,vi-VN
Sayu: Muji-Muji Daruma,Sayu - Muji-Muji Daruma,vi-VN
Sethos - Fragment de Ba,Sethos - Bạt Linh,vi-VN
Sethos - Fragmentos del Ba,Sethos - Bạt Linh,vi-VN
Sethos - เสี้ยวจิตแห่ง Ba,Sethos - Bạt Linh,vi-VN
Sethos – Ba-Fragment,Sethos - Bạt Linh,vi-VN
Sethos: Ba Fragment,Sethos - Bạt Linh,vi-VN
Sethos: Ba Parçası,Sethos - Bạt Linh,vi-VN
Sethos: Fragmentos de Ba,Sethos - Bạt Linh,vi-VN
Sethos: Frammento di Ba,Sethos - Bạt Linh,vi-VN
Shenhe - Acicalamiento,Shenhe - Tiết Lược,vi-VN
Shenhe - Peigne,Shenhe - Tiết Lược,vi-VN
Shenhe - หวี,Shenhe - Tiết Lược,vi-VN
Shenhe – Kamm,Shenhe - Tiết Lược,vi-VN
Shenhe: Comb,Shenhe - Tiết Lược,vi-VN
Shenhe: Pente,Shenhe - Tiết Lược,vi-VN
Shenhe: Pettine,Shenhe - Tiết Lược,vi-VN
Shenhe: Tarak,Shenhe - Tiết Lược,vi-VN
Shikanoin Heizou – Temari,Shikanoin Heizou - Temari,vi-VN
Shikanoin Heizou — Temari,Shikanoin Heizou - Temari,vi-VN
Shikanoin Heizou: Temari,Shikanoin Heizou - Temari,vi-VN
Shogun Raiden - Iluminación,Raiden Shogun - Thức Tỉnh,vi-VN
Shogun Raiden - Révélation,Raiden Shogun - Thức Tỉnh,vi-VN
Shogun Raiden: Illuminazione,Raiden Shogun - Thức Tỉnh,vi-VN
Shogun Raiden: Iluminação,Raiden Shogun - Thức Tỉnh,vi-VN
Shougun Raiden – Aufklärung,Raiden Shogun - Thức Tỉnh,vi-VN
Sigewinne - Terapia,Sigewinne - Liệu Trình,vi-VN
Sigewinne - Traitement,Sigewinne - Liệu Trình,vi-VN
Sigewinne - การรักษา,Sigewinne - Liệu Trình,vi-VN
Sigewinne: Behandlung,Sigewinne - Liệu Trình,vi-VN
Sigewinne: Tedavi,Sigewinne - Liệu Trình,vi-VN
Sigewinne: Terapia,Sigewinne - Liệu Trình,vi-VN
Sigewinne: Tratamento,Sigewinne - Liệu Trình,vi-VN
Sigewinne: Treatment,Sigewinne - Liệu Trình,vi-VN
Skirk - Ombre solitaire,Skirk - Bóng Dáng Cô Độc,vi-VN
Skirk - Sombra solitaria,Skirk - Bóng Dáng Cô Độc,vi-VN
Skirk - เงาเดียวดาย,Skirk - Bóng Dáng Cô Độc,vi-VN
Skirk – Einsamer Schatten,Skirk - Bóng Dáng Cô Độc,vi-VN
Skirk: Lone Shadow,Skirk - Bóng Dáng Cô Độc,vi-VN
Skirk: Ombra solitaria,Skirk - Bóng Dáng Cô Độc,vi-VN
Skirk: Sombra Solitária,Skirk - Bóng Dáng Cô Độc,vi-VN
Skirk: Yalnız Gölge,Skirk - Bóng Dáng Cô Độc,vi-VN
Snezhnaya - Aperçus fugaces,Snezhnaya - Bóng Dáng Thoi Đưa,vi-VN
Snezhnaya - Longue nuit,Snezhnaya - Đêm Dài,vi-VN
Snezhnaya - Noche eterna,Snezhnaya - Đêm Dài,vi-VN
Snezhnaya - ราตรีอันยาวนาน,Snezhnaya - Đêm Dài,vi-VN
Snezhnaya - เงาพาดผ่าน,Snezhnaya - Bóng Dáng Thoi Đưa,vi-VN
Snezhnaya – Flüchtige Eindrücke,Snezhnaya - Bóng Dáng Thoi Đưa,vi-VN
Snezhnaya – Lange Nacht,Snezhnaya - Đêm Dài,vi-VN
Snezhnaya: Fleeting Glimpses,Snezhnaya - Bóng Dáng Thoi Đưa,vi-VN
Snezhnaya: Gelip Geçici Anlar,Snezhnaya - Bóng Dáng Thoi Đưa,vi-VN
Snezhnaya: Long Night,Snezhnaya - Đêm Dài,vi-VN
Snezhnaya: Longa Noite,Snezhnaya - Đêm Dài,vi-VN
Snezhnaya: Lunga notte,Snezhnaya - Đêm Dài,vi-VN
Snezhnaya: Sombra de lanzadera,Snezhnaya - Bóng Dáng Thoi Đưa,vi-VN
Snezhnaya: Uzun Gece,Snezhnaya - Đêm Dài,vi-VN
Snezhnaya: Visioni fugaci,Snezhnaya - Bóng Dáng Thoi Đưa,vi-VN
Snezhnaya: Vislumbres Fugazes,Snezhnaya - Bóng Dáng Thoi Đưa,vi-VN
Succès - Archerie,Thành tựu - Cung tên,vi-VN
Succès - Baleinier,Thành Tựu - Săn Cá Voi,vi-VN
Succès - Brutaux des collines,Thành tựu - Sơn dân,vi-VN
Succès - Chemins,Thành Tựu - Quỹ Đạo,vi-VN
Succès - Clous,Thành Tựu - Đập Kim,vi-VN
Succès - Coup de tonnerre,Thành Tựu - Sấm Sét,vi-VN
Succès - Crépuscule éphémère,Thành Tựu - Chạng Vạng,vi-VN
Succès - Destin,Thành tựu - Hữu Duyên,vi-VN
Succès - Dragon de pierre,Thành Tựu - Rồng Đá,vi-VN
Succès - Défi,Thành tựu - Khiêu chiến,vi-VN
Succès - Défi (2),Thành tựu - Khiêu chiến (II),vi-VN
Succès - Défi (3),Thành tựu - Khiêu chiến (III),vi-VN
Succès - Embrasement,Thành Tựu - Rực Cháy,vi-VN
Succès - Errance,Thành tựu - Dạo Bước,vi-VN
Succès - Esprit combatif,Thành Tựu - Chiến Ý,vi-VN
Succès - Extrémité,Thành Tựu - Tận Cùng,vi-VN
Succès - Fortune féline,Thành Tựu - Vận May Mèo,vi-VN
Succès - Gouffre,Thành Tựu - Núi Đá,vi-VN
Succès - Heure du thé,Thành Tựu - Ấm Trần Ca,vi-VN
Succès - Héroïque périple,Thành tựu - Hành hiệp,vi-VN
Succès - Invocateur,Thành Tựu - Thất Thánh,vi-VN
Succès - Maison de vacances,Thành tựu – Cư trú,vi-VN
Succès - Marcher sur la neige,Thành Tựu - Dạo Bước Trên Tuyết,vi-VN
Succès - Myriade,Thành Tựu - Vạn Chủng,vi-VN
Succès - Noyau énigmatique,Thành Tựu - Lõi Bí Ẩn,vi-VN
Succès - Omnivision,Thành Tựu - Nhìn Rõ Tất Cả,vi-VN
Succès - Pays de la neige,Thành tựu - Quê hương của tuyết,vi-VN
Succès - Perpétuité,Thành Tựu - Mãi Tiếp Bước,vi-VN
Succès - Pleine floraison,Thành Tựu - Trăm Hoa Đua Nở,vi-VN
Succès - Porte,Thành Tựu - Cánh Cửa,vi-VN
Succès - Poésie,Thành Tựu - Trang Thơ,vi-VN
Succès - Prisme,Thành tựu - Màu sắc cầu vồng,vi-VN
Succès - Pérégrinations,Thành tựu - Đi khắp nơi,vi-VN
Succès - Rencontre,Thành tựu - Gặp gỡ,vi-VN
Succès - Répertoire,Thành Tựu - Tuyển Tập Nhạc,vi-VN
Succès - Rêves reflétés,Thành Tựu - Giấc Mơ Phản Chiếu,vi-VN
Succès - Secrets profonds,Thành tựu - Thần Bí,vi-VN
Succès - Seigneur de la nuit,Thành Tựu - Chủ Nhân Màn Đêm,vi-VN
Succès - Sept lumières,Thành Tựu - Bảy Tia Sáng,vi-VN
Succès - Sommet enneigé,Thành tựu - Đỉnh tuyết,vi-VN
Succès - Splendeur,Thành Tựu - Kỳ Hoa,vi-VN
Succès - Suspense,Thành tựu - Cánh quạt,vi-VN
Succès - Séparation,Thành Tựu - Trùng Phùng,vi-VN
Succès - Sérénité,Thành Tựu - Bình Yên,vi-VN
Succès - Traversée,Thành Tựu - Trải qua,vi-VN
Succès - Vallée adeptale,Thành Tựu - Tiên Cốc,vi-VN
Succès - Virtuose,Thành Tựu - Đặc Kỹ,vi-VN
Succès - Vogue,Thành Tựu - Du Ngoạn,vi-VN
Succès - Vue lointaine,Thành Tựu - Nhìn Xa,vi-VN
Sucrose - Bio-Alchemy,Sucrose - Sáng Tạo,vi-VN
Sucrose - Bio-alchimie,Sucrose - Sáng Tạo,vi-VN
Sucrose - Bioalquimia,Sucrose - Sáng Tạo,vi-VN
Sucrose: Bio-Alchemy,Sucrose - Sáng Tạo,vi-VN
Sucrose: Bioalchimia,Sucrose - Sáng Tạo,vi-VN
Sucrose: Biyo-Simya,Sucrose - Sáng Tạo,vi-VN
Sumeru - Bois scintillants,Sumeru - Tiên Cảnh,vi-VN
Sumeru - Bosque esmeralda,Sumeru - Tiên Cảnh,vi-VN
Sumeru - Caminante del desierto,Sumeru - Giẫm Chân Lên Cát,vi-VN
Sumeru - Grand rêve,Sumeru - Giấc Mộng,vi-VN
Sumeru - Grandes quimeras,Sumeru - Giấc Mộng,vi-VN
Sumeru - Iluminación,Sumeru - Chiếu Rọi,vi-VN
Sumeru - Maná,Sumeru - Amrita,vi-VN
Sumeru - Marche-sable,Sumeru - Giẫm Chân Lên Cát,vi-VN
Sumeru - Observance,Sumeru - Chiếu Rọi,vi-VN
Sumeru - Polvareda,Sumeru - Bão Cát,vi-VN
Sumeru - Rectitud,Sumeru - Quang Minh,vi-VN
Sumeru - Rectitude,Sumeru - Quang Minh,vi-VN
Sumeru - Tempête de sable,Sumeru - Bão Cát,vi-VN
Sumeru - ความฝันอันยิ่งใหญ่,Sumeru - Giấc Mộng,vi-VN
Sumeru - ป่าวิจิตร,Sumeru - Tiên Cảnh,vi-VN
Sumeru - ย่ำผืนทราย,Sumeru - Giẫm Chân Lên Cát,vi-VN
Sumeru - สง่าผ่าเผย,Sumeru - Quang Minh,vi-VN
Sumeru - หมอกทราย,Sumeru - Bão Cát,vi-VN
Sumeru - หยาดอมฤต,Sumeru - Amrita,vi-VN
Sumeru - เสาะแสวง,Sumeru - Chiếu Rọi,vi-VN
Sumeru – Amrita,Sumeru - Amrita,vi-VN
Sumeru – Beobachtung,Sumeru - Chiếu Rọi,vi-VN
Sumeru – Großer Traum,Sumeru - Giấc Mộng,vi-VN
Sumeru – Sandmeerwanderung,Sumeru - Giẫm Chân Lên Cát,vi-VN
Sumeru – Sandsturm,Sumeru - Bão Cát,vi-VN
Sumeru – Schimmernde Wälder,Sumeru - Tiên Cảnh,vi-VN
Sumeru – Unbefleckt,Sumeru - Quang Minh,vi-VN
Sumeru: Amrita,Sumeru - Amrita,vi-VN
Sumeru: Büyük Rüya,Sumeru - Giấc Mộng,vi-VN
Sumeru: Floresta Cintilante,Sumeru - Tiên Cảnh,vi-VN
Sumeru: Grandes Sonhos,Sumeru - Giấc Mộng,vi-VN
Sumeru: Gözetleme,Sumeru - Chiếu Rọi,vi-VN
Sumeru: Günahsız,Sumeru - Quang Minh,vi-VN
Sumeru: Il Gran Sogno,Sumeru - Giấc Mộng,vi-VN
Sumeru: Incontaminazione,Sumeru - Quang Minh,vi-VN
Sumeru: Kum Fırtınası,Sumeru - Bão Cát,vi-VN
Sumeru: Kumdagezen,Sumeru - Giẫm Chân Lên Cát,vi-VN
Sumeru: Marcha Desértica,Sumeru - Giẫm Chân Lên Cát,vi-VN
Sumeru: Névoa de Areia,Sumeru - Bão Cát,vi-VN
Sumeru: Observance,Sumeru - Chiếu Rọi,vi-VN
Sumeru: Observância,Sumeru - Chiếu Rọi,vi-VN
Sumeru: Osservanza,Sumeru - Chiếu Rọi,vi-VN
Sumeru: Parıltılı Ormanlar,Sumeru - Tiên Cảnh,vi-VN
Sumeru: Retidão,Sumeru - Quang Minh,vi-VN
Sumeru: Sandstorm,Sumeru - Bão Cát,vi-VN
Sumeru: Sandtreader,Sumeru - Giẫm Chân Lên Cát,vi-VN
Sumeru: Schiacciasabbia,Sumeru - Giẫm Chân Lên Cát,vi-VN
Sumeru: Selva splendente,Sumeru - Tiên Cảnh,vi-VN
Sumeru: Shimmering Woods,Sumeru - Tiên Cảnh,vi-VN
Sumeru: Tempesta di sabbia,Sumeru - Bão Cát,vi-VN
Sumeru: The Great Dream,Sumeru - Giấc Mộng,vi-VN
Sumeru: Unsullied,Sumeru - Quang Minh,vi-VN
Sumeru·Amrita,Sumeru - Amrita,vi-VN
Tartaglia - Posture du démon,Childe - Quỷ Trang,vi-VN
Tempio vuoto: Ricordi straripanti,Không Điện - Ký Ức Ngập Tràn,vi-VN
Temple vide - Souvenirs débordants,Không Điện - Ký Ức Ngập Tràn,vi-VN
Templo Vazio: Memórias Transbordantes,Không Điện - Ký Ức Ngập Tràn,vi-VN
Templo vacío - Recuerdos desbordantes,Không Điện - Ký Ức Ngập Tràn,vi-VN
The Stellar Moments,Tuyển Tập - Chòm Sao Lấp Lánh,vi-VN
Thoma - Brazales ardientes,Thoma - Băng Đỏ,vi-VN
Thoma - Mangas Ardentes,Thoma - Băng Đỏ,vi-VN
Thoma - เกราะแขนแห่งเปลวเพลิง,Thoma - Băng Đỏ,vi-VN
Thoma – Flammenarmpanzer,Thoma - Băng Đỏ,vi-VN
Thoma: Ateşli Muhafız,Thoma - Băng Đỏ,vi-VN
Thoma: Blazing Guard,Thoma - Băng Đỏ,vi-VN
Thoma: Difesa ardente,Thoma - Băng Đỏ,vi-VN
Thomas - Brassards ardents,Thoma - Băng Đỏ,vi-VN
Tighnari - Baigné de rosée,Tighnari - Mộc Lộ,vi-VN
Tighnari - อาบน้ำค้าง,Tighnari - Mộc Lộ,vi-VN
Tighnari – Vom Tau geküsst,Tighnari - Mộc Lộ,vi-VN
Tighnari: Banho de Orvalho,Tighnari - Mộc Lộ,vi-VN
Tighnari: Dew-Kissed,Tighnari - Mộc Lộ,vi-VN
Tighnari: Rugiada della radiosità,Tighnari - Mộc Lộ,vi-VN
Tighnari: Çiy Dokunuşu,Tighnari - Mộc Lộ,vi-VN
Tignari - Rocío,Tighnari - Mộc Lộ,vi-VN
Travel Notes: Arcane Amassing,Nhật Ký Hành Trình - Hóa Kỹ,vi-VN
Travel Notes: Artful Intent,Nhật Ký Hành Trình - Nghệ Thuật,vi-VN
Travel Notes: Awakening,Nhật Ký Hành Trình - Thức Tỉnh,vi-VN
Travel Notes: Azure Main,Nhật Ký Hành Trình - Biển Xanh,vi-VN
Travel Notes: Balletica,Nhật Ký Hành Trình - Kịch Múa,vi-VN
Travel Notes: Blazing Snow,Nhật Ký Hành Trình - Tuyết Nóng,vi-VN
Travel Notes: Blooming Glory,Nhật Ký Hành Trình - Vinh Hoa,vi-VN
Travel Notes: Bygone Ruins,Nhật Ký Hành Trình - Phế Tích,vi-VN
Travel Notes: Catch the Wind,Nhật Ký Hành Trình Của Gió,vi-VN
Travel Notes: Chalk,Nhật Ký Hành Trình - Vôi Trắng,vi-VN
Travel Notes: Crown of Glory,Nhật Ký Hành Trình - Vương Miện,vi-VN
Travel Notes: Divine Will,Nhật Ký Hành Trình - Thiên Mệnh,vi-VN
Travel Notes: Easy Breezy,Nhật Ký Hành Trình - Nhàn Nhã,vi-VN
Travel Notes: Fading Star,Khởi Hành-Tức Tinh,vi-VN
Travel Notes: Falling Star,Nhật Ký Hành Trình - Sao Rơi,vi-VN
Travel Notes: Fanciful Fabrication,Nhật Ký Hành Trình - Mô Phỏng,vi-VN
Travel Notes: Flowing Hues,Nhật Ký Hành Trình - Sắc Màu,vi-VN
Travel Notes: Frostfarer,Nhật Ký Hành Trình - Sương Du,vi-VN
Travel Notes: Fungus Land,Nhật Ký Hành Trình Rừng Nấm,vi-VN
Travel Notes: Gift of Splendor,Nhật Ký Hành Trình - Quà Đẹp,vi-VN
Travel Notes: Glacial Moon,Nhật Ký Hành Trình - Băng Nguyệt,vi-VN
Travel Notes: Grand Narukami Shrine,Nhật Ký Hành Trình - Đền Narukami,vi-VN
Travel Notes: Heavenly General,Nhật Ký Hành Trình - Thần Tướng,vi-VN
Travel Notes: Homecoming,Nhật Ký Hành Trình - Trở Về,vi-VN
Travel Notes: Irodori,Nhật Ký Hành Trình - Irodori,vi-VN
Travel Notes: Lanternlit Ode,Nhật Ký Hành Trình - Bôn Tiêu,vi-VN
Travel Notes: Lyratum,Nhật Ký Hành Trình - Lyratum,vi-VN
Travel Notes: Midsummer,Nhật Ký Hành Trình – Mùa Hè Rực Rỡ,vi-VN
Travel Notes: Mingxiao,Nhật Ký Hành Trình - Minh Tiêu,vi-VN
Travel Notes: Moonchaser,Nhật Ký Hành Trình - Trục Nguyệt,vi-VN
Travel Notes: Northerly Winds,Nhật Ký Hành Trình - Bắc Phong,vi-VN
Travel Notes: Primal Fire,Nhật Ký Hành Trình - Lửa Nguồn,vi-VN
Travel Notes: Primordial Waters,Nhật Ký Hành Trình - Khởi Nguyên,vi-VN
Travel Notes: Returning Winds,Nhật Ký Hành Trình Gió Về,vi-VN
Travel Notes: Rhythm and Rhyme,Nhật Ký Hành Trình - Hòa Tấu,vi-VN
Travel Notes: Sabzeruz,Nhật Ký Hành Trình - Sabzeruz,vi-VN
Travel Notes: Secrets,Nhật Ký Hành Trình - Triệu Hồi,vi-VN
Travel Notes: Simulnation,Nhật Ký Hành Trình - Mô Phỏng,vi-VN
Travel Notes: Speculation,Nhật Ký Hành Trình - Suy Tưởng,vi-VN
Travel Notes: Spiritweaver,Nhật Ký Hành Trình - Dệt Linh,vi-VN
Travel Notes: Stellar Rivers,Nhật Ký Hành Trình - Dòng Đời,vi-VN
Travel Notes: Sub-Space Recreation,Nhật Ký Hành Trình - Dạo Bước Cõi Trần,vi-VN
Travel Notes: Sunny Summer,Nhật Ký Hành Trình - Nắng Hạ,vi-VN
Travel Notes: The Flame Renewed,Nhật Ký Hành Trình - Lửa Mới,vi-VN
Travel Notes: The Realms Rocked,Nhật Ký Hành Trình - Rung Chuyển,vi-VN
Travel Notes: Time Inscribed,Nhật Ký Hành Trình - Khắc Ghi,vi-VN
Travel Notes: Vibrant Harriers,Nhật Ký Hành Trình - Sắc Diều,vi-VN
Travel Notes: Vivid Illumination,Nhật Ký Hành Trình - Chói Lọi,vi-VN
Travel Notes: Whirling Waltz,Nhật Ký Hành Trình - Vũ Điệu,vi-VN
Travel Notes: Windblume,Nhật Ký Hành Trình Hoa Gió,vi-VN
Travel Notes: Wondrous Reverie,Nhật Ký Hành Trình - Kỳ Mộng,vi-VN
Travel Notes: Woodlands,Nhật Ký Hành Trình - Rừng Sâu,vi-VN
Trotamundos - Balada a la deriva,Kẻ Lang Thang - Phù Ca,vi-VN
Vagabondo: Ballata effimera,Kẻ Lang Thang - Phù Ca,vi-VN
Varesa - Fonte de Energia,Varesa - Nguồn Gốc Sức Mạnh,vi-VN
Varesa - Fuente de fuerza,Varesa - Nguồn Gốc Sức Mạnh,vi-VN
Varesa - Puissance,Varesa - Nguồn Gốc Sức Mạnh,vi-VN
Varesa - แหล่งพลัง,Varesa - Nguồn Gốc Sức Mạnh,vi-VN
Varesa – Energiequelle,Varesa - Nguồn Gốc Sức Mạnh,vi-VN
Varesa: Concentrato di forza,Varesa - Nguồn Gốc Sức Mạnh,vi-VN
Varesa: Gücün Vücut Bulmuş Hali,Varesa - Nguồn Gốc Sức Mạnh,vi-VN
Varesa: Powerhouse,Varesa - Nguồn Gốc Sức Mạnh,vi-VN
Varka - Chef de meute,Varka - Sói Đầu Đàn,vi-VN
Varka - Lobo alfa,Varka - Sói Đầu Đàn,vi-VN
Varka - จ่าฝูงหมาป่า,Varka - Sói Đầu Đàn,vi-VN
Varka – Leitwolf,Varka - Sói Đầu Đàn,vi-VN
Varka: Capobranco,Varka - Sói Đầu Đàn,vi-VN
Varka: Lead Wolf,Varka - Sói Đầu Đàn,vi-VN
Varka: Lider Kurt,Varka - Sói Đầu Đàn,vi-VN
Varka: Lobo Líder,Varka - Sói Đầu Đàn,vi-VN
Venti - Azul Celeste,Venti - Bầu Trời Xanh,vi-VN
Venti - Azure Sky,Venti - Bầu Trời Xanh,vi-VN
Venti - Ciel d'azur,Venti - Bầu Trời Xanh,vi-VN
Venti - Cielo azul,Venti - Bầu Trời Xanh,vi-VN
Venti – Blauer Himmel,Venti - Bầu Trời Xanh,vi-VN
Venti: Azure Sky,Venti - Bầu Trời Xanh,vi-VN
Venti: Cielo azzurro,Venti - Bầu Trời Xanh,vi-VN
Venti: Mavi Gök,Venti - Bầu Trời Xanh,vi-VN
Wanderer – Ballade des Herumtreibers,Kẻ Lang Thang - Phù Ca,vi-VN
Wanderer: Drifter's Ballad,Kẻ Lang Thang - Phù Ca,vi-VN
Wriothesley - Détention,Wriothesley - Khóa Chặt,vi-VN
Wriothesley - Encarcelamiento,Wriothesley - Khóa Chặt,vi-VN
Wriothesley - กักขัง,Wriothesley - Khóa Chặt,vi-VN
Wriothesley – Eingesperrt,Wriothesley - Khóa Chặt,vi-VN
Wriothesley: Detention,Wriothesley - Khóa Chặt,vi-VN
Wriothesley: Detenzione,Wriothesley - Khóa Chặt,vi-VN
Wriothesley: Detenção,Wriothesley - Khóa Chặt,vi-VN
Wriothesley: Hapis,Wriothesley - Khóa Chặt,vi-VN
Xiangling - Comida Recém Pronta,Xiangling - Nấu Xong,vi-VN
Xiangling - Fresh from the Pan,Xiangling - Nấu Xong,vi-VN
Xiangling - Gooba,Xiangling - Nấu Xong,vi-VN
Xiangling - Recién hecho,Xiangling - Nấu Xong,vi-VN
Xiangling – Frisch aus dem Topf,Xiangling - Nấu Xong,vi-VN
Xiangling: Fresh from the Pan,Xiangling - Nấu Xong,vi-VN
Xiangling: Sıcak Sıcak,Xiangling - Nấu Xong,vi-VN
Xiangling: È pronto!,Xiangling - Nấu Xong,vi-VN
Xianyun - Nimbogrulla,Xianyun - Mây Trắng,vi-VN
Xianyun - Nuage blanc,Xianyun - Mây Trắng,vi-VN
Xianyun - กระเรียนเมฆา,Xianyun - Mây Trắng,vi-VN
Xianyun – Weiße Wolken,Xianyun - Mây Trắng,vi-VN
Xianyun: Beyaz Bulutlar,Xianyun - Mây Trắng,vi-VN
Xianyun: Nuvens Brancas,Xianyun - Mây Trắng,vi-VN
Xianyun: Nuvole bianche,Xianyun - Mây Trắng,vi-VN
Xianyun: White Clouds,Xianyun - Mây Trắng,vi-VN
Xiao - Mask,Xiao - Mặt Nạ,vi-VN
Xiao - Masque,Xiao - Mặt Nạ,vi-VN
Xiao - Máscara,Xiao - Mặt Nạ,vi-VN
Xiao – Maske,Xiao - Mặt Nạ,vi-VN
Xiao: Maschera,Xiao - Mặt Nạ,vi-VN
Xiao: Mask,Xiao - Mặt Nạ,vi-VN
Xiao: Maske,Xiao - Mặt Nạ,vi-VN
Xilonen - En rythme,Xilonen - Nhịp Điệu,vi-VN
Xilonen - Ritmo,Xilonen - Nhịp Điệu,vi-VN
Xilonen - จังหวะ,Xilonen - Nhịp Điệu,vi-VN
Xilonen – Immer im Rhythmus,Xilonen - Nhịp Điệu,vi-VN
Xilonen: Cue Point,Xilonen - Nhịp Điệu,vi-VN
Xilonen: Ritmo,Xilonen - Nhịp Điệu,vi-VN
Xilonen: Şarkı Geçiş Yeri,Xilonen - Nhịp Điệu,vi-VN
Xingchiu - Arcoíris,Xingqiu - Cầu Vồng,vi-VN
Xingqiu - Arco-Íris,Xingqiu - Cầu Vồng,vi-VN
Xingqiu - Bruine,Xingqiu - Cầu Vồng,vi-VN
Xingqiu - Rainbow,Xingqiu - Cầu Vồng,vi-VN
Xingqiu – Regenbogen,Xingqiu - Cầu Vồng,vi-VN
Xingqiu: Arcobaleno,Xingqiu - Cầu Vồng,vi-VN
Xingqiu: Gökkuşağı,Xingqiu - Cầu Vồng,vi-VN
Xingqiu: Rainbow,Xingqiu - Cầu Vồng,vi-VN
Xinyan - Descanso Musical,Xinyan - Sau khi hát,vi-VN
Xinyan - Descanso musical,Xinyan - Sau khi hát,vi-VN
Xinyan - Final,Xinyan - Sau khi hát,vi-VN
Xinyan - Song's End,Xinyan - Sau khi hát,vi-VN
Xinyan – Ende des Lieds,Xinyan - Sau khi hát,vi-VN
Xinyan: Finale,Xinyan - Sau khi hát,vi-VN
Xinyan: Song's End,Xinyan - Sau khi hát,vi-VN
Xinyan: Şarkının Sonu,Xinyan - Sau khi hát,vi-VN
Yae Miko - Kitsune onírica,Yae Miko - Hồ Ly Mơ Mộng,vi-VN
Yae Miko - Kitsune rêveuse,Yae Miko - Hồ Ly Mơ Mộng,vi-VN
Yae Miko - ความฝันแห่ง Kitsune,Yae Miko - Hồ Ly Mơ Mộng,vi-VN
Yae Miko – Fuchs im Traum,Yae Miko - Hồ Ly Mơ Mộng,vi-VN
Yae Miko: Kitsune Dreaming,Yae Miko - Hồ Ly Mơ Mộng,vi-VN
Yae Miko: Kitsune Onírica,Yae Miko - Hồ Ly Mơ Mộng,vi-VN
Yae Miko: Kitsune Rüyası,Yae Miko - Hồ Ly Mơ Mộng,vi-VN
Yae Miko: Kitsune onirica,Yae Miko - Hồ Ly Mơ Mộng,vi-VN
Yanfei - Imparcialidad,Yanfei - Công Chính,vi-VN
Yanfei - Impartial,Yanfei - Công Chính,vi-VN
Yanfei - Impartialité,Yanfei - Công Chính,vi-VN
Yanfei – Gerechtigkeit,Yanfei - Công Chính,vi-VN
Yanfei: Imparcial,Yanfei - Công Chính,vi-VN
Yanfei: Impartial,Yanfei - Công Chính,vi-VN
Yanfei: Imparzialità,Yanfei - Công Chính,vi-VN
Yanfei: Tarafsız,Yanfei - Công Chính,vi-VN
Yaoyao - Yuegui,Yaoyao - Nguyệt Quế,vi-VN
Yaoyao – Yuegui,Yaoyao - Nguyệt Quế,vi-VN
Yaoyao: Yuegui,Yaoyao - Nguyệt Quế,vi-VN
Yelan - Jet,Yelan - Đổ Xúc Xắc,vi-VN
Yelan - Lanzamiento,Yelan - Đổ Xúc Xắc,vi-VN
Yelan - เทหมดหน้าตัก,Yelan - Đổ Xúc Xắc,vi-VN
Yelan – Würfel,Yelan - Đổ Xúc Xắc,vi-VN
Yelan: Lancio,Yelan - Đổ Xúc Xắc,vi-VN
Yelan: Lançamento,Yelan - Đổ Xúc Xắc,vi-VN
Yelan: Throw,Yelan - Đổ Xúc Xắc,vi-VN
Yelan: Zar,Yelan - Đổ Xúc Xắc,vi-VN
Yoimiya - Pirotecnia dorada,Yoimiya - Hoa Lửa Kim Lưu,vi-VN
Yoimiya - Étincelle dorée,Yoimiya - Hoa Lửa Kim Lưu,vi-VN
Yoimiya - ประกายเพลิงเริงระบำ,Yoimiya - Hoa Lửa Kim Lưu,vi-VN
Yoimiya – Auratus-Funken,Yoimiya - Hoa Lửa Kim Lưu,vi-VN
Yoimiya: Altın Kıvılcım,Yoimiya - Hoa Lửa Kim Lưu,vi-VN
Yoimiya: Auratus Spark,Yoimiya - Hoa Lửa Kim Lưu,vi-VN
Yoimiya: Faísca de Auratus,Yoimiya - Hoa Lửa Kim Lưu,vi-VN
Yoimiya: Scintilla d'Auratus,Yoimiya - Hoa Lửa Kim Lưu,vi-VN
Yumemizuki Mizuki - Devoradora de pesadillas,Yumemizuki Mizuki - Ăn Giấc Mơ,vi-VN
Yumemizuki Mizuki - Mange-cauchemars,Yumemizuki Mizuki - Ăn Giấc Mơ,vi-VN
Yumemizuki Mizuki - เขมือบฝันร้าย,Yumemizuki Mizuki - Ăn Giấc Mơ,vi-VN
Yumemizuki Mizuki – Verschlinger der Albträume,Yumemizuki Mizuki - Ăn Giấc Mơ,vi-VN
Yumemizuki Mizuki: Devoradora de Pesadelos,Yumemizuki Mizuki - Ăn Giấc Mơ,vi-VN
Yumemizuki Mizuki: Divoraincubi,Yumemizuki Mizuki - Ăn Giấc Mơ,vi-VN
Yumemizuki Mizuki: Kabus Yutan,Yumemizuki Mizuki - Ăn Giấc Mơ,vi-VN
Yumemizuki Mizuki: Nightmare Devourer,Yumemizuki Mizuki - Ăn Giấc Mơ,vi-VN
Yun Jin - Rima,Yun Jin - Đối Âm,vi-VN
Yun Jin - Rime,Yun Jin - Đối Âm,vi-VN
Yun Jin - สัมผัส,Yun Jin - Đối Âm,vi-VN
Yun Jin – Reim,Yun Jin - Đối Âm,vi-VN
Yun Jin: Kafiye,Yun Jin - Đối Âm,vi-VN
Yun Jin: Rhyme,Yun Jin - Đối Âm,vi-VN
Yun Jin: Rima,Yun Jin - Đối Âm,vi-VN
Yunjin: Rimas,Yun Jin - Đối Âm,vi-VN
Zhongli - Chute de météore,Zhongli - Thiên Tinh,vi-VN
Zhongli - Chuva Estelar,Zhongli - Thiên Tinh,vi-VN
Zhongli - Lluvia estelar,Zhongli - Thiên Tinh,vi-VN
Zhongli - Planet Befall,Zhongli - Thiên Tinh,vi-VN
Zhongli – Einstürzender Himmel,Zhongli - Thiên Tinh,vi-VN
Zhongli: Düşen Gezegen,Zhongli - Thiên Tinh,vi-VN
Zhongli: Pioggia meteoritica,Zhongli - Thiên Tinh,vi-VN
Zhongli: Planet Befall,Zhongli - Thiên Tinh,vi-VN
Zibai - Vista velada,Zibai - Cảnh Khói,vi-VN
Zibai - Vue voilée,Zibai - Cảnh Khói,vi-VN
Zibai - ม่านมายาทัศนา,Zibai - Cảnh Khói,vi-VN
Zibai – Verhüllter Ausblick,Zibai - Cảnh Khói,vi-VN
Zibai: Sisli Manzara,Zibai - Cảnh Khói,vi-VN
Zibai: Veiled Vista,Zibai - Cảnh Khói,vi-VN
Zibai: Vista Velada,Zibai - Cảnh Khói,vi-VN
Zibai: Vista velata,Zibai - Cảnh Khói,vi-VN
Álbum «The Stellar Moments»,Tuyển Tập - Chòm Sao Lấp Lánh,vi-VN
Álbum: The Stellar Moments,Tuyển Tập - Chòm Sao Lấp Lánh,vi-VN
Émilie - Nota de fondo,Emilie - Làn Hương Cuối,vi-VN
Émilie - Note de fond,Emilie - Làn Hương Cuối,vi-VN
Émilie – Basisnote,Emilie - Làn Hương Cuối,vi-VN
Émilie: Nota di fondo,Emilie - Làn Hương Cuối,vi-VN
Şogun Raiden: Aydınlanma,Raiden Shogun - Thức Tỉnh,vi-VN
Акулка,Mualani - Cá Mập,vi-VN
Амрита,Sumeru - Amrita,vi-VN
Анемония,Nhật Ký Hành Trình Hoa Gió,vi-VN
Ахав,Kinich - Ajaw,vi-VN
Бабах-мяч,Lễ Hội – Bóng Ma Thuật,vi-VN
Баллада скитальца,Kẻ Lang Thang - Phù Ca,vi-VN
Баллетика,Nhật Ký Hành Trình - Kịch Múa,vi-VN
Банкет,Furina - Tiệc Mừng,vi-VN
Барон Зайчик,Amber - Con Thỏ,vi-VN
Безмятежность,Nhật Ký Hành Trình - Nhàn Nhã,vi-VN
Безмятежный покой,Thành Tựu - Bình Yên,vi-VN
Безмятежный пёс,Gorou - Chó Nhàn Nhã,vi-VN
Безупречность,Sumeru - Quang Minh,vi-VN
Белые облака,Xianyun - Mây Trắng,vi-VN
Бесконечность,Thành Tựu - Vạn Chủng,vi-VN
Благозвучие,Lễ Hội - Nhã Tấu,vi-VN
Благозвучие,Nhật Ký Hành Trình - Hòa Tấu,vi-VN
Благородство леопарда,Collei - Quân Tử,vi-VN
Боевой дух,Thành Tựu - Chiến Ý,vi-VN
Божественный генерал,Nhật Ký Hành Trình - Thần Tướng,vi-VN
Большая мечта,Sumeru - Giấc Mộng,vi-VN
Бомбочка,Klee - Thuốc Nổ,vi-VN
Бросок,Yelan - Đổ Xúc Xắc,vi-VN
В объятиях книг,Lễ Hội - Giấc Mơ Đọc Sách,vi-VN
В погоне за ветром,Natlan - Đuổi Theo Gió,vi-VN
Веер,Kamisato Ayaka - Cây Quạt,vi-VN
Великий храм Наруками,Nhật Ký Hành Trình - Đền Narukami,vi-VN
Великое пиршество,Lễ Hội - Tiệc Lớn,vi-VN
Великое пиршество II,Lễ Hội - Tiệc Lớn (II),vi-VN
Великолепие,Thành Tựu - Kỳ Hoa,vi-VN
Великолепный подарок,Nhật Ký Hành Trình - Quà Đẹp,vi-VN
Великолепный расчёт,Lễ Hội - Thần Cơ Diệu Toán,vi-VN
Величие феникса,Ningguang - Cốt cách phượng hoàng,vi-VN
Вестник ночи,Fischl - Quạ Bóng Đêm,vi-VN
Вестник стужи,Qiqi - Đông Lạnh,vi-VN
Ветвистые рога,Lauma - Sừng Hươu,vi-VN
Вечный холод,Thành tựu - Quê hương của tuyết,vi-VN
Взгляд вдаль,Thành Tựu - Nhìn Xa,vi-VN
Вихрь,Kachina - Quay Tròn,vi-VN
Вихрь вальса,Nhật Ký Hành Trình - Vũ Điệu,vi-VN
Владыка ночи,Thành Tựu - Chủ Nhân Màn Đêm,vi-VN
Внимательное ухо,Lễ Hội - Lắng Nghe Giai Điệu,vi-VN
Вожак стаи,Varka - Sói Đầu Đàn,vi-VN
Возвращение,Nhật Ký Hành Trình - Trở Về,vi-VN
Возвращение ветров,Nhật Ký Hành Trình Gió Về,vi-VN
Возвращение огня,Natlan - Lửa Trở Về,vi-VN
Воздушный дух,Sucrose - Sáng Tạo,vi-VN
Возрождённое пламя,Nhật Ký Hành Trình - Lửa Mới,vi-VN
Волшебные сны,Nhật Ký Hành Trình - Kỳ Mộng,vi-VN
Воспоминания,Không Điện - Ký Ức Ngập Tràn,vi-VN
Врата,Thành Tựu - Cánh Cửa,vi-VN
Всевидящий,Thành Tựu - Nhìn Rõ Tất Cả,vi-VN
Гвозди,Thành Tựu - Đập Kim,vi-VN
Герб Камисато,Inazuma - Hoa Văn Kamisato,vi-VN
Герб Кудзё,Inazuma- Hoa Văn Kujou,vi-VN
Герб Сангономии,Inazuma - Hoa Văn Sangonomiya,vi-VN
Герой,Thành tựu - Hành hiệp,vi-VN
Гипостазис,Lễ Hội - Nguyên Bản,vi-VN
Глубины бездны,Thành tựu - Thần Bí,vi-VN
Горный житель,Thành tựu - Sơn dân,vi-VN
Горячий Гоба,Xiangling - Nấu Xong,vi-VN
Гребень,Shenhe - Tiết Lược,vi-VN
Грибная страна,Nhật Ký Hành Trình Rừng Nấm,vi-VN
Громовой стилет,Keqing - Đá Lôi,vi-VN
Грохочущий резонанс,Linnea - Âm Vang Lách Cách,vi-VN
Грёзы,Layla - Giấc Mơ Ban Ngày,vi-VN
Дворцовая лестница,Nicole - Thang Trời,vi-VN
Джинн,Dori - Đèn Thần,vi-VN
Долгая ночь,Snezhnaya - Đêm Dài,vi-VN
Долгая разлука,Thành Tựu - Trùng Phùng,vi-VN
Долгожданная встреча,Thành tựu - Gặp gỡ,vi-VN
Долина Адептов,Thành Tựu - Tiên Cốc,vi-VN
Дом отдыха,Thành tựu – Cư trú,vi-VN
Драгоценный лес,Sumeru - Tiên Cảnh,vi-VN
Драконий взор,Natlan - Ánh Nhìn Của Rồng,vi-VN
Древнее дерево,Chịu Lạnh - Cổ Thụ,vi-VN
Другая реальность,Nhật Ký Hành Trình - Dạo Bước Cõi Trần,vi-VN
Дух волка,Razor - Sói Chạy,vi-VN
Духовные лезвия,Chongyun - Linh nhẫn,vi-VN
Дымка,Zibai - Cảnh Khói,vi-VN
Запечатанный секрет,Faruzan - Bí Mật Của Phong Ấn,vi-VN
Звёздная гладь,Mona - Thiên Tinh,vi-VN
Звёздные реки,Nhật Ký Hành Trình - Dòng Đời,vi-VN
Зеркальные воспоминания,Thành Tựu - Giấc Mơ Phản Chiếu,vi-VN
Идущий по песку,Sumeru - Giẫm Chân Lên Cát,vi-VN
Изысканное лакомство,Lễ Hội - Vị Ngon,vi-VN
Изысканный вкус,Escoffier - Thú Vị,vi-VN
Икки,Lễ Hội - Ikki,vi-VN
Иродори,Nhật Ký Hành Trình - Irodori,vi-VN
Искры золотой рыбки,Yoimiya - Hoa Lửa Kim Lưu,vi-VN
Искупление,Fontaine - Chuộc Tội,vi-VN
Искусный замысел,Nhật Ký Hành Trình - Nghệ Thuật,vi-VN
Испытания,Thành tựu - Khiêu chiến,vi-VN
Испытания II,Thành tựu - Khiêu chiến (II),vi-VN
Испытания III,Thành tựu - Khiêu chiến (III),vi-VN
Исследователь,Thành tựu - Đi khắp nơi,vi-VN
Источник силы,Varesa - Nguồn Gốc Sức Mạnh,vi-VN
Каменный дракон,Thành Tựu - Rồng Đá,vi-VN
Каменный покой,Liyue - Sự cô đơn của đá,vi-VN
Камень света,Lưu Minh - Huy Thạch,vi-VN
Каторга,Rosaria - Khổ Sai,vi-VN
Кент,Ifa - Người Anh Em,vi-VN
Когда-нибудь,Columbina - Khi Nào,vi-VN
Колесо пламени,Natlan - Bánh Xe Lửa,vi-VN
Команда,Ineffa - Chỉ Lệnh,vi-VN
Конец,Thành Tựu - Tận Cùng,vi-VN
Конечная нота,Emilie - Làn Hương Cuối,vi-VN
Корона славы,Nhật Ký Hành Trình - Vương Miện,vi-VN
Коронованная солнцем,Mavuika - Vầng Thái Dương,vi-VN
Кошачья удача,Thành Tựu - Vận May Mèo,vi-VN
Ку-ку!,Lễ Hội - Trốn Tìm,vi-VN
Кубки и развлечения,Tiệc Mừng - Linh Đình,vi-VN
Лазурный берег,Nhật Ký Hành Trình - Biển Xanh,vi-VN
Лебедь,Odette - Thiên Nga Độc Nhất,vi-VN
Ледяная луна,Nhật Ký Hành Trình - Băng Nguyệt,vi-VN
Ленточные облака,Lễ Hội - Mây Trôi,vi-VN
Летний зной,Nhật Ký Hành Trình – Mùa Hè Rực Rỡ,vi-VN
Лицо óни,Itto - Mặt Quỷ,vi-VN
Ловец ветра,Nhật Ký Hành Trình Của Gió,vi-VN
Лунная охота,Nhật Ký Hành Trình - Trục Nguyệt,vi-VN
Лунное сияние,Nod-Krai - Vằng Vặc,vi-VN
Лунный свет,Nod-Krai - Sắc Trăng,vi-VN
Лунный фонарь,Nhật Ký Hành Trình - Minh Tiêu,vi-VN
Любование клёном,Kaedehara Kazuha - Lặng Ngắm Núi Thu,vi-VN
Люсин,Fontaine - Suối Sương,vi-VN
Лёгкая зыбь,Kamisato Ayato - Gợn Sóng,vi-VN
Ман Чай,Gaming - A Văn,vi-VN
Маска,Childe - Quỷ Trang,vi-VN
Маска Якса,Xiao - Mặt Nạ,vi-VN
Мастер лучник,Thành tựu - Cung tên,vi-VN
Мел,Nhật Ký Hành Trình - Vôi Trắng,vi-VN
Мелодия,Barbara - Dòng Chảy,vi-VN
Механикус,Lễ Hội - Cờ,vi-VN
Мечи дождя,Xingqiu - Cầu Vồng,vi-VN
Мечтательная кицунэ,Yae Miko - Hồ Ly Mơ Mộng,vi-VN
Милосердие,Lohen - Nhân Ái,vi-VN
Мимолётные грёзы,Natlan - Giấc Mộng Trống Rỗng,vi-VN
Мимолётные мгновения,Snezhnaya - Bóng Dáng Thoi Đưa,vi-VN
Мистическое скопление,Nhật Ký Hành Trình - Hóa Kỹ,vi-VN
Модель № 2,Chevreuse - Mẫu II,vi-VN
Молитва,Mondstadt - Chúc Phúc,vi-VN
Мореход,Thành Tựu - Du Ngoạn,vi-VN
Морозная печать,Eula - Ấn Băng,vi-VN
Морозные странствия,Nhật Ký Hành Trình - Sương Du,vi-VN
Морская бездна,Sangonomiya Kokomi - Biển Sâu,vi-VN
Мудзи-Мудзи Дарума,Sayu - Muji-Muji Daruma,vi-VN
Музыка свободы,Xinyan - Sau khi hát,vi-VN
Мяу-мяу!,Diona - Meo,vi-VN
Наблюдение,Sumeru - Chiếu Rọi,vi-VN
Наказание,Prune - Trừng Phạt,vi-VN
Наплыв,Neuvillette - Sóng Trào,vi-VN
Настройка инструмента,Fontaine - Chỉnh Âm,vi-VN
Небесная лира,Venti - Bầu Trời Xanh,vi-VN
Необъятность,Lễ Hội - Bao La,vi-VN
Неожиданный поворот,Thành tựu - Cánh quạt,vi-VN
Непреклонная,Iansan - Không Ngừng Nghỉ,vi-VN
Новости,Fontaine - Tin Tức,vi-VN
Новый мир,Nguyên Thần - Ấn Tượng,vi-VN
Ночное укрытие,Ororon - Cảnh Đêm,vi-VN
Ночной фонарь,Nod-Krai - Đèn Đêm Dài,vi-VN
Облегчение,Baizhu - Khư Phong,vi-VN
Обряд Нефритового благословения,Trầm Ngọc - Nghi Thức Mưa Ngọc,vi-VN
Огненная птица,Diluc - Thiêu Đốt,vi-VN
Одинокая тень,Skirk - Bóng Dáng Cô Độc,vi-VN
Одобрение,Bennett - Chấp Nhận,vi-VN
Одуванчики,Jean - Hướng Gió,vi-VN
Ой-утя,Aino - Ai Da,vi-VN
Омовение росами,Tighnari - Mộc Lộ,vi-VN
Орбиты,Thành Tựu - Quỹ Đạo,vi-VN
Осколок Ба,Sethos - Bạt Linh,vi-VN
Отблеск белой звезды,Citlali- Ngôi Sao Trắng,vi-VN
Очищающее пламя,Dehya - Lửa Thiêng,vi-VN
Павлин,Kaeya - Khổng Tước,vi-VN
Падающая звезда,Nhật Ký Hành Trình - Sao Rơi,vi-VN
Падение кометы,Zhongli - Thiên Tinh,vi-VN
Паруса,Liyue - Thiên Phàm,vi-VN
Паслён,Nhật Ký Hành Trình - Lyratum,vi-VN
Первозданные воды,Nhật Ký Hành Trình - Khởi Nguyên,vi-VN
Первозданный огонь,Nhật Ký Hành Trình - Lửa Nguồn,vi-VN
Перо орла,Inazuma - Lông Đại Bàng,vi-VN
Пески времени,Lisa - Đồng Hồ Cát,vi-VN
Песнь битвы,Lễ Hội – Đấu Kịch,vi-VN
Песнь ветра,Mondstadt - Tiếng gió,vi-VN
Песчаная буря,Sumeru - Bão Cát,vi-VN
Пиршество,Lễ Hội - Tiệc Tùng,vi-VN
Пламенный рукав,Thoma - Băng Đỏ,vi-VN
Пламя,Thành Tựu - Rực Cháy,vi-VN
Плетение душ,Nhật Ký Hành Trình - Dệt Linh,vi-VN
Плод мудрости,Lễ Hội - Tuệ Quả,vi-VN
Погасшая звезда,Khởi Hành-Tức Tinh,vi-VN
Пожирательница кошмаров,Yumemizuki Mizuki - Ăn Giấc Mơ,vi-VN
Полнота,Fontaine - Trọn Vẹn,vi-VN
Полный барабан,Chasca - Đầy Đạn,vi-VN
Полумесяц,Nahida - Ngắm Trăng,vi-VN
Постоянство,Thành Tựu - Mãi Tiếp Bước,vi-VN
Посылка нэко,Kirara - Bưu Kiện Mèo,vi-VN
Почётный рыцарь,Mondstadt - Lẫy Lừng,vi-VN
Поэтичные страницы,Thành Tựu - Trang Thơ,vi-VN
Правила,Arlecchino - Sắc Lệnh,vi-VN
Правосудие,Fontaine - Thẩm Phán,vi-VN
Преодоление,Thành Tựu - Trải qua,vi-VN
Призыватель,Thành Tựu - Thất Thánh,vi-VN
Притворство,Lyney - Giả Vờ,vi-VN
Пробуждение,Nhật Ký Hành Trình - Thức Tỉnh,vi-VN
Провидение,Nhật Ký Hành Trình - Thiên Mệnh,vi-VN
Прогресс,Freminet - Tiếp Bước,vi-VN
Прозрение,Alhaitham - Giác Ngộ,vi-VN
Просветление,Raiden Shogun - Thức Tỉnh,vi-VN
Профессионал,Thành Tựu - Đặc Kỹ,vi-VN
Пылающий дракон,Natlan - Rồng Lửa,vi-VN
Пылающий снег,Nhật Ký Hành Trình - Tuyết Nóng,vi-VN
Пышное цветение,Thành Tựu - Trăm Hoa Đua Nở,vi-VN
Развевающиеся рукава,Chiori - Tay Áo Trình Diễn,vi-VN
Разлом,Thành Tựu - Núi Đá,vi-VN
Размышления,Nhật Ký Hành Trình - Suy Tưởng,vi-VN
Раскат грома,Thành Tựu - Sấm Sét,vi-VN
Рассвет,Aloy - Nhật Ký Bình Minh,vi-VN
Резьба по времени,Nhật Ký Hành Trình - Khắc Ghi,vi-VN
Репертуар,Thành Tựu - Tuyển Tập Nhạc,vi-VN
Ритм,Xilonen - Nhịp Điệu,vi-VN
Рифма,Yun Jin - Đối Âm,vi-VN
Рок-королевства,Nhật Ký Hành Trình - Rung Chuyển,vi-VN
Ролевая игра,Clorinde - Nhập Vai,vi-VN
Росула,Navia - Rosula,vi-VN
Руины,Nhật Ký Hành Trình - Phế Tích,vi-VN
Рука помощи,Jahoda - Trợ Thủ,vi-VN
Сабзеруз,Nhật Ký Hành Trình - Sabzeruz,vi-VN
Свет фонаря,Lễ Hội - Ánh Đèn,vi-VN
Сводчатый дворец,Kaveh - Vòm Trời,vi-VN
Священная армия,Natlan - Thần Quân,vi-VN
Священная сакура,Inazuma - Anh Đào Thần,vi-VN
Священное царство,Nod-Krai - Thánh Vực,vi-VN
Священный долг,Dahlia - Thiên Chức,vi-VN
Северный ветер,Nhật Ký Hành Trình - Bắc Phong,vi-VN
Секреты,Nefer - Bí Mật,vi-VN
Секреты,Nhật Ký Hành Trình - Triệu Hồi,vi-VN
Семь лучей,Thành Tựu - Bảy Tia Sáng,vi-VN
Серая цапля,Candace - Vạc Trời,vi-VN
Серебряная ласточка,Lan Yan - Én Bạc,vi-VN
Серьёзность,Lynette - Thành Thật,vi-VN
Сеть,Kuki Shinobu - Lưới,vi-VN
Сидеть,Alyosha - Ngồi Xuống,vi-VN
Симуляция,Nhật Ký Hành Trình - Mô Phỏng,vi-VN
Сияние фонарей,Nhật Ký Hành Trình - Bôn Tiêu,vi-VN
Сияющая чешуя,Lễ Hội - Quang Lân,vi-VN
Сияющее сердце,Durin - Trái Tim Rực Rỡ,vi-VN
Сияющие цвета,Nhật Ký Hành Trình - Chói Lọi,vi-VN
Снежный пик,Thành tựu - Đỉnh tuyết,vi-VN
Снежный путь,Thành Tựu - Dạo Bước Trên Tuyết,vi-VN
Сожжение,Lễ Hội - Nóng Bỏng,vi-VN
Солнечное лето,Nhật Ký Hành Trình - Nắng Hạ,vi-VN
Соловей кошмара,Illuga - Chim Đêm,vi-VN
Спокойствие,Cyno - Yên Lặng,vi-VN
Справедливость,Yanfei - Công Chính,vi-VN
Среди облаков,Liyue - Vân Gián,vi-VN
Сторожевая башня,Mondstadt - Tháp Canh,vi-VN
Странствие,Thành tựu - Dạo Bước,vi-VN
Струящиеся оттенки,Nhật Ký Hành Trình - Sắc Màu,vi-VN
Судьбоносная встреча,Thành tựu - Hữu Duyên,vi-VN
Сумерки перехода,Thành Tựu - Chạng Vạng,vi-VN
Таинственное ядро,Thành Tựu - Lõi Bí Ẩn,vi-VN
Танец лотоса,Nilou - Vũ Điệu Hoa Sen,vi-VN
Терапия,Sigewinne - Liệu Trình,vi-VN
Токоё,Inazuma - Tokoyo,vi-VN
Тунец с рисом,Lễ Hội - Cơm Cá Ngừ,vi-VN
Тэмари,Shikanoin Heizou - Temari,vi-VN
Тэнгу,Kujou Sara - Tengu,vi-VN
Удержание,Wriothesley - Khóa Chặt,vi-VN
Удивительный механизм,Fontaine - Cỗ Máy Kỳ Diệu,vi-VN
Указатель,Mika - Dẫn Lối,vi-VN
Укротитель китов,Thành Tựu - Săn Cá Voi,vi-VN
Упокоение духов,Hu Tao - An Thần,vi-VN
Фонарь Хранителя клятвы,Flins - Đèn Thề,vi-VN
Хрустящие и сладкие,Lễ Hội – Giòn Và Ngọt,vi-VN
Цвета радуги,Thành tựu - Màu sắc cầu vồng,vi-VN
Цветок солнца,Albedo - Hướng Dương,vi-VN
Цветущая слава,Nhật Ký Hành Trình - Vinh Hoa,vi-VN
Цилинь,Ganyu - Lân Tích,vi-VN
Чаепитие,Sandrone - Tiệc Trà,vi-VN
Чайная песня,Thành Tựu - Ấm Trần Ca,vi-VN
Чаща леса,Nhật Ký Hành Trình - Rừng Sâu,vi-VN
Чудесные творения,Nhật Ký Hành Trình - Mô Phỏng,vi-VN
Щит,Noelle - Bảo Vệ,vi-VN
Эксклюзив,Charlotte - Độc Quyền,vi-VN
Эмблема Райдэн,Inazuma - Hoa Văn Lôi Điện,vi-VN
Юэгуй,Yaoyao - Nguyệt Quế,vi-VN
Якорь,Beidou - Nhổ neo,vi-VN
Яркие птицы,Nhật Ký Hành Trình - Sắc Diều,vi-VN
การฉลอง - Hypostasis,Lễ Hội - Nguyên Bản,vi-VN
การฉลอง - Ikki,Lễ Hội - Ikki,vi-VN
การฉลอง - การคำนวณอันเยี่ยมยอด,Lễ Hội - Thần Cơ Diệu Toán,vi-VN
การฉลอง - ข้าวทูน่า,Lễ Hội - Cơm Cá Ngừ,vi-VN
การฉลอง - งานเลี้ยงสุดหรู,Lễ Hội - Tiệc Tùng,vi-VN
การฉลอง - ตระการตา,Lễ Hội - Nhã Tấu,vi-VN
การฉลอง - ทั้งหวานทั้งกรอบ,Lễ Hội – Giòn Và Ngọt,vi-VN
การฉลอง - ท่องโลกกว้าง,Lễ Hội - Bao La,vi-VN
การฉลอง - ผลแห่งสติปัญญา,Lễ Hội - Tuệ Quả,vi-VN
การฉลอง - ลูกบอลวิเศษ,Lễ Hội – Bóng Ma Thuật,vi-VN
การฉลอง - สดับฟัง,Lễ Hội - Lắng Nghe Giai Điệu,vi-VN
การฉลอง - หมากรุก,Lễ Hội - Cờ,vi-VN
การฉลอง - อ่านฝัน,Lễ Hội - Giấc Mơ Đọc Sách,vi-VN
การฉลอง - เกมท้าดวล,Lễ Hội – Đấu Kịch,vi-VN
การฉลอง - เกล็ดที่เป็นประกาย,Lễ Hội - Quang Lân,vi-VN
การฉลอง - เมฆริ้ว,Lễ Hội - Mây Trôi,vi-VN
การฉลอง - เลิศรส,Lễ Hội - Vị Ngon,vi-VN
การฉลอง - เหมียวน้อยที่หลบซ่อน,Lễ Hội - Trốn Tìm,vi-VN
การฉลอง - แก้วอันแสนดื่มด่ำ,Tiệc Mừng - Linh Đình,vi-VN
การฉลอง - แสงโคมไฟ,Lễ Hội - Ánh Đèn,vi-VN
การเฉลิมฉลอง - งานเลี้ยง,Lễ Hội - Tiệc Lớn,vi-VN
การเฉลิมฉลอง - งานเลี้ยง II,Lễ Hội - Tiệc Lớn (II),vi-VN
ความสำเร็จ - Chasm,Thành Tựu - Núi Đá,vi-VN
ความสำเร็จ - การข้ามผ่าน,Thành Tựu - Trải qua,vi-VN
ความสำเร็จ - การเดินทาง,Thành Tựu - Du Ngoạn,vi-VN
ความสำเร็จ - ความฝันในบานกระจก,Thành Tựu - Giấc Mơ Phản Chiếu,vi-VN
ความสำเร็จ - ความสงบ,Thành Tựu - Bình Yên,vi-VN
ความสำเร็จ - จิตวิญญาณแห่งการต่อสู้,Thành Tựu - Chiến Ý,vi-VN
ความสำเร็จ - จุดสิ้นสุด,Thành Tựu - Tận Cùng,vi-VN
ความสำเร็จ - ชะตาแห่งการพานพบ,Thành tựu - Hữu Duyên,vi-VN
ความสำเร็จ - ชาวเขา,Thành tựu - Sơn dân,vi-VN
ความสำเร็จ - ชุดบทเพลง,Thành Tựu - Tuyển Tập Nhạc,vi-VN
ความสำเร็จ - ติดตามตอนต่อไป,Thành tựu - Cánh quạt,vi-VN
ความสำเร็จ - ตีตะปู,Thành Tựu - Đập Kim,vi-VN
ความสำเร็จ - ทักษะยอดเยี่ยม,Thành Tựu - Đặc Kỹ,vi-VN
ความสำเร็จ - ท่องเที่ยวตากอากาศ,Thành tựu – Cư trú,vi-VN
ความสำเร็จ - นักสำรวจ,Thành tựu - Đi khắp nơi,vi-VN
ความสำเร็จ - บทเพลงในกาน้ำชา,Thành Tựu - Ấm Trần Ca,vi-VN
ความสำเร็จ - บุปผาหยก,Thành Tựu - Kỳ Hoa,vi-VN
ความสำเร็จ - ผู้ท้าทาย,Thành tựu - Khiêu chiến,vi-VN
ความสำเร็จ - ผู้ท้าทาย II,Thành tựu - Khiêu chiến (II),vi-VN
ความสำเร็จ - ผู้ท้าทาย III,Thành tựu - Khiêu chiến (III),vi-VN
ความสำเร็จ - ฝ่าหิมะ,Thành Tựu - Dạo Bước Trên Tuyết,vi-VN
ความสำเร็จ - พบกันอีกครั้ง,Thành tựu - Gặp gỡ,vi-VN
ความสำเร็จ - พรากจาก,Thành Tựu - Trùng Phùng,vi-VN
ความสำเร็จ - พลบค่ำฉับพลัน,Thành Tựu - Chạng Vạng,vi-VN
ความสำเร็จ - มวลบุปผา,Thành Tựu - Trăm Hoa Đua Nở,vi-VN
ความสำเร็จ - มองการณ์ไกล,Thành Tựu - Nhìn Xa,vi-VN
ความสำเร็จ - มังกรหิน,Thành Tựu - Rồng Đá,vi-VN
ความสำเร็จ - ยอดนักธนู,Thành tựu - Cung tên,vi-VN
ความสำเร็จ - ยอดเขาหิมะ,Thành tựu - Đỉnh tuyết,vi-VN
ความสำเร็จ - ยั่งยืน,Thành Tựu - Mãi Tiếp Bước,vi-VN
ความสำเร็จ - ล่องโลกา,Thành tựu - Dạo Bước,vi-VN
ความสำเร็จ - ล่าวาฬ,Thành Tựu - Săn Cá Voi,vi-VN
ความสำเร็จ - สรรพสิ่ง,Thành Tựu - Vạn Chủng,vi-VN
ความสำเร็จ - สีรุ้ง,Thành tựu - Màu sắc cầu vồng,vi-VN
ความสำเร็จ - หน้าบทกวี,Thành Tựu - Trang Thơ,vi-VN
ความสำเร็จ - หมู่บ้านหิมะ,Thành tựu - Quê hương của tuyết,vi-VN
ความสำเร็จ - ห้วงลึกอันมืดมิด,Thành tựu - Thần Bí,vi-VN
ความสำเร็จ - อีกฝั่งของประตู,Thành Tựu - Cánh Cửa,vi-VN
ความสำเร็จ - ฮีโร่,Thành tựu - Hành hiệp,vi-VN
ความสำเร็จ - เจ็ดอัจฉริยะ,Thành Tựu - Thất Thánh,vi-VN
ความสำเร็จ - เจ้าแห่งรัตติกาล,Thành Tựu - Chủ Nhân Màn Đêm,vi-VN
ความสำเร็จ - เผาไหม้,Thành Tựu - Rực Cháy,vi-VN
ความสำเร็จ - เสียงอัสนี,Thành Tựu - Sấm Sét,vi-VN
ความสำเร็จ - เส้นทาง,Thành Tựu - Quỹ Đạo,vi-VN
ความสำเร็จ - เห็นทุกสิ่ง,Thành Tựu - Nhìn Rõ Tất Cả,vi-VN
ความสำเร็จ - แกนกลางปริศนา,Thành Tựu - Lõi Bí Ẩn,vi-VN
ความสำเร็จ - แมวนำโชค,Thành Tựu - Vận May Mèo,vi-VN
ความสำเร็จ - แสงทั้งเจ็ด,Thành Tựu - Bảy Tia Sáng,vi-VN
งานฉลอง - แผดเผา,Lễ Hội - Nóng Bỏng,vi-VN
บันทึก - Irodori,Nhật Ký Hành Trình - Irodori,vi-VN
บันทึก - Mingxiao,Nhật Ký Hành Trình - Minh Tiêu,vi-VN
บันทึก - Sabzeruz,Nhật Ký Hành Trình - Sabzeruz,vi-VN
บันทึก - Windblume,Nhật Ký Hành Trình Hoa Gió,vi-VN
บันทึก - กลีบดอกไม้ขาว,Nhật Ký Hành Trình - Lyratum,vi-VN
บันทึก - การฟื้นคืน,Nhật Ký Hành Trình - Thức Tỉnh,vi-VN
บันทึก - การรังสรรค์,Nhật Ký Hành Trình - Nghệ Thuật,vi-VN
บันทึก - การหวนคืน,Nhật Ký Hành Trình - Trở Về,vi-VN
บันทึก - ของขวัญอันงดงาม,Nhật Ký Hành Trình - Quà Đẹp,vi-VN
บันทึก - ความลับ,Nhật Ký Hành Trình - Triệu Hồi,vi-VN
บันทึก - คาดการณ์,Nhật Ký Hành Trình - Suy Tưởng,vi-VN
บันทึก - จันทราน้ำแข็ง,Nhật Ký Hành Trình - Băng Nguyệt,vi-VN
บันทึก - ชอล์กขาว,Nhật Ký Hành Trình - Vôi Trắng,vi-VN
บันทึก - ซากอดีตกาล,Nhật Ký Hành Trình - Phế Tích,vi-VN
บันทึก - ดาราดับแสง,Khởi Hành-Tức Tinh,vi-VN
บันทึก - ดาราที่ร่วงหล่น,Nhật Ký Hành Trình - Sao Rơi,vi-VN
บันทึก - ทอจิตวิญญาณ,Nhật Ký Hành Trình - Dệt Linh,vi-VN
บันทึก - ทะเลคราม,Nhật Ký Hành Trình - Biển Xanh,vi-VN
บันทึก - ทะเลดาว,Nhật Ký Hành Trình - Dòng Đời,vi-VN
บันทึก - ท่องพิภพ,Nhật Ký Hành Trình - Dạo Bước Cõi Trần,vi-VN
บันทึก - ท่องเหมันต์,Nhật Ký Hành Trình - Sương Du,vi-VN
บันทึก - น้ำบรรพกาล,Nhật Ký Hành Trình - Khởi Nguyên,vi-VN
บันทึก - บุปผาเกียรติยศ,Nhật Ký Hành Trình - Vinh Hoa,vi-VN
บันทึก - ประกายรุ้ง,Nhật Ký Hành Trình - Sắc Màu,vi-VN
บันทึก - ป่าลึก,Nhật Ký Hành Trình - Rừng Sâu,vi-VN
บันทึก - พราวคิมหันต์,Nhật Ký Hành Trình - Nắng Hạ,vi-VN
บันทึก - พราวประทีป,Nhật Ký Hành Trình - Bôn Tiêu,vi-VN
บันทึก - มงกุฎเกียรติยศ,Nhật Ký Hành Trình - Vương Miện,vi-VN
บันทึก - ฤดูร้อน,Nhật Ký Hành Trình – Mùa Hè Rực Rỡ,vi-VN
บันทึก - ลมเหนือ,Nhật Ký Hành Trình - Bắc Phong,vi-VN
บันทึก - ลิขิตสวรรค์,Nhật Ký Hành Trình - Thiên Mệnh,vi-VN
บันทึก - วิหคสีสัน,Nhật Ký Hành Trình - Sắc Diều,vi-VN
บันทึก - ศาลเจ้า Grand Narukami,Nhật Ký Hành Trình - Đền Narukami,vi-VN
บันทึก - ศาสตร์หลอมรวม,Nhật Ký Hành Trình - Hóa Kỹ,vi-VN
บันทึก - สลักเวลา,Nhật Ký Hành Trình - Khắc Ghi,vi-VN
บันทึก - สัมผัสคล้อง,Nhật Ký Hành Trình - Hòa Tấu,vi-VN
บันทึก - สั่นสะท้าน,Nhật Ký Hành Trình - Rung Chuyển,vi-VN
บันทึก - สายลมที่หวนคืน,Nhật Ký Hành Trình Gió Về,vi-VN
บันทึก - สิ่งจำลอง,Nhật Ký Hành Trình - Mô Phỏng,vi-VN
บันทึก - หมุนระบำ,Nhật Ký Hành Trình - Vũ Điệu,vi-VN
บันทึก - หิมะโชติช่วง,Nhật Ký Hành Trình - Tuyết Nóng,vi-VN
บันทึก - ห้วงนิทรา,Nhật Ký Hành Trình - Kỳ Mộng,vi-VN
บันทึก - เกมจำลอง,Nhật Ký Hành Trình - Mô Phỏng,vi-VN
บันทึก - เปลวไฟดวงใหม่,Nhật Ký Hành Trình - Lửa Mới,vi-VN
บันทึก - เพลิงปฐมกาล,Nhật Ký Hành Trình - Lửa Nguồn,vi-VN
บันทึก - เริงระบำ,Nhật Ký Hành Trình - Kịch Múa,vi-VN
บันทึก - แดน Fungus,Nhật Ký Hành Trình Rừng Nấm,vi-VN
บันทึก - แม่ทัพแห่งสรวงสวรรค์,Nhật Ký Hành Trình - Thần Tướng,vi-VN
บันทึก - แสงสีสาดส่อง,Nhật Ký Hành Trình - Chói Lọi,vi-VN
บันทึก - แสนสบาย,Nhật Ký Hành Trình - Nhàn Nhã,vi-VN
บันทึก - ไล่ล่าแสงจันทรา,Nhật Ký Hành Trình - Trục Nguyệt,vi-VN
บันทึก-ล่าสายลม,Nhật Ký Hành Trình Của Gió,vi-VN
ผู้พเนจร - บทเพลงลอยล่อง,Kẻ Lang Thang - Phù Ca,vi-VN
วิหารร้าง - เปี่ยมความทรงจำ,Không Điện - Ký Ức Ngập Tràn,vi-VN
สำเร็จ - หุบเขาแห่งเซียน,Thành Tựu - Tiên Cốc,vi-VN
อัลบั้ม - The Stellar Moments,Tuyển Tập - Chòm Sao Lấp Lánh,vi-VN
アイノ・ぐわーっ！,Aino - Ai Da,vi-VN
アチーブメント·にゃん運,Thành Tựu - Vận May Mèo,vi-VN
アチーブメント·七聖,Thành Tựu - Thất Thánh,vi-VN
アチーブメント·七芒,Thành Tựu - Bảy Tia Sáng,vi-VN
アチーブメント·万種,Thành Tựu - Vạn Chủng,vi-VN
アチーブメント·仙谷,Thành Tựu - Tiên Cốc,vi-VN
アチーブメント·侠行,Thành tựu - Hành hiệp,vi-VN
アチーブメント·出会い,Thành tựu - Gặp gỡ,vi-VN
アチーブメント·合扇,Thành tựu - Cánh quạt,vi-VN
アチーブメント·合縁,Thành tựu - Hữu Duyên,vi-VN
アチーブメント·壺歌,Thành Tựu - Ấm Trần Ca,vi-VN
アチーブメント·夜の主,Thành Tựu - Chủ Nhân Màn Đêm,vi-VN
アチーブメント·層岩,Thành Tựu - Núi Đá,vi-VN
アチーブメント·山民,Thành tựu - Sơn dân,vi-VN
アチーブメント·強弓,Thành tựu - Cung tên,vi-VN
アチーブメント·扉,Thành Tựu - Cánh Cửa,vi-VN
アチーブメント·挑戦,Thành tựu - Khiêu chiến,vi-VN
アチーブメント·挑戦·2,Thành tựu - Khiêu chiến (II),vi-VN
アチーブメント·挑戦·3,Thành tựu - Khiêu chiến (III),vi-VN
アチーブメント·掣鯨,Thành Tựu - Săn Cá Voi,vi-VN
アチーブメント·旅居,Thành tựu – Cư trú,vi-VN
アチーブメント·木槿の誰そ彼,Thành Tựu - Chạng Vạng,vi-VN
アチーブメント·果て,Thành Tựu - Tận Cùng,vi-VN
アチーブメント·永続,Thành Tựu - Mãi Tiếp Bước,vi-VN
アチーブメント·深秘,Thành tựu - Thần Bí,vi-VN
アチーブメント·漫遊,Thành Tựu - Du Ngoạn,vi-VN
アチーブメント·漫遊,Thành tựu - Dạo Bước,vi-VN
アチーブメント·特技,Thành Tựu - Đặc Kỹ,vi-VN
アチーブメント·石龍,Thành Tựu - Rồng Đá,vi-VN
アチーブメント·繁花,Thành Tựu - Trăm Hoa Đua Nở,vi-VN
アチーブメント·虹色,Thành tựu - Màu sắc cầu vồng,vi-VN
アチーブメント·詩のページ,Thành Tựu - Trang Thơ,vi-VN
アチーブメント·軌跡,Thành Tựu - Quỹ Đạo,vi-VN
アチーブメント·遍歴,Thành Tựu - Trải qua,vi-VN
アチーブメント·遍遊,Thành tựu - Đi khắp nơi,vi-VN
アチーブメント·針叩き,Thành Tựu - Đập Kim,vi-VN
アチーブメント·鏡の夢,Thành Tựu - Giấc Mơ Phản Chiếu,vi-VN
アチーブメント·雪山,Thành tựu - Đỉnh tuyết,vi-VN
アチーブメント·雪郷,Thành tựu - Quê hương của tuyết,vi-VN
アチーブメント·雷音,Thành Tựu - Sấm Sét,vi-VN
アチーブメント・一望,Thành Tựu - Nhìn Rõ Tất Cả,vi-VN
アチーブメント・久しき別れ,Thành Tựu - Trùng Phùng,vi-VN
アチーブメント・光輝,Thành Tựu - Kỳ Hoa,vi-VN
アチーブメント・戦意,Thành Tựu - Chiến Ý,vi-VN
アチーブメント・楽集,Thành Tựu - Tuyển Tập Nhạc,vi-VN
アチーブメント・灼熱,Thành Tựu - Rực Cháy,vi-VN
アチーブメント・眺望,Thành Tựu - Nhìn Xa,vi-VN
アチーブメント・迷核,Thành Tựu - Lõi Bí Ẩn,vi-VN
アチーブメント・雪行,Thành Tựu - Dạo Bước Trên Tuyết,vi-VN
アチーブメント・静穏,Thành Tựu - Bình Yên,vi-VN
アリョーシャ・お座り,Alyosha - Ngồi Xuống,vi-VN
アルハイゼン·叡誨,Alhaitham - Giác Ngộ,vi-VN
アルバム·輝く星々,Tuyển Tập - Chòm Sao Lấp Lánh,vi-VN
アルベド·陽華,Albedo - Hướng Dương,vi-VN
アルレッキーノ·規則,Arlecchino - Sắc Lệnh,vi-VN
アンバー·ウサギ,Amber - Con Thỏ,vi-VN
アーロイ·ドーン,Aloy - Nhật Ký Bình Minh,vi-VN
イアンサ・根気,Iansan - Không Ngừng Nghỉ,vi-VN
イネファ・指示,Ineffa - Chỉ Lệnh,vi-VN
イファ・きょうだい,Ifa - Người Anh Em,vi-VN
イルーガ・闇の夜鳴鶯,Illuga - Chim Đêm,vi-VN
ウェンティ·青空,Venti - Bầu Trời Xanh,vi-VN
エウルア·氷印,Eula - Ấn Băng,vi-VN
エスコフィエ・余韻,Escoffier - Thú Vị,vi-VN
エミリエ·ラストノート,Emilie - Làn Hương Cuối,vi-VN
オデット・孤高の雪鳥,Odette - Thiên Nga Độc Nhất,vi-VN
オロルン・夜陰,Ororon - Cảnh Đêm,vi-VN
カチーナ·コマちゃん,Kachina - Quay Tròn,vi-VN
カーヴェ·天穹の庭,Kaveh - Vòm Trời,vi-VN
ガイア·孔雀,Kaeya - Khổng Tước,vi-VN
キィニチ·アハウ,Kinich - Ajaw,vi-VN
キャンディス·蒼鷺,Candace - Vạc Trời,vi-VN
クレー·爆弾,Klee - Thuốc Nổ,vi-VN
クロリンデ·ロールプレイ,Clorinde - Nhập Vai,vi-VN
コレイ·春風駘蕩,Collei - Quân Tử,vi-VN
コロンビーナ・幾時,Columbina - Khi Nào,vi-VN
ゴロー·悠犬,Gorou - Chó Nhàn Nhã,vi-VN
サンドローネ・ティータイム,Sandrone - Tiệc Trà,vi-VN
シグウィン·治療法,Sigewinne - Liệu Trình,vi-VN
シトラリ・白星,Citlali- Ngôi Sao Trắng,vi-VN
シャルロット·独占,Charlotte - Độc Quyền,vi-VN
シュヴルーズ·弐型,Chevreuse - Mẫu II,vi-VN
シロネン・律動,Xilonen - Nhịp Điệu,vi-VN
ジン·風向き,Jean - Hướng Gió,vi-VN
スカーク・孤影,Skirk - Bóng Dáng Cô Độc,vi-VN
スクロース·創生,Sucrose - Sáng Tạo,vi-VN
スネージナヤ・長夜,Snezhnaya - Đêm Dài,vi-VN
スネージナヤ・闇を駆ける,Snezhnaya - Bóng Dáng Thoi Đưa,vi-VN
スメール·大夢,Sumeru - Giấc Mộng,vi-VN
スメール·正明,Sumeru - Quang Minh,vi-VN
スメール·照覧,Sumeru - Chiếu Rọi,vi-VN
スメール·瑶林,Sumeru - Tiên Cảnh,vi-VN
スメール·甘露,Sumeru - Amrita,vi-VN
スメール·砂嵐,Sumeru - Bão Cát,vi-VN
スメール·砂踏み,Sumeru - Giẫm Chân Lên Cát,vi-VN
セトス·跋霊,Sethos - Bạt Linh,vi-VN
セノ·噤閉,Cyno - Yên Lặng,vi-VN
ダリア・天職,Dahlia - Thiên Chức,vi-VN
チャスカ・全弾,Chasca - Đầy Đạn,vi-VN
ティナリ·沐露,Tighnari - Mộc Lộ,vi-VN
ディオナ·にゃん,Diona - Meo,vi-VN
ディシア·浄焔,Dehya - Lửa Thiêng,vi-VN
ディルック·燃焼,Diluc - Thiêu Đốt,vi-VN
トーマ·炎袖,Thoma - Băng Đỏ,vi-VN
ドゥリン・輝心,Durin - Trái Tim Rực Rỡ,vi-VN
ドリー·魔法のランプ,Dori - Đèn Thần,vi-VN
ナタ·帰火,Natlan - Lửa Trở Về,vi-VN
ナタ·炎龍,Natlan - Rồng Lửa,vi-VN
ナタ·神の軍,Natlan - Thần Quân,vi-VN
ナタ・灼輪,Natlan - Bánh Xe Lửa,vi-VN
ナタ・空夢,Natlan - Giấc Mộng Trống Rỗng,vi-VN
ナタ・風乗り,Natlan - Đuổi Theo Gió,vi-VN
ナタ・龍の瞳,Natlan - Ánh Nhìn Của Rồng,vi-VN
ナド・クライ・月光,Nod-Krai - Sắc Trăng,vi-VN
ナド・クライ・皓月,Nod-Krai - Vằng Vặc,vi-VN
ナド・クライ・聖域,Nod-Krai - Thánh Vực,vi-VN
ナド・クライ・長灯,Nod-Krai - Đèn Đêm Dài,vi-VN
ナヒーダ·月を仰ぐ,Nahida - Ngắm Trăng,vi-VN
ナヴィア·棘薔薇,Navia - Rosula,vi-VN
ニィロウ·蓮舞,Nilou - Vũ Điệu Hoa Sen,vi-VN
ニコ・天の階段,Nicole - Thang Trời,vi-VN
ヌヴィレット·浸透,Neuvillette - Sóng Trào,vi-VN
ネフェル・秘話,Nefer - Bí Mật,vi-VN
ノエル·守護,Noelle - Bảo Vệ,vi-VN
バーバラ·流れ,Barbara - Dòng Chảy,vi-VN
ファルカ・群狼の長,Varka - Sói Đầu Đàn,vi-VN
ファルザン·封じられた秘密,Faruzan - Bí Mật Của Phong Ấn,vi-VN
フィッシュル·夜鴉,Fischl - Quạ Bóng Đêm,vi-VN
フォンテーヌ·ニュース,Fontaine - Tin Tức,vi-VN
フォンテーヌ·ルキナ,Fontaine - Suối Sương,vi-VN
フォンテーヌ·奇械,Fontaine - Cỗ Máy Kỳ Diệu,vi-VN
フォンテーヌ·審判,Fontaine - Thẩm Phán,vi-VN
フォンテーヌ·罰と贖い,Fontaine - Chuộc Tội,vi-VN
フォンテーヌ·調和,Fontaine - Trọn Vẹn,vi-VN
フォンテーヌ·調律,Fontaine - Chỉnh Âm,vi-VN
フリンズ・誓灯,Flins - Đèn Thề,vi-VN
フリーナ·歓宴,Furina - Tiệc Mừng,vi-VN
フレミネ·行進,Freminet - Tiếp Bước,vi-VN
プルーネ・制裁,Prune - Trừng Phạt,vi-VN
ベネット·認可,Bennett - Chấp Nhận,vi-VN
マーヴィカ・光冠,Mavuika - Vầng Thái Dương,vi-VN
ミカ·インデックス,Mika - Dẫn Lối,vi-VN
ムアラニ·サメくん,Mualani - Cá Mập,vi-VN
モナ·天星,Mona - Thiên Tinh,vi-VN
モンド·祝福,Mondstadt - Chúc Phúc,vi-VN
モンド·英名,Mondstadt - Lẫy Lừng,vi-VN
モンド·風吟,Mondstadt - Tiếng gió,vi-VN
モンド・望楼,Mondstadt - Tháp Canh,vi-VN
ヤフォダ・手助け,Jahoda - Trợ Thủ,vi-VN
ヨォーヨ·月桂,Yaoyao - Nguyệt Quế,vi-VN
ラウマ・枝角,Lauma - Sừng Hươu,vi-VN
リオセスリ·封鎖,Wriothesley - Khóa Chặt,vi-VN
リサ·砂時計,Lisa - Đồng Hồ Cát,vi-VN
リネ·幻像,Lyney - Giả Vờ,vi-VN
リネット·実現,Lynette - Thành Thật,vi-VN
リンネア・砂の音,Linnea - Âm Vang Lách Cách,vi-VN
レイラ·白昼夢,Layla - Giấc Mơ Ban Ngày,vi-VN
レザー·奔狼,Razor - Sói Chạy,vi-VN
ロサリア·苦役,Rosaria - Khổ Sai,vi-VN
ローエン・仁愛,Lohen - Nhân Ái,vi-VN
ヴァレサ・力の源,Varesa - Nguồn Gốc Sức Mạnh,vi-VN
一斗·鬼顏,Itto - Mặt Quỷ,vi-VN
一斗·鬼顔,Itto - Mặt Quỷ,vi-VN
一斗·鬼颜,Itto - Mặt Quỷ,vi-VN
七七·冷蔵,Qiqi - Đông Lạnh,vi-VN
七七·冷藏,Qiqi - Đông Lạnh,vi-VN
专辑·闪耀的群星,Tuyển Tập - Chòm Sao Lấp Lánh,vi-VN
丝柯克·孤影,Skirk - Bóng Dáng Cô Độc,vi-VN
丽莎·沙漏,Lisa - Đồng Hồ Cát,vi-VN
久岐忍·絡,Kuki Shinobu - Lưới,vi-VN
久岐忍·络,Kuki Shinobu - Lưới,vi-VN
九条裟罗·天狗,Kujou Sara - Tengu,vi-VN
九条裟羅·天狗,Kujou Sara - Tengu,vi-VN
九條裟羅·天狗,Kujou Sara - Tengu,vi-VN
云堇·对韵,Yun Jin - Đối Âm,vi-VN
五郎·悠犬,Gorou - Chó Nhàn Nhã,vi-VN
亞蘿伊·黎明記,Aloy - Nhật Ký Bình Minh,vi-VN
伊安珊·不懈,Iansan - Không Ngừng Nghỉ,vi-VN
伊法·哥们,Ifa - Người Anh Em,vi-VN
伊法·哥們,Ifa - Người Anh Em,vi-VN
伊涅芙·指令,Ineffa - Chỉ Lệnh,vi-VN
优菈·冰印,Eula - Ấn Băng,vi-VN
優菈·冰印,Eula - Ấn Băng,vi-VN
克洛琳德·取人,Clorinde - Nhập Vai,vi-VN
八重神子·夢狐,Yae Miko - Hồ Ly Mơ Mộng,vi-VN
八重神子·梦狐,Yae Miko - Hồ Ly Mơ Mộng,vi-VN
公子·魔装,Childe - Quỷ Trang,vi-VN
公子·魔裝,Childe - Quỷ Trang,vi-VN
兹白·烟景,Zibai - Cảnh Khói,vi-VN
兹白・煙景,Zibai - Cảnh Khói,vi-VN
冬忍び·古樹,Chịu Lạnh - Cổ Thụ,vi-VN
凝光·凤仪,Ningguang - Cốt cách phượng hoàng,vi-VN
凝光·鳳儀,Ningguang - Cốt cách phượng hoàng,vi-VN
凯亚·孔雀,Kaeya - Khổng Tước,vi-VN
凱亞·孔雀,Kaeya - Khổng Tước,vi-VN
刻晴·雷楔,Keqing - Đá Lôi,vi-VN
北斗·拔錨,Beidou - Nhổ neo,vi-VN
北斗·拔锚,Beidou - Nhổ neo,vi-VN
千織·展袂,Chiori - Tay Áo Trình Diễn,vi-VN
千織·展袖,Chiori - Tay Áo Trình Diễn,vi-VN
千织·展袖,Chiori - Tay Áo Trình Diễn,vi-VN
卡維·穹庭,Kaveh - Vòm Trời,vi-VN
卡维·穹庭,Kaveh - Vòm Trời,vi-VN
卡齊娜·轉轉,Kachina - Quay Tròn,vi-VN
卡齐娜·转转,Kachina - Quay Tròn,vi-VN
原神·印象,Nguyên Thần - Ấn Tượng,vi-VN
可莉·爆弹,Klee - Thuốc Nổ,vi-VN
可莉·爆彈,Klee - Thuốc Nổ,vi-VN
叶洛亚·魇莺,Illuga - Chim Đêm,vi-VN
哥伦比娅·几时,Columbina - Khi Nào,vi-VN
哥倫比婭·幾時,Columbina - Khi Nào,vi-VN
嘉明·ウェンツァイ,Gaming - A Văn,vi-VN
嘉明·文仔,Gaming - A Văn,vi-VN
坎蒂丝·苍鹭,Candace - Vạc Trời,vi-VN
坎蒂絲·蒼鷺,Candace - Vạc Trời,vi-VN
埃洛伊·曙光记,Aloy - Nhật Ký Bình Minh,vi-VN
基尼奇·阿乔,Kinich - Ajaw,vi-VN
基尼奇·阿喬,Kinich - Ajaw,vi-VN
塔利雅·天职,Dahlia - Thiên Chức,vi-VN
塔利雅·天職,Dahlia - Thiên Chức,vi-VN
夏沃蕾·貳型,Chevreuse - Mẫu II,vi-VN
夏沃蕾·贰型,Chevreuse - Mẫu II,vi-VN
夏洛蒂·独家,Charlotte - Độc Quyền,vi-VN
夏洛蒂·獨家,Charlotte - Độc Quyền,vi-VN
多莉·魔灯,Dori - Đèn Thần,vi-VN
多莉·魔燈,Dori - Đèn Thần,vi-VN
夜兰·一掷,Yelan - Đổ Xúc Xắc,vi-VN
夜蘭·一擲,Yelan - Đổ Xúc Xắc,vi-VN
夢見月瑞希·噩喰,Yumemizuki Mizuki - Ăn Giấc Mơ,vi-VN
夢見月瑞希・悪夢喰,Yumemizuki Mizuki - Ăn Giấc Mơ,vi-VN
奈芙尔·秘闻,Nefer - Bí Mật,vi-VN
奈芙爾·秘聞,Nefer - Bí Mật,vi-VN
奥黛塔·鹄鸾,Odette - Thiên Nga Độc Nhất,vi-VN
奧黛塔·鵠鸞,Odette - Thiên Nga Độc Nhất,vi-VN
妮露·莲舞,Nilou - Vũ Điệu Hoa Sen,vi-VN
妮露·蓮舞,Nilou - Vũ Điệu Hoa Sen,vi-VN
娜維婭·刺玫,Navia - Rosula,vi-VN
娜维娅·刺玫,Navia - Rosula,vi-VN
安柏·兔兔,Amber - Con Thỏ,vi-VN
宵宫·琉金火花,Yoimiya - Hoa Lửa Kim Lưu,vi-VN
宵宮·琉金の花火,Yoimiya - Hoa Lửa Kim Lưu,vi-VN
宵宮·琉金火花,Yoimiya - Hoa Lửa Kim Lưu,vi-VN
專輯·閃耀的群星,Tuyển Tập - Chòm Sao Lấp Lánh,vi-VN
尼可·天阶,Nicole - Thang Trời,vi-VN
尼可·天階,Nicole - Thang Trời,vi-VN
布伦妮·制裁,Prune - Trừng Phạt,vi-VN
布倫妮·制裁,Prune - Trừng Phạt,vi-VN
希格雯·疗法,Sigewinne - Liệu Trình,vi-VN
希格雯·療法,Sigewinne - Liệu Trình,vi-VN
希諾寧·律動,Xilonen - Nhịp Điệu,vi-VN
希诺宁·律动,Xilonen - Nhịp Điệu,vi-VN
庆典·一揆,Lễ Hội - Ikki,vi-VN
庆典·倾耳,Lễ Hội - Lắng Nghe Giai Điệu,vi-VN
庆典·光鳞,Lễ Hội - Quang Lân,vi-VN
庆典·奏雅,Lễ Hội - Nhã Tấu,vi-VN
庆典·妙算,Lễ Hội - Thần Cơ Diệu Toán,vi-VN
庆典·宴飨,Lễ Hội - Tiệc Tùng,vi-VN
庆典·岫云,Lễ Hội - Mây Trôi,vi-VN
庆典·慧果,Lễ Hội - Tuệ Quả,vi-VN
庆典·斗剧,Lễ Hội – Đấu Kịch,vi-VN
庆典·无相,Lễ Hội - Nguyên Bản,vi-VN
庆典·梦读,Lễ Hội - Giấc Mơ Đọc Sách,vi-VN
庆典·棋谭,Lễ Hội - Cờ,vi-VN
庆典·浩瀚,Lễ Hội - Bao La,vi-VN
庆典·灯昼,Lễ Hội - Ánh Đèn,vi-VN
庆典·炙热,Lễ Hội - Nóng Bỏng,vi-VN
庆典·甘脆,Lễ Hội – Giòn Và Ngọt,vi-VN
庆典·盛宴,Lễ Hội - Tiệc Lớn,vi-VN
庆典·盛宴·其二,Lễ Hội - Tiệc Lớn (II),vi-VN
庆典·至味,Lễ Hội - Vị Ngon,vi-VN
庆典·觥筹,Tiệc Mừng - Linh Đình,vi-VN
庆典·躲猫,Lễ Hội - Trốn Tìm,vi-VN
庆典·魔球,Lễ Hội – Bóng Ma Thuật,vi-VN
庆典·鲔米,Lễ Hội - Cơm Cá Ngừ,vi-VN
忍冬·古树,Chịu Lạnh - Cổ Thụ,vi-VN
忍冬·古樹,Chịu Lạnh - Cổ Thụ,vi-VN
恰斯卡·全弹,Chasca - Đầy Đạn,vi-VN
恰斯卡·全彈,Chasca - Đầy Đạn,vi-VN
愛可菲·韻味,Escoffier - Thú Vị,vi-VN
愛諾·哎鴨,Aino - Ai Da,vi-VN
慶典·一揆,Lễ Hội - Ikki,vi-VN
慶典·傾耳,Lễ Hội - Lắng Nghe Giai Điệu,vi-VN
慶典·光鱗,Lễ Hội - Quang Lân,vi-VN
慶典·夢讀,Lễ Hội - Giấc Mơ Đọc Sách,vi-VN
慶典·奏雅,Lễ Hội - Nhã Tấu,vi-VN
慶典·妙算,Lễ Hội - Thần Cơ Diệu Toán,vi-VN
慶典·宴饗,Lễ Hội - Tiệc Tùng,vi-VN
慶典·岫雲,Lễ Hội - Mây Trôi,vi-VN
慶典·慧果,Lễ Hội - Tuệ Quả,vi-VN
慶典·棋譚,Lễ Hội - Cờ,vi-VN
慶典·浩瀚,Lễ Hội - Bao La,vi-VN
慶典·炙熱,Lễ Hội - Nóng Bỏng,vi-VN
慶典·無相,Lễ Hội - Nguyên Bản,vi-VN
慶典·燈晝,Lễ Hội - Ánh Đèn,vi-VN
慶典·甘脆,Lễ Hội – Giòn Và Ngọt,vi-VN
慶典·盛宴,Lễ Hội - Tiệc Lớn,vi-VN
慶典·盛宴·其二,Lễ Hội - Tiệc Lớn (II),vi-VN
慶典·至味,Lễ Hội - Vị Ngon,vi-VN
慶典·觥籌,Tiệc Mừng - Linh Đình,vi-VN
慶典·躲貓,Lễ Hội - Trốn Tìm,vi-VN
慶典·鬥劇,Lễ Hội – Đấu Kịch,vi-VN
慶典·魔球,Lễ Hội – Bóng Ma Thuật,vi-VN
慶典·鮪米,Lễ Hội - Cơm Cá Ngừ,vi-VN
成就·七圣,Thành Tựu - Thất Thánh,vi-VN
成就·七聖,Thành Tựu - Thất Thánh,vi-VN
成就·七芒,Thành Tựu - Bảy Tia Sáng,vi-VN
成就·万种,Thành Tựu - Vạn Chủng,vi-VN
成就·久別,Thành Tựu - Trùng Phùng,vi-VN
成就·久别,Thành Tựu - Trùng Phùng,vi-VN
成就·乐集,Thành Tựu - Tuyển Tập Nhạc,vi-VN
成就·仙谷,Thành Tựu - Tiên Cốc,vi-VN
成就·侠行,Thành tựu - Hành hiệp,vi-VN
成就·俠行,Thành tựu - Hành hiệp,vi-VN
成就·合扇,Thành tựu - Cánh quạt,vi-VN
成就·喵运,Thành Tựu - Vận May Mèo,vi-VN
成就·喵運,Thành Tựu - Vận May Mèo,vi-VN
成就·壶歌,Thành Tựu - Ấm Trần Ca,vi-VN
成就·壺歌,Thành Tựu - Ấm Trần Ca,vi-VN
成就·夜主,Thành Tựu - Chủ Nhân Màn Đêm,vi-VN
成就·寂宁,Thành Tựu - Bình Yên,vi-VN
成就·寂寧,Thành Tựu - Bình Yên,vi-VN
成就·尽头,Thành Tựu - Tận Cùng,vi-VN
成就·层岩,Thành Tựu - Núi Đá,vi-VN
成就·層岩,Thành Tựu - Núi Đá,vi-VN
成就·山民,Thành tựu - Sơn dân,vi-VN
成就·強弓,Thành tựu - Cung tên,vi-VN
成就·强弓,Thành tựu - Cung tên,vi-VN
成就·战意,Thành Tựu - Chiến Ý,vi-VN
成就·戰意,Thành Tựu - Chiến Ý,vi-VN
成就·挑战,Thành tựu - Khiêu chiến,vi-VN
成就·挑战·其三,Thành tựu - Khiêu chiến (III),vi-VN
成就·挑战·其二,Thành tựu - Khiêu chiến (II),vi-VN
成就·挑戰,Thành tựu - Khiêu chiến,vi-VN
成就·挑戰·其三,Thành tựu - Khiêu chiến (III),vi-VN
成就·挑戰·其二,Thành tựu - Khiêu chiến (II),vi-VN
成就·掣鯨,Thành Tựu - Săn Cá Voi,vi-VN
成就·掣鲸,Thành Tựu - Săn Cá Voi,vi-VN
成就·敲針,Thành Tựu - Đập Kim,vi-VN
成就·敲针,Thành Tựu - Đập Kim,vi-VN
成就·旅居,Thành tựu – Cư trú,vi-VN
成就·槿暮,Thành Tựu - Chạng Vạng,vi-VN
成就·樂集,Thành Tựu - Tuyển Tập Nhạc,vi-VN
成就·殊技,Thành Tựu - Đặc Kỹ,vi-VN
成就·永續,Thành Tựu - Mãi Tiếp Bước,vi-VN
成就·永续,Thành Tựu - Mãi Tiếp Bước,vi-VN
成就·涉雪,Thành Tựu - Dạo Bước Trên Tuyết,vi-VN
成就·深秘,Thành tựu - Thần Bí,vi-VN
成就·游涉,Thành Tựu - Du Ngoạn,vi-VN
成就·游遍,Thành tựu - Đi khắp nơi,vi-VN
成就·漫行,Thành tựu - Dạo Bước,vi-VN
成就·灼燃,Thành Tựu - Rực Cháy,vi-VN
成就·琪华,Thành Tựu - Kỳ Hoa,vi-VN
成就·琪華,Thành Tựu - Kỳ Hoa,vi-VN
成就·盡頭,Thành Tựu - Tận Cùng,vi-VN
成就·相逢,Thành tựu - Gặp gỡ,vi-VN
成就·眺远,Thành Tựu - Nhìn Xa,vi-VN
成就·眺遠,Thành Tựu - Nhìn Xa,vi-VN
成就·石龍,Thành Tựu - Rồng Đá,vi-VN
成就·石龙,Thành Tựu - Rồng Đá,vi-VN
成就·繁花,Thành Tựu - Trăm Hoa Đua Nở,vi-VN
成就·萬種,Thành Tựu - Vạn Chủng,vi-VN
成就·虹色,Thành tựu - Màu sắc cầu vồng,vi-VN
成就·覽盡,Thành Tựu - Nhìn Rõ Tất Cả,vi-VN
成就·览尽,Thành Tựu - Nhìn Rõ Tất Cả,vi-VN
成就·詩頁,Thành Tựu - Trang Thơ,vi-VN
成就·诗页,Thành Tựu - Trang Thơ,vi-VN
成就·軌跡,Thành Tựu - Quỹ Đạo,vi-VN
成就·轨迹,Thành Tựu - Quỹ Đạo,vi-VN
成就·迷核,Thành Tựu - Lõi Bí Ẩn,vi-VN
成就·逢緣,Thành tựu - Hữu Duyên,vi-VN
成就·逢缘,Thành tựu - Hữu Duyên,vi-VN
成就·遊遍,Thành tựu - Đi khắp nơi,vi-VN
成就·遍历,Thành Tựu - Trải qua,vi-VN
成就·遍歷,Thành Tựu - Trải qua,vi-VN
成就·鏡夢,Thành Tựu - Giấc Mơ Phản Chiếu,vi-VN
成就·镜梦,Thành Tựu - Giấc Mơ Phản Chiếu,vi-VN
成就·門扉,Thành Tựu - Cánh Cửa,vi-VN
成就·闔扇,Thành tựu - Cánh quạt,vi-VN
成就·门扉,Thành Tựu - Cánh Cửa,vi-VN
成就·雪乡,Thành tựu - Quê hương của tuyết,vi-VN
成就·雪峰,Thành tựu - Đỉnh tuyết,vi-VN
成就·雪鄉,Thành tựu - Quê hương của tuyết,vi-VN
成就·雷音,Thành Tựu - Sấm Sét,vi-VN
托馬·炎袖,Thoma - Băng Đỏ,vi-VN
托马·炎袖,Thoma - Băng Đỏ,vi-VN
挪德卡莱·圣域,Nod-Krai - Thánh Vực,vi-VN
挪德卡莱·月色,Nod-Krai - Sắc Trăng,vi-VN
挪德卡莱·皎皎,Nod-Krai - Vằng Vặc,vi-VN
挪德卡莱·长灯,Nod-Krai - Đèn Đêm Dài,vi-VN
挪德卡萊·月色,Nod-Krai - Sắc Trăng,vi-VN
挪德卡萊·皎皎,Nod-Krai - Vằng Vặc,vi-VN
挪德卡萊·聖域,Nod-Krai - Thánh Vực,vi-VN
挪德卡萊·長燈,Nod-Krai - Đèn Đêm Dài,vi-VN
提納里·沐露,Tighnari - Mộc Lộ,vi-VN
提纳里·沐露,Tighnari - Mộc Lộ,vi-VN
放浪者·憂き世の歌,Kẻ Lang Thang - Phù Ca,vi-VN
早柚·むじむじだるま,Sayu - Muji-Muji Daruma,vi-VN
早柚·不倒貉貉,Sayu - Muji-Muji Daruma,vi-VN
杜林·曜心,Durin - Trái Tim Rực Rỡ,vi-VN
林尼·弄假,Lyney - Giả Vờ,vi-VN
枫丹·奇械,Fontaine - Cỗ Máy Kỳ Diệu,vi-VN
枫丹·审判,Fontaine - Thẩm Phán,vi-VN
枫丹·新闻,Fontaine - Tin Tức,vi-VN
枫丹·浑然,Fontaine - Trọn Vẹn,vi-VN
枫丹·罚赎,Fontaine - Chuộc Tội,vi-VN
枫丹·调律,Fontaine - Chỉnh Âm,vi-VN
枫丹·露泉,Fontaine - Suối Sương,vi-VN
枫原万叶·秋山椛狩,Kaedehara Kazuha - Lặng Ngắm Núi Thu,vi-VN
柯莱·豹蔚,Collei - Quân Tử,vi-VN
柯萊·豹蔚,Collei - Quân Tử,vi-VN
桑多涅·茶歇,Sandrone - Tiệc Trà,vi-VN
梦见月瑞希·噩喰,Yumemizuki Mizuki - Ăn Giấc Mơ,vi-VN
楓丹·奇械,Fontaine - Cỗ Máy Kỳ Diệu,vi-VN
楓丹·審判,Fontaine - Thẩm Phán,vi-VN
楓丹·新聞,Fontaine - Tin Tức,vi-VN
楓丹·渾然,Fontaine - Trọn Vẹn,vi-VN
楓丹·罰贖,Fontaine - Chuộc Tội,vi-VN
楓丹·調律,Fontaine - Chỉnh Âm,vi-VN
楓丹·露泉,Fontaine - Suối Sương,vi-VN
楓原万葉·秋の紅葉狩り,Kaedehara Kazuha - Lặng Ngắm Núi Thu,vi-VN
楓原萬葉·秋山椛狩,Kaedehara Kazuha - Lặng Ngắm Núi Thu,vi-VN
欧洛伦·夜翳,Ororon - Cảnh Đêm,vi-VN
歐洛倫·夜翳,Ororon - Cảnh Đêm,vi-VN
沈玉·投瓏,Trầm Ngọc - Nghi Thức Mưa Ngọc,vi-VN
沉玉·投珑,Trầm Ngọc - Nghi Thức Mưa Ngọc,vi-VN
沉玉·投瓏,Trầm Ngọc - Nghi Thức Mưa Ngọc,vi-VN
法尔伽·头狼,Varka - Sói Đầu Đàn,vi-VN
法爾伽·頭狼,Varka - Sói Đầu Đàn,vi-VN
洛恩·仁蔼,Lohen - Nhân Ái,vi-VN
洛恩·仁藹,Lohen - Nhân Ái,vi-VN
流明·輝石,Lưu Minh - Huy Thạch,vi-VN
流明·辉石,Lưu Minh - Huy Thạch,vi-VN
流浪者·浮歌,Kẻ Lang Thang - Phù Ca,vi-VN
温迪·天青,Venti - Bầu Trời Xanh,vi-VN
溫迪·天青,Venti - Bầu Trời Xanh,vi-VN
烟绯·公正,Yanfei - Công Chính,vi-VN
煙緋·公正,Yanfei - Công Chính,vi-VN
爱可菲·韵味,Escoffier - Thú Vị,vi-VN
爱诺·哎鸭,Aino - Ai Da,vi-VN
玛拉妮·鲨鲨,Mualani - Cá Mập,vi-VN
玛薇卡·日冕,Mavuika - Vầng Thái Dương,vi-VN
珊瑚宫心海·渊,Sangonomiya Kokomi - Biển Sâu,vi-VN
珊瑚宮心海·淵,Sangonomiya Kokomi - Biển Sâu,vi-VN
珐露珊·封秘,Faruzan - Bí Mật Của Phong Ấn,vi-VN
班尼特·認可,Bennett - Chấp Nhận,vi-VN
班尼特·认可,Bennett - Chấp Nhận,vi-VN
琳妮特·成真,Lynette - Thành Thật,vi-VN
琴·風向,Jean - Hướng Gió,vi-VN
琴·风向,Jean - Hướng Gió,vi-VN
琺露珊·封秘,Faruzan - Bí Mật Của Phong Ấn,vi-VN
瑤瑤·月桂,Yaoyao - Nguyệt Quế,vi-VN
瑪拉妮·鯊鯊,Mualani - Cá Mập,vi-VN
瑪薇卡·日冕,Mavuika - Vầng Thái Dương,vi-VN
瑶瑶·月桂,Yaoyao - Nguyệt Quế,vi-VN
璃月·云间,Liyue - Vân Gián,vi-VN
璃月·千帆,Liyue - Thiên Phàm,vi-VN
璃月·岩寂,Liyue - Sự cô đơn của đá,vi-VN
璃月·雲間,Liyue - Vân Gián,vi-VN
瓦雷莎·力源,Varesa - Nguồn Gốc Sức Mạnh,vi-VN
甘雨·麒麟の跡,Ganyu - Lân Tích,vi-VN
甘雨·麟跡,Ganyu - Lân Tích,vi-VN
甘雨·麟迹,Ganyu - Lân Tích,vi-VN
申鶴·櫛掠,Shenhe - Tiết Lược,vi-VN
申鹤·栉掠,Shenhe - Tiết Lược,vi-VN
白朮·去風,Baizhu - Khư Phong,vi-VN
白朮·祛風,Baizhu - Khư Phong,vi-VN
白术·祛风,Baizhu - Khư Phong,vi-VN
砂糖·创生,Sucrose - Sáng Tạo,vi-VN
砂糖·創生,Sucrose - Sáng Tạo,vi-VN
神里綾人·漣漪,Kamisato Ayato - Gợn Sóng,vi-VN
神里綾人·細波,Kamisato Ayato - Gợn Sóng,vi-VN
神里綾華·扇子,Kamisato Ayaka - Cây Quạt,vi-VN
神里绫人·涟漪,Kamisato Ayato - Gợn Sóng,vi-VN
神里绫华·扇子,Kamisato Ayaka - Cây Quạt,vi-VN
祭典·あまあまサクサク,Lễ Hội – Giòn Và Ngọt,vi-VN
祭典·かくれんぼ,Lễ Hội - Trốn Tìm,vi-VN
祭典·一揆,Lễ Hội - Ikki,vi-VN
祭典·傾聴,Lễ Hội - Lắng Nghe Giai Điệu,vi-VN
祭典·光鱗,Lễ Hội - Quang Lân,vi-VN
祭典·奏雅,Lễ Hội - Nhã Tấu,vi-VN
祭典·妙算,Lễ Hội - Thần Cơ Diệu Toán,vi-VN
祭典·宴会,Lễ Hội - Tiệc Lớn,vi-VN
祭典·宴会·2,Lễ Hội - Tiệc Lớn (II),vi-VN
祭典·岫雲,Lễ Hội - Mây Trôi,vi-VN
祭典·棋譚,Lễ Hội - Cờ,vi-VN
祭典·浩瀚,Lễ Hội - Bao La,vi-VN
祭典·灯昼,Lễ Hội - Ánh Đèn,vi-VN
祭典·無相,Lễ Hội - Nguyên Bản,vi-VN
祭典·知恵の実,Lễ Hội - Tuệ Quả,vi-VN
祭典·祝杯,Tiệc Mừng - Linh Đình,vi-VN
祭典·闘劇,Lễ Hội – Đấu Kịch,vi-VN
祭典·魔球,Lễ Hội – Bóng Ma Thuật,vi-VN
祭典・マグロとシャリ,Lễ Hội - Cơm Cá Ngừ,vi-VN
祭典・夢習い,Lễ Hội - Giấc Mơ Đọc Sách,vi-VN
祭典・灼熱,Lễ Hội - Nóng Bỏng,vi-VN
祭典・至高の味,Lễ Hội - Vị Ngon,vi-VN
祭典・饗宴,Lễ Hội - Tiệc Tùng,vi-VN
稲妻·九条の紋,Inazuma- Hoa Văn Kujou,vi-VN
稲妻·常世,Inazuma - Tokoyo,vi-VN
稲妻·珊瑚宮の紋,Inazuma - Hoa Văn Sangonomiya,vi-VN
稲妻·神櫻,Inazuma - Anh Đào Thần,vi-VN
稲妻·神里の紋,Inazuma - Hoa Văn Kamisato,vi-VN
稲妻·雷電の紋,Inazuma - Hoa Văn Lôi Điện,vi-VN
稲妻·鷲羽,Inazuma - Lông Đại Bàng,vi-VN
稻妻·九条之纹,Inazuma- Hoa Văn Kujou,vi-VN
稻妻·九條之紋,Inazuma- Hoa Văn Kujou,vi-VN
稻妻·常世,Inazuma - Tokoyo,vi-VN
稻妻·珊瑚宫之纹,Inazuma - Hoa Văn Sangonomiya,vi-VN
稻妻·珊瑚宮之紋,Inazuma - Hoa Văn Sangonomiya,vi-VN
稻妻·神樱,Inazuma - Anh Đào Thần,vi-VN
稻妻·神櫻,Inazuma - Anh Đào Thần,vi-VN
稻妻·神里之紋,Inazuma - Hoa Văn Kamisato,vi-VN
稻妻·神里之纹,Inazuma - Hoa Văn Kamisato,vi-VN
稻妻·雷电之纹,Inazuma - Hoa Văn Lôi Điện,vi-VN
稻妻·雷電之紋,Inazuma - Hoa Văn Lôi Điện,vi-VN
稻妻·鷲羽,Inazuma - Lông Đại Bàng,vi-VN
稻妻·鹫羽,Inazuma - Lông Đại Bàng,vi-VN
空殿·满忆,Không Điện - Ký Ức Ngập Tràn,vi-VN
空殿·滿憶,Không Điện - Ký Ức Ngập Tràn,vi-VN
空殿・溢れる記憶,Không Điện - Ký Ức Ngập Tràn,vi-VN
米卡·索引,Mika - Dẫn Lối,vi-VN
紀行·冰月,Nhật Ký Hành Trình - Băng Nguyệt,vi-VN
紀行·北風,Nhật Ký Hành Trình - Bắc Phong,vi-VN
紀行·合韻,Nhật Ký Hành Trình - Hòa Tấu,vi-VN
紀行·同韻,Nhật Ký Hành Trình - Hòa Tấu,vi-VN
紀行·啓蟄,Nhật Ký Hành Trình - Thức Tỉnh,vi-VN
紀行·天命,Nhật Ký Hành Trình - Thiên Mệnh,vi-VN
紀行·奔霄,Nhật Ký Hành Trình - Bôn Tiêu,vi-VN
紀行·容彩,Nhật Ký Hành Trình - Irodori,vi-VN
紀行·帰風,Nhật Ký Hành Trình Gió Về,vi-VN
紀行·廻塵,Nhật Ký Hành Trình - Dạo Bước Cõi Trần,vi-VN
紀行·彩鳶,Nhật Ký Hành Trình - Sắc Diều,vi-VN
紀行·彩鷂,Nhật Ký Hành Trình - Sắc Diều,vi-VN
紀行·彫刻,Nhật Ký Hành Trình - Mô Phỏng,vi-VN
紀行·悠悠,Nhật Ký Hành Trình - Nhàn Nhã,vi-VN
紀行·意巧,Nhật Ký Hành Trình - Nghệ Thuật,vi-VN
紀行·意楽,Nhật Ký Hành Trình - Nghệ Thuật,vi-VN
紀行·捕風,Nhật Ký Hành Trình Của Gió,vi-VN
紀行·推想,Nhật Ký Hành Trình - Suy Tưởng,vi-VN
紀行·擬像,Nhật Ký Hành Trình - Mô Phỏng,vi-VN
紀行·故墟,Nhật Ký Hành Trình - Phế Tích,vi-VN
紀行·新火,Nhật Ký Hành Trình - Lửa Mới,vi-VN
紀行·旋舞,Nhật Ký Hành Trình - Vũ Điệu,vi-VN
紀行·明霄,Nhật Ký Hành Trình - Minh Tiêu,vi-VN
紀行·星没,Nhật Ký Hành Trình - Sao Rơi,vi-VN
紀行·映夏,Nhật Ký Hành Trình - Nắng Hạ,vi-VN
紀行·時彫り,Nhật Ký Hành Trình - Khắc Ghi,vi-VN
紀行·時雕,Nhật Ký Hành Trình - Khắc Ghi,vi-VN
紀行·月逐い,Nhật Ký Hành Trình - Trục Nguyệt,vi-VN
紀行·栄冠,Nhật Ký Hành Trình - Vương Miện,vi-VN
紀行·榮冕,Nhật Ký Hành Trình - Vương Miện,vi-VN
紀行·榮花,Nhật Ký Hành Trình - Vinh Hoa,vi-VN
紀行·歸風,Nhật Ký Hành Trình Gió Về,vi-VN
紀行·沉星,Nhật Ký Hành Trình - Sao Rơi,vi-VN
紀行·流彩,Nhật Ký Hành Trình - Sắc Màu,vi-VN
紀行·海藍,Nhật Ký Hành Trình - Biển Xanh,vi-VN
紀行·深林,Nhật Ký Hành Trình - Rừng Sâu,vi-VN
紀行·源水,Nhật Ký Hành Trình - Khởi Nguyên,vi-VN
紀行·源火,Nhật Ký Hành Trình - Lửa Nguồn,vi-VN
紀行·溢彩,Nhật Ký Hành Trình - Chói Lọi,vi-VN
紀行·演習,Nhật Ký Hành Trình - Mô Phỏng,vi-VN
紀行·熄星,Khởi Hành-Tức Tinh,vi-VN
紀行·熾雪,Nhật Ký Hành Trình - Tuyết Nóng,vi-VN
紀行·白亜,Nhật Ký Hành Trình - Vôi Trắng,vi-VN
紀行·白堊,Nhật Ký Hành Trình - Vôi Trắng,vi-VN
紀行·白英,Nhật Ký Hành Trình - Lyratum,vi-VN
紀行·盛夏,Nhật Ký Hành Trình – Mùa Hè Rực Rỡ,vi-VN
紀行·真夏,Nhật Ký Hành Trình – Mùa Hè Rực Rỡ,vi-VN
紀行·神将,Nhật Ký Hành Trình - Thần Tướng,vi-VN
紀行·神將,Nhật Ký Hành Trình - Thần Tướng,vi-VN
紀行·神誕,Nhật Ký Hành Trình - Sabzeruz,vi-VN
紀行·秘典,Nhật Ký Hành Trình - Triệu Hồi,vi-VN
紀行·綺夢,Nhật Ký Hành Trình - Kỳ Mộng,vi-VN
紀行·繞塵,Nhật Ký Hành Trình - Dạo Bước Cõi Trần,vi-VN
紀行·舞劇,Nhật Ký Hành Trình - Kịch Múa,vi-VN
紀行·蕈原,Nhật Ký Hành Trình Rừng Nấm,vi-VN
紀行·蟄醒,Nhật Ký Hành Trình - Thức Tỉnh,vi-VN
紀行·衍演,Nhật Ký Hành Trình - Mô Phỏng,vi-VN
紀行·贈綺,Nhật Ký Hành Trình - Quà Đẹp,vi-VN
紀行·逐月,Nhật Ký Hành Trình - Trục Nguyệt,vi-VN
紀行·逢歸,Nhật Ký Hành Trình - Trở Về,vi-VN
紀行·邦搖,Nhật Ký Hành Trình - Rung Chuyển,vi-VN
紀行·邦魂,Nhật Ký Hành Trình - Rung Chuyển,vi-VN
紀行·霊津,Nhật Ký Hành Trình - Dòng Đời,vi-VN
紀行·霜遊,Nhật Ký Hành Trình - Sương Du,vi-VN
紀行·靈津,Nhật Ký Hành Trình - Dòng Đời,vi-VN
紀行·靈織,Nhật Ký Hành Trình - Dệt Linh,vi-VN
紀行·風捕り,Nhật Ký Hành Trình Của Gió,vi-VN
紀行·風花,Nhật Ký Hành Trình Hoa Gió,vi-VN
紀行·魔萃,Nhật Ký Hành Trình - Hóa Kỹ,vi-VN
紀行·鳴神大社,Nhật Ký Hành Trình - Đền Narukami,vi-VN
紀行・のびのび,Nhật Ký Hành Trình - Nhàn Nhã,vi-VN
紀行・円舞,Nhật Ký Hành Trình - Kịch Múa,vi-VN
紀行・北風,Nhật Ký Hành Trình - Bắc Phong,vi-VN
紀行・天翔,Nhật Ký Hành Trình - Bôn Tiêu,vi-VN
紀行・帰夏,Nhật Ký Hành Trình - Nắng Hạ,vi-VN
紀行・帰逢,Nhật Ký Hành Trình - Trở Về,vi-VN
紀行・新火,Nhật Ký Hành Trình - Lửa Mới,vi-VN
紀行・栄華,Nhật Ký Hành Trình - Vinh Hoa,vi-VN
紀行・氷月,Nhật Ký Hành Trình - Băng Nguyệt,vi-VN
紀行・烈雪,Nhật Ký Hành Trình - Tuyết Nóng,vi-VN
紀行・瑞夢,Nhật Ký Hành Trình - Kỳ Mộng,vi-VN
紀行・知略,Nhật Ký Hành Trình - Suy Tưởng,vi-VN
紀行・神誕,Nhật Ký Hành Trình - Sabzeruz,vi-VN
紀行・綺夢,Nhật Ký Hành Trình - Quà Đẹp,vi-VN
紀行・遊雪,Nhật Ký Hành Trình - Sương Du,vi-VN
紀行・遺跡,Nhật Ký Hành Trình - Phế Tích,vi-VN
紀行・霊織,Nhật Ký Hành Trình - Dệt Linh,vi-VN
納塔·巡風,Natlan - Đuổi Theo Gió,vi-VN
納塔·歸火,Natlan - Lửa Trở Về,vi-VN
納塔·炎龍,Natlan - Rồng Lửa,vi-VN
納塔·煅輪,Natlan - Bánh Xe Lửa,vi-VN
納塔·矓瞳,Natlan - Ánh Nhìn Của Rồng,vi-VN
納塔·神軍,Natlan - Thần Quân,vi-VN
納塔·空夢,Natlan - Giấc Mộng Trống Rỗng,vi-VN
納西妲·仰月,Nahida - Ngắm Trăng,vi-VN
絲柯克·孤影,Skirk - Bóng Dáng Cô Độc,vi-VN
綺良々·猫箱,Kirara - Bưu Kiện Mèo,vi-VN
綺良良·貓箱,Kirara - Bưu Kiện Mèo,vi-VN
纪行·冰月,Nhật Ký Hành Trình - Băng Nguyệt,vi-VN
纪行·北风,Nhật Ký Hành Trình - Bắc Phong,vi-VN
纪行·合韵,Nhật Ký Hành Trình - Hòa Tấu,vi-VN
纪行·天命,Nhật Ký Hành Trình - Thiên Mệnh,vi-VN
纪行·奔霄,Nhật Ký Hành Trình - Bôn Tiêu,vi-VN
纪行·容彩,Nhật Ký Hành Trình - Irodori,vi-VN
纪行·归风,Nhật Ký Hành Trình Gió Về,vi-VN
纪行·彩鹞,Nhật Ký Hành Trình - Sắc Diều,vi-VN
纪行·悠悠,Nhật Ký Hành Trình - Nhàn Nhã,vi-VN
纪行·意巧,Nhật Ký Hành Trình - Nghệ Thuật,vi-VN
纪行·拟像,Nhật Ký Hành Trình - Mô Phỏng,vi-VN
纪行·捕风,Nhật Ký Hành Trình Của Gió,vi-VN
纪行·推想,Nhật Ký Hành Trình - Suy Tưởng,vi-VN
纪行·故墟,Nhật Ký Hành Trình - Phế Tích,vi-VN
纪行·新火,Nhật Ký Hành Trình - Lửa Mới,vi-VN
纪行·旋舞,Nhật Ký Hành Trình - Vũ Điệu,vi-VN
纪行·时雕,Nhật Ký Hành Trình - Khắc Ghi,vi-VN
纪行·明霄,Nhật Ký Hành Trình - Minh Tiêu,vi-VN
纪行·映夏,Nhật Ký Hành Trình - Nắng Hạ,vi-VN
纪行·沉星,Nhật Ký Hành Trình - Sao Rơi,vi-VN
纪行·流彩,Nhật Ký Hành Trình - Sắc Màu,vi-VN
纪行·海蓝,Nhật Ký Hành Trình - Biển Xanh,vi-VN
纪行·深林,Nhật Ký Hành Trình - Rừng Sâu,vi-VN
纪行·源水,Nhật Ký Hành Trình - Khởi Nguyên,vi-VN
纪行·源火,Nhật Ký Hành Trình - Lửa Nguồn,vi-VN
纪行·溢彩,Nhật Ký Hành Trình - Chói Lọi,vi-VN
纪行·灵津,Nhật Ký Hành Trình - Dòng Đời,vi-VN
纪行·灵织,Nhật Ký Hành Trình - Dệt Linh,vi-VN
纪行·炽雪,Nhật Ký Hành Trình - Tuyết Nóng,vi-VN
纪行·熄星,Khởi Hành-Tức Tinh,vi-VN
纪行·白垩,Nhật Ký Hành Trình - Vôi Trắng,vi-VN
纪行·白英,Nhật Ký Hành Trình - Lyratum,vi-VN
纪行·盛夏,Nhật Ký Hành Trình – Mùa Hè Rực Rỡ,vi-VN
纪行·神将,Nhật Ký Hành Trình - Thần Tướng,vi-VN
纪行·神诞,Nhật Ký Hành Trình - Sabzeruz,vi-VN
纪行·秘典,Nhật Ký Hành Trình - Triệu Hồi,vi-VN
纪行·绕尘,Nhật Ký Hành Trình - Dạo Bước Cõi Trần,vi-VN
纪行·绮梦,Nhật Ký Hành Trình - Kỳ Mộng,vi-VN
纪行·舞剧,Nhật Ký Hành Trình - Kịch Múa,vi-VN
纪行·荣冕,Nhật Ký Hành Trình - Vương Miện,vi-VN
纪行·荣花,Nhật Ký Hành Trình - Vinh Hoa,vi-VN
纪行·蕈原,Nhật Ký Hành Trình Rừng Nấm,vi-VN
纪行·蛰醒,Nhật Ký Hành Trình - Thức Tỉnh,vi-VN
纪行·衍演,Nhật Ký Hành Trình - Mô Phỏng,vi-VN
纪行·赠绮,Nhật Ký Hành Trình - Quà Đẹp,vi-VN
纪行·逐月,Nhật Ký Hành Trình - Trục Nguyệt,vi-VN
纪行·逢归,Nhật Ký Hành Trình - Trở Về,vi-VN
纪行·邦摇,Nhật Ký Hành Trình - Rung Chuyển,vi-VN
纪行·霜游,Nhật Ký Hành Trình - Sương Du,vi-VN
纪行·风花,Nhật Ký Hành Trình Hoa Gió,vi-VN
纪行·魔萃,Nhật Ký Hành Trình - Hóa Kỹ,vi-VN
纪行·鸣神大社,Nhật Ký Hành Trình - Đền Narukami,vi-VN
纳塔·巡风,Natlan - Đuổi Theo Gió,vi-VN
纳塔·归火,Natlan - Lửa Trở Về,vi-VN
纳塔·炎龙,Natlan - Rồng Lửa,vi-VN
纳塔·煅轮,Natlan - Bánh Xe Lửa,vi-VN
纳塔·眬瞳,Natlan - Ánh Nhìn Của Rồng,vi-VN
纳塔·神军,Natlan - Thần Quân,vi-VN
纳塔·空梦,Natlan - Giấc Mộng Trống Rỗng,vi-VN
纳西妲·仰月,Nahida - Ngắm Trăng,vi-VN
绮良良·猫箱,Kirara - Bưu Kiện Mèo,vi-VN
罗莎莉亚·苦役,Rosaria - Khổ Sai,vi-VN
胡桃·安神,Hu Tao - An Thần,vi-VN
至冬·梭影,Snezhnaya - Bóng Dáng Thoi Đưa,vi-VN
至冬·長夜,Snezhnaya - Đêm Dài,vi-VN
至冬·长夜,Snezhnaya - Đêm Dài,vi-VN
艾尔海森·诲明,Alhaitham - Giác Ngộ,vi-VN
艾梅莉埃·后调,Emilie - Làn Hương Cuối,vi-VN
艾梅莉埃·後調,Emilie - Làn Hương Cuối,vi-VN
艾爾海森·誨明,Alhaitham - Giác Ngộ,vi-VN
芙宁娜·欢宴,Furina - Tiệc Mừng,vi-VN
芙寧娜·歡宴,Furina - Tiệc Mừng,vi-VN
芭芭拉·流淌,Barbara - Dòng Chảy,vi-VN
茜特菈莉·白星,Citlali- Ngôi Sao Trắng,vi-VN
茲白·煙景,Zibai - Cảnh Khói,vi-VN
莉奈娅·娑响,Linnea - Âm Vang Lách Cách,vi-VN
莉奈婭·娑響,Linnea - Âm Vang Lách Cách,vi-VN
莫娜·天星,Mona - Thiên Tinh,vi-VN
莱依拉·昼梦,Layla - Giấc Mơ Ban Ngày,vi-VN
莱欧斯利·缄锁,Wriothesley - Khóa Chặt,vi-VN
菈乌玛·枝角,Lauma - Sừng Hươu,vi-VN
菈烏瑪·枝角,Lauma - Sừng Hươu,vi-VN
菲林斯·誓灯,Flins - Đèn Thề,vi-VN
菲林斯·誓燈,Flins - Đèn Thề,vi-VN
菲米尼·行进,Freminet - Tiếp Bước,vi-VN
菲米尼·行進,Freminet - Tiếp Bước,vi-VN
菲謝爾·夜鴉,Fischl - Quạ Bóng Đêm,vi-VN
菲谢尔·夜鸦,Fischl - Quạ Bóng Đêm,vi-VN
萊依拉·晝夢,Layla - Giấc Mơ Ban Ngày,vi-VN
萊歐斯利·緘鎖,Wriothesley - Khóa Chặt,vi-VN
葉洛亞·魘鶯,Illuga - Chim Đêm,vi-VN
蒙德·望楼,Mondstadt - Tháp Canh,vi-VN
蒙德·望樓,Mondstadt - Tháp Canh,vi-VN
蒙德·祝愿,Mondstadt - Chúc Phúc,vi-VN
蒙德·祝願,Mondstadt - Chúc Phúc,vi-VN
蒙德·英名,Mondstadt - Lẫy Lừng,vi-VN
蒙德·風吟,Mondstadt - Tiếng gió,vi-VN
蒙德·风吟,Mondstadt - Tiếng gió,vi-VN
蓝砚·银燕,Lan Yan - Én Bạc,vi-VN
藍硯·銀燕,Lan Yan - Én Bạc,vi-VN
藍硯・銀燕,Lan Yan - Én Bạc,vi-VN
蘿莎莉亞·苦役,Rosaria - Khổ Sai,vi-VN
行秋·雨虹,Xingqiu - Cầu Vồng,vi-VN
諾艾爾·守護,Noelle - Bảo Vệ,vi-VN
诺艾尔·守护,Noelle - Bảo Vệ,vi-VN
賽索斯·跋靈,Sethos - Bạt Linh,vi-VN
賽諾·幽緘,Cyno - Yên Lặng,vi-VN
赛索斯·跋灵,Sethos - Bạt Linh,vi-VN
赛诺·幽缄,Cyno - Yên Lặng,vi-VN
辛炎·演奏終了,Xinyan - Sau khi hát,vi-VN
辛焱·唱罢,Xinyan - Sau khi hát,vi-VN
辛焱·唱罷,Xinyan - Sau khi hát,vi-VN
迪卢克·燃烧,Diluc - Thiêu Đốt,vi-VN
迪奥娜·呜喵,Diona - Meo,vi-VN
迪奧娜·嗚喵,Diona - Meo,vi-VN
迪希雅·净焰,Dehya - Lửa Thiêng,vi-VN
迪希雅·淨焰,Dehya - Lửa Thiêng,vi-VN
迪盧克·燃燒,Diluc - Thiêu Đốt,vi-VN
那維萊特·流瀾,Neuvillette - Sóng Trào,vi-VN
那维莱特·流澜,Neuvillette - Sóng Trào,vi-VN
重云·灵刃,Chongyun - Linh nhẫn,vi-VN
重雲·霊刃,Chongyun - Linh nhẫn,vi-VN
重雲·靈刃,Chongyun - Linh nhẫn,vi-VN
鍾離·天星,Zhongli - Thiên Tinh,vi-VN
钟离·天星,Zhongli - Thiên Tinh,vi-VN
閑雲·鶴雲,Xianyun - Mây Trắng,vi-VN
閒雲·鶴雲,Xianyun - Mây Trắng,vi-VN
闲云·鹤云,Xianyun - Mây Trắng,vi-VN
阿罗夏·坐下,Alyosha - Ngồi Xuống,vi-VN
阿羅夏·坐下,Alyosha - Ngồi Xuống,vi-VN
阿蕾奇諾·法度,Arlecchino - Sắc Lệnh,vi-VN
阿蕾奇诺·法度,Arlecchino - Sắc Lệnh,vi-VN
阿貝多·陽花,Albedo - Hướng Dương,vi-VN
阿贝多·阳花,Albedo - Hướng Dương,vi-VN
雅珂达·帮手,Jahoda - Trợ Thủ,vi-VN
雅珂達·幫手,Jahoda - Trợ Thủ,vi-VN
雲堇·對韻,Yun Jin - Đối Âm,vi-VN
雲菫·対韻,Yun Jin - Đối Âm,vi-VN
雷泽·奔狼,Razor - Sói Chạy,vi-VN
雷澤·奔狼,Razor - Sói Chạy,vi-VN
雷电将军·开眼,Raiden Shogun - Thức Tỉnh,vi-VN
雷電将軍·開眼,Raiden Shogun - Thức Tỉnh,vi-VN
雷電將軍·開眼,Raiden Shogun - Thức Tỉnh,vi-VN
須彌·大夢,Sumeru - Giấc Mộng,vi-VN
須彌·正明,Sumeru - Quang Minh,vi-VN
須彌·照覽,Sumeru - Chiếu Rọi,vi-VN
須彌·瑤林,Sumeru - Tiên Cảnh,vi-VN
須彌·甘露,Sumeru - Amrita,vi-VN
須彌·砂嵐,Sumeru - Bão Cát,vi-VN
須彌·踏沙,Sumeru - Giẫm Chân Lên Cát,vi-VN
须弥·大梦,Sumeru - Giấc Mộng,vi-VN
须弥·正明,Sumeru - Quang Minh,vi-VN
须弥·照览,Sumeru - Chiếu Rọi,vi-VN
须弥·瑶林,Sumeru - Tiên Cảnh,vi-VN
须弥·甘露,Sumeru - Amrita,vi-VN
须弥·砂岚,Sumeru - Bão Cát,vi-VN
须弥·踏沙,Sumeru - Giẫm Chân Lên Cát,vi-VN
香菱·出来上がり,Xiangling - Nấu Xong,vi-VN
香菱·出鍋,Xiangling - Nấu Xong,vi-VN
香菱·出锅,Xiangling - Nấu Xong,vi-VN
魈·傩面,Xiao - Mặt Nạ,vi-VN
魈·儺面,Xiao - Mặt Nạ,vi-VN
鹿野院平蔵·鞠,Shikanoin Heizou - Temari,vi-VN
鹿野院平藏·鞠毬,Shikanoin Heizou - Temari,vi-VN
麗莎·沙漏,Lisa - Đồng Hồ Cát,vi-VN
가명·문동이,Gaming - A Văn,vi-VN
각청·번개못,Keqing - Đá Lôi,vi-VN
감우·기린 흔적,Ganyu - Lân Tích,vi-VN
고로·한가한 강아지,Gorou - Chó Nhàn Nhã,vi-VN
공간의 신전·기억,Không Điện - Ký Ức Ngập Tràn,vi-VN
기행·계칩,Nhật Ký Hành Trình - Thức Tỉnh,vi-VN
기행·귀환,Nhật Ký Hành Trình - Trở Về,vi-VN
기행·깊은 숲,Nhật Ký Hành Trình - Rừng Sâu,vi-VN
기행·꺼진 별,Khởi Hành-Tức Tinh,vi-VN
기행·나루카미 다이샤,Nhật Ký Hành Trình - Đền Narukami,vi-VN
기행·눈부신 색채,Nhật Ký Hành Trình - Chói Lọi,vi-VN
기행·느긋,Nhật Ký Hành Trình - Nhàn Nhã,vi-VN
기행·돌아온 바람,Nhật Ký Hành Trình Gió Về,vi-VN
기행·로큰롤,Nhật Ký Hành Trình - Rung Chuyển,vi-VN
기행·명소,Nhật Ký Hành Trình - Minh Tiêu,vi-VN
기행·모의전,Nhật Ký Hành Trình - Mô Phỏng,vi-VN
기행·모형,Nhật Ký Hành Trình - Mô Phỏng,vi-VN
기행·바닷빛,Nhật Ký Hành Trình - Biển Xanh,vi-VN
기행·바람을 잡다,Nhật Ký Hành Trình Của Gió,vi-VN
기행·백악,Nhật Ký Hành Trình - Vôi Trắng,vi-VN
기행·백영(白英),Nhật Ký Hành Trình - Lyratum,vi-VN
기행·버섯 들판,Nhật Ký Hành Trình Rừng Nấm,vi-VN
기행·봄 마차,Nhật Ký Hành Trình - Bôn Tiêu,vi-VN
기행·북풍,Nhật Ký Hành Trình - Bắc Phong,vi-VN
기행·불의 근원,Nhật Ký Hành Trình - Lửa Nguồn,vi-VN
기행·비전,Nhật Ký Hành Trình - Triệu Hồi,vi-VN
기행·빙월,Nhật Ký Hành Trình - Băng Nguyệt,vi-VN
기행·새 불씨,Nhật Ký Hành Trình - Lửa Mới,vi-VN
기행·서리,Nhật Ký Hành Trình - Sương Du,vi-VN
기행·선물,Nhật Ký Hành Trình - Quà Đẹp,vi-VN
기행·시간의 각인,Nhật Ký Hành Trình - Khắc Ghi,vi-VN
기행·신장(神將),Nhật Ký Hành Trình - Thần Tướng,vi-VN
기행·얽힌 속세,Nhật Ký Hành Trình - Dạo Bước Cõi Trần,vi-VN
기행·열혈 눈보라,Nhật Ký Hành Trình - Tuyết Nóng,vi-VN
기행·영광의 관,Nhật Ký Hành Trình - Vương Miện,vi-VN
기행·영광의 꽃,Nhật Ký Hành Trình - Vinh Hoa,vi-VN
기행·영혼의 두루마리,Nhật Ký Hành Trình - Dệt Linh,vi-VN
기행·영화,Nhật Ký Hành Trình - Nắng Hạ,vi-VN
기행·오색 연,Nhật Ký Hành Trình - Sắc Diều,vi-VN
기행·왈츠,Nhật Ký Hành Trình - Kịch Múa,vi-VN
기행·원무,Nhật Ký Hành Trình - Vũ Điệu,vi-VN
기행·원천,Nhật Ký Hành Trình - Khởi Nguyên,vi-VN
기행·윈드블룸,Nhật Ký Hành Trình Hoa Gió,vi-VN
기행·유적,Nhật Ký Hành Trình - Phế Tích,vi-VN
기행·유채,Nhật Ký Hành Trình - Sắc Màu,vi-VN
기행·은하수,Nhật Ký Hành Trình - Dòng Đời,vi-VN
기행·응축된 신비,Nhật Ký Hành Trình - Hóa Kỹ,vi-VN
기행·이로도리,Nhật Ký Hành Trình - Irodori,vi-VN
기행·잠긴 별,Nhật Ký Hành Trình - Sao Rơi,vi-VN
기행·절묘한 의도,Nhật Ký Hành Trình - Nghệ Thuật,vi-VN
기행·좋은 꿈,Nhật Ký Hành Trình - Kỳ Mộng,vi-VN
기행·천명,Nhật Ký Hành Trình - Thiên Mệnh,vi-VN
기행·추론,Nhật Ký Hành Trình - Suy Tưởng,vi-VN
기행·축월,Nhật Ký Hành Trình - Trục Nguyệt,vi-VN
기행·탄신,Nhật Ký Hành Trình - Sabzeruz,vi-VN
기행·한 여름,Nhật Ký Hành Trình – Mùa Hè Rực Rỡ,vi-VN
기행·화음,Nhật Ký Hành Trình - Hòa Tấu,vi-VN
나비아·가시 장미,Navia - Rosula,vi-VN
나타·돌아온 불,Natlan - Lửa Trở Về,vi-VN
나타·둥실,Natlan - Đuổi Theo Gió,vi-VN
나타·불벼림,Natlan - Bánh Xe Lửa,vi-VN
나타·신의 군대,Natlan - Thần Quân,vi-VN
나타·용의 눈동자,Natlan - Ánh Nhìn Của Rồng,vi-VN
나타·헛된 꿈,Natlan - Giấc Mộng Trống Rỗng,vi-VN
나타·화염룡,Natlan - Rồng Lửa,vi-VN
나히다·초승달,Nahida - Ngắm Trăng,vi-VN
남연·은빛 제비,Lan Yan - Én Bạc,vi-VN
네페르·비밀,Nefer - Bí Mật,vi-VN
노드크라이·달빛,Nod-Krai - Sắc Trăng,vi-VN
노드크라이·등대,Nod-Krai - Đèn Đêm Dài,vi-VN
노드크라이·밝은 달,Nod-Krai - Vằng Vặc,vi-VN
노드크라이·성역,Nod-Krai - Thánh Vực,vi-VN
노엘·수호,Noelle - Bảo Vệ,vi-VN
느비예트·파란,Neuvillette - Sóng Trào,vi-VN
니콜·하늘 계단,Nicole - Thang Trời,vi-VN
닐루·수련의 춤,Nilou - Vũ Điệu Hoa Sen,vi-VN
다이루크·연소,Diluc - Thiêu Đốt,vi-VN
달리아·천직,Dahlia - Thiên Chức,vi-VN
데히야·정화의 불꽃,Dehya - Lửa Thiêng,vi-VN
도리·요술 램프,Dori - Đèn Thần,vi-VN
두린·빛나는 심장,Durin - Trái Tim Rực Rỡ,vi-VN
디오나·냐옹,Diona - Meo,vi-VN
라우마·사슴뿔,Lauma - Sừng Hươu,vi-VN
라이덴 쇼군·개안,Raiden Shogun - Thức Tỉnh,vi-VN
라이오슬리·쇠사슬,Wriothesley - Khóa Chặt,vi-VN
레이저·울프,Razor - Sói Chạy,vi-VN
레일라·백일몽,Layla - Giấc Mơ Ban Ngày,vi-VN
로엔·인애,Lohen - Nhân Ái,vi-VN
로자리아·고역,Rosaria - Khổ Sai,vi-VN
리넷·진심,Lynette - Thành Thật,vi-VN
리니·거짓,Lyney - Giả Vờ,vi-VN
리사·모래시계,Lisa - Đồng Hồ Cát,vi-VN
리월·구름,Liyue - Vân Gián,vi-VN
리월·적막한 바위,Liyue - Sự cô đơn của đá,vi-VN
리월·천범,Liyue - Thiên Phàm,vi-VN
린네아·모래 소리,Linnea - Âm Vang Lách Cách,vi-VN
마비카·태양 고리,Mavuika - Vầng Thái Dương,vi-VN
말라니·샤크,Mualani - Cá Mập,vi-VN
모나·천성,Mona - Thiên Tinh,vi-VN
몬드·망루,Mondstadt - Tháp Canh,vi-VN
몬드·명예,Mondstadt - Lẫy Lừng,vi-VN
몬드·바람의 속삭임,Mondstadt - Tiếng gió,vi-VN
몬드·축복,Mondstadt - Chúc Phúc,vi-VN
미카·색인,Mika - Dẫn Lối,vi-VN
바레사·힘의 근원,Varesa - Nguồn Gốc Sức Mạnh,vi-VN
바르카·우두머리 늑대,Varka - Sói Đầu Đàn,vi-VN
바바라·흐름,Barbara - Dòng Chảy,vi-VN
방랑자·떠도는 자의 노래,Kẻ Lang Thang - Phù Ca,vi-VN
백출·거풍,Baizhu - Khư Phong,vi-VN
베넷·인정,Bennett - Chấp Nhận,vi-VN
벤티·맑은 하늘,Venti - Bầu Trời Xanh,vi-VN
북두·출항,Beidou - Nhổ neo,vi-VN
사유·너구리 오뚝이,Sayu - Muji-Muji Daruma,vi-VN
사이노·침묵,Cyno - Yên Lặng,vi-VN
산고노미야 코코미·해연,Sangonomiya Kokomi - Biển Sâu,vi-VN
산드로네·티타임,Sandrone - Tiệc Trà,vi-VN
샤를로트·독점 보도,Charlotte - Độc Quyền,vi-VN
설탕·창생,Sucrose - Sáng Tạo,vi-VN
세토스·바,Sethos - Bạt Linh,vi-VN
소·가면,Xiao - Mặt Nạ,vi-VN
수메르·감로,Sumeru - Amrita,vi-VN
수메르·눈부신 숲,Sumeru - Tiên Cảnh,vi-VN
수메르·모래 밟기,Sumeru - Giẫm Chân Lên Cát,vi-VN
수메르·모래폭풍,Sumeru - Bão Cát,vi-VN
수메르·정명,Sumeru - Quang Minh,vi-VN
수메르·조람,Sumeru - Chiếu Rọi,vi-VN
수메르·큰 꿈,Sumeru - Giấc Mộng,vi-VN
슈브르즈·제2형,Chevreuse - Mẫu II,vi-VN
스네즈나야·극야,Snezhnaya - Đêm Dài,vi-VN
스네즈나야·잔영,Snezhnaya - Bóng Dáng Thoi Đưa,vi-VN
스커크·고독,Skirk - Bóng Dáng Cô Độc,vi-VN
시그윈·치료법,Sigewinne - Liệu Trình,vi-VN
시카노인 헤이조·테마리,Shikanoin Heizou - Temari,vi-VN
시틀라리·흰별,Citlali- Ngôi Sao Trắng,vi-VN
신염·연주 끝,Xinyan - Sau khi hát,vi-VN
신학·빗질,Shenhe - Tiết Lược,vi-VN
실로닌·리듬,Xilonen - Nhịp Điệu,vi-VN
아를레키노·규칙,Arlecchino - Sắc Lệnh,vi-VN
아이노·오리,Aino - Ai Da,vi-VN
알료샤·앉기,Alyosha - Ngồi Xuống,vi-VN
알베도·태양꽃,Albedo - Hướng Dương,vi-VN
알하이탐·충고,Alhaitham - Giác Ngộ,vi-VN
앨범·빛나는 뭇별,Tuyển Tập - Chòm Sao Lấp Lánh,vi-VN
야란·일척,Yelan - Đổ Xúc Xắc,vi-VN
야에 미코·여우의 꿈,Yae Miko - Hồ Ly Mơ Mộng,vi-VN
야호다·고양이 손,Jahoda - Trợ Thủ,vi-VN
얀사·노력,Iansan - Không Ngừng Nghỉ,vi-VN
업적·강궁,Thành tựu - Cung tên,vi-VN
업적·객지 생활,Thành tựu – Cư trú,vi-VN
업적·거울의 꿈,Thành Tựu - Giấc Mơ Phản Chiếu,vi-VN
업적·고양이 점괘,Thành Tựu - Vận May Mèo,vi-VN
업적·궤적,Thành Tựu - Quỹ Đạo,vi-VN
업적·그림자 코어,Thành Tựu - Lõi Bí Ẩn,vi-VN
업적·기나긴 이별,Thành Tựu - Trùng Phùng,vi-VN
업적·깊은 비밀,Thành tựu - Thần Bí,vi-VN
업적·꽃,Thành Tựu - Kỳ Hoa,vi-VN
업적·끝에서,Thành Tựu - Tận Cùng,vi-VN
업적·뇌음,Thành Tựu - Sấm Sét,vi-VN
업적·누빔,Thành Tựu - Trải qua,vi-VN
업적·눈길,Thành Tựu - Dạo Bước Trên Tuyết,vi-VN
업적·눈의 땅,Thành tựu - Quê hương của tuyết,vi-VN
업적·도전,Thành tựu - Khiêu chiến,vi-VN
업적·도전·두 번째,Thành tựu - Khiêu chiến (II),vi-VN
업적·도전·세 번째,Thành tựu - Khiêu chiến (III),vi-VN
업적·만남,Thành tựu - Gặp gỡ,vi-VN
업적·만행,Thành tựu - Dạo Bước,vi-VN
업적·모든 씨앗,Thành Tựu - Vạn Chủng,vi-VN
업적·모음곡,Thành Tựu - Tuyển Tập Nhạc,vi-VN
업적·무성한 꽃,Thành Tựu - Trăm Hoa Đua Nở,vi-VN
업적·무지개색,Thành tựu - Màu sắc cầu vồng,vi-VN
업적·문,Thành Tựu - Cánh Cửa,vi-VN
업적·물걸음,Thành Tựu - Du Ngoạn,vi-VN
업적·바늘 꿰기,Thành Tựu - Đập Kim,vi-VN
업적·밤에 지는 꽃,Thành Tựu - Chạng Vạng,vi-VN
업적·밤의 주인,Thành Tựu - Chủ Nhân Màn Đêm,vi-VN
업적·부채,Thành tựu - Cánh quạt,vi-VN
업적·산 부족,Thành tựu - Sơn dân,vi-VN
업적·석룡,Thành Tựu - Rồng Đá,vi-VN
업적·선계 협곡,Thành Tựu - Tiên Cốc,vi-VN
업적·설봉,Thành tựu - Đỉnh tuyết,vi-VN
업적·영속,Thành Tựu - Mãi Tiếp Bước,vi-VN
업적·인연,Thành tựu - Hữu Duyên,vi-VN
업적·일곱 개의 빛,Thành Tựu - Bảy Tia Sáng,vi-VN
업적·일곱 성인,Thành Tựu - Thất Thánh,vi-VN
업적·일람,Thành Tựu - Nhìn Rõ Tất Cả,vi-VN
업적·작열,Thành Tựu - Rực Cháy,vi-VN
업적·조망,Thành Tựu - Nhìn Xa,vi-VN
업적·주전자의 노래,Thành Tựu - Ấm Trần Ca,vi-VN
업적·층암,Thành Tựu - Núi Đá,vi-VN
업적·투지,Thành Tựu - Chiến Ý,vi-VN
업적·특기,Thành Tựu - Đặc Kỹ,vi-VN
업적·편유,Thành tựu - Đi khắp nơi,vi-VN
업적·평온,Thành Tựu - Bình Yên,vi-VN
업적·포경,Thành Tựu - Săn Cá Voi,vi-VN
업적·협행,Thành tựu - Hành hiệp,vi-VN
업적·환상 시편,Thành Tựu - Trang Thơ,vi-VN
에밀리·베이스 노트,Emilie - Làn Hương Cuối,vi-VN
에스코피에·풍미,Escoffier - Thú Vị,vi-VN
에일로이·서광,Aloy - Nhật Ký Bình Minh,vi-VN
엠버·토끼,Amber - Con Thỏ,vi-VN
연비·공정,Yanfei - Công Chính,vi-VN
오데트·백조,Odette - Thiên Nga Độc Nhất,vi-VN
올로룬·밤그늘,Ororon - Cảnh Đêm,vi-VN
요요·월계,Yaoyao - Nguyệt Quế,vi-VN
요이미야·유금불꽃,Yoimiya - Hoa Lửa Kim Lưu,vi-VN
운근·압운(押韻),Yun Jin - Đối Âm,vi-VN
원신·인상,Nguyên Thần - Ấn Tượng,vi-VN
유라·얼음 인장,Eula - Ấn Băng,vi-VN
유메미즈키 미즈키·바쿠,Yumemizuki Mizuki - Ăn Giấc Mơ,vi-VN
유명·휘석,Lưu Minh - Huy Thạch,vi-VN
응광·봉황의 자태,Ningguang - Cốt cách phượng hoàng,vi-VN
이나즈마·독수리의 깃털,Inazuma - Lông Đại Bàng,vi-VN
이나즈마·번개의 문양,Inazuma - Hoa Văn Lôi Điện,vi-VN
이나즈마·산고노미야의 문장,Inazuma - Hoa Văn Sangonomiya,vi-VN
이나즈마·신성한 벚나무,Inazuma - Anh Đào Thần,vi-VN
이나즈마·영원의 나라,Inazuma - Tokoyo,vi-VN
이나즈마·카미사토의 문양,Inazuma - Hoa Văn Kamisato,vi-VN
이나즈마·쿠죠의 문양,Inazuma- Hoa Văn Kujou,vi-VN
이네파·명령,Ineffa - Chỉ Lệnh,vi-VN
이토·오니 얼굴,Itto - Mặt Quỷ,vi-VN
이파·형씨,Ifa - Người Anh Em,vi-VN
인동·고목,Chịu Lạnh - Cổ Thụ,vi-VN
일루가·악몽의 밤꾀꼬리,Illuga - Chim Đêm,vi-VN
자백·연경,Zibai - Cảnh Khói,vi-VN
종려·천성,Zhongli - Thiên Tinh,vi-VN
중운·영도,Chongyun - Linh nhẫn,vi-VN
진·풍향,Jean - Hướng Gió,vi-VN
차스카·전탄 장전,Chasca - Đầy Đạn,vi-VN
축전·바삭바삭,Lễ Hội – Giòn Và Ngọt,vi-VN
축제·경청,Lễ Hội - Lắng Nghe Giai Điệu,vi-VN
축제·기담,Lễ Hội - Cờ,vi-VN
축제·꿈의 공부,Lễ Hội - Giấc Mơ Đọc Sách,vi-VN
축제·드넓음,Lễ Hội - Bao La,vi-VN
축제·마구,Lễ Hội – Bóng Ma Thuật,vi-VN
축제·묘책,Lễ Hội - Thần Cơ Diệu Toán,vi-VN
축제·무상,Lễ Hội - Nguyên Bản,vi-VN
축제·미식,Lễ Hội - Vị Ngon,vi-VN
축제·밝은 등불,Lễ Hội - Ánh Đèn,vi-VN
축제·봉기,Lễ Hội - Ikki,vi-VN
축제·빛의 비늘,Lễ Hội - Quang Lân,vi-VN
축제·산 구름,Lễ Hội - Mây Trôi,vi-VN
축제·술잔,Tiệc Mừng - Linh Đình,vi-VN
축제·숨바꼭질,Lễ Hội - Trốn Tìm,vi-VN
축제·연회,Lễ Hội - Tiệc Lớn,vi-VN
축제·연회·두 번째,Lễ Hội - Tiệc Lớn (II),vi-VN
축제·열정,Lễ Hội - Nóng Bỏng,vi-VN
축제·우아한 선율,Lễ Hội - Nhã Tấu,vi-VN
축제·지혜의 열매,Lễ Hội - Tuệ Quả,vi-VN
축제·초밥,Lễ Hội - Cơm Cá Ngừ,vi-VN
축제·투극,Lễ Hội – Đấu Kịch,vi-VN
축제·향연,Lễ Hội - Tiệc Tùng,vi-VN
치오리·펼친 소매,Chiori - Tay Áo Trình Diễn,vi-VN
치치·냉장,Qiqi - Đông Lạnh,vi-VN
침옥·롱옥 투척,Trầm Ngọc - Nghi Thức Mưa Ngọc,vi-VN
카미사토 아야카·부채,Kamisato Ayaka - Cây Quạt,vi-VN
카미사토 아야토·잔물결,Kamisato Ayato - Gợn Sóng,vi-VN
카베·하늘의 돔,Kaveh - Vòm Trời,vi-VN
카에데하라 카즈하·가을의 단풍 사냥,Kaedehara Kazuha - Lặng Ngắm Núi Thu,vi-VN
카치나·쌩쌩,Kachina - Quay Tròn,vi-VN
캔디스·푸른빛 새,Candace - Vạc Trời,vi-VN
케이아·공작,Kaeya - Khổng Tước,vi-VN
콜레이·표변,Collei - Quân Tử,vi-VN
콜롬비나·기다림,Columbina - Khi Nào,vi-VN
쿠죠 사라·텐구,Kujou Sara - Tengu,vi-VN
쿠키 시노부·그물,Kuki Shinobu - Lưới,vi-VN
클레·폭탄,Klee - Thuốc Nổ,vi-VN
클로린드·역할극,Clorinde - Nhập Vai,vi-VN
키니치·아쥬,Kinich - Ajaw,vi-VN
키라라·냥냥 상자,Kirara - Bưu Kiện Mèo,vi-VN
타르탈리아·마왕 무장,Childe - Quỷ Trang,vi-VN
타이나리·이슬 오일,Tighnari - Mộc Lộ,vi-VN
토마·화염의 견갑,Thoma - Băng Đỏ,vi-VN
파루잔·봉인된 비밀,Faruzan - Bí Mật Của Phong Ấn,vi-VN
폰타인·뉴스,Fontaine - Tin Tức,vi-VN
폰타인·루키나 분수,Fontaine - Suối Sương,vi-VN
폰타인·심판,Fontaine - Thẩm Phán,vi-VN
폰타인·오토마톤,Fontaine - Cỗ Máy Kỳ Diệu,vi-VN
폰타인·조율,Fontaine - Chỉnh Âm,vi-VN
폰타인·죄와 벌,Fontaine - Chuộc Tội,vi-VN
폰타인·혼연,Fontaine - Trọn Vẹn,vi-VN
푸리나·연회,Furina - Tiệc Mừng,vi-VN
프레미네·행진,Freminet - Tiếp Bước,vi-VN
프루네·망치,Prune - Trừng Phạt,vi-VN
플린스·등불,Flins - Đèn Thề,vi-VN
피슬·까마귀,Fischl - Quạ Bóng Đêm,vi-VN
한운·학 구름,Xianyun - Mây Trắng,vi-VN
행추·무지개 비,Xingqiu - Cầu Vồng,vi-VN
향릉·완성,Xiangling - Nấu Xong,vi-VN
호두·정신 안정,Hu Tao - An Thần,vi-VN
