source,target,tgt_lng
"""Anciano""","""Ancião""",pt-PT
"""Cụ Già""","""Ancião""",pt-PT
"""Elder""","""Ancião""",pt-PT
"""Herta: Sistem Panorama""",Sistema Panóptico de Herta,pt-PT
"""Herta: ระบบตรวจสอบรอบทิศทาง""",Sistema Panóptico de Herta,pt-PT
"""Interastral Peace Appliance""",Eletrodomésticos da Paz Interastral,pt-PT
"""Lửa Ngầm"" Chính Thức",Fogo Vivo Oficial,pt-PT
"""Orang Tua""","""Ancião""",pt-PT
"""Utusan""",Mensageira,pt-PT
"""Điện Gia Dụng Hành Tinh Hòa Bình""",Eletrodomésticos da Paz Interastral,pt-PT
"""ผู้ส่งสาร""",Mensageira,pt-PT
"""ผู้เฒ่า""","""Ancião""",pt-PT
"""ร้านอุปกรณ์เครื่องใช้สันติภาพแห่งดวงดาว""",Eletrodomésticos da Paz Interastral,pt-PT
13柱目のタイタン,O 13º Titã,pt-PT
7. März,7 de Março,pt-PT
A ผู้ช่วยตัวน้อยของ Sparxie เอ็นเตอร์เทนเมนต์,Assistente de Entretenimento Familiar da Sparxie,pt-PT
A 플라워 엔터테인먼트 조수,Assistente de Entretenimento Familiar da Sparxie,pt-PT
"AAA ""Mingguan Rakun""",Pelotão Pelôncio das Pelotas,pt-PT
"AAA ""เฟอร์โบโบ้รายสัปดาห์"" ส่งรวม",Pelotão Pelôncio das Pelotas,pt-PT
AAA Demandes générales de Pandaroo News,Pelotão Pelôncio das Pelotas,pt-PT
AAA Furbobo Weekly Wholesale Requests,Pelotão Pelôncio das Pelotas,pt-PT
AAA Furbobo-Wochenblatt Sammelbestellungen,Pelotão Pelôncio das Pelotas,pt-PT
AAA Peticiones Semanario Pachi,Pelotão Pelôncio das Pelotas,pt-PT
AAA Tuần Báo Furbobo Nhóm Gửi Yêu Cầu,Pelotão Pelôncio das Pelotas,pt-PT
AAA «Шерстяной еженедельник» - заявки оптом,Pelotão Pelôncio das Pelotas,pt-PT
AAA ≪주간 너굴≫ 요청 일괄 발송,Pelotão Pelôncio das Pelotas,pt-PT
AAA《狸狸周刊》需求批发,Pelotão Pelôncio das Pelotas,pt-PT
AAA『週刊タヌキ』リクエスト販売,Pelotão Pelôncio das Pelotas,pt-PT
AI Reply,Resposta de IA,pt-PT
AI Trả Lời,Resposta de IA,pt-PT
AI ตอบกลับอัตโนมัติ,Resposta de IA,pt-PT
AI 자동응답,Resposta de IA,pt-PT
AI返事,Resposta de IA,pt-PT
Abteilung für Aberrationsabwehr,Departamento de Defesa Contra Aberrações,pt-PT
Achéron,Acheron,pt-PT
Adhibou,Ratite,pt-PT
Aetherium Wars Official Q&A Group,Grupo Oficial de P&R das Guerras de Aetherium,pt-PT
Aggressive Bürgerin,Cidadã Agressiva,pt-PT
Aggressive Citizen,Cidadã Agressiva,pt-PT
Aggrieved Citizen,Cidadã Agitada,pt-PT
Aglaé,Aglaea,pt-PT
Agnès,Agnes,pt-PT
"Akun Resmi ""Wildfire""",Fogo Vivo Oficial,pt-PT
Alter Bergarbeitermeister,Operador Sênior de Carrinho de Mineração,pt-PT
Alter Freund,Velho Amigo,pt-PT
Alter Goethe,Velho Goethe,pt-PT
Amante De Frejoles Rojos,FãFeijãoVermelho,pt-PT
"Amante De Frejoles Rojos, Bill Portcullis, Piloto sin licencia...","FãFeijãoVermelho, Bill Portcullis e Condução Espacial Sem Brevê...",pt-PT
AmanteDelMonito,TesouroNana,pt-PT
Amo,Amoh,pt-PT
Amphoreus Welcome Team,Equipe de Boas-vindas de Amphoreus,pt-PT
Anhänger der Evokkultisten,Discípulo do Evocultismo,pt-PT
Anonim,Anônimo,pt-PT
Anonym,Anônimo,pt-PT
Anonyme,Anônimo,pt-PT
Anonymous,Anônimo,pt-PT
Antonia,Antônia,pt-PT
Anuncio detective,Painel Publicitário Investigador,pt-PT
Anuncios de Conejo estelar,Máquina de Anúncios Automáticos Coelho Estelar,pt-PT
Anxious Woman,Mulher Ansiosa,pt-PT
Apprenti opérateur de chariot,Operador Aprendiz,pt-PT
Apprentice Mine Cart Operator,Operador Aprendiz,pt-PT
Arruinavidas,Quebra-gente,pt-PT
Artifact Theft Special Investigation Group,Grupo Especial de Investigação de Roubo de Artefatos,pt-PT
Artículos lujosos de Colonipenal,Artigos de Luxo de Penacony,pt-PT
As de pique,Espada,pt-PT
AsDeLaPhoto,Diga_Xis,pt-PT
Asisten Hiburan Keluarga Sparxie,Assistente de Entretenimento Familiar da Sparxie,pt-PT
Asisten Live Sparxie,Assistente de Stream da Sparxie,pt-PT
Asistente de directos de Chispa,Assistente de Stream da Sparxie,pt-PT
Asistente de entretenimiento de la familia Chispa,Assistente de Entretenimento Familiar da Sparxie,pt-PT
Asociación de Amantes de las Quimeras,Associação dos Entusiastas de Quimeras,pt-PT
Asosiasi Pecinta Chimera,Associação dos Entusiastas de Quimeras,pt-PT
Assemblée des ninjas du son,Montagem de Ninja do Som,pt-PT
Association des passionnés de chimères,Associação dos Entusiastas de Quimeras,pt-PT
Atención al Cliente de Estudios Reloj,Atendimento ao Cliente dos Estúdios Clock,pt-PT
Aurum Alley Revival Project,Projeto de Revitalização do Beco Aurum,pt-PT
Aurum-Allee-Wiederbelebungsprojekt,Projeto de Revitalização do Beco Aurum,pt-PT
Automatischer Kundendienst für Atelier Wolkenweich,Atendimento ao cliente automatizado das Mangas Nuviosas,pt-PT
Avegrande,Ratite,pt-PT
Aventurin,Aventurine,pt-PT
Aventurin – Wellenflair,Aventurine - Veraneio,pt-PT
Aventurine - Waveflair,Aventurine - Veraneio,pt-PT
Aventurine - คลื่นสำราญ,Aventurine - Veraneio,pt-PT
Aventurine • Croisette,Aventurine - Veraneio,pt-PT
Aventurine • Waveflair,Aventurine - Veraneio,pt-PT
Aventurino,Aventurine,pt-PT
Aventurino Oleaje,Aventurine - Veraneio,pt-PT
A花たんのエンタメアシスタント,Assistente de Entretenimento Familiar da Sparxie,pt-PT
A花家娛樂小助理,Assistente de Entretenimento Familiar da Sparxie,pt-PT
A花家娱乐小助理,Assistente de Entretenimento Familiar da Sparxie,pt-PT
Ba Món Bảo Bối Lớn,Os Três Tesouros,pt-PT
Balasan AI,Resposta de IA,pt-PT
Balaway die Grubenlampe,"Balaway, o Lanterna de Minerador",pt-PT
Balaway the Miner's Lamp,"Balaway, o Lanterna de Minerador",pt-PT
Balaway « la Lampe de mineur »,"Balaway, o Lanterna de Minerador",pt-PT
Balaway Đèn Mỏ,"Balaway, o Lanterna de Minerador",pt-PT
Balaway แสงแห่งเหมือง,"Balaway, o Lanterna de Minerador",pt-PT
"Balaway, la Lámpara del Minero","Balaway, o Lanterna de Minerador",pt-PT
Ban Tổ Chức Giải Đấu,Comitê de Organização da Competição,pt-PT
BanaSchatz,TesouroNana,pt-PT
Barang Mewah Penacony,Artigos de Luxo de Penacony,pt-PT
Beauté foxienne Daiqing,"Daiqing, a Beldade Vulpe",pt-PT
Bellanana,TesouroNana,pt-PT
Belleza raposiana Daiqing,"Daiqing, a Beldade Vulpe",pt-PT
Bellflutter 4,ShannieZhong IV,pt-PT
Bergarbeiter,Minerador,pt-PT
Bergarbeiterlehrling,Operador Aprendiz,pt-PT
Beschäftigter Forscher der Abteilung für Angewandte Kunst,Membro Ocupado do Departamento de Execução de Artes,pt-PT
Besorgte Bürgerin,Cidadã Preocupada,pt-PT
Biduan dari Negeri Salju,Cantora das Terras Invernais,pt-PT
Bill Porte,Bill Portcullis,pt-PT
Billboard Investigator,Painel Publicitário Investigador,pt-PT
Binh Sĩ,Soldado,pt-PT
Bisnis adalah bisnis,Negócio é Negócio,pt-PT
Bitte_lächeln,Diga_Xis,pt-PT
Biệt Đội Bắt Ma,Esquadrão Caça-Fantasmas,pt-PT
Black Swan,Cisne Negro,pt-PT
Blade Mortenax,Mortenax Blade,pt-PT
Blast it! We're surrounded by fools!,Manda ver! Só tem idiotas aqui!,pt-PT
Blendende Ninja,Okashira Deslumbrante,pt-PT
Bloodhound Contractor,Cão de Caça Empreiteiro,pt-PT
Bloodhound Đảm Trách,Cão de Caça Empreiteiro,pt-PT
Bohnenpasten-Fan,FãFeijãoVermelho,pt-PT
"Bohnenpasten-Fan, Bill Portcullis und Führerscheinloses Fahren ...","FãFeijãoVermelho, Bill Portcullis e Condução Espacial Sem Brevê...",pt-PT
Boleh Balapan Kapal,Malsubestimado,pt-PT
"Boneka ""Pesan Singkat""",Boneca Mensageira,pt-PT
Boomer,Calepo,pt-PT
Botin,Mensageira,pt-PT
Boxing Match Fan,Fã de Luta de Boxe,pt-PT
Boxkampf-Fan,Fã de Luta de Boxe,pt-PT
Brigada cazafantasmas,Esquadrão Caça-Fantasmas,pt-PT
Brigade de chasse aux fantômes,Esquadrão Caça-Fantasmas,pt-PT
Bruce Furlee,PeLu,pt-PT
Brummig,Ranzinza,pt-PT
Buabuabó,Wubbaboo,pt-PT
Buscacosas,Achão,pt-PT
Buscaluz,Caçador de Luz,pt-PT
Business is Business,Negócio é Negócio,pt-PT
Busy Member of the Department of Implement Arts,Membro Ocupado do Departamento de Execução de Artes,pt-PT
Bác Sĩ Edward,Dr. Edward,pt-PT
Bí Hội Lập Phương,Clube Hex,pt-PT
Bông Chúi-Chan (Bản Nỗ Lực),Florinana-chan (Edição Trabalhadora),pt-PT
"Búp Bê ""SMS""",Boneca Mensageira,pt-PT
Bạn Cũ,Velho Amigo,pt-PT
Bạn Mạt Chược Mệt Mỏi,Jogador Cansado,pt-PT
Bảo Vật Dò Tìm,Achão,pt-PT
Bậc Thầy Guitar,Mestra da Guitarra,pt-PT
Bệnh Nhân Bình Tĩnh,Paciente Calma,pt-PT
Bệnh Nhân Hoài Nghi,Paciente Suspeito,pt-PT
Bệnh Nhân Kích Động,Paciente Emotiva,pt-PT
Bệnh Nhân Lớn Tuổi,Paciente Idosa,pt-PT
Bệnh Nhân Sa Sút Tinh Thần,Paciente Depressivo,pt-PT
CSKH Tự Động Quảng Vân Tụ,Atendimento ao cliente automatizado das Mangas Nuviosas,pt-PT
Cable Car Operator,Operador de Teleférico,pt-PT
Calm Patient,Paciente Calma,pt-PT
Capote,Calepo,pt-PT
Caracola de la risa,Concha Cômica,pt-PT
Certification Robot,Robô Certificador,pt-PT
Chancellerie de la Commission du maintien de l'ordre : Centre de secours,Comissão de Manutenção do Reino: Centro de Resposta a Emergências,pt-PT
ChanteuseDesTerresD'Hiver,Cantora das Terras Invernais,pt-PT
Chasseur de lumière,Caçador de Luz,pt-PT
Chat Riêng Hẹn Hò,Bate-papo Privado de Namoro,pt-PT
Chat de la Demoiselle des cieux rosés,Grupo de Debate da Donzela Celestial Rosada,pt-PT
Chat de la brigade de chasse aux fantômes,Grupo do Esquadrão Caça-Fantasmas,pt-PT
Chat de rencontre privé,Bate-papo Privado de Namoro,pt-PT
Chat privado para citas,Bate-papo Privado de Namoro,pt-PT
Chercheur désespéré,Pesquisador Desesperado,pt-PT
Chercheur en écologie,Pesquisador de Ecologia,pt-PT
Chercheuse nerveuse,Pesquisadora Nervosa,pt-PT
Chez Chrono,Lanchonete do Relógio,pt-PT
Chica nerviosa,Garota Nervosa,pt-PT
Chica preocupada,Mulher Ansiosa,pt-PT
Chim Ngói Lông Đỏ,Pomba Ruiva Malhada,pt-PT
Chimera Enthusiasts Association,Associação dos Entusiastas de Quimeras,pt-PT
Chispa,Sparxie,pt-PT
Chro■■■,Reló■■■,pt-PT
Chuyên Gia Hóng Chuyện,EspirraChá Profissa,pt-PT
Chuối Khai Phú Quý,Richie Descascado,pt-PT
Chávez,Chavez,pt-PT
Chăm Sóc Khách Hàng Clock Studios,Atendimento ao Cliente dos Estúdios Clock,pt-PT
Chỉ Muốn Làm Ma Nơ Canh,Só Quero Ser Um Manequim,pt-PT
Chỉ Yêu Chúi Cưng,TesouroNana,pt-PT
Chị Gái Điềm Đạm,Mulher Cortês,pt-PT
Cirene,Cyrene,pt-PT
Citoyen fouineur,Cidadão Enxerido,pt-PT
Citoyenne agressive,Cidadã Agressiva,pt-PT
Citoyenne en colère,Cidadã Agitada,pt-PT
Citoyenne inquiète,Cidadã Preocupada,pt-PT
Ciudadana agresiva,Cidadã Agressiva,pt-PT
Ciudadana enfadada,Cidadã Agitada,pt-PT
Ciudadana preocupada,Cidadã Preocupada,pt-PT
Ciudadano fisgón,Cidadão Enxerido,pt-PT
Clochette IV,ShannieZhong IV,pt-PT
Clock Diner,Lanchonete do Relógio,pt-PT
Clock Studios Customer Service,Atendimento ao Cliente dos Estúdios Clock,pt-PT
Cloudbreadth Sleeves Automated Customer Service,Atendimento ao cliente automatizado das Mangas Nuviosas,pt-PT
Clo■■■,Reló■■■,pt-PT
Clo■■■■,Reló■■■,pt-PT
Club Hex,Clube Hex,pt-PT
Club de Hertederos de la señora Herta,Clube de Herdeiros da Madame Herta,pt-PT
Cocolia's Echo,Eco de Cocolia,pt-PT
Cocolias Echo,Eco de Cocolia,pt-PT
Comandante,Sr. Figurão,pt-PT
Comité d'accueil d'Amphoreus,Equipe de Boas-vindas de Amphoreus,pt-PT
Comité d'organisation du tournoi,Comitê de Organização da Competição,pt-PT
Comité organizador,Comitê de Organização da Competição,pt-PT
Commandant Transistor,Sr. Figurão,pt-PT
Competition Organizing Committee,Comitê de Organização da Competição,pt-PT
Compound Interest Finance,Finanças de Juros Compostos,pt-PT
Comunicaciones de la brigada cazafantasmas,Grupo do Esquadrão Caça-Fantasmas,pt-PT
Conducteur du funiculaire,Operador de Teleférico,pt-PT
Conduite spatiale sans permis,Condução Espacial sem Brevê,pt-PT
Conque de grosse marrade,Concha Cômica,pt-PT
Contratista de los Sabueso,Cão de Caça Empreiteiro,pt-PT
Coordinador de la ceremonia de Habilidades Estelares de Combate,Coordenador do Torneio da Dança da Guerra,pt-PT
Copa de cristal,Taça de Cristal,pt-PT
Costumière,Confeccionadora,pt-PT
Coupe en cristal,Taça de Cristal,pt-PT
Courteous Woman,Mulher Cortês,pt-PT
Crackup Conch,Concha Cômica,pt-PT
Crystal Chalice,Taça de Cristal,pt-PT
Cubo de basura,Lata de Lixo,pt-PT
Cubo de basura ardiente,Lata de Lixo em Chamas,pt-PT
Cubo de basura ardientemente apasionado,Lata de Lixo com uma Paixão Ardente,pt-PT
Cubo de basura descorazonado,Lata de Lixo de Coração Partido,pt-PT
Cuma Mau Jadi Manekin,Só Quero Ser Um Manequim,pt-PT
Cuồng Bánh Đậu,FãFeijãoVermelho,pt-PT
"Cuồng Bánh Đậu, Bill Gite, Lái Máy Bay Không Bằng Lái...","FãFeijãoVermelho, Bill Portcullis e Condução Espacial Sem Brevê...",pt-PT
Cygne noir,Cisne Negro,pt-PT
Cyrène,Cyrene,pt-PT
Cây Trồng Kỳ Lạ,Planta Estranha,pt-PT
Céline,Celine,pt-PT
Céridra,Cerydra,pt-PT
Cérydra,Cerydra,pt-PT
Cífer,Cipher,pt-PT
Có Biết Tôi Không,Você Já me Conhece,pt-PT
Cô Bé Căng Thẳng,Garota Nervosa,pt-PT
Cô Bé Lang Thang,Menina Andarilha,pt-PT
Cô Gái Lo Âu,Mulher Ansiosa,pt-PT
Công Nhân Xe Khoáng Học Việc,Operador Aprendiz,pt-PT
Cầm Đèn Tìm Người,Caçador de Luz,pt-PT
Cục Quản Chế Dị Thể,Departamento de Defesa Contra Aberrações,pt-PT
DM Kalau Mau Kenalan,Bate-papo Privado de Namoro,pt-PT
Dahlia,A Dália,pt-PT
Dailyraton,Pelix,pt-PT
Dama,Senhorita,pt-PT
Dan Heng - Imbibitor Lunae,Dan Heng - Embebidor Lunae,pt-PT
Dan Heng - จ้าวทระนงคงปฐพี,Dan Heng - Permansor Terrae,pt-PT
Dan Heng - จ้าวยลจันทรา,Dan Heng - Embebidor Lunae,pt-PT
Dan Heng - Ẩm Nguyệt,Dan Heng - Embebidor Lunae,pt-PT
Dan Heng · Imbibitor Lunae,Dan Heng - Embebidor Lunae,pt-PT
Dan Heng – Imbibitor Lunae,Dan Heng - Embebidor Lunae,pt-PT
Dan Heng – Permansor Terrae,Dan Heng - Permansor Terrae,pt-PT
Dan Heng • Imbibitor Lunae,Dan Heng - Embebidor Lunae,pt-PT
Dan Heng • Permansor Terrae,Dan Heng - Permansor Terrae,pt-PT
Darurat,É urgente,pt-PT
Dazzling Ninja Hero,Okashira Deslumbrante,pt-PT
Dazzling fan gathering spot,Local de reunião de fãs deslumbrantes,pt-PT
Decimotercer Titán,O 13º Titã,pt-PT
Definitiva en toda la cara,Perícia-Suprema-na-Cara,pt-PT
Delivery Person,Entregador,pt-PT
Demetria,Demétria,pt-PT
Deméter,Demétria,pt-PT
Dengar,Ouça,pt-PT
Departamento de Defensa contra Aberrantes,Departamento de Defesa Contra Aberrações,pt-PT
Departemen Pertahanan Anomali,Departamento de Defesa Contra Aberrações,pt-PT
Department of Aberration Defense,Departamento de Defesa Contra Aberrações,pt-PT
Depressed Patient,Paciente Depressivo,pt-PT
Depressiver Patient,Paciente Depressivo,pt-PT
Desconocido,Anônimo,pt-PT
Detektif Papan Iklan,Painel Publicitário Investigador,pt-PT
Di_Patata,Diga_Xis,pt-PT
Diari Ketenaran Sparxie,Diário da Ascensão à Fama da Sparxie,pt-PT
Diario Dulces Sueños,Folha dos Doces Sonhos,pt-PT
Diario de Chispa al rojo vivo,Diário da Ascensão à Fama da Sparxie,pt-PT
Die Astralexpress-Familie,Família do Expresso Astral,pt-PT
Die Dahlie,A Dália,pt-PT
DigitalerMinimüll,Lixo Eletrônico,pt-PT
Diriku Adalah sang Ninja Dazzling,Eu me chamo Ninja Deslumbrante,pt-PT
Disciple évoccultiste,Discípulo do Evocultismo,pt-PT
Discípulo evocultista,Discípulo do Evocultismo,pt-PT
Diting Qua Đường,Diting Transeunte,pt-PT
Diting que pasa por allí,Diting Transeunte,pt-PT
Diting yang Lewat,Diting Transeunte,pt-PT
Diting ที่ผ่านมาตัวหนึ่ง,Diting Transeunte,pt-PT
Diva Vương Quốc Tuyết,Cantora das Terras Invernais,pt-PT
Dokter Edward,Dr. Edward,pt-PT
Dr Blues,Dr. Azul,pt-PT
Dr Edward,Dr. Edward,pt-PT
Dr Ratio,Dr. Ratio,pt-PT
Dr. Blues,Dr. Azul,pt-PT
Dr. Dig,Dr. Cavador,pt-PT
Dr. Pala,Dr. Cavador,pt-PT
Dr. Wahrheit,Dr. Ratio,pt-PT
Dr. 레이시오,Dr. Ratio,pt-PT
Dr. 에드워드,Dr. Edward,pt-PT
Dr. 파고파고,Dr. Cavador,pt-PT
Dr.Dig,Dr. Cavador,pt-PT
Dr.エドワード,Dr. Edward,pt-PT
Dr.クック,Dr. Cavador,pt-PT
Dr.レイシオ,Dr. Ratio,pt-PT
Dragonpachi,PeLu,pt-PT
Dream Jigsaw Research Group,Grupo de Pesquisa Quebra-Cabeça Onírico,pt-PT
Drei große Schätze,Os Três Tesouros,pt-PT
DreizehnterTitan,O 13º Titã,pt-PT
Du_kennst_mich_schon,Você Já me Conhece,pt-PT
Démétria,Demétria,pt-PT
Département de Défense contre les Aberrations,Departamento de Defesa Contra Aberrações,pt-PT
Dónde-buscar-los-fuegos-artificiales,Onde-há-fumaça-há-fogo,pt-PT
E-Sampah,Lixo Eletrônico,pt-PT
E-Trash,Lixo Eletrônico,pt-PT
E-déchet,Lixo Eletrônico,pt-PT
Ecology Researcher,Pesquisador de Ecologia,pt-PT
Ectoprince,Parapríncipe,pt-PT
El carnicero,O Açougueiro,pt-PT
Elderly Patient,Paciente Idosa,pt-PT
Electrodomésticos de la Paz Interastral,Eletrodomésticos da Paz Interastral,pt-PT
Emotional Patient,Paciente Emotiva,pt-PT
Emotionale Patientin,Paciente Emotiva,pt-PT
"En avant, fans de Lesley Dean !","Fãs do Lesley Dean, Bora!",pt-PT
Enquêteur de la Garde de la crinière d'argent,Investigador da Guarda Crinalva,pt-PT
Equipo Colonipenal,Equipe Penacony,pt-PT
Equipo de bienvenida de Amphoreus,Equipe de Boas-vindas de Amphoreus,pt-PT
Equipo de investigación del robo de objetos históricos,Grupo Especial de Investigação de Roubo de Artefatos,pt-PT
Equipo de vigilancia de Herta,Equipe de Monitoramento de Herta,pt-PT
Erkunder_Hinter_dem_Himmel,Explorador de Outro Mundo,pt-PT
Ermittler der Silbermähnen-Wachen,Investigador da Guarda Crinalva,pt-PT
Escuchar,Ouça,pt-PT
Espectadora indiferente,Espectador Indiferente,pt-PT
Estación Espacial - Asuntos del Círculo de Genios,Estação Espacial - Comunicação da Sociedade de Gênios,pt-PT
Evernight,Noite Eterna,pt-PT
Evoccultic Disciple,Discípulo do Evocultismo,pt-PT
Experto En Chismes,EspirraChá Profissa,pt-PT
Explorador de otro mundo,Explorador de Outro Mundo,pt-PT
Explorateur de l'au-delà,Explorador de Outro Mundo,pt-PT
FAQ des Guerres de l'étherium,Grupo Oficial de P&R das Guerras de Aetherium,pt-PT
FagusaSigueBebiendo,Phagousa Ainda Está Bebendo,pt-PT
Fainón,Phainon,pt-PT
Familia del Expreso Astral,Família do Expresso Astral,pt-PT
Familienunterhaltungsassistentin von Sparxie,Assistente de Entretenimento Familiar da Sparxie,pt-PT
Fan Lesley Dean Tập Hợp!,"Fãs do Lesley Dean, Bora!",pt-PT
Fan de match de boxe,Fã de Luta de Boxe,pt-PT
Fan-Treffpunkt von „Blendende Ninjas“,Local de reunião de fãs deslumbrantes,pt-PT
Fans de Lesley Dean,"Fãs do Lesley Dean, Bora!",pt-PT
Fans de los Ninjas Deslumbrantes,Local de reunião de fãs deslumbrantes,pt-PT
"Fans von Lesley Dean, vereinigt euch!","Fãs do Lesley Dean, Bora!",pt-PT
Femme anxieuse,Mulher Ansiosa,pt-PT
Femme courtoise,Mulher Cortês,pt-PT
Feurige Mülltonne,Lata de Lixo em Chamas,pt-PT
Fiery Trashcan,Lata de Lixo em Chamas,pt-PT
Fille anxieuse,Garota Nervosa,pt-PT
Finance à intérêts composés,Finanças de Juros Compostos,pt-PT
Finanzas con interés compuesto,Finanças de Juros Compostos,pt-PT
Findie,Achão,pt-PT
Firefly,Vaga-lume,pt-PT
Flor de plátano-chan (modo trabajador),Florinana-chan (Edição Trabalhadora),pt-PT
Foro de debate de la doncella celestial rosada,Grupo de Debate da Donzela Celestial Rosada,pt-PT
Forscher der Abteilung für Ökologie,Pesquisador de Ecologia,pt-PT
Forschungsgruppe für Traumpuzzles,Grupo de Pesquisa Quebra-Cabeça Onírico,pt-PT
Foxian Beauty Daiqing,"Daiqing, a Beldade Vulpe",pt-PT
Foxianische Schönheit Daiqing,"Daiqing, a Beldade Vulpe",pt-PT
Franken (officiel),Franken_Oficial,pt-PT
Franken Official,Franken_Oficial,pt-PT
Franken_Official,Franken_Oficial,pt-PT
Frau Hertas Heritor-Club,Clube de Herdeiros da Madame Herta,pt-PT
Free-lance Fin-Limier,Cão de Caça Empreiteiro,pt-PT
From Where to View Fireworks,Onde-há-fumaça-há-fogo,pt-PT
Furblix,Pelix,pt-PT
Furbulitzer,Pulitzôncio,pt-PT
Furlee Tiểu Hổ,PeLanza,pt-PT
Furlee Tiểu Long,PeLu,pt-PT
Furlian,Joolyon,pt-PT
Führerscheinloses Fahren,Condução Espacial sem Brevê,pt-PT
Gadis yang Gugup,Garota Nervosa,pt-PT
Gadis yang Mondar-mandir,Menina Andarilha,pt-PT
Garde de la crinière d'argent,Guarda Crinalva,pt-PT
Garmentmaker,Confeccionadora,pt-PT
Gawat! Kita dikepung orang bodoh!,Manda ver! Só tem idiotas aqui!,pt-PT
Geisterjägertrupp,Esquadrão Caça-Fantasmas,pt-PT
Geisterjägertrupp-Chat,Grupo do Esquadrão Caça-Fantasmas,pt-PT
Gelas Kristal,Taça de Cristal,pt-PT
Gema Suara Cocolia,Eco de Cocolia,pt-PT
Gemurmel des Goldenen Sündenbocks,Sussurros do Bode Expiatório Dourado,pt-PT
Geschäft ist Geschäft,Negócio é Negócio,pt-PT
Gesellschaft der rechtmäßigen Rechte,Sociedade dos Direitos Legítimos,pt-PT
Ghost-Hunting Squad,Esquadrão Caça-Fantasmas,pt-PT
Ghost-Hunting Squad Comms,Grupo do Esquadrão Caça-Fantasmas,pt-PT
Giao lưu giải đấu Lễ Diễn Võ,Coordenador do Torneio da Dança da Guerra,pt-PT
Gigafurb,Gigalôncio,pt-PT
Gigapachi,Gigalôncio,pt-PT
Gigaroo,Gigalôncio,pt-PT
Ginger Spotted Dove,Pomba Ruiva Malhada,pt-PT
Gitarrenmeisterin,Mestra da Guitarra,pt-PT
Giọng Nữ Yếu Ớt,Voz Feminina Fraca,pt-PT
Glühwürmchen,Vaga-lume,pt-PT
Golden Scapegoat's Mutterings,Sussurros do Bode Expiatório Dourado,pt-PT
Green Hibiscus,Hibisco Verde,pt-PT
Groupe d'investigation dédié aux vols d'artéfacts,Grupo Especial de Investigação de Roubo de Artefatos,pt-PT
Groupe des nouvelles bananes de l'Université Origami,Grupo de Bananas Frescas da Academia Dobradura,pt-PT
Große Herta,A Herta,pt-PT
Gru Ñona,Ranzinza,pt-PT
Grumpy,Ranzinza,pt-PT
"Grup Diskusi ""Dewi Pink""",Grupo de Debate da Donzela Celestial Rosada,pt-PT
Grup Pisang Segar Paperfold University,Grupo de Bananas Frescas da Academia Dobradura,pt-PT
"Grup Resmi Q&A ""Perang Aetherium""",Grupo Oficial de P&R das Guerras de Aetherium,pt-PT
Grup Revitalisasi Aurum Alley,Projeto de Revitalização do Beco Aurum,pt-PT
Grupo de dudas de Guerras Etéreas,Grupo Oficial de P&R das Guerras de Aetherium,pt-PT
Grupo de investigación de los Rompecabezas de ensueño,Grupo de Pesquisa Quebra-Cabeça Onírico,pt-PT
Grupo de platanovatos de la Academia de Origami,Grupo de Bananas Frescas da Academia Dobradura,pt-PT
Grüner Hibiskus,Hibisco Verde,pt-PT
Guardia Crinargenta,Guarda Crinalva,pt-PT
Guide des feux d'artifice,Onde-há-fumaça-há-fogo,pt-PT
Guitar Master,Mestra da Guitarra,pt-PT
Guitarrista Pro,Mestra da Guitarra,pt-PT
Gumaman Kambing Hitam Emas,Sussurros do Bode Expiatório Dourado,pt-PT
Habitual de los combates,Fã de Luta de Boxe,pt-PT
HairMaestro,PenteadoArtístico,pt-PT
Hamstrung Researcher,Pesquisador Desesperado,pt-PT
HarryPottins,EspirraChá Profissa,pt-PT
Heartbroken Trashcan,Lata de Lixo de Coração Partido,pt-PT
Hekate,Hékate,pt-PT
Heritor Club ของคุณ Herta,Clube de Herdeiros da Madame Herta,pt-PT
Herr Reca,Sr. Rec,pt-PT
Herr Xiyan,Sr. Xiyan,pt-PT
Herta Panopticon System,Sistema Panóptico de Herta,pt-PT
Herta Surveillance Team,Equipe de Monitoramento de Herta,pt-PT
Herta-Panoptikon-System,Sistema Panóptico de Herta,pt-PT
Herta-Überwachungsteam,Equipe de Monitoramento de Herta,pt-PT
Hex Club,Clube Hex,pt-PT
Hex-Club,Clube Hex,pt-PT
Hibiscus vert,Hibisco Verde,pt-PT
Hilfloser Forscher,Pesquisador Desesperado,pt-PT
Himeko - นวดารา,Himeko - Nova,pt-PT
Himeko Nova,Himeko - Nova,pt-PT
Himeko – Nova,Himeko - Nova,pt-PT
Himeko • Nova,Himeko - Nova,pt-PT
Hiệp Hội Một Thành Viên Herta,Clube de Herdeiros da Madame Herta,pt-PT
Hiệp Hội Yêu Chimera,Associação dos Entusiastas de Quimeras,pt-PT
Hombre inquieto,Paciente Inquieto,pt-PT
Hàng Hiệu Penacony,Artigos de Luxo de Penacony,pt-PT
Hécate,Hékate,pt-PT
Hôm nay Bánh Kem Rác ăn gì,O que o Bolo de Lixo vai comer hoje?,pt-PT
Höfliche Frau,Mulher Cortês,pt-PT
Hạt Mavla Xanh,Noz Mavla Verde,pt-PT
Hệ Thống Bao Quát Herta,Sistema Panóptico de Herta,pt-PT
Hồ Tiên Daiqing,"Daiqing, a Beldade Vulpe",pt-PT
Hội Nghị Âm Nhẫn,Montagem de Ninja do Som,pt-PT
I'm the Dazzling Ninja,Eu me chamo Ninja Deslumbrante,pt-PT
IPC Rep,Representante da CPI,pt-PT
Ich bin die Blendende Ninja,Eu me chamo Ninja Deslumbrante,pt-PT
IchWillNurAufDieBühne,Só Quero Ser Um Manequim,pt-PT
Ilalang di Bawah Sinar Rembulan,Juncos ao Luar,pt-PT
Indifferent Spectator,Espectador Indiferente,pt-PT
Indifferentes Publikum,Espectador Indiferente,pt-PT
Ingeniero de mantenimiento,Engenheiro de Manutenção,pt-PT
Ingénieur de maintenance,Engenheiro de Manutenção,pt-PT
Insinyur Pemeliharaan,Engenheiro de Manutenção,pt-PT
Interastral Network,Rede Interastral,pt-PT
Interastral Peace Appliances,Eletrodomésticos da Paz Interastral,pt-PT
Interastrale Friedensgeräte,Eletrodomésticos da Paz Interastral,pt-PT
Interastrales Netzwerk,Rede Interastral,pt-PT
Investigador de la Guardia Crinargenta,Investigador da Guarda Crinalva,pt-PT
Investigador del Departamento de Artes Instrumentales ocupado,Membro Ocupado do Departamento de Execução de Artes,pt-PT
Investigador del Departamento de Ecología,Pesquisador de Ecologia,pt-PT
Investigador exasperado,Pesquisador Desesperado,pt-PT
Investigadora nerviosa,Pesquisadora Nervosa,pt-PT
J'ai Zagreus dans la poche,"Zagreus, Me Dê Dinheiro",pt-PT
Je suis le ninja éblouissant,Eu me chamo Ninja Deslumbrante,pt-PT
Joueur fatigué,Jogador Cansado,pt-PT
Journal de l'ascension vers la gloire de Sparxie,Diário da Ascensão à Fama da Sparxie,pt-PT
Jtaicassé,Quebra-gente,pt-PT
Jugador cansado,Jogador Cansado,pt-PT
Julianpachi,Joolyon,pt-PT
Junco bajo la luna,Juncos ao Luar,pt-PT
Just Wanna Be A Mannequin,Só Quero Ser Um Manequim,pt-PT
KI-Antwort,Resposta de IA,pt-PT
Kampfkunstzeremonie-Koordinator,Coordenador do Torneio da Dança da Guerra,pt-PT
Kamu Tahu Aku,Você Já me Conhece,pt-PT
Kantor Berita Sweet Dream,Folha dos Doces Sonhos,pt-PT
Kate (Bertugas),Kate (Em Serviço),pt-PT
Kate (En service),Kate (Em Serviço),pt-PT
Kate (On Duty),Kate (Em Serviço),pt-PT
Kate (en servicio),Kate (Em Serviço),pt-PT
Kate (im Dienst),Kate (Em Serviço),pt-PT
Kate (Đang Trực Ban),Kate (Em Serviço),pt-PT
Kate (กำลังปฏิบัติหน้าที่),Kate (Em Serviço),pt-PT
Kelompok Peneliti Puzzle Mimpi,Grupo de Pesquisa Quebra-Cabeça Onírico,pt-PT
Keluarga Astral Express,Família do Expresso Astral,pt-PT
Keong Tertawa,Concha Cômica,pt-PT
Khách Quen Xem Đấu Quyền Anh,Fã de Luta de Boxe,pt-PT
Khẩn Cấp,É urgente,pt-PT
Klangninja-Versammlung,Montagem de Ninja do Som,pt-PT
Kleidermacherin,Confeccionadora,pt-PT
Kleiner Richie,Richie Descascado,pt-PT
Kleiner Roboter,Robozinho,pt-PT
Klub Pelindung Hak,Sociedade dos Direitos Legítimos,pt-PT
Klub Penggemar Nyonya Herta,Clube de Herdeiros da Madame Herta,pt-PT
Knochiger Bergarbeiter,Minerador Magricelo,pt-PT
Komandan,Sr. Figurão,pt-PT
Kommandant,Sr. Figurão,pt-PT
Komunikasi Tim Pemburu Hantu,Grupo do Esquadrão Caça-Fantasmas,pt-PT
Koordinasi Ritual Bela Diri,Coordenador do Torneio da Dança da Guerra,pt-PT
Kribo itu Seni,PenteadoArtístico,pt-PT
Kristallbecher,Taça de Cristal,pt-PT
Kue Sampah Makan Apa Hari Ini?,O que o Bolo de Lixo vai comer hoje?,pt-PT
Kundenservice der Clock-Studios,Atendimento ao Cliente dos Estúdios Clock,pt-PT
Kurir,Entregador,pt-PT
Kỹ Sư Sửa Chữa,Engenheiro de Manutenção,pt-PT
La Asociación de Derechos Lícitos,Sociedade dos Direitos Legítimos,pt-PT
La Dalia,A Dália,pt-PT
La Grande Herta,A Herta,pt-PT
La Société des droits légitimes,Sociedade dos Direitos Legítimos,pt-PT
La famille de l'Astral Express,Família do Expresso Astral,pt-PT
Lady,Senhorita,pt-PT
Lambe Turah,EspirraChá Profissa,pt-PT
Larganoche,Noite Eterna,pt-PT
Lau Sậy Dưới Ánh Trăng,Juncos ao Luar,pt-PT
Laufvogel,Ratite,pt-PT
Laut Hijau Gendut,Noz Mavla Verde,pt-PT
Layanan Pelanggan Clock Studios,Atendimento ao Cliente dos Estúdios Clock,pt-PT
"Layanan Pelanggan Otomatis ""Cloudbreadth Sleeves""",Atendimento ao cliente automatizado das Mangas Nuviosas,pt-PT
Le 13ème Titan,O 13º Titã,pt-PT
Le Dahlia,A Dália,pt-PT
Le Fossoyeur,Boothill,pt-PT
Le Vieux Goethe,Velho Goethe,pt-PT
Le boucher,O Açougueiro,pt-PT
Le village planaire se connecte,Planarvila Conectada,pt-PT
Les Herdorateurs de madame Herta,Clube de Herdeiros da Madame Herta,pt-PT
Les affaires sont les affaires,Negócio é Negócio,pt-PT
Les trois Trésors,Os Três Tesouros,pt-PT
"Lesley Dean Fans, Unite!","Fãs do Lesley Dean, Bora!",pt-PT
Licenseless Space Driving,Condução Espacial sem Brevê,pt-PT
Lichtjägerin,Caçador de Luz,pt-PT
Lieu de rassemblement des fans des Éblouissants,Local de reunião de fãs deslumbrantes,pt-PT
Light-Hunter,Caçador de Luz,pt-PT
Lila Shirley,Shirley Púrpura,pt-PT
Listen,Ouça,pt-PT
Little Robot,Robozinho,pt-PT
Livestream-Assistentin von Sparxie,Assistente de Stream da Sparxie,pt-PT
Llamarada (oficial),Fogo Vivo Oficial,pt-PT
Louve d'argent,Loba Prateada,pt-PT
Louve d'argent (Édition littéraire),Loba Prateada (Edição Literária),pt-PT
Louve d'argent Niv. 999,Loba Prateada Nv. 999,pt-PT
Luciole,Vaga-lume,pt-PT
Luciérnaga,Vaga-lume,pt-PT
Luxusgüter Penacony,Artigos de Luxo de Penacony,pt-PT
Ly Pha Lê,Taça de Cristal,pt-PT
Lái Máy Bay Không Bằng Lái,Condução Espacial sem Brevê,pt-PT
Lãi Chồng Lãi Tài Chính,Finanças de Juros Compostos,pt-PT
Lấy Mặt Hứng Đòn,Perícia-Suprema-na-Cara,pt-PT
Lời Thì Thầm Của Con Dê Gánh Tội Vàng,Sussurros do Bode Expiatório Dourado,pt-PT
Lục Phù Dung,Hibisco Verde,pt-PT
M-Robot,Robô-M,pt-PT
M-Roboter,Robô-M,pt-PT
MC Bagaar,Dr. Cavador,pt-PT
Machine publicitaire automatique « Lapin stellaire »,Máquina de Anúncios Automáticos Coelho Estelar,pt-PT
Madam Herta's Heritor Club,Clube de Herdeiros da Madame Herta,pt-PT
Maestro Gongshu,Mestre Gongshu,pt-PT
Maestro técnico de carros mineros,Operador Sênior de Carrinho de Mineração,pt-PT
Maintenance Engineer,Engenheiro de Manutenção,pt-PT
Makan Ultimate Ini,Perícia-Suprema-na-Cara,pt-PT
Mannequin sinon rien,Só Quero Ser Um Manequim,pt-PT
Mar. 7th,7 de Março,pt-PT
March 7th,7 de Março,pt-PT
Master Gitar,Mestra da Guitarra,pt-PT
Master Gongshu,Mestre Gongshu,pt-PT
Maître Capillo,PenteadoArtístico,pt-PT
Maître Gongshu,Mestre Gongshu,pt-PT
Meister Gongshu,Mestre Gongshu,pt-PT
Melancholiker,Melancolia,pt-PT
Melancholy,Melancolia,pt-PT
Melancolía,Melancolia,pt-PT
Membre débordé du Département de la mise en œuvre,Membro Ocupado do Departamento de Execução de Artes,pt-PT
Membre officiel des Feux sauvages,Fogo Vivo Oficial,pt-PT
Mensajera,Mensageira,pt-PT
Menschenzerstörung,Quebra-gente,pt-PT
Merpati Merah,Pomba Ruiva Malhada,pt-PT
"Mesin Iklan Otomatis ""Kelinci Rel Bintang""",Máquina de Anúncios Automáticos Coelho Estelar,pt-PT
Message Doll,Boneca Mensageira,pt-PT
Messagère,Mensageira,pt-PT
Messenger,Mensageira,pt-PT
Metzgerladen,O Açougueiro,pt-PT
Micha,Misha,pt-PT
Midei,Mydei,pt-PT
Miner,Minerador,pt-PT
Minero aprendiz,Operador Aprendiz,pt-PT
Minero flaco,Minerador Magricelo,pt-PT
Mineur,Minerador,pt-PT
Mineur rachitique,Minerador Magricelo,pt-PT
Misunderestimate,Malsubestimado,pt-PT
Mitarbeiter der Bluthunde,Cão de Caça Empreiteiro,pt-PT
Monsieur Reca,Sr. Rec,pt-PT
Monsieur Xiyan,Sr. Xiyan,pt-PT
Mr. Bigwig,Sr. Figurão,pt-PT
Mr. Reca,Sr. Rec,pt-PT
Mr. Xiyan,Sr. Xiyan,pt-PT
Mr. 레카,Sr. Rec,pt-PT
Mr.レック,Sr. Rec,pt-PT
Mujer cortés,Mulher Cortês,pt-PT
Murmullos del chivo expiatorio dorado,Sussurros do Bode Expiatório Dourado,pt-PT
Murmures du Bouc émissaire doré,Sussurros do Bode Expiatório Dourado,pt-PT
Muñeca de mensajes,Boneca Mensageira,pt-PT
"Máy Quảng Cáo Tự Động ""Thỏ Đường Ray Tinh Cầu""",Máquina de Anúncios Automáticos Coelho Estelar,pt-PT
Mélancolie,Melancolia,pt-PT
Müder Spieler,Jogador Cansado,pt-PT
Mülltonne,Lata de Lixo,pt-PT
Mülltonne mit gebrochenem Herzen,Lata de Lixo de Coração Partido,pt-PT
"Mülltonne, die Feuer und Flamme ist",Lata de Lixo com uma Paixão Ardente,pt-PT
Mạng Lưới Viễn Thông Hành Tinh,Rede Interastral,pt-PT
Một chiếc ống nghiệm,Tubo_de_ensaio,pt-PT
NPC Penguji,NPC de Teste,pt-PT
Nanabloom-chan (Hardworking Edition),Florinana-chan (Edição Trabalhadora),pt-PT
Nanablüte Chan (Fleißige Version),Florinana-chan (Edição Trabalhadora),pt-PT
Negocios son negocios,Negócio é Negócio,pt-PT
Nervous Girl,Garota Nervosa,pt-PT
Nervous Researcher,Pesquisadora Nervosa,pt-PT
Nervöse Forscherin,Pesquisadora Nervosa,pt-PT
Nervöses Mädchen,Garota Nervosa,pt-PT
Neugieriger Bürger,Cidadão Enxerido,pt-PT
Nghe,Ouça,pt-PT
Người Bán Thịt,O Açougueiro,pt-PT
Người Bệnh Sợ Phiền Phức,Paciente Tímido,pt-PT
Người Dân Hung Hăng,Cidadã Agressiva,pt-PT
Người Dân Lo Lắng,Cidadã Preocupada,pt-PT
Người Dân Nghe Ngóng,Cidadão Enxerido,pt-PT
Người Dân Than Phiền,Cidadã Agitada,pt-PT
Người Giao Hàng,Entregador,pt-PT
Người Đàn Ông Nôn Nóng,Paciente Inquieto,pt-PT
Nhà Hàng Đồng Hồ,Lanchonete do Relógio,pt-PT
Nhà Nghiên Cứu Bất An,Pesquisadora Nervosa,pt-PT
Nhà Nghiên Cứu Hết Cách,Pesquisador Desesperado,pt-PT
Nhà Nghiên Cứu Khoa Giống Loài,Pesquisador de Ecologia,pt-PT
Nhà Nghiên Cứu Khoa Ứng Dụng Bận Rộn,Membro Ocupado do Departamento de Execução de Artes,pt-PT
Nhà Thám Hiểm Ngoài Bầu Trời,Explorador de Outro Mundo,pt-PT
Nhân Viên Vận Hành Tuyến Cáp,Operador de Teleférico,pt-PT
Nhóm Chúi Mới Học Viện Gấp Giấy,Grupo de Bananas Frescas da Academia Dobradura,pt-PT
Nhóm Nghiên Cứu Tranh Ghép Xây Mộng,Grupo de Pesquisa Quebra-Cabeça Onírico,pt-PT
Nhóm Phục Hưng Phố Kim Nhân,Projeto de Revitalização do Beco Aurum,pt-PT
"Nhóm Q&A Chính Thức ""Cuộc Chiến Aetherium""",Grupo Oficial de P&R das Guerras de Aetherium,pt-PT
Nhóm liên lạc của Biệt Đội Bắt Ma,Grupo do Esquadrão Caça-Fantasmas,pt-PT
"Nhóm thảo luận ""Tiên Nữ Mây Hồng""",Grupo de Debate da Donzela Celestial Rosada,pt-PT
Nhóm Đón Khách Amphoreus,Equipe de Boas-vindas de Amphoreus,pt-PT
Nhóm đồng bộ công việc CLB Thiên Tài - Trạm Không Gian,Estação Espacial - Comunicação da Sociedade de Gênios,pt-PT
Nhẫn Hiệp-Dazzling,Okashira Deslumbrante,pt-PT
Nhẫn Hiệp-Dazzling Là Tại Hạ,Eu me chamo Ninja Deslumbrante,pt-PT
Nhật Ký Xây Kênh Bùng Nổ Của Sparxie,Diário da Ascensão à Fama da Sparxie,pt-PT
Ninja Deslumbrante,Okashira Deslumbrante,pt-PT
Ninja éblouissante,Okashira Deslumbrante,pt-PT
Niña que espera,Menina Andarilha,pt-PT
Nocterna,Noite Eterna,pt-PT
Noix Malva vert émeraude,Noz Mavla Verde,pt-PT
Nona Foxian Daiqing,"Daiqing, a Beldade Vulpe",pt-PT
Nonton kembang api dari mana,Onde-há-fumaça-há-fogo,pt-PT
Nosy Citizen,Cidadão Enxerido,pt-PT
Notfall,É urgente,pt-PT
Nuez verde,Noz Mavla Verde,pt-PT
Nên Xem Pháo Hoa Từ Phía Nào,Onde-há-fumaça-há-fogo,pt-PT
Officer,Oficial,pt-PT
Officier,Oficial,pt-PT
Offizielle Frage-und-Antwort-Gruppe von Ätheriumkrieg,Grupo Oficial de P&R das Guerras de Aetherium,pt-PT
Offizier,Oficial,pt-PT
Old Friend,Velho Amigo,pt-PT
Old Goethe,Velho Goethe,pt-PT
On est entourés par des imbéciles !,Manda ver! Só tem idiotas aqui!,pt-PT
Onlineforum „Rosige Himmelsmaid“,Grupo de Debate da Donzela Celestial Rosada,pt-PT
Operador del teleférico,Operador de Teleférico,pt-PT
Operator Kereta Gantung,Operador de Teleférico,pt-PT
Operator Kereta Tambang Senior,Operador Sênior de Carrinho de Mineração,pt-PT
Operator Kereta Tambang yang Magang,Operador Aprendiz,pt-PT
Organisationskomitee des Wettbewerbs,Comitê de Organização da Competição,pt-PT
Origami-Akademie – Frische Banagruppe,Grupo de Bananas Frescas da Academia Dobradura,pt-PT
P'tite fleur de banane (mode travail),Florinana-chan (Edição Trabalhadora),pt-PT
PNJ de prueba,NPC de Teste,pt-PT
PNJ test,NPC de Teste,pt-PT
Pachiflix,Pelix,pt-PT
Paciente anciana,Paciente Idosa,pt-PT
Paciente calmada,Paciente Calma,pt-PT
Paciente deprimido,Paciente Depressivo,pt-PT
Paciente emocional,Paciente Emotiva,pt-PT
Paciente sospechoso,Paciente Suspeito,pt-PT
Paciente tímido,Paciente Tímido,pt-PT
Pahlawan Ninja Dazzling,Okashira Deslumbrante,pt-PT
Pandarooporter,Pulitzôncio,pt-PT
Pandragoo,PeLu,pt-PT
Pangeran Semu,Parapríncipe,pt-PT
Panitia Penyelenggara Kompetisi,Comitê de Organização da Competição,pt-PT
Panneau détective,Painel Publicitário Investigador,pt-PT
Pantigroo,PeLanza,pt-PT
Paperfold University Fresh Banana Group,Grupo de Bananas Frescas da Academia Dobradura,pt-PT
Paraprince,Parapríncipe,pt-PT
Paraprinz,Parapríncipe,pt-PT
Pasien Curiga,Paciente Suspeito,pt-PT
Pasien Depresi,Paciente Depressivo,pt-PT
Pasien Tua,Paciente Idosa,pt-PT
Pasien yang Emosional,Paciente Emotiva,pt-PT
Pasien yang Takut Repot,Paciente Tímido,pt-PT
Pasien yang Tenang,Paciente Calma,pt-PT
Passerby Diting,Diting Transeunte,pt-PT
Patient agité,Paciente Inquieto,pt-PT
Patient déprimé,Paciente Depressivo,pt-PT
Patient suspicieux,Paciente Suspeito,pt-PT
Patient timide,Paciente Tímido,pt-PT
Patiente calme,Paciente Calma,pt-PT
Patiente âgée,Paciente Idosa,pt-PT
Patiente émotive,Paciente Emotiva,pt-PT
Peelin' Richie,Richie Descascado,pt-PT
Pelanggan Pertandingan Tinju,Fã de Luta de Boxe,pt-PT
PeloArtístico,PenteadoArtístico,pt-PT
Pemain yang Kelelahan,Jogador Cansado,pt-PT
Pemburu Cahaya,Caçador de Luz,pt-PT
Penacony Luxury Goods,Artigos de Luxo de Penacony,pt-PT
Penambang,Minerador,pt-PT
Penambang Kurus Nan Lemah,Minerador Magricelo,pt-PT
Peneliti Departemen Ekologi,Pesquisador de Ecologia,pt-PT
Peneliti Seni Implementasi yang Sibuk,Membro Ocupado do Departamento de Execução de Artes,pt-PT
Peneliti yang Tidak Ada Pilihan,Pesquisador Desesperado,pt-PT
Peneliti yang Tidak Tenang,Pesquisadora Nervosa,pt-PT
Penerang Tambang Balaway,"Balaway, o Lanterna de Minerador",pt-PT
Penggemar Lesley Dean Bersatu!,"Fãs do Lesley Dean, Bora!",pt-PT
Penggemar Pasta Kacang,FãFeijãoVermelho,pt-PT
"Penggemar Pasta Kacang, Bill Portcullis, Pilot Kapal Tanpa SIM ....","FãFeijãoVermelho, Bill Portcullis e Condução Espacial Sem Brevê...",pt-PT
Penghancur Tanpa Lelah,Quebra-gente,pt-PT
Pengikut Evokultis,Discípulo do Evocultismo,pt-PT
Pengurus Bloodhound,Cão de Caça Empreiteiro,pt-PT
Penjelajah Luar Angkasa,Explorador de Outro Mundo,pt-PT
Penonton Cuek,Espectador Indiferente,pt-PT
Penyidik Silvermane Guard,Investigador da Guarda Crinalva,pt-PT
Peoplebreaker,Quebra-gente,pt-PT
Perhimpunan Ninja Suara,Montagem de Ninja do Som,pt-PT
"Perkumpulan Penggemar ""Dazzling Tumult""",Local de reunião de fãs deslumbrantes,pt-PT
Perla,Pearl,pt-PT
Perle,Pearl,pt-PT
PermArt,PenteadoArtístico,pt-PT
Personal de la mina,Minerador,pt-PT
Personnel de livraison,Entregador,pt-PT
Perwakilan IPC,Representante da CPI,pt-PT
Perwakilan Komite Ritual Bela Diri,Representante do Comitê de Organização da Cerimônia da Dança da Guerra,pt-PT
Petit robot,Robozinho,pt-PT
Petite fille errante,Menina Andarilha,pt-PT
Petugas,Oficial,pt-PT
Phagousa Is Still Drinking,Phagousa Ainda Está Bebendo,pt-PT
Phagousa Sedang Minum,Phagousa Ainda Está Bebendo,pt-PT
Phagousa Vẫn Đang Uống,Phagousa Ainda Está Bebendo,pt-PT
Phagousa boit encore et toujours,Phagousa Ainda Está Bebendo,pt-PT
Phagousa ยังดื่มอยู่,Phagousa Ainda Está Bebendo,pt-PT
Phagousa_trinkt_immer_noch,Phagousa Ainda Está Bebendo,pt-PT
Phaénon,Phainon,pt-PT
Phát Tin Cấm Địa Thiết Vệ,Rádio de Zona Restrita,pt-PT
Phấn Khích,Malsubestimado,pt-PT
Picas,Espada,pt-PT
Pigeon roux tacheté,Pomba Ruiva Malhada,pt-PT
Pik,Espada,pt-PT
Pilot Kapal Tanpa SIM,Condução Espacial sem Brevê,pt-PT
Piloto sin licencia,Condução Espacial sem Brevê,pt-PT
Pinjol Bunga Super Tinggi,Finanças de Juros Compostos,pt-PT
PisangArmy,TesouroNana,pt-PT
Pisangmekar-chan (Edisi Kerja Keras),Florinana-chan (Edição Trabalhadora),pt-PT
Planarvilla en línea,Planarvila Conectada,pt-PT
Planarville Goes Online,Planarvila Conectada,pt-PT
Planarville Nối Mạng,Planarvila Conectada,pt-PT
Planarville wird verbunden,Planarvila Conectada,pt-PT
PlanarvilleOnline,Planarvila Conectada,pt-PT
Planta extraña,Planta Estranha,pt-PT
Plante étrange,Planta Estranha,pt-PT
Poubelle,Lata de Lixo,pt-PT
Poubelle au cœur brisé,Lata de Lixo de Coração Partido,pt-PT
Poubelle de feu,Lata de Lixo em Chamas,pt-PT
Poubelle à la passion brûlante,Lata de Lixo com uma Paixão Ardente,pt-PT
Poupée des messages,Boneca Mensageira,pt-PT
Prends-toi-mon-ultime-dans-la-face,Perícia-Suprema-na-Cara,pt-PT
Pria yang Tidak Sabaran,Paciente Inquieto,pt-PT
Principachi,Parapríncipe,pt-PT
Private Dating Chat,Bate-papo Privado de Namoro,pt-PT
Privater Dating-Chat,Bate-papo Privado de Namoro,pt-PT
Pro Tea-Spiller,EspirraChá Profissa,pt-PT
Pro_de_la_gratte,Mestra da Guitarra,pt-PT
Produits de luxe de Penacony,Artigos de Luxo de Penacony,pt-PT
Projet de relance de l'allée des Aurums,Projeto de Revitalização do Beco Aurum,pt-PT
Proyecto de revitalización del Callejón Aurum,Projeto de Revitalização do Beco Aurum,pt-PT
Présentateur de la Danse martiale,Coordenador do Torneio da Dança da Guerra,pt-PT
Public indifférent,Espectador Indiferente,pt-PT
Pulitzkun,Pulitzôncio,pt-PT
Pulitzpachi,Pulitzôncio,pt-PT
Purple Shirley,Shirley Púrpura,pt-PT
Pérégrine,Fugue,pt-PT
QameraPakaiHuruf_Q,Diga_Xis,pt-PT
Que va manger Gâteau d'ordures aujourd'hui ?,O que o Bolo de Lixo vai comer hoje?,pt-PT
QuieroSerModelo,Só Quero Ser Um Manequim,pt-PT
Quân Bích,Espada,pt-PT
Radio de la zona restringida,Rádio de Zona Restrita,pt-PT
Rakuflix,Pelix,pt-PT
Rakumacan,PeLanza,pt-PT
Rakunaga,PeLu,pt-PT
Raumstation – Geniusgesellschaft-Updates,Estação Espacial - Comunicação da Sociedade de Gênios,pt-PT
ReagenzGlas,Tubo_de_ensaio,pt-PT
Reagenz_Glas,Malsubestimado,pt-PT
Realm-Keeping Commission: Emergency Response Center,Comissão de Manutenção do Reino: Centro de Resposta a Emergências,pt-PT
Realm-Keeping Commission: Pusat Respons Darurat,Comissão de Manutenção do Reino: Centro de Resposta a Emergências,pt-PT
Realm-Keeping Commission: ศูนย์รับมือเหตุฉุกเฉิน,Comissão de Manutenção do Reino: Centro de Resposta a Emergências,pt-PT
Red Interestelar,Rede Interastral,pt-PT
RedBeanStan,FãFeijãoVermelho,pt-PT
"RedBeanStan, Bill Portcullis, and Licenseless Space Driving...","FãFeijãoVermelho, Bill Portcullis e Condução Espacial Sem Brevê...",pt-PT
Reeds in the Moonlight,Juncos ao Luar,pt-PT
Relo■■■,Reló■■■,pt-PT
Repartidor,Entregador,pt-PT
Representante de la Corporación,Representante da CPI,pt-PT
Représentant de la CPI,Representante da CPI,pt-PT
Représentant du comité d'organisation de la Danse martiale,Representante do Comitê de Organização da Cerimônia da Dança da Guerra,pt-PT
Respuesta de la IA,Resposta de IA,pt-PT
Restaurant Clock,Lanchonete do Relógio,pt-PT
Restaurante Reloj,Lanchonete do Relógio,pt-PT
Restless Patient,Paciente Inquieto,pt-PT
Restricted Zone Radio,Rádio de Zona Restrita,pt-PT
Reunión de ninjas del sonido,Montagem de Ninja do Som,pt-PT
Rich Biết Tỏng,Rich_Sabidão,pt-PT
Rich Sabelotodo,Rich_Sabidão,pt-PT
Rich si Serba Tahu,Rich_Sabidão,pt-PT
Rich ผู้รอบรู้,Rich_Sabidão,pt-PT
Rich_Besserwisser,Rich_Sabidão,pt-PT
Rich_JeSais,Rich_Sabidão,pt-PT
Rich_Knowit,Rich_Sabidão,pt-PT
Richard Biết Tuốt,Richard_Sabichão,pt-PT
Richard Sabelotodo,Richard_Sabichão,pt-PT
Richard der Schlauberger,Richard_Sabichão,pt-PT
Richard si Serba Tahu,Richard_Sabichão,pt-PT
Richard ผู้รอบรู้,Richard_Sabichão,pt-PT
Richard_JeSaisTout,Richard_Sabichão,pt-PT
Richard_Knowitall,Richard_Sabichão,pt-PT
Richie Cáscara,Richie Descascado,pt-PT
Richie la Banane,Richie Descascado,pt-PT
RicoLeRouge,FãFeijãoVermelho,pt-PT
"RicoLeRouge, Bill Porte et Conduite spatiale sans permis...","FãFeijãoVermelho, Bill Portcullis e Condução Espacial Sem Brevê...",pt-PT
Riesenfurbo,Gigalôncio,pt-PT
Robin - คีตะคิมหันต์,Robin - Summeretto,pt-PT
Robin Estival,Robin - Summeretto,pt-PT
Robin – Summeretto,Robin - Summeretto,pt-PT
Robin • Estivaria,Robin - Summeretto,pt-PT
Robin • Summeretto,Robin - Summeretto,pt-PT
Robot Chứng Nhận,Robô Certificador,pt-PT
Robot Kecil,Robozinho,pt-PT
Robot M,Robô-M,pt-PT
Robot Nhỏ,Robozinho,pt-PT
Robot Sertifikasi,Robô Certificador,pt-PT
Robot certificador,Robô Certificador,pt-PT
Robot de certification,Robô Certificador,pt-PT
Robot pequeño,Robozinho,pt-PT
Ronchonne,Ranzinza,pt-PT
Roseaux au clair de lune,Juncos ao Luar,pt-PT
Rosy Celestial Maiden Discussion Group,Grupo de Debate da Donzela Celestial Rosada,pt-PT
Rotflecktaube,Pomba Ruiva Malhada,pt-PT
Ruhige Patientin,Paciente Calma,pt-PT
Rác Điện Tử Nhỏ,Lixo Eletrônico,pt-PT
Réponse de l'IA,Resposta de IA,pt-PT
Réseau Interastral,Rede Interastral,pt-PT
Saltillo,Loftin,pt-PT
Sastre,Confeccionadora,pt-PT
Say_Cheese,Diga_Xis,pt-PT
Say~Cheese~,Diga_Xis,pt-PT
Schilf im Mondlicht,Juncos ao Luar,pt-PT
Schneeland-Sängerin,Cantora das Terras Invernais,pt-PT
Schwache weibliche Stimme,Voz Feminina Fraca,pt-PT
Schwarzer Schwan,Cisne Negro,pt-PT
Scraggy Miner,Minerador Magricelo,pt-PT
Seilbahnfahrer,Operador de Teleférico,pt-PT
Seltsame Pflanze,Planta Estranha,pt-PT
Senior Mine Cart Operator,Operador Sênior de Carrinho de Mineração,pt-PT
Service client automatisé de Aux manches de nuage,Atendimento ao cliente automatizado das Mangas Nuviosas,pt-PT
Service client des Studios Chrono,Atendimento ao Cliente dos Estúdios Clock,pt-PT
Servicio automático de Atención al Cliente de Tejidos en la Nube,Atendimento ao cliente automatizado das Mangas Nuviosas,pt-PT
ShanZhong n.º 4,ShannieZhong IV,pt-PT
ShannieZhong หมายเลข 4,ShannieZhong IV,pt-PT
Shirley Mauve,Shirley Púrpura,pt-PT
Shirley Ungu,Shirley Púrpura,pt-PT
Shirley Violeta,Shirley Púrpura,pt-PT
Si Pisang Makmur,Richie Descascado,pt-PT
Siaran di Restricted Zone,Rádio de Zona Restrita,pt-PT
Siete de Marzo,7 de Março,pt-PT
Silbermähnen-Wache,Guarda Crinalva,pt-PT
Silberwolf,Loba Prateada,pt-PT
Silberwolf (Literarische Edition),Loba Prateada (Edição Literária),pt-PT
Silberwolf St. 999,Loba Prateada Nv. 999,pt-PT
Silver Wolf,Loba Prateada,pt-PT
Silver Wolf (Edisi Sastrawan),Loba Prateada (Edição Literária),pt-PT
Silver Wolf (Literary Edition),Loba Prateada (Edição Literária),pt-PT
Silver Wolf (versión literata),Loba Prateada (Edição Literária),pt-PT
Silver Wolf (เวอร์ชันนักประพันธ์),Loba Prateada (Edição Literária),pt-PT
Silver Wolf LV.999,Loba Prateada Nv. 999,pt-PT
Silver Wolf Niv. 999,Loba Prateada Nv. 999,pt-PT
Silvermane Guard,Guarda Crinalva,pt-PT
Silvermane Guard Investigator,Investigador da Guarda Crinalva,pt-PT
Sistema de vigilancia de Herta,Sistema Panóptico de Herta,pt-PT
Sky-Breaching Explorer,Explorador de Outro Mundo,pt-PT
Smaragdgrüne Malva-Nuss,Noz Mavla Verde,pt-PT
Sociedad Hex,Clube Hex,pt-PT
Société des génies - Station spatiale,Estação Espacial - Comunicação da Sociedade de Gênios,pt-PT
Soldat,Soldado,pt-PT
Soldier,Soldado,pt-PT
Solista de las Nieves,Cantora das Terras Invernais,pt-PT
Sondereinheit für Artefaktdiebstahl,Grupo Especial de Investigação de Roubo de Artefatos,pt-PT
Sonntag,Sunday,pt-PT
Sound Ninja Assembly,Montagem de Ninja do Som,pt-PT
Soy el ninja deslumbrante,Eu me chamo Ninja Deslumbrante,pt-PT
Space Station - Genius Society Comms,Estação Espacial - Comunicação da Sociedade de Gênios,pt-PT
Spade,Espada,pt-PT
Sparxie Family Entertainment Assistant,Assistente de Entretenimento Familiar da Sparxie,pt-PT
Sparxie Live Stream Assistant,Assistente de Stream da Sparxie,pt-PT
Sparxie la modo,Assistente de Stream da Sparxie,pt-PT
Sparxie's Rise to Fame Diary,Diário da Ascensão à Fama da Sparxie,pt-PT
"Sparxie, l'assistante du divertissement familial",Assistente de Entretenimento Familiar da Sparxie,pt-PT
Sparxies Tagebuch zum Ruhm,Diário da Ascensão à Fama da Sparxie,pt-PT
Sperrgebiet-Funk,Rádio de Zona Restrita,pt-PT
Sr. Reca,Sr. Rec,pt-PT
Sra. Herta,A Herta,pt-PT
Star Rabbit Auto-Ad Machine,Máquina de Anúncios Automáticos Coelho Estelar,pt-PT
Stasiun Luar Angkasa - Grub Sinkronisasi Urusan Genius Society,Estação Espacial - Comunicação da Sociedade de Gênios,pt-PT
Strange Plant,Planta Estranha,pt-PT
Suara Wanita yang Lemah,Voz Feminina Fraca,pt-PT
Suspicious Patient,Paciente Suspeito,pt-PT
Sweet Dream Times,Folha dos Doces Sonhos,pt-PT
Système panoptique de Herta,Sistema Panóptico de Herta,pt-PT
Sói Bạc,Loba Prateada,pt-PT
Sói Bạc (Bản Văn Hào),Loba Prateada (Edição Literária),pt-PT
Sói Bạc LV.999,Loba Prateada Nv. 999,pt-PT
Süße Traumzeit,Folha dos Doces Sonhos,pt-PT
Sĩ Quan,Oficial,pt-PT
Sư Phụ Gongshu,Mestre Gongshu,pt-PT
Sư Phụ Xe Khoáng,Operador Sênior de Carrinho de Mineração,pt-PT
Sở Địa Hành - Trung Tâm Khẩn Cấp,Comissão de Manutenção do Reino: Centro de Resposta a Emergências,pt-PT
Tabung Reaksi,Tubo_de_ensaio,pt-PT
Take-Ultimate-To-The-Face,Perícia-Suprema-na-Cara,pt-PT
Tanaman Aneh,Planta Estranha,pt-PT
Team Penacony,Equipe Penacony,pt-PT
Teman Lama,Velho Amigo,pt-PT
Temps des rêves,Folha dos Doces Sonhos,pt-PT
Tentara,Soldado,pt-PT
Test NPC,NPC de Teste,pt-PT
Test-NPC,NPC de Teste,pt-PT
The 13th Titan,O 13º Titã,pt-PT
The Astral Express Family,Família do Expresso Astral,pt-PT
The Butcher's,O Açougueiro,pt-PT
The Dahlia,A Dália,pt-PT
The Herta,A Herta,pt-PT
The Rightful Rights Society,Sociedade dos Direitos Legítimos,pt-PT
The Three Treasures,Os Três Tesouros,pt-PT
Thiết Vệ Bờm Bạc,Guarda Crinalva,pt-PT
Thám Tử Bảng Quảng Cáo,Painel Publicitário Investigador,pt-PT
Thùng Rác,Lata de Lixo,pt-PT
Thùng Rác Cháy Bỏng,Lata de Lixo em Chamas,pt-PT
Thùng Rác Nồng Nhiệt,Lata de Lixo com uma Paixão Ardente,pt-PT
Thùng Rác Đau Lòng,Lata de Lixo de Coração Partido,pt-PT
Thời Báo Giấc Mơ Đẹp,Folha dos Doces Sonhos,pt-PT
Thợ May,Confeccionadora,pt-PT
Thợ Mỏ,Minerador,pt-PT
Thợ Mỏ Ốm Yếu,Minerador Magricelo,pt-PT
Thục Nữ,Senhorita,pt-PT
Tiger Furlee,PeLanza,pt-PT
Tigrepachi,PeLanza,pt-PT
Tim Pemburu Hantu,Esquadrão Caça-Fantasmas,pt-PT
Tim Penacony,Equipe Penacony,pt-PT
Tim Penerima Tamu Amphoreus,Equipe de Boas-vindas de Amphoreus,pt-PT
Tim Penyelidik Herta,Equipe de Monitoramento de Herta,pt-PT
Tim Penyelidikan Khusus Pencurian Artefak,Grupo Especial de Investigação de Roubo de Artefatos,pt-PT
Timid Patient,Paciente Tímido,pt-PT
Tired Player,Jogador Cansado,pt-PT
Titan Ke-13,O 13º Titã,pt-PT
Titan Thứ 13,O 13º Titã,pt-PT
Tizocic III.,Tizocic III,pt-PT
Tiêu rồi! Chúng ta đã bị lũ ngốc bao vây rồi!,Manda ver! Só tem idiotas aqui!,pt-PT
Tiếng Cười Trong Vỏ Ốc,Concha Cômica,pt-PT
Tiếng Vọng Của Cocolia,Eco de Cocolia,pt-PT
Tong Sampah,Lata de Lixo,pt-PT
Tong Sampah yang Membara,Lata de Lixo em Chamas,pt-PT
Tong Sampah yang Menggebu-gebu,Lata de Lixo com uma Paixão Ardente,pt-PT
Tong Sampah yang Patah Hati,Lata de Lixo de Coração Partido,pt-PT
Topaz & Kontie,Topaz e Dinheirinho,pt-PT
Topaz & Numby,Topaz e Dinheirinho,pt-PT
Topaz et Compti,Topaz e Dinheirinho,pt-PT
Topaz y Conti,Topaz e Dinheirinho,pt-PT
Tornillum,Screwllum,pt-PT
Trashcan,Lata de Lixo,pt-PT
Trashcan With a Passion Like Fire,Lata de Lixo com uma Paixão Ardente,pt-PT
Tratschexperte,EspirraChá Profissa,pt-PT
TreasureNana,TesouroNana,pt-PT
Tres tesoros,Os Três Tesouros,pt-PT
Trio Dudul,Os Três Tesouros,pt-PT
Trouve-tout,Achão,pt-PT
Truffie,Diting,pt-PT
Truffie de passage,Diting Transeunte,pt-PT
Trường Phái Sầu Muộn,Melancolia,pt-PT
Trợ Lý Giải Trí Gia Đình Sparxie,Assistente de Entretenimento Familiar da Sparxie,pt-PT
Trợ Lý Livestream Sparxie,Assistente de Stream da Sparxie,pt-PT
Tu-me-connais-déjà,Você Já me Conhece,pt-PT
Tuan Melankolis,Melancolia,pt-PT
Tuan Xiyan,Sr. Xiyan,pt-PT
Tube_à_essais,Tubo_de_ensaio,pt-PT
Tubo de ensayo,Tubo_de_ensaio,pt-PT
Tubo_de_ensayo,Malsubestimado,pt-PT
Tukang Daging,O Açougueiro,pt-PT
Tím Xa Hoa,Shirley Púrpura,pt-PT
Tín Sứ,Mensageira,pt-PT
Tín Đồ Diễn Hóa Thần Bí Học,Discípulo do Evocultismo,pt-PT
Tórtola pelirroja,Pomba Ruiva Malhada,pt-PT
Tư Lệnh,Sr. Figurão,pt-PT
Tước Sĩ Xanh,Dr. Azul,pt-PT
Tận Tình Hủy Hoại,Quebra-gente,pt-PT
Tổ Chức Quyền Lợi Chính Đáng,Sociedade dos Direitos Legítimos,pt-PT
Ulkmuschel,Concha Cômica,pt-PT
Ultimate_ins_Gesicht,Perícia-Suprema-na-Cara,pt-PT
Uma,Umah,pt-PT
Umherwanderndes kleines Mädchen,Menina Andarilha,pt-PT
Unruhiger Mann,Paciente Inquieto,pt-PT
Urgent,É urgente,pt-PT
Urgente,É urgente,pt-PT
Utusan,Mensageira,pt-PT
Verein der Chimärenliebhaber,Associação dos Entusiastas de Quimeras,pt-PT
Verflixt! Wir sind von Idioten umgeben!,Manda ver! Só tem idiotas aqui!,pt-PT
Verginia,Vergínia,pt-PT
Vertreter der IFK,Representante da CPI,pt-PT
Vertreter des Organisationskomitees der Kampfkunstzeremonie,Representante do Comitê de Organização da Cerimônia da Dança da Guerra,pt-PT
Verwaltungskommission: Notfallzentrum,Comissão de Manutenção do Reino: Centro de Resposta a Emergências,pt-PT
Verärgerte Bürgerin,Cidadã Agitada,pt-PT
Vieil opérateur de chariot,Operador Sênior de Carrinho de Mineração,pt-PT
Vieille amie,Velho Amigo,pt-PT
Vieja amiga,Velho Amigo,pt-PT
Viejo Goethe,Velho Goethe,pt-PT
Virginia,Vergínia,pt-PT
Viridian Malva Nut,Noz Mavla Verde,pt-PT
Việc Công Theo Phép Công,Negócio é Negócio,pt-PT
Voix féminine faible,Voz Feminina Fraca,pt-PT
Von wo aus kann man das Feuerwerk sehen,Onde-há-fumaça-há-fogo,pt-PT
Vorbeigehender Diting,Diting Transeunte,pt-PT
Voz femenina débil,Voz Feminina Fraca,pt-PT
Wandering Little Girl,Menina Andarilha,pt-PT
Wanita Anggun,Senhorita,pt-PT
Wanita Resah,Mulher Ansiosa,pt-PT
Wanita yang Tenang,Mulher Cortês,pt-PT
Wardance Ceremony Organizing Committee Rep,Representante do Comitê de Organização da Cerimônia da Dança da Guerra,pt-PT
Wardance Tournament Coordinator,Coordenador do Torneio da Dança da Guerra,pt-PT
Warga Arogan,Cidadã Agressiva,pt-PT
Warga Cemas,Cidadã Preocupada,pt-PT
Warga Kepo,Cidadão Enxerido,pt-PT
Warga Marah-Marah,Cidadã Agitada,pt-PT
Wartungstechniker,Engenheiro de Manutenção,pt-PT
Was isst Müllkuchen heute?,O que o Bolo de Lixo vai comer hoje?,pt-PT
Weak Female Voice,Voz Feminina Fraca,pt-PT
Werbeautomat von „Sternhase“,Máquina de Anúncios Automáticos Coelho Estelar,pt-PT
Werbetafel-Detektiv,Painel Publicitário Investigador,pt-PT
What's Trash Cake having today?,O que o Bolo de Lixo vai comer hoje?,pt-PT
Wildfeuer (Offiziell),Fogo Vivo Oficial,pt-PT
Wildfire Official,Fogo Vivo Oficial,pt-PT
Willkommenskomitee aus Amphoreus,Equipe de Boas-vindas de Amphoreus,pt-PT
WinterlandsSongstress,Cantora das Terras Invernais,pt-PT
Worried Citizen,Cidadã Preocupada,pt-PT
Wubbabou,Wubbaboo,pt-PT
Xiao Han,Xiaohan,pt-PT
Xiyan Tiên Sinh,Sr. Xiyan,pt-PT
Ya me conoces,Você Já me Conhece,pt-PT
You Already Know Me,Você Já me Conhece,pt-PT
Yue,A-Yue,pt-PT
Zagreus Cho Tôi Tiền,"Zagreus, Me Dê Dinheiro",pt-PT
Zagreus Give Me Money,"Zagreus, Me Dê Dinheiro",pt-PT
Zagreus Kasih Aku Uang,"Zagreus, Me Dê Dinheiro",pt-PT
Zagreus dame plata,"Zagreus, Me Dê Dinheiro",pt-PT
Zagreus ให้เงินฉัน,"Zagreus, Me Dê Dinheiro",pt-PT
ZagreusGibMirGeld,"Zagreus, Me Dê Dinheiro",pt-PT
Zertifizierungsroboter,Robô Certificador,pt-PT
Zinseszinspflege,Finanças de Juros Compostos,pt-PT
Zone radio réduite,Rádio de Zona Restrita,pt-PT
Zuhören,Ouça,pt-PT
Zusteller,Entregador,pt-PT
Zweifelnder Patient,Paciente Suspeito,pt-PT
e-basurita,Lixo Eletrônico,pt-PT
¡Maldita sea! ¡Estamos rodeados de tontos!,Manda ver! Só tem idiotas aqui!,pt-PT
« L'ancien »,"""Ancião""",pt-PT
«Сладкие сны»,Folha dos Doces Sonhos,pt-PT
«Техника межзвёздного мира»,Eletrodomésticos da Paz Interastral,pt-PT
¿Qué le doy hoy de comer a Pastel de basura?,O que o Bolo de Lixo vai comer hoje?,pt-PT
Ältere Patientin,Paciente Idosa,pt-PT
Ängstliche Frau,Mulher Ansiosa,pt-PT
Ängstlicher Patient,Paciente Tímido,pt-PT
Écho de Cocolia,Eco de Cocolia,pt-PT
Écouter,Ouça,pt-PT
Équipe de Penacony,Equipe Penacony,pt-PT
Équipe de recherche en puzzle onirique,Grupo de Pesquisa Quebra-Cabeça Onírico,pt-PT
Équipe de surveillance de Herta,Equipe de Monitoramento de Herta,pt-PT
Équipements de la Paix Interastrale,Eletrodomésticos da Paz Interastral,pt-PT
Éric,Eric,pt-PT
Ông Goethe,Velho Goethe,pt-PT
Điều Tra Viên Thiết Vệ,Investigador da Guarda Crinalva,pt-PT
Điểm Họp Mặt Fan Dazzling,Local de reunião de fãs deslumbrantes,pt-PT
Đám Đông Thờ Ơ,Espectador Indiferente,pt-PT
Đại Diện Công Ty,Representante da CPI,pt-PT
Đại Herta,A Herta,pt-PT
Đại diện ban tổ chức Lễ Diễn Võ,Representante do Comitê de Organização da Cerimônia da Dança da Guerra,pt-PT
Đầu Xù Mới Là Nghệ Thuật,PenteadoArtístico,pt-PT
Đồng H■■■,Reló■■■,pt-PT
Đội Ngũ Giám Sát Herta,Equipe de Monitoramento de Herta,pt-PT
Đội Penacony,Equipe Penacony,pt-PT
Đội Tàu Astral - Người Nhà,Família do Expresso Astral,pt-PT
Đội Điều Tra Văn Vật Mất Cắp,Grupo Especial de Investigação de Roubo de Artefatos,pt-PT
Авантюрин,Aventurine,pt-PT
Авантюрин: Прибой,Aventurine - Veraneio,pt-PT
Авраам,Abraham,pt-PT
Автоматическая служба поддержки клиентов «Облачных рукавов»,Atendimento ao cliente automatizado das Mangas Nuviosas,pt-PT
Аглая,Aglaea,pt-PT
Агнес,Agnes,pt-PT
Агрессивная гражданка,Cidadã Agressiva,pt-PT
Адлер,Adler,pt-PT
Айден,Aideen,pt-PT
Алексис,Alexis,pt-PT
Алина,Alina,pt-PT
Амо,Amoh,pt-PT
Анакса,Anaxa,pt-PT
Антонина,Antônia,pt-PT
Аргенти,Argenti,pt-PT
Арлан,Arlan,pt-PT
Арфи,Arfey,pt-PT
Арчер,Archer,pt-PT
Ассистент семейного досуга Искры,Assistente de Entretenimento Familiar da Sparxie,pt-PT
Ассистент стрима Искры,Assistente de Stream da Sparxie,pt-PT
Аста,Asta,pt-PT
Аха,Aha,pt-PT
Ахерон,Acheron,pt-PT
Байлу,Bailu,pt-PT
Бак с разбитым сердцем,Lata de Lixo de Coração Partido,pt-PT
"Бак, страсть которого подобна пламени",Lata de Lixo com uma Paixão Ardente,pt-PT
Балауэй Шахтёрская Лампа,"Balaway, o Lanterna de Minerador",pt-PT
Бананоткрыватель Грош,Richie Descascado,pt-PT
Бананоцвет-тян (версия «Трудяга»),Florinana-chan (Edição Trabalhadora),pt-PT
Бернард,Bernard,pt-PT
Беспокойный пациент,Paciente Inquieto,pt-PT
Беспомощный исследователь,Pesquisador Desesperado,pt-PT
Бета-тест NPC,NPC de Teste,pt-PT
Бизнес есть бизнес,Negócio é Negócio,pt-PT
Билл Вратов,Bill Portcullis,pt-PT
Блуждающая маленькая девочка,Menina Andarilha,pt-PT
Блэйд,Blade,pt-PT
Броня,Bronya,pt-PT
Бутхилл,Boothill,pt-PT
Васка,Vaska,pt-PT
Великая Герта,A Herta,pt-PT
Вельт,Welt,pt-PT
Вельт Янг,Welt Yang,pt-PT
Взволнованная гражданка,Cidadã Preocupada,pt-PT
Вини,Espada,pt-PT
Виргиния,Vergínia,pt-PT
Воскресенье,Sunday,pt-PT
Встречающие Амфореуса,Equipe de Boas-vindas de Amphoreus,pt-PT
Вуббабу,Wubbaboo,pt-PT
Вэнь Миндэ,Wen Mingde,pt-PT
Вэнь Тяньвэн,Wen Tianweng,pt-PT
Вэнь Фужуй,Wen Furui,pt-PT
Вэнь Шилин,Wen Shiling,pt-PT
Вэнь Шици,Wen Shiqi,pt-PT
Галлахер,Gallagher,pt-PT
Ганн,Gunn,pt-PT
Геката,Hékate,pt-PT
Георгина,A Dália,pt-PT
Гепард,Gepard,pt-PT
Герта,Herta,pt-PT
Герти,Gertie,pt-PT
Гиацина,Hyacine,pt-PT
Гигашерст,Gigalôncio,pt-PT
Гилберт,Gilbert,pt-PT
Гильгамеш,Gilgamesh,pt-PT
Гисиленса,Hysilens,pt-PT
Гитарный мастер,Mestra da Guitarra,pt-PT
Господин Река,Sr. Rec,pt-PT
Господин Сиянь,Sr. Xiyan,pt-PT
Группа Небесной девы зари,Grupo de Debate da Donzela Celestial Rosada,pt-PT
Группа по исследованию Мозаики грёз,Grupo de Pesquisa Quebra-Cabeça Onírico,pt-PT
Группа фанатов госпожи Герты,Clube de Herdeiros da Madame Herta,pt-PT
Гуанцзинь,Guangjin,pt-PT
Губитель людей,Quebra-gente,pt-PT
Гуйнайфэнь,Guinaifen,pt-PT
Данн,Dunn,pt-PT
Дань Хэн,Dan Heng,pt-PT
Дань Хэн: Освободитель Пустошей,Dan Heng - Permansor Terrae,pt-PT
Дань Хэн: Пожиратель Луны,Dan Heng - Embebidor Lunae,pt-PT
Дань Шу,Dan Shu,pt-PT
Дафинчи,Dafanchy,pt-PT
Дахао,Dahao,pt-PT
Двумерния онлайн,Planarvila Conectada,pt-PT
Девица,Senhorita,pt-PT
Деметрия,Demétria,pt-PT
Департамент по защите сверхъестественного,Departamento de Defesa Contra Aberrações,pt-PT
Детектив Рекламный Щит,Painel Publicitário Investigador,pt-PT
Джейд,Geed,pt-PT
Джоанна,Joanne,pt-PT
Джованни,Giovanni,pt-PT
Джошуа,Joshua,pt-PT
Джулиан,Julian,pt-PT
Дикий Огонь,Fogo Vivo Oficial,pt-PT
Дитин,Diting,pt-PT
Дневник славы Искры,Diário da Ascensão à Fama da Sparxie,pt-PT
Додж,Dodge,pt-PT
Доктор Диг,Dr. Cavador,pt-PT
Доктор Лазурь,Dr. Azul,pt-PT
Доктор Рацио,Dr. Ratio,pt-PT
Доктор Эдвард,Dr. Edward,pt-PT
Доминик,Dominic,pt-PT
Дэнс,Dancy,pt-PT
Жемчуг,Pearl,pt-PT
Жуань Мэй,Ruan Mei,pt-PT
Загрей_Дай_Денег,"Zagreus, Me Dê Dinheiro",pt-PT
Занятой исследователь Отдела прикладных искусств,Membro Ocupado do Departamento de Execução de Artes,pt-PT
Зарянка,Robin,pt-PT
Зарянка: Яснопея,Robin - Summeretto,pt-PT
Зеле,Seele,pt-PT
Зелёный Гибискус,Hibisco Verde,pt-PT
Зелёный орешек мальва,Noz Mavla Verde,pt-PT
Злюка,Ranzinza,pt-PT
Инженер по техническому обслуживанию,Engenheiro de Manutenção,pt-PT
Искорка,Sparkle,pt-PT
Искра,Sparxie,pt-PT
Исследователь Отдела экологии,Pesquisador de Ecologia,pt-PT
Исследователь небес,Explorador de Outro Mundo,pt-PT
Йеллоу блу бас,Malsubestimado,pt-PT
Казуар,Ratite,pt-PT
Капоте,Calepo,pt-PT
Кастория,Castorice,pt-PT
Кафка,Kafka,pt-PT
Кейт (на дежурстве),Kate (Em Serviço),pt-PT
Керидра,Cerydra,pt-PT
Кирена,Cyrene,pt-PT
Кладонан,TesouroNana,pt-PT
Клара,Clara,pt-PT
Клипот,Qlipoth,pt-PT
Клуб Гекс,Clube Hex,pt-PT
Клузер,Kluzer,pt-PT
Команда Пенаконии,Equipe Penacony,pt-PT
Командир,Sr. Figurão,pt-PT
Комиссия по балансу: Центр чрезвычайных ситуаций,Comissão de Manutenção do Reino: Centro de Resposta a Emergências,pt-PT
Координатор Церемонии боевых искусств,Coordenador do Torneio da Dança da Guerra,pt-PT
Космическая станция - Группа синхронизации дел Общества гениев,Estação Espacial - Comunicação da Sociedade de Gênios,pt-PT
Космические_полёты_без_лицензии,Condução Espacial sem Brevê,pt-PT
Кудри_форева,PenteadoArtístico,pt-PT
Кукла «Сообщение»,Boneca Mensageira,pt-PT
Курьер,Entregador,pt-PT
Кутиба,Kuchiba,pt-PT
Лавонна,Lavonne,pt-PT
Ламина,Lamina,pt-PT
Лань,Lan,pt-PT
Леонард,Leonard,pt-PT
Лила,Lila,pt-PT
Линша,Lingsha,pt-PT
Лисица Дайцин,"Daiqing, a Beldade Vulpe",pt-PT
Лофтин,Loftin,pt-PT
Лоча,Luocha,pt-PT
Лука,Luka,pt-PT
Лукач,Lukacs,pt-PT
Лухуэй,Luhui,pt-PT
Любопытный гражданин,Cidadão Enxerido,pt-PT
Лянму,Liangmu,pt-PT
М-робот,Robô-M,pt-PT
Максим,Maxime,pt-PT
Маленький робот,Robozinho,pt-PT
Маня,Manya,pt-PT
Март 7,7 de Março,pt-PT
Мастер Гуншу,Mestre Gongshu,pt-PT
Межзвёздная сеть,Rede Interastral,pt-PT
Меланхолик,Melancolia,pt-PT
Мельтешащий Рыцарь - это я,Eu me chamo Ninja Deslumbrante,pt-PT
Место сбора фанатов «Хаоса»,Local de reunião de fãs deslumbrantes,pt-PT
Мидей,Mydei,pt-PT
Минси,Mingxi,pt-PT
Михей,Micah,pt-PT
Миша,Misha,pt-PT
Молли,Molly,pt-PT
Мортенакс Блэйд,Mortenax Blade,pt-PT
Моцзэ,Moze,pt-PT
Мусорный бак,Lata de Lixo,pt-PT
Мэйр,Mare,pt-PT
Мясная лавка,O Açougueiro,pt-PT
Нанук,Nanook,pt-PT
Наташа,Natasha,pt-PT
Находюша,Achão,pt-PT
Нашёптанное золотым руном отпущения,Sussurros do Bode Expiatório Dourado,pt-PT
Неизвестный абонент,Anônimo,pt-PT
Нервная девушка,Garota Nervosa,pt-PT
Ника,Nika,pt-PT
Ниндзя Хаоса,Okashira Deslumbrante,pt-PT
Обеспокоенная женщина,Mulher Ansiosa,pt-PT
Обиженная гражданка,Cidadã Agitada,pt-PT
ОбожаюКраснуюФасоль,FãFeijãoVermelho,pt-PT
"ОбожаюКраснуюФасоль, Билл Вратов, Космические_полёты_без_лицензии...","FãFeijãoVermelho, Bill Portcullis e Condução Espacial Sem Brevê...",pt-PT
Общество законных прав,Sociedade dos Direitos Legítimos,pt-PT
Общество любителей химер,Associação dos Entusiastas de Quimeras,pt-PT
Олег,Oleg,pt-PT
Оператор канатной дороги,Operador de Teleférico,pt-PT
Оргкомитет гонок,Comitê de Organização da Competição,pt-PT
Ответ ИИ,Resposta de IA,pt-PT
Офицер,Oficial,pt-PT
Официальная группа ЧаВо «Эфирных войн»,Grupo Oficial de P&R das Guerras de Aetherium,pt-PT
Охотники за привидениями,Esquadrão Caça-Fantasmas,pt-PT
Памела,Pamela,pt-PT
Панорамная система «Герты»,Sistema Panóptico de Herta,pt-PT
Патруль Герты,Equipe de Monitoramento de Herta,pt-PT
ПевицаСнежнойСтраны,Cantora das Terras Invernais,pt-PT
Пела,Pela,pt-PT
Пик,Peak,pt-PT
План возрождения Переулка ауруматонов,Projeto de Revitalização do Beco Aurum,pt-PT
Подавленный пациент,Paciente Depressivo,pt-PT
Подозрительный пациент,Paciente Suspeito,pt-PT
Подрядчик Гончих,Cão de Caça Empreiteiro,pt-PT
Пожилой пациент,Paciente Idosa,pt-PT
ПолучиУльтойВРожу,Perícia-Suprema-na-Cara,pt-PT
Пом-Пом,Pom-Pom,pt-PT
Посланник,Mensageira,pt-PT
Представитель КММ,Representante da CPI,pt-PT
Представитель оргкомитета Церемонии боевых искусств,Representante do Comitê de Organização da Cerimônia da Dança da Guerra,pt-PT
Премиальные товары Пенаконии,Artigos de Luxo de Penacony,pt-PT
Приватный чат знакомств,Bate-papo Privado de Namoro,pt-PT
Прислушаться,Ouça,pt-PT
Пробирка,Tubo_de_ensaio,pt-PT
Прогуливающийся Дитин,Diting Transeunte,pt-PT
Пурпурная Ширли,Shirley Púrpura,pt-PT
Пылающий бак,Lata de Lixo em Chamas,pt-PT
Равнодушная зрительница,Espectador Indiferente,pt-PT
Ракушка-смешнявка,Concha Cômica,pt-PT
Раппа,Rappa,pt-PT
Регин,Regin,pt-PT
Рекламный бот «Кролик звёздного пути»,Máquina de Anúncios Automáticos Coelho Estelar,pt-PT
Ресторан «Часы»,Lanchonete do Relógio,pt-PT
Рин Тосака,Rin Tohsaka,pt-PT
Рич Всезнайкин,Rich_Sabidão,pt-PT
Ричард Затычкин,Richard_Sabichão,pt-PT
Робкий пациент,Paciente Tímido,pt-PT
Рокки,Rocky,pt-PT
Росси,Rossy,pt-PT
Рыжий пятнистый голубь,Pomba Ruiva Malhada,pt-PT
Рысь,Lynx,pt-PT
Рюсукэ,Ryusuke,pt-PT
Сампо,Sampo,pt-PT
Светлячок,Vaga-lume,pt-PT
Селина,Celine,pt-PT
Семья Звёздного экспресса,Família do Expresso Astral,pt-PT
Сервал,Serval,pt-PT
Серебряный Волк,Loba Prateada,pt-PT
Серебряный Волк (литературная версия),Loba Prateada (Edição Literária),pt-PT
Серебряный Волк ур. 999,Loba Prateada Nv. 999,pt-PT
Сертификационный робот,Robô Certificador,pt-PT
Сикуй,Xikui,pt-PT
Система связи Охотников за привидениями,Grupo do Esquadrão Caça-Fantasmas,pt-PT
Скажите_сыр,Diga_Xis,pt-PT
Скотт,Scott,pt-PT
Скрюллум,Screwllum,pt-PT
Слабый женский голос,Voz Feminina Fraca,pt-PT
Следователь Среброгривых Стражей,Investigador da Guarda Crinalva,pt-PT
Следственная группа по делу о краже артефактов,Grupo Especial de Investigação de Roubo de Artefatos,pt-PT
Служба поддержки Студии «Часы»,Atendimento ao Cliente dos Estúdios Clock,pt-PT
Собрание музыкальных ниндзя,Montagem de Ninja do Som,pt-PT
Солдат,Soldado,pt-PT
Спокойный пациент,Paciente Calma,pt-PT
Среброгривые Стражи,Guarda Crinalva,pt-PT
Срочно,É urgente,pt-PT
Старик,"""Ancião""",pt-PT
Старший оператор вагонеток,Operador Sênior de Carrinho de Mineração,pt-PT
Старый Гёте,Velho Goethe,pt-PT
Старый друг,Velho Amigo,pt-PT
Странное растение,Planta Estranha,pt-PT
Сушан,Sushang,pt-PT
Сэйбер,Saber,pt-PT
Сюэи,Xueyi,pt-PT
Сяохань,Xiaohan,pt-PT
Тамила,Tamila,pt-PT
Таньтань,Tantan,pt-PT
Таня,Tanya,pt-PT
Темень,Noite Eterna,pt-PT
Тина,Tinah,pt-PT
Тинъюнь,Tingyun,pt-PT
Тисок III,Tizocic III,pt-PT
Титан 13,O 13º Titã,pt-PT
Тодд,Todd,pt-PT
Топаз,Topaz,pt-PT
Топаз и Счетовод,Topaz e Dinheirinho,pt-PT
Тощий шахтёр,Minerador Magricelo,pt-PT
Трансляция Запретной зоны,Rádio de Zona Restrita,pt-PT
Тревожащийся исследователь,Pesquisadora Nervosa,pt-PT
Три сокровища,Os Três Tesouros,pt-PT
Трибби,Tribbie,pt-PT
Тростник под луной,Juncos ao Luar,pt-PT
ТыМеняЗнаешь,Você Já me Conhece,pt-PT
Уайлдер,Wilder,pt-PT
Ума,Umah,pt-PT
Уоллес,Wallace,pt-PT
Уолси,Woolsey,pt-PT
Уотсон,Watson,pt-PT
Уставший игрок,Jogador Cansado,pt-PT
Ученик оператора вагонеток,Operador Aprendiz,pt-PT
Учитель злословия,EspirraChá Profissa,pt-PT
Учтивая женщина,Mulher Cortês,pt-PT
Учёная с фонариком,Caçador de Luz,pt-PT
Фагуса_пьёт,Phagousa Ainda Está Bebendo,pt-PT
Фаенон,Phainon,pt-PT
Фанат боёв,Fã de Luta de Boxe,pt-PT
"Фанаты Лесли Дина, объединяйтесь!","Fãs do Lesley Dean, Bora!",pt-PT
Фантапринц,Parapríncipe,pt-PT
Фидора,Fidora,pt-PT
Физз,Fizz,pt-PT
Франкен_Official,Franken_Oficial,pt-PT
Фу Сюань,Fu Xuan,pt-PT
Фуга,Fugue,pt-PT
Фули,Fuli,pt-PT
Фурдо,Furdo,pt-PT
Фэйсяо,Feixiao,pt-PT
Ханья,Hanya,pt-PT
Химеко,Himeko,pt-PT
Химеко: Нова,Himeko - Nova,pt-PT
Хинкель,Hinkel,pt-PT
Хохо,Huohuo,pt-PT
Хочу_Быть_Швеёй,Só Quero Ser Um Manequim,pt-PT
Хрустальный кубок,Taça de Cristal,pt-PT
Хук,Hook,pt-PT
Цзин Юань,Jing Yuan,pt-PT
Цзинлю,Jingliu,pt-PT
Цзинъянь,Jingyan,pt-PT
Цзыцяо,Ziqiao,pt-PT
Цзяоцю,Jiaoqiu,pt-PT
Цинни,Qingni,pt-PT
Цинстер,Qingster,pt-PT
Цинцзу,Qingzu,pt-PT
Цинцюэ,Qingque,pt-PT
Цифер,Cipher,pt-PT
Цун,Cong,pt-PT
Чавез,Chavez,pt-PT
Чалетка,Chaletka,pt-PT
Чат первобананов Академии оригами,Grupo de Bananas Frescas da Academia Dobradura,pt-PT
Ча■■■,Reló■■■,pt-PT
Чжуншань,Zhongshan,pt-PT
Чжуншаньшань IV,ShannieZhong IV,pt-PT
Чи,Czi,pt-PT
Чипо,Czipo,pt-PT
Что сегодня на обед у Мусорного Пряника?,O que o Bolo de Lixo vai comer hoje?,pt-PT
Чэнцзе,Chengjie,pt-PT
Чёрный Лебедь,Cisne Negro,pt-PT
Шараш Финанс,Finanças de Juros Compostos,pt-PT
Шахтёр,Minerador,pt-PT
Швея,Confeccionadora,pt-PT
Шейла,Sheila,pt-PT
ШерсТьюб,Pelix,pt-PT
Шерстигр,PeLanza,pt-PT
Шерстидрак,PeLu,pt-PT
Шерстлитцер,Pulitzôncio,pt-PT
Шивон,Siobhan,pt-PT
Эванесса,Evanescia,pt-PT
Эволюционный оккультист,Discípulo do Evocultismo,pt-PT
Элейн,Elaine,pt-PT
Электронный мини-хлам,Lixo Eletrônico,pt-PT
Эмили,Emily,pt-PT
Эмоциональный пациент,Paciente Emotiva,pt-PT
Эрик,Eric,pt-PT
Эстер,Esther,pt-PT
Это конец! Нас окружили глупцы!,Manda ver! Só tem idiotas aqui!,pt-PT
Эхо Коколии,Eco de Cocolia,pt-PT
Эшвейл,Ashveil,pt-PT
Юйкун,Yukong,pt-PT
Юйцзинь,Yujin,pt-PT
Юлиан,Joolyon,pt-PT
Юньли,Yunli,pt-PT
Юэ,A-Yue,pt-PT
Юэюань,Yueyuan,pt-PT
Яньцин,Yanqing,pt-PT
Яньцуй,Yancui,pt-PT
Яо Гуан,Yao Guang,pt-PT
Яоши,Yaoshi,pt-PT
Яшма,Jade,pt-PT
откуда_лучше_смотреть_салют,Onde-há-fumaça-há-fogo,pt-PT
กลุ่มบานาน่าใหม่: มหาวิทยาลัย Paperfold,Grupo de Bananas Frescas da Academia Dobradura,pt-PT
กลุ่มฟื้นฟูตรอก Aurum,Projeto de Revitalização do Beco Aurum,pt-PT
กลุ่มสอบถามอย่างเป็นทางการของแนวรบ Aetherium,Grupo Oficial de P&R das Guerras de Aetherium,pt-PT
กลุ่มหน่วยล่าท้าผี,Grupo do Esquadrão Caça-Fantasmas,pt-PT
"กลุ่มแชท ""เทพีพราวอัสดง""",Grupo de Debate da Donzela Celestial Rosada,pt-PT
กลุ่มโปรเจกต์จิ๊กซอว์สร้างฝัน,Grupo de Pesquisa Quebra-Cabeça Onírico,pt-PT
กองกำลัง Silvermane,Guarda Crinalva,pt-PT
ขยะอิเล็กทรอนิกส์,Lixo Eletrônico,pt-PT
ข้าน้อยคือนินจาผู้กล้าจอมวุ่น,Eu me chamo Ninja Deslumbrante,pt-PT
คณะกรรมการจัดการแข่งขัน,Comitê de Organização da Competição,pt-PT
คนงานรถขนแร่ฝึกหัด,Operador Aprendiz,pt-PT
คนงานเหมือง,Minerador,pt-PT
คนงานเหมืองที่ผอมแห้งแรงน้อย,Minerador Magricelo,pt-PT
คนที่คุณก็รู้ว่าใคร,Você Já me Conhece,pt-PT
คนแล่เนื้อ,O Açougueiro,pt-PT
ครอบครัว Astral Express,Família do Expresso Astral,pt-PT
คุณ Xiyan,Sr. Xiyan,pt-PT
คุณผู้หญิง,Senhorita,pt-PT
จะดูดอกไม้ไฟจากที่ไหนดี,Onde-há-fumaça-há-fogo,pt-PT
จัดทำโดย Bloodhound,Cão de Caça Empreiteiro,pt-PT
จิ้งจอกสาวพราวเสน่ห์ Daiqing,"Daiqing, a Beldade Vulpe",pt-PT
"จุดรวมพลแฟนคลับ ""จอมวุ่น""",Local de reunião de fãs deslumbrantes,pt-PT
จูลโบ้,Joolyon,pt-PT
ฉุกเฉิน,É urgente,pt-PT
ชบาสีเขียว,Hibisco Verde,pt-PT
ชายผู้กระสับกระส่าย,Paciente Inquieto,pt-PT
ชาวเมืองช่างถาม,Cidadão Enxerido,pt-PT
ชาวเมืองที่วิตกกังวล,Cidadã Preocupada,pt-PT
ชาวเมืองผู้ก้าวร้าว,Cidadã Agressiva,pt-PT
ชาวเมืองผู้โอดครวญ,Cidadã Agitada,pt-PT
ชุมนุมนินจาเสียง,Montagem de Ninja do Som,pt-PT
ดอกดาห์เลีย,A Dália,pt-PT
ตัวแทนขององค์กร,Representante da CPI,pt-PT
ตัวแทนคณะผู้จัดงานพิธีดวลยุทธ์,Representante do Comitê de Organização da Cerimônia da Dança da Guerra,pt-PT
"ตุ๊กตา ""ข้อความ""",Boneca Mensageira,pt-PT
ต้นกกใต้แสงจันทร์,Juncos ao Luar,pt-PT
ถังขยะ,Lata de Lixo,pt-PT
ถังขยะที่ร้อนแรง,Lata de Lixo em Chamas,pt-PT
ถังขยะที่ร้อนแรงดั่งไฟ,Lata de Lixo com uma Paixão Ardente,pt-PT
ถังขยะที่หัวใจแตกสลาย,Lata de Lixo de Coração Partido,pt-PT
ถั่วกวนออกโรง,FãFeijãoVermelho,pt-PT
"ถั่วกวนออกโรง, Bill Portcullis, นักบินเถื่อน...","FãFeijãoVermelho, Bill Portcullis e Condução Espacial Sem Brevê...",pt-PT
ถือโคมหาคน,Caçador de Luz,pt-PT
ทดสอบ NPC,NPC de Teste,pt-PT
ทหาร,Soldado,pt-PT
ทีม Penacony,Equipe Penacony,pt-PT
ทีมต้อนรับแขกของ Amphoreus,Equipe de Boas-vindas de Amphoreus,pt-PT
ทีมรักษาความสงบ Herta,Equipe de Monitoramento de Herta,pt-PT
ทีมสอบสวนคดีพิเศษด้านการโจรกรรมโบราณวัตถุ,Grupo Especial de Investigação de Roubo de Artefatos,pt-PT
ท่าน Herta,A Herta,pt-PT
ท่านเซอร์ฟ้าคราม,Dr. Azul,pt-PT
ท้าชนคนจริง,Quebra-gente,pt-PT
นกแดงแรงฤทธิ์,Pomba Ruiva Malhada,pt-PT
นักกินแตงมืออาชีพ,EspirraChá Profissa,pt-PT
นักบินเถื่อน,Condução Espacial sem Brevê,pt-PT
นักร้องดินแดนหิมะ,Cantora das Terras Invernais,pt-PT
นักวิจัยผู้กังวล,Pesquisadora Nervosa,pt-PT
นักวิจัยผู้จนปัญญา,Pesquisador Desesperado,pt-PT
นักวิจัยแผนกนิเวศวิทยา,Pesquisador de Ecologia,pt-PT
นักวิจัยแผนกศิลป์ที่กำลังยุ่ง,Membro Ocupado do Departamento de Execução de Artes,pt-PT
นักสำรวจนอกท้องฟ้า,Explorador de Outro Mundo,pt-PT
นักสืบป้ายโฆษณา,Painel Publicitário Investigador,pt-PT
นาฬิ■■■,Reló■■■,pt-PT
นินจาผู้กล้าจอมวุ่น,Okashira Deslumbrante,pt-PT
"บริการลูกค้าอัตโนมัติ ""Cloudbreadth Sleeves""",Atendimento ao cliente automatizado das Mangas Nuviosas,pt-PT
บรูซเฟอร์ลี,PeLu,pt-PT
"บัญชีทางการของ ""Wildfire""",Fogo Vivo Oficial,pt-PT
ปรมาจารย์ด้านรถขนแร่,Operador Sênior de Carrinho de Mineração,pt-PT
ประกาศในเขตหวงห้าม,Rádio de Zona Restrita,pt-PT
ผู้การเบิ้ม,Sr. Figurão,pt-PT
ผู้จากจรลืมหวน,Fugue,pt-PT
ผู้ชมที่เฉยเมย,Espectador Indiferente,pt-PT
ผู้ชมมวยขาประจำ,Fã de Luta de Boxe,pt-PT
ผู้ช่วยไลฟ์สตรีม Sparxie,Assistente de Stream da Sparxie,pt-PT
ผู้ป่วยขี้กลัว,Paciente Tímido,pt-PT
ผู้ป่วยขี้สงสัย,Paciente Suspeito,pt-PT
ผู้ป่วยที่จิตตก,Paciente Depressivo,pt-PT
ผู้ป่วยที่ตื้นตัน,Paciente Emotiva,pt-PT
ผู้ป่วยที่ใจเย็น,Paciente Calma,pt-PT
ผู้ป่วยสูงอายุ,Paciente Idosa,pt-PT
ผู้ฝ่าบ่วงมฤตยู Blade,Mortenax Blade,pt-PT
ผู้ศรัทธาศาสตร์ลึกลับแห่งวิวัฒนาการ,Discípulo do Evocultismo,pt-PT
ผู้ส่งสาร,Mensageira,pt-PT
ผู้เล่นที่เหนื่อยล้า,Jogador Cansado,pt-PT
ฝากตัวรับใช้เป็นหุ่นตัดเย็บ,Só Quero Ser Um Manequim,pt-PT
ฝ่ายบริการลูกค้า Clock Studios,Atendimento ao Cliente dos Estúdios Clock,pt-PT
ฝ่ายประสานงานพิธีดวลยุทธ์,Coordenador do Torneio da Dança da Guerra,pt-PT
พนักงานควบคุมรถราง,Operador de Teleférico,pt-PT
พนักงานส่งของ,Entregador,pt-PT
พี่สาวผู้สงบนิ่ง,Mulher Cortês,pt-PT
พืชประหลาด,Planta Estranha,pt-PT
ฟัง,Ouça,pt-PT
มิตรรักแฟนบานาน่า,TesouroNana,pt-PT
มือกีตาร์ขั้นเทพ,Mestra da Guitarra,pt-PT
รัชทายาทมายา,Parapríncipe,pt-PT
ร่ำรวยดั่งหวีกล้วย,Richie Descascado,pt-PT
ร้านอาหาร Clock Diner,Lanchonete do Relógio,pt-PT
ลุง Goethe,Velho Goethe,pt-PT
ลูกสำรองสีเขียวอวบอั๋น,Noz Mavla Verde,pt-PT
วันนี้เค้กขยะกินอะไรดี,O que o Bolo de Lixo vai comer hoje?,pt-PT
วิศวกรซ่อมบำรุง,Engenheiro de Manutenção,pt-PT
สถานีอวกาศ: กลุ่มอัปเดตงานของสมาคมอัจฉริยะ,Estação Espacial - Comunicação da Sociedade de Gênios,pt-PT
สมาคมคนรักไคเมร่า,Associação dos Entusiastas de Quimeras,pt-PT
สมาคมพิทักษ์สิทธิ,Sociedade dos Direitos Legítimos,pt-PT
สวดที่รักทั้งสาม,Os Três Tesouros,pt-PT
สำนักหนังสือพิมพ์ฝันหวาน,Folha dos Doces Sonhos,pt-PT
สินค้าสุดหรูแห่ง Penacony,Artigos de Luxo de Penacony,pt-PT
สินเชื่อดอกเบี้ยทบต้น,Finanças de Juros Compostos,pt-PT
สุดแสบประจัญบาน,Perícia-Suprema-na-Cara,pt-PT
หญิงสาวผู้ร้อนใจ,Mulher Ansiosa,pt-PT
หนุ่มอมทุกข์,Melancolia,pt-PT
หน่วยป้องกันสิ่งผิดแปลก,Departamento de Defesa Contra Aberrações,pt-PT
หน่วยล่าท้าผี,Esquadrão Caça-Fantasmas,pt-PT
หน้าที่ต้องเป็นหน้าที่,Negócio é Negócio,pt-PT
หมดกัน! พวกเราถูกเจ้าเซ่อล้อมไว้แล้ว!,Manda ver! Só tem idiotas aqui!,pt-PT
หมู่บ้านสองมิติที่เพิ่งมีเน็ต,Planarvila Conectada,pt-PT
หลอดทดลอง,Malsubestimado,pt-PT
หลอดทดลอง,Tubo_de_ensaio,pt-PT
หัวปลีจัง (เวอร์ชันขยัน),Florinana-chan (Edição Trabalhadora),pt-PT
หุ่นตัดชุด,Confeccionadora,pt-PT
หุ่นยนต์จิ๋ว,Robozinho,pt-PT
หุ่นยนต์รับรอง,Robô Certificador,pt-PT
อาจารย์ Gongshu,Mestre Gongshu,pt-PT
เครือข่ายระหว่างดวงดาว,Rede Interastral,pt-PT
"เครื่องโฆษณาอัตโนมัติ ""กระต่ายรางดาว""",Máquina de Anúncios Automáticos Coelho Estelar,pt-PT
เจ้าหน้าที่,Oficial,pt-PT
เจ้าหน้าที่สอบสวนแห่งกองกำลัง,Investigador da Guarda Crinalva,pt-PT
เชอร์ลี่ย์สีม่วง,Shirley Púrpura,pt-PT
เซย์ชีสสส,Diga_Xis,pt-PT
เด็กหญิงที่กำลังเดินไปเดินมา,Menina Andarilha,pt-PT
เด็กหญิงผู้เป็นกังวล,Garota Nervosa,pt-PT
เพื่อนเก่า,Velho Amigo,pt-PT
เฟอร์ฟลิกซ์,Pelix,pt-PT
เฟอร์โบ้เซ่อ,Pulitzôncio,pt-PT
เสียงกระซิบของแพะรับบาปทองคำ,Sussurros do Bode Expiatório Dourado,pt-PT
เสียงผู้หญิงที่อ่อนแอ,Voz Feminina Fraca,pt-PT
เสียงสะท้อนของ Cocolia,Eco de Cocolia,pt-PT
เสียงหัวเราะในเปลือกหอย,Concha Cômica,pt-PT
แก้วคริสตัล,Taça de Cristal,pt-PT
แชทหาคู่ส่วนตัว,Bate-papo Privado de Namoro,pt-PT
แฟนคลับ Lesley Dean รวมพล!,"Fãs do Lesley Dean, Bora!",pt-PT
แอโฟรคือศิลปะ,PenteadoArtístico,pt-PT
โบ้บู๊,Gigalôncio,pt-PT
โพดำ,Espada,pt-PT
ไดอารี่ Sparxie จะต้องดัง,Diário da Ascensão à Fama da Sparxie,pt-PT
ไททันที่สิบสาม,O 13º Titã,pt-PT
ไทเกอร์เฟอร์ลี,PeLanza,pt-PT
ไม่ระบุชื่อ,Anônimo,pt-PT
Ẩn Danh,Anônimo,pt-PT
„Botin“,Mensageira,pt-PT
„Nachricht“-Baby,Boneca Mensageira,pt-PT
„Ältester“,"""Ancião""",pt-PT
≪에테르 배틀≫ 공식 질문 단톡방,Grupo Oficial de P&R das Guerras de Aetherium,pt-PT
《乙太戰線》官方答疑群組,Grupo Oficial de P&R das Guerras de Aetherium,pt-PT
《以太战线》官方答疑群,Grupo Oficial de P&R das Guerras de Aetherium,pt-PT
《狸狸週刊》需求批發,Pelotão Pelôncio das Pelotas,pt-PT
「カンテラ」パフラヴィー,"Balaway, o Lanterna de Minerador",pt-PT
「スターピースデンキ」,Eletrodomésticos da Paz Interastral,pt-PT
「ヘルタ・全景システム」,Sistema Panóptico de Herta,pt-PT
「メッセンジャー」,Mensageira,pt-PT
「メッセージ」人形,Boneca Mensageira,pt-PT
「信使」,Mensageira,pt-PT
「地火」官方,Fogo Vivo Oficial,pt-PT
「地炎」公式,Fogo Vivo Oficial,pt-PT
「广云袖」自动客服,Atendimento ao cliente automatizado das Mangas Nuviosas,pt-PT
「広雲袖」カスタマーサービス,Atendimento ao cliente automatizado das Mangas Nuviosas,pt-PT
「廣雲袖」自動客服,Atendimento ao cliente automatizado das Mangas Nuviosas,pt-PT
「星軌の兎」自動広告マシーン,Máquina de Anúncios Automáticos Coelho Estelar,pt-PT
「星軌之兔」自動廣告機,Máquina de Anúncios Automáticos Coelho Estelar,pt-PT
「星轨之兔」自动广告机,Máquina de Anúncios Automáticos Coelho Estelar,pt-PT
「星际和平家电」,Eletrodomésticos da Paz Interastral,pt-PT
「星際和平家電」,Eletrodomésticos da Paz Interastral,pt-PT
「短信」娃娃,Boneca Mensageira,pt-PT
「粉霞天女」討論群組,Grupo de Debate da Donzela Celestial Rosada,pt-PT
「粉霞天女」讨论组,Grupo de Debate da Donzela Celestial Rosada,pt-PT
「繚亂」粉絲聚集地,Local de reunião de fãs deslumbrantes,pt-PT
「缭乱」粉丝聚集地,Local de reunião de fãs deslumbrantes,pt-PT
「老人」,"""Ancião""",pt-PT
「老者」,"""Ancião""",pt-PT
「訊息」娃娃,Boneca Mensageira,pt-PT
「霞空のメイデン」議論グループ,Grupo de Debate da Donzela Celestial Rosada,pt-PT
「黑塔•全景系統」,Sistema Panóptico de Herta,pt-PT
「黑塔•全景系统」,Sistema Panóptico de Herta,pt-PT
「광운 의상점」 자동 응답 서비스,Atendimento ao cliente automatizado das Mangas Nuviosas,pt-PT
「노인」,"""Ancião""",pt-PT
「메신저」,Mensageira,pt-PT
「문자 메시지」 인형,Boneca Mensageira,pt-PT
「별의 궤도 토끼」 자동 광고봇,Máquina de Anúncios Automáticos Coelho Estelar,pt-PT
「스타피스 가전」,Eletrodomésticos da Paz Interastral,pt-PT
「와일드 파이어」 공식 계정,Fogo Vivo Oficial,pt-PT
「요란」 팬들 모여라,Local de reunião de fãs deslumbrantes,pt-PT
「핑크 님프」 토론방,Grupo de Debate da Donzela Celestial Rosada,pt-PT
「헤르타•감시 시스템」,Sistema Panóptico de Herta,pt-PT
『エーテル戦線』公式peacecordサーバー,Grupo Oficial de P&R das Guerras de Aetherium,pt-PT
うろうろしている女の子,Menina Andarilha,pt-PT
お喋り茶,Richard_Sabichão,pt-PT
お見合い✧♡デート専用チャット,Bate-papo Privado de Namoro,pt-PT
こしあん単推し,FãFeijãoVermelho,pt-PT
こしあん単推し、ビルゲイヴァー、無免許飛行船運行,"FãFeijãoVermelho, Bill Portcullis e Condução Espacial Sem Brevê...",pt-PT
しまった！アホな連中に取り囲まれた！,Manda ver! Só tem idiotas aqui!,pt-PT
なのカメラ,Diga_Xis,pt-PT
へこんでいる患者,Paciente Depressivo,pt-PT
ぽこ吉,Pelix,pt-PT
やせ細った鉱夫,Minerador Magricelo,pt-PT
アグニス,Agnes,pt-PT
アグライア,Aglaea,pt-PT
アスター,Asta,pt-PT
アッハ,Aha,pt-PT
アドラー,Adler,pt-PT
アナイクス,Anaxa,pt-PT
アフロこそ芸術,PenteadoArtístico,pt-PT
アベンチュリン,Aventurine,pt-PT
アベンチュリン・波と戯れる夏,Aventurine - Veraneio,pt-PT
アリーナ,Alina,pt-PT
アルジェンティ,Argenti,pt-PT
アルノ,Amoh,pt-PT
アレクシス,Alexis,pt-PT
アントニア,Antônia,pt-PT
アーチャー,Archer,pt-PT
アーラン,Arlan,pt-PT
イライーラ,Ranzinza,pt-PT
ウォレス,Wallace,pt-PT
ウーウーボ,Wubbaboo,pt-PT
ウーマ,Umah,pt-PT
ウールシ,Woolsey,pt-PT
エイブラハム,Abraham,pt-PT
エステル,Esther,pt-PT
エディオン,Aideen,pt-PT
エミリア,Emily,pt-PT
エリック,Eric,pt-PT
エルフィー,Arfey,pt-PT
エレイン,Elaine,pt-PT
オオトリ,Ratite,pt-PT
オレグ,Oleg,pt-PT
オンパロス受付グループ,Equipe de Boas-vindas de Amphoreus,pt-PT
カカリアの残響,Eco de Cocolia,pt-PT
カフカ,Kafka,pt-PT
カポーティ,Calepo,pt-PT
カンパニー代表,Representante da CPI,pt-PT
ガン,Gunn,pt-PT
キメラ愛好家協会,Associação dos Entusiastas de Quimeras,pt-PT
キャストリス,Castorice,pt-PT
キュレネ,Cyrene,pt-PT
ギターマスター,Mestra da Guitarra,pt-PT
ギャラガー,Gallagher,pt-PT
ギルガメッシュ,Gilgamesh,pt-PT
ギルバート,Gilbert,pt-PT
クラークフィルムカスタマーサービス,Atendimento ao Cliente dos Estúdios Clock,pt-PT
クラーラ,Clara,pt-PT
クリスタルグラス,Taça de Cristal,pt-PT
クリフォト,Qlipoth,pt-PT
クロッ■■■,Reló■■■,pt-PT
クロックレストラン,Lanchonete do Relógio,pt-PT
ケイト（勤務中）,Kate (Em Serviço),pt-PT
ケリュドラ,Cerydra,pt-PT
ケーブルカー運転係,Operador de Teleférico,pt-PT
ゲーテ,Velho Goethe,pt-PT
コマンダー,Sr. Figurão,pt-PT
コルゼ,Kluzer,pt-PT
ゴシップ専門家,EspirraChá Profissa,pt-PT
ゴミケーキ、今日のおやつは？,O que o Bolo de Lixo vai comer hoje?,pt-PT
ゴミ箱,Lata de Lixo,pt-PT
ゴーディー,Gertie,pt-PT
サフェル,Cipher,pt-PT
サンデー,Sunday,pt-PT
サンポ,Sampo,pt-PT
サー・アズール,Dr. Azul,pt-PT
ザグレウスが金をくれた,"Zagreus, Me Dê Dinheiro",pt-PT
シエン先生,Sr. Xiyan,pt-PT
シルバーメイン,Guarda Crinalva,pt-PT
シルバーメインの調査員,Investigador da Guarda Crinalva,pt-PT
シルバーメイン禁区広報,Rádio de Zona Restrita,pt-PT
シンクル,Hinkel,pt-PT
シヴォーン,Siobhan,pt-PT
ジェイド,Jade,pt-PT
ジェパード,Gepard,pt-PT
ジュリアン,Julian,pt-PT
ジュリダヌ,Joolyon,pt-PT
ジョアン,Joanne,pt-PT
ジョシュア,Joshua,pt-PT
ジョヴァンニ,Giovanni,pt-PT
ジード,Geed,pt-PT
スウィート・ドリーム新聞社,Folha dos Doces Sonhos,pt-PT
スクリューガム,Screwllum,pt-PT
スコット,Scott,pt-PT
スペースネットワーク,Rede Interastral,pt-PT
スペード,Espada,pt-PT
セイバー,Saber,pt-PT
セイレンス,Hysilens,pt-PT
セリーヌ,Celine,pt-PT
セーバル,Serval,pt-PT
ゼーレ,Seele,pt-PT
タヌッツァー,Pulitzôncio,pt-PT
タヌーキ・リー,PeLu,pt-PT
タミラ,Tamila,pt-PT
ターニャ,Tanya,pt-PT
ダファンキー,Dafanchy,pt-PT
ダリア,A Dália,pt-PT
ダン,Dunn,pt-PT
ダンシー,Dancy,pt-PT
チ,Czi,pt-PT
チェンジェ,Chengjie,pt-PT
チポ,Czipo,pt-PT
チャリカ,Chaletka,pt-PT
チャリティー,Rich_Sabidão,pt-PT
チャーリー,Achão,pt-PT
チャーヴィー,Chavez,pt-PT
ティソク三世,Tizocic III,pt-PT
ティナ,Tinah,pt-PT
テストNPC,NPC de Teste,pt-PT
デジタルゴミ,Lixo Eletrônico,pt-PT
デメテル,Demétria,pt-PT
トッド,Todd,pt-PT
トパーズ,Topaz,pt-PT
トパーズ&カブ,Topaz e Dinheirinho,pt-PT
トリビー,Tribbie,pt-PT
ドッジ,Dodge,pt-PT
ドミニク,Dominic,pt-PT
ドリームメイクパズル研究チーム,Grupo de Pesquisa Quebra-Cabeça Onírico,pt-PT
ナイスボート,Malsubestimado,pt-PT
ナターシャ,Natasha,pt-PT
ナヌーク,Nanook,pt-PT
ニコラ,Nika,pt-PT
ヌッキー・チェン,PeLanza,pt-PT
ハウンドの運営者,Cão de Caça Empreiteiro,pt-PT
バナちゃん単推し,TesouroNana,pt-PT
バナ花ちゃん（努力中）,Florinana-chan (Edição Trabalhadora),pt-PT
バーナード,Bernard,pt-PT
パム,Pom-Pom,pt-PT
パメラ,Pamela,pt-PT
パープルシェルリ,Shirley Púrpura,pt-PT
パール,Pearl,pt-PT
ヒアンシー,Hyacine,pt-PT
ヒーラ,Sheila,pt-PT
ビルゲイヴァー,Bill Portcullis,pt-PT
ピノコニー小隊,Equipe Penacony,pt-PT
ピノコニー高級品店,Artigos de Luxo de Penacony,pt-PT
ピーク,Peak,pt-PT
ファイノン,Phainon,pt-PT
ファジェイナはまだ飲んでる,Phagousa Ainda Está Bebendo,pt-PT
フィドラ,Fidora,pt-PT
フェス,Fizz,pt-PT
フェルド,Furdo,pt-PT
フォフォ,Huohuo,pt-PT
フック,Hook,pt-PT
フランケンOfficial,Franken_Oficial,pt-PT
ブラックスワン,Cisne Negro,pt-PT
ブローニャ,Bronya,pt-PT
ブートヒル,Boothill,pt-PT
ヘカテー,Hékate,pt-PT
ヘルタ,Herta,pt-PT
ヘルタピケ隊,Equipe de Monitoramento de Herta,pt-PT
ヘンな植物,Planta Estranha,pt-PT
ベイビートリオ,Os Três Tesouros,pt-PT
ベテラン鉱車運転手,Operador Sênior de Carrinho de Mineração,pt-PT
ペラ,Pela,pt-PT
ホタル,Vaga-lume,pt-PT
マクシム,Maxime,pt-PT
マダム,Senhorita,pt-PT
マダム・ヘルタ,A Herta,pt-PT
マネキンだけになりたい,Só Quero Ser Um Manequim,pt-PT
マンヤ,Manya,pt-PT
マーシーロボット,Robô-M,pt-PT
ミカ,Micah,pt-PT
ミス・ヘルタ単推し協会,Clube de Herdeiros da Madame Herta,pt-PT
ミーシャ,Misha,pt-PT
メイア,Mare,pt-PT
メッセンジャー,Mensageira,pt-PT
メランコリー,Melancolia,pt-PT
メンテナンスエンジニア,Engenheiro de Manutenção,pt-PT
モゼ,Moze,pt-PT
モリー,Molly,pt-PT
モーディス,Mydei,pt-PT
ラウェンニ,Lavonne,pt-PT
ラフトラ,Confeccionadora,pt-PT
ラミナ,Lamina,pt-PT
リラ,Lila,pt-PT
リンクス,Lynx,pt-PT
ルアン・メェイ,Ruan Mei,pt-PT
ルカ,Luka,pt-PT
ルカーチ,Lukacs,pt-PT
レオナード,Leonard,pt-PT
レギン,Regin,pt-PT
レスリー・ディーンファン大集合！,"Fãs do Lesley Dean, Bora!",pt-PT
ロキ,Rocky,pt-PT
ロシ,Rossy,pt-PT
ロビン,Robin,pt-PT
ロビン・夏空の歌,Robin - Summeretto,pt-PT
ワイルダー,Wilder,pt-PT
ワトソン,Watson,pt-PT
ヴァージニア,Vergínia,pt-PT
ヴェスカ,Vaska,pt-PT
ヴェルト,Welt,pt-PT
ヴェルト・ヨウ,Welt Yang,pt-PT
一只路过的谛听,Diting Transeunte,pt-PT
一支试管,Tubo_de_ensaio,pt-PT
一根試管,Tubo_de_ensaio,pt-PT
一隻路過的諦聽,Diting Transeunte,pt-PT
万敌,Mydei,pt-PT
三个大宝贝,Os Três Tesouros,pt-PT
三個大寶貝,Os Três Tesouros,pt-PT
三月なのか,7 de Março,pt-PT
三月七,7 de Março,pt-PT
不安がるスタッフ,Pesquisadora Nervosa,pt-PT
不安的科员,Pesquisadora Nervosa,pt-PT
不安的組員,Pesquisadora Nervosa,pt-PT
不平を言う市民,Cidadã Agitada,pt-PT
不死途,Ashveil,pt-PT
丹恆,Dan Heng,pt-PT
丹恆•飲月,Dan Heng - Embebidor Lunae,pt-PT
丹恆•騰荒,Dan Heng - Permansor Terrae,pt-PT
丹恒,Dan Heng,pt-PT
丹恒•腾荒,Dan Heng - Permansor Terrae,pt-PT
丹恒•饮月,Dan Heng - Embebidor Lunae,pt-PT
丹恒・飲月,Dan Heng - Embebidor Lunae,pt-PT
丹恒・騰荒,Dan Heng - Permansor Terrae,pt-PT
丹枢,Dan Shu,pt-PT
丹樞,Dan Shu,pt-PT
丹西,Dancy,pt-PT
乌玛,Umah,pt-PT
乔安,Joanne,pt-PT
乔瓦尼,Giovanni,pt-PT
乱破,Rappa,pt-PT
亂破,Rappa,pt-PT
予衿,Yujin,pt-PT
二相村通網,Planarvila Conectada,pt-PT
二相村通网,Planarvila Conectada,pt-PT
云璃,Yunli,pt-PT
亚伯拉罕,Abraham,pt-PT
亚历克西斯,Alexis,pt-PT
亚诺,Amoh,pt-PT
亞伯拉罕,Abraham,pt-PT
亞歷克西斯,Alexis,pt-PT
亞諾,Amoh,pt-PT
亦可賽艇,Malsubestimado,pt-PT
亦可赛艇,Malsubestimado,pt-PT
人を滅ぼしたい,Quebra-gente,pt-PT
人工智慧回覆,Resposta de IA,pt-PT
人工智能回复,Resposta de IA,pt-PT
仕方のないスタッフ,Pesquisador Desesperado,pt-PT
以斯帖,Esther,pt-PT
伊蕾恩,Elaine,pt-PT
伍尔西,Woolsey,pt-PT
伍爾西,Woolsey,pt-PT
伦纳德,Leonard,pt-PT
伯納德,Bernard,pt-PT
伯纳德,Bernard,pt-PT
佩拉,Pela,pt-PT
信使,Mensageira,pt-PT
倫納德,Leonard,pt-PT
偉そうな市民,Cidadã Agressiva,pt-PT
停云,Tingyun,pt-PT
停雲,Tingyun,pt-PT
傍聴,Ouça,pt-PT
傑帕德,Gepard,pt-PT
克劳克影业客服,Atendimento ao Cliente dos Estúdios Clock,pt-PT
克勞克影業客服,Atendimento ao Cliente dos Estúdios Clock,pt-PT
克拉拉,Clara,pt-PT
克里珀,Qlipoth,pt-PT
公事公办,Negócio é Negócio,pt-PT
公事公辦,Negócio é Negócio,pt-PT
公司代表,Representante da CPI,pt-PT
公正公平,Negócio é Negócio,pt-PT
公輸先生,Mestre Gongshu,pt-PT
公輸師傅,Mestre Gongshu,pt-PT
公输师傅,Mestre Gongshu,pt-PT
兵士,Soldado,pt-PT
军官,Oficial,pt-PT
冷漠的觀眾,Espectador Indiferente,pt-PT
冷漠的观众,Espectador Indiferente,pt-PT
冷静な患者,Paciente Calma,pt-PT
冷静な観客,Espectador Indiferente,pt-PT
冷静的患者,Paciente Calma,pt-PT
冷靜的患者,Paciente Calma,pt-PT
净砚,Jingyan,pt-PT
凯特（值班中）,Kate (Em Serviço),pt-PT
凱特（值班中）,Kate (Em Serviço),pt-PT
刃,Blade,pt-PT
利滚利金融,Finanças de Juros Compostos,pt-PT
利滾利金融,Finanças de Juros Compostos,pt-PT
刻律德菈,Cerydra,pt-PT
加拉赫,Gallagher,pt-PT
化け太子,Parapríncipe,pt-PT
匹克,Peak,pt-PT
匹諾康尼奢侈品,Artigos de Luxo de Penacony,pt-PT
匹諾康尼小分隊,Equipe Penacony,pt-PT
匹诺康尼奢侈品,Artigos de Luxo de Penacony,pt-PT
匹诺康尼小分队,Equipe Penacony,pt-PT
匿名,Anônimo,pt-PT
千冶•刃,Mortenax Blade,pt-PT
千冶・刃,Mortenax Blade,pt-PT
华劳斯,Wallace,pt-PT
卡波特,Calepo,pt-PT
卡芙卡,Kafka,pt-PT
卢卡,Luka,pt-PT
卢卡奇,Lukacs,pt-PT
古い友人,Velho Amigo,pt-PT
古恩,Gunn,pt-PT
只愿做人台,Só Quero Ser Um Manequim,pt-PT
只願做假人,Só Quero Ser Um Manequim,pt-PT
可可利亚的残响,Eco de Cocolia,pt-PT
可可利亞的殘響,Eco de Cocolia,pt-PT
史考特,Scott,pt-PT
司令,Sr. Figurão,pt-PT
吃瓜专家,EspirraChá Profissa,pt-PT
吃瓜專家,EspirraChá Profissa,pt-PT
吉他高手,Mestra da Guitarra,pt-PT
吉伯特,Gilbert,pt-PT
吉尔伯特,Gilbert,pt-PT
吉尔伽美什,Gilgamesh,pt-PT
吉爾伽美什,Gilgamesh,pt-PT
名乗るほどの者ではない,Você Já me Conhece,pt-PT
呜呜伯,Wubbaboo,pt-PT
喬安,Joanne,pt-PT
喬瓦尼,Giovanni,pt-PT
嗚嗚伯,Wubbaboo,pt-PT
嚣张的市民,Cidadã Agressiva,pt-PT
囂張的市民,Cidadã Agressiva,pt-PT
地衡司•应急中心,Comissão de Manutenção do Reino: Centro de Resposta a Emergências,pt-PT
地衡司•應急中心,Comissão de Manutenção do Reino: Centro de Resposta a Emergências,pt-PT
地衡司・応急中心,Comissão de Manutenção do Reino: Centro de Resposta a Emergências,pt-PT
垃圾桶,Lata de Lixo,pt-PT
垃圾糕今天吃什么,O que o Bolo de Lixo vai comer hoje?,pt-PT
垃圾糕今天吃什麼,O que o Bolo de Lixo vai comer hoje?,pt-PT
埃美丽,Emily,pt-PT
埃里克,Eric,pt-PT
塔米拉,Tamila,pt-PT
塞琳,Celine,pt-PT
士兵,Soldado,pt-PT
士官,Oficial,pt-PT
夕葵,Xikui,pt-PT
外送員,Entregador,pt-PT
多米尼克,Dominic,pt-PT
大丽花,A Dália,pt-PT
大会委員会,Comitê de Organização da Competição,pt-PT
大毫,Dahao,pt-PT
大理花,A Dália,pt-PT
大禽,Ratite,pt-PT
大黑塔,A Herta,pt-PT
天外の探検家,Explorador de Outro Mundo,pt-PT
天外探险家,Explorador de Outro Mundo,pt-PT
天外探險家,Explorador de Outro Mundo,pt-PT
太武タヌキ,Gigalôncio,pt-PT
太武狸,Gigalôncio,pt-PT
太空站-天才俱樂部事務公告群組,Estação Espacial - Comunicação da Sociedade de Gênios,pt-PT
奇怪的植物,Planta Estranha,pt-PT
奇美拉愛好者協會,Associação dos Entusiastas de Quimeras,pt-PT
奇美拉爱好者协会,Associação dos Entusiastas de Quimeras,pt-PT
契,Czi,pt-PT
契波,Czipo,pt-PT
奥列格,Oleg,pt-PT
奧列格,Oleg,pt-PT
姫子,Himeko,pt-PT
姫子・旅立ち,Himeko - Nova,pt-PT
姬子,Himeko,pt-PT
姬子•启行,Himeko - Nova,pt-PT
姬子•啟行,Himeko - Nova,pt-PT
娜塔莎,Natasha,pt-PT
宇宙ステーション-天才クラブ事務共有グループ,Estação Espacial - Comunicação da Sociedade de Gênios,pt-PT
安东尼娜,Antônia,pt-PT
安東尼娜,Antônia,pt-PT
完蛋了！我們被傻子包圍了！,Manda ver! Só tem idiotas aqui!,pt-PT
完蛋！我们被傻子包围了！,Manda ver! Só tem idiotas aqui!,pt-PT
寒鴉,Hanya,pt-PT
寒鸦,Hanya,pt-PT
尋ねる市民,Cidadão Enxerido,pt-PT
小さなロボット,Robozinho,pt-PT
小机器人,Robozinho,pt-PT
小機器人,Robozinho,pt-PT
小聪,Cong,pt-PT
小聰,Cong,pt-PT
小花大火起号日记,Diário da Ascensão à Fama da Sparxie,pt-PT
小花大火起號日記,Diário da Ascensão à Fama da Sparxie,pt-PT
小高,Loftin,pt-PT
尤利安,Julian,pt-PT
尤狸安,Joolyon,pt-PT
尼古莱,Nika,pt-PT
尼古萊,Nika,pt-PT
岚,Lan,pt-PT
嵐,Lan,pt-PT
巻貝の笑い声,Concha Cômica,pt-PT
布凯辛,Ranzinza,pt-PT
布凱辛,Ranzinza,pt-PT
布洛妮娅,Bronya,pt-PT
布洛妮婭,Bronya,pt-PT
希儿,Seele,pt-PT
希兒,Seele,pt-PT
希拉,Sheila,pt-PT
希露瓦,Serval,pt-PT
帕姆,Pom-Pom,pt-PT
帕梅拉,Pamela,pt-PT
帰忘の流離人,Fugue,pt-PT
年長の患者,Paciente Idosa,pt-PT
年長的患者,Paciente Idosa,pt-PT
年长的患者,Paciente Idosa,pt-PT
幻太子,Parapríncipe,pt-PT
广告牌侦探,Painel Publicitário Investigador,pt-PT
广进,Guangjin,pt-PT
広進,Guangjin,pt-PT
廣進,Guangjin,pt-PT
异常防御部,Departamento de Defesa Contra Aberrações,pt-PT
弗兰肯Official,Franken_Oficial,pt-PT
弱っている女性の声,Voz Feminina Fraca,pt-PT
彥卿,Yanqing,pt-PT
彦卿,Yanqing,pt-PT
徘徊的小女孩,Menina Andarilha,pt-PT
御空,Yukong,pt-PT
德墨忒尔,Demétria,pt-PT
德墨忒爾,Demétria,pt-PT
心の張り裂けたゴミ箱,Lata de Lixo de Coração Partido,pt-PT
心碎的垃圾桶,Lata de Lixo de Coração Partido,pt-PT
心配する市民,Cidadã Preocupada,pt-PT
必殺技を顔面で受ける,Perícia-Suprema-na-Cara,pt-PT
忘归人,Fugue,pt-PT
忘歸人,Fugue,pt-PT
忙しい応物課スタッフ,Membro Ocupado do Departamento de Execução de Artes,pt-PT
忙碌的应物科科员,Membro Ocupado do Departamento de Execução de Artes,pt-PT
忙碌的應物科組員,Membro Ocupado do Departamento de Execução de Artes,pt-PT
忧郁派,Melancolia,pt-PT
怀疑的患者,Paciente Suspeito,pt-PT
怕麻烦的患者,Paciente Tímido,pt-PT
怕麻煩的患者,Paciente Tímido,pt-PT
怪異退治隊,Esquadrão Caça-Fantasmas,pt-PT
怪異退治隊連絡用,Grupo do Esquadrão Caça-Fantasmas,pt-PT
恰丽卡,Chaletka,pt-PT
恰麗卡,Chaletka,pt-PT
愛德華醫生,Dr. Edward,pt-PT
憂鬱派,Melancolia,pt-PT
懷疑的患者,Paciente Suspeito,pt-PT
扎格列斯送我錢,"Zagreus, Me Dê Dinheiro",pt-PT
扎格列斯送我钱,"Zagreus, Me Dê Dinheiro",pt-PT
打听的市民,Cidadão Enxerido,pt-PT
打聽的市民,Cidadão Enxerido,pt-PT
托帕,Topaz,pt-PT
托帕&帳帳,Topaz e Dinheirinho,pt-PT
托帕&账账,Topaz e Dinheirinho,pt-PT
折り紙大学フレッシュバナナグループ,Grupo de Bananas Frescas da Academia Dobradura,pt-PT
折纸大学新蕉群,Grupo de Bananas Frescas da Academia Dobradura,pt-PT
抱怨的市民,Cidadã Agitada,pt-PT
担忧的市民,Cidadã Preocupada,pt-PT
拉明娜,Lamina,pt-PT
拉雯妮,Lavonne,pt-PT
拳賽的常客,Fã de Luta de Boxe,pt-PT
拳赛的常客,Fã de Luta de Boxe,pt-PT
捉鬼小队,Esquadrão Caça-Fantasmas,pt-PT
捉鬼小队对接群,Grupo do Esquadrão Caça-Fantasmas,pt-PT
捉鬼小隊,Esquadrão Caça-Fantasmas,pt-PT
捉鬼小隊聯絡群組,Grupo do Esquadrão Caça-Fantasmas,pt-PT
捷德,Geed,pt-PT
掘掘博士,Dr. Cavador,pt-PT
提灯找人,Caçador de Luz,pt-PT
提燈找人,Caçador de Luz,pt-PT
摺紙大學新蕉群組,Grupo de Bananas Frescas da Academia Dobradura,pt-PT
擔憂的市民,Cidadã Preocupada,pt-PT
文化財窃盗事件特別調査チーム,Grupo Especial de Investigação de Roubo de Artefatos,pt-PT
文物失窃专项调查组,Grupo Especial de Investigação de Roubo de Artefatos,pt-PT
文物失竊專案調查組,Grupo Especial de Investigação de Roubo de Artefatos,pt-PT
文静的大姐头,Mulher Cortês,pt-PT
文靜的大姐頭,Mulher Cortês,pt-PT
旁听,Ouça,pt-PT
旁聽,Ouça,pt-PT
无奈的科员,Pesquisador Desesperado,pt-PT
无证开飞船,Condução Espacial sem Brevê,pt-PT
明曦,Mingxi,pt-PT
明輝,Mingxi,pt-PT
昔涟,Cyrene,pt-PT
昔漣,Cyrene,pt-PT
星期日,Sunday,pt-PT
星穹列車♡ファミリー,Família do Expresso Astral,pt-PT
星穹列車一家人,Família do Expresso Astral,pt-PT
星穹列车一家人,Família do Expresso Astral,pt-PT
星际互联网络,Rede Interastral,pt-PT
星際網際網路,Rede Interastral,pt-PT
普狸策,Pulitzôncio,pt-PT
景元,Jing Yuan,pt-PT
晴霓,Qingni,pt-PT
曼娅,Manya,pt-PT
曼婭,Manya,pt-PT
月下の葦,Juncos ao Luar,pt-PT
月光下的芦苇,Juncos ao Luar,pt-PT
月光下的蘆葦,Juncos ao Luar,pt-PT
朽叶,Kuchiba,pt-PT
朽葉,Kuchiba,pt-PT
杰帕德,Gepard,pt-PT
查威,Chavez,pt-PT
查宝,Achão,pt-PT
查寶,Achão,pt-PT
桂乃芬,Guinaifen,pt-PT
桑博,Sampo,pt-PT
梁沐,Liangmu,pt-PT
梅厄,Mare,pt-PT
梓桥,Ziqiao,pt-PT
梓橋,Ziqiao,pt-PT
椒丘,Jiaoqiu,pt-PT
楽園村ネットワーク,Planarvila Conectada,pt-PT
檀,Tantan,pt-PT
檀檀,Tantan,pt-PT
歌蒂,Gertie,pt-PT
正当な権益会,Sociedade dos Direitos Legítimos,pt-PT
正当权益会社,Sociedade dos Direitos Legítimos,pt-PT
正當權益會社,Sociedade dos Direitos Legítimos,pt-PT
毀人不倦,Quebra-gente,pt-PT
毁人不倦,Quebra-gente,pt-PT
比尔盖瓦,Bill Portcullis,pt-PT
比爾蓋瓦,Bill Portcullis,pt-PT
比狸比狸,Pelix,pt-PT
水晶杯,Taça de Cristal,pt-PT
沃森,Watson,pt-PT
法吉娜还在喝,Phagousa Ainda Está Bebendo,pt-PT
法吉娜還在喝,Phagousa Ainda Está Bebendo,pt-PT
法蘭肯Official,Franken_Oficial,pt-PT
波提欧,Boothill,pt-PT
波提歐,Boothill,pt-PT
洛奇,Rocky,pt-PT
派送员,Entregador,pt-PT
流萤,Vaga-lume,pt-PT
流螢,Vaga-lume,pt-PT
浄硯,Jingyan,pt-PT
测试NPC,NPC de Teste,pt-PT
浮黎,Fuli,pt-PT
海瑟音,Hysilens,pt-PT
消沉的患者,Paciente Depressivo,pt-PT
淑女,Senhorita,pt-PT
淨硯,Jingyan,pt-PT
温世斉,Wen Shiqi,pt-PT
温世玲,Wen Shiling,pt-PT
温世齐,Wen Shiqi,pt-PT
温天翁,Wen Tianweng,pt-PT
温明徳,Wen Mingde,pt-PT
温明德,Wen Mingde,pt-PT
温符瑞,Wen Furui,pt-PT
測試NPC,NPC de Teste,pt-PT
湛蓝爵士,Dr. Azul,pt-PT
湛藍爵士,Dr. Azul,pt-PT
溫世玲,Wen Shiling,pt-PT
溫世齊,Wen Shiqi,pt-PT
溫天翁,Wen Tianweng,pt-PT
溫明德,Wen Mingde,pt-PT
溫符瑞,Wen Furui,pt-PT
演化神秘学信徒,Discípulo do Evocultismo,pt-PT
演化神秘學信徒,Discípulo do Evocultismo,pt-PT
演武仪典组委会代表,Representante do Comitê de Organização da Cerimônia da Dança da Guerra,pt-PT
演武仪典赛事沟通,Coordenador do Torneio da Dança da Guerra,pt-PT
演武儀典組委會代表,Representante do Comitê de Organização da Cerimônia da Dança da Guerra,pt-PT
演武儀典賽事溝通,Coordenador do Torneio da Dança da Guerra,pt-PT
演武典礼委員会代表,Representante do Comitê de Organização da Cerimônia da Dança da Guerra,pt-PT
演武典礼連絡係,Coordenador do Torneio da Dança da Guerra,pt-PT
潘蜜拉,Pamela,pt-PT
激动的患者,Paciente Emotiva,pt-PT
激動的患者,Paciente Emotiva,pt-PT
火花,Sparxie,pt-PT
火花の配信アシスタント,Assistente de Stream da Sparxie,pt-PT
火花直播小助手,Assistente de Stream da Sparxie,pt-PT
灯り掲げて人探し,Caçador de Luz,pt-PT
灵砂,Lingsha,pt-PT
灼热的垃圾桶,Lata de Lixo em Chamas,pt-PT
灼熱のゴミ箱,Lata de Lixo em Chamas,pt-PT
灼熱的垃圾桶,Lata de Lixo em Chamas,pt-PT
烏瑪,Umah,pt-PT
烟花该从哪边看,Onde-há-fumaça-há-fogo,pt-PT
热情似火的垃圾桶,Lata de Lixo com uma Paixão Ardente,pt-PT
無免許飛行船運行,Condução Espacial sem Brevê,pt-PT
無奈的組員,Pesquisador Desesperado,pt-PT
無照開飛船,Condução Espacial sem Brevê,pt-PT
焦っている女性,Mulher Ansiosa,pt-PT
焦る男性,Paciente Inquieto,pt-PT
焦急的女性,Mulher Ansiosa,pt-PT
焦躁的男子,Paciente Inquieto,pt-PT
煙火該從哪邊看,Onde-há-fumaça-há-fogo,pt-PT
熱情如火的垃圾桶,Lata de Lixo com uma Paixão Ardente,pt-PT
燃える情熱のゴミ箱,Lata de Lixo com uma Paixão Ardente,pt-PT
燕翠,Yancui,pt-PT
爆炸头才是艺术,PenteadoArtístico,pt-PT
爆炸頭才是藝術,PenteadoArtístico,pt-PT
爱德华医生,Dr. Edward,pt-PT
爻光,Yao Guang,pt-PT
物静かな長女,Mulher Cortês,pt-PT
狐仙女黛青,"Daiqing, a Beldade Vulpe",pt-PT
狐仙黛青,"Daiqing, a Beldade Vulpe",pt-PT
独爱蕉宝,TesouroNana,pt-PT
狸小虎,PeLanza,pt-PT
狸小龍,PeLu,pt-PT
狸小龙,PeLu,pt-PT
猎犬承办,Cão de Caça Empreiteiro,pt-PT
猹裡猹氣,Rich_Sabidão,pt-PT
猹里猹气,Rich_Sabidão,pt-PT
獨愛蕉寶,TesouroNana,pt-PT
獵犬承辦人,Cão de Caça Empreiteiro,pt-PT
玛氏机器人,Robô-M,pt-PT
玲可,Lynx,pt-PT
瑪氏機器人,Robô-M,pt-PT
瓜田裡猹,Richard_Sabichão,pt-PT
瓜田里猹,Richard_Sabichão,pt-PT
瓦丝卡,Vaska,pt-PT
瓦尔特,Welt,pt-PT
瓦尔特•杨,Welt Yang,pt-PT
瓦爾特,Welt,pt-PT
瓦爾特•楊,Welt Yang,pt-PT
瓦絲卡,Vaska,pt-PT
电子小垃圾,Lixo Eletrônico,pt-PT
界种科科员,Pesquisador de Ecologia,pt-PT
界種科組員,Pesquisador de Ecologia,pt-PT
界種課スタッフ,Pesquisador de Ecologia,pt-PT
異常防禦部,Departamento de Defesa Contra Aberrações,pt-PT
疑っている患者,Paciente Suspeito,pt-PT
疲れた牌友,Jogador Cansado,pt-PT
疲惫的牌友,Jogador Cansado,pt-PT
疲憊的牌友,Jogador Cansado,pt-PT
瘦弱的矿工,Minerador Magricelo,pt-PT
瘦弱的礦工,Minerador Magricelo,pt-PT
白厄,Phainon,pt-PT
白露,Bailu,pt-PT
盧卡,Luka,pt-PT
盧卡奇,Lukacs,pt-PT
相亲交友私小窗,Bate-papo Privado de Namoro,pt-PT
相親交友私小窗,Bate-papo Privado de Namoro,pt-PT
看板偵探,Painel Publicitário Investigador,pt-PT
看板探偵,Painel Publicitário Investigador,pt-PT
真珠,Pearl,pt-PT
真理医生,Dr. Ratio,pt-PT
真理醫生,Dr. Ratio,pt-PT
知名不具,Você Já me Conhece,pt-PT
知更鳥,Robin,pt-PT
知更鳥•晴歌,Robin - Summeretto,pt-PT
知更鸟,Robin,pt-PT
知更鸟•晴歌,Robin - Summeretto,pt-PT
矿民,Minerador,pt-PT
矿灯巴列维,"Balaway, o Lanterna de Minerador",pt-PT
矿车工学徒,Operador Aprendiz,pt-PT
矿车工老师傅,Operador Sênior de Carrinho de Mineração,pt-PT
砂金,Aventurine,pt-PT
砂金•戏浪,Aventurine - Veraneio,pt-PT
砂金•戲浪,Aventurine - Veraneio,pt-PT
礦民,Minerador,pt-PT
礦燈巴列維,"Balaway, o Lanterna de Minerador",pt-PT
礦車工學徒,Operador Aprendiz,pt-PT
礦車工老師傅,Operador Sênior de Carrinho de Mineração,pt-PT
神情紧张的小姑娘,Garota Nervosa,pt-PT
神情緊張的小女孩,Garota Nervosa,pt-PT
科魯澤,Kluzer,pt-PT
科鲁泽,Kluzer,pt-PT
空间站-天才俱乐部事务同步群,Estação Espacial - Comunicação da Sociedade de Gênios,pt-PT
立方秘社,Clube Hex,pt-PT
符玄,Fu Xuan,pt-PT
第十三泰坦,O 13º Titã,pt-PT
筑梦拼图课题组,Grupo de Pesquisa Quebra-Cabeça Onírico,pt-PT
築夢拼圖團隊成員,Grupo de Pesquisa Quebra-Cabeça Onírico,pt-PT
米凯,Micah,pt-PT
米凱,Micah,pt-PT
米沙,Misha,pt-PT
約書亞,Joshua,pt-PT
紅毛斑鳩,Pomba Ruiva Malhada,pt-PT
納努克,Nanook,pt-PT
素裳,Sushang,pt-PT
紧急,É urgente,pt-PT
紫色雪尔丽,Shirley Púrpura,pt-PT
紫色雪爾麗,Shirley Púrpura,pt-PT
綠色膨大海,Noz Mavla Verde,pt-PT
綠芙蓉,Hibisco Verde,pt-PT
維修工程師,Engenheiro de Manutenção,pt-PT
維吉妮婭,Vergínia,pt-PT
維爾德,Wilder,pt-PT
緊張する女の子,Garota Nervosa,pt-PT
緊急,É urgente,pt-PT
緋英,Evanescia,pt-PT
緑色の莫大,Noz Mavla Verde,pt-PT
緑芙蓉,Hibisco Verde,pt-PT
緹娜,Tinah,pt-PT
緹寶,Tribbie,pt-PT
繚乱・忍侠,Okashira Deslumbrante,pt-PT
繚乱忍侠拙者参上,Eu me chamo Ninja Deslumbrante,pt-PT
繚亂•忍俠,Okashira Deslumbrante,pt-PT
繚亂忍俠是在下,Eu me chamo Ninja Deslumbrante,pt-PT
纜車道操作員,Operador de Teleférico,pt-PT
红毛斑鸠,Pomba Ruiva Malhada,pt-PT
约书亚,Joshua,pt-PT
纳努克,Nanook,pt-PT
绯英,Evanescia,pt-PT
维修工程师,Engenheiro de Manutenção,pt-PT
维吉妮娅,Vergínia,pt-PT
维尔德,Wilder,pt-PT
绿色胖大海,Noz Mavla Verde,pt-PT
绿芙蓉,Hibisco Verde,pt-PT
缆车道操作员,Operador de Teleférico,pt-PT
缇娜,Tinah,pt-PT
缇宝,Tribbie,pt-PT
缭乱•忍侠,Okashira Deslumbrante,pt-PT
缭乱忍侠是在下,Eu me chamo Ninja Deslumbrante,pt-PT
罗刹,Luocha,pt-PT
罗希,Rossy,pt-PT
羅刹,Luocha,pt-PT
羅剎,Luocha,pt-PT
羅希,Rossy,pt-PT
美夢報社,Folha dos Doces Sonhos,pt-PT
美梦报社,Folha dos Doces Sonhos,pt-PT
翁法罗斯迎宾组,Equipe de Boas-vindas de Amphoreus,pt-PT
翁法羅斯迎賓組,Equipe de Boas-vindas de Amphoreus,pt-PT
翡翠,Jade,pt-PT
老朋友,Velho Amigo,pt-PT
老歌德,Velho Goethe,pt-PT
聡,Cong,pt-PT
肉屋,O Açougueiro,pt-PT
肉店鎮屠,O Açougueiro,pt-PT
肉店镇屠,O Açougueiro,pt-PT
脸接大招,Perícia-Suprema-na-Cara,pt-PT
臉接大招,Perícia-Suprema-na-Cara,pt-PT
興奮する患者,Paciente Emotiva,pt-PT
舒翁,Siobhan,pt-PT
艾丝妲,Asta,pt-PT
艾尔菲,Arfey,pt-PT
艾格尼斯,Agnes,pt-PT
艾爾菲,Arfey,pt-PT
艾絲妲,Asta,pt-PT
艾蜜莉,Emily,pt-PT
艾迪恩,Aideen,pt-PT
芦慧,Luhui,pt-PT
芭蕉花酱（努力版）,Florinana-chan (Edição Trabalhadora),pt-PT
芭蕉花醬（努力版）,Florinana-chan (Edição Trabalhadora),pt-PT
芮克先生,Sr. Rec,pt-PT
花ちゃん爆売れ日記,Diário da Ascensão à Fama da Sparxie,pt-PT
花火,Sparkle,pt-PT
花火はどこから見るべきか,Onde-há-fumaça-há-fogo,pt-PT
茉莉,Molly,pt-PT
药师,Yaoshi,pt-PT
莉拉,Lila,pt-PT
莱斯利•迪恩粉丝集合！,"Fãs do Lesley Dean, Bora!",pt-PT
華勒斯,Wallace,pt-PT
菲丝,Fizz,pt-PT
菲多拉,Fidora,pt-PT
菲絲,Fizz,pt-PT
萊斯利•迪恩粉絲集合！,"Fãs do Lesley Dean, Bora!",pt-PT
萬敵,Mydei,pt-PT
蒂索克三世,Tizocic III,pt-PT
蕉开富贵,Richie Descascado,pt-PT
蕉開富貴,Richie Descascado,pt-PT
薬師,Yaoshi,pt-PT
藥師,Yaoshi,pt-PT
藿藿,Huohuo,pt-PT
蘆慧,Luhui,pt-PT
虎克,Hook,pt-PT
虚弱的女声,Voz Feminina Fraca,pt-PT
虛弱的女聲,Voz Feminina Fraca,pt-PT
螺丝咕姆,Screwllum,pt-PT
螺中笑声,Concha Cômica,pt-PT
螺中笑聲,Concha Cômica,pt-PT
螺絲咕姆,Screwllum,pt-PT
衣匠,Confeccionadora,pt-PT
西衍先生,Sr. Xiyan,pt-PT
見習い鉱車運転手,Operador Aprendiz,pt-PT
試合の常連客,Fã de Luta de Boxe,pt-PT
試験管,Tubo_de_ensaio,pt-PT
認証ロボット,Robô Certificador,pt-PT
認證機器人,Robô Certificador,pt-PT
諦聴,Diting,pt-PT
諦聽,Diting,pt-PT
譚雅,Tanya,pt-PT
认证机器人,Robô Certificador,pt-PT
谛听,Diting,pt-PT
谭雅,Tanya,pt-PT
豆沙单推,FãFeijãoVermelho,pt-PT
豆沙单推、比尔盖瓦、无证开飞船…,"FãFeijãoVermelho, Bill Portcullis e Condução Espacial Sem Brevê...",pt-PT
豆沙單推,FãFeijãoVermelho,pt-PT
豆沙單推、比爾蓋瓦、無證開飛船……,"FãFeijãoVermelho, Bill Portcullis e Condução Espacial Sem Brevê...",pt-PT
貊泽,Moze,pt-PT
貊澤,Moze,pt-PT
費爾多,Furdo,pt-PT
賽事組委會,Comitê de Organização da Competição,pt-PT
賽飛兒,Cipher,pt-PT
费尔多,Furdo,pt-PT
赛事组委会,Comitê de Organização da Competição,pt-PT
赛飞儿,Cipher,pt-PT
赤毛のキジバト,Pomba Ruiva Malhada,pt-PT
赫卡忒,Hékate,pt-PT
赵相机,Diga_Xis,pt-PT
超常現象管理局,Departamento de Defesa Contra Aberrações,pt-PT
趙相機,Diga_Xis,pt-PT
跃渊,Yueyuan,pt-PT
躍淵,Yueyuan,pt-PT
軍官,Oficial,pt-PT
辛克尔,Hinkel,pt-PT
辛克爾,Hinkel,pt-PT
达凡绮,Dafanchy,pt-PT
远坂凛,Rin Tohsaka,pt-PT
通りすがりの諦聴,Diting Transeunte,pt-PT
進化神秘学の信者,Discípulo do Evocultismo,pt-PT
遐蝶,Castorice,pt-PT
道奇,Dodge,pt-PT
達凡綺,Dafanchy,pt-PT
遠坂凛,Rin Tohsaka,pt-PT
遠坂凜,Rin Tohsaka,pt-PT
邓恩,Dunn,pt-PT
那刻夏,Anaxa,pt-PT
鄧恩,Dunn,pt-PT
配達員,Entregador,pt-PT
金人巷复兴小组,Projeto de Revitalização do Beco Aurum,pt-PT
金人巷復興小組,Projeto de Revitalização do Beco Aurum,pt-PT
金人巷復興隊,Projeto de Revitalização do Beco Aurum,pt-PT
鉱夫,Minerador,pt-PT
銀枝,Argenti,pt-PT
銀狼,Loba Prateada,pt-PT
銀狼LV.999,Loba Prateada Nv. 999,pt-PT
銀狼（文豪版）,Loba Prateada (Edição Literária),pt-PT
銀鬃鐵衛,Guarda Crinalva,pt-PT
鋮傑,Chengjie,pt-PT
鍾珊,Zhongshan,pt-PT
鍾釤釤4號機,ShannieZhong IV,pt-PT
鏡流,Jingliu,pt-PT
鐘■■■,Reló■■■,pt-PT
鐘柵柵4号機,ShannieZhong IV,pt-PT
鐘珊,Zhongshan,pt-PT
鐘錶餐廳,Lanchonete do Relógio,pt-PT
鐵衛禁區播報,Rádio de Zona Restrita,pt-PT
鐵衛調查員,Investigador da Guarda Crinalva,pt-PT
钟■■■,Reló■■■,pt-PT
钟珊,Zhongshan,pt-PT
钟表餐厅,Lanchonete do Relógio,pt-PT
钟钐钐4号机,ShannieZhong IV,pt-PT
铁卫禁区播报,Rádio de Zona Restrita,pt-PT
铁卫调查员,Investigador da Guarda Crinalva,pt-PT
铖杰,Chengjie,pt-PT
银枝,Argenti,pt-PT
银狼,Loba Prateada,pt-PT
银狼LV.999,Loba Prateada Nv. 999,pt-PT
银狼（文豪版）,Loba Prateada (Edição Literária),pt-PT
银鬃铁卫,Guarda Crinalva,pt-PT
镜流,Jingliu,pt-PT
長夜月,Noite Eterna,pt-PT
长夜月,Noite Eterna,pt-PT
阮•梅,Ruan Mei,pt-PT
阿丽娜,Alina,pt-PT
阿兰,Arlan,pt-PT
阿哈,Aha,pt-PT
阿德勒,Adler,pt-PT
阿月,A-Yue,pt-PT
阿格莱雅,Aglaea,pt-PT
阿格萊雅,Aglaea,pt-PT
阿蘭,Arlan,pt-PT
阿青,Qingster,pt-PT
阿麗娜,Alina,pt-PT
陶德,Todd,pt-PT
隆介,Ryusuke,pt-PT
集え「繚乱」ファン,Local de reunião de fãs deslumbrantes,pt-PT
雪だるま式複利金融,Finanças de Juros Compostos,pt-PT
雪国の歌姫,Cantora das Terras Invernais,pt-PT
雪国歌姬,Cantora das Terras Invernais,pt-PT
雪國歌姬,Cantora das Terras Invernais,pt-PT
雪衣,Xueyi,pt-PT
雲璃,Yunli,pt-PT
雷金,Regin,pt-PT
電子小垃圾,Lixo Eletrônico,pt-PT
霄翰,Xiaohan,pt-PT
霊砂,Lingsha,pt-PT
靈砂,Lingsha,pt-PT
青鏃,Qingzu,pt-PT
青镞,Qingzu,pt-PT
青雀,Qingque,pt-PT
面倒くさがる患者,Paciente Tímido,pt-PT
音忍集会,Montagem de Ninja do Som,pt-PT
音忍集會,Montagem de Ninja do Som,pt-PT
風堇,Hyacine,pt-PT
风堇,Hyacine,pt-PT
飛霄,Feixiao,pt-PT
飞霄,Feixiao,pt-PT
馬克西姆,Maxime,pt-PT
馭空,Yukong,pt-PT
马克西姆,Maxime,pt-PT
驭空,Yukong,pt-PT
高さん,Loftin,pt-PT
魔方秘社,Clube Hex,pt-PT
黃泉,Acheron,pt-PT
黃金替罪羔羊的囈語,Sussurros do Bode Expiatório Dourado,pt-PT
黄泉,Acheron,pt-PT
黄金のスケープゴートの世迷言,Sussurros do Bode Expiatório Dourado,pt-PT
黄金バナ屋,Richie Descascado,pt-PT
黄金替罪羊的呓语,Sussurros do Bode Expiatório Dourado,pt-PT
黑塔,Herta,pt-PT
黑塔女士单推协会,Clube de Herdeiros da Madame Herta,pt-PT
黑塔女士單推協會,Clube de Herdeiros da Madame Herta,pt-PT
黑塔糾察隊,Equipe de Monitoramento de Herta,pt-PT
黑塔纠察队,Equipe de Monitoramento de Herta,pt-PT
黑天鵝,Cisne Negro,pt-PT
黑天鹅,Cisne Negro,pt-PT
黑桃,Espada,pt-PT
갤러거,Gallagher,pt-PT
거티,Gertie,pt-PT
걱정하는 시민,Cidadã Preocupada,pt-PT
건,Gunn,pt-PT
게파드,Gepard,pt-PT
격투 시합의 단골손님,Fã de Luta de Boxe,pt-PT
경기 조직 위원회,Comitê de Organização da Competição,pt-PT
경류,Jingliu,pt-PT
경원,Jing Yuan,pt-PT
경청,Diting,pt-PT
계네빈,Guinaifen,pt-PT
공수 사부,Mestre Gongshu,pt-PT
곽향,Huohuo,pt-PT
광고판 탐정,Painel Publicitário Investigador,pt-PT
광부,Minerador,pt-PT
광진,Guangjin,pt-PT
광차 작업공 견습생,Operador Aprendiz,pt-PT
귀찮을까 봐 걱정하는 환자,Paciente Tímido,pt-PT
그냥 마네킹이 되고 싶어,Só Quero Ser Um Manequim,pt-PT
금 조각상 거리 부흥팀,Projeto de Revitalização do Beco Aurum,pt-PT
기타 고수,Mestra da Guitarra,pt-PT
긴급,É urgente,pt-PT
긴장한 표정의 꼬마 숙녀,Garota Nervosa,pt-PT
길가메시,Gilgamesh,pt-PT
길버트,Gilbert,pt-PT
꾸리,Pulitzôncio,pt-PT
꿈 건축 퍼즐 연구팀,Grupo de Pesquisa Quebra-Cabeça Onírico,pt-PT
나나순이,TesouroNana,pt-PT
나누크,Nanook,pt-PT
나이 든 환자,Paciente Idosa,pt-PT
나찰,Luocha,pt-PT
나타샤,Natasha,pt-PT
냉정한 관객,Espectador Indiferente,pt-PT
냉정한 환자,Paciente Calma,pt-PT
노련한 광차 작업공,Operador Sênior de Carrinho de Mineração,pt-PT
노혜,Luhui,pt-PT
늙은 괴테,Velho Goethe,pt-PT
니카,Nika,pt-PT
다판치,Dafanchy,pt-PT
단단,Tantan,pt-PT
단우,Dan Shu,pt-PT
단항,Dan Heng,pt-PT
단항•등황,Dan Heng - Permansor Terrae,pt-PT
단항•음월,Dan Heng - Embebidor Lunae,pt-PT
달리아,A Dália,pt-PT
달빛 아래의 갈대,Juncos ao Luar,pt-PT
닷지,Dodge,pt-PT
대청,Qingster,pt-PT
대호,Dahao,pt-PT
댄시,Dancy,pt-PT
더 헤르타,A Herta,pt-PT
던,Dunn,pt-PT
데미트리아,Demétria,pt-PT
도미닉,Dominic,pt-PT
등불을 든 수색꾼,Caçador de Luz,pt-PT
라미나,Lamina,pt-PT
라본느,Lavonne,pt-PT
라파,Rappa,pt-PT
란,Lan,pt-PT
레긴,Regin,pt-PT
레너드,Leonard,pt-PT
레드 피존,Pomba Ruiva Malhada,pt-PT
레슬리•딘 팬 집합!,"Fãs do Lesley Dean, Bora!",pt-PT
레이디,Senhorita,pt-PT
레타이트,Ratite,pt-PT
로빈,Robin,pt-PT
로빈•서머레토,Robin - Summeretto,pt-PT
로시,Rossy,pt-PT
록키,Rocky,pt-PT
루카,Luka,pt-PT
루카치,Lukacs,pt-PT
류스케,Ryusuke,pt-PT
리라,Lila,pt-PT
리리차드드,Rich_Sabidão,pt-PT
링스,Lynx,pt-PT
마냐,Manya,pt-PT
마레,Mare,pt-PT
마메라,Diga_Xis,pt-PT
마스 로봇,Robô-M,pt-PT
마음이 산산조각 난 쓰레기통,Lata de Lixo de Coração Partido,pt-PT
마이너 램프 발라웨이,"Balaway, o Lanterna de Minerador",pt-PT
마이데이,Mydei,pt-PT
막심,Maxime,pt-PT
망귀인,Fugue,pt-PT
맥택,Moze,pt-PT
메신저,Mensageira,pt-PT
명희,Mingxi,pt-PT
몰리,Molly,pt-PT
무면허 조종사,Condução Espacial sem Brevê,pt-PT
무명인사,Você Já me Conhece,pt-PT
문화재 도난 사건 담당 조사팀,Grupo Especial de Investigação de Roubo de Artefatos,pt-PT
미샤,Misha,pt-PT
미카,Micah,pt-PT
바쁜 관리과 연구원,Membro Ocupado do Departamento de Execução de Artes,pt-PT
바스카,Vaska,pt-PT
바이올렛 설리,Shirley Púrpura,pt-PT
반디,Vaga-lume,pt-PT
배달원,Entregador,pt-PT
배회하는 여자아이,Menina Andarilha,pt-PT
백로,Bailu,pt-PT
버나드,Bernard,pt-PT
베르기니아,Vergínia,pt-PT
베이비 트리오,Os Três Tesouros,pt-PT
병사,Soldado,pt-PT
병약한 광부,Minerador Magricelo,pt-PT
부귀나나,Richie Descascado,pt-PT
부트힐,Boothill,pt-PT
부현,Fu Xuan,pt-PT
불안한 연구원,Pesquisadora Nervosa,pt-PT
불타는 쓰레기통,Lata de Lixo em Chamas,pt-PT
불타는 정열의 쓰레기통,Lata de Lixo com uma Paixão Ardente,pt-PT
불평하는 시민,Cidadã Agitada,pt-PT
브로냐,Bronya,pt-PT
블랙 스완,Cisne Negro,pt-PT
블레이드,Blade,pt-PT
블루 나이트,Dr. Azul,pt-PT
비소,Feixiao,pt-PT
빌 게이버,Bill Portcullis,pt-PT
빌리,Pelix,pt-PT
사냥개 하청업자,Cão de Caça Empreiteiro,pt-PT
사령관,Sr. Figurão,pt-PT
사이퍼,Cipher,pt-PT
삼포,Sampo,pt-PT
생태과 연구원,Pesquisador de Ecologia,pt-PT
샬레카,Chaletka,pt-PT
서벌,Serval,pt-PT
서연 선생,Sr. Xiyan,pt-PT
서유,Xikui,pt-PT
선데이,Sunday,pt-PT
설국의 디바,Cantora das Terras Invernais,pt-PT
설의,Xueyi,pt-PT
성결,Chengjie,pt-PT
세이버,Saber,pt-PT
셀린느,Celine,pt-PT
소라 속 웃음,Concha Cômica,pt-PT
소랑이,PeLanza,pt-PT
소룡이,PeLu,pt-PT
소상,Sushang,pt-PT
소한,Xiaohan,pt-PT
소형 로봇,Robozinho,pt-PT
수리 엔지니어,Engenheiro de Manutenção,pt-PT
스노우볼 파이낸스,Finanças de Juros Compostos,pt-PT
스콧,Scott,pt-PT
스크루룸,Screwllum,pt-PT
스타 네트워크,Rede Interastral,pt-PT
스파클,Sparkle,pt-PT
스파키,Sparxie,pt-PT
스파키 방송 어시스턴트,Assistente de Stream da Sparxie,pt-PT
스페이드,Espada,pt-PT
시계 식당,Lanchonete do Relógio,pt-PT
시계■■■,Reló■■■,pt-PT
시오반,Siobhan,pt-PT
시험관,Tubo_de_ensaio,pt-PT
실라,Sheila,pt-PT
실버메인 철위대,Guarda Crinalva,pt-PT
쓰레기통,Lata de Lixo,pt-PT
아그네스,Agnes,pt-PT
아글라이아,Aglaea,pt-PT
아낙사,Anaxa,pt-PT
아들러,Adler,pt-PT
아르페,Arfey,pt-PT
아를란,Arlan,pt-PT
아모,Amoh,pt-PT
아브라함,Abraham,pt-PT
아스타,Asta,pt-PT
아젠티,Argenti,pt-PT
아처,Archer,pt-PT
아케론,Acheron,pt-PT
아하,Aha,pt-PT
악당,Quebra-gente,pt-PT
안기쁨,Ranzinza,pt-PT
안다니 똥파리 리차드,Richard_Sabichão,pt-PT
안토니아,Antônia,pt-PT
알렉시스,Alexis,pt-PT
애쉬베일,Ashveil,pt-PT
애인&친구 찾기 채팅,Bate-papo Privado de Namoro,pt-PT
앨리나,Alina,pt-PT
앰포리어스 환영팀,Equipe de Boas-vindas de Amphoreus,pt-PT
약사,Yaoshi,pt-PT
약연,Yueyuan,pt-PT
양목,Liangmu,pt-PT
어공,Yukong,pt-PT
어벤츄린,Aventurine,pt-PT
어벤츄린•웨이브,Aventurine - Veraneio,pt-PT
얼굴로 방어,Perícia-Suprema-na-Cara,pt-PT
에릭,Eric,pt-PT
에밀리,Emily,pt-PT
에바네시아,Evanescia,pt-PT
에버나이트,Noite Eterna,pt-PT
에스더,Esther,pt-PT
에이딘,Aideen,pt-PT
여우족 요정 대청,"Daiqing, a Beldade Vulpe",pt-PT
여진,Yujin,pt-PT
연경,Yanqing,pt-PT
연무 의식 경기 연락 담당,Coordenador do Torneio da Dança da Guerra,pt-PT
연무 의식 위원회 대표,Representante do Comitê de Organização da Cerimônia da Dança da Guerra,pt-PT
연희,Yancui,pt-PT
열세 번째 티탄,O 13º Titã,pt-PT
엿듣기,Ouça,pt-PT
영사,Lingsha,pt-PT
오늘은 쓰레기 케이크한테 뭘 먹일까,O que o Bolo de Lixo vai comer hoje?,pt-PT
오만방자한 시민,Cidadã Agressiva,pt-PT
온명덕,Wen Mingde,pt-PT
온부서,Wen Furui,pt-PT
온세영,Wen Shiling,pt-PT
온세자,Wen Shiqi,pt-PT
온천옹,Wen Tianweng,pt-PT
올레그,Oleg,pt-PT
와일더,Wilder,pt-PT
완•매,Ruan Mei,pt-PT
왓슨,Watson,pt-PT
요괴 퇴치팀,Esquadrão Caça-Fantasmas,pt-PT
요괴 퇴치팀 톡방,Grupo do Esquadrão Caça-Fantasmas,pt-PT
요란 닌자 레인저는 바로 나다,Eu me chamo Ninja Deslumbrante,pt-PT
요란•닌자 레인저,Okashira Deslumbrante,pt-PT
우마,Umah,pt-PT
우울이,Melancolia,pt-PT
우주정거장-지니어스 클럽 업무 공유 그룹,Estação Espacial - Comunicação da Sociedade de Gênios,pt-PT
운리,Yunli,pt-PT
울보 유령,Wubbaboo,pt-PT
울시,Woolsey,pt-PT
월리스,Wallace,pt-PT
월이,A-Yue,pt-PT
웰트,Welt,pt-PT
웰트•양,Welt Yang,pt-PT
은랑,Loba Prateada,pt-PT
은랑 LV.999,Loba Prateada Nv. 999,pt-PT
은랑(문학 버전),Loba Prateada (Edição Literária),pt-PT
은하열차 패밀리,Família do Expresso Astral,pt-PT
음률 닌자 집회,Montagem de Ninja do Som,pt-PT
의기소침한 환자,Paciente Depressivo,pt-PT
의상공,Confeccionadora,pt-PT
이글이글 계정 성장 일지,Diário da Ascensão à Fama da Sparxie,pt-PT
이루리,Gigalôncio,pt-PT
이상 마을 인터넷 개통,Planarvila Conectada,pt-PT
이상방어부,Departamento de Defesa Contra Aberrações,pt-PT
이상한 식물,Planta Estranha,pt-PT
익명,Anônimo,pt-PT
익사이팅,Malsubestimado,pt-PT
인증 로봇,Robô Certificador,pt-PT
일 처리는 원칙대로,Negócio é Negócio,pt-PT
일레인,Elaine,pt-PT
자그레우스 나한테 한 푼만,"Zagreus, Me Dê Dinheiro",pt-PT
장교,Oficial,pt-PT
재교,Ziqiao,pt-PT
전자 쓰레기,Lixo Eletrônico,pt-PT
정당 권익 회사,Sociedade dos Direitos Legítimos,pt-PT
정연,Jingyan,pt-PT
정운,Tingyun,pt-PT
정육점,O Açougueiro,pt-PT
제레,Seele,pt-PT
제이드,Jade,pt-PT
제트,Loftin,pt-PT
조슈아,Joshua,pt-PT
조앤,Joanne,pt-PT
종산,Zhongshan,pt-PT
종삼삼 4호기,ShannieZhong IV,pt-PT
종이접기 아카데미 신규 나나방,Grupo de Bananas Frescas da Academia Dobradura,pt-PT
좋은꿈 신문사,Folha dos Doces Sonhos,pt-PT
줄리안,Julian,pt-PT
쥴리안,Joolyon,pt-PT
지나가는 경청,Diting Transeunte,pt-PT
지드,Geed,pt-PT
지오반니,Giovanni,pt-PT
지형사•응급 관리소,Comissão de Manutenção do Reino: Centro de Resposta a Emergências,pt-PT
진화 신비학 신도,Discípulo do Evocultismo,pt-PT
질문하는 시민,Cidadão Enxerido,pt-PT
차베스,Chavez,pt-PT
차분한 누님,Mulher Cortês,pt-PT
천야•블레이드,Mortenax Blade,pt-PT
천외 탐험가,Explorador de Outro Mundo,pt-PT
철위대 금지구역 보도자료,Rádio de Zona Restrita,pt-PT
철위대 조사원,Investigador da Guarda Crinalva,pt-PT
청예,Qingni,pt-PT
청작,Qingque,pt-PT
청주,Qingzu,pt-PT
체념한 연구원,Pesquisador Desesperado,pt-PT
초구,Jiaoqiu,pt-PT
초록 부용,Hibisco Verde,pt-PT
초록빛 바다,Noz Mavla Verde,pt-PT
초조한 남자,Paciente Inquieto,pt-PT
초조한 여성,Mulher Ansiosa,pt-PT
총명,Cong,pt-PT
치,Czi,pt-PT
치포,Czipo,pt-PT
친구,Velho Amigo,pt-PT
카스토리스,Castorice,pt-PT
카포티,Calepo,pt-PT
카프카,Kafka,pt-PT
컴퍼니 대표,Representante da CPI,pt-PT
케리드라,Cerydra,pt-PT
케이블카 조작원,Operador de Teleférico,pt-PT
케이트(근무 중),Kate (Em Serviço),pt-PT
쿠치바,Kuchiba,pt-PT
쿠쿠리아의 잔영,Eco de Cocolia,pt-PT
큐브 시크릿 서클,Clube Hex,pt-PT
크리스탈 잔,Taça de Cristal,pt-PT
큰일났어! 멍청이들한테 포위되고 말았어!,Manda ver! Só tem idiotas aqui!,pt-PT
클라라,Clara,pt-PT
클락 스튜디오 고객센터,Atendimento ao Cliente dos Estúdios Clock,pt-PT
클루저,Kluzer,pt-PT
클리포트,Qlipoth,pt-PT
키레네,Cyrene,pt-PT
키메라 애호가 협회,Associação dos Entusiastas de Quimeras,pt-PT
타냐,Tanya,pt-PT
타밀라,Tamila,pt-PT
테스트 NPC,NPC de Teste,pt-PT
토드,Todd,pt-PT
토오사카 린,Rin Tohsaka,pt-PT
토파즈,Topaz,pt-PT
토파즈&복순이,Topaz e Dinheirinho,pt-PT
트리비,Tribbie,pt-PT
티아나,Tinah,pt-PT
티조크 3세,Tizocic III,pt-PT
파구사는 아직도 마시는 중,Phagousa Ainda Está Bebendo,pt-PT
파멜라,Pamela,pt-PT
파이논,Phainon,pt-PT
파인디,Achão,pt-PT
파초꽃짱(노력 ver.),Florinana-chan (Edição Trabalhadora),pt-PT
팥앙금러버,FãFeijãoVermelho,pt-PT
"팥앙금러버, 빌 게이버, 무면허 조종사…","FãFeijãoVermelho, Bill Portcullis e Condução Espacial Sem Brevê...",pt-PT
퍼르도,Furdo,pt-PT
펄,Pearl,pt-PT
페나코니 명품,Artigos de Luxo de Penacony,pt-PT
페나코니 팀,Equipe Penacony,pt-PT
페라,Pela,pt-PT
폭죽은 어디서 봐야 하지,Onde-há-fumaça-há-fogo,pt-PT
폭탄 머리야말로 예술,PenteadoArtístico,pt-PT
폼폼,Pom-Pom,pt-PT
프랑켄 Official,Franken_Oficial,pt-PT
프로구경러,EspirraChá Profissa,pt-PT
피곤한 대전 상대,Jogador Cansado,pt-PT
피도라,Fidora,pt-PT
피즈,Fizz,pt-PT
피크,Peak,pt-PT
한아,Hanya,pt-PT
허약한 여자 목소리,Voz Feminina Fraca,pt-PT
헤르타,Herta,pt-PT
헤르타 순찰대,Equipe de Monitoramento de Herta,pt-PT
헤르타 원럽 클럽,Clube de Herdeiros da Madame Herta,pt-PT
헤카테,Hékate,pt-PT
환태자,Parapríncipe,pt-PT
황금 희생양의 잠꼬대,Sussurros do Bode Expiatório Dourado,pt-PT
회의적인 환자,Paciente Suspeito,pt-PT
효광,Yao Guang,pt-PT
후리,Fuli,pt-PT
후크,Hook,pt-PT
흥분한 환자,Paciente Emotiva,pt-PT
히메코,Himeko,pt-PT
히메코•노바,Himeko - Nova,pt-PT
히실렌스,Hysilens,pt-PT
히아킨,Hyacine,pt-PT
힌켈,Hinkel,pt-PT
