source,target,tgt_lng
Bí Cảnh Chúc Phúc: Biến Tấu I,Yadigar Zindanı: Çeşitlilik I,tr-TR
Bí Cảnh Chúc Phúc: Biến Tấu II,Yadigar Zindanı: Çeşitlilik II,tr-TR
Bí Cảnh Chúc Phúc: Biến Tấu III,Yadigar Zindanı: Çeşitlilik III,tr-TR
Bí Cảnh Chúc Phúc: Biến Tấu IV,Yadigar Zindanı: Çeşitlilik IV,tr-TR
Bí Cảnh Chúc Phúc: Băng Giá Tử Thần I,Yadigar Zindanı: Elemli Kırağı I,tr-TR
Bí Cảnh Chúc Phúc: Băng Giá Tử Thần II,Yadigar Zindanı: Elemli Kırağı II,tr-TR
Bí Cảnh Chúc Phúc: Băng Giá Tử Thần III,Yadigar Zindanı: Elemli Kırağı III,tr-TR
Bí Cảnh Chúc Phúc: Băng Giá Tử Thần IV,Yadigar Zindanı: Elemli Kırağı IV,tr-TR
Bí Cảnh Chúc Phúc: Băng Thực I,Yadigar Zindanı: Buz Aşınması I,tr-TR
Bí Cảnh Chúc Phúc: Băng Thực II,Yadigar Zindanı: Buz Aşınması II,tr-TR
Bí Cảnh Chúc Phúc: Băng Thực III,Yadigar Zindanı: Buz Aşınması III,tr-TR
Bí Cảnh Chúc Phúc: Băng Thực IV,Yadigar Zindanı: Buz Aşınması IV,tr-TR
Bí Cảnh Chúc Phúc: Bất Di I,Yadigar Zindanı: Boyun Eğmez I,tr-TR
Bí Cảnh Chúc Phúc: Bất Di II,Yadigar Zindanı: Boyun Eğmez II,tr-TR
Bí Cảnh Chúc Phúc: Bất Di III,Yadigar Zindanı: Boyun Eğmez III,tr-TR
Bí Cảnh Chúc Phúc: Bất Di IV,Yadigar Zindanı: Boyun Eğmez IV,tr-TR
Bí Cảnh Chúc Phúc: Cơ Sào I,Yadigar Zindanı: Makina Yuvası I,tr-TR
Bí Cảnh Chúc Phúc: Cơ Sào II,Yadigar Zindanı: Makina Yuvası II,tr-TR
Bí Cảnh Chúc Phúc: Cơ Sào III,Yadigar Zindanı: Makina Yuvası III,tr-TR
Bí Cảnh Chúc Phúc: Cơ Sào IV,Yadigar Zindanı: Makina Yuvası IV,tr-TR
Bí Cảnh Chúc Phúc: Cấu Trúc Lửa Bỏng I,Yadigar Zindanı: Derin Ateş Yapısı I,tr-TR
Bí Cảnh Chúc Phúc: Cấu Trúc Lửa Bỏng II,Yadigar Zindanı: Derin Ateş Yapısı II,tr-TR
Bí Cảnh Chúc Phúc: Cấu Trúc Lửa Bỏng III,Yadigar Zindanı: Derin Ateş Yapısı III,tr-TR
Bí Cảnh Chúc Phúc: Cấu Trúc Lửa Bỏng IV,Yadigar Zindanı: Derin Ateş Yapısı IV,tr-TR
Bí Cảnh Chúc Phúc: Hoa Diên I,Yadigar Zindanı: Çiçek Şöleni I,tr-TR
Bí Cảnh Chúc Phúc: Hoa Diên II,Yadigar Zindanı: Çiçek Şöleni II,tr-TR
Bí Cảnh Chúc Phúc: Hoa Diên III,Yadigar Zindanı: Çiçek Şöleni III,tr-TR
Bí Cảnh Chúc Phúc: Hoa Diên IV,Yadigar Zindanı: Çiçek Şöleni IV,tr-TR
Bí Cảnh Chúc Phúc: Hài Cốt I,Yadigar Zindanı: Kabristan I,tr-TR
Bí Cảnh Chúc Phúc: Hài Cốt II,Yadigar Zindanı: Kabristan II,tr-TR
Bí Cảnh Chúc Phúc: Hài Cốt III,Yadigar Zindanı: Kabristan III,tr-TR
Bí Cảnh Chúc Phúc: Hài Cốt IV,Yadigar Zindanı: Kabristan IV,tr-TR
Bí Cảnh Chúc Phúc: Hội Nghị Đổ Nát I,Yadigar Zindanı: Parçalanmış Salon I,tr-TR
Bí Cảnh Chúc Phúc: Hội Nghị Đổ Nát II,Yadigar Zindanı: Parçalanmış Salon II,tr-TR
Bí Cảnh Chúc Phúc: Hội Nghị Đổ Nát III,Yadigar Zindanı: Parçalanmış Salon III,tr-TR
Bí Cảnh Chúc Phúc: Hội Nghị Đổ Nát IV,Yadigar Zindanı: Parçalanmış Salon IV,tr-TR
Bí Cảnh Chúc Phúc: Kho Thánh I,Yadigar Zindanı: Kutsal Sığınak I,tr-TR
Bí Cảnh Chúc Phúc: Kho Thánh II,Yadigar Zindanı: Kutsal Sığınak II,tr-TR
Bí Cảnh Chúc Phúc: Kho Thánh III,Yadigar Zindanı: Kutsal Sığınak III,tr-TR
Bí Cảnh Chúc Phúc: Kho Thánh IV,Yadigar Zindanı: Kutsal Sığınak IV,tr-TR
Bí Cảnh Chúc Phúc: Kinh Trập I,Yadigar Zindanı: İlkbahar I,tr-TR
Bí Cảnh Chúc Phúc: Kinh Trập II,Yadigar Zindanı: İlkbahar II,tr-TR
Bí Cảnh Chúc Phúc: Kinh Trập III,Yadigar Zindanı: İlkbahar III,tr-TR
Bí Cảnh Chúc Phúc: Kinh Trập IV,Yadigar Zindanı: İlkbahar IV,tr-TR
Bí Cảnh Chúc Phúc: Kinh Trập V,Yadigar Zindanı: İlkbahar V,tr-TR
Bí Cảnh Chúc Phúc: Kinh Trập VI,Yadigar Zindanı: İlkbahar VI,tr-TR
Bí Cảnh Chúc Phúc: Lửa Rực I,Yadigar Zindanı: Kükreyen Alev I,tr-TR
Bí Cảnh Chúc Phúc: Lửa Rực II,Yadigar Zindanı: Kükreyen Alev II,tr-TR
Bí Cảnh Chúc Phúc: Lửa Rực III,Yadigar Zindanı: Kükreyen Alev III,tr-TR
Bí Cảnh Chúc Phúc: Lửa Rực IV,Yadigar Zindanı: Kükreyen Alev IV,tr-TR
Bí Cảnh Chúc Phúc: Lửa Thanh Tẩy I,Yadigar Zindanı: Arınma Ateşi I,tr-TR
Bí Cảnh Chúc Phúc: Lửa Thanh Tẩy II,Yadigar Zindanı: Arınma Ateşi II,tr-TR
Bí Cảnh Chúc Phúc: Lửa Thanh Tẩy III,Yadigar Zindanı: Arınma Ateşi III,tr-TR
Bí Cảnh Chúc Phúc: Lửa Thanh Tẩy IV,Yadigar Zindanı: Arınma Ateşi IV,tr-TR
Bí Cảnh Chúc Phúc: Lửa Thanh Tẩy V,Yadigar Zindanı: Arınma Ateşi V,tr-TR
Bí Cảnh Chúc Phúc: Lửa Thanh Tẩy VI,Yadigar Zindanı: Arınma Ateşi VI,tr-TR
Bí Cảnh Chúc Phúc: Nhà Lao Đá I,Yadigar Zindanı: Taş Oda I,tr-TR
Bí Cảnh Chúc Phúc: Nhà Lao Đá II,Yadigar Zindanı: Taş Oda II,tr-TR
Bí Cảnh Chúc Phúc: Nhà Lao Đá III,Yadigar Zindanı: Taş Oda III,tr-TR
Bí Cảnh Chúc Phúc: Nơi Sâu I,Yadigar Zindanı: Derin Sirayet I,tr-TR
Bí Cảnh Chúc Phúc: Nơi Sâu II,Yadigar Zindanı: Derin Sirayet II,tr-TR
Bí Cảnh Chúc Phúc: Nơi Sâu III,Yadigar Zindanı: Derin Sirayet III,tr-TR
Bí Cảnh Chúc Phúc: Nơi Sâu IV,Yadigar Zindanı: Derin Sirayet IV,tr-TR
Bí Cảnh Chúc Phúc: Săn Bắt I,Yadigar Zindanı: Sonbahar Avı I,tr-TR
Bí Cảnh Chúc Phúc: Săn Bắt II,Yadigar Zindanı: Sonbahar Avı II,tr-TR
Bí Cảnh Chúc Phúc: Săn Bắt III,Yadigar Zindanı: Sonbahar Avı III,tr-TR
Bí Cảnh Chúc Phúc: Săn Bắt IV,Yadigar Zindanı: Sonbahar Avı IV,tr-TR
Bí Cảnh Chúc Phúc: Thao Trường Rực Lửa (I),Yadigar Zindanı: Alev Meydanı I,tr-TR
Bí Cảnh Chúc Phúc: Thao Trường Rực Lửa (II),Yadigar Zindanı: Alev Meydanı II,tr-TR
Bí Cảnh Chúc Phúc: Thao Trường Rực Lửa (III),Yadigar Zindanı: Alev Meydanı III,tr-TR
Bí Cảnh Chúc Phúc: Thao Trường Rực Lửa (IV),Yadigar Zindanı: Alev Meydanı IV,tr-TR
Bí Cảnh Chúc Phúc: Thành Lũy Bỏ Hoang I,Yadigar Zindanı: Terkedilmiş Sur I,tr-TR
Bí Cảnh Chúc Phúc: Thành Lũy Bỏ Hoang II,Yadigar Zindanı: Terkedilmiş Sur II,tr-TR
Bí Cảnh Chúc Phúc: Thành Lũy Bỏ Hoang III,Yadigar Zindanı: Terkedilmiş Sur III,tr-TR
Bí Cảnh Chúc Phúc: Thành Lũy Bỏ Hoang IV,Yadigar Zindanı: Terkedilmiş Sur IV,tr-TR
Bí Cảnh Chúc Phúc: Thành Lũy Sa Mạc I,Yadigar Zindanı: Çöl Hisarı I,tr-TR
Bí Cảnh Chúc Phúc: Thành Lũy Sa Mạc II,Yadigar Zindanı: Çöl Hisarı II,tr-TR
Bí Cảnh Chúc Phúc: Thành Lũy Sa Mạc III,Yadigar Zindanı: Çöl Hisarı III,tr-TR
Bí Cảnh Chúc Phúc: Thành Lũy Sa Mạc IV,Yadigar Zindanı: Çöl Hisarı IV,tr-TR
Bí Cảnh Chúc Phúc: Thất Thức I,Yadigar Zindanı: Yedi Duyu I,tr-TR
Bí Cảnh Chúc Phúc: Thất Thức II,Yadigar Zindanı: Yedi Duyu II,tr-TR
Bí Cảnh Chúc Phúc: Thất Thức III,Yadigar Zindanı: Yedi Duyu III,tr-TR
Bí Cảnh Chúc Phúc: Thất Thức IV,Yadigar Zindanı: Yedi Duyu IV,tr-TR
Bí Cảnh Chúc Phúc: Vũ Điệu Của Thép I,Yadigar Zindanı: Çelik Dansı I,tr-TR
Bí Cảnh Chúc Phúc: Vũ Điệu Của Thép II,Yadigar Zindanı: Çelik Dansı II,tr-TR
Bí Cảnh Chúc Phúc: Vũ Điệu Của Thép III,Yadigar Zindanı: Çelik Dansı III,tr-TR
Bí Cảnh Chúc Phúc: Vũ Điệu Của Thép IV,Yadigar Zindanı: Çelik Dansı IV,tr-TR
Bí Cảnh Chúc Phúc: Vũ Điệu Của Thép V,Yadigar Zindanı: Çelik Dansı V,tr-TR
Bí Cảnh Chúc Phúc: Âm Luật I,Yadigar Zindanı: Uyum I,tr-TR
Bí Cảnh Chúc Phúc: Âm Luật II,Yadigar Zindanı: Uyum II,tr-TR
Bí Cảnh Chúc Phúc: Âm Luật III,Yadigar Zindanı: Uyum III,tr-TR
Bí Cảnh Chúc Phúc: Âm Luật IV,Yadigar Zindanı: Uyum IV,tr-TR
Bí Cảnh Luyện Võ: Cầu Nguyện I,Döküm Zindanı: Okunan Dualar I,tr-TR
Bí Cảnh Luyện Võ: Cầu Nguyện II,Döküm Zindanı: Okunan Dualar II,tr-TR
Bí Cảnh Luyện Võ: Cầu Nguyện III,Döküm Zindanı: Okunan Dualar III,tr-TR
Bí Cảnh Luyện Võ: Cầu Nguyện IV,Döküm Zindanı: Okunan Dualar IV,tr-TR
Bí Cảnh Luyện Võ: Dẫn Nghiệp I,Döküm Zindanı: Öncü Karma I,tr-TR
Bí Cảnh Luyện Võ: Dẫn Nghiệp II,Döküm Zindanı: Öncü Karma II,tr-TR
Bí Cảnh Luyện Võ: Dẫn Nghiệp III,Döküm Zindanı: Öncü Karma III,tr-TR
Bí Cảnh Luyện Võ: Dẫn Nghiệp IV,Döküm Zindanı: Öncü Karma IV,tr-TR
Bí Cảnh Luyện Võ: Gang Đúc I,Döküm Zindanı: Dökme Demir I,tr-TR
Bí Cảnh Luyện Võ: Gang Đúc II,Döküm Zindanı: Dökme Demir II,tr-TR
Bí Cảnh Luyện Võ: Gang Đúc III,Döküm Zindanı: Dökme Demir III,tr-TR
Bí Cảnh Luyện Võ: Gang Đúc IV,Döküm Zindanı: Dökme Demir IV,tr-TR
Bí Cảnh Luyện Võ: Kỹ Thuật I,Döküm Zindanı: İşçilik I,tr-TR
Bí Cảnh Luyện Võ: Kỹ Thuật II,Döküm Zindanı: İşçilik II,tr-TR
Bí Cảnh Luyện Võ: Kỹ Thuật III,Döküm Zindanı: İşçilik III,tr-TR
Bí Cảnh Luyện Võ: Kỹ Thuật IV,Döküm Zindanı: İşçilik IV,tr-TR
Bí Cảnh Luyện Võ: Máy Móc I,Döküm Zindanı: Tuhaf Mekanizmalar I,tr-TR
Bí Cảnh Luyện Võ: Máy Móc II,Döküm Zindanı: Tuhaf Mekanizmalar II,tr-TR
Bí Cảnh Luyện Võ: Máy Móc III,Döküm Zindanı: Tuhaf Mekanizmalar III,tr-TR
Bí Cảnh Luyện Võ: Máy Móc IV,Döküm Zindanı: Tuhaf Mekanizmalar IV,tr-TR
Bí Cảnh Luyện Võ: Mây Bẩn I,Döküm Zindanı: Lekeli Bulutlar I,tr-TR
Bí Cảnh Luyện Võ: Mây Bẩn II,Döküm Zindanı: Lekeli Bulutlar II,tr-TR
Bí Cảnh Luyện Võ: Mây Bẩn III,Döküm Zindanı: Lekeli Bulutlar III,tr-TR
Bí Cảnh Luyện Võ: Mây Bẩn IV,Döküm Zindanı: Lekeli Bulutlar IV,tr-TR
Bí Cảnh Luyện Võ: Nghiền Ngẫm (I),Döküm Zindanı: Dikkatli Gözlem I,tr-TR
Bí Cảnh Luyện Võ: Nghiền Ngẫm (II),Döküm Zindanı: Dikkatli Gözlem II,tr-TR
Bí Cảnh Luyện Võ: Nghiền Ngẫm (III),Döküm Zindanı: Dikkatli Gözlem III,tr-TR
Bí Cảnh Luyện Võ: Nghiền Ngẫm (IV),Döküm Zindanı: Dikkatli Gözlem IV,tr-TR
Bí Cảnh Luyện Võ: Phá Thép I,Döküm Zindanı: Kesik Çelik I,tr-TR
Bí Cảnh Luyện Võ: Phá Thép II,Döküm Zindanı: Kesik Çelik II,tr-TR
Bí Cảnh Luyện Võ: Phá Thép III,Döküm Zindanı: Kesik Çelik III,tr-TR
Bí Cảnh Luyện Võ: Phá Thép IV,Döküm Zindanı: Kesik Çelik IV,tr-TR
Bí Cảnh Luyện Võ: Phế Đô Khát Nước I,Döküm Zindanı: Susuz Şehrin Harabeleri I,tr-TR
Bí Cảnh Luyện Võ: Phế Đô Khát Nước II,Döküm Zindanı: Susuz Şehrin Harabeleri II,tr-TR
Bí Cảnh Luyện Võ: Phế Đô Khát Nước III,Döküm Zindanı: Susuz Şehrin Harabeleri III,tr-TR
Bí Cảnh Luyện Võ: Phế Đô Khát Nước IV,Döküm Zindanı: Susuz Şehrin Harabeleri IV,tr-TR
Bí Cảnh Luyện Võ: Ray Xích I,Döküm Zindanı: Zincirleme Yollar I,tr-TR
Bí Cảnh Luyện Võ: Ray Xích II,Döküm Zindanı: Zincirleme Yollar II,tr-TR
Bí Cảnh Luyện Võ: Ray Xích III,Döküm Zindanı: Zincirleme Yollar III,tr-TR
Bí Cảnh Luyện Võ: Ray Xích IV,Döküm Zindanı: Zincirleme Yollar IV,tr-TR
Bí Cảnh Luyện Võ: Sáng Ngời I,Döküm Zindanı: Göz Kamaştıran İhtişam I,tr-TR
Bí Cảnh Luyện Võ: Sáng Ngời II,Döküm Zindanı: Göz Kamaştıran İhtişam II,tr-TR
Bí Cảnh Luyện Võ: Sáng Ngời III,Döküm Zindanı: Göz Kamaştıran İhtişam III,tr-TR
Bí Cảnh Luyện Võ: Sáng Ngời IV,Döküm Zindanı: Göz Kamaştıran İhtişam IV,tr-TR
Bí Cảnh Luyện Võ: Tang Lễ Của Cát I,Döküm Zindanı: Kum Mezarı I,tr-TR
Bí Cảnh Luyện Võ: Tang Lễ Của Cát II,Döküm Zindanı: Kum Mezarı II,tr-TR
Bí Cảnh Luyện Võ: Tang Lễ Của Cát III,Döküm Zindanı: Kum Mezarı III,tr-TR
Bí Cảnh Luyện Võ: Tang Lễ Của Cát IV,Döküm Zindanı: Kum Mezarı IV,tr-TR
Bí Cảnh Luyện Võ: Thâm Cốc I,Döküm Zindanı: Batık Vadi I,tr-TR
Bí Cảnh Luyện Võ: Thâm Cốc II,Döküm Zindanı: Batık Vadi II,tr-TR
Bí Cảnh Luyện Võ: Thâm Cốc III,Döküm Zindanı: Batık Vadi III,tr-TR
Bí Cảnh Luyện Võ: Thâm Cốc IV,Döküm Zindanı: Batık Vadi IV,tr-TR
Bí Cảnh Luyện Võ: Thủy Quang Thành I,Döküm Zindanı: Yansımalar Şehri I,tr-TR
Bí Cảnh Luyện Võ: Thủy Quang Thành II,Döküm Zindanı: Yansımalar Şehri II,tr-TR
Bí Cảnh Luyện Võ: Thủy Quang Thành III,Döküm Zindanı: Yansımalar Şehri III,tr-TR
Bí Cảnh Luyện Võ: Thủy Quang Thành IV,Döküm Zindanı: Yansımalar Şehri IV,tr-TR
Bí Cảnh Luyện Võ: Thử Thách Sấm Sét I,Döküm Zindanı: Yıldırım İmtihanı Alanı I,tr-TR
Bí Cảnh Luyện Võ: Thử Thách Sấm Sét II,Döküm Zindanı: Yıldırım İmtihanı Alanı II,tr-TR
Bí Cảnh Luyện Võ: Thử Thách Sấm Sét III,Döküm Zindanı: Yıldırım İmtihanı Alanı III,tr-TR
Bí Cảnh Luyện Võ: Thử Thách Sấm Sét IV,Döküm Zindanı: Yıldırım İmtihanı Alanı IV,tr-TR
Bí Cảnh Luyện Võ: Tiếng Sấm Thành Cổ I,Döküm Zindanı: Gürleyen Harabeler I,tr-TR
Bí Cảnh Luyện Võ: Tiếng Sấm Thành Cổ II,Döküm Zindanı: Gürleyen Harabeler II,tr-TR
Bí Cảnh Luyện Võ: Tiếng Sấm Thành Cổ III,Döküm Zindanı: Gürleyen Harabeler III,tr-TR
Bí Cảnh Luyện Võ: Tiếng Sấm Thành Cổ IV,Döküm Zindanı: Gürleyen Harabeler IV,tr-TR
Bí Cảnh Luyện Võ: Tư Duy Robot I,Döküm Zindanı: Robot Aklı I,tr-TR
Bí Cảnh Luyện Võ: Tư Duy Robot II,Döküm Zindanı: Robot Aklı II,tr-TR
Bí Cảnh Luyện Võ: Tư Duy Robot III,Döküm Zindanı: Robot Aklı III,tr-TR
Bí Cảnh Luyện Võ: Tư Duy Robot IV,Döküm Zindanı: Robot Aklı IV,tr-TR
Bí Cảnh Luyện Võ: Tư Hoặc I,Döküm Zindanı: Takıntı I,tr-TR
Bí Cảnh Luyện Võ: Tư Hoặc II,Döküm Zindanı: Takıntı II,tr-TR
Bí Cảnh Luyện Võ: Tư Hoặc III,Döküm Zindanı: Takıntı III,tr-TR
Bí Cảnh Luyện Võ: Tư Hoặc IV,Döküm Zindanı: Takıntı IV,tr-TR
Bí Cảnh Luyện Võ: Tế Nguyệt I,Döküm Zindanı: Ay Adağı I,tr-TR
Bí Cảnh Luyện Võ: Tế Nguyệt II,Döküm Zindanı: Ay Adağı II,tr-TR
Bí Cảnh Luyện Võ: Tế Nguyệt III,Döküm Zindanı: Ay Adağı III,tr-TR
Bí Cảnh Luyện Võ: Tế Nguyệt IV,Döküm Zindanı: Ay Adağı IV,tr-TR
Bí Cảnh Luyện Võ: Tế Đàn Cát I,Döküm Zindanı: Kum Sunağı I,tr-TR
Bí Cảnh Luyện Võ: Tế Đàn Cát II,Döküm Zindanı: Kum Sunağı II,tr-TR
Bí Cảnh Luyện Võ: Tế Đàn Cát III,Döküm Zindanı: Kum Sunağı III,tr-TR
Bí Cảnh Luyện Võ: Tế Đàn Cát IV,Döküm Zindanı: Kum Sunağı IV,tr-TR
Bí Cảnh Luyện Võ: Tế Đàn Lôi Vân I,Döküm Zindanı: Fırtına Sunağı I,tr-TR
Bí Cảnh Luyện Võ: Tế Đàn Lôi Vân II,Döküm Zindanı: Fırtına Sunağı II,tr-TR
Bí Cảnh Luyện Võ: Tế Đàn Lôi Vân III,Döküm Zindanı: Fırtına Sunağı III,tr-TR
Bí Cảnh Luyện Võ: Tế Đàn Lôi Vân IV,Döküm Zindanı: Fırtına Sunağı IV,tr-TR
Bí Cảnh Luyện Võ: U Tối (I),Döküm Zindanı: Kehanet Yansımaları I,tr-TR
Bí Cảnh Luyện Võ: U Tối (II),Döküm Zindanı: Kehanet Yansımaları II,tr-TR
Bí Cảnh Luyện Võ: U Tối (III),Döküm Zindanı: Kehanet Yansımaları III,tr-TR
Bí Cảnh Luyện Võ: U Tối (IV),Döküm Zindanı: Kehanet Yansımaları IV,tr-TR
Bí Cảnh Luyện Võ: Vực Trầm Sa I,Döküm Zindanı: Kum Bataklığı I,tr-TR
Bí Cảnh Luyện Võ: Vực Trầm Sa II,Döküm Zindanı: Kum Bataklığı II,tr-TR
Bí Cảnh Luyện Võ: Vực Trầm Sa III,Döküm Zindanı: Kum Bataklığı III,tr-TR
Bí Cảnh Luyện Võ: Vực Trầm Sa IV,Döküm Zindanı: Kum Bataklığı IV,tr-TR
Bí Cảnh Luyện Võ: Ước Lượng (I),Döküm Zindanı: Tahmin I,tr-TR
Bí Cảnh Luyện Võ: Ước Lượng (II),Döküm Zindanı: Tahmin II,tr-TR
Bí Cảnh Luyện Võ: Ước Lượng (III),Döküm Zindanı: Tahmin III,tr-TR
Bí Cảnh Luyện Võ: Ước Lượng (IV),Döküm Zindanı: Tahmin IV,tr-TR
Bí Cảnh Tinh Thông: Lửa Vực Sâu I,Ustalık Zindanı: Alevin Kalbi I,tr-TR
Bí Cảnh Tinh Thông: Lửa Vực Sâu II,Ustalık Zindanı: Alevin Kalbi II,tr-TR
Bí Cảnh Tinh Thông: Lửa Vực Sâu III,Ustalık Zindanı: Alevin Kalbi III,tr-TR
Bí Cảnh Tinh Thông: Lửa Vực Sâu IV,Ustalık Zindanı: Alevin Kalbi IV,tr-TR
Bí Cảnh Tinh Thông: Mặc Tưởng I,Ustalık Zindanı: Tefekkür I,tr-TR
Bí Cảnh Tinh Thông: Mặc Tưởng II,Ustalık Zindanı: Tefekkür II,tr-TR
Bí Cảnh Tinh Thông: Mặc Tưởng III,Ustalık Zindanı: Tefekkür III,tr-TR
Bí Cảnh Tinh Thông: Mặc Tưởng IV,Ustalık Zindanı: Tefekkür IV,tr-TR
Bí Cảnh Tinh Thông: Phế Đô Cát Cháy I,Ustalık Zindanı: Asmalı Harabeler I,tr-TR
Bí Cảnh Tinh Thông: Phế Đô Cát Cháy II,Ustalık Zindanı: Asmalı Harabeler II,tr-TR
Bí Cảnh Tinh Thông: Phế Đô Cát Cháy III,Ustalık Zindanı: Asmalı Harabeler III,tr-TR
Bí Cảnh Tinh Thông: Phế Đô Cát Cháy IV,Ustalık Zindanı: Asmalı Harabeler IV,tr-TR
Bí Cảnh Tinh Thông: Phế Đô I,Ustalık Zindanı: Düşmüş Şehir I,tr-TR
Bí Cảnh Tinh Thông: Phế Đô II,Ustalık Zindanı: Düşmüş Şehir II,tr-TR
Bí Cảnh Tinh Thông: Phế Đô III,Ustalık Zindanı: Düşmüş Şehir III,tr-TR
Bí Cảnh Tinh Thông: Phế Đô IV,Ustalık Zindanı: Düşmüş Şehir IV,tr-TR
Bí Cảnh Tinh Thông: Quan Sát I,Ustalık Zindanı: Ortak Vizyon I,tr-TR
Bí Cảnh Tinh Thông: Quan Sát II,Ustalık Zindanı: Ortak Vizyon II,tr-TR
Bí Cảnh Tinh Thông: Quan Sát III,Ustalık Zindanı: Ortak Vizyon III,tr-TR
Bí Cảnh Tinh Thông: Quan Sát IV,Ustalık Zindanı: Ortak Vizyon IV,tr-TR
Bí Cảnh Tinh Thông: Sào Huyệt I,Ustalık Zindanı: Dağılan Yuva I,tr-TR
Bí Cảnh Tinh Thông: Sào Huyệt II,Ustalık Zindanı: Dağılan Yuva II,tr-TR
Bí Cảnh Tinh Thông: Sào Huyệt III,Ustalık Zindanı: Dağılan Yuva III,tr-TR
Bí Cảnh Tinh Thông: Sào Huyệt IV,Ustalık Zindanı: Dağılan Yuva IV,tr-TR
Bí Cảnh Tinh Thông: Tế Đàn Rực Lửa I,Ustalık Zindanı: Alaz Sunağı I,tr-TR
Bí Cảnh Tinh Thông: Tế Đàn Rực Lửa II,Ustalık Zindanı: Alaz Sunağı II,tr-TR
Bí Cảnh Tinh Thông: Tế Đàn Rực Lửa III,Ustalık Zindanı: Alaz Sunağı III,tr-TR
Bí Cảnh Tinh Thông: Tế Đàn Rực Lửa IV,Ustalık Zindanı: Alaz Sunağı IV,tr-TR
Bí Cảnh Tinh Thông: Tế Đàn Tụ Sương I,Ustalık Zindanı: Donuk Sunak I,tr-TR
Bí Cảnh Tinh Thông: Tế Đàn Tụ Sương II,Ustalık Zindanı: Donuk Sunak II,tr-TR
Bí Cảnh Tinh Thông: Tế Đàn Tụ Sương III,Ustalık Zindanı: Donuk Sunak III,tr-TR
Bí Cảnh Tinh Thông: Tế Đàn Tụ Sương IV,Ustalık Zindanı: Donuk Sunak IV,tr-TR
Bí Cảnh Tinh Thông: Vòng Tròn Rực Lửa I,Ustalık Zindanı: Kor Çemberi I,tr-TR
Bí Cảnh Tinh Thông: Vòng Tròn Rực Lửa II,Ustalık Zindanı: Kor Çemberi II,tr-TR
Bí Cảnh Tinh Thông: Vòng Tròn Rực Lửa III,Ustalık Zindanı: Kor Çemberi III,tr-TR
Bí Cảnh Tinh Thông: Vòng Tròn Rực Lửa IV,Ustalık Zindanı: Kor Çemberi IV,tr-TR
Bí Cảnh Tinh Thông: Vương Triều Tím I,Ustalık Zindanı: Mor Saltanat I,tr-TR
Bí Cảnh Tinh Thông: Vương Triều Tím II,Ustalık Zindanı: Mor Saltanat II,tr-TR
Bí Cảnh Tinh Thông: Vương Triều Tím III,Ustalık Zindanı: Mor Saltanat III,tr-TR
Bí Cảnh Tinh Thông: Vương Triều Tím IV,Ustalık Zindanı: Mor Saltanat IV,tr-TR
Bí Cảnh Tinh Thông: Vực Sâu Lạnh Giá I,Ustalık Zindanı: Donmuş Hiçlik I,tr-TR
Bí Cảnh Tinh Thông: Vực Sâu Lạnh Giá II,Ustalık Zindanı: Donmuş Hiçlik II,tr-TR
Bí Cảnh Tinh Thông: Vực Sâu Lạnh Giá III,Ustalık Zindanı: Donmuş Hiçlik III,tr-TR
Bí Cảnh Tinh Thông: Vực Sâu Lạnh Giá IV,Ustalık Zindanı: Donmuş Hiçlik IV,tr-TR
Bí Cảnh Tinh Thông: Vực Sâu Sấm Sét I,Ustalık Zindanı: Uğultulu Vadi I,tr-TR
Bí Cảnh Tinh Thông: Vực Sâu Sấm Sét II,Ustalık Zindanı: Uğultulu Vadi II,tr-TR
Bí Cảnh Tinh Thông: Vực Sâu Sấm Sét III,Ustalık Zindanı: Uğultulu Vadi III,tr-TR
Bí Cảnh Tinh Thông: Vực Sâu Sấm Sét IV,Ustalık Zindanı: Uğultulu Vadi IV,tr-TR
Bí Cảnh Tinh Thông: Đất Nước Ngủ Say I,Ustalık Zindanı: Uyku Diyarı I,tr-TR
Bí Cảnh Tinh Thông: Đất Nước Ngủ Say II,Ustalık Zindanı: Uyku Diyarı II,tr-TR
Bí Cảnh Tinh Thông: Đất Nước Ngủ Say III,Ustalık Zindanı: Uyku Diyarı III,tr-TR
Bí Cảnh Tinh Thông: Đất Nước Ngủ Say IV,Ustalık Zindanı: Uyku Diyarı IV,tr-TR
Bí Cảnh Tinh Thông: Ảo Ảnh I,Ustalık Zindanı: Unutulmuş Miras I,tr-TR
Bí Cảnh Tinh Thông: Ảo Ảnh II,Ustalık Zindanı: Unutulmuş Miras II,tr-TR
Bí Cảnh Tinh Thông: Ảo Ảnh III,Ustalık Zindanı: Unutulmuş Miras III,tr-TR
Bí Cảnh Tinh Thông: Ảo Ảnh IV,Ustalık Zindanı: Unutulmuş Miras IV,tr-TR
Bí Cảnh Tinh Thông: Ẩn Tu I,Ustalık Zindanı: İnziva I,tr-TR
Bí Cảnh Tinh Thông: Ẩn Tu II,Ustalık Zindanı: İnziva II,tr-TR
Bí Cảnh Tinh Thông: Ẩn Tu III,Ustalık Zindanı: İnziva III,tr-TR
Bí Cảnh Tinh Thông: Ẩn Tu IV,Ustalık Zindanı: İnziva IV,tr-TR
Domain of Blessing: Autumn Hunt I,Yadigar Zindanı: Sonbahar Avı I,tr-TR
Domain of Blessing: Autumn Hunt II,Yadigar Zindanı: Sonbahar Avı II,tr-TR
Domain of Blessing: Autumn Hunt III,Yadigar Zindanı: Sonbahar Avı III,tr-TR
Domain of Blessing: Autumn Hunt IV,Yadigar Zindanı: Sonbahar Avı IV,tr-TR
Domain of Blessing: Crumbling Assembly I,Yadigar Zindanı: Parçalanmış Salon I,tr-TR
Domain of Blessing: Crumbling Assembly II,Yadigar Zindanı: Parçalanmış Salon II,tr-TR
Domain of Blessing: Crumbling Assembly III,Yadigar Zindanı: Parçalanmış Salon III,tr-TR
Domain of Blessing: Crumbling Assembly IV,Yadigar Zindanı: Parçalanmış Salon IV,tr-TR
Domain of Blessing: Dance of Steel I,Yadigar Zindanı: Çelik Dansı I,tr-TR
Domain of Blessing: Dance of Steel II,Yadigar Zindanı: Çelik Dansı II,tr-TR
Domain of Blessing: Dance of Steel III,Yadigar Zindanı: Çelik Dansı III,tr-TR
Domain of Blessing: Dance of Steel IV,Yadigar Zindanı: Çelik Dansı IV,tr-TR
Domain of Blessing: Dance of Steel V,Yadigar Zindanı: Çelik Dansı V,tr-TR
Domain of Blessing: Deepfire Construct I,Yadigar Zindanı: Derin Ateş Yapısı I,tr-TR
Domain of Blessing: Deepfire Construct II,Yadigar Zindanı: Derin Ateş Yapısı II,tr-TR
Domain of Blessing: Deepfire Construct III,Yadigar Zindanı: Derin Ateş Yapısı III,tr-TR
Domain of Blessing: Deepfire Construct IV,Yadigar Zindanı: Derin Ateş Yapısı IV,tr-TR
Domain of Blessing: Derivations From the Deep I,Yadigar Zindanı: Derin Sirayet I,tr-TR
Domain of Blessing: Derivations From the Deep II,Yadigar Zindanı: Derin Sirayet II,tr-TR
Domain of Blessing: Derivations From the Deep III,Yadigar Zindanı: Derin Sirayet III,tr-TR
Domain of Blessing: Derivations From the Deep IV,Yadigar Zindanı: Derin Sirayet IV,tr-TR
Domain of Blessing: Desert Citadel I,Yadigar Zindanı: Çöl Hisarı I,tr-TR
Domain of Blessing: Desert Citadel II,Yadigar Zindanı: Çöl Hisarı II,tr-TR
Domain of Blessing: Desert Citadel III,Yadigar Zindanı: Çöl Hisarı III,tr-TR
Domain of Blessing: Desert Citadel IV,Yadigar Zindanı: Çöl Hisarı IV,tr-TR
Domain of Blessing: Elegiac Rime I,Yadigar Zindanı: Elemli Kırağı I,tr-TR
Domain of Blessing: Elegiac Rime II,Yadigar Zindanı: Elemli Kırağı II,tr-TR
Domain of Blessing: Elegiac Rime III,Yadigar Zindanı: Elemli Kırağı III,tr-TR
Domain of Blessing: Elegiac Rime IV,Yadigar Zindanı: Elemli Kırağı IV,tr-TR
Domain of Blessing: Fires of Purification I,Yadigar Zindanı: Arınma Ateşi I,tr-TR
Domain of Blessing: Fires of Purification II,Yadigar Zindanı: Arınma Ateşi II,tr-TR
Domain of Blessing: Fires of Purification III,Yadigar Zindanı: Arınma Ateşi III,tr-TR
Domain of Blessing: Fires of Purification IV,Yadigar Zindanı: Arınma Ateşi IV,tr-TR
Domain of Blessing: Fires of Purification V,Yadigar Zindanı: Arınma Ateşi V,tr-TR
Domain of Blessing: Fires of Purification VI,Yadigar Zindanı: Arınma Ateşi VI,tr-TR
Domain of Blessing: Flower Feast I,Yadigar Zindanı: Çiçek Şöleni I,tr-TR
Domain of Blessing: Flower Feast II,Yadigar Zindanı: Çiçek Şöleni II,tr-TR
Domain of Blessing: Flower Feast III,Yadigar Zindanı: Çiçek Şöleni III,tr-TR
Domain of Blessing: Flower Feast IV,Yadigar Zindanı: Çiçek Şöleni IV,tr-TR
Domain of Blessing: Forsaken Rampart I,Yadigar Zindanı: Terkedilmiş Sur I,tr-TR
Domain of Blessing: Forsaken Rampart II,Yadigar Zindanı: Terkedilmiş Sur II,tr-TR
Domain of Blessing: Forsaken Rampart III,Yadigar Zindanı: Terkedilmiş Sur III,tr-TR
Domain of Blessing: Forsaken Rampart IV,Yadigar Zindanı: Terkedilmiş Sur IV,tr-TR
Domain of Blessing: Harmony I,Yadigar Zindanı: Uyum I,tr-TR
Domain of Blessing: Harmony II,Yadigar Zindanı: Uyum II,tr-TR
Domain of Blessing: Harmony III,Yadigar Zindanı: Uyum III,tr-TR
Domain of Blessing: Harmony IV,Yadigar Zindanı: Uyum IV,tr-TR
Domain of Blessing: Ice Erosion I,Yadigar Zindanı: Buz Aşınması I,tr-TR
Domain of Blessing: Ice Erosion II,Yadigar Zindanı: Buz Aşınması II,tr-TR
Domain of Blessing: Ice Erosion III,Yadigar Zindanı: Buz Aşınması III,tr-TR
Domain of Blessing: Ice Erosion IV,Yadigar Zindanı: Buz Aşınması IV,tr-TR
Domain of Blessing: Machine Nest I,Yadigar Zindanı: Makina Yuvası I,tr-TR
Domain of Blessing: Machine Nest II,Yadigar Zindanı: Makina Yuvası II,tr-TR
Domain of Blessing: Machine Nest III,Yadigar Zindanı: Makina Yuvası III,tr-TR
Domain of Blessing: Machine Nest IV,Yadigar Zindanı: Makina Yuvası IV,tr-TR
Domain of Blessing: Necropolis I,Yadigar Zindanı: Kabristan I,tr-TR
Domain of Blessing: Necropolis II,Yadigar Zindanı: Kabristan II,tr-TR
Domain of Blessing: Necropolis III,Yadigar Zindanı: Kabristan III,tr-TR
Domain of Blessing: Necropolis IV,Yadigar Zindanı: Kabristan IV,tr-TR
Domain of Blessing: Roaring Fire I,Yadigar Zindanı: Kükreyen Alev I,tr-TR
Domain of Blessing: Roaring Fire II,Yadigar Zindanı: Kükreyen Alev II,tr-TR
Domain of Blessing: Roaring Fire III,Yadigar Zindanı: Kükreyen Alev III,tr-TR
Domain of Blessing: Roaring Fire IV,Yadigar Zindanı: Kükreyen Alev IV,tr-TR
Domain of Blessing: Sacred Vault I,Yadigar Zindanı: Kutsal Sığınak I,tr-TR
Domain of Blessing: Sacred Vault II,Yadigar Zindanı: Kutsal Sığınak II,tr-TR
Domain of Blessing: Sacred Vault III,Yadigar Zindanı: Kutsal Sığınak III,tr-TR
Domain of Blessing: Sacred Vault IV,Yadigar Zindanı: Kutsal Sığınak IV,tr-TR
Domain of Blessing: Seven Senses I,Yadigar Zindanı: Yedi Duyu I,tr-TR
Domain of Blessing: Seven Senses II,Yadigar Zindanı: Yedi Duyu II,tr-TR
Domain of Blessing: Seven Senses III,Yadigar Zindanı: Yedi Duyu III,tr-TR
Domain of Blessing: Seven Senses IV,Yadigar Zindanı: Yedi Duyu IV,tr-TR
Domain of Blessing: Spring I,Yadigar Zindanı: İlkbahar I,tr-TR
Domain of Blessing: Spring II,Yadigar Zindanı: İlkbahar II,tr-TR
Domain of Blessing: Spring III,Yadigar Zindanı: İlkbahar III,tr-TR
Domain of Blessing: Spring IV,Yadigar Zindanı: İlkbahar IV,tr-TR
Domain of Blessing: Spring V,Yadigar Zindanı: İlkbahar V,tr-TR
Domain of Blessing: Spring VI,Yadigar Zindanı: İlkbahar VI,tr-TR
Domain of Blessing: Stone Chamber I,Yadigar Zindanı: Taş Oda I,tr-TR
Domain of Blessing: Stone Chamber II,Yadigar Zindanı: Taş Oda II,tr-TR
Domain of Blessing: Stone Chamber III,Yadigar Zindanı: Taş Oda III,tr-TR
Domain of Blessing: The Burning Gauntlet I,Yadigar Zindanı: Alev Meydanı I,tr-TR
Domain of Blessing: The Burning Gauntlet II,Yadigar Zindanı: Alev Meydanı II,tr-TR
Domain of Blessing: The Burning Gauntlet III,Yadigar Zindanı: Alev Meydanı III,tr-TR
Domain of Blessing: The Burning Gauntlet IV,Yadigar Zindanı: Alev Meydanı IV,tr-TR
Domain of Blessing: Unyielding I,Yadigar Zindanı: Boyun Eğmez I,tr-TR
Domain of Blessing: Unyielding II,Yadigar Zindanı: Boyun Eğmez II,tr-TR
Domain of Blessing: Unyielding III,Yadigar Zindanı: Boyun Eğmez III,tr-TR
Domain of Blessing: Unyielding IV,Yadigar Zindanı: Boyun Eğmez IV,tr-TR
Domain of Blessing: Variation I,Yadigar Zindanı: Çeşitlilik I,tr-TR
Domain of Blessing: Variation II,Yadigar Zindanı: Çeşitlilik II,tr-TR
Domain of Blessing: Variation III,Yadigar Zindanı: Çeşitlilik III,tr-TR
Domain of Blessing: Variation IV,Yadigar Zindanı: Çeşitlilik IV,tr-TR
Domain of Forgery: Altar of Sands I,Döküm Zindanı: Kum Sunağı I,tr-TR
Domain of Forgery: Altar of Sands II,Döküm Zindanı: Kum Sunağı II,tr-TR
Domain of Forgery: Altar of Sands III,Döküm Zindanı: Kum Sunağı III,tr-TR
Domain of Forgery: Altar of Sands IV,Döküm Zindanı: Kum Sunağı IV,tr-TR
Domain of Forgery: Artisanship I,Döküm Zindanı: İşçilik I,tr-TR
Domain of Forgery: Artisanship II,Döküm Zindanı: İşçilik II,tr-TR
Domain of Forgery: Artisanship III,Döküm Zindanı: İşçilik III,tr-TR
Domain of Forgery: Artisanship IV,Döküm Zindanı: İşçilik IV,tr-TR
Domain of Forgery: Attentive Observation I,Döküm Zindanı: Dikkatli Gözlem I,tr-TR
Domain of Forgery: Attentive Observation II,Döküm Zindanı: Dikkatli Gözlem II,tr-TR
Domain of Forgery: Attentive Observation III,Döküm Zindanı: Dikkatli Gözlem III,tr-TR
Domain of Forgery: Attentive Observation IV,Döküm Zindanı: Dikkatli Gözlem IV,tr-TR
Domain of Forgery: Cast Iron I,Döküm Zindanı: Dökme Demir I,tr-TR
Domain of Forgery: Cast Iron II,Döküm Zindanı: Dökme Demir II,tr-TR
Domain of Forgery: Cast Iron III,Döküm Zindanı: Dökme Demir III,tr-TR
Domain of Forgery: Cast Iron IV,Döküm Zindanı: Dökme Demir IV,tr-TR
Domain of Forgery: Chain Track I,Döküm Zindanı: Zincirleme Yollar I,tr-TR
Domain of Forgery: Chain Track II,Döküm Zindanı: Zincirleme Yollar II,tr-TR
Domain of Forgery: Chain Track III,Döküm Zindanı: Zincirleme Yollar III,tr-TR
Domain of Forgery: Chain Track IV,Döküm Zindanı: Zincirleme Yollar IV,tr-TR
Domain of Forgery: City of Reflections I,Döküm Zindanı: Yansımalar Şehri I,tr-TR
Domain of Forgery: City of Reflections II,Döküm Zindanı: Yansımalar Şehri II,tr-TR
Domain of Forgery: City of Reflections III,Döküm Zindanı: Yansımalar Şehri III,tr-TR
Domain of Forgery: City of Reflections IV,Döküm Zindanı: Yansımalar Şehri IV,tr-TR
Domain of Forgery: Curious Contraptions I,Döküm Zindanı: Tuhaf Mekanizmalar I,tr-TR
Domain of Forgery: Curious Contraptions II,Döküm Zindanı: Tuhaf Mekanizmalar II,tr-TR
Domain of Forgery: Curious Contraptions III,Döküm Zindanı: Tuhaf Mekanizmalar III,tr-TR
Domain of Forgery: Curious Contraptions IV,Döküm Zindanı: Tuhaf Mekanizmalar IV,tr-TR
Domain of Forgery: Estimation I,Döküm Zindanı: Tahmin I,tr-TR
Domain of Forgery: Estimation II,Döküm Zindanı: Tahmin II,tr-TR
Domain of Forgery: Estimation III,Döküm Zindanı: Tahmin III,tr-TR
Domain of Forgery: Estimation IV,Döküm Zindanı: Tahmin IV,tr-TR
Domain of Forgery: Leading Karma I,Döküm Zindanı: Öncü Karma I,tr-TR
Domain of Forgery: Leading Karma II,Döküm Zindanı: Öncü Karma II,tr-TR
Domain of Forgery: Leading Karma III,Döküm Zindanı: Öncü Karma III,tr-TR
Domain of Forgery: Leading Karma IV,Döküm Zindanı: Öncü Karma IV,tr-TR
Domain of Forgery: Lunar Oblation I,Döküm Zindanı: Ay Adağı I,tr-TR
Domain of Forgery: Lunar Oblation II,Döküm Zindanı: Ay Adağı II,tr-TR
Domain of Forgery: Lunar Oblation III,Döküm Zindanı: Ay Adağı III,tr-TR
Domain of Forgery: Lunar Oblation IV,Döküm Zindanı: Ay Adağı IV,tr-TR
Domain of Forgery: Obsession I,Döküm Zindanı: Takıntı I,tr-TR
Domain of Forgery: Obsession II,Döküm Zindanı: Takıntı II,tr-TR
Domain of Forgery: Obsession III,Döküm Zindanı: Takıntı III,tr-TR
Domain of Forgery: Obsession IV,Döküm Zindanı: Takıntı IV,tr-TR
Domain of Forgery: Prayers Sung I,Döküm Zindanı: Okunan Dualar I,tr-TR
Domain of Forgery: Prayers Sung II,Döküm Zindanı: Okunan Dualar II,tr-TR
Domain of Forgery: Prayers Sung III,Döküm Zindanı: Okunan Dualar III,tr-TR
Domain of Forgery: Prayers Sung IV,Döküm Zindanı: Okunan Dualar IV,tr-TR
Domain of Forgery: Radiant Splendor I,Döküm Zindanı: Göz Kamaştıran İhtişam I,tr-TR
Domain of Forgery: Radiant Splendor II,Döküm Zindanı: Göz Kamaştıran İhtişam II,tr-TR
Domain of Forgery: Radiant Splendor III,Döküm Zindanı: Göz Kamaştıran İhtişam III,tr-TR
Domain of Forgery: Radiant Splendor IV,Döküm Zindanı: Göz Kamaştıran İhtişam IV,tr-TR
Domain of Forgery: Robotic Ruse I,Döküm Zindanı: Robot Aklı I,tr-TR
Domain of Forgery: Robotic Ruse II,Döküm Zindanı: Robot Aklı II,tr-TR
Domain of Forgery: Robotic Ruse III,Döküm Zindanı: Robot Aklı III,tr-TR
Domain of Forgery: Robotic Ruse IV,Döküm Zindanı: Robot Aklı IV,tr-TR
Domain of Forgery: Ruins of Thirsting Capital I,Döküm Zindanı: Susuz Şehrin Harabeleri I,tr-TR
Domain of Forgery: Ruins of Thirsting Capital II,Döküm Zindanı: Susuz Şehrin Harabeleri II,tr-TR
Domain of Forgery: Ruins of Thirsting Capital III,Döküm Zindanı: Susuz Şehrin Harabeleri III,tr-TR
Domain of Forgery: Ruins of Thirsting Capital IV,Döküm Zindanı: Susuz Şehrin Harabeleri IV,tr-TR
Domain of Forgery: Sand Burial I,Döküm Zindanı: Kum Mezarı I,tr-TR
Domain of Forgery: Sand Burial II,Döküm Zindanı: Kum Mezarı II,tr-TR
Domain of Forgery: Sand Burial III,Döküm Zindanı: Kum Mezarı III,tr-TR
Domain of Forgery: Sand Burial IV,Döküm Zindanı: Kum Mezarı IV,tr-TR
Domain of Forgery: Scrying Shadows I,Döküm Zindanı: Kehanet Yansımaları I,tr-TR
Domain of Forgery: Scrying Shadows II,Döküm Zindanı: Kehanet Yansımaları II,tr-TR
Domain of Forgery: Scrying Shadows III,Döküm Zindanı: Kehanet Yansımaları III,tr-TR
Domain of Forgery: Scrying Shadows IV,Döküm Zindanı: Kehanet Yansımaları IV,tr-TR
Domain of Forgery: Severed Steel I,Döküm Zindanı: Kesik Çelik I,tr-TR
Domain of Forgery: Severed Steel II,Döküm Zindanı: Kesik Çelik II,tr-TR
Domain of Forgery: Severed Steel III,Döküm Zindanı: Kesik Çelik III,tr-TR
Domain of Forgery: Severed Steel IV,Döküm Zindanı: Kesik Çelik IV,tr-TR
Domain of Forgery: Submerged Valley I,Döküm Zindanı: Batık Vadi I,tr-TR
Domain of Forgery: Submerged Valley II,Döküm Zindanı: Batık Vadi II,tr-TR
Domain of Forgery: Submerged Valley III,Döküm Zindanı: Batık Vadi III,tr-TR
Domain of Forgery: Submerged Valley IV,Döküm Zindanı: Batık Vadi IV,tr-TR
Domain of Forgery: Sunken Sands I,Döküm Zindanı: Kum Bataklığı I,tr-TR
Domain of Forgery: Sunken Sands II,Döküm Zindanı: Kum Bataklığı II,tr-TR
Domain of Forgery: Sunken Sands III,Döküm Zindanı: Kum Bataklığı III,tr-TR
Domain of Forgery: Sunken Sands IV,Döküm Zindanı: Kum Bataklığı IV,tr-TR
Domain of Forgery: Tainted Clouds I,Döküm Zindanı: Lekeli Bulutlar I,tr-TR
Domain of Forgery: Tainted Clouds II,Döküm Zindanı: Lekeli Bulutlar II,tr-TR
Domain of Forgery: Tainted Clouds III,Döküm Zindanı: Lekeli Bulutlar III,tr-TR
Domain of Forgery: Tainted Clouds IV,Döküm Zindanı: Lekeli Bulutlar IV,tr-TR
Domain of Forgery: Thundercloud Altar I,Döküm Zindanı: Fırtına Sunağı I,tr-TR
Domain of Forgery: Thundercloud Altar II,Döküm Zindanı: Fırtına Sunağı II,tr-TR
Domain of Forgery: Thundercloud Altar III,Döküm Zindanı: Fırtına Sunağı III,tr-TR
Domain of Forgery: Thundercloud Altar IV,Döküm Zindanı: Fırtına Sunağı IV,tr-TR
Domain of Forgery: Thundering Ruins I,Döküm Zindanı: Gürleyen Harabeler I,tr-TR
Domain of Forgery: Thundering Ruins II,Döküm Zindanı: Gürleyen Harabeler II,tr-TR
Domain of Forgery: Thundering Ruins III,Döküm Zindanı: Gürleyen Harabeler III,tr-TR
Domain of Forgery: Thundering Ruins IV,Döküm Zindanı: Gürleyen Harabeler IV,tr-TR
Domain of Forgery: Trial Grounds of Thunder I,Döküm Zindanı: Yıldırım İmtihanı Alanı I,tr-TR
Domain of Forgery: Trial Grounds of Thunder II,Döküm Zindanı: Yıldırım İmtihanı Alanı II,tr-TR
Domain of Forgery: Trial Grounds of Thunder III,Döküm Zindanı: Yıldırım İmtihanı Alanı III,tr-TR
Domain of Forgery: Trial Grounds of Thunder IV,Döküm Zindanı: Yıldırım İmtihanı Alanı IV,tr-TR
Domain of Mastery: Admonishing Engraving I,Ustalık Zindanı: Uyarı Yazıtı I,tr-TR
Domain of Mastery: Admonishing Engraving II,Ustalık Zindanı: Uyarı Yazıtı II,tr-TR
Domain of Mastery: Admonishing Engraving III,Ustalık Zindanı: Uyarı Yazıtı III,tr-TR
Domain of Mastery: Admonishing Engraving IV,Ustalık Zindanı: Uyarı Yazıtı IV,tr-TR
Domain of Mastery: Altar of Flames I,Ustalık Zindanı: Alaz Sunağı I,tr-TR
Domain of Mastery: Altar of Flames II,Ustalık Zindanı: Alaz Sunağı II,tr-TR
Domain of Mastery: Altar of Flames III,Ustalık Zindanı: Alaz Sunağı III,tr-TR
Domain of Mastery: Altar of Flames IV,Ustalık Zindanı: Alaz Sunağı IV,tr-TR
Domain of Mastery: Basket of Discipline I,Ustalık Zindanı: Disiplin I,tr-TR
Domain of Mastery: Basket of Discipline II,Ustalık Zindanı: Disiplin II,tr-TR
Domain of Mastery: Basket of Discipline III,Ustalık Zindanı: Disiplin III,tr-TR
Domain of Mastery: Basket of Discipline IV,Ustalık Zindanı: Disiplin IV,tr-TR
Domain of Mastery: Chiming Recitation I,Ustalık Zindanı: Ahenkli Okuma I,tr-TR
Domain of Mastery: Chiming Recitation II,Ustalık Zindanı: Ahenkli Okuma II,tr-TR
Domain of Mastery: Chiming Recitation III,Ustalık Zindanı: Ahenkli Okuma III,tr-TR
Domain of Mastery: Chiming Recitation IV,Ustalık Zindanı: Ahenkli Okuma IV,tr-TR
Domain of Mastery: Circle of Embers I,Ustalık Zindanı: Kor Çemberi I,tr-TR
Domain of Mastery: Circle of Embers II,Ustalık Zindanı: Kor Çemberi II,tr-TR
Domain of Mastery: Circle of Embers III,Ustalık Zindanı: Kor Çemberi III,tr-TR
Domain of Mastery: Circle of Embers IV,Ustalık Zindanı: Kor Çemberi IV,tr-TR
Domain of Mastery: Contemplation I,Ustalık Zindanı: Tefekkür I,tr-TR
Domain of Mastery: Contemplation II,Ustalık Zindanı: Tefekkür II,tr-TR
Domain of Mastery: Contemplation III,Ustalık Zindanı: Tefekkür III,tr-TR
Domain of Mastery: Contemplation IV,Ustalık Zindanı: Tefekkür IV,tr-TR
Domain of Mastery: Fallen City I,Ustalık Zindanı: Düşmüş Şehir I,tr-TR
Domain of Mastery: Fallen City II,Ustalık Zindanı: Düşmüş Şehir II,tr-TR
Domain of Mastery: Fallen City III,Ustalık Zindanı: Düşmüş Şehir III,tr-TR
Domain of Mastery: Fallen City IV,Ustalık Zindanı: Düşmüş Şehir IV,tr-TR
Domain of Mastery: Frosted Altar I,Ustalık Zindanı: Donuk Sunak I,tr-TR
Domain of Mastery: Frosted Altar II,Ustalık Zindanı: Donuk Sunak II,tr-TR
Domain of Mastery: Frosted Altar III,Ustalık Zindanı: Donuk Sunak III,tr-TR
Domain of Mastery: Frosted Altar IV,Ustalık Zindanı: Donuk Sunak IV,tr-TR
Domain of Mastery: Frozen Abyss I,Ustalık Zindanı: Donmuş Hiçlik I,tr-TR
Domain of Mastery: Frozen Abyss II,Ustalık Zindanı: Donmuş Hiçlik II,tr-TR
Domain of Mastery: Frozen Abyss III,Ustalık Zindanı: Donmuş Hiçlik III,tr-TR
Domain of Mastery: Frozen Abyss IV,Ustalık Zindanı: Donmuş Hiçlik IV,tr-TR
Domain of Mastery: Full Moon I,Ustalık Zindanı: Dolunay I,tr-TR
Domain of Mastery: Full Moon II,Ustalık Zindanı: Dolunay II,tr-TR
Domain of Mastery: Full Moon III,Ustalık Zindanı: Dolunay III,tr-TR
Domain of Mastery: Full Moon IV,Ustalık Zindanı: Dolunay IV,tr-TR
Domain of Mastery: Heart of the Flames I,Ustalık Zindanı: Alevin Kalbi I,tr-TR
Domain of Mastery: Heart of the Flames II,Ustalık Zindanı: Alevin Kalbi II,tr-TR
Domain of Mastery: Heart of the Flames III,Ustalık Zindanı: Alevin Kalbi III,tr-TR
Domain of Mastery: Heart of the Flames IV,Ustalık Zindanı: Alevin Kalbi IV,tr-TR
Domain of Mastery: Hermitage I,Ustalık Zindanı: İnziva I,tr-TR
Domain of Mastery: Hermitage II,Ustalık Zindanı: İnziva II,tr-TR
Domain of Mastery: Hermitage III,Ustalık Zindanı: İnziva III,tr-TR
Domain of Mastery: Hermitage IV,Ustalık Zindanı: İnziva IV,tr-TR
Domain of Mastery: Myriad Illusions I,Ustalık Zindanı: Sayısız Yanılsama I,tr-TR
Domain of Mastery: Myriad Illusions II,Ustalık Zindanı: Sayısız Yanılsama II,tr-TR
Domain of Mastery: Myriad Illusions III,Ustalık Zindanı: Sayısız Yanılsama III,tr-TR
Domain of Mastery: Myriad Illusions IV,Ustalık Zindanı: Sayısız Yanılsama IV,tr-TR
Domain of Mastery: Overturned Roost I,Ustalık Zindanı: Dağılan Yuva I,tr-TR
Domain of Mastery: Overturned Roost II,Ustalık Zindanı: Dağılan Yuva II,tr-TR
Domain of Mastery: Overturned Roost III,Ustalık Zindanı: Dağılan Yuva III,tr-TR
Domain of Mastery: Overturned Roost IV,Ustalık Zindanı: Dağılan Yuva IV,tr-TR
Domain of Mastery: Realm of Slumber I,Ustalık Zindanı: Uyku Diyarı I,tr-TR
Domain of Mastery: Realm of Slumber II,Ustalık Zindanı: Uyku Diyarı II,tr-TR
Domain of Mastery: Realm of Slumber III,Ustalık Zindanı: Uyku Diyarı III,tr-TR
Domain of Mastery: Realm of Slumber IV,Ustalık Zindanı: Uyku Diyarı IV,tr-TR
Domain of Mastery: Reign of Violet I,Ustalık Zindanı: Mor Saltanat I,tr-TR
Domain of Mastery: Reign of Violet II,Ustalık Zindanı: Mor Saltanat II,tr-TR
Domain of Mastery: Reign of Violet III,Ustalık Zindanı: Mor Saltanat III,tr-TR
Domain of Mastery: Reign of Violet IV,Ustalık Zindanı: Mor Saltanat IV,tr-TR
Domain of Mastery: Return I,Ustalık Zindanı: Geri Dönüş I,tr-TR
Domain of Mastery: Return II,Ustalık Zindanı: Geri Dönüş II,tr-TR
Domain of Mastery: Return III,Ustalık Zindanı: Geri Dönüş III,tr-TR
Domain of Mastery: Return IV,Ustalık Zindanı: Geri Dönüş IV,tr-TR
Domain of Mastery: Rhyming Rhythm I,Ustalık Zindanı: Ritmin Ahengi I,tr-TR
Domain of Mastery: Rhyming Rhythm II,Ustalık Zindanı: Ritmin Ahengi II,tr-TR
Domain of Mastery: Rhyming Rhythm III,Ustalık Zindanı: Ritmin Ahengi III,tr-TR
Domain of Mastery: Rhyming Rhythm IV,Ustalık Zindanı: Ritmin Ahengi IV,tr-TR
Domain of Mastery: Shadowed Legacy I,Ustalık Zindanı: Unutulmuş Miras I,tr-TR
Domain of Mastery: Shadowed Legacy II,Ustalık Zindanı: Unutulmuş Miras II,tr-TR
Domain of Mastery: Shadowed Legacy III,Ustalık Zindanı: Unutulmuş Miras III,tr-TR
Domain of Mastery: Shadowed Legacy IV,Ustalık Zindanı: Unutulmuş Miras IV,tr-TR
Domain of Mastery: Shared Vision I,Ustalık Zindanı: Ortak Vizyon I,tr-TR
Domain of Mastery: Shared Vision II,Ustalık Zindanı: Ortak Vizyon II,tr-TR
Domain of Mastery: Shared Vision III,Ustalık Zindanı: Ortak Vizyon III,tr-TR
Domain of Mastery: Shared Vision IV,Ustalık Zindanı: Ortak Vizyon IV,tr-TR
Domain of Mastery: Sublime Turning I,Ustalık Zindanı: Yüce Dönüş I,tr-TR
Domain of Mastery: Sublime Turning II,Ustalık Zindanı: Yüce Dönüş II,tr-TR
Domain of Mastery: Sublime Turning III,Ustalık Zindanı: Yüce Dönüş III,tr-TR
Domain of Mastery: Sublime Turning IV,Ustalık Zindanı: Yüce Dönüş IV,tr-TR
Domain of Mastery: Thundering Valley I,Ustalık Zindanı: Uğultulu Vadi I,tr-TR
Domain of Mastery: Thundering Valley II,Ustalık Zindanı: Uğultulu Vadi II,tr-TR
Domain of Mastery: Thundering Valley III,Ustalık Zindanı: Uğultulu Vadi III,tr-TR
Domain of Mastery: Thundering Valley IV,Ustalık Zindanı: Uğultulu Vadi IV,tr-TR
Domain of Mastery: Vine-Infested Ruins I,Ustalık Zindanı: Asmalı Harabeler I,tr-TR
Domain of Mastery: Vine-Infested Ruins II,Ustalık Zindanı: Asmalı Harabeler II,tr-TR
Domain of Mastery: Vine-Infested Ruins III,Ustalık Zindanı: Asmalı Harabeler III,tr-TR
Domain of Mastery: Vine-Infested Ruins IV,Ustalık Zindanı: Asmalı Harabeler IV,tr-TR
Domain of Mastery: Witticism I,Ustalık Zindanı: Nükte I,tr-TR
Domain of Mastery: Witticism II,Ustalık Zindanı: Nükte II,tr-TR
Domain of Mastery: Witticism III,Ustalık Zindanı: Nükte III,tr-TR
Domain of Mastery: Witticism IV,Ustalık Zindanı: Nükte IV,tr-TR
Dominio de la bendición: Armonía musical I,Yadigar Zindanı: Uyum I,tr-TR
Dominio de la bendición: Armonía musical II,Yadigar Zindanı: Uyum II,tr-TR
Dominio de la bendición: Armonía musical III,Yadigar Zindanı: Uyum III,tr-TR
Dominio de la bendición: Armonía musical IV,Yadigar Zindanı: Uyum IV,tr-TR
Dominio de la bendición: Ciudadela del desierto I,Yadigar Zindanı: Çöl Hisarı I,tr-TR
Dominio de la bendición: Ciudadela del desierto II,Yadigar Zindanı: Çöl Hisarı II,tr-TR
Dominio de la bendición: Ciudadela del desierto III,Yadigar Zindanı: Çöl Hisarı III,tr-TR
Dominio de la bendición: Ciudadela del desierto IV,Yadigar Zindanı: Çöl Hisarı IV,tr-TR
Dominio de la bendición: Congregación de la decadencia I,Yadigar Zindanı: Parçalanmış Salon I,tr-TR
Dominio de la bendición: Congregación de la decadencia II,Yadigar Zindanı: Parçalanmış Salon II,tr-TR
Dominio de la bendición: Congregación de la decadencia III,Yadigar Zindanı: Parçalanmış Salon III,tr-TR
Dominio de la bendición: Congregación de la decadencia IV,Yadigar Zindanı: Parçalanmış Salon IV,tr-TR
Dominio de la bendición: Creación de las llamas I,Yadigar Zindanı: Derin Ateş Yapısı I,tr-TR
Dominio de la bendición: Creación de las llamas II,Yadigar Zindanı: Derin Ateş Yapısı II,tr-TR
Dominio de la bendición: Creación de las llamas III,Yadigar Zindanı: Derin Ateş Yapısı III,tr-TR
Dominio de la bendición: Creación de las llamas IV,Yadigar Zindanı: Derin Ateş Yapısı IV,tr-TR
Dominio de la bendición: Cámara sagrada I,Yadigar Zindanı: Kutsal Sığınak I,tr-TR
Dominio de la bendición: Cámara sagrada II,Yadigar Zindanı: Kutsal Sığınak II,tr-TR
Dominio de la bendición: Cámara sagrada III,Yadigar Zindanı: Kutsal Sığınak III,tr-TR
Dominio de la bendición: Cámara sagrada IV,Yadigar Zindanı: Kutsal Sığınak IV,tr-TR
Dominio de la bendición: Danza del acero I,Yadigar Zindanı: Çelik Dansı I,tr-TR
Dominio de la bendición: Danza del acero II,Yadigar Zindanı: Çelik Dansı II,tr-TR
Dominio de la bendición: Danza del acero III,Yadigar Zindanı: Çelik Dansı III,tr-TR
Dominio de la bendición: Danza del acero IV,Yadigar Zindanı: Çelik Dansı IV,tr-TR
Dominio de la bendición: Danza del acero V,Yadigar Zindanı: Çelik Dansı V,tr-TR
Dominio de la bendición: Derivación de las profundidades I,Yadigar Zindanı: Derin Sirayet I,tr-TR
Dominio de la bendición: Derivación de las profundidades II,Yadigar Zindanı: Derin Sirayet II,tr-TR
Dominio de la bendición: Derivación de las profundidades III,Yadigar Zindanı: Derin Sirayet III,tr-TR
Dominio de la bendición: Derivación de las profundidades IV,Yadigar Zindanı: Derin Sirayet IV,tr-TR
Dominio de la bendición: El despertar I,Yadigar Zindanı: İlkbahar I,tr-TR
Dominio de la bendición: El despertar II,Yadigar Zindanı: İlkbahar II,tr-TR
Dominio de la bendición: El despertar III,Yadigar Zindanı: İlkbahar III,tr-TR
Dominio de la bendición: El despertar IV,Yadigar Zindanı: İlkbahar IV,tr-TR
Dominio de la bendición: El despertar V,Yadigar Zindanı: İlkbahar V,tr-TR
Dominio de la bendición: El despertar VI,Yadigar Zindanı: İlkbahar VI,tr-TR
Dominio de la bendición: Erosión glaciar I,Yadigar Zindanı: Buz Aşınması I,tr-TR
Dominio de la bendición: Erosión glaciar II,Yadigar Zindanı: Buz Aşınması II,tr-TR
Dominio de la bendición: Erosión glaciar III,Yadigar Zindanı: Buz Aşınması III,tr-TR
Dominio de la bendición: Erosión glaciar IV,Yadigar Zindanı: Buz Aşınması IV,tr-TR
Dominio de la bendición: Festín floral I,Yadigar Zindanı: Çiçek Şöleni I,tr-TR
Dominio de la bendición: Festín floral II,Yadigar Zindanı: Çiçek Şöleni II,tr-TR
Dominio de la bendición: Festín floral III,Yadigar Zindanı: Çiçek Şöleni III,tr-TR
Dominio de la bendición: Festín floral IV,Yadigar Zindanı: Çiçek Şöleni IV,tr-TR
Dominio de la bendición: Fortaleza señera I,Yadigar Zindanı: Terkedilmiş Sur I,tr-TR
Dominio de la bendición: Fortaleza señera II,Yadigar Zindanı: Terkedilmiş Sur II,tr-TR
Dominio de la bendición: Fortaleza señera III,Yadigar Zindanı: Terkedilmiş Sur III,tr-TR
Dominio de la bendición: Fortaleza señera IV,Yadigar Zindanı: Terkedilmiş Sur IV,tr-TR
Dominio de la bendición: Fuego purificador I,Yadigar Zindanı: Arınma Ateşi I,tr-TR
Dominio de la bendición: Fuego purificador II,Yadigar Zindanı: Arınma Ateşi II,tr-TR
Dominio de la bendición: Fuego purificador III,Yadigar Zindanı: Arınma Ateşi III,tr-TR
Dominio de la bendición: Fuego purificador IV,Yadigar Zindanı: Arınma Ateşi IV,tr-TR
Dominio de la bendición: Fuego purificador V,Yadigar Zindanı: Arınma Ateşi V,tr-TR
Dominio de la bendición: Fuego purificador VI,Yadigar Zindanı: Arınma Ateşi VI,tr-TR
Dominio de la bendición: Guarida mecánica I,Yadigar Zindanı: Makina Yuvası I,tr-TR
Dominio de la bendición: Guarida mecánica II,Yadigar Zindanı: Makina Yuvası II,tr-TR
Dominio de la bendición: Guarida mecánica III,Yadigar Zindanı: Makina Yuvası III,tr-TR
Dominio de la bendición: Guarida mecánica IV,Yadigar Zindanı: Makina Yuvası IV,tr-TR
Dominio de la bendición: Helada letal I,Yadigar Zindanı: Elemli Kırağı I,tr-TR
Dominio de la bendición: Helada letal II,Yadigar Zindanı: Elemli Kırağı II,tr-TR
Dominio de la bendición: Helada letal III,Yadigar Zindanı: Elemli Kırağı III,tr-TR
Dominio de la bendición: Helada letal IV,Yadigar Zindanı: Elemli Kırağı IV,tr-TR
Dominio de la bendición: La búsqueda de los arces I,Yadigar Zindanı: Sonbahar Avı I,tr-TR
Dominio de la bendición: La búsqueda de los arces II,Yadigar Zindanı: Sonbahar Avı II,tr-TR
Dominio de la bendición: La búsqueda de los arces III,Yadigar Zindanı: Sonbahar Avı III,tr-TR
Dominio de la bendición: La búsqueda de los arces IV,Yadigar Zindanı: Sonbahar Avı IV,tr-TR
Dominio de la bendición: Llamas devoradoras I,Yadigar Zindanı: Alev Meydanı I,tr-TR
Dominio de la bendición: Llamas devoradoras II,Yadigar Zindanı: Alev Meydanı II,tr-TR
Dominio de la bendición: Llamas devoradoras III,Yadigar Zindanı: Alev Meydanı III,tr-TR
Dominio de la bendición: Llamas devoradoras IV,Yadigar Zindanı: Alev Meydanı IV,tr-TR
Dominio de la bendición: Llamas flagrantes I,Yadigar Zindanı: Kükreyen Alev I,tr-TR
Dominio de la bendición: Llamas flagrantes II,Yadigar Zindanı: Kükreyen Alev II,tr-TR
Dominio de la bendición: Llamas flagrantes III,Yadigar Zindanı: Kükreyen Alev III,tr-TR
Dominio de la bendición: Llamas flagrantes IV,Yadigar Zindanı: Kükreyen Alev IV,tr-TR
Dominio de la bendición: Manas-vijñana I,Yadigar Zindanı: Yedi Duyu I,tr-TR
Dominio de la bendición: Manas-vijñana II,Yadigar Zindanı: Yedi Duyu II,tr-TR
Dominio de la bendición: Manas-vijñana III,Yadigar Zindanı: Yedi Duyu III,tr-TR
Dominio de la bendición: Manas-vijñana IV,Yadigar Zindanı: Yedi Duyu IV,tr-TR
Dominio de la bendición: Necrópolis I,Yadigar Zindanı: Kabristan I,tr-TR
Dominio de la bendición: Necrópolis II,Yadigar Zindanı: Kabristan II,tr-TR
Dominio de la bendición: Necrópolis III,Yadigar Zindanı: Kabristan III,tr-TR
Dominio de la bendición: Necrópolis IV,Yadigar Zindanı: Kabristan IV,tr-TR
Dominio de la bendición: Perseverancia I,Yadigar Zindanı: Boyun Eğmez I,tr-TR
Dominio de la bendición: Perseverancia II,Yadigar Zindanı: Boyun Eğmez II,tr-TR
Dominio de la bendición: Perseverancia III,Yadigar Zindanı: Boyun Eğmez III,tr-TR
Dominio de la bendición: Perseverancia IV,Yadigar Zindanı: Boyun Eğmez IV,tr-TR
Dominio de la bendición: Sala de piedra I,Yadigar Zindanı: Taş Oda I,tr-TR
Dominio de la bendición: Sala de piedra II,Yadigar Zindanı: Taş Oda II,tr-TR
Dominio de la bendición: Sala de piedra III,Yadigar Zindanı: Taş Oda III,tr-TR
Dominio de la bendición: Variación I,Yadigar Zindanı: Çeşitlilik I,tr-TR
Dominio de la bendición: Variación II,Yadigar Zindanı: Çeşitlilik II,tr-TR
Dominio de la bendición: Variación III,Yadigar Zindanı: Çeşitlilik III,tr-TR
Dominio de la bendición: Variación IV,Yadigar Zindanı: Çeşitlilik IV,tr-TR
Dominio de la forja: Acero quebrado I,Döküm Zindanı: Kesik Çelik I,tr-TR
Dominio de la forja: Acero quebrado II,Döküm Zindanı: Kesik Çelik II,tr-TR
Dominio de la forja: Acero quebrado III,Döküm Zindanı: Kesik Çelik III,tr-TR
Dominio de la forja: Acero quebrado IV,Döküm Zindanı: Kesik Çelik IV,tr-TR
Dominio de la forja: Altar de las arenas I,Döküm Zindanı: Kum Sunağı I,tr-TR
Dominio de la forja: Altar de las arenas II,Döküm Zindanı: Kum Sunağı II,tr-TR
Dominio de la forja: Altar de las arenas III,Döküm Zindanı: Kum Sunağı III,tr-TR
Dominio de la forja: Altar de las arenas IV,Döküm Zindanı: Kum Sunağı IV,tr-TR
Dominio de la forja: Altar de las nubes eléctricas I,Döküm Zindanı: Fırtına Sunağı I,tr-TR
Dominio de la forja: Altar de las nubes eléctricas II,Döküm Zindanı: Fırtına Sunağı II,tr-TR
Dominio de la forja: Altar de las nubes eléctricas III,Döküm Zindanı: Fırtına Sunağı III,tr-TR
Dominio de la forja: Altar de las nubes eléctricas IV,Döküm Zindanı: Fırtına Sunağı IV,tr-TR
Dominio de la forja: Artesanía I,Döküm Zindanı: İşçilik I,tr-TR
Dominio de la forja: Artesanía II,Döküm Zindanı: İşçilik II,tr-TR
Dominio de la forja: Artesanía III,Döküm Zindanı: İşçilik III,tr-TR
Dominio de la forja: Artesanía IV,Döküm Zindanı: İşçilik IV,tr-TR
Dominio de la forja: Campo de prueba del relámpago milenario I,Döküm Zindanı: Yıldırım İmtihanı Alanı I,tr-TR
Dominio de la forja: Campo de prueba del relámpago milenario II,Döküm Zindanı: Yıldırım İmtihanı Alanı II,tr-TR
Dominio de la forja: Campo de prueba del relámpago milenario III,Döküm Zindanı: Yıldırım İmtihanı Alanı III,tr-TR
Dominio de la forja: Campo de prueba del relámpago milenario IV,Döküm Zindanı: Yıldırım İmtihanı Alanı IV,tr-TR
Dominio de la forja: Ciudad de los reflejos I,Döküm Zindanı: Yansımalar Şehri I,tr-TR
Dominio de la forja: Ciudad de los reflejos II,Döküm Zindanı: Yansımalar Şehri II,tr-TR
Dominio de la forja: Ciudad de los reflejos III,Döküm Zindanı: Yansımalar Şehri III,tr-TR
Dominio de la forja: Ciudad de los reflejos IV,Döküm Zindanı: Yansımalar Şehri IV,tr-TR
Dominio de la forja: Cripta movediza I,Döküm Zindanı: Kum Mezarı I,tr-TR
Dominio de la forja: Cripta movediza II,Döküm Zindanı: Kum Mezarı II,tr-TR
Dominio de la forja: Cripta movediza III,Döküm Zindanı: Kum Mezarı III,tr-TR
Dominio de la forja: Cripta movediza IV,Döküm Zindanı: Kum Mezarı IV,tr-TR
Dominio de la forja: Examinación I,Döküm Zindanı: Dikkatli Gözlem I,tr-TR
Dominio de la forja: Examinación II,Döküm Zindanı: Dikkatli Gözlem II,tr-TR
Dominio de la forja: Examinación III,Döküm Zindanı: Dikkatli Gözlem III,tr-TR
Dominio de la forja: Examinación IV,Döküm Zindanı: Dikkatli Gözlem IV,tr-TR
Dominio de la forja: Fulgor radiante I,Döküm Zindanı: Göz Kamaştıran İhtişam I,tr-TR
Dominio de la forja: Fulgor radiante II,Döküm Zindanı: Göz Kamaştıran İhtişam II,tr-TR
Dominio de la forja: Fulgor radiante III,Döküm Zindanı: Göz Kamaştıran İhtişam III,tr-TR
Dominio de la forja: Fulgor radiante IV,Döküm Zindanı: Göz Kamaştıran İhtişam IV,tr-TR
Dominio de la forja: Hierro forjado I,Döküm Zindanı: Dökme Demir I,tr-TR
Dominio de la forja: Hierro forjado II,Döküm Zindanı: Dökme Demir II,tr-TR
Dominio de la forja: Hierro forjado III,Döküm Zindanı: Dökme Demir III,tr-TR
Dominio de la forja: Hierro forjado IV,Döküm Zindanı: Dökme Demir IV,tr-TR
Dominio de la forja: Inventiva I,Döküm Zindanı: Robot Aklı I,tr-TR
Dominio de la forja: Inventiva II,Döküm Zindanı: Robot Aklı II,tr-TR
Dominio de la forja: Inventiva III,Döküm Zindanı: Robot Aklı III,tr-TR
Dominio de la forja: Inventiva IV,Döküm Zindanı: Robot Aklı IV,tr-TR
Dominio de la forja: Karma prarabdha I,Döküm Zindanı: Öncü Karma I,tr-TR
Dominio de la forja: Karma prarabdha II,Döküm Zindanı: Öncü Karma II,tr-TR
Dominio de la forja: Karma prarabdha III,Döküm Zindanı: Öncü Karma III,tr-TR
Dominio de la forja: Karma prarabdha IV,Döküm Zindanı: Öncü Karma IV,tr-TR
Dominio de la forja: Medición I,Döküm Zindanı: Tahmin I,tr-TR
Dominio de la forja: Medición II,Döküm Zindanı: Tahmin II,tr-TR
Dominio de la forja: Medición III,Döküm Zindanı: Tahmin III,tr-TR
Dominio de la forja: Medición IV,Döküm Zindanı: Tahmin IV,tr-TR
Dominio de la forja: Nubes ponzoñosas I,Döküm Zindanı: Lekeli Bulutlar I,tr-TR
Dominio de la forja: Nubes ponzoñosas II,Döküm Zindanı: Lekeli Bulutlar II,tr-TR
Dominio de la forja: Nubes ponzoñosas III,Döküm Zindanı: Lekeli Bulutlar III,tr-TR
Dominio de la forja: Nubes ponzoñosas IV,Döküm Zindanı: Lekeli Bulutlar IV,tr-TR
Dominio de la forja: Oblación lunar I,Döküm Zindanı: Ay Adağı I,tr-TR
Dominio de la forja: Oblación lunar II,Döküm Zindanı: Ay Adağı II,tr-TR
Dominio de la forja: Oblación lunar III,Döküm Zindanı: Ay Adağı III,tr-TR
Dominio de la forja: Oblación lunar IV,Döküm Zindanı: Ay Adağı IV,tr-TR
Dominio de la forja: Raga I,Döküm Zindanı: Takıntı I,tr-TR
Dominio de la forja: Raga II,Döküm Zindanı: Takıntı II,tr-TR
Dominio de la forja: Raga III,Döküm Zindanı: Takıntı III,tr-TR
Dominio de la forja: Raga IV,Döküm Zindanı: Takıntı IV,tr-TR
Dominio de la forja: Raíles encadenados I,Döküm Zindanı: Zincirleme Yollar I,tr-TR
Dominio de la forja: Raíles encadenados II,Döküm Zindanı: Zincirleme Yollar II,tr-TR
Dominio de la forja: Raíles encadenados III,Döküm Zindanı: Zincirleme Yollar III,tr-TR
Dominio de la forja: Raíles encadenados IV,Döküm Zindanı: Zincirleme Yollar IV,tr-TR
Dominio de la forja: Rezos y plegarias I,Döküm Zindanı: Okunan Dualar I,tr-TR
Dominio de la forja: Rezos y plegarias II,Döküm Zindanı: Okunan Dualar II,tr-TR
Dominio de la forja: Rezos y plegarias III,Döküm Zindanı: Okunan Dualar III,tr-TR
Dominio de la forja: Rezos y plegarias IV,Döküm Zindanı: Okunan Dualar IV,tr-TR
Dominio de la forja: Ruinas atronadoras I,Döküm Zindanı: Gürleyen Harabeler I,tr-TR
Dominio de la forja: Ruinas atronadoras II,Döküm Zindanı: Gürleyen Harabeler II,tr-TR
Dominio de la forja: Ruinas atronadoras III,Döküm Zindanı: Gürleyen Harabeler III,tr-TR
Dominio de la forja: Ruinas atronadoras IV,Döküm Zindanı: Gürleyen Harabeler IV,tr-TR
Dominio de la forja: Ruinas de la ciudad sedienta I,Döküm Zindanı: Susuz Şehrin Harabeleri I,tr-TR
Dominio de la forja: Ruinas de la ciudad sedienta II,Döküm Zindanı: Susuz Şehrin Harabeleri II,tr-TR
Dominio de la forja: Ruinas de la ciudad sedienta III,Döküm Zindanı: Susuz Şehrin Harabeleri III,tr-TR
Dominio de la forja: Ruinas de la ciudad sedienta IV,Döküm Zindanı: Susuz Şehrin Harabeleri IV,tr-TR
Dominio de la forja: Sofisticación mecánica I,Döküm Zindanı: Tuhaf Mekanizmalar I,tr-TR
Dominio de la forja: Sofisticación mecánica II,Döküm Zindanı: Tuhaf Mekanizmalar II,tr-TR
Dominio de la forja: Sofisticación mecánica III,Döküm Zindanı: Tuhaf Mekanizmalar III,tr-TR
Dominio de la forja: Sofisticación mecánica IV,Döküm Zindanı: Tuhaf Mekanizmalar IV,tr-TR
Dominio de la forja: Valle sumergido I,Döküm Zindanı: Batık Vadi I,tr-TR
Dominio de la forja: Valle sumergido II,Döküm Zindanı: Batık Vadi II,tr-TR
Dominio de la forja: Valle sumergido III,Döküm Zindanı: Batık Vadi III,tr-TR
Dominio de la forja: Valle sumergido IV,Döküm Zindanı: Batık Vadi IV,tr-TR
Dominio de la forja: Vestigios de las profundidades I,Döküm Zindanı: Kum Bataklığı I,tr-TR
Dominio de la forja: Vestigios de las profundidades II,Döküm Zindanı: Kum Bataklığı II,tr-TR
Dominio de la forja: Vestigios de las profundidades III,Döküm Zindanı: Kum Bataklığı III,tr-TR
Dominio de la forja: Vestigios de las profundidades IV,Döküm Zindanı: Kum Bataklığı IV,tr-TR
Dominio de la forja: Visión sombría I,Döküm Zindanı: Kehanet Yansımaları I,tr-TR
Dominio de la forja: Visión sombría II,Döküm Zindanı: Kehanet Yansımaları II,tr-TR
Dominio de la forja: Visión sombría III,Döküm Zindanı: Kehanet Yansımaları III,tr-TR
Dominio de la forja: Visión sombría IV,Döküm Zindanı: Kehanet Yansımaları IV,tr-TR
Dominio de la maestría: Abismo helado I,Ustalık Zindanı: Donmuş Hiçlik I,tr-TR
Dominio de la maestría: Abismo helado II,Ustalık Zindanı: Donmuş Hiçlik II,tr-TR
Dominio de la maestría: Abismo helado III,Ustalık Zindanı: Donmuş Hiçlik III,tr-TR
Dominio de la maestría: Abismo helado IV,Ustalık Zindanı: Donmuş Hiçlik IV,tr-TR
Dominio de la maestría: Adarshajñana I,Ustalık Zindanı: Dolunay I,tr-TR
Dominio de la maestría: Adarshajñana II,Ustalık Zindanı: Dolunay II,tr-TR
Dominio de la maestría: Adarshajñana III,Ustalık Zindanı: Dolunay III,tr-TR
Dominio de la maestría: Adarshajñana IV,Ustalık Zindanı: Dolunay IV,tr-TR
Dominio de la maestría: Altar de la escarcha I,Ustalık Zindanı: Donuk Sunak I,tr-TR
Dominio de la maestría: Altar de la escarcha II,Ustalık Zindanı: Donuk Sunak II,tr-TR
Dominio de la maestría: Altar de la escarcha III,Ustalık Zindanı: Donuk Sunak III,tr-TR
Dominio de la maestría: Altar de la escarcha IV,Ustalık Zindanı: Donuk Sunak IV,tr-TR
Dominio de la maestría: Altar de las llamas I,Ustalık Zindanı: Alaz Sunağı I,tr-TR
Dominio de la maestría: Altar de las llamas II,Ustalık Zindanı: Alaz Sunağı II,tr-TR
Dominio de la maestría: Altar de las llamas III,Ustalık Zindanı: Alaz Sunağı III,tr-TR
Dominio de la maestría: Altar de las llamas IV,Ustalık Zindanı: Alaz Sunağı IV,tr-TR
Dominio de la maestría: Aro de fuego I,Ustalık Zindanı: Kor Çemberi I,tr-TR
Dominio de la maestría: Aro de fuego II,Ustalık Zindanı: Kor Çemberi II,tr-TR
Dominio de la maestría: Aro de fuego III,Ustalık Zindanı: Kor Çemberi III,tr-TR
Dominio de la maestría: Aro de fuego IV,Ustalık Zindanı: Kor Çemberi IV,tr-TR
Dominio de la maestría: Ascetismo I,Ustalık Zindanı: İnziva I,tr-TR
Dominio de la maestría: Ascetismo II,Ustalık Zindanı: İnziva II,tr-TR
Dominio de la maestría: Ascetismo III,Ustalık Zindanı: İnziva III,tr-TR
Dominio de la maestría: Ascetismo IV,Ustalık Zindanı: İnziva IV,tr-TR
Dominio de la maestría: Ciudad en ruinas I,Ustalık Zindanı: Düşmüş Şehir I,tr-TR
Dominio de la maestría: Ciudad en ruinas II,Ustalık Zindanı: Düşmüş Şehir II,tr-TR
Dominio de la maestría: Ciudad en ruinas III,Ustalık Zindanı: Düşmüş Şehir III,tr-TR
Dominio de la maestría: Ciudad en ruinas IV,Ustalık Zindanı: Düşmüş Şehir IV,tr-TR
Dominio de la maestría: Contemplación conjunta I,Ustalık Zindanı: Ortak Vizyon I,tr-TR
Dominio de la maestría: Contemplación conjunta II,Ustalık Zindanı: Ortak Vizyon II,tr-TR
Dominio de la maestría: Contemplación conjunta III,Ustalık Zindanı: Ortak Vizyon III,tr-TR
Dominio de la maestría: Contemplación conjunta IV,Ustalık Zindanı: Ortak Vizyon IV,tr-TR
Dominio de la maestría: Dharani I,Ustalık Zindanı: Nükte I,tr-TR
Dominio de la maestría: Dharani II,Ustalık Zindanı: Nükte II,tr-TR
Dominio de la maestría: Dharani III,Ustalık Zindanı: Nükte III,tr-TR
Dominio de la maestría: Dharani IV,Ustalık Zindanı: Nükte IV,tr-TR
Dominio de la maestría: El Reino del letargo IV,Ustalık Zindanı: Uyku Diyarı IV,tr-TR
Dominio de la maestría: El corazón de las llamas I,Ustalık Zindanı: Alevin Kalbi I,tr-TR
Dominio de la maestría: El corazón de las llamas II,Ustalık Zindanı: Alevin Kalbi II,tr-TR
Dominio de la maestría: El corazón de las llamas III,Ustalık Zindanı: Alevin Kalbi III,tr-TR
Dominio de la maestría: El corazón de las llamas IV,Ustalık Zindanı: Alevin Kalbi IV,tr-TR
Dominio de la maestría: Enajenación I,Ustalık Zindanı: Sayısız Yanılsama I,tr-TR
Dominio de la maestría: Enajenación II,Ustalık Zindanı: Sayısız Yanılsama II,tr-TR
Dominio de la maestría: Enajenación III,Ustalık Zindanı: Sayısız Yanılsama III,tr-TR
Dominio de la maestría: Enajenación IV,Ustalık Zindanı: Sayısız Yanılsama IV,tr-TR
Dominio de la maestría: Guarida derrocada I,Ustalık Zindanı: Dağılan Yuva I,tr-TR
Dominio de la maestría: Guarida derrocada II,Ustalık Zindanı: Dağılan Yuva II,tr-TR
Dominio de la maestría: Guarida derrocada III,Ustalık Zindanı: Dağılan Yuva III,tr-TR
Dominio de la maestría: Guarida derrocada IV,Ustalık Zindanı: Dağılan Yuva IV,tr-TR
Dominio de la maestría: Meditación I,Ustalık Zindanı: Tefekkür I,tr-TR
Dominio de la maestría: Meditación II,Ustalık Zindanı: Tefekkür II,tr-TR
Dominio de la maestría: Meditación III,Ustalık Zindanı: Tefekkür III,tr-TR
Dominio de la maestría: Meditación IV,Ustalık Zindanı: Tefekkür IV,tr-TR
Dominio de la maestría: Recital I,Ustalık Zindanı: Ahenkli Okuma I,tr-TR
Dominio de la maestría: Recital II,Ustalık Zindanı: Ahenkli Okuma II,tr-TR
Dominio de la maestría: Recital III,Ustalık Zindanı: Ahenkli Okuma III,tr-TR
Dominio de la maestría: Recital IV,Ustalık Zindanı: Ahenkli Okuma IV,tr-TR
Dominio de la maestría: Reconversión I,Ustalık Zindanı: Yüce Dönüş I,tr-TR
Dominio de la maestría: Reconversión II,Ustalık Zindanı: Yüce Dönüş II,tr-TR
Dominio de la maestría: Reconversión III,Ustalık Zindanı: Yüce Dönüş III,tr-TR
Dominio de la maestría: Reconversión IV,Ustalık Zindanı: Yüce Dönüş IV,tr-TR
Dominio de la maestría: Reino Púrpura I,Ustalık Zindanı: Mor Saltanat I,tr-TR
Dominio de la maestría: Reino Púrpura II,Ustalık Zindanı: Mor Saltanat II,tr-TR
Dominio de la maestría: Reino Púrpura III,Ustalık Zindanı: Mor Saltanat III,tr-TR
Dominio de la maestría: Reino Púrpura IV,Ustalık Zindanı: Mor Saltanat IV,tr-TR
Dominio de la maestría: Reino del letargo I,Ustalık Zindanı: Uyku Diyarı I,tr-TR
Dominio de la maestría: Reino del letargo II,Ustalık Zindanı: Uyku Diyarı II,tr-TR
Dominio de la maestría: Reino del letargo III,Ustalık Zindanı: Uyku Diyarı III,tr-TR
Dominio de la maestría: Retorno I,Ustalık Zindanı: Geri Dönüş I,tr-TR
Dominio de la maestría: Retorno II,Ustalık Zindanı: Geri Dönüş II,tr-TR
Dominio de la maestría: Retorno III,Ustalık Zindanı: Geri Dönüş III,tr-TR
Dominio de la maestría: Retorno IV,Ustalık Zindanı: Geri Dönüş IV,tr-TR
Dominio de la maestría: Retórica I,Ustalık Zindanı: Uyarı Yazıtı I,tr-TR
Dominio de la maestría: Retórica II,Ustalık Zindanı: Uyarı Yazıtı II,tr-TR
Dominio de la maestría: Retórica III,Ustalık Zindanı: Uyarı Yazıtı III,tr-TR
Dominio de la maestría: Retórica IV,Ustalık Zindanı: Uyarı Yazıtı IV,tr-TR
Dominio de la maestría: Revoloteo melodioso I,Ustalık Zindanı: Ritmin Ahengi I,tr-TR
Dominio de la maestría: Revoloteo melodioso II,Ustalık Zindanı: Ritmin Ahengi II,tr-TR
Dominio de la maestría: Revoloteo melodioso III,Ustalık Zindanı: Ritmin Ahengi III,tr-TR
Dominio de la maestría: Revoloteo melodioso IV,Ustalık Zindanı: Ritmin Ahengi IV,tr-TR
Dominio de la maestría: Ruinas del kudzu I,Ustalık Zindanı: Asmalı Harabeler I,tr-TR
Dominio de la maestría: Ruinas del kudzu II,Ustalık Zindanı: Asmalı Harabeler II,tr-TR
Dominio de la maestría: Ruinas del kudzu III,Ustalık Zindanı: Asmalı Harabeler III,tr-TR
Dominio de la maestría: Ruinas del kudzu IV,Ustalık Zindanı: Asmalı Harabeler IV,tr-TR
Dominio de la maestría: Sombra legada I,Ustalık Zindanı: Unutulmuş Miras I,tr-TR
Dominio de la maestría: Sombra legada II,Ustalık Zindanı: Unutulmuş Miras II,tr-TR
Dominio de la maestría: Sombra legada III,Ustalık Zindanı: Unutulmuş Miras III,tr-TR
Dominio de la maestría: Sombra legada IV,Ustalık Zindanı: Unutulmuş Miras IV,tr-TR
Dominio de la maestría: Tripitaka I,Ustalık Zindanı: Disiplin I,tr-TR
Dominio de la maestría: Tripitaka II,Ustalık Zindanı: Disiplin II,tr-TR
Dominio de la maestría: Tripitaka III,Ustalık Zindanı: Disiplin III,tr-TR
Dominio de la maestría: Tripitaka IV,Ustalık Zindanı: Disiplin IV,tr-TR
Dominio de la maestría: Valle del rayo I,Ustalık Zindanı: Uğultulu Vadi I,tr-TR
Dominio de la maestría: Valle del rayo II,Ustalık Zindanı: Uğultulu Vadi II,tr-TR
Dominio de la maestría: Valle del rayo III,Ustalık Zindanı: Uğultulu Vadi III,tr-TR
Dominio de la maestría: Valle del rayo IV,Ustalık Zindanı: Uğultulu Vadi IV,tr-TR
Dominio della benedizione: Armonia I,Yadigar Zindanı: Uyum I,tr-TR
Dominio della benedizione: Armonia II,Yadigar Zindanı: Uyum II,tr-TR
Dominio della benedizione: Armonia III,Yadigar Zindanı: Uyum III,tr-TR
Dominio della benedizione: Armonia IV,Yadigar Zindanı: Uyum IV,tr-TR
Dominio della benedizione: Assemblea decadente I,Yadigar Zindanı: Parçalanmış Salon I,tr-TR
Dominio della benedizione: Assemblea decadente II,Yadigar Zindanı: Parçalanmış Salon II,tr-TR
Dominio della benedizione: Assemblea decadente III,Yadigar Zindanı: Parçalanmış Salon III,tr-TR
Dominio della benedizione: Assemblea decadente IV,Yadigar Zindanı: Parçalanmış Salon IV,tr-TR
Dominio della benedizione: Banchetto floreale I,Yadigar Zindanı: Çiçek Şöleni I,tr-TR
Dominio della benedizione: Banchetto floreale II,Yadigar Zindanı: Çiçek Şöleni II,tr-TR
Dominio della benedizione: Banchetto floreale III,Yadigar Zindanı: Çiçek Şöleni III,tr-TR
Dominio della benedizione: Banchetto floreale IV,Yadigar Zindanı: Çiçek Şöleni IV,tr-TR
Dominio della benedizione: Bastione dell'oblio I,Yadigar Zindanı: Terkedilmiş Sur I,tr-TR
Dominio della benedizione: Bastione dell'oblio II,Yadigar Zindanı: Terkedilmiş Sur II,tr-TR
Dominio della benedizione: Bastione dell'oblio III,Yadigar Zindanı: Terkedilmiş Sur III,tr-TR
Dominio della benedizione: Bastione dell'oblio IV,Yadigar Zindanı: Terkedilmiş Sur IV,tr-TR
Dominio della benedizione: Brina elegiaca I,Yadigar Zindanı: Elemli Kırağı I,tr-TR
Dominio della benedizione: Brina elegiaca II,Yadigar Zindanı: Elemli Kırağı II,tr-TR
Dominio della benedizione: Brina elegiaca III,Yadigar Zindanı: Elemli Kırağı III,tr-TR
Dominio della benedizione: Brina elegiaca IV,Yadigar Zindanı: Elemli Kırağı IV,tr-TR
Dominio della benedizione: Caccia d'autunno I,Yadigar Zindanı: Sonbahar Avı I,tr-TR
Dominio della benedizione: Caccia d'autunno II,Yadigar Zindanı: Sonbahar Avı II,tr-TR
Dominio della benedizione: Caccia d'autunno III,Yadigar Zindanı: Sonbahar Avı III,tr-TR
Dominio della benedizione: Caccia d'autunno IV,Yadigar Zindanı: Sonbahar Avı IV,tr-TR
Dominio della benedizione: Camera blindata Sacra III,Yadigar Zindanı: Kutsal Sığınak III,tr-TR
Dominio della benedizione: Camera blindata sacra I,Yadigar Zindanı: Kutsal Sığınak I,tr-TR
Dominio della benedizione: Camera blindata sacra II,Yadigar Zindanı: Kutsal Sığınak II,tr-TR
Dominio della benedizione: Camera blindata sacra IV,Yadigar Zindanı: Kutsal Sığınak IV,tr-TR
Dominio della benedizione: Cittadella del deserto I,Yadigar Zindanı: Çöl Hisarı I,tr-TR
Dominio della benedizione: Cittadella del deserto II,Yadigar Zindanı: Çöl Hisarı II,tr-TR
Dominio della benedizione: Cittadella del deserto III,Yadigar Zindanı: Çöl Hisarı III,tr-TR
Dominio della benedizione: Cittadella del deserto IV,Yadigar Zindanı: Çöl Hisarı IV,tr-TR
Dominio della benedizione: Costrutto di Fuocardente I,Yadigar Zindanı: Derin Ateş Yapısı I,tr-TR
Dominio della benedizione: Costrutto di Fuocardente II,Yadigar Zindanı: Derin Ateş Yapısı II,tr-TR
Dominio della benedizione: Costrutto di Fuocardente III,Yadigar Zindanı: Derin Ateş Yapısı III,tr-TR
Dominio della benedizione: Costrutto di Fuocardente IV,Yadigar Zindanı: Derin Ateş Yapısı IV,tr-TR
Dominio della benedizione: Derivazioni delle Profondità I,Yadigar Zindanı: Derin Sirayet I,tr-TR
Dominio della benedizione: Derivazioni delle Profondità II,Yadigar Zindanı: Derin Sirayet II,tr-TR
Dominio della benedizione: Derivazioni delle Profondità III,Yadigar Zindanı: Derin Sirayet III,tr-TR
Dominio della benedizione: Derivazioni delle Profondità IV,Yadigar Zindanı: Derin Sirayet IV,tr-TR
Dominio della benedizione: Erosione glaciale I,Yadigar Zindanı: Buz Aşınması I,tr-TR
Dominio della benedizione: Erosione glaciale II,Yadigar Zindanı: Buz Aşınması II,tr-TR
Dominio della benedizione: Erosione glaciale III,Yadigar Zindanı: Buz Aşınması III,tr-TR
Dominio della benedizione: Erosione glaciale IV,Yadigar Zindanı: Buz Aşınması IV,tr-TR
Dominio della benedizione: Fiamme purificatrici I,Yadigar Zindanı: Arınma Ateşi I,tr-TR
Dominio della benedizione: Fiamme purificatrici II,Yadigar Zindanı: Arınma Ateşi II,tr-TR
Dominio della benedizione: Fiamme purificatrici III,Yadigar Zindanı: Arınma Ateşi III,tr-TR
Dominio della benedizione: Fiamme purificatrici IV,Yadigar Zindanı: Arınma Ateşi IV,tr-TR
Dominio della benedizione: Fiamme purificatrici V,Yadigar Zindanı: Arınma Ateşi V,tr-TR
Dominio della benedizione: Fiamme purificatrici VI,Yadigar Zindanı: Arınma Ateşi VI,tr-TR
Dominio della benedizione: Fuoco impetuoso I,Yadigar Zindanı: Kükreyen Alev I,tr-TR
Dominio della benedizione: Fuoco impetuoso II,Yadigar Zindanı: Kükreyen Alev II,tr-TR
Dominio della benedizione: Fuoco impetuoso III,Yadigar Zindanı: Kükreyen Alev III,tr-TR
Dominio della benedizione: Fuoco impetuoso IV,Yadigar Zindanı: Kükreyen Alev IV,tr-TR
Dominio della benedizione: Incrollabile I,Yadigar Zindanı: Boyun Eğmez I,tr-TR
Dominio della benedizione: Incrollabile II,Yadigar Zindanı: Boyun Eğmez II,tr-TR
Dominio della benedizione: Incrollabile III,Yadigar Zindanı: Boyun Eğmez III,tr-TR
Dominio della benedizione: Incrollabile IV,Yadigar Zindanı: Boyun Eğmez IV,tr-TR
Dominio della benedizione: Lame danzanti I,Yadigar Zindanı: Çelik Dansı I,tr-TR
Dominio della benedizione: Lame danzanti II,Yadigar Zindanı: Çelik Dansı II,tr-TR
Dominio della benedizione: Lame danzanti III,Yadigar Zindanı: Çelik Dansı III,tr-TR
Dominio della benedizione: Lame danzanti IV,Yadigar Zindanı: Çelik Dansı IV,tr-TR
Dominio della benedizione: Lame danzanti V,Yadigar Zindanı: Çelik Dansı V,tr-TR
Dominio della benedizione: Necropoli I,Yadigar Zindanı: Kabristan I,tr-TR
Dominio della benedizione: Necropoli II,Yadigar Zindanı: Kabristan II,tr-TR
Dominio della benedizione: Necropoli III,Yadigar Zindanı: Kabristan III,tr-TR
Dominio della benedizione: Necropoli IV,Yadigar Zindanı: Kabristan IV,tr-TR
Dominio della benedizione: Nido delle macchine I,Yadigar Zindanı: Makina Yuvası I,tr-TR
Dominio della benedizione: Nido delle macchine II,Yadigar Zindanı: Makina Yuvası II,tr-TR
Dominio della benedizione: Nido delle macchine III,Yadigar Zindanı: Makina Yuvası III,tr-TR
Dominio della benedizione: Nido delle macchine IV,Yadigar Zindanı: Makina Yuvası IV,tr-TR
Dominio della benedizione: Purgatorio infuocato I,Yadigar Zindanı: Alev Meydanı I,tr-TR
Dominio della benedizione: Purgatorio infuocato II,Yadigar Zindanı: Alev Meydanı II,tr-TR
Dominio della benedizione: Purgatorio infuocato III,Yadigar Zindanı: Alev Meydanı III,tr-TR
Dominio della benedizione: Purgatorio infuocato IV,Yadigar Zindanı: Alev Meydanı IV,tr-TR
Dominio della benedizione: Sala di pietra I,Yadigar Zindanı: Taş Oda I,tr-TR
Dominio della benedizione: Sala di pietra II,Yadigar Zindanı: Taş Oda II,tr-TR
Dominio della benedizione: Sala di pietra III,Yadigar Zindanı: Taş Oda III,tr-TR
Dominio della benedizione: Sette sensi I,Yadigar Zindanı: Yedi Duyu I,tr-TR
Dominio della benedizione: Sette sensi II,Yadigar Zindanı: Yedi Duyu II,tr-TR
Dominio della benedizione: Sette sensi III,Yadigar Zindanı: Yedi Duyu III,tr-TR
Dominio della benedizione: Sette sensi IV,Yadigar Zindanı: Yedi Duyu IV,tr-TR
Dominio della benedizione: Sorgente I,Yadigar Zindanı: İlkbahar I,tr-TR
Dominio della benedizione: Sorgente II,Yadigar Zindanı: İlkbahar II,tr-TR
Dominio della benedizione: Sorgente III,Yadigar Zindanı: İlkbahar III,tr-TR
Dominio della benedizione: Sorgente IV,Yadigar Zindanı: İlkbahar IV,tr-TR
Dominio della benedizione: Sorgente V,Yadigar Zindanı: İlkbahar V,tr-TR
Dominio della benedizione: Sorgente VI,Yadigar Zindanı: İlkbahar VI,tr-TR
Dominio della benedizione: Variazione I,Yadigar Zindanı: Çeşitlilik I,tr-TR
Dominio della benedizione: Variazione II,Yadigar Zindanı: Çeşitlilik II,tr-TR
Dominio della benedizione: Variazione III,Yadigar Zindanı: Çeşitlilik III,tr-TR
Dominio della benedizione: Variazione IV,Yadigar Zindanı: Çeşitlilik IV,tr-TR
Dominio della forgiatura: Acciaio spezzato I,Döküm Zindanı: Kesik Çelik I,tr-TR
Dominio della forgiatura: Acciaio spezzato II,Döküm Zindanı: Kesik Çelik II,tr-TR
Dominio della forgiatura: Acciaio spezzato III,Döküm Zindanı: Kesik Çelik III,tr-TR
Dominio della forgiatura: Acciaio spezzato IV,Döküm Zindanı: Kesik Çelik IV,tr-TR
Dominio della forgiatura: Altare delle nubi I,Döküm Zindanı: Fırtına Sunağı I,tr-TR
Dominio della forgiatura: Altare delle nubi II,Döküm Zindanı: Fırtına Sunağı II,tr-TR
Dominio della forgiatura: Altare delle nubi III,Döküm Zindanı: Fırtına Sunağı III,tr-TR
Dominio della forgiatura: Altare delle nubi IV,Döküm Zindanı: Fırtına Sunağı IV,tr-TR
Dominio della forgiatura: Altare delle sabbie I,Döküm Zindanı: Kum Sunağı I,tr-TR
Dominio della forgiatura: Altare delle sabbie II,Döküm Zindanı: Kum Sunağı II,tr-TR
Dominio della forgiatura: Altare delle sabbie III,Döküm Zindanı: Kum Sunağı III,tr-TR
Dominio della forgiatura: Altare delle sabbie IV,Döküm Zindanı: Kum Sunağı IV,tr-TR
Dominio della forgiatura: Artigianato I,Döküm Zindanı: İşçilik I,tr-TR
Dominio della forgiatura: Artigianato II,Döküm Zindanı: İşçilik II,tr-TR
Dominio della forgiatura: Artigianato III,Döküm Zindanı: İşçilik III,tr-TR
Dominio della forgiatura: Artigianato IV,Döküm Zindanı: İşçilik IV,tr-TR
Dominio della forgiatura: Binari incatenati I,Döküm Zindanı: Zincirleme Yollar I,tr-TR
Dominio della forgiatura: Binari incatenati II,Döküm Zindanı: Zincirleme Yollar II,tr-TR
Dominio della forgiatura: Binari incatenati III,Döküm Zindanı: Zincirleme Yollar III,tr-TR
Dominio della forgiatura: Binari incatenati IV,Döküm Zindanı: Zincirleme Yollar IV,tr-TR
Dominio della forgiatura: Canti di preghiera I,Döküm Zindanı: Okunan Dualar I,tr-TR
Dominio della forgiatura: Canti di preghiera II,Döküm Zindanı: Okunan Dualar II,tr-TR
Dominio della forgiatura: Canti di preghiera III,Döküm Zindanı: Okunan Dualar III,tr-TR
Dominio della forgiatura: Canti di preghiera IV,Döküm Zindanı: Okunan Dualar IV,tr-TR
Dominio della forgiatura: Città dei riflessi I,Döküm Zindanı: Yansımalar Şehri I,tr-TR
Dominio della forgiatura: Città dei riflessi II,Döküm Zindanı: Yansımalar Şehri II,tr-TR
Dominio della forgiatura: Città dei riflessi III,Döküm Zindanı: Yansımalar Şehri III,tr-TR
Dominio della forgiatura: Città dei riflessi IV,Döküm Zindanı: Yansımalar Şehri IV,tr-TR
Dominio della forgiatura: Congegni bizzarri I,Döküm Zindanı: Tuhaf Mekanizmalar I,tr-TR
Dominio della forgiatura: Congegni bizzarri II,Döküm Zindanı: Tuhaf Mekanizmalar II,tr-TR
Dominio della forgiatura: Congegni bizzarri III,Döküm Zindanı: Tuhaf Mekanizmalar III,tr-TR
Dominio della forgiatura: Congegni bizzarri IV,Döküm Zindanı: Tuhaf Mekanizmalar IV,tr-TR
Dominio della forgiatura: Ghisa I,Döküm Zindanı: Dökme Demir I,tr-TR
Dominio della forgiatura: Ghisa II,Döküm Zindanı: Dökme Demir II,tr-TR
Dominio della forgiatura: Ghisa III,Döküm Zindanı: Dökme Demir III,tr-TR
Dominio della forgiatura: Ghisa IV,Döküm Zindanı: Dökme Demir IV,tr-TR
Dominio della forgiatura: Karma Prarabdha I,Döküm Zindanı: Öncü Karma I,tr-TR
Dominio della forgiatura: Karma Prarabdha II,Döküm Zindanı: Öncü Karma II,tr-TR
Dominio della forgiatura: Karma Prarabdha III,Döküm Zindanı: Öncü Karma III,tr-TR
Dominio della forgiatura: Karma Prarabdha IV,Döküm Zindanı: Öncü Karma IV,tr-TR
Dominio della forgiatura: Misurazione I,Döküm Zindanı: Tahmin I,tr-TR
Dominio della forgiatura: Misurazione II,Döküm Zindanı: Tahmin II,tr-TR
Dominio della forgiatura: Misurazione III,Döküm Zindanı: Tahmin III,tr-TR
Dominio della forgiatura: Misurazione IV,Döküm Zindanı: Tahmin IV,tr-TR
Dominio della forgiatura: Nubi impure I,Döküm Zindanı: Lekeli Bulutlar I,tr-TR
Dominio della forgiatura: Nubi impure II,Döküm Zindanı: Lekeli Bulutlar II,tr-TR
Dominio della forgiatura: Nubi impure III,Döküm Zindanı: Lekeli Bulutlar III,tr-TR
Dominio della forgiatura: Nubi impure IV,Döküm Zindanı: Lekeli Bulutlar IV,tr-TR
Dominio della forgiatura: Oblazione lunare I,Döküm Zindanı: Ay Adağı I,tr-TR
Dominio della forgiatura: Oblazione lunare II,Döküm Zindanı: Ay Adağı II,tr-TR
Dominio della forgiatura: Oblazione lunare III,Döküm Zindanı: Ay Adağı III,tr-TR
Dominio della forgiatura: Oblazione lunare IV,Döküm Zindanı: Ay Adağı IV,tr-TR
Dominio della forgiatura: Ombre profetiche I,Döküm Zindanı: Kehanet Yansımaları I,tr-TR
Dominio della forgiatura: Ombre profetiche II,Döküm Zindanı: Kehanet Yansımaları II,tr-TR
Dominio della forgiatura: Ombre profetiche III,Döküm Zindanı: Kehanet Yansımaları III,tr-TR
Dominio della forgiatura: Ombre profetiche IV,Döküm Zindanı: Kehanet Yansımaları IV,tr-TR
Dominio della forgiatura: Osservazione accurata I,Döküm Zindanı: Dikkatli Gözlem I,tr-TR
Dominio della forgiatura: Osservazione accurata II,Döküm Zindanı: Dikkatli Gözlem II,tr-TR
Dominio della forgiatura: Osservazione accurata III,Döküm Zindanı: Dikkatli Gözlem III,tr-TR
Dominio della forgiatura: Osservazione accurata IV,Döküm Zindanı: Dikkatli Gözlem IV,tr-TR
Dominio della forgiatura: Ossessione I,Döküm Zindanı: Takıntı I,tr-TR
Dominio della forgiatura: Ossessione II,Döküm Zindanı: Takıntı II,tr-TR
Dominio della forgiatura: Ossessione III,Döküm Zindanı: Takıntı III,tr-TR
Dominio della forgiatura: Ossessione IV,Döküm Zindanı: Takıntı IV,tr-TR
Dominio della forgiatura: Rovine dell'avidità I,Döküm Zindanı: Susuz Şehrin Harabeleri I,tr-TR
Dominio della forgiatura: Rovine dell'avidità II,Döküm Zindanı: Susuz Şehrin Harabeleri II,tr-TR
Dominio della forgiatura: Rovine dell'avidità III,Döküm Zindanı: Susuz Şehrin Harabeleri III,tr-TR
Dominio della forgiatura: Rovine dell'avidità IV,Döküm Zindanı: Susuz Şehrin Harabeleri IV,tr-TR
Dominio della forgiatura: Rovine tonanti I,Döküm Zindanı: Gürleyen Harabeler I,tr-TR
Dominio della forgiatura: Rovine tonanti II,Döküm Zindanı: Gürleyen Harabeler II,tr-TR
Dominio della forgiatura: Rovine tonanti III,Döküm Zindanı: Gürleyen Harabeler III,tr-TR
Dominio della forgiatura: Rovine tonanti IV,Döküm Zindanı: Gürleyen Harabeler IV,tr-TR
Dominio della forgiatura: Sabbie sommerse I,Döküm Zindanı: Kum Bataklığı I,tr-TR
Dominio della forgiatura: Sabbie sommerse II,Döküm Zindanı: Kum Bataklığı II,tr-TR
Dominio della forgiatura: Sabbie sommerse III,Döküm Zindanı: Kum Bataklığı III,tr-TR
Dominio della forgiatura: Sabbie sommerse IV,Döküm Zindanı: Kum Bataklığı IV,tr-TR
Dominio della forgiatura: Sepoltura sabbiosa I,Döküm Zindanı: Kum Mezarı I,tr-TR
Dominio della forgiatura: Sepoltura sabbiosa II,Döküm Zindanı: Kum Mezarı II,tr-TR
Dominio della forgiatura: Sepoltura sabbiosa III,Döküm Zindanı: Kum Mezarı III,tr-TR
Dominio della forgiatura: Sepoltura sabbiosa IV,Döküm Zindanı: Kum Mezarı IV,tr-TR
Dominio della forgiatura: Splendore radioso I,Döküm Zindanı: Göz Kamaştıran İhtişam I,tr-TR
Dominio della forgiatura: Splendore radioso II,Döküm Zindanı: Göz Kamaştıran İhtişam II,tr-TR
Dominio della forgiatura: Splendore radioso III,Döküm Zindanı: Göz Kamaştıran İhtişam III,tr-TR
Dominio della forgiatura: Splendore radioso IV,Döküm Zindanı: Göz Kamaştıran İhtişam IV,tr-TR
Dominio della forgiatura: Stratagemma robotico I,Döküm Zindanı: Robot Aklı I,tr-TR
Dominio della forgiatura: Stratagemma robotico II,Döküm Zindanı: Robot Aklı II,tr-TR
Dominio della forgiatura: Stratagemma robotico III,Döküm Zindanı: Robot Aklı III,tr-TR
Dominio della forgiatura: Stratagemma robotico IV,Döküm Zindanı: Robot Aklı IV,tr-TR
Dominio della forgiatura: Terreni di prova del tuono I,Döküm Zindanı: Yıldırım İmtihanı Alanı I,tr-TR
Dominio della forgiatura: Terreni di prova del tuono II,Döküm Zindanı: Yıldırım İmtihanı Alanı II,tr-TR
Dominio della forgiatura: Terreni di prova del tuono III,Döküm Zindanı: Yıldırım İmtihanı Alanı III,tr-TR
Dominio della forgiatura: Terreni di prova del tuono IV,Döküm Zindanı: Yıldırım İmtihanı Alanı IV,tr-TR
Dominio della forgiatura: Valle sott'acqua I,Döküm Zindanı: Batık Vadi I,tr-TR
Dominio della forgiatura: Valle sott'acqua II,Döküm Zindanı: Batık Vadi II,tr-TR
Dominio della forgiatura: Valle sott'acqua III,Döküm Zindanı: Batık Vadi III,tr-TR
Dominio della forgiatura: Valle sott'acqua IV,Döküm Zindanı: Batık Vadi IV,tr-TR
Dominio della maestria: Abisso di ghiaccio I,Ustalık Zindanı: Donmuş Hiçlik I,tr-TR
Dominio della maestria: Abisso di ghiaccio II,Ustalık Zindanı: Donmuş Hiçlik II,tr-TR
Dominio della maestria: Abisso di ghiaccio III,Ustalık Zindanı: Donmuş Hiçlik III,tr-TR
Dominio della maestria: Abisso di ghiaccio IV,Ustalık Zindanı: Donmuş Hiçlik IV,tr-TR
Dominio della maestria: Altare fiammeggiante I,Ustalık Zindanı: Alaz Sunağı I,tr-TR
Dominio della maestria: Altare fiammeggiante II,Ustalık Zindanı: Alaz Sunağı II,tr-TR
Dominio della maestria: Altare fiammeggiante III,Ustalık Zindanı: Alaz Sunağı III,tr-TR
Dominio della maestria: Altare fiammeggiante IV,Ustalık Zindanı: Alaz Sunağı IV,tr-TR
Dominio della maestria: Altare ghiacciato I,Ustalık Zindanı: Donuk Sunak I,tr-TR
Dominio della maestria: Altare ghiacciato II,Ustalık Zindanı: Donuk Sunak II,tr-TR
Dominio della maestria: Altare ghiacciato III,Ustalık Zindanı: Donuk Sunak III,tr-TR
Dominio della maestria: Altare ghiacciato IV,Ustalık Zindanı: Donuk Sunak IV,tr-TR
Dominio della maestria: Arguzia I,Ustalık Zindanı: Nükte I,tr-TR
Dominio della maestria: Arguzia II,Ustalık Zindanı: Nükte II,tr-TR
Dominio della maestria: Arguzia III,Ustalık Zindanı: Nükte III,tr-TR
Dominio della maestria: Arguzia IV,Ustalık Zindanı: Nükte IV,tr-TR
Dominio della maestria: Cerchio di fiamme I,Ustalık Zindanı: Kor Çemberi I,tr-TR
Dominio della maestria: Cerchio di fiamme II,Ustalık Zindanı: Kor Çemberi II,tr-TR
Dominio della maestria: Cerchio di fiamme III,Ustalık Zindanı: Kor Çemberi III,tr-TR
Dominio della maestria: Cerchio di fiamme IV,Ustalık Zindanı: Kor Çemberi IV,tr-TR
Dominio della maestria: Città caduta I,Ustalık Zindanı: Düşmüş Şehir I,tr-TR
Dominio della maestria: Città caduta II,Ustalık Zindanı: Düşmüş Şehir II,tr-TR
Dominio della maestria: Città caduta III,Ustalık Zindanı: Düşmüş Şehir III,tr-TR
Dominio della maestria: Città caduta IV,Ustalık Zindanı: Düşmüş Şehir IV,tr-TR
Dominio della maestria: Contemplazione I,Ustalık Zindanı: Tefekkür I,tr-TR
Dominio della maestria: Contemplazione II,Ustalık Zindanı: Tefekkür II,tr-TR
Dominio della maestria: Contemplazione III,Ustalık Zindanı: Tefekkür III,tr-TR
Dominio della maestria: Contemplazione IV,Ustalık Zindanı: Tefekkür IV,tr-TR
Dominio della maestria: Cuore ardente I,Ustalık Zindanı: Alevin Kalbi I,tr-TR
Dominio della maestria: Cuore ardente II,Ustalık Zindanı: Alevin Kalbi II,tr-TR
Dominio della maestria: Cuore ardente III,Ustalık Zindanı: Alevin Kalbi III,tr-TR
Dominio della maestria: Cuore ardente IV,Ustalık Zindanı: Alevin Kalbi IV,tr-TR
Dominio della maestria: Eredità ombrata I,Ustalık Zindanı: Unutulmuş Miras I,tr-TR
Dominio della maestria: Eredità ombrata II,Ustalık Zindanı: Unutulmuş Miras II,tr-TR
Dominio della maestria: Eredità ombrata III,Ustalık Zindanı: Unutulmuş Miras III,tr-TR
Dominio della maestria: Eredità ombrata IV,Ustalık Zindanı: Unutulmuş Miras IV,tr-TR
Dominio della maestria: Eremo I,Ustalık Zindanı: İnziva I,tr-TR
Dominio della maestria: Eremo II,Ustalık Zindanı: İnziva II,tr-TR
Dominio della maestria: Eremo III,Ustalık Zindanı: İnziva III,tr-TR
Dominio della maestria: Eremo IV,Ustalık Zindanı: İnziva IV,tr-TR
Dominio della maestria: Litania risonante I,Ustalık Zindanı: Ahenkli Okuma I,tr-TR
Dominio della maestria: Litania risonante II,Ustalık Zindanı: Ahenkli Okuma II,tr-TR
Dominio della maestria: Litania risonante III,Ustalık Zindanı: Ahenkli Okuma III,tr-TR
Dominio della maestria: Litania risonante IV,Ustalık Zindanı: Ahenkli Okuma IV,tr-TR
Dominio della maestria: Luna piena I,Ustalık Zindanı: Dolunay I,tr-TR
Dominio della maestria: Luna piena II,Ustalık Zindanı: Dolunay II,tr-TR
Dominio della maestria: Luna piena III,Ustalık Zindanı: Dolunay III,tr-TR
Dominio della maestria: Luna piena IV,Ustalık Zindanı: Dolunay IV,tr-TR
Dominio della maestria: Moltitudine illusoria I,Ustalık Zindanı: Sayısız Yanılsama I,tr-TR
Dominio della maestria: Moltitudine illusoria II,Ustalık Zindanı: Sayısız Yanılsama II,tr-TR
Dominio della maestria: Moltitudine illusoria III,Ustalık Zindanı: Sayısız Yanılsama III,tr-TR
Dominio della maestria: Moltitudine illusoria IV,Ustalık Zindanı: Sayısız Yanılsama IV,tr-TR
Dominio della maestria: Monito scolpito I,Ustalık Zindanı: Uyarı Yazıtı I,tr-TR
Dominio della maestria: Monito scolpito II,Ustalık Zindanı: Uyarı Yazıtı II,tr-TR
Dominio della maestria: Monito scolpito III,Ustalık Zindanı: Uyarı Yazıtı III,tr-TR
Dominio della maestria: Monito scolpito IV,Ustalık Zindanı: Uyarı Yazıtı IV,tr-TR
Dominio della maestria: Regno dormiente I,Ustalık Zindanı: Uyku Diyarı I,tr-TR
Dominio della maestria: Regno dormiente II,Ustalık Zindanı: Uyku Diyarı II,tr-TR
Dominio della maestria: Regno dormiente III,Ustalık Zindanı: Uyku Diyarı III,tr-TR
Dominio della maestria: Regno dormiente IV,Ustalık Zindanı: Uyku Diyarı IV,tr-TR
Dominio della maestria: Regno floreale I,Ustalık Zindanı: Mor Saltanat I,tr-TR
Dominio della maestria: Regno floreale II,Ustalık Zindanı: Mor Saltanat II,tr-TR
Dominio della maestria: Regno floreale III,Ustalık Zindanı: Mor Saltanat III,tr-TR
Dominio della maestria: Regno floreale IV,Ustalık Zindanı: Mor Saltanat IV,tr-TR
Dominio della maestria: Riconversione I,Ustalık Zindanı: Yüce Dönüş I,tr-TR
Dominio della maestria: Riconversione II,Ustalık Zindanı: Yüce Dönüş II,tr-TR
Dominio della maestria: Riconversione III,Ustalık Zindanı: Yüce Dönüş III,tr-TR
Dominio della maestria: Riconversione IV,Ustalık Zindanı: Yüce Dönüş IV,tr-TR
Dominio della maestria: Rime ritmiche I,Ustalık Zindanı: Ritmin Ahengi I,tr-TR
Dominio della maestria: Rime ritmiche II,Ustalık Zindanı: Ritmin Ahengi II,tr-TR
Dominio della maestria: Rime ritmiche III,Ustalık Zindanı: Ritmin Ahengi III,tr-TR
Dominio della maestria: Rime ritmiche IV,Ustalık Zindanı: Ritmin Ahengi IV,tr-TR
Dominio della maestria: Ritorno I,Ustalık Zindanı: Geri Dönüş I,tr-TR
Dominio della maestria: Ritorno II,Ustalık Zindanı: Geri Dönüş II,tr-TR
Dominio della maestria: Ritorno III,Ustalık Zindanı: Geri Dönüş III,tr-TR
Dominio della maestria: Ritorno IV,Ustalık Zindanı: Geri Dönüş IV,tr-TR
Dominio della maestria: Rovine infestate dai rampicanti I,Ustalık Zindanı: Asmalı Harabeler I,tr-TR
Dominio della maestria: Rovine infestate dai rampicanti II,Ustalık Zindanı: Asmalı Harabeler II,tr-TR
Dominio della maestria: Rovine infestate dai rampicanti III,Ustalık Zindanı: Asmalı Harabeler III,tr-TR
Dominio della maestria: Rovine infestate dai rampicanti IV,Ustalık Zindanı: Asmalı Harabeler IV,tr-TR
Dominio della maestria: Trespolo capovolto I,Ustalık Zindanı: Dağılan Yuva I,tr-TR
Dominio della maestria: Trespolo capovolto II,Ustalık Zindanı: Dağılan Yuva II,tr-TR
Dominio della maestria: Trespolo capovolto III,Ustalık Zindanı: Dağılan Yuva III,tr-TR
Dominio della maestria: Trespolo capovolto IV,Ustalık Zindanı: Dağılan Yuva IV,tr-TR
Dominio della maestria: Tripitaka I,Ustalık Zindanı: Disiplin I,tr-TR
Dominio della maestria: Tripitaka II,Ustalık Zindanı: Disiplin II,tr-TR
Dominio della maestria: Tripitaka III,Ustalık Zindanı: Disiplin III,tr-TR
Dominio della maestria: Tripitaka IV,Ustalık Zindanı: Disiplin IV,tr-TR
Dominio della maestria: Valle del tuono I,Ustalık Zindanı: Uğultulu Vadi I,tr-TR
Dominio della maestria: Valle del tuono II,Ustalık Zindanı: Uğultulu Vadi II,tr-TR
Dominio della maestria: Valle del tuono III,Ustalık Zindanı: Uğultulu Vadi III,tr-TR
Dominio della maestria: Valle del tuono IV,Ustalık Zindanı: Uğultulu Vadi IV,tr-TR
Dominio della maestria: Visione condivisa I,Ustalık Zindanı: Ortak Vizyon I,tr-TR
Dominio della maestria: Visione condivisa II,Ustalık Zindanı: Ortak Vizyon II,tr-TR
Dominio della maestria: Visione condivisa III,Ustalık Zindanı: Ortak Vizyon III,tr-TR
Dominio della maestria: Visione condivisa IV,Ustalık Zindanı: Ortak Vizyon IV,tr-TR
Domínio da Benção: Cidadela do Deserto I,Yadigar Zindanı: Çöl Hisarı I,tr-TR
Domínio da Benção: Cidadela do Deserto II,Yadigar Zindanı: Çöl Hisarı II,tr-TR
Domínio da Benção: Cidadela do Deserto III,Yadigar Zindanı: Çöl Hisarı III,tr-TR
Domínio da Benção: Cidadela do Deserto IV,Yadigar Zindanı: Çöl Hisarı IV,tr-TR
Domínio da Benção: Derivações das Profundezas IV,Yadigar Zindanı: Derin Sirayet IV,tr-TR
Domínio da Benção: Fortaleza Abandonada I,Yadigar Zindanı: Terkedilmiş Sur I,tr-TR
Domínio da Benção: Fortaleza Abandonada II,Yadigar Zindanı: Terkedilmiş Sur II,tr-TR
Domínio da Benção: Fortaleza Abandonada III,Yadigar Zindanı: Terkedilmiş Sur III,tr-TR
Domínio da Benção: Fortaleza Abandonada IV,Yadigar Zindanı: Terkedilmiş Sur IV,tr-TR
Domínio da Benção: Harmonia I,Yadigar Zindanı: Uyum I,tr-TR
Domínio da Benção: Harmonia II,Yadigar Zindanı: Uyum II,tr-TR
Domínio da Benção: Harmonia III,Yadigar Zindanı: Uyum III,tr-TR
Domínio da Benção: Harmonia IV,Yadigar Zindanı: Uyum IV,tr-TR
Domínio da Benção: Inabalável I,Yadigar Zindanı: Boyun Eğmez I,tr-TR
Domínio da Benção: Inabalável II,Yadigar Zindanı: Boyun Eğmez II,tr-TR
Domínio da Benção: Inabalável III,Yadigar Zindanı: Boyun Eğmez III,tr-TR
Domínio da Benção: Inabalável IV,Yadigar Zindanı: Boyun Eğmez IV,tr-TR
Domínio da Benção: Necrópolis I,Yadigar Zindanı: Kabristan I,tr-TR
Domínio da Benção: Necrópolis II,Yadigar Zindanı: Kabristan II,tr-TR
Domínio da Benção: Necrópolis III,Yadigar Zindanı: Kabristan III,tr-TR
Domínio da Benção: Necrópolis IV,Yadigar Zindanı: Kabristan IV,tr-TR
Domínio da Benção: Sete Sentidos I,Yadigar Zindanı: Yedi Duyu I,tr-TR
Domínio da Benção: Sete Sentidos II,Yadigar Zindanı: Yedi Duyu II,tr-TR
Domínio da Benção: Sete Sentidos III,Yadigar Zindanı: Yedi Duyu III,tr-TR
Domínio da Benção: Sete Sentidos IV,Yadigar Zindanı: Yedi Duyu IV,tr-TR
Domínio da Bênção: Assembleia Destruída I,Yadigar Zindanı: Parçalanmış Salon I,tr-TR
Domínio da Bênção: Assembleia Destruída II,Yadigar Zindanı: Parçalanmış Salon II,tr-TR
Domínio da Bênção: Assembleia Destruída III,Yadigar Zindanı: Parçalanmış Salon III,tr-TR
Domínio da Bênção: Assembleia Destruída IV,Yadigar Zindanı: Parçalanmış Salon IV,tr-TR
Domínio da Bênção: Banquete das Flores I,Yadigar Zindanı: Çiçek Şöleni I,tr-TR
Domínio da Bênção: Banquete das Flores II,Yadigar Zindanı: Çiçek Şöleni II,tr-TR
Domínio da Bênção: Banquete das Flores III,Yadigar Zindanı: Çiçek Şöleni III,tr-TR
Domínio da Bênção: Banquete das Flores IV,Yadigar Zindanı: Çiçek Şöleni IV,tr-TR
Domínio da Bênção: Caça dos Bordos I,Yadigar Zindanı: Sonbahar Avı I,tr-TR
Domínio da Bênção: Caça dos Bordos II,Yadigar Zindanı: Sonbahar Avı II,tr-TR
Domínio da Bênção: Caça dos Bordos III,Yadigar Zindanı: Sonbahar Avı III,tr-TR
Domínio da Bênção: Caça dos Bordos IV,Yadigar Zindanı: Sonbahar Avı IV,tr-TR
Domínio da Bênção: Chamas Devoradoras I,Yadigar Zindanı: Alev Meydanı I,tr-TR
Domínio da Bênção: Chamas Devoradoras II,Yadigar Zindanı: Alev Meydanı II,tr-TR
Domínio da Bênção: Chamas Devoradoras III,Yadigar Zindanı: Alev Meydanı III,tr-TR
Domínio da Bênção: Chamas Devoradoras IV,Yadigar Zindanı: Alev Meydanı IV,tr-TR
Domínio da Bênção: Chamas da Purificação I,Yadigar Zindanı: Arınma Ateşi I,tr-TR
Domínio da Bênção: Chamas da Purificação II,Yadigar Zindanı: Arınma Ateşi II,tr-TR
Domínio da Bênção: Chamas da Purificação III,Yadigar Zindanı: Arınma Ateşi III,tr-TR
Domínio da Bênção: Chamas da Purificação IV,Yadigar Zindanı: Arınma Ateşi IV,tr-TR
Domínio da Bênção: Chamas da Purificação V,Yadigar Zindanı: Arınma Ateşi V,tr-TR
Domínio da Bênção: Chamas da Purificação VI,Yadigar Zindanı: Arınma Ateşi VI,tr-TR
Domínio da Bênção: Cofre Sagrado I,Yadigar Zindanı: Kutsal Sığınak I,tr-TR
Domínio da Bênção: Cofre Sagrado II,Yadigar Zindanı: Kutsal Sığınak II,tr-TR
Domínio da Bênção: Cofre Sagrado III,Yadigar Zindanı: Kutsal Sığınak III,tr-TR
Domínio da Bênção: Cofre Sagrado IV,Yadigar Zindanı: Kutsal Sığınak IV,tr-TR
Domínio da Bênção: Dança de Aço I,Yadigar Zindanı: Çelik Dansı I,tr-TR
Domínio da Bênção: Dança de Aço II,Yadigar Zindanı: Çelik Dansı II,tr-TR
Domínio da Bênção: Dança de Aço IV,Yadigar Zindanı: Çelik Dansı IV,tr-TR
Domínio da Bênção: Dança de Aço V,Yadigar Zindanı: Çelik Dansı V,tr-TR
Domínio da Bênção: Dança de Metal III,Yadigar Zindanı: Çelik Dansı III,tr-TR
Domínio da Bênção: Derivações das Profundezas I,Yadigar Zindanı: Derin Sirayet I,tr-TR
Domínio da Bênção: Derivações das Profundezas II,Yadigar Zindanı: Derin Sirayet II,tr-TR
Domínio da Bênção: Derivações das Profundezas III,Yadigar Zindanı: Derin Sirayet III,tr-TR
Domínio da Bênção: Estrutura Abissal Flamejante I,Yadigar Zindanı: Derin Ateş Yapısı I,tr-TR
Domínio da Bênção: Estrutura Abissal Flamejante II,Yadigar Zindanı: Derin Ateş Yapısı II,tr-TR
Domínio da Bênção: Estrutura Abissal Flamejante III,Yadigar Zindanı: Derin Ateş Yapısı III,tr-TR
Domínio da Bênção: Estrutura Abissal Flamejante IV,Yadigar Zindanı: Derin Ateş Yapısı IV,tr-TR
Domínio da Bênção: Fogo Devastador I,Yadigar Zindanı: Kükreyen Alev I,tr-TR
Domínio da Bênção: Fogo Devastador II,Yadigar Zindanı: Kükreyen Alev II,tr-TR
Domínio da Bênção: Fogo Devastador III,Yadigar Zindanı: Kükreyen Alev III,tr-TR
Domínio da Bênção: Fogo Devastador IV,Yadigar Zindanı: Kükreyen Alev IV,tr-TR
Domínio da Bênção: Frio Penetrante I,Yadigar Zindanı: Buz Aşınması I,tr-TR
Domínio da Bênção: Frio Penetrante II,Yadigar Zindanı: Buz Aşınması II,tr-TR
Domínio da Bênção: Frio Penetrante III,Yadigar Zindanı: Buz Aşınması III,tr-TR
Domínio da Bênção: Frio Penetrante IV,Yadigar Zindanı: Buz Aşınması IV,tr-TR
Domínio da Bênção: Neve Pronunciadora da Morte I,Yadigar Zindanı: Elemli Kırağı I,tr-TR
Domínio da Bênção: Neve Pronunciadora da Morte II,Yadigar Zindanı: Elemli Kırağı II,tr-TR
Domínio da Bênção: Neve Pronunciadora da Morte III,Yadigar Zindanı: Elemli Kırağı III,tr-TR
Domínio da Bênção: Neve Pronunciadora da Morte IV,Yadigar Zindanı: Elemli Kırağı IV,tr-TR
Domínio da Bênção: Ninho de Máquinas I,Yadigar Zindanı: Makina Yuvası I,tr-TR
Domínio da Bênção: Ninho de Máquinas II,Yadigar Zindanı: Makina Yuvası II,tr-TR
Domínio da Bênção: Ninho de Máquinas III,Yadigar Zindanı: Makina Yuvası III,tr-TR
Domínio da Bênção: Ninho de Máquinas IV,Yadigar Zindanı: Makina Yuvası IV,tr-TR
Domínio da Bênção: Primavera I,Yadigar Zindanı: İlkbahar I,tr-TR
Domínio da Bênção: Primavera II,Yadigar Zindanı: İlkbahar II,tr-TR
Domínio da Bênção: Primavera III,Yadigar Zindanı: İlkbahar III,tr-TR
Domínio da Bênção: Primavera IV,Yadigar Zindanı: İlkbahar IV,tr-TR
Domínio da Bênção: Primavera V,Yadigar Zindanı: İlkbahar V,tr-TR
Domínio da Bênção: Primavera VI,Yadigar Zindanı: İlkbahar VI,tr-TR
Domínio da Bênção: Prisão de Pedra I,Yadigar Zindanı: Taş Oda I,tr-TR
Domínio da Bênção: Prisão de Pedra II,Yadigar Zindanı: Taş Oda II,tr-TR
Domínio da Bênção: Prisão de Pedra III,Yadigar Zindanı: Taş Oda III,tr-TR
Domínio da Bênção: Variação I,Yadigar Zindanı: Çeşitlilik I,tr-TR
Domínio da Bênção: Variação II,Yadigar Zindanı: Çeşitlilik II,tr-TR
Domínio da Bênção: Variação III,Yadigar Zindanı: Çeşitlilik III,tr-TR
Domínio da Bênção: Variação IV,Yadigar Zindanı: Çeşitlilik IV,tr-TR
Domínio da Forja: A Cidade das Reflexões I,Döküm Zindanı: Yansımalar Şehri I,tr-TR
Domínio da Forja: A Cidade das Reflexões II,Döküm Zindanı: Yansımalar Şehri II,tr-TR
Domínio da Forja: A Cidade das Reflexões III,Döküm Zindanı: Yansımalar Şehri III,tr-TR
Domínio da Forja: A Cidade das Reflexões IV,Döküm Zindanı: Yansımalar Şehri IV,tr-TR
Domínio da Forja: Altar da Areia I,Döküm Zindanı: Kum Sunağı I,tr-TR
Domínio da Forja: Altar da Areia II,Döküm Zindanı: Kum Sunağı II,tr-TR
Domínio da Forja: Altar da Areia III,Döküm Zindanı: Kum Sunağı III,tr-TR
Domínio da Forja: Altar da Areia IV,Döküm Zindanı: Kum Sunağı IV,tr-TR
Domínio da Forja: Altar das Tempestades I,Döküm Zindanı: Fırtına Sunağı I,tr-TR
Domínio da Forja: Altar das Tempestades II,Döküm Zindanı: Fırtına Sunağı II,tr-TR
Domínio da Forja: Altar das Tempestades III,Döküm Zindanı: Fırtına Sunağı III,tr-TR
Domínio da Forja: Altar das Tempestades IV,Döküm Zindanı: Fırtına Sunağı IV,tr-TR
Domínio da Forja: Artesanato I,Döküm Zindanı: İşçilik I,tr-TR
Domínio da Forja: Artesanato II,Döküm Zindanı: İşçilik II,tr-TR
Domínio da Forja: Artesanato III,Döküm Zindanı: İşçilik III,tr-TR
Domínio da Forja: Artesanato IV,Döküm Zindanı: İşçilik IV,tr-TR
Domínio da Forja: Aço Rompido I,Döküm Zindanı: Kesik Çelik I,tr-TR
Domínio da Forja: Aço Rompido II,Döküm Zindanı: Kesik Çelik II,tr-TR
Domínio da Forja: Aço Rompido III,Döküm Zindanı: Kesik Çelik III,tr-TR
Domínio da Forja: Aço Rompido IV,Döküm Zindanı: Kesik Çelik IV,tr-TR
Domínio da Forja: Campo de Treinamento do Trovão I,Döküm Zindanı: Yıldırım İmtihanı Alanı I,tr-TR
Domínio da Forja: Campo de Treinamento do Trovão II,Döküm Zindanı: Yıldırım İmtihanı Alanı II,tr-TR
Domínio da Forja: Campo de Treinamento do Trovão III,Döküm Zindanı: Yıldırım İmtihanı Alanı III,tr-TR
Domínio da Forja: Campo de Treinamento do Trovão IV,Döküm Zindanı: Yıldırım İmtihanı Alanı IV,tr-TR
Domínio da Forja: Capital Sedenta I,Döküm Zindanı: Susuz Şehrin Harabeleri I,tr-TR
Domínio da Forja: Capital Sedenta II,Döküm Zindanı: Susuz Şehrin Harabeleri II,tr-TR
Domínio da Forja: Capital Sedenta III,Döküm Zindanı: Susuz Şehrin Harabeleri III,tr-TR
Domínio da Forja: Capital Sedenta IV,Döküm Zindanı: Susuz Şehrin Harabeleri IV,tr-TR
Domínio da Forja: Consciência Robótica I,Döküm Zindanı: Robot Aklı I,tr-TR
Domínio da Forja: Consciência Robótica II,Döküm Zindanı: Robot Aklı II,tr-TR
Domínio da Forja: Consciência Robótica III,Döküm Zindanı: Robot Aklı III,tr-TR
Domínio da Forja: Consciência Robótica IV,Döküm Zindanı: Robot Aklı IV,tr-TR
Domínio da Forja: Corrente de Trilho I,Döküm Zindanı: Zincirleme Yollar I,tr-TR
Domínio da Forja: Corrente de Trilho II,Döküm Zindanı: Zincirleme Yollar II,tr-TR
Domínio da Forja: Corrente de Trilho III,Döküm Zindanı: Zincirleme Yollar III,tr-TR
Domínio da Forja: Corrente de Trilho IV,Döküm Zindanı: Zincirleme Yollar IV,tr-TR
Domínio da Forja: Esplendor Radiante I,Döküm Zindanı: Göz Kamaştıran İhtişam I,tr-TR
Domínio da Forja: Esplendor Radiante II,Döküm Zindanı: Göz Kamaştıran İhtişam II,tr-TR
Domínio da Forja: Esplendor Radiante III,Döküm Zindanı: Göz Kamaştıran İhtişam III,tr-TR
Domínio da Forja: Esplendor Radiante IV,Döküm Zindanı: Göz Kamaştıran İhtişam IV,tr-TR
Domínio da Forja: Estimativa I,Döküm Zindanı: Tahmin I,tr-TR
Domínio da Forja: Estimativa II,Döküm Zindanı: Tahmin II,tr-TR
Domínio da Forja: Estimativa III,Döküm Zindanı: Tahmin III,tr-TR
Domínio da Forja: Estimativa IV,Döküm Zindanı: Tahmin IV,tr-TR
Domínio da Forja: Ferro Fundido I,Döküm Zindanı: Dökme Demir I,tr-TR
Domínio da Forja: Ferro Fundido II,Döküm Zindanı: Dökme Demir II,tr-TR
Domínio da Forja: Ferro Fundido III,Döküm Zindanı: Dökme Demir III,tr-TR
Domínio da Forja: Ferro Fundido IV,Döküm Zindanı: Dökme Demir IV,tr-TR
Domínio da Forja: Grãos das Profundezas I,Döküm Zindanı: Kum Bataklığı I,tr-TR
Domínio da Forja: Grãos das Profundezas II,Döküm Zindanı: Kum Bataklığı II,tr-TR
Domínio da Forja: Grãos das Profundezas III,Döküm Zindanı: Kum Bataklığı III,tr-TR
Domínio da Forja: Grãos das Profundezas IV,Döküm Zindanı: Kum Bataklığı IV,tr-TR
Domínio da Forja: Hino de Preces I,Döküm Zindanı: Okunan Dualar I,tr-TR
Domínio da Forja: Hino de Preces II,Döküm Zindanı: Okunan Dualar II,tr-TR
Domínio da Forja: Hino de Preces III,Döküm Zindanı: Okunan Dualar III,tr-TR
Domínio da Forja: Hino de Preces IV,Döküm Zindanı: Okunan Dualar IV,tr-TR
Domínio da Forja: Mecanismos Engenhosos I,Döküm Zindanı: Tuhaf Mekanizmalar I,tr-TR
Domínio da Forja: Mecanismos Engenhosos II,Döküm Zindanı: Tuhaf Mekanizmalar II,tr-TR
Domínio da Forja: Mecanismos Engenhosos III,Döküm Zindanı: Tuhaf Mekanizmalar III,tr-TR
Domínio da Forja: Mecanismos Engenhosos IV,Döküm Zindanı: Tuhaf Mekanizmalar IV,tr-TR
Domínio da Forja: Nuvens Contaminadas I,Döküm Zindanı: Lekeli Bulutlar I,tr-TR
Domínio da Forja: Nuvens Contaminadas II,Döküm Zindanı: Lekeli Bulutlar II,tr-TR
Domínio da Forja: Nuvens Contaminadas III,Döküm Zindanı: Lekeli Bulutlar III,tr-TR
Domínio da Forja: Nuvens Contaminadas IV,Döküm Zindanı: Lekeli Bulutlar IV,tr-TR
Domínio da Forja: O Vale Submerso I,Döküm Zindanı: Batık Vadi I,tr-TR
Domínio da Forja: O Vale Submerso II,Döküm Zindanı: Batık Vadi II,tr-TR
Domínio da Forja: O Vale Submerso III,Döküm Zindanı: Batık Vadi III,tr-TR
Domínio da Forja: O Vale Submerso IV,Döküm Zindanı: Batık Vadi IV,tr-TR
Domínio da Forja: Oblação Lunar I,Döküm Zindanı: Ay Adağı I,tr-TR
Domínio da Forja: Oblação Lunar II,Döküm Zindanı: Ay Adağı II,tr-TR
Domínio da Forja: Oblação Lunar III,Döküm Zindanı: Ay Adağı III,tr-TR
Domínio da Forja: Oblação Lunar IV,Döküm Zindanı: Ay Adağı IV,tr-TR
Domínio da Forja: Observação Profunda I,Döküm Zindanı: Dikkatli Gözlem I,tr-TR
Domínio da Forja: Observação Profunda II,Döküm Zindanı: Dikkatli Gözlem II,tr-TR
Domínio da Forja: Observação Profunda III,Döküm Zindanı: Dikkatli Gözlem III,tr-TR
Domínio da Forja: Observação Profunda IV,Döküm Zindanı: Dikkatli Gözlem IV,tr-TR
Domínio da Forja: Obsessão I,Döküm Zindanı: Takıntı I,tr-TR
Domínio da Forja: Obsessão II,Döküm Zindanı: Takıntı II,tr-TR
Domínio da Forja: Obsessão III,Döküm Zindanı: Takıntı III,tr-TR
Domínio da Forja: Obsessão IV,Döküm Zindanı: Takıntı IV,tr-TR
Domínio da Forja: Prarabdha Karma I,Döküm Zindanı: Öncü Karma I,tr-TR
Domínio da Forja: Prarabdha Karma II,Döküm Zindanı: Öncü Karma II,tr-TR
Domínio da Forja: Prarabdha Karma III,Döküm Zindanı: Öncü Karma III,tr-TR
Domínio da Forja: Prarabdha Karma IV,Döküm Zindanı: Öncü Karma IV,tr-TR
Domínio da Forja: Ruínas Estrondosas I,Döküm Zindanı: Gürleyen Harabeler I,tr-TR
Domínio da Forja: Ruínas Estrondosas II,Döküm Zindanı: Gürleyen Harabeler II,tr-TR
Domínio da Forja: Ruínas Estrondosas III,Döküm Zindanı: Gürleyen Harabeler III,tr-TR
Domínio da Forja: Ruínas Estrondosas IV,Döküm Zindanı: Gürleyen Harabeler IV,tr-TR
Domínio da Forja: Sepultura da Areia Movediça I,Döküm Zindanı: Kum Mezarı I,tr-TR
Domínio da Forja: Sepultura da Areia Movediça II,Döküm Zindanı: Kum Mezarı II,tr-TR
Domínio da Forja: Sepultura da Areia Movediça III,Döküm Zindanı: Kum Mezarı III,tr-TR
Domínio da Forja: Sepultura da Areia Movediça IV,Döküm Zindanı: Kum Mezarı IV,tr-TR
Domínio da Forja: Visão do Submundo I,Döküm Zindanı: Kehanet Yansımaları I,tr-TR
Domínio da Forja: Visão do Submundo II,Döküm Zindanı: Kehanet Yansımaları II,tr-TR
Domínio da Forja: Visão do Submundo III,Döküm Zindanı: Kehanet Yansımaları III,tr-TR
Domínio da Forja: Visão do Submundo IV,Döküm Zindanı: Kehanet Yansımaları IV,tr-TR
Domínio da Proficiência: Abismo Congelado I,Ustalık Zindanı: Donmuş Hiçlik I,tr-TR
Domínio da Proficiência: Abismo Congelado II,Ustalık Zindanı: Donmuş Hiçlik II,tr-TR
Domínio da Proficiência: Abismo Congelado III,Ustalık Zindanı: Donmuş Hiçlik III,tr-TR
Domínio da Proficiência: Abismo Congelado IV,Ustalık Zindanı: Donmuş Hiçlik IV,tr-TR
Domínio da Proficiência: Alienação I,Ustalık Zindanı: Sayısız Yanılsama I,tr-TR
Domínio da Proficiência: Alienação II,Ustalık Zindanı: Sayısız Yanılsama II,tr-TR
Domínio da Proficiência: Alienação III,Ustalık Zindanı: Sayısız Yanılsama III,tr-TR
Domínio da Proficiência: Alienação IV,Ustalık Zindanı: Sayısız Yanılsama IV,tr-TR
Domínio da Proficiência: Altar Congelado I,Ustalık Zindanı: Donuk Sunak I,tr-TR
Domínio da Proficiência: Altar Congelado II,Ustalık Zindanı: Donuk Sunak II,tr-TR
Domínio da Proficiência: Altar Congelado III,Ustalık Zindanı: Donuk Sunak III,tr-TR
Domínio da Proficiência: Altar Congelado IV,Ustalık Zindanı: Donuk Sunak IV,tr-TR
Domínio da Proficiência: Altar das Chamas I,Ustalık Zindanı: Alaz Sunağı I,tr-TR
Domínio da Proficiência: Altar das Chamas II,Ustalık Zindanı: Alaz Sunağı II,tr-TR
Domínio da Proficiência: Altar das Chamas III,Ustalık Zindanı: Alaz Sunağı III,tr-TR
Domínio da Proficiência: Altar das Chamas IV,Ustalık Zindanı: Alaz Sunağı IV,tr-TR
Domínio da Proficiência: Cidade Abandonada ao Kudzu I,Ustalık Zindanı: Asmalı Harabeler I,tr-TR
Domínio da Proficiência: Cidade Abandonada ao Kudzu II,Ustalık Zindanı: Asmalı Harabeler II,tr-TR
Domínio da Proficiência: Cidade Abandonada ao Kudzu III,Ustalık Zindanı: Asmalı Harabeler III,tr-TR
Domínio da Proficiência: Cidade Abandonada ao Kudzu IV,Ustalık Zindanı: Asmalı Harabeler IV,tr-TR
Domínio da Proficiência: Cidade Caída I,Ustalık Zindanı: Düşmüş Şehir I,tr-TR
Domínio da Proficiência: Cidade Caída II,Ustalık Zindanı: Düşmüş Şehir II,tr-TR
Domínio da Proficiência: Cidade Caída III,Ustalık Zindanı: Düşmüş Şehir III,tr-TR
Domínio da Proficiência: Cidade Caída IV,Ustalık Zindanı: Düşmüş Şehir IV,tr-TR
Domínio da Proficiência: Contemplação I,Ustalık Zindanı: Tefekkür I,tr-TR
Domínio da Proficiência: Contemplação II,Ustalık Zindanı: Tefekkür II,tr-TR
Domínio da Proficiência: Contemplação III,Ustalık Zindanı: Tefekkür III,tr-TR
Domínio da Proficiência: Contemplação IV,Ustalık Zindanı: Tefekkür IV,tr-TR
Domínio da Proficiência: Coração das Chamas I,Ustalık Zindanı: Alevin Kalbi I,tr-TR
Domínio da Proficiência: Coração das Chamas II,Ustalık Zindanı: Alevin Kalbi II,tr-TR
Domínio da Proficiência: Coração das Chamas IV,Ustalık Zindanı: Alevin Kalbi IV,tr-TR
Domínio da Proficiência: Coração de Chamas III,Ustalık Zindanı: Alevin Kalbi III,tr-TR
Domínio da Proficiência: Cânone Páli I,Ustalık Zindanı: Disiplin I,tr-TR
Domínio da Proficiência: Cânone Páli II,Ustalık Zindanı: Disiplin II,tr-TR
Domínio da Proficiência: Cânone Páli III,Ustalık Zindanı: Disiplin III,tr-TR
Domínio da Proficiência: Cânone Páli IV,Ustalık Zindanı: Disiplin IV,tr-TR
Domínio da Proficiência: Círculo de Chamas I,Ustalık Zindanı: Kor Çemberi I,tr-TR
Domínio da Proficiência: Círculo de Chamas II,Ustalık Zindanı: Kor Çemberi II,tr-TR
Domínio da Proficiência: Círculo de Chamas III,Ustalık Zindanı: Kor Çemberi III,tr-TR
Domínio da Proficiência: Círculo de Chamas IV,Ustalık Zindanı: Kor Çemberi IV,tr-TR
Domínio da Proficiência: Eremitério I,Ustalık Zindanı: İnziva I,tr-TR
Domínio da Proficiência: Eremitério II,Ustalık Zindanı: İnziva II,tr-TR
Domínio da Proficiência: Eremitério III,Ustalık Zindanı: İnziva III,tr-TR
Domínio da Proficiência: Eremitério IV,Ustalık Zindanı: İnziva IV,tr-TR
Domínio da Proficiência: Legado Sombrio I,Ustalık Zindanı: Unutulmuş Miras I,tr-TR
Domínio da Proficiência: Legado Sombrio II,Ustalık Zindanı: Unutulmuş Miras II,tr-TR
Domínio da Proficiência: Legado Sombrio III,Ustalık Zindanı: Unutulmuş Miras III,tr-TR
Domínio da Proficiência: Legado Sombrio IV,Ustalık Zindanı: Unutulmuş Miras IV,tr-TR
Domínio da Proficiência: Lua Cheia I,Ustalık Zindanı: Dolunay I,tr-TR
Domínio da Proficiência: Lua Cheia II,Ustalık Zindanı: Dolunay II,tr-TR
Domínio da Proficiência: Lua Cheia III,Ustalık Zindanı: Dolunay III,tr-TR
Domínio da Proficiência: Lua Cheia IV,Ustalık Zindanı: Dolunay IV,tr-TR
Domínio da Proficiência: País Violeta I,Ustalık Zindanı: Mor Saltanat I,tr-TR
Domínio da Proficiência: País Violeta II,Ustalık Zindanı: Mor Saltanat II,tr-TR
Domínio da Proficiência: País Violeta III,Ustalık Zindanı: Mor Saltanat III,tr-TR
Domínio da Proficiência: País Violeta IV,Ustalık Zindanı: Mor Saltanat IV,tr-TR
Domínio da Proficiência: Poleiro Virado I,Ustalık Zindanı: Dağılan Yuva I,tr-TR
Domínio da Proficiência: Poleiro Virado II,Ustalık Zindanı: Dağılan Yuva II,tr-TR
Domínio da Proficiência: Poleiro Virado III,Ustalık Zindanı: Dağılan Yuva III,tr-TR
Domínio da Proficiência: Poleiro Virado IV,Ustalık Zindanı: Dağılan Yuva IV,tr-TR
Domínio da Proficiência: Recital Cristalino I,Ustalık Zindanı: Ahenkli Okuma I,tr-TR
Domínio da Proficiência: Recital Cristalino II,Ustalık Zindanı: Ahenkli Okuma II,tr-TR
Domínio da Proficiência: Recital Cristalino III,Ustalık Zindanı: Ahenkli Okuma III,tr-TR
Domínio da Proficiência: Recital Cristalino IV,Ustalık Zindanı: Ahenkli Okuma IV,tr-TR
Domínio da Proficiência: Reino do Sono I,Ustalık Zindanı: Uyku Diyarı I,tr-TR
Domínio da Proficiência: Reino do Sono II,Ustalık Zindanı: Uyku Diyarı II,tr-TR
Domínio da Proficiência: Reino do Sono III,Ustalık Zindanı: Uyku Diyarı III,tr-TR
Domínio da Proficiência: Reino do Sono IV,Ustalık Zindanı: Uyku Diyarı IV,tr-TR
Domínio da Proficiência: Retorno I,Ustalık Zindanı: Geri Dönüş I,tr-TR
Domínio da Proficiência: Retorno II,Ustalık Zindanı: Geri Dönüş II,tr-TR
Domínio da Proficiência: Retorno III,Ustalık Zindanı: Geri Dönüş III,tr-TR
Domínio da Proficiência: Retorno IV,Ustalık Zindanı: Geri Dönüş IV,tr-TR
Domínio da Proficiência: Retórica I,Ustalık Zindanı: Uyarı Yazıtı I,tr-TR
Domínio da Proficiência: Retórica II,Ustalık Zindanı: Uyarı Yazıtı II,tr-TR
Domínio da Proficiência: Retórica III,Ustalık Zindanı: Uyarı Yazıtı III,tr-TR
Domínio da Proficiência: Retórica IV,Ustalık Zindanı: Uyarı Yazıtı IV,tr-TR
Domínio da Proficiência: Ritmo Melódico I,Ustalık Zindanı: Ritmin Ahengi I,tr-TR
Domínio da Proficiência: Ritmo Melódico II,Ustalık Zindanı: Ritmin Ahengi II,tr-TR
Domínio da Proficiência: Ritmo Melódico III,Ustalık Zindanı: Ritmin Ahengi III,tr-TR
Domínio da Proficiência: Ritmo Melódico IV,Ustalık Zindanı: Ritmin Ahengi IV,tr-TR
Domínio da Proficiência: Sarcasmo I,Ustalık Zindanı: Nükte I,tr-TR
Domínio da Proficiência: Sarcasmo II,Ustalık Zindanı: Nükte II,tr-TR
Domínio da Proficiência: Sarcasmo III,Ustalık Zindanı: Nükte III,tr-TR
Domínio da Proficiência: Sarcasmo IV,Ustalık Zindanı: Nükte IV,tr-TR
Domínio da Proficiência: Transição I,Ustalık Zindanı: Yüce Dönüş I,tr-TR
Domínio da Proficiência: Transição II,Ustalık Zindanı: Yüce Dönüş II,tr-TR
Domínio da Proficiência: Transição III,Ustalık Zindanı: Yüce Dönüş III,tr-TR
Domínio da Proficiência: Transição IV,Ustalık Zindanı: Yüce Dönüş IV,tr-TR
Domínio da Proficiência: Vale dos Raios I,Ustalık Zindanı: Uğultulu Vadi I,tr-TR
Domínio da Proficiência: Vale dos Raios II,Ustalık Zindanı: Uğultulu Vadi II,tr-TR
Domínio da Proficiência: Vale dos Raios III,Ustalık Zindanı: Uğultulu Vadi III,tr-TR
Domínio da Proficiência: Vale dos Raios IV,Ustalık Zindanı: Uğultulu Vadi IV,tr-TR
Domínio da Proficiência: Visão Compartilhada I,Ustalık Zindanı: Ortak Vizyon I,tr-TR
Domínio da Proficiência: Visão Compartilhada II,Ustalık Zindanı: Ortak Vizyon II,tr-TR
Domínio da Proficiência: Visão Compartilhada III,Ustalık Zindanı: Ortak Vizyon III,tr-TR
Domínio da Proficiência: Visão Compartilhada IV,Ustalık Zindanı: Ortak Vizyon IV,tr-TR
Donjon d'entraînement : Acier tranché I,Döküm Zindanı: Kesik Çelik I,tr-TR
Donjon d'entraînement : Acier tranché II,Döküm Zindanı: Kesik Çelik II,tr-TR
Donjon d'entraînement : Acier tranché III,Döküm Zindanı: Kesik Çelik III,tr-TR
Donjon d'entraînement : Acier tranché IV,Döküm Zindanı: Kesik Çelik IV,tr-TR
Donjon d'entraînement : Artifice I,Döküm Zindanı: Tuhaf Mekanizmalar I,tr-TR
Donjon d'entraînement : Artifice II,Döküm Zindanı: Tuhaf Mekanizmalar II,tr-TR
Donjon d'entraînement : Artifice III,Döküm Zindanı: Tuhaf Mekanizmalar III,tr-TR
Donjon d'entraînement : Artifice IV,Döküm Zindanı: Tuhaf Mekanizmalar IV,tr-TR
Donjon d'entraînement : Artisanat I,Döküm Zindanı: İşçilik I,tr-TR
Donjon d'entraînement : Artisanat II,Döküm Zindanı: İşçilik II,tr-TR
Donjon d'entraînement : Artisanat III,Döküm Zindanı: İşçilik III,tr-TR
Donjon d'entraînement : Artisanat IV,Döküm Zindanı: İşçilik IV,tr-TR
Donjon d'entraînement : Autel des sables I,Döküm Zindanı: Kum Sunağı I,tr-TR
Donjon d'entraînement : Autel des sables II,Döküm Zindanı: Kum Sunağı II,tr-TR
Donjon d'entraînement : Autel des sables III,Döküm Zindanı: Kum Sunağı III,tr-TR
Donjon d'entraînement : Autel des sables IV,Döküm Zindanı: Kum Sunağı IV,tr-TR
Donjon d'entraînement : Autel du nuage d'orage I,Döküm Zindanı: Fırtına Sunağı I,tr-TR
Donjon d'entraînement : Autel du nuage d'orage II,Döküm Zindanı: Fırtına Sunağı II,tr-TR
Donjon d'entraînement : Autel du nuage d'orage III,Döküm Zindanı: Fırtına Sunağı III,tr-TR
Donjon d'entraînement : Autel du nuage d'orage IV,Döküm Zindanı: Fırtına Sunağı IV,tr-TR
Donjon d'entraînement : Capitale assoiffée I,Döküm Zindanı: Susuz Şehrin Harabeleri I,tr-TR
Donjon d'entraînement : Capitale assoiffée II,Döküm Zindanı: Susuz Şehrin Harabeleri II,tr-TR
Donjon d'entraînement : Capitale assoiffée III,Döküm Zindanı: Susuz Şehrin Harabeleri III,tr-TR
Donjon d'entraînement : Capitale assoiffée IV,Döküm Zindanı: Susuz Şehrin Harabeleri IV,tr-TR
Donjon d'entraînement : Enseveli dans les sables I,Döküm Zindanı: Kum Mezarı I,tr-TR
Donjon d'entraînement : Enseveli dans les sables II,Döküm Zindanı: Kum Mezarı II,tr-TR
Donjon d'entraînement : Enseveli dans les sables III,Döküm Zindanı: Kum Mezarı III,tr-TR
Donjon d'entraînement : Enseveli dans les sables IV,Döküm Zindanı: Kum Mezarı IV,tr-TR
Donjon d'entraînement : Estimation I,Döküm Zindanı: Tahmin I,tr-TR
Donjon d'entraînement : Estimation II,Döküm Zindanı: Tahmin II,tr-TR
Donjon d'entraînement : Estimation III,Döküm Zindanı: Tahmin III,tr-TR
Donjon d'entraînement : Estimation IV,Döküm Zindanı: Tahmin IV,tr-TR
Donjon d'entraînement : Fer forgé I,Döküm Zindanı: Dökme Demir I,tr-TR
Donjon d'entraînement : Fer forgé II,Döküm Zindanı: Dökme Demir II,tr-TR
Donjon d'entraînement : Fer forgé III,Döküm Zindanı: Dökme Demir III,tr-TR
Donjon d'entraînement : Fer forgé IV,Döküm Zindanı: Dökme Demir IV,tr-TR
Donjon d'entraînement : Illusions I,Ustalık Zindanı: Sayısız Yanılsama I,tr-TR
Donjon d'entraînement : Illusions II,Ustalık Zindanı: Sayısız Yanılsama II,tr-TR
Donjon d'entraînement : Illusions III,Ustalık Zindanı: Sayısız Yanılsama III,tr-TR
Donjon d'entraînement : Illusions IV,Ustalık Zindanı: Sayısız Yanılsama IV,tr-TR
Donjon d'entraînement : Karma I,Döküm Zindanı: Öncü Karma I,tr-TR
Donjon d'entraînement : Karma II,Döküm Zindanı: Öncü Karma II,tr-TR
Donjon d'entraînement : Karma III,Döküm Zindanı: Öncü Karma III,tr-TR
Donjon d'entraînement : Karma IV,Döküm Zindanı: Öncü Karma IV,tr-TR
Donjon d'entraînement : Nuages souillés I,Döküm Zindanı: Lekeli Bulutlar I,tr-TR
Donjon d'entraînement : Nuages souillés II,Döküm Zindanı: Lekeli Bulutlar II,tr-TR
Donjon d'entraînement : Nuages souillés III,Döküm Zindanı: Lekeli Bulutlar III,tr-TR
Donjon d'entraînement : Nuages souillés IV,Döküm Zindanı: Lekeli Bulutlar IV,tr-TR
Donjon d'entraînement : Oblation lunaire I,Döküm Zindanı: Ay Adağı I,tr-TR
Donjon d'entraînement : Oblation lunaire II,Döküm Zindanı: Ay Adağı II,tr-TR
Donjon d'entraînement : Oblation lunaire III,Döküm Zindanı: Ay Adağı III,tr-TR
Donjon d'entraînement : Oblation lunaire IV,Döküm Zindanı: Ay Adağı IV,tr-TR
Donjon d'entraînement : Observation I,Döküm Zindanı: Dikkatli Gözlem I,tr-TR
Donjon d'entraînement : Observation II,Döküm Zindanı: Dikkatli Gözlem II,tr-TR
Donjon d'entraînement : Observation III,Döküm Zindanı: Dikkatli Gözlem III,tr-TR
Donjon d'entraînement : Observation IV,Döküm Zindanı: Dikkatli Gözlem IV,tr-TR
Donjon d'entraînement : Obsession I,Döküm Zindanı: Takıntı I,tr-TR
Donjon d'entraînement : Obsession II,Döküm Zindanı: Takıntı II,tr-TR
Donjon d'entraînement : Obsession III,Döküm Zindanı: Takıntı III,tr-TR
Donjon d'entraînement : Obsession IV,Döküm Zindanı: Takıntı IV,tr-TR
Donjon d'entraînement : Ombres I,Döküm Zindanı: Kehanet Yansımaları I,tr-TR
Donjon d'entraînement : Ombres II,Döküm Zindanı: Kehanet Yansımaları II,tr-TR
Donjon d'entraînement : Ombres III,Döküm Zindanı: Kehanet Yansımaları III,tr-TR
Donjon d'entraînement : Ombres IV,Döküm Zindanı: Kehanet Yansımaları IV,tr-TR
Donjon d'entraînement : Prières chantées I,Döküm Zindanı: Okunan Dualar I,tr-TR
Donjon d'entraînement : Prières chantées II,Döküm Zindanı: Okunan Dualar II,tr-TR
Donjon d'entraînement : Prières chantées III,Döküm Zindanı: Okunan Dualar III,tr-TR
Donjon d'entraînement : Prières chantées IV,Döküm Zindanı: Okunan Dualar IV,tr-TR
Donjon d'entraînement : Rails en chaîne I,Döküm Zindanı: Zincirleme Yollar I,tr-TR
Donjon d'entraînement : Rails en chaîne II,Döküm Zindanı: Zincirleme Yollar II,tr-TR
Donjon d'entraînement : Rails en chaîne III,Döküm Zindanı: Zincirleme Yollar III,tr-TR
Donjon d'entraînement : Rails en chaîne IV,Döküm Zindanı: Zincirleme Yollar IV,tr-TR
Donjon d'entraînement : Reconversion I,Ustalık Zindanı: Yüce Dönüş I,tr-TR
Donjon d'entraînement : Reconversion II,Ustalık Zindanı: Yüce Dönüş II,tr-TR
Donjon d'entraînement : Reconversion III,Ustalık Zindanı: Yüce Dönüş III,tr-TR
Donjon d'entraînement : Reconversion IV,Ustalık Zindanı: Yüce Dönüş IV,tr-TR
Donjon d'entraînement : Retournement I,Ustalık Zindanı: Geri Dönüş I,tr-TR
Donjon d'entraînement : Retournement II,Ustalık Zindanı: Geri Dönüş II,tr-TR
Donjon d'entraînement : Retournement III,Ustalık Zindanı: Geri Dönüş III,tr-TR
Donjon d'entraînement : Retournement IV,Ustalık Zindanı: Geri Dönüş IV,tr-TR
Donjon d'entraînement : Ruines grondantes I,Döküm Zindanı: Gürleyen Harabeler I,tr-TR
Donjon d'entraînement : Ruines grondantes II,Döküm Zindanı: Gürleyen Harabeler II,tr-TR
Donjon d'entraînement : Ruines grondantes III,Döküm Zindanı: Gürleyen Harabeler III,tr-TR
Donjon d'entraînement : Ruines grondantes IV,Döküm Zindanı: Gürleyen Harabeler IV,tr-TR
Donjon d'entraînement : Ruse robotique I,Döküm Zindanı: Robot Aklı I,tr-TR
Donjon d'entraînement : Ruse robotique II,Döküm Zindanı: Robot Aklı II,tr-TR
Donjon d'entraînement : Ruse robotique III,Döküm Zindanı: Robot Aklı III,tr-TR
Donjon d'entraînement : Ruse robotique IV,Döküm Zindanı: Robot Aklı IV,tr-TR
Donjon d'entraînement : Sables engloutis I,Döküm Zindanı: Kum Bataklığı I,tr-TR
Donjon d'entraînement : Sables engloutis II,Döküm Zindanı: Kum Bataklığı II,tr-TR
Donjon d'entraînement : Sables engloutis III,Döküm Zindanı: Kum Bataklığı III,tr-TR
Donjon d'entraînement : Sables engloutis IV,Döküm Zindanı: Kum Bataklığı IV,tr-TR
Donjon d'entraînement : Splendeur radieuse I,Döküm Zindanı: Göz Kamaştıran İhtişam I,tr-TR
Donjon d'entraînement : Splendeur radieuse II,Döküm Zindanı: Göz Kamaştıran İhtişam II,tr-TR
Donjon d'entraînement : Splendeur radieuse III,Döküm Zindanı: Göz Kamaştıran İhtişam III,tr-TR
Donjon d'entraînement : Splendeur radieuse IV,Döküm Zindanı: Göz Kamaştıran İhtişam IV,tr-TR
Donjon d'entraînement : Terrain d'ancien tonnerre I,Döküm Zindanı: Yıldırım İmtihanı Alanı I,tr-TR
Donjon d'entraînement : Terrain d'ancien tonnerre II,Döküm Zindanı: Yıldırım İmtihanı Alanı II,tr-TR
Donjon d'entraînement : Terrain d'ancien tonnerre III,Döküm Zindanı: Yıldırım İmtihanı Alanı III,tr-TR
Donjon d'entraînement : Terrain d'ancien tonnerre IV,Döküm Zindanı: Yıldırım İmtihanı Alanı IV,tr-TR
Donjon d'entraînement : Vallée submergée I,Döküm Zindanı: Batık Vadi I,tr-TR
Donjon d'entraînement : Vallée submergée II,Döküm Zindanı: Batık Vadi II,tr-TR
Donjon d'entraînement : Vallée submergée III,Döküm Zindanı: Batık Vadi III,tr-TR
Donjon d'entraînement : Vallée submergée IV,Döküm Zindanı: Batık Vadi IV,tr-TR
Donjon d'entraînement : Ville de réflexions I,Döküm Zindanı: Yansımalar Şehri I,tr-TR
Donjon d'entraînement : Ville de réflexions II,Döküm Zindanı: Yansımalar Şehri II,tr-TR
Donjon d'entraînement : Ville de réflexions III,Döküm Zindanı: Yansımalar Şehri III,tr-TR
Donjon d'entraînement : Ville de réflexions IV,Döküm Zindanı: Yansımalar Şehri IV,tr-TR
Donjon de la bénédiction : Ardeur I,Yadigar Zindanı: Kükreyen Alev I,tr-TR
Donjon de la bénédiction : Ardeur II,Yadigar Zindanı: Kükreyen Alev II,tr-TR
Donjon de la bénédiction : Ardeur III,Yadigar Zindanı: Kükreyen Alev III,tr-TR
Donjon de la bénédiction : Ardeur IV,Yadigar Zindanı: Kükreyen Alev IV,tr-TR
Donjon de la bénédiction : Assemblée déliquescente I,Yadigar Zindanı: Parçalanmış Salon I,tr-TR
Donjon de la bénédiction : Assemblée déliquescente II,Yadigar Zindanı: Parçalanmış Salon II,tr-TR
Donjon de la bénédiction : Assemblée déliquescente III,Yadigar Zindanı: Parçalanmış Salon III,tr-TR
Donjon de la bénédiction : Assemblée déliquescente IV,Yadigar Zindanı: Parçalanmış Salon IV,tr-TR
Donjon de la bénédiction : Butin sacré I,Yadigar Zindanı: Kutsal Sığınak I,tr-TR
Donjon de la bénédiction : Butin sacré II,Yadigar Zindanı: Kutsal Sığınak II,tr-TR
Donjon de la bénédiction : Butin sacré III,Yadigar Zindanı: Kutsal Sığınak III,tr-TR
Donjon de la bénédiction : Butin sacré IV,Yadigar Zindanı: Kutsal Sığınak IV,tr-TR
Donjon de la bénédiction : Chasse aux feuilles d'érable I,Yadigar Zindanı: Sonbahar Avı I,tr-TR
Donjon de la bénédiction : Chasse aux feuilles d'érable II,Yadigar Zindanı: Sonbahar Avı II,tr-TR
Donjon de la bénédiction : Chasse aux feuilles d'érable III,Yadigar Zindanı: Sonbahar Avı III,tr-TR
Donjon de la bénédiction : Chasse aux feuilles d'érable IV,Yadigar Zindanı: Sonbahar Avı IV,tr-TR
Donjon de la bénédiction : Citadelle du désert I,Yadigar Zindanı: Çöl Hisarı I,tr-TR
Donjon de la bénédiction : Citadelle du désert II,Yadigar Zindanı: Çöl Hisarı II,tr-TR
Donjon de la bénédiction : Citadelle du désert III,Yadigar Zindanı: Çöl Hisarı III,tr-TR
Donjon de la bénédiction : Citadelle du désert IV,Yadigar Zindanı: Çöl Hisarı IV,tr-TR
Donjon de la bénédiction : Construction enflammée I,Yadigar Zindanı: Derin Ateş Yapısı I,tr-TR
Donjon de la bénédiction : Construction enflammée II,Yadigar Zindanı: Derin Ateş Yapısı II,tr-TR
Donjon de la bénédiction : Construction enflammée III,Yadigar Zindanı: Derin Ateş Yapısı III,tr-TR
Donjon de la bénédiction : Construction enflammée IV,Yadigar Zindanı: Derin Ateş Yapısı IV,tr-TR
Donjon de la bénédiction : Danse du métal I,Yadigar Zindanı: Çelik Dansı I,tr-TR
Donjon de la bénédiction : Danse du métal II,Yadigar Zindanı: Çelik Dansı II,tr-TR
Donjon de la bénédiction : Danse du métal III,Yadigar Zindanı: Çelik Dansı III,tr-TR
Donjon de la bénédiction : Danse du métal IV,Yadigar Zindanı: Çelik Dansı IV,tr-TR
Donjon de la bénédiction : Danse du métal V,Yadigar Zindanı: Çelik Dansı V,tr-TR
Donjon de la bénédiction : Dérivations des profondeurs I,Yadigar Zindanı: Derin Sirayet I,tr-TR
Donjon de la bénédiction : Dérivations des profondeurs II,Yadigar Zindanı: Derin Sirayet II,tr-TR
Donjon de la bénédiction : Dérivations des profondeurs III,Yadigar Zindanı: Derin Sirayet III,tr-TR
Donjon de la bénédiction : Dérivations des profondeurs IV,Yadigar Zindanı: Derin Sirayet IV,tr-TR
Donjon de la bénédiction : Flammes de purification I,Yadigar Zindanı: Arınma Ateşi I,tr-TR
Donjon de la bénédiction : Flammes de purification II,Yadigar Zindanı: Arınma Ateşi II,tr-TR
Donjon de la bénédiction : Flammes de purification III,Yadigar Zindanı: Arınma Ateşi III,tr-TR
Donjon de la bénédiction : Flammes de purification IV,Yadigar Zindanı: Arınma Ateşi IV,tr-TR
Donjon de la bénédiction : Flammes de purification V,Yadigar Zindanı: Arınma Ateşi V,tr-TR
Donjon de la bénédiction : Flammes de purification VI,Yadigar Zindanı: Arınma Ateşi VI,tr-TR
Donjon de la bénédiction : Flammes dévorantes I,Yadigar Zindanı: Alev Meydanı I,tr-TR
Donjon de la bénédiction : Flammes dévorantes II,Yadigar Zindanı: Alev Meydanı II,tr-TR
Donjon de la bénédiction : Flammes dévorantes III,Yadigar Zindanı: Alev Meydanı III,tr-TR
Donjon de la bénédiction : Flammes dévorantes IV,Yadigar Zindanı: Alev Meydanı IV,tr-TR
Donjon de la bénédiction : Frontière oubliée I,Yadigar Zindanı: Terkedilmiş Sur I,tr-TR
Donjon de la bénédiction : Frontière oubliée II,Yadigar Zindanı: Terkedilmiş Sur II,tr-TR
Donjon de la bénédiction : Frontière oubliée III,Yadigar Zindanı: Terkedilmiş Sur III,tr-TR
Donjon de la bénédiction : Frontière oubliée IV,Yadigar Zindanı: Terkedilmiş Sur IV,tr-TR
Donjon de la bénédiction : Fête aux fleurs I,Yadigar Zindanı: Çiçek Şöleni I,tr-TR
Donjon de la bénédiction : Fête aux fleurs II,Yadigar Zindanı: Çiçek Şöleni II,tr-TR
Donjon de la bénédiction : Fête aux fleurs III,Yadigar Zindanı: Çiçek Şöleni III,tr-TR
Donjon de la bénédiction : Fête aux fleurs IV,Yadigar Zindanı: Çiçek Şöleni IV,tr-TR
Donjon de la bénédiction : Harmonie I,Yadigar Zindanı: Uyum I,tr-TR
Donjon de la bénédiction : Harmonie II,Yadigar Zindanı: Uyum II,tr-TR
Donjon de la bénédiction : Harmonie III,Yadigar Zindanı: Uyum III,tr-TR
Donjon de la bénédiction : Harmonie IV,Yadigar Zindanı: Uyum IV,tr-TR
Donjon de la bénédiction : Inflexible I,Yadigar Zindanı: Boyun Eğmez I,tr-TR
Donjon de la bénédiction : Inflexible II,Yadigar Zindanı: Boyun Eğmez II,tr-TR
Donjon de la bénédiction : Inflexible III,Yadigar Zindanı: Boyun Eğmez III,tr-TR
Donjon de la bénédiction : Inflexible IV,Yadigar Zindanı: Boyun Eğmez IV,tr-TR
Donjon de la bénédiction : Neige funeste I,Yadigar Zindanı: Elemli Kırağı I,tr-TR
Donjon de la bénédiction : Neige funeste II,Yadigar Zindanı: Elemli Kırağı II,tr-TR
Donjon de la bénédiction : Neige funeste III,Yadigar Zindanı: Elemli Kırağı III,tr-TR
Donjon de la bénédiction : Neige funeste IV,Yadigar Zindanı: Elemli Kırağı IV,tr-TR
Donjon de la bénédiction : Nid mécanique I,Yadigar Zindanı: Makina Yuvası I,tr-TR
Donjon de la bénédiction : Nid mécanique II,Yadigar Zindanı: Makina Yuvası II,tr-TR
Donjon de la bénédiction : Nid mécanique III,Yadigar Zindanı: Makina Yuvası III,tr-TR
Donjon de la bénédiction : Nid mécanique IV,Yadigar Zindanı: Makina Yuvası IV,tr-TR
Donjon de la bénédiction : Nécropole I,Yadigar Zindanı: Kabristan I,tr-TR
Donjon de la bénédiction : Nécropole II,Yadigar Zindanı: Kabristan II,tr-TR
Donjon de la bénédiction : Nécropole III,Yadigar Zindanı: Kabristan III,tr-TR
Donjon de la bénédiction : Nécropole IV,Yadigar Zindanı: Kabristan IV,tr-TR
Donjon de la bénédiction : Printemps I,Yadigar Zindanı: İlkbahar I,tr-TR
Donjon de la bénédiction : Printemps II,Yadigar Zindanı: İlkbahar II,tr-TR
Donjon de la bénédiction : Printemps III,Yadigar Zindanı: İlkbahar III,tr-TR
Donjon de la bénédiction : Printemps IV,Yadigar Zindanı: İlkbahar IV,tr-TR
Donjon de la bénédiction : Printemps V,Yadigar Zindanı: İlkbahar V,tr-TR
Donjon de la bénédiction : Printemps VI,Yadigar Zindanı: İlkbahar VI,tr-TR
Donjon de la bénédiction : Prison de roche I,Yadigar Zindanı: Taş Oda I,tr-TR
Donjon de la bénédiction : Prison de roche II,Yadigar Zindanı: Taş Oda II,tr-TR
Donjon de la bénédiction : Prison de roche III,Yadigar Zindanı: Taş Oda III,tr-TR
Donjon de la bénédiction : Sept sens I,Yadigar Zindanı: Yedi Duyu I,tr-TR
Donjon de la bénédiction : Sept sens II,Yadigar Zindanı: Yedi Duyu II,tr-TR
Donjon de la bénédiction : Sept sens III,Yadigar Zindanı: Yedi Duyu III,tr-TR
Donjon de la bénédiction : Sept sens IV,Yadigar Zindanı: Yedi Duyu IV,tr-TR
Donjon de la bénédiction : Variation I,Yadigar Zindanı: Çeşitlilik I,tr-TR
Donjon de la bénédiction : Variation II,Yadigar Zindanı: Çeşitlilik II,tr-TR
Donjon de la bénédiction : Variation III,Yadigar Zindanı: Çeşitlilik III,tr-TR
Donjon de la bénédiction : Variation IV,Yadigar Zindanı: Çeşitlilik IV,tr-TR
Donjon de la bénédiction : Érosion de glace I,Yadigar Zindanı: Buz Aşınması I,tr-TR
Donjon de la bénédiction : Érosion de glace II,Yadigar Zindanı: Buz Aşınması II,tr-TR
Donjon de la bénédiction : Érosion de glace III,Yadigar Zindanı: Buz Aşınması III,tr-TR
Donjon de la bénédiction : Érosion de glace IV,Yadigar Zindanı: Buz Aşınması IV,tr-TR
Donjon de la maîtrise : Abîme gelé I,Ustalık Zindanı: Donmuş Hiçlik I,tr-TR
Donjon de la maîtrise : Abîme gelé II,Ustalık Zindanı: Donmuş Hiçlik II,tr-TR
Donjon de la maîtrise : Abîme gelé III,Ustalık Zindanı: Donmuş Hiçlik III,tr-TR
Donjon de la maîtrise : Abîme gelé IV,Ustalık Zindanı: Donmuş Hiçlik IV,tr-TR
Donjon de la maîtrise : Au cœur des flammes I,Ustalık Zindanı: Alevin Kalbi I,tr-TR
Donjon de la maîtrise : Au cœur des flammes II,Ustalık Zindanı: Alevin Kalbi II,tr-TR
Donjon de la maîtrise : Au cœur des flammes III,Ustalık Zindanı: Alevin Kalbi III,tr-TR
Donjon de la maîtrise : Au cœur des flammes IV,Ustalık Zindanı: Alevin Kalbi IV,tr-TR
Donjon de la maîtrise : Autel des flammes I,Ustalık Zindanı: Alaz Sunağı I,tr-TR
Donjon de la maîtrise : Autel des flammes II,Ustalık Zindanı: Alaz Sunağı II,tr-TR
Donjon de la maîtrise : Autel des flammes III,Ustalık Zindanı: Alaz Sunağı III,tr-TR
Donjon de la maîtrise : Autel des flammes IV,Ustalık Zindanı: Alaz Sunağı IV,tr-TR
Donjon de la maîtrise : Autel givré I,Ustalık Zindanı: Donuk Sunak I,tr-TR
Donjon de la maîtrise : Autel givré II,Ustalık Zindanı: Donuk Sunak II,tr-TR
Donjon de la maîtrise : Autel givré III,Ustalık Zindanı: Donuk Sunak III,tr-TR
Donjon de la maîtrise : Autel givré IV,Ustalık Zindanı: Donuk Sunak IV,tr-TR
Donjon de la maîtrise : Cercle brûlant I,Ustalık Zindanı: Kor Çemberi I,tr-TR
Donjon de la maîtrise : Cercle brûlant II,Ustalık Zindanı: Kor Çemberi II,tr-TR
Donjon de la maîtrise : Cercle brûlant III,Ustalık Zindanı: Kor Çemberi III,tr-TR
Donjon de la maîtrise : Cercle brûlant IV,Ustalık Zindanı: Kor Çemberi IV,tr-TR
Donjon de la maîtrise : Cité déchue I,Ustalık Zindanı: Düşmüş Şehir I,tr-TR
Donjon de la maîtrise : Cité déchue II,Ustalık Zindanı: Düşmüş Şehir II,tr-TR
Donjon de la maîtrise : Cité déchue III,Ustalık Zindanı: Düşmüş Şehir III,tr-TR
Donjon de la maîtrise : Cité déchue IV,Ustalık Zindanı: Düşmüş Şehir IV,tr-TR
Donjon de la maîtrise : Contemplation I,Ustalık Zindanı: Tefekkür I,tr-TR
Donjon de la maîtrise : Contemplation II,Ustalık Zindanı: Tefekkür II,tr-TR
Donjon de la maîtrise : Contemplation III,Ustalık Zindanı: Tefekkür III,tr-TR
Donjon de la maîtrise : Contemplation IV,Ustalık Zindanı: Tefekkür IV,tr-TR
Donjon de la maîtrise : Discipline I,Ustalık Zindanı: Disiplin I,tr-TR
Donjon de la maîtrise : Discipline II,Ustalık Zindanı: Disiplin II,tr-TR
Donjon de la maîtrise : Discipline III,Ustalık Zindanı: Disiplin III,tr-TR
Donjon de la maîtrise : Discipline IV,Ustalık Zindanı: Disiplin IV,tr-TR
Donjon de la maîtrise : Ermitage I,Ustalık Zindanı: İnziva I,tr-TR
Donjon de la maîtrise : Ermitage II,Ustalık Zindanı: İnziva II,tr-TR
Donjon de la maîtrise : Ermitage III,Ustalık Zindanı: İnziva III,tr-TR
Donjon de la maîtrise : Ermitage IV,Ustalık Zindanı: İnziva IV,tr-TR
Donjon de la maîtrise : Héritage sombre I,Ustalık Zindanı: Unutulmuş Miras I,tr-TR
Donjon de la maîtrise : Héritage sombre II,Ustalık Zindanı: Unutulmuş Miras II,tr-TR
Donjon de la maîtrise : Héritage sombre III,Ustalık Zindanı: Unutulmuş Miras III,tr-TR
Donjon de la maîtrise : Héritage sombre IV,Ustalık Zindanı: Unutulmuş Miras IV,tr-TR
Donjon de la maîtrise : Maxime I,Ustalık Zindanı: Uyarı Yazıtı I,tr-TR
Donjon de la maîtrise : Maxime II,Ustalık Zindanı: Uyarı Yazıtı II,tr-TR
Donjon de la maîtrise : Maxime III,Ustalık Zindanı: Uyarı Yazıtı III,tr-TR
Donjon de la maîtrise : Maxime IV,Ustalık Zindanı: Uyarı Yazıtı IV,tr-TR
Donjon de la maîtrise : Perchoir renversé I,Ustalık Zindanı: Dağılan Yuva I,tr-TR
Donjon de la maîtrise : Perchoir renversé II,Ustalık Zindanı: Dağılan Yuva II,tr-TR
Donjon de la maîtrise : Perchoir renversé III,Ustalık Zindanı: Dağılan Yuva III,tr-TR
Donjon de la maîtrise : Perchoir renversé IV,Ustalık Zindanı: Dağılan Yuva IV,tr-TR
Donjon de la maîtrise : Pleine lune I,Ustalık Zindanı: Dolunay I,tr-TR
Donjon de la maîtrise : Pleine lune II,Ustalık Zindanı: Dolunay II,tr-TR
Donjon de la maîtrise : Pleine lune III,Ustalık Zindanı: Dolunay III,tr-TR
Donjon de la maîtrise : Pleine lune IV,Ustalık Zindanı: Dolunay IV,tr-TR
Donjon de la maîtrise : Psaume I,Ustalık Zindanı: Ahenkli Okuma I,tr-TR
Donjon de la maîtrise : Psaume II,Ustalık Zindanı: Ahenkli Okuma II,tr-TR
Donjon de la maîtrise : Psaume III,Ustalık Zindanı: Ahenkli Okuma III,tr-TR
Donjon de la maîtrise : Psaume IV,Ustalık Zindanı: Ahenkli Okuma IV,tr-TR
Donjon de la maîtrise : Rime rythmique I,Ustalık Zindanı: Ritmin Ahengi I,tr-TR
Donjon de la maîtrise : Rime rythmique II,Ustalık Zindanı: Ritmin Ahengi II,tr-TR
Donjon de la maîtrise : Rime rythmique III,Ustalık Zindanı: Ritmin Ahengi III,tr-TR
Donjon de la maîtrise : Rime rythmique IV,Ustalık Zindanı: Ritmin Ahengi IV,tr-TR
Donjon de la maîtrise : Royaume endormi I,Ustalık Zindanı: Uyku Diyarı I,tr-TR
Donjon de la maîtrise : Royaume endormi II,Ustalık Zindanı: Uyku Diyarı II,tr-TR
Donjon de la maîtrise : Royaume endormi III,Ustalık Zindanı: Uyku Diyarı III,tr-TR
Donjon de la maîtrise : Royaume endormi IV,Ustalık Zindanı: Uyku Diyarı IV,tr-TR
Donjon de la maîtrise : Ruines de ronces I,Ustalık Zindanı: Asmalı Harabeler I,tr-TR
Donjon de la maîtrise : Ruines de ronces II,Ustalık Zindanı: Asmalı Harabeler II,tr-TR
Donjon de la maîtrise : Ruines de ronces III,Ustalık Zindanı: Asmalı Harabeler III,tr-TR
Donjon de la maîtrise : Ruines de ronces IV,Ustalık Zindanı: Asmalı Harabeler IV,tr-TR
Donjon de la maîtrise : Règne violet I,Ustalık Zindanı: Mor Saltanat I,tr-TR
Donjon de la maîtrise : Règne violet II,Ustalık Zindanı: Mor Saltanat II,tr-TR
Donjon de la maîtrise : Règne violet III,Ustalık Zindanı: Mor Saltanat III,tr-TR
Donjon de la maîtrise : Règne violet IV,Ustalık Zindanı: Mor Saltanat IV,tr-TR
Donjon de la maîtrise : Trait d'esprit I,Ustalık Zindanı: Nükte I,tr-TR
Donjon de la maîtrise : Trait d'esprit II,Ustalık Zindanı: Nükte II,tr-TR
Donjon de la maîtrise : Trait d'esprit III,Ustalık Zindanı: Nükte III,tr-TR
Donjon de la maîtrise : Trait d'esprit IV,Ustalık Zindanı: Nükte IV,tr-TR
Donjon de la maîtrise : Vallée foudroyée I,Ustalık Zindanı: Uğultulu Vadi I,tr-TR
Donjon de la maîtrise : Vallée foudroyée II,Ustalık Zindanı: Uğultulu Vadi II,tr-TR
Donjon de la maîtrise : Vallée foudroyée III,Ustalık Zindanı: Uğultulu Vadi III,tr-TR
Donjon de la maîtrise : Vallée foudroyée IV,Ustalık Zindanı: Uğultulu Vadi IV,tr-TR
Donjon de la maîtrise : Vision partagée I,Ustalık Zindanı: Ortak Vizyon I,tr-TR
Donjon de la maîtrise : Vision partagée II,Ustalık Zindanı: Ortak Vizyon II,tr-TR
Donjon de la maîtrise : Vision partagée III,Ustalık Zindanı: Ortak Vizyon III,tr-TR
Donjon de la maîtrise : Vision partagée IV,Ustalık Zindanı: Ortak Vizyon IV,tr-TR
Mật Cảnh Tinh Thông: Chuyển Giao (I),Ustalık Zindanı: Yüce Dönüş I,tr-TR
Mật Cảnh Tinh Thông: Chuyển Giao (II),Ustalık Zindanı: Yüce Dönüş II,tr-TR
Mật Cảnh Tinh Thông: Chuyển Giao (III),Ustalık Zindanı: Yüce Dönüş III,tr-TR
Mật Cảnh Tinh Thông: Chuyển Giao (IV),Ustalık Zindanı: Yüce Dönüş IV,tr-TR
Mật Cảnh Tinh Thông: Diệu Ngữ I,Ustalık Zindanı: Nükte I,tr-TR
Mật Cảnh Tinh Thông: Diệu Ngữ II,Ustalık Zindanı: Nükte II,tr-TR
Mật Cảnh Tinh Thông: Diệu Ngữ III,Ustalık Zindanı: Nükte III,tr-TR
Mật Cảnh Tinh Thông: Diệu Ngữ IV,Ustalık Zindanı: Nükte IV,tr-TR
Mật Cảnh Tinh Thông: Hòa Vang I,Ustalık Zindanı: Ahenkli Okuma I,tr-TR
Mật Cảnh Tinh Thông: Hòa Vang II,Ustalık Zindanı: Ahenkli Okuma II,tr-TR
Mật Cảnh Tinh Thông: Hòa Vang III,Ustalık Zindanı: Ahenkli Okuma III,tr-TR
Mật Cảnh Tinh Thông: Hòa Vang IV,Ustalık Zindanı: Ahenkli Okuma IV,tr-TR
Mật Cảnh Tinh Thông: Hóa Không (I),Ustalık Zindanı: Sayısız Yanılsama I,tr-TR
Mật Cảnh Tinh Thông: Hóa Không (II),Ustalık Zindanı: Sayısız Yanılsama II,tr-TR
Mật Cảnh Tinh Thông: Hóa Không (III),Ustalık Zindanı: Sayısız Yanılsama III,tr-TR
Mật Cảnh Tinh Thông: Hóa Không (IV),Ustalık Zindanı: Sayısız Yanılsama IV,tr-TR
Mật Cảnh Tinh Thông: Kho Luật I,Ustalık Zindanı: Disiplin I,tr-TR
Mật Cảnh Tinh Thông: Kho Luật II,Ustalık Zindanı: Disiplin II,tr-TR
Mật Cảnh Tinh Thông: Kho Luật III,Ustalık Zindanı: Disiplin III,tr-TR
Mật Cảnh Tinh Thông: Kho Luật IV,Ustalık Zindanı: Disiplin IV,tr-TR
Mật Cảnh Tinh Thông: Khuyên Nhủ I,Ustalık Zindanı: Uyarı Yazıtı I,tr-TR
Mật Cảnh Tinh Thông: Khuyên Nhủ II,Ustalık Zindanı: Uyarı Yazıtı II,tr-TR
Mật Cảnh Tinh Thông: Khuyên Nhủ III,Ustalık Zindanı: Uyarı Yazıtı III,tr-TR
Mật Cảnh Tinh Thông: Khuyên Nhủ IV,Ustalık Zindanı: Uyarı Yazıtı IV,tr-TR
Mật Cảnh Tinh Thông: Viên Kính I,Ustalık Zindanı: Dolunay I,tr-TR
Mật Cảnh Tinh Thông: Viên Kính II,Ustalık Zindanı: Dolunay II,tr-TR
Mật Cảnh Tinh Thông: Viên Kính III,Ustalık Zindanı: Dolunay III,tr-TR
Mật Cảnh Tinh Thông: Viên Kính IV,Ustalık Zindanı: Dolunay IV,tr-TR
Mật Cảnh Tinh Thông: Xoay Vần (I),Ustalık Zindanı: Geri Dönüş I,tr-TR
Mật Cảnh Tinh Thông: Xoay Vần (II),Ustalık Zindanı: Geri Dönüş II,tr-TR
Mật Cảnh Tinh Thông: Xoay Vần (III),Ustalık Zindanı: Geri Dönüş III,tr-TR
Mật Cảnh Tinh Thông: Xoay Vần (IV),Ustalık Zindanı: Geri Dönüş IV,tr-TR
Mật Cảnh Tinh Thông: Âm Vang I,Ustalık Zindanı: Ritmin Ahengi I,tr-TR
Mật Cảnh Tinh Thông: Âm Vang II,Ustalık Zindanı: Ritmin Ahengi II,tr-TR
Mật Cảnh Tinh Thông: Âm Vang III,Ustalık Zindanı: Ritmin Ahengi III,tr-TR
Mật Cảnh Tinh Thông: Âm Vang IV,Ustalık Zindanı: Ritmin Ahengi IV,tr-TR
Sphäre der Kriegskunst: Abgefahrene Apparate I,Döküm Zindanı: Tuhaf Mekanizmalar I,tr-TR
Sphäre der Kriegskunst: Abgefahrene Apparate II,Döküm Zindanı: Tuhaf Mekanizmalar II,tr-TR
Sphäre der Kriegskunst: Abgefahrene Apparate III,Döküm Zindanı: Tuhaf Mekanizmalar III,tr-TR
Sphäre der Kriegskunst: Abgefahrene Apparate IV,Döküm Zindanı: Tuhaf Mekanizmalar IV,tr-TR
Sphäre der Kriegskunst: Altar der Gewitterwolken I,Döküm Zindanı: Fırtına Sunağı I,tr-TR
Sphäre der Kriegskunst: Altar der Gewitterwolken II,Döküm Zindanı: Fırtına Sunağı II,tr-TR
Sphäre der Kriegskunst: Altar der Gewitterwolken III,Döküm Zindanı: Fırtına Sunağı III,tr-TR
Sphäre der Kriegskunst: Altar der Gewitterwolken IV,Döküm Zindanı: Fırtına Sunağı IV,tr-TR
Sphäre der Kriegskunst: Altar des Sandes I,Döküm Zindanı: Kum Sunağı I,tr-TR
Sphäre der Kriegskunst: Altar des Sandes II,Döküm Zindanı: Kum Sunağı II,tr-TR
Sphäre der Kriegskunst: Altar des Sandes III,Döküm Zindanı: Kum Sunağı III,tr-TR
Sphäre der Kriegskunst: Altar des Sandes IV,Döküm Zindanı: Kum Sunağı IV,tr-TR
Sphäre der Kriegskunst: Anleitendes Karma I,Döküm Zindanı: Öncü Karma I,tr-TR
Sphäre der Kriegskunst: Anleitendes Karma II,Döküm Zindanı: Öncü Karma II,tr-TR
Sphäre der Kriegskunst: Anleitendes Karma III,Döküm Zindanı: Öncü Karma III,tr-TR
Sphäre der Kriegskunst: Anleitendes Karma IV,Döküm Zindanı: Öncü Karma IV,tr-TR
Sphäre der Kriegskunst: Beobachtung des Vergangenen I,Döküm Zindanı: Dikkatli Gözlem I,tr-TR
Sphäre der Kriegskunst: Beobachtung des Vergangenen II,Döküm Zindanı: Dikkatli Gözlem II,tr-TR
Sphäre der Kriegskunst: Beobachtung des Vergangenen III,Döküm Zindanı: Dikkatli Gözlem III,tr-TR
Sphäre der Kriegskunst: Beobachtung des Vergangenen IV,Döküm Zindanı: Dikkatli Gözlem IV,tr-TR
Sphäre der Kriegskunst: Besessenheit I,Döküm Zindanı: Takıntı I,tr-TR
Sphäre der Kriegskunst: Besessenheit II,Döküm Zindanı: Takıntı II,tr-TR
Sphäre der Kriegskunst: Besessenheit III,Döküm Zindanı: Takıntı III,tr-TR
Sphäre der Kriegskunst: Besessenheit IV,Döküm Zindanı: Takıntı IV,tr-TR
Sphäre der Kriegskunst: Gesungene Gebete I,Döküm Zindanı: Okunan Dualar I,tr-TR
Sphäre der Kriegskunst: Gesungene Gebete II,Döküm Zindanı: Okunan Dualar II,tr-TR
Sphäre der Kriegskunst: Gesungene Gebete III,Döküm Zindanı: Okunan Dualar III,tr-TR
Sphäre der Kriegskunst: Gesungene Gebete IV,Döküm Zindanı: Okunan Dualar IV,tr-TR
Sphäre der Kriegskunst: Handwerkskunst I,Döküm Zindanı: İşçilik I,tr-TR
Sphäre der Kriegskunst: Handwerkskunst II,Döküm Zindanı: İşçilik II,tr-TR
Sphäre der Kriegskunst: Handwerkskunst III,Döküm Zindanı: İşçilik III,tr-TR
Sphäre der Kriegskunst: Handwerkskunst IV,Döküm Zindanı: İşçilik IV,tr-TR
Sphäre der Kriegskunst: Kettengleis I,Döküm Zindanı: Zincirleme Yollar I,tr-TR
Sphäre der Kriegskunst: Kettengleis II,Döküm Zindanı: Zincirleme Yollar II,tr-TR
Sphäre der Kriegskunst: Kettengleis III,Döküm Zindanı: Zincirleme Yollar III,tr-TR
Sphäre der Kriegskunst: Kettengleis IV,Döküm Zindanı: Zincirleme Yollar IV,tr-TR
Sphäre der Kriegskunst: Messung des Verblichenen I,Döküm Zindanı: Tahmin I,tr-TR
Sphäre der Kriegskunst: Messung des Verblichenen II,Döküm Zindanı: Tahmin II,tr-TR
Sphäre der Kriegskunst: Messung des Verblichenen III,Döküm Zindanı: Tahmin III,tr-TR
Sphäre der Kriegskunst: Messung des Verblichenen IV,Döküm Zindanı: Tahmin IV,tr-TR
Sphäre der Kriegskunst: Mondopfer I,Döküm Zindanı: Ay Adağı I,tr-TR
Sphäre der Kriegskunst: Mondopfer II,Döküm Zindanı: Ay Adağı II,tr-TR
Sphäre der Kriegskunst: Mondopfer III,Döküm Zindanı: Ay Adağı III,tr-TR
Sphäre der Kriegskunst: Mondopfer IV,Döküm Zindanı: Ay Adağı IV,tr-TR
Sphäre der Kriegskunst: Prüfungsplatz des alten Donners I,Döküm Zindanı: Yıldırım İmtihanı Alanı I,tr-TR
Sphäre der Kriegskunst: Prüfungsplatz des alten Donners II,Döküm Zindanı: Yıldırım İmtihanı Alanı II,tr-TR
Sphäre der Kriegskunst: Prüfungsplatz des alten Donners III,Döküm Zindanı: Yıldırım İmtihanı Alanı III,tr-TR
Sphäre der Kriegskunst: Prüfungsplatz des alten Donners IV,Döküm Zindanı: Yıldırım İmtihanı Alanı IV,tr-TR
Sphäre der Kriegskunst: Robotische List I,Döküm Zindanı: Robot Aklı I,tr-TR
Sphäre der Kriegskunst: Robotische List II,Döküm Zindanı: Robot Aklı II,tr-TR
Sphäre der Kriegskunst: Robotische List III,Döküm Zindanı: Robot Aklı III,tr-TR
Sphäre der Kriegskunst: Robotische List IV,Döküm Zindanı: Robot Aklı IV,tr-TR
Sphäre der Kriegskunst: Schmiedeeisen I,Döküm Zindanı: Dökme Demir I,tr-TR
Sphäre der Kriegskunst: Schmiedeeisen II,Döküm Zindanı: Dökme Demir II,tr-TR
Sphäre der Kriegskunst: Schmiedeeisen III,Döküm Zindanı: Dökme Demir III,tr-TR
Sphäre der Kriegskunst: Schmiedeeisen IV,Döküm Zindanı: Dökme Demir IV,tr-TR
Sphäre der Kriegskunst: Spuren aus der Tiefe I,Döküm Zindanı: Kum Bataklığı I,tr-TR
Sphäre der Kriegskunst: Spuren aus der Tiefe II,Döküm Zindanı: Kum Bataklığı II,tr-TR
Sphäre der Kriegskunst: Spuren aus der Tiefe III,Döküm Zindanı: Kum Bataklığı III,tr-TR
Sphäre der Kriegskunst: Spuren aus der Tiefe IV,Döküm Zindanı: Kum Bataklığı IV,tr-TR
Sphäre der Kriegskunst: Stadt des glänzenden Wassers I,Döküm Zindanı: Yansımalar Şehri I,tr-TR
Sphäre der Kriegskunst: Stadt des glänzenden Wassers II,Döküm Zindanı: Yansımalar Şehri II,tr-TR
Sphäre der Kriegskunst: Stadt des glänzenden Wassers III,Döküm Zindanı: Yansımalar Şehri III,tr-TR
Sphäre der Kriegskunst: Stadt des glänzenden Wassers IV,Döküm Zindanı: Yansımalar Şehri IV,tr-TR
Sphäre der Kriegskunst: Strahlende Pracht I,Döküm Zindanı: Göz Kamaştıran İhtişam I,tr-TR
Sphäre der Kriegskunst: Strahlende Pracht II,Döküm Zindanı: Göz Kamaştıran İhtişam II,tr-TR
Sphäre der Kriegskunst: Strahlende Pracht III,Döküm Zindanı: Göz Kamaştıran İhtişam III,tr-TR
Sphäre der Kriegskunst: Strahlende Pracht IV,Döküm Zindanı: Göz Kamaştıran İhtişam IV,tr-TR
Sphäre der Kriegskunst: Treibsand-Grab I,Döküm Zindanı: Kum Mezarı I,tr-TR
Sphäre der Kriegskunst: Treibsand-Grab II,Döküm Zindanı: Kum Mezarı II,tr-TR
Sphäre der Kriegskunst: Treibsand-Grab III,Döküm Zindanı: Kum Mezarı III,tr-TR
Sphäre der Kriegskunst: Treibsand-Grab IV,Döküm Zindanı: Kum Mezarı IV,tr-TR
Sphäre der Kriegskunst: Trübe Wolken I,Döküm Zindanı: Lekeli Bulutlar I,tr-TR
Sphäre der Kriegskunst: Trübe Wolken II,Döküm Zindanı: Lekeli Bulutlar II,tr-TR
Sphäre der Kriegskunst: Trübe Wolken III,Döküm Zindanı: Lekeli Bulutlar III,tr-TR
Sphäre der Kriegskunst: Trübe Wolken IV,Döküm Zindanı: Lekeli Bulutlar IV,tr-TR
Sphäre der Kriegskunst: Verdurstete Stadt I,Döküm Zindanı: Susuz Şehrin Harabeleri I,tr-TR
Sphäre der Kriegskunst: Verdurstete Stadt II,Döküm Zindanı: Susuz Şehrin Harabeleri II,tr-TR
Sphäre der Kriegskunst: Verdurstete Stadt III,Döküm Zindanı: Susuz Şehrin Harabeleri III,tr-TR
Sphäre der Kriegskunst: Verdurstete Stadt IV,Döküm Zindanı: Susuz Şehrin Harabeleri IV,tr-TR
Sphäre der Kriegskunst: Verfallene Stadt des Donnerklangs I,Döküm Zindanı: Gürleyen Harabeler I,tr-TR
Sphäre der Kriegskunst: Verfallene Stadt des Donnerklangs II,Döküm Zindanı: Gürleyen Harabeler II,tr-TR
Sphäre der Kriegskunst: Verfallene Stadt des Donnerklangs III,Döküm Zindanı: Gürleyen Harabeler III,tr-TR
Sphäre der Kriegskunst: Verfallene Stadt des Donnerklangs IV,Döküm Zindanı: Gürleyen Harabeler IV,tr-TR
Sphäre der Kriegskunst: Zerbrochener Stahl I,Döküm Zindanı: Kesik Çelik I,tr-TR
Sphäre der Kriegskunst: Zerbrochener Stahl II,Döküm Zindanı: Kesik Çelik II,tr-TR
Sphäre der Kriegskunst: Zerbrochener Stahl III,Döküm Zindanı: Kesik Çelik III,tr-TR
Sphäre der Kriegskunst: Zerbrochener Stahl IV,Döküm Zindanı: Kesik Çelik IV,tr-TR
Sphäre der Kriegskunst: Zeugnis des Verstorbenen I,Döküm Zindanı: Kehanet Yansımaları I,tr-TR
Sphäre der Kriegskunst: Zeugnis des Verstorbenen II,Döküm Zindanı: Kehanet Yansımaları II,tr-TR
Sphäre der Kriegskunst: Zeugnis des Verstorbenen III,Döküm Zindanı: Kehanet Yansımaları III,tr-TR
Sphäre der Kriegskunst: Zeugnis des Verstorbenen IV,Döküm Zindanı: Kehanet Yansımaları IV,tr-TR
Sphäre der Kriegskunst: Überflutetes Tal I,Döküm Zindanı: Batık Vadi I,tr-TR
Sphäre der Kriegskunst: Überflutetes Tal II,Döküm Zindanı: Batık Vadi II,tr-TR
Sphäre der Kriegskunst: Überflutetes Tal III,Döküm Zindanı: Batık Vadi III,tr-TR
Sphäre der Kriegskunst: Überflutetes Tal IV,Döküm Zindanı: Batık Vadi IV,tr-TR
Sphäre des Segens: Ahornjagd I,Yadigar Zindanı: Sonbahar Avı I,tr-TR
Sphäre des Segens: Ahornjagd II,Yadigar Zindanı: Sonbahar Avı II,tr-TR
Sphäre des Segens: Ahornjagd III,Yadigar Zindanı: Sonbahar Avı III,tr-TR
Sphäre des Segens: Ahornjagd IV,Yadigar Zindanı: Sonbahar Avı IV,tr-TR
Sphäre des Segens: Beständigkeit I,Yadigar Zindanı: Boyun Eğmez I,tr-TR
Sphäre des Segens: Beständigkeit II,Yadigar Zindanı: Boyun Eğmez II,tr-TR
Sphäre des Segens: Beständigkeit III,Yadigar Zindanı: Boyun Eğmez III,tr-TR
Sphäre des Segens: Beständigkeit IV,Yadigar Zindanı: Boyun Eğmez IV,tr-TR
Sphäre des Segens: Blütenbankett I,Yadigar Zindanı: Çiçek Şöleni I,tr-TR
Sphäre des Segens: Blütenbankett II,Yadigar Zindanı: Çiçek Şöleni II,tr-TR
Sphäre des Segens: Blütenbankett III,Yadigar Zindanı: Çiçek Şöleni III,tr-TR
Sphäre des Segens: Blütenbankett IV,Yadigar Zindanı: Çiçek Şöleni IV,tr-TR
Sphäre des Segens: Einsame Stadt der Wüste I,Yadigar Zindanı: Çöl Hisarı I,tr-TR
Sphäre des Segens: Einsame Stadt der Wüste II,Yadigar Zindanı: Çöl Hisarı II,tr-TR
Sphäre des Segens: Einsame Stadt der Wüste III,Yadigar Zindanı: Çöl Hisarı III,tr-TR
Sphäre des Segens: Einsame Stadt der Wüste IV,Yadigar Zindanı: Çöl Hisarı IV,tr-TR
Sphäre des Segens: Feuer der Läuterung I,Yadigar Zindanı: Arınma Ateşi I,tr-TR
Sphäre des Segens: Feuer der Läuterung II,Yadigar Zindanı: Arınma Ateşi II,tr-TR
Sphäre des Segens: Feuer der Läuterung III,Yadigar Zindanı: Arınma Ateşi III,tr-TR
Sphäre des Segens: Feuer der Läuterung IV,Yadigar Zindanı: Arınma Ateşi IV,tr-TR
Sphäre des Segens: Feuer der Läuterung V,Yadigar Zindanı: Arınma Ateşi V,tr-TR
Sphäre des Segens: Feuer der Läuterung VI,Yadigar Zindanı: Arınma Ateşi VI,tr-TR
Sphäre des Segens: Frostiger Abschied I,Yadigar Zindanı: Elemli Kırağı I,tr-TR
Sphäre des Segens: Frostiger Abschied II,Yadigar Zindanı: Elemli Kırağı II,tr-TR
Sphäre des Segens: Frostiger Abschied III,Yadigar Zindanı: Elemli Kırağı III,tr-TR
Sphäre des Segens: Frostiger Abschied IV,Yadigar Zindanı: Elemli Kırağı IV,tr-TR
Sphäre des Segens: Frühjahr I,Yadigar Zindanı: İlkbahar I,tr-TR
Sphäre des Segens: Frühjahr II,Yadigar Zindanı: İlkbahar II,tr-TR
Sphäre des Segens: Frühjahr III,Yadigar Zindanı: İlkbahar III,tr-TR
Sphäre des Segens: Frühjahr IV,Yadigar Zindanı: İlkbahar IV,tr-TR
Sphäre des Segens: Frühjahr V,Yadigar Zindanı: İlkbahar V,tr-TR
Sphäre des Segens: Frühjahr VI,Yadigar Zindanı: İlkbahar VI,tr-TR
Sphäre des Segens: Harmonie I,Yadigar Zindanı: Uyum I,tr-TR
Sphäre des Segens: Harmonie II,Yadigar Zindanı: Uyum II,tr-TR
Sphäre des Segens: Harmonie III,Yadigar Zindanı: Uyum III,tr-TR
Sphäre des Segens: Harmonie IV,Yadigar Zindanı: Uyum IV,tr-TR
Sphäre des Segens: Heilige Kammer I,Yadigar Zindanı: Kutsal Sığınak I,tr-TR
Sphäre des Segens: Heilige Kammer II,Yadigar Zindanı: Kutsal Sığınak II,tr-TR
Sphäre des Segens: Heilige Kammer III,Yadigar Zindanı: Kutsal Sığınak III,tr-TR
Sphäre des Segens: Heilige Kammer IV,Yadigar Zindanı: Kutsal Sığınak IV,tr-TR
Sphäre des Segens: Herleitungen aus der Tiefe I,Yadigar Zindanı: Derin Sirayet I,tr-TR
Sphäre des Segens: Herleitungen aus der Tiefe II,Yadigar Zindanı: Derin Sirayet II,tr-TR
Sphäre des Segens: Herleitungen aus der Tiefe III,Yadigar Zindanı: Derin Sirayet III,tr-TR
Sphäre des Segens: Herleitungen aus der Tiefe IV,Yadigar Zindanı: Derin Sirayet IV,tr-TR
Sphäre des Segens: Loderndes Feuer I,Yadigar Zindanı: Kükreyen Alev I,tr-TR
Sphäre des Segens: Loderndes Feuer II,Yadigar Zindanı: Kükreyen Alev II,tr-TR
Sphäre des Segens: Loderndes Feuer III,Yadigar Zindanı: Kükreyen Alev III,tr-TR
Sphäre des Segens: Loderndes Feuer IV,Yadigar Zindanı: Kükreyen Alev IV,tr-TR
Sphäre des Segens: Nagendes Eis I,Yadigar Zindanı: Buz Aşınması I,tr-TR
Sphäre des Segens: Nagendes Eis II,Yadigar Zindanı: Buz Aşınması II,tr-TR
Sphäre des Segens: Nagendes Eis III,Yadigar Zindanı: Buz Aşınması III,tr-TR
Sphäre des Segens: Nagendes Eis IV,Yadigar Zindanı: Buz Aşınması IV,tr-TR
Sphäre des Segens: Nekropole I,Yadigar Zindanı: Kabristan I,tr-TR
Sphäre des Segens: Nekropole II,Yadigar Zindanı: Kabristan II,tr-TR
Sphäre des Segens: Nekropole III,Yadigar Zindanı: Kabristan III,tr-TR
Sphäre des Segens: Nekropole IV,Yadigar Zindanı: Kabristan IV,tr-TR
Sphäre des Segens: Nest der Maschinen I,Yadigar Zindanı: Makina Yuvası I,tr-TR
Sphäre des Segens: Nest der Maschinen II,Yadigar Zindanı: Makina Yuvası II,tr-TR
Sphäre des Segens: Nest der Maschinen III,Yadigar Zindanı: Makina Yuvası III,tr-TR
Sphäre des Segens: Nest der Maschinen IV,Yadigar Zindanı: Makina Yuvası IV,tr-TR
Sphäre des Segens: Schmelzofen der Flammen I,Yadigar Zindanı: Alev Meydanı I,tr-TR
Sphäre des Segens: Schmelzofen der Flammen II,Yadigar Zindanı: Alev Meydanı II,tr-TR
Sphäre des Segens: Schmelzofen der Flammen III,Yadigar Zindanı: Alev Meydanı III,tr-TR
Sphäre des Segens: Schmelzofen der Flammen IV,Yadigar Zindanı: Alev Meydanı IV,tr-TR
Sphäre des Segens: Sieben Sinne I,Yadigar Zindanı: Yedi Duyu I,tr-TR
Sphäre des Segens: Sieben Sinne II,Yadigar Zindanı: Yedi Duyu II,tr-TR
Sphäre des Segens: Sieben Sinne III,Yadigar Zindanı: Yedi Duyu III,tr-TR
Sphäre des Segens: Sieben Sinne IV,Yadigar Zindanı: Yedi Duyu IV,tr-TR
Sphäre des Segens: Steinernes Gefängnis I,Yadigar Zindanı: Taş Oda I,tr-TR
Sphäre des Segens: Steinernes Gefängnis II,Yadigar Zindanı: Taş Oda II,tr-TR
Sphäre des Segens: Steinernes Gefängnis III,Yadigar Zindanı: Taş Oda III,tr-TR
Sphäre des Segens: Tanz des Stahls I,Yadigar Zindanı: Çelik Dansı I,tr-TR
Sphäre des Segens: Tanz des Stahls II,Yadigar Zindanı: Çelik Dansı II,tr-TR
Sphäre des Segens: Tanz des Stahls III,Yadigar Zindanı: Çelik Dansı III,tr-TR
Sphäre des Segens: Tanz des Stahls IV,Yadigar Zindanı: Çelik Dansı IV,tr-TR
Sphäre des Segens: Tanz des Stahls V,Yadigar Zindanı: Çelik Dansı V,tr-TR
Sphäre des Segens: Tiefenfeuer-Konstrukt I,Yadigar Zindanı: Derin Ateş Yapısı I,tr-TR
Sphäre des Segens: Tiefenfeuer-Konstrukt II,Yadigar Zindanı: Derin Ateş Yapısı II,tr-TR
Sphäre des Segens: Tiefenfeuer-Konstrukt III,Yadigar Zindanı: Derin Ateş Yapısı III,tr-TR
Sphäre des Segens: Tiefenfeuer-Konstrukt IV,Yadigar Zindanı: Derin Ateş Yapısı IV,tr-TR
Sphäre des Segens: Variation I,Yadigar Zindanı: Çeşitlilik I,tr-TR
Sphäre des Segens: Variation II,Yadigar Zindanı: Çeşitlilik II,tr-TR
Sphäre des Segens: Variation III,Yadigar Zindanı: Çeşitlilik III,tr-TR
Sphäre des Segens: Variation IV,Yadigar Zindanı: Çeşitlilik IV,tr-TR
Sphäre des Segens: Verfallener Treffpunkt I,Yadigar Zindanı: Parçalanmış Salon I,tr-TR
Sphäre des Segens: Verfallener Treffpunkt II,Yadigar Zindanı: Parçalanmış Salon II,tr-TR
Sphäre des Segens: Verfallener Treffpunkt III,Yadigar Zindanı: Parçalanmış Salon III,tr-TR
Sphäre des Segens: Verfallener Treffpunkt IV,Yadigar Zindanı: Parçalanmış Salon IV,tr-TR
Sphäre des Segens: Verlassene Grenze I,Yadigar Zindanı: Terkedilmiş Sur I,tr-TR
Sphäre des Segens: Verlassene Grenze II,Yadigar Zindanı: Terkedilmiş Sur II,tr-TR
Sphäre des Segens: Verlassene Grenze III,Yadigar Zindanı: Terkedilmiş Sur III,tr-TR
Sphäre des Segens: Verlassene Grenze IV,Yadigar Zindanı: Terkedilmiş Sur IV,tr-TR
Sphäre des Verständnisses: Abgrund voller Eis I,Ustalık Zindanı: Donmuş Hiçlik I,tr-TR
Sphäre des Verständnisses: Abgrund voller Eis II,Ustalık Zindanı: Donmuş Hiçlik II,tr-TR
Sphäre des Verständnisses: Abgrund voller Eis III,Ustalık Zindanı: Donmuş Hiçlik III,tr-TR
Sphäre des Verständnisses: Abgrund voller Eis IV,Ustalık Zindanı: Donmuş Hiçlik IV,tr-TR
Sphäre des Verständnisses: Altar der Flammen I,Ustalık Zindanı: Alaz Sunağı I,tr-TR
Sphäre des Verständnisses: Altar der Flammen II,Ustalık Zindanı: Alaz Sunağı II,tr-TR
Sphäre des Verständnisses: Altar der Flammen III,Ustalık Zindanı: Alaz Sunağı III,tr-TR
Sphäre des Verständnisses: Altar der Flammen IV,Ustalık Zindanı: Alaz Sunağı IV,tr-TR
Sphäre des Verständnisses: Auf den Kopf gestelltes Nest I,Ustalık Zindanı: Dağılan Yuva I,tr-TR
Sphäre des Verständnisses: Auf den Kopf gestelltes Nest II,Ustalık Zindanı: Dağılan Yuva II,tr-TR
Sphäre des Verständnisses: Auf den Kopf gestelltes Nest III,Ustalık Zindanı: Dağılan Yuva III,tr-TR
Sphäre des Verständnisses: Auf den Kopf gestelltes Nest IV,Ustalık Zindanı: Dağılan Yuva IV,tr-TR
Sphäre des Verständnisses: Die begrabene Stadt I,Ustalık Zindanı: Düşmüş Şehir I,tr-TR
Sphäre des Verständnisses: Die begrabene Stadt II,Ustalık Zindanı: Düşmüş Şehir II,tr-TR
Sphäre des Verständnisses: Die begrabene Stadt III,Ustalık Zindanı: Düşmüş Şehir III,tr-TR
Sphäre des Verständnisses: Die begrabene Stadt IV,Ustalık Zindanı: Düşmüş Şehir IV,tr-TR
Sphäre des Verständnisses: Disziplin I,Ustalık Zindanı: Disiplin I,tr-TR
Sphäre des Verständnisses: Disziplin II,Ustalık Zindanı: Disiplin II,tr-TR
Sphäre des Verständnisses: Disziplin III,Ustalık Zindanı: Disiplin III,tr-TR
Sphäre des Verständnisses: Disziplin IV,Ustalık Zindanı: Disiplin IV,tr-TR
Sphäre des Verständnisses: Eremitage I,Ustalık Zindanı: İnziva I,tr-TR
Sphäre des Verständnisses: Eremitage II,Ustalık Zindanı: İnziva II,tr-TR
Sphäre des Verständnisses: Eremitage III,Ustalık Zindanı: İnziva III,tr-TR
Sphäre des Verständnisses: Eremitage IV,Ustalık Zindanı: İnziva IV,tr-TR
Sphäre des Verständnisses: Gemeinsame Betrachtung I,Ustalık Zindanı: Ortak Vizyon I,tr-TR
Sphäre des Verständnisses: Gemeinsame Betrachtung II,Ustalık Zindanı: Ortak Vizyon II,tr-TR
Sphäre des Verständnisses: Gemeinsame Betrachtung III,Ustalık Zindanı: Ortak Vizyon III,tr-TR
Sphäre des Verständnisses: Gemeinsame Betrachtung IV,Ustalık Zindanı: Ortak Vizyon IV,tr-TR
Sphäre des Verständnisses: Gewitztheit I,Ustalık Zindanı: Nükte I,tr-TR
Sphäre des Verständnisses: Gewitztheit II,Ustalık Zindanı: Nükte II,tr-TR
Sphäre des Verständnisses: Gewitztheit III,Ustalık Zindanı: Nükte III,tr-TR
Sphäre des Verständnisses: Gewitztheit IV,Ustalık Zindanı: Nükte IV,tr-TR
Sphäre des Verständnisses: Grund der Flammen I,Ustalık Zindanı: Alevin Kalbi I,tr-TR
Sphäre des Verständnisses: Grund der Flammen II,Ustalık Zindanı: Alevin Kalbi II,tr-TR
Sphäre des Verständnisses: Grund der Flammen III,Ustalık Zindanı: Alevin Kalbi III,tr-TR
Sphäre des Verständnisses: Grund der Flammen IV,Ustalık Zindanı: Alevin Kalbi IV,tr-TR
Sphäre des Verständnisses: Illusion I,Ustalık Zindanı: Sayısız Yanılsama I,tr-TR
Sphäre des Verständnisses: Illusion II,Ustalık Zindanı: Sayısız Yanılsama II,tr-TR
Sphäre des Verständnisses: Illusion III,Ustalık Zindanı: Sayısız Yanılsama III,tr-TR
Sphäre des Verständnisses: Illusion IV,Ustalık Zindanı: Sayısız Yanılsama IV,tr-TR
Sphäre des Verständnisses: Klingende Rezitation I,Ustalık Zindanı: Ahenkli Okuma I,tr-TR
Sphäre des Verständnisses: Klingende Rezitation II,Ustalık Zindanı: Ahenkli Okuma II,tr-TR
Sphäre des Verständnisses: Klingende Rezitation III,Ustalık Zindanı: Ahenkli Okuma III,tr-TR
Sphäre des Verständnisses: Klingende Rezitation IV,Ustalık Zindanı: Ahenkli Okuma IV,tr-TR
Sphäre des Verständnisses: Kontemplation I,Ustalık Zindanı: Tefekkür I,tr-TR
Sphäre des Verständnisses: Kontemplation II,Ustalık Zindanı: Tefekkür II,tr-TR
Sphäre des Verständnisses: Kontemplation III,Ustalık Zindanı: Tefekkür III,tr-TR
Sphäre des Verständnisses: Kontemplation IV,Ustalık Zindanı: Tefekkür IV,tr-TR
Sphäre des Verständnisses: Mahnende Inschrift I,Ustalık Zindanı: Uyarı Yazıtı I,tr-TR
Sphäre des Verständnisses: Mahnende Inschrift II,Ustalık Zindanı: Uyarı Yazıtı II,tr-TR
Sphäre des Verständnisses: Mahnende Inschrift III,Ustalık Zindanı: Uyarı Yazıtı III,tr-TR
Sphäre des Verständnisses: Mahnende Inschrift IV,Ustalık Zindanı: Uyarı Yazıtı IV,tr-TR
Sphäre des Verständnisses: Reich des Schlafs I,Ustalık Zindanı: Uyku Diyarı I,tr-TR
Sphäre des Verständnisses: Reich des Schlafs II,Ustalık Zindanı: Uyku Diyarı II,tr-TR
Sphäre des Verständnisses: Reich des Schlafs III,Ustalık Zindanı: Uyku Diyarı III,tr-TR
Sphäre des Verständnisses: Reich des Schlafs IV,Ustalık Zindanı: Uyku Diyarı IV,tr-TR
Sphäre des Verständnisses: Reimender Rhythmus I,Ustalık Zindanı: Ritmin Ahengi I,tr-TR
Sphäre des Verständnisses: Reimender Rhythmus II,Ustalık Zindanı: Ritmin Ahengi II,tr-TR
Sphäre des Verständnisses: Reimender Rhythmus III,Ustalık Zindanı: Ritmin Ahengi III,tr-TR
Sphäre des Verständnisses: Reimender Rhythmus IV,Ustalık Zindanı: Ritmin Ahengi IV,tr-TR
Sphäre des Verständnisses: Ring aus glimmender Asche I,Ustalık Zindanı: Kor Çemberi I,tr-TR
Sphäre des Verständnisses: Ring aus glimmender Asche II,Ustalık Zindanı: Kor Çemberi II,tr-TR
Sphäre des Verständnisses: Ring aus glimmender Asche III,Ustalık Zindanı: Kor Çemberi III,tr-TR
Sphäre des Verständnisses: Ring aus glimmender Asche IV,Ustalık Zindanı: Kor Çemberi IV,tr-TR
Sphäre des Verständnisses: Tal der Blitze I,Ustalık Zindanı: Uğultulu Vadi I,tr-TR
Sphäre des Verständnisses: Tal der Blitze II,Ustalık Zindanı: Uğultulu Vadi II,tr-TR
Sphäre des Verständnisses: Tal der Blitze III,Ustalık Zindanı: Uğultulu Vadi III,tr-TR
Sphäre des Verständnisses: Tal der Blitze IV,Ustalık Zindanı: Uğultulu Vadi IV,tr-TR
Sphäre des Verständnisses: Unbeständigkeit I,Ustalık Zindanı: Yüce Dönüş I,tr-TR
Sphäre des Verständnisses: Unbeständigkeit II,Ustalık Zindanı: Yüce Dönüş II,tr-TR
Sphäre des Verständnisses: Unbeständigkeit III,Ustalık Zindanı: Yüce Dönüş III,tr-TR
Sphäre des Verständnisses: Unbeständigkeit IV,Ustalık Zindanı: Yüce Dönüş IV,tr-TR
Sphäre des Verständnisses: Verlassene Ruinen I,Ustalık Zindanı: Asmalı Harabeler I,tr-TR
Sphäre des Verständnisses: Verlassene Ruinen II,Ustalık Zindanı: Asmalı Harabeler II,tr-TR
Sphäre des Verständnisses: Verlassene Ruinen III,Ustalık Zindanı: Asmalı Harabeler III,tr-TR
Sphäre des Verständnisses: Verlassene Ruinen IV,Ustalık Zindanı: Asmalı Harabeler IV,tr-TR
Sphäre des Verständnisses: Vermächtnis im Schatten I,Ustalık Zindanı: Unutulmuş Miras I,tr-TR
Sphäre des Verständnisses: Vermächtnis im Schatten II,Ustalık Zindanı: Unutulmuş Miras II,tr-TR
Sphäre des Verständnisses: Vermächtnis im Schatten III,Ustalık Zindanı: Unutulmuş Miras III,tr-TR
Sphäre des Verständnisses: Vermächtnis im Schatten IV,Ustalık Zindanı: Unutulmuş Miras IV,tr-TR
Sphäre des Verständnisses: Veränderung I,Ustalık Zindanı: Geri Dönüş I,tr-TR
Sphäre des Verständnisses: Veränderung II,Ustalık Zindanı: Geri Dönüş II,tr-TR
Sphäre des Verständnisses: Veränderung III,Ustalık Zindanı: Geri Dönüş III,tr-TR
Sphäre des Verständnisses: Veränderung IV,Ustalık Zindanı: Geri Dönüş IV,tr-TR
Sphäre des Verständnisses: Violettes Reich I,Ustalık Zindanı: Mor Saltanat I,tr-TR
Sphäre des Verständnisses: Violettes Reich II,Ustalık Zindanı: Mor Saltanat II,tr-TR
Sphäre des Verständnisses: Violettes Reich III,Ustalık Zindanı: Mor Saltanat III,tr-TR
Sphäre des Verständnisses: Violettes Reich IV,Ustalık Zindanı: Mor Saltanat IV,tr-TR
Sphäre des Verständnisses: Vollmond I,Ustalık Zindanı: Dolunay I,tr-TR
Sphäre des Verständnisses: Vollmond II,Ustalık Zindanı: Dolunay II,tr-TR
Sphäre des Verständnisses: Vollmond III,Ustalık Zindanı: Dolunay III,tr-TR
Sphäre des Verständnisses: Vollmond IV,Ustalık Zindanı: Dolunay IV,tr-TR
Sphäre des Verständnisses: Zugefrorener Altar I,Ustalık Zindanı: Donuk Sunak I,tr-TR
Sphäre des Verständnisses: Zugefrorener Altar II,Ustalık Zindanı: Donuk Sunak II,tr-TR
Sphäre des Verständnisses: Zugefrorener Altar III,Ustalık Zindanı: Donuk Sunak III,tr-TR
Sphäre des Verständnisses: Zugefrorener Altar IV,Ustalık Zindanı: Donuk Sunak IV,tr-TR
Воля: Алтарь грозовых туч I,Döküm Zindanı: Fırtına Sunağı I,tr-TR
Воля: Алтарь грозовых туч II,Döküm Zindanı: Fırtına Sunağı II,tr-TR
Воля: Алтарь грозовых туч III,Döküm Zindanı: Fırtına Sunağı III,tr-TR
Воля: Алтарь грозовых туч IV,Döküm Zindanı: Fırtına Sunağı IV,tr-TR
Воля: Ведущая карма I,Döküm Zindanı: Öncü Karma I,tr-TR
Воля: Ведущая карма II,Döküm Zindanı: Öncü Karma II,tr-TR
Воля: Ведущая карма III,Döküm Zindanı: Öncü Karma III,tr-TR
Воля: Ведущая карма IV,Döküm Zindanı: Öncü Karma IV,tr-TR
Воля: Город отражений I,Döküm Zindanı: Yansımalar Şehri I,tr-TR
Воля: Город отражений II,Döküm Zindanı: Yansımalar Şehri II,tr-TR
Воля: Город отражений III,Döküm Zindanı: Yansımalar Şehri III,tr-TR
Воля: Город отражений IV,Döküm Zindanı: Yansımalar Şehri IV,tr-TR
Воля: Древние испытания молнии I,Döküm Zindanı: Yıldırım İmtihanı Alanı I,tr-TR
Воля: Древние испытания молнии II,Döküm Zindanı: Yıldırım İmtihanı Alanı II,tr-TR
Воля: Древние испытания молнии III,Döküm Zindanı: Yıldırım İmtihanı Alanı III,tr-TR
Воля: Древние испытания молнии IV,Döküm Zindanı: Yıldırım İmtihanı Alanı IV,tr-TR
Воля: Затопленное ущелье I,Döküm Zindanı: Batık Vadi I,tr-TR
Воля: Затопленное ущелье II,Döküm Zindanı: Batık Vadi II,tr-TR
Воля: Затопленное ущелье III,Döküm Zindanı: Batık Vadi III,tr-TR
Воля: Затопленное ущелье IV,Döküm Zindanı: Batık Vadi IV,tr-TR
Воля: Искушение I,Döküm Zindanı: Takıntı I,tr-TR
Воля: Искушение II,Döküm Zindanı: Takıntı II,tr-TR
Воля: Искушение III,Döküm Zindanı: Takıntı III,tr-TR
Воля: Искушение IV,Döküm Zindanı: Takıntı IV,tr-TR
Воля: Песчаная бездна I,Döküm Zindanı: Kum Bataklığı I,tr-TR
Воля: Песчаная бездна II,Döküm Zindanı: Kum Bataklığı II,tr-TR
Воля: Песчаная бездна III,Döküm Zindanı: Kum Bataklığı III,tr-TR
Воля: Песчаная бездна IV,Döküm Zindanı: Kum Bataklığı IV,tr-TR
Воля: Песчаная могила I,Döküm Zindanı: Kum Mezarı I,tr-TR
Воля: Песчаная могила II,Döküm Zindanı: Kum Mezarı II,tr-TR
Воля: Песчаная могила III,Döküm Zindanı: Kum Mezarı III,tr-TR
Воля: Песчаная могила IV,Döküm Zindanı: Kum Mezarı IV,tr-TR
Воля: Песчаный алтарь I,Döküm Zindanı: Kum Sunağı I,tr-TR
Воля: Песчаный алтарь II,Döküm Zindanı: Kum Sunağı II,tr-TR
Воля: Песчаный алтарь III,Döküm Zindanı: Kum Sunağı III,tr-TR
Воля: Песчаный алтарь IV,Döküm Zindanı: Kum Sunağı IV,tr-TR
Воля: Ремесло I,Döküm Zindanı: İşçilik I,tr-TR
Воля: Ремесло II,Döküm Zindanı: İşçilik II,tr-TR
Воля: Ремесло III,Döküm Zindanı: İşçilik III,tr-TR
Воля: Ремесло IV,Döküm Zindanı: İşçilik IV,tr-TR
Воля: Робо-уловка I,Döküm Zindanı: Robot Aklı I,tr-TR
Воля: Робо-уловка II,Döküm Zindanı: Robot Aklı II,tr-TR
Воля: Робо-уловка III,Döküm Zindanı: Robot Aklı III,tr-TR
Воля: Робо-уловка IV,Döküm Zindanı: Robot Aklı IV,tr-TR
Воля: Рокочущие руины I,Döküm Zindanı: Gürleyen Harabeler I,tr-TR
Воля: Рокочущие руины II,Döküm Zindanı: Gürleyen Harabeler II,tr-TR
Воля: Рокочущие руины III,Döküm Zindanı: Gürleyen Harabeler III,tr-TR
Воля: Рокочущие руины IV,Döküm Zindanı: Gürleyen Harabeler IV,tr-TR
Воля: Руины жаждущего города I,Döküm Zindanı: Susuz Şehrin Harabeleri I,tr-TR
Воля: Руины жаждущего города II,Döküm Zindanı: Susuz Şehrin Harabeleri II,tr-TR
Воля: Руины жаждущего города III,Döküm Zindanı: Susuz Şehrin Harabeleri III,tr-TR
Воля: Руины жаждущего города IV,Döküm Zindanı: Susuz Şehrin Harabeleri IV,tr-TR
Воля: Скверные тучи I,Döküm Zindanı: Lekeli Bulutlar I,tr-TR
Воля: Скверные тучи II,Döküm Zindanı: Lekeli Bulutlar II,tr-TR
Воля: Скверные тучи III,Döküm Zindanı: Lekeli Bulutlar III,tr-TR
Воля: Скверные тучи IV,Döküm Zindanı: Lekeli Bulutlar IV,tr-TR
Воля: Удивительные механизмы I,Döküm Zindanı: Tuhaf Mekanizmalar I,tr-TR
Воля: Удивительные механизмы II,Döküm Zindanı: Tuhaf Mekanizmalar II,tr-TR
Воля: Удивительные механизмы III,Döküm Zindanı: Tuhaf Mekanizmalar III,tr-TR
Воля: Удивительные механизмы IV,Döküm Zindanı: Tuhaf Mekanizmalar IV,tr-TR
Мастерство: Алтарь пламени I,Ustalık Zindanı: Alaz Sunağı I,tr-TR
Мастерство: Алтарь пламени II,Ustalık Zindanı: Alaz Sunağı II,tr-TR
Мастерство: Алтарь пламени III,Ustalık Zindanı: Alaz Sunağı III,tr-TR
Мастерство: Алтарь пламени IV,Ustalık Zindanı: Alaz Sunağı IV,tr-TR
Мастерство: Инеевый алтарь I,Ustalık Zindanı: Donuk Sunak I,tr-TR
Мастерство: Инеевый алтарь II,Ustalık Zindanı: Donuk Sunak II,tr-TR
Мастерство: Инеевый алтарь III,Ustalık Zindanı: Donuk Sunak III,tr-TR
Мастерство: Инеевый алтарь IV,Ustalık Zindanı: Donuk Sunak IV,tr-TR
Мастерство: Корзина дисциплины I,Ustalık Zindanı: Disiplin I,tr-TR
Мастерство: Корзина дисциплины II,Ustalık Zindanı: Disiplin II,tr-TR
Мастерство: Корзина дисциплины III,Ustalık Zindanı: Disiplin III,tr-TR
Мастерство: Корзина дисциплины IV,Ustalık Zindanı: Disiplin IV,tr-TR
Мастерство: Ледяная Бездна I,Ustalık Zindanı: Donmuş Hiçlik I,tr-TR
Мастерство: Ледяная Бездна II,Ustalık Zindanı: Donmuş Hiçlik II,tr-TR
Мастерство: Ледяная Бездна III,Ustalık Zindanı: Donmuş Hiçlik III,tr-TR
Мастерство: Ледяная Бездна IV,Ustalık Zindanı: Donmuş Hiçlik IV,tr-TR
Мастерство: Мелодичная декламация I,Ustalık Zindanı: Ahenkli Okuma I,tr-TR
Мастерство: Мелодичная декламация II,Ustalık Zindanı: Ahenkli Okuma II,tr-TR
Мастерство: Мелодичная декламация III,Ustalık Zindanı: Ahenkli Okuma III,tr-TR
Мастерство: Мелодичная декламация IV,Ustalık Zindanı: Ahenkli Okuma IV,tr-TR
Мастерство: Палящий круг I,Ustalık Zindanı: Kor Çemberi I,tr-TR
Мастерство: Палящий круг II,Ustalık Zindanı: Kor Çemberi II,tr-TR
Мастерство: Палящий круг III,Ustalık Zindanı: Kor Çemberi III,tr-TR
Мастерство: Палящий круг IV,Ustalık Zindanı: Kor Çemberi IV,tr-TR
Мастерство: Полная луна I,Ustalık Zindanı: Dolunay I,tr-TR
Мастерство: Полная луна II,Ustalık Zindanı: Dolunay II,tr-TR
Мастерство: Полная луна III,Ustalık Zindanı: Dolunay III,tr-TR
Мастерство: Полная луна IV,Ustalık Zindanı: Dolunay IV,tr-TR
Мастерство: Предостережение I,Ustalık Zindanı: Uyarı Yazıtı I,tr-TR
Мастерство: Предостережение II,Ustalık Zindanı: Uyarı Yazıtı II,tr-TR
Мастерство: Предостережение III,Ustalık Zindanı: Uyarı Yazıtı III,tr-TR
Мастерство: Предостережение IV,Ustalık Zindanı: Uyarı Yazıtı IV,tr-TR
Мастерство: Рифмованные рифмы I,Ustalık Zindanı: Ritmin Ahengi I,tr-TR
Мастерство: Рифмованные рифмы II,Ustalık Zindanı: Ritmin Ahengi II,tr-TR
Мастерство: Рифмованные рифмы III,Ustalık Zindanı: Ritmin Ahengi III,tr-TR
Мастерство: Рифмованные рифмы IV,Ustalık Zindanı: Ritmin Ahengi IV,tr-TR
Мастерство: Руины Кудзу I,Ustalık Zindanı: Asmalı Harabeler I,tr-TR
Мастерство: Руины Кудзу II,Ustalık Zindanı: Asmalı Harabeler II,tr-TR
Мастерство: Руины Кудзу III,Ustalık Zindanı: Asmalı Harabeler III,tr-TR
Мастерство: Руины Кудзу IV,Ustalık Zindanı: Asmalı Harabeler IV,tr-TR
Мастерство: Сердце пламени I,Ustalık Zindanı: Alevin Kalbi I,tr-TR
Мастерство: Сердце пламени II,Ustalık Zindanı: Alevin Kalbi II,tr-TR
Мастерство: Сердце пламени III,Ustalık Zindanı: Alevin Kalbi III,tr-TR
Мастерство: Сердце пламени IV,Ustalık Zindanı: Alevin Kalbi IV,tr-TR
Мастерство: Умные речи I,Ustalık Zindanı: Nükte I,tr-TR
Мастерство: Умные речи II,Ustalık Zindanı: Nükte II,tr-TR
Мастерство: Умные речи III,Ustalık Zindanı: Nükte III,tr-TR
Мастерство: Умные речи IV,Ustalık Zindanı: Nükte IV,tr-TR
Мастерство: Ущелье весеннего грома I,Ustalık Zindanı: Uğultulu Vadi I,tr-TR
Мастерство: Ущелье весеннего грома II,Ustalık Zindanı: Uğultulu Vadi II,tr-TR
Мастерство: Ущелье весеннего грома III,Ustalık Zindanı: Uğultulu Vadi III,tr-TR
Мастерство: Ущелье весеннего грома IV,Ustalık Zindanı: Uğultulu Vadi IV,tr-TR
Мастерство: Царство снов I,Ustalık Zindanı: Uyku Diyarı I,tr-TR
Мастерство: Царство снов II,Ustalık Zindanı: Uyku Diyarı II,tr-TR
Мастерство: Царство снов III,Ustalık Zindanı: Uyku Diyarı III,tr-TR
Мастерство: Царство снов IV,Ustalık Zindanı: Uyku Diyarı IV,tr-TR
Мастерство: Цветущее царство I,Ustalık Zindanı: Mor Saltanat I,tr-TR
Мастерство: Цветущее царство II,Ustalık Zindanı: Mor Saltanat II,tr-TR
Мастерство: Цветущее царство III,Ustalık Zindanı: Mor Saltanat III,tr-TR
Мастерство: Цветущее царство IV,Ustalık Zindanı: Mor Saltanat IV,tr-TR
Подземелье благословения: В поисках клёна I,Yadigar Zindanı: Sonbahar Avı I,tr-TR
Подземелье благословения: В поисках клёна II,Yadigar Zindanı: Sonbahar Avı II,tr-TR
Подземелье благословения: В поисках клёна III,Yadigar Zindanı: Sonbahar Avı III,tr-TR
Подземелье благословения: В поисках клёна IV,Yadigar Zindanı: Sonbahar Avı IV,tr-TR
Подземелье благословения: Вариация I,Yadigar Zindanı: Çeşitlilik I,tr-TR
Подземелье благословения: Вариация II,Yadigar Zindanı: Çeşitlilik II,tr-TR
Подземелье благословения: Вариация III,Yadigar Zindanı: Çeşitlilik III,tr-TR
Подземелье благословения: Вариация IV,Yadigar Zindanı: Çeşitlilik IV,tr-TR
Подземелье благословения: Весна I,Yadigar Zindanı: İlkbahar I,tr-TR
Подземелье благословения: Весна II,Yadigar Zindanı: İlkbahar II,tr-TR
Подземелье благословения: Весна III,Yadigar Zindanı: İlkbahar III,tr-TR
Подземелье благословения: Весна IV,Yadigar Zindanı: İlkbahar IV,tr-TR
Подземелье благословения: Весна V,Yadigar Zindanı: İlkbahar V,tr-TR
Подземелье благословения: Весна VI,Yadigar Zindanı: İlkbahar VI,tr-TR
Подземелье благословения: Гармония I,Yadigar Zindanı: Uyum I,tr-TR
Подземелье благословения: Гармония II,Yadigar Zindanı: Uyum II,tr-TR
Подземелье благословения: Гармония III,Yadigar Zindanı: Uyum III,tr-TR
Подземелье благословения: Гармония IV,Yadigar Zindanı: Uyum IV,tr-TR
Подземелье благословения: Дробящееся собрание I,Yadigar Zindanı: Parçalanmış Salon I,tr-TR
Подземелье благословения: Дробящееся собрание II,Yadigar Zindanı: Parçalanmış Salon II,tr-TR
Подземелье благословения: Дробящееся собрание III,Yadigar Zindanı: Parçalanmış Salon III,tr-TR
Подземелье благословения: Дробящееся собрание IV,Yadigar Zindanı: Parçalanmış Salon IV,tr-TR
Подземелье благословения: Заброшенная твердыня I,Yadigar Zindanı: Terkedilmiş Sur I,tr-TR
Подземелье благословения: Заброшенная твердыня II,Yadigar Zindanı: Terkedilmiş Sur II,tr-TR
Подземелье благословения: Заброшенная твердыня III,Yadigar Zindanı: Terkedilmiş Sur III,tr-TR
Подземелье благословения: Заброшенная твердыня IV,Yadigar Zindanı: Terkedilmiş Sur IV,tr-TR
Подземелье благословения: Испытание пламенем I,Yadigar Zindanı: Alev Meydanı I,tr-TR
Подземелье благословения: Испытание пламенем II,Yadigar Zindanı: Alev Meydanı II,tr-TR
Подземелье благословения: Испытание пламенем III,Yadigar Zindanı: Alev Meydanı III,tr-TR
Подземелье благословения: Испытание пламенем IV,Yadigar Zindanı: Alev Meydanı IV,tr-TR
Подземелье благословения: Каменная темница I,Yadigar Zindanı: Taş Oda I,tr-TR
Подземелье благословения: Каменная темница II,Yadigar Zindanı: Taş Oda II,tr-TR
Подземелье благословения: Каменная темница III,Yadigar Zindanı: Taş Oda III,tr-TR
Подземелье благословения: Ледниковая эрозия I,Yadigar Zindanı: Buz Aşınması I,tr-TR
Подземелье благословения: Ледниковая эрозия II,Yadigar Zindanı: Buz Aşınması II,tr-TR
Подземелье благословения: Ледниковая эрозия III,Yadigar Zindanı: Buz Aşınması III,tr-TR
Подземелье благословения: Ледниковая эрозия IV,Yadigar Zindanı: Buz Aşınması IV,tr-TR
Подземелье благословения: Механическое гнездо I,Yadigar Zindanı: Makina Yuvası I,tr-TR
Подземелье благословения: Механическое гнездо II,Yadigar Zindanı: Makina Yuvası II,tr-TR
Подземелье благословения: Механическое гнездо III,Yadigar Zindanı: Makina Yuvası III,tr-TR
Подземелье благословения: Механическое гнездо IV,Yadigar Zindanı: Makina Yuvası IV,tr-TR
Подземелье благословения: Некрополь I,Yadigar Zindanı: Kabristan I,tr-TR
Подземелье благословения: Некрополь II,Yadigar Zindanı: Kabristan II,tr-TR
Подземелье благословения: Некрополь III,Yadigar Zindanı: Kabristan III,tr-TR
Подземелье благословения: Некрополь IV,Yadigar Zindanı: Kabristan IV,tr-TR
Подземелье благословения: Неподвижный I,Yadigar Zindanı: Boyun Eğmez I,tr-TR
Подземелье благословения: Неподвижный II,Yadigar Zindanı: Boyun Eğmez II,tr-TR
Подземелье благословения: Неподвижный III,Yadigar Zindanı: Boyun Eğmez III,tr-TR
Подземелье благословения: Неподвижный IV,Yadigar Zindanı: Boyun Eğmez IV,tr-TR
Подземелье благословения: Пламя очищения I,Yadigar Zindanı: Arınma Ateşi I,tr-TR
Подземелье благословения: Пламя очищения II,Yadigar Zindanı: Arınma Ateşi II,tr-TR
Подземелье благословения: Пламя очищения III,Yadigar Zindanı: Arınma Ateşi III,tr-TR
Подземелье благословения: Пламя очищения IV,Yadigar Zindanı: Arınma Ateşi IV,tr-TR
Подземелье благословения: Пламя очищения V,Yadigar Zindanı: Arınma Ateşi V,tr-TR
Подземелье благословения: Пламя очищения VI,Yadigar Zindanı: Arınma Ateşi VI,tr-TR
Подземелье благословения: Постройка глубинного огня I,Yadigar Zindanı: Derin Ateş Yapısı I,tr-TR
Подземелье благословения: Постройка глубинного огня II,Yadigar Zindanı: Derin Ateş Yapısı II,tr-TR
Подземелье благословения: Постройка глубинного огня III,Yadigar Zindanı: Derin Ateş Yapısı III,tr-TR
Подземелье благословения: Постройка глубинного огня IV,Yadigar Zindanı: Derin Ateş Yapısı IV,tr-TR
Подземелье благословения: Производные из глубины I,Yadigar Zindanı: Derin Sirayet I,tr-TR
Подземелье благословения: Производные из глубины II,Yadigar Zindanı: Derin Sirayet II,tr-TR
Подземелье благословения: Производные из глубины III,Yadigar Zindanı: Derin Sirayet III,tr-TR
Подземелье благословения: Производные из глубины IV,Yadigar Zindanı: Derin Sirayet IV,tr-TR
Подземелье благословения: Ревущий огонь I,Yadigar Zindanı: Kükreyen Alev I,tr-TR
Подземелье благословения: Ревущий огонь II,Yadigar Zindanı: Kükreyen Alev II,tr-TR
Подземелье благословения: Ревущий огонь III,Yadigar Zindanı: Kükreyen Alev III,tr-TR
Подземелье благословения: Ревущий огонь IV,Yadigar Zindanı: Kükreyen Alev IV,tr-TR
Подземелье благословения: Святилище I,Yadigar Zindanı: Kutsal Sığınak I,tr-TR
Подземелье благословения: Святилище II,Yadigar Zindanı: Kutsal Sığınak II,tr-TR
Подземелье благословения: Святилище III,Yadigar Zindanı: Kutsal Sığınak III,tr-TR
Подземелье благословения: Священное хранилище IV,Yadigar Zindanı: Kutsal Sığınak IV,tr-TR
Подземелье благословения: Семь чувств I,Yadigar Zindanı: Yedi Duyu I,tr-TR
Подземелье благословения: Семь чувств II,Yadigar Zindanı: Yedi Duyu II,tr-TR
Подземелье благословения: Семь чувств III,Yadigar Zindanı: Yedi Duyu III,tr-TR
Подземелье благословения: Семь чувств IV,Yadigar Zindanı: Yedi Duyu IV,tr-TR
Подземелье благословения: Танец стали I,Yadigar Zindanı: Çelik Dansı I,tr-TR
Подземелье благословения: Танец стали II,Yadigar Zindanı: Çelik Dansı II,tr-TR
Подземелье благословения: Танец стали III,Yadigar Zindanı: Çelik Dansı III,tr-TR
Подземелье благословения: Танец стали IV,Yadigar Zindanı: Çelik Dansı IV,tr-TR
Подземелье благословения: Танец стали V,Yadigar Zindanı: Çelik Dansı V,tr-TR
Подземелье благословения: Цветочный пир I,Yadigar Zindanı: Çiçek Şöleni I,tr-TR
Подземелье благословения: Цветочный пир II,Yadigar Zindanı: Çiçek Şöleni II,tr-TR
Подземелье благословения: Цветочный пир III,Yadigar Zindanı: Çiçek Şöleni III,tr-TR
Подземелье благословения: Цветочный пир IV,Yadigar Zindanı: Çiçek Şöleni IV,tr-TR
Подземелье благословения: Цитадель в пустыне I,Yadigar Zindanı: Çöl Hisarı I,tr-TR
Подземелье благословения: Цитадель в пустыне II,Yadigar Zindanı: Çöl Hisarı II,tr-TR
Подземелье благословения: Цитадель в пустыне III,Yadigar Zindanı: Çöl Hisarı III,tr-TR
Подземелье благословения: Цитадель в пустыне IV,Yadigar Zindanı: Çöl Hisarı IV,tr-TR
Подземелье благословения: Элегия инея I,Yadigar Zindanı: Elemli Kırağı I,tr-TR
Подземелье благословения: Элегия инея II,Yadigar Zindanı: Elemli Kırağı II,tr-TR
Подземелье благословения: Элегия инея III,Yadigar Zindanı: Elemli Kırağı III,tr-TR
Подземелье благословения: Элегия инея IV,Yadigar Zindanı: Elemli Kırağı IV,tr-TR
Подземелье воли: Внимательное наблюдение I,Döküm Zindanı: Dikkatli Gözlem I,tr-TR
Подземелье воли: Внимательное наблюдение II,Döküm Zindanı: Dikkatli Gözlem II,tr-TR
Подземелье воли: Внимательное наблюдение III,Döküm Zindanı: Dikkatli Gözlem III,tr-TR
Подземелье воли: Внимательное наблюдение IV,Döküm Zindanı: Dikkatli Gözlem IV,tr-TR
Подземелье воли: Вознесённые молитвы I,Döküm Zindanı: Okunan Dualar I,tr-TR
Подземелье воли: Вознесённые молитвы II,Döküm Zindanı: Okunan Dualar II,tr-TR
Подземелье воли: Вознесённые молитвы III,Döküm Zindanı: Okunan Dualar III,tr-TR
Подземелье воли: Вознесённые молитвы IV,Döküm Zindanı: Okunan Dualar IV,tr-TR
Подземелье воли: Гусеничная цепь I,Döküm Zindanı: Zincirleme Yollar I,tr-TR
Подземелье воли: Гусеничная цепь II,Döküm Zindanı: Zincirleme Yollar II,tr-TR
Подземелье воли: Гусеничная цепь III,Döküm Zindanı: Zincirleme Yollar III,tr-TR
Подземелье воли: Гусеничная цепь IV,Döküm Zindanı: Zincirleme Yollar IV,tr-TR
Подземелье воли: Жертвоприношение луне I,Döküm Zindanı: Ay Adağı I,tr-TR
Подземелье воли: Жертвоприношение луне II,Döküm Zindanı: Ay Adağı II,tr-TR
Подземелье воли: Жертвоприношение луне III,Döküm Zindanı: Ay Adağı III,tr-TR
Подземелье воли: Жертвоприношение луне IV,Döküm Zindanı: Ay Adağı IV,tr-TR
Подземелье воли: Загробные тени I,Döküm Zindanı: Kehanet Yansımaları I,tr-TR
Подземелье воли: Загробные тени II,Döküm Zindanı: Kehanet Yansımaları II,tr-TR
Подземелье воли: Загробные тени III,Döküm Zindanı: Kehanet Yansımaları III,tr-TR
Подземелье воли: Загробные тени IV,Döküm Zindanı: Kehanet Yansımaları IV,tr-TR
Подземелье воли: Разрушение стали I,Döküm Zindanı: Kesik Çelik I,tr-TR
Подземелье воли: Разрушение стали II,Döküm Zindanı: Kesik Çelik II,tr-TR
Подземелье воли: Разрушение стали III,Döküm Zindanı: Kesik Çelik III,tr-TR
Подземелье воли: Разрушение стали IV,Döküm Zindanı: Kesik Çelik IV,tr-TR
Подземелье воли: Расчёты I,Döküm Zindanı: Tahmin I,tr-TR
Подземелье воли: Расчёты II,Döküm Zindanı: Tahmin II,tr-TR
Подземелье воли: Расчёты III,Döküm Zindanı: Tahmin III,tr-TR
Подземелье воли: Расчёты IV,Döküm Zindanı: Tahmin IV,tr-TR
Подземелье воли: Сияющее великолепие I,Döküm Zindanı: Göz Kamaştıran İhtişam I,tr-TR
Подземелье воли: Сияющее великолепие II,Döküm Zindanı: Göz Kamaştıran İhtişam II,tr-TR
Подземелье воли: Сияющее великолепие III,Döküm Zindanı: Göz Kamaştıran İhtişam III,tr-TR
Подземелье воли: Сияющее великолепие IV,Döküm Zindanı: Göz Kamaştıran İhtişam IV,tr-TR
Подземелье воли: Чугун I,Döküm Zindanı: Dökme Demir I,tr-TR
Подземелье воли: Чугун II,Döküm Zindanı: Dökme Demir II,tr-TR
Подземелье воли: Чугун III,Döküm Zindanı: Dökme Demir III,tr-TR
Подземелье воли: Чугун IV,Döküm Zindanı: Dökme Demir IV,tr-TR
Подземелье мастерства: Возвращение I,Ustalık Zindanı: Geri Dönüş I,tr-TR
Подземелье мастерства: Возвращение II,Ustalık Zindanı: Geri Dönüş II,tr-TR
Подземелье мастерства: Возвращение III,Ustalık Zindanı: Geri Dönüş III,tr-TR
Подземелье мастерства: Возвращение IV,Ustalık Zindanı: Geri Dönüş IV,tr-TR
Подземелье мастерства: Иллюзии I,Ustalık Zindanı: Sayısız Yanılsama I,tr-TR
Подземелье мастерства: Иллюзии II,Ustalık Zindanı: Sayısız Yanılsama II,tr-TR
Подземелье мастерства: Иллюзии III,Ustalık Zindanı: Sayısız Yanılsama III,tr-TR
Подземелье мастерства: Иллюзии IV,Ustalık Zindanı: Sayısız Yanılsama IV,tr-TR
Подземелье мастерства: Медитация I,Ustalık Zindanı: Tefekkür I,tr-TR
Подземелье мастерства: Медитация II,Ustalık Zindanı: Tefekkür II,tr-TR
Подземелье мастерства: Медитация III,Ustalık Zindanı: Tefekkür III,tr-TR
Подземелье мастерства: Медитация IV,Ustalık Zindanı: Tefekkür IV,tr-TR
Подземелье мастерства: Неожиданный поворот I,Ustalık Zindanı: Yüce Dönüş I,tr-TR
Подземелье мастерства: Неожиданный поворот II,Ustalık Zindanı: Yüce Dönüş II,tr-TR
Подземелье мастерства: Неожиданный поворот III,Ustalık Zindanı: Yüce Dönüş III,tr-TR
Подземелье мастерства: Неожиданный поворот IV,Ustalık Zindanı: Yüce Dönüş IV,tr-TR
Подземелье мастерства: Опрокинутое гнездо I,Ustalık Zindanı: Dağılan Yuva I,tr-TR
Подземелье мастерства: Опрокинутое гнездо II,Ustalık Zindanı: Dağılan Yuva II,tr-TR
Подземелье мастерства: Опрокинутое гнездо III,Ustalık Zindanı: Dağılan Yuva III,tr-TR
Подземелье мастерства: Опрокинутое гнездо IV,Ustalık Zindanı: Dağılan Yuva IV,tr-TR
Подземелье мастерства: Отшельничество I,Ustalık Zindanı: İnziva I,tr-TR
Подземелье мастерства: Отшельничество II,Ustalık Zindanı: İnziva II,tr-TR
Подземелье мастерства: Отшельничество III,Ustalık Zindanı: İnziva III,tr-TR
Подземелье мастерства: Отшельничество IV,Ustalık Zindanı: İnziva IV,tr-TR
Подземелье мастерства: Павший город I,Ustalık Zindanı: Düşmüş Şehir I,tr-TR
Подземелье мастерства: Павший город II,Ustalık Zindanı: Düşmüş Şehir II,tr-TR
Подземелье мастерства: Павший город III,Ustalık Zindanı: Düşmüş Şehir III,tr-TR
Подземелье мастерства: Павший город IV,Ustalık Zindanı: Düşmüş Şehir IV,tr-TR
Подземелье мастерства: Совместное созерцание I,Ustalık Zindanı: Ortak Vizyon I,tr-TR
Подземелье мастерства: Совместное созерцание II,Ustalık Zindanı: Ortak Vizyon II,tr-TR
Подземелье мастерства: Совместное созерцание III,Ustalık Zindanı: Ortak Vizyon III,tr-TR
Подземелье мастерства: Совместное созерцание IV,Ustalık Zindanı: Ortak Vizyon IV,tr-TR
Подземелье мастерства: Тень прошлого I,Ustalık Zindanı: Unutulmuş Miras I,tr-TR
Подземелье мастерства: Тень прошлого II,Ustalık Zindanı: Unutulmuş Miras II,tr-TR
Подземелье мастерства: Тень прошлого III,Ustalık Zindanı: Unutulmuş Miras III,tr-TR
Подземелье мастерства: Тень прошлого IV,Ustalık Zindanı: Unutulmuş Miras IV,tr-TR
ดันเจี้ยนแห่งการต่อสู้: กฎแห่งกรรม I,Döküm Zindanı: Öncü Karma I,tr-TR
ดันเจี้ยนแห่งการต่อสู้: กฎแห่งกรรม II,Döküm Zindanı: Öncü Karma II,tr-TR
ดันเจี้ยนแห่งการต่อสู้: กฎแห่งกรรม III,Döküm Zindanı: Öncü Karma III,tr-TR
ดันเจี้ยนแห่งการต่อสู้: กฎแห่งกรรม IV,Döküm Zindanı: Öncü Karma IV,tr-TR
ดันเจี้ยนแห่งการต่อสู้: กิเลส I,Döküm Zindanı: Takıntı I,tr-TR
ดันเจี้ยนแห่งการต่อสู้: กิเลส II,Döküm Zindanı: Takıntı II,tr-TR
ดันเจี้ยนแห่งการต่อสู้: กิเลส III,Döküm Zindanı: Takıntı III,tr-TR
ดันเจี้ยนแห่งการต่อสู้: กิเลส IV,Döküm Zindanı: Takıntı IV,tr-TR
ดันเจี้ยนแห่งการต่อสู้: จรัสแสง I,Döküm Zindanı: Göz Kamaştıran İhtişam I,tr-TR
ดันเจี้ยนแห่งการต่อสู้: จรัสแสง II,Döküm Zindanı: Göz Kamaştıran İhtişam II,tr-TR
ดันเจี้ยนแห่งการต่อสู้: จรัสแสง III,Döküm Zindanı: Göz Kamaştıran İhtişam III,tr-TR
ดันเจี้ยนแห่งการต่อสู้: จรัสแสง IV,Döküm Zindanı: Göz Kamaştıran İhtişam IV,tr-TR
ดันเจี้ยนแห่งการต่อสู้: จักรกล I,Döküm Zindanı: Tuhaf Mekanizmalar I,tr-TR
ดันเจี้ยนแห่งการต่อสู้: จักรกล II,Döküm Zindanı: Tuhaf Mekanizmalar II,tr-TR
ดันเจี้ยนแห่งการต่อสู้: จักรกล III,Döküm Zindanı: Tuhaf Mekanizmalar III,tr-TR
ดันเจี้ยนแห่งการต่อสู้: จักรกล IV,Döküm Zindanı: Tuhaf Mekanizmalar IV,tr-TR
ดันเจี้ยนแห่งการต่อสู้: ตรวจวัด I,Döküm Zindanı: Tahmin I,tr-TR
ดันเจี้ยนแห่งการต่อสู้: ตรวจวัด II,Döküm Zindanı: Tahmin II,tr-TR
ดันเจี้ยนแห่งการต่อสู้: ตรวจวัด III,Döküm Zindanı: Tahmin III,tr-TR
ดันเจี้ยนแห่งการต่อสู้: ตรวจวัด IV,Döküm Zindanı: Tahmin IV,tr-TR
ดันเจี้ยนแห่งการต่อสู้: บูชาจันทรา I,Döküm Zindanı: Ay Adağı I,tr-TR
ดันเจี้ยนแห่งการต่อสู้: บูชาจันทรา II,Döküm Zindanı: Ay Adağı II,tr-TR
ดันเจี้ยนแห่งการต่อสู้: บูชาจันทรา III,Döküm Zindanı: Ay Adağı III,tr-TR
ดันเจี้ยนแห่งการต่อสู้: บูชาจันทรา IV,Döküm Zindanı: Ay Adağı IV,tr-TR
ดันเจี้ยนแห่งการต่อสู้: ภาวนาธิษฐาน I,Döküm Zindanı: Okunan Dualar I,tr-TR
ดันเจี้ยนแห่งการต่อสู้: ภาวนาธิษฐาน II,Döküm Zindanı: Okunan Dualar II,tr-TR
ดันเจี้ยนแห่งการต่อสู้: ภาวนาธิษฐาน III,Döküm Zindanı: Okunan Dualar III,tr-TR
ดันเจี้ยนแห่งการต่อสู้: ภาวนาธิษฐาน IV,Döküm Zindanı: Okunan Dualar IV,tr-TR
ดันเจี้ยนแห่งการต่อสู้: สนามทดลองไฟฟ้า I,Döküm Zindanı: Yıldırım İmtihanı Alanı I,tr-TR
ดันเจี้ยนแห่งการต่อสู้: สนามทดลองไฟฟ้า II,Döküm Zindanı: Yıldırım İmtihanı Alanı II,tr-TR
ดันเจี้ยนแห่งการต่อสู้: สนามทดลองไฟฟ้า III,Döküm Zindanı: Yıldırım İmtihanı Alanı III,tr-TR
ดันเจี้ยนแห่งการต่อสู้: สนามทดลองไฟฟ้า IV,Döküm Zindanı: Yıldırım İmtihanı Alanı IV,tr-TR
ดันเจี้ยนแห่งการต่อสู้: สุสานทรายดูด I,Döküm Zindanı: Kum Mezarı I,tr-TR
ดันเจี้ยนแห่งการต่อสู้: สุสานทรายดูด II,Döküm Zindanı: Kum Mezarı II,tr-TR
ดันเจี้ยนแห่งการต่อสู้: สุสานทรายดูด III,Döküm Zindanı: Kum Mezarı III,tr-TR
ดันเจี้ยนแห่งการต่อสู้: สุสานทรายดูด IV,Döküm Zindanı: Kum Mezarı IV,tr-TR
ดันเจี้ยนแห่งการต่อสู้: หัตถศิลป์ I,Döküm Zindanı: İşçilik I,tr-TR
ดันเจี้ยนแห่งการต่อสู้: หัตถศิลป์ II,Döküm Zindanı: İşçilik II,tr-TR
ดันเจี้ยนแห่งการต่อสู้: หัตถศิลป์ III,Döküm Zindanı: İşçilik III,tr-TR
ดันเจี้ยนแห่งการต่อสู้: หัตถศิลป์ IV,Döküm Zindanı: İşçilik IV,tr-TR
ดันเจี้ยนแห่งการต่อสู้: หุบเขาลึกใต้บาดาล I,Döküm Zindanı: Batık Vadi I,tr-TR
ดันเจี้ยนแห่งการต่อสู้: หุบเขาลึกใต้บาดาล II,Döküm Zindanı: Batık Vadi II,tr-TR
ดันเจี้ยนแห่งการต่อสู้: หุบเขาลึกใต้บาดาล III,Döküm Zindanı: Batık Vadi III,tr-TR
ดันเจี้ยนแห่งการต่อสู้: หุบเขาลึกใต้บาดาล IV,Döküm Zindanı: Batık Vadi IV,tr-TR
ดันเจี้ยนแห่งการต่อสู้: ห้วงทรายในเหวลึก I,Döküm Zindanı: Kum Bataklığı I,tr-TR
ดันเจี้ยนแห่งการต่อสู้: ห้วงทรายในเหวลึก II,Döküm Zindanı: Kum Bataklığı II,tr-TR
ดันเจี้ยนแห่งการต่อสู้: ห้วงทรายในเหวลึก III,Döküm Zindanı: Kum Bataklığı III,tr-TR
ดันเจี้ยนแห่งการต่อสู้: ห้วงทรายในเหวลึก IV,Döküm Zindanı: Kum Bataklığı IV,tr-TR
ดันเจี้ยนแห่งการต่อสู้: เพ่งพินิจ I,Döküm Zindanı: Dikkatli Gözlem I,tr-TR
ดันเจี้ยนแห่งการต่อสู้: เพ่งพินิจ II,Döküm Zindanı: Dikkatli Gözlem II,tr-TR
ดันเจี้ยนแห่งการต่อสู้: เพ่งพินิจ III,Döküm Zindanı: Dikkatli Gözlem III,tr-TR
ดันเจี้ยนแห่งการต่อสู้: เพ่งพินิจ IV,Döküm Zindanı: Dikkatli Gözlem IV,tr-TR
ดันเจี้ยนแห่งการต่อสู้: เมฆามัวหมอง I,Döküm Zindanı: Lekeli Bulutlar I,tr-TR
ดันเจี้ยนแห่งการต่อสู้: เมฆามัวหมอง II,Döküm Zindanı: Lekeli Bulutlar II,tr-TR
ดันเจี้ยนแห่งการต่อสู้: เมฆามัวหมอง III,Döküm Zindanı: Lekeli Bulutlar III,tr-TR
ดันเจี้ยนแห่งการต่อสู้: เมฆามัวหมอง IV,Döküm Zindanı: Lekeli Bulutlar IV,tr-TR
ดันเจี้ยนแห่งการต่อสู้: เมืองร้างที่กระหายน้ำ I,Döküm Zindanı: Susuz Şehrin Harabeleri I,tr-TR
ดันเจี้ยนแห่งการต่อสู้: เมืองร้างที่กระหายน้ำ II,Döküm Zindanı: Susuz Şehrin Harabeleri II,tr-TR
ดันเจี้ยนแห่งการต่อสู้: เมืองร้างที่กระหายน้ำ III,Döküm Zindanı: Susuz Şehrin Harabeleri III,tr-TR
ดันเจี้ยนแห่งการต่อสู้: เมืองร้างที่กระหายน้ำ IV,Döküm Zindanı: Susuz Şehrin Harabeleri IV,tr-TR
ดันเจี้ยนแห่งการต่อสู้: เมืองเสียงสายฟ้า I,Döküm Zindanı: Gürleyen Harabeler I,tr-TR
ดันเจี้ยนแห่งการต่อสู้: เมืองเสียงสายฟ้า II,Döküm Zindanı: Gürleyen Harabeler II,tr-TR
ดันเจี้ยนแห่งการต่อสู้: เมืองเสียงสายฟ้า III,Döküm Zindanı: Gürleyen Harabeler III,tr-TR
ดันเจี้ยนแห่งการต่อสู้: เมืองเสียงสายฟ้า IV,Döküm Zindanı: Gürleyen Harabeler IV,tr-TR
ดันเจี้ยนแห่งการต่อสู้: เมืองแห่งประกายน้ำ I,Döküm Zindanı: Yansımalar Şehri I,tr-TR
ดันเจี้ยนแห่งการต่อสู้: เมืองแห่งประกายน้ำ II,Döküm Zindanı: Yansımalar Şehri II,tr-TR
ดันเจี้ยนแห่งการต่อสู้: เมืองแห่งประกายน้ำ III,Döküm Zindanı: Yansımalar Şehri III,tr-TR
ดันเจี้ยนแห่งการต่อสู้: เมืองแห่งประกายน้ำ IV,Döküm Zindanı: Yansımalar Şehri IV,tr-TR
ดันเจี้ยนแห่งการต่อสู้: เหล็กกล้าสะบั้น I,Döküm Zindanı: Kesik Çelik I,tr-TR
ดันเจี้ยนแห่งการต่อสู้: เหล็กกล้าสะบั้น II,Döküm Zindanı: Kesik Çelik II,tr-TR
ดันเจี้ยนแห่งการต่อสู้: เหล็กกล้าสะบั้น III,Döküm Zindanı: Kesik Çelik III,tr-TR
ดันเจี้ยนแห่งการต่อสู้: เหล็กกล้าสะบั้น IV,Döküm Zindanı: Kesik Çelik IV,tr-TR
ดันเจี้ยนแห่งการต่อสู้: เหล็กหลอม I,Döküm Zindanı: Dökme Demir I,tr-TR
ดันเจี้ยนแห่งการต่อสู้: เหล็กหลอม II,Döküm Zindanı: Dökme Demir II,tr-TR
ดันเจี้ยนแห่งการต่อสู้: เหล็กหลอม III,Döküm Zindanı: Dökme Demir III,tr-TR
ดันเจี้ยนแห่งการต่อสู้: เหล็กหลอม IV,Döküm Zindanı: Dökme Demir IV,tr-TR
ดันเจี้ยนแห่งการต่อสู้: แท่นบูชาสายฟ้า I,Döküm Zindanı: Fırtına Sunağı I,tr-TR
ดันเจี้ยนแห่งการต่อสู้: แท่นบูชาสายฟ้า II,Döküm Zindanı: Fırtına Sunağı II,tr-TR
ดันเจี้ยนแห่งการต่อสู้: แท่นบูชาสายฟ้า III,Döküm Zindanı: Fırtına Sunağı III,tr-TR
ดันเจี้ยนแห่งการต่อสู้: แท่นบูชาสายฟ้า IV,Döküm Zindanı: Fırtına Sunağı IV,tr-TR
ดันเจี้ยนแห่งการต่อสู้: แท่นบูชาแห่งทราย I,Döküm Zindanı: Kum Sunağı I,tr-TR
ดันเจี้ยนแห่งการต่อสู้: แท่นบูชาแห่งทราย II,Döküm Zindanı: Kum Sunağı II,tr-TR
ดันเจี้ยนแห่งการต่อสู้: แท่นบูชาแห่งทราย III,Döküm Zindanı: Kum Sunağı III,tr-TR
ดันเจี้ยนแห่งการต่อสู้: แท่นบูชาแห่งทราย IV,Döküm Zindanı: Kum Sunağı IV,tr-TR
ดันเจี้ยนแห่งการต่อสู้: แยบยล I,Döküm Zindanı: Robot Aklı I,tr-TR
ดันเจี้ยนแห่งการต่อสู้: แยบยล II,Döküm Zindanı: Robot Aklı II,tr-TR
ดันเจี้ยนแห่งการต่อสู้: แยบยล III,Döküm Zindanı: Robot Aklı III,tr-TR
ดันเจี้ยนแห่งการต่อสู้: แยบยล IV,Döküm Zindanı: Robot Aklı IV,tr-TR
ดันเจี้ยนแห่งการต่อสู้: แลเห็น I,Döküm Zindanı: Kehanet Yansımaları I,tr-TR
ดันเจี้ยนแห่งการต่อสู้: แลเห็น II,Döküm Zindanı: Kehanet Yansımaları II,tr-TR
ดันเจี้ยนแห่งการต่อสู้: แลเห็น III,Döküm Zindanı: Kehanet Yansımaları III,tr-TR
ดันเจี้ยนแห่งการต่อสู้: แลเห็น IV,Döküm Zindanı: Kehanet Yansımaları IV,tr-TR
ดันเจี้ยนแห่งการต่อสู้: โซ่สายพาน I,Döküm Zindanı: Zincirleme Yollar I,tr-TR
ดันเจี้ยนแห่งการต่อสู้: โซ่สายพาน II,Döküm Zindanı: Zincirleme Yollar II,tr-TR
ดันเจี้ยนแห่งการต่อสู้: โซ่สายพาน III,Döküm Zindanı: Zincirleme Yollar III,tr-TR
ดันเจี้ยนแห่งการต่อสู้: โซ่สายพาน IV,Döküm Zindanı: Zincirleme Yollar IV,tr-TR
ดันเจี้ยนแห่งการพัฒนา: กระจกกลมมน I,Ustalık Zindanı: Dolunay I,tr-TR
ดันเจี้ยนแห่งการพัฒนา: กระจกกลมมน II,Ustalık Zindanı: Dolunay II,tr-TR
ดันเจี้ยนแห่งการพัฒนา: กระจกกลมมน III,Ustalık Zindanı: Dolunay III,tr-TR
ดันเจี้ยนแห่งการพัฒนา: กระจกกลมมน IV,Ustalık Zindanı: Dolunay IV,tr-TR
ดันเจี้ยนแห่งการพัฒนา: ดินแดนนิทรา I,Ustalık Zindanı: Uyku Diyarı I,tr-TR
ดันเจี้ยนแห่งการพัฒนา: ดินแดนนิทรา II,Ustalık Zindanı: Uyku Diyarı II,tr-TR
ดันเจี้ยนแห่งการพัฒนา: ดินแดนนิทรา III,Ustalık Zindanı: Uyku Diyarı III,tr-TR
ดันเจี้ยนแห่งการพัฒนา: ดินแดนนิทรา IV,Ustalık Zindanı: Uyku Diyarı IV,tr-TR
ดันเจี้ยนแห่งการพัฒนา: ดินแดนแห่งสีม่วง I,Ustalık Zindanı: Mor Saltanat I,tr-TR
ดันเจี้ยนแห่งการพัฒนา: ดินแดนแห่งสีม่วง II,Ustalık Zindanı: Mor Saltanat II,tr-TR
ดันเจี้ยนแห่งการพัฒนา: ดินแดนแห่งสีม่วง III,Ustalık Zindanı: Mor Saltanat III,tr-TR
ดันเจี้ยนแห่งการพัฒนา: ดินแดนแห่งสีม่วง IV,Ustalık Zindanı: Mor Saltanat IV,tr-TR
ดันเจี้ยนแห่งการพัฒนา: ทำนอง I,Ustalık Zindanı: Ritmin Ahengi I,tr-TR
ดันเจี้ยนแห่งการพัฒนา: ทำนอง II,Ustalık Zindanı: Ritmin Ahengi II,tr-TR
ดันเจี้ยนแห่งการพัฒนา: ทำนอง III,Ustalık Zindanı: Ritmin Ahengi III,tr-TR
ดันเจี้ยนแห่งการพัฒนา: ทำนอง IV,Ustalık Zindanı: Ritmin Ahengi IV,tr-TR
ดันเจี้ยนแห่งการพัฒนา: ทำสมาธิ I,Ustalık Zindanı: Tefekkür I,tr-TR
ดันเจี้ยนแห่งการพัฒนา: ทำสมาธิ II,Ustalık Zindanı: Tefekkür II,tr-TR
ดันเจี้ยนแห่งการพัฒนา: ทำสมาธิ III,Ustalık Zindanı: Tefekkür III,tr-TR
ดันเจี้ยนแห่งการพัฒนา: ทำสมาธิ IV,Ustalık Zindanı: Tefekkür IV,tr-TR
ดันเจี้ยนแห่งการพัฒนา: ปลีกวิเวก I,Ustalık Zindanı: İnziva I,tr-TR
ดันเจี้ยนแห่งการพัฒนา: ปลีกวิเวก II,Ustalık Zindanı: İnziva II,tr-TR
ดันเจี้ยนแห่งการพัฒนา: ปลีกวิเวก III,Ustalık Zindanı: İnziva III,tr-TR
ดันเจี้ยนแห่งการพัฒนา: ปลีกวิเวก IV,Ustalık Zindanı: İnziva IV,tr-TR
ดันเจี้ยนแห่งการพัฒนา: ภาษิต I,Ustalık Zindanı: Uyarı Yazıtı I,tr-TR
ดันเจี้ยนแห่งการพัฒนา: ภาษิต II,Ustalık Zindanı: Uyarı Yazıtı II,tr-TR
ดันเจี้ยนแห่งการพัฒนา: ภาษิต III,Ustalık Zindanı: Uyarı Yazıtı III,tr-TR
ดันเจี้ยนแห่งการพัฒนา: ภาษิต IV,Ustalık Zindanı: Uyarı Yazıtı IV,tr-TR
ดันเจี้ยนแห่งการพัฒนา: มรดก I,Ustalık Zindanı: Unutulmuş Miras I,tr-TR
ดันเจี้ยนแห่งการพัฒนา: มรดก II,Ustalık Zindanı: Unutulmuş Miras II,tr-TR
ดันเจี้ยนแห่งการพัฒนา: มรดก III,Ustalık Zindanı: Unutulmuş Miras III,tr-TR
ดันเจี้ยนแห่งการพัฒนา: มรดก IV,Ustalık Zindanı: Unutulmuş Miras IV,tr-TR
ดันเจี้ยนแห่งการพัฒนา: รังพินาศ I,Ustalık Zindanı: Dağılan Yuva I,tr-TR
ดันเจี้ยนแห่งการพัฒนา: รังพินาศ II,Ustalık Zindanı: Dağılan Yuva II,tr-TR
ดันเจี้ยนแห่งการพัฒนา: รังพินาศ III,Ustalık Zindanı: Dağılan Yuva III,tr-TR
ดันเจี้ยนแห่งการพัฒนา: รังพินาศ IV,Ustalık Zindanı: Dağılan Yuva IV,tr-TR
ดันเจี้ยนแห่งการพัฒนา: ร่วมทัศนา I,Ustalık Zindanı: Ortak Vizyon I,tr-TR
ดันเจี้ยนแห่งการพัฒนา: ร่วมทัศนา II,Ustalık Zindanı: Ortak Vizyon II,tr-TR
ดันเจี้ยนแห่งการพัฒนา: ร่วมทัศนา III,Ustalık Zindanı: Ortak Vizyon III,tr-TR
ดันเจี้ยนแห่งการพัฒนา: ร่วมทัศนา IV,Ustalık Zindanı: Ortak Vizyon IV,tr-TR
ดันเจี้ยนแห่งการพัฒนา: ลวงตา I,Ustalık Zindanı: Sayısız Yanılsama I,tr-TR
ดันเจี้ยนแห่งการพัฒนา: ลวงตา II,Ustalık Zindanı: Sayısız Yanılsama II,tr-TR
ดันเจี้ยนแห่งการพัฒนา: ลวงตา III,Ustalık Zindanı: Sayısız Yanılsama III,tr-TR
ดันเจี้ยนแห่งการพัฒนา: ลวงตา IV,Ustalık Zindanı: Sayısız Yanılsama IV,tr-TR
ดันเจี้ยนแห่งการพัฒนา: วงแหวนแห่งเพลิง I,Ustalık Zindanı: Kor Çemberi I,tr-TR
ดันเจี้ยนแห่งการพัฒนา: วงแหวนแห่งเพลิง II,Ustalık Zindanı: Kor Çemberi II,tr-TR
ดันเจี้ยนแห่งการพัฒนา: วงแหวนแห่งเพลิง III,Ustalık Zindanı: Kor Çemberi III,tr-TR
ดันเจี้ยนแห่งการพัฒนา: วงแหวนแห่งเพลิง IV,Ustalık Zindanı: Kor Çemberi IV,tr-TR
ดันเจี้ยนแห่งการพัฒนา: วาทศิลป์ I,Ustalık Zindanı: Nükte I,tr-TR
ดันเจี้ยนแห่งการพัฒนา: วาทศิลป์ II,Ustalık Zindanı: Nükte II,tr-TR
ดันเจี้ยนแห่งการพัฒนา: วาทศิลป์ III,Ustalık Zindanı: Nükte III,tr-TR
ดันเจี้ยนแห่งการพัฒนา: วาทศิลป์ IV,Ustalık Zindanı: Nükte IV,tr-TR
ดันเจี้ยนแห่งการพัฒนา: ศีล I,Ustalık Zindanı: Disiplin I,tr-TR
ดันเจี้ยนแห่งการพัฒนา: ศีล II,Ustalık Zindanı: Disiplin II,tr-TR
ดันเจี้ยนแห่งการพัฒนา: ศีล III,Ustalık Zindanı: Disiplin III,tr-TR
ดันเจี้ยนแห่งการพัฒนา: ศีล IV,Ustalık Zindanı: Disiplin IV,tr-TR
ดันเจี้ยนแห่งการพัฒนา: สาธยาย I,Ustalık Zindanı: Ahenkli Okuma I,tr-TR
ดันเจี้ยนแห่งการพัฒนา: สาธยาย II,Ustalık Zindanı: Ahenkli Okuma II,tr-TR
ดันเจี้ยนแห่งการพัฒนา: สาธยาย III,Ustalık Zindanı: Ahenkli Okuma III,tr-TR
ดันเจี้ยนแห่งการพัฒนา: สาธยาย IV,Ustalık Zindanı: Ahenkli Okuma IV,tr-TR
ดันเจี้ยนแห่งการพัฒนา: หวนกลับ I,Ustalık Zindanı: Yüce Dönüş I,tr-TR
ดันเจี้ยนแห่งการพัฒนา: หวนกลับ II,Ustalık Zindanı: Yüce Dönüş II,tr-TR
ดันเจี้ยนแห่งการพัฒนา: หวนกลับ III,Ustalık Zindanı: Yüce Dönüş III,tr-TR
ดันเจี้ยนแห่งการพัฒนา: หวนกลับ IV,Ustalık Zindanı: Yüce Dönüş IV,tr-TR
ดันเจี้ยนแห่งการพัฒนา: หุบเขาแห่งสายฟ้า I,Ustalık Zindanı: Uğultulu Vadi I,tr-TR
ดันเจี้ยนแห่งการพัฒนา: หุบเขาแห่งสายฟ้า II,Ustalık Zindanı: Uğultulu Vadi II,tr-TR
ดันเจี้ยนแห่งการพัฒนา: หุบเขาแห่งสายฟ้า III,Ustalık Zindanı: Uğultulu Vadi III,tr-TR
ดันเจี้ยนแห่งการพัฒนา: หุบเขาแห่งสายฟ้า IV,Ustalık Zindanı: Uğultulu Vadi IV,tr-TR
ดันเจี้ยนแห่งการพัฒนา: ห้วงลึกแห่งเปลวไฟ I,Ustalık Zindanı: Alevin Kalbi I,tr-TR
ดันเจี้ยนแห่งการพัฒนา: ห้วงลึกแห่งเปลวไฟ II,Ustalık Zindanı: Alevin Kalbi II,tr-TR
ดันเจี้ยนแห่งการพัฒนา: ห้วงลึกแห่งเปลวไฟ III,Ustalık Zindanı: Alevin Kalbi III,tr-TR
ดันเจี้ยนแห่งการพัฒนา: ห้วงลึกแห่งเปลวไฟ IV,Ustalık Zindanı: Alevin Kalbi IV,tr-TR
ดันเจี้ยนแห่งการพัฒนา: เมืองร้าง I,Ustalık Zindanı: Düşmüş Şehir I,tr-TR
ดันเจี้ยนแห่งการพัฒนา: เมืองร้าง II,Ustalık Zindanı: Düşmüş Şehir II,tr-TR
ดันเจี้ยนแห่งการพัฒนา: เมืองร้าง III,Ustalık Zindanı: Düşmüş Şehir III,tr-TR
ดันเจี้ยนแห่งการพัฒนา: เมืองร้าง IV,Ustalık Zindanı: Düşmüş Şehir IV,tr-TR
ดันเจี้ยนแห่งการพัฒนา: เมืองโบราณที่รกร้าง I,Ustalık Zindanı: Asmalı Harabeler I,tr-TR
ดันเจี้ยนแห่งการพัฒนา: เมืองโบราณที่รกร้าง II,Ustalık Zindanı: Asmalı Harabeler II,tr-TR
ดันเจี้ยนแห่งการพัฒนา: เมืองโบราณที่รกร้าง III,Ustalık Zindanı: Asmalı Harabeler III,tr-TR
ดันเจี้ยนแห่งการพัฒนา: เมืองโบราณที่รกร้าง IV,Ustalık Zindanı: Asmalı Harabeler IV,tr-TR
ดันเจี้ยนแห่งการพัฒนา: เวียนวน I,Ustalık Zindanı: Geri Dönüş I,tr-TR
ดันเจี้ยนแห่งการพัฒนา: เวียนวน II,Ustalık Zindanı: Geri Dönüş II,tr-TR
ดันเจี้ยนแห่งการพัฒนา: เวียนวน III,Ustalık Zindanı: Geri Dönüş III,tr-TR
ดันเจี้ยนแห่งการพัฒนา: เวียนวน IV,Ustalık Zindanı: Geri Dönüş IV,tr-TR
ดันเจี้ยนแห่งการพัฒนา: เหวลึกอันแสนหนาว I,Ustalık Zindanı: Donmuş Hiçlik I,tr-TR
ดันเจี้ยนแห่งการพัฒนา: เหวลึกอันแสนหนาว II,Ustalık Zindanı: Donmuş Hiçlik II,tr-TR
ดันเจี้ยนแห่งการพัฒนา: เหวลึกอันแสนหนาว III,Ustalık Zindanı: Donmuş Hiçlik III,tr-TR
ดันเจี้ยนแห่งการพัฒนา: เหวลึกอันแสนหนาว IV,Ustalık Zindanı: Donmuş Hiçlik IV,tr-TR
ดันเจี้ยนแห่งการพัฒนา: แท่นบูชาเยือกแข็ง I,Ustalık Zindanı: Donuk Sunak I,tr-TR
ดันเจี้ยนแห่งการพัฒนา: แท่นบูชาเยือกแข็ง II,Ustalık Zindanı: Donuk Sunak II,tr-TR
ดันเจี้ยนแห่งการพัฒนา: แท่นบูชาเยือกแข็ง III,Ustalık Zindanı: Donuk Sunak III,tr-TR
ดันเจี้ยนแห่งการพัฒนา: แท่นบูชาเยือกแข็ง IV,Ustalık Zindanı: Donuk Sunak IV,tr-TR
ดันเจี้ยนแห่งการพัฒนา: แท่นบูชาแห่งไฟ I,Ustalık Zindanı: Alaz Sunağı I,tr-TR
ดันเจี้ยนแห่งการพัฒนา: แท่นบูชาแห่งไฟ II,Ustalık Zindanı: Alaz Sunağı II,tr-TR
ดันเจี้ยนแห่งการพัฒนา: แท่นบูชาแห่งไฟ III,Ustalık Zindanı: Alaz Sunağı III,tr-TR
ดันเจี้ยนแห่งการพัฒนา: แท่นบูชาแห่งไฟ IV,Ustalık Zindanı: Alaz Sunağı IV,tr-TR
ดันเจี้ยนแห่งพร: กลมเกลียว I,Yadigar Zindanı: Uyum I,tr-TR
ดันเจี้ยนแห่งพร: กลมเกลียว II,Yadigar Zindanı: Uyum II,tr-TR
ดันเจี้ยนแห่งพร: กลมเกลียว III,Yadigar Zindanı: Uyum III,tr-TR
ดันเจี้ยนแห่งพร: กลมเกลียว IV,Yadigar Zindanı: Uyum IV,tr-TR
ดันเจี้ยนแห่งพร: การฟื้นตื่นในฤดูใบไม้ผลิ I,Yadigar Zindanı: İlkbahar I,tr-TR
ดันเจี้ยนแห่งพร: การฟื้นตื่นในฤดูใบไม้ผลิ II,Yadigar Zindanı: İlkbahar II,tr-TR
ดันเจี้ยนแห่งพร: การฟื้นตื่นในฤดูใบไม้ผลิ III,Yadigar Zindanı: İlkbahar III,tr-TR
ดันเจี้ยนแห่งพร: การฟื้นตื่นในฤดูใบไม้ผลิ IV,Yadigar Zindanı: İlkbahar IV,tr-TR
ดันเจี้ยนแห่งพร: การฟื้นตื่นในฤดูใบไม้ผลิ V,Yadigar Zindanı: İlkbahar V,tr-TR
ดันเจี้ยนแห่งพร: การฟื้นตื่นในฤดูใบไม้ผลิ VI,Yadigar Zindanı: İlkbahar VI,tr-TR
ดันเจี้ยนแห่งพร: การเต้นรำแห่งเหล็กกล้า I,Yadigar Zindanı: Çelik Dansı I,tr-TR
ดันเจี้ยนแห่งพร: การเต้นรำแห่งเหล็กกล้า II,Yadigar Zindanı: Çelik Dansı II,tr-TR
ดันเจี้ยนแห่งพร: การเต้นรำแห่งเหล็กกล้า III,Yadigar Zindanı: Çelik Dansı III,tr-TR
ดันเจี้ยนแห่งพร: การเต้นรำแห่งเหล็กกล้า IV,Yadigar Zindanı: Çelik Dansı IV,tr-TR
ดันเจี้ยนแห่งพร: การเต้นรำแห่งเหล็กกล้า V,Yadigar Zindanı: Çelik Dansı V,tr-TR
ดันเจี้ยนแห่งพร: การไล่ล่า I,Yadigar Zindanı: Sonbahar Avı I,tr-TR
ดันเจี้ยนแห่งพร: การไล่ล่า II,Yadigar Zindanı: Sonbahar Avı II,tr-TR
ดันเจี้ยนแห่งพร: การไล่ล่า III,Yadigar Zindanı: Sonbahar Avı III,tr-TR
ดันเจี้ยนแห่งพร: การไล่ล่า IV,Yadigar Zindanı: Sonbahar Avı IV,tr-TR
ดันเจี้ยนแห่งพร: คลังศักดิ์สิทธิ์ I,Yadigar Zindanı: Kutsal Sığınak I,tr-TR
ดันเจี้ยนแห่งพร: คลังศักดิ์สิทธิ์ II,Yadigar Zindanı: Kutsal Sığınak II,tr-TR
ดันเจี้ยนแห่งพร: คลังศักดิ์สิทธิ์ III,Yadigar Zindanı: Kutsal Sığınak III,tr-TR
ดันเจี้ยนแห่งพร: คลังศักดิ์สิทธิ์ IV,Yadigar Zindanı: Kutsal Sığınak IV,tr-TR
ดันเจี้ยนแห่งพร: คุกหิน I,Yadigar Zindanı: Taş Oda I,tr-TR
ดันเจี้ยนแห่งพร: คุกหิน II,Yadigar Zindanı: Taş Oda II,tr-TR
ดันเจี้ยนแห่งพร: คุกหิน III,Yadigar Zindanı: Taş Oda III,tr-TR
ดันเจี้ยนแห่งพร: งานเลี้ยงบุปผา I,Yadigar Zindanı: Çiçek Şöleni I,tr-TR
ดันเจี้ยนแห่งพร: งานเลี้ยงบุปผา II,Yadigar Zindanı: Çiçek Şöleni II,tr-TR
ดันเจี้ยนแห่งพร: งานเลี้ยงบุปผา III,Yadigar Zindanı: Çiçek Şöleni III,tr-TR
ดันเจี้ยนแห่งพร: งานเลี้ยงบุปผา IV,Yadigar Zindanı: Çiçek Şöleni IV,tr-TR
ดันเจี้ยนแห่งพร: ดินแดนที่ล่มสลาย I,Yadigar Zindanı: Parçalanmış Salon I,tr-TR
ดันเจี้ยนแห่งพร: ดินแดนที่ล่มสลาย II,Yadigar Zindanı: Parçalanmış Salon II,tr-TR
ดันเจี้ยนแห่งพร: ดินแดนที่ล่มสลาย III,Yadigar Zindanı: Parçalanmış Salon III,tr-TR
ดันเจี้ยนแห่งพร: ดินแดนที่ล่มสลาย IV,Yadigar Zindanı: Parçalanmış Salon IV,tr-TR
ดันเจี้ยนแห่งพร: นครร้างกลางทราย I,Yadigar Zindanı: Çöl Hisarı I,tr-TR
ดันเจี้ยนแห่งพร: นครร้างกลางทราย II,Yadigar Zindanı: Çöl Hisarı II,tr-TR
ดันเจี้ยนแห่งพร: นครร้างกลางทราย III,Yadigar Zindanı: Çöl Hisarı III,tr-TR
ดันเจี้ยนแห่งพร: นครร้างกลางทราย IV,Yadigar Zindanı: Çöl Hisarı IV,tr-TR
ดันเจี้ยนแห่งพร: น้ำแข็งกัดเซาะ I,Yadigar Zindanı: Buz Aşınması I,tr-TR
ดันเจี้ยนแห่งพร: น้ำแข็งกัดเซาะ II,Yadigar Zindanı: Buz Aşınması II,tr-TR
ดันเจี้ยนแห่งพร: น้ำแข็งกัดเซาะ III,Yadigar Zindanı: Buz Aşınması III,tr-TR
ดันเจี้ยนแห่งพร: น้ำแข็งกัดเซาะ IV,Yadigar Zindanı: Buz Aşınması IV,tr-TR
ดันเจี้ยนแห่งพร: น้ำแข็งแห่งความตาย I,Yadigar Zindanı: Elemli Kırağı I,tr-TR
ดันเจี้ยนแห่งพร: น้ำแข็งแห่งความตาย II,Yadigar Zindanı: Elemli Kırağı II,tr-TR
ดันเจี้ยนแห่งพร: น้ำแข็งแห่งความตาย III,Yadigar Zindanı: Elemli Kırağı III,tr-TR
ดันเจี้ยนแห่งพร: น้ำแข็งแห่งความตาย IV,Yadigar Zindanı: Elemli Kırağı IV,tr-TR
ดันเจี้ยนแห่งพร: ปราการลืมเลือน I,Yadigar Zindanı: Terkedilmiş Sur I,tr-TR
ดันเจี้ยนแห่งพร: ปราการลืมเลือน II,Yadigar Zindanı: Terkedilmiş Sur II,tr-TR
ดันเจี้ยนแห่งพร: ปราการลืมเลือน III,Yadigar Zindanı: Terkedilmiş Sur III,tr-TR
ดันเจี้ยนแห่งพร: ปราการลืมเลือน IV,Yadigar Zindanı: Terkedilmiş Sur IV,tr-TR
ดันเจี้ยนแห่งพร: ผันแปร I,Yadigar Zindanı: Çeşitlilik I,tr-TR
ดันเจี้ยนแห่งพร: ผันแปร II,Yadigar Zindanı: Çeşitlilik II,tr-TR
ดันเจี้ยนแห่งพร: ผันแปร III,Yadigar Zindanı: Çeşitlilik III,tr-TR
ดันเจี้ยนแห่งพร: ผันแปร IV,Yadigar Zindanı: Çeşitlilik IV,tr-TR
ดันเจี้ยนแห่งพร: รังแห่งกลไก I,Yadigar Zindanı: Makina Yuvası I,tr-TR
ดันเจี้ยนแห่งพร: รังแห่งกลไก II,Yadigar Zindanı: Makina Yuvası II,tr-TR
ดันเจี้ยนแห่งพร: รังแห่งกลไก III,Yadigar Zindanı: Makina Yuvası III,tr-TR
ดันเจี้ยนแห่งพร: รังแห่งกลไก IV,Yadigar Zindanı: Makina Yuvası IV,tr-TR
ดันเจี้ยนแห่งพร: ลานทดสอบเพลิงผลาญ I,Yadigar Zindanı: Alev Meydanı I,tr-TR
ดันเจี้ยนแห่งพร: ลานทดสอบเพลิงผลาญ II,Yadigar Zindanı: Alev Meydanı II,tr-TR
ดันเจี้ยนแห่งพร: ลานทดสอบเพลิงผลาญ III,Yadigar Zindanı: Alev Meydanı III,tr-TR
ดันเจี้ยนแห่งพร: ลานทดสอบเพลิงผลาญ IV,Yadigar Zindanı: Alev Meydanı IV,tr-TR
ดันเจี้ยนแห่งพร: สัมผัสทั้งเจ็ด I,Yadigar Zindanı: Yedi Duyu I,tr-TR
ดันเจี้ยนแห่งพร: สัมผัสทั้งเจ็ด II,Yadigar Zindanı: Yedi Duyu II,tr-TR
ดันเจี้ยนแห่งพร: สัมผัสทั้งเจ็ด III,Yadigar Zindanı: Yedi Duyu III,tr-TR
ดันเจี้ยนแห่งพร: สัมผัสทั้งเจ็ด IV,Yadigar Zindanı: Yedi Duyu IV,tr-TR
ดันเจี้ยนแห่งพร: หยั่งลึก I,Yadigar Zindanı: Derin Sirayet I,tr-TR
ดันเจี้ยนแห่งพร: หยั่งลึก II,Yadigar Zindanı: Derin Sirayet II,tr-TR
ดันเจี้ยนแห่งพร: หยั่งลึก III,Yadigar Zindanı: Derin Sirayet III,tr-TR
ดันเจี้ยนแห่งพร: หยั่งลึก IV,Yadigar Zindanı: Derin Sirayet IV,tr-TR
ดันเจี้ยนแห่งพร: เปลวเพลิง I,Yadigar Zindanı: Kükreyen Alev I,tr-TR
ดันเจี้ยนแห่งพร: เปลวเพลิง II,Yadigar Zindanı: Kükreyen Alev II,tr-TR
ดันเจี้ยนแห่งพร: เปลวเพลิง III,Yadigar Zindanı: Kükreyen Alev III,tr-TR
ดันเจี้ยนแห่งพร: เปลวเพลิง IV,Yadigar Zindanı: Kükreyen Alev IV,tr-TR
ดันเจี้ยนแห่งพร: โครงสร้างเพลิงลึกโชน I,Yadigar Zindanı: Derin Ateş Yapısı I,tr-TR
ดันเจี้ยนแห่งพร: โครงสร้างเพลิงลึกโชน II,Yadigar Zindanı: Derin Ateş Yapısı II,tr-TR
ดันเจี้ยนแห่งพร: โครงสร้างเพลิงลึกโชน III,Yadigar Zindanı: Derin Ateş Yapısı III,tr-TR
ดันเจี้ยนแห่งพร: โครงสร้างเพลิงลึกโชน IV,Yadigar Zindanı: Derin Ateş Yapısı IV,tr-TR
ดันเจี้ยนแห่งพร: โถงแห่งโครงกระดูก I,Yadigar Zindanı: Kabristan I,tr-TR
ดันเจี้ยนแห่งพร: โถงแห่งโครงกระดูก II,Yadigar Zindanı: Kabristan II,tr-TR
ดันเจี้ยนแห่งพร: โถงแห่งโครงกระดูก III,Yadigar Zindanı: Kabristan III,tr-TR
ดันเจี้ยนแห่งพร: โถงแห่งโครงกระดูก IV,Yadigar Zindanı: Kabristan IV,tr-TR
ดันเจี้ยนแห่งพร: ไฟแห่งการชำระล้าง I,Yadigar Zindanı: Arınma Ateşi I,tr-TR
ดันเจี้ยนแห่งพร: ไฟแห่งการชำระล้าง II,Yadigar Zindanı: Arınma Ateşi II,tr-TR
ดันเจี้ยนแห่งพร: ไฟแห่งการชำระล้าง III,Yadigar Zindanı: Arınma Ateşi III,tr-TR
ดันเจี้ยนแห่งพร: ไฟแห่งการชำระล้าง IV,Yadigar Zindanı: Arınma Ateşi IV,tr-TR
ดันเจี้ยนแห่งพร: ไฟแห่งการชำระล้าง V,Yadigar Zindanı: Arınma Ateşi V,tr-TR
ดันเจี้ยนแห่งพร: ไฟแห่งการชำระล้าง VI,Yadigar Zindanı: Arınma Ateşi VI,tr-TR
ดันเจี้ยนแห่งพร: ไม่ไหวติง I,Yadigar Zindanı: Boyun Eğmez I,tr-TR
ดันเจี้ยนแห่งพร: ไม่ไหวติง II,Yadigar Zindanı: Boyun Eğmez II,tr-TR
ดันเจี้ยนแห่งพร: ไม่ไหวติง III,Yadigar Zindanı: Boyun Eğmez III,tr-TR
ดันเจี้ยนแห่งพร: ไม่ไหวติง IV,Yadigar Zindanı: Boyun Eğmez IV,tr-TR
炼武秘境：云垢 I,Döküm Zindanı: Lekeli Bulutlar I,tr-TR
炼武秘境：云垢 II,Döküm Zindanı: Lekeli Bulutlar II,tr-TR
炼武秘境：云垢 III,Döküm Zindanı: Lekeli Bulutlar III,tr-TR
炼武秘境：云垢 IV,Döküm Zindanı: Lekeli Bulutlar IV,tr-TR
炼武秘境：冥见 I,Döküm Zindanı: Kehanet Yansımaları I,tr-TR
炼武秘境：冥见 II,Döküm Zindanı: Kehanet Yansımaları II,tr-TR
炼武秘境：冥见 III,Döküm Zindanı: Kehanet Yansımaları III,tr-TR
炼武秘境：冥见 IV,Döküm Zindanı: Kehanet Yansımaları IV,tr-TR
炼武秘境：匠理 I,Döküm Zindanı: İşçilik I,tr-TR
炼武秘境：匠理 II,Döküm Zindanı: İşçilik II,tr-TR
炼武秘境：匠理 III,Döküm Zindanı: İşçilik III,tr-TR
炼武秘境：匠理 IV,Döküm Zindanı: İşçilik IV,tr-TR
炼武秘境：古雷试炼场 I,Döküm Zindanı: Yıldırım İmtihanı Alanı I,tr-TR
炼武秘境：古雷试炼场 II,Döküm Zindanı: Yıldırım İmtihanı Alanı II,tr-TR
炼武秘境：古雷试炼场 III,Döküm Zindanı: Yıldırım İmtihanı Alanı III,tr-TR
炼武秘境：古雷试炼场 IV,Döküm Zindanı: Yıldırım İmtihanı Alanı IV,tr-TR
炼武秘境：奇械 I,Döküm Zindanı: Tuhaf Mekanizmalar I,tr-TR
炼武秘境：奇械 II,Döküm Zindanı: Tuhaf Mekanizmalar II,tr-TR
炼武秘境：奇械 III,Döküm Zindanı: Tuhaf Mekanizmalar III,tr-TR
炼武秘境：奇械 IV,Döküm Zindanı: Tuhaf Mekanizmalar IV,tr-TR
炼武秘境：引业 I,Döküm Zindanı: Öncü Karma I,tr-TR
炼武秘境：引业 II,Döküm Zindanı: Öncü Karma II,tr-TR
炼武秘境：引业 III,Döküm Zindanı: Öncü Karma III,tr-TR
炼武秘境：引业 IV,Döküm Zindanı: Öncü Karma IV,tr-TR
炼武秘境：思惑 I,Döküm Zindanı: Takıntı I,tr-TR
炼武秘境：思惑 II,Döküm Zindanı: Takıntı II,tr-TR
炼武秘境：思惑 III,Döküm Zindanı: Takıntı III,tr-TR
炼武秘境：思惑 IV,Döküm Zindanı: Takıntı IV,tr-TR
炼武秘境：断钢 I,Döküm Zindanı: Kesik Çelik I,tr-TR
炼武秘境：断钢 II,Döküm Zindanı: Kesik Çelik II,tr-TR
炼武秘境：断钢 III,Döküm Zindanı: Kesik Çelik III,tr-TR
炼武秘境：断钢 IV,Döküm Zindanı: Kesik Çelik IV,tr-TR
炼武秘境：明辉 I,Döküm Zindanı: Göz Kamaştıran İhtişam I,tr-TR
炼武秘境：明辉 II,Döküm Zindanı: Göz Kamaştıran İhtişam II,tr-TR
炼武秘境：明辉 III,Döküm Zindanı: Göz Kamaştıran İhtişam III,tr-TR
炼武秘境：明辉 IV,Döküm Zindanı: Göz Kamaştıran İhtişam IV,tr-TR
炼武秘境：机思 I,Döküm Zindanı: Robot Aklı I,tr-TR
炼武秘境：机思 II,Döküm Zindanı: Robot Aklı II,tr-TR
炼武秘境：机思 III,Döküm Zindanı: Robot Aklı III,tr-TR
炼武秘境：机思 IV,Döküm Zindanı: Robot Aklı IV,tr-TR
炼武秘境：水光之城 I,Döküm Zindanı: Yansımalar Şehri I,tr-TR
炼武秘境：水光之城 II,Döküm Zindanı: Yansımalar Şehri II,tr-TR
炼武秘境：水光之城 III,Döküm Zindanı: Yansımalar Şehri III,tr-TR
炼武秘境：水光之城 IV,Döküm Zindanı: Yansımalar Şehri IV,tr-TR
炼武秘境：沉沙之渊 I,Döküm Zindanı: Kum Bataklığı I,tr-TR
炼武秘境：沉沙之渊 II,Döküm Zindanı: Kum Bataklığı II,tr-TR
炼武秘境：沉沙之渊 III,Döküm Zindanı: Kum Bataklığı III,tr-TR
炼武秘境：沉沙之渊 IV,Döküm Zindanı: Kum Bataklığı IV,tr-TR
炼武秘境：流沙之葬 I,Döküm Zindanı: Kum Mezarı I,tr-TR
炼武秘境：流沙之葬 II,Döküm Zindanı: Kum Mezarı II,tr-TR
炼武秘境：流沙之葬 III,Döküm Zindanı: Kum Mezarı III,tr-TR
炼武秘境：流沙之葬 IV,Döküm Zindanı: Kum Mezarı IV,tr-TR
炼武秘境：测度 I,Döküm Zindanı: Tahmin I,tr-TR
炼武秘境：测度 II,Döküm Zindanı: Tahmin II,tr-TR
炼武秘境：测度 III,Döküm Zindanı: Tahmin III,tr-TR
炼武秘境：测度 IV,Döküm Zindanı: Tahmin IV,tr-TR
炼武秘境：深没之谷 I,Döküm Zindanı: Batık Vadi I,tr-TR
炼武秘境：深没之谷 II,Döküm Zindanı: Batık Vadi II,tr-TR
炼武秘境：深没之谷 III,Döküm Zindanı: Batık Vadi III,tr-TR
炼武秘境：深没之谷 IV,Döküm Zindanı: Batık Vadi IV,tr-TR
炼武秘境：渴水的废都 I,Döküm Zindanı: Susuz Şehrin Harabeleri I,tr-TR
炼武秘境：渴水的废都 II,Döküm Zindanı: Susuz Şehrin Harabeleri II,tr-TR
炼武秘境：渴水的废都 III,Döküm Zindanı: Susuz Şehrin Harabeleri III,tr-TR
炼武秘境：渴水的废都 IV,Döküm Zindanı: Susuz Şehrin Harabeleri IV,tr-TR
炼武秘境：砂之祭场 I,Döküm Zindanı: Kum Sunağı I,tr-TR
炼武秘境：砂之祭场 II,Döküm Zindanı: Kum Sunağı II,tr-TR
炼武秘境：砂之祭场 III,Döküm Zindanı: Kum Sunağı III,tr-TR
炼武秘境：砂之祭场 IV,Döküm Zindanı: Kum Sunağı IV,tr-TR
炼武秘境：祭月 I,Döküm Zindanı: Ay Adağı I,tr-TR
炼武秘境：祭月 II,Döküm Zindanı: Ay Adağı II,tr-TR
炼武秘境：祭月 III,Döküm Zindanı: Ay Adağı III,tr-TR
炼武秘境：祭月 IV,Döküm Zindanı: Ay Adağı IV,tr-TR
炼武秘境：祷颂 I,Döküm Zindanı: Okunan Dualar I,tr-TR
炼武秘境：祷颂 II,Döküm Zindanı: Okunan Dualar II,tr-TR
炼武秘境：祷颂 III,Döküm Zindanı: Okunan Dualar III,tr-TR
炼武秘境：祷颂 IV,Döküm Zindanı: Okunan Dualar IV,tr-TR
炼武秘境：究观 I,Döküm Zindanı: Dikkatli Gözlem I,tr-TR
炼武秘境：究观 II,Döküm Zindanı: Dikkatli Gözlem II,tr-TR
炼武秘境：究观 III,Döküm Zindanı: Dikkatli Gözlem III,tr-TR
炼武秘境：究观 IV,Döküm Zindanı: Dikkatli Gözlem IV,tr-TR
炼武秘境：铸铁 I,Döküm Zindanı: Dökme Demir I,tr-TR
炼武秘境：铸铁 II,Döküm Zindanı: Dökme Demir II,tr-TR
炼武秘境：铸铁 III,Döküm Zindanı: Dökme Demir III,tr-TR
炼武秘境：铸铁 IV,Döküm Zindanı: Dökme Demir IV,tr-TR
炼武秘境：链轨 I,Döküm Zindanı: Zincirleme Yollar I,tr-TR
炼武秘境：链轨 II,Döküm Zindanı: Zincirleme Yollar II,tr-TR
炼武秘境：链轨 III,Döküm Zindanı: Zincirleme Yollar III,tr-TR
炼武秘境：链轨 IV,Döküm Zindanı: Zincirleme Yollar IV,tr-TR
炼武秘境：雷云祭坛 I,Döküm Zindanı: Fırtına Sunağı I,tr-TR
炼武秘境：雷云祭坛 II,Döküm Zindanı: Fırtına Sunağı II,tr-TR
炼武秘境：雷云祭坛 III,Döküm Zindanı: Fırtına Sunağı III,tr-TR
炼武秘境：雷云祭坛 IV,Döküm Zindanı: Fırtına Sunağı IV,tr-TR
炼武秘境：鸣雷城墟 I,Döküm Zindanı: Gürleyen Harabeler I,tr-TR
炼武秘境：鸣雷城墟 II,Döküm Zindanı: Gürleyen Harabeler II,tr-TR
炼武秘境：鸣雷城墟 III,Döküm Zindanı: Gürleyen Harabeler III,tr-TR
炼武秘境：鸣雷城墟 IV,Döküm Zindanı: Gürleyen Harabeler IV,tr-TR
煉武秘境・断鋼 I,Döküm Zindanı: Kesik Çelik I,tr-TR
煉武秘境・断鋼 II,Döküm Zindanı: Kesik Çelik II,tr-TR
煉武秘境・断鋼 III,Döküm Zindanı: Kesik Çelik III,tr-TR
煉武秘境・断鋼 IV,Döküm Zindanı: Kesik Çelik IV,tr-TR
煉武秘境・鋳鉄 I,Döküm Zindanı: Dökme Demir I,tr-TR
煉武秘境・鋳鉄 II,Döküm Zindanı: Dökme Demir II,tr-TR
煉武秘境・鋳鉄 III,Döküm Zindanı: Dökme Demir III,tr-TR
煉武秘境・鋳鉄 IV,Döküm Zindanı: Dökme Demir IV,tr-TR
煉武秘境・鎖軌 I,Döküm Zindanı: Zincirleme Yollar I,tr-TR
煉武秘境・鎖軌 II,Döküm Zindanı: Zincirleme Yollar II,tr-TR
煉武秘境・鎖軌 III,Döküm Zindanı: Zincirleme Yollar III,tr-TR
煉武秘境・鎖軌 IV,Döküm Zindanı: Zincirleme Yollar IV,tr-TR
煉武秘境：光輝 I,Döküm Zindanı: Göz Kamaştıran İhtişam I,tr-TR
煉武秘境：光輝 II,Döküm Zindanı: Göz Kamaştıran İhtişam II,tr-TR
煉武秘境：光輝 III,Döküm Zindanı: Göz Kamaştıran İhtişam III,tr-TR
煉武秘境：光輝 IV,Döküm Zindanı: Göz Kamaştıran İhtişam IV,tr-TR
煉武秘境：冥見 I,Döküm Zindanı: Kehanet Yansımaları I,tr-TR
煉武秘境：冥見 II,Döküm Zindanı: Kehanet Yansımaları II,tr-TR
煉武秘境：冥見 III,Döküm Zindanı: Kehanet Yansımaları III,tr-TR
煉武秘境：冥見 IV,Döküm Zindanı: Kehanet Yansımaları IV,tr-TR
煉武秘境：匠理 I,Döküm Zindanı: İşçilik I,tr-TR
煉武秘境：匠理 II,Döküm Zindanı: İşçilik II,tr-TR
煉武秘境：匠理 III,Döküm Zindanı: İşçilik III,tr-TR
煉武秘境：匠理 IV,Döküm Zindanı: İşçilik IV,tr-TR
煉武秘境：古雷試煉場 I,Döküm Zindanı: Yıldırım İmtihanı Alanı I,tr-TR
煉武秘境：古雷試煉場 II,Döküm Zindanı: Yıldırım İmtihanı Alanı II,tr-TR
煉武秘境：古雷試煉場 III,Döküm Zindanı: Yıldırım İmtihanı Alanı III,tr-TR
煉武秘境：古雷試煉場 IV,Döküm Zindanı: Yıldırım İmtihanı Alanı IV,tr-TR
煉武秘境：奇械 I,Döküm Zindanı: Tuhaf Mekanizmalar I,tr-TR
煉武秘境：奇械 II,Döküm Zindanı: Tuhaf Mekanizmalar II,tr-TR
煉武秘境：奇械 III,Döküm Zindanı: Tuhaf Mekanizmalar III,tr-TR
煉武秘境：奇械 IV,Döküm Zindanı: Tuhaf Mekanizmalar IV,tr-TR
煉武秘境：巧想 I,Döküm Zindanı: Robot Aklı I,tr-TR
煉武秘境：巧想 II,Döküm Zindanı: Robot Aklı II,tr-TR
煉武秘境：巧想 III,Döküm Zindanı: Robot Aklı III,tr-TR
煉武秘境：巧想 IV,Döküm Zindanı: Robot Aklı IV,tr-TR
煉武秘境：引業 I,Döküm Zindanı: Öncü Karma I,tr-TR
煉武秘境：引業 II,Döküm Zindanı: Öncü Karma II,tr-TR
煉武秘境：引業 III,Döküm Zindanı: Öncü Karma III,tr-TR
煉武秘境：引業 IV,Döküm Zindanı: Öncü Karma IV,tr-TR
煉武秘境：思惑 I,Döküm Zindanı: Takıntı I,tr-TR
煉武秘境：思惑 II,Döküm Zindanı: Takıntı II,tr-TR
煉武秘境：思惑 III,Döküm Zindanı: Takıntı III,tr-TR
煉武秘境：思惑 IV,Döküm Zindanı: Takıntı IV,tr-TR
煉武秘境：斷鋼 I,Döküm Zindanı: Kesik Çelik I,tr-TR
煉武秘境：斷鋼 II,Döküm Zindanı: Kesik Çelik II,tr-TR
煉武秘境：斷鋼 III,Döküm Zindanı: Kesik Çelik III,tr-TR
煉武秘境：斷鋼 IV,Döküm Zindanı: Kesik Çelik IV,tr-TR
煉武秘境：明輝 I,Döküm Zindanı: Göz Kamaştıran İhtişam I,tr-TR
煉武秘境：明輝 II,Döküm Zindanı: Göz Kamaştıran İhtişam II,tr-TR
煉武秘境：明輝 III,Döküm Zindanı: Göz Kamaştıran İhtişam III,tr-TR
煉武秘境：明輝 IV,Döküm Zindanı: Göz Kamaştıran İhtişam IV,tr-TR
煉武秘境：機思 I,Döküm Zindanı: Robot Aklı I,tr-TR
煉武秘境：機思 II,Döküm Zindanı: Robot Aklı II,tr-TR
煉武秘境：機思 III,Döküm Zindanı: Robot Aklı III,tr-TR
煉武秘境：機思 IV,Döküm Zindanı: Robot Aklı IV,tr-TR
煉武秘境：水光の城 I,Döküm Zindanı: Yansımalar Şehri I,tr-TR
煉武秘境：水光の城 II,Döküm Zindanı: Yansımalar Şehri II,tr-TR
煉武秘境：水光の城 III,Döküm Zindanı: Yansımalar Şehri III,tr-TR
煉武秘境：水光の城 IV,Döküm Zindanı: Yansımalar Şehri IV,tr-TR
煉武秘境：水光之城 I,Döküm Zindanı: Yansımalar Şehri I,tr-TR
煉武秘境：水光之城 II,Döküm Zindanı: Yansımalar Şehri II,tr-TR
煉武秘境：水光之城 III,Döküm Zindanı: Yansımalar Şehri III,tr-TR
煉武秘境：水光之城 IV,Döküm Zindanı: Yansımalar Şehri IV,tr-TR
煉武秘境：沈んだ谷 I,Döküm Zindanı: Batık Vadi I,tr-TR
煉武秘境：沈んだ谷 II,Döküm Zindanı: Batık Vadi II,tr-TR
煉武秘境：沈んだ谷 III,Döküm Zindanı: Batık Vadi III,tr-TR
煉武秘境：沈んだ谷 IV,Döküm Zindanı: Batık Vadi IV,tr-TR
煉武秘境：沈砂の淵 I,Döküm Zindanı: Kum Bataklığı I,tr-TR
煉武秘境：沈砂の淵 II,Döküm Zindanı: Kum Bataklığı II,tr-TR
煉武秘境：沈砂の淵 III,Döküm Zindanı: Kum Bataklığı III,tr-TR
煉武秘境：沈砂の淵 IV,Döküm Zindanı: Kum Bataklığı IV,tr-TR
煉武秘境：沉沙之淵 I,Döküm Zindanı: Kum Bataklığı I,tr-TR
煉武秘境：沉沙之淵 II,Döküm Zindanı: Kum Bataklığı II,tr-TR
煉武秘境：沉沙之淵 III,Döküm Zindanı: Kum Bataklığı III,tr-TR
煉武秘境：沉沙之淵 IV,Döküm Zindanı: Kum Bataklığı IV,tr-TR
煉武秘境：流沙之葬 I,Döküm Zindanı: Kum Mezarı I,tr-TR
煉武秘境：流沙之葬 II,Döküm Zindanı: Kum Mezarı II,tr-TR
煉武秘境：流沙之葬 III,Döküm Zindanı: Kum Mezarı III,tr-TR
煉武秘境：流沙之葬 IV,Döküm Zindanı: Kum Mezarı IV,tr-TR
煉武秘境：流砂の葬 I,Döküm Zindanı: Kum Mezarı I,tr-TR
煉武秘境：流砂の葬 II,Döküm Zindanı: Kum Mezarı II,tr-TR
煉武秘境：流砂の葬 III,Döküm Zindanı: Kum Mezarı III,tr-TR
煉武秘境：流砂の葬 IV,Döküm Zindanı: Kum Mezarı IV,tr-TR
煉武秘境：深沒之谷 I,Döküm Zindanı: Batık Vadi I,tr-TR
煉武秘境：深沒之谷 II,Döküm Zindanı: Batık Vadi II,tr-TR
煉武秘境：深沒之谷 III,Döküm Zindanı: Batık Vadi III,tr-TR
煉武秘境：深沒之谷 IV,Döküm Zindanı: Batık Vadi IV,tr-TR
煉武秘境：渇水の廃都 I,Döküm Zindanı: Susuz Şehrin Harabeleri I,tr-TR
煉武秘境：渇水の廃都 II,Döküm Zindanı: Susuz Şehrin Harabeleri II,tr-TR
煉武秘境：渇水の廃都 III,Döküm Zindanı: Susuz Şehrin Harabeleri III,tr-TR
煉武秘境：渇水の廃都 IV,Döküm Zindanı: Susuz Şehrin Harabeleri IV,tr-TR
煉武秘境：測度 I,Döküm Zindanı: Tahmin I,tr-TR
煉武秘境：測度 II,Döküm Zindanı: Tahmin II,tr-TR
煉武秘境：測度 III,Döküm Zindanı: Tahmin III,tr-TR
煉武秘境：測度 IV,Döküm Zindanı: Tahmin IV,tr-TR
煉武秘境：渴水的廢都 I,Döküm Zindanı: Susuz Şehrin Harabeleri I,tr-TR
煉武秘境：渴水的廢都 II,Döküm Zindanı: Susuz Şehrin Harabeleri II,tr-TR
煉武秘境：渴水的廢都 III,Döküm Zindanı: Susuz Şehrin Harabeleri III,tr-TR
煉武秘境：渴水的廢都 IV,Döküm Zindanı: Susuz Şehrin Harabeleri IV,tr-TR
煉武秘境：熟視 I,Döküm Zindanı: Dikkatli Gözlem I,tr-TR
煉武秘境：熟視 II,Döküm Zindanı: Dikkatli Gözlem II,tr-TR
煉武秘境：熟視 III,Döküm Zindanı: Dikkatli Gözlem III,tr-TR
煉武秘境：熟視 IV,Döküm Zindanı: Dikkatli Gözlem IV,tr-TR
煉武秘境：砂の祭場 I,Döküm Zindanı: Kum Sunağı I,tr-TR
煉武秘境：砂の祭場 II,Döküm Zindanı: Kum Sunağı II,tr-TR
煉武秘境：砂の祭場 III,Döküm Zindanı: Kum Sunağı III,tr-TR
煉武秘境：砂の祭場 IV,Döküm Zindanı: Kum Sunağı IV,tr-TR
煉武秘境：砂之祭場 I,Döküm Zindanı: Kum Sunağı I,tr-TR
煉武秘境：砂之祭場 II,Döküm Zindanı: Kum Sunağı II,tr-TR
煉武秘境：砂之祭場 III,Döküm Zindanı: Kum Sunağı III,tr-TR
煉武秘境：砂之祭場 IV,Döküm Zindanı: Kum Sunağı IV,tr-TR
煉武秘境：祭月 I,Döküm Zindanı: Ay Adağı I,tr-TR
煉武秘境：祭月 II,Döküm Zindanı: Ay Adağı II,tr-TR
煉武秘境：祭月 III,Döküm Zindanı: Ay Adağı III,tr-TR
煉武秘境：祭月 IV,Döküm Zindanı: Ay Adağı IV,tr-TR
煉武秘境：禱頌 I,Döküm Zindanı: Okunan Dualar I,tr-TR
煉武秘境：禱頌 II,Döküm Zindanı: Okunan Dualar II,tr-TR
煉武秘境：禱頌 III,Döküm Zindanı: Okunan Dualar III,tr-TR
煉武秘境：禱頌 IV,Döküm Zindanı: Okunan Dualar IV,tr-TR
煉武秘境：究觀 I,Döküm Zindanı: Dikkatli Gözlem I,tr-TR
煉武秘境：究觀 II,Döküm Zindanı: Dikkatli Gözlem II,tr-TR
煉武秘境：究觀 III,Döküm Zindanı: Dikkatli Gözlem III,tr-TR
煉武秘境：究觀 IV,Döküm Zindanı: Dikkatli Gözlem IV,tr-TR
煉武秘境：鏈軌 I,Döküm Zindanı: Zincirleme Yollar I,tr-TR
煉武秘境：鏈軌 II,Döküm Zindanı: Zincirleme Yollar II,tr-TR
煉武秘境：鏈軌 III,Döküm Zindanı: Zincirleme Yollar III,tr-TR
煉武秘境：鏈軌 IV,Döküm Zindanı: Zincirleme Yollar IV,tr-TR
煉武秘境：鑄鐵 I,Döküm Zindanı: Dökme Demir I,tr-TR
煉武秘境：鑄鐵 II,Döküm Zindanı: Dökme Demir II,tr-TR
煉武秘境：鑄鐵 III,Döküm Zindanı: Dökme Demir III,tr-TR
煉武秘境：鑄鐵 IV,Döküm Zindanı: Dökme Demir IV,tr-TR
煉武秘境：雲垢 I,Döküm Zindanı: Lekeli Bulutlar I,tr-TR
煉武秘境：雲垢 II,Döküm Zindanı: Lekeli Bulutlar II,tr-TR
煉武秘境：雲垢 III,Döküm Zindanı: Lekeli Bulutlar III,tr-TR
煉武秘境：雲垢 IV,Döküm Zindanı: Lekeli Bulutlar IV,tr-TR
煉武秘境：雲纏 I,Döküm Zindanı: Lekeli Bulutlar I,tr-TR
煉武秘境：雲纏 II,Döküm Zindanı: Lekeli Bulutlar II,tr-TR
煉武秘境：雲纏 III,Döküm Zindanı: Lekeli Bulutlar III,tr-TR
煉武秘境：雲纏 IV,Döküm Zindanı: Lekeli Bulutlar IV,tr-TR
煉武秘境：雷の試練場 I,Döküm Zindanı: Yıldırım İmtihanı Alanı I,tr-TR
煉武秘境：雷の試練場 II,Döküm Zindanı: Yıldırım İmtihanı Alanı II,tr-TR
煉武秘境：雷の試練場 III,Döküm Zindanı: Yıldırım İmtihanı Alanı III,tr-TR
煉武秘境：雷の試練場 IV,Döküm Zindanı: Yıldırım İmtihanı Alanı IV,tr-TR
煉武秘境：雷雲祭壇 I,Döküm Zindanı: Fırtına Sunağı I,tr-TR
煉武秘境：雷雲祭壇 II,Döküm Zindanı: Fırtına Sunağı II,tr-TR
煉武秘境：雷雲祭壇 III,Döküm Zindanı: Fırtına Sunağı III,tr-TR
煉武秘境：雷雲祭壇 IV,Döküm Zindanı: Fırtına Sunağı IV,tr-TR
煉武秘境：雷鳴の廃墟 I,Döküm Zindanı: Gürleyen Harabeler I,tr-TR
煉武秘境：雷鳴の廃墟 II,Döküm Zindanı: Gürleyen Harabeler II,tr-TR
煉武秘境：雷鳴の廃墟 III,Döküm Zindanı: Gürleyen Harabeler III,tr-TR
煉武秘境：雷鳴の廃墟 IV,Döküm Zindanı: Gürleyen Harabeler IV,tr-TR
煉武秘境：頌栄 I,Döküm Zindanı: Okunan Dualar I,tr-TR
煉武秘境：頌栄 II,Döküm Zindanı: Okunan Dualar II,tr-TR
煉武秘境：頌栄 III,Döküm Zindanı: Okunan Dualar III,tr-TR
煉武秘境：頌栄 IV,Döküm Zindanı: Okunan Dualar IV,tr-TR
煉武秘境：鳴雷城墟 I,Döküm Zindanı: Gürleyen Harabeler I,tr-TR
煉武秘境：鳴雷城墟 II,Döküm Zindanı: Gürleyen Harabeler II,tr-TR
煉武秘境：鳴雷城墟 III,Döküm Zindanı: Gürleyen Harabeler III,tr-TR
煉武秘境：鳴雷城墟 IV,Döküm Zindanı: Gürleyen Harabeler IV,tr-TR
熟知秘境・共観 I,Ustalık Zindanı: Ortak Vizyon I,tr-TR
熟知秘境・共観 II,Ustalık Zindanı: Ortak Vizyon II,tr-TR
熟知秘境・共観 III,Ustalık Zindanı: Ortak Vizyon III,tr-TR
熟知秘境・共観 IV,Ustalık Zindanı: Ortak Vizyon IV,tr-TR
熟知秘境・隠修 I,Ustalık Zindanı: İnziva I,tr-TR
熟知秘境・隠修 II,Ustalık Zindanı: İnziva II,tr-TR
熟知秘境・隠修 III,Ustalık Zindanı: İnziva III,tr-TR
熟知秘境・隠修 IV,Ustalık Zindanı: İnziva IV,tr-TR
熟知秘境・黙想 I,Ustalık Zindanı: Tefekkür I,tr-TR
熟知秘境・黙想 II,Ustalık Zindanı: Tefekkür II,tr-TR
熟知秘境・黙想 III,Ustalık Zindanı: Tefekkür III,tr-TR
熟知秘境・黙想 IV,Ustalık Zindanı: Tefekkür IV,tr-TR
熟知秘境：円鏡 I,Ustalık Zindanı: Dolunay I,tr-TR
熟知秘境：円鏡 II,Ustalık Zindanı: Dolunay II,tr-TR
熟知秘境：円鏡 III,Ustalık Zindanı: Dolunay III,tr-TR
熟知秘境：円鏡 IV,Ustalık Zindanı: Dolunay IV,tr-TR
熟知秘境：初雷の幽谷 I,Ustalık Zindanı: Uğultulu Vadi I,tr-TR
熟知秘境：初雷の幽谷 II,Ustalık Zindanı: Uğultulu Vadi II,tr-TR
熟知秘境：初雷の幽谷 III,Ustalık Zindanı: Uğultulu Vadi III,tr-TR
熟知秘境：初雷の幽谷 IV,Ustalık Zindanı: Uğultulu Vadi IV,tr-TR
熟知秘境：反転 I,Ustalık Zindanı: Yüce Dönüş I,tr-TR
熟知秘境：反転 II,Ustalık Zindanı: Yüce Dönüş II,tr-TR
熟知秘境：反転 III,Ustalık Zindanı: Yüce Dönüş III,tr-TR
熟知秘境：反転 IV,Ustalık Zindanı: Yüce Dönüş IV,tr-TR
熟知秘境：妙語 I,Ustalık Zindanı: Nükte I,tr-TR
熟知秘境：妙語 II,Ustalık Zindanı: Nükte II,tr-TR
熟知秘境：妙語 III,Ustalık Zindanı: Nükte III,tr-TR
熟知秘境：妙語 IV,Ustalık Zindanı: Nükte IV,tr-TR
熟知秘境：廃都 I,Ustalık Zindanı: Düşmüş Şehir I,tr-TR
熟知秘境：廃都 II,Ustalık Zindanı: Düşmüş Şehir II,tr-TR
熟知秘境：廃都 III,Ustalık Zindanı: Düşmüş Şehir III,tr-TR
熟知秘境：廃都 IV,Ustalık Zindanı: Düşmüş Şehir IV,tr-TR
熟知秘境：律蔵 I,Ustalık Zindanı: Disiplin I,tr-TR
熟知秘境：律蔵 II,Ustalık Zindanı: Disiplin II,tr-TR
熟知秘境：律蔵 III,Ustalık Zindanı: Disiplin III,tr-TR
熟知秘境：律蔵 IV,Ustalık Zindanı: Disiplin IV,tr-TR
熟知秘境：旋回 I,Ustalık Zindanı: Geri Dönüş I,tr-TR
熟知秘境：旋回 II,Ustalık Zindanı: Geri Dönüş II,tr-TR
熟知秘境：旋回 III,Ustalık Zindanı: Geri Dönüş III,tr-TR
熟知秘境：旋回 IV,Ustalık Zindanı: Geri Dönüş IV,tr-TR
熟知秘境：旋韻 I,Ustalık Zindanı: Ritmin Ahengi I,tr-TR
熟知秘境：旋韻 II,Ustalık Zindanı: Ritmin Ahengi II,tr-TR
熟知秘境：旋韻 III,Ustalık Zindanı: Ritmin Ahengi III,tr-TR
熟知秘境：旋韻 IV,Ustalık Zindanı: Ritmin Ahengi IV,tr-TR
熟知秘境：朗唱 I,Ustalık Zindanı: Ahenkli Okuma I,tr-TR
熟知秘境：朗唱 II,Ustalık Zindanı: Ahenkli Okuma II,tr-TR
熟知秘境：朗唱 III,Ustalık Zindanı: Ahenkli Okuma III,tr-TR
熟知秘境：朗唱 IV,Ustalık Zindanı: Ahenkli Okuma IV,tr-TR
熟知秘境：氷の廃淵 I,Ustalık Zindanı: Donmuş Hiçlik I,tr-TR
熟知秘境：氷の廃淵 II,Ustalık Zindanı: Donmuş Hiçlik II,tr-TR
熟知秘境：氷の廃淵 III,Ustalık Zindanı: Donmuş Hiçlik III,tr-TR
熟知秘境：氷の廃淵 IV,Ustalık Zindanı: Donmuş Hiçlik IV,tr-TR
熟知秘境：氷霜の祭壇 I,Ustalık Zindanı: Donuk Sunak I,tr-TR
熟知秘境：氷霜の祭壇 II,Ustalık Zindanı: Donuk Sunak II,tr-TR
熟知秘境：氷霜の祭壇 III,Ustalık Zindanı: Donuk Sunak III,tr-TR
熟知秘境：氷霜の祭壇 IV,Ustalık Zindanı: Donuk Sunak IV,tr-TR
熟知秘境：深炎の底 I,Ustalık Zindanı: Alevin Kalbi I,tr-TR
熟知秘境：深炎の底 II,Ustalık Zindanı: Alevin Kalbi II,tr-TR
熟知秘境：深炎の底 III,Ustalık Zindanı: Alevin Kalbi III,tr-TR
熟知秘境：深炎の底 IV,Ustalık Zindanı: Alevin Kalbi IV,tr-TR
熟知秘境：焚尽の輪 I,Ustalık Zindanı: Kor Çemberi I,tr-TR
熟知秘境：焚尽の輪 II,Ustalık Zindanı: Kor Çemberi II,tr-TR
熟知秘境：焚尽の輪 III,Ustalık Zindanı: Kor Çemberi III,tr-TR
熟知秘境：焚尽の輪 IV,Ustalık Zindanı: Kor Çemberi IV,tr-TR
熟知秘境：熾炎祭場 I,Ustalık Zindanı: Alaz Sunağı I,tr-TR
熟知秘境：熾炎祭場 II,Ustalık Zindanı: Alaz Sunağı II,tr-TR
熟知秘境：熾炎祭場 III,Ustalık Zindanı: Alaz Sunağı III,tr-TR
熟知秘境：熾炎祭場 IV,Ustalık Zindanı: Alaz Sunağı IV,tr-TR
熟知秘境：真葛の廃都 I,Ustalık Zindanı: Asmalı Harabeler I,tr-TR
熟知秘境：真葛の廃都 II,Ustalık Zindanı: Asmalı Harabeler II,tr-TR
熟知秘境：真葛の廃都 III,Ustalık Zindanı: Asmalı Harabeler III,tr-TR
熟知秘境：真葛の廃都 IV,Ustalık Zindanı: Asmalı Harabeler IV,tr-TR
熟知秘境：眠りの国 I,Ustalık Zindanı: Uyku Diyarı I,tr-TR
熟知秘境：眠りの国 II,Ustalık Zindanı: Uyku Diyarı II,tr-TR
熟知秘境：眠りの国 III,Ustalık Zindanı: Uyku Diyarı III,tr-TR
熟知秘境：眠りの国 IV,Ustalık Zindanı: Uyku Diyarı IV,tr-TR
熟知秘境：空華 I,Ustalık Zindanı: Sayısız Yanılsama I,tr-TR
熟知秘境：空華 II,Ustalık Zindanı: Sayısız Yanılsama II,tr-TR
熟知秘境：空華 III,Ustalık Zindanı: Sayısız Yanılsama III,tr-TR
熟知秘境：空華 IV,Ustalık Zindanı: Sayısız Yanılsama IV,tr-TR
熟知秘境：箴銘 I,Ustalık Zindanı: Uyarı Yazıtı I,tr-TR
熟知秘境：箴銘 II,Ustalık Zindanı: Uyarı Yazıtı II,tr-TR
熟知秘境：箴銘 III,Ustalık Zindanı: Uyarı Yazıtı III,tr-TR
熟知秘境：箴銘 IV,Ustalık Zindanı: Uyarı Yazıtı IV,tr-TR
熟知秘境：菫染の国 I,Ustalık Zindanı: Mor Saltanat I,tr-TR
熟知秘境：菫染の国 II,Ustalık Zindanı: Mor Saltanat II,tr-TR
熟知秘境：菫染の国 III,Ustalık Zindanı: Mor Saltanat III,tr-TR
熟知秘境：菫染の国 IV,Ustalık Zindanı: Mor Saltanat IV,tr-TR
熟知秘境：覆巣 I,Ustalık Zindanı: Dağılan Yuva I,tr-TR
熟知秘境：覆巣 II,Ustalık Zindanı: Dağılan Yuva II,tr-TR
熟知秘境：覆巣 III,Ustalık Zindanı: Dağılan Yuva III,tr-TR
熟知秘境：覆巣 IV,Ustalık Zindanı: Dağılan Yuva IV,tr-TR
熟知秘境：陰影 I,Ustalık Zindanı: Unutulmuş Miras I,tr-TR
熟知秘境：陰影 II,Ustalık Zindanı: Unutulmuş Miras II,tr-TR
熟知秘境：陰影 III,Ustalık Zindanı: Unutulmuş Miras III,tr-TR
熟知秘境：陰影 IV,Ustalık Zindanı: Unutulmuş Miras IV,tr-TR
祈聖秘境・氷蝕 I,Yadigar Zindanı: Buz Aşınması I,tr-TR
祈聖秘境・氷蝕 II,Yadigar Zindanı: Buz Aşınması II,tr-TR
祈聖秘境・氷蝕 III,Yadigar Zindanı: Buz Aşınması III,tr-TR
祈聖秘境・氷蝕 IV,Yadigar Zindanı: Buz Aşınması IV,tr-TR
祈聖秘境：七識 I,Yadigar Zindanı: Yedi Duyu I,tr-TR
祈聖秘境：七識 II,Yadigar Zindanı: Yedi Duyu II,tr-TR
祈聖秘境：七識 III,Yadigar Zindanı: Yedi Duyu III,tr-TR
祈聖秘境：七識 IV,Yadigar Zindanı: Yedi Duyu IV,tr-TR
祈聖秘境：不動 I,Yadigar Zindanı: Boyun Eğmez I,tr-TR
祈聖秘境：不動 II,Yadigar Zindanı: Boyun Eğmez II,tr-TR
祈聖秘境：不動 III,Yadigar Zindanı: Boyun Eğmez III,tr-TR
祈聖秘境：不動 IV,Yadigar Zindanı: Boyun Eğmez IV,tr-TR
祈聖秘境：啓蟄 I,Yadigar Zindanı: İlkbahar I,tr-TR
祈聖秘境：啓蟄 II,Yadigar Zindanı: İlkbahar II,tr-TR
祈聖秘境：啓蟄 III,Yadigar Zindanı: İlkbahar III,tr-TR
祈聖秘境：啓蟄 IV,Yadigar Zindanı: İlkbahar IV,tr-TR
祈聖秘境：啓蟄 V,Yadigar Zindanı: İlkbahar V,tr-TR
祈聖秘境：啓蟄 VI,Yadigar Zindanı: İlkbahar VI,tr-TR
祈聖秘境：喰炎の試練場 I,Yadigar Zindanı: Alev Meydanı I,tr-TR
祈聖秘境：喰炎の試練場 II,Yadigar Zindanı: Alev Meydanı II,tr-TR
祈聖秘境：喰炎の試練場 III,Yadigar Zindanı: Alev Meydanı III,tr-TR
祈聖秘境：喰炎の試練場 IV,Yadigar Zindanı: Alev Meydanı IV,tr-TR
祈聖秘境：変奏 I,Yadigar Zindanı: Çeşitlilik I,tr-TR
祈聖秘境：変奏 II,Yadigar Zindanı: Çeşitlilik II,tr-TR
祈聖秘境：変奏 III,Yadigar Zindanı: Çeşitlilik III,tr-TR
祈聖秘境：変奏 IV,Yadigar Zindanı: Çeşitlilik IV,tr-TR
祈聖秘境：岩牢 I,Yadigar Zindanı: Taş Oda I,tr-TR
祈聖秘境：岩牢 II,Yadigar Zindanı: Taş Oda II,tr-TR
祈聖秘境：岩牢 III,Yadigar Zindanı: Taş Oda III,tr-TR
祈聖秘境：朽ち果てた集会場 I,Yadigar Zindanı: Parçalanmış Salon I,tr-TR
祈聖秘境：朽ち果てた集会場 II,Yadigar Zindanı: Parçalanmış Salon II,tr-TR
祈聖秘境：朽ち果てた集会場 III,Yadigar Zindanı: Parçalanmış Salon III,tr-TR
祈聖秘境：朽ち果てた集会場 IV,Yadigar Zindanı: Parçalanmış Salon IV,tr-TR
祈聖秘境：椛狩 I,Yadigar Zindanı: Sonbahar Avı I,tr-TR
祈聖秘境：椛狩 II,Yadigar Zindanı: Sonbahar Avı II,tr-TR
祈聖秘境：椛狩 III,Yadigar Zindanı: Sonbahar Avı III,tr-TR
祈聖秘境：椛狩 IV,Yadigar Zindanı: Sonbahar Avı IV,tr-TR
祈聖秘境：機巢 I,Yadigar Zindanı: Makina Yuvası I,tr-TR
祈聖秘境：機巢 II,Yadigar Zindanı: Makina Yuvası II,tr-TR
祈聖秘境：機巢 III,Yadigar Zindanı: Makina Yuvası III,tr-TR
祈聖秘境：機巢 IV,Yadigar Zindanı: Makina Yuvası IV,tr-TR
祈聖秘境：死告の霜 I,Yadigar Zindanı: Elemli Kırağı I,tr-TR
祈聖秘境：死告の霜 II,Yadigar Zindanı: Elemli Kırağı II,tr-TR
祈聖秘境：死告の霜 III,Yadigar Zindanı: Elemli Kırağı III,tr-TR
祈聖秘境：死告の霜 IV,Yadigar Zindanı: Elemli Kırağı IV,tr-TR
祈聖秘境：浄化の炎 I,Yadigar Zindanı: Arınma Ateşi I,tr-TR
祈聖秘境：浄化の炎 II,Yadigar Zindanı: Arınma Ateşi II,tr-TR
祈聖秘境：浄化の炎 III,Yadigar Zindanı: Arınma Ateşi III,tr-TR
祈聖秘境：浄化の炎 IV,Yadigar Zindanı: Arınma Ateşi IV,tr-TR
祈聖秘境：浄化の炎 V,Yadigar Zindanı: Arınma Ateşi V,tr-TR
祈聖秘境：浄化の炎 VI,Yadigar Zindanı: Arınma Ateşi VI,tr-TR
祈聖秘境：深奥 I,Yadigar Zindanı: Derin Sirayet I,tr-TR
祈聖秘境：深奥 II,Yadigar Zindanı: Derin Sirayet II,tr-TR
祈聖秘境：深奥 III,Yadigar Zindanı: Derin Sirayet III,tr-TR
祈聖秘境：深奥 IV,Yadigar Zindanı: Derin Sirayet IV,tr-TR
祈聖秘境：深火の構築 I,Yadigar Zindanı: Derin Ateş Yapısı I,tr-TR
祈聖秘境：深火の構築 II,Yadigar Zindanı: Derin Ateş Yapısı II,tr-TR
祈聖秘境：深火の構築 III,Yadigar Zindanı: Derin Ateş Yapısı III,tr-TR
祈聖秘境：深火の構築 IV,Yadigar Zindanı: Derin Ateş Yapısı IV,tr-TR
祈聖秘境：熾炎 I,Yadigar Zindanı: Kükreyen Alev I,tr-TR
祈聖秘境：熾炎 II,Yadigar Zindanı: Kükreyen Alev II,tr-TR
祈聖秘境：熾炎 III,Yadigar Zindanı: Kükreyen Alev III,tr-TR
祈聖秘境：熾炎 IV,Yadigar Zindanı: Kükreyen Alev IV,tr-TR
祈聖秘境：砂の孤城 I,Yadigar Zindanı: Çöl Hisarı I,tr-TR
祈聖秘境：砂の孤城 II,Yadigar Zindanı: Çöl Hisarı II,tr-TR
祈聖秘境：砂の孤城 III,Yadigar Zindanı: Çöl Hisarı III,tr-TR
祈聖秘境：砂の孤城 IV,Yadigar Zindanı: Çöl Hisarı IV,tr-TR
祈聖秘境：聖庫 I,Yadigar Zindanı: Kutsal Sığınak I,tr-TR
祈聖秘境：聖庫 II,Yadigar Zindanı: Kutsal Sığınak II,tr-TR
祈聖秘境：聖庫 III,Yadigar Zindanı: Kutsal Sığınak III,tr-TR
祈聖秘境：聖庫 IV,Yadigar Zindanı: Kutsal Sığınak IV,tr-TR
祈聖秘境：花の宴 I,Yadigar Zindanı: Çiçek Şöleni I,tr-TR
祈聖秘境：花の宴 II,Yadigar Zindanı: Çiçek Şöleni II,tr-TR
祈聖秘境：花の宴 III,Yadigar Zindanı: Çiçek Şöleni III,tr-TR
祈聖秘境：花の宴 IV,Yadigar Zindanı: Çiçek Şöleni IV,tr-TR
祈聖秘境：諧律 I,Yadigar Zindanı: Uyum I,tr-TR
祈聖秘境：諧律 II,Yadigar Zindanı: Uyum II,tr-TR
祈聖秘境：諧律 III,Yadigar Zindanı: Uyum III,tr-TR
祈聖秘境：諧律 IV,Yadigar Zindanı: Uyum IV,tr-TR
祈聖秘境：遺世の城砦 I,Yadigar Zindanı: Terkedilmiş Sur I,tr-TR
祈聖秘境：遺世の城砦 II,Yadigar Zindanı: Terkedilmiş Sur II,tr-TR
祈聖秘境：遺世の城砦 III,Yadigar Zindanı: Terkedilmiş Sur III,tr-TR
祈聖秘境：遺世の城砦 IV,Yadigar Zindanı: Terkedilmiş Sur IV,tr-TR
祈聖秘境：鋼鉄の舞 I,Yadigar Zindanı: Çelik Dansı I,tr-TR
祈聖秘境：鋼鉄の舞 II,Yadigar Zindanı: Çelik Dansı II,tr-TR
祈聖秘境：鋼鉄の舞 III,Yadigar Zindanı: Çelik Dansı III,tr-TR
祈聖秘境：鋼鉄の舞 IV,Yadigar Zindanı: Çelik Dansı IV,tr-TR
祈聖秘境：鋼鉄の舞 V,Yadigar Zindanı: Çelik Dansı V,tr-TR
祈聖秘境：骸館 I,Yadigar Zindanı: Kabristan I,tr-TR
祈聖秘境：骸館 II,Yadigar Zindanı: Kabristan II,tr-TR
祈聖秘境：骸館 III,Yadigar Zindanı: Kabristan III,tr-TR
祈聖秘境：骸館 IV,Yadigar Zindanı: Kabristan IV,tr-TR
祝圣秘境：七识 I,Yadigar Zindanı: Yedi Duyu I,tr-TR
祝圣秘境：七识 II,Yadigar Zindanı: Yedi Duyu II,tr-TR
祝圣秘境：七识 III,Yadigar Zindanı: Yedi Duyu III,tr-TR
祝圣秘境：七识 IV,Yadigar Zindanı: Yedi Duyu IV,tr-TR
祝圣秘境：不移 I,Yadigar Zindanı: Boyun Eğmez I,tr-TR
祝圣秘境：不移 II,Yadigar Zindanı: Boyun Eğmez II,tr-TR
祝圣秘境：不移 III,Yadigar Zindanı: Boyun Eğmez III,tr-TR
祝圣秘境：不移 IV,Yadigar Zindanı: Boyun Eğmez IV,tr-TR
祝圣秘境：冰蚀 I,Yadigar Zindanı: Buz Aşınması I,tr-TR
祝圣秘境：冰蚀 II,Yadigar Zindanı: Buz Aşınması II,tr-TR
祝圣秘境：冰蚀 III,Yadigar Zindanı: Buz Aşınması III,tr-TR
祝圣秘境：冰蚀 IV,Yadigar Zindanı: Buz Aşınması IV,tr-TR
祝圣秘境：净化之炎 I,Yadigar Zindanı: Arınma Ateşi I,tr-TR
祝圣秘境：净化之炎 II,Yadigar Zindanı: Arınma Ateşi II,tr-TR
祝圣秘境：净化之炎 III,Yadigar Zindanı: Arınma Ateşi III,tr-TR
祝圣秘境：净化之炎 IV,Yadigar Zindanı: Arınma Ateşi IV,tr-TR
祝圣秘境：净化之炎 V,Yadigar Zindanı: Arınma Ateşi V,tr-TR
祝圣秘境：净化之炎 VI,Yadigar Zindanı: Arınma Ateşi VI,tr-TR
祝圣秘境：变奏 I,Yadigar Zindanı: Çeşitlilik I,tr-TR
祝圣秘境：变奏 II,Yadigar Zindanı: Çeşitlilik II,tr-TR
祝圣秘境：变奏 III,Yadigar Zindanı: Çeşitlilik III,tr-TR
祝圣秘境：变奏 IV,Yadigar Zindanı: Çeşitlilik IV,tr-TR
祝圣秘境：告死之霜 I,Yadigar Zindanı: Elemli Kırağı I,tr-TR
祝圣秘境：告死之霜 II,Yadigar Zindanı: Elemli Kırağı II,tr-TR
祝圣秘境：告死之霜 III,Yadigar Zindanı: Elemli Kırağı III,tr-TR
祝圣秘境：告死之霜 IV,Yadigar Zindanı: Elemli Kırağı IV,tr-TR
祝圣秘境：圣库 I,Yadigar Zindanı: Kutsal Sığınak I,tr-TR
祝圣秘境：圣库 II,Yadigar Zindanı: Kutsal Sığınak II,tr-TR
祝圣秘境：圣库 III,Yadigar Zindanı: Kutsal Sığınak III,tr-TR
祝圣秘境：圣库 IV,Yadigar Zindanı: Kutsal Sığınak IV,tr-TR
祝圣秘境：岩牢 I,Yadigar Zindanı: Taş Oda I,tr-TR
祝圣秘境：岩牢 II,Yadigar Zindanı: Taş Oda II,tr-TR
祝圣秘境：岩牢 III,Yadigar Zindanı: Taş Oda III,tr-TR
祝圣秘境：惊蛰 I,Yadigar Zindanı: İlkbahar I,tr-TR
祝圣秘境：惊蛰 II,Yadigar Zindanı: İlkbahar II,tr-TR
祝圣秘境：惊蛰 III,Yadigar Zindanı: İlkbahar III,tr-TR
祝圣秘境：惊蛰 IV,Yadigar Zindanı: İlkbahar IV,tr-TR
祝圣秘境：惊蛰 V,Yadigar Zindanı: İlkbahar V,tr-TR
祝圣秘境：惊蛰 VI,Yadigar Zindanı: İlkbahar VI,tr-TR
祝圣秘境：机巢 I,Yadigar Zindanı: Makina Yuvası I,tr-TR
祝圣秘境：机巢 II,Yadigar Zindanı: Makina Yuvası II,tr-TR
祝圣秘境：机巢 III,Yadigar Zindanı: Makina Yuvası III,tr-TR
祝圣秘境：机巢 IV,Yadigar Zindanı: Makina Yuvası IV,tr-TR
祝圣秘境：朽废的集所 I,Yadigar Zindanı: Parçalanmış Salon I,tr-TR
祝圣秘境：朽废的集所 II,Yadigar Zindanı: Parçalanmış Salon II,tr-TR
祝圣秘境：朽废的集所 III,Yadigar Zindanı: Parçalanmış Salon III,tr-TR
祝圣秘境：朽废的集所 IV,Yadigar Zindanı: Parçalanmış Salon IV,tr-TR
祝圣秘境：椛狩 I,Yadigar Zindanı: Sonbahar Avı I,tr-TR
祝圣秘境：椛狩 II,Yadigar Zindanı: Sonbahar Avı II,tr-TR
祝圣秘境：椛狩 III,Yadigar Zindanı: Sonbahar Avı III,tr-TR
祝圣秘境：椛狩 IV,Yadigar Zindanı: Sonbahar Avı IV,tr-TR
祝圣秘境：沙中孤城 I,Yadigar Zindanı: Çöl Hisarı I,tr-TR
祝圣秘境：沙中孤城 II,Yadigar Zindanı: Çöl Hisarı II,tr-TR
祝圣秘境：沙中孤城 III,Yadigar Zindanı: Çöl Hisarı III,tr-TR
祝圣秘境：沙中孤城 IV,Yadigar Zindanı: Çöl Hisarı IV,tr-TR
祝圣秘境：深火的构筑 I,Yadigar Zindanı: Derin Ateş Yapısı I,tr-TR
祝圣秘境：深火的构筑 II,Yadigar Zindanı: Derin Ateş Yapısı II,tr-TR
祝圣秘境：深火的构筑 III,Yadigar Zindanı: Derin Ateş Yapısı III,tr-TR
祝圣秘境：深火的构筑 IV,Yadigar Zindanı: Derin Ateş Yapısı IV,tr-TR
祝圣秘境：深衍 I,Yadigar Zindanı: Derin Sirayet I,tr-TR
祝圣秘境：深衍 II,Yadigar Zindanı: Derin Sirayet II,tr-TR
祝圣秘境：深衍 III,Yadigar Zindanı: Derin Sirayet III,tr-TR
祝圣秘境：深衍 IV,Yadigar Zindanı: Derin Sirayet IV,tr-TR
祝圣秘境：炽火 I,Yadigar Zindanı: Kükreyen Alev I,tr-TR
祝圣秘境：炽火 II,Yadigar Zindanı: Kükreyen Alev II,tr-TR
祝圣秘境：炽火 III,Yadigar Zindanı: Kükreyen Alev III,tr-TR
祝圣秘境：炽火 IV,Yadigar Zindanı: Kükreyen Alev IV,tr-TR
祝圣秘境：花筵 I,Yadigar Zindanı: Çiçek Şöleni I,tr-TR
祝圣秘境：花筵 II,Yadigar Zindanı: Çiçek Şöleni II,tr-TR
祝圣秘境：花筵 III,Yadigar Zindanı: Çiçek Şöleni III,tr-TR
祝圣秘境：花筵 IV,Yadigar Zindanı: Çiçek Şöleni IV,tr-TR
祝圣秘境：茹焰的炼场 I,Yadigar Zindanı: Alev Meydanı I,tr-TR
祝圣秘境：茹焰的炼场 II,Yadigar Zindanı: Alev Meydanı II,tr-TR
祝圣秘境：茹焰的炼场 III,Yadigar Zindanı: Alev Meydanı III,tr-TR
祝圣秘境：茹焰的炼场 IV,Yadigar Zindanı: Alev Meydanı IV,tr-TR
祝圣秘境：谐律 I,Yadigar Zindanı: Uyum I,tr-TR
祝圣秘境：谐律 II,Yadigar Zindanı: Uyum II,tr-TR
祝圣秘境：谐律 III,Yadigar Zindanı: Uyum III,tr-TR
祝圣秘境：谐律 IV,Yadigar Zindanı: Uyum IV,tr-TR
祝圣秘境：遗世边垒 I,Yadigar Zindanı: Terkedilmiş Sur I,tr-TR
祝圣秘境：遗世边垒 II,Yadigar Zindanı: Terkedilmiş Sur II,tr-TR
祝圣秘境：遗世边垒 III,Yadigar Zindanı: Terkedilmiş Sur III,tr-TR
祝圣秘境：遗世边垒 IV,Yadigar Zindanı: Terkedilmiş Sur IV,tr-TR
祝圣秘境：钢铁之舞 I,Yadigar Zindanı: Çelik Dansı I,tr-TR
祝圣秘境：钢铁之舞 II,Yadigar Zindanı: Çelik Dansı II,tr-TR
祝圣秘境：钢铁之舞 III,Yadigar Zindanı: Çelik Dansı III,tr-TR
祝圣秘境：钢铁之舞 IV,Yadigar Zindanı: Çelik Dansı IV,tr-TR
祝圣秘境：钢铁之舞 V,Yadigar Zindanı: Çelik Dansı V,tr-TR
祝圣秘境：骸馆 I,Yadigar Zindanı: Kabristan I,tr-TR
祝圣秘境：骸馆 II,Yadigar Zindanı: Kabristan II,tr-TR
祝圣秘境：骸馆 III,Yadigar Zindanı: Kabristan III,tr-TR
祝圣秘境：骸馆 IV,Yadigar Zindanı: Kabristan IV,tr-TR
祝聖秘境：七識 I,Yadigar Zindanı: Yedi Duyu I,tr-TR
祝聖秘境：七識 II,Yadigar Zindanı: Yedi Duyu II,tr-TR
祝聖秘境：七識 III,Yadigar Zindanı: Yedi Duyu III,tr-TR
祝聖秘境：七識 IV,Yadigar Zindanı: Yedi Duyu IV,tr-TR
祝聖秘境：不移 I,Yadigar Zindanı: Boyun Eğmez I,tr-TR
祝聖秘境：不移 II,Yadigar Zindanı: Boyun Eğmez II,tr-TR
祝聖秘境：不移 III,Yadigar Zindanı: Boyun Eğmez III,tr-TR
祝聖秘境：不移 IV,Yadigar Zindanı: Boyun Eğmez IV,tr-TR
祝聖秘境：冰蝕 I,Yadigar Zindanı: Buz Aşınması I,tr-TR
祝聖秘境：冰蝕 II,Yadigar Zindanı: Buz Aşınması II,tr-TR
祝聖秘境：冰蝕 III,Yadigar Zindanı: Buz Aşınması III,tr-TR
祝聖秘境：冰蝕 IV,Yadigar Zindanı: Buz Aşınması IV,tr-TR
祝聖秘境：告死之霜 I,Yadigar Zindanı: Elemli Kırağı I,tr-TR
祝聖秘境：告死之霜 II,Yadigar Zindanı: Elemli Kırağı II,tr-TR
祝聖秘境：告死之霜 III,Yadigar Zindanı: Elemli Kırağı III,tr-TR
祝聖秘境：告死之霜 IV,Yadigar Zindanı: Elemli Kırağı IV,tr-TR
祝聖秘境：岩牢 I,Yadigar Zindanı: Taş Oda I,tr-TR
祝聖秘境：岩牢 II,Yadigar Zindanı: Taş Oda II,tr-TR
祝聖秘境：岩牢 III,Yadigar Zindanı: Taş Oda III,tr-TR
祝聖秘境：朽廢的集所 I,Yadigar Zindanı: Parçalanmış Salon I,tr-TR
祝聖秘境：朽廢的集所 II,Yadigar Zindanı: Parçalanmış Salon II,tr-TR
祝聖秘境：朽廢的集所 III,Yadigar Zindanı: Parçalanmış Salon III,tr-TR
祝聖秘境：朽廢的集所 IV,Yadigar Zindanı: Parçalanmış Salon IV,tr-TR
祝聖秘境：椛狩 I,Yadigar Zindanı: Sonbahar Avı I,tr-TR
祝聖秘境：椛狩 II,Yadigar Zindanı: Sonbahar Avı II,tr-TR
祝聖秘境：椛狩 III,Yadigar Zindanı: Sonbahar Avı III,tr-TR
祝聖秘境：椛狩 IV,Yadigar Zindanı: Sonbahar Avı IV,tr-TR
祝聖秘境：機巢 I,Yadigar Zindanı: Makina Yuvası I,tr-TR
祝聖秘境：機巢 II,Yadigar Zindanı: Makina Yuvası II,tr-TR
祝聖秘境：機巢 III,Yadigar Zindanı: Makina Yuvası III,tr-TR
祝聖秘境：機巢 IV,Yadigar Zindanı: Makina Yuvası IV,tr-TR
祝聖秘境：沙中孤城 I,Yadigar Zindanı: Çöl Hisarı I,tr-TR
祝聖秘境：沙中孤城 II,Yadigar Zindanı: Çöl Hisarı II,tr-TR
祝聖秘境：沙中孤城 III,Yadigar Zindanı: Çöl Hisarı III,tr-TR
祝聖秘境：沙中孤城 IV,Yadigar Zindanı: Çöl Hisarı IV,tr-TR
祝聖秘境：淨化之炎 I,Yadigar Zindanı: Arınma Ateşi I,tr-TR
祝聖秘境：淨化之炎 II,Yadigar Zindanı: Arınma Ateşi II,tr-TR
祝聖秘境：淨化之炎 III,Yadigar Zindanı: Arınma Ateşi III,tr-TR
祝聖秘境：淨化之炎 IV,Yadigar Zindanı: Arınma Ateşi IV,tr-TR
祝聖秘境：淨化之炎 V,Yadigar Zindanı: Arınma Ateşi V,tr-TR
祝聖秘境：淨化之炎 VI,Yadigar Zindanı: Arınma Ateşi VI,tr-TR
祝聖秘境：深火的構築 I,Yadigar Zindanı: Derin Ateş Yapısı I,tr-TR
祝聖秘境：深火的構築 II,Yadigar Zindanı: Derin Ateş Yapısı II,tr-TR
祝聖秘境：深火的構築 III,Yadigar Zindanı: Derin Ateş Yapısı III,tr-TR
祝聖秘境：深火的構築 IV,Yadigar Zindanı: Derin Ateş Yapısı IV,tr-TR
祝聖秘境：深衍 I,Yadigar Zindanı: Derin Sirayet I,tr-TR
祝聖秘境：深衍 II,Yadigar Zindanı: Derin Sirayet II,tr-TR
祝聖秘境：深衍 III,Yadigar Zindanı: Derin Sirayet III,tr-TR
祝聖秘境：深衍 IV,Yadigar Zindanı: Derin Sirayet IV,tr-TR
祝聖秘境：熾火 I,Yadigar Zindanı: Kükreyen Alev I,tr-TR
祝聖秘境：熾火 II,Yadigar Zindanı: Kükreyen Alev II,tr-TR
祝聖秘境：熾火 III,Yadigar Zindanı: Kükreyen Alev III,tr-TR
祝聖秘境：熾火 IV,Yadigar Zindanı: Kükreyen Alev IV,tr-TR
祝聖秘境：聖庫 I,Yadigar Zindanı: Kutsal Sığınak I,tr-TR
祝聖秘境：聖庫 II,Yadigar Zindanı: Kutsal Sığınak II,tr-TR
祝聖秘境：聖庫 III,Yadigar Zindanı: Kutsal Sığınak III,tr-TR
祝聖秘境：聖庫 IV,Yadigar Zindanı: Kutsal Sığınak IV,tr-TR
祝聖秘境：花筵 I,Yadigar Zindanı: Çiçek Şöleni I,tr-TR
祝聖秘境：花筵 II,Yadigar Zindanı: Çiçek Şöleni II,tr-TR
祝聖秘境：花筵 III,Yadigar Zindanı: Çiçek Şöleni III,tr-TR
祝聖秘境：花筵 IV,Yadigar Zindanı: Çiçek Şöleni IV,tr-TR
祝聖秘境：茹焰的煉場 I,Yadigar Zindanı: Alev Meydanı I,tr-TR
祝聖秘境：茹焰的煉場 II,Yadigar Zindanı: Alev Meydanı II,tr-TR
祝聖秘境：茹焰的煉場 III,Yadigar Zindanı: Alev Meydanı III,tr-TR
祝聖秘境：茹焰的煉場 IV,Yadigar Zindanı: Alev Meydanı IV,tr-TR
祝聖秘境：諧律 I,Yadigar Zindanı: Uyum I,tr-TR
祝聖秘境：諧律 II,Yadigar Zindanı: Uyum II,tr-TR
祝聖秘境：諧律 III,Yadigar Zindanı: Uyum III,tr-TR
祝聖秘境：諧律 IV,Yadigar Zindanı: Uyum IV,tr-TR
祝聖秘境：變奏 I,Yadigar Zindanı: Çeşitlilik I,tr-TR
祝聖秘境：變奏 II,Yadigar Zindanı: Çeşitlilik II,tr-TR
祝聖秘境：變奏 III,Yadigar Zindanı: Çeşitlilik III,tr-TR
祝聖秘境：變奏 IV,Yadigar Zindanı: Çeşitlilik IV,tr-TR
祝聖秘境：遺世邊壘 I,Yadigar Zindanı: Terkedilmiş Sur I,tr-TR
祝聖秘境：遺世邊壘 II,Yadigar Zindanı: Terkedilmiş Sur II,tr-TR
祝聖秘境：遺世邊壘 III,Yadigar Zindanı: Terkedilmiş Sur III,tr-TR
祝聖秘境：遺世邊壘 IV,Yadigar Zindanı: Terkedilmiş Sur IV,tr-TR
祝聖秘境：鋼鐵之舞 I,Yadigar Zindanı: Çelik Dansı I,tr-TR
祝聖秘境：鋼鐵之舞 II,Yadigar Zindanı: Çelik Dansı II,tr-TR
祝聖秘境：鋼鐵之舞 III,Yadigar Zindanı: Çelik Dansı III,tr-TR
祝聖秘境：鋼鐵之舞 IV,Yadigar Zindanı: Çelik Dansı IV,tr-TR
祝聖秘境：鋼鐵之舞 V,Yadigar Zindanı: Çelik Dansı V,tr-TR
祝聖秘境：驚蟄 I,Yadigar Zindanı: İlkbahar I,tr-TR
祝聖秘境：驚蟄 II,Yadigar Zindanı: İlkbahar II,tr-TR
祝聖秘境：驚蟄 III,Yadigar Zindanı: İlkbahar III,tr-TR
祝聖秘境：驚蟄 IV,Yadigar Zindanı: İlkbahar IV,tr-TR
祝聖秘境：驚蟄 V,Yadigar Zindanı: İlkbahar V,tr-TR
祝聖秘境：驚蟄 VI,Yadigar Zindanı: İlkbahar VI,tr-TR
祝聖秘境：骸館 I,Yadigar Zindanı: Kabristan I,tr-TR
祝聖秘境：骸館 II,Yadigar Zindanı: Kabristan II,tr-TR
祝聖秘境：骸館 III,Yadigar Zindanı: Kabristan III,tr-TR
祝聖秘境：骸館 IV,Yadigar Zindanı: Kabristan IV,tr-TR
精通秘境：共觀 I,Ustalık Zindanı: Ortak Vizyon I,tr-TR
精通秘境：共觀 II,Ustalık Zindanı: Ortak Vizyon II,tr-TR
精通秘境：共觀 III,Ustalık Zindanı: Ortak Vizyon III,tr-TR
精通秘境：共觀 IV,Ustalık Zindanı: Ortak Vizyon IV,tr-TR
精通秘境：共观 I,Ustalık Zindanı: Ortak Vizyon I,tr-TR
精通秘境：共观 II,Ustalık Zindanı: Ortak Vizyon II,tr-TR
精通秘境：共观 III,Ustalık Zindanı: Ortak Vizyon III,tr-TR
精通秘境：共观 IV,Ustalık Zindanı: Ortak Vizyon IV,tr-TR
精通秘境：冰封废渊 I,Ustalık Zindanı: Donmuş Hiçlik I,tr-TR
精通秘境：冰封废渊 II,Ustalık Zindanı: Donmuş Hiçlik II,tr-TR
精通秘境：冰封废渊 III,Ustalık Zindanı: Donmuş Hiçlik III,tr-TR
精通秘境：冰封废渊 IV,Ustalık Zindanı: Donmuş Hiçlik IV,tr-TR
精通秘境：冰封廢淵 I,Ustalık Zindanı: Donmuş Hiçlik I,tr-TR
精通秘境：冰封廢淵 II,Ustalık Zindanı: Donmuş Hiçlik II,tr-TR
精通秘境：冰封廢淵 III,Ustalık Zindanı: Donmuş Hiçlik III,tr-TR
精通秘境：冰封廢淵 IV,Ustalık Zindanı: Donmuş Hiçlik IV,tr-TR
精通秘境：初雷幽谷 I,Ustalık Zindanı: Uğultulu Vadi I,tr-TR
精通秘境：初雷幽谷 II,Ustalık Zindanı: Uğultulu Vadi II,tr-TR
精通秘境：初雷幽谷 III,Ustalık Zindanı: Uğultulu Vadi III,tr-TR
精通秘境：初雷幽谷 IV,Ustalık Zindanı: Uğultulu Vadi IV,tr-TR
精通秘境：圆镜 I,Ustalık Zindanı: Dolunay I,tr-TR
精通秘境：圆镜 II,Ustalık Zindanı: Dolunay II,tr-TR
精通秘境：圆镜 III,Ustalık Zindanı: Dolunay III,tr-TR
精通秘境：圆镜 IV,Ustalık Zindanı: Dolunay IV,tr-TR
精通秘境：圓鏡 I,Ustalık Zindanı: Dolunay I,tr-TR
精通秘境：圓鏡 II,Ustalık Zindanı: Dolunay II,tr-TR
精通秘境：圓鏡 III,Ustalık Zindanı: Dolunay III,tr-TR
精通秘境：圓鏡 IV,Ustalık Zindanı: Dolunay IV,tr-TR
精通秘境：墟都 I,Ustalık Zindanı: Düşmüş Şehir I,tr-TR
精通秘境：墟都 II,Ustalık Zindanı: Düşmüş Şehir II,tr-TR
精通秘境：墟都 III,Ustalık Zindanı: Düşmüş Şehir III,tr-TR
精通秘境：墟都 IV,Ustalık Zindanı: Düşmüş Şehir IV,tr-TR
精通秘境：妙語 I,Ustalık Zindanı: Nükte I,tr-TR
精通秘境：妙語 II,Ustalık Zindanı: Nükte II,tr-TR
精通秘境：妙語 III,Ustalık Zindanı: Nükte III,tr-TR
精通秘境：妙語 IV,Ustalık Zindanı: Nükte IV,tr-TR
精通秘境：妙语 I,Ustalık Zindanı: Nükte I,tr-TR
精通秘境：妙语 II,Ustalık Zindanı: Nükte II,tr-TR
精通秘境：妙语 III,Ustalık Zindanı: Nükte III,tr-TR
精通秘境：妙语 IV,Ustalık Zindanı: Nükte IV,tr-TR
精通秘境：律藏 I,Ustalık Zindanı: Disiplin I,tr-TR
精通秘境：律藏 II,Ustalık Zindanı: Disiplin II,tr-TR
精通秘境：律藏 III,Ustalık Zindanı: Disiplin III,tr-TR
精通秘境：律藏 IV,Ustalık Zindanı: Disiplin IV,tr-TR
精通秘境：旋复 I,Ustalık Zindanı: Geri Dönüş I,tr-TR
精通秘境：旋复 II,Ustalık Zindanı: Geri Dönüş II,tr-TR
精通秘境：旋复 III,Ustalık Zindanı: Geri Dönüş III,tr-TR
精通秘境：旋复 IV,Ustalık Zindanı: Geri Dönüş IV,tr-TR
精通秘境：旋覆 I,Ustalık Zindanı: Geri Dönüş I,tr-TR
精通秘境：旋覆 II,Ustalık Zindanı: Geri Dönüş II,tr-TR
精通秘境：旋覆 III,Ustalık Zindanı: Geri Dönüş III,tr-TR
精通秘境：旋覆 IV,Ustalık Zindanı: Geri Dönüş IV,tr-TR
精通秘境：旋韵 I,Ustalık Zindanı: Ritmin Ahengi I,tr-TR
精通秘境：旋韵 II,Ustalık Zindanı: Ritmin Ahengi II,tr-TR
精通秘境：旋韵 III,Ustalık Zindanı: Ritmin Ahengi III,tr-TR
精通秘境：旋韵 IV,Ustalık Zindanı: Ritmin Ahengi IV,tr-TR
精通秘境：旋韻 I,Ustalık Zindanı: Ritmin Ahengi I,tr-TR
精通秘境：旋韻 II,Ustalık Zindanı: Ritmin Ahengi II,tr-TR
精通秘境：旋韻 III,Ustalık Zindanı: Ritmin Ahengi III,tr-TR
精通秘境：旋韻 IV,Ustalık Zindanı: Ritmin Ahengi IV,tr-TR
精通秘境：沉睡之国 I,Ustalık Zindanı: Uyku Diyarı I,tr-TR
精通秘境：沉睡之国 II,Ustalık Zindanı: Uyku Diyarı II,tr-TR
精通秘境：沉睡之国 III,Ustalık Zindanı: Uyku Diyarı III,tr-TR
精通秘境：沉睡之国 IV,Ustalık Zindanı: Uyku Diyarı IV,tr-TR
精通秘境：沉睡之國 I,Ustalık Zindanı: Uyku Diyarı I,tr-TR
精通秘境：沉睡之國 II,Ustalık Zindanı: Uyku Diyarı II,tr-TR
精通秘境：沉睡之國 III,Ustalık Zindanı: Uyku Diyarı III,tr-TR
精通秘境：沉睡之國 IV,Ustalık Zindanı: Uyku Diyarı IV,tr-TR
精通秘境：深炎之底 I,Ustalık Zindanı: Alevin Kalbi I,tr-TR
精通秘境：深炎之底 II,Ustalık Zindanı: Alevin Kalbi II,tr-TR
精通秘境：深炎之底 III,Ustalık Zindanı: Alevin Kalbi III,tr-TR
精通秘境：深炎之底 IV,Ustalık Zindanı: Alevin Kalbi IV,tr-TR
精通秘境：炽炎祭场 I,Ustalık Zindanı: Alaz Sunağı I,tr-TR
精通秘境：炽炎祭场 II,Ustalık Zindanı: Alaz Sunağı II,tr-TR
精通秘境：炽炎祭场 III,Ustalık Zindanı: Alaz Sunağı III,tr-TR
精通秘境：炽炎祭场 IV,Ustalık Zindanı: Alaz Sunağı IV,tr-TR
精通秘境：焚尽之环 I,Ustalık Zindanı: Kor Çemberi I,tr-TR
精通秘境：焚尽之环 II,Ustalık Zindanı: Kor Çemberi II,tr-TR
精通秘境：焚尽之环 III,Ustalık Zindanı: Kor Çemberi III,tr-TR
精通秘境：焚尽之环 IV,Ustalık Zindanı: Kor Çemberi IV,tr-TR
精通秘境：焚盡之環 I,Ustalık Zindanı: Kor Çemberi I,tr-TR
精通秘境：焚盡之環 II,Ustalık Zindanı: Kor Çemberi II,tr-TR
精通秘境：焚盡之環 III,Ustalık Zindanı: Kor Çemberi III,tr-TR
精通秘境：焚盡之環 IV,Ustalık Zindanı: Kor Çemberi IV,tr-TR
精通秘境：熾炎祭場 I,Ustalık Zindanı: Alaz Sunağı I,tr-TR
精通秘境：熾炎祭場 II,Ustalık Zindanı: Alaz Sunağı II,tr-TR
精通秘境：熾炎祭場 III,Ustalık Zindanı: Alaz Sunağı III,tr-TR
精通秘境：熾炎祭場 IV,Ustalık Zindanı: Alaz Sunağı IV,tr-TR
精通秘境：琅誦 I,Ustalık Zindanı: Ahenkli Okuma I,tr-TR
精通秘境：琅誦 II,Ustalık Zindanı: Ahenkli Okuma II,tr-TR
精通秘境：琅誦 III,Ustalık Zindanı: Ahenkli Okuma III,tr-TR
精通秘境：琅誦 IV,Ustalık Zindanı: Ahenkli Okuma IV,tr-TR
精通秘境：琅诵 I,Ustalık Zindanı: Ahenkli Okuma I,tr-TR
精通秘境：琅诵 II,Ustalık Zindanı: Ahenkli Okuma II,tr-TR
精通秘境：琅诵 III,Ustalık Zindanı: Ahenkli Okuma III,tr-TR
精通秘境：琅诵 IV,Ustalık Zindanı: Ahenkli Okuma IV,tr-TR
精通秘境：真葛废都 I,Ustalık Zindanı: Asmalı Harabeler I,tr-TR
精通秘境：真葛废都 II,Ustalık Zindanı: Asmalı Harabeler II,tr-TR
精通秘境：真葛废都 III,Ustalık Zindanı: Asmalı Harabeler III,tr-TR
精通秘境：真葛废都 IV,Ustalık Zindanı: Asmalı Harabeler IV,tr-TR
精通秘境：真葛廢都 I,Ustalık Zindanı: Asmalı Harabeler I,tr-TR
精通秘境：真葛廢都 II,Ustalık Zindanı: Asmalı Harabeler II,tr-TR
精通秘境：真葛廢都 III,Ustalık Zindanı: Asmalı Harabeler III,tr-TR
精通秘境：真葛廢都 IV,Ustalık Zindanı: Asmalı Harabeler IV,tr-TR
精通秘境：空华 I,Ustalık Zindanı: Sayısız Yanılsama I,tr-TR
精通秘境：空华 II,Ustalık Zindanı: Sayısız Yanılsama II,tr-TR
精通秘境：空华 III,Ustalık Zindanı: Sayısız Yanılsama III,tr-TR
精通秘境：空华 IV,Ustalık Zindanı: Sayısız Yanılsama IV,tr-TR
精通秘境：空華 I,Ustalık Zindanı: Sayısız Yanılsama I,tr-TR
精通秘境：空華 II,Ustalık Zindanı: Sayısız Yanılsama II,tr-TR
精通秘境：空華 III,Ustalık Zindanı: Sayısız Yanılsama III,tr-TR
精通秘境：空華 IV,Ustalık Zindanı: Sayısız Yanılsama IV,tr-TR
精通秘境：箴銘 I,Ustalık Zindanı: Uyarı Yazıtı I,tr-TR
精通秘境：箴銘 II,Ustalık Zindanı: Uyarı Yazıtı II,tr-TR
精通秘境：箴銘 III,Ustalık Zindanı: Uyarı Yazıtı III,tr-TR
精通秘境：箴銘 IV,Ustalık Zindanı: Uyarı Yazıtı IV,tr-TR
精通秘境：箴铭 I,Ustalık Zindanı: Uyarı Yazıtı I,tr-TR
精通秘境：箴铭 II,Ustalık Zindanı: Uyarı Yazıtı II,tr-TR
精通秘境：箴铭 III,Ustalık Zindanı: Uyarı Yazıtı III,tr-TR
精通秘境：箴铭 IV,Ustalık Zindanı: Uyarı Yazıtı IV,tr-TR
精通秘境：菫染之国 I,Ustalık Zindanı: Mor Saltanat I,tr-TR
精通秘境：菫染之国 II,Ustalık Zindanı: Mor Saltanat II,tr-TR
精通秘境：菫染之国 III,Ustalık Zindanı: Mor Saltanat III,tr-TR
精通秘境：菫染之国 IV,Ustalık Zindanı: Mor Saltanat IV,tr-TR
精通秘境：菫染之國 I,Ustalık Zindanı: Mor Saltanat I,tr-TR
精通秘境：菫染之國 II,Ustalık Zindanı: Mor Saltanat II,tr-TR
精通秘境：菫染之國 III,Ustalık Zindanı: Mor Saltanat III,tr-TR
精通秘境：菫染之國 IV,Ustalık Zindanı: Mor Saltanat IV,tr-TR
精通秘境：覆巢 I,Ustalık Zindanı: Dağılan Yuva I,tr-TR
精通秘境：覆巢 II,Ustalık Zindanı: Dağılan Yuva II,tr-TR
精通秘境：覆巢 III,Ustalık Zindanı: Dağılan Yuva III,tr-TR
精通秘境：覆巢 IV,Ustalık Zindanı: Dağılan Yuva IV,tr-TR
精通秘境：轉竟 I,Ustalık Zindanı: Yüce Dönüş I,tr-TR
精通秘境：轉竟 II,Ustalık Zindanı: Yüce Dönüş II,tr-TR
精通秘境：轉竟 III,Ustalık Zindanı: Yüce Dönüş III,tr-TR
精通秘境：轉竟 IV,Ustalık Zindanı: Yüce Dönüş IV,tr-TR
精通秘境：转竟 I,Ustalık Zindanı: Yüce Dönüş I,tr-TR
精通秘境：转竟 II,Ustalık Zindanı: Yüce Dönüş II,tr-TR
精通秘境：转竟 III,Ustalık Zindanı: Yüce Dönüş III,tr-TR
精通秘境：转竟 IV,Ustalık Zindanı: Yüce Dönüş IV,tr-TR
精通秘境：遗荫 I,Ustalık Zindanı: Unutulmuş Miras I,tr-TR
精通秘境：遗荫 II,Ustalık Zindanı: Unutulmuş Miras II,tr-TR
精通秘境：遗荫 III,Ustalık Zindanı: Unutulmuş Miras III,tr-TR
精通秘境：遗荫 IV,Ustalık Zindanı: Unutulmuş Miras IV,tr-TR
精通秘境：遺蔭 I,Ustalık Zindanı: Unutulmuş Miras I,tr-TR
精通秘境：遺蔭 II,Ustalık Zindanı: Unutulmuş Miras II,tr-TR
精通秘境：遺蔭 III,Ustalık Zindanı: Unutulmuş Miras III,tr-TR
精通秘境：遺蔭 IV,Ustalık Zindanı: Unutulmuş Miras IV,tr-TR
精通秘境：隐修 I,Ustalık Zindanı: İnziva I,tr-TR
精通秘境：隐修 II,Ustalık Zindanı: İnziva II,tr-TR
精通秘境：隐修 III,Ustalık Zindanı: İnziva III,tr-TR
精通秘境：隐修 IV,Ustalık Zindanı: İnziva IV,tr-TR
精通秘境：隱修 I,Ustalık Zindanı: İnziva I,tr-TR
精通秘境：隱修 II,Ustalık Zindanı: İnziva II,tr-TR
精通秘境：隱修 III,Ustalık Zindanı: İnziva III,tr-TR
精通秘境：隱修 IV,Ustalık Zindanı: İnziva IV,tr-TR
精通秘境：霜凝祭坛 I,Ustalık Zindanı: Donuk Sunak I,tr-TR
精通秘境：霜凝祭坛 II,Ustalık Zindanı: Donuk Sunak II,tr-TR
精通秘境：霜凝祭坛 III,Ustalık Zindanı: Donuk Sunak III,tr-TR
精通秘境：霜凝祭坛 IV,Ustalık Zindanı: Donuk Sunak IV,tr-TR
精通秘境：霜凝祭壇 I,Ustalık Zindanı: Donuk Sunak I,tr-TR
精通秘境：霜凝祭壇 II,Ustalık Zindanı: Donuk Sunak II,tr-TR
精通秘境：霜凝祭壇 III,Ustalık Zindanı: Donuk Sunak III,tr-TR
精通秘境：霜凝祭壇 IV,Ustalık Zindanı: Donuk Sunak IV,tr-TR
精通秘境：默想 I,Ustalık Zindanı: Tefekkür I,tr-TR
精通秘境：默想 II,Ustalık Zindanı: Tefekkür II,tr-TR
精通秘境：默想 III,Ustalık Zindanı: Tefekkür III,tr-TR
精通秘境：默想 IV,Ustalık Zindanı: Tefekkür IV,tr-TR
숙달 비경: 공관 I,Ustalık Zindanı: Ortak Vizyon I,tr-TR
숙달 비경: 공관 II,Ustalık Zindanı: Ortak Vizyon II,tr-TR
숙달 비경: 공관 III,Ustalık Zindanı: Ortak Vizyon III,tr-TR
숙달 비경: 공관 IV,Ustalık Zindanı: Ortak Vizyon IV,tr-TR
숙달 비경: 공화 I,Ustalık Zindanı: Sayısız Yanılsama I,tr-TR
숙달 비경: 공화 II,Ustalık Zindanı: Sayısız Yanılsama II,tr-TR
숙달 비경: 공화 III,Ustalık Zindanı: Sayısız Yanılsama III,tr-TR
숙달 비경: 공화 IV,Ustalık Zindanı: Sayısız Yanılsama IV,tr-TR
숙달 비경: 규율 I,Ustalık Zindanı: Uyarı Yazıtı I,tr-TR
숙달 비경: 규율 II,Ustalık Zindanı: Uyarı Yazıtı II,tr-TR
숙달 비경: 규율 III,Ustalık Zindanı: Uyarı Yazıtı III,tr-TR
숙달 비경: 규율 IV,Ustalık Zindanı: Uyarı Yazıtı IV,tr-TR
숙달 비경: 그늘 I,Ustalık Zindanı: Unutulmuş Miras I,tr-TR
숙달 비경: 그늘 II,Ustalık Zindanı: Unutulmuş Miras II,tr-TR
숙달 비경: 그늘 III,Ustalık Zindanı: Unutulmuş Miras III,tr-TR
숙달 비경: 그늘 IV,Ustalık Zindanı: Unutulmuş Miras IV,tr-TR
숙달 비경: 깊은 화염의 끝 I,Ustalık Zindanı: Alevin Kalbi I,tr-TR
숙달 비경: 깊은 화염의 끝 II,Ustalık Zindanı: Alevin Kalbi II,tr-TR
숙달 비경: 깊은 화염의 끝 III,Ustalık Zindanı: Alevin Kalbi III,tr-TR
숙달 비경: 깊은 화염의 끝 IV,Ustalık Zindanı: Alevin Kalbi IV,tr-TR
숙달 비경: 낭송 I,Ustalık Zindanı: Ahenkli Okuma I,tr-TR
숙달 비경: 낭송 II,Ustalık Zindanı: Ahenkli Okuma II,tr-TR
숙달 비경: 낭송 III,Ustalık Zindanı: Ahenkli Okuma III,tr-TR
숙달 비경: 낭송 IV,Ustalık Zindanı: Ahenkli Okuma IV,tr-TR
숙달 비경: 뜨거운 화염의 제단 I,Ustalık Zindanı: Alaz Sunağı I,tr-TR
숙달 비경: 뜨거운 화염의 제단 II,Ustalık Zindanı: Alaz Sunağı II,tr-TR
숙달 비경: 뜨거운 화염의 제단 III,Ustalık Zindanı: Alaz Sunağı III,tr-TR
숙달 비경: 뜨거운 화염의 제단 IV,Ustalık Zindanı: Alaz Sunağı IV,tr-TR
숙달 비경: 묘언 I,Ustalık Zindanı: Nükte I,tr-TR
숙달 비경: 묘언 II,Ustalık Zindanı: Nükte II,tr-TR
숙달 비경: 묘언 III,Ustalık Zindanı: Nükte III,tr-TR
숙달 비경: 묘언 IV,Ustalık Zindanı: Nükte IV,tr-TR
숙달 비경: 묵상 I,Ustalık Zindanı: Tefekkür I,tr-TR
숙달 비경: 묵상 II,Ustalık Zindanı: Tefekkür II,tr-TR
숙달 비경: 묵상 III,Ustalık Zindanı: Tefekkür III,tr-TR
숙달 비경: 묵상 IV,Ustalık Zindanı: Tefekkür IV,tr-TR
숙달 비경: 반복 I,Ustalık Zindanı: Geri Dönüş I,tr-TR
숙달 비경: 반복 II,Ustalık Zindanı: Geri Dönüş II,tr-TR
숙달 비경: 반복 III,Ustalık Zindanı: Geri Dönüş III,tr-TR
숙달 비경: 반복 IV,Ustalık Zindanı: Geri Dönüş IV,tr-TR
숙달 비경: 보랏빛으로 물든 나라 I,Ustalık Zindanı: Mor Saltanat I,tr-TR
숙달 비경: 보랏빛으로 물든 나라 II,Ustalık Zindanı: Mor Saltanat II,tr-TR
숙달 비경: 보랏빛으로 물든 나라 III,Ustalık Zindanı: Mor Saltanat III,tr-TR
숙달 비경: 보랏빛으로 물든 나라 IV,Ustalık Zindanı: Mor Saltanat IV,tr-TR
숙달 비경: 불사른 고리 I,Ustalık Zindanı: Kor Çemberi I,tr-TR
숙달 비경: 불사른 고리 II,Ustalık Zindanı: Kor Çemberi II,tr-TR
숙달 비경: 불사른 고리 III,Ustalık Zindanı: Kor Çemberi III,tr-TR
숙달 비경: 불사른 고리 IV,Ustalık Zindanı: Kor Çemberi IV,tr-TR
숙달 비경: 서리 제단 I,Ustalık Zindanı: Donuk Sunak I,tr-TR
숙달 비경: 서리 제단 II,Ustalık Zindanı: Donuk Sunak II,tr-TR
숙달 비경: 서리 제단 III,Ustalık Zindanı: Donuk Sunak III,tr-TR
숙달 비경: 서리 제단 IV,Ustalık Zindanı: Donuk Sunak IV,tr-TR
숙달 비경: 선율 I,Ustalık Zindanı: Ritmin Ahengi I,tr-TR
숙달 비경: 선율 II,Ustalık Zindanı: Ritmin Ahengi II,tr-TR
숙달 비경: 선율 III,Ustalık Zindanı: Ritmin Ahengi III,tr-TR
숙달 비경: 선율 IV,Ustalık Zindanı: Ritmin Ahengi IV,tr-TR
숙달 비경: 소굴 I,Ustalık Zindanı: Dağılan Yuva I,tr-TR
숙달 비경: 소굴 II,Ustalık Zindanı: Dağılan Yuva II,tr-TR
숙달 비경: 소굴 III,Ustalık Zindanı: Dağılan Yuva III,tr-TR
숙달 비경: 소굴 IV,Ustalık Zindanı: Dağılan Yuva IV,tr-TR
숙달 비경: 수행 I,Ustalık Zindanı: İnziva I,tr-TR
숙달 비경: 수행 II,Ustalık Zindanı: İnziva II,tr-TR
숙달 비경: 수행 III,Ustalık Zindanı: İnziva III,tr-TR
숙달 비경: 수행 IV,Ustalık Zindanı: İnziva IV,tr-TR
숙달 비경: 얼음에 봉인된 심연의 폐허 I,Ustalık Zindanı: Donmuş Hiçlik I,tr-TR
숙달 비경: 얼음에 봉인된 심연의 폐허 II,Ustalık Zindanı: Donmuş Hiçlik II,tr-TR
숙달 비경: 얼음에 봉인된 심연의 폐허 III,Ustalık Zindanı: Donmuş Hiçlik III,tr-TR
숙달 비경: 얼음에 봉인된 심연의 폐허 IV,Ustalık Zindanı: Donmuş Hiçlik IV,tr-TR
숙달 비경: 원경 I,Ustalık Zindanı: Dolunay I,tr-TR
숙달 비경: 원경 II,Ustalık Zindanı: Dolunay II,tr-TR
숙달 비경: 원경 III,Ustalık Zindanı: Dolunay III,tr-TR
숙달 비경: 원경 IV,Ustalık Zindanı: Dolunay IV,tr-TR
숙달 비경: 율장 I,Ustalık Zindanı: Disiplin I,tr-TR
숙달 비경: 율장 II,Ustalık Zindanı: Disiplin II,tr-TR
숙달 비경: 율장 III,Ustalık Zindanı: Disiplin III,tr-TR
숙달 비경: 율장 IV,Ustalık Zindanı: Disiplin IV,tr-TR
숙달 비경: 잠들어 있는 나라 I,Ustalık Zindanı: Uyku Diyarı I,tr-TR
숙달 비경: 잠들어 있는 나라 II,Ustalık Zindanı: Uyku Diyarı II,tr-TR
숙달 비경: 잠들어 있는 나라 III,Ustalık Zindanı: Uyku Diyarı III,tr-TR
숙달 비경: 잠들어 있는 나라 IV,Ustalık Zindanı: Uyku Diyarı IV,tr-TR
숙달 비경: 전환 I,Ustalık Zindanı: Yüce Dönüş I,tr-TR
숙달 비경: 전환 II,Ustalık Zindanı: Yüce Dönüş II,tr-TR
숙달 비경: 전환 III,Ustalık Zindanı: Yüce Dönüş III,tr-TR
숙달 비경: 전환 IV,Ustalık Zindanı: Yüce Dönüş IV,tr-TR
숙달 비경: 첫 천둥의 골짜기 I,Ustalık Zindanı: Uğultulu Vadi I,tr-TR
숙달 비경: 첫 천둥의 골짜기 II,Ustalık Zindanı: Uğultulu Vadi II,tr-TR
숙달 비경: 첫 천둥의 골짜기 III,Ustalık Zindanı: Uğultulu Vadi III,tr-TR
숙달 비경: 첫 천둥의 골짜기 IV,Ustalık Zindanı: Uğultulu Vadi IV,tr-TR
숙달 비경: 칡의 폐허 도시 I,Ustalık Zindanı: Asmalı Harabeler I,tr-TR
숙달 비경: 칡의 폐허 도시 II,Ustalık Zindanı: Asmalı Harabeler II,tr-TR
숙달 비경: 칡의 폐허 도시 III,Ustalık Zindanı: Asmalı Harabeler III,tr-TR
숙달 비경: 칡의 폐허 도시 IV,Ustalık Zindanı: Asmalı Harabeler IV,tr-TR
숙달 비경: 폐허 I,Ustalık Zindanı: Düşmüş Şehir I,tr-TR
숙달 비경: 폐허 II,Ustalık Zindanı: Düşmüş Şehir II,tr-TR
숙달 비경: 폐허 III,Ustalık Zindanı: Düşmüş Şehir III,tr-TR
숙달 비경: 폐허 IV,Ustalık Zindanı: Düşmüş Şehir IV,tr-TR
연무 비경: 갈증의 폐도시 I,Döküm Zindanı: Susuz Şehrin Harabeleri I,tr-TR
연무 비경: 갈증의 폐도시 II,Döküm Zindanı: Susuz Şehrin Harabeleri II,tr-TR
연무 비경: 갈증의 폐도시 III,Döküm Zindanı: Susuz Şehrin Harabeleri III,tr-TR
연무 비경: 갈증의 폐도시 IV,Döküm Zindanı: Susuz Şehrin Harabeleri IV,tr-TR
연무 비경: 고대 뇌전 시련장 I,Döküm Zindanı: Yıldırım İmtihanı Alanı I,tr-TR
연무 비경: 고대 뇌전 시련장 II,Döküm Zindanı: Yıldırım İmtihanı Alanı II,tr-TR
연무 비경: 고대 뇌전 시련장 III,Döküm Zindanı: Yıldırım İmtihanı Alanı III,tr-TR
연무 비경: 고대 뇌전 시련장 IV,Döküm Zindanı: Yıldırım İmtihanı Alanı IV,tr-TR
연무 비경: 관찰 I,Döküm Zindanı: Dikkatli Gözlem I,tr-TR
연무 비경: 관찰 II,Döküm Zindanı: Dikkatli Gözlem II,tr-TR
연무 비경: 관찰 III,Döküm Zindanı: Dikkatli Gözlem III,tr-TR
연무 비경: 관찰 IV,Döküm Zindanı: Dikkatli Gözlem IV,tr-TR
연무 비경: 교묘 I,Döküm Zindanı: Robot Aklı I,tr-TR
연무 비경: 교묘 II,Döküm Zindanı: Robot Aklı II,tr-TR
연무 비경: 교묘 III,Döküm Zindanı: Robot Aklı III,tr-TR
연무 비경: 교묘 IV,Döküm Zindanı: Robot Aklı IV,tr-TR
연무 비경: 궤도 I,Döküm Zindanı: Zincirleme Yollar I,tr-TR
연무 비경: 궤도 II,Döküm Zindanı: Zincirleme Yollar II,tr-TR
연무 비경: 궤도 III,Döküm Zindanı: Zincirleme Yollar III,tr-TR
연무 비경: 궤도 IV,Döküm Zindanı: Zincirleme Yollar IV,tr-TR
연무 비경: 기계 I,Döküm Zindanı: Tuhaf Mekanizmalar I,tr-TR
연무 비경: 기계 II,Döküm Zindanı: Tuhaf Mekanizmalar II,tr-TR
연무 비경: 기계 III,Döküm Zindanı: Tuhaf Mekanizmalar III,tr-TR
연무 비경: 기계 IV,Döküm Zindanı: Tuhaf Mekanizmalar IV,tr-TR
연무 비경: 깊은 골짜기 I,Döküm Zindanı: Batık Vadi I,tr-TR
연무 비경: 깊은 골짜기 II,Döküm Zindanı: Batık Vadi II,tr-TR
연무 비경: 깊은 골짜기 III,Döküm Zindanı: Batık Vadi III,tr-TR
연무 비경: 깊은 골짜기 IV,Döküm Zindanı: Batık Vadi IV,tr-TR
연무 비경: 뇌명 폐허 I,Döküm Zindanı: Gürleyen Harabeler I,tr-TR
연무 비경: 뇌명 폐허 II,Döküm Zindanı: Gürleyen Harabeler II,tr-TR
연무 비경: 뇌명 폐허 III,Döküm Zindanı: Gürleyen Harabeler III,tr-TR
연무 비경: 뇌명 폐허 IV,Döküm Zindanı: Gürleyen Harabeler IV,tr-TR
연무 비경: 뇌운 제단 I,Döküm Zindanı: Fırtına Sunağı I,tr-TR
연무 비경: 뇌운 제단 II,Döküm Zindanı: Fırtına Sunağı II,tr-TR
연무 비경: 뇌운 제단 III,Döküm Zindanı: Fırtına Sunağı III,tr-TR
연무 비경: 뇌운 제단 IV,Döküm Zindanı: Fırtına Sunağı IV,tr-TR
연무 비경: 단강 I,Döküm Zindanı: Kesik Çelik I,tr-TR
연무 비경: 단강 II,Döküm Zindanı: Kesik Çelik II,tr-TR
연무 비경: 단강 III,Döküm Zindanı: Kesik Çelik III,tr-TR
연무 비경: 단강 IV,Döküm Zindanı: Kesik Çelik IV,tr-TR
연무 비경: 달 제사 I,Döküm Zindanı: Ay Adağı I,tr-TR
연무 비경: 달 제사 II,Döküm Zindanı: Ay Adağı II,tr-TR
연무 비경: 달 제사 III,Döküm Zindanı: Ay Adağı III,tr-TR
연무 비경: 달 제사 IV,Döküm Zindanı: Ay Adağı IV,tr-TR
연무 비경: 명견 I,Döküm Zindanı: Kehanet Yansımaları I,tr-TR
연무 비경: 명견 II,Döküm Zindanı: Kehanet Yansımaları II,tr-TR
연무 비경: 명견 III,Döküm Zindanı: Kehanet Yansımaları III,tr-TR
연무 비경: 명견 IV,Döküm Zindanı: Kehanet Yansımaları IV,tr-TR
연무 비경: 모래 제단 I,Döküm Zindanı: Kum Sunağı I,tr-TR
연무 비경: 모래 제단 II,Döküm Zindanı: Kum Sunağı II,tr-TR
연무 비경: 모래 제단 III,Döküm Zindanı: Kum Sunağı III,tr-TR
연무 비경: 모래 제단 IV,Döküm Zindanı: Kum Sunağı IV,tr-TR
연무 비경: 모래의 심연 I,Döküm Zindanı: Kum Bataklığı I,tr-TR
연무 비경: 모래의 심연 II,Döküm Zindanı: Kum Bataklığı II,tr-TR
연무 비경: 모래의 심연 III,Döküm Zindanı: Kum Bataklığı III,tr-TR
연무 비경: 모래의 심연 IV,Döküm Zindanı: Kum Bataklığı IV,tr-TR
연무 비경: 물과 빛의 성 I,Döküm Zindanı: Yansımalar Şehri I,tr-TR
연무 비경: 물과 빛의 성 II,Döküm Zindanı: Yansımalar Şehri II,tr-TR
연무 비경: 물과 빛의 성 III,Döküm Zindanı: Yansımalar Şehri III,tr-TR
연무 비경: 물과 빛의 성 IV,Döküm Zindanı: Yansımalar Şehri IV,tr-TR
연무 비경: 사혹 I,Döküm Zindanı: Takıntı I,tr-TR
연무 비경: 사혹 II,Döküm Zindanı: Takıntı II,tr-TR
연무 비경: 사혹 III,Döküm Zindanı: Takıntı III,tr-TR
연무 비경: 사혹 IV,Döküm Zindanı: Takıntı IV,tr-TR
연무 비경: 송가 I,Döküm Zindanı: Okunan Dualar I,tr-TR
연무 비경: 송가 II,Döküm Zindanı: Okunan Dualar II,tr-TR
연무 비경: 송가 III,Döküm Zindanı: Okunan Dualar III,tr-TR
연무 비경: 송가 IV,Döküm Zindanı: Okunan Dualar IV,tr-TR
연무 비경: 운구 I,Döküm Zindanı: Lekeli Bulutlar I,tr-TR
연무 비경: 운구 II,Döküm Zindanı: Lekeli Bulutlar II,tr-TR
연무 비경: 운구 III,Döküm Zindanı: Lekeli Bulutlar III,tr-TR
연무 비경: 운구 IV,Döküm Zindanı: Lekeli Bulutlar IV,tr-TR
연무 비경: 유사의 매장 I,Döküm Zindanı: Kum Mezarı I,tr-TR
연무 비경: 유사의 매장 II,Döküm Zindanı: Kum Mezarı II,tr-TR
연무 비경: 유사의 매장 III,Döküm Zindanı: Kum Mezarı III,tr-TR
연무 비경: 유사의 매장 IV,Döküm Zindanı: Kum Mezarı IV,tr-TR
연무 비경: 인업 I,Döküm Zindanı: Öncü Karma I,tr-TR
연무 비경: 인업 II,Döküm Zindanı: Öncü Karma II,tr-TR
연무 비경: 인업 III,Döküm Zindanı: Öncü Karma III,tr-TR
연무 비경: 인업 IV,Döküm Zindanı: Öncü Karma IV,tr-TR
연무 비경: 장인 I,Döküm Zindanı: İşçilik I,tr-TR
연무 비경: 장인 II,Döküm Zindanı: İşçilik II,tr-TR
연무 비경: 장인 III,Döküm Zindanı: İşçilik III,tr-TR
연무 비경: 장인 IV,Döküm Zindanı: İşçilik IV,tr-TR
연무 비경: 주철 I,Döküm Zindanı: Dökme Demir I,tr-TR
연무 비경: 주철 II,Döküm Zindanı: Dökme Demir II,tr-TR
연무 비경: 주철 III,Döküm Zindanı: Dökme Demir III,tr-TR
연무 비경: 주철 IV,Döküm Zindanı: Dökme Demir IV,tr-TR
연무 비경: 측도 I,Döküm Zindanı: Tahmin I,tr-TR
연무 비경: 측도 II,Döküm Zindanı: Tahmin II,tr-TR
연무 비경: 측도 III,Döküm Zindanı: Tahmin III,tr-TR
연무 비경: 측도 IV,Döküm Zindanı: Tahmin IV,tr-TR
연무 비경: 휘광 I,Döküm Zindanı: Göz Kamaştıran İhtişam I,tr-TR
연무 비경: 휘광 II,Döküm Zindanı: Göz Kamaştıran İhtişam II,tr-TR
연무 비경: 휘광 III,Döküm Zindanı: Göz Kamaştıran İhtişam III,tr-TR
연무 비경: 휘광 IV,Döküm Zindanı: Göz Kamaştıran İhtişam IV,tr-TR
축성 비경: 강철의 춤 I,Yadigar Zindanı: Çelik Dansı I,tr-TR
축성 비경: 강철의 춤 II,Yadigar Zindanı: Çelik Dansı II,tr-TR
축성 비경: 강철의 춤 III,Yadigar Zindanı: Çelik Dansı III,tr-TR
축성 비경: 강철의 춤 IV,Yadigar Zindanı: Çelik Dansı IV,tr-TR
축성 비경: 강철의 춤 V,Yadigar Zindanı: Çelik Dansı V,tr-TR
축성 비경: 경칩 I,Yadigar Zindanı: İlkbahar I,tr-TR
축성 비경: 경칩 II,Yadigar Zindanı: İlkbahar II,tr-TR
축성 비경: 경칩 III,Yadigar Zindanı: İlkbahar III,tr-TR
축성 비경: 경칩 IV,Yadigar Zindanı: İlkbahar IV,tr-TR
축성 비경: 경칩 V,Yadigar Zindanı: İlkbahar V,tr-TR
축성 비경: 경칩 VI,Yadigar Zindanı: İlkbahar VI,tr-TR
축성 비경: 꽃밭 I,Yadigar Zindanı: Çiçek Şöleni I,tr-TR
축성 비경: 꽃밭 II,Yadigar Zindanı: Çiçek Şöleni II,tr-TR
축성 비경: 꽃밭 III,Yadigar Zindanı: Çiçek Şöleni III,tr-TR
축성 비경: 꽃밭 IV,Yadigar Zindanı: Çiçek Şöleni IV,tr-TR
축성 비경: 단풍 사냥 I,Yadigar Zindanı: Sonbahar Avı I,tr-TR
축성 비경: 단풍 사냥 II,Yadigar Zindanı: Sonbahar Avı II,tr-TR
축성 비경: 단풍 사냥 III,Yadigar Zindanı: Sonbahar Avı III,tr-TR
축성 비경: 단풍 사냥 IV,Yadigar Zindanı: Sonbahar Avı IV,tr-TR
축성 비경: 바위 감옥 I,Yadigar Zindanı: Taş Oda I,tr-TR
축성 비경: 바위 감옥 II,Yadigar Zindanı: Taş Oda II,tr-TR
축성 비경: 바위 감옥 III,Yadigar Zindanı: Taş Oda III,tr-TR
축성 비경: 변주 I,Yadigar Zindanı: Çeşitlilik I,tr-TR
축성 비경: 변주 II,Yadigar Zindanı: Çeşitlilik II,tr-TR
축성 비경: 변주 III,Yadigar Zindanı: Çeşitlilik III,tr-TR
축성 비경: 변주 IV,Yadigar Zindanı: Çeşitlilik IV,tr-TR
축성 비경: 부동 I,Yadigar Zindanı: Boyun Eğmez I,tr-TR
축성 비경: 부동 II,Yadigar Zindanı: Boyun Eğmez II,tr-TR
축성 비경: 부동 III,Yadigar Zindanı: Boyun Eğmez III,tr-TR
축성 비경: 부동 IV,Yadigar Zindanı: Boyun Eğmez IV,tr-TR
축성 비경: 부식된 집회소 I,Yadigar Zindanı: Parçalanmış Salon I,tr-TR
축성 비경: 부식된 집회소 II,Yadigar Zindanı: Parçalanmış Salon II,tr-TR
축성 비경: 부식된 집회소 III,Yadigar Zindanı: Parçalanmış Salon III,tr-TR
축성 비경: 부식된 집회소 IV,Yadigar Zindanı: Parçalanmış Salon IV,tr-TR
축성 비경: 불의 구조물 I,Yadigar Zindanı: Derin Ateş Yapısı I,tr-TR
축성 비경: 불의 구조물 II,Yadigar Zindanı: Derin Ateş Yapısı II,tr-TR
축성 비경: 불의 구조물 III,Yadigar Zindanı: Derin Ateş Yapısı III,tr-TR
축성 비경: 불의 구조물 IV,Yadigar Zindanı: Derin Ateş Yapısı IV,tr-TR
축성 비경: 불타는 탐욕의 시련장 I,Yadigar Zindanı: Alev Meydanı I,tr-TR
축성 비경: 불타는 탐욕의 시련장 II,Yadigar Zindanı: Alev Meydanı II,tr-TR
축성 비경: 불타는 탐욕의 시련장 III,Yadigar Zindanı: Alev Meydanı III,tr-TR
축성 비경: 불타는 탐욕의 시련장 IV,Yadigar Zindanı: Alev Meydanı IV,tr-TR
축성 비경: 빙식 I,Yadigar Zindanı: Buz Aşınması I,tr-TR
축성 비경: 빙식 II,Yadigar Zindanı: Buz Aşınması II,tr-TR
축성 비경: 빙식 III,Yadigar Zindanı: Buz Aşınması III,tr-TR
축성 비경: 빙식 IV,Yadigar Zindanı: Buz Aşınması IV,tr-TR
축성 비경: 사막의 고성 I,Yadigar Zindanı: Çöl Hisarı I,tr-TR
축성 비경: 사막의 고성 II,Yadigar Zindanı: Çöl Hisarı II,tr-TR
축성 비경: 사막의 고성 III,Yadigar Zindanı: Çöl Hisarı III,tr-TR
축성 비경: 사막의 고성 IV,Yadigar Zindanı: Çöl Hisarı IV,tr-TR
축성 비경: 신성한 보관소 I,Yadigar Zindanı: Kutsal Sığınak I,tr-TR
축성 비경: 신성한 보관소 II,Yadigar Zindanı: Kutsal Sığınak II,tr-TR
축성 비경: 신성한 보관소 III,Yadigar Zindanı: Kutsal Sığınak III,tr-TR
축성 비경: 신성한 보관소 IV,Yadigar Zindanı: Kutsal Sığınak IV,tr-TR
축성 비경: 심연 I,Yadigar Zindanı: Derin Sirayet I,tr-TR
축성 비경: 심연 II,Yadigar Zindanı: Derin Sirayet II,tr-TR
축성 비경: 심연 III,Yadigar Zindanı: Derin Sirayet III,tr-TR
축성 비경: 심연 IV,Yadigar Zindanı: Derin Sirayet IV,tr-TR
축성 비경: 열화 I,Yadigar Zindanı: Kükreyen Alev I,tr-TR
축성 비경: 열화 II,Yadigar Zindanı: Kükreyen Alev II,tr-TR
축성 비경: 열화 III,Yadigar Zindanı: Kükreyen Alev III,tr-TR
축성 비경: 열화 IV,Yadigar Zindanı: Kükreyen Alev IV,tr-TR
축성 비경: 유적 장치 소굴 I,Yadigar Zindanı: Makina Yuvası I,tr-TR
축성 비경: 유적 장치 소굴 II,Yadigar Zindanı: Makina Yuvası II,tr-TR
축성 비경: 유적 장치 소굴 III,Yadigar Zindanı: Makina Yuvası III,tr-TR
축성 비경: 유적 장치 소굴 IV,Yadigar Zindanı: Makina Yuvası IV,tr-TR
축성 비경: 유해의 관 I,Yadigar Zindanı: Kabristan I,tr-TR
축성 비경: 유해의 관 II,Yadigar Zindanı: Kabristan II,tr-TR
축성 비경: 유해의 관 III,Yadigar Zindanı: Kabristan III,tr-TR
축성 비경: 유해의 관 IV,Yadigar Zindanı: Kabristan IV,tr-TR
축성 비경: 잊힌 성곽 I,Yadigar Zindanı: Terkedilmiş Sur I,tr-TR
축성 비경: 잊힌 성곽 II,Yadigar Zindanı: Terkedilmiş Sur II,tr-TR
축성 비경: 잊힌 성곽 III,Yadigar Zindanı: Terkedilmiş Sur III,tr-TR
축성 비경: 잊힌 성곽 IV,Yadigar Zindanı: Terkedilmiş Sur IV,tr-TR
축성 비경: 정화의 화염 I,Yadigar Zindanı: Arınma Ateşi I,tr-TR
축성 비경: 정화의 화염 II,Yadigar Zindanı: Arınma Ateşi II,tr-TR
축성 비경: 정화의 화염 III,Yadigar Zindanı: Arınma Ateşi III,tr-TR
축성 비경: 정화의 화염 IV,Yadigar Zindanı: Arınma Ateşi IV,tr-TR
축성 비경: 정화의 화염 V,Yadigar Zindanı: Arınma Ateşi V,tr-TR
축성 비경: 정화의 화염 VI,Yadigar Zindanı: Arınma Ateşi VI,tr-TR
축성 비경: 조화 I,Yadigar Zindanı: Uyum I,tr-TR
축성 비경: 조화 II,Yadigar Zindanı: Uyum II,tr-TR
축성 비경: 조화 III,Yadigar Zindanı: Uyum III,tr-TR
축성 비경: 조화 IV,Yadigar Zindanı: Uyum IV,tr-TR
축성 비경: 죽음을 알리는 서리 I,Yadigar Zindanı: Elemli Kırağı I,tr-TR
축성 비경: 죽음을 알리는 서리 II,Yadigar Zindanı: Elemli Kırağı II,tr-TR
축성 비경: 죽음을 알리는 서리 III,Yadigar Zindanı: Elemli Kırağı III,tr-TR
축성 비경: 죽음을 알리는 서리 IV,Yadigar Zindanı: Elemli Kırağı IV,tr-TR
축성 비경: 칠식 I,Yadigar Zindanı: Yedi Duyu I,tr-TR
축성 비경: 칠식 II,Yadigar Zindanı: Yedi Duyu II,tr-TR
축성 비경: 칠식 III,Yadigar Zindanı: Yedi Duyu III,tr-TR
축성 비경: 칠식 IV,Yadigar Zindanı: Yedi Duyu IV,tr-TR
