source,target,tgt_lng
 %s/%s mensagem(ns) selecionada(s),Messaggi selezionati: %s/%s,it-IT
 (con mods), (modificato),it-IT
 (Modded), (modificato),it-IT
 (modificado), (modificato),it-IT
 (modifiziert), (modificato),it-IT
 (Modlu), (modificato),it-IT
 (version moddée), (modificato),it-IT
 (Đã được sửa đổi), (modificato),it-IT
 (модифицировано), (modificato),it-IT
 (มีการดัดแปร), (modificato),it-IT
 (모드), (modificato),it-IT
"""%s"" adlı oyuncuyu bildiriyorsunuz.",Stai segnalando «%s».,it-IT
"""%s""을(를) 신고하려 합니다.",Stai segnalando «%s».,it-IT
%1$s + %2$s ile araç çubuğunu kaydedebilirsiniz,Salva la barra rapida con %1$s + %2$s,it-IT
%1$s + %2$s을(를) 눌러 단축 바를 저장할 수 있습니다,Salva la barra rapida con %1$s + %2$s,it-IT
%1$s 在 %3$s 說：%2$s,%s ha detto: %s alle %s,it-IT
%1$s 著,Di %1$s,it-IT
%1$s+%2$sでホットバーを保存します,Salva la barra rapida con %1$s + %2$s,it-IT
%1$sで立ち上がる,Premi %1$s per alzarti,it-IT
%1$sで降りる,Premi %1$s per scendere,it-IT
%1$sの%3$sでの発言：%2$s,%s ha detto: %s alle %s,it-IT
%1$s在%3$s说：%2$s,%s ha detto: %s alle %s,it-IT
%1$s이(가) 씀,Di %1$s,it-IT
%1$s／%2$sページ,Pagina %1$s di %2$s,it-IT
%2$s× %1$s,%s × %s,it-IT
%2$s個中%1$s個のメッセージを選択,Messaggi selezionati: %s/%s,it-IT
%2$s쪽 중 %1$s쪽,Pagina %1$s di %2$s,it-IT
"%s

%s

Buradan daha fazlasını öğrenin: %s","%s

%s

Scopri di più al collegamento seguente: %s",it-IT
"%s

%s

Consulta más información en el siguiente enlace: %s","%s

%s

Scopri di più al collegamento seguente: %s",it-IT
"%s

%s

Erfahre mehr unter folgendem Link: %s","%s

%s

Scopri di più al collegamento seguente: %s",it-IT
"%s

%s

Learn more at the following link: %s","%s

%s

Scopri di più al collegamento seguente: %s",it-IT
"%s

%s

Pour en savoir plus, consultez le lien suivant : %s","%s

%s

Scopri di più al collegamento seguente: %s",it-IT
"%s

%s

Saiba mais no link: %s","%s

%s

Scopri di più al collegamento seguente: %s",it-IT
"%s

%s

Tìm hiểu thêm tại liên kết sau: %s","%s

%s

Scopri di più al collegamento seguente: %s",it-IT
"%s

%s

Подробнее по ссылке: %s","%s

%s

Scopri di più al collegamento seguente: %s",it-IT
"%s

%s

เรียนรู้เพิ่มเติมที่ลิงก์ต่อไปนี้: %s","%s

%s

Scopri di più al collegamento seguente: %s",it-IT
"%s

%s

点击以下链接了解更多：%s","%s

%s

Scopri di più al collegamento seguente: %s",it-IT
"%s

%s

詳細はこちらのリンクから確認できます：%s","%s

%s

Scopri di più al collegamento seguente: %s",it-IT
"%s

%s

透過以下連結了解更多：%s","%s

%s

Scopri di più al collegamento seguente: %s",it-IT
"%s

%s

더 자세한 정보는 다음 링크에 있습니다: %s","%s

%s

Scopri di più al collegamento seguente: %s",it-IT
%s %s個,%s × %s,it-IT
%s (%s шт.),%s × %s,it-IT
%s + %s basılı tutuluyor. Eğer bırakılmazsa oyun çökecek.,"Stai tenendo premuti %s + %s. Se non li rilasci, il gioco verrà arrestato.",it-IT
%s + %s is held down. This will crash the game unless released.,"Stai tenendo premuti %s + %s. Se non li rilasci, il gioco verrà arrestato.",it-IT
%s + %s pressionados. O jogo será interrompido a menos que solte.,"Stai tenendo premuti %s + %s. Se non li rilasci, il gioco verrà arrestato.",it-IT
"%s + %s sind gedrückt. Dies wird das Spiel abstürzen lassen, wenn sie nicht losgelassen werden.","Stai tenendo premuti %s + %s. Se non li rilasci, il gioco verrà arrestato.",it-IT
%s + %s đã được giữ. Điều này sẽ làm trò chơi gặp sự cố trừ khi thả phím ra.,"Stai tenendo premuti %s + %s. Se non li rilasci, il gioco verrà arrestato.",it-IT
%s + %sが押されています。離さない限り、ゲームをクラッシュさせます。,"Stai tenendo premuti %s + %s. Se non li rilasci, il gioco verrà arrestato.",it-IT
%s + %s已被按下。若不放开按键则会使游戏崩溃。,"Stai tenendo premuti %s + %s. Se non li rilasci, il gioco verrà arrestato.",it-IT
%s + %s이(가) 눌려 있습니다. 놓지 않으면 게임에 잠시 후 크래시를 일으킵니다.,"Stai tenendo premuti %s + %s. Se non li rilasci, il gioco verrà arrestato.",it-IT
%s - %s,%s — %s,it-IT
%s - %s joueur,%s — %s giocatore,it-IT
%s - %s joueurs,%s — %s giocatori,it-IT
%s - %s người chơi,%s — %s giocatore,it-IT
%s - %s người chơi,%s — %s giocatori,it-IT
%s - %s oyuncu,%s — %s giocatore,it-IT
%s - %s oyuncu,%s — %s giocatori,it-IT
%s - %s player,%s — %s giocatore,it-IT
%s - %s players,%s — %s giocatori,it-IT
%s - %s 位玩家,%s — %s giocatore,it-IT
%s - %s 位玩家,%s — %s giocatori,it-IT
%s - %s人のプレイヤー,%s — %s giocatore,it-IT
%s - %s人のプレイヤー,%s — %s giocatori,it-IT
%s - %s名玩家,%s — %s giocatore,it-IT
%s - %s名玩家,%s — %s giocatori,it-IT
%s - ผู้เล่น %s คน,%s — %s giocatori,it-IT
%s - 플레이어 %s명,%s — %s giocatore,it-IT
%s - 플레이어 %s명,%s — %s giocatori,it-IT
%s . . . ？,%s . . . ?,it-IT
%s . . .？,%s . . . ?,it-IT
%s : %s,%s: %s,it-IT
%s : actuellement masqué,%s (attualmente nascosta),it-IT
%s : actuellement toujours visible,%s (attualmente sempre visibile),it-IT
%s : actuellement uniquement dans F3,%s (attualmente visibile premendo F3),it-IT
%s : actuellement uniquement dans l'overlay de débogage,%s (attualmente visibile nel cruscotto),it-IT
%s a accepté votre demande d'ami,%s ha accettato la tua richiesta,it-IT
%s a accompli le défi %s,%s ha completato l'impresa %s,it-IT
%s a atteint l'objectif %s,%s ha raggiunto l'obiettivo %s,it-IT
%s a dit : %s à %s,%s ha detto: %s alle %s,it-IT
%s a rejoint le tchat,%s si è unito/a alla chat,it-IT
%s a réalisé le progrès %s,%s ha compiuto il progresso %s,it-IT
%s accepted your friend request,%s ha accettato la tua richiesta,it-IT
%s aceitou o seu pedido de amizade,%s ha accettato la tua richiesta,it-IT
%s alcançou o progresso %s,%s ha compiuto il progresso %s,it-IT
%s amigos aceitaram seus pedidos de amizade,%s amici hanno accettato le tue richieste d'amicizia,it-IT
%s amigos han aceptado tus solicitudes de amistad,%s amici hanno accettato le tue richieste d'amicizia,it-IT
%s archivos rechazados,%s file rifiutati,it-IT
%s arkadaş isteğinizi kabul etti,%s amici hanno accettato le tue richieste d'amicizia,it-IT
%s arkadaşlık isteğiniz var,Hai ricevuto %s richieste d'amicizia,it-IT
%s arquivo(s) rejeitado(s),%s file rifiutati,it-IT
%s atingiu o objetivo %s,%s ha raggiunto l'obiettivo %s,it-IT
"%s Até lá, você não pode jogar online ou entrar no Realms.","%s Nel frattempo, non potrai giocare in rete o entrare nei Realm.",it-IT
%s Bis dahin kannst du weder online spielen noch Realms beitreten.,"%s Nel frattempo, non potrai giocare in rete o entrare nei Realm.",it-IT
%s button,Pulsante %s,it-IT
%s Büyü Seviyesi,%s livelli di esperienza,it-IT
%s bạn bè đã chấp nhận yêu cầu kết bạn của bạn,%s amici hanno accettato le tue richieste d'amicizia,it-IT
%s bị khóa!,%s non si apre!,it-IT
%s Chat Message(s) Selected to Report,%s messaggio/i in chat selezionato/i per la segnalazione,it-IT
%s Chatnachricht(en) zum Melden ausgewählt,%s messaggio/i in chat selezionato/i per la segnalazione,it-IT
"%s Cho đến khi đó, bạn không thể chơi trực tuyến hoặc tham gia Realms.","%s Nel frattempo, non potrai giocare in rete o entrare nei Realm.",it-IT
%s concluiu o desafio %s,%s ha completato l'impresa %s,it-IT
%s convidou você para entrar num mundo. Pressione %s para abrir a lista de amigos e entrar,%s ti ha invitato a entrare nel suo mondo. Apri la lista amici premendo %s per accettare,it-IT
%s cấp độ phù phép,%s livelli di esperienza,it-IT
%s dakika,%s minuto/i,it-IT
%s Dateien wurden abgelehnt,%s file rifiutati,it-IT
%s day(s),%s giorno/i,it-IT
%s de lapislázuli,%s lapislazzuli,it-IT
%s deseja entrar no seu mundo. Pressione %s para abrir a lista de amigos ou entre através do menu do jogo.,%s vuole entrare nel tuo mondo. Apri la lista amici premendo %s o dal menù di gioco,it-IT
%s dia(s),%s giorno/i,it-IT
%s disse: %s,%s dice %s,it-IT
%s disse: %s em %s,%s ha detto: %s alle %s,it-IT
%s dit %s,%s dice %s,it-IT
%s diyor ki %s,%s dice %s,it-IT
%s diyor ki: %s %s,%s ha detto: %s alle %s,it-IT
%s dosya reddedildi,%s file rifiutati,it-IT
%s día(s),%s giorno/i,it-IT
%s dünya davetinin süresi doldu.,L'invito a entrare nel mondo di %s è scaduto,it-IT
%s edit box: %s,Casella di testo %s: %s,it-IT
"%s En attendant, vous ne pouvez plus jouer en ligne ou rejoindre des Realms.","%s Nel frattempo, non potrai giocare in rete o entrare nei Realm.",it-IT
%s Enchantment Levels,%s livelli di esperienza,it-IT
%s entrou no chat,%s si è unito/a alla chat,it-IT
%s enviou-lhe um pedido de amizade,%s ti ha inviato una richiesta d'amicizia,it-IT
%s Erfahrungsstufen,%s livelli di esperienza,it-IT
%s est déjà dans votre liste d'amis,%s è già nella tua lista amici,it-IT
%s est maintenant dans votre liste d'amis,Hai stretto amicizia con %s,it-IT
%s está trancado!,%s non si apre!,it-IT
%s fichiers ont été rejetés,%s file rifiutati,it-IT
%s Freunde haben deine Freundschaftsanfragen angenommen,%s amici hanno accettato le tue richieste d'amicizia,it-IT
%s friends accepted your friend requests,%s amici hanno accettato le tue richieste d'amicizia,it-IT
%s giờ,%s ora/e,it-IT
%s gün,%s giorno/i,it-IT
%s ha aceptado tu solicitud de amistad,%s ha accettato la tua richiesta,it-IT
%s ha alcanzado el objetivo %s,%s ha raggiunto l'obiettivo %s,it-IT
%s ha completado el desafío %s,%s ha completato l'impresa %s,it-IT
%s ha conseguido el progreso %s,%s ha compiuto il progresso %s,it-IT
%s ha dicho: %s (%s),%s ha detto: %s alle %s,it-IT
%s ha entrado al chat,%s si è unito/a alla chat,it-IT
%s ha sido eliminado de tu lista de amigos,Hai rimosso %s dalla tua lista amici,it-IT
%s ha sido invitado a unirse a tu mundo.,Hai invitato %s a entrare nel tuo mondo,it-IT
%s has already sent you a friend request,%s ti ha già inviato una richiesta d'amicizia,it-IT
%s has been invited to join your world.,Hai invitato %s a entrare nel tuo mondo,it-IT
%s has been removed from your friends list,Hai rimosso %s dalla tua lista amici,it-IT
%s has completed the challenge %s,%s ha completato l'impresa %s,it-IT
%s has made the advancement %s,%s ha compiuto il progresso %s,it-IT
%s has reached the goal %s,%s ha raggiunto l'obiettivo %s,it-IT
"%s Hasta entonces, no podrás jugar en línea ni unirte a Realms.","%s Nel frattempo, non potrai giocare in rete o entrare nei Realm.",it-IT
%s hat das Ziel %s erreicht,%s ha raggiunto l'obiettivo %s,it-IT
%s hat deine Freundschaftsanfrage angenommen,%s ha accettato la tua richiesta,it-IT
%s hat den Fortschritt %s erzielt,%s ha compiuto il progresso %s,it-IT
"%s hat dich eingeladen, der eigenen Welt beizutreten. Öffne hierzu die Freundesliste mit „%s“",%s ti ha invitato a entrare nel suo mondo. Apri la lista amici premendo %s per accettare,it-IT
%s hat die Aufgabe %s erledigt,%s ha completato l'impresa %s,it-IT
%s hat dir bereits eine Freundschaftsanfrage gesendet,%s ti ha già inviato una richiesta d'amicizia,it-IT
%s hat dir eine Freundschaftsanfrage gesendet,%s ti ha inviato una richiesta d'amicizia,it-IT
%s heure(s),%s ora/e,it-IT
%s hora(s),%s ora/e,it-IT
%s hour(s),%s ora/e,it-IT
%s ile artık arkadaşsınız,Hai stretto amicizia con %s,it-IT
%s ile çevrim için güvenliğinizi yönetin,Gestisci la sicurezza in rete con l'%s,it-IT
%s ileti gizlendi,%s messaggio/i nascosto/i,it-IT
"%s invited you to join their world. Open the friends list by pressing ""%s"" to join",%s ti ha invitato a entrare nel suo mondo. Apri la lista amici premendo %s per accettare,it-IT
%s is already on your Friends List,%s è già nella tua lista amici,it-IT
%s is locked!,%s non si apre!,it-IT
%s ist bereits mit dir befreundet,%s è già nella tua lista amici,it-IT
%s ist dem Chat beigetreten,%s si è unito/a alla chat,it-IT
%s ist verschlossen!,%s non si apre!,it-IT
%s için arkadaşlık isteği zaten gönderilmiş,Hai già inviato una richiesta d'amicizia a %s,it-IT
%s için arkadaşlık isteğini iptal etmek için enter tuşuna basın,Premi Invio per annullare la richiesta d'amicizia inviata a %s,it-IT
%s için gönderilen dünya davetinin süresi doldu.,L'invito a entrare nel mondo inviato a %s è scaduto,it-IT
%s joined the chat,%s si è unito/a alla chat,it-IT
%s joueurs ont accepté vos demandes d'ami,%s amici hanno accettato le tue richieste d'amicizia,it-IT
%s jour(s),%s giorno/i,it-IT
%s já está na sua lista de amigos,%s è già nella tua lista amici,it-IT
%s já lhe enviou um pedido de amizade,%s ti ha già inviato una richiesta d'amicizia,it-IT
%s kilitlendi!,%s non si apre!,it-IT
%s kişisinin iletilerini gizle,Nascondi messaggi da %s,it-IT
%s kişisinin iletilerini göster,Mostra messaggi da %s,it-IT
%s konumundaki yığın kaydedilemedi,Salvataggio del chunk in %s non riuscito,it-IT
%s konumundaki yığın yüklenemedi,Caricamento del chunk in %s non riuscito,it-IT
%s kutuyu düzenle: %s,Casella di testo %s: %s,it-IT
%s Lapis Lazuli,%s lapislazzuli,it-IT
%s Lapislazuli,%s lapislazzuli,it-IT
%s Lápis-Lazúlis,%s lapislazzuli,it-IT
%s mensagem(ns) oculta(s),%s messaggio/i nascosto/i,it-IT
%s mensagem(ns) selecionada(s) para denunciar,%s messaggio/i in chat selezionato/i per la segnalazione,it-IT
%s mensajes ocultos,%s messaggio/i nascosto/i,it-IT
%s message(s) hidden,%s messaggio/i nascosto/i,it-IT
%s message(s) masqué(s),%s messaggio/i nascosto/i,it-IT
%s Minute(n),%s minuto/i,it-IT
%s minute(s),%s minuto/i,it-IT
%s minuto(s),%s minuto/i,it-IT
"%s muốn tham gia thế giới của bạn. Hãy mở danh sách bạn bè bằng phím ""%s"" hoặc từ menu trò chơi.",%s vuole entrare nel tuo mondo. Apri la lista amici premendo %s o dal menù di gioco,it-IT
%s möchte deiner Welt beitreten. Öffne die Freundesliste mit „%s“ oder über das Spielmenü.,%s vuole entrare nel tuo mondo. Apri la lista amici premendo %s o dal menù di gioco,it-IT
%s Nachricht(en) ausgeblendet,%s messaggio/i nascosto/i,it-IT
%s Next,%s Successivo,it-IT
%s ngày,%s giorno/i,it-IT
%s ngọc lưu ly,%s lapislazzuli,it-IT
%s niveaux d'enchantement,%s livelli di esperienza,it-IT
%s niveles de experiencia,%s livelli di esperienza,it-IT
%s Nächster,%s Successivo,it-IT
%s níveis de experiência,%s livelli di esperienza,it-IT
%s nói %s,%s dice %s,it-IT
%s O zamana kadar çevrim içi oynayamaz veya Realms’e katılamazsınız.,"%s Nel frattempo, non potrai giocare in rete o entrare nei Realm.",it-IT
%s oyuncusundan arkadaşlık isteği kabul etmek için enter tuşuna basın,Premi Invio per accettare la richiesta d'amicizia da %s,it-IT
%s oyuncusunu bildir,Segnala %s,it-IT
%s oyuncusunun arkadaşlık isteğini reddetmek için enter tuşuna basın,Premi Invio per rifiutare la richiesta d'amicizia da %s,it-IT
%s oyuncusunun bildirilebilecek iletisi yok,Nessun messaggio segnalabile da %s trovato,it-IT
%s phút,%s minuto/i,it-IT
%s profil ismi panoya kopyalandı,Copia il nome utente «%s» negli appunti,it-IT
%s quiere unirse a tu mundo. Abre la lista de amigos pulsando «%s» o accede desde el menú del juego.,%s vuole entrare nel tuo mondo. Apri la lista amici premendo %s o dal menù di gioco,it-IT
%s saat,%s ora/e,it-IT
%s sagt %s,%s dice %s,it-IT
%s sagte: %s um %s,%s ha detto: %s alle %s,it-IT
%s said: %s at %s,%s ha detto: %s alle %s,it-IT
%s says %s,%s dice %s,it-IT
%s seguinte,%s Successivo,it-IT
%s sekmesi,Scheda %s,it-IT
%s sent you a friend request,%s ti ha inviato una richiesta d'amicizia,it-IT
%s siguiente,%s Successivo,it-IT
%s slider,Regolatore %s,it-IT
%s Sohbet İletisi Bildirmek için Seçildi,%s messaggio/i in chat selezionato/i per la segnalazione,it-IT
%s sohbete katıldı,%s si è unito/a alla chat,it-IT
%s Sonraki,%s Successivo,it-IT
"%s souhaite rejoindre votre monde. Ouvrez la liste d'amis avec ""%s"" ou depuis le menu du jeu.",%s vuole entrare nel tuo mondo. Apri la lista amici premendo %s o dal menù di gioco,it-IT
%s Stunde(n),%s ora/e,it-IT
%s Suivant,%s Successivo,it-IT
%s tab,Scheda %s,it-IT
%s Tag(e),%s giorno/i,it-IT
%s tarafından gönderilen iletiler gizlenecek,I messaggi in chat di %s verranno nascosti,it-IT
%s tarafından gönderilen iletiler gösterilecek,I messaggi in chat di %s verranno mostrati,it-IT
%s te ha enviado una solicitud de amistad,%s ti ha già inviato una richiesta d'amicizia,it-IT
%s te ha enviado una solicitud de amistad,%s ti ha inviato una richiesta d'amicizia,it-IT
%s te ha invitado a unirte a su mundo. Abre la lista de amigos pulsando «%s» para unirte,%s ti ha invitato a entrare nel suo mondo. Apri la lista amici premendo %s per accettare,it-IT
%s tin nhắn đã bị ẩn,%s messaggio/i nascosto/i,it-IT
%s Tiếp theo,%s Successivo,it-IT
%s tuşu,Pulsante %s,it-IT
%s unités de lapis-lazuli,%s lapislazzuli,it-IT
"%s Until then, you can't play online or join Realms.","%s Nel frattempo, non potrai giocare in rete o entrare nei Realm.",it-IT
%s verrouillé(e) !,%s non si apre!,it-IT
%s von %s Nachrichten ausgewählt,Messaggi selezionati: %s/%s,it-IT
%s vous a déjà envoyé une demande d'ami,%s ti ha già inviato una richiesta d'amicizia,it-IT
%s vous a envoyé une demande d'ami,%s ti ha inviato una richiesta d'amicizia,it-IT
"%s vous a invité à rejoindre son monde. Ouvrez la liste d'amis en appuyant sur ""%s"" pour rejoindre.",%s ti ha invitato a entrare nel suo mondo. Apri la lista amici premendo %s per accettare,it-IT
"%s wants to join your world. Open the Friends list with ""%s"" or from the game menu.",%s vuole entrare nel tuo mondo. Apri la lista amici premendo %s o dal menù di gioco,it-IT
%s wurde in deine Welt eingeladen.,Hai invitato %s a entrare nel tuo mondo,it-IT
%s wurde von deiner Freundesliste entfernt,Hai rimosso %s dalla tua lista amici,it-IT
%s x %s,%s × %s,it-IT
%s ya está en tu lista de amigos,%s è già nella tua lista amici,it-IT
%s zaten Arkadaş Listende,%s è già nella tua lista amici,it-IT
%s çubuğu,Regolatore %s,it-IT
%s đã bị loại bỏ khỏi danh sách bạn bè của bạn,Hai rimosso %s dalla tua lista amici,it-IT
%s đã chấp nhận yêu cầu kết bạn của bạn,%s ha accettato la tua richiesta,it-IT
%s đã gửi cho bạn một yêu cầu kết bạn,%s ti ha inviato una richiesta d'amicizia,it-IT
%s đã gửi cho bạn một yêu cầu kết bạn rồi,%s ti ha già inviato una richiesta d'amicizia,it-IT
%s đã hoàn thành thử thách %s,%s ha completato l'impresa %s,it-IT
%s đã làm tiến trình %s,%s ha compiuto il progresso %s,it-IT
"%s đã mời bạn tham gia thế giới của họ. Hãy mở danh sách bạn bè bằng cách nhấn ""%s"" để tham gia",%s ti ha invitato a entrare nel suo mondo. Apri la lista amici premendo %s per accettare,it-IT
%s đã nói: %s lúc %s,%s ha detto: %s alle %s,it-IT
%s đã tham gia cuộc trò chuyện,%s si è unito/a alla chat,it-IT
%s đã được mời tham gia thế giới của bạn.,Hai invitato %s a entrare nel tuo mondo,it-IT
%s đã đạt được mục tiêu %s,%s ha raggiunto l'obiettivo %s,it-IT
%s đã ở trong danh sách bạn bè của bạn rồi,%s è già nella tua lista amici,it-IT
%s был приглашён в ваш мир.,Hai invitato %s a entrare nel tuo mondo,it-IT
%s был удалён из списка друзей,Hai rimosso %s dalla tua lista amici,it-IT
%s дней,%s giorno/i,it-IT
%s До этого момента вы не можете играть по сети или присоединяться к Realms.,"%s Nel frattempo, non potrai giocare in rete o entrare nei Realm.",it-IT
%s достиг цели «%s»,%s ha raggiunto l'obiettivo %s,it-IT
%s друзей приняли ваш запрос,%s amici hanno accettato le tue richieste d'amicizia,it-IT
%s завершил испытание «%s»,%s ha completato l'impresa %s,it-IT
%s заперт!,%s non si apre!,it-IT
%s из %s игроков спят,Giocatori addormentati: %s/%s ,it-IT
%s мин,%s minuto/i,it-IT
%s отправил запрос в друзья,%s ti ha inviato una richiesta d'amicizia,it-IT
%s получил достижение «%s»,%s ha compiuto il progresso %s,it-IT
%s принял ваш запрос в друзья,%s ha accettato la tua richiesta,it-IT
%s присоединился к чату,%s si è unito/a alla chat,it-IT
%s сказал %s,%s dice %s,it-IT
%s сказал: %s в %s,%s ha detto: %s alle %s,it-IT
%s сообщений скрыто,%s messaggio/i nascosto/i,it-IT
%s уже в вашем списке друзей,%s è già nella tua lista amici,it-IT
%s уже отправил вам запрос в друзья,%s ti ha già inviato una richiesta d'amicizia,it-IT
%s часов,%s ora/e,it-IT
%s ข้อความที่ซ่อนอยู่,%s messaggio/i nascosto/i,it-IT
%s จนกว่าจะถึงตอนนั้น คุณไม่สามารถเล่นแบบออนไลน์หรือเข้าร่วม Realms ได้,"%s Nel frattempo, non potrai giocare in rete o entrare nei Realm.",it-IT
%s ชั่วโมง,%s ora/e,it-IT
"%s ต้องการเข้าร่วมโลกของคุณ ดูคำขอได้ในรายชื่อเพื่อนด้วยการกด ""%s"" หรือเปิดจากหน้าเมนูเกม",%s vuole entrare nel tuo mondo. Apri la lista amici premendo %s o dal menù di gioco,it-IT
%s ถัดไป,%s Successivo,it-IT
%s ถูกล็อกไว้!,%s non si apre!,it-IT
%s นาที,%s minuto/i,it-IT
%s พูด: %s ที่ %s,%s ha detto: %s alle %s,it-IT
%s พูดว่า %s,%s dice %s,it-IT
%s ยอมรับคำขอเป็นเพื่อนของคุณแล้ว,%s ha accettato la tua richiesta,it-IT
%s วัน,%s giorno/i,it-IT
%s ส่งคำขอเป็นเพื่อนกับคุณ,%s ti ha inviato una richiesta d'amicizia,it-IT
%s อยู่ในรายชื่อเพื่อนของคุณอยู่แล้ว,%s è già nella tua lista amici,it-IT
%s เข้าร่วมแชต,%s si è unito/a alla chat,it-IT
"%s เชิญคุณให้เข้าร่วมโลกของเขา ดูคำเชิญได้ในรายชื่อเพื่อนด้วยการกด ""%s""",%s ti ha invitato a entrare nel suo mondo. Apri la lista amici premendo %s per accettare,it-IT
%s ได้ทำความก้าวหน้า %s,%s ha compiuto il progresso %s,it-IT
%s ได้บรรลุเป้าหมาย %s,%s ha raggiunto l'obiettivo %s,it-IT
%s ได้รับคำเชิญเข้าร่วมโลกของคุณแล้ว,Hai invitato %s a entrare nel tuo mondo,it-IT
%s ได้สำเร็จการท้าทาย %s,%s ha completato l'impresa %s,it-IT
%s ได้ส่งคำขอเป็นเพื่อนกับคุณแล้ว,%s ti ha già inviato una richiesta d'amicizia,it-IT
%s – %s,%s — %s,it-IT
%s – %s Spieler,%s — %s giocatore,it-IT
%s – %s Spieler,%s — %s giocatori,it-IT
%s — %s jogador,%s — %s giocatore,it-IT
%s — %s jogadores,%s — %s giocatori,it-IT
%s — %s игрок,%s — %s giocatore,it-IT
%s — %s игроков,%s — %s giocatori,it-IT
%s — дальше,%s Successivo,it-IT
%s …?,%s . . . ?,it-IT
%s 下一个,%s Successivo,it-IT
%s 下一個,%s Successivo,it-IT
%s 位好友接受了你的好友邀請,%s amici hanno accettato le tue richieste d'amicizia,it-IT
%s 個附魔等級,%s livelli di esperienza,it-IT
%s 個青金石,%s lapislazzuli,it-IT
%s 分鐘,%s minuto/i,it-IT
%s 加入了聊天,%s si è unito/a alla chat,it-IT
%s 向你傳送了好友邀請,%s ti ha inviato una richiesta d'amicizia,it-IT
%s 在此之前，您無法使用線上模式或加入 Realms。,"%s Nel frattempo, non potrai giocare in rete o entrare nei Realm.",it-IT
%s 天,%s giorno/i,it-IT
%s 小時,%s ora/e,it-IT
%s 已在你的好友清單中,%s è già nella tua lista amici,it-IT
%s 已完成挑戰 %s,%s ha completato l'impresa %s,it-IT
%s 已完成進度 %s,%s ha compiuto il progresso %s,it-IT
%s 已經向你傳送了好友邀請,%s ti ha già inviato una richiesta d'amicizia,it-IT
%s 已達成目標 %s,%s ha raggiunto l'obiettivo %s,it-IT
%s 已鎖上！,%s non si apre!,it-IT
%s 想要加入你的世界。按下「%s」鍵或從遊戲選單開啟好友清單。,%s vuole entrare nel tuo mondo. Apri la lista amici premendo %s o dal menù di gioco,it-IT
%s 按鈕,Pulsante %s,it-IT
%s 接受了你的好友邀請,%s ha accettato la tua richiesta,it-IT
%s 滑桿,Regolatore %s,it-IT
%s 編輯欄：%s,Casella di testo %s: %s,it-IT
%s 說︰%s,%s dice %s,it-IT
%s 邀請你加入世界。按下「%s」鍵開啟好友清單以加入,%s ti ha invitato a entrare nel suo mondo. Apri la lista amici premendo %s per accettare,it-IT
%s 頁籤,Scheda %s,it-IT
%s 그때까지 온라인 플레이나 Realms 참여가 불가합니다.,"%s Nel frattempo, non potrai giocare in rete o entrare nei Realm.",it-IT
%s 다음,%s Successivo,it-IT
%s 레벨 필요,Livelli necessari: %s,it-IT
%s 버튼,Pulsante %s,it-IT
%s 슬라이더,Regolatore %s,it-IT
%s 재생 중,In riproduzione: %s,it-IT
%s 탭,Scheda %s,it-IT
%s 편집 상자: %s,Casella di testo %s: %s,it-IT
"%s, %s gelişimini yaptı",%s ha compiuto il progresso %s,it-IT
"%s, %s hedefine ulaştı",%s ha raggiunto l'obiettivo %s,it-IT
"%s, %s meydan okumasını tamamladı",%s ha completato l'impresa %s,it-IT
"%s, arkadaşlık isteğinizi kabul etti",%s ha accettato la tua richiesta,it-IT
"%s, arkadaşlık listenizden çıkarıldı",Hai rimosso %s dalla tua lista amici,it-IT
"%s, dünyanıza davet edildi.",Hai invitato %s a entrare nel tuo mondo,it-IT
"%s, dünyanıza katılmak istiyor. ""%s"" tuşu veya oyun menüsünden Arkadaş Listenizi açın.",%s vuole entrare nel tuo mondo. Apri la lista amici premendo %s o dal menù di gioco,it-IT
"%s, sana arkadaşlık isteği gönderdi",%s ti ha inviato una richiesta d'amicizia,it-IT
"%s, sana arkadaşlık isteği göndermiş",%s ti ha già inviato una richiesta d'amicizia,it-IT
"%s, sizi dünyasına davet etti. Katılmak için ""%s"" tuşu ile arkadaş listenizi açın",%s ti ha invitato a entrare nel suo mondo. Apri la lista amici premendo %s per accettare,it-IT
"%s-секундное профилирование запущено. Нажмите %s + %s, чтобы остановить",Profilatura di %s secondi avviata. Premi %s + %s per interromperla in anticipo,it-IT
"%s-секундное профилирование запущено. Нажмите F3 + L, чтобы остановить",Profilatura di %s secondi avviata. Premi F3 + L per interromperla in anticipo,it-IT
%s/%s ileti seçildi,Messaggi selezionati: %s/%s,it-IT
%s/%s jogadores dormindo,Giocatori addormentati: %s/%s ,it-IT
%s/%s joueurs endormis,Giocatori addormentati: %s/%s ,it-IT
%s/%s jugadores durmiendo,Giocatori addormentati: %s/%s ,it-IT
%s/%s message(s) selected,Messaggi selezionati: %s/%s,it-IT
%s/%s message(s) sélectionné(s),Messaggi selezionati: %s/%s,it-IT
%s/%s người chơi đang ngủ,Giocatori addormentati: %s/%s ,it-IT
%s/%s oyuncu uyuyor,Giocatori addormentati: %s/%s ,it-IT
%s/%s players sleeping,Giocatori addormentati: %s/%s ,it-IT
%s/%s Spielern schlafen,Giocatori addormentati: %s/%s ,it-IT
%s/%s tin nhắn đã chọn,Messaggi selezionati: %s/%s,it-IT
%s/%s 的玩家正在睡覺,Giocatori addormentati: %s/%s ,it-IT
%s/%s 메시지 선택,Messaggi selezionati: %s/%s,it-IT
%s/%s 플레이어들이 잠듦,Giocatori addormentati: %s/%s ,it-IT
%s/%s名玩家已入睡,Giocatori addormentati: %s/%s ,it-IT
%s: %s jugador,%s — %s giocatore,it-IT
%s: %s jugadores,%s — %s giocatori,it-IT
%s: Aktuell aus,%s (attualmente nascosta),it-IT
%s: Aktuell immer an,%s (attualmente sempre visibile),it-IT
%s: Aktuell nur in F3,%s (attualmente visibile premendo F3),it-IT
%s: Apenas na sobreposição da depuração,%s (attualmente visibile nel cruscotto),it-IT
%s: Apenas no F3,%s (attualmente visibile premendo F3),it-IT
%s: Currently always on,%s (attualmente sempre visibile),it-IT
%s: Currently off,%s (attualmente nascosta),it-IT
%s: Currently only in debug overlay,%s (attualmente visibile nel cruscotto),it-IT
%s: Currently only in F3,%s (attualmente visibile premendo F3),it-IT
%s: Derzeit nur im Debug‐Overlay,%s (attualmente visibile nel cruscotto),it-IT
%s: Hiện chỉ có trong lớp phủ gỡ lỗi,%s (attualmente visibile nel cruscotto),it-IT
%s: Hiện chỉ trong F3,%s (attualmente visibile premendo F3),it-IT
%s: Hiện luôn bật,%s (attualmente sempre visibile),it-IT
%s: Hiện đang tắt,%s (attualmente nascosta),it-IT
%s: Oculto,%s (attualmente nascosta),it-IT
%s: Siempre,%s (attualmente sempre visibile),it-IT
%s: Solo en F3,%s (attualmente visibile premendo F3),it-IT
%s: Solo en superposición de depuración,%s (attualmente visibile nel cruscotto),it-IT
%s: Visível,%s (attualmente sempre visibile),it-IT
%s: Şu an hata ayıklama önyüzünde,%s (attualmente visibile nel cruscotto),it-IT
%s: Şuan kapalı,%s (attualmente nascosta),it-IT
%s: Şuan sadece F3'de,%s (attualmente visibile premendo F3),it-IT
%s: Şuan sürekli açık,%s (attualmente sempre visibile),it-IT
%s: В данный момент выключен,%s (attualmente nascosta),it-IT
%s: В данный момент отображается всегда,%s (attualmente sempre visibile),it-IT
%s: В данный момент только в F3,%s (attualmente visibile premendo F3),it-IT
%s: В данный момент только на экране отладки,%s (attualmente visibile nel cruscotto),it-IT
%s: ปัจจุบันปิดอยู่,%s (attualmente nascosta),it-IT
%s: ปัจจุบันแสดงผลแค่ในโอเวอร์เลย์ดีบั๊ก,%s (attualmente visibile nel cruscotto),it-IT
%s: ปัจจุบันแสดงเฉพาะใน F3,%s (attualmente visibile premendo F3),it-IT
%s: ปัจจุบันแสดงเสมอ,%s (attualmente sempre visibile),it-IT
%s: 현재 F3에서만 켜짐,%s (attualmente visibile premendo F3),it-IT
%s: 현재 꺼짐,%s (attualmente nascosta),it-IT
%s: 현재 디버그 오버레이에서만 켜짐,%s (attualmente visibile nel cruscotto),it-IT
%s: 현재 항상 켜짐,%s (attualmente sempre visibile),it-IT
%s‐Eingabefeld: %s,Casella di testo %s: %s,it-IT
%s‐Reiter,Scheda %s,it-IT
%s‐Schaltfläche,Pulsante %s,it-IT
%s‐Schieberegler,Regolatore %s,it-IT
%s…？,%s . . . ?,it-IT
%sからのチャットは表示されます,I messaggi in chat di %s verranno mostrati,it-IT
%sからのチャットは表示されません,I messaggi in chat di %s verranno nascosti,it-IT
%sからのフレンド申請,Richiesta d'amicizia in arrivo da %s,it-IT
%sからのメッセージを表示,Mostra messaggi da %s,it-IT
%sからのメッセージを非表示,Nascondi messaggi da %s,it-IT
%sからフレンド申請が来ています,%s ti ha inviato una richiesta d'amicizia,it-IT
%sからワールド参加への招待が来ています。フレンドリストは「%s」から開くことができます,%s ti ha invitato a entrare nel suo mondo. Apri la lista amici premendo %s per accettare,it-IT
%sが%sと言いました,%s dice %s,it-IT
%sがあなたのフレンド申請を承諾しました,%s ha accettato la tua richiesta,it-IT
%sがあなたのワールドに招待されました。,Hai invitato %s a entrare nel tuo mondo,it-IT
%sがあなたのワールドへの参加をリクエストしています。「%s」を押すかゲームメニューからフレンドリストを開くことができます。,%s vuole entrare nel tuo mondo. Apri la lista amici premendo %s o dal menù di gioco,it-IT
%sがチャットに参加しました,%s si è unito/a alla chat,it-IT
%sがフレンドリストから削除されました,Hai rimosso %s dalla tua lista amici,it-IT
%sが挑戦%sを完了しました,%s ha completato l'impresa %s,it-IT
%sが目標%sを達成しました,%s ha raggiunto l'obiettivo %s,it-IT
%sが進捗%sを達成しました,%s ha compiuto il progresso %s,it-IT
%sでオンラインの安全設定を管理できます,Gestisci la sicurezza in rete con l'%s,it-IT
%sで次を選択,%s Successivo,it-IT
%sとフレンドになりました,Hai stretto amicizia con %s,it-IT
%sにあるチャンクの保存に失敗しました,Salvataggio del chunk in %s non riuscito,it-IT
%sにあるチャンクの読み込みに失敗しました,Caricamento del chunk in %s non riuscito,it-IT
%sにはすでにフレンド申請を送信しています,Hai già inviato una richiesta d'amicizia a %s,it-IT
%sにフレンド申請を送信しました,Hai inviato una richiesta d'amicizia a %s,it-IT
%sに送信したこのワールドへの招待が失効しました。,L'invito a entrare nel mondo inviato a %s è scaduto,it-IT
%sのタブ,Scheda %s,it-IT
%sのファイルが拒否されました,%s file rifiutati,it-IT
%sのワールドへの参加をリクエストしました,Hai chiesto di entrare nel mondo di %s,it-IT
%sのワールドへの招待が失効しました。,L'invito a entrare nel mondo di %s è scaduto,it-IT
%sの編集欄：%s,Casella di testo %s: %s,it-IT
%sはすでにあなたにフレンド申請を送信しています,%s ti ha già inviato una richiesta d'amicizia,it-IT
%sはすでにフレンドリストに存在しています,%s è già nella tua lista amici,it-IT
%sはロックされています,%s non si apre!,it-IT
%sは現在「F3画面でのみ表示」に設定されています,%s (attualmente visibile premendo F3),it-IT
%sは現在「常に表示」に設定されています,%s (attualmente sempre visibile),it-IT
%sは現在オフになっています,%s (attualmente nascosta),it-IT
%sへのフレンド申請,Richiesta d'amicizia inviata a %s,it-IT
%sエンチャントレベル,%s livelli di esperienza,it-IT
%sスライダー,Regolatore %s,it-IT
%sボタン,Pulsante %s,it-IT
%s人のフレンドがフレンド申請を承諾しました,%s amici hanno accettato le tue richieste d'amicizia,it-IT
%s件のメッセージが非表示になりました,%s messaggio/i nascosto/i,it-IT
%s位好友接受了你的好友请求,%s amici hanno accettato le tue richieste d'amicizia,it-IT
%s個のチャットメッセージが通報対象として選択されています,%s messaggio/i in chat selezionato/i per la segnalazione,it-IT
%s分,%s minuto/i,it-IT
%s分钟,%s minuto/i,it-IT
%s加入了聊天,%s si è unito/a alla chat,it-IT
%s取得了进度%s,%s ha compiuto il progresso %s,it-IT
%s向你发送了好友请求,%s ti ha inviato una richiesta d'amicizia,it-IT
%s天,%s giorno/i,it-IT
%s完成了挑战%s,%s ha completato l'impresa %s,it-IT
%s小时,%s ora/e,it-IT
%s已在你的好友列表中,%s è già nella tua lista amici,it-IT
%s已经向你发送了好友请求,%s ti ha già inviato una richiesta d'amicizia,it-IT
%s已被上锁！,%s non si apre!,it-IT
%s想要加入你的世界。按下“%s”或通过游戏菜单打开好友列表。,%s vuole entrare nel tuo mondo. Apri la lista amici premendo %s o dal menù di gioco,it-IT
%s按钮,Pulsante %s,it-IT
%s接受了你的好友请求,%s ha accettato la tua richiesta,it-IT
%s日,%s giorno/i,it-IT
%s時間,%s ora/e,it-IT
%s期限结束前，你无法进行在线游戏或加入Realms。,"%s Nel frattempo, non potrai giocare in rete o entrare nei Realm.",it-IT
%s标签页,Scheda %s,it-IT
%s滑块,Regolatore %s,it-IT
%s的聊天消息将会被显示,I messaggi in chat di %s verranno mostrati,it-IT
%s的聊天消息将会被隐藏,I messaggi in chat di %s verranno nascosti,it-IT
%s経過するまでは、オンラインプレイおよびRealmsへの参加はできません。,"%s Nel frattempo, non potrai giocare in rete o entrare nei Realm.",it-IT
%s编辑框：%s,Casella di testo %s: %s,it-IT
%s说%s,%s dice %s,it-IT
%s达成了目标%s,%s ha raggiunto l'obiettivo %s,it-IT
%s邀请你加入世界。请按“%s”键打开好友列表来加入,%s ti ha invitato a entrare nel suo mondo. Apri la lista amici premendo %s per accettare,it-IT
%s개의 친구 요청을 받았습니다,Hai ricevuto %s richieste d'amicizia,it-IT
%s명이 당신의 친구 요청을 수락했습니다,%s amici hanno accettato le tue richieste d'amicizia,it-IT
%s분,%s minuto/i,it-IT
%s시간,%s ora/e,it-IT
%s에 있는 청크를 불러오는 데 실패했습니다,Caricamento del chunk in %s non riuscito,it-IT
%s에 있는 청크를 저장하는 데 실패했습니다,Salvataggio del chunk in %s non riuscito,it-IT
%s에게 보낸 세계 초대가 만료되었습니다.,L'invito a entrare nel mondo inviato a %s è scaduto,it-IT
%s에게 보낸 친구 요청,Richiesta d'amicizia inviata a %s,it-IT
%s에게 보낸 친구 요청을 취소하려면 enter를 누르세요,Premi Invio per annullare la richiesta d'amicizia inviata a %s,it-IT
%s에게 친구 요청을 보냈습니다,Hai inviato una richiesta d'amicizia a %s,it-IT
%s에게서 받은 친구 요청,Richiesta d'amicizia in arrivo da %s,it-IT
%s으로 온라인 안전을 관리하세요,Gestisci la sicurezza in rete con l'%s,it-IT
%s은(는) 이미 친구 목록에 있습니다,%s è già nella tua lista amici,it-IT
%s은(는) 잠겨 있습니다!,%s non si apre!,it-IT
%s을(를) 당신의 세계에 초대했습니다.,Hai invitato %s a entrare nel tuo mondo,it-IT
%s을(를) 당신의 친구 목록에서 제거했습니다,Hai rimosso %s dalla tua lista amici,it-IT
%s의 대화 메시지를 숨깁니다,I messaggi in chat di %s verranno nascosti,it-IT
%s의 대화 메시지를 표시합니다,I messaggi in chat di %s verranno mostrati,it-IT
%s의 메시지 보이기,Mostra messaggi da %s,it-IT
%s의 메시지 숨기기,Nascondi messaggi da %s,it-IT
%s의 발언: %s (시각 %s),%s ha detto: %s alle %s,it-IT
%s의 세계 초대가 만료되었습니다.,L'invito a entrare nel mondo di %s è scaduto,it-IT
%s의 친구 요청을 거절하려면 enter를 누르세요,Premi Invio per rifiutare la richiesta d'amicizia da %s,it-IT
%s의 친구 요청을 수락하려면 enter를 누르세요,Premi Invio per accettare la richiesta d'amicizia da %s,it-IT
%s이(가) %s 도전을 완료했습니다,%s ha completato l'impresa %s,it-IT
%s이(가) %s 목표를 달성했습니다,%s ha raggiunto l'obiettivo %s,it-IT
%s이(가) %s 발전 과제를 달성했습니다,%s ha compiuto il progresso %s,it-IT
%s이(가) %s(이)라고 말합니다,%s dice %s,it-IT
"%s이(가) 당신의 세계에 참여하고 싶어 합니다. ""%s""을(를) 누르거나 게임 메뉴를 통해 친구 목록을 여세요.",%s vuole entrare nel tuo mondo. Apri la lista amici premendo %s o dal menù di gioco,it-IT
%s이(가) 대화에 참여했습니다,%s si è unito/a alla chat,it-IT
%s이(가) 이미 친구 요청을 보냈습니다,%s ti ha già inviato una richiesta d'amicizia,it-IT
"%s이(가) 자신의 세계에 초대했습니다. 참여하려면 ""%s""을(를) 눌러 친구 목록을 여세요",%s ti ha invitato a entrare nel suo mondo. Apri la lista amici premendo %s per accettare,it-IT
%s이(가) 친구 요청을 보냈습니다,%s ti ha inviato una richiesta d'amicizia,it-IT
%s이(가) 친구 요청을 수락했습니다,%s ha accettato la tua richiesta,it-IT
%s일,%s giorno/i,it-IT
%s초 프로파일링을 시작했습니다. %s + %s(으)로 조기 종료할 수 있습니다,Profilatura di %s secondi avviata. Premi %s + %s per interromperla in anticipo,it-IT
%s초 프로파일링을 시작했습니다. F3 + L로 조기 종료할 수 있습니다,Profilatura di %s secondi avviata. Premi F3 + L per interromperla in anticipo,it-IT
%s초 후 크래시...,Arresto del gioco tra %s...,it-IT
%s／%s,%s/%s,it-IT
%s／%s人のプレイヤーが就寝中,Giocatori addormentati: %s/%s ,it-IT
%s：%s,%s: %s,it-IT
%s：デバッグオーバーレイでのみ表示,%s (attualmente visibile nel cruscotto),it-IT
%s：当前仅F3,%s (attualmente visibile premendo F3),it-IT
%s：当前仅显示在调试叠加层,%s (attualmente visibile nel cruscotto),it-IT
%s：当前关闭,%s (attualmente nascosta),it-IT
%s：当前始终显示,%s (attualmente sempre visibile),it-IT
%s：目前僅於 F3,%s (attualmente visibile premendo F3),it-IT
%s：目前僅顯示在除錯覆蓋層,%s (attualmente visibile nel cruscotto),it-IT
%s：目前永遠顯示,%s (attualmente sempre visibile),it-IT
%s：目前關閉,%s (attualmente nascosta),it-IT
%의 세계에 참여를 요청했습니다,Hai chiesto di entrare nel mondo di %s,it-IT
(´･ω･`),:(,it-IT
* Etiqueta del libro no válida *,*Dati non validi*,it-IT
* Geçersiz kitap etiketi *,*Dati non validi*,it-IT
* Invalid book tag *,*Dati non validi*,it-IT
* Marcação de livro inválida *,*Dati non validi*,it-IT
* Nhãn sách không hợp lệ *,*Dati non validi*,it-IT
* Tag de livre non valide *,*Dati non validi*,it-IT
* Ungültiges Buchetikett *,*Dati non validi*,it-IT
* Неверные данные *,*Dati non validi*,it-IT
* แท็กหนังสือไม่ถูกต้อง *,*Dati non validi*,it-IT
* 无效的书本标签 *,*Dati non validi*,it-IT
* 書本標籤無效 *,*Dati non validi*,it-IT
* 無効な本のタグ *,*Dati non validi*,it-IT
* 잘못된 책 태그입니다 *,*Dati non validi*,it-IT
+ %s级经验,%s livelli di esperienza,it-IT
+ 1级经验,1 livello di esperienza,it-IT
-> %s <%s> %s,→ %s <%s> %s,it-IT
1 Büyü Seviyesi,1 livello di esperienza,it-IT
1 cấp độ phù phép,1 livello di esperienza,it-IT
1 de lapislázuli,1 lapislazzuli,it-IT
1 Enchantment Level,1 livello di esperienza,it-IT
1 Erfahrungsstufe,1 livello di esperienza,it-IT
1 Lapis Lazuli,1 lapislazzuli,it-IT
1 Lapislazuli,1 lapislazzuli,it-IT
1 Lápis-Lazúli,1 lapislazzuli,it-IT
1 ngọc lưu ly,1 lapislazzuli,it-IT
1 niveau d'enchantement,1 livello di esperienza,it-IT
1 nivel de experiencia,1 livello di esperienza,it-IT
1 nível de experiência,1 livello di esperienza,it-IT
1 unité de lapis-lazuli,1 lapislazzuli,it-IT
1 個附魔等級,1 livello di esperienza,it-IT
1 個青金石,1 lapislazzuli,it-IT
1エンチャントレベル,1 livello di esperienza,it-IT
32-bit işletim sistemi tespit edildi,Sistema a 32 bit rilevato,it-IT
"32-bit işletim sistemi tespit edildi: bu, gelecekte 64-bit işletim sistemi gerekeceği için oynamanıza engel olabilir!",È stato rilevato un sistema a 32 bit: potrebbe impedirti di giocare in futuro visto che sarà necessario un sistema a 64 bit!,it-IT
32-bit system detected,Sistema a 32 bit rilevato,it-IT
32-bit system detected: this may prevent you from playing in the future as a 64-bit system will be required!,È stato rilevato un sistema a 32 bit: potrebbe impedirti di giocare in futuro visto che sarà necessario un sistema a 64 bit!,it-IT
32bitシステムが検出されました,Sistema a 32 bit rilevato,it-IT
32bitシステムが検出されました：将来的には64ビットシステムが必要になるため、ゲームがプレイできなくなる可能性があります。,È stato rilevato un sistema a 32 bit: potrebbe impedirti di giocare in futuro visto che sarà necessario un sistema a 64 bit!,it-IT
32‐Bit‐System erkannt,Sistema a 32 bit rilevato,it-IT
"32‐Bit‐System erkannt: Dies kann dich daran hindern, in Zukunft zu spielen, da ein 64‐Bit‐System erforderlich ist!",È stato rilevato un sistema a 32 bit: potrebbe impedirti di giocare in futuro visto che sarà necessario un sistema a 64 bit!,it-IT
32비트 시스템 감지,Sistema a 32 bit rilevato,it-IT
32비트 시스템 감지: 추후 64비트 시스템이 요구될 때 더 이상 플레이 할 수 없게 됩니다!,È stato rilevato un sistema a 32 bit: potrebbe impedirti di giocare in futuro visto che sarà necessario un sistema a 64 bit!,it-IT
[%s : %s],[%s: %s],it-IT
[+%s ausstehende Zeile(n)],[+%s in attesa],it-IT
[+%s bekleyen satır],[+%s in attesa],it-IT
[+%s dòng đang chờ],[+%s in attesa],it-IT
[+%s linha(s) pendente(s)],[+%s in attesa],it-IT
[+%s línea(s) pendiente(s)],[+%s in attesa],it-IT
[+%s message(s) en attente],[+%s in attesa],it-IT
[+%s pending line(s)],[+%s in attesa],it-IT
[+%s строк в очереди],[+%s in attesa],it-IT
[+%s ข้อความที่รอแสดงผล],[+%s in attesa],it-IT
[+%s 則待傳送訊息],[+%s in attesa],it-IT
[+%s行待发送],[+%s in attesa],it-IT
[+%s줄 대기 중],[+%s in attesa],it-IT
[Debug]:,[Diagnostica]:,it-IT
[Depuração]:,[Diagnostica]:,it-IT
[Débogage] :,[Diagnostica]:,it-IT
[Gỡ lỗi]:,[Diagnostica]:,it-IT
[Hata Ayıklama]:,[Diagnostica]:,it-IT
[Отладка]:,[Diagnostica]:,it-IT
[调试]：,[Diagnostica]:,it-IT
[除錯]:,[Diagnostica]:,it-IT
[디버그]:,[Diagnostica]:,it-IT
A análise de desempenho durará %s segundos. Pressione F3 + L para interrompê-la,Profilatura di %s secondi avviata. Premi F3 + L per interromperla in anticipo,it-IT
A lista de amigos está atualmente indisponível. Verifique sua conexão e tente novamente mais tarde.,Il servizio della lista amici non è al momento disponibile. Controlla la connessione o riprova più tardi,it-IT
"A lista de amigos está indisponível.

Tente novamente mais tarde.","La lista amici non è al momento disponibile

Riprova più tardi",it-IT
"A lista de amigos está indisponível.

Verifique sua conexão com a internet e tente novamente.","La lista amici non è al momento disponibile

Controlla la connessione a Internet e riprova",it-IT
A pessoa era irritante ou fez algo desagradável.,Questo giocatore m'infastidisce o ha fatto qualcosa che non mi piace.,it-IT
Abajo,Giù,it-IT
Abandonner,Annulla,it-IT
Abandonner le signalement et les commentaires ?,Annullare la segnalazione e i commenti?,it-IT
Abbrechen,Annulla,it-IT
Abeilles : %s / %s,Api: %s/%s,it-IT
Abejas: %s / %s,Api: %s/%s,it-IT
Abelhas: %s / %s,Api: %s/%s,it-IT
Ablehnen,Rifiuta,it-IT
Abra este link para gerenciar suas configurações de privacidade e segurança online.,Apri questo collegamento per gestire le impostazioni di riservatezza e sicurezza in rete.,it-IT
Abre este enlace para administrar tu privacidad y ajustes de seguridad en línea.,Apri questo collegamento per gestire le impostazioni di riservatezza e sicurezza in rete.,it-IT
Abrir carpeta de informes,Apri la cartella dei rapporti,it-IT
Abrir diretório de relatórios,Apri la cartella dei rapporti,it-IT
Abrir em LAN,Rete locale...,it-IT
Abrir en LAN,Rete locale...,it-IT
Abrir enlace,Apri collegamento,it-IT
Abrir no navegador,Apri collegamento,it-IT
"Absicht, Personen oder Eigentum im wirklichen Leben zu schädigen",Intento di causare danno nella vita reale a persone o beni,it-IT
Absturz in %s …,Arresto del gioco tra %s...,it-IT
"Abusive language used in a directed, harmful manner",Linguaggio offensivo usato in maniera diretta e dannosa,it-IT
Abuso ou exploração sexual de menores,Sfruttamento o abuso sessuale di minori,it-IT
Accept,Accetta,it-IT
Accepter,Accetta,it-IT
Acciones de clic en este cartel desactivadas,Non puoi interagire con questo cartello,it-IT
Acciones rápidas,Azioni rapide,it-IT
Acciones rápidas...,Azioni rapide...,it-IT
Account Permanently Banned,Account permanentemente bannato,it-IT
Account Temporarily Suspended,Account temporaneamente sospeso,it-IT
Aceitar,Accetta,it-IT
Acemi,Novizio,it-IT
Aceptar,Accetta,it-IT
Aceptar,OK,it-IT
Acerca de las pantallas personalizadas,Nota riguardante le schermate personalizzate,it-IT
Acknowledge,Ne prendo atto,it-IT
Acquisition ou utilisation frauduleuse de contenu,Acquisizione o uso fraudolento di contenuti,it-IT
Actions rapides,Azioni rapide,it-IT
Actions rapides...,Azioni rapide...,it-IT
Actualiza el juego para acceder a tu lista de amigos.,Aggiorna il gioco per accedere alla lista amici,it-IT
Add Smithing Template,Inserisci uno schema di forgiatura,it-IT
Adicione um Molde de Ferraria,Inserisci uno schema di forgiatura,it-IT
Administra tu seguridad en línea con tu %s,Gestisci la sicurezza in rete con l'%s,it-IT
Administrar con cuenta de Microsoft,Gestisci con l'account Microsoft,it-IT
Adquisición o uso fraudulento de contenido,Acquisizione o uso fraudolento di contenuti,it-IT
Advanced tooltips: hidden,Descrizioni avanzate nascoste,it-IT
Advanced tooltips: shown,Descrizioni avanzate visibili,it-IT
Advancement Made!,Progresso compiuto!,it-IT
Advancements,Progressi,it-IT
Affichage de matériel obscène ou pornographique,Condivisione di materiali osceni o pornografici,it-IT
Afficher dans le tchat,Mostra nella chat,it-IT
Afficher les messages,Mostra messaggi,it-IT
Afficher les messages de %s,Mostra messaggi da %s,it-IT
Aguardando confirmação,In attesa di conferma...,it-IT
Aguardando servidor,In attesa del server...,it-IT
Aguarde...,Attendi...,it-IT
Ahora eres amigo de %s,Hai stretto amicizia con %s,it-IT
Ahumador,Affumicatore,it-IT
"Ai đó đang công kích bạn hoặc người chơi khác trên các đặc điểm nhân cách của họ, như tôn giáo, chủng tộc hoặc xu hướng tình dục.","Qualcuno sta aggredendo te o un altro giocatore sulla base di caratteristiche della propria identità, come religione, etnia od orientamento sessuale.",it-IT
Ai đó đang khuyến khích người khác tham gia vào các hoạt động bất hợp pháp liên quan đến chất cấm hoặc khuyến khích trẻ vị thành niên uống rượu bia.,Qualcuno sta incoraggiando gli altri a partecipare ad attività illegali legate alla droga o all'alcolismo minorile.,it-IT
"Ai đó đang làm tổn hại danh tiếng của bạn hoặc người khác, như việc chia sẻ thông tin giả mạo với mục đích lợi dụng hoặc đánh lừa người khác.","Qualcuno sta danneggiando la reputazione tua o di qualcun altro, per esempio condividendo informazioni false con lo scopo di sfruttare o ingannare gli altri.",it-IT
"Ai đó đang lăng mạ, công kích, hoặc bắt nạt bạn hoặc người khác. Điều này bao gồm cả việc cố gắng liên hệ với bạn hoặc người khác khi chưa có sự đồng ý hoặc đăng tải thông tin cá nhân riêng tư về bạn hoặc người khác khi chưa có sự đồng ý (""làm lộ thông tin cá nhân"").","Qualcuno sta umiliando, aggredendo o bullizzando te o qualcun altro. Ciò comprende quando qualcuno tenta ripetutamente di contattare te o qualcun altro senza permesso o condivide informazioni personali private su di te o qualcun altro senza permesso.",it-IT
Ai đó đang nói về hoặc khuyến khích hành vi không đúng đắn liên quan đến trẻ em.,Qualcuno sta menzionando o promuovendo comportamenti indecenti con minori.,it-IT
"Ai đó đang nói về, chia sẻ hoặc quảng bá hình ảnh riêng tư.","Qualcuno sta menzionando, condividendo o promuovendo immagini private e intime.",it-IT
"Ai đó đang nói đến, khuyến khích hoặc đe doạ thực hiện các hành động khủng bố hoặc chủ nghĩa cực đoan bạo lực vì lí do chính trị, tôn giáo, tư tưởng hoặc các lí do khác.","Qualcuno sta menzionando, promuovendo o minacciando di commettere atti di terrorismo o estremismo violento per motivi politici, religiosi, ideologici o di altro tipo.",it-IT
Ai đó đang đe doạ làm hại bạn hoặc người khác ngoài đời thật.,Qualcuno sta minacciando di fare del male a te o qualcun altro nella vita reale.,it-IT
Ai đó đang đe doạ tự làm hại bản thân ngoài đời thật hoặc nói về việc tự làm hại bản thân ngoài đời thật.,Qualcuno sta minacciando di farsi del male nella vita reale o sta menzionando il farsi del male nella vita reale.,it-IT
Ajado,Stracciato,it-IT
Ajoutez un modèle de forge,Inserisci uno schema di forgiatura,it-IT
Ajustes para otros jugadores,Impostazioni per gli altri giocatori,it-IT
Ajustes para outros jogadores,Impostazioni per gli altri giocatori,it-IT
"Aktualisiere das Spiel, um auf deine Freundesliste zuzugreifen.",Aggiorna il gioco per accedere alla lista amici,it-IT
"Al compartir detalles, nos ayudas a tomar una decisión adecuada.",Condividere i dettagli ci aiuterà a compiere una decisione ben informata.,it-IT
"Al compartir detalles, nos estás ayudando a tomar una decisión adecuada.",Condividere i dettagli ci aiuterà a compiere una decisione ben informata.,it-IT
"Al enviar este informe, confirmas que la información que proporcionas es correcta y está completa.","Inviando questa segnalazione, confermi che le informazioni che hai fornito sono accurate e complete al meglio delle tue conoscenze.",it-IT
Alambic,Alambicco,it-IT
Alet geliştir,Migliora un oggetto,it-IT
"Algo deu errado... com esse recurso, não com seus amigos!

Tente novamente mais tarde.","Qualcosa non va... con questa funzionalità, mica coi tuoi amici!

Riprova più tardi",it-IT
"Algo no va bien... ¡con esta opción, no con tus amigos! 

Inténtalo más tarde.","Qualcosa non va... con questa funzionalità, mica coi tuoi amici!

Riprova più tardi",it-IT
Alguien está amenazando con hacerte daño a ti o a otra persona en la vida real.,Qualcuno sta minacciando di fare del male a te o qualcun altro nella vita reale.,it-IT
"Alguien está atacándote a ti o a otro jugador por características de su identidad, como religión, raza o condición sexual.","Qualcuno sta aggredendo te o un altro giocatore sulla base di caratteristiche della propria identità, come religione, etnia od orientamento sessuale.",it-IT
"Alguien está dañando la reputación de otra persona, suplantando la identidad de alguien o compartiendo información falsa, con el objetivo de aprovecharse o confundir a otros.","Qualcuno sta danneggiando la reputazione tua o di qualcun altro, per esempio condividendo informazioni false con lo scopo di sfruttare o ingannare gli altri.",it-IT
Alguien está hablando sobre autolesionarse o amenazando con hacerlo en la vida real.,Qualcuno sta minacciando di farsi del male nella vita reale o sta menzionando il farsi del male nella vita reale.,it-IT
"Alguien está hablando, incitando o amenazando con cometer actos de terrorismo o extremismo violento por motivos políticos, religiosos, ideológicos o de cualquier otra índole.","Qualcuno sta menzionando, promuovendo o minacciando di commettere atti di terrorismo o estremismo violento per motivi politici, religiosi, ideologici o di altro tipo.",it-IT
"Alguien está hostigando, atacando o acosándote a ti o a otra persona. Esto incluye haber intentado contactar repetidamente contigo o con otra persona o publicar información personal privada sobre ti u otra persona sin consentimiento («doxeo»).","Qualcuno sta umiliando, aggredendo o bullizzando te o qualcun altro. Ciò comprende quando qualcuno tenta ripetutamente di contattare te o qualcun altro senza permesso o condivide informazioni personali private su di te o qualcun altro senza permesso.",it-IT
Alguien está incitando o hablando de un comportamiento indecente hacia menores.,Qualcuno sta menzionando o promuovendo comportamenti indecenti con minori.,it-IT
"Alguien está pidiendo, compartiendo o incitando al tráfico de imágenes privadas e íntimas.","Qualcuno sta menzionando, condividendo o promuovendo immagini private e intime.",it-IT
"Alguien está promoviendo la participación en actividades ilegales relacionadas con drogas, o el consumo de alcohol por debajo de la edad legal.",Qualcuno sta incoraggiando gli altri a partecipare ad attività illegali legate alla droga o all'alcolismo minorile.,it-IT
Alguém está ameaçando ferir você ou outra pessoa na vida real.,Qualcuno sta minacciando di fare del male a te o qualcun altro nella vita reale.,it-IT
"Alguém está ameaçando se automutilar, ou falando sobre automutilação na vida real.",Qualcuno sta minacciando di farsi del male nella vita reale o sta menzionando il farsi del male nella vita reale.,it-IT
"Alguém está assediando, atacando ou intimidando você ou outra pessoa. Inclui tentativas insistentes de contato ou envio de informações pessoais suas ou de alguém sem consentimento (doxing).","Qualcuno sta umiliando, aggredendo o bullizzando te o qualcun altro. Ciò comprende quando qualcuno tenta ripetutamente di contattare te o qualcun altro senza permesso o condivide informazioni personali private su di te o qualcun altro senza permesso.",it-IT
"Alguém está atacando você ou outra pessoa com base em características da sua identidade, como religião, etnia ou orientação sexual.","Qualcuno sta aggredendo te o un altro giocatore sulla base di caratteristiche della propria identità, come religione, etnia od orientamento sessuale.",it-IT
Alguém está incentivando a participação de outras pessoas no consumo de drogas ilícitas ou bebidas alcoólicas com menores.,Qualcuno sta incoraggiando gli altri a partecipare ad attività illegali legate alla droga o all'alcolismo minorile.,it-IT
Alguém está mencionando ou incentivando comportamentos inapropriados envolvendo menores.,Qualcuno sta menzionando o promuovendo comportamenti indecenti con minori.,it-IT
"Alguém está mencionando, compartilhando ou incentivando a divulgação de imagens pessoais íntimas.","Qualcuno sta menzionando, condividendo o promuovendo immagini private e intime.",it-IT
"Alguém está mencionando, incentivando ou ameaçando praticar atos de terrorismo ou extremismo violento por motivos políticos, religiosos, ideológicos ou de qualquer natureza.","Qualcuno sta menzionando, promuovendo o minacciando di commettere atti di terrorismo o estremismo violento per motivi politici, religiosi, ideologici o di altro tipo.",it-IT
"Alguém está prejudicando a sua reputação ou a de outra pessoa, por exemplo, compartilhando informações falsas com a intenção de enganar ou explorar os outros.","Qualcuno sta danneggiando la reputazione tua o di qualcun altro, per esempio condividendo informazioni false con lo scopo di sfruttare o ingannare gli altri.",it-IT
All,Tutti,it-IT
Alle,Tutti,it-IT
Alle Chunks werden neu geladen,Ricaricamento di tutti i chunk...,it-IT
Alles wird angezeigt,Tutte le ricette,it-IT
Als Entwurf speichern,Salva bozza,it-IT
Alto horno,Forno fusorio,it-IT
Alto-Forno,Forno fusorio,it-IT
Always,Sì,it-IT
Alındı,Ricevute,it-IT
Ameaça de ferir outras pessoas,Minaccia di fare del male agli altri,it-IT
Ami %s,Amico %s,it-IT
Amigo %s,Amico %s,it-IT
Amigos,Amici,it-IT
Amigos en línea pueden unirse.,I giocatori nella tua lista amici possono entrare nel mondo.,it-IT
Amigos online podem entrar.,I giocatori nella tua lista amici possono entrare nel mondo.,it-IT
Amis,Amici,it-IT
Amizade com %s,Amico %s,it-IT
Améliorer l'équipement,Migliora un oggetto,it-IT
An den Server melden,Segnala al server,it-IT
"An error was returned while sending your report:
'%s'","Si è verificato un errore durante l'invio della tua segnalazione:
«%s»",it-IT
An unexpected error occurred while updating your Friends List. Please try again later.,Si è verificato un errore imprevisto durante l'aggiornamento della lista amici. Riprova più tardi,it-IT
An unexpected HTTP error occurred while sending your report.,Si è verificato un errore imprevisto del protocollo HTTP durante l'invio della tua segnalazione.,it-IT
Ana Menü,Menù principale,it-IT
Ana Menüye Dön,Torna al menù principale,it-IT
and %s more...,e altri %s...,it-IT
Anfrage widerrufen,Annulla richiesta,it-IT
Anfragen (%s),Richieste (%s),it-IT
Anfragen werden geladen …,Caricamento delle richieste...,it-IT
Angebote,Scambi,it-IT
Anladım,Ne prendo atto,it-IT
Anmerkungen,Commenti,it-IT
Annehmen,Accetta,it-IT
Annuler,Annulla,it-IT
Annuler la demande,Annulla richiesta,it-IT
Anterior,Indietro,it-IT
Anterior,Pagina precedente,it-IT
Análise de desempenho concluída. Resultados salvos em %s,Profilatura terminata. Risultati salvati in %s,it-IT
Análise de desempenho iniciada por %s segundo(s). Use %s + %s para parar antes,Profilatura di %s secondi avviata. Premi %s + %s per interromperla in anticipo,it-IT
"Ao enviar essa denúncia, você confirma que as informações descritas são exatas e completas.","Inviando questa segnalazione, confermi che le informazioni che hai fornito sono accurate e complete al meglio delle tue conoscenze.",it-IT
Aplicar alterações,Modifica,it-IT
Aplicar cambios,Modifica,it-IT
Appliquer les modifications,Modifica,it-IT
Apply Changes,Modifica,it-IT
Apprenti,Apprendista,it-IT
Apprentice,Apprendista,it-IT
Appuyez sur %1$s pour descendre,Premi %1$s per scendere,it-IT
Appuyez sur %1$s pour vous lever,Premi %1$s per alzarti,it-IT
Appuyez sur Entrée pour accepter la demande d'ami de %s,Premi Invio per accettare la richiesta d'amicizia da %s,it-IT
Appuyez sur Entrée pour annuler la demande d'ami envoyée à %s,Premi Invio per annullare la richiesta d'amicizia inviata a %s,it-IT
Appuyez sur Entrée pour refuser la demande d'ami de %s,Premi Invio per rifiutare la richiesta d'amicizia da %s,it-IT
Appuyez sur Entrée pour retirer %s de la liste d'amis,Premi Invio per rimuovere %s dalla lista amici,it-IT
"Appuyez sur une touche pour choisir une commande, rappuyez pour l'utiliser.","Premi un tasto per selezionare un comando, premilo nuovamente per eseguirlo",it-IT
Aprendiz,Apprendista,it-IT
Ara...,Cerca...,it-IT
Are you sure you want to open the following website?,Vuoi davvero aprire questo sito?,it-IT
Are you sure you want to quit?,Vuoi davvero abbandonare?,it-IT
Are you sure you want to remove this player from your Friends List?,Vuoi davvero rimuovere questo giocatore dalla tua lista amici?,it-IT
Arka Yazı:,Messaggio posteriore:,it-IT
Arkadaş %s,Amico %s,it-IT
Arkadaş Listeni güncellerken beklenmedik bir hata ile karşılaşıldı. Lütfen sonra tekrar deneyin.,Si è verificato un errore imprevisto durante l'aggiornamento della lista amici. Riprova più tardi,it-IT
Arkadaş Listesi,Lista amici,it-IT
Arkadaş Listesi hizmeti şu anda kullanılamıyor. Lütfen bağlantınızı kontrol edin ve daha sonra tekrar deneyin.,Il servizio della lista amici non è al momento disponibile. Controlla la connessione o riprova più tardi,it-IT
Arkadaş Listesi işlemlerini çok hızlı gerçekleştiriyorsunuz. Lütfen bekleyin ve tekrar deneyin.,Stai gestendo la lista amici troppo velocemente. Attendi qualche secondo e riprova,it-IT
"Arkadaş Listesi şu anda çalışmıyor.

Lütfen daha sonra tekrar deneyin.","La lista amici non è al momento disponibile

Riprova più tardi",it-IT
Arkadaş Listesinden %s oyuncusunu kaldırmak için enter tuşuna basın,Premi Invio per rimuovere %s dalla lista amici,it-IT
Arkadaş Listesine ulaşmak için oyun sürümünüzü güncelleyin.,Aggiorna il gioco per accedere alla lista amici,it-IT
Arkadaşlar,Amici,it-IT
Arkadaşlar Listesi Yükleniyor...,Caricamento della lista amici...,it-IT
"Arkadaşlar Listesi şuan çalışmıyor.

İnternet bağlantınızı kontrol edip tekrar deneyin.","La lista amici non è al momento disponibile

Controlla la connessione a Internet e riprova",it-IT
Arkadaşlık isteği gönder,Invia richiesta d'amicizia,it-IT
Arkadaşlık isteği gönderildi: %s,Hai inviato una richiesta d'amicizia a %s,it-IT
Arkadaşlık isteği gönderilemedi,Impossibile inviare la richiesta d'amicizia al momento,it-IT
Arkadaşlık isteği göndermeden önce bir profil adı girin,Inserisci un nome utente valido prima d'inviare una richiesta d'amicizia,it-IT
Arkadaşı Çıkar,Rimuovi amico,it-IT
Arriba,Su,it-IT
Arı: %s / %s,Api: %s/%s,it-IT
"As configurações do Xbox podem demorar para atualizar.

Reinicie o jogo para forçar as atualizações.","La modifica delle impostazioni di Xbox potrebbe richiedere del tempo.

Riavvia il gioco per forzare l'aggiornamento.",it-IT
As mensagens adjacentes dessa seleção serão incluídas para fornecer contexto adicional,I messaggi adiacenti verranno inclusi per fornire del contesto aggiuntivo,it-IT
As mensagens de %s serão mostradas,I messaggi in chat di %s verranno mostrati,it-IT
As mensagens de %s serão ocultas,I messaggi in chat di %s verranno nascosti,it-IT
"As teclas F3 + C estão pressionadas. Se não soltá-las, o jogo será interrompido.","Stai tenendo premuti F3 + C. Se non li rilasci, il gioco verrà arrestato.",it-IT
Ask to join,Chiedi di entrare,it-IT
Aspecto del jugador,Skin del giocatore,it-IT
Aspecto no permitido,Skin non consentita,it-IT
"Aspectos que muestran elementos de naturaleza sexual, órganos sexuales o violencia sexual.","Skin esplicite con riferimenti ad atti sessuali, organi sessuali o violenza sessuale.",it-IT
Assinar,Firma,it-IT
Assinar e fechar,Firma e chiudi,it-IT
Assinatura inválida do chat. Tente reconectar.,Firma della chat non valida. Prova a riconnetterti.,it-IT
Assédio ou bullying,Molestie o bullismo,it-IT
Asılı Tabela İletisini Düzenle,Messaggio dell'insegna:,it-IT
Atalhos do teclado:,Combinazioni di tasti:,it-IT
"Atenção! Ao assinar o livro, você não poderá mais editá-lo.",Attenzione! Dopo aver firmato il libro non potrai più modificarlo.,it-IT
Atril,Leggio,it-IT
Attention ! Le livre n'est plus modifiable une fois signé.,Attenzione! Dopo aver firmato il libro non potrai più modificarlo.,it-IT
Atualize o jogo para acessar sua lista de amigos.,Aggiorna il gioco per accedere alla lista amici,it-IT
Aucun,Nessuno,it-IT
Aucun joueur bloqué dans le tchat,Nessun giocatore bloccato nella chat,it-IT
Aucun joueur masqué dans le tchat,Nessun giocatore nascosto nella chat,it-IT
Aucun message du joueur %s à signaler,Nessun messaggio segnalabile da %s trovato,it-IT
Aucune demande d'ami en attente,Nessuna richiesta in sospeso,it-IT
Aucune statistique n'a été trouvée.,Nessuna statistica trovata.,it-IT
Auf Annahme warten,In attesa di conferma...,it-IT
Auf Server warten,In attesa del server...,it-IT
Aufgabe erledigt!,Impresa completata!,it-IT
Aus,No,it-IT
Ausgeblendet,Nascosti,it-IT
Ausgeblendet – Offline,Nascosto/a — Non in linea,it-IT
Ausgehende Freundschaftsanfrage an %s,Richiesta d'amicizia inviata a %s,it-IT
Ausrüstung aufwerten,Migliora un oggetto,it-IT
Automutilation ou suicide,Autolesionismo o suicidio,it-IT
Automutilação ou suicídio,Autolesionismo o suicidio,it-IT
"Aviso: as opções personalizadas são fornecidas por servidores e/ou conteúdo de terceiros.
Tenha cuidado!","Nota: le opzioni personalizzate sono fornite da server o contenuti di terze parti.
Usare con cautela!",it-IT
Ayarlar...,Opzioni...,it-IT
Aynı ağdaki oyuncular girebilir.,I giocatori sulla tua stessa rete possono entrare nel mondo.,it-IT
Ayrıl ve Raporu İptal Et,Abbandona e annulla la segnalazione,it-IT
"Ayrılırsanız bu bildiriyi ve yorumlarınızı kaybedeceksiniz.
Çıkmak istediğinizden emin misiniz?","Se abbandoni, perderai questa segnalazione e i tuoi commenti.
Vuoi davvero abbandonare?",it-IT
Ayrımlama %s saniye için başlatıldı. Erken bitirmek için %s + %s tuşlarını kullanın,Profilatura di %s secondi avviata. Premi %s + %s per interromperla in anticipo,it-IT
Ayrımlama %s saniye için başlatıldı. Erken bitirmek için F3 + L tuşlarını kullanın,Profilatura di %s secondi avviata. Premi F3 + L per interromperla in anticipo,it-IT
Ayrımlama bitti. Sonuçlar %s konumuna kaydedildi,Profilatura terminata. Risultati salvati in %s,it-IT
Ayrıntıları paylaşmanız tutarlı bir karar vermemize yardımcı olacaktır.,Condividere i dettagli ci aiuterà a compiere una decisione ben informata.,it-IT
Ações de clique desativadas para esta placa,Non puoi interagire con questo cartello,it-IT
Ações rápidas,Azioni rapide,it-IT
Ações rápidas...,Azioni rapide...,it-IT
Açık saçık veya pornografik içerik sergileme,Condivisione di materiali osceni o pornografici,it-IT
Açıklama:,Descrizione:,it-IT
Açılamıyor. Ganimet henüz oluşturulmadı.,Impossibile aprire: il contenuto non è stato ancora generato,it-IT
Añade un molde de herrería,Inserisci uno schema di forgiatura,it-IT
Ağ,Rete,it-IT
Aşağı,Giù,it-IT
Aşırı yanlış ve kusurlu bildirimler,Numero eccessivo di segnalazioni false o imprecise,it-IT
Back,Indietro,it-IT
Back (%ss),Indietro (%s s),it-IT
Back Text:,Messaggio posteriore:,it-IT
Back to Game,Riprendi la partita,it-IT
Back to Realms List,Torna alla lista dei Realm,it-IT
Back to Server List,Torna alla lista dei server,it-IT
Back to Title Screen,Torna al menù principale,it-IT
Back to World List,Torna alla lista dei mondi,it-IT
Baixo,Giù,it-IT
Bal: %s / %s,Miele: %s/%s,it-IT
Balise,Faro,it-IT
Bancada Automática,Fabbricatore,it-IT
Bancada de Cartografia,Cartografia,it-IT
Barra de objetos guardada (restáurala con %1$s + %2$s),Barra rapida salvata (ripristinala con %1$s + %2$s),it-IT
Barra de texto de %s: %s,Casella di testo %s: %s,it-IT
Barra rápida salva (restaure-a com %1$s + %2$s),Barra rapida salvata (ripristinala con %1$s + %2$s),it-IT
Barre d'action sauvegardée (restaurez avec %1$s + %2$s),Barra rapida salvata (ripristinala con %1$s + %2$s),it-IT
Barrel,Barile,it-IT
Barril,Barile,it-IT
Bas,Giù,it-IT
Baú,Baule,it-IT
Baú de Ender,Baule di ender,it-IT
Baú Grande,Baule grande,it-IT
Bağlantıyı Kes,Disconnettiti,it-IT
Bağlantıyı Panoya Kopyala,Copia negli appunti,it-IT
Başkalarına zarar vermeye yönelik tehdit,Minaccia di fare del male agli altri,it-IT
Başlangıç alanı hazırlanıyor: %%%s,Preparazione dell'area di generazione: %s%%,it-IT
Başlık,Titolo,it-IT
Beacon,Faro,it-IT
Bearbeitung fortsetzen,Continua a modificare,it-IT
Bees: %s / %s,Api: %s/%s,it-IT
Beim Aktualisieren deiner Freundesliste ist ein unerwarteter Fehler aufgetreten. Bitte versuche es später erneut.,Si è verificato un errore imprevisto durante l'aggiornamento della lista amici. Riprova più tardi,it-IT
"Beim Senden deiner Meldung ist ein Fehler aufgetreten:
‚%s‘","Si è verificato un errore durante l'invio della tua segnalazione:
«%s»",it-IT
Beim Senden deiner Meldung ist ein unerwarteter Fehler aufgetreten.,C'è stato un errore imprevisto durante l'invio della tua segnalazione.,it-IT
Beim Senden deiner Meldung ist ein unerwarteter HTTP‐Fehler aufgetreten.,Si è verificato un errore imprevisto del protocollo HTTP durante l'invio della tua segnalazione.,it-IT
Beim Senden deiner Meldung wurden fehlerhafte Nutzdaten festgestellt.,C'è stato un carico utile non corretto durante l'invio della tua segnalazione.,it-IT
Beitreten,Entra,it-IT
Beitritt anfragen,Chiedi di entrare,it-IT
Beitrittsanfrage wurde an %s gesendet,Hai chiesto di entrare nel mondo di %s,it-IT
Beitrittseinladung an %s ist abgelaufen.,L'invito a entrare nel mondo inviato a %s è scaduto,it-IT
Bekleyen arkadaşlık isteği yok,Nessuna richiesta in sospeso,it-IT
Bekleyin...,Attendi...,it-IT
"Beleidigende Sprache, die in gezielt verletzender Weise verwendet wurde",Linguaggio offensivo usato in maniera diretta e dannosa,it-IT
Belästigung oder Mobbing,Molestie o bullismo,it-IT
Benutzerdefinierte Optionen,Opzioni personalizzate,it-IT
Benutzerdefinierte Optionen …,Opzioni personalizzate...,it-IT
Benutzerdefiniertes Menü abgelehnt,Schermata personalizzata rifiutata,it-IT
Berichtsverzeichnis öffnen,Apri la cartella dei rapporti,it-IT
Beschreibung:,Descrizione:,it-IT
Bestätigung,Conferma,it-IT
Betrügerische Aneignung oder Verwertung von Inhalten,Acquisizione o uso fraudolento di contenuti,it-IT
Bienen: %s/%s,Api: %s/%s,it-IT
Bildir,Segnala,it-IT
Bildiri Dizinini Aç,Apri la cartella dei rapporti,it-IT
Bildiri Kategorisi Seç,Seleziona una categoria per la segnalazione,it-IT
Bildiri Kategorisini Seç,Seleziona una categoria per la segnalazione,it-IT
Bildiri ve Yorumlar İptal Edilsin Mi?,Annullare la segnalazione e i commenti?,it-IT
Bildirildi,Segnalazione inviata,it-IT
Bildirilecek Sohbet İletilerini Seç,Seleziona i messaggi in chat da segnalare,it-IT
Bildirilecek Sohbet İletilerini Seçin,Seleziona i messaggi in chat da segnalare,it-IT
Bildiriliyor...,Invio della segnalazione...,it-IT
Bildiriniz gönderilirken beklenmeyen bir hata ile karşılaşıldı.,C'è stato un errore imprevisto durante l'invio della tua segnalazione.,it-IT
"Bildirinizi başarıyla aldık. Teşekkürler!

Ekibimiz en kısa sürede bildirinizi inceleyecek.","Abbiamo ricevuto la tua segnalazione. Grazie!

Il nostro team la revisionerà il prima possibile.",it-IT
Bildiriyi Gönder,Invia segnalazione,it-IT
Bildirme Hakkında Bilgi Edinin,Scopri di più sulle segnalazioni,it-IT
Bildirme hizmetine erişilemiyor,Il servizio di segnalazioni non è disponibile,it-IT
Bildirme Kategorisi Seçin,Seleziona una categoria per la segnalazione,it-IT
"Bildirme sırasında bir hatayla karşılaşıldı:
'%s'","Si è verificato un errore durante l'invio della tua segnalazione:
«%s»",it-IT
Bildirmek için en az bir sohbet iletisi seçin,Seleziona almeno un messaggio in chat da segnalare,it-IT
Bilinmeyen tarif: %s,Ricetta sconosciuta: %s,it-IT
Bir kopyanın kopyası,Copia di una copia,it-IT
"Bir sorun var — bu özellikte bir sorun var, yani arkadaşlarınızda değil!

Lütfen daha sonra tekrar deneyin.","Qualcosa non va... con questa funzionalità, mica coi tuoi amici!

Riprova più tardi",it-IT
Birisi başkalarını uyuşturucuyla ilgili yasadışı faaliyetlere katılmaya veya reşit olmadan alkol kullanımına teşvik ediyor.,Qualcuno sta incoraggiando gli altri a partecipare ad attività illegali legate alla droga o all'alcolismo minorile.,it-IT
"Birisi gerçek hayatta kendine zarar vermekle tehdit ediyor, veya kendine zarar vermek hakkında konuşuyor.",Qualcuno sta minacciando di farsi del male nella vita reale o sta menzionando il farsi del male nella vita reale.,it-IT
Birisi gerçek hayatta size veya başkasına zarar vermekle tehdit ediyor.,Qualcuno sta minacciando di fare del male a te o qualcun altro nella vita reale.,it-IT
"Birisi siyasi, dini, ideolojik veya başka nedenlerle terör veya şiddet içeren aşırılık eylemlerinden bahsediyor, teşvik ediyor veya tehdit ediyor.","Qualcuno sta menzionando, promuovendo o minacciando di commettere atti di terrorismo o estremismo violento per motivi politici, religiosi, ideologici o di altro tipo.",it-IT
"Birisi size veya başka bir oyuncuya din, ırk veya cinsellik gibi özelliklerine göre saldırıyor.","Qualcuno sta aggredendo te o un altro giocatore sulla base di caratteristiche della propria identità, come religione, etnia od orientamento sessuale.",it-IT
"Birisi sizi veya bir başkasını utandırıyor, saldırıyor veya zorbalık ediyor. Bu, birisinin rızası olmadan sizinle veya bir başkasıyla tekrar tekrar iletişim kurmaya çalıştığı veya sizin veya bir başkası hakkında rızası olmadan özel kişisel bilgiler yayınladığı zamanları içerir (""doxing"").","Qualcuno sta umiliando, aggredendo o bullizzando te o qualcun altro. Ciò comprende quando qualcuno tenta ripetutamente di contattare te o qualcun altro senza permesso o condivide informazioni personali private su di te o qualcun altro senza permesso.",it-IT
"Birisi sizin veya başkasının itibarına zarar veriyor, örnek olarak diğerlerini yanlış yönlendirmek veya kötüye kullanma amacıyla sahte bilgi paylaşıyor.","Qualcuno sta danneggiando la reputazione tua o di qualcun altro, per esempio condividendo informazioni false con lo scopo di sfruttare o ingannare gli altri.",it-IT
Birisi çocuklarla alakalı uygunsuz davranışlar hakkında konuşuyor veya teşvik ediyor.,Qualcuno sta menzionando o promuovendo comportamenti indecenti con minori.,it-IT
"Birisi özel ve mahrem görüntüler hakkında konuşuyor, paylaşıyor veya teşvik ediyor.","Qualcuno sta menzionando, condividendo o promuovendo immagini private e intime.",it-IT
"Bist du sicher, dass du das Spiel verlassen möchtest?",Vuoi davvero abbandonare?,it-IT
"Bist du sicher, dass du die folgende Webseite öffnen möchtest?",Vuoi davvero aprire questo sito?,it-IT
"Bist du sicher, dass du diesen Spieler aus deiner Freundesliste entfernen möchtest?",Vuoi davvero rimuovere questo giocatore dalla tua lista amici?,it-IT
Bitte kürze die Anmerkung.,Abbrevia il commento,it-IT
"Bitte lies die obige Aussage und hake das Kontrollkästchen ab, um die Meldung absenden zu können.",Si prega di leggere il testo sopra e selezionare la casella di controllo per poter inviare la segnalazione,it-IT
"Bitte schildere, was vorgefallen ist:",Descrivi quello che è successo:,it-IT
"Bitte schildere, weshalb du diesen Profilnamen melden möchtest:",Descrivi perché vuoi segnalare questo nome:,it-IT
Bitte wähle eine Meldekategorie.,Seleziona una categoria di segnalazione,it-IT
Bitte wähle mindestens eine zu meldende Chatnachricht aus.,Seleziona almeno un messaggio in chat da segnalare,it-IT
Bitti,Fatto,it-IT
Blast Furnace,Forno fusorio,it-IT
Blocked,Bloccati,it-IT
Blocked - Offline,Bloccato/a — Non in linea,it-IT
Blockiert,Bloccati,it-IT
Blockiert – Offline,Bloccato/a — Non in linea,it-IT
Bloqueado,Bloccati,it-IT
Bloqueado (sin conexión),Bloccato/a — Non in linea,it-IT
Bloqueado — Offline,Bloccato/a — Non in linea,it-IT
Bloqueados,Bloccati,it-IT
Bloqué(e),Bloccati,it-IT
Bloqué(e) - Hors ligne,Bloccato/a — Non in linea,it-IT
Bloqués,Bloccati,it-IT
Book Edit Screen,Finestra di modifica del libro,it-IT
Book Sign Screen,Finestra della firma del libro,it-IT
Book View Screen,Finestra di lettura del libro,it-IT
Bordas de chunks: Ocultas,Confini dei chunk nascosti,it-IT
Bordas de chunks: Visíveis,Confini dei chunk visibili,it-IT
Bordes de chunks: mostrar,Confini dei chunk visibili,it-IT
Bordes de chunks: ocultar,Confini dei chunk nascosti,it-IT
Bordures de chunk : masquées,Confini dei chunk nascosti,it-IT
Bordures de chunk : visibles,Confini dei chunk visibili,it-IT
Botão %s,Pulsante %s,it-IT
Botão deslizante de %s,Regolatore %s,it-IT
Botón de %s,Pulsante %s,it-IT
Bouton %s,Pulsante %s,it-IT
Boîte de Shulker,Scatola di shulker,it-IT
Boîtes de collision : masquées,Zone di collisione nascoste,it-IT
Boîtes de collision : visibles,Zone di collisione visibili,it-IT
Braustand,Alambicco,it-IT
Brewing Stand,Alambicco,it-IT
Bu ada sahip hiçbir oyuncu bulunamadı,Impossibile trovare questo giocatore,it-IT
Bu arkadaşlık isteği gönderme işlemi başarısız oldu. Bunun nedeni hesabın gizlilik ayarları olabilir.,Azione non riuscita. Potrebbe dipendere dalle impostazioni di riservatezza del giocatore,it-IT
Bu bağlantıyı açmak veya panoya kopyalamak istiyor musunuz?,Vuoi aprire questo collegamento o copiarlo negli appunti?,it-IT
Bu bildiriyi göndererek sağladığınız bilgilerin bildiğiniz kadarıyla doğru ve eksiksiz olduğunu onaylamış olursunuz.,"Inviando questa segnalazione, confermi che le informazioni che hai fornito sono accurate e complete al meglio delle tue conoscenze.",it-IT
Bu bir özel ekran. Daha fazla öğren.,Questa è una schermata personalizzata. Scopri di più.,it-IT
Bu dünya artık yerel ağa açık. Port numarası %s,Mondo aperto in rete locale con numero di porta %s,it-IT
Bu dünya artık Çevrim İçi çok oyunculuya açık.,Mondo aperto al multigiocatore in rete,it-IT
Bu dünya artık çok oyunculuya açık değil,Mondo non più aperto al multigiocatore,it-IT
Bu dünyada bildirilebilecek oyuncu yok,Nessun giocatore segnalabile,it-IT
Bu ekranı bir daha gösterme,Non mostrare più questa schermata,it-IT
"Bu ekranın içerikleri Mojang Studios veya Microsoft tarafından sahip olunmayan, gözetilmeyen ve yürütülmeyen üçüncü taraf sunucular veya haritalar tarafından kontrol edilmektedir.

Bağlantılara tıklarken dikkatli olun ve kişisel verilerinizi, giriş detaylarınız dâhil, asla vermeyin.

Eğer bu ekran oynamanızı engelliyorsa aşağıdaki düğme ile sunucudan bağlantınızı kesebilirsiniz.","I contenuti di questa schermata sono controllati da server e mappe di terze parti che non sono posseduti, gestiti o supervisionati da Mojang Studios o Microsoft.

Usare con cautela! Fa' sempre attenzione nel seguire i collegamenti e non fornire mai dati personali, inclusi i dettagli di accesso.

Se questa schermata t'impedisce di giocare, puoi disconnetterti dal server usando il pulsante qui sotto.",it-IT
Bu gece boyunca uyunuyor,La notte sta passando...,it-IT
Bu internet sitesini açmak istediğinizden emin misiniz?,Vuoi davvero aprire questo sito?,it-IT
Bu kullanıcı bildirilemez çünkü bu sunucudaki sohbet iletileri doğrulanamıyor,Questo giocatore non può essere segnalato perché i suoi messaggi in chat non possono essere verificati in questo server,it-IT
Bu oyuncu sohbet dever dışı olduğu veya engellendiği için bildirilemez,Questo giocatore non può essere segnalato perché la chat è disattivata o bloccata,it-IT
Bu oyuncuyu Arkadaş Listesinden kaldırmak istediğinizden emin misiniz?,Vuoi davvero rimuovere questo giocatore dalla tua lista amici?,it-IT
Bu profil adına sahip bir oyuncu yok,Non esiste un giocatore con questo nome utente,it-IT
"Bu seçenekler sadece test amaçlıdır. Bilgisayarınızı yavaşlatabilir, oyununuzu çökertebilir veya evcil taşınızı mideye indirebilirler.","Queste opzioni sono disponibili a scopo di collaudo. Potrebbero rallentare il tuo computer, far arrestare il gioco o rubarti la merenda appena ti distrai.",it-IT
Bu seçimi çevreleyen iletiler ek bağlam sağlamak için dahil edilecektir,I messaggi adiacenti verranno inclusi per fornire del contesto aggiuntivo,it-IT
Bu sohbet iletisi sunucu tarafından silinmiştir.,Questo messaggio in chat è stato eliminato dal server.,it-IT
Bu özel bir ekran. Daha fazla bilgi için tıklayın.,Questa è una schermata personalizzata. Clicca qui per saperne di più.,it-IT
Buch nehmen,Prendi il libro,it-IT
Buchansichtsfenster,Finestra di lettura del libro,it-IT
Buchbearbeitungsfenster,Finestra di modifica del libro,it-IT
Buchsignierfenster,Finestra della firma del libro,it-IT
Buchtitel eingeben:,Titolo del libro:,it-IT
Bunu bildirme sebebiniz nedir?,Perché stai segnalando ciò?,it-IT
Burada bir şey varmış gibi görünmüyor...,Sembra non esserci nulla qua...,it-IT
Buscar...,Cerca...,it-IT
by %1$s,Di %1$s,it-IT
"By submitting this report, you confirm that the information you have provided is accurate and complete to the best of your knowledge.","Inviando questa segnalazione, confermi che le informazioni che hai fornito sono accurate e complete al meglio delle tue conoscenze.",it-IT
Bàn vẽ bản đồ,Cartografia,it-IT
Báo cáo,Segnala,it-IT
Báo cáo ng.chơi,Segnala giocatore,it-IT
Báo cáo người chơi,Segnala giocatore,it-IT
Báo cáo người chơi %s,Segnala %s,it-IT
Báo cáo sai,Falsa segnalazione,it-IT
Báo cáo skin người chơi,Segnala skin del giocatore,it-IT
Báo cáo tin nhắn người chơi,Segnala messaggi in chat del giocatore,it-IT
Báo cáo tên người chơi không phù hợp,Segnala nome inappropriato del giocatore,it-IT
Báo cáo đến máy chủ,Segnala al server,it-IT
Báo lỗi,Segnala errori,it-IT
Bóc lột hoặc lạm dụng tình dục trẻ em,Sfruttamento o abuso sessuale di minori,it-IT
Büyü Maliyeti: %1$s,Costo: %1$s,it-IT
Büyüleme,Incanta,it-IT
Bırakıcı,Gettatore,it-IT
Bạn bè,Amici,it-IT
Bạn bè %s,Amico %s,it-IT
"Bạn bè mà bạn thêm vào sẽ được liệt kê ở đây.

Quản lí an toàn trực tuyến với %s của bạn.","Gli amici appariranno qua

Gestisci la sicurezza in rete con l'%s",it-IT
Bạn bè trực tuyến có thể tham gia.,I giocatori nella tua lista amici possono entrare nel mondo.,it-IT
Bạn có muốn mở liên kết này hay sao chép nó vào khay nhớ tạm?,Vuoi aprire questo collegamento o copiarlo negli appunti?,it-IT
Bạn có muốn tiếp tục chỉnh sửa báo cáo hiện hành hay là huỷ bỏ nó và tạo báo cáo mới?,Vuoi continuare a modificare la segnalazione in corso o annullarla e crearne una nuova?,it-IT
Bạn có muốn tiếp tục chỉnh sửa hay là huỷ bỏ nó?,Vuoi continuare a modificarla o annullarla?,it-IT
Bạn có một bản nháp của báo cáo trò chuyện sẽ bị mất nếu bạn thoát,Hai una bozza di segnalazione che andrà persa se abbandoni,it-IT
Bạn hiện đã là bạn với %s,Hai stretto amicizia con %s,it-IT
Bạn không thể gửi yêu cầu kết bạn cho chính mình,Non puoi inviarti una richiesta d'amicizia,it-IT
Bạn phải thay đổi tên của mình trước khi bạn có thể chơi trực tuyến,Devi cambiare il nome prima di poter giocare in rete,it-IT
Bạn vẫn chắc chắn muốn loại bỏ người chơi này khỏi danh sách bạn bè của bạn chứ?,Vuoi davvero rimuovere questo giocatore dalla tua lista amici?,it-IT
Bạn vẫn chắc chắn muốn mở trang mạng sau chứ?,Vuoi davvero aprire questo sito?,it-IT
Bạn vẫn chắc chắn muốn thoát chứ?,Vuoi davvero abbandonare?,it-IT
"Bạn đang báo cáo ""%s"".",Stai segnalando «%s».,it-IT
Bạn đang thực hiện hành động trong danh sách bạn bè quá nhanh. Hãy đợi một lúc và thử lại.,Stai gestendo la lista amici troppo velocemente. Attendi qualche secondo e riprova,it-IT
Bạn đã chết!,Sei morto/a!,it-IT
Bạn đã gửi một yêu cầu kết bạn đến %s rồi,Hai già inviato una richiesta d'amicizia a %s,it-IT
Bạn đã nhận %s yêu cầu kết bạn,Hai ricevuto %s richieste d'amicizia,it-IT
"Bạn đã quan sát hành vi xấu ở đâu?
Điều này sẽ giúp chúng tôi trong việc nghiên cứu trường hợp của bạn.","Dove hai notato un comportamento scorretto?
Saperlo ci aiuterà ad analizzare il caso.",it-IT
Bạn đã yêu cầu tham gia thế giới của %s,Hai chiesto di entrare nel mondo di %s,it-IT
Bản gốc,Originale,it-IT
Bản sao của bản gốc,Copia dell'originale,it-IT
Bản sao của bản sao,Copia di una copia,it-IT
Bậc thầy,Mastro,it-IT
Bị chặn,Bloccati,it-IT
bởi %1$s,Di %1$s,it-IT
Bục để sách,Leggio,it-IT
Caixa de edição de %s: %s,Casella di testo %s: %s,it-IT
Caixa de Shulker,Scatola di shulker,it-IT
Caixas de colisão: Ocultas,Zone di collisione nascoste,it-IT
Caixas de colisão: Visíveis,Zone di collisione visibili,it-IT
Caja de shulker,Scatola di shulker,it-IT
Cajas de colisiones: mostrar,Zone di collisione visibili,it-IT
Cajas de colisiones: ocultar,Zone di collisione nascoste,it-IT
Cancel,Annulla,it-IT
Cancel request,Annulla richiesta,it-IT
Cancelar,Annulla,it-IT
Cancelar pedido,Annulla richiesta,it-IT
Cancelar solicitud,Annulla richiesta,it-IT
Cannot send chat message,Impossibile inviare il messaggio in chat,it-IT
Cargando lista de amigos...,Caricamento della lista amici...,it-IT
Cargando Minecraft,Caricamento di Minecraft...,it-IT
Cargando solicitudes...,Caricamento delle richieste...,it-IT
Carregando lista de amigos...,Caricamento della lista amici...,it-IT
Carregando o Minecraft,Caricamento di Minecraft...,it-IT
Carregando pedidos...,Caricamento delle richieste...,it-IT
Cartography Table,Cartografia,it-IT
Ce joueur m'énerve ou a fait quelque chose que je n'aime pas.,Questo giocatore m'infastidisce o ha fatto qualcosa che non mi piace.,it-IT
Ce joueur ne peut pas être signalé car le tchat est désactivé ou bloqué,Questo giocatore non può essere segnalato perché la chat è disattivata o bloccata,it-IT
Ce joueur ne peut pas être signalé car ses messages dans le tchat ne peuvent pas être vérifiés sur ce serveur,Questo giocatore non può essere segnalato perché i suoi messaggi in chat non possono essere verificati in questo server,it-IT
"Ce joueur porte un skin explicite relatif aux actes sexuels, aux organes sexuels ou à la violence sexuelle.","Skin esplicite con riferimenti ad atti sessuali, organi sessuali o violenza sessuale.",it-IT
Ce message a été supprimé par le serveur.,Questo messaggio in chat è stato eliminato dal server.,it-IT
Ce monde est maintenant ouvert au multijoueur en ligne.,Mondo aperto al multigiocatore in rete,it-IT
Ce monde est maintenant ouvert au réseau local. Le numéro de port est %s,Mondo aperto in rete locale con numero di porta %s,it-IT
Ce monde n'est plus ouvert au multijoueur,Mondo non più aperto al multigiocatore,it-IT
Ceci est un écran personnalisé. Cliquez ici pour en savoir plus.,Questa è una schermata personalizzata. Clicca qui per saperne di più.,it-IT
Ceci est un écran personnalisé. En savoir plus.,Questa è una schermata personalizzata. Scopri di più.,it-IT
Cerrar menú,Chiudi il menù,it-IT
Cerrar Minecraft,Esci dal gioco,it-IT
"Ces paramètres ne sont proposés qu'à des fins de test. Ils sont susceptibles de ralentir votre ordinateur, faire planter le jeu ou voler votre goûter.","Queste opzioni sono disponibili a scopo di collaudo. Potrebbero rallentare il tuo computer, far arrestare il gioco o rubarti la merenda appena ti distrai.",it-IT
Cet objet ne peut pas être amélioré de cette façon,L'oggetto non può essere migliorato in questo modo,it-IT
Challenge Complete!,Impresa completata!,it-IT
Champ de saisie %s : %s,Casella di testo %s: %s,it-IT
"Changes to Xbox settings may take some time to apply.

If they don't update, restart the game.","La modifica delle impostazioni di Xbox potrebbe richiedere del tempo.

Riavvia il gioco per forzare l'aggiornamento.",it-IT
Chargement de la liste d'amis...,Caricamento della lista amici...,it-IT
Chargement de Minecraft,Caricamento di Minecraft...,it-IT
Chargement des demandes...,Caricamento delle richieste...,it-IT
Chat,chat,it-IT
Chat desactivado en las opciones del cliente.,Chat disattivata nelle opzioni del client.,it-IT
Chat desactivado en las opciones del lanzador. No se puede mandar el mensaje.,Chat disattivata nelle opzioni del launcher. Impossibile inviare il messaggio.,it-IT
Chat desativado devido à ausência da chave pública do perfil. Tente reconectar.,Chat disattivata a causa della crittografia asimmetrica del profilo mancante. Prova a riconnetterti.,it-IT
Chat desativado devido à corrente de mensagens corrompida. Tente reconectar.,Chat disattivata a causa di una catena spezzata. Prova a riconnetterti.,it-IT
Chat desativado devido à expiração da chave pública do perfil. Tente reconectar.,Chat disattivata a causa della crittografia asimmetrica del profilo scaduta. Prova a riconnetterti.,it-IT
"Chat desativado nas configurações da conta. Pressione ""%s"" novamente para saber mais.",Chat disattivata nelle impostazioni dell'account. Premi di nuovo «%s» per ulteriori informazioni.,it-IT
Chat desativado nas configurações da conta. Você não pode enviar ou ler mensagens.,Chat disattivata nelle impostazioni dell'account. Impossibile mandare o leggere i messaggi.,it-IT
Chat desativado nas opções do cliente.,Chat disattivata nelle opzioni del client.,it-IT
Chat desativado nas opções do Launcher. Você não pode enviar mensagens.,Chat disattivata nelle opzioni del launcher. Impossibile inviare il messaggio.,it-IT
Chat disabled by launcher option. Cannot send message.,Chat disattivata nelle opzioni del launcher. Impossibile inviare il messaggio.,it-IT
Chat disabled due to broken chain. Please try reconnecting.,Chat disattivata a causa di una catena spezzata. Prova a riconnetterti.,it-IT
Chat disabled due to expired profile public key. Please try reconnecting.,Chat disattivata a causa della crittografia asimmetrica del profilo scaduta. Prova a riconnetterti.,it-IT
Chat disabled due to missing profile public key. Please try reconnecting.,Chat disattivata a causa della crittografia asimmetrica del profilo mancante. Prova a riconnetterti.,it-IT
Chat disabled in client options.,Chat disattivata nelle opzioni del client.,it-IT
Chat had an invalid signature. Please try reconnecting.,Firma della chat non valida. Prova a riconnetterti.,it-IT
Chat is not allowed by account settings. Cannot send or view messages.,Chat disattivata nelle impostazioni dell'account. Impossibile mandare o leggere i messaggi.,it-IT
Chat is not allowed by account settings. Press '%s' again for more information.,Chat disattivata nelle impostazioni dell'account. Premi di nuovo «%s» per ulteriori informazioni.,it-IT
Chat is restricted. Click this message for details.,La chat è limitata. Clicca su questo messaggio per più dettagli.,it-IT
Chat is restricted. Go to the Restrictions screen in World Options.,La chat è limitata. Vai alla finestra delle limitazioni nelle opzioni del mondo.,it-IT
Chat Messages,Messaggi in chat,it-IT
Chat messages from %s will be hidden,I messaggi in chat di %s verranno nascosti,it-IT
Chat messages from %s will be shown,I messaggi in chat di %s verranno mostrati,it-IT
Chat no permitido por los ajustes de la cuenta. No se pueden ver ni mandar mensajes.,Chat disattivata nelle impostazioni dell'account. Impossibile mandare o leggere i messaggi.,it-IT
Chat no permitido por los ajustes de la cuenta. Pulsa «%s» otra vez para más información.,Chat disattivata nelle impostazioni dell'account. Premi di nuovo «%s» per ulteriori informazioni.,it-IT
Chat received out-of-order. Did your system time change?,Pacchetti chat non funzionanti. L'orario del tuo computer è stato modificato?,it-IT
Chat restrito. Acesse o menu de Restrições nas opções do mundo.,La chat è limitata. Vai alla finestra delle limitazioni nelle opzioni del mondo.,it-IT
Chat restrito. Clique nesta mensagem para saber mais.,La chat è limitata. Clicca su questo messaggio per più dettagli.,it-IT
Chat screen,Schermata della chat,it-IT
Chat validation error,Errore di convalida della chat,it-IT
Chatfenster,Schermata della chat,it-IT
Chatnachricht kann nicht gesendet werden,Impossibile inviare il messaggio in chat,it-IT
Chatnachrichten,Messaggi in chat,it-IT
Chatnachrichten von %s werden angezeigt,I messaggi in chat di %s verranno mostrati,it-IT
Chatnachrichten von %s werden ausgeblendet,I messaggi in chat di %s verranno nascosti,it-IT
Chatverhalten des Spielers melden,Segnala messaggi in chat del giocatore,it-IT
Chatüberprüfungsfehler,Errore di convalida della chat,it-IT
Check your recipe book,Controlla il ricettario,it-IT
Chest,Baule,it-IT
Chi phí phù phép: %1$s,Costo: %1$s,it-IT
Chia sẻ chi tiết sẽ giúp chúng tôi đưa ra quyết định rõ ràng hơn.,Condividere i dettagli ci aiuterà a compiere una decisione ben informata.,it-IT
Child sexual exploitation or abuse,Sfruttamento o abuso sessuale di minori,it-IT
Chunk bei %s konnte nicht geladen werden,Caricamento del chunk in %s non riuscito,it-IT
Chunk bei %s konnte nicht gespeichert werden,Salvataggio del chunk in %s non riuscito,it-IT
Chunk borders: hidden,Confini dei chunk nascosti,it-IT
Chunk borders: shown,Confini dei chunk visibili,it-IT
Chunks werden gespeichert,Salvataggio dei chunk...,it-IT
Chunk‐Grenzen: sichtbar,Confini dei chunk visibili,it-IT
Chunk‐Grenzen: unsichtbar,Confini dei chunk nascosti,it-IT
Chuyên gia,Esperto,it-IT
Chú giải công cụ nâng cao: đã hiển thị,Descrizioni avanzate visibili,it-IT
Chú giải công cụ nâng cao: đã ẩn đi,Descrizioni avanzate nascoste,it-IT
"Chúng tôi đã nhận được báo cáo. Cảm ơn bạn!

Nhóm của chúng tôi sẽ xem xét nó trong thời gian sớm nhất.","Abbiamo ricevuto la tua segnalazione. Grazie!

Il nostro team la revisionerà il prima possibile.",it-IT
Chơi mạng,Multigiocatore,it-IT
Chơi mạng (LAN),Multigiocatore (rete locale),it-IT
Chơi mạng (Máy chủ bên thứ 3),Multigiocatore (server di terze parti),it-IT
Chơi mạng (Realm),Multigiocatore (Realms),it-IT
Chơi mạng (Trực tuyến),Multigiocatore (in rete),it-IT
Chơi mạng đã bị tắt. Hãy kiểm tra cài đặt tài khoản Microsoft của bạn.,La modalità multigiocatore è disattivata. Controlla le impostazioni del tuo account Microsoft.,it-IT
Chơi thế giới chơi thử,Gioca nel mondo di prova,it-IT
Chơi đơn,Giocatore singolo,it-IT
Chấp nhận,Accetta,it-IT
Chất cấm hoặc rượu bia,Droghe o alcolici,it-IT
Chế tạo,Fabbricazione,it-IT
Chỉ F3,Con F3,it-IT
Chỉnh sửa bản nháp của báo cáo trò chuyện chứ?,Modificare la bozza della segnalazione?,it-IT
Chỉnh sửa thông điệp trên tấm biển,Messaggio del cartello:,it-IT
Chỉnh sửa thông điệp trên tấm biển treo,Messaggio dell'insegna:,it-IT
Chọn danh mục báo cáo,Seleziona una categoria per la segnalazione,it-IT
Chọn một người chơi để dịch chuyển đến,Scegli un giocatore presso cui teletrasportarti,it-IT
Chọn một đội để dịch chuyển đến,Scegli una squadra presso cui teletrasportarti,it-IT
Chọn tin nhắn trò chuyện để báo cáo,Seleziona i messaggi in chat da segnalare,it-IT
Chủ đề hoặc nội dung có tính chất tình dục,Argomenti o contenuti di natura sessuale,it-IT
Cima,Su,it-IT
Cinsel açıdan uygunsuz,Contenuti sessuali non appropriati,it-IT
Cinsel nitelikteki konular veya içerik,Argomenti o contenuti di natura sessuale,it-IT
Clic droit pour plus,Tasto destro per altre ricette,it-IT
Click actions are disabled for this sign,Non puoi interagire con questo cartello,it-IT
Click to Copy to Clipboard,Clicca per copiare negli appunti,it-IT
Click to disable slot,Clicca per disattivare la casella,it-IT
Click to display next message,Clicca per mostrare il prossimo messaggio,it-IT
Click to teleport,Clicca per teletrasportarti,it-IT
Client version info:,Informazioni sulla versione del client:,it-IT
Clientseitige Blockdaten in die Zwischenablage kopiert,Dati blocco (lato client) copiati negli appunti,it-IT
Clientseitige Objektdaten in die Zwischenablage kopiert,Dati entità (lato client) copiati negli appunti,it-IT
Clientseitige Versionsinformationen:,Informazioni sulla versione del client:,it-IT
Clique com o botão direito para ver mais,Tasto destro per altre ricette,it-IT
Clique para copiar para a área de transferência,Clicca per copiare negli appunti,it-IT
Clique para desativar o espaço,Clicca per disattivare la casella,it-IT
Clique para mostrar a próxima mensagem,Clicca per mostrare il prossimo messaggio,it-IT
Clique para se teletransportar,Clicca per teletrasportarti,it-IT
Cliquez pour afficher le prochain message,Clicca per mostrare il prossimo messaggio,it-IT
Cliquez pour copier dans le presse-papiers,Clicca per copiare negli appunti,it-IT
Cliquez pour désactiver la case,Clicca per disattivare la casella,it-IT
Cliquez pour vous y téléporter,Clicca per teletrasportarti,it-IT
Close Menu,Chiudi il menù,it-IT
Code : %s,Codice: %s,it-IT
Code : %s - %s,Codice: %s — %s,it-IT
Code: %s,Codice: %s,it-IT
Code: %s - %s,Codice: %s — %s,it-IT
Code: %s – %s,Codice: %s — %s,it-IT
Coffre,Baule,it-IT
Coffre de l'Ender,Baule di ender,it-IT
Cofre,Baule,it-IT
Cofre de ender,Baule di ender,it-IT
Cofre grande,Baule grande,it-IT
Comentarios,Commenti,it-IT
Comentários,Commenti,it-IT
Comercios,Scambi,it-IT
Commentaires,Commenti,it-IT
Commentaires,Riscontro,it-IT
Commentaires...,Riscontro...,it-IT
Comments,Commenti,it-IT
Compagnon,Qualificato,it-IT
Compte banni définitivement,Account permanentemente bannato,it-IT
compte Microsoft,account Microsoft,it-IT
Compte temporairement suspendu,Account temporaneamente sospeso,it-IT
Concluído,Fatto,it-IT
Confirm,Conferma,it-IT
Confirmar,Conferma,it-IT
Confirmation,Conferma,it-IT
Consultez le journal pour plus de détails,Controlla il registro per ulteriori dettagli,it-IT
Conta banida permanentemente,Account permanentemente bannato,it-IT
conta Microsoft,account Microsoft,it-IT
Conta suspensa temporariamente,Account temporaneamente sospeso,it-IT
Conteúdo corrompido encontrado ao enviar a denúncia.,C'è stato un carico utile non corretto durante l'invio della tua segnalazione.,it-IT
Continuar,Continua,it-IT
Continuar editando,Continua a modificare,it-IT
Continue,Continua,it-IT
Continue Editing,Continua a modificare,it-IT
Continuer,Continua,it-IT
Continuer à modifier,Continua a modificare,it-IT
Conversar com a equipe,Scrivi alla squadra,it-IT
Convidar,Invita,it-IT
Copia de una copia,Copia di una copia,it-IT
Copia del original,Copia dell'originale,it-IT
Copiar,Copia negli appunti,it-IT
Copiar al portapapeles,Copia negli appunti,it-IT
Copiar enlace,Copia negli appunti,it-IT
Copiar enlace al portapapeles,Copia negli appunti,it-IT
Copiar link,Copia negli appunti,it-IT
Copiar nombre de perfil %s al portapapeles,Copia il nome utente «%s» negli appunti,it-IT
Copiar o nome de perfil de %s para a área de transferência,Copia il nome utente «%s» negli appunti,it-IT
Copiar para a área de transferência,Copia negli appunti,it-IT
Copie d'une copie,Copia di una copia,it-IT
Copie de l'original,Copia dell'originale,it-IT
Copied client-side block data to clipboard,Dati blocco (lato client) copiati negli appunti,it-IT
Copied client-side entity data to clipboard,Dati entità (lato client) copiati negli appunti,it-IT
Copied location to clipboard,Posizione copiata negli appunti,it-IT
Copied server-side block data to clipboard,Dati blocco (lato server) copiati negli appunti,it-IT
Copied server-side entity data to clipboard,Dati entità (lato server) copiati negli appunti,it-IT
Copier,Copia negli appunti,it-IT
Copier le lien,Copia negli appunti,it-IT
Copier le nom de profil %s dans le presse-papiers,Copia il nome utente «%s» negli appunti,it-IT
Copy Link to Clipboard,Copia negli appunti,it-IT
Copy of a copy,Copia di una copia,it-IT
Copy of original,Copia dell'originale,it-IT
Copy profile name %s to clipboard,Copia il nome utente «%s» negli appunti,it-IT
Copy to Clipboard,Copia negli appunti,it-IT
Copyright Mojang AB. Do not distribute!,© Mojang AB. Vietata la distribuzione!,it-IT
Copyright Mojang AB. Ne pas distribuer !,© Mojang AB. Vietata la distribuzione!,it-IT
Copyright Mojang AB. Nicht verbreiten!,© Mojang AB. Vietata la distribuzione!,it-IT
Copyright Mojang AB. ¡No distribuir!,© Mojang AB. Vietata la distribuzione!,it-IT
Copyright Mojang AB. 配布禁止！,© Mojang AB. Vietata la distribuzione!,it-IT
Copyright Mojang AB. 재배포하지 마세요!,© Mojang AB. Vietata la distribuzione!,it-IT
Cortador de Pedras,Tagliapietre,it-IT
Cortapiedras,Tagliapietre,it-IT
Coste: %1$s,Costo: %1$s,it-IT
Couldn't find any players with that name,Impossibile trovare questo giocatore,it-IT
Coût : %1$s,Costo: %1$s,it-IT
Crafter,Fabbricatore,it-IT
Crafting,Fabbricazione,it-IT
Crashing in %s...,Arresto del gioco tra %s...,it-IT
Cuenta bloqueada permanentemente,Account permanentemente bannato,it-IT
Cuenta de Microsoft,account Microsoft,it-IT
Cuenta suspendida temporalmente,Account temporaneamente sospeso,it-IT
Cuissons réalisables,Cotture realizzabili,it-IT
Curseur %s,Regolatore %s,it-IT
Custo do encantamento: %1$s,Costo: %1$s,it-IT
Custom Options,Opzioni personalizzate,it-IT
Custom Options...,Opzioni personalizzate...,it-IT
Custom screen rejected,Schermata personalizzata rifiutata,it-IT
Cài đặt cho người chơi khác,Impostazioni per gli altri giocatori,it-IT
Cài đặt tài khoản không cho phép bạn trò chuyện. Nhấn '%s' một lần nữa để biết thêm thông tin.,Chat disattivata nelle impostazioni dell'account. Premi di nuovo «%s» per ulteriori informazioni.,it-IT
Cài đặt tài khoản không cho phép trò chuyện. Không thể gửi hoặc xem tin nhắn.,Chat disattivata nelle impostazioni dell'account. Impossibile mandare o leggere i messaggi.,it-IT
Có,Sì,it-IT
Có sự cố khi gửi báo cáo của bạn,Errore durante l'invio della segnalazione,it-IT
Có thể không lưu được thế giới.,Il salvataggio del mondo potrebbe fallire.,it-IT
Có ý định gây tổn hại ngoài đời thật cho người hoặc tài sản,Intento di causare danno nella vita reale a persone o beni,it-IT
Código: %s,Codice: %s,it-IT
Código: %s (%s),Codice: %s — %s,it-IT
Código: %s — %s,Codice: %s — %s,it-IT
Cópia de uma cópia,Copia di una copia,it-IT
Cópia do original,Copia dell'originale,it-IT
Công thức không rõ: %s,Ricetta sconosciuta: %s,it-IT
Cải thiện độ trong suốt: đã bật,Trasparenza migliorata attivata,it-IT
Cải thiện độ trong suốt: đã tắt,Trasparenza migliorata disattivata,it-IT
Cấp độ cần thiết: %s,Livelli necessari: %s,it-IT
Dados da entidade do cliente copiados,Dati entità (lato client) copiati negli appunti,it-IT
Dados da entidade do servidor copiados,Dati entità (lato server) copiati negli appunti,it-IT
Dados do bloco do cliente copiados,Dati blocco (lato client) copiati negli appunti,it-IT
Dados do bloco do servidor copiados,Dati blocco (lato server) copiati negli appunti,it-IT
Daha fazla ayrıntı için günlüğe bakın,Controlla il registro per ulteriori dettagli,it-IT
Dahası için Sağ Tıklayın,Tasto destro per altre ricette,it-IT
Danh sách bạn bè,Lista amici,it-IT
"Danh sách bạn bè đang không hoạt động ngay lúc này.

Hãy kiểm tra kết nối internet của bạn và thử lại.","La lista amici non è al momento disponibile

Controlla la connessione a Internet e riprova",it-IT
"Danh sách bạn bè đang không hoạt động ngay lúc này.

Hãy thử lại sau.","La lista amici non è al momento disponibile

Riprova più tardi",it-IT
Danos tu opinión,Invia riscontro,it-IT
Danos tu opinión,Riscontro,it-IT
Danos tu opinión...,Riscontro...,it-IT
Dans F3,Con F3,it-IT
Darstellung von anzüglichem oder pornografischem Material,Condivisione di materiali osceni o pornografici,it-IT
Darstellungen von exzessiver Gewalt oder blutigen Szenen aus dem wirklichen Leben,Raffigurazioni di scene reali eccessivamente violente o cruente,it-IT
"Das Ändern der Xbox‐Einstellungen kann einige Zeit dauern.

Sollten sie sich nicht aktualisieren, starte das Spiel neu.","La modifica delle impostazioni di Xbox potrebbe richiedere del tempo.

Riavvia il gioco per forzare l'aggiornamento.",it-IT
Davet Et,Invita,it-IT
Debes cambiar tu nombre de usuario antes de jugar en multijugador,Devi cambiare il nome prima di poter giocare in rete,it-IT
Debug Options,Opzioni diagnostiche,it-IT
Debug Renderers,Visualizzazioni diagnostiche,it-IT
Debug Screen Text,Informazioni diagnostiche,it-IT
"Debug‐Aufzeichnung wurde für %s Sekunden gestartet. Benutze %s + %s, um sie vorzeitig zu beenden",Profilatura di %s secondi avviata. Premi %s + %s per interromperla in anticipo,it-IT
"Debug‐Aufzeichnung wurde für %s Sekunden gestartet. Benutze F3 + L, um sie vorzeitig zu beenden",Profilatura di %s secondi avviata. Premi F3 + L per interromperla in anticipo,it-IT
Debug‐Optionen,Opzioni diagnostiche,it-IT
Debug‐Renderer,Visualizzazioni diagnostiche,it-IT
Decline,Rifiuta,it-IT
Defamation,Diffamazione,it-IT
Default profile,Profilo predefinito,it-IT
Defumador,Affumicatore,it-IT
Defumáveis,Affumicature realizzabili,it-IT
"Dein derzeitiger Profilname „%s“ verstößt gegen unsere Community‐Standards. Du kannst im Einzelspielermodus spielen, musst aber deinen Profilnamen ändern, um online spielen zu können.

Erfahre mehr unter dem folgenden Link oder reiche dort eine Einzelfallprüfung ein: %s","Il tuo nome attuale («%s») viola le norme della collettività. Puoi giocare in giocatore singolo, ma devi cambiare il nome per giocare in rete.

Scopri di più o richiedi una revisione del caso al collegamento seguente: %s",it-IT
"Dein derzeitiger Skin verstößt gegen unsere Community‐Standards. Du kannst mit einem Standard‐Skin weiterspielen oder einen neuen Skin auswählen.

Erfahre mehr unter dem folgenden Link oder reiche dort eine Einzelfallprüfung ein: %s","La tua skin attuale viola le norme della collettività. Puoi continuare a giocare con una skin predefinita oppure sceglierne una nuova.

Scopri di più o richiedi una revisione del caso al collegamento seguente: %s",it-IT
"Dein Konto ist dauerhaft gesperrt, was bedeutet, dass du weder online spielen noch Realms beitreten kannst.","Il tuo account è permanentemente bannato, quindi non puoi giocare in rete o entrare nei Realm.",it-IT
Dein Konto ist dauerhaft vom Online‐Spiel ausgeschlossen,Il tuo account è permanentemente sospeso dal gioco in rete,it-IT
Dein Konto ist vorübergehend gesperrt und wird in %s wieder aktiviert.,Il tuo account è temporaneamente sospeso e verrà riattivato tra %s.,it-IT
Dein Konto ist vorübergehend vom Online‐Spiel ausgeschlossen,Il tuo account è temporaneamente sospeso dal gioco in rete,it-IT
Deine Freundschaftsanfrage kann gerade nicht versendet werden,Impossibile inviare la richiesta d'amicizia al momento,it-IT
Deine Meldung wird gesendet …,Invio della segnalazione...,it-IT
Demande d'ami envoyée à %s,Hai inviato una richiesta d'amicizia a %s,it-IT
Demande d'ami envoyée à %s,Richiesta d'amicizia inviata a %s,it-IT
Demande d'ami reçue de %s,Richiesta d'amicizia in arrivo da %s,it-IT
Demander à rejoindre,Chiedi di entrare,it-IT
Demandes (%s),Richieste (%s),it-IT
Demirci Şablonu ekleyin,Inserisci uno schema di forgiatura,it-IT
Demowelt spielen,Gioca nel mondo di prova,it-IT
Demowelt zurücksetzen,Ripristina il mondo di prova,it-IT
Deneme Dünyasında Oyna,Gioca nel mondo di prova,it-IT
Deneme Dünyasını Sıfırla,Ripristina il mondo di prova,it-IT
Denuncia enviada,Segnalazione inviata,it-IT
Denuncia falsa,Falsa segnalazione,it-IT
Denunciar,Segnala,it-IT
Denunciar %s,Segnala %s,it-IT
Denunciar al jugador %s,Segnala %s,it-IT
Denunciar aspecto del jugador,Segnala skin del giocatore,it-IT
Denunciar jogador,Segnala giocatore,it-IT
Denunciar jugador,Segnala giocatore,it-IT
Denunciar mensagem do jogador,Segnala messaggi in chat del giocatore,it-IT
Denunciar mensaje de jugador,Segnala messaggi in chat del giocatore,it-IT
Denunciar nombre inapropiado,Segnala nome inappropriato del giocatore,it-IT
Denunciar nome inadequado,Segnala nome inappropriato del giocatore,it-IT
Denunciar skin do jogador,Segnala skin del giocatore,it-IT
Denúncia enviada,Segnalazione inviata,it-IT
Denúncia falsa,Falsa segnalazione,it-IT
Denúncias falsas excessivas ou imprecisas,Numero eccessivo di segnalazioni false o imprecise,it-IT
Depictions of real-life excessive violence or gore,Raffigurazioni di scene reali eccessivamente violente o cruente,it-IT
Der Befehl hatte unerwartete oder fehlende Befehlsargument‐Signaturen.,Firme degli argomenti del comando non previste o mancanti.,it-IT
Der Chat ist eingeschränkt. Klicke auf diese Nachricht für Einzelheiten.,La chat è limitata. Clicca su questo messaggio per più dettagli.,it-IT
Der Chat ist eingeschränkt. Öffne das Einschränkungenfenster in den Weltoptionen.,La chat è limitata. Vai alla finestra delle limitazioni nelle opzioni del mondo.,it-IT
"Der Chat wies eine ungültige Signatur auf. Bitte versuche, dich erneut zu verbinden.",Firma della chat non valida. Prova a riconnetterti.,it-IT
"Der Chat wird durch die Kontoeinstellungen nicht erlaubt. Drücke %s erneut, um weitere Informationen zu erhalten.",Chat disattivata nelle impostazioni dell'account. Premi di nuovo «%s» per ulteriori informazioni.,it-IT
Der Chat wird durch die Kontoeinstellungen nicht erlaubt. Nachrichten können nicht gesendet oder angezeigt werden.,Chat disattivata nelle impostazioni dell'account. Impossibile mandare o leggere i messaggi.,it-IT
"Der Chat wurde aufgrund einer unterbrochenen Kette deaktiviert. Bitte versuche, dich erneut zu verbinden.",Chat disattivata a causa di una catena spezzata. Prova a riconnetterti.,it-IT
"Der Chat wurde aufgrund eines abgelaufenen öffentlichen Profilschlüssels deaktiviert. Bitte versuche, dich erneut zu verbinden.",Chat disattivata a causa della crittografia asimmetrica del profilo scaduta. Prova a riconnetterti.,it-IT
"Der Chat wurde aufgrund eines fehlenden öffentlichen Profilschlüssels deaktiviert. Bitte versuche, dich erneut zu verbinden.",Chat disattivata a causa della crittografia asimmetrica del profilo mancante. Prova a riconnetterti.,it-IT
Der Chat wurde durch Launcher‐Einstellung deaktiviert. Nachricht kann nicht gesendet werden.,Chat disattivata nelle opzioni del launcher. Impossibile inviare il messaggio.,it-IT
Der Chat wurde in den Client‐Einstellungen deaktiviert.,Chat disattivata nelle opzioni del client.,it-IT
Der Chat wurde in falscher Reihenfolge empfangen. Hat sich deine Systemzeit geändert?,Pacchetti chat non funzionanti. L'orario del tuo computer è stato modificato?,it-IT
Der Dienst hinter der Freundesliste ist gerade nicht erreichbar. Bitte überprüfe deine Verbindung und versuche es später erneut.,Il servizio della lista amici non è al momento disponibile. Controlla la connessione o riprova più tardi,it-IT
"Der Dienst zur Meldung von Fehlverhalten kann nicht erreicht werden. Bitte stelle sicher, dass du mit dem Internet verbunden bist, und versuche es erneut.",Impossibile raggiungere il servizio di segnalazione abusi. Assicurati di essere connesso a Internet e riprova.,it-IT
Der Mehrspielermodus ist deaktiviert. Bitte überprüfe die Einstellungen deines Microsoft‐Kontos.,La modalità multigiocatore è disattivata. Controlla le impostazioni del tuo account Microsoft.,it-IT
Der Meldedienst ist nicht verfügbar.,Il servizio di segnalazioni non è disponibile,it-IT
Der Server hat deine Nachricht für einige Spieler versteckt.,Il server ha nascosto il tuo messaggio per alcuni giocatori.,it-IT
Der Server hat eine ungültige Nachricht gesendet.,Messaggio del server non valido.,it-IT
Desafio concluído!,Impresa completata!,it-IT
Descartar,Annulla,it-IT
Descartar denúncia e comentários?,Annullare la segnalazione e i commenti?,it-IT
Desconectar,Disconnettiti,it-IT
Desconectarse,Disconnettiti,it-IT
Descreva o ocorrido:,Descrivi quello che è successo:,it-IT
Descreva por que deseja denunciar esse nome:,Descrivi perché vuoi segnalare questo nome:,it-IT
Descripciones avanzadas: no,Descrizioni avanzate nascoste,it-IT
Descripciones avanzadas: sí,Descrizioni avanzate visibili,it-IT
Descripción:,Descrizione:,it-IT
Description :,Descrizione:,it-IT
Description:,Descrizione:,it-IT
Descrição de violência excessiva ou conteúdo sangrento na vida real,Raffigurazioni di scene reali eccessivamente violente o cruente,it-IT
Descrição:,Descrizione:,it-IT
Descrições avançadas: Ocultas,Descrizioni avanzate nascoste,it-IT
Descrições avançadas: Visíveis,Descrizioni avanzate visibili,it-IT
Descubre más sobre las denuncias,Scopri di più sulle segnalazioni,it-IT
Deseja abrir o link ou copiá-lo para sua área de transferência?,Vuoi aprire questo collegamento o copiarlo negli appunti?,it-IT
Deseja continuar editando a denúncia atual ou descartá-la e criar uma nova?,Vuoi continuare a modificare la segnalazione in corso o annullarla e crearne una nuova?,it-IT
Deseja continuar editando ou descartar?,Vuoi continuare a modificarla o annullarla?,it-IT
Deseja continuar editando ou descartá-la?,Vuoi continuare a modificarla o annullarla?,it-IT
Deseja mesmo abrir o site?,Vuoi davvero aprire questo sito?,it-IT
Deseja mesmo remover essa pessoa da sua lista de amigos?,Vuoi davvero rimuovere questo giocatore dalla tua lista amici?,it-IT
Deseja mesmo sair?,Vuoi davvero abbandonare?,it-IT
Desfazer amizade,Rimuovi amico,it-IT
Deslizador de %s,Regolatore %s,it-IT
Destroy Item,Distruggi,it-IT
Destruir item,Distruggi,it-IT
Detay vermeniz daha tutarlı karar vermemize yardımcı olacaktır.,Condividere i dettagli ci aiuterà a compiere una decisione ben informata.,it-IT
Devam,Continua,it-IT
Devam et,Continua,it-IT
Devenir spectateur,Rinasci come spettatore,it-IT
Değişiklikleri Uygula,Modifica,it-IT
"Die Angabe von Einzelheiten hilft uns dabei, eine fundierte Entscheidung zu treffen.",Condividere i dettagli ci aiuterà a compiere una decisione ben informata.,it-IT
"Die Freundesliste funktioniert gerade nicht.

Versuche es später erneut.","La lista amici non è al momento disponibile

Riprova più tardi",it-IT
"Die Freundesliste funktioniert gerade nicht.

Überprüfe deine Internetverbindung und versuche es erneut.","La lista amici non è al momento disponibile

Controlla la connessione a Internet e riprova",it-IT
"Die Inhalte dieses Fensters werden von Servern und Karten Dritter definiert, die Mojang Studios oder Microsoft weder gehören, noch von ihnen betrieben oder überwacht werden.

Sei vorsichtig! Lasse immer Vorsicht walten, wenn du Internetadressen folgst, und verrate niemals deine persönlichen Daten (wie deine Anmeldedaten).

Wenn dieses Fenster dich am Spielen hindert, kannst du deine Verbindung zum aktuellen Server auch über die untenstehende Schaltfläche trennen.","I contenuti di questa schermata sono controllati da server e mappe di terze parti che non sono posseduti, gestiti o supervisionati da Mojang Studios o Microsoft.

Usare con cautela! Fa' sempre attenzione nel seguire i collegamenti e non fornire mai dati personali, inclusi i dettagli di accesso.

Se questa schermata t'impedisce di giocare, puoi disconnetterti dal server usando il pulsante qui sotto.",it-IT
Die Nachricht wurde vom Server verändert. Original:,Messaggio modificato dal server. Originale:,it-IT
Die Nacht kann nicht durchgeschlafen werden,Non è possibile saltare la notte,it-IT
Die Nacht wird durchgeschlafen,La notte sta passando...,it-IT
Die Welt kann unter Umständen nicht gespeichert werden.,Il salvataggio del mondo potrebbe fallire.,it-IT
"Dies ist ein benutzerdefiniertes Menü. Klicke hier, um mehr zu erfahren.",Questa è una schermata personalizzata. Clicca qui per saperne di più.,it-IT
Dies ist ein benutzerdefiniertes Menü. Mehr erfahren.,Questa è una schermata personalizzata. Scopri di più.,it-IT
"Diese Auswahl umgebende Nachrichten werden aufgenommen, um zusätzlichen Kontext zu bieten.",I messaggi adiacenti verranno inclusi per fornire del contesto aggiuntivo,it-IT
Diese Chatnachricht wurde vom Server gelöscht.,Questo messaggio in chat è stato eliminato dal server.,it-IT
"Diese Optionen dienen nur zu Testzwecken. Sie können deinen Rechner verlangsamen, das Spiel zum Absturz bringen oder sonstige unerwartete Nebeneffekte haben.","Queste opzioni sono disponibili a scopo di collaudo. Potrebbero rallentare il tuo computer, far arrestare il gioco o rubarti la merenda appena ti distrai.",it-IT
Diese Welt ist nicht mehr im Mehrspieler geöffnet,Mondo non più aperto al multigiocatore,it-IT
Diese Welt ist nun im Online‐Mehrspieler geöffnet.,Mondo aperto al multigiocatore in rete,it-IT
Diese Welt ist nun in deinem lokalen Netzwerk geöffnet. Die Portnummer ist %s,Mondo aperto in rete locale con numero di porta %s,it-IT
Diesen Hinweis nicht mehr anzeigen,Non mostrare più questa schermata,it-IT
"Dieser Spieler kann nicht gemeldet werden, da der Chat deaktiviert oder blockiert ist",Questo giocatore non può essere segnalato perché la chat è disattivata o bloccata,it-IT
"Dieser Spieler kann nicht gemeldet werden, da seine Chatnachrichten auf diesem Server nicht überprüft werden können.",Questo giocatore non può essere segnalato perché i suoi messaggi in chat non possono essere verificati in questo server,it-IT
"Difamación, suplantación de identidad o información falsa",Diffamazione,it-IT
Difamação,Diffamazione,it-IT
Diffamation,Diffamazione,it-IT
Digite uma mensagem e pressione Enter para enviá-la,Scrivi un messaggio e premi Invio per inviarlo,it-IT
Dinamik dokular şuraya kaydedildi: %s,Grafiche dinamiche salvate in %s,it-IT
Direitos autorais da Mojang AB. Não distribua!,© Mojang AB. Vietata la distribuzione!,it-IT
Discard,Annulla,it-IT
Discard Report and Comments?,Annullare la segnalazione e i commenti?,it-IT
Disconnect,Disconnettiti,it-IT
Discurso de odio,Incitamento all'odio,it-IT
Discurso de odio o discriminación,Incitamento all'odio o discriminazione,it-IT
Discurso de ódio,Incitamento all'odio,it-IT
Discurso de ódio ou discriminação,Incitamento all'odio o discriminazione,it-IT
Dispensador,Distributore,it-IT
Dispenser,Distributore,it-IT
Displaying lewd or pornographic material,Condivisione di materiali osceni o pornografici,it-IT
Distributeur,Distributore,it-IT
Diğer Oyuncular için Ayarlar,Impostazioni per gli altri giocatori,it-IT
Do not show this screen again,Non mostrare più questa schermata,it-IT
Do you want to open this link or copy it to your clipboard?,Vuoi aprire questo collegamento o copiarlo negli appunti?,it-IT
Dokuma Tezgâhı,Telaio,it-IT
Done,Fatto,it-IT
Donner son avis,Invia riscontro,it-IT
Dorfbewohner füllen ihren Warenbestand bis zu zweimal am Tag auf.,I villici si riforniscono fino a 2 volte al giorno,it-IT
Dosyalar eklenemedi,Aggiunta non riuscita,it-IT
Down,Giù,it-IT
Doğrulanmamış ileti. Bildirilemez.,Messaggio non verificato. Impossibile segnalare.,it-IT
Drogas o alcohol,Droghe o alcolici,it-IT
Drogas ou álcool,Droghe o alcolici,it-IT
Drogen oder Alkohol,Droghe o alcolici,it-IT
Drogues ou alcool,Droghe o alcolici,it-IT
"Drohung, anderen Personen Schaden zuzufügen",Minaccia di fare del male agli altri,it-IT
Dropper,Gettatore,it-IT
Drugs or alcohol,Droghe o alcolici,it-IT
"Drücke %1$s, um abzusteigen",Premi %1$s per scendere,it-IT
"Drücke %1$s, um aufzustehen",Premi %1$s per alzarti,it-IT
"Drücke die Eingabetaste, um %s von der Freundesliste zu entfernen",Premi Invio per rimuovere %s dalla lista amici,it-IT
"Drücke die Eingabetaste, um die Freundschaftsanfrage an %s zurückzuziehen",Premi Invio per annullare la richiesta d'amicizia inviata a %s,it-IT
"Drücke die Eingabetaste, um die Freundschaftsanfrage von %s abzulehnen",Premi Invio per rifiutare la richiesta d'amicizia da %s,it-IT
"Drücke die Eingabetaste, um die Freundschaftsanfrage von %s anzunehmen",Premi Invio per accettare la richiesta d'amicizia da %s,it-IT
"Drücke eine Taste, um einen Befehl zu wählen, und drücke sie erneut, um ihn auszuführen.","Premi un tasto per selezionare un comando, premilo nuovamente per eseguirlo",it-IT
Du bist gestorben!,Sei morto/a!,it-IT
Du bist jetzt mit %s befreundet,Hai stretto amicizia con %s,it-IT
Du handelst zu schnell in der Freundesliste. Bitte warte einen Moment und versuche es erneut.,Stai gestendo la lista amici troppo velocemente. Attendi qualche secondo e riprova,it-IT
Du hast %s bereits eine Freundschaftsanfrage gesendet,Hai già inviato una richiesta d'amicizia a %s,it-IT
Du hast %s Freundschaftsanfragen erhalten,Hai ricevuto %s richieste d'amicizia,it-IT
"Du hast einen Entwurf einer Chatmeldung, der verloren geht, wenn du das Spiel verlässt.",Hai una bozza di segnalazione che andrà persa se abbandoni,it-IT
"Du hast einen Meldeentwurf, der verloren geht, wenn du das Spiel verlässt.",Hai una bozza di segnalazione che andrà persa se abbandoni,it-IT
Du kannst dir selbst keine Freundschaftsanfrage senden,Non puoi inviarti una richiesta d'amicizia,it-IT
Du meldest „%s“.,Stai segnalando «%s».,it-IT
"Du musst deinen Profilnamen ändern, bevor du online spielen kannst",Devi cambiare il nome prima di poter giocare in rete,it-IT
du tchat,chat,it-IT
"Du versuchst, zu viele Nachrichten in die Meldung aufzunehmen.",Troppi messaggi inclusi nella segnalazione,it-IT
Duman Fırını,Affumicatore,it-IT
Dung lượng ổ đĩa thấp!,Poco spazio su disco!,it-IT
Dynamische Texturen in %s gespeichert,Grafiche dinamiche salvate in %s,it-IT
Dân làng bổ sung lại hàng lên đến hai lần mỗi ngày.,I villici si riforniscono fino a 2 volte al giorno,it-IT
Déchiré,Stracciato,it-IT
Déconnexion,Disconnettiti,it-IT
Défi accompli !,Impresa completata!,it-IT
Démarrage du profilage pour une durée de %s secondes. Utilisez %s + %s pour interrompre,Profilatura di %s secondi avviata. Premi %s + %s per interromperla in anticipo,it-IT
Démarrage du profilage pour une durée de %s secondes. Utilisez F3 + L pour interrompre,Profilatura di %s secondi avviata. Premi F3 + L per interromperla in anticipo,it-IT
Dünya kaydediliyor,Salvataggio del mondo...,it-IT
Dünyalar listesine dön,Torna alla lista dei mondi,it-IT
Dünyaya katılma isteği %s oyuncusuna gönderildi,Hai chiesto di entrare nel mondo di %s,it-IT
Dünyayı kaydetmek mümkün olmayabilir.,Il salvataggio del mondo potrebbe fallire.,it-IT
Dünyayı Seyret,Rinasci come spettatore,it-IT
Düzenlemeye Devam Et,Continua a modificare,it-IT
Düzenlemeye devam etmek mi yoksa iptal etmek mi istiyorsunuz?,Vuoi continuare a modificarla o annullarla?,it-IT
Düşük disk alanı!,Poco spazio su disco!,it-IT
"Dış görünümünüz Topluluk Kurallarımıza aykırı. Yine de varsayılan bir görünümle oynayabilir veya yeni bir görünüm seçebilirsiniz.

Bu bağlantıdan daha fazlasını öğrenebilir ya da durum incelemesi talep edebilirsiniz: %s","La tua skin attuale viola le norme della collettività. Puoi continuare a giocare con una skin predefinita oppure sceglierne una nuova.

Scopri di più o richiedi una revisione del caso al collegamento seguente: %s",it-IT
Dịch chuyển đến người chơi,Teletrasportati presso un giocatore,it-IT
Dịch chuyển đến thành viên trong đội,Teletrasportati presso un membro della squadra,it-IT
Dịch vụ báo cáo không có sẵn,Il servizio di segnalazioni non è disponibile,it-IT
Dịch vụ danh sách bạn bè hiện không có sẵn. Hãy kiểm tra kết nối của bạn và thử lại sau.,Il servizio della lista amici non è al momento disponibile. Controlla la connessione o riprova più tardi,it-IT
e mais %s...,e altri %s...,it-IT
Edit Draft Chat Report?,Modificare la bozza della segnalazione?,it-IT
Edit Hanging Sign Message,Messaggio dell'insegna:,it-IT
Edit Sign Message,Messaggio del cartello:,it-IT
Editar mensagem da placa,Messaggio del cartello:,it-IT
Editar mensagem da placa suspensa,Messaggio dell'insegna:,it-IT
Editar mensaje del cartel,Messaggio del cartello:,it-IT
Editar mensaje del cartel colgante,Messaggio dell'insegna:,it-IT
Editar rascunho da denúncia?,Modificare la bozza della segnalazione?,it-IT
Eingehende Freundschaftsanfrage von %s,Richiesta d'amicizia in arrivo da %s,it-IT
Einladen,Invita,it-IT
"Einladung, der Welt von %s beizutreten, ist abgelaufen.",L'invito a entrare nel mondo di %s è scaduto,it-IT
Einstellungen für andere Spieler,Impostazioni per gli altri giocatori,it-IT
Einstiegsbereich wird vorbereitet: %s %%,Preparazione dell'area di generazione: %s%%,it-IT
Einzelspieler,Giocatore singolo,it-IT
Ejetor,Distributore,it-IT
"Eklediğiniz arkadaşlar burada listelenecek.

%s ile çevrim için güvenliğinizi yönetin.","Gli amici appariranno qua

Gestisci la sicurezza in rete con l'%s",it-IT
El chat está restringido. Haz clic en este mensaje para más información.,La chat è limitata. Clicca su questo messaggio per più dettagli.,it-IT
El chat está restringido. Ve a la pantalla Restricciones en Opciones del mundo.,La chat è limitata. Vai alla finestra delle limitazioni nelle opzioni del mondo.,it-IT
El chat tenía una firma no válida. Intenta reconectar.,Firma della chat non valida. Prova a riconnetterti.,it-IT
El comando tenía firmas de argumentos de comando inesperadas o no tiene.,Firme degli argomenti del comando non previste o mancanti.,it-IT
"El contenido de esta pantalla está controlado por servidores y mapas de terceros que no son propiedad de Mojang Studios ni de Microsoft, ni están operados ni supervisados ​​por ellos.

¡Atención! Ten cuidado al abrir enlaces y nunca compartas tu información personal, incluyendo tus datos de inicio de sesión.

Si esta pantalla te impide jugar, puedes desconectarte del servidor usando el botón de aquí abajo.","I contenuti di questa schermata sono controllati da server e mappe di terze parti che non sono posseduti, gestiti o supervisionati da Mojang Studios o Microsoft.

Usare con cautela! Fa' sempre attenzione nel seguire i collegamenti e non fornire mai dati personali, inclusi i dettagli di accesso.

Se questa schermata t'impedisce di giocare, puoi disconnetterti dal server usando il pulsante qui sotto.",it-IT
El juego dejará de funcionar en %s...,Arresto del gioco tra %s...,it-IT
"El modo multijugador está desactivado. Por favor, comprueba los ajustes de tu cuenta de Microsoft.",La modalità multigiocatore è disattivata. Controlla le impostazioni del tuo account Microsoft.,it-IT
El servicio de denuncias no está disponible,Il servizio di segnalazioni non è disponibile,it-IT
El servicio de lista de amigos no está disponible actualmente. Revisa tu conexión e inténtalo más tarde.,Il servizio della lista amici non è al momento disponibile. Controlla la connessione o riprova più tardi,it-IT
El servidor ha enviado un mensaje no válido.,Messaggio del server non valido.,it-IT
El servidor ha ocultado tu mensaje a algunos jugadores.,Il server ha nascosto il tuo messaggio per alcuni giocatori.,it-IT
Elegir categoría de denuncia,Seleziona una categoria per la segnalazione,it-IT
Elegir mensajes de chat a denunciar,Seleziona i messaggi in chat da segnalare,it-IT
Elige al menos un mensaje del chat para denunciar,Seleziona almeno un messaggio in chat da segnalare,it-IT
Elige un equipo al que teletransportarte,Scegli una squadra presso cui teletrasportarti,it-IT
Elige un jugador al que teletransportarte,Scegli un giocatore presso cui teletrasportarti,it-IT
Elige una categoría para la denuncia,Seleziona una categoria di segnalazione,it-IT
Eliminar,Rimuovi,it-IT
Eliminar amigo,Rimuovi amico,it-IT
"Em breve, o Minecraft exigirá um sistema de 64 bits, impedindo que você jogue ou use o Realms nesse dispositivo. Você precisará cancelar manualmente qualquer assinatura do Realms.",A breve Minecraft necessiterà di un sistema a 64 bit. Ciò t'impedirà di giocare o usare Realms su questo dispositivo. Dovrai disdire manualmente qualsiasi abbonamento a Realms.,it-IT
Em sobreposição,Cruscotto,it-IT
Empfangen,Ricevute,it-IT
En attente de confirmation,In attesa di conferma...,it-IT
En attente du serveur,In attesa del server...,it-IT
En F3,Con F3,it-IT
En ligne,In linea,it-IT
En ligne,In rete,it-IT
En ligne (local),In linea (rete locale),it-IT
En ligne (monde),In linea (mondo),it-IT
En ligne (Realm),In linea (Realm),it-IT
En ligne (serveur),In linea (server),it-IT
En línea,In linea,it-IT
En línea,In rete,it-IT
En línea (LAN),In linea (rete locale),it-IT
En línea (mundo),In linea (mondo),it-IT
En línea (Realm),In linea (Realm),it-IT
En línea (servidor),In linea (server),it-IT
En savoir plus,Scopri di più sulle segnalazioni,it-IT
"En soumettant ce signalement, vous confirmez que les informations que vous avez fournies sont, à votre connaissance, exactes et complètes.","Inviando questa segnalazione, confermi che le informazioni che hai fornito sono accurate e complete al meglio delle tue conoscenze.",it-IT
En superposición,Cruscotto,it-IT
Encantar,Incanta,it-IT
Enchant,Incanta,it-IT
Enchanter,Incanta,it-IT
Enchantment Cost: %1$s,Costo: %1$s,it-IT
Encountered an unexpected error while sending your report.,C'è stato un errore imprevisto durante l'invio della tua segnalazione.,it-IT
Encountered malformed payload while sending your report.,C'è stato un carico utile non corretto durante l'invio della tua segnalazione.,it-IT
Encurte o comentário,Abbrevia il commento,it-IT
Ender Chest,Baule di ender,it-IT
Ender Sandığı,Baule di ender,it-IT
Endertruhe,Baule di ender,it-IT
Endgültig signieren,Firma e chiudi,it-IT
Engellendi - Çevrim dışı,Bloccato/a — Non in linea,it-IT
Engelli,Bloccati,it-IT
Enlaces del servidor,Collegamenti del server,it-IT
Enlaces del servidor...,Collegamenti...,it-IT
Enregistrer un brouillon,Salva bozza,it-IT
Entendido,Ne prendo atto,it-IT
Enter a valid profile name before sending a friend request,Inserisci un nome utente valido prima d'inviare una richiesta d'amicizia,it-IT
Enter Book Title:,Titolo del libro:,it-IT
Enter Profile Name,Inserisci il nome utente,it-IT
Entfernen,Rimuovi,it-IT
Entonnoir,Tramoggia,it-IT
Entrar,Entra,it-IT
Entrez un nom de profil,Inserisci il nome utente,it-IT
Entrez un nom de profil valide avant d'envoyer une demande d'ami,Inserisci un nome utente valido prima d'inviare una richiesta d'amicizia,it-IT
Entwurf der Chatmeldung bearbeiten?,Modificare la bozza della segnalazione?,it-IT
Envanter,Inventario,it-IT
Enviado,Inviate,it-IT
Enviados,Inviate,it-IT
Enviando sua denúncia...,Invio della segnalazione...,it-IT
Enviando tu denuncia...,Invio della segnalazione...,it-IT
Enviar denuncia,Invia segnalazione,it-IT
Enviar denúncia,Invia segnalazione,it-IT
Enviar feedback,Invia riscontro,it-IT
Enviar pedido de amizade,Invia richiesta d'amicizia,it-IT
Enviar solicitud de amistad,Invia richiesta d'amicizia,it-IT
Envio de comandos não permitido,L'invio di comandi non è consentito,it-IT
Envio de mensagens de chat não permitido,L'invio di messaggi in chat non è consentito,it-IT
Envoi de votre signalement...,Invio della segnalazione...,it-IT
Envoyer,Invia segnalazione,it-IT
Envoyer un message à l'équipe,Scrivi alla squadra,it-IT
Envoyer une demande d'ami,Invia richiesta d'amicizia,it-IT
Envoyées,Inviate,it-IT
Erfahre mehr zum Melden,Scopri di più sulle segnalazioni,it-IT
Erfahrungskosten: %1$s,Costo: %1$s,it-IT
Erforderliche Erfahrungsstufe: %s,Livelli necessari: %s,it-IT
Erhitzbares wird angezeigt,Cotture realizzabili,it-IT
Eritilebilen Madenler Gösteriliyor,Fusioni realizzabili,it-IT
Eritilebilenler Gösteriliyor,Cotture realizzabili,it-IT
Erreur de validation du tchat,Errore di convalida della chat,it-IT
Erro de validação do chat,Errore di convalida della chat,it-IT
Error al añadir archivos,Aggiunta non riuscita,it-IT
Error al cargar el chunk en %s,Caricamento del chunk in %s non riuscito,it-IT
Error al guardar el chunk en %s,Salvataggio del chunk in %s non riuscito,it-IT
Error al realizar esta acción. Puede deberse a los ajustes de privacidad de la cuenta.,Azione non riuscita. Potrebbe dipendere dalle impostazioni di riservatezza del giocatore,it-IT
Error de validación del chat,Errore di convalida della chat,it-IT
Error inesperado al actualizar tu lista de amigos. Inténtalo más tarde.,Si è verificato un errore imprevisto durante l'aggiornamento della lista amici. Riprova più tardi,it-IT
Erweiterte Schnellinfos: sichtbar,Descrizioni avanzate visibili,it-IT
Erweiterte Schnellinfos: unsichtbar,Descrizioni avanzate nascoste,it-IT
Erwähnung rechtswidriger Drogen,Riferimenti a droghe illegali,it-IT
"Erwähnung von Hassgruppen, terroristischen Vereinigungen oder gefährlichen Persönlichkeiten","Riferimenti a gruppi d'odio, organizzazioni terroristiche o figure malfamate",it-IT
Es gibt keinen Spieler mit diesem Profilnamen,Non esiste un giocatore con questo nome utente,it-IT
Es posible que no se pueda guardar el mundo.,Il salvataggio del mondo potrebbe fallire.,it-IT
Escribe un mensaje y pulsa Entrar para enviarlo,Scrivi un messaggio e premi Invio per inviarlo,it-IT
Escribe un nombre de perfil,Inserisci il nome utente,it-IT
Escribe un nombre de perfil válido para enviar una solicitud de amistad,Inserisci un nome utente valido prima d'inviare una richiesta d'amicizia,it-IT
Espace disque faible !,Poco spazio su disco!,it-IT
Especialista,Esperto,it-IT
Espectar mundo,Rinasci come spettatore,it-IT
Espera...,Attendi...,it-IT
Esperando al servidor,In attesa del server...,it-IT
Esperando confirmación,In attesa di conferma...,it-IT
Essa mensagem foi apagada pelo servidor.,Questo messaggio in chat è stato eliminato dal server.,it-IT
Essa é uma tela personalizada. Clique aqui para saber mais.,Questa è una schermata personalizzata. Clicca qui per saperne di più.,it-IT
Essa é uma tela personalizada. Saiba mais.,Questa è una schermata personalizzata. Scopri di più.,it-IT
"Essas opções são apenas para teste. Elas podem deixar seu computador lento, fechar o jogo ou fazer algo misterioso.","Queste opzioni sono disponibili a scopo di collaudo. Potrebbero rallentare il tuo computer, far arrestare il gioco o rubarti la merenda appena ti distrai.",it-IT
Esse mundo está aberto em LAN na porta %s,Mondo aperto in rete locale con numero di porta %s,it-IT
Esse mundo está aberto para o multijogador online.,Mondo aperto al multigiocatore in rete,it-IT
Esse mundo não está mais aberto para o multijogador,Mondo non più aperto al multigiocatore,it-IT
Esta pessoa não pode ser denunciada porque o chat está desativado ou bloqueado,Questo giocatore non può essere segnalato perché la chat è disattivata o bloccata,it-IT
Estadísticas,Statistiche,it-IT
"Estas opciones son solo para fines de prueba. Podrían ralentizar tu ordenador, hacer que el juego deje de funcionar... o abrir un agujero negro.","Queste opzioni sono disponibili a scopo di collaudo. Potrebbero rallentare il tuo computer, far arrestare il gioco o rubarti la merenda appena ti distrai.",it-IT
Estatísticas,Statistiche,it-IT
Este jugador no puede ser denunciado porque el chat está desactivado o bloqueado,Questo giocatore non può essere segnalato perché la chat è disattivata o bloccata,it-IT
"Este jugador no puede ser denunciado, porque sus mensajes de chat no se pueden verificar en este servidor",Questo giocatore non può essere segnalato perché i suoi messaggi in chat non possono essere verificati in questo server,it-IT
Este mensaje ha sido eliminado por el servidor.,Questo messaggio in chat è stato eliminato dal server.,it-IT
Este mundo ahora está abierto en LAN. El número de puerto es %s,Mondo aperto in rete locale con numero di porta %s,it-IT
Este mundo ahora está abierto en multijugador.,Mondo aperto al multigiocatore in rete,it-IT
Este mundo ya no está abierto al multijugador,Mondo non più aperto al multigiocatore,it-IT
Este objeto no puede mejorarse de esta manera,L'oggetto non può essere migliorato in questo modo,it-IT
Esto es una pantalla personalizada. Haz clic aquí para más información.,Questa è una schermata personalizzata. Clicca qui per saperne di più.,it-IT
Esto es una pantalla personalizada. Más información.,Questa è una schermata personalizzata. Scopri di più.,it-IT
Estou ciente,Ne prendo atto,it-IT
Estás denunciando a «%s».,Stai segnalando «%s».,it-IT
"Estás pulsando %s + %s. Si no las sueltas, el juego dejará de funcionar.","Stai tenendo premuti %s + %s. Se non li rilasci, il gioco verrà arrestato.",it-IT
"Estás pulsando F3 + C. Si no las sueltas, el juego dejará de funcionar.","Stai tenendo premuti F3 + C. Se non li rilasci, il gioco verrà arrestato.",it-IT
Estás realizando acciones de la lista de amigos demasiado rápido. Espera un momento e inténtalo de nuevo.,Stai gestendo la lista amici troppo velocemente. Attendi qualche secondo e riprova,it-IT
et %s de plus...,e altri %s...,it-IT
Evet,Sì,it-IT
Exceso de informes falsos o inexactos,Numero eccessivo di segnalazioni false o imprecise,it-IT
Excessive false or inaccurate reports,Numero eccessivo di segnalazioni false o imprecise,it-IT
Exibição de conteúdo obsceno ou pornográfico,Condivisione di materiali osceni o pornografici,it-IT
Expert,Esperto,it-IT
Experte,Esperto,it-IT
Experto,Esperto,it-IT
Exploitation ou abus sexuel de mineurs,Sfruttamento o abuso sessuale di minori,it-IT
Explosíveis,Fusioni realizzabili,it-IT
Explotación o abuso sexual de menores,Sfruttamento o abuso sessuale di minori,it-IT
"Eğer ayrılırsanız, bu bildiriyi ve yorumlarınızı kaybedeceksiniz.
Çıkmak istediğinizden emin misiniz?","Se abbandoni, perderai questa segnalazione e i tuoi commenti.
Vuoi davvero abbandonare?",it-IT
Eşya araç çubuğu kaydedildi (%1$s + %2$s ile geri yükleyebilirsiniz),Barra rapida salvata (ripristinala con %1$s + %2$s),it-IT
Eşya bu şekilde yükseltilemez,L'oggetto non può essere migliorato in questo modo,it-IT
Eşya Hunisi,Tramoggia,it-IT
Eşya Seçimi,Selezione oggetti,it-IT
Eşyayı Sil,Distruggi,it-IT
F3 + A = Chunks neu laden,F3 + A = Ricarica i chunk,it-IT
F3 + A = Nạp lại các đoạn khúc,F3 + A = Ricarica i chunk,it-IT
F3 + A = Recargar chunks,F3 + A = Ricarica i chunk,it-IT
F3 + A = Recarregar chunks,F3 + A = Ricarica i chunk,it-IT
F3 + A = Recharger les chunks,F3 + A = Ricarica i chunk,it-IT
F3 + A = Reload chunks,F3 + A = Ricarica i chunk,it-IT
F3 + A = Yığınları yeniden yükle,F3 + A = Ricarica i chunk,it-IT
F3 + A = Перезагрузить чанки,F3 + A = Ricarica i chunk,it-IT
F3 + A = รีโหลดชังก์,F3 + A = Ricarica i chunk,it-IT
F3 + A = チャンクを再読み込み,F3 + A = Ricarica i chunk,it-IT
F3 + A = 重新加载区块,F3 + A = Ricarica i chunk,it-IT
F3 + A = 重新載入區塊,F3 + A = Ricarica i chunk,it-IT
F3 + A = 청크 새로 고침,F3 + A = Ricarica i chunk,it-IT
F3 + B = Afficher les boîtes de collision,F3 + B = Mostra le zone di collisione,it-IT
F3 + B = Hitboxen anzeigen,F3 + B = Mostra le zone di collisione,it-IT
F3 + B = Hiển thị hộp va chạm,F3 + B = Mostra le zone di collisione,it-IT
F3 + B = Mostrar caixas de colisão,F3 + B = Mostra le zone di collisione,it-IT
F3 + B = Mostrar cajas de colisiones,F3 + B = Mostra le zone di collisione,it-IT
F3 + B = Show hitboxes,F3 + B = Mostra le zone di collisione,it-IT
F3 + B = Vurma kutularını göster,F3 + B = Mostra le zone di collisione,it-IT
F3 + B = Отображать хитбоксы,F3 + B = Mostra le zone di collisione,it-IT
F3 + B = แสดงบริเวณโจมตี,F3 + B = Mostra le zone di collisione,it-IT
F3 + B = 当たり判定を表示,F3 + B = Mostra le zone di collisione,it-IT
F3 + B = 显示判定箱,F3 + B = Mostra le zone di collisione,it-IT
F3 + B = 顯示碰撞箱,F3 + B = Mostra le zone di collisione,it-IT
F3 + B = 히트박스 표시,F3 + B = Mostra le zone di collisione,it-IT
F3 + C = /tpコマンドとして座標をコピー、10秒間長押しでゲームをクラッシュ,F3 + C = Copia la posizione come comando «/tp» o tienili premuti per 10 secondi per arrestare il gioco,it-IT
"F3 + C = Copiar a posição como comando /tp, ou segure por 10 segundos para interromper o jogo",F3 + C = Copia la posizione come comando «/tp» o tienili premuti per 10 secondi per arrestare il gioco,it-IT
F3 + C = Copiar la ubicación como comando /tp o mantener 10 segundos para forzar el cierre del juego,F3 + C = Copia la posizione come comando «/tp» o tienili premuti per 10 secondi per arrestare il gioco,it-IT
F3 + C = Copier la position en tant que commande /tp ou maintenir pendant 10 secondes pour faire planter le jeu,F3 + C = Copia la posizione come comando «/tp» o tienili premuti per 10 secondi per arrestare il gioco,it-IT
"F3 + C = Copy location as /tp command, or hold for 10 seconds to crash the game",F3 + C = Copia la posizione come comando «/tp» o tienili premuti per 10 secondi per arrestare il gioco,it-IT
"F3 + C = Konumu /tp komutu olarak kopyala, ya da 10 saniye basılı tutarak oyunu çökert",F3 + C = Copia la posizione come comando «/tp» o tienili premuti per 10 secondi per arrestare il gioco,it-IT
"F3 + C = Position als /tp‐Befehl kopieren oder 10 Sekunden gedrückt halten, um einen Absturz zu erzwingen",F3 + C = Copia la posizione come comando «/tp» o tienili premuti per 10 secondi per arrestare il gioco,it-IT
"F3 + C = Sao chép vị trí như lệnh /tp, hoặc nhấn giữ trong 10 giây để làm trò chơi gặp sự cố",F3 + C = Copia la posizione come comando «/tp» o tienili premuti per 10 secondi per arrestare il gioco,it-IT
"F3 + C = Скопировать координаты как команду /tp; удерживайте 10 секунд, чтобы вызвать сбой игры",F3 + C = Copia la posizione come comando «/tp» o tienili premuti per 10 secondi per arrestare il gioco,it-IT
F3 + C = คัดลอกตำแหน่งเป็นคำสั่ง /tp หรือกดค้างไว้ 10 วินาทีเพื่อทำให้เกมแครช,F3 + C = Copia la posizione come comando «/tp» o tienili premuti per 10 secondi per arrestare il gioco,it-IT
F3 + C = 将位置复制为/tp命令，或长按10秒使游戏崩溃,F3 + C = Copia la posizione come comando «/tp» o tienili premuti per 10 secondi per arrestare il gioco,it-IT
F3 + C = 將位置複製為 /tp 指令，長按 10 秒使遊戲崩潰,F3 + C = Copia la posizione come comando «/tp» o tienili premuti per 10 secondi per arrestare il gioco,it-IT
"F3 + C = 위치를 /tp 명령어로 복사, 10초 동안 누르고 있으면 게임에 크래시를 발생시킴",F3 + C = Copia la posizione come comando «/tp» o tienili premuti per 10 secondi per arrestare il gioco,it-IT
F3 + C basılı tutuluyor. Eğer bırakılmazsa oyun çökecek.,"Stai tenendo premuti F3 + C. Se non li rilasci, il gioco verrà arrestato.",it-IT
F3 + C is held down. This will crash the game unless released.,"Stai tenendo premuti F3 + C. Se non li rilasci, il gioco verrà arrestato.",it-IT
"F3 + C sind gedrückt. Dies wird das Spiel abstürzen lassen, wenn sie nicht losgelassen werden.","Stai tenendo premuti F3 + C. Se non li rilasci, il gioco verrà arrestato.",it-IT
F3 + C đã được giữ. Điều này sẽ làm trò chơi gặp sự cố trừ khi thả phím ra.,"Stai tenendo premuti F3 + C. Se non li rilasci, il gioco verrà arrestato.",it-IT
F3 + Cが押されています。離さないとゲームをクラッシュさせます。,"Stai tenendo premuti F3 + C. Se non li rilasci, il gioco verrà arrestato.",it-IT
F3 + C已被按下。若不放开按键则会使游戏崩溃。,"Stai tenendo premuti F3 + C. Se non li rilasci, il gioco verrà arrestato.",it-IT
F3 + C가 눌려 있습니다. 놓지 않으면 게임에 크래시를 발생시킵니다.,"Stai tenendo premuti F3 + C. Se non li rilasci, il gioco verrà arrestato.",it-IT
F3 + D = Chat leeren,F3 + D = Svuota la chat,it-IT
F3 + D = Clear chat,F3 + D = Svuota la chat,it-IT
F3 + D = Effacer le tchat,F3 + D = Svuota la chat,it-IT
F3 + D = Limpar chat,F3 + D = Svuota la chat,it-IT
F3 + D = Limpiar chat,F3 + D = Svuota la chat,it-IT
F3 + D = Sohbeti temizle,F3 + D = Svuota la chat,it-IT
F3 + D = Xoá sạch trò chuyện,F3 + D = Svuota la chat,it-IT
F3 + D = Очистить чат,F3 + D = Svuota la chat,it-IT
F3 + D = ล้างแชต,F3 + D = Svuota la chat,it-IT
F3 + D = チャット欄をクリア,F3 + D = Svuota la chat,it-IT
F3 + D = 清空聊天记录,F3 + D = Svuota la chat,it-IT
F3 + D = 清除聊天欄,F3 + D = Svuota la chat,it-IT
F3 + D = 대화 내용 지우기,F3 + D = Svuota la chat,it-IT
F3 + Esc = Menü olmadan durdur (eğer durdurmak mümkünse),F3 + Esc = Sospendi senza aprire il menù di pausa (solo se è possibile sospendere),it-IT
F3 + Esc = Pausa sin el menú del juego (si es posible pausar),F3 + Esc = Sospendi senza aprire il menù di pausa (solo se è possibile sospendere),it-IT
F3 + Esc = Pause without pause menu (if pausing is possible),F3 + Esc = Sospendi senza aprire il menù di pausa (solo se è possibile sospendere),it-IT
F3 + Esc = Spiel ohne Pausenmenü anhalten (sofern möglich),F3 + Esc = Sospendi senza aprire il menù di pausa (solo se è possibile sospendere),it-IT
F3 + Esc = Suspender sem abrir o menu de pausa (se possível),F3 + Esc = Sospendi senza aprire il menù di pausa (solo se è possibile sospendere),it-IT
F3 + Esc = Tạm dừng nhưng không hiện menu tạm dừng (nếu như có thể tạm dừng),F3 + Esc = Sospendi senza aprire il menù di pausa (solo se è possibile sospendere),it-IT
F3 + Esc = Приостановить без выхода в меню (если приостановка возможна),F3 + Esc = Sospendi senza aprire il menù di pausa (solo se è possibile sospendere),it-IT
F3 + Esc = หยุดชั่วคราวโดยไม่มีเมนูหยุดชั่วคราว (ถ้าหยุดได้),F3 + Esc = Sospendi senza aprire il menù di pausa (solo se è possibile sospendere),it-IT
F3 + Esc = メニューを開かずに一時停止（一時停止が可能な場合）,F3 + Esc = Sospendi senza aprire il menù di pausa (solo se è possibile sospendere),it-IT
F3 + Esc = 暂停但不显示菜单（如果可以暂停的话）,F3 + Esc = Sospendi senza aprire il menù di pausa (solo se è possibile sospendere),it-IT
F3 + Esc = 暫停遊戲但不顯示遊戲選單（若遊戲允許暫停）,F3 + Esc = Sospendi senza aprire il menù di pausa (solo se è possibile sospendere),it-IT
F3 + Esc = 일시 정지 메뉴 없이 일시 정지 (일시 정지가 가능할 경우),F3 + Esc = Sospendi senza aprire il menù di pausa (solo se è possibile sospendere),it-IT
F3 + F4 = Abrir menu de modos de jogo,F3 + F4 = Apri il selettore della modalità di gioco,it-IT
F3 + F4 = Abrir menú de modos de juego,F3 + F4 = Apri il selettore della modalità di gioco,it-IT
F3 + F4 = Mở giao diện đổi chế độ chơi,F3 + F4 = Apri il selettore della modalità di gioco,it-IT
F3 + F4 = Open game mode switcher,F3 + F4 = Apri il selettore della modalità di gioco,it-IT
F3 + F4 = Ouvrir le sélecteur de mode de jeu,F3 + F4 = Apri il selettore della modalità di gioco,it-IT
F3 + F4 = Oyun modu değiştiricisini aç,F3 + F4 = Apri il selettore della modalità di gioco,it-IT
F3 + F4 = Spielmodusauswahl öffnen,F3 + F4 = Apri il selettore della modalità di gioco,it-IT
F3 + F4 = Открыть меню смены режима игры,F3 + F4 = Apri il selettore della modalità di gioco,it-IT
F3 + F4 = เปิดตัวสลับโหมดเกม,F3 + F4 = Apri il selettore della modalità di gioco,it-IT
F3 + F4 = ゲームモード切り替え画面を開く,F3 + F4 = Apri il selettore della modalità di gioco,it-IT
F3 + F4 = 打开游戏模式切换器,F3 + F4 = Apri il selettore della modalità di gioco,it-IT
F3 + F4 = 開啟遊戲模式切換器,F3 + F4 = Apri il selettore della modalità di gioco,it-IT
F3 + F4 = 게임 모드 전환기 열기,F3 + F4 = Apri il selettore della modalità di gioco,it-IT
F3 + F6 = Chỉnh sửa tuỳ chọn gỡ lỗi,F3 + F6 = Modifica le opzioni diagnostiche,it-IT
F3 + F6 = Debug‐Optionen bearbeiten,F3 + F6 = Modifica le opzioni diagnostiche,it-IT
F3 + F6 = Edit debug options,F3 + F6 = Modifica le opzioni diagnostiche,it-IT
F3 + F6 = Editar opciones de depuración,F3 + F6 = Modifica le opzioni diagnostiche,it-IT
F3 + F6 = Editar opções de depuração,F3 + F6 = Modifica le opzioni diagnostiche,it-IT
F3 + F6 = Hata ayıklama ayarlarını düzenle,F3 + F6 = Modifica le opzioni diagnostiche,it-IT
F3 + F6 = Modifier les paramètres de débogage,F3 + F6 = Modifica le opzioni diagnostiche,it-IT
F3 + F6 = Редактировать параметры отладки,F3 + F6 = Modifica le opzioni diagnostiche,it-IT
F3 + F6 = แก้ไขตัวเลือกดีบั๊ก,F3 + F6 = Modifica le opzioni diagnostiche,it-IT
F3 + F6 = デバッグ設定を編集,F3 + F6 = Modifica le opzioni diagnostiche,it-IT
F3 + F6 = 編輯除錯選項,F3 + F6 = Modifica le opzioni diagnostiche,it-IT
F3 + F6 = 编辑调试选项,F3 + F6 = Modifica le opzioni diagnostiche,it-IT
F3 + F6 = 디버그 설정 편집,F3 + F6 = Modifica le opzioni diagnostiche,it-IT
F3 + G = Afficher les bordures des chunks,F3 + G = Mostra i confini dei chunk,it-IT
F3 + G = Chunk‐Grenzen anzeigen,F3 + G = Mostra i confini dei chunk,it-IT
F3 + G = Hiển thị ranh giới đoạn khúc,F3 + G = Mostra i confini dei chunk,it-IT
F3 + G = Mostrar bordas de chunks,F3 + G = Mostra i confini dei chunk,it-IT
F3 + G = Mostrar bordes de chunks,F3 + G = Mostra i confini dei chunk,it-IT
F3 + G = Show chunk boundaries,F3 + G = Mostra i confini dei chunk,it-IT
F3 + G = Yığın sınırlarını göster,F3 + G = Mostra i confini dei chunk,it-IT
F3 + G = Отображать границы чанков,F3 + G = Mostra i confini dei chunk,it-IT
F3 + G = แสดงขอบเขตชังก์,F3 + G = Mostra i confini dei chunk,it-IT
F3 + G = チャンクの境界を表示,F3 + G = Mostra i confini dei chunk,it-IT
F3 + G = 显示区块边界,F3 + G = Mostra i confini dei chunk,it-IT
F3 + G = 顯示區塊邊界,F3 + G = Mostra i confini dei chunk,it-IT
F3 + G = 청크 경계 보이기,F3 + G = Mostra i confini dei chunk,it-IT
F3 + H = Advanced tooltips,F3 + H = Descrizioni avanzate,it-IT
F3 + H = Chú giải công cụ nâng cao,F3 + H = Descrizioni avanzate,it-IT
F3 + H = Descripciones avanzadas,F3 + H = Descrizioni avanzate,it-IT
F3 + H = Descrições avançadas,F3 + H = Descrizioni avanzate,it-IT
F3 + H = Erweiterte Schnellinfos,F3 + H = Descrizioni avanzate,it-IT
F3 + H = Gelişmiş açıklamalar,F3 + H = Descrizioni avanzate,it-IT
F3 + H = Info-bulles avancées,F3 + H = Descrizioni avanzate,it-IT
F3 + H = Расширенные подсказки,F3 + H = Descrizioni avanzate,it-IT
F3 + H = คำแนะนำเครื่องมือขั้นสูง,F3 + H = Descrizioni avanzate,it-IT
F3 + H = 显示高级提示框,F3 + H = Descrizioni avanzate,it-IT
F3 + H = 進階提示,F3 + H = Descrizioni avanzate,it-IT
F3 + H = 高度な情報を表示,F3 + H = Descrizioni avanzate,it-IT
F3 + H = 고급 도구 설명,F3 + H = Descrizioni avanzate,it-IT
F3 + I = Block- oder Objektdaten in Zwischenablage kopieren,F3 + I = Copia negli appunti i dati blocco o entità,it-IT
F3 + I = Copiar dados da entidade ou bloco para a área de transferência,F3 + I = Copia negli appunti i dati blocco o entità,it-IT
F3 + I = Copiar datos de entidad o bloque al portapapeles,F3 + I = Copia negli appunti i dati blocco o entità,it-IT
F3 + I = Copier les données d'entité ou de bloc dans le presse-papiers,F3 + I = Copia negli appunti i dati blocco o entità,it-IT
F3 + I = Copy entity or block data to clipboard,F3 + I = Copia negli appunti i dati blocco o entità,it-IT
F3 + I = Sao chép dữ liệu thực thể hoặc dữ liệu khối vào khay nhớ tạm,F3 + I = Copia negli appunti i dati blocco o entità,it-IT
F3 + I = Varlık veya blok verilerini panoya kopyalar,F3 + I = Copia negli appunti i dati blocco o entità,it-IT
F3 + I = Скопировать в буфер обмена данные сущности или блока,F3 + I = Copia negli appunti i dati blocco o entità,it-IT
F3 + I = คัดลอกข้อมูลเอนทิตี้หรือบล็อกไปยังคลิปบอร์ด,F3 + I = Copia negli appunti i dati blocco o entità,it-IT
F3 + I = エンティティまたはブロックのデータをクリップボードにコピー,F3 + I = Copia negli appunti i dati blocco o entità,it-IT
F3 + I = 将实体或方块的数据复制到剪贴板,F3 + I = Copia negli appunti i dati blocco o entità,it-IT
F3 + I = 將實體或方塊的資料複製到剪貼簿,F3 + I = Copia negli appunti i dati blocco o entità,it-IT
F3 + I = 개체 또는 블록 데이터를 클립보드에 복사,F3 + I = Copia negli appunti i dati blocco o entità,it-IT
F3 + L = Ayrımlamayı başlat/durdur,F3 + L = Avvia o arresta la profilatura,it-IT
F3 + L = Bắt đầu/ngừng phân tích,F3 + L = Avvia o arresta la profilatura,it-IT
F3 + L = Démarrer/arrêter le profilage,F3 + L = Avvia o arresta la profilatura,it-IT
F3 + L = Iniciar/Parar análise de desempenho,F3 + L = Avvia o arresta la profilatura,it-IT
F3 + L = Iniciar/Terminar perfilado,F3 + L = Avvia o arresta la profilatura,it-IT
F3 + L = Profilerstellung starten/beenden,F3 + L = Avvia o arresta la profilatura,it-IT
F3 + L = Start/stop profiling,F3 + L = Avvia o arresta la profilatura,it-IT
F3 + L = Запустить/остановить профилирование,F3 + L = Avvia o arresta la profilatura,it-IT
F3 + L = เริ่ม/หยุดการรวบรวมข้อมูล,F3 + L = Avvia o arresta la profilatura,it-IT
F3 + L = プロファイリングの開始・終了,F3 + L = Avvia o arresta la profilatura,it-IT
F3 + L = 开始/停止分析,F3 + L = Avvia o arresta la profilatura,it-IT
F3 + L = 開始或停止分析,F3 + L = Avvia o arresta la profilatura,it-IT
F3 + L = 프로파일링 시작/종료,F3 + L = Avvia o arresta la profilatura,it-IT
F3 + N = Alternar entre o modo de jogo anterior ↔ Espectador,F3 + N = Cambia tra la modalità di gioco precedente e la modalità spettatore,it-IT
F3 + N = Alterner entre le mode de jeu précédent <-> Spectateur,F3 + N = Cambia tra la modalità di gioco precedente e la modalità spettatore,it-IT
F3 + N = Cambiar entre el modo de juego anterior <-> espectador,F3 + N = Cambia tra la modalità di gioco precedente e la modalità spettatore,it-IT
F3 + N = Cycle previous game mode <-> spectator,F3 + N = Cambia tra la modalità di gioco precedente e la modalità spettatore,it-IT
F3 + N = Zwischen vorherigem Spielmodus und Zuschauermodus wechseln,F3 + N = Cambia tra la modalità di gioco precedente e la modalità spettatore,it-IT
F3 + N = Önceki oyun modu <-> seyirci arasında geçiş yap,F3 + N = Cambia tra la modalità di gioco precedente e la modalità spettatore,it-IT
F3 + N = Đổi xoay vòng chế độ chơi trước <-> khán giả,F3 + N = Cambia tra la modalità di gioco precedente e la modalità spettatore,it-IT
F3 + N = Смена режима игры: предыдущий <-> наблюдатель,F3 + N = Cambia tra la modalità di gioco precedente e la modalità spettatore,it-IT
F3 + N = วนไปโหมดเกมก่อนหน้านี้ <-> ผู้ชม,F3 + N = Cambia tra la modalità di gioco precedente e la modalità spettatore,it-IT
F3 + N = 在上一个模式和旁观模式间切换,F3 + N = Cambia tra la modalità di gioco precedente e la modalità spettatore,it-IT
F3 + N = 循環切換 先前的遊戲模式 <-> 旁觀者模式,F3 + N = Cambia tra la modalità di gioco precedente e la modalità spettatore,it-IT
F3 + N = 直前のゲームモードとスペクテイターモードを切り替え,F3 + N = Cambia tra la modalità di gioco precedente e la modalità spettatore,it-IT
F3 + N = 이전 게임 모드 <-> 관전 모드 변경,F3 + N = Cambia tra la modalità di gioco precedente e la modalità spettatore,it-IT
F3 + P = Mettre le jeu en pause à la perte de focus,F3 + P = Metti in pausa quando la finestra perde lo stato attivo,it-IT
F3 + P = Odak kaybolunca duraklat,F3 + P = Metti in pausa quando la finestra perde lo stato attivo,it-IT
F3 + P = Pausar em segundo plano,F3 + P = Metti in pausa quando la finestra perde lo stato attivo,it-IT
F3 + P = Pausar juego al cambiar de ventana,F3 + P = Metti in pausa quando la finestra perde lo stato attivo,it-IT
F3 + P = Pause on lost focus,F3 + P = Metti in pausa quando la finestra perde lo stato attivo,it-IT
F3 + P = Pausieren bei Fokusverlust,F3 + P = Metti in pausa quando la finestra perde lo stato attivo,it-IT
F3 + P = Tạm dừng khi bị mất tập trung,F3 + P = Metti in pausa quando la finestra perde lo stato attivo,it-IT
F3 + P = Пауза при сворачивании игры,F3 + P = Metti in pausa quando la finestra perde lo stato attivo,it-IT
F3 + P = หยุดเมื่อหลุดการโฟกัส,F3 + P = Metti in pausa quando la finestra perde lo stato attivo,it-IT
F3 + P = メニュー表示時でのゲームの一時停止を切り替え,F3 + P = Metti in pausa quando la finestra perde lo stato attivo,it-IT
F3 + P = 在失去焦點時暫停,F3 + P = Metti in pausa quando la finestra perde lo stato attivo,it-IT
F3 + P = 失去焦点时暂停,F3 + P = Metti in pausa quando la finestra perde lo stato attivo,it-IT
F3 + P = 창이 포커스를 잃었을 때 일시 정지,F3 + P = Metti in pausa quando la finestra perde lo stato attivo,it-IT
F3 + Q = Afficher cette liste,F3 + Q = Mostra questa lista,it-IT
F3 + Q = Bu listeyi göster,F3 + Q = Mostra questa lista,it-IT
F3 + Q = Diese Liste anzeigen,F3 + Q = Mostra questa lista,it-IT
F3 + Q = Hiển thị danh sách này,F3 + Q = Mostra questa lista,it-IT
F3 + Q = Mostrar essa lista,F3 + Q = Mostra questa lista,it-IT
F3 + Q = Mostrar esta lista,F3 + Q = Mostra questa lista,it-IT
F3 + Q = Show this list,F3 + Q = Mostra questa lista,it-IT
F3 + Q = Показать этот список,F3 + Q = Mostra questa lista,it-IT
F3 + Q = แสดงรายการนี้,F3 + Q = Mostra questa lista,it-IT
F3 + Q = このリストを表示,F3 + Q = Mostra questa lista,it-IT
F3 + Q = 显示此列表,F3 + Q = Mostra questa lista,it-IT
F3 + Q = 顯示此清單,F3 + Q = Mostra questa lista,it-IT
F3 + Q = 이 목록 표시,F3 + Q = Mostra questa lista,it-IT
F3 + S = Dinamik dokuları boşalt,F3 + S = Esporta le grafiche dinamiche,it-IT
F3 + S = Dump dynamic textures,F3 + S = Esporta le grafiche dinamiche,it-IT
F3 + S = Dynamische Texturen ausgeben,F3 + S = Esporta le grafiche dinamiche,it-IT
F3 + S = Exporter les textures dynamiques,F3 + S = Esporta le grafiche dinamiche,it-IT
F3 + S = Salvar texturas dinâmicas,F3 + S = Esporta le grafiche dinamiche,it-IT
F3 + S = Sao lưu hoạ tiết động,F3 + S = Esporta le grafiche dinamiche,it-IT
F3 + S = Volcar texturas dinámicas,F3 + S = Esporta le grafiche dinamiche,it-IT
F3 + S = Сохранить динамические текстуры,F3 + S = Esporta le grafiche dinamiche,it-IT
F3 + S = ดัมป์ข้อมูลเทกซ์เจอร์ไดนามิก,F3 + S = Esporta le grafiche dinamiche,it-IT
F3 + S = ダイナミックテクスチャを保存,F3 + S = Esporta le grafiche dinamiche,it-IT
F3 + S = 傾印動態紋理,F3 + S = Esporta le grafiche dinamiche,it-IT
F3 + S = 转储动态纹理,F3 + S = Esporta le grafiche dinamiche,it-IT
F3 + S = 동적 텍스처 저장,F3 + S = Esporta le grafiche dinamiche,it-IT
F3 + T = Kaynak paketlerini yeniden yükle,F3 + T = Ricarica i pacchetti di risorse,it-IT
F3 + T = Nạp lại gói tài nguyên,F3 + T = Ricarica i pacchetti di risorse,it-IT
F3 + T = Recargar paquetes de recursos,F3 + T = Ricarica i pacchetti di risorse,it-IT
F3 + T = Recarregar pacotes de recursos,F3 + T = Ricarica i pacchetti di risorse,it-IT
F3 + T = Recharger les packs de ressources,F3 + T = Ricarica i pacchetti di risorse,it-IT
F3 + T = Reload resource packs,F3 + T = Ricarica i pacchetti di risorse,it-IT
F3 + T = Ressourcenpakete neu laden,F3 + T = Ricarica i pacchetti di risorse,it-IT
F3 + T = Перезагрузить наборы ресурсов,F3 + T = Ricarica i pacchetti di risorse,it-IT
F3 + T = รีโหลดรีซอร์ซแพ็ก,F3 + T = Ricarica i pacchetti di risorse,it-IT
F3 + T = リソースパックを再読み込み,F3 + T = Ricarica i pacchetti di risorse,it-IT
F3 + T = 重新加载资源包,F3 + T = Ricarica i pacchetti di risorse,it-IT
F3 + T = 重新載入資源包,F3 + T = Ricarica i pacchetti di risorse,it-IT
F3 + T = 리소스 팩 새로 고침,F3 + T = Ricarica i pacchetti di risorse,it-IT
F3 + V = Client version info,F3 + V = Informazioni sulla versione del client,it-IT
F3 + V = Clientseitige Versionsinformationen ausgeben,F3 + V = Informazioni sulla versione del client,it-IT
F3 + V = Información de la versión del cliente,F3 + V = Informazioni sulla versione del client,it-IT
F3 + V = Informations sur la version du client,F3 + V = Informazioni sulla versione del client,it-IT
F3 + V = Informações da versão do cliente,F3 + V = Informazioni sulla versione del client,it-IT
F3 + V = İstemci sürüm bilgisi,F3 + V = Informazioni sulla versione del client,it-IT
F3 + V = Thông tin phiên bản máy khách,F3 + V = Informazioni sulla versione del client,it-IT
F3 + V = Информация о версии клиента,F3 + V = Informazioni sulla versione del client,it-IT
F3 + V = ข้อมูลเวอร์ชันไคลเอนต์,F3 + V = Informazioni sulla versione del client,it-IT
F3 + V = クライアントのバージョン情報,F3 + V = Informazioni sulla versione del client,it-IT
F3 + V = 显示客户端版本信息,F3 + V = Informazioni sulla versione del client,it-IT
F3 + V = 顯示用戶端版本資訊,F3 + V = Informazioni sulla versione del client,it-IT
F3 + V = 클라이언트 버전 정보,F3 + V = Informazioni sulla versione del client,it-IT
F3 + Échap = Mettre en pause sans afficher le menu (si le jeu le permet),F3 + Esc = Sospendi senza aprire il menù di pausa (solo se è possibile sospendere),it-IT
F3'te,Con F3,it-IT
F3のみ,Con F3,it-IT
F3에서,Con F3,it-IT
Fabricación,Fabbricazione,it-IT
Fabricador,Fabbricatore,it-IT
Fabricateur,Fabbricatore,it-IT
Fabrication,Fabbricazione,it-IT
Fabrications réalisables,Ricette realizzabili,it-IT
Fabricação,Fabbricazione,it-IT
Fabricáveis,Ricette realizzabili,it-IT
Failed to add files,Aggiunta non riuscita,it-IT
Failed to load chunk at %s,Caricamento del chunk in %s non riuscito,it-IT
Failed to perform this friend action. It may be due to the account's privacy settings.,Azione non riuscita. Potrebbe dipendere dalle impostazioni di riservatezza del giocatore,it-IT
Failed to save chunk at %s,Salvataggio del chunk in %s non riuscito,it-IT
Falha ao adicionar os arquivos,Aggiunta non riuscita,it-IT
Falha ao carregar o chunk em %s,Caricamento del chunk in %s non riuscito,it-IT
Falha ao salvar o chunk em %s,Salvataggio del chunk in %s non riuscito,it-IT
Falschmeldung,Falsa segnalazione,it-IT
False Reporting,Falsa segnalazione,it-IT
Falsificação de identidade ou compartilhamento de informações com o intuito de abusar ou enganar pessoas,Sostituzione di persona o diffusione d'informazioni al fine d'ingannare o approfittarsi di altri,it-IT
Fass,Barile,it-IT
Faux signalement,Falsa segnalazione,it-IT
Fechar menu,Chiudi il menù,it-IT
Feedback,Riscontro,it-IT
Feedback geben,Invia riscontro,it-IT
Feedback...,Riscontro...,it-IT
Fehler melden,Segnala errori,it-IT
Fener,Faro,it-IT
Fermer le menu,Chiudi il menù,it-IT
Fertig,Fatto,it-IT
Filtered by the server.,Filtrato dal server.,it-IT
Filtrado pelo servidor.,Filtrato dal server.,it-IT
Filtrado por el servidor.,Filtrato dal server.,it-IT
Filtré par le serveur.,Filtrato dal server.,it-IT
Fim do jogo!,Partita terminata!,it-IT
Fin du profilage. Résultats enregistrés dans %s,Profilatura terminata. Risultati salvati in %s,it-IT
Firmar,Firma,it-IT
Firmar y cerrar,Firma e chiudi,it-IT
"Folge diesem Link, um deine Einstellungen zum Datenschutz und der Online‐Sicherheit zu verwalten.",Apri questo collegamento per gestire le impostazioni di riservatezza e sicurezza in rete.,it-IT
Fontes réalisables,Fusioni realizzabili,it-IT
Fornalha,Fornace,it-IT
Fortfahren,Continua,it-IT
Fortschritt erzielt!,Progresso compiuto!,it-IT
Fortschritte,Progressi,it-IT
Fourneau,Fornace,it-IT
Fraudulent acquisition or use of content,Acquisizione o uso fraudolento di contenuti,it-IT
Freund %s,Amico %s,it-IT
Freund entfernen,Rimuovi amico,it-IT
Freunde,Amici,it-IT
Freundesliste,Lista amici,it-IT
Freundesliste wird geladen …,Caricamento della lista amici...,it-IT
Freundschaftsaktion fehlgeschlagen. Dies könnte an den Datenschutzeinstellungen des Kontos liegen.,Azione non riuscita. Potrebbe dipendere dalle impostazioni di riservatezza del giocatore,it-IT
Freundschaftsanfrage an %s gesendet,Hai inviato una richiesta d'amicizia a %s,it-IT
Freundschaftsanfrage senden,Invia richiesta d'amicizia,it-IT
Friend %s,Amico %s,it-IT
Friend request sent to %s,Hai inviato una richiesta d'amicizia a %s,it-IT
Friends,Amici,it-IT
Friends List,Lista amici,it-IT
"Friends List is not working right now.

Check your internet connection and try again.","La lista amici non è al momento disponibile

Controlla la connessione a Internet e riprova",it-IT
"Friends List is not working right now.

Try again later.","La lista amici non è al momento disponibile

Riprova più tardi",it-IT
Friends online can join.,I giocatori nella tua lista amici possono entrare nel mondo.,it-IT
"Friends you add will be listed here.

Manage online safety with your %s.","Gli amici appariranno qua

Gestisci la sicurezza in rete con l'%s",it-IT
Front Text:,Messaggio anteriore:,it-IT
Fumages réalisables,Affumicature realizzabili,it-IT
Fumoir,Affumicatore,it-IT
Fundíveis,Cotture realizzabili,it-IT
Funil de Itens,Tramoggia,it-IT
Furnace,Fornace,it-IT
Fırlatıcı,Distributore,it-IT
Fıçı,Barile,it-IT
Game Menu,Menù di gioco,it-IT
Game over !,Partita terminata!,it-IT
Game Over!,Partita terminata!,it-IT
Game over!,Partita terminata!,it-IT
Game Paused,Gioco in pausa,it-IT
Ganho ou uso fraudulento de conteúdo,Acquisizione o uso fraudolento di contenuti,it-IT
Gefiltert vom Server.,Filtrato dal server.,it-IT
Gegenstand kann so nicht aufgewertet werden,L'oggetto non può essere migliorato in questo modo,it-IT
Gegenstand zerstören,Distruggi,it-IT
Gegenstände,Selezione oggetti,it-IT
Gelen arkadaş isteği: %s,Richiesta d'amicizia in arrivo da %s,it-IT
Gelişim Yapıldı!,Progresso compiuto!,it-IT
Gelişimler,Progressi,it-IT
Gelişmiş açıklamalar: gizli,Descrizioni avanzate nascoste,it-IT
Gelişmiş açıklamalar: görünür,Descrizioni avanzate visibili,it-IT
Geliştirilmiş şeffaflık: açık,Trasparenza migliorata attivata,it-IT
Geliştirilmiş şeffaflık: kapalı,Trasparenza migliorata disattivata,it-IT
Geniş Sandık,Baule grande,it-IT
Gerenciar com a conta Microsoft,Gestisci con l'account Microsoft,it-IT
Gerencie a segurança online com sua %s,Gestisci la sicurezza in rete con l'%s,it-IT
Geri,Indietro,it-IT
Geri Bildirim,Riscontro,it-IT
Geri Bildirim Gönder,Invia riscontro,it-IT
Geri Bildirim...,Riscontro...,it-IT
Geri Dön (%ss),Indietro (%s s),it-IT
Gerçek hayattaki aşırı şiddet veya kan tasvirleri,Raffigurazioni di scene reali eccessivamente violente o cruente,it-IT
Geselle,Qualificato,it-IT
Geçersiz token sunuldu. Oyunu ve başlatıcıyı yeniden başlatıp tekrar deneyin.,Gettone d'autenticazione non valido. Riavvia il gioco e il launcher prima di riprovare,it-IT
"Gib eine Nachricht ein und drücke die Eingabetaste, um sie abzusenden",Scrivi un messaggio e premi Invio per inviarlo,it-IT
"Gib einen gültigen Profilnamen ein, bevor du eine Freundschaftsanfrage versendest",Inserisci un nome utente valido prima d'inviare una richiesta d'amicizia,it-IT
Giden arkadaş isteği: %s,Richiesta d'amicizia inviata a %s,it-IT
Give Feedback,Invia riscontro,it-IT
Gizli,Nascosti,it-IT
Gizli - Çevrim dışı,Nascosto/a — Non in linea,it-IT
Gizlilik ve çevrim içi güvenlik ayarlarınızı düzenlemek için bu linki açın.,Apri questo collegamento per gestire le impostazioni di riservatezza e sicurezza in rete.,it-IT
Giàn pha thuốc,Alambicco,it-IT
Goal Reached!,Obiettivo raggiunto!,it-IT
"Grafik nitelikte olan; cinsel eylemler, cinsel organlar ve cinsel şiddetle ilgili görünümler.","Skin esplicite con riferimenti ad atti sessuali, organi sessuali o violenza sessuale.",it-IT
Grand coffre,Baule grande,it-IT
Große Truhe,Baule grande,it-IT
Guarda barra de objetos con %1$s + %2$s,Salva la barra rapida con %1$s + %2$s,it-IT
Guardando chunks,Salvataggio dei chunk...,it-IT
Guardando mundo,Salvataggio del mondo...,it-IT
Guardar borrador,Salva bozza,it-IT
Guardar y salir al menú principal,Salva ed esci dal mondo,it-IT
Guia %s,Scheda %s,it-IT
Gán phím:,Combinazioni di tasti:,it-IT
Gérer avec le compte Microsoft,Gestisci con l'account Microsoft,it-IT
Gérez votre sécurité en ligne avec votre %s,Gestisci la sicurezza in rete con l'%s,it-IT
Gönderildi,Inviate,it-IT
Gönderilecek ileti: %s,Messaggio da inviare: %s,it-IT
Güvenmediğiniz kişilerden gelen bağlantıları asla açmayın!,Mai aprire collegamenti di persone di cui non ti fidi!,it-IT
"Gần đây chúng tôi đã nhận được báo cáo về hành vi xấu của tài khoản của bạn. Kiểm duyệt viên của chúng tôi đã xem xét trường hợp của bạn và xác định nó là %s, điều này vi phạm Tiêu chuẩn cộng đồng của Minecraft.","Abbiamo ricevuto una segnalazione per comportamento scorretto da parte del tuo account. I nostri moderatori hanno revisionato il tuo caso e l'hanno identificato come %s, che viola le norme della collettività di Minecraft.",it-IT
Gần đây chúng tôi đã nhận được báo cáo về hành vi xấu của tài khoản của bạn. Kiểm duyệt viên của chúng tôi đã xem xét trường hợp của bạn và xác định nó vi phạm Tiêu chuẩn cộng đồng của Minecraft.,Abbiamo ricevuto una segnalazione per comportamento scorretto da parte del tuo account. I nostri moderatori hanno revisionato il tuo caso e hanno stabilito che viola le norme della collettività di Minecraft.,it-IT
Gặp sự cố trong %s...,Arresto del gioco tra %s...,it-IT
Gỡ lỗi trình kết xuất,Visualizzazioni diagnostiche,it-IT
Gửi báo cáo,Invia segnalazione,it-IT
Gửi phản hồi,Invia riscontro,it-IT
Gửi yêu cầu kết bạn,Invia richiesta d'amicizia,it-IT
Ha habido un problema al enviar tu denuncia,Errore durante l'invio della segnalazione,it-IT
Handwerk,Fabbricazione,it-IT
Harassment or bullying,Molestie o bullismo,it-IT
Harcèlement ou intimidation,Molestie o bullismo,it-IT
Haritacı Masası,Cartografia,it-IT
Has recibido %s solicitudes de amistad,Hai ricevuto %s richieste d'amicizia,it-IT
Has solicitado unirte al mundo de %s,Hai chiesto di entrare nel mondo di %s,it-IT
Hassrede,Incitamento all'odio,it-IT
Hassrede oder Diskriminierung,Incitamento all'odio o discriminazione,it-IT
Hata ayıklama bilgisi azaltıldığında görünmez.,Non visibile quando le informazioni diagnostiche sono ridotte.,it-IT
Hata Ayıklama Ekran Yazısı,Informazioni diagnostiche,it-IT
Hata Ayıklama Görüntü Oluşturucuları,Visualizzazioni diagnostiche,it-IT
Hata Ayıklama Seçenekleri,Opzioni diagnostiche,it-IT
Hata Bildir,Segnala errori,it-IT
Hate speech,Incitamento all'odio,it-IT
Hate speech or discrimination,Incitamento all'odio o discriminazione,it-IT
Hauptmenü,Menù principale,it-IT
Haut,Su,it-IT
Haut fourneau,Forno fusorio,it-IT
Hayır,No,it-IT
Haz clic derecho para ver más,Tasto destro per altre ricette,it-IT
Haz clic para copiar al portapapeles,Clicca per copiare negli appunti,it-IT
Haz clic para desactivar el espacio,Clicca per disattivare la casella,it-IT
Haz clic para mostrar el siguiente mensaje,Clicca per mostrare il prossimo messaggio,it-IT
Haz clic para teletransportarte,Clicca per teletrasportarti,it-IT
Hecho,Fatto,it-IT
Hedefe Ulaşıldı!,Obiettivo raggiunto!,it-IT
"Hemos recibido tu denuncia, ¡muchas gracias!

Nuestro equipo la revisará lo más pronto posible.","Abbiamo ricevuto la tua segnalazione. Grazie!

Il nostro team la revisionerà il prima possibile.",it-IT
Her Zaman,Sì,it-IT
Herkese açık profil anahtarı bulunamadığı için sohbet devre dışı bırakıldı. Lütfen yeniden bağlanmayı deneyin.,Chat disattivata a causa della crittografia asimmetrica del profilo mancante. Prova a riconnetterti.,it-IT
Herkese açık profil anahtarının süresi dolduğu için sohbet kapatıldı. Lütfen yeniden bağlanmayı deneyin.,Chat disattivata a causa della crittografia asimmetrica del profilo scaduta. Prova a riconnetterti.,it-IT
Herstellbares wird angezeigt,Ricette realizzabili,it-IT
Hesabınız geçici olarak yasaklandı ​​ve %s içinde yeniden etkinleştirilecek.,Il tuo account è temporaneamente sospeso e verrà riattivato tra %s.,it-IT
"Hesabınız kalıcı olarak yasaklandı, çevrim içi oynayamayacak ve Realms’e katılamayacaksınız.","Il tuo account è permanentemente bannato, quindi non puoi giocare in rete o entrare nei Realm.",it-IT
Hesabınız çevrim içi oyundan geçici olarak yasaklandı,Il tuo account è temporaneamente sospeso dal gioco in rete,it-IT
Hesabınız çevrim içi oyundan kalıcı olarak yasaklandı,Il tuo account è permanentemente sospeso dal gioco in rete,it-IT
Hesap ayarlarından dolayı sohbet kullanılamıyor. Daha fazla bilgi için '%s' tuşuna tekrar basın.,Chat disattivata nelle impostazioni dell'account. Premi di nuovo «%s» per ulteriori informazioni.,it-IT
Hesap ayarlarından dolayı sohbet kullanılamıyor. İletiler gönderilemiyor ve görüntülenemiyor.,Chat disattivata nelle impostazioni dell'account. Impossibile mandare o leggere i messaggi.,it-IT
Hesap Geçici Olarak Yasaklandı,Account temporaneamente sospeso,it-IT
Hesap Kalıcı Olarak Yasaklandı,Account permanentemente bannato,it-IT
Hidden,Nascosti,it-IT
Hidden - Offline,Nascosto/a — Non in linea,it-IT
Hide in Chat,Nascondi nella chat,it-IT
Hide messages,Nascondi messaggi,it-IT
Hide messages from %s,Nascondi messaggi da %s,it-IT
Hier scheint es nichts zu geben …,Sembra non esserci nulla qua...,it-IT
Hileli içerik edinimi veya kullanımı,Acquisizione o uso fraudolento di contenuti,it-IT
Hinweis zu benutzerdefinierten Menüs,Nota riguardante le schermate personalizzate,it-IT
"Hinweis! Wenn du das Buch signierst, kann es nicht mehr bearbeitet werden.",Attenzione! Dopo aver firmato il libro non potrai più modificarlo.,it-IT
"Hinweis: Benutzerdefinierte Optionen werden von Servern und/oder Inhalten Dritter bereitgestellt.
Sei vorsichtig!","Nota: le opzioni personalizzate sono fornite da server o contenuti di terze parti.
Usare con cautela!",it-IT
Hinzufügen der Dateien fehlgeschlagen,Aggiunta non riuscita,it-IT
"Hinzugefügte Freunde werden hier aufgelistet.

Verwalte deine Online‐Sicherheit in deinem %s.","Gli amici appariranno qua

Gestisci la sicurezza in rete con l'%s",it-IT
Hitboxen: sichtbar,Zone di collisione visibili,it-IT
Hitboxen: unsichtbar,Zone di collisione nascoste,it-IT
Hitboxes: hidden,Zone di collisione nascoste,it-IT
Hitboxes: shown,Zone di collisione visibili,it-IT
Hiçbir uyku bu geceyi atlatmaya yetmez,Non è possibile saltare la notte,it-IT
Hiçbiri,Nessuno,it-IT
Hiển thị những gì chế tạo được,Ricette realizzabili,it-IT
Hiển thị những gì luyện kim được,Fusioni realizzabili,it-IT
Hiển thị những gì nung được,Cotture realizzabili,it-IT
Hiển thị những gì nấu được,Affumicature realizzabili,it-IT
Hiển thị tin nhắn,Mostra messaggi,it-IT
Hiển thị tin nhắn từ %s,Mostra messaggi da %s,it-IT
Hiển thị trong trò chuyện,Mostra nella chat,it-IT
Hiển thị tài liệu dâm dục hoặc khiêu dâm,Condivisione di materiali osceni o pornografici,it-IT
Hiển thị tất cả,Tutte le ricette,it-IT
Hiện không có người chơi nào với tên hồ sơ này,Non esiste un giocatore con questo nome utente,it-IT
Hiện không có người chơi nào để báo cáo trong thế giới này,Nessun giocatore segnalabile,it-IT
Hiện đang chơi: %s,In riproduzione: %s,it-IT
Hoch,Su,it-IT
Honey: %s / %s,Miele: %s/%s,it-IT
Honig: %s/%s,Miele: %s/%s,it-IT
Horno,Fornace,it-IT
Hors ligne,Non in linea,it-IT
Houve um problema ao enviar a denúncia,Errore durante l'invio della segnalazione,it-IT
Hoàn thành thử thách!,Impresa completata!,it-IT
Huỷ bỏ,Annulla,it-IT
Huỷ bỏ báo cáo và nhận xét chứ?,Annullare la segnalazione e i commenti?,it-IT
Huỷ bỏ yêu cầu,Annulla richiesta,it-IT
Hành động nhanh,Azioni rapide,it-IT
Hành động nhanh...,Azioni rapide...,it-IT
Hành động nhấn vào đã bị tắt cho tấm biển này,Non puoi interagire con questo cartello,it-IT
Há novas receitas!,Nuove ricette sbloccate!,it-IT
Hãy chọn danh mục báo cáo,Seleziona una categoria di segnalazione,it-IT
Hãy chọn ít nhất một tin nhắn trò chuyện để báo cáo,Seleziona almeno un messaggio in chat da segnalare,it-IT
Hãy cập nhật trò chơi để truy cập danh sách bạn bè của bạn.,Aggiorna il gioco per accedere alla lista amici,it-IT
Hãy mô tả lí do bạn muốn báo cáo tên này:,Descrivi perché vuoi segnalare questo nome:,it-IT
Hãy mô tả những gì đã xảy ra:,Descrivi quello che è successo:,it-IT
Hãy rút ngắn nhận xét,Abbrevia il commento,it-IT
Hãy xem sách công thức,Controlla il ricettario,it-IT
Hängeschildbeschriftung bearbeiten,Messaggio dell'insegna:,it-IT
Hình như không có gì ở đây...,Sembra non esserci nulla qua...,it-IT
Hình ảnh thân mật không có sự đồng thuận,Immagini intime non consensuali,it-IT
Hızlı Eylemler,Azioni rapide,it-IT
Hızlı Eylemler…,Azioni rapide...,it-IT
Hồ sơ hiệu suất,Profilo prestazioni,it-IT
Hồ sơ mặc định,Profilo predefinito,it-IT
Hồi sinh,Rinasci,it-IT
Hộp chỉnh sửa %s: %s,Casella di testo %s: %s,it-IT
Hộp Shulker,Scatola di shulker,it-IT
Hộp va chạm: đã hiển thị,Zone di collisione visibili,it-IT
Hộp va chạm: đã ẩn đi,Zone di collisione nascoste,it-IT
I want to report them,Voglio segnalare questo giocatore,it-IT
I'm annoyed with them / they have done something I do not like.,Questo giocatore m'infastidisce o ha fatto qualcosa che non mi piace.,it-IT
Ich möchte diesen Spieler melden,Voglio segnalare questo giocatore,it-IT
"Ich ärgere mich über diesen Spieler bzw. dieser hat etwas getan, was mir nicht gefällt.",Questo giocatore m'infastidisce o ha fatto qualcosa che non mi piace.,it-IT
"Identitätsdiebstahl oder Verbreitung von Informationen, um andere zu täuschen oder zu betrügen",Sostituzione di persona o diffusione d'informazioni al fine d'ingannare o approfittarsi di altri,it-IT
"If you leave, you'll lose this report and your comments.
Are you sure you want to leave?","Se abbandoni, perderai questa segnalazione e i tuoi commenti.
Vuoi davvero abbandonare?",it-IT
Il n'y a aucun joueur avec ce nom de profil,Non esiste un giocatore con questo nome utente,it-IT
Il n'y a aucun joueur à signaler dans ce monde,Nessun giocatore segnalabile,it-IT
Il semble qu'il n'y a pas grand-chose ici...,Sembra non esserci nulla qua...,it-IT
Il y a trop de messages inclus dans le signalement,Troppi messaggi inclusi nella segnalazione,it-IT
Im Browser öffnen,Apri collegamento,it-IT
Im Chat anzeigen,Mostra nella chat,it-IT
Im Chat ausblenden,Nascondi nella chat,it-IT
Im LAN öffnen,Rete locale...,it-IT
Im Overlay,Cruscotto,it-IT
Imagens íntimas sem consentimento,Immagini intime non consensuali,it-IT
Images intimes non consenties,Immagini intime non consensuali,it-IT
Immer,Sì,it-IT
Impersonation or sharing information to exploit or mislead others,Sostituzione di persona o diffusione d'informazioni al fine d'ingannare o approfittarsi di altri,it-IT
Imposible teletransportarse. El otro sitio no está generado aún.,Impossibile teletrasportarsi: la destinazione non è ancora stata generata,it-IT
Impossible d'envoyer de message sur le tchat,Impossibile inviare il messaggio in chat,it-IT
Impossible d'envoyer votre demande d'ami pour le moment,Impossibile inviare la richiesta d'amicizia al momento,it-IT
Impossible de joindre le service de signalement des abus. Assurez-vous d'être connecté(e) à Internet puis réessayez.,Impossibile raggiungere il servizio di segnalazione abusi. Assicurati di essere connesso a Internet e riprova.,it-IT
Impossible de se téléporter. La destination n'a pas encore été générée.,Impossibile teletrasportarsi: la destinazione non è ancora stata generata,it-IT
Impossible de trouver un joueur avec ce nom,Impossibile trovare questo giocatore,it-IT
Impossible à ouvrir. Les objets n'ont pas encore été générés.,Impossibile aprire: il contenuto non è stato ancora generato,it-IT
Improved transparency: disabled,Trasparenza migliorata disattivata,it-IT
Improved transparency: enabled,Trasparenza migliorata attivata,it-IT
Imágenes íntimas sin consentimiento,Immagini intime non consensuali,it-IT
In die Zwischenablage kopieren,Copia negli appunti,it-IT
"In dieser Welt sind keine Spieler, die gemeldet werden könnten",Nessun giocatore segnalabile,it-IT
In F3,Con F3,it-IT
In Overlay,Cruscotto,it-IT
Incentivo ao uso de drogas ilícitas,Riferimenti a droghe illegali,it-IT
Incoming friend request from %s,Richiesta d'amicizia in arrivo da %s,it-IT
Info-bulles avancées : masquées,Descrizioni avanzate nascoste,it-IT
Info-bulles avancées : visibles,Descrizioni avanzate visibili,it-IT
Información de la versión del cliente:,Informazioni sulla versione del client:,it-IT
Informar al servidor,Segnala al server,it-IT
Informar ao servidor,Segnala al server,it-IT
Informar de error,Segnala errori,it-IT
Informar erros,Segnala errori,it-IT
Informar os detalhes nos ajudará a tomar a melhor decisão.,Condividere i dettagli ci aiuterà a compiere una decisione ben informata.,it-IT
Informations sur la version du client :,Informazioni sulla versione del client:,it-IT
Informações da versão do cliente:,Informazioni sulla versione del client:,it-IT
Iniciado perfilado durante %s segundos. Usa %s + %s para detenerlo antes.,Profilatura di %s secondi avviata. Premi %s + %s per interromperla in anticipo,it-IT
Iniciado perfilado durante %s segundos. Usa F3 + L para detenerlo antes.,Profilatura di %s secondi avviata. Premi F3 + L per interromperla in anticipo,it-IT
Input message and press Enter to send,Scrivi un messaggio e premi Invio per inviarlo,it-IT
Insira o nome do perfil,Inserisci il nome utente,it-IT
Insira um nome de perfil válido antes de enviar um pedido de amizade,Inserisci un nome utente valido prima d'inviare una richiesta d'amicizia,it-IT
Intención de causar daños en la vida real a personas o bienes,Intento di causare danno nella vita reale a persone o beni,it-IT
Intent to cause real-life harm to persons or property,Intento di causare danno nella vita reale a persone o beni,it-IT
Intentando incluir demasiados mensajes en la denuncia,Troppi messaggi inclusi nella segnalazione,it-IT
Intention de nuire à des personnes ou à des biens dans la vraie vie,Intento di causare danno nella vita reale a persone o beni,it-IT
Intenção de ferir pessoas ou bens na vida real,Intento di causare danno nella vita reale a persone o beni,it-IT
Interacciones sociales,Interazioni sociali,it-IT
Interactions sociales,Interazioni sociali,it-IT
Interações sociais,Interazioni sociali,it-IT
Interrompendo o jogo em %s...,Arresto del gioco tra %s...,it-IT
Intime Bilder ohne Einverständnis,Immagini intime non consensuali,it-IT
Intimidación o acoso,Molestie o bullismo,it-IT
"Invalid token supplied. Restart your game and launcher, then try again.",Gettone d'autenticazione non valido. Riavvia il gioco e il launcher prima di riprovare,it-IT
Inventaire,Inventario,it-IT
Inventar,Inventario,it-IT
Inventory,Inventario,it-IT
Inventário,Inventario,it-IT
Invitar,Invita,it-IT
Invitation to %s to join this world has expired.,L'invito a entrare nel mondo inviato a %s è scaduto,it-IT
Invitation to join %s's world has expired.,L'invito a entrare nel mondo di %s è scaduto,it-IT
Invite,Invita,it-IT
Inviter,Invita,it-IT
"Irgendetwas stimmt nicht – mit dieser Funktion, nicht mit deinen Freunden!

Versuche es später erneut.","Qualcosa non va... con questa funzionalità, mica coi tuoi amici!

Riprova più tardi",it-IT
Item can't be upgraded this way,L'oggetto non può essere migliorato in questo modo,it-IT
Item Hopper,Tramoggia,it-IT
Item hotbar saved (restore with %1$s + %2$s),Barra rapida salvata (ripristinala con %1$s + %2$s),it-IT
Item Selection,Selezione oggetti,it-IT
Işınlanmak için tıklayın,Clicca per teletrasportarti,it-IT
Işınlanılacak bir oyuncu seç,Scegli un giocatore presso cui teletrasportarti,it-IT
Işınlanılacak bir takım seç,Scegli una squadra presso cui teletrasportarti,it-IT
Işınlanılamıyor. Diğer taraf henüz oluşturulmadı.,Impossibile teletrasportarsi: la destinazione non è ancora stata generata,it-IT
"İftira, taklit veya yanlış bilgilendirme",Diffamazione,it-IT
İksir Tezgâhı,Alambicco,it-IT
İleti girin ve göndermek için Enter tuşuna basın,Scrivi un messaggio e premi Invio per inviarlo,it-IT
İleti sunucu tarafından düzenlendi. Asıl hali:,Messaggio modificato dal server. Originale:,it-IT
İletileri gizle,Nascondi messaggi,it-IT
İletileri göster,Mostra messaggi,it-IT
İmzala,Firma,it-IT
İmzala ve Kapat,Firma e chiudi,it-IT
İnmek için %1$s tuşuna basın,Premi %1$s per scendere,it-IT
İptal,Annulla,it-IT
İptal Et,Annulla,it-IT
İptal et,Annulla,it-IT
İstatistik bulunamadı.,Nessuna statistica trovata.,it-IT
İstatistikler,Statistiche,it-IT
İstekler (%s),Richieste (%s),it-IT
İstekler yükleniyor...,Caricamento delle richieste...,it-IT
İstemci sürüm bilgisi:,Informazioni sulla versione del client:,it-IT
İstemci taraflı blok verisi panoya kopyalandı,Dati blocco (lato client) copiati negli appunti,it-IT
İstemci taraflı varlık verisi panoya kopyalandı,Dati entità (lato client) copiati negli appunti,it-IT
J'ai compris,Ne prendo atto,it-IT
Ja,Sì,it-IT
Je veux signaler ce joueur,Voglio segnalare questo giocatore,it-IT
"Jemand demütigt, attackiert oder schikaniert dich oder eine andere Person. Dies gilt auch, wenn jemand wiederholt versucht, mit dir oder einer anderen Person ungefragt in Verbindung zu treten oder persönliche Privatinformationen über dich oder eine andere Person ungefragt zu veröffentlichen („Doxen“).","Qualcuno sta umiliando, aggredendo o bullizzando te o qualcun altro. Ciò comprende quando qualcuno tenta ripetutamente di contattare te o qualcun altro senza permesso o condivide informazioni personali private su di te o qualcun altro senza permesso.",it-IT
"Jemand droht damit, dir oder jemand anderem im wirklichen Leben Schaden zuzufügen.",Qualcuno sta minacciando di fare del male a te o qualcun altro nella vita reale.,it-IT
"Jemand droht damit, sich selbst im wirklichen Leben zu verletzen, oder spricht davon, das zu tun.",Qualcuno sta minacciando di farsi del male nella vita reale o sta menzionando il farsi del male nella vita reale.,it-IT
"Jemand ermutigt andere, sich an rechtswidrigen drogenbezogenen Aktivitäten zu beteiligen, oder regt Minderjährige zum Alkoholkonsum an.",Qualcuno sta incoraggiando gli altri a partecipare ad attività illegali legate alla droga o all'alcolismo minorile.,it-IT
"Jemand greift dich oder einen anderen Spieler aufgrund von Merkmalen seiner Identität wie Religion, Ethnie oder Sexualität an.","Qualcuno sta aggredendo te o un altro giocatore sulla base di caratteristiche della propria identità, come religione, etnia od orientamento sessuale.",it-IT
"Jemand schädigt deinen Ruf oder jenen einer anderen Person, zum Beispiel durch die Verbreitung von Falschinformationen mit dem Ziel, andere zu täuschen oder zu betrügen.","Qualcuno sta danneggiando la reputazione tua o di qualcun altro, per esempio condividendo informazioni false con lo scopo di sfruttare o ingannare gli altri.",it-IT
Jemand spricht über anstößiges Verhalten gegenüber Kindern oder fördert es auf andere Weise.,Qualcuno sta menzionando o promuovendo comportamenti indecenti con minori.,it-IT
"Jemand spricht über private und intime Bilder, gibt sie weiter oder macht sie auf andere Weise zugänglich.","Qualcuno sta menzionando, condividendo o promuovendo immagini private e intime.",it-IT
"Jemand spricht über Terrorismus oder gewalttätigen Extremismus aus politischen, religiösen, ideologischen oder anderen Gründen, fördert ihn oder droht damit, ihn zu verüben.","Qualcuno sta menzionando, promuovendo o minacciando di commettere atti di terrorismo o estremismo violento per motivi politici, religiosi, ideologici o di altro tipo.",it-IT
Jeton non valide fourni. Redémarrez le jeu et le Launcher puis réessayez.,Gettone d'autenticazione non valido. Riavvia il gioco e il launcher prima di riprovare,it-IT
Jetzt spielt: %s,In riproduzione: %s,it-IT
Jeu en pause,Gioco in pausa,it-IT
Jogar mundo de demonstração,Gioca nel mondo di prova,it-IT
Jogo pausado,Gioco in pausa,it-IT
Join,Entra,it-IT
Jouer dans le monde de démo,Gioca nel mondo di prova,it-IT
Journeyman,Qualificato,it-IT
Juego en pausa,Gioco in pausa,it-IT
Jugar mundo de demostración,Gioca nel mondo di prova,it-IT
Kabul Et,Accetta,it-IT
Kabul et,Accetta,it-IT
Kaldır,Rimuovi,it-IT
Kalfa,Qualificato,it-IT
Kalkmak için %1$s tuşuna basın,Premi %1$s per alzarti,it-IT
Kann nicht geöffnet werden. Inhalt wurde noch nicht generiert.,Impossibile aprire: il contenuto non è stato ancora generato,it-IT
Kann nicht teleportiert werden. Die andere Seite wurde noch nicht generiert.,Impossibile teletrasportarsi: la destinazione non è ancora stata generata,it-IT
KAPALI,No,it-IT
Kartentisch,Cartografia,it-IT
Katıl,Entra,it-IT
Katılmayı iste,Chiedi di entrare,it-IT
Kaydet ve Ana Menüye Dön,Salva ed esci dal mondo,it-IT
Kaynak paketleri yeniden yüklendi,Pacchetti di risorse ricaricati,it-IT
Kein,Nessuno,it-IT
"Keine Nachrichten von %s, die gemeldet werden könnten",Nessun messaggio segnalabile da %s trovato,it-IT
Keine offenen Freundschaftsanfragen,Nessuna richiesta in sospeso,it-IT
Keine Spieler im Chat ausgeblendet,Nessun giocatore nascosto nella chat,it-IT
Keine Spieler im Chat blockiert,Nessun giocatore bloccato nella chat,it-IT
Keine Statistiken gefunden.,Nessuna statistica trovata.,it-IT
Keinen Spieler mit diesem Namen gefunden,Impossibile trovare questo giocatore,it-IT
Kendine arkadaşlık isteği yollayamazsın,Non puoi inviarti una richiesta d'amicizia,it-IT
Kendine zarar verme veya intihar,Autolesionismo o suicidio,it-IT
Key bindings:,Combinazioni di tasti:,it-IT
"Khi gửi báo cáo này, bạn xác nhận rằng thông tin mà bạn cung cấp là chính xác và hoàn thiện nhất từ tất cả hiểu biết của bạn.","Inviando questa segnalazione, confermi che le informazioni che hai fornito sono accurate e complete al meglio delle tue conoscenze.",it-IT
Khung cửi,Telaio,it-IT
Không,No,it-IT
Không ai có thể tham gia.,Nessuno può entrare nel mondo.,it-IT
Không có,Nessuno,it-IT
Không có ng.chơi bị chặn trong trò chuyện,Nessun giocatore bloccato nella chat,it-IT
Không có ng.chơi bị ẩn đi trong trò chuyện,Nessun giocatore nascosto nella chat,it-IT
Không có tin nhắn nào có thể được báo cáo từ người chơi %s,Nessun messaggio segnalabile da %s trovato,it-IT
Không có yêu cầu kết bạn đang chờ,Nessuna richiesta in sospeso,it-IT
Không hiển thị khi thông tin gỡ lỗi bị giảm bớt.,Non visibile quando le informazioni diagnostiche sono ridotte.,it-IT
Không phù hợp về mặt tình dục,Contenuti sessuali non appropriati,it-IT
Không thể dịch chuyển. Chiều không gian bên kia chưa được khởi tạo.,Impossibile teletrasportarsi: la destinazione non è ancora stata generata,it-IT
Không thể gửi tin nhắn trò chuyện,Impossibile inviare il messaggio in chat,it-IT
Không thể gửi yêu cầu kết bạn của bạn ngay lúc này,Impossibile inviare la richiesta d'amicizia al momento,it-IT
Không thể kết nối đến dịch vụ báo cáo lạm dụng. Hãy đảm bảo bạn đã kết nối với Internet và thử lại.,Impossibile raggiungere il servizio di segnalazione abusi. Assicurati di essere connesso a Internet e riprova.,it-IT
Không thể lưu đoạn khúc tại %s,Salvataggio del chunk in %s non riuscito,it-IT
Không thể mở giao diện đổi chế độ chơi; không có quyền,Non hai l'autorizzazione a cambiare modalità di gioco,it-IT
Không thể mở. Vẫn chưa tạo ra lợi phẩm.,Impossibile aprire: il contenuto non è stato ancora generato,it-IT
Không thể nạp đoạn khúc tại %s,Caricamento del chunk in %s non riuscito,it-IT
Không thể thêm tập tin,Aggiunta non riuscita,it-IT
Không thể thực hiện hành động bạn bè này. Có thể do cài đặt quyền riêng tư của tài khoản.,Azione non riuscita. Potrebbe dipendere dalle impostazioni di riservatezza del giocatore,it-IT
Không thể tìm thấy bất kì người chơi nào có tên đó,Impossibile trovare questo giocatore,it-IT
Không thể đổi chế độ chơi; không có quyền,Non hai l'autorizzazione a cambiare modalità di gioco,it-IT
Không tìm thấy số liệu.,Nessuna statistica trovata.,it-IT
Không đủ lượng người nghỉ ngơi để có thể vượt qua đêm này,Non è possibile saltare la notte,it-IT
Khủng bố hoặc chủ nghĩa cực đoan bạo lực,Terrorismo o estremismo violento,it-IT
Kimse giremez.,Nessuno può entrare nel mondo.,it-IT
Kitabı Al,Prendi il libro,it-IT
Kitap Adı:,Titolo del libro:,it-IT
Kitap Düzenleme Ekranı,Finestra di modifica del libro,it-IT
Kitap Görüntüleme Ekranı,Finestra di lettura del libro,it-IT
Kitap İmzalama Ekranı,Finestra della firma del libro,it-IT
Kişilere veya mülke gerçek hayatta zarar verme niyeti,Intento di causare danno nella vita reale a persone o beni,it-IT
Klickaktionen sind für dieses Schild deaktiviert,Non puoi interagire con questo cartello,it-IT
Klicke zum Teleportieren,Clicca per teletrasportarti,it-IT
"Klicke, um die nächste Nachricht anzuzeigen",Clicca per mostrare il prossimo messaggio,it-IT
"Klicke, um Inventarplatz zu sperren",Clicca per disattivare la casella,it-IT
"Klicken, um in die Zwischenablage zu kopieren",Clicca per copiare negli appunti,it-IT
Kod: %s,Codice: %s,it-IT
Kod: %s - %s,Codice: %s — %s,it-IT
Komut gönderme izni yok,L'invio di comandi non è consentito,it-IT
"Komut seçmek için bir tuşa basın, kullanmak için tekrar basın.","Premi un tasto per selezionare un comando, premilo nuovamente per eseguirlo",it-IT
"Komut, beklenmeyen veya eksik değişken imzasına sahip.",Firme degli argomenti del comando non previste o mancanti.,it-IT
Konto dauerhaft gesperrt,Account permanentemente bannato,it-IT
Konto vorübergehend gesperrt,Account temporaneamente sospeso,it-IT
Konum panoya kopyalandı,Posizione copiata negli appunti,it-IT
Kopie des Originals,Copia dell'originale,it-IT
Kopie einer Kopie,Copia di una copia,it-IT
Kullanıcı Adı Çok Oyunculuda Yasak,Nome non consentito in multigiocatore,it-IT
Kí tên,Firma,it-IT
Kí tên và đóng lại,Firma e chiudi,it-IT
"Kötü davranışı nerede gözlemlediniz?
Bu, olayı incelememize yardımcı olacak.","Dove hai notato un comportamento scorretto?
Saperlo ci aiuterà ad analizzare il caso.",it-IT
Kötüye Kullanım Bildirme hizmetine ulaşılamıyor. Lütfen internete bağlı olduğunuzdan emin olun ve tekrar deneyin.,Impossibile raggiungere il servizio di segnalazione abusi. Assicurati di essere connesso a Internet e riprova.,it-IT
Köylüler günde en fazla 2 kere stoklarını yeniler.,I villici si riforniscono fino a 2 volte al giorno,it-IT
Kürsü,Leggio,it-IT
Kısıtlanmış sohbet. Detaylar için mesaja tıklayın.,La chat è limitata. Clicca su questo messaggio per più dettagli.,it-IT
Kısıtlanmış sohbet. Dünya ayarlarında ''Kısıtlamalar'' sayfasına git.,La chat è limitata. Vai alla finestra delle limitazioni nelle opzioni del mondo.,it-IT
Kết thúc phân tích hiệu suất. Đã lưu kết quả vào %s,Profilatura terminata. Risultati salvati in %s,it-IT
L'envoi de commandes n'est pas autorisé,L'invio di comandi non è consentito,it-IT
L'envoi de messages dans le tchat n'est pas autorisé,L'invio di messaggi in chat non è consentito,it-IT
L'invitation à rejoindre ce monde envoyée à %s a expiré,L'invito a entrare nel mondo inviato a %s è scaduto,it-IT
L'invitation à rejoindre le monde de %s a expiré,L'invito a entrare nel mondo di %s è scaduto,it-IT
La commande contenait des signatures d'argument de commande inattendues ou manquantes.,Firme degli argomenti del comando non previste o mancanti.,it-IT
La invitación a %s para unirse a este mundo ha caducado.,L'invito a entrare nel mondo inviato a %s è scaduto,it-IT
La invitación para unirte al mundo de %s ha caducado.,L'invito a entrare nel mondo di %s è scaduto,it-IT
"La lista de amigos no está funcionando ahora mismo.

Inténtalo más tarde.","La lista amici non è al momento disponibile

Riprova più tardi",it-IT
"La lista de amigos no funciona ahora mismo.

Comprueba tu conexión e inténtalo de nuevo.","La lista amici non è al momento disponibile

Controlla la connessione a Internet e riprova",it-IT
"La liste d'amis ne fonctionne pas pour le moment.

Réessayez plus tard.","La lista amici non è al momento disponibile

Riprova più tardi",it-IT
"La liste d'amis ne fonctionne pas pour le moment.

Vérifiez votre connexion Internet puis réessayez.","La lista amici non è al momento disponibile

Controlla la connessione a Internet e riprova",it-IT
La sauvegarde du monde pourrait ne pas être possible.,Il salvataggio del mondo potrebbe fallire.,it-IT
LAN,Partita in rete locale,it-IT
LAN,Rete locale,it-IT
LAN Options,Opzioni della partita in rete locale,it-IT
LAN 서버 열기,Rete locale...,it-IT
LAN 설정,Opzioni della partita in rete locale,it-IT
Langage offensant utilisé de manière dirigée et nuisible,Linguaggio offensivo usato in maniera diretta e dannosa,it-IT
LAN‐Optionen,Opzioni della partita in rete locale,it-IT
LANに公開,Rete locale...,it-IT
LANの設定,Opzioni della partita in rete locale,it-IT
Large Chest,Baule grande,it-IT
"Le contenu de cet écran est contrôlé par des serveurs et des cartes tiers qui ne sont pas détenus, exploités ou supervisés par Mojang Studios ou Microsoft.

Attention ! Faites preuve de prudence lorsque vous suivez des liens et ne partagez jamais vos informations personnelles, y compris vos détails de connexion.

Si cet écran vous empêche de jouer, vous pouvez également vous déconnecter du serveur actuel en utilisant le bouton ci-dessous.","I contenuti di questa schermata sono controllati da server e mappe di terze parti che non sono posseduti, gestiti o supervisionati da Mojang Studios o Microsoft.

Usare con cautela! Fa' sempre attenzione nel seguire i collegamenti e non fornire mai dati personali, inclusi i dettagli di accesso.

Se questa schermata t'impedisce di giocare, puoi disconnetterti dal server usando il pulsante qui sotto.",it-IT
Le mode multijoueur est désactivé. Veuillez vérifier les paramètres de votre compte Microsoft.,La modalità multigiocatore è disattivata. Controlla le impostazioni del tuo account Microsoft.,it-IT
Le serveur a envoyé un message non valide.,Messaggio del server non valido.,it-IT
Le serveur a masqué vos messages pour certains joueurs.,Il server ha nascosto il tuo messaggio per alcuni giocatori.,it-IT
Le service de liste d'amis est actuellement indisponible. Veuillez vérifier votre connexion puis réessayez plus tard.,Il servizio della lista amici non è al momento disponibile. Controlla la connessione o riprova più tardi,it-IT
Le service de signalement est indisponible,Il servizio di segnalazioni non è disponibile,it-IT
Le tchat est restreint. Accédez à l'écran des restrictions dans les options du monde.,La chat è limitata. Vai alla finestra delle limitazioni nelle opzioni del mondo.,it-IT
Le tchat est restreint. Cliquez sur ce message pour plus de détails.,La chat è limitata. Clicca su questo messaggio per più dettagli.,it-IT
Learn About Reporting,Scopri di più sulle segnalazioni,it-IT
Leave and Discard Report,Abbandona e annulla la segnalazione,it-IT
Lectern,Leggio,it-IT
Lecture en cours : %s,In riproduzione: %s,it-IT
Lee el texto y asegúrate de marcar la casilla para enviar el informe,Si prega di leggere il testo sopra e selezionare la casella di controllo per poter inviare la segnalazione,it-IT
Lehrling,Apprendista,it-IT
Leia o texto acima e marque a caixa para poder enviar a denúncia.,Si prega di leggere il testo sopra e selezionare la casella di controllo per poter inviare la segnalazione,it-IT
Leistungsprofil,Profilo prestazioni,it-IT
Lenguaje soez utilizado de manera directa y ofensiva,Linguaggio offensivo usato in maniera diretta e dannosa,it-IT
Les actions de clic sont désactivées sur cette pancarte,Non puoi interagire con questo cartello,it-IT
Les amis en ligne peuvent rejoindre le monde.,I giocatori nella tua lista amici possono entrare nel mondo.,it-IT
"Les amis que vous ajoutez apparaîtront ici.

Gérez votre sécurité en ligne avec votre %s.","Gli amici appariranno qua

Gestisci la sicurezza in rete con l'%s",it-IT
Les données de l'entité ont été copiées côté client dans le presse-papiers,Dati entità (lato client) copiati negli appunti,it-IT
Les données de l'entité ont été copiées côté serveur dans le presse-papiers,Dati entità (lato server) copiati negli appunti,it-IT
Les données du bloc ont été copiées côté client dans le presse-papiers,Dati blocco (lato client) copiati negli appunti,it-IT
Les données du bloc ont été copiées côté serveur dans le presse-papiers,Dati blocco (lato server) copiati negli appunti,it-IT
Les joueurs sur le même réseau peuvent rejoindre le monde.,I giocatori sulla tua stessa rete possono entrare nel mondo.,it-IT
Les messages de %s seront affichés dans le tchat,I messaggi in chat di %s verranno mostrati,it-IT
Les messages de %s seront masqués dans le tchat,I messaggi in chat di %s verranno nascosti,it-IT
Les messages entourant cette sélection seront inclus en tant que contexte supplémentaire,I messaggi adiacenti verranno inclusi per fornire del contesto aggiuntivo,it-IT
"Les modifications apportées aux paramètres Xbox peuvent prendre un certain temps à s'appliquer.

Si elles ne se mettent pas à jour, redémarrez le jeu.","La modifica delle impostazioni di Xbox potrebbe richiedere del tempo.

Riavvia il gioco per forzare l'aggiornamento.",it-IT
Les touches %s + %s sont maintenues enfoncées. Cela fera planter le jeu sauf si vous les relâchez.,"Stai tenendo premuti %s + %s. Se non li rilasci, il gioco verrà arrestato.",it-IT
Les touches F3 + C sont maintenues enfoncées. Cela fera planter le jeu sauf si vous les relâchez.,"Stai tenendo premuti F3 + C. Se non li rilasci, il gioco verrà arrestato.",it-IT
Lesepult,Leggio,it-IT
Leuchtfeuer,Faro,it-IT
Level Requirement: %s,Livelli necessari: %s,it-IT
Liberador,Gettatore,it-IT
Liens du serveur,Collegamenti del server,it-IT
Liens du serveur...,Collegamenti...,it-IT
Linguagem imprópria usada de maneira direta e ofensiva,Linguaggio offensivo usato in maniera diretta e dannosa,it-IT
Link kopieren,Copia negli appunti,it-IT
Links do servidor,Collegamenti del server,it-IT
Links do servidor...,Collegamenti...,it-IT
Lista de amigos,Lista amici,it-IT
Liste d'amis,Lista amici,it-IT
Liên kết máy chủ,Collegamenti del server,it-IT
Liên kết máy chủ...,Collegamenti...,it-IT
Loading Friends List...,Caricamento della lista amici...,it-IT
Loading Minecraft,Caricamento di Minecraft...,it-IT
Loading requests...,Caricamento delle richieste...,it-IT
Lokales Netzwerk,Partita in rete locale,it-IT
Lokales Netzwerk,Rete locale,it-IT
Loom,Telaio,it-IT
Los aldeanos se reaprovisionan dos veces al día.,I villici si riforniscono fino a 2 volte al giorno,it-IT
"Los amigos que añadas aparecerán aquí.

Administra tu seguridad en línea con tu %s.","Gli amici appariranno qua

Gestisci la sicurezza in rete con l'%s",it-IT
"Los cambios en los ajustes de Xbox pueden tardar un tiempo en aplicarse.

Si no se actualizan, reinicia el juego.","La modifica delle impostazioni di Xbox potrebbe richiedere del tempo.

Riavvia il gioco per forzare l'aggiornamento.",it-IT
Los jugadores en la misma red pueden unirse.,I giocatori sulla tua stessa rete possono entrare nel mondo.,it-IT
Los mensajes de chat de %s se mostrarán,I messaggi in chat di %s verranno mostrati,it-IT
Los mensajes de chat de %s se ocultarán,I messaggi in chat di %s verranno nascosti,it-IT
Los mensajes relacionados con esta selección serán incluidos para añadir un contexto adicional,I messaggi adiacenti verranno inclusi per fornire del contesto aggiuntivo,it-IT
Low disk space!,Poco spazio su disco!,it-IT
Loại bỏ,Rimuovi,it-IT
Loại bỏ bạn bè,Rimuovi amico,it-IT
Loại: %s,Tipo: %s,it-IT
Lên,Su,it-IT
Lò hun khói,Affumicatore,it-IT
Lò luyện kim,Forno fusorio,it-IT
Lò nung,Fornace,it-IT
Lütfen bir bildiri kategorisi seçin,Seleziona una categoria di segnalazione,it-IT
Lütfen ne olduğunu açıklayın:,Descrivi quello che è successo:,it-IT
Lütfen ne yaşandığını açıklayın:,Descrivi quello che è successo:,it-IT
Lütfen neden bu adı bildirmek istediğinizi açıklayın:,Descrivi perché vuoi segnalare questo nome:,it-IT
Lütfen yorumu kısaltın,Abbrevia il commento,it-IT
Lütfen yorumunuzu kısaltın,Abbrevia il commento,it-IT
Lütfen yukarıdaki yazıyı okuyun ve bildiriyi gönderebilmek için onay kutucuğunu işaretleyin,Si prega di leggere il testo sopra e selezionare la casella di controllo per poter inviare la segnalazione,it-IT
Lưu & trở về màn hình chính,Salva ed esci dal mondo,it-IT
Lưu dưới dạng bản nháp,Salva bozza,it-IT
Lưu thanh nóng bằng %1$s + %2$s,Salva la barra rapida con %1$s + %2$s,it-IT
Lưu ý về màn hình tuỳ chỉnh,Nota riguardante le schermate personalizzate,it-IT
"Lưu ý! Khi bạn kí tên vào quyển sách, nó sẽ không thể chỉnh sửa được nữa.",Attenzione! Dopo aver firmato il libro non potrai più modificarlo.,it-IT
"Lưu ý: Tuỳ chọn tuỳ chỉnh được cung cấp bởi máy chủ và/hoặc nội dung bên thứ ba.
Hãy thận trọng!","Nota: le opzioni personalizzate sono fornite da server o contenuti di terze parti.
Usare con cautela!",it-IT
Lấy hoặc sử dụng nội dung một cách lừa đảo,Acquisizione o uso fraudolento di contenuti,it-IT
Lấy quyển sách,Prendi il libro,it-IT
Lệnh có chữ kí đối số lệnh bị thiếu hoặc không hợp lệ.,Firme degli argomenti del comando non previste o mancanti.,it-IT
Lỗi xác thực trò chuyện,Errore di convalida della chat,it-IT
Lớp phủ,Cruscotto,it-IT
Lời mời %s tham gia thế giới đã hết hạn.,L'invito a entrare nel mondo inviato a %s è scaduto,it-IT
Lời mời tham gia thế giới của %s đã hết hạn.,L'invito a entrare nel mondo di %s è scaduto,it-IT
Lựa chọn vật phẩm,Selezione oggetti,it-IT
Maden Eritme Ocağı,Forno fusorio,it-IT
Maestro,Mastro,it-IT
Manage online safety with your %s,Gestisci la sicurezza in rete con l'%s,it-IT
Manage with Microsoft account,Gestisci con l'account Microsoft,it-IT
Mas información en el registro del juego,Controlla il registro per ulteriori dettagli,it-IT
Masquer dans le tchat,Nascondi nella chat,it-IT
Masquer les messages,Nascondi messaggi,it-IT
Masquer les messages de %s,Nascondi messaggi da %s,it-IT
Masqué(e),Nascosti,it-IT
Masqué(e) - Hors ligne,Nascosto/a — Non in linea,it-IT
Masqués,Nascosti,it-IT
Master,Mastro,it-IT
Maître,Mastro,it-IT
Me molestó / ha hecho algo que no me gusta.,Questo giocatore m'infastidisce o ha fatto qualcosa che non mi piace.,it-IT
Mehrspieler,Multigiocatore,it-IT
Mehrspieler (Drittanbieter-Server),Multigiocatore (server di terze parti),it-IT
Mehrspieler (LAN),Multigiocatore (rete locale),it-IT
Mehrspieler (Online),Multigiocatore (in rete),it-IT
Mehrspieler (Realms),Multigiocatore (Realms),it-IT
Mein Profilname: ,Il tuo nome: ,it-IT
Meister,Mastro,it-IT
Mejorar equipamiento,Migliora un oggetto,it-IT
Mel: %s / %s,Miele: %s/%s,it-IT
Meldeentwurf bearbeiten?,Modificare la bozza della segnalazione?,it-IT
Meldekategorie auswählen,Seleziona una categoria per la segnalazione,it-IT
Melden,Segnala,it-IT
Meldung absenden,Invia segnalazione,it-IT
Meldung gesendet,Segnalazione inviata,it-IT
Meldung und Anmerkungen verwerfen?,Annullare la segnalazione e i commenti?,it-IT
Melhorar equipamento,Migliora un oggetto,it-IT
Menace de nuire à autrui,Minaccia di fare del male agli altri,it-IT
Mensagem do servidor.,Messaggio del server.,it-IT
Mensagem do servidor. Você não pode denunciar.,Messaggio del server. Impossibile segnalare.,it-IT
Mensagem modificada pelo servidor. Original:,Messaggio modificato dal server. Originale:,it-IT
Mensagem não verificada. Você não pode denunciar.,Messaggio non verificato. Impossibile segnalare.,it-IT
Mensagem para enviar: %s,Messaggio da inviare: %s,it-IT
Mensagens do chat,Messaggi in chat,it-IT
Mensaje a enviar: %s,Messaggio da inviare: %s,it-IT
Mensaje de equipo,Scrivi alla squadra,it-IT
Mensaje del servidor.,Messaggio del server.,it-IT
Mensaje del servidor. No se puede denunciar.,Messaggio del server. Impossibile segnalare.,it-IT
Mensaje modificado por el servidor. Original:,Messaggio modificato dal server. Originale:,it-IT
Mensaje no verificado. No se puede denunciar.,Messaggio non verificato. Impossibile segnalare.,it-IT
Mensaje(s) seleccionados: %s/%s,Messaggi selezionati: %s/%s,it-IT
Mensajes de chat,Messaggi in chat,it-IT
Mensajes de chat marcados para denunciar: %s,%s messaggio/i in chat selezionato/i per la segnalazione,it-IT
Menu do jogo,Menù di gioco,it-IT
Menu du jeu,Menù di gioco,it-IT
Menu principal,Menù principale,it-IT
Menu trò chơi,Menù di gioco,it-IT
Menú del juego,Menù di gioco,it-IT
Menú principal,Menù principale,it-IT
Menü schließen,Chiudi il menù,it-IT
Menüyü Kapat,Chiudi il menù,it-IT
Mesa de cartografía,Cartografia,it-IT
Message du serveur.,Messaggio del server.,it-IT
Message du serveur. Ne peut pas être signalé.,Messaggio del server. Impossibile segnalare.,it-IT
Message modified by the server. Original:,Messaggio modificato dal server. Originale:,it-IT
Message modifié par le serveur. Message d'origine :,Messaggio modificato dal server. Originale:,it-IT
Message non vérifié. Ne peut pas être signalé.,Messaggio non verificato. Impossibile segnalare.,it-IT
Message Team,Scrivi alla squadra,it-IT
Message to send: %s,Messaggio da inviare: %s,it-IT
Message à envoyer : %s,Messaggio da inviare: %s,it-IT
Message(s) sélectionné(s) à signaler : %s,%s messaggio/i in chat selezionato/i per la segnalazione,it-IT
Messages du tchat,Messaggi in chat,it-IT
Messages surrounding this selection will be included to provide additional context,I messaggi adiacenti verranno inclusi per fornire del contesto aggiuntivo,it-IT
Mestre,Mastro,it-IT
Mettez le jeu à jour pour accéder à votre liste d'amis.,Aggiorna il gioco per accedere alla lista amici,it-IT
Meu nome de perfil: ,Il tuo nome: ,it-IT
Mevcut bildiriyi düzenlemeye devam etmek mi yoksa yeni bir bildiri oluşturmak mı istiyorsunuz?,Vuoi continuare a modificare la segnalazione in corso o annullarla e crearne una nuova?,it-IT
Mevcut bildiriyi düzenlemeyi sürdürmek mi yoksa yeni bildiri oluşturmak mı istiyorsunuz?,Vuoi continuare a modificare la segnalazione in corso o annullarla e crearne una nuova?,it-IT
"Mevcut kullanıcı adınız - ""%s"" - Topluluk Kurallarımıza aykırı. Tek oyunculu olarak oynayabilirsiniz ancak çevrim içi oynamak için adınızı değiştirmeniz gerekecek.

Bu bağlantıdan daha fazlasını öğrenebilir ya da durum incelemesi talep edebilirsiniz: %s","Il tuo nome attuale («%s») viola le norme della collettività. Puoi giocare in giocatore singolo, ma devi cambiare il nome per giocare in rete.

Scopri di più o richiedi una revisione del caso al collegamento seguente: %s",it-IT
Meydan Okuma Tamamlandı!,Impresa completata!,it-IT
Mi nombre de perfil: ,Il tuo nome: ,it-IT
Microsoft account,account Microsoft,it-IT
Microsoft hesabı,account Microsoft,it-IT
Microsoft Hesabıyla Yönetin,Gestisci con l'account Microsoft,it-IT
Microsoft 帳號,account Microsoft,it-IT
Microsoft 계정,account Microsoft,it-IT
Microsoft 계정으로 관리,Gestisci con l'account Microsoft,it-IT
Microsoft‐Konto,account Microsoft,it-IT
Microsoftアカウント,account Microsoft,it-IT
Microsoftアカウントで管理する,Gestisci con l'account Microsoft,it-IT
Microsoft账户,account Microsoft,it-IT
Miel : %s / %s,Miele: %s/%s,it-IT
Miel: %s / %s,Miele: %s/%s,it-IT
Might not be able to save the world.,Il salvataggio del mondo potrebbe fallire.,it-IT
"Minecraft exigera bientôt un système 64 bits, ce qui vous empêchera de jouer ou d'utiliser Realms sur cet appareil. Vous devrez annuler manuellement tout abonnement à Realms.",A breve Minecraft necessiterà di un sistema a 64 bit. Ciò t'impedirà di giocare o usare Realms su questo dispositivo. Dovrai disdire manualmente qualsiasi abbonamento a Realms.,it-IT
"Minecraft requerirá un sistema de 64 bits pronto, lo que podría impedirte jugar o usar Realms en este dispositivo. Necesitarás cancelar manualmente cualquier suscripción de Realms.",A breve Minecraft necessiterà di un sistema a 64 bit. Ciò t'impedirà di giocare o usare Realms su questo dispositivo. Dovrai disdire manualmente qualsiasi abbonamento a Realms.,it-IT
"Minecraft sẽ sớm yêu cầu sử dụng hệ thống 64-bit, khiến bạn không thể chơi hoặc sử dụng Realms trên thiết bị này. Bạn sẽ cần phải huỷ mọi đăng kí Realms một cách thủ công.",A breve Minecraft necessiterà di un sistema a 64 bit. Ciò t'impedirà di giocare o usare Realms su questo dispositivo. Dovrai disdire manualmente qualsiasi abbonamento a Realms.,it-IT
"Minecraft will soon require a 64-bit system, which will prevent you from playing or using Realms on this device. You will need to manually cancel any Realms subscription.",A breve Minecraft necessiterà di un sistema a 64 bit. Ciò t'impedirà di giocare o usare Realms su questo dispositivo. Dovrai disdire manualmente qualsiasi abbonamento a Realms.,it-IT
"Minecraft wird bald ein 64‐Bit‐System benötigen, wodurch du Realms auf diesem Gerät nicht mehr spielen oder verwenden kannst. Du musst jedes Realms‐Abonnement manuell kündigen.",A breve Minecraft necessiterà di un sistema a 64 bit. Ciò t'impedirà di giocare o usare Realms su questo dispositivo. Dovrai disdire manualmente qualsiasi abbonamento a Realms.,it-IT
Minecraft wird geladen,Caricamento di Minecraft...,it-IT
Minecraft yakında 64 bitlik bir sisteme ihtiyaç duyacak ve artık bu cihazda Realms oynayamayacaksınız. Herhangi bir Realms aboneliğini kendiniz iptal etmeniz gerekecektir.,A breve Minecraft necessiterà di un sistema a 64 bit. Ciò t'impedirà di giocare o usare Realms su questo dispositivo. Dovrai disdire manualmente qualsiasi abbonamento a Realms.,it-IT
Minecraft Yükleniyor,Caricamento di Minecraft...,it-IT
Minecraft 在不久後僅支援 64 位元系統，您將無法在此裝置遊玩或使用 Realms。您需要自行取消 Realms 的任何訂閱。,A breve Minecraft necessiterà di un sistema a 64 bit. Ciò t'impedirà di giocare o usare Realms su questo dispositivo. Dovrai disdire manualmente qualsiasi abbonamento a Realms.,it-IT
Minecraftはまもなく64bitシステムが必須となるため、このデバイスでRealmsのプレイや利用ができなくなります。そのため、ご自身でRealmsを解約する必要があります。,A breve Minecraft necessiterà di un sistema a 64 bit. Ciò t'impedirà di giocare o usare Realms su questo dispositivo. Dovrai disdire manualmente qualsiasi abbonamento a Realms.,it-IT
Minecraftを読み込み中,Caricamento di Minecraft...,it-IT
Minecraft不久后需要64位系统才能运行，届时你将无法使用该设备进行游戏或使用Realms服务。你需要自行取消所有Realms订阅。,A breve Minecraft necessiterà di un sistema a 64 bit. Ciò t'impedirà di giocare o usare Realms su questo dispositivo. Dovrai disdire manualmente qualsiasi abbonamento a Realms.,it-IT
"Minecraft가 곧 64비트 시스템을 요구하게 되며, 때문에 이 기기에서 Realms를 플레이하거나 이용할 수 없게 됩니다. 모든 Realms 구독을 수동으로 취소해야 할 것입니다.",A breve Minecraft necessiterà di un sistema a 64 bit. Ciò t'impedirà di giocare o usare Realms su questo dispositivo. Dovrai disdire manualmente qualsiasi abbonamento a Realms.,it-IT
Minecraft를 불러오는 중,Caricamento di Minecraft...,it-IT
Mira tu libro de recetas,Controlla il ricettario,it-IT
"Mit der Einreichung dieser Meldung versicherst du, dass deine Angaben wahrheitsgetreu und vollständig sind – nach bestem Wissen.","Inviando questa segnalazione, confermi che le informazioni che hai fornito sono accurate e complete al meglio delle tue conoscenze.",it-IT
Mit Microsoft‐Konto verwalten,Gestisci con l'account Microsoft,it-IT
Modifier le brouillon du signalement ?,Modificare la bozza della segnalazione?,it-IT
Modo multijogador desativado. Veja as configurações da sua conta Microsoft.,La modalità multigiocatore è disattivata. Controlla le impostazioni del tuo account Microsoft.,it-IT
Mojang AB 版權所有。請勿二次轉發！,© Mojang AB. Vietata la distribuzione!,it-IT
Mon nom de profil : ,Il tuo nome: ,it-IT
Mostrando ahumables,Affumicature realizzabili,it-IT
Mostrando fabricables,Ricette realizzabili,it-IT
Mostrando fundibles,Cotture realizzabili,it-IT
Mostrando fundibles en alto horno,Fusioni realizzabili,it-IT
Mostrando todas,Tutte le ricette,it-IT
Mostrar en el chat,Mostra nella chat,it-IT
Mostrar material lascivo o pornográfico,Condivisione di materiali osceni o pornografici,it-IT
Mostrar mensagens,Mostra messaggi,it-IT
Mostrar mensagens de %s,Mostra messaggi da %s,it-IT
Mostrar mensajes,Mostra messaggi,it-IT
Mostrar mensajes de %s,Mostra messaggi da %s,it-IT
Mostrar no chat,Mostra nella chat,it-IT
Moteurs de rendu de débogage,Visualizzazioni diagnostiche,it-IT
Muito caro!,Costa troppo!,it-IT
Multijogador,Multigiocatore,it-IT
Multijogador (LAN),Multigiocatore (rete locale),it-IT
Multijogador (online),Multigiocatore (in rete),it-IT
Multijogador (Realms),Multigiocatore (Realms),it-IT
Multijogador (servidor de terceiros),Multigiocatore (server di terze parti),it-IT
Multijoueur,Multigiocatore,it-IT
Multijoueur (en ligne),Multigiocatore (in rete),it-IT
Multijoueur (LAN),Multigiocatore (rete locale),it-IT
Multijoueur (Realms),Multigiocatore (Realms),it-IT
Multijoueur (serveur tiers),Multigiocatore (server di terze parti),it-IT
Multijugador,Multigiocatore,it-IT
Multijugador (en línea),Multigiocatore (in rete),it-IT
Multijugador (LAN),Multigiocatore (rete locale),it-IT
Multijugador (Realms),Multigiocatore (Realms),it-IT
Multijugador (servidor de terceros),Multigiocatore (server di terze parti),it-IT
Multiplayer,Multigiocatore,it-IT
Multiplayer (3rd-party Server),Multigiocatore (server di terze parti),it-IT
Multiplayer (LAN),Multigiocatore (rete locale),it-IT
Multiplayer (Online),Multigiocatore (in rete),it-IT
Multiplayer (Realms),Multigiocatore (Realms),it-IT
Multiplayer is disabled. Please check your Microsoft account settings.,La modalità multigiocatore è disattivata. Controlla le impostazioni del tuo account Microsoft.,it-IT
My profile name: ,Il tuo nome: ,it-IT
Màn hình chính,Menù principale,it-IT
Màn hình chỉnh sửa sách,Finestra di modifica del libro,it-IT
Màn hình kí tên sách,Finestra della firma del libro,it-IT
Màn hình trò chuyện,Schermata della chat,it-IT
Màn hình tuỳ chỉnh bị từ chối,Schermata personalizzata rifiutata,it-IT
Màn hình xem sách,Finestra di lettura del libro,it-IT
Más sobre las denuncias,Scopri di più sulle segnalazioni,it-IT
Máy chế tạo,Fabbricatore,it-IT
Máy chủ đã gửi tin nhắn không hợp lệ.,Messaggio del server non valido.,it-IT
Máy chủ đã ẩn tin nhắn của bạn khỏi một số người chơi.,Il server ha nascosto il tuo messaggio per alcuni giocatori.,it-IT
Máy cắt đá,Tagliapietre,it-IT
Máy phân phát,Distributore,it-IT
Máy thả,Gettatore,it-IT
Mã thông báo được cung cấp không hợp lệ. Hãy khởi động lại trò chơi và trình khởi động của bạn rồi sau đó thử lại.,Gettone d'autenticazione non valido. Riavvia il gioco e il launcher prima di riprovare,it-IT
Mã: %s,Codice: %s,it-IT
Mã: %s - %s,Codice: %s — %s,it-IT
Métier à tisser,Telaio,it-IT
Mô tả:,Descrizione:,it-IT
Möchtest du die vorhandene Meldung weiterbearbeiten oder sie verwerfen und eine neue Meldung erstellen?,Vuoi continuare a modificare la segnalazione in corso o annullarla e crearne una nuova?,it-IT
Möchtest du diesen Link öffnen oder in die Zwischenablage kopieren?,Vuoi aprire questo collegamento o copiarlo negli appunti?,it-IT
Möchtest du ihn weiterbearbeiten oder verwerfen?,Vuoi continuare a modificarla o annullarla?,it-IT
Mạng,Rete,it-IT
Mạng LAN,Partita in rete locale,it-IT
Mạng LAN,Rete locale,it-IT
Mạo danh hoặc chia sẻ thông tin để khai thác hoặc đánh lừa người khác,Sostituzione di persona o diffusione d'informazioni al fine d'ingannare o approfittarsi di altri,it-IT
Mật ong: %s/%s,Miele: %s/%s,it-IT
Mọi nơi,Sì,it-IT
Mời,Invita,it-IT
Mở cho mạng LAN,Rete locale...,it-IT
Mở liên kết này để quản lí cài đặt quyền riêng tư và an toàn trực tuyến của bạn.,Apri questo collegamento per gestire le impostazioni di riservatezza e sicurezza in rete.,it-IT
Mở thư mục báo cáo,Apri la cartella dei rapporti,it-IT
Mở trong tr.duyệt,Apri collegamento,it-IT
N'ouvrez jamais de liens venant de personnes en qui vous n'avez pas confiance !,Mai aprire collegamenti di persone di cui non ti fidi!,it-IT
Nachrichten anzeigen,Mostra messaggi,it-IT
Nachrichten ausblenden,Nascondi messaggi,it-IT
Nachrichten von %s anzeigen,Mostra messaggi da %s,it-IT
Nachrichten von %s ausblenden,Nascondi messaggi da %s,it-IT
Nadie puede unirse.,Nessuno può entrare nel mondo.,it-IT
Name Not Allowed in Multiplayer,Nome non consentito in multigiocatore,it-IT
Ne plus afficher ce message,Non mostrare più questa schermata,it-IT
"Nefret gruplarına, terörist organizasyonlarına, veya kötü şöhretli kişiliklere referans","Riferimenti a gruppi d'odio, organizzazioni terroristiche o figure malfamate",it-IT
Nefret söylemi,Incitamento all'odio,it-IT
Nefret söylemi veya ayrımcılık,Incitamento all'odio o discriminazione,it-IT
Nein,No,it-IT
Nenhum,Nessuno,it-IT
Nenhum jogador bloqueado no chat,Nessun giocatore bloccato nella chat,it-IT
Nenhum jogador encontrado com esse nome,Impossibile trovare questo giocatore,it-IT
Nenhum jogador encontrado com esse nome,Non esiste un giocatore con questo nome utente,it-IT
Nenhum jogador oculto no chat,Nessun giocatore nascosto nella chat,it-IT
Nenhum jogador para denunciar nesse mundo,Nessun giocatore segnalabile,it-IT
Nenhum pedido de amizade pendente,Nessuna richiesta in sospeso,it-IT
Nenhuma estatística encontrada.,Nessuna statistica trovata.,it-IT
Nenhuma mensagem denunciável de %s,Nessun messaggio segnalabile da %s trovato,it-IT
Network,Rete,it-IT
Netzwerk,Rete,it-IT
Neuling,Novizio,it-IT
Never open links from people that you don't trust!,Mai aprire collegamenti di persone di cui non ti fidi!,it-IT
New Recipe(s) Unlocked!,Nuove ricette sbloccate!,it-IT
Next Page,Avanti,it-IT
Next Page,Pagina successiva,it-IT
Nghiệp dư,Novizio,it-IT
"Ngoại hình có tính chất mô tả chi tiết về hành vi tình dục, cơ quan sinh dục và bạo lực tình dục.","Skin esplicite con riferimenti ad atti sessuali, organi sessuali o violenza sessuale.",it-IT
Ngoại tuyến,Non in linea,it-IT
"Ngôn ngữ lạm dụng được sử dụng một cách có chủ đích, có hại",Linguaggio offensivo usato in maniera diretta e dannosa,it-IT
Người chơi này không thể bị báo cáo vì trò chuyện đã bị tắt hoặc bị chặn,Questo giocatore non può essere segnalato perché la chat è disattivata o bloccata,it-IT
"Người chơi này không thể bị báo cáo, vì tin nhắn trò chuyện của họ không được xác minh trên máy chủ này",Questo giocatore non può essere segnalato perché i suoi messaggi in chat non possono essere verificati in questo server,it-IT
Người chơi trên cùng một mạng có thể tham gia.,I giocatori sulla tua stessa rete possono entrare nel mondo.,it-IT
Ngắt kết nối,Disconnettiti,it-IT
Nhấn %1$s để rời khỏi thú cưỡi,Premi %1$s per scendere,it-IT
Nhấn %1$s để đứng dậy,Premi %1$s per alzarti,it-IT
Nhấn chuột phải để biết thêm công thức,Tasto destro per altre ricette,it-IT
Nhấn enter để chấp nhận yêu cầu kết bạn từ %s,Premi Invio per accettare la richiesta d'amicizia da %s,it-IT
Nhấn enter để huỷ bỏ yêu cầu kết bạn đến %s,Premi Invio per annullare la richiesta d'amicizia inviata a %s,it-IT
Nhấn enter để loại bỏ %s khỏi danh sách bạn bè,Premi Invio per rimuovere %s dalla lista amici,it-IT
Nhấn enter để từ chối yêu cầu kết bạn từ %s,Premi Invio per rifiutare la richiesta d'amicizia da %s,it-IT
"Nhấn một phím để chọn một lệnh, rồi nhấn lại để sử dụng lệnh đó.","Premi un tasto per selezionare un comando, premilo nuovamente per eseguirlo",it-IT
Nhấn vào để dịch chuyển,Clicca per teletrasportarti,it-IT
Nhấn vào để hiển thị tin nhắn tiếp theo,Clicca per mostrare il prossimo messaggio,it-IT
Nhấn vào để sao chép vào khay nhớ tạm,Clicca per copiare negli appunti,it-IT
Nhấn vào để vô hiệu hoá ô vật phẩm,Clicca per disattivare la casella,it-IT
Nhận xét,Commenti,it-IT
Nhập tin nhắn và nhấn Enter để gửi,Scrivi un messaggio e premi Invio per inviarlo,it-IT
Nhập tiêu đề sách:,Titolo del libro:,it-IT
Nhập tên hồ sơ,Inserisci il nome utente,it-IT
Nhập vào một tên hồ sơ hợp lệ trước khi gửi yêu cầu kết bạn,Inserisci un nome utente valido prima d'inviare una richiesta d'amicizia,it-IT
Nhắn tin cho đội,Scrivi alla squadra,it-IT
Nicht sichtbar bei reduzierten Debug‐Infos.,Non visibile quando le informazioni diagnostiche sono ridotte.,it-IT
Nicht überprüfte Nachricht. Kann nicht gemeldet werden.,Messaggio non verificato. Impossibile segnalare.,it-IT
Niemand kann beitreten.,Nessuno può entrare nel mondo.,it-IT
Ninguno,Nessuno,it-IT
Ninguém pode entrar.,Nessuno può entrare nel mondo.,it-IT
Niveau requis : %s,Livelli necessari: %s,it-IT
Niveles necesarios: %s,Livelli necessari: %s,it-IT
NO,No,it-IT
No amount of rest can pass this night,Non è possibile saltare la notte,it-IT
No blocked players in chat,Nessun giocatore bloccato nella chat,it-IT
No es visible con la información de depuración reducida.,Non visibile quando le informazioni diagnostiche sono ridotte.,it-IT
No F3,Con F3,it-IT
No hay jugadores a los que denunciar en este mundo,Nessun giocatore segnalabile,it-IT
No hay jugadores bloqueados en el chat,Nessun giocatore bloccato nella chat,it-IT
No hay jugadores ocultos en el chat,Nessun giocatore nascosto nella chat,it-IT
No hay mensajes de %s para denunciar,Nessun messaggio segnalabile da %s trovato,it-IT
No hay ningún jugador con este nombre de perfil,Non esiste un giocatore con questo nome utente,it-IT
No hay solicitudes de amistad pendientes,Nessuna richiesta in sospeso,it-IT
No pending friend requests,Nessuna richiesta in sospeso,it-IT
No players hidden in chat,Nessun giocatore nascosto nella chat,it-IT
No puedes enviarte una solicitud de amistad a ti mismo,Non puoi inviarti una richiesta d'amicizia,it-IT
No reportable messages from player %s,Nessun messaggio segnalabile da %s trovato,it-IT
No se ha encontrado ningún jugador con ese nombre,Impossibile trovare questo giocatore,it-IT
"No se ha podido abrir el menú de modos de juego, no tienes permisos",Non hai l'autorizzazione a cambiare modalità di gioco,it-IT
No se ha podido contactar con el servicio de denuncias por abuso. Asegúrate de que estás conectado a Internet e inténtalo de nuevo.,Impossibile raggiungere il servizio di segnalazione abusi. Assicurati di essere connesso a Internet e riprova.,it-IT
"No se ha podido enviar el mensaje, revisa tus opciones de chat",Impossibile inviare il messaggio in chat,it-IT
No se han encontrado estadísticas.,Nessuna statistica trovata.,it-IT
No se permite enviar comandos,L'invio di comandi non è consentito,it-IT
No se permite enviar mensajes en el chat,L'invio di messaggi in chat non è consentito,it-IT
No se puede abrir. El botín no se ha generado aún.,Impossibile aprire: il contenuto non è stato ancora generato,it-IT
No se puede enviar tu solicitud de amistad ahora mismo,Impossibile inviare la richiesta d'amicizia al momento,it-IT
No se puede pasar la noche,Non è possibile saltare la notte,it-IT
No statistics found.,Nessuna statistica trovata.,it-IT
No tienes permiso para cambiar el modo de juego,Non hai l'autorizzazione a cambiare modalità di gioco,it-IT
No volver a mostrar este mensaje,Non mostrare più questa schermata,it-IT
Nobody can join.,Nessuno può entrare nel mondo.,it-IT
Nom du joueur,Nome del giocatore,it-IT
Nom non autorisé en multijoueur,Nome non consentito in multigiocatore,it-IT
Nombre del jugador,Nome del giocatore,it-IT
Nombre excessif de signalements faux ou inexacts,Numero eccessivo di segnalazioni false o imprecise,it-IT
Nombre no permitido en multijugador,Nome non consentito in multigiocatore,it-IT
Nome do jogador,Nome del giocatore,it-IT
Non,No,it-IT
Non visible lorsque l'information de débogage est réduite.,Non visibile quando le informazioni diagnostiche sono ridotte.,it-IT
Non-consensual intimate imagery,Immagini intime non consensuali,it-IT
None,Nessuno,it-IT
Not visible when debug info is reduced.,Non visibile quando le informazioni diagnostiche sono ridotte.,it-IT
"Not! Kitabı imzaladığınızda, artık düzenlenebilir olmayacaktır.",Attenzione! Dopo aver firmato il libro non potrai più modificarlo.,it-IT
"Not: Özel ayarlar üçüncü-parti sunucular ve/veya içerik tarafından eklenir.
Dikkatli kullanın!","Nota: le opzioni personalizzate sono fornite da server o contenuti di terze parti.
Usare con cautela!",it-IT
Nota sobre telas personalizadas,Nota riguardante le schermate personalizzate,it-IT
"Nota: Las opciones personalizadas las proporcionan servidores o contenido de terceros.
¡Ten cuidado!","Nota: le opzioni personalizzate sono fornite da server o contenuti di terze parti.
Usare con cautela!",it-IT
Note about custom screens,Nota riguardante le schermate personalizzate,it-IT
"Note! When you sign the book, it will no longer be editable.",Attenzione! Dopo aver firmato il libro non potrai più modificarlo.,it-IT
"Note: Custom options are provided by third-party servers and/or content.
Handle with care!","Nota: le opzioni personalizzate sono fornite da server o contenuti di terze parti.
Usare con cautela!",it-IT
"Nous avons bien reçu votre signalement. Merci !

Notre équipe l'examinera dès que possible.","Abbiamo ricevuto la tua segnalazione. Grazie!

Il nostro team la revisionerà il prima possibile.",it-IT
"Nous avons récemment reçu un signalement pour comportement inapproprié sur votre compte. Nos modérateurs ont examiné votre cas et ont déterminé qu'il s'agissait d'un cas de ""%s"", ce qui va à l'encontre des Standards de la communauté de Minecraft.","Abbiamo ricevuto una segnalazione per comportamento scorretto da parte del tuo account. I nostri moderatori hanno revisionato il tuo caso e l'hanno identificato come %s, che viola le norme della collettività di Minecraft.",it-IT
Nous avons récemment reçu un signalement pour comportement inapproprié sur votre compte. Nos modérateurs ont examiné votre cas et ont déterminé qu'il va à l'encontre des Standards de la communauté de Minecraft.,Abbiamo ricevuto una segnalazione per comportamento scorretto da parte del tuo account. I nostri moderatori hanno revisionato il tuo caso e hanno stabilito che viola le norme della collettività di Minecraft.,it-IT
Nouvelle(s) recette(s) !,Nuove ricette sbloccate!,it-IT
Novato,Novizio,it-IT
Novice,Novizio,it-IT
Now Playing: %s,In riproduzione: %s,it-IT
Nunca abra links de pessoas desconhecidas!,Mai aprire collegamenti di persone di cui non ti fidi!,it-IT
Nâng cấp trang bị,Migliora un oggetto,it-IT
Não,No,it-IT
Não foi possível abrir. O conteúdo ainda não foi gerado.,Impossibile aprire: il contenuto non è stato ancora generato,it-IT
Não foi possível acessar o Serviço de Denúncias. Verifique a sua conexão com a internet e tente novamente.,Impossibile raggiungere il servizio di segnalazione abusi. Assicurati di essere connesso a Internet e riprova.,it-IT
Não foi possível enviar o pedido de amizade,Impossibile inviare la richiesta d'amicizia al momento,it-IT
Não foi possível realizar essa ação. Verifique as configurações de privacidade da conta.,Azione non riuscita. Potrebbe dipendere dalle impostazioni di riservatezza del giocatore,it-IT
Não foi possível se teletransportar. O destino ainda não foi gerado.,Impossibile teletrasportarsi: la destinazione non è ancora stata generata,it-IT
"Não foi possível trocar o modo de jogo, não há permissão",Non hai l'autorizzazione a cambiare modalità di gioco,it-IT
Não mostre esse aviso novamente,Non mostrare più questa schermata,it-IT
Não é possível denunciar essa pessoa porque as suas mensagens não podem ser verificadas nesse servidor,Questo giocatore non può essere segnalato perché i suoi messaggi in chat non possono essere verificati in questo server,it-IT
Não é possível passar a noite,Non è possibile saltare la notte,it-IT
Nächste Seite,Avanti,it-IT
Nächste Seite,Pagina successiva,it-IT
Nível necessário: %s,Livelli necessari: %s,it-IT
Nút %s,Pulsante %s,it-IT
"Nếu bạn rời đi, bạn sẽ mất báo cáo này và nhận xét của mình.
Bạn vẫn chắc chắn muốn rời đi chứ?","Se abbandoni, perderai questa segnalazione e i tuoi commenti.
Vuoi davvero abbandonare?",it-IT
"Nội dung của màn hình này được kiểm soát bởi máy chủ và bản đồ bên thứ ba không được sở hữu, điều hành hoặc giám sát bởi Mojang Studios hoặc Microsoft.

Hãy thận trọng! Luôn luôn cẩn thận khi đi theo liên kết và không bao giờ cung cấp thông tin cá nhân của bạn, bao gồm cả chi tiết đăng nhập.

Nếu màn hình này ngăn bạn chơi, bạn cũng có thể ngắt kết nối khỏi máy chủ hiện tại bằng cách sử dụng nút bên dưới.","I contenuti di questa schermata sono controllati da server e mappe di terze parti che non sono posseduti, gestiti o supervisionati da Mojang Studios o Microsoft.

Usare con cautela! Fa' sempre attenzione nel seguire i collegamenti e non fornire mai dati personali, inclusi i dettagli di accesso.

Se questa schermata t'impedisce di giocare, puoi disconnetterti dal server usando il pulsante qui sotto.",it-IT
Nội dung mô tả cảnh bạo lực hoặc máu me quá mức ngoài đời thực,Raffigurazioni di scene reali eccessivamente violente o cruente,it-IT
Nội dung phỉ báng,Diffamazione,it-IT
O comando continha assinaturas de argumentos inesperadas ou ausentes.,Firme degli argomenti del comando non previste o mancanti.,it-IT
O convite enviado para %s expirou.,L'invito a entrare nel mondo inviato a %s è scaduto,it-IT
O convite para o mundo de %s expirou.,L'invito a entrare nel mondo di %s è scaduto,it-IT
O item não pode ser melhorado assim,L'oggetto non può essere migliorato in questo modo,it-IT
O nome é proibido no modo multijogador,Nome non consentito in multigiocatore,it-IT
O servidor enviou uma mensagem inválida.,Messaggio del server non valido.,it-IT
O servidor ocultou a sua mensagem para alguns jogadores.,Il server ha nascosto il tuo messaggio per alcuni giocatori.,it-IT
O serviço de denúncias está indisponível,Il servizio di segnalazioni non è disponibile,it-IT
Objectif atteint !,Obiettivo raggiunto!,it-IT
Objetivo alcançado!,Obiettivo raggiunto!,it-IT
Observar mundo,Rinasci come spettatore,it-IT
Ocak,Fornace,it-IT
"Ocorreu um erro ao enviar a denúncia:
""%s""","Si è verificato un errore durante l'invio della tua segnalazione:
«%s»",it-IT
Ocorreu um erro HTTP inesperado ao enviar sua denúncia.,Si è verificato un errore imprevisto del protocollo HTTP durante l'invio della tua segnalazione.,it-IT
Ocorreu um erro inesperado ao atualizar sua lista de amigos. Tente novamente mais tarde.,Si è verificato un errore imprevisto durante l'aggiornamento della lista amici. Riprova più tardi,it-IT
Ocultar en el chat,Nascondi nella chat,it-IT
Ocultar mensagens,Nascondi messaggi,it-IT
Ocultar mensagens de %s,Nascondi messaggi da %s,it-IT
Ocultar mensajes,Nascondi messaggi,it-IT
Ocultar mensajes de %s,Nascondi messaggi da %s,it-IT
Ocultar no chat,Nascondi nella chat,it-IT
Oculto,Nascosti,it-IT
Oculto (sin conexión),Nascosto/a — Non in linea,it-IT
Oculto na depuração reduzida.,Non visibile quando le informazioni diagnostiche sono ridotte.,it-IT
Oculto — Offline,Nascosto/a — Non in linea,it-IT
Ocultos,Nascosti,it-IT
Odak kaybında duraklatma: açık,Pausa alla perdita dello stato attivo attivata,it-IT
Odak kaybında duraklatma: kapalı,Pausa alla perdita dello stato attivo disattivata,it-IT
Ofen,Fornace,it-IT
OFF,No,it-IT
Offline,Non in linea,it-IT
Oficial,Qualificato,it-IT
Ok,OK,it-IT
Onarım ve Adlandırma,Ripara e denomina,it-IT
Onarım ve Büyü Kaldırma,Ripara e disincanta,it-IT
Onay bekleniyor,In attesa di conferma...,it-IT
Onayla,Conferma,it-IT
Ondan rahatsız oldum / hoşlanmadığım bir şey yaptı.,Questo giocatore m'infastidisce o ha fatto qualcosa che non mi piace.,it-IT
"Onde você observou o mau comportamento?
Isso nos ajudará a analisar o caso.","Dove hai notato un comportamento scorretto?
Saperlo ci aiuterà ad analizzare il caso.",it-IT
Onglet %s,Scheda %s,it-IT
Online,In linea,it-IT
Online,In rete,it-IT
Online (LAN),In linea (rete locale),it-IT
Online (Lokales Netzwerk),In linea (rete locale),it-IT
Online (mundo),In linea (mondo),it-IT
Online (Realm),In linea (Realm),it-IT
Online (Server),In linea (server),it-IT
Online (servidor),In linea (server),it-IT
Online (Welt),In linea (mondo),it-IT
Online (World),In linea (mondo),it-IT
Online‐Freunde können beitreten.,I giocatori nella tua lista amici possono entrare nel mondo.,it-IT
Onu bildirmek istiyorum,Voglio segnalare questo giocatore,it-IT
Opciones de depuración,Opzioni diagnostiche,it-IT
Opciones de LAN,Opzioni della partita in rete locale,it-IT
Opciones personalizadas,Opzioni personalizzate,it-IT
Opciones personalizadas...,Opzioni personalizzate...,it-IT
Opciones...,Opzioni...,it-IT
Open in Browser,Apri collegamento,it-IT
Open Report Directory,Apri la cartella dei rapporti,it-IT
Open this link to manage your privacy and online safety settings.,Apri questo collegamento per gestire le impostazioni di riservatezza e sicurezza in rete.,it-IT
Open to LAN,Rete locale...,it-IT
Optionen …,Opzioni...,it-IT
Options de réseau local,Opzioni della partita in rete locale,it-IT
Options personnalisées,Opzioni personalizzate,it-IT
Options...,Opzioni...,it-IT
Opções de depuração,Opzioni diagnostiche,it-IT
Opções de LAN,Opzioni della partita in rete locale,it-IT
Opções personalizadas,Opzioni personalizzate,it-IT
Opções...,Opzioni...,it-IT
Original,Originale,it-IT
Orijinal,Originale,it-IT
Orijinalin kopyası,Copia dell'originale,it-IT
"Os conteúdos dessa tela são produzidos por servidores de terceiros e mapas não pertencentes, operados ou supervisionados pela Mojang Studios ou Microsoft.

Sempre tenha cuidado ao abrir links e nunca compartilhe suas informações pessoais, como os detalhes de acesso.

Se essa tela lhe impedir de jogar, desconecte-se do servidor usando o botão abaixo.","I contenuti di questa schermata sono controllati da server e mappe di terze parti che non sono posseduti, gestiti o supervisionati da Mojang Studios o Microsoft.

Usare con cautela! Fa' sempre attenzione nel seguire i collegamenti e non fornire mai dati personali, inclusi i dettagli di accesso.

Se questa schermata t'impedisce di giocare, puoi disconnetterti dal server usando il pulsante qui sotto.",it-IT
Os jogadores na mesma rede podem entrar.,I giocatori sulla tua stessa rete possono entrare nel mondo.,it-IT
Oui,Sì,it-IT
Outgoing friend request to %s,Richiesta d'amicizia inviata a %s,it-IT
Ouvrez ce lien pour gérer vos paramètres de confidentialité et de sécurité en ligne.,Apri questo collegamento per gestire le impostazioni di riservatezza e sicurezza in rete.,it-IT
Ouvrir au LAN,Rete locale...,it-IT
Ouvrir le lien,Apri collegamento,it-IT
Ouvrir le répertoire des rapports,Apri la cartella dei rapporti,it-IT
Overlay,Cruscotto,it-IT
Oyun Bitti!,Partita terminata!,it-IT
Oyun Duraklatıldı,Gioco in pausa,it-IT
Oyun menüsü,Menù di gioco,it-IT
"Oyun modu değiştiricisi açılamadı, yetkiniz yok",Non hai l'autorizzazione a cambiare modalità di gioco,it-IT
Oyuna Dön,Riprendi la partita,it-IT
Oyuncu Adı,Nome del giocatore,it-IT
Oyuncu Bildirme,Segnala giocatore,it-IT
Oyuncu Dış Görünümü,Skin del giocatore,it-IT
Oyuncu Görünümünü Bildir,Segnala skin del giocatore,it-IT
Oyuncu konuşmasını bildir,Segnala messaggi in chat del giocatore,it-IT
Oyuncuya Işınlan,Teletrasportati presso un giocatore,it-IT
Oyuncuyu Bildir,Segnala giocatore,it-IT
Oyuncuyu bildir,Segnala giocatore,it-IT
Oyundan Çık,Esci dal gioco,it-IT
"Où avez-vous remarqué un comportement inapproprié ?
Cela nous aidera à étudier votre cas.","Dove hai notato un comportamento scorretto?
Saperlo ci aiuterà ad analizzare il caso.",it-IT
Packs de ressources rechargés,Pacchetti di risorse ricaricati,it-IT
Pacote de chat corrompido recebido. A hora do seu sistema mudou?,Pacchetti chat non funzionanti. L'orario del tuo computer è stato modificato?,it-IT
Pacotes de recursos recarregados,Pacchetti di risorse ricaricati,it-IT
Page %1$s of %2$s,Pagina %1$s di %2$s,it-IT
Page %1$s sur %2$s,Pagina %1$s di %2$s,it-IT
Page précédente,Indietro,it-IT
Page précédente,Pagina precedente,it-IT
Page suivante,Avanti,it-IT
Page suivante,Pagina successiva,it-IT
Panoya Kopyala,Copia negli appunti,it-IT
Panoya Kopyalamak için Tıklayın,Clicca per copiare negli appunti,it-IT
Pantalla de chat,Schermata della chat,it-IT
Pantalla de edición del libro,Finestra di modifica del libro,it-IT
Pantalla de firma del libro,Finestra della firma del libro,it-IT
Pantalla de vista del libro,Finestra di lettura del libro,it-IT
Pantalla personalizada rechazada,Schermata personalizzata rifiutata,it-IT
Paquetes de recursos recargados,Pacchetti di risorse ricaricati,it-IT
par %1$s,Di %1$s,it-IT
Paramparça,Stracciato,it-IT
Paramètres de débogage,Opzioni diagnostiche,it-IT
Paramètres pour les autres joueurs,Impostazioni per gli altri giocatori,it-IT
Parece que aquí no hay nada...,Sembra non esserci nulla qua...,it-IT
Parece que não há nada aqui...,Sembra non esserci nulla qua...,it-IT
Partager des détails nous aidera à prendre une décision éclairée.,Condividere i dettagli ci aiuterà a compiere una decisione ben informata.,it-IT
Passando a noite,La notte sta passando...,it-IT
Patientez...,Attendi...,it-IT
Pausar al perder enfoque: no,Pausa alla perdita dello stato attivo disattivata,it-IT
Pausar al perder enfoque: sí,Pausa alla perdita dello stato attivo attivata,it-IT
Pausar em segundo plano: Não,Pausa alla perdita dello stato attivo disattivata,it-IT
Pausar em segundo plano: Sim,Pausa alla perdita dello stato attivo attivata,it-IT
Pause lors de la perte de focus : activée,Pausa alla perdita dello stato attivo attivata,it-IT
Pause lors de la perte de focus : désactivée,Pausa alla perdita dello stato attivo disattivata,it-IT
Pause on lost focus: disabled,Pausa alla perdita dello stato attivo disattivata,it-IT
Pause on lost focus: enabled,Pausa alla perdita dello stato attivo attivata,it-IT
Pausieren bei Fokusverlust: aktiviert,Pausa alla perdita dello stato attivo attivata,it-IT
Pausieren bei Fokusverlust: deaktiviert,Pausa alla perdita dello stato attivo disattivata,it-IT
Pedido de amizade enviado para %s,Hai inviato una richiesta d'amicizia a %s,it-IT
Pedido de amizade enviado para %s,Richiesta d'amicizia inviata a %s,it-IT
Pedido de amizade recebido de %s,Richiesta d'amicizia in arrivo da %s,it-IT
Pedidos (%s),Richieste (%s),it-IT
Pedir para entrar,Chiedi di entrare,it-IT
Peligro inminente: Amenazas de daño a otros,Minaccia di fare del male agli altri,it-IT
Peligro inminente: Autolesión o suicidio,Autolesionismo o suicidio,it-IT
Perfil de desempenho,Profilo prestazioni,it-IT
Perfil de rendimiento,Profilo prestazioni,it-IT
Perfil padrão,Profilo predefinito,it-IT
Perfil predefinido,Profilo predefinito,it-IT
Perfilado terminado. Resultados guardados en %s.,Profilatura terminata. Risultati salvati in %s,it-IT
Performance profile,Profilo prestazioni,it-IT
Performans profili,Profilo prestazioni,it-IT
Personalizado...,Opzioni personalizzate...,it-IT
Personnalisation...,Opzioni personalizzate...,it-IT
Personne ne peut rejoindre le monde.,Nessuno può entrare nel mondo.,it-IT
Pestaña de %s,Scheda %s,it-IT
Phá hủy vật phẩm,Distruggi,it-IT
Phát ngôn gây thù hận,Incitamento all'odio,it-IT
Phát ngôn gây thù hận hoặc phân biệt đối xử,Incitamento all'odio o discriminazione,it-IT
Phù phép,Incanta,it-IT
Phản hồi,Riscontro,it-IT
Phản hồi...,Riscontro...,it-IT
Phễu hứng vật phẩm,Tramoggia,it-IT
Pişirilebilen Etler Gösteriliyor,Affumicature realizzabili,it-IT
Plantage du jeu dans %s...,Arresto del gioco tra %s...,it-IT
Play Demo World,Gioca nel mondo di prova,it-IT
Player Name,Nome del giocatore,it-IT
Player Reporting,Segnala giocatore,it-IT
Player Skin,Skin del giocatore,it-IT
Players on the same network can join.,I giocatori sulla tua stessa rete possono entrare nel mondo.,it-IT
Please describe what happened:,Descrivi quello che è successo:,it-IT
Please describe why you want to report this name:,Descrivi perché vuoi segnalare questo nome:,it-IT
Please read the text above and tick the checkbox to be able to send the report,Si prega di leggere il testo sopra e selezionare la casella di controllo per poter inviare la segnalazione,it-IT
Please select a report category,Seleziona una categoria di segnalazione,it-IT
Please select at least one chat message to report,Seleziona almeno un messaggio in chat da segnalare,it-IT
Please shorten the comment,Abbrevia il commento,it-IT
Pode não ser possível salvar o mundo.,Il salvataggio del mondo potrebbe fallire.,it-IT
Pontuação,Punteggio,it-IT
Pontuação: %s,Punteggio: %s,it-IT
por %1$s,Di %1$s,it-IT
"Por favor, acorta el informe",Abbrevia il commento,it-IT
"Por favor, describe lo sucedido:",Descrivi quello che è successo:,it-IT
"Por favor, describe por qué quieres denunciar este nombre:",Descrivi perché vuoi segnalare questo nome:,it-IT
Por que você está denunciando isso?,Perché stai segnalando ciò?,it-IT
Position copiée dans le presse-papiers,Posizione copiata negli appunti,it-IT
Position wurde in die Zwischenablage kopiert,Posizione copiata negli appunti,it-IT
Posição copiada para a área de transferência,Posizione copiata negli appunti,it-IT
Poubelle,Distruggi,it-IT
Pouco espaço em disco!,Poco spazio su disco!,it-IT
Prendre le livre,Prendi il libro,it-IT
Preparando zona de aparición: %s %%,Preparazione dell'area di generazione: %s%%,it-IT
Preparando área de nascimento: %s%%,Preparazione dell'area di generazione: %s%%,it-IT
Preparing spawn area: %s%%,Preparazione dell'area di generazione: %s%%,it-IT
Press %1$s to dismount,Premi %1$s per scendere,it-IT
Press %1$s to get up,Premi %1$s per alzarti,it-IT
"Press a key to select a command, and again to use it.","Premi un tasto per selezionare un comando, premilo nuovamente per eseguirlo",it-IT
Press enter to accept friend request from %s,Premi Invio per accettare la richiesta d'amicizia da %s,it-IT
Press enter to cancel friend request to %s,Premi Invio per annullare la richiesta d'amicizia inviata a %s,it-IT
Press enter to decline friend request from %s,Premi Invio per rifiutare la richiesta d'amicizia da %s,it-IT
Press enter to remove %s from Friends List,Premi Invio per rimuovere %s dalla lista amici,it-IT
Pressione %1$s para descer,Premi %1$s per scendere,it-IT
Pressione %1$s para se levantar,Premi %1$s per alzarti,it-IT
Pressione Enter para aceitar o pedido de amizade de %s,Premi Invio per accettare la richiesta d'amicizia da %s,it-IT
Pressione Enter para cancelar o pedido de amizade para %s,Premi Invio per annullare la richiesta d'amicizia inviata a %s,it-IT
Pressione Enter para recusar o pedido de amizade de %s,Premi Invio per rifiutare la richiesta d'amicizia da %s,it-IT
Pressione Enter para remover %s da lista de amigos,Premi Invio per rimuovere %s dalla lista amici,it-IT
"Pressione uma tecla para selecionar um comando, e novamente para usá-lo.","Premi un tasto per selezionare un comando, premilo nuovamente per eseguirlo",it-IT
Previous Page,Indietro,it-IT
Previous Page,Pagina precedente,it-IT
Problem beim Senden deiner Meldung,Errore durante l'invio della segnalazione,it-IT
Problem Sending Your Report,Errore durante l'invio della segnalazione,it-IT
Problème lors de l'envoi de votre signalement,Errore durante l'invio della segnalazione,it-IT
Proceder,Continua,it-IT
Proceed,Continua,it-IT
Procesando...,Elaborazione in corso...,it-IT
Processando...,Elaborazione in corso...,it-IT
Profil adım: ,Il tuo nome: ,it-IT
Profil de performance,Profilo prestazioni,it-IT
Profil İsmini Girin,Inserisci il nome utente,it-IT
Profil par défaut,Profilo predefinito,it-IT
Profilerstellung beendet. Ergebnisse wurden in %s gespeichert.,Profilatura terminata. Risultati salvati in %s,it-IT
Profiling ended. Saved results to %s,Profilatura terminata. Risultati salvati in %s,it-IT
Profiling started for %s seconds. Use %s + %s to stop early,Profilatura di %s secondi avviata. Premi %s + %s per interromperla in anticipo,it-IT
Profiling started for %s seconds. Use F3 + L to stop early,Profilatura di %s secondi avviata. Premi F3 + L per interromperla in anticipo,it-IT
Profilname,Nome del giocatore,it-IT
Profilname im Mehrspielermodus nicht erlaubt,Nome non consentito in multigiocatore,it-IT
Profilname „%s“ in Zwischenablage kopieren,Copia il nome utente «%s» negli appunti,it-IT
Profilnamen eingeben,Inserisci il nome utente,it-IT
Progresos,Progressi,it-IT
Progresso feito!,Progresso compiuto!,it-IT
Progressos,Progressi,it-IT
Progrès,Progressi,it-IT
Progrès réalisé !,Progresso compiuto!,it-IT
Propos haineux,Incitamento all'odio,it-IT
Propos haineux ou discriminatoires,Incitamento all'odio o discriminazione,it-IT
Préparation de la zone d'apparition : %s %%,Preparazione dell'area di generazione: %s%%,it-IT
Puan,Punteggio,it-IT
Puan: %s,Punteggio: %s,it-IT
Pulsa %1$s para bajarte,Premi %1$s per scendere,it-IT
Pulsa %1$s para levantarte,Premi %1$s per alzarti,it-IT
Pulsa una tecla para seleccionar un comando y púlsala otra vez para usarlo.,"Premi un tasto per selezionare un comando, premilo nuovamente per eseguirlo",it-IT
Pulsa «Entrar» para aceptar la solicitud de amistad de %s,Premi Invio per accettare la richiesta d'amicizia da %s,it-IT
Pulsa «Entrar» para cancelar la solicitud de amistad a %s,Premi Invio per annullare la richiesta d'amicizia inviata a %s,it-IT
Pulsa «Entrar» para eliminar a %s de la lista de amigos,Premi Invio per rimuovere %s dalla lista amici,it-IT
Pulsa «Entrar» para rechazar la solicitud de amistad de %s,Premi Invio per rifiutare la richiesta d'amicizia da %s,it-IT
Punktestand,Punteggio,it-IT
Punktestand: %s,Punteggio: %s,it-IT
Puntuación,Punteggio,it-IT
Puntuación: %s,Punteggio: %s,it-IT
Pupitre,Leggio,it-IT
Página %1$s de %2$s,Pagina %1$s di %2$s,it-IT
Página anterior,Pagina precedente,it-IT
Qualificado,Qualificato,it-IT
Quay lại,Indietro,it-IT
Quay lại (%ss),Indietro (%s s),it-IT
Quay về danh sách máy chủ,Torna alla lista dei server,it-IT
Quay về danh sách Realm,Torna alla lista dei Realm,it-IT
Quay về danh sách thế giới,Torna alla lista dei mondi,it-IT
Quay về màn hình chính,Torna al menù principale,it-IT
Quelle est la raison de votre signalement ?,Perché stai segnalando ciò?,it-IT
Quelqu'un encourage d'autres personnes à prendre part à des activités illégales liées à la drogue ou encourage la consommation d'alcool par des mineurs.,Qualcuno sta incoraggiando gli altri a partecipare ad attività illegali legate alla droga o all'alcolismo minorile.,it-IT
Quelqu'un menace de vous faire du mal ou de faire du mal à une autre personne dans la vraie vie.,Qualcuno sta minacciando di fare del male a te o qualcun altro nella vita reale.,it-IT
Quelqu'un mentionne ou encourage un comportement indécent impliquant des mineurs.,Qualcuno sta menzionando o promuovendo comportamenti indecenti con minori.,it-IT
"Quelqu'un mentionne, encourage ou partage des images privées et intimes.","Qualcuno sta menzionando, condividendo o promuovendo immagini private e intime.",it-IT
Quelqu'un parle ou menace de se faire du mal dans la vraie vie.,Qualcuno sta minacciando di farsi del male nella vita reale o sta menzionando il farsi del male nella vita reale.,it-IT
"Quelqu'un parle, encourage ou menace de commettre des actes de terrorisme ou d'extrémisme violent pour des raisons politiques, religieuses, idéologiques ou autres.","Qualcuno sta menzionando, promuovendo o minacciando di commettere atti di terrorismo o estremismo violento per motivi politici, religiosi, ideologici o di altro tipo.",it-IT
"Quelqu'un porte atteinte à votre réputation ou à celle d'une autre personne, par exemple en diffusant de fausses informations dans le but d'exploiter ou de tromper les autres.","Qualcuno sta danneggiando la reputazione tua o di qualcun altro, per esempio condividendo informazioni false con lo scopo di sfruttare o ingannare gli altri.",it-IT
"Quelqu'un vous attaque, vous ou une autre personne, sur la base de caractéristiques liées à l'identité, comme la religion, l'ethnie ou la sexualité.","Qualcuno sta aggredendo te o un altro giocatore sulla base di caratteristiche della propria identità, come religione, etnia od orientamento sessuale.",it-IT
"Quelqu'un vous humilie, vous attaque ou vous harcèle, vous ou une autre personne. Cela inclut les tentatives de contact répétées et non consenties ou la publication non consentie d'informations personnelles privées (""doxing"").","Qualcuno sta umiliando, aggredendo o bullizzando te o qualcun altro. Ciò comprende quando qualcuno tenta ripetutamente di contattare te o qualcun altro senza permesso o condivide informazioni personali private su di te o qualcun altro senza permesso.",it-IT
"Quelque chose cloche... avec cette fonctionnalité, pas avec vos amis !

Réessayez plus tard.","Qualcosa non va... con questa funzionalità, mica coi tuoi amici!

Riprova più tardi",it-IT
Quero denunciar alguém,Voglio segnalare questo giocatore,it-IT
Quick Actions,Azioni rapide,it-IT
Quick Actions...,Azioni rapide...,it-IT
Quiero denunciarlo/a,Voglio segnalare questo giocatore,it-IT
Quit Game,Esci dal gioco,it-IT
Quitter et abandonner,Abbandona e annulla la segnalazione,it-IT
Quitter le jeu,Esci dal gioco,it-IT
Quá nhiều báo cáo sai hoặc không chính xác,Numero eccessivo di segnalazioni false o imprecise,it-IT
Quá đắt!,Costa troppo!,it-IT
Quản lí an toàn trực tuyến với %s của bạn,Gestisci la sicurezza in rete con l'%s,it-IT
Quản lí bằng tài khoản Microsoft,Gestisci con l'account Microsoft,it-IT
Quấy rối hoặc bắt nạt,Molestie o bullismo,it-IT
Raccourcis clavier :,Combinazioni di tasti:,it-IT
Ranh giới đoạn khúc: đã hiển thị,Confini dei chunk visibili,it-IT
Ranh giới đoạn khúc: đã ẩn đi,Confini dei chunk nascosti,it-IT
Rapor ve yorumları sil?,Annullare la segnalazione e i commenti?,it-IT
Rapora çok fazla ileti eklenmeye çalışılıyor,Troppi messaggi inclusi nella segnalazione,it-IT
Raporunuz gönderilirken bilinmeyen bir HTTP hatası oluştu.,Si è verificato un errore imprevisto del protocollo HTTP durante l'invio della tua segnalazione.,it-IT
Raporunuz gönderilirken hatalı veri yükü ile karşılaşıldı.,C'è stato un carico utile non corretto durante l'invio della tua segnalazione.,it-IT
Raporunuz Gönderilirken Sorun Yaşandı,Errore durante l'invio della segnalazione,it-IT
"Raporunuzu başarıyla aldık. Teşekkür ederiz!

Ekibimiz mümkün olan en kısa sürede inceleyecektir.","Abbiamo ricevuto la tua segnalazione. Grazie!

Il nostro team la revisionerà il prima possibile.",it-IT
Rasgado,Stracciato,it-IT
Reabastecimento até duas vezes ao dia.,I villici si riforniscono fino a 2 volte al giorno,it-IT
Realms listesine dön,Torna alla lista dei Realm,it-IT
Realms 목록으로 돌아가기,Torna alla lista dei Realm,it-IT
Realms一覧へ戻る,Torna alla lista dei Realm,it-IT
Reaparecer,Rinasci,it-IT
Recargando todos los chunks,Ricaricamento di tutti i chunk...,it-IT
Recarregando todos os chunks,Ricaricamento di tutti i chunk...,it-IT
"Recebemos a sua denúncia. Obrigado!

A equipe analisará o caso assim que possível.","Abbiamo ricevuto la tua segnalazione. Grazie!

Il nostro team la revisionerà il prima possibile.",it-IT
Recebemos uma denúncia de mau comportamento relacionado à sua conta. A moderação analisou o caso e identificou que viola os Padrões da Comunidade do Minecraft.,Abbiamo ricevuto una segnalazione per comportamento scorretto da parte del tuo account. I nostri moderatori hanno revisionato il tuo caso e hanno stabilito che viola le norme della collettività di Minecraft.,it-IT
"Recebemos uma denúncia de mau comportamento relacionado à sua conta. A moderação analisou o caso e identificou-o como %s, o que viola os Padrões da Comunidade do Minecraft.","Abbiamo ricevuto una segnalazione per comportamento scorretto da parte del tuo account. I nostri moderatori hanno revisionato il tuo caso e l'hanno identificato come %s, che viola le norme della collettività di Minecraft.",it-IT
Recebidos,Ricevute,it-IT
Receita desconhecida: %s,Ricetta sconosciuta: %s,it-IT
Received,Ricevute,it-IT
Receta desconocida: %s,Ricetta sconosciuta: %s,it-IT
Recette inconnue : %s,Ricetta sconosciuta: %s,it-IT
Rechargement de tous les chunks,Ricaricamento di tutti i chunk...,it-IT
Rechazar,Rifiuta,it-IT
Rechercher...,Cerca...,it-IT
Rechtsklick für mehr,Tasto destro per altre ricette,it-IT
Recibido,Ricevute,it-IT
Recientemente hemos recibido una denuncia por mal comportamiento hacia tu cuenta. Nuestros moderadores han revisado tu caso y han identificado que va en contra de los estándares comunitarios de Minecraft.,Abbiamo ricevuto una segnalazione per comportamento scorretto da parte del tuo account. I nostri moderatori hanno revisionato il tuo caso e hanno stabilito che viola le norme della collettività di Minecraft.,it-IT
"Recientemente hemos recibido una denuncia por mal comportamiento hacia tu cuenta. Nuestros moderadores han revisado tu caso y lo han identificado como %s, lo que va en contra de los estándares comunitarios de Minecraft.","Abbiamo ricevuto una segnalazione per comportamento scorretto da parte del tuo account. I nostri moderatori hanno revisionato il tuo caso e l'hanno identificato come %s, che viola le norme della collettività di Minecraft.",it-IT
Recoger libro,Prendi il libro,it-IT
Recolher livro,Prendi il libro,it-IT
Recusar,Rifiuta,it-IT
Red,Rete,it-IT
Reddet,Annulla richiesta,it-IT
Reddet,Rifiuta,it-IT
Rede,Rete,it-IT
Redefinir mundo de demonstração,Ripristina il mondo di prova,it-IT
"References to hate groups, terrorist organizations, or notorious figures","Riferimenti a gruppi d'odio, organizzazioni terroristiche o figure malfamate",it-IT
References to illegal drugs,Riferimenti a droghe illegali,it-IT
Referencias a drogas ilegales,Riferimenti a droghe illegali,it-IT
"Referencias a grupos de odio, organizaciones terroristas o figuras notorias","Riferimenti a gruppi d'odio, organizzazioni terroristiche o figure malfamate",it-IT
"Referências a grupos de ódio, organizações terroristas ou figuras famosas","Riferimenti a gruppi d'odio, organizzazioni terroristiche o figure malfamate",it-IT
Refuser,Rifiuta,it-IT
Reiniciar mundo de demostración,Ripristina il mondo di prova,it-IT
Rejected %s files,%s file rifiutati,it-IT
Rejoindre,Entra,it-IT
Reloaded resource packs,Pacchetti di risorse ricaricati,it-IT
Reloading all chunks,Ricaricamento di tutti i chunk...,it-IT
"Remarque : les options personnalisées sont fournies par des serveurs et/ou du contenu tiers.
Faites attention !","Nota: le opzioni personalizzate sono fornite da server o contenuti di terze parti.
Usare con cautela!",it-IT
Remarque à propos des écrans personnalisés,Nota riguardante le schermate personalizzate,it-IT
Remove,Rimuovi,it-IT
Remove Friend,Rimuovi amico,it-IT
Remover,Rimuovi,it-IT
Renascer,Rinasci,it-IT
Renderizadores de depuración,Visualizzazioni diagnostiche,it-IT
Renderizadores de depuração,Visualizzazioni diagnostiche,it-IT
Repair & Disenchant,Ripara e disincanta,it-IT
Repair & Name,Ripara e denomina,it-IT
Reparar e desencantar,Ripara e disincanta,it-IT
Reparar e renomear,Ripara e denomina,it-IT
Reparar y desencantar,Ripara e disincanta,it-IT
Reparar y renombrar,Ripara e denomina,it-IT
Reparieren/Benennen,Ripara e denomina,it-IT
Reparieren/Entzaubern,Ripara e disincanta,it-IT
Report,Segnala,it-IT
Report Bugs,Segnala errori,it-IT
Report Inappropriate Player Name,Segnala nome inappropriato del giocatore,it-IT
Report Player,Segnala giocatore,it-IT
Report player,Segnala giocatore,it-IT
Report player %s,Segnala %s,it-IT
Report Player Chat,Segnala messaggi in chat del giocatore,it-IT
Report Player Skin,Segnala skin del giocatore,it-IT
Report Sent,Segnalazione inviata,it-IT
Report to Server,Segnala al server,it-IT
Reprendre la partie,Riprendi la partita,it-IT
Representaciones de violencia excesiva o gore en la vida real,Raffigurazioni di scene reali eccessivamente violente o cruente,it-IT
Reproduciendo: %s,In riproduzione: %s,it-IT
Représentations réelles de violence excessive ou de contenu sanglant,Raffigurazioni di scene reali eccessivamente violente o cruente,it-IT
Requests (%s),Richieste (%s),it-IT
Reset Demo World,Ripristina il mondo di prova,it-IT
Respawn,Rinasci,it-IT
Ressourcenpakete neu geladen,Pacchetti di risorse ricaricati,it-IT
Ressusciter,Rinasci,it-IT
Retirer,Rimuovi,it-IT
Retirer l'ami,Rimuovi amico,it-IT
Retour,Indietro,it-IT
Retour (%s s),Indietro (%s s),it-IT
Retour au menu principal,Torna al menù principale,it-IT
Retour à la liste des mondes,Torna alla lista dei mondi,it-IT
Retour à la liste des Realms,Torna alla lista dei Realm,it-IT
Retour à la liste des serveurs,Torna alla lista dei server,it-IT
Rezept(e) freigeschaltet!,Nuove ricette sbloccate!,it-IT
Reçues,Ricevute,it-IT
Right Click for More,Tasto destro per altre ricette,it-IT
Runter,Giù,it-IT
Rách nát,Stracciato,it-IT
Räucherbares wird angezeigt,Affumicature realizzabili,it-IT
Räucherofen,Affumicatore,it-IT
Références à des drogues illégales,Riferimenti a droghe illegali,it-IT
"Références à des groupes de haine, des organisations terroristes ou des figures notoires","Riferimenti a gruppi d'odio, organizzazioni terroristiche o figure malfamate",it-IT
Réinitialiser le monde de démo,Ripristina il mondo di prova,it-IT
Réparer et désenchanter,Ripara e disincanta,it-IT
Réparer et renommer,Ripara e denomina,it-IT
Réseau,Rete,it-IT
Réseau local,Partita in rete locale,it-IT
Réseau local,Rete locale,it-IT
Réseau local...,Rete locale...,it-IT
Rückmeldung,Riscontro,it-IT
Rückmeldung …,Riscontro...,it-IT
Rücktext:,Messaggio posteriore:,it-IT
Rıza dışı müstehcen görüntüler,Immagini intime non consensuali,it-IT
Rương,Baule,it-IT
Rương Ender,Baule di ender,it-IT
Rương to,Baule grande,it-IT
Rời đi và huỷ bỏ báo cáo,Abbandona e annulla la segnalazione,it-IT
Rời đi và huỷ bỏ báo cáo,Abbandona e annulla la segnalazione,it-IT
Sair do jogo,Esci dal gioco,it-IT
Sair e descartar,Abbandona e annulla la segnalazione,it-IT
Salir y descartar denuncia,Abbandona e annulla la segnalazione,it-IT
Saltando esta noche al dormir,La notte sta passando...,it-IT
Salvando chunks,Salvataggio dei chunk...,it-IT
Salvando mundo,Salvataggio del mondo...,it-IT
Salvar como rascunho,Salva bozza,it-IT
Salvar e voltar ao menu principal,Salva ed esci dal mondo,it-IT
Salve a barra rápida com %1$s + %2$s,Salva la barra rapida con %1$s + %2$s,it-IT
Sandık,Baule,it-IT
Sao chép,Copia negli appunti,it-IT
Sao chép liên kết vào khay nhớ tạm,Copia negli appunti,it-IT
Sao chép tên hồ sơ %s vào khay nhớ tạm,Copia il nome utente «%s» negli appunti,it-IT
Sao chép vào khay nhớ tạm,Copia negli appunti,it-IT
Sauvegarde des chunks...,Salvataggio dei chunk...,it-IT
Sauvegarde du monde...,Salvataggio del mondo...,it-IT
Sauvegarder et quitter la partie,Salva ed esci dal mondo,it-IT
Sauvegardez la barre d'action avec %1$s + %2$s,Salva la barra rapida con %1$s + %2$s,it-IT
Save and Quit to Title,Salva ed esci dal mondo,it-IT
Save as Draft,Salva bozza,it-IT
Save hotbar with %1$s + %2$s,Salva la barra rapida con %1$s + %2$s,it-IT
Saved dynamic textures to %s,Grafiche dinamiche salvate in %s,it-IT
Saving chunks,Salvataggio dei chunk...,it-IT
Saving world,Salvataggio del mondo...,it-IT
"Sayfa %1$s,%2$s",Pagina %1$s di %2$s,it-IT
Schau in dein Rezeptbuch,Controlla il ricettario,it-IT
Schildbeschriftung bearbeiten,Messaggio del cartello:,it-IT
Schmelzbares wird angezeigt,Fusioni realizzabili,it-IT
Schmelzofen,Forno fusorio,it-IT
Schmiedevorlage hinzufügen,Inserisci uno schema di forgiatura,it-IT
Schnellaktionen,Azioni rapide,it-IT
Schnellaktionen …,Azioni rapide...,it-IT
Schnellzugriffsleiste gespeichert (mit %1$s + %2$s wiederherstellen),Barra rapida salvata (ripristinala con %1$s + %2$s),it-IT
Schnellzugriffsleiste mit %1$s + %2$s speichern,Salva la barra rapida con %1$s + %2$s,it-IT
Score,Punteggio,it-IT
Score ,Punteggio,it-IT
Score : %s,Punteggio: %s,it-IT
Score: %s,Punteggio: %s,it-IT
Se ha desactivado el chat porque la clave pública de perfil ha caducado. Intenta reconectar.,Chat disattivata a causa della crittografia asimmetrica del profilo scaduta. Prova a riconnetterti.,it-IT
Se ha desactivado el chat porque la clave pública de perfil no se ha encontrado. Intenta reconectar.,Chat disattivata a causa della crittografia asimmetrica del profilo mancante. Prova a riconnetterti.,it-IT
Se ha desactivado el chat porque se ha roto la cadena de mensajes. Intenta reconectar.,Chat disattivata a causa di una catena spezzata. Prova a riconnetterti.,it-IT
Se ha detectado un paquete mal estructurado al enviar tu denuncia.,C'è stato un carico utile non corretto durante l'invio della tua segnalazione.,it-IT
"Se ha detectado un sistema de 32 bits. ¡Esto podría impedirte jugar en el futuro, ya que se necesitará un sistema de 64 bits!",È stato rilevato un sistema a 32 bit: potrebbe impedirti di giocare in futuro visto che sarà necessario un sistema a 64 bit!,it-IT
"Se ha producido un error al enviar tu denuncia:
«%s»","Si è verificato un errore durante l'invio della tua segnalazione:
«%s»",it-IT
Se ha producido un error HTTP inesperado al enviar tu denuncia.,Si è verificato un errore imprevisto del protocollo HTTP durante l'invio della tua segnalazione.,it-IT
Se ha producido un error inesperado al enviar tu denuncia.,C'è stato un errore imprevisto durante l'invio della tua segnalazione.,it-IT
Se ha recibido el chat desordenado. ¿Ha habido algún cambio en la hora de tu dispositivo?,Pacchetti chat non funzionanti. L'orario del tuo computer è stato modificato?,it-IT
Se ha suspendido tu cuenta permanentemente y no podrás jugar en línea,Il tuo account è permanentemente sospeso dal gioco in rete,it-IT
Se ha suspendido tu cuenta temporalmente y no podrás jugar en línea,Il tuo account è temporaneamente sospeso dal gioco in rete,it-IT
Se han copiado los datos de la entidad al portapapeles (lado del cliente),Dati entità (lato client) copiati negli appunti,it-IT
Se han copiado los datos de la entidad al portapapeles (lado del servidor),Dati entità (lato server) copiati negli appunti,it-IT
Se han copiado los datos del bloque al portapapeles (lado del cliente),Dati blocco (lato client) copiati negli appunti,it-IT
Se han copiado los datos del bloque al portapapeles (lado del servidor),Dati blocco (lato server) copiati negli appunti,it-IT
Se réapprovisionne jusqu'à 2 fois par jour,I villici si riforniscono fino a 2 volte al giorno,it-IT
Se téléporter à un joueur,Teletrasportati presso un giocatore,it-IT
Se téléporter à un membre de l'équipe,Teletrasportati presso un membro della squadra,it-IT
"Se você sair, essa denúncia e os comentários serão perdidos.
Deseja mesmo sair?","Se abbandoni, perderai questa segnalazione e i tuoi commenti.
Vuoi davvero abbandonare?",it-IT
Search...,Cerca...,it-IT
See log for more details,Controlla il registro per ulteriori dettagli,it-IT
Seguinte,Avanti,it-IT
Seguinte,Pagina successiva,it-IT
Seguir editando,Continua a modificare,it-IT
Seite %1$s von %2$s,Pagina %1$s di %2$s,it-IT
Selbstverletzung oder Selbstmord,Autolesionismo o suicidio,it-IT
Selección de objetos,Selezione oggetti,it-IT
Selecionar categoria,Seleziona una categoria per la segnalazione,it-IT
Selecione as mensagens para denunciar,Seleziona i messaggi in chat da segnalare,it-IT
Selecione pelo menos uma mensagem,Seleziona almeno un messaggio in chat da segnalare,it-IT
Selecione um jogador para se teletransportar,Scegli un giocatore presso cui teletrasportarti,it-IT
Selecione uma categoria,Seleziona una categoria di segnalazione,it-IT
Selecione uma categoria,Seleziona una categoria per la segnalazione,it-IT
Selecione uma categoria de denúncia,Seleziona una categoria di segnalazione,it-IT
Selecione uma equipe para teletransportar-se,Scegli una squadra presso cui teletrasportarti,it-IT
Select a player to teleport to,Scegli un giocatore presso cui teletrasportarti,it-IT
Select a team to teleport to,Scegli una squadra presso cui teletrasportarti,it-IT
Select Chat Messages to Report,Seleziona i messaggi in chat da segnalare,it-IT
Select Report Category,Seleziona una categoria per la segnalazione,it-IT
Seleção de itens,Selezione oggetti,it-IT
Self-harm or suicide,Autolesionismo o suicidio,it-IT
Sempre,Sì,it-IT
Send friend request,Invia richiesta d'amicizia,it-IT
Send Report,Invia segnalazione,it-IT
Senden von Befehlen nicht erlaubt,L'invio di comandi non è consentito,it-IT
Senden von Chatnachrichten nicht erlaubt,L'invio di messaggi in chat non è consentito,it-IT
Sending chat messages is not allowed,L'invio di messaggi in chat non è consentito,it-IT
Sending commands is not allowed,L'invio di comandi non è consentito,it-IT
Sending Your Report...,Invio della segnalazione...,it-IT
Sent,Inviate,it-IT
Server Links,Collegamenti del server,it-IT
Server Links...,Collegamenti...,it-IT
Server message.,Messaggio del server.,it-IT
Server message. Cannot be reported.,Messaggio del server. Impossibile segnalare.,it-IT
Server sent invalid message.,Messaggio del server non valido.,it-IT
Servernachricht.,Messaggio del server.,it-IT
Servernachricht. Kann nicht gemeldet werden.,Messaggio del server. Impossibile segnalare.,it-IT
Serverseitige Blockdaten in Zwischenablage kopiert,Dati blocco (lato server) copiati negli appunti,it-IT
Serverseitige Objektdaten in Zwischenablage kopiert,Dati entità (lato server) copiati negli appunti,it-IT
Server‐Links,Collegamenti del server,it-IT
Server‐Links …,Collegamenti...,it-IT
Settings for Other Players,Impostazioni per gli altri giocatori,it-IT
"Seu nome atual — ""%s"" — viola os Padrões da Comunidade. Você pode jogar offline, mas deverá alterá-lo para jogar online.

Saiba mais ou envie um pedido para rever o seu caso através do link: %s","Il tuo nome attuale («%s») viola le norme della collettività. Puoi giocare in giocatore singolo, ma devi cambiare il nome per giocare in rete.

Scopri di più o richiedi una revisione del caso al collegamento seguente: %s",it-IT
"Seus amigos aparecem aqui.

Gerencie a segurança online através da sua %s.","Gli amici appariranno qua

Gestisci la sicurezza in rete con l'%s",it-IT
Seviye Gereksinimi: %s,Livelli necessari: %s,it-IT
Sexually inappropriate,Contenuti sessuali non appropriati,it-IT
Sexualmente inapropriado,Contenuti sessuali non appropriati,it-IT
Sexuell unangemessen,Contenuti sessuali non appropriati,it-IT
Sexuelle Ausbeutung oder Missbrauch von Kindern,Sfruttamento o abuso sessuale di minori,it-IT
Sexuellement explicite,Contenuti sessuali non appropriati,it-IT
Sharing details will help us make a well-informed decision.,Condividere i dettagli ci aiuterà a compiere una decisione ben informata.,it-IT
Show in Chat,Mostra nella chat,it-IT
Show messages,Mostra messaggi,it-IT
Show messages from %s,Mostra messaggi da %s,it-IT
Showing All,Tutte le ricette,it-IT
Showing Blastable,Fusioni realizzabili,it-IT
Showing Craftable,Ricette realizzabili,it-IT
Showing Smeltable,Cotture realizzabili,it-IT
Showing Smokable,Affumicature realizzabili,it-IT
Shulker Box,Scatola di shulker,it-IT
Shulker Kutusu,Scatola di shulker,it-IT
Shulker-Kiste,Scatola di shulker,it-IT
"Si sales ahora, se borrarán esta denuncia y tus comentarios.
¿Seguro que quieres salir?","Se abbandoni, perderai questa segnalazione e i tuoi commenti.
Vuoi davvero abbandonare?",it-IT
"Si sales, esta denuncia y tus comentarios se descartarán.
¿Estás seguro de que quieres salir?","Se abbandoni, perderai questa segnalazione e i tuoi commenti.
Vuoi davvero abbandonare?",it-IT
"Si vous quittez, vous perdrez ce signalement et vos commentaires.
Voulez-vous vraiment quitter ?","Se abbandoni, perderai questa segnalazione e i tuoi commenti.
Vuoi davvero abbandonare?",it-IT
Siehe Ausgabeprotokoll für Einzelheiten,Controlla il registro per ulteriori dettagli,it-IT
Siempre,Sì,it-IT
Sign,Firma,it-IT
Sign and Close,Firma e chiudi,it-IT
Signalement des messages du joueur,Segnala messaggi in chat del giocatore,it-IT
Signalement du joueur,Segnala giocatore,it-IT
Signalement du nom du joueur,Segnala nome inappropriato del giocatore,it-IT
Signalement du skin du joueur,Segnala skin del giocatore,it-IT
Signalement envoyé,Segnalazione inviata,it-IT
Signaler,Segnala,it-IT
Signaler au serveur,Segnala al server,it-IT
Signaler le joueur,Segnala giocatore,it-IT
Signaler le joueur %s,Segnala %s,it-IT
Signaler le tchat,Segnala giocatore,it-IT
Signaler un bug,Segnala errori,it-IT
Signature non valide pour le tchat. Veuillez essayer de vous reconnecter.,Firma della chat non valida. Prova a riconnetterti.,it-IT
Signer,Firma,it-IT
Signer et fermer,Firma e chiudi,it-IT
Signieren,Firma,it-IT
Siguiente,Avanti,it-IT
Siguiente página,Pagina successiva,it-IT
Sim,Sì,it-IT
Sin conexión,Non in linea,it-IT
Sinalizador,Faro,it-IT
Singleplayer,Giocatore singolo,it-IT
Sistema de 32 bits detectado,Sistema a 32 bit rilevato,it-IT
Sistema de 32 bits detectado. Você precisará de um sistema de 64 bits para jogar futuramente!,È stato rilevato un sistema a 32 bit: potrebbe impedirti di giocare in futuro visto che sarà necessario un sistema a 64 bit!,it-IT
Skin,Skin del giocatore,it-IT
Skin des Spielers melden,Segnala skin del giocatore,it-IT
Skin do jogador,Skin del giocatore,it-IT
Skin du joueur,Skin del giocatore,it-IT
"Skin hiện tại của bạn vi phạm Tiêu chuẩn cộng đồng của chúng tôi. Bạn vẫn có thể chơi bằng skin mặc định, hoặc chọn một skin mới.

Tìm hiểu thêm hoặc gửi xem xét trường hợp tại liên kết sau: %s","La tua skin attuale viola le norme della collettività. Puoi continuare a giocare con una skin predefinita oppure sceglierne una nuova.

Scopri di più o richiedi una revisione del caso al collegamento seguente: %s",it-IT
Skin không được cho phép,Skin non consentita,it-IT
Skin người chơi,Skin del giocatore,it-IT
Skin nicht erlaubt,Skin non consentita,it-IT
Skin non autorisé,Skin non consentita,it-IT
Skin Not Allowed,Skin non consentita,it-IT
Skin proibida,Skin non consentita,it-IT
"Skins que retratam atos e órgãos sexuais, ou violência sexual.","Skin esplicite con riferimenti ad atti sessuali, organi sessuali o violenza sessuale.",it-IT
"Skins that are graphic in nature relating to sexual acts, sexual organs, and sexual violence.","Skin esplicite con riferimenti ad atti sessuali, organi sessuali o violenza sessuale.",it-IT
"Skins, die sexuelle Handlungen, Geschlechtsorgane und/oder sexuelle Gewalt grafisch darstellen.","Skin esplicite con riferimenti ad atti sessuali, organi sessuali o violenza sessuale.",it-IT
Sleeping through this night,La notte sta passando...,it-IT
Smoker,Affumicatore,it-IT
Sobre as denúncias,Scopri di più sulle segnalazioni,it-IT
Social Interactions,Interazioni sociali,it-IT
sohbet,chat,it-IT
Sohbet Bildirisi Taslağını Düzenle?,Modificare la bozza della segnalazione?,it-IT
Sohbet doğrulama hatası,Errore di convalida della chat,it-IT
Sohbet ekranı,Schermata della chat,it-IT
Sohbet geçersiz bir imzaya sahip. Yeniden bağlanmayı deneyin.,Firma della chat non valida. Prova a riconnetterti.,it-IT
Sohbet iletisi gönderilemedi,Impossibile inviare il messaggio in chat,it-IT
Sohbet kırık zincirden dolayı kapatıldı. Lütfen yeniden bağlanmayı deneyin.,Chat disattivata a causa di una catena spezzata. Prova a riconnetterti.,it-IT
Sohbet Mesajları,Messaggi in chat,it-IT
Sohbet mesajı gönderme izni yok,L'invio di messaggi in chat non è consentito,it-IT
"Sohbet, başlatıcı ayarlarından devre dışı bırakılmış. Mesaj gönderilemiyor.",Chat disattivata nelle opzioni del launcher. Impossibile inviare il messaggio.,it-IT
"Sohbet, istemci ayarlarında kapalı.",Chat disattivata nelle opzioni del client.,it-IT
Sohbette engellenmiş oyuncu yok,Nessun giocatore bloccato nella chat,it-IT
Sohbette Gizle,Nascondi nella chat,it-IT
Sohbette gizlenmiş oyuncu yok,Nessun giocatore nascosto nella chat,it-IT
Sohbette göster,Mostra nella chat,it-IT
Solicitud de amistad de %s,Richiesta d'amicizia in arrivo da %s,it-IT
Solicitud de amistad enviada a %s,Hai inviato una richiesta d'amicizia a %s,it-IT
Solicitud de amistad enviada a %s,Richiesta d'amicizia inviata a %s,it-IT
Solicitud para unirse,Chiedi di entrare,it-IT
Solicitudes (%s),Richieste (%s),it-IT
Solo,Giocatore singolo,it-IT
Soltador,Gettatore,it-IT
"Someone is attacking you or another player based on characteristics of their identity, like religion, race, or sexuality.","Qualcuno sta aggredendo te o un altro giocatore sulla base di caratteristiche della propria identità, come religione, etnia od orientamento sessuale.",it-IT
"Someone is damaging your or someone else's reputation, for example sharing false information with the aim to exploit or mislead others.","Qualcuno sta danneggiando la reputazione tua o di qualcun altro, per esempio condividendo informazioni false con lo scopo di sfruttare o ingannare gli altri.",it-IT
Someone is encouraging others to partake in illegal drug related activities or encouraging underage drinking.,Qualcuno sta incoraggiando gli altri a partecipare ad attività illegali legate alla droga o all'alcolismo minorile.,it-IT
"Someone is shaming, attacking, or bullying you or someone else. This includes when someone is repeatedly trying to contact you or someone else without consent or posting private personal information about you or someone else without consent (""doxing"").","Qualcuno sta umiliando, aggredendo o bullizzando te o qualcun altro. Ciò comprende quando qualcuno tenta ripetutamente di contattare te o qualcun altro senza permesso o condivide informazioni personali private su di te o qualcun altro senza permesso.",it-IT
Someone is talking about or otherwise promoting indecent behavior involving children.,Qualcuno sta menzionando o promuovendo comportamenti indecenti con minori.,it-IT
"Someone is talking about, promoting, or threatening to commit acts of terrorism or violent extremism for political, religious, ideological, or other reasons.","Qualcuno sta menzionando, promuovendo o minacciando di commettere atti di terrorismo o estremismo violento per motivi politici, religiosi, ideologici o di altro tipo.",it-IT
"Someone is talking about, sharing, or otherwise promoting private and intimate images.","Qualcuno sta menzionando, condividendo o promuovendo immagini private e intime.",it-IT
Someone is threatening to harm themselves in real life or talking about harming themselves in real life.,Qualcuno sta minacciando di farsi del male nella vita reale o sta menzionando il farsi del male nella vita reale.,it-IT
Someone is threatening to harm you or someone else in real life.,Qualcuno sta minacciando di fare del male a te o qualcun altro nella vita reale.,it-IT
"Something's wrong — with this feature, not your friends!

Try again later.","Qualcosa non va... con questa funzionalità, mica coi tuoi amici!

Riprova più tardi",it-IT
Son zamanlarda hesabınızın kötü davranışıyla ilgili bir bildiri aldık. Moderatörlerimiz dosyanızı inceledi ve bunun Minecraft Topluluk Standartlarına aykırı olan %s olarak belirledi.,"Abbiamo ricevuto una segnalazione per comportamento scorretto da parte del tuo account. I nostri moderatori hanno revisionato il tuo caso e l'hanno identificato come %s, che viola le norme della collettività di Minecraft.",it-IT
Son zamanlarda hesabınızın kötü davranışıyla ilgili bir bildiri aldık. Moderatörlerimiz dosyanızı inceledi ve bunun Minecraft Topluluk Standartlarına aykırı olduğunu belirledi.,Abbiamo ricevuto una segnalazione per comportamento scorretto da parte del tuo account. I nostri moderatori hanno revisionato il tuo caso e hanno stabilito che viola le norme della collettività di Minecraft.,it-IT
Sonraki mesajı göstermek için tıklayın,Clicca per mostrare il prossimo messaggio,it-IT
Sonraki Sayfa,Avanti,it-IT
Sonraki Sayfa,Pagina successiva,it-IT
Soporte para pociones,Alambicco,it-IT
Sosyal Etkileşimler,Interazioni sociali,it-IT
Soziale Interaktionen,Interazioni sociali,it-IT
Spam hoặc quảng cáo,Pubblicità indesiderata,it-IT
Spam o publicidad,Pubblicità indesiderata,it-IT
Spam oder Werbung,Pubblicità indesiderata,it-IT
Spam or advertising,Pubblicità indesiderata,it-IT
Spam ou publicidade,Pubblicità indesiderata,it-IT
Spam ou publicité,Pubblicità indesiderata,it-IT
Spam veya reklam,Pubblicità indesiderata,it-IT
Spectate World,Rinasci come spettatore,it-IT
Speichern und zurück zum Hauptmenü,Salva ed esci dal mondo,it-IT
Spender,Gettatore,it-IT
Spiel angehalten,Gioco in pausa,it-IT
Spiel beenden,Esci dal gioco,it-IT
Spieler %s melden,Segnala %s,it-IT
Spieler im selben Netzwerk können beitreten.,I giocatori sulla tua stessa rete possono entrare nel mondo.,it-IT
Spieler melden,Segnala giocatore,it-IT
Spielmenü,Menù di gioco,it-IT
Spielmodus kann nicht geändert werden; keine Berechtigung,Non hai l'autorizzazione a cambiare modalità di gioco,it-IT
Spielmodusauswahl kann wegen fehlender Berechtigung nicht geöffnet werden,Non hai l'autorizzazione a cambiare modalità di gioco,it-IT
Standardprofil,Profilo predefinito,it-IT
Statistics,Statistiche,it-IT
Statistiken,Statistiche,it-IT
Statistiques,Statistiche,it-IT
Steinsäge,Tagliapietre,it-IT
Stonecutter,Tagliapietre,it-IT
Sua conta está banida para sempre. Você não pode jogar online ou entrar no Realms.,"Il tuo account è permanentemente bannato, quindi non puoi giocare in rete o entrare nei Realm.",it-IT
Sua conta está suspensa do modo online para sempre,Il tuo account è permanentemente sospeso dal gioco in rete,it-IT
Sua conta está suspensa temporariamente do modo online,Il tuo account è temporaneamente sospeso dal gioco in rete,it-IT
Sua conta está suspensa temporariamente e será reativada em %s.,Il tuo account è temporaneamente sospeso e verrà riattivato tra %s.,it-IT
"Sua skin atual viola os Padrões da Comunidade. Você pode jogar com uma skin padrão ou selecionar uma nova.

Saiba mais ou envie um pedido para rever o seu caso através do link: %s","La tua skin attuale viola le norme della collettività. Puoi continuare a giocare con una skin predefinita oppure sceglierne una nuova.

Scopri di più o richiedi una revisione del caso al collegamento seguente: %s",it-IT
Suche …,Cerca...,it-IT
Sujets ou contenus à caractère sexuel,Argomenti o contenuti di natura sessuale,it-IT
Sunucu Adresleri,Collegamenti del server,it-IT
Sunucu Adresleri...,Collegamenti...,it-IT
Sunucu Bekleniyor,In attesa del server...,it-IT
Sunucu geçersiz ileti gönderdi.,Messaggio del server non valido.,it-IT
Sunucu iletisi.,Messaggio del server.,it-IT
Sunucu iletisi. Bildirilemez.,Messaggio del server. Impossibile segnalare.,it-IT
Sunucu Listesine Dön,Torna alla lista dei server,it-IT
Sunucu taraflı blok verisi panoya kopyalandı,Dati blocco (lato server) copiati negli appunti,it-IT
Sunucu taraflı varlık verisi panoya kopyalandı,Dati entità (lato server) copiati negli appunti,it-IT
Sunucu tarafından filtrelendi.,Filtrato dal server.,it-IT
"Sunucu, iletinizi bazı oyunculardan gizledi.",Il server ha nascosto il tuo messaggio per alcuni giocatori.,it-IT
Sunucuya Bildir,Segnala al server,it-IT
Suplantación o intercambio de información para engañar o aprovecharse de otros,Sostituzione di persona o diffusione d'informazioni al fine d'ingannare o approfittarsi di altri,it-IT
Suporte de Poções,Alambicco,it-IT
Système 32 bits détecté,Sistema a 32 bit rilevato,it-IT
Système 32 bits détecté : cela peut vous empêcher de jouer à l'avenir car un système 64 bits sera requis !,È stato rilevato un sistema a 32 bit: potrebbe impedirti di giocare in futuro visto che sarà necessario un sistema a 64 bit!,it-IT
Sélection de la catégorie de signalement,Seleziona una categoria per la segnalazione,it-IT
Sélection des messages du tchat à signaler,Seleziona i messaggi in chat da segnalare,it-IT
Sélection des objets,Selezione oggetti,it-IT
Sélectionner les messages à signaler,Seleziona i messaggi in chat da segnalare,it-IT
Sélectionner une catégorie,Seleziona una categoria per la segnalazione,it-IT
Sélectionnez au moins un message dans le tchat à signaler,Seleziona almeno un messaggio in chat da segnalare,it-IT
Sélectionnez un joueur vers lequel se téléporter,Scegli un giocatore presso cui teletrasportarti,it-IT
Sélectionnez une catégorie,Seleziona una categoria di segnalazione,it-IT
Sélectionnez une équipe vers laquelle se téléporter,Scegli una squadra presso cui teletrasportarti,it-IT
Sí,Sì,it-IT
Sıra dışı sohbet alındı. Sistem zamanınız mı değişti?,Pacchetti chat non funzionanti. L'orario del tuo computer è stato modificato?,it-IT
Số liệu,Statistiche,it-IT
Số ong: %s/%s,Api: %s/%s,it-IT
Sửa chữa & xoá phù phép,Ripara e disincanta,it-IT
Sửa chữa & đặt tên,Ripara e denomina,it-IT
Tabela İletisini Düzenle,Messaggio del cartello:,it-IT
Table de cartographie,Cartografia,it-IT
Taciz veya zorbalık,Molestie o bullismo,it-IT
Tailleur de pierre,Tagliapietre,it-IT
Take Book,Prendi il libro,it-IT
Taklit veya başkalarını sömürme veya yanıltma amaçlı bilgi paylaşmak,Sostituzione di persona o diffusione d'informazioni al fine d'ingannare o approfittarsi di altri,it-IT
Takım Üyesine Işınlan,Teletrasportati presso un membro della squadra,it-IT
Takıma İleti Gönder,Scrivi alla squadra,it-IT
Tamam,OK,it-IT
Tamamı Gösteriliyor,Tutte le ricette,it-IT
Tarayıcıda Aç,Apri collegamento,it-IT
Tarif kitabınızı kontrol edin,Controlla il ricettario,it-IT
Taslak olarak kaydedilmiş bir bildiriniz var. Eğer çıkış yaparsanız bu bildiri silinecektir,Hai una bozza di segnalazione che andrà persa se abbandoni,it-IT
Taslak olarak kaydedilmiş bir sohbet bildiriniz var. Ayrılırsanız bu bildiri silinecektir,Hai una bozza di segnalazione che andrà persa se abbandoni,it-IT
Taslak Olarak Kaydet,Salva bozza,it-IT
Tastenbelegung:,Combinazioni di tasti:,it-IT
Tattered,Stracciato,it-IT
Taş Yontma Makinesi,Tagliapietre,it-IT
Tchat désactivé dans les options du client.,Chat disattivata nelle opzioni del client.,it-IT
Tchat désactivé dans les options du Launcher. Impossible d'envoyer de message.,Chat disattivata nelle opzioni del launcher. Impossibile inviare il messaggio.,it-IT
Tchat désactivé à cause d'une chaîne brisée. Veuillez essayer de vous reconnecter.,Chat disattivata a causa di una catena spezzata. Prova a riconnetterti.,it-IT
Tchat désactivé à cause de l'absence de la clé publique du profil. Veuillez essayer de vous reconnecter.,Chat disattivata a causa della crittografia asimmetrica del profilo mancante. Prova a riconnetterti.,it-IT
Tchat désactivé à cause de l'expiration de la clé publique du profil. Veuillez essayer de vous reconnecter.,Chat disattivata a causa della crittografia asimmetrica del profilo scaduta. Prova a riconnetterti.,it-IT
Tchat non autorisé dans les paramètres du compte. Impossible d'envoyer ou de voir les messages.,Chat disattivata nelle impostazioni dell'account. Impossibile mandare o leggere i messaggi.,it-IT
"Tchat non autorisé dans les paramètres du compte. Rappuyez sur ""%s"" pour plus d'informations.",Chat disattivata nelle impostazioni dell'account. Premi di nuovo «%s» per ulteriori informazioni.,it-IT
Tchat reçu dans le désordre. L'heure de votre système a-t-elle changé ?,Pacchetti chat non funzionanti. L'orario del tuo computer è stato modificato?,it-IT
Team benachrichtigen,Scrivi alla squadra,it-IT
Tear,Telaio,it-IT
Teclas:,Combinazioni di tasti:,it-IT
Tek Oyunculu,Giocatore singolo,it-IT
Teklifler,Scambi,it-IT
Tela de assinatura do livro,Finestra della firma del libro,it-IT
Tela de chat,Schermata della chat,it-IT
Tela de edição do livro,Finestra di modifica del libro,it-IT
Tela de visualização do livro,Finestra di lettura del libro,it-IT
Tela personalizada negada,Schermata personalizzata rifiutata,it-IT
Telar,Telaio,it-IT
Teleport to Player,Teletrasportati presso un giocatore,it-IT
Teleport to Team Member,Teletrasportati presso un membro della squadra,it-IT
Teletransportar-se para um jogador,Teletrasportati presso un giocatore,it-IT
Teletransportar-se para um membro da equipe,Teletrasportati presso un membro della squadra,it-IT
Teletransportarse a un jugador,Teletrasportati presso un giocatore,it-IT
Teletransportarse a un miembro del equipo,Teletrasportati presso un membro della squadra,it-IT
Telif Hakları Sahibi Mojang AB. Tekrar Dağıtmayın!,© Mojang AB. Vietata la distribuzione!,it-IT
Temas o contenido de naturaleza sexual,Argomenti o contenuti di natura sessuale,it-IT
Temas o contenido de naturaleza sexual,Contenuti sessuali non appropriati,it-IT
Temas ou conteúdos de natureza sexual,Argomenti o contenuti di natura sessuale,it-IT
Tentando incluir muitas mensagens na denúncia,Troppi messaggi inclusi nella segnalazione,it-IT
Terminé,Fatto,it-IT
Terrorism or violent extremism,Terrorismo o estremismo violento,it-IT
Terrorisme ou extrémisme violent,Terrorismo o estremismo violento,it-IT
Terrorismo o extremismo violento,Terrorismo o estremismo violento,it-IT
Terrorismo ou extremismo violento,Terrorismo o estremismo violento,it-IT
Terrorismus oder gewalttätiger Extremismus,Terrorismo o estremismo violento,it-IT
Terör ve şiddet,Terrorismo o estremismo violento,it-IT
Text der Debug‐Anzeige,Informazioni diagnostiche,it-IT
Texte au recto :,Messaggio anteriore:,it-IT
Texte au verso :,Messaggio posteriore:,it-IT
Texte de l'écran de débogage,Informazioni diagnostiche,it-IT
Texte de la pancarte :,Messaggio del cartello:,it-IT
Texte de la pancarte suspendue :,Messaggio dell'insegna:,it-IT
Texto da frente:,Messaggio anteriore:,it-IT
Texto da tela de depuração,Informazioni diagnostiche,it-IT
Texto de depuración en pantalla,Informazioni diagnostiche,it-IT
Texto de trás:,Messaggio posteriore:,it-IT
Texto delantero:,Messaggio anteriore:,it-IT
Texto trasero:,Messaggio posteriore:,it-IT
Texturas dinámicas guardadas en %s,Grafiche dinamiche salvate in %s,it-IT
Texturas dinâmicas salvas em %s,Grafiche dinamiche salvate in %s,it-IT
Textures dynamiques enregistrées dans %s,Grafiche dinamiche salvate in %s,it-IT
Tham gia,Entra,it-IT
Thanh nóng vật phẩm đã được lưu (khôi phục bằng %1$s + %2$s),Barra rapida salvata (ripristinala con %1$s + %2$s),it-IT
Thanh trượt %s,Regolatore %s,it-IT
"Thay đổi đến cài đặt Xbox có thể mất một thời gian để áp dụng.

Nếu chúng không cập nhật, hãy khởi động lại trò chơi.","La modifica delle impostazioni di Xbox potrebbe richiedere del tempo.

Riavvia il gioco per forzare l'aggiornamento.",it-IT
The command had unexpected or missing command argument signatures.,Firme degli argomenti del comando non previste o mancanti.,it-IT
"The contents of this screen are controlled by third-party servers and maps that are not owned, operated, or supervised by Mojang Studios or Microsoft.

Handle with care! Always be careful when following links and never give away your personal information, including login details.

If this screen prevents you from playing, you can also disconnect from the current server by using the button below.","I contenuti di questa schermata sono controllati da server e mappe di terze parti che non sono posseduti, gestiti o supervisionati da Mojang Studios o Microsoft.

Usare con cautela! Fa' sempre attenzione nel seguire i collegamenti e non fornire mai dati personali, inclusi i dettagli di accesso.

Se questa schermata t'impedisce di giocare, puoi disconnetterti dal server usando il pulsante qui sotto.",it-IT
The Friends List service is currently unavailable. Please check your connection and try again later.,Il servizio della lista amici non è al momento disponibile. Controlla la connessione o riprova più tardi,it-IT
The reporting service is unavailable,Il servizio di segnalazioni non è disponibile,it-IT
The server has hidden your message for some players.,Il server ha nascosto il tuo messaggio per alcuni giocatori.,it-IT
Themen oder Inhalte mit sexuellem Bezug,Argomenti o contenuti di natura sessuale,it-IT
Theo dõi thế giới,Rinasci come spettatore,it-IT
There are no players to report in this world,Nessun giocatore segnalabile,it-IT
There doesn't seem to be anything here...,Sembra non esserci nulla qua...,it-IT
There is no player with this profile name,Non esiste un giocatore con questo nome utente,it-IT
"These options are for testing purposes only. They may slow down your computer, crash the game, or eat your pet rock.","Queste opzioni sono disponibili a scopo di collaudo. Potrebbero rallentare il tuo computer, far arrestare il gioco o rubarti la merenda appena ti distrai.",it-IT
This chat message has been deleted by the server.,Questo messaggio in chat è stato eliminato dal server.,it-IT
This is a custom screen. Click here to learn more.,Questa è una schermata personalizzata. Clicca qui per saperne di più.,it-IT
This is a custom screen. Learn more.,Questa è una schermata personalizzata. Scopri di più.,it-IT
This player can't be reported because chat is disabled or blocked,Questo giocatore non può essere segnalato perché la chat è disattivata o bloccata,it-IT
"This player can't be reported, because their chat messages can't be verified on this server",Questo giocatore non può essere segnalato perché i suoi messaggi in chat non possono essere verificati in questo server,it-IT
This world is no longer open to multiplayer,Mondo non più aperto al multigiocatore,it-IT
This world is now open to LAN. The port number is %s,Mondo aperto in rete locale con numero di porta %s,it-IT
This world is now open to Online multiplayer.,Mondo aperto al multigiocatore in rete,it-IT
Thiết lập lại thế giới chơi thử,Ripristina il mondo di prova,it-IT
Thoát trò chơi,Esci dal gioco,it-IT
Threat of harm to others,Minaccia di fare del male agli altri,it-IT
Thành thạo,Qualificato,it-IT
Thêm mẫu rèn,Inserisci uno schema di forgiatura,it-IT
Thông tin phiên bản máy khách:,Informazioni sulla versione del client:,it-IT
Thùng,Barile,it-IT
Thẻ %s,Scheda %s,it-IT
Thế giới này hiện không còn được mở cho chơi mạng,Mondo non più aperto al multigiocatore,it-IT
Thế giới này hiện đã mở cho chơi mạng trực tuyến.,Mondo aperto al multigiocatore in rete,it-IT
Thế giới này hiện đã mở cho mạng LAN. Số cổng là %s,Mondo aperto in rete locale con numero di porta %s,it-IT
Tienes un borrador de denuncia de chat que se perderá si sales,Hai una bozza di segnalazione che andrà persa se abbandoni,it-IT
Tin nhắn chưa được xác minh. Không thể báo cáo.,Messaggio non verificato. Impossibile segnalare.,it-IT
Tin nhắn sẽ gửi: %s,Messaggio da inviare: %s,it-IT
Tin nhắn trò chuyện,Messaggi in chat,it-IT
Tin nhắn trò chuyện này đã bị xoá bởi máy chủ.,Questo messaggio in chat è stato eliminato dal server.,it-IT
Tin nhắn trò chuyện đến từ %s sẽ bị ẩn đi,I messaggi in chat di %s verranno nascosti,it-IT
Tin nhắn trò chuyện đến từ %s sẽ được hiển thị,I messaggi in chat di %s verranno mostrati,it-IT
Tin nhắn từ máy chủ.,Messaggio del server.,it-IT
Tin nhắn từ máy chủ. Không thể báo cáo.,Messaggio del server. Impossibile segnalare.,it-IT
Tin nhắn xung quanh lựa chọn này sẽ được đưa vào để cung cấp ngữ cảnh bổ sung,I messaggi adiacenti verranno inclusi per fornire del contesto aggiuntivo,it-IT
Tin nhắn đã được sửa đổi bởi máy chủ. Bản gốc:,Messaggio modificato dal server. Originale:,it-IT
Tirar objeto,Distruggi,it-IT
Titel,Titolo,it-IT
Title,Titolo,it-IT
Title Screen,Menù principale,it-IT
Titre,Titolo,it-IT
Titre du livre :,Titolo del libro:,it-IT
Tiêu đề,Titolo,it-IT
Tiến hành,Continua,it-IT
Tiến trình,Progressi,it-IT
Tiếp tục,Continua,it-IT
Tiếp tục chỉnh sửa,Continua a modificare,it-IT
Tocando: %s,In riproduzione: %s,it-IT
Todas,Tutte le ricette,it-IT
Todas,Tutti,it-IT
Todo,Tutti,it-IT
Todos,Tutti,it-IT
Token inválido fornecido. Reinicie o jogo e o Launcher e tente novamente.,Gettone d'autenticazione non valido. Riavvia il gioco e il launcher prima di riprovare,it-IT
Token no válido. Reinicia el juego y el lanzador e inténtalo de nuevo,Gettone d'autenticazione non valido. Riavvia il gioco e il launcher prima di riprovare,it-IT
Token ungültig. Starte das Spiel und den Launcher neu und versuche es erneut.,Gettone d'autenticazione non valido. Riavvia il gioco e il launcher prima di riprovare,it-IT
Tolva,Tramoggia,it-IT
Tonneau,Barile,it-IT
Too Expensive!,Costa troppo!,it-IT
Topics or content of a sexual nature,Argomenti o contenuti di natura sessuale,it-IT
Topluluk Standartlarını İhlal Etmek,Violazione delle norme della collettività,it-IT
Toujours,Sì,it-IT
Tous,Tutti,it-IT
Toutes,Tutti,it-IT
Toutes les recettes,Tutte le ricette,it-IT
Trades,Scambi,it-IT
Traitement en cours...,Elaborazione in corso...,it-IT
Trang %1$s trên %2$s,Pagina %1$s di %2$s,it-IT
Trang sau,Avanti,it-IT
Trang sau,Pagina successiva,it-IT
Trang trước,Indietro,it-IT
Trang trước,Pagina precedente,it-IT
Transparence améliorée : activée,Trasparenza migliorata attivata,it-IT
Transparence améliorée : désactivée,Trasparenza migliorata disattivata,it-IT
Transparencia mejorada: no,Trasparenza migliorata disattivata,it-IT
Transparencia mejorada: sí,Trasparenza migliorata attivata,it-IT
Transparência melhorada: Não,Trasparenza migliorata disattivata,it-IT
Transparência melhorada: Sim,Trasparenza migliorata attivata,it-IT
Trao đổi,Scambi,it-IT
Trichter,Tramoggia,it-IT
Trocas,Scambi,it-IT
Trop cher !,Costa troppo!,it-IT
Truhe,Baule,it-IT
Trying to include too many messages in the report,Troppi messaggi inclusi nella segnalazione,it-IT
trò chuyện,chat,it-IT
Trò chuyện bị hạn chế. Nhấp vào tin nhắn này để xem chi tiết.,La chat è limitata. Clicca su questo messaggio per più dettagli.,it-IT
Trò chuyện bị hạn chế. Đi đến màn hình hạn chế trong tuỳ chọn thế giới.,La chat è limitata. Vai alla finestra delle limitazioni nelle opzioni del mondo.,it-IT
Trò chuyện có chữ kí không hợp lệ. Hãy thử kết nối lại.,Firma della chat non valida. Prova a riconnetterti.,it-IT
Trò chuyện đã bị tắt bởi tuỳ chọn của trình khởi động. Không thể gửi tin nhắn.,Chat disattivata nelle opzioni del launcher. Impossibile inviare il messaggio.,it-IT
Trò chuyện đã bị tắt do chuỗi tin nhắn không đúng. Hãy thử kết nối lại.,Chat disattivata a causa di una catena spezzata. Prova a riconnetterti.,it-IT
Trò chuyện đã bị tắt do khoá hồ sơ công khai bị thiếu. Hãy thử kết nối lại.,Chat disattivata a causa della crittografia asimmetrica del profilo mancante. Prova a riconnetterti.,it-IT
Trò chuyện đã bị tắt do khoá hồ sơ công khai hết hạn. Hãy thử kết nối lại.,Chat disattivata a causa della crittografia asimmetrica del profilo scaduta. Prova a riconnetterti.,it-IT
Trò chuyện đã bị tắt trong tuỳ chọn trò chơi.,Chat disattivata nelle opzioni del client.,it-IT
Trò chuyện đã nhận không theo trật tự. Thời gian hệ thống của bạn có thay đổi không?,Pacchetti chat non funzionanti. L'orario del tuo computer è stato modificato?,it-IT
Trò chơi kết thúc!,Partita terminata!,it-IT
Trở lại trò chơi,Riprendi la partita,it-IT
Trực tuyến,In linea,it-IT
Trực tuyến,In rete,it-IT
Trực tuyến (Máy chủ),In linea (server),it-IT
Trực tuyến (Mạng LAN),In linea (rete locale),it-IT
Trực tuyến (Realm),In linea (Realm),it-IT
Trực tuyến (Thế giới),In linea (mondo),it-IT
"Tu aspecto actual incumple nuestros estándares comunitarios. Puedes jugar con un aspecto predeterminado, o seleccionar uno nuevo.

Aprende más o solicita una revisión del caso en el siguiente enlace: %s","La tua skin attuale viola le norme della collettività. Puoi continuare a giocare con una skin predefinita oppure sceglierne una nuova.

Scopri di più o richiedi una revisione del caso al collegamento seguente: %s",it-IT
"Tu cuenta ha sido bloqueada permanentemente, lo que significa que no podrás jugar en línea ni unirte a Realms.","Il tuo account è permanentemente bannato, quindi non puoi giocare in rete o entrare nei Realm.",it-IT
Tu cuenta se ha suspendido temporalmente y será reactivada en %s.,Il tuo account è temporaneamente sospeso e verrà riattivato tra %s.,it-IT
"Tu nombre actual, ""%s"", incumple nuestros estándares comunitarios. Puedes jugar en mundos de un jugador, pero debes cambiar tu nombre para jugar en multijugador.

Aprende más o solicita una revisión del caso en el siguiente enlace: %s","Il tuo nome attuale («%s») viola le norme della collettività. Puoi giocare in giocatore singolo, ma devi cambiare il nome per giocare in rete.

Scopri di più o richiedi una revisione del caso al collegamento seguente: %s",it-IT
Tuş atamaları:,Combinazioni di tasti:,it-IT
Tuỳ chọn gỡ lỗi,Opzioni diagnostiche,it-IT
Tuỳ chọn mạng LAN,Opzioni della partita in rete locale,it-IT
"Tuỳ chọn này chỉ cho mục đích kiểm tra. Chúng có thể làm chậm máy tính của bạn, làm trò chơi gặp sự cố hoặc lấy nước đổ lá khoai.","Queste opzioni sono disponibili a scopo di collaudo. Potrebbero rallentare il tuo computer, far arrestare il gioco o rubarti la merenda appena ti distrai.",it-IT
Tuỳ chọn tuỳ chỉnh,Opzioni personalizzate,it-IT
Tuỳ chọn tuỳ chỉnh...,Opzioni personalizzate...,it-IT
Tuỳ chọn...,Opzioni...,it-IT
Typ: %s,Tipo: %s,it-IT
Type : %s,Tipo: %s,it-IT
Type: %s,Tipo: %s,it-IT
Tài khoản bị cấm vĩnh viễn,Account permanentemente bannato,it-IT
Tài khoản bị đình chỉ tạm thời,Account temporaneamente sospeso,it-IT
"Tài khoản của bạn đã bị cấm vĩnh viễn, điều này có nghĩa là bạn không thể chơi trực tuyến hoặc tham gia Realms.","Il tuo account è permanentemente bannato, quindi non puoi giocare in rete o entrare nei Realm.",it-IT
Tài khoản của bạn đã bị đình chỉ tạm thời khỏi việc chơi trực tuyến,Il tuo account è temporaneamente sospeso dal gioco in rete,it-IT
Tài khoản của bạn đã bị đình chỉ tạm thời và sẽ được kích hoạt lại trong %s.,Il tuo account è temporaneamente sospeso e verrà riattivato tra %s.,it-IT
Tài khoản của bạn đã bị đình chỉ vĩnh viễn khỏi việc chơi trực tuyến,Il tuo account è permanentemente sospeso dal gioco in rete,it-IT
Tài khoản Microsoft,account Microsoft,it-IT
"Tên hiện tại của bạn - ""%s"" - vi phạm Tiêu chuẩn cộng đồng của chúng tôi. Bạn vẫn có thể chơi đơn, nhưng bạn sẽ cần phải thay đổi tên để chơi trực tuyến.

Tìm hiểu thêm hoặc gửi xem xét trường hợp tại liên kết sau: %s","Il tuo nome attuale («%s») viola le norme della collettività. Puoi giocare in giocatore singolo, ma devi cambiare il nome per giocare in rete.

Scopri di più o richiedi una revisione del caso al collegamento seguente: %s",it-IT
Tên hồ sơ của tôi: ,Il tuo nome: ,it-IT
Tên không được cho phép trong chơi mạng,Nome non consentito in multigiocatore,it-IT
Tên người chơi,Nome del giocatore,it-IT
Tìm hiểu về báo cáo,Scopri di più sulle segnalazioni,it-IT
Tìm kiếm...,Cerca...,it-IT
Título,Titolo,it-IT
Título del libro:,Titolo del libro:,it-IT
Título do livro:,Titolo del libro:,it-IT
Tôi muốn báo cáo họ,Voglio segnalare questo giocatore,it-IT
Tôi thấy họ phiền phức / họ đã làm thứ gì đó mà tôi không thích.,Questo giocatore m'infastidisce o ha fatto qualcosa che non mi piace.,it-IT
Tôi đã hiểu,Ne prendo atto,it-IT
Túi đồ,Inventario,it-IT
Tüm yığınlar yeniden yükleniyor,Ricaricamento di tutti i chunk...,it-IT
Tümü,Tutti,it-IT
Tür: %s,Tipo: %s,it-IT
Tıklama eylemleri bu tabela için kapalı,Non puoi interagire con questo cartello,it-IT
Tương tác xã hội,Interazioni sociali,it-IT
Tại sao bạn báo cáo điều này?,Perché stai segnalando ciò?,it-IT
Tạm dừng khi bị mất tập trung: đã bật,Pausa alla perdita dello stato attivo attivata,it-IT
Tạm dừng khi bị mất tập trung: đã tắt,Pausa alla perdita dello stato attivo disattivata,it-IT
Tất cả,Tutti,it-IT
Tập sự,Apprendista,it-IT
Tắt,No,it-IT
Từ chối,Rifiuta,it-IT
Tự làm hại bản thân hoặc tự sát,Autolesionismo o suicidio,it-IT
Ubicación copiada en el portapapeles,Posizione copiata negli appunti,it-IT
Um erro inesperado ocorreu ao enviar a denúncia.,C'è stato un errore imprevisto durante l'invio della tua segnalazione.,it-IT
Um jogador,Giocatore singolo,it-IT
Un brouillon de signalement sera perdu si vous quittez,Hai una bozza di segnalazione che andrà persa se abbandoni,it-IT
Un jugador,Giocatore singolo,it-IT
Unable to open game mode switcher; no permission,Non hai l'autorizzazione a cambiare modalità di gioco,it-IT
Unable to open. Loot not generated yet.,Impossibile aprire: il contenuto non è stato ancora generato,it-IT
Unable to reach the Abuse Reporting service. Please make sure you are connected to the internet and try again.,Impossibile raggiungere il servizio di segnalazione abusi. Assicurati di essere connesso a Internet e riprova.,it-IT
Unable to send your friend request right now,Impossibile inviare la richiesta d'amicizia al momento,it-IT
Unable to switch game mode; no permission,Non hai l'autorizzazione a cambiare modalità di gioco,it-IT
Unable to teleport. The other side is not generated yet.,Impossibile teletrasportarsi: la destinazione non è ancora stata generata,it-IT
Unangemessenen Profilnamen des Spielers melden,Segnala nome inappropriato del giocatore,it-IT
Unbekanntes Rezept ‚%s‘,Ricetta sconosciuta: %s,it-IT
und %s weitere …,e altri %s...,it-IT
Une charge utile incorrecte a été rencontrée lors de l'envoi de votre signalement.,C'è stato un carico utile non corretto durante l'invio della tua segnalazione.,it-IT
Une erreur HTTP inattendue s'est produite lors de l'envoi de votre signalement.,Si è verificato un errore imprevisto del protocollo HTTP durante l'invio della tua segnalazione.,it-IT
Une erreur inattendue s'est produite lors de l'envoi de votre signalement.,C'è stato un errore imprevisto durante l'invio della tua segnalazione.,it-IT
Une erreur inattendue s'est produite lors de la mise à jour de votre liste d'amis. Veuillez réessayer plus tard.,Si è verificato un errore imprevisto durante l'aggiornamento della lista amici. Riprova più tardi,it-IT
"Une erreur s'est produite lors de l'envoi de votre signalement :
""%s""","Si è verificato un errore durante l'invio della tua segnalazione:
«%s»",it-IT
Unirse,Entra,it-IT
Unknown recipe: %s,Ricetta sconosciuta: %s,it-IT
Unverified message. Cannot be reported.,Messaggio non verificato. Impossibile segnalare.,it-IT
Up,Su,it-IT
Update the game to access your Friends List.,Aggiorna il gioco per accedere alla lista amici,it-IT
Upgrade Gear,Migliora un oggetto,it-IT
Usta,Mastro,it-IT
Usurpation d'identité ou partage d'informations dans le but d'exploiter ou de tromper les autres,Sostituzione di persona o diffusione d'informazioni al fine d'ingannare o approfittarsi di altri,it-IT
Uygunsuz Oyuncu Adını Bildir,Segnala nome inappropriato del giocatore,it-IT
Uyuşturucu veya alkol,Droghe o alcolici,it-IT
Uzman,Esperto,it-IT
Varsayılan profil,Profilo predefinito,it-IT
ve %s tane daha...,e altri %s...,it-IT
Veja o livro de receitas,Controlla il ricettario,it-IT
Veja o registro para saber mais,Controlla il registro per ulteriori dettagli,it-IT
Verbesserte Transparenz: aktiviert,Trasparenza migliorata attivata,it-IT
Verbesserte Transparenz: deaktiviert,Trasparenza migliorata disattivata,it-IT
Verbindung trennen,Disconnettiti,it-IT
Verlassen und Meldung verwerfen,Abbandona e annulla la segnalazione,it-IT
Verletzung der Community‐Standards,Violazione delle norme della collettività,it-IT
Verleumdung,Diffamazione,it-IT
Versendet,Inviate,it-IT
Verstanden,Ne prendo atto,it-IT
Verwalte deine Online‐Sicherheit in deinem %s,Gestisci la sicurezza in rete con l'%s,it-IT
Verwerfen,Annulla,it-IT
Verzaubern,Incanta,it-IT
Veuillez décrire ce qu'il s'est passé :,Descrivi quello che è successo:,it-IT
Veuillez décrire pourquoi vous voulez signaler ce nom :,Descrivi perché vuoi segnalare questo nome:,it-IT
Veuillez lire le texte ci-dessus et cocher la case pour pouvoir envoyer le signalement,Si prega di leggere il testo sopra e selezionare la casella di controllo per poter inviare la segnalazione,it-IT
Veuillez raccourcir le commentaire,Abbrevia il commento,it-IT
Vi phạm Tiêu chuẩn cộng đồng,Violazione delle norme della collettività,it-IT
Villagers restock up to two times per day.,I villici si riforniscono fino a 2 volte al giorno,it-IT
Violación de las normas de la comunidad,Violazione delle norme della collettività,it-IT
Violating Community Standards,Violazione delle norme della collettività,it-IT
Violation des Standards de la communauté,Violazione delle norme della collettività,it-IT
Violação aos Padrões da Comunidade,Violazione delle norme della collettività,it-IT
Việc gửi lệnh không được phép,L'invio di comandi non è consentito,it-IT
Việc gửi tin nhắn trò chuyện không được phép,L'invio di messaggi in chat non è consentito,it-IT
Você convidou %s para o seu mundo.,Hai invitato %s a entrare nel tuo mondo,it-IT
Você deve mudar seu nome antes de poder jogar online.,Devi cambiare il nome prima di poter giocare in rete,it-IT
"Você está denunciando ""%s"".",Stai segnalando «%s».,it-IT
Você está mexendo na lista de amigos muito rapidamente. Aguarde um momento e tente novamente.,Stai gestendo la lista amici troppo velocemente. Attendi qualche secondo e riprova,it-IT
Você fez amizade com %s,Hai stretto amicizia con %s,it-IT
Você já enviou um pedido de amizade para %s,Hai già inviato una richiesta d'amicizia a %s,it-IT
Você morreu!,Sei morto/a!,it-IT
Você não pode enviar a mensagem no chat,Impossibile inviare il messaggio in chat,it-IT
Você não pode enviar um pedido de amizade para si mesmo(a),Non puoi inviarti una richiesta d'amicizia,it-IT
Você não tem permissão para trocar o modo de jogo,Non hai l'autorizzazione a cambiare modalità di gioco,it-IT
Você pediu para entrar no mundo de %s,Hai chiesto di entrare nel mondo di %s,it-IT
Você perderá um rascunho da denúncia caso saia,Hai una bozza di segnalazione che andrà persa se abbandoni,it-IT
Você recebeu %s pedidos de amizade,Hai ricevuto %s richieste d'amicizia,it-IT
Você removeu %s da sua lista de amigos,Hai rimosso %s dalla tua lista amici,it-IT
Voir le livre de recettes,Controlla il ricettario,it-IT
Voltar,Indietro,it-IT
Voltar,Pagina precedente,it-IT
Voltar (%ss),Indietro (%s s),it-IT
Voltar ao jogo,Riprendi la partita,it-IT
Voltar ao menu principal,Torna al menù principale,it-IT
Voltar à lista de mundos,Torna alla lista dei mondi,it-IT
Voltar à lista de Realms,Torna alla lista dei Realm,it-IT
Voltar à lista de servidores,Torna alla lista dei server,it-IT
Volver,Indietro,it-IT
Volver (%ss),Indietro (%s s),it-IT
Volver a la lista de mundos,Torna alla lista dei mondi,it-IT
Volver a la lista de Realms,Torna alla lista dei Realm,it-IT
Volver a la lista de servidores,Torna alla lista dei server,it-IT
Volver al juego,Riprendi la partita,it-IT
Volver al menú principal,Torna al menù principale,it-IT
von %1$s,Di %1$s,it-IT
Vordertext:,Messaggio anteriore:,it-IT
Vorherige Seite,Indietro,it-IT
Vorherige Seite,Pagina precedente,it-IT
Votre compte est banni définitivement du jeu en ligne,Il tuo account è permanentemente sospeso dal gioco in rete,it-IT
"Votre compte est banni définitivement, ce qui signifie que vous ne pouvez plus jouer en ligne ou rejoindre des Realms.","Il tuo account è permanentemente bannato, quindi non puoi giocare in rete o entrare nei Realm.",it-IT
Votre compte est temporairement suspendu du jeu en ligne,Il tuo account è temporaneamente sospeso dal gioco in rete,it-IT
Votre compte est temporairement suspendu et sera réactivé dans %s.,Il tuo account è temporaneamente sospeso e verrà riattivato tra %s.,it-IT
"Votre nom d'utilisateur actuel, ""%s"", enfreint nos Standards de la communauté. Vous pouvez jouer en solo, mais vous devrez changer de nom pour pouvoir jouer en ligne.

Pour en savoir plus ou pour demander le réexamen de votre cas, consultez le lien suivant : %s","Il tuo nome attuale («%s») viola le norme della collettività. Puoi giocare in giocatore singolo, ma devi cambiare il nome per giocare in rete.

Scopri di più o richiedi una revisione del caso al collegamento seguente: %s",it-IT
"Votre skin actuel enfreint nos Standards de la communauté. Vous pouvez toujours jouer avec un skin par défaut ou en choisir un autre.

Pour en savoir plus ou pour demander le réexamen de votre cas, consultez le lien suivant : %s","La tua skin attuale viola le norme della collettività. Puoi continuare a giocare con una skin predefinita oppure sceglierne una nuova.

Scopri di più o richiedi una revisione del caso al collegamento seguente: %s",it-IT
Voulez-vous continuer à le modifier ou l'abandonner ?,Vuoi continuare a modificarla o annullarla?,it-IT
Voulez-vous continuer à modifier le signalement existant ou l'abandonner et en créer un nouveau ?,Vuoi continuare a modificare la segnalazione in corso o annullarla e crearne una nuova?,it-IT
Voulez-vous ouvrir ce lien ou le copier dans votre presse-papiers ?,Vuoi aprire questo collegamento o copiarlo negli appunti?,it-IT
Voulez-vous vraiment ouvrir ce site web ?,Vuoi davvero aprire questo sito?,it-IT
Voulez-vous vraiment quitter ?,Vuoi davvero abbandonare?,it-IT
Voulez-vous vraiment retirer ce joueur de votre liste d'amis ?,Vuoi davvero rimuovere questo giocatore dalla tua lista amici?,it-IT
Vous avez demandé à rejoindre le monde de %s,Hai chiesto di entrare nel mondo di %s,it-IT
Vous avez déjà envoyé une demande d'ami à %s,Hai già inviato una richiesta d'amicizia a %s,it-IT
Vous avez invité %s à rejoindre votre monde,Hai invitato %s a entrare nel tuo mondo,it-IT
Vous avez retiré %s de votre liste d'amis,Hai rimosso %s dalla tua lista amici,it-IT
Vous avez reçu %s demandes d'ami,Hai ricevuto %s richieste d'amicizia,it-IT
Vous devez changer votre nom d'utilisateur avant de pouvoir jouer en ligne,Devi cambiare il nome prima di poter giocare in rete,it-IT
Vous effectuez des actions trop rapidement dans la liste d'amis. Veuillez patienter un instant puis réessayez.,Stai gestendo la lista amici troppo velocemente. Attendi qualche secondo e riprova,it-IT
Vous n'avez pas la permission d'ouvrir le sélecteur de mode de jeu,Non hai l'autorizzazione a cambiare modalità di gioco,it-IT
Vous n'avez pas la permission de changer de mode de jeu,Non hai l'autorizzazione a cambiare modalità di gioco,it-IT
Vous ne pouvez pas passer la nuit,Non è possibile saltare la notte,it-IT
Vous ne pouvez pas vous envoyer de demande d'ami,Non puoi inviarti una richiesta d'amicizia,it-IT
Vous passez la nuit,La notte sta passando...,it-IT
"Vous signalez ""%s"".",Stai segnalando «%s».,it-IT
Vous êtes mort(e) !,Sei morto/a!,it-IT
Vui lòng đọc phần văn bản trên và tích vào hộp kiểm để có thể gửi báo cáo,Si prega di leggere il testo sopra e selezionare la casella di controllo per poter inviare la segnalazione,it-IT
Vurma kutuları: gizli,Zone di collisione nascoste,it-IT
Vurma kutuları: görünür,Zone di collisione visibili,it-IT
và %s thứ nữa...,e altri %s...,it-IT
Văn bản màn hình gỡ lỗi,Informazioni diagnostiche,it-IT
Văn bản phía sau:,Messaggio posteriore:,it-IT
Văn bản phía trước:,Messaggio anteriore:,it-IT
Vật phẩm không thể được nâng cấp theo kiểu này,L'oggetto non può essere migliorato in questo modo,it-IT
Wait...,Attendi...,it-IT
Waiting for confirmation,In attesa di conferma...,it-IT
Waiting for Server,In attesa del server...,it-IT
Warten …,Attendi...,it-IT
Was ist der Grund für die Meldung?,Perché stai segnalando ciò?,it-IT
"We recently received a report for bad behavior by your account. Our moderators have now reviewed your case and identified it as %s, which goes against the Minecraft Community Standards.","Abbiamo ricevuto una segnalazione per comportamento scorretto da parte del tuo account. I nostri moderatori hanno revisionato il tuo caso e l'hanno identificato come %s, che viola le norme della collettività di Minecraft.",it-IT
We recently received a report for bad behavior by your account. Our moderators have now reviewed your case and identified that it goes against the Minecraft Community Standards.,Abbiamo ricevuto una segnalazione per comportamento scorretto da parte del tuo account. I nostri moderatori hanno revisionato il tuo caso e hanno stabilito che viola le norme della collettività di Minecraft.,it-IT
"We've successfully received your report. Thank you!

Our team will review it as soon as possible.","Abbiamo ricevuto la tua segnalazione. Grazie!

Il nostro team la revisionerà il prima possibile.",it-IT
Webstuhl,Telaio,it-IT
Welt beobachten,Rinasci come spettatore,it-IT
Welt wird gespeichert,Salvataggio del mondo...,it-IT
Wenig freier Speicherplatz!,Poco spazio su disco!,it-IT
"Wenn du die Seite verlässt, gehen diese Meldung und deine Anmerkungen verloren.
Bist du sicher, dass du sie verlassen möchtest?","Se abbandoni, perderai questa segnalazione e i tuoi commenti.
Vuoi davvero abbandonare?",it-IT
Werfer,Distributore,it-IT
Werker,Fabbricatore,it-IT
"Where did you observe the bad behavior?
This will help us in researching your case.","Dove hai notato un comportamento scorretto?
Saperlo ci aiuterà ad analizzare il caso.",it-IT
Why are you reporting this?,Perché stai segnalando ciò?,it-IT
Wiederbeleben,Rinasci,it-IT
"Wir haben deine Meldung erfolgreich erhalten. Danke!

Unser Team wird sich möglichst zeitnah darum kümmern.","Abbiamo ricevuto la tua segnalazione. Grazie!

Il nostro team la revisionerà il prima possibile.",it-IT
"Wir haben kürzlich eine Meldung über schlechtes Verhalten von deinem Konto erhalten. Unsere Moderatoren haben deinen Fall nun überprüft und als %s erkannt, was gegen die Minecraft‐Community‐Standards verstößt.","Abbiamo ricevuto una segnalazione per comportamento scorretto da parte del tuo account. I nostri moderatori hanno revisionato il tuo caso e l'hanno identificato come %s, che viola le norme della collettività di Minecraft.",it-IT
"Wir haben kürzlich eine Meldung über schlechtes Verhalten von deinem Konto erhalten. Unsere Moderatoren haben deinen Fall nun überprüft und festgestellt, dass er gegen die Minecraft‐Community‐Standards verstößt.",Abbiamo ricevuto una segnalazione per comportamento scorretto da parte del tuo account. I nostri moderatori hanno revisionato il tuo caso e hanno stabilito che viola le norme della collettività di Minecraft.,it-IT
Wird bearbeitet …,Elaborazione in corso...,it-IT
"Wo hast du das unerwünschte Verhalten wahrgenommen?
Diese Auswahl erleichtert es uns, deinen Vorgang zu untersuchen.","Dove hai notato un comportamento scorretto?
Saperlo ci aiuterà ad analizzare il caso.",it-IT
Working...,Elaborazione in corso...,it-IT
Would you like to continue editing it or discard it?,Vuoi continuare a modificarla o annullarla?,it-IT
Would you like to continue editing the existing report or discard it and create a new one?,Vuoi continuare a modificare la segnalazione in corso o annullarla e crearne una nuova?,it-IT
"Wähle das Team, zu dem du dich teleportieren möchtest",Scegli una squadra presso cui teletrasportarti,it-IT
"Wähle den Spieler, zu dem du dich teleportieren möchtest",Scegli un giocatore presso cui teletrasportarti,it-IT
"Xbox ayarlarına yapılan değişikliklerin uygulanması biraz zaman alabilir.

Yenilenmez ise oyunu yeniden başlatın.","La modifica delle impostazioni di Xbox potrebbe richiedere del tempo.

Riavvia il gioco per forzare l'aggiornamento.",it-IT
"Xbox 設定的變更可能需要一點時間才會生效。

若設定未更新，請重新啟動遊戲。","La modifica delle impostazioni di Xbox potrebbe richiedere del tempo.

Riavvia il gioco per forzare l'aggiornamento.",it-IT
"Xbox 설정 변경 사항이 적용되는 데 시간이 걸릴 수 있습니다.

설정이 갱신되지 않는다면, 게임을 다시 시작하세요.","La modifica delle impostazioni di Xbox potrebbe richiedere del tempo.

Riavvia il gioco per forzare l'aggiornamento.",it-IT
"Xboxの設定への変更は反映に時間がかかる場合があります。

更新されない場合はゲームを再起動してください。","La modifica delle impostazioni di Xbox potrebbe richiedere del tempo.

Riavvia il gioco per forzare l'aggiornamento.",it-IT
Xem nhật kí để biết thêm chi tiết,Controlla il registro per ulteriori dettagli,it-IT
Xong,Fatto,it-IT
Xuống,Giù,it-IT
Xác nhận,Conferma,it-IT
y %s más...,e altri %s...,it-IT
Ya le has enviado una solicitud de amistad a %s,Hai già inviato una richiesta d'amicizia a %s,it-IT
Yanlış Bildiri,Falsa segnalazione,it-IT
Yasa dışı uyuşturuculara referans,Riferimenti a droghe illegali,it-IT
Yasaklı Görünüm,Skin non consentita,it-IT
Yazar: %1$s,Di %1$s,it-IT
Yeni Tarif(ler) Açıldı!,Nuove ricette sbloccate!,it-IT
Yeniden Canlan,Rinasci,it-IT
Yerel Ağ,Partita in rete locale,it-IT
Yerel Ağ,Rete locale,it-IT
Yerel Ağ Ayarları,Opzioni della partita in rete locale,it-IT
Yerel Ağda Paylaş,Rete locale...,it-IT
Yes,Sì,it-IT
Yetki olmadığı için oyun modu değiştirilemiyor,Non hai l'autorizzazione a cambiare modalità di gioco,it-IT
Yorumlar,Commenti,it-IT
You are now friends with %s,Hai stretto amicizia con %s,it-IT
"You are reporting ""%s"".",Stai segnalando «%s».,it-IT
You asked to join %s's world,Hai chiesto di entrare nel mondo di %s,it-IT
You cannot send a friend request to yourself,Non puoi inviarti una richiesta d'amicizia,it-IT
You Died!,Sei morto/a!,it-IT
You have a draft chat report that will be lost if you quit,Hai una bozza di segnalazione che andrà persa se abbandoni,it-IT
You have received %s friend requests,Hai ricevuto %s richieste d'amicizia,it-IT
You must change your name before you can play online,Devi cambiare il nome prima di poter giocare in rete,it-IT
You're performing Friends List actions too quickly. Please wait a moment and try again.,Stai gestendo la lista amici troppo velocemente. Attendi qualche secondo e riprova,it-IT
You've already sent a friend request to %s,Hai già inviato una richiesta d'amicizia a %s,it-IT
"Your account is permanently banned, which means you can't play online or join Realms.","Il tuo account è permanentemente bannato, quindi non puoi giocare in rete o entrare nei Realm.",it-IT
Your account is permanently suspended from online play,Il tuo account è permanentemente sospeso dal gioco in rete,it-IT
Your account is temporarily suspended and will be reactivated in %s.,Il tuo account è temporaneamente sospeso e verrà riattivato tra %s.,it-IT
Your account is temporarily suspended from online play,Il tuo account è temporaneamente sospeso dal gioco in rete,it-IT
"Your current name - ""%s"" - violates our Community Standards. You can play singleplayer, but will need to change your name to play online.

Learn more or submit a case review at the following link: %s","Il tuo nome attuale («%s») viola le norme della collettività. Puoi giocare in giocatore singolo, ma devi cambiare il nome per giocare in rete.

Scopri di più o richiedi una revisione del caso al collegamento seguente: %s",it-IT
"Your current skin violates our Community Standards. You can still play with a default skin, or select a new one.

Learn more or submit a case review at the following link: %s","La tua skin attuale viola le norme della collettività. Puoi continuare a giocare con una skin predefinita oppure sceglierne una nuova.

Scopri di più o richiedi una revisione del caso al collegamento seguente: %s",it-IT
Yukarı,Su,it-IT
Yuvayı devre dışı bırakmak için tıklayın,Clicca per disattivare la casella,it-IT
Yêu cầu (%s),Richieste (%s),it-IT
Yêu cầu kết bạn gửi từ %s,Richiesta d'amicizia in arrivo da %s,it-IT
Yêu cầu kết bạn gửi đến %s,Richiesta d'amicizia inviata a %s,it-IT
Yêu cầu kết bạn đã được gửi đến %s,Hai inviato una richiesta d'amicizia a %s,it-IT
Yêu cầu tham gia,Chiedi di entrare,it-IT
Yığın sınırları: gizli,Confini dei chunk nascosti,it-IT
Yığın sınırları: görünür,Confini dei chunk visibili,it-IT
Yığınlar kaydediliyor,Salvataggio dei chunk...,it-IT
Zerrissen,Stracciato,it-IT
Ziel erreicht!,Obiettivo raggiunto!,it-IT
Zu meldende Chatnachrichten auswählen,Seleziona i messaggi in chat da segnalare,it-IT
Zu sendende Nachricht: %s,Messaggio da inviare: %s,it-IT
Zu Spieler teleportieren,Teletrasportati presso un giocatore,it-IT
Zu Teammitglied teleportieren,Teletrasportati presso un membro della squadra,it-IT
Zu teuer!,Costa troppo!,it-IT
Zurück,Indietro,it-IT
Zurück (%s s),Indietro (%s s),it-IT
Zurück zum Hauptmenü,Torna al menù principale,it-IT
Zurück zum Spiel,Riprendi la partita,it-IT
Zurück zur Realm‐Auswahl,Torna alla lista dei Realm,it-IT
Zurück zur Serverauswahl,Torna alla lista dei server,it-IT
Zurück zur Weltauswahl,Torna alla lista dei mondi,it-IT
"¡Aviso! Una vez firmado, no podrá editarse.",Attenzione! Dopo aver firmato il libro non potrai più modificarlo.,it-IT
¡Demasiado caro!,Costa troppo!,it-IT
¡Desafío completado!,Impresa completata!,it-IT
¡Está bloqueado!,%s non si apre!,it-IT
¡Fin de la partida!,Partita terminata!,it-IT
¡Has muerto!,Sei morto/a!,it-IT
¡Nuevas recetas!,Nuove ricette sbloccate!,it-IT
¡Nunca abras enlaces de personas en las que no confíes!,Mai aprire collegamenti di persone di cui non ti fidi!,it-IT
¡Objetivo conseguido!,Obiettivo raggiunto!,it-IT
¡Progreso realizado!,Progresso compiuto!,it-IT
¡Queda poco espacio en el disco!,Poco spazio su disco!,it-IT
© Mojang AB 请勿二次分发！,© Mojang AB. Vietata la distribuzione!,it-IT
© Mojang AB. Không phân phối!,© Mojang AB. Vietata la distribuzione!,it-IT
© Mojang AB. Распространение запрещено!,© Mojang AB. Vietata la distribuzione!,it-IT
¿%s . . . ?,%s . . . ?,it-IT
¿Descartar denuncia y comentarios?,Annullare la segnalazione e i commenti?,it-IT
"¿Dónde has observado el mal comportamiento?
Esto nos ayudará a investigar tu caso.","Dove hai notato un comportamento scorretto?
Saperlo ci aiuterà ad analizzare il caso.",it-IT
¿Editar el borrador de la denuncia de chat?,Modificare la bozza della segnalazione?,it-IT
¿Por qué estás denunciando esto?,Perché stai segnalando ciò?,it-IT
¿Quieres abrir este enlace o copiarlo al portapapeles?,Vuoi aprire questo collegamento o copiarlo negli appunti?,it-IT
¿Quieres seguir editándolo o descartarlo?,Vuoi continuare a modificarla o annullarla?,it-IT
¿Seguro que quieres eliminar a este jugador de tu lista de amigos?,Vuoi davvero rimuovere questo giocatore dalla tua lista amici?,it-IT
¿Seguro que quieres ir a la siguiente web?,Vuoi davvero aprire questo sito?,it-IT
¿Seguro que quieres salir?,Vuoi davvero abbandonare?,it-IT
¿Te gustaría seguir editando la denuncia ya existente o prefieres descartarla y crear una nueva?,Vuoi continuare a modificare la segnalazione in corso o annullarla e crearne una nuova?,it-IT
¿Te gustaría seguir editándolo o descartarlo?,Vuoi continuare a modificarla o annullarla?,it-IT
¿¿¿???,???????,it-IT
Áp dụng thay đổi,Modifica,it-IT
Änderungen übernehmen,Modifica,it-IT
Çalışılıyor...,Elaborazione in corso...,it-IT
Çevrim dışı,Non in linea,it-IT
Çevrim içi,In linea,it-IT
Çevrim içi,In rete,it-IT
Çevrim içi arkadaşlar girebilir.,I giocatori nella tua lista amici possono entrare nel mondo.,it-IT
Çevrim içi oynamadan önce adını değiştirmelisin,Devi cambiare il nome prima di poter giocare in rete,it-IT
Çevrim İçi (Dünya),In linea (mondo),it-IT
Çevrim İçi (Realm),In linea (Realm),it-IT
Çevrim İçi (Sunucu),In linea (server),it-IT
Çevrim İçi (Yerel Ağ),In linea (rete locale),it-IT
Çocuk istismarı,Sfruttamento o abuso sessuale di minori,it-IT
Çok Oyunculu,Multigiocatore,it-IT
Çok Oyunculu (3. Taraf Sunucu),Multigiocatore (server di terze parti),it-IT
Çok Oyunculu (Realms),Multigiocatore (Realms),it-IT
Çok Oyunculu (Yerel Ağ),Multigiocatore (rete locale),it-IT
Çok Oyunculu (Çevrim İçi),Multigiocatore (in rete),it-IT
Çok oyunculu oyun kapalı. Lütfen Microsoft hesap ayarlarınızı kontrol edin.,La modalità multigiocatore è disattivata. Controlla le impostazioni del tuo account Microsoft.,it-IT
Çok Pahalı!,Costa troppo!,it-IT
Çökmeye %s...,Arresto del gioco tra %s...,it-IT
Çık ve Bildiriyi Sil,Abbandona e annulla la segnalazione,it-IT
Çıkmak istediğinizden emin misiniz?,Vuoi davvero abbandonare?,it-IT
Çırak,Apprendista,it-IT
Échanges,Scambi,it-IT
Échec de l'action. Cela peut être dû aux paramètres de confidentialité du compte.,Azione non riuscita. Potrebbe dipendere dalle impostazioni di riservatezza del giocatore,it-IT
Échec de l'ajout des fichiers,Aggiunta non riuscita,it-IT
Échec de la sauvegarde du chunk en %s,Salvataggio del chunk in %s non riuscito,it-IT
Échec du chargement du chunk en %s,Caricamento del chunk in %s non riuscito,it-IT
Écran de lecture du livre,Finestra di lettura del libro,it-IT
Écran de modification du livre,Finestra di modifica del libro,it-IT
Écran de signature du livre,Finestra della firma del libro,it-IT
Écran du tchat,Schermata della chat,it-IT
Écran personnalisé rejeté,Schermata personalizzata rifiutata,it-IT
Écrivez un message et appuyez sur Entrée pour l'envoyer,Scrivi un messaggio e premi Invio per inviarlo,it-IT
"Öffne keine Links von Personen, denen du nicht vertraust!",Mai aprire collegamenti di persone di cui non ti fidi!,it-IT
Öldün!,Sei morto/a!,it-IT
Ön Yazı:,Messaggio anteriore:,it-IT
Önceki Sayfa,Indietro,it-IT
Önceki Sayfa,Pagina precedente,it-IT
Önyüzde,Cruscotto,it-IT
Özel Ayarlar,Opzioni personalizzate,it-IT
Özel Ayarlar...,Opzioni personalizzate...,it-IT
Özel ekran reddedildi,Schermata personalizzata rifiutata,it-IT
Özel ekranlarla ilgili not,Nota riguardante le schermate personalizzate,it-IT
Übermäßig viele falsche oder ungenaue Meldungen,Numero eccessivo di segnalazioni false o imprecise,it-IT
Üretici,Fabbricatore,it-IT
Üretilebilenler Gösteriliyor,Ricette realizzabili,it-IT
Üretim,Fabbricazione,it-IT
Đang chuẩn bị khu vực sinh ra: %s%%,Preparazione dell'area di generazione: %s%%,it-IT
Đang gửi báo cáo của bạn...,Invio della segnalazione...,it-IT
Đang làm việc...,Elaborazione in corso...,it-IT
Đang lưu các đoạn khúc,Salvataggio dei chunk...,it-IT
Đang lưu thế giới,Salvataggio del mondo...,it-IT
Đang ngủ qua đêm này,La notte sta passando...,it-IT
Đang nạp danh sách bạn bè...,Caricamento della lista amici...,it-IT
Đang nạp lại tất cả đoạn khúc,Ricaricamento di tutti i chunk...,it-IT
Đang nạp Minecraft,Caricamento di Minecraft...,it-IT
Đang nạp yêu cầu...,Caricamento delle richieste...,it-IT
Đang đợi máy chủ,In attesa del server...,it-IT
Đang đợi xác nhận,In attesa di conferma...,it-IT
Đe doạ làm hại người khác,Minaccia di fare del male agli altri,it-IT
Điểm số,Punteggio,it-IT
Điểm số: %s,Punteggio: %s,it-IT
Đây là một màn hình tuỳ chỉnh. Nhấn vào đây để tìm hiểu thêm.,Questa è una schermata personalizzata. Clicca qui per saperne di più.,it-IT
Đây là một màn hình tuỳ chỉnh. Tìm hiểu thêm.,Questa è una schermata personalizzata. Scopri di più.,it-IT
Đã bắt đầu phân tích trong %s giây. Sử dụng %s + %s để ngừng sớm,Profilatura di %s secondi avviata. Premi %s + %s per interromperla in anticipo,it-IT
Đã bắt đầu phân tích trong %s giây. Sử dụng F3 + L để ngừng sớm,Profilatura di %s secondi avviata. Premi F3 + L per interromperla in anticipo,it-IT
Đã bị chặn - Ngoại tuyến,Bloccato/a — Non in linea,it-IT
Đã chọn %s tin nhắn trò chuyện để báo cáo,%s messaggio/i in chat selezionato/i per la segnalazione,it-IT
"Đã có vấn đề — với tính năng này, không phải bạn bè của bạn!

Hãy thử lại sau.","Qualcosa non va... con questa funzionalità, mica coi tuoi amici!

Riprova più tardi",it-IT
Đã gặp phải lỗi bất thường khi gửi báo cáo của bạn.,C'è stato un errore imprevisto durante l'invio della tua segnalazione.,it-IT
Đã gặp phải nội dung không đúng định dạng khi gửi báo cáo của bạn.,C'è stato un carico utile non corretto durante l'invio della tua segnalazione.,it-IT
Đã gửi,Inviate,it-IT
Đã gửi báo cáo,Segnalazione inviata,it-IT
Đã làm tiến trình!,Progresso compiuto!,it-IT
Đã lưu hoạ tiết động vào %s,Grafiche dinamiche salvate in %s,it-IT
Đã mở công thức mới!,Nuove ricette sbloccate!,it-IT
Đã nhận,Ricevute,it-IT
Đã nạp lại gói tài nguyên,Pacchetti di risorse ricaricati,it-IT
Đã phát hiện hệ thống 32-bit,Sistema a 32 bit rilevato,it-IT
Đã phát hiện hệ thống 32-bit: điều này có thể ngăn bạn chơi trong tương lai vì trò chơi sẽ yêu cầu hệ thống 64-bit!,È stato rilevato un sistema a 32 bit: potrebbe impedirti di giocare in futuro visto che sarà necessario un sistema a 64 bit!,it-IT
Đã sao chép dữ liệu khối phía máy chủ vào khay nhớ tạm,Dati blocco (lato server) copiati negli appunti,it-IT
Đã sao chép dữ liệu khối phía máy khách vào khay nhớ tạm,Dati blocco (lato client) copiati negli appunti,it-IT
Đã sao chép dữ liệu thực thể phía máy chủ vào khay nhớ tạm,Dati entità (lato server) copiati negli appunti,it-IT
Đã sao chép dữ liệu thực thể phía máy khách vào khay nhớ tạm,Dati entità (lato client) copiati negli appunti,it-IT
Đã sao chép vị trí vào khay nhớ tạm,Posizione copiata negli appunti,it-IT
Đã tạm dừng trò chơi,Gioco in pausa,it-IT
Đã từ chối %s tập tin,%s file rifiutati,it-IT
Đã xảy ra lỗi bất thường khi cập nhật danh sách bạn bè của bạn. Hãy thử lại sau.,Si è verificato un errore imprevisto durante l'aggiornamento della lista amici. Riprova più tardi,it-IT
Đã xảy ra lỗi HTTP bất thường khi gửi báo cáo của bạn.,Si è verificato un errore imprevisto del protocollo HTTP durante l'invio della tua segnalazione.,it-IT
Đã xảy ra lỗi khi gửi báo cáo của bạn: '%s',"Si è verificato un errore durante l'invio della tua segnalazione:
«%s»",it-IT
Đã được lọc bởi máy chủ.,Filtrato dal server.,it-IT
Đã đạt mục tiêu!,Obiettivo raggiunto!,it-IT
Đã ẩn đi,Nascosti,it-IT
Đã ẩn đi - Ngoại tuyến,Nascosto/a — Non in linea,it-IT
Đèn hiệu,Faro,it-IT
Đính kèm quá nhiều tin nhắn trong báo cáo,Troppi messaggi inclusi nella segnalazione,it-IT
Đóng menu,Chiudi il menù,it-IT
Đề cập đến các chất cấm,Riferimenti a droghe illegali,it-IT
"Đề cập đến các nhóm thù địch, tổ chức khủng bố hoặc phần tử cực đoan","Riferimenti a gruppi d'odio, organizzazioni terroristiche o figure malfamate",it-IT
Đợi...,Attendi...,it-IT
Đừng bao giờ mở các liên kết từ những người mà bạn không tin tưởng!,Mai aprire collegamenti di persone di cui non ti fidi!,it-IT
Đừng hiển thị lại màn hình này nữa,Non mostrare più questa schermata,it-IT
"Şahsa yönelik, zararlı bir şekilde kullanılan küfürlü dil",Linguaggio offensivo usato in maniera diretta e dannosa,it-IT
Şimdi Çalan: %s,In riproduzione: %s,it-IT
Автор: %1$s,Di %1$s,it-IT
Аккаунт Microsoft,account Microsoft,it-IT
Блокированы,Bloccati,it-IT
Больше не показывать,Non mostrare più questa schermata,it-IT
Большой сундук,Baule grande,it-IT
Бочка,Barile,it-IT
Быстрые действия,Azioni rapide,it-IT
Быстрые действия...,Azioni rapide...,it-IT
В F3,Con F3,it-IT
В буфер обмена скопированы клиентские данные блока,Dati blocco (lato client) copiati negli appunti,it-IT
В буфер обмена скопированы клиентские данные сущности,Dati entità (lato client) copiati negli appunti,it-IT
В буфер обмена скопированы серверные данные блока,Dati blocco (lato server) copiati negli appunti,it-IT
В буфер обмена скопированы серверные данные сущности,Dati entità (lato server) copiati negli appunti,it-IT
В главное меню,Torna al menù principale,it-IT
В отладке,Cruscotto,it-IT
Ваш аккаунт временно заблокирован для сетевой игры,Il tuo account è temporaneamente sospeso dal gioco in rete,it-IT
Ваш аккаунт временно заблокирован и будет восстановлен через %s.,Il tuo account è temporaneamente sospeso e verrà riattivato tra %s.,it-IT
"Ваш аккаунт заблокирован навсегда, вы не сможете играть по сети или Realms.","Il tuo account è permanentemente bannato, quindi non puoi giocare in rete o entrare nei Realm.",it-IT
Ваш аккаунт навсегда заблокирован для сетевой игры,Il tuo account è permanentemente sospeso dal gioco in rete,it-IT
"Ваш скин нарушает Стандарты сообщества. Вы можете играть со стандартным скином или выбрать другой.

Узнать больше или отправить запрос на пересмотр решения можно по ссылке: %s","La tua skin attuale viola le norme della collettività. Puoi continuare a giocare con una skin predefinita oppure sceglierne una nuova.

Scopri di più o richiedi una revisione del caso al collegamento seguente: %s",it-IT
"Ваше текущее имя «%s» нарушает наши стандарты сообщества. Вы можете играть в одиночной игре, но для сетевой игры требуется сменить имя.

Узнать больше или отправить запрос на пересмотр решения можно по ссылке: %s","Il tuo nome attuale («%s») viola le norme della collettività. Puoi giocare in giocatore singolo, ma devi cambiare il nome per giocare in rete.

Scopri di più o richiedi una revisione del caso al collegamento seguente: %s",it-IT
Введите действительное имя профиля перед отправкой запроса в друзья,Inserisci un nome utente valido prima d'inviare una richiesta d'amicizia,it-IT
Введите имя профиля,Inserisci il nome utente,it-IT
"Введите сообщение и нажмите клавишу Ввод, чтобы отправить",Scrivi un messaggio e premi Invio per inviarlo,it-IT
Вверх,Su,it-IT
Вернуться к игре,Riprendi la partita,it-IT
Версия клиента:,Informazioni sulla versione del client:,it-IT
Ветхая,Stracciato,it-IT
Взаимодействия отключены для этой таблички,Non puoi interagire con questo cartello,it-IT
Взять книгу,Prendi il libro,it-IT
Визуальная отладка,Visualizzazioni diagnostiche,it-IT
Вкладка %s,Scheda %s,it-IT
Вниз,Giù,it-IT
Внимание! После подписания книгу нельзя редактировать.,Attenzione! Dopo aver firmato il libro non potrai più modificarlo.,it-IT
Возродиться,Rinasci,it-IT
Вперёд,Avanti,it-IT
Вперёд,Pagina successiva,it-IT
Все,Tutti,it-IT
Все рецепты,Tutte le ricette,it-IT
Всегда,Sì,it-IT
Входящий запрос в друзья от игрока %s,Richiesta d'amicizia in arrivo da %s,it-IT
Вы действительно хотите выйти?,Vuoi davvero abbandonare?,it-IT
Вы действительно хотите перейти по ссылке?,Vuoi davvero aprire questo sito?,it-IT
Вы действительно хотите удалить этого игрока из списка друзей?,Vuoi davvero rimuovere questo giocatore dalla tua lista amici?,it-IT
"Вы должны сменить имя, прежде чем снова играть по сети",Devi cambiare il nome prima di poter giocare in rete,it-IT
Вы жалуетесь на имя «%s».,Stai segnalando «%s».,it-IT
Вы запросили подключение к миру %s,Hai chiesto di entrare nel mondo di %s,it-IT
Вы получили %s запросов в друзья,Hai ricevuto %s richieste d'amicizia,it-IT
Вы проспите всю ночь,La notte sta passando...,it-IT
Вы уже отправили запрос в друзья %s,Hai già inviato una richiesta d'amicizia a %s,it-IT
Вы умерли!,Sei morto/a!,it-IT
Выберите категорию жалобы,Seleziona una categoria di segnalazione,it-IT
Выберите категорию жалобы,Seleziona una categoria per la segnalazione,it-IT
Выберите команду для перемещения,Scegli una squadra presso cui teletrasportarti,it-IT
Выберите сообщения для жалобы,Seleziona i messaggi in chat da segnalare,it-IT
"Выберите хотя бы одно сообщение в чате, чтобы пожаловаться",Seleziona almeno un messaggio in chat da segnalare,it-IT
Выбор предмета,Selezione oggetti,it-IT
Выбрано %s из %s сообщений,Messaggi selezionati: %s/%s,it-IT
Выбрано %s сообщений из чата,%s messaggio/i in chat selezionato/i per la segnalazione,it-IT
Выбрасыватель,Gettatore,it-IT
Выбрать игрока для перемещения,Scegli un giocatore presso cui teletrasportarti,it-IT
Выдача себя за другого человека или обмен информацией с целью эксплуатации или введения в заблуждение других людей,Sostituzione di persona o diffusione d'informazioni al fine d'ingannare o approfittarsi di altri,it-IT
Выйти и отменить жалобу,Abbandona e annulla la segnalazione,it-IT
Выйти из игры,Esci dal gioco,it-IT
Выкл,No,it-IT
Выполнение...,Elaborazione in corso...,it-IT
"Где вы столкнулись с неприемлемым поведением?
Это поможет нам в рассмотрении вашей жалобы.","Dove hai notato un comportamento scorretto?
Saperlo ci aiuterà ad analizzare il caso.",it-IT
Главное меню,Menù principale,it-IT
Готово,Fatto,it-IT
Границы чанков: вкл.,Confini dei chunk visibili,it-IT
Границы чанков: выкл.,Confini dei chunk nascosti,it-IT
Да,Sì,it-IT
"Данные настройки предназначены только для тестирования. Их изменение может привести к сбою игры, замедлению компьютера или съедению ковра на стене.","Queste opzioni sono disponibili a scopo di collaudo. Potrebbero rallentare il tuo computer, far arrestare il gioco o rubarti la merenda appena ti distrai.",it-IT
Демонстрация непристойных или порнографических материалов,Condivisione di materiali osceni o pornografici,it-IT
Динамические текстуры сохранены в %s,Grafiche dinamiche salvate in %s,it-IT
Диффамация,Diffamazione,it-IT
Для других игроков,Impostazioni per gli altri giocatori,it-IT
"Добавленные вами друзья будут отображаться здесь.

Управление параметрами безопасности доступно через ваш %s.","Gli amici appariranno qua

Gestisci la sicurezza in rete con l'%s",it-IT
Домогательства или издевательства,Molestie o bullismo,it-IT
Достижения,Progressi,it-IT
Доступно к созданию,Ricette realizzabili,it-IT
Друг %s,Amico %s,it-IT
Друзья,Amici,it-IT
Друзья онлайн могут присоединиться.,I giocatori nella tua lista amici possono entrare nel mondo.,it-IT
Ещё варианты — правый клик,Tasto destro per altre ricette,it-IT
Жалоба,Segnala,it-IT
Жалоба на игрока,Segnala giocatore,it-IT
Жалоба на имя игрока,Segnala nome inappropriato del giocatore,it-IT
Жалоба на скин игрока,Segnala skin del giocatore,it-IT
Жалоба на сообщения игрока,Segnala messaggi in chat del giocatore,it-IT
Жалоба отправлена,Segnalazione inviata,it-IT
Жалобы,Segnala giocatore,it-IT
Заблокирован,Bloccati,it-IT
Заблокирован — офлайн,Bloccato/a — Non in linea,it-IT
Завершить,Firma e chiudi,it-IT
Заглавие книги:,Titolo del libro:,it-IT
Загляните в справочник,Controlla il ricettario,it-IT
Заголовок,Titolo,it-IT
Загрузка Minecraft,Caricamento di Minecraft...,it-IT
Загрузка запросов...,Caricamento delle richieste...,it-IT
Загрузка списка друзей...,Caricamento della lista amici...,it-IT
Загрузочная воронка,Tramoggia,it-IT
Закрыть меню,Chiudi il menù,it-IT
Запрос в друзья отправлен игроку %s,Hai inviato una richiesta d'amicizia a %s,it-IT
Запросить приглашение,Chiedi di entrare,it-IT
Запросов в друзья нет,Nessuna richiesta in sospeso,it-IT
Запросы (%s),Richieste (%s),it-IT
Зельеварка,Alambicco,it-IT
и ещё %s...,e altri %s...,it-IT
Игра приостановлена,Gioco in pausa,it-IT
Играть в демонстрационном мире,Gioca nel mondo di prova,it-IT
"Игрок %s пригласил вас в свой мир. Нажмите «%s», чтобы открыть список друзей и присоединиться",%s ti ha invitato a entrare nel suo mondo. Apri la lista amici premendo %s per accettare,it-IT
Игрок %s хочет присоединиться к вашему миру. Откройте список друзей нажатием «%s» или из меню игры.,%s vuole entrare nel tuo mondo. Apri la lista amici premendo %s o dal menù di gioco,it-IT
Игрока с этим именем профиля не существует,Non esiste un giocatore con questo nome utente,it-IT
Игроки из одной сети могут присоединиться.,I giocatori sulla tua stessa rete possono entrare nel mondo.,it-IT
Изображения реальной чрезмерной жестокости или крови,Raffigurazioni di scene reali eccessivamente violente o cruente,it-IT
Имя запрещено для сетевой игры,Nome non consentito in multigiocatore,it-IT
Имя игрока,Nome del giocatore,it-IT
Имя профиля: ,Il tuo nome: ,it-IT
Инвентарь,Inventario,it-IT
Инструменты сохранены (восстановить — %1$s + %2$s),Barra rapida salvata (ripristinala con %1$s + %2$s),it-IT
Информация о пользовательских экранах,Nota riguardante le schermate personalizzate,it-IT
Испытание завершено!,Impresa completata!,it-IT
Исходящий запрос в друзья игроку %s,Richiesta d'amicizia inviata a %s,it-IT
К списку Realms,Torna alla lista dei Realm,it-IT
К списку миров,Torna alla lista dei mondi,it-IT
К списку серверов,Torna alla lista dei server,it-IT
Камнерез,Tagliapietre,it-IT
Кафедра,Leggio,it-IT
Кнопка %s,Pulsante %s,it-IT
Код: %s,Codice: %s,it-IT
Код: %s — %s,Codice: %s — %s,it-IT
Команда имеет несовместимые или отсутствующие аргументы подписей.,Firme degli argomenti del comando non previste o mancanti.,it-IT
Комментарии,Commenti,it-IT
Конец игры!,Partita terminata!,it-IT
Координаты скопированы в буфер обмена,Posizione copiata negli appunti,it-IT
Копировать,Copia negli appunti,it-IT
Копировать в буфер обмена,Copia negli appunti,it-IT
Копировать имя профиля %s в буфер обмена,Copia il nome utente «%s» negli appunti,it-IT
Копировать ссылку,Copia negli appunti,it-IT
Копия,Copia dell'originale,it-IT
Копия копии,Copia di una copia,it-IT
Коптильня,Affumicatore,it-IT
Крестьяне пополняют запасы дважды в день.,I villici si riforniscono fino a 2 volte al giorno,it-IT
Лазурит: %s,%s lapislazzuli,it-IT
Лазурит: 1,1 lapislazzuli,it-IT
Ложные жалобы,Falsa segnalazione,it-IT
Локальная сеть,Partita in rete locale,it-IT
Локальная сеть,Rete locale,it-IT
Мастер,Mastro,it-IT
Маяк,Faro,it-IT
Меню,Menù di gioco,it-IT
"Мы получили вашу жалобу. Спасибо!

Наша команда рассмотрит её как можно скорее.","Abbiamo ricevuto la tua segnalazione. Grazie!

Il nostro team la revisionerà il prima possibile.",it-IT
Мёд: %s / %s,Miele: %s/%s,it-IT
"На этого игрока нельзя пожаловаться, потому что его сообщения в чате не могут быть подтверждены на этом сервере",Questo giocatore non può essere segnalato perché i suoi messaggi in chat non possono essere verificati in questo server,it-IT
"На этого игрока нельзя пожаловаться, потому что чат отключён или заблокирован",Questo giocatore non può essere segnalato perché la chat è disattivata o bloccata,it-IT
Наблюдение за миром,Rinasci come spettatore,it-IT
Наборы ресурсов перезагружены,Pacchetti di risorse ricaricati,it-IT
"Нажмите %1$s, чтобы встать",Premi %1$s per alzarti,it-IT
"Нажмите %1$s, чтобы спешиться",Premi %1$s per scendere,it-IT
"Нажмите Ввод, чтобы отклонить запрос %s в друзья",Premi Invio per rifiutare la richiesta d'amicizia da %s,it-IT
"Нажмите Ввод, чтобы отменить запрос в друзья %s",Premi Invio per annullare la richiesta d'amicizia inviata a %s,it-IT
"Нажмите Ввод, чтобы принять запрос %s в друзья",Premi Invio per accettare la richiesta d'amicizia da %s,it-IT
"Нажмите Ввод, чтобы удалить %s из списка друзей",Premi Invio per rimuovere %s dalla lista amici,it-IT
Нажмите для телепортации,Clicca per teletrasportarti,it-IT
"Нажмите клавишу, чтобы выбрать команду, и ещё раз, чтобы её выполнить.","Premi un tasto per selezionare un comando, premilo nuovamente per eseguirlo",it-IT
"Нажмите, чтобы отключить слот",Clicca per disattivare la casella,it-IT
"Нажмите, чтобы отобразить следующее сообщение",Clicca per mostrare il prossimo messaggio,it-IT
"Нажмите, чтобы скопировать в буфер обмена",Clicca per copiare negli appunti,it-IT
Назад,Indietro,it-IT
Назад,Pagina precedente,it-IT
Назад (%s сек.),Indietro (%s s),it-IT
Название или ремонт,Ripara e denomina,it-IT
Назначение клавиш:,Combinazioni di tasti:,it-IT
"Нанесение вреда чьей-либо репутации; например, распространение ложной информации, чтобы обмануть или запутать кого-либо.","Qualcuno sta danneggiando la reputazione tua o di qualcun altro, per esempio condividendo informazioni false con lo scopo di sfruttare o ingannare gli altri.",it-IT
Наркотики или алкоголь,Droghe o alcolici,it-IT
Нарушена очерёдность чата. Проверьте настройки системного времени.,Pacchetti chat non funzionanti. L'orario del tuo computer è stato modificato?,it-IT
Нарушение стандартов сообщества,Violazione delle norme della collettività,it-IT
Настроить в аккаунте Microsoft,Gestisci con l'account Microsoft,it-IT
Настройки локальной сети,Opzioni della partita in rete locale,it-IT
Настройки...,Opzioni...,it-IT
Нашли ошибку?,Segnala errori,it-IT
Не отображается при урезанном экране отладки.,Non visibile quando le informazioni diagnostiche sono ridotte.,it-IT
"Не переходите по ссылкам от людей, которым не доверяете!",Mai aprire collegamenti di persone di cui non ti fidi!,it-IT
"Не удалось выполнить действие с другом. Возможно, это связано с настройками конфиденциальности учётной записи.",Azione non riuscita. Potrebbe dipendere dalle impostazioni di riservatezza del giocatore,it-IT
Не удалось добавить файлы,Aggiunta non riuscita,it-IT
Не удалось загрузить чанк на %s,Caricamento del chunk in %s non riuscito,it-IT
Не удалось найти игрока с этим именем,Impossibile trovare questo giocatore,it-IT
"Не удалось открыть переключатель режима игры, недостаточно полномочий",Non hai l'autorizzazione a cambiare modalità di gioco,it-IT
Не удалось отправить жалобу,Errore durante l'invio della segnalazione,it-IT
Не удалось отправить запрос в друзья,Impossibile inviare la richiesta d'amicizia al momento,it-IT
Не удалось отправить сообщение,Impossibile inviare il messaggio in chat,it-IT
Не удалось связаться со службой сообщения о нарушениях. Проверьте подключение к интернету и повторите попытку.,Impossibile raggiungere il servizio di segnalazione abusi. Assicurati di essere connesso a Internet e riprova.,it-IT
Не удалось сохранить чанк на %s,Salvataggio del chunk in %s non riuscito,it-IT
Невозможно открыть. Содержимое ещё не сгенерировалось.,Impossibile aprire: il contenuto non è stato ancora generato,it-IT
Невозможно отправить запрос в друзья самому себе,Non puoi inviarti una richiesta d'amicizia,it-IT
Невозможно сменить режим игры — недостаточно полномочий,Non hai l'autorizzazione a cambiare modalità di gioco,it-IT
Невозможно телепортироваться. Измерение ещё не сгенерировалось.,Impossibile teletrasportarsi: la destinazione non è ancora stata generata,it-IT
"Недавно была получена жалоба на неприемлемое поведение с использованием вашей учётной записи. Наши модераторы рассмотрели ситуацию и определили её как %s, что идёт вразрез со Стандартами сообщества Minecraft.","Abbiamo ricevuto una segnalazione per comportamento scorretto da parte del tuo account. I nostri moderatori hanno revisionato il tuo caso e l'hanno identificato come %s, che viola le norme della collettività di Minecraft.",it-IT
Недавно была получена жалоба на неприемлемое поведение с использованием вашей учётной записи. Наши модераторы рассмотрели ситуацию и определили её как идущую вразрез со Стандартами сообщества Minecraft.,Abbiamo ricevuto una segnalazione per comportamento scorretto da parte del tuo account. I nostri moderatori hanno revisionato il tuo caso e hanno stabilito che viola le norme della collettività di Minecraft.,it-IT
Недостаточно места на диске!,Poco spazio su disco!,it-IT
Неизвестный рецепт: %s,Ricetta sconosciuta: %s,it-IT
Необходимый уровень: %s,Livelli necessari: %s,it-IT
Неподтверждённое сообщение. Жалоба недоступна.,Messaggio non verificato. Impossibile segnalare.,it-IT
Несогласованные изображения интимного характера,Immagini intime non consensuali,it-IT
Нет,Nessuno,it-IT
Нет,No,it-IT
Нет заблокированных игроков в чате,Nessun giocatore bloccato nella chat,it-IT
Нет игроков скрытых в чате,Nessun giocatore nascosto nella chat,it-IT
"Нет игроков, на которых можно пожаловаться",Nessun giocatore segnalabile,it-IT
"Нет сообщений игрока %s, на которые можно пожаловаться",Nessun messaggio segnalabile da %s trovato,it-IT
Никакой отдых не поможет пропустить эту ночь,Non è possibile saltare la notte,it-IT
Никто не может присоединиться.,Nessuno può entrare nel mondo.,it-IT
Новичок,Novizio,it-IT
Новое достижение!,Progresso compiuto!,it-IT
Обнаружена 32-разрядная система,Sistema a 32 bit rilevato,it-IT
"Обнаружена 32-разрядная система. В будущем запуск игры станет невозможен, потребуется 64-разрядная система!",È stato rilevato un sistema a 32 bit: potrebbe impedirti di giocare in futuro visto che sarà necessario un sistema a 64 bit!,it-IT
"Обновите игру, чтобы получить доступ к вашему списку друзей.",Aggiorna il gioco per accedere alla lista amici,it-IT
Обратная связь,Riscontro,it-IT
Обратная связь...,Riscontro...,it-IT
Обсуждение или иное поощрение непристойного поведения с участием детей.,Qualcuno sta menzionando o promuovendo comportamenti indecenti con minori.,it-IT
"Обсуждение, поощрение или угрозы актами терроризма или насильственного экстремизма по политическим, религиозным, идеологическим или иным причинам.","Qualcuno sta menzionando, promuovendo o minacciando di commettere atti di terrorismo o estremismo violento per motivi politici, religiosi, ideologici o di altro tipo.",it-IT
"Обсуждение, распространение или иная демонстрация личных и интимных изображений.","Qualcuno sta menzionando, condividendo o promuovendo immagini private e intime.",it-IT
Одиночная игра,Giocatore singolo,it-IT
Ожидание ответа от сервера,In attesa del server...,it-IT
Ожидание подтверждения,In attesa di conferma...,it-IT
Ожидание...,Attendi...,it-IT
Онлайн,In linea,it-IT
Онлайн,In rete,it-IT
Онлайн (локальная сеть),In linea (rete locale),it-IT
Онлайн (мир),In linea (mondo),it-IT
Онлайн (реалм),In linea (Realm),it-IT
Онлайн (сервер),In linea (server),it-IT
Описание:,Descrizione:,it-IT
Опишите причину жалобы на имя:,Descrivi perché vuoi segnalare questo nome:,it-IT
Опишите произошедшее:,Descrivi quello che è successo:,it-IT
Оригинал,Originale,it-IT
"Оскорбительная лексика, направленная на причинение вреда",Linguaggio offensivo usato in maniera diretta e dannosa,it-IT
"Оскорбления по отношению к вам или другим игрокам, связанные с отношением к религии, расе или половой принадлежности.","Qualcuno sta aggredendo te o un altro giocatore sulla base di caratteristiche della propria identità, come religione, etnia od orientamento sessuale.",it-IT
"Оскорбления, нападки или запугивание, в т. ч. случаи, когда кто-то многократно пытается связаться с вами или кем-то ещё без согласия, либо публикует без согласия личную информацию о вас или ком-то ещё.","Qualcuno sta umiliando, aggredendo o bullizzando te o qualcun altro. Ciò comprende quando qualcuno tenta ripetutamente di contattare te o qualcun altro senza permesso o condivide informazioni personali private su di te o qualcun altro senza permesso.",it-IT
Оставить отзыв,Invia riscontro,it-IT
Отклонено %s файлов,%s file rifiutati,it-IT
Отклонить,Rifiuta,it-IT
Отключиться,Disconnettiti,it-IT
Откройте эту ссылку для управления параметрами безопасности и конфиденциальности в интернете.,Apri questo collegamento per gestire le impostazioni di riservatezza e sicurezza in rete.,it-IT
Открыты новые рецепты!,Nuove ricette sbloccate!,it-IT
Открыть,Apri collegamento,it-IT
Открыть для сети,Rete locale...,it-IT
Открыть или скопировать ссылку в буфер обмена?,Vuoi aprire questo collegamento o copiarlo negli appunti?,it-IT
Открыть папку с отчётами,Apri la cartella dei rapporti,it-IT
Отладка быстродействия,Profilo prestazioni,it-IT
Отмена,Annulla,it-IT
Отменить,Annulla,it-IT
Отменить жалобу и комментарии?,Annullare la segnalazione e i commenti?,it-IT
Отменить запрос,Annulla richiesta,it-IT
Отправить жалобу,Invia segnalazione,it-IT
Отправить запрос в друзья,Invia richiesta d'amicizia,it-IT
Отправка жалобы...,Invio della segnalazione...,it-IT
Отправка команд запрещена,L'invio di comandi non è consentito,it-IT
Отправка сообщений в чат запрещена,L'invio di messaggi in chat non è consentito,it-IT
Отправленные,Inviate,it-IT
"Отправляя жалобу, вы подтверждаете, что предоставленная вами информация является точной и полной.","Inviando questa segnalazione, confermi che le informazioni che hai fornito sono accurate e complete al meglio delle tue conoscenze.",it-IT
Отфильтровано сервером.,Filtrato dal server.,it-IT
Офлайн,Non in linea,it-IT
Ошибка проверки чата,Errore di convalida della chat,it-IT
Параметры отладки,Opzioni diagnostiche,it-IT
Пауза при сворачивании: вкл.,Pausa alla perdita dello stato attivo attivata,it-IT
Пауза при сворачивании: выкл.,Pausa alla perdita dello stato attivo disattivata,it-IT
Перезагрузка всех чанков,Ricaricamento di tutti i chunk...,it-IT
Переместиться к игроку,Teletrasportati presso un giocatore,it-IT
Переместиться к члену команды,Teletrasportati presso un membro della squadra,it-IT
Пересоздать мир,Ripristina il mondo di prova,it-IT
Печь,Fornace,it-IT
Плавильная печь,Forno fusorio,it-IT
По умолчанию,Profilo predefinito,it-IT
Подготовка области возрождения: %s%%,Preparazione dell'area di generazione: %s%%,it-IT
Подмастерье,Apprendista,it-IT
Подписать,Firma,it-IT
Подробности помогут нам принять правильное решение.,Condividere i dettagli ci aiuterà a compiere una decisione ben informata.,it-IT
Подтвердить,Conferma,it-IT
Пожаловаться,Segnala giocatore,it-IT
Пожаловаться на игрока %s,Segnala %s,it-IT
Поиск...,Cerca...,it-IT
Показывать в чате,Mostra nella chat,it-IT
Показывать сообщения,Mostra messaggi,it-IT
Показывать сообщения от %s,Mostra messaggi da %s,it-IT
поле ввода %s: %s,Casella di testo %s: %s,it-IT
Ползунок %s,Regolatore %s,it-IT
Получение или использование контента нелегальным путём,Acquisizione o uso fraudolento di contenuti,it-IT
Полученные,Ricevute,it-IT
Пользовательские настройки,Opzioni personalizzate,it-IT
Пользовательские настройки...,Opzioni personalizzate...,it-IT
Пользовательский экран отклонён,Schermata personalizzata rifiutata,it-IT
Поместите кузнечный шаблон,Inserisci uno schema di forgiatura,it-IT
Понятно,Ne prendo atto,it-IT
"Поощряет к участию в незаконной деятельности, связанной с наркотиками, или поощрение к употреблению алкоголя несовершеннолетними.",Qualcuno sta incoraggiando gli altri a partecipare ad attività illegali legate alla droga o all'alcolismo minorile.,it-IT
"Похоже, здесь ничего нет...",Sembra non esserci nulla qua...,it-IT
Почему вы отправляете жалобу?,Perché stai segnalando ciò?,it-IT
Починка и снятие чар,Ripara e disincanta,it-IT
Предложения,Scambi,it-IT
Предмет нельзя так улучшить,L'oggetto non può essere migliorato in questo modo,it-IT
Предыдущая страница,Pagina precedente,it-IT
"При выходе текст жалобы и комментарии к ней будут утеряны.
Вы действительно хотите выйти?","Se abbandoni, perderai questa segnalazione e i tuoi commenti.
Vuoi davvero abbandonare?",it-IT
При обновлении списка друзей произошла непредвиденная ошибка. Повторите попытку позже.,Si è verificato un errore imprevisto durante l'aggiornamento della lista amici. Riprova più tardi,it-IT
При отправке жалобы произошла непредвиденная ошибка HTTP.,Si è verificato un errore imprevisto del protocollo HTTP durante l'invio della tua segnalazione.,it-IT
При отправке жалобы произошла ошибка.,C'è stato un carico utile non corretto durante l'invio della tua segnalazione.,it-IT
"При отправке жалобы произошла ошибка:
«%s»","Si è verificato un errore durante l'invio della tua segnalazione:
«%s»",it-IT
Пригласить,Invita,it-IT
Приглашение присоединиться к миру %s истекло.,L'invito a entrare nel mondo di %s è scaduto,it-IT
"Применение изменений настроек Xbox может занять некоторое время. 

Если они не изменятся, перезапустите игру.","La modifica delle impostazioni di Xbox potrebbe richiedere del tempo.

Riavvia il gioco per forzare l'aggiornamento.",it-IT
Применить,Modifica,it-IT
"Примечание: Пользовательские настройки предоставляются сторонними серверами и/или наборами данных.
Будьте осторожны!","Nota: le opzioni personalizzate sono fornite da server o contenuti di terze parti.
Usare con cautela!",it-IT
Принять,Accetta,it-IT
Присоединиться,Entra,it-IT
Продолжить,Continua,it-IT
Продолжить редактирование,Continua a modificare,it-IT
Продолжить редактирование или отменить?,Vuoi continuare a modificarla o annullarla?,it-IT
Продолжить редактирование существующей жалобы или отменить и создать новую?,Vuoi continuare a modificare la segnalazione in corso o annullarla e crearne una nuova?,it-IT
Произошла неизвестная ошибка при отправке жалобы.,C'è stato un errore imprevisto durante l'invio della tua segnalazione.,it-IT
Профилирование завершено. Результат сохранён здесь: %s,Profilatura terminata. Risultati salvati in %s,it-IT
Прочтите текст выше и отметьте галочкой поле для отправки жалобы,Si prega di leggere il testo sopra e selezionare la casella di controllo per poter inviare la segnalazione,it-IT
Пчёлы: %s / %s,Api: %s/%s,it-IT
Раздатчик,Distributore,it-IT
Расширенные подсказки: вкл.,Descrizioni avanzate visibili,it-IT
Расширенные подсказки: выкл.,Descrizioni avanzate nascoste,it-IT
Редактирование подвесной таблички,Messaggio dell'insegna:,it-IT
Редактирование таблички,Messaggio del cartello:,it-IT
Редактировать черновик жалобы?,Modificare la bozza della segnalazione?,it-IT
Ремесленник,Qualificato,it-IT
Рецепты для коптильни,Affumicature realizzabili,it-IT
Рецепты для печи,Cotture realizzabili,it-IT
Рецепты для плавильной печи,Fusioni realizzabili,it-IT
Сбой через %s...,Arresto del gioco tra %s...,it-IT
Сборщик,Fabbricatore,it-IT
Сейчас играет: %s,In riproduzione: %s,it-IT
Сексуальная эксплуатация или жестокое обращение с детьми,Sfruttamento o abuso sessuale di minori,it-IT
Сексуально неприемлемо,Contenuti sessuali non appropriati,it-IT
Сервер отправил некорректное сообщение.,Messaggio del server non valido.,it-IT
Серверные ссылки,Collegamenti del server,it-IT
Сервис жалоб недоступен,Il servizio di segnalazioni non è disponibile,it-IT
Сетевая игра,Multigiocatore,it-IT
Сетевая игра (Realms),Multigiocatore (Realms),it-IT
Сетевая игра (локальная),Multigiocatore (rete locale),it-IT
Сетевая игра (онлайн),Multigiocatore (in rete),it-IT
Сетевая игра (сторонний сервер),Multigiocatore (server di terze parti),it-IT
Сетевая игра отключена. Проверьте настройки своего аккаунта Microsoft.,La modalità multigiocatore è disattivata. Controlla le impostazioni del tuo account Microsoft.,it-IT
Сеть,Rete,it-IT
Скин запрещён,Skin non consentita,it-IT
Скин игрока,Skin del giocatore,it-IT
"Скины, изображающие действия сексуального характера, половые органы или сексуальное насилие.","Skin esplicite con riferimenti ad atti sessuali, organi sessuali o violenza sessuale.",it-IT
"Скоро для игры в Minecraft будет необходима 64-разрядная система, и вы не сможете играть в Realms на этом устройстве. Подписку Realms нужно будет отменить самостоятельно.",A breve Minecraft necessiterà di un sistema a 64 bit. Ciò t'impedirà di giocare o usare Realms su questo dispositivo. Dovrai disdire manualmente qualsiasi abbonamento a Realms.,it-IT
Скрывать сообщения,Nascondi messaggi,it-IT
Скрывать сообщения от %s,Nascondi messaggi da %s,it-IT
Скрыт,Nascosti,it-IT
Скрыт — офлайн,Nascosto/a — Non in linea,it-IT
Скрыты,Nascosti,it-IT
Скрыть в чате,Nascondi nella chat,it-IT
Следующая страница,Pagina successiva,it-IT
Слишком дорого!,Costa troppo!,it-IT
Слишком много взаимодействий со списком друзей. Подождите немного и попробуйте снова.,Stai gestendo la lista amici troppo velocemente. Attendi qualche secondo e riprova,it-IT
Слишком много сообщений для жалобы,Troppi messaggi inclusi nella segnalazione,it-IT
Смотрите подробнее в журнале,Controlla il registro per ulteriori dettagli,it-IT
"Содержимое этого экрана предоставляется сторонними серверами и картами, которые не принадлежат и не управляются Mojang Studios или Microsoft.

Будьте осторожны! Внимательно переходите по ссылкам и не разглашайте свои личные данные (логины, пароли и т. п.).

Если этот экран не даёт вам играть, вы также можете отключиться от текущего сервера, нажав на кнопку ниже.","I contenuti di questa schermata sono controllati da server e mappe di terze parti che non sono posseduti, gestiti o supervisionati da Mojang Studios o Microsoft.

Usare con cautela! Fa' sempre attenzione nel seguire i collegamenti e non fornire mai dati personali, inclusi i dettagli di accesso.

Se questa schermata t'impedisce di giocare, puoi disconnetterti dal server usando il pulsante qui sotto.",it-IT
Создание,Fabbricazione,it-IT
Сократите комментарий,Abbrevia il commento,it-IT
Сообщение было скрыто сервером для некоторых игроков.,Il server ha nascosto il tuo messaggio per alcuni giocatori.,it-IT
Сообщение было удалено сервером.,Questo messaggio in chat è stato eliminato dal server.,it-IT
Сообщение для команды,Scrivi alla squadra,it-IT
Сообщение для отправки: %s,Messaggio da inviare: %s,it-IT
Сообщение изменено сервером. Исходное:,Messaggio modificato dal server. Originale:,it-IT
Сообщение сервера.,Messaggio del server.,it-IT
Сообщение сервера. Жалоба недоступна.,Messaggio del server. Impossibile segnalare.,it-IT
Сообщение чата имеет неверную подпись. Попробуйте переподключиться.,Firma della chat non valida. Prova a riconnetterti.,it-IT
Сообщения в чате,Messaggi in chat,it-IT
Сообщения игрока %s будут видны,I messaggi in chat di %s verranno mostrati,it-IT
Сообщения игрока %s будут скрыты,I messaggi in chat di %s verranno nascosti,it-IT
"Сообщения, окружающие выбранные, будут включены для формирования контекста",I messaggi adiacenti verranno inclusi per fornire del contesto aggiuntivo,it-IT
Сообщить серверу,Segnala al server,it-IT
Сохранение мира,Salvataggio del mondo...,it-IT
Сохранение мира может оказаться невозможным.,Il salvataggio del mondo potrebbe fallire.,it-IT
Сохранение чанков,Salvataggio dei chunk...,it-IT
"Сохраните инструменты, используя %1$s + %2$s",Salva la barra rapida con %1$s + %2$s,it-IT
Сохранить и выйти,Salva ed esci dal mondo,it-IT
Сохранить черновик,Salva bozza,it-IT
Социальные взаимодействия,Interazioni sociali,it-IT
Спам или реклама,Pubblicità indesiderata,it-IT
Список друзей,Lista amici,it-IT
"Список друзей не работает.

Попробуйте позже.","La lista amici non è al momento disponibile

Riprova più tardi",it-IT
"Список друзей не работает.

Проверьте подключение к интернету и попробуйте снова.","La lista amici non è al momento disponibile

Controlla la connessione a Internet e riprova",it-IT
Список друзей недоступен. Проверьте подключение к интернету и попробуйте позже.,Il servizio della lista amici non è al momento disponibile. Controlla la connessione o riprova più tardi,it-IT
Срок действия приглашения для %s на вход в этот мир истёк.,L'invito a entrare nel mondo inviato a %s è scaduto,it-IT
Ссылки сервера...,Collegamenti...,it-IT
Статистика,Statistiche,it-IT
Статистика не найдена.,Nessuna statistica trovata.,it-IT
Стол картографа,Cartografia,it-IT
Страница %1$s из %2$s,Pagina %1$s di %2$s,it-IT
Сундук,Baule,it-IT
Счёт,Punteggio,it-IT
Счёт: %s,Punteggio: %s,it-IT
Текст сзади:,Messaggio posteriore:,it-IT
Текст спереди:,Messaggio anteriore:,it-IT
Текст экрана отладки,Informazioni diagnostiche,it-IT
Темы или содержимое сексуального характера,Argomenti o contenuti di natura sessuale,it-IT
Теперь вы друзья с %s,Hai stretto amicizia con %s,it-IT
Терроризм или насильственный экстремизм,Terrorismo o estremismo violento,it-IT
Тип: %s,Tipo: %s,it-IT
Ткацкий станок,Telaio,it-IT
Требуемый уровень: %1$s,Costo: %1$s,it-IT
"У вас имеется черновик жалобы, который будет потерян, если вы выйдете",Hai una bozza di segnalazione che andrà persa se abbandoni,it-IT
Угрозы причинения вреда,Minaccia di fare del male agli altri,it-IT
Угрозы причинить вред кому-либо в реальной жизни.,Qualcuno sta minacciando di fare del male a te o qualcun altro nella vita reale.,it-IT
Угрозы причинить вред людям или имуществу в реальной жизни,Intento di causare danno nella vita reale a persone o beni,it-IT
Угрозы причинить себе вред в реальной жизни или рассказы о причинении вреда себе в реальной жизни.,Qualcuno sta minacciando di farsi del male nella vita reale o sta menzionando il farsi del male nella vita reale.,it-IT
Удалить,Rimuovi,it-IT
Удалить из друзей,Rimuovi amico,it-IT
Удалить предмет,Distruggi,it-IT
"Удерживается %s + %s. Произойдёт сбой игры, если не отпустить.","Stai tenendo premuti %s + %s. Se non li rilasci, il gioco verrà arrestato.",it-IT
"Удерживается F3 + C. Произойдёт сбой игры, если не отпустить.","Stai tenendo premuti F3 + C. Se non li rilasci, il gioco verrà arrestato.",it-IT
Узнать больше о системе жалоб,Scopri di più sulle segnalazioni,it-IT
"Указан недействительный токен. Перезапустите игру и лаунчер, а затем попробуйте снова.",Gettone d'autenticazione non valido. Riavvia il gioco e il launcher prima di riprovare,it-IT
Улучшенная прозрачность: вкл.,Trasparenza migliorata attivata,it-IT
Улучшенная прозрачность: выкл.,Trasparenza migliorata disattivata,it-IT
Улучшить снаряжение,Migliora un oggetto,it-IT
"Упоминание групп ненависти, террористических организаций или одиозных личностей","Riferimenti a gruppi d'odio, organizzazioni terroristiche o figure malfamate",it-IT
Упоминание наркотических средств,Riferimenti a droghe illegali,it-IT
Управляйте параметрами безопасности в сети через ваш %s,Gestisci la sicurezza in rete con l'%s,it-IT
Уровень чар: %s,%s livelli di esperienza,it-IT
Уровень чар: 1,1 livello di esperienza,it-IT
Учётная запись временно заблокирована,Account temporaneamente sospeso,it-IT
Учётная запись заблокирована навсегда,Account permanentemente bannato,it-IT
Хитбоксы: вкл.,Zone di collisione visibili,it-IT
Хитбоксы: выкл.,Zone di collisione nascoste,it-IT
Цель достигнута!,Obiettivo raggiunto!,it-IT
Чары,Incanta,it-IT
Чат,Schermata della chat,it-IT
чат,chat,it-IT
"Чат ограничен. Нажмите это сообщение, чтобы узнать больше.",La chat è limitata. Clicca su questo messaggio per più dettagli.,it-IT
Чат ограничен. Перейдите на экран «Ограничения» в настройках мира.,La chat è limitata. Vai alla finestra delle limitazioni nelle opzioni del mondo.,it-IT
Чат отключён в настройках клиента.,Chat disattivata nelle opzioni del client.,it-IT
Чат отключён в настройках лаунчера. Невозможно отправить сообщение.,Chat disattivata nelle opzioni del launcher. Impossibile inviare il messaggio.,it-IT
"Чат отключён в настройках учётной записи. Нажмите «%s» ещё раз, чтобы узнать подробности.",Chat disattivata nelle impostazioni dell'account. Premi di nuovo «%s» per ulteriori informazioni.,it-IT
Чат отключён в настройках учётной записи. Невозможно отправлять или просматривать сообщения.,Chat disattivata nelle impostazioni dell'account. Impossibile mandare o leggere i messaggi.,it-IT
Чат отключён из-за истёкшего срока действия открытого ключа профиля. Попробуйте переподключиться.,Chat disattivata a causa della crittografia asimmetrica del profilo scaduta. Prova a riconnetterti.,it-IT
Чат отключён из-за потери открытого ключа профиля. Попробуйте переподключиться.,Chat disattivata a causa della crittografia asimmetrica del profilo mancante. Prova a riconnetterti.,it-IT
Чат отключён из-за разрыва последовательности сообщений. Попробуйте переподключиться.,Chat disattivata a causa di una catena spezzata. Prova a riconnetterti.,it-IT
Членовредительство или самоубийство,Autolesionismo o suicidio,it-IT
Чрезмерное количество ложных или неточных жалоб,Numero eccessivo di segnalazioni false o imprecise,it-IT
"Что-то пошло не так — с возможностью, не с друзьями!

Попробуйте позже.","Qualcosa non va... con questa funzionalità, mica coi tuoi amici!

Riprova più tardi",it-IT
Шалкеровый ящик,Scatola di shulker,it-IT
Экран подписания книги,Finestra della firma del libro,it-IT
Экран просмотра книги,Finestra di lettura del libro,it-IT
Экран редактирования книги,Finestra di modifica del libro,it-IT
Эксперт,Esperto,it-IT
Эндер-сундук,Baule di ender,it-IT
"Это пользовательский экран. Нажмите, чтобы узнать больше.",Questa è una schermata personalizzata. Clicca qui per saperne di più.,it-IT
Это пользовательский экран. Узнать больше.,Questa è una schermata personalizzata. Scopri di più.,it-IT
"Этот игрок разозлил меня / сделал то, что мне не нравится.",Questo giocatore m'infastidisce o ha fatto qualcosa che non mi piace.,it-IT
Этот мир больше не открыт для сетевой игры,Mondo non più aperto al multigiocatore,it-IT
Этот мир теперь открыт для локальной сети. Порт: %s,Mondo aperto in rete locale con numero di porta %s,it-IT
Этот мир теперь открыт для сетевой игры.,Mondo aperto al multigiocatore in rete,it-IT
Я хочу пожаловаться на этого игрока,Voglio segnalare questo giocatore,it-IT
Язык вражды,Incitamento all'odio,it-IT
Язык вражды или дискриминация,Incitamento all'odio o discriminazione,it-IT
กด %1$s เพื่อลงจากพาหนะ,Premi %1$s per scendere,it-IT
กด %1$s เพื่อลุกขึ้น,Premi %1$s per alzarti,it-IT
กด Enter เพื่อปฏิเสธคำขอเป็นเพื่อนจาก %s,Premi Invio per rifiutare la richiesta d'amicizia da %s,it-IT
กด Enter เพื่อยกเลิกคำขอเป็นเพื่อนกับ %s,Premi Invio per annullare la richiesta d'amicizia inviata a %s,it-IT
กด Enter เพื่อยอมรับคำขอเป็นเพื่อนจาก %s,Premi Invio per accettare la richiesta d'amicizia da %s,it-IT
กด Enter เพื่อลบ %s ออกจากรายชื่อเพื่อน,Premi Invio per rimuovere %s dalla lista amici,it-IT
กดคีย์เพื่อเลือกคำสั่ง แล้วกดอีกครั้งเพื่อใช้,"Premi un tasto per selezionare un comando, premilo nuovamente per eseguirlo",it-IT
กรอกชื่อหนังสือ:,Titolo del libro:,it-IT
กรอกชื่อโปรไฟล์,Inserisci il nome utente,it-IT
กรอกชื่อโปรไฟล์ที่ถูกต้องก่อนที่จะส่งคำขอเป็นเพื่อน,Inserisci un nome utente valido prima d'inviare una richiesta d'amicizia,it-IT
กรุณาปรับความคิดเห็นให้สั้นลง,Abbrevia il commento,it-IT
กรุณาอ่านข้อความด้านบนและติ๊กกล่องกาเครื่องหมาย จึงจะสามารถส่งรายงานได้,Si prega di leggere il testo sopra e selezionare la casella di controllo per poter inviare la segnalazione,it-IT
กลับ,Indietro,it-IT
กลับสู่หน้าหลัก,Torna al menù principale,it-IT
กลับสู่เกม,Riprendi la partita,it-IT
กลับไปยังรายการ Realms,Torna alla lista dei Realm,it-IT
กลับไปยังรายการเซิร์ฟเวอร์,Torna alla lista dei server,it-IT
กลับไปยังรายการโลก,Torna alla lista dei mondi,it-IT
กล่องชัลเกอร์,Scatola di shulker,it-IT
กล่องแก้ไข %s: %s,Casella di testo %s: %s,it-IT
การกด %s + %s ค้างไว้จะทำให้เกมแครชหากไม่ปล่อย,"Stai tenendo premuti %s + %s. Se non li rilasci, il gioco verrà arrestato.",it-IT
การกด F3 + C ค้างไว้จะทำให้เกมแครชหากไม่ปล่อย,"Stai tenendo premuti F3 + C. Se non li rilasci, il gioco verrà arrestato.",it-IT
การกล่าวถึงกลุ่มที่แสดงความเกลียดชัง องค์กรก่อการร้าย หรือบุคคลฉาวโฉ่,"Riferimenti a gruppi d'odio, organizzazioni terroristiche o figure malfamate",it-IT
การกล่าวถึงสารเสพติดผิดกฎหมาย,Riferimenti a droghe illegali,it-IT
การก่อการร้ายหรือพวกหัวรุนแรง,Terrorismo o estremismo violento,it-IT
การคราฟต์,Fabbricazione,it-IT
การคลิกถูกปิดใช้งานสำหรับป้ายนี้,Non puoi interagire con questo cartello,it-IT
การคุกคามหรือการกลั่นแกล้ง,Molestie o bullismo,it-IT
การค้าขาย,Scambi,it-IT
การดำเนินการด่วน,Azioni rapide,it-IT
การดำเนินการด่วน...,Azioni rapide...,it-IT
การท้าทายสำเร็จ!,Impresa completata!,it-IT
การบรรยายภาพถึงเรื่องส่วนตัวโดยไม่ยินยอม,Immagini intime non consensuali,it-IT
การปลอมตัวเป็นคนอื่นหรือการส่งต่อข้อมูลเพื่อหาประโยชน์หรือทำให้คนอื่นเข้าใจผิด,Sostituzione di persona o diffusione d'informazioni al fine d'ingannare o approfittarsi di altri,it-IT
การยกระดับความโปร่งใส: ปิดใช้งาน,Trasparenza migliorata disattivata,it-IT
การยกระดับความโปร่งใส: เปิดใช้งาน,Trasparenza migliorata attivata,it-IT
การรวบรวมข้อมูลสิ้นสุดแล้ว ผลลัพธ์ถูกบันทึกไว้ที่ %s,Profilatura terminata. Risultati salvati in %s,it-IT
การระบุรายละเอียดจะช่วยให้เราตัดสินใจได้อย่างรอบด้าน,Condividere i dettagli ci aiuterà a compiere una decisione ben informata.,it-IT
การรับหรือใช้เนื้อหาที่มาจากการฉ้อโกง,Acquisizione o uso fraudolento di contenuti,it-IT
การรายงานที่เป็นเท็จ,Falsa segnalazione,it-IT
การรายงานผู้เล่น,Segnala giocatore,it-IT
การรายงานเท็จหรือไม่ถูกต้องมากเกินไป,Numero eccessivo di segnalazioni false o imprecise,it-IT
การละเมิดมาตรฐานชุมชน,Violazione delle norme della collettività,it-IT
การล่วงละเมิดทางเพศหรือการทารุณกรรมต่อเด็ก,Sfruttamento o abuso sessuale di minori,it-IT
การส่งข้อความแชตไม่ได้รับอนุญาต,L'invio di messaggi in chat non è consentito,it-IT
การส่งคำสั่งไม่ได้รับอนุญาต,L'invio di comandi non è consentito,it-IT
การหมิ่นประมาท,Diffamazione,it-IT
"การแปลงเปลี่ยนการตั้งค่า Xbox อาจใช้เวลาสักครู่ในการดำเนินการ

หากไม่เห็นความเปลี่ยนแปลง โปรดรีสตาร์ตเกม","La modifica delle impostazioni di Xbox potrebbe richiedere del tempo.

Riavvia il gioco per forzare l'aggiornamento.",it-IT
การแสดงพฤติกรรมหรือสิ่งลามกอนาจาร,Condivisione di materiali osceni o pornografici,it-IT
การแสดงให้เห็นความรุนแรงหรือเลือดที่มากเกินไปในชีวิตจริง,Raffigurazioni di scene reali eccessivamente violente o cruente,it-IT
กำลังทำงาน...,Elaborazione in corso...,it-IT
กำลังนอนผ่านค่ำคืนนี้ไป,La notte sta passando...,it-IT
กำลังบันทึกชังก์,Salvataggio dei chunk...,it-IT
กำลังบันทึกโลก,Salvataggio del mondo...,it-IT
กำลังรอการยืนยัน,In attesa di conferma...,it-IT
กำลังรอเซิร์ฟเวอร์,In attesa del server...,it-IT
กำลังรีโหลดชังก์ทั้งหมด,Ricaricamento di tutti i chunk...,it-IT
กำลังส่งคำขอเป็นเพื่อนกับ %s,Richiesta d'amicizia inviata a %s,it-IT
กำลังส่งรายงานของคุณ...,Invio della segnalazione...,it-IT
กำลังเตรียมพื้นที่เกิด: %s%%,Preparazione dell'area di generazione: %s%%,it-IT
กำลังโหลด Minecraft,Caricamento di Minecraft...,it-IT
กำลังโหลดคำร้อง...,Caricamento delle richieste...,it-IT
กำลังโหลดรายชื่อเพื่อน...,Caricamento della lista amici...,it-IT
ขณะนี้กำลังเล่น: %s,In riproduzione: %s,it-IT
ขณะนี้คุณเป็นเพื่อนกับ %s แล้ว,Hai stretto amicizia con %s,it-IT
ขณะนี้โลกนี้เปิดให้เล่นผ่าน LAN ได้ หมายเลขพอร์ตคือ %s,Mondo aperto in rete locale con numero di porta %s,it-IT
ขณะนี้โลกนี้เปิดให้เล่นผ่านระบบผู้เล่นหลายคนแบบออนไลน์,Mondo aperto al multigiocatore in rete,it-IT
ขอบเขตชังก์: ซ่อน,Confini dei chunk nascosti,it-IT
ขอบเขตชังก์: แสดง,Confini dei chunk visibili,it-IT
ขอเข้าร่วม,Chiedi di entrare,it-IT
ขาดรุ่งริ่ง,Stracciato,it-IT
ขึ้น,Su,it-IT
ขู่จะทำร้ายคนอื่น,Minaccia di fare del male agli altri,it-IT
ข้อความด้านหน้า:,Messaggio anteriore:,it-IT
ข้อความด้านหลัง:,Messaggio posteriore:,it-IT
ข้อความถูกดัดแปรจากเซิร์ฟเวอร์ ต้นฉบับ:,Messaggio modificato dal server. Originale:,it-IT
ข้อความที่จะส่ง: %s,Messaggio da inviare: %s,it-IT
ข้อความภายในทีม,Scrivi alla squadra,it-IT
ข้อความรอบ ๆ การเลือกนี้จะใช้ประกอบเพื่อเป็นบริบทเพิ่มเติม,I messaggi adiacenti verranno inclusi per fornire del contesto aggiuntivo,it-IT
ข้อความหน้าจอดีบั๊ก,Informazioni diagnostiche,it-IT
ข้อความเซิร์ฟเวอร์,Messaggio del server.,it-IT
ข้อความเซิร์ฟเวอร์ ไม่สามารถรายงานได้,Messaggio del server. Impossibile segnalare.,it-IT
ข้อความแชต,Messaggi in chat,it-IT
ข้อความแชตจาก %s จะถูกซ่อนไว้,I messaggi in chat di %s verranno nascosti,it-IT
ข้อความแชตจาก %s จะถูกแสดง,I messaggi in chat di %s verranno mostrati,it-IT
ข้อความแชตนี้ถูกลบโดยเซิร์ฟเวอร์,Questo messaggio in chat è stato eliminato dal server.,it-IT
ข้อความไม่ได้ยืนยัน ไม่สามารถรายงานได้,Messaggio non verificato. Impossibile segnalare.,it-IT
ข้อผิดพลาดในการตรวจสอบความถูกต้องของแชต,Errore di convalida della chat,it-IT
ข้อมูลเวอร์ชันไคลเอนต์:,Informazioni sulla versione del client:,it-IT
ข้อเสนอแนะ,Riscontro,it-IT
ข้อเสนอแนะ...,Riscontro...,it-IT
คลิกขวาเพื่อดูข้อมูลเพิ่มเติม,Tasto destro per altre ricette,it-IT
คลิกเพื่อคัดลอกไปยังคลิปบอร์ด,Clicca per copiare negli appunti,it-IT
คลิกเพื่อปิดใช้งานสล็อต,Clicca per disattivare la casella,it-IT
คลิกเพื่อเทเลพอร์ต,Clicca per teletrasportarti,it-IT
คลิกเพื่อแสดงข้อความถัดไป,Clicca per mostrare il prossimo messaggio,it-IT
ความก้าวหน้า,Progressi,it-IT
ความก้าวหน้าคืบหน้าแล้ว!,Progresso compiuto!,it-IT
ความคิดเห็น,Commenti,it-IT
คะแนน,Punteggio,it-IT
คะแนน: %s,Punteggio: %s,it-IT
คักลอกชื่อโปรไฟล์ %s ไปยังคลิปบอร์ด,Copia il nome utente «%s» negli appunti,it-IT
คัดลอกข้อมูลบล็อกฝั่งเซิร์ฟเวอร์ไปยังคลิปบอร์ด,Dati blocco (lato server) copiati negli appunti,it-IT
คัดลอกข้อมูลบล็อกฝั่งไคลเอนต์ไปยังคลิปบอร์ด,Dati blocco (lato client) copiati negli appunti,it-IT
คัดลอกข้อมูลเอนทิตี้ฝั่งเซิร์ฟเวอร์ไปยังคลิปบอร์ดแล้ว,Dati entità (lato server) copiati negli appunti,it-IT
คัดลอกข้อมูลเอนทิตี้ฝั่งไคลเอนต์ไปยังคลิปบอร์ดแล้ว,Dati entità (lato client) copiati negli appunti,it-IT
คัดลอกตำแหน่งไปยังคลิปบอร์ดแล้ว,Posizione copiata negli appunti,it-IT
คัดลอกลิงก์ไปยังคลิปบอร์ด,Copia negli appunti,it-IT
คัดลอกไปยังคลิปบอร์ด,Copia negli appunti,it-IT
คำขอ (%s),Richieste (%s),it-IT
คำสั่งมีลายเซ็นอาร์กิวเมนต์คำสั่งที่ไม่คาดคิดหรือสูญหาย,Firme degli argomenti del comando non previste o mancanti.,it-IT
คำอธิบาย:,Descrizione:,it-IT
คำเชิญจาก %s ให้เข้าร่วมโลกนี้หมดอายุแล้ว,L'invito a entrare nel mondo inviato a %s è scaduto,it-IT
คำเชิญให้เข้าร่วมโลกของ %s หมดอายุแล้ว,L'invito a entrare nel mondo di %s è scaduto,it-IT
คำแนะนำเครื่องมือขั้นสูง: ซ่อน,Descrizioni avanzate nascoste,it-IT
คำแนะนำเครื่องมือขั้นสูง: แสดง,Descrizioni avanzate visibili,it-IT
คุณกำลังดำเนินการเกี่ยวกับรายชื่อเพื่อนเร็วเกินไป โปรดรอสักครู่แล้วลองใหม่อีกครั้ง,Stai gestendo la lista amici troppo velocemente. Attendi qualche secondo e riprova,it-IT
"คุณกำลังรายงาน ""%s""",Stai segnalando «%s».,it-IT
คุณขอเข้าร่วมโลกของ %s แล้ว,Hai chiesto di entrare nel mondo di %s,it-IT
คุณตายแล้ว!,Sei morto/a!,it-IT
คุณต้องการที่จะแก้ไขต่อหรือละทิ้ง?,Vuoi continuare a modificarla o annullarla?,it-IT
คุณต้องการที่จะแก้ไขรายงานที่มีอยู่ต่อ หรือละทิ้งแล้วสร้างรายงานใหม่?,Vuoi continuare a modificare la segnalazione in corso o annullarla e crearne una nuova?,it-IT
คุณต้องการเปิดลิงก์นี้หรือคัดลอกไปยังคลิปบอร์ดของคุณหรือไม่?,Vuoi aprire questo collegamento o copiarlo negli appunti?,it-IT
คุณต้องเปลี่ยนชื่อก่อนถึงจะสามารถเล่นออนไลน์ได้,Devi cambiare il nome prima di poter giocare in rete,it-IT
"คุณพบพฤติกรรมไม่เหมาะสมที่ไหน?
สิ่งนี้จะช่วยเราในการสืบสวนกรณีของคุณ","Dove hai notato un comportamento scorretto?
Saperlo ci aiuterà ad analizzare il caso.",it-IT
คุณแน่ใจหรือไม่ว่าคุณต้องการลบผู้เล่นคนนี้ออกจากรายชื่อเพื่อน?,Vuoi davvero rimuovere questo giocatore dalla tua lista amici?,it-IT
คุณแน่ใจหรือไม่ว่าคุณต้องการออก?,Vuoi davvero abbandonare?,it-IT
คุณแน่ใจหรือไม่ว่าต้องการเปิดเว็บไซต์ดังต่อไปนี้?,Vuoi davvero aprire questo sito?,it-IT
คุณได้รับคำขอเป็นเพื่อน %s รายการ,Hai ricevuto %s richieste d'amicizia,it-IT
คุณได้ส่งคำขอเป็นเพื่อนกับ %s แล้ว,Hai già inviato una richiesta d'amicizia a %s,it-IT
คุณไม่สามารถส่งคำขอเป็นเพื่อนกับตัวเอง,Non puoi inviarti una richiesta d'amicizia,it-IT
ค่าร่ายมนตร์: %1$s,Costo: %1$s,it-IT
ค้นหา...,Cerca...,it-IT
จะไม่ปรากฏเมื่อลดการแสดงข้อมูลดีบั๊ก,Non visibile quando le informazioni diagnostiche sono ridotte.,it-IT
จัดการความปลอดภัยออนไลน์ด้วย%s ของคุณ,Gestisci la sicurezza in rete con l'%s,it-IT
จัดการด้วยบัญชี Microsoft,Gestisci con l'account Microsoft,it-IT
จำนวนคนที่นอนไม่พอสำหรับการนอนข้ามผ่านคืนนี้,Non è possibile saltare la notte,it-IT
ฉันต้องการรายงานเขา,Voglio segnalare questo giocatore,it-IT
ฉันรำคาญเขา / เขาทำสิ่งที่ฉันไม่ชอบ,Questo giocatore m'infastidisce o ha fatto qualcosa che non mi piace.,it-IT
ชมดูโลก,Rinasci come spettatore,it-IT
ชาวบ้านจะนำของมาเติมใหม่ 2 ครั้งต่อวัน,I villici si riforniscono fino a 2 volte al giorno,it-IT
ชื่อที่ไม่อนุญาตในโหมดผู้เล่นหลายคน,Nome non consentito in multigiocatore,it-IT
"ชื่อปัจจุบันของคุณ - ""%s"" - ละเมิดมาตรฐานชุมชนของเรา คุณยังสามารถเล่นโหมดผู้เล่นคนเดียวได้ แต่หากต้องการจะเล่นออนไลน์ คุณจำเป็นต้องเปลี่ยนชื่อ

เรียนรู้เพิ่มเติมหรือส่งให้ทบทวนกรณีใหม่ที่ลิงก์ต่อไปนี้: %s","Il tuo nome attuale («%s») viola le norme della collettività. Puoi giocare in giocatore singolo, ma devi cambiare il nome per giocare in rete.

Scopri di più o richiedi una revisione del caso al collegamento seguente: %s",it-IT
ชื่อผู้เล่น,Nome del giocatore,it-IT
ชื่อเรื่อง,Titolo,it-IT
ชื่อโปรไฟล์ของฉัน: ,Il tuo nome: ,it-IT
ช่องเก็บของ,Inventario,it-IT
ซ่อน,Nascosti,it-IT
ซ่อน - ออฟไลน์,Nascosto/a — Non in linea,it-IT
ซ่อนข้อความ,Nascondi messaggi,it-IT
ซ่อนข้อความจาก %s,Nascondi messaggi da %s,it-IT
ซ่อนในแชต,Nascondi nella chat,it-IT
ซ่อมแซมและถอนมนตร์,Ripara e disincanta,it-IT
ซ่อมแซมและเปลี่ยนชื่อ,Ripara e denomina,it-IT
ดวงประทีป,Faro,it-IT
ดำเนินการต่อ,Continua,it-IT
ดำเนินการแก้ไขต่อ,Continua a modificare,it-IT
ดูบันทึกสำหรับรายละเอียดเพิ่มเติม,Controlla il registro per ulteriori dettagli,it-IT
ดูเหมือนว่าจะไม่มีอะไรในนี้เลย...,Sembra non esserci nulla qua...,it-IT
ตกลง,OK,it-IT
ตรวจพบระบบ 32 บิต,Sistema a 32 bit rilevato,it-IT
ตรวจพบระบบ 32 บิต: นี่อาจทำให้คุณไม่สามารถเล่นต่อไปได้ในอนาคตที่จะต้องใช้ระบบ 64 บิต,È stato rilevato un sistema a 32 bit: potrebbe impedirti di giocare in futuro visto che sarà necessario un sistema a 64 bit!,it-IT
ตรวจสอบหนังสือสูตรของคุณ,Controlla il ricettario,it-IT
ตัดการเชื่อมต่อ,Disconnettiti,it-IT
ตัวเร็นเดอร์ดีบั๊ก,Visualizzazioni diagnostiche,it-IT
ตัวเลือก...,Opzioni...,it-IT
ตัวเลือกดีบั๊ก,Opzioni diagnostiche,it-IT
ตัวเลือกผู้เล่นหลายคน,Opzioni della partita in rete locale,it-IT
ตัวเลือกเหล่านี้มีไว้สำหรับการทดสอบเท่านั้น อาจทำให้คอมพิวเตอร์ของคุณช้าลง เกมแครช หรือโลกแตกได้,"Queste opzioni sono disponibili a scopo di collaudo. Potrebbero rallentare il tuo computer, far arrestare il gioco o rubarti la merenda appena ti distrai.",it-IT
ตัวเลือกแบบกำหนดเอง,Opzioni personalizzate,it-IT
ตัวเลือกแบบกำหนดเอง...,Opzioni personalizzate...,it-IT
ตัวเลื่อน %s,Regolatore %s,it-IT
ตั้งใจที่จะทำร้ายร่างกายหรือทรัพย์สินในชีวิตจริง,Intento di causare danno nella vita reale a persone o beni,it-IT
ต้นฉบับ,Originale,it-IT
ถังบาร์เรล,Barile,it-IT
ถูกกรองจากเซิร์ฟเวอร์,Filtrato dal server.,it-IT
ถูกซ่อน,Nascosti,it-IT
ถูกบล็อก,Bloccati,it-IT
ถูกบล็อก - ออฟไลน์,Bloccato/a — Non in linea,it-IT
ถ้อยคำเกลียดชัง,Incitamento all'odio,it-IT
ถ้อยคำเกลียดชังหรือการเลือกปฏิบัติ,Incitamento all'odio o discriminazione,it-IT
ทั้งหมด,Tutti,it-IT
ทำการรวบรวมข้อมูลเป็นเวลา %s วินาที ใช้ %s + %s เพื่อหยุดก่อนเวลา,Profilatura di %s secondi avviata. Premi %s + %s per interromperla in anticipo,it-IT
ทำการรวบรวมข้อมูลเป็นเวลา %s วินาที ใช้ F3 + L เพื่อหยุดก่อนเวลา,Profilatura di %s secondi avviata. Premi F3 + L per interromperla in anticipo,it-IT
ทำร้ายตัวเองหรือฆ่าตัวตาย,Autolesionismo o suicidio,it-IT
ทำลายไอเทม,Distruggi,it-IT
ทำไมคุณถึงรายงานสิ่งนี้?,Perché stai segnalando ciò?,it-IT
ที่ส่งไป,Inviate,it-IT
ที่ได้รับ,Ricevute,it-IT
ท่อส่งไอเทม,Tramoggia,it-IT
นำเข้าข้อความแล้วกด Enter เพื่อส่ง,Scrivi un messaggio e premi Invio per inviarlo,it-IT
นี่คือหน้าจอแบบกำหนดเอง คลิกที่นี่เพื่อเรียนรู้เพิ่มเติม,Questa è una schermata personalizzata. Clicca qui per saperne di più.,it-IT
นี่คือหน้าจอแบบกำหนดเอง เรียนรู้เพิ่มเติม,Questa è una schermata personalizzata. Scopri di più.,it-IT
น้ำผึ้ง: %s / %s,Miele: %s/%s,it-IT
บรรลุเป้าหมาย!,Obiettivo raggiunto!,it-IT
บริการการรายงานไม่พร้อมใช้งานในขณะนี้,Il servizio di segnalazioni non è disponibile,it-IT
บริการรายชื่อเพื่อนไม่พร้อมใช้งานในขณะนี้ โปรดตรวจสอบการเชื่อมต่อของคุณแล้วลองใหม่อีกครั้ง,Il servizio della lista amici non è al momento disponibile. Controlla la connessione o riprova più tardi,it-IT
บริเวณโจมตี: ซ่อน,Zone di collisione nascoste,it-IT
บริเวณโจมตี: แสดง,Zone di collisione visibili,it-IT
บัญชี Microsoft,account Microsoft,it-IT
บัญชีของคุณถูกระงับชั่วคราวจากการเล่นแบบออนไลน์,Il tuo account è temporaneamente sospeso dal gioco in rete,it-IT
บัญชีของคุณถูกระงับชั่วคราวและจะกลับมาใช้งานได้อีกใน %s,Il tuo account è temporaneamente sospeso e verrà riattivato tra %s.,it-IT
บัญชีของคุณถูกระงับถาวร ซึ่งหมายความว่าคุณไม่สามารถเล่นแบบออนไลน์หรือเข้าร่วม Realms ได้,"Il tuo account è permanentemente bannato, quindi non puoi giocare in rete o entrare nei Realm.",it-IT
บัญชีของคุณถูกระงับถาวรจากการเล่นแบบออนไลน์,Il tuo account è permanentemente sospeso dal gioco in rete,it-IT
บัญชีถูกระงับชั่วคราว,Account temporaneamente sospeso,it-IT
บัญชีถูกระงับถาวร,Account permanentemente bannato,it-IT
บันทึกเทกซ์เจอร์ไดนามิกไปยัง %s,Grafiche dinamiche salvate in %s,it-IT
บันทึกเป็นแบบร่าง,Salva bozza,it-IT
บันทึกแถบลัดด้วย %1$s + %2$s,Salva la barra rapida con %1$s + %2$s,it-IT
บันทึกแถบลัดแล้ว (เรียกคืนด้วย %1$s + %2$s),Barra rapida salvata (ripristinala con %1$s + %2$s),it-IT
บันทึกและออกไปยังเมนูหลัก,Salva ed esci dal mondo,it-IT
บางอย่างผิดพลาด หมายถึงฟีเจอร์นี้นะ เพื่อนของคุณปกติดี!,"Qualcosa non va... con questa funzionalità, mica coi tuoi amici!

Riprova più tardi",it-IT
ปฏิสัมพันธ์ทางสังคม,Interazioni sociali,it-IT
ปฏิเสธ,Rifiuta,it-IT
ปฏิเสธไฟล์ %s รายการ,%s file rifiutati,it-IT
ปรมจารย์,Mastro,it-IT
ประเภท: %s,Tipo: %s,it-IT
ปลดล็อกสูตรใหม่!,Nuove ricette sbloccate!,it-IT
ปิด,No,it-IT
ปิดเมนู,Chiudi il menù,it-IT
ปุ่ม %s,Pulsante %s,it-IT
ปุ่มบังคับ:,Combinazioni di tasti:,it-IT
ผึ้ง: %s / %s,Api: %s/%s,it-IT
ผู้ชำนาญงาน,Qualificato,it-IT
ผู้เชี่ยวชาญ,Esperto,it-IT
ผู้เล่น %s - %s คน,%s — %s giocatore,it-IT
ผู้เล่น %s/%s คนกำลังนอน,Giocatori addormentati: %s/%s ,it-IT
ผู้เล่นคนเดียว,Giocatore singolo,it-IT
ผู้เล่นบนเครือข่ายเดียวกันสามารถเข้าร่วมได้,I giocatori sulla tua stessa rete possono entrare nel mondo.,it-IT
ผู้เล่นหลายคน,Multigiocatore,it-IT
ผู้เล่นหลายคน (LAN),Multigiocatore (rete locale),it-IT
ผู้เล่นหลายคน (Realms),Multigiocatore (Realms),it-IT
ผู้เล่นหลายคน (ออนไลน์),Multigiocatore (in rete),it-IT
ผู้เล่นหลายคน (เซิร์ฟเวอร์บุคคลที่สาม),Multigiocatore (server di terze parti),it-IT
ผู้เล่นหลายคน...,Rete locale...,it-IT
ผู้เล่นอื่น,Impostazioni per gli altri giocatori,it-IT
พบปัญหาที่ไม่คาดคิดระหว่างการส่งรายงานของคุณ,C'è stato un errore imprevisto durante l'invio della tua segnalazione.,it-IT
พบส่วนข้อมูลผิดรูปแบบระหว่างการส่งรายงานของคุณ,C'è stato un carico utile non corretto durante l'invio della tua segnalazione.,it-IT
มีการพยายามใส่ข้อความในรายงานมากเกินไป,Troppi messaggi inclusi nella segnalazione,it-IT
"มีข้อผิดพลาดระหว่างการส่งรายงานของคุณ:
'%s'","Si è verificato un errore durante l'invio della tua segnalazione:
«%s»",it-IT
มีคำขอเป็นเพื่อนจาก %s เข้ามา,Richiesta d'amicizia in arrivo da %s,it-IT
มือใหม่,Novizio,it-IT
ยกระดับอุปกรณ์,Migliora un oggetto,it-IT
ยกเลิก,Annulla,it-IT
ยกเลิกคำขอ,Annulla richiesta,it-IT
ยอมรับ,Accetta,it-IT
ยืนยัน,Conferma,it-IT
ยืนยันการเปลี่ยนแปลง,Modifica,it-IT
ย้อนกลับ (%ss),Indietro (%s s),it-IT
รหัส: %s,Codice: %s,it-IT
รหัส: %s - %s,Codice: %s — %s,it-IT
รอสักครู่...,Attendi...,it-IT
ระดับที่ต้องการ: %s,Livelli necessari: %s,it-IT
ระดับมนตร์ %s,%s livelli di esperienza,it-IT
ระดับมนตร์ 1,1 livello di esperienza,it-IT
รายงาน,Segnala,it-IT
รายงานจุดบกพร่อง,Segnala errori,it-IT
รายงานชื่อผู้เล่นที่ไม่เหมาะสม,Segnala nome inappropriato del giocatore,it-IT
รายงานผู้เล่น,Segnala giocatore,it-IT
รายงานผู้เล่น %s,Segnala %s,it-IT
รายงานสกินผู้เล่น,Segnala skin del giocatore,it-IT
รายงานแซตผู้เล่น,Segnala messaggi in chat del giocatore,it-IT
รายงานไปยังเซอร์เวอร์,Segnala al server,it-IT
รายชื่อเพื่อน,Lista amici,it-IT
"รายชื่อเพื่อนไม่สามารถใช้งานได้ในขณะนี้

โปรดตรวจสอบการเชื่อมต่ออินเทอร์เน็ตของคุณแล้วลองใหม่อีกครั้ง","La lista amici non è al momento disponibile

Controlla la connessione a Internet e riprova",it-IT
"รายชื่อเพื่อนไม่สามารถใช้งานได้ในขณะนี้

โปรดลองอีกครั้งในภายหลัง","La lista amici non è al momento disponibile

Riprova più tardi",it-IT
รีเซตโลกทดลองเล่น,Ripristina il mondo di prova,it-IT
รีโหลดรีซอร์ซแพ็กแล้ว,Pacchetti di risorse ricaricati,it-IT
ร่ายมนตร์,Incanta,it-IT
ลง,Giù,it-IT
ลงนาม,Firma,it-IT
ลงนามและปิด,Firma e chiudi,it-IT
ลบ %s ออกจากรายชื่อเพื่อนของคุณแล้ว,Hai rimosso %s dalla tua lista amici,it-IT
ลบออก,Rimuovi,it-IT
ลบเพื่อน,Rimuovi amico,it-IT
ละทิ้ง,Annulla,it-IT
ละทิ้งรายงานและความคิดเห็น?,Annullare la segnalazione e i commenti?,it-IT
ลาพิสลาซูลี %s อัน,%s lapislazzuli,it-IT
ลาพิสลาซูลี 1 อัน,1 lapislazzuli,it-IT
ลิขสิทธิ์ Mojang AB. ห้ามแจกจ่าย!,© Mojang AB. Vietata la distribuzione!,it-IT
ลิงก์เซิร์ฟเวอร์,Collegamenti del server,it-IT
ลิงก์เซิร์ฟเวอร์...,Collegamenti...,it-IT
ล้มเหลวในการดำเนินการเกี่ยวกับเพื่อนนี้ อาจเป็นเพราะการตั้งค่าความเป็นส่วนตัวของบัญชีคุณ,Azione non riuscita. Potrebbe dipendere dalle impostazioni di riservatezza del giocatore,it-IT
ล้มเหลวในการบันทึกชังก์ที่ %s,Salvataggio del chunk in %s non riuscito,it-IT
ล้มเหลวในการเพิ่มไฟล์,Aggiunta non riuscita,it-IT
ล้มเหลวในการโหลดชังก์ที่ %s,Caricamento del chunk in %s non riuscito,it-IT
สกินที่มีลักษณะชัดเจนเกี่ยวกับกิจกรรมทางเพศ อวัยวะเพศ และความรุนแรงทางเพศ,"Skin esplicite con riferimenti ad atti sessuali, organi sessuali o violenza sessuale.",it-IT
สกินที่ไม่อนุญาต,Skin non consentita,it-IT
"สกินปัจจุบันของคุณละเมิดมาตรฐานชุมชนของเรา คุณยังสามารถเล่นได้ด้วยสกินเริ่มต้น หรือเลือกสกินใหม่

เรียนรู้เพิ่มเติมหรือส่งให้ทบทวนกรณีใหม่ที่ลิงก์ต่อไปนี้: %s","La tua skin attuale viola le norme della collettività. Puoi continuare a giocare con una skin predefinita oppure sceglierne una nuova.

Scopri di più o richiedi una revisione del caso al collegamento seguente: %s",it-IT
สกินผู้เล่น,Skin del giocatore,it-IT
สถิติ,Statistiche,it-IT
สารเสพติดหรือแอลกอฮอล์,Droghe o alcolici,it-IT
สำเนาของต้นฉบับ,Copia dell'originale,it-IT
สำเนาของสำเนา,Copia di una copia,it-IT
สแปมหรือโฆษณา,Pubblicità indesiderata,it-IT
ส่งข้อความแชตไม่ได้,Impossibile inviare il messaggio in chat,it-IT
ส่งคำขอเป็นเพื่อน,Invia richiesta d'amicizia,it-IT
ส่งคำขอเป็นเพื่อนกับ %s แล้ว,Hai inviato una richiesta d'amicizia a %s,it-IT
ส่งรายงาน,Invia segnalazione,it-IT
ส่งรายงานแล้ว,Segnalazione inviata,it-IT
หน้า %1$s จาก %2$s,Pagina %1$s di %2$s,it-IT
หน้าก่อนหน้า,Indietro,it-IT
หน้าก่อนหน้า,Pagina precedente,it-IT
หน้าจอดูหนังสือ,Finestra di lettura del libro,it-IT
หน้าจอลงนามหนังสือ,Finestra della firma del libro,it-IT
หน้าจอแก้ไขหนังสือ,Finestra di modifica del libro,it-IT
หน้าจอแชต,Schermata della chat,it-IT
หน้าจอแบบกำหนดเองถูกปฏิเสธ,Schermata personalizzata rifiutata,it-IT
หน้าถัดไป,Avanti,it-IT
หน้าถัดไป,Pagina successiva,it-IT
หน้าหลัก,Menù principale,it-IT
หมายเหตุ! เมื่อคุณลงนามหนังสือแล้ว จะแก้ไขไม่ได้อีกต่อไป,Attenzione! Dopo aver firmato il libro non potrai più modificarlo.,it-IT
"หมายเหตุ: ตัวเลือกแบบกำหนดเองได้รับการจัดทำโดยเซิร์ฟเวอร์และ/หรือเนื้อหาของบุคคลที่สาม
โปรดใช้งานด้วยความระมัดระวัง!","Nota: le opzioni personalizzate sono fornite da server o contenuti di terze parti.
Usare con cautela!",it-IT
หมายเหตุเกี่ยวกับหน้าจอแบบกำหนดเอง,Nota riguardante le schermate personalizzate,it-IT
หยิบหนังสือ,Prendi il libro,it-IT
หยุดเกมชั่วคราว,Gioco in pausa,it-IT
หยุดเมื่อหลุดการโฟกัส: ปิดใช้งานแล้ว,Pausa alla perdita dello stato attivo disattivata,it-IT
หยุดเมื่อหลุดการโฟกัส: เปิดใช้งานแล้ว,Pausa alla perdita dello stato attivo attivata,it-IT
หัวข้อหรือเนื้อหาเกี่ยวกับเพศอย่างไม่เหมาะสม,Argomenti o contenuti di natura sessuale,it-IT
"หากคุณออก รายงานและความคิดเห็นนี้จะหายไป
คุณแน่ใจหรือไม่ว่าคุณต้องการออก?","Se abbandoni, perderai questa segnalazione e i tuoi commenti.
Vuoi davvero abbandonare?",it-IT
หีบ,Baule,it-IT
หีบเอนเดอร์,Baule di ender,it-IT
หีบใหญ่,Baule grande,it-IT
อย่าเปิดลิงค์จากคนที่คุณไม่ไว้ใจ!,Mai aprire collegamenti di persone di cui non ti fidi!,it-IT
ออกจากเกม,Esci dal gioco,it-IT
ออกและละทิ้งรายงาน,Abbandona e annulla la segnalazione,it-IT
ออนไลน์,In linea,it-IT
ออนไลน์,In rete,it-IT
ออนไลน์ (Realm),In linea (Realm),it-IT
ออนไลน์ (เซิร์ฟเวอร์),In linea (server),it-IT
ออนไลน์ (โลก),In linea (mondo),it-IT
ออนไลน์ (โลก),In linea (rete locale),it-IT
ออฟไลน์,Non in linea,it-IT
อัปเดตเกมเพื่อเข้าถึงรายชื่อเพื่อนของคุณ,Aggiorna il gioco per accedere alla lista amici,it-IT
อาจไม่สามารถบันทึกโลกได้,Il salvataggio del mondo potrebbe fallire.,it-IT
อีกไม่นาน Minecraft จะต้องใช้ระบบ 64 บิต ซึ่งจะทำให้คุณไม่สามารถเล่นหรือใช้ Realms บนอุปกรณ์นี้ได้ คุณจำเป็นต้องยกเลิกการสมัครสมาชิกของ Realms ด้วยตนเอง,A breve Minecraft necessiterà di un sistema a 64 bit. Ciò t'impedirà di giocare o usare Realms su questo dispositivo. Dovrai disdire manualmente qualsiasi abbonamento a Realms.,it-IT
เกมแครชใน %s...,Arresto del gioco tra %s...,it-IT
เกมโอเวอร์!,Partita terminata!,it-IT
เกิดข้อผิดพลาด HTTP ที่ไม่คาดคิดระหว่างการส่งรายงานของคุณ,Si è verificato un errore imprevisto del protocollo HTTP durante l'invio della tua segnalazione.,it-IT
เกิดข้อผิดพลาดที่ไม่คาดคิดขณะกำลังอัปเดตรายชื่อเพื่อนของคุณ โปรดลองใหม่อีกครั้งในภายหลัง,Si è verificato un errore imprevisto durante l'aggiornamento della lista amici. Riprova più tardi,it-IT
เกิดปัญหาในการส่งรายงานของคุณ,Errore durante l'invio della segnalazione,it-IT
เกิดใหม่,Rinasci,it-IT
เข้าร่วม,Entra,it-IT
เข้าใจแล้ว,Ne prendo atto,it-IT
เครือข่าย,Rete,it-IT
เครื่องคราฟต์,Fabbricatore,it-IT
เครื่องดรอป,Gettatore,it-IT
เครื่องตัดหิน,Tagliapietre,it-IT
เครื่องทอผ้า,Telaio,it-IT
เครื่องยิง,Distributore,it-IT
เชิญ,Invita,it-IT
เซิร์ฟเวอร์ส่งข้อความไม่ถูกต้อง,Messaggio del server non valido.,it-IT
เซิร์ฟเวอร์ได้ซ่อนข้อความของคุณจากผู้เล่นบางคน,Il server ha nascosto il tuo messaggio per alcuni giocatori.,it-IT
เด็กฝึกงาน,Apprendista,it-IT
เตารมควัน,Affumicatore,it-IT
เตาหลอม,Forno fusorio,it-IT
เตาเผา,Fornace,it-IT
เทเลพอร์ตไปหาผู้เล่น,Teletrasportati presso un giocatore,it-IT
เทเลพอร์ตไปหาสมาชิกในทีม,Teletrasportati presso un membro della squadra,it-IT
เนื้อที่ดิสก์เหลือน้อย!,Poco spazio su disco!,it-IT
"เนื้อหาของหน้าจอนี้ถูกควบคุมโดยเซิร์ฟเวอร์และแมปของบุคคลที่สาม ซึ่ง Mojang Studios หรือ Microsoft ไม่ได้เป็นเจ้าของ ดำเนินการ หรือกำกับดูแล

โปรดใช้งานด้วยความระมัดระวัง! ระมัดระวังอยู่เสมอเมื่อกดไปที่ลิงก์ใด ๆ และอย่าเปิดเผยข้อมูลส่วนตัวของคุณ รวมถึงรายละเอียดการเข้าสู่ระบบด้วย

หากหน้าจอนี้ขัดขวางการเล่นเกมของคุณ สามารถตัดการเชื่อมต่อจากเซิร์ฟเวอร์ปัจจุบันได้โดยใช้ปุ่มด้านล่าง","I contenuti di questa schermata sono controllati da server e mappe di terze parti che non sono posseduti, gestiti o supervisionati da Mojang Studios o Microsoft.

Usare con cautela! Fa' sempre attenzione nel seguire i collegamenti e non fornire mai dati personali, inclusi i dettagli di accesso.

Se questa schermata t'impedisce di giocare, puoi disconnetterti dal server usando il pulsante qui sotto.",it-IT
เนื้อหาทางเพศที่ไม่เหมาะสม,Contenuti sessuali non appropriati,it-IT
เปิดลิงก์นี้เพื่อจัดการความเป็นส่วนตัวและการตั้งค่าความปลอดภัยออนไลน์ของคุณ,Apri questo collegamento per gestire le impostazioni di riservatezza e sicurezza in rete.,it-IT
เปิดสารบบรายงาน,Apri la cartella dei rapporti,it-IT
เปิดในเบราว์เซอร์,Apri collegamento,it-IT
เปิดให้เล่นผ่าน LAN,Rete locale...,it-IT
เพิ่มแม่พิมพ์หล่อ,Inserisci uno schema di forgiatura,it-IT
เพื่อน,Amici,it-IT
เพื่อน %s,Amico %s,it-IT
เพื่อน %s คน ยอมรับคำขอเป็นเพื่อนของคุณแล้ว,%s amici hanno accettato le tue richieste d'amicizia,it-IT
"เพื่อนที่คุณเพิ่มจะแสดงรายชื่อที่นี่

จัดการความปลอดภัยออนไลน์ด้วย%s ของคุณ","Gli amici appariranno qua

Gestisci la sicurezza in rete con l'%s",it-IT
เพื่อนที่ออนไลน์อยู่สามารถเข้าร่วมได้,I giocatori nella tua lista amici possono entrare nel mondo.,it-IT
เมนูเกม,Menù di gioco,it-IT
เมื่อกดส่งการรายงานนี้ คุณยืนยันว่าข้อมูลที่คุณให้มานั้นถูกต้องและครบถ้วนตามเท่าที่คุณรู้,"Inviando questa segnalazione, confermi che le informazioni che hai fornito sono accurate e complete al meglio delle tue conoscenze.",it-IT
เมื่อไม่นานมานี้เราได้รับรายงานพฤติกรรมไม่ดีจากบัญชีของคุณ โดยในตอนนี้ผู้ดูแลของเราได้ตรวจสอบกรณีของคุณและระบุว่าพฤติกรรมดังกล่าวขัดต่อมาตรฐานชุมชนของ Minecraft,Abbiamo ricevuto una segnalazione per comportamento scorretto da parte del tuo account. I nostri moderatori hanno revisionato il tuo caso e hanno stabilito che viola le norme della collettività di Minecraft.,it-IT
เมื่อไม่นานมานี้เราได้รับรายงานพฤติกรรมไม่ดีจากบัญชีของคุณ โดยในตอนนี้ผู้ดูแลของเราได้ตรวจสอบกรณีของคุณและระบุว่าพฤติกรรมดังกล่าวเป็น %s ซึ่งขัดต่อมาตรฐานชุมชนของ Minecraft,"Abbiamo ricevuto una segnalazione per comportamento scorretto da parte del tuo account. I nostri moderatori hanno revisionato il tuo caso e l'hanno identificato come %s, che viola le norme della collettività di Minecraft.",it-IT
"เราได้รับการรายงานของคุณแล้ว ขอบคุณ!

ทีมของเราจะตรวจสอบให้โดยเร็วที่สุดเท่าที่จะได้","Abbiamo ricevuto la tua segnalazione. Grazie!

Il nostro team la revisionerà il prima possibile.",it-IT
"เราได้รับการรายงานของคุณแล้ว ขอบคุณ!

ทีมงานของเราจะตรวจสอบโดยเร็วที่สุด","Abbiamo ricevuto la tua segnalazione. Grazie!

Il nostro team la revisionerà il prima possibile.",it-IT
เรียนรู้เกี่ยวกับการรายงาน,Scopri di più sulle segnalazioni,it-IT
เลือกข้อความ %s/%s ข้อความ,Messaggi selezionati: %s/%s,it-IT
เลือกข้อความแชตที่จะรายงาน,Seleziona i messaggi in chat da segnalare,it-IT
เลือกข้อความแชตที่จะรายงานแล้ว %s ข้อความ,%s messaggio/i in chat selezionato/i per la segnalazione,it-IT
เลือกข้อความแชตเพื่อรายงาน,Seleziona i messaggi in chat da segnalare,it-IT
เลือกทีมที่จะเทเลพอร์ตไปหา,Scegli una squadra presso cui teletrasportarti,it-IT
เลือกประเภทการรายงาน,Seleziona una categoria per la segnalazione,it-IT
เลือกผู้เล่นที่จะเทเลพอร์ตไปหา,Scegli un giocatore presso cui teletrasportarti,it-IT
เลือกไอเทม,Selezione oggetti,it-IT
เล่นโลกทดลองเล่น,Gioca nel mondo di prova,it-IT
เสร็จสิ้น,Fatto,it-IT
แก้ไขข้อความบนป้าย,Messaggio del cartello:,it-IT
แก้ไขข้อความป้ายแขวน,Messaggio dell'insegna:,it-IT
แก้ไขต่อ,Continua a modificare,it-IT
แก้ไขแบบร่างรายงานแชต?,Modificare la bozza della segnalazione?,it-IT
แชต,chat,it-IT
แชตถูกจำกัด คลิกที่ข้อความนี้เพื่อดูรายละเอียด,La chat è limitata. Clicca su questo messaggio per più dettagli.,it-IT
แชตถูกจำกัด ไปที่หน้าการจำกัดการใช้งานในตัวเลือกโลก,La chat è limitata. Vai alla finestra delle limitazioni nelle opzioni del mondo.,it-IT
แชตถูกปิดใช้งานเนื่องจากคีย์สาธารณะของโปรไฟล์สูญหาย โปรดลองเชื่อมต่อใหม่อีกครั้ง,Chat disattivata a causa della crittografia asimmetrica del profilo mancante. Prova a riconnetterti.,it-IT
แชตถูกปิดใช้งานเนื่องจากคีย์สาธารณะของโปรไฟล์หมดอายุ โปรดลองเชื่อมต่อใหม่อีกครั้ง,Chat disattivata a causa della crittografia asimmetrica del profilo scaduta. Prova a riconnetterti.,it-IT
แชตถูกปิดใช้งานเนื่องจากลูกโซ่ข้อความเสียหาย โปรดลองเชื่อมต่อใหม่อีกครั้ง,Chat disattivata a causa di una catena spezzata. Prova a riconnetterti.,it-IT
แชตถูกปิดใช้งานโดยตัวเลือกของลันเชอร์ ไม่สามารถส่งข้อความได้,Chat disattivata nelle opzioni del launcher. Impossibile inviare il messaggio.,it-IT
แชตมีลายเซ็นไม่ถูกต้อง โปรดลองเชื่อมต่อใหม่อีกครั้ง,Firma della chat non valida. Prova a riconnetterti.,it-IT
แชตได้รับอย่างไม่เป็นลำดับ เวลาระบบของคุณเปลี่ยนไปหรือไม่?,Pacchetti chat non funzionanti. L'orario del tuo computer è stato modificato?,it-IT
แชตไม่ได้รับอนุญาตโดยการตั้งค่าบัญชี กด '%s' อีกครั้งสำหรับข้อมูลเพิ่มเติม,Chat disattivata nelle impostazioni dell'account. Premi di nuovo «%s» per ulteriori informazioni.,it-IT
แชตไม่ได้รับอนุญาตโดยการตั้งค่าบัญชี ไม่สามารถส่งหรือดูข้อความได้,Chat disattivata nelle impostazioni dell'account. Impossibile mandare o leggere i messaggi.,it-IT
แชทถูกปิดใช้งานในตัวเลือกของไคลเอนต์,Chat disattivata nelle opzioni del client.,it-IT
แท็บ %s,Scheda %s,it-IT
แท่นปรุงยา,Alambicco,it-IT
แท่นอ่านหนังสือ,Leggio,it-IT
แบบร่างรายงานแชตจะสูญหายหากคุณออก,Hai una bozza di segnalazione che andrà persa se abbandoni,it-IT
แพงเกินไป!,Costa troppo!,it-IT
และเพิ่มเติมอีก %s รายการ...,e altri %s...,it-IT
แสดงข้อความ,Mostra messaggi,it-IT
แสดงข้อความจาก %s,Mostra messaggi da %s,it-IT
แสดงทั้งหมด,Tutte le ricette,it-IT
แสดงสิ่งที่สามารถคราฟต์ได้,Ricette realizzabili,it-IT
แสดงสิ่งที่สามารถรมควันได้,Affumicature realizzabili,it-IT
แสดงสิ่งที่สามารถหลอมได้,Fusioni realizzabili,it-IT
แสดงสิ่งที่สามารถเผาได้,Cotture realizzabili,it-IT
แสดงเสมอ,Sì,it-IT
แสดงในแชต,Mostra nella chat,it-IT
โดย %1$s,Di %1$s,it-IT
โต๊ะทำแผนที่,Cartografia,it-IT
โทเค็นที่ให้มาไม่ถูกต้อง โปรดรีสตาร์ตเกมและลันเชอร์ของคุณ แล้วลองใหม่อีกครั้ง,Gettone d'autenticazione non valido. Riavvia il gioco e il launcher prima di riprovare,it-IT
โปรดปรับความคิดเห็นให้สั้นลง,Abbrevia il commento,it-IT
โปรดอธิบายว่าทำไมคุณถึงต้องการรายงานชื่อนี้:,Descrivi perché vuoi segnalare questo nome:,it-IT
โปรดอธิบายสิ่งที่เกิดขึ้น:,Descrivi quello che è successo:,it-IT
โปรดเลือกข้อความแชตที่จะรายงานอย่างน้อยหนึ่งข้อความ,Seleziona almeno un messaggio in chat da segnalare,it-IT
โปรดเลือกประเภทการรายงาน,Seleziona una categoria di segnalazione,it-IT
โปรไฟล์ค่าเริ่มต้น,Profilo predefinito,it-IT
โปรไฟล์เน้นประสิทธิภาพ,Profilo prestazioni,it-IT
โลกนี้ไม่เปิดให้เล่นผ่านระบบผู้เล่นหลายคนอีกต่อไป,Mondo non più aperto al multigiocatore,it-IT
โหมดผู้เล่นหลายคนถูกปิดใช้งาน โปรดตรวจสอบการตั้งค่าบัญชี Microsoft ของคุณ,La modalità multigiocatore è disattivata. Controlla le impostazioni del tuo account Microsoft.,it-IT
ใครบางคนกำลังขู่ว่าจะทำร้ายคุณหรือคนอื่นในชีวิตจริง,Qualcuno sta minacciando di fare del male a te o qualcun altro nella vita reale.,it-IT
ใครบางคนกำลังขู่ว่าจะทำร้ายตัวเองในชีวิตจริง หรือพูดถึงการทำร้ายตัวเองในชีวิตจริง,Qualcuno sta minacciando di farsi del male nella vita reale o sta menzionando il farsi del male nella vita reale.,it-IT
ใครบางคนกำลังทำลายชื่อเสียงของคุณหรือของคนอื่น เช่น ส่งต่อข้อมูลเท็จด้วยจุดมุ่งหมายเพื่อหาประโยชน์หรือทำให้คนอื่นเข้าใจผิด,"Qualcuno sta danneggiando la reputazione tua o di qualcun altro, per esempio condividendo informazioni false con lo scopo di sfruttare o ingannare gli altri.",it-IT
ใครบางคนกำลังพูดถึง สนับสนุน หรือขู่ว่าจะกระทำการก่อการร้ายหรือการใช้ความรุนแรงสุดโต้งเพื่อการเมือง ศาสนา อุดมการณ์ หรือเหตุผลอื่น ๆ,"Qualcuno sta menzionando, promuovendo o minacciando di commettere atti di terrorismo o estremismo violento per motivi politici, religiosi, ideologici o di altro tipo.",it-IT
ใครบางคนกำลังพูดถึง ส่งต่อ หรือสนับสนุนภาพลับหรือภาพส่วนตัว,"Qualcuno sta menzionando, condividendo o promuovendo immagini private e intime.",it-IT
ใครบางคนกำลังพูดถึงหรือสนับสนุนพฤติกรรมอนาจารที่เกี่ยวข้องกับเด็ก,Qualcuno sta menzionando o promuovendo comportamenti indecenti con minori.,it-IT
ใครบางคนกำลังสนับสนุนให้คนอื่นมีส่วนร่วมในกิจกรรมที่เกี่ยวข้องกับสารเสพติดผิดกฎหมาย หรือสนับสนุนให้ดื่มสุราก่อนวัยอันควร,Qualcuno sta incoraggiando gli altri a partecipare ad attività illegali legate alla droga o all'alcolismo minorile.,it-IT
"ใครบางคนกำลังโจมตี กลั่นแกล้ง หรือทำให้คุณหรือคนอื่นอับอาย ซึ่งรวมไปถึงการที่ใครบางคนพยายามติดต่อคุณหรือคนอื่นเข้ามาซ้ำ ๆ โดยไม่ได้ยินยอม หรือโพสต์ข้อมูลส่วนตัวเกี่ยวกับคุณหรือคนอื่นโดยไม่ได้ยินยอม (""การเปิดเผยตัวตนของผู้อื่น"")","Qualcuno sta umiliando, aggredendo o bullizzando te o qualcun altro. Ciò comprende quando qualcuno tenta ripetutamente di contattare te o qualcun altro senza permesso o condivide informazioni personali private su di te o qualcun altro senza permesso.",it-IT
ใครบางคนกำลังโจมตีคุณหรือผู้เล่นคนอื่นด้วยลักษณะเฉพาะตัวของคนนั้น เช่น ศาสนา เชื่อชาติ หรือเพศ,"Qualcuno sta aggredendo te o un altro giocatore sulla base di caratteristiche della propria identità, come religione, etnia od orientamento sessuale.",it-IT
ใช่,Sì,it-IT
ใช้ภาษาหยาบคายในลักษณะที่มุ่งร้ายและเป็นอันตราย,Linguaggio offensivo usato in maniera diretta e dannosa,it-IT
ใน F3,Con F3,it-IT
ในโอเวอร์เลย์,Cruscotto,it-IT
ให้ข้อเสนอแนะ,Invia riscontro,it-IT
ไม่,No,it-IT
ไม่ทราบสูตร: %s,Ricetta sconosciuta: %s,it-IT
ไม่พบผู้เล่นคนใดที่มีชื่อดังกล่าว,Impossibile trovare questo giocatore,it-IT
ไม่พบสถิติ,Nessuna statistica trovata.,it-IT
ไม่มี,Nessuno,it-IT
ไม่มีข้อความที่สามารถรายงานได้จากผู้เล่น %s,Nessun messaggio segnalabile da %s trovato,it-IT
ไม่มีคำขอเป็นเพื่อนที่รอดำเนินการ,Nessuna richiesta in sospeso,it-IT
ไม่มีผู้เล่นชื่อโปรไฟล์นี้,Non esiste un giocatore con questo nome utente,it-IT
ไม่มีผู้เล่นถูกบล็อกในแชต,Nessun giocatore bloccato nella chat,it-IT
ไม่มีผู้เล่นที่คุณซ่อนแชตไว้,Nessun giocatore nascosto nella chat,it-IT
ไม่มีผู้เล่นให้รายงานในโลกนี้,Nessun giocatore segnalabile,it-IT
ไม่มีใครสามารถเข้าร่วมได้,Nessuno può entrare nel mondo.,it-IT
ไม่สามารถรายงานผู้เล่นคนนี้ได้ เนื่องจากแชตถูกปิดใช้งานหรือบล็อก,Questo giocatore non può essere segnalato perché la chat è disattivata o bloccata,it-IT
ไม่สามารถรายงานผู้เล่นคนนี้ได้ เนื่องจากไม่สามารถยืนยันข้อความแชตของผู้เล่นคนนี้บนเซิร์ฟเวอร์นี้ได้,Questo giocatore non può essere segnalato perché i suoi messaggi in chat non possono essere verificati in questo server,it-IT
ไม่สามารถสลับโหมดเกมได้ เนื่องจากไม่มีสิทธิ์,Non hai l'autorizzazione a cambiare modalità di gioco,it-IT
ไม่สามารถส่งคำขอเป็นเพื่อนของคุณได้ในขณะนี้,Impossibile inviare la richiesta d'amicizia al momento,it-IT
ไม่สามารถอัปเกรดไอเทมในลักษณะนี้ได้,L'oggetto non può essere migliorato in questo modo,it-IT
ไม่สามารถเข้าถึงบริการการรายงานสิ่งไม่เหมาะสม โปรดตรวจสอบให้แน่ใจว่าคุณเชื่อมต่ออินเทอร์เน็ตอยู่และลองอีกครั้ง,Impossibile raggiungere il servizio di segnalazione abusi. Assicurati di essere connesso a Internet e riprova.,it-IT
ไม่สามารถเทเลพอร์ตได้ เนื่องจากสถานที่อีกฝั่งหนึ่งยังไม่ได้สร้างขึ้น,Impossibile teletrasportarsi: la destinazione non è ancora stata generata,it-IT
ไม่สามารถเปิดตัวสลับโหมดเกมได้ เนื่องจากไม่มีสิทธิ์,Non hai l'autorizzazione a cambiare modalità di gioco,it-IT
ไม่สามารถเปิดได้ ลูตยังไม่ได้สร้าง,Impossibile aprire: il contenuto non è stato ancora generato,it-IT
ไม่แสดงหน้านี้อีก,Non mostrare più questa schermata,it-IT
Ẩn tin nhắn,Nascondi messaggi,it-IT
Ẩn tin nhắn từ %s,Nascondi messaggi da %s,it-IT
Ẩn trong trò chuyện,Nascondi nella chat,it-IT
​이 프로필 이름을 가진 플레이어가 없습니다,Non esiste un giocatore con questo nome utente,it-IT
「%s」を通報しようとしています,Stai segnalando «%s».,it-IT
あと%s秒でクラッシュします…,Arresto del gioco tra %s...,it-IT
あなたのアカウントによる悪質な行為の報告が最近寄せられました。あなたの件についてモデレーターが確認したところ、Minecraftコミュニティ規定に反していることが判明しました。,Abbiamo ricevuto una segnalazione per comportamento scorretto da parte del tuo account. I nostri moderatori hanno revisionato il tuo caso e hanno stabilito che viola le norme della collettività di Minecraft.,it-IT
あなたのアカウントによる悪質な行為の報告が最近寄せられました。あなたの件についてモデレーターが確認したところ、Minecraftコミュニティ規定に反する%sであることが判明しました。,"Abbiamo ricevuto una segnalazione per comportamento scorretto da parte del tuo account. I nostri moderatori hanno revisionato il tuo caso e l'hanno identificato come %s, che viola le norme della collettività di Minecraft.",it-IT
あなたのアカウントは一時的に制限されています。%s後に制限が解除される予定です。,Il tuo account è temporaneamente sospeso e verrà riattivato tra %s.,it-IT
あなたのアカウントは永久に停止されました。オンラインプレイやRealmsへの参加はできません。,"Il tuo account è permanentemente bannato, quindi non puoi giocare in rete o entrare nei Realm.",it-IT
"あなたの名前「%s」は、コミュニティ規定に違反しています。シングルプレイは引き続きプレイしていただくことができますが、オンラインでプレイするには名前を変えていただく必要があります。

詳しい情報および通報された内容は次のリンクを参照ください：%s","Il tuo nome attuale («%s») viola le norme della collettività. Puoi giocare in giocatore singolo, ma devi cambiare il nome per giocare in rete.

Scopri di più o richiedi una revisione del caso al collegamento seguente: %s",it-IT
"あなたの現在のスキンは、コミュニティ規定に違反しています。デフォルトのスキンを使用するか、新しいスキンを選択してください。

詳しい情報および通報された内容は次のリンクを参照ください：%s","La tua skin attuale viola le norme della collettività. Puoi continuare a giocare con una skin predefinita oppure sceglierne una nuova.

Scopri di più o richiedi una revisione del caso al collegamento seguente: %s",it-IT
あなたや他のプレイヤーに、現実世界で危害を加えると脅迫する人がいる。,Qualcuno sta minacciando di fare del male a te o qualcun altro nella vita reale.,it-IT
あなたや他のプレイヤーに恥をかかせたり、攻撃したり、いじめを行う人がいる。これには誰かがあなたや他のプレイヤーに、同意なく何度も連絡を取ろうとする行為や、あなたや他人の個人情報を同意なく投稿する行為（晒し行為）も含まれます。,"Qualcuno sta umiliando, aggredendo o bullizzando te o qualcun altro. Ciò comprende quando qualcuno tenta ripetutamente di contattare te o qualcun altro senza permesso o condivide informazioni personali private su di te o qualcun altro senza permesso.",it-IT
あなたや別のプレイヤーを、宗教や人種、性別などの特徴にもとづいて攻撃する人がいる。,"Qualcuno sta aggredendo te o un altro giocatore sulla base di caratteristiche della propria identità, come religione, etnia od orientamento sessuale.",it-IT
いいえ,No,it-IT
お待ちください…,Attendi...,it-IT
かまど,Fornace,it-IT
ここには何もないようです…,Sembra non esserci nulla qua...,it-IT
このアカウントは一時的にオンラインプレイを無効化されています,Il tuo account è temporaneamente sospeso dal gioco in rete,it-IT
このアカウントは一時的に使用制限を受けています,Account temporaneamente sospeso,it-IT
このアカウントは永久にオンラインプレイを無効化されました,Il tuo account è permanentemente sospeso dal gioco in rete,it-IT
このアカウントは永久停止処分を受けています,Account permanentemente bannato,it-IT
このウェブサイトを開きますか？,Vuoi davvero aprire questo sito?,it-IT
このサーバーではチャットメッセージを確認できないため、このプレイヤーを通報できません,Questo giocatore non può essere segnalato perché i suoi messaggi in chat non possono essere verificati in questo server,it-IT
このスキンは使用できません,Skin non consentita,it-IT
このチャットはサーバーによって削除されました。,Questo messaggio in chat è stato eliminato dal server.,it-IT
このプレイヤーをフレンドリストから削除しますか？,Vuoi davvero rimuovere questo giocatore dalla tua lista amici?,it-IT
このメッセージはサーバーによって変更されています。原文：,Messaggio modificato dal server. Originale:,it-IT
このリンクをブラウザで開きますか？それともクリップボードにコピーしますか？,Vuoi aprire questo collegamento o copiarlo negli appunti?,it-IT
このワールドには通報するプレイヤーがいません,Nessun giocatore segnalabile,it-IT
このワールドのマルチプレイへの公開を停止しました,Mondo non più aperto al multigiocatore,it-IT
このワールドはLANに公開されました。ポート番号は%sです,Mondo aperto in rete locale con numero di porta %s,it-IT
このワールドはオンラインマルチプレイに公開されました。,Mondo aperto al multigiocatore in rete,it-IT
この名前はマルチプレイでは使用できません,Nome non consentito in multigiocatore,it-IT
この名前を通報する理由を教えてください。,Descrivi perché vuoi segnalare questo nome:,it-IT
この方法ではアイテムを強化できません,L'oggetto non può essere migliorato in questo modo,it-IT
"この画面のコンテンツはMojang StudiosやMicrosoftの所有・運営・管理下にないサードパーティー製サーバーやマップによって制御されています。

慎重に取り扱ってください！リンクをたどる際は常に注意し、ログイン情報を含む個人情報は絶対に教えないでください。

この画面がプレイを妨げる場合は、下にあるボタンで現在のサーバーから切断することもできます。","I contenuti di questa schermata sono controllati da server e mappe di terze parti che non sono posseduti, gestiti o supervisionati da Mojang Studios o Microsoft.

Usare con cautela! Fa' sempre attenzione nel seguire i collegamenti e non fornire mai dati personali, inclusi i dettagli di accesso.

Se questa schermata t'impedisce di giocare, puoi disconnetterti dal server usando il pulsante qui sotto.",it-IT
この画面を再度表示しない,Non mostrare più questa schermata,it-IT
"この画面を閉じると、この通報内容とコメントは消去されます。
本当に閉じますか？","Se abbandoni, perderai questa segnalazione e i tuoi commenti.
Vuoi davvero abbandonare?",it-IT
"この画面を閉じると、この通報内容とコメントは破棄されます。
本当に閉じますか？","Se abbandoni, perderai questa segnalazione e i tuoi commenti.
Vuoi davvero abbandonare?",it-IT
この看板ではクリックアクションは無効化されています,Non puoi interagire con questo cartello,it-IT
これはカスタムスクリーンです。ここをクリックして詳しい情報を確認できます。,Questa è una schermata personalizzata. Clicca qui per saperne di più.,it-IT
これはカスタムスクリーンです。詳細はこちら。,Questa è una schermata personalizzata. Scopri di più.,it-IT
これはサーバーからのメッセージです。,Messaggio del server.,it-IT
これはサーバーからのメッセージです。このメッセージを通報することはできません。,Messaggio del server. Impossibile segnalare.,it-IT
これらの設定はあくまでテスト目的のものです。処理速度の低下やゲームのクラッシュ、その他予期せぬ問題を引き起こすおそれがあります。,"Queste opzioni sono disponibili a scopo di collaudo. Potrebbero rallentare il tuo computer, far arrestare il gioco o rubarti la merenda appena ti distrai.",it-IT
ご記入いただいた詳細な情報は、処分決定の上での判断の一助とさせていただきます。,Condividere i dettagli ci aiuterà a compiere una decisione ben informata.,it-IT
すべて,Tutti,it-IT
すべてのアイテムを表示中,Tutte le ricette,it-IT
すべてのチャンクを再読み込み中,Ricaricamento di tutti i chunk...,it-IT
そのようなプロフィール名のプレイヤーは存在しません,Non esiste un giocatore con questo nome utente,it-IT
その他%s項目…,e altri %s...,it-IT
その他の理由,Voglio segnalare questo giocatore,it-IT
その名前のプレイヤーを見つけることができませんでした,Impossibile trovare questo giocatore,it-IT
その時の状況を以下に入力してください,Descrivi quello che è successo:,it-IT
ただいまのフレンドに関するアクションは失敗しました。アカウントのプライバシー設定が原因の可能性があります。,Azione non riuscita. Potrebbe dipendere dalle impostazioni di riservatezza del giocatore,it-IT
なし,Nessuno,it-IT
なりすまし、および他のプレイヤーを誤解させるような情報の拡散,Sostituzione di persona o diffusione d'informazioni al fine d'ingannare o approfittarsi di altri,it-IT
はい,Sì,it-IT
アイテムの選択,Selezione oggetti,it-IT
アイテムを削除,Distruggi,it-IT
アイテムホットバーを保存しました（%1$s+%2$sで復元）,Barra rapida salvata (ripristinala con %1$s + %2$s),it-IT
インベントリ,Inventario,it-IT
エンターキーで%sからのフレンド申請を受諾します,Premi Invio per accettare la richiesta d'amicizia da %s,it-IT
エンターキーで%sからのフレンド申請を拒否します,Premi Invio per rifiutare la richiesta d'amicizia da %s,it-IT
エンターキーで%sへのフレンド申請を取り消します,Premi Invio per annullare la richiesta d'amicizia inviata a %s,it-IT
エンターキーで%sをフレンドリストから削除します,Premi Invio per rimuovere %s dalla lista amici,it-IT
エンダーチェスト,Baule di ender,it-IT
エンチャント,Incanta,it-IT
エンチャントのコスト：%1$sレベル,Costo: %1$s,it-IT
オフ,No,it-IT
オフライン,Non in linea,it-IT
オリジナル,Originale,it-IT
オリジナルのコピー,Copia dell'originale,it-IT
オンライン,In linea,it-IT
オンライン,In rete,it-IT
オンラインでプレイするには名前の変更が必要です,Devi cambiare il nome prima di poter giocare in rete,it-IT
オンラインのフレンドが参加できます。,I giocatori nella tua lista amici possono entrare nel mondo.,it-IT
オンライン（LAN）,In linea (rete locale),it-IT
オンライン（Realm）,In linea (Realm),it-IT
オンライン（サーバー）,In linea (server),it-IT
オンライン（ワールド）,In linea (mondo),it-IT
オーバーレイ上,Cruscotto,it-IT
カスタムスクリーンが拒否されました,Schermata personalizzata rifiutata,it-IT
カスタムスクリーンとは,Nota riguardante le schermate personalizzate,it-IT
カスタム設定,Opzioni personalizzate,it-IT
カスタム設定…,Opzioni personalizzate...,it-IT
キャンセル,Annulla,it-IT
キーの割り当て：,Combinazioni di tasti:,it-IT
キーを押してコマンドを選択してください。もう一度押すことで使用することができます。,"Premi un tasto per selezionare un comando, premilo nuovamente per eseguirlo",it-IT
クイックアクション,Azioni rapide,it-IT
クイックアクション…,Azioni rapide...,it-IT
クライアントのバージョン情報：,Informazioni sulla versione del client:,it-IT
クライアントの設定でチャットが無効になっています。,Chat disattivata nelle opzioni del client.,it-IT
クライアント側のエンティティデータをクリップボードにコピーしました,Dati entità (lato client) copiati negli appunti,it-IT
クライアント側のブロックデータをクリップボードにコピーしました,Dati blocco (lato client) copiati negli appunti,it-IT
クラフト,Fabbricazione,it-IT
クラフト可能なアイテムを表示中,Ricette realizzabili,it-IT
クリックしてクリップボードにコピー,Clicca per copiare negli appunti,it-IT
クリックしてテレポート,Clicca per teletrasportarti,it-IT
クリックして次のメッセージを表示します,Clicca per mostrare il prossimo messaggio,it-IT
クリックでスロットを無効化,Clicca per disattivare la casella,it-IT
クリップボードにコピー,Copia negli appunti,it-IT
クリップボードに座標をコピーしました,Posizione copiata negli appunti,it-IT
ゲームに戻る,Riprendi la partita,it-IT
ゲームを一時停止中,Gioco in pausa,it-IT
ゲームオーバー！,Partita terminata!,it-IT
ゲームメニュー,Menù di gioco,it-IT
ゲームモードを変更する権限がありません,Non hai l'autorizzazione a cambiare modalità di gioco,it-IT
ゲームモード切り替え画面を開くための権限がありません,Non hai l'autorizzazione a cambiare modalità di gioco,it-IT
コストが高すぎます！,Costa troppo!,it-IT
コピー,Copia negli appunti,it-IT
コピーのコピー,Copia di una copia,it-IT
コマンドに予期しない引数のシグネチャーあるいは欠落した引数のシグネチャーがあります。,Firme degli argomenti del comando non previste o mancanti.,it-IT
コマンドの送信は許可されていません,L'invio di comandi non è consentito,it-IT
コメント,Commenti,it-IT
コメントを短くしてください,Abbrevia il commento,it-IT
コンテンツの不正な取得・使用,Acquisizione o uso fraudolento di contenuti,it-IT
コード：%s,Codice: %s,it-IT
コード：%s - %s,Codice: %s — %s,it-IT
サーバーが無効なメッセージを送信しました。,Messaggio del server non valido.,it-IT
サーバーによってフィルタリングされました。,Filtrato dal server.,it-IT
サーバーに報告,Segnala al server,it-IT
サーバーはあなたのメッセージを一部のプレイヤーに対して非表示にしています。,Il server ha nascosto il tuo messaggio per alcuni giocatori.,it-IT
サーバーを待機中,In attesa del server...,it-IT
サーバーリストへ戻る,Torna alla lista dei server,it-IT
サーバーリンク,Collegamenti del server,it-IT
サーバーリンク…,Collegamenti...,it-IT
サーバー側のエンティティデータをクリップボードにコピーしました,Dati entità (lato server) copiati negli appunti,it-IT
サーバー側のブロックデータをクリップボードにコピーしました,Dati blocco (lato server) copiati negli appunti,it-IT
シュルカーボックス,Scatola di shulker,it-IT
シングルプレイ,Giocatore singolo,it-IT
スコア,Punteggio,it-IT
スコア：%s,Punteggio: %s,it-IT
スパムまたは広告,Pubblicità indesiderata,it-IT
スポーン地点を準備中：%s%%,Preparazione dell'area di generazione: %s%%,it-IT
セーブしてタイトルへ戻る,Salva ed esci dal mondo,it-IT
タイトル,Titolo,it-IT
タイトル画面,Menù principale,it-IT
タイトル画面へ戻る,Torna al menù principale,it-IT
タイプ：%s,Tipo: %s,it-IT
ダイナミックテクスチャを%sに保存しました,Grafiche dinamiche salvate in %s,it-IT
チェスト,Baule,it-IT
チャット,chat,it-IT
チャットが制限されています。ここからワールド設定の「制限」画面に移動できます。,La chat è limitata. Vai alla finestra delle limitazioni nelle opzioni del mondo.,it-IT
チャットが制限されています。詳細を確認するには、このメッセージをクリックしてください。,La chat è limitata. Clicca su questo messaggio per più dettagli.,it-IT
チャットが無効化またはブロックされているため、このプレイヤーを通報できません,Questo giocatore non può essere segnalato perché la chat è disattivata o bloccata,it-IT
チャットに無効な署名が含まれています。再接続してください。,Firma della chat non valida. Prova a riconnetterti.,it-IT
チャットのメッセージ,Messaggi in chat,it-IT
チャットの検証エラー,Errore di convalida della chat,it-IT
チャットの通報の下書きを編集しますか？,Modificare la bozza della segnalazione?,it-IT
チャットはアカウントの設定によって無効になっており、メッセージの送信・閲覧はできません。,Chat disattivata nelle impostazioni dell'account. Impossibile mandare o leggere i messaggi.,it-IT
チャットはアカウントの設定により無効になっています。もう一度「%s」を押すと詳細な情報を表示します。,Chat disattivata nelle impostazioni dell'account. Premi di nuovo «%s» per ulteriori informazioni.,it-IT
チャットをブロックしたプレイヤーはいません,Nessun giocatore bloccato nella chat,it-IT
チャットを表示,Mostra nella chat,it-IT
チャットを非表示,Nascondi nella chat,it-IT
チャットを非表示にしているプレイヤーはいません,Nessun giocatore nascosto nella chat,it-IT
チャットメッセージの送信は許可されていません,L'invio di messaggi in chat non è consentito,it-IT
チャットメッセージを送信できません,Impossibile inviare il messaggio in chat,it-IT
チャット画面,Schermata della chat,it-IT
チャンクの境界：表示,Confini dei chunk visibili,it-IT
チャンクの境界：非表示,Confini dei chunk nascosti,it-IT
チャンクを保存中,Salvataggio dei chunk...,it-IT
チームにメッセージを送る,Scrivi alla squadra,it-IT
チームメンバーにテレポート,Teletrasportati presso un membro della squadra,it-IT
テレポート先のチームを選択,Scegli una squadra presso cui teletrasportarti,it-IT
テレポート先のプレイヤーを選択,Scegli un giocatore presso cui teletrasportarti,it-IT
テロ行為・暴力的過激主義,Terrorismo o estremismo violento,it-IT
ディスクの空き容量が不足しています！,Poco spazio su disco!,it-IT
ディスペンサー,Distributore,it-IT
デバッグ情報が制限されている状態では表示できません。,Non visibile quando le informazioni diagnostiche sono ridotte.,it-IT
デバッグ用レンダラー,Visualizzazioni diagnostiche,it-IT
デバッグ画面のテキスト,Informazioni diagnostiche,it-IT
デバッグ設定,Opzioni diagnostiche,it-IT
デフォルトの設定,Profilo predefinito,it-IT
デモワールドで遊ぶ,Gioca nel mondo di prova,it-IT
デモワールドをリセット,Ripristina il mondo di prova,it-IT
ドロッパー,Gettatore,it-IT
ネットワーク,Rete,it-IT
ハチミツ：%s／%s,Miele: %s/%s,it-IT
ハラスメント・いじめ,Molestie o bullismo,it-IT
バグを報告する,Segnala errori,it-IT
パフォーマンス確認用設定,Profilo prestazioni,it-IT
ビーコン,Faro,it-IT
ファイルの追加に失敗しました,Aggiunta non riuscita,it-IT
フィードバック,Riscontro,it-IT
フィードバック…,Riscontro...,it-IT
フィードバックを送る,Invia riscontro,it-IT
フォーカスが外れた時にポーズ：有効,Pausa alla perdita dello stato attivo attivata,it-IT
フォーカスが外れた時にポーズ：無効,Pausa alla perdita dello stato attivo disattivata,it-IT
フレンド,Amici,it-IT
フレンド %s,Amico %s,it-IT
フレンドを削除,Rimuovi amico,it-IT
フレンドリスト,Lista amici,it-IT
フレンドリストの操作間隔が短すぎます。時間をおいて再度お試しください。,Stai gestendo la lista amici troppo velocemente. Attendi qualche secondo e riprova,it-IT
フレンドリストの更新中に予期せぬエラーが発生しました。時間をおいて再度お試しください。,Si è verificato un errore imprevisto durante l'aggiornamento della lista amici. Riprova più tardi,it-IT
フレンドリストを利用するには、ゲームをアップデートしてください。,Aggiorna il gioco per accedere alla lista amici,it-IT
フレンドリストを読み込み中…,Caricamento della lista amici...,it-IT
フレンド申請が%s件届いています,Hai ricevuto %s richieste d'amicizia,it-IT
フレンド申請を送信,Invia richiesta d'amicizia,it-IT
フレンド申請を送信するには、有効なプロフィール名を入力してください,Inserisci un nome utente valido prima d'inviare una richiesta d'amicizia,it-IT
ブラウザで開く,Apri collegamento,it-IT
ブロック中,Bloccati,it-IT
ブロック中 - オフライン,Bloccato/a — Non in linea,it-IT
プライバシーとオンラインの安全設定を管理するには、このリンクを開いてください。,Apri questo collegamento per gestire le impostazioni di riservatezza e sicurezza in rete.,it-IT
プライバシーに抵触するおそれのある画像についての会話や共有、拡散をする人がいる。,"Qualcuno sta menzionando, condividendo o promuovendo immagini private e intime.",it-IT
プレイヤー%sには通報可能なメッセージがありませんでした,Nessun messaggio segnalabile da %s trovato,it-IT
プレイヤー%sを通報する,Segnala %s,it-IT
プレイヤーにテレポート,Teletrasportati presso un giocatore,it-IT
プレイヤーのスキン,Skin del giocatore,it-IT
プレイヤーのスキンの通報,Segnala skin del giocatore,it-IT
プレイヤーの通報,Segnala giocatore,it-IT
プレイヤーを通報,Segnala giocatore,it-IT
プレイヤーを通報する,Segnala messaggi in chat del giocatore,it-IT
プレイヤー名,Nome del giocatore,it-IT
プレイヤー名の通報,Segnala nome inappropriato del giocatore,it-IT
プロファイリングを%s秒間行います。%s + %sによって中断できます,Profilatura di %s secondi avviata. Premi %s + %s per interromperla in anticipo,it-IT
プロファイリングを%s秒間行います。F3 + Lによって中断出来ます,Profilatura di %s secondi avviata. Premi F3 + L per interromperla in anticipo,it-IT
プロファイリングを終了しました。結果が%sに保存されました,Profilatura terminata. Risultati salvati in %s,it-IT
プロフィール公開鍵が期限切れのため、チャットが無効になっています。再接続を試みてください。,Chat disattivata a causa della crittografia asimmetrica del profilo scaduta. Prova a riconnetterti.,it-IT
プロフィール公開鍵が見つからないため、チャットが無効になっています。再接続を試みてください。,Chat disattivata a causa della crittografia asimmetrica del profilo mancante. Prova a riconnetterti.,it-IT
プロフィール名%sをクリップボードにコピー,Copia il nome utente «%s» negli appunti,it-IT
プロフィール名を入力,Inserisci il nome utente,it-IT
ヘイトスピーチ,Incitamento all'odio,it-IT
ヘイトスピーチおよび差別表現,Incitamento all'odio o discriminazione,it-IT
ヘイトスピーチを行う団体、テロ組織、悪を想起させる図形などへの言及,"Riferimenti a gruppi d'odio, organizzazioni terroristiche o figure malfamate",it-IT
ホッパー,Tramoggia,it-IT
ボロボロ,Stracciato,it-IT
マルチプレイ,Multigiocatore,it-IT
マルチプレイが無効になっています。Microsoftアカウントの設定をご確認ください。,La modalità multigiocatore è disattivata. Controlla le impostazioni del tuo account Microsoft.,it-IT
マルチプレイ（LAN）,Multigiocatore (rete locale),it-IT
マルチプレイ（Realms）,Multigiocatore (Realms),it-IT
マルチプレイ（オンライン）,Multigiocatore (in rete),it-IT
マルチプレイ（サードパーティーのサーバー）,Multigiocatore (server di terze parti),it-IT
ミツバチの数：%s／%s,Api: %s/%s,it-IT
メッセージを入力し、Enterキーを押して送信,Scrivi un messaggio e premi Invio per inviarlo,it-IT
メッセージを表示,Mostra messaggi,it-IT
メッセージを非表示,Nascondi messaggi,it-IT
メッセージ送信内容：%s,Messaggio da inviare: %s,it-IT
メニューを閉じる,Chiudi il menù,it-IT
ラピスラズリ%s個,%s lapislazzuli,it-IT
ラピスラズリ1個,1 lapislazzuli,it-IT
ランチャーの設定によりチャットが無効になっているため、メッセージを送信できません。,Chat disattivata nelle opzioni del launcher. Impossibile inviare il messaggio.,it-IT
ラージチェスト,Baule grande,it-IT
リスポーン,Rinasci,it-IT
リソースパックを再読み込みしました,Pacchetti di risorse ricaricati,it-IT
リンクをクリップボードにコピー,Copia negli appunti,it-IT
レシピ本を確認しましょう,Controlla il ricettario,it-IT
レポートフォルダを開く,Apri la cartella dei rapporti,it-IT
ワールドを保存できない可能性があります。,Il salvataggio del mondo potrebbe fallire.,it-IT
ワールドを保存中,Salvataggio del mondo...,it-IT
ワールドを観覧,Rinasci come spettatore,it-IT
ワールド一覧へ戻る,Torna alla lista dei mondi,it-IT
ㅠㅠ,:(,it-IT
一人前,Qualificato,it-IT
上,Su,it-IT
上一頁,Indietro,it-IT
上一頁,Pagina precedente,it-IT
上一页,Indietro,it-IT
上一页,Pagina precedente,it-IT
上記の文章を読み、チェックボックスにチェックを入れると通報できます,Si prega di leggere il testo sopra e selezionare la casella di controllo per poter inviare la segnalazione,it-IT
下,Giù,it-IT
下一頁,Avanti,it-IT
下一頁,Pagina successiva,it-IT
下一页,Avanti,it-IT
下一页,Pagina successiva,it-IT
下書きとして保存,Salva bozza,it-IT
不允許傳送指令,L'invio di comandi non è consentito,it-IT
不允許傳送聊天訊息,L'invio di messaggi in chat non è consentito,it-IT
不允许发送命令,L'invio di comandi non è consentito,it-IT
不允许发送聊天消息,L'invio di messaggi in chat non è consentito,it-IT
不再显示此屏幕,Non mostrare più questa schermata,it-IT
不再顯示此畫面,Non mostrare più questa schermata,it-IT
不实举报,Falsa segnalazione,it-IT
不實檢舉,Falsa segnalazione,it-IT
不明なレシピです：%s,Ricetta sconosciuta: %s,it-IT
不正なトークンを受け取りました。ゲームおよびランチャーを再起動し、もう一度お試しください。,Gettone d'autenticazione non valido. Riavvia il gioco e il launcher prima di riprovare,it-IT
不正利用通報サービスに接続できません。インターネットの接続を確認し、もう一度お試しください。,Impossibile raggiungere il servizio di segnalazione abusi. Assicurati di essere connesso a Internet e riprova.,it-IT
不正確な、あるいは誤った報告の濫発,Numero eccessivo di segnalazioni false o imprecise,it-IT
专家,Esperto,it-IT
中斷連線,Disconnettiti,it-IT
中身のアイテムがまだ生成されていないため、開くことができません。,Impossibile aprire: il contenuto non è stato ancora generato,it-IT
举报,Segnala,it-IT
举报不当玩家名称,Segnala nome inappropriato del giocatore,it-IT
举报中包含的消息过多,Troppi messaggi inclusi nella segnalazione,it-IT
举报已发送,Segnalazione inviata,it-IT
举报服务不可用,Il servizio di segnalazioni non è disponibile,it-IT
举报玩家,Segnala giocatore,it-IT
举报玩家%s,Segnala %s,it-IT
举报玩家皮肤,Segnala skin del giocatore,it-IT
举报玩家聊天,Segnala messaggi in chat del giocatore,it-IT
书本浏览屏幕,Finestra di lettura del libro,it-IT
书本编辑屏幕,Finestra di modifica del libro,it-IT
书本署名屏幕,Finestra della firma del libro,it-IT
了解,Ne prendo atto,it-IT
了解举报功能,Scopri di più sulle segnalazioni,it-IT
交易,Scambi,it-IT
仅F3,Con F3,it-IT
仅显示可冶炼,Fusioni realizzabili,it-IT
仅显示可合成,Ricette realizzabili,it-IT
仅显示可烧炼,Cotture realizzabili,it-IT
仅显示可熏制,Affumicature realizzabili,it-IT
仇恨或歧視言論,Incitamento all'odio o discriminazione,it-IT
仇恨或歧视言论,Incitamento all'odio o discriminazione,it-IT
仇恨言論,Incitamento all'odio,it-IT
仇恨言论,Incitamento all'odio,it-IT
今夜将在睡梦中度过,La notte sta passando...,it-IT
他のプレイヤーのための設定,Impostazioni per gli altri giocatori,it-IT
他の理由には該当しないが、不快な行為を行うプレイヤーがいる。,Questo giocatore m'infastidisce o ha fatto qualcosa che non mi piace.,it-IT
他人の名誉を貶めたり、他人になりすましたり、他人を騙すために虚偽の情報を流布する人がいる。,"Qualcuno sta danneggiando la reputazione tua o di qualcun altro, per esempio condividendo informazioni false con lo scopo di sfruttare o ingannare gli altri.",it-IT
他者への危害を及ぼす内容の脅迫,Minaccia di fare del male agli altri,it-IT
代码：%s,Codice: %s,it-IT
代码：%s - %s,Codice: %s — %s,it-IT
代碼：%s,Codice: %s,it-IT
代碼：%s - %s,Codice: %s — %s,it-IT
以 Microsoft 帳號管理,Gestisci con l'account Microsoft,it-IT
传送到玩家,Teletrasportati presso un giocatore,it-IT
传送到队伍成员,Teletrasportati presso un membro della squadra,it-IT
伺服器傳送了無效訊息。,Messaggio del server non valido.,it-IT
伺服器已為部分玩家隱藏您的訊息。,Il server ha nascosto il tuo messaggio per alcuni giocatori.,it-IT
伺服器訊息。,Messaggio del server.,it-IT
伺服器連結,Collegamenti del server,it-IT
伺服器連結...,Collegamenti...,it-IT
"何らかの問題が発生しました。— これはフレンド側ではなく機能側の問題です。

後でもう一度試してください。","Qualcosa non va... con questa funzionalità, mica coi tuoi amici!

Riprova più tardi",it-IT
作者 %1$s,Di %1$s,it-IT
你为什么要举报？,Perché stai segnalando ciò?,it-IT
"你在哪里观察到了不良行为？
这有助于我们调查你的案例。","Dove hai notato un comportamento scorretto?
Saperlo ci aiuterà ad analizzare il caso.",it-IT
你已經向 %s 傳送了好友邀請,Hai già inviato una richiesta d'amicizia a %s,it-IT
你已经向%s发送过好友请求,Hai già inviato una richiesta d'amicizia a %s,it-IT
"你当前的名称（“%s”）违反了我们的社区准则。你可以进行单人游戏，但需要更改名称才能进行在线游戏。

通过以下链接了解更多或提交案件审查：%s","Il tuo nome attuale («%s») viola le norme della collettività. Puoi giocare in giocatore singolo, ma devi cambiare il nome per giocare in rete.

Scopri di più o richiedi una revisione del caso al collegamento seguente: %s",it-IT
"你当前的皮肤违反了我们的社区准则。你仍然可以使用默认皮肤，或者选择新皮肤进行游戏。

通过以下链接了解更多或提交案件审查：%s","La tua skin attuale viola le norme della collettività. Puoi continuare a giocare con una skin predefinita oppure sceglierne una nuova.

Scopri di più o richiedi una revisione del caso al collegamento seguente: %s",it-IT
你必须在进行在线游戏前更改名称,Devi cambiare il nome prima di poter giocare in rete,it-IT
你想要打开这个链接或将其复制到你的剪贴板吗？,Vuoi aprire questo collegamento o copiarlo negli appunti?,it-IT
你收到了 %s 個好友邀請,Hai ricevuto %s richieste d'amicizia,it-IT
你收到了%s条好友请求,Hai ricevuto %s richieste d'amicizia,it-IT
"你新增的好友會顯示在這裡。

使用你的 %s管理線上安全。","Gli amici appariranno qua

Gestisci la sicurezza in rete con l'%s",it-IT
你无法向自己发送好友请求,Non puoi inviarti una richiesta d'amicizia,it-IT
你有一份聊天举报草稿将在退出时丢失,Hai una bozza di segnalazione che andrà persa se abbandoni,it-IT
你死了！,Sei morto/a!,it-IT
你没有切换游戏模式的权限,Non hai l'autorizzazione a cambiare modalità di gioco,it-IT
你没有权限打开游戏模式切换器,Non hai l'autorizzazione a cambiare modalità di gioco,it-IT
"你添加的好友会在此处列出。

使用你的%s管理在线安全。","Gli amici appariranno qua

Gestisci la sicurezza in rete con l'%s",it-IT
你無法向自己傳送好友邀請,Non puoi inviarti una richiesta d'amicizia,it-IT
"你現在使用的名稱（%s）違反社群準則。你可以遊玩單人遊戲，但你需要更改你的名稱以遊玩線上遊戲。

前往以下連結以了解更多或提交個案複查：%s","Il tuo nome attuale («%s») viola le norme della collettività. Puoi giocare in giocatore singolo, ma devi cambiare il nome per giocare in rete.

Scopri di più o richiedi una revisione del caso al collegamento seguente: %s",it-IT
"你現在使用的外觀違反社群準則。你可以使用預設外觀，或是使用一個新的外觀遊玩。

前往以下連結以了解更多或提交個案複查：%s","La tua skin attuale viola le norme della collettività. Puoi continuare a giocare con una skin predefinita oppure sceglierne una nuova.

Scopri di più o richiedi una revisione del caso al collegamento seguente: %s",it-IT
你現在已與 %s 成為好友,Hai stretto amicizia con %s,it-IT
你的账户已被暂时封禁并将于%s后解封。,Il tuo account è temporaneamente sospeso e verrà riattivato tra %s.,it-IT
你的账户已被暂时封禁，无法进行多人游戏,Il tuo account è temporaneamente sospeso dal gioco in rete,it-IT
你的账户已被永久封禁，无法进行在线游戏或加入Realms。,"Il tuo account è permanentemente bannato, quindi non puoi giocare in rete o entrare nei Realm.",it-IT
你的账户已被永久封禁，无法进行多人游戏,Il tuo account è permanentemente sospeso dal gioco in rete,it-IT
你确定要将该玩家从好友列表中移除吗？,Vuoi davvero rimuovere questo giocatore dalla tua lista amici?,it-IT
你确定要打开以下网页？,Vuoi davvero aprire questo sito?,it-IT
你确定要退出吗？,Vuoi davvero abbandonare?,it-IT
你確定要從好友清單中移除這位玩家嗎？,Vuoi davvero rimuovere questo giocatore dalla tua lista amici?,it-IT
你確定要開啟以下網頁嗎？,Vuoi davvero aprire questo sito?,it-IT
使用Microsoft账户管理,Gestisci con l'account Microsoft,it-IT
使用你的 %s管理線上安全,Gestisci la sicurezza in rete con l'%s,it-IT
使用你的%s管理在线安全,Gestisci la sicurezza in rete con l'%s,it-IT
來自 %s 的好友邀請,Richiesta d'amicizia in arrivo da %s,it-IT
保存世界中,Salvataggio del mondo...,it-IT
保存为草稿,Salva bozza,it-IT
保存区块中,Salvataggio dei chunk...,it-IT
保存并退回到标题屏幕,Salva ed esci dal mondo,it-IT
保留中のフレンド申請はありません,Nessuna richiesta in sospeso,it-IT
信标,Faro,it-IT
信頼できないリンクは絶対に開かないでください,Mai aprire collegamenti di persone di cui non ti fidi!,it-IT
修复和命名,Ripara e denomina,it-IT
修复和祛魔,Ripara e disincanta,it-IT
修復與命名,Ripara e denomina,it-IT
修復與解除附魔,Ripara e disincanta,it-IT
修繕・エンチャント除去,Ripara e disincanta,it-IT
修繕・名付け,Ripara e denomina,it-IT
假冒或分享信息以利用或误导他人,Sostituzione di persona o diffusione d'informazioni al fine d'ingannare o approfittarsi di altri,it-IT
假冒或分享資訊以利用或誤導他人,Sostituzione di persona o diffusione d'informazioni al fine d'ingannare o approfittarsi di altri,it-IT
偵測到 32 位元系統,Sistema a 32 bit rilevato,it-IT
偵測到 32 位元系統：未來需求為 64 位元系統時，您可能無法遊玩！,È stato rilevato un sistema a 32 bit: potrebbe impedirti di giocare in futuro visto che sarà necessario un sistema a 64 bit!,it-IT
傳送好友邀請,Invia richiesta d'amicizia,it-IT
傳送好友邀請前，請先輸入有效的玩家檔案名稱,Inserisci un nome utente valido prima d'inviare una richiesta d'amicizia,it-IT
傳送檢舉,Invia segnalazione,it-IT
傳送給 %s 加入這個世界的邀請已過期。,L'invito a entrare nel mondo inviato a %s è scaduto,it-IT
傳送至玩家,Teletrasportati presso un giocatore,it-IT
傳送至隊伍成員,Teletrasportati presso un membro della squadra,it-IT
傳送訊息：%s,Messaggio da inviare: %s,it-IT
傳送隊伍訊息,Scrivi alla squadra,it-IT
僅於 F3,Con F3,it-IT
儲存並回到標題畫面,Salva ed esci dal mondo,it-IT
儲存為草稿,Salva bozza,it-IT
儲物箱,Baule,it-IT
児童に対する性的搾取・虐待,Sfruttamento o abuso sessuale di minori,it-IT
兒童性剝削或虐待,Sfruttamento o abuso sessuale di minori,it-IT
入睡的玩家數目不足以跳過這個夜晚,Non è possibile saltare la notte,it-IT
全部,Tutti,it-IT
关,No,it-IT
关于自定义屏幕的说明,Nota riguardante le schermate personalizzate,it-IT
关闭菜单,Chiudi il menù,it-IT
其他玩家設定,Impostazioni per gli altri giocatori,it-IT
具針對性、有害地使用侮辱性語言,Linguaggio offensivo usato in maniera diretta e dannosa,it-IT
再生中：%s,In riproduzione: %s,it-IT
准备生成区域中：%s%%,Preparazione dell'area di generazione: %s%%,it-IT
処理中…,Elaborazione in corso...,it-IT
"出了些问题——当然是说功能本身，好友们当然好着呢。

请稍后再试。","Qualcosa non va... con questa funzionalità, mica coi tuoi amici!

Riprova più tardi",it-IT
"出了點問題──當然是指這個功能，不是你的朋友有問題！

請稍後再試。","Qualcosa non va... con questa funzionalità, mica coi tuoi amici!

Riprova più tardi",it-IT
分享詳細資料有助我們做出更準確、清楚的判斷。,Condividere i dettagli ci aiuterà a compiere una decisione ben informata.,it-IT
分数,Punteggio,it-IT
分数：%s,Punteggio: %s,it-IT
分數,Punteggio,it-IT
分數：%s,Punteggio: %s,it-IT
分析已启动%s秒。使用%s + %s以提前结束,Profilatura di %s secondi avviata. Premi %s + %s per interromperla in anticipo,it-IT
分析已启动%s秒。使用F3 + L以提前结束,Profilatura di %s secondi avviata. Premi F3 + L per interromperla in anticipo,it-IT
分析已结束。结果已保存至%s,Profilatura terminata. Risultati salvati in %s,it-IT
分析結束。已將結果儲存至 %s,Profilatura terminata. Risultati salvati in %s,it-IT
切断,Disconnettiti,it-IT
切石机,Tagliapietre,it-IT
切石機,Tagliapietre,it-IT
判定箱：显示,Zone di collisione visibili,it-IT
判定箱：隐藏,Zone di collisione nascoste,it-IT
制图台,Cartografia,it-IT
削除,Rimuovi,it-IT
前のページ,Pagina precedente,it-IT
前のページへ,Indietro,it-IT
副本的副本,Copia di una copia,it-IT
加入,Entra,it-IT
加入 %s 的世界邀請已過期。,L'invito a entrare nel mondo di %s è scaduto,it-IT
加入%s世界的邀请已过期。,L'invito a entrare nel mondo di %s è scaduto,it-IT
加载好友列表中...,Caricamento della lista amici...,it-IT
加载请求中…,Caricamento delle richieste...,it-IT
区块边界：显示,Confini dei chunk visibili,it-IT
区块边界：隐藏,Confini dei chunk nascosti,it-IT
區域網路,Partita in rete locale,it-IT
區域網路,Rete locale,it-IT
區域網路選項,Opzioni della partita in rete locale,it-IT
區塊邊界：隱藏,Confini dei chunk nascosti,it-IT
區塊邊界：顯示,Confini dei chunk visibili,it-IT
千萬不要開啟任何你不信任的人所提供的連結！,Mai aprire collegamenti di persone di cui non ti fidi!,it-IT
升級裝備,Migliora un oggetto,it-IT
升级装备,Migliora un oggetto,it-IT
卑猥またはポルノ要素のある事物の表示,Condivisione di materiali osceni o pornografici,it-IT
单人游戏,Giocatore singolo,it-IT
单击复制到剪贴板,Clicca per copiare negli appunti,it-IT
单击显示下一条消息,Clicca per mostrare il prossimo messaggio,it-IT
单击鼠标右键获取更多信息,Tasto destro per altre ricette,it-IT
原始版本,Originale,it-IT
原稿,Originale,it-IT
原稿的副本,Copia dell'originale,it-IT
参加,Entra,it-IT
参加をリクエスト,Chiedi di entrare,it-IT
反対側がまだ生成されていないため、テレポートできません。,Impossibile teletrasportarsi: la destinazione non è ancora stata generata,it-IT
反馈,Riscontro,it-IT
反馈…,Riscontro...,it-IT
发射器,Distributore,it-IT
发给%s加入此世界的邀请已过期。,L'invito a entrare nel mondo inviato a %s è scaduto,it-IT
发给%s的好友请求,Richiesta d'amicizia inviata a %s,it-IT
发送举报,Invia segnalazione,it-IT
发送举报中…,Invio della segnalazione...,it-IT
发送举报时出现问题,Errore durante l'invio della segnalazione,it-IT
发送举报时发生了意外的HTTP错误。,Si è verificato un errore imprevisto del protocollo HTTP durante l'invio della tua segnalazione.,it-IT
"发送举报时返回了错误：
“%s”","Si è verificato un errore durante l'invio della tua segnalazione:
«%s»",it-IT
发送举报时遇到了格式错误的负载。,C'è stato un carico utile non corretto durante l'invio della tua segnalazione.,it-IT
发送举报时遇到意外错误。,C'è stato un errore imprevisto durante l'invio della tua segnalazione.,it-IT
发送好友请求,Invia richiesta d'amicizia,it-IT
发送好友请求前，请输入有效的玩家档案名称,Inserisci un nome utente valido prima d'inviare una richiesta d'amicizia,it-IT
发送队伍消息,Scrivi alla squadra,it-IT
取下書本,Prendi il libro,it-IT
取书,Prendi il libro,it-IT
取引,Scambi,it-IT
取消,Annulla,it-IT
取消好友邀請,Annulla richiesta,it-IT
取消请求,Annulla richiesta,it-IT
受け取ったチャットの順序が乱れています。システムの時間が変更されていませんか？,Pacchetti chat non funzionanti. L'orario del tuo computer è stato modificato?,it-IT
受信済み,Ricevute,it-IT
叠加层,Cruscotto,it-IT
可能无法保存世界。,Il salvataggio del mondo potrebbe fallire.,it-IT
可能無法儲存世界。,Il salvataggio del mondo potrebbe fallire.,it-IT
右クリックで詳細を表示,Tasto destro per altre ricette,it-IT
合成,Fabbricazione,it-IT
合成器,Fabbricatore,it-IT
吊り看板の編集,Messaggio dell'insegna:,it-IT
同じネットワーク上のプレイヤーが参加できます。,I giocatori sulla tua stessa rete possono entrare nel mondo.,it-IT
同意なく投稿されたプライバシーに抵触する画像,Immagini intime non consensuali,it-IT
名誉毀損・なりすまし・デマ,Diffamazione,it-IT
向 %s 傳送好友邀請,Richiesta d'amicizia inviata a %s,it-IT
向上,Su,it-IT
向下,Giù,it-IT
向伺服器回報,Segnala al server,it-IT
向服务器报告,Segnala al server,it-IT
否,No,it-IT
吸毒或饮酒,Droghe o alcolici,it-IT
"問題のある振る舞いを発見した場所を教えてください。
ご記入いただいた情報は通報の内容を精査するために使用されます。","Dove hai notato un comportamento scorretto?
Saperlo ci aiuterà ad analizzare il caso.",it-IT
啟動器選項已停用聊天功能。無法傳送訊息。,Chat disattivata nelle opzioni del launcher. Impossibile inviare il messaggio.,it-IT
單人遊戲,Giocatore singolo,it-IT
嘗試在檢舉中選取過多訊息,Troppi messaggi inclusi nella segnalazione,it-IT
回到游戏,Riprendi la partita,it-IT
回報錯誤,Segnala errori,it-IT
在區域網路上公開,Rete locale...,it-IT
在區網上公開,Rete locale...,it-IT
在多人遊戲中不允許使用該名稱,Nome non consentito in multigiocatore,it-IT
在失去焦點時暫停：停用,Pausa alla perdita dello stato attivo disattivata,it-IT
在失去焦點時暫停：啟用,Pausa alla perdita dello stato attivo attivata,it-IT
在浏览器中打开,Apri collegamento,it-IT
在瀏覽器中開啟,Apri collegamento,it-IT
在线,In linea,it-IT
在线,In rete,it-IT
在线好友可以加入。,I giocatori nella tua lista amici possono entrare nel mondo.,it-IT
在线（Realm）,In linea (Realm),it-IT
在线（世界）,In linea (mondo),it-IT
在线（局域网）,In linea (rete locale),it-IT
在线（服务器）,In linea (server),it-IT
在聊天中显示,Mostra nella chat,it-IT
在聊天中隐藏,Nascondi nella chat,it-IT
在聊天欄中隱藏,Nascondi nella chat,it-IT
在聊天欄中顯示,Mostra nella chat,it-IT
坐标已复制到剪贴板,Posizione copiata negli appunti,it-IT
執行好友清單動作過於頻繁，請稍後再試。,Stai gestendo la lista amici troppo velocemente. Attendi qualche secondo e riprova,it-IT
壊れたチェーンによりチャットが無効化されました。再接続してみてください。,Chat disattivata a causa di una catena spezzata. Prova a riconnetterti.,it-IT
处于同一网络上的玩家可加入。,I giocatori sulla tua stessa rete possono entrare nel mondo.,it-IT
处理中…,Elaborazione in corso...,it-IT
変更を適用,Modifica,it-IT
复制到剪贴板,Copia negli appunti,it-IT
复制链接到剪贴板,Copia negli appunti,it-IT
外觀圖案與性行為、性器官和性暴力有關。,"Skin esplicite con riferimenti ad atti sessuali, organi sessuali o violenza sessuale.",it-IT
多人游戏,Multigiocatore,it-IT
多人游戏中不允许使用当前名称,Nome non consentito in multigiocatore,it-IT
多人游戏已被禁用，请检查你的Microsoft账户设置。,La modalità multigiocatore è disattivata. Controlla le impostazioni del tuo account Microsoft.,it-IT
多人游戏（Realms）,Multigiocatore (Realms),it-IT
多人游戏（在线）,Multigiocatore (in rete),it-IT
多人游戏（局域网）,Multigiocatore (rete locale),it-IT
多人游戏（第三方服务器）,Multigiocatore (server di terze parti),it-IT
多人遊戲,Multigiocatore,it-IT
多人遊戲已停用。請檢查您的 Microsoft 帳號設定。,La modalità multigiocatore è disattivata. Controlla le impostazioni del tuo account Microsoft.,it-IT
多人遊戲（Realms）,Multigiocatore (Realms),it-IT
多人遊戲（區域網路）,Multigiocatore (rete locale),it-IT
多人遊戲（第三方伺服器）,Multigiocatore (server di terze parti),it-IT
多人遊戲（線上）,Multigiocatore (in rete),it-IT
夜が過ごされます,La notte sta passando...,it-IT
大型儲物箱,Baule grande,it-IT
大型箱子,Baule grande,it-IT
大师,Mastro,it-IT
大師,Mastro,it-IT
太貴了！,Costa troppo!,it-IT
失去焦点时暂停：启用,Pausa alla perdita dello stato attivo attivata,it-IT
失去焦点时暂停：禁用,Pausa alla perdita dello stato attivo disattivata,it-IT
套用變更,Modifica,it-IT
好友,Amici,it-IT
好友 %s,Amico %s,it-IT
好友%s,Amico %s,it-IT
好友列表,Lista amici,it-IT
好友列表服务当前不可用。请检查你的网络连接，稍后重试。,Il servizio della lista amici non è al momento disponibile. Controlla la connessione o riprova più tardi,it-IT
"好友列表目前无法使用。

请检查网络连接后再试。","La lista amici non è al momento disponibile

Controlla la connessione a Internet e riprova",it-IT
"好友列表目前无法使用。

请稍后再试。","La lista amici non è al momento disponibile

Riprova più tardi",it-IT
好友清單,Lista amici,it-IT
好友清單服務目前無法使用。請檢查連線，然後稍後再試。,Il servizio della lista amici non è al momento disponibile. Controlla la connessione o riprova più tardi,it-IT
"好友清單目前無法使用。

請檢查網際網路連線，然後再試一次。","La lista amici non è al momento disponibile

Controlla la connessione a Internet e riprova",it-IT
"好友清單目前無法使用。

請稍後再試。","La lista amici non è al momento disponibile

Riprova più tardi",it-IT
好友邀請 (%s),Richieste (%s),it-IT
"如果离开，该举报及留言将不会被保留。
确定要离开吗？","Se abbandoni, perderai questa segnalazione e i tuoi commenti.
Vuoi davvero abbandonare?",it-IT
"如果離開，這份檢舉和留言將會遺失。
您確定仍要離開嗎？","Se abbandoni, perderai questa segnalazione e i tuoi commenti.
Vuoi davvero abbandonare?",it-IT
始终显示,Sì,it-IT
威胁伤害他人,Minaccia di fare del male agli altri,it-IT
子供に対するわいせつ行為に関する、あるいは助長する発言をする人がいる。,Qualcuno sta menzionando o promuovendo comportamenti indecenti con minori.,it-IT
学徒,Apprendista,it-IT
學徒,Apprendista,it-IT
安全性が確認されていないメッセージです。このメッセージを報告することはできません。,Messaggio non verificato. Impossibile segnalare.,it-IT
完了,Fatto,it-IT
完成,Fatto,it-IT
客户端实体数据已复制到剪贴板,Dati entità (lato client) copiati negli appunti,it-IT
客户端方块数据已复制到剪贴板,Dati blocco (lato client) copiati negli appunti,it-IT
客户端版本信息：,Informazioni sulla versione del client:,it-IT
对儿童的性剥削或虐待,Sfruttamento o abuso sessuale di minori,it-IT
对其他玩家的设置,Impostazioni per gli altri giocatori,it-IT
对局域网开放,Rete locale...,it-IT
将在%s秒后崩溃…,Arresto del gioco tra %s...,it-IT
将玩家档案名称%s复制到剪贴板,Copia il nome utente «%s» negli appunti,it-IT
將位置複製到剪貼簿,Posizione copiata negli appunti,it-IT
將會隱藏 %s 的聊天訊息,I messaggi in chat di %s verranno nascosti,it-IT
將會顯示 %s 的聊天訊息,I messaggi in chat di %s verranno mostrati,it-IT
將玩家檔案名稱 %s 複製到剪貼簿,Copia il nome utente «%s» negli appunti,it-IT
專家,Esperto,it-IT
就寝しても夜を過ごすことはできません,Non è possibile saltare la notte,it-IT
局域网,Partita in rete locale,it-IT
局域网,Rete locale,it-IT
局域网选项,Opzioni della partita in rete locale,it-IT
展示淫秽或色情材料,Condivisione di materiali osceni o pornografici,it-IT
展示淫穢或色情材料,Condivisione di materiali osceni o pornografici,it-IT
已与%s成为好友,Hai stretto amicizia con %s,it-IT
已保存物品快捷栏（用%1$s+%2$s来加载）,Barra rapida salvata (ripristinala con %1$s + %2$s),it-IT
已傳送,Inviate,it-IT
已入睡玩家的数量不足以跳过夜晚,Non è possibile saltare la notte,it-IT
已列出可合成項目,Ricette realizzabili,it-IT
已列出可熔煉項目,Cotture realizzabili,it-IT
已列出可燻製項目,Affumicature realizzabili,it-IT
已列出所有項目,Tutte le ricette,it-IT
已列出高爐可熔煉項目,Fusioni realizzabili,it-IT
已发送,Inviate,it-IT
已向 %s 傳送好友邀請,Hai inviato una richiesta d'amicizia a %s,it-IT
已向%s发送好友请求,Hai inviato una richiesta d'amicizia a %s,it-IT
已封鎖,Bloccati,it-IT
已封鎖 - 離線,Bloccato/a — Non in linea,it-IT
已将%s从你的好友列表中移除,Hai rimosso %s dalla tua lista amici,it-IT
已将动态纹理保存至%s,Grafiche dinamiche salvate in %s,it-IT
已將伺服器端實體資料複製到剪貼簿,Dati entità (lato server) copiati negli appunti,it-IT
已將伺服器端方塊資料複製到剪貼簿,Dati blocco (lato server) copiati negli appunti,it-IT
已將動態紋理儲存至 %s,Grafiche dinamiche salvate in %s,it-IT
已將用戶端實體資料複製到剪貼簿,Dati entità (lato client) copiati negli appunti,it-IT
已將用戶端方塊資料複製到剪貼簿,Dati blocco (lato client) copiati negli appunti,it-IT
已屏蔽,Bloccati,it-IT
已屏蔽 - 离线,Bloccato/a — Non in linea,it-IT
已從你的好友清單中移除 %s,Hai rimosso %s dalla tua lista amici,it-IT
已拒絕 %s 個檔案,%s file rifiutati,it-IT
已拒絕自訂畫面,Schermata personalizzata rifiutata,it-IT
已拒绝自定义屏幕,Schermata personalizzata rifiutata,it-IT
已按住 %s + %s。若未放開按鍵將使遊戲崩潰。,"Stai tenendo premuti %s + %s. Se non li rilasci, il gioco verrà arrestato.",it-IT
已按住 F3 + C。若未放開按鍵將使遊戲崩潰。,"Stai tenendo premuti F3 + C. Se non li rilasci, il gioco verrà arrestato.",it-IT
已收到,Ricevute,it-IT
已被服务器过滤。,Filtrato dal server.,it-IT
已解鎖新的合成配方！,Nuove ricette sbloccate!,it-IT
已請求加入 %s 的世界,Hai chiesto di entrare nel mondo di %s,it-IT
已请求加入%s的世界,Hai chiesto di entrare nel mondo di %s,it-IT
已送出檢舉,Segnalazione inviata,it-IT
已选中%s条消息，共%s条,Messaggi selezionati: %s/%s,it-IT
已选中%s条要举报的聊天消息,%s messaggio/i in chat selezionato/i per la segnalazione,it-IT
已選取 %2$s 則中的 %1$s 則訊息,Messaggi selezionati: %s/%s,it-IT
已選取 %s 則待檢舉訊息,%s messaggio/i in chat selezionato/i per la segnalazione,it-IT
已邀請 %s 加入你的世界。,Hai invitato %s a entrare nel tuo mondo,it-IT
已邀请%s加入你的世界。,Hai invitato %s a entrare nel tuo mondo,it-IT
已重新加载资源包,Pacchetti di risorse ricaricati,it-IT
已重新載入資源包,Pacchetti di risorse ricaricati,it-IT
已開始分析 %s 秒。使用 %s + %s 提前停止,Profilatura di %s secondi avviata. Premi %s + %s per interromperla in anticipo,it-IT
已開始分析 %s 秒。使用 F3 + L 提前停止,Profilatura di %s secondi avviata. Premi F3 + L per interromperla in anticipo,it-IT
已隐藏,Nascosti,it-IT
已隐藏%s条消息,%s messaggio/i nascosto/i,it-IT
已隱藏 %s 則訊息,%s messaggio/i nascosto/i,it-IT
帳號已被暫時停用,Account temporaneamente sospeso,it-IT
帳號已被永久封鎖,Account permanentemente bannato,it-IT
常に表示,Sì,it-IT
应用更改,Modifica,it-IT
开始试玩世界,Gioca nel mondo di prova,it-IT
当たり判定：表示,Zone di collisione visibili,it-IT
当たり判定：非表示,Zone di collisione nascoste,it-IT
当前皮肤不允许使用,Skin non consentita,it-IT
必要なコスト：%sレベル,Livelli necessari: %s,it-IT
快捷操作,Azioni rapide,it-IT
快捷操作…,Azioni rapide...,it-IT
快捷欄已儲存（按 %1$s + %2$s 復原）,Barra rapida salvata (ripristinala con %1$s + %2$s),it-IT
快速動作,Azioni rapide,it-IT
快速動作...,Azioni rapide...,it-IT
性的な内容を含む話題やコンテンツ,Argomenti o contenuti di natura sessuale,it-IT
性的に不適切,Contenuti sessuali non appropriati,it-IT
性相关不当内容,Contenuti sessuali non appropriati,it-IT
性相关话题或内容,Argomenti o contenuti di natura sessuale,it-IT
性相關不當內容,Contenuti sessuali non appropriati,it-IT
性相關話題或內容,Argomenti o contenuti di natura sessuale,it-IT
性能监控配置,Profilo prestazioni,it-IT
性行為や性器、および性暴力に関する生々しいスキン。,"Skin esplicite con riferimenti ad atti sessuali, organi sessuali o violenza sessuale.",it-IT
恐嚇加害他人,Minaccia di fare del male agli altri,it-IT
恐怖主义或暴力极端主义,Terrorismo o estremismo violento,it-IT
恐怖主義或暴力極端主義,Terrorismo o estremismo violento,it-IT
"您在哪裡觀察到不當行為？
這有助於我們調查您所提交的個案。","Dove hai notato un comportamento scorretto?
Saperlo ci aiuterà ad analizzare il caso.",it-IT
您帳號的線上遊玩功能已被暫時停權,Il tuo account è temporaneamente sospeso dal gioco in rete,it-IT
您帳號的線上遊玩功能已被永久停權,Il tuo account è permanentemente sospeso dal gioco in rete,it-IT
您是要繼續編輯現有的檢舉報告，還是要捨棄並建立新報告？,Vuoi continuare a modificare la segnalazione in corso o annullarla e crearne una nuova?,it-IT
您有一份聊天訊息檢舉草稿，如果離開，將遺失您的草稿,Hai una bozza di segnalazione che andrà persa se abbandoni,it-IT
"您正在檢舉 ""%s""。",Stai segnalando «%s».,it-IT
您沒有權限開啟遊戲模式切換器,Non hai l'autorizzazione a cambiare modalità di gioco,it-IT
您的帳號已被暫時停權，將於 %s 後恢復。,Il tuo account è temporaneamente sospeso e verrà riattivato tra %s.,it-IT
您的帳號已被永久封鎖，您無法在線上模式遊玩或加入 Realms。,"Il tuo account è permanentemente bannato, quindi non puoi giocare in rete o entrare nei Realm.",it-IT
您確定要離開了嗎？,Vuoi davvero abbandonare?,it-IT
您要繼續編輯或是捨棄？,Vuoi continuare a modificarla o annullarla?,it-IT
您要繼續編輯還是捨棄？,Vuoi continuare a modificarla o annullarla?,it-IT
您遊玩線上遊戲前必須更改您的名稱,Devi cambiare il nome prima di poter giocare in rete,it-IT
意图在现实生活中造成人身或财产伤害,Intento di causare danno nella vita reale a persone o beni,it-IT
意圖在現實世界中造成人身或財產傷害,Intento di causare danno nella vita reale a persone o beni,it-IT
意見回饋,Riscontro,it-IT
意見回饋...,Riscontro...,it-IT
"我们已经成功收到你的举报。非常感谢！

我们的团队会尽快进行审核。","Abbiamo ricevuto la tua segnalazione. Grazie!

Il nostro team la revisionerà il prima possibile.",it-IT
"我们已经成功收到你的举报。非常感谢！

我们的团队将尽快进行审核。","Abbiamo ricevuto la tua segnalazione. Grazie!

Il nostro team la revisionerà il prima possibile.",it-IT
我们最近收到举报称你的账户存在不良行为。我们的监督员已审核你的案件并将其认定为%s，这违反了Minecraft社区准则。,"Abbiamo ricevuto una segnalazione per comportamento scorretto da parte del tuo account. I nostri moderatori hanno revisionato il tuo caso e l'hanno identificato come %s, che viola le norme della collettività di Minecraft.",it-IT
我们最近收到举报称你的账户存在不良行为。我们的监督员已审核你的案件并认定你违反了Minecraft社区准则。,Abbiamo ricevuto una segnalazione per comportamento scorretto da parte del tuo account. I nostri moderatori hanno revisionato il tuo caso e hanno stabilito che viola le norme della collettività di Minecraft.,it-IT
我們最近收到了對您不當行為的檢舉。我們的仲裁者已審查此案並認定為「%s」，已違反 Minecraft 社群準則。,"Abbiamo ricevuto una segnalazione per comportamento scorretto da parte del tuo account. I nostri moderatori hanno revisionato il tuo caso e l'hanno identificato come %s, che viola le norme della collettività di Minecraft.",it-IT
我們最近收到了對您不當行為的檢舉。我們的仲裁者已審查此案，並認定其違反 Minecraft 社群準則。,Abbiamo ricevuto una segnalazione per comportamento scorretto da parte del tuo account. I nostri moderatori hanno revisionato il tuo caso e hanno stabilito che viola le norme della collettività di Minecraft.,it-IT
我想举报该玩家,Voglio segnalare questo giocatore,it-IT
我想要檢舉此玩家,Voglio segnalare questo giocatore,it-IT
我的玩家档案名称：,Il tuo nome: ,it-IT
我的玩家檔案名稱：,Il tuo nome: ,it-IT
戻る,Indietro,it-IT
戻る（%s秒）,Indietro (%s s),it-IT
所选消息前后的部分消息将会用于提供额外的辅助信息,I messaggi adiacenti verranno inclusi per fornire del contesto aggiuntivo,it-IT
打开报告目录,Apri la cartella dei rapporti,it-IT
打开此链接来管理隐私和在线安全设置。,Apri questo collegamento per gestire le impostazioni di riservatezza e sicurezza in rete.,it-IT
执行好友列表操作过快。请稍等片刻再试。,Stai gestendo la lista amici troppo velocemente. Attendi qualche secondo e riprova,it-IT
找不到使用此名稱的玩家,Impossibile trovare questo giocatore,it-IT
找不到使用這個檔案名稱的玩家,Non esiste un giocatore con questo nome utente,it-IT
承諾,Accetta,it-IT
投掷器,Gettatore,it-IT
投擲器,Gettatore,it-IT
报告漏洞,Segnala errori,it-IT
拒否,Rifiuta,it-IT
拒絕,Rifiuta,it-IT
拒绝,Rifiuta,it-IT
拒绝了%s个文件,%s file rifiutati,it-IT
招待,Invita,it-IT
指令包含非預期的或是遺漏的指令引數簽章。,Firme degli argomenti del comando non previste o mancanti.,it-IT
按 %1$s 取消乘坐,Premi %1$s per scendere,it-IT
按 %1$s 起身,Premi %1$s per alzarti,it-IT
按下 %1$s + %2$s 儲存快捷欄,Salva la barra rapida con %1$s + %2$s,it-IT
按下 Enter 以取消向 %s 傳送的好友邀請,Premi Invio per annullare la richiesta d'amicizia inviata a %s,it-IT
按下 Enter 以將 %s 從好友清單中移除,Premi Invio per rimuovere %s dalla lista amici,it-IT
按下 Enter 以拒絕來自 %s 的好友邀請,Premi Invio per rifiutare la richiesta d'amicizia da %s,it-IT
按下 Enter 以接受來自 %s 的好友邀請,Premi Invio per accettare la richiesta d'amicizia da %s,it-IT
按下%1$s来脱离,Premi %1$s per scendere,it-IT
按下%1$s来起身,Premi %1$s per alzarti,it-IT
按下Enter从好友列表中移除%s,Premi Invio per rimuovere %s dalla lista amici,it-IT
按下Enter取消发给%s的好友请求,Premi Invio per annullare la richiesta d'amicizia inviata a %s,it-IT
按下Enter拒绝来自%s的好友请求,Premi Invio per rifiutare la richiesta d'amicizia da %s,it-IT
按下Enter接受来自%s的好友请求,Premi Invio per accettare la richiesta d'amicizia da %s,it-IT
按下任意鍵以選擇指令，再按一次該按鍵以使用它,"Premi un tasto per selezionare un comando, premilo nuovamente per eseguirlo",it-IT
按下任意键选择命令，再次按下使用该键。,"Premi un tasto per selezionare un comando, premilo nuovamente per eseguirlo",it-IT
按下右鍵以查看更多,Tasto destro per altre ricette,it-IT
按此停用欄位,Clicca per disattivare la casella,it-IT
按此傳送,Clicca per teletrasportarti,it-IT
按此複製到剪貼簿,Clicca per copiare negli appunti,it-IT
按此顯示下一則訊息,Clicca per mostrare il prossimo messaggio,it-IT
按鍵設定：,Combinazioni di tasti:,it-IT
按键设置：,Combinazioni di tasti:,it-IT
挑战已完成！,Impresa completata!,it-IT
挑戦完了！,Impresa completata!,it-IT
挑戰達成！,Impresa completata!,it-IT
捨棄,Annulla,it-IT
接受,Accetta,it-IT
接收到了乱序的聊天消息。你的系统时间是否被更改过？,Pacchetti chat non funzionanti. L'orario del tuo computer è stato modificato?,it-IT
推广仇恨群体、恐怖组织或不法分子,"Riferimenti a gruppi d'odio, organizzazioni terroristiche o figure malfamate",it-IT
推廣仇恨團體、恐怖組織或不法分子,"Riferimenti a gruppi d'odio, organizzazioni terroristiche o figure malfamate",it-IT
推銷非法藥品,Riferimenti a droghe illegali,it-IT
推销非法药品,Riferimenti a droghe illegali,it-IT
描述现实生活中过度暴力或血腥的场面,Raffigurazioni di scene reali eccessivamente violente o cruente,it-IT
描述現實世界的暴力或血腥場面,Raffigurazioni di scene reali eccessivamente violente o cruente,it-IT
描述：,Descrizione:,it-IT
提交檢舉,Invia segnalazione,it-IT
"提交檢舉時回傳了錯誤：
「%s」","Si è verificato un errore durante l'invio della tua segnalazione:
«%s»",it-IT
提交檢舉時發生了非預期的 HTTP 錯誤。,Si è verificato un errore imprevisto del protocollo HTTP durante l'invio della tua segnalazione.,it-IT
提交檢舉時發生了非預期的錯誤。,C'è stato un errore imprevisto durante l'invio della tua segnalazione.,it-IT
提交檢舉時遭遇格式錯誤的訊息承載。,C'è stato un carico utile non corretto durante l'invio della tua segnalazione.,it-IT
提交此举报，即代表你确认你提供的信息已尽可能准确和完整。,"Inviando questa segnalazione, confermi che le informazioni che hai fornito sono accurate e complete al meglio delle tue conoscenze.",it-IT
提交這份檢舉，即表示您已確認提供了盡可能準確且完整的資訊。,"Inviando questa segnalazione, confermi che le informazioni che hai fornito sono accurate e complete al meglio delle tue conoscenze.",it-IT
提供反馈,Invia riscontro,it-IT
提供意見回饋,Invia riscontro,it-IT
提供的令牌无效。请重启游戏及启动器并重试。,Gettone d'autenticazione non valido. Riavvia il gioco e il launcher prima di riprovare,it-IT
提供的權杖無效。請重新啟動遊戲與啟動器，然後再試一次。,Gettone d'autenticazione non valido. Riavvia il gioco e il launcher prima di riprovare,it-IT
提供详情可以帮助我们更严谨地做出决定。,Condividere i dettagli ci aiuterà a compiere una decisione ben informata.,it-IT
搜尋...,Cerca...,it-IT
搜索…,Cerca...,it-IT
摧毁物品,Distruggi,it-IT
收到的聊天訊息順序不正確。您的系統時間是否已變更？,Pacchetti chat non funzionanti. L'orario del tuo computer è stato modificato?,it-IT
改善透明顯示：停用,Trasparenza migliorata disattivata,it-IT
改善透明顯示：啟用,Trasparenza migliorata attivata,it-IT
改进透明显示：启用,Trasparenza migliorata attivata,it-IT
改进透明显示：禁用,Trasparenza migliorata disattivata,it-IT
放入锻造模板,Inserisci uno schema di forgiatura,it-IT
放弃,Annulla,it-IT
放弃举报和留言？,Annullare la segnalazione e i commenti?,it-IT
放置鍛造模板,Inserisci uno schema di forgiatura,it-IT
政治的、宗教的、思想的、もしくはその他の理由で、テロ行為または暴力的過激派について会話や宣伝、脅迫をおこなう人がいる。,"Qualcuno sta menzionando, promuovendo o minacciando di commettere atti di terrorismo o estremismo violento per motivi politici, religiosi, ideologici o di altro tipo.",it-IT
效能設定檔,Profilo prestazioni,it-IT
断开连接,Disconnettiti,it-IT
新レシピ解禁！,Nuove ricette sbloccate!,it-IT
新手,Novizio,it-IT
新米,Novizio,it-IT
新配方已解锁！,Nuove ricette sbloccate!,it-IT
旁觀世界,Rinasci come spettatore,it-IT
旁观世界,Rinasci come spettatore,it-IT
无,Nessuno,it-IT
无人可以加入。,Nessuno può entrare nel mondo.,it-IT
无法举报该玩家，服务器无法验证其聊天消息。,Questo giocatore non può essere segnalato perché i suoi messaggi in chat non possono essere verificati in questo server,it-IT
无法举报该玩家，聊天已被禁用或屏蔽,Questo giocatore non può essere segnalato perché la chat è disattivata o bloccata,it-IT
无法传送。另一侧尚未生成。,Impossibile teletrasportarsi: la destinazione non è ancora stata generata,it-IT
无法使用举报服务。请检查是否已联网，然后重试。,Impossibile raggiungere il servizio di segnalazione abusi. Assicurati di essere connesso a Internet e riprova.,it-IT
无法保存%s处的区块,Salvataggio del chunk in %s non riuscito,it-IT
无法加载%s处的区块,Caricamento del chunk in %s non riuscito,it-IT
无法发送聊天消息,Impossibile inviare il messaggio in chat,it-IT
无法打开：战利品尚未生成。,Impossibile aprire: il contenuto non è stato ancora generato,it-IT
无法执行此好友操作。这可能是账户的隐私设置导致的。,Azione non riuscita. Potrebbe dipendere dalle impostazioni di riservatezza del giocatore,it-IT
既存の通報の編集を続けますか？それとも破棄して新しい通報を作成しますか？,Vuoi continuare a modificare la segnalazione in corso o annullarla e crearne una nuova?,it-IT
是,Sì,it-IT
是否捨棄檢舉及留言？,Annullare la segnalazione e i commenti?,it-IT
是否編輯聊天訊息檢舉草稿？,Modificare la bozza della segnalazione?,it-IT
显示%s发送的消息,Mostra messaggi da %s,it-IT
显示全部,Tutte le ricette,it-IT
显示消息,Mostra messaggi,it-IT
暂时无法发送好友请求,Impossibile inviare la richiesta d'amicizia al momento,it-IT
暴力に関するコミュニティ規定への違反,Violazione delle norme della collettività,it-IT
"更改Xbox设置可能需要一些时间才能生效。

如果这些设置没有及时更新，请重启游戏。","La modifica delle impostazioni di Xbox potrebbe richiedere del tempo.

Riavvia il gioco per forzare l'aggiornamento.",it-IT
更新好友列表时出现意外错误。请稍后再试。,Si è verificato un errore imprevisto durante l'aggiornamento della lista amici. Riprova più tardi,it-IT
更新好友清單時發生非預期的錯誤，請稍後再試。,Si è verificato un errore imprevisto durante l'aggiornamento della lista amici. Riprova più tardi,it-IT
書本檢視畫面,Finestra di lettura del libro,it-IT
書本編輯畫面,Finestra di modifica del libro,it-IT
書本署名畫面,Finestra della firma del libro,it-IT
書見台,Leggio,it-IT
有人以利用或誤導他人為目的，損害你或他人的名譽，例如散布虛假資訊。,"Qualcuno sta danneggiando la reputazione tua o di qualcun altro, per esempio condividendo informazioni false con lo scopo di sfruttare o ingannare gli altri.",it-IT
有人以利用或误导他人为目的，正在损害你或他人的名誉，例如散布虚假信息。,"Qualcuno sta danneggiando la reputazione tua o di qualcun altro, per esempio condividendo informazioni false con lo scopo di sfruttare o ingannare gli altri.",it-IT
有人因政治、宗教、意识形态或其他原因，谈论、宣扬、威胁实施恐怖主义或极端暴力行为。,"Qualcuno sta menzionando, promuovendo o minacciando di commettere atti di terrorismo o estremismo violento per motivi politici, religiosi, ideologici o di altro tipo.",it-IT
有人因為政治、宗教、思想等其他原因，談論、推廣或威脅實行恐怖主義或極端暴力。,"Qualcuno sta menzionando, promuovendo o minacciando di commettere atti di terrorismo o estremismo violento per motivi politici, religiosi, ideologici o di altro tipo.",it-IT
有人因身份要素（如宗教信仰、种族或性相关）攻击你或其他玩家。,"Qualcuno sta aggredendo te o un altro giocatore sulla base di caratteristiche della propria identità, come religione, etnia od orientamento sessuale.",it-IT
有人基於身分（如宗教、種族或性相關）攻擊您或其他玩家。,"Qualcuno sta aggredendo te o un altro giocatore sulla base di caratteristiche della propria identità, come religione, etnia od orientamento sessuale.",it-IT
有人威胁要在现实生活中伤害你或其他人。,Qualcuno sta minacciando di fare del male a te o qualcun altro nella vita reale.,it-IT
有人威胁要自残或谈论现实生活中的自残行为。,Qualcuno sta minacciando di farsi del male nella vita reale o sta menzionando il farsi del male nella vita reale.,it-IT
有人恐嚇會在現實生活中加害您或其他人。,Qualcuno sta minacciando di fare del male a te o qualcun altro nella vita reale.,it-IT
有人教唆他人涉毒或教唆未成年人饮酒。,Qualcuno sta incoraggiando gli altri a partecipare ad attività illegali legate alla droga o all'alcolismo minorile.,it-IT
有人羞辱、攻击、霸凌你或其他人。这包括在未经允许的情况下不断尝试联系你或其他人，或发布你或其他人的隐私信息。,"Qualcuno sta umiliando, aggredendo o bullizzando te o qualcun altro. Ciò comprende quando qualcuno tenta ripetutamente di contattare te o qualcun altro senza permesso o condivide informazioni personali private su di te o qualcun altro senza permesso.",it-IT
有人羞辱、攻擊、霸凌你或其他人。包含違反您或其他人意願，不斷聯絡騷擾或是散布個人資料（即「肉搜」）。,"Qualcuno sta umiliando, aggredendo o bullizzando te o qualcun altro. Ciò comprende quando qualcuno tenta ripetutamente di contattare te o qualcun altro senza permesso o condivide informazioni personali private su di te o qualcun altro senza permesso.",it-IT
有人談論、分享或以其他方式推廣私密、親密的影像。,"Qualcuno sta menzionando, condividendo o promuovendo immagini private e intime.",it-IT
有人談論或以其他方式推廣涉及孩童的猥褻行為。,Qualcuno sta menzionando o promuovendo comportamenti indecenti con minori.,it-IT
有人談論或威脅要在現實生活中自殘。,Qualcuno sta minacciando di farsi del male nella vita reale o sta menzionando il farsi del male nella vita reale.,it-IT
有人谈论、分享私密或亲密的图像，或以其他方式宣扬有关行为。,"Qualcuno sta menzionando, condividendo o promuovendo immagini private e intime.",it-IT
有人谈论或以其他方式宣扬涉及儿童的不当行为。,Qualcuno sta menzionando o promuovendo comportamenti indecenti con minori.,it-IT
有人鼓勵他人參與非法用藥行為，或唆使未達法規年齡者飲酒。,Qualcuno sta incoraggiando gli altri a partecipare ad attività illegali legate alla droga o all'alcolismo minorile.,it-IT
有针对性地、有害地使用辱骂性语言,Linguaggio offensivo usato in maniera diretta e dannosa,it-IT
服务器发送了无效消息。,Messaggio del server non valido.,it-IT
服务器已向部分玩家隐藏了你的消息。,Il server ha nascosto il tuo messaggio per alcuni giocatori.,it-IT
服务器消息。,Messaggio del server.,it-IT
服务器消息。无法举报。,Messaggio del server. Impossibile segnalare.,it-IT
服务器链接,Collegamenti del server,it-IT
服务器链接…,Collegamenti...,it-IT
服务端实体数据已复制到剪贴板,Dati entità (lato server) copiati negli appunti,it-IT
服务端方块数据已复制到剪贴板,Dati blocco (lato server) copiati negli appunti,it-IT
木桶,Barile,it-IT
未屏蔽任何玩家的聊天消息,Nessun giocatore bloccato nella chat,it-IT
未找到使用此名称的玩家,Impossibile trovare questo giocatore,it-IT
未找到統計資訊。,Nessuna statistica trovata.,it-IT
未找到统计信息。,Nessuna statistica trovata.,it-IT
未知的配方：%s,Ricetta sconosciuta: %s,it-IT
未經同意的親密圖像,Immagini intime non consensuali,it-IT
未经同意发布私密图像,Immagini intime non consensuali,it-IT
未经验证的消息。无法举报。,Messaggio non verificato. Impossibile segnalare.,it-IT
未隐藏任何玩家的聊天消息,Nessun giocatore nascosto nella chat,it-IT
末影箱,Baule di ender,it-IT
本のタイトルを入力してください：,Titolo del libro:,it-IT
本の編集画面,Finestra di modifica del libro,it-IT
本の署名画面,Finestra della firma del libro,it-IT
本の閲覧画面,Finestra di lettura del libro,it-IT
本を取る,Prendi il libro,it-IT
本訊息前後的其他訊息將會被採用，並作為額外的對話情境資訊使用,I messaggi adiacenti verranno inclusi per fornire del contesto aggiuntivo,it-IT
村人は1日に2回まで在庫補充をします。,I villici si riforniscono fino a 2 volte al giorno,it-IT
村民每天最多补货两次。,I villici si riforniscono fino a 2 volte al giorno,it-IT
村民每天最多補貨兩次。,I villici si riforniscono fino a 2 volte al giorno,it-IT
来自%s的好友请求,Richiesta d'amicizia in arrivo da %s,it-IT
查看您的配方手冊,Controlla il ricettario,it-IT
查看日志获取详情,Controlla il registro per ulteriori dettagli,it-IT
查看記錄檔以取得詳細資訊,Controlla il registro per ulteriori dettagli,it-IT
标题,Titolo,it-IT
标题屏幕,Menù principale,it-IT
检测到32位系统,Sistema a 32 bit rilevato,it-IT
检测到32位系统：未来将需要64位系统，使用32位系统可能将无法进行游戏！,È stato rilevato un sistema a 32 bit: potrebbe impedirti di giocare in futuro visto che sarà necessario un sistema a 64 bit!,it-IT
検索…,Cerca...,it-IT
標題,Titolo,it-IT
標題畫面,Menù principale,it-IT
樽,Barile,it-IT
機織り機,Telaio,it-IT
檢舉,Segnala,it-IT
檢舉不當玩家名稱,Segnala nome inappropriato del giocatore,it-IT
檢舉服務目前無法使用,Il servizio di segnalazioni non è disponibile,it-IT
檢舉玩家,Segnala giocatore,it-IT
檢舉玩家 %s,Segnala %s,it-IT
檢舉玩家外觀,Segnala skin del giocatore,it-IT
檢舉玩家聊天,Segnala messaggi in chat del giocatore,it-IT
次のページ,Pagina successiva,it-IT
次のページへ,Avanti,it-IT
欺騙行為以獲得或使用內容,Acquisizione o uso fraudolento di contenuti,it-IT
欺骗性获取或使用内容,Acquisizione o uso fraudolento di contenuti,it-IT
正在举报“%s”。,Stai segnalando «%s».,it-IT
正在儲存世界,Salvataggio del mondo...,it-IT
正在儲存區塊,Salvataggio dei chunk...,it-IT
正在加载Minecraft,Caricamento di Minecraft...,it-IT
正在播放：%s,In riproduzione: %s,it-IT
正在準備重生點區域：%s%%,Preparazione dell'area di generazione: %s%%,it-IT
正在睡夢中度過今晚,La notte sta passando...,it-IT
正在等待伺服器回應,In attesa del server...,it-IT
正在等待服务器响应,In attesa del server...,it-IT
正在等待确认,In attesa di conferma...,it-IT
正在等待確認,In attesa di conferma...,it-IT
正在處理...,Elaborazione in corso...,it-IT
正在載入 Minecraft,Caricamento di Minecraft...,it-IT
正在載入好友清單...,Caricamento della lista amici...,it-IT
正在載入好友邀請...,Caricamento delle richieste...,it-IT
正在送出您的檢舉...,Invio della segnalazione...,it-IT
正在重新載入所有區塊,Ricaricamento di tutti i chunk...,it-IT
正面文字：,Messaggio anteriore:,it-IT
正面文本：,Messaggio anteriore:,it-IT
此世界不再对多人游戏开放,Mondo non più aperto al multigiocatore,it-IT
此世界中没有玩家可以举报,Nessun giocatore segnalabile,it-IT
此世界现已对在线多人游戏开放。,Mondo aperto al multigiocatore in rete,it-IT
此世界现已对局域网开放。端口号为%s,Mondo aperto in rete locale con numero di porta %s,it-IT
此告示牌的点击操作已被禁用,Non puoi interagire con questo cartello,it-IT
此命令包含意外或缺失的命令参数签名。,Firme degli argomenti del comando non previste o mancanti.,it-IT
"此屏幕的内容由第三方服务器或地图控制，不由Mojang Studios或Microsoft拥有、运营和监督。

请小心操作！点击链接时请务必谨慎，确保不要泄露你的个人信息，包括账号密码等。

如果此屏幕阻止你继续，可以点击下方按钮与当前服务器断开连接。","I contenuti di questa schermata sono controllati da server e mappe di terze parti che non sono posseduti, gestiti o supervisionati da Mojang Studios o Microsoft.

Usare con cautela! Fa' sempre attenzione nel seguire i collegamenti e non fornire mai dati personali, inclusi i dettagli di accesso.

Se questa schermata t'impedisce di giocare, puoi disconnetterti dal server usando il pulsante qui sotto.",it-IT
此玩家的行為使我惱怒或反感。,Questo giocatore m'infastidisce o ha fatto qualcosa che non mi piace.,it-IT
此聊天消息已被服务器删除。,Questo messaggio in chat è stato eliminato dal server.,it-IT
死んでしまった！,Sei morto/a!,it-IT
毒品或酒精,Droghe o alcolici,it-IT
永远不要打开你不信任的人提供的链接！,Mai aprire collegamenti di persone di cui non ti fidi!,it-IT
永遠顯示,Sì,it-IT
沒有人可加入。,Nessuno può entrare nel mondo.,it-IT
沒有待處理的好友邀請,Nessuna richiesta in sospeso,it-IT
没有待处理的好友请求,Nessuna richiesta in sospeso,it-IT
没有找到使用该档案名称的玩家,Non esiste un giocatore con questo nome utente,it-IT
注意！在你署名后，它将不能再被修改。,Attenzione! Dopo aver firmato il libro non potrai più modificarlo.,it-IT
注意！當您在這本書署名後，將無法再修改書中內容。,Attenzione! Dopo aver firmato il libro non potrai più modificarlo.,it-IT
注意！署名をすると、二度と編集ができなくなります。,Attenzione! Dopo aver firmato il libro non potrai più modificarlo.,it-IT
"注意：カスタム設定はサードパーティ製のサーバーまたはコンテンツによって提供されています。
慎重に設定してください！","Nota: le opzioni personalizzate sono fornite da server o contenuti di terze parti.
Usare con cautela!",it-IT
"注意：自訂選項是由第三方伺服器與／或內容提供。
請小心使用！","Nota: le opzioni personalizzate sono fornite da server o contenuti di terze parti.
Usare con cautela!",it-IT
"注：自定义选项由第三方服务器或内容提供。
请小心操作！","Nota: le opzioni personalizzate sono fornite da server o contenuti di terze parti.
Usare con cautela!",it-IT
消息被服务器修改。原文：,Messaggio modificato dal server. Originale:,it-IT
深入了解檢舉機制,Scopri di più sulle segnalazioni,it-IT
添加文件失败,Aggiunta non riuscita,it-IT
游戏暂停,Gioco in pausa,it-IT
游戏结束！,Partita terminata!,it-IT
游戏菜单,Menù di gioco,it-IT
溶鉱可能なアイテムを表示中,Fusioni realizzabili,it-IT
溶鉱炉,Forno fusorio,it-IT
滥发消息或广告宣传,Pubblicità indesiderata,it-IT
漏斗,Tramoggia,it-IT
潜影盒,Scatola di shulker,it-IT
濫發訊息或廣告宣傳,Pubblicità indesiderata,it-IT
点击以禁用槽位,Clicca per disattivare la casella,it-IT
点此传送,Clicca per teletrasportarti,it-IT
烟熏炉,Affumicatore,it-IT
烽火台,Faro,it-IT
無,Nessuno,it-IT
無法傳送。傳送門另一端尚未生成。,Impossibile teletrasportarsi: la destinazione non è ancora stata generata,it-IT
無法傳送聊天訊息,Impossibile inviare il messaggio in chat,it-IT
無法儲存 %s 處的區塊,Salvataggio del chunk in %s non riuscito,it-IT
無法切換遊戲模式，需要權限,Non hai l'autorizzazione a cambiare modalità di gioco,it-IT
無法執行這項好友動作，這可能是因為該帳號的隱私權設定。,Azione non riuscita. Potrebbe dipendere dalle impostazioni di riservatezza del giocatore,it-IT
無法存取檢舉服務。請檢查您是否已連上網路，並重新嘗試。,Impossibile raggiungere il servizio di segnalazione abusi. Assicurati di essere connesso a Internet e riprova.,it-IT
無法新增檔案,Aggiunta non riuscita,it-IT
無法檢舉伺服器訊息。,Messaggio del server. Impossibile segnalare.,it-IT
無法檢舉未認證的訊息。,Messaggio non verificato. Impossibile segnalare.,it-IT
無法檢舉此玩家，因為此伺服器無法驗證該玩家的聊天訊息,Questo giocatore non può essere segnalato perché i suoi messaggi in chat non possono essere verificati in questo server,it-IT
無法載入 %s 處的區塊,Caricamento del chunk in %s non riuscito,it-IT
無法開啟。戰利品尚未生成。,Impossibile aprire: il contenuto non è stato ancora generato,it-IT
煙燻爐,Affumicatore,it-IT
熔炉,Fornace,it-IT
熔爐,Fornace,it-IT
熟練者,Esperto,it-IT
燻製可能なアイテムを表示中,Affumicature realizzabili,it-IT
燻製器,Affumicatore,it-IT
物品栏,Inventario,it-IT
物品欄,Inventario,it-IT
物品無法使用此方式升級,L'oggetto non può essere migliorato in questo modo,it-IT
物品选栏,Selezione oggetti,it-IT
特定の対象に対する有害で攻撃的な発言,Linguaggio offensivo usato in maniera diretta e dannosa,it-IT
玩家 %s 沒有可以檢舉的訊息,Nessun messaggio segnalabile da %s trovato,it-IT
玩家%s没有可举报的消息,Nessun messaggio segnalabile da %s trovato,it-IT
玩家名称,Nome del giocatore,it-IT
玩家名稱,Nome del giocatore,it-IT
玩家外觀,Skin del giocatore,it-IT
玩家皮肤,Skin del giocatore,it-IT
現在、フレンドリストのサービスが利用不能になっています。接続をご確認の上再度お試しください。,Il servizio della lista amici non è al momento disponibile. Controlla la connessione o riprova più tardi,it-IT
"現在、フレンドリストは機能していません。

インターネットの接続をご確認の上、もう一度お試しください。","La lista amici non è al momento disponibile

Controlla la connessione a Internet e riprova",it-IT
"現在、フレンドリストは機能していません。

後でもう一度お試しください。","La lista amici non è al momento disponibile

Riprova più tardi",it-IT
現在、フレンド申請を送信できません,Impossibile inviare la richiesta d'amicizia al momento,it-IT
現実世界において自傷行為や自殺を行う恐れのある、あるいはそれについて話すプレイヤーがいる。,Qualcuno sta minacciando di farsi del male nella vita reale o sta menzionando il farsi del male nella vita reale.,it-IT
現実世界における特定の個人、財産に対する損害を為そうとする意図,Intento di causare danno nella vita reale a persone o beni,it-IT
現実世界における過剰な暴力や残虐行為の描写,Raffigurazioni di scene reali eccessivamente violente o cruente,it-IT
用%1$s+%2$s来保存快捷栏,Salva la barra rapida con %1$s + %2$s,it-IT
用戶端版本資訊：,Informazioni sulla versione del client:,it-IT
用戶端選項已停用聊天功能。,Chat disattivata nelle opzioni del client.,it-IT
由于消息链损坏，聊天已被禁用。请尝试重新连接。,Chat disattivata a causa di una catena spezzata. Prova a riconnetterti.,it-IT
由于玩家档案公钥丢失，聊天已被禁用。请尝试重新连接。,Chat disattivata a causa della crittografia asimmetrica del profilo mancante. Prova a riconnetterti.,it-IT
由于玩家档案公钥过期，聊天已被禁用。请尝试重新连接。,Chat disattivata a causa della crittografia asimmetrica del profilo scaduta. Prova a riconnetterti.,it-IT
由於個人資訊公鑰過期，已停用聊天功能。請嘗試重新連線。,Chat disattivata a causa della crittografia asimmetrica del profilo scaduta. Prova a riconnetterti.,it-IT
由於個人資訊公鑰遺失，已停用聊天功能。請嘗試重新連線。,Chat disattivata a causa della crittografia asimmetrica del profilo mancante. Prova a riconnetterti.,it-IT
由於聊天功能已停用或被封鎖，無法檢舉該玩家,Questo giocatore non può essere segnalato perché la chat è disattivata o bloccata,it-IT
由於訊息鏈中斷，聊天已被停用。請嘗試重新連線。,Chat disattivata a causa di una catena spezzata. Prova a riconnetterti.,it-IT
申請をキャンセル,Annulla richiesta,it-IT
申請を読み込み中…,Caricamento delle richieste...,it-IT
申請（%s）,Richieste (%s),it-IT
界伏盒,Scatola di shulker,it-IT
留言,Commenti,it-IT
發射器,Distributore,it-IT
皮肤图案与性行为、性器官和性暴力相关。,"Skin esplicite con riferimenti ad atti sessuali, organi sessuali o violenza sessuale.",it-IT
目前無法傳送好友邀請,Impossibile inviare la richiesta d'amicizia al momento,it-IT
目标已达成！,Obiettivo raggiunto!,it-IT
目標達成！,Obiettivo raggiunto!,it-IT
看板の編集,Messaggio del cartello:,it-IT
石切台,Tagliapietre,it-IT
破棄,Annulla,it-IT
破烂不堪,Stracciato,it-IT
破舊的,Stracciato,it-IT
确定,OK,it-IT
确认,Conferma,it-IT
碰撞箱：隱藏,Zone di collisione nascoste,it-IT
碰撞箱：顯示,Zone di collisione visibili,it-IT
確定,Conferma,it-IT
確定,OK,it-IT
確定要開啟此連結或將它複製到剪貼簿嗎？,Vuoi aprire questo collegamento o copiarlo negli appunti?,it-IT
確認,Conferma,it-IT
確認を待機中,In attesa di conferma...,it-IT
磁盘空间不足！,Poco spazio su disco!,it-IT
磁碟空間不足！,Poco spazio su disco!,it-IT
社交,Interazioni sociali,it-IT
社交設定,Interazioni sociali,it-IT
社群交流,Interazioni sociali,it-IT
离开并放弃举报,Abbandona e annulla la segnalazione,it-IT
离线,Non in linea,it-IT
移除,Rimuovi,it-IT
移除好友,Rimuovi amico,it-IT
第 %1$s 頁/共 %2$s 頁,Pagina %1$s di %2$s,it-IT
第%1$s页/共%2$s页,Pagina %1$s di %2$s,it-IT
等級需求：%s,Livelli necessari: %s,it-IT
等级要求：%s,Livelli necessari: %s,it-IT
简化调试信息时隐藏。,Non visibile quando le informazioni diagnostiche sono ridotte.,it-IT
箱子,Baule,it-IT
簡化除錯資訊時隱藏。,Non visibile quando le informazioni diagnostiche sono ridotte.,it-IT
类型：%s,Tipo: %s,it-IT
紡織機,Telaio,it-IT
終了,Esci dal gioco,it-IT
終了しますか？,Vuoi davvero abbandonare?,it-IT
終界箱,Baule di ender,it-IT
統計,Statistiche,it-IT
統計情報がありません。,Nessuna statistica trovata.,it-IT
続ける,Continua,it-IT
網路,Rete,it-IT
緊急の危害 - 自傷・自殺行為,Autolesionismo o suicidio,it-IT
線上,In linea,it-IT
線上,In rete,it-IT
線上好友可加入。,I giocatori nella tua lista amici possono entrare nel mondo.,it-IT
線上（Realm）,In linea (Realm),it-IT
線上（世界）,In linea (mondo),it-IT
線上（伺服器）,In linea (server),it-IT
線上（區域網路）,In linea (rete locale),it-IT
編輯告示牌文字,Messaggio del cartello:,it-IT
編輯懸掛式告示牌訊息,Messaggio dell'insegna:,it-IT
編集を続けますか？それとも破棄しますか？,Vuoi continuare a modificarla o annullarla?,it-IT
編集を続ける,Continua a modificare,it-IT
繼續,Continua,it-IT
繼續編輯,Continua a modificare,it-IT
繼續遊戲,Riprendi la partita,it-IT
织布机,Telaio,it-IT
统计信息,Statistiche,it-IT
继续,Continua,it-IT
继续编辑,Continua a modificare,it-IT
继续编辑现有举报还是放弃并新建另一份举报？,Vuoi continuare a modificare la segnalazione in corso o annullarla e crearne una nuova?,it-IT
继续编辑还是放弃？,Vuoi continuare a modificarla o annullarla?,it-IT
编辑告示牌消息,Messaggio del cartello:,it-IT
编辑悬挂式告示牌消息,Messaggio dell'insegna:,it-IT
编辑聊天举报草稿？,Modificare la bozza della segnalazione?,it-IT
网络,Rete,it-IT
署名,Firma,it-IT
署名して閉じる,Firma e chiudi,it-IT
署名並完成,Firma e chiudi,it-IT
署名并关闭,Firma e chiudi,it-IT
老手,Qualificato,it-IT
聊天,chat,it-IT
聊天功能受到帳號設定限制。無法傳送或查看訊息。,Chat disattivata nelle impostazioni dell'account. Impossibile mandare o leggere i messaggi.,it-IT
聊天功能受到帳號設定限制。請重新按下「%s」以取得更多資訊。,Chat disattivata nelle impostazioni dell'account. Premi di nuovo «%s» per ulteriori informazioni.,it-IT
聊天功能受限。点击此消息查看详情。,La chat è limitata. Clicca su questo messaggio per più dettagli.,it-IT
聊天功能受限。請前往「世界選項」中的「限制」畫面。,La chat è limitata. Vai alla finestra delle limitazioni nelle opzioni del mondo.,it-IT
聊天功能受限。请前往世界选项中的行为限制屏幕。,La chat è limitata. Vai alla finestra delle limitazioni nelle opzioni del mondo.,it-IT
聊天功能受限。點擊這個訊息以查看詳細資訊。,La chat è limitata. Clicca su questo messaggio per più dettagli.,it-IT
聊天在启动器选项中被禁用。无法发送消息。,Chat disattivata nelle opzioni del launcher. Impossibile inviare il messaggio.,it-IT
聊天在客户端选项中被禁用。,Chat disattivata nelle opzioni del client.,it-IT
聊天在账户设置中被禁用。再按一次“%s”以获取更多信息。,Chat disattivata nelle impostazioni dell'account. Premi di nuovo «%s» per ulteriori informazioni.,it-IT
聊天在账户设置中被禁用。无法发送或查看消息。,Chat disattivata nelle impostazioni dell'account. Impossibile mandare o leggere i messaggi.,it-IT
聊天屏幕,Schermata della chat,it-IT
聊天欄,Schermata della chat,it-IT
聊天欄,chat,it-IT
聊天欄中沒有已封鎖的玩家,Nessun giocatore bloccato nella chat,it-IT
聊天欄中沒有被隱藏的玩家,Nessun giocatore nascosto nella chat,it-IT
聊天消息,Messaggi in chat,it-IT
聊天签名无效。请尝试重新连接。,Firma della chat non valida. Prova a riconnetterti.,it-IT
聊天簽章無效。請嘗試重新連線。,Firma della chat non valida. Prova a riconnetterti.,it-IT
聊天訊息,Messaggi in chat,it-IT
聊天驗證錯誤,Errore di convalida della chat,it-IT
聊天验证错误,Errore di convalida della chat,it-IT
背面文字：,Messaggio posteriore:,it-IT
背面文本：,Messaggio posteriore:,it-IT
自分のプロフィール名：,Il tuo nome: ,it-IT
自分自身にフレンド申請を送ることは出来ません,Non puoi inviarti una richiesta d'amicizia,it-IT
自動作業台,Fabbricatore,it-IT
自定义选项,Opzioni personalizzate,it-IT
自定义选项…,Opzioni personalizzate...,it-IT
自残或自杀,Autolesionismo o suicidio,it-IT
自殘或自殺,Autolesionismo o suicidio,it-IT
自訂選項,Opzioni personalizzate,it-IT
自訂選項...,Opzioni personalizzate...,it-IT
花费：%s颗青金石,%s lapislazzuli,it-IT
花费：1颗青金石,1 lapislazzuli,it-IT
著者：%1$s,Di %1$s,it-IT
薬物・飲酒,Droghe o alcolici,it-IT
處於同一網路上的玩家可加入。,I giocatori sulla tua stessa rete possono entrare nel mondo.,it-IT
虚偽の通報,Falsa segnalazione,it-IT
蜂蜜：%s / %s,Miele: %s/%s,it-IT
蜂蜜：%s/%s,Miele: %s/%s,it-IT
蜜蜂：%s / %s,Api: %s/%s,it-IT
蜜蜂：%s/%s,Api: %s/%s,it-IT
表側のテキスト：,Messaggio anteriore:,it-IT
被伺服器過濾。,Filtrato dal server.,it-IT
装備の強化,Migliora un oggetto,it-IT
裏側のテキスト：,Messaggio posteriore:,it-IT
製図台,Cartografia,it-IT
製圖台,Cartografia,it-IT
製錬可能なアイテムを表示中,Cotture realizzabili,it-IT
複本,Copia dell'originale,it-IT
複本的複本,Copia di una copia,it-IT
複製到剪貼簿,Copia negli appunti,it-IT
複製連結到剪貼簿,Copia negli appunti,it-IT
要发送的消息：%s,Messaggio da inviare: %s,it-IT
覆蓋層,Cruscotto,it-IT
見習い,Apprendista,it-IT
訊息被伺服器修改過。原文：,Messaggio modificato dal server. Originale:,it-IT
設定…,Opzioni...,it-IT
該外觀不被允許使用,Skin non consentita,it-IT
詳細はログをご確認ください,Controlla il registro per ulteriori dettagli,it-IT
説明：,Descrizione:,it-IT
誰も参加できません。,Nessuno può entrare nel mondo.,it-IT
誹謗,Diffamazione,it-IT
請先閱讀上方文字並勾選核取方塊後，再提交檢舉,Si prega di leggere il testo sopra e selezionare la casella di controllo per poter inviare la segnalazione,it-IT
請更新遊戲以使用好友清單。,Aggiorna il gioco per accedere alla lista amici,it-IT
請求加入,Chiedi di entrare,it-IT
請稍候...,Attendi...,it-IT
請縮短留言,Abbrevia il commento,it-IT
請說明事情經過：,Descrivi quello che è successo:,it-IT
請說明你檢舉這個名稱的原因：,Descrivi perché vuoi segnalare questo nome:,it-IT
請說明檢舉理由。,Perché stai segnalando ciò?,it-IT
請選擇檢舉類別,Seleziona una categoria di segnalazione,it-IT
請選擇至少一則要檢舉的聊天訊息,Seleziona almeno un messaggio in chat da segnalare,it-IT
講台,Leggio,it-IT
"謝謝，您已成功向我們提出檢舉！

我們的團隊將會儘快進行審核。","Abbiamo ricevuto la tua segnalazione. Grazie!

Il nostro team la revisionerà il prima possibile.",it-IT
讲台,Leggio,it-IT
该物品无法用此方式升级,L'oggetto non può essere migliorato in questo modo,it-IT
该玩家使我恼怒或做的事情使我反感。,Questo giocatore m'infastidisce o ha fatto qualcosa che non mi piace.,it-IT
该聊天举报草稿将在退出时丢失,Hai una bozza di segnalazione che andrà persa se abbandoni,it-IT
请先阅读上方文本并勾选复选框后，再发送举报,Si prega di leggere il testo sopra e selezionare la casella di controllo per poter inviare la segnalazione,it-IT
请描述举报该名称的理由：,Descrivi perché vuoi segnalare questo nome:,it-IT
请描述发生的状况：,Descrivi quello che è successo:,it-IT
请更新游戏以访问好友列表。,Aggiorna il gioco per accedere alla lista amici,it-IT
请检查你的配方书,Controlla il ricettario,it-IT
请求加入,Chiedi di entrare,it-IT
请求（%s）,Richieste (%s),it-IT
请稍候…,Attendi...,it-IT
请缩短留言,Abbrevia il commento,it-IT
请选择举报类型,Seleziona una categoria di segnalazione,it-IT
请选择至少一条要举报的聊天消息,Seleziona almeno un messaggio in chat da segnalare,it-IT
诽谤,Diffamazione,it-IT
调试屏幕文本,Informazioni diagnostiche,it-IT
调试渲染器,Visualizzazioni diagnostiche,it-IT
调试选项,Opzioni diagnostiche,it-IT
账户已被暂时封禁,Account temporaneamente sospeso,it-IT
账户已被永久封禁,Account permanentemente bannato,it-IT
輸入書名：,Titolo del libro:,it-IT
輸入玩家檔案名稱,Inserisci il nome utente,it-IT
輸入訊息後按下 Enter 鍵傳送,Scrivi un messaggio e premi Invio per inviarlo,it-IT
输入书名：,Titolo del libro:,it-IT
输入消息并按Enter键发送,Scrivi un messaggio e premi Invio per inviarlo,it-IT
输入玩家档案名称,Inserisci il nome utente,it-IT
辞退,Rifiuta,it-IT
过于昂贵！,Costa troppo!,it-IT
过多虚假或不实举报,Numero eccessivo di segnalazioni false o imprecise,it-IT
返回,Indietro,it-IT
返回 Realms 清單,Torna alla lista dei Realm,it-IT
返回世界清單,Torna alla lista dei mondi,it-IT
返回伺服器清單,Torna alla lista dei server,it-IT
返回到Realm列表,Torna alla lista dei Realm,it-IT
返回到世界列表,Torna alla lista dei mondi,it-IT
返回到服务器列表,Torna alla lista dei server,it-IT
返回到标题屏幕,Torna al menù principale,it-IT
返回標題畫面,Torna al menù principale,it-IT
返回（%s 秒）,Indietro (%s s),it-IT
返回（%s秒）,Indietro (%s s),it-IT
还有%s项未显示…,e altri %s...,it-IT
这些选项仅用于测试目的。它们可能会拖慢你的电脑，使游戏崩溃，或者吃掉你的宠物石头。,"Queste opzioni sono disponibili a scopo di collaudo. Potrebbero rallentare il tuo computer, far arrestare il gioco o rubarti la merenda appena ti distrai.",it-IT
这是一个自定义屏幕。了解更多信息。,Questa è una schermata personalizzata. Scopri di più.,it-IT
这是一个自定义屏幕。点击此处了解更多信息。,Questa è una schermata personalizzata. Clicca qui per saperne di più.,it-IT
这里好像什么都没有……,Sembra non esserci nulla qua...,it-IT
进度,Progressi,it-IT
进度已达成！,Progresso compiuto!,it-IT
违反社区准则,Violazione delle norme della collettività,it-IT
"追加したフレンドはここに表示されます。

%sでオンラインの安全設定を管理できます。","Gli amici appariranno qua

Gestisci la sicurezza in rete con l'%s",it-IT
退出するとチャットの通報の下書きが破棄されます,Hai una bozza di segnalazione che andrà persa se abbandoni,it-IT
退出游戏,Esci dal gioco,it-IT
送信済み,Inviate,it-IT
送出檢舉時發生問題,Errore durante l'invio della segnalazione,it-IT
选择一名玩家作为传送目标,Scegli un giocatore presso cui teletrasportarti,it-IT
选择一支队伍作为传送目标,Scegli una squadra presso cui teletrasportarti,it-IT
选择举报类型,Seleziona una categoria per la segnalazione,it-IT
选择要举报的聊天消息,Seleziona i messaggi in chat da segnalare,it-IT
选项…,Opzioni...,it-IT
透過物描画の改良：有効,Trasparenza migliorata attivata,it-IT
透過物描画の改良：無効,Trasparenza migliorata disattivata,it-IT
這些選項僅供測試，可能會拖慢電腦速度、使遊戲崩潰，或者吃掉你的寵物石頭。,"Queste opzioni sono disponibili a scopo di collaudo. Potrebbero rallentare il tuo computer, far arrestare il gioco o rubarti la merenda appena ti distrai.",it-IT
這個世界中沒有可檢舉的玩家,Nessun giocatore segnalabile,it-IT
這個世界已不再開放多人遊戲,Mondo non più aperto al multigiocatore,it-IT
這個世界已開放區域網路連線。連接埠號碼為 %s,Mondo aperto in rete locale con numero di porta %s,it-IT
這個世界已開放線上多人遊戲。,Mondo aperto al multigiocatore in rete,it-IT
這個告示牌已停用點擊動作,Non puoi interagire con questo cartello,it-IT
"這個畫面的內容是由第三方伺服器和地圖控制，不由 Mojang Studios 或 Microsoft 擁有、營運或監督。

請小心操作！點擊連結時務必謹慎，切勿洩露你的個人資訊，包括帳號密碼等。

如果這個畫面阻止你繼續，可以點擊下方按鈕從目前伺服器中斷連線。","I contenuti di questa schermata sono controllati da server e mappe di terze parti che non sono posseduti, gestiti o supervisionati da Mojang Studios o Microsoft.

Usare con cautela! Fa' sempre attenzione nel seguire i collegamenti e non fornire mai dati personali, inclusi i dettagli di accesso.

Se questa schermata t'impedisce di giocare, puoi disconnetterti dal server usando il pulsante qui sotto.",it-IT
這則訊息已被伺服器刪除。,Questo messaggio in chat è stato eliminato dal server.,it-IT
這是一個自訂畫面。了解更多資訊。,Questa è una schermata personalizzata. Scopri di più.,it-IT
這是一個自訂畫面。按此了解更多資訊。,Questa è una schermata personalizzata. Clicca qui per saperne di più.,it-IT
這裡似乎什麼都沒有...,Sembra non esserci nulla qua...,it-IT
通報,Segnala,it-IT
通報する,Invia segnalazione,it-IT
通報するチャットメッセージを一つ以上選択してください,Seleziona almeno un messaggio in chat da segnalare,it-IT
通報するチャットメッセージを選択,Seleziona i messaggi in chat da segnalare,it-IT
通報する上で、報告する情報があなたの知る限り正確で不足はないことを確認します。,"Inviando questa segnalazione, confermi che le informazioni che hai fornito sono accurate e complete al meglio delle tue conoscenze.",it-IT
通報する理由をご記入ください。,Perché stai segnalando ciò?,it-IT
通報する理由を選択してください。,Perché stai segnalando ciò?,it-IT
通報について,Scopri di più sulle segnalazioni,it-IT
通報のメッセージが長すぎます,Troppi messaggi inclusi nella segnalazione,it-IT
通報の内容を破棄して閉じる,Abbandona e annulla la segnalazione,it-IT
通報の送信中にエラー「%s」が返されました。,"Si è verificato un errore durante l'invio della tua segnalazione:
«%s»",it-IT
通報の送信中に予期せぬエラーが発生しました。,C'è stato un errore imprevisto durante l'invio della tua segnalazione.,it-IT
通報の送信中に問題が発生しました,Errore durante l'invio della segnalazione,it-IT
通報の送信時に不正なペイロードが発生しました。,C'è stato un carico utile non corretto durante l'invio della tua segnalazione.,it-IT
通報の送信時に予期せぬHTTPエラーが発生しました。,Si è verificato un errore imprevisto del protocollo HTTP durante l'invio della tua segnalazione.,it-IT
"通報を受理しました。ありがとうございます。

私達のチームはできるだけ早く、寄せられた通報を確認いたします。","Abbiamo ricevuto la tua segnalazione. Grazie!

Il nostro team la revisionerà il prima possibile.",it-IT
通報を送信しました,Segnalazione inviata,it-IT
通報を送信中…,Invio della segnalazione...,it-IT
通報カテゴリを選択,Seleziona una categoria per la segnalazione,it-IT
通報カテゴリを選択してください,Seleziona una categoria di segnalazione,it-IT
通報サービスを利用できません。,Il servizio di segnalazioni non è disponibile,it-IT
通報内容とコメントを破棄しますか？,Annullare la segnalazione e i commenti?,it-IT
通報内容を破棄して閉じる,Abbandona e annulla la segnalazione,it-IT
進度,Progressi,it-IT
進度達成！,Progresso compiuto!,it-IT
進捗,Progressi,it-IT
進捗達成！,Progresso compiuto!,it-IT
進階提示：隱藏,Descrizioni avanzate nascoste,it-IT
進階提示：顯示,Descrizioni avanzate visibili,it-IT
遊戲崩潰倒數 %s...,Arresto del gioco tra %s...,it-IT
遊戲暫停,Gioco in pausa,it-IT
遊戲結束！,Partita terminata!,it-IT
遊戲選單,Menù di gioco,it-IT
遊玩試玩世界,Gioca nel mondo di prova,it-IT
過多虛假或不實檢舉,Numero eccessivo di segnalazioni false o imprecise,it-IT
達人,Mastro,it-IT
違反社群準則,Violazione delle norme della collettività,it-IT
違法薬物に関する発言,Riferimenti a droghe illegali,it-IT
違法薬物に関する行為への参加や、未成年の飲酒を助長する人がいる。,Qualcuno sta incoraggiando gli altri a partecipare ad attività illegali legate alla droga o all'alcolismo minorile.,it-IT
選取要檢舉的聊天訊息,Seleziona i messaggi in chat da segnalare,it-IT
選択されたメッセージの前後のメッセージは、処分の判断を行う上で、文脈を把握するための追加の判断材料として使用されます。,I messaggi adiacenti verranno inclusi per fornire del contesto aggiuntivo,it-IT
選擇一位玩家作為傳送目標,Scegli un giocatore presso cui teletrasportarti,it-IT
選擇一個隊伍作為傳送目標,Scegli una squadra presso cui teletrasportarti,it-IT
選擇檢舉類別,Seleziona una categoria per la segnalazione,it-IT
選擇物品,Selezione oggetti,it-IT
選擇要檢舉的聊天訊息,Seleziona i messaggi in chat da segnalare,it-IT
選項...,Opzioni...,it-IT
邀請,Invita,it-IT
邀请,Invita,it-IT
還有 %s 件物品...,e altri %s...,it-IT
酿造台,Alambicco,it-IT
醸造台,Alambicco,it-IT
釀造台,Alambicco,it-IT
重新加载所有区块中,Ricaricamento di tutti i chunk...,it-IT
重生,Rinasci,it-IT
重置试玩世界,Ripristina il mondo di prova,it-IT
重設試玩世界,Ripristina il mondo di prova,it-IT
銷毀物品,Distruggi,it-IT
鍛冶型を置いてください,Inserisci uno schema di forgiatura,it-IT
開啟報告資料夾,Apri la cartella dei rapporti,it-IT
開啟這個連結，以管理隱私權與線上安全設定。,Apri questo collegamento per gestire le impostazioni di riservatezza e sicurezza in rete.,it-IT
關於自訂畫面的說明,Nota riguardante le schermate personalizzate,it-IT
關閉,No,it-IT
關閉選單,Chiudi il menù,it-IT
附魔,Incanta,it-IT
附魔成本：%1$s,Costo: %1$s,it-IT
附魔花费：%1$s,Costo: %1$s,it-IT
除錯渲染器,Visualizzazioni diagnostiche,it-IT
除錯畫面文字,Informazioni diagnostiche,it-IT
除錯選項,Opzioni diagnostiche,it-IT
隐藏,Nascosti,it-IT
隐藏 - 离线,Nascosto/a — Non in linea,it-IT
隐藏%s发送的消息,Nascondi messaggi da %s,it-IT
隐藏消息,Nascondi messaggi,it-IT
隱藏,Nascosti,it-IT
隱藏 - 離線,Nascosto/a — Non in linea,it-IT
隱藏來自 %s 的訊息,Nascondi messaggi da %s,it-IT
隱藏訊息,Nascondi messaggi,it-IT
離線,Non in linea,it-IT
離開並捨棄檢舉,Abbandona e annulla la segnalazione,it-IT
離開遊戲,Esci dal gioco,it-IT
非表示中,Nascosti,it-IT
非表示中 - オフライン,Nascosto/a — Non in linea,it-IT
預設設定檔,Profilo predefinito,it-IT
類型：%s,Tipo: %s,it-IT
顯示來自 %s 的訊息,Mostra messaggi da %s,it-IT
顯示訊息,Mostra messaggi,it-IT
騷擾或霸凌,Molestie o bullismo,it-IT
骚扰或霸凌,Molestie o bullismo,it-IT
高度な情報：表示,Descrizioni avanzate visibili,it-IT
高度な情報：非表示,Descrizioni avanzate nascoste,it-IT
高炉,Forno fusorio,it-IT
高爐,Forno fusorio,it-IT
高级提示框：显示,Descrizioni avanzate visibili,it-IT
高级提示框：隐藏,Descrizioni avanzate nascoste,it-IT
默认配置,Profilo predefinito,it-IT
같은 네트워크에 있는 플레이어가 참여할 수 있습니다.,I giocatori sulla tua stessa rete possono entrare nel mondo.,it-IT
개선된 투명도: 꺼짐,Trasparenza migliorata disattivata,it-IT
개선된 투명도: 켜짐,Trasparenza migliorata attivata,it-IT
"개인적이고 은밀한 촬영물에 대해 대화, 유포 및 선동하고 있습니다.","Qualcuno sta menzionando, condividendo o promuovendo immagini private e intime.",it-IT
거래,Scambi,it-IT
거절,Rifiuta,it-IT
검색...,Cerca...,it-IT
검증할 수 없는 메시지입니다. 신고할 수 없습니다.,Messaggio non verificato. Impossibile segnalare.,it-IT
게임 메뉴,Menù di gioco,it-IT
게임 오버!,Partita terminata!,it-IT
게임 일시 정지,Gioco in pausa,it-IT
게임 종료,Esci dal gioco,it-IT
게임으로,Riprendi la partita,it-IT
계속 편집,Continua a modificare,it-IT
계속하기,Continua,it-IT
계정 설정에서 대화가 금지되어 있습니다. 메시지를 보내거나 볼 수 없습니다.,Chat disattivata nelle impostazioni dell'account. Impossibile mandare o leggere i messaggi.,it-IT
계정 설정에서 대화가 금지되어 있습니다. 자세히 알아보려면 '%s'을(를) 다시 누르세요.,Chat disattivata nelle impostazioni dell'account. Premi di nuovo «%s» per ulteriori informazioni.,it-IT
계정 영구 차단,Account permanentemente bannato,it-IT
계정 일시 정지,Account temporaneamente sospeso,it-IT
계정의 온라인 플레이가 영구적으로 정지되었습니다,Il tuo account è permanentemente sospeso dal gioco in rete,it-IT
계정의 온라인 플레이가 일시적으로 정지되었습니다,Il tuo account è temporaneamente sospeso dal gioco in rete,it-IT
계정이 영구 차단되어 온라인 플레이나 Realms 참여가 불가합니다.,"Il tuo account è permanentemente bannato, quindi non puoi giocare in rete o entrare nei Realm.",it-IT
계정이 일시 정지되어 %s 뒤에 다시 활성화됩니다.,Il tuo account è temporaneamente sospeso e verrà riattivato tra %s.,it-IT
고급 도구 설명: 숨김,Descrizioni avanzate nascoste,it-IT
고급 도구 설명: 표시,Descrizioni avanzate visibili,it-IT
공급기,Gettatore,it-IT
과도한 허위 및 부정확한 신고,Numero eccessivo di segnalazioni false o imprecise,it-IT
권한이 없어 게임 모드 전환기를 열 수 없습니다,Non hai l'autorizzazione a cambiare modalità di gioco,it-IT
권한이 없어 게임 모드를 변경할 수 없습니다,Non hai l'autorizzazione a cambiare modalità di gioco,it-IT
기능공,Qualificato,it-IT
기다려 주세요...,Attendi...,it-IT
기본 프로필,Profilo predefinito,it-IT
꺼짐,No,it-IT
꿀: %s / %s,Miele: %s/%s,it-IT
꿀벌: %s / %s,Api: %s/%s,it-IT
"나쁜 행위를 보신 곳이 어디인가요?
이 내용은 사례를 조사하는 데 도움이 됩니다.","Dove hai notato un comportamento scorretto?
Saperlo ci aiuterà ad analizzare il caso.",it-IT
낡음,Stracciato,it-IT
내 프로필 이름: ,Il tuo nome: ,it-IT
내리려면 %1$s을(를) 누르세요,Premi %1$s per scendere,it-IT
너무 비쌉니다!,Costa troppo!,it-IT
네트워크,Rete,it-IT
다른 사람들을 이용하거나 오도하기 위해 사칭 또는 정보 유포,Sostituzione di persona o diffusione d'informazioni al fine d'ingannare o approfittarsi di altri,it-IT
다른 사람들을 이용하거나 오도할 목적으로 허위 사실을 유포하는 등 타인의 평판을 깎아내리고 있습니다.,"Qualcuno sta danneggiando la reputazione tua o di qualcun altro, per esempio condividendo informazioni false con lo scopo di sfruttare o ingannare gli altri.",it-IT
다른 플레이어 설정,Impostazioni per gli altri giocatori,it-IT
다음 메시지를 표시하려면 클릭,Clicca per mostrare il prossimo messaggio,it-IT
다음 웹사이트를 여시겠습니까?,Vuoi davvero aprire questo sito?,it-IT
다음 쪽,Avanti,it-IT
다음 페이지,Pagina successiva,it-IT
달인,Mastro,it-IT
"당신 또는 다른 사람에게 수치심을 주거나, 공격하거나, 괴롭히고 있습니다. 동의 없이 반복적으로 연락을 시도하거나, 개인 정보를 동의 없이 게시(""신상 털기"")하는 경우를 포함합니다.","Qualcuno sta umiliando, aggredendo o bullizzando te o qualcun altro. Ciò comprende quando qualcuno tenta ripetutamente di contattare te o qualcun altro senza permesso o condivide informazioni personali private su di te o qualcun altro senza permesso.",it-IT
대기 중인 친구 요청이 없습니다,Nessuna richiesta in sospeso,it-IT
대장장이 형판을 놓으세요,Inserisci uno schema di forgiatura,it-IT
대화,chat,it-IT
대화 검증 오류,Errore di convalida della chat,it-IT
대화 메시지,Messaggi in chat,it-IT
대화 메시지 전송이 금지되어 있습니다,L'invio di messaggi in chat non è consentito,it-IT
대화 메시지를 보낼 수 없습니다,Impossibile inviare il messaggio in chat,it-IT
대화 화면,Schermata della chat,it-IT
대화가 제한되어 있습니다. 더 자세한 정보를 확인하려면 이 메시지를 클릭하세요.,La chat è limitata. Clicca su questo messaggio per più dettagli.,it-IT
대화가 제한되어 있습니다. 세계 설정의 제한 화면을 확인하세요.,La chat è limitata. Vai alla finestra delle limitazioni nelle opzioni del mondo.,it-IT
대화에서 숨겨진 플레이어 없음,Nessun giocatore nascosto nella chat,it-IT
대화에서 숨기기,Nascondi nella chat,it-IT
대화에서 차단된 플레이어 없음,Nessun giocatore bloccato nella chat,it-IT
대화에서 표시,Mostra nella chat,it-IT
대화의 서명이 잘못되었습니다. 다시 접속해 보세요.,Firma della chat non valida. Prova a riconnetterti.,it-IT
더 보려면 우클릭하세요,Tasto destro per altre ricette,it-IT
도전 완료!,Impresa completata!,it-IT
독서대,Leggio,it-IT
동적 텍스처를 %s에 저장했습니다,Grafiche dinamiche salvate in %s,it-IT
뒤로,Indietro,it-IT
뒤로 (%s초),Indietro (%s s),it-IT
뒷면 문구:,Messaggio posteriore:,it-IT
디버그 렌더러,Visualizzazioni diagnostiche,it-IT
디버그 설정,Opzioni diagnostiche,it-IT
디버그 정보가 축소되었을 때 표시되지 않습니다.,Non visibile quando le informazioni diagnostiche sono ridotte.,it-IT
디버그 화면 문구,Informazioni diagnostiche,it-IT
디스크 공간 적음!,Poco spazio su disco!,it-IT
런처 설정에서 대화가 꺼져 있습니다. 메시지를 보낼 수 없습니다.,Chat disattivata nelle opzioni del launcher. Impossibile inviare il messaggio.,it-IT
로그에서 더 자세한 정보를 확인하세요,Controlla il registro per ulteriori dettagli,it-IT
리소스 팩을 새로 고쳤습니다,Pacchetti di risorse ricaricati,it-IT
리스폰,Rinasci,it-IT
마법 부여,Incanta,it-IT
마법 부여 레벨 %s,%s livelli di esperienza,it-IT
마법 부여 레벨 1,1 livello di esperienza,it-IT
마법 부여 비용: %1$s,Costo: %1$s,it-IT
마약 또는 음주,Droghe o alcolici,it-IT
매다는 표지판 문구 편집,Messaggio dell'insegna:,it-IT
멀티플레이,Multigiocatore,it-IT
멀티플레이 (LAN),Multigiocatore (rete locale),it-IT
멀티플레이 (Realms),Multigiocatore (Realms),it-IT
멀티플레이 (온라인),Multigiocatore (in rete),it-IT
멀티플레이 (제삼자 서버),Multigiocatore (server di terze parti),it-IT
멀티플레이가 꺼져 있습니다. Microsoft 계정 설정을 확인해 주세요.,La modalità multigiocatore è disattivata. Controlla le impostazioni del tuo account Microsoft.,it-IT
멀티플레이에서 허용되지 않는 이름,Nome non consentito in multigiocatore,it-IT
메뉴 닫기,Chiudi il menù,it-IT
메시지 보이기,Mostra messaggi,it-IT
메시지 숨기기,Nascondi messaggi,it-IT
메시지를 입력하고 Enter를 눌러 전송하세요,Scrivi un messaggio e premi Invio per inviarlo,it-IT
명령어 전송이 금지되어 있습니다,L'invio di comandi non è consentito,it-IT
명령어에 예기치 않았거나 누락된 명령어 인수 서명이 있습니다.,Firme degli argomenti del comando non previste o mancanti.,it-IT
명예 훼손,Diffamazione,it-IT
모두,Tutti,it-IT
모두 표시 중,Tutte le ricette,it-IT
모든 청크 새로 고침 중,Ricaricamento di tutti i chunk...,it-IT
"모욕, 성희롱 또는 괴롭힘",Molestie o bullismo,it-IT
목표 달성!,Obiettivo raggiunto!,it-IT
무슨 일이 있었는지 설명해 주세요:,Descrivi quello che è successo:,it-IT
"문제가 발생했습니다 (당신의 친구가 아니라, 이 기능에요!)

나중에 다시 시도해 주세요.","Qualcosa non va... con questa funzionalità, mica coi tuoi amici!

Riprova più tardi",it-IT
받음,Ricevute,it-IT
발사기,Distributore,it-IT
발전 과제,Progressi,it-IT
발전 과제 달성!,Progresso compiuto!,it-IT
버그 제보하기,Segnala errori,it-IT
베틀,Telaio,it-IT
변경 사항 적용,Modifica,it-IT
보고서 디렉터리 열기,Apri la cartella dei rapporti,it-IT
보관함,Inventario,it-IT
보냄,Inviate,it-IT
복사본의 복사본,Copia di una copia,it-IT
부적절한 플레이어 이름 신고,Segnala nome inappropriato del giocatore,it-IT
불법 마약 관련 행동이나 법적 제한보다 낮은 나이의 음주를 장려하고 있습니다.,Qualcuno sta incoraggiando gli altri a partecipare ad attività illegali legate alla droga o all'alcolismo minorile.,it-IT
불법 마약 언급,Riferimenti a droghe illegali,it-IT
브라우저에서 열기,Apri collegamento,it-IT
빠른 행동,Azioni rapide,it-IT
빠른 행동...,Azioni rapide...,it-IT
사용자 지정 설정,Opzioni personalizzate,it-IT
사용자 지정 설정...,Opzioni personalizzate...,it-IT
사용자 지정 화면 거부됨,Schermata personalizzata rifiutata,it-IT
사용자 지정 화면에 대한 안내,Nota riguardante le schermate personalizzate,it-IT
사회적 상호 작용,Interazioni sociali,it-IT
상자,Baule,it-IT
새로운 제작법 잠금 해제!,Nuove ricette sbloccate!,it-IT
서명하고 닫기,Firma e chiudi,it-IT
서명하기,Firma,it-IT
서버 링크,Collegamenti del server,it-IT
서버 링크...,Collegamenti...,it-IT
서버 메시지.,Messaggio del server.,it-IT
서버 메시지입니다. 신고할 수 없습니다.,Messaggio del server. Impossibile segnalare.,it-IT
서버 목록으로 돌아가기,Torna alla lista dei server,it-IT
서버 측 개체 데이터를 클립보드에 복사했습니다,Dati entità (lato server) copiati negli appunti,it-IT
서버 측 블록 데이터를 클립보드에 복사했습니다,Dati blocco (lato server) copiati negli appunti,it-IT
서버가 삭제한 메시지입니다.,Questo messaggio in chat è stato eliminato dal server.,it-IT
서버가 수정한 메시지입니다. 원본:,Messaggio modificato dal server. Originale:,it-IT
서버가 일부 플레이어에게 당신의 메시지를 숨겼습니다.,Il server ha nascosto il tuo messaggio per alcuni giocatori.,it-IT
서버가 일부를 가림.,Filtrato dal server.,it-IT
서버가 잘못된 메시지를 보냈습니다.,Messaggio del server non valido.,it-IT
서버를 기다리는 중,In attesa del server...,it-IT
서버에 신고하기,Segnala al server,it-IT
석재 절단기,Tagliapietre,it-IT
선택한 메시지의 전후 메시지 또한 추가 맥락을 제공하기 위해 포함됩니다,I messaggi adiacenti verranno inclusi per fornire del contesto aggiuntivo,it-IT
설명,Commenti,it-IT
설명 길이를 줄여 주세요,Abbrevia il commento,it-IT
설명:,Descrizione:,it-IT
설정...,Opzioni...,it-IT
성능 프로필,Profilo prestazioni,it-IT
성적으로 부적절,Contenuti sessuali non appropriati,it-IT
성적인 주제 또는 내용,Argomenti o contenuti di natura sessuale,it-IT
"성행위, 성기, 성폭력과 관련된 내용이 사실적으로 표현된 스킨","Skin esplicite con riferimenti ad atti sessuali, organi sessuali o violenza sessuale.",it-IT
세계 관전,Rinasci come spettatore,it-IT
세계 목록으로 돌아가기,Torna alla lista dei mondi,it-IT
세계 저장 중,Salvataggio del mondo...,it-IT
세계를 저장하지 못할 수 있습니다.,Il salvataggio del mondo potrebbe fallire.,it-IT
셜커 상자,Scatola di shulker,it-IT
수락,Accetta,it-IT
수리 및 마법 풀기,Ripara e disincanta,it-IT
수리 및 이름 바꾸기,Ripara e denomina,it-IT
수습생,Apprendista,it-IT
수신한 대화의 순서가 잘못되었습니다. 시스템 시간이 변경되었나요?,Pacchetti chat non funzionanti. L'orario del tuo computer è stato modificato?,it-IT
순간이동 대상 팀을 선택하세요,Scegli una squadra presso cui teletrasportarti,it-IT
순간이동 대상 플레이어를 선택하세요,Scegli un giocatore presso cui teletrasportarti,it-IT
순간이동하려면 클릭,Clicca per teletrasportarti,it-IT
순간이동할 수 없습니다. 반대쪽이 아직 생성되지 않았습니다.,Impossibile teletrasportarsi: la destinazione non è ancora stata generata,it-IT
숨겨진 메시지 %s개,%s messaggio/i nascosto/i,it-IT
숨겨짐,Nascosti,it-IT
숨겨짐 - 오프라인,Nascosto/a — Non in linea,it-IT
숨김,Nascosti,it-IT
스팸 또는 광고,Pubblicità indesiderata,it-IT
스폰 영역 준비 중: %s%%,Preparazione dell'area di generazione: %s%%,it-IT
슬롯을 끄려면 클릭,Clicca per disattivare la casella,it-IT
승인을 기다리는 중,In attesa di conferma...,it-IT
신고,Segnala,it-IT
신고 대상으로 대화 메시지 %s개 선택,%s messaggio/i in chat selezionato/i per la segnalazione,it-IT
신고 범주 선택,Seleziona una categoria per la segnalazione,it-IT
신고 범주를 선택해 주세요,Seleziona una categoria di segnalazione,it-IT
신고 보내기,Invia segnalazione,it-IT
신고 서비스를 사용할 수 없습니다,Il servizio di segnalazioni non è disponibile,it-IT
신고 전송 중 예상치 못한 HTTP 오류가 발생했습니다.,Si è verificato un errore imprevisto del protocollo HTTP durante l'invio della tua segnalazione.,it-IT
신고 전송 중 예상치 못한 오류가 발생했습니다.,C'è stato un errore imprevisto durante l'invio della tua segnalazione.,it-IT
신고 전송 중 잘못된 형식의 페이로드를 발견했습니다.,C'è stato un carico utile non corretto durante l'invio della tua segnalazione.,it-IT
신고 전송 중...,Invio della segnalazione...,it-IT
신고 전송됨,Segnalazione inviata,it-IT
신고 접수 서비스에 연결할 수 없습니다. 인터넷에 연결되었는지 확인 후에 다시 시도해 주세요.,Impossibile raggiungere il servizio di segnalazione abusi. Assicurati di essere connesso a Internet e riprova.,it-IT
신고 제출 중 문제 발생,Errore durante l'invio della segnalazione,it-IT
신고 취소,Annulla,it-IT
신고 취소 및 나가기,Abbandona e annulla la segnalazione,it-IT
"신고가 성공적으로 접수되었습니다. 감사합니다!

저희 팀이 가능한 한 빨리 검토하겠습니다.","Abbiamo ricevuto la tua segnalazione. Grazie!

Il nostro team la revisionerà il prima possibile.",it-IT
"신고를 성공적으로 접수했습니다. 감사합니다!

저희 팀이 가능한 한 빨리 검토하겠습니다.","Abbiamo ricevuto la tua segnalazione. Grazie!

Il nostro team la revisionerà il prima possibile.",it-IT
"신고를 전송하는 중 오류가 반환됐습니다:
'%s'","Si è verificato un errore durante l'invio della tua segnalazione:
«%s»",it-IT
신고를 제출하려면 위의 글을 읽고 체크상자에 표시해 주세요,Si prega di leggere il testo sopra e selezionare la casella di controllo per poter inviare la segnalazione,it-IT
"신고를 제출함으로써, 제공하는 정보가 본인이 아는 한 정확하고 완전함을 확인합니다.","Inviando questa segnalazione, confermi che le informazioni che hai fornito sono accurate e complete al meglio delle tue conoscenze.",it-IT
신고에 대해 알아보기,Scopri di più sulle segnalazioni,it-IT
신고에 포함하려는 메시지가 너무 많습니다,Troppi messaggi inclusi nella segnalazione,it-IT
신고와 설명을 폐기할까요?,Annullare la segnalazione e i commenti?,it-IT
신고하고 싶습니다,Voglio segnalare questo giocatore,it-IT
신고하려는 이유가 무엇인가요?,Perché stai segnalando ciò?,it-IT
신고할 대화 메시지를 선택하세요,Seleziona i messaggi in chat da segnalare,it-IT
신고할 메시지를 하나 이상 선택해 주세요,Seleziona almeno un messaggio in chat da segnalare,it-IT
신뢰하지 않는 사이트는 절대 열지 마십시오!,Mai aprire collegamenti di persone di cui non ti fidi!,it-IT
신호기,Faro,it-IT
싱글플레이,Giocatore singolo,it-IT
아니요,No,it-IT
아동 성 착취 또는 학대,Sfruttamento o abuso sessuale di minori,it-IT
아동과 관련된 외설적 행동에 대해 말하거나 조장하고 있습니다.,Qualcuno sta menzionando o promuovendo comportamenti indecenti con minori.,it-IT
아래로,Giù,it-IT
아무것도 없어 보이네요...,Sembra non esserci nulla qua...,it-IT
아무도 참여할 수 없습니다.,Nessuno può entrare nel mondo.,it-IT
아무리 휴식을 취해도 오늘 밤을 넘길 수 없습니다,Non è possibile saltare la notte,it-IT
아이템 단축 바가 저장되었습니다 (%1$s + %2$s 키로 불러오기),Barra rapida salvata (ripristinala con %1$s + %2$s),it-IT
아이템 선택,Selezione oggetti,it-IT
아이템 파괴,Distruggi,it-IT
아이템 호퍼,Tramoggia,it-IT
알 수 없는 제작법입니다: %s,Ricetta sconosciuta: %s,it-IT
앞면 문구:,Messaggio anteriore:,it-IT
양조기,Alambicco,it-IT
없음,Nessuno,it-IT
엔더 상자,Baule di ender,it-IT
연결 끊기,Disconnettiti,it-IT
열 수 없습니다. 노획물이 아직 생성되지 않았습니다.,Impossibile aprire: il contenuto non è stato ancora generato,it-IT
예,Sì,it-IT
오버레이에서,Cruscotto,it-IT
오프라인,Non in linea,it-IT
온라인,In linea,it-IT
온라인,In rete,it-IT
온라인 (LAN),In linea (rete locale),it-IT
온라인 (Realm),In linea (Realm),it-IT
온라인 (서버),In linea (server),it-IT
온라인 (세계),In linea (mondo),it-IT
온라인으로 플레이하려면 이름을 변경해야 합니다,Devi cambiare il nome prima di poter giocare in rete,it-IT
온라인인 친구가 참여할 수 있습니다.,I giocatori nella tua lista amici possono entrare nel mondo.,it-IT
완료,Fatto,it-IT
외 %s개 더...,e altri %s...,it-IT
외설물 및 음란물 표시,Condivisione di materiali osceni o pornografici,it-IT
요청 (%s),Richieste (%s),it-IT
요청 취소,Annulla richiesta,it-IT
요청을 불러오는 중...,Caricamento delle richieste...,it-IT
용광 가능한 아이템 표시 중,Fusioni realizzabili,it-IT
용광로,Forno fusorio,it-IT
원본,Originale,it-IT
원본의 복사본,Copia dell'originale,it-IT
위로,Su,it-IT
위치를 클립보드에 복사했습니다,Posizione copiata negli appunti,it-IT
유형: %s,Tipo: %s,it-IT
이 링크를 열거나 클립보드에 복사하시겠습니까?,Vuoi aprire questo collegamento o copiarlo negli appunti?,it-IT
이 링크를 열어 개인 정보 및 온라인 안전 설정을 관리하세요.,Apri questo collegamento per gestire le impostazioni di riservatezza e sicurezza in rete.,it-IT
이 방식으로는 이 아이템을 강화할 수 없습니다,L'oggetto non può essere migliorato in questo modo,it-IT
이 서버에서는 대화 메시지를 검증할 수 없으므로 해당 플레이어를 신고할 수 없습니다,Questo giocatore non può essere segnalato perché i suoi messaggi in chat non possono essere verificati in questo server,it-IT
"이 설정들은 테스트 전용입니다. 컴퓨터를 느려지게 하거나, 게임에 크래시를 내거나, 당신의 애완 돌을 먹어 버릴 수도 있습니다.","Queste opzioni sono disponibili a scopo di collaudo. Potrebbero rallentare il tuo computer, far arrestare il gioco o rubarti la merenda appena ti distrai.",it-IT
이 세계가 이제 LAN에 공개됩니다. 포트 번호는 %s입니다,Mondo aperto in rete locale con numero di porta %s,it-IT
이 세계가 이제 온라인 멀티플레이에 공개됩니다.,Mondo aperto al multigiocatore in rete,it-IT
이 세계는 더 이상 멀티플레이에 공개되지 않습니다,Mondo non più aperto al multigiocatore,it-IT
이 세계에는 신고할 플레이어가 없습니다,Nessun giocatore segnalabile,it-IT
이 이름을 신고하려는 이유를 설명해 주세요:,Descrivi perché vuoi segnalare questo nome:,it-IT
이 친구 작업을 수행하는 데 실패했습니다. 계정의 개인 정보 설정 때문일 수 있습니다.,Azione non riuscita. Potrebbe dipendere dalle impostazioni di riservatezza del giocatore,it-IT
이 표지판은 상호 작용이 비활성화되어 있습니다,Non puoi interagire con questo cartello,it-IT
이 플레이어는 대화가 꺼져 있거나 차단되어 있어 신고할 수 없습니다,Questo giocatore non può essere segnalato perché la chat è disattivata o bloccata,it-IT
이 화면은 사용자 지정 화면입니다. 여기를 클릭해서 자세히 알아보세요.,Questa è una schermata personalizzata. Clicca qui per saperne di più.,it-IT
이 화면은 사용자 지정 화면입니다. 자세히 알아보기.,Questa è una schermata personalizzata. Scopri di più.,it-IT
이 화면을 다시 보지 않기,Non mostrare più questa schermata,it-IT
"이 화면의 내용은 Mojang Studios나 Microsoft가 소유, 운영 및 감독하지 않는 제삼자 서버와 맵이 제어하는 것입니다.

링크를 클릭할 때 항상 조심하시고, 로그인 정보를 포함하여 개인 정보는 절대 제공하지 마세요.

이 화면으로 인해 플레이가 불가능하다면, 아래 버튼으로 현재 서버에서 연결을 끊을 수 있습니다.","I contenuti di questa schermata sono controllati da server e mappe di terze parti che non sono posseduti, gestiti o supervisionati da Mojang Studios o Microsoft.

Usare con cautela! Fa' sempre attenzione nel seguire i collegamenti e non fornire mai dati personali, inclusi i dettagli di accesso.

Se questa schermata t'impedisce di giocare, puoi disconnetterti dal server usando il pulsante qui sotto.",it-IT
이미 %s에게 친구 요청을 보냈습니다,Hai già inviato una richiesta d'amicizia a %s,it-IT
"이어서 편집하시겠습니까, 신고를 취소하시겠습니까?",Vuoi continuare a modificarla o annullarla?,it-IT
이전 쪽,Indietro,it-IT
이전 페이지,Pagina precedente,it-IT
이제 %s와(과) 친구입니다,Hai stretto amicizia con %s,it-IT
일어나려면 %1$s을(를) 누르세요,Premi %1$s per alzarti,it-IT
임시 저장,Salva bozza,it-IT
임시 저장한 대화 신고를 편집하시겠습니까?,Modificare la bozza della segnalazione?,it-IT
자기 자신에게 친구 요청을 보낼 수 없습니다,Non puoi inviarti una richiesta d'amicizia,it-IT
자세한 내용을 공유해 주시면 더 나은 결정을 내리는데 도움이 됩니다.,Condividere i dettagli ci aiuterà a compiere una decisione ben informata.,it-IT
자해 또는 자살 암시,Autolesionismo o suicidio,it-IT
"작성하던 신고를 이어서 편집하시겠습니까, 취소하고 새 신고를 만드시겠습니까?",Vuoi continuare a modificare la segnalazione in corso o annullarla e crearne una nuova?,it-IT
작업 중...,Elaborazione in corso...,it-IT
잘못된 토큰이 제공되었습니다. 게임과 런처를 다시 시작한 후 다시 시도해 주세요.,Gettone d'autenticazione non valido. Riavvia il gioco e il launcher prima di riprovare,it-IT
잠을 자서 밤을 보냅니다,La notte sta passando...,it-IT
장비 강화,Migliora un oggetto,it-IT
저를 짜증나게 합니다 / 제가 싫어하는 행동을 했습니다.,Questo giocatore m'infastidisce o ha fatto qualcosa che non mi piace.,it-IT
저장하고 나가기,Salva ed esci dal mondo,it-IT
전문가,Esperto,it-IT
전송하려는 메시지: %s,Messaggio da inviare: %s,it-IT
전체,Tutti,it-IT
점수,Punteggio,it-IT
점수: %s,Punteggio: %s,it-IT
정말로 이 플레이어를 친구 목록에서 제거하시겠습니까?,Vuoi davvero rimuovere questo giocatore dalla tua lista amici?,it-IT
"정치, 종교, 이념 등의 이유로 테러리즘이나 폭력적 극단주의적 행위에 대해 대화, 조장 또는 위협하고 있습니다.","Qualcuno sta menzionando, promuovendo o minacciando di commettere atti di terrorismo o estremismo violento per motivi politici, religiosi, ideologici o di altro tipo.",it-IT
제거,Rimuovi,it-IT
제련 가능한 아이템 표시 중,Cotture realizzabili,it-IT
제목,Titolo,it-IT
제작,Fabbricazione,it-IT
제작 가능한 아이템 표시 중,Ricette realizzabili,it-IT
제작기,Fabbricatore,it-IT
제작법 책을 확인해 보세요,Controlla il ricettario,it-IT
"종교, 인종, 성 등 정체성의 특징에 근거하여 당신 또는 다른 플레이어를 공격하고 있습니다.","Qualcuno sta aggredendo te o un altro giocatore sulla base di caratteristiche della propria identità, come religione, etnia od orientamento sessuale.",it-IT
종료하시겠습니까?,Vuoi davvero abbandonare?,it-IT
주민은 재고를 하루에 최대 2번까지 보충합니다.,I villici si riforniscono fino a 2 volte al giorno,it-IT
"주의: 사용자 지정 설정은 제삼자 서버나 컨텐츠에 의해 제공됩니다.
조작에 유의하세요!","Nota: le opzioni personalizzate sono fornite da server o contenuti di terze parti.
Usare con cautela!",it-IT
죽었습니다!,Sei morto/a!,it-IT
지금은 친구 요청을 보낼 수 없습니다,Impossibile inviare la richiesta d'amicizia al momento,it-IT
지도 제작대,Cartografia,it-IT
진행,Continua,it-IT
차단,Bloccati,it-IT
차단됨,Bloccati,it-IT
차단됨 - 오프라인,Bloccato/a — Non in linea,it-IT
참고! 책에 서명하면 더 이상 편집할 수 없게 됩니다.,Attenzione! Dopo aver firmato il libro non potrai più modificarlo.,it-IT
참여,Entra,it-IT
참여 요청,Chiedi di entrare,it-IT
창이 포커스를 잃었을 때 일시 정지: 꺼짐,Pausa alla perdita dello stato attivo disattivata,it-IT
창이 포커스를 잃었을 때 일시 정지: 켜짐,Pausa alla perdita dello stato attivo attivata,it-IT
책 가져가기,Prendi il libro,it-IT
책 보기 화면,Finestra di lettura del libro,it-IT
책 서명 화면,Finestra della firma del libro,it-IT
책 제목 입력:,Titolo del libro:,it-IT
책 편집 화면,Finestra di modifica del libro,it-IT
청금석 %s개,%s lapislazzuli,it-IT
청금석 1개,1 lapislazzuli,it-IT
청크 경계선: 숨김,Confini dei chunk nascosti,it-IT
청크 경계선: 표시,Confini dei chunk visibili,it-IT
청크 저장 중,Salvataggio dei chunk...,it-IT
체인이 손상되어 대화 기능이 꺼졌습니다. 다시 접속해 보세요.,Chat disattivata a causa di una catena spezzata. Prova a riconnetterti.,it-IT
체험판 세계 초기화,Ripristina il mondo di prova,it-IT
체험판 세계 플레이,Gioca nel mondo di prova,it-IT
초대,Invita,it-IT
초심자,Novizio,it-IT
최근 귀하의 계정을 이용한 불량 행위가 있었다는 신고를 접수했습니다. 저희 측 관리자가 검토한 결과 Minecraft 커뮤니티 규범 위반으로 확인되었습니다.,Abbiamo ricevuto una segnalazione per comportamento scorretto da parte del tuo account. I nostri moderatori hanno revisionato il tuo caso e hanno stabilito che viola le norme della collettività di Minecraft.,it-IT
최근 귀하의 계정을 이용한 불량 행위가 있었다는 신고를 접수했습니다. 저희 측 관리자가 검토한 결과 Minecraft 커뮤니티 규범 위반인 %s(으)로 확인되었습니다.,"Abbiamo ricevuto una segnalazione per comportamento scorretto da parte del tuo account. I nostri moderatori hanno revisionato il tuo caso e l'hanno identificato come %s, che viola le norme della collettività di Minecraft.",it-IT
취소,Annulla,it-IT
친구,Amici,it-IT
친구 %s,Amico %s,it-IT
친구 목록,Lista amici,it-IT
친구 목록 서비스를 현재 사용할 수 없습니다. 연결 상태를 확인하고 나중에 다시 시도해 주세요.,Il servizio della lista amici non è al momento disponibile. Controlla la connessione o riprova più tardi,it-IT
친구 목록 작업을 너무 빨리 수행하고 있습니다. 잠시 기다린 후 다시 시도해 주세요.,Stai gestendo la lista amici troppo velocemente. Attendi qualche secondo e riprova,it-IT
친구 목록에서 %s을(를) 제거하려면 enter를 누르세요,Premi Invio per rimuovere %s dalla lista amici,it-IT
친구 목록을 갱신하는 중 예상치 못한 오류가 발생했습니다. 나중에 다시 시도해 주세요.,Si è verificato un errore imprevisto durante l'aggiornamento della lista amici. Riprova più tardi,it-IT
친구 목록을 보려면 게임을 업데이트하세요.,Aggiorna il gioco per accedere alla lista amici,it-IT
친구 목록을 불러오는 중...,Caricamento della lista amici...,it-IT
"친구 목록이 작동하지 않고 있습니다.

나중에 다시 시도해 주세요.","La lista amici non è al momento disponibile

Riprova più tardi",it-IT
"친구 목록이 작동하지 않고 있습니다.

인터넷 연결을 확인하고 다시 시도해 주세요.","La lista amici non è al momento disponibile

Controlla la connessione a Internet e riprova",it-IT
친구 요청 보내기,Invia richiesta d'amicizia,it-IT
친구 요청을 보내기 전에 올바른 프로필 이름을 입력하세요,Inserisci un nome utente valido prima d'inviare una richiesta d'amicizia,it-IT
친구 제거,Rimuovi amico,it-IT
"친구를 추가하면 여기에 나열됩니다.

%s으로 온라인 안전을 관리하세요.","Gli amici appariranno qua

Gestisci la sicurezza in rete con l'%s",it-IT
커뮤니티 규범 위반,Violazione delle norme della collettività,it-IT
코드: %s,Codice: %s,it-IT
코드: %s - %s,Codice: %s — %s,it-IT
콘텐츠의 부정 취득 및 사용,Acquisizione o uso fraudolento di contenuti,it-IT
큰 상자,Baule grande,it-IT
클라이언트 버전 정보:,Informazioni sulla versione del client:,it-IT
클라이언트 설정에서 대화가 꺼져 있습니다.,Chat disattivata nelle opzioni del client.,it-IT
클라이언트 측 개체 데이터를 클립보드에 복사했습니다,Dati entità (lato client) copiati negli appunti,it-IT
클라이언트 측 블록 데이터를 클립보드에 복사했습니다,Dati blocco (lato client) copiati negli appunti,it-IT
클립보드로 링크 복사,Copia negli appunti,it-IT
클립보드에 복사,Copia negli appunti,it-IT
클립보드에 복사하려면 클릭,Clicca per copiare negli appunti,it-IT
클립보드에 프로필 이름 %s 복사,Copia il nome utente «%s» negli appunti,it-IT
키 바인딩:,Combinazioni di tasti:,it-IT
"키를 눌러 명령을 선택하고, 다시 눌러 명령을 실행할 수 있습니다.","Premi un tasto per selezionare un comando, premilo nuovamente per eseguirlo",it-IT
타이틀 화면,Menù principale,it-IT
타이틀 화면으로 돌아가기,Torna al menù principale,it-IT
타인을 해치겠다는 위협,Minaccia di fare del male agli altri,it-IT
테러 또는 폭력적 극단주의,Terrorismo o estremismo violento,it-IT
통,Barile,it-IT
통계,Statistiche,it-IT
통계를 찾을 수 없습니다.,Nessuna statistica trovata.,it-IT
특정인을 대상으로 한 해로운 폭언,Linguaggio offensivo usato in maniera diretta e dannosa,it-IT
팀 구성원에게 순간이동,Teletrasportati presso un membro della squadra,it-IT
팀에게 메시지 보내기,Scrivi alla squadra,it-IT
파일 %s개 거부됨,%s file rifiutati,it-IT
파일 추가에 실패했습니다,Aggiunta non riuscita,it-IT
표지판 문구 편집,Messaggio del cartello:,it-IT
프로파일링을 종료했습니다. 결과를 %s로 저장했습니다,Profilatura terminata. Risultati salvati in %s,it-IT
프로필 공개 키가 만료되어 대화 기능이 꺼졌습니다. 다시 접속해 보세요.,Chat disattivata a causa della crittografia asimmetrica del profilo scaduta. Prova a riconnetterti.,it-IT
프로필 공개 키가 없어 대화 기능이 꺼졌습니다. 다시 접속해 보세요.,Chat disattivata a causa della crittografia asimmetrica del profilo mancante. Prova a riconnetterti.,it-IT
프로필 이름 입력,Inserisci il nome utente,it-IT
플레이어 %s 신고,Segnala %s,it-IT
플레이어 %s이(가) 보낸 신고 가능한 메시지가 없습니다,Nessun messaggio segnalabile da %s trovato,it-IT
플레이어 대화 신고,Segnala messaggi in chat del giocatore,it-IT
플레이어 스킨,Skin del giocatore,it-IT
플레이어 스킨 신고,Segnala skin del giocatore,it-IT
플레이어 신고,Segnala giocatore,it-IT
플레이어 이름,Nome del giocatore,it-IT
플레이어에게 순간이동,Teletrasportati presso un giocatore,it-IT
피드백,Riscontro,it-IT
피드백 보내기,Invia riscontro,it-IT
피드백...,Riscontro...,it-IT
합의 없는 사적 촬영물,Immagini intime non consensuali,it-IT
항상,Sì,it-IT
해당 이름을 가진 플레이어를 찾지 못했습니다,Impossibile trovare questo giocatore,it-IT
허용되지 않는 스킨,Skin non consentita,it-IT
허위 신고,Falsa segnalazione,it-IT
현실에서 당신 또는 다른 사람을 해치겠다고 위협하고 있습니다.,Qualcuno sta minacciando di fare del male a te o qualcun altro nella vita reale.,it-IT
현실에서 사람이나 재산에 위해를 가하려는 의도,Intento di causare danno nella vita reale a persone o beni,it-IT
"현실에서 자해할 것이라고 위협하거나, 자해에 대해 말하고 있습니다.",Qualcuno sta minacciando di farsi del male nella vita reale o sta menzionando il farsi del male nella vita reale.,it-IT
현실에서의 지나친 폭력 또는 고어 묘사,Raffigurazioni di scene reali eccessivamente violente o cruente,it-IT
"현재 사용 중인 스킨이 커뮤니티 규범에 위배됩니다. 기본 스킨으로 계속 플레이할 수 있고, 새로운 스킨을 선택할 수도 있습니다.

자세히 알아보거나 사례 검토를 제출하려면 다음 링크를 방문하세요: %s","La tua skin attuale viola le norme della collettività. Puoi continuare a giocare con una skin predefinita oppure sceglierne una nuova.

Scopri di più o richiedi una revisione del caso al collegamento seguente: %s",it-IT
"현재 사용 중인 이름인 ""%s""이(가) 커뮤니티 규범에 위배됩니다. 싱글플레이는 가능하지만, 온라인으로 플레이하려면 이름을 변경해야 합니다.

자세히 알아보거나 사례 검토를 제출하려면 다음 링크를 방문하세요: %s","Il tuo nome attuale («%s») viola le norme della collettività. Puoi giocare in giocatore singolo, ma devi cambiare il nome per giocare in rete.

Scopri di più o richiedi una revisione del caso al collegamento seguente: %s",it-IT
현재 세계를 떠나면 임시로 저장한 대화 신고가 사라집니다,Hai una bozza di segnalazione che andrà persa se abbandoni,it-IT
"혐오 단체, 테러 조직 또는 악명 높은 인물 언급","Riferimenti a gruppi d'odio, organizzazioni terroristiche o figure malfamate",it-IT
혐오 발언,Incitamento all'odio,it-IT
혐오 발언 또는 차별,Incitamento all'odio o discriminazione,it-IT
화로,Fornace,it-IT
"화면에서 나가면 작성 중인 신고와 설명이 사라집니다.
정말 나가시겠습니까?","Se abbandoni, perderai questa segnalazione e i tuoi commenti.
Vuoi davvero abbandonare?",it-IT
확인,Conferma,it-IT
확인,Ne prendo atto,it-IT
확인,OK,it-IT
훈연 가능한 아이템 표시 중,Affumicature realizzabili,it-IT
훈연기,Affumicatore,it-IT
히트박스: 숨김,Zone di collisione nascoste,it-IT
히트박스: 표시,Zone di collisione visibili,it-IT
（Mod導入済み）, (modificato),it-IT
（已修改）, (modificato),it-IT
？？？,???????,it-IT
［%s行のチャットを保留中］,[+%s in attesa],it-IT
［%s：%s］,[%s: %s],it-IT
［F4］,[ F4 ],it-IT
［デバッグ］：,[Diagnostica]:,it-IT
