source,target,tgt_lng
"""A graça do Sentinela, quão doce és. Nosso lar se perdeu, mas enfim se achou. Com galhos no bico, eu enfrento as ondas. Unidos pelo amor, somos coroados com luz sagrada.""","「자애로운 수호신의 은혜 덕분에, 새 보금자리를 찾게 되었다. 사랑으로 단결을 이뤄 파도를 헤치니, 마침내 신성한 광채가 면류관으로 변했다」",ko-KR
"""The Sentinel's grace, how sweet thou art. Our home was lost, but found at last. With twigs between my beaks, I brave the waves. Bound by love, we're crowned with holy light.""","「자애로운 수호신의 은혜 덕분에, 새 보금자리를 찾게 되었다. 사랑으로 단결을 이뤄 파도를 헤치니, 마침내 신성한 광채가 면류관으로 변했다」",ko-KR
"""พระเมตตาแห่งเซนติเนลช่างงดงามและตราตรึง ในวันที่คะนึงหาบ้านจนพบเจอ
คาบกิ่งไม้ฝ่าคลื่นลมถักทอสายใยรัก จนแสงทิพย์จักอาบชโลมเป็นมงกุฎทอง""","「자애로운 수호신의 은혜 덕분에, 새 보금자리를 찾게 되었다. 사랑으로 단결을 이뤄 파도를 헤치니, 마침내 신성한 광채가 면류관으로 변했다」",ko-KR
-短剑,테스트1-단검,ko-KR
A Free Knight's Tarantella,자유기사의 독무,ko-KR
"A conceptual projection, a transparent broadblade as if it were made of nothing.
In Somnoire, a weapon's form is but a mirage, while its purpose—a tool of war—holds true as ever.","순수 개념적 투영, 마치 감지할 수 없는 투명한 대검.
마음의 영역 중, 무기의 외형적 의미는 단지 표면에만 그칠 뿐, 진정한 핵심은 전투용 도구이다",ko-KR
"A conceptual projection, a transparent pistol as if it were made of nothing.
In Somnoire, a weapon's form is but a mirage, while its purpose—a tool of war—holds true as ever.","순수 개념적 투영, 마치 감지할 수 없는 투명한 권총.
마음의 영역 중, 무기의 외형적 의미는 단지 표면에만 그칠 뿐, 진정한 핵심은 전투용 도구이다",ko-KR
"A conceptual projection, a transparent rectifier as if it were made of nothing.
In Somnoire, a weapon's form is but a mirage, while its purpose—a tool of war—holds true as ever.","순수 개념적 투영, 마치 감지할 수 없는 투명한 증폭기.
마음의 영역 중, 무기의 외형적 의미는 단지 표면에만 그칠 뿐, 진정한 핵심은 전투용 도구이다",ko-KR
"A conceptual projection, a transparent sword as if it were made of nothing.
In Somnoire, a weapon's form is but a mirage, while its purpose—a tool of war—holds true as ever.","순수 개념적 투영, 마치 감지할 수 없는 투명한 직검.
마음의 영역 중, 무기의 외형적 의미는 단지 표면에만 그칠 뿐, 진정한 핵심은 전투용 도구이다",ko-KR
"A conceptual projection, transparent gauntlets as if they were made of nothing.
In Somnoire, a weapon's form is but a mirage, while its purpose—a tool of war—holds true as ever.","순수 개념적 투영, 마치 감지할 수 없는 투명한 권갑.
마음의 영역 중, 무기의 외형적 의미는 단지 표면에만 그칠 뿐, 진정한 핵심은 전투용 도구이다",ko-KR
"A descending adagio. These gauntlets pulsate with the power of surging waves, shattering anything in their path like a deadly hymn.",권갑을 감싸고 내려가듯 거센 파도가 울부짖으며 격노하니 웅장한 교향곡이 시작된다,ko-KR
A descending adagio. This broadblade dominates the battlefield with the power of discordance. The curtain never falls on a masterpiece.,악보의 주파수를 영감으로 제작한 대검. 음계가 내려앉은 칼을 들면 굉음의 힘으로 전장을 지배한다. 걸작은 영원히 막을 내리지 않는다,ko-KR
"A descending adagio. This rectifier opens up an insightful window into the situation, changing the tune of the intense battle concerto.",공명이 내려앉는 무기를 손에 쥐고 모든 것을 꿰뚫어 전략을 찾으니 협주의 변화가 일어난다,ko-KR
"A luz prismática dança na ponta de seus dedos, com arcos de cores esculpindo trilhas radiantes.
Cada matiz que se precipita converge sobre sua mira, e por fim, ela chega a um céu onde nada fica além de sua vista.","오색찬란한 빛이 손끝에서 춤추고, 눈부신 무지개가 빛의 궤적을 그린다.
넘쳐나는 모든 색이 한곳에 모이면, 언제나 멀리서 바라봤던 맑은 하늘에 마침내 그녀는 도착한다",ko-KR
"A luz solar se reúne. A resposta se torna clara.
O que deve ser feito aguarda. As Rédeas estão em suas mãos.
Avance, em direção ao fim iluminado pelo sol.","모든 햇빛이 당신을 비추니, 답이 보일 것이다.
해야만 하는 일들이 있고, 당신만이 할 수 있는 일들이 있다.
크게 한 걸음 내디뎌 보자, 태양의 끝에 더 가까이",ko-KR
A origem da gênese universal. Um retificador projetado para Ressonantes iniciantes. Contém um poder que não pode ser subestimado por conta de sua aparência simples.,초보 공명자를 위해 특별히 제작된 증폭기. 수수한 외형과 다르게 만만치 않은 전투력이 잠재되어 있다,ko-KR
A pair of heavy and strong gauntlets with great reliability. It can unleash destructive power to deal fatal blows when equipped by proficient users.,"무겁고 거칠지만 믿음직스럽게 견고한 권갑, 숙련된 사용자의 손에 착용하면 치명적인 타격을 가할 수 있는 파괴력을 발휘한다",ko-KR
A pair of pistols known for their strong firepower. An impassioned conviction will surge when the shooter holds these pistols on the battlefield.,"강력한 화력으로 유명한 권총로, 이 총을 들고 전쟁터에 나서면 가슴에서 격앙된 전의가 치솟는다",ko-KR
"A pre-Lament forging technique is used, rendering the broadblade lightweight and handy with its cumbersome-looking body. Buzzing sounds can be heard when the wielder slashes, like a croon from time immemorial.",비명 전의 단조 기법을 이용하여 제작된 대검으로 외형과 다르게 상당히 가볍다. 휘두를 때마다 울리는 소리는 긴 세월을 가르는 듯 귓가에 속삭여 준다,ko-KR
A projection device that allows you to change the weapon's appearance.,무기 외관을 변경할 수 있는 투영 도구,ko-KR
"A projection of Broadblade - Ages of Harvest, as lovely as peach blossoms.
With spring's arrival, the temporal pearl on the hilt turns pink, dyed by petals, like the heart of a girl in bloom.","대검 · 태평성대의 개념적 투영, 마치 복숭아꽃처럼 아름답다.
봄바람이 사계절을 흔드니 검의 시간 옥구슬도 소녀의 마음처럼 꽃잎에 물들어 분홍빛이 되었다",ko-KR
"A sword of recognized blessing since it has contributed to countless triumphs. ""May victory be with you.""","여러 차례 승리를 불러와 행운이 깃든 직검으로 인정받고 있다.
""그럼, 승리가 당신과 함께 하길""",ko-KR
"A weapon designed to commemorate the Midnight Rangers' comradeship. ""Thin garments yield to icy moons, while armor withstands the chill of stars.""","야귀군을 위해 특별히 제작된 권갑. 야귀 전사의 전우에 대한 의리를 담고 있다.
한 시에서는 이를 「얇은 옷은 서리달의 추위 앞에 무릎을 굽히고, 권갑은 서리별의 추위를 감싸안는다.」라고 찬양한다",ko-KR
"A weapon designed to commemorate the Midnight Rangers' courage. ""A thousand echoes carry the war's tale, as spirits unite in resounding gorges of valor.”","야귀군을 위해 특별히 제작된 직검. 야귀 전사의 용감한 전진에 대한 신념을 담고 있다.
한 시에서는 이를 「전쟁을 알리는 북소리가 울려퍼지며, 전사들은 필사즉생의 각오로 협곡을 건넌다.」라고 찬양한다",ko-KR
"A weapon designed to commemorate the Midnight Rangers' dedication. ""Let my body ablaze, flames dance to banish all evil's haze.""","야귀군을 위해 특별히 제작된 권총. 야귀 전사의 사생결단에 대한 신념을 담고 있다.
한 시에서는 이를 「찬란한 세상의 빛을 위해, 이 한 몸 기꺼이 불태우리라!」라고 찬양한다",ko-KR
"A weapon designed to commemorate the Midnight Rangers' preparedness. ""Autumn fades in endless nights, ready blades gleam with silent might.""","야귀군을 위해 특별히 제작된 대검. 야귀 전사의 꾸준한 양성에 대한 신념을 담고 있다.
한 시에서는 이를 「끝없이 긴 가을밤에, 서러운 바람이 쌩쌩 불고, 희미한 별빛 아래, 출정 준비를 마쳤다.」라고 찬양한다",ko-KR
"A weapon designed to commemorate the Midnight Rangers' vigilant protection of Jinzhou. ""Cast your gaze towards the north, where the city's silhouette fades, its gates veiled by the tranquil rain.""","야귀군을 위해 특별히 제작된 증폭기. 야귀 전사의 금주 수호의 의지가 담겨있다.
한 시에서는 이를 「어두운 밤 자욱한 안개비가 흩날리고 있으니, 호성 황석령의 북쪽 하늘을 뒤덮는구나!」라고 찬양한다",ko-KR
A Última Dança,죽음과 춤,ko-KR
ANG + {0} %.,공격력 {0}% 증가,ko-KR
ANG + {0} %.,"오류 발생, 문의 사항이 있으실 경우 고객센터로 연락주시기 바랍니다",ko-KR
ATK เพิ่มขึ้น {0},공격력 {0} 증가,ko-KR
ATK เพิ่มขึ้น {0} หลังจากเรโซเนเตอร์ในทีมใช้สกิล [ทำลายเสียงประสาน] ATK ของตนจะเพิ่มขึ้น {1} และโบนัสความเสียหายโจมตีปกติเพิ่มขึ้น {2} เป็นเวลา {3} วินาที,"공격력이 {0} 증가된다. 파티 내 캐릭터가 「조화도 파괴 스킬」을 발동한 후, 자신의 공격력이 {1} 증가되고, 일반 공격 피해 보너스가 {2} 증가되며, {3}초간 지속된다",ko-KR
ATK เพิ่มขึ้น {0} หลังจากเรโซเนเตอร์ในทีมใช้สกิล [ทำลายเสียงประสาน] โบนัสความเสียหายธาตุทั้งหมดของตนจะเพิ่มขึ้น {1} เป็นเวลา {2} วินาที,"공격력이 {0} 증가된다. 파티 내 캐릭터가 「조화도 파괴 스킬」을 발동한 후, 자신의 전체 속성 피해 보너스가 {1} 증가되고, {2}초간 지속된다",ko-KR
ATK เพิ่มขึ้น {0} เมื่อใช้สกิลอินโทรหรือปลดปล่อยเรโซแนนซ์ โบนัส DMG สกิลเรโซแนนซ์ของตนจะเพิ่มขึ้น {1} โดยมีผลต่อเนื่อง {2} วินาที,"공격력이 {0} 증가된다. 변주 스킬 혹은 공명 해방 발동 시, 자신의 공명 스킬 피해 보너스가 {1} 증가되며, {2}초간 지속된다",ko-KR
ATK เพิ่มขึ้น {0} เมื่อใช้โจมตีปกติหรือสกิลอินโทร โบนัสความเสียหายโจมตีหนักของตนจะเพิ่มขึ้น {1} โดยมีผลต่อเนื่อง {2} วินาที,"공격력이 {0} 증가된다. 일반 공격 혹은 변주 스킬 발동 시, 자신의 강공격 피해 보너스가 {1} 증가되며, {2}초간 지속된다",ko-KR
Abgrundwogen,물결의 파동,ko-KR
Abnehmende Rotverschiebung,멸망의 주파수,ko-KR
Abyss Surges,물결의 파동,ko-KR
Abîme infini,각고의 힘,ko-KR
Abîme infini,죽음의 심연,ko-KR
Accord d'Amity,전우의 의리,ko-KR
Accrétion de fusion,융합의 원반,ko-KR
"Achtung: Die eisige Klinge offenbart einen eisigen Strom, der sich zu einem Gedankenwirbel verbindet. Verwende diese mächtige Sequenz, um deine Feinde mit Leichtigkeit mit dem Schwert zu zermalmen.","경청 — 차가운 칼날의 표면을 통해 마치 차가운 물결의 바닷소리가 들려, 점점 소용돌이처럼 생각에 잠기게 된다. 물의 흐름을 따라 손에 든 직검을 휘두르면 모든 적을 집어삼킬 수 있다",ko-KR
Acreción de fusión,융합의 원반,ko-KR
Acreção Nuclear,융합의 원반,ko-KR
Acuerdo de amistad,전우의 의리,ko-KR
Acuité irrésistible,거침없는 기세,ko-KR
Ad Veritatem,근원의 추적,ko-KR
Aether Strike,거침없는 비상,ko-KR
Affaiblir,지옥의 징벌,ko-KR
"After triggering Concerto Effect, Resonance Liberation DMG is increased by {0}% for 10s. Can be stacked up 2 times.","협주 이펙트 발동 시, 공명 해방 피해가 {0}% 증가하며 10초간 지속되며 최대 2층까지 중첩된다",ko-KR
"After using Resonance Liberation, ATK is increased by {0}% for 12s.","공명 해방 사용 후, 공격력이 {0}% 증가하며 12초간 지속된다",ko-KR
"After using Resonance Liberation, DMG is increased by {0}% for Basic Attacks and Heavy Attacks for 10s.","공명 해방 발동 후, 일반 공격과 강공격 피해가 {0}% 증가하며 10초간 지속된다",ko-KR
"After using Resonance Skill, Heavy Attacks ignore {0}% of target DEF for 8s.","공명 해방 발동 후, 3층의 「철갑」 효과를 얻으며, 각 층마다 공격력과 방어력을 {0}% 향상시키며, 최대 3층 중첩이 가능함며, 피해를 입을 때마다 1층씩 감소한다",ko-KR
Ages of Harvest,태평성대,ko-KR
Aider,도움의 손길,ko-KR
Air d'été éternel,한여름의 찬송가,ko-KR
Akuleat,거침없는 기세,ko-KR
"Al golpear a un objetivo con Ataque básico o Ataque cargado, aumenta la bonificación de curación un {0}, acumulándose hasta {2} veces. Este efecto dura {1} s y se puede activar {4} vez cada {3} s.","일반 공격이나 강공격을 사용하여 피해를 입힐 경우, 치료 효과 보너스가 {0} 증가하고, {1}초간 지속되며, 최대 {2}스택 중첩이 가능하며, {3}초마다 {4}회 발생할 수 있다",ko-KR
"Al infligir daño a enemigos con Efectos Negativos, el ATQ del personaje aumenta un {0} durante {1} s. Este efecto puede activarse una vez por segundo y acumularse hasta {2} veces.","「이상 효과」가 있는 몬스터에게 피해를 입힐 시, 자신의 공격력이 {0} 증가하며, {1}초간 지속된다. 1초마다 1회 발생할 수 있으며, 최대 {2}스택 중첩이 가능하다",ko-KR
"Al infligir daño a objetivos afectados por Espectro estridente, se obtiene el siguiente efecto: El Daño Espectro del portador aumenta un {0}. Se puede acumular una vez por segundo, con una duración de 6 s. Este efecto puede acumularse hasta 4 veces.","「광학 효과」가 있는 적에게 피해를 입힐 시 다음 효과를 얻을 수 있다. 자신의 회절 피해가 {0} 증가되고, 1초마다 1스택을 획득할 수 있으며, 6초간 지속되고, 최대 4스택 중첩이 가능하다",ko-KR
"Al lanzar la Habilidad de resonancia, aumenta el ATQ y la Bonif. de daño de Ataque básico en un {0} durante {1} s.","공명 스킬 발동 시, 공격력과 일반 공격 피해 보너스가 {0} 증가되고 {1}초간 지속된다",ko-KR
"Al lanzar la Habilidad de resonancia, se obtienen {0} de energía de resonancia y se aumenta el ATQ en un {1}, durante {2} s. Este efecto se puede activar cada {3} s.","공명 스킬 발동 시, 공명 에너지를 {0}pt 획득하고, 공격력이 {1} 증가하며, {2}초간 지속된다. 해당 효과는 {3}초마다 1회 발생할 수 있다",ko-KR
"Al lanzar la Liberación de resonancia, aumenta el ATQ del lanzador en un {0} durante {1} s.","공명 해방 발동 시, 자신의 공격력이 {0} 증가하고, {1}초간 지속된다",ko-KR
"Al lanzar la Liberación de resonancia, aumenta el ATQ en un {0} y la Bonif. de daño de Ataque cargado en un {1} durante {2} s.","공명 해방 발동 시, 공격력이 {0} 증가되고 강공격 피해 보너스가 {1} 증가되며 {2}초간 지속된다",ko-KR
"Al lanzar la Liberación de resonancia, aumenta el ATQ en un {0} y la Bonif. de daño de Liberación de resonancia en un {1} durante {2} s.","공명 해방 발동 시, 공격력이 {0} 증가되고 공명 해방 피해 보너스가 {1} 증가되며 {2}초간 지속된다",ko-KR
"Al lanzar la Liberación de resonancia, el daño de los ataques básicos y cargados aumenta un {0}% durante 10 s.","공명 해방 발동 후, 일반 공격과 강공격 피해가 {0}% 증가하며 10초간 지속된다",ko-KR
"Al recibir daño, aumenta tu propio ataque en un {0}% y tu defensa en un {1}%, el efecto dura 10s y se acumula hasta 3 veces.","피해를 입었을 경우 {0}%의 공격력과 {1}%의 방어력이 증가하고, 10초간 지속되며, 최대 3층 중첩이 가능하다",ko-KR
"Al recibir daño, el ATQ se incrementa en un {0}% y la DEF en un {1}% durante 10s. Se puede acumular hasta 3 veces.",피해를 입었을 경우 {0}% 공격력과 {1}%의 방어력이 증가하고 10초간 지속되며 3층까지 중첩된다,ko-KR
Alarcrity,성장의 속도,ko-KR
"Alle Muster sind erfassbar, alle Phänomene analysierbar.
Das angestrebte Ideal mag lichtjahreweit entfernt sein, doch der Weg dorthin liegt in ihrer eigenen Kontrolle.","모든 법칙은 관측 가능하고, 모든 현상은 해석 가능하다.
수만 광년 너머에 있는 이상에, 두 손이 닿을 수 있듯이",ko-KR
Alvorada na Noite Eterna,장야의 불빛,ko-KR
Além do Ciclo,시작과 끝,ko-KR
Amanecer,전진의 발걸음,ko-KR
Amanecer radiante,눈부신 빛,ko-KR
Ambición ilimitada,웅대한 포부,ko-KR
Ambition héroïque,웅대한 포부,ko-KR
Ambição Eterna,웅대한 포부,ko-KR
Amity Accord,전우의 의리,ko-KR
Amplificación eléctrica,뇌전의 증폭,ko-KR
Amplificador,청음,ko-KR
Amplificateur Novice,견습용 증폭기,ko-KR
Amplificateur Tyro,태초의 증폭기,ko-KR
Amplificateur de Nuit,흑야의 증폭기 · 흑광,ko-KR
Amplificateur du Gardien,수호자의 증폭기 · 모략,ko-KR
Amplificateur du Voyageur,수행자의 증폭기 · 탐색,ko-KR
Amplificateur#25,25형 증폭기 · 울림의 멜로디,ko-KR
Amplification élétrique,뇌전의 증폭,ko-KR
Amplificação voltaica,뇌전의 증폭,ko-KR
"An anchor once used by Ivory Gatekeeper to stabilize the Somnoire.
However, it now looks different ever since Ivory Gatekeeper transformed into a white cat...","화이트 게이트 수호자가 마음의 영역 안정을 시키는 데 사용하는 스테디 앵커이다.
화이트 게이트 수호자가 흰 고양이 형태로 변화된 후, 이 장치의 외형에도 변화가 발생했다...",ko-KR
"An ascending crescendo. These pistols unleash bullets with the force of thunder, tearing through the heavens like a symphony of destruction.",음계가 상승한 권총을 손에 쥐면 파공의 기세로 하늘을 찌르며 절묘한 악장을 연출한다,ko-KR
"An ascending crescendo. This enchanting sword effortlessly cuts through anything in its way, like a glorious prelude.",악보의 주파수를 영감으로 제작한 직검. 음계가 올라간 검을 손에 쥐면 아름다운 소리로 화려한 서곡을 작곡할 수 있다,ko-KR
An error occurred. Please contact Customer Service.,"오류 발생, 문의 사항이 있으실 경우 고객센터로 연락주시기 바랍니다",ko-KR
"An improved version of a mass-produced broadblade model developed in Huanglong. With its formidable performance and innovative technologies, this broadblade carries a weight only to be wielded by seasoned warriors.","화서연구원이 이전의 원능 무기를 기반으로 개발한 첫 번째 실용적인 고성능 대검. 연구원의 이성과 개방성을 대표하며, 매우 견고하여 파괴가 불가능하다",ko-KR
"An improved version of a mass-produced sword model developed in Huanglong. With its sleek blade and minimalist design, this sword is exclusively crafted for the skilled hands of seasoned warriors.","화서연구원이 이전의 원능 무기를 기반으로 개발한 첫 번째 실용적인 고성능 직검. 연구원의 과거와 발전을 대표하며, 오랫동안 새로운 상태가 유지된다",ko-KR
Ancla de Somnolencia,마음의 닻,ko-KR
Ancre du Somnoire,마음의 닻,ko-KR
Aniquilante,인멸,ko-KR
Anmutige Berührung,자유의 선율,ko-KR
"Anuncia su veredicto, preciso e inexorable como el repique de un reloj. Los pecados se disuelven en destellos, como la noche ante la mirada del alba.","그것은 시계처럼 정확하고 안정적이며, 가차없는 업보의 종말을 고한다——모든 죄는 새벽빛이 어둠을 흩날리는 것처럼 불빛 속에서 사라질 것이다",ko-KR
Ao Fogo Ela Retorna,불의 귀환,ko-KR
"Ao causar Dano de ATQ Básico ou Dano de ATQ Pesado, aumenta a Cura em {0}, acumulando até {2} vez(es). Este efeito dura {1}s e pode ser ativado {4} vez(es) a cada {3}s.","일반 공격이나 강공격을 사용하여 피해를 입힐 경우, 치료 효과 보너스가 {0} 증가하고, {1}초간 지속되며, 최대 {2}스택 중첩이 가능하며, {3}초마다 {4}회 발생할 수 있다",ko-KR
"Ao causar Dano de ATQ Básico, restaura {0} de HP do Ressonante. Este efeito pode ser ativado {2} vez(es) a cada {1}s.","일반 공격을 사용하여 피해를 입힐 경우, 자신의 HP가 {0} 회복되며, {1}초마다 {2}회 발생할 수 있다",ko-KR
"Ao lançar a Habilidade Intro, aumenta o ATQ do portador em {0} e o HP em {1} por {2}s.","변주 스킬 발동 시, 자신의 공격력이 {0} 증가하고, HP가 {1} 증가하며, {2}초간 지속된다",ko-KR
"Ao lançar a Habilidade Intro, aumenta o ATQ em {0} e a DEF em {1} por {2}s.","변주 스킬 발동 시, 자신의 공격력이 {0} 증가하고, 방어력이 {1} 증가하며, {2}초간 지속된다",ko-KR
"Ao lançar a Habilidade Intro, aumenta o ATQ em {0} por {1} s.","변주 스킬 발동 시, 공격력이 {0} 증가하며, {1} 초간 지속된다",ko-KR
"Ao lançar a Habilidade Intro, aumenta o ATQ em {0} por {1} s.","변주 스킬 발동 시, 공격력이 {0} 증가하며, {1}초간 지속된다",ko-KR
"Ao lançar a Habilidade Intro, aumenta o ATQ em {0} por {1}s.","변주 스킬 발동 시, 자신의 공격력이 {0} 증가하며, {1}초간 지속된다",ko-KR
"Ao lançar a Habilidade Intro, aumenta o bônus de Dano de Habilidade do Ressonância em {0} por {1}s.","변주 스킬 발동 시, 자신의 공명 스킬 피해 보너스가 {0} 증가하며, {1}초간 지속된다",ko-KR
"Ao lançar a Habilidade Intro, aumenta o bônus de Dano de Liberação de Ressonância em {0} por {1}s.","변주 스킬 발동 시, 자신의 공명 해방 피해 보너스가 {0} 증가하며, {1}초간 지속된다",ko-KR
"Ao lançar a Habilidade Intro, restaura {0} de Energia de Concerto. Ao lançar a Energia de Concerto, restaura {1} pontos de Energia de Ressonância.","변주 스킬 발동 시 협주 에너지 {0}pt를 회복하며, 반주 스킬 발동 시 공명 에너지 {1}pt를 회복한다",ko-KR
"Ao lançar a Habilidade Intro, restaura {0} de HP do Ressonante. Este efeito pode ser ativado {2} vez(es) a cada {1}s.","변주 스킬 발동 시, 자신의 HP가 {0} 회복되며, {1}초마다 {2}회 발생할 수 있다",ko-KR
"Ao lançar a Habilidade de Ressonância, aumenta o bônus de Dano de ATQ Básico e o Dano de ATQ Pesado em {0}, acumulando até {1} vez(es). Este efeito dura {2}s e pode ser ativado {4} vez(es) a cada {3}s.","공명 스킬 발동 시, 자신의 일반 공격 피해 보너스와 강공격 피해 보너스가 {0} 증가하고, 최대 {1}스택 중첩이 가능하며, {2}초간 지속된다. {3}초마다 {4}회 발생할 수 있다",ko-KR
"Ao lançar a Habilidade de Ressonância, aumenta o bônus de Dano de Liberação de Ressonância em {0} por {1}s.","공명 스킬 발동 시, 자신의 공명 해방 피해 보너스가 {0} 증가하며, {1}초간 지속된다",ko-KR
"Ao lançar a Habilidade de Ressonância, concede {0} de Energia de Ressonância e aumenta o ATQ em {1} por {2}s. Este efeito pode ser ativado uma vez a cada {3}s.","공명 스킬 발동 시, 공명 에너지를 {0}pt 획득하고, 공격력이 {1} 증가하며, {2}초간 지속된다. 해당 효과는 {3}초마다 1회 발생할 수 있다",ko-KR
"Ao lançar a Habilidade de Ressonância, restaura {0} de Energia de Concerto. Este efeito pode ser ativado {2} vez(es) a cada {1}s.","공명 스킬 발동 시, 협주 에너지 {0}pt를 회복하며, {1}초마다 {2}회 발생할 수 있다",ko-KR
"Ao lançar a Habilidade de Ressonância, restaura {0} de Energia de Ressonância. Este efeito pode ser ativado {2} vez(es) a cada {1}s.","공명 스킬 발동 시, 공명 에너지 {0}pt를 회복하고, {1}초마다 {2}회 발동할 수 있다",ko-KR
"Ao lançar a Habilidade de Ressonância, restaura {0} de Energia de Ressonância. Este efeito pode ser ativado {2} vez(es) a cada {1}s.","공명 스킬 발동 시, 공명 에너지 {0}pt를 회복하고, {1}초마다 {2}회 발생할 수 있다",ko-KR
"Ao lançar a Habilidade de Ressonância, restaura {0} de Energia de Ressonância. Este efeito pode ser ativado {2} vez(es) a cada {1}s.","공명 스킬 발동 시, 공명 에너지 {0}pt를 회복하며, {1}초마다 {2}회 발생할 수 있다",ko-KR
"Ao lançar a Habilidade de Ressonância, restaura {0} de HP do Ressonante. Este efeito pode ser ativado {2} vez(es) a cada {1}s.","공명 스킬 발동 시, 자신의 HP가 {0} 회복되며, {1}초마다 {2}회 발생할 수 있다",ko-KR
"Ao lançar a Liberação de Ressonância, aumenta o ATQ do portador em {0} por {1}s.","공명 해방 발동 시, 자신의 공격력이 {0} 증가하고, {1}초간 지속된다",ko-KR
"Ao lançar a Liberação de Ressonância, restaura {0} de HP do Ressonante. Este efeito pode ser ativado {2} vez(es) a cada {1}s.","공명 해방 발동 시, 자신의 HP가 {0} 회복되며, {1}초마다 {2}회 발생할 수 있다",ko-KR
"Ao lançar o Contra-ATQ Evasivo, restaura {0} de HP do Ressonante. Este efeito pode ser ativado {2} vez(es) a cada {1}s.","회피 반격 발동 시, 자신의 HP가 {0} 회복되며, {1}초마다 {2}회 발생할 수 있다",ko-KR
Appel des Étoiles et des Esprits,혼을 부르고 별을 소환해,ko-KR
"Après l'utilisation de la Libération résonatrice, l'augmentation de l'Attaque est de {0}%, l'effet dure 12 secondes.","공명 해방 발동 후, 공격력이 {0}% 증가하며 12초간 지속된다",ko-KR
"Après l'utilisation de la Libération résonatrice, l'augmentation de l'Attaque est de {0}%, l'effet dure 12 secondes.","공명 해방 사용 후, 공격력이 {0}% 증가하며 12초간 지속된다",ko-KR
"Après l'utilisation de la Libération résonatrice, l'augmentation de l'Attaque et de l'Attaque lourde est de {0}%, l'effet dure 10 secondes.","공명 해방 발동 후, 일반 공격과 강공격 피해가 {0}% 증가하며 10초간 지속된다",ko-KR
"Après l'utilisation de la Libération résonatrice, vous obtenez 3 effets de « Armure de fer », chaque effet augmente l'Attaque et la Défense de {0}%, peut être empilé 3 fois, chaque fois que vous subissez des dégâts, vous perdez 1 effet.","공명 해방 발동 후, 3층의 「철갑」 효과를 얻으며, 각 층마다 공격력과 방어력을 {0}% 향상시키며, 최대 3층 중첩이 가능함며, 피해를 입을 때마다 1층씩 감소한다",ko-KR
Arauto da Alvorada,노을에 깃든 이슬,ko-KR
Ardescarcha,서린 불꽃,ko-KR
Aresta Solitária,홀로 솟은 깃,ko-KR
Aria,끝없는 메아리,ko-KR
Aria de la clairière,숲속의 아리아,ko-KR
Aria del bosque,숲속의 아리아,ko-KR
Aria incesante,끝없는 메아리,ko-KR
Arma,무기,ko-KR
Armas,무기,ko-KR
Armas del grupo de prueba/prueba de ruptura.,"오류 발생, 문의 사항이 있으실 경우 고객센터로 연락주시기 바랍니다",ko-KR
Armas del grupo de prueba/prueba de ruptura.,테스트 돌파 그룹의 무기,ko-KR
Arme,무기,ko-KR
Armpanzerung der Nacht,흑야의 권갑 · 흑빛,ko-KR
Armpanzerung des Voyager,수행자의 권갑 · 파괴,ko-KR
Armpanzerung#21D,21형 권갑 · 아이언 팬텀,ko-KR
As alegrias e tristezas da vida dançam num círculo interminável — dor e lágrimas se transformam rapidamente num festival.,슬픔과 기쁨이 끝없이 반복되는 인간 세상에서는 고통도 순식간에 카니발로 바뀌게 된다,ko-KR
"As alegrias e tristezas da vida dançam num círculo interminável — dor e lágrimas se transformam, num instante, em um carnaval.",슬픔과 기쁨이 끝없이 반복되는 인간 세상에서는 고통도 순식간에 카니발로 바뀌게 된다,ko-KR
"As manoplas pulsam com uma força incontrolável, emanando uma raiva indescritível das profundezas do lago desconhecido. Ao usá-las, libere sua fúria sobre inimigos indefesos. Sinta seu poder fluir através de você.","반응 — 강력한 권갑을 통해 마치 알 수 없는 깊은 연못에서 밀려오는 성난 파도가 느껴지며, 그 느낌은 말로 표현할 수 없다. 이 권갑을 착용하면 적에게 내면의 분노를 표출할 수 있다",ko-KR
"As marés revoltas impõem a coroa de espinhos ao cavaleiro, da qual o cavaleiro forja esta espada.
Livre do peso da coroa, o cavaleiro avança pelas ondas furiosas sem hesitar.","파도는 기사에게 운명의 면류관을 씌우려 했지만, 기사는 면류관을 검 안에 봉인해버렸다.
면류관은 기사를 속박할 수 없었고, 파도는 기사의 발걸음을 막지 못했다",ko-KR
Assaut d'éther,거침없는 비상,ko-KR
Astral Evolvement,뭇별의 법칙,ko-KR
Astrale Evolution,뭇별의 법칙,ko-KR
Astrolabe à bosons,보손 관측기,ko-KR
Astrolabio bosónico,보손 관측기,ko-KR
Astrolábio de Bósons,보손 관측기,ko-KR
Ativação Espectral,스펙트럴 트리거,ko-KR
Attendance Exemption Protocol,출석 면제 프로토콜,ko-KR
Au-delà du cycle,시작과 끝,ko-KR
Aube radieuse,눈부신 빛,ko-KR
Aucun compromis,홀로 솟은 깃,ko-KR
Auflösung,적막,ko-KR
Augment,도움의 손길,ko-KR
Augment,청음,ko-KR
Augmentation,청음,ko-KR
Augmenter les dégâts de l'Attaque normale et de l'Attaque lourde {0},일반 공격과 강공격 피해 보너스 {0} 증가,ko-KR
Augmenter les dégâts de l'Attaque normale et de l'Attaque lourde {0},일반 공격과 강공격 피해 보너스가 {0} 증가한다,ko-KR
Augmenter les dégâts des Compétences résonatrices de {0}.,공명 스킬 피해 보너스 {0} 증가,ko-KR
"Augmenter tous les Dégâts d'attribut de {0}. Chaque fois que vous utilisez la Compétence d'Intro ou la Libération résonatrice, augmenter les Dégâts d'Attaque lourde de {1}. Cet effet peut être accumulé {2} fois, il dure {3} secondes.","전체 속성 피해 보너스가 {0} 증가한다. 변주 스킬 또는 공명 해방을 발동할 때마다, 자신의 강공격 피해 보너스가 {1} 증가하고, {2}스택 중첩이 가능하며, {3}초간 지속된다",ko-KR
"Aumenta a Regen. de Energia em {0}. Ao lançar a Habilidade de Ressonância, aumenta o ATQ em {1}, acumulando até {2} vezes. Este efeito dura {3}s.","공명 효율 {0} 증가. 공명 스킬 발동 시, 공격력이 {1} 증가하고, 최대 {2}스택 중첩이 가능하며, {3}초간 지속된다",ko-KR
"Aumenta a Regen. de Energia em {0}. Ao lançar a Habilidade de Ressonância, aumenta o bônus de Dano da Liberação de Ressonância em {1}, acumulando até {2} vezes. O efeito dura {3} s.","공명 효율 {0} 증가. 공명 스킬 발동 시, 공명 해방 피해 보너스가 {1} 증가하고, 최대 {2}스택 중첩이 가능하며, {3}초간 지속된다",ko-KR
Aumenta a Regen. de Energia em {0}. O ATQ do Ressonante que entra no campo aumenta em {1} por {3}s — acumula até {2} vezes após o portador lançar a Habilidade Outro.,"공명 효율이 {0} 증가한다. 반주 스킬 발동 후, 등장 캐릭터의 공격력이 {1} 증가하고, 최대 {2}스택 중첩이 가능하며, {3}초간 지속된다",ko-KR
"Aumenta el ATQ un {0} al infligir Daño de Ataque básico o Daño de ataque cargado, acumulándose hasta {1} veces. Este efecto dura {2} s y se puede activar {4} vez cada {3} s.","일반 공격이나 강공격을 사용하여 피해를 입힐 경우, 공격력이 {0} 증가하고, 최대 {1}스택 중첩이 가능하며, {2}초간 지속되며, {3}초마다 {4}회 발생할 수 있다",ko-KR
Aumenta el ATQ un {0}.,공격력 {0} 증가,ko-KR
Aumenta el Daño de Ataque básico y ataque cargado en {0}.,일반 공격과 강공격 피해 보너스가 {0} 증가한다,ko-KR
Aumenta el Daño de la Habilidad de resonancia en {0}.,공명 스킬 피해 보너스 {0} 증가,ko-KR
"Aumenta em {0} o ATQ. Ao lançar a Habilidade Intro ou a Liberação de Ressonância, aumenta o bônus de Dano de Habilidade de Ressonância em {1} por {2}s.","공격력이 {0} 증가된다. 변주 스킬 혹은 공명 해방 발동 시, 자신의 공명 스킬 피해 보너스가 {1} 증가되며, {2}초간 지속된다",ko-KR
Aumenta la Bonif. de daño de Ataque básico y ataque cargado en {0}.,일반 공격과 강공격 피해 보너스 {0} 증가,ko-KR
Aumenta la Bonif. de daño de Liberación de resonancia en un {0}.,공명 해방 피해 보너스 {0} 증가,ko-KR
Aumenta la Bonif. de daño de la Habilidad de resonancia en {0}.,공명 스킬 피해 보너스 {0} 증가,ko-KR
"Aumenta la Bonif. de daño de todos los atributos en un {0}. Cada vez que se lanza la Habilidad Intro o la Liberación de resonancia, aumenta la Bonif. de daño de Ataque cargado en un {1}, y se acumula hasta {2} veces. Este efecto dura {3} s.","전체 속성 피해 보너스가 {0} 증가한다. 변주 스킬 또는 공명 해방을 발동할 때마다, 자신의 강공격 피해 보너스가 {1} 증가하고, {2}스택 중첩이 가능하며, {3}초간 지속된다",ko-KR
"Aumenta la Regen. de energía en un {0}. Cuando se libera la Habilidad de resonancia, aumenta el daño de la Liberación de Resonancia en un {1}, acumulándose hasta {2} veces. Este efecto dura {3} s.","공명 효율 {0} 증가. 공명 스킬 발동 시, 공명 해방 피해 보너스가 {1} 증가하고, 최대 {2}스택 중첩이 가능하며, {3}초간 지속된다",ko-KR
"Aumenta la Regen. de energía un {0}. Cuando se libera la Habilidad Outro, aumenta el ATQ del Resonador entrante un {1}, acumulándose hasta {2} veces. Este efecto dura {3} s.","공명 효율이 {0} 증가한다. 반주 스킬 발동 후, 등장 캐릭터의 공격력이 {1} 증가하고, 최대 {2}스택 중첩이 가능하며, {3}초간 지속된다",ko-KR
"Aumenta o ATQ em {0} ao causar Dano de ATQ Básico ou Dano de ATQ Pesado, acumulando até {1} vezes. Este efeito dura {2}s e pode ser ativado {4} vez(es) a cada {3}s.","일반 공격이나 강공격을 사용하여 피해를 입힐 경우, 공격력이 {0} 증가하고, 최대 {1}스택 중첩이 가능하며, {2}초간 지속되며, {3}초마다 {4}회 발생할 수 있다",ko-KR
Aumenta o ATQ em {0}.,공격력 {0} 증가,ko-KR
"Aumenta o ATQ em {0}. Ao lançar o ATQ Básico ou a Habilidade Intro, aumenta o bônus de Dano de ATQ Pesado em {1} por {2}s.","공격력이 {0} 증가된다. 일반 공격 혹은 변주 스킬 발동 시, 자신의 강공격 피해 보너스가 {1} 증가되며, {2}초간 지속된다",ko-KR
"Aumenta o ATQ em {0}. Após um Ressonante da equipe lançar uma Habilidade de Ruptura de Sintonia, aumenta em {1} o ATQ e em {2} o bônus de Dano de ATQ Básico ao portador por {3}s.","공격력이 {0} 증가된다. 파티 내 캐릭터가 「조화도 파괴 스킬」을 발동한 후, 자신의 공격력이 {1} 증가되고, 일반 공격 피해 보너스가 {2} 증가되며, {3}초간 지속된다",ko-KR
"Aumenta o ATQ em {0}. Após um Ressonante da equipe lançar uma Habilidade de Ruptura de Sintonia, aumenta em {1} o bônus de Dano de todos os Atributos ao portador por {2}s.","공격력이 {0} 증가된다. 파티 내 캐릭터가 「조화도 파괴 스킬」을 발동한 후, 자신의 전체 속성 피해 보너스가 {1} 증가되고, {2}초간 지속된다",ko-KR
Aumenta o bônus de Dano de ATQ Básico e o Dano de ATQ Pesado em {0}.,일반 공격과 강공격 피해 보너스 {0} 증가,ko-KR
Aumenta o bônus de Dano de ATQ Básico e o Dano de ATQ Pesado em {0}.,일반 공격과 강공격 피해 보너스가 {0} 증가한다,ko-KR
Aumenta o bônus de Dano de Habilidade de Ressonância em {0}.,공명 스킬 피해 보너스 {0} 증가,ko-KR
Aumenta o bônus de Dano de Liberação de Ressonância em {0}.,공명 해방 피해 보너스 {0} 증가,ko-KR
"Aumenta o bônus de Dano de todos os Atributos em {0}. Cada vez que a Habilidade Intro ou a Liberação de Ressonância é lançada, aumenta o Bônus de Dano de ATQ Pesado em {1}, acumulando até {2} vezes. Este efeito dura {3}s.","전체 속성 피해 보너스가 {0} 증가한다. 변주 스킬 또는 공명 해방을 발동할 때마다, 자신의 강공격 피해 보너스가 {1} 증가하고, {2}스택 중첩이 가능하며, {3}초간 지속된다",ko-KR
Aureate Zenith,금빛 하늘,ko-KR
Aurora Radiante,눈부신 빛,ko-KR
Aus der Tiefe,바닷속에서,ko-KR
Autumntrace,가을의 무늬,ko-KR
Avancement,새로운 법칙,ko-KR
Azote del mal,벽사,ko-KR
Azurblauer Eid,아득히 푸른 하늘,ko-KR
Azure Oath,아득히 푸른 하늘,ko-KR
"Bamboo, hollow yet full; People, whole yet seldom true.
Bamboo speaks without deceit, acts without conceit, seeks no vanity. Few ever measure up thus.","대나무는 비어 있기에 그 실재(實在)를 채우고, 사람은 채우려 하기에 도리어 공허해진다.
대나무는 헛된 말을 하지도, 헛된 행동을 하지도, 헛된 이름을 구하지 않는다. 대나무가 이처럼 실재할지라도, 사람은 반드시 그러하지 않다",ko-KR
"Bambu, oco mas pleno; Pessoas, inteiras mas raramente verdadeiras.
O bambu fala sem engano, age sem vaidade, não busca futilidade. Poucos conseguem se equiparar.","대나무는 비어 있기에 그 실재(實在)를 채우고, 사람은 채우려 하기에 도리어 공허해진다.
대나무는 헛된 말을 하지도, 헛된 행동을 하지도, 헛된 이름을 구하지 않는다. 대나무가 이처럼 실재할지라도, 사람은 반드시 그러하지 않다",ko-KR
"Bambus – leer und doch erfüllt. Menschen – ganz und doch selten wahr.
Bambus spricht ohne Trug, handelt ohne Stolz, sucht keine Eitelkeit. Nur wenige vermögen, seiner Reinheit zu nahen.","대나무는 비어 있기에 그 실재(實在)를 채우고, 사람은 채우려 하기에 도리어 공허해진다.
대나무는 헛된 말을 하지도, 헛된 행동을 하지도, 헛된 이름을 구하지 않는다. 대나무가 이처럼 실재할지라도, 사람은 반드시 그러하지 않다",ko-KR
Barrier Breacher,돌파자,ko-KR
Barrierenbrecher,돌파자,ko-KR
Battlebound,만반의 준비,ko-KR
"Because death is a reality that cannot be undone, there's no reason to hesitate.
She pulls the trigger, shattering this haunting reverie.","죽었다는 사실을 바꿀 수 없다면, 망설일 이유는 없다.
그녀는 방아쇠를 당겨 자신의 꿈을 직접 파괴한다",ko-KR
Beguiling Melody,천상의 음률,ko-KR
Bei erlittenem Schaden werden ANG und VTD jeweils um {0} % und {1} % für 10s erhöht. Kann bis zu 3-mal gestapelt werden.,피해를 입었을 경우 {0}% 공격력과 {1}%의 방어력이 증가하고 10초간 지속되며 3층까지 중첩된다,ko-KR
Bei erlittenem Schaden werden ANG und VTD jeweils um {0} % und {1} % für 10s erhöht. Kann bis zu 3-mal gestapelt werden.,"피해를 입었을 경우 {0}%의 공격력과 {1}%의 방어력이 증가하고, 10초간 지속되며, 최대 3층 중첩이 가능하다",ko-KR
"Beim Auslösen des Concerto-Effekts wird SCH der Resonanzbefreiung um {0} % für 10s erhöht, stapelbar bis zu 2.","협주 이펙트 발동 시, 공명 해방 피해가 {0}% 증가하며 10초간 지속되며 최대 2층까지 중첩된다",ko-KR
"Beim Auslösen des Concerto-Effekts wird SCH der Resonanzbefreiung um {0} % für 10s erhöht, stapelbar bis zu 2.","협주 이펙트 발생 시, 공명 해방 피해가 {0}% 증가하고, 10초간 지속되며, 최대 2층 중첩이 가능하다",ko-KR
Beim Einsatz vom Intro-Skill wird Concerto-Energie um {0} wiederhergestellt. Beim Einsatz vom Outro-Skill wird Resonanzenergie um {1} wiederhergestellt.,"변주 스킬 발동 시 협주 에너지 {0}pt를 회복하며, 반주 스킬 발동 시 공명 에너지 {1}pt를 회복한다",ko-KR
Bendición celestial,별의 동반,ko-KR
Bendición divina,신의 가호,ko-KR
Bereit für den Krieg,용맹무쌍,ko-KR
"Betrachte dieses Breitschwert, dessen scharfe Kanten in der eisigen Luft glitzern. Wenn du es schwingst, spürst du die Kraft, die wie ein gefrorener Fluss durch dich strömt.",집중 — 날카로운 칼날의 끝부분을 통해 마치 갑자기 불어오는 산들바람과 함께 끝없는 호수가 차가운 은빛 비늘처럼 반짝거리는 모습을 보는 것 같다. 이 대검을 휘둘러 무아의 경지에 이르면 샘물처럼 맑은 칼날 속에 축적된 에너지를 느낄 수 있다,ko-KR
Betörende Melodie,천상의 음률,ko-KR
Beyond the Cycle,시작과 끝,ko-KR
Blazing Brilliance,솟아오르는 화염,ko-KR
Blazing Justice,불빛의 심판,ko-KR
Blazing Starfire,눈부신 불빛,ko-KR
"Blistering winds and crashing waves, the sea devours all. Only a lonely boat lamp stands alight!","거센 바람이 미친 듯이 몰아치고, 사나운 파도가 하늘 높이 치솟는다. 바다가 모든 것을 삼켜버렸지만, 선등만이 흔들리지 않고 웃고 있다!",ko-KR
"Blistering winds and crashing waves, the sea devours all. Only a lonely boat lamp stands alight!
Onwards! Towards the edge of the world you shall sail!","거센 바람이 미친 듯이 몰아치고, 사나운 파도가 하늘 높이 치솟는다. 바다가 모든 것을 삼켜버렸지만, 선등만이 흔들리지 않고 웃고 있다!
거침없이 나아가라! 세상의 끝을 보기 위해!",ko-KR
Blitzende Sternenflammen,눈부신 불빛,ko-KR
Bloodpact's Pledge,혈맹의 약속,ko-KR
Blutroter Phönix,불사조의 깃털,ko-KR
Bláster espectral,스펙트럼 블래스터,ko-KR
Bonus de dégâts : Libération résonatrice ( {0}.),공명 해방 피해 보너스 {0} 증가,ko-KR
Boson Astrolabe,보손 관측기,ko-KR
Boson-Astrolab,보손 관측기,ko-KR
Brassard à pulsation,격동의 조력,ko-KR
Brazal pulsante,격동의 조력,ko-KR
Brazales #21D,21형 권갑 · 아이언 팬텀,ko-KR
Brazales de entrenamiento,견습용 권갑,ko-KR
Brazales de guardián,수호자의 권갑 · 강력,ko-KR
Brazales de la noche,흑야의 권갑 · 흑빛,ko-KR
Brazales de principiante,태초의 권갑,ko-KR
Brazales del viajero,수행자의 권갑 · 파괴,ko-KR
Braçal da Pulsação,격동의 조력,ko-KR
Breitschwert Nr. 41,41형 대검 · 무거운 책임,ko-KR
Breitschwert der Nacht,흑야의 대검 · 현명,ko-KR
Breitschwert des Voyager,수행자의 대검 · 벽로,ko-KR
Brillo abrasador,솟아오르는 화염,ko-KR
Brisa desenfrenada,자유의 바람,ko-KR
Brisa sem Amarras,자유의 바람,ko-KR
Brise-crâne,스컬 스래셔,ko-KR
Briseroc ultrasonique,초음파·파괴,ko-KR
Briseur des limites,개척자,ko-KR
Broadblade of Night,흑야의 대검 · 현명,ko-KR
Broadblade of Voyager,수행자의 대검 · 벽로,ko-KR
Broadblade#41,41형 대검 · 무거운 책임,ko-KR
Brotes escarchados,옥수 비단,ko-KR
Brouillard stable,부동의 안개,ko-KR
Bénédiction des cieux,신의 가호,ko-KR
Bénédiction des étoiles,별의 동반,ko-KR
Bênção Celestial,별의 동반,ko-KR
Bênção Divina,신의 가호,ko-KR
Böses vertreiben,벽사,ko-KR
"C'est un sabre spécialement conçu pour les résonateurs et résonatrices débutant(e)s. Son apparence est simple, mais il a une force de combat impressionnante.",초보 공명자를 위해 특별히 제작된 직검. 수수한 외형과 다르게 만만치 않은 전투력이 잠재되어 있다,ko-KR
"C'est un sabre spécialement conçue pour les résonateurs et résonatrices débutant(e)s. Son apparence est simple, mais il a une force de combat impressionnante.",초보 공명자를 위해 특별히 제작된 직검. 수수한 외형과 다르게 만만치 않은 전투력이 잠재되어 있다,ko-KR
"C'est une épée spécialement conçue pour les résonateurs et résonatrices débutant(e)s. Son apparence est simple, mais elle a une force de combat impressionnante.",초보 공명자를 위해 특별히 제작된 대검. 수수한 외형과 다르게 만만치 않은 전투력이 잠재되어 있다,ko-KR
"Cada patrón puede registrarse, cada fenómeno comprenderse.
Puede que el ideal esté a años luz, pero el camino que a él conduce está al alcance de la mano.","모든 법칙은 관측 가능하고, 모든 현상은 해석 가능하다.
수만 광년 너머에 있는 이상에, 두 손이 닿을 수 있듯이",ko-KR
Cadence,칼의 울림,ko-KR
Cadencia,칼의 울림,ko-KR
Cadenza,화려한 악곡,ko-KR
Cadência,칼의 울림,ko-KR
Cadência,화려한 악곡,ko-KR
Calibrador Estelar,별하늘 연산 측정기,ko-KR
Calibrador estelar,별하늘 연산 측정기,ko-KR
Calibrateur stellaire,별하늘 연산 측정기,ko-KR
Call of the Abyss,심해의 메아리,ko-KR
Camaradagem,출정의 의식,ko-KR
Camaraderie,출정의 의식,ko-KR
Camaradería,출정의 의식,ko-KR
Canto Inalterável,의연한 용사의 시,ko-KR
Canto da Floresta,숲속의 아리아,ko-KR
Canto do Louco,우인의 노래,ko-KR
Capta-sinais,선지자,ko-KR
Captura de Peixe,어획,ko-KR
Captura de pesca,어획,ko-KR
"Casting Intro Skill increases the wielder's ATK by {0} and HP by {1}, lasting for {2}s.","변주 스킬 발동 시, 자신의 공격력이 {0} 증가하고, HP가 {1} 증가하며, {2}초간 지속된다",ko-KR
Casting Resonance Liberation increases ATK by {0} and grants {1} Heavy Attack DMG Bonus for {2}s.,"공명 해방 발동 시, 공격력이 {0} 증가되고 강공격 피해 보너스가 {1} 증가되며 {2}초간 지속된다",ko-KR
Casting Resonance Liberation increases ATK by {0} and grants {1} Resonance Liberation DMG Bonus for {2}s.,"공명 해방 발동 시, 공격력이 {0} 증가되고 공명 해방 피해 보너스가 {1} 증가되며 {2}초간 지속된다",ko-KR
Casting Resonance Liberation increases the Resonator's Healing Bonus by {0} for {1}s.,"공명 해방 발동 시, 자신의 치료 효과 보너스가 {0} 증가하며, {1}초간 지속된다",ko-KR
"Casting Resonance Liberation increases the wielder's ATK by {0}, lasting for {1}s.","공명 해방 발동 시, 자신의 공격력이 {0} 증가하고, {1}초간 지속된다",ko-KR
Casting Resonance Skill increases ATK by {0} and grants {0} Basic Attack DMG Bonus for {1}s.,"공명 스킬 발동 시, 공격력과 일반 공격 피해 보너스가 {0} 증가되고 {1}초간 지속된다",ko-KR
"Casting Resonance Skill increases the wielder's Resonance Liberation DMG Bonus by {0}, lasting for {1}s.","공명 스킬 발동 시, 자신의 공명 해방 피해 보너스가 {0} 증가하며, {1}초간 지속된다",ko-KR
"Casting the Resonance Skill grants {0} Resonance Energy and increases ATK by {1}, lasting for {2}s. This effect can be triggered once every {3}s.","공명 스킬 발동 시, 공명 에너지를 {0}pt 획득하고, 공격력이 {1} 증가하며, {2}초간 지속된다. 해당 효과는 {3}초마다 1회 발생할 수 있다",ko-KR
"Causar Dano a inimigos com Efeito Negativo aumenta o ATQ do portador em {0} por {1}s. Este efeito pode ser ativado 1 vez por segundo, podendo acumular até {2} vezes.","「이상 효과」가 있는 몬스터에게 피해를 입힐 시, 자신의 공격력이 {0} 증가하며, {1}초간 지속된다. 1초마다 1회 발생할 수 있으며, 최대 {2}스택 중첩이 가능하다",ko-KR
"Causar Dano a inimigos com o Efeito de Estridência Fotônica aumenta o Dano Fotônico do portador em {0}, acumulando 1 acúmulo por segundo durante 6s, até um máximo de 4 acúmulos.","「광학 효과」가 있는 적에게 피해를 입힐 시 다음 효과를 얻을 수 있다. 자신의 회절 피해가 {0} 증가되고, 1초마다 1스택을 획득할 수 있으며, 6초간 지속되고, 최대 4스택 중첩이 가능하다",ko-KR
Cazadora de estrellas,별을 좇아서,ko-KR
Caçador de Estrelas,별을 좇아서,ko-KR
"Ce sont des gantelets spécialement conçus pour les résonateurs et résonatrices débutant(e)s. L'apparence est simple, mais ils ont une force de combat impressionnante.",초보 공명자를 위해 특별히 제작된 권갑. 수수한 외형과 다르게 만만치 않은 전투력이 잠재되어 있다,ko-KR
Ceaseless Aria,끝없는 메아리,ko-KR
Ceifador de Crânios,스컬 스래셔,ko-KR
Celestial Blessing,별의 동반,ko-KR
Celestial Spiral,천상의 나선,ko-KR
Cenit áureo,금빛 하늘,ko-KR
Cerne da Verdade,팔방의 천추,ko-KR
"Ces Gantelets pulsent d'une force incontrôlable, émanant une colère indicible des profondeurs du lac inconnu. Déchaînez votre fureur sur les ennemis et ressentez sa puissance qui vous traverse.","반응 — 강력한 권갑을 통해 마치 알 수 없는 깊은 연못에서 밀려오는 성난 파도가 느껴지며, 그 느낌은 말로 표현할 수 없다. 이 권갑을 착용하면 적에게 내면의 분노를 표출할 수 있다",ko-KR
"Ces pistolets sont conçus pour les résonateurs et résonatrices débutant(e)s. Son apparence est simple, mais ils ont une force de combat impressionnante.",초보 공명자를 위해 특별히 제작된 권총. 수수한 외형과 다르게 만만치 않은 전투력이 잠재되어 있다,ko-KR
"Cette arme est le testament du pacte de sang inébranlable. Il n'y aura ni trahison, ni compromission, et nous nous battrons jusqu'à la dernière goutte de sang.","이것이 바로 혈맹의 증거다——마지막 한 방울의 피가 마를 때까지 절대 배신하지 않으며, 포기하지도 않는다",ko-KR
Chama Congelante,서린 불꽃,ko-KR
Chama Estelar,눈부신 불빛,ko-KR
Chama Eterna,불멸의 성화,ko-KR
Chama Solar,태양 불꽃,ko-KR
Chamado do Abismo,심해의 메아리,ko-KR
Changement instant,천변만화,ko-KR
Chanson des braves,의연한 용사의 시,ko-KR
Chant des Fous,우인의 노래,ko-KR
Chaos,인멸,ko-KR
"Chaque schéma peut être observé. Chaque phénomène peut être compris.
L'idéal se trouve peut-être à des années-lumière, mais la voie qui y mène repose entre ses mains.","모든 법칙은 관측 가능하고, 모든 현상은 해석 가능하다.
수만 광년 너머에 있는 이상에, 두 손이 닿을 수 있듯이",ko-KR
Chiffren der Solmantin,솔스원의 해석,ko-KR
Chorro relativista,역설의 격류,ko-KR
Cifras do Juramento Solar,솔스원의 해석,ko-KR
Cisailles laser,레이저 변형,ko-KR
Clarão entre Nuvens,옥빛 구름,ko-KR
Colapso Infinito,영원의 붕괴,ko-KR
Colapso interminable,영원의 붕괴,ko-KR
Collective Strength,합력,ko-KR
Comando de Convicção,야귀의 신념,ko-KR
Comando de convicción,야귀의 신념,ko-KR
Comet Flare,굉음,ko-KR
Commando de la Conviction,야귀의 신념,ko-KR
Commando of Conviction,야귀의 신념,ko-KR
"Como a morte é um fato irreversível, de nada adianta hesitar. Ela aperta o gatilho, estilhaçando esse devaneio assombroso.","죽었다는 사실을 바꿀 수 없다면, 망설일 이유는 없다.
그녀는 방아쇠를 당겨 자신의 꿈을 직접 파괴한다",ko-KR
Companheirismo,상성,ko-KR
Companionship,상성,ko-KR
Compañerismo,상성,ko-KR
Compréhension,끝없는 탐구,ko-KR
Comète éclatante,굉음,ko-KR
Concentré,합일,ko-KR
Conjuração dos Espíritos e das Estrelas,혼을 부르고 별을 소환해,ko-KR
"Connu pour sa puissance de feu, ces pistolets évoqueront l'esprit combatif dans votre cœur lorsque vous vous tiendrez sur le champ de bataille.","강력한 화력으로 유명한 권총로, 이 총을 들고 전쟁터에 나서면 가슴에서 격앙된 전의가 치솟는다",ko-KR
Consenso,합일,ko-KR
Consensus,합일,ko-KR
Consonante sorda,도움의 손길,ko-KR
Consonante sorda,청음,ko-KR
"Contempla este mandoble, sus filos afilados brillan en el aire frígido. Al blandirla, sientes el poder que fluye como un río congelado.",집중 — 날카로운 칼날의 끝부분을 통해 마치 갑자기 불어오는 산들바람과 함께 끝없는 호수가 차가운 은빛 비늘처럼 반짝거리는 모습을 보는 것 같다. 이 대검을 휘둘러 무아의 경지에 이르면 샘물처럼 맑은 칼날 속에 축적된 에너지를 느낄 수 있다,ko-KR
"Contemple este espadão, sua lâmina reluzindo no ar gelado. Ao empunhá-lo, sinta o poder fluindo através de você como um rio furioso.",집중 — 날카로운 칼날의 끝부분을 통해 마치 갑자기 불어오는 산들바람과 함께 끝없는 호수가 차가운 은빛 비늘처럼 반짝거리는 모습을 보는 것 같다. 이 대검을 휘둘러 무아의 경지에 이르면 샘물처럼 맑은 칼날 속에 축적된 에너지를 느낄 수 있다,ko-KR
Coroa de Primavera,비녀에 깃든 봄,ko-KR
Coroa do Destino Indômito,숙명에 맞서는 관,ko-KR
Corona primaveral,비녀에 깃든 봄,ko-KR
Corrimiento al rojo,멸망의 주파수,ko-KR
Cortador lunar,상승의 서녘,ko-KR
Cosmic Ripples,파도의 기록,ko-KR
Courage impérissable,흔들리지 않는 용기,ko-KR
Couronne printanière,비녀에 깃든 봄,ko-KR
Crimson Phoenix,불사조의 깃털,ko-KR
Crusade,기나긴 여정,ko-KR
Cruzada,기나긴 여정,ko-KR
Crónica del héroe ebrio,만취의 영웅지,ko-KR
"Cuando el personaje esprinta o esquiva, aumenta el ATQ un {0}, acumulándose hasta {2} veces. Este efecto dura {1} s.","캐릭터가 돌진하거나 회피할 시, 공격력이 {0} 증가하고, {1}초간 지속되며, 최대 {2}스택 중첩이 가능하다",ko-KR
"Cuando los PS del personaje cae por debajo de {0}, aumenta el Daño del ataque cargado en {1} y restauran los PS en {2} al infligir daño de Ataque cargado. Este efecto puede ser activado {4} vez cada {3} s.","HP가 {0} 이하일 경우, 강공격 피해 보너스가 {1} 증가하고, 강공격 피해를 입힐 때 현재 캐릭터의 HP가 {2} 회복되며, {3}초마다 {4}회 발생할 수 있다",ko-KR
"Cuando se activa el efecto de concierto, el daño de la liberación de resonancia se incrementa en un {0}% durante 10s, acumulándose hasta 2 veces.","협주 이펙트 발생 시, 공명 해방 피해가 {0}% 증가하고, 10초간 지속되며, 최대 2층 중첩이 가능하다",ko-KR
"Cuando se golpea a un objetivo con Ataques básicos, se restaura los PS en un {0}. Este efecto puede ser activado {2} vez cada {1} s.","일반 공격을 사용하여 피해를 입힐 경우, 자신의 HP가 {0} 회복되며, {1}초마다 {2}회 발생할 수 있다",ko-KR
"Cuando se lanza la habilidad Intro, restaura {0} de Energía de Concierto. Cuando se lanza la habilidad Outro, restaura {1} de energía de resonancia.","변주 스킬 발동 시 협주 에너지 {0}pt를 회복하며, 반주 스킬 발동 시 공명 에너지 {1}pt를 회복한다",ko-KR
"Cuando se libera el Contraataque, restaura PS en {0}. Este efecto se puede activar {2} vez cada {1} s.","회피 반격 발동 시, 자신의 HP가 {0} 회복되며, {1}초마다 {2}회 발생할 수 있다",ko-KR
"Cuando se libera la Habilidad Intro, aumenta el ATQ del lanzador en un {0} y los PS en {1} durante {2} s.","변주 스킬 발동 시, 자신의 공격력이 {0} 증가하고, HP가 {1} 증가하며, {2}초간 지속된다",ko-KR
"Cuando se libera la Habilidad Intro, aumenta el ATQ un {0} durante {1} s.","변주 스킬 발동 시, 공격력이 {0} 증가하며, {1} 초간 지속된다",ko-KR
"Cuando se libera la Habilidad Intro, aumenta el ATQ un {0} durante {1} s.","변주 스킬 발동 시, 공격력이 {0} 증가하며, {1}초간 지속된다",ko-KR
"Cuando se libera la Habilidad Intro, aumenta el ATQ un {0} durante {1} s.","변주 스킬 발동 시, 자신의 공격력이 {0} 증가하며, {1}초간 지속된다",ko-KR
"Cuando se libera la Habilidad Intro, aumenta el ATQ un {0} y la DEF en un {1} durante {2} s.","변주 스킬 발동 시, 자신의 공격력이 {0} 증가하고, 방어력이 {1} 증가하며, {2}초간 지속된다",ko-KR
"Cuando se libera la Habilidad Intro, aumenta la Bonif. de daño de Habilidad de resonancia en un {0} durante {1} s.","변주 스킬 발동 시, 자신의 공명 스킬 피해 보너스가 {0} 증가하며, {1}초간 지속된다",ko-KR
"Cuando se libera la Habilidad Intro, aumenta la Bonif. de daño de Liberación de resonancia en un {0} durante {1} s.","변주 스킬 발동 시, 자신의 공명 해방 피해 보너스가 {0} 증가하며, {1}초간 지속된다",ko-KR
"Cuando se libera la Habilidad Intro, restaura PS en {0}. Este efecto puede ser activado {2} vez cada {1} s.","변주 스킬 발동 시, 자신의 HP가 {0} 회복되며, {1}초마다 {2}회 발생할 수 있다",ko-KR
"Cuando se libera la Habilidad de resonancia, aumenta la Bonif. de daño de Ataque básico y ataque cargado un {0}, acumulando hasta {1} vez. Este efecto dura {2} s y se puede activar {4} vez cada {3} s.","공명 스킬 발동 시, 자신의 일반 공격 피해 보너스와 강공격 피해 보너스가 {0} 증가하고, 최대 {1}스택 중첩이 가능하며, {2}초간 지속된다. {3}초마다 {4}회 발생할 수 있다",ko-KR
"Cuando se libera la Habilidad de resonancia, aumenta la Bonif. de daño de Liberación de resonancia en un {0} durante {1} s.","공명 스킬 발동 시, 자신의 공명 해방 피해 보너스가 {0} 증가하며, {1}초간 지속된다",ko-KR
"Cuando se libera la Habilidad de resonancia, restaura PS en {0}. Este efecto se puede activar {2} vez cada {1} s.","공명 스킬 발동 시, 자신의 HP가 {0} 회복되며, {1}초마다 {2}회 발생할 수 있다",ko-KR
"Cuando se libera la Habilidad de resonancia, restaura la energía de concierto en {0}. Este efecto se puede activar {2} vez cada {1} s.","공명 스킬 발동 시, 협주 에너지 {0}pt를 회복하며, {1}초마다 {2}회 발생할 수 있다",ko-KR
"Cuando se libera la Habilidad de resonancia, restaura la energía de resonancia en {0}. Este efecto se puede activar {2} vez cada {1} s.","공명 스킬 발동 시, 공명 에너지 {0}pt를 회복하고, {1}초마다 {2}회 발동할 수 있다",ko-KR
"Cuando se libera la Habilidad de resonancia, restaura la energía de resonancia en {0}. Este efecto se puede activar {2} vez cada {1} s.","공명 스킬 발동 시, 공명 에너지 {0}pt를 회복하고, {1}초마다 {2}회 발생할 수 있다",ko-KR
"Cuando se libera la Habilidad de resonancia, restaura la energía de resonancia en {0}. Este efecto se puede activar {2} vez cada {1} s.","공명 스킬 발동 시, 공명 에너지 {0}pt를 회복하며, {1}초마다 {2}회 발생할 수 있다",ko-KR
"Cuando se libera la liberación de resonancia, restaura PS en {0}. Este efecto se puede activar {2} vez cada {1} s.","공명 해방 발동 시, 자신의 HP가 {0} 회복되며, {1}초마다 {2}회 발생할 수 있다",ko-KR
Cuando un corazón se aquieta,굳건한 의지,ko-KR
Cumbre verde,청룡의 천장,ko-KR
Cycles des saisons,태평성대,ko-KR
D'innombrables délivrances,수많은 인도,ko-KR
"Dado que la muerte es irreversible, dudar es fútil.
Ella aprieta el gatillo y destruye este sueño que la atormentaba.","죽었다는 사실을 바꿀 수 없다면, 망설일 이유는 없다.
그녀는 방아쇠를 당겨 자신의 꿈을 직접 파괴한다",ko-KR
Dans les mers,바닷속에서,ko-KR
Darkness Breaker,어둠을 파괴하는 자,ko-KR
Das Ausführen der Resonanzbefreiung erhöht den Heilungsbonus des Resonators um {0} für {1}s.,"공명 해방 발동 시, 자신의 치료 효과 보너스가 {0} 증가하며, {1}초간 지속된다",ko-KR
"Das Ausführen des Resonanzskills gewährt {0} Resonanzenergie und erhöht den ANG um {1}, was für {2}s anhält. Dieser Effekt kann einmal alle {3}s ausgelöst werden.","공명 스킬 발동 시, 공명 에너지를 {0}pt 획득하고, 공격력이 {1} 증가하며, {2}초간 지속된다. 해당 효과는 {3}초마다 1회 발생할 수 있다",ko-KR
"Das Breitschwert, geboren aus dem Luftphänomen. Der Schmied verarbeitet die Gefühle, die er beim Anblick des fremden Sterns hatte, in die Waffe, sodass sie hohl und leicht aussieht, aber die unbesiegbare Schwerkraft des Sternenfalls ausüben kann.",공중에서의 기이한 현상으로 탄생한 대검. 제작자가 이상한 별을 목격한 느낌을 무기에 녹였다. 펀칭이 들어가 가볍게 보이지만 별이 떨어질 때 그만한 무적의 중력을 발휘한다,ko-KR
Das Profundezas,바닷속에서,ko-KR
"Das Sonnenlicht sammelt sich. Die Antwort tritt klar hervor. Was getan werden muss, steht bereit. Die Zügel liegen in deiner Hand.
Schreite voran – dem Ende im Sonnenlicht entgegen.","모든 햇빛이 당신을 비추니, 답이 보일 것이다.
해야만 하는 일들이 있고, 당신만이 할 수 있는 일들이 있다.
크게 한 걸음 내디뎌 보자, 태양의 끝에 더 가까이",ko-KR
Das Wirken von Resonanzbefreiung erhöht den ANG um {0} und gewährt {1} Schadensbonus für Resonanzbefreiung für {2} Sek.,"공명 해방 발동 시, 공격력이 {0} 증가되고 공명 해방 피해 보너스가 {1} 증가되며 {2}초간 지속된다",ko-KR
Das Wirken von Resonanzbefreiung erhöht den ANG um {0} und gewährt {1} Schwerer Angriffs-Schadensbonus für {2} Sek.,"공명 해방 발동 시, 공격력이 {0} 증가되고 강공격 피해 보너스가 {1} 증가되며 {2}초간 지속된다",ko-KR
Dauntless Evernight,장야의 불빛,ko-KR
Dawnbringer,새로운 법칙,ko-KR
Daybreak,전진의 발걸음,ko-KR
Daybreaker's Spine,한낮의 의지,ko-KR
De retour au feu,불의 귀환,ko-KR
"Dealing DMG to enemies with Negative Statuses increases the wielder's ATK by {0} for {1}s. This effect can be triggered 1 time per second, stackable up to {2} times.","「이상 효과」가 있는 몬스터에게 피해를 입힐 시, 자신의 공격력이 {0} 증가하며, {1}초간 지속된다. 1초마다 1회 발생할 수 있으며, 최대 {2}스택 중첩이 가능하다",ko-KR
"Dealing DMG to enemies with Spectro Frazzle increases the wielder's Spectro DMG by {0}, gaining 1 stack per second for 6s, stacking up to 4 times.","「광학 효과」가 있는 적에게 피해를 입힐 시 다음 효과를 얻을 수 있다. 자신의 회절 피해가 {0} 증가되고, 1초마다 1스택을 획득할 수 있으며, 6초간 지속되고, 최대 4스택 중첩이 가능하다",ko-KR
Defier's Thorn,숙명에 맞서는 관,ko-KR
Definite Solution,운명의 해답,ko-KR
"Der Beginn der Spitzenverfolgung. Ein Breitschwert, das für Anfänger-Resonatoren konzipiert ist. Enthält eine nicht zu unterschätzende Kraft unter seinem einfachen Aussehen.",초보 공명자를 위해 특별히 제작된 대검. 수수한 외형과 다르게 만만치 않은 전투력이 잠재되어 있다,ko-KR
"Der Beginn eines beständigen Bestrebens. Ein Paar Armpanzerungen, entworfen für Anfänger-Resonatoren. Enthält eine nicht zu unterschätzende Kraft unter seinem einfachen Aussehen.",초보 공명자를 위해 특별히 제작된 권갑. 수수한 외형과 다르게 만만치 않은 전투력이 잠재되어 있다,ko-KR
"Der Beginn eines mutigen Unterfangens. Ein Paar Pistolen, die für Anfänger-Resonatoren konzipiert sind. Unter ihrem einfachen Aussehen verbirgt sich eine nicht zu unterschätzende Kraft.",초보 공명자를 위해 특별히 제작된 권총. 수수한 외형과 다르게 만만치 않은 전투력이 잠재되어 있다,ko-KR
"Der Tod lässt sich nicht rückgängig machen. Zögern hat keinen Sinn.
Sie drückt selbst den Abzug und zerreißt diese gespenstische Illusion.","죽었다는 사실을 바꿀 수 없다면, 망설일 이유는 없다.
그녀는 방아쇠를 당겨 자신의 꿈을 직접 파괴한다",ko-KR
"Der Ursprung der universellen Genesis. Ein Gleichrichter, der für Anfänger-Resonatoren konzipiert ist. Enthält eine nicht zu unterschätzende Kraft unter seinem einfachen Aussehen.",초보 공명자를 위해 특별히 제작된 증폭기. 수수한 외형과 다르게 만만치 않은 전투력이 잠재되어 있다,ko-KR
"Der Wind schmiedet die Klinge, der Himmel wird zur Scheide. Sobald das Schwert gezogen ist, verstummt alles.
Dieses nie verblassende Zyanblau ist ihr Entschluss, ihr Schwur und ihr Ideal.","흐르는 바람에 검날을 다듬고, 푸른 하늘을 검집으로 삼으리. 검이 이미 모습을 드러냈으니, 만물이 고요해지리.
영원히 바래지 않을 그 푸른빛, 그녀의 결의이자 맹세이며, 품어 온 이상이 되었네",ko-KR
Der letzte Tanz,죽음과 춤,ko-KR
Desde las profundidades,바닷속에서,ko-KR
Desfecho Turbulento,밀려오는 파도,ko-KR
"Después de activar el Efecto de Concierto, el Daño de Liberación de Resonancia se incrementa en un {0}% durante 10s. Se puede apilar hasta 2 veces.","협주 이펙트 발동 시, 공명 해방 피해가 {0}% 증가하며 10초간 지속되며 최대 2층까지 중첩된다",ko-KR
"Después de la liberación de resonancia, los ataques se incrementan en un {0}% y el efecto dura 12s.","공명 해방 발동 후, 공격력이 {0}% 증가하며 12초간 지속된다",ko-KR
"Después de usar la Liberación de la Resonancia, el ATQ se incrementa en un {0}% durante 12s.","공명 해방 사용 후, 공격력이 {0}% 증가하며 12초간 지속된다",ko-KR
"Después de usar la habilidad de Resonancia, los Ataques pesados ignoran el {0}% de la DEF del objetivo durante 8s.","공명 해방 발동 후, 3층의 「철갑」 효과를 얻으며, 각 층마다 공격력과 방어력을 {0}% 향상시키며, 최대 3층 중첩이 가능함며, 피해를 입을 때마다 1층씩 감소한다",ko-KR
Destrucción,인멸,ko-KR
Destruction,각고의 힘,ko-KR
Destruction,인멸,ko-KR
Desvio Entrópico,멸망의 주파수,ko-KR
"Die Armpanzerung pulsiert mit einer unkontrollierbaren Kraft, die unbeschreibliche Wut aus den Tiefen des unbekannten Sees ausstrahlt. Wenn du sie anlegst, entfessle deinen Zorn auf wehrlose Feinde. Spüre, wie ihre Kraft durch dich durchströmt.","반응 — 강력한 권갑을 통해 마치 알 수 없는 깊은 연못에서 밀려오는 성난 파도가 느껴지며, 그 느낌은 말로 표현할 수 없다. 이 권갑을 착용하면 적에게 내면의 분노를 표출할 수 있다",ko-KR
"Die Geburt revolutionärer Strömungen. Ein Schwert, das für Anfänger-Resonatoren konzipiert ist. Enthält eine nicht zu unterschätzende Kraft unter seinem einfachen Aussehen.",초보 공명자를 위해 특별히 제작된 직검. 수수한 외형과 다르게 만만치 않은 전투력이 잠재되어 있다,ko-KR
Die Naht des Anbruchs,봉합된 새벽과 황혼,ko-KR
"Die tosenden Gezeiten zwingen der Ritterin die Dornenkrone auf – aus ihr schmiedet sie ein Schwert von unermesslicher Stärke.
Ohne die Last der Krone schreitet sie unbeirrt durch die Wellen.","파도는 기사에게 운명의 면류관을 씌우려 했지만, 기사는 면류관을 검 안에 봉인해버렸다.
면류관은 기사를 속박할 수 없었고, 파도는 기사의 발걸음을 막지 못했다",ko-KR
Diese Armpanzerung ist speziell für Training und Unterricht konzipiert und bietet nur die grundlegendsten Funktionen.,훈련과 교육에 사용되는 권갑. 기본적인 기능만 있다,ko-KR
Diese Pistolen sind speziell für Training und Unterricht konzipiert und bieten nur die grundlegenden Funktionen.,훈련과 교육에 사용되는 권총. 기본적인 기능만 있다,ko-KR
"Diese Waffe ist ein Zeugnis des unzerbrechlichen Blutpakts: Niemals soll man verraten, niemals kapitulieren und bis zum letzten Tropfen Blut kämpfen.","이것이 바로 혈맹의 증거다——마지막 한 방울의 피가 마를 때까지 절대 배신하지 않으며, 포기하지도 않는다",ko-KR
Dieser Gleichrichter ist speziell für Training und Unterricht konzipiert und bietet nur die grundlegenden Funktionen.,훈련과 교육에 사용되는 증폭기. 기본적인 기능만 있다,ko-KR
Dieses Breitschwert ist speziell für Training und Unterricht konzipiert und bietet nur die grundlegenden Funktionen.,훈련과 교육에 사용되는 대검. 기본적인 기능만 있다,ko-KR
Dieses Schwert ist speziell für Training und Unterricht konzipiert und bietet nur die grundlegenden Funktionen.,훈련과 교육에 사용되는 직검. 기본적인 기능만 있다,ko-KR
Diligência,각고의 힘,ko-KR
Dirección de borde,검이 가리키는 곳,ko-KR
Direção Afiada,검이 가리키는 곳,ko-KR
Discord,기묘한 울림,ko-KR
Discorde,기묘한 울림,ko-KR
Discrétion,적막,ko-KR
Disonancia,기묘한 울림,ko-KR
Dispersion lumineuse,페이드 아웃,ko-KR
Dispersor lumínico,페이드 아웃,ko-KR
Dispositivo de projeção que permite mudar a aparência da arma.,무기 외관을 변경할 수 있는 투영 도구,ko-KR
Dissipador de Plasma,잠재력의 상한,ko-KR
Dissolution,적막,ko-KR
Dissolução,적막,ko-KR
Dissonanz,기묘한 울림,ko-KR
Divine Blessing,신의 가호,ko-KR
Don des mers,바다의 선물,ko-KR
"Donner wird ihr den Schmerz und die Schwäche ausbrennen. Im Schmelztiegel aus Blut und Sand wird sie nicht länger Staub sein, sondern die strahlende Sonne.",뇌전은 그녀의 옛 상처와 연약함을 씻어낼 것이다. 그 피와 모래로 만들어진 용광로에서 그녀는 더 이상 먼지가 아니라 찬란하고 눈부신 태양이 될 것이다,ko-KR
Donnerflamme der Hoheit,불타오른 권력,ko-KR
Donnergewalt,천둥벼락을 다스리는 권능,ko-KR
Donnerschlag,뇌전,ko-KR
Dorn des Herausforderers,숙명에 맞서는 관,ko-KR
Dunkelbrecher,어둠을 파괴하는 자,ko-KR
Durchhalten,각고의 힘,ko-KR
Dádiva do Mar,바다의 선물,ko-KR
Déclencheur spectral,스펙트럴 트리거,ko-KR
Défenseur fidèle,전사의 충정,ko-KR
Dévoisant,청음,ko-KR
Eclectique,포용의 힘,ko-KR
Edge Breaker,개척자,ko-KR
Edge Direction,검이 가리키는 곳,ko-KR
Effondrement éternel,영원의 붕괴,ko-KR
Efímero,천변만화,ko-KR
Eid der Gezeitenjäger,흑조(黑潮) 사냥의 맹세,ko-KR
Eid des Blutpakts,혈맹의 약속,ko-KR
Eifer,전투의 의지,ko-KR
"Ein Anker, der einst vom Elfenbein-Torwächter verwendet wurde, um das Somnoire zu stabilisieren.
Doch seit sich Elfenbein-Torwächter in eine weiße Katze verwandelt hat, sieht er jetzt anders aus ...","화이트 게이트 수호자가 마음의 영역 안정을 시키는 데 사용하는 스테디 앵커이다.
화이트 게이트 수호자가 흰 고양이 형태로 변화된 후, 이 장치의 외형에도 변화가 발생했다...",ko-KR
Ein Gegenstand zur Änderung des Waffenskins.,무기 외관을 변경할 수 있는 투영 도구,ko-KR
"Ein Paar Pistolen, bekannt für ihre starke Feuerkraft. Eine leidenschaftliche Überzeugung wird aufkommen, wenn der Schütze diese Pistolen auf dem Schlachtfeld hält.","강력한 화력으로 유명한 권총로, 이 총을 들고 전쟁터에 나서면 가슴에서 격앙된 전의가 치솟는다",ko-KR
"Ein Paar schwerer und starker Armpanzerungen, die sehr zuverlässig sind. Sie können zerstörerische Kraft freisetzen, um tödliche Schläge zu verursachen, wenn sie von erfahrenen Benutzern ausgerüstet sind.","무겁고 거칠지만 믿음직스럽게 견고한 권갑, 숙련된 사용자의 손에 착용하면 치명적인 타격을 가할 수 있는 파괴력을 발휘한다",ko-KR
Ein absteigendes Adagio. Diese Armpanzerungen pulsieren mit der Kraft aufsteigender Wellen und zerschmettern alles auf ihrem Weg wie eine tödliche Hymne.,권갑을 감싸고 내려가듯 거센 파도가 울부짖으며 격노하니 웅장한 교향곡이 시작된다,ko-KR
Ein absteigendes Adagio. Dieser Gleichrichter öffnet ein aufschlussreiches Fenster zur Situation und ändert die Melodie des intensiven Schlacht-Concertos.,공명이 내려앉는 무기를 손에 쥐고 모든 것을 꿰뚫어 전략을 찾으니 협주의 변화가 일어난다,ko-KR
Ein absteigendes Adagio. Dieses Breitschwert dominiert das Schlachtfeld mit der Kraft der Dissonanz. Der Vorhang fällt nie auf ein Meisterwerk.,악보의 주파수를 영감으로 제작한 대검. 음계가 내려앉은 칼을 들면 굉음의 힘으로 전장을 지배한다. 걸작은 영원히 막을 내리지 않는다,ko-KR
"Ein anerkannt gesegnetes Schwert, da es zu unzähligen Triumphen beigetragen hat. „Möge der Sieg mit dir sein.“","여러 차례 승리를 불러와 행운이 깃든 직검으로 인정받고 있다.
""그럼, 승리가 당신과 함께 하길""",ko-KR
"Ein aufsteigendes Crescendo. Diese Pistolen entfesseln Kugeln mit der Kraft des Donners, die den Himmel wie eine Symphonie der Zerstörung durchreißen.",음계가 상승한 권총을 손에 쥐면 파공의 기세로 하늘을 찌르며 절묘한 악장을 연출한다,ko-KR
"Ein aufsteigendes Crescendo. Dieses bezaubernde Schwert schneidet mühelos durch alles auf seinem Weg, wie ein glorreiches Präludium.",악보의 주파수를 영감으로 제작한 직검. 음계가 올라간 검을 손에 쥐면 아름다운 소리로 화려한 서곡을 작곡할 수 있다,ko-KR
"Eine Projektion des Breitschwerts Zeitalter der Ernte, so anmutig wie Pfirsichblüten.
Mit dem Eintreffen des Frühlings färbt sich die Zeitperle am Heft rosa – getränkt von Blüten, wie das Herz eines Mädchens in voller Blüte.","대검 · 태평성대의 개념적 투영, 마치 복숭아꽃처럼 아름답다.
봄바람이 사계절을 흔드니 검의 시간 옥구슬도 소녀의 마음처럼 꽃잎에 물들어 분홍빛이 되었다",ko-KR
"Eine Waffe zum Gedenken an die Kameradschaft der Mitternachtsranger. „Dünne Kleidungsstücke weichen eisigen Monden, während Rüstungen der Kälte der Sterne standhalten.“","야귀군을 위해 특별히 제작된 권갑. 야귀 전사의 전우에 대한 의리를 담고 있다.
한 시에서는 이를 「얇은 옷은 서리달의 추위 앞에 무릎을 굽히고, 권갑은 서리별의 추위를 감싸안는다.」라고 찬양한다",ko-KR
"Eine Waffe, die entworfen wurde, um den Mut der Mitternachtsranger zu gedenken. „Tausend Echos tragen die Geschichte des Krieges, während die Geister in den hallenden Schluchten des Mutes vereint sind.“","야귀군을 위해 특별히 제작된 직검. 야귀 전사의 용감한 전진에 대한 신념을 담고 있다.
한 시에서는 이를 「전쟁을 알리는 북소리가 울려퍼지며, 전사들은 필사즉생의 각오로 협곡을 건넌다.」라고 찬양한다",ko-KR
"Eine Waffe, die entworfen wurde, um den wachsamen Schutz der Mitternachtsranger für Jinzhou zu gedenken. „Richte deinen Blick gen Norden, wo die Silhouette der Stadt verblasst, ihre Tore verhüllt vom ruhigen Regen.“","야귀군을 위해 특별히 제작된 증폭기. 야귀 전사의 금주 수호의 의지가 담겨있다.
한 시에서는 이를 「어두운 밤 자욱한 안개비가 흩날리고 있으니, 호성 황석령의 북쪽 하늘을 뒤덮는구나!」라고 찬양한다",ko-KR
"Eine Waffe, die entworfen wurde, um die Bereitschaft der Mitternachtsranger zu gedenken. „Der Herbst verblasst in endlosen Nächten, bereite Klingen leuchten mit stiller Macht.“","야귀군을 위해 특별히 제작된 대검. 야귀 전사의 꾸준한 양성에 대한 신념을 담고 있다.
한 시에서는 이를 「끝없이 긴 가을밤에, 서러운 바람이 쌩쌩 불고, 희미한 별빛 아래, 출정 준비를 마쳤다.」라고 찬양한다",ko-KR
"Eine Waffe, die zum Gedenken an den Einsatz der Mitternachtsranger entworfen wurde. „Lass meinen Körper brennen, Flammen tanzen, um den Dunst allen Bösen zu vertreiben.“","야귀군을 위해 특별히 제작된 권총. 야귀 전사의 사생결단에 대한 신념을 담고 있다.
한 시에서는 이를 「찬란한 세상의 빛을 위해, 이 한 몸 기꺼이 불태우리라!」라고 찬양한다",ko-KR
"Eine vor-Lamento Schmiedetechnik wird verwendet, die das Breitschwert trotz seines sperrigen Aussehens leicht und handlich macht. Summende Geräusche sind zu hören, wenn der Träger zuschlägt, wie ein Lied aus der Urzeit.",비명 전의 단조 기법을 이용하여 제작된 대검으로 외형과 다르게 상당히 가볍다. 휘두를 때마다 울리는 소리는 긴 세월을 가르는 듯 귓가에 속삭여 준다,ko-KR
Einsichtsweber,통찰자,ko-KR
"El ATQ aumenta un {0}. Al lanzar ataques básicos o la Habilidad Intro, la Bonif. de daño de Ataque cargado del personaje aumenta un {1} durante {2} s.","공격력이 {0} 증가된다. 일반 공격 혹은 변주 스킬 발동 시, 자신의 강공격 피해 보너스가 {1} 증가되며, {2}초간 지속된다",ko-KR
"El ATQ aumenta un {0}. Al lanzar la Habilidad Intro o la Liberación de resonancia, la Bonif. de Habilidad de resonancia del personaje aumenta un {1} durante {2} s.","공격력이 {0} 증가된다. 변주 스킬 혹은 공명 해방 발동 시, 자신의 공명 스킬 피해 보너스가 {1} 증가되며, {2}초간 지속된다",ko-KR
"El ATQ aumenta un {0}. Cuando un personaje del equipo lanza una Habilidad de Ruptura de Tonalidad, aumenta el ATQ del portador un {1} y su Bonif. de daño de Ataque básico un {2} durante {3} s.","공격력이 {0} 증가된다. 파티 내 캐릭터가 「조화도 파괴 스킬」을 발동한 후, 자신의 공격력이 {1} 증가되고, 일반 공격 피해 보너스가 {2} 증가되며, {3}초간 지속된다",ko-KR
"El ATQ aumenta un {0}. Cuando un personaje del equipo lanza una Habilidad de Ruptura de Tonalidad, la Bonif. de daño de todos los atributos del portador aumenta un {1} durante {2} s.","공격력이 {0} 증가된다. 파티 내 캐릭터가 「조화도 파괴 스킬」을 발동한 후, 자신의 전체 속성 피해 보너스가 {1} 증가되고, {2}초간 지속된다",ko-KR
"El bambú, hueco pero pleno de esencia; los humanos, quizá al contrario.
El bambú habla sin falsedad, obra sin vanidad y no busca fama vacía. En cambio, los humanos suelen quedarse cortos.","대나무는 비어 있기에 그 실재(實在)를 채우고, 사람은 채우려 하기에 도리어 공허해진다.
대나무는 헛된 말을 하지도, 헛된 행동을 하지도, 헛된 이름을 구하지 않는다. 대나무가 이처럼 실재할지라도, 사람은 반드시 그러하지 않다",ko-KR
El inicio de la búsqueda del pináculo. Un mandoble diseñado para los Resonadores novatos. Contiene un poder que no debe subestimarse bajo su apariencia simple.,초보 공명자를 위해 특별히 제작된 대검. 수수한 외형과 다르게 만만치 않은 전투력이 잠재되어 있다,ko-KR
El inicio de una valiente aventura. Un par de brazales diseñados para Resonadores novatos. Contiene un poder no para ser subestimado bajo su simple apariencia.,초보 공명자를 위해 특별히 제작된 권갑. 수수한 외형과 다르게 만만치 않은 전투력이 잠재되어 있다,ko-KR
El inicio de una valiente aventura. Un par de pistolas diseñadas para Resonadores novatos. Contiene un poder no para ser subestimado bajo su simple apariencia.,초보 공명자를 위해 특별히 제작된 권총. 수수한 외형과 다르게 만만치 않은 전투력이 잠재되어 있다,ko-KR
El nacimiento de las mareas revolucionarias. Un rectificador diseñado para los Resonadores principiantes. Contiene un poder que no debe subestimarse bajo su apariencia simple.,초보 공명자를 위해 특별히 제작된 증폭기. 수수한 외형과 다르게 만만치 않은 전투력이 잠재되어 있다,ko-KR
El nacimiento de las mareas revolucionarias. Una espada diseñada para los Resonadores principiantes. Contiene un poder que no debe subestimarse bajo su apariencia simple.,초보 공명자를 위해 특별히 제작된 직검. 수수한 외형과 다르게 만만치 않은 전투력이 잠재되어 있다,ko-KR
"El trueno purgará su dolor y su debilidad. Del crisol de sangre y arena surge el sol, no oscurecido por el polvo, sino resplandeciente en todo su esplendor.",뇌전은 그녀의 옛 상처와 연약함을 씻어낼 것이다. 그 피와 모래로 만들어진 용광로에서 그녀는 더 이상 먼지가 아니라 찬란하고 눈부신 태양이 될 것이다,ko-KR
"Ela anuncia a justiça, precisa e inexorável como o toque de um relógio. Todos os pecados são purificados em chamas, dissipando-se como a noite sob o olhar da alvorada.","그것은 시계처럼 정확하고 안정적이며, 가차없는 업보의 종말을 고한다——모든 죄는 새벽빛이 어둠을 흩날리는 것처럼 불빛 속에서 사라질 것이다",ko-KR
Electric Amplification,뇌전의 증폭,ko-KR
Elegie der Lethe,잊혀진 피안의 슬픈 악장,ko-KR
Elegía letea,잊혀진 피안의 슬픈 악장,ko-KR
Elogio Silencioso,침묵 속의 추도사,ko-KR
Elogio silencioso,침묵 속의 추도사,ko-KR
Elégie silencieuse,침묵 속의 추도사,ko-KR
Emerald Sentence,푸른 의지,ko-KR
Emerald of Genesis,천년의 회류,ko-KR
Eminencia del trueno,불타오른 권력,ko-KR
Eminência do Trovão Calcinante,불타오른 권력,ko-KR
"En la regardant, on a l'impression de voir la brise se lever et le lac sans fin scintiller de glace et de froid. En utilisant cette épée, on peut sentir l'énergie comme une rivière s'accumule.",집중 — 날카로운 칼날의 끝부분을 통해 마치 갑자기 불어오는 산들바람과 함께 끝없는 호수가 차가운 은빛 비늘처럼 반짝거리는 모습을 보는 것 같다. 이 대검을 휘둘러 무아의 경지에 이르면 샘물처럼 맑은 칼날 속에 축적된 에너지를 느낄 수 있다,ko-KR
Endgültige Lösung,운명의 해답,ko-KR
Endless Collapse,영원의 붕괴,ko-KR
Endloser Zusammenbruch,영원의 붕괴,ko-KR
Entusiasmo,전투의 의지,ko-KR
Epée #41,41형 대검 · 무거운 책임,ko-KR
Epée Novice,견습용 대검,ko-KR
Epée Tyro,태초의 대검,ko-KR
Epée de nuit,흑야의 대검 · 현명,ko-KR
Epée du Gardien,수호자의 대검 · 근성,ko-KR
Epée du Voyageur,수행자의 대검 · 벽로,ko-KR
Eras de Colheita,태평성대,ko-KR
Eras de cosecha,태평성대,ko-KR
"Ergreife den gefrorenen Gleichrichter, ein mächtiges Werkzeug, das mit der Energie des himmlischen Sees durchdrungen ist. Lass es dich zur ultimativen Erkenntnis führen und alle Hindernisse auf deinem Weg besiegen.",감지 — 차가운 매트릭스를 통해 마치 하늘과 땅을 둘러싸고 있는 호수를 만지는 듯한 느낌이 든다. 모든 답을 찾을 수 있도록 안내하는 이 증폭기를 사용하면 진실 추구를 방해하는 모든 적을 처치할 수 있다,ko-KR
Erholung,응급 치료,ko-KR
"Erhöht ANG um {0}, wenn Standardangriffs-SCH oder Schwerer Angriffs-SCH verursacht wird, stapelbar bis zu {1}-mal. Dieser Effekt hält {2}s an und kann {4}-mal alle {3}s ausgelöst werden.","일반 공격이나 강공격을 사용하여 피해를 입힐 경우, 공격력이 {0} 증가하고, 최대 {1}스택 중첩이 가능하며, {2}초간 지속되며, {3}초마다 {4}회 발생할 수 있다",ko-KR
Erhöht ANG um {0}.,공격력 {0} 증가,ko-KR
"Erhöht ANG um {0}. Nachdem ein Resonator im Team einen Harmoniebruch ausgeführt hat, erhält der Träger {1} All-Attribut-SCH-Bonus für {2} Sek.","공격력이 {0} 증가된다. 파티 내 캐릭터가 「조화도 파괴 스킬」을 발동한 후, 자신의 전체 속성 피해 보너스가 {1} 증가되고, {2}초간 지속된다",ko-KR
"Erhöht ANG um {0}. Nachdem ein Resonator im Team einen Harmoniebruch ausgeführt hat, erhöht sich der ANG des Trägers um {1}, und der Träger erhält {2} Standardangriffs-SCH-Bonus für {3} Sek.","공격력이 {0} 증가된다. 파티 내 캐릭터가 「조화도 파괴 스킬」을 발동한 후, 자신의 공격력이 {1} 증가되고, 일반 공격 피해 보너스가 {2} 증가되며, {3}초간 지속된다",ko-KR
"Erhöht Energieregeneration um {0}. Wenn Outro-Skill eingesetzt wird, erhöht sich ANG des als Nächstes eingewechselten Resonators um {1} für {3}s, stapelbar bis zu {2}-mal.","공명 효율이 {0} 증가한다. 반주 스킬 발동 후, 등장 캐릭터의 공격력이 {1} 증가하고, 최대 {2}스택 중첩이 가능하며, {3}초간 지속된다",ko-KR
"Erhöht Energieregeneration um {0}. Wenn Resonanzskill eingesetzt wird, erhöht sich ANG um {1} für {3}s, stapelbar bis zu {2}-mal.","공명 효율 {0} 증가. 공명 스킬 발동 시, 공격력이 {1} 증가하고, 최대 {2}스택 중첩이 가능하며, {3}초간 지속된다",ko-KR
"Erhöht Energieregeneration um {0}. Wenn Resonanzskill eingesetzt wird, erhöht sich SCH-Bonus der Resonanzbefreiung um {1} für {3}s, stapelbar bis zu {2}-mal.","공명 효율 {0} 증가. 공명 스킬 발동 시, 공명 해방 피해 보너스가 {1} 증가하고, 최대 {2}스택 중첩이 가능하며, {3}초간 지속된다",ko-KR
"Erhöht SCH-Bonus aller Resonanz-Attribute um {0}. Jedes Mal, wenn Intro-Skill oder Resonanzbefreiung eingesetzt wird, erhöht sich SCH-Bonus des Schweren Angriffs um {1}, stapelbar bis zu {2}-mal. Dieser Effekt hält {3}s an.","전체 속성 피해 보너스가 {0} 증가한다. 변주 스킬 또는 공명 해방을 발동할 때마다, 자신의 강공격 피해 보너스가 {1} 증가하고, {2}스택 중첩이 가능하며, {3}초간 지속된다",ko-KR
"Erhöht den ANG um {0}. Jedes Mal, wenn der Träger den Intro-Skill oder eine Resonanzbefreiung ausführt, erhöht sich sein Schadensbonus für den Resonanzskill um {1} für {2} s.","공격력이 {0} 증가된다. 변주 스킬 혹은 공명 해방 발동 시, 자신의 공명 스킬 피해 보너스가 {1} 증가되며, {2}초간 지속된다",ko-KR
"Erhöht den ANG um {0}. Jedes Mal, wenn der Träger einen Standardangriff oder der Intro-Skill ausführt, erhöht sich sein Schadensbonus für schwere Angriffe um {1} für {2} s.","공격력이 {0} 증가된다. 일반 공격 혹은 변주 스킬 발동 시, 자신의 강공격 피해 보너스가 {1} 증가되며, {2}초간 지속된다",ko-KR
Erhöht den SCH-Bonus aller Attribute um {0}. Nach dem Zufügen des Chaosfluch-Effekts wird der vom Träger verursachte Schwerer Angriff-SCH um {1} verstärkt und ignoriert {2} der VTD des Ziels. Dauer: {3} Sek.,"전체 속성 피해 보너스가 {0} 증가된다. 암흑 효과 추가 후, 강공격 피해가 {1} 부스트되고, 강공격 피해는 목표의 {2} 방어력을 무시하며, {3}초간 지속된다",ko-KR
Erstseher,선지자,ko-KR
Erupção de Cometa,굉음,ko-KR
"Es verkündet, dass die Vergeltung schließlich kommen wird – so präzise, stabil und unerbittlich wie eine Uhr. Alle Sünden werden im Flammenlicht verschwinden, wie der Morgengrauen die Nacht vertreibt.","그것은 시계처럼 정확하고 안정적이며, 가차없는 업보의 종말을 고한다——모든 죄는 새벽빛이 어둠을 흩날리는 것처럼 불빛 속에서 사라질 것이다",ko-KR
Esmeralda del Génesis,천년의 회류,ko-KR
Espada #18,18형 직검 · 순간의 칼빛,ko-KR
Espada 18,18형 직검 · 순간의 칼빛,ko-KR
Espada Guardiã,수호자의 직검 · 기민,ko-KR
Espada Rústica,태초의 직검,ko-KR
Espada da Noite,흑야의 직검 · 흑뢰,ko-KR
Espada de Helios,저무는 동녘,ko-KR
Espada de Treino,견습용 직검,ko-KR
Espada de Viajante,수행자의 직검 · 행적,ko-KR
Espada de entrenamiento,견습용 직검,ko-KR
Espada de guardián,수호자의 직검 · 기민,ko-KR
Espada de la noche,흑야의 직검 · 흑뢰,ko-KR
Espada de principiante,태초의 직검,ko-KR
Espada del viajero,수행자의 직검 · 행적,ko-KR
Espadão 41,41형 대검 · 무거운 책임,ko-KR
Espadão Guardião,수호자의 대검 · 근성,ko-KR
Espadão Jadeloong,청룡의 천장,ko-KR
Espadão Luminazul,푸른물결의 빛,ko-KR
Espadão Rústico,태초의 대검,ko-KR
Espadão da Noite,흑야의 대검 · 현명,ko-KR
Espadão de Treino,견습용 대검,ko-KR
Espadão de Viajante,수행자의 대검 · 벽로,ko-KR
Espectro Neon,스펙트럼 블래스터,ko-KR
Espejismo hueco,천공의 역행,ko-KR
Espina de la Desafiadora,숙명에 맞서는 관,ko-KR
Espinazo de luz cenital,한낮의 의지,ko-KR
Espinha da Alvorada,한낮의 의지,ko-KR
Espiral Celestial,천상의 나선,ko-KR
Espiral celestial,천상의 나선,ko-KR
Esprit combatif,전투의 의지,ko-KR
Esprit d'optimisme,정면돌파,ko-KR
Esprit poétique,칼의 울림,ko-KR
"Esta Rectificador está diseñada específicamente para entrenamiento y enseñanza, ofreciendo solo las características básicas.",훈련과 교육에 사용되는 증폭기. 기본적인 기능만 있다,ko-KR
"Esta arma es testigo del pacto de sangre: sin traición, sin rendición, hasta la última gota.","이것이 바로 혈맹의 증거다——마지막 한 방울의 피가 마를 때까지 절대 배신하지 않으며, 포기하지도 않는다",ko-KR
"Esta espada está diseñada específicamente para entrenamiento y enseñanza, ofreciendo solo las características básicas.",훈련과 교육에 사용되는 직검. 기본적인 기능만 있다,ko-KR
"Esta espada é projetada especificamente para treino e ensino, oferecendo apenas as funcionalidades básicas.",훈련과 교육에 사용되는 직검. 기본적인 기능만 있다,ko-KR
"Estas manoplas são projetadas especificamente para treinamento e ensino, oferecendo apenas as funcionalidades básicas.",훈련과 교육에 사용되는 권갑. 기본적인 기능만 있다,ko-KR
"Estas pistolas están diseñadas específicamente para el entrenamiento y la enseñanza, ofreciendo solo las características básicas.",훈련과 교육에 사용되는 권총. 기본적인 기능만 있다,ko-KR
"Estas pistolas são projetadas especificamente para treino e ensino, oferecendo apenas as funcionalidades básicas.",훈련과 교육에 사용되는 권총. 기본적인 기능만 있다,ko-KR
"Este espadão é projetado especificamente para treino e ensino, oferecendo apenas as funcionalidades básicas.",훈련과 교육에 사용되는 대검. 기본적인 기능만 있다,ko-KR
"Este mandoble está diseñado específicamente para entrenamiento y enseñanza, ofreciendo solo las características básicas.",훈련과 교육에 사용되는 대검. 기본적인 기능만 있다,ko-KR
"Este retificador é projetado especificamente para treino e ensino, oferecendo apenas as funcionalidades básicas.",훈련과 교육에 사용되는 증폭기. 기본적인 기능만 있다,ko-KR
"Este é o selo do Pacto de Sangue — jamais trair, jamais desistir, até que a última gota de sangue seja derramada.","이것이 바로 혈맹의 증거다——마지막 한 방울의 피가 마를 때까지 절대 배신하지 않으며, 포기하지도 않는다",ko-KR
"Estos Brazales están diseñados específicamente para el entrenamiento y la enseñanza, ofreciendo solo las características básicas.",훈련과 교육에 사용되는 권갑. 기본적인 기능만 있다,ko-KR
Estrela Anã Forjada,위조된 작은별,ko-KR
Estrela Polaris Eterna,영원한 샛별,ko-KR
Estrella enana forjada,위조된 작은별,ko-KR
Estrella polar imperecedera,영원한 샛별,ko-KR
Ever-changing,천변만화,ko-KR
Everbright Polestar,영원한 샛별,ko-KR
"Every pattern can be observed. Every phenomenon can be understood.
The ideal may lie light-years away, yet the path toward it rests within her own hands.","모든 법칙은 관측 가능하고, 모든 현상은 해석 가능하다.
수만 광년 너머에 있는 이상에, 두 손이 닿을 수 있듯이",ko-KR
Evil's Scourge,벽사,ko-KR
Evolución astral,뭇별의 법칙,ko-KR
Evolução Astral,뭇별의 법칙,ko-KR
Ewiger Stern,영원한 샛별,ko-KR
Explonova,천공의 순간,ko-KR
Extralimitación,개척자,ko-KR
Fabeln der Weisheit,풍류의 우화시,ko-KR
Fables de Sagesse,풍류의 우화시,ko-KR
Fables of Wisdom,풍류의 우화시,ko-KR
Faden des Schicksals,생명의 현,ko-KR
Fang,어획,ko-KR
Feather Edge,예리한 날개깃,ko-KR
Federklinge,예리한 날개깃,ko-KR
Fendoir radieux,에너지 절단,ko-KR
Festín de los Torpes,우인의 노래,ko-KR
Fidelidade,일편단심,ko-KR
Fil de destin,생명의 현,ko-KR
Filo de pluma,예리한 날개깃,ko-KR
Filo radiante,에너지 절단,ko-KR
Fim do Eu,다시는 나란 존재가 없기를,ko-KR
Fio da Aurora e Crepúsculo,봉합된 새벽과 황혼,ko-KR
Fio do Destino,생명의 현,ko-KR
Firstlight's Herald,노을에 깃든 이슬,ko-KR
Fish Catch,어획,ko-KR
Flamme divine,불멸의 성화,ko-KR
Flamme rayonnée,솟아오르는 화염,ko-KR
Flamme solaire,태양 불꽃,ko-KR
Flammender Glanz,솟아오르는 화염,ko-KR
Flammenzeichen,불길,ko-KR
Flexibilité,전진의 발걸음,ko-KR
Flux de l'Abîme,물결의 파동,ko-KR
Fléau des Malfaisants,벽사,ko-KR
Fléau des Ténèbres,어둠을 파괴하는 자,ko-KR
Flüstern der Sirene,바다의 속삭임,ko-KR
Fool's Warble,우인의 노래,ko-KR
Force collectée,합력,ko-KR
Forged Dwarf Star,위조된 작은별,ko-KR
"Forged from the scale of Jué, this weapon resembles a musical instrument more than a tool of destruction.","수호신에게서 빠진 용비늘로 만든 예기라고 전해지며, 칼보다는 악기에 가깝다",ko-KR
"Forged of flowing wind, sheathed in the azure sky. Once the blade is drawn, all sound falls still.
That never-fading azure is her resolve, her vow, and her ideal.","흐르는 바람에 검날을 다듬고, 푸른 하늘을 검집으로 삼으리. 검이 이미 모습을 드러냈으니, 만물이 고요해지리.
영원히 바래지 않을 그 푸른빛, 그녀의 결의이자 맹세이며, 품어 온 이상이 되었네",ko-KR
Forgiving Resilience,강유병존,ko-KR
"Forgée à partir de l'écaille de « Jiao », cette arme ressemble plus à un instrument de musique qu'à un outil de destruction.","수호신에게서 빠진 용비늘로 만든 예기라고 전해지며, 칼보다는 악기에 가깝다",ko-KR
"Forgée à partir de l'écaille de « Jiao », cette arme ressemble plus à un instrument de musique qu'à un outil de destruction.","수호신에게서 빠진 용비늘로 만든 예기라고 전해지며, 칼보다는 악기에 가깝다",ko-KR
"Forjada a partir da escama de Jué, esta arma se assemelha mais a um instrumento musical do que a uma ferramenta de destruição.","수호신에게서 빠진 용비늘로 만든 예기라고 전해지며, 칼보다는 악기에 가깝다",ko-KR
"Forjada a partir de la escama de Jué, esta arma se asemeja más a un instrumento musical que a una herramienta de destrucción.","수호신에게서 빠진 용비늘로 만든 예기라고 전해지며, 칼보다는 악기에 가깝다",ko-KR
"Forjada a partir do vento que flui, embainhada no azul do céu. Uma vez que a lâmina é sacada, todo o som silencia.
Aquele azul que jamais desbota é a sua determinação, o seu voto e o seu ideal.","흐르는 바람에 검날을 다듬고, 푸른 하늘을 검집으로 삼으리. 검이 이미 모습을 드러냈으니, 만물이 고요해지리.
영원히 바래지 않을 그 푸른빛, 그녀의 결의이자 맹세이며, 품어 온 이상이 되었네",ko-KR
"Forjada entre flujos eólicos, con el cielo azul por vaina.
Una vez desenvainada, todo sonido cesa. Ese azul añil inamovible refleja su determinación, su juramento e ideales.","흐르는 바람에 검날을 다듬고, 푸른 하늘을 검집으로 삼으리. 검이 이미 모습을 드러냈으니, 만물이 고요해지리.
영원히 바래지 않을 그 푸른빛, 그녀의 결의이자 맹세이며, 품어 온 이상이 되었네",ko-KR
Força Coletiva,합력,ko-KR
Fotograma congelado,프리즈 프레임,ko-KR
Freeze Frame,프리즈 프레임,ko-KR
Freuden und Leiden des Lebens wirbeln in einem endlosen Reigen; Schmerz und Tränen verwandeln sich im Nu in einen lebhaften Karneval.,슬픔과 기쁨이 끝없이 반복되는 인간 세상에서는 고통도 순식간에 카니발로 바뀌게 된다,ko-KR
Freundschaftsabkommen,전우의 의리,ko-KR
From the Deep,바닷속에서,ko-KR
Frostbrand,서린 불꽃,ko-KR
Frostburn,서린 불꽃,ko-KR
Frostige Knospen,옥수 비단,ko-KR
Frühlingskranz,비녀에 깃든 봄,ko-KR
Frühlingsschneide,날카로운 봄,ko-KR
Fuego estelar,눈부신 불빛,ko-KR
Fuerza colectiva,합력,ko-KR
Fulgor Celestial,솟아오르는 화염,ko-KR
Fulgor nublado,옥빛 구름,ko-KR
Fusion Accretion,융합의 원반,ko-KR
Fusionsakkretion,융합의 원반,ko-KR
Fábulas de Sabedoria,풍류의 우화시,ko-KR
Fábulas de sabiduría,풍류의 우화시,ko-KR
Fénix carmesí,불사조의 깃털,ko-KR
Fênix Carmesim,불사조의 깃털,ko-KR
"Fügt der Träger Standardangriffs-SCH oder Schweren Angriffs-SCH zu, erhöht sich der Heilungsbonus um {0}, stapelbar bis zu {2}-mal. Dieser Effekt dauert {1}s und kann {4}-mal alle {3}s ausgelöst werden.","일반 공격이나 강공격을 사용하여 피해를 입힐 경우, 치료 효과 보너스가 {0} 증가하고, {1}초간 지속되며, 최대 {2}스택 중첩이 가능하며, {3}초마다 {4}회 발생할 수 있다",ko-KR
"Fügt der Träger Standardangriffs-SCH zu, stellt er {0} LP wieder her. Dieser Effekt kann {2}-mal alle {1}s ausgelöst werden.","일반 공격을 사용하여 피해를 입힐 경우, 자신의 HP가 {0} 회복되며, {1}초마다 {2}회 발생할 수 있다",ko-KR
Für Fischer ist das Meer ihr Erntefeld. Ernte bedeutet Hoffnung.,"바다는 어민들에게 있어 농부의 밀밭과 같고, 수확이 많을수록 희망도 더 커진다",ko-KR
Galaktischer Blick,피안의 눈동자,ko-KR
Gale Pálido,칼날의 질풍,ko-KR
"Gantelet utilisé pour l'entraînement et l'enseignement, il n'a que des fonctions basiques.",훈련과 교육에 사용되는 권갑. 기본적인 기능만 있다,ko-KR
Gantelets #21D,21형 권갑 · 아이언 팬텀,ko-KR
Gantelets Novices,견습용 권갑,ko-KR
Gantelets Tyro,태초의 권갑,ko-KR
Gantelets de Nuit,흑야의 권갑 · 흑빛,ko-KR
Gantelets du Gardien,수호자의 권갑 · 강력,ko-KR
Gantelets du Voyageur,수행자의 권갑 · 파괴,ko-KR
Gardien de Jinzhou,금주의 수호,ko-KR
Gatillo espectral,스펙트럴 트리거,ko-KR
Gauntlets of Night,흑야의 권갑 · 흑빛,ko-KR
Gauntlets of Voyager,수행자의 권갑 · 파괴,ko-KR
Gauntlets#21D,21형 권갑 · 아이언 팬텀,ko-KR
"Gaze upon this Broadblade, its sharp edges gleaming in the frigid air. Wield it to feel power coursing through you like a raging river.",집중 — 날카로운 칼날의 끝부분을 통해 마치 갑자기 불어오는 산들바람과 함께 끝없는 호수가 차가운 은빛 비늘처럼 반짝거리는 모습을 보는 것 같다. 이 대검을 휘둘러 무아의 경지에 이르면 샘물처럼 맑은 칼날 속에 축적된 에너지를 느낄 수 있다,ko-KR
Geister und Sterne rufen,혼을 부르고 별을 소환해,ko-KR
Gelure,서린 불꽃,ko-KR
Genio,주도면밀,ko-KR
Germe de glacier,옥수 비단,ko-KR
Geschenk des Ozeans,바다의 선물,ko-KR
"Geschmiedet aus der Loongs Schuppe von Jué, ähnelt diese Waffe eher einem Musikinstrument als einem Werkzeug der Zerstörung.","수호신에게서 빠진 용비늘로 만든 예기라고 전해지며, 칼보다는 악기에 가깝다",ko-KR
Geschmiedeter Zwergstern,위조된 작은별,ko-KR
"Gewährt den Effekt beim Verursachen von Schaden an Gegnern mit Spectro-Frazzle: Erhöht den Spectro-Schaden des Trägers um {0}, stapelt sich einmal pro Sekunde für 6 Sekunden, ist bis zu 4-mal stapelbar.","「광학 효과」가 있는 적에게 피해를 입힐 시 다음 효과를 얻을 수 있다. 자신의 회절 피해가 {0} 증가되고, 1초마다 1스택을 획득할 수 있으며, 6초간 지속되고, 최대 4스택 중첩이 가능하다",ko-KR
Glanz des Vollmonds,만물을 연결하는 달,ko-KR
Glanzvolle Rasierklinge,푸른물결의 빛,ko-KR
Gleichrichter Nr. 25,25형 증폭기 · 울림의 멜로디,ko-KR
Gleichrichter der Nacht,흑야의 증폭기 · 흑광,ko-KR
Gleichrichter des Voyager,수행자의 증폭기 · 탐색,ko-KR
Glint of Clouds,옥빛 구름,ko-KR
Goldglanz,금빛 하늘,ko-KR
Golpe Etéreo,거침없는 비상,ko-KR
Golpe de éter,거침없는 비상,ko-KR
Graceful Touch,자유의 선율,ko-KR
"Grants {0} All-Attribute DMG Bonus. After inflicting Havoc Bane, the wielder gains {1} Heavy Attack DMG Amplification and their Heavy Attack DMG ignores {2} of the target's DEF, lasting for {3}s.","전체 속성 피해 보너스가 {0} 증가된다. 암흑 효과 추가 후, 강공격 피해가 {1} 부스트되고, 강공격 피해는 목표의 {2} 방어력을 무시하며, {3}초간 지속된다",ko-KR
Griff der Wahrheit,팔방의 천추,ko-KR
"Grâce à la technique développée avant la Lamentation, cette arme apparemment lourde était très facile à utiliser. Les coups étaient accompagnés d'un écho bourdonnant qui ressemble à un murmure à travers les âges.",비명 전의 단조 기법을 이용하여 제작된 대검으로 외형과 다르게 상당히 가볍다. 휘두를 때마다 울리는 소리는 긴 세월을 가르는 듯 귓가에 속삭여 준다,ko-KR
Grüner Gipfel,청룡의 천장,ko-KR
Guardian,전사의 충정,ko-KR
Guardian Broadblade,수호자의 대검 · 근성,ko-KR
Guardian Gauntlets,수호자의 권갑 · 강력,ko-KR
Guardian Pistols,수호자의 권총 · 용맹,ko-KR
Guardian Rectifier,수호자의 증폭기 · 모략,ko-KR
Guardian Sword,수호자의 직검 · 기민,ko-KR
Guardián,전사의 충정,ko-KR
Guardián de Jinzhou,금주의 수호,ko-KR
Guardião,전사의 충정,ko-KR
Guardiões de Jinzhou,금주의 수호,ko-KR
Guetteur de sentiers,관측자,ko-KR
Gume Alado,예리한 날개깃,ko-KR
Guérison,유합,ko-KR
Gênese Esmeralda,천년의 회류,ko-KR
Göttlicher Segen,신의 가호,ko-KR
HPが{0}以下の時、重撃ダメージが{1}アップ。重撃ダメージを与える時、現在キャラ{2}のHPを回復する。{3}秒ごとに{4}回発動可能。,"HP가 {0} 이하일 경우, 강공격 피해 보너스가 {1} 증가하고, 강공격 피해를 입힐 때 현재 캐릭터의 HP가 {2} 회복되며, {3}초마다 {4}회 발생할 수 있다",ko-KR
"Hark, Spirits and Stars",혼을 부르고 별을 소환해,ko-KR
Harmonie vibrante,화음 공진,ko-KR
Harmonious Vibrancy,화음 공진,ko-KR
Harmonische Vibration,화음 공진,ko-KR
Havoc,인멸,ko-KR
"Heftige Winde und krachende Wellen, das Meer verschlingt alles. Nur eine einsame Bootslampe bleibt erleuchtet!","거센 바람이 미친 듯이 몰아치고, 사나운 파도가 하늘 높이 치솟는다. 바다가 모든 것을 삼켜버렸지만, 선등만이 흔들리지 않고 웃고 있다!",ko-KR
"Heftige Winde und tosende Wellen, das Meer verschlingt alles. Nur eine einsame Bootslampe bleibt erleuchtet!
Weiter! Bis an den Rand der Welt!","거센 바람이 미친 듯이 몰아치고, 사나운 파도가 하늘 높이 치솟는다. 바다가 모든 것을 삼켜버렸지만, 선등만이 흔들리지 않고 웃고 있다!
거침없이 나아가라! 세상의 끝을 보기 위해!",ko-KR
Helios Cleaver,저무는 동녘,ko-KR
Helios-Schlachtermesser,저무는 동녘,ko-KR
Heraldo de luz naciente,노을에 깃든 이슬,ko-KR
Herbstspur,가을의 무늬,ko-KR
Herold des Morgenlichts,노을에 깃든 이슬,ko-KR
Hilo del destino,생명의 현,ko-KR
Himmlisch,빛의 비호,ko-KR
Himmlisch,잠재력의 상한,ko-KR
Himmlisch,천변만화,ko-KR
Himmlische Segnung,별의 동반,ko-KR
Himmlische Spirale,천상의 나선,ko-KR
Himno del portador de ramas,단결자의 찬가,ko-KR
Himno inquebrantable,의연한 용사의 시,ko-KR
Himno luminoso,광휘의 찬송가,ko-KR
Hino Luminoso,광휘의 찬송가,ko-KR
Hino do Edificador,단결자의 찬가,ko-KR
Hohle Fata Morgana,천공의 역행,ko-KR
Hoja inigualable,고독한 칼날,ko-KR
Hollow Mirage,천공의 역행,ko-KR
Homebuilder's Anthem,단결자의 찬가,ko-KR
Homogeneizador Fásico,위상의 파동,ko-KR
Homogeneizador fásico,위상의 파동,ko-KR
Homogénéiseur phasique,위상의 파동,ko-KR
"How keen a blade it takes to impale this unrelenting night?
She presses ever forward for the answer, those unbound wishes roaring in her veins.","얼마나 날카로운 칼이어야, 이 끝없는 밤을 단숨에 가를 수 있을까?
그녀는 답을 찾으며 앞으로 나아간다. 기댈 곳 없이 부서진 소원들은 그녀의 피에 스며들어 타오른다",ko-KR
Hymne des Hausbauers,단결자의 찬가,ko-KR
Hymne du bâtisseur,단결자의 찬가,ko-KR
Héraut de l'aube,노을에 깃든 이슬,ko-KR
"I am not there. I do not die.
I shall be death's companion—with euphoric delights I drown my fear, with the coming days I trade for the past.","나는 그곳에 있지 않아. 게다가 아직 살아있어.
난 죽음을 쫓으며 쾌락으로 공포를 가리고 미래로 과거를 맞바꿀 거야",ko-KR
"Ich bin nicht dort. Ich sterbe nicht.
Ich werde dem Tode folgen, meine Furcht im Rausch süßer Ekstase ertränken und die kommenden Tage gegen die Vergangenheit eintauschen.","나는 그곳에 있지 않아. 게다가 아직 살아있어.
난 죽음을 쫓으며 쾌락으로 공포를 가리고 미래로 과거를 맞바꿀 거야",ko-KR
"Il annonce le châtiment, précis et implacable tel le glas d'une horloge. Tous les péchés seront consumés par les flammes, s'évanouissant comme la nuit devant l'aube.","그것은 시계처럼 정확하고 안정적이며, 가차없는 업보의 종말을 고한다——모든 죄는 새벽빛이 어둠을 흩날리는 것처럼 불빛 속에서 사라질 것이다",ko-KR
Imagem Congelada,프리즈 프레임,ko-KR
Imparable,거침없는 기세,ko-KR
Imparável,거침없는 기세,ko-KR
Impavidez,정면돌파,ko-KR
Implacabilidad,정면돌파,ko-KR
Incisivo,밀려오는 파도,ko-KR
"Increases ATK by {0} upon dealing Basic Attack DMG or Heavy Attack DMG, stacking up to {1} time(s). This effect lasts for {2}s and can be triggered {4} time(s) every {3}s.","일반 공격이나 강공격을 사용하여 피해를 입힐 경우, 공격력이 {0} 증가하고, 최대 {1}스택 중첩이 가능하며, {2}초간 지속되며, {3}초마다 {4}회 발생할 수 있다",ko-KR
Increases ATK by {0}.,공격력 {0} 증가,ko-KR
"Increases ATK by {0}. After a Resonator in the team casts a Tune Break skill, it grants a {1} ATK increase and {2} Basic Attack DMG Bonus to the wielder for {3}s.","공격력이 {0} 증가된다. 파티 내 캐릭터가 「조화도 파괴 스킬」을 발동한 후, 자신의 공격력이 {1} 증가되고, 일반 공격 피해 보너스가 {2} 증가되며, {3}초간 지속된다",ko-KR
"Increases ATK by {0}. After a Resonator in the team casts a Tune Break skill, it grants {1} All-Attribute DMG Bonus to the wielder for {2}s.","공격력이 {0} 증가된다. 파티 내 캐릭터가 「조화도 파괴 스킬」을 발동한 후, 자신의 전체 속성 피해 보너스가 {1} 증가되고, {2}초간 지속된다",ko-KR
"Increases ATK by {0}. Every time Basic Attack or Intro Skill is cast, Heavy Attack DMG Bonus increases by {1} for {2}s.","공격력이 {0} 증가된다. 일반 공격 혹은 변주 스킬 발동 시, 자신의 강공격 피해 보너스가 {1} 증가되며, {2}초간 지속된다",ko-KR
"Increases ATK by {0}. Every time Intro Skill or Resonance Liberation is cast, Resonance Skill DMG Bonus increases by {1} for {2}s.","공격력이 {0} 증가된다. 변주 스킬 혹은 공명 해방 발동 시, 자신의 공명 스킬 피해 보너스가 {1} 증가되며, {2}초간 지속된다",ko-KR
"Increases Attribute DMG Bonus by {0}. Every time Intro Skill or Resonance Liberation is cast, increases Heavy Attack DMG Bonus by {1}, stacking up to {2} time(s). This effect lasts for {3}s.","전체 속성 피해 보너스가 {0} 증가한다. 변주 스킬 또는 공명 해방을 발동할 때마다, 자신의 강공격 피해 보너스가 {1} 증가하고, {2}스택 중첩이 가능하며, {3}초간 지속된다",ko-KR
Increases Basic Attack DMG Bonus and Heavy Attack DMG Bonus by {0}.,일반 공격과 강공격 피해 보너스가 {0} 증가한다,ko-KR
Increases Basic Attack and Heavy Attack DMG Bonus by {0}.,일반 공격과 강공격 피해 보너스 {0} 증가,ko-KR
"Increases Energy Regen by {0}. Incoming Resonator's ATK is increased by {1} for {3}s, stackable for up to {2} times after the wielder casts Outro Skill.","공명 효율이 {0} 증가한다. 반주 스킬 발동 후, 등장 캐릭터의 공격력이 {1} 증가하고, 최대 {2}스택 중첩이 가능하며, {3}초간 지속된다",ko-KR
"Increases Energy Regen by {0}. When Resonance Skill is cast, Resonance Liberation DMG Bonus is increased by {1}, stacking up to {2} times. This effect lasts for {3}s.","공명 효율 {0} 증가. 공명 스킬 발동 시, 공명 해방 피해 보너스가 {1} 증가하고, 최대 {2}스택 중첩이 가능하며, {3}초간 지속된다",ko-KR
"Increases Energy Regen by {0}. When Resonance Skill is cast, increases ATK by {1}, stacking up to {2} time(s). This effect lasts for {3}s.","공명 효율 {0} 증가. 공명 스킬 발동 시, 공격력이 {1} 증가하고, 최대 {2}스택 중첩이 가능하며, {3}초간 지속된다",ko-KR
Increases Resonance Liberation DMG Bonus by {0}.,공명 해방 피해 보너스 {0} 증가,ko-KR
"Incrementa la Regen. de energía en {0}. Cuando se libera la Habilidad de resonancia, aumenta el ATQ un {1}, acumulándose hasta {2} veces. Este efecto dura {3} s.","공명 효율 {0} 증가. 공명 스킬 발동 시, 공격력이 {1} 증가하고, 최대 {2}스택 중첩이 가능하며, {3}초간 지속된다",ko-KR
Indomable,홀로 솟은 깃,ko-KR
Innovation,끝없는 탐구,ko-KR
Innovation,새로운 법칙,ko-KR
Innovation,주도면밀,ko-KR
Innovation,포용의 힘,ko-KR
Insight Bearer,통찰자,ko-KR
Instant figé,프리즈 프레임,ko-KR
Intercepteur de signal,선지자,ko-KR
Intergalactic Gaze,피안의 눈동자,ko-KR
Interpretación Solística,솔스원의 해석,ko-KR
Interprétation illuminée,솔스원의 해석,ko-KR
Intrépide éternel,장야의 불빛,ko-KR
Invocación astral espectral,혼을 부르고 별을 소환해,ko-KR
"It heralds justice, precise and inexorable as a clock's toll. All sins are cleansed in flame, dissipating like night beneath the dawn's gaze.","그것은 시계처럼 정확하고 안정적이며, 가차없는 업보의 종말을 고한다——모든 죄는 새벽빛이 어둠을 흩날리는 것처럼 불빛 속에서 사라질 것이다",ko-KR
Jato Relativístico,역설의 격류,ko-KR
"Je ne suis pas là. Je ne meurs pas.
Je deviendrai la campagne de la mort, où mes peurs seront noyées dans des délices euphoriques, et mon avenir sera échangé contre le passé.","나는 그곳에 있지 않아. 게다가 아직 살아있어.
난 죽음을 쫓으며 쾌락으로 공포를 가리고 미래로 과거를 맞바꿀 거야",ko-KR
Jets relativistes,역설의 격류,ko-KR
Jinzhou Keeper,금주의 수호,ko-KR
Jinzhou-Hüter,금주의 수호,ko-KR
Jours suturés,봉합된 새벽과 황혼,ko-KR
Jugement ultrasonique,초음파·심판,ko-KR
Juramentado de la espada,용맹무쌍,ko-KR
Juramento Azul-Celeste,아득히 푸른 하늘,ko-KR
Juramento añil,아득히 푸른 하늘,ko-KR
Juramento da Espada,용맹무쌍,ko-KR
Juramento de los cazadores,흑조(黑潮) 사냥의 맹세,ko-KR
Juramento dos Caçadores da Maré,흑조(黑潮) 사냥의 맹세,ko-KR
Justice ardente,불빛의 심판,ko-KR
Justiça Incandescente,불빛의 심판,ko-KR
Kadenz,칼의 울림,ko-KR
Kadenz,화려한 악곡,ko-KR
Kameradschaft,출정의 의식,ko-KR
Kampfgebunden,만반의 준비,ko-KR
Kein Selbst mehr,다시는 나란 존재가 없기를,ko-KR
Keine Rückkehr,필사의 결심,ko-KR
Kohäsion,합력,ko-KR
Kometenflamme,굉음,ko-KR
Kommando der Überzeugung,야귀의 신념,ko-KR
Koordination,합일,ko-KR
Kosmische Wellen,파도의 기록,ko-KR
Kryptische Überladung,뇌전의 증폭,ko-KR
Kumokiri,쿠모키리(曇斬),ko-KR
L'ATQ est augmentée de {0},공격력 {0} 증가,ko-KR
L'ATQ est augmentée de {0} et le Bonus de Dégâts de Libération résonatrice est augmenté de {1} pendant {2} secondes lors du lancement de la Libération résonatrice.,"공명 해방 발동 시, 공격력이 {0} 증가되고 공명 해방 피해 보너스가 {1} 증가되며 {2}초간 지속된다",ko-KR
"L'ATQ est augmentée de {0}. Après qu'un membre de l'équipe a lancé l'Interruption de tonalité, l'ATQ du personnage est augmentée de {1}, le Bonus de Dégâts d'Attaque normale est augmenté de {2} pendant {3} secondes.","공격력이 {0} 증가된다. 파티 내 캐릭터가 「조화도 파괴 스킬」을 발동한 후, 자신의 공격력이 {1} 증가되고, 일반 공격 피해 보너스가 {2} 증가되며, {3}초간 지속된다",ko-KR
"L'ATQ est augmentée de {0}. Après qu'un membre de l'équipe a lancé l'Interruption de tonalité, les dégâts de tous les attributs du personnage sont augmentés de {1} pendant {2} secondes.","공격력이 {0} 증가된다. 파티 내 캐릭터가 「조화도 파괴 스킬」을 발동한 후, 자신의 전체 속성 피해 보너스가 {1} 증가되고, {2}초간 지속된다",ko-KR
"L'ATQ est augmentée de {0}. Quand vous lancez l'Attaque normale ou la Compétence d'Intro, le Bonus de Dégât d'Attaque lourde est augmenté de {1} pendant {2} secondes.","공격력이 {0} 증가된다. 일반 공격 혹은 변주 스킬 발동 시, 자신의 강공격 피해 보너스가 {1} 증가되며, {2}초간 지속된다",ko-KR
"L'ATQ est augmentée de {0}. Quand vous lancez la Compétence d'Intro ou la Libération résonatrice, le Bonus de Dégâts de Compétence résonatrice est augmenté de {1} pendant {2} secondes.","공격력이 {0} 증가된다. 변주 스킬 혹은 공명 해방 발동 시, 자신의 공명 스킬 피해 보너스가 {1} 증가되며, {2}초간 지속된다",ko-KR
L'ATQ et le Bonus de Dégâts d'Attaque normale sont augmentés de {0} pendant {1} secondes lors du lancement de la Compétence résonatrice.,"공명 스킬 발동 시, 공격력과 일반 공격 피해 보너스가 {0} 증가되고 {1}초간 지속된다",ko-KR
"L'efficacité de récupérer l'Énergie résonatrice augmente de {0}. Quand vous utilisez la compétence résonatrice, les dégâts de la Libération résonatrice augmentent de {1}. Cet effet peut être cumulé {2} fois, il dure {3} secondes.","공명 효율 {0} 증가. 공명 스킬 발동 시, 공명 해방 피해 보너스가 {1} 증가하고, 최대 {2}스택 중첩이 가능하며, {3}초간 지속된다",ko-KR
"L'efficacité de récupérer l'Énergie résonatrice est augmentée de {0}. Quand vous utilisez la Compétence résonatrice, l'ATQ est augmentée de {1}. Cet effet peut être cumulé {2} fois pendant {3} secondes.","공명 효율 {0} 증가. 공명 스킬 발동 시, 공격력이 {1} 증가하고, 최대 {2}스택 중첩이 가능하며, {3}초간 지속된다",ko-KR
"L'Épée née du phénomène aérien. Le forgeur intègre les sentiments d'observer l'étoile étrangère dans l'arme, la rendant creuse et légère, mais elle peut exercer la gravité invincible de la chute d'étoile.",공중에서의 기이한 현상으로 탄생한 대검. 제작자가 이상한 별을 목격한 느낌을 무기에 녹였다. 펀칭이 들어가 가볍게 보이지만 별이 떨어질 때 그만한 무적의 중력을 발휘한다,ko-KR
"La Bonif. de daño de todos los atributos aumenta un {0}. Tras aplicar Ruina de destrucción, el daño de Ataque cargado se amplifica un {1} e ignora un {2} de la DEF durante {3} s.","전체 속성 피해 보너스가 {0} 증가된다. 암흑 효과 추가 후, 강공격 피해가 {1} 부스트되고, 강공격 피해는 목표의 {2} 방어력을 무시하며, {3}초간 지속된다",ko-KR
"La Recharge résonante est augmentée de {0}. Après le lancement de Compétence d'Outro, l'ATQ du nouveau membre actif est augmenté de {1}. L'effet peut être cumulé {2} fois et il dure {3} seconde(s).","공명 효율이 {0} 증가한다. 반주 스킬 발동 후, 등장 캐릭터의 공격력이 {1} 증가하고, 최대 {2}스택 중첩이 가능하며, {3}초간 지속된다",ko-KR
La dernière danse,죽음과 춤,ko-KR
"La lumière prismatique danse au bout de ses doigts, des arcs de couleur traçant des sillages radieux.
Toutes les nuances convergent vers sa cible, pour enfin atteindre un ciel où plus rien n'échappe à son regard.","오색찬란한 빛이 손끝에서 춤추고, 눈부신 무지개가 빛의 궤적을 그린다.
넘쳐나는 모든 색이 한곳에 모이면, 언제나 멀리서 바라봤던 맑은 하늘에 마침내 그녀는 도착한다",ko-KR
"La lumière se rassemble. La réponse se révèle.
Ce qu'il faut accomplir vous attend. Les rênes sont entre vos mains.
Avancez, vers l'horizon ensoleillé.","모든 햇빛이 당신을 비추니, 답이 보일 것이다.
해야만 하는 일들이 있고, 당신만이 할 수 있는 일들이 있다.
크게 한 걸음 내디뎌 보자, 태양의 끝에 더 가까이",ko-KR
"La luz solar se concentra. La respuesta, se puede apreciar con claridad.
Hay cosas que deben hacerse, cosas que solo tú puedes hacer.
Avanza, un final soleado te aguarda.","모든 햇빛이 당신을 비추니, 답이 보일 것이다.
해야만 하는 일들이 있고, 당신만이 할 수 있는 일들이 있다.
크게 한 걸음 내디뎌 보자, 태양의 끝에 더 가까이",ko-KR
"La mer nourrit les pêcheurs de ses richesses. Dans leurs filets, ils remontent l'espoir.","바다는 어민들에게 있어 농부의 밀밭과 같고, 수확이 많을수록 희망도 더 커진다",ko-KR
La mort est une réalité dont on ne réchappe pas. Il ne sert donc à rien d'hésiter. Elle presse la détente et brise d'elle-même ce rêve qui la hantait.,"죽었다는 사실을 바꿀 수 없다면, 망설일 이유는 없다.
그녀는 방아쇠를 당겨 자신의 꿈을 직접 파괴한다",ko-KR
"La projection de l'épée - Cycles des saisons, qui évoque des fleurs de pêcher adorables.
À l'arrivée du printemps, la perle temporelle sur la garde se teinte de rose, comme un pétale, tel le cœur d'une jeune fille en fleurs.","대검 · 태평성대의 개념적 투영, 마치 복숭아꽃처럼 아름답다.
봄바람이 사계절을 흔드니 검의 시간 옥구슬도 소녀의 마음처럼 꽃잎에 물들어 분홍빛이 되었다",ko-KR
La risa prevalece,웃음 바다,ko-KR
Lachen-Sieg,웃음 바다,ko-KR
Lame brillante,칼날의 질풍,ko-KR
Lame de plume,예리한 날개깃,ko-KR
Lame lustrée,푸른물결의 빛,ko-KR
Lame pointée,검이 가리키는 곳,ko-KR
Lame tranchante inégalée,고독한 칼날,ko-KR
Lame ultrasonique,초음파·칼날,ko-KR
Lamento do Ocaso,잊혀진 피안의 슬픈 악장,ko-KR
Lampe inextinguible,영원한 등불,ko-KR
Lancer la Libération résonatrice augmente l'ATQ de {0} et le Bonus de Dégâts d'Attaque lourde de {1} pendant {2} seconde(s).,"공명 해방 발동 시, 공격력이 {0} 증가되고 강공격 피해 보너스가 {1} 증가되며 {2}초간 지속된다",ko-KR
Lanzar la Liberación de resonancia aumenta la Bonif. de curación del personaje un {0} durante {1} s.,"공명 해방 발동 시, 자신의 치료 효과 보너스가 {0} 증가하며, {1}초간 지속된다",ko-KR
Lançar a Liberação de Ressonância aumenta o bônus de Cura do ressonante em {0} por {1}s.,"공명 해방 발동 시, 자신의 치료 효과 보너스가 {0} 증가하며, {1}초간 지속된다",ko-KR
Largo Viaje,기나긴 여정,ko-KR
Largo viaje,기나긴 여정,ko-KR
"Las alegrías y penas de la vida giran en un círculo sin fin; el dolor y las lágrimas se convierten, en un suspiro, en un carnaval.",슬픔과 기쁨이 끝없이 반복되는 인간 세상에서는 고통도 순식간에 카니발로 바뀌게 된다,ko-KR
"Las mareas crecientes imponen la corona de espinas sobre la caballera, quien forja esta espada a partir de ella.
Liberada del peso de la corona, la caballera avanza imperturbable a través de las olas rugientes.","파도는 기사에게 운명의 면류관을 씌우려 했지만, 기사는 면류관을 검 안에 봉인해버렸다.
면류관은 기사를 속박할 수 없었고, 파도는 기사의 발걸음을 막지 못했다",ko-KR
Laser Cromático,레이저 변형,ko-KR
Laser Shearer,레이저 변형,ko-KR
Laser-Schneider,레이저 변형,ko-KR
Laughter Prevails,웃음 바다,ko-KR
"Le Bonus de dégâts de tous les attributs est augmenté de {0}. Après que le personnage a appliqué l'Effet de ravage havoc, les Dégâts d'Attaque lourde s'intensifient de {1} et ignorent {2} de la DEF de la cible pendant {3} secondes.","전체 속성 피해 보너스가 {0} 증가된다. 암흑 효과 추가 후, 강공격 피해가 {1} 부스트되고, 강공격 피해는 목표의 {2} 방어력을 무시하며, {3}초간 지속된다",ko-KR
Le Fendeur,행진의 서곡,ko-KR
"Le bambou, creux et pourtant plein ; l'homme, entier mais rarement sincère.
Le bambou ne trompe pas par ses mots, n'agit pas par orgueil, ne cherche pas la vanité. Bien peu d'êtres humains lui ressemblent véritablement.","대나무는 비어 있기에 그 실재(實在)를 채우고, 사람은 채우려 하기에 도리어 공허해진다.
대나무는 헛된 말을 하지도, 헛된 행동을 하지도, 헛된 이름을 구하지 않는다. 대나무가 이처럼 실재할지라도, 사람은 반드시 그러하지 않다",ko-KR
Le soi éteint,다시는 나란 존재가 없기를,ko-KR
"Le souffle des vents forge la lame, avec l'immensité du ciel pour fourreau. Une fois l'épée dégainée, le silence s'impose.
Ce cyan inaltérable incarne sa résolution, son serment et son idéal.","흐르는 바람에 검날을 다듬고, 푸른 하늘을 검집으로 삼으리. 검이 이미 모습을 드러냈으니, 만물이 고요해지리.
영원히 바래지 않을 그 푸른빛, 그녀의 결의이자 맹세이며, 품어 온 이상이 되었네",ko-KR
"Le tonnerre purifiera sa souffrance et sa faiblesse. Dans ce creuset de sang et de sable, le Soleil se lève. Loin d'être obscurcie par la poussière, elle flamboie de toute sa splendeur.",뇌전은 그녀의 옛 상처와 연약함을 씻어낼 것이다. 그 피와 모래로 만들어진 용광로에서 그녀는 더 이상 먼지가 아니라 찬란하고 눈부신 태양이 될 것이다,ko-KR
Lealtad,일편단심,ko-KR
Lebhaftigkeit,선율의 춤사위,ko-KR
Legend of Drunken Hero,만취의 영웅지,ko-KR
Legende des Betrunkenen Helden,만취의 영웅지,ko-KR
Lenda de Heróis Bêbados,만취의 영웅지,ko-KR
Les joies et les peines de la vie dansent dans un cercle sans fin. La douleur et les larmes sont transformées en carnaval en un instant.,슬픔과 기쁨이 끝없이 반복되는 인간 세상에서는 고통도 순식간에 카니발로 바뀌게 된다,ko-KR
"Les marées déchaînées imposent la couronne d'épines à la chevaleresse, de cette couronne, elle forge son épée.
Délestée du fardeau, elle traverse les flots rugissants sans jamais faillir.","파도는 기사에게 운명의 면류관을 씌우려 했지만, 기사는 면류관을 검 안에 봉인해버렸다.
면류관은 기사를 속박할 수 없었고, 파도는 기사의 발걸음을 막지 못했다",ko-KR
Les pistolets utilisé pour l'entraînement et l'enseignement qui n'ont que des fonctions basiques.,훈련과 교육에 사용되는 권총. 기본적인 기능만 있다,ko-KR
Leste Cadente,저무는 동녘,ko-KR
Lethean Elegy,잊혀진 피안의 슬픈 악장,ko-KR
Leuchtende Hymne,광휘의 찬송가,ko-KR
Lichtopfer,페이드 아웃,ko-KR
Lichtverlust,천공의 광경,ko-KR
Ligado a la batalla,만반의 준비,ko-KR
Light's Offering,페이드 아웃,ko-KR
Lingering Summer Tune,한여름의 찬송가,ko-KR
Llama eterna,불멸의 성화,ko-KR
Llama solar,태양 불꽃,ko-KR
Llamado del abismo,심해의 메아리,ko-KR
Llamarada de cometa,굉음,ko-KR
Lodernde Gerechtigkeit,불빛의 심판,ko-KR
Long Journey,기나긴 여정,ko-KR
Longa Viagem,기나긴 여정,ko-KR
"Lorsque l'Effet concertant est déclenché, l'augmentation des dégâts de la Libération résonatrice est de {0}%, l'effet dure 10 secondes, peut être empilé 2 fois.","협주 이펙트 발동 시, 공명 해방 피해가 {0}% 증가하며 10초간 지속되며 최대 2층까지 중첩된다",ko-KR
"Lorsque l'Effet concertant est déclenché, l'augmentation des dégâts de la Libération résonatrice est de {0}%, l'effet dure 10 secondes, peut être empilé 2 fois.","협주 이펙트 발생 시, 공명 해방 피해가 {0}% 증가하고, 10초간 지속되며, 최대 2층 중첩이 가능하다",ko-KR
"Lorsque vous lancez la compétence d'Outro, l'ATQ est augmentée de {0} pendant {1} secondes.","변주 스킬 발동 시, 공격력이 {0} 증가하며, {1} 초간 지속된다",ko-KR
"Lorsque vous lancez la compétence d'Outro, l'ATQ est augmentée de {0} pendant {1} secondes.","변주 스킬 발동 시, 공격력이 {0} 증가하며, {1}초간 지속된다",ko-KR
"Lorsque vous testez/prenez des dégâts, augmentez votre propre {0}% d'attaque et {1}% de défense, l'effet dure 10 secondes et s'accumule pendant 3 niveaux.",피해를 입었을 경우 {0}% 공격력과 {1}%의 방어력이 증가하고 10초간 지속되며 3층까지 중첩된다,ko-KR
"Lorsque vous testez/prenez des dégâts, augmentez votre propre {0}% d'attaque et {1}% de défense, l'effet dure 10 secondes et s'accumule pendant 3 niveaux.","피해를 입었을 경우 {0}%의 공격력과 {1}%의 방어력이 증가하고, 10초간 지속되며, 최대 3층 중첩이 가능하다",ko-KR
"Lorsque vous utilisez Contre-attaque d'esquive, vous récupérez {0} de PVs. Cet effet peut être déclenchés {2} fois toutes les {1} secondes.","회피 반격 발동 시, 자신의 HP가 {0} 회복되며, {1}초마다 {2}회 발생할 수 있다",ko-KR
"Los Brazales pulsan con una fuerza incontrolable, emanando una ira inenarrable desde las profundidades del lago desconocido. Al ponértelos, desata tu furia sobre los enemigos indefensos. Siente su poder fluir a través de ti.","반응 — 강력한 권갑을 통해 마치 알 수 없는 깊은 연못에서 밀려오는 성난 파도가 느껴지며, 그 느낌은 말로 표현할 수 없다. 이 권갑을 착용하면 적에게 내면의 분노를 표출할 수 있다",ko-KR
Loyalty,일편단심,ko-KR
Loyauté sans faille,일편단심,ko-KR
Lumineux,천공의 광경,ko-KR
Lumingloss,천공의 광경,ko-KR
Luminous Hymn,광휘의 찬송가,ko-KR
Luminous Protection,빛의 비호,ko-KR
Lunar Cutter,상승의 서녘,ko-KR
Lunar-Schneider,상승의 서녘,ko-KR
Lustrous Razor,푸른물결의 빛,ko-KR
Lux & Umbra,얽혀진 빛과 그림자,ko-KR
Luz Perpétua,영원한 등불,ko-KR
Là où le rire déferle,웃음 바다,ko-KR
Lámpara solitaria inmortal,영원한 등불,ko-KR
Lâmina Inigualável,고독한 칼날,ko-KR
Lâmina Radiante,에너지 절단,ko-KR
Lâmina Ultrassônica,초음파·칼날,ko-KR
Légende du Héros Ivre,만취의 영웅지,ko-KR
Léger et lent,자유의 선율,ko-KR
Lúmengloss,천공의 광경,ko-KR
Maestro de cuerdas,꼭두각시의 손,ko-KR
Main d'or,황금 권갑,ko-KR
Main du marionnettiste,꼭두각시의 손,ko-KR
Mandoble #41,41형 대검 · 무거운 책임,ko-KR
Mandoble de entrenamiento,견습용 대검,ko-KR
Mandoble de guardián,수호자의 대검 · 근성,ko-KR
Mandoble de la noche,흑야의 대검 · 현명,ko-KR
Mandoble de principiante,태초의 대검,ko-KR
Mandoble del viajero,수행자의 대검 · 벽로,ko-KR
Mango de la verdad,팔방의 천추,ko-KR
Manoplas 21D,21형 권갑 · 아이언 팬텀,ko-KR
Manoplas Guardiãs,수호자의 권갑 · 강력,ko-KR
Manoplas Rústica,태초의 권갑,ko-KR
Manoplas da Noite,흑야의 권갑 · 흑빛,ko-KR
Manoplas de Treino,견습용 권갑,ko-KR
Manoplas de Viajante,수행자의 권갑 · 파괴,ko-KR
Maquinilla de afeitar ultrasónica,초음파·칼날,ko-KR
Marca Incinerante,불길,ko-KR
Marca de fuego salvaje,불길,ko-KR
Marcato,바람의 악센트,ko-KR
Marcha de Abertura,행진의 서곡,ko-KR
Marche en parallèle,상성,ko-KR
Marque du Feu indompté,불길,ko-KR
Mastermind,주도면밀,ko-KR
Matrice ultrasonique,초음파·매트릭스,ko-KR
Matriz Ultrassônica,초음파·매트릭스,ko-KR
Matriz Ultrasónica,초음파·매트릭스,ko-KR
Meditaciones de la piedad,용서의 명상록,ko-KR
Meditationen über Barmherzigkeit,용서의 명상록,ko-KR
Meditations on Mercy,용서의 명상록,ko-KR
Meditações sobre a Misericórdia,용서의 명상록,ko-KR
Melodia Envolvente,천상의 음률,ko-KR
Melodia de Verão,한여름의 찬송가,ko-KR
Melodía cautivadora,천상의 음률,ko-KR
Melodía de un verano eterno,한여름의 찬송가,ko-KR
Mente Estrategista,주도면밀,ko-KR
Meow!,냐앙!,ko-KR
Mestra de Bonecos,꼭두각시의 손,ko-KR
Miaou !,냐앙!,ko-KR
Miau!,냐앙!,ko-KR
Milésima liberación,수많은 인도,ko-KR
Mirada intergaláctica,피안의 눈동자,ko-KR
Mirage creux,천공의 역행,ko-KR
Moongazer's Sigil,세상 만물의 진리,ko-KR
Morgenstrahl,눈부신 빛,ko-KR
Murmures des sirènes,바다의 속삭임,ko-KR
Más allá del inicio y el fin,시작과 끝,ko-KR
Méditations sur la Miséricorde,용서의 명상록,ko-KR
"Nach dem Einsatz der Resonanzbefreiung erhalte 3 Stapel von „Eisenrüstung“. Jeder Stapel erhöht ANG und VRT um {0} %, stapelbar bis zu 3-mal. Jedes Mal, wenn du Schaden erleidest, wird 1 Stapel reduziert.","공명 해방 발동 후, 3층의 「철갑」 효과를 얻으며, 각 층마다 공격력과 방어력을 {0}% 향상시키며, 최대 3층 중첩이 가능함며, 피해를 입을 때마다 1층씩 감소한다",ko-KR
Nach dem Einsatz der Resonanzbefreiung werden Grundangriffsschaden und Schwerer Angriffsschaden um {0} % für 10s erhöht.,"공명 해방 발동 후, 일반 공격과 강공격 피해가 {0}% 증가하며 10초간 지속된다",ko-KR
Nach dem Einsatz der Resonanzbefreiung wird ANG um {0} % für 12s erhöht.,"공명 해방 발동 후, 공격력이 {0}% 증가하며 12초간 지속된다",ko-KR
Nach dem Einsatz der Resonanzbefreiung wird ANG um {0} % für 12s erhöht.,"공명 해방 사용 후, 공격력이 {0}% 증가하며 12초간 지속된다",ko-KR
Narrengesang,우인의 노래,ko-KR
Navaja brillante,푸른물결의 빛,ko-KR
Niebla estática,부동의 안개,ko-KR
"No estoy allí. No muero.
Seré la compañera de la muerte: con placeres eufóricos ahogo mi miedo, y cambio el futuro por el pasado.","나는 그곳에 있지 않아. 게다가 아직 살아있어.
난 죽음을 쫓으며 쾌락으로 공포를 가리고 미래로 과거를 맞바꿀 거야",ko-KR
No-Yo,다시는 나란 존재가 없기를,ko-KR
Noche intrépida,장야의 불빛,ko-KR
Notas do Luar Eterno,세상 만물의 진리,ko-KR
Novaburst,천공의 순간,ko-KR
Novestallido,천공의 순간,ko-KR
Nuages scintillants,옥빛 구름,ko-KR
"Não estou lá. Não morro.
Serei companheiro da morte, com delírios eufóricos afogo meu medo, com os dias vindouros negocio pelo passado.","나는 그곳에 있지 않아. 게다가 아직 살아있어.
난 죽음을 쫓으며 쾌락으로 공포를 가리고 미래로 과거를 맞바꿀 거야",ko-KR
Névoa Estática,부동의 안개,ko-KR
"O Bônus de Dano de Todos os Atributos aumenta em {0}. Ao aplicar Ruína Aniquilante, o Dano de ATQ Pesado é amplificado em {1} e o Dano de ATQ Pesado ignora {2} da DEF do alvo por {3}s.","전체 속성 피해 보너스가 {0} 증가된다. 암흑 효과 추가 후, 강공격 피해가 {1} 부스트되고, 강공격 피해는 목표의 {2} 방어력을 무시하며, {3}초간 지속된다",ko-KR
"O Espadão nascido do fenômeno aéreo. O ferreiro incorpora os sentimentos de testemunhar a estrela alienígena na arma, fazendo-a parecer oca e leve, mas pode exercer a gravidade invencível da queda de estrelas.",공중에서의 기이한 현상으로 탄생한 대검. 제작자가 이상한 별을 목격한 느낌을 무기에 녹였다. 펀칭이 들어가 가볍게 보이지만 별이 떨어질 때 그만한 무적의 중력을 발휘한다,ko-KR
O amanhecer do esforço duradouro. Um par de manoplas projetadas para Ressonantes iniciantes. Contém um poder que não pode ser subestimado por conta de sua aparência simples.,초보 공명자를 위해 특별히 제작된 권갑. 수수한 외형과 다르게 만만치 않은 전투력이 잠재되어 있다,ko-KR
O início da busca pelo ápice. Um espadão projetado para Ressonantes iniciantes. Contém um poder que não pode ser subestimado sob sua aparência simples.,초보 공명자를 위해 특별히 제작된 대검. 수수한 외형과 다르게 만만치 않은 전투력이 잠재되어 있다,ko-KR
O início de uma audaciosa aventura. Um par de pistolas projetadas para Ressonantes iniciantes. Contém um poder que não pode ser subestimado sob sua aparência simples.,초보 공명자를 위해 특별히 제작된 권총. 수수한 외형과 다르게 만만치 않은 전투력이 잠재되어 있다,ko-KR
O nascimento de marés revolucionárias. Uma espada projetada para Ressonantes iniciantes. Contém um poder que não pode ser subestimado sob sua aparência simples.,초보 공명자를 위해 특별히 제작된 직검. 수수한 외형과 다르게 만만치 않은 전투력이 잠재되어 있다,ko-KR
"O trovão purificará sua dor e fraqueza. Do cadinho de sangue e areia, o Sol se ergue. Não ofuscado pela poeira, mas resplandecente em toda sua radiância.",뇌전은 그녀의 옛 상처와 연약함을 씻어낼 것이다. 그 피와 모래로 만들어진 용광로에서 그녀는 더 이상 먼지가 아니라 찬란하고 눈부신 태양이 될 것이다,ko-KR
Oath of Tide Hunters,흑조(黑潮) 사냥의 맹세,ko-KR
Obertura,행진의 서곡,ko-KR
Observa-trilhas,관측자,ko-KR
Observante,관측자,ko-KR
Obtenez {0} d'Énergie résonatrice et augmentez l'ATQ de {1} pendant {2} secondes quand vous lancez la Compétence résonatrice. Cet effet peut être déclenché une fois toutes les {3} secondes.,"공명 스킬 발동 시, 공명 에너지를 {0}pt 획득하고, 공격력이 {1} 증가하며, {2}초간 지속된다. 해당 효과는 {3}초마다 1회 발생할 수 있다",ko-KR
Ocean's Gift,바다의 선물,ko-KR
Ocorreu um erro. Entre em contato com o SAC.,"오류 발생, 문의 사항이 있으실 경우 고객센터로 연락주시기 바랍니다",ko-KR
Oeste Ascendente,상승의 서녘,ko-KR
Oferenda da Luz,페이드 아웃,ko-KR
Oleadas del abismo,물결의 파동,ko-KR
Olhar Intergaláctico,피안의 눈동자,ko-KR
Omniscient,끝없는 탐구,ko-KR
Omnisciente,끝없는 탐구,ko-KR
Ondas Cósmicas,파도의 기록,ko-KR
Ondas cósmicas,파도의 기록,ko-KR
Ondas do Abismo,물결의 파동,ko-KR
Onde sans fin,밀려오는 파도,ko-KR
Ondes cosmiques,파도의 기록,ko-KR
Ondes flottantes,끝없는 물결,ko-KR
Onisciente,끝없는 탐구,ko-KR
Originit: Typ I,원능의 대검 · 견습I,ko-KR
Originit: Typ II,원능의 직검 · 견습II,ko-KR
Originit: Typ III,원능의 권총 · 견습III,ko-KR
Originit: Typ IV,원능의 권갑 · 견습IV,ko-KR
Originit: Typ V,원능의 증폭기 · 견습V,ko-KR
Originita: Tipo I,원능의 대검 · 견습I,ko-KR
Originita: Tipo II,원능의 직검 · 견습II,ko-KR
Originita: Tipo III,원능의 권총 · 견습III,ko-KR
Originita: Tipo IV,원능의 권갑 · 견습IV,ko-KR
Originita: Tipo V,원능의 증폭기 · 견습V,ko-KR
Originite : Type II,원능의 직검 · 견습II,ko-KR
Originite : Type III,원능의 권총 · 견습III,ko-KR
Originite : Type IV,원능의 권갑 · 견습IV,ko-KR
Originite : Type V,원능의 증폭기 · 견습V,ko-KR
Originite: Tipo I,원능의 대검 · 견습I,ko-KR
Originite: Tipo II,원능의 직검 · 견습II,ko-KR
Originite: Tipo III,원능의 권총 · 견습III,ko-KR
Originite: Tipo IV,원능의 권갑 · 견습IV,ko-KR
Originite: Tipo V,원능의 증폭기 · 견습V,ko-KR
Originite: Type I,원능의 대검 · 견습I,ko-KR
Originite: Type II,원능의 직검 · 견습II,ko-KR
Originite: Type III,원능의 권총 · 견습III,ko-KR
Originite: Type IV,원능의 권갑 · 견습IV,ko-KR
Originite: Type V,원능의 증폭기 · 견습V,ko-KR
Overture,행진의 서곡,ko-KR
Overtüre,행진의 서곡,ko-KR
Pacto de Amizade,전우의 의리,ko-KR
Pacto de Sangue,혈맹의 약속,ko-KR
Pacto de sangre,혈맹의 약속,ko-KR
Pale Gale,칼날의 질풍,ko-KR
Palma de Ouro,황금 권갑,ko-KR
Panorama,그림 외의 경지,ko-KR
"Par les vents hurlants et les flots grondants, la mer dévore tout en son abysse. Une lanterne, seule résistante, brille encore dans la nuit !
En avant ! Jusqu'aux horizons jamais venus !","거센 바람이 미친 듯이 몰아치고, 사나운 파도가 하늘 높이 치솟는다. 바다가 모든 것을 삼켜버렸지만, 선등만이 흔들리지 않고 웃고 있다!
거침없이 나아가라! 세상의 끝을 보기 위해!",ko-KR
"Para los pescadores, el mar es su campo de trabajo, y la cosecha, su esperanza.","바다는 어민들에게 있어 농부의 밀밭과 같고, 수확이 많을수록 희망도 더 커진다",ko-KR
"Para os pescadores, o mar é seu campo de colheita. Colheita significa esperança.","바다는 어민들에게 있어 농부의 밀밭과 같고, 수확이 많을수록 희망도 더 커진다",ko-KR
Passo Assombroso,천공의 역행,ko-KR
Path Observer,관측자,ko-KR
"Pay heed: the frigid blade reveals an icy current, amalgamating into a whirlpool of thoughts. Use this powerful sequence to effortlessly crush your enemies with the Sword.","경청 — 차가운 칼날의 표면을 통해 마치 차가운 물결의 바닷소리가 들려, 점점 소용돌이처럼 생각에 잠기게 된다. 물의 흐름을 따라 손에 든 직검을 휘두르면 모든 적을 집어삼킬 수 있다",ko-KR
Percuteur de barrière,돌파자,ko-KR
Perihel,근일점,ko-KR
Perseverar,각고의 힘,ko-KR
Persevere,각고의 힘,ko-KR
Persistência Inabalável,흔들리지 않는 용기,ko-KR
Persévérance,각고의 힘,ko-KR
Pfadbeobachter,관측자,ko-KR
Phasen-Homogenisator,위상의 파동,ko-KR
Phasic Homogenizer,위상의 파동,ko-KR
Phénix écarlate,불사조의 깃털,ko-KR
Pioneirismo,새로운 법칙,ko-KR
Pistola de Viajante,수행자의 권총 · 통찰,ko-KR
Pistolas #26,26형 권총 · 맹렬한 돌격,ko-KR
Pistolas 26,26형 권총 · 맹렬한 돌격,ko-KR
Pistolas Guardiãs,수호자의 권총 · 용맹,ko-KR
Pistolas Rústica,태초의 권총,ko-KR
Pistolas da Noite,흑야의 권총 · 흑성,ko-KR
Pistolas de Treino,견습용 권총,ko-KR
Pistolas de entrenamiento,견습용 권총,ko-KR
Pistolas de guardián,수호자의 권총 · 용맹,ko-KR
Pistolas de la noche,흑야의 권총 · 흑성,ko-KR
Pistolas de principiante,태초의 권총,ko-KR
Pistolas del viajero,수행자의 권총 · 통찰,ko-KR
Pistolen Nr. 26,26형 권총 · 맹렬한 돌격,ko-KR
Pistolen der Nacht,흑야의 권총 · 흑성,ko-KR
Pistolen des Voyager,수행자의 권총 · 통찰,ko-KR
Pistolets #26,26형 권총 · 맹렬한 돌격,ko-KR
Pistolets Novices,견습용 권총,ko-KR
Pistolets Tyro,태초의 권총,ko-KR
Pistolets de Nuit,흑야의 권총 · 흑성,ko-KR
Pistolets du Gardien,수호자의 권총 · 용맹,ko-KR
Pistolets du Voyageur,수행자의 권총 · 통찰,ko-KR
Pistols of Night,흑야의 권총 · 흑성,ko-KR
Pistols of Voyager,수행자의 권총 · 통찰,ko-KR
Pistols#26,26형 권총 · 맹렬한 돌격,ko-KR
Planifier,주도면밀,ko-KR
Plasma Recoiler,잠재력의 상한,ko-KR
Plenilune Radiance,만물을 연결하는 달,ko-KR
Poignée de la Vérité,팔방의 천추,ko-KR
Point de départ,시작의 발걸음,ko-KR
Pol der Himmelskuppel,은하수 조망,ko-KR
Polaire éternelle,영원한 샛별,ko-KR
Pole of the Celestial Dome,은하수 조망,ko-KR
Polo Celeste,은하수 조망,ko-KR
Polo de la cúpula celeste,은하수 조망,ko-KR
Porta-revelações,통찰자,ko-KR
Portador del alba,새로운 법칙,ko-KR
Potentiel,잠재력의 상한,ko-KR
Predestinado,천시의 끌림,ko-KR
Prenez cet amplificateur gelé - sa puissance imprégnée de l'énergie du lac céleste. Qu'il vous mène à la connaissance ultime et vainc tous les obstacles sur votre chemin.,감지 — 차가운 매트릭스를 통해 마치 하늘과 땅을 둘러싸고 있는 호수를 만지는 듯한 느낌이 든다. 모든 답을 찾을 수 있도록 안내하는 이 증폭기를 사용하면 진실 추구를 방해하는 모든 적을 처치할 수 있다,ko-KR
Prenez garde : la lame glaciale révèle un courant glacé qui se fond en un tourbillon de pensées. Utilisez cette puissante séquence pour écraser vos ennemis avec ce sabre.,"경청 — 차가운 칼날의 표면을 통해 마치 차가운 물결의 바닷소리가 들려, 점점 소용돌이처럼 생각에 잠기게 된다. 물의 흐름을 따라 손에 든 직검을 휘두르면 모든 적을 집어삼킬 수 있다",ko-KR
Preordained,천시의 끌림,ko-KR
Presta atención: la hoja frígida revela una corriente helada que se amalgama en un remolino de pensamientos. Usa esta poderosa secuencia para aplastar a tus enemigos con facilidad usando la Espada.,"경청 — 차가운 칼날의 표면을 통해 마치 차가운 물결의 바닷소리가 들려, 점점 소용돌이처럼 생각에 잠기게 된다. 물의 흐름을 따라 손에 든 직검을 휘두르면 모든 적을 집어삼킬 수 있다",ko-KR
Preste atenção: a lâmina gélida revela uma corrente de frio que se funde em um turbilhão de pensamentos. Use esta sequência poderosa para esmagar seus inimigos com facilidade usando a Espada.,"경청 — 차가운 칼날의 표면을 통해 마치 차가운 물결의 바닷소리가 들려, 점점 소용돌이처럼 생각에 잠기게 된다. 물의 흐름을 따라 손에 든 직검을 휘두르면 모든 적을 집어삼킬 수 있다",ko-KR
Primavera roja,날카로운 봄,ko-KR
Printemps acéré,날카로운 봄,ko-KR
"Prismatic light dances at her fingertips, arcs of color carving radiant trails.
Every rushing hue converges upon her aim, and at last, she reaches a sky where nothing lies beyond her sight.","오색찬란한 빛이 손끝에서 춤추고, 눈부신 무지개가 빛의 궤적을 그린다.
넘쳐나는 모든 색이 한곳에 모이면, 언제나 멀리서 바라봤던 맑은 하늘에 마침내 그녀는 도착한다",ko-KR
"Prismatisches Licht tanzt über ihre Fingerspitzen, Farbbögen ziehen strahlende Spuren.
Alle eilenden Nuancen bündeln sich in ihrem Ziel – und schließlich erreicht sie einen Himmel, der nichts mehr vor ihrem Blick verbirgt.","오색찬란한 빛이 손끝에서 춤추고, 눈부신 무지개가 빛의 궤적을 그린다.
넘쳐나는 모든 색이 한곳에 모이면, 언제나 멀리서 바라봤던 맑은 하늘에 마침내 그녀는 도착한다",ko-KR
Projection - Peach Blossom,투영 · 복숭아꽃이 피는 날,ko-KR
Projection : Amplificateur sans forme,투영 · 심상의 증폭기,ko-KR
Projection : Ancre du somnoire,투영 · 마음의 닻,ko-KR
Projection : Don des mers,투영 · 바다의 선물,ko-KR
Projection : Epée sans forme,투영 · 심상의 대검,ko-KR
Projection : Fleur de Pêcher,투영 · 복숭아꽃이 피는 날,ko-KR
Projection : Gantelets sans forme,투영 · 심상의 권갑,ko-KR
Projection : Lame des mille techniques,투영 · 수천의 기예가 벼린 칼날,ko-KR
Projection : Pistolets sans forme,투영 · 심상의 권총,ko-KR
Projection : Sabre sans forme,투영 · 심상의 직검,ko-KR
Projection d'arme,무기 투영,ko-KR
Projection: Blade of a Thousand Arts,투영 · 수천의 기예가 벼린 칼날,ko-KR
Projection: Formless Broadblade,투영 · 심상의 대검,ko-KR
Projection: Formless Gauntlets,투영 · 심상의 권갑,ko-KR
Projection: Formless Pistol,투영 · 심상의 권총,ko-KR
Projection: Formless Rectifier,투영 · 심상의 증폭기,ko-KR
Projection: Formless Sword,투영 · 심상의 직검,ko-KR
Projection: Ocean's Gift,투영 · 바다의 선물,ko-KR
Projection: Somnoire Anchor,투영 · 마음의 닻,ko-KR
Projektion: Armpanzerung der Illusion,투영 · 심상의 권갑,ko-KR
Projektion: Blühender Pfirsich,투영 · 복숭아꽃이 피는 날,ko-KR
Projektion: Breitschwert der Illusion,투영 · 심상의 대검,ko-KR
Projektion: Geschenk des Ozeans,투영 · 바다의 선물,ko-KR
Projektion: Gleichrichter der Illusion,투영 · 심상의 증폭기,ko-KR
Projektion: Klingen der tausend Übungen,투영 · 수천의 기예가 벼린 칼날,ko-KR
Projektion: Pistolen der Illusion,투영 · 심상의 권총,ko-KR
Projektion: Schwert der Illusion,투영 · 심상의 직검,ko-KR
Projektion: Somnoire-Anker,투영 · 마음의 닻,ko-KR
Projeção - Flor de Pêssego,투영 · 복숭아꽃이 피는 날,ko-KR
Projeção de arma,무기 투영,ko-KR
Projeção: Dádiva do Mar,투영 · 바다의 선물,ko-KR
Projeção: Espada Amorfa,투영 · 심상의 직검,ko-KR
Projeção: Espadão Amorfo,투영 · 심상의 대검,ko-KR
Projeção: Lâmina das Mil Artes,투영 · 수천의 기예가 벼린 칼날,ko-KR
Projeção: Manoplas Amorfas,투영 · 심상의 권갑,ko-KR
Projeção: Pistolas Amorfas,투영 · 심상의 권총,ko-KR
Projeção: Retificador Amorfo,투영 · 심상의 증폭기,ko-KR
Projeção: Âncora de Sonúmia,투영 · 마음의 닻,ko-KR
Prolog,시작의 발걸음,ko-KR
Prologue,시작의 발걸음,ko-KR
Prontidão,만반의 준비,ko-KR
Protección luminosa,빛의 비호,ko-KR
Protection luminante,빛의 비호,ko-KR
Proteção Luminosa,빛의 비호,ko-KR
Protocole d'exemption de présence,출석 면제 프로토콜,ko-KR
Protocolo de Isenção de Presença,출석 면제 프로토콜,ko-KR
Protocolo de exención de asistencia,출석 면제 프로토콜,ko-KR
Protokoll zur Anwesenheitsbefreiung,출석 면제 프로토콜,ko-KR
Proyección de armas,무기 투영,ko-KR
Proyección: Ancla de Somnolencia,투영 · 마음의 닻,ko-KR
Proyección: Brazales sin forma,투영 · 심상의 권갑,ko-KR
Proyección: Espada sin forma,투영 · 심상의 직검,ko-KR
Proyección: Filo de las mil artes,투영 · 수천의 기예가 벼린 칼날,ko-KR
Proyección: Mandoble sin forma,투영 · 심상의 대검,ko-KR
Proyección: Melocotón en flor,투영 · 복숭아꽃이 피는 날,ko-KR
Proyección: Pistolas sin forma,투영 · 심상의 권총,ko-KR
Proyección: Rectificador sin forma,투영 · 심상의 증폭기,ko-KR
Proyección: Regalo del mar,투영 · 바다의 선물,ko-KR
Prueba/Serie de Gran Espada T4-5Jinzhou+,테스트/T4-5금주+시리즈 대검,ko-KR
Prägnant,검이 가리키는 곳,ko-KR
Prêt pour la bataille,만반의 준비,ko-KR
Prólogo,시작의 발걸음,ko-KR
Puissance ferme,용맹무쌍,ko-KR
Pulsation Bracer,격동의 조력,ko-KR
Pulsationsarmschiene,격동의 조력,ko-KR
Pétalas de Cristal,옥수 비단,ko-KR
Pêche,어획,ko-KR
Pôle du Dôme Céleste,은하수 조망,ko-KR
"Quand le personnage sprinte ou esquive, son ATQ est augmentée de {0} pendant {1} secondes. Cet effet peut être cumulé {2} fois.","캐릭터가 돌진하거나 회피할 시, 공격력이 {0} 증가하고, {1}초간 지속되며, 최대 {2}스택 중첩이 가능하다",ko-KR
Quand un cœur s'apaise,굳건한 의지,ko-KR
"Quand votre PV est en dessous de {0}, les dégâts de l'Attaque lourde augmentent de {1}. Quand vous infligez les dégâts d'Attaque lourde, vous récupérez {2} de PVs. Cet effet peut être déclenché {4} fois toutes les {3} secondes.","HP가 {0} 이하일 경우, 강공격 피해 보너스가 {1} 증가하고, 강공격 피해를 입힐 때 현재 캐릭터의 HP가 {2} 회복되며, {3}초마다 {4}회 발생할 수 있다",ko-KR
"Quand vous infligez des Dégâts à un ennemi affecté par les « Effets négatifs », l'ATQ est augmentée de {0} pendant {1} seconde(s). Cet effet peut être cumulé {2} fois et il peut être déclenché 1 fois par seconde.","「이상 효과」가 있는 몬스터에게 피해를 입힐 시, 자신의 공격력이 {0} 증가하며, {1}초간 지속된다. 1초마다 1회 발생할 수 있으며, 최대 {2}스택 중첩이 가능하다",ko-KR
"Quand vous infligez des dégâts aux cibles affectées par l'Effet de la lumière spectro, vos dégâts Spectro sont augmentés de {0}. L'effet peut être cumulé 1 fois par seconde, il dure 6 secondes et il se cumule jusqu'à 4 fois.","「광학 효과」가 있는 적에게 피해를 입힐 시 다음 효과를 얻을 수 있다. 자신의 회절 피해가 {0} 증가되고, 1초마다 1스택을 획득할 수 있으며, 6초간 지속되고, 최대 4스택 중첩이 가능하다",ko-KR
"Quand vous infligez les dégâts de l'Attaque normale ou ceux de l'Attaque lourde, l'ATQ est augmentée de {0}. Cet effet peut être cumulé {1} fois. Il dure {2} secondes et il peut être déclenché {4} fois toutes les {3} secondes.","일반 공격이나 강공격을 사용하여 피해를 입힐 경우, 공격력이 {0} 증가하고, 최대 {1}스택 중첩이 가능하며, {2}초간 지속되며, {3}초마다 {4}회 발생할 수 있다",ko-KR
"Quand vous infligez les dégâts de l'Attaque normale ou ceux de l'Attaque lourde, l'effet de soin augmente de {0}. Cet effet peut être cumulé {2} fois. Il dure {1} secondes et il peut être déclenché {4} fois toutes les {3} secondes.","일반 공격이나 강공격을 사용하여 피해를 입힐 경우, 치료 효과 보너스가 {0} 증가하고, {1}초간 지속되며, 최대 {2}스택 중첩이 가능하며, {3}초마다 {4}회 발생할 수 있다",ko-KR
"Quand vous infligez les dégâts de l'attaque normale, vous récupérez : {0} PV. Cet effet peut être déclenché {2} fois toutes les {1} secondes.","일반 공격을 사용하여 피해를 입힐 경우, 자신의 HP가 {0} 회복되며, {1}초마다 {2}회 발생할 수 있다",ko-KR
"Quand vous lancez la Compétence d'Intro, les dégâts de la Libération résonatrice augmentent de {0}. L'effet dure {1} secondes.","변주 스킬 발동 시, 자신의 공명 해방 피해 보너스가 {0} 증가하며, {1}초간 지속된다",ko-KR
"Quand vous lancez la Compétence d'Intro, vous récupérez {0} points d'Énergie concertante. Quand vous lancez la Compétence d'Outro, vous récupérez {1} points d'Énergie résonatrice.","변주 스킬 발동 시 협주 에너지 {0}pt를 회복하며, 반주 스킬 발동 시 공명 에너지 {1}pt를 회복한다",ko-KR
"Quand vous lancez la Libération résonatrice, le Bonus d'Effet de soin est augmenté de {0} pendant {1} seconde(s).","공명 해방 발동 시, 자신의 치료 효과 보너스가 {0} 증가하며, {1}초간 지속된다",ko-KR
"Quand vous utilisez la Compétence d'Intro, l'ATQ est augmentée de {0} pendant {1} secondes.","변주 스킬 발동 시, 자신의 공격력이 {0} 증가하며, {1}초간 지속된다",ko-KR
"Quand vous utilisez la Compétence d'Intro, l'ATQ est augmentée de {0}, PVs augmentent de {1} pendant {2} secondes.","변주 스킬 발동 시, 자신의 공격력이 {0} 증가하고, HP가 {1} 증가하며, {2}초간 지속된다",ko-KR
"Quand vous utilisez la Compétence d'Intro, l'ATQ est augmentée de {0}. La DEF augement de {1}. L'effet dure {2} secondes.","변주 스킬 발동 시, 자신의 공격력이 {0} 증가하고, 방어력이 {1} 증가하며, {2}초간 지속된다",ko-KR
"Quand vous utilisez la Compétence d'Intro, les dégâts de la Compétence résonatrice augmentent de {0} pendant {1} secondes.","변주 스킬 발동 시, 자신의 공명 스킬 피해 보너스가 {0} 증가하며, {1}초간 지속된다",ko-KR
"Quand vous utilisez la Compétence d'Intro, vous récupérez {0} PVs. Cet effet peut être déclenché {2} fois toutes les {1} secondes.","변주 스킬 발동 시, 자신의 HP가 {0} 회복되며, {1}초마다 {2}회 발생할 수 있다",ko-KR
"Quand vous utilisez la Compétence résonatrice, des dégâts de la Libération résonatrice augmentent de {0} pendant {1} secondes.","공명 스킬 발동 시, 자신의 공명 해방 피해 보너스가 {0} 증가하며, {1}초간 지속된다",ko-KR
"Quand vous utilisez la Compétence résonatrice, les dégâts de l'Attaque normale et de l'Attaque lourde augmentent de {0}. Cet effet peut être cumulé {1} fois, il dure {2} secondes. Il peut être déclenché {4} fois toutes les {3} secondes.","공명 스킬 발동 시, 자신의 일반 공격 피해 보너스와 강공격 피해 보너스가 {0} 증가하고, 최대 {1}스택 중첩이 가능하며, {2}초간 지속된다. {3}초마다 {4}회 발생할 수 있다",ko-KR
"Quand vous utilisez la Compétence résonatrice, vous récupérez {0} de PV. Cet effet peut-être déclenché {2} fois toutes les {1} secondes.","공명 스킬 발동 시, 자신의 HP가 {0} 회복되며, {1}초마다 {2}회 발생할 수 있다",ko-KR
"Quand vous utilisez la Compétence résonatrice, vous récupérez {0} points d'Énergie concertante. Cet effet peut être déclenché {2} fois tous les {1} secondes.","공명 스킬 발동 시, 협주 에너지 {0}pt를 회복하며, {1}초마다 {2}회 발생할 수 있다",ko-KR
"Quand vous utilisez la Compétence résonatrice, vous récupérez {0} points d'Énergie concertante. Cet effet peut être déclenché {2} fois toutes les {1} secondes.","공명 스킬 발동 시, 협주 에너지 {0}pt를 회복하며, {1}초마다 {2}회 발생할 수 있다",ko-KR
"Quand vous utilisez la Libération résonatrice, votre l'ATQ est augmentée de {0} pendant {1} secondes.","공명 해방 발동 시, 자신의 공격력이 {0} 증가하고, {1}초간 지속된다",ko-KR
"Quand vous utilisez la Libération résonatrice, vous récupérez {0} PVs. Cet effet peut être déclenché {2} fois toutes les {1} secondes.","공명 해방 발동 시, 자신의 HP가 {0} 회복되며, {1}초마다 {2}회 발생할 수 있다",ko-KR
"Quand vous utilsez la Compétence résonatrice, vous récupérez {0} points d'Énergie résonatrice. Cet effet peut-être déclenché {2} fois toutes les {1} secondes.","공명 스킬 발동 시, 공명 에너지 {0}pt를 회복하고, {1}초마다 {2}회 발동할 수 있다",ko-KR
"Quand vous utilsez la Compétence résonatrice, vous récupérez {0} points d'Énergie résonatrice. Cet effet peut-être déclenché {2} fois toutes les {1} secondes.","공명 스킬 발동 시, 공명 에너지 {0}pt를 회복하고, {1}초마다 {2}회 발생할 수 있다",ko-KR
"Quand vous utilsez la Compétence résonatrice, vous récupérez {0} points d'Énergie résonatrice. Cet effet peut-être déclenché {2} fois toutes les {1} secondes.","공명 스킬 발동 시, 공명 에너지 {0}pt를 회복하며, {1}초마다 {2}회 발생할 수 있다",ko-KR
"Quando o HP do Ressonante cai abaixo de {0}, aumenta o bônus de Dano de ATQ Pesado em {1} e o HP é restaurado em {2} ao causar Dano de ATQ Pesado. Este efeito pode ser ativado {4} vez(es) a cada {3}s.","HP가 {0} 이하일 경우, 강공격 피해 보너스가 {1} 증가하고, 강공격 피해를 입힐 때 현재 캐릭터의 HP가 {2} 회복되며, {3}초마다 {4}회 발생할 수 있다",ko-KR
"Quando o Ressonante arremeter ou realizar uma Esquiva, aumenta o ATQ em {0}, acumulando até {2} vezes. Este efeito dura {1}s.","캐릭터가 돌진하거나 회피할 시, 공격력이 {0} 증가하고, {1}초간 지속되며, 최대 {2}스택 중첩이 가능하다",ko-KR
Quando um Coração se Acalma,굳건한 의지,ko-KR
"Que lâmina afiada é necessária para traspassar esta noite implacável?
Ela avança sem cessar em busca da resposta, aqueles desejos livres rugindo em suas veias.","얼마나 날카로운 칼이어야, 이 끝없는 밤을 단숨에 가를 수 있을까?
그녀는 답을 찾으며 앞으로 나아간다. 기댈 곳 없이 부서진 소원들은 그녀의 피에 스며들어 타오른다",ko-KR
Quebra-muros,불굴의 권갑,ko-KR
Quebra-pedras Ultrassônico,초음파·파괴,ko-KR
Quebra-trevas,어둠을 파괴하는 자,ko-KR
"Quel tranchant faut-il à une lame pour transpercer cette nuit implacable ?
Elle avance sans relâche en quête de réponse, portée par ces vœux libérés qui grondent dans ses veines.","얼마나 날카로운 칼이어야, 이 끝없는 밤을 단숨에 가를 수 있을까?
그녀는 답을 찾으며 앞으로 나아간다. 기댈 곳 없이 부서진 소원들은 그녀의 피에 스며들어 타오른다",ko-KR
Radiance Cleaver,에너지 절단,ko-KR
Radiance de la pleine lune,만물을 연결하는 달,ko-KR
Radiant Dawn,눈부신 빛,ko-KR
Radiância do Plenilúnio,만물을 연결하는 달,ko-KR
Rand der Morgendämmerung,한낮의 의지,ko-KR
Rapidité,성장의 속도,ko-KR
Rastro de Outono,가을의 무늬,ko-KR
Rastro de otoño,가을의 무늬,ko-KR
Rayo,뇌전,ko-KR
Recepción de señal,선지자,ko-KR
Recoil de plasma,잠재력의 상한,ko-KR
Recorte da Primavera,날카로운 봄,ko-KR
Rectificador #25,25형 증폭기 · 울림의 멜로디,ko-KR
Rectificador de entrenamiento,견습용 증폭기,ko-KR
Rectificador de guardián,수호자의 증폭기 · 모략,ko-KR
Rectificador de la noche,흑야의 증폭기 · 흑광,ko-KR
Rectificador de principiante,태초의 증폭기,ko-KR
Rectificador del viajero,수행자의 증폭기 · 탐색,ko-KR
Rectifier of Night,흑야의 증폭기 · 흑광,ko-KR
Rectifier of Voyager,수행자의 증폭기 · 탐색,ko-KR
Rectifier#25,25형 증폭기 · 울림의 멜로디,ko-KR
Red Spring,날카로운 봄,ko-KR
Redenção Suprema,수많은 인도,ko-KR
Regalo del mar,바다의 선물,ko-KR
Regard intergalactique,피안의 눈동자,ko-KR
Rehabilitieren,도움의 손길,ko-KR
"Reine Armpanzerung-Projektion, die transparent erscheint.
Im Somnoire sind die äußeren Gestaltungen der Waffen reine Oberflächlichkeiten; ihr wahres Wesen liegt darin, Werkzeuge im Kampf zu sein.","순수 개념적 투영, 마치 감지할 수 없는 투명한 권갑.
마음의 영역 중, 무기의 외형적 의미는 단지 표면에만 그칠 뿐, 진정한 핵심은 전투용 도구이다",ko-KR
"Reine Breitschwert-Projektion, die transparent erscheint.
Im Somnoire sind die äußeren Gestaltungen der Waffen reine Oberflächlichkeiten; ihr wahres Wesen liegt darin, Werkzeuge im Kampf zu sein.","순수 개념적 투영, 마치 감지할 수 없는 투명한 대검.
마음의 영역 중, 무기의 외형적 의미는 단지 표면에만 그칠 뿐, 진정한 핵심은 전투용 도구이다",ko-KR
"Reine Gleichrichter-Projektion, die transparent erscheint.
Im Somnoire sind die äußeren Gestaltungen der Waffen reine Oberflächlichkeiten; ihr wahres Wesen liegt darin, Werkzeuge im Kampf zu sein.","순수 개념적 투영, 마치 감지할 수 없는 투명한 증폭기.
마음의 영역 중, 무기의 외형적 의미는 단지 표면에만 그칠 뿐, 진정한 핵심은 전투용 도구이다",ko-KR
"Reine Pistolen-Projektion, die transparent erscheint.
Im Somnoire sind die äußeren Gestaltungen der Waffen reine Oberflächlichkeiten; ihr wahres Wesen liegt darin, Werkzeuge im Kampf zu sein.","순수 개념적 투영, 마치 감지할 수 없는 투명한 권총.
마음의 영역 중, 무기의 외형적 의미는 단지 표면에만 그칠 뿐, 진정한 핵심은 전투용 도구이다",ko-KR
"Reine Schwert-Projektion, die transparent erscheint.
Im Somnoire sind die äußeren Gestaltungen der Waffen reine Oberflächlichkeiten; ihr wahres Wesen liegt darin, Werkzeuge im Kampf zu sein.","순수 개념적 투영, 마치 감지할 수 없는 투명한 직검.
마음의 영역 중, 무기의 외형적 의미는 단지 표면에만 그칠 뿐, 진정한 핵심은 전투용 도구이다",ko-KR
Reise,기나긴 여정,ko-KR
Rejuvenecer,유합,ko-KR
Rejuvenescer,유합,ko-KR
Rejuvinate,유합,ko-KR
Relativistic Jet,역설의 격류,ko-KR
Relativistischer Jet,역설의 격류,ko-KR
Renacer,재생,ko-KR
Renacer de las cenizas,불의 귀환,ko-KR
Renacimiento,성장의 속도,ko-KR
Renascimento,성장의 속도,ko-KR
Requiem de l'autre monde,진혼곡,ko-KR
Requiem der Unterwelt,진혼곡,ko-KR
Resgate,응급 치료,ko-KR
Resiliencia perdonadora,강유병존,ko-KR
Resiliência Misericordiosa,강유병존,ko-KR
Resolución tormentosa,끝없는 물결,ko-KR
Resolución tormentosa,무한의 소용돌이,ko-KR
Resolución tormentosa,죽음의 심연,ko-KR
Resolución tormentosa,지옥의 징벌,ko-KR
Resolução Tormentosa,끝없는 물결,ko-KR
Resolução Tormentosa,무한의 소용돌이,ko-KR
Resolução Tormentosa,죽음의 심연,ko-KR
Resolução Tormentosa,지옥의 징벌,ko-KR
Resonance Skill DMG Bonus is increased by {0}.,공명 스킬 피해 보너스 {0} 증가,ko-KR
Resonancia armónica,화음 공진,ko-KR
Resplandor de luna llena,만물을 연결하는 달,ko-KR
Ressurreição,재생,ko-KR
Retificador 25,25형 증폭기 · 울림의 멜로디,ko-KR
Retificador Guardião,수호자의 증폭기 · 모략,ko-KR
Retificador Rústico,태초의 증폭기,ko-KR
Retificador da Noite,흑야의 증폭기 · 흑광,ko-KR
Retificador de Treino,견습용 증폭기,ko-KR
Retificador de Viajante,수행자의 증폭기 · 탐색,ko-KR
Retórica,수식,ko-KR
Revólver Ultrassônico,초음파·룰렛,ko-KR
Reziprozität,공제,ko-KR
Rhetoric,수식,ko-KR
Rhetorik,수식,ko-KR
Rhétorique,수식,ko-KR
Rigidité souple,강유병존,ko-KR
Rime-Draped Sprouts,옥수 비단,ko-KR
Riso Prevalecente,웃음 바다,ko-KR
Romance da Despedida,작별의 로맨스,ko-KR
Romance de la despedida,작별의 로맨스,ko-KR
Romance en Adieu,작별의 로맨스,ko-KR
Romance in Farewell,작별의 로맨스,ko-KR
Romance libre,출정의 의식,ko-KR
Romantik im Abschied,작별의 로맨스,ko-KR
Rompe muros,불굴의 권갑,ko-KR
Rompe rocas ultrasónico,초음파·파괴,ko-KR
Rompe-barreiras,돌파자,ko-KR
Rompe-bordas,개척자,ko-KR
Rompebarreras,돌파자,ko-KR
Rompeoscuridad,어둠을 파괴하는 자,ko-KR
Roscoe ultrasonique,초음파·룰렛,ko-KR
Roscoe ultrasónico,초음파·룰렛,ko-KR
Ruf des Abgrunds,심해의 메아리,ko-KR
Rumbo al sol,근일점,ko-KR
Ruína do Mal,벽사,ko-KR
Règne foudroyant,천둥벼락을 다스리는 권능,ko-KR
Réanimation,재생,ko-KR
Réquiem del inframundo,진혼곡,ko-KR
Réquiem do Submundo,진혼곡,ko-KR
Rêve enfoui,가라앉은 꿈,ko-KR
SCH-Bonus der Resonanzbefreiung wird um {0} erhöht.,공명 해방 피해 보너스 {0} 증가,ko-KR
SCH-Bonus des Resonanzskills wird um {0} erhöht.,공명 스킬 피해 보너스 {0} 증가,ko-KR
SCH-Bonus des Standardangriffs und Schweren Angriffs wird um {0} erhöht.,일반 공격과 강공격 피해 보너스 {0} 증가,ko-KR
SCH-Bonus des Standardangriffs und Schweren Angriffs wird um {0} erhöht.,일반 공격과 강공격 피해 보너스가 {0} 증가한다,ko-KR
Sabre #18,18형 직검 · 순간의 칼빛,ko-KR
Sabre Novice,견습용 직검,ko-KR
Sabre Tyro,태초의 직검,ko-KR
Sabre de nuit,흑야의 직검 · 흑뢰,ko-KR
Sabre du Gardien,수호자의 직검 · 기민,ko-KR
Sabre du Voyageur,수행자의 직검 · 행적,ko-KR
Saitenmeister,꼭두각시의 손,ko-KR
Sans retour,필사의 결심,ko-KR
Sceau de veilleuse lunaire,세상 만물의 진리,ko-KR
Schlaflose Lonerin,홀로 깨어난 자,ko-KR
Schneisenbereiter,개척자,ko-KR
Schwert Nr. 18,18형 직검 · 순간의 칼빛,ko-KR
Schwert der Nacht,흑야의 직검 · 흑뢰,ko-KR
Schwert des Voyager,수행자의 직검 · 행적,ko-KR
Schädeldrescher,스컬 스래셔,ko-KR
"Se utiliza una técnica de forja previa al Lamento, haciendo que el mandoble sea ligero y manejable con su cuerpo de aspecto pesado. Se pueden escuchar sonidos zumbantes cuando el portador la blande, como un arrullo de tiempos inmemoriales.",비명 전의 단조 기법을 이용하여 제작된 대검으로 외형과 다르게 상당히 가볍다. 휘두를 때마다 울리는 소리는 긴 세월을 가르는 듯 귓가에 속삭여 준다,ko-KR
Segador láser,레이저 변형,ko-KR
"Segure o Retificador congelado, uma ferramenta poderosa imbuída com a energia do lago celestial. Deixe-o guiá-lo ao conhecimento supremo e vencer todos os obstáculos em seu caminho.",감지 — 차가운 매트릭스를 통해 마치 하늘과 땅을 둘러싸고 있는 호수를 만지는 듯한 느낌이 든다. 모든 답을 찾을 수 있도록 안내하는 이 증폭기를 사용하면 진실 추구를 방해하는 모든 적을 처치할 수 있다,ko-KR
Self No More,다시는 나란 존재가 없기를,ko-KR
Sentence émeraude,푸른 의지,ko-KR
Sentencia esmeralda,푸른 의지,ko-KR
Sentença Esmeralda,푸른 의지,ko-KR
Serment d'azur,아득히 푸른 하늘,ko-KR
Serment de sang,혈맹의 약속,ko-KR
Serment des Chasseurs de Marée,흑조(黑潮) 사냥의 맹세,ko-KR
"Setzt der Träger eine Resonanzbefreiung ein, erhöht sich sein ANG um {0} für {1}s.","공명 해방 발동 시, 자신의 공격력이 {0} 증가하고, {1}초간 지속된다",ko-KR
"Setzt der Träger eine Resonanzbefreiung ein, stellt er {0} LP wieder her. Dieser Effekt kann {2}-mal alle {1}s ausgelöst werden.","공명 해방 발동 시, 자신의 HP가 {0} 회복되며, {1}초마다 {2}회 발생할 수 있다",ko-KR
"Setzt der Träger einen Intro-Skill ein, erhöht sich sein ANG um {0} für {1} s.","변주 스킬 발동 시, 공격력이 {0} 증가하며, {1} 초간 지속된다",ko-KR
"Setzt der Träger einen Intro-Skill ein, erhöht sich sein ANG um {0} für {1} s.","변주 스킬 발동 시, 공격력이 {0} 증가하며, {1}초간 지속된다",ko-KR
Siegel des Mondlichts,세상 만물의 진리,ko-KR
Siempre cambiante,천변만화,ko-KR
Sigilo de la Miraluna,세상 만물의 진리,ko-KR
Signal Catcher,선지자,ko-KR
Silencio,적막,ko-KR
Silent Eulogy,침묵 속의 추도사,ko-KR
Sinfonia Estelar,뭇별의 교향곡,ko-KR
Sinfonía estelar,뭇별의 교향곡,ko-KR
Skull Thrasher,스컬 스래셔,ko-KR
Smaragd der Genesis,천년의 회류,ko-KR
Smaragd-Urteil,푸른 의지,ko-KR
Solar,근일점,ko-KR
Solar Flame,태양 불꽃,ko-KR
Solidaire,동심,ko-KR
Solidarité,공제,ko-KR
Solitaria en vela,홀로 깨어난 자,ko-KR
Solitude éveillée,홀로 깨어난 자,ko-KR
Solitária Desperta,홀로 깨어난 자,ko-KR
Solsworn Ciphers,솔스원의 해석,ko-KR
Solución definitiva,운명의 해답,ko-KR
Solution définitive,운명의 해답,ko-KR
Solução Definitiva,운명의 해답,ko-KR
Sommergesang,한여름의 찬송가,ko-KR
Sommet verdoyant,청룡의 천장,ko-KR
Somnoire Anchor,마음의 닻,ko-KR
Somnoire-Anker,마음의 닻,ko-KR
Sonho Submerso,가라앉은 꿈,ko-KR
Sonnenflamme,태양 불꽃,ko-KR
Spectral Trigger,스펙트럴 트리거,ko-KR
Spectre en déclin,멸망의 주파수,ko-KR
Spectrum Blaster,스펙트럼 블래스터,ko-KR
Spektralauslöser,스펙트럴 트리거,ko-KR
Spektrum-Blaster,스펙트럼 블래스터,ko-KR
Spirale céleste,천상의 나선,ko-KR
Spring Wreath,비녀에 깃든 봄,ko-KR
Standbild,프리즈 프레임,ko-KR
Starchaser,별을 좇아서,ko-KR
Starfield Calibrator,별하늘 연산 측정기,ko-KR
Static Mist,부동의 안개,ko-KR
Statische Nebel,부동의 안개,ko-KR
Stellar Symphony,뭇별의 교향곡,ko-KR
Stellare Symphonie,뭇별의 교향곡,ko-KR
Sternenjäger,별을 좇아서,ko-KR
Sternfeld-Kalibrator,별하늘 연산 측정기,ko-KR
Stille Grabrede,침묵 속의 추도사,ko-KR
Stonard,황금 권갑,ko-KR
Stormy Resolution,끝없는 물결,ko-KR
Stormy Resolution,무한의 소용돌이,ko-KR
Stormy Resolution,밀려오는 파도,ko-KR
Stormy Resolution,죽음의 심연,ko-KR
Stormy Resolution,지옥의 징벌,ko-KR
Strahlungsspalter,에너지 절단,ko-KR
Stringmaster,꼭두각시의 손,ko-KR
Stürmische Auflösung,끝없는 물결,ko-KR
Stürmische Auflösung,무한의 소용돌이,ko-KR
Stürmische Auflösung,밀려오는 파도,ko-KR
Stürmische Auflösung,죽음의 심연,ko-KR
Stürmische Auflösung,지옥의 징벌,ko-KR
Sueño hundido,가라앉은 꿈,ko-KR
Sunken Dream,가라앉은 꿈,ko-KR
"Sunlight gathers. The answer is made plain.
What must be done awaits. The Rein is in your hand.
Step forward, toward the sunlit end.","모든 햇빛이 당신을 비추니, 답이 보일 것이다.
해야만 하는 일들이 있고, 당신만이 할 수 있는 일들이 있다.
크게 한 걸음 내디뎌 보자, 태양의 끝에 더 가까이",ko-KR
Sunward,근일점,ko-KR
Superação,전진의 발걸음,ko-KR
Supremacia do Trovão Dominado,천둥벼락을 다스리는 권능,ko-KR
Surmonter,불굴의 권갑,ko-KR
Sussurros do Mar,바다의 속삭임,ko-KR
Sustento,도움의 손길,ko-KR
Susurros de sirenas,바다의 속삭임,ko-KR
Sutura diurna,봉합된 새벽과 황혼,ko-KR
Suturing Dayline,봉합된 새벽과 황혼,ko-KR
Sword of Night,흑야의 직검 · 흑뢰,ko-KR
Sword of Voyager,수행자의 직검 · 행적,ko-KR
Sword#18,18형 직검 · 순간의 칼빛,ko-KR
Swordsworn,용맹무쌍,ko-KR
Symphonie des lueurs,광휘의 찬송가,ko-KR
Symphonie stellaire,뭇별의 교향곡,ko-KR
Série d'épées lourdes T4-5Jinzhou+,테스트/T4-5금주+시리즈 대검,ko-KR
Série de dagues T4-5Jinzhou+,T4-5금주+시리즈 단검,ko-KR
Série de pistolets T4-5Jinzhou+,T4-5금주 +시리즈 손총,ko-KR
T4-5 Imazu+ série d'appareils juridiques,T4-5금주+시리즈 마법기,ko-KR
T4-5 Jinzhou+ Serie von Rechtsinstrumenten,T4-5금주+시리즈 마법기,ko-KR
T4-5 Jinzhou+ Serienpistolen,T4-5금주 +시리즈 손총,ko-KR
T4-5Jinzhou+ Serie Großschwert,테스트/T4-5금주+시리즈 대검,ko-KR
T4-5Jinzhou+ Serie Kurzschwert,T4-5금주+시리즈 단검,ko-KR
T4-5Jinzhou+ Series Greatsword,테스트/T4-5금주+시리즈 대검,ko-KR
T4-5Jinzhou+ series of law instruments,T4-5금주+시리즈 마법기,ko-KR
T4-5Jinzhou+ series pistols,T4-5금주 +시리즈 손총,ko-KR
T4-5Jinzhou+ series short sword,T4-5금주+시리즈 단검,ko-KR
T4-5今州+系列大劍,테스트/T4-5금주+시리즈 대검,ko-KR
T4-5今州+系列手槍,T4-5금주 +시리즈 손총,ko-KR
T4-5今州+系列法器,T4-5금주+시리즈 마법기,ko-KR
T4-5今州+系列短劍,T4-5금주+시리즈 단검,ko-KR
T4-5今州シリーズ増幅器,T4-5금주+시리즈 마법기,ko-KR
T4-5今州シリーズ拳銃,T4-5금주 +시리즈 손총,ko-KR
T4-5今州シリーズ迅刀,T4-5금주+시리즈 단검,ko-KR
T4-5今州シリーズ長刃,테스트/T4-5금주+시리즈 대검,ko-KR
Tagesanbruch,전진의 발걸음,ko-KR
Tailleur d'Hélios,저무는 동녘,ko-KR
Tailleur lunaire,상승의 서녘,ko-KR
"Take hold of the frozen Rectifier, a powerful tool imbued with the energy of the celestial lake. Let it lead you to ultimate knowledge and vanquish all obstacles in your path.",감지 — 차가운 매트릭스를 통해 마치 하늘과 땅을 둘러싸고 있는 호수를 만지는 듯한 느낌이 든다. 모든 답을 찾을 수 있도록 안내하는 이 증폭기를 사용하면 진실 추구를 방해하는 모든 적을 처치할 수 있다,ko-KR
Taktisch,강유병존,ko-KR
Tarantela de una caballera libre,자유기사의 독무,ko-KR
Tarantela do Guerreiro Livre,자유기사의 독무,ko-KR
Tarantella einer freien Ritterin,자유기사의 독무,ko-KR
Tarentelle de la chevaleresse libre,자유기사의 독무,ko-KR
Tausendfache Erlösung,수많은 인도,ko-KR
Teamarbeit,동심,ko-KR
Temperance,응급 치료,ko-KR
Templanza,응급 치료,ko-KR
Temps céleste,천시의 끌림,ko-KR
Test1-Espada corta,테스트1-단검,ko-KR
Test1-Kurzschwert,테스트1-단검,ko-KR
Test1-Short Sword,테스트1-단검,ko-KR
Testwaffe,테스트 무기,ko-KR
"The Broadblade born from the aerial phenomenon. The blacksmith incorporates the feelings of witnessing the alien star into the weapon, making it look hollow and light, but it can exert the invincible gravity of the starfall.",공중에서의 기이한 현상으로 탄생한 대검. 제작자가 이상한 별을 목격한 느낌을 무기에 녹였다. 펀칭이 들어가 가볍게 보이지만 별이 떨어질 때 그만한 무적의 중력을 발휘한다,ko-KR
"The Gauntlets pulsate with an uncontrollable force, emanating unspeakable anger from the depths of the unknown lake. As you don them, unleash your fury on helpless enemies. Feel its power surge through you.","반응 — 강력한 권갑을 통해 마치 알 수 없는 깊은 연못에서 밀려오는 성난 파도가 느껴지며, 그 느낌은 말로 표현할 수 없다. 이 권갑을 착용하면 적에게 내면의 분노를 표출할 수 있다",ko-KR
The Last Dance,죽음과 춤,ko-KR
The birth of revolutionary tides. A sword designed for novice Resonators. Contains a power not to be underestimated under its simple outlook.,초보 공명자를 위해 특별히 제작된 직검. 수수한 외형과 다르게 만만치 않은 전투력이 잠재되어 있다,ko-KR
The dawn of enduring endeavor. A pair of gauntlets designed for novice Resonators. Contains a power not to be underestimated under its simple outlook.,초보 공명자를 위해 특별히 제작된 권갑. 수수한 외형과 다르게 만만치 않은 전투력이 잠재되어 있다,ko-KR
The inception of valiant venture. A pair of pistols designed for novice Resonators. Contains a power not to be underestimated under its simple outlook.,초보 공명자를 위해 특별히 제작된 권총. 수수한 외형과 다르게 만만치 않은 전투력이 잠재되어 있다,ko-KR
The joys and sorrows of life dance in an endless circle; Pain and tears shift in an instant into a carnival.,슬픔과 기쁨이 끝없이 반복되는 인간 세상에서는 고통도 순식간에 카니발로 바뀌게 된다,ko-KR
The onset of pinnacle pursuit. A broadblade designed for novice Resonators. Contains a power not to be underestimated under its simple outlook.,초보 공명자를 위해 특별히 제작된 대검. 수수한 외형과 다르게 만만치 않은 전투력이 잠재되어 있다,ko-KR
The origin of universal genesis. A Rectifier designed for novice Resonators. Contains a power not to be underestimated under its simple outlook.,초보 공명자를 위해 특별히 제작된 증폭기. 수수한 외형과 다르게 만만치 않은 전투력이 잠재되어 있다,ko-KR
"The surging tides force the crown of thorns upon the knight, out of which the knight forges this sword.
Unburdened by the crown, the knight waded through the roaring waves unwaveringly.","파도는 기사에게 운명의 면류관을 씌우려 했지만, 기사는 면류관을 검 안에 봉인해버렸다.
면류관은 기사를 속박할 수 없었고, 파도는 기사의 발걸음을 막지 못했다",ko-KR
"These gauntlets are designed specifically for training and teaching, offering only the basic features.",훈련과 교육에 사용되는 권갑. 기본적인 기능만 있다,ko-KR
"These pistols are designed specifically for training and teaching, offering only the basic features.",훈련과 교육에 사용되는 권총. 기본적인 기능만 있다,ko-KR
"This broadblade is designed specifically for training and teaching, offering only the basic features.",훈련과 교육에 사용되는 대검. 기본적인 기능만 있다,ko-KR
"This rectifier is designed specifically for training and teaching, offering only the basic features.",훈련과 교육에 사용되는 증폭기. 기본적인 기능만 있다,ko-KR
"This sword is designed specifically for training and teaching, offering only the basic features.",훈련과 교육에 사용되는 직검. 기본적인 기능만 있다,ko-KR
"This weapon is a testament to the unbreakable blood pact: One shall never betray, never surrender, and fight until the last drop of blood is shed.","이것이 바로 혈맹의 증거다——마지막 한 방울의 피가 마를 때까지 절대 배신하지 않으며, 포기하지도 않는다",ko-KR
Thousandfold Deliverance,수많은 인도,ko-KR
Thread of Fate,생명의 현,ko-KR
"Thunder shall purge her pain and weakness. From the crucible of blood and sand, the Sun rises. Not dimmed by dust, but ablaze in her full radiance.",뇌전은 그녀의 옛 상처와 연약함을 씻어낼 것이다. 그 피와 모래로 만들어진 용광로에서 그녀는 더 이상 먼지가 아니라 찬란하고 눈부신 태양이 될 것이다,ko-KR
Thunderblaze Eminence,불타오른 권력,ko-KR
Thunderbolt,뇌전,ko-KR
Thunderflare Dominion,천둥벼락을 다스리는 권능,ko-KR
To Fire She Returns,불의 귀환,ko-KR
"To fishers, the sea is their field of harvest. Harvest means hope.","바다는 어민들에게 있어 농부의 밀밭과 같고, 수확이 많을수록 희망도 더 커진다",ko-KR
"Todo padrão pode ser observado. Todo fenômeno pode ser compreendido.
O ideal pode estar a anos-luz de distância, mas o caminho até ele está em suas próprias mãos.","모든 법칙은 관측 가능하고, 모든 현상은 해석 가능하다.
수만 광년 너머에 있는 이상에, 두 손이 닿을 수 있듯이",ko-KR
"Toma el Rectificador congelado, una herramienta poderosa imbuida con la energía del lago celestial. Deja que te guíe hacia el conocimiento supremo y que venza todos los obstáculos en tu camino.",감지 — 차가운 매트릭스를 통해 마치 하늘과 땅을 둘러싸고 있는 호수를 만지는 듯한 느낌이 든다. 모든 답을 찾을 수 있도록 안내하는 이 증폭기를 사용하면 진실 추구를 방해하는 모든 적을 처치할 수 있다,ko-KR
Tonnerre,뇌전,ko-KR
Toque Gracioso,자유의 선율,ko-KR
Toque grácil,자유의 선율,ko-KR
Tourbillons vastes,무한의 소용돌이,ko-KR
Trace d'automne,가을의 무늬,ko-KR
Tragi-comédie,희비극,ko-KR
Tragicomedia,희비극,ko-KR
Tragicomedy,희비극,ko-KR
Tragicomédia,희비극,ko-KR
Tragikomödie,희비극,ko-KR
Training Broadblade,견습용 대검,ko-KR
Training Gauntlets,견습용 권갑,ko-KR
Training Pistols,견습용 권총,ko-KR
Training Rectifier,견습용 증폭기,ko-KR
Training Sword,견습용 직검,ko-KR
Trainings-Armpanzerung,견습용 권갑,ko-KR
Trainings-Breitschwert,견습용 대검,ko-KR
Trainings-Schwert,견습용 직검,ko-KR
Trainingsgleichrichter,견습용 증폭기,ko-KR
Trainingspistolen,견습용 권총,ko-KR
Traitement d'urgence,응급 치료,ko-KR
Traverser,기나긴 여정,ko-KR
Treue,일편단심,ko-KR
Triomphe,승리의 노래,ko-KR
Trituracráneos,스컬 스래셔,ko-KR
Triumph,승리의 노래,ko-KR
Triunfo,승리의 노래,ko-KR
Trovoada,뇌전,ko-KR
Trueno de la corona,천둥벼락을 다스리는 권능,ko-KR
Tyro Broadblade,태초의 대검,ko-KR
Tyro Gauntlets,태초의 권갑,ko-KR
Tyro Pistols,태초의 권총,ko-KR
Tyro Rectifier,태초의 증폭기,ko-KR
Tyro Sword,태초의 직검,ko-KR
Tyro-Armpanzerung,태초의 권갑,ko-KR
Tyro-Breitschwert,태초의 대검,ko-KR
Tyro-Gleichrichter,태초의 증폭기,ko-KR
Tyro-Pistolen,태초의 권총,ko-KR
Tyro-Schwert,태초의 직검,ko-KR
Ultraschall-Felsbrecher,초음파·파괴,ko-KR
Ultraschall-Matrix,초음파·매트릭스,ko-KR
Ultraschall-Rasierer,초음파·칼날,ko-KR
Ultraschall-Roscoe,초음파·룰렛,ko-KR
Ultraschall-Urteil,초음파·심판,ko-KR
Ultrasonic Judgement,초음파·심판,ko-KR
Ultrasonic Matrix,초음파·매트릭스,ko-KR
Ultrasonic Razor,초음파·칼날,ko-KR
Ultrasonic Rockbreaker,초음파·파괴,ko-KR
Ultrasonic Roscoe,초음파·룰렛,ko-KR
"Um adágio descendente. Estas manoplas pulsam com o poder de ondas crescentes, destruindo tudo em seu caminho como um hino mortal.",권갑을 감싸고 내려가듯 거센 파도가 울부짖으며 격노하니 웅장한 교향곡이 시작된다,ko-KR
Um adágio descendente. Este espadão domina o campo de batalha com o poder da dissonância. A cortina nunca cai sobre uma obra-prima.,악보의 주파수를 영감으로 제작한 대검. 음계가 내려앉은 칼을 들면 굉음의 힘으로 전장을 지배한다. 걸작은 영원히 막을 내리지 않는다,ko-KR
"Um adágio descendente. Este retificador abre uma janela perspicaz para a situação, mudando a melodia do intenso concerto de batalha.",공명이 내려앉는 무기를 손에 쥐고 모든 것을 꿰뚫어 전략을 찾으니 협주의 변화가 일어난다,ko-KR
"Um crescendo ascendente. Esta espada encantadora corta sem esforço qualquer coisa em seu caminho, como um prelúdio glorioso.",악보의 주파수를 영감으로 제작한 직검. 음계가 올라간 검을 손에 쥐면 아름다운 소리로 화려한 서곡을 작곡할 수 있다,ko-KR
"Um crescendo ascendente. Estas pistolas disparam balas com a força do trovão, rasgando os céus como uma sinfonia de destruição.",음계가 상승한 권총을 손에 쥐면 파공의 기세로 하늘을 찌르며 절묘한 악장을 연출한다,ko-KR
Um par de manoplas pesadas e fortes com grande confiabilidade. Pode liberar um poder destrutivo para desferir golpes fatais quando equipadas por usuários proficientes.,"무겁고 거칠지만 믿음직스럽게 견고한 권갑, 숙련된 사용자의 손에 착용하면 치명적인 타격을 가할 수 있는 파괴력을 발휘한다",ko-KR
Um par de pistolas conhecidas por seu forte poder de fogo. Uma convicção apaixonada surgirá quando o atirador segurar estas pistolas no campo de batalha.,"강력한 화력으로 유명한 권총로, 이 총을 들고 전쟁터에 나서면 가슴에서 격앙된 전의가 치솟는다",ko-KR
"Uma arma projetada para homenagear a camaradagem dos Patrulheiros da Meia-noite. “Roupas finas cedem às luas geladas, enquanto a armadura resiste ao frio das estrelas.”","야귀군을 위해 특별히 제작된 권갑. 야귀 전사의 전우에 대한 의리를 담고 있다.
한 시에서는 이를 「얇은 옷은 서리달의 추위 앞에 무릎을 굽히고, 권갑은 서리별의 추위를 감싸안는다.」라고 찬양한다",ko-KR
"Uma arma projetada para homenagear a coragem dos Patrulheiros da Meia-noite. “Mil ecos narram a guerra, enquanto os espíritos se erguem unidos em desfiladeiros ressonantes de bravura.”","야귀군을 위해 특별히 제작된 직검. 야귀 전사의 용감한 전진에 대한 신념을 담고 있다.
한 시에서는 이를 「전쟁을 알리는 북소리가 울려퍼지며, 전사들은 필사즉생의 각오로 협곡을 건넌다.」라고 찬양한다",ko-KR
"Uma arma projetada para homenagear a dedicação dos Patrulheiros da Meia-noite. “Que meu corpo arda, e que as chamas dancem para dissipar a névoa de todo mal.”","야귀군을 위해 특별히 제작된 권총. 야귀 전사의 사생결단에 대한 신념을 담고 있다.
한 시에서는 이를 「찬란한 세상의 빛을 위해, 이 한 몸 기꺼이 불태우리라!」라고 찬양한다",ko-KR
"Uma arma projetada para homenagear a prontidão dos Patrulheiros da Meia-noite. “O outono se desvanece em noites intermináveis, lâminas prontas brilham com força silenciosa.”","야귀군을 위해 특별히 제작된 대검. 야귀 전사의 꾸준한 양성에 대한 신념을 담고 있다.
한 시에서는 이를 「끝없이 긴 가을밤에, 서러운 바람이 쌩쌩 불고, 희미한 별빛 아래, 출정 준비를 마쳤다.」라고 찬양한다",ko-KR
"Uma arma projetada para homenagear a vigilante proteção dos Patrulheiros da Meia-noite de Jinzhou. “Lance seu olhar para o norte, onde a silhueta da cidade se desvanece, seus portões velados pela chuva tranquila.”","야귀군을 위해 특별히 제작된 증폭기. 야귀 전사의 금주 수호의 의지가 담겨있다.
한 시에서는 이를 「어두운 밤 자욱한 안개비가 흩날리고 있으니, 호성 황석령의 북쪽 하늘을 뒤덮는구나!」라고 찬양한다",ko-KR
"Uma espada de bênção reconhecida, pois contribuiu para inúmeros triunfos. “Que a vitória esteja com você.”","여러 차례 승리를 불러와 행운이 깃든 직검으로 인정받고 있다.
""그럼, 승리가 당신과 함께 하길""",ko-KR
"Uma projeção conceitual, manoplas transparentes como se fossem feitas de nada.
Em Sonúmia, a forma de uma arma é apenas uma miragem, enquanto seu propósito — uma ferramenta de guerra — permanece verdadeiro como sempre.","순수 개념적 투영, 마치 감지할 수 없는 투명한 권갑.
마음의 영역 중, 무기의 외형적 의미는 단지 표면에만 그칠 뿐, 진정한 핵심은 전투용 도구이다",ko-KR
"Uma projeção conceitual, um espadão transparente como se fosse feito de nada.
Em Sonúmia, a forma de uma arma é apenas uma miragem, enquanto seu propósito — uma ferramenta de guerra — permanece verdadeiro como sempre.","순수 개념적 투영, 마치 감지할 수 없는 투명한 대검.
마음의 영역 중, 무기의 외형적 의미는 단지 표면에만 그칠 뿐, 진정한 핵심은 전투용 도구이다",ko-KR
"Uma projeção conceitual, um retificador transparente como se fosse feito de nada.
Em Sonúmia, a forma de uma arma é apenas uma miragem, enquanto seu propósito — uma ferramenta de guerra — permanece verdadeiro como sempre.","순수 개념적 투영, 마치 감지할 수 없는 투명한 증폭기.
마음의 영역 중, 무기의 외형적 의미는 단지 표면에만 그칠 뿐, 진정한 핵심은 전투용 도구이다",ko-KR
"Uma projeção conceitual, uma espada transparente como se fosse feita de nada.
Em Sonúmia, a forma de uma arma é apenas uma miragem, enquanto seu propósito — uma ferramenta de guerra — permanece verdadeiro, como sempre.","순수 개념적 투영, 마치 감지할 수 없는 투명한 직검.
마음의 영역 중, 무기의 외형적 의미는 단지 표면에만 그칠 뿐, 진정한 핵심은 전투용 도구이다",ko-KR
"Uma projeção conceitual, uma pistola transparente como se fosse feita de nada.
Em Sonúmia, a forma de uma arma é apenas uma miragem, enquanto seu propósito — uma ferramenta de guerra — permanece verdadeiro como sempre.","순수 개념적 투영, 마치 감지할 수 없는 투명한 권총.
마음의 영역 중, 무기의 외형적 의미는 단지 표면에만 그칠 뿐, 진정한 핵심은 전투용 도구이다",ko-KR
"Uma projeção do Espadão - Eras de Colheita, adorável como flores de pessegueiro.
Com a chegada da primavera, a pérola temporal no punho se torna rosa, tingida pelas pétalas, como o coração de uma jovem em flor.","대검 · 태평성대의 개념적 투영, 마치 복숭아꽃처럼 아름답다.
봄바람이 사계절을 흔드니 검의 시간 옥구슬도 소녀의 마음처럼 꽃잎에 물들어 분홍빛이 되었다",ko-KR
"Uma técnica de forja pré-Lamento é usada, tornando o espadão leve e prático com seu corpo de aparência desajeitado. Sons de zumbido podem ser ouvidos quando o portador golpeia, como um sussurro de tempos imemoriais.",비명 전의 단조 기법을 이용하여 제작된 대검으로 외형과 다르게 상당히 가볍다. 휘두를 때마다 울리는 소리는 긴 세월을 가르는 듯 귓가에 속삭여 준다,ko-KR
"Uma versão melhorada de um modelo de espada produzida em massa desenvolvida em Huanglong. Com sua lâmina elegante e design minimalista, esta espada é exclusivamente criada para as mãos habilidosas de guerreiros experientes.","화서연구원이 이전의 원능 무기를 기반으로 개발한 첫 번째 실용적인 고성능 직검. 연구원의 과거와 발전을 대표하며, 오랫동안 새로운 상태가 유지된다",ko-KR
"Uma versão melhorada de um modelo de espadão produzido em massa desenvolvido em Huanglong. Com seu desempenho formidável e tecnologias inovadoras, este espadão carrega um peso que só pode ser manejado por guerreiros experientes.","화서연구원이 이전의 원능 무기를 기반으로 개발한 첫 번째 실용적인 고성능 대검. 연구원의 이성과 개방성을 대표하며, 매우 견고하여 파괴가 불가능하다",ko-KR
"Un Amplificateur utilisé pour l'entraînement et l'enseignement, il n'a que des fonctions basiques.",훈련과 교육에 사용되는 증폭기. 기본적인 기능만 있다,ko-KR
"Un Sabre utilisé pour l'entraînement et l'enseignement, il n'a que des fonctions basiques.",훈련과 교육에 사용되는 직검. 기본적인 기능만 있다,ko-KR
"Un adagio descendant. Ces gantelets pulsent avec la puissance des vagues déferlantes, pulvérisant comme un hymne mortel.",권갑을 감싸고 내려가듯 거센 파도가 울부짖으며 격노하니 웅장한 교향곡이 시작된다,ko-KR
"Un adagio descendant. Cet amplificatuer ouvre une fenêtre perspicace sur la situation, changeant le ton du concerto de bataille intense.",공명이 내려앉는 무기를 손에 쥐고 모든 것을 꿰뚫어 전략을 찾으니 협주의 변화가 일어난다,ko-KR
Un adagio descendant. Cette épée domine le champ de bataille avec le pouvoir de la discorde. Le rideau ne tombe jamais pour un chef-d'œuvre.,악보의 주파수를 영감으로 제작한 대검. 음계가 내려앉은 칼을 들면 굉음의 힘으로 전장을 지배한다. 걸작은 영원히 막을 내리지 않는다,ko-KR
Un adagio descendente. Esta espada ancha domina el campo de batalla con el poder de la disonancia. El telón nunca cae sobre una obra maestra.,악보의 주파수를 영감으로 제작한 대검. 음계가 내려앉은 칼을 들면 굉음의 힘으로 전장을 지배한다. 걸작은 영원히 막을 내리지 않는다,ko-KR
"Un adagio descendente. Este rectificador abre una ventana perspicaz en la situación, cambiando la melodía del intenso concierto de batalla.",공명이 내려앉는 무기를 손에 쥐고 모든 것을 꿰뚫어 전략을 찾으니 협주의 변화가 일어난다,ko-KR
"Un adagio descendente. Estos brazales pulsan con el poder de las olas en aumento, destrozando cualquier cosa en su camino como un himno mortal.",권갑을 감싸고 내려가듯 거센 파도가 울부짖으며 격노하니 웅장한 교향곡이 시작된다,ko-KR
"Un amplificateur spécialement conçu pour les résonateurs et résonatrices débutant(e)s. Son apparence est simple, mais il a une force de combat impressionnante.",초보 공명자를 위해 특별히 제작된 증폭기. 수수한 외형과 다르게 만만치 않은 전투력이 잠재되어 있다,ko-KR
"Un arma diseñada para conmemorar el valor de los Rangers de Medianoche. ""Un millar de ecos llevan la historia de la guerra, mientras los espíritus se unen en resonantes gargantas de valor.""","야귀군을 위해 특별히 제작된 직검. 야귀 전사의 용감한 전진에 대한 신념을 담고 있다.
한 시에서는 이를 「전쟁을 알리는 북소리가 울려퍼지며, 전사들은 필사즉생의 각오로 협곡을 건넌다.」라고 찬양한다",ko-KR
"Un arma diseñada para conmemorar la camaradería de los Rangers de Medianoche. ""Los ropajes delgados ceden a las lunas heladas, mientras que la armadura resiste el frío de las estrellas.""","야귀군을 위해 특별히 제작된 권갑. 야귀 전사의 전우에 대한 의리를 담고 있다.
한 시에서는 이를 「얇은 옷은 서리달의 추위 앞에 무릎을 굽히고, 권갑은 서리별의 추위를 감싸안는다.」라고 찬양한다",ko-KR
"Un arma diseñada para conmemorar la dedicación de los Rangers de Medianoche. ""Que mi cuerpo arda, las llamas bailan para desterrar la bruma de todo mal.""","야귀군을 위해 특별히 제작된 권총. 야귀 전사의 사생결단에 대한 신념을 담고 있다.
한 시에서는 이를 「찬란한 세상의 빛을 위해, 이 한 몸 기꺼이 불태우리라!」라고 찬양한다",ko-KR
"Un arma diseñada para conmemorar la preparación de los Rangers de Medianoche. ""El otoño se desvanece en noches interminables, las hojas preparadas brillan con un poder silencioso.""","야귀군을 위해 특별히 제작된 대검. 야귀 전사의 꾸준한 양성에 대한 신념을 담고 있다.
한 시에서는 이를 「끝없이 긴 가을밤에, 서러운 바람이 쌩쌩 불고, 희미한 별빛 아래, 출정 준비를 마쳤다.」라고 찬양한다",ko-KR
"Un arma diseñada para conmemorar la vigilante protección de los Rangers de Medianoche para Jinzhou. ""Dirige tu mirada hacia el norte, donde la silueta de la ciudad se desvanece, sus puertas veladas por la tranquila lluvia.""","야귀군을 위해 특별히 제작된 증폭기. 야귀 전사의 금주 수호의 의지가 담겨있다.
한 시에서는 이를 「어두운 밤 자욱한 안개비가 흩날리고 있으니, 호성 황석령의 북쪽 하늘을 뒤덮는구나!」라고 찬양한다",ko-KR
"Un crescendo ascendant. Ce sabre envoûtante tranche sans effort tout sur son passage, comme un glorieux prélude.",악보의 주파수를 영감으로 제작한 직검. 음계가 올라간 검을 손에 쥐면 아름다운 소리로 화려한 서곡을 작곡할 수 있다,ko-KR
"Un crescendo ascendant. Ces pistolets déchaînent des balles qui sont fortes comme le tonnerre, elles déchirent les cieux comme une symphonie de destruction.",음계가 상승한 권총을 손에 쥐면 파공의 기세로 하늘을 찌르며 절묘한 악장을 연출한다,ko-KR
"Un crescendo ascendente. Esta espada encantadora corta sin esfuerzo cualquier cosa en su camino, como un glorioso preludio.",악보의 주파수를 영감으로 제작한 직검. 음계가 올라간 검을 손에 쥐면 아름다운 소리로 화려한 서곡을 작곡할 수 있다,ko-KR
"Un crescendo ascendente. Estas pistolas desatan balas con la fuerza del trueno, desgarrando los cielos como una sinfonía de destrucción.",음계가 상승한 권총을 손에 쥐면 파공의 기세로 하늘을 찌르며 절묘한 악장을 연출한다,ko-KR
Un dispositif de projection qui vous permet de changer l'apparence de l'arme.,무기 외관을 변경할 수 있는 투영 도구,ko-KR
"Un dispositivo de anclaje utilizado por el Portero de Marfil para estabilizar la Somnolencia.
Después de que el Portero de marfil fue transformado en la forma de un gato blanco, la apariencia de este dispositivo también cambió...","화이트 게이트 수호자가 마음의 영역 안정을 시키는 데 사용하는 스테디 앵커이다.
화이트 게이트 수호자가 흰 고양이 형태로 변화된 후, 이 장치의 외형에도 변화가 발생했다...",ko-KR
Un dispositivo de proyección que permite cambiar el aspecto del arma.,무기 외관을 변경할 수 있는 투영 도구,ko-KR
"Un mandoble nacido del fenómeno aéreo. El herrero incorpora los sentimientos de presenciar la estrella alienígena en el arma, haciéndola parecer hueca y ligera, pero puede ejercer la gravedad invencible de la caída de la estrella.",공중에서의 기이한 현상으로 탄생한 대검. 제작자가 이상한 별을 목격한 느낌을 무기에 녹였다. 펀칭이 들어가 가볍게 보이지만 별이 떨어질 때 그만한 무적의 중력을 발휘한다,ko-KR
Un par de brazales pesados y fuertes con gran fiabilidad. Pueden desatar un poder destructivo para asestar golpes mortales cuando los usuarios proficientes los equipan.,"무겁고 거칠지만 믿음직스럽게 견고한 권갑, 숙련된 사용자의 손에 착용하면 치명적인 타격을 가할 수 있는 파괴력을 발휘한다",ko-KR
Un par de pistolas conocidas por su fuerte potencia de fuego. Una convicción apasionada surgirá cuando el tirador sostenga estas pistolas en el campo de batalla.,"강력한 화력으로 유명한 권총로, 이 총을 들고 전쟁터에 나서면 가슴에서 격앙된 전의가 치솟는다",ko-KR
Un sabre de bénédiction reconnue car il a contribué à d'innombrables triomphes. « Victoire à vous. »,"여러 차례 승리를 불러와 행운이 깃든 직검으로 인정받고 있다.
""그럼, 승리가 당신과 함께 하길""",ko-KR
"Una espada de bendición reconocida, ya que ha contribuido a innumerables triunfos. ""Que la victoria esté contigo.""","여러 차례 승리를 불러와 행운이 깃든 직검으로 인정받고 있다.
""그럼, 승리가 당신과 함께 하길""",ko-KR
"Una luz prismática danza entre sus dedos, arcos coloridos trazando senderos radiantes.
Cada pigmento converge veloz en dirección a su objetivo, alcanzando un cielo despejado donde nada escapa a su vista.","오색찬란한 빛이 손끝에서 춤추고, 눈부신 무지개가 빛의 궤적을 그린다.
넘쳐나는 모든 색이 한곳에 모이면, 언제나 멀리서 바라봤던 맑은 하늘에 마침내 그녀는 도착한다",ko-KR
"Una proyección conceptual de brazales transparentes como si estuvieran hechan de la nada.
En la Somnolencia, la forma de un arma no es más que un espejismo, pero su propósito como herramienta de guerra sigue siendo el mismo.","순수 개념적 투영, 마치 감지할 수 없는 투명한 권갑.
마음의 영역 중, 무기의 외형적 의미는 단지 표면에만 그칠 뿐, 진정한 핵심은 전투용 도구이다",ko-KR
"Una proyección conceptual de pistolas transparentes como si estuvieran hechan de la nada.
En la Somnolencia, la forma de un arma no es más que un espejismo, pero su propósito como herramienta de guerra sigue siendo el mismo.","순수 개념적 투영, 마치 감지할 수 없는 투명한 권총.
마음의 영역 중, 무기의 외형적 의미는 단지 표면에만 그칠 뿐, 진정한 핵심은 전투용 도구이다",ko-KR
"Una proyección conceptual de un Rectificador como si estuviera hecha de la nada.
En la Somnolencia, la forma de un arma no es más que un espejismo, pero su propósito como herramienta de guerra sigue siendo el mismo.","순수 개념적 투영, 마치 감지할 수 없는 투명한 증폭기.
마음의 영역 중, 무기의 외형적 의미는 단지 표면에만 그칠 뿐, 진정한 핵심은 전투용 도구이다",ko-KR
"Una proyección conceptual de un mandoble transparente como si estuviera hecha de la nada.
En la Somnolencia, la forma de un arma no es más que un espejismo, pero su propósito como herramienta de guerra sigue siendo el mismo.","순수 개념적 투영, 마치 감지할 수 없는 투명한 대검.
마음의 영역 중, 무기의 외형적 의미는 단지 표면에만 그칠 뿐, 진정한 핵심은 전투용 도구이다",ko-KR
"Una proyección conceptual de una espada como si estuviera hecha de la nada.
En la Somnolencia, la forma de un arma no es más que un espejismo, pero su propósito como herramienta de guerra sigue siendo el mismo.","순수 개념적 투영, 마치 감지할 수 없는 투명한 직검.
마음의 영역 중, 무기의 외형적 의미는 단지 표면에만 그칠 뿐, 진정한 핵심은 전투용 도구이다",ko-KR
"Una proyección del mandoble, Eras de cosecha, tan hermosa como los melocotones en flor.
Con la llegada de la primavera, la perla temporal en la empuñadura se tiñe de rosa bajo los pétalos, como el corazón de una joven en flor.","대검 · 태평성대의 개념적 투영, 마치 복숭아꽃처럼 아름답다.
봄바람이 사계절을 흔드니 검의 시간 옥구슬도 소녀의 마음처럼 꽃잎에 물들어 분홍빛이 되었다",ko-KR
Unaufhörliche Arie,끝없는 메아리,ko-KR
Unbegrenzter Ehrgeiz,웅대한 포부,ko-KR
Unbending,홀로 솟은 깃,ko-KR
Unbesiegbar,불굴의 권갑,ko-KR
Unbeugsam,홀로 솟은 깃,ko-KR
Underworld Requiem,진혼곡,ko-KR
Undying Flame,불멸의 성화,ko-KR
Undying Lonelamp,영원한 등불,ko-KR
"Une Epée utilisée pour l'entraînement et l'enseignement, elle n'a que des fonctions basiques.",훈련과 교육에 사용되는 대검. 기본적인 기능만 있다,ko-KR
"Une ancre autrefois équipée par le Concierge blanc pour stabiliser le Somnoire.
Cependant, elle a été transformée depuis que le Concierge blanc s'est transformé en chat blanc...","화이트 게이트 수호자가 마음의 영역 안정을 시키는 데 사용하는 스테디 앵커이다.
화이트 게이트 수호자가 흰 고양이 형태로 변화된 후, 이 장치의 외형에도 변화가 발생했다...",ko-KR
"Une arme conçue pour commémorer la camaraderie des Gardiens de minuit. « Les vêtements minces cèdent aux lunes glacées, tandis que l'armure résiste au froid des étoiles. »","야귀군을 위해 특별히 제작된 권갑. 야귀 전사의 전우에 대한 의리를 담고 있다.
한 시에서는 이를 「얇은 옷은 서리달의 추위 앞에 무릎을 굽히고, 권갑은 서리별의 추위를 감싸안는다.」라고 찬양한다",ko-KR
"Une arme conçue pour commémorer la protection vigilante des Gardiens de minuit pour Jinzhou. « Posez votre regard vers le nord, où la silhouette de la ville s'estompe, ses portes voilées par la pluie tranquille. »","야귀군을 위해 특별히 제작된 증폭기. 야귀 전사의 금주 수호의 의지가 담겨있다.
한 시에서는 이를 「어두운 밤 자욱한 안개비가 흩날리고 있으니, 호성 황석령의 북쪽 하늘을 뒤덮는구나!」라고 찬양한다",ko-KR
"Une arme conçue pour commémorer le courage des Gardiens de minuit. « Mille échos portent le récit de la guerre, alors que les esprits s'unissent dans des gorges résonnantes de bravoure. »","야귀군을 위해 특별히 제작된 직검. 야귀 전사의 용감한 전진에 대한 신념을 담고 있다.
한 시에서는 이를 「전쟁을 알리는 북소리가 울려퍼지며, 전사들은 필사즉생의 각오로 협곡을 건넌다.」라고 찬양한다",ko-KR
"Une arme conçue pour commémorer les travaux des Gardiens de minuit. « L'automne s'efface dans des nuits sans fin, les lames brillent de puissance silencieuse. »","야귀군을 위해 특별히 제작된 대검. 야귀 전사의 꾸준한 양성에 대한 신념을 담고 있다.
한 시에서는 이를 「끝없이 긴 가을밤에, 서러운 바람이 쌩쌩 불고, 희미한 별빛 아래, 출정 준비를 마쳤다.」라고 찬양한다",ko-KR
"Une arme pour commémorer le dévouement des Gardiens de minuit. « Que mon corps s'enflamme, que les flammes dansent pour dissiper le brouillard du mal. »","야귀군을 위해 특별히 제작된 권총. 야귀 전사의 사생결단에 대한 신념을 담고 있다.
한 시에서는 이를 「찬란한 세상의 빛을 위해, 이 한 몸 기꺼이 불태우리라!」라고 찬양한다",ko-KR
Une paire de gantelets conçus pour les résonateurs et résonatrices novices. Contient une puissance impresionnante malgré son apparence simple.,초보 공명자를 위해 특별히 제작된 권갑. 수수한 외형과 다르게 만만치 않은 전투력이 잠재되어 있다,ko-KR
Une paire de gantelets lourds et solides de grande fiabilité. Ils peuvent libérer une puissance destructrice pour infliger des coups mortels lorsqu'ils sont équipés par des utilisateurs compétents.,"무겁고 거칠지만 믿음직스럽게 견고한 권갑, 숙련된 사용자의 손에 착용하면 치명적인 타격을 가할 수 있는 파괴력을 발휘한다",ko-KR
"Une projection conceptuelle. Des gantelets comme s'ils étaient faits de rien.
Dans le Somnoire, la forme d'une arme n'est qu'un mirage, alors que sa nature en tant qu'instrument pour combattre reste inchangée.","순수 개념적 투영, 마치 감지할 수 없는 투명한 권갑.
마음의 영역 중, 무기의 외형적 의미는 단지 표면에만 그칠 뿐, 진정한 핵심은 전투용 도구이다",ko-KR
"Une projection conceptuelle. Des pistolets comme s'ils étaient faits de rien.
Dans le Somnoire, la forme d'une arme n'est qu'un mirage, alors que sa nature en tant qu'instrument pour combattre reste inchangée.","순수 개념적 투영, 마치 감지할 수 없는 투명한 권총.
마음의 영역 중, 무기의 외형적 의미는 단지 표면에만 그칠 뿐, 진정한 핵심은 전투용 도구이다",ko-KR
"Une projection conceptuelle. Un amplificateur transparent comme s'il était fait de rien.
Dans le Somnoire, la forme d'une arme n'est qu'un mirage, alors que sa nature en tant qu'instrument pour combattre reste inchangée.","순수 개념적 투영, 마치 감지할 수 없는 투명한 증폭기.
마음의 영역 중, 무기의 외형적 의미는 단지 표면에만 그칠 뿐, 진정한 핵심은 전투용 도구이다",ko-KR
"Une projection conceptuelle. Un sabre transparent comme s'il était fait de rien.
Dans le Somnoire, la forme d'une arme n'est qu'un mirage, alors que sa nature en tant qu'instrument pour combattre reste inchangée.","순수 개념적 투영, 마치 감지할 수 없는 투명한 직검.
마음의 영역 중, 무기의 외형적 의미는 단지 표면에만 그칠 뿐, 진정한 핵심은 전투용 도구이다",ko-KR
"Une projection conceptuelle. Une épée transparente comme si elle était faite de rien.
Dans le Somnoire, la forme d'une arme n'est qu'un mirage, alors que sa nature en tant qu'instrument pour combattre reste inchangée.","순수 개념적 투영, 마치 감지할 수 없는 투명한 대검.
마음의 영역 중, 무기의 외형적 의미는 단지 표면에만 그칠 뿐, 진정한 핵심은 전투용 도구이다",ko-KR
Unerschrockene ewige Nacht,장야의 불빛,ko-KR
Unerschütterliche Hymne,의연한 용사의 시,ko-KR
Unerschütterliche Tapferkeit,흔들리지 않는 용기,ko-KR
Unflickering Valor,흔들리지 않는 용기,ko-KR
Ungezügelter Hauch,자유의 바람,ko-KR
Unidad,동심,ko-KR
Unificado,공제,ko-KR
Unified,공제,ko-KR
Unity,동심,ko-KR
Universalismo,포용의 힘,ko-KR
União,동심,ko-KR
Unlimited Ambition,웅대한 포부,ko-KR
Unmatched Blade,고독한 칼날,ko-KR
Unnachgiebig,정면돌파,ko-KR
Unrestrained Breeze,자유의 바람,ko-KR
Unsterbliche Einsamkeitslampe,영원한 등불,ko-KR
Unsterbliche Flamme,불멸의 성화,ko-KR
Unstoppable,거침없는 기세,ko-KR
Unswerving Hymn,의연한 용사의 시,ko-KR
Unvergleichliche Klinge,고독한 칼날,ko-KR
Unyielding,정면돌파,ko-KR
"Upon taking damage, ATK increases by {0}% and DEF increases by {1}%, The effect lasts 10s and can stack up to 3.","피해를 입었을 경우 {0}%의 공격력과 {1}%의 방어력이 증가하고, 10초간 지속되며, 최대 3층 중첩이 가능하다",ko-KR
"Upon triggering Concerto Effect, Resonance Liberation DMG is increased by {0}% for 10s, stacking up to 2 times.","협주 이펙트 발생 시, 공명 해방 피해가 {0}% 증가하고, 10초간 지속되며, 최대 2층 중첩이 가능하다",ko-KR
"Upon using Resonance Liberation, ATK is increased by {0}% for 12s.","공명 해방 발동 후, 공격력이 {0}% 증가하며 12초간 지속된다",ko-KR
"Upon using Resonance Liberation, Basic Attack DMG and Heavy Attack DMG are increased by {0}% for 10s.","공명 해방 발동 후, 일반 공격과 강공격 피해가 {0}% 증가하며 10초간 지속된다",ko-KR
Usar Liberação de Ressonância aumenta o ATQ em {0} e concede {1} de bônus de Dano de ATQ Pesado por {2}s.,"공명 해방 발동 시, 공격력이 {0} 증가되고 강공격 피해 보너스가 {1} 증가되며 {2}초간 지속된다",ko-KR
Usar a Habilidade de Ressonância aumenta o ATQ em {0} e concede {0} de bônus de Dano de ATQ Básico por {1}s.,"공명 스킬 발동 시, 공격력과 일반 공격 피해 보너스가 {0} 증가되고 {1}초간 지속된다",ko-KR
Usar a Liberação de Ressonância aumenta o ATQ em {0} e concede {1} de Bônus de Dano de Liberação de Ressonância por {2}s.,"공명 해방 발동 시, 공격력이 {0} 증가되고 공명 해방 피해 보너스가 {1} 증가되며 {2}초간 지속된다",ko-KR
Valentia,필사의 결심,ko-KR
Valentía,필사의 결심,ko-KR
Valiance,필사의 결심,ko-KR
Valor inquebrantable,흔들리지 않는 용기,ko-KR
Vals enmascarado,허위의 왈츠,ko-KR
Valsa na Mascarada,허위의 왈츠,ko-KR
Valse en Masque,허위의 왈츠,ko-KR
Vanquish,재생,ko-KR
Variación,판타지 변주,ko-KR
Variation,판타지 변주,ko-KR
Variation fantastique,판타지 변주,ko-KR
Variação,판타지 변주,ko-KR
Vecteur de lucidité,통찰자,ko-KR
Vent libre,자유의 바람,ko-KR
Vento Pálido,칼날의 질풍,ko-KR
"Ventos cortantes e ondas furiosas, o mar devora tudo. Apenas uma lamparina solitária permanece acesa!","거센 바람이 미친 듯이 몰아치고, 사나운 파도가 하늘 높이 치솟는다. 바다가 모든 것을 삼켜버렸지만, 선등만이 흔들리지 않고 웃고 있다!",ko-KR
"Ventos cortantes e ondas furiosas, o mar devora tudo. Apenas uma lamparina solitária permanece acesa!
Avante! Rumo aos confins do mundo você navegará!","거센 바람이 미친 듯이 몰아치고, 사나운 파도가 하늘 높이 치솟는다. 바다가 모든 것을 삼켜버렸지만, 선등만이 흔들리지 않고 웃고 있다!
거침없이 나아가라! 세상의 끝을 보기 위해!",ko-KR
"Vents brûlants et vagues déferlantes, la mer dévore tout. Seule une lampe de bateau solitaire reste allumée !","거센 바람이 미친 듯이 몰아치고, 사나운 파도가 하늘 높이 치솟는다. 바다가 모든 것을 삼켜버렸지만, 선등만이 흔들리지 않고 웃고 있다!",ko-KR
"Verbesserte Version eines in Massenproduktion hergestellten Breitschwert-Modells, entwickelt in Huanglong. Mit seiner beeindruckenden Leistung und innovativen Technologien, kann dieses Breitschwert nur von erfahrenen Kriegern geführt werden.","화서연구원이 이전의 원능 무기를 기반으로 개발한 첫 번째 실용적인 고성능 대검. 연구원의 이성과 개방성을 대표하며, 매우 견고하여 파괴가 불가능하다",ko-KR
"Verbesserte Version eines in Serie produzierten Schwertmodells, entwickelt in Huanglong. Mit seiner schlanken Klinge und minimalistischem Design ist dieses Schwert exklusiv für die geschickten Hände erfahrener Krieger gefertigt.","화서연구원이 이전의 원능 무기를 기반으로 개발한 첫 번째 실용적인 고성능 직검. 연구원의 과거와 발전을 대표하며, 오랫동안 새로운 상태가 유지된다",ko-KR
Verdant Summit,청룡의 천장,ko-KR
Veredicto de ultrasonido,초음파·심판,ko-KR
Veredicto del destello,불빛의 심판,ko-KR
Veredito Ultrassônico,초음파·심판,ko-KR
Vereinigung,상성,ko-KR
Verity's Handle,팔방의 천추,ko-KR
Verjüngen,유합,ko-KR
Vers la mer des étoiles,별을 좇아서,ko-KR
Vers le Soleil,근일점,ko-KR
"Version améliorée d'un modèle d'épée de production de masse fabriquée à Huanglong. Avec ses performances impressionnantes et ses technologies innovantes, il faut qu'on soit expérimenté pour bien utiliser cette épée.","화서연구원이 이전의 원능 무기를 기반으로 개발한 첫 번째 실용적인 고성능 대검. 연구원의 이성과 개방성을 대표하며, 매우 견고하여 파괴가 불가능하다",ko-KR
"Version améliorée d'un modèle de sabre produit en série développé à Huanglong. Avec sa lame élégante et son design minimaliste, ce sabre est exclusivement conçu pour les mains habiles.","화서연구원이 이전의 원능 무기를 기반으로 개발한 첫 번째 실용적인 고성능 직검. 연구원의 과거와 발전을 대표하며, 오랫동안 새로운 상태가 유지된다",ko-KR
"Versión mejorada de un modelo de espada ancha de producción masiva desarrollado en Huanglong. Con su formidable rendimiento y tecnologías innovadoras, esta espada ancha lleva un peso que solo puede ser manejado por guerreros experimentados.","화서연구원이 이전의 원능 무기를 기반으로 개발한 첫 번째 실용적인 고성능 대검. 연구원의 이성과 개방성을 대표하며, 매우 견고하여 파괴가 불가능하다",ko-KR
"Versión mejorada de un modelo de espada de producción masiva desarrollado en Huanglong. Con su hoja elegante y diseño minimalista, esta espada está exclusivamente diseñada para las manos hábiles de los guerreros experimentados.","화서연구원이 이전의 원능 무기를 기반으로 개발한 첫 번째 실용적인 고성능 직검. 연구원의 과거와 발전을 대표하며, 오랫동안 새로운 상태가 유지된다",ko-KR
Versunkener Traum,가라앉은 꿈,ko-KR
Veteran,포용의 힘,ko-KR
Veterano,포용의 힘,ko-KR
Vibración,선율의 춤사위,ko-KR
Vibrance,선율의 춤사위,ko-KR
Vibração,선율의 춤사위,ko-KR
Vibração Harmoniosa,화음 공진,ko-KR
Vientos ardientes y olas que rompen: el mar devora todo a su paso. ¡Solo una solitaria lámpara de barco sigue encendida!,"거센 바람이 미친 듯이 몰아치고, 사나운 파도가 하늘 높이 치솟는다. 바다가 모든 것을 삼켜버렸지만, 선등만이 흔들리지 않고 웃고 있다!",ko-KR
"Vientos ardientes y olas que rompen: el mar devora todo a su paso. ¡Solo una solitaria lámpara de barco sigue encendida!
¡Adelante! ¡Hacia el borde del mundo navegarás!","거센 바람이 미친 듯이 몰아치고, 사나운 파도가 하늘 높이 치솟는다. 바다가 모든 것을 삼켜버렸지만, 선등만이 흔들리지 않고 웃고 있다!
거침없이 나아가라! 세상의 끝을 보기 위해!",ko-KR
Vif et joyeuse,선율의 춤사위,ko-KR
Visionario,통찰자,ko-KR
Vivace,칼날의 질풍,ko-KR
Voix céleste,천상의 음률,ko-KR
Voix de l'Abîme,심해의 메아리,ko-KR
Vorherbestimmt,천시의 끌림,ko-KR
Waffe,무기,ko-KR
Waffen der Test-Ausbruchsgruppe.,"오류 발생, 문의 사항이 있으실 경우 고객센터로 연락주시기 바랍니다",ko-KR
Waffen der Test-Ausbruchsgruppe.,테스트 돌파 그룹의 무기,ko-KR
Waffenprojektion,무기 투영,ko-KR
Wakeful Loner,홀로 깨어난 자,ko-KR
Waldarie,숲속의 아리아,ko-KR
Wallbreaker,불굴의 권갑,ko-KR
Waltz in Masquerade,허위의 왈츠,ko-KR
Walzer in der Maskerade,허위의 왈츠,ko-KR
Waning Redshift,멸망의 주파수,ko-KR
Weapon,무기,ko-KR
Weapon Projection,무기 투영,ko-KR
"Wenn Ausweichangriff freigesetzt wird, wird LP um {0} wiederhergestellt. Dieser Effekt kann {2}-mal alle {1}s ausgelöst werden.","회피 반격 발동 시, 자신의 HP가 {0} 회복되며, {1}초마다 {2}회 발생할 수 있다",ko-KR
"Wenn Intro-Skill eingesetzt wird, erhöht sich SCH-Bonus der Resonanzbefreiung um {0} für {1}s.","변주 스킬 발동 시, 자신의 공명 해방 피해 보너스가 {0} 증가하며, {1}초간 지속된다",ko-KR
"Wenn Intro-Skill eingesetzt wird, werden ANG und VTD jeweils um {0} und {1} für {2}s erhöht.","변주 스킬 발동 시, 자신의 공격력이 {0} 증가하고, 방어력이 {1} 증가하며, {2}초간 지속된다",ko-KR
"Wenn Intro-Skill eingesetzt wird, wird ANG des Anwenders um {0} und LP um {1} für {2}s erhöht.","변주 스킬 발동 시, 자신의 공격력이 {0} 증가하고, HP가 {1} 증가하며, {2}초간 지속된다",ko-KR
"Wenn Intro-Skill eingesetzt wird, wird ANG um {0} für {1}s erhöht.","변주 스킬 발동 시, 공격력이 {0} 증가하며, {1}초간 지속된다",ko-KR
"Wenn Intro-Skill eingesetzt wird, wird ANG um {0} für {1}s erhöht.","변주 스킬 발동 시, 자신의 공격력이 {0} 증가하며, {1}초간 지속된다",ko-KR
"Wenn Intro-Skill eingesetzt wird, wird LP um {0} wiederhergestellt. Dieser Effekt kann {2}-mal alle {1}s ausgelöst werden.","변주 스킬 발동 시, 자신의 HP가 {0} 회복되며, {1}초마다 {2}회 발생할 수 있다",ko-KR
"Wenn Intro-Skill eingesetzt wird, wird SCH-Bonus des Resonanzskills um {0} für {1}s erhöht.","변주 스킬 발동 시, 자신의 공명 스킬 피해 보너스가 {0} 증가하며, {1}초간 지속된다",ko-KR
"Wenn Resonanzskill eingesetzt wird, erhöht sich der SCH-Bonus der Resonanzbefreiung des Trägers um {0} für {1}s.","공명 스킬 발동 시, 자신의 공명 해방 피해 보너스가 {0} 증가하며, {1}초간 지속된다",ko-KR
"Wenn Resonanzskill eingesetzt wird, wird Concerto-Energie um {0} wiederhergestellt. Dieser Effekt kann einmal alle {1}s ausgelöst werden.","공명 스킬 발동 시, 협주 에너지 {0}pt를 회복하며, {1}초마다 {2}회 발생할 수 있다",ko-KR
"Wenn Resonanzskill eingesetzt wird, wird LP um {0} wiederhergestellt. Dieser Effekt kann {2}-mal alle {1}s ausgelöst werden.","공명 스킬 발동 시, 자신의 HP가 {0} 회복되며, {1}초마다 {2}회 발생할 수 있다",ko-KR
"Wenn Resonanzskill eingesetzt wird, wird Resonanzenergie um {0} wiederhergestellt. Dieser Effekt kann alle {1}s {2} Mal ausgelöst werden.","공명 스킬 발동 시, 공명 에너지 {0}pt를 회복하며, {1}초마다 {2}회 발생할 수 있다",ko-KR
"Wenn Resonanzskill eingesetzt wird, wird Resonanzenergie um {0} wiederhergestellt. Dieser Effekt kann {2}-mal alle {1}s ausgelöst werden.","공명 스킬 발동 시, 공명 에너지 {0}pt를 회복하고, {1}초마다 {2}회 발동할 수 있다",ko-KR
"Wenn Resonanzskill eingesetzt wird, wird Resonanzenergie um {0} wiederhergestellt. Dieser Effekt kann {2}-mal alle {1}s ausgelöst werden.","공명 스킬 발동 시, 공명 에너지 {0}pt를 회복하고, {1}초마다 {2}회 발생할 수 있다",ko-KR
"Wenn Resonanzskill eingesetzt wird, wird SCH-Bonus des Standardangriffs und Schweren Angriffs um {0} erhöht, stapelbar bis zu {1}-mal. Dieser Effekt hält {2}s an und kann {4}-mal alle {3}s ausgelöst werden.","공명 스킬 발동 시, 자신의 일반 공격 피해 보너스와 강공격 피해 보너스가 {0} 증가하고, 최대 {1}스택 중첩이 가능하며, {2}초간 지속된다. {3}초마다 {4}회 발생할 수 있다",ko-KR
"Wenn Schaden an Feinden verursacht wird, die von Abnormalen Effekten betroffen sind, erhöht sich der eigene ANG um {0} für {1} Sekunden. Dieser Effekt kann einmal pro Sekunde ausgelöst werden und bis zu {2}-mal gestapelt werden.","「이상 효과」가 있는 몬스터에게 피해를 입힐 시, 자신의 공격력이 {0} 증가하며, {1}초간 지속된다. 1초마다 1회 발생할 수 있으며, 최대 {2}스택 중첩이 가능하다",ko-KR
"Wenn der Träger sprint oder ausweicht, erhöht sich ANG um {0} für {1} s, stapelbar bis zu {2}-mal.","캐릭터가 돌진하거나 회피할 시, 공격력이 {0} 증가하고, {1}초간 지속되며, 최대 {2}스택 중첩이 가능하다",ko-KR
"Wenn die LP des Resonators unter {0} fällt, wird ANG vom Schweren Angriff um {1} erhöht und LP um {2} wiederhergestellt, wenn Schwerer Angriffs-SCH verursacht wird. Dieser Effekt kann {4}-mal alle {3}s ausgelöst werden.","HP가 {0} 이하일 경우, 강공격 피해 보너스가 {1} 증가하고, 강공격 피해를 입힐 때 현재 캐릭터의 HP가 {2} 회복되며, {3}초마다 {4}회 발생할 수 있다",ko-KR
Wenn ein Herz sich beruhigt,굳건한 의지,ko-KR
When A Heart Settles,굳건한 의지,ko-KR
"When Dodge Counter is cast, heals {0} of the Resonator's Max HP. This effect can be triggered {2} time(s) every {1}s.","회피 반격 발동 시, 자신의 HP가 {0} 회복되며, {1}초마다 {2}회 발생할 수 있다",ko-KR
"When Intro Skill is cast, heals {0} of the Resonator's Max HP. This effect can be triggered {2} time(s) every {1}s.","변주 스킬 발동 시, 자신의 HP가 {0} 회복되며, {1}초마다 {2}회 발생할 수 있다",ko-KR
"When Intro Skill is cast, increases ATK by {0} and DEF by {1}, lasting for {2}s.","변주 스킬 발동 시, 자신의 공격력이 {0} 증가하고, 방어력이 {1} 증가하며, {2}초간 지속된다",ko-KR
"When Intro Skill is cast, increases ATK by {0}, lasting for {1}s.","변주 스킬 발동 시, 공격력이 {0} 증가하며, {1} 초간 지속된다",ko-KR
"When Intro Skill is cast, increases ATK by {0}, lasting for {1}s.","변주 스킬 발동 시, 공격력이 {0} 증가하며, {1}초간 지속된다",ko-KR
"When Intro Skill is cast, increases ATK by {0}, lasting for {1}s.","변주 스킬 발동 시, 자신의 공격력이 {0} 증가하며, {1}초간 지속된다",ko-KR
"When Intro Skill is cast, increases Resonance Liberation DMG Bonus by {0}, lasting for {1}s.","변주 스킬 발동 시, 자신의 공명 해방 피해 보너스가 {0} 증가하며, {1}초간 지속된다",ko-KR
"When Intro Skill is cast, increases Resonance Skill DMG Bonus by {0} for {1}s.","변주 스킬 발동 시, 자신의 공명 스킬 피해 보너스가 {0} 증가하며, {1}초간 지속된다",ko-KR
"When Intro Skill is cast, restores {0} Concerto Energy. When Outro Skill is cast, restores {1} Resonance Energy.","변주 스킬 발동 시 협주 에너지 {0}pt를 회복하며, 반주 스킬 발동 시 공명 에너지 {1}pt를 회복한다",ko-KR
"When Resonance Liberation is cast, heals {0} of the Resonator's Max HP. This effect can be triggered {2} time(s) every {1}s.","공명 해방 발동 시, 자신의 HP가 {0} 회복되며, {1}초마다 {2}회 발생할 수 있다",ko-KR
"When Resonance Skill is cast, heals {0} of the Resonator's Max HP. This effect can be triggered {2} time(s) every {1}s.","공명 스킬 발동 시, 자신의 HP가 {0} 회복되며, {1}초마다 {2}회 발생할 수 있다",ko-KR
"When Resonance Skill is cast, increases Basic Attack DMG Bonus and Heavy Attack DMG Bonus by {0}, stacking up to {1} time(s). This effect lasts for {2}s and can be triggered {4} time(s) every {3}s.","공명 스킬 발동 시, 자신의 일반 공격 피해 보너스와 강공격 피해 보너스가 {0} 증가하고, 최대 {1}스택 중첩이 가능하며, {2}초간 지속된다. {3}초마다 {4}회 발생할 수 있다",ko-KR
"When Resonance Skill is cast, restores {0} Concerto Energy. This effect can be triggered {2} time(s) every {1}s.","공명 스킬 발동 시, 협주 에너지 {0}pt를 회복하며, {1}초마다 {2}회 발생할 수 있다",ko-KR
"When Resonance Skill is cast, restores {0} Concerto Energy. This effect can be triggered {2} times every {1}s.","공명 스킬 발동 시, 협주 에너지 {0}pt를 회복하며, {1}초마다 {2}회 발생할 수 있다",ko-KR
"When Resonance Skill is cast, restores {0} Resonance Energy. This effect can be triggered {2} time(s) every {1}s.","공명 스킬 발동 시, 공명 에너지 {0}pt를 회복하고, {1}초마다 {2}회 발동할 수 있다",ko-KR
"When Resonance Skill is cast, restores {0} Resonance Energy. This effect can be triggered {2} time(s) every {1}s.","공명 스킬 발동 시, 공명 에너지 {0}pt를 회복하고, {1}초마다 {2}회 발생할 수 있다",ko-KR
"When Resonance Skill is cast, restores {0} Resonance Energy. This effect can be triggered {2} time(s) every {1}s.","공명 스킬 발동 시, 공명 에너지 {0}pt를 회복하며, {1}초마다 {2}회 발생할 수 있다",ko-KR
"When dealing Basic Attack DMG or Heavy Attack DMG, increases Healing Bonus by {0}, stacking up to {2} time(s). This effect lasts for {1}s and can be triggered {4} time(s) every {3}s.","일반 공격이나 강공격을 사용하여 피해를 입힐 경우, 치료 효과 보너스가 {0} 증가하고, {1}초간 지속되며, 최대 {2}스택 중첩이 가능하며, {3}초마다 {4}회 발생할 수 있다",ko-KR
"When dealing Basic Attack DMG, heals {0} of the Resonator's Max HP. This effect can be triggered {2} time(s) every {1}s.","일반 공격을 사용하여 피해를 입힐 경우, 자신의 HP가 {0} 회복되며, {1}초마다 {2}회 발생할 수 있다",ko-KR
"When receiving damage, ATK is increased by {0}% and DEF by {1}% for 10s. Can be stacked up to 3 times.",피해를 입었을 경우 {0}% 공격력과 {1}%의 방어력이 증가하고 10초간 지속되며 3층까지 중첩된다,ko-KR
"When the Resonator dashes or dodges, increases ATK by {0}, stacking up to {2} time(s). This effect lasts for {1}s.","캐릭터가 돌진하거나 회피할 시, 공격력이 {0} 증가하고, {1}초간 지속되며, 최대 {2}스택 중첩이 가능하다",ko-KR
"When the Resonator's HP drops below {0}, increases Heavy Attack DMG Bonus by {1} and gives {2} healing when dealing Heavy Attack DMG. This effect can be triggered {4} time(s) every {3}s.","HP가 {0} 이하일 경우, 강공격 피해 보너스가 {1} 증가하고, 강공격 피해를 입힐 때 현재 캐릭터의 HP가 {2} 회복되며, {3}초마다 {4}회 발생할 수 있다",ko-KR
Whispers of Sirens,바다의 속삭임,ko-KR
"Wie scharf muss das Schwert sein, um diese unbarmherzige Nacht zu durchdringen?
Sie drängt weiter vorwärts auf die Antwort, während die ungebundenen Wünsche in ihren Adern toben.","얼마나 날카로운 칼이어야, 이 끝없는 밤을 단숨에 가를 수 있을까?
그녀는 답을 찾으며 앞으로 나아간다. 기댈 곳 없이 부서진 소원들은 그녀의 피에 스며들어 타오른다",ko-KR
Wiederbeleben,재생,ko-KR
Wiederbelebung,성장의 속도,ko-KR
Wildfire Mark,불길,ko-KR
"Wirkt der Träger den Resonanzskill, erhöhen sich sein eigener ANG und Standardangriffsschaden um {0} für {1} Sek.","공명 스킬 발동 시, 공격력과 일반 공격 피해 보너스가 {0} 증가되고 {1}초간 지속된다",ko-KR
Wolkenglanz,옥빛 구름,ko-KR
Woodland Aria,숲속의 아리아,ko-KR
Wächter,전사의 충정,ko-KR
Wächter-Armpanzerung,수호자의 권갑 · 강력,ko-KR
Wächter-Breitschwert,수호자의 대검 · 근성,ko-KR
Wächter-Gleichrichter,수호자의 증폭기 · 모략,ko-KR
Wächter-Pistolen,수호자의 권총 · 용맹,ko-KR
Wächter-Schwert,수호자의 직검 · 기민,ko-KR
Zeal,전투의 의지,ko-KR
Zeitalter der Ernte,태평성대,ko-KR
Zelo,전투의 의지,ko-KR
Zurück zum Feuer,불의 귀환,ko-KR
Zénith doré,금빛 하늘,ko-KR
Zênite Áureo,금빛 하늘,ko-KR
arme de test,테스트 무기,ko-KR
attack boost {0}%.,공격력 {0}% 증가,ko-KR
attack boost {0}%.,"오류 발생, 문의 사항이 있으실 경우 고객센터로 연락주시기 바랍니다",ko-KR
attaque augmenté de {0}%.,"오류 발생, 문의 사항이 있으실 경우 고객센터로 연락주시기 바랍니다",ko-KR
augmentation de l'attaque {0}%.,공격력 {0}% 증가,ko-KR
augmentation de l'attaque {0}%.,"오류 발생, 문의 사항이 있으실 경우 고객센터로 연락주시기 바랍니다",ko-KR
les armes du groupe d'essai/de test.,"오류 발생, 문의 사항이 있으실 경우 고객센터로 연락주시기 바랍니다",ko-KR
les armes du groupe d'essai/de test.,테스트 돌파 그룹의 무기,ko-KR
prueba/Aumento de ataque {0}%.,공격력 {0}% 증가,ko-KR
prueba/Aumento de ataque {0}%.,"오류 발생, 문의 사항이 있으실 경우 고객센터로 연락주시기 바랍니다",ko-KR
prueba/prueba de arma,테스트 무기,ko-KR
prueba/serie de espada corta T4-5Jinzhou+,T4-5금주+시리즈 단검,ko-KR
test breakout group's weapons.,"오류 발생, 문의 사항이 있으실 경우 고객센터로 연락주시기 바랍니다",ko-KR
test breakout group's weapons.,테스트 돌파 그룹의 무기,ko-KR
test weapon,테스트 무기,ko-KR
travail difficile,각고의 힘,ko-KR
¡Miau!,냐앙!,ko-KR
"« Ô grâce de la Sentinelle, ta douceur nous étreint. Par sa bonté, notre foyer perdu est retrouvé. Le bec chargé de brindilles, j'affronte les flots sans crainte. Par l'amour uni, nous sommes couronnés de lumière sacrée. »","「자애로운 수호신의 은혜 덕분에, 새 보금자리를 찾게 되었다. 사랑으로 단결을 이뤄 파도를 헤치니, 마침내 신성한 광채가 면류관으로 변했다」",ko-KR
"«La gracia del Centinela, cuán dulce es. Nuestro hogar, perdido por un tiempo, finalmente ha sido hallado. Con ramas en mi pico, piso las olas. Unidos por amor, nos coronamos con la luz sagrada».","「자애로운 수호신의 은혜 덕분에, 새 보금자리를 찾게 되었다. 사랑으로 단결을 이뤄 파도를 헤치니, 마침내 신성한 광채가 면류관으로 변했다」",ko-KR
"¿Cómo de afilada debe ser una hoja capaz de rasgar una noche sin alba?
Ella avanza inexorable, al tiempo que inquietos deseos quedan reducidos a polvo. Este fluye por sus venas, abrasándolas.","얼마나 날카로운 칼이어야, 이 끝없는 밤을 단숨에 가를 수 있을까?
그녀는 답을 찾으며 앞으로 나아간다. 기댈 곳 없이 부서진 소원들은 그녀의 피에 스며들어 타오른다",ko-KR
Ária Incessante,끝없는 메아리,ko-KR
Âncora de Sonúmia,마음의 닻,ko-KR
"Âncora uma usada pelo Guardião de Marfim para estabilizar Sonúmia.
No entanto, agora parece diferente desde que o Guardião de Marfim se transformou em um gato branco...","화이트 게이트 수호자가 마음의 영역 안정을 시키는 데 사용하는 스테디 앵커이다.
화이트 게이트 수호자가 흰 고양이 형태로 변화된 후, 이 장치의 외형에도 변화가 발생했다...",ko-KR
Ätherschlag,거침없는 비상,ko-KR
Échine de l'aube,한낮의 의지,ko-KR
Éclat ardent,눈부신 불빛,ko-KR
Éclat de Nova,천공의 순간,ko-KR
Éclateur spectral,스펙트럼 블래스터,ko-KR
Élégie de Léthé,잊혀진 피안의 슬픈 악장,ko-KR
Émeraude éternelle,천년의 회류,ko-KR
Éminence fulminante,불타오른 권력,ko-KR
Épine de l'insoumise,숙명에 맞서는 관,ko-KR
Éterion,기묘한 울림,ko-KR
Étoile naine forgée,위조된 작은별,ko-KR
Évolution Astrale,뭇별의 법칙,ko-KR
Último baile,죽음과 춤,ko-KR
Über den Zyklus hinweg,시작과 끝,ko-KR
épreuve 1 - épée courte,테스트1-단검,ko-KR
กระตือรือร้น,전투의 의지,ko-KR
กวีสรรเสริญผู้สร้าง,단결자의 찬가,ko-KR
การฟื้นฟูพลังงานเพิ่มขึ้น {0} เมื่อใช้สกิลเรโซแนนซ์ ATK จะเพิ่มขึ้น {1} สามารถซ้อนทับได้ {2} ชั้น และมีผลต่อเนื่อง {3} วินาที,"공명 효율 {0} 증가. 공명 스킬 발동 시, 공격력이 {1} 증가하고, 최대 {2}스택 중첩이 가능하며, {3}초간 지속된다",ko-KR
การฟื้นฟูพลังงานเพิ่มขึ้น {0} เมื่อใช้สกิลเรโซแนนซ์ โบนัสความเสียหายปลดปล่อยเรโซแนนซ์เพิ่มขึ้น {1} สามารถซ้อนทับได้ {2} ชั้น และมีผลต่อเนื่อง {3} วินาที,"공명 효율 {0} 증가. 공명 스킬 발동 시, 공명 해방 피해 보너스가 {1} 증가하고, 최대 {2}스택 중첩이 가능하며, {3}초간 지속된다",ko-KR
การฟื้นฟูพลังงานเพิ่มขึ้น {0} เมื่อใช้สกิลเอาท์โทร ATK ของเรโซเนเตอร์ที่ลงสนามจะเพิ่มขึ้น {1} สามารถซ้อนทับได้ {2} ชั้น และมีผลต่อเนื่อง {3} วินาที,"공명 효율이 {0} 증가한다. 반주 스킬 발동 후, 등장 캐릭터의 공격력이 {1} 증가하고, 최대 {2}스택 중첩이 가능하며, {3}초간 지속된다",ko-KR
กิ่งหยกผกาหิมะ,옥수 비단,ko-KR
ของขวัญแห่งท้องทะเล,바다의 선물,ko-KR
ขับกล่อม,칼의 울림,ko-KR
คมดาบว่องไว,칼날의 질풍,ko-KR
คมวสันต์,날카로운 봄,ko-KR
คมเกินต้าน,거침없는 기세,ko-KR
คมไผ่,푸른 의지,ko-KR
คลื่นแห่งห้วงนรก,물결의 파동,ko-KR
ควันแห่งการหยุดนิ่ง,부동의 안개,ko-KR
"ความตายคือความจริงที่ไม่อาจเปลี่ยนแปลง เมื่อเป็นเช่นนั้น ก็ไม่มีอะไรต้องลังเลอีกแล้ว
เธอเหนี่ยวไกปืน เพื่อทำลายความฝันที่เคยยึดมั่นด้วยมือของเธอเอง","죽었다는 사실을 바꿀 수 없다면, 망설일 이유는 없다.
그녀는 방아쇠를 당겨 자신의 꿈을 직접 파괴한다",ko-KR
ความยืดหยุ่นที่ประจักษ์,강유병존,ko-KR
ความยุติธรรมอันโชติช่วง,불빛의 심판,ko-KR
ความสุขทุกข์ในโลกมนุษย์เปลี่ยนแปลงไม่มีที่สิ้นสุด ความเจ็บปวดเพียงชั่วครู่ก็เปลี่ยนแปลงเป็นงานรื่นเริง,슬픔과 기쁨이 끝없이 반복되는 인간 세상에서는 고통도 순식간에 카니발로 바뀌게 된다,ko-KR
คาเดนซา,화려한 악곡,ko-KR
คำสาบานแห่งผู้ล่าเกลียวคลื่น,흑조(黑潮) 사냥의 맹세,ko-KR
คืนชีพ,재생,ko-KR
คืนนิรันดร์เหี้ยมหาญ,장야의 불빛,ko-KR
คุโมะคิริ,쿠모키리(曇斬),ko-KR
จงรักภักดี,일편단심,ko-KR
จรดนภาไร้กิ่งก้าน,홀로 솟은 깃,ko-KR
จรดแสงดาว,별을 좇아서,ko-KR
จังหวะแห่งสวรรค์,천시의 끌림,ko-KR
จันทราทอแสง,만물을 연결하는 달,ko-KR
จับปลา,어획,ko-KR
จากใต้ห้วงสมุทร,바닷속에서,ko-KR
จารึกเสี้ยวทัศนา,프리즈 프레임,ko-KR
จำกัดความ,운명의 해답,ko-KR
จุลดาราจำแลง,위조된 작은별,ko-KR
จ้องมองให้ชัด - ในความเฉียบคมแห่งใบมีด ราวกับได้เห็นสายลมที่พัดโชยมา และผืนน้ำอันไร้ที่สิ้นสุดนั้นก็ส่องแสงประกายเยือกเย็น เมื่อฟันดาบใหญ่เล่มนี้อย่างลืมตัวทั้งหมด ก็จะรู้สึกได้ถึงพลังงานที่กักเก็บอยู่ในตัวดาบอันแจ่มใสราวกับน้ำ,집중 — 날카로운 칼날의 끝부분을 통해 마치 갑자기 불어오는 산들바람과 함께 끝없는 호수가 차가운 은빛 비늘처럼 반짝거리는 모습을 보는 것 같다. 이 대검을 휘둘러 무아의 경지에 이르면 샘물처럼 맑은 칼날 속에 축적된 에너지를 느낄 수 있다,ko-KR
"ฉันไม่ได้อยู่ที่นั่น และก็ไม่ได้ตายไปด้วย
ฉันจะเดินตามความตาย ใช้ความสุขสนุกปกปิดความกลัว ใช้อนาคตแลกเปลี่ยนกับอดีต","나는 그곳에 있지 않아. 게다가 아직 살아있어.
난 죽음을 쫓으며 쾌락으로 공포를 가리고 미래로 과거를 맞바꿀 거야",ko-KR
ชัยชนะ,승리의 노래,ko-KR
ซิมโฟนีดวงดารา,뭇별의 교향곡,ko-KR
ดาบ #18,18형 직검 · 순간의 칼빛,ko-KR
ดาบจันทรา,상승의 서녘,ko-KR
ดาบที่ถือกำเนิดจากปรากฏการณ์บนท้องฟ้าช่างตีเหล็กได้หลอมรวมความรู้สึกจากการพบเห็นดาวตกไว้ในอาวุธ ทำให้มันดูโปร่งเบาแต่สามารถปลดปล่อยพลังหนักดุจดาวฤกษ์ร่วงได้,공중에서의 기이한 현상으로 탄생한 대검. 제작자가 이상한 별을 목격한 느낌을 무기에 녹였다. 펀칭이 들어가 가볍게 보이지만 별이 떨어질 때 그만한 무적의 중력을 발휘한다,ko-KR
ดาบที่สร้างขึ้นด้วยแรงบันดาลใจจากความถี่ของโน้ตเพลง เมื่อบันไดเสียงไล่จากต่ำสู่สูง กุมดาบเล่มนี้ไว้ในมือ บรรเลงทำนองไพเราะเพื่อเขียนบทเพลงอันงดงามตระการตา,악보의 주파수를 영감으로 제작한 직검. 음계가 올라간 검을 손에 쥐면 아름다운 소리로 화려한 서곡을 작곡할 수 있다,ko-KR
"ดาบที่สร้างขึ้นเพื่อรำลึกถึงการไม่หยุดยั้งของเหล่านักรบมิดไนท์เรนเจอร์ มีบทกวีสรรเสริญไว้ว่า ""เสียงสะท้อนนับพันร้อยเรียงเรื่องราวแห่งสงคราม ดั่งจิตวิญญาณรวมใจในหุบเขาอันเกรียงไกร""","야귀군을 위해 특별히 제작된 직검. 야귀 전사의 용감한 전진에 대한 신념을 담고 있다.
한 시에서는 이를 「전쟁을 알리는 북소리가 울려퍼지며, 전사들은 필사즉생의 각오로 협곡을 건넌다.」라고 찬양한다",ko-KR
ดาบที่ออกแบบพิเศษสำหรับเรโซเนเตอร์มือใหม่ ภายใต้รูปลักษณ์เรียบง่ายและไม่ฉูดฉาด กลับซ่อนไว้ซึ่งพลังต่อสู้ที่มิอาจเหยียดหยามได้,초보 공명자를 위해 특별히 제작된 직검. 수수한 외형과 다르게 만만치 않은 전투력이 잠재되어 있다,ko-KR
ดาบที่ใช้ในการฝึกฝนและการสอน มีเพียงฟังก์ชันพื้นฐานเท่านั้น,훈련과 교육에 사용되는 직검. 기본적인 기능만 있다,ko-KR
ดาบนักเดินทาง,수행자의 직검 · 행적,ko-KR
ดาบนำโชคที่ได้รับการยอมรับว่าคุ้มครองพรจากเทพ เนื่องจากเคยติดตามนักรบกลับมาชัยชนะมาหลายครั้ง ดังนั้นขอให้ชัยชนะอยู่กับท่าน,"여러 차례 승리를 불러와 행운이 깃든 직검으로 인정받고 있다.
""그럼, 승리가 당신과 함께 하길""",ko-KR
ดาบประกายแสง,천공의 광경,ko-KR
ดาบประสิทธิภาพสูงที่มีประโยชน์ใช้สอยอย่างแท้จริงเล่มแรก คือผลงานที่สถาบันหัวซวีปรับปรุงและคิดค้นอย่างอิสระบนพื้นฐานอาวุธออริจิไนท์ที่มีมาก่อน ซึ่งเป็นตัวแทนของอดีตและการพัฒนาของสถาบัน ยิ่งนานยิ่งใหม่,"화서연구원이 이전의 원능 무기를 기반으로 개발한 첫 번째 실용적인 고성능 직검. 연구원의 과거와 발전을 대표하며, 오랫동안 새로운 상태가 유지된다",ko-KR
ดาบผู้พิทักษ์,수호자의 직검 · 기민,ko-KR
ดาบฝึกซ้อม,견습용 직검,ko-KR
ดาบมือใหม่,태초의 직검,ko-KR
ดาบรัตติกาล,흑야의 직검 · 흑뢰,ko-KR
"ดาบเล่มหนึ่งต้องคมกล้าเพียงใด จึงจะกรีดฝ่าราตรีกาลอันไร้สิ้นสุดนี้ได้?
เธอย่างก้าวไปข้างหน้าเพื่อไขว่คว้าหาคำตอบ คำอธิษฐานอันเลื่อนลอยไร้ที่ยึดเหนี่ยวเหล่านั้น ล้วนถูกแผดเผาจนแหลกสลายและหลั่งไหลอยู่ในสายเลือดของเธอ","얼마나 날카로운 칼이어야, 이 끝없는 밤을 단숨에 가를 수 있을까?
그녀는 답을 찾으며 앞으로 나아간다. 기댈 곳 없이 부서진 소원들은 그녀의 피에 스며들어 타오른다",ko-KR
ดาบเฮลิออส,저무는 동녘,ko-KR
ดาบใหญ่ #41,41형 대검 · 무거운 책임,ko-KR
ดาบใหญ่ที่สร้างขึ้นด้วยแรงบันดาลใจจากความถี่ของโน้ตเพลง เมื่อบันไดเสียงลดต่ำลง การกุมดาบเล่มนี้ไว้นับว่าเป็นการนำพาพลังแห่งสำเนียงพิสดารมาซึ่งการชี้นำสนามรบ งานชิ้นเอกย่อมไม่มีวันลาลับ,악보의 주파수를 영감으로 제작한 대검. 음계가 내려앉은 칼을 들면 굉음의 힘으로 전장을 지배한다. 걸작은 영원히 막을 내리지 않는다,ko-KR
"ดาบใหญ่ที่สร้างขึ้นเพื่อรำลึกถึงทหารมิดไนท์เรนเจอร์ที่เตรียมพร้อมอยู่เสมอ มีบทกวีสรรเสริญว่า ""คืนอันยาวหนาวเหน็บและเงียบสงัด ใต้แสงดาวระยิบระยับคือผู้แบกภาระอันใหญ่หลวง""","야귀군을 위해 특별히 제작된 대검. 야귀 전사의 꾸준한 양성에 대한 신념을 담고 있다.
한 시에서는 이를 「끝없이 긴 가을밤에, 서러운 바람이 쌩쌩 불고, 희미한 별빛 아래, 출정 준비를 마쳤다.」라고 찬양한다",ko-KR
ดาบใหญ่ที่ออกแบบพิเศษสำหรับเรโซเนเตอร์มือใหม่ ภายใต้รูปลักษณ์เรียบง่ายและไม่ฉูดฉาด กลับซ่อนไว้ซึ่งพลังต่อสู้ที่มิอาจเหยียดหยามได้,초보 공명자를 위해 특별히 제작된 대검. 수수한 외형과 다르게 만만치 않은 전투력이 잠재되어 있다,ko-KR
ดาบใหญ่ที่ใช้ในการฝึกฝนและการสอน มีเพียงฟังก์ชันพื้นฐานเท่านั้น,훈련과 교육에 사용되는 대검. 기본적인 기능만 있다,ko-KR
ดาบใหญ่นักเดินทาง,수행자의 대검 · 벽로,ko-KR
ดาบใหญ่ประสิทธิภาพสูงที่มีประโยชน์ใช้สอยอย่างแท้จริงเล่มแรก คือผลงานที่สถาบันหัวซวีปรับปรุงและคิดค้นอย่างอิสระบนพื้นฐานอาวุธออริจิไนท์ที่มีมาก่อน เป็นตัวแทนของความมีเหตุผลและความเปิดกว้างของสถาบัน ไม่สามารถทำลายได้,"화서연구원이 이전의 원능 무기를 기반으로 개발한 첫 번째 실용적인 고성능 대검. 연구원의 이성과 개방성을 대표하며, 매우 견고하여 파괴가 불가능하다",ko-KR
ดาบใหญ่ผู้พิทักษ์,수호자의 대검 · 근성,ko-KR
ดาบใหญ่ฝึกซ้อม,견습용 대검,ko-KR
ดาบใหญ่มือใหม่,태초의 대검,ko-KR
ดาบใหญ่รัตติกาล,흑야의 대검 · 현명,ko-KR
ดาบไร้ผู้ทัดเทียม,고독한 칼날,ko-KR
ดารานำทางนิรันดร์,영원한 샛별,ko-KR
ด่ำดิ่งสู่ภวังค์ฝัน,가라앉은 꿈,ko-KR
ด้ายชีวิต,생명의 현,ko-KR
ตะเกียงโดดเดี่ยวไม่มอดดับ,영원한 등불,ko-KR
ตำนานวีรชนผู้มึนเมา,만취의 영웅지,ko-KR
ทะลุปราการ,불굴의 권갑,ko-KR
ทะเยอทะยานไร้สิ้นสุด,웅대한 포부,ko-KR
ทะเลคือทุ่งข้าวสาลีของชาวประมง การเก็บเกี่ยวและความหวังเท่าเทียมกัน,"바다는 어민들에게 있어 농부의 밀밭과 같고, 수확이 많을수록 희망도 더 커진다",ko-KR
ทัณฑ์สวรรค์,거침없는 비상,ko-KR
ทำลายล้าง,인멸,ko-KR
ทิวาราตรีถักประสาน,봉합된 새벽과 황혼,ko-KR
ทีมเวิร์ก,동심,ko-KR
"ทุกกฎเกณฑ์ล้วนสังเกตได้ และทุกปรากฏการณ์ล้วนวิเคราะห์ได้
ดังเช่นอุดมคติที่อยู่ห่างไกลหลายปีแสง แต่หนทางที่จะไปถึงกลับอยู่ใกล้แค่เอื้อมมือ","모든 법칙은 관측 가능하고, 모든 현상은 해석 가능하다.
수만 광년 너머에 있는 이상에, 두 손이 닿을 수 있듯이",ko-KR
ท่วงทำนองคิมหันต์ไม่จางหาย,한여름의 찬송가,ko-KR
ท่วงทำนองล่อลวง,천상의 음률,ko-KR
ท่วงทำนองแห่งพงไพร,숲속의 아리아,ko-KR
นภาครามพิสุทธิ์,아득히 푸른 하늘,ko-KR
นิทานแห่งปัญญา,풍류의 우화시,ko-KR
"นี่คือหลักฐานแห่งพันธสัญญาเลือด - จะไม่หันหลังให้, จะไม่ยอมแพ้, จนกว่าเลือดหยดสุดท้ายจะเหือดแห้ง","이것이 바로 혈맹의 증거다——마지막 한 방울의 피가 마를 때까지 절대 배신하지 않으며, 포기하지도 않는다",ko-KR
บทกวีอันยืนหยัด,의연한 용사의 시,ko-KR
บทอาลัยแห่งความเงียบงัน,침묵 속의 추도사,ko-KR
บทเพลงนิรันดร์,끝없는 메아리,ko-KR
บทเพลงแห่งมิตรภาพ,출정의 의식,ko-KR
บันทึกแห่งเมตตา,용서의 명상록,ko-KR
ปฏิญาณสัญญาโลหิต,혈맹의 약속,ko-KR
ปณิธานแรงกล้า,밀려오는 파도,ko-KR
ประกายระยับในห้วงกว้าง,푸른물결의 빛,ko-KR
ประกาศิตเพลิงอัสนี,불타오른 권력,ko-KR
ประสาน,합일,ko-KR
ประสานพลัง,합력,ko-KR
ปัจฉิมนาฏการ,죽음과 춤,ko-KR
ปีกพิฆาต,예리한 날개깃,ko-KR
ปืนพก #26,26형 권총 · 맹렬한 돌격,ko-KR
ปืนพกที่สร้างขึ้นด้วยแรงบันดาลใจจากความถี่ของโน้ตเพลง เมื่อบันไดเสียงไล่จากต่ำสู่สูง ถือปืนพกนี้ไว้ในมือจะสามารถทะลวงสายฟ้าด้วยพลังเสมือนแยกอากาศ และบรรเลงบทเพลงอันยอดเยี่ยม,음계가 상승한 권총을 손에 쥐면 파공의 기세로 하늘을 찌르며 절묘한 악장을 연출한다,ko-KR
"ปืนพกที่สร้างขึ้นเพื่อรำลึกถึงการเสียสละของเหล่านักรบมิดไนท์เรนเจอร์ มีบทกวีสรรเสริญว่า ""ขอให้กายาของฉันลุกโชน เปลวเพลิงเริงระบำขับไล่หมอกมลทินแห่งความชั่วร้ายให้สิ้นสูญ""","야귀군을 위해 특별히 제작된 권총. 야귀 전사의 사생결단에 대한 신념을 담고 있다.
한 시에서는 이를 「찬란한 세상의 빛을 위해, 이 한 몸 기꺼이 불태우리라!」라고 찬양한다",ko-KR
ปืนพกที่ออกแบบพิเศษสำหรับเรโซเนเตอร์มือใหม่ ภายใต้รูปลักษณ์เรียบง่ายและไม่ฉูดฉาด กลับซ่อนไว้ซึ่งพลังต่อสู้ที่มิอาจเหยียดหยามได้,초보 공명자를 위해 특별히 제작된 권총. 수수한 외형과 다르게 만만치 않은 전투력이 잠재되어 있다,ko-KR
ปืนพกที่ใช้ในการฝึกฝนและการสอน มีเพียงฟังก์ชันพื้นฐานเท่านั้น,훈련과 교육에 사용되는 권총. 기본적인 기능만 있다,ko-KR
ปืนพกนักเดินทาง,수행자의 권총 · 통찰,ko-KR
ปืนพกผู้พิทักษ์,수호자의 권총 · 용맹,ko-KR
ปืนพกฝึกซ้อม,견습용 권총,ko-KR
ปืนพกมือใหม่,태초의 권총,ko-KR
ปืนพกรัตติกาล,흑야의 권총 · 흑성,ko-KR
ป้องกันเรืองแสง,빛의 비호,ko-KR
ผนึกแห่งผู้เฝ้ามองจันทรา,세상 만물의 진리,ko-KR
ผู้ทำลายความมืด,어둠을 파괴하는 자,ko-KR
ผู้พิทักษ์,전사의 충정,ko-KR
ผู้พิทักษ์จินโจว,금주의 수호,ko-KR
ผู้รู้แจ้ง,끝없는 탐구,ko-KR
พนาสิงขรเกล็ดมรกต,청룡의 천장,ko-KR
พรจากดาราโคจร,별의 동반,ko-KR
พรศักดิ์สิทธิ์,신의 가호,ko-KR
พรายสมุทรพจนารมย์,바다의 속삭임,ko-KR
พร้อมรบ,용맹무쌍,ko-KR
พร้อมสู้,만반의 준비,ko-KR
พลังซ่อนเร้น,잠재력의 상한,ko-KR
พังทลายไม่รู้จบ,영원의 붕괴,ko-KR
พันวิถีเปลื้องวิญญาณ์,수많은 인도,ko-KR
พัลส์อีมิตเตอร์,격동의 조력,ko-KR
พากเพียร,각고의 힘,ko-KR
พาธออบเซิร์ฟเวอร์,관측자,ko-KR
พิพากษาอัลตราโซนิก,초음파·심판,ko-KR
พ้นนิทราเดียวดาย,홀로 깨어난 자,ko-KR
ฟังให้ดี — ใต้คมมีดอันเยือกเย็น ราวกับได้ยินเสียงไหลวนของกระแสความมืดที่เย็นยะเยือก จิตใจค่อยๆ รวมตัวเป็นวังวนดั่งน้ำไหล ปล่อยกายล่องตามกระแสพลิ้วโบก ดาบในมือจะกลืนกินศัตรูทุกผู้ที่หลงอยู่ในนั้น,"경청 — 차가운 칼날의 표면을 통해 마치 차가운 물결의 바닷소리가 들려, 점점 소용돌이처럼 생각에 잠기게 된다. 물의 흐름을 따라 손에 든 직검을 휘두르면 모든 적을 집어삼킬 수 있다",ko-KR
ฟีนิกซ์สีชาด,불사조의 깃털,ko-KR
ฟื้นกลับสู่เปลวเพลิง,불의 귀환,ko-KR
ฟื้นคืน,도움의 손길,ko-KR
ฟื้นตัว,유합,ko-KR
ฟเมื่อมีการปลดปล่อยเรโซแนนซ์เพิ่ม ATK {0} เพิ่มโบนัสความเสียหายการปลดปล่อยเรโซแนนซ์ {1} เป็นเวลา {2} วินาที,"공명 해방 발동 시, 공격력이 {0} 증가되고 공명 해방 피해 보너스가 {1} 증가되며 {2}초간 지속된다",ko-KR
ฟ้าอร่าม,금빛 하늘,ko-KR
"ภาพฉายแห่งมโนทัศน์ของดาบใหญ่ - อุดมธัญญากาล สว่างไสวดั่งดอกท้อ
เมื่อลมฤดูใบไม้ผลิพัดผ่านกาลเวลาและฤดูกาลหมุนเวียน อัญมณีแห่งกาลเวลาบนด้ามดาบก็ราวกับความรู้สึกของหญิงสาว ถูกย้อมเป็นสีชมพูด้วยกลีบดอกไม้","대검 · 태평성대의 개념적 투영, 마치 복숭아꽃처럼 아름답다.
봄바람이 사계절을 흔드니 검의 시간 옥구슬도 소녀의 마음처럼 꽃잎에 물들어 분홍빛이 되었다",ko-KR
"ภาพฉายแห่งมโนทัศน์อันบริสุทธิ์ เป็นดาบใหญ่อันโปร่งใสที่ไร้รูปกาย
ในแดนจิตนิมิต รูปลักษณ์ของอาวุธเป็นเพียงเปลือกภายนอก ส่วนแก่นแท้ของมโนทัศน์นั้นคือเครื่องมือสำหรับการต่อสู้","순수 개념적 투영, 마치 감지할 수 없는 투명한 대검.
마음의 영역 중, 무기의 외형적 의미는 단지 표면에만 그칠 뿐, 진정한 핵심은 전투용 도구이다",ko-KR
มงกุฎแห่งผู้ปฏิปักษ์,숙명에 맞서는 관,ko-KR
มรกตแห่งปฐมกาล,천년의 회류,ko-KR
มรรคาชลธีจีรังกาล,흔들리지 않는 용기,ko-KR
มันประกาศว่าบาปกรรมต้องชดใช้ในสักวัน ดุจดังเครื่องนาฬิกาที่แม่นยำ มั่นคง และไร้ความปราณี - บาปกรรมทั้งปวงจะสลายไปในแสงเพลิง ราวกับแสงอรุณขับไล่ความมืดมิด,"그것은 시계처럼 정확하고 안정적이며, 가차없는 업보의 종말을 고한다——모든 죄는 새벽빛이 어둠을 흩날리는 것처럼 불빛 속에서 사라질 것이다",ko-KR
มายาหลอน,천공의 역행,ko-KR
มาร์คาโต,바람의 악센트,ko-KR
มาลาประดับวสันต์,비녀에 깃든 봄,ko-KR
มาสเตอร์มายด์,주도면밀,ko-KR
มีดอัลตราโซนิก,초음파·칼날,ko-KR
รวมสรรพสิ่ง,포용의 힘,ko-KR
รอยเพลิง,불길,ko-KR
รอสโกย์อัลตราโซนิก,초음파·룰렛,ko-KR
ระบำแห่งอัศวินผู้อิสระ,자유기사의 독무,ko-KR
ระลอกคลื่นจักรวาล,파도의 기록,ko-KR
ระเบิดโนวา,천공의 순간,ko-KR
รักษาฉุกเฉิน,응급 치료,ko-KR
รักโรแมนซ์ยามเอ่ยลา,작별의 로맨스,ko-KR
รับรู้ให้ลึก - บนสนับแขนอันแข็งแกร่ง ราวกับสามารถสัมผัสได้ถึงคลื่นความโกรธเกรี้ยวที่ปั่นป่วนจากห้วงลึกอันไร้ร่องรอยใต้ทะเลสาบ เป็นสิ่งที่อธิบายไม่ได้และไม่สามารถขจัดได้ สวมใส่มันอย่างกราดเกรี้ยวและปลดปล่อยความโกรธที่ระบายไม่ได้สู่ศัตรู,"반응 — 강력한 권갑을 통해 마치 알 수 없는 깊은 연못에서 밀려오는 성난 파도가 느껴지며, 그 느낌은 말로 표현할 수 없다. 이 권갑을 착용하면 적에게 내면의 분노를 표출할 수 있다",ko-KR
รัศมีพลีอุทิศ,페이드 아웃,ko-KR
รัศมีโชติอนันต์,솟아오르는 화염,ko-KR
รุ่งอรุณ,전진의 발걸음,ko-KR
ร็อกเบรกเกอร์อัลตราโซนิก,초음파·파괴,ko-KR
ร่องรอยฤดูใบไม้ร่วง,가을의 무늬,ko-KR
ร่ายร่อน,선율의 춤사위,ko-KR
ลมพายุโห่ร้อง คลื่นยักษ์ถาโถม ทะเลกลืนทุกสิ่งลงไป มีเพียงตะเกียงเรือที่เปล่งเสียงหัวเราะ!,"거센 바람이 미친 듯이 몰아치고, 사나운 파도가 하늘 높이 치솟는다. 바다가 모든 것을 삼켜버렸지만, 선등만이 흔들리지 않고 웃고 있다!",ko-KR
"ลมพายุโห่ร้อง คลื่นยักษ์ถาโถม ทะเลกลืนทุกสิ่งลงไป มีเพียงตะเกียงเรือที่เปล่งเสียงหัวเราะ!
ล่องไปเลย! ล่องไปเลย! จงล่องไปจนถึงจุดสิ้นสุดของโลกา!","거센 바람이 미친 듯이 몰아치고, 사나운 파도가 하늘 높이 치솟는다. 바다가 모든 것을 삼켜버렸지만, 선등만이 흔들리지 않고 웃고 있다!
거침없이 나아가라! 세상의 끝을 보기 위해!",ko-KR
ลักซ์ & อัมบรา,얽혀진 빛과 그림자,ko-KR
วอลตซ์ในงานสวมหน้ากาก,허위의 왈츠,ko-KR
วังวนไร้สิ้นสุด,무한의 소용돌이,ko-KR
วาทศิลป์,수식,ko-KR
วารีหมื่นตระกูล,끝없는 물결,ko-KR
วิถีกลสรรพทิศ,팔방의 천추,ko-KR
วิวัฒน์ดวงดารา,뭇별의 법칙,ko-KR
ว่องไวฉับพลัน,성장의 속도,ko-KR
ว่ากันว่าเป็นเครื่องมือพิธีที่สร้างจากเกล็ดมังกรที่ลอกออกมาจาก Jué มากกว่าจะเป็นดาบ มันกลับดูเหมือนเครื่องดนตรีเสียอีก,"수호신에게서 빠진 용비늘로 만든 예기라고 전해지며, 칼보다는 악기에 가깝다",ko-KR
ศิลาหยกเมฆา,옥빛 구름,ko-KR
สกัลเทรชเชอร์,스컬 스래셔,ko-KR
สกิน: ของขวัญแห่งท้องทะเล,투영 · 바다의 선물,ko-KR
สกิน: ดาบมโนจิต,투영 · 심상의 직검,ko-KR
สกิน: ดาบใหญ่มโนจิต,투영 · 심상의 대검,ko-KR
สกิน: นวลผกาพรายชมพู,투영 · 복숭아꽃이 피는 날,ko-KR
สกิน: ปืนพกมโนจิต,투영 · 심상의 권총,ko-KR
สกิน: พันกระบวนท่าไร้เทียมทาน,투영 · 수천의 기예가 벼린 칼날,ko-KR
สกิน: สนับแขนมโนจิต,투영 · 심상의 권갑,ko-KR
สกิน: สมอจิตนิมิต,투영 · 마음의 닻,ko-KR
สกิน: สื่อจูนความถี่มโนจิต,투영 · 심상의 증폭기,ko-KR
สกินอาวุธ,무기 투영,ko-KR
"สกินแห่งมโนทัศน์อันบริสุทธิ์ ดั่งดาบอันโปร่งใสที่ไร้รูปกาย
ในแดนจิตนิมิต รูปลักษณ์ของอาวุธเป็นเพียงเปลือกภายนอก ส่วนแก่นแท้ของมโนทัศน์นั้นคือเครื่องมือสำหรับการต่อสู้","순수 개념적 투영, 마치 감지할 수 없는 투명한 직검.
마음의 영역 중, 무기의 외형적 의미는 단지 표면에만 그칠 뿐, 진정한 핵심은 전투용 도구이다",ko-KR
"สกินแห่งมโนทัศน์อันบริสุทธิ์ ดั่งปืนพกอันโปร่งใสที่ไร้รูปกาย
ในแดนจิตนิมิต รูปลักษณ์ของอาวุธเป็นเพียงเปลือกภายนอก ส่วนแก่นแท้ของมโนทัศน์นั้นคือเครื่องมือสำหรับการต่อสู้","순수 개념적 투영, 마치 감지할 수 없는 투명한 권총.
마음의 영역 중, 무기의 외형적 의미는 단지 표면에만 그칠 뿐, 진정한 핵심은 전투용 도구이다",ko-KR
"สกินแห่งมโนทัศน์อันบริสุทธิ์ ดั่งสนับแขนอันโปร่งใสที่ไร้รูปกาย
ในแดนจิตนิมิต รูปลักษณ์ของอาวุธเป็นเพียงเปลือกภายนอก ส่วนแก่นแท้ของมโนทัศน์นั้นคือเครื่องมือสำหรับการต่อสู้","순수 개념적 투영, 마치 감지할 수 없는 투명한 권갑.
마음의 영역 중, 무기의 외형적 의미는 단지 표면에만 그칠 뿐, 진정한 핵심은 전투용 도구이다",ko-KR
"สกินแห่งมโนทัศน์อันบริสุทธิ์ ดั่งสื่อจูนความถี่อันโปร่งใสที่ไร้รูปกาย
ในแดนจิตนิมิต รูปลักษณ์ของอาวุธเป็นเพียงเปลือกภายนอก ส่วนแก่นแท้ของมโนทัศน์นั้นคือเครื่องมือสำหรับการต่อสู้","순수 개념적 투영, 마치 감지할 수 없는 투명한 증폭기.
마음의 영역 중, 무기의 외형적 의미는 단지 표면에만 그칠 뿐, 진정한 핵심은 전투용 도구이다",ko-KR
สงัดวิเวก,적막,ko-KR
สตาร์ฟิลด์แคลิเบรเตอร์,별하늘 연산 측정기,ko-KR
สนับแขน #21D,21형 권갑 · 아이언 팬텀,ko-KR
สนับแขนที่สร้างขึ้นด้วยแรงบันดาลใจจากความถี่ของโน้ตเพลง เมื่อบันไดเสียงลดต่ำลง ใส่สนับแขนนี้ ดังกึกก้องดุจคลื่นยักษ์ด้วยเสียงแห่งความโกรธา บ่มเพาะบทเพลงอันดุเดือด,권갑을 감싸고 내려가듯 거센 파도가 울부짖으며 격노하니 웅장한 교향곡이 시작된다,ko-KR
"สนับแขนที่สร้างขึ้นเพื่อรำลึกถึงมิตรภาพระหว่างเหล่านักรบมิดไนท์เรนเจอร์ มีบทกวีสดุดีไว้ว่า ""อาภรณ์บางเบาไม่อาจต้านทานแสงจันทร์ยามเช้าที่หนาวเหน็บ เกราะเหล็กสามารถฟันฟ่าความหนาวยะเยือกแห่งดวงดาวได้""","야귀군을 위해 특별히 제작된 권갑. 야귀 전사의 전우에 대한 의리를 담고 있다.
한 시에서는 이를 「얇은 옷은 서리달의 추위 앞에 무릎을 굽히고, 권갑은 서리별의 추위를 감싸안는다.」라고 찬양한다",ko-KR
สนับแขนที่หนักหน่วงและหยาบกระด้าง แต่น่าเชื่อถืออย่างยิ่ง ในมือของผู้ใช้ที่เชี่ยวชาญจะสามารถปลดปล่อยพลังอันน่าทึ่งที่สามารถย้ายภูเขาและเติมทะเลได้,"무겁고 거칠지만 믿음직스럽게 견고한 권갑, 숙련된 사용자의 손에 착용하면 치명적인 타격을 가할 수 있는 파괴력을 발휘한다",ko-KR
สนับแขนที่ออกแบบพิเศษสำหรับเรโซเนเตอร์มือใหม่ ภายใต้รูปลักษณ์เรียบง่ายและไม่ฉูดฉาด กลับซ่อนไว้ซึ่งพลังต่อสู้ที่มิอาจเหยียดหยามได้,초보 공명자를 위해 특별히 제작된 권갑. 수수한 외형과 다르게 만만치 않은 전투력이 잠재되어 있다,ko-KR
สนับแขนที่ใช้ในการฝึกฝนและการสอน มีเพียงฟังก์ชันพื้นฐานเท่านั้น,훈련과 교육에 사용되는 권갑. 기본적인 기능만 있다,ko-KR
สนับแขนนักเดินทาง,수행자의 권갑 · 파괴,ko-KR
สนับแขนผู้พิทักษ์,수호자의 권갑 · 강력,ko-KR
สนับแขนฝึกซ้อม,견습용 권갑,ko-KR
สนับแขนมือใหม่,태초의 권갑,ko-KR
สนับแขนรัตติกาล,흑야의 권갑 · 흑빛,ko-KR
สมอจิตนิมิต,마음의 닻,ko-KR
"สมอที่เคยถูกใช้โดยผู้พิทักษ์ประตู Ivory เพื่อรักษาเสถียรภาพของแดนจิตนิมิต
หลังจากที่ผู้พิทักษ์ประตู Ivory ถูกแปลงร่างเป็นแมวสีขาว รูปร่างของอุปกรณ์นี้ก็เปลี่ยนแปลงไปบ้าง...","화이트 게이트 수호자가 마음의 영역 안정을 시키는 데 사용하는 스테디 앵커이다.
화이트 게이트 수호자가 흰 고양이 형태로 변화된 후, 이 장치의 외형에도 변화가 발생했다...",ko-KR
สมุทรสรวลสยบ,웃음 바다,ko-KR
สยบมาร,벽사,ko-KR
สัญญาแห่งมิตรภาพ,전우의 의리,ko-KR
สันศัสตราแห่งอรุณรุ่ง,한낮의 의지,ko-KR
สัมผัสอันสง่างาม,자유의 선율,ko-KR
สัมผัสให้ถึง – ระหว่างเมทริกซ์อันเยือกเย็น ราวกับสามารถสัมผัสถึงทะเลสาบที่โอบล้อมระหว่างฟ้าดินได้ มันจะนำทางคุณสู่คำตอบทั้งปวง โอบกอดสื่อจูนความถี่นี้ไว้เพื่อกำจัดศัตรูทั้งปวงที่ขวางกั้นระหว่างคุณกับความจริง,감지 — 차가운 매트릭스를 통해 마치 하늘과 땅을 둘러싸고 있는 호수를 만지는 듯한 느낌이 든다. 모든 답을 찾을 수 있도록 안내하는 이 증폭기를 사용하면 진실 추구를 방해하는 모든 적을 처치할 수 있다,ko-KR
สายฟ้าจะเผาผลาญความป่วยไข้และความอ่อนแอของเธอให้สิ้นซาก ในเตาเผาที่หล่อหลอมจากเลือดและทราย เธอจะไม่เป็นแค่ผงธุลีอีกต่อไป แต่จะเป็นดวงอาทิตย์ที่สุกสกาว,뇌전은 그녀의 옛 상처와 연약함을 씻어낼 것이다. 그 피와 모래로 만들어진 용광로에서 그녀는 더 이상 먼지가 아니라 찬란하고 눈부신 태양이 될 것이다,ko-KR
สายฟ้าจะเผาผลาญความเจ็บปวดและความอ่อนแอของเธอให้สิ้นซาก ในเตาเผาที่หล่อหลอมจากเลือดและทราย เธอจะไม่เป็นแค่ผงธุลีอีกต่อไป แต่จะเป็นดวงอาทิตย์ที่สุกสกาว,뇌전은 그녀의 옛 상처와 연약함을 씻어낼 것이다. 그 피와 모래로 만들어진 용광로에서 그녀는 더 이상 먼지가 아니라 찬란하고 눈부신 태양이 될 것이다,ko-KR
"สายลมหล่อหลอมคมดาบ นภากาศคือฝักดาบ ยามชักคมดาบออก ทุกสรรพเสียงล้วนเงียบงัน
สีฟ้าครามที่ไม่มีวันซีดจางนั้น คือความมุ่งมั่น คำสาบาน และอุดมการณ์ของเธอ","흐르는 바람에 검날을 다듬고, 푸른 하늘을 검집으로 삼으리. 검이 이미 모습을 드러냈으니, 만물이 고요해지리.
영원히 바래지 않을 그 푸른빛, 그녀의 결의이자 맹세이며, 품어 온 이상이 되었네",ko-KR
สายลมอิสระที่ล่องลอย,자유의 바람,ko-KR
สื่อจูนความถี่ #25,25형 증폭기 · 울림의 멜로디,ko-KR
สื่อจูนความถี่ที่สร้างขึ้นด้วยแรงบันดาลใจจากความถี่ของโน้ตเพลง เมื่อบันไดเสียงลดต่ำลง การถืออุปกรณ์นี้เพื่อแสวงหายุทธวิธีด้วยสภาพการหยั่งรู้ คอนแชร์โตจนเปลี่ยนแปลงไป,공명이 내려앉는 무기를 손에 쥐고 모든 것을 꿰뚫어 전략을 찾으니 협주의 변화가 일어난다,ko-KR
"สื่อจูนความถี่ที่สร้างขึ้นเพื่อรำลึกถึงการปกป้องจินโจวโดยนักรบมิดไนท์เรนเจอร์ มีบทกวีสดุดีไว้ว่า ""แหงนมองไปทางเหนือ ภาพของเมืองค่อยๆ เลือนราง และประตูเมืองถูกปกคลุมไว้ด้วยสายฝนอันสงบนิ่ง""","야귀군을 위해 특별히 제작된 증폭기. 야귀 전사의 금주 수호의 의지가 담겨있다.
한 시에서는 이를 「어두운 밤 자욱한 안개비가 흩날리고 있으니, 호성 황석령의 북쪽 하늘을 뒤덮는구나!」라고 찬양한다",ko-KR
สื่อจูนความถี่ที่ออกแบบพิเศษสำหรับเรโซเนเตอร์มือใหม่ ภายใต้รูปลักษณ์เรียบง่ายและไม่ฉูดฉาด กลับซ่อนไว้ซึ่งพลังต่อสู้ที่มิอาจเหยียดหยามได้,초보 공명자를 위해 특별히 제작된 증폭기. 수수한 외형과 다르게 만만치 않은 전투력이 잠재되어 있다,ko-KR
สื่อจูนความถี่ที่ใช้ในการฝึกฝนและการสอน มีเพียงฟังก์ชันพื้นฐานเท่านั้น,훈련과 교육에 사용되는 증폭기. 기본적인 기능만 있다,ko-KR
สื่อจูนความถี่นักเดินทาง,수행자의 증폭기 · 탐색,ko-KR
สื่อจูนความถี่ผู้พิทักษ์,수호자의 증폭기 · 모략,ko-KR
สื่อจูนความถี่ฝึกซ้อม,견습용 증폭기,ko-KR
สื่อจูนความถี่มือใหม่,태초의 증폭기,ko-KR
สื่อจูนความถี่รัตติกาล,흑야의 증폭기 · 흑광,ko-KR
สูญสลายจากเบื้องลึก,죽음의 심연,ko-KR
สู่แสงตะวัน,근일점,ko-KR
สเปกตรัมบลาสเตอร์,스펙트럼 블래스터,ko-KR
สเปกทรัลทริกเกอร์,스펙트럴 트리거,ko-KR
สโตนาร์ด,황금 권갑,ko-KR
หน่วยจู่โจมผู้มุ่งมั่น,야귀의 신념,ko-KR
หยั่งถึงสัจจะ,근원의 추적,ko-KR
หลอมรวม,상성,ko-KR
หัตถาเชิดพยนต์,꼭두각시의 손,ko-KR
อนัตตานิรันดร์กาล,다시는 나란 존재가 없기를,ko-KR
อภิทัศน์เหนือทิวทัศน์,그림 외의 경지,ko-KR
อรรถสุริยประจักษ์,솔스원의 해석,ko-KR
อรุณพราวน้ำค้าง,노을에 깃든 이슬,ko-KR
อสนีบาต,뇌전,ko-KR
ออริจิไนท์: ไทป์ 1,원능의 대검 · 견습I,ko-KR
ออริจิไนท์: ไทป์ 2,원능의 직검 · 견습II,ko-KR
ออริจิไนท์: ไทป์ 3,원능의 권총 · 견습III,ko-KR
ออริจิไนท์: ไทป์ 4,원능의 권갑 · 견습IV,ko-KR
ออริจิไนท์: ไทป์ 5,원능의 증폭기 · 견습V,ko-KR
อัสนีทวีวัฒน์,뇌전의 증폭,ko-KR
อาณัติอัสนีบาต,천둥벼락을 다스리는 권능,ko-KR
อารัมภบท,시작의 발걸음,ko-KR
อาวุธ,무기,ko-KR
อาวุธปืนที่โดดเด่นด้วยพละกำลังอันรุนแรง การยืนอยู่บนสนามรบด้วยอาวุธนี้จะจุดเปลวไฟแห่งความกระตือรือร้นในหัวใจ,"강력한 화력으로 유명한 권총로, 이 총을 들고 전쟁터에 나서면 가슴에서 격앙된 전의가 치솟는다",ko-KR
อินไซท์วีเวอร์,통찰자,ko-KR
อุดมธัญญากาล,태평성대,ko-KR
"เกลียวคลื่นปรารถนาให้สวมมงกุฎแห่งโชคชะตา แต่อัศวินกลับนำมงกุฎนั้นเก็บไว้ในคมดาบ
มงกุฎนั้นไม่อาจพันธนาการอัศวินได้ และเกลียวคลื่นก็ไม่อาจหยุดยั้งฝีเท้าของอัศวินได้เช่นกัน","파도는 기사에게 운명의 면류관을 씌우려 했지만, 기사는 면류관을 검 안에 봉인해버렸다.
면류관은 기사를 속박할 수 없었고, 파도는 기사의 발걸음을 막지 못했다",ko-KR
เกลียวสวรรค์,천상의 나선,ko-KR
เกิดข้อผิดพลาด กรุณาติดต่อฝ่ายบริการลูกค้าเพื่อขอความช่วยเหลือ,"오류 발생, 문의 사항이 있으실 경우 고객센터로 연락주시기 바랍니다",ko-KR
เกื้อหนุน,공제,ko-KR
เฉือนเนื้อตัดกระดูก,지옥의 징벌,ko-KR
เดินทางไกล,기나긴 여정,ko-KR
เด็ดขาด,검이 가리키는 곳,ko-KR
เบิกอรุณ,새로운 법칙,ko-KR
เปลวเพลิงอมตะ,불멸의 성화,ko-KR
เปลวไฟดาวหาง,굉음,ko-KR
เปลี่ยนผันนิรันดร,천변만화,ko-KR
เฝ้ามองดวงดารา,은하수 조망,ko-KR
เพลงสรรเสริญประกายแสง,광휘의 찬송가,ko-KR
เพลงโหมโรง,행진의 서곡,ko-KR
เพลงไว้อาลัยแห่งยมโลก,진혼곡,ko-KR
เพลิงสุริยา,태양 불꽃,ko-KR
เพ่งมองข้ามอวกาศ,피안의 눈동자,ko-KR
เฟสิกโฮโมจีไนเซอร์,위상의 파동,ko-KR
เฟิร์สต์เซียร์,선지자,ko-KR
เมทริกซ์อัลตราโซนิก,초음파·매트릭스,ko-KR
เมี้ยว!,냐앙!,ko-KR
เมื่อ HP สูงกว่า {0} โบนัสความเสียหายโจมตีหนักจะเพิ่มขึ้น {1} เมื่อสร้างความเสียหายโจมตีหนัก จะฟื้นฟู HP {2} ให้กับเรโซเนเตอร์ปัจจุบัน และเปิดใช้งานได้ {4} ครั้งทุกๆ {3} วินาที,"HP가 {0} 이하일 경우, 강공격 피해 보너스가 {1} 증가하고, 강공격 피해를 입힐 때 현재 캐릭터의 HP가 {2} 회복되며, {3}초마다 {4}회 발생할 수 있다",ko-KR
เมื่อดวงใจสงบ,굳건한 의지,ko-KR
เมื่อทำการปลดปล่อยเรโซแนนซ์ ATK เพิ่มขึ้น {0} โบนัส DMG โจมตีหนักเพิ่มขึ้น {1} มีผลต่อเนื่อง {2} วินาที,"공명 해방 발동 시, 공격력이 {0} 증가되고 강공격 피해 보너스가 {1} 증가되며 {2}초간 지속된다",ko-KR
"เมื่อมีการปลดปล่อยเรโซแนนซ์เพิ่ม ATK {0}, เพิ่มโบนัสความเสียหายการปลดปล่อยเรโซแนนซ์{1} เป็นเวลา {2} วินาที","공명 해방 발동 시, 공격력이 {0} 증가되고 공명 해방 피해 보너스가 {1} 증가되며 {2}초간 지속된다",ko-KR
"เมื่อรัศมีแห่งทิวากรโอบล้อมกาย ม่านหมอกแห่งปริศนาก็พลันมลายสิ้น
ภารกิจบางสิ่งมิอาจเลี่ยง มีเพียงเจ้าเท่านั้นที่ทำได้
จงย่างก้าวออกไป... สู่แสงตะวันที่รออยู่เบื้องหน้า","모든 햇빛이 당신을 비추니, 답이 보일 것이다.
해야만 하는 일들이 있고, 당신만이 할 수 있는 일들이 있다.
크게 한 걸음 내디뎌 보자, 태양의 끝에 더 가까이",ko-KR
เมื่อสร้างความเสียหายโจมตีปกติ จะฟื้นฟู HP ของตน {0} โดยจะเปิดใช้งานได้ {2} ครั้งทุกๆ {1} วินาที,"일반 공격을 사용하여 피해를 입힐 경우, 자신의 HP가 {0} 회복되며, {1}초마다 {2}회 발생할 수 있다",ko-KR
เมื่อสร้างความเสียหายโจมตีปกติและความเสียหายโจมตีหนัก การโจมตีจะเพิ่มขึ้น {0} สามารถซ้อนได้ {1} ชั้น มีผลต่อเนื่อง {2} วินาที และสามารถเปิดใช้งานได้ {4} ครั้งทุกๆ {3} วินาที,"일반 공격이나 강공격을 사용하여 피해를 입힐 경우, 공격력이 {0} 증가하고, 최대 {1}스택 중첩이 가능하며, {2}초간 지속되며, {3}초마다 {4}회 발생할 수 있다",ko-KR
เมื่อสร้างความเสียหายโจมตีปกติและความเสียหายโจมตีหนัก โบนัสการรักษาเพิ่มขึ้น {0} มีผลต่อเนื่อง {1} วินาที สามารถซ้อนทับได้ {2} ชั้น และสามารถเปิดใช้งานได้ {4} ครั้งทุกๆ {3} วินาที,"일반 공격이나 강공격을 사용하여 피해를 입힐 경우, 치료 효과 보너스가 {0} 증가하고, {1}초간 지속되며, 최대 {2}스택 중첩이 가능하며, {3}초마다 {4}회 발생할 수 있다",ko-KR
เมื่อสร้างความเสียหายให้กับมอนสเตอร์ที่มี [เอฟเฟกต์ดีบัฟ] ATK ของตนเพิ่มขึ้น {0} มีผลต่อเนื่อง {1} วินาที โดยจะเปิดใช้งานได้ 1 ครั้งในทุกวินาที และสามารถซ้อนทับได้สูงสุด {2} ชั้น,"「이상 효과」가 있는 몬스터에게 피해를 입힐 시, 자신의 공격력이 {0} 증가하며, {1}초간 지속된다. 1초마다 1회 발생할 수 있으며, 최대 {2}스택 중첩이 가능하다",ko-KR
เมื่อสร้างความเสียหายให้กับมอนสเตอร์ที่มี [เอฟเฟกต์สเปกโตรสลาย] จะได้รับเอฟเฟกต์ดังนี้: ความเสียหายสเปกโตรของตนเพิ่มขึ้น {0} โดยจะได้รับ 1 ชั้นในทุก 1 วินาที มีผลต่อเนื่อง 6 วินาที และสามารถซ้อนทับได้สูงสุด 4 ชั้น,"「광학 효과」가 있는 적에게 피해를 입힐 시 다음 효과를 얻을 수 있다. 자신의 회절 피해가 {0} 증가되고, 1초마다 1스택을 획득할 수 있으며, 6초간 지속되고, 최대 4스택 중첩이 가능하다",ko-KR
เมื่อเรโซเนเตอร์พุ่งตัวหรือหลบหลีก ATK จะเพิ่มขึ้น {0} เป็นเวลา {1} วินาที สามารถซ้อนทับได้ {2} ชั้น,"캐릭터가 돌진하거나 회피할 시, 공격력이 {0} 증가하고, {1}초간 지속되며, 최대 {2}스택 중첩이 가능하다",ko-KR
เมื่อใช้การปลดปล่อยเรโซแนนซ์ ATK ของตนจะเพิ่มขึ้น {0} มีผลต่อเนื่อง {1} วินาที,"공명 해방 발동 시, 자신의 공격력이 {0} 증가하고, {1}초간 지속된다",ko-KR
เมื่อใช้การปลดปล่อยเรโซแนนซ์ จะฟื้นฟู HP ของตน {0} โดยจะเปิดใช้งานได้ {2} ครั้งทุกๆ {1} วินาที,"공명 해방 발동 시, 자신의 HP가 {0} 회복되며, {1}초마다 {2}회 발생할 수 있다",ko-KR
เมื่อใช้การปลดปล่อยเรโซแนนซ์ โบนัสการรักษาของตนจะเพิ่มขึ้น {0} มีผลต่อเนื่อง {1} วินาที,"공명 해방 발동 시, 자신의 치료 효과 보너스가 {0} 증가하며, {1}초간 지속된다",ko-KR
เมื่อใช้สกิลอินโทร ATK ของตนเพิ่มขึ้น {0} และมีผลต่อเนื่อง {1} วินาที,"변주 스킬 발동 시, 자신의 공격력이 {0} 증가하며, {1}초간 지속된다",ko-KR
เมื่อใช้สกิลอินโทร ATK จะเพิ่มขึ้น {0} เป็นเวลา {1} วินาที,"변주 스킬 발동 시, 공격력이 {0} 증가하며, {1}초간 지속된다",ko-KR
เมื่อใช้สกิลอินโทร การโจมตีของตนเพิ่มขึ้น {0} DEF เพิ่มขึ้น {1} และมีผลต่อเนื่อง {2} วินาที,"변주 스킬 발동 시, 자신의 공격력이 {0} 증가하고, 방어력이 {1} 증가하며, {2}초간 지속된다",ko-KR
เมื่อใช้สกิลอินโทร การโจมตีของตนเพิ่มขึ้น {0} HP เพิ่มขึ้น {1} และมีผลต่อเนื่อง {2} วินาที,"변주 스킬 발동 시, 자신의 공격력이 {0} 증가하고, HP가 {1} 증가하며, {2}초간 지속된다",ko-KR
เมื่อใช้สกิลอินโทร การโจมตีจะเพิ่มขึ้น {0} และมีผลต่อเนื่อง {1} วินาที,"변주 스킬 발동 시, 공격력이 {0} 증가하며, {1} 초간 지속된다",ko-KR
เมื่อใช้สกิลอินโทร การโจมตีจะเพิ่มขึ้น {0} และมีผลต่อเนื่อง {1} วินาที,"변주 스킬 발동 시, 공격력이 {0} 증가하며, {1}초간 지속된다",ko-KR
เมื่อใช้สกิลอินโทร จะฟื้นฟู HP ของตน {0} โดยจะเปิดใช้งานได้ {2} ครั้งทุกๆ {1} วินาที,"변주 스킬 발동 시, 자신의 HP가 {0} 회복되며, {1}초마다 {2}회 발생할 수 있다",ko-KR
เมื่อใช้สกิลอินโทร จะฟื้นฟูพลังคอนแชร์โต {0} หน่วย เมื่อใช้สกิลเอาท์โทร จะฟื้นฟูพลังงานเรโซแนนซ์ {1} หน่วย,"변주 스킬 발동 시 협주 에너지 {0}pt를 회복하며, 반주 스킬 발동 시 공명 에너지 {1}pt를 회복한다",ko-KR
เมื่อใช้สกิลอินโทร โบนัส DMG ปลดปล่อยเรโซแนนซ์ของตนจะเพิ่มขึ้น {0} โดยมีผลต่อเนื่อง {1} วินาที,"변주 스킬 발동 시, 자신의 공명 해방 피해 보너스가 {0} 증가하며, {1}초간 지속된다",ko-KR
เมื่อใช้สกิลอินโทร โบนัส DMG สกิลเรโซแนนซ์ของตนจะเพิ่มขึ้น {0} โดยมีผลต่อเนื่อง {1} วินาที,"변주 스킬 발동 시, 자신의 공명 스킬 피해 보너스가 {0} 증가하며, {1}초간 지속된다",ko-KR
เมื่อใช้สกิลเรโซแนนซ์ ATK และโบนัสความเสียหายโจมตีปกติจะเพิ่มขึ้น {0} เป็นเวลา {1} วินาที,"공명 스킬 발동 시, 공격력과 일반 공격 피해 보너스가 {0} 증가되고 {1}초간 지속된다",ko-KR
เมื่อใช้สกิลเรโซแนนซ์ จะฟื้นฟู HP ของตน {0} โดยจะเปิดใช้งานได้ {2} ครั้งทุกๆ {1} วินาที,"공명 스킬 발동 시, 자신의 HP가 {0} 회복되며, {1}초마다 {2}회 발생할 수 있다",ko-KR
เมื่อใช้สกิลเรโซแนนซ์ จะฟื้นฟูพลังคอนแชร์โต {0} หน่วย โดยจะเปิดใช้งานได้ {2} ครั้งทุกๆ {1} วินาที,"공명 스킬 발동 시, 협주 에너지 {0}pt를 회복하며, {1}초마다 {2}회 발생할 수 있다",ko-KR
เมื่อใช้สกิลเรโซแนนซ์ จะฟื้นฟูพลังงานคอนแชร์โต {0} หน่วย โดยจะเปิดใช้งานได้ {2} ครั้งทุก {1} วินาที,"공명 스킬 발동 시, 협주 에너지 {0}pt를 회복하며, {1}초마다 {2}회 발생할 수 있다",ko-KR
เมื่อใช้สกิลเรโซแนนซ์ จะฟื้นฟูพลังงานเรโซแนนซ์ {0} หน่วย โดยจะเปิดใช้งานได้ {2} ครั้งทุกๆ {1} วินาที,"공명 스킬 발동 시, 공명 에너지 {0}pt를 회복하고, {1}초마다 {2}회 발동할 수 있다",ko-KR
เมื่อใช้สกิลเรโซแนนซ์ จะฟื้นฟูพลังงานเรโซแนนซ์ {0} หน่วย โดยจะเปิดใช้งานได้ {2} ครั้งทุกๆ {1} วินาที,"공명 스킬 발동 시, 공명 에너지 {0}pt를 회복하고, {1}초마다 {2}회 발생할 수 있다",ko-KR
เมื่อใช้สกิลเรโซแนนซ์ จะฟื้นฟูพลังงานเรโซแนนซ์ {0} หน่วย โดยจะเปิดใช้งานได้ {2} ครั้งทุกๆ {1} วินาที,"공명 스킬 발동 시, 공명 에너지 {0}pt를 회복하며, {1}초마다 {2}회 발생할 수 있다",ko-KR
เมื่อใช้สกิลเรโซแนนซ์ จะได้รับพลังงานเรโซแนนซ์ {0} หน่วย และเพิ่ม ATK {1} มีผลต่อเนื่อง {2} วินาที เอฟเฟกต์นี้จะเปิดใช้งานได้ 1 ครั้งทุกๆ {3} วินาที,"공명 스킬 발동 시, 공명 에너지를 {0}pt 획득하고, 공격력이 {1} 증가하며, {2}초간 지속된다. 해당 효과는 {3}초마다 1회 발생할 수 있다",ko-KR
เมื่อใช้สกิลเรโซแนนซ์ โบนัส DMG ปลดปล่อยเรโซแนนซ์ของตนจะเพิ่มขึ้น {0} เอฟเฟกต์นี้มีผลต่อเนื่อง {1} วินาที,"공명 스킬 발동 시, 자신의 공명 해방 피해 보너스가 {0} 증가하며, {1}초간 지속된다",ko-KR
เมื่อใช้สกิลเรโซแนนซ์ โบนัสความเสียหายโจมตีปกติและโบนัสความเสียหายโจมตีหนักจะเพิ่มขึ้น {0} สามารถซ้อนได้ {1} ชั้น มีผลต่อเนื่อง {2} วินาที และสามารถเปิดใช้งานได้ {4} ครั้งทุกๆ {3} วินาที,"공명 스킬 발동 시, 자신의 일반 공격 피해 보너스와 강공격 피해 보너스가 {0} 증가하고, 최대 {1}스택 중첩이 가능하며, {2}초간 지속된다. {3}초마다 {4}회 발생할 수 있다",ko-KR
เมื่อใช้หลบหลีกสวนกลับ จะฟื้นฟู HP ของตน {0} โดยจะเปิดใช้งานได้ {2} ครั้งทุกๆ {1} วินาที,"회피 반격 발동 시, 자신의 HP가 {0} 회복되며, {1}초마다 {2}회 발생할 수 있다",ko-KR
เรดชิฟจันทร์เสี้ยว,멸망의 주파수,ko-KR
เรียกวิญญาณ์บัญชาดาว,혼을 부르고 별을 소환해,ko-KR
เรเดียนซ์คลีฟเวอร์,에너지 절단,ko-KR
เลเซอร์เชียร์เรอร์,레이저 변형,ko-KR
เสียงบริสุทธิ์,청음,ko-KR
เสียงลี้ลับแห่งสุญภูมิ,기묘한 울림,ko-KR
เสียงเพรียกแห่งห้วงนรก,심해의 메아리,ko-KR
เสียงเริงแห่งคนเขลา,우인의 노래,ko-KR
เหนือวัฏจักร,시작과 끝,ko-KR
เหมันต์เรืองเดโช,서린 불꽃,ko-KR
เอ็ดจ์เบรกเกอร์,개척자,ko-KR
แบร์ริเออร์เบรกเกอร์,돌파자,ko-KR
แปรผันอัศจรรย์,판타지 변주,ko-KR
แสงเจิดจ้า,눈부신 빛,ko-KR
"แสงเรืองรองหลากสีระยิบระยับอยู่ระหว่างปลายนิ้ว สีรุ้งพาดผ่านร่องรอยแห่งแสงอันแพรวพราว
ทุกสีสันที่ไหลบ่ามาบรรจบ ณ ปลายศูนย์เล็งนี้ ในที่สุดเธอก็มาถึงผืนฟ้าอันแจ่มใสที่ไม่ต้องเฝ้ามองจากที่ไกลอีกต่อไป","오색찬란한 빛이 손끝에서 춤추고, 눈부신 무지개가 빛의 궤적을 그린다.
넘쳐나는 모든 색이 한곳에 모이면, 언제나 멀리서 바라봤던 맑은 하늘에 마침내 그녀는 도착한다",ko-KR
แอสโตรแลบฟิวชัน,융합의 원반,ko-KR
โซนาตาสอดประสาน,화음 공진,ko-KR
โบซอนแอสโตรเลป,보손 관측기,ko-KR
โบนัส DMG ปลดปล่อยเรโซแนนซ์เพิ่มขึ้น {0},공명 해방 피해 보너스 {0} 증가,ko-KR
โบนัส DMG สกิลเรโซแนนซ์เพิ่มขึ้น {0},공명 스킬 피해 보너스 {0} 증가,ko-KR
โบนัสความเสียหายธาตุทั้งหมดเพิ่มขึ้น {0} ทุกครั้งที่ใช้สกิลอินโทรหรือการปลดปล่อยเรโซแนนซ์ โบนัสความเสียหายโจมตีหนักของตนจะเพิ่มขึ้น {1} สามารถซ้อนทับได้ {2} ชั้น และมีผลต่อเนื่อง {3} วินาที,"전체 속성 피해 보너스가 {0} 증가한다. 변주 스킬 또는 공명 해방을 발동할 때마다, 자신의 강공격 피해 보너스가 {1} 증가하고, {2}스택 중첩이 가능하며, {3}초간 지속된다",ko-KR
โบนัสความเสียหายธาตุทุกประเภทเพิ่มขึ้น {0} หลังจากเรโซเนเตอร์มอบเอฟเฟกต์ฮาวอคทำลายล้าง จะเสริมความเสียหายโจมตีหนัก {1} และความเสียหายโจมตีหนักจะเพิกเฉย DEF ของเป้าหมาย {2} เป็นเวลา {3} วินาที,"전체 속성 피해 보너스가 {0} 증가된다. 암흑 효과 추가 후, 강공격 피해가 {1} 부스트되고, 강공격 피해는 목표의 {2} 방어력을 무시하며, {3}초간 지속된다",ko-KR
โบนัสความเสียหายโจมตีปกติและโจมตีหนักเพิ่มขึ้น {0},일반 공격과 강공격 피해 보너스 {0} 증가,ko-KR
โบนัสความเสียหายโจมตีปกติและโจมตีหนักเพิ่มขึ้น {0},일반 공격과 강공격 피해 보너스가 {0} 증가한다,ko-KR
โพรโทคอลยกเว้นการเช็กชื่อ,출석 면제 프로토콜,ko-KR
โศกนาฏกรรมขำขัน,희비극,ko-KR
โศกสรรเสริญแห่งโลกมืด,잊혀진 피안의 슬픈 악장,ko-KR
ใช้เทคนิคการหลอมก่อนที่จะเกิดอาดูรการณ์ แม้ตัวดาบจะดูหนักทื่อแต่กลับใช้งานได้คล่องแคล่วเบาสบาย เมื่อฟันลงไปจะมีเสียงหึ่งก้องกังวาน ดุจดั่งเสียงร้องแผ่วเบาที่ก้องข้ามผ่านกาลเวลา,비명 전의 단조 기법을 이용하여 제작된 대검으로 외형과 다르게 상당히 가볍다. 휘두를 때마다 울리는 소리는 긴 세월을 가르는 듯 귓가에 속삭여 준다,ko-KR
"ไผ่แม้กลวงใจแต่แฝงนัยหนักแน่น มนุษย์แม้ครบถ้วนกลับล้วนจอมปลอม
ไผ่ไร้คำลวง ไร้เล่ห์เสแสร้ง ไม่แสวงชื่อเสียง หากไผ่คือสัจจะที่เที่ยง มนุษย์ก็เป็นได้เพียงแค่มายา","대나무는 비어 있기에 그 실재(實在)를 채우고, 사람은 채우려 하기에 도리어 공허해진다.
대나무는 헛된 말을 하지도, 헛된 행동을 하지도, 헛된 이름을 구하지 않는다. 대나무가 이처럼 실재할지라도, 사람은 반드시 그러하지 않다",ko-KR
ไฟดาราโชติช่วง,눈부신 불빛,ko-KR
ไม่หยุดยั้ง,정면돌파,ko-KR
ไม่หวนคืน,필사의 결심,ko-KR
ไอพ่นสัมพัทธ์,역설의 격류,ko-KR
ไอเทมสกินที่สามารถเปลี่ยนรูปลักษณ์ของอาวุธได้,무기 외관을 변경할 수 있는 투영 도구,ko-KR
"„Die Gnade des Hütenden, wie süß du bist. Unser Heim war verloren, doch nun endlich gefunden. Mit Zweigen zwischen meinen Schnäbeln trotze ich den Wellen. Gebunden durch Liebe, sind wir mit heiligem Licht gekrönt.“","「자애로운 수호신의 은혜 덕분에, 새 보금자리를 찾게 되었다. 사랑으로 단결을 이뤄 파도를 헤치니, 마침내 신성한 광채가 면류관으로 변했다」",ko-KR
「岁主恩典，何等甘甜，家园今得寻见；衔枝踏浪，以爱相连，圣辉化作冠冕。」,"「자애로운 수호신의 은혜 덕분에, 새 보금자리를 찾게 되었다. 사랑으로 단결을 이뤄 파도를 헤치니, 마침내 신성한 광채가 면류관으로 변했다」",ko-KR
「慈しみ深き、我が歳主。聖光放つ冠に導かれ、恵みの潮に身を委ねて。今こそ愛に応えて進み、枝を啣みて我が故郷へ。」,"「자애로운 수호신의 은혜 덕분에, 새 보금자리를 찾게 되었다. 사랑으로 단결을 이뤄 파도를 헤치니, 마침내 신성한 광채가 면류관으로 변했다」",ko-KR
「我」の宿らない刃,다시는 나란 존재가 없기를,ko-KR
「歲主恩典，何等甘甜，家園今得尋見；銜枝踏浪，以愛相連，聖輝化作冠冕。」,"「자애로운 수호신의 은혜 덕분에, 새 보금자리를 찾게 되었다. 사랑으로 단결을 이뤄 파도를 헤치니, 마침내 신성한 광채가 면류관으로 변했다」",ko-KR
「角」が剥がれ落ちた龍鱗から作られたと言われている、剣よりもむしろ楽器に見える。,"수호신에게서 빠진 용비늘로 만든 예기라고 전해지며, 칼보다는 악기에 가깝다",ko-KR
【異常効果】を持つ敵にダメージを与えると自身の攻撃力が{0}アップ、{1}秒間持続。1秒ごとに1回発動可能、最大{2}スタック。,"「이상 효과」가 있는 몬스터에게 피해를 입힐 시, 자신의 공격력이 {0} 증가하며, {1}초간 지속된다. 1초마다 1회 발생할 수 있으며, 최대 {2}스택 중첩이 가능하다",ko-KR
【騒光効果】が付与された敵にダメージを与える時に以下の効果を獲得：自身の回折ダメージが{0}アップ。この効果は1秒ごとに1スタック獲得可能、6秒間持続、最大4スタック。,"「광학 효과」가 있는 적에게 피해를 입힐 시 다음 효과를 얻을 수 있다. 자신의 회절 피해가 {0} 증가되고, 1초마다 1스택을 획득할 수 있으며, 6초간 지속되고, 최대 4스택 중첩이 가능하다",ko-KR
"かつて白きゲートキーパーが心の集域を安定させるために使用していたアンカー。
白きゲートキーパーが白猫の姿に変化した後、この装置の外観もいくらか変わったようだ……","화이트 게이트 수호자가 마음의 영역 안정을 시키는 데 사용하는 스테디 앵커이다.
화이트 게이트 수호자가 흰 고양이 형태로 변화된 후, 이 장치의 외형에도 변화가 발생했다...",ko-KR
"すべての規則は観測可能、すべての現象は分析可能。
何光年も遠くにある理想に、この両手が届き得るのと同じように。","모든 법칙은 관측 가능하고, 모든 현상은 해석 가능하다.
수만 광년 너머에 있는 이상에, 두 손이 닿을 수 있듯이",ko-KR
"すべての陽の光があなたを照らした。答えはすぐそこにある。
やらなければならないことがあるのだ、あなたにしか成し遂げられないことが。
一歩踏み出そう、太陽のもっと近くへ。","모든 햇빛이 당신을 비추니, 답이 보일 것이다.
해야만 하는 일들이 있고, 당신만이 할 수 있는 일들이 있다.
크게 한 걸음 내디뎌 보자, 태양의 끝에 더 가까이",ko-KR
それは感情を持たぬ精確な時計の如く、着実に、容赦なく、裁きの到来を告げている――全ての罪を呑み込む焔光にして、夜の闇を打ち払う暁の光。,"그것은 시계처럼 정확하고 안정적이며, 가차없는 업보의 종말을 고한다——모든 죄는 새벽빛이 어둠을 흩날리는 것처럼 불빛 속에서 사라질 것이다",ko-KR
"たった一振りの刃で、この果てしない夜を切り裂くことは叶うのか。彼女はただ答えを求め、ひたすらに前へと歩み続ける。
行き場を失い、細かく砕かれた無数の願い。それは彼女の血へと溶け込み、今も熱く燃え滾りながら、その鼓動を刻んでいる。","얼마나 날카로운 칼이어야, 이 끝없는 밤을 단숨에 가를 수 있을까?
그녀는 답을 찾으며 앞으로 나아간다. 기댈 곳 없이 부서진 소원들은 그녀의 피에 스며들어 타오른다",ko-KR
とこしえの明星,영원한 샛별,ko-KR
アンプラグド,홀로 깨어난 자,ko-KR
エラーが発生しました、ご不明点がありましたら、サポートにお問い合わせください,"오류 발생, 문의 사항이 있으실 경우 고객센터로 연락주시기 바랍니다",ko-KR
エンドレスボヤージュ,흔들리지 않는 용기,ko-KR
ケラウノス・プロミネンス,불타오른 권력,ko-KR
コアが溶融する降着円盤,융합의 원반,ko-KR
サンケンドリーム,가라앉은 꿈,ko-KR
スカル・ポッパー,스컬 스래셔,ko-KR
スターキャリブレーター,별하늘 연산 측정기,ko-KR
スペクトラル・トリガー,스펙트럴 트리거,ko-KR
スペクトル・ブラスター,스펙트럼 블래스터,ko-KR
ソル・スウォーンの注釈,솔스원의 해석,ko-KR
ダッシュ・回避時、攻撃力が{0}アップ、この効果は{1}秒間持続、最大{2}スタック。,"캐릭터가 돌진하거나 회피할 시, 공격력이 {0} 증가하고, {1}초간 지속되며, 최대 {2}스택 중첩이 가능하다",ko-KR
ダメージを受けた時、自分の攻撃力が{0}、防御力が{1}アップ、この効果は最大3スタック、10秒間持続。,피해를 입었을 경우 {0}% 공격력과 {1}%의 방어력이 증가하고 10초간 지속되며 3층까지 중첩된다,ko-KR
ダメージを受けた時、自分の攻撃力が{0}、防御力が{1}アップ、この効果は最大3スタック、10秒間持続。,"피해를 입었을 경우 {0}%의 공격력과 {1}%의 방어력이 증가하고, 10초간 지속되며, 최대 3층 중첩이 가능하다",ko-KR
テスト1-迅刀,테스트1-단검,ko-KR
テスト武器,테스트 무기,ko-KR
デイブレイカースパイン,한낮의 의지,ko-KR
トラジコメーディア,희비극,ko-KR
ニャー！,냐앙!,ko-KR
パルスの機腕,격동의 조력,ko-KR
フェーズのさざ波,위상의 파동,ko-KR
フェードアウト,페이드 아웃,ko-KR
フリーズフレーム,프리즈 프레임,ko-KR
ボゾンの観測器,보손 관측기,ko-KR
ラストダンス,죽음과 춤,ko-KR
ラディアンスの切っ先,에너지 절단,ko-KR
ルクス＆アンブラ,얽혀진 빛과 그림자,ko-KR
ループの外側,시작과 끝,ko-KR
レクイエム,진혼곡,ko-KR
レトリック,수식,ko-KR
レーザーの鋭剣,레이저 변형,ko-KR
"一切規律皆可被觀測，一切現象皆可被析解。
正如理想遠在光年之外，抵達的方法卻在雙手咫尺之間。","모든 법칙은 관측 가능하고, 모든 현상은 해석 가능하다.
수만 광년 너머에 있는 이상에, 두 손이 닿을 수 있듯이",ko-KR
"一切规律皆可被观测，一切现象皆可被析解。
正如理想远在光年之外，抵达的方法却在双手咫尺之间。","모든 법칙은 관측 가능하고, 모든 현상은 해석 가능하다.
수만 광년 너머에 있는 이상에, 두 손이 닿을 수 있듯이",ko-KR
一往无前,정면돌파,ko-KR
一往無前,정면돌파,ko-KR
一息万变,천변만화,ko-KR
一息萬變,천변만화,ko-KR
"一把刀，到底要多鋒利，才能劃破不見盡頭的長夜？
她向前求索，那些無處寄託的願望，都被揉碎於她的血液中流淌燃燒。","얼마나 날카로운 칼이어야, 이 끝없는 밤을 단숨에 가를 수 있을까?
그녀는 답을 찾으며 앞으로 나아간다. 기댈 곳 없이 부서진 소원들은 그녀의 피에 스며들어 타오른다",ko-KR
"一把刀，到底要多锋利，才能划破不见尽头的长夜？
她向前求索，那些无处寄托的愿望，都被揉碎于她的血液中流淌燃烧。","얼마나 날카로운 칼이어야, 이 끝없는 밤을 단숨에 가를 수 있을까?
그녀는 답을 찾으며 앞으로 나아간다. 기댈 곳 없이 부서진 소원들은 그녀의 피에 스며들어 타오른다",ko-KR
一瞬の変化,천변만화,ko-KR
万物を書き留める月相,세상 만물의 진리,ko-KR
万物を綴る月,만물을 연결하는 달,ko-KR
万物持存的注释,세상 만물의 진리,ko-KR
万端の枢機,팔방의 천추,ko-KR
万象変遷,천공의 광경,ko-KR
不変の湖煙,부동의 안개,ko-KR
不屈命定之冠,숙명에 맞서는 관,ko-KR
不归孤军,야귀의 신념,ko-KR
不歸孤軍,야귀의 신념,ko-KR
不滅航路,흔들리지 않는 용기,ko-KR
不灭航路,흔들리지 않는 용기,ko-KR
专为新手共鸣者特制的佩枪，低调朴实的外表下，蕴含着不容小觑的战斗力。,초보 공명자를 위해 특별히 제작된 권총. 수수한 외형과 다르게 만만치 않은 전투력이 잠재되어 있다,ko-KR
专为新手共鸣者特制的臂铠，低调朴实的外表下，蕴含着不容小觑的战斗力。,초보 공명자를 위해 특별히 제작된 권갑. 수수한 외형과 다르게 만만치 않은 전투력이 잠재되어 있다,ko-KR
专为新手共鸣者特制的迅刀，低调朴实的外表下，蕴含着不容小觑的战斗力。,초보 공명자를 위해 특별히 제작된 직검. 수수한 외형과 다르게 만만치 않은 전투력이 잠재되어 있다,ko-KR
专为新手共鸣者特制的长刃，低调朴实的外表下，蕴含着不容小觑的战斗力。,초보 공명자를 위해 특별히 제작된 대검. 수수한 외형과 다르게 만만치 않은 전투력이 잠재되어 있다,ko-KR
专为新手共鸣者特制的音感仪，低调朴实的外表下，蕴含着不容小觑的战斗力。,초보 공명자를 위해 특별히 제작된 증폭기. 수수한 외형과 다르게 만만치 않은 전투력이 잠재되어 있다,ko-KR
东落,저무는 동녘,ko-KR
丹煌灼羽,불사조의 깃털,ko-KR
为纪念夜归战士对今州的守护而打造的音感仪。有诗赞曰：“湖城北望荒石岭，氤氲暗雨遮朔关。”,"야귀군을 위해 특별히 제작된 증폭기. 야귀 전사의 금주 수호의 의지가 담겨있다.
한 시에서는 이를 「어두운 밤 자욱한 안개비가 흩날리고 있으니, 호성 황석령의 북쪽 하늘을 뒤덮는구나!」라고 찬양한다",ko-KR
为纪念夜归战士的一往无前而打造的迅刀。有诗赞曰：“千音万阙传惊鼓，百兵一心出云陵。”,"야귀군을 위해 특별히 제작된 직검. 야귀 전사의 용감한 전진에 대한 신념을 담고 있다.
한 시에서는 이를 「전쟁을 알리는 북소리가 울려퍼지며, 전사들은 필사즉생의 각오로 협곡을 건넌다.」라고 찬양한다",ko-KR
为纪念夜归战士的同袍之义而打造的臂铠。有诗赞曰“薄衣难抵霜晨月，铁甲能断星垂寒。”,"야귀군을 위해 특별히 제작된 권갑. 야귀 전사의 전우에 대한 의리를 담고 있다.
한 시에서는 이를 「얇은 옷은 서리달의 추위 앞에 무릎을 굽히고, 권갑은 서리별의 추위를 감싸안는다.」라고 찬양한다",ko-KR
为纪念夜归战士的常备不懈而打造的长刃。有诗赞曰：“漫漫长夜秋萧瑟，点点星光负长缨。”,"야귀군을 위해 특별히 제작된 대검. 야귀 전사의 꾸준한 양성에 대한 신념을 담고 있다.
한 시에서는 이를 「끝없이 긴 가을밤에, 서러운 바람이 쌩쌩 불고, 희미한 별빛 아래, 출정 준비를 마쳤다.」라고 찬양한다",ko-KR
为纪念夜归战士的舍生忘死而打造的佩枪。有诗赞曰：“会燃残躯成烈火，焚焰灼尽天下安。”,"야귀군을 위해 특별히 제작된 권총. 야귀 전사의 사생결단에 대한 신념을 담고 있다.
한 시에서는 이를 「찬란한 세상의 빛을 위해, 이 한 몸 기꺼이 불태우리라!」라고 찬양한다",ko-KR
云琅,옥빛 구름,ko-KR
人の成す業,굳건한 의지,ko-KR
人世間的哀樂變幻無端， 痛苦轉瞬就變成了狂歡。,슬픔과 기쁨이 끝없이 반복되는 인간 세상에서는 고통도 순식간에 카니발로 바뀌게 된다,ko-KR
人世间的哀乐变幻无端， 痛苦转瞬就变成了狂欢。,슬픔과 기쁨이 끝없이 반복되는 인간 세상에서는 고통도 순식간에 카니발로 바뀌게 된다,ko-KR
人定,굳건한 의지,ko-KR
今州の衛士,금주의 수호,ko-KR
今州守望,금주의 수호,ko-KR
仙境の湖光,푸른물결의 빛,ko-KR
以乐谱频率为灵感创作的佩枪。音阶上行，手持此枪，将以破空之势贯穿雷霆，演绎绝妙乐章。,음계가 상승한 권총을 손에 쥐면 파공의 기세로 하늘을 찌르며 절묘한 악장을 연출한다,ko-KR
以乐谱频率为灵感创作的臂铠。音阶下行，臂有此铠，以巨浪之音呼啸狂怒，锻造高昂交响。,권갑을 감싸고 내려가듯 거센 파도가 울부짖으며 격노하니 웅장한 교향곡이 시작된다,ko-KR
以乐谱频率为灵感创作的迅刀。音阶上行，手持此刃，以悦耳之鸣，谱写华丽序曲。,악보의 주파수를 영감으로 제작한 직검. 음계가 올라간 검을 손에 쥐면 아름다운 소리로 화려한 서곡을 작곡할 수 있다,ko-KR
以乐谱频率为灵感创作的长刃。音阶下行，手持此刃，将以异响之力引领战局，佳作永不落幕。,악보의 주파수를 영감으로 제작한 대검. 음계가 내려앉은 칼을 들면 굉음의 힘으로 전장을 지배한다. 걸작은 영원히 막을 내리지 않는다,ko-KR
以乐谱频率为灵感创作的音感仪。音阶下行，手持此器，将以洞悉之态寻觅战策，协奏就此变调。,공명이 내려앉는 무기를 손에 쥐고 모든 것을 꿰뚫어 전략을 찾으니 협주의 변화가 일어난다,ko-KR
以強大火力而著稱的槍械，持此槍立於戰場，胸中會升騰起激昂的戰意。,"강력한 화력으로 유명한 권총로, 이 총을 들고 전쟁터에 나서면 가슴에서 격앙된 전의가 치솟는다",ko-KR
以强大火力而著称的枪械，持此枪立于战场，胸中会升腾起激昂的战意。,"강력한 화력으로 유명한 권총로, 이 총을 들고 전쟁터에 나서면 가슴에서 격앙된 전의가 치솟는다",ko-KR
以樂譜頻率為靈感創作的佩槍。音階上行，手持此槍，將以破空之勢貫穿雷霆，演繹絕妙樂章。,음계가 상승한 권총을 손에 쥐면 파공의 기세로 하늘을 찌르며 절묘한 악장을 연출한다,ko-KR
以樂譜頻率為靈感創作的臂鎧。音階下行，臂有此鎧，以巨浪之音呼嘯狂怒，鍛造高昂交響。,권갑을 감싸고 내려가듯 거센 파도가 울부짖으며 격노하니 웅장한 교향곡이 시작된다,ko-KR
以樂譜頻率為靈感創作的迅刀。音階上行，手持此刃，以悅耳之鳴，譜寫華麗序曲。,악보의 주파수를 영감으로 제작한 직검. 음계가 올라간 검을 손에 쥐면 아름다운 소리로 화려한 서곡을 작곡할 수 있다,ko-KR
以樂譜頻率為靈感創作的長刃。音階下行，手持此刃，將以異響之力引領戰局，佳作永不落幕。,악보의 주파수를 영감으로 제작한 대검. 음계가 내려앉은 칼을 들면 굉음의 힘으로 전장을 지배한다. 걸작은 영원히 막을 내리지 않는다,ko-KR
以樂譜頻率為靈感創作的音感儀。音階下行，手持此器，將以洞悉之態尋覓戰策，協奏就此變調。,공명이 내려앉는 무기를 손에 쥐고 모든 것을 꿰뚫어 전략을 찾으니 협주의 변화가 일어난다,ko-KR
众力,합력,ko-KR
侵食,지옥의 징벌,ko-KR
修辞,수식,ko-KR
修辭,수식,ko-KR
倒錯の星,상승의 서녘,ko-KR
倾听它——在冷峭的刀刃之下，仿佛能听见极寒冰流暗涌的声音，思想渐渐如水般聚流成涡。跟随此流向翻飞，手中的迅刀将吞噬一切落入其中的敌人。,"경청 — 차가운 칼날의 표면을 통해 마치 차가운 물결의 바닷소리가 들려, 점점 소용돌이처럼 생각에 잠기게 된다. 물의 흐름을 따라 손에 든 직검을 휘두르면 모든 적을 집어삼킬 수 있다",ko-KR
停駐之煙,부동의 안개,ko-KR
停驻之烟,부동의 안개,ko-KR
偽物の矮星,위조된 작은별,ko-KR
傾聽它——在冷峭的刀刃之下，仿佛能聽見極寒冰流暗湧的聲音，思想漸漸如水般聚流成渦。跟隨此流向翻飛，手中的迅刀將吞噬一切落入其中的敵人。,"경청 — 차가운 칼날의 표면을 통해 마치 차가운 물결의 바닷소리가 들려, 점점 소용돌이처럼 생각에 잠기게 된다. 물의 흐름을 따라 손에 든 직검을 휘두르면 모든 적을 집어삼킬 수 있다",ko-KR
先覚者,선지자,ko-KR
先覺者,선지자,ko-KR
先觉者,선지자,ko-KR
光のハルモニア,광휘의 찬송가,ko-KR
光の祝福,빛의 비호,ko-KR
光影双生,얽혀진 빛과 그림자,ko-KR
光影雙生,얽혀진 빛과 그림자,ko-KR
光殉,페이드 아웃,ko-KR
入念な策謀,주도면밀,ko-KR
全属性ダメージ{0}アップ。変奏スキル・共鳴解放発動時、自身の重撃ダメージが{1}アップ、この効果は最大{2}スタック、{3}秒間持続。,"전체 속성 피해 보너스가 {0} 증가한다. 변주 스킬 또는 공명 해방을 발동할 때마다, 자신의 강공격 피해 보너스가 {1} 증가하고, {2}스택 중첩이 가능하며, {3}초간 지속된다",ko-KR
全属性ダメージ{0}アップ。虚滅効果を付与した後、{1}の重撃ダメージブーストを獲得し、重撃ダメージは目標の防御力を{2}無視する、{3}秒間持続。,"전체 속성 피해 보너스가 {0} 증가된다. 암흑 효과 추가 후, 강공격 피해가 {1} 부스트되고, 강공격 피해는 목표의 {2} 방어력을 무시하며, {3}초간 지속된다",ko-KR
全属性伤害加成提升{0}。每次施放变奏技能或共鸣解放时，自身重击伤害加成提升{1}，可叠加{2}层，效果持续{3}秒。,"전체 속성 피해 보너스가 {0} 증가한다. 변주 스킬 또는 공명 해방을 발동할 때마다, 자신의 강공격 피해 보너스가 {1} 증가하고, {2}스택 중첩이 가능하며, {3}초간 지속된다",ko-KR
全属性伤害加成提升{0}。附加虚湮效应后，重击伤害加深{1}，重击伤害无视目标{2}防御，持续{3}秒。,"전체 속성 피해 보너스가 {0} 증가된다. 암흑 효과 추가 후, 강공격 피해가 {1} 부스트되고, 강공격 피해는 목표의 {2} 방어력을 무시하며, {3}초간 지속된다",ko-KR
全屬性傷害加成提升{0}。 每次施放變奏技能或共鳴解放時，自身重擊傷害加成提升{1}，可疊加{2}層，效果持續{3}秒。,"전체 속성 피해 보너스가 {0} 증가한다. 변주 스킬 또는 공명 해방을 발동할 때마다, 자신의 강공격 피해 보너스가 {1} 증가하고, {2}스택 중첩이 가능하며, {3}초간 지속된다",ko-KR
全屬性傷害加成提升{0}。附加虛湮效應後，重擊傷害加深{1}，重擊傷害無視目標{2}防禦，持續{3}秒。,"전체 속성 피해 보너스가 {0} 증가된다. 암흑 효과 추가 후, 강공격 피해가 {1} 부스트되고, 강공격 피해는 목표의 {2} 방어력을 무시하며, {3}초간 지속된다",ko-KR
共济,공제,ko-KR
共濟,공제,ko-KR
共鳴スキルを発動時、攻撃力と通常攻撃ダメージが{0}アップ、{1}秒間持続。,"공명 스킬 발동 시, 공격력과 일반 공격 피해 보너스가 {0} 증가되고 {1}초간 지속된다",ko-KR
共鳴スキルダメージ{0}アップ。,공명 스킬 피해 보너스 {0} 증가,ko-KR
共鳴スキルダメージが{0}アップ。,공명 스킬 피해 보너스 {0} 증가,ko-KR
共鳴スキル発動時、共鳴エネルギーを{0}Pt獲得し、攻撃力が{1}アップ、{2}秒間持続。この効果は{3}秒ごとに1回発動可能。,"공명 스킬 발동 시, 공명 에너지를 {0}pt 획득하고, 공격력이 {1} 증가하며, {2}초간 지속된다. 해당 효과는 {3}초마다 1회 발생할 수 있다",ko-KR
共鳴スキル発動時、共鳴エネルギーを{0}Pt獲得する。この効果は{1}秒ごとに{2}回発動可能。,"공명 스킬 발동 시, 공명 에너지 {0}pt를 회복하고, {1}초마다 {2}회 발동할 수 있다",ko-KR
共鳴スキル発動時、共鳴エネルギーを{0}Pt獲得する。この効果は{1}秒ごとに{2}回発動可能。,"공명 스킬 발동 시, 공명 에너지 {0}pt를 회복하고, {1}초마다 {2}회 발생할 수 있다",ko-KR
共鳴スキル発動時、共鳴エネルギーを{0}Pt獲得する。この効果は{1}秒ごとに{2}回発動可能。,"공명 스킬 발동 시, 공명 에너지 {0}pt를 회복하며, {1}초마다 {2}회 발생할 수 있다",ko-KR
共鳴スキル発動時、共鳴エネルギーを{0}獲得し、この効果は{1}秒ごとに{2}回発動可能。,"공명 스킬 발동 시, 공명 에너지 {0}pt를 회복하고, {1}초마다 {2}회 발생할 수 있다",ko-KR
共鳴スキル発動時、協奏エネルギーを{0}Pt獲得する。この効果は{1}秒ごとに{2}回発動可能。,"공명 스킬 발동 시, 협주 에너지 {0}pt를 회복하며, {1}초마다 {2}회 발생할 수 있다",ko-KR
共鳴スキル発動時、自身のHPを{0}回復。この効果は{1}秒ごとに最大{2}回発動可能。,"공명 스킬 발동 시, 자신의 HP가 {0} 회복되며, {1}초마다 {2}회 발생할 수 있다",ko-KR
共鳴スキル発動時、自身の共鳴解放ダメージが{0}アップ、この効果は{1}秒間持続。,"공명 스킬 발동 시, 자신의 공명 해방 피해 보너스가 {0} 증가하며, {1}초간 지속된다",ko-KR
共鳴スキル発動時、自身の通常攻撃ダメージと重撃ダメージが{0}アップ、この効果は最大{1}スタック、{2}秒間持続、{3}秒ごとに{4}回発動可能。,"공명 스킬 발동 시, 자신의 일반 공격 피해 보너스와 강공격 피해 보너스가 {0} 증가하고, 최대 {1}스택 중첩이 가능하며, {2}초간 지속된다. {3}초마다 {4}회 발생할 수 있다",ko-KR
共鳴効率{0}アップ。共鳴スキル発動時、共鳴解放ダメージが{1}アップ、この効果は最大{2}スタック、{3}秒間持続。,"공명 효율 {0} 증가. 공명 스킬 발동 시, 공명 해방 피해 보너스가 {1} 증가하고, 최대 {2}스택 중첩이 가능하며, {3}초간 지속된다",ko-KR
共鳴効率{0}アップ。共鳴スキル発動時、攻撃力が{1}アップ、この効果は最大{2}スタック、{3}秒間持続。,"공명 효율 {0} 증가. 공명 스킬 발동 시, 공격력이 {1} 증가하고, 최대 {2}스택 중첩이 가능하며, {3}초간 지속된다",ko-KR
共鳴効率{0}アップ。終奏スキル後に登場するキャラの攻撃力が{1}アップ、最大{2}スタック、{3}秒間持続。,"공명 효율이 {0} 증가한다. 반주 스킬 발동 후, 등장 캐릭터의 공격력이 {1} 증가하고, 최대 {2}스택 중첩이 가능하며, {3}초간 지속된다",ko-KR
共鳴技能傷害加成提升{0}。,공명 스킬 피해 보너스 {0} 증가,ko-KR
共鳴效率提升{0}。 施放共鳴技能時，共鳴解放傷害加成提升{1}，可疊加{2}層，持續{3}秒。,"공명 효율 {0} 증가. 공명 스킬 발동 시, 공명 해방 피해 보너스가 {1} 증가하고, 최대 {2}스택 중첩이 가능하며, {3}초간 지속된다",ko-KR
共鳴效率提升{0}。 施放共鳴技能時，攻擊提升{1}，可疊加{2}層，持續{3}秒。,"공명 효율 {0} 증가. 공명 스킬 발동 시, 공격력이 {1} 증가하고, 최대 {2}스택 중첩이 가능하며, {3}초간 지속된다",ko-KR
共鳴效率提升{0}。施放延奏技能後，入場角色攻擊提升{1}，可疊加{2}層，持續{3}秒。,"공명 효율이 {0} 증가한다. 반주 스킬 발동 후, 등장 캐릭터의 공격력이 {1} 증가하고, 최대 {2}스택 중첩이 가능하며, {3}초간 지속된다",ko-KR
共鳴解放を発動時、攻撃力が{0}アップ、共鳴解放ダメージが{1}アップ、{2}秒間持続。,"공명 해방 발동 시, 공격력이 {0} 증가되고 공명 해방 피해 보너스가 {1} 증가되며 {2}초간 지속된다",ko-KR
共鳴解放を発動時、攻撃力が{0}アップ、重撃ダメージが{1}アップ、{2}秒間持続。,"공명 해방 발동 시, 공격력이 {0} 증가되고 강공격 피해 보너스가 {1} 증가되며 {2}초간 지속된다",ko-KR
共鳴解放ダメージ{0}アップ。,공명 해방 피해 보너스 {0} 증가,ko-KR
共鳴解放傷害加成提升{0}。,공명 해방 피해 보너스 {0} 증가,ko-KR
共鳴解放発動後、「鉄甲」を3スタック得る。スタックごとに攻撃力と防御力が{0}アップ、この効果は最大0スタック。ダメージを受けた時、1スタック失う。,"공명 해방 발동 후, 3층의 「철갑」 효과를 얻으며, 각 층마다 공격력과 방어력을 {0}% 향상시키며, 최대 3층 중첩이 가능함며, 피해를 입을 때마다 1층씩 감소한다",ko-KR
共鳴解放発動後、攻撃力が{0}アップ、この効果は12秒間持続。,"공명 해방 발동 후, 공격력이 {0}% 증가하며 12초간 지속된다",ko-KR
共鳴解放発動後、攻撃力が{0}アップ、この効果は12秒間持続。,"공명 해방 사용 후, 공격력이 {0}% 증가하며 12초간 지속된다",ko-KR
共鳴解放発動後、通常攻撃と重撃ダメージが{0}アップ、この効果は10秒間持続。,"공명 해방 발동 후, 일반 공격과 강공격 피해가 {0}% 증가하며 10초간 지속된다",ko-KR
共鳴解放発動後、通常攻撃ダメージと重撃ダメージが{0}アップ、この効果は10秒間持続。,"공명 해방 발동 후, 일반 공격과 강공격 피해가 {0}% 증가하며 10초간 지속된다",ko-KR
共鳴解放発動時、自身のHPを{0}回復。この効果は{1}秒ごとに最大{2}回発動可能。,"공명 해방 발동 시, 자신의 HP가 {0} 회복되며, {1}초마다 {2}회 발생할 수 있다",ko-KR
共鳴解放発動時、自身のHP回復効果が{0}アップ、{1}秒間持続。,"공명 해방 발동 시, 자신의 치료 효과 보너스가 {0} 증가하며, {1}초간 지속된다",ko-KR
共鳴解放発動時、自身の攻撃力が{0}アップ、この効果は{1}秒間持続。,"공명 해방 발동 시, 자신의 공격력이 {0} 증가하고, {1}초간 지속된다",ko-KR
共鸣技能伤害加成提升{0}。,공명 스킬 피해 보너스 {0} 증가,ko-KR
共鸣效率提升{0}。施放共鸣技能时，共鸣解放伤害加成提升{1}，可叠加{2}层，持续{3}秒。,"공명 효율 {0} 증가. 공명 스킬 발동 시, 공명 해방 피해 보너스가 {1} 증가하고, 최대 {2}스택 중첩이 가능하며, {3}초간 지속된다",ko-KR
共鸣效率提升{0}。施放共鸣技能时，攻击提升{1}，可叠加{2}层，持续{3}秒。,"공명 효율 {0} 증가. 공명 스킬 발동 시, 공격력이 {1} 증가하고, 최대 {2}스택 중첩이 가능하며, {3}초간 지속된다",ko-KR
共鸣效率提升{0}。施放延奏技能后，入场角色攻击提升{1}，可叠加{2}层，持续{3}秒。,"공명 효율이 {0} 증가한다. 반주 스킬 발동 후, 등장 캐릭터의 공격력이 {1} 증가하고, 최대 {2}스택 중첩이 가능하며, {3}초간 지속된다",ko-KR
共鸣解放伤害加成提升{0}。,공명 해방 피해 보너스 {0} 증가,ko-KR
兼收並蓄,포용의 힘,ko-KR
兼收并蓄,포용의 힘,ko-KR
再び炎に抱かれて,불의 귀환,ko-KR
再无我,다시는 나란 존재가 없기를,ko-KR
再無我,다시는 나란 존재가 없기를,ko-KR
凋亡頻移,멸망의 주파수,ko-KR
凋亡频移,멸망의 주파수,ko-KR
凌云的壮志雄心,웅대한 포부,ko-KR
凌空,거침없는 비상,ko-KR
凌雲のほどに満懐大志,웅대한 포부,ko-KR
凌雲的壯志雄心,웅대한 포부,ko-KR
凝視它——在凜冽的刃鋒之中，仿佛能看到微風驟起，那片無止盡的湖水泛起陣陣冰寒粼光。忘我地揮舞這把長刃，便能感覺到如水般清澈的刀身中積蓄的能量。,집중 — 날카로운 칼날의 끝부분을 통해 마치 갑자기 불어오는 산들바람과 함께 끝없는 호수가 차가운 은빛 비늘처럼 반짝거리는 모습을 보는 것 같다. 이 대검을 휘둘러 무아의 경지에 이르면 샘물처럼 맑은 칼날 속에 축적된 에너지를 느낄 수 있다,ko-KR
凝视它——在凛冽的刃锋之中，仿佛能看到微风骤起，那片无止尽的湖水泛起阵阵冰寒粼光。忘我地挥舞这把长刃，便能感觉到如水般清澈的刀身中积蓄的能量。,집중 — 날카로운 칼날의 끝부분을 통해 마치 갑자기 불어오는 산들바람과 함께 끝없는 호수가 차가운 은빛 비늘처럼 반짝거리는 모습을 보는 것 같다. 이 대검을 휘둘러 무아의 경지에 이르면 샘물처럼 맑은 칼날 속에 축적된 에너지를 느낄 수 있다,ko-KR
凯旋,승리의 노래,ko-KR
凱旋,승리의 노래,ko-KR
出席フリーパスプロトコル,출석 면제 프로토콜,ko-KR
刃の先に,검이 가리키는 곳,ko-KR
刚柔并出,강유병존,ko-KR
创制开先,새로운 법칙,ko-KR
別れのメロス,작별의 로맨스,ko-KR
刻苦,각고의 힘,ko-KR
削肉蚀骨,지옥의 징벌,ko-KR
削肉蝕骨,지옥의 징벌,ko-KR
前進,전진의 발걸음,ko-KR
剛柔並出,강유병존,ko-KR
剣に乗る疾風,칼날의 질풍,ko-KR
創制開先,새로운 법칙,ko-KR
創造,새로운 법칙,ko-KR
千仞无枝,홀로 솟은 깃,ko-KR
千仞無枝,홀로 솟은 깃,ko-KR
千古の湖水,천년의 회류,ko-KR
千古洑流,천년의 회류,ko-KR
千般渡,수많은 인도,ko-KR
华彩乐段,화려한 악곡,ko-KR
华胥研究院在此前源能武器的基础上进行自主改进、研发的第一把极具实用性的高性能迅刀，代表着研究院的过往与发展，历久弥新。,"화서연구원이 이전의 원능 무기를 기반으로 개발한 첫 번째 실용적인 고성능 직검. 연구원의 과거와 발전을 대표하며, 오랫동안 새로운 상태가 유지된다",ko-KR
华胥研究院在此前源能武器的基础上进行自主改进、研发的第一把极具实用性的高性能长刃，代表着研究院的理性与开放，坚不可摧。,"화서연구원이 이전의 원능 무기를 기반으로 개발한 첫 번째 실용적인 고성능 대검. 연구원의 이성과 개방성을 대표하며, 매우 견고하여 파괴가 불가능하다",ko-KR
協力,공제,ko-KR
協奏エフェクト発動時、共鳴解放ダメージが{0}%アップ。10秒間持続。最大2スタック。,"협주 이펙트 발동 시, 공명 해방 피해가 {0}% 증가하며 10초간 지속되며 최대 2층까지 중첩된다",ko-KR
協奏エフェクト発動時、共鳴解放ダメージが{0}%アップ。10秒間持続。最大2スタック。,"협주 이펙트 발생 시, 공명 해방 피해가 {0}% 증가하고, 10초간 지속되며, 최대 2층 중첩이 가능하다",ko-KR
却邪,벽사,ko-KR
卻邪,벽사,ko-KR
原初の増幅器・波音,태초의 증폭기,ko-KR
原初の手甲・磐石,태초의 권갑,ko-KR
原初の拳銃・深森,태초의 권총,ko-KR
原初の迅刀・雨鳴,태초의 직검,ko-KR
原初の長刃・岩塊,태초의 대검,ko-KR
原初佩枪·穿林,태초의 권총,ko-KR
原初佩槍·穿林,태초의 권총,ko-KR
原初臂鎧·磐岩,태초의 권갑,ko-KR
原初臂铠·磐岩,태초의 권갑,ko-KR
原初迅刀·鳴雨,태초의 직검,ko-KR
原初迅刀·鸣雨,태초의 직검,ko-KR
原初長刃·樸石,태초의 대검,ko-KR
原初长刃·朴石,태초의 대검,ko-KR
原初音感仪·听浪,태초의 증폭기,ko-KR
原初音感儀·聽浪,태초의 증폭기,ko-KR
受到傷害時，增加自身{0}%攻擊和{1}%防禦，效果持續10秒，可疊加3層。,피해를 입었을 경우 {0}% 공격력과 {1}%의 방어력이 증가하고 10초간 지속되며 3층까지 중첩된다,ko-KR
受到傷害時，增加自身{0}%攻擊和{1}%防禦，效果持續10秒，可疊加3層。,"피해를 입었을 경우 {0}%의 공격력과 {1}%의 방어력이 증가하고, 10초간 지속되며, 최대 3층 중첩이 가능하다",ko-KR
叙别的罗曼史,작별의 로맨스,ko-KR
召鬼呼星,혼을 부르고 별을 소환해,ko-KR
可以更改武器外觀的投影道具。,무기 외관을 변경할 수 있는 투영 도구,ko-KR
可以更改武器外观的投影道具。,무기 외관을 변경할 수 있는 투영 도구,ko-KR
合意,합일,ko-KR
同心,동심,ko-KR
同行,상성,ko-KR
吟唱,칼의 울림,ko-KR
吟誦,칼의 울림,ko-KR
吟诵,칼의 울림,ko-KR
吠え猛る荒海を凌ぐ、ただ一点の明かり。,"거센 바람이 미친 듯이 몰아치고, 사나운 파도가 하늘 높이 치솟는다. 바다가 모든 것을 삼켜버렸지만, 선등만이 흔들리지 않고 웃고 있다!",ko-KR
"吠え猛る荒海を凌ぐ、ただ一点の明かり。
進め、航海灯が指し示すその先へ。進め、世界の果てまで。","거센 바람이 미친 듯이 몰아치고, 사나운 파도가 하늘 높이 치솟는다. 바다가 모든 것을 삼켜버렸지만, 선등만이 흔들리지 않고 웃고 있다!
거침없이 나아가라! 세상의 끝을 보기 위해!",ko-KR
启程,시작의 발걸음,ko-KR
呼啸重音,바람의 악센트,ko-KR
呼嘯重音,바람의 악센트,ko-KR
命を繋ぐ弦,생명의 현,ko-KR
命弦,생명의 현,ko-KR
和光回唱,광휘의 찬송가,ko-KR
和鳴諧振,화음 공진,ko-KR
和鸣谐振,화음 공진,ko-KR
咏叹之音,끝없는 메아리,ko-KR
啟程,시작의 발걸음,ko-KR
喜怒哀楽が果てしなく巡る人の世では、苦痛も狂喜もただ刹那の幻。,슬픔과 기쁨이 끝없이 반복되는 인간 세상에서는 고통도 순식간에 카니발로 바뀌게 된다,ko-KR
喵呜！,냐앙!,ko-KR
喵嗚！,냐앙!,ko-KR
器,T4-5금주 +시리즈 손총,ko-KR
器,T4-5금주+시리즈 단검,ko-KR
器,T4-5금주+시리즈 마법기,ko-KR
器,공격력 {0}% 증가,ko-KR
器,"공명 해방 발동 후, 3층의 「철갑」 효과를 얻으며, 각 층마다 공격력과 방어력을 {0}% 향상시키며, 최대 3층 중첩이 가능함며, 피해를 입을 때마다 1층씩 감소한다",ko-KR
器,"공명 해방 발동 후, 공격력이 {0}% 증가하며 12초간 지속된다",ko-KR
器,"공명 해방 발동 후, 일반 공격과 강공격 피해가 {0}% 증가하며 10초간 지속된다",ko-KR
器,"공명 해방 사용 후, 공격력이 {0}% 증가하며 12초간 지속된다",ko-KR
器,테스트 돌파 그룹의 무기,ko-KR
器,테스트 무기,ko-KR
器,테스트/T4-5금주+시리즈 대검,ko-KR
器,"피해를 입었을 경우 {0}%의 공격력과 {1}%의 방어력이 증가하고, 10초간 지속되며, 최대 3층 중첩이 가능하다",ko-KR
器,"협주 이펙트 발동 시, 공명 해방 피해가 {0}% 증가하며 10초간 지속되며 최대 2층까지 중첩된다",ko-KR
器,"협주 이펙트 발생 시, 공명 해방 피해가 {0}% 증가하고, 10초간 지속되며, 최대 2층 중첩이 가능하다",ko-KR
噬淵淪亡,죽음의 심연,ko-KR
噬渊沦亡,죽음의 심연,ko-KR
回避反撃発動時、自身のHPを{0}回復。この効果は{1}秒ごとに最大{2}回発動可能。,"회피 반격 발동 시, 자신의 HP가 {0} 회복되며, {1}초마다 {2}회 발생할 수 있다",ko-KR
因多次追随战士凯旋，被公认为受到赐福的幸运之剑。那么，愿胜利与您同在。,"여러 차례 승리를 불러와 행운이 깃든 직검으로 인정받고 있다.
""그럼, 승리가 당신과 함께 하길""",ko-KR
因多次追隨戰士凱旋，被公認為受到賜福的幸運之劍。那麼，願勝利與您同在。,"여러 차례 승리를 불러와 행운이 깃든 직검으로 인정받고 있다.
""그럼, 승리가 당신과 함께 하길""",ko-KR
因空中奇象而生的長刃。鍛造者將目睹異星的感受融於武器之中，使它看起來鏤空輕盈、卻能發揮出星隕時那般無敵重力。,공중에서의 기이한 현상으로 탄생한 대검. 제작자가 이상한 별을 목격한 느낌을 무기에 녹였다. 펀칭이 들어가 가볍게 보이지만 별이 떨어질 때 그만한 무적의 중력을 발휘한다,ko-KR
因空中奇象而生的长刃。锻造者将目睹异星的感受融于武器之中，使它看起来镂空轻盈、却能发挥出星陨时那般无敌重力。,공중에서의 기이한 현상으로 탄생한 대검. 제작자가 이상한 별을 목격한 느낌을 무기에 녹였다. 펀칭이 들어가 가볍게 보이지만 별이 떨어질 때 그만한 무적의 중력을 발휘한다,ko-KR
在海中,바닷속에서,ko-KR
坚毅的勇者之诗,의연한 용사의 시,ko-KR
堅毅的勇者之詩,의연한 용사의 시,ko-KR
塵雲旋臂,천상의 나선,ko-KR
壁破り,불굴의 권갑,ko-KR
変化の星,굉음,ko-KR
変奏スキル使用時、攻撃力が{0}アップ。この効果は{1}秒間持続。,"변주 스킬 발동 시, 공격력이 {0} 증가하며, {1}초간 지속된다",ko-KR
変奏スキル発動時、{0}Ptの協奏エネルギーを獲得する。終奏スキル発動時、{1}Ptの共鳴エネルギーを獲得する。,"변주 스킬 발동 시 협주 에너지 {0}pt를 회복하며, 반주 스킬 발동 시 공명 에너지 {1}pt를 회복한다",ko-KR
変奏スキル発動時、攻撃力が{0}アップ、この効果は{1}秒間持続。,"변주 스킬 발동 시, 공격력이 {0} 증가하며, {1} 초간 지속된다",ko-KR
変奏スキル発動時、攻撃力が{0}アップ、この効果は{1}秒間持続。,"변주 스킬 발동 시, 공격력이 {0} 증가하며, {1}초간 지속된다",ko-KR
変奏スキル発動時、攻撃力が{0}アップ。この効果は{1}秒間持続。,"변주 스킬 발동 시, 공격력이 {0} 증가하며, {1}초간 지속된다",ko-KR
変奏スキル発動時、自身のHPを{0}回復。この効果は{1}秒ごとに最大{2}回発動可能。,"변주 스킬 발동 시, 자신의 HP가 {0} 회복되며, {1}초마다 {2}회 발생할 수 있다",ko-KR
変奏スキル発動時、自身の共鳴スキルダメージが{0}アップ、{1}秒間持続。,"변주 스킬 발동 시, 자신의 공명 스킬 피해 보너스가 {0} 증가하며, {1}초간 지속된다",ko-KR
変奏スキル発動時、自身の共鳴解放ダメージが{0}アップ、この効果は{1}秒間持続。,"변주 스킬 발동 시, 자신의 공명 해방 피해 보너스가 {0} 증가하며, {1}초간 지속된다",ko-KR
変奏スキル発動時、自身の攻撃力が{0}、HP上限が{1}アップ、この効果は{2}秒間持続。,"변주 스킬 발동 시, 자신의 공격력이 {0} 증가하고, HP가 {1} 증가하며, {2}초간 지속된다",ko-KR
変奏スキル発動時、自身の攻撃力が{0}、防御力が{1}アップ、{2}秒間持続。,"변주 스킬 발동 시, 자신의 공격력이 {0} 증가하고, 방어력이 {1} 증가하며, {2}초간 지속된다",ko-KR
変奏スキル発動時、自身の攻撃力が{0}アップ。この効果は{1}秒間持続。,"변주 스킬 발동 시, 자신의 공격력이 {0} 증가하며, {1}초간 지속된다",ko-KR
复归于火,불의 귀환,ko-KR
复苏,재생,ko-KR
夕霞の飲露,노을에 깃든 이슬,ko-KR
夜帰が今州を守り抜いた歳月に応えて、夜帰のために鍛え上げた武器。,"야귀군을 위해 특별히 제작된 증폭기. 야귀 전사의 금주 수호의 의지가 담겨있다.
한 시에서는 이를 「어두운 밤 자욱한 안개비가 흩날리고 있으니, 호성 황석령의 북쪽 하늘을 뒤덮는구나!」라고 찬양한다",ko-KR
夜帰の戦士たちの、いかなる敵にも挑む勇気に応えて、夜帰のために鍛え上げた武器。,"야귀군을 위해 특별히 제작된 직검. 야귀 전사의 용감한 전진에 대한 신념을 담고 있다.
한 시에서는 이를 「전쟁을 알리는 북소리가 울려퍼지며, 전사들은 필사즉생의 각오로 협곡을 건넌다.」라고 찬양한다",ko-KR
夜帰の戦士たちの、万事に備える心構えに応えて、夜帰のために鍛え上げた武器。,"야귀군을 위해 특별히 제작된 대검. 야귀 전사의 꾸준한 양성에 대한 신념을 담고 있다.
한 시에서는 이를 「끝없이 긴 가을밤에, 서러운 바람이 쌩쌩 불고, 희미한 별빛 아래, 출정 준비를 마쳤다.」라고 찬양한다",ko-KR
夜帰の戦士たちの、同志との固い絆に応えて、夜帰のために鍛え上げた武器。,"야귀군을 위해 특별히 제작된 권갑. 야귀 전사의 전우에 대한 의리를 담고 있다.
한 시에서는 이를 「얇은 옷은 서리달의 추위 앞에 무릎을 굽히고, 권갑은 서리별의 추위를 감싸안는다.」라고 찬양한다",ko-KR
夜帰の戦士たちの、身を挺する尽力に応えて、夜帰のために鍛え上げた武器。,"야귀군을 위해 특별히 제작된 권총. 야귀 전사의 사생결단에 대한 신념을 담고 있다.
한 시에서는 이를 「찬란한 세상의 빛을 위해, 이 한 몸 기꺼이 불태우리라!」라고 찬양한다",ko-KR
大海是渔民的麦田，收获和希望等同。,"바다는 어민들에게 있어 농부의 밀밭과 같고, 수확이 많을수록 희망도 더 커진다",ko-KR
大海是漁民的麥田，收穫和希望等同。,"바다는 어민들에게 있어 농부의 밀밭과 같고, 수확이 많을수록 희망도 더 커진다",ko-KR
大海的饋贈,바다의 선물,ko-KR
大海的馈赠,바다의 선물,ko-KR
天が呼ぶ鳴動,천시의 끌림,ko-KR
天つ蒼淵,아득히 푸른 하늘,ko-KR
天を衝く孤木,홀로 솟은 깃,ko-KR
天上の仙楽,천상의 음률,ko-KR
天之苍苍,아득히 푸른 하늘,ko-KR
天之蒼蒼,아득히 푸른 하늘,ko-KR
天恩の器,신의 가호,ko-KR
天时引动,천시의 끌림,ko-KR
天星瞭望,은하수 조망,ko-KR
天時引動,천시의 끌림,ko-KR
奇妙バリエーション,판타지 변주,ko-KR
奇幻变奏,판타지 변주,ko-KR
奇幻變奏,판타지 변주,ko-KR
奔雷,뇌전,ko-KR
奮い立たす,필사의 결심,ko-KR
存在异常，如有疑问请联系官方客服,"오류 발생, 문의 사항이 있으실 경우 고객센터로 연락주시기 바랍니다",ko-KR
存在異常，如有疑問請聯絡官方客服,"오류 발생, 문의 사항이 있으실 경우 고객센터로 연락주시기 바랍니다",ko-KR
存帧,프리즈 프레임,ko-KR
存幀,프리즈 프레임,ko-KR
它宣告報應終至，如鐘錶般精確、穩定且毫不留情——一切罪愆終將消弭於焰光，如同晨曦逐散夜幕。,"그것은 시계처럼 정확하고 안정적이며, 가차없는 업보의 종말을 고한다——모든 죄는 새벽빛이 어둠을 흩날리는 것처럼 불빛 속에서 사라질 것이다",ko-KR
它宣告报应终至，如钟表般精确、稳定且毫不留情——一切罪愆终将消弭于焰光，如同晨曦逐散夜幕。,"그것은 시계처럼 정확하고 안정적이며, 가차없는 업보의 종말을 고한다——모든 죄는 새벽빛이 어둠을 흩날리는 것처럼 불빛 속에서 사라질 것이다",ko-KR
安魂曲,진혼곡,ko-KR
宙算仪轨,별하늘 연산 측정기,ko-KR
宙算儀軌,별하늘 연산 측정기,ko-KR
定めを覆す荊冠,숙명에 맞서는 관,ko-KR
定解,운명의 해답,ko-KR
害时，增加自身{0}%攻击和{1}%防御，效果持续10秒，可叠加3层。,피해를 입었을 경우 {0}% 공격력과 {1}%의 방어력이 증가하고 10초간 지속되며 3층까지 중첩된다,ko-KR
容赦的沉思录,용서의 명상록,ko-KR
容赦的沉思錄,용서의 명상록,ko-KR
寂静,적막,ko-KR
寂靜,적막,ko-KR
密电增幅,뇌전의 증폭,ko-KR
密電增幅,뇌전의 증폭,ko-KR
寛容,포용의 힘,ko-KR
寛恕のタ・エイス・ヘアウトン,용서의 명상록,ko-KR
对带有【光噪效应】的敌人造成伤害时获得效果：自身衍射伤害提升{0}，每1秒可获得1层，持续6秒，可叠加4层。,"「광학 효과」가 있는 적에게 피해를 입힐 시 다음 효과를 얻을 수 있다. 자신의 회절 피해가 {0} 증가되고, 1초마다 1스택을 획득할 수 있으며, 6초간 지속되고, 최대 4스택 중첩이 가능하다",ko-KR
对带有【异常效应】的怪物造成伤害时，自身攻击提升{0}，持续{1}秒，每秒可触发1次，可叠加{2}层。,"「이상 효과」가 있는 몬스터에게 피해를 입힐 시, 자신의 공격력이 {0} 증가하며, {1}초간 지속된다. 1초마다 1회 발생할 수 있으며, 최대 {2}스택 중첩이 가능하다",ko-KR
專為新手共鳴者特製的佩槍，低調樸實的外表下，蘊含著不容小覷的戰鬥力。,초보 공명자를 위해 특별히 제작된 권총. 수수한 외형과 다르게 만만치 않은 전투력이 잠재되어 있다,ko-KR
專為新手共鳴者特製的臂鎧，低調樸實的外表下，蘊含著不容小覷的戰鬥力。,초보 공명자를 위해 특별히 제작된 권갑. 수수한 외형과 다르게 만만치 않은 전투력이 잠재되어 있다,ko-KR
專為新手共鳴者特製的迅刀，低調樸實的外表下，蘊含著不容小覷的戰鬥力。,초보 공명자를 위해 특별히 제작된 직검. 수수한 외형과 다르게 만만치 않은 전투력이 잠재되어 있다,ko-KR
專為新手共鳴者特製的長刃，低調樸實的外表下，蘊含著不容小覷的戰鬥力。,초보 공명자를 위해 특별히 제작된 대검. 수수한 외형과 다르게 만만치 않은 전투력이 잠재되어 있다,ko-KR
專為新手共鳴者特製的音感儀，低調樸實的外表下，蘊含著不容小覷的戰鬥力。,초보 공명자를 위해 특별히 제작된 증폭기. 수수한 외형과 다르게 만만치 않은 전투력이 잠재되어 있다,ko-KR
對帶有【光噪效應】的敵人造成傷害時獲得效果：自身衍射傷害提升{0}，每1秒可獲得1層，持續6秒，可疊加4層。,"「광학 효과」가 있는 적에게 피해를 입힐 시 다음 효과를 얻을 수 있다. 자신의 회절 피해가 {0} 증가되고, 1초마다 1스택을 획득할 수 있으며, 6초간 지속되고, 최대 4스택 중첩이 가능하다",ko-KR
對帶有【異常效應】的怪物造成傷害時，自身攻擊提升{0}，持續{1}秒，每秒可觸發1次，可疊加{2}層。,"「이상 효과」가 있는 몬스터에게 피해를 입힐 시, 자신의 공격력이 {0} 증가하며, {1}초간 지속된다. 1초마다 1회 발생할 수 있으며, 최대 {2}스택 중첩이 가능하다",ko-KR
尘云旋臂,천상의 나선,ko-KR
常夏のオード,한여름의 찬송가,ko-KR
幽冥の忘憂曲,잊혀진 피안의 슬픈 악장,ko-KR
幽冥的忘忧章,잊혀진 피안의 슬픈 악장,ko-KR
幽冥的忘憂章,잊혀진 피안의 슬픈 악장,ko-KR
幾千の導き,수많은 인도,ko-KR
幾重の風景,그림 외의 경지,ko-KR
异响空灵,기묘한 울림,ko-KR
异度,굉음,ko-KR
弾む輝き,눈부신 빛,ko-KR
彼岸眼瞳,피안의 눈동자,ko-KR
復歸於火,불의 귀환,ko-KR
復甦,재생,ko-KR
心の錨,마음의 닻,ko-KR
心之錨,마음의 닻,ko-KR
心之锚,마음의 닻,ko-KR
忠誠の心,전사의 충정,ko-KR
忠誠衛士,전사의 충정,ko-KR
忠诚卫士,전사의 충정,ko-KR
快復,유합,ko-KR
怒涛の湖音,물결의 파동,ko-KR
急疗,응급 치료,ko-KR
急療,응급 치료,ko-KR
悖理を説く宇宙ジェット,역설의 격류,ko-KR
悖論噴流,역설의 격류,ko-KR
悖论喷流,역설의 격류,ko-KR
悲喜剧,희비극,ko-KR
悲喜劇,희비극,ko-KR
悲鳴の前の鍛冶法を用いて、一見無骨な刀身だが軽く鋭い。振るう度に鳴いた音は、まるで万古から伝わってきた。,비명 전의 단조 기법을 이용하여 제작된 대검으로 외형과 다르게 상당히 가볍다. 휘두를 때마다 울리는 소리는 긴 세월을 가르는 듯 귓가에 속삭여 준다,ko-KR
愈合,유합,ko-KR
意志が固く勇者の詩,의연한 용사의 시,ko-KR
愚人欢歌,우인의 노래,ko-KR
愚人歡歌,우인의 노래,ko-KR
愚者の讃歌,우인의 노래,ko-KR
感受它——在暴烈的臂鎧之上，仿佛能感受到來自湖底未知深潭的翻湧怒濤，不可名狀，不可消解。咆哮著戴上此臂鎧，向敵人宣洩無處可去的憤怒。,"반응 — 강력한 권갑을 통해 마치 알 수 없는 깊은 연못에서 밀려오는 성난 파도가 느껴지며, 그 느낌은 말로 표현할 수 없다. 이 권갑을 착용하면 적에게 내면의 분노를 표출할 수 있다",ko-KR
感受它——在暴烈的臂铠之上，仿佛能感受到来自湖底未知深潭的翻涌怒涛，不可名状，不可消解。咆哮着戴上此臂铠，向敌人宣泄无处可去的愤怒。,"반응 — 강력한 권갑을 통해 마치 알 수 없는 깊은 연못에서 밀려오는 성난 파도가 느껴지며, 그 느낌은 말로 표현할 수 없다. 이 권갑을 착용하면 적에게 내면의 분노를 표출할 수 있다",ko-KR
戍关佩枪·平云,수호자의 권총 · 용맹,ko-KR
戍关臂铠·拔山,수호자의 권갑 · 강력,ko-KR
戍关迅刀·镇海,수호자의 직검 · 기민,ko-KR
戍关长刃·定军,수호자의 대검 · 근성,ko-KR
戍关音感仪·留光,수호자의 증폭기 · 모략,ko-KR
戍關佩槍·平雲,수호자의 권총 · 용맹,ko-KR
戍關臂鎧·拔山,수호자의 권갑 · 강력,ko-KR
戍關迅刀·鎮海,수호자의 직검 · 기민,ko-KR
戍關長刃·定軍,수호자의 대검 · 근성,ko-KR
戍關音感儀·留光,수호자의 증폭기 · 모략,ko-KR
我に敵なし,거침없는 기세,ko-KR
"我不在那裡，也沒有死去。
我將追隨死亡，用享受掩蓋恐懼，以未來換回過去。","나는 그곳에 있지 않아. 게다가 아직 살아있어.
난 죽음을 쫓으며 쾌락으로 공포를 가리고 미래로 과거를 맞바꿀 거야",ko-KR
"我不在那里，也没有死去。
我将追随死亡，用享受掩盖恐惧，以未来换回过去。","나는 그곳에 있지 않아. 게다가 아직 살아있어.
난 죽음을 쫓으며 쾌락으로 공포를 가리고 미래로 과거를 맞바꿀 거야",ko-KR
战意,전투의 의지,ko-KR
戦の声,용맹무쌍,ko-KR
戦意,전투의 의지,ko-KR
戰意,전투의 의지,ko-KR
"所有的阳光照耀着你，于是答案呼之欲出。
有一些事必须去做，有些事只有你能做到。
你迈出一步，向着那近日的端点。","모든 햇빛이 당신을 비추니, 답이 보일 것이다.
해야만 하는 일들이 있고, 당신만이 할 수 있는 일들이 있다.
크게 한 걸음 내디뎌 보자, 태양의 끝에 더 가까이",ko-KR
"所有的陽光照耀著你，於是答案呼之欲出。
有一些事必須去做，有些事只有你能做到。
你邁出一步，向著那近日的端點。","모든 햇빛이 당신을 비추니, 답이 보일 것이다.
해야만 하는 일들이 있고, 당신만이 할 수 있는 일들이 있다.
크게 한 걸음 내디뎌 보자, 태양의 끝에 더 가까이",ko-KR
手助け,도움의 손길,ko-KR
扬波无止,밀려오는 파도,ko-KR
扶助,도움의 손길,ko-KR
承天之祐,신의 가호,ko-KR
抑えきれぬ衝動,만반의 준비,ko-KR
投影·千技成鋒,투영 · 수천의 기예가 벼린 칼날,ko-KR
投影·千技成锋,투영 · 수천의 기예가 벼린 칼날,ko-KR
投影·大海的饋贈,투영 · 바다의 선물,ko-KR
投影·大海的馈赠,투영 · 바다의 선물,ko-KR
投影·心之錨,투영 · 마음의 닻,ko-KR
投影·心之锚,투영 · 마음의 닻,ko-KR
投影·心象佩枪,투영 · 심상의 권총,ko-KR
投影·心象佩槍,투영 · 심상의 권총,ko-KR
投影·心象臂鎧,투영 · 심상의 권갑,ko-KR
投影·心象臂铠,투영 · 심상의 권갑,ko-KR
投影·心象迅刀,투영 · 심상의 직검,ko-KR
投影·心象長刃,투영 · 심상의 대검,ko-KR
投影·心象长刃,투영 · 심상의 대검,ko-KR
投影·心象音感仪,투영 · 심상의 증폭기,ko-KR
投影·心象音感儀,투영 · 심상의 증폭기,ko-KR
投影·桃夭灼灼,투영 · 복숭아꽃이 피는 날,ko-KR
投影・千技の鋭鋒,투영 · 수천의 기예가 벼린 칼날,ko-KR
投影・心の錨,투영 · 마음의 닻,ko-KR
投影・心象増幅器,투영 · 심상의 증폭기,ko-KR
投影・心象手甲,투영 · 심상의 권갑,ko-KR
投影・心象拳銃,투영 · 심상의 권총,ko-KR
投影・心象迅刀,투영 · 심상의 직검,ko-KR
投影・心象長刃,투영 · 심상의 대검,ko-KR
投影・桃の夭夭たる,투영 · 복숭아꽃이 피는 날,ko-KR
投影・海の恩恵,투영 · 바다의 선물,ko-KR
拓界者,개척자,ko-KR
挑戦者,돌파자,ko-KR
据说是由角褪下的龙鳞打造而成的礼器，比起刀剑，更像是一把乐器。,"수호신에게서 빠진 용비늘로 만든 예기라고 전해지며, 칼보다는 악기에 가깝다",ko-KR
探求に捧ぐ人生,끝없는 탐구,ko-KR
探源逐本,근원의 추적,ko-KR
探索者増幅器・発見,수행자의 증폭기 · 탐색,ko-KR
探索者手甲・排除,수행자의 권갑 · 파괴,ko-KR
探索者拳銃・洞察,수행자의 권총 · 통찰,ko-KR
探索者迅刀・旅路,수행자의 직검 · 행적,ko-KR
探索者長刃・開拓,수행자의 대검 · 벽로,ko-KR
掣傀之手,꼭두각시의 손,ko-KR
揚波無止,밀려오는 파도,ko-KR
携えられて凱旋することが多いから、祝福された謂れのある幸運の剣。では……勝利があらんことを。,"여러 차례 승리를 불러와 행운이 깃든 직검으로 인정받고 있다.
""그럼, 승리가 당신과 함께 하길""",ko-KR
擎淵怒濤,물결의 파동,ko-KR
擎渊怒涛,물결의 파동,ko-KR
據說是由角褪下的龍鱗打造而成的禮器，比起刀劍，更像是一把樂器。,"수호신에게서 빠진 용비늘로 만든 예기라고 전해지며, 칼보다는 악기에 가깝다",ko-KR
攻关者,돌파자,ko-KR
攻击提升{0}。,공격력 {0} 증가,ko-KR
攻击提升{0}。施放变奏技能或共鸣解放时，自身共鸣技能伤害加成提升{1}，持续{2}秒。,"공격력이 {0} 증가된다. 변주 스킬 혹은 공명 해방 발동 시, 자신의 공명 스킬 피해 보너스가 {1} 증가되며, {2}초간 지속된다",ko-KR
攻击提升{0}。施放普攻或变奏技能时，自身重击伤害加成提升{1}，持续{2}秒。,"공격력이 {0} 증가된다. 일반 공격 혹은 변주 스킬 발동 시, 자신의 강공격 피해 보너스가 {1} 증가되며, {2}초간 지속된다",ko-KR
攻击提升{0}。队伍中的角色施放【谐度破坏技】后，自身全属性伤害加成提升{1}，持续{2}秒。,"공격력이 {0} 증가된다. 파티 내 캐릭터가 「조화도 파괴 스킬」을 발동한 후, 자신의 전체 속성 피해 보너스가 {1} 증가되고, {2}초간 지속된다",ko-KR
攻击提升{0}。队伍中的角色施放【谐度破坏技】后，自身攻击提升{1}，普攻伤害加成提升{2}，持续{3}秒。,"공격력이 {0} 증가된다. 파티 내 캐릭터가 「조화도 파괴 스킬」을 발동한 후, 자신의 공격력이 {1} 증가되고, 일반 공격 피해 보너스가 {2} 증가되며, {3}초간 지속된다",ko-KR
攻撃力{0}アップ。,공격력 {0} 증가,ko-KR
攻撃力{0}アップ。チーム内キャラが【協和破壊スキル】を発動後、自身の全属性ダメージが{1}アップ、{2}秒間持続。,"공격력이 {0} 증가된다. 파티 내 캐릭터가 「조화도 파괴 스킬」을 발동한 후, 자신의 전체 속성 피해 보너스가 {1} 증가되고, {2}초간 지속된다",ko-KR
攻撃力{0}アップ。チーム内キャラが【協和破壊スキル】を発動後、自身の攻撃力が{1}アップ、通常攻撃ダメージが{2}アップ、{3}秒間持続。,"공격력이 {0} 증가된다. 파티 내 캐릭터가 「조화도 파괴 스킬」을 발동한 후, 자신의 공격력이 {1} 증가되고, 일반 공격 피해 보너스가 {2} 증가되며, {3}초간 지속된다",ko-KR
攻撃力{0}アップ。変奏スキルまたは共鳴解放発動時、自身の共鳴スキルダメージが{1}アップ、{2}秒間持続。,"공격력이 {0} 증가된다. 변주 스킬 혹은 공명 해방 발동 시, 자신의 공명 스킬 피해 보너스가 {1} 증가되며, {2}초간 지속된다",ko-KR
攻撃力{0}アップ。通常攻撃または変奏スキル発動時、自身の重撃ダメージが{1}アップ、{2}秒間持続。,"공격력이 {0} 증가된다. 일반 공격 혹은 변주 스킬 발동 시, 자신의 강공격 피해 보너스가 {1} 증가되며, {2}초간 지속된다",ko-KR
攻撃力が{0}%アップ。,공격력 {0}% 증가,ko-KR
攻擊提升{0}%。,공격력 {0}% 증가,ko-KR
攻擊提升{0}%。,"오류 발생, 문의 사항이 있으실 경우 고객센터로 연락주시기 바랍니다",ko-KR
攻擊提升{0}。,공격력 {0} 증가,ko-KR
攻擊提升{0}。施放普攻或變奏技能時，自身重擊傷害加成提升{1}，持續{2}秒。,"공격력이 {0} 증가된다. 일반 공격 혹은 변주 스킬 발동 시, 자신의 강공격 피해 보너스가 {1} 증가되며, {2}초간 지속된다",ko-KR
攻擊提升{0}。施放變奏技能或共鳴解放時，自身共鳴技能傷害加成提升{1}，持續{2}秒。,"공격력이 {0} 증가된다. 변주 스킬 혹은 공명 해방 발동 시, 자신의 공명 스킬 피해 보너스가 {1} 증가되며, {2}초간 지속된다",ko-KR
攻擊提升{0}。隊伍中的角色施放【諧度破壞技】後，自身全屬性傷害加成提升{1}，持續{2}秒。,"공격력이 {0} 증가된다. 파티 내 캐릭터가 「조화도 파괴 스킬」을 발동한 후, 자신의 전체 속성 피해 보너스가 {1} 증가되고, {2}초간 지속된다",ko-KR
攻擊提升{0}。隊伍中的角色施放【諧度破壞技】後，自身攻擊提升{1}，普攻傷害加成提升{2}，持續{3}秒。,"공격력이 {0} 증가된다. 파티 내 캐릭터가 「조화도 파괴 스킬」을 발동한 후, 자신의 공격력이 {1} 증가되고, 일반 공격 피해 보너스가 {2} 증가되며, {3}초간 지속된다",ko-KR
攻關者,돌파자,ko-KR
敘別的羅曼史,작별의 로맨스,ko-KR
教学佩枪,견습용 권총,ko-KR
教学臂铠,견습용 권갑,ko-KR
教学迅刀,견습용 직검,ko-KR
教学长刃,견습용 대검,ko-KR
教学音感仪,견습용 증폭기,ko-KR
教學佩槍,견습용 권총,ko-KR
教學臂鎧,견습용 권갑,ko-KR
教學迅刀,견습용 직검,ko-KR
教學長刃,견습용 대검,ko-KR
教學音感儀,견습용 증폭기,ko-KR
"斑斓荧辉在指间跃动，虹色划过炫目的光迹。
所有奔流的颜色最终于此瞄准，她终于抵达一片无需再远望的晴空。","오색찬란한 빛이 손끝에서 춤추고, 눈부신 무지개가 빛의 궤적을 그린다.
넘쳐나는 모든 색이 한곳에 모이면, 언제나 멀리서 바라봤던 맑은 하늘에 마침내 그녀는 도착한다",ko-KR
"斑斕熒輝在指間躍動，虹色勾勒炫目的光跡。
所有奔流的顏色最終於此瞄準，她終於抵達一片無需再遠望的晴空。","오색찬란한 빛이 손끝에서 춤추고, 눈부신 무지개가 빛의 궤적을 그린다.
넘쳐나는 모든 색이 한곳에 모이면, 언제나 멀리서 바라봤던 맑은 하늘에 마침내 그녀는 도착한다",ko-KR
断絶された比類なき刃,고독한 칼날,ko-KR
断绝的无匹利刃,고독한 칼날,ko-KR
斷絕的無匹利刃,고독한 칼날,ko-KR
施放共鳴技能時，回復{0}點共鳴能量，每{1}秒可觸發{2}次。,"공명 스킬 발동 시, 공명 에너지 {0}pt를 회복하고, {1}초마다 {2}회 발동할 수 있다",ko-KR
施放共鳴技能時，回復{0}點共鳴能量，每{1}秒可觸發{2}次。,"공명 스킬 발동 시, 공명 에너지 {0}pt를 회복하고, {1}초마다 {2}회 발생할 수 있다",ko-KR
施放共鳴技能時，回復{0}點共鳴能量，每{1}秒可觸發{2}次。,"공명 스킬 발동 시, 공명 에너지 {0}pt를 회복하며, {1}초마다 {2}회 발생할 수 있다",ko-KR
施放共鳴技能時，回復{0}點協奏能量，每{1}秒可觸發{2}次。,"공명 스킬 발동 시, 협주 에너지 {0}pt를 회복하며, {1}초마다 {2}회 발생할 수 있다",ko-KR
施放共鳴技能時，回復自身{0}生命值，每{1}秒可觸發{2}次。,"공명 스킬 발동 시, 자신의 HP가 {0} 회복되며, {1}초마다 {2}회 발생할 수 있다",ko-KR
施放共鳴技能時，攻擊和普攻傷害加成提升{0}，持續{1}秒。,"공명 스킬 발동 시, 공격력과 일반 공격 피해 보너스가 {0} 증가되고 {1}초간 지속된다",ko-KR
施放共鳴技能時，獲得{0}點共鳴能量，且攻擊提升{1}，持續{2}秒。該效果每{3}秒可觸發1次。,"공명 스킬 발동 시, 공명 에너지를 {0}pt 획득하고, 공격력이 {1} 증가하며, {2}초간 지속된다. 해당 효과는 {3}초마다 1회 발생할 수 있다",ko-KR
施放共鳴技能時，自身共鳴解放傷害加成提升{0}，效果持續{1}秒。,"공명 스킬 발동 시, 자신의 공명 해방 피해 보너스가 {0} 증가하며, {1}초간 지속된다",ko-KR
施放共鳴技能時，自身普攻和重擊傷害加成提升{0}，可疊加{1}層，持續{2}秒。 每{3}秒可觸發{4}次。,"공명 스킬 발동 시, 자신의 일반 공격 피해 보너스와 강공격 피해 보너스가 {0} 증가하고, 최대 {1}스택 중첩이 가능하며, {2}초간 지속된다. {3}초마다 {4}회 발생할 수 있다",ko-KR
施放共鳴解放後，回復自身{0}生命值，每{1}秒可觸發{2}次。,"공명 해방 발동 시, 자신의 HP가 {0} 회복되며, {1}초마다 {2}회 발생할 수 있다",ko-KR
施放共鳴解放後，攻擊提升{0}%，效果持續12秒。,"공명 해방 발동 후, 공격력이 {0}% 증가하며 12초간 지속된다",ko-KR
施放共鳴解放後，攻擊提升{0}%，效果持續12秒。,"공명 해방 사용 후, 공격력이 {0}% 증가하며 12초간 지속된다",ko-KR
施放共鳴解放後，獲得3層【鐵甲】效果，每層使攻擊和防禦提升{0}%，最多疊加3層，每次受到傷害時減少1層。,"공명 해방 발동 후, 3층의 「철갑」 효과를 얻으며, 각 층마다 공격력과 방어력을 {0}% 향상시키며, 최대 3층 중첩이 가능함며, 피해를 입을 때마다 1층씩 감소한다",ko-KR
施放共鳴解放時，攻擊提升{0}，共鳴解放傷害加成提升{1}，持續{2}秒。,"공명 해방 발동 시, 공격력이 {0} 증가되고 공명 해방 피해 보너스가 {1} 증가되며 {2}초간 지속된다",ko-KR
施放共鳴解放時，攻擊提升{0}，重擊傷害加成提升{1}，持續{2}秒。,"공명 해방 발동 시, 공격력이 {0} 증가되고 강공격 피해 보너스가 {1} 증가되며 {2}초간 지속된다",ko-KR
施放共鳴解放時，自身攻擊提升{0}，持續{1}秒。,"공명 해방 발동 시, 자신의 공격력이 {0} 증가하고, {1}초간 지속된다",ko-KR
施放共鳴解放時，自身治療效果加成提升{0}，持續{1}秒。,"공명 해방 발동 시, 자신의 치료 효과 보너스가 {0} 증가하며, {1}초간 지속된다",ko-KR
施放共鸣技能时，回复{0}点共鸣能量，每{1}秒可触发{2}次。,"공명 스킬 발동 시, 공명 에너지 {0}pt를 회복하고, {1}초마다 {2}회 발동할 수 있다",ko-KR
施放共鸣技能时，回复{0}点共鸣能量，每{1}秒可触发{2}次。,"공명 스킬 발동 시, 공명 에너지 {0}pt를 회복하고, {1}초마다 {2}회 발생할 수 있다",ko-KR
施放共鸣技能时，回复{0}点共鸣能量，每{1}秒可触发{2}次。,"공명 스킬 발동 시, 공명 에너지 {0}pt를 회복하며, {1}초마다 {2}회 발생할 수 있다",ko-KR
施放共鸣技能时，回复{0}点协奏能量，每{1}秒可触发{2}次。,"공명 스킬 발동 시, 협주 에너지 {0}pt를 회복하며, {1}초마다 {2}회 발생할 수 있다",ko-KR
施放共鸣技能时，回复自身{0}生命值，每{1}秒可触发{2}次。,"공명 스킬 발동 시, 자신의 HP가 {0} 회복되며, {1}초마다 {2}회 발생할 수 있다",ko-KR
施放共鸣技能时，攻击和普攻伤害加成提升{0}，持续{1}秒。,"공명 스킬 발동 시, 공격력과 일반 공격 피해 보너스가 {0} 증가되고 {1}초간 지속된다",ko-KR
施放共鸣技能时，自身共鸣解放伤害加成提升{0}，效果持续{1}秒。,"공명 스킬 발동 시, 자신의 공명 해방 피해 보너스가 {0} 증가하며, {1}초간 지속된다",ko-KR
施放共鸣技能时，自身普攻和重击伤害加成提升{0}，可叠加{1}层，持续{2}秒。每{3}秒可触发{4}次。,"공명 스킬 발동 시, 자신의 일반 공격 피해 보너스와 강공격 피해 보너스가 {0} 증가하고, 최대 {1}스택 중첩이 가능하며, {2}초간 지속된다. {3}초마다 {4}회 발생할 수 있다",ko-KR
施放共鸣技能时，获得{0}点共鸣能量，且攻击提升{1}，持续{2}秒。该效果每{3}秒可触发1次。,"공명 스킬 발동 시, 공명 에너지를 {0}pt 획득하고, 공격력이 {1} 증가하며, {2}초간 지속된다. 해당 효과는 {3}초마다 1회 발생할 수 있다",ko-KR
施放共鸣解放时，回复自身{0}生命值，每{1}秒可触发{2}次。,"공명 해방 발동 시, 자신의 HP가 {0} 회복되며, {1}초마다 {2}회 발생할 수 있다",ko-KR
施放共鸣解放时，攻击提升{0}，共鸣解放伤害加成提升{1}，持续{2}秒。,"공명 해방 발동 시, 공격력이 {0} 증가되고 공명 해방 피해 보너스가 {1} 증가되며 {2}초간 지속된다",ko-KR
施放共鸣解放时，攻击提升{0}，重击伤害加成提升{1}，持续{2}秒。,"공명 해방 발동 시, 공격력이 {0} 증가되고 강공격 피해 보너스가 {1} 증가되며 {2}초간 지속된다",ko-KR
施放共鸣解放时，自身攻击提升{0}，持续{1}秒。,"공명 해방 발동 시, 자신의 공격력이 {0} 증가하고, {1}초간 지속된다",ko-KR
施放共鸣解放时，自身治疗效果加成提升{0}，持续{1}秒。,"공명 해방 발동 시, 자신의 치료 효과 보너스가 {0} 증가하며, {1}초간 지속된다",ko-KR
施放变奏技能时，回复{0}点协奏能量；施放延奏技能时，回复{1}点共鸣能量。,"변주 스킬 발동 시 협주 에너지 {0}pt를 회복하며, 반주 스킬 발동 시 공명 에너지 {1}pt를 회복한다",ko-KR
施放变奏技能时，回复自身{0}生命值，每{1}秒可触发{2}次。,"변주 스킬 발동 시, 자신의 HP가 {0} 회복되며, {1}초마다 {2}회 발생할 수 있다",ko-KR
施放变奏技能时，攻击提升{0}，持续{1}秒。,"변주 스킬 발동 시, 공격력이 {0} 증가하며, {1} 초간 지속된다",ko-KR
施放变奏技能时，攻击提升{0}，持续{1}秒。,"변주 스킬 발동 시, 공격력이 {0} 증가하며, {1}초간 지속된다",ko-KR
施放变奏技能时，自身共鸣技能伤害加成提升{0}。持续{1}秒。,"변주 스킬 발동 시, 자신의 공명 스킬 피해 보너스가 {0} 증가하며, {1}초간 지속된다",ko-KR
施放变奏技能时，自身共鸣解放伤害加成提升{0}，持续{1}秒。,"변주 스킬 발동 시, 자신의 공명 해방 피해 보너스가 {0} 증가하며, {1}초간 지속된다",ko-KR
施放变奏技能时，自身攻击提升{0}。持续{1}秒。,"변주 스킬 발동 시, 자신의 공격력이 {0} 증가하며, {1}초간 지속된다",ko-KR
施放变奏技能时，自身攻击提升{0}，生命提升{1}，持续{2}秒。,"변주 스킬 발동 시, 자신의 공격력이 {0} 증가하고, HP가 {1} 증가하며, {2}초간 지속된다",ko-KR
施放变奏技能时，自身攻击提升{0}，防御提升{1}，持续{2}秒。,"변주 스킬 발동 시, 자신의 공격력이 {0} 증가하고, 방어력이 {1} 증가하며, {2}초간 지속된다",ko-KR
施放變奏技能時，回復{0}點協奏能量； 施放延奏技能時，回復{1}點共鳴能量。,"변주 스킬 발동 시 협주 에너지 {0}pt를 회복하며, 반주 스킬 발동 시 공명 에너지 {1}pt를 회복한다",ko-KR
施放變奏技能時，回復自身{0}生命值，每{1}秒可觸發{2}次。,"변주 스킬 발동 시, 자신의 HP가 {0} 회복되며, {1}초마다 {2}회 발생할 수 있다",ko-KR
施放變奏技能時，攻擊提升{0}，持續{1}秒。,"변주 스킬 발동 시, 공격력이 {0} 증가하며, {1} 초간 지속된다",ko-KR
施放變奏技能時，攻擊提升{0}，持續{1}秒。,"변주 스킬 발동 시, 공격력이 {0} 증가하며, {1}초간 지속된다",ko-KR
施放變奏技能時，自身共鳴技能傷害提升{0}。持續{1}秒。,"변주 스킬 발동 시, 자신의 공명 스킬 피해 보너스가 {0} 증가하며, {1}초간 지속된다",ko-KR
施放變奏技能時，自身共鳴解放傷害提升{0}，持續{1}秒。,"변주 스킬 발동 시, 자신의 공명 해방 피해 보너스가 {0} 증가하며, {1}초간 지속된다",ko-KR
施放變奏技能時，自身攻擊提升{0}。持續{1}秒。,"변주 스킬 발동 시, 자신의 공격력이 {0} 증가하며, {1}초간 지속된다",ko-KR
施放變奏技能時，自身攻擊提升{0}，生命提升{1}，持續{2}秒。,"변주 스킬 발동 시, 자신의 공격력이 {0} 증가하고, HP가 {1} 증가하며, {2}초간 지속된다",ko-KR
施放變奏技能時，自身攻擊提升{0}，防禦提升{1}，持續{2}秒。,"변주 스킬 발동 시, 자신의 공격력이 {0} 증가하고, 방어력이 {1} 증가하며, {2}초간 지속된다",ko-KR
施放閃避反擊時，回復自身{0}生命值，每{1}秒可觸發{2}次。,"회피 반격 발동 시, 자신의 HP가 {0} 회복되며, {1}초마다 {2}회 발생할 수 있다",ko-KR
施放闪避反击时，回复自身{0}生命值，每{1}秒可触发{2}次。,"회피 반격 발동 시, 자신의 HP가 {0} 회복되며, {1}초마다 {2}회 발생할 수 있다",ko-KR
旋星相佑,별의 동반,ko-KR
无归,필사의 결심,ko-KR
无眠烈火,불멸의 성화,ko-KR
无衣长歌,출정의 의식,ko-KR
时和岁稔,태평성대,ko-KR
昙切,쿠모키리(曇斬),ko-KR
星々と煌めく狼炎,눈부신 불빛,ko-KR
星々のコンチェルト,뭇별의 교향곡,ko-KR
星を追う者,별을 좇아서,ko-KR
星屑が捩れる渦巻腕,천상의 나선,ko-KR
星序协响,뭇별의 교향곡,ko-KR
星序協響,뭇별의 교향곡,ko-KR
星連なる天穹,은하수 조망,ko-KR
春裁ち,날카로운 봄,ko-KR
昭日譯註,솔스원의 해석,ko-KR
昭日译注,솔스원의 해석,ko-KR
昼月缀界,만물을 연결하는 달,ko-KR
時和歲稔,태평성대,ko-KR
晝月綴界,만물을 연결하는 달,ko-KR
普攻和重击伤害加成提升{0}。,일반 공격과 강공격 피해 보너스 {0} 증가,ko-KR
普攻和重击伤害加成提升{0}。,일반 공격과 강공격 피해 보너스가 {0} 증가한다,ko-KR
普攻和重擊傷害加成提升{0}。,일반 공격과 강공격 피해 보너스 {0} 증가,ko-KR
普攻和重擊傷害加成提升{0}。,일반 공격과 강공격 피해 보너스가 {0} 증가한다,ko-KR
景外之景,그림 외의 경지,ko-KR
暗夜の増幅器・冥光,흑야의 증폭기 · 흑광,ko-KR
暗夜の手甲・夜灯,흑야의 권갑 · 흑빛,ko-KR
暗夜の拳銃・闇星,흑야의 권총 · 흑성,ko-KR
暗夜の迅刀・黒閃,흑야의 직검 · 흑뢰,ko-KR
暗夜の長刃・玄明,흑야의 대검 · 현명,ko-KR
暗夜佩枪·暗星,흑야의 권총 · 흑성,ko-KR
暗夜佩槍·暗星,흑야의 권총 · 흑성,ko-KR
暗夜矩阵·暝光,흑야의 증폭기 · 흑광,ko-KR
暗夜矩陣·暝光,흑야의 증폭기 · 흑광,ko-KR
暗夜臂鎧·夜芒,흑야의 권갑 · 흑빛,ko-KR
暗夜臂铠·夜芒,흑야의 권갑 · 흑빛,ko-KR
暗夜迅刀·黑閃,흑야의 직검 · 흑뢰,ko-KR
暗夜迅刀·黑闪,흑야의 직검 · 흑뢰,ko-KR
暗夜長刃·玄明,흑야의 대검 · 현명,ko-KR
暗夜长刃·玄明,흑야의 대검 · 현명,ko-KR
曇切,쿠모키리(曇斬),ko-KR
曇斬,쿠모키리(曇斬),ko-KR
曜光,눈부신 빛,ko-KR
"曾被白色守門人用於穩定心之集域的錨定裝置。
在白色守門人變化為白貓的形態後，這個裝置的外形也發生了一些變化……","화이트 게이트 수호자가 마음의 영역 안정을 시키는 데 사용하는 스테디 앵커이다.
화이트 게이트 수호자가 흰 고양이 형태로 변화된 후, 이 장치의 외형에도 변화가 발생했다...",ko-KR
"曾被白色守门人用于稳定心之集域的锚定装置。
在白色守门人被变化为了白猫的形态后，这个装置的外形也发生了一些变化……","화이트 게이트 수호자가 마음의 영역 안정을 시키는 데 사용하는 스테디 앵커이다.
화이트 게이트 수호자가 흰 고양이 형태로 변화된 후, 이 장치의 외형에도 변화가 발생했다...",ko-KR
最初の一歩,시작의 발걸음,ko-KR
未熟な共鳴者のために作られた増幅器。地味な見た目のわりに侮れない戦闘力を秘めている。,초보 공명자를 위해 특별히 제작된 증폭기. 수수한 외형과 다르게 만만치 않은 전투력이 잠재되어 있다,ko-KR
未熟な共鳴者のために作られた手甲。地味な見た目のわりに侮れない戦闘力を秘めている。,초보 공명자를 위해 특별히 제작된 권갑. 수수한 외형과 다르게 만만치 않은 전투력이 잠재되어 있다,ko-KR
未熟な共鳴者のために作られた拳銃。地味な見た目のわりに侮れない戦闘力を秘めている。,초보 공명자를 위해 특별히 제작된 권총. 수수한 외형과 다르게 만만치 않은 전투력이 잠재되어 있다,ko-KR
未熟な共鳴者のために作られた迅刀。地味な見た目のわりに侮れない戦闘力を秘めている。,초보 공명자를 위해 특별히 제작된 직검. 수수한 외형과 다르게 만만치 않은 전투력이 잠재되어 있다,ko-KR
未熟な共鳴者のために作られた長刃、地味な見た目のわりに侮れない戦闘力を秘めている。,초보 공명자를 위해 특별히 제작된 대검. 수수한 외형과 다르게 만만치 않은 전투력이 잠재되어 있다,ko-KR
本源増幅器・試作伍,원능의 증폭기 · 견습V,ko-KR
本源手甲・試作肆,원능의 권갑 · 견습IV,ko-KR
本源拳銃・試作参,원능의 권총 · 견습III,ko-KR
本源迅刀・試作弐,원능의 직검 · 견습II,ko-KR
本源長刃・試作壱,원능의 대검 · 견습I,ko-KR
東落,저무는 동녘,ko-KR
枕戈待旦,만반의 준비,ko-KR
林間的詠嘆調,숲속의 아리아,ko-KR
林间的咏叹调,숲속의 아리아,ko-KR
枝を啣む小鳥のアンセム,단결자의 찬가,ko-KR
栄枯の湖岸,파도의 기록,ko-KR
栖霞饮露,노을에 깃든 이슬,ko-KR
核熔星盘,융합의 원반,ko-KR
核熔星盤,융합의 원반,ko-KR
根源への探求心,근원의 추적,ko-KR
森のアリア,숲속의 아리아,ko-KR
棲霞飲露,노을에 깃든 이슬,ko-KR
"極彩色が指先で躍り、虹が目の眩むような軌跡を描く。
溢れ出す色のすべてが、ここに集う。彼女はついに届いたのだ。いつも遠くから眺めていた、あの晴れ空に。","오색찬란한 빛이 손끝에서 춤추고, 눈부신 무지개가 빛의 궤적을 그린다.
넘쳐나는 모든 색이 한곳에 모이면, 언제나 멀리서 바라봤던 맑은 하늘에 마침내 그녀는 도착한다",ko-KR
楽譜にインスパイアされ作成した増幅器。音階は、降順。智慧の眼光を以て策を見出し、協奏は急転直下する。,공명이 내려앉는 무기를 손에 쥐고 모든 것을 꿰뚫어 전략을 찾으니 협주의 변화가 일어난다,ko-KR
楽譜にインスパイアされ作成した手甲。音階は、降順。津波の音を以て怒りを奔出させ、高鳴る交響を作る。,권갑을 감싸고 내려가듯 거센 파도가 울부짖으며 격노하니 웅장한 교향곡이 시작된다,ko-KR
楽譜にインスパイアされ作成した拳銃。音階は、昇順。空を切り裂き雷霆を貫き、絶妙な楽章を紡ぐ。,음계가 상승한 권총을 손에 쥐면 파공의 기세로 하늘을 찌르며 절묘한 악장을 연출한다,ko-KR
楽譜にインスパイアされ作成した迅刀。音階は、昇順。抑揚の響を以て華麗なる序曲を奏でる。,악보의 주파수를 영감으로 제작한 직검. 음계가 올라간 검을 손에 쥐면 아름다운 소리로 화려한 서곡을 작곡할 수 있다,ko-KR
楽譜にインスパイアされ作成した長刃。音階は、降順。異響の力を以て、戦局を制する終わらぬ名作となる。,악보의 주파수를 영감으로 제작한 대검. 음계가 내려앉은 칼을 들면 굉음의 힘으로 전장을 지배한다. 걸작은 영원히 막을 내리지 않는다,ko-KR
欢笑海,웃음 바다,ko-KR
歓声満ち溢れる海,웃음 바다,ko-KR
歡笑海,웃음 바다,ko-KR
此即为血盟之证——永不背叛，永不放弃，直至最后一滴血流尽。,"이것이 바로 혈맹의 증거다——마지막 한 방울의 피가 마를 때까지 절대 배신하지 않으며, 포기하지도 않는다",ko-KR
此即為血盟之證——永不背叛，永不放棄，直至最後一滴血流盡。,"이것이 바로 혈맹의 증거다——마지막 한 방울의 피가 마를 때까지 절대 배신하지 않으며, 포기하지도 않는다",ko-KR
武器,무기,ko-KR
武器の外見を変えられる投影アイテム,무기 외관을 변경할 수 있는 투영 도구,ko-KR
武器・投影,무기 투영,ko-KR
武器投影,무기 투영,ko-KR
歳華調和,태평성대,ko-KR
"死は決して覆らない現実だ。ならば、もはや迷う理由もない。
彼女は引き金を引き、すがりついていた夢を自らの手で撃ち砕く。","죽었다는 사실을 바꿀 수 없다면, 망설일 이유는 없다.
그녀는 방아쇠를 당겨 자신의 꿈을 직접 파괴한다",ko-KR
死与舞,죽음과 춤,ko-KR
"死亡的事实无法改变。既然如此，便没有什么好犹豫的。
她扣下扳机，亲手摧毁依存的梦。","죽었다는 사실을 바꿀 수 없다면, 망설일 이유는 없다.
그녀는 방아쇠를 당겨 자신의 꿈을 직접 파괴한다",ko-KR
"死亡的事實無法改變。既然如此，便沒有什麼好猶豫的。
她扣下扳機，親手摧毀依存的夢。","죽었다는 사실을 바꿀 수 없다면, 망설일 이유는 없다.
그녀는 방아쇠를 당겨 자신의 꿈을 직접 파괴한다",ko-KR
死與舞,죽음과 춤,ko-KR
氷華の雅印,옥수 비단,ko-KR
永劫回帰の星命,뭇별의 법칙,ko-KR
永夜長明,장야의 불빛,ko-KR
永夜长明,장야의 불빛,ko-KR
永續坍縮,영원의 붕괴,ko-KR
永续坍缩,영원의 붕괴,ko-KR
永远的启明星,영원한 샛별,ko-KR
永遠を砕く重力崩壊,영원의 붕괴,ko-KR
永遠的啟明星,영원한 샛별,ko-KR
決死の一人戦,야귀의 신념,ko-KR
沈溺,죽음의 심연,ko-KR
沉夢,가라앉은 꿈,ko-KR
沉梦,가라앉은 꿈,ko-KR
沉重粗犷但却无比可靠的坚实臂铠。在熟练的使用者掌心能爆发出移山填海的惊人力量。,"무겁고 거칠지만 믿음직스럽게 견고한 권갑, 숙련된 사용자의 손에 착용하면 치명적인 타격을 가할 수 있는 파괴력을 발휘한다",ko-KR
沉重粗獷但卻無比可靠的堅實臂鎧。在熟練的使用者掌心能爆發出移山填海的驚人力量。,"무겁고 거칠지만 믿음직스럽게 견고한 권갑, 숙련된 사용자의 손에 착용하면 치명적인 타격을 가할 수 있는 파괴력을 발휘한다",ko-KR
沿用了悲鳴前的鍛造技法，看似笨重的刀身使用起來卻相當輕巧。劈斬時伴有嗡嗡迴響，如橫跨亙古的低吟。,비명 전의 단조 기법을 이용하여 제작된 대검으로 외형과 다르게 상당히 가볍다. 휘두를 때마다 울리는 소리는 긴 세월을 가르는 듯 귓가에 속삭여 준다,ko-KR
沿用了悲鸣前的锻造技法，看似笨重的刀身使用起来却相当轻巧。劈斩时伴有嗡嗡回响，如横跨亘古的低吟。,비명 전의 단조 기법을 이용하여 제작된 대검으로 외형과 다르게 상당히 가볍다. 휘두를 때마다 울리는 소리는 긴 세월을 가르는 듯 귓가에 속삭여 준다,ko-KR
洞察者,통찰자,ko-KR
洞見者,통찰자,ko-KR
洞见者,통찰자,ko-KR
"流れる風で刃を打ち、広がる空を鞘とする。その剣が抜かれれば、すべての音は消え去る。
決して褪せることのないその深蒼は、彼女の決意であり、誓いであり、そして理想そのものだ。","흐르는 바람에 검날을 다듬고, 푸른 하늘을 검집으로 삼으리. 검이 이미 모습을 드러냈으니, 만물이 고요해지리.
영원히 바래지 않을 그 푸른빛, 그녀의 결의이자 맹세이며, 품어 온 이상이 되었네",ko-KR
流涡无垠,무한의 소용돌이,ko-KR
流渦無垠,무한의 소용돌이,ko-KR
"流風鑄刃，蒼天為鞘，劍鋒既出，萬籟俱寂。
永不褪色的那抹青藍，是她的決意、誓言與理想。","흐르는 바람에 검날을 다듬고, 푸른 하늘을 검집으로 삼으리. 검이 이미 모습을 드러냈으니, 만물이 고요해지리.
영원히 바래지 않을 그 푸른빛, 그녀의 결의이자 맹세이며, 품어 온 이상이 되었네",ko-KR
"流风铸刃，苍天为鞘，剑锋既出，万籁俱寂。
永不褪色的那抹青蓝，是她的决意、誓言与理想。","흐르는 바람에 검날을 다듬고, 푸른 하늘을 검집으로 삼으리. 검이 이미 모습을 드러냈으니, 만물이 고요해지리.
영원히 바래지 않을 그 푸른빛, 그녀의 결의이자 맹세이며, 품어 온 이상이 되었네",ko-KR
浩境粼光,푸른물결의 빛,ko-KR
"浪海欲讓騎士戴上命定的冠冕，而騎士只將冠冕收入劍中。
那冠冕不會成為騎士的束縛，那浪海也無法停下騎士的腳步。","파도는 기사에게 운명의 면류관을 씌우려 했지만, 기사는 면류관을 검 안에 봉인해버렸다.
면류관은 기사를 속박할 수 없었고, 파도는 기사의 발걸음을 막지 못했다",ko-KR
"浪海欲让骑士戴上命定的冠冕，而骑士只将冠冕收入剑中。
那冠冕不会成为骑士的束缚，那浪海也无法停下骑士的脚步。","파도는 기사에게 운명의 면류관을 씌우려 했지만, 기사는 면류관을 검 안에 봉인해버렸다.
면류관은 기사를 속박할 수 없었고, 파도는 기사의 발걸음을 막지 못했다",ko-KR
浮沈,끝없는 물결,ko-KR
浮波万顷,끝없는 물결,ko-KR
浮波萬頃,끝없는 물결,ko-KR
海の恩恵,바다의 선물,ko-KR
海原は、漁民たちの麦畑。その収穫は、希望が実った果実。,"바다는 어민들에게 있어 농부의 밀밭과 같고, 수확이 많을수록 희망도 더 커진다",ko-KR
海淵のリフレイン,심해의 메아리,ko-KR
海的呢喃,바다의 속삭임,ko-KR
消滅,인멸,ko-KR
深海の中で,바닷속에서,ko-KR
深海の囁き,바다의 속삭임,ko-KR
淵海回聲,심해의 메아리,ko-KR
清らかな音,청음,ko-KR
清音,청음,ko-KR
渊海回声,심해의 메아리,ko-KR
渔获,어획,ko-KR
測試1-短劍,테스트1-단검,ko-KR
測試武器,테스트 무기,ko-KR
測試突破組的武器。,"오류 발생, 문의 사항이 있으실 경우 고객센터로 연락주시기 바랍니다",ko-KR
測試突破組的武器。,테스트 돌파 그룹의 무기,ko-KR
湮滅,인멸,ko-KR
湮灭,인멸,ko-KR
源能佩枪·测叁,원능의 권총 · 견습III,ko-KR
源能佩槍·測叁,원능의 권총 · 견습III,ko-KR
源能机锋,에너지 절단,ko-KR
源能機鋒,에너지 절단,ko-KR
源能臂鎧·測肆,원능의 권갑 · 견습IV,ko-KR
源能臂铠·测肆,원능의 권갑 · 견습IV,ko-KR
源能迅刀·测贰,원능의 직검 · 견습II,ko-KR
源能迅刀·測貳,원능의 직검 · 견습II,ko-KR
源能長刃·測壹,원능의 대검 · 견습I,ko-KR
源能长刃·测壹,원능의 대검 · 견습I,ko-KR
源能音感仪·测五,원능의 증폭기 · 견습V,ko-KR
源能音感儀·測五,원능의 증폭기 · 견습V,ko-KR
溢彩熒輝,스펙트럼 블래스터,ko-KR
溢彩荧辉,스펙트럼 블래스터,ko-KR
漁獲,어획,ko-KR
演舞,선율의 춤사위,ko-KR
漪澜浮录,파도의 기록,ko-KR
漪瀾浮錄,파도의 기록,ko-KR
潛能蘊蓄,잠재력의 상한,ko-KR
潜在能力,잠재력의 상한,ko-KR
潜能蕴蓄,잠재력의 상한,ko-KR
潮狩りの誓い,흑조(黑潮) 사냥의 맹세,ko-KR
激しい火力で名だたる銃。手にして戦場へ行く者は、滾る戦意が沸き立つ。,"강력한 화력으로 유명한 권총로, 이 총을 들고 전쟁터에 나서면 가슴에서 격앙된 전의가 치솟는다",ko-KR
灼霜,서린 불꽃,ko-KR
為紀念夜歸戰士對今州的守護而打造的音感儀。有詩贊曰：「湖城北望荒石嶺，氤氳暗雨遮朔關。」,"야귀군을 위해 특별히 제작된 증폭기. 야귀 전사의 금주 수호의 의지가 담겨있다.
한 시에서는 이를 「어두운 밤 자욱한 안개비가 흩날리고 있으니, 호성 황석령의 북쪽 하늘을 뒤덮는구나!」라고 찬양한다",ko-KR
為紀念夜歸戰士的一往無前而打造的迅刀。有詩贊曰：「千音萬闕傳驚鼓，百兵一心出雲陵。」,"야귀군을 위해 특별히 제작된 직검. 야귀 전사의 용감한 전진에 대한 신념을 담고 있다.
한 시에서는 이를 「전쟁을 알리는 북소리가 울려퍼지며, 전사들은 필사즉생의 각오로 협곡을 건넌다.」라고 찬양한다",ko-KR
為紀念夜歸戰士的同袍之義而打造的臂鎧。有詩贊曰「薄衣難抵霜晨月，鐵甲能斷星垂寒。」,"야귀군을 위해 특별히 제작된 권갑. 야귀 전사의 전우에 대한 의리를 담고 있다.
한 시에서는 이를 「얇은 옷은 서리달의 추위 앞에 무릎을 굽히고, 권갑은 서리별의 추위를 감싸안는다.」라고 찬양한다",ko-KR
為紀念夜歸戰士的常備不懈而打造的長刃。有詩贊曰：「漫漫長夜秋蕭瑟，點點星光負長纓。」,"야귀군을 위해 특별히 제작된 대검. 야귀 전사의 꾸준한 양성에 대한 신념을 담고 있다.
한 시에서는 이를 「끝없이 긴 가을밤에, 서러운 바람이 쌩쌩 불고, 희미한 별빛 아래, 출정 준비를 마쳤다.」라고 찬양한다",ko-KR
為紀念夜歸戰士的捨生忘死而打造的佩槍。有詩贊曰：「會燃殘軀成烈火，焚焰灼盡天下安。」,"야귀군을 위해 특별히 제작된 권총. 야귀 전사의 사생결단에 대한 신념을 담고 있다.
한 시에서는 이를 「찬란한 세상의 빛을 위해, 이 한 몸 기꺼이 불태우리라!」라고 찬양한다",ko-KR
炽烈权霆,불타오른 권력,ko-KR
焔光の裁き,불빛의 심판,ko-KR
無声の弔辞,침묵 속의 추도사,ko-KR
無尽,밀려오는 파도,ko-KR
無歸,필사의 결심,ko-KR
無眠烈火,불멸의 성화,ko-KR
無衣長歌,출정의 의식,ko-KR
無辺,무한의 소용돌이,ko-KR
焰光裁定,불빛의 심판,ko-KR
焰痕,불길,ko-KR
熱い血潮,일편단심,ko-KR
熾烈權霆,불타오른 권력,ko-KR
燃え尽きぬ焔,불멸의 성화,ko-KR
狂乱マルカート,바람의 악센트,ko-KR
狂風呼嘯，浪濤洶湧。大海將一切吞沒其中，唯有船燈大笑！,"거센 바람이 미친 듯이 몰아치고, 사나운 파도가 하늘 높이 치솟는다. 바다가 모든 것을 삼켜버렸지만, 선등만이 흔들리지 않고 웃고 있다!",ko-KR
"狂風呼嘯，浪濤洶湧。大海將一切吞沒其中，唯有船燈大笑！
前進吧，前進吧！一直航行到世界盡頭！","거센 바람이 미친 듯이 몰아치고, 사나운 파도가 하늘 높이 치솟는다. 바다가 모든 것을 삼켜버렸지만, 선등만이 흔들리지 않고 웃고 있다!
거침없이 나아가라! 세상의 끝을 보기 위해!",ko-KR
狂风呼啸，浪涛汹涌。大海将一切吞没其中，唯有船灯大笑！,"거센 바람이 미친 듯이 몰아치고, 사나운 파도가 하늘 높이 치솟는다. 바다가 모든 것을 삼켜버렸지만, 선등만이 흔들리지 않고 웃고 있다!",ko-KR
"狂风呼啸，浪涛汹涌。大海将一切吞没其中，唯有船灯大笑！
前进吧，前进吧！一直航行到世界尽头！","거센 바람이 미친 듯이 몰아치고, 사나운 파도가 하늘 높이 치솟는다. 바다가 모든 것을 삼켜버렸지만, 선등만이 흔들리지 않고 웃고 있다!
거침없이 나아가라! 세상의 끝을 보기 위해!",ko-KR
狩潮之誓,흑조(黑潮) 사냥의 맹세,ko-KR
独醒,홀로 깨어난 자,ko-KR
獨醒,홀로 깨어난 자,ko-KR
玻色星仪,보손 관측기,ko-KR
玻色星儀,보손 관측기,ko-KR
琼枝冰绡,옥수 비단,ko-KR
瓊枝冰綃,옥수 비단,ko-KR
生命低于{0}时，重击伤害加成提升{1}，造成重击伤害时回复当前角色{2}生命值，每{3}秒可触发{4}次。,"HP가 {0} 이하일 경우, 강공격 피해 보너스가 {1} 증가하고, 강공격 피해를 입힐 때 현재 캐릭터의 HP가 {2} 회복되며, {3}초마다 {4}회 발생할 수 있다",ko-KR
生命低於{0}時，重擊傷害加成提升{1}，造成重擊傷害時回復當前角色{2}生命值，每{3}秒可觸發{4}次。,"HP가 {0} 이하일 경우, 강공격 피해 보너스가 {1} 증가하고, 강공격 피해를 입힐 때 현재 캐릭터의 HP가 {2} 회복되며, {3}초마다 {4}회 발생할 수 있다",ko-KR
用于训练与教学的佩枪，只具备基础的功能。,훈련과 교육에 사용되는 권총. 기본적인 기능만 있다,ko-KR
用于训练与教学的臂铠，只具备基础的功能。,훈련과 교육에 사용되는 권갑. 기본적인 기능만 있다,ko-KR
用于训练与教学的迅刀，只具备基础的功能。,훈련과 교육에 사용되는 직검. 기본적인 기능만 있다,ko-KR
用于训练与教学的长刃，只具备基础的功能。,훈련과 교육에 사용되는 대검. 기본적인 기능만 있다,ko-KR
用于训练与教学的音感仪，只具备基础的功能。,훈련과 교육에 사용되는 증폭기. 기본적인 기능만 있다,ko-KR
用於訓練與教學的佩槍，只具備基礎的功能。,훈련과 교육에 사용되는 권총. 기본적인 기능만 있다,ko-KR
用於訓練與教學的臂鎧，只具備基礎的功能。,훈련과 교육에 사용되는 권갑. 기본적인 기능만 있다,ko-KR
用於訓練與教學的迅刀，只具備基礎的功能。,훈련과 교육에 사용되는 직검. 기본적인 기능만 있다,ko-KR
用於訓練與教學的長刃，只具備基礎的功能。,훈련과 교육에 사용되는 대검. 기본적인 기능만 있다,ko-KR
用於訓練與教學的音感儀，只具備基礎的功能。,훈련과 교육에 사용되는 증폭기. 기본적인 기능만 있다,ko-KR
異度,굉음,ko-KR
異響空靈,기묘한 울림,ko-KR
疾走の星,천공의 순간,ko-KR
癒合,유합,ko-KR
白刃疾風,칼날의 질풍,ko-KR
白刃疾风,칼날의 질풍,ko-KR
白昼之脊,한낮의 의지,ko-KR
白晝之脊,한낮의 의지,ko-KR
相位涟漪,위상의 파동,ko-KR
相位漣漪,위상의 파동,ko-KR
相行,상성,ko-KR
眾力,합력,ko-KR
瞬斩刀-18型,18형 직검 · 순간의 칼빛,ko-KR
瞬斬刀-18型,18형 직검 · 순간의 칼빛,ko-KR
瞬斬刀＃18,18형 직검 · 순간의 칼빛,ko-KR
破壁攻坚,불굴의 권갑,ko-KR
破壁攻堅,불굴의 권갑,ko-KR
破敵の鋭竹,푸른 의지,ko-KR
破暗者,어둠을 파괴하는 자,ko-KR
破滅に迫る赤方偏移,멸망의 주파수,ko-KR
破邪,벽사,ko-KR
碎骨,스컬 스래셔,ko-KR
"私はそこにはいないし、死んでもいない。
これから死を追いかけ、悦楽を以て恐怖を覆い隠し、そして未来と引き換えに過去を取り戻す。","나는 그곳에 있지 않아. 게다가 아직 살아있어.
난 죽음을 쫓으며 쾌락으로 공포를 가리고 미래로 과거를 맞바꿀 거야",ko-KR
秋の名残,가을의 무늬,ko-KR
稽古用増幅器,견습용 증폭기,ko-KR
稽古用手甲,견습용 권갑,ko-KR
稽古用拳銃,견습용 권총,ko-KR
稽古用迅刀,견습용 직검,ko-KR
稽古用長刃,견습용 대검,ko-KR
穷理洞彻,끝없는 탐구,ko-KR
空に発生する奇象で誕生した長刃。その鍛造者は星々を見た時に感じた情緒をそれと融合させたおかげで、軽やかな見た目に反して、実は隕石墜落如きの重さで敵を潰せる。,공중에서의 기이한 현상으로 탄생한 대검. 제작자가 이상한 별을 목격한 느낌을 무기에 녹였다. 펀칭이 들어가 가볍게 보이지만 별이 떨어질 때 그만한 무적의 중력을 발휘한다,ko-KR
穿击枪-26型,26형 권총 · 맹렬한 돌격,ko-KR
穿撃銃＃26,26형 권총 · 맹렬한 돌격,ko-KR
穿擊槍-26型,26형 권총 · 맹렬한 돌격,ko-KR
突き破る勇気,정면돌파,ko-KR
突破テスト武器,테스트 돌파 그룹의 무기,ko-KR
窮理洞徹,끝없는 탐구,ko-KR
立ち直り,재생,ko-KR
"竹は虚にして実、人は実にして虚。
竹に虚言なく、虚行なく、虚名なし。竹は斯くの如くなれど、人、必ずしも実にあらず。","대나무는 비어 있기에 그 실재(實在)를 채우고, 사람은 채우려 하기에 도리어 공허해진다.
대나무는 헛된 말을 하지도, 헛된 행동을 하지도, 헛된 이름을 구하지 않는다. 대나무가 이처럼 실재할지라도, 사람은 반드시 그러하지 않다",ko-KR
"竹以虚而实，人因实而虚。
竹不虚言，不虚行，不虚名。竹能如此，人未必实。","대나무는 비어 있기에 그 실재(實在)를 채우고, 사람은 채우려 하기에 도리어 공허해진다.
대나무는 헛된 말을 하지도, 헛된 행동을 하지도, 헛된 이름을 구하지 않는다. 대나무가 이처럼 실재할지라도, 사람은 반드시 그러하지 않다",ko-KR
"竹以虛而實，人因實而虛。
竹不虛言，不虛行，不虛名。竹能如此，人未必實。","대나무는 비어 있기에 그 실재(實在)를 채우고, 사람은 채우려 하기에 도리어 공허해진다.
대나무는 헛된 말을 하지도, 헛된 행동을 하지도, 헛된 이름을 구하지 않는다. 대나무가 이처럼 실재할지라도, 사람은 반드시 그러하지 않다",ko-KR
簪春,비녀에 깃든 봄,ko-KR
粗く無骨だが信頼できる強い手甲。手慣れた者はこれで山も海も覆すほどの力を出せる。,"무겁고 거칠지만 믿음직스럽게 견고한 권갑, 숙련된 사용자의 손에 착용하면 치명적인 타격을 가할 수 있는 파괴력을 발휘한다",ko-KR
糸繰りの奇術,꼭두각시의 손,ko-KR
紅炎,태양 불꽃,ko-KR
紋秋,가을의 무늬,ko-KR
"純粋な概念の投影によってできた、不可視の増幅器。
心の集域では、武器の外観や形状は表面的なものにすぎず、その概念の核心は戦争のための道具である。","순수 개념적 투영, 마치 감지할 수 없는 투명한 증폭기.
마음의 영역 중, 무기의 외형적 의미는 단지 표면에만 그칠 뿐, 진정한 핵심은 전투용 도구이다",ko-KR
"純粋な概念の投影によってできた、不可視の手甲。
心の集域では、武器の外観や形状は表面的なものにすぎず、その概念の核心は戦争のための道具である。","순수 개념적 투영, 마치 감지할 수 없는 투명한 권갑.
마음의 영역 중, 무기의 외형적 의미는 단지 표면에만 그칠 뿐, 진정한 핵심은 전투용 도구이다",ko-KR
"純粋な概念の投影によってできた、不可視の拳銃。
心の集域では、武器の外観や形状は表面的なものにすぎず、その概念の核心は戦争のための道具である。","순수 개념적 투영, 마치 감지할 수 없는 투명한 권총.
마음의 영역 중, 무기의 외형적 의미는 단지 표면에만 그칠 뿐, 진정한 핵심은 전투용 도구이다",ko-KR
"純粋な概念の投影によってできた、不可視の迅刀。
心の集域では、武器の外観や形状は表面的なものにすぎず、その概念の核心は戦争のための道具である。","순수 개념적 투영, 마치 감지할 수 없는 투명한 직검.
마음의 영역 중, 무기의 외형적 의미는 단지 표면에만 그칠 뿐, 진정한 핵심은 전투용 도구이다",ko-KR
"純粋な概念の投影によってできた、不可視の長刃。
心の集域では、武器の外観や形状は表面的なものにすぎず、その概念の核心は戦争のための道具である。","순수 개념적 투영, 마치 감지할 수 없는 투명한 대검.
마음의 영역 중, 무기의 외형적 의미는 단지 표면에만 그칠 뿐, 진정한 핵심은 전투용 도구이다",ko-KR
"純粹的概念投影，宛若無物的透明佩槍。
在心之集域中，武器的外觀形制不過是表象，其概念的核心是用於戰鬥的工具。","순수 개념적 투영, 마치 감지할 수 없는 투명한 권총.
마음의 영역 중, 무기의 외형적 의미는 단지 표면에만 그칠 뿐, 진정한 핵심은 전투용 도구이다",ko-KR
"純粹的概念投影，宛若無物的透明臂鎧。
在心之集域中，武器的外觀形制不過是表象，其概念的核心是用於戰鬥的工具。","순수 개념적 투영, 마치 감지할 수 없는 투명한 권갑.
마음의 영역 중, 무기의 외형적 의미는 단지 표면에만 그칠 뿐, 진정한 핵심은 전투용 도구이다",ko-KR
"純粹的概念投影，宛若無物的透明長刃。
在心之集域中，武器的外觀形制不過是表象，其概念的核心是用於戰鬥的工具。","순수 개념적 투영, 마치 감지할 수 없는 투명한 대검.
마음의 영역 중, 무기의 외형적 의미는 단지 표면에만 그칠 뿐, 진정한 핵심은 전투용 도구이다",ko-KR
"純粹的概念投影，宛若無物的透明長刃。
在心之集域中，武器的外觀形制不過是表象，其概念的核心是用於戰鬥的工具。","순수 개념적 투영, 마치 감지할 수 없는 투명한 직검.
마음의 영역 중, 무기의 외형적 의미는 단지 표면에만 그칠 뿐, 진정한 핵심은 전투용 도구이다",ko-KR
"純粹的概念投影，宛若無物的透明音感儀。
在心之集域中，武器的外觀形制不過是表象，其概念的核心是用於戰鬥的工具。","순수 개념적 투영, 마치 감지할 수 없는 투명한 증폭기.
마음의 영역 중, 무기의 외형적 의미는 단지 표면에만 그칠 뿐, 진정한 핵심은 전투용 도구이다",ko-KR
終始之外,시작과 끝,ko-KR
緊急回復,응급 치료,ko-KR
緘默悼詞,침묵 속의 추도사,ko-KR
縫い合わせられた朝夕,봉합된 새벽과 황혼,ko-KR
縫合晨昏,봉합된 새벽과 황혼,ko-KR
"纯粹的概念投影，宛若无物的透明佩枪。
在心之集域中，武器的外观形制不过是表象，其概念的核心是用于战斗的工具。","순수 개념적 투영, 마치 감지할 수 없는 투명한 권총.
마음의 영역 중, 무기의 외형적 의미는 단지 표면에만 그칠 뿐, 진정한 핵심은 전투용 도구이다",ko-KR
"纯粹的概念投影，宛若无物的透明臂铠。
在心之集域中，武器的外观形制不过是表象，其概念的核心是用于战斗的工具。","순수 개념적 투영, 마치 감지할 수 없는 투명한 권갑.
마음의 영역 중, 무기의 외형적 의미는 단지 표면에만 그칠 뿐, 진정한 핵심은 전투용 도구이다",ko-KR
"纯粹的概念投影，宛若无物的透明迅刀。
在心之集域中，武器的外观形制不过是表象，其概念的核心是用于战斗的工具。","순수 개념적 투영, 마치 감지할 수 없는 투명한 직검.
마음의 영역 중, 무기의 외형적 의미는 단지 표면에만 그칠 뿐, 진정한 핵심은 전투용 도구이다",ko-KR
"纯粹的概念投影，宛若无物的透明长刃。
在心之集域中，武器的外观形制不过是表象，其概念的核心是用于战斗的工具。","순수 개념적 투영, 마치 감지할 수 없는 투명한 대검.
마음의 영역 중, 무기의 외형적 의미는 단지 표면에만 그칠 뿐, 진정한 핵심은 전투용 도구이다",ko-KR
"纯粹的概念投影，宛若无物的透明音感仪。
在心之集域中，武器的外观形制不过是表象，其概念的核心是用于战斗的工具。","순수 개념적 투영, 마치 감지할 수 없는 투명한 증폭기.
마음의 영역 중, 무기의 외형적 의미는 단지 표면에만 그칠 뿐, 진정한 핵심은 전투용 도구이다",ko-KR
纹秋,가을의 무늬,ko-KR
终始之外,시작과 끝,ko-KR
缄默悼词,침묵 속의 추도사,ko-KR
缝合晨昏,봉합된 새벽과 황혼,ko-KR
群星の庇護,별의 동반,ko-KR
群星迭律,뭇별의 법칙,ko-KR
翩跹,선율의 춤사위,ko-KR
翩躚,선율의 춤사위,ko-KR
翼鋒,예리한 날개깃,ko-KR
翼锋,예리한 날개깃,ko-KR
考勤豁免协议,출석 면제 프로토콜,ko-KR
考勤豁免協議,출석 면제 프로토콜,ko-KR
耳を傾けよう——凍りついた刃から、氷河が蠢く音がする。それは、やがて使い手の思想と合流する氷河。この刀は自分の意思で敵を飲み込んでいく。,"경청 — 차가운 칼날의 표면을 통해 마치 차가운 물결의 바닷소리가 들려, 점점 소용돌이처럼 생각에 잠기게 된다. 물의 흐름을 따라 손에 든 직검을 휘두르면 모든 적을 집어삼킬 수 있다",ko-KR
肌身で感じよう——手甲の内には、今にも暴れだしそうな滾る深淵。名状し難い、抑えきれぬ深淵。さあ、装着し、咆哮せよ。そして狂気を以て敵を潰すのだ。,"반응 — 강력한 권갑을 통해 마치 알 수 없는 깊은 연못에서 밀려오는 성난 파도가 느껴지며, 그 느낌은 말로 표현할 수 없다. 이 권갑을 착용하면 적에게 내면의 분노를 표출할 수 있다",ko-KR
脈衝協臂,격동의 조력,ko-KR
脉冲协臂,격동의 조력,ko-KR
自由の騎士の踊り,자유기사의 독무,ko-KR
自由騎士之舞,자유기사의 독무,ko-KR
自由骑士之舞,자유기사의 독무,ko-KR
舞い上がる大空,거침없는 비상,ko-KR
苍鳞千嶂,청룡의 천장,ko-KR
華彩樂段,화려한 악곡,ko-KR
華胥研究院が源流シリーズを元に改造し作成した、実用的な高性能迅刀。研究院の誇りある過去を象徴している。,"화서연구원이 이전의 원능 무기를 기반으로 개발한 첫 번째 실용적인 고성능 직검. 연구원의 과거와 발전을 대표하며, 오랫동안 새로운 상태가 유지된다",ko-KR
華胥研究院が源流シリーズを元に改造し作成した、実用的な高性能長刃。何物にも破られない、理性と包容の結晶。,"화서연구원이 이전의 원능 무기를 기반으로 개발한 첫 번째 실용적인 고성능 대검. 연구원의 이성과 개방성을 대표하며, 매우 견고하여 파괴가 불가능하다",ko-KR
華胥研究院在此前源能武器的基礎上進行自主改進、研發的第一把極具實用性的高性能迅刀，代表著研究院的過往與發展，歷久彌新。,"화서연구원이 이전의 원능 무기를 기반으로 개발한 첫 번째 실용적인 고성능 직검. 연구원의 과거와 발전을 대표하며, 오랫동안 새로운 상태가 유지된다",ko-KR
華胥研究院在此前源能武器的基礎上進行自主改進、研發的第一把極具實用性的高性能長刃，代表著研究院的理性與開放，堅不可摧。,"화서연구원이 이전의 원능 무기를 기반으로 개발한 첫 번째 실용적인 고성능 대검. 연구원의 이성과 개방성을 대표하며, 매우 견고하여 파괴가 불가능하다",ko-KR
華麗カテンツァ,화려한 악곡,ko-KR
萬物持存的注釋,세상 만물의 진리,ko-KR
蒼鱗千嶂,청룡의 천장,ko-KR
蒼鱗連峰,청룡의 천장,ko-KR
虚飾のワルツ,허위의 왈츠,ko-KR
虚饰的华尔兹,허위의 왈츠,ko-KR
虛飾的華爾滋,허위의 왈츠,ko-KR
蜃影,스펙트럴 트리거,ko-KR
血の盟約,혈맹의 약속,ko-KR
血の盟約をここに示さん――裏切りも諦めもなし、最後の血の一滴が流れ尽きるまで、この誓いは決して破れぬ。,"이것이 바로 혈맹의 증거다——마지막 한 방울의 피가 마를 때까지 절대 배신하지 않으며, 포기하지도 않는다",ko-KR
血誓盟約,혈맹의 약속,ko-KR
血誓盟约,혈맹의 약속,ko-KR
行进序曲,행진의 서곡,ko-KR
行進オーバーチュア,행진의 서곡,ko-KR
行進序曲,행진의 서곡,ko-KR
衔枝者赞诗,단결자의 찬가,ko-KR
袍泽之固,전우의 의리,ko-KR
袍澤之固,전우의 의리,ko-KR
裁春,날카로운 봄,ko-KR
裁竹,푸른 의지,ko-KR
裸の戦歌,출정의 의식,ko-KR
西升,상승의 서녘,ko-KR
見つめよう——鋭い刃先には、風の冷気が感じられる。生き物のような水面の乱反射。この武器を手に取る者は、その内なるエナジーに抱擁される。,집중 — 날카로운 칼날의 끝부분을 통해 마치 갑자기 불어오는 산들바람과 함께 끝없는 호수가 차가운 은빛 비늘처럼 반짝거리는 모습을 보는 것 같다. 이 대검을 휘둘러 무아의 경지에 이르면 샘물처럼 맑은 칼날 속에 축적된 에너지를 느낄 수 있다,ko-KR
観測者,관측자,ko-KR
觀測者,관측자,ko-KR
观测者,관측자,ko-KR
角色冲刺或闪避时，攻击提升{0}，持续{1}秒，可叠加{2}层。,"캐릭터가 돌진하거나 회피할 시, 공격력이 {0} 증가하고, {1}초간 지속되며, 최대 {2}스택 중첩이 가능하다",ko-KR
角色衝刺或閃避時，攻擊提升{0}，持續{1}秒，最多疊加{2}層。,"캐릭터가 돌진하거나 회피할 시, 공격력이 {0} 증가하고, {1}초간 지속되며, 최대 {2}스택 중첩이 가능하다",ko-KR
触れよう——酷寒のマトリックスに触れれば、天と地の狭間にある、真理を導く湖に繋がりそうだ。行く手を阻む敵を一切合切殲滅せよ。そう、それは真理に辿り着くための道。,감지 — 차가운 매트릭스를 통해 마치 하늘과 땅을 둘러싸고 있는 호수를 만지는 듯한 느낌이 든다. 모든 답을 찾을 수 있도록 안내하는 이 증폭기를 사용하면 진실 추구를 방해하는 모든 적을 처치할 수 있다,ko-KR
触碰它——在冰寒的矩阵之间，仿佛能触碰到围绕在天地之间的那片湖，它将指引你找到一切答案。怀抱此音感仪，消灭所有阻挡在你与真理之间的敌人。,감지 — 차가운 매트릭스를 통해 마치 하늘과 땅을 둘러싸고 있는 호수를 만지는 듯한 느낌이 든다. 모든 답을 찾을 수 있도록 안내하는 이 증폭기를 사용하면 진실 추구를 방해하는 모든 적을 처치할 수 있다,ko-KR
觸發協奏作用時，共鳴解放傷害提升{0}%，持續10秒，最多疊加2層。,"협주 이펙트 발동 시, 공명 해방 피해가 {0}% 증가하며 10초간 지속되며 최대 2층까지 중첩된다",ko-KR
觸發協奏作用時，共鳴解放傷害提升{0}%，持續10秒，最多疊加2層。,"협주 이펙트 발생 시, 공명 해방 피해가 {0}% 증가하고, 10초간 지속되며, 최대 2층 중첩이 가능하다",ko-KR
觸碰它——在冰寒的矩陣之間，仿佛能觸碰到圍繞在天地之間的那片湖，它將指引你找到一切答案。 懷抱此音感儀，消滅所有阻擋在你與真理之間的敵人。,감지 — 차가운 매트릭스를 통해 마치 하늘과 땅을 둘러싸고 있는 호수를 만지는 듯한 느낌이 든다. 모든 답을 찾을 수 있도록 안내하는 이 증폭기를 사용하면 진실 추구를 방해하는 모든 적을 처치할 수 있다,ko-KR
訓練と学習のために使う増幅器。最低限の機能しか備わってない。,훈련과 교육에 사용되는 증폭기. 기본적인 기능만 있다,ko-KR
訓練と学習のために使う手甲。最低限の機能しか備わってない。,훈련과 교육에 사용되는 권갑. 기본적인 기능만 있다,ko-KR
訓練と学習のために使う拳銃。最低限の機能しか備わってない。,훈련과 교육에 사용되는 권총. 기본적인 기능만 있다,ko-KR
訓練と学習のために使う迅刀。最低限の機能しか備わってない。,훈련과 교육에 사용되는 직검. 기본적인 기능만 있다,ko-KR
訓練と学習のために使う長刃。最低限の機能しか備わってない。,훈련과 교육에 사용되는 대검. 기본적인 기능만 있다,ko-KR
詠嘆,끝없는 메아리,ko-KR
詠歎之音,끝없는 메아리,ko-KR
諸方玄樞,팔방의 천추,ko-KR
謀定入微,주도면밀,ko-KR
诸方玄枢,팔방의 천추,ko-KR
谋定入微,주도면밀,ko-KR
贗作的矮星,위조된 작은별,ko-KR
赝作的矮星,위조된 작은별,ko-KR
赤胆丹心,일편단심,ko-KR
赤膽丹心,일편단심,ko-KR
赫く煌く焔羽,불사조의 깃털,ko-KR
赫く燃ゆる流光,솟아오르는 화염,ko-KR
赫奕流明,솟아오르는 화염,ko-KR
超声矩阵,초음파·매트릭스,ko-KR
超声碎岩,초음파·파괴,ko-KR
超声裁决,초음파·심판,ko-KR
超声赫轮,초음파·룰렛,ko-KR
超声锋刃,초음파·칼날,ko-KR
超聲矩陣,초음파·매트릭스,ko-KR
超聲碎岩,초음파·파괴,ko-KR
超聲裁決,초음파·심판,ko-KR
超聲赫輪,초음파·룰렛,ko-KR
超聲鋒刃,초음파·칼날,ko-KR
超音・審判,초음파·심판,ko-KR
超音・瑞刃,초음파·칼날,ko-KR
超音・破岩,초음파·파괴,ko-KR
超音・輪転,초음파·룰렛,ko-KR
超音・陣列,초음파·매트릭스,ko-KR
踔时之进,전진의 발걸음,ko-KR
踔時之進,전진의 발걸음,ko-KR
輕攏慢撚,자유의 선율,ko-KR
輕盈的自由之風,자유의 바람,ko-KR
轻拢慢捻,자유의 선율,ko-KR
轻盈的自由之风,자유의 바람,ko-KR
辺守増幅器・伝承,수호자의 증폭기 · 모략,ko-KR
辺守手甲・造設,수호자의 권갑 · 강력,ko-KR
辺守拳銃・平定,수호자의 권총 · 용맹,ko-KR
辺守迅刀・鎮護,수호자의 직검 · 기민,ko-KR
辺守長刃・統率,수호자의 대검 · 근성,ko-KR
迅生,성장의 속도,ko-KR
迅速,성장의 속도,ko-KR
近日点,근일점,ko-KR
近日點,근일점,ko-KR
远涉,기나긴 여정,ko-KR
远行者佩枪·洞察,수행자의 권총 · 통찰,ko-KR
远行者矩阵·探幽,수행자의 증폭기 · 탐색,ko-KR
远行者臂铠·破障,수행자의 권갑 · 파괴,ko-KR
远行者迅刀·旅迹,수행자의 직검 · 행적,ko-KR
远行者长刃·辟路,수행자의 대검 · 벽로,ko-KR
迸る雷霆,뇌전,ko-KR
"逆巻く海は騎士に運命の冠を授けようとした。しかし騎士は、その冠を己が剣へと宿したのだ。
その冠が騎士を縛る枷とならぬよう、怒涛もまた騎士の歩みを止めることはできない。","파도는 기사에게 운명의 면류관을 씌우려 했지만, 기사는 면류관을 검 안에 봉인해버렸다.
면류관은 기사를 속박할 수 없었고, 파도는 기사의 발걸음을 막지 못했다",ko-KR
逆行の星,저무는 동녘,ko-KR
逐星,별을 좇아서,ko-KR
通常攻撃ダメージと重撃ダメージが{0}アップ。,일반 공격과 강공격 피해 보너스 {0} 증가,ko-KR
通常攻撃ダメージと重撃ダメージが{0}アップ。,일반 공격과 강공격 피해 보너스가 {0} 증가한다,ko-KR
通常攻撃ダメージを与える時、自身のHPを{0}回復。この効果は{1}秒ごとに最大{2}回発動可能。,"일반 공격을 사용하여 피해를 입힐 경우, 자신의 HP가 {0} 회복되며, {1}초마다 {2}회 발생할 수 있다",ko-KR
通常攻撃・重撃ダメージを与える時、HP回復効果が{0}アップ、この効果は最大{2}スタック、{1}秒間持続、{3}秒ごとに最大{4}回発動可能。,"일반 공격이나 강공격을 사용하여 피해를 입힐 경우, 치료 효과 보너스가 {0} 증가하고, {1}초간 지속되며, 최대 {2}스택 중첩이 가능하며, {3}초마다 {4}회 발생할 수 있다",ko-KR
通常攻撃・重撃ダメージを与える時、攻撃力が{0}アップ、この効果は最大{1}スタック、{2}秒間持続。{3}秒ごとに最大{4}回発動可能。,"일반 공격이나 강공격을 사용하여 피해를 입힐 경우, 공격력이 {0} 증가하고, 최대 {1}스택 중첩이 가능하며, {2}초간 지속되며, {3}초마다 {4}회 발생할 수 있다",ko-KR
造成普攻伤害时，回复自身{0}生命值，每{1}秒可触发{2}次。,"일반 공격을 사용하여 피해를 입힐 경우, 자신의 HP가 {0} 회복되며, {1}초마다 {2}회 발생할 수 있다",ko-KR
造成普攻傷害時，回復自身{0}生命值，每{1}秒可觸發{2}次。,"일반 공격을 사용하여 피해를 입힐 경우, 자신의 HP가 {0} 회복되며, {1}초마다 {2}회 발생할 수 있다",ko-KR
造成普攻或重击伤害时，攻击提升{0}，可叠加{1}层，持续{2}秒，每{3}秒可触发{4}次。,"일반 공격이나 강공격을 사용하여 피해를 입힐 경우, 공격력이 {0} 증가하고, 최대 {1}스택 중첩이 가능하며, {2}초간 지속되며, {3}초마다 {4}회 발생할 수 있다",ko-KR
造成普攻或重击伤害时，治疗效果加成提升{0}，持续{1}秒，可叠加{2}层，每{3}秒可触发{4}次。,"일반 공격이나 강공격을 사용하여 피해를 입힐 경우, 치료 효과 보너스가 {0} 증가하고, {1}초간 지속되며, 최대 {2}스택 중첩이 가능하며, {3}초마다 {4}회 발생할 수 있다",ko-KR
造成普攻或重擊傷害時，攻擊提升{0}，可疊加{1}層，持續{2}秒，每{3}秒可觸發{4}次。,"일반 공격이나 강공격을 사용하여 피해를 입힐 경우, 공격력이 {0} 증가하고, 최대 {1}스택 중첩이 가능하며, {2}초간 지속되며, {3}초마다 {4}회 발생할 수 있다",ko-KR
造成普攻或重擊傷害時，治療效果加成提升{0}，持續{1}秒，可疊加{2}層，每{3}秒可觸發{4}次。,"일반 공격이나 강공격을 사용하여 피해를 입힐 경우, 치료 효과 보너스가 {0} 증가하고, {1}초간 지속되며, 최대 {2}스택 중첩이 가능하며, {3}초마다 {4}회 발생할 수 있다",ko-KR
連合,합일,ko-KR
遙か彼方の瞳,피안의 눈동자,ko-KR
遠征,기나긴 여정,ko-KR
遠涉,기나긴 여정,ko-KR
遠行者佩槍·洞察,수행자의 권총 · 통찰,ko-KR
遠行者矩陣·探幽,수행자의 증폭기 · 탐색,ko-KR
遠行者臂鎧·破障,수행자의 권갑 · 파괴,ko-KR
遠行者迅刀·旅跡,수행자의 직검 · 행적,ko-KR
遠行者長刃·闢路,수행자의 대검 · 벽로,ko-KR
酩酊のエポス,만취의 영웅지,ko-KR
酩酊的英雄志,만취의 영웅지,ko-KR
釋放共鳴解放後，普攻傷害和重擊傷害增加{0}%，效果持續10秒。,"공명 해방 발동 후, 일반 공격과 강공격 피해가 {0}% 증가하며 10초간 지속된다",ko-KR
重光护持,빛의 비호,ko-KR
重光護持,빛의 비호,ko-KR
重破刃-41型,41형 대검 · 무거운 책임,ko-KR
重破刃＃41,41형 대검 · 무거운 책임,ko-KR
金の天穹,금빛 하늘,ko-KR
金戈鐵馬,용맹무쌍,ko-KR
金戈铁马,용맹무쌍,ko-KR
金掌,황금 권갑,ko-KR
金穹,금빛 하늘,ko-KR
金鉄の志,전우의 의리,ko-KR
鈞天正音,천상의 음률,ko-KR
銜枝者讚詩,단결자의 찬가,ko-KR
銳不可當,거침없는 기세,ko-KR
鋒芒所向,검이 가리키는 곳,ko-KR
鋭利な翼,예리한 날개깃,ko-KR
鋼と柔の調和,강유병존,ko-KR
鋼影拳-21丁型,21형 권갑 · 아이언 팬텀,ko-KR
鋼影拳＃21・四番,21형 권갑 · 아이언 팬텀,ko-KR
鍛錬,각고의 힘,ko-KR
钢影拳-21丁型,21형 권갑 · 아이언 팬텀,ko-KR
钧天正音,천상의 음률,ko-KR
锋芒所向,검이 가리키는 곳,ko-KR
锐不可当,거침없는 기세,ko-KR
镭射切变,레이저 변형,ko-KR
"長刃·時和歲稔的概念投影，艷若桃花。
當春風吹動四季輪轉，劍柄上的時序玉珠也如同少女的心事般，被花瓣浸染成了粉色。","대검 · 태평성대의 개념적 투영, 마치 복숭아꽃처럼 아름답다.
봄바람이 사계절을 흔드니 검의 시간 옥구슬도 소녀의 마음처럼 꽃잎에 물들어 분홍빛이 되었다",ko-KR
"長刃・歳華調和の概念の投影は、咲き誇る桃花のごとく華やかに映える。
春風が四季を巡らせると、柄に宿る時の玉珠もまた、秘めやかな乙女心のように、花びらに染められ桃色へと移ろう。","대검 · 태평성대의 개념적 투영, 마치 복숭아꽃처럼 아름답다.
봄바람이 사계절을 흔드니 검의 시간 옥구슬도 소녀의 마음처럼 꽃잎에 물들어 분홍빛이 되었다",ko-KR
長夏詠頌,한여름의 찬송가,ko-KR
長夜で灯る一筋の光,영원한 등불,ko-KR
長夜の灯火,장야의 불빛,ko-KR
長夜的不滅孤燈,영원한 등불,ko-KR
"长刃·时和岁稔的概念投影，艳若桃花。
当春风吹动四季轮转，剑柄上的时序玉珠也如同少女的心事般，被花瓣浸染成了粉色。","대검 · 태평성대의 개념적 투영, 마치 복숭아꽃처럼 아름답다.
봄바람이 사계절을 흔드니 검의 시간 옥구슬도 소녀의 마음처럼 꽃잎에 물들어 분홍빛이 되었다",ko-KR
长夏咏颂,한여름의 찬송가,ko-KR
长夜的不灭孤灯,영원한 등불,ko-KR
閃耀星火,눈부신 불빛,ko-KR
開拓者,개척자,ko-KR
闇を打ち破る者,어둠을 파괴하는 자,ko-KR
闘炎の爪痕,불길,ko-KR
闪耀星火,눈부신 불빛,ko-KR
阳焰,태양 불꽃,ko-KR
陽焰,태양 불꽃,ko-KR
集合,합력,ko-KR
雲琅,옥빛 구름,ko-KR
雷が、彼女の古傷と弱さを焼き清めるだろう。血と砂の炉は、生まれ変わるための揺り籠。故に彼女は、塵の眠りから覚め、赫々たる太陽として君臨する。,뇌전은 그녀의 옛 상처와 연약함을 씻어낼 것이다. 그 피와 모래로 만들어진 용광로에서 그녀는 더 이상 먼지가 아니라 찬란하고 눈부신 태양이 될 것이다,ko-KR
雷射切變,레이저 변형,ko-KR
雷霆を統べし王剣,천둥벼락을 다스리는 권능,ko-KR
雷霆会灼净她的沉疴与软弱，在那由血与砂铸成的熔炉中，她将不再是尘埃，而是辉煌夺目的太阳。,뇌전은 그녀의 옛 상처와 연약함을 씻어낼 것이다. 그 피와 모래로 만들어진 용광로에서 그녀는 더 이상 먼지가 아니라 찬란하고 눈부신 태양이 될 것이다,ko-KR
雷霆會灼淨她的沉疴與軟弱，在那由血與砂鑄成的熔爐中，她將不再是塵埃，而是輝煌奪目的太陽。,뇌전은 그녀의 옛 상처와 연약함을 씻어낼 것이다. 그 피와 모래로 만들어진 용광로에서 그녀는 더 이상 먼지가 아니라 찬란하고 눈부신 태양이 될 것이다,ko-KR
電能増幅,뇌전의 증폭,ko-KR
霊感ディスコード,기묘한 울림,ko-KR
静寂,적막,ko-KR
響き合う風鳴り,화음 공진,ko-KR
風刺のファブリオー,풍류의 우화시,ko-KR
風流的寓言詩,풍류의 우화시,ko-KR
飄々とした自由の風,자유의 바람,ko-KR
风流的寓言诗,풍류의 우화시,ko-KR
飛景,천공의 광경,ko-KR
飛逝,천공의 순간,ko-KR
飞景,천공의 광경,ko-KR
飞逝,천공의 순간,ko-KR
馭冕鑄雷之權,천둥벼락을 다스리는 권능,ko-KR
駭行,천공의 역행,ko-KR
驚異の星,천공의 역행,ko-KR
驭冕铸雷之权,천둥벼락을 다스리는 권능,ko-KR
骇行,천공의 역행,ko-KR
髪に挿す春,비녀에 깃든 봄,ko-KR
鬼神を招き、星を召す,혼을 부르고 별을 소환해,ko-KR
魚の力,어획,ko-KR
鳴動儀-25型,25형 증폭기 · 울림의 멜로디,ko-KR
鳴動機＃25,25형 증폭기 · 울림의 멜로디,ko-KR
鷹揚な調べ,자유의 선율,ko-KR
鸣动仪-25型,25형 증폭기 · 울림의 멜로디,ko-KR
黄金の拳,황금 권갑,ko-KR
