category,category_label,id,zh-CN,ja-JP,zh-TW,en-US,ko-KR,th-TH,src_table
07_terminology,术语,SquadType.Main,突击,STRIKER,STRIKER,STRIKER,STRIKER,STRIKER,localization.json:SquadType
07_terminology,术语,SquadType.Support,支援,SPECIAL,SPECIAL,SPECIAL,SPECIAL,SPECIAL,localization.json:SquadType
07_terminology,术语,BulletType.Explosion,爆发,爆発,爆炸,Explosive,폭발,ระเบิด,localization.json:BulletType
07_terminology,术语,BulletType.Pierce,贯穿,貫通,貫通,Piercing,관통,เจาะเกราะ,localization.json:BulletType
07_terminology,术语,BulletType.Mystic,神秘,神秘,神秘,Mystic,신비,ลึกลับ,localization.json:BulletType
07_terminology,术语,BulletType.Normal,普通,ノーマル,常規,Normal,일반,ทั่วไป,localization.json:BulletType
07_terminology,术语,BulletType.Sonic,振动,振動,振動,Sonic,진동,สั่นสะเทือน,localization.json:BulletType
07_terminology,术语,BulletType.Mixed,轮换,様々,輪換,Varies,다양함,หลากหลาย,localization.json:BulletType
07_terminology,术语,ArmorType.LightArmor,轻装甲,軽装備,輕型護甲,Light,경장갑,เกราะเบา,localization.json:ArmorType
07_terminology,术语,ArmorType.HeavyArmor,重装甲,重装甲,重型裝甲,Heavy,중장갑,เกราะหนัก,localization.json:ArmorType
07_terminology,术语,ArmorType.Unarmed,特殊装甲,特殊装甲,特殊裝甲,Special,특수장갑,เกราะพิเศษ,localization.json:ArmorType
07_terminology,术语,ArmorType.ElasticArmor,弹力装甲,弾力装甲,彈性裝甲,Elastic,탄력장갑,เกราะยืดหยุ่น,localization.json:ArmorType
07_terminology,术语,ArmorType.Normal,一般装甲,通常装甲,常規護甲,Normal,일반장갑,เกราะทั่วไป,localization.json:ArmorType
07_terminology,术语,ArmorType.Structure,结构物,構造物,結構物,Structure,구조물,สิ่งปลูกสร้าง,localization.json:ArmorType
07_terminology,术语,ArmorTypeLong.LightArmor,轻装甲,軽装備,輕型護甲,Light Armor,경장갑,เกราะเบา,localization.json:ArmorTypeLong
07_terminology,术语,ArmorTypeLong.HeavyArmor,重装甲,重装甲,重型裝甲,Heavy Armor,중장갑,เกราะหนัก,localization.json:ArmorTypeLong
07_terminology,术语,ArmorTypeLong.Unarmed,特殊装甲,特殊装甲,特殊裝甲,Special Armor,특수장갑,เกราะพิเศษ,localization.json:ArmorTypeLong
07_terminology,术语,ArmorTypeLong.ElasticArmor,弹力装甲,弾力装甲,彈性裝甲,Elastic Armor,탄력장갑,เกราะยืดหยุ่น,localization.json:ArmorTypeLong
07_terminology,术语,ArmorTypeLong.Normal,一般装甲,通常装甲,常規護甲,Normal Armor,일반장갑,เกราะปกติ,localization.json:ArmorTypeLong
07_terminology,术语,TacticRole.DamageDealer,输出,アタッカー,輸出,Dealer,딜러,Dealer,localization.json:TacticRole
07_terminology,术语,TacticRole.Tanker,坦克,タンク,坦克,Tank,탱커,Tanker,localization.json:TacticRole
07_terminology,术语,TacticRole.Healer,治疗,ヒーラー,補師,Healer,힐러,Healer,localization.json:TacticRole
07_terminology,术语,TacticRole.Supporter,辅助,サポーター,輔助,Support,서포터,Supporter,localization.json:TacticRole
07_terminology,术语,TacticRole.Vehicle,T.S,T.S,戰術支援,T.S.,T.S,T.S,localization.json:TacticRole
07_terminology,术语,AdaptationType.Street,街区,市街地,市區,Street,시가지,เขตเมือง,localization.json:AdaptationType
07_terminology,术语,AdaptationType.Outdoor,野外,屋外,室外,Outdoor,야외,กลางแจ้ง,localization.json:AdaptationType
07_terminology,术语,AdaptationType.Indoor,室内,屋内,室內,Indoor,실내,ในอาคาร,localization.json:AdaptationType
07_terminology,术语,SkillType.Normal,普通攻击,通常攻撃,普通攻擊,Normal Attack,일반 공격,การโจมตีทั่วไป,localization.json:SkillType
07_terminology,术语,SkillType.FormChange,普通攻击(增强),通常攻撃（強化版）,普通攻擊(增強),Normal Attack (Augmented),일반 공격(강화),การโจมตีทั่วไป (เสริมพลัง),localization.json:SkillType
07_terminology,术语,SkillType.Ex,EX技能,EXスキル,EX技能,EX Skill,EX 스킬,สกิล EX,localization.json:SkillType
07_terminology,术语,SkillType.Public,普通技能,ノーマルスキル,基本技能,Basic Skill,기본 스킬,สกิลพื้นฐาน,localization.json:SkillType
07_terminology,术语,SkillType.GearPublic,普通技能＋,ノーマルスキル＋,基本技能＋,Basic Skill+,기본 스킬+,สกิลพื้นฐาน+,localization.json:SkillType
07_terminology,术语,SkillType.Passive,被动技能,パッシブスキル,強化技能,Enhanced Skill,강화 스킬,สกิลติดตัว,localization.json:SkillType
07_terminology,术语,SkillType.WeaponPassive,被动技能＋,パッシブスキル＋,強化技能＋,Enhanced Skill+,강화 스킬+,สกิลติดตัว+,localization.json:SkillType
07_terminology,术语,SkillType.ExtraPassive,子技能,サブスキル,子技能,Sub Skill,서브 스킬,สกิลรอง,localization.json:SkillType
07_terminology,术语,SkillTypeShort.Normal,普攻,通常攻撃,普攻,Normal Attack,일반 공격,การโจมตีทั่วไป,localization.json:SkillTypeShort
07_terminology,术语,SkillTypeShort.Ex,EX技能,EX,EX技能,EX,EX,EX,localization.json:SkillTypeShort
07_terminology,术语,SkillTypeShort.Public,普通技能,ノーマル,基本技能,Basic,기본,พื้นฐาน,localization.json:SkillTypeShort
07_terminology,术语,SkillTypeShort.GearPublic,普通技能＋,ノーマル＋,基本技能＋,Basic+,기본+,พื้นฐาน+,localization.json:SkillTypeShort
07_terminology,术语,SkillTypeShort.Passive,被动技能,パッシブ,強化技能,Enhanced,강화,ติดตัว,localization.json:SkillTypeShort
07_terminology,术语,SkillTypeShort.WeaponPassive,被动技能＋,パッシブ＋,強化技能＋,Enhanced+,강화+,ติดตัว+,localization.json:SkillTypeShort
07_terminology,术语,SkillTypeShort.ExtraPassive,子技能,サブ,子技能,Sub,서브,รอง,localization.json:SkillTypeShort
07_terminology,术语,Stat.Level,等级,レベル,等級,Level,레벨,เลเวล,localization.json:Stat
07_terminology,术语,Stat.MaxHP,最大体力,最大HP,生命值,Max HP,최대 체력,HP สูงสุด,localization.json:Stat
07_terminology,术语,Stat.AttackPower,攻击力,攻撃力,攻擊力,ATK,공격력,ค่าโจมตี,localization.json:Stat
07_terminology,术语,Stat.DefensePower,防御力,防御力,防禦力,DEF,방어력,ค่าป้องกัน,localization.json:Stat
07_terminology,术语,Stat.HealPower,治疗力,治癒力,治癒力,Healing,치유력,ค่ารักษา,localization.json:Stat
07_terminology,术语,Stat.AccuracyPoint,命中值,命中値,命中值,Accuracy,명중 수치,ค่าความแม่นยำ,localization.json:Stat
07_terminology,术语,Stat.DodgePoint,闪避值,回避値,迴避值,Evasion,회피 수치,ค่าหลบหลีก,localization.json:Stat
07_terminology,术语,Stat.CriticalPoint,暴击值,会心値,暴擊值,Crit,치명 수치,ค่าคริ,localization.json:Stat
07_terminology,术语,Stat.CriticalDamageRate,暴击伤害,会心ダメージ,暴擊傷害,Crit DMG,치명 대미지,ความเสียหายคริ,localization.json:Stat
07_terminology,术语,Stat.HealEffectivenessRate,受恢复率,被回復率,受回復率強化,Recovery Boost,받는 회복 효과 강화율,อัตราเร่งการฟื้นฟู,localization.json:Stat
07_terminology,术语,Stat.OppressionPower,群控强化,CC強化力,群控強化力,CC Power,군중 제어 강화력,ประสิทธิภาพกดขี่,localization.json:Stat
07_terminology,术语,Stat.OppressionResist,群控抵抗,CC抵抗力,群控抵抗力,CC RES,군중 제어 저항력,ต้านทานกดขี่,localization.json:Stat
07_terminology,术语,Stat.CriticalChanceResistPoint,暴击抵抗力,会心発生抵抗力,暴擊抵抗值,Crit RES,치명 저항력,ต้านทานคริ,localization.json:Stat
07_terminology,术语,Stat.CriticalDamageResistRate,暴击伤害抵抗率,会心ダメージ抵抗率,暴擊傷害抵抗率,Crit DMG RES,치명 대미지 저항률,อัตราต้านทานความเสียหายคริ,localization.json:Stat
07_terminology,术语,Stat.StabilityPoint,稳定值,安定値,穩定值,Stability,안정 수치,ค่าความเสถียร,localization.json:Stat
07_terminology,术语,Stat.StabilityRate,稳定率,安定率,穩定率,Stability Rate,안정률,ค่าความเสถียร,localization.json:Stat
07_terminology,术语,Stat.Range,普通攻击射程,通常攻撃の射程,射程,Normal Attack Range,일반공격 사거리,ระยะโจมตีทั่วไป,localization.json:Stat
07_terminology,术语,Stat.AmmoCount,装弹数,装弾数,載彈量,Mag Count,장탄 수,จำนวนกระสุน,localization.json:Stat
07_terminology,术语,Stat.AmmoCost,普通攻击弹药消耗,通常攻撃消費弾数,普通攻擊彈藥消耗,Normal Attack Cost,기본공격 소비 탄 수,จำนวนกระสุนที่ใช้,localization.json:Stat
07_terminology,术语,Stat.MoveSpeed,移动速度,移動速度,移動速度,MOV SPD,이동속도,ความเร็วเคลื่อนที่,localization.json:Stat
07_terminology,术语,Stat.DamageRatio,增伤率(敌),与ダメージ倍率,增傷率(敵),DMG Dealt (Enemy),주는 대미지량,ความเสียหายที่ทำได้,localization.json:Stat
07_terminology,术语,Stat.DamageRatio2,增伤率,与ダメージ倍率,增傷率,DMG Dealt,주는 대미지량,ความเสียหายที่ทำได้,localization.json:Stat
07_terminology,术语,Stat.DamagedRatio,免伤率(敌),被ダメージ倍率,免傷率(敵),DMG Resist (Enemy),받는 대미지량,ความเสียหายที่ได้รับ,localization.json:Stat
07_terminology,术语,Stat.DamagedRatio2,免伤率,被ダメージ倍率,免傷率,DMG Resist,받는 대미지량,ความเสียหายที่ได้รับ,localization.json:Stat
07_terminology,术语,Stat.ExDamagedRatio,EX技能承伤率,EXスキル被ダメージ倍率,EX技能承傷率,EX Skill DMG Resist,EX 스킬로 받는 대미지량,ความเสียหายที่ได้รับจากสกิล EX,localization.json:Stat
07_terminology,术语,Stat.EnhanceExDamageRate,EX技能增伤率,EXスキル与ダメージ倍率,EX技能增傷率,EX Skill DMG Dealt,EX 스킬로 주는 대미지량,EX Skill DMG Dealt,localization.json:Stat
07_terminology,术语,Stat.AttackSpeed,攻击速度,攻撃速度,攻擊速度,ATK SPD,공격속도,ความเร็วโจมตี,localization.json:Stat
07_terminology,术语,Stat.BlockRate,掩体格挡率,遮蔽ブロック率ボーナス,掩體格擋率,Block Rate Bonus,추가 엄폐 성공률,อัตรากำบังสำเร็จ,localization.json:Stat
07_terminology,术语,Stat.DefensePenetration,防御无视值,防御貫通値,防禦無視值,Defense Piercing,방어 관통,ค่าเจาะเกราะ,localization.json:Stat
07_terminology,术语,Stat.RegenCost,蓄能值恢复力,コスト回復力,COST回復力,Cost Recovery,코스트 회복력,ค่าฟื้นฟู Cost,localization.json:Stat
07_terminology,术语,Stat.EnhanceExplosionRate,爆炸克制率,爆発特効,爆炸剋制率,Explosive Effectiveness,폭발 특효,ประสิทธิภาพความเสียหายระเบิด,localization.json:Stat
07_terminology,术语,Stat.EnhancePierceRate,贯通克制率,貫通特効,貫通剋制率,Piercing Effectiveness,관통 특효,ประสิทธิภาพความเสียหายเจาะเกราะ,localization.json:Stat
07_terminology,术语,Stat.EnhanceMysticRate,神秘克制率,神秘特効,神秘剋制率,Mystic Effectiveness,신비 특효,ประสิทธิภาพความเสียหายลึกลับ,localization.json:Stat
07_terminology,术语,Stat.EnhanceSonicRate,振动克制率,振動特効,振動剋制率,Sonic Effectiveness,진동 특효,ประสิทธิภาพความเสียหายสั่นสะเทือน,localization.json:Stat
07_terminology,术语,Stat.EnhanceLightArmorRate,轻型护甲性能,軽装備性能,輕型護甲性能,Light Armor Enhancement,경장갑 강화,ประสิทธิภาพเกราะเบา,localization.json:Stat
07_terminology,术语,Stat.EnhanceHeavyArmorRate,重型装甲性能,重装甲性能,重型裝甲性能,Heavy Armor Enhancement,중장갑 강화,ประสิทธิภาพเกราะหนัก,localization.json:Stat
07_terminology,术语,Stat.EnhanceUnarmedRate,特殊装甲性能,特殊装甲性能,特殊裝甲性能,Special Armor Enhancement,특수장갑 강화,ประสิทธิภาพเกราะพิเศษ,localization.json:Stat
07_terminology,术语,Stat.EnhanceElasticArmorRate,弹性装甲性能,弾力装甲性能,彈力裝甲強化,Elastic Armor Enhancement,탄력장갑 강화,ประสิทธิภาพเกราะยืดหยุ่น,localization.json:Stat
07_terminology,术语,Stat.ExtendBuffDuration,增益持续力,バフ効果持続力,增益持續力,Buff Retention,이로운 효과 유지력,ระยะเวลาบัพ,localization.json:Stat
07_terminology,术语,Stat.ExtendDebuffDuration,减益持续力,弱体状態持続力,減益持續力,Debuff Retention,해로운 효과 유지력,ระยะเวลาเอฟเฟกต์อันตราย,localization.json:Stat
07_terminology,术语,Stat.ExtendCrowdControlDuration,群控持续力,CC状態持続力,群控持續力,CC Retention,군중제어 유지력,ระยะเวลาเอฟเฟกต์กดขี่,localization.json:Stat
07_terminology,术语,Stat.SkillCost,EX技能费用,Exスキルコスト,EX技能費用,EX Skill Cost,EX 스킬 코스트,ค่าใช้สกิล EX,localization.json:Stat
07_terminology,术语,Stat.NormalHits,普通攻击伤害段数,通常攻撃ヒット数,普通攻擊傷害段數,Normal Attack Hits,일반 공격 히트수,จำนวนครั้งของการโจมตีทั่วไป,localization.json:Stat
07_terminology,术语,Stat.EXHits,EX技能伤害段数,EXスキルヒット数,EX技能傷害段數,EX Skill Hits,EX 스킬 히트수,จำนวนครั้งการโจมตีของสกิล EX,localization.json:Stat
07_terminology,术语,Stat.PublicHits,普通技能伤害段数,ノーマルスキルヒット数,基本技能傷害段數,Basic Skill Hits,기본 스킬 히트수,จำนวนครั้งการโจมตีของสกิลพื้นฐาน,localization.json:Stat
07_terminology,术语,Stat.GroggyGauge,虚弱计量槽,グロッキーゲージ,虛弱計量槽,Groggy Gauge,그로기 게이지,เกจมึนงง,localization.json:Stat
07_terminology,术语,Stat.GroggyTime,虚弱持续时间,グロッキー持続時間,虛弱持續時間,Groggy Duration,그로기 지속시간,ระยะเวลามึนงง,localization.json:Stat
07_terminology,术语,Stat.LostHP,已损生命值,失ったHP,已損生命值,Lost HP,잃은 HP,HP ที่เสียไป,localization.json:Stat
07_terminology,术语,Stat.CurrentHP,当前生命值,現在HP,當前生命值,HP,현재 HP,HP ปัจจุบัน,localization.json:Stat
07_terminology,术语,Stat.BurnDamagedIncrease,烧伤承伤率,火傷被ダメージ,燒傷承傷率,Burn DMG Taken,Burn DMG Taken,ความเสียหายเผาไหม้,localization.json:Stat
07_terminology,术语,Stat.ChillDamagedIncrease,恶寒承伤率,悪寒被ダメージ,惡寒承傷率,Chill DMG Taken,Chill DMG Taken,ความเสียหายหนาวสั่น,localization.json:Stat
07_terminology,术语,Stat.ElectricShockDamagedIncrease,触电承伤率,感電被ダメージ,觸電承傷率,Shock DMG Taken,Shock DMG Taken,ความเสียหายไฟฟ้าช็อต,localization.json:Stat
07_terminology,术语,Stat.PoisonDamagedIncrease,中毒承伤率,中毒被ダメージ,中毒承傷率,Poison DMG Taken,Poison DMG Taken,ความเสียหายพิษ,localization.json:Stat
07_terminology,术语,Stat.IgnoreDelayCount,无视普攻开火间隔,ディレイ無視,無視普攻開火間隔,Ignore Delay,딜레이 무시,ไม่สนใจดีเลย์,localization.json:Stat
07_terminology,术语,StatTooltip.MaxHP,该单位的最大生命值. 生命值降至0时，该单位从战斗中退场.,キャラクターの最大HP。HPが0になった時そのキャラクターは戦闘から退却する。,該單位的最大生命值. 生命值降至0時，該單位從戰鬥中退場.,The character's Maximum HP. When HP reaches 0 they will be defeated and retreat from battle.,대상의 최대 HP. HP가 0이 되면 그 대상은 전투에서 퇴각합니다.,HP สูงสุดของตัวละคร เมื่อ HP เหลือ 0 ตัวละครดังกล่าวจะล่าถอยออกจากการต่อสู้,localization.json:StatTooltip
07_terminology,术语,StatTooltip.AttackPower,影响：该单位进行攻击时，造成的伤害的量.,攻撃が与えるダメージ量に影響する。,影響：該單位進行攻擊時，造成的傷害的量,Affects the amount of damage dealt by attacks.,공격으로 주는 대미지량에 영향을 줍니다.,มีผลต่อความเสียหายที่ทำได้ในการโจมตี,localization.json:StatTooltip
07_terminology,术语,StatTooltip.DefensePower,影响：该单位受到攻击时，受到的伤害的量.,攻撃によって受けるダメージ量に影響する。,影響：該單位受到攻擊時，受到的傷害的量.,Affects the amount of damage received from incoming attacks.,공격당해 받는 대미지량에 영향을 줍니다.,มีผลต่อความเสียหายที่ได้รับจากการถูกโจมตี,localization.json:StatTooltip
07_terminology,术语,StatTooltip.HealPower,影响：该单位的治疗技能可回复的生命值的量；该单位的护盾技能赋予的护盾可吸收伤害的量.,回復スキルによるHP回復量やシールドスキルが緩和するダメージ量に影響する。,影響：該單位的治療技能可回復的生命值的量；該單位的護盾技能賦予的護盾可吸收傷害的量.,Affects the amount of HP restored by healing skills and damage absorbed by barrier skills.,회복 스킬에 의한 HP 회복량과 보호막에 의해 흡수되는 대미지에 영향을 줍니다.,มีผลต่อจำนวน HP ที่สามารถฟื้นฟูได้จากสกิลฟื้นฟูและความเสียหายที่สามารถดูดซับได้ของสกิลบาเรีย,localization.json:StatTooltip
07_terminology,术语,StatTooltip.AccuracyPoint,影响：该单位进行攻击时，命中目标的概率. ※ 该值高于目标的闪避值时，攻击必定命中.,攻撃した時の命中率に影響する。攻撃対象の回避値よりも高い場合には必ず命中する。,影響：該單位進行攻擊時，命中目標的機率. ※ 該值高於目標的迴避值時，攻擊必定命中.,Affects the hit rate of attacks. Chance to hit is guaranteed when greater than the target's Evasion.,공격의 명중 확률에 영향을 줍니다. 공격 대상의 회피보다 높을 시 확정적으로 명중합니다.,"มีผลต่ออัตราการโจมตีโดนเป้าหมาย, โอกาสโจมตีโดนเป้าหมายจะเป็น 100% หากค่าแม่นยำของเราสูงกว่าค่าหลบหลีกของเป้าหมาย",localization.json:StatTooltip
07_terminology,术语,StatTooltip.DodgePoint,影响：该单位受到攻击时，攻击命中的概率. ※ 仅当该值高于攻击者的命中值时，攻击可以被闪避.,攻撃を受けた時の命中率に影響する。攻撃者の命中値よりも高い場合にのみ回避が可能になる。,影響：該單位受到攻擊時，攻擊命中的機率. ※ 僅當該值高於攻擊者的命中值時，攻擊可以被迴避.,Affects the hit rate of incoming attacks. Evading normally only becomes possible when greater than the attacker's Accuracy.,공격을 받을 때의 명중 확률에 영향을 줍니다. 공격자의 명중 수치보다 높을 때에만 회피 가능성이 있습니다.,"มีผลต่ออัตราการหลบการโจมตีของเรา, โดยทั่วไป การหลบหลีกจะสามารถเกิดขึ้นได้ก็ต่อเมื่อค่าหลบหลีกของเรามีค่าสูงกว่าค่าความแม่นยำของผู้โจมตีเท่านั้น",localization.json:StatTooltip
07_terminology,术语,StatTooltip.CriticalPoint,影响：该单位进行攻击时，攻击暴击的概率. ※ 仅当该值高于目标的暴击抵抗值时，攻击可以暴击.,会心攻撃の発生率に影響する。攻撃対象の会心抵抗値よりも高い場合にのみ会心攻撃が発生する。,影響：該單位進行攻擊時，攻擊暴擊的機率. ※ 僅當該值高於目標的暴擊抵抗值時，攻擊可以暴擊.,Affects the chance of dealing critical hits. Critical hits normally only become possible when greater than the target's Crit RES.,공격의 치명 확률에 영향을 줍니다. 공격 대상의 치명 저항력보다 높을 경우에만 치명 공격이 발생합니다.,"มีผลต่ออัตราการโจมตีคริติคอล, โดยทั่วไป การโจมตีคริติคอลจะสามารถเกิดขึ้นได้ก็ต่อเมื่อค่าคริของเรามีค่าสูงกว่าค่าต้านทานคริของเป้าหมายเท่านั้น",localization.json:StatTooltip
07_terminology,术语,StatTooltip.CriticalDamageRate,影响：该单位进行攻击时，攻击暴击造成的暴击伤害的量. ※ 根据目标的暴伤抵抗率减少.,会心攻撃が発生した時のダメージ倍率に影響する。攻撃対象の会心ダメージ抵抗値により減少する。,影響：該單位進行攻擊時，攻擊暴擊造成的暴擊傷害的量. ※ 根據目標的暴擊傷害抵抗率減少.,Affects the damage multiplier when the attack critically hits. Reduced by target's Crit DMG RES.,치명 공격이 일어날 경우의 대미지 증가율에 영향을 줍니다. 공격 대상의 치명 대미지 저항률에 따라 감소합니다.,"มีผลต่อตัวคูณความเสียหายเมื่อการโจมตีติดคริติคอล, จะถูกลดลงจากอัตราค้านทานความเสียหายคริของเป้าหมาย",localization.json:StatTooltip
07_terminology,术语,StatTooltip.HealEffectivenessRate,影响：该单位受到回复时，回复的生命值的量. ※ 不影响护盾效果.,回復を受けた時のHP回復量に倍率で影響する。シールド効果には影響しない。,影響：該單位受到回復時，回復的生命值的量. ※ 不影響護盾效果.,Affects the amount of HP restored by incoming healing by a % amount. Has no effect on barrier abilities.,받는 회복량을 % 만큼 배가합니다. 방어막 효과와는 무관합니다.,มีผลต่อปริมาณ HP ที่ได้รับการฟื้นฟูจากสกิลฟื้นฟูโดยจะคำนวนเป็น % จากปริมาณการรักษาพื้นฐานจากสกิล (ไม่มีผลกับปริมาณบาเรียที่ได้รับจากสกิลบาเรีย),localization.json:StatTooltip
07_terminology,术语,StatTooltip.OppressionPower,影响：该单位对目标施加群控状态时，成功施加群控状态的概率. ※ 也影响对部分敌方单位施加群控状态时，群控计量槽的填充量.,CC状態を付与する確率に影響する。特定の敵のCCゲージ増加量にも影響する。,影響：該單位對目標施加群控狀態時，成功施加群控狀態的機率. ※ 也影響對部分敵方單位施加群控狀態時，群控計量槽的填充量.,Affects the chance of inflicting a Crowd Control effect. Also affects the amount of CC gauge filled on certain enemies.,군중 제어 상태를 걸 확률에 영향을 줍니다. 특정 적의 CC 게이지 증가량에도 영향을 줍니다.,มีผลต่อโอกาสในการสำเร็จของเอฟเฟกต์กดขี่ของสกิลที่กระทำต่อเป้าหมายและมีผลต่อปริมาณเกจ CC ที่เพิ่มได้ของเป้าหมายศัตรูบางชนิด,localization.json:StatTooltip
07_terminology,术语,StatTooltip.OppressionResist,影响：该单位被施加群控状态时，成功被施加群控状态的概率. 也影响对部分敌方单位施加群控状态时，群控计量槽的填充量.,CC状態を付与される確率に影響する。特定の敵のCCゲージ増加量にも影響する。,影響：該單位被施加群控狀態時，成功被施加群控狀態的機率. 也影響對部分敵方單位施加群控狀態時，群控計量槽的填充量.,Affects the chance of being inflicted with a Crowd Control effect. Also affects the amount of CC gauge filled on certain enemies.,군중 제어 상태를 받을 확률에 영향을 줍니다. 특정 적의 CC 게이지 증가량에 영향을 줍니다.,มีผลต่อโอกาสในการต้านทานเอฟเฟกต์กดขี่ของสกิลที่เราได้รับและมีผลต่อปริมาณเกจ CC ที่เพิ่มได้ของเป้าหมายศัตรูบางชนิด,localization.json:StatTooltip
07_terminology,术语,StatTooltip.CriticalChanceResistPoint,影响：该单位受到攻击时，攻击暴击的概率. ※ 仅当该值低于攻击者的暴击值时，攻击可以暴击.,会心攻撃を受ける確率に影響する。攻撃者の会心値より低い場合にのみ会心攻撃が発生する。,影響：該單位受到攻擊時，攻擊暴擊的機率. ※ 僅當該值低於攻擊者的暴擊值時，攻擊可以暴擊.,Affects the chance of receiving critical hits. Critical hits normally only become possible when lower than the attacker's Crit.,치명 공격을 받을 확률에 영향을 줍니다. 공격자의 치명 수치보다 낮을 경우에만 치명 공격을 받습니다.,มีผลต่อโอกาสในการได้รับการโจมตีคริติคอล โดยทั่วไป การโจมตีคริติคอลจะสามารถเกิดขึ้นได้ก็ต่อเมื่อค่าต้านทานคริของเรามีค่าต่ำกว่าค่าคริของผู้โจมตีเท่านั้น,localization.json:StatTooltip
07_terminology,术语,StatTooltip.CriticalDamageResistRate,影响：该单位受到攻击时，攻击暴击造成的伤害的量.,会心攻撃を受けた時のダメージ倍率に影響する。,影響：該單位受到攻擊時，攻擊暴擊造成的傷害的量.,Affects the damage multiplier when an incoming attack critically hits.,치명 공격을 받을 시의 대미지 증가율에 영향을 줍니다.,มีผลต่อตัวคูณความเสียหายที่ได้รับเมื่อถูกโจมตีโดยการโจมตีคริติคอล,localization.json:StatTooltip
07_terminology,术语,StatTooltip.StabilityPoint,影响：该单位进行攻击时，造成的伤害的浮动区间的范围(造成伤害时在该范围内随机取1个值进行最终乘算). ※ 该值越大，伤害浮动区间的左端点的值越大(即造成的最低伤害越大),攻撃が与えるダメージの乱数分散に影響する。安定値が大きいほどダメージの下限が高くなる。,影響：該單位進行攻擊時，造成的傷害的浮動區間的範圍(造成傷害時在該範圍內隨機取1個值進行最終乘算). ※ 該值越大，傷害浮動區間的左端點的值越大(即造成的最低傷害越大),Affects the amount of random variance in damage dealt by attacks. A higher stability value will result in a higher damage minimum.,공격으로 가하는 대미지의 랜덤 분포에 영향을 줍니다. 안정 수치가 높으면 대미지의 하한이 최대 대미지와 가까워집니다.,มีผลต่อปริมาณตัวแปรสุ่มของความเสียหายที่เกิดขึ้นจากการโจมตี ยิ่งค่าความเสถียรสูงขึ้นเท่าไหร่ ความเสียหายต่ำสุดที่สามารถทำได้ก็จะเพิ่มขึ้นตามไปด้วย,localization.json:StatTooltip
07_terminology,术语,StatTooltip.Range,影响：该单位对目标进行攻击时，可以进行普通攻击的最远距离.,キャラクターの通常攻撃の最大射程。,影響：該單位對目標進行攻擊時，可以進行普通攻擊的最遠距離.,The maximum range of the character's normal attacks.,대상의 일반 공격의 최대 사정 거리.,ระยะไกลที่สุดที่ตัวละครจะทำการโจมตีทั่วไปได้,localization.json:StatTooltip
07_terminology,术语,StatTooltip.AmmoCount,该单位的武器的弹匣容量. 该单位进行普通攻击时消耗弹药数，弹药数降至0时进行换弹.,武器の装弾数。キャラクターの通常攻撃によって消費され0になるとリロードを行う。,該單位的武器的彈匣容量. 該單位進行普通攻擊時消耗彈藥數，彈藥數降至0時進行換彈.,The amount of weapon ammunition. Weapon ammunition is consumed by the character's normal attacks and they must reload when this reaches 0.,"무기의 장탄 수. 대상의 일반 공격에 소모되며, 0이 되면 재장전합니다.",ปริมาณกระสุนของอาวุธที่ใช้ กระสุนจะถูกใช้ในการโจมตีทั่วไปของตัวละครทุกครั้งและตัวละครจะต้องรีโหลดเมื่อปริมาณกระสุนที่มีอยู่เท่ากับ 0,localization.json:StatTooltip
07_terminology,术语,StatTooltip.MoveSpeed,影响：该单位的移动速度.,キャラクターが移動する速度に影響する。,影響：該單位的移動速度.,Affects the speed at which the character can move.,대상의 이동 속도에 영향을 줍니다.,มีผลต่อความเร็วในการเคลื่อนที่ของตัวละครที่สามารถเคลื่อนที่ได้,localization.json:StatTooltip
07_terminology,术语,StatTooltip.DamageRatio,影响：该单位进行攻击时，造成的伤害的倍率.,攻撃が与えるダメージに倍率で影響する。,影響：該單位進行攻擊時，造成的傷害的倍率.,Affects all damage dealt by attacks by a % amount.,공격으로 가하는 모든 대미지를 % 만큼 배가시킵니다.,มีผลต่อความเสียหายที่ทำได้ในการโจมตีเป็น %,localization.json:StatTooltip
07_terminology,术语,StatTooltip.DamagedRatio,影响：该单位受到攻击时，受到的伤害的倍率,攻撃によって受けるダメージに倍率で影響する。,影響：該單位受到攻擊時，受到的傷害的倍率,Affects all damage received by incoming attacks by a % amount.,받는 모든 대미지를 % 만큼 배가시킵니다.,มีผลต่อความเสียหายที่ได้รับจากการถูกโจมตีเป็น %,localization.json:StatTooltip
07_terminology,术语,StatTooltip.ExDamagedRatio,影响：该单位受到EX技能攻击时，受到的伤害的倍率.,EXスキルによって受けるダメージに倍率で影響する。,影響：該單位受到EX技能攻擊時，受到的傷害的倍率.,Affects damage received by EX Skills by a % amount.,EX 스킬에 의해 받는 대미지를 % 만큼 배가시킵니다.,มีผลต่อความเสียหายที่ได้รับจากการถูกโจมตีจากสกิล EX เป็น %,localization.json:StatTooltip
07_terminology,术语,StatTooltip.EnhanceExDamageRate,影响：该单位使用EX技能进行攻击时，造成的伤害的倍率,EXスキルが与えるダメージに倍率で影響する。,影響：該單位使用EX技能進行攻擊時，造成的傷害的倍率,Affects damage dealt by EX Skills by a % amount.,EX 스킬로 주는 대미지를 % 만큼 배가시킵니다.,Affects damage dealt by EX Skills by a % amount.,localization.json:StatTooltip
07_terminology,术语,StatTooltip.AttackSpeed,影响：该单位的 普攻准备时间、武器部署/回收时间、普攻持续时间、换弹时间、普攻前摇/后摇、普攻开火间隔 的持续时间.,通常攻撃、リロードおよび攻撃ディレイの速度に影響する。,影響：該單位的 普攻準備時間、武器部署/回收時間、普攻持續時間、換彈時間、普攻前置延時/收尾延時、普攻開火間隔 的持續時間.,"Affects the speed of normal attacks, reloads and attack delay.","일반 공격, 재장전과 공격 딜레이에 영향을 줍니다.","มีผลต่อความเร็วในการโจมตีทั่วไป, การรีโหลดและดีเลย์ในการโจมตี",localization.json:StatTooltip
07_terminology,术语,StatTooltip.BlockRate,影响：该单位处于掩体掩护下时，掩体成功格挡攻击的概率.,遮蔽物使用時のブロック成功確率に影響する。,影響：該單位處於掩體掩護下時，掩體成功格擋攻擊的機率.,Affects the chance to block incoming attacks when taking cover.,엄폐 시 받는 공격을 막을 확률에 영향을 줍니다.,มีผลต่ออัตราการบล็อคการโจมตีสำเร็จเมื่อมีกำบังอยู่,localization.json:StatTooltip
07_terminology,术语,StatTooltip.DefensePenetration,影响：该单位造成伤害时，无视目标防御力的量.,ダメージを与える時に無視される攻撃対象の防御力の量に影響する。,影響：該單位造成傷害時，無視目標防禦力的量.,Affects the amount of target DEF that is ignored when dealing damage.,대미지를 줄 때 대상의 방어력이 무시되는 비율에 영향을 끼칩니다.,มีผลต่อปริมาณค่าป้องกันของเป้าหมายที่จะไม่สนใจเมื่อสร้างความเสียหายใส่เป้าหมาย,localization.json:StatTooltip
07_terminology,术语,StatTooltip.RegenCost,影响：该单位产生技能COST的速率.,キャラクターが生み出すスキルコストの量に影響する。,影響：該單位產生技能COST的速率.,Affects the rate at which the character generates skill cost.,대상이 코스트를 회복하는 속도에 영향을 줍니다.,มีผลต่ออัตราการฟื้นฟูค่าใช้สกิลของตัวละคร,localization.json:StatTooltip
07_terminology,术语,StatTooltip.EnhanceExplosionRate,影响：该单位进行攻击时，对轻型护甲防御属性的目标造成爆炸攻击属性伤害的量.,軽装備の対象に対して爆発ダメージを与える時のダメージ倍率に影響する。,影響：該單位進行攻擊時，對輕型護甲防禦屬性的目標造成爆炸攻擊屬性傷害的量.,Affects the damage multiplier when dealing Explosive damage against a Light Armor target.,경장갑 대상에게 폭발 대미지를 줄 때의 대미지 배율에 영향을 줍니다.,มีผลต่อตัวคูณความเสียหายที่ทำได้ เมื่อทำการโจมตีแบบระเบิดใส่เป้าหมายที่มีเกราะเบา,localization.json:StatTooltip
07_terminology,术语,StatTooltip.EnhancePierceRate,影响：该单位进行攻击时，对重型装甲防御属性的目标造成贯通攻击属性伤害的量.,重装甲の敵に対して貫通ダメージを与える時のダメージ倍率に影響する。,影響：該單位進行攻擊時，對重型裝甲防禦屬性的目標造成貫通攻擊屬性傷害的量.,Affects the damage multiplier when dealing Piercing damage against a Heavy Armor target.,중장갑 대상에게 관통 대미지를 줄 때의 대미지 배율에 영향을 줍니다.,มีผลต่อตัวคูณความเสียหายที่ทำได้ เมื่อทำการโจมตีแบบเจาะเกราะใส่เป้าหมายที่มีเกราะหนัก,localization.json:StatTooltip
07_terminology,术语,StatTooltip.EnhanceMysticRate,影响：该单位进行攻击时，对特殊装甲防御属性的目标造成神秘攻击属性伤害的量.,特殊装甲の敵に対して神秘ダメージを与える時のダメージ倍率に影響する。,影響：該單位進行攻擊時，對特殊裝甲防禦屬性的目標造成神秘攻擊屬性傷害的量.,Affects the damage multiplier when dealing Mystic damage against a Special Armor target.,특수장갑 대상에게 신비 대미지를 줄 때의 대미지 배율에 영향을 줍니다.,มีผลต่อตัวคูณความเสียหายที่ทำได้ เมื่อทำการโจมตีแบบลึกลับใส่เป้าหมายที่มีเกราะพิเศษ,localization.json:StatTooltip
07_terminology,术语,StatTooltip.EnhanceSonicRate,影响：该单位进行攻击时，对弹性装甲防御属性的目标造成振动攻击属性伤害的量.,弾力装甲の敵に対して振動ダメージを与える時のダメージ倍率に影響する。,影響：該單位進行攻擊時，對彈性裝甲防禦屬性的目標造成振動攻擊屬性傷害的量.,Affects the damage multiplier when dealing Sonic damage against a Elastic Armor target.,탄력장갑 대상에게 진동 대미지를 줄 때의 대미지 배율에 영향을 줍니다.,มีผลต่อตัวคูณความเสียหายที่ทำได้ เมื่อทำการโจมตีแบบสั่นสะเทือนใส่เป้าหมายที่มีเกราะยืดหยุ่น,localization.json:StatTooltip
07_terminology,术语,StatTooltip.ExtendBuffDuration,影响：该单位对友方单位赋予增益状态时，增益状态的持续时间.,自分や味方に付与するバフの持続時間を増加する。,影響：該單位對友方單位賦予增益狀態時，增益狀態的持續時間.,Increases the duration of buffs granted to self and allies.,자신과 아군에게 부여하는 버프의 지속 시간을 증가시킵니다.,มีผลต่อระยะเวลาของบัฟที่มีผลต่อฝ่ายเราที่ได้รับจากเรา,localization.json:StatTooltip
07_terminology,术语,StatTooltip.ExtendDebuffDuration,影响：该单位对敌方单位施加减益状态时，减益状态的持续时间.,敵に付与するデバフの持続時間を増加する。,影響：該單位對敵方單位施加減益狀態時，減益狀態的持續時間.,Increases the duration of debuffs inflicted on enemies.,적에게 부여하는 디버프의 지속 시간을 증가시킵니다.,มีผลต่อระยะเวลาของเอฟเฟกต์อันตรายที่ฝ่ายศัตรูได้รับจากเรา,localization.json:StatTooltip
07_terminology,术语,StatTooltip.ExtendCrowdControlDuration,影响：该单位对敌方单位施加群控状态时，群控状态的持续时间.,敵に付与するCC状態の持続時間を増加する,影響：該單位對敵方單位施加群控狀態時，群控狀態的持續時間.,Increases the duration of CC effects inflicted on enemies.,적에게 부여하는 군중 제어 상태의 지속 시간을 증가시킵니다.,มีผลต่อระยะเวลากดขี่ของเอฟเฟกต์กดขี่ที่ศัตรูได้รับจากเรา,localization.json:StatTooltip
07_terminology,术语,StatTooltip.IgnoreDelayCount,该单位进行普通攻击时，无视的开火间隔的次数.,通常攻撃時に攻撃ディレイが省略される回数。,該單位進行普通攻擊時，無視的開火間隔的次數.,The number of times Attack Delay is skipped when performing normal attacks.,일반 공격 사이의 딜레이가 무시되는 횟수,จำนวนครั้งที่การโจมตีทั่วไปนั้นๆ จะข้ามระยะเวลาดีเลย์ของการโจมตีทั่วไป,localization.json:StatTooltip
07_terminology,术语,EnemyRank.Champion,首领,BOSS,Boss,Boss,Boss,Boss,localization.json:EnemyRank
07_terminology,术语,EnemyRank.Elite,精英,エリート,Elite,Elite,Elite,Elite,localization.json:EnemyRank
07_terminology,术语,EnemyRank.Minion,普通,ミニオン,Minion,Minion,Minion,Minion,localization.json:EnemyRank
07_terminology,术语,EnemyRank.Summoned,召唤物,召喚物,Summon,Summon,Summon,Summon,localization.json:EnemyRank
07_terminology,术语,BossFaction.Decagrammaton,神名十文字,デカグラマトン,十字神名,Decagrammaton,데카그라마톤,เดคาแกรมมาทอน,localization.json:BossFaction
07_terminology,术语,BossFaction.Slumpia,斯兰匹亚,スランピア,史林皮亞,Slumpia,슬럼피아,สลัมเพีย,localization.json:BossFaction
07_terminology,术语,BossFaction.CommunioSanctorum,诸圣相通,聖徒の交わり,諸聖相通,Communio Sanctorum,콤뮤니오 상토룸,สหพันธ์นักบุญ,localization.json:BossFaction
07_terminology,术语,BossFaction.Kaitenger,回转者,カイテンジャー,凱坦澤,Kaitenger,카이텐져,ไคเทนเจอร์,localization.json:BossFaction
07_terminology,术语,BossFaction.TheLibraryofLore,无尽怪谈图书馆,The Library of Lore,傳說圖書館,The Library of Lore,The Library of Lore,ห้องสมุดในตำนาน,localization.json:BossFaction
07_terminology,术语,BossFaction.SevenPrisoners,七罪人,七囚人,七罪人,Seven Prisoners,일곱 죄수,เจ็ดอาชญากร,localization.json:BossFaction
07_terminology,术语,BossFaction.HundredGhostTales,幻魉百物语,幻魎百物語,幻魎百物語,One Hundred Ghost Tales,환량백물어,ร้อยเรื่องเล่าลี้ลับ,localization.json:BossFaction
07_terminology,术语,ItemCategory.Furnitures,家具,家具,家具,Furniture,가구,เฟอร์นิเจอร์,localization.json:ItemCategory
07_terminology,术语,ItemCategory.Decorations,装饰,装飾,裝飾,Decoration,장식,ตกแต่ง,localization.json:ItemCategory
07_terminology,术语,ItemCategory.Interiors,室内装饰,内装,室內裝潢,Interior,내장,ตกแต่งภายใน,localization.json:ItemCategory
07_terminology,术语,ItemCategory.Wallpaper,壁纸,壁紙,壁紙,Wallpaper,벽지,วอลเปเปอร์,localization.json:ItemCategory
07_terminology,术语,ItemCategory.Floor,地板,床,地板,Floor,바닥,พื้น,localization.json:ItemCategory
07_terminology,术语,ItemCategory.Background,背景,背景,背景,Background,배경,พื้นหลัง,localization.json:ItemCategory
07_terminology,术语,ItemCategory.Table,桌子,テーブル,桌子,Table,테이블,โต๊ะ,localization.json:ItemCategory
07_terminology,术语,ItemCategory.Chair,椅子,椅子,椅子,Chair,의자,เก้าอี้,localization.json:ItemCategory
07_terminology,术语,ItemCategory.Closet,衣柜,クローゼット,櫥櫃,Wardrobe,옷장,ตู้เสื้อผ้า,localization.json:ItemCategory
07_terminology,术语,ItemCategory.FloorDecoration,地板装饰,床の装飾,地飾,Floor Decoration,바닥 장식,ตกแต่งพื้น,localization.json:ItemCategory
07_terminology,术语,ItemCategory.WallDecoration,墙壁装饰,壁の装飾,壁飾,Wall Decoration,벽 장식,ตกแต่งผนัง,localization.json:ItemCategory
07_terminology,术语,ItemCategory.Prop,小物件,小物,小裝飾,Trinket,소품,ของตกแต่ง,localization.json:ItemCategory
07_terminology,术语,ItemCategory.HomeAppliance,家电,家電,家電,Home Gadgets,가전,เครื่องใช้ไฟฟ้า,localization.json:ItemCategory
07_terminology,术语,ItemCategory.FurnitureEtc,其他,その他,其他,Misc.,기타,อื่นๆ,localization.json:ItemCategory
07_terminology,术语,ItemCategory.Bed,床,ベッド,床類,Bed,침대,เตียง,localization.json:ItemCategory
07_terminology,术语,ItemCategory.Material,材料,素材,材料,Material,재료,วัตถุดิบ,localization.json:ItemCategory
07_terminology,术语,ItemCategory.SecretStone,神名文字,神名文字,神名文字,Eleph,엘레프,เอลเลฟ,localization.json:ItemCategory
07_terminology,术语,ItemCategory.Favor,礼物,贈り物,禮物,Gift,선물,ของขวัญ,localization.json:ItemCategory
07_terminology,术语,ItemCategory.CharacterExpGrowth,经验书,キャラクターEXP,經驗書,Character EXP,캐릭터 경험치,EXP ตัวละคร,localization.json:ItemCategory
07_terminology,术语,ItemCategory.Coin,道具,アイテム,道具,Currency,재화,เหรียญ,localization.json:ItemCategory
07_terminology,术语,ItemCategory.Equipment,装备,装備,裝備,Equipment,장비,อุปกรณ์,localization.json:ItemCategory
07_terminology,术语,ItemCategory.Currency,道具,アイテム,貨幣,Currency,재화,ค่าเงินหลัก,localization.json:ItemCategory
07_terminology,术语,ItemCategory.Consumable,消耗品,消費アイテム,消耗品,Consumable,소모품,ของใช้งาน,localization.json:ItemCategory
07_terminology,术语,ItemCategory.Collectible,收集品,収集品,收藏品,Collectible,수집품,ของสะสม,localization.json:ItemCategory
07_terminology,术语,ItemCategory.Exp,强化珠,強化珠,強化珠,Enhancement Stone,강화석,หินอัปเกรด,localization.json:ItemCategory
07_terminology,术语,ItemCategory.WeaponExpGrowth,武器零件,武器パーツ,武器零件,Weapon Parts,무기 부품,อะไหล่อาวุธ,localization.json:ItemCategory
07_terminology,术语,ItemCategory.WeaponExpGrowthA,弹簧,スプリング,彈簧,Spring,스프링,สปริง,localization.json:ItemCategory
07_terminology,术语,ItemCategory.WeaponExpGrowthB,击锤,ハンマー,擊錘,Hammer,해머,นกสับ,localization.json:ItemCategory
07_terminology,术语,ItemCategory.WeaponExpGrowthC,枪管,銃身,槍管,Barrel,총열,ลำปืน,localization.json:ItemCategory
07_terminology,术语,ItemCategory.WeaponExpGrowthZ,撞针,撃針,擊針,Firing Pin,공이,เข็มชนวน,localization.json:ItemCategory
07_terminology,术语,ItemCategory.Box,道具箱,アイテムボックス,道具箱,Item Box,아이템 박스,กล่องไอเทม,localization.json:ItemCategory
07_terminology,术语,ItemCategory.Hat,帽子,帽子,帽子,Hat,모자,หมวก,localization.json:ItemCategory
07_terminology,术语,ItemCategory.Gloves,手套,グローブ,手套,Gloves,장갑,ถุงมือ,localization.json:ItemCategory
07_terminology,术语,ItemCategory.Shoes,鞋,シューズ,鞋子,Shoes,신발,รองเท้า,localization.json:ItemCategory
07_terminology,术语,ItemCategory.Bag,背包,バッグ,包包,Bag,가방,กระเป๋า,localization.json:ItemCategory
07_terminology,术语,ItemCategory.Badge,徽章,バッジ,徽章,Badge,배지,เครื่องหมาย,localization.json:ItemCategory
07_terminology,术语,ItemCategory.Hairpin,发夹,ヘアピン,髮夾,Hairpin,헤어핀,กิ๊บติดผม,localization.json:ItemCategory
07_terminology,术语,ItemCategory.Charm,护身符,お守り,護符,Amulet,부적,เครื่องราง,localization.json:ItemCategory
07_terminology,术语,ItemCategory.Necklace,项链,ネックレス,項鍊,Necklace,목걸이,สร้อยคอ,localization.json:ItemCategory
07_terminology,术语,ItemCategory.Watch,手表,腕時計,手錶,Wristwatch,손목시계,นาฬิกา,localization.json:ItemCategory
07_terminology,术语,ItemCategory.Artifact,错时遗物,オーパーツ,歐帕茲,Artifact,오파츠,วัตถุหลงยุค,localization.json:ItemCategory
07_terminology,术语,ItemCategory.BookItem,技术笔记,技術ノート,技術筆記,Tech Notes,기술 노트,ตำราสกิล,localization.json:ItemCategory
07_terminology,术语,ItemCategory.CDItem,战术教育BD,戦術教育BD,戰術教育BD,Blu-ray,전술 교육 BD,BD เรียนสกิล,localization.json:ItemCategory
07_terminology,术语,ShopCategory.General,常规道具,通常アイテム,一般,Normal,일반,ทั่วไป,localization.json:ShopCategory
07_terminology,术语,ShopCategory.Raid,总力战,総力戦,總力戰,Total Assault,총력전,เรดบอส,localization.json:ShopCategory
07_terminology,术语,ShopCategory.SecretStone,神名精髓I,カケラ(文字),神名文字碎片 I,Eligma I,엘리그마 I,เอลลิกมา I,localization.json:ShopCategory
07_terminology,术语,ShopCategory.SecretStoneGrowth,神名精髓II,カケラ(その他),神名文字碎片 II,Eligma II,엘리그마 II,เอลลิกมา II,localization.json:ShopCategory
07_terminology,术语,ShopCategory.Arena,战术对抗赛,戦術対抗戦,戰術大賽,Tactical Challenge,전술대회,อารีน่า,localization.json:ShopCategory
07_terminology,术语,ShopCategory.TimeAttack,综合战术测试,合同火力演習,綜合戰術考試,Joint Firing Drill,종합전술시험,สอบประมวล,localization.json:ShopCategory
07_terminology,术语,ShopCategory.MasterCoin,熟练证书,熟達証書,精通證書,Expert Permit,숙련증서,เหรียญรับรองทักษะ,localization.json:ShopCategory
07_terminology,术语,ShopCategory.Chaser,悬赏通缉商店,指名手配ショップ,懸賞通緝商店,Bounty Shop,현상수배 상점,ประกาศจับ,localization.json:ShopCategory
07_terminology,术语,ShopCategory.EliminateRaid,大决战,大決戦,大決戰,Grand Assault,대결전,แกรนด์เรดบอส,localization.json:ShopCategory
07_terminology,术语,StageType.Campaign,任务,任務,任務,Missions,임무,ภารกิจ,localization.json:StageType
07_terminology,术语,StageType.Bounty,悬赏通缉,指名手配,懸賞通緝,Bounty,현상수배,ประกาศจับ,localization.json:StageType
07_terminology,术语,StageType.WeekDungeon,特别委托,特別依頼,特別委托,Commissions,특별의뢰,คำขอพิเศษ,localization.json:StageType
07_terminology,术语,StageType.SchoolDungeon,学院交流会,学園交流会,學園交流會,Scrimmage,학원교류회,ทัวร์โรงเรียน,localization.json:StageType
07_terminology,术语,StageType.Event,活动,イベント,活動,Event,이벤트,อีเวนท์,localization.json:StageType
07_terminology,术语,StageType.Arena,战术对抗赛,戦術対抗戦,戰術大賽,Tactical Challenge,전술 대회,อารีน่า,localization.json:StageType
07_terminology,术语,StageType.TimeAttack,综合战术测试,合同火力演習,綜合戰術考試,Joint Firing Drill,종합전술시험,การสอบประมวล,localization.json:StageType
07_terminology,术语,StageType.WorldRaid,联合作战,連合作戦,聯合作戰,Allied Operation,연합 작전,เรดบอสสหพันธ์,localization.json:StageType
07_terminology,术语,StageType.ChaserA,悬赏通缉：高架公路,指名手配：ハイウェイ,懸賞通緝 - 高架公路,Bounty - Overpass,현상수배 - 고가도로,ประกาศจับ - ทางยกระดับ,localization.json:StageType
07_terminology,术语,StageType.ChaserB,悬赏通缉：沙漠铁路,指名手配：砂漠の線路,懸賞通緝 - 沙漠鐵道,Bounty - Desert Railroad,현상수배 - 사막 기찻길,ประกาศจับ - ทางรถไฟทะเลทราย,localization.json:StageType
07_terminology,术语,StageType.ChaserC,悬赏通缉：讲堂,指名手配：校舎,懸賞通緝 - 教室,Bounty - Classroom,현상수배 - 교실,ประกาศจับ - ห้องเรียน,localization.json:StageType
07_terminology,术语,StageType.Blood,据点防御,拠点防衛,據點防禦,Base Defense,거점 방어,ป้องกันฐาน,localization.json:StageType
07_terminology,术语,StageType.FindGift,信用回收,クレジット回収,信用回收,Item Retrieval,물건 회수,รับของขวัญ,localization.json:StageType
07_terminology,术语,StageType.SchoolA,学院交流会 - 崔尼蒂,学園交流会 - トリニティ,學園交流會 - 三一,Scrimmage - Trinity,학원교류회 - 트리니티,ทัวร์โรงเรียน - ทรีนิตี้,localization.json:StageType
07_terminology,术语,StageType.SchoolB,学院交流会 - 歌赫娜,学園交流会 - ゲヘナ,學園交流會 - 格黑娜,Scrimmage - Gehenna,학원교류회 - 게헨나,ทัวร์โรงเรียน - เกเฮนน่า,localization.json:StageType
07_terminology,术语,StageType.SchoolC,学院交流会 - 千禧年,学園交流会 - ミレニアム,學園交流會 - 千年,Scrimmage - Millennium,학원교류회 - 밀레니엄,ทัวร์โรงเรียน - มิลเลเนียม,localization.json:StageType
07_terminology,术语,StageType.Conquest,占领战,占領戦,占領戰,Conquest,점령전,ยึดครอง,localization.json:StageType
07_terminology,术语,StageType.MultiFloorRaid,限制解除决战,制約解除決戦,制約解除決戰,Final Restriction Release,제약해제결전,ศึกทลายพันธะ,localization.json:StageType
07_terminology,术语,StageType.Normal,普通,Normal,Normal,Normal,Normal,NORMAL,localization.json:StageType
07_terminology,术语,StageType.Hard,困难,Hard,Hard,Hard,Hard,HARD,localization.json:StageType
07_terminology,术语,StageType.Quest,任务,Quest,Quest,Quest,Quest,QUEST,localization.json:StageType
07_terminology,术语,StageType.Story,故事,Story,Story,Story,Story,STORY,localization.json:StageType
07_terminology,术语,StageType.Challenge,挑战,Challenge,Challenge,Challenge,Challenge,CHALLENGE,localization.json:StageType
07_terminology,术语,StageType.Field,场地{0},フィールド{0},場地{0},Field {0},필드 {0},พื้นที่ {0},localization.json:StageType
07_terminology,术语,RaidDifficulty.Normal,Normal,Normal,Normal,Normal,Normal,Normal,localization.json:RaidDifficulty
07_terminology,术语,RaidDifficulty.Hard,Hard,Hard,Hard,Hard,Hard,Hard,localization.json:RaidDifficulty
07_terminology,术语,RaidDifficulty.VeryHard,VeryHard,VeryHard,VeryHard,Very Hard,VeryHard,VeryHard,localization.json:RaidDifficulty
07_terminology,术语,RaidDifficulty.HardCore,HardCore,Hardcore,HardCore,Hardcore,Hardcore,HardCore,localization.json:RaidDifficulty
07_terminology,术语,RaidDifficulty.Extreme,Extreme,Extreme,Extreme,Extreme,Extreme,Extreme,localization.json:RaidDifficulty
07_terminology,术语,RaidDifficulty.Insane,Insane,Insane,Insane,Insane,Insane,Insane,localization.json:RaidDifficulty
07_terminology,术语,RaidDifficulty.Torment,Torment,Torment,Torment,Torment,Torment,Torment,localization.json:RaidDifficulty
07_terminology,术语,RaidDifficulty.A,A,A,A,A,A,A,localization.json:RaidDifficulty
07_terminology,术语,RaidDifficulty.B,B,B,B,B,B,B,localization.json:RaidDifficulty
07_terminology,术语,RaidDifficulty.C,C,C,C,C,C,C,localization.json:RaidDifficulty
07_terminology,术语,TimeAttackStage.Shooting,射击测试,射撃演習,射擊考試,Shooting Drill,사격 시험,สอบยิงปืน,localization.json:TimeAttackStage
07_terminology,术语,TimeAttackStage.Defense,防御测试,防御演習,防禦考試,Defense Drill,방어 시험,สอบป้องกัน,localization.json:TimeAttackStage
07_terminology,术语,TimeAttackStage.Destruction,突破测试,突破演習,突破考試,Breakthrough Drill,돌파 시험,สอบโจมตี,localization.json:TimeAttackStage
07_terminology,术语,TimeAttackStage.Escort,护卫考试,護衛演習,護衛考試,Escort Drill,호위 시험,สอบคุ้มกัน,localization.json:TimeAttackStage
07_terminology,术语,GroggyCondition.TypeDamage,受到{0}伤害时上升.,{0}ダメージを受けると増加する。,受到{0}傷害時上升.,Increases when dealt {0} damage.,{0} 대미지를 입으면 증가.,เพิ่มเมื่อได้รับความเสียหาย {0},localization.json:GroggyCondition
07_terminology,术语,GroggyCondition.Chesed,自动机士兵被击败时上升.,自律兵器が破壊されると増加する。,自動機士兵被击败時上升.,Increases when automaton soldiers are defeated.,기계 병사를 처치하면 증가.,เพิ่มเมื่อทหารจักรกลถูกทำลาย (ไม่นับรวมหุ่นดูดฝุ่น),localization.json:GroggyCondition
07_terminology,术语,GroggyCondition.Shirokuro,受到自身攻击时上升.,自身の攻撃を受けると増加する。,受到自身攻擊時上升.,Increases when hit by own attacks.,자신의 공격에 맞으면 증가.,เพิ่มเมื่อถูกโจมตีโดยการโจมตีของตัวเอง,localization.json:GroggyCondition
07_terminology,术语,GroggyCondition.Hieronymus,EX技能被打断时上升.,EXスキルが中断されると増加する。,EX技能被打斷時上升.,Increases when EX Skills are interrupted.,EX 스킬이 방해받으면 증가.,เพิ่มเมื่อถูกเรลิกแดงขัดขวางการใช้สกิล EX,localization.json:GroggyCondition
07_terminology,术语,GroggyCondition.KaitenFxMk0,组件被摧毁时上升.,パーツが破壊されると増加する。,組件被摧毀時上升.,Increases when components are destroyed.,부위가 파괴되면 증가.,เพิ่มเมื่อได้รับความเสียหายจนชิ้นส่วนถูกทำลาย,localization.json:GroggyCondition
07_terminology,术语,GroggyCondition.Perorozilla,倒下的佩洛洛被吸收时上升.,気絶状態のペロロミニオンを吸い込むと増加する。,倒下的佩洛洛士兵被吸收時上升.,Increases when stunned Perorominions are absorbed.,쓰러진 페로로 미니언이 흡수되면 증가.,เพิ่มเมื่อลูกสมุนเพโรโร่ที่ล้มลงถูกดูดซับ,localization.json:GroggyCondition
07_terminology,术语,GroggyCondition.HOD,侵蚀之柱被击败或Hod的群控计量槽充满时上升.,インベイドピラーが破壊されるかホドのCCゲージが一杯になると増加する。,侵蝕之柱被击败或霍德的群控計量槽充滿時上升.,Increases when Erosion Towers are destroyed or Hod's CC Gauge is filled.,침식 타워가 파괴되거나 호드의 CC 게이지가 가득 차면 증가.,เพิ่มเมื่อเสากัดกร่อนถูกทำลายหรือเกจพิเศษของ Hod เต็ม,localization.json:GroggyCondition
07_terminology,术语,GroggyCondition.HoverCraft,导弹失控模式结束时上升.,ミサイル暴走モードが終了すると増加する。,導彈失控模式結束時上升.,Increases when Missile Frenzy mode ends.,미사일 폭주 모드가 종료되면 증가.,เพิ่มเมื่อโหมดยิงมิสไซล์จบลง,localization.json:GroggyCondition
07_terminology,术语,GroggyCondition.EN0005,唱诗班成员被击倒时上升.,聖歌隊が倒された時に増加する。,唱詩班成員被擊倒時上升.,Increases when Choir Members are knocked down.,성가대원들이 쓰러지면 증가.,เพิ่มเมื่อผู้ประสานเสียงล้มลง,localization.json:GroggyCondition
07_terminology,术语,GroggyCondition.RaidHoverCraft,群控计量槽填满时上升. 导弹引导装置被摧毁时上升.,CCゲージが一杯になると増加する。 ミサイル誘導装置が破壊されると増加する。,群控計量槽填滿時上升. 導彈引導裝置被摧毀時上升.,Increases when CC gauge is filled. Increases when the Missile Guidance System is destroyed.,CC 게이지가 찰 때 증가. 미사일 유도 장치가 파괴될 때 증가.,เพิ่มเมื่อเกจพิเศษของวาคาโมะเต็ม เพิ่มเมื่อระบบนำวิถีมิสไซล์ถูกทำลาย,localization.json:GroggyCondition
07_terminology,术语,GroggyCondition.EN0006,进入第2阶段前不会上升.,フェイズ1ではグロッキーゲージが増加しない。,進入第2階段前不會上升.,Does not accumulate groggy until phase 2.,2 페이즈까지는 그로기 게이지가 차지 않음.,ไม่เพิ่มจนกว่าจะอยู่ในเฟสสอง,localization.json:GroggyCondition
07_terminology,术语,GroggyCondition.EN0008,使用ATG技能结束后上升.,ATGスキル使用後に増加する。,使用ATG技能結束後上升.,Increases after ATG skill is performed.,내리꽂는 빛의 창 사용 시 증가.,เพิ่มหลังจากใช้งานสกิล ATG,localization.json:GroggyCondition
07_terminology,术语,BuffType.Buff,增益状态,バフ,增益狀態,Buff,버프,บัฟ,localization.json:BuffType
07_terminology,术语,BuffType.Debuff,减益状态,デバフ,減益狀態,Debuff,디버프,เอฟเฟกต์อันตราย,localization.json:BuffType
07_terminology,术语,BuffType.CC,群控状态,CC状態,群控狀態,Crowd Control Effect,군중제어 효과,เอฟเฟกต์กดขี่,localization.json:BuffType
07_terminology,术语,BuffType.Special,特殊状态,特殊状態,特殊狀態,Special Status Effect,특수 효과,เอฟเฟกต์พิเศษ,localization.json:BuffType
07_terminology,术语,BuffName.Buff_AidAttitude,「救护意志」,「救護の心構え」,「救護意志」,Aiding Mindset,구호의 마음가짐,ความตั้งใจบรรเทาทุกข์,localization.json:BuffName
07_terminology,术语,BuffName.Buff_AmmoCount,载弹量,装弾数,載彈量,Mag Count,장탄 수,จำนวนกระสุน,localization.json:BuffName
07_terminology,术语,BuffName.Buff_AttackSpeed,攻速,攻撃速度,攻擊速度,ATK SPD,공격속도,ความเร็วโจมตี,localization.json:BuffName
07_terminology,术语,BuffName.Buff_BlockRate,掩体格挡率,遮蔽成功値,掩體格擋率,Block Rate,엄폐 성공률,อัตรากำบังสำเร็จ,localization.json:BuffName
07_terminology,术语,BuffName.Buff_ConcentratedTarget,集火,集中砲火状態,集火,Focused Assault,집중공격,ล็อคเป้า,localization.json:BuffName
07_terminology,术语,BuffName.Buff_CostChange,EX技能COST,スキルコスト,EX技能COST,EX Skill Cost,EX 스킬 코스트,ค่าใช้สกิล EX,localization.json:BuffName
07_terminology,术语,BuffName.Buff_CostRegen,COST回复力,コスト回復力,COST回復力,Cost Recovery,코스트 회복력,ค่าฟื้นฟู Cost,localization.json:BuffName
07_terminology,术语,BuffName.Buff_CriticalChanceResistPoint,暴击抵抗值,会心抵抗値,暴擊抵抗值,Crit RES,치명 저항력,ค่าต้านทานคริ,localization.json:BuffName
07_terminology,术语,BuffName.Buff_CriticalDamageRateResist,暴伤抵抗率,会心ダメージ抵抗,暴擊傷害抵抗率,Crit DMG RES,치명 대미지 저항률,อัตราต้านทานความเสียหายคริ,localization.json:BuffName
07_terminology,术语,BuffName.Buff_DamagedLimit,单次承伤上限值,最大ダメージ制限,單次承傷上限值,Max DMG Limit,받는 피해 한계치,จำกัดความเสียหายที่ได้รับ,localization.json:BuffName
07_terminology,术语,BuffName.Buff_DamagedRatio,承伤率,被ダメージ量,承傷率,Incoming Damage,받는 대미지량,ความเสียหายที่ได้รับ,localization.json:BuffName
07_terminology,术语,BuffName.Buff_DamageRatio,伤害率,与えるダメージ量,傷害率,Damage Dealt,주는 대미지량,ความเสียหายที่ทำได้,localization.json:BuffName
07_terminology,术语,BuffName.Buff_DotHeal,持续回复,持続回復,持續回復,HP Regen,지속 회복,HP ต่อเนื่อง,localization.json:BuffName
07_terminology,术语,BuffName.Buff_EnhanceLightArmorRate,轻型护甲性能,軽装備性能,輕型護甲效能,Lgt. Armor Enhancement,경장갑 강화,ประสิทธิภาพเกราะเบา,localization.json:BuffName
07_terminology,术语,BuffName.Buff_EnhanceHeavyArmorRate,重型装甲性能,重装甲性能,重型裝甲效能,Hvy. Armor Enhancement,중장갑 강화,ประสิทธิภาพเกราะหนัก,localization.json:BuffName
07_terminology,术语,BuffName.Buff_EnhanceUnarmedRate,特殊装甲性能,特殊装甲性能,特殊裝甲效能,Spc. Armor Enhancement,특수장갑 강화,ประสิทธิภาพเกราะพิเศษ,localization.json:BuffName
07_terminology,术语,BuffName.Buff_HealByHit_Damaged,受击回复,回復をする効果,受擊回復,Heal When Hit,피격 시 치유력,ฟื้นฟู HP,localization.json:BuffName
07_terminology,术语,BuffName.Buff_HealEffectiveness,受回复率,被回復率,受回復率,Recovery Boost,받는 회복효과 강화율,อัตราเร่งการฟื้นฟู,localization.json:BuffName
07_terminology,术语,BuffName.Buff_HealPower,治愈力,治癒力,治癒力,Healing,치유력,ค่ารักษา,localization.json:BuffName
07_terminology,术语,BuffName.Buff_MAXHP,生命值,HP,生命值,Max HP,최대 체력,HP สูงสุด,localization.json:BuffName
07_terminology,术语,BuffName.Buff_MoveSpeed,移速,移動速度,移動速度,MOV SPD,이동속도,ความเร็วเคลื่อนที่,localization.json:BuffName
07_terminology,术语,BuffName.Buff_OppressionPower,群控强化力,CC強化力,群控強化力,CC Power,군중제어 강화력,ประสิทธิภาพกดขี่,localization.json:BuffName
07_terminology,术语,BuffName.Buff_OppressionResist,群控抵抗力,CC抵抗力,群控抵抗力,CC RES,군중제어 저항력,ต้านทานกดขี่,localization.json:BuffName
07_terminology,术语,BuffName.Buff_Penetration,防御无视值,防御貫通値,防禦無視值,Defense Piercing,방어관통 수치,ค่าเจาะเกราะ,localization.json:BuffName
07_terminology,术语,BuffName.Buff_Range,射程,通常攻撃の射程,射程,Normal Atk. Range,사거리,ระยะโจมตีทั่วไป,localization.json:BuffName
07_terminology,术语,BuffName.Buff_Shield,护盾,シールド,護盾,Barrier,보호막,บาเรีย,localization.json:BuffName
07_terminology,术语,BuffName.Buff_EnhanceExDamageRate,EX技能伤害率,EXスキルの与えるダメージ量,EX技能傷害率,EX Skill DMG Dealt,EX 스킬 대미지량,ความเสียหายสกิล EX,localization.json:BuffName
07_terminology,术语,BuffName.Debuff_AmmoCount,载弹量,装弾数,裝彈數,Mag Count,장탄 수,จำนวนกระสุน,localization.json:BuffName
07_terminology,术语,BuffName.Debuff_Burn,烧伤,火傷,燒傷,Burn,화상,เผาไหม้,localization.json:BuffName
07_terminology,术语,BuffName.Debuff_Cheerleading,应援热气,応援の熱気,應援熱氣,Passionate Cheering,응원의 열기,เสียงเชียร์เร่าร้อน,localization.json:BuffName
07_terminology,术语,BuffName.Debuff_Chill,恶寒,悪寒,惡寒,Chill,오한,หนาวสั่น,localization.json:BuffName
07_terminology,术语,BuffName.Debuff_CostChange,EX技能COST,スキルコスト,EX技能COST,EX Skill Cost,Ex 스킬 코스트,ค่าใช้สกิล EX,localization.json:BuffName
07_terminology,术语,BuffName.Debuff_DamageByHit_Damaged,弱点掌握,弱点把握状態,弱點掌握,Weakness Detection,약점 파악,โจมตีจุดอ่อน,localization.json:BuffName
07_terminology,术语,BuffName.Debuff_EnhanceLightArmorRate,轻型护甲性能,軽装備性能,輕型護甲效能,Lgt. Armor Effectiveness,경장갑 강화,ประสิทธิภาพเกราะเบา,localization.json:BuffName
07_terminology,术语,BuffName.Debuff_EnhanceHeavyArmorRate,重型装甲性能,重装甲性能,重型裝甲效能,Hvy. Armor Effectiveness,중장갑 강화,ประสิทธิภาพเกราะหนัก,localization.json:BuffName
07_terminology,术语,BuffName.Debuff_EnhanceUnarmedRate,特殊装甲性能,特殊装甲性能,特殊裝甲效能,Spc. Armor Effectiveness,특수장갑 강화,ประสิทธิภาพเกราะพิเศษ,localization.json:BuffName
07_terminology,术语,BuffName.Debuff_HealedLimit,单次受回复上限值,回復制限,單次受回復上限值,Recovery Limit,회복량 제한,จำกัดการฟื้นฟู,localization.json:BuffName
07_terminology,术语,BuffName.Debuff_Hieronymus,诅咒,呪い状態,詛咒,Curse,저주,คำสาป,localization.json:BuffName
07_terminology,术语,BuffName.Debuff_Poison,中毒,中毒,中毒,Poison,중독,พิษ,localization.json:BuffName
07_terminology,术语,BuffName.Debuff_ElectricShock,触电,感電,觸電,Shock,감전,ไฟฟ้าช็อต,localization.json:BuffName
07_terminology,术语,BuffName.CC_Fear,恐惧,恐怖状態,恐懼,Fear,공포,กลัว,localization.json:BuffName
07_terminology,术语,BuffName.CC_Stunned,眩晕,気絶状態,昏厥,Stun,기절,หมดสติ,localization.json:BuffName
07_terminology,术语,BuffName.CC_Provoke,嘲讽,挑発状態,挑釁,Taunt,도발,ยั่วยุ,localization.json:BuffName
07_terminology,术语,BuffName.CC_Paralysis,瘫痪,麻痺状態,癱瘓,Paralysis,마비,อัมพาต,localization.json:BuffName
07_terminology,术语,BuffName.CC_Emp,EMP,EMP,EMP,EMP,EMP,EMP,localization.json:BuffName
07_terminology,术语,BuffName.CC_Confusion,困惑,混乱,困惑,Confusion,혼란,สับสน,localization.json:BuffName
07_terminology,术语,BuffName.CC_Frozen,冻结,凍結,凍結,Freeze,Freeze,แช่แข็ง,localization.json:BuffName
07_terminology,术语,BuffName.Special_EnergyBatteryEmpty,空充能,エネルギー,空充能,Energy Charge,에너지,ชาร์จ,localization.json:BuffName
07_terminology,术语,BuffName.Special_EnergyBatteryHalf,半充能,エネルギー,半充能,Half Charge,에너지,ชาร์จ,localization.json:BuffName
07_terminology,术语,BuffName.Special_EnergyBatteryFull,全充能,エネルギー,全充能,Full Charge,에너지,ชาร์จ,localization.json:BuffName
07_terminology,术语,BuffName.Special_FormChange,普通攻击,通常攻撃,普通攻擊,Normal Attack,일반 공격,โจมตีทั่วไป,localization.json:BuffName
07_terminology,术语,BuffName.Special_Immortal,不死,不死身状態,不死,Invincible,불사,เป็นอมตะ,localization.json:BuffName
07_terminology,术语,BuffName.Special_ImmuneDamage,免伤,ダメージ無効化,免傷,Invulnerable,무적,ไม่ได้รับความเสียหาย,localization.json:BuffName
07_terminology,术语,BuffName.Special_Fury,愤怒,怒り状態,憤怒,Enraged,분노,โกรธ,localization.json:BuffName
07_terminology,术语,BuffName.Special_Misdeed,「恶行」,「悪行」,「惡行」,Evil Deeds,악행,ความชั่ว,localization.json:BuffName
07_terminology,术语,BuffName.Special_LittleDevil,「小恶魔」,「小悪魔」,「小惡魔」,Imps,소악마,ปีศาจน้อย,localization.json:BuffName
07_terminology,术语,BuffName.Special_Accumulation,蓄积,蓄積,蓄積,Accumulation,축적,สะสม,localization.json:BuffName
07_terminology,术语,BuffName.Special_CostRegenBan,COST停止回复,コスト回復停止,COST停止回復,Recovery Stop,코스트 회복 중단,หยุดการฟื้นฟูค่าใช้สกิล EX,localization.json:BuffName
07_terminology,术语,BuffName.Special_ImmuneCC,群控免疫,CC無効化,群控免疫,CC Immune,군중제어 면역,ต้านทานเอฟเฟกต์กดขี่,localization.json:BuffName
07_terminology,术语,BuffName.Special_SuddenDeath,若藻的印记,ワカモの刻印,若藻的印記,Wakamo Imprint,와카모의 각인,รอยประทับของวาคาโมะ,localization.json:BuffName
07_terminology,术语,BuffName.Special_Stamp,「花丸印章」,「花丸スタンプ」,「花丸印章」,Stamps of Praise,칭찬 도장,ตราชื่นชม,localization.json:BuffName
07_terminology,术语,BuffName.Special_Holiday,「圣夜祝福」,「聖夜の祝福」,「聖夜祝福」,Holy Night's Blessing,성야의 축복,พรแห่งค่ำคืนศักดิ์สิทธิ์,localization.json:BuffName
07_terminology,术语,BuffName.Special_SilverBullet,银色子弹,通常攻撃,銀色子彈,Normal Attack,일반 공격,โจมตีทั่วไป,localization.json:BuffName
07_terminology,术语,BuffName.Special_CH0187Mod,阿比舒模式,アビ・エシュフモード,阿比舒模式,Abi-Eshuh Mode,아비 에슈흐 모드,โหมดอาบี-เอชูฮ์,localization.json:BuffName
07_terminology,术语,BuffName.Special_Omamori,「御守」,「お守り」,「御守」,Amulet,부적,เครื่องราง,localization.json:BuffName
07_terminology,术语,BuffName.Special_Dado,「明镜止水」,「明鏡止水」,「明鏡止水」,Serenity,명경지수,จิตใจอันบริสุทธิ์,localization.json:BuffName
07_terminology,术语,BuffName.Special_DebuffCountGreen,安全,安全,安全,Safe,안전,ปลอดภัย,localization.json:BuffName
07_terminology,术语,BuffName.Special_DebuffCountYellow,警告,警告,警告,Warning,경고,เตือนภัย,localization.json:BuffName
07_terminology,术语,BuffName.Special_DebuffCountRed,危险,危険,危險,Danger,위험,อันตราย,localization.json:BuffName
07_terminology,术语,BuffName.Special_OldBook,线索,手がかり,線索,Clues,실마리,เบาะแส,localization.json:BuffName
07_terminology,术语,BuffName.Special_CH0089_ExtraPassive,钻头,ドリル,鑽頭,Drill,드릴,สว่าน,localization.json:BuffName
07_terminology,术语,BuffName.Special_Pray,「祈愿」,「祈願」,「祈願」,Invocations,기원,คำภาวนา,localization.json:BuffName
07_terminology,术语,BuffName.Special_CH0224_Public,「热情」,「情熱」,「熱情」,Passion,열정,เร่าร้อน,localization.json:BuffName
07_terminology,术语,BuffName.Special_CH0225_ExtraPassive,「风林火山」,「風林火山」,「風林火山」,Furin Kazan,풍림화산,ฟูรินคะซัน,localization.json:BuffName
07_terminology,术语,BuffName.Special_CH0233_ExtraPassive,烫手山芋,ホクホクの焼き芋,燙手山芋,Sweet Potatoes,따끈한 군고구마,มันเผาอุ่นๆ,localization.json:BuffName
07_terminology,术语,BuffName.Special_CH0231_ExtraPassive,「护卫成功」,「警護成功」,「護衛成功」,Successful Protection,경호 성공,คุ้มกันสำเร็จ,localization.json:BuffName
07_terminology,术语,BuffName.Special_CH0239_ExtraPassive,潜入行动,潜入行動,潛入行動,Infiltration,잠입행동,แทรกซึม,localization.json:BuffName
07_terminology,术语,BuffName.Special_EN0008_Obelisk,「带电」,「帯電」,「帶電」,Overcharged,과전하,เกินพิกัด,localization.json:BuffName
07_terminology,术语,BuffName.Special_CH0220_Public,「SugarRush」,「シュガーラッシュ」,「SugarRush」,Sugar Rush,슈가러시,ชูการ์ รัช,localization.json:BuffName
07_terminology,术语,BuffName.Special_CH0258_Public,防弹护板,防弾プレート,防彈護板,Bulletproof Plate,방탄 플레이트,เกราะกันกระสุน,localization.json:BuffName
07_terminology,术语,BuffName.Special_CH0263_ExtraPassive_02,退场缓冲,退却猶予,退場緩衝,Postponed Retreat,퇴각 유예,ล่าถอยช้าลง,localization.json:BuffName
07_terminology,术语,BuffName.Special_CH0271_Ex,「传单」,「チラシ」,「傳單」,Leaflets,전단지,ใบปลิว,localization.json:BuffName
07_terminology,术语,BuffName.Special_AmplifyDoTAdditionalTick_Poison,中毒强化,中毒追加ダメージ,中毒強化,Poison Add. DMG,중독 추가 대미지,เสริมความเสียหายพิษ,localization.json:BuffName
07_terminology,术语,BuffName.Special_AmplifyDoTReducePeriod_Chill,恶寒强化,悪寒間隔減少,惡寒強化,Chill Interval Down,오한 주기 감소,เสริมความเสียหายหนาวสั่น,localization.json:BuffName
07_terminology,术语,BuffName.Special_CH0273_ExtraPassive,「粉丝福利」,「ファンサービス」,「粉絲福利」,Fan Service,팬 서비스,แฟนเซอร์วิส,localization.json:BuffName
07_terminology,术语,BuffName.Special_CH0275_Public,「应援荧光棒」,「ペンライト」,「應援熒光棒」,Penlights,응원봉,แท่งไฟ,localization.json:BuffName
07_terminology,术语,BuffName.Special_EN0009_UnstableFlame,不稳定火焰,不安定な火炎,不穩定火焰,Unstable Flame,불안정한 화염,เปลวไฟที่ไม่เสถียร,localization.json:BuffName
07_terminology,术语,BuffName.Special_ExSkillCardRedrawStackDummy,EX技能牌抓取,EX Redraw,EX技能牌抓取,EX Redraw,EX 즉시 드로우,การันตีสกิล EX,localization.json:BuffName
07_terminology,术语,BuffNameLong.Buff_AidAttitude,救护意志,救護の心構え,救護意志,Aiding Mindset,구호의 마음가짐,ความตั้งใจบรรเทาทุกข์,localization.json:BuffNameLong
07_terminology,术语,BuffNameLong.Buff_AmmoCount,载弹量增加,装弾数増加,載彈量增加,Mag Count Up,장탄 수 증가,จำนวนกระสุนเพิ่มขึ้น,localization.json:BuffNameLong
07_terminology,术语,BuffNameLong.Buff_ATK,攻击力增加,攻撃力増加,攻擊力增加,ATK Up,공격력 증가,ค่าโจมตีเพิ่มขึ้น,localization.json:BuffNameLong
07_terminology,术语,BuffNameLong.Buff_AttackSpeed,攻速增加,攻撃速度増加,攻速增加,ATK SPD Up,공격속도 증가,ความเร็วโจมตีเพิ่มขึ้น,localization.json:BuffNameLong
07_terminology,术语,BuffNameLong.Buff_BlockRate,掩体格挡率增加,遮蔽成功値増加,掩體格擋率增加,Block Rate Up,엄페 성공률 증가,อัตรากำบังสำเร็จเพิ่มขึ้น,localization.json:BuffNameLong
07_terminology,术语,BuffNameLong.Buff_ConcentratedTarget,集火,集中砲火,集火,Focused Assault,집중공격,ล็อคเป้า,localization.json:BuffNameLong
07_terminology,术语,BuffNameLong.Buff_CostChange,EX技能COST减少,スキルコスト減少,EX技能COST減少,EX Skill Cost Down,Ex 스킬 코스트 감소,ค่าใช้สกิล EX ลดลง,localization.json:BuffNameLong
07_terminology,术语,BuffNameLong.Buff_CostRegen,COST回复力增加,コスト回復力増加,COST回復力增加,Cost Recovery Up,코스트 회복력 증가,ค่าฟื้นฟู Cost เพิ่มขึ้น,localization.json:BuffNameLong
07_terminology,术语,BuffNameLong.Buff_CriticalChance,暴击值增加/暴击率增加,会心値増加,暴擊值增加/暴擊率增加,Crit Up,치명타 증가,ค่าคริเพิ่มขึ้น,localization.json:BuffNameLong
07_terminology,术语,BuffNameLong.Buff_CriticalChanceResistPoint,暴击抵抗值增加,会心抵抗値増加,暴擊抵抗值增加,Crit RES Up,치명 저항력 증가,ค่าต้านทานคริเพิ่มขึ้น,localization.json:BuffNameLong
07_terminology,术语,BuffNameLong.Buff_CriticalDamage,暴击伤害增加,会心ダメージ率増加,暴擊傷害增加,Crit DMG Up,치명 대미지 증가,ความเสียหายคริเพิ่มขึ้น,localization.json:BuffNameLong
07_terminology,术语,BuffNameLong.Buff_CriticalDamageRateResist,暴伤抵抗率增加,会心ダメージ低効率増加,暴擊傷害抵抗率增加,Crit DMG RES Up,치명 대미지 저항률 증가,อัตราต้านทานความเสียหายคริเพิ่มขึ้น,localization.json:BuffNameLong
07_terminology,术语,BuffNameLong.Buff_DamagedLimit,单次承伤上限值减少,最大ダメージ制限,單次承傷上限值減少,Max DMG Limit,받는 대미지량 제한,จำกัดความเสียหายที่ได้รับ,localization.json:BuffNameLong
07_terminology,术语,BuffNameLong.Buff_DamagedRatio,承伤率减少,被ダメージ量減少,承傷率減少,Incoming Damage Down,받는 대미지량 감소,ความเสียหายที่ได้รับลดลง,localization.json:BuffNameLong
07_terminology,术语,BuffNameLong.Buff_DamageRatio,伤害率增加,与ダメージ量増加,傷害率增加,Damage Dealt Up,주는 대미지량 증가,ความเสียหายที่ทำได้เพิ่มขึ้น,localization.json:BuffNameLong
07_terminology,术语,BuffNameLong.Buff_DEF,防御力增加,防御力増加,防禦力增加,DEF Up,방어력 증가,ค่าป้องกันเพิ่มขึ้น,localization.json:BuffNameLong
07_terminology,术语,BuffNameLong.Buff_Dodge,闪避值增加/闪避率增加,回避値増加,迴避值增加/迴避率增加,Evasion Up,회피 수치 증가,ค่าหลบหลีกเพิ่มขึ้น,localization.json:BuffNameLong
07_terminology,术语,BuffNameLong.Buff_DotHeal,持续回复,持続回復,持續回復,HP Regeneration,지속 회복,ฟื้นฟู HP ต่อเนื่อง,localization.json:BuffNameLong
07_terminology,术语,BuffNameLong.Buff_EnhanceExplosionRate,爆炸克制率增加,爆発特効倍率増加,爆炸剋制率增加,Explosive Effectiveness Up,폭발 특효 증가,ประสิทธิภาพความเสียหายระเบิดเพิ่มขึ้น,localization.json:BuffNameLong
07_terminology,术语,BuffNameLong.Buff_EnhancePierceRate,贯通克制率增加,貫通特効倍率増加,貫通剋制率增加,Piercing Effectiveness Up,관통 특효 증가,ประสิทธิภาพความเสียหายเจาะเกราะเพิ่มขึ้น,localization.json:BuffNameLong
07_terminology,术语,BuffNameLong.Buff_EnhanceMysticRate,神秘克制率增加,神秘特効倍率増加,神秘剋制率增加,Mystic Effectiveness Up,신비 특효 증가,ประสิทธิภาพความเสียหายลึกลับเพิ่มขึ้น,localization.json:BuffNameLong
07_terminology,术语,BuffNameLong.Buff_EnhanceSonicRate,振动克制率增加,振動特効倍率増加,振動剋制率增加,Sonic Effectiveness Up,진동 특효 증가,ประสิทธิภาพความเสียหายสั่นสะเทือนเพิ่มขึ้น,localization.json:BuffNameLong
07_terminology,术语,BuffNameLong.Buff_EnhanceLightArmorRate,轻型护甲性能增加,軽装備性能増加,輕型護甲效能增加,Light Armor Effectiveness Up,경장갑 강화,ประสิทธิภาพเกราะเบาเพิ่มขึ้น,localization.json:BuffNameLong
07_terminology,术语,BuffNameLong.Buff_EnhanceHeavyArmorRate,重型装甲性能增加,重装甲性能増加,重型裝甲效能增加,Heavy Armor Effectiveness Up,중장갑 강화,ประสิทธิภาพเกราะหนักเพิ่มขึ้น,localization.json:BuffNameLong
07_terminology,术语,BuffNameLong.Buff_EnhanceUnarmedRate,特殊装甲性能增加,特殊装甲性能増加,特殊裝甲效能增加,Special Armor Effectiveness Up,특수장갑 강화,ประสิทธิภาพเกราะพิเศษเพิ่มขึ้น,localization.json:BuffNameLong
07_terminology,术语,BuffNameLong.Buff_ExtendBuffDuration,增益持续力增加,バフ効果持続力増加,增益持續力增加,Buff Retention Up,이로운 효과 유지력 증가,ระยะเวลาบัฟเพิ่มขึ้น,localization.json:BuffNameLong
07_terminology,术语,BuffNameLong.Buff_ExtendDebuffDuration,减益持续力增加,弱体状態持続力増加,減益持續力增加,Debuff Retention Up,해로운 효과 유지력 증가,ระยะเวลาเอฟเฟกต์อันตรายเพิ่มขึ้น,localization.json:BuffNameLong
07_terminology,术语,BuffNameLong.Buff_ExtendCrowdControlDuration,群控持续力增加,CC状態持続力増加,群控持續力增加,CC Retention Up,군중제어 유지력 증가,ระยะเวลาเอฟเฟกต์กดขี่เพิ่มขึ้น,localization.json:BuffNameLong
07_terminology,术语,BuffNameLong.Buff_HealByHit_Damaged,受击回复,被攻撃時回復,受擊回復,Heal When Hit,피격시 회복,ฟื้นฟู HP เมื่อได้รับความเสียหายจากการโจมตี,localization.json:BuffNameLong
07_terminology,术语,BuffNameLong.Buff_HealEffectiveness,受回复率增加,被回復率増加,受回復率增加,Recovery Boost Up,받는 회복효과 강화율 증가,อัตราเร่งการฟื้นฟูเพิ่มขึ้น,localization.json:BuffNameLong
07_terminology,术语,BuffNameLong.Buff_HealPower,治愈力增加,治癒力増加,治癒力增加,Healing Up,치유력 증가,ค่ารักษาเพิ่มขึ้น,localization.json:BuffNameLong
07_terminology,术语,BuffNameLong.Buff_HIT,命中值增加/命中率增加,命中値増加,命中值增加/命中率增加,Accuracy Up,명중 수치 증가,ค่าความแม่นยำเพิ่มขึ้น,localization.json:BuffNameLong
07_terminology,术语,BuffNameLong.Buff_MAXHP,最大生命值增加,最大HP増加,最大生命值增加,Max HP Up,최대 체력 증가,HP สูงสุดเพิ่มขึ้น,localization.json:BuffNameLong
07_terminology,术语,BuffNameLong.Buff_MoveSpeed,移速增加,移動速度増加,移動速度增加,MOV SPD Up,이동속도 증가,ความเร็วเคลื่อนที่เพิ่มขึ้น,localization.json:BuffNameLong
07_terminology,术语,BuffNameLong.Buff_OppressionPower,群控强化力增加,CC強化力増加,群控強化力增加,CC Power Up,군중제어 강화력 증가,ประสิทธิภาพกดขี่เพิ่มขึ้น,localization.json:BuffNameLong
07_terminology,术语,BuffNameLong.Buff_OppressionResist,群控抵抗力增加,CC抵抗力増加,群控抵抗力增加,CC RES Up,군중제어 저항력 증가,ต้านทานการกดขี่เพิ่มขึ้น,localization.json:BuffNameLong
07_terminology,术语,BuffNameLong.Buff_Penetration,防御无视值增加,防御貫通値増加,防禦無視值增加,Defense Piercing Up,방어관통 수치 증가,ค่าเจาะเกราะเพิ่มขึ้น,localization.json:BuffNameLong
07_terminology,术语,BuffNameLong.Buff_Range,普通攻击射程增加,通常攻撃の射程増加,普通攻擊射程增加,Normal Atk. Range Up,사거리 증가,ระยะโจมตีทั่วไปเพิ่มขึ้น,localization.json:BuffNameLong
07_terminology,术语,BuffNameLong.Buff_Stability,稳定值增加/稳定率增加,安定値増加,穩定值增加/穩定率增加,Stability Up,안정 수치 증가,ค่าความเสถียรเพิ่มขึ้น,localization.json:BuffNameLong
07_terminology,术语,BuffNameLong.Buff_EnhanceExDamageRate,EX技能伤害率加算,EXスキル与ダメージ量増加,EX技能傷害率加算,EX Damage Dealt Up,EX 스킬 대미지량,ความเสียหายสกิล EX เพิ่มขึ้น,localization.json:BuffNameLong
07_terminology,术语,BuffNameLong.Debuff_AmmoCount,载弹量减少,装弾数減少,載彈量減少,Mag Count Down,장탄 수 감소,จำนวนกระสุนลดลง,localization.json:BuffNameLong
07_terminology,术语,BuffNameLong.Debuff_ATK,攻击力减少,攻撃力減少,攻擊力減少,ATK Down,공격력 감소,ค่าโจมตีลดลง,localization.json:BuffNameLong
07_terminology,术语,BuffNameLong.Debuff_AttackSpeed,攻速减少,攻撃速度減少,攻擊速度減少,ATK SPD Down,공격속도 감소,ความเร็วโจมตีลดลง,localization.json:BuffNameLong
07_terminology,术语,BuffNameLong.Debuff_BlockRate,掩体格挡率减少,遮蔽成功値減少,掩體格擋率減少,Block Rate Down,엄폐 성공률 감소,อัตรากำบังสำเร็จลดลง,localization.json:BuffNameLong
07_terminology,术语,BuffNameLong.Debuff_Burn,烧伤,火傷状態,燒傷,Burn,화상,เผาไหม้,localization.json:BuffNameLong
07_terminology,术语,BuffNameLong.Debuff_Cheerleading,应援热气,応援の熱気状態,應援熱氣,Passionate Cheering,응원의 열기,เสียงเชียร์เร่าร้อน,localization.json:BuffNameLong
07_terminology,术语,BuffNameLong.Debuff_Chill,恶寒,悪寒状態,惡寒,Chill,오한,หนาวสั่น,localization.json:BuffNameLong
07_terminology,术语,BuffNameLong.Debuff_CostChange,EX技能COST增加,スキルコスト増加,EX技能COST增加,EX Skill Cost Up,Ex 스킬 코스트 증가,ค่าใช้สกิล EX เพิ่มขึ้น,localization.json:BuffNameLong
07_terminology,术语,BuffNameLong.Debuff_CriticalChance,暴击值减少/暴击率减少,会心値減少,暴擊值減少/暴擊率減少,Crit Down,치명 수치 감소,ค่าคริลดลง,localization.json:BuffNameLong
07_terminology,术语,BuffNameLong.Debuff_CriticalChanceResistPoint,暴击抵抗值减少,会心抵抗値減少,暴擊抵抗值減少,Crit RES Down,치명 저항력 감소,ค่าต้านทานคริลดลง,localization.json:BuffNameLong
07_terminology,术语,BuffNameLong.Debuff_CriticalDamage,暴击伤害减少,会心ダメージ率減少,暴擊傷害減少,Crit DMG Down,치명 대미지 감소,ความเสียหายคริลดลง,localization.json:BuffNameLong
07_terminology,术语,BuffNameLong.Debuff_CriticalDamageRateResist,暴伤抵抗率减少,会心ダメージ低効率減少,暴擊傷害抵抗率減少,Crit DMG RES Down,치명 대미지 저항률 감소,อัตราต้านทานความเสียหายคริลดลง,localization.json:BuffNameLong
07_terminology,术语,BuffNameLong.Debuff_DamagedRatio,承伤率增加,被ダメージ量増加,承傷率增加,Incoming Damage Up,받는 대미지량 증가,ความเสียหายที่ได้รับเพิ่มขึ้น,localization.json:BuffNameLong
07_terminology,术语,BuffNameLong.Debuff_DamageRatio,伤害率减少,与ダメージ量減少,傷害率減少,Damage Dealt Down,주는 대미지량 감소,ความเสียหายที่ทำได้ลดลง,localization.json:BuffNameLong
07_terminology,术语,BuffNameLong.Debuff_DEF,防御力减少,防御力減少,防禦力減少,DEF Down,방어력 감소,ค่าป้องกันลดลง,localization.json:BuffNameLong
07_terminology,术语,BuffNameLong.Debuff_Dodge,闪避值减少,回避値減少,迴避值減少,Evasion Down,회피 수치 감소,ค่าหลบหลีกลดลง,localization.json:BuffNameLong
07_terminology,术语,BuffNameLong.Debuff_EnhanceExplosionRate,爆炸克制率减少,爆発特攻倍率減少,爆炸剋制率減少,Explosive Effectiveness Down,폭발 특효 감소,ประสิทธิภาพความเสียหายระเบิดลดลง,localization.json:BuffNameLong
07_terminology,术语,BuffNameLong.Debuff_EnhancePierceRate,贯通克制率减少,貫通特効倍率減少,貫通剋制率減少,Piercing Effectiveness Down,관통 특효 감소,ประสิทธิภาพความเสียหายเจาะเกราะลดลง,localization.json:BuffNameLong
07_terminology,术语,BuffNameLong.Debuff_EnhanceMysticRate,神秘克制率减少,神秘特効倍率減少,神秘剋制率減少,Mystic Effectiveness Down,신비 특효 감소,ประสิทธิภาพความเสียหายลึกลับลดลง,localization.json:BuffNameLong
07_terminology,术语,BuffNameLong.Debuff_EnhanceSonicRate,振动克制率减少,振動特効倍率減少,振動剋制率減少,Sonic Effectiveness Down,진동 특효 감소,ประสิทธิภาพความเสียหายสั่นสะเทือนลดลง,localization.json:BuffNameLong
07_terminology,术语,BuffNameLong.Debuff_EnhanceLightArmorRate,轻型护甲性能减少,軽装備性能減少,輕型護甲效能減少,Light Armor Enhancement Down,경장갑 강화,ประสิทธิภาพเกราะเบาลดลง,localization.json:BuffNameLong
07_terminology,术语,BuffNameLong.Debuff_EnhanceHeavyArmorRate,重型装甲性能减少,重装甲性能減少,重型裝甲效能減少,Heavy Armor Enhancement Down,중장갑 강화,ประสิทธิภาพเกราะหนักลดลง,localization.json:BuffNameLong
07_terminology,术语,BuffNameLong.Debuff_EnhanceUnarmedRate,特殊装甲性能减少,特殊装甲性能減少,特殊裝甲效能減少,Special Armor Enhancement Down,특수장갑 강화,ประสิทธิภาพเกราะพิเศษลดลง,localization.json:BuffNameLong
07_terminology,术语,BuffNameLong.Debuff_HealedLimit,回复限制,回復制限,單次受回復上限值減少,Recovery Limit,받는 회복효과 제한,จำกัดการฟื้นฟู,localization.json:BuffNameLong
07_terminology,术语,BuffNameLong.Debuff_HealEffectiveness,受回复率减少,被回復率減少,受回復率減少,Recovery Boost Down,받는 회복효과 강화율 감소,อัตราเร่งการฟื้นฟูลดลง,localization.json:BuffNameLong
07_terminology,术语,BuffNameLong.Debuff_HealPower,治愈力减少,治癒力減少,治癒力減少,Healing Down,치유력 감소,ค่ารักษาลดลง,localization.json:BuffNameLong
07_terminology,术语,BuffNameLong.Debuff_Hieronymus,诅咒,呪い,詛咒,Curse,저주,คำสาป,localization.json:BuffNameLong
07_terminology,术语,BuffNameLong.Debuff_HIT,命中值减少/命中率减少,命中値減少,命中值減少,Accuracy Down,명중 수치 감소,ค่าความแม่นยำลดลง,localization.json:BuffNameLong
07_terminology,术语,BuffNameLong.Debuff_MAXHP,最大生命值减少,最大HP減少,最大生命值減少,Max HP Down,최대 체력 감소,HP สูงสุดลดลง,localization.json:BuffNameLong
07_terminology,术语,BuffNameLong.Debuff_MoveSpeed,移速减少,移動速度減少,移動速度減少,MOV SPD Down,이동속도 감소,ความเร็วเคลื่อนที่ลดลง,localization.json:BuffNameLong
07_terminology,术语,BuffNameLong.Debuff_OppressionPower,群控强化力减少,CC強化力減少,群控強化力減少,CC Power Down,군중제어 강화력 감소,ประสิทธิภาพกดขี่ลดลง,localization.json:BuffNameLong
07_terminology,术语,BuffNameLong.Debuff_OppressionResist,群控抵抗力减少,CC抵抗力減少,群控抵抗力減少,CC RES Down,군중제어 저항력 감소,ต้านทานการกดขี่ลดลง,localization.json:BuffNameLong
07_terminology,术语,BuffNameLong.Debuff_Penetration,防御无视值减少,防御貫通値減少,防禦無視值減少,Defense Piercing Down,방어관통 수치 감소,ค่าเจาะเกราะลดลง,localization.json:BuffNameLong
07_terminology,术语,BuffNameLong.Debuff_Poison,中毒,中毒状態,中毒,Poison,중독,พิษ,localization.json:BuffNameLong
07_terminology,术语,BuffNameLong.Debuff_Range,普通攻击射程减少,通常攻撃の射程減少,普通攻擊射程減少,Normal Atk. Range Down,사거리 감소,ระยะโจมตีทั่วไปลดลง,localization.json:BuffNameLong
07_terminology,术语,BuffNameLong.Debuff_ElectricShock,触电,感電,觸電,Electric Shock,감전,ไฟฟ้าช็อต,localization.json:BuffNameLong
07_terminology,术语,BuffNameLong.Debuff_Stability,稳定值减少/穩定率减少,安定値減少,穩定值減少/穩定率減少,Stability Down,안정 수치 감소,ค่าความเสถียรลดลง,localization.json:BuffNameLong
07_terminology,术语,BuffNameLong.Debuff_EnhanceExDamageRate,EX技能伤害率减算,EXスキル与ダメージ量減少,EX技能傷害率減算,EX Damage Dealt Down,EX 스킬 대미지량,ความเสียหายสกิล EX ลดลง,localization.json:BuffNameLong
07_terminology,术语,BuffNameLong.Debuff_CostRegen,COST回复力减少,コスト回復力減少,COST回復力減少,Cost Recovery Down,코스트 회복력 감소,ค่าฟื้นฟู Cost ลดลง,localization.json:BuffNameLong
07_terminology,术语,BuffNameLong.Debuff_BurnDamagedIncrease,烧伤承伤率,火傷被ダメージ,燒傷承傷率,Burn Damage Taken,받는 지속 대미지(화상),ความเสียหายเผาไหม้เพิ่มขึ้น,localization.json:BuffNameLong
07_terminology,术语,BuffNameLong.Debuff_ChillDamagedIncrease,恶寒承伤率,悪寒被ダメージ,惡寒承傷率,Chill Damage Taken,받는 지속 대미지(오한),ความเสียหายหนาวสั่นเพิ่มขึ้น,localization.json:BuffNameLong
07_terminology,术语,BuffNameLong.Debuff_ElectricShockDamagedIncrease,触电承伤率,感電被ダメージ,觸電承傷率,Shock Damage Taken,받는 지속 대미지(감전),ความเสียหายไฟฟ้าช็อตเพิ่มขึ้น,localization.json:BuffNameLong
07_terminology,术语,BuffNameLong.Debuff_PoisonDamagedIncrease,中毒承伤率,中毒被ダメージ,中毒承傷率,Poison Damage Taken,받는 지속 대미지(중독),ความเสียหายพิษเพิ่มขึ้น,localization.json:BuffNameLong
07_terminology,术语,BuffNameLong.CC_Emp,电磁脉冲,EMP,電磁脈衝,EMP,EMP,EMP,localization.json:BuffNameLong
07_terminology,术语,BuffNameLong.Special_EnergyBatteryEmpty,能量,エネルギーチャージ,能量,Energy Charge,에너지 충전,ชาร์จ,localization.json:BuffNameLong
07_terminology,术语,BuffNameLong.Special_EnergyBatteryHalf,能量,エネルギーチャージ,能量,Energy Charge: Half,에너지 충전,ชาร์จ,localization.json:BuffNameLong
07_terminology,术语,BuffNameLong.Special_EnergyBatteryFull,能量,エネルギーチャージ,能量,Energy Charge: Full,에너지 충전,ชาร์จ,localization.json:BuffNameLong
07_terminology,术语,BuffNameLong.Special_FormChange,普通攻击/形态转换,通常攻撃強化,普通攻擊/形態轉換,Form Change,일반 공격 강화,เปลี่ยนรูปแบบการโจมตี,localization.json:BuffNameLong
07_terminology,术语,BuffNameLong.Special_Immortal,不死,不死身状態,不死,Invincible,불사,อมตะ,localization.json:BuffNameLong
07_terminology,术语,BuffNameLong.Special_Misdeed,恶行,悪行,惡行,Evil Deeds,악행,ความชั่วร้าย,localization.json:BuffNameLong
07_terminology,术语,BuffNameLong.Special_LittleDevil,小恶魔,小悪魔,小惡魔,Imps,소악마,ปีศาจน้อย,localization.json:BuffNameLong
07_terminology,术语,BuffNameLong.Special_Accumulation,伤害蓄积,ダメージ蓄積状態,傷害蓄積,DMG Accumulation,대미지 축적,สะสมความเสียหาย,localization.json:BuffNameLong
07_terminology,术语,BuffNameLong.Special_CostRegenBan,COST停止回复,コスト回復停止,COST停止回復,Cost Recovery Stop,코스트 회복 중단,หยุดการฟื้นฟูค่าใช้สกิล EX,localization.json:BuffNameLong
07_terminology,术语,BuffNameLong.Special_ImmuneCC,群控免疫,CC無効化,群控免疫,CC Immunity,군중제어 면역,ต้านทานเอฟเฟกต์กดขี่,localization.json:BuffNameLong
07_terminology,术语,BuffNameLong.Special_Stamp,花丸印章,花丸スタンプ,花丸印章,Stamps of Praise,칭찬 도장,ตราชื่นชม,localization.json:BuffNameLong
07_terminology,术语,BuffNameLong.Special_Holiday,圣夜祝福,聖夜の祝福,聖夜祝福,Holy Night's Blessings,성야의 축복,พรแห่งค่ำคืนศักดิ์สิทธิ์,localization.json:BuffNameLong
07_terminology,术语,BuffNameLong.Special_SilverBullet,银色子弹,シルバーバレット,銀色子彈,Silver Bullets,은탄환,ตราชำระบาป,localization.json:BuffNameLong
07_terminology,术语,BuffNameLong.Special_CH0187Mod,阿比舒模式充能,アビ・エシュフモード,阿比舒模式充能,Abi-Eshuh Mode,아비 에슈흐 모드,โหมดอาบี-เอชูฮ์,localization.json:BuffNameLong
07_terminology,术语,BuffNameLong.Special_Omamori,御守,「お守り」,御守,Amulet,부적,เครื่องราง,localization.json:BuffNameLong
07_terminology,术语,BuffNameLong.Special_Dado,明镜止水,「明鏡止水」,明鏡止水,Serenity,명경지수,จิตใจอันบริสุทธิ์,localization.json:BuffNameLong
07_terminology,术语,BuffNameLong.Special_DebuffCountGreen,减益计数: 安全,安全,減益計數: 安全,Debuff Count: Safe,안전,จำนวนเอฟเฟกต์อันตราย : ปลอดภัย,localization.json:BuffNameLong
07_terminology,术语,BuffNameLong.Special_DebuffCountYellow,减益计数: 警告,警告,減益計數: 警告,Debuff Count: Warning,경고,จำนวนเอฟเฟกต์อันตราย : เตือนภัย,localization.json:BuffNameLong
07_terminology,术语,BuffNameLong.Special_DebuffCountRed,减益计数: 危险,危険,減益計數: 危險,Debuff Count: Danger,위험,จำนวนเอฟเฟกต์อันตราย : อันตราย,localization.json:BuffNameLong
07_terminology,术语,BuffNameLong.Special_Pray,祈愿,「祈願」,祈願,Invocations,기원,คำภาวนา,localization.json:BuffNameLong
07_terminology,术语,BuffNameLong.Special_CH0224_Public,热情,「情熱」,熱情,Passion,열정,เร่าร้อน,localization.json:BuffNameLong
07_terminology,术语,BuffNameLong.Special_CH0225_ExtraPassive,风林火山,「風林火山」,風林火山,Furin Kazan,풍림화산,ฟูรินคะซัน,localization.json:BuffNameLong
07_terminology,术语,BuffNameLong.Special_CH0233_ExtraPassive,烫手山芋,ホクホクの焼き芋,燙手山芋,Sweet Potatoes,따끈한 군고구마,มันเผาร้อนๆ,localization.json:BuffNameLong
07_terminology,术语,BuffNameLong.Special_CH0231_ExtraPassive,护卫成功,「警護成功」,護衛成功,Successful Protection,경호 성공,คุ้มกันสำเร็จ,localization.json:BuffNameLong
07_terminology,术语,BuffNameLong.Special_EN0008_Obelisk,带电,「帯電」,帶電,Overcharged,'과전하',เกินพิกัด,localization.json:BuffNameLong
07_terminology,术语,BuffNameLong.Special_CH0258_Public,防弹护板,防弾プレート,防彈護板,Bulletproof Plate,Bulletproof Plate,เกราะกันกระสุน,localization.json:BuffNameLong
07_terminology,术语,BuffNameLong.Special_CH0263_ExtraPassive_02,退场缓冲,退却猶予,退場緩衝,Postponed Retreat,Postponed Retreat,ล่าถอยช้าลง,localization.json:BuffNameLong
07_terminology,术语,BuffNameLong.Special_CH0271_Ex,传单,「チラシ」,傳單,Leaflets,Leaflets,ใบปลิว,localization.json:BuffNameLong
07_terminology,术语,BuffNameLong.Special_AmplifyDoTAdditionalTick_Poison,中毒效果强化,中毒追加ダメージ,中毒效果強化,Poison Additional Damage,Poison Additional Damage,เสริมความเสียหายพิษ,localization.json:BuffNameLong
07_terminology,术语,BuffNameLong.Special_AmplifyDoTReducePeriod_Chill,恶寒效果强化,悪寒間隔減少,惡寒效果強化,Chill Interval Down,Chill Interval Down,เสริมความเสียหายหนาวสั่น,localization.json:BuffNameLong
07_terminology,术语,BuffNameLong.Special_CH0273_ExtraPassive,粉丝福利,「ファンサービス」,粉絲福利,Fan Service,Fan Service,แฟนเซอร์วิส,localization.json:BuffNameLong
07_terminology,术语,BuffNameLong.Special_CH0275_Public,应援荧光棒,「ペンライト」,應援熒光棒,Penlights,Penlights,แท่งไฟ,localization.json:BuffNameLong
07_terminology,术语,BuffNameLong.Special_ExSkillCardRedrawStackDummy,EX技能牌抓取,EX Skill Redraw,EX技能牌抓取,EX Skill Redraw,EX Skill Redraw,การันตีสกิล EX ใบต่อไป,localization.json:BuffNameLong
07_terminology,术语,BuffTooltip.Buff_AidAttitude,效果：以一定时间间隔，持续回复该单位的生命值. ※ 美祢失去该状态时，将使用普通技能.,一定間隔でHPを持続的に回復する。 解除後にミネのノーマルスキルを発動する。,效果：以一定時間間隔，持續回復該單位的生命值. ※ 美禰失去該狀態時，將使用基本技能.,Continuously restores HP at set intervals. Activates Mine's Basic Skill upon expiring.,정해진 시간마다 HP를 지속적으로 회복합니다.,ฟื้นฟู HP ช้าๆ เป็นเวลาต่อเนื่อง,localization.json:BuffTooltip
07_terminology,术语,BuffTooltip.Buff_AmmoCount,效果：增加该单位进行普通攻击时，一发弹匣可供消耗的弹药数(即载弹量)的最大值.,通常攻撃に使用する武器の最大装弾数を増加する。,效果：增加該單位進行普通攻擊時，一發彈匣可供消耗的彈藥數(即載彈量)的最大值.,Increases the maximum amount of weapon ammunition used by Normal Attacks.,일반 공격에 사용되는 무기의 장탄수가 증가합니다.,เพิ่มจำนวนกระสุนสูงสุดของอาวุธในการโจมตีปกติ,localization.json:BuffTooltip
07_terminology,术语,BuffTooltip.Buff_ATK,效果：增加该单位造成的以攻击力为基准的伤害的量.,攻撃が与えるダメージを増加する。,效果：增加該單位造成的以攻擊力為基準的傷害的量.,Increases the amount of damage dealt by attacks.,공격으로 가하는 대미지가 증가합니다.,เพิ่มความเสียหายของการโจมตี,localization.json:BuffTooltip
07_terminology,术语,BuffTooltip.Buff_AttackSpeed,效果：增加该单位普通攻击和换弹的速度. ※ 具体影响范围详见属性面板详情内对攻速一栏的描述.,通常攻撃とリロードの速度を増加し攻撃ディレイを減少する。,效果：增加該單位普通攻擊和換彈的速度. ※ 具體影響範圍詳見屬性面板詳情內對攻速一欄的描述.,"Increases the speed of Normal Attacks and reloads, and reduces attack delay.","일반 공격 속도와 재장전 속도가 증가하고, 공격 딜레이가 감소합니다.","เพิ่มความเร็วในการโจมตี, รีโหลดและลดดีเลย์ในการโจมตี",localization.json:BuffTooltip
07_terminology,术语,BuffTooltip.Buff_BlockRate,效果：增加该单位处于掩体掩护下时，成功格挡受到的攻击的概率.,遮蔽物使用時にブロックに成功する確率を増加する。,效果：增加該單位處於掩體掩護下時，成功格擋受到的攻擊的機率.,Increases the chance of successfully blocking attacks when taking cover.,엄폐중일 때 피해를 막아낼 확률이 증가합니다.,เพิ่มโอกาสกำบังสำเร็จเมื่ออยู่ในกำบัง,localization.json:BuffTooltip
07_terminology,术语,BuffTooltip.Buff_ConcentratedTarget,效果：主动令该单位成为敌方单位优先攻击的目标.,敵の攻撃の優先目標になる。,效果：主動令該單位成為敵方單位優先攻擊的目標.,Becomes the priority target of enemies' attacks.,적들의 공격의 우선 목표가 됩니다.,เป็นเป้าหมายหลักในการโจมตีของศัตรู,localization.json:BuffTooltip
07_terminology,术语,BuffTooltip.Buff_CostChange,效果：减少使用该单位的EX技能时需消耗的COST.,EXスキルの使用に必要なコストを減少する。,效果：減少使用該單位的EX技能時需消耗的COST.,Reduces the amount of skill cost required for using the EX Skill.,EX 스킬을 사용할 때 필요한 코스트가 감소합니다.,ลดจำนวนค่าใช้สกิล EX ที่ต้องการในการใช้สกิล EX,localization.json:BuffTooltip
07_terminology,术语,BuffTooltip.Buff_CostRegen,效果：增加该单位生产COST的速率.,コスト回復速度を増加する。,效果：增加該單位生產COST的速率.,Increases the rate at which skill cost is recovered.,스킬 코스트가 회복되는 속도가 증가합니다.,เพิ่มความเร็วในการฟื้นฟูค่าใช้สกิล EX,localization.json:BuffTooltip
07_terminology,术语,BuffTooltip.Buff_CriticalChance,效果：增加该单位进行攻击时，造成暴击的概率.,攻撃時に会心攻撃が発生する確率を増加する。,效果：增加該單位進行攻擊時，造成暴擊傷害的機率.,Increases the chance of landing a critical hit when attacking.,공격할 때 치명타를 성공할 확률이 증가합니다.,เพิ่มโอกาสโจมตีติดคริติคอล,localization.json:BuffTooltip
07_terminology,术语,BuffTooltip.Buff_CriticalChanceResistPoint,效果：减少该单位受到攻击时，攻击暴击的概率.,被攻撃時に会心攻撃を受ける確率を減少する。,效果：減少該單位受到攻擊時，傷害暴擊的機率.,Decerases the chance of receiving a critical hit when being attacked.,공격받을 때 적이 치명타를 성공할 확률이 감소합니다.,ลดโอกาสถูกโจมตีติดคริติคอล,localization.json:BuffTooltip
07_terminology,术语,BuffTooltip.Buff_CriticalDamage,效果：增加该单位造成暴击伤害时，造成的伤害的量.,会心攻撃が与えるダメージを増加する。,效果：增加該單位造成暴擊傷害時，造成的傷害的量.,Increases the damage dealt by critical hits.,치명타로 가하는 대미지가 증가합니다.,เพิ่มความเสียหายของการโจมตีคริติคอล,localization.json:BuffTooltip
07_terminology,术语,BuffTooltip.Buff_CriticalDamageRateResist,效果：减少该单位受到暴击伤害时，受到的伤害的量.,会心攻撃によって受けるダメージを減少する。,效果：減少該單位受到暴擊傷害時，受到的傷害的量.,Decreases the damage received from critical hits.,치명타로 받는 대미지가 감소합니다.,ลดความเสียหายของการถูกโจมตีคริติคอล,localization.json:BuffTooltip
07_terminology,术语,BuffTooltip.Buff_DamagedLimit,效果：限制该单位受到攻击时，单次伤害的最大值.,攻撃によって受ける最大ダメージを制限する。,效果：限制該單位受到攻擊時，單次傷害的最大值.,Limits the amount of damage received from attacks.,받는 대미지의 최대치가 제한됩니다.,จำกัดปริมาณความเสียหายที่ได้รับจากการโจมตี,localization.json:BuffTooltip
07_terminology,术语,BuffTooltip.Buff_DamagedRatio,效果：减少该单位受到的绝大多数种类的伤害.,すべての被ダメージを一定の割合減少する。,效果：減少該單位受到的絕大多數種類的傷害.,Decreases all incoming damage by a percentage amount.,받는 모든 대미지가 정해진 비율만큼 감소합니다.,ลดความเสียหายที่ได้รับลงเป็นเปอร์เซ็นต์,localization.json:BuffTooltip
07_terminology,术语,BuffTooltip.Buff_DamageRatio,效果：增加该单位造成的绝大多数种类的伤害.,すべての与ダメージを一定の割合増加する。,效果：增加該單位造成的絕大多數種類的傷害.,Increases all damage dealt by a percentage amount.,가하는 모든 대미지가 정해진 비율만큼 증가합니다.,เพิ่มความเสียหายที่ทำได้ขึ้นเป็นเปอร์เซ็นต์,localization.json:BuffTooltip
07_terminology,术语,BuffTooltip.Buff_DEF,效果：减少该单位受到攻击时，受到的伤害.,攻撃によって受けるダメージを減少する。,效果：減少該單位受到攻擊時，受到的傷害.,Decreases the damage received from attacks.,방어력이 증가해 받는 대미지가 감소합니다.,ลดความเสียหายเมื่อถูกโจมตี,localization.json:BuffTooltip
07_terminology,术语,BuffTooltip.Buff_Dodge,效果：增加该单位受到攻击时，成功闪避攻击的概率.,攻撃を回避する確率を増加する。,效果：增加該單位受到攻擊時，成功迴避攻擊的機率.,Increases the chance of successfully evading attacks.,적의 공격을 회피할 확률이 증가합니다.,เพิ่มโอกาสหลบหลีกการโจมตีได้สำเร็จ,localization.json:BuffTooltip
07_terminology,术语,BuffTooltip.Buff_DotHeal,效果：以一定时间间隔，持续回复该单位的生命值.,一定間隔でHPを持続的に回復する。,效果：以一定時間間隔，持續回復該單位的生命值.,Continuously restores HP at set intervals.,지속적으로 일정 주기마다 HP를 회복합니다.,ฟื้นฟู HP ช้าๆ เป็นเวลาต่อเนื่อง,localization.json:BuffTooltip
07_terminology,术语,BuffTooltip.Buff_EnhanceExplosionRate,效果：增加该单位对轻型护甲防御属性的目标攻击时，造成的爆炸攻击属性的伤害(增加自身造成的爆炸克制伤害).,軽装備の対象に爆発タイプの攻撃を行う際のダメージ倍率を増加する。,效果：增加該單位對輕型護甲防禦屬性的目標攻擊時，造成的爆炸攻擊屬性的傷害(增加自身造成的爆炸剋制傷害).,Increases the damage bonus when dealing Explosive type attacks against Light Armor targets.,폭발 특효 수치(경장갑 적을 상대로 폭발 타입 공격을 할 때 적용되는 대미지 보너스)가 증가합니다.,เพิ่มความเสียหายของการโจมตีประเภทระเบิดเมื่อโจมตีใส่เป้าหมายที่มีเกราะเบา,localization.json:BuffTooltip
07_terminology,术语,BuffTooltip.Buff_EnhancePierceRate,效果：增加该单位对重型装甲防御属性的目标攻击时，造成的贯通攻击属性的伤害(增加自身造成的贯通克制伤害).,重装甲の対象に貫通タイプの攻撃を行う際のダメージ倍率を増加する。,效果：增加該單位對重型裝甲防禦屬性的目標攻擊時，造成的貫通攻擊屬性的傷害(增加自身造成的貫通剋制傷害).,Increases the damage bonus when dealing Piercing type attacks against Heavy Armor targets.,관통 특효 수치(중장갑 적을 상대로 관통 타입 공격을 할 때 적용되는 대미지 보너스)가 증가합니다.,เพิ่มความเสียหายของการโจมตีประเภทเจาะเกราะเมื่อโจมตีใส่เป้าหมายที่มีเกราะหนัก,localization.json:BuffTooltip
07_terminology,术语,BuffTooltip.Buff_EnhanceMysticRate,效果：增加该单位对特殊装甲防御属性的目标攻击时，造成的神秘攻击属性的伤害(增加自身造成的神秘克制伤害).,特殊装甲の対象に神秘タイプの攻撃を行う際のダメージ倍率を増加する。,效果：增加該單位對特殊裝甲防禦屬性的目標攻擊時，造成的神秘攻擊屬性的傷害(增加自身造成的神秘剋制傷害).,Increases the damage bonus when dealing Mystic type attacks against Special Armor targets.,신비 특효 수치(특수장갑 적을 상대로 신비 타입 공격을 할 때 적용되는 대미지 보너스)가 증가합니다.,เพิ่มความเสียหายของการโจมตีประเภทลึกลับเมื่อโจมตีใส่เป้าหมายที่มีเกราะพิเศษ,localization.json:BuffTooltip
07_terminology,术语,BuffTooltip.Buff_EnhanceSonicRate,效果：增加该单位对弹性装甲防御属性的目标攻击时，造成的振动攻击属性的伤害(增加自身造成的振动克制伤害).,弾力装甲の対象に振動タイプの攻撃を行う際のダメージ倍率を増加する。,效果：增加該單位對彈性裝甲防禦屬性的目標攻擊時，造成的振動攻擊屬性的傷害(增加自身造成的振動剋制傷害).,Increases the damage bonus when dealing Sonic type attacks against Elastic Armor targets.,진동 특효 수치(탄력장갑 적을 상대로 진동 타입 공격을 할 때 적용되는 대미지 보너스)가 증가합니다.,เพิ่มความเสียหายของการโจมตีประเภทสั่นสะเทือนเมื่อโจมตีใส่เป้าหมายที่มีเกราะยืดหยุ่น,localization.json:BuffTooltip
07_terminology,术语,BuffTooltip.Buff_EnhanceLightArmorRate,效果：减少该轻型护甲防御属性的单位受到攻击时，受到的爆炸攻击属性的伤害(减少自身受到的爆炸克制伤害).,防御タイプが軽装備の場合、攻撃によって受けるダメージを減少する。,效果：減少該輕型護甲防禦屬性的單位受到攻擊時，受到的爆炸攻擊屬性的傷害(減少自身受到的爆炸剋制傷害).,Decreases the damage received from attacks when defense type is Light Armor.,방어 타입이 경장갑이면 적의 공격으로 받는 대미지가 감소합니다.,ลดความเสียหายที่ได้รับเมื่อประเภทการป้องกันเป็นเกราะเบา,localization.json:BuffTooltip
07_terminology,术语,BuffTooltip.Buff_EnhanceHeavyArmorRate,效果：减少该重型装甲防御属性的单位受到攻击时，受到的贯通攻击属性的伤害(减少自身受到的贯通克制伤害).,防御タイプが重装甲の場合、攻撃によって受けるダメージを減少する。,效果：減少該重型裝甲防禦屬性的單位受到攻擊時，受到的貫通攻擊屬性的傷害(減少自身受到的貫通剋制傷害).,Decreases the damage received from attacks when defense type is Heavy Armor.,방어 타입이 중장갑이면 적의 공격으로 받는 대미지가 감소합니다.,ลดความเสียหายที่ได้รับเมื่อประเภทการป้องกันเป็นเกราะหนัก,localization.json:BuffTooltip
07_terminology,术语,BuffTooltip.Buff_EnhanceUnarmedRate,效果：减少该神秘装甲防御属性的单位受到攻击时，受到的神秘攻击属性的伤害(减少自身受到的神秘克制伤害).,防御タイプが特殊装甲の場合、攻撃によって受けるダメージを減少する。,效果：減少該神秘裝甲防禦屬性的單位受到攻擊時，受到的神秘攻擊屬性的傷害(減少自身受到的神秘剋制傷害).,Decreases the damage received from attacks when defense type is Special Armor.,방어 타입이 특수장갑이면 적의 공격으로 받는 대미지가 감소합니다.,ลดความเสียหายที่ได้รับเมื่อประเภทการป้องกันเป็นเกราะพิเศษ,localization.json:BuffTooltip
07_terminology,术语,BuffTooltip.Buff_ExtendBuffDuration,效果：增加该单位对自身或友方单位赋予增益状态时，增益状态的持续时间.,自分や味方に付与するバフの持続時間を増加する。,效果：增加該單位對自身或友方單位賦予增益狀態時，增益狀態的持續時間.,Increases the duration of buffs granted to self and allies.,자신이나 아군들에게 부여하는 이로운 효과의 지속시간이 증가합니다.,เพิ่มระยะเวลาของบัพที่ใช้กับตัวเองและฝ่ายเรา,localization.json:BuffTooltip
07_terminology,术语,BuffTooltip.Buff_ExtendDebuffDuration,效果：增加该单位对敌方单位施加减益状态时，减益状态的持续时间.,敵に付与するデバフの持続時間を増加する。,效果：增加該單位對敵方單位施加減益狀態時，減益狀態的持續時間.,Increases the duration of debuffs inflicted on enemies.,적에게 부여하는 해로운 효과의 지속시간이 증가합니다.,เพิ่มระยะเวลาของเอฟเฟกต์อันตรายที่ใช้ใส่ฝ่ายศัตรู,localization.json:BuffTooltip
07_terminology,术语,BuffTooltip.Buff_ExtendCrowdControlDuration,效果：增加该单位对敌方单位施加群控状态时，群控状态的持续时间.,敵に付与するCC状態の持続時間を増加する。,效果：增加該單位對敵方單位施加群控狀態時，群控狀態的持續時間.,Increases the duration of Crowd Control effects inflicted on enemies.,적에게 부여하는 군중제어 효과의 지속시간이 증가합니다.,เพิ่มระยะเวลาของเอฟเฟกต์กดขี่ที่ใช้ใส่ฝ่ายศัตรู,localization.json:BuffTooltip
07_terminology,术语,BuffTooltip.Buff_HealByHit_Damaged,效果：该单位受到攻击时，每受到1次伤害则回复1次生命值.,攻撃によってダメージを受けるたびにHPを回復する。,效果：該單位受到攻擊時，每受到1次傷害則回復1次生命值.,Restores HP each time damage is taken from an attack.,공격을 받을때마다 HP를 회복합니다.,ฟื้นฟู HP เมื่อได้รับความเสียหายจากการโจมตี,localization.json:BuffTooltip
07_terminology,术语,BuffTooltip.Buff_HealEffectiveness,效果：增加该单位受到回复时，回复的生命值.,このキャラクターを対象とした回復効果によるHP回復量を増加する。,效果：增加該單位受到回復時，回復的生命值.,Increases the amount of HP restored from healing abilities that target this character.,이 캐릭터를 대상으로 하는 치유 능력으로 회복되는 HP가 증가합니다.,เพิ่มจำนวน HP ที่ฟื้นฟูจากความสามารถรักษา,localization.json:BuffTooltip
07_terminology,术语,BuffTooltip.Buff_HealPower,效果：增加该单位造成回复时，回复的生命值；增加该单位赋予护盾时，护盾可吸收的伤害量.,回復効果によるHP回復量やシールド効果が緩和するダメージ量を増加する。,效果：增加該單位造成回復時，回復的生命值；增加該單位賦予護盾時，護盾可吸收的傷害量.,"Increases the amount of HP restored by healing abilities, and damage absorbed by barrier abilities.",이 캐릭터가 사용하는 치유 능력의 HP 회복량과 보호막 능력의 내구도가 증가합니다.,เพิ่มจำนวน HP ที่ฟื้นฟูจากความสามารถรักษาและความเสียหายที่ความสามารถบาเรียดูดซับได้,localization.json:BuffTooltip
07_terminology,术语,BuffTooltip.Buff_HIT,效果：减少该单位进行攻击时，攻击被闪避的概率.,攻撃時にMISSが発生する確率を減少する。,效果：減少該單位進行攻擊時，攻擊被迴避的機率.,Decreases the chance of missing when attacking.,공격이 명중할 확률이 증가합니다.,ลดโอกาสที่จะโจมตีไม่โดนเป้าหมายลง,localization.json:BuffTooltip
07_terminology,术语,BuffTooltip.Buff_MAXHP,效果：增加该单位的最大生命值.,最大HPを増加する。,效果：增加該單位的最大生命值.,Increases maximum HP.,최대 HP가 증가합니다.,เพิ่มจำนวน HP สูงสุด,localization.json:BuffTooltip
07_terminology,术语,BuffTooltip.Buff_MoveSpeed,效果：增加该单位的移动速度.,移動速度を増加する。,效果：增加該單位的移動速度.,Increases movement speed.,이동속도가 증가합니다.,เพิ่มความเร็วเคลื่อนที่,localization.json:BuffTooltip
07_terminology,术语,BuffTooltip.Buff_OppressionPower,效果：增加该单位成功施加群控状态的概率.,CC状態を付与する確率を増加する。,效果：增加該單位成功施加群控狀態的機率.,Increases the chance of successfully inflicting Crowd Control effects.,군중제어 효과를 적에게 부여할 확률이 증가합니다.,เพิ่มโอกาสในการส่งผลเอฟเฟกต์กดขี่สำเร็จ,localization.json:BuffTooltip
07_terminology,术语,BuffTooltip.Buff_OppressionResist,效果：减少该单位被成功施加群控状态的概率.,CC状態を付与される確率を減少する。,效果：減少該單位被成功施加群控狀態的機率.,Decreases the chance of being inflicting with Crowd Control effects.,적의 군중제어 효과에 당할 확률이 감소합니다.,ลดโอกาสในการได้รับผลจากเอฟเฟกต์กดขี่,localization.json:BuffTooltip
07_terminology,术语,BuffTooltip.Buff_Penetration,效果：增加该单位进行攻击时，无视目标防御力的值.,攻撃時に無視される敵の防御力の量を増加する。,效果：增加該單位進行攻擊時，無視目標防禦力的值.,Increases the amount of enemy defense that will be ignored by attacks.,공격할 때 적의 방어력을 더 많이 관통합니다.,เพิ่มจำนวนค่าป้องกันที่จะไม่สนใจในการโจมตี,localization.json:BuffTooltip
07_terminology,术语,BuffTooltip.Buff_Range,效果：增加该单位可进行普通攻击的最远距离.,通常攻撃が行える距離を増加する。,效果：增加該單位可進行普通攻擊的最遠距離.,Increases the distance from which Normal Attacks can be performed.,일반 공격의 사거리가 증가합니다.,เพิ่มระยะในการโจมตีทั่วไป,localization.json:BuffTooltip
07_terminology,术语,BuffTooltip.Buff_Shield,效果：吸收该单位受到的绝大多数种类的伤害.,一定量のダメージを緩和する。,效果：吸收該單位受到的絕大多數種類的傷害.,Absorbs a set amount of damage.,일정량의 대미지를 흡수합니다.,ดูดซับความเสียหายที่ได้รับเป็นจำนวนหนึ่ง,localization.json:BuffTooltip
07_terminology,术语,BuffTooltip.Buff_Stability,效果：增加该单位造成伤害时，决定伤害量的伤害浮动区间的左端点的值.,乱数による与ダメージの下限を増加する。,效果：增加該單位造成傷害時，影響傷害量的傷害浮動區間的左端點的值.,Increases the minimum damage dealt by attacks due to random damage variance.,안정치가 증가해 공격이 더 높은 대미지를 줄 확률이 증가합니다.,เพิ่มความเสียหายขั้นต่ำที่สามารถทำได้ในการโจมตี,localization.json:BuffTooltip
07_terminology,术语,BuffTooltip.Buff_EnhanceExDamageRate,效果：增加该单位通过EX技能造成伤害时，造成的伤害的量.,EXスキルが与えるダメージを増加する,效果：增加該單位透過EX技能造成傷害時，造成的傷害的量.,Increases the amount of damage dealt by EX Skills.,EX 스킬이 가하는 대미지가 증가합니다.,เพิ่มความเสียหายของสกิล EX ที่สามารถทำได้ขึ้นเป็นเปอร์เซ็นต์,localization.json:BuffTooltip
07_terminology,术语,BuffTooltip.Debuff_AmmoCount,效果：减少该单位进行普通攻击时，一发弹匣可供消耗的弹药数(即载弹量)的最大值.,通常攻撃に使用する武器の最大装弾数を減少する。,效果：減少該單位進行普通攻擊時，一發彈匣可供消耗的彈藥數(即載彈量)的最大值.,Decreases the maximum amount of weapon ammunition used by Normal Attacks.,일반 공격에 사용되는 무기의 장탄수가 감소합니다.,ลดจำนวนกระสุนสูงสุดของอาวุธในการโจมตีปกติ,localization.json:BuffTooltip
07_terminology,术语,BuffTooltip.Debuff_ATK,效果：减少该单位造成的以攻击力为基准的伤害的量.,攻撃が与えるダメージを減少する。,效果：減少該單位造成的以攻擊力為基準的傷害的量.,Decreases the amount of damage dealt by attacks.,공격으로 가하는 대미지가 감소합니다.,ลดความเสียหายของการโจมตี,localization.json:BuffTooltip
07_terminology,术语,BuffTooltip.Debuff_AttackSpeed,效果：增加該單位普通攻擊和換彈的速度. ※ (vue版)具體影響範圍詳見屬性面板詳情內對攻速一欄的描述.,通常攻撃とリロードの速度を減少し攻撃ディレイを増加する。,效果：減少該單位普通攻擊和換彈的速度. ※ (vue版)具體影響範圍詳見屬性面板詳情內對攻速一欄的描述.,"Decreases the speed of Normal Attacks and reloads, and increases attack delay.","일반 공격 속도와 재장전 속도가 감소하고, 공격 딜레이가 증가합니다.","ลดความเร็วการโจมตี, รีโหลดและเพิ่มดีเลย์ในการโจมตี",localization.json:BuffTooltip
07_terminology,术语,BuffTooltip.Debuff_BlockRate,效果：减少该单位处于掩体掩护下时，成功格挡受到的攻击的概率.,遮蔽物使用時にブロックに成功する確率を減少する。,效果：減少該單位處於掩體掩護下時，成功格擋受到的攻擊的機率.,Decreases the chance of successfully blocking attacks when taking cover.,엄폐중일 때 피해를 막아낼 확률이 감소합니다.,ลดโอกาสกำบังสำเร็จเมื่ออยู่ในกำบัง,localization.json:BuffTooltip
07_terminology,术语,BuffTooltip.Debuff_Burn,效果：令该单位以一定时间间隔受到烧伤的持续伤害. ※ 该持续伤害无法暴击.,一定間隔で火傷ダメージを受ける。このダメージでは会心は発生しない。,效果：令該單位以一定時間間隔受到燒傷的持續傷害. ※ 該持續傷害無法暴擊.,Continuously receives Burn damage at set intervals. This damage cannot critically hit.,지속적으로 정해진 주기마다 화상 대미지를 받습니다. 이 대미지는 치명타가 적용되지 않습니다.,ได้รับความเสียหายเผาไหม้ต่อเนื่อง<br>ความเสียหายนี้ไม่สามารถติดคริติคอลได้,localization.json:BuffTooltip
07_terminology,术语,BuffTooltip.Debuff_Cheerleading,效果：令该单位以一定时间间隔受到持续伤害. ※ 该持续伤害无法暴击.,一定間隔でダメージを受ける。このダメージでは会心は発生しない。,效果：令該單位以一定時間間隔受到持續傷害. ※ 該持續傷害無法暴擊.,Continuously receives damage at set intervals. This damage cannot critically hit.,지속적으로 정해진 주기마다 대미지를 받습니다. 이 대미지는 치명타가 적용되지 않습니다.,ได้รับความเสียหายเสียงเชียร์เร่าร้อนต่อเนื่อง<br>ความเสียหายนี้ไม่สามารถติดคริติคอลได้,localization.json:BuffTooltip
07_terminology,术语,BuffTooltip.Debuff_Chill,效果：令该单位以一定时间间隔受到恶寒的持续伤害. ※ 该持续伤害无法暴击.,一定間隔で悪寒ダメージを受ける。このダメージでは会心は発生しない。,效果：令該單位以一定時間間隔受到惡寒的持續傷害. ※ 該持續傷害無法暴擊.,Continuously receives Chill damage at set intervals. This damage cannot critically hit.,지속적으로 정해진 주기마다 오한 대미지를 받습니다. 이 대미지는 치명타가 적용되지 않습니다.,ได้รับความเสียหายหนาวสั่นต่อเนื่อง<br>ความเสียหายนี้ไม่สามารถติดคริติคอลได้,localization.json:BuffTooltip
07_terminology,术语,BuffTooltip.Debuff_ConcentratedTarget,效果：被动令该单位成为敌方单位优先攻击的目标.,敵の攻撃の優先目標になる。,效果：被動令該單位成為敵方單位優先攻擊的目標.,Becomes the priority target of enemies' attacks.,적들의 공격의 우선 목표가 됩니다.,เป็นเป้าหมายหลักในการโจมตีของศัตรู,localization.json:BuffTooltip
07_terminology,术语,BuffTooltip.Debuff_CostChange,效果：增加该单位使用EX技能时需消耗的COST.,EXスキルの使用に必要なコストを増加する。,效果：增加該單位使用EX技能時需消耗的COST.,Increases the amount of skill cost required for using the EX Skill.,EX 스킬을 사용할 때 필요한 코스트가 증가합니다.,เพิ่มจำนวนค่าใช้สกิล EX ที่ต้องการในการใช้สกิล EX,localization.json:BuffTooltip
07_terminology,术语,BuffTooltip.Debuff_CostRegen,效果：减少该单位产生COST的速率.,コスト回復速度を減少する。,效果：減少該單位產生COST的速率.,Decreases the rate at which skill cost is recovered.,스킬 코스트가 회복되는 속도가 감소합니다.,ลดความเร็วในการฟื้นฟูค่าใช้สกิล EX,localization.json:BuffTooltip
07_terminology,术语,BuffTooltip.Debuff_CriticalChance,效果：减少该单位进行攻击时，造成暴击伤害的概率.,攻撃時に会心攻撃が発生する確率を減少する。,效果：減少該單位進行攻擊時，造成暴擊傷害的機率.,Decreases the chance of landing a critical hit when attacking.,공격할 때 치명타를 성공할 확률이 감소합니다.,ลดโอกาสโจมตีติดคริติคอล,localization.json:BuffTooltip
07_terminology,术语,BuffTooltip.Debuff_CriticalChanceResistPoint,效果：增加该单位受到攻击时，伤害暴击的概率.,被攻撃時に会心攻撃を受ける確率を増加する。,效果：增加該單位受到攻擊時，傷害暴擊的機率.,Increases the chance of receiving a critical hit when being attacked.,공격받을 때 적이 치명타를 성공할 확률이 증가합니다.,เพิ่มโอกาสถูกโจมตีติดคริติคอล,localization.json:BuffTooltip
07_terminology,术语,BuffTooltip.Debuff_CriticalDamage,效果：减少该单位造成暴击伤害时，造成的伤害的量.,会心攻撃が与えるダメージを減少する。,效果：減少該單位造成暴擊傷害時，造成的傷害的量.,Decreases the damage dealt by critical hits.,치명타로 가하는 대미지가 감소합니다.,ลดความเสียหายของการโจมตีคริติคอล,localization.json:BuffTooltip
07_terminology,术语,BuffTooltip.Debuff_CriticalDamageRateResist,效果：增加该单位受到暴击伤害时，受到的伤害的量.,会心攻撃によって受けるダメージを増加する。,效果：增加該單位受到暴擊傷害時，受到的傷害的量.,Increases the damage received from critical hits.,치명타로 받는 대미지가 증가합니다.,เพิ่มความเสียหายของการถูกโจมตีคริติคอล,localization.json:BuffTooltip
07_terminology,术语,BuffTooltip.Debuff_DamageByHit_Damaged,效果：该单位受到攻击时，受到额外伤害.,攻撃された時に追加ダメージを受ける。,效果：該單位受到攻擊時，受到額外傷害.,Receives additional damage when being attacked.,공격받을 때 추가로 대미지를 받습니다.,ได้รับความเสียหายเพิ่มเติมทุกครั้งที่ถูกโจมตี,localization.json:BuffTooltip
07_terminology,术语,BuffTooltip.Debuff_DamagedRatio,效果：增加该单位受到的绝大多数种类的伤害.,すべての被ダメージを一定の割合増加する。,效果：增加該單位受到的絕大多數種類的傷害.,Increases all incoming damage by a percentage amount.,받는 모든 대미지가 정해진 비율만큼 증가합니다.,เพิ่มความเสียหายที่ได้รับขึ้นเป็นเปอร์เซ็นต์,localization.json:BuffTooltip
07_terminology,术语,BuffTooltip.Debuff_DamageRatio,效果：减少该单位造成的绝大多数种类的伤害.,すべての与ダメージを一定の割合減少する。,效果：減少該單位造成的絕大多數種類的傷害.,Decreases all damage dealt by a percentage amount.,가하는 모든 대미지가 정해진 비율만큼 감소합니다.,ลดความเสียหายที่ทำได้ลงเป็นเปอร์เซ็นต์,localization.json:BuffTooltip
07_terminology,术语,BuffTooltip.Debuff_DEF,效果：增加该单位受到攻击时，受到的伤害.,攻撃によって受けるダメージを増加する。,效果：增加該單位受到攻擊時，受到的傷害.,Increases the damage received from attacks.,방어력이 감소해 받는 대미지가 증가합니다.,เพิ่มความเสียหายเมื่อถูกโจมตี,localization.json:BuffTooltip
07_terminology,术语,BuffTooltip.Debuff_Dodge,效果：减少该单位受到攻击时，成功闪避攻击的概率.,攻撃を回避する確率を減少する。,效果：減少該單位受到攻擊時，成功迴避攻擊的機率.,Decreases the chance of successfully evading attacks.,적의 공격을 회피할 확률이 감소합니다.,ลดโอกาสหลบหลีกการโจมตีได้สำเร็จ,localization.json:BuffTooltip
07_terminology,术语,BuffTooltip.Debuff_EnhanceExplosionRate,效果：减少该单位对轻型护甲防御属性的目标攻击时，造成的爆炸攻击属性的伤害(减少自身造成的爆炸克制伤害).,軽装備の対象に爆発タイプの攻撃を行う際のダメージ倍率を減少する。,效果：減少該單位對輕型護甲防禦屬性的目標攻擊時，造成的爆炸攻擊屬性的傷害(減少自身造成的爆炸剋制傷害).,Decreases the damage bonus when dealing Explosive type attacks against Light Armor targets.,폭발 특효 수치(경장갑 적을 상대로 폭발 타입 공격을 할 때 적용되는 대미지 보너스)가 감소합니다.,ลดความเสียหายของการโจมตีประเภทระเบิดเมื่อโจมตีใส่เป้าหมายที่มีเกราะเบา,localization.json:BuffTooltip
07_terminology,术语,BuffTooltip.Debuff_EnhancePierceRate,效果：减少该单位对重型装甲防御属性的目标攻击时，造成的贯通攻击属性的伤害(减少自身造成的贯通克制伤害).,重装甲の対象に貫通タイプの攻撃を行う際のダメージ倍率を減少する。,效果：減少該單位對重型裝甲防禦屬性的目標攻擊時，造成的貫通攻擊屬性的傷害(減少自身造成的貫通剋制傷害).,Decreases the damage bonus when dealing Piercing type attacks against Heavy Armor targets.,관통 특효 수치(중장갑 적을 상대로 관통 타입 공격을 할 때 적용되는 대미지 보너스)가 감소합니다.,ลดความเสียหายของการโจมตีประเภทเจาะเกราะเมื่อโจมตีใส่เป้าหมายที่มีเกราะหนัก,localization.json:BuffTooltip
07_terminology,术语,BuffTooltip.Debuff_EnhanceMysticRate,效果：减少该单位对特殊装甲防御属性的目标攻击时，造成的神秘攻击属性的伤害(减少自身造成的神秘克制伤害).,特殊装甲の対象に神秘タイプの攻撃を行う際のダメージ倍率を減少する。,效果：減少該單位對特殊裝甲防禦屬性的目標攻擊時，造成的神秘攻擊屬性的傷害(減少自身造成的神秘剋制傷害).,Decreases the damage bonus when dealing Mystic type attacks against Special Armor targets.,신비 특효 수치(특수장갑 적을 상대로 신비 타입 공격을 할 때 적용되는 대미지 보너스)가 감소합니다.,ลดความเสียหายของการโจมตีประเภทลึกลับเมื่อโจมตีใส่เป้าหมายที่มีเกราะพิเศษ,localization.json:BuffTooltip
07_terminology,术语,BuffTooltip.Debuff_EnhanceSonicRate,效果：减少该单位对弹性装甲防御属性的目标攻击时，造成的振动攻击属性的伤害(减少自身造成的振动克制伤害).,弾力装甲の対象に振動タイプの攻撃を行う際のダメージ倍率を減少する。,效果：減少該單位對彈性裝甲防禦屬性的目標攻擊時，造成的振動攻擊屬性的傷害(減少自身造成的振動剋制傷害).,Decreases the damage bonus when dealing Sonic type attacks against Elastic Armor targets.,진동 특효 수치(탄력장갑 적을 상대로 진동 타입 공격을 할 때 적용되는 대미지 보너스)가 감소합니다.,ลดความเสียหายของการโจมตีประเภทสั่นสะเทือนเมื่อโจมตีใส่เป้าหมายที่มีเกราะยืดหยุ่น,localization.json:BuffTooltip
07_terminology,术语,BuffTooltip.Debuff_EnhanceLightArmorRate,效果：减少该轻型护甲防御属性的单位受到攻击时，受到的爆炸攻击属性的伤害(减少自身受到的爆炸克制伤害).,防御タイプが軽装備の場合、攻撃によって受けるダメージを増加する。,效果：減少該輕型護甲防禦屬性的單位受到攻擊時，受到的爆炸攻擊屬性的傷害(減少自身受到的爆炸剋制傷害).,Increases the damage received from attacks when defense type is Light Armor.,방어 타입이 경장갑이면 적의 공격으로 받는 대미지가 증가합니다.,เพิ่มความเสียหายที่ได้รับเมื่อประเภทการป้องกันเป็นเกราะเบา,localization.json:BuffTooltip
07_terminology,术语,BuffTooltip.Debuff_EnhanceHeavyArmorRate,效果：减少该重型装甲防御属性的单位受到攻击时，受到的贯通攻击属性的伤害(减少自身受到的贯通克制伤害).,防御タイプが重装甲の場合、攻撃によって受けるダメージを増加する。,效果：減少該重型裝甲防禦屬性的單位受到攻擊時，受到的貫通攻擊屬性的傷害(減少自身受到的貫通剋制傷害).,Increases the damage received from attacks when defense type is Heavy Armor.,방어 타입이 중장갑이면 적의 공격으로 받는 대미지가 증가합니다.,เพิ่มความเสียหายที่ได้รับเมื่อประเภทการป้องกันเป็นเกราะหนัก,localization.json:BuffTooltip
07_terminology,术语,BuffTooltip.Debuff_EnhanceUnarmedRate,效果：减少该神秘装甲防御属性的单位受到攻击时，受到的神秘攻击属性的伤害(减少自身受到的神秘克制伤害).,防御タイプが特殊装甲の場合、攻撃によって受けるダメージを増加する。,效果：減少該神秘裝甲防禦屬性的單位受到攻擊時，受到的神秘攻擊屬性的傷害(減少自身受到的神秘剋制傷害).,Increases the damage received from attacks when defense type is Special Armor.,방어 타입이 특수장갑이면 적의 공격으로 받는 대미지가 증가합니다.,เพิ่มความเสียหายที่ได้รับเมื่อประเภทการป้องกันเป็นเกราะพิเศษ,localization.json:BuffTooltip
07_terminology,术语,BuffTooltip.Debuff_HealedLimit,效果：限制该单位受到回复时，单次回复生命值的最大值.,回復スキルによるHP回復量を制限する。,效果：限制該單位受到回復時，單次回復生命值的最大值.,Limits the amount of HP healing abilities will restore.,치유 능력으로 회복되는 HP가 제한됩니다.,จำกัดจำนวน HP ที่ฟื้นฟูจากความสามารถรักษา,localization.json:BuffTooltip
07_terminology,术语,BuffTooltip.Debuff_HealEffectiveness,效果：减少该单位受到回复时，回复的生命值.,このキャラクターを対象とした回復効果によるHP回復量を減少する。,效果：減少該單位受到回復時，回復的生命值.,Decreases the amount of HP restored from healing abilities that target this character.,이 캐릭터를 대상으로 하는 치유 능력으로 회복되는 HP가 감소합니다.,ลดจำนวน HP ที่ฟื้นฟูจากความสามารถรักษา,localization.json:BuffTooltip
07_terminology,术语,BuffTooltip.Debuff_HealPower,效果：减少该单位造成回复时，回复的生命值；减少该单位赋予护盾时，护盾可吸收的伤害量.,回復効果によるHP回復量やシールド効果が緩和するダメージ量を減少する。,效果：減少該單位造成回復時，回復的生命值；減少該單位賦予護盾時，護盾可吸收的傷害量.,"Decreases the amount of HP restored by healing abilities, and damage absorbed by barrier abilities.",이 캐릭터가 사용하는 치유 능력의 HP 회복량과 보호막 능력의 내구도가 감소합니다.,ลดจำนวน HP ที่ฟื้นฟูจากความสามารถรักษาและความเสียหายที่ความสามารถบาเรียดูดซับได้,localization.json:BuffTooltip
07_terminology,术语,BuffTooltip.Debuff_Hieronymus,效果：令该单位以一定时间间隔受到持续伤害；该状态未在持续时间结束前解除时，对以该单位为中心的圆形范围内的全体同类目标造成大量伤害. ※ 该状态仅在该目标生命值回复至100%时可提前解除.,持続ダメージ状態を付与。この状態が制限時間内に解除されなかった時、その対象を中心とした円形範囲内の敵に大ダメージを与える。この状態の付与時に対象のHPが100％だった場合、または対象のHPを100％まで回復した場合にこの状態は解除される。,效果：令該單位以一定時間間隔受到持續傷害；該狀態未在持續時間結束前解除時，對以該單位為中心的圓形範圍內的全體同類目標造成大量傷害. ※ 該狀態僅在該目標生命值回復至100%時可提前解除.,Inflicts continuous damage over time. Inflicts a large amount of damage in a circular area around the target if this debuff is not removed before it expires. This debuff can only be removed by healing the afflicted to 100% HP.,지속적으로 대미지를 받습니다. 카운트가 0이 되면 주변 원형 범위에 대량의 대미지를 가합니다. 이 저주는 HP를 완전히 회복시켜야만 없앨 수 있습니다.,สร้างความเสียหายอย่างต่อเนื่อง<br>สร้างความเสียหายรุนแรงในรัศมีรอบเป้าหมายหากดีบัฟไม่ถูกล้างออกก่อนระยะเวลาดีบัฟจบลง<br>ดีบัฟสามารถถูกล้างออกด้วยการรักษาเป้าหมายให้ HP เป็น 100%,localization.json:BuffTooltip
07_terminology,术语,BuffTooltip.Debuff_HIT,效果：增加该单位进行攻击时，攻击被闪避的概率.,攻撃時にMISSが発生する確率が増加する。,效果：增加該單位進行攻擊時，攻擊被迴避的機率.,Increases the chance of missing when attacking.,공격이 명중할 확률이 감소합니다.,เพิ่มโอกาสที่จะโจมตีไม่โดนเป้าหมายขึ้น,localization.json:BuffTooltip
07_terminology,术语,BuffTooltip.Debuff_MAXHP,效果：减少该单位的最大生命值.,最大HPを減少する。,效果：減少該單位的最大生命值.,Decreases maximum HP.,최대 HP가 감소합니다.,ลดจำนวน HP สูงสุด,localization.json:BuffTooltip
07_terminology,术语,BuffTooltip.Debuff_MoveSpeed,效果：减少该单位的移动速度.,移動速度を減少する。,效果：減少該單位的移動速度.,Decreases movement speed.,이동속도가 감소합니다.,ลดความเร็วเคลื่อนที่,localization.json:BuffTooltip
07_terminology,术语,BuffTooltip.Debuff_OppressionPower,效果：减少该单位成功施加群控状态的概率.,CC状態を付与する確率が減少する。,效果：減少該單位成功施加群控狀態的機率.,Decreases the chance of successfully inflicting Crowd Control effects.,군중제어 효과를 적에게 부여할 확률이 감소합니다.,ลดโอกาสในการส่งผลเอฟเฟกต์กดขี่สำเร็จ,localization.json:BuffTooltip
07_terminology,术语,BuffTooltip.Debuff_OppressionResist,效果：减少该单位被成功施加群控状态的概率.,CC状態を付与される確率が増加する。,效果：減少該單位被成功施加群控狀態的機率.,Increases the chance of being inflicting with Crowd Control effects.,적의 군중제어 효과에 당할 확률이 증가합니다.,เพิ่มโอกาสในการได้รับผลจากเอฟเฟกต์กดขี่,localization.json:BuffTooltip
07_terminology,术语,BuffTooltip.Debuff_Penetration,效果：减少该单位进行攻击时，无视目标防御力的值.,攻撃時に無視される敵の防御力の量が減少する。,效果：減少該單位進行攻擊時，無視目標防禦力的值.,Decreases the amount of enemy defense that will be ignored by attacks.,공격할 때 적의 방어력을 덜 관통합니다.,ลดจำนวนค่าป้องกันที่จะไม่สนใจในการโจมตี,localization.json:BuffTooltip
07_terminology,术语,BuffTooltip.Debuff_Poison,效果：令该单位以一定时间间隔受到中毒的持续伤害. ※ 该持续伤害无法暴击.,一定間隔で中毒ダメージを受ける。このダメージでは会心は発生しない。,效果：令該單位以一定時間間隔受到中毒的持續傷害. ※ 該持續傷害無法暴擊.,Continuously receives poison damage at set intervals. This damage cannot critically hit.,지속적으로 정해진 주기마다 중독 대미지를 받습니다. 이 대미지는 치명타가 적용되지 않습니다.,ได้รับความเสียหายพิษต่อเนื่อง<br>ความเสียหายนี้ไม่สามารถติดคริติคอลได้,localization.json:BuffTooltip
07_terminology,术语,BuffTooltip.Debuff_Range,效果：减少该单位可进行普通攻击的最远距离.,通常攻撃を行える距離が減少する。,效果：減少該單位可進行普通攻擊的最遠距離.,Decreases the distance from which Normal Attacks can be performed.,일반 공격의 사거리가 감소합니다.,ลดระยะในการโจมตีทั่วไป,localization.json:BuffTooltip
07_terminology,术语,BuffTooltip.Debuff_ElectricShock,效果：令该单位以一定时间间隔受到触电的持续伤害. ※ 该持续伤害无法暴击.,一定の間隔で感電ダメージを受ける。このダメージでは会心は発生しない。,效果：令該單位以一定時間間隔受到觸電的持續傷害. ※ 該持續傷害無法暴擊.,Continuously receives Electric Shock damage at set intervals. This damage cannot critically hit.,지속적으로 정해진 주기마다 감전 대미지를 받습니다. 이 대미지는 치명타가 적용되지 않습니다.,ได้รับความเสียหายไฟฟ้าช็อตต่อเนื่อง<br>ความเสียหายนี้ไม่สามารถติดคริติคอลได้,localization.json:BuffTooltip
07_terminology,术语,BuffTooltip.Debuff_Stability,效果：减少该单位造成伤害时，影响伤害量的伤害浮动区间的左端点的值.,乱数による与ダメージの下限が低下する。,效果：減少該單位造成傷害時，影響傷害量的傷害浮動區間的左端點的值.,Decreases the minimum damage dealt by attacks due to random damage variance.,안정 수치가 감소해 공격이 더 높은 대미지를 줄 확률이 감소합니다.,ลดความเสียหายขั้นต่ำที่สามารถทำได้ในการโจมตี,localization.json:BuffTooltip
07_terminology,术语,BuffTooltip.Debuff_EnhanceExDamageRate,效果：减少该单位通过EX技能造成伤害时，造成的伤害的量.,EXスキルが与えるダメージを減少する,效果：減少該單位透過EX技能造成傷害時，造成的傷害的量.,Decreases the amount of damage dealt by EX Skills.,EX 스킬이 가하는 대미지가 감소합니다.,ลดความเสียหายของสกิล EX ที่สามารถทำได้ลงเป็นเปอร์เซ็นต์,localization.json:BuffTooltip
07_terminology,术语,BuffTooltip.Debuff_BurnDamagedIncrease,效果：增加该单位受到的来自烧伤减益状态的伤害.,Increases the continuous damage received by Burn debuffs.,效果：增加該單位受到的來自燒傷減益狀態的傷害.,Increases the continuous damage received by Burn debuffs.,화상 디버프가 가하는 지속 대미지가 증가합니다.,เพิ่มความเสียหายเผาไหม้ที่ได้รับ,localization.json:BuffTooltip
07_terminology,术语,BuffTooltip.Debuff_ChillDamagedIncrease,效果：增加该单位受到的来自恶寒减益状态的伤害.,Increases the continuous damage received by Chill debuffs.,效果：增加該單位受到的來自惡寒減益狀態的傷害.,Increases the continuous damage received by Chill debuffs.,오한 디버프가 가하는 지속 대미지가 증가합니다.,เพิ่มความเสียหายหนาวสั่นที่ได้รับ,localization.json:BuffTooltip
07_terminology,术语,BuffTooltip.Debuff_ElectricShockDamagedIncrease,效果：增加该单位受到的来自触电减益状态的伤害.,Increases the continuous damage received by Shock debuffs.,效果：增加該單位受到的來自觸電減益狀態的傷害.,Increases the continuous damage received by Shock debuffs.,감전 디버프가 가하는 지속 대미지가 증가합니다.,เพิ่มความเสียหายไฟฟ้าช็อตที่ได้รับ,localization.json:BuffTooltip
07_terminology,术语,BuffTooltip.Debuff_PoisonDamagedIncrease,效果：增加该单位受到的来自中毒减益状态的伤害.,Increases the continuous damage received by Poison debuffs.,效果：增加該單位受到的來自中毒減益狀態的傷害.,Increases the continuous damage received by Poison debuffs.,중독 디버프가 가하는 지속 대미지가 증가합니다.,เพิ่มความเสียหายพิษที่ได้รับ,localization.json:BuffTooltip
07_terminology,术语,BuffTooltip.CC_Fear,效果：令该单位无法进行一切主动行为(普通攻击、需要主动触发/使用的技能等)，并打断一切被施加该状态时正在进行的主动行为；逐渐远离对该单位施加该状态的单位.,行動不能になり恐怖を付与してきた対象からゆっくりと遠ざかる。発生中のスキルも妨害される。,效果：令該單位無法進行一切主動行為(普通攻擊、需要主動觸發/使用的技能等)，並打斷一切被施加該狀態時正在進行的主動行為；逐漸遠離對該單位施加該狀態的單位.,Unable to act and will slowly move away from whoever inflicted fear on them. Also interrupts any active skills.,어떤 행동도 할 수 없으며 공포를 부여한 대상으로부터 느리게 도망칩니다. 사용 중인 스킬이 취소됩니다.,ไม่สามารถตอบสนองได้และจะค่อยๆ เคลื่อนที่ออกจากคนที่ส่งผลเอฟเฟกต์กลัว นอกจากนี้การใช้งานสกิลทั้งหมดจะถูกยกเลิก,localization.json:BuffTooltip
07_terminology,术语,BuffTooltip.CC_Stunned,效果：令该单位无法进行一切主动行为(普通攻击、需要主动触发/使用的技能等)，并打断一切被施加该状态时正在进行的主动行为.,行動不能になり発生中のスキルが妨害される。,效果：令該單位無法進行一切主動行為(普通攻擊、需要主動觸發/使用的技能等)，並打斷一切被施加該狀態時正在進行的主動行為.,Unable to act and interrupts any active skills.,어떤 행동도 할 수 없으며 사용 중인 스킬이 취소됩니다.,ไม่สามารถตอบสนองได้ นอกจากนี้การใช้งานสกิลทั้งหมดจะถูกยกเลิก,localization.json:BuffTooltip
07_terminology,术语,BuffTooltip.CC_Provoke,效果：强制将该单位的攻击目标转为施加该状态的单位，并打断一切被施加该状态时正在进行的主动行为；无法使用该单位的EX技能.,挑発状態を付与してきた対象を強制的に攻撃する。発生中のスキルも妨害される。,效果：強制將該單位的攻擊目標轉為施加該狀態的單位，並打斷一切被施加該狀態時正在進行的主動行為；無法使用該單位的EX技能.,Forced to attack whoever inflicted taunt on them. Also interrupts any active skills.,도발을 부여한 대상을 강제로 공격합니다. 사용 중인 스킬이 취소됩니다.,ถูกบังคับให้โจมตีใส่คนที่ส่งผลเอฟเฟกต์ยั่วยุ นอกจากนี้การใช้งานสกิลทั้งหมดจะถูกยกเลิก,localization.json:BuffTooltip
07_terminology,术语,BuffTooltip.CC_Emp,效果：令该单位无法进行一切主动行为(普通攻击、需要主动触发/使用的技能等)，并打断一切被施加该状态时正在进行的主动行为.,行動不能になり発生中のスキルが妨害される。,無法行動並打斷任何主動技能。,Unable to act and interrupts any active skills.,어떤 행동도 할 수 없으며 사용 중인 스킬이 취소됩니다.,ไม่สามารถตอบสนองได้ นอกจากนี้การใช้งานสกิลทั้งหมดจะถูกยกเลิก,localization.json:BuffTooltip
07_terminology,术语,BuffTooltip.CC_Confusion,效果：令该单位攻击友方单位而非敌方单位，并打断一切被施加该状态时正在进行的主动行为；无法使用该目标的EX技能牌.,敵ではなく味方を攻撃する。さらに発生中のスキルが妨害される。,效果：令該單位攻擊友方單位而非敵方單位，並打斷一切被施加該狀態時正在進行的主動行為；無法使用該目標的EX技能牌.,Attacks allies instead of enemies. Also interrupts any active skills.,적 대신 아군을 공격합니다. 또한 사용 중인 스킬이 취소됩니다.,เปลี่ยนเป้าหมายของการโจมตีทั่วไปเป็นฝ่ายเดียวกันแทน นอกจากนี้การใช้งานสกิลทั้งหมดจะถูกยกเลิก,localization.json:BuffTooltip
07_terminology,术语,BuffTooltip.Special_EnergyBatteryEmpty,[特殊状态 爱丽丝] 爱丽丝EX技能与子技能的特殊状态效果. ※ 爱丽丝使用EX技能后，相关特殊状态转变为该状态.,アリスのEXスキルとサブスキルの効果を1.5倍（1段階チャージ時）または2倍（2段階チャージ時）に増加する。EXスキルを使用すると初期化される。,[特殊狀態 愛麗絲] 愛麗絲EX技能與子技能的特殊狀態效果. ※ 愛麗絲使用EX技能後，相關特殊狀態轉變為該狀態.,Increases the effectiveness of Aris's EX and Sub skills by 1.5&times; (half) or 2&times; (full). Charge level resets to empty after EX skill use.,아리스의 EX 와 서브 스킬의 효과가 1.5배 / 2배 증가합니다. EX 스킬을 사용하면 충전된 에너지가 모두 소모됩니다.,เพิ่มประสิทธิภาพสกิล EX และสกิลรองของอาริสึขึ้น 1.5 เท่า (ครึ่งหนึ่ง) หรือ 2 เท่า (เต็ม) ระดับการชาร์จจะถูกรีเซ็ทเป็น 0 หลังการใช้งานสกิล EX,localization.json:BuffTooltip
07_terminology,术语,BuffTooltip.Special_EnergyBatteryHalf,[特殊状态 爱丽丝] 效果：爱丽丝的EX技能与子技能的效果提升至1.5倍. ※ 爱丽丝使用EX技能后，该状态转变为无充能状态.,アリスのEXスキルとサブスキルの効果を1.5倍（1段階チャージ時）または2倍（2段階チャージ時）に増加する。EXスキルを使用すると初期化される。,[特殊狀態 愛麗絲] 效果：愛麗絲的EX技能與子技能的效果提升至1.5倍. ※ 愛麗絲使用EX技能後，該狀態轉變為無充能狀態.,Increases the effectiveness of Aris's EX and Sub skills by 1.5&times;. Charge level resets to empty after EX skill use.,아리스의 EX 와 서브 스킬의 효과가 1.5배 / 2배 증가합니다. EX 스킬을 사용하면 충전된 에너지가 모두 소모됩니다.,เพิ่มประสิทธิภาพสกิล EX และสกิลรองของอาริสึขึ้น 1.5 เท่า (ครึ่งหนึ่ง) หรือ 2 เท่า (เต็ม) ระดับการชาร์จจะถูกรีเซ็ทเป็น 0 หลังการใช้งานสกิล EX,localization.json:BuffTooltip
07_terminology,术语,BuffTooltip.Special_EnergyBatteryFull,[特殊状态 爱丽丝] 效果：爱丽丝的EX技能与子技能的效果提升至2倍. ※ 爱丽丝使用EX技能后，该状态转变为无充能状态.,アリスのEXスキルとサブスキルの効果を1.5倍（1段階チャージ時）または2倍（2段階チャージ時）に増加する。EXスキルを使用すると初期化される。,[特殊狀態 愛麗絲] 效果：愛麗絲的EX技能與子技能的效果提升至2倍. ※ 愛麗絲使用EX技能後，該狀態轉變為無充能狀態.,Increases the effectiveness of Aris's EX and Sub skills by 2&times;. Charge level resets to empty after EX skill use.,아리스의 EX 와 서브 스킬의 효과가 1.5배 / 2배 증가합니다. EX 스킬을 사용하면 충전된 에너지가 모두 소모됩니다.,เพิ่มประสิทธิภาพสกิล EX และสกิลรองของอาริสึขึ้น 1.5 เท่า (ครึ่งหนึ่ง) หรือ 2 เท่า (เต็ม) ระดับการชาร์จจะถูกรีเซ็ทเป็น 0 หลังการใช้งานสกิล EX,localization.json:BuffTooltip
07_terminology,术语,BuffTooltip.Special_FormChange,效果：(普通攻击类)强化普通攻击的效果； (形态转换类)具体效果详见相应技能描述文本.,通常攻撃を強化する。,效果：(普通攻擊類)強化普通攻擊的效果； (形態轉換類)具體效果詳見相應技能描述文字.,Augments Normal Attacks.,일반 공격을 강화합니다.,เปลี่ยนรูปแบบของการโจมตีทั่วไป,localization.json:BuffTooltip
07_terminology,术语,BuffTooltip.Special_Immortal,效果：该状态持续期间，该单位可承受大多数致命攻击而不退场.,効果時間中は致死ダメージを受けても倒されずに持ちこたえる。,效果：該狀態持續期間，該單位可承受大多數致命攻擊而不退場.,Able to withstand most attacks without being defeated for the duration of the effect.,지속시간 동안 HP가 1 미만으로 감소되지 않습니다.,HP จะไม่ลดลงไปต่ำกว่า 1 จนกว่าระยะเวลาของเอฟเฟกต์จะหมดลงหรือได้รับความเสียหายพิเศษที่ไม่สนใจเอฟเฟกต์นี้,localization.json:BuffTooltip
07_terminology,术语,BuffTooltip.Special_ImmuneDamage,效果：该状态持续期间，该单位对大多数/所有类型的伤害免疫.,特定のタイプまたはすべてのタイプのダメージを無効化する。,效果：該狀態持續期間，該單位對大多數/所有種類的傷害免疫.,Immune to some or all types of incoming damage.,지속시간 동안 일부 또는 모든 대미지를 무시합니다.,ไม่ได้รับความเสียหายใดๆ,localization.json:BuffTooltip
07_terminology,术语,BuffTooltip.Special_Fury,[特殊状态 尼露] 效果：提升尼露EX技能造成的伤害.,ネルのEXスキルが与えるダメージが増加する。,[特殊狀態 寧瑠] 效果：提升寧瑠EX技能造成的傷害.,Increases the damage dealt by Neru's EX Skill.,네루의 EX 스킬로 가하는 대미지가 증가합니다.,เพิ่มความเสียหายที่ทำได้จากสกิล EX ของเนรุ,localization.json:BuffTooltip
07_terminology,术语,BuffTooltip.Special_Misdeed,[特殊状态 阿露(正月)] 效果：根据持有数量，减少阿露(正月)的防御力； 使用阿露(正月)的EX技能时，根据持有数量获得相应COST.,保有数に応じて防御力が減少し、アル（正月）がEXスキルを使用した時に保有数に応じてスキルコストを獲得する。,[特殊狀態 亞瑠(正月)] 效果：根據持有數量，減少亞瑠(正月)的防禦力； 使用亞瑠(正月)的EX技能時，根據持有數量獲得相應COST.,Decreases DEF with each stack held and generates skill cost when Aru (New Year) uses her EX Skill.,"아루(새해)의 방어력이 감소하며, EX 스킬을 사용하면 코스트를 회복합니다.",ลดค่าป้องกันต่อจำนวนที่ถือครองและคืนค่าใช้สกิล EX ให้เมื่ออารุ (ปีใหม่) ใช้สกิล EX,localization.json:BuffTooltip
07_terminology,术语,BuffTooltip.Special_LittleDevil,[特殊状态 睦月(正月)] 效果：根据持有数量，增加睦月(正月)的暴击伤害； 持有数为6时，提升睦月(正月)的普通技能造成的伤害.,保有数に応じて会心ダメージ率を増加し、6個保有されているとムツキ（正月）のノーマルスキルが与えるダメージが増加する。,[特殊狀態 無月(正月)] 效果：根據持有數量，增加無月(正月)的暴擊傷害； 持有數為6時，提升無月(正月)的基本技能造成的傷害.,Increases Crit DMG with each stack held and increases the damage dealt by Mutuski (New Year)'s Basic Skill when at 6 stacks.,"무츠키(새해)의 치명타 피해량이 증가하고, 6회 적립되면 기본 스킬이 추가 피해를 가합니다.",เพิ่มความเสียหายคริติคอลต่อจำนวนที่ถือครองและเพิ่มความเสียหายที่ทำได้จากสกิลพื้นฐานของมุทซึกิ (ปีใหม่) เมื่อซ้อนทับถึง 6 ชั้น,localization.json:BuffTooltip
07_terminology,术语,BuffTooltip.Special_Accumulation,效果：该状态持续期间，该单位承受的伤害将以一定基准蓄积，在该状态持续时间结束时对该单位造成相当于蓄积伤害量的对应属性的伤害. ※ 该蓄积伤害无法闪避、无法暴击、无视防御力，不受伤害浮动区间影响.,効果時間内にダメージ蓄積状態の対象に与えられたダメージは蓄積し、効果時間終了時に再び蓄積分のダメージを与える。,效果：該狀態持續期間，該單位承受的傷害將以一定基準蓄積，在該狀態持續時間結束時對該單位造成相當於蓄積傷害量的對應屬性的傷害. ※ 該蓄積傷害無法迴避、無法暴擊、無視防禦力，不受傷害浮動區間影響.,All damage dealt to this target for the duration of the effect will be accumulated and dealt again as an additional hit once this expires.,"이 대상이 받는 모든 대미지가 축적되어, 효과 종료시 축적량만큼 추가로 대미지를 받습니다.",ความเสียหายที่ทำใส่เป้าหมายในระยะเวลาของเอฟเฟกต์นี้จะถูกสะสมและเปลี่ยนเป็นความเสียหายเพิ่มเติมใส่เป้าหมายอีกครั้งเมื่อระยะเวลาของเอฟเฟกต์นี้จบลง,localization.json:BuffTooltip
07_terminology,术语,BuffTooltip.Special_CostRegenBan,效果：该单位的COST回复力变为0.,コスト回復力が0に減少する。,效果：該單位的COST回復力變為0.,Cost Recovery is reduced to 0.,코스트 회복력이 0으로 감소합니다.,อัตราการฟื้นฟูค่าใช้สกิล EX ถูกลดลงเป็น 0,localization.json:BuffTooltip
07_terminology,术语,BuffTooltip.Special_ImmuneCC,效果：该单位免疫所有群控状态.,すべてのCC状態にならなくなる。,效果：該單位免疫所有群控狀態.,Immune to all Crowd Control effects.,모든 군중제어 효과에 면역입니다.,ไม่ได้รับผลจากเอฟเฟกต์กดขี่ใดๆ,localization.json:BuffTooltip
07_terminology,术语,BuffTooltip.Special_SuddenDeath,效果：持有数为5枚时，对该单位造成致命伤害并令其立即退场.,5個たまると対象キャラクターに致死ダメージを与える。,效果：持有數為5枚時，對該單位造成致命傷害並令其立即退場.,A stack of 5 will deal lethal damage to the character.,이 효과가 5회 중첩되면 대상에게 치명적인 대미지를 가합니다.,"เมื่อซ้อนทับครบ 5 ชั้น, สร้างความเสียหายที่จะสังหารเป้าหมายทันที",localization.json:BuffTooltip
07_terminology,术语,BuffTooltip.Special_Stamp,[特殊状态 心奈] 效果：持有数为5个时，令除心奈外的全体友方单位EX技能COST减少，并回复心奈的生命值，随后持有数归零.,ココナが5個獲得した時、自身のHPを回復し自身を除く味方のスキルコストを1減少する。,[特殊狀態 心菜] 效果：持有數為5個時，令除心奈外的全體友方單位EX技能COST減少，並回復心奈的生命值，隨後持有數歸零.,Reduces allies' EX skill cost and restores own HP when Kokona reaches 5 stacks.,코코나의 칭찬 도장이 5회 중첩되면 아군의 EX 스킬 코스트가 감소하고 코코나의 HP가 회복됩니다.,ลดค่าใช้สกิล EX ของฝ่ายเรายกเว้นตัวเองลง 1 และฟื้นฟู HP ของตัวเองเมื่อสะสมครบ 5 ชั้น ตราชื่นชมจะถูกรีเซ็ทเป็น 0 หลังการใช้งานสกิลรอง,localization.json:BuffTooltip
07_terminology,术语,BuffTooltip.Special_Holiday,[特殊状态 (圣诞节)] 效果：增强相应单位EX技能的效果.,保有キャラクターに対する特定のEXスキルの効果を増加する。,[特殊狀態 (聖誕節)] 效果：增強相應單位EX技能的效果.,Increases the effects of certain EX skills on this character.,성야의 축복 중첩 횟수에 비례해 세리나(크리스마스)의 효과를 받은 아군의 관통 특효가 증가합니다.,เพิ่มประสิทธิภาพของสกิล EX บางสกิลที่ส่งผลกับเป้าหมายที่มีเอฟเฟกต์นี้,localization.json:BuffTooltip
07_terminology,术语,BuffTooltip.Special_SilverBullet,[特殊状态 樱子] 效果：樱子的普通攻击将额外造成伤害.,サクラコの通常攻撃を追加ダメージ効果を与えるものに強化する。,[特殊狀態 櫻子] 效果：櫻子的普通攻擊將額外造成傷害.,Augments Sakurako's normal attack to deal damage as an additional hit.,사쿠라코의 일반 공격을 강화해 공격시 별도 타격으로 추가 대미지를 가합니다.,การโจมตีทั่วไปของซากุราโกะจะสร้างความเสียหายเพิ่มเติม,localization.json:BuffTooltip
07_terminology,术语,BuffTooltip.Special_CH0187Mod,[特殊状态 时] 效果：增加时的攻击力、命中值和闪避值，并改变EX技能、普通技能和普通攻击的形式. ※ 计数3次，使用1次EX技能减1，归零后结束.,トキの攻撃力、命中値および回避値を増加し、EXスキル、ノーマルスキルおよび通常攻撃を変更する。EXスキルを3回使用すると解除される。,[特殊狀態 季] 效果：增加季的攻擊力、命中值和迴避值，並改變EX技能、基本技能和普通攻擊的形式. ※ 計數3次，使用1次EX技能減1，歸零後結束.,"Increases Toki's ATK, Accuracy and Evasion and changes her EX Skill, Basic Skill and Normal Attack pattern. Ends after using the EX Skill 3 times.","토키의 공격력, 명중 수치, 회피 수치가 증가하고 EX 스킬, 기본 스킬, 일반 공격이 변경됩니다. 변경된 EX 스킬 3회 사용시 해제됩니다.","เพิ่มค่าโจมตี, ความแม่นยำและหลบหลีกของโทคิ เปลี่ยนรูปแบบของสกิล EX และการโจมตีทั่วไปของโทคิ รวมทั้งเพิ่มความสามารถในการไม่สนค่าป้องกันของศัตรูส่วนหนึ่งให้กับสกิลพื้นฐานและสกิลรอง โหมดอาบี-เอชูฮ์จะสิ้นสุดลงเมื่อใช้งานสกิล EX ในโหมดอาบี-เอชูฮ์ครบ 3 ครั้ง",localization.json:BuffTooltip
07_terminology,术语,BuffTooltip.Special_Omamori,[特殊状态 佳代子(正月)] 效果：触发佳代子(正月)的子技能时，令拥有该状态的单位神秘克制率增加，随后移除该状态.,カヨコ（正月）のサブスキル発動時に神秘特効を増加する。,[特殊狀態 佳世子(正月)] 效果：觸發佳世子(正月)的子技能時，令擁有該狀態的單位神秘剋制率增加，隨後移除該狀態.,Increases Mystic Effectiveness upon activation of Kayoko (New Year)'s Sub Skill.,카요코(새해)의 서브 스킬이 발동되면 신비 특효가 증가합니다.,เพิ่มประสิทธิภาพความเสียหายลึกลับเมื่อสกิลรองของคาโยโกะ (ปีใหม่) ทำงาน,localization.json:BuffTooltip
07_terminology,术语,BuffTooltip.Special_Dado,[特殊状态 果穗] 效果：果穗的攻击将造成追加伤害.,カホの攻撃は追加ダメージを与える。,[特殊狀態 佳穗] 效果：佳穗的攻擊將造成追加傷害.,Kaho's attacks will deal damage as an additional hit.,카호의 공격이 추가 타격을 가해 대미지를 추가로 입힙니다.,การโจมตีของคาโฮะจะสร้างความเสียหายเพิ่มเติม,localization.json:BuffTooltip
07_terminology,术语,BuffTooltip.Special_DebuffCountGreen,效果：增加该单位承受的绝大多数种类的伤害.,被ダメージ量を増加する。,效果：增加該單位承受的絕大多數種類的傷害.,Increases Incoming Damage.,받는 대미지가 증가합니다.,เพิ่มความเสียหายที่เกรกอรีโอและผู้ประสานเสียงได้รับ,localization.json:BuffTooltip
07_terminology,术语,BuffTooltip.Special_DebuffCountYellow,效果：增加该单位承受的绝大多数种类的伤害； 增加该单位的攻击力.,被ダメージ量と攻撃力を増加する。,效果：增加該單位承受的絕大多數種類的傷害； 增加該單位的攻擊力.,Increases Incoming Damage and ATK.,받는 대미지와 공격력이 증가합니다.,เพิ่มความเสียหายที่เกรกอรีโอและผู้ประสานเสียงได้รับ เพิ่มค่าโจมตีของเกรโกริโอและผู้ประสานเสียง,localization.json:BuffTooltip
07_terminology,术语,BuffTooltip.Special_DebuffCountRed,效果：增加该单位的攻击力.,攻撃力を増加する。,效果：增加該單位的攻擊力.,Increases ATK.,공격력이 증가합니다.,เพิ่มค่าโจมตีของเกรกอรีโอและผู้ประสานเสียง,localization.json:BuffTooltip
07_terminology,术语,BuffTooltip.Special_OldBook,[特殊状态 忧(泳装)] 效果：持有数为3时，忧(泳装)使用普通技能，随后持有数归零.,3個獲得時にウイ（水着）のノーマルスキルを発動する。,[特殊狀態 憂(泳裝)] 效果：持有數為3時，憂(泳裝)使用基本技能，隨後持有數歸零.,Activates Ui (Swimsuit)'s Basic Skill when at 3 stacks.,3회 중첩시 우이(수영복)의 일반 스킬을 발동시킵니다.,เพิ่มประสิทธิภาพความเสียหายเจาะเกราะของนักเรียน Striker ฝ่ายเราทั้งหมดเมื่อสะสมครบ 3 ชิ้น เบาะแสจะถูกรีเซ็ทเป็น 0 หลังการใช้งานสกิลพื้นฐาน,localization.json:BuffTooltip
07_terminology,术语,BuffTooltip.Special_CH0089_ExtraPassive,[特殊状态 霞] 效果：计数为3时，霞使用EX技能时将对目标造成追加伤害，随后计数归零.,3個獲得した時、カスミのEXスキルの対象に追加ダメージを与える。,[特殊狀態 佳澄] 效果：計數為3時，佳澄使用EX技能時將對目標造成追加傷害，隨後計數歸零.,Deals additional damage to the target(s) of Kasumi's EX Skill when at 3 stacks.,3회 중첩되면 카스미의 EX 스킬 적중시 추가 대미지를 입힙니다.,ทำให้สกิล EX ของคาซึมิสร้างความเสียหายเพิ่มเติมอีกครั้งเมื่อครบ 3 ชั้น สว่านจะถูกรีเซ็ทเป็น 0 หลังการใช้งานสกิลรอง,localization.json:BuffTooltip
07_terminology,术语,BuffTooltip.Special_Pray,[特殊状态 紫草] 效果：每有10层计数，紫草使用EX技能时将对目标造成额外的相应暴击伤害，随后以每满10层计数为单位移除计数.,10個毎にユカリのEXスキルの対象に確定会心追加ダメージを与える。,[特殊狀態 紫] 效果：每有10層計數，紫使用EX技能時將對目標造成額外的相應暴擊傷害，隨後以每滿10層計數為單位移除計數.,Deals additional guaranteed critical damage to the target(s) of Yukari's EX Skill for every 10 stacks held.,10개마다 유카리의 EX 스킬이 추가로 확정 치명 대미지를 부여합니다.,ทำให้สกิล EX ของยูคาริการันตีสร้างความเสียหายคริเพิ่มเติม ซึ่งความรุนแรงจะเพิ่มขึ้นตามจำนวนคำภาวนาทุกๆ 10 ชั้นที่ใช้ไป,localization.json:BuffTooltip
07_terminology,术语,BuffTooltip.Special_CH0224_Public,[特殊状态 莲华] 效果：莲华攻击时造成追加伤害.,攻撃は追加ダメージを与える。,[特殊狀態 蓮華] 效果：蓮華攻擊時造成追加傷害.,Attacks will deal damage as an additional hit.,공격에 추가타로 추가 대미지를 부여합니다.,การโจมตีของเรนเกะจะสร้างความเสียหายเพิ่มเติม,localization.json:BuffTooltip
07_terminology,术语,BuffTooltip.Special_CH0225_ExtraPassive,[特殊状态 桔梗] 效果：持有数为3时，桔梗使用EX技能时将令除自身外的全体友方单位EX技能COST减少，随后持有数清零.,3個所持している時、EXスキルが味方のスキルコストを減少させる。,[特殊狀態 桔梗] 效果：持有數為3時，桔梗使用EX技能時將令除自身外的全體友方單位EX技能COST減少，隨後持有數清零.,EX Skill reduces allies' skill cost when at 3 stacks.,3개 적립 시 자신을 제외한 아군의 EX 스킬 코스트를 1 감소합니다.,"เมื่อสะสมครบ 3 ชั้น, หากคิเคียวใช้สกิล EX จะทำการลดค่าใช้สกิล EX ของฝ่ายเราทั้งหมดยกเว้นตัวเองลง 1 ฟูรินคะซันจะถูกรีเซ็ทเป็น 0 หลังการใช้งานสกิล EX ดังกล่าว",localization.json:BuffTooltip
07_terminology,术语,BuffTooltip.Special_CH0233_ExtraPassive,[特殊状态 晴(露营)] 效果：晴(露营)攻击时造成追加伤害.,攻撃は追加ダメージを与える。,[特殊狀態 晴(露營)] 效果：晴(露營)攻擊時造成追加傷害.,Attacks will deal damage as an additional hit.,공격에 추가타로 추가 대미지를 부여합니다.,การโจมตีของฮาเระจะสร้างความเสียหายเพิ่มเติม จำนวนมันเผาร้อนๆจะลดลง 1 ทุกครั้งหลังการโจมตี,localization.json:BuffTooltip
07_terminology,术语,BuffTooltip.Special_CH0231_ExtraPassive,[特殊状态 亚子(礼服)] 效果：根据计数，增加亚子(礼服)的普通技能造成的伤害.,アコ（ドレス）の攻撃力とノーマルスキルが与えるダメージが増加する。,[特殊狀態 亞子(禮服)] 效果：根據計數，增加亞子(禮服)的基本技能造成的傷害.,Increases Ako (Dress)'s ATK and the damage dealt by her Basic Skill.,"아코(드레스)의 공격력이 증가하고, 일반 스킬의 대미지가 증가합니다.",เพิ่มค่าโจมตีและความเสียหายที่ทำได้ของสกิลพื้นฐานของอาโกะ (เดรส),localization.json:BuffTooltip
07_terminology,术语,BuffTooltip.Special_CH0239_ExtraPassive,[特殊状态 佳代子(礼服)] 效果：增加佳代子(礼服)的暴击伤害； 佳代子(礼服)使用EX技能时，造成的伤害必定暴击，随后移除该状态.,カヨコ（ドレス）の会心ダメージ率が増加し、EXスキルによる攻撃を確定会心に変更する。,[特殊狀態 佳世子(禮服)] 效果：增加佳世子(禮服)的暴擊傷害； 佳世子(禮服)使用EX技能時，造成的傷害必定暴擊，隨後移除該狀態.,Increases Kayoko (Dress)'s Crit DMG and changes EX Skill to be guaranteed critical.,"카요코(드레스)의 치명 대미지가 증가하고, EX 스킬이 확정 치명으로 변경됩니다.",เพิ่มความเสียหายคริและทำให้สกิล EX ของคาโยโกะ (เดรส) การันตีสร้างความเสียหายคริแน่นอน,localization.json:BuffTooltip
07_terminology,术语,BuffTooltip.Special_EN0008_Obelisk,效果：自身无法成为赛特的愤怒的落雷的目标.,セトの憤怒による落雷の対象にならない。,效果：自身無法成為賽特的憤怒的落雷的目標.,Cannot be targeted by the Fury of Set's lightning strikes.,세트의 분노의 낙뢰의 대상으로 선정되지 않습니다.,ไม่สามารถตกเป็นเป้าหมายของสายฟ้าฟาดจากสกิลของความโกรธแค้นของเซ็ตได้,localization.json:BuffTooltip
07_terminology,术语,BuffTooltip.Special_CH0220_Public,[特殊状态 (乐队)] 效果：强化SugarRush乐队成员的各种技能的效果.,シュガーラッシュメンバーの様々なスキルを強化する。,[特殊狀態 (樂隊)] 效果：強化SugarRush樂隊成員的各種技能的效果.,Enhances various aspects of the Sugar Rush band members' skills.,슈가러시 밴드부원의 여러 스킬을 강화시킵니다.,เสริมประสิทธิภาพของสกิลบางสกิลของสมาชิกวงชูการ์ รัช,localization.json:BuffTooltip
07_terminology,术语,BuffTooltip.Special_CH0258_Public,[特殊状态 星野(临战)] 效果：持有时，减少星野(临战)的承伤率.,ホシノ（臨戦）の被ダメージを減少する。,[特殊狀態 星野(臨戰)] 效果：持有時，減少星野(臨戰)的承傷率.,Reduces damage taken by Hoshino (Armed).,호시노(무장)이 받는 대미지가 감소합니다.,ลดความเสียหายที่ได้รับของโฮชิโนะ (พร้อมรบ),localization.json:BuffTooltip
07_terminology,术语,BuffTooltip.Special_CH0263_ExtraPassive_02,[特殊状态 白子*恐怖] 效果：持有时，白子*恐怖不会退场；白子*恐怖的生命值回复至100%时，移除所有层数；持有层数达到15后，白子*恐怖立即退场.,この状態の持続中シロコ＊テラーは退却しない。この状態の持続中にHPを全て回復できなかった場合、持続終了時に退却する。,[特殊狀態 白子*恐怖] 效果：持有時，白子*恐怖不會退場；白子*恐怖的生命值回覆至100%時，移除所有層數；持有層數達到15後，白子*恐怖立即退場.,"Shiroko Terror cannot be defeated for the duration of the effect, but will be defeated once it expires if HP is not fully recovered.",이 상태가 이어지는 동안 시로코*테러는 퇴각하지 않습니다. 이 상태 중에 HP를 전부 회복하지 못하면 지속시간 후에 퇴학합니다.,ชิโรโกะ (เทอเรอร์) จะไม่ล่าถอยตราบที่เอฟเฟกต์นี้ยังมีผลอยู่ แต่จะล่าถอยทันทีที่ระยะเวลาของเอฟเฟกต์นี้หมดลงและ HP ของชิโรโกะ (เทอเรอร์) ไม่ได้รับการฟื้นฟูจนเต็ม,localization.json:BuffTooltip
07_terminology,术语,BuffTooltip.Special_CH0271_Ex,[特殊状态 智惠(旗袍)] 效果：持有时，增强智惠(旗袍)的普通技能的效果.,トモエ（チーパオ）のノーマルスキルの効果を増加する。,[特殊狀態 智惠(旗袍)] 效果：持有時，增強智惠(旗袍)的基本技能的效果.,Increases the effect of Tomoe (Qipao)'s Basic Skill.,토모에(치파오)의 기본 스킬 효과가 증가합니다.,เพิ่มประสิทธิภาพของสกิลพื้นฐานของโทโมเอะ (กี่เผ้า) ตามจำนวนเอฟเฟกต์ใบปลิวที่ฝ่ายเรามีอยู่,localization.json:BuffTooltip
07_terminology,术语,BuffTooltip.Special_AmplifyDoTAdditionalTick_Poison,效果：该单位拥有该状态时，受到中毒减益状态的效果的影响时，以一定时间间隔受到追加伤害.,この状態中に付与された中毒デバフは一定間隔で追加ダメージを与える。,效果：該單位擁有該狀態時，受到中毒減益狀態的效果的影響時，以一定時間間隔受到追加傷害.,Poison debuffs inflcited while under this effect will deal additional damage at set intervals.,이 상태 중에 부여된 중독 디버프는 일정 주기마다 추가 대미지를 가합니다.,ทำให้เอฟเฟกต์พิษที่ทำใส่เป้าหมายที่มีเอฟเฟกต์นี้สร้างความเสียหายเพิ่มเติม,localization.json:BuffTooltip
07_terminology,术语,BuffTooltip.Special_AmplifyDoTReducePeriod_Chill,效果：该单位拥有该状态时，受到恶寒减益状态的效果的影响时，缩短恶寒持续伤害的触发间隔.,この状態中に付与された悪寒デバフの持続ダメージ発生間隔が減少する。,效果：該單位擁有該狀態時，受到惡寒減益狀態的效果的影響時，縮短惡寒持續傷害的觸發間隔,Chill debuffs inflicted while under this effect will have the interval between instances of continuous damage decreased.,이 상태 중에 부여된 오한 디버프는 대미지를 주는 간격이 줄어듭니다.,ทำให้เอฟเฟกต์หนาวสั่นที่ทำใส่เป้าหมายที่มีเอฟเฟกต์นี้ลดระยะเวลาแสดงผลต่อครั้งลง,localization.json:BuffTooltip
07_terminology,术语,BuffTooltip.Special_CH0273_ExtraPassive,[特殊状态 玛丽(偶像)] 效果：层数到达3时，立即减少我方单位的EX技能COST.,マリー（アイドル）が3個獲得した時、自身を除く味方のスキルコストを1減少する。,[特殊狀態 瑪麗(偶像)] 效果：層數到達3時，立即減少我方單位的EX技能COST.,Reduces allies' EX skill cost when gaining 3 stacks.,3개 적립 시 자신을 제외한 아군의 EX 스킬 코스트를 1 감소합니다.,เมื่อสะสมครบ 3 ชั้น จะทำการลดค่าใช้สกิล EX ของฝ่ายเราทั้งหมดยกเว้นตัวเองลง 1 แฟนเซอร์วิสจะถูกรีเซ็ทเป็น 0 หลังการใช้งานเอฟเฟกต์ดังกล่าว,localization.json:BuffTooltip
07_terminology,术语,BuffTooltip.Special_CH0275_Public,[特殊状态 樱子(偶像)] 效果：强化樱子(偶像)的普通技能.,ミネ（アイドル）のノーマルスキルの効果を強化する。,[特殊狀態 櫻子(偶像)] 效果：強化櫻子(偶像)的普通技能.,Enhances the effects of Mine (Idol)'s Basic Skill.,미네(아이돌)의 기본 스킬 효과를 강화합니다.,เสริมประสิทธิภาพของสกิลพื้นฐานของมิเนะ (ไอดอล),localization.json:BuffTooltip
07_terminology,术语,BuffTooltip.Special_EN0009_UnstableFlame,效果：Chokmah被弩炮攻击时，增加承伤率.,バリスタに撃たれた時、コクマーの被ダメージを増加する。,效果：Chokmah被弩炮攻擊時，增加承傷率.,Increases Chokmah's Incoming Damage when struck by ballista.,발리스타에 맞았을 때 호크마가 받는 대미지 증가합니다.,มอบเอฟเฟกต์เพิ่มความเสียหายที่คอคมาห์ได้รับเพิ่มเติมเมื่อคอคมาห์ถูกบาลิสต้าโจมตีในขณะที่มีเอฟเฟกต์นี้อยู่,localization.json:BuffTooltip
07_terminology,术语,BuffTooltip.Special_ExSkillCardRedrawStackDummy,效果：该单位拥有该状态时，使用该单位的EX技能后立即重新抓取该单位的EX技能牌，随后移除该状态.,Immediately redraws the EX Skill after it is used.,效果：該單位擁有該狀態時，使用該單位的EX技能後立即重新抓取該單位的EX技能牌，隨後移除該狀態.,Immediately redraws the EX Skill after it is used.,Immediately redraws the EX Skill after it is used.,การันตีว่าสกิล EX ใบต่อไปที่ได้จะเป็นของนักเรียนที่มีเอฟเฟกต์นี้,localization.json:BuffTooltip
07_terminology,术语,CharacterSize.Small,小型,小型,小型,Small,소형,เล็ก,localization.json:CharacterSize
07_terminology,术语,CharacterSize.Medium,中型,中型,中型,Medium,중형,กลาง,localization.json:CharacterSize
07_terminology,术语,CharacterSize.Large,大型,大型,大型,Large,대형,ใหญ่,localization.json:CharacterSize
07_terminology,术语,CharacterSize.XLarge,超大型,超大型,超大型,Extra-Large,초대형,มหึมา,localization.json:CharacterSize
07_terminology,术语,FurnitureSet.0,无,なし,無系列,None,없음,ไม่มี,localization.json:FurnitureSet
07_terminology,术语,FurnitureSet.100,MomoFriends咖啡厅套装,モモフレンズのカフェシリーズ,Momo好友咖啡廳系列,Momo Friends Cafe Set,모모프렌즈 카페 세트,เซ็ตคาเฟ่ MOMO FRIENDS,localization.json:FurnitureSet
07_terminology,术语,FurnitureSet.101,果冻游戏中心套装,ゼリーズゲーセンシリーズ,果凍遊戲中心系列,Jellies Arcade Set,젤리즈 오락실 세트,เซ็ตเกมเจลลี่,localization.json:FurnitureSet
07_terminology,术语,FurnitureSet.102,情人节套装,バレンタインシリーズ,情人節系列,Valentine Set,발렌타인 세트,เซ็ตวาเลนไทน์,localization.json:FurnitureSet
07_terminology,术语,FurnitureSet.103,夏日度假泳池派对套装,サマーリゾートシリーズ,夏日渡假勝地系列,Summer Resort Pool Party Set,여름 리조트 풀파티 세트,เซ็ตปาร์ตี้ริมสระรีสอร์ตฤดูร้อน,localization.json:FurnitureSet
07_terminology,术语,FurnitureSet.104,万圣节南瓜咖啡厅套装,ハロウィーンカフェシリーズ,萬聖咖啡廳系列,Jack-O-Lantern Cafe Set,할로윈 펌킨 카페 세트,เซ็ตคาเฟ่ฟักทอง ฮาโลวีน,localization.json:FurnitureSet
07_terminology,术语,FurnitureSet.105,传统温泉浴场套装,伝統的な温泉郷シリーズ,傳統溫泉浴場系列,Hot Springs Resort Set,전통 온천장 세트,เซ็ตออนเซ็นดั้งเดิม,localization.json:FurnitureSet
07_terminology,术语,FurnitureSet.106,新年房屋套装,お正月シリーズ,正月系列,New Year House Set,새해 하우스 세트,เซ็ตแต่งบ้านปีใหม่,localization.json:FurnitureSet
07_terminology,术语,FurnitureSet.107,军事露营区套装,ミリタリーアウトドアシリーズ,軍事戶外系列,Military Campground Set,밀리터리 캠핑장 세트,เซ็ตค่ายทหาร,localization.json:FurnitureSet
07_terminology,术语,FurnitureSet.108,海滩套装,ビーチサイドシリーズ,海灘系列,Beachside Set,비치사이드 세트,เซ็ตริมหาด,localization.json:FurnitureSet
07_terminology,术语,FurnitureSet.109,大运动会套装,大運動会シリーズ,大運動會系列,Field Day Set,대운동회 세트,เซ็ตงานแข่งขันกีฬา,localization.json:FurnitureSet
07_terminology,术语,FurnitureSet.110,阿拜多斯讲堂套装,アビドス教室シリーズ,阿拜多斯教室系列,Abydos Classroom Set,아비도스 교실 세트,เซ็ตห้องเรียนอะบิดอส,localization.json:FurnitureSet
07_terminology,术语,FurnitureSet.111,游戏开发部套装,ゲーム開発部シリーズ,遊戲開發部系列,Game Development Department Set,게임개발부 세트,เซ็ตชมรมพัฒนาเกม,localization.json:FurnitureSet
07_terminology,术语,FurnitureSet.112,阳光度假胜地套装,サンシャインリゾートシリーズ,陽光渡假勝地系列,Sunshine Resort Set,선샤인 리조트 세트,เซ็ตรีสอร์ตซันไชน์,localization.json:FurnitureSet
07_terminology,术语,FurnitureSet.113,购物中心套装,デパートシリーズ,百貨商場系列,Shopping Mall Set,쇼핑몰 세트,เซ็ตช็อปปิ้งมอลล์,localization.json:FurnitureSet
07_terminology,术语,FurnitureSet.114,歌赫娜派对套装,ゲヘナパーティーシリーズ,格黑娜宴會系列,Gehenna Party Set,게헨나 파티 세트,เซ็ตปาร์ตี้เกเฮนน่า,localization.json:FurnitureSet
07_terminology,术语,FurnitureSet.115,三一教室系列,トリニティ教室シリーズ,三一教室系列,Trinity Classroom Set,트리니티 교실 세트,เซ็ตห้องเรียนทรีนิตี้,localization.json:FurnitureSet
07_terminology,术语,FurnitureSet.116,DJ派对会场系列,DJパーティー会場シリーズ,DJ派對會場系列,DJ Party Venue Set,DJ 파티장 세트,DJ Party Venue Set,localization.json:FurnitureSet
07_terminology,术语,FurnitureSet.117,百鬼夜行百花缭乱系列,百鬼夜行シリーズ,百鬼夜行百花繚亂系列,Hyakkiyako Set,백귀야행 세트,Hyakkiyako Set,localization.json:FurnitureSet
07_terminology,术语,VoiceClipGroup.Normal,日常,一般,日常,General,일반,เสียงทั่วไป,localization.json:VoiceClipGroup
07_terminology,术语,VoiceClipGroup.Battle,战斗,戦闘,戰鬥,Combat,전투,เสียงต่อสู้,localization.json:VoiceClipGroup
07_terminology,术语,VoiceClipGroup.Lobby,大厅,ホーム,大廳,Lobby,로비,เสียงหน้าล็อบบี้,localization.json:VoiceClipGroup
07_terminology,术语,VoiceClipGroup.Event,活动,イベント,活動,Events,이벤트,เสียงหน้าอีเวนท์,localization.json:VoiceClipGroup
07_terminology,术语,VoiceClip.UITitleIdle,标题界面,タイトル,標題画面,Title Screen,타이틀,หน้าเริ่มเกม,localization.json:VoiceClip
07_terminology,术语,VoiceClip.CharacterGetIdle,获得,獲得,獲得,Recruitment,획득,ได้รับ,localization.json:VoiceClip
07_terminology,术语,VoiceClip.CafeIdle,咖啡厅闲置 {0},カフェ{0},咖啡廳閒置 {0},Cafe {0},카페 {0},คาเฟ่ {0},localization.json:VoiceClip
07_terminology,术语,VoiceClip.UILobbyEnter,大厅入场 {0},ホーム入場{0},大廳入場 {0},Lobby Entry {0},로비 입장 {0},เข้าหน้าล็อบบี้ {0},localization.json:VoiceClip
07_terminology,术语,VoiceClip.UILobbyIdle,大厅闲置 {0},ホーム一般{0},大廳閒置 {0},Lobby Idle {0},로비 대기 {0},หน้าล็อบบี้ {0},localization.json:VoiceClip
07_terminology,术语,VoiceClip.UILobbyUserBDay,教师生日,先生の誕生日,教師生日,Sensei's Birthday,선생 생일,วันเกิดของเซ็นเซย์,localization.json:VoiceClip
07_terminology,术语,VoiceClip.UILobbyStudentBDay,学生生日,生徒の誕生日,學生生日,Student's Birthday,학생 생일,วันเกิดของตัวเอง,localization.json:VoiceClip
07_terminology,术语,VoiceClip.UILobbyNewYear,新年,新年,新年,New Year,새해,ปีใหม่,localization.json:VoiceClip
07_terminology,术语,VoiceClip.UILobbyXmas,圣诞节,クリスマス,聖誕節,Christmas,크리스마스,คริสต์มาสต์,localization.json:VoiceClip
07_terminology,术语,VoiceClip.UILobbyHalloween,万圣节,ハロウィン,萬聖節,Halloween,할로윈,ฮาโลวีน,localization.json:VoiceClip
07_terminology,术语,VoiceClip.WeaponGetIdle,固有武器解放,固有武器解放,固有武器解放,Exclusive Weapon Unlock,고유무기 잠금해제,ติดตั้งอาวุธเฉพาะ,localization.json:VoiceClip
07_terminology,术语,VoiceClip.UILobbySpecial,纪念大厅 {0},メモリアルロビー{0},紀念大廳 {0},Recollection Lobby {0},메모리얼 로비 {0},ล็อบบี้แห่งความทรงจำ {0},localization.json:VoiceClip
07_terminology,术语,VoiceClip.FormationIn,编队 {0},編成{0},編隊 {0},Formation Entry {0},편성 {0},จัดทีม {0},localization.json:VoiceClip
07_terminology,术语,VoiceClip.FormationSelect,编队选择,編成選択,編隊選擇,Formation Select,편성 선택 대사,เลือกจัดทีม,localization.json:VoiceClip
07_terminology,术语,VoiceClip.TacticIn,战略地图入场 {0},戦略入場{0},戰略地圖入場 {0},Map Entry {0},전략 입장 {0},เข้ากลยุทธ์ {0},localization.json:VoiceClip
07_terminology,术语,VoiceClip.TacticVictory,战略地图胜利 {0},戦略勝利{0},戰略地圖勝利 {0},Map Victory {0},전략 승리 {0},ชนะกลยุทธ์ {0},localization.json:VoiceClip
07_terminology,术语,VoiceClip.TacticDefeat,战略地图撤退 {0},戦略撤退{0},戰略地圖撤退 {0},Map Defeat {0},전략 패배 {0},แพ้กลยุทธ์ {0},localization.json:VoiceClip
07_terminology,术语,VoiceClip.BattleIn,战术入场 {0},戦術入場{0},戰術入場 {0},Battle Entry {0},전술 입장 {0},เข้ายุทธวิธี {0},localization.json:VoiceClip
07_terminology,术语,VoiceClip.BattleRecovery,受回复,回復,受回復,HP Recovery,회복,ได้รับการฟื้นฟู HP,localization.json:VoiceClip
07_terminology,术语,VoiceClip.BattleVictory,战术胜利 {0},戦術勝利{0},戰術勝利 {0},Battle Victory {0},전술 승리 {0},ชนะยุทธวิธี {0},localization.json:VoiceClip
07_terminology,术语,VoiceClip.BattleRetire,战术撤退 {0},戦術撤退{0},戰術撤退 {0},Battle Retire {0},퇴각 {0},ล่าถอยในยุทธวิธี {0},localization.json:VoiceClip
07_terminology,术语,VoiceClip.CommonSkill,普通技能 {0},ノーマルスキル{0},基本技能 {0},Basic Skill {0},기본 스킬 {0},สกิลพื้นฐาน {0},localization.json:VoiceClip
07_terminology,术语,VoiceClip.CommonSkillSummon,普通技能 {0},ノーマルスキル{0},基本技能 {0},Basic Skill (Summon) {0},기본 스킬 (소환) {0},สกิลพื้นฐาน {0},localization.json:VoiceClip
07_terminology,术语,VoiceClip.SummonRetreat,召唤物撤退 {0},召喚物撤退{0},召喚物撤退 {0},Summon Retreat {0},소환물 퇴각 {0},ล่าถอยในยุทธวิธี (วัตถุอัญเชิญ) {0},localization.json:VoiceClip
07_terminology,术语,VoiceClip.Growup,学生强化 {0},生徒強化{0},學生強化 {0},Student Growth {0},학생 성장 {0},พัฒนานักเรียน {0},localization.json:VoiceClip
07_terminology,术语,VoiceClip.RelationshipUp,羁绊等级提升 {0},絆ランク増加{0},羈絆等級提升 {0},Bond Rank Up {0},인연 랭크 상승 {0},เพิ่มระดับสายใย {0},localization.json:VoiceClip
07_terminology,术语,VoiceClip.BattleDefense,闪避,回避,迴避,Evade Attack,회피,หลบหลีกการโจมตีสำเร็จ,localization.json:VoiceClip
07_terminology,术语,VoiceClip.BattleBuffed,受增益 {0},バフ{0},受增益 {0},Buffed {0},버프 {0},ได้รับบัฟ {0},localization.json:VoiceClip
07_terminology,术语,VoiceClip.BattleBuffSelf,自增益 {0},自己バフ{0},自增益 {0},Buff Self {0},자신 버프 {0},ได้บัฟของตัวเอง {0},localization.json:VoiceClip
07_terminology,术语,VoiceClip.BattleTacticalAction,战术移动,戦術移動,戰術移動,Tactical Movement,전술 이동,ดำเนินยุทธวิธี,localization.json:VoiceClip
07_terminology,术语,VoiceClip.BattleMove,战场地段移动 {0},セクション移動{0},戰場地段移動 {0},Section Movement {0},섹션 이동 {0},ย้ายโซน {0},localization.json:VoiceClip
07_terminology,术语,VoiceClip.BattleCovered,进入掩体 {0},遮蔽物使用{0},進入掩體 {0},Entering Cover {0},엄폐 {0},เข้าที่กำบัง {0},localization.json:VoiceClip
07_terminology,术语,VoiceClip.ExSkill,EX技能 {0},EXスキル{0},EX技能 {0},EX Skill {0},EX 스킬 {0},คัทซีนสกิล EX {0},localization.json:VoiceClip
07_terminology,术语,VoiceClip.ExSkillLevel,EX技能（战场） {0},EXスキル（フィールド）{0},EX技能（戰場） {0},EX Skill (Field) {0},EX 스킬(필드) {0},สกิล EX (บนสนาม) {0},localization.json:VoiceClip
07_terminology,术语,VoiceClip.Formchange,切换战斗形态,戦闘スタイル切り替え,切換戰鬥形態,Switch Combat Style,스타일 변경,เปลี่ยนรูปแบบการต่อสู้,localization.json:VoiceClip
07_terminology,术语,VoiceClip.UIEventLobbyEnter,活动大厅入场 {0},イベントロビー入場{0},活動大廳入場 {0},Event Lobby Entry {0},이벤트 로비 입장 {0},เข้าหน้าล็อบบี้อีเวนท์ {0},localization.json:VoiceClip
07_terminology,术语,VoiceClip.UIEventLobbyIdle,活动大厅闲置 {0},イベントロビー一般{0},活動大廳閒置 {0},Event Lobby Idle {0},이벤트 로비 일반 {0},หน้าล๊อบบี้อีเวนท์ {0},localization.json:VoiceClip
07_terminology,术语,VoiceClip.UIEventShopEnter,活动商店入场 {0},イベントショップ入場{0},活動商店入場 {0},Event Shop Entry {0},이벤트 상점 입장 {0},เข้าหน้าร้านค้าอีเวนท์ {0},localization.json:VoiceClip
07_terminology,术语,VoiceClip.UIEventShopIdle,活动商店闲置 {0},イベントショップ一般{0},活動商店閒置 {0},Event Shop Idle {0},경품 교환 입장 {0},หน้าร้านค้าอีเวนท์ {0},localization.json:VoiceClip
07_terminology,术语,VoiceClip.UIEventShopBuy,活动商店购入 {0},イベント商品購入{0},活動商店購入 {0},Event Shop Purchase {0},이벤트 상품 구입 {0},ซื้อของร้านค้าอีเวนท์ {0},localization.json:VoiceClip
07_terminology,术语,VoiceClip.UIEventBoxGachaShopEnter,报酬交换入场 {0},報酬交換入場{0},報酬交換入場 {0},Prize Exchange Entry {0},경품 교환 입장 {0},เข้าหน้าแลกรางวัลอีเวนท์ {0},localization.json:VoiceClip
07_terminology,术语,VoiceClip.UIEventBoxGachaShopIdle,报酬交换闲置 {0},報酬交換一般{0},報酬交換閒置 {0},Prize Exchange Idle {0},경품 교환 일반 {0},หน้าแลกรางวัลอีเวนท์ {0},localization.json:VoiceClip
07_terminology,术语,VoiceClip.UIEventBoxGachaShopBoxGachaPrize,报酬交换中奖 {0},報酬当選{0},報酬交換中獎 {0},Prize Exchange Win {0},경품 당첨 {0},ได้รับรางวัลหลักจากกล่องแลกรางวัลอีเวนท์ {0},localization.json:VoiceClip
07_terminology,术语,VoiceClip.UIEventBoxGachaShopBoxGachaFinish,报酬交换完成 {0},報酬交換完了{0},報酬交換完成 {0},Prize Exchange Ended {0},보상 교환 종료 {0},ระยะเวลาแลกรางวัลอีเวนท์สิ้นสุดลง {0},localization.json:VoiceClip
07_terminology,术语,VoiceClip.UIEventMissionEnter,活动任务入场 {0},イベントミッション入場{0},活動任務入場 {0},Event Mission Entry {0},이벤트 미션 입장 {0},เข้าหน้าภารกิจอีเวนท์ {0},localization.json:VoiceClip
07_terminology,术语,VoiceClip.UIEventMissionIdle,活动任务闲置 {0},イベントミッション一般{0},活動任務閒置 {0},Event Mission Idle {0},이벤트 미션 일반 {0},หน้าภารกิจอีเวนท์ {0},localization.json:VoiceClip
07_terminology,术语,VoiceClip.UIEventMissionBuy,活动任务完成 {0},イベントミッション完了{0},活動任務完成 {0},Event Mission Completion {0},이벤트 미션 완료 {0},รับรางวัลภารกิจอีเวนท์ {0},localization.json:VoiceClip
07_terminology,术语,VoiceClip.UIEventMissionInteraction,活动每日任务完成 {0},イベントデイリーミッション完了{0},活動每日任務完成 {0},Event Daily Mission Completion {0},이벤트 일일 미션 완료 {0},รับรางวัลภารกิจอีเวนท์รายวัน {0},localization.json:VoiceClip
07_terminology,术语,VoiceClip.UIEventCardShopEnter,卡牌商店入场 {0},カードショップ入場{0},卡牌商店入場 {0},Card Shop Entry {0},카드 상점 입장 {0},เข้าหน้าสุ่มการ์ดอีเวนท์ {0},localization.json:VoiceClip
07_terminology,术语,VoiceClip.UIEventCardShopIdle,卡牌商店闲置{0},カードショップ一般{0},卡牌商店閒置{0},Card Shop Idle {0},카드 상점 일반 {0},หน้าสุ่มการ์ดอีเวนท์ {0},localization.json:VoiceClip
07_terminology,术语,VoiceClip.UIEventCardShopPrize3,抽中SSR卡片,ウルトラレアカード獲得,抽中SSR卡片,Draw Ultra Rare Card,UR 카드 획득,สุ่มได้การ์ด UR,localization.json:VoiceClip
07_terminology,术语,VoiceClip.UIEventCardShopPrize2,抽中SR卡片,スーパーレアカード獲得,抽中SR卡片,Draw Super Rare Card,SR 카드 획득,สุ่มได้การ์ด SR,localization.json:VoiceClip
07_terminology,术语,VoiceClip.UIEventCardShopPrize1,抽中R卡片,レアカード獲得,抽中R卡片,Draw Rare Card,R 카드 획득,สุ่มได้การ์ด R,localization.json:VoiceClip
07_terminology,术语,VoiceClip.UIEventCardShopPrize0,抽中N卡片,ノーマルカード獲得,抽中N卡片,Draw Normal Card,N 카드 획득,สุ่มได้การ์ด N,localization.json:VoiceClip
07_terminology,术语,VoiceClip.UIEventFortuneGachaShopEnter,御签入场,おみくじ入場{0},御簽入場,Omikuji Entry {0},오미쿠지 입장 {0},เข้าหน้าโอะมิกุจิ {0},localization.json:VoiceClip
07_terminology,术语,VoiceClip.UIEventFortuneGachaShopIdle,御签闲置,おみくじ一般{0},御籤閒置,Omikuji Idle {0},오미쿠지 일반 {0},หน้าโอะมิกุจิ {0},localization.json:VoiceClip
07_terminology,术语,VoiceClip.UIEventFortuneGachaShopLuck5,御签抽中「大吉」,おみくじ「大吉」獲得,御籤抽中「大吉」,"Omikuji ""Great Blessing""",오미쿠지 대길 획득,โอะมิกุจิ [โชคดีครั้งใหญ่],localization.json:VoiceClip
07_terminology,术语,VoiceClip.UIEventFortuneGachaShopLuck4,御签抽中「吉」,おみくじ「吉」獲得,御籤抽中「吉」,"Omikuji ""Blessing""",오미쿠지 길 획득,โอะมิกุจิ [โชคดีมาก],localization.json:VoiceClip
07_terminology,术语,VoiceClip.UIEventFortuneGachaShopLuck3,御签抽中「中吉」,おみくじ「中吉」獲得,御籤抽中「中吉」,"Omikuji ""Modest Blessing""",오미쿠지 중길 획득,โอะมิกุจิ [โชคดีกลาง],localization.json:VoiceClip
07_terminology,术语,VoiceClip.UIEventFortuneGachaShopLuck2,御签抽中「小吉」,おみくじ「小吉」獲得,御籤抽中「小吉」,"Omikuji ""Small Blessing""",오미쿠지 소길 획득,โอะมิกุจิ [โชคดีเล็ก],localization.json:VoiceClip
07_terminology,术语,VoiceClip.UIEventFortuneGachaShopLuck1,御签抽中「末吉」,おみくじ「末吉」獲得,御籤抽中「末吉」,"Omikuji ""Future Blessing""",오미쿠지 말길 획득,โอะมิกุจิ [โชคดีนิดนึง],localization.json:VoiceClip
07_terminology,术语,VoiceClip.UIEventFortuneGachaShopLuck0,御签抽中「凶」,おみくじ「凶」獲得,御籤抽中「兇」,"Omikuji ""Curse""",오미쿠지 흉 획득,โอะมิกุจิ [ลางร้าย],localization.json:VoiceClip
07_terminology,术语,VoiceClip.UIEventMiniGameMissionEnter,小游戏任务入场 {0},ミニゲームミッション入場{0},小遊戲任務入場 {0},Minigame Mission Entry {0},미니게임 미션 입장 {0},เข้าหน้าภารกิจมินิเกม {0},localization.json:VoiceClip
07_terminology,术语,VoiceClip.UIEventMiniGameMissionIdle,小游戏任务闲置 {0},ミニゲームミッション一般{0},小遊戲任務閒置 {0},Minigame Mission Idle {0},미니게임 미션 일반 {0},หน้าภารกิจมินิเกม {0},localization.json:VoiceClip
07_terminology,术语,VoiceClip.UIEventMiniGameMissionBuy,小游戏任务完成 {0},ミニゲームミッション完了{0},小遊戲任務完成 {0},Minigame Mission Completion {0},미니게임 미션 완료 {0},รับรางวัลหน้าภารกิจมินิเกม {0},localization.json:VoiceClip
07_terminology,术语,VoiceClip.UISpecialOperationLobbyEnter,特殊作战大厅入场 {0},特殊作戦ロビー入場{0},特殊作戰大廳入場 {0},Special Mission Lobby Entry {0},특수 작전 로비 입장 {0},เข้าหน้าล็อบบี้ปฏิบัติการณ์พิเศษ {0},localization.json:VoiceClip
07_terminology,术语,VoiceClip.UISpecialOperationLobbyIdle,特殊作战大厅闲置 {0},特殊作戦ロビー一般{0},特殊作戰大廳閒置 {0},Special Mission Lobby Idle {0},특수 작전 로비 일반 {0},หน้าล็อบบี้ปฏิบัติการณ์พิเศษ {0},localization.json:VoiceClip
07_terminology,术语,VoiceClip.UISpecialOperationLobbyCollectionOpen,特殊作战数据发布 {0},特殊作戦調査データ解放{0},特殊作戰資料釋出 {0},Special Mission Data Release {0},특수 작전 콜렉션 개방 {0},ได้รับข้อมูลปฏิบัติการณ์พิเศษ {0},localization.json:VoiceClip
07_terminology,术语,VoiceClip.UISpecialOperationLobbyStoryOpen,特殊作战故事开放 {0},特殊作戦ストーリー開放{0},特殊作戰故事開放 {0},Special Mission Story Open {0},특수 작전 스토리 개방 {0},ปลดล็อคเนื้อเรื่องปฏิบัติการณ์พิเศษ {0},localization.json:VoiceClip
07_terminology,术语,Shortcut.Students,查看所有可用学生的属性、技能、武器、装备等信息.,すべてのプレイアブルな生徒のステータス、スキル、固有武器、装備などを確認。,查看所有可用學生的屬性、技能、武器、裝備等資訊.,"View stats, skills, weapons, equipment and more for all of the playable students.","출시 학생의 능력치, 스킬, 고유 무기, 장비 등을 열람.","ดูค่าสถานะ, สกิล, อาวุธประจำตัว, อุปกรณ์สวมใส่และอื่นๆ ของบรรดานักเรียนทั้งหมดที่สามารถเล่นได้",localization.json:Shortcut
07_terminology,术语,Shortcut.Calculator,计算学生与敌方单位的技能伤害、生命值回复量以及其他状态效果.,生徒や敵のスキルダメージ、回復およびその他の効果を計算。,計算學生與敵方單位的技能傷害、生命值回覆量以及其他狀態效果.,"Calculate student and enemy skill damage, healing and other effects.","학생과 적의 스킬 대미지, 회복과 다른 효과를 계산.","คำนวนค่าความเสียหาย, ปริมาณการรักษาและผลของเอฟเฟกต์อื่นๆ จากสกิลของนักเรียนและศัตรูทั้งหมดในเกม",localization.json:Shortcut
07_terminology,术语,Shortcut.Raids,查看总力战、大决战和协同火力演习的信息.,総力戦、大決戦および合同火力演習に関する情報を確認。,查看總力戰、大決戰和綜合戰術考試的資訊.,"View Total Assault, Grand Assault and Joint Firing Drill information.","총력전, 대결전, 종합전술대회 등의 정보를 열람.","ดูข้อมูลของเรดบอส, แกรนด์เรดบอสและการสอบประมวล",localization.json:Shortcut
07_terminology,术语,Shortcut.Items,查看物品、家具和装备的信息以及获取途径.,アイテム、家具および装備に関するデータや入手方法を確認。,檢視道具、家具和裝備的資訊以及獲取管道.,"View data for items, furniture and equipment and where to obtain them.","아이템, 가구와 장비의 정보와 획득 장소 등을 열람.","ดูข้อมูลของไอเทม, เฟอร์นิเจอร์, อุปกรณ์สวมใส่และแหล่งที่สามารถได้รับ",localization.json:Shortcut
07_terminology,术语,Shortcut.Stages,查看多种关卡的敌方单位详情、战略地图和报酬的信息.,様々なステージの敵情報、マップおよび報酬を確認。,查看多種關卡的敵方單位詳情、戰略地圖和報酬的資訊.,"View enemy details, maps and rewards for various types of stages.","여러 스테이지의 적 정보, 지도와 보상을 열람.","ดูข้อมูลของศัตรู, แผนที่และรางวัลที่ได้รับของด่านต่างๆ",localization.json:Shortcut
07_terminology,术语,Shortcut.Crafting,查看制造节点的产物以及产物概率.,製造ノードから得られる報酬と出現率を確認。,查看製造節點的產物以及產物機率.,View contents of crafting nodes and the chance of each possible reward.,제조 노드에서 얻을 수 있는 보상과 그 확률을 열람.,ดูข้อมูลเกี่ยวกับโหนดสร้างของและโอกาสในการได้รับไอเทมต่างๆ จากการสร้างของ,localization.json:Shortcut
07_terminology,术语,UI.navbar_home,首页,ホーム,首頁,Home,홈페이지,หน้าหลัก,localization.json:UI
07_terminology,术语,UI.students,学生,生徒,學生,Students,학생,นักเรียน,localization.json:UI
07_terminology,术语,UI.student,学生,生徒,學生,Student,학생,นักเรียน,localization.json:UI
07_terminology,术语,UI.enemy,敌方单位,敵,敵方單位,Enemy,적,ศัตรู,localization.json:UI
07_terminology,术语,UI.stages,关卡,ステージ,關卡,Stages,스테이지,ภารกิจ,localization.json:UI
07_terminology,术语,UI.events,活动,イベント,活動,Events,이벤트,อีเวนท์,localization.json:UI
07_terminology,术语,UI.raids,周期战役,総力戦,周期戰役,Raids,총력전,เรดบอส,localization.json:UI
07_terminology,术语,UI.crafting,制造,製造,製造,Crafting,제조,สร้าง,localization.json:UI
07_terminology,术语,UI.tools,工具,ツール,工具,Tools,도구,เครื่องมือ,localization.json:UI
07_terminology,术语,UI.damage_calculator,伤害计算器,ダメージ計算機,傷害計算機,Damage Calculator,대미지 계산기,ตัวคำนวนความเสียหาย,localization.json:UI
07_terminology,术语,UI.student_compare,比较学生,生徒比較,比較學生,Compare Students,학생 비교,เปรียบเทียบนักเรียน,localization.json:UI
07_terminology,术语,UI.synthesis,节点制造,ジェネレート,生成物質,Synthesis,물질 생성,สร้างวัตถุ,localization.json:UI
07_terminology,术语,UI.fusion,定向制造,テイラーメイド,合成物質,Fusion,물질 합성,รวมวัตถุ,localization.json:UI
07_terminology,术语,UI.shops,商店,ショップ,商店,Shops,상점,ร้านค้า,localization.json:UI
07_terminology,术语,UI.schedule,课程表,スケジュール,課程表,Lessons,스케쥴,เข้าคลาส,localization.json:UI
07_terminology,术语,UI.event_stages,关卡,ステージ,關卡,Stages,스테이지,ด่าน,localization.json:UI
07_terminology,术语,UI.event_shop,商店,ショップ,商店,Shop,상점,ร้านค้า,localization.json:UI
07_terminology,术语,UI.item_sources,获取途径,入手方法,獲取管道,Sources,획득 장소,แหล่งได้รับ,localization.json:UI
07_terminology,术语,UI.item_usage,用途,用途,用途,Usage,용도,การใช้งาน,localization.json:UI
07_terminology,术语,UI.item,物品,アイテム,道具,Items,아이템,ไอเทม,localization.json:UI
07_terminology,术语,UI.settings,设置,設定,設定,Settings,설정,ตั้งค่า,localization.json:UI
07_terminology,术语,UI.settings_appearance,网页外观,外観,網頁外觀,Appearance,보기,รูปแบบ,localization.json:UI
07_terminology,术语,UI.settings_server,服务器,リージョン,伺服器,Game Region,서버,เซิร์ฟเวอร์,localization.json:UI
07_terminology,术语,UI.settings_server_description,选择服务器以浏览对应服务器的可用内容与数据.,関連するコンテンツとデータを閲覧したいサーバーを選択してください。,選擇伺服器以閱覽對應伺服器的可用內容與資料,Select the game server to view available content and data from.,선택한 서버에 출시된 컨텐츠와 데이터를 표시합니다.,เลือกเซิร์ฟเวอร์เกมเพื่อดูข้อมูลที่มีอยู่ในเซิร์ฟเวอร์นั้น,localization.json:UI
07_terminology,术语,UI.settings_language,语言,言語,語言,Language,언어,ภาษา,localization.json:UI
07_terminology,术语,UI.settings_language_description,基于所选择的语言选项，部分内容可能尚未翻译.,選択されたリージョンによっては一部の内容が翻訳されていない場合があります。,基於所選擇的語言選項，部分內容可能尚未翻譯.,"Depending on the region selected, some content may not be translated.",선택한 서버에 따라서 일부 컨텐츠가 번역되어 표시되지 않을 수 있습니다.,"ข้อมูลบางอย่างอาจจะยังไม่ได้รับการแปลอย่างสมบูรณ์, ขึ้นอยู่กับเซิร์ฟเวอร์ของเกมที่เลือก",localization.json:UI
07_terminology,术语,UI.settings_theme,主题,テーマ,主題,Theme,테마,ธีม,localization.json:UI
07_terminology,术语,UI.settings_theme_description,选择 Auto 跟随系统主题.,Autoを選択するとお使いの端末のテーマが適用されます。,選擇 Auto 匹配設備主題.,"""Auto"" will use your device's theme.",Auto 선택시 디바이스의 테마를 사용합니다.,Auto จะตั้งค่าตามธีมของอุปกรณ์คุณ,localization.json:UI
07_terminology,术语,UI.settings_contrast,高对比度,ハイコントラスト,高對比度,High Contrast,고대비,ความละเอียดสูง,localization.json:UI
07_terminology,术语,UI.settings_contrast_description,禁用动态页面背景与部分视觉效果以获得更好的可读性.,文字の視認性向上のため動的背景や視覚効果を無効にします。,停用動態頁面背景與部分視覺效果以獲得更好的可讀性,Disables dynamic page backgrounds and certain visual effects for better text readability.,투명한 배경과 시각 효과를 비활성화해 가독성을 향상시킵니다.,ปิดพื้นหลังแบบไดนามิคและวิชวลเอฟเฟกต์บางอย่างเพื่อทำให้ตัวอักษรสามารถอ่านได้ง่ายขึ้น,localization.json:UI
07_terminology,术语,UI.settings_experiments,试验性功能,試験機能,試驗性功能,Experiments,실험실,อยู่ในการทดสอบ,localization.json:UI
07_terminology,术语,UI.settings_preferences,偏好设置,表示設定,偏好設定,Preferences,환경 설정,ตั้งค่าการแสดงผล,localization.json:UI
07_terminology,术语,UI.settings_itemids,显示项目ID,アイテムID表示,顯示項目ID,Show item IDs,아이템 ID 표시,แสดง ID ของไอเทม,localization.json:UI
07_terminology,术语,UI.settings_itemids_description,显示存在的项目内部ID.,アイテムの内部IDが存在する場合に表示します。,顯示存在的項目內部ID.,Displays internal item IDs where available.,아이템의 고유 ID를 표시합니다.,แสดง ID ภายในเกมของไอเทม หากมี,localization.json:UI
07_terminology,术语,UI.settings_distanceunit,距离单位,距離の単位,距離單位,Distance Units,거리 단위,หน่วยวัดระยะ,localization.json:UI
07_terminology,术语,UI.settings_distanceunit_description,选择用于表示技能范围与半径的距离的单位.,スキル射程や半径の表示単位を選択してください。,選擇用於表示技能範圍與半徑的距離的單位,Preferred display unit for skill range and radius distance.,스킬 범위의 거리를 표시할 단위를 선택합니다.,รูปแบบของหน่วยวัดระยะสำหรับระยะและรัศมีของสกิลที่ต้องการ,localization.json:UI
07_terminology,术语,UI.settings_animationunit,动画持续时间单位,モーションの単位,動畫持續時間單位,Animation Units,애니메이션 단위,หน่วยวัดเวลา,localization.json:UI
07_terminology,术语,UI.settings_animationunit_description,选择用于表示技能动画持续时间的单位.,スキルモーション時間の表示単位を選択してください。,選擇用於表示技能動畫持續時間的單位,Preferred display unit for skill animation duration.,스킬 애니메이션 지속시간을 표시할 단위를 선택합니다.,รูปแบบของหน่วยวัดเวลาสำหรับระยะเวลาอนิเมชั่นของสกิลที่ต้องการ,localization.json:UI
07_terminology,术语,UI.settings_animation,动态图标,アニメーションアイコン,動畫圖示,Animated Icons,아이콘 애니메이션,อนิเมชั่นไอคอน,localization.json:UI
07_terminology,术语,UI.settings_animation_description,为部分随机掉落物品/物品组使用动态图标. ※ 设置为“关”时，需将光标悬停于图标之上才能获取相关掉落信息.,ランダムドロップアイテムやアイテム群の表示にアニメーションアイコンを使用します。オフに設定するとランダムドロップに関する情報の確認にマウスオーバーが必要になります。,為部分隨機掉落道具/道具組使用動畫圖示. ※ 設定為“關”時，需將游標懸停於圖示之上才能獲取相關掉落資訊.,"Use animated icons for certain types of randomized item drops or groups. Note: Setting this to ""OFF"" will remove the visual hint for randomized drops unless it is hovered over.",여러 종류의 아이템을 얻을 수 있는 경우 획득 가능한 아이템이 돌아가며 표시됩니다. 이 설정을 '끔'으로 설정하면 다른 종류의 아이템을 획득할 수 있다는 것이 마우스를 올리지 않는 한 표시되지 않습니다.,อนิเมชั่นไอคอนจะเปลี่ยนไปเรื่อยๆ ตามรูปของไอเทมที่มีโอกาสได้รับจากการดรอปหรือกลุ่มไอเทมนั้นๆ,localization.json:UI
07_terminology,术语,UI.settings_data,数据管理,データ管理,資料管理,Data Management,데이터 관리,การจัดการข้อมูล,localization.json:UI
07_terminology,术语,UI.settings_servercollection,使用服务器数据隔离,リージョン別生徒データ管理,使用伺服器資料隔離,Use Separate Collection per Game Region,지역별로 다른 데이터 저장소 사용,แยกข้อมูลคอลเลคชั่นที่ทำไว้ตามเซิร์ฟเวอร์ที่เลือก,localization.json:UI
07_terminology,术语,UI.settings_servercollection_description,基于选择的服务器隔离集合数据. 禁用将自动适用关联日服的集合数据.,リージョンごとに生徒データを保存します。このオプションを無効にすると現在の日本リージョンの生徒データが他のリージョンにも適用されます。,基於選擇的伺服器隔離集合資料. 停用將自動適用關聯日服的集合資料.,Stores an individual collection for each game region. Disabling this option will use the collection currently assigned to the JP region for all other regions.,서버마다 다른 데이터 저장소를 사용합니다. 이 설정을 비활성화하면 일본 서버에 저장된 데이터를 다른 모든 지역에서도 사용합니다.,จัดเก็บข้อมูลคอลเลคชั่นโดยแยกไปตามเซิร์ฟเวอร์ที่เลือกไว้ หากปิดเอาไว้ ข้อมูลคอลเลคชั่นทั้งหมดจะอ้างอิงจากข้อมูลของเซิร์ฟเวอร์ JP,localization.json:UI
07_terminology,术语,UI.settings_collection,管理集合数据,生徒データの管理,管理集合數據,Manage Collection Data,컬렉션 데이터 관리,จัดการข้อมูลในคอลเลคชั่น,localization.json:UI
07_terminology,术语,UI.settings_collection_description,导入或导出您的学生集数据.,あなたの生徒データのインポートやエクスポートを行います。,匯入或匯出您的學生集數據.,Import or export your student collection data.,학생 컬렉션 데이터를 불러오거나 내보냅니다.,นำเข้าหรือส่งออกข้อมูลนักเรียนในคอลเลคชั่น,localization.json:UI
07_terminology,术语,UI.settings_restorepage,记住最后浏览的页面,最後に閲覧したページを記憶,記住最後閱覽的頁面,Remember Last Viewed Page,마지막으로 본 페이지 저장,บันทึกหน้าล่าสุดที่ดูไว้,localization.json:UI
07_terminology,术语,UI.settings_restorepage_description,访问Schale DB时，总是打开最后一次浏览的页面.,Schale DBにアクセスした時に最後に閲覧したページを開く。,訪問Schale DB時，總是開啟最後一次閱覽的頁面.,Always start Schale DB on the last viewed page.,Schale DB를 열 때 항상 마지막으로 본 페이지 열기.,เริ่มต้น Schale DB จากหน้าล่าสุดที่ดูไว้,localization.json:UI
07_terminology,术语,UI.settings_defaultpage,页面默认行为,デフォルトページ動作,頁面預設行為,Page Default Behavior,페이지 기본 설정,ตั้งค่าหน้าเพจดั้งเดิม,localization.json:UI
07_terminology,术语,UI.settings_defaultpage_description,设置从导航栏访问相应模块时，默认打开模块列表页面还是在该模块中最后浏览的项目.,モジュールに移動した時に一覧ページを開くか最後に閲覧した項目を開くかを設定します。,設定從導航欄訪問相應模組時，預設開啟模組列表頁面還是在該模組中最後閱覽的項目.,Set whether to load the list page or the last viewed item by default when navigating to a module.,각 모듈로 이동했을때 최근에 본 페이지를 불러올 지 설정합니다.,เลือกว่าจะให้เริ่มต้นด้วยหน้ารายชื่อนักเรียนหรือหน้าสุดท้ายที่เข้าชมก่อนปิดเว็บ,localization.json:UI
07_terminology,术语,UI.settings_showskilldelay,显示技能生效延迟,スキル効果適用時間を表示,顯示技能生效延時,Show Skill Application Delay,스킬 적용 딜레이 보이기,แสดงดีเลย์การใช้งานของสกิล,localization.json:UI
07_terminology,术语,UI.settings_showskilldelay_description,在技能动画持续时间旁显示该技能赋予/施加状态效果时的生效延迟.,バフやデバフスキルの効果が適用されるまでにかかる時間をスキルモーション時間と一緒に表示します。,在技能動畫持續時間旁顯示該技能賦予/施加狀態效果時的生效延時.,Show the application delay of buff and debuff skills alongside the skill animation duration.,버프와 디버프 스킬의 사용 후 적용 딜레이를 스킬 모션 딜레이와 함께 보여줍니다.,แสดงระยะเวลาดีเลย์ของสกิลบัฟและเอฟเฟกต์อันตรายที่ส่งผลเมื่อเทียบกับระยะเวลาอนิเมชั่นของสกิล,localization.json:UI
07_terminology,术语,UI.settings_screenmode,限制屏幕宽度,スクリーン幅の制限,限制螢幕寬度,Limit Screen Width,본문 너비 제한하기,จำกัดความกว้างของหน้าจอ,localization.json:UI
07_terminology,术语,UI.settings_screenmode_description,限制较宽屏幕上显示区域的宽度,横幅の大きいスクリーンでは表示幅を制限します。,限制較寬螢幕上顯示區域的寬度,Limit the width of the display area on wider screens.,좌우로 넓은 화면에서 본문의 너비를 제한합니다.,จำกัดความกว้างของหน้าจอเมื่อแสดงผลบนจอขนาดใหญ่,localization.json:UI
07_terminology,术语,UI.search,搜索,検索,檢索,Search,검색,ค้นหา,localization.json:UI
07_terminology,术语,UI.filter_by_name,按名称筛选,名前でフィルタ,按名稱篩選,Filter by name,이름으로 필터링,กรองด้วยชื่อ,localization.json:UI
07_terminology,术语,UI.collection_export_collection,导出集合,生徒データのエクスポート,匯出集合,Export Collection,컬렉션 내보내기,ส่งออกคอลเลคชั่น,localization.json:UI
07_terminology,术语,UI.collection_import_collection,导入集合,生徒データのインポート,匯入集合,Import Collection,컬렉션 가져오기,นำเข้าคอลเลคชั่น,localization.json:UI
07_terminology,术语,UI.collection_import_help,"集合数据可以从Schale DB或<a href=""https://justin163.com/planner/"">Justin163的资源规划器</a>导入（选择“数据移动” -> “导出”）","Schale DBまたは<a href=""https://justin163.com/planner/"">Justin163's resource planner</a>から生徒データをインポートすることができます。 (Resource Planner下部の[Transfer（データ移行）]から[Export（エクスポート）]を選択)","集合资料可以從Schale DB或<a href=""https://justin163.com/planner/"">Justin163的資源規劃器</a>(UI僅簡中)匯入. (選擇Transfer -> Export)","Data can be imported from Schale DB or <a href=""https://justin163.com/planner/"">Justin163's resource planner</a>. (Select Transfer > Export)","데이터는 Schale DB 또는 <a href=""https://justin163.com/planner/"">Justin163's resource planner</a>에서 가져올 수 있습니다. (Transfer > Export)","ข้อมูลสามารถนำเข้ามาจาก Schale DB หรือ <a href=""https://justin163.com/planner/"">Justin163's resource planner</a> ได้ (เลือก Transfer > Export)",localization.json:UI
07_terminology,术语,UI.collection_import_warning,这将覆盖您当前的集合,現在の生徒データが上書きされます,這會覆蓋您當前的集合,This will overwrite your current collection,현재 컬렉션을 덮어씁니다,นี่จะเป็นการแทนที่คอลเลคชั่นของคุณในปัจจุบัน,localization.json:UI
07_terminology,术语,UI.collection_import_status_valid,找到了{0}位学生的数据,{0}名分の生徒データがあります。,找到了{0}位學生的資料,Export data for {0} students found.,학생 {0}명의 데이터가 확인되었습니다.,พบข้อมูลส่งออกสำหรับนักเรียน {0} คน,localization.json:UI
07_terminology,术语,UI.collection_import_status_invalid,导出数据无效,データ形式が不正です。,匯出資料無效,Export data is invalid.,데이터가 올바르지 않습니다.,ข้อมูลส่งออกไม่ถูกต้อง,localization.json:UI
07_terminology,术语,UI.collection_export_placeholder,点击导出以生成集合的导出字符串,エクスポートをクリックすると生徒データからエクスポート用文字列が生成されます,點擊匯出以生成集合的匯出字串,Click export to generate an export string from your collection,내보내기 버튼을 누르면 이곳에 컬렉션 데이터가 생성됩니다,กดส่งออกเพื่อสร้างรหัสส่งออกจากคอลเลคชั่นของคุณ,localization.json:UI
07_terminology,术语,UI.collection_import_placeholder,将导出字符串粘贴于此处并点击导入,ここにエクスポート用文字列を張り付けてインポートをクリックしてください,將匯入字串粘貼與此処並點擊匯入,Paste export string here and click Import,불러올 데이터를 이곳에 붙여넣고 불러오기 버튼을 클릭하세요,วางรหัสส่งออกที่นี่แล้วกดนำเข้า,localization.json:UI
07_terminology,术语,UI.collection_export,导出,エクスポート,匯出,Export,내보내기,ส่งออก,localization.json:UI
07_terminology,术语,UI.collection_import,导入,インポート,匯入,Import,불러오기,นำเข้า,localization.json:UI
07_terminology,术语,UI.setting_off,关,オフ,関,OFF,OFF,ปิด,localization.json:UI
07_terminology,术语,UI.setting_on,开,オン,開,ON,ON,เปิด,localization.json:UI
07_terminology,术语,UI.setting_open,打开,開く,打開,Open,열기,เปิด,localization.json:UI
07_terminology,术语,UI.setting_normal,常速,通常,常速,Normal,보통,ปกติ,localization.json:UI
07_terminology,术语,UI.setting_slow,慢速,ゆっくり,慢速,Slow,느림,ช้า,localization.json:UI
07_terminology,术语,UI.setting_metric,公制,メートル法,公制,Metric,미터,เมตริก,localization.json:UI
07_terminology,术语,UI.setting_raw,原,原数値,原,Raw,기본,ตัวเลขดิบ,localization.json:UI
07_terminology,术语,UI.setting_seconds,秒,秒数,秒,Seconds,초,วินาที,localization.json:UI
07_terminology,术语,UI.setting_frames,帧,フレーム数,幀,Frames,프레임,เฟรม,localization.json:UI
07_terminology,术语,UI.setting_lastviewed,最后浏览,項目,最後閱覽,Last Viewed,마지막 본 페이지,หน้าสุดท้ายที่เข้าชม,localization.json:UI
07_terminology,术语,UI.current_events,当前活动,現在のイベント,當前活動,Current Events,현재 이벤트,อีเวนท์ปัจจุบัน,localization.json:UI
07_terminology,术语,UI.server_region,{0},{0}リージョン,{0},{0} Region,{0} 서버,เซิร์ฟเวอร์{0},localization.json:UI
07_terminology,术语,UI.server_reset_in,{0}后 ({1}) 服务器刷新,{0}後（{1}）にサーバーリセット,{0}後 ({1}) 伺服器重置,Server Reset in {0} ({1}),{0} 후 서버 초기화 ({1}),เซิร์ฟเวอร์จะรีเซ็ทในอีก {0} ({1}),localization.json:UI
07_terminology,术语,UI.home_timezone,所有日期与时间已转换至当地时区,すべての日時はあなたのローカルタイムゾーンに変換されます。,所有日期與時間已轉換至當地時區,All dates are converted to your local timezone.,모든 날짜는 현지 시간으로 변환되어 표시됩니다.,ข้อมูลวันและเวลาจะถูกปรับตามโซนเวลาที่คุณอยู่,localization.json:UI
07_terminology,术语,UI.event_starts,<b>{0}日{1}时{2}分</b>后开始,<b>{0}日{1}時間{2}分</b>後に開始,<b>{0}日{1}時{2}分</b>後開始,"Starts in <b>{0} days, {1} hours and {2} minutes</b>.",<b>{0}일 {1}시간 {2}분</b> 뒤 시작,"เริ่มต้นในอีก <b>{0} วัน, {1} ชั่วโมง {2} นาที</b>",localization.json:UI
07_terminology,术语,UI.event_ends,<b>{0}日{1}时{2}分</b>后结束,<b>{0}日{1}時間{2}分</b>後に終了,<b>{0}日{1}時{2}分</b>後結束,"Ends in <b>{0} days, {1} hours and {2} minutes</b>.",<b>{0}일 {1}시간 {2}분</b> 뒤 종료,"สิ้นสุดในอีก <b>{0} วัน, {1} ชั่วโมง {2} นาที</b>",localization.json:UI
07_terminology,术语,UI.duration_days,{0}日,{0}日,{0}日,{0}d,{0}일,{0}วัน,localization.json:UI
07_terminology,术语,UI.duration_hours,{0}时,{0}時間,{0}時,{0}h,{0}시간,{0}ชั่วโมง,localization.json:UI
07_terminology,术语,UI.duration_minutes,{0}分,{0}分,{0}分,{0}m,{0}분,{0}นาที,localization.json:UI
07_terminology,术语,UI.student_birthdays,即将到来的生日,近日中の誕生日,即將到來的生日,Upcoming Birthdays,곧 생일인 학생,วันเกิดของนักเรียนที่จะมาถึง,localization.json:UI
07_terminology,术语,UI.attributes,属性信息,ステータス,屬性資訊,Attributes,스탯 정보,ค่าสถานะ,localization.json:UI
07_terminology,术语,UI.stats,属性,ステータス,屬性,Stats,능력치,ค่าสถานะ,localization.json:UI
07_terminology,术语,UI.sort_order,排列顺序,ソート順,排列順序,Sort Order,정렬 순서,เรียงตาม,localization.json:UI
07_terminology,术语,UI.base_stats,基础属性,基礎ステータス,基礎屬性,Base Stats,기본 능력치,ค่าสถานะพื้นฐาน,localization.json:UI
07_terminology,术语,UI.max_stats,最大属性,最大ステータス,最大屬性,Max. Stats,최대 능력치,ค่าสถานะสูงสุด,localization.json:UI
07_terminology,术语,UI.collection_stats,使用集合数据,所属生徒のステータスを使用,使用集合資料,Use Collection Stats,컬렉션 능력치 사용,ใช้ค่าสถานะที่บันทึกไว้,localization.json:UI
07_terminology,术语,UI.sp_sub_skill,后援学生的子技能,SPECIAL生徒のサブスキル,SPECIAL學生的子技能,Special Sub Skill,스페셜 서브 스킬,สกิลรอง (Special),localization.json:UI
07_terminology,术语,UI.skills,技能,スキル,技能,Skills,스킬,สกิล,localization.json:UI
07_terminology,术语,UI.ex_weapon,固有武器,固有武器,固有武器,Weapon,고유 무기,อาวุธเฉพาะ,localization.json:UI
07_terminology,术语,UI.ex_gear,爱用品,愛用品,愛用品,Item,애용품,อุปกรณ์พิเศษ,localization.json:UI
07_terminology,术语,UI.profile,简介,プロフィール,簡介,Profile,프로필,โปรไฟล์,localization.json:UI
07_terminology,术语,UI.voice,语音,ボイス,語音,Voice,보이스,เสียง,localization.json:UI
07_terminology,术语,UI.student_gear_short,装备,装備,裝備,Equip.,장비,อุปกรณ์,localization.json:UI
07_terminology,术语,UI.student_weapon,固有武器,固有武器,固有武器,Exclusive Weapon,고유 무기,อาวุธเฉพาะ,localization.json:UI
07_terminology,术语,UI.student_ex_gear,爱用品,愛用品,愛用品,Unique Item,애용품,อุปกรณ์พิเศษ,localization.json:UI
07_terminology,术语,UI.student_bond,羁绊等级,絆ランク,羈絆等級,Bond Rank,인연랭크,ระดับสายใย,localization.json:UI
07_terminology,术语,UI.student_potential,能力解放,能力解放,能力解放,Talent Level,능력 개방,ปลดเพดานความสามารถ,localization.json:UI
07_terminology,术语,UI.support_stats,支援属性值,支援値,支援屬性值,Support Stats,보조 능력치,รายการค่าพลังเสริม,localization.json:UI
07_terminology,术语,UI.special_students,后援学生,スペシャルの生徒,SPECIAL學生,Special Students,스페셜 학생,นักเรียน Special,localization.json:UI
07_terminology,术语,UI.add_recommended,一键添加推荐状态效果,推奨バフ / デバフを追加,一鍵追加推薦狀態效果,Add Recommended Buffs & Debuffs,버프 & 디버프 자동 추가,เพิ่มบัฟและเอฟเฟกต์อันตรายที่แนะนำ,localization.json:UI
07_terminology,术语,UI.buff_search,搜索学生或技能名称,生徒名やスキル名で検索,檢索學生或技能名稱,Search for Student or Skill Name,학생 또는 스킬 이름으로 검색,ค้นหาชื่อนักเรียนหรือชื่อสกิล,localization.json:UI
07_terminology,术语,UI.no_compatible_effects,无适用效果,適用可能な効果がありません,無適用效果,No compatible effects,호환되는 효과 없음,ไม่มีเอฟเฟกต์ที่ใช้งานร่วมกันได้,localization.json:UI
07_terminology,术语,UI.buff_overwritten,被同类状态效果覆盖,同種のバフにより上書きされました,被同類狀態效果覆蓋,Overwritten by similar buff,다른 버프와 중복됨,เอฟเฟกต์ถูกแทนที่ด้วยเอฟเฟกต์ประเภทเดียวกัน,localization.json:UI
07_terminology,术语,UI.filter_all,全选,すべて,全選,All,전체,ทั้งหมด,localization.json:UI
07_terminology,术语,UI.filter_bookmark,收藏,ブックマーク,收藏,Bookmarks,북마크,ที่บุ๊คมาร์คไว้,localization.json:UI
07_terminology,术语,UI.buff_custom_add,添加自定义状态效果,カスタムバフの追加,追加自訂狀態效果,Add User Defined Buff,커스텀 버프 추가,เพิ่มบัฟแบบกำหนดเอง,localization.json:UI
07_terminology,术语,UI.buff_custom,自定义状态效果,カスタムバフ,自訂狀態效果,User Defined,커스텀 버프,บัพแบบกำหนดเอง,localization.json:UI
07_terminology,术语,UI.buff_custom_base,作为基础值添加,固定値として追加,作為基礎值追加,Add as base amount,고정 수치로 추가,เพิ่มค่าเป็นจำนวนเต็ม,localization.json:UI
07_terminology,术语,UI.buff_custom_coefficient,作为百分比值添加,%値として追加,作為百分比值追加,Add as percentage amount,비율로 추가,เพิ่มค่าเป็นเปอร์เซ็นต์,localization.json:UI
07_terminology,术语,UI.buff_custom_name_placeholder,名称 (可选),バフ名（任意）,名稱 (可選),Label (Optional),이름 (선택),ชื่อ (ไม่จำเป็น),localization.json:UI
07_terminology,术语,UI.buff_custom_value_placeholder,值,バフ値,值,Amount,값 입력,จำนวนค่าที่ต้องการ,localization.json:UI
07_terminology,术语,UI.student_skills_upgrades,技能＋,スキルを＋に変更,技能＋,Upgrades,업그레이드,อัปเกรด,localization.json:UI
07_terminology,术语,UI.student_skills_materials,养成素材列表,必要素材,養成素材清單,Materials,재료 리스트,วัตถุดิบ,localization.json:UI
07_terminology,术语,UI.student_skills_materials_none,无养成素材需要.,育成素材は不要です。,無養成素材需求.,No materials required.,필요 재료 없음.,ไม่มีวัตถุดิบที่ต้องการ,localization.json:UI
07_terminology,术语,UI.student_weapon_rank_2star_desc,固有武器最大等级 Lv.30 → <b>Lv.40</b> / 解锁被动技能＋,固有武器のMax Level Lv.30 → <b>Lv.40</b> / パッシブスキル＋を開放,固有武器最大等級 Lv.30 → <b>Lv.40</b> / 解鎖被動技能＋,Exclusive Weapon Max Level Lv.30 → <b>Lv.40</b> / Upgrades Enhanced Skill,고유 무기 최대 레벨 Lv.30 -> <b>Lv.40</b> / 강화 스킬 업그레이드,เลเวลสูงสุดของอาวุธเฉพาะ Lv.30 → <b>Lv.40</b> / อัปเกรดสกิลติดตัว+,localization.json:UI
07_terminology,术语,UI.student_weapon_rank_3star_desc,固有武器最大等級 Lv.40 → <b>Lv.50</b> / 地形适应性强化,固有武器のMax Level Lv.40 → <b>Lv.50</b> / 地形別戦闘力を強化,固有武器最大等級 Lv.40 → <b>Lv.50</b> / 地形適應性強化,Exclusive Weapon Max Level Lv.40 → <b>Lv.50</b> / Upgrades Terrain Strength,고유 무기 최대 레벨 Lv.40 -> <b>Lv.50</b> / 지형 적성 업그레이드,เลเวลสูงสุดของอาวุธเฉพาะ Lv.40 → <b>Lv.50</b> / อัปเกรดความคุ้นชินพื้นที่,localization.json:UI
07_terminology,术语,UI.student_gear_t2_desc,解锁普通技能＋,ノーマルスキル＋を開放,解鎖普通技能＋,Unlocks Basic Skill+,기본 스킬+ 해제,อัปเกรดสกิลพื้นฐาน+,localization.json:UI
07_terminology,术语,UI.attack_type_desc,对{1}目标造成<b>{0}倍</b>伤害.,{1}に<b>{0}倍</b>のダメージを与える。,對{1}目標造成<b>{0}倍</b>傷害.,Deals <b>{0}&times;</b> damage to {1}.,{1} 대상에게 <b>{0}&times;</b> 대미지.,สร้างความเสียหาย <b>&times;{0}</b> ให้กับเป้าหมายประเภท{1},localization.json:UI
07_terminology,术语,UI.attack_type_normal_desc,对<b>常规护甲</b>、<b class='ba-col-explosion'>轻型护甲</b>、<b class='ba-col-pierce'>重型装甲</b>、<b class='ba-col-mystic'>特殊装甲</b>与<b class='ba-col-elasticarmor'>弹性装甲</b>目标造成<b>1倍</b>伤害.,<b class='ba-col-explosion'>軽装備</b>、<b class='ba-col-pierce'>重装甲</b>、<b class='ba-col-mystic'>特殊装甲</b>および<b class='ba-col-elasticarmor'>弾力装甲</b>に対して<b>1倍</b>のダメージを与える。,對<b>常規護甲</b>、<b class='ba-col-explosion'>輕型護甲</b>、<b class='ba-col-pierce'>重型裝甲</b>、<b class='ba-col-mystic'>神秘裝甲</b>與<b class='ba-col-elasticarmor'>彈性裝甲</b>目標造成<b>1倍</b>傷害.,"Deals <b>1&times;</b> damage to <b>Normal Armor</b>, <b class='ba-col-explosion'>Light Armor</b>, <b class='ba-col-pierce'>Heavy Armor</b>, <b class='ba-col-mystic'>Special Armor</b> and <b class='ba-col-elasticarmor'>Elastic Armor</b>.","<b class='ba-col-explosion'>경장갑</b>, <b class='ba-col-pierce'>중장갑</b>, <b class='ba-col-mystic'>신비장갑</b>, <b class='ba-col-elasticarmor'>탄력장갑</b> 대상에게 <b>1&times;</b> 대미지.","สร้างความเสียหาย <b>&times;1</b> ให้กับเป้าหมายประเภท<b>เกราะทั่วไป</b>, <b class='ba-col-explosion'>เกราะเบา</b>, <b class='ba-col-pierce'>เกราะหนัก</b>, <b class='ba-col-mystic'>เกราะพิเศษ</b>และ<b class='ba-col-elasticarmor'>เกราะยืดหยุ่น</b>",localization.json:UI
07_terminology,术语,UI.defense_type_desc,承受<b>{0}倍</b>{1}攻击伤害.,{1}攻撃から<b>{0}倍</b>のダメージを受ける。,承受<b>{0}倍</b>{1}攻擊傷害.,Receives <b>{0}&times;</b> damage from {1} attacks.,{1} 공격으로부터 <b>{0}&times;</b> 대미지를 받습니다.,ได้รับความเสียหาย <b>&times;{0}</b> จากการโจมตีประเภท{1},localization.json:UI
07_terminology,术语,UI.defense_type_normal_desc,承受<b>{0}倍</b><b class='ba-col-explosion'>爆炸</b>、<b class='ba-col-pierce'>贯通</b>、<b class='ba-col-mystic'>神秘</b>与<b class='ba-col-sonic'>振动</b>攻击伤害.,<b class='ba-col-explosion'>爆発</b>、<b class='ba-col-pierce'>貫通</b>、<b class='ba-col-mystic'>神秘</b>および<b class='ba-col-sonic'>振動</b>攻撃から<b>{0}倍</b>のダメージを受ける。,承受<b>{0}倍</b><b class='ba-col-explosion'>爆炸</b>、<b class='ba-col-pierce'>貫通</b>、<b class='ba-col-mystic'>神秘</b>與<b class='ba-col-sonic'>振動</b>攻擊傷害.,"Receives <b>{0}&times;</b> damage from <b>Normal</b>, <b class='ba-col-explosion'>Explosive</b>, <b class='ba-col-pierce'>Piercing</b>, <b class='ba-col-mystic'>Mystic</b> and <b class='ba-col-sonic'>Sonic</b> attacks.","<b class='ba-col-explosion'>폭발</b>, <b class='ba-col-pierce'>관통</b>, <b class='ba-col-mystic'>신비</b>, <b class='ba-col-sonic'>진동</b> 공격으로부터 <b>{0}&times;</b> 대미지를 받습니다.","ได้รับความเสียหาย <b>&times;{0}</b> จากการโจมตีประเภท<b>ทั่วไป</b>,<b class='ba-col-explosion'>ระเบิด</b>, <b class='ba-col-pierce'>เจาะเกราะ</b>, <b class='ba-col-mystic'>ลึกลับ</b>และ<b class='ba-col-sonic'>สั่นสะเทือน</b>",localization.json:UI
07_terminology,术语,UI.comfort,舒适度,快適度,舒適度,Comfort,쾌적도,ค่าน่าอยู่,localization.json:UI
07_terminology,术语,UI.age,年龄,年齢,年齡,Age,나이,อายุ,localization.json:UI
07_terminology,术语,UI.birthday,生日,誕生日,生日,Birthday,생일,วันเกิด,localization.json:UI
07_terminology,术语,UI.hobbies,爱好,趣味,愛好,Hobbies,취미,สนใจ,localization.json:UI
07_terminology,术语,UI.height,身高,身長,身高,Height,키,ส่วนสูง,localization.json:UI
07_terminology,术语,UI.cv,CV,CV.,CV,CV.,CV.,เสียง,localization.json:UI
07_terminology,术语,UI.designer,设计,デザイン,設計,Design,디자인,ผู้ออกแบบ,localization.json:UI
07_terminology,术语,UI.illustrator,原画,イラスト,原畫,Illustrator,일러스트,ผู้วาด,localization.json:UI
07_terminology,术语,UI.bond_title,羁绊等级奖励,絆ランクボーナス,羈絆等級獎勵,Bond Rank Bonus,인연 랭크 보너스,โบนัสระดับสายใย,localization.json:UI
07_terminology,术语,UI.potential_title,能力解放加成,能力解放ボーナス,能力解放加成,Talent Level Bonus,능력 개방 보너,โบนัสปลดปล่อยศักยภาพ,localization.json:UI
07_terminology,术语,UI.favoritem_title,喜欢的礼物,お気に入りの贈り物,喜歡的禮物,Favorite Gifts,좋아하는 선물,ของขวัญที่ชื่นชอบ,localization.json:UI
07_terminology,术语,UI.favoritem_none,此学生没有任何喜欢的礼物,この生徒にはお気に入りの贈り物がありません。,此學生沒有任何喜歡的禮物,This student does not have any favorite gifts.,이 학생은 좋아하는 선물이 없습니다.,นักเรียนนี้ไม่มีของขวัญที่ชื่นชอบเป็นพิเศษ,localization.json:UI
07_terminology,术语,UI.furniture_title,家具互动,家具モーション,家具互動,Furniture Interaction,상호작용,โต้ตอบได้,localization.json:UI
07_terminology,术语,UI.furniture_none,此学生不与任何咖啡厅家具互动,この生徒には家具モーションがありません。,此學生不與任何咖啡廳家具互動,This student does not interact with any cafe furniture.,카페 상호작용 가구 없음.,นักเรียนนี้ไม่มีการโต้ตอบกับเฟอร์นิเจอร์,localization.json:UI
07_terminology,术语,UI.student_list,学生列表,生徒一覧,學生清單,Student List,학생 리스트,รายชื่อนักเรียน,localization.json:UI
07_terminology,术语,UI.list,列表,一覧,清單,List,목록,รายชื่อ,localization.json:UI
07_terminology,术语,UI.filters,过滤器,フィルタ,篩選,Filters,필터,ตัวกรอง,localization.json:UI
07_terminology,术语,UI.filters_clear,清除{0}个过滤器,フィルタを{0}個解除,清除{0}個篩選,Clear {0} filter(s),필터 {0}개 해제,เคลียร์ {0} ตัวกรอง,localization.json:UI
07_terminology,术语,UI.students_displayed,已显示 {0} / {1} 位学生,{0} / {1}人の生徒を表示しています,已顯示 {0} / {1} 位學生,{0} / {1} students displayed,{0} / {1} 학생 표시중,แสดงนักเรียนจำนวน {0} / {1},localization.json:UI
07_terminology,术语,UI.student_search_info,显示所有信息,全情報を表示,顯示所有資訊,Show all Info,모든 정보 표시,แสดงข้อมูลทั้งหมด,localization.json:UI
07_terminology,术语,UI.sortby,排序,並び替え,排序,Sort By,정렬,เรียงตาม,localization.json:UI
07_terminology,术语,UI.default,默认,デフォルト,預設,Default,기본값,ค่าเริ่มต้น,localization.json:UI
07_terminology,术语,UI.release_date,实装日期,実装日,實裝日期,Released,출시일,วันที่เข้าเกม,localization.json:UI
07_terminology,术语,UI.stat,属性,ステータス,屬性,Stat,능력치,ค่าสถานะ,localization.json:UI
07_terminology,术语,UI.name,名称,名前,名稱,Name,이름,ชื่อ,localization.json:UI
07_terminology,术语,UI.type,战略定位,役割,戰略定位,Type,전술 역할,ประเภท,localization.json:UI
07_terminology,术语,UI.role,战术类别,クラス,戰術類別,Role,역할,บทบาท,localization.json:UI
07_terminology,术语,UI.rarity,稀有度,レア度,稀有度,Rarity,희귀도,หายาก,localization.json:UI
07_terminology,术语,UI.rarity_availability,稀有度 / 获取方式,レア度 / 入手機会,稀有度 / 獲取管道,Rarity / Availability,희귀도,หายาก,localization.json:UI
07_terminology,术语,UI.attacktype,攻击属性,攻撃タイプ,攻擊屬性,Attack Type,공격타입,ประเภทการโจมตี,localization.json:UI
07_terminology,术语,UI.defensetype,防御属性,防御タイプ,防禦屬性,Defense Type,방어타입,ประเภทเกราะ,localization.json:UI
07_terminology,术语,UI.school,学园,学園,學園,Academy,학원,โรงเรียน,localization.json:UI
07_terminology,术语,UI.club,社团,部活,社團,Club,동아리,ชมรม,localization.json:UI
07_terminology,术语,UI.weapon,武器种类,武器種,武器種類,Weapon Type,무기종류,ประเภทอาวุธ,localization.json:UI
07_terminology,术语,UI.position,站位,ポジション,站位,Position,포지션,ตำแหน่ง,localization.json:UI
07_terminology,术语,UI.category,类别,区分,類別,Category,구분,ประเภท,localization.json:UI
07_terminology,术语,UI.subcategory,子类别,下位区分,子類別,Sub-Category,하위분류,ประเภทย่อย,localization.json:UI
07_terminology,术语,UI.combat_power,地形适应性,地形別戦闘力,地形適應性,Terrain Strength,지형전투력,ความคุ้นชินพื้นที่,localization.json:UI
07_terminology,术语,UI.misc,其他,その他,雜項,Misc.,기타,อื่นๆ,localization.json:UI
07_terminology,术语,UI.uses_cover,使用掩体,遮蔽物使用,使用掩體,Uses Cover,엄폐,ใช้กำบังได้,localization.json:UI
07_terminology,术语,UI.doesnt_use_cover,不使用掩体,遮蔽物不使用,不使用掩體,Doesn't Use Cover,엄폐안함,ไม่ใช้กำบัง,localization.json:UI
07_terminology,术语,UI.can_cc,可施加群控状态,CC付与,可施加群控狀態,Can CC,군중제어기,มีเอฟเฟกต์กดขี่,localization.json:UI
07_terminology,术语,UI.can_buff,可赋予增益状态,バフ付与,可賦予增益狀態,Can Buff,버프 스킬,มีบัฟ,localization.json:UI
07_terminology,术语,UI.can_debuff,可施加减益状态,弱体状態付与,可施加減益狀態,Can Debuff,디버프 스킬,มีเอฟเฟกต์อันตราย,localization.json:UI
07_terminology,术语,UI.can_heal,可回复生命值,回復スキル,可回復生命值,Can Heal,치유,มีการฟื้นฟู HP,localization.json:UI
07_terminology,术语,UI.can_shield,可赋予护盾,シールドスキル,可賦予護盾,Can Shield,실드,มีบาเรีย,localization.json:UI
07_terminology,术语,UI.can_dispel,可解除减益状态,弱体状態解除,可解除減益狀態,Can Dispel,효과 해제,มีลบเอฟเฟกต์,localization.json:UI
07_terminology,术语,UI.can_reposition,可位移,誘導スキル,可位移,Can Reposition,이동 스킬,สามารถเคลื่อนย้ายทีม/ตัวเองได้,localization.json:UI
07_terminology,术语,UI.can_summon,召唤物,召喚物スキル,召喚物,Has Summon,소환 스킬,มีวัตถุอัญเชิญ,localization.json:UI
07_terminology,术语,UI.ex_ignore_cover,EX无视掩体,遮蔽無視EX,EX無視掩體,EX Ignores Cover,EX 엄폐 무시,สกิล EX ไม่สนกำบัง,localization.json:UI
07_terminology,术语,UI.ex_area_damage,EX范围伤害,範囲ダメージEX,EX範圍傷害,AoE DMG EX,EX 범위 공격,สกิล EX ทำดาเมจ AoE,localization.json:UI
07_terminology,术语,UI.uses_artifact,养成所需错时遗物,使用オーパーツ,養成所需歐帕兹,Uses Artifact,사용 오파츠,วัตถุหลงยุคที่ใช้,localization.json:UI
07_terminology,术语,UI.filter_include_weapon_upgrade,含固有武器适应性强化,固有武器による強化を含める,含固有武器適應性強化,Include Weapon Upgrade,고유 무기 업그레이드 포함,นับรวมผลของอาวุธเฉพาะ,localization.json:UI
07_terminology,术语,UI.memory_lobby,纪念大厅,メモリアルロビー,紀念大廳,Recollection Lobby,메모리얼 로비,ล็อบบี้แห่งความทรงจำ,localization.json:UI
07_terminology,术语,UI.memory_lobby_student,{0}的纪念大厅,{0}のメモリアルロビー,{0}的紀念大廳,{0}'s Recollection Lobby,{0}의 메모리얼 로비,ล็อบบี้แห่งความทรงจำของ{0},localization.json:UI
07_terminology,术语,UI.memory_lobby_unlock,{1}羁绊等级达到{0}后解锁,{1}との絆ランクが{0}になると開放,{1}羈絆等級達成{0}後解鎖,Unlocks after reaching bond rank {0} with {1},{1}와의 인연 랭크 {0} 도달시 잠금해제,ปลดล็อคหลังจากระดับสายใยของ{1}ถึงระดับ {0},localization.json:UI
07_terminology,术语,UI.memory_lobby_unlock_level,纪念大厅解锁,メモリアルロビー開放,紀念大廳解鎖,Lobby Unlock,메모리얼 잠금해제,ระดับสายใยที่ปลดล็อบบี้ฯ,localization.json:UI
07_terminology,术语,UI.memory_lobby_bgm_name,纪念大厅BGM,メモリアルロビーBGM,紀念大廳BGM,Lobby BGM,메모리얼 BGM,เพลงประกอบล็อบบี้ฯ,localization.json:UI
07_terminology,术语,UI.student_stars,神秘解放阶段,神秘開放,神秘解放階段,★ Quantity,신비해방,จำนวนดาวที่มี,localization.json:UI
07_terminology,术语,UI.terrain_adaption,{0}地形适应性,{0}戦闘力,{0}地形適應性,{0} Combat Power,{0} 전투력,ค่าต่อสู้{0},localization.json:UI
07_terminology,术语,UI.terrain_adaption_details,在<b>{1}</b>地形造成<b>{0}倍</b>伤害 处于掩体掩护下时掩护成功率<b>增加{2}%</b> 攻击时无视掩体概率<b>增加{2}%</b>,{1}では<b>{0}倍</b>のダメージを与える。 遮蔽物使用時に遮蔽ブロック率を<b>{2}%増加する</b>。 遮蔽貫通率を<b>{2}%増加する</b>。,在<b>{1}</b>地形造成<b>{0}倍</b>傷害. 處於掩體掩護下時掩護成功率<b>增加{2}%</b>. 攻擊時無視掩體機率<b>增加{2}%</b>.,Deals <b>{0}&times;</b> damage in <b>{1}</b> terrain. Block rate when taking cover is increased by <b>{2}%</b>. Enemy block rate reduced by <b>{2}%</b> when attacking.,<b>{1}</b> 지형에서 <b>{0}&times;</b> 대미지. 엄폐 성공률이 <b>{2}%</b> 증가. 공격하는 적의 엄폐 성공률이 <b>{2}%</b> 감소.,สร้างความเสียหาย <b>&times;{0}</b> ในพื้นที่<b>{1}</b> อัตรากำบังสำเร็จเมื่ออยู่ในกำบังเพิ่มขึ้น <b>{2}%</b> อัตรากำบังสำเร็จของศัตรูเมื่อโจมตีลดลง <b>{2}%</b>,localization.json:UI
07_terminology,术语,UI.stat_details,详细属性,詳細ステータス,詳細屬性,Detailed Character Stats,상세 능력치,ค่าสถานะตัวละครแบบละเอียด,localization.json:UI
07_terminology,术语,UI.buffs,状态效果,バフ / デバフ,狀態效果,Buffs & Debuffs,버프,บัฟและเอฟเฟกต์อันตราย,localization.json:UI
07_terminology,术语,UI.configure_buffs,设置状态效果,バフ / デバフを設定,設定狀態效果,Configure Buffs & Debuffs,버프 / 디버프 설정,ตั้งค่าบัฟและเอฟเฟกต์อันตราย,localization.json:UI
07_terminology,术语,UI.self,自身,自分,自身,Self,자신,ตัวเอง,localization.json:UI
07_terminology,术语,UI.ally,我方单位,味方,我方單位,Ally,아군,ฝ่ายเรา,localization.json:UI
07_terminology,术语,UI.target,目标,対象,目標,Target,대상,เป้าหมาย,localization.json:UI
07_terminology,术语,UI.summon,召唤物,召喚物,召喚物,Summon,소환,วัตถุอัญเชิญ/วัตถุกำบัง,localization.json:UI
07_terminology,术语,UI.summon_inheritance,额外持有{1}{0}的{2},{1}の{2}の{0}を引き継ぐ,額外持有{1}{0}的{2},Inherits {0} of {1}'s {2},{1}의 {2} {0} 부여,ได้รับ{2} {0} ของ{2}ของ{1},localization.json:UI
07_terminology,术语,UI.damage_reduction,防御伤害减免,ダメージ軽減,傷害減免,Damage Reduction,대미지 감소,ลดความเสียหายที่ได้รับลง,localization.json:UI
07_terminology,术语,UI.minimum_damage,最低伤害,ダメージの下限,最低傷害,Minimum Damage,최소 대미지,ความเสียหายขั้นต่ำ,localization.json:UI
07_terminology,术语,UI.striker_bonus,支援属性值,支援値,支援屬性值,Striker Bonus,스트라이커 보너스,สเตตัสโบนัสให้ Striker,localization.json:UI
07_terminology,术语,UI.stat_info,属性信息,ステータス情報,屬性資訊,Stats Info,능력치 정보,ข้อมูลค่าพลัง,localization.json:UI
07_terminology,术语,UI.rec_level,推荐,おすすめ,推薦,Rec.,추천,เลเวลแนะนำ,localization.json:UI
07_terminology,术语,UI.stage_rewards,可获得报酬,獲得期待報酬,可獲得報酬,Rewards,획득 가능 보상,รางวัลที่มีโอกาสได้รับ,localization.json:UI
07_terminology,术语,UI.rewards_none,无报酬,報酬はありません。,無報酬,No rewards.,보상 없음.,ไม่มีรางวัลที่ได้รับ,localization.json:UI
07_terminology,术语,UI.rewards_findgift_msg,每个被击败的敌方单位会掉落以下物品之一：,倒した敵一体につき以下の中から一つを獲得:,每個被擊敗的敵方單位會掉落以下道具之一：,Each enemy defeated will drop one of the following items:,적을 쓰러트리면 다음 중 하나의 보상 획득:,ศัตรูแต่ละตัวที่ถูกกำจัดจะดรอปไอเทมต่อไปนี้,localization.json:UI
07_terminology,术语,UI.stage_enemies,敌方信息,敵情報,敵方資訊,Enemies,적 정보,ข้อมูลศัตรู,localization.json:UI
07_terminology,术语,UI.stage_info,信息,情報,資訊,Info,정보,ข้อมูล,localization.json:UI
07_terminology,术语,UI.stage_map,战略地图,マップ,戰略地圖,Map,맵,แผนที่,localization.json:UI
07_terminology,术语,UI.stage_conquest_tile,单元格,タイル,單元格,Tile,구역,พื้นที่,localization.json:UI
07_terminology,术语,UI.event_version,活动版本,イベント種別,活動版本,Event Version,이벤트 버전,เวอร์ชั่นอีเวนท์,localization.json:UI
07_terminology,术语,UI.stage_original,初版,初回,初版,Original,원본,ครั้งแรก,localization.json:UI
07_terminology,术语,UI.stage_rerun,复刻,復刻,復刻,Rerun,복각,รีรัน,localization.json:UI
07_terminology,术语,UI.stage_permanent,常驻,常設,常駐,Permanent,상시,ถาวร,localization.json:UI
07_terminology,术语,UI.starcondition_clear,完成,クリア,完成,Clear,클리어,เคลียร์,localization.json:UI
07_terminology,术语,UI.starcondition_cleartime,{0}秒内完成,<b>{0}</b>秒以内にクリア。,{0}秒內完成,Clear within <b>{0}</b> second(s).,<b>{0}</b>초 이내 클리어,เคลียร์ใน {0} วินาที,localization.json:UI
07_terminology,术语,UI.starcondition_earnrewards,获得奖励{0}个,報酬を<b>{0}</b>個獲得。,獲得獎勵{0}個,Earn <b>{0}</b> reward(s).,보상 {0}개 획득,ได้รับรางวัล {0} ชิ้น,localization.json:UI
07_terminology,术语,UI.starcondition_defeatall,击败所有敌方单位,すべての敵を撃破する。,擊敗所有敵方單位,Defeat all enemies.,모든 적 격파,กำจัดศัตรูทั้งหมด,localization.json:UI
07_terminology,术语,UI.starcondition_defeatalltime,{0}秒内击败所有敌方单位,<b>{0}</b>秒以内にすべての敵を撃破する。,{0}秒內擊敗所有敵方單位,Defeat all enemies within <b>{0}</b> seconds.,{0}초 안에 모든 적 격파,กำจัดศัตรูทั้งหมดภายใน {0} วินาที,localization.json:UI
07_terminology,术语,UI.starcondition_allsurvive,无人退却,誰も退却させられていない。,無人退卻,All students survive.,모든 학생 생존,ปลอดภัยทุกคน,localization.json:UI
07_terminology,术语,UI.starcondition_complete,任务完成,任務完了,任務完成,Mission Complete,임무 완료,จบภารกิจ,localization.json:UI
07_terminology,术语,UI.starcondition_clearturns,{0}回合内完成关卡,<b>{0}</b>ターン以内にステージクリア,{0}回合內完成關卡,Clear stage within <b>{0}</b> turn(s).,{0}턴 내 스테이지 클리어,เคลียร์ด่านภายใน {0} เทิร์น,localization.json:UI
07_terminology,术语,UI.starcondition_sranks,获得S评级{0}次,Sランクを<b>{0}</b>回獲得,獲得S評價{0}次,Acquire S rank <b>{0}</b> time(s).,S랭크 {0}회 획득,ได้ระดับ S {0} ครั้ง,localization.json:UI
07_terminology,术语,UI.no_results,无结果,該当なし。,無結果,No results.,결과 없음.,ไม่มีผลลัพธ์,localization.json:UI
07_terminology,术语,UI.furniture_set,家具系列,セット,家具系列,Set,세트,เซ็ต,localization.json:UI
07_terminology,术语,UI.furniture_template,家具模板 {0},モデルルーム：{0},家具模板 {0},Preset Layout {0},프리셋 배치 {0},ห้องตามธีม : {0},localization.json:UI
07_terminology,术语,UI.furniture_templates,在以下家具模板中被使用：,以下のモデルルームで使用される,在以下家具模板中被使用：,Used in the following preset layouts,다음 프리셋 배치에 포함,ใช้ในเซ็ตเฟอร์นิเจอร์ต่อไปนี้,localization.json:UI
07_terminology,术语,UI.furniture_size,占地,サイズ,占地,Size,크기,ขนาดเฟอร์นิเจอร์,localization.json:UI
07_terminology,术语,UI.others,其他,その他,其他,Other,기타,อื่นๆ,localization.json:UI
07_terminology,术语,UI.options,选项,オプション,選項,Options,옵션,ตั้งค่า,localization.json:UI
07_terminology,术语,UI.details,详情,詳細,詳情,Details,상세,รายละเอียด,localization.json:UI
07_terminology,术语,UI.calculations,计算,計算,計算,Calculations,계산,คำนวน,localization.json:UI
07_terminology,术语,UI.options_short,选项,オプション,選項,Opts.,옵션,ตั้งค่า,localization.json:UI
07_terminology,术语,UI.rules,规则,特殊ルール,規則,Rules,규칙,กฏพิเศษ,localization.json:UI
07_terminology,术语,UI.ta_phase,阶段{0},フェーズ{0},階段{0},Stage {0},단계{0},ขั้นที่ {0},localization.json:UI
07_terminology,术语,UI.craft_rewards,可能制造的物品：,獲得可能アイテム,可能製造的道具：,Possible Items,획득 가능 아이템,ไอเทมที่สามารถได้รับ,localization.json:UI
07_terminology,术语,UI.craft_fusion,定向制造,テイラーメイド,合成物質,Material Fusion,물질 합성,รวมวัตถุ,localization.json:UI
07_terminology,术语,UI.craft_recipe_items,定向制造所需物品：,必要アイテム,合成製造所需道具：,Required Items,필요 아이템,วัตถุดิบที่ต้องการ,localization.json:UI
07_terminology,术语,UI.craft_using,使用以下物品制造：,以下のアイテムを消費して製造可能,使用以下道具製造：,Crafted using the following items,제작에 필요한 재료,คราฟโดยใช้ไอเทมต่อไปนี้,localization.json:UI
07_terminology,术语,UI.craft_toggle_chance,切换显示节点出现概率,ノード出現率を表示,切換顯示節點出現機率,Show Node Appearance Rates,노드 등장 확률 표시,แสดง/ซ่อนอัตราการปรากฏของโหนด,localization.json:UI
07_terminology,术语,UI.craft_toggle_language,切换显示日语节点名称,,切換顯示日語節點名稱,Show Japanese Node Names,노드명 일본어로 표시,แสดงชื่อโหนดในภาษาญี่ปุ่น,localization.json:UI
07_terminology,术语,UI.bond_req_equip,需要 {1} 羁绊等级 {0} 以装备,装備には{1}の絆ランク{0}が必要,需要 {1} 羈絆等級 {0} 以裝備,Requires {0} with {1} to equip,착용하려면 {1} 인연 랭크 {0} 필요,ต้องการ ของ {1} ระดับ {0} เพื่อสวมใส่,localization.json:UI
07_terminology,术语,UI.bond_req_upgrade,需要 {1} 羁绊等级 {0} 以升级,強化には{1}の絆ランク{0}が必要,需要 {1} 羈絆等級 {0} 以升級,Requires {0} with {1} to upgrade,업그레이드하려면 {1} 인연 랭크 {0} 필요,ต้องการ ของ {1} ระดับ {0} เพื่ออัปเกรด,localization.json:UI
07_terminology,术语,UI.gacha_pickup,特选招募,ピックアップ募集,特選招募,Pick-Up Recruitment,픽업 모집,ตู้เพิ่มเรท,localization.json:UI
07_terminology,术语,UI.rewards,报酬,報酬,報酬,Rewards,보상,รางวัล,localization.json:UI
07_terminology,术语,UI.stage_reward_firstclear,首次,初回,首次,1st Time,초회,ครั้งแรก,localization.json:UI
07_terminology,术语,UI.stage_reward_threestar,3★,3★,3★,3★,3★,3★,localization.json:UI
07_terminology,术语,UI.stage_reward_bonus,加成,Bonus,加成,Bonus,Bonus,โบนัส,localization.json:UI
07_terminology,术语,UI.no_bonus,无加成,なし,無加成,None,없음,ไม่มีโบนัสดรอป,localization.json:UI
07_terminology,术语,UI.max_bonus,最大加成,最大,最大加成,Maximum,최대,โบนัสดรอปสูงสุด,localization.json:UI
07_terminology,术语,UI.own_bonus,仅 集合内已持有学生 加成,所属生徒のみ,僅 集合内已持有學生 加成,Owned Only,컬렉션 보유중,โบนัสดรอปจากนักเรียนที่มี,localization.json:UI
07_terminology,术语,UI.max_bonus_amount,最大加成 {0},最大ボーナス {0},最大加成 {0},Max Bonus {0},최대 보너스 {0},โบนัสดรอปสูงสุด {0},localization.json:UI
07_terminology,术语,UI.rewards_season,赛季报酬,総合ランキングPt報酬,賽季報酬,Season Pt. Reward,시즌 보상,รางวัลซีซั่น,localization.json:UI
07_terminology,术语,UI.raid_tab,总力战/大决战,総力戦/大決戦,總力戰/大決戰,Total/Grand Assault,총력전/대결전,เรดบอส/แกรนด์เรดบอส,localization.json:UI
07_terminology,术语,UI.seasons,赛季,シーズン,賽季,Seasons,시즌,ซีซั่น,localization.json:UI
07_terminology,术语,UI.raid_season,赛季 {0},シーズン{0},賽季 {0},Season {0},시즌 {0},ซีซั่น {0},localization.json:UI
07_terminology,术语,UI.raid_season_select,选择赛季,シーズンを選択,選擇賽季,Select Season,시즌 선택,เลือกซีซั่น,localization.json:UI
07_terminology,术语,UI.equipment_tier,装备梯级,装備Tier,裝備等階,Equipment Tier,장비 티어,ระดับอุปกรณ์,localization.json:UI
07_terminology,术语,UI.show_all,显示所有,すべて表示,顯示所有,Show All,모두 표시,แสดงทั้งหมด,localization.json:UI
07_terminology,术语,UI.craftable,可制造,製造可能,可製造,Craftable,제조 가능,สร้างในคราฟแชมเบอร์ได้,localization.json:UI
07_terminology,术语,UI.stagedrop,可刷取,恒常獲得可能,可刷取,Farmable,파밍 가능,ฟาร์มในด่านได้,localization.json:UI
07_terminology,术语,UI.shop,可购买,購入可能,可購買,Purchasable,구매 가능,ซื้อในร้านค้าได้,localization.json:UI
07_terminology,术语,UI.furniture_interaction_list,以下学生与此家具互动：,家具モーションのある生徒,以下學生與此家具互動：,The following students interact with this furniture,이 가구와 상호작용이 있는 학생,นักเรียนที่ตอบโต้กับเฟอร์นิเจอร์นี้,localization.json:UI
07_terminology,术语,UI.item_student_favor,赠予以下学生时 ＋{0} 羁绊经验：,以下の生徒にプレゼントすると絆EXPを{0}増加する,贈予以下學生時 ＋{0} 羈絆經驗：,{0} EXP when given to,아래 학생들에게 선물하면 +{0} 인연 EXP,เพิ่มค่าความสัมพันธ์ {0} เมื่อมอบให้กับนักเรียนดังต่อไปนี้,localization.json:UI
07_terminology,术语,UI.item_student_favor_default,赠予其他学生时 ＋{0} 羁绊经验：,それ以外の生徒にプレゼントすると絆EXPを{0}増加する,贈予其他學生時 ＋{0} 羈絆經驗：,{0} EXP when given to all other students,다른 학생들에게 선물하면 +{0} 인연 EXP,เพิ่มค่าความสัมพันธ์ {0} เมื่อมอบให้กับนักเรียนคนอื่นๆ,localization.json:UI
07_terminology,术语,UI.item_student_favor_all,赠予任何学生时 ＋{0} 羁绊经验,どの生徒にプレゼントした時も絆EXPを{0}増加する,贈予任何學生時 ＋{0} 羈絆經驗,{0} EXP when given to any student,모든 학생들에게 선물하면 +{0} 인연 EXP,เพิ่มค่าความสัมพันธ์ {0} เมื่อมอบให้กับนักเรียนทุกคน,localization.json:UI
07_terminology,术语,UI.item_usedby_gear,用于强化以下学生的爱用品：,以下の生徒の愛用品の強化に必要,用於强化以下學生的愛用品：,Used to improve the following students' unique item,아래 학생의 애장품 업그레이드에 필요,ใช้ในการอัปเกรดอุปกรณ์พิเศษของนักเรียนดังต่อไปนี้,localization.json:UI
07_terminology,术语,UI.item_usedby_potential,用于以下学生的能力解放：,以下の生徒の能力解放に必要,用於以下學生的能力解放：,Used to unlock talent levels in the following students,아래 학생들의 능력 개방에 사용,ใช้เพื่อปลดปล่อยศักยภาพให้กับนักเรียนดังต่อไปนี้,localization.json:UI
07_terminology,术语,UI.item_usedby,被以下学生使用：,以下の生徒が装備可能,被以下學生使用：,Used by the following students,사용 학생,ใช้โดยนักเรียนดังต่อไปนี้,localization.json:UI
07_terminology,术语,UI.item_usedby_exskill_amount,EX技能需求量：{0},EXスキルの最大強化に必要な数：{0},EX技能需求量：{0},Needed for EX Skill: {0},EX 스킬 최대 성장 필요량: {0},ใช้ในการอัปเกรดสกิล EX: {0},localization.json:UI
07_terminology,术语,UI.item_usedby_skill_amount,普通技能/被动技能/子技能需求量：{0},ノーマル、パッシブ、またはサブスキルの最大強化に必要な数：{0},普通技能/被動技能/子技能需求量：{0},Needed for Basic/Enhanced/Sub Skill: {0},기본/강화/서브 스킬 최대 성장 필요량: {0},ใช้ในการอัปเกรดสกิลพื้นฐาน/ติดตัว/รอง: {0},localization.json:UI
07_terminology,术语,UI.item_usedby_skill,用于升级以下学生的技能：,以下の生徒のスキル強化に必要,用於升級以下學生的技能：,Used to improve the following students' skills,아래 학생의 스킬 성장에 필요,ใช้เพื่อพัฒนาสกิลของนักเรียนดังต่อไปนี้,localization.json:UI
07_terminology,术语,UI.item_usedby_eleph,用于解锁以下学生：,以下の生徒の神秘開放に必要,用於解鎖以下學生：,Used to increase ★ quantity in the following student,아래 학생의 신비 해방에 필요,ใช้เพื่อเพิ่มดาวนักเรียนดังต่อไปนี้,localization.json:UI
07_terminology,术语,UI.item_usedby_none,不被任何学生使用,使用する生徒はいません,不被任何學生使用,Not used by any students,사용하는 학생 없음,ไม่มีนักเรียนที่ใช้ไอเทมนี้,localization.json:UI
07_terminology,术语,UI.item_obtainedfrom_stage,可从以下关卡获得：,以下のステージで獲得可能,可從以下關卡獲得：,Obtained from the following missions,획득 가능 스테이지,ได้รับจากด่านดังต่อไปนี้,localization.json:UI
07_terminology,术语,UI.item_obtainedfrom_synthesis,可从以下节点制造节点获得：,ジェネレートで獲得可能,可從以下生成物質節點獲得：,Obtained via material synthesis,물질 생성에서 획득 가능,ได้รับจากโหนดสร้างไอเทมต่อไปนี้,localization.json:UI
07_terminology,术语,UI.synthesis_ingredients,需要填充100%的可用原料,使用可能な材料の100%分が必要,需要填充100%的可用原料,Requires 100% worth of eligible ingredients,사용 가능한 재료 총 100% 필요,ต้องการผลรวม 100% จากวัตถุดิบดังต่อไปนี้,localization.json:UI
07_terminology,术语,UI.random_item,随机物品,ランダムアイテム,隨機道具,Random Item,무작위 아이템,ไอเทมแบบสุ่ม,localization.json:UI
07_terminology,术语,UI.group_tooltip_overflow,... (单击以查看剩余{0}个物品),クリックして更に{0}個のアイテムを表示,... (點擊以查看剩餘{0}個物品),... (Click to view {0} more items),클릭해서 총 {0}개 아이템 표시,... (คลิกเพื่อดูไอเทมเพิ่มเติมอีก {0} รายการ),localization.json:UI
07_terminology,术语,UI.ingredient_list,原料列表,材料一覧,原料清單,Ingredient List,재료 목록,รายชื่อวัตถุดิบ,localization.json:UI
07_terminology,术语,UI.item_obtainedfrom_fusion,可从以下定向制造选项获得：,テーラーメイドで獲得可能,可從以下合成物質選項獲得：,Obtained via material fusion,물질 합성에서 획득 가능,ได้รับจากสูตรรวมไอเทมต่อไปนี้,localization.json:UI
07_terminology,术语,UI.item_obtainedfrom_consumable,可从以下消耗品获得：,アイテム使用で獲得可能,可從以下消耗品獲得：,Obtained via consumable,소모품을 사용해 획득 가능,ได้รับจากไอเทมใช้งานต่อไปนี้,localization.json:UI
07_terminology,术语,UI.item_purchasedfrom,可从以下商店购买：,以下のショップで購入可能,可從以下商店購買：,Purchased from the following shops,구매 가능 상점,ซื้อได้จากร้านค้าดังต่อไปนี้,localization.json:UI
07_terminology,术语,UI.item_eventbonus,以下学生可增加获得该活动代币的数量：,以下の生徒を編成するとこのアイテムの獲得量が増加する。,以下學生可增加獲得該活動貨幣的數量：,The following students earn bonus amounts of this currency.,아래 학생을 편성시 이 재화를 추가로 획득할 수 있습니다.,ไอเทมนี้ได้รับโบนัสดรอปจากนักเรียนดังต่อไปนี้,localization.json:UI
07_terminology,术语,UI.item_contains,使用后获得以下物品：,以下のアイテムを獲得する,使用後獲得以下道具：,Rewards the following items,사용시 아래 아이템 획득,ได้รับไอเทมดังต่อไปนี้,localization.json:UI
07_terminology,术语,UI.item_contains_random,可随机获得以下物品之一：,以下のアイテムの中から一つをランダムに獲得する,可隨機獲得以下道具之一：,Randomly rewards one of the following items,아래 아이템 중 하나를 무작위로 획득,สุ่มรับหนึ่งในบรรดาไอเทมดังต่อไปนี้,localization.json:UI
07_terminology,术语,UI.item_contains_choice,可选择获得以下物品之一：,以下のアイテムの中から一つを選択して獲得する,可選擇獲得以下道具之一：,Rewards a choice of one of the following items,아래 아이템 중 하나를 선택하여 획득,เลือกรับหนึ่งในบรรดาไอเทมดังต่อไปนี้,localization.json:UI
07_terminology,术语,UI.conquest_area,区域 {0},エリア{0},區域 {0},Area {0},{0} 지역,พื้นที่ {0},localization.json:UI
07_terminology,术语,UI.conquest_occupy,占领,占領,占領,Occupy,점령,ยึด,localization.json:UI
07_terminology,术语,UI.conquest_operate,运营,運営,營運,Operate,운영,จัดการ,localization.json:UI
07_terminology,术语,UI.conquest_analyze,分析,分析,分析,Analyze,분석,วิเคราะห์,localization.json:UI
07_terminology,术语,UI.base_level,据点信息,拠点レベル,據點資訊,Base Info,거점 레벨,เลเวลฐาน,localization.json:UI
07_terminology,术语,UI.base_upgrade_cost,升级花费,拠点レベルアップ,升級花費,Upgrade Cost,거점 레벨,เลเวลฐาน,localization.json:UI
07_terminology,术语,UI.base_settlement,结算获得报酬,精算獲得報酬,結算獲得報酬,Settlement,정산 획득 보상,รางวัลดำเนินการ,localization.json:UI
07_terminology,术语,UI.school_bonus,学园编队增益,学園編成効果,學園編隊增益,Academy Buff,학원 편성 효과,เอฟเฟกต์จัดทีมโรงเรียน,localization.json:UI
07_terminology,术语,UI.school_bonus_num_students,{0}名学生:,{0}人:,{0}名學生:,{0} Students:,{0}명:,{0}คน:,localization.json:UI
07_terminology,术语,UI.school_bonus_conquest,"{2}报酬＋{0}%, 占领攻击力＋{1}%","{2}報酬追加獲得+{0}%, 攻撃力増加+{1}%","{2}報酬＋{0}%, 占領攻擊力＋{1}%","({2}) Event Currency Reward +{0}%, (Occupy) ATK +{1}%","{2} 보상 추가 획득 +{0}%, 공격력 증가 +{1}%","รับรางวัล{2}เพิ่ม +{0}%, เพิ่มค่าโจมตี +{1}%",localization.json:UI
07_terminology,术语,UI.tooltip_bond_level,{0}的羁绊等级,{0}の絆ランク,{0}的羈絆等級,{0}'s Bond Level,{0} 인연 레벨,ระดับสายใยของ{0},localization.json:UI
07_terminology,术语,UI.tooltip_weapon_level,固有武器等级,固有武器レベル,固有武器等級,Exclusive Weapon Level,고유 무기 레벨,เลเวลของอาวุธเฉพาะ,localization.json:UI
07_terminology,术语,UI.tooltip_potential_level,{0}能力解放等级,{0}能力解放レベル,{0}能力解放等級,{0} Talent Level,{0} 능력 개방 레벨,ระดับการปลดปล่อยศักยภาพ{0},localization.json:UI
07_terminology,术语,UI.tooltip_collection_add,添加到集合 <small>(保存已选学生的数据)</small>,生徒データに追加 <small>(選択されたステータスを保存します)</small>,添加到集合 <small>(儲存已選學生的資料)</small>,Add to Collection <small>(Saves selected stats)</small>,컬렉션에 추가 <small>(학생 상태 저장)</small>,เพิ่มลงในคอลเลคชั่น,localization.json:UI
07_terminology,术语,UI.tooltip_collection_remove,从集合中移除,生徒データから削除,從集合中移除,Remove from Collection,컬렉션에서 제거,เอาออกจากคอลเลคชั่น,localization.json:UI
07_terminology,术语,UI.tooltip_sprite_toggle,切换立绘,立ち絵を切替,切換立繪,Toggle Alternate Portrait,스프라이트 변경,เปลี่ยนรูป,localization.json:UI
07_terminology,术语,UI.collection,集合,所属生徒,集合,Collection,컬렉션,คอลเลคชั่น,localization.json:UI
07_terminology,术语,UI.collection_owned,已添加,所属,已添加,Owned,보유,มีแล้ว,localization.json:UI
07_terminology,术语,UI.collection_notowned,未添加,未所属,未添加,Not Owned,미보유,ยังไม่มี,localization.json:UI
07_terminology,术语,UI.favourites,收藏,お気に入り,收藏,Favorites,즐겨찾기,ปักหมุด,localization.json:UI
07_terminology,术语,UI.favourites_add,添加至收藏,お気に入りに追加,追加至收藏,Add to Favorites,즐겨찾기에 추가,เพิ่มในปักหมุด,localization.json:UI
07_terminology,术语,UI.favourites_remove,从收藏中移除,お気に入りを解除,從收藏中移除,Remove from Favorites,즐겨찾기에서 제거,นำออกจากปักหมุด,localization.json:UI
07_terminology,术语,UI.add,添加,追加,追加,Add,추가,เพิ่ม,localization.json:UI
07_terminology,术语,UI.remove,移除,解除,移除,Remove,제거,นำออก,localization.json:UI
07_terminology,术语,UI.toast_import_success,导入学生集合成功,{0}名分の生徒データのインポートに成功しました,匯入學生集合成功,Successfully imported collection data for {0} students,학생 컬렉션 {0}명을 성공적으로 불러왔습니다,นำเข้าข้อมูลนักเรียนในคอลเลคชั่นสำเร็จ,localization.json:UI
07_terminology,术语,UI.toast_import_failure,导入学生集合时出错,生徒データのインポート時にエラーが発生しました,匯入學生集合時出錯,Error importing student collection,학생 컬렉션을 불러오는데 실패했습니다,ประสบปัญหาในการนำเข้าข้อมูลนักเรียนในคอลเลคชั่น,localization.json:UI
07_terminology,术语,UI.toast_import_copy,已复制导入字符串至剪贴板,インポート用文字列をクリップボードにコピーしました,已複製匯入字串至剪貼簿,Copied import string to clipboard,불러오기 데이터를 복사했습니다,คัดลอกรหัสนำเข้าลงในคลิปบอร์ด,localization.json:UI
07_terminology,术语,UI.toast_amount_invalid,输入的数值无效,不正な値です,輸入的數值無效,Invalid amount entered,올바르지 않은 수치,ค่าที่ใส่ลงไปไม่ถูกต้อง,localization.json:UI
07_terminology,术语,UI.toast_release_warning,该内容尚未在已选服务器上发布， 将显示日服的数据,選択されたリージョンで未実装のコンテンツです。 日本リージョンのデータが表示されます。,該內容尚未在已選伺服器上釋出， 將顯示日服的資料,This content has not yet been released in the current region. Data from the JP region will be displayed.,이 컨텐츠는 아직 해당 서버에 출시되지 않았습니다. 일본 서버의 데이터를 대신 표시합니다.,เนื้อหานี้ยังไม่ถูกเผยแพร่ในเซิร์ฟเวอร์ที่เลือกไว้ ข้อมูลที่แสดงอยู่จะอ้างอิงจากเนื้อหาของเซิร์ฟเวอร์ JP,localization.json:UI
07_terminology,术语,UI.stat_defense_tooltip,受到伤害降低：{0},ダメージ軽減：{0},受到傷害降低：{0},DMG Reduction: {0},대미지 감소율: {0},ลดความเสียหายที่ได้รับลง: {0},localization.json:UI
07_terminology,术语,UI.stat_crit_tooltip,暴击概率：,会心確率：,暴擊機率：,Crit Chance:,치명타 확률:,อัตราการติดคริ:,localization.json:UI
07_terminology,术语,UI.stat_crit_amount_tooltip,{0}&nbsp;<small><i>(对暴击抵抗力为{1}的敌方单位)</i></small>,{0}&nbsp;<small><i>（会心抵抗値{1}）</i></small>,{0}&nbsp;<small><i>(對暴擊抵抗力為{1}的敵方單位)</i></small>,{0}&nbsp;<small><i>({1} Crit RES)</i></small>,{0}&nbsp;<small><i>({1} 치명 저항)</i></small>,{0}&nbsp;<small><i>(ใส่เป้าหมายที่มีค่าต้านทานคริ {1})</i></small>,localization.json:UI
07_terminology,术语,UI.stat_stability_tooltip,最低伤害：{0},ダメージ下限：{0},最低傷害：{0},Minimum DMG: {0},최소 대미지: {0},ความเสียหายขั้นต่ำ: {0},localization.json:UI
07_terminology,术语,UI.home_header,"<b>Schale DB</b>是由Nexon Games开发的手游(Android & iOS)<b class=""text-accent"">蔚蓝</b><b>档案</b>的非官方数据库.","<b>Schale DB</b>は、Nexon Gamesが開発したiOSおよびAndroid向けゲーム『<b class=""text-accent"">ブルー</b><b>アーカイブ</b>』の非公式データベースです。","<b>Schale DB</b>是由Nexon Games開發的手遊(Android & iOS)<b class=""text-accent"">蔚藍</b><b>檔案</b>的非官方資料庫.","<b>Schale DB</b> is an unofficial database for the iOS and Android game <b class=""text-accent"">Blue </b><b>Archive</b> developed by Nexon Games.","<b>Schale DB</b>는 Nexon Games에서 개발한 모바일 게임 <b class=""text-accent"">블루 </b><b>아카이브</b>의 비공식 데이터베이스입니다.","<b>Schale DB</b> เป็นศูนย์รวมข้อมูลอย่างไม่เป็นทางการของเกมมือถือ <b class=""text-accent"">Blue </b><b>Archive</b> ที่พัฒนาโดยทาง Nexon Games",localization.json:UI
07_terminology,术语,UI.home_change_server,数据可以多种语言查阅并支持所有服务器. 在{0}菜单中更改网站显示语言与服务器.,データは複数の言語で提供されており、すべてのリージョンに対応しています。{0}メニューから言語とリージョンを変更できます。,資料可以多種語言查閱並支援所有伺服器. 在{0}選單中更改網站顯示語言與伺服器.,Data is available in multiple languages and supports all game regions. Change language and game region in the {0} menu.,데이터는 다양한 언어로 제공되며 모든 서버를 지원합니다. {0} 메뉴에서 언어와 서버를 변경할 수 있습니다.,โดยข้อมูลต่างๆ จะมีหลายภาษาและมีข้อมูลล่าสุดของทุกเซิร์ฟเวอร์ คุณสามารถเปลี่ยนภาษาและเซิร์ฟเวอร์ของเกมได้ที่เมนู {0},localization.json:UI
07_terminology,术语,UI.home_copyright,Schale DB 与 Yostar、Nexon、Nexon Games 没有关联。本数据库中使用的所有游戏作品、信息和素材均为各自作者的财产和版权。,Schale DBはNexon、Nexon GamesおよびYostarとは一切関係ありません。当データベースで使用されているゲーム画像、情報ならびにアセットの所有権および著作権はそれぞれの権利者に帰属します。,Schale DB 與 Yostar、Nexon、Nexon Games 沒有關聯。本資料庫中使用的所有遊戲作品、資訊和素材均為各自作者的財產和版權。,"Schale DB is not affiliated with Nexon, Nexon Games or Yostar. All game artwork, information and assets used in this database are the property and copyright of the respective authors.","Schale DB는 넥슨, 넥슨 게임즈 또는 요스타의 공식 서비스가 아니며, 모든 게임 아트워크, 정보, 애셋의 권리와 저작권은 해당 저작권자의 소유입니다.","Schale DB นั้นไม่ได้มีส่วนเกี่ยวข้องใดๆ กับทาง Nexon, Nexon Games หรือ Yostar รูปภาพและข้อมูลต่างๆ ที่ใช้ในฐานข้อมูลนี้ถือเป็นสมบัติและทรัพย์สินทางปัญญาของผู้ถือครองลิขสิทธิ์ดั้งเดิม",localization.json:UI
07_terminology,术语,UI.changelog,更新日志,更新履歴,更新日誌,Changelog,변경사항,บันทึกการอัปเดท,localization.json:UI
07_terminology,术语,UI.about,关于,このサイトについて,關於,About,정보,เกี่ยวกับเว็บนี้,localization.json:UI
07_terminology,术语,UI.links,链接,リンク集,連結,Links,링크,ลิงค์เพิ่มเติม,localization.json:UI
07_terminology,术语,UI.community_resources,社区资源,コミュニティリソース,社群資源,Community Resources,커뮤니티 자료,แหล่งข้อมูลเพิ่มเติมของคอมมูนิตี้,localization.json:UI
07_terminology,术语,UI.skillinfo_empty,选中的角色没有可显示的造成伤害或回复生命值的技能,選択されたキャラクターはダメージスキルまたは回復スキルを持っていません。,選中的角色沒有可顯示的造成傷害或回復生命值的技能,The selected character has no damage-dealing or healing skills to display.,선택한 캐릭터는 공격 또는 치유 능력이 없습니다.,นักเรียนที่เลือกไม่มีสกิลสร้างความเสียหายหรือสกิลรักษาที่สามารถแสดงให้ดูได้,localization.json:UI
07_terminology,术语,UI.skill_normalattack_target,对1名敌方单位造成自身攻击力<?1>的伤害.,敵1体に対して<?1>ダメージを与える。,對1名敵方單位造成自身攻擊力<?1>的傷害.,Deals <?1> damage to one enemy.,적 하나에게 <?1> 대미지.,สร้างความเสียหาย <?1> ของค่าโจมตีให้กับศัตรู 1 เป้าหมาย,localization.json:UI
07_terminology,术语,UI.skill_normalattack_circle,对圆形范围内的敌方单位造成自身攻击力<?1>的伤害.,円形範囲内の敵に対して<?1>ダメージを与える。,對圓形範圍內的敵方單位造成自身攻擊力<?1>的傷害.,Deals <?1> damage to enemies in a circular area.,원형 범위 내의 적들에게 <?1> 대미지.,สร้างความเสียหาย <?1> ของค่าโจมตีให้กับศัตรูในรัศมี,localization.json:UI
07_terminology,术语,UI.skill_normalattack_line,对直线范围内的敌方单位造成自身攻击力<?1>的伤害.,直線範囲内の敵に対して<?1>ダメージを与える。,對直線範圍內的敵方單位造成自身<?1>的傷害.,Deals <?1> damage to enemies in a straight line.,직선 범위 내의 적들에게 <?1> 대미지.,สร้างความเสียหาย <?1> ของค่าโจมตีให้กับศัตรูในแนวเส้นตรง,localization.json:UI
07_terminology,术语,UI.skill_normalattack_fan,对扇形范围内的敌方单位造成自身攻击力<?1>的伤害.,扇形範囲内の敵に対して<?1>ダメージを与える。,對扇形範圍內的敵方單位造成自身<?1>的傷害.,Deals <?1> damage to enemies in a fan-shaped area.,부채꼴 범위 내의 적들에게 <?1> 대미지.,สร้างความเสียหาย <?1> ของค่าโจมตีให้กับศัตรูในพื้นที่รูปทรงกรวย,localization.json:UI
07_terminology,术语,UI.skill_normalattack_additional,造成<?{0}>的追加伤害.,<?{0}>の追加ダメージを与える。,造成<?{0}>的追加傷害.,Deals <?{0}> as additional damage.,<?{0}> 추가 대미지를 가합니다.,สร้างความเสียหายเพิ่มเติม <?{0}> ของค่าโจมตี,localization.json:UI
07_terminology,术语,UI.type_effectiveness,属性克制率,タイプ特効,屬性剋制率,Effectiveness,속성 특효,ประสิทธิภาพของการโจมตี,localization.json:UI
07_terminology,术语,UI.level_difference,等级差修正,レベル差補正,等級差修正,Level Difference,레벨 차이,ค่าตัวแปรความต่างของเลเวล,localization.json:UI
07_terminology,术语,UI.hit_rate,命中率,命中率,命中率,Hit Rate,명중 확률,โอกาสโจมตีโดนเป้าหมาย,localization.json:UI
07_terminology,术语,UI.crit_rate,暴击率,会心確率,暴擊率,Crit Rate,치명타 확률,อัตราการติดคริ,localization.json:UI
07_terminology,术语,UI.block_rate,掩体格挡率,遮蔽ブロック率,掩體格擋率,Cover Block Rate,엄폐 확률,อัตราสำเร็จของการบล็อคจากกำบัง,localization.json:UI
07_terminology,术语,UI.dmginfo_ignore_def,防御力无视,防御力無視,防禦力無視,DEF Ignored,방어력 무시,อัตราค่าป้องกันที่ไม่สน,localization.json:UI
07_terminology,术语,UI.dmginfo_hit_avg,平均命中伤害,1ヒット平均ダメージ,平均命中傷害,Avg. Hit DMG,평균 공격당 대미지,ความเสียหายต่อครั้งโดยเฉลี่ย,localization.json:UI
07_terminology,术语,UI.dmginfo_total_avg,平均总伤害,平均総ダメージ,平均總傷害,Avg. Total DMG,평균 총 대미지,ความเสียหายรวมโดยเฉลี่ย,localization.json:UI
07_terminology,术语,UI.dmginfo_dmg,伤害,ダメージ,傷害,DMG,대미지,ความเสียหาย,localization.json:UI
07_terminology,术语,UI.dmginfo_heal,回复,回復,回復,Heal,치유,ฟื้นฟู,localization.json:UI
07_terminology,术语,UI.dmginfo_dmg_avg,平均伤害,平均ダメージ,平均傷害,Avg. Damage,평균 대미지,ความเสียหายโดยเฉลี่ย,localization.json:UI
07_terminology,术语,UI.dmginfo_minimum,最小值,最小,最小值,Minimum,최솟값,ความเสียต่ำสุด,localization.json:UI
07_terminology,术语,UI.dmginfo_maximum,最大值,最大,最大值,Maximum,최댓값,ความเสียหายสูงสุด,localization.json:UI
07_terminology,术语,UI.dmginfo_nocrit_avg,0%暴击平均值,0会心平均,0%暴擊平均值,0% Crit Avg.,치명 0% 시 평균,ความเสียหายเฉลี่ยเมื่อไม่มีคริ,localization.json:UI
07_terminology,术语,UI.dmginfo_allcrit_avg,100%暴击平均值,全会心平均,100%暴擊平均值,100% Crit Avg.,치명 100% 시 평균,ความเสียหายเฉลี่ยเมื่อการันตีคริ,localization.json:UI
07_terminology,术语,UI.rate_of_fire,开火速率,攻撃頻度,開火速率,Rate of Fire,발사 속도,อัตราการยิง,localization.json:UI
07_terminology,术语,UI.attacks_per_min,{0}攻击/分,{0}攻撃 / 分,{0}攻擊/分,{0} atk/min,{0}회 공격/분,{0} รอบต่อนาที,localization.json:UI
07_terminology,术语,UI.attacks_per_min_tooltip,每秒攻击数,分間攻撃数,每秒攻擊數,Attacks per minute,분당 공격 횟수,จำนวนการโจมตีต่อนาที,localization.json:UI
07_terminology,术语,UI.hits_per_min,{0}段/分,{0}ヒット/分,{0}段/分,{0} hit/min,분당 {0} 타,{0} ครั้งต่อนาที,localization.json:UI
07_terminology,术语,UI.time_seconds,{0}秒,{0}秒,{0}秒,{0}s,{0}초,{0} วินาที,localization.json:UI
07_terminology,术语,UI.time_frames,{0}帧,{0}f,{0}幀,{0}f,{0}f,{0} เฟรม,localization.json:UI
07_terminology,术语,UI.time_seconds_frames,{0}秒 ({1}帧),{0}秒（{1}フレーム）,{0}秒 ({1}幀),{0}s ({1} frames),{0}초 ({1} 프레임),{0} วินาที ({1} เฟรม),localization.json:UI
07_terminology,术语,UI.dmginfo_avg_dps,平均DPS,平均DPS,平均DPS,Estimated DPS,평균 DPS,ความเสียหายที่ทำได้ต่อวินาทีโดยเฉลี่ย,localization.json:UI
07_terminology,术语,UI.dmginfo_heal_amount,回复量（{0}）,回復量（{0}）,回復量（{0}）,HP Restored ({0}),HP 회복량 ({0}),ปริมาณ HP ที่รักษา ({0}),localization.json:UI
07_terminology,术语,UI.dmginfo_shield_amount,护盾伤害吸收值,シールド HP,護盾傷害吸收值,Barrier HP,보호막 HP,HP ของบาเรีย,localization.json:UI
07_terminology,术语,UI.dmginfo_cc_effect_chance,{0} 概率,{0} 付与確率,{0} 機率,{0} Chance,{0} 확률,โอกาสในการ{0},localization.json:UI
07_terminology,术语,UI.dmginfo_duration,{0} 持续时间,{0} 持続時間,{0} 持續時間,{0} Duration,{0} 지속시간,ระยะเวลา{0},localization.json:UI
07_terminology,术语,UI.dmginfo_tickapplycount,最大触发次数,最大発動回数,最大觸發次數,Max. Ticks,최대 발동 횟수,จำนวนครั้งสูงสุด,localization.json:UI
07_terminology,术语,UI.dmginfo_accumulation_limit,蓄积伤害量上限,ダメージ上限,蓄積傷害量上限,DMG Limit,대미지 최대치,ความเสียหายสูงสุดที่ทำได้,localization.json:UI
07_terminology,术语,UI.peroro_target_1,第1名,1番目,第1名,1st,첫번째 대상,เป้าแรก,localization.json:UI
07_terminology,术语,UI.peroro_target_2,第2名,2番目,第2名,2nd,두번째 대상,เป้าที่สอง,localization.json:UI
07_terminology,术语,UI.peroro_target_3,第3名,3番目,第3名,3rd,세번째 대상,เป้าที่สาม,localization.json:UI
07_terminology,术语,UI.voicegallery,语音鉴赏,ボイスギャラリー,語音鑒賞,Voice Gallery,보이스 갤러리,แกลอรี่เสียงตัวละคร,localization.json:UI
07_terminology,术语,UI.skill_target_hp,目标生命值,対象のHP,目標生命值,Target HP,목표 HP,HP ของเป้าหมาย,localization.json:UI
07_terminology,术语,UI.max_attributes,全部设为最大值,全項目を最大に設定,全部設為最大值,Set All to Maximum,모든 값 최대치로,ปรับทั้งหมดเป็นค่าสูงสุด,localization.json:UI
07_terminology,术语,UI.lock_attributes,锁定学生数据,所属生徒のステータスを固定,鎖定學生資料,Lock Collection Stats,컬렉션 상태 잠금,ล็อคค่าสถานะในคอลเลคชั่น,localization.json:UI
07_terminology,术语,UI.lock_attributes_help,锁定时，阻止对学生属性更改的保存.,ロックされていると生徒ステータスに対する変更が保存されません。,鎖定時，阻止對學生屬性更改的儲存.,Prevents changes to the student's stats from saving while locked.,잠겨 있을 때 학생 상태를 변경해도 저장되지 않습니다.,ล็อคไม่ให้ค่าสเตตัสของนักเรียนเปลี่ยนไปจากการบันทึกในขณะที่ล็อค,localization.json:UI
07_terminology,术语,UI.midokuni_link,Midokuni的学生见解,MidokuniのStudent Insights,Midokuni的學生見解,Midokuni's Insights,Midokuni's Insights,ฐานข้อมูลของ Midokuni,localization.json:UI
07_terminology,术语,UI.version_lastupdated,最后更新于 {0} ({1}天前),最終更新日：{0}（{1}日前）,最後更新於 {0} ({1}天前),last updated {0} ({1} day(s) ago),마지막 업데이트: {0} ({1}일 전),อัปเดทครั้งล่าสุดเมื่อ {0} ({1} วันที่ผ่านมา),localization.json:UI
07_terminology,术语,UI.info_unavailable,该服务器的信息目前不可用.,現在このサーバーに関する情報はありません。,該伺服器的資訊目前不可用.,Information for this server is currently unavailable.,이 서버의 정보는 현재 제공되지 않습니다.,ยังไม่มีข้อมูลสำหรับเซิร์ฟเวอร์นี้,localization.json:UI
07_terminology,术语,UI.range,技能射程,射程,技能射程,Range,사거리,ระยะ,localization.json:UI
07_terminology,术语,UI.radius,半径,半径,半徑,Radius,범위,รัศมี,localization.json:UI
07_terminology,术语,UI.angle,角度,角度,角度,Angle,각도,องศา,localization.json:UI
07_terminology,术语,UI.length,长,縦幅,長,Length,길이,ความยาว,localization.json:UI
07_terminology,术语,UI.width,宽,横幅,寬,Width,너비,ความกว้าง,localization.json:UI
07_terminology,术语,UI.bounce,抛射范围,連鎖距離,抛射範圍,Bounce Range,튕기는 거리,ระยะในการชิ่ง,localization.json:UI
07_terminology,术语,UI.skill_duration,技能动画时间,スキルモーション,技能動畫時間,Skill Animation,스킬 사용 시간,ระยะเวลาใช้สกิล,localization.json:UI
07_terminology,术语,UI.skill_delay,生效延迟,適用時間,生效延時,Application Delay,효과 적용 딜레이,ระยะเวลาดีเลย์ก่อนเอฟเฟกต์แสดงผล,localization.json:UI
07_terminology,术语,UI.tsa_board,搭乘战术支援军备,T.S.A搭乗,搭乘戰術支援軍備,T.S.A Boarding,T.S.A 탑승,T.S.A ที่มี,localization.json:UI
07_terminology,术语,UI.tooltip_combat_style,切换战斗形态,戦闘スタイル切り替え,切換戰鬥形態,Switch Combat Style,전투 스타일 전환,เปลี่ยนรูปแบบการต่อสู้,localization.json:UI
07_terminology,术语,UI.show_cumulative,合计,総量,合計,Cumulative,누적,แสดงค่าโดยรวม,localization.json:UI
07_terminology,术语,UI.exp_value,经验值,EXP,經驗值,EXP Value,경험치,ค่า EXP ที่ได้รับ,localization.json:UI
07_terminology,术语,UI.exp_bonus,经验值加成(1.5倍),EXPボーナス（1.5倍）,經驗值加成(1.5倍),EXP Bonus (1.5×),경험치 보너스 (1.5x),โบนัส EXP (1.5 เท่า),localization.json:UI
07_terminology,术语,UI.craft_quality,节点制造填充值,ノード解放値,生成物質填充值,Synthesis Value,물질 생성 노드 개방값,มูลค่าในการสร้างไอเทม,localization.json:UI
07_terminology,术语,UI.shifting_craft_quality,定向制造填充值,テーラーメイド値,合成物質填充值,Fusion Value,물질 합성 값,มูลค่าในการรวมไอเทม,localization.json:UI
07_terminology,术语,UI.unit_clear_map_filter,清除战略地图单位过滤器,部隊フィルタを解除,清除戰略地圖單位篩選,Clear Map Unit Filter,맵 부대 필터 해제,ล้างตัวกรองของยูนิตในแผนที่,localization.json:UI
07_terminology,术语,UI.gachagroup_contents,物品匣内容,アイテムボックスの中身,道具匣內容,Item Box Contents,아이템 박스 내용물,ของที่อยู่ในกล่องไอเทม,localization.json:UI
07_terminology,术语,UI.base_chance,基础出现概率,基礎確率,基礎出現機率,Base Chance,기본 확률,โอกาสพื้นฐาน,localization.json:UI
07_terminology,术语,UI.appearance_rate,综合出现概率,出現率,綜合出現機率,Appearance Rate,등장 확률,โอกาสในการปรากฏ,localization.json:UI
07_terminology,术语,UI.appearance_rate_help,5个节点制造节点中出现1个该节点的概率.,5個の製造ノードの1つに選ばれる確率。,5個生成物質節點中出現1個該節點的機率.,The chance of the node being one of the chosen five crafting nodes.,5개의 노드 중에서 등장할 확률.,โอกาสที่โหนดจะปรากฏในโหนด 5 โหนดในการสร้าง,localization.json:UI
07_terminology,术语,UI.avg_damage_help,基于该单位的稳定值、命中值和暴击率等计算得出的伤害平均值.,アタッカーの安定値、命中値および会心確率に基づいて算出された期待ダメージの全ヒット合計。,基於該單位的穩定值、命中值和暴擊率等計算得出的傷害平均值.,"Total of all damage hits, using an average based on the attacker's Stability, Accuracy and Crit Rate.","딜러의 안정 수치, 명중치 및 크리티컬 확률에 따라 계산된 대미지 기댓값의 전타 합계.","ความเสียหายรวมทั้งหมดที่โดน, โดยอ้างอิงจากค่าเฉลี่ยทั้งหมดของค่าความเสถียร, ความแม่นยำและอัตราคริติคอลของผู้โจมตี",localization.json:UI
07_terminology,术语,UI.cc_gauge_fill,群控计量槽填充量,CCゲージ増加量,群控計量槽填充量,CC Gauge Fill,CC 게이지 증가량,จำนวนเกจ CC ที่เติม,localization.json:UI
07_terminology,术语,UI.cc_gauge_fill_help,受自身的群控强化力与目标的群控抵抗力影响下，对目标的群控计量槽的填充量.,CC強化力とCC抵抗力を考慮した攻撃対象のCCゲージ増加量。,受自身的群控強化力與目標的群控抵抗力影響下，對目標的群控計量槽的填充量.,The amount the target's CC Gauge will increase by if it is affected by CC Power/CC Res.,CC 게이지는 군중제어 강화력과 군중제어 저항력에 영향을 받습니다.,จำนวนเกจ CC ที่เติมของเป้าหมายจะเพิ่มขึ้น หากมีการระบุไว้ว่าสามารถได้รับผลจากค่าประสิทธิภาพกดขี่/ต้านทานกดขี่,localization.json:UI
07_terminology,术语,UI.effect_shiro_bomb,普通炸弹,ノーマル爆弾,普通炸彈,Bomb,폭탄,ระเบิดปกติ,localization.json:UI
07_terminology,术语,UI.effect_shiro_icebomb,冰霜炸弹,氷の爆弾,冰霜炸彈,Ice Bomb,얼음 폭탄,ระเบิดน้ำแข็ง,localization.json:UI
07_terminology,术语,UI.effect_shiro_stickybomb,黏性炸弹,粘着爆弾,粘性炸彈,Sticky Bomb,점착 폭탄,ระเบิดกาว,localization.json:UI
07_terminology,术语,UI.avg_dps_help,该单位通过普通攻击每秒造成的平均伤害 ※ 未考虑普通技能触发.,キャラクターの通常攻撃が1秒間に与える平均ダメージ。ノーマルスキル発動の影響は考慮されない。,該單位透過普通攻擊每秒造成的平均傷害 ※ 未考慮普通技能觸發.,"The average damage dealt per second by the character's normal attacks, not accounting for Basic Skill activations.",기본 스킬 발동을 무시한 학생의 일반 공격에 따른 초당 평균 대미지.,ความเสียหายโดยเฉลี่ยที่ทำได้ต่อวินาทีของการโจมตีทั่วไปของตัวละคร โดยไม่นับรวมผลของการใช้งานสกิลอื่นๆ ระหว่างนั้น,localization.json:UI
07_terminology,术语,UI.frames_attackenter,普攻准备时间,攻撃準備時間,普攻準備時間,Attack Ready,공격 준비,ระยะเวลาเล็ง,localization.json:UI
07_terminology,术语,UI.frames_attackenter_help,该单位停止移动后架好武器准备攻击所需的时间.,キャラクターが移動を終了してから武器を構えて攻撃準備を終えるまでにかかる時間。,該單位停止移動後架好武器準備攻擊所需的時間.,The duration of the animation after a character stops moving and readies their weapon to attack.,캐릭터가 움직임을 멈추고 무기를 들어 공격을 준비하기까지 걸리는 시간,ระยะเวลาของอนิเมชั่นหลังจากที่ตัวละครหยุดเคลื่อนที่และกำลังเตรียมอาวุธเพื่อโจมตี,localization.json:UI
07_terminology,术语,UI.frames_attackready,武器部署/回收时间,設置 / 取り外し時間,武器部署/回收時間,Mount/Unmount Duration,견착/견착해제 시간,ระยะเวลาวาง/ยกอาวุธ,localization.json:UI
07_terminology,术语,UI.frames_attackready_help,该单位部署武器/回收武器所需的时间. (比如瞬的俯卧撑),キャラクターが武器を設置したり取り外したりするのにかかる時間。（シュンの場合は伏せたり立ったりするのにかかる時間）,該單位部署武器/回收武器所需的時間. (比如旬的伏地挺身),The duration of the character mounting and unmounting their weapon. (For Shun this is entering and exiting a prone stance),캐릭터가 무기를 견착/설치하거나 견착 해제 시 걸리는 시간. (슌의 경우 엎드려 조준하거나 일어나는 데 걸리는 시간),ระยะเวลาของอนิเมชั่นในการวางอาวุธ/ยกอาวุธของตัวละคร (เช่น ชุนที่กำลังจะหมอบลง/ลุกขึ้นจากตำแหน่งหมอบยิง),localization.json:UI
07_terminology,术语,UI.frames_attacking,普攻持续时间,攻撃時間,普攻持續時間,Attack Duration,공격 시간,ระยะเวลาในการโจมตี,localization.json:UI
07_terminology,术语,UI.frames_attacking_help,该单位进行普通攻击时，武器开火所需的时间.,通常攻撃中のキャラクターが武器を発砲するのにかかる時間。,該單位進行普通攻擊時，武器開火所需的時間.,The duration of the character firing their weapon during their normal attack.,무기를 발사해 일반 공격을 하는 데 걸리는 시간,ระยะเวลาของอนิเมชั่นในการยิงอาวุธสำหรับการโจมตีทั่วไปของตัวละคร,localization.json:UI
07_terminology,术语,UI.frames_attackreload,换弹时间,リロード時間,換彈時間,Reload Duration,재장전 시간,ระยะเวลารีโหลด,localization.json:UI
07_terminology,术语,UI.frames_attackreload_help,该单位给武器换弹所需的时间.,キャラクターが武器をリロードするのにかかる時間。,該單位給武器換彈所需的時間.,The duration of the character reloading their weapon.,캐릭터가 무기를 재장전하는 데 걸리는 시간,ระยะเวลาของอนิเมชั่นในการรีโหลดอาวุธของตัวละคร,localization.json:UI
07_terminology,术语,UI.frames_attackstart,普攻前摇/后摇,開始ディレイ / 終了ディレイ,普攻前置延時/收尾延時,Start/End Delay,시작 딜레이 / 종료 딜레이,ดีเลย์ตอนเริ่ม / ดีเลย์ตอนจบ,localization.json:UI
07_terminology,术语,UI.frames_attackstart_help,该单位进行换弹/移动/使用技能等行为时，开始/结束普通攻击所需的时间.,移動やスキル使用などの行動やリロードの前後にキャラクターが通常攻撃を開始したり終了したりする際に生じるディレイ。,該單位進行換彈/移動/使用技能等行為時，開始/結束普通攻擊所需的時間.,"The delay between starting and stopping normal attacks, when the character needs to reload or perform other actions such as moving and activating skills.","학생이 일반 공격을 시작/종료하는 데 걸리는 시간. 재장전, 이동, 스킬 발동 등에서 보인다.","ระยะเวลาของดีเลย์ในระหว่างช่วงเริ่มต้น/สิ้นสุดการโจมตีทั่วไป, เมื่อตัวละครต้องรีโหลดหรือทำอย่างอื่น เช่น เคลื่อนที่หรือใช้งานสกิล",localization.json:UI
07_terminology,术语,UI.frames_attackburstroundover,普攻开火间隔,攻撃ディレイ,普攻開火間隔,Attack Delay,공격 딜레이,ดีเลย์ระหว่างการโจมตี,localization.json:UI
07_terminology,术语,UI.frames_attackburstroundover_help,该单位的武器中仍然留有弹药时，该单位进行普通攻击时的开火间隔. ※ 该单位拥有“无视(每XX次)普通攻击间的开火间隔”效果时，依据效果描述的次数忽略相应次数的开火间隔.,残弾がある時に通常攻撃の間で生じるディレイ。,該單位的武器中仍然留有彈藥時，該單位進行普通攻擊時的開火間隔. ※ 該單位擁有“無視(每XX次)普通攻擊間的開火間隔”效果時，依據效果描述的次數忽略相應次數的開火間隔.,The delay between normal attacks when the character has ammo remaining.,잔탄이 있을 때 일반 공격 사이에 걸리는 시간.,"ระยะเวลาของดีเลย์ในระหว่างการโจมตีทั่วไปแต่ละครั้ง ในกรณีที่ยังมีกระสุนเหลืออยู่ หากตัวละครนั้นได้รับผลของเอฟเฟกต์""ไม่สนดีเลย์ของการโจมตีทั่วไป"" ค่าดีเลย์นี้จะถูกข้ามไปเป็นจำนวน X ครั้งตามผลของสกิลที่มอบเอฟเฟกต์ดังกล่าวให้",localization.json:UI
07_terminology,术语,UI.select_all,选择所有,すべて選択,選擇所有,Select All,모두 선택,เลือกทั้งหมด,localization.json:UI
07_terminology,术语,UI.select_student,选择我方学生,生徒を選択,選擇學生,Select Student,학생 선택,เลือกนักเรียน,localization.json:UI
07_terminology,术语,UI.select_target,选择目标,対象を選択,選擇目標,Select Target,대상 선택,เลือกเป้าหมาย,localization.json:UI
07_terminology,术语,UI.select_special,选择后援学生,スペシャルの生徒を選択,選擇SPECIAL學生,Select Special Student,스페셜 학생 선택,เลือกนักเรียน Special,localization.json:UI
07_terminology,术语,UI.calculation_result,计算结果,計算結果,計算結果,Results,결과,ผลลัพธ์,localization.json:UI
07_terminology,术语,UI.configure_columns,设置属性栏位,表示設定,設定屬性欄位,Configure Columns,표시 설정,ตั้งค่าคอลัมน์,localization.json:UI
07_terminology,术语,UI.critical,暴击,会心,暴擊,Critical,치명,คริติคอล,localization.json:UI
07_terminology,术语,UI.damage_hit,段数 {0},ヒット{0},段數 {0},Hit {0},{0} 타,ครั้งที่ {0},localization.json:UI
07_terminology,术语,UI.damage_hits,{0} 段,{0}ヒット,{0} 段,{0} hits,{0} 타,{0} ครั้ง,localization.json:UI
07_terminology,术语,UI.damage_ticks,{0} 次,{0}回,{0} 次,{0} ticks,{0}회,{0} ครั้ง,localization.json:UI
07_terminology,术语,UI.ignores_cover,无视掩体,遮蔽無視,無視掩體,Ignores Cover,엄폐 무시,ไม่สนกำบัง,localization.json:UI
07_terminology,术语,UI.ignores_cover_partial,部分无视掩体,部分的に遮蔽無視,部分無視掩體,Partially Ignores Cover,부분적 엄폐 무시,ไม่สนกำบังบางส่วน,localization.json:UI
07_terminology,术语,UI.unavoidable,无法闪避,回避不可能,無法迴避,Unavoidable,회피 불가,ไม่สามารถหลบได้,localization.json:UI
07_terminology,术语,UI.always_critical,必定暴击,確定会心,必定暴擊,Always Critical,확정 치명,การันตีคริติคอล,localization.json:UI
07_terminology,术语,UI.never_critical,无法暴击,会心不能,無法暴擊,Never Critical,치명이 되지 않음,ไม่สามารถคริคิคอลได้,localization.json:UI
07_terminology,术语,UI.student_unique_short,限,限定,限,U,특별,ลิมิต,localization.json:UI
07_terminology,术语,UI.student_event_short,活,イベ,活,E,배포,แจก,localization.json:UI
07_terminology,术语,UI.student_fest_short,庆,周年,慶,F,페스,เฟส,localization.json:UI
07_terminology,术语,UI.selection_selected,已选择,選択中,已選擇,Selected,선택중,เลือกไว้,localization.json:UI
07_terminology,术语,UI.selection_confirm,确认,確認,確認,Confirm,확인,ยืนยัน,localization.json:UI
07_terminology,术语,UI.selection_clear,清除,解除,清除,Clear,해제,ล้าง,localization.json:UI
07_terminology,术语,UI.buff_effects,效果：,効果：,效果：,Effects:,효과:,เอฟเฟกต์,localization.json:UI
07_terminology,术语,UI.base_value,基础值：,基礎値：,基礎值：,Base Value:,기본값:,ค่าพื้นฐาน,localization.json:UI
07_terminology,术语,UI.character_size,单位体型,サイズ,單位體型,Size,크기,ขนาด,localization.json:UI
07_terminology,术语,UI.enemy_rank,单位级别,階級,單位級別,Rank,계급,ระดับ,localization.json:UI
07_terminology,术语,UI.difficulty,总力战/大决战难度,難易度,總力戰/大決戰難度,Difficulty,난이도,ระดับความยาก,localization.json:UI
07_terminology,术语,UI.event_bonus,活动加成,イベントボーナス,活動加成,Event Bonus,이벤트 보너스,โบนัสอีเวนท์,localization.json:UI
07_terminology,术语,UI.group_view,群组显示,カテゴリ別表示,群組顯示,Grouped View,모아보기,มุมมองแบบรวม,localization.json:UI
07_terminology,术语,UI.skill_related,关联技能,関連スキル,關聯技能,Related,연관 스킬,สกิลที่เกี่ยวข้อง,localization.json:UI
07_terminology,术语,UI.purchase_per_day,{0} / 日,{0} / 日,{0} / 日,{0} / day,{0} / 일,{0} ต่อวัน,localization.json:UI
07_terminology,术语,UI.purchase_per_month,{0} / 月,{0} / 月,{0} / 月,{0} / month,{0} / 월,{0} ต่อเดือน,localization.json:UI
07_terminology,术语,UI.distance_units,{0}单位距离,{0},{0}單位距離,{0} units,{0},{0} หน่วย,localization.json:UI
07_terminology,术语,UI.date_today,今天,本日,今天,Today,오늘,วันนี้,localization.json:UI
07_terminology,术语,UI.num_alts,同分异构,別衣装数,同分異構,No. of Alts,이격 개수,จำนวนชุดที่มี,localization.json:UI
07_terminology,术语,UI.error_msg,出错了.,何らかの問題が発生しました。,出錯了.,Something went wrong.,에러 발생,มีบางอย่างผิดพลาด,localization.json:UI
07_terminology,术语,UI.error_retry,重试,再試行,重試,Retry,재시도,ลองใหม่อีกครั้ง,localization.json:UI
07_terminology,术语,UI.no_enemies,无敌方单位.,敵のいないステージです。,無敵方單位.,No enemies.,적 없음,ไม่มีศัตรู,localization.json:UI
07_terminology,术语,UI.exclude_alts,仅含初版,別衣装を非表示,僅含初版,Exclude Alts,이격 제외,ไม่นับรวมชุดอื่นๆ,localization.json:UI
07_terminology,术语,ui.enemy,敌方单位,敵,Enemy,Enemy,적,ศัตรู,localization.json:ui
07_terminology,术语,ui.navbar_raids,总力战,総力戦,總力戰,Raids,총력전,เรดบอส,localization.json:ui
07_terminology,术语,ui.synthesis,节点制造,ジェネレート,製造物質,Synthesis,물질 생성,สร้างวัตถุ,localization.json:ui
07_terminology,术语,ui.item_sources,获取途径,獲得場所,獲得場所,Item Sources,획득 장소,แหล่งได้รับ,localization.json:ui
07_terminology,术语,ui.navbar_settings_server,服务器,サーバー,伺服器,Game Server,서버,เซิร์ฟเวอร์,localization.json:ui
07_terminology,术语,ui.navbar_settings_language_description,内容翻译完成度基于所选择的服务器,選択されたサーバーによっては一部の内容が翻訳されていない場合があります。,基於所選擇的服務器，部分內容可能未翻譯。,"Depending on the server selected, some content may not be translated.",선택한 서버에 따라서 일부 컨텐츠가 번역되어 표시되지 않을 수 있습니다.,"ข้อมูลบางอย่างอาจจะยังไม่ได้รับการแปลอย่างสมบูรณ์, ขึ้นอยู่กับเซิร์ฟเวอร์ของเกมที่เลือก",localization.json:ui
07_terminology,术语,ui.navbar_settings_theme_description,选择 Auto 跟随系统主题,Autoを選択するとお使いの端末のテーマが適用されます。,選擇 Auto 匹配設備主題。,Auto will use your device theme.,Auto 선택시 디바이스의 테마를 사용합니다.,Auto จะตั้งค่าตามธีมของอุปกรณ์คุณ,localization.json:ui
07_terminology,术语,ui.navbar_settings_contrast_description,禁用模糊和透明效果<br>可能提升性能,ぼかし効果と透過効果を無効にします。<br>パフォーマンスが向上することもあります。,禁用模糊與透明效果。<br>可能提升性能。,Disables blur and transparency effects.<br>May also improve performance.,투명 효과를 비활성화합니다.<br>성능이 향상될 수 있습니다.,ลบเอฟเฟคเบลอและโปร่งใสออก <br>อาจจะเพิ่มประสิทธิภาพการทำงาน,localization.json:ui
07_terminology,术语,ui.navbar_settings_collection_description,导入或导出你的学生集数据,あなたの生徒データのインポートやエクスポートを行います。,導入或導出你的學生集數據。,Import or export your student collection data.,학생 컬렉션 데이터를 불러오거나 내보냅니다.,นำเข้าหรือส่งออกข้อมูลนักเรียนในคอลเลคชั่น,localization.json:ui
07_terminology,术语,ui.navbar_settings_custombuffs,启用自定义状态效果,カスタムバフを有効化,啓用自定義增益效果,Enable Custom Buffs,Enable Custom Buffs,ใช้งานโหมดบัพแบบกำหนดเอง,localization.json:ui
07_terminology,术语,ui.navbar_settings_custombuffs_description,(实验性)允许在学生的数据预览选项页面设置自定义状态效果,（試験段階）「詳細ステータス / スキル」画面で自由にバフ量を設定できるようになります。,(實驗性)允許在學生的數據預覽選項頁面設置自定義增益效果。,(Experimental) Allows for setting custom buff values on student's stat display options screen.,(Experimental) Allows for setting custom buff values on student's stat display options screen.,(อยู่ในการทดสอบ) เปิดใช้งานการเพิ่มบัพแบบกำหนดเองให้กับนักเรียนในหน้าค่าสถานะของนักเรียน,localization.json:ui
07_terminology,术语,ui.filter_by_name,按名称筛选,名前でフィルター,以名稱過濾,Filter by name,이름으로 필터링,กรองด้วยชื่อ,localization.json:ui
07_terminology,术语,ui.collection_export_collection,导出集合,生徒データのエクスポート,導出集合,Export Collection,컬렉션 내보내기,ส่งออกคอลเลคชั่น,localization.json:ui
07_terminology,术语,ui.collection_import_collection,导入集合,生徒データのインポート,導入集合,Import Collection,컬렉션 가져오기,นำเข้าคอลเลคชั่น,localization.json:ui
07_terminology,术语,ui.collection_import_help,"数据可以从 Schale 或 <a href=""https://justin163.com/planner/"">Justin163's resource planner</a> 导入(选择传输 > 导出)","Schaleまたは<a href=""https://justin163.com/planner/"">Justin163's resource planner</a>から生徒データをインポートすることができます。 (Resource Planner下部の[Transfer]から[Export]を選択)","數據可以從 Schale 或 <a href=""https://justin163.com/planner/"">Justin163's resource planner</a> 導入。(選擇傳輸 > 導出)","Data can be imported from Schale or <a href=""https://justin163.com/planner/"">Justin163's resource planner</a>. (Select Transfer > Export)","데이터는 Schale.gg 또는 <a href=""https://justin163.com/planner/"">Justin163's resource planner</a>에서 가져올 수 있습니다. (Transfer > Export)","ข้อมูลสามารถนำเข้ามาจาก SchaleDB หรือ <a href=""https://justin163.com/planner/"">Justin163's resource planner</a> ได้ (เลือก Transfer > Export)",localization.json:ui
07_terminology,术语,ui.collection_import_warning,这将覆盖你当前的集合,現在の生徒データが上書きされます,這會覆蓋你的當前集合,This will overwrite your current collection,현재 컬렉션을 덮어씁니다,นี่จะเป็นการแทนที่คอลเลคชั่นของคุณในปัจจุบัน,localization.json:ui
07_terminology,术语,ui.collection_import_status_valid,找到了{0}个学生的数据,{0}名分の生徒データがあります。,找到了{0}個學生的數據。,Export data for {0} students found.,학생 {0}명의 데이터가 확인되었습니다.,พบข้อมูลส่งออกสำหรับนักเรียน {0} คน,localization.json:ui
07_terminology,术语,ui.collection_import_status_invalid,导出数据无效,データ形式が不正です。,導出數據無效。,Export data is invalid.,데이터가 올바르지 않습니다.,ข้อมูลส่งออกไม่ถูกต้อง,localization.json:ui
07_terminology,术语,ui.collection_export_placeholder,点击导出以生成集合的导出字符串,エクスポートをクリックすると生徒データからエクスポート用文字列が生成されます,點擊導出以生成集合的導出字符串,Click export to generate an export string from your collection,내보내기 버튼을 누르면 이곳에 컬렉션 데이터가 생성됩니다,กดส่งออกเพื่อสร้างรหัสส่งออกจากคอลเลคชั่นของคุณ,localization.json:ui
07_terminology,术语,ui.collection_import_placeholder,将导出字符串粘贴于此处并点击导入,ここにエクスポート用文字列を張り付けてインポートをクリックしてください,將導出字符串粘貼與此処並點擊導入,Paste export string here and click Import,불러올 데이터를 이곳에 붙여넣고 불러오기 버튼을 클릭하세요,วางรหัสส่งออกที่นี่แล้วกดนำเข้า,localization.json:ui
07_terminology,术语,ui.collection_export,导出,エクスポート,導出,Export,내보내기,ส่งออก,localization.json:ui
07_terminology,术语,ui.collection_import,导入,インポート,導入,Import,불러오기,นำเข้า,localization.json:ui
07_terminology,术语,ui.current_events,当前活动 ({0}),現在のイベント（{0}サーバー）,當前活動 ({0}),Current Events ({0} Server),현재 이벤트 ({0} 서버),อีเวนท์ปัจจุบัน (เซิร์ฟเวอร์{0}),localization.json:ui
07_terminology,术语,ui.home_timezone,所有日期已转换为本地时区,すべての日時はあなたのローカルタイムゾーンに変換されます。,所有日期已轉換爲本地時區。,All dates are converted to your local timezone.,모든 날짜는 현지 시간으로 변환되어 표시됩니다.,ข้อมูลวันและเวลาจะถูกปรับตามโซนเวลาที่คุณอยู่,localization.json:ui
07_terminology,术语,ui.event_starts,<b>{0}天{1}时{2}分</b>后开始,<b>{0}日{1}時間{2}分</b>後に開始,<b>{0}天{1}小時{2}分鐘</b>後開始,"Starts in <b>{0} days, {1} hours and {2} minutes</b>.",<b>{0}일 {1}시간 {2}분</b> 뒤 시작,"เริ่มต้นในอีก <b>{0} วัน, {1} ชั่วโมง {2} นาที</b>",localization.json:ui
07_terminology,术语,ui.event_ends,<b>{0}天{1}时{2}分</b>后结束,<b>{0}日{1}時間{2}分</b>後に終了,<b>{0}天{1}小時{2}分鐘</b>後結束,"Ends in <b>{0} days, {1} hours and {2} minutes</b>.",<b>{0}일 {1}시간 {2}분</b> 뒤 종료,"สิ้นสุดในอีก <b>{0} วัน, {1} ชั่วโมง {2} นาที</b>",localization.json:ui
07_terminology,术语,ui.student_birthdays,以下学生将在本周迎来生日！,これから1週間のうちに誕生日を迎える生徒さんです！,以下學生在本周迎來生日。,The following students are celebrating their birthday in the next 7 days!,일주일 내로 생일이 돌아오는 학생들입니다!,นักเรียนที่มีวันเกิดอยู่ในสัปดาห์นี้!,localization.json:ui
07_terminology,术语,ui.base_stats,基准数据,基礎ステータス,Base Stats,Base Stats,기본 능력치,ค่าสถานะพื้นฐาน,localization.json:ui
07_terminology,术语,ui.max_stats,Max. Stats,最大ステータス。,Max. Stats,Max. Stats,Max. Stats,ค่าสถานะสูงสุด,localization.json:ui
07_terminology,术语,ui.collection_stats,Use Collection Stats,所属生徒のステータスを使用,Use Collection Stats,Use Collection Stats,Use Collection Stats,ใช้ค่าสถานะที่บันทึกไว้,localization.json:ui
07_terminology,术语,ui.sp_sub_skill,Special Sub Skill,SPECIAL生徒のサブスキル,Special Sub Skill,Special Sub Skill,Special Sub Skill,สกิลรอง (Special),localization.json:ui
07_terminology,术语,ui.profile,资料,プロフィール,簡介,Profile,프로필,โปรไฟล์,localization.json:ui
07_terminology,术语,ui.student_ex_gear,爱用品,愛用品,愛用物品,Unique Item,애용품,อุปกรณ์พิเศษ,localization.json:ui
07_terminology,术语,ui.student_bond,羁绊等级,絆ランク,羈絆等級,Relationship Rank,인연랭크,ระดับสายใย,localization.json:ui
07_terminology,术语,ui.tooltip_supportstats,支援能力值,支援値,輔助能力值,Support Stats,보조 능력치,รายการค่าพลังเสริม,localization.json:ui
07_terminology,术语,ui.tooltip_vehiclestats,载具/召唤物数据,搭乗物/召喚物のステータス,車輛/召喚物數據,Vehicle/Summon Stats,차량/소환물 능력치,ค่าสถานะของยานพาหนะ/วัตถุที่ถูกเรียก,localization.json:ui
07_terminology,术语,ui.add_own,添加当前学生或已选择SPECIAL学生的增益状态,自身と選択したスペシャルを追加,添加擁有的/選擇的特殊學生,Add Own/Selected Specials,"자체 버프, 선택한 스페셜 버프 추가",เพิ่มนักเรียน Special ที่มี/เลือกไว้,localization.json:ui
07_terminology,术语,ui.buff_transferable,其它增益状态,その他のバフ,其它增益效果,Other Buffs,추가 버프,บัพอื่นๆ,localization.json:ui
07_terminology,术语,ui.buff_transferable_conflict,部分已选择的增益状态之间有冲突，将仅应用第一个效果,選択されたバフ効果の中に重複しないものがあります。最初の効果だけが適用されます。,部分已選擇的增益效果之間有衝突，將僅應用第一個效果。,Some of the selected buffs' effects conflict with each other. Only the first effect will be applied.,선택한 버프 중 일부가 서로 중첩되지 않습니다. 먼저 선택된 버프가 우선 적용됩니다.,เอฟเฟกต์บัพที่เลือกมีบางบัพที่ไม่สามารถใช้ร่วมกันได้ จะมีเพียงเอฟเฟกต์อันแรกเท่านั้นที่ส่งผล,localization.json:ui
07_terminology,术语,ui.buff_transferable_incompatible,部分已选择的增益状态无法被应用于当前学生,選択されたバフ効果の中にこのキャラクターに適用できないものがあります。,部分已選擇的增益效果無法被應用於當前學生。,Some of the selected buffs cannot be applied to the current character.,선택한 버프 중 일부가 현재 캐릭터에게 적용될 수 없습니다.,เอฟเฟกต์บัพที่เลือกมีบางบัพที่ไม่สามารถใช้ได้กับตัวละครปัจจุบันที่เลือก,localization.json:ui
07_terminology,术语,ui.enemy_debuffs,敌方减益状态,敵デバフ,敵人減益效果,Enemy Debuffs,적 디버프,เอฟเฟกต์อันตรายบนตัวศัตรู,localization.json:ui
07_terminology,术语,ui.enemy_select,选择敌方单位,敵を選択,選擇敵人,Select Enemy,적 선택,เลือกศัตรู,localization.json:ui
07_terminology,术语,ui.filter_all,全选,すべて,All,All,전체,ทั้งหมด,localization.json:ui
07_terminology,术语,ui.filter_bookmark,收藏,ブックマーク,Bookmarks,Bookmarks,북마크,ที่บุ๊คมาร์คไว้,localization.json:ui
07_terminology,术语,ui.buff_custom,自定义状态效果,カスタムバフ,自定義增益效果,Custom Buffs,커스텀 버프,บัพแบบกำหนดเอง,localization.json:ui
07_terminology,术语,ui.buff_custom_enemy,敌方自定义状态效果,敵カスタムバフ,敵人自定義增益效果,Enemy Custom Buffs,적 커스텀 버프,บัพแบบกำหนดเองของศัตรู,localization.json:ui
07_terminology,术语,ui.buff_custom_base,作为基础值添加,固定値として追加,以固定值追加,Add as base amount,고정 수치로 추가,เพิ่มค่าเป็นจำนวนเต็ม,localization.json:ui
07_terminology,术语,ui.buff_custom_coefficient,作为百分比值添加,%値として追加,以百分比值追加,Add as percentage amount,비율로 추가,เพิ่มค่าเป็นเปอร์เซ็นต์,localization.json:ui
07_terminology,术语,ui.buff_custom_name_placeholder,名称(可选),バフ名（任意）,名稱（可選）,Name (Optional),이름 (선택),ชื่อ (ไม่จำเป็น),localization.json:ui
07_terminology,术语,ui.buff_custom_value_placeholder,值,バフ値,值,Value,값 입력,จำนวนค่าที่ต้องการ,localization.json:ui
07_terminology,术语,ui.supportstats_search,搜索SPECIAL学生,スペシャルの生徒を検索,檢索特殊學生,Search for Special Student,스페셜 학생 검색,ค้นหานักเรียน Special,localization.json:ui
07_terminology,术语,ui.student_skill_gearnormal,普通技能+,ノーマルスキル＋,基本技能+,Basic Skill+,기본 스킬+,สกิลพื้นฐาน+,localization.json:ui
07_terminology,术语,ui.student_skill_weaponpassive,被动技能+,パッシブスキル＋,強化技能+,Enhanced Skill+,강화 스킬+,สกิลติดตัว+,localization.json:ui
07_terminology,术语,ui.student_skills_upgrades,升级,スキルを＋に変更,升級,Upgrades,업그레이드,อัปเกรด,localization.json:ui
07_terminology,术语,ui.student_skills_materials,养成材料列表,必要素材,材料清單,Materials,재료 리스트,วัตถุดิบ,localization.json:ui
07_terminology,术语,ui.student_skills_materials_none,无需养成材料,育成素材は不要です。,無需成長材料。,No materials required.,필요 재료 없음.,ไม่มีวัตถุดิบที่ต้องการ,localization.json:ui
07_terminology,术语,ui.student_weapon_rank_2star_desc,固有武器最大等级 Lv.30 → <b>Lv.40</b> / 解锁被动技能+,固有武器のMax Level Lv.30 → <b>Lv.40</b> / パッシブスキル＋を開放,固有武器最大等級 Lv.30 → <b>Lv.40</b> / 解鎖強化技能+,Exclusive Weapon Max Level Lv.30 → <b>Lv.40</b> / Upgrades Enhanced Skill,고유 무기 최대 레벨 Lv.30 -> <b>Lv.40</b> / 강화 스킬 업그레이드,เลเวลสูงสุดของอาวุธเฉพาะ Lv.30 → <b>Lv.40</b> / อัปเกรดสกิลติดตัว+,localization.json:ui
07_terminology,术语,ui.student_weapon_rank_3star_desc,固有武器最大等級 Lv.40 → <b>Lv.50</b> / 地形适应性强化,固有武器のMax Level Lv.40 → <b>Lv.50</b> / 地形別戦闘力を強化,固有武器最大等級 Lv.40 → <b>Lv.50</b> / 地形战力强化,Exclusive Weapon Max Level Lv.40 → <b>Lv.50</b> / Upgrades Terrain Strength,고유 무기 최대 레벨 Lv.40 -> <b>Lv.50</b> / 지형 적성 업그레이드,เลเวลสูงสุดของอาวุธเฉพาะ Lv.40 → <b>Lv.50</b> / อัปเกรดความคุ้นชินพื้นที่,localization.json:ui
07_terminology,术语,ui.student_gear_t2_desc,解锁普通技能+,ノーマルスキル＋を開放,解鎖基本技能+,Unlocks Basic Skill+,기본 스킬+ 해제,อัปเกรดสกิลพื้นฐาน+,localization.json:ui
07_terminology,术语,ui.attack_type_desc,对{1}目标造成<b>{0}倍</b>伤害,{1}に<b>{0}倍</b>のダメージを与える。,對{1}目標造成<b>{0}倍</b>傷害。,Deals <b>{0}&times;</b> damage to {1}.,{1} 대상에게 <b>{0}&times;</b> 대미지.,สร้างความเสียหาย <b>&times;{0}</b> ให้กับเป้าหมายประเภท{1},localization.json:ui
07_terminology,术语,ui.attack_type_normal_desc,对<b class='ba-col-explosion'>轻护甲</b>、<b class='ba-col-pierce'>重装甲</b>、<b class='ba-col-mystic'>特种装甲</b>与<b class='ba-col-elasticarmor'>弹性装甲</b>目标造成<b>1倍</b>伤害<br>对<b>构造物</b>造成<b>0.5倍</b>伤害,<b class='ba-col-explosion'>軽装備</b>、<b class='ba-col-pierce'>重装甲</b>、<b class='ba-col-mystic'>特殊装甲</b>および<b class='ba-col-elasticarmor'>弾力装甲</b>に対して<b>1倍</b>のダメージを与える。<br>構造物に<b>0.5倍</b>のダメージを与える。,對<b class='ba-col-explosion'>輕裝甲</b>、<b class='ba-col-pierce'>重裝甲</b>與<b class='ba-col-mystic'>神秘裝甲</b>目標造成<b>1倍</b>傷害。<br>對<b>構造物</b>造成<b>0.5倍</b>傷害。,"Deals <b>1&times;</b> damage to <b class='ba-col-explosion'>Light Armor</b>, <b class='ba-col-pierce'>Heavy Armor</b>, <b class='ba-col-mystic'>Special Armor</b> and <b class='ba-col-elasticarmor'>Elastic Armor</b>.<br>Deals <b>0.5&times;</b> damage to <b>Structures</b>.","<b class='ba-col-explosion'>경장갑</b>, <b class='ba-col-pierce'>중장갑</b>, <b class='ba-col-mystic'>신비장갑</b>, <b class='ba-col-elasticarmor'>탄력장갑</b> 대상에게 <b>1&times;</b> 대미지.<br>구조물 대상에게 <b>0.5&times;</b> 대미지.","สร้างความเสียหาย <b>&times;1</b> ให้กับเป้าหมายประเภท<b class='ba-col-explosion'>เกราะเบา</b>, <b class='ba-col-pierce'>เกราะหนัก</b>และ<b class='ba-col-mystic'>เกราะพิเศษ</b><br>สร้างความเสียหาย <b>&times;0.5</b> ให้กับเป้าหมายประเภท<b>สิ่งปลูกสร้าง</b>",localization.json:ui
07_terminology,术语,ui.defense_type_desc,承受<b>{0}倍</b>{1}攻击伤害,{1}攻撃から<b>{0}倍</b>のダメージを受ける。,承受<b>{0}倍</b>{1}攻擊傷害。,Receives <b>{0}&times;</b> damage from {1} attacks.,{1} 공격으로부터 <b>{0}&times;</b> 대미지를 받습니다.,ได้รับความเสียหาย <b>&times;{0}</b> จากการโจมตีประเภท{1},localization.json:ui
07_terminology,术语,ui.defense_type_normal_desc,承受<b>1倍</b><b class='ba-col-explosion'>爆破</b>、<b class='ba-col-pierce'>贯通</b>、<b class='ba-col-mystic'>神秘</b>与<b class='ba-col-sonic'>振动</b>攻击伤害,<b class='ba-col-explosion'>爆発</b>、<b class='ba-col-pierce'>貫通</b>、<b class='ba-col-mystic'>神秘</b>および<b class='ba-col-sonic'>振動</b>攻撃から<b>1倍</b>のダメージを受ける。,承受<b>1倍</b><b class='ba-col-explosion'>爆炸</b>、<b class='ba-col-pierce'>貫穿</b>與<b class='ba-col-mystic'>神秘</b>攻擊傷害。,"Receives <b>1&times;</b> damage from <b class='ba-col-explosion'>Explosive</b>, <b class='ba-col-pierce'>Piercing</b>, <b class='ba-col-mystic'>Mystic</b> and <b class='ba-col-sonic'>Sonic</b> attacks.","<b class='ba-col-explosion'>폭발</b>, <b class='ba-col-pierce'>관통</b>, <b class='ba-col-mystic'>신비</b>, <b class='ba-col-sonic'>진동</b> 공격으로부터 <b>1&times;</b> 대미지를 받습니다.","ได้รับความเสียหาย <b>&times;1</b> จากการโจมตีประเภท<b class='ba-col-explosion'>ระเบิด</b>, <b class='ba-col-pierce'>เจาะเกราะ</b>และ<b class='ba-col-mystic'>ลึกลับ</b>",localization.json:ui
07_terminology,术语,ui.age,年龄,年齢,年紀,Age,나이,อายุ,localization.json:ui
07_terminology,术语,ui.hobbies,爱好,趣味,興趣,Hobbies,취미,สนใจ,localization.json:ui
07_terminology,术语,ui.cv,CV,CV.,語音,CV.,CV.,เสียง,localization.json:ui
07_terminology,术语,ui.bond_title,羁绊等级奖励,絆ランクボーナス,羈絆等級獎勵,Relationship Rank Bonus,인연 랭크 보너스,โบนัสระดับสายใย,localization.json:ui
07_terminology,术语,ui.weaponbonus_title,界限解放,限界解放,極限解放,Limit Breakthrough,한계 해방,เพิ่มลิมิต,localization.json:ui
07_terminology,术语,ui.favoritem_title,喜欢的礼物,お気に入りの贈り物,禮物,Favorite Gifts,선물,ของขวัญ,localization.json:ui
07_terminology,术语,ui.favoritem_none,此学生没有任何喜欢的礼物,この生徒にはお気に入りの贈り物がありません。,此學生沒有任何喜歡的禮物。,This student does not have any favourite gifts.,이 학생은 좋아하는 선물이 없습니다.,นักเรียนนี้ไม่มีของขวัญที่ชื่นชอบเป็นพิเศษ,localization.json:ui
07_terminology,术语,ui.furniture_title,家具互动,家具モーション,交互作用,Furniture Interaction,상호작용,โต้ตอบได้,localization.json:ui
07_terminology,术语,ui.furniture_none,此学生不与任何咖啡厅家具互动,この生徒には家具モーションがありません。,此學生不與任何咖啡廳家具互動。,This student does not interact with any cafe furniture.,카페 상호작용 가구 없음.,นักเรียนนี้ไม่มีการโต้ตอบกับเฟอร์นิเจอร์,localization.json:ui
07_terminology,术语,ui.filters,过滤器,フィルター,過濾器,Filters,필터,ตัวกรอง,localization.json:ui
07_terminology,术语,ui.student_search_filters_clear,清空过滤器,フィルターをすべて解除,清空過濾器,Clear all Filters,모든 필터 해제,ล้างตัวกรองทั้งหมด,localization.json:ui
07_terminology,术语,ui.student_search_info,显示所有信息,すべての情報を表示,顯示所有信息,Show all Info,모든 정보 표시,แสดงข้อมูลทั้งหมด,localization.json:ui
07_terminology,术语,ui.sortby,排序,並び替え,排列,Sort By,정렬,เรียงตาม,localization.json:ui
07_terminology,术语,ui.default,默认,デフォルト,基本值,Default,기본값,ค่าเริ่มต้น,localization.json:ui
07_terminology,术语,ui.type,战术作用,役割,戰術作用,Type,전술 역할,ประเภท,localization.json:ui
07_terminology,术语,ui.role,作用类别,クラス,作用,Role,역할,บทบาท,localization.json:ui
07_terminology,术语,ui.rarity_availability,稀有度/获取方式,レア度 / 入手機会,稀有度,Rarity / Availability,희귀도,หายาก,localization.json:ui
07_terminology,术语,ui.attacktype,攻击类型,攻撃タイプ,攻擊類型,Attack Type,공격타입,ประเภทการโจมตี,localization.json:ui
07_terminology,术语,ui.defensetype,防御类型,防御タイプ,防禦類型,Defense Type,방어타입,ประเภทเกราะ,localization.json:ui
07_terminology,术语,ui.position,站位,ポジション,位置,Position,포지션,ตำแหน่ง,localization.json:ui
07_terminology,术语,ui.combat_power,地形适应性,地形別戦闘力,地形戰鬥力,Terrain Strength,지형전투력,ความคุ้นชินพื้นที่,localization.json:ui
07_terminology,术语,ui.misc,其他,その他,Misc.,Misc.,기타,อื่นๆ,localization.json:ui
07_terminology,术语,ui.uses_cover,使用掩体,遮蔽物使用,Uses Cover,Uses Cover,엄폐,ใช้กำบังได้,localization.json:ui
07_terminology,术语,ui.doesnt_use_cover,不使用掩体,遮蔽物不使用,Doesn't Use Cover,Doesn't Use Cover,엄폐안함,ไม่ใช้กำบัง,localization.json:ui
07_terminology,术语,ui.can_cc,可施加群控状态,CC付与,Can CC,Can CC,군중제어기,มีเอฟเฟกต์กดขี่,localization.json:ui
07_terminology,术语,ui.can_debuff,可施加减益状态,弱体状態付与,Can Debuff,Can Debuff,디버프 스킬,มีเอฟเฟกต์อันตราย,localization.json:ui
07_terminology,术语,ui.uses_artifact,养成所需欧帕兹,使用オーパーツ,Uses Artifact,Uses Artifact,사용 오파츠,วัตถุหลงยุคที่ใช้,localization.json:ui
07_terminology,术语,ui.filter_include_weapon_upgrade,含适应性强化,固有武器による強化を含める,Include Weapon Upgrade,Include Weapon Upgrade,고유 무기 업그레이드 포함,นับรวมผลของอาวุธเฉพาะ,localization.json:ui
07_terminology,术语,ui.memory_lobby,回忆大厅,メモリアルロビー,紀念大廳,Recollection Lobby,메모리얼 로비,ล็อบบี้แห่งความทรงจำ,localization.json:ui
07_terminology,术语,ui.memory_lobby_student,{0}的回忆大厅,{0}のメモリアルロビー,{0}的紀念大廳,{0}'s Recollection Lobby,{0}의 메모리얼 로비,ล็อบบี้แห่งความทรงจำของ{0},localization.json:ui
07_terminology,术语,ui.memory_lobby_unlock,{1}羁绊等级达到{0}后解锁,{1}との絆ランクが{0}になると開放,{1}羈絆等級達成{0}後解鎖,Unlocks after reaching relationship rank {0} with {1},{1}와의 인연 랭크 {0} 도달시 잠금해제,ปลดล็อคหลังจากระดับสายใยของ{1}ถึงระดับ {0},localization.json:ui
07_terminology,术语,ui.memory_lobby_unlock_level,大厅解锁,メモリアルロビー開放,Lobby Unlock,Lobby Unlock,메모리얼 잠금해제,ระดับสายใยที่ปลดล็อบบี้ฯ,localization.json:ui
07_terminology,术语,ui.memory_lobby_bgm,大厅BGM: {0},メモリアルロビーBGM：{0},大廳BGM: {0},Lobby BGM: {0},메모리얼 BGM: {0},เพลงประกอบล็อบบี้ฯ: {0},localization.json:ui
07_terminology,术语,ui.memory_lobby_bgm_name,大厅BGM,メモリアルロビーBGM,大廳BGM,Lobby BGM,메모리얼 BGM,เพลงประกอบล็อบบี้ฯ,localization.json:ui
07_terminology,术语,ui.student_stars,神秘解放,神秘開放,Mystic Unlock,Mystic Unlock,신비해방,จำนวนดาวที่มี,localization.json:ui
07_terminology,术语,ui.terrain_adaption,{0}地形适应性,{0}戦闘力,{0}戰鬥力,{0} Combat Power,{0} 전투력,ค่าต่อสู้{0},localization.json:ui
07_terminology,术语,ui.terrain_adaption_details,在<b>{1}</b>地形造成<b>{0}倍</b>伤害 处于掩体掩护状态时掩护成功率<b>增加{2}%</b> 攻击时无视掩体概率<b>增加{2}%</b>,{1}では<b>{0}倍</b>のダメージを与える。 遮蔽物使用時に遮蔽ブロック率を<b>{2}%増加する</b>。 遮蔽貫通率を<b>{2}%増加する</b>。,在<b>{1}</b>地形造成<b>{0}倍</b>傷害。 尋找掩體時掩護成功率<b>+{2}%</b>。 攻擊時繞過掩體概率<b>增加{2}%</b>。,Deals <b>{0}&times;</b> damage in <b>{1}</b> terrain. Block rate when taking cover is increased by <b>{2}%</b>. Enemy block rate reduced by <b>{2}%</b> when attacking.,<b>{1}</b> 지형에서 <b>{0}&times;</b> 대미지. 엄폐 성공률이 <b>{2}%</b> 증가. 공격하는 적의 엄폐 성공률이 <b>{2}%</b> 감소.,สร้างความเสียหาย <b>&times;{0}</b> ในพื้นที่<b>{1}</b> อัตรากำบังสำเร็จเมื่ออยู่ในกำบังเพิ่มขึ้น <b>{2}%</b> อัตรากำบังสำเร็จของศัตรูเมื่อโจมตีลดลง <b>{2}%</b>,localization.json:ui
07_terminology,术语,ui.statpreview_title,数据预览选项,詳細ステータス / スキル,數據預覽選項,Stat / Skill Details,능력치 / 스킬 상세 정보,รายละเอียดค่าสถานะ/สกิล,localization.json:ui
07_terminology,术语,ui.buffs,增益状态,バフ,增益效果,Buffs,버프,บัฟ,localization.json:ui
07_terminology,术语,ui.enemy_target,目标,対象,目標,Target,대상,จำลองเป้าหมาย,localization.json:ui
07_terminology,术语,ui.summon_inheritance,额外持有{1}{0}的{2},{1}の{2}の{0}を引き継ぐ,Inherits {0} of {1}'s {2},Inherits {0} of {1}'s {2},{1}의 {2} {0} 부여,ได้รับ{2} {0} ของ{2}ของ{1},localization.json:ui
07_terminology,术语,ui.stability_mindamage,最低伤害：{0},最小ダメージ: {0},最低傷害：{0},Minimum Damage: {0},최소 대미지: {0},ความเสียหายขั้นต่ำ: {0},localization.json:ui
07_terminology,术语,ui.stage_rewards,可获得奖励,獲得期待報酬,可獲得獎勵,Rewards,획득 가능 보상,รางวัลที่มีโอกาสได้รับ,localization.json:ui
07_terminology,术语,ui.rewards_findgift_msg,每个被击败的敌方单位会掉落以下物品中的一项：,倒した敵一体につき以下の中から一つを獲得:,每個擊敗的敵人會掉落以下物品中的一項：,Each enemy defeated will drop one of the following items:,적을 쓰러트리면 다음 중 하나의 보상 획득:,ศัตรูแต่ละตัวที่ถูกกำจัดจะดรอปไอเทมต่อไปนี้,localization.json:ui
07_terminology,术语,ui.stage_enemies,敌方信息,敵情報,敵人資訊,Enemies,적 정보,ข้อมูลศัตรู,localization.json:ui
07_terminology,术语,ui.stage_info,信息,情報,情報,Info,정보,ข้อมูล,localization.json:ui
07_terminology,术语,ui.stage_map,地图,マップ,地圖,Map,맵,แผนที่,localization.json:ui
07_terminology,术语,ui.stage_conquest_tile,区域,タイル,區域,Zone,구역,พื้นที่,localization.json:ui
07_terminology,术语,ui.event_rerun,(复刻),（復刻）,(复刻),(Rerun),(복각),(รีรัน),localization.json:ui
07_terminology,术语,ui.starcondition_defeatall,击败所有敌方单位,すべての敵を撃破する。,擊破所有敵人。,Defeat all enemies.,모든 적 격파,กำจัดศัตรูทั้งหมด,localization.json:ui
07_terminology,术语,ui.starcondition_defeatalltime,{0}秒内击败所有敌方单位,<b>{0}</b>秒以内にすべての敵を撃破する。,{0}秒內擊破所有敵人。,Defeat all enemies within <b>{0}</b> seconds.,{0}초 안에 모든 적 격파,กำจัดศัตรูทั้งหมดภายใน {0} วินาที,localization.json:ui
07_terminology,术语,ui.starcondition_allsurvive,全员生存,誰も退却させられていない。,全員生存。,All students survive.,모든 학생 생존,ปลอดภัยทุกคน,localization.json:ui
07_terminology,术语,ui.starcondition_sranks,获得S评级{0}次,Sランクを<b>{0}</b>回獲得,獲得S等級{0}次,Acquire S rank <b>{0}</b> time(s).,S랭크 {0}회 획득,ได้ระดับ S {0} ครั้ง,localization.json:ui
07_terminology,术语,ui.no_results,无结果,該当なし。,無結果。,No results.,결과 없음.,ไม่มีผลลัพธ์,localization.json:ui
07_terminology,术语,ui.furniture_set,组合,セット,組合,Set,세트,เซ็ต,localization.json:ui
07_terminology,术语,ui.others,其它,その他,其它,Other,기타,อื่นๆ,localization.json:ui
07_terminology,术语,ui.calculations,计算,計算,Calculations,Calculations,계산,คำนวน,localization.json:ui
07_terminology,术语,ui.ta_phase,阶段,フェーズ,階段,Stage,단계,ขั้นที่,localization.json:ui
07_terminology,术语,ui.craft_rewards,可能制造的物品,獲得可能アイテム,可能道具,Possible Items,획득 가능 아이템,ไอเทมที่สามารถได้รับ,localization.json:ui
07_terminology,术语,ui.craft_recipe_items,定向制造所需物品,必要アイテム,必要道具,Required Items,필요 아이템,วัตถุดิบที่ต้องการ,localization.json:ui
07_terminology,术语,ui.craft_using,使用以下物品制造,以下のアイテムを消費して製造可能,使用以下道具製造,Crafted using the following items,제작에 필요한 재료,คราฟโดยใช้ไอเทมต่อไปนี้,localization.json:ui
07_terminology,术语,ui.craft_toggle_chance,切换显示节点出现概率,ノード出現率を表示,切換節點出現概率,Show Node Appearance Rates,노드 등장 확률 표시,แสดง/ซ่อนอัตราการปรากฏของโหนด,localization.json:ui
07_terminology,术语,ui.bond_req_equip,需要 {1} 羁绊等级 <i class='ms-1 fa-solid fa-heart'></i> {0} 以装备,装備には{1}の絆ランク<i class='ms-1 fa-solid fa-heart'></i>{0}が必要,需要 {1} 羈絆等級 <i class='ms-1 fa-solid fa-heart'></i> {0} 以裝備,Requires <i class='ms-1 fa-solid fa-heart'></i> {0} with {1} to equip,착용하려면 {1} 인연 랭크 {0} 필요,ต้องการ <i class='ms-1 fa-solid fa-heart'></i> ของ {1} ระดับ {0} เพื่อสวมใส่,localization.json:ui
07_terminology,术语,ui.bond_req_upgrade,需要 {1} 羁绊等级 <i class='ms-1 fa-solid fa-heart'></i> {0} 以升级,強化には{1}の絆ランク<i class='ms-1 fa-solid fa-heart'></i>{0}が必要,需要 {1} 羈絆等級 <i class='ms-1 fa-solid fa-heart'></i> {0} 以升級,Requires <i class='ms-1 fa-solid fa-heart'></i> {0} with {1} to upgrade,업그레이드하려면 {1} 인연 랭크 {0} 필요,ต้องการ <i class='ms-1 fa-solid fa-heart'></i> ของ {1} ระดับ {0} เพื่ออัปเกรด,localization.json:ui
07_terminology,术语,ui.skill_plus,+,＋,+,+,+,+,localization.json:ui
07_terminology,术语,ui.stage_reward_default,奖励,通常報酬,獎勵,Rewards,보상,รางวัล,localization.json:ui
07_terminology,术语,ui.rewards_season,赛季奖励,総合ランキングPt報酬,賽季獎勵,Season Reward,시즌 보상,รางวัลซีซั่น,localization.json:ui
07_terminology,术语,ui.raid_season,赛季{0}({1}),シーズン{0}（{1}）,賽季{0}({1}),Season {0} ({1}),시즌 {0} ({1}),ซีซั่น {0} ({1}),localization.json:ui
07_terminology,术语,ui.item_tab_materials,材料,素材,材料,Materials,재료,วัตถุดิบ,localization.json:ui
07_terminology,术语,ui.item_tab_gifts,礼物,贈り物,禮物,Gifts,선물,ของขวัญ,localization.json:ui
07_terminology,术语,ui.item_tab_currency,货币,通貨,貨幣,Currency,재화,ไอเทม,localization.json:ui
07_terminology,术语,ui.list_style_detailed,详细视图,詳細表示,詳細視圖,Detailed View,상세 보기,มุมมองแบบละเอียด,localization.json:ui
07_terminology,术语,ui.list_style_compact,紧凑视图,簡易表示,緊湊視圖,Compact View,간단히 보기,มุมมองแบบย่อ,localization.json:ui
07_terminology,术语,ui.equipment_tier,装备梯级,装備Tier,裝備級數,Equipment Tier,장비 티어,ระดับอุปกรณ์,localization.json:ui
07_terminology,术语,ui.furniture_interaction_list,以下学生与此家具互动,家具モーションのある生徒一覧,以下學生與此家具互動,The following students interact with this furniture,이 가구와 상호작용이 있는 학생,นักเรียนที่ตอบโต้กับเฟอร์นิเจอร์นี้,localization.json:ui
07_terminology,术语,ui.item_likedbystudent_list_0,被以下学生喜爱 {0},以下の生徒の大のお気に入り{0},被以下學生喜愛 {0},Loved {0} by the following students,Loved {0} by the following students,เป็นที่รัก {0} โดยนักเรียนดังต่อไปนี้,localization.json:ui
07_terminology,术语,ui.item_likedbystudent_list_1,被以下学生喜欢 {0},以下の生徒のお気に入り{0},被以下學生喜歡 {0},Liked {0} by the following students,Liked {0} by the following students,ชื่นชอบ {0} โดยนักเรียนดังต่อไปนี้,localization.json:ui
07_terminology,术语,ui.item_student_favor,{1} 赠送给下列学生时 +{0} 羁绊经验,以下の生徒にプレゼントすると絆EXPを{0}増加する{1},{1} 贈予以下學生時 +{0} 羈絆經驗,+{0} Relationship EXP {1} when given to the following students,아래 학생들에게 선물하면 +{0} 인연 EXP {1},เพิ่มค่าความสัมพันธ์ {0} {1} เมื่อมอบให้กับนักเรียนดังต่อไปนี้,localization.json:ui
07_terminology,术语,ui.item_student_favor_default,{1} 赠送给其他学生时 +{0} 羁绊经验,それ以外の生徒にプレゼントすると絆EXPを{0}増加する{1},{1} 贈予任何其他學生時 +{0} 羈絆經驗,+{0} Relationship EXP {1} when given to any other student,다른 학생들에게 선물하면 +{0} 인연 EXP {1},เพิ่มค่าความสัมพันธ์ {0} {1} เมื่อมอบให้กับนักเรียนคนอื่นๆ,localization.json:ui
07_terminology,术语,ui.item_student_favor_all,{1} 赠送给任何学生时 +{0} 羁绊经验,どの生徒にプレゼントした時も絆EXPを{0}増加する{1},{1} 贈予任何學生時 +{0} 羈絆經驗,+{0} Relationship EXP {1} when given to any student,모든 학생들에게 선물하면 +{0} 인연 EXP {1},เพิ่มค่าความสัมพันธ์ {0} {1} เมื่อมอบให้กับนักเรียนทุกคน,localization.json:ui
07_terminology,术语,ui.item_usedby_gear,用于强化以下学生的爱用品,以下の生徒の愛用品の強化に必要,用於强化以下學生的愛用品,Used to improve the following students' unique item,아래 학생의 애장품 업그레이드에 필요,ใช้ในการอัปเกรดอุปกรณ์พิเศษของนักเรียนดังต่อไปนี้,localization.json:ui
07_terminology,术语,ui.item_specialgift,此礼物在赠送给任何学生时都会被当做喜欢的物品{0}看待,この贈り物はすべての生徒のお気に入り{0}として扱われる,此禮物在贈予任何學生時會被當做喜歡的項目{0}看待,This gift will be treated as a liked item {0} when given to any student,이 선물은 모든 학생들에게 좋아하는 선물 {0} 로 취급됩니다.,ของขวัญชิ้นนี้จะถือว่าเป็นของขวัญที่เป็นที่รัก {0} เมื่อมอบให้กับนักเรียนคนไหนก็ตาม,localization.json:ui
07_terminology,术语,ui.item_usedby,被以下学生使用,以下の生徒が装備可能,被以下學生使用,Used by the following students,사용 학생,ใช้โดยนักเรียนดังต่อไปนี้,localization.json:ui
07_terminology,术语,ui.item_usedby_exskill_amount,EX技能需求量：{0},EXスキルの最大強化に必要な数：{0},EX技能需要：{0},Needed for EX Skill: {0},EX 스킬 최대 성장 필요량: {0},ใช้ในการอัปเกรดสกิล EX: {0},localization.json:ui
07_terminology,术语,ui.item_usedby_skill_amount,普通技能/被动技能/子技能需求量：{0},ノーマル、パッシブ、またはサブスキルの最大強化に必要な数：{0},基本/增强/子技能需要：{0},Needed for Basic/Enhanced/Sub Skill: {0},기본/강화/서브 스킬 최대 성장 필요량: {0},ใช้ในการอัปเกรดสกิลพื้นฐาน/ติดตัว/รอง: {0},localization.json:ui
07_terminology,术语,ui.item_usedby_skill,用于升级以下学生的技能,以下の生徒のスキル強化に必要,用於增強以下學生的技能,Used to improve the following students' skills,아래 학생의 스킬 성장에 필요,ใช้เพื่อพัฒนาสกิลของนักเรียนดังต่อไปนี้,localization.json:ui
07_terminology,术语,ui.item_usedby_eleph,用于解锁以下学生,以下の生徒の神秘開放に必要,用於解鎖以下學生,Used to unlock mystic in the following student,아래 학생의 신비 해방에 필요,ใช้เพื่อเพิ่มดาวนักเรียนดังต่อไปนี้,localization.json:ui
07_terminology,术语,ui.item_obtainedfrom_stage,可从以下关卡获得,以下のステージで獲得可能,從以下場景獲得,Obtained from the following stages,획득 가능 스테이지,ได้รับจากด่านดังต่อไปนี้,localization.json:ui
07_terminology,术语,ui.item_purchasedfrom,可从以下商店购买,以下のショップで購入可能,從以下商店購買,Purchased from the following shops,구매 가능 상점,ซื้อได้จากร้านค้าดังต่อไปนี้,localization.json:ui
07_terminology,术语,ui.item_eventbonus,以下学生可增加获得该活动代币的数量,以下の生徒を編成するとこのアイテムの獲得量が増加する。,以下學生可以額外獲得這種貨幣。,The following students earn bonus amounts of this currency.,아래 학생을 편성시 이 재화를 추가로 획득할 수 있습니다.,ไอเทมนี้ได้รับโบนัสดรอปจากนักเรียนดังต่อไปนี้,localization.json:ui
07_terminology,术语,ui.item_randombox_tier,随机 {0} {1},ランダム{0}{1},隨機 {0} {1},Random {0} {1},무작위 {0} {1},สุ่ม{1} {0},localization.json:ui
07_terminology,术语,ui.item_artifact_box,包含以下欧帕兹之一：,以下のオーパーツのうち一つが入っている：,包含以下歐帕茲之一：,Contains one of the following artifacts:,다음 중 하나의 오파츠 포함:,บรรจุหนึ่งในวัตถุหลงยุคดังต่อไปนี้,localization.json:ui
07_terminology,术语,ui.item_equipment_box,包含以下装备图纸之一：,以下の装備設計図のうち一つが入っている：,包含以下裝備碎片之一：,Contains one of the following equipment pieces:,다음 중 하나의 장비 포함:,บรรจุหนึ่งในสูตรอุปกรณ์ดังต่อไปนี้,localization.json:ui
07_terminology,术语,ui.item_contains,使用后获得以下物品,以下のアイテムを獲得する,Rewards the following items,Rewards the following items,사용시 아래 아이템 획득,ได้รับไอเทมดังต่อไปนี้,localization.json:ui
07_terminology,术语,ui.item_contains_random,可随机获得下列物品中的一项,以下のアイテムの中から一つをランダムに獲得する,隨機獲得以下物品中的一件,Randomly rewards one of the following items,아래 아이템 중 하나를 무작위로 획득,สุ่มรับหนึ่งในบรรดาไอเทมดังต่อไปนี้,localization.json:ui
07_terminology,术语,ui.item_contains_choice,可选择获得下列物品中的一项,以下のアイテムの中から一つを選択して獲得する,選擇獲得以下物品中的一件,Rewards a choice of one of the following items,아래 아이템 중 하나를 선택하여 획득,เลือกรับหนึ่งในบรรดาไอเทมดังต่อไปนี้,localization.json:ui
07_terminology,术语,ui.item_is_immediateuse,※ 此物品在获得后立即被使用,※ このアイテムは獲得した瞬間に使用される,※ 此物品在獲得后立刻被使用,※ This item is used immediately when acquired,※ 이 아이템은 획득 즉시 사용됨,※ ไอเทมนี้จะถูกใช้งานทันทีที่ได้รับ,localization.json:ui
07_terminology,术语,ui.conquest_area,区域{0},エリア{0},區域{0},Area {0},{0} 지역,พื้นที่ {0},localization.json:ui
07_terminology,术语,ui.conquest_title,区域{0} 队伍{1},エリア{0}、部隊{1},區域{0} 隊伍{1},"Area {0}, Team {1}",{0} 지역 {1}팀,พื้นที่ {0} ทีม {1},localization.json:ui
07_terminology,术语,ui.conquest_occupy,占领,占領,佔領,Occupy,점령,ยึด,localization.json:ui
07_terminology,术语,ui.conquest_analyze,分析,分析,Analyze,Analyze,분석,วิเคราะห์,localization.json:ui
07_terminology,术语,ui.conquest_settlement,结算获得报酬,精算獲得報酬,結算獲得獎勵,Settlement Acquisition Reward,정산 획득 보상,รางวัลดำเนินการ,localization.json:ui
07_terminology,术语,ui.school_bonus,学园编队效果,学園編成効果,學園編輯效果,Academy Buff,학원 편성 효과,เอฟเฟกต์จัดทีมโรงเรียน,localization.json:ui
07_terminology,术语,ui.school_bonus_num_students,{0}名学生:,{0}人:,{0}名:,{0} Students:,{0}명:,{0}คน:,localization.json:ui
07_terminology,术语,ui.school_bonus_conquest,"{2}报酬+{0}%, 占领攻击力+{1}%","{2}報酬追加獲得+{0}%, 攻撃力増加+{1}%","{2}獎勵額外獲得＋{0}%, 攻擊力增加＋{1}%","({2}) Event Currency Reward +{0}%, (Occupy) ATK +{1}%","{2} 보상 추가 획득 +{0}%, 공격력 증가 +{1}%","รับรางวัล{2}เพิ่ม +{0}%, เพิ่มค่าโจมตี +{1}%",localization.json:ui
07_terminology,术语,ui.tooltip_relationship_bonus,切换羁绊等级加成,{0}の絆ランクボーナスを含める,切換羈絆等級加成,Include {0}'s Relationship Bonus,{0}의 인연 랭크 보너스 포함,เปิด/ปิดโบนัสระดับสายใย,localization.json:ui
07_terminology,术语,ui.tooltip_equipment_bonus,切换装备加成,装備バフを含める,切換裝備加成,Include Equipment Bonus,장비 보너스 포함,เปิด/ปิดโบนัสอุปกรณ์สวมใส่,localization.json:ui
07_terminology,术语,ui.tooltip_passiveskill_bonus,切换被动技能加成,パッシブスキルバフを含める,切換增強技能加成,Include Enhanced Skill Buff,강화 스킬 보너스 포함,เปิด/ปิดโบนัสสกิลติดตัว,localization.json:ui
07_terminology,术语,ui.tooltip_buffs_bonus,切换{0}选择的增益状态,{0}選択済みのバフを含める,包含{0}選擇的增益效果,Include {0} Selected Buffs,선택된 버프 {0}개 포함,เปิด/ปิด {0} บัพที่เลือกไว้,localization.json:ui
07_terminology,术语,ui.tooltip_compare,对比学生,別の生徒と比較,對比學生,Compare with Student,다른 학생과 비교,เปรียบเทียบกับนักเรียนคนอื่น,localization.json:ui
07_terminology,术语,ui.tooltip_compare_remove,移除对比,比較をやめる,移除對比,Remove Comparison,비교 제거,ยกเลิกการเปรียบเทียบ,localization.json:ui
07_terminology,术语,ui.tooltip_collection_add,添加到集合,生徒データに追加 <small>(選択されたステータスを保存します)</small>,添加到集合,Add to Collection <small>(Saves selected stats)</small>,컬렉션에 추가 <small>(학생 상태 저장)</small>,เพิ่มลงในคอลเลคชั่น,localization.json:ui
07_terminology,术语,ui.tooltip_sprite_toggle,切换立绘,立ち絵を切替,切換CG圖像,Change Sprite,스프라이트 변경,เปลี่ยนรูป,localization.json:ui
07_terminology,术语,ui.collection_owned,已添加,所属,已擁有,Owned,보유,มีแล้ว,localization.json:ui
07_terminology,术语,ui.collection_notowned,未添加,未所属,未擁有,Not Owned,미보유,ยังไม่มี,localization.json:ui
07_terminology,术语,ui.maptile_spawn,生成单元格,生成タイル,生成方格,Spawn Tile,생성 타일,เพิ่มช่อง,localization.json:ui
07_terminology,术语,ui.maptile_drone,无人机(获取2格距离内视野),ドローン（周囲のタイルを表示する）,無人機（照亮周遭視野）,Drone (Reveals surrounding tiles),드론 (주변 타일을 밝힘),โดรน (แสดงช่องรอบข้าง),localization.json:ui
07_terminology,术语,ui.maptile_remove,移除单元格,消去タイル,移除方格,Remove Tile,제거 타일,ลบช่อง,localization.json:ui
07_terminology,术语,ui.maptile_teleport_oneway_entrance,单向传送单元格(入口),一方通行テレポート入口,單向移動入口,One-way Teleporter Entrance,단방향 텔레포터 입구,ทางเข้าเทเลพอร์ททางเดียว,localization.json:ui
07_terminology,术语,ui.maptile_teleport_oneway_exit,单向传送单元格(出口),一方通行テレポート出口,單向移動出口,One-way Teleporter Exit,단방향 텔레포터 출구,ทางออกเทเลพอร์ททางเดียว,localization.json:ui
07_terminology,术语,ui.maptile_teleport_twoway,双向传送单元格,双方向テレポート,雙向移動,Two-way Teleporter,양방향 텔레포터,เทเลพอร์ทสองทาง,localization.json:ui
07_terminology,术语,ui.maptile_item_food,食物单元格 (回复学生50%最大生命值),食物タイル （最大HPの50%を回復）,食物拾取 (恢複學生 50% 最大體力),Food Pickup (Heals unit for 50% of their Max HP),음식 타일 (유닛들의 HP를 최대치의 50% 회복),จุดเก็บอาหาร (ฟื้นฟู HP 50% ของ Max HP ให้กับยูนิทที่เก็บ),localization.json:ui
07_terminology,术语,ui.maptile_item_atk,武器单元格 (2回合内增加10%学生攻击力),銃タイル （2ターンの間攻撃力を10%増加）,武器拾取 (兩回合內學生攻擊力增加 10%),Gun Pickup (Increases unit's ATK by 10% for the next two turns),총 타일 (2턴 동안 유닛의 공격력이 10% 증가),จุดเก็บปืน (เพิ่มค่าโจมตี 10% ให้กับยูนิทที่เก็บในอีก 2 เทิร์นถัดไป),localization.json:ui
07_terminology,术语,ui.maptile_item_def,护甲单元格 (2回合内增加10%学生防御力),盾タイル （2ターンの間防御力を10%増加）,護甲拾取 (兩回合內學生防禦力增加 10%),Armor Pickup (Increases unit's DEF by 10% for the next two turns),방패 타일 (2턴 동안 유닛의 방어력이 10% 증가),จุดเก็บเกราะ (เพิ่มค่าป้องกัน 10% ให้กับยูนิทที่เก็บในอีก 2 เทิร์นถัดไป),localization.json:ui
07_terminology,术语,ui.maptile_switch_down,降低的升降切换单元格,下がったスイッチタイル,降低的交換方格,Lowered Switch Tile,내려간 스위치 타일,พื้นสวิทช์ลดระดับ,localization.json:ui
07_terminology,术语,ui.maptile_switch_up,升高的升降切换单元格,上がったスイッチタイル,升高的交換方格,Raised Switch Tile,올라온 스위치 타일,พื้นสวิทช์ยกระดับ,localization.json:ui
07_terminology,术语,ui.maptile_switch_target_down,降低的升降单元格,下がったタイル,降低的方格,Lowered Tile,내려간 타일,พื้นลดระดับ,localization.json:ui
07_terminology,术语,ui.maptile_switch_target_up,升高的升降单元格,上がったタイル,升高的方格,Raised Tile,올라온 타일,พื้นยกระดับ,localization.json:ui
07_terminology,术语,ui.maptile_enemy_default_msg,单击地图上的敌方单位以展开敌人列表,マップ上の敵をクリックすると敵一覧が表示されます。,單擊地圖上的敵方單位以預覽敵人列表。,Click on an enemy unit on the map to view a list of enemies.,지도상의 적 유닛을 클릭하면 적 목록을 볼 수 있습니다.,คลิกยูนิทศัตรูบนแผนที่เพื่อดูรายชื่อของศัตรู,localization.json:ui
07_terminology,术语,ui.toast_import_success,导入学生集成功,{0}名分の生徒データのインポートに成功しました,導入學生集成功,Successfully imported collection data for {0} students,학생 컬렉션 {0}명을 성공적으로 불러왔습니다,นำเข้าข้อมูลนักเรียนในคอลเลคชั่นสำเร็จ,localization.json:ui
07_terminology,术语,ui.toast_import_failure,导入学生集时出错,生徒データのインポート時にエラーが発生しました,導入學生集出錯,Error importing student collection,학생 컬렉션을 불러오는데 실패했습니다,ประสบปัญหาในการนำเข้าข้อมูลนักเรียนในคอลเลคชั่น,localization.json:ui
07_terminology,术语,ui.toast_import_copy,已复制导入字符串至剪贴板,インポート用文字列をクリップボードにコピーしました,已複製導入字符串到剪貼板,Copied import string to clipboard,불러오기 데이터를 복사했습니다,คัดลอกรหัสนำเข้าลงในคลิปบอร์ด,localization.json:ui
07_terminology,术语,ui.toast_amount_invalid,输入的数值无效,不正な値です,鍵入的數值無效,Invalid amount entered,올바르지 않은 수치,ค่าที่ใส่ลงไปไม่ถูกต้อง,localization.json:ui
07_terminology,术语,ui.stat_crit_tooltip,暴击概率：,会心確率：,暴擊幾率：,Crit Chance:,치명타 확률:,อัตราการติดคริ:,localization.json:ui
07_terminology,术语,ui.stat_crit_amount_tooltip,{0}&nbsp;<small><i>(对暴击抵抗力为{1}的敌方单位)</i></small>,{0}&nbsp;<small><i>（会心抵抗値{1}）</i></small>,{0}&nbsp;<small><i>(對於一個暴擊抵抗力{1}的敵人)</i></small>,{0}&nbsp;<small><i>({1} Crit RES)</i></small>,{0}&nbsp;<small><i>({1} 치명 저항)</i></small>,{0}&nbsp;<small><i>(ใส่เป้าหมายที่มีค่าต้านทานคริ {1})</i></small>,localization.json:ui
07_terminology,术语,ui.stat_ammocount_tooltip,普通攻击消耗{0}弹药并造成{1}次伤害,通常攻撃は弾薬{0}を消費し{1}回ヒットする,普通攻擊消耗{0}彈藥並造成{1}次打擊,Normal Attack consumes {0} ammo and deals {1} hit(s),일반 공격이 탄약 {0}발을 소모해 {1}회 타격,การโจมตีปกติใช้กระสุน {0} นัดและสร้างความเสียหายจำนวน {1} ครั้ง,localization.json:ui
07_terminology,术语,ui.stat_ammocount_tooltip_area,普通攻击消耗{0}弹药并对圆形范围内的敌方单位造成{1}次伤害,通常攻撃は弾薬{0}を消費し円形範囲内の敵に{1}回ヒットする,普通攻擊消耗{0}彈藥並對圓形範圍內敵軍造成{1}次打擊,Normal Attack consumes {0} ammo and deals {1} hit(s) to enemies in a circular area,일반 공격이 탄약 {0}발을 소모해 원형 범위 내의 적들을 {1}회 타격,การโจมตีปกติใช้กระสุน {0} นัดและสร้างความเสียหายจำนวน {1} ครั้งให้กับศัตรูในรัศมี,localization.json:ui
07_terminology,术语,ui.stat_ammocount_tooltip_line,普通攻击消耗{0}弹药并对直线范围内的敌方单位造成{1}次伤害,通常攻撃は弾薬{0}を消費し直線範囲内の敵に{1}回ヒットする,普通攻擊消耗{0}彈藥並對直綫上敵軍造成{1}次打擊,Normal Attack consumes {0} ammo and deals {1} hit(s) to enemies in a straight line,일반 공격이 탄약 {0}발을 소모해 직선 범위 내의 적들을 {1}회 타격,การโจมตีปกติใช้กระสุน {0} นัดและสร้างความเสียหายจำนวน {1} ครั้งให้กับศัตรูในแนวเส้นตรง,localization.json:ui
07_terminology,术语,ui.stat_ammocount_tooltip_fan,普通攻击消耗{0}弹药并对扇形范围内的敌方单位造成{1}次伤害,通常攻撃は弾薬{0}を消費し扇形範囲内の敵に{1}回ヒットする,普通攻擊消耗 {0} 彈藥並對扇形區域內的敵人造成 {1} 次攻擊,Normal Attack consumes {0} ammo and deals {1} hit(s) to enemies in a fan-shaped area,일반 공격이 탄약 {0}발을 소모해 부채꼴 범위 내의 적들을 {1}회 타격,การโจมตีปกติใช้กระสุน {0} นัดและสร้างความเสียหายจำนวน {1} ครั้งให้กับศัตรูในพื้นที่รูปทรงกรวย,localization.json:ui
07_terminology,术语,ui.skill_hits_tooltip,共计造成{0}次伤害,合計{0}回ヒットする,共造成{0}次打擊,Deals a total of {0} hit(s),총 {0}회 타격,สร้างความเสียหายจำนวน {0} ครั้ง,localization.json:ui
07_terminology,术语,ui.home_welcome,欢迎回来，老师！,ようこそ、先生！,歡迎回來，老師！,"Welcome, Sensei!","안녕하세요, 선생님!",ยินดีต้อนรับเหล่าเซ็นเซย์ทุกท่านค่ะ!,localization.json:ui
07_terminology,术语,ui.home_introduction,"Schale 是 Nexon Games 开发，日服由 Yostar、国际服由 Nexon 运营的手游<i class=""text-bold"">蔚蓝档案</i>的非官方数据库。",Schaleは、Nexon Gamesが開発しYostar（日本版）およびNexon（グローバル版）が運営するスマートフォン向けゲーム『<b>ブルーアーカイブ</b>』の非公式データベースです。,"Schale 是 Nexon Games 開發，日服由 Yostar、國際服由 Nexon 運營的手游<i class=""text-bold"">蔚藍檔案</i>的非官方數據庫。","Schale is an unofficial database and calculation tool for the mobile game <i class=""text-bold"">Blue Archive</i> developed by Nexon Games and published by Yostar (Japan) and Nexon (Global) for iOS and Android.",Schale는 넥슨 게임즈가 개발하고 요스타(일본)와 넥슨(글로벌)이 iOS와 안드로이드로 서비스하는 모바일 게임 <b>블루 아카이브</b>의 비공식 데이터베이스 및 계산 도구입니다.,"Schale เป็นศูนย์รวมข้อมูลอย่างไม่เป็นทางการของเกมมือถือ <i class=""text-bold"">Blue Archive</i> ที่พัฒนาโดยทาง Nexon Games และได้รับการเผยแพร่โดย Yostar (เซิร์ฟเวอร์ญี่ปุ่น) และ Nexon (เซิร์ฟเวอร์โกลบอล) ทั้งในระบบ iOS และ Android",localization.json:ui
07_terminology,术语,ui.home_change_server,"请使用设置菜单 <i class=""fa-solid fa-gear mx-1""></i> 选择日服/国际服以显示对应服务器的内容。","設定メニュー<i class=""fa-solid fa-gear mx-1""></i>からあなたが遊んでいるサーバーを選択するとそのサーバー向けの情報だけが表示されるようになります。","請使用設置菜單 <i class=""fa-solid fa-gear mx-1""></i> 選擇日服/國際服以顯示對應伺服器的内容。","Please select your game server using the settings menu <i class=""fa-solid fa-gear mx-1""></i> to see only information that has been released on that server.","설정 메뉴 <i class=""fa-solid fa-gear mx-1""></i> 에서 플레이중인 서버를 선택하면 해당 서버에 출시된 데이터만 표시됩니다.","กรุณาเลือกเซิร์ฟเวอร์เกมของคุณในหน้าเมนูตั้งค่า <i class=""fa-solid fa-gear mx-1""></i> เพื่อมองเห็นเฉพาะข้อมูลที่ได้รับการอัปเดทแล้วในเซิร์ฟเวอร์นั้นๆ",localization.json:ui
07_terminology,术语,ui.home_features,特点：,当サイトの特徴,特性,Features,특징,คุณสมบัติต่างๆ,localization.json:ui
07_terminology,术语,ui.home_features_list,<li>全体学生及其技能、召唤物、战术支援载具的完整信息</li><li>全面的数据计算，可以显示学生在任意星级、等级、装备、技能和增益状态下的面板数据</li><li>完整的物品、装备和家具数据库</li><li>所有关卡的掉落奖励、地图和详细的敌人信息</li><li>总力战BOSS与合同火力演习的数据及技能信息</li><li>查看从制造节点可能获取物品的概率</li>,<li>すべての生徒とそのスキル、召喚物ならびに搭乗物に関する詳細な情報。</li><li>レベル、装備、バフのあらゆる組み合わせに対応した網羅的なステータス計算機能および様々な敵設定に対応したスキルダメージ量と回復量の計算機能。</li><li>アイテム、装備、家具に関する完全なデータベース。</li><li>すべての任務、イベントクエスト、チャレンジ、デイリーステージに関する獲得報酬、マップ、敵の詳細な情報。</li><li>総力戦ボスと合同火力演習に関するステータスとスキルの情報</li><li>各製造ノードから入手可能なアイテムの入手確率。</li>,<li>有關全體學生和技能，包含召喚單位與載具單位的完整信息。</li><li>全面的數據計算，可以顯示學生在任何星級、等級、裝備和技能的增益效果下的面板數據。</li><li>完整的物品、裝備和傢俱數據庫。</li><li>所有關卡的獎勵掉落、地圖和詳細的敵人信息。</li><li>總力戰BOSS與綜合戰術考試的數據與技能信息。</li><li>查看從合成節點可能獲取物品的幾率。</li>,"<li>Full information on all students and their skills, summons and vehicles.</li><li>Calculation feature that can display a student's stats under any configuration of level, equipment and buffs, and calculate skill damage and healing against a configurable target enemy.</li><li>Complete Items, Equipment and Furniture database.</li><li>Reward drops, maps and detailed enemy information for all Campaign, Event Quest, Challenge and Daily stages.</li><li>Stats and Skill information for Total Assault bosses and Joint Firing Drill events.</li><li>View the chances of possible items received from crafting nodes.</li>","<li>학생들의 능력치, 스킬, 소환물에 대한 모든 정보.</li><li>학생의 레벨, 장비, 버프에 따른 능력치와, 특정 적에 대한 공격과 스킬의 치유/대미지량 계산 기능.</li><li>아이템, 장비, 가구의 데이터베이스.</li><li>스테이지, 이벤트, 챌린지의 보상, 지도, 적 정보.</li><li>총력전 보스의 능력치와 스킬 정보와 종합전술시험 이벤트 정보.</li><li>제조 노드의 등장 확률과 획득 가능한 보상 정보.</li>","<li>ข้อมูลของนักเรียนและสกิลทุกคน รวมไปถึงยานพาหนะ, วัตถุอัญเชิญและวัตถุกำบังอย่างครบถ้วน</li><li>หน้าต่างคำนวนค่าสถานะต่างๆ ของนักเรียนภายใต้เงื่อนไขทุกรูปแบบไม่ว่าจะเป็นจำนวนดาว, เลเวล, อุปกรณ์สวมใส่หรือบัพจากสกิลต่างๆ</li><li>ลิสของไอเทม, อุปกรณ์สวมใส่และเฟอร์นิเจอร์อย่างครบถ้วน</li><li>รางวัลที่ได้รับ, แผนที่และข้อมูลของศัตรูแบบละเอียดสำหรับทุกภารกิจหลัก, เควสอีเวนท์, ชาเลนจ์และด่านเควสรายวัน</li><li>ค่าสถานะและข้อมูลสกิลสำหรับอีเวนท์เรดบอสและการสอบประมวลผล</li><li>ดูตารางและอัตราการได้รับไอเทมต่างๆ จากการคราฟไอเทม</li>",localization.json:ui
07_terminology,术语,ui.home_footer_text,Schale 由 lonqie 开发与维护，Blue-Roar、TKRotund、yumiruuwu 与 akintos 提供额外翻译。 Schale 与 Yostar、Nexon、Nexon Games 没有关联。本数据库中使用的所有游戏作品、信息和素材均为各自作者的财产和版权。,Schaleはlonqieによって開発・運営されています。また、Blue-Roar、TKRotund、Yumiruuwuおよびakintosから翻訳の支援を受けています。 SchaleはNexon、Nexon GamesおよびYostarとは一切関係ありません。当データベースで使用されているゲーム画像、情報ならびにアセットの所有権および著作権はそれぞれの権利者に帰属します。,Schale 由 lonqie 開發與維護，Blue-Roar、TKRotund、yumiruuwu 与 akintos 提供額外翻譯。 Schale 與 Yostar、Nexon、Nexon Games 沒有關聯。本數據庫中使用的所有游戲作品、信息和素材均爲各自作者的財產和版權。,"Schale is developed and maintained by lonqie, with additional translation work by Blue-Roar, TKRotund, yumiruuwu & akintos. Schale is not affiliated with Nexon, Nexon Games or Yostar. All game artwork, information and assets used in this database are the property and copyright of the respective authors.","Schale는 lonqie에 의해 개발되고 있으며, Blue-Roar, TKRotund, yumiruuwu, akintos 에 의해 번역되고 있습니다. Schale는 넥슨, 넥슨 게임즈 또는 요스타의 공식 서비스가 아니며, 모든 게임 아트워크, 정보, 애셋의 권리와 저작권은 해당 저작권자의 소유입니다.","Schale พัฒนาและอัปเดทโดย lonqie โดยได้รับความช่วยเหลือในการแปลภาษาเพิ่มเติมจาก Blue-Roar, TKRotund, Yumiruuwu และ akintos Schale นั้นไม่ได้มีส่วนเกี่ยวข้องใดๆ กับทาง Nexon, Nexon Games หรือ Yostar รูปภาพและข้อมูลต่างๆ ที่ใช้ในฐานข้อมูลนี้ถือเป็นสมบัติและทรัพย์สินทางปัญญาของผู้ถือครองลิขสิทธิ์ดั้งเดิม",localization.json:ui
07_terminology,术语,ui.changelog,更新日志,更新履歴,更新日志,Changelog,변경사항,บันทึกการอัปเดท,localization.json:ui
07_terminology,术语,ui.links,链接,リンク集,Links,Links,링크,ลิงค์เพิ่มเติม,localization.json:ui
07_terminology,术语,ui.community_resources,社区资源,コミュニティリソース,Community Resources,Community Resources,커뮤니티 자료,แหล่งข้อมูลเพิ่มเติมของคอมมูนิตี้,localization.json:ui
07_terminology,术语,ui.skillinfo_empty,选中的角色没有可显示的造成伤害或回复生命值的技能,選択されたキャラクターはダメージスキルまたは回復スキルを持っていません。,選中的角色沒有可展示的造成傷害或恢復體力的技能。,The selected character has no damage-dealing or healing skills to display.,선택한 캐릭터는 공격 또는 치유 능력이 없습니다.,นักเรียนที่เลือกไม่มีสกิลสร้างความเสียหายหรือสกิลรักษาที่สามารถแสดงให้ดูได้,localization.json:ui
07_terminology,术语,ui.skill_normalattack_target,对1名敌方单位造成攻击力<?1>的伤害,敵1体に対して<?1>ダメージを与える。,對一個敵人造成<?1>傷害。,Deals <?1> damage to one enemy.,적 하나에게 <?1> 대미지.,สร้างความเสียหาย <?1> ของค่าโจมตีให้กับศัตรู 1 เป้าหมาย,localization.json:ui
07_terminology,术语,ui.skill_normalattack_circle,对圆形范围内的敌方单位造成攻击力<?1>的伤害,円形範囲内の敵に対して<?1>ダメージを与える。,對圓形範圍內敵人造成<?1>傷害。,Deals <?1> damage to enemies in a circular area.,원형 범위 내의 적들에게 <?1> 대미지.,สร้างความเสียหาย <?1> ของค่าโจมตีให้กับศัตรูในรัศมี,localization.json:ui
07_terminology,术语,ui.skill_normalattack_line,对直线范围内的敌方单位造成攻击力<?1>的伤害,直線範囲内の敵に対して<?1>ダメージを与える。,對直線範圍內敵人造成<?1>傷害。,Deals <?1> damage to enemies in a straight line.,직선 범위 내의 적들에게 <?1> 대미지.,สร้างความเสียหาย <?1> ของค่าโจมตีให้กับศัตรูในแนวเส้นตรง,localization.json:ui
07_terminology,术语,ui.skill_normalattack_fan,对扇形范围内的敌方单位造成攻击力<?1>的伤害,扇形範囲内の敵に対して<?1>ダメージを与える。,對扇形區域內敵人造成<?1>傷害。,Deals <?1> damage to enemies in a fan-shaped area.,부채꼴 범위 내의 적들에게 <?1> 대미지.,สร้างความเสียหาย <?1> ของค่าโจมตีให้กับศัตรูในพื้นที่รูปทรงกรวย,localization.json:ui
07_terminology,术语,ui.type_effectiveness,对甲倍率,タイプ特効,類型效益,Type Effectiveness,속성 특효,ประสิทธิภาพของการโจมตี,localization.json:ui
07_terminology,术语,ui.level_difference,等级修正,レベル差補正,等級差異,Level Difference,레벨 차이,ค่าตัวแปรความต่างของเลเวล,localization.json:ui
07_terminology,术语,ui.hit_chance,命中率,命中率,命中幾率,Hit Chance,명중 확률,โอกาสโจมตีโดนเป้าหมาย,localization.json:ui
07_terminology,术语,ui.crit_chance,暴击率,会心確率,暴擊幾率,Crit Chance,치명타 확률,อัตราการติดคริ,localization.json:ui
07_terminology,术语,ui.hit_crit_chance,命中 / 暴击概率,命中率 / 会心確率,Hit / Crit Chance,Hit / Crit Chance,명중 / 치명타 확률,อัตราการโจมตีโดน/ติดคริ,localization.json:ui
07_terminology,术语,ui.hit_chance_certain,必中,必中,&infin;,&infin;,필중,100% (การันตี),localization.json:ui
07_terminology,术语,ui.stab_variance,安定率波动,安定値分散,穩定性分佈,Stability Variance,안정치 범위,ค่าตัวแปรความเสถียร,localization.json:ui
07_terminology,术语,ui.dmginfo_ignore_def,防御无视,防御力無視,無視防禦力,DEF Ignored,방어력 무시,อัตราค่าป้องกันที่ไม่สน,localization.json:ui
07_terminology,术语,ui.dmginfo_crit,(暴击),（会心）,(暴擊),(Crit),(치명),(คริ),localization.json:ui
07_terminology,术语,ui.dmginfo_numhits,{0} 段,{0}ヒット,{0} hits,{0} hits,{0}회 공격,{0} ครั้ง,localization.json:ui
07_terminology,术语,ui.dmginfo_heal,回复,回復,治愈,Heal,치유,ฟื้นฟู,localization.json:ui
07_terminology,术语,ui.dmginfo_dmg_avg,平均伤害,平均ダメージ,平均傷害,Average DMG,평균 대미지,ความเสียหายโดยเฉลี่ย,localization.json:ui
07_terminology,术语,ui.dmginfo_rate_of_fire,开火速率,発射速度,開火速率,Rate of Fire,발사 속도,อัตราการยิง,localization.json:ui
07_terminology,术语,ui.normalattack_burst,开火,発射,爆裂,burst,발사,ชุด,localization.json:ui
07_terminology,术语,ui.dmginfo_rate_of_fire_tooltip,开火时间：{0} 开火间隔：{1},発射時間：{0} 発射間時間：{1},Attack Duration: {0} Attack Delay: {1},Attack Duration: {0} Attack Delay: {1},공격 시간: {0} 공격 딜레이: {1},ระยะเวลาในการโจมตี: {0} ดีเลย์ในการโจมตี: {1},localization.json:ui
07_terminology,术语,ui.dmginfo_reload_time,换弹时间,リロード時間,換彈時間,Reload Time,재장전 시간,ระยะเวลารีโหลด,localization.json:ui
07_terminology,术语,ui.dmginfo_reload_time_tooltip,换弹持续时间：{0} 换弹前摇：{1} 换弹后摇：{2},リロード時間：{0} 発射開始時間：{1} 発射終了時間：{2},Reload Duration: {0} Start Delay: {1} End Delay: {2},Reload Duration: {0} Start Delay: {1} End Delay: {2},재장전 시간: {0} 시작 딜레이: {1} 종료 딜레이: {2},ระยะเวลารีโหลด: {0} ดีเลย์ตอนเริ่ม: {1} ดีเลย์ตอนจบ: {2},localization.json:ui
07_terminology,术语,ui.dmginfo_avg_dps,平均DPS,平均DPS,平均 DPS,Average DPS,평균 DPS,ความเสียหายที่ทำได้ต่อวินาทีโดยเฉลี่ย,localization.json:ui
07_terminology,术语,ui.dmginfo_heal_amount,回复量,回復量,治愈量,HP Restored,HP 회복량,ปริมาณ HP ที่รักษา,localization.json:ui
07_terminology,术语,ui.dmginfo_shield_amount,{0} HP,{0} HP,{0} HP,{0} HP,{0} HP,HP ของ{0},localization.json:ui
07_terminology,术语,ui.dmginfo_cc_effect_chance,{0} 概率,{0} 付与確率,{0} 幾率,{0} Chance,{0} 확률,โอกาสในการ{0},localization.json:ui
07_terminology,术语,ui.dmginfo_cc_effect_gaugefill,(Hod Insane),（ホドINS/TMT）,(霍德Insane),(Hod INS/TMT),(호드 Insane),(Hod IN/TM),localization.json:ui
07_terminology,术语,ui.dmginfo_accumulation_limit,{0} 蓄积伤害量上限,{0} ダメージ上限,{0} 傷害上限,{0} DMG Limit,{0} 대미지 최대치,ความเสียหาย{0}สูงสุดที่ทำได้,localization.json:ui
07_terminology,术语,ui.ordinal_1,1st,1番目,1st,1st,첫번째 대상,เป้าแรก,localization.json:ui
07_terminology,术语,ui.ordinal_2,2nd,2番目,2nd,2nd,두번째 대상,เป้าที่สอง,localization.json:ui
07_terminology,术语,ui.ordinal_3,3rd,3番目,3rd,3rd,세번째 대상,เป้าที่สาม,localization.json:ui
07_terminology,术语,ui.voicegallery,语音库,ボイスギャラリー,Voice Gallery,Voice Gallery,보이스 갤러리,แกลอรี่เสียงตัวละคร,localization.json:ui
07_terminology,术语,ui.skill_target_hp,目标体力,対象のHP,Target HP,Target HP,목표 HP,HP ของเป้าหมาย,localization.json:ui
07_terminology,术语,ui.max_attributes,全部设为最大值,すべてを最大に設定,Set All to Maximum,Set All to Maximum,모든 값 최대치로,ปรับทั้งหมดเป็นค่าสูงสุด,localization.json:ui
07_terminology,术语,ui.lock_attributes,锁定学生数据,所属生徒のステータスを固定,Lock Collection Stats,Lock Collection Stats,컬렉션 상태 잠금,ล็อคค่าสถานะในคอลเลคชั่น,localization.json:ui
07_terminology,术语,StoryTerm.1530,阿特拉·哈西斯,アトラ・ハシース,,,,,translation_table.json:terms
07_terminology,术语,StoryTerm.1531,活动剧情,イベントストーリー,,,,,translation_table.json:terms
07_terminology,术语,StoryTerm.1532,欧帕兹组合包 I,オーパーツ,,,,,translation_table.json:terms
07_terminology,术语,StoryTerm.1533,卡班诺山,カルバノ山,,,,,translation_table.json:terms
07_terminology,术语,StoryTerm.1534,基沃托斯,キヴォトス,,,,,translation_table.json:terms
07_terminology,术语,StoryTerm.1535,社团剧情,グループストーリー,,,,,translation_table.json:terms
07_terminology,术语,StoryTerm.1536,盖玛特里亚,ゲマトリア,,,,,translation_table.json:terms
07_terminology,术语,StoryTerm.1537,夏莱居住区,シャーレ,,,,,translation_table.json:terms
07_terminology,术语,StoryTerm.1538,黑服,ブラックスーツ,,,,,translation_table.json:terms
07_terminology,术语,StoryTerm.1539,光环,ヘイロー,,,,,translation_table.json:terms
07_terminology,术语,StoryTerm.1540,迷你剧情,ミニストーリー,,,,,translation_table.json:terms
07_terminology,术语,StoryTerm.1541,主线剧情,メインストーリー,,,,,translation_table.json:terms
07_terminology,术语,StoryTerm.1542,亚瑠的纪念大厅,メモリアルロビー,,,,,translation_table.json:terms
07_terminology,术语,StoryTerm.1543,MomoTalk,モモトーク,,,,,translation_table.json:terms
07_terminology,术语,StoryTerm.1544,总力战,レイド,,,,,translation_table.json:terms
07_terminology,术语,StoryTerm.1545,新进老师,先生,,,,,translation_table.json:terms
07_terminology,术语,StoryTerm.1547,大决战硬币,大決戦,,,,,translation_table.json:terms
07_terminology,术语,StoryTerm.1548,学园交流会,学園,,,,,translation_table.json:terms
07_terminology,术语,StoryTerm.1549,联邦学生会开会中,生徒,,,,,translation_table.json:terms
07_terminology,术语,StoryTerm.1550,羁绊剧情,絆ストーリー,,,,,translation_table.json:terms
07_terminology,术语,StoryTerm.1551,总力战硬币,総力戦,,,,,translation_table.json:terms
07_terminology,术语,StoryTerm.1552,颜色,色彩,,,,,translation_table.json:terms
07_terminology,术语,StoryTerm.1553,联邦学生会开会中,連邦生徒会,,,,,translation_table.json:terms
