source,target,tgt_lng
"""A Próxima Jornada""","""The Next Journey""",en-US
"""Amanhecer da Montanha Beryl, Tempo Limpo""","""Morning in the Beryl Mountains, Clear Weather""",en-US
"""Beril Dağları'nda Güneşli Bir Sabah""","""Morning in the Beryl Mountains, Clear Weather""",en-US
"""Bir Sonraki Yolculuk""","""The Next Journey""",en-US
"""Cỗ Máy Chỉ Thị Phán Quyết""","""Oratrice Mecanique d'Analyse Cardinale""",en-US
"""Ekinoks Dağı'ndan Manzara""","""View From Mont Automnequi""",en-US
"""Esus Dağı Hatıraları""","""Memories of Mont Esus""",en-US
"""Fontaine Kaplıcaları""","""Fontaine Hot Springs""",en-US
"""Hành Trình Tiếp Theo""","""The Next Journey""",en-US
"""Il prossimo viaggio""","""The Next Journey""",en-US
"""Kênh Đào Lam Nguyệt""",The Moonblue Canals,en-US
"""Mekanik Analiz Danışmanı Oratrice""","""Oratrice Mecanique d'Analyse Cardinale""",en-US
"""Memórias do Monte Esus""","""Memories of Mont Esus""",en-US
"""Nergis Haçı Krallığı""","""Narzissenkreuz Kingdom""",en-US
"""Oráquina de Análise Cardinal""","""Oratrice Mecanique d'Analyse Cardinale""",en-US
"""Reino da Cruz de Narcissus""","""Narzissenkreuz Kingdom""",en-US
"""Sahildeki Köy""","""The Seaside Village""",en-US
"""Vila à Beira Mar""","""The Seaside Village""",en-US
"""Vista do Monte Automnequi""","""View From Mont Automnequi""",en-US
"""Águas Termais de Fontaine""","""Fontaine Hot Springs""",en-US
"""กระดานหมากของเทพเจ้า""",Safhe Shatranj,en-US
"""การเดินทางครั้งต่อไป""","""The Next Journey""",en-US
"""ความทรงจำของเชิงเขา Esus""","""Memories of Mont Esus""",en-US
"""ชลธารอินทุคราม""",The Moonblue Canals,en-US
"""ทิวทัศน์หมู่บ้านชายฝั่ง""","""The Seaside Village""",en-US
"""น้ำพุร้อน Fontaine""","""Fontaine Hot Springs""",en-US
"""ประกาศิตเที่ยงธรรม""","""Oratrice Mecanique d'Analyse Cardinale""",en-US
"""มุมมองจากภูเขา Automnequi""","""View From Mont Automnequi""",en-US
"""รุ่งอรุณสดใส ณ ภูเขา Beryl""","""Morning in the Beryl Mountains, Clear Weather""",en-US
"""อาณาจักร Narzissenkreuz""","""Narzissenkreuz Kingdom""",en-US
A Cidade Sobre a Floresta,The City Above the Forest,en-US
A Cidade das Cinzas Inacabada,The Unfinished Ashen City,en-US
A Corte da Vida em Definhamento,The Court of Withered Life,en-US
A Corte de Fontes Doces,The Court of Dried Springs,en-US
A Destruição de Sonhos Quebrados,The Wreck of Shattered Dreams,en-US
A Floresta Sagrada ao Luar,The Sacred Forest in the Moonlight,en-US
A Fortaleza da Escuridão,The Dark Fortress,en-US
A Fortaleza de Cobre,The Copper Keep,en-US
A Fronteira Sob as Altas Muralhas,The Frontier Beneath the High Wall,en-US
A História Registrada,The Story Recorded,en-US
A Mão que Escreve Avança,The Moving Finger Writes,en-US
A Oficina de Rolinho de Ovo Trilimlim,"Clinky, Clanky Craftshop",en-US
A Terra Estéril Onde A Areia Dança,The Barren Land Where Sand Dances,en-US
A Vila Perto do Rio,The Village by the River,en-US
A Vila de Pesca Silenciosa,The Silent Fishing Village,en-US
A Vila na Rocha,The Town in the Rock,en-US
Aaru Gölgesi,Aaru's Shut,en-US
Aarus Spiegelbild,Aaru's Shut,en-US
Aberración neonata,Neonate Aberration,en-US
Aberration néonatale,Neonate Aberration,en-US
Aberrazione neonata,Neonate Aberration,en-US
Aberração Recém-Nascida,Neonate Aberration,en-US
Abgesperrte Grube,The Blocked Path,en-US
Abismo plenilunado,The Moon-Bathed Deep,en-US
Abrigo Zero,Bunker No. 0,en-US
Abrigo do Corpo Sombrio,Shelter of the Blackbody,en-US
Abrigos de Refugiados,Refugee Shelters,en-US
Abris de réfugiés,Refugee Shelters,en-US
Acampamento Tanit,The Tanit Encampment,en-US
Accampamento dei Tanit,The Tanit Encampment,en-US
Acquitrino dei guardiani celestiali,The Marsh of Celestial Guardians,en-US
Adeptusun İstirahat Diyarı,Adeptus's Realm of Repose,en-US
Afueras de Inazuma,"Suburbs, Inazuma City",en-US
Aguas someras en calma,Silent Shallows,en-US
Aguas termales de Fontaine,"""Fontaine Hot Springs""",en-US
Ahengin Gölgesi,Harmony's Shadow,en-US
Ahmaklar Kalesi,Citadel of Fools,en-US
Alba sulla Voragine oscura,Dawn Over the Dark Chasm,en-US
Albero del chiaro di luna,Moonlit Tree,en-US
Albero madre della Fertilità,Mother Tree of Fruitful Plenty,en-US
Alkazar Hatırası,Memory of Alcazarzaray,en-US
Altar Condensado,Condensed Altar,en-US
Altar Olvidado,Lost Ceremonial Site,en-US
Altar Perdido,Lost Ceremonial Site,en-US
Altar bajo la tenue luz de la luna,Ceremonial Site Lost in Night's Dim Light,en-US
Altar condensado,Condensed Altar,en-US
Altare condensato,Condensed Altar,en-US
Alter Tempel der Tausend Winde,Ancient Thousand Winds Temple,en-US
Altes Herz von Chu’ulel,Old Core of Chu'ulel,en-US
Altes Schlachtfeld des Fu’ao-Tals,The Ancient Battlefield of Fuao Vale,en-US
Alturas del Mirador Chiwang,Chiwang Peak,en-US
Altın Runlu Kaya İğneleri,Pins of Rock Entwined With Golden Runes,en-US
Além do Despenhadeiro,Beyond the Chasm,en-US
Amanecer sobre el barranco de la noche,Dawn Over the Dark Chasm,en-US
Amritadan Beslenen Yuva,Amrita-Nourished Nest,en-US
Analizadora de Instrucción Cardenalicia,"""Oratrice Mecanique d'Analyse Cardinale""",en-US
Ancien Temple des Mille Vents,Ancient Thousand Winds Temple,en-US
Ancien champ de bataille du Vallon Fuao,The Ancient Battlefield of Fuao Vale,en-US
Ancien cœur de Chu'ulel,Old Core of Chu'ulel,en-US
Ante la Meseta Tezcatepetonco,Before the Tezcatepetonco Range,en-US
Antica città sigillata,Once-Sealed Ancient City,en-US
Antica melodia delle conchiglie,Ancient Conch Melody of Yore,en-US
Antico patto,Ancient Pact,en-US
Antico pino sulle distese,Elder Pine Atop the Wastes,en-US
Antiga Melodia da Concha de Outrora,Ancient Conch Melody of Yore,en-US
Antigo Núcleo de Chu'ulel,Old Core of Chu'ulel,en-US
Antigo Templo do Vento Milenar,Ancient Thousand Winds Temple,en-US
Antigo campo de batalha no Vale Fu'ao,The Ancient Battlefield of Fuao Vale,en-US
Antigua ciudad invertida,The Inverted City,en-US
Antigua sinfonía de la caracola vetusta,Ancient Conch Melody of Yore,en-US
Antiguo Corazón de Chu'ulel,Old Core of Chu'ulel,en-US
Antiguo Templo de los Mil Vientos,Ancient Thousand Winds Temple,en-US
Antiguo campo de batalla del Valle Fu'ao,The Ancient Battlefield of Fuao Vale,en-US
Anwesen des Morgenlichts,Manor of Daybreak,en-US
Ao Nước Ngầm,Underground Waterway,en-US
Aposentos sepultados,The Thousands of Entombed Chambers,en-US
Aranaga'nın Küçük Bahçesi,Aranaga's Little Garden,en-US
Aranagas kleine Baumschule,Aranaga's Little Garden,en-US
Aranaraların Dünyası,The World of the Aranara,en-US
Arbre au clair de lune,Moonlit Tree,en-US
Arbre-mère de l'abondance fructueuse,Mother Tree of Fruitful Plenty,en-US
Area segreta di un antico Ordine,Secret Locale of the Ancient Order,en-US
Arena da Glória e Triunfo,Arena of Glory and Triumph,en-US
Arena di trionfo e gloria,Arena of Glory and Triumph,en-US
Arma de Váruna,Varunastra,en-US
Arrebol hundido de Bishui,Bishui's Twilight Luster,en-US
Arène de gloire et de triomphe,Arena of Glory and Triumph,en-US
Arınmışlar Vadisi,Valley of the Unsullied,en-US
As Lindas Lendas de Petrichor,The Lovely Legends of Petrichor,en-US
As Montanhas Onde o Vento Noturno e Enigmas Crescem,The Foothills Where the Night-Wind and Riddles Grow,en-US
As Nuvens em Cascata ao Redor do Porto,The Clouds Cascade Around the Wharf,en-US
Asentamiento de las pequeñas hadas,Fae's Hidden Settlement,en-US
Asentamiento de los Tanit,The Tanit Encampment,en-US
Assentamento Oculto dos Feéricos,Fae's Hidden Settlement,en-US
Ateşli Tüyler Vadisi,Fiery Plumage Valley,en-US
Auf dem Qingce-Berg,A Home in the Hills,en-US
Aufbruch zu einer geheimen Insel,Venture to a Secret Isle,en-US
Augurio de la pesadilla,Nightmare Omen,en-US
Autel condensé,Condensed Altar,en-US
Avant les Monts Tezcatepetonco,Before the Tezcatepetonco Range,en-US
Aventure sur une île secrète,Venture to a Secret Isle,en-US
Avventurati verso un'isola misteriosa,Venture to a Secret Isle,en-US
Ay Işığındaki Kutsal Orman,The Sacred Forest in the Moonlight,en-US
Ay Kalbi Boşluğu,Moonheart Gap,en-US
Ay Mavisi Kanallar,The Moonblue Canals,en-US
Aya Giden Gemi,Moonbound Ship,en-US
Aya Yapılan Kutsal Yolculuk,Pilgrimage to the Moon,en-US
Ayazın Tüm Kederleri Hapsettiği Yer,Where Frost Entombs All Sorrows,en-US
Ayın Kalbi,Heart of the Moon,en-US
Ağlayan Bahçe,Weeping Garden,en-US
Bahçenin Yeni Filizleri,The Garden's New Sprouts,en-US
Bahía veraniega junto al mar,Summer Bay by the Sea,en-US
Baia estiva sul mare,Summer Bay by the Sea,en-US
Baie estivale en bord de mer,Summer Bay by the Sea,en-US
Baixios Silenciosos,Silent Shallows,en-US
Bakır Kale,The Copper Keep,en-US
Baratro Cuorlunare,Moonheart Gap,en-US
Baratro delle Rovine nascoste,The Gap of the Hidden Ruins,en-US
Barco lunar,Moonbound Ship,en-US
Bassa marea tra le fiamme della guerra,Tidal Flat Amidst the Flames of War,en-US
Bassofondo silenzioso,Silent Shallows,en-US
Baum inmitten des Mondlichts,Moonlit Tree,en-US
Belvedere di Yujing,Yujing Terrace,en-US
Berrak Pınarların Diyarı,Land of Clear Springs,en-US
Berrak Yankı,Clarion Echo,en-US
Beyaz Kulenin Çöküşü,Collapse of the White Tower,en-US
Beyaz Tipiye Karşı Yalnız Bir Malikane,A Lonely Mansion Against the Whiteout,en-US
Biblioteca de los Caballeros de Favonius,Knights of Favonius - Library,en-US
Biblioteca dei Cavalieri di Favonius,Knights of Favonius - Library,en-US
"Bibliothèque, Ordre de Favonius",Knights of Favonius - Library,en-US
Bin Rüzgarın Buluştuğu Liman,The Harbor Where a Thousand Winds Converge,en-US
Bin Sütunlu Salon,Hall of a Thousand Pillars,en-US
Bir Soyun Kontrol Merkezi,Bloodline's Control Hub,en-US
Bir Titanın Kemiklerinin Kırıldığı Yer,Where a Titan's Shins Were Broken,en-US
Bishui จมลงกับแสงพลบค่ำ,Bishui's Twilight Luster,en-US
Bishui'de Parıltılı Gün Batımı,Bishui's Twilight Luster,en-US
Bishui'nin Yeşim Ağıdı,Jade Elegy of Bishui,en-US
Bitki Muhafaza Odası,Herb-Housing Hall,en-US
Biên Giới Dưới Bức Tường Cao,The Frontier Beneath the High Wall,en-US
Biển Màn Trời Vỡ Vụn,Sea of Broken Skies,en-US
Blick auf die üppige Wildnis in der Ferne,Verdant Fields' Vantage Point,en-US
Blüten in duftender Pracht,Blossoms in Fragrant Bloom,en-US
Boccioli in fragrante fioritura,Blossoms in Fragrant Bloom,en-US
Bodenlose Halle,The Bottomless Hall,en-US
Bosque a la luz de la luna,The Sacred Forest in the Moonlight,en-US
Bosque de piedra entre la bruma,Mist-Veiled Stone Forest,en-US
Boyalı Tepelerin Arasında,Among the Painted Peaks,en-US
Brecha del centro de la Luna,Moonheart Gap,en-US
Brilho do Crepúsculo de Bishui,Bishui's Twilight Luster,en-US
Brotes en el jardín,The Garden's New Sprouts,en-US
Bulutların Arasında Süzülen Uydu,Satellite Floating Amongst the Clouds,en-US
Bunker n. 0,Bunker No. 0,en-US
Buque de la embriaguez,The Drunkard's Ship,en-US
Buque insignia encallado,The Stranded Flagship,en-US
Bãi Cạn Tĩnh Lặng,Silent Shallows,en-US
Bãi bùn của lửa chiến tranh,Tidal Flat Amidst the Flames of War,en-US
Bão Cát Bất Tận Núi Damavand,"Mt. Damavand, Where Sandstorms Never Cease",en-US
Bên Ngoài Vực Đá Sâu,Beyond the Chasm,en-US
Bình Minh Nơi Vực Đêm,Dawn Over the Dark Chasm,en-US
Bích Thủy Nhuộm Hoàng Hôn,Bishui's Twilight Luster,en-US
Bóng Hình Lai Hâm,Trails of Laixin,en-US
Bühne aus verblassendem Gold,Stage of Faded Gold,en-US
Büyük Gece Ruhu Grafitisi,Great Nightspirit Graffiti,en-US
Büyük Madenin Ağzı,Mouth of the Great Mine,en-US
Büyük Mantarın Diyarı,The Great Mushroom's Place,en-US
"Büyük Narukami Tapınağı, Yougou Dağı","Grand Narukami Shrine, Mt. Yougou",en-US
Bảo Vật Varuna,Varunastra,en-US
Bảo vệ Hồ Tượng Thần,The Marsh of Celestial Guardians,en-US
Bến Cảng Giữa Hai Cây,The Harbor Betwixt the Two Trees,en-US
Bến Tàu Di Lung Thác Mây Tìm Về,The Clouds Cascade Around the Wharf,en-US
Bức Tranh Của Lời Thề,Mural of Sworn Pledges,en-US
Cabeça da Serpente Vigilante,Overlooking Serpent Head,en-US
Calidez y flores en Chiaoying,The Blossoming Warmth of Qiaoying Sunlight,en-US
Calle acogedora,Pleasant Street,en-US
Calore floreale del sole di Qiaoying,The Blossoming Warmth of Qiaoying Sunlight,en-US
Campo de Julgamento dos Espíritos da Noite,Trial Grounds of Restive Nightsouls,en-US
Campo de pruebas de las almas en pena,Trial Grounds of Restive Nightsouls,en-US
Campos Varridos pelo Vento,Windswept Wilderness,en-US
Canais Subterrâneos,Underground Waterway,en-US
Canais da Lua Azulada,The Moonblue Canals,en-US
Canal Subterráneo,Underground Waterway,en-US
Canal souterrain,Underground Waterway,en-US
Canales Cerúleos,The Moonblue Canals,en-US
Canali Celesti,The Moonblue Canals,en-US
Cancello dell'eterno cordoglio,Gate of Everlasting Mourning,en-US
Cansız Dar al-Shifa,Lifeless Dar al-Shifa,en-US
Canto del Viento del Norte,The Northerly Wind's Soft Hymn,en-US
Capital Abandonada dos Ventos Sussurrantes,Abandoned Capital of Howling Winds,en-US
Capitale abbandonata dei venti ululanti,Abandoned Capital of Howling Winds,en-US
Capitale des vents oubliés,Abandoned Capital of Howling Winds,en-US
Capitolium'a Çıkan Basamaklar,Gradus ad Capitolium,en-US
Capitombolo di un gigante,Where a Titan's Shins Were Broken,en-US
Casa Al-Shifa desolada,Lifeless Dar al-Shifa,en-US
Casa al-Shifa Sem Vida,Lifeless Dar al-Shifa,en-US
Casa di sorgenti e corsi d'acqua,Home of Hot Springs and Flowing Waters,en-US
Casa schiumosa,Foamy Home,en-US
Cascata di nubi attorno al pontile,The Clouds Cascade Around the Wharf,en-US
Catedral de Favonius,Favonius Cathedral,en-US
"Cathédrale, Ordre de Favonius",Favonius Cathedral,en-US
Cattedrale di Favonius,Favonius Cathedral,en-US
Cavaleiros de Favonius - Biblioteca,Knights of Favonius - Library,en-US
Caverna Desgastada Pelo Mar,Seaworn Cavern,en-US
Caverna das Marés Melódicas,Cavern of Melodic Tides,en-US
Caverna de Pedra e Opúncias,Cavern of Stone and Prickly Pears,en-US
Caverna de la luz serena,Cavern of Tranquil Light,en-US
Caverna de la marea cantora,Cavern of Melodic Tides,en-US
Caverna de piedra y guiztli,Cavern of Stone and Prickly Pears,en-US
Caverna della Luce placida,Cavern of Tranquil Light,en-US
Caverna delle Maree melodiche,Cavern of Melodic Tides,en-US
Caverna di pietra e frutti spinosi,Cavern of Stone and Prickly Pears,en-US
Caverna vestita di mare,Seaworn Cavern,en-US
Caverne de la lumière tranquille,Cavern of Tranquil Light,en-US
Caverne de pierres et de barbarifigues,Cavern of Stone and Prickly Pears,en-US
Caverne des marées mélodiques,Cavern of Melodic Tides,en-US
Cavidad engullemareas,Seaworn Cavern,en-US
Cementerio de Espadas sin nombre,Forgotten Sword Cemetery,en-US
Cemitério das Espadas sem Nome,Forgotten Sword Cemetery,en-US
Cemitério de Navios,Graveyard of Ships,en-US
Cennetin Son Hazinesi,Elysium's Final Treasure,en-US
Centre de contrôle de la lignée,Bloodline's Control Hub,en-US
Centro de control del linaje,Bloodline's Control Hub,en-US
Centro di controllo della stirpe,Bloodline's Control Hub,en-US
Centro neurálgico ferroviario,Central Railway Hub,en-US
Cerchio di pietre silenzioso,Silent Stone Circle,en-US
Cese de la Lluvia,The Rain's End,en-US
Cessação da Chuva,The Rain's End,en-US
Chambre de pierre des piliers de cristal changeants,Stone Chamber of Shifting Crystal Pillars,en-US
Chanson des Bootsfahrers,The Boatman's Song-House,en-US
Chenyu'daki Yeşim Avlu,Jade Court in Chenyu,en-US
Chiglia dell'aeronave,Spine of the Skyship,en-US
Chihu Kayalığı,Chihu Rock,en-US
Chihu-Fels,Chihu Rock,en-US
Chiwang Tepesi,Chiwang Peak,en-US
Chiwang-Gipfel,Chiwang Peak,en-US
Chiến Trường Cổ Phục Ngao Cốc,The Ancient Battlefield of Fuao Vale,en-US
Chiến Trường Theo Đuổi Thắng Lợi Và Vinh Quang,Arena of Glory and Triumph,en-US
Chân Núi Nơi Câu Đố Và Làn Khói Sinh Ra,The Foothills Where the Night-Wind and Riddles Grow,en-US
Chân Núi Nơi Tiếng Sấm Xa Tựa Băng Ngưng,Where Slope Meets Captured Lightning,en-US
Chín Trụ Cứu Thế,Nine Pillars of Peace,en-US
Chốn Ca Tụng Của Người Lái Thuyền,The Boatman's Song-House,en-US
Chốn Nghỉ Ngơi Của Sinh Linh,Sanctuary of Life,en-US
Chốn Về Của Amrita,Amrita-Nourished Nest,en-US
Cidade Antiga Outrora Selada,Once-Sealed Ancient City,en-US
Cidade Eterna Adormecida,Slumbering Eternal City,en-US
Cidade antiga invertida,The Inverted City,en-US
Cidade da Fronteira,Borderlands Town,en-US
Cidade de Toda Sabedoria,The City Where All Wisdom Resides,en-US
Cidade do Vento,The City of Wind,en-US
Cidade na Fronteira,Border Town,en-US
Cidadela dos Tolos,Citadel of Fools,en-US
Cielo limpido a Xuanlian,Clear Skies Over Xuanlian,en-US
Cimetière d'épées oublié,Forgotten Sword Cemetery,en-US
Cimitero delle navi,Graveyard of Ships,en-US
Cimitero delle spade dimenticate,Forgotten Sword Cemetery,en-US
Citadelle des fous,Citadel of Fools,en-US
Cittadella degli sciocchi,Citadel of Fools,en-US
Città di confine,Borderlands Town,en-US
Città di frontiera,Border Town,en-US
Città nella roccia,The Town in the Rock,en-US
Città ventosa,The City of Wind,en-US
Cité de toutes les connaissances,The City Where All Wisdom Resides,en-US
Cité du vent,The City of Wind,en-US
Ciudad de los Vientos,The City of Wind,en-US
Ciudadela de los necios,Citadel of Fools,en-US
Claridad de Xuanlian,Clear Skies Over Xuanlian,en-US
Clos d'Aaru,Aaru's Shut,en-US
Coloso del valle erosionado,The Giant of the Wind-Eroded Valley,en-US
Colosso che veglia su Devantaka,The Colossus Watching Devantaka,en-US
Columna rocosa con inscripciones doradas,Pins of Rock Entwined With Golden Runes,en-US
Con Thuyền Say Sưa,The Drunkard's Ship,en-US
Con Tàu Mắc Cạn,The Stranded Flagship,en-US
Con Đường Thư Giãn,Pleasant Street,en-US
Contemplando el horizonte desde la Montaña Equinoccio,"""View From Mont Automnequi""",en-US
Contemplando la Cabeza de la Serpiente,Overlooking Serpent Head,en-US
Copas dos Penhascos,Canopy of the Clifftops,en-US
Coração da Lua,Heart of the Moon,en-US
Coroa de Fogo Celestial de Rochas Flutuantes,Floating Rock Skyfire Circlet,en-US
Corona Fuegoceleste de rocas flotantes,Floating Rock Skyfire Circlet,en-US
Correntes Marinhas de Verão,Summer Bay by the Sea,en-US
Corso d'acqua sotterraneo,Underground Waterway,en-US
Corte dei Draghi,Court of the Dragons,en-US
Corte di Giada a Chenyu,Jade Court in Chenyu,en-US
Corte di rugiada e sorgenti,Court of Dew and Springs,en-US
Corte do Orvalho e Fontes,Court of Dew and Springs,en-US
Corte dos Dragões,Court of the Dragons,en-US
Cortile al chiaro di luna,Moon-Bathed Courtyard,en-US
Cortile della Vita avvizzita,The Court of Withered Life,en-US
Cortile delle Sorgenti riarse,The Court of Dried Springs,en-US
Cour des piliers,The Court of Pillars,en-US
Coşkun Duygular Denizi,Fiery Flowing Sea of Sentience,en-US
Crollo della Torre bianca,Collapse of the White Tower,en-US
Cuartel general temporal de la brigada expedicionaria de los Fatui,Ad-Hoc Headquarters of the Fatui Expeditionary Force,en-US
Cueva de columnas gigantes,The Court of Pillars,en-US
Cung Điện Băng Tuyết Sao Cực,Glacial Palace of the Polestar,en-US
Cung Điện Bị Hang Đá Nuốt Chửng,Cave-Engulfed Palace,en-US
Cung Điện Lấp Lánh Ánh Trân Châu,The Pearlescent Palace,en-US
Cuore della luna,Heart of the Moon,en-US
Cuộn Dệt Trên Vách Đá,Scroll on the Shore,en-US
Cánh Cổng Than Thở Muôn Đời,Gate of Everlasting Mourning,en-US
Cárcel de Lilúpar,Liloupar's Gaol,en-US
Cárcere de Liloupar,Liloupar's Gaol,en-US
Câmara de Pedra dos Pilares de Cristal Movediços,Stone Chamber of Shifting Crystal Pillars,en-US
Câu Chuyện Được Ghi Chép,The Story Recorded,en-US
Cây Mẹ Trĩu Quả,Mother Tree of Fruitful Plenty,en-US
Céus Claros sobre Xuanlian,Clear Skies Over Xuanlian,en-US
Círculo de Pedra Silencioso,Silent Stone Circle,en-US
Cô Vân Biển Cát,A Drop in the Ocean,en-US
Cảng Buồm Tụ Hội,Where Merchants Flock And All Ships Dock,en-US
Cảng Muôn Gió Giao Nhau,The Harbor Where a Thousand Winds Converge,en-US
Cảng Xa,A Distant Harbor,en-US
Cảnh Quan Mặt Đất Vực Đá Sâu,View from The Chasm's Surface,en-US
Cổ Thụ Tắm Trăng,Moonlit Tree,en-US
Cổng Vào Hầm Mỏ,Mouth of the Great Mine,en-US
Dahiyane Bilgeliğin Kalıntıları,The Remnants of Brilliant Wisdom,en-US
Dall'alto della Testa del Serpente,Overlooking Serpent Head,en-US
Dans le brouillard d'encre,Amidst the Ink-Tinged Mist,en-US
Danse tourbillonnante d'Erinnyes,Erinnyes' Whirling Dance,en-US
Dansçıların ve Şarkıcıların Hayallerini Dokuduğu Yer,Where Dancers and Singers Weave Their Dreams,en-US
Danza de las Erinias,Erinnyes' Whirling Dance,en-US
Danza del vortice di Érinnyes,Erinnyes' Whirling Dance,en-US
Dança Rodopiante de Erinnyes,Erinnyes' Whirling Dance,en-US
Dar al-Shifa (บ้านของความมีชีวิตชีวา) ที่ปราศจากความมีชีวิตชีวา,Lifeless Dar al-Shifa,en-US
Dar al-Shifa Không Chút Sức Sống,Lifeless Dar al-Shifa,en-US
Dar al-Shifa esanime,Lifeless Dar al-Shifa,en-US
Dar al-shifa sans vie,Lifeless Dar al-Shifa,en-US
Das Echo reinen Wassers,Clarion Echo,en-US
Das Ende des Traums von den alten Tagen,The End of An Ancient Dream,en-US
Das Loch im Herzen,A Hollow in the Heart,en-US
Das alte Dunyu-Mausoleum,Dunyu Ruins,en-US
Das gestrandete Flaggschiff,The Stranded Flagship,en-US
Das große Nachtgeist-Graffiti,Great Nightspirit Graffiti,en-US
Das leblose Dar al-Shifa,Lifeless Dar al-Shifa,en-US
Das stille Fischerdorf,The Silent Fishing Village,en-US
Davanti ai Monti Tezcatepetonco,Before the Tezcatepetonco Range,en-US
Dağların Bulutları Deldiği Yer,Where Mountains Peak Beyond the Clouds,en-US
Dağınık Kaynaklar,Scattered References,en-US
De l'immensité et de l'infinitésimal,Of Vastness and the Infinitesimal,en-US
Della vastità e dell'infinitesimale,Of Vastness and the Infinitesimal,en-US
Demir Balinanın Rüyası,Iron Whale's Dream,en-US
Deniz Köpüğü Yuva,Foamy Home,en-US
Deniz Kıyısında Yaz Koyu,Summer Bay by the Sea,en-US
Denizyutan Mağarası,Seaworn Cavern,en-US
Der Einsturz des weißen Turms,Collapse of the White Tower,en-US
"Der Hafen, an dem tausend Winde aufeinandertreffen",The Harbor Where a Thousand Winds Converge,en-US
Der Heilige Wald im Mondlicht,The Sacred Forest in the Moonlight,en-US
Der Perlglanzpalast,The Pearlescent Palace,en-US
Der Sumpf schützender Götter,The Marsh of Celestial Guardians,en-US
"Der Turm, der den Himmel durchsticht",Tower Piercing into the Sky,en-US
Der bewegte Finger schreibt,The Moving Finger Writes,en-US
Der gefallene Mondbeobachter,The Fallen Moongazer,en-US
Der kunterbunte See,The Iridescent Lake,en-US
Der verhüllende Schleier,The Concealing Veil,en-US
Derin Denizin İnsanlarının Köyü,Village of the People of the Deep,en-US
Derin Düşünceler Bahçesi,The Garden of Deep Thought,en-US
Derrière le Gouffre,Beyond the Chasm,en-US
Derrumbamiento de la gran torre blanca,Collapse of the White Tower,en-US
Des eaux claires dans le crépuscule,Bishui's Twilight Luster,en-US
Des recherches secrètes,Secret Research,en-US
Des références dispersées,Scattered References,en-US
Desabamento da Torre Branca,Collapse of the White Tower,en-US
Devantaka ที่เฝ้ามองจากแดนไกล,The Colossus Watching Devantaka,en-US
Devantaka'yı İzleyen Dev,The Colossus Watching Devantaka,en-US
Di Tích Của Tài Trí Rực Rỡ,The Remnants of Brilliant Wisdom,en-US
Diadema del Fuoco Celeste di roccia fluttuante,Floating Rock Skyfire Circlet,en-US
"Die Hänge, wo Nachtwind und Rätsel gedeihen",The Foothills Where the Night-Wind and Riddles Grow,en-US
Die Kupferfestung,The Copper Keep,en-US
Die Melodie der uralten Schnecke,Ancient Conch Melody of Yore,en-US
Die Resisdenz der vorläufigen Oberpriesterin,Where the Provisional Head Priestess Lives,en-US
Die Stadt des Windes,The City of Wind,en-US
Die Stadt im Felsen,The Town in the Rock,en-US
"Die Stadt, die alle Weisheiten vereint",The City Where All Wisdom Resides,en-US
Die mondbeschienene Tiefe,The Moon-Bathed Deep,en-US
Die pechschwarze Festung,The Dark Fortress,en-US
Die sanfte Hymne des Nordwinds,The Northerly Wind's Soft Hymn,en-US
Die schlafende ewige Stadt,Slumbering Eternal City,en-US
Die unvollendete aschene Stadt,The Unfinished Ashen City,en-US
Die warme Sonne und Blumen Qiaoyings,The Blossoming Warmth of Qiaoying Sunlight,en-US
Dikkatli Muhafızların Gözetleme Yeri,Vigilant Guardians' Vantage Point,en-US
Dimora della Gran Sacerdotessa provvisoria,Where the Provisional Head Priestess Lives,en-US
Dingin Işık Mağarası,Cavern of Tranquil Light,en-US
Dinh Thự Trên Núi Tuyết,A Lonely Mansion Against the Whiteout,en-US
Dipsiz Salon,The Bottomless Hall,en-US
Doanh Trại Bộ Tộc Tanit,The Tanit Encampment,en-US
Dokuz Barış Sütunu,Nine Pillars of Peace,en-US
Donde bailarines y cantantes tejen sueños,Where Dancers and Singers Weave Their Dreams,en-US
Donde el coloso se quebró la canilla,Where a Titan's Shins Were Broken,en-US
Donde la tempestad se congrega,Where Swirling Storm Clouds Gather,en-US
Donde la tristeza está congelada,Where Frost Entombs All Sorrows,en-US
Donde las plumas brotan como flores,Where Feathers Are Intertwined Like Flowers,en-US
Donde renace el alba,Where the First Dawn Breaks,en-US
Donde se reúnen navíos y mercaderes,Where Merchants Flock And All Ships Dock,en-US
Donde solo suena la campana,Where Only the Bell Tolls,en-US
Dorf am Flussufer,The Village by the River,en-US
Dorf der Menschen der Meerestiefe,Village of the People of the Deep,en-US
Dove convergono le tempeste,Where Swirling Storm Clouds Gather,en-US
Dove danzatori e cantanti intrecciano i loro sogni,Where Dancers and Singers Weave Their Dreams,en-US
Dove i guerrieri intonano canti marinareschi,Where Warriors Sing the Sea Shanties,en-US
Dove il gelo seppellisce ogni dolore,Where Frost Entombs All Sorrows,en-US
Dove il pendio incontra il fulmine imprigionato,Where Slope Meets Captured Lightning,en-US
Dove le montagne culminano oltre le nuvole,Where Mountains Peak Beyond the Clouds,en-US
Dove le piume s'intrecciano come un fiore,Where Feathers Are Intertwined Like Flowers,en-US
Dove mercanti accorrono e navi attraccano,Where Merchants Flock And All Ships Dock,en-US
Dove riecheggiano le maree oscure,Where Dark Tides Echo,en-US
Dove sorge la prima alba,Where the First Dawn Breaks,en-US
Dove suona la campana,Where Only the Bell Tolls,en-US
Doyasıya Dans Edilen Bir Gece,A Night of Uninhibited Dance,en-US
Dunyu Harabeleri,Dunyu Ruins,en-US
Dämmerung über finsterer Kluft,Dawn Over the Dark Chasm,en-US
Dòng Chảy Thanh Tuyền,Land of Clear Springs,en-US
Dünyanın Yaşam Suyu,The World's Amniotic Fluid,en-US
Dünyaya Bir Bakış,A Gaze Upon the World,en-US
Düşmüş Ay Gözcüsü,The Fallen Moongazer,en-US
Dư Âm Cực Bắc,Echoes of the Far North,en-US
Dư Âm Thuần Khiết,Clarion Echo,en-US
Dạo Đầu Thế Giới Mới,New World's Prelude,en-US
Dấu Tích Mơ Ước Vỡ Tan,The Wreck of Shattered Dreams,en-US
Dốc Phi Vân,Feiyun Slope,en-US
Ebedi Yas Kapısı,Gate of Everlasting Mourning,en-US
Echi dell'Estremo Nord,Echoes of the Far North,en-US
Echo des Nordens,Echoes of the Far North,en-US
Eco da Pureza,Clarion Echo,en-US
Eco de las corrientes submarinas,Where Dark Tides Echo,en-US
Eco squillante,Clarion Echo,en-US
Ecos cristalinos,Clarion Echo,en-US
Ecos del Lejano Norte,Echoes of the Far North,en-US
Ecos do Norte,Echoes of the Far North,en-US
Edilen Yeminlerin Işığı,Light of Oaths Sworn,en-US
Effondrement de la tour blanche,Collapse of the White Tower,en-US
Ein Blick auf die Welt,A Gaze Upon the World,en-US
Ein Blick zu den Sternen,A Gaze Toward the Stars,en-US
Ein Hof voll Tau und Quellen,Court of Dew and Springs,en-US
Ein Land voll von Ackerbau und Fruchtbarkeit,A Bountiful Land of Farming and Fecundity,en-US
Ein Ort finsterer Schatten und verunreinigter Strömungen,Land of Corroded Shadows and Tainted Currents,en-US
"Ein Ort, an dem nur noch die Glocken läuten",Where Only the Bell Tolls,en-US
Ein Prüfungsplatz der umherziehenden Nachtseelen,Trial Grounds of Restive Nightsouls,en-US
Ein Satellit inmitten der Wolken,Satellite Floating Amongst the Clouds,en-US
Ein günstiger Aussichtspunkt,Vigilant Guardians' Vantage Point,en-US
Ein günstiger Aussichtspunkt von Tatara,Tatara Islands' Vantage Point,en-US
Ein hervorragender Aussichtspunkt auf dem Schlangenkopf,Overlooking Serpent Head,en-US
Ein namenloses Schwertergrab,Forgotten Sword Cemetery,en-US
Ein unerfülltes Versprechen uralter Zeiten,Ancient Pact,en-US
Eine auf den Kopf gestellte alte Stadt,The Inverted City,en-US
Einsames Anwesen inmitten verschneiter Gebirge,A Lonely Mansion Against the Whiteout,en-US
Einst versiegelte uralte Stadt,Once-Sealed Ancient City,en-US
Ejderhalar Divanı,Court of the Dragons,en-US
El Harvisptojm de las semillas infinitas,Harvisptokhm,en-US
El Taller Cling-clang,"Clinky, Clanky Craftshop",en-US
El Vigía Lunar caído,The Fallen Moongazer,en-US
El asentamiento entre precipicios,Canopy of the Clifftops,en-US
El coloso custodio de Devantaka,The Colossus Watching Devantaka,en-US
El corazón de la Luna,Heart of the Moon,en-US
El feraz árbol madre,Mother Tree of Fruitful Plenty,en-US
El final de un sueño remoto,The End of An Ancient Dream,en-US
El hogar de Moutiyima,The Land of Mawtiyima,en-US
El jardín de los sueños perdidos,Nursery of Lost Dreams,en-US
El mundo de las pinturas,Where the Painted Realm Unfolds,en-US
El mundo de los aranara,The World of the Aranara,en-US
El núcleo en eterna combustión,Ever-Burning Hearth Core,en-US
El palacio helado de la estrella polar,Glacial Palace of the Polestar,en-US
El pequeño jardín de Aranaga,Aranaga's Little Garden,en-US
El pueblo en la roca,The Town in the Rock,en-US
El puerto donde convergen los mil vientos,The Harbor Where a Thousand Winds Converge,en-US
El puerto entre los dos árboles,The Harbor Betwixt the Two Trees,en-US
El templo abandonado por los dioses,The Palace Abandoned by the Gods,en-US
El templo de los ancestros,Temple of Ancient Forebears,en-US
El valle de hojas como plumas de fuego,Fiery Plumage Valley,en-US
El último tesoro del paraíso,Elysium's Final Treasure,en-US
Elegia de Jade de Bishui,Jade Elegy of Bishui,en-US
Elegia di giada di Bishui,Jade Elegy of Bishui,en-US
Elynas'ın Derinliklerindeki Manzara,Scenery Within Elynas' Depths,en-US
Elynas'ın En Derinlerindeki Manzara,Scenery Within Elynas' Deepest Depths,en-US
Elysiums letzter Schatz,Elysium's Final Treasure,en-US
Encosta de Feiyun,Feiyun Slope,en-US
Ende des Regens,The Rain's End,en-US
Enginlik ve Sonsuz Küçüklük Üzerine,Of Vastness and the Infinitesimal,en-US
Entfaltung des gemalten Reichs,Where the Painted Realm Unfolds,en-US
Entrada a la gran mina,Mouth of the Great Mine,en-US
Entre a Névoa de Tinta,Amidst the Ink-Tinged Mist,en-US
Entre as Montanhas Coloridas,Among the Painted Peaks,en-US
Entre cimas y nubes,Where Mountains Peak Beyond the Clouds,en-US
Entre la bruma tintada,Amidst the Ink-Tinged Mist,en-US
Entre montañas policromadas,Among the Painted Peaks,en-US
Erinnerung an Palast Alcazarzaray,Memory of Alcazarzaray,en-US
Erinnyes aquamarine Trauerweide,Erinnyes's Watery Weeping Willow,en-US
Erinnyes'in Dansı,Erinnyes' Whirling Dance,en-US
Erinnyes'in Turkuaz Salkım Söğütleri,Erinnyes's Watery Weeping Willow,en-US
Ermos Silenciosos,Silent Barrens,en-US
Erste Klänge einer neuen Welt,New World's Prelude,en-US
Escadaria ao Capitólio,Gradus ad Capitolium,en-US
Escaleras hacia el Capitolio,Gradus ad Capitolium,en-US
Escenario apagado,Stage of Faded Gold,en-US
Esconderijo da Colina para Néctar,A Hilly Hidey-Hole for Nectar,en-US
Escondrijo de hidromiel en la montaña,A Hilly Hidey-Hole for Nectar,en-US
Eski Chu'ulel'in Çekirdeği,Old Core of Chu'ulel,en-US
Eski Zamanın Kabuklu Melodisi,Ancient Conch Melody of Yore,en-US
Eskiden Mühürlü Olan Kadim Şehir,Once-Sealed Ancient City,en-US
Espinha da Elevação,Spine of the Skyship,en-US
Estanque ardiente del conocimiento,Fiery Flowing Sea of Sentience,en-US
Estanque purificaespadas de Guhua,Guhua Sword-Washing Pool,en-US
Estela de un intelecto brillante,The Remnants of Brilliant Wisdom,en-US
Ewig flammender Kern des Herds,Ever-Burning Hearth Core,en-US
Excavación de hielo supremo,Prime Ice Excavation Site,en-US
Fackel des Pfeileids,Light of Oaths Sworn,en-US
Falaise Chihu,Chihu Rock,en-US
Faro del juramento perdido,Light of Oaths Sworn,en-US
Faro della lunga notte,Beacon in the Long Night,en-US
Fatui Keşif Güçlerinin Geçici Karargahı,Ad-Hoc Headquarters of the Fatui Expeditionary Force,en-US
Fauci della Grande miniera,Mouth of the Great Mine,en-US
Favonius Katedrali,Favonius Cathedral,en-US
Favonius Şövalyeleri - Kütüphane,Knights of Favonius - Library,en-US
Favonius-Kathedrale,Favonius Cathedral,en-US
Feiyun Yamacı,Feiyun Slope,en-US
Feiyun-Hang,Feiyun Slope,en-US
Felsenpalast der kolossalen Säulen,The Court of Pillars,en-US
Felsspitzen im Nebelmeer,Mist-Veiled Stone Forest,en-US
Fenda do Coração Lunar,Moonheart Gap,en-US
Ferner Hafen,A Distant Harbor,en-US
Feurig fließendes Meer der Empfindungen,Fiery Flowing Sea of Sentience,en-US
Feylerin Gizli Yerleşkesi,Fae's Hidden Settlement,en-US
Fin des pluies,The Rain's End,en-US
Fine dell'antico sogno,The End of An Ancient Dream,en-US
Fleurs en pleine floraison parfumée,Blossoms in Fragrant Bloom,en-US
Floración fragante,Blossoms in Fragrant Bloom,en-US
Floraisons sous la douceur du soleil de Qiaoying,The Blossoming Warmth of Qiaoying Sunlight,en-US
Flores em Fragrante Florescência,Blossoms in Fragrant Bloom,en-US
Floresta de Pedra no Mar de Neblina,Mist-Veiled Stone Forest,en-US
Fluido Amniótico do Mundo,The World's Amniotic Fluid,en-US
Foresta di pietra nebbiosa,Mist-Veiled Stone Forest,en-US
Foresta sacra al chiaro di luna,The Sacred Forest in the Moonlight,en-US
Forge de la fonderie abandonnée,Forge of the Abandoned Foundry,en-US
Forja da Oficina Abandonada,Forge of the Abandoned Foundry,en-US
Formación de piedras silenciosas,Silent Stone Circle,en-US
Fortaleza de Aço,Fortress of Steel,en-US
Fortaleza de acero,Fortress of Steel,en-US
Fortaleza oscura,The Dark Fortress,en-US
Forteresse d'acier,Fortress of Steel,en-US
Fortezza d'acciaio,Fortress of Steel,en-US
Forêt de pierre embrumée,Mist-Veiled Stone Forest,en-US
"Fosa tectónica, Isla Yashiori","Rift Valley, Yashiori Island",en-US
Fossa misteriosa dell'Isola nebbiosa,Mystery Pit of the Misty Isle,en-US
"Fossa tettonica, Isola di Yashiori","Rift Valley, Yashiori Island",en-US
Foyer des sources thermales et des eaux vives,Home of Hot Springs and Flowing Waters,en-US
Fragment de cristal,Crystal Fragment,en-US
Fragmento de cristal,Crystal Fragment,en-US
Fragmentos de cristal,Crystal Fragment,en-US
Frammento di cristallo,Crystal Fragment,en-US
Freischwebend zwischen den Klippen,Canopy of the Clifftops,en-US
Fresque des serments jurés,Mural of Sworn Pledges,en-US
Friedhof der Schiffe,Graveyard of Ships,en-US
"Front, Kannazuka","Front Line, Kannazuka",en-US
"Fronte, Kannazuka","Front Line, Kannazuka",en-US
Frontiera ai piedi delle alte mura,The Frontier Beneath the High Wall,en-US
Frontière sous le haut mur,The Frontier Beneath the High Wall,en-US
Fruchtwasser der Welt,The World's Amniotic Fluid,en-US
Fuao Vadisi Kadim Savaş Alanı,The Ancient Battlefield of Fuao Vale,en-US
Fucina della fonderia abbandonata,Forge of the Abandoned Foundry,en-US
Fünf-Reiche-Unendlichkeit,Of Vastness and the Infinitesimal,en-US
Gallerie degli Unut,Wenut Tunnels,en-US
Garten der Nachdenkenden,The Garden of Deep Thought,en-US
Gece Rüzgarının ve Bilmecelerin Serpildiği Etekler,The Foothills Where the Night-Wind and Riddles Grow,en-US
Gecenin Karanlığında Kaybolan Tören Alanı,Ceremonial Site Lost in Night's Dim Light,en-US
Geheime Bergvilla für Aphimead,A Hilly Hidey-Hole for Nectar,en-US
Geheime Forschung,Secret Research,en-US
Geheimnisvolle Grube der Nebelinseln,Mystery Pit of the Misty Isle,en-US
Geheimnisvoller Versammlungsort des uralten Ordens,Secret Locale of the Ancient Order,en-US
Gelöbnisse an der Wand,Mural of Sworn Pledges,en-US
Gemi Mezarlığı,Graveyard of Ships,en-US
Gemütliche Straße,Pleasant Street,en-US
Gestalt Kulesi,Tower of Gestalt,en-US
Geweberolle auf den Klippen,Scroll on the Shore,en-US
Geçici Başrahibenin Evi,Where the Provisional Head Priestess Lives,en-US
Geçmiş Zamanların Sarayları,Palaces of Times Bygone,en-US
Gian Đá Với Trụ Tinh Thể Di Động,Stone Chamber of Shifting Crystal Pillars,en-US
Giardino del pianto,Weeping Garden,en-US
Giardino della contemplazione,The Garden of Deep Thought,en-US
Gigantischer Schlund der Grube,Mouth of the Great Mine,en-US
Gizleyen Örtü,The Concealing Veil,en-US
Gizli Ada Macerası,Venture to a Secret Isle,en-US
Gizli Araştırma,Secret Research,en-US
Gizli Harabelerin Boşluğu,The Gap of the Hidden Ruins,en-US
Giấc Mơ Cá Voi Sắt,Iron Whale's Dream,en-US
Giấc Mơ Nhỏ Bé,The Littlest Dream,en-US
Giữa Những Ngọn Núi Rực Rỡ,Among the Painted Peaks,en-US
Giữa Thiên Phong Tuyệt Vân,Where Mountains Peak Beyond the Clouds,en-US
Gletscherpalast des Polarsterns,Glacial Palace of the Polestar,en-US
Gloria sommersa,Sunken Glory,en-US
Gloria sumergida,Sunken Glory,en-US
Glorie che furono di Wangshan,Past Glories of Wangshan,en-US
Glória Afundada,Sunken Glory,en-US
Glórias Passadas de Wangshan,Past Glories of Wangshan,en-US
Goutte dans l'océan,A Drop in the Ocean,en-US
"Grabenbruch, Yashiori","Rift Valley, Yashiori Island",en-US
Graffiti Linh Hồn Vĩ Đại,Great Nightspirit Graffiti,en-US
Graffito maestoso dello Spirito della Notte,Great Nightspirit Graffiti,en-US
"Gran Santuario Narukami, Montaña Yougou","Grand Narukami Shrine, Mt. Yougou",en-US
"Gran Santuario di Narukami, Monte Yougou","Grand Narukami Shrine, Mt. Yougou",en-US
Gran pintada mística,Great Nightspirit Graffiti,en-US
Gran salón sin fondo,The Bottomless Hall,en-US
Grande Grafite do Espírito Noturno,Great Nightspirit Graffiti,en-US
Grande Santuário Narukami - Montanha Yougou,"Grand Narukami Shrine, Mt. Yougou",en-US
Grande entrada da mina,Mouth of the Great Mine,en-US
Grenzposten hinter den hohen Mauern,The Frontier Beneath the High Wall,en-US
Grenzstadt,Border Town,en-US
Grenzstädtchen,Borderlands Town,en-US
Grieta de las ruinas escondidas,The Gap of the Hidden Ruins,en-US
"Großer Narukami-Schrein, Yougou-Berg","Grand Narukami Shrine, Mt. Yougou",en-US
Gruta Malinalco,Cavern of Tranquil Light,en-US
Guhua Kılıç Yıkama Havuzu,Guhua Sword-Washing Pool,en-US
Guhua-Schwert-Waschbecken,Guhua Sword-Washing Pool,en-US
Guili Harabeleri,Ruins of Guili,en-US
Gökyüzünü Delen Kule,Tower Piercing into the Sky,en-US
Göçebe Sığınakları,Refugee Shelters,en-US
Hafen unter Kontrolle der zwei Bäume,The Harbor Betwixt the Two Trees,en-US
Halle der Tausend Säulen,Hall of a Thousand Pillars,en-US
Halle der ausgetrockneten Quelle,The Court of Dried Springs,en-US
Halle des verdorrten Lebens,The Court of Withered Life,en-US
Halle widerhallender Tapferkeit,Hall of Resounding Valor,en-US
Hang Biển Vùi,Seaworn Cavern,en-US
Hang Sâu Không Còn Ô Uế,Valley of the Unsullied,en-US
Hang Thủy Triều Hát Vang,Cavern of Melodic Tides,en-US
Hang Động Của Đá Và Lê Gai,Cavern of Stone and Prickly Pears,en-US
Hang Động Lấp Lánh,Cavern of Tranquil Light,en-US
Hareketli Kristal Sütunların Taş Odası,Stone Chamber of Shifting Crystal Pillars,en-US
Harvisptokhm Ağacı,Harvisptokhm,en-US
"Harvisptokhm, Mutterbaum der unendlichen Samen",Harvisptokhm,en-US
Hava Gemisinin Omurgası,Spine of the Skyship,en-US
Heiliger Berg der unsterblichen Flamme,Sacred Mountain of the Undying Flame,en-US
Heimat des Meeresschaums,Foamy Home,en-US
Heimat des fließenden Wassers und der heißen Quellen,Home of Hot Springs and Flowing Waters,en-US
Herz des Mondes,Heart of the Moon,en-US
Hiç Sönmeyen Ocağın Çekirdeği,Ever-Burning Hearth Core,en-US
Hoa Cảnh Ngát Hương,Blossoms in Fragrant Bloom,en-US
Hoa Viên Trầm Tư,The Garden of Deep Thought,en-US
Hoang Nguyên Tĩnh Lặng,Silent Barrens,en-US
Hochofen einer stillgelegten Werkstatt,Forge of the Abandoned Foundry,en-US
Hof der Drachen,Court of the Dragons,en-US
Hof im Mondschein,Moon-Bathed Courtyard,en-US
Hogar de los exiliados,Refugee Shelters,en-US
Hogar espumarino,Foamy Home,en-US
Horno de fundición abandonado,Forge of the Abandoned Foundry,en-US
Huyền Luyện Nắng Buông,Clear Skies Over Xuanlian,en-US
Huzursuz Gece Ruhlarının İmtihan Alanı,Trial Grounds of Restive Nightsouls,en-US
Hành Hương Đến Ánh Trăng,Pilgrimage to the Moon,en-US
Hình Bóng Của Aaru,Aaru's Shut,en-US
Hình Bóng Hòa Hợp,Harmony's Shadow,en-US
Höhle des Gezeitenlieds,Cavern of Melodic Tides,en-US
Höhle des Ozeanschlunds,Seaworn Cavern,en-US
Höhle des Stillen Lichts,Cavern of Tranquil Light,en-US
Höhle von Felsen und Kaktusfeigen,Cavern of Stone and Prickly Pears,en-US
Hışırdayan Sazlar Bataklığı,Marsh of Rustling Reeds,en-US
Hố Bí Ẩn Giữa Đảo Sương Mù,Mystery Pit of the Misty Isle,en-US
Hồ Rửa Đao Cổ Hoa,Guhua Sword-Washing Pool,en-US
Hồ Sắc Màu Rực Rỡ,The Iridescent Lake,en-US
Hồi Ức Của Cung Điện Alcazarzaray,Memory of Alcazarzaray,en-US
Hồi Ức Của Núi Esus,"""Memories of Mont Esus""",en-US
I resti della saggezza brillante,The Remnants of Brilliant Wisdom,en-US
Il Cortile dei pilastri,The Court of Pillars,en-US
Il Miraluna caduto,The Fallen Moongazer,en-US
Il Regno dei colori si spalanca,Where the Painted Realm Unfolds,en-US
Il dolce inno del Vento del Nord,The Northerly Wind's Soft Hymn,en-US
Il gigante della valle erosa dal vento,The Giant of the Wind-Eroded Valley,en-US
Il lago iridescente,The Iridescent Lake,en-US
Il liquido amniotico del mondo,The World's Amniotic Fluid,en-US
Il mondo degli Aranara,The World of the Aranara,en-US
Il ponte tra i due alberi,The Harbor Betwixt the Two Trees,en-US
Il porto dove convergono i Mille Venti,The Harbor Where a Thousand Winds Converge,en-US
Il relitto dei sogni infranti,The Wreck of Shattered Dreams,en-US
Il sonno profondo della Città Eterna,Slumbering Eternal City,en-US
Il velo occultante,The Concealing Veil,en-US
Il villaggio sulle sponde del fiume,The Village by the River,en-US
Ilha Secreta Alcançada Após uma Longa Jornada,Venture to a Secret Isle,en-US
Ilha Tsurumi,Tsurumi Island,en-US
Im Angesicht des Tezcatepetonco,Before the Tezcatepetonco Range,en-US
Inazuma - Tenryou,"Tenryou, Inazuma City",en-US
Infinitesimal dos Cinco Reinos,Of Vastness and the Infinitesimal,en-US
Inmitten der bemalten Berge,Among the Painted Peaks,en-US
Inmitten des tintenfleckigen Nebels,Amidst the Ink-Tinged Mist,en-US
Insediamento nascosto delle Fate,Fae's Hidden Settlement,en-US
Investigación secreta,Secret Research,en-US
Isla Tsurumi,Tsurumi Island,en-US
Islote secreto,Venture to a Secret Isle,en-US
Isola di Tsurumi,Tsurumi Island,en-US
Issız Diyar,Plane of Pure Desolation,en-US
Işıltılı Göl,The Iridescent Lake,en-US
Jade-Hof in Chenyu,Jade Court in Chenyu,en-US
Jardim da Contemplação,The Garden of Deep Thought,en-US
Jardim de Lágrimas,Weeping Garden,en-US
Jardin aux sanglots,Weeping Garden,en-US
Jardin de la pensée profonde,The Garden of Deep Thought,en-US
Jardines de los colgantes hundidos,Jade Court in Chenyu,en-US
Jardines de los recipientes medicinales,Herb-Housing Hall,en-US
Jardín bajo la luna,Moon-Bathed Courtyard,en-US
Jardín contemplativo,The Garden of Deep Thought,en-US
Jardín de los lamentos,Weeping Garden,en-US
Jaula ocultadora,The Concealing Veil,en-US
Kabus Alameti,Nightmare Omen,en-US
Kadim Anlaşma,Ancient Pact,en-US
Kadim Atalar Tapınağı,Temple of Ancient Forebears,en-US
Kadim Bahçenin Kalıntıları,Remnants of the Ancient Orchard,en-US
Kadim Bin Rüzgar Tapınağı,Ancient Thousand Winds Temple,en-US
Kadim Bir Rüyanın Sonu,The End of An Ancient Dream,en-US
Kadim Tarikatın Gizli Yeri,Secret Locale of the Ancient Order,en-US
Kalpteki Boşluk,A Hollow in the Heart,en-US
Kannazuka - Trận chiến,"Front Line, Kannazuka",en-US
"Kanyon Vadisi, Yashiori Adası","Rift Valley, Yashiori Island",en-US
Kanyon'un Yüzeyinden Bir Manzara,View from The Chasm's Surface,en-US
Kanyon'un Ötesi,Beyond the Chasm,en-US
Kapalı Yol,The Blocked Path,en-US
Kaplıcaların ve Akan Suların Memleketi,Home of Hot Springs and Flowing Waters,en-US
Kara Cismin Sığınağı,Shelter of the Blackbody,en-US
Karanlık Dalgaların Yankılandığı Yer,Where Dark Tides Echo,en-US
Karanlık Kale,The Dark Fortress,en-US
Karanlık Uçurumun Üzerindeki Şafak,Dawn Over the Dark Chasm,en-US
Karaya Oturan Amiral Gemisi,The Stranded Flagship,en-US
Karlara Gömülü Kraliyet Toprakları,Snow-Entombed Crownlands,en-US
Kavurucu Kumlar ve Yakıcı Güneş Kasrı,Pavilion of Scorching Sands and Blazing Sun,en-US
Kayanın Altındaki Kasaba,The Town in the Rock,en-US
Kayıkçının Şarkı Evi,The Boatman's Song-House,en-US
Kayıp Düşler Fideliği,Nursery of Lost Dreams,en-US
Kayıp Manastır,The Lost Hermitage,en-US
Kayıp Tören Alanı,Lost Ceremonial Site,en-US
Kayıt Altına Alınan Hikaye,The Story Recorded,en-US
"Kenar Mahalleler, Inazuma Şehri","Suburbs, Inazuma City",en-US
Keyifli Sokak,Pleasant Street,en-US
Khe Nứt Lõi Trăng,Moonheart Gap,en-US
Kho Báu Cuối Cùng Nơi Thiên Đường,Elysium's Final Treasure,en-US
Khu Mỏ Ngầm,The Underground Mines,en-US
Khu Trung Tâm Huyết Mạch,Bloodline's Control Hub,en-US
Khu Vườn Dưới Trăng,Moon-Bathed Courtyard,en-US
Khu Vườn Nhỏ Của Aranaga,Aranaga's Little Garden,en-US
Khu Vườn Yên Tĩnh Vĩnh Hằng,The Paradise of Eternal Peace,en-US
Khúc Ca Của Gió Bắc,The Northerly Wind's Soft Hymn,en-US
Khúc Ca Ngọc Ngà Bích Thủy,Jade Elegy of Bishui,en-US
Khúc Nhạc Của Ốc Biển Cổ Xưa,Ancient Conch Melody of Yore,en-US
Khổng Lồ Trong Thung Lũng Gió Xoáy,The Giant of the Wind-Eroded Valley,en-US
Kiều Anh Ấm Áp Thoảng Sợi Hoa,The Blossoming Warmth of Qiaoying Sunlight,en-US
"Klares Wasser, versunken im Zwielicht",Bishui's Twilight Luster,en-US
Kleiner Traum,The Littlest Dream,en-US
Kondensierter Altar,Condensed Altar,en-US
Kral Deshret'in Anıt Mezarı,The Mausoleum of King Deshret,en-US
Kristal Parçası,Crystal Fragment,en-US
Kristallfragmente,Crystal Fragment,en-US
Kum Fırtınalarının Hiç Durmadığı Damavand Dağı,"Mt. Damavand, Where Sandstorms Never Cease",en-US
Kumların Dans Ettiği Kurak Topraklar,The Barren Land Where Sand Dances,en-US
Kurumuş Pınarlar Bahçesi,The Court of Dried Springs,en-US
Kutsal Muhafızlar Bataklığı,The Marsh of Celestial Guardians,en-US
Kutup Yıldızı Buzul Sarayı,Glacial Palace of the Polestar,en-US
Kuzey Rüzgarının Yumuşak İlahisi,The Northerly Wind's Soft Hymn,en-US
Kẻ Quan Sát Mặt Trăng Gục Ngã,The Fallen Moongazer,en-US
L'Oratrice mécanique d'analyse cardinale,"""Oratrice Mecanique d'Analyse Cardinale""",en-US
L'abri 0,Bunker No. 0,en-US
L'ancienne mélodie de conque d'antan,Ancient Conch Melody of Yore,en-US
L'antico campo di battaglia della Valle di Fuao,The Ancient Battlefield of Fuao Vale,en-US
L'arbre de toutes les graines,Harvisptokhm,en-US
L'atelier de Cling-clang,"Clinky, Clanky Craftshop",en-US
L'aube sur le gouffre sombre,Dawn Over the Dark Chasm,en-US
L'eau nourricière du monde,The World's Amniotic Fluid,en-US
L'eremo perduto,The Lost Hermitage,en-US
L'ermitage perdu,The Lost Hermitage,en-US
L'hymne du batelier,The Boatman's Song-House,en-US
L'ombre de l'harmonie,Harmony's Shadow,en-US
L'oued oublié,The Forgotten River Valley,en-US
L'ultimo tesoro dell'Elisio,Elysium's Final Treasure,en-US
L'élégie de jade de Bishui,Jade Elegy of Bishui,en-US
L'épave des rêves brisés,The Wreck of Shattered Dreams,en-US
L'épine dorsale du vaisseau céleste,Spine of the Skyship,en-US
La Casa del Grande fungo,The Great Mushroom's Place,en-US
La Città capovolta,The Inverted City,en-US
La Città cinerea incompiuta,The Unfinished Ashen City,en-US
La Ciudad de las Cenizas inacabada,The Unfinished Ashen City,en-US
La Nación del Agua,Sourcewater Nation,en-US
La Tour de la gestalt,Tower of Gestalt,en-US
La aldea de los habitantes de las profundidades,Village of the People of the Deep,en-US
La aldea junto al río,The Village by the River,en-US
La arena de la victoria y el honor,Arena of Glory and Triumph,en-US
La casa de los cánticos del barquero,The Boatman's Song-House,en-US
La casa del canto del barcaiolo,The Boatman's Song-House,en-US
La cascade de nuages entourant le port,The Clouds Cascade Around the Wharf,en-US
La città dove risiede tutto il sapere,The City Where All Wisdom Resides,en-US
La città oltre la foresta,The City Above the Forest,en-US
La cité éternelle en sommeil,Slumbering Eternal City,en-US
La ciudad antigua que fue una vez sellada,Once-Sealed Ancient City,en-US
La ciudad del conocimiento,The City Where All Wisdom Resides,en-US
La corte de los dragones,Court of the Dragons,en-US
La corte del rocío y las fuentes,Court of Dew and Springs,en-US
La cour de jade à Chenyu,Jade Court in Chenyu,en-US
La cour de la rosée et des sources,Court of Dew and Springs,en-US
La cour de la vie flétrie,The Court of Withered Life,en-US
La cour des dragons,Court of the Dragons,en-US
La cour des sources séchées,The Court of Dried Springs,en-US
La crevasse dans le noyau de la lune,Moonheart Gap,en-US
La cámara rocosa de los pilares móviles,Stone Chamber of Shifting Crystal Pillars,en-US
La durmiente Ciudad Eterna,Slumbering Eternal City,en-US
La enigmática fosa de la isla brumosa,Mystery Pit of the Misty Isle,en-US
La escritura del dedo que se mueve,The Moving Finger Writes,en-US
La faille des ruines cachées,The Gap of the Hidden Ruins,en-US
La fin d'un rêve ancien,The End of An Ancient Dream,en-US
La fortaleza cobriza,The Copper Keep,en-US
La forteresse sombre,The Dark Fortress,en-US
La fortezza di rame,The Copper Keep,en-US
La fortezza oscura,The Dark Fortress,en-US
La forêt sacrée au clair de lune,The Sacred Forest in the Moonlight,en-US
La fosse mystérieuse de l'île brumeuse,Mystery Pit of the Misty Isle,en-US
La geôle de Liloupar,Liloupar's Gaol,en-US
La ilusión de la armonía,Harmony's Shadow,en-US
La incansable tormenta de arena del Monte Damavand,"Mt. Damavand, Where Sandstorms Never Cease",en-US
La jonction ferroviaire centrale,Central Railway Hub,en-US
La mansión de la montaña nevada,A Lonely Mansion Against the Whiteout,en-US
La mer des cieux brisés,Sea of Broken Skies,en-US
La mirada que contempla las estrellas,A Gaze Toward the Stars,en-US
La montagne sacrée de la flamme éternelle,Sacred Mountain of the Undying Flame,en-US
La montaña donde se congela el trueno lejano,Where Slope Meets Captured Lightning,en-US
La nation de la source,Sourcewater Nation,en-US
La nave dell'ubriacone,The Drunkard's Ship,en-US
La sala senza fondo,The Bottomless Hall,en-US
La salle aux mille piliers,Hall of a Thousand Pillars,en-US
La scrittura del dito che si muove,The Moving Finger Writes,en-US
La scène de l'or fané,Stage of Faded Gold,en-US
La terra arida dove danza la sabbia,The Barren Land Where Sand Dances,en-US
La terra di Mawtiyima,The Land of Mawtiyima,en-US
La terre aride où danse le sable,The Barren Land Where Sand Dances,en-US
La terre de Mawtiyima,The Land of Mawtiyima,en-US
La terre des tempêtes déchaînées,Land of Raging Storms,en-US
La tierra de los arroyos y las aguas termales,Home of Hot Springs and Flowing Waters,en-US
La tierra de los valientes que cantan salomas,Where Warriors Sing the Sea Shanties,en-US
La tierra del eco,Land of Many Echoes,en-US
La torre que se eleva hasta el firmamento,Tower Piercing into the Sky,en-US
La vallée des papillons colorés,Valley of Vibrant Butterflies,en-US
La vallée du plumage de feu,Fiery Plumage Valley,en-US
La villa fronteriza,Border Town,en-US
La villa sobre los árboles,The City Above the Forest,en-US
La ville dans les rochers,The Town in the Rock,en-US
La ville des terres frontalières,Borderlands Town,en-US
Laboratorio Tin-Tin,"Clinky, Clanky Craftshop",en-US
Lago do Guardião Celestial,The Marsh of Celestial Guardians,en-US
Lago iridiscente,The Iridescent Lake,en-US
Lago que protege la estatua,The Marsh of Celestial Guardians,en-US
Laixin'in İzleri,Trails of Laixin,en-US
Land der klaren Quellen,Land of Clear Springs,en-US
Land der vielen Echos,Land of Many Echoes,en-US
Land der wütenden Stürme,Land of Raging Storms,en-US
Land des Quellwassers,Sourcewater Nation,en-US
Lande silenziose,Silent Barrens,en-US
Landschaft auf der Oberfläche der Großen Kluft,View from The Chasm's Surface,en-US
Landschaft in den Tiefen von Elynas,Scenery Within Elynas' Deepest Depths,en-US
Landschaft in den Tiefen von Elynas,Scenery Within Elynas' Depths,en-US
Lar Espumante,Foamy Home,en-US
Lar das Fontes Termais e Águas Fluentes,Home of Hot Springs and Flowing Waters,en-US
Las hermosas leyendas de Petricor,The Lovely Legends of Petrichor,en-US
Las montañas del viento nocturno y los enigmas,The Foothills Where the Night-Wind and Riddles Grow,en-US
Le Lunologue tombé,The Fallen Moongazer,en-US
Le Profondità seleniche,The Moon-Bathed Deep,en-US
Le bandeau de feu céleste en pierre flottante,Floating Rock Skyfire Circlet,en-US
Le bassin de purification des lames de Guhua,Guhua Sword-Washing Pool,en-US
Le bastion de bronze,The Copper Keep,en-US
Le bateau de l'ivrogne,The Drunkard's Ship,en-US
Le campement des Tanit,The Tanit Encampment,en-US
Le cercle de pierre silencieux,Silent Stone Circle,en-US
Le chatrang divin,Safhe Shatranj,en-US
Le colline del Vento della Notte e dei rompicapi,The Foothills Where the Night-Wind and Riddles Grow,en-US
Le colosse protégeant Devantaka,The Colossus Watching Devantaka,en-US
Le cœur de la lune,Heart of the Moon,en-US
Le cœur du foyer brûlant éternellement,Ever-Burning Hearth Core,en-US
Le dernier trésor de l'Élysium,Elysium's Final Treasure,en-US
Le doigt qui bouge écrit,The Moving Finger Writes,en-US
Le doux hymne du vent du nord,The Northerly Wind's Soft Hymn,en-US
Le flux enflammé d'une mer de sensibilité,Fiery Flowing Sea of Sentience,en-US
Le gel ensevelissant tous les chagrins,Where Frost Entombs All Sorrows,en-US
Le géant de la vallée érodée par le vent,The Giant of the Wind-Eroded Valley,en-US
Le hall sans fond,The Bottomless Hall,en-US
Le incantevoli leggende di Petrichor,The Lovely Legends of Petrichor,en-US
Le lac irisé,The Iridescent Lake,en-US
Le migliaia di sale sepolte,The Thousands of Entombed Chambers,en-US
Le miniere sotterranee,The Underground Mines,en-US
Le monde des aranaras,The World of the Aranara,en-US
Le palais abandonné par les dieux,The Palace Abandoned by the Gods,en-US
Le palais de la sérénité,Domus Requiem,en-US
Le palais nacré,The Pearlescent Palace,en-US
Le paradis du silence éternel,The Paradise of Eternal Peace,en-US
Le pavillon de la pharmacopée,Herb-Housing Hall,en-US
Le pavillon des sables brûlants et du soleil flamboyant,Pavilion of Scorching Sands and Blazing Sun,en-US
Le paysage au plus profond d'Elynas,Scenery Within Elynas' Deepest Depths,en-US
Le paysage des profondeurs d'Elynas,Scenery Within Elynas' Depths,en-US
Le pic de Chiwang,Chiwang Peak,en-US
Le port où convergent mille vents,The Harbor Where a Thousand Winds Converge,en-US
Le quartier général temporaire de l'unité d'expédition des Fatui,Ad-Hoc Headquarters of the Fatui Expeditionary Force,en-US
Le refuge de la matière noire,Shelter of the Blackbody,en-US
Le repaire caché des nivéoles,Fae's Hidden Settlement,en-US
Le royaume de Narzissenkreuz,"""Narzissenkreuz Kingdom""",en-US
Le royaume de repos de l'Adepte,Adeptus's Realm of Repose,en-US
Le rêve d'une baleine de fer,Iron Whale's Dream,en-US
Le sanctuaire de la vie,Sanctuary of Life,en-US
Le saule pleureur aquarelle d'Erinnyes,Erinnyes's Watery Weeping Willow,en-US
Le temple de la puissance enterrée,The Temple of Buried Dominion,en-US
Le vaisseau amiral échoué,The Stranded Flagship,en-US
Le village de pêcheurs silencieux,The Silent Fishing Village,en-US
Le village du peuple des tréfonds,Village of the People of the Deep,en-US
Le voile dissimulant,The Concealing Veil,en-US
Lembranças do Palácio de Alcazarzaray,Memory of Alcazarzaray,en-US
Les bas-fonds silencieux,Silent Shallows,en-US
Les belles légendes de Petrichor,The Lovely Legends of Petrichor,en-US
Les canaux d'un bleu lunaire,The Moonblue Canals,en-US
Les contreforts d'où viennent le vent nocturne et les énigmes,The Foothills Where the Night-Wind and Riddles Grow,en-US
Les gloires passées de la montagne céleste,Past Glories of Wangshan,en-US
Les grands graffitis de spirinocturne,Great Nightspirit Graffiti,en-US
Les histoires consignées,The Story Recorded,en-US
Les landes silencieuses,Silent Barrens,en-US
Les marches vers le capitole,Gradus ad Capitolium,en-US
Les nouvelles pousses du jardin,The Garden's New Sprouts,en-US
Les profondeurs baignées de lune,The Moon-Bathed Deep,en-US
Les sanctuaires désolés au pied de la montagne,Desolate Foothill Shrines,en-US
Les souterrains des Wenuts,Wenut Tunnels,en-US
"Les terres des couronnes, ensevelies sous la neige",Snow-Entombed Crownlands,en-US
Les traces de Laixin,Trails of Laixin,en-US
Les vestiges d'une brillante sagesse,The Remnants of Brilliant Wisdom,en-US
Les vestiges de l'ancien verger,Remnants of the Ancient Orchard,en-US
Les échos du clairon,Clarion Echo,en-US
Les échos du grand nord,Echoes of the Far North,en-US
Leuchtfeuer in der langen Nacht,Beacon in the Long Night,en-US
Lieu mystérieux de l'ordre ancien,Secret Locale of the Ancient Order,en-US
Ligne de front de Kannazuka,"Front Line, Kannazuka",en-US
Liloupar'ın Hapishanesi,Liloupar's Gaol,en-US
Liloupars Gefängnis,Liloupar's Gaol,en-US
Linha de Frente - Kannazuka,"Front Line, Kannazuka",en-US
Liễu Rũ Sắc Nước Của Erinnyes,Erinnyes's Watery Weeping Willow,en-US
Llanura del viento,Windswept Wilderness,en-US
Local Cerimonial Perdido na Fraca Luz da Noite,Ceremonial Site Lost in Night's Dim Light,en-US
Local Secreto da Ordem Antiga,Secret Locale of the Ancient Order,en-US
Los nueve pilares de la paz,Nine Pillars of Peace,en-US
Luce dei giuramenti prestati,Light of Oaths Sworn,en-US
Lugar secreto de la antigua orden,Secret Locale of the Ancient Order,en-US
Lustgarten der ewigen Ruhe,The Paradise of Eternal Peace,en-US
Là où danseurs et chanteurs tissent leurs rêves,Where Dancers and Singers Weave Their Dreams,en-US
Là où la grande prêtresse suppléante réside,Where the Provisional Head Priestess Lives,en-US
Là où le royaume peint se dévoile,Where the Painted Realm Unfolds,en-US
Là où les jambes d'un titan furent brisées,Where a Titan's Shins Were Broken,en-US
Là où les nuages orageux se rencontrent,Where Swirling Storm Clouds Gather,en-US
Là où se lève la première aube,Where the First Dawn Breaks,en-US
Làng Chài Quạnh Hiu,The Silent Fishing Village,en-US
Líquido amniótico del mundo,The World's Amniotic Fluid,en-US
Lò Luyện Của Công Xưởng Bỏ Hoang,Forge of the Abandoned Foundry,en-US
Lõi Chu'ulel Ngày Cũ,Old Core of Chu'ulel,en-US
Lõi Lò Rực Cháy Vĩnh Hằng,Ever-Burning Hearth Core,en-US
Lügen der Ungläubigen,Lies of the Faithless,en-US
Lăng Mộ Vua Deshret,The Mausoleum of King Deshret,en-US
Lối Đi Bị Chặn,The Blocked Path,en-US
Lồng Che Khuất,The Concealing Veil,en-US
Lỗ Hổng Trong Tim,A Hollow in the Heart,en-US
Lời Dối Trá Của Kẻ Vô Tín,Lies of the Faithless,en-US
Lời Hứa Năm Nào,Ancient Pact,en-US
Lửa Đèn Của Lời Thề,Light of Oaths Sworn,en-US
Majestuosidad remanente de Wangshan,Past Glories of Wangshan,en-US
Manoir de l'aube,Manor of Daybreak,en-US
Mansión del Alba,Manor of Daybreak,en-US
Mansão do Amanhecer,Manor of Daybreak,en-US
Mar Calmo entre as Chamas da Guerra,Tidal Flat Amidst the Flames of War,en-US
Mar Flamejante de Consciência,Fiery Flowing Sea of Sentience,en-US
Mar de Céus Quebrados,Sea of Broken Skies,en-US
Mar del cielo fragmentado,Sea of Broken Skies,en-US
Mar del destierro,A Sea of Exile,en-US
Marais aux roseaux,Marsh of Rustling Reeds,en-US
Marais des gardiens célestes,The Marsh of Celestial Guardians,en-US
Mare dei cieli infranti,Sea of Broken Skies,en-US
Mare fiammeo della coscienza,Fiery Flowing Sea of Sentience,en-US
Marée basse au milieu des flammes de la guerre,Tidal Flat Amidst the Flames of War,en-US
"Mattino sulle Montagne di Béryl, tempo sereno","""Morning in the Beryl Mountains, Clear Weather""",en-US
Mausoleo del Rey Deshret,The Mausoleum of King Deshret,en-US
Mausoleo di Re Deshret,The Mausoleum of King Deshret,en-US
Mausoleum von König Deshret,The Mausoleum of King Deshret,en-US
Mausolée du roi Deshret,The Mausoleum of King Deshret,en-US
Mausoléu do Rei Deshret,The Mausoleum of King Deshret,en-US
Mawtiyima,The Land of Mawtiyima,en-US
Mawtiyima Diyarı,The Land of Mawtiyima,en-US
Mağaradaki Saray,Cave-Engulfed Palace,en-US
Meer der gebrochenen Himmel,Sea of Broken Skies,en-US
Meer des Exils,A Sea of Exile,en-US
Mehtaplı Avlu,Moon-Bathed Courtyard,en-US
Mehtaplı Ağaç,Moonlit Tree,en-US
Mehtaplı Derinlikler,The Moon-Bathed Deep,en-US
Melodik Dalgalar Mağarası,Cavern of Melodic Tides,en-US
Memorie del Monte Esus,"""Memories of Mont Esus""",en-US
Memorie di Alcazarzaray,Memory of Alcazarzaray,en-US
Menciones diseminadas,Scattered References,en-US
Mensonges des infidèles,Lies of the Faithless,en-US
Mentiras de los infieles,Lies of the Faithless,en-US
Mentiras dos Infiéis,Lies of the Faithless,en-US
Menzogne dei miscredenti,Lies of the Faithless,en-US
Merkezi Demir Yolu İstasyonu,Central Railway Hub,en-US
Milhares de Aposentos Sepultados,The Thousands of Entombed Chambers,en-US
Milliers de chambres ensevelies,The Thousands of Entombed Chambers,en-US
Minas Subterráneas,The Underground Mines,en-US
Minas Subterrâneas,The Underground Mines,en-US
Mines souterraines,The Underground Mines,en-US
Minik Rüya,The Littlest Dream,en-US
Mirador de la tierra de la exuberancia,Verdant Fields' Vantage Point,en-US
Mis Kokulu Çiçekler,Blossoms in Fragrant Bloom,en-US
Mit goldenen Mustern umrankte Felsnadeln,Pins of Rock Entwined With Golden Runes,en-US
Mit zahllosen Früchten behangener Mutterbaum,Mother Tree of Fruitful Plenty,en-US
Mondkernschlucht,Moonheart Gap,en-US
Mondschiff,Moonbound Ship,en-US
"Mont Damavand, où la tempête de sable ne cesse jamais","Mt. Damavand, Where Sandstorms Never Cease",en-US
Montagna Sacra della Fiamma imperitura,Sacred Mountain of the Undying Flame,en-US
"Montanha Damavand, Onde Tempestades de Areia Nunca Cessam","Mt. Damavand, Where Sandstorms Never Cease",en-US
Montanha Sagrada da Chama Eterna,Sacred Mountain of the Undying Flame,en-US
Montaña Sagrada del fuego eterno,Sacred Mountain of the Undying Flame,en-US
Montañas de los altares desamparados,Desolate Foothill Shrines,en-US
"Monte Damavand, dove le tempeste di sabbia non si placano mai","Mt. Damavand, Where Sandstorms Never Cease",en-US
Monte Qingce,A Home in the Hills,en-US
Monts Qingce,A Home in the Hills,en-US
Monumentos de la traición,Towers of Betrayal,en-US
Morada adéptica,Adeptus's Realm of Repose,en-US
Mundo dos Aranaras,The World of the Aranara,en-US
Mural del juramento,Mural of Sworn Pledges,en-US
Mural do Juramento,Mural of Sworn Pledges,en-US
Murale dei giuramenti,Mural of Sworn Pledges,en-US
Mái Nhà Trên Vách Núi Cheo Leo,Canopy of the Clifftops,en-US
Más allá de la Sima,Beyond the Chasm,en-US
Mâchoire de la grande mine,Mouth of the Great Mine,en-US
Mây Mù Vương Nét Mực,Amidst the Ink-Tinged Mist,en-US
Mémoire du Palais d'Alcazarzaray,Memory of Alcazarzaray,en-US
Mürekkep Lekeli Sislerin Arasında,Amidst the Ink-Tinged Mist,en-US
Mảng Đá Tĩnh Lặng,Silent Stone Circle,en-US
Mảnh Tinh Thạch,Crystal Fragment,en-US
Mầm Non Của Vườn Ươm,The Garden's New Sprouts,en-US
Nacht des freien Tanzes,A Night of Uninhibited Dance,en-US
Nave ammiraglia arenata,The Stranded Flagship,en-US
Nave com Destino à Lua,Moonbound Ship,en-US
Navio do Bêbado,The Drunkard's Ship,en-US
Navio-Almirante Encalhado,The Stranded Flagship,en-US
Nazione dell'Acqua sorgiva,Sourcewater Nation,en-US
Nação das Fontes de Água,Sourcewater Nation,en-US
Nehir Boyundaki Köy,The Village by the River,en-US
Neuf piliers,Nine Pillars of Peace,en-US
Neugeborener Irrtum,Neonate Aberration,en-US
Neun Säulen des Friedens,Nine Pillars of Peace,en-US
Nghi Thức Lạc Trong Đêm,Ceremonial Site Lost in Night's Dim Light,en-US
Nghiên Cứu Bí Mật,Secret Research,en-US
Nghĩa Trang Của Thuyền,Graveyard of Ships,en-US
Ngàn Gian Cung Thất Chôn Trong Đất,The Thousands of Entombed Chambers,en-US
Ngôi Đền Tổ Tiên Viễn Cổ,Temple of Ancient Forebears,en-US
Ngũ Bách Do Tuần Nhất Cực Vi,Of Vastness and the Infinitesimal,en-US
Người Khổng Lồ Ngắm Devantaka Từ Xa,The Colossus Watching Devantaka,en-US
Ngật Hổ Nham,Chihu Rock,en-US
Ngọc Kinh Đài,Yujing Terrace,en-US
Ngọn Đèn Canh Giữ Đêm Dài,Beacon in the Long Night,en-US
Nhà Tù Của LiLoupar,Liloupar's Gaol,en-US
Nhìn Về Nơi Xa Từ Núi Automnequi,"""View From Mont Automnequi""",en-US
Nhìn xa Đảo Tatara,Tatara Islands' Vantage Point,en-US
Nid nourri d'amrita,Amrita-Nourished Nest,en-US
Nido alimentato dall'Amrita,Amrita-Nourished Nest,en-US
Nido nutrido de agua de rocío,Amrita-Nourished Nest,en-US
Niedergeschriebene Geschichten,The Story Recorded,en-US
Ninho da Nutrição do Amrita,Amrita-Nourished Nest,en-US
Noche de danza desenfrenada,A Night of Uninhibited Dance,en-US
Noite de Carnaval,A Night of Uninhibited Dance,en-US
Nove pilastri della pace,Nine Pillars of Peace,en-US
Novos Brotos na Sementeira,The Garden's New Sprouts,en-US
Nucleo del focolare ardente,Ever-Burning Hearth Core,en-US
Nuovi germogli nel giardino,The Garden's New Sprouts,en-US
Núcleo da Fornalha Sempre Ardente,Ever-Burning Hearth Core,en-US
Núcleo de Chu'ulel,Bloodline's Control Hub,en-US
Núi Thánh Của Ngọn Lửa Cháy Mãi,Sacred Mountain of the Undying Flame,en-US
Núi Yougou - Đền Narukami,"Grand Narukami Shrine, Mt. Yougou",en-US
Nơi Bình Minh Hửng Lại,Where the First Dawn Breaks,en-US
Nơi Chỉ Còn Lại Tiếng Chuông,Where Only the Bell Tolls,en-US
Nơi Dệt Mộng Của Vũ Công Và Ca Sĩ,Where Dancers and Singers Weave Their Dreams,en-US
Nơi Gã Khổng Lồ Gãy Chân,Where a Titan's Shins Were Broken,en-US
Nơi Hành Lễ Đã Mất,Lost Ceremonial Site,en-US
Nơi Khai Thác Chân Băng,Prime Ice Excavation Site,en-US
Nơi Lông Vũ Kết Lại Thành Hoa,Where Feathers Are Intertwined Like Flowers,en-US
Nơi Lưu Dân Cư Ngụ,Refugee Shelters,en-US
Nơi Mở Mang Hình Ảnh,Where the Painted Realm Unfolds,en-US
Nơi Sóng Ngầm Vang Vọng,Where Dark Tides Echo,en-US
Nơi Sấm Sét Oanh Tạc,Where Swirling Storm Clouds Gather,en-US
Nơi Thu Nhận Hắc Thể,Shelter of the Blackbody,en-US
Nơi Trú Ẩn Số 0,Bunker No. 0,en-US
Nơi Tuyết Vùi Vương Miện,Snow-Entombed Crownlands,en-US
Nơi Xét Xử Tộc Rồng,Court of the Dragons,en-US
Nơi Đóng Băng Nỗi Bi Ai,Where Frost Entombs All Sorrows,en-US
Nơi Định Cư Của Các Fae Nhỏ,Fae's Hidden Settlement,en-US
Nơi Ở Của Guuji Đại Diện Neko Đền Asase,Where the Provisional Head Priestess Lives,en-US
Nước Nguồn Thế Giới,The World's Amniotic Fluid,en-US
Nấc Thang Đến Capitolium,Gradus ad Capitolium,en-US
O Alvorecer Sobre o Abismo Obscuro,Dawn Over the Dark Chasm,en-US
O Calor Floral da Luz do Sol de Qiaoying,The Blossoming Warmth of Qiaoying Sunlight,en-US
O Fim de Um Sonho Antigo,The End of An Ancient Dream,en-US
O Gigante de Devantaka,The Colossus Watching Devantaka,en-US
O Lago Iridescente,The Iridescent Lake,en-US
O Lugar de Criação dos Cenários,Where the Painted Realm Unfolds,en-US
O Monastério Oculto Perdido,The Lost Hermitage,en-US
O Palácio Abandonado pelos Deuses,The Palace Abandoned by the Gods,en-US
O Palácio Perolado,The Pearlescent Palace,en-US
O Paraíso do Silêncio Eterno,The Paradise of Eternal Peace,en-US
O Porto Entre as Duas Árvores,The Harbor Betwixt the Two Trees,en-US
O Porto Onde Mil Ventos Convergem,The Harbor Where a Thousand Winds Converge,en-US
O Salgueirão Chorão Cor d'Água de Erinnyes,Erinnyes's Watery Weeping Willow,en-US
O Salão Sem Fim,The Bottomless Hall,en-US
O Suave Hino do Vento Boreal,The Northerly Wind's Soft Hymn,en-US
O Templo do Domínio Soterrado,The Temple of Buried Dominion,en-US
O Vale do Rio Esquecido,The Forgotten River Valley,en-US
O Vão das Ruínas Ocultas,The Gap of the Hidden Ruins,en-US
O Véu Ocultador,The Concealing Veil,en-US
O Último Tesouro do Elísio,Elysium's Final Treasure,en-US
Oasi di Thamud,Thamud Oasis,en-US
Oasis de Thamud,Thamud Oasis,en-US
Oasis zamudí,Thamud Oasis,en-US
Observante da Lua Caído,The Fallen Moongazer,en-US
Oda al colgante de jade del Río Bishui,Jade Elegy of Bishui,en-US
Ode an das jadeklare Wasser,Jade Elegy of Bishui,en-US
Okyanusta Bir Damla,A Drop in the Ocean,en-US
Oltre la Voragine,Beyond the Chasm,en-US
Ombra dell'armonia,Harmony's Shadow,en-US
Omen des Albtraums,Nightmare Omen,en-US
Onde Apenas o Sino Toca,Where Only the Bell Tolls,en-US
Onde Dançarinos e Cantores Tecem Seus Sonhos,Where Dancers and Singers Weave Their Dreams,en-US
Onde Desponta a Primeira Aurora,Where the First Dawn Breaks,en-US
Onde Guerreiros Entoam Cantos do Mar,Where Warriors Sing the Sea Shanties,en-US
Onde Nuvens Tempestuosas se Encontram,Where Swirling Storm Clouds Gather,en-US
Onde Plumas São Entrelaçadas Como Flores,Where Feathers Are Intertwined Like Flowers,en-US
Onde a Encosta Encontra o Relâmpago Cativo,Where Slope Meets Captured Lightning,en-US
Onde a Maré Sombria Ecoa,Where Dark Tides Echo,en-US
Onde as Canelas de um Titã Foram Quebradas,Where a Titan's Shins Were Broken,en-US
Onde o Gelo Sepulta Todas as Mágoas,Where Frost Entombs All Sorrows,en-US
Oratrice Mécanique d'Analyse Cardinale,"""Oratrice Mecanique d'Analyse Cardinale""",en-US
Ordo Favonius – Bibliothek,Knights of Favonius - Library,en-US
Ormanın Üstündeki Şehir,The City Above the Forest,en-US
Ort des großen Pilzes,The Great Mushroom's Place,en-US
Orticello di Aranaga,Aranaga's Little Garden,en-US
Os Gigantes no Vale Erodido pelo Vento,The Giant of the Wind-Eroded Valley,en-US
Os Nove Pilares da Paz,Nine Pillars of Peace,en-US
Os Restos de Sabedoria Brilhante,The Remnants of Brilliant Wisdom,en-US
Oásis Thamud,Thamud Oasis,en-US
Où les guerriers chantent des chants de marins,Where Warriors Sing the Sea Shanties,en-US
Où les marées sombres résonnent,Where Dark Tides Echo,en-US
Où les plumes s'entrelacent comme des fleurs,Where Feathers Are Intertwined Like Flowers,en-US
Où ne résonnent que les cloches,Where Only the Bell Tolls,en-US
Pabellón de las arenas ardientes y del sol abrasador,Pavilion of Scorching Sands and Blazing Sun,en-US
Pacto Antigo,Ancient Pact,en-US
Padiglione di sabbie e sole ardenti,Pavilion of Scorching Sands and Blazing Sun,en-US
Paese delle meraviglie nella tana del coniglio,Wonderland in the Rabbit Hole,en-US
Paisagem da superfície do Despenhadeiro,View from The Chasm's Surface,en-US
Paisagem das Maiores Profundezas de Dentro de Elynas,Scenery Within Elynas' Deepest Depths,en-US
Paisagem nas Profundezas Dentro de Elynas,Scenery Within Elynas' Depths,en-US
Paisaje costero-rural,"""The Seaside Village""",en-US
Paisaje de la superficie de la Sima,View from The Chasm's Surface,en-US
Palacio de la serenidad,Domus Requiem,en-US
Palacio nacarado,The Pearlescent Palace,en-US
Palacio perdido,The Lost Hermitage,en-US
Palacios de una era olvidada,Palaces of Times Bygone,en-US
Palais d'une époque révolue,Palaces of Times Bygone,en-US
Palais englouti par les grottes,Cave-Engulfed Palace,en-US
Palais glaciaire de l'étoile polaire,Glacial Palace of the Polestar,en-US
Palast im Höhlenschlund,Cave-Engulfed Palace,en-US
Palazzi dei tempi che furono,Palaces of Times Bygone,en-US
Palazzo dell'Oblio divino,The Palace Abandoned by the Gods,en-US
Palazzo dentro la grotta,Cave-Engulfed Palace,en-US
Palazzo glaciale della Stella polare,Glacial Palace of the Polestar,en-US
Palazzo perlaceo,The Pearlescent Palace,en-US
Palco de Ouro Desvanecido,Stage of Faded Gold,en-US
Palco dell'oro sbiadito,Stage of Faded Gold,en-US
Palude dalle canne fruscianti,Marsh of Rustling Reeds,en-US
Palácio Envolto em Cavernas,Cave-Engulfed Palace,en-US
Palácio Glacial da Estrela Polar,Glacial Palace of the Polestar,en-US
Palácio da Serenidade,Domus Requiem,en-US
Palácios e Tempos Passados,Palaces of Times Bygone,en-US
Paläste vergangener Zeiten,Palaces of Times Bygone,en-US
Panorama dalla Superficie della Voragine,View from The Chasm's Surface,en-US
Pantano de los carrizos susurrantes,Marsh of Rustling Reeds,en-US
Paradiso dell'eterna pace,The Paradise of Eternal Peace,en-US
Paraíso del eterno sosiego,The Paradise of Eternal Peace,en-US
Parmi les sommets peints,Among the Painted Peaks,en-US
Parçalanmış Gökler Denizi,Sea of Broken Skies,en-US
Parçalanmış Hayallerin Enkazı,The Wreck of Shattered Dreams,en-US
Passaggio bloccato,The Blocked Path,en-US
Pavilhão das Areias Escaldantes e do Sol Ardente,Pavilion of Scorching Sands and Blazing Sun,en-US
Pavilhão das Ervas,Herb-Housing Hall,en-US
Pavillon der sengenden Sande und glühenden Sonne,Pavilion of Scorching Sands and Blazing Sun,en-US
Pays aux fontaines,Land of Clear Springs,en-US
Pays des merveilles dans un terrier de lapin,Wonderland in the Rabbit Hole,en-US
Pays des navires et du commerce,Where Merchants Flock And All Ships Dock,en-US
País das Maravilhas na Toca do Coelho,Wonderland in the Rabbit Hole,en-US
Pellegrinaggio alla luna,Pilgrimage to the Moon,en-US
Pendiente Feiyun,Feiyun Slope,en-US
Pendio di Feiyun,Feiyun Slope,en-US
Penhasco Chihu,Chihu Rock,en-US
Pente Feiyun,Feiyun Slope,en-US
Pequeno Jardim de Aranaga,Aranaga's Little Garden,en-US
Pequeno Sonho,The Littlest Dream,en-US
Perante a Cordilheira Tezcatepetonco,Before the Tezcatepetonco Range,en-US
Peregrinaje hacia la luna,Pilgrimage to the Moon,en-US
Peregrinação à Lua,Pilgrimage to the Moon,en-US
Pergaminhos na Costa,Scroll on the Shore,en-US
Pergaminos en los acantilados,Scroll on the Shore,en-US
"Periferia, Città d'Inazuma","Suburbs, Inazuma City",en-US
Pesquisa Secreta,Secret Research,en-US
Petit jardin d'Aranaga,Aranaga's Little Garden,en-US
Petrichor'un Güzel Efsaneleri,The Lovely Legends of Petrichor,en-US
Petrichors wunderbare Märchen,The Lovely Legends of Petrichor,en-US
Peñasco Chihu,Chihu Rock,en-US
Phare du serment,Light of Oaths Sworn,en-US
Phi Thuyền Ánh Trăng,Moonbound Ship,en-US
Phong Cảnh Bên Làng,"""The Seaside Village""",en-US
Phong Cảnh Nơi Sâu Nhất Trong Elynas,Scenery Within Elynas' Deepest Depths,en-US
Phong Cảnh Sâu Trong Elynas,Scenery Within Elynas' Depths,en-US
Pháo Đài Thép Đúc,Fortress of Steel,en-US
Pháo Đài Đen Tối,The Dark Fortress,en-US
Pháo Đài Đúc Đồng,The Copper Keep,en-US
Phía Trước Dãy Tezcatepetonco,Before the Tezcatepetonco Range,en-US
Phế Đô Gió Hú,Abandoned Capital of Howling Winds,en-US
Piano dell'eutimia solitaria,Plane of Pure Desolation,en-US
Pianura del vento,Windswept Wilderness,en-US
Picco Chiwang,Chiwang Peak,en-US
Pico Chiwang,Chiwang Peak,en-US
Picos entre as Nuvens,Where Mountains Peak Beyond the Clouds,en-US
Pics entre les nuages,Where Mountains Peak Beyond the Clouds,en-US
Pin ancien au sommet des steppes,Elder Pine Atop the Wastes,en-US
Pinheiro Ancião dos Ermos,Elder Pine Atop the Wastes,en-US
Pino centenario en la cima del páramo,Elder Pine Atop the Wastes,en-US
Piscina Lavadora de Espadas de Guhua,Guhua Sword-Washing Pool,en-US
Plan de pure désolation,Plane of Pure Desolation,en-US
Plano de Pura Desolação,Plane of Pure Desolation,en-US
Point d'observation des champs verdoyants,Verdant Fields' Vantage Point,en-US
Port entre les deux arbres,The Harbor Betwixt the Two Trees,en-US
Porte du soupir éternel,Gate of Everlasting Mourning,en-US
Porto dos Comerciantes e Navios,Where Merchants Flock And All Ships Dock,en-US
Portão dos Lamentos Eternos,Gate of Everlasting Mourning,en-US
Posição Estratégica das Ilhas Tatara,Tatara Islands' Vantage Point,en-US
Posição Estratégica dos Campos Verdejantes,Verdant Fields' Vantage Point,en-US
Poste d'observation,Vigilant Guardians' Vantage Point,en-US
Poste d'observation des Îles de Tatara,Tatara Islands' Vantage Point,en-US
Posto de Observação dos Guardiões Vigilantes,Vigilant Guardians' Vantage Point,en-US
Pozza purificaspade di Guhua,Guhua Sword-Washing Pool,en-US
Poço Misterioso da Ilha Enevoada,Mystery Pit of the Misty Isle,en-US
Pregos de Rocha Entrelaçados com Runas Douradas,Pins of Rock Entwined With Golden Runes,en-US
Preludio del nuevo mundo,New World's Prelude,en-US
Preludio del nuovo mondo,New World's Prelude,en-US
Prelúdio do Novo Mundo,New World's Prelude,en-US
Presagio dell'incubo,Nightmare Omen,en-US
Presságio do Pesadelo,Nightmare Omen,en-US
Prigione di Liloupar,Liloupar's Gaol,en-US
Primera línea de batalla,Tidal Flat Amidst the Flames of War,en-US
Profundezas Banhadas pela Lua,The Moon-Bathed Deep,en-US
Profundidades de Elynas,Scenery Within Elynas' Depths,en-US
Profundidades más recónditas de Elynas,Scenery Within Elynas' Deepest Depths,en-US
Promesas incumplidas de antaño,Ancient Pact,en-US
Prélude d'un monde nouveau,New World's Prelude,en-US
Présage cauchemardesque,Nightmare Omen,en-US
Pueblo conectado con las tierras fronterizas,Borderlands Town,en-US
Pueblo pesquero silencioso,The Silent Fishing Village,en-US
Puerta del lamento eterno,Gate of Everlasting Mourning,en-US
"Puerto Yilong, entre nubes y cascadas",The Clouds Cascade Around the Wharf,en-US
Puerto lejano,A Distant Harbor,en-US
Puesto al pie de los altos muros,The Frontier Beneath the High Wall,en-US
Puesto de Observación del Vigía,Vigilant Guardians' Vantage Point,en-US
Punto d'osservazione dei Custodi guardiani,Vigilant Guardians' Vantage Point,en-US
Punto d'osservazione dei campi verdi,Verdant Fields' Vantage Point,en-US
Punto d'osservazione delle Isole di Tatara,Tatara Islands' Vantage Point,en-US
Punto de observación de Tatarasuna,Tatara Islands' Vantage Point,en-US
Páramo desértico,The Barren Land Where Sand Dances,en-US
Páramo silente,Silent Barrens,en-US
Pátio Sob o Luar,Moon-Bathed Courtyard,en-US
Pátio de Jade em Chenyu,Jade Court in Chenyu,en-US
Pântano de Juncos Agitados,Marsh of Rustling Reeds,en-US
Pèlerinage vers la lune,Pilgrimage to the Moon,en-US
Pépinière des rêves perdus,Nursery of Lost Dreams,en-US
Périphérie d'Inazuma,"Suburbs, Inazuma City",en-US
Qiaoying Gün Işığının Çiçeksi Sıcaklığı,The Blossoming Warmth of Qiaoying Sunlight,en-US
Qingxu'nun Terk Edilmiş Kulesi,Qingxu's Forsaken Tower,en-US
Qingxus einsamer Turm,Qingxu's Forsaken Tower,en-US
Quand la pente rencontre la foudre capturée,Where Slope Meets Captured Lightning,en-US
Quartel-General Temporário das Forças Expedicionárias Fatui,Ad-Hoc Headquarters of the Fatui Expeditionary Force,en-US
Quartier generale provvisorio del corpo di spedizione dei Fatui,Ad-Hoc Headquarters of the Fatui Expeditionary Force,en-US
Quilla del navío celestial,Spine of the Skyship,en-US
Quán Rượu Mật Bên Núi,A Hilly Hidey-Hole for Nectar,en-US
Quê Hương Bọt Biển,Foamy Home,en-US
Quê Hương Dòng Chảy Và Suối Nước,Home of Hot Springs and Flowing Waters,en-US
Quê Hương Dũng Sĩ Hát Bài Ca Thủy Thủ,Where Warriors Sing the Sea Shanties,en-US
Quê Hương Lệ Nhòa,Weeping Garden,en-US
Reame di riposo dell'Adeptus,Adeptus's Realm of Repose,en-US
Recuerdos del Monte Esus,"""Memories of Mont Esus""",en-US
Referências Espalhadas,Scattered References,en-US
Reflexão de Aaru,Aaru's Shut,en-US
Refugio Cero,Bunker No. 0,en-US
Refugio del cuerpo negro,Shelter of the Blackbody,en-US
Regno di Narzissenkreuz,"""Narzissenkreuz Kingdom""",en-US
Reino Cruz de los Narcisos,"""Narzissenkreuz Kingdom""",en-US
Reino do Descanso da Adeptus,Adeptus's Realm of Repose,en-US
Reise zur Mondaudienz,Pilgrimage to the Moon,en-US
Remanso de Aguaclara,Land of Clear Springs,en-US
Reminiscencia del Palacio Alcazarzaray,Memory of Alcazarzaray,en-US
Renkli Kelebekler Vadisi,Valley of Vibrant Butterflies,en-US
Residencia de la Suma Sacerdotisa suplente Neko,Where the Provisional Head Priestess Lives,en-US
Residência da Sacerdotisa Chefe Provisória,Where the Provisional Head Priestess Lives,en-US
Resimli Diyarın Ortaya Çıktığı Yer,Where the Painted Realm Unfolds,en-US
Resti di un antico giardino,Remnants of the Ancient Orchard,en-US
Ricerca segreta,Secret Research,en-US
Riese des vom Wind abgetragenen Tals,The Giant of the Wind-Eroded Valley,en-US
Riferimenti sparpagliati,Scattered References,en-US
Riflesso di Aaru,Aaru's Shut,en-US
Rifugi degli sfollati,Refugee Shelters,en-US
Rifugio del corpo nero,Shelter of the Blackbody,en-US
Ritou - Ilha Narukami,"Ritou, Narukami Island",en-US
"Ritou, Isla Narukami","Ritou, Narukami Island",en-US
"Ritou, Isola di Narukami","Ritou, Narukami Island",en-US
"Ritou, Narukami","Ritou, Narukami Island",en-US
"Ritou, Narukami Adası","Ritou, Narukami Island",en-US
"Ritou, Île de Narukami","Ritou, Narukami Island",en-US
Rocca di Chihu,Chihu Rock,en-US
Rocce incise da rune dorate,Pins of Rock Entwined With Golden Runes,en-US
Rotoli a riva,Scroll on the Shore,en-US
Rouleau sur le rivage,Scroll on the Shore,en-US
Rovine di Dunyu,Dunyu Ruins,en-US
Rovine di Guili,Ruins of Guili,en-US
Ruas do Deleite,Pleasant Street,en-US
Rue des délices,Pleasant Street,en-US
Ruheplatz des Adepten,Adeptus's Realm of Repose,en-US
Ruinas de Dunyu,Dunyu Ruins,en-US
Ruinas de Guili,Ruins of Guili,en-US
Ruinas de la Capital de los Vientos Aullantes,Abandoned Capital of Howling Winds,en-US
Ruinas de sueños rotos,The Wreck of Shattered Dreams,en-US
Ruinen von Guili,Ruins of Guili,en-US
"Ruinenriese, der auf den fernen Devantaka-Berg starrt",The Colossus Watching Devantaka,en-US
Ruines de Dunyu,Dunyu Ruins,en-US
Ruínas de Dunyu,Dunyu Ruins,en-US
Ruínas do Mercado de Guili,Ruins of Guili,en-US
Río del valle olvidado,The Forgotten River Valley,en-US
Rückgrat des Luftschiffs,Spine of the Skyship,en-US
Rüzgar Şehri,The City of Wind,en-US
Rüzgaresen Ovası,Windswept Wilderness,en-US
Rüzgarlı Fırtına Bulutlarının Toplandığı Yer,Where Swirling Storm Clouds Gather,en-US
Rüzgarın Aşındırdığı Vadinin Devi,The Giant of the Wind-Eroded Valley,en-US
Rıhtımın Üstünde Sıra Sıra Bulutlar,The Clouds Cascade Around the Wharf,en-US
Rừng thánh dưới ánh trăng,The Sacred Forest in the Moonlight,en-US
Rừng Đá Sương Mù,Mist-Veiled Stone Forest,en-US
Saf Buz Kazı Alanı,Prime Ice Excavation Site,en-US
Sahildeki Parşömen,Scroll on the Shore,en-US
Sai Lầm Mới Sinh,Neonate Aberration,en-US
Sakin Balıkçı Köyü,The Silent Fishing Village,en-US
Sala de la Coronación,Khaj-Nisut,en-US
Sala de los mil pilares,Hall of a Thousand Pillars,en-US
Sala dei Mille pilastri,Hall of a Thousand Pillars,en-US
Sala del valore echeggiante,Hall of Resounding Valor,en-US
Sala delle Erbe,Herb-Housing Hall,en-US
Sala di pietra dei pilastri di cristallo mutevoli,Stone Chamber of Shifting Crystal Pillars,en-US
Salice piangente acquatico di Érinnyes,Erinnyes's Watery Weeping Willow,en-US
Salle de la valeur retentissante,Hall of Resounding Valor,en-US
Salão da Bravura Retumbante,Hall of Resounding Valor,en-US
Salão da Hierofania,Khaj-Nisut,en-US
Salão de Pilares,The Court of Pillars,en-US
Salão do Barqueiro,The Boatman's Song-House,en-US
Salão dos Mil Pilares,Hall of a Thousand Pillars,en-US
Salón del valor retumbante,Hall of Resounding Valor,en-US
Sammelpunkt von Schiffen und Händlern,Where Merchants Flock And All Ships Dock,en-US
"Sanctuaire de Narukami, Mont Yougou","Grand Narukami Shrine, Mt. Yougou",en-US
Santuari della collina solitaria,Desolate Foothill Shrines,en-US
Santuario de vida,Sanctuary of Life,en-US
Santuario della Vita,Sanctuary of Life,en-US
Santuário da Vida,Sanctuary of Life,en-US
Santuários Desolados no Sopé,Desolate Foothill Shrines,en-US
Sarhoşun Gemisi,The Drunkard's Ship,en-US
Satellite flottant parmi les nuages,Satellite Floating Amongst the Clouds,en-US
Satellite tra le nuvole,Satellite Floating Amongst the Clouds,en-US
Satélite Flutuando Entre as Nuvens,Satellite Floating Amongst the Clouds,en-US
Satélite que flota entre las nubes,Satellite Floating Amongst the Clouds,en-US
Sauce llorón aguamarino de Erinias,Erinnyes's Watery Weeping Willow,en-US
Savaşçıların Denizci Şarkıları Söylediği Yer,Where Warriors Sing the Sea Shanties,en-US
Savaşın Alevleri Arasındaki Gelgit Düzlüğü,Tidal Flat Amidst the Flames of War,en-US
Scenario nelle profondità di Elynas,Scenery Within Elynas' Depths,en-US
Scenario nelle profondità recondite di Elynas,Scenery Within Elynas' Deepest Depths,en-US
Schatten der Harmonie,Harmony's Shadow,en-US
Schiff der Beschwipstheit,The Drunkard's Ship,en-US
Schilf im Moor,Marsh of Rustling Reeds,en-US
Schlachtfeld des Sieges und des Ruhms,Arena of Glory and Triumph,en-US
Schneebedeckten Kronländer,Snow-Entombed Crownlands,en-US
Schutzraum Null,Bunker No. 0,en-US
Schwebende Steinkrone des himmlischen Feuers,Floating Rock Skyfire Circlet,en-US
Sedefli Saray,The Pearlescent Palace,en-US
Sementeira dos Sonhos Perdidos,Nursery of Lost Dreams,en-US
Sentieri di Laixin,Trails of Laixin,en-US
Senzapioggia,The Rain's End,en-US
Sepultura de la corona enterrada en la nieve,Snow-Entombed Crownlands,en-US
Sessiz Sığlıklar,Silent Shallows,en-US
Sessiz Taş Çemberi,Silent Stone Circle,en-US
Sessiz Çorak Topraklar,Silent Barrens,en-US
Sis Kaplı Taş Ormanı,Mist-Veiled Stone Forest,en-US
Sisli Adanın Gizemli Çukuru,Mystery Pit of the Misty Isle,en-US
Site cérémoniel perdu,Lost Ceremonial Site,en-US
Site cérémoniel perdu dans la pénombre de la nuit,Ceremonial Site Lost in Night's Dim Light,en-US
Site d'excavation de glace primale,Prime Ice Excavation Site,en-US
Sito cerimoniale nella luce fievole della notte,Ceremonial Site Lost in Night's Dim Light,en-US
Sito cerimoniale perduto,Lost Ceremonial Site,en-US
Sito di scavo del Ghiaccio sublime,Prime Ice Excavation Site,en-US
Snodo ferroviario centrale,Central Railway Hub,en-US
Sogno della balena di ferro,Iron Whale's Dream,en-US
Solucan Tünelleri,Wenut Tunnels,en-US
Soluk Altın Sahnesi,Stage of Faded Gold,en-US
Soluk Hayatlar Bahçesi,The Court of Withered Life,en-US
Sombra de Aaru,Aaru's Shut,en-US
Sombras en Laixin,Trails of Laixin,en-US
Sombras impuras y aguas turbias,Land of Corroded Shadows and Tainted Currents,en-US
Sombre da Harmonia,Harmony's Shadow,en-US
Sonho da Baleia de Ferro,Iron Whale's Dream,en-US
Sonniger Himmel über Xuanlian,Clear Skies Over Xuanlian,en-US
Sonsuz Huzur Cenneti,The Paradise of Eternal Peace,en-US
Sorgenti termali di Fontaine,"""Fontaine Hot Springs""",en-US
Sospesi sulle vette,Canopy of the Clifftops,en-US
"Spalt, in dem die Ruinen schlafen",The Gap of the Hidden Ruins,en-US
Splendore crepuscolare di Bishui,Bishui's Twilight Luster,en-US
Sprossen in der Baumschule,The Garden's New Sprouts,en-US
Spuren einst glänzender Intelligenz,The Remnants of Brilliant Wisdom,en-US
Spuren von Laixin,Trails of Laixin,en-US
Stadt der Weisheit auf den Baumwipfeln,The City Above the Forest,en-US
Stammeslager der Tanit,The Tanit Encampment,en-US
Steinkammer der sich verschiebenden Kristallsäulen,Stone Chamber of Shifting Crystal Pillars,en-US
Stille Steinreihe,Silent Stone Circle,en-US
Stille Untiefen,Silent Shallows,en-US
Stille Ödlande,Silent Barrens,en-US
Storia documentata,The Story Recorded,en-US
Strada piacevole,Pleasant Street,en-US
Stählerne Festung,Fortress of Steel,en-US
Stätte der gebrochenen Beine der Riesen,Where a Titan's Shins Were Broken,en-US
Stätte der wirbelnden Sturmwolken,Where Swirling Storm Clouds Gather,en-US
Su Ulusu,Sourcewater Nation,en-US
Subúrbios - Cidade de Inazuma,"Suburbs, Inazuma City",en-US
Sueño de la ballena férrea,Iron Whale's Dream,en-US
Sulara Gömülen İhtişam,Sunken Glory,en-US
Surplomb de la tête de serpent,Overlooking Serpent Head,en-US
Suối Nước Nóng Fontaine,"""Fontaine Hot Springs""",en-US
Sân Khấu Hoàng Kim Phai Màu,Stage of Faded Gold,en-US
Sân Đình Trầm Ngọc,Jade Court in Chenyu,en-US
Sönmeyen Alevin Kutsal Dağı,Sacred Mountain of the Undying Flame,en-US
Sürgünler Denizi,A Sea of Exile,en-US
Sütun Bahçesi,The Court of Pillars,en-US
Sınır Kasabası,Border Town,en-US
Sığınak No. 0,Bunker No. 0,en-US
Sảnh Điện Suối Khô,The Court of Dried Springs,en-US
Sảnh Điện Úa Tàn,The Court of Withered Life,en-US
Sảnh Đường Của Sương Trắng Và Suối Nguồn,Court of Dew and Springs,en-US
Sảnh Đường Thuốc,Herb-Housing Hall,en-US
Sảnh Đường Vang Vọng Chiến Ca,Hall of Resounding Valor,en-US
Sảnh Đường Yên Nghỉ,Domus Requiem,en-US
Tablero de los Dioses,Safhe Shatranj,en-US
Tal der Unbefleckten,Valley of the Unsullied,en-US
Tal der bunten Schmetterlinge,Valley of Vibrant Butterflies,en-US
Tal der feurigen Gefieder,Fiery Plumage Valley,en-US
Tanit Kampı,The Tanit Encampment,en-US
Tanrıların Bile Terk Ettiği Tapınak,The Palace Abandoned by the Gods,en-US
Tarımın ve Verimliliğin Bereketli Diyarı,A Bountiful Land of Farming and Fecundity,en-US
Tatara Adaları Gözlem Yeri,Tatara Islands' Vantage Point,en-US
Tausend Gipfel von Jueyun,Where Mountains Peak Beyond the Clouds,en-US
Tausend vergrabene Kammern,The Thousands of Entombed Chambers,en-US
Tavşan Deliğindeki Harikalar Diyarı,Wonderland in the Rabbit Hole,en-US
Taş ve Dikenli Armut Mağarası,Cavern of Stone and Prickly Pears,en-US
Tempel der Vorfahren aus alter Zeit,Temple of Ancient Forebears,en-US
Tempel der begrabenen Autorität,The Temple of Buried Dominion,en-US
Tempio antico dei Mille Venti,Ancient Thousand Winds Temple,en-US
Tempio degli antichi antenati,Temple of Ancient Forebears,en-US
Tempio del Predominio sepolto,The Temple of Buried Dominion,en-US
Temple des ancêtres d'antan,Temple of Ancient Forebears,en-US
Templo de lo inerte,The Court of Withered Life,en-US
Templo de los manantiales dulces,The Court of Dried Springs,en-US
Templo del poder sepultado,The Temple of Buried Dominion,en-US
Templo dos Antepassados Antigos,Temple of Ancient Forebears,en-US
Templo secreto en las fauces cavernarias,Cave-Engulfed Palace,en-US
Temporäres Hauptquartier der Fatui-Expedition,Ad-Hoc Headquarters of the Fatui Expeditionary Force,en-US
Tenryou - Cidade de Inazuma,"Tenryou, Inazuma City",en-US
"Tenryou, Città d'Inazuma","Tenryou, Inazuma City",en-US
"Tenryou, Cité d'Inazuma","Tenryou, Inazuma City",en-US
"Tenryou, Inazuma","Tenryou, Inazuma City",en-US
"Tenryou, Inazuma Şehri","Tenryou, Inazuma City",en-US
Tenuta dell'alba,Manor of Daybreak,en-US
Tepede Bir Ev,A Home in the Hills,en-US
Tepedeki Nektar Zulası,A Hilly Hidey-Hole for Nectar,en-US
Tepeden Yılan Başı,Overlooking Serpent Head,en-US
Terk Edilmiş Demirci Ocağı,Forge of the Abandoned Foundry,en-US
Terminal Ferroviário Central,Central Railway Hub,en-US
Terra das Sombras Corroídas e Correntes Contaminadas,Land of Corroded Shadows and Tainted Currents,en-US
Terra das Tempestades Furiosas,Land of Raging Storms,en-US
Terra das Águas Termais Calmas,Land of Clear Springs,en-US
Terra de Mawtiyima,The Land of Mawtiyima,en-US
Terra de Muitos Ecos,Land of Many Echoes,en-US
Terra dei Mille Echi,Land of Many Echoes,en-US
Terra delle limpide sorgenti,Land of Clear Springs,en-US
Terra delle ombre corrotte e delle correnti contaminate,Land of Corroded Shadows and Tainted Currents,en-US
Terra delle tempeste furiose,Land of Raging Storms,en-US
Terrain d'épreuve des esprits errants,Trial Grounds of Restive Nightsouls,en-US
Terras da Coroa Sepultada na Neve,Snow-Entombed Crownlands,en-US
Terrasse Yujing,Yujing Terrace,en-US
Terraza Yujing,Yujing Terrace,en-US
Terraço de Yujing,Yujing Terrace,en-US
Terre aux multiples échos,Land of Many Echoes,en-US
Terre d'ombres corrodées et de courants corrompus,Land of Corroded Shadows and Tainted Currents,en-US
Terre delle corone sepolte dalla neve,Snow-Entombed Crownlands,en-US
Terreni di prova delle Anime della Notte irrequiete,Trial Grounds of Restive Nightsouls,en-US
Terres du vent,Windswept Wilderness,en-US
Territoire du grand champignon,The Great Mushroom's Place,en-US
Territorio de los hongos gigantes,The Great Mushroom's Place,en-US
Território dos cogumelos gigantes,The Great Mushroom's Place,en-US
Ters Duran Şehir,The Inverted City,en-US
Tesouro Varuna,Varunastra,en-US
Tezcatepetonco Dağı'nın Ufku,Before the Tezcatepetonco Range,en-US
Tham Chiếu Lẻ Tẻ,Scattered References,en-US
Thamud Vahası,Thamud Oasis,en-US
Thamud-Oase,Thamud Oasis,en-US
Thanh Khư Cô Lâu,Qingxu's Forsaken Tower,en-US
Thiên Phong Thần Điện Cổ Xưa,Ancient Thousand Winds Temple,en-US
Thung Lũng Bươm Bướm Rợp Trời,Valley of Vibrant Butterflies,en-US
Thung Lũng Bị Lãng Quên,The Forgotten River Valley,en-US
Thung Lũng Khinh Sách Sơn,A Home in the Hills,en-US
Thung Lũng Lá Đỏ Như Cánh Cháy,Fiery Plumage Valley,en-US
Thành Cũ Quy Li,Ruins of Guili,en-US
Thành Cổ Từng Bị Phong Ấn,Once-Sealed Ancient City,en-US
Thành Cổ Đảo Ngược,The Inverted City,en-US
Thành Inazuma - Ngoại Ô,"Suburbs, Inazuma City",en-US
Thành Lũy Của Những Kẻ Ngốc,Citadel of Fools,en-US
Thành Phố Của Gió,The City of Wind,en-US
Thành Phố Hội Tụ Mọi Trí Tuệ,The City Where All Wisdom Resides,en-US
Thành Phố Tro Tàn Dở Dang,The Unfinished Ashen City,en-US
Thành Phố Trên Khu Rừng,The City Above the Forest,en-US
Thành Phố Vĩnh Hằng Ngủ Yên,Slumbering Eternal City,en-US
Tháp Cao Của Cát Nóng Và Mặt Trời,Pavilion of Scorching Sands and Blazing Sun,en-US
Tháp Mô Thức,Tower of Gestalt,en-US
Tháp Trắng Khổng Lồ Sụp Đổ,Collapse of the White Tower,en-US
Tháp Vọng Cỗ Xe,Vigilant Guardians' Vantage Point,en-US
Thôn Làng Cư Dân Đáy Biển,Village of the People of the Deep,en-US
Thôn Làng Cạnh Bờ Sông,The Village by the River,en-US
Thần Điện Bị Thần Lãng Quên,The Palace Abandoned by the Gods,en-US
Thần Điện Mất Uy Nghiêm,The Temple of Buried Dominion,en-US
Thế Giới Của Aranara,The World of the Aranara,en-US
Thị Trấn Dưới Đá,The Town in the Rock,en-US
Thị Trấn Nối Liền Vùng Biên Giới,Borderlands Town,en-US
Thị Trấn Vùng Biên,Border Town,en-US
Tierra azotada por tormentas,Land of Raging Storms,en-US
Tierra de nadie,Plane of Pure Desolation,en-US
Tinh Mơ Tại Vùng Núi Beryl,"""Morning in the Beryl Mountains, Clear Weather""",en-US
Tiên Cảnh Trong Hang Thỏ,Wonderland in the Rabbit Hole,en-US
Tiên Đình Bị Quên Lãng,Palaces of Times Bygone,en-US
Tocha do Juramento,Light of Oaths Sworn,en-US
Toprağa Gömülü Hakimiyet Tapınağı,The Temple of Buried Dominion,en-US
Tor der ewigen Wehmut,Gate of Everlasting Mourning,en-US
Torre Perfurando o Céu,Tower Piercing into the Sky,en-US
Torre Solitária de Qingxu,Qingxu's Forsaken Tower,en-US
Torre che perfora il cielo,Tower Piercing into the Sky,en-US
Torre de Gestalt,Tower of Gestalt,en-US
Torre de la Gestalt,Tower of Gestalt,en-US
Torre dell'oblio di Qingxu,Qingxu's Forsaken Tower,en-US
Torre della Gestalt,Tower of Gestalt,en-US
Torre solitaria de Chingxu,Qingxu's Forsaken Tower,en-US
Torres da Traição,Towers of Betrayal,en-US
Torri del tradimento,Towers of Betrayal,en-US
Tour solitaire de Qingxu,Qingxu's Forsaken Tower,en-US
Tours de trahison,Towers of Betrayal,en-US
Tra la nebbia macchiata d'inchiostro,Amidst the Ink-Tinged Mist,en-US
Tra le cime dipinte,Among the Painted Peaks,en-US
Trang Viên Ban Mai,Manor of Daybreak,en-US
Traum vom Eisenwal,Iron Whale's Dream,en-US
Traumlose Baumschule,Nursery of Lost Dreams,en-US
Tri Thức Của Dòng Chảy Lửa,Fiery Flowing Sea of Sentience,en-US
Trilhas de Laixin,Trails of Laixin,en-US
Trung Tâm Đường Sắt,Central Railway Hub,en-US
Truyền Thuyết Tươi Đẹp Của Petrichor,The Lovely Legends of Petrichor,en-US
Trái Tim Mặt Trăng,Heart of the Moon,en-US
Tränenerfüllter Garten,Weeping Garden,en-US
Trông Về Vùng Đất Xanh Tươi,Verdant Fields' Vantage Point,en-US
Trümmer zerplatzter Träume,The Wreck of Shattered Dreams,en-US
Tsurumi,Tsurumi Island,en-US
Tsurumi Adası,Tsurumi Island,en-US
Tu Viện Thất Lạc,The Lost Hermitage,en-US
Tumba naval,Graveyard of Ships,en-US
Tunnel bloqué,The Blocked Path,en-US
Turm der Gestalt,Tower of Gestalt,en-US
Tuần Ngọc Cổ Lăng,Dunyu Ruins,en-US
Tàn Tích Khu Vườn Xưa,Remnants of the Ancient Orchard,en-US
Tòa Tháp Phản Bội,Towers of Betrayal,en-US
Tòa Tháp Xuyên Qua Bầu Trời,Tower Piercing into the Sky,en-US
Tùng Cổ Trên Đỉnh Hoang Mạc,Elder Pine Atop the Wastes,en-US
Túnel bloqueado,The Blocked Path,en-US
Túnel do Verme da Areia,Wenut Tunnels,en-US
Túneles de Wenut,Wenut Tunnels,en-US
"Tüccarların Cirit, Tüm Gemilerin Demir Attığı Yer",Where Merchants Flock And All Ships Dock,en-US
Tüm Bilgeliğin Bulunduğu Şehir,The City Where All Wisdom Resides,en-US
Tüylerin Çiçekler Gibi Sarmalandığı Yer,Where Feathers Are Intertwined Like Flowers,en-US
Tận Cùng Cơn Mưa,The Rain's End,en-US
Tế Đàn Cô Đọng,Condensed Altar,en-US
Tịnh Thổ Mênh Mông Không Bóng Người,Plane of Pure Desolation,en-US
Tổng Bộ Tạm Thời Của Đội Viễn Chinh Fatui,Ad-Hoc Headquarters of the Fatui Expeditionary Force,en-US
Um Farol na Longa Noite,Beacon in the Long Night,en-US
Um Mar de Exílio,A Sea of Exile,en-US
Um Olhar Para as Estrelas,A Gaze Toward the Stars,en-US
Um Olhar Sobre o Mundo,A Gaze Upon the World,en-US
Um Porto Distante,A Distant Harbor,en-US
Uma Fenda no Coração,A Hollow in the Heart,en-US
Uma Gota no Oceano,A Drop in the Ocean,en-US
Uma Mansão Solitária Contra a Nevasca,A Lonely Mansion Against the Whiteout,en-US
Uma Terra de Agricultura e Fertilidade Abundante,A Bountiful Land of Farming and Fecundity,en-US
Un agujero en el corazón,A Hollow in the Heart,en-US
Un ciel bleu sur Xuanlian,Clear Skies Over Xuanlian,en-US
Un cimetière de navires,Graveyard of Ships,en-US
Un hogar entre montañas,A Home in the Hills,en-US
Un manoir isolé face au blizzard,A Lonely Mansion Against the Whiteout,en-US
Un mare d'esili,A Sea of Exile,en-US
Un minuscule rêve,The Littlest Dream,en-US
Un nascondiglio montano per il nettare,A Hilly Hidey-Hole for Nectar,en-US
Un pacte d'antan,Ancient Pact,en-US
Un país de las maravillas a través de la madriguera de conejo,Wonderland in the Rabbit Hole,en-US
Un pequeño sueño,The Littlest Dream,en-US
Un phare dans la longue nuit,Beacon in the Long Night,en-US
Un piccolo sogno,The Littlest Dream,en-US
Un port lointain,A Distant Harbor,en-US
Un porto remoto,A Distant Harbor,en-US
Un regard sur le monde,A Gaze Upon the World,en-US
Un regard vers les étoiles,A Gaze Toward the Stars,en-US
Un trou dans le cœur,A Hollow in the Heart,en-US
Un vuoto nel cuore,A Hollow in the Heart,en-US
Una casa tra le colline,A Home in the Hills,en-US
Una goccia nell'oceano,A Drop in the Ocean,en-US
Una gota en el océano,A Drop in the Ocean,en-US
Una historia registrada,The Story Recorded,en-US
Una luz en la larga noche,Beacon in the Long Night,en-US
Una mañana soleada en las Montañas Berilo,"""Morning in the Beryl Mountains, Clear Weather""",en-US
Una mirada dirigida al mundo,A Gaze Upon the World,en-US
Una notte di danze spensierate,A Night of Uninhibited Dance,en-US
Una terra generosa di raccolti e fertilità,A Bountiful Land of Farming and Fecundity,en-US
Una tierra de abundancia y fertilidad,A Bountiful Land of Farming and Fecundity,en-US
Una vastedad infinitesimal,Of Vastness and the Infinitesimal,en-US
Una villa solitaria nella tormenta di neve,A Lonely Mansion Against the Whiteout,en-US
Unablässiger Sandsturm des Damavand-Bergs,"Mt. Damavand, Where Sandstorms Never Cease",en-US
Une ancienne cité autrefois scellée,Once-Sealed Ancient City,en-US
Une cachette en montagne pour du nectar,A Hilly Hidey-Hole for Nectar,en-US
Une caverne mangeuse d'océan,Seaworn Cavern,en-US
Une cour sous le clair de lune,Moon-Bathed Courtyard,en-US
Une gloire engloutie,Sunken Glory,en-US
Une maison mousseuse,Foamy Home,en-US
Une mer d'exil,A Sea of Exile,en-US
Une nuit de danse joyeuse,A Night of Uninhibited Dance,en-US
Une terre fertile et agricole,A Bountiful Land of Farming and Fecundity,en-US
Une tour perçant le ciel,Tower Piercing into the Sky,en-US
Ungesehenes Paradies,Plane of Pure Desolation,en-US
Uno sguardo sul mondo,A Gaze Upon the World,en-US
Uno sguardo verso le stelle,A Gaze Toward the Stars,en-US
Unterirdische Gewässer,Underground Waterway,en-US
Unterirdische Minen,The Underground Mines,en-US
Unutulmuş Kılıç Mezarlığı,Forgotten Sword Cemetery,en-US
Unutulmuş Nehir Vadisi,The Forgotten River Valley,en-US
Uralte Kiefer auf dem Gipfel der Einöde,Elder Pine Atop the Wastes,en-US
Ureis-Ausgrabungsstätte,Prime Ice Excavation Site,en-US
Uy Thế Vương Sơn,Past Glories of Wangshan,en-US
Uyuyan Sonsuz Şehir,Slumbering Eternal City,en-US
Uzak Bir Liman,A Distant Harbor,en-US
Uzak Kuzeyin Yankıları,Echoes of the Far North,en-US
Uzun Gecenin Lambası,Beacon in the Long Night,en-US
Uç Diyar Kasabası,Borderlands Town,en-US
Uçan Kaya Gök Alevi Tacı,Floating Rock Skyfire Circlet,en-US
Uçurumlu Tepeler,Canopy of the Clifftops,en-US
Uğuldayan Rüzgarların Terk Edilmiş Başkenti,Abandoned Capital of Howling Winds,en-US
Vaisseau lunaire,Moonbound Ship,en-US
Vale Livre de Desgraças,Valley of the Unsullied,en-US
Vale da Fissura - Ilha Yashiori,"Rift Valley, Yashiori Island",en-US
Vale das Borboletas Vibrantes,Valley of Vibrant Butterflies,en-US
Vale das Plumas Flamejantes,Fiery Plumage Valley,en-US
Valle de las mariposas revoloteantes,Valley of Vibrant Butterflies,en-US
Valle degli immacolati,Valley of the Unsullied,en-US
Valle del Fiume dimenticato,The Forgotten River Valley,en-US
Valle del piumaggio ardente,Fiery Plumage Valley,en-US
Valle di Variopinte Farfalle,Valley of Vibrant Butterflies,en-US
Valle libre de miserias,Valley of the Unsullied,en-US
"Vallée de la fosse, Île de Yashiori","Rift Valley, Yashiori Island",en-US
Vallée libre de toute souillure,Valley of the Unsullied,en-US
"Vanguardia, Kannazuka","Front Line, Kannazuka",en-US
Vascello pronto all'allunaggio,Moonbound Ship,en-US
Vecchio Cuore di Chu'ulel,Old Core of Chu'ulel,en-US
Verborgene Siedlung der Feen,Fae's Hidden Settlement,en-US
Vereinzelte Wolken über dem Meer,A Drop in the Ocean,en-US
Vergangener Glanz von Wangshan,Past Glories of Wangshan,en-US
Vergessenes Flusstal,The Forgotten River Valley,en-US
Verlassene Stadt der heulenden Winde,Abandoned Capital of Howling Winds,en-US
Verlassene Tempel am Fuße des Berges,Desolate Foothill Shrines,en-US
Verlorener Einsiedlerpalast,The Lost Hermitage,en-US
Verlorener Zeremonienaltar,Lost Ceremonial Site,en-US
Versammlungsort der Arzneibehälter,Herb-Housing Hall,en-US
Verstreute Anhaltspunkte,Scattered References,en-US
Versunkener Ruhm,Sunken Glory,en-US
Vestiges de Guili,Ruins of Guili,en-US
Vestigios de los antiguos vergeles,Remnants of the Ancient Orchard,en-US
Vestígios do Antigo Pomar,Remnants of the Ancient Orchard,en-US
Vila do Povo das Profundezas,Village of the People of the Deep,en-US
Village au bord de la rivière,The Village by the River,en-US
Villaggio del popolo degli abissi,Village of the People of the Deep,en-US
Villaggio silenzioso di pescatori,The Silent Fishing Village,en-US
Villaggio sulla costa,"""The Seaside Village""",en-US
Ville au-dessus de la forêt,The City Above the Forest,en-US
Ville de cendres inachevée,The Unfinished Ashen City,en-US
Ville frontalière,Border Town,en-US
Ville inversée,The Inverted City,en-US
Vinh Quang Dưới Nước,Sunken Glory,en-US
Vista dal Monte Automnequi,"""View From Mont Automnequi""",en-US
Vivaio dei sogni perduti,Nursery of Lost Dreams,en-US
Vom Amrita gehegtes Nest,Amrita-Nourished Nest,en-US
Vom Wind gepeitschte Wildnis,Windswept Wilderness,en-US
Von den Göttern verlassener Tempel,The Palace Abandoned by the Gods,en-US
Vor der großen Kluft,Beyond the Chasm,en-US
Vororte von Inazuma,"Suburbs, Inazuma City",en-US
Voûte des falaises,Canopy of the Clifftops,en-US
Vue de la surface du Gouffre,View from The Chasm's Surface,en-US
Vung Tay Thành Chữ,The Moving Finger Writes,en-US
Vòng Thiên Hỏa Lơ Lửng,Floating Rock Skyfire Circlet,en-US
Vùng Biển Lưu Đày,A Sea of Exile,en-US
Vùng Hoang Vu Gió Cát,The Barren Land Where Sand Dances,en-US
Vùng Đất Bão Táp,Land of Raging Storms,en-US
Vùng Đất Của Bóng Mòn Và Nước Đục,Land of Corroded Shadows and Tainted Currents,en-US
Vùng Đất Của Tiếng Vang Vọng Mãi,Land of Many Echoes,en-US
Vùng Đất Của Trồng Trọt Và Màu Mỡ,A Bountiful Land of Farming and Fecundity,en-US
Vùng Đất Mawtiyima,The Land of Mawtiyima,en-US
Vùng Đất Nấm Lớn,The Great Mushroom's Place,en-US
Vũ Điệu Erinnyes,Erinnyes' Whirling Dance,en-US
Vương Quốc Narzissenkreuz,"""Narzissenkreuz Kingdom""",en-US
Vương Quốc Nước Nguồn,Sourcewater Nation,en-US
Vườn Ươm Giấc Mơ Thất Lạc,Nursery of Lost Dreams,en-US
Vết Nứt Di Tích Bí Ẩn,The Gap of the Hidden Ruins,en-US
Vệ Tinh Nổi Trên Mây,Satellite Floating Amongst the Clouds,en-US
Vịnh Hè Bên Dòng Chảy,Summer Bay by the Sea,en-US
Vực Tắm Trăng,The Moon-Bathed Deep,en-US
Wangshan ที่ยังคงน่าเกรงขาม,Past Glories of Wangshan,en-US
Wangshan'ın Eski Görkemi,Past Glories of Wangshan,en-US
Warme Strömungen an der Sommerbucht,Summer Bay by the Sea,en-US
Wattenmeer inmitten der Flammen des Krieges,Tidal Flat Amidst the Flames of War,en-US
Welt der Aranara,The World of the Aranara,en-US
Wenut-Tunnel,Wenut Tunnels,en-US
Werkstatt Kling-Klang,"Clinky, Clanky Craftshop",en-US
Wirbelwindtanz Erinnyes’,Erinnyes' Whirling Dance,en-US
Wo Federn gebunden werden wie Blumen,Where Feathers Are Intertwined Like Flowers,en-US
Wo Hang auf gefangenen Blitz trifft,Where Slope Meets Captured Lightning,en-US
Wo Krieger ihre Meereslieder schmettern,Where Warriors Sing the Sea Shanties,en-US
Wo Tänzer und Sänger ihre Träume weben,Where Dancers and Singers Weave Their Dreams,en-US
Wo das Morgenlicht erneut erstrahlt,Where the First Dawn Breaks,en-US
Wo die Trauer im Eis begraben liegt,Where Frost Entombs All Sorrows,en-US
Wo dunkle Fluten widerhallen,Where Dark Tides Echo,en-US
Wunderland im Kaninchenbau,Wonderland in the Rabbit Hole,en-US
Xuanlian'da Açık Gökyüzü,Clear Skies Over Xuanlian,en-US
Xà thần vọng nguyệt,Overlooking Serpent Head,en-US
Xương Sống Của Khoang Trời,Spine of the Skyship,en-US
Xưởng Clink-Clank,"Clinky, Clanky Craftshop",en-US
Yakalanan Yıldırımın Yamaçla Buluştuğu Yer,Where Slope Meets Captured Lightning,en-US
Yalnızca Çanların Çaldığı Yer,Where Only the Bell Tolls,en-US
Yamaçtaki Metruk Tapınaklar,Desolate Foothill Shrines,en-US
Yankılanan Kahramanlık Salonu,Hall of Resounding Valor,en-US
Yankıların Diyarı,Land of Many Echoes,en-US
Yarım Kalan Kül Şehir,The Unfinished Ashen City,en-US
Yağmurun Sonu,The Rain's End,en-US
Yaşam Mabedi,Sanctuary of Life,en-US
Yeminlerin Resmi,Mural of Sworn Pledges,en-US
Yeni Doğan Anomali,Neonate Aberration,en-US
Yeni Dünyanın Başlangıcı,New World's Prelude,en-US
Yer Altı Madenleri,The Underground Mines,en-US
Yer Altı Su Kanalı,Underground Waterway,en-US
Yer Altında Binlerce Oda,The Thousands of Entombed Chambers,en-US
Yeşil Çayırların Gözlem Noktası,Verdant Fields' Vantage Point,en-US
"Yilong-Pier, zwischen Wolken und Wasserfall",The Clouds Cascade Around the Wharf,en-US
Yoğun Sunak,Condensed Altar,en-US
Yujing Terası,Yujing Terrace,en-US
Yujing-Terrasse,Yujing Terrace,en-US
Yüce Ağacın Bereketi,Mother Tree of Fruitful Plenty,en-US
Yüksek Duvarın Altındaki Sınır,The Frontier Beneath the High Wall,en-US
Yürüyen Parmak Yazar,The Moving Finger Writes,en-US
Yıldızlara Doğru Bir Bakış,A Gaze Toward the Stars,en-US
Yıpranmış Gölgelerin ve Lekeli Akıntıların Diyarı,Land of Corroded Shadows and Tainted Currents,en-US
Zentraler Eisenbahnknotenpunkt,Central Railway Hub,en-US
Zentrum einer Blutlinie,Bloodline's Control Hub,en-US
Zeremonienaltar der nächtlichen Irrwege,Ceremonial Site Lost in Night's Dim Light,en-US
Zitadelle der Fatui,Citadel of Fools,en-US
Zuflucht der Wüstenabkömmlinge,Refugee Shelters,en-US
Zuflucht der dunklen Materie,Shelter of the Blackbody,en-US
Zuflucht des Lebens,Sanctuary of Life,en-US
« Le prochain périple »,"""The Next Journey""",en-US
« Le village balnéaire »,"""The Seaside Village""",en-US
« Matin clair dans les Montagnes de béryl »,"""Morning in the Beryl Mountains, Clear Weather""",en-US
« Sources chaudes de Fontaine »,"""Fontaine Hot Springs""",en-US
« Souvenirs du Mont Esus »,"""Memories of Mont Esus""",en-US
« Vue du Mont Automnéqui »,"""View From Mont Automnequi""",en-US
«Вид с горы Мон Атонеки»,"""View From Mont Automnequi""",en-US
«Воспоминания предгорья Эсус»,"""Memories of Mont Esus""",en-US
«Горячие источники Фонтейна»,"""Fontaine Hot Springs""",en-US
«Деревня у моря»,"""The Seaside Village""",en-US
«Королевство Нарциссенкрейц»,"""Narzissenkreuz Kingdom""",en-US
«Оратрис Меканик д'Анализ Кардиналь»,"""Oratrice Mecanique d'Analyse Cardinale""",en-US
«Ясное утро в горах Берилл»,"""Morning in the Beryl Mountains, Clear Weather""",en-US
Ánh Mắt Ngắm Trời Sao,A Gaze Toward the Stars,en-US
Ánh Nhìn Hướng Về Thế Giới,A Gaze Upon the World,en-US
Árbol de luz de luna,Moonlit Tree,en-US
Área de Escavação de Gelo Puro,Prime Ice Excavation Site,en-US
Árvore Banhada pela Luz da Lua,Moonlit Tree,en-US
Árvore-Mãe da Fartura Frutífera,Mother Tree of Fruitful Plenty,en-US
Çelikten Kale,Fortress of Steel,en-US
Çiy ve Pınarlar Şehri,Court of Dew and Springs,en-US
Çorak Arazideki Asırlık Çam,Elder Pine Atop the Wastes,en-US
Çın Çın Atölyesi,"Clinky, Clanky Craftshop",en-US
Épingles de roche entrelacées de runes dorées,Pins of Rock Entwined With Golden Runes,en-US
Île de Tsurumi,Tsurumi Island,en-US
Ödland der tanzenden Sande,The Barren Land Where Sand Dances,en-US
Öfkeli Fırtınalar Diyarı,Land of Raging Storms,en-US
"Ön Cephe, Kannazuka","Front Line, Kannazuka",en-US
Überreste des alten Gartens,Remnants of the Ancient Orchard,en-US
Đinh Đá Văn Tự Vàng Quẩn Quanh,Pins of Rock Entwined With Golden Runes,en-US
Điềm Báo Ác Mộng,Nightmare Omen,en-US
Điểm Cuối Của Giấc Mơ Ngày Cũ,The End of An Ancient Dream,en-US
Điện Thiên Trụ,Hall of a Thousand Pillars,en-US
Đêm Khiêu Vũ Bất Tận,A Night of Uninhibited Dance,en-US
Đường Hầm Wenut,Wenut Tunnels,en-US
Đại Giáo Đường Tây Phong,Favonius Cathedral,en-US
Đại Sảnh Không Đáy,The Bottomless Hall,en-US
Đại Trụ Nham Cung,The Court of Pillars,en-US
Đảo Bí Ẩn Lặn Lội Mà Tới,Venture to a Secret Isle,en-US
Đảo Narukami - Đảo Ritou,"Ritou, Narukami Island",en-US
Đảo Tsurumi,Tsurumi Island,en-US
Đảo Yashiori - Thung lũng,"Rift Valley, Yashiori Island",en-US
Đấu Trường Của Dạ Hồn Lang Thang,Trial Grounds of Restive Nightsouls,en-US
Đền Hoang Trên Sườn Núi,Desolate Foothill Shrines,en-US
Địa Điểm Huyền Bí Của Giáo Đoàn Cổ Xưa,Secret Locale of the Ancient Order,en-US
Đồi Cao Xích Vọng,Chiwang Peak,en-US
Đồi Kiếm Không Tên,Forgotten Sword Cemetery,en-US
Đồng Cỏ Lau Nước,Marsh of Rustling Reeds,en-US
Đồng Nội Gió Cuốn,Windswept Wilderness,en-US
Đội Kỵ Sĩ Tây Phong - Thư Viện,Knights of Favonius - Library,en-US
Động Thiên Phục Tiên,Adeptus's Realm of Repose,en-US
İhanet Kuleleri,Towers of Betrayal,en-US
İki Ağaç Arasındaki Liman,The Harbor Betwixt the Two Trees,en-US
İlk Şafağın Söktüğü Yer,Where the First Dawn Breaks,en-US
İnançsızın Yalanları,Lies of the Faithless,en-US
Şafak Malikanesi,Manor of Daybreak,en-US
Şan ve Zafer Arenası,Arena of Glory and Triumph,en-US
Арена славы и триумфа,Arena of Glory and Triumph,en-US
Бассейн для омовения мечей Гухуа,Guhua Sword-Washing Pool,en-US
Башни предательства,Towers of Betrayal,en-US
Башня гештальта,Tower of Gestalt,en-US
"Башня, пронзающая небеса",Tower Piercing into the Sky,en-US
Безбрежное море Гуюнь,A Drop in the Ocean,en-US
Бездонный зал,The Bottomless Hall,en-US
Безжизненная Дар аль-Шифа,Lifeless Dar al-Shifa,en-US
Безлюдные земли,Plane of Pure Desolation,en-US
Безмолвный круг камней,Silent Stone Circle,en-US
Безымянное кладбище мечей,Forgotten Sword Cemetery,en-US
Бесплодная земля танцующих песков,The Barren Land Where Sand Dances,en-US
Болота и тростники,Marsh of Rustling Reeds,en-US
Былая слава Ваншань,Past Glories of Wangshan,en-US
Варунастра,Varunastra,en-US
"Великий храм Наруками, гора Ёго","Grand Narukami Shrine, Mt. Yougou",en-US
Великое граффити Ночного духа,Great Nightspirit Graffiti,en-US
Вершины утёсов,Canopy of the Clifftops,en-US
Вечно пылающее сердце печи,Ever-Burning Hearth Core,en-US
Вечный огонь Священной горы,Sacred Mountain of the Undying Flame,en-US
Вечный спящий город,Slumbering Eternal City,en-US
"Взор, обращённый к звёздам",A Gaze Toward the Stars,en-US
"Взор, обращённый к миру",A Gaze Upon the World,en-US
Вид на зелёные долины,Verdant Fields' Vantage Point,en-US
Владения временной настоятельницы,Where the Provisional Head Priestess Lives,en-US
Вместилище чёрного тела,Shelter of the Blackbody,en-US
Воспоминание об Алькасар-сарае,Memory of Alcazarzaray,en-US
Врата вечной скорби,Gate of Everlasting Mourning,en-US
Временный штаб экспедиционных сил Фатуи,Ad-Hoc Headquarters of the Fatui Expeditionary Force,en-US
Гавань между двумя деревьями,The Harbor Betwixt the Two Trees,en-US
Где разворачивается нарисованный мир,Where the Painted Realm Unfolds,en-US
Гигант изъеденной ветрами долины,The Giant of the Wind-Eroded Valley,en-US
"Гнездо, вскормленное амритой",Amrita-Nourished Nest,en-US
Голова змея над морем,Overlooking Serpent Head,en-US
Голубой канал,The Moonblue Canals,en-US
Гора Тигра,Chihu Rock,en-US
Горн заброшенной мастерской,Forge of the Abandoned Foundry,en-US
Город ветров,The City of Wind,en-US
Город над лесом,The City Above the Forest,en-US
"Город, где обитает вся мудрость",The City Where All Wisdom Resides,en-US
Граница под высокими стенами,The Frontier Beneath the High Wall,en-US
Гробница царя Дешрета,The Mausoleum of King Deshret,en-US
Дальний порт,A Distant Harbor,en-US
Двор лекарственных корзин,Herb-Housing Hall,en-US
Двор рос и родников,Court of Dew and Springs,en-US
Дворцы былых времен,Palaces of Times Bygone,en-US
Девять мировых колонн,Nine Pillars of Peace,en-US
Деревня в камне,The Town in the Rock,en-US
Деревня в приграничье,Borderlands Town,en-US
Деревня народа Бездны,Village of the People of the Deep,en-US
Деревня у реки,The Village by the River,en-US
"Дерево, купающееся в лунном свете",Moonlit Tree,en-US
Долина безупречных,Valley of the Unsullied,en-US
Долина огненных перьев,Fiery Plumage Valley,en-US
Долина ярких бабочек,Valley of Vibrant Butterflies,en-US
"Долина, продуваемая ветром",Windswept Wilderness,en-US
Дом песнопений лодочника,The Boatman's Song-House,en-US
Древнее Ядро Чуулел,Old Core of Chu'ulel,en-US
Древнее поле битвы в ущелье Фуао,The Ancient Battlefield of Fuao Vale,en-US
Древний храм,Temple of Ancient Forebears,en-US
Древняя столица пронзительных ветров,Abandoned Capital of Howling Winds,en-US
Душистое цветение,Blossoms in Fragrant Bloom,en-US
Железнодорожный узел,Central Railway Hub,en-US
Жемчужный дворец,The Pearlescent Palace,en-US
Заблокированная штольня,The Blocked Path,en-US
Забытая долина реки,The Forgotten River Valley,en-US
Забытый город Гуйли,Ruins of Guili,en-US
Загадочная впадина на туманном острове,Mystery Pit of the Misty Isle,en-US
Зал безмятежности,Domus Requiem,en-US
Зал тысячи столпов,Hall of a Thousand Pillars,en-US
Заоблачные вершины,Where Mountains Peak Beyond the Clouds,en-US
Запечатанный древний город,Once-Sealed Ancient City,en-US
Записанная история,The Story Recorded,en-US
Затерянный дворец,The Lost Hermitage,en-US
Звучное эхо,Clarion Echo,en-US
Земли Мотийимы,The Land of Mawtiyima,en-US
Земля бушующих бурь,Land of Raging Storms,en-US
Земля великого гриба,The Great Mushroom's Place,en-US
Земля изобилия,A Bountiful Land of Farming and Fecundity,en-US
Земля погребённой снежной короны,Snow-Entombed Crownlands,en-US
Земля порочных теней и мутных течений,Land of Corroded Shadows and Tainted Currents,en-US
Земля эха,Land of Many Echoes,en-US
Испытательные земли беспокойных ночных душ,Trial Grounds of Restive Nightsouls,en-US
Исход дождя,The Rain's End,en-US
Каменная комната с меняющимися кристаллическими колоннами,Stone Chamber of Shifting Crystal Pillars,en-US
Каменный лес в море облаков,Mist-Veiled Stone Forest,en-US
Каскад облаков над портом Илун,The Clouds Cascade Around the Wharf,en-US
Кладбище кораблей,Graveyard of Ships,en-US
Клетка сокрытия,The Concealing Veil,en-US
"Колосс, наблюдающий за Девантакой",The Colossus Watching Devantaka,en-US
Колыбель родника,Land of Clear Springs,en-US
Колыбель слёз,Weeping Garden,en-US
Конец давней мечты,The End of An Ancient Dream,en-US
Концентрированный алтарь,Condensed Altar,en-US
Корабль пьяницы,The Drunkard's Ship,en-US
Корона парящих камней огненного бедствия,Floating Rock Skyfire Circlet,en-US
Край горячих источников и текущих вод,Home of Hot Springs and Flowing Waters,en-US
Крохотная мечта,The Littlest Dream,en-US
Крушение белой башни,Collapse of the White Tower,en-US
Ледяной дворец Полярной звезды,Glacial Palace of the Polestar,en-US
Летний залив у моря,Summer Bay by the Sea,en-US
Ложь неверующих,Lies of the Faithless,en-US
Лунная бездна,The Moon-Bathed Deep,en-US
Лунная расселина,Moonheart Gap,en-US
Лунный корабль,Moonbound Ship,en-US
Маленький садик Аранаги,Aranaga's Little Garden,en-US
"Мастерская ""Дзынь-Клац""","Clinky, Clanky Craftshop",en-US
Материнское дерево изобилия,Mother Tree of Fruitful Plenty,en-US
Медная крепость,The Copper Keep,en-US
Межгорье Цинцэ,A Home in the Hills,en-US
Мелодия древней раковины,Ancient Conch Melody of Yore,en-US
Мир аранар,The World of the Aranara,en-US
Море изгнания,A Sea of Exile,en-US
Море кораблей и торговцев,Where Merchants Flock And All Ships Dock,en-US
Море расколотого небосвода,Sea of Broken Skies,en-US
Напев северного ветра,The Northerly Wind's Soft Hymn,en-US
Недостроенный пепельный город,The Unfinished Ashen City,en-US
Неутихающая буря над горой Дамаванд,"Mt. Damavand, Where Sandstorms Never Cease",en-US
Нефритовая элегия Бишуй,Jade Elegy of Bishui,en-US
Нефритовое подворье Чэньюй,Jade Court in Chenyu,en-US
Новое заблуждение,Neonate Aberration,en-US
Новые ростки питомника,The Garden's New Sprouts,en-US
Ночлег племени Танит,The Tanit Encampment,en-US
Ночь раскованных танцев,A Night of Uninhibited Dance,en-US
Обет прошлого,Ancient Pact,en-US
Обитель грозовых облаков,Where Swirling Storm Clouds Gather,en-US
Обитель жизни,Sanctuary of Life,en-US
Одинокая башня Цинсю,Qingxu's Forsaken Tower,en-US
"Озеро, оберегающее статую",The Marsh of Celestial Guardians,en-US
Около Разлома,Beyond the Chasm,en-US
Ордо Фавониус: Библиотека,Knights of Favonius - Library,en-US
Оставленный богами храм,The Palace Abandoned by the Gods,en-US
Останки древнего сада,Remnants of the Ancient Orchard,en-US
Остатки великой мудрости,The Remnants of Brilliant Wisdom,en-US
Отголоски крайнего севера,Echoes of the Far North,en-US
Отмель молчания,Silent Shallows,en-US
Отражение Аару,Aaru's Shut,en-US
Парящий среди облаков спутник,Satellite Floating Amongst the Clouds,en-US
Пейзаж в глубинах Элинаса,Scenery Within Elynas' Depths,en-US
Пейзаж в сокровенных глубинах Элинаса,Scenery Within Elynas' Deepest Depths,en-US
Перевёрнутый город,The Inverted City,en-US
Перед кряжем Тецкатепетонко,Before the Tezcatepetonco Range,en-US
"Передний край, Каннадзука","Front Line, Kannazuka",en-US
Пещера безмятежного света,Cavern of Tranquil Light,en-US
Пещера камней и шипогрушей,Cavern of Stone and Prickly Pears,en-US
Пещера морского пожирателя,Seaworn Cavern,en-US
Пещера поющих приливов,Cavern of Melodic Tides,en-US
Пещерный дворец,Cave-Engulfed Palace,en-US
Питомник утраченных грёз,Nursery of Lost Dreams,en-US
Плакучая ива Эриний,Erinnyes's Watery Weeping Willow,en-US
Пламенное море сознания,Fiery Flowing Sea of Sentience,en-US
Плато Чиван,Chiwang Peak,en-US
Плодные воды мира,The World's Amniotic Fluid,en-US
Поверхность Разлома,View from The Chasm's Surface,en-US
Подводная слава,Sunken Glory,en-US
Подземные воды,Underground Waterway,en-US
Подземные шахты,The Underground Mines,en-US
Подлунный двор,Moon-Bathed Courtyard,en-US
"Подножие гор, пленивших молнию",Where Slope Meets Captured Lightning,en-US
Поместье в снежных горах,A Lonely Mansion Against the Whiteout,en-US
Порт тысячи ветров,The Harbor Where a Thousand Winds Converge,en-US
Последнее сокровище Рая,Elysium's Final Treasure,en-US
Потерянный жертвенный алтарь,Lost Ceremonial Site,en-US
"Предгорья, где растёт ночной ветер и загадки",The Foothills Where the Night-Wind and Riddles Grow,en-US
Предзнаменование кошмара,Nightmare Omen,en-US
Предзнаменование нового мира,New World's Prelude,en-US
Прекрасные легенды Петрикора,The Lovely Legends of Petrichor,en-US
"Пригороды, город Инадзума","Suburbs, Inazuma City",en-US
Приграничный город,Border Town,en-US
Приливная равнина в пламени войны,Tidal Flat Amidst the Flames of War,en-US
Пустота в сердце,A Hollow in the Heart,en-US
Пустынный храм Тысячи ветров,Ancient Thousand Winds Temple,en-US
Путешествие к тайному острову,Venture to a Secret Isle,en-US
Путь к Капитолию,Gradus ad Capitolium,en-US
Путь к луне,Pilgrimage to the Moon,en-US
Пятьсот миров в пылинке,Of Vastness and the Infinitesimal,en-US
Радужное озеро,The Iridescent Lake,en-US
Разбросанные ориентиры,Scattered References,en-US
Рай вечной тишины,The Paradise of Eternal Peace,en-US
Раскопки вечного льда,Prime Ice Excavation Site,en-US
Рассвет ночной бездны,Dawn Over the Dark Chasm,en-US
Рисунок с клятвенными обетами,Mural of Sworn Pledges,en-US
"Рито, остров Наруками","Ritou, Narukami Island",en-US
Родина морской пены,Foamy Home,en-US
Рождение письмён,The Moving Finger Writes,en-US
Руины Дуньюй,Dunyu Ruins,en-US
Сад размышлений,The Garden of Deep Thought,en-US
Сад столпов,The Court of Pillars,en-US
Сафхе Шатрандж,Safhe Shatranj,en-US
Свет обета,Light of Oaths Sworn,en-US
Светоч во тьме,Beacon in the Long Night,en-US
Свиток на берегу,Scroll on the Shore,en-US
Святыни пустынных предгорий,Desolate Foothill Shrines,en-US
Священный лунный лес,The Sacred Forest in the Moonlight,en-US
Севший на мель флагман,The Stranded Flagship,en-US
Секрет островов Татары,Tatara Islands' Vantage Point,en-US
Сердце луны,Heart of the Moon,en-US
Скрытое поселение альвов,Fae's Hidden Settlement,en-US
Следующее путешествие,"""The Next Journey""",en-US
Следы Лайсинь,Trails of Laixin,en-US
Следы разбившихся надежд,The Wreck of Shattered Dreams,en-US
Собор Барбатоса,Favonius Cathedral,en-US
Сон железного кита,Iron Whale's Dream,en-US
Сосна на голой вершине,Elder Pine Atop the Wastes,en-US
Среди расписных вершин,Among the Painted Peaks,en-US
Стальная крепость,Fortress of Steel,en-US
Страна чудес в кроличьей норе,Wonderland in the Rabbit Hole,en-US
Суд драконов,Court of the Dragons,en-US
Сумеречный блеск Бишуй,Bishui's Twilight Luster,en-US
Сцена из выцветшего золота,Stage of Faded Gold,en-US
Тайное исследование,Secret Research,en-US
Тайное местонахождение старинного ордена,Secret Locale of the Ancient Order,en-US
"Там, где была сломлена голень великана",Where a Titan's Shins Were Broken,en-US
"Там, где вновь восходит заря",Where the First Dawn Breaks,en-US
"Там, где звонит колокол",Where Only the Bell Tolls,en-US
"Там, где перья переплетаются, как цветы",Where Feathers Are Intertwined Like Flowers,en-US
"Там, где раскатывается эхо тёмных волн",Where Dark Tides Echo,en-US
"Там, где скорбь скована льдом",Where Frost Entombs All Sorrows,en-US
"Там, где танцоры и певцы ткут грёзы",Where Dancers and Singers Weave Their Dreams,en-US
"Там, где храбрецы поют песни о море",Where Warriors Sing the Sea Shanties,en-US
Тамудийский оазис,Thamud Oasis,en-US
Танец Эриний,Erinnyes' Whirling Dance,en-US
Тень гармонии,Harmony's Shadow,en-US
Тепло солнца и лёгкость цветов Цяоин,The Blossoming Warmth of Qiaoying Sunlight,en-US
Терраса Юйцзин,Yujing Terrace,en-US
Тихая обитель Адепта,Adeptus's Realm of Repose,en-US
Тихая рыбацкая деревня,The Silent Fishing Village,en-US
Тихие пустоши,Silent Barrens,en-US
Тоннели унутов,Wenut Tunnels,en-US
Торговая площадь Фэйюнь,Feiyun Slope,en-US
Точка бескрайнего взора,Vigilant Guardians' Vantage Point,en-US
Трещина в скрытых руинах,The Gap of the Hidden Ruins,en-US
Тысяча погребённых опочивален,The Thousands of Entombed Chambers,en-US
"Тэнрё, город Инадзума","Tenryou, Inazuma City",en-US
Тюрьма Лилупар,Liloupar's Gaol,en-US
Убежища беженцев,Refugee Shelters,en-US
Убежище Ноль,Bunker No. 0,en-US
Улица радости,Pleasant Street,en-US
Упавший Созерцатель луны,The Fallen Moongazer,en-US
Усадьба лучей рассвета,Manor of Daybreak,en-US
Устье шахты,Mouth of the Great Mine,en-US
"Ущелье, остров Ясиори","Rift Valley, Yashiori Island",en-US
Фрагмент кристалла,Crystal Fragment,en-US
Хадж-нисут,Khaj-Nisut,en-US
Харвисптохм,Harvisptokhm,en-US
Холм-павильон нектара,A Hilly Hidey-Hole for Nectar,en-US
Храм пересохших источников,The Court of Dried Springs,en-US
Храм погребённой силы,The Temple of Buried Dominion,en-US
Храм увядающей жизни,The Court of Withered Life,en-US
Хребет небесного корабля,Spine of the Skyship,en-US
Царство первозданных вод,Sourcewater Nation,en-US
Центр управления линией крови,Bloodline's Control Hub,en-US
"Церемониальное место, затерянное в ночной мгле",Ceremonial Site Lost in Night's Dim Light,en-US
Цитадель безумцев,Citadel of Fools,en-US
Цуруми,Tsurumi Island,en-US
Чернильная дымка,Amidst the Ink-Tinged Mist,en-US
Чертог боевых песен,Hall of Resounding Valor,en-US
Чертоги песков и палящего солнца,Pavilion of Scorching Sands and Blazing Sun,en-US
Чёрная крепость,The Dark Fortress,en-US
"Шипы из скалы, оплетённые золотыми рунами",Pins of Rock Entwined With Golden Runes,en-US
Ясное небо над Сюаньлянь,Clear Skies Over Xuanlian,en-US
กรงคุมขังของ Liloupar,Liloupar's Gaol,en-US
กรงอำพราง,The Concealing Veil,en-US
กระดูกสันหลังของเรือเหินเวหา,Spine of the Skyship,en-US
กราฟฟิตี้วิญญาณราตรีขนาดใหญ่,Great Nightspirit Graffiti,en-US
กองอัศวินแห่ง Favonius – ห้องสมุด,Knights of Favonius - Library,en-US
การตั้งถิ่นฐานที่หลงเหลืออยู่,Refugee Shelters,en-US
การล่มสลายของหอคอยสีขาว,Collapse of the White Tower,en-US
การวิจัยลับ,Secret Research,en-US
การอ้างอิงที่กระจัดกระจาย,Scattered References,en-US
ก่อร่างสร้างคำด้วยปลายนิ้ว,The Moving Finger Writes,en-US
คฤหาสน์กลางพายุหิมะ,A Lonely Mansion Against the Whiteout,en-US
คฤหาสน์แห่งรุ่งอรุณ,Manor of Daybreak,en-US
ความทรงจำของวัง Alcazarzaray,Memory of Alcazarzaray,en-US
ความผิดพลาดของการกำเนิดใหม่,Neonate Aberration,en-US
ความฝันของวาฬเหล็ก,Iron Whale's Dream,en-US
ความรุ่งโรจน์ใต้ผืนน้ำ,Sunken Glory,en-US
คำลวงของผู้ไร้ศรัทธา,Lies of the Faithless,en-US
คำสัญญาที่ไม่ลุล่วงในอดีตกาล,Ancient Pact,en-US
ค่ายกลหินที่ไร้เสียง,Silent Stone Circle,en-US
ค่ายพักแรมของชนเผ่า Tanit,The Tanit Encampment,en-US
ค่ำคืนของการเต้นรำอันบ้าคลั่ง,A Night of Uninhibited Dance,en-US
จุดบรรจบขนนกเกี่ยวพันดั่งบุปผา,Where Feathers Are Intertwined Like Flowers,en-US
จุดรวมตัวของเมฆหมอกและสายฟ้า,Where Swirling Storm Clouds Gather,en-US
จุดสังเกตการณ์,Vigilant Guardians' Vantage Point,en-US
จุดสิ้นสุดความฝันในอดีต,The End of An Ancient Dream,en-US
ชิ้นส่วนคริสตัล,Crystal Fragment,en-US
ซากปรักหักพัง Dunyu,Dunyu Ruins,en-US
ซากโบราณแห่ง Guili,Ruins of Guili,en-US
ดวงตาที่เฝ้ามองหมู่ดาว,A Gaze Toward the Stars,en-US
ดอกไม้ท่ามกลางแสงแดดในฤดูใบไม้ผลิ,The Blossoming Warmth of Qiaoying Sunlight,en-US
ดาวเทียมที่ล่องลอยอยู่ท่ามกลางหมู่เมฆ,Satellite Floating Amongst the Clouds,en-US
ดินแดน Mawtiyima,The Land of Mawtiyima,en-US
ดินแดนซึ่งเรือนับพันและนักธุรกิจนับหมื่นต่างมารวมตัวกัน,Where Merchants Flock And All Ships Dock,en-US
ดินแดนทอฝันของนักเต้นและนักร้อง,Where Dancers and Singers Weave Their Dreams,en-US
ดินแดนที่พายุโหมกระหน่ำ,Land of Raging Storms,en-US
ดินแดนที่สึกกร่อนและความขุ่นมัว,Land of Corroded Shadows and Tainted Currents,en-US
ดินแดนที่แสงรุ่งอรุณสาดส่องอีกครา,Where the First Dawn Breaks,en-US
ดินแดนบริสุทธิ์อันไร้ร่องรอยของมนุษย์,Plane of Pure Desolation,en-US
ดินแดนฝังมงกุฎใต้หิมะ,Snow-Entombed Crownlands,en-US
ดินแดนมหัศจรรย์ในโพรงกระต่าย,Wonderland in the Rabbit Hole,en-US
ดินแดนแช่แข็งความโศกศัลย์,Where Frost Entombs All Sorrows,en-US
ดินแดนแห่งน้ำอันบริสุทธิ์,Land of Clear Springs,en-US
ดินแดนแห่งฟองคลื่น,Foamy Home,en-US
ดินแดนแห่งเสียงสะท้อน,Land of Many Echoes,en-US
ดินแดนแห่งเห็ดยักษ์,The Great Mushroom's Place,en-US
ดินแดนแห้งแล้งที่ทรายเริงระบำ,The Barren Land Where Sand Dances,en-US
ตำนานอันงดงามแห่ง Petrichor,The Lovely Legends of Petrichor,en-US
ต้นกล้าในสวนเพาะชำ,The Garden's New Sprouts,en-US
ต้นมาตาสรรพสิ่งทั้งปวง,Harvisptokhm,en-US
ต้นมาตาอันอุดมสมบูรณ์,Mother Tree of Fruitful Plenty,en-US
ต้นหลิวน้ำของ Erinnyes,Erinnyes's Watery Weeping Willow,en-US
ต้นไม้ในแสงจันทร์,Moonlit Tree,en-US
ถนนสุขสันต์,Pleasant Street,en-US
ถิ่นฐานของเหล่าภูตตัวน้อย,Fae's Hidden Settlement,en-US
ถิ่นนักรบผู้ขับขานบทเพลงประมง,Where Warriors Sing the Sea Shanties,en-US
ถิ่นอาศัยที่แขวนลอยเหนือหน้าผา,Canopy of the Clifftops,en-US
ถ้ำกล้ำกลืนทะเล,Seaworn Cavern,en-US
ถ้ำเกลียวคลื่นดั่งท่วงทำนอง,Cavern of Melodic Tides,en-US
ถ้ำแห่งหินและดงหนาม,Cavern of Stone and Prickly Pears,en-US
ถ้ำแห่งแสงเงียบงัน,Cavern of Tranquil Light,en-US
ทะเลสาบหลากสีสัน,The Iridescent Lake,en-US
ทะเลแหลกลาญแห่งม่านนภา,Sea of Broken Skies,en-US
ทะเลแห่งการเนรเทศ,A Sea of Exile,en-US
ทางน้ำใต้ดิน,Underground Waterway,en-US
ทางเข้าเหมืองยักษ์,Mouth of the Great Mine,en-US
ทิวทัศน์ในส่วนลึกของ Elynas,Scenery Within Elynas' Depths,en-US
ทิวทัศน์ในส่วนลึกที่สุดของ Elynas,Scenery Within Elynas' Deepest Depths,en-US
ที่พักของ Neko รักษาการณ์หัวหน้ามิโกะ,Where the Provisional Head Priestess Lives,en-US
ที่หลบภัยหมายเลขศูนย์,Bunker No. 0,en-US
ทุ่งเก็บเกี่ยวและเพาะปลูกอันอุดมสมบูรณ์,A Bountiful Land of Farming and Fecundity,en-US
ทุ่งแห่งสายลม,Windswept Wilderness,en-US
ท่ามกลางภูเขาหลากสีสัน,Among the Painted Peaks,en-US
ท่ามกลางม่านหมอกย้อมหมึก,Amidst the Ink-Tinged Mist,en-US
ท่ามกลางยอดเขาและหมู่เมฆ,Where Mountains Peak Beyond the Clouds,en-US
ท่ามกลางหุบเขา Qingce,A Home in the Hills,en-US
ท่าเรือที่สายลมนับพันมาบรรจบ,The Harbor Where a Thousand Winds Converge,en-US
ท่าเรือที่ไกลโพ้น,A Distant Harbor,en-US
ท่าเรือระหว่างต้นไม้สองต้น,The Harbor Betwixt the Two Trees,en-US
ท้องฟ้าสดใสเหนือ Xuanlian,Clear Skies Over Xuanlian,en-US
นครนิจกาลที่หลับใหล,Slumbering Eternal City,en-US
น้ำตกเมฆาท่าเรือ Yilong,The Clouds Cascade Around the Wharf,en-US
น้ำในครรภ์โลก,The World's Amniotic Fluid,en-US
บทเพลงก้อนหยก Bishui,Jade Elegy of Bishui,en-US
บทเพลงของหอยสังข์โบราณ,Ancient Conch Melody of Yore,en-US
บันไดสู่ Capitolium,Gradus ad Capitolium,en-US
บึงพิทักษ์เทพสวรรค์,The Marsh of Celestial Guardians,en-US
บึงแห่งพงไพร,Marsh of Rustling Reeds,en-US
บ่อชำระดาบ Guhua,Guhua Sword-Washing Pool,en-US
บ้านเกิดของสายธารและน้ำพุร้อน,Home of Hot Springs and Flowing Waters,en-US
ประตูทอดถอนใจนิรันดร,Gate of Everlasting Mourning,en-US
ประเทศแห่งต้นกำเนิดน้ำ,Sourcewater Nation,en-US
ปราการของเหล่าคนเขลา,Citadel of Fools,en-US
ป่าหินในม่านหมอก,Mist-Veiled Stone Forest,en-US
ป้อมนิลกาฬ,The Dark Fortress,en-US
ป้อมปราการสัมฤทธิ์,The Copper Keep,en-US
ป้อมปราการเหล็กหลอม,Fortress of Steel,en-US
ผู้เฝ้ามองจันทร์ที่ร่วงหล่น,The Fallen Moongazer,en-US
ฝันเล็ก ๆ,The Littlest Dream,en-US
พรมแดนใต้กำแพงสูง,The Frontier Beneath the High Wall,en-US
พระราชวังประกายมุก,The Pearlescent Palace,en-US
พระราชวังเหมันต์แห่งดาวเหนือ,Glacial Palace of the Polestar,en-US
พื้นที่เพลิงไหลในทะเลแห่งการหยั่งรู้,Fiery Flowing Sea of Sentience,en-US
พื้นที่เหมืองใต้ดิน,The Underground Mines,en-US
ภาพฝาผนังแห่งคำมั่นสัญญา,Mural of Sworn Pledges,en-US
ภายนอกของ Chasm,Beyond the Chasm,en-US
ภูเขา Damavand ที่พายุทรายไม่เคยหยุดนิ่ง,"Mt. Damavand, Where Sandstorms Never Cease",en-US
ภูเขาศักดิ์สิทธิ์แห่งเปลวไฟนิรันดร์,Sacred Mountain of the Undying Flame,en-US
มงกุฎแห่งศิลาเพลิงลอยฟ้า,Floating Rock Skyfire Circlet,en-US
มวลพฤกษารัญจวน,Blossoms in Fragrant Bloom,en-US
มหาวิหารแห่ง Favonius,Favonius Cathedral,en-US
มองดูจากพื้นผิวของ Chasm,View from The Chasm's Surface,en-US
ม้วนบันทึกบนหน้าผา,Scroll on the Shore,en-US
ยอดเขามณีราค,Chiwang Peak,en-US
ยักษ์แห่งหุบเขาที่ถูกลมกัดเซาะ,The Giant of the Wind-Eroded Valley,en-US
รอยแยกของแกนกลางดวงจันทร์,Moonheart Gap,en-US
รอยแยกที่ซ่อนโบราณสถานเอาไว้,The Gap of the Hidden Ruins,en-US
รังหล่อเลี้ยงหยาดอมฤต,Amrita-Nourished Nest,en-US
รุ่งอรุณแห่งเหวลึก,Dawn Over the Dark Chasm,en-US
ร่องรอยของ Laixin,Trails of Laixin,en-US
ลางบอกเหตุแห่งฝันร้าย,Nightmare Omen,en-US
ลานสวนใต้แสงจันทร์,Moon-Bathed Courtyard,en-US
ลำนำแห่งลมเหนือ,The Northerly Wind's Soft Hymn,en-US
วังนับพันฝังอยู่ใต้ดินลึก,The Thousands of Entombed Chambers,en-US
วังวิเวกที่สูญหาย,The Lost Hermitage,en-US
วังสวรรค์ที่ถูกทอดทิ้ง,Palaces of Times Bygone,en-US
วังหินเสายักษ์,The Court of Pillars,en-US
วิวของป่าเขียวขจี,Verdant Fields' Vantage Point,en-US
วิหารซึ่งฝังอำนาจไว้ทั้งปวง,The Temple of Buried Dominion,en-US
วิหารที่ถูกเทพเจ้าทอดทิ้ง,The Palace Abandoned by the Gods,en-US
วิหารบรรพบุรุษโบราณ,Temple of Ancient Forebears,en-US
วิหารพันเสา,Hall of a Thousand Pillars,en-US
วิหารลับถ้ำกลืนกลาย,Cave-Engulfed Palace,en-US
วิหารโบราณ Thousand Winds,Ancient Thousand Winds Temple,en-US
ศาลพิพากษามังกร,Court of the Dragons,en-US
ศาลร้างอยู่ที่ตีนเขา,Desolate Foothill Shrines,en-US
ศูนย์กลางการควบคุมหลักของผู้มีเลือดเนื้อ,Bloodline's Control Hub,en-US
ศูนย์กลางที่ทางรถไฟมาบรรจบ,Central Railway Hub,en-US
ศูนย์ขุดค้นน้ำแข็งพิสุทธิ์,Prime Ice Excavation Site,en-US
ศูนย์บัญชาการชั่วคราวของทีมสำรวจ Fatui,Ad-Hoc Headquarters of the Fatui Expeditionary Force,en-US
สถานกักเก็บวัตถุดำ,Shelter of the Blackbody,en-US
สถานที่ซึ่งยักษ์ขาหัก,Where a Titan's Shins Were Broken,en-US
สถานที่ที่มีเพียงแต่เสียงระฆัง,Where Only the Bell Tolls,en-US
สถานที่พักพิงของสิ่งมีชีวิต,Sanctuary of Life,en-US
สถานที่ลับของลัทธิโบราณ,Secret Locale of the Ancient Order,en-US
สถานเริ่มต้นของแดนภาพวาด,Where the Painted Realm Unfolds,en-US
สนามทดสอบของวิญญาณราตรีพเนจร,Trial Grounds of Restive Nightsouls,en-US
สนามรบแห่งการไล่ล่าชัยชนะและเกียรติยศ,Arena of Glory and Triumph,en-US
สนามรบโบราณ Fuao Vale,The Ancient Battlefield of Fuao Vale,en-US
สนโบราณเหนือแผ่นดินรกร้าง,Elder Pine Atop the Wastes,en-US
สมบัติของ Varuna,Varunastra,en-US
สมบัติชิ้นสุดท้ายของสรวงสวรรค์,Elysium's Final Treasure,en-US
สรวงสวรรค์แห่งความเงียบงันชั่วนิจนิรันดร์,The Paradise of Eternal Peace,en-US
สวนกลางล่วมยา,Herb-Housing Hall,en-US
สวนของ Aranaga,Aranaga's Little Garden,en-US
สวนหยกใน Chenyu,Jade Court in Chenyu,en-US
สวนเพาะชำสูญเสียความฝัน,Nursery of Lost Dreams,en-US
สวนแห่งการไตร่ตรอง,The Garden of Deep Thought,en-US
สวนแห่งน้ำตา,Weeping Garden,en-US
สิ่งหลงเหลือจากปัญญาโชติช่วง,The Remnants of Brilliant Wisdom,en-US
สุสานดาบนิรนาม,Forgotten Sword Cemetery,en-US
สุสานราชา Deshret,The Mausoleum of King Deshret,en-US
สุสานเรือ,Graveyard of Ships,en-US
หนทางสู่เกาะลึกลับ,Venture to a Secret Isle,en-US
หมู่บ้านชาวประมงอันเงียบสงบ,The Silent Fishing Village,en-US
หมู่บ้านที่เชื่อมต่อกับชายแดน,Borderlands Town,en-US
หมู่บ้านริมแม่น้ำ,The Village by the River,en-US
หมู่บ้านใต้ทะเลลึก,Village of the People of the Deep,en-US
หยดน้ำในมหาสมุทร,A Drop in the Ocean,en-US
หลุมปริศนาแห่งเกาะสายหมอก,Mystery Pit of the Misty Isle,en-US
หอคอยที่ทะลวงสู่ท้องฟ้า,Tower Piercing into the Sky,en-US
หอคอยเดียวดายแห่ง Qingxu,Qingxu's Forsaken Tower,en-US
หอสูงบนผืนทรายที่แผดเผา และดวงตะวันอันเจิดจ้า,Pavilion of Scorching Sands and Blazing Sun,en-US
หัวใจแห่งจันทรา,Heart of the Moon,en-US
หาดทรายอันเงียบสงบ,Silent Shallows,en-US
หุบเขาพฤกษาดั่งปีกเพลิง,Fiery Plumage Valley,en-US
หุบเขาแห่งผีเสื้อหลากสีสัน,Valley of Vibrant Butterflies,en-US
หุบเขาไร้มลทิน,Valley of the Unsullied,en-US
ห้วงลึกอาบแสงจันทร์,The Moon-Bathed Deep,en-US
ห้วยน้ำที่ถูกลืมเลือน,The Forgotten River Valley,en-US
ห้องหินที่มีเสาคริสตัลเคลื่อนไหว,Stone Chamber of Shifting Crystal Pillars,en-US
ห้องโถงที่ลึกที่สุด,The Bottomless Hall,en-US
ห้องโถงที่เพลงแห่งการรบก้องกังวาน,Hall of Resounding Valor,en-US
ห้าร้อยโยชน์เทียมเท่าอณูเดียว,Of Vastness and the Infinitesimal,en-US
อาณาจักรพักเซียน,Adeptus's Realm of Repose,en-US
อุโมงค์ของ Wenut,Wenut Tunnels,en-US
อ่าวฤดูร้อนที่กระแสน้ำทะเลพัดผ่าน,Summer Bay by the Sea,en-US
เกสตัลท์,Tower of Gestalt,en-US
เข็มหินของจารึกทองขดเกลียว,Pins of Rock Entwined With Golden Runes,en-US
เงาสอดประสาน,Harmony's Shadow,en-US
เชิงเขาที่เติบโตขึ้นท่ามกลางควันหมอกและปริศนา,The Foothills Where the Night-Wind and Riddles Grow,en-US
เชิงเขาแห่งอสนีไกลที่เยือกแข็ง,Where Slope Meets Captured Lightning,en-US
เตาหลอมของโรงงานร้าง,Forge of the Abandoned Foundry,en-US
เบื้องหน้าภูเขา Tezcatepetonco Range,Before the Tezcatepetonco Range,en-US
เมืองชายขอบ,Border Town,en-US
เมืองหลวงร้างแห่งสายลมอันโหยหวน,Abandoned Capital of Howling Winds,en-US
เมืองเถ้าถ่านที่ไม่สมบูรณ์,The Unfinished Ashen City,en-US
เมืองเหนือผืนป่า,The City Above the Forest,en-US
เมืองแห่งปัญญาทั้งปวง,The City Where All Wisdom Resides,en-US
เมืองแห่งสายลม,The City of Wind,en-US
เมืองโบราณที่กลับหัวกลับหาง,The Inverted City,en-US
เมืองโบราณที่เคยถูกปิดตาย,Once-Sealed Ancient City,en-US
เมืองในหิน,The Town in the Rock,en-US
เริงระบำแห่ง Erinnyes,Erinnyes' Whirling Dance,en-US
เรือธงเกยตื้น,The Stranded Flagship,en-US
เรือนเพลงสรรเสริญของคนพายเรือ,The Boatman's Song-House,en-US
เรือล่องจันทรา,Moonbound Ship,en-US
เรืออันเมามาย,The Drunkard's Ship,en-US
เรื่องราวที่ถูกบันทึก,The Story Recorded,en-US
เวทีสีทองที่ซีดจาง,Stage of Faded Gold,en-US
เวิร์กชอปกรุ๊งกริ๊ง,"Clinky, Clanky Craftshop",en-US
เศษซากของสวนในวันวาน,Remnants of the Ancient Orchard,en-US
เศษซากฝันที่แตกสลาย,The Wreck of Shattered Dreams,en-US
เสาแห่งสันติทั้งเก้า,Nine Pillars of Peace,en-US
เสียงนำของโลกใหม่,New World's Prelude,en-US
เสียงสะท้อนจากสุดเขตแดนเหนือ,Echoes of the Far North,en-US
เสียงสะท้อนน้ำลึกใส,Clarion Echo,en-US
เสี้ยวสายตาที่ทอดมองโลกา,A Gaze Upon the World,en-US
เส้นทางจาริกสู่ดวงจันทร์,Pilgrimage to the Moon,en-US
เส้นทางเหมืองที่ถูกปิดกั้น,The Blocked Path,en-US
แกนเตาหลอมที่ลุกโชนชั่วนิรันดร์,Ever-Burning Hearth Core,en-US
แดนรกร้างอันเงียบสงัด,Silent Barrens,en-US
แดนสะท้อนคลื่นซ่อนเร้น,Where Dark Tides Echo,en-US
แท่นบูชาขนาดย่อม,Condensed Altar,en-US
แท่นบูชาที่สูญหาย,Lost Ceremonial Site,en-US
แท่นบูชาใต้แสงรัตติกาลสลัว,Ceremonial Site Lost in Night's Dim Light,en-US
แสงไฟแห่งคำสาบาน,Light of Oaths Sworn,en-US
โถงที่ชีวิตเหี่ยวเฉา,The Court of Withered Life,en-US
โถงที่น้ำแร่แห้งขอด,The Court of Dried Springs,en-US
โถงน้ำค้างขาวและน้ำพุใส,Court of Dew and Springs,en-US
โถงศยะสุขสบาย,Domus Requiem,en-US
โพรงกลางใจ,A Hollow in the Heart,en-US
โรงผลิตเหล้าน้ำผึ้งเร้นลับ,A Hilly Hidey-Hole for Nectar,en-US
โลกของ Aranara,The World of the Aranara,en-US
ไฟที่เฝ้ามองค่ำคืนอันยาวนาน,Beacon in the Long Night,en-US
Ốc Đảo Thamud,Thamud Oasis,en-US
“El próximo viaje”,"""The Next Journey""",en-US
„Blick in die Ferne vom Mont Automnéqui“,"""View From Mont Automnequi""",en-US
„Die nächste Reise“,"""The Next Journey""",en-US
„Ein klarer Morgen im Béryl-Gebirge“,"""Morning in the Beryl Mountains, Clear Weather""",en-US
„Erinnerungen am Fuße des Berges Esus“,"""Memories of Mont Esus""",en-US
„Fontaines heiße Quellen“,"""Fontaine Hot Springs""",en-US
„Hellblauer Kanal“,The Moonblue Canals,en-US
„Landschaft eines Küstendorfs“,"""The Seaside Village""",en-US
„Oratrice mécanique d’Analyse cardinale“,"""Oratrice Mecanique d'Analyse Cardinale""",en-US
„Reich des Narzissenkreuzes“,"""Narzissenkreuz Kingdom""",en-US
„Safhe Shatranj“,Safhe Shatranj,en-US
„Turm des Verrats“,Towers of Betrayal,en-US
「エスス山麓の追憶」,"""Memories of Mont Esus""",en-US
「フォンテーヌの熱水泉」,"""Fontaine Hot Springs""",en-US
「ベリル山地の爽やかな朝」,"""Morning in the Beryl Mountains, Clear Weather""",en-US
「ムーンブルー運河」,The Moonblue Canals,en-US
「モン·オトンヌキからの眺め」,"""View From Mont Automnequi""",en-US
「下一次启程」,"""The Next Journey""",en-US
「下一次啟程」,"""The Next Journey""",en-US
「于秋分山远眺」,"""View From Mont Automnequi""",en-US
「於秋分山遠眺」,"""View From Mont Automnequi""",en-US
「月蓝运河」,The Moonblue Canals,en-US
「月藍運河」,The Moonblue Canals,en-US
「枫丹热泉」,"""Fontaine Hot Springs""",en-US
「楓丹熱泉」,"""Fontaine Hot Springs""",en-US
「次の旅立ち」,"""The Next Journey""",en-US
「水仙十字王国」,"""Narzissenkreuz Kingdom""",en-US
「水仙十字王國」,"""Narzissenkreuz Kingdom""",en-US
「海辺の村の風景」,"""The Seaside Village""",en-US
「神の碁盤」,Safhe Shatranj,en-US
「神的棋盘」,Safhe Shatranj,en-US
「神的棋盤」,Safhe Shatranj,en-US
「背弃之塔」,Towers of Betrayal,en-US
「背棄之塔」,Towers of Betrayal,en-US
「船の墓」,Graveyard of Ships,en-US
「芒索斯山麓的回忆」,"""Memories of Mont Esus""",en-US
「芒索斯山麓的回憶」,"""Memories of Mont Esus""",en-US
「苍晶山地的晴朗清晨」,"""Morning in the Beryl Mountains, Clear Weather""",en-US
「蒼晶山地的晴朗清晨」,"""Morning in the Beryl Mountains, Clear Weather""",en-US
「裏切りの塔」,Towers of Betrayal,en-US
「諭示裁定カーディナル」,"""Oratrice Mecanique d'Analyse Cardinale""",en-US
「諭示裁定樞機」,"""Oratrice Mecanique d'Analyse Cardinale""",en-US
「谕示裁定枢机」,"""Oratrice Mecanique d'Analyse Cardinale""",en-US
「边村风景」,"""The Seaside Village""",en-US
「邊村風景」,"""The Seaside Village""",en-US
「계시의 판결 추기 장치」,"""Oratrice Mecanique d'Analyse Cardinale""",en-US
「다음 여정」,"""The Next Journey""",en-US
「배신의 탑」,Towers of Betrayal,en-US
「수선화 십자 왕국」,"""Narzissenkreuz Kingdom""",en-US
「신의 장기판」,Safhe Shatranj,en-US
「에수스 산기슭의 추억」,"""Memories of Mont Esus""",en-US
「오똔산에서 바라본 풍경」,"""View From Mont Automnequi""",en-US
「폰타인의 온천」,"""Fontaine Hot Springs""",en-US
「푸른 달 운하」,The Moonblue Canals,en-US
「푸른 수정 산지의 아침」,"""Morning in the Beryl Mountains, Clear Weather""",en-US
「해변 마을의 풍경」,"""The Seaside Village""",en-US
こだまの響く地,Land of Many Echoes,en-US
すべての知恵が集まるシティ,The City Where All Wisdom Resides,en-US
たたらの島を眺める,Tatara Islands' Vantage Point,en-US
のんびりストリート,Pleasant Street,en-US
アアルの影,Aaru's Shut,en-US
アランナガの小さな畑,Aranaga's Little Garden,en-US
アランナラの世界,The World of the Aranara,en-US
アルカサルザライパレスの記憶,Memory of Alcazarzaray,en-US
ウェネトトンネル,Wenut Tunnels,en-US
ウサギの穴の彼方に眠る不思議の国,Wonderland in the Rabbit Hole,en-US
エリナスの奥地の風景,Scenery Within Elynas' Depths,en-US
エリナスの最奥の風景,Scenery Within Elynas' Deepest Depths,en-US
エリニュスの旋舞,Erinnyes' Whirling Dance,en-US
エリニュスの水色のウィーピングウィロー,Erinnyes's Watery Weeping Willow,en-US
カチャカチャクラフト工房,"Clinky, Clanky Craftshop",en-US
カピトリヌスへの階段,Gradus ad Capitolium,en-US
キングデシェレトの霊廟,The Mausoleum of King Deshret,en-US
ゲシュタル塔,Tower of Gestalt,en-US
サムードオアシス,Thamud Oasis,en-US
タニット部族の露営地,The Tanit Encampment,en-US
チ虎岩,Chihu Rock,en-US
テスカテペトン山脈の前で,Before the Tezcatepetonco Range,en-US
テツクジラの夢,Iron Whale's Dream,en-US
ファデュイ遠征隊の臨時本部,Ad-Hoc Headquarters of the Fatui Expeditionary Force,en-US
ペトリコールの美しき伝説,The Lovely Legends of Petrichor,en-US
マウティイェマの地,The Land of Mawtiyima,en-US
メリュシーの故郷,Foamy Home,en-US
ヤシオリ島·裂谷,"Rift Valley, Yashiori Island",en-US
ラクガキが彩る山々,Among the Painted Peaks,en-US
ラクガキで拓かれた地,Where the Painted Realm Unfolds,en-US
リルパァールの牢獄,Liloupar's Gaol,en-US
ヴァルナ秘宝,Varunastra,en-US
一切智慧具足之城,The City Where All Wisdom Resides,en-US
万千子种的母树,Harvisptokhm,en-US
不信者の嘘,Lies of the Faithless,en-US
不再受垢的淵谷,Valley of the Unsullied,en-US
不再受垢的渊谷,Valley of the Unsullied,en-US
世界に落とされた視線,A Gaze Upon the World,en-US
世界の羊水,The World's Amniotic Fluid,en-US
世界的胎水,The World's Amniotic Fluid,en-US
並無活力的活力之家,Lifeless Dar al-Shifa,en-US
丰藏与耕种的沃野,A Bountiful Land of Farming and Fecundity,en-US
临河的村庄,The Village by the River,en-US
乐园最后的宝藏,Elysium's Final Treasure,en-US
二度と穢されぬ峡谷,Valley of the Unsullied,en-US
云瀑万寻遗珑埠,The Clouds Cascade Around the Wharf,en-US
五百由旬の一極微,Of Vastness and the Infinitesimal,en-US
五百由旬一极微,Of Vastness and the Infinitesimal,en-US
五百由旬一極微,Of Vastness and the Infinitesimal,en-US
代宫司寝子大人的居所,Where the Provisional Head Priestess Lives,en-US
代宮司寢子大人的居所,Where the Provisional Head Priestess Lives,en-US
代理宮司寝子様の居所,Where the Provisional Head Priestess Lives,en-US
伊黎耶的旋舞,Erinnyes' Whirling Dance,en-US
伊黎耶的水色垂柳,Erinnyes's Watery Weeping Willow,en-US
伏鰲の谷の古戦場,The Ancient Battlefield of Fuao Vale,en-US
伏鰲谷古戰場,The Ancient Battlefield of Fuao Vale,en-US
伏鳌谷古战场,The Ancient Battlefield of Fuao Vale,en-US
众龙的审判所,Court of the Dragons,en-US
佩特莉可的美丽传说,The Lovely Legends of Petrichor,en-US
佩特莉可的美麗傳說,The Lovely Legends of Petrichor,en-US
來歆的痕影,Trails of Laixin,en-US
光の洞窟,Cavern of Tranquil Light,en-US
光り輝く宮殿,The Pearlescent Palace,en-US
兔子洞裡的仙境,Wonderland in the Rabbit Hole,en-US
兔子洞里的仙境,Wonderland in the Rabbit Hole,en-US
八酝岛·裂谷,"Rift Valley, Yashiori Island",en-US
八醞島·裂谷,"Rift Valley, Yashiori Island",en-US
兰纳迦的小小园圃,Aranaga's Little Garden,en-US
兰那罗的世界,The World of the Aranara,en-US
凝望群星之眼,A Gaze Toward the Stars,en-US
凝縮された祭壇,Condensed Altar,en-US
利露帕尔的监牢,Liloupar's Gaol,en-US
利露帕爾的監牢,Liloupar's Gaol,en-US
刺向苍穹的塔,Tower Piercing into the Sky,en-US
刺向蒼穹的塔,Tower Piercing into the Sky,en-US
動く晶柱の石室,Stone Chamber of Shifting Crystal Pillars,en-US
勝利と栄誉を求める戦場,Arena of Glory and Triumph,en-US
北の果ての残響,Echoes of the Far North,en-US
北風の歌,The Northerly Wind's Soft Hymn,en-US
北風的歌吟,The Northerly Wind's Soft Hymn,en-US
北风的歌吟,The Northerly Wind's Soft Hymn,en-US
千峰絕雲之間,Where Mountains Peak Beyond the Clouds,en-US
千峰絶雲の間,Where Mountains Peak Beyond the Clouds,en-US
千峰绝云之间,Where Mountains Peak Beyond the Clouds,en-US
千柱の大広間,Hall of a Thousand Pillars,en-US
千柱之殿,Hall of a Thousand Pillars,en-US
千船万商云集之地,Where Merchants Flock And All Ships Dock,en-US
千船萬商雲集之地,Where Merchants Flock And All Ships Dock,en-US
千風の交わる港,The Harbor Where a Thousand Winds Converge,en-US
千風交會之港,The Harbor Where a Thousand Winds Converge,en-US
千风交汇之港,The Harbor Where a Thousand Winds Converge,en-US
卡萨扎莱宫的回忆,Memory of Alcazarzaray,en-US
卡薩扎萊宮的回憶,Memory of Alcazarzaray,en-US
厄里那斯最深处的风景,Scenery Within Elynas' Deepest Depths,en-US
厄里那斯最深處的風景,Scenery Within Elynas' Deepest Depths,en-US
厄里那斯深处的风景,Scenery Within Elynas' Depths,en-US
厄里那斯深處的風景,Scenery Within Elynas' Depths,en-US
双树控扼的港湾,The Harbor Betwixt the Two Trees,en-US
双樹に挟まれし港,The Harbor Betwixt the Two Trees,en-US
古の教団の謎を秘める場所,Secret Locale of the Ancient Order,en-US
古の約束,Ancient Pact,en-US
古华洗刃池,Guhua Sword-Washing Pool,en-US
古老教团的奥秘之所,Secret Locale of the Ancient Order,en-US
古老教團的奧秘之所,Secret Locale of the Ancient Order,en-US
古華洗刃の池,Guhua Sword-Washing Pool,en-US
古華洗刃池,Guhua Sword-Washing Pool,en-US
叮鈴哐啷的工坊,"Clinky, Clanky Craftshop",en-US
叮铃哐啷的工坊,"Clinky, Clanky Craftshop",en-US
叶如火羽的山谷,Fiery Plumage Valley,en-US
吃虎岩,Chihu Rock,en-US
吠える風の古代廃都,Abandoned Capital of Howling Winds,en-US
命が枯れた殿堂,The Court of Withered Life,en-US
命の休養所,Sanctuary of Life,en-US
唱响渔歌的勇士乡,Where Warriors Sing the Sea Shanties,en-US
唱響漁歌的勇士鄉,Where Warriors Sing the Sea Shanties,en-US
商業繁栄の港,Where Merchants Flock And All Ships Dock,en-US
噩夢的預兆,Nightmare Omen,en-US
噩梦的预兆,Nightmare Omen,en-US
回声作响之地,Land of Many Echoes,en-US
回聲作響之地,Land of Many Echoes,en-US
圣显厅,Khaj-Nisut,en-US
在彩繪群山之中,Among the Painted Peaks,en-US
在彩绘群山之中,Among the Painted Peaks,en-US
在鏡璧之山前,Before the Tezcatepetonco Range,en-US
在镜璧之山前,Before the Tezcatepetonco Range,en-US
地上から眺める層岩巨淵,View from The Chasm's Surface,en-US
地下水泽,Underground Waterway,en-US
地下水澤,Underground Waterway,en-US
地下深くに埋もれし千の宮室,The Thousands of Entombed Chambers,en-US
地下湿原,Underground Waterway,en-US
地下矿区,The Underground Mines,en-US
地下礦區,The Underground Mines,en-US
地下鉱区,The Underground Mines,en-US
地岩中的集鎮,The Town in the Rock,en-US
地岩中的集镇,The Town in the Rock,en-US
坠落的望月者,The Fallen Moongazer,en-US
堕ちる観月者,The Fallen Moongazer,en-US
塔尼特部族宿營地,The Tanit Encampment,en-US
塔尼特部族宿营地,The Tanit Encampment,en-US
塞がれた坑道,The Blocked Path,en-US
墜落的望月者,The Fallen Moongazer,en-US
墨染輕嵐間,Amidst the Ink-Tinged Mist,en-US
墨染轻岚间,Amidst the Ink-Tinged Mist,en-US
夕暮れに沈む碧水,Bishui's Twilight Luster,en-US
夜の淵の黎明,Dawn Over the Dark Chasm,en-US
夜壑的黎明,Dawn Over the Dark Chasm,en-US
夜魂游荡的试炼场,Trial Grounds of Restive Nightsouls,en-US
夜魂漂う試練場,Trial Grounds of Restive Nightsouls,en-US
夜魂遊蕩的試煉場,Trial Grounds of Restive Nightsouls,en-US
夢を失った苗畑,Nursery of Lost Dreams,en-US
大蘑菇之地,The Great Mushroom's Place,en-US
天幕の破れた海,Sea of Broken Skies,en-US
天幕破碎之海,Sea of Broken Skies,en-US
天火浮岩之冠,Floating Rock Skyfire Circlet,en-US
天焔浮岩の冠,Floating Rock Skyfire Circlet,en-US
天舟の竜骨,Spine of the Skyship,en-US
天艏的脊骨,Spine of the Skyship,en-US
失われた祭祀場,Lost Ceremonial Site,en-US
失われた隠し宮殿,The Lost Hermitage,en-US
失夢的苗圃,Nursery of Lost Dreams,en-US
失梦的苗圃,Nursery of Lost Dreams,en-US
失落的隐居行宫,The Lost Hermitage,en-US
失落的隱居行宮,The Lost Hermitage,en-US
失落祭祀所,Lost Ceremonial Site,en-US
威权尽葬之殿,The Temple of Buried Dominion,en-US
威權盡葬之殿,The Temple of Buried Dominion,en-US
守护神像的湖泽,The Marsh of Celestial Guardians,en-US
守望長夜的明燈,Beacon in the Long Night,en-US
守望长夜的明灯,Beacon in the Long Night,en-US
守護神像的湖澤,The Marsh of Celestial Guardians,en-US
安息の殿堂,Domus Requiem,en-US
安息的殿堂,Domus Requiem,en-US
実り豊かな母樹,Mother Tree of Fruitful Plenty,en-US
寂寥の浄土,Plane of Pure Desolation,en-US
寂静的浅滩,Silent Shallows,en-US
寂静的渔村,The Silent Fishing Village,en-US
寂靜的淺灘,Silent Shallows,en-US
寂靜的漁村,The Silent Fishing Village,en-US
密林のガンダルヴァー,The City Above the Forest,en-US
封印されし古都,Once-Sealed Ancient City,en-US
将悲哀冰封之处,Where Frost Entombs All Sorrows,en-US
將悲哀冰封之處,Where Frost Entombs All Sorrows,en-US
小さなフェイたちの集落,Fae's Hidden Settlement,en-US
小さな夢,The Littlest Dream,en-US
小妖精们的聚落,Fae's Hidden Settlement,en-US
小妖精們的聚落,Fae's Hidden Settlement,en-US
小小的夢,The Littlest Dream,en-US
小小的梦,The Littlest Dream,en-US
层岩巨渊地面景观,View from The Chasm's Surface,en-US
层岩巨渊外,Beyond the Chasm,en-US
属血气者的统律中枢,Bloodline's Control Hub,en-US
層岩巨淵の外,Beyond the Chasm,en-US
層岩巨淵地面景觀,View from The Chasm's Surface,en-US
層岩巨淵外,Beyond the Chasm,en-US
屬血氣者的統律中樞,Bloodline's Control Hub,en-US
山麓に伏す祠,Desolate Foothill Shrines,en-US
岩の中の集落,The Town in the Rock,en-US
岩石とパインの洞窟,Cavern of Stone and Prickly Pears,en-US
岩石与刺梨的洞穴,Cavern of Stone and Prickly Pears,en-US
岩石與刺梨的洞穴,Cavern of Stone and Prickly Pears,en-US
岩穴に飲み込まれた秘殿,Cave-Engulfed Palace,en-US
岩穴吞沒的秘殿,Cave-Engulfed Palace,en-US
岩穴吞没的秘殿,Cave-Engulfed Palace,en-US
崖壁空悬的聚落,Canopy of the Clifftops,en-US
崖壁空懸的聚落,Canopy of the Clifftops,en-US
嵐が吹き荒れる場所,Land of Raging Storms,en-US
川沿いの村,The Village by the River,en-US
巨人が失脚した処,Where a Titan's Shins Were Broken,en-US
巨人折胫之处,Where a Titan's Shins Were Broken,en-US
巨人折脛之處,Where a Titan's Shins Were Broken,en-US
巨大なキノコの地,The Great Mushroom's Place,en-US
巨柱岩宫,The Court of Pillars,en-US
巨柱岩宮,The Court of Pillars,en-US
帰離の遺跡,Ruins of Guili,en-US
并无活力的活力之家,Lifeless Dar al-Shifa,en-US
底無き殿堂,The Bottomless Hall,en-US
废弃工坊的熔炉,Forge of the Abandoned Foundry,en-US
座礁した旗艦,The Stranded Flagship,en-US
廢棄工坊的熔爐,Forge of the Abandoned Foundry,en-US
归离城墟,Ruins of Guili,en-US
彩蝶翩綿之谷,Valley of Vibrant Butterflies,en-US
彩蝶翩绵之谷,Valley of Vibrant Butterflies,en-US
影向山·鳴神大社,"Grand Narukami Shrine, Mt. Yougou",en-US
影向山·鸣神大社,"Grand Narukami Shrine, Mt. Yougou",en-US
往日の園圃の遺跡,Remnants of the Ancient Orchard,en-US
往日の夢が終わる処,The End of An Ancient Dream,en-US
往日の海螺の楽章,Ancient Conch Melody of Yore,en-US
心の瞳,A Hollow in the Heart,en-US
心中的孔窍,A Hollow in the Heart,en-US
心中的孔竅,A Hollow in the Heart,en-US
忘れられた河谷,The Forgotten River Valley,en-US
悠久の千風の神殿,Ancient Thousand Winds Temple,en-US
悠古的千風神殿,Ancient Thousand Winds Temple,en-US
悠古的千风神殿,Ancient Thousand Winds Temple,en-US
悪夢の兆し,Nightmare Omen,en-US
悬练垂晴,Clear Skies Over Xuanlian,en-US
悲しみを氷に封じた場所,Where Frost Entombs All Sorrows,en-US
惟余钟声之处,Where Only the Bell Tolls,en-US
惟餘鐘聲之處,Where Only the Bell Tolls,en-US
惬意之街,Pleasant Street,en-US
想いふける花園,The Garden of Deep Thought,en-US
愚人们的卫城,Citadel of Fools,en-US
愚人众远征队的临时总部,Ad-Hoc Headquarters of the Fatui Expeditionary Force,en-US
愚人們的衛城,Citadel of Fools,en-US
愚人眾遠征隊的臨時總部,Ad-Hoc Headquarters of the Fatui Expeditionary Force,en-US
愚者たちのアクロポリス,Citadel of Fools,en-US
愜意之街,Pleasant Street,en-US
懸崖の里,Canopy of the Clifftops,en-US
懸練垂晴,Clear Skies Over Xuanlian,en-US
战歌回荡的厅堂,Hall of Resounding Valor,en-US
战火中的滩涂,Tidal Flat Amidst the Flames of War,en-US
戦歌が響き渡る殿堂,Hall of Resounding Valor,en-US
戦火の中の干潟,Tidal Flat Amidst the Flames of War,en-US
戰歌迴盪的廳堂,Hall of Resounding Valor,en-US
戰火中的灘塗,Tidal Flat Amidst the Flames of War,en-US
投向世界的一眸,A Gaze Upon the World,en-US
指动字成,The Moving Finger Writes,en-US
指動字成,The Moving Finger Writes,en-US
搁浅的旗舰,The Stranded Flagship,en-US
擱淺的旗艦,The Stranded Flagship,en-US
放棄された工房の熔炉,Forge of the Abandoned Foundry,en-US
数多の種持ち給ふ母樹,Harvisptokhm,en-US
新世界のプレリュード,New World's Prelude,en-US
新世界的先声,New World's Prelude,en-US
新世界的先聲,New World's Prelude,en-US
新生の異常,Neonate Aberration,en-US
新誕的舛訛,Neonate Aberration,en-US
新诞的舛讹,Neonate Aberration,en-US
无信者的谎言,Lies of the Faithless,en-US
无底的大厅,The Bottomless Hall,en-US
无言的寂石阵,Silent Stone Circle,en-US
无郁夷摩之地,The Land of Mawtiyima,en-US
旧日古螺的乐章,Ancient Conch Melody of Yore,en-US
旧日园圃的残迹,Remnants of the Ancient Orchard,en-US
旧日梦想的终点,The End of An Ancient Dream,en-US
旧日的统律之心,Old Core of Chu'ulel,en-US
昔古的宿諾,Ancient Pact,en-US
昔古的宿诺,Ancient Pact,en-US
昔日の統律の心,Old Core of Chu'ulel,en-US
晴空の懸練,Clear Skies Over Xuanlian,en-US
晶柱迁动的石室,Stone Chamber of Shifting Crystal Pillars,en-US
晶柱遷動的石室,Stone Chamber of Shifting Crystal Pillars,en-US
晶石破片,Crystal Fragment,en-US
晶石碎片,Crystal Fragment,en-US
暗潮がこだまする所,Where Dark Tides Echo,en-US
暗潮回响之所,Where Dark Tides Echo,en-US
暗潮迴響之所,Where Dark Tides Echo,en-US
曙が照らす荘園,Manor of Daybreak,en-US
曙光が再び昇る場所,Where the First Dawn Breaks,en-US
曙光初照的庄园,Manor of Daybreak,en-US
曙光初照的莊園,Manor of Daybreak,en-US
曙光重新升起之处,Where the First Dawn Breaks,en-US
曙光重新升起之處,Where the First Dawn Breaks,en-US
曾受封絕的古城,Once-Sealed Ancient City,en-US
曾受封绝的古城,Once-Sealed Ancient City,en-US
月の心,Heart of the Moon,en-US
月への巡礼,Pilgrimage to the Moon,en-US
月を渡る船,Moonbound Ship,en-US
月下の庭園,Moon-Bathed Courtyard,en-US
月下的庭院,Moon-Bathed Courtyard,en-US
月亮的心,Heart of the Moon,en-US
月光を浴びる樹,Moonlit Tree,en-US
月光下の神林,The Sacred Forest in the Moonlight,en-US
月光下的神林,The Sacred Forest in the Moonlight,en-US
月心の裂け目,Moonheart Gap,en-US
月心的罅隙,Moonheart Gap,en-US
月浴の淵,The Moon-Bathed Deep,en-US
月浴之淵,The Moon-Bathed Deep,en-US
月浴之渊,The Moon-Bathed Deep,en-US
月航船,Moonbound Ship,en-US
未名的剑冢,Forgotten Sword Cemetery,en-US
未名的劍塚,Forgotten Sword Cemetery,en-US
未完工的灰烬之城,The Unfinished Ashen City,en-US
未完工的灰燼之城,The Unfinished Ashen City,en-US
未完成の灰燼の都,The Unfinished Ashen City,en-US
来歆の痕跡,Trails of Laixin,en-US
来歆的痕影,Trails of Laixin,en-US
极星的冰雪之宫,Glacial Palace of the Polestar,en-US
林上的化城,The City Above the Forest,en-US
格式塔,Tower of Gestalt,en-US
極星の氷雪の宮,Glacial Palace of the Polestar,en-US
極星的冰雪之宮,Glacial Palace of the Polestar,en-US
楽園最後のお宝,Elysium's Final Treasure,en-US
樂園最後的寶藏,Elysium's Final Treasure,en-US
権威が失われた殿堂,The Temple of Buried Dominion,en-US
歸璃城墟,Ruins of Guili,en-US
残余の参酌,Scattered References,en-US
水下的光榮,Sunken Glory,en-US
水下的光荣,Sunken Glory,en-US
水中の栄光,Sunken Glory,en-US
水泽荻原,Marsh of Rustling Reeds,en-US
水澤荻原,Marsh of Rustling Reeds,en-US
永世叹息之门,Gate of Everlasting Mourning,en-US
永世嘆きの扉,Gate of Everlasting Mourning,en-US
永世嘆息之門,Gate of Everlasting Mourning,en-US
永恆寧靜的樂園,The Paradise of Eternal Peace,en-US
永恆燃燒的爐心,Ever-Burning Hearth Core,en-US
永恒宁静的乐园,The Paradise of Eternal Peace,en-US
永恒燃烧的炉心,Ever-Burning Hearth Core,en-US
永蕴常火的圣山,Sacred Mountain of the Undying Flame,en-US
永蘊常火的聖山,Sacred Mountain of the Undying Flame,en-US
永遠に安らかな楽園,The Paradise of Eternal Peace,en-US
永遠に燃える炉心,Ever-Burning Hearth Core,en-US
永遠に燃え続ける聖山,Sacred Mountain of the Undying Flame,en-US
沈瓏の瑶庭,Jade Court in Chenyu,en-US
沈黙の荒原,Silent Barrens,en-US
沉思的花园,The Garden of Deep Thought,en-US
沉思的花園,The Garden of Deep Thought,en-US
沉珑的瑶庭,Jade Court in Chenyu,en-US
沉瓏的瑤庭,Jade Court in Chenyu,en-US
沉睡的永恆之城,Slumbering Eternal City,en-US
沉睡的永恒之城,Slumbering Eternal City,en-US
沐浴月光之树,Moonlit Tree,en-US
沐浴月光之樹,Moonlit Tree,en-US
沙暴不息的达马山,"Mt. Damavand, Where Sandstorms Never Cease",en-US
沙暴不息的達馬山,"Mt. Damavand, Where Sandstorms Never Cease",en-US
沙虫隧道,Wenut Tunnels,en-US
沙蟲隧道,Wenut Tunnels,en-US
泓浄的余音,Clarion Echo,en-US
泓淨的餘音,Clarion Echo,en-US
法留納法寶,Varunastra,en-US
法留纳法宝,Varunastra,en-US
洋流拂过的夏湾,Summer Bay by the Sea,en-US
洋流拂過的夏灣,Summer Bay by the Sea,en-US
洞天の伏仙,Adeptus's Realm of Repose,en-US
洞天伏仙,Adeptus's Realm of Repose,en-US
活力なきダールアルシファ,Lifeless Dar al-Shifa,en-US
流水と温泉の郷,Home of Hot Springs and Flowing Waters,en-US
流水与温泉之乡,Home of Hot Springs and Flowing Waters,en-US
流水與溫泉之鄉,Home of Hot Springs and Flowing Waters,en-US
流謫の海,A Sea of Exile,en-US
流逐之海,A Sea of Exile,en-US
海を飲み込む穴,Seaworn Cavern,en-US
海原の孤雲,A Drop in the Ocean,en-US
海噬之穴,Seaworn Cavern,en-US
海崖上の絵巻,Scroll on the Shore,en-US
海崖上的繪卷,Scroll on the Shore,en-US
海崖上的绘卷,Scroll on the Shore,en-US
海沫之乡,Foamy Home,en-US
海沫之鄉,Foamy Home,en-US
海流が撫でる夏の入り江,Summer Bay by the Sea,en-US
海淵の民の集落,Village of the People of the Deep,en-US
海淵民的村落,Village of the People of the Deep,en-US
海渊民的村落,Village of the People of the Deep,en-US
涙で満たす故地,Weeping Garden,en-US
淡墨の霧の間,Amidst the Ink-Tinged Mist,en-US
深埋地下的千間宮室,The Thousands of Entombed Chambers,en-US
深埋地下的千间宫室,The Thousands of Entombed Chambers,en-US
清泉が流れる処,Land of Clear Springs,en-US
清泉静流之地,Land of Clear Springs,en-US
清泉靜流之地,Land of Clear Springs,en-US
渇いた甘き泉の殿堂,The Court of Dried Springs,en-US
渦巻く雷雲の積む処,Where Swirling Storm Clouds Gather,en-US
渺无人迹的净土,Plane of Pure Desolation,en-US
渺無人跡的淨土,Plane of Pure Desolation,en-US
源水の国,Sourcewater Nation,en-US
源水之国,Sourcewater Nation,en-US
源水之國,Sourcewater Nation,en-US
漁歌響く勇士の郷,Where Warriors Sing the Sea Shanties,en-US
漆黑要塞,The Dark Fortress,en-US
漆黒の要塞,The Dark Fortress,en-US
潮汐如歌的洞窟,Cavern of Melodic Tides,en-US
潮騒が歌う洞窟,Cavern of Melodic Tides,en-US
澄みわたる余韻,Clarion Echo,en-US
瀚海孤云,A Drop in the Ocean,en-US
瀚海孤雲,A Drop in the Ocean,en-US
灵谜的大涂鸦,Great Nightspirit Graffiti,en-US
炎の羽のような葉が茂る谷,Fiery Plumage Valley,en-US
炽沙与骄阳的高阁,Pavilion of Scorching Sands and Blazing Sun,en-US
無信者的謊言,Lies of the Faithless,en-US
無名の剣塚,Forgotten Sword Cemetery,en-US
無底的大廳,The Bottomless Hall,en-US
無言の石柱群,Silent Stone Circle,en-US
無言的寂石陣,Silent Stone Circle,en-US
無郁夷摩之地,The Land of Mawtiyima,en-US
煌めく才知の遺産,The Remnants of Brilliant Wisdom,en-US
熱狂のダンスナイト,A Night of Uninhibited Dance,en-US
熱砂と烈日の楼閣,Pavilion of Scorching Sands and Blazing Sun,en-US
熾沙與驕陽的高閣,Pavilion of Scorching Sands and Blazing Sun,en-US
狂舞之乐夜,A Night of Uninhibited Dance,en-US
狂舞之樂夜,A Night of Uninhibited Dance,en-US
玉京台,Yujing Terrace,en-US
玉京臺,Yujing Terrace,en-US
王冠が雪葬されし地,Snow-Entombed Crownlands,en-US
王山の遺烈,Past Glories of Wangshan,en-US
王山遗威,Past Glories of Wangshan,en-US
王山遺威,Past Glories of Wangshan,en-US
珠光弥布的宫阙,The Pearlescent Palace,en-US
珠光彌布的宮闕,The Pearlescent Palace,en-US
璀璨才智的留遗,The Remnants of Brilliant Wisdom,en-US
璀璨才智的留遺,The Remnants of Brilliant Wisdom,en-US
甘露滋养的归巢,Amrita-Nourished Nest,en-US
甘露滋養の巣,Amrita-Nourished Nest,en-US
甘露滋養的歸巢,Amrita-Nourished Nest,en-US
生命枯焦之殿,The Court of Withered Life,en-US
生灵的休养地,Sanctuary of Life,en-US
生靈的休養地,Sanctuary of Life,en-US
画境开辟之所,Where the Painted Realm Unfolds,en-US
畫境開闢之所,Where the Painted Realm Unfolds,en-US
白き巨塔の倒壊,Collapse of the White Tower,en-US
白色巨塔的倒塌,Collapse of the White Tower,en-US
白露と泉の庭,Court of Dew and Springs,en-US
白露与泉景之廷,Court of Dew and Springs,en-US
白露與泉景之廷,Court of Dew and Springs,en-US
盈泪的故园,Weeping Garden,en-US
盈淚的故園,Weeping Garden,en-US
真氷発掘所,Prime Ice Excavation Site,en-US
眠る永遠の都,Slumbering Eternal City,en-US
眾龍的審判所,Court of the Dragons,en-US
矢誓的灯火,Light of Oaths Sworn,en-US
矢誓的燈火,Light of Oaths Sworn,en-US
知の注ぐ流炎の地,Fiery Flowing Sea of Sentience,en-US
矿坑巨口,Mouth of the Great Mine,en-US
砂嵐が止まないダマーヴァンド山,"Mt. Damavand, Where Sandstorms Never Cease",en-US
破れた夢の跡,The Wreck of Shattered Dreams,en-US
破れた誓いの灯火,Light of Oaths Sworn,en-US
破碎夢想的餘跡,The Wreck of Shattered Dreams,en-US
破碎梦想的余迹,The Wreck of Shattered Dreams,en-US
硕果累累的母树,Mother Tree of Fruitful Plenty,en-US
碧水の玉玦の歌,Jade Elegy of Bishui,en-US
碧水沉暮輝,Bishui's Twilight Luster,en-US
碧水沉暮辉,Bishui's Twilight Luster,en-US
碧水的玉玦歌,Jade Elegy of Bishui,en-US
碩果累累的母樹,Mother Tree of Fruitful Plenty,en-US
礦坑巨口,Mouth of the Great Mine,en-US
神に捨てられた宮殿,The Palace Abandoned by the Gods,en-US
神像を護る湖,The Marsh of Celestial Guardians,en-US
神无冢·阵前,"Front Line, Kannazuka",en-US
神無塚·陣前,"Front Line, Kannazuka",en-US
秘匿の檻,The Concealing Veil,en-US
秘密の研究,Secret Research,en-US
秘密的研究,Secret Research,en-US
稲妻城·天領,"Tenryou, Inazuma City",en-US
稲妻城·郊外,"Suburbs, Inazuma City",en-US
稻妻城·城郊,"Suburbs, Inazuma City",en-US
稻妻城·天領,"Tenryou, Inazuma City",en-US
稻妻城·天领,"Tenryou, Inazuma City",en-US
立誓的壁画,Mural of Sworn Pledges,en-US
立誓的壁畫,Mural of Sworn Pledges,en-US
終北的遺響,Echoes of the Far North,en-US
絢彩的湖泊,The Iridescent Lake,en-US
綴られた言葉,The Moving Finger Writes,en-US
緋雲の丘,Feiyun Slope,en-US
緋雲坡,Feiyun Slope,en-US
终北的遗响,Echoes of the Far North,en-US
绚彩的湖泊,The Iridescent Lake,en-US
绯云坡,Feiyun Slope,en-US
群星を望む眼差し,A Gaze Toward the Stars,en-US
翎羽如花相結之處,Where Feathers Are Intertwined Like Flowers,en-US
翎羽如花相结之处,Where Feathers Are Intertwined Like Flowers,en-US
翘英日暖絮花轻,The Blossoming Warmth of Qiaoying Sunlight,en-US
翹英日暖絮花輕,The Blossoming Warmth of Qiaoying Sunlight,en-US
聖顕殿,Khaj-Nisut,en-US
聖顯廳,Khaj-Nisut,en-US
聚縮的祭煉臺,Condensed Altar,en-US
聚缩的祭炼台,Condensed Altar,en-US
臨河的村莊,The Village by the River,en-US
臻冰发掘所,Prime Ice Excavation Site,en-US
臻冰發掘所,Prime Ice Excavation Site,en-US
舊日古螺的樂章,Ancient Conch Melody of Yore,en-US
舊日園圃的殘跡,Remnants of the Ancient Orchard,en-US
舊日夢想的終點,The End of An Ancient Dream,en-US
舊日的統律之心,Old Core of Chu'ulel,en-US
舞者与歌者织梦之地,Where Dancers and Singers Weave Their Dreams,en-US
舞者與歌者織夢之地,Where Dancers and Singers Weave Their Dreams,en-US
船之墓,Graveyard of Ships,en-US
船大工が歌う小屋,The Boatman's Song-House,en-US
船工的頌屋,The Boatman's Song-House,en-US
船工的颂屋,The Boatman's Song-House,en-US
色褪せた黄金の舞台,Stage of Faded Gold,en-US
色鮮やかな湖,The Iridescent Lake,en-US
花と翼が結ばれた場所,Where Feathers Are Intertwined Like Flowers,en-US
花景芳馥,Blossoms in Fragrant Bloom,en-US
苗圃的新芽,The Garden's New Sprouts,en-US
苗畑の新芽,The Garden's New Sprouts,en-US
荒原の頂上に立つ古松,Elder Pine Atop the Wastes,en-US
荒原頂上的古松,Elder Pine Atop the Wastes,en-US
荒原顶上的古松,Elder Pine Atop the Wastes,en-US
荒祠枕山麓,Desolate Foothill Shrines,en-US
药笼的枢庭,Herb-Housing Hall,en-US
荻花の湿原,Marsh of Rustling Reeds,en-US
萬千子種的母樹,Harvisptokhm,en-US
葉如火羽的山谷,Fiery Plumage Valley,en-US
蒼穹を突き刺す塔,Tower Piercing into the Sky,en-US
薬篭の霊枢,Herb-Housing Hall,en-US
藏匿遗迹的裂口,The Gap of the Hidden Ruins,en-US
藏匿遺蹟的裂口,The Gap of the Hidden Ruins,en-US
藥籠的樞庭,Herb-Housing Hall,en-US
蘭納迦的小小園圃,Aranaga's Little Garden,en-US
蘭那羅的世界,The World of the Aranara,en-US
蚀影与浊流之地,Land of Corroded Shadows and Tainted Currents,en-US
蛇首を見下ろす,Overlooking Serpent Head,en-US
蜜酎秘醅山館,A Hilly Hidey-Hole for Nectar,en-US
蜜酎秘醅山馆,A Hilly Hidey-Hole for Nectar,en-US
蜜酒を秘めし山の館,A Hilly Hidey-Hole for Nectar,en-US
蝕む影と濁流の地,Land of Corroded Shadows and Tainted Currents,en-US
蝕影與濁流之地,Land of Corroded Shadows and Tainted Currents,en-US
蝶の彩る谷,Valley of Vibrant Butterflies,en-US
血の流れる者の統律中枢,Bloodline's Control Hub,en-US
被神遗弃的殿阁,The Palace Abandoned by the Gods,en-US
被神遺棄的殿閣,The Palace Abandoned by the Gods,en-US
被記述的故事,The Story Recorded,en-US
被记述的故事,The Story Recorded,en-US
被遗忘的河谷,The Forgotten River Valley,en-US
被遺忘的河谷,The Forgotten River Valley,en-US
被阻塞的矿道,The Blocked Path,en-US
被阻塞的礦道,The Blocked Path,en-US
西風大教堂,Favonius Cathedral,en-US
西風大聖堂,Favonius Cathedral,en-US
西風騎士団·図書館,Knights of Favonius - Library,en-US
西風騎士團·圖書館,Knights of Favonius - Library,en-US
西风大教堂,Favonius Cathedral,en-US
西风骑士团·图书馆,Knights of Favonius - Library,en-US
覲月的旅路,Pilgrimage to the Moon,en-US
觐月的旅路,Pilgrimage to the Moon,en-US
記されし物語,The Story Recorded,en-US
誓いの壁画,Mural of Sworn Pledges,en-US
諧律の影,Harmony's Shadow,en-US
諧律的投影,Harmony's Shadow,en-US
謎霊の巨大なラクガキ,Great Nightspirit Graffiti,en-US
謐光的洞窟,Cavern of Tranquil Light,en-US
識海的流炎地,Fiery Flowing Sea of Sentience,en-US
识海的流炎地,Fiery Flowing Sea of Sentience,en-US
谐律的投影,Harmony's Shadow,en-US
谧光的洞窟,Cavern of Tranquil Light,en-US
豊かなる耕地,A Bountiful Land of Farming and Fecundity,en-US
豐藏與耕種的沃野,A Bountiful Land of Farming and Fecundity,en-US
賽莫德綠洲,Thamud Oasis,en-US
赛莫德绿洲,Thamud Oasis,en-US
赤望の丘,Chiwang Peak,en-US
赤望高丘,Chiwang Peak,en-US
赤王陵,The Mausoleum of King Deshret,en-US
跋涉而至的秘屿,Venture to a Secret Isle,en-US
跋涉而至的秘嶼,Venture to a Secret Isle,en-US
踊り子と歌い手が夢を織る地,Where Dancers and Singers Weave Their Dreams,en-US
軽策の山村,A Home in the Hills,en-US
載醉之舟,The Drunkard's Ship,en-US
輕策山間,A Home in the Hills,en-US
轻策山间,A Home in the Hills,en-US
载醉之舟,The Drunkard's Ship,en-US
边地小镇,Border Town,en-US
辺境の町,Border Town,en-US
辺境をつなぐ小さな町,Borderlands Town,en-US
远古先民的庙宇,Temple of Ancient Forebears,en-US
远港,A Distant Harbor,en-US
远眺葱茏之野,Verdant Fields' Vantage Point,en-US
远眺踏鞴之岛,Tatara Islands' Vantage Point,en-US
远眺高车之所,Vigilant Guardians' Vantage Point,en-US
远雷如冰凝结的山麓,Where Slope Meets Captured Lightning,en-US
连接边地的小镇,Borderlands Town,en-US
迷える夜の祭祀場,Ceremonial Site Lost in Night's Dim Light,en-US
迷烟与谜语生长的山麓,The Foothills Where the Night-Wind and Riddles Grow,en-US
迷煙と謎の育つ麓,The Foothills Where the Night-Wind and Riddles Grow,en-US
迷煙與謎語生長的山麓,The Foothills Where the Night-Wind and Riddles Grow,en-US
迷途夜色的祭祀所,Ceremonial Site Lost in Night's Dim Light,en-US
追逐勝利與榮耀的戰場,Arena of Glory and Triumph,en-US
追逐胜利与荣耀的战场,Arena of Glory and Triumph,en-US
逆さの古代都市,The Inverted City,en-US
通往卡皮托林之阶,Gradus ad Capitolium,en-US
通往卡皮托林之階,Gradus ad Capitolium,en-US
連接邊地的小鎮,Borderlands Town,en-US
遁玉の古丘,Dunyu Ruins,en-US
遁玉古陵,Dunyu Ruins,en-US
遗世的仙庭,Palaces of Times Bygone,en-US
遗民聚居之所,Refugee Shelters,en-US
遙望降魔的巨人,The Colossus Watching Devantaka,en-US
遠き先人の神殿,Temple of Ancient Forebears,en-US
遠古先民的廟宇,Temple of Ancient Forebears,en-US
遠港,A Distant Harbor,en-US
遠眺の緑野,Verdant Fields' Vantage Point,en-US
遠眺蔥蘢之野,Verdant Fields' Vantage Point,en-US
遠眺踏鞴之島,Tatara Islands' Vantage Point,en-US
遠眺高車之所,Vigilant Guardians' Vantage Point,en-US
遠雷が氷のように凝結した山麓,Where Slope Meets Captured Lightning,en-US
遠雷如冰凝結的山麓,Where Slope Meets Captured Lightning,en-US
遥かなる港,A Distant Harbor,en-US
遥望降魔的巨人,The Colossus Watching Devantaka,en-US
遮蔽之笼,The Concealing Veil,en-US
遮蔽之籠,The Concealing Veil,en-US
遺世の仙庭,Palaces of Times Bygone,en-US
遺世的仙庭,Palaces of Times Bygone,en-US
遺民が集まる処,Refugee Shelters,en-US
遺民聚居之所,Refugee Shelters,en-US
遺跡が隠されている狭間,The Gap of the Hidden Ruins,en-US
邊地小鎮,Border Town,en-US
酔客を乗せた船,The Drunkard's Ship,en-US
醴泉乾涸之殿,The Court of Dried Springs,en-US
醴泉干涸之殿,The Court of Dried Springs,en-US
金文縈繞的岩釘,Pins of Rock Entwined With Golden Runes,en-US
金文萦绕的岩钉,Pins of Rock Entwined With Golden Runes,en-US
金紋を纏う岩柱,Pins of Rock Entwined With Golden Runes,en-US
鉄道が集まる中枢,Central Railway Hub,en-US
鉱坑巨口,Mouth of the Great Mine,en-US
鋳銅の要塞,The Copper Keep,en-US
鋼鉄の城塞,Fortress of Steel,en-US
鋼鑄的城塞,Fortress of Steel,en-US
鐘の音のみが響く場所,Where Only the Bell Tolls,en-US
鐵路匯集的中樞,Central Railway Hub,en-US
鐵鯨之夢,Iron Whale's Dream,en-US
鑄銅的要塞,The Copper Keep,en-US
钢铸的城塞,Fortress of Steel,en-US
铁路汇集的中枢,Central Railway Hub,en-US
铁鲸之梦,Iron Whale's Dream,en-US
铸铜的要塞,The Copper Keep,en-US
長夜を見守る灯火,Beacon in the Long Night,en-US
長旅の末の秘島,Venture to a Secret Isle,en-US
阿如的倒影,Aaru's Shut,en-US
降魔を眺める巨人,The Colossus Watching Devantaka,en-US
雙樹控扼的港灣,The Harbor Betwixt the Two Trees,en-US
雨の果て,The Rain's End,en-US
雨的尽头,The Rain's End,en-US
雨的盡頭,The Rain's End,en-US
雪葬王冕之地,Snow-Entombed Crownlands,en-US
雲海に隠れし遺瓏埠,The Clouds Cascade Around the Wharf,en-US
雲瀑萬尋遺瓏埠,The Clouds Cascade Around the Wharf,en-US
雲間に浮かぶ衛星,Satellite Floating Amongst the Clouds,en-US
零余的参照,Scattered References,en-US
零号シェルター,Bunker No. 0,en-US
零号避难所,Bunker No. 0,en-US
零號避難所,Bunker No. 0,en-US
零餘的參照,Scattered References,en-US
雷云旋聚之处,Where Swirling Storm Clouds Gather,en-US
雷雲旋聚之處,Where Swirling Storm Clouds Gather,en-US
雾岛间的谜坑,Mystery Pit of the Misty Isle,en-US
雾海中的石林,Mist-Veiled Stone Forest,en-US
霧島間的謎坑,Mystery Pit of the Misty Isle,en-US
霧海の中の石林,Mist-Veiled Stone Forest,en-US
霧海中的石林,Mist-Veiled Stone Forest,en-US
霧立つ島の「謎の巨大穴」,Mystery Pit of the Misty Isle,en-US
靈謎的大塗鴉,Great Nightspirit Graffiti,en-US
青墟の孤楼,Qingxu's Forsaken Tower,en-US
青墟孤楼,Qingxu's Forsaken Tower,en-US
青墟孤樓,Qingxu's Forsaken Tower,en-US
靖世の九柱,Nine Pillars of Peace,en-US
靖世九柱,Nine Pillars of Peace,en-US
静寂な漁村,The Silent Fishing Village,en-US
静寂の浅瀬,Silent Shallows,en-US
静默荒原,Silent Barrens,en-US
靜默荒原,Silent Barrens,en-US
顛倒古城,The Inverted City,en-US
颠倒古城,The Inverted City,en-US
風が吹く野原,Windswept Wilderness,en-US
風の城,The City of Wind,en-US
風之城,The City of Wind,en-US
風嘯的古代廢都,Abandoned Capital of Howling Winds,en-US
風暴肆虐之地,Land of Raging Storms,en-US
風洗的原野,Windswept Wilderness,en-US
風蝕谷地にいる巨人,The Giant of the Wind-Eroded Valley,en-US
風蝕谷地中的巨人,The Giant of the Wind-Eroded Valley,en-US
風雪山中の館,A Lonely Mansion Against the Whiteout,en-US
風雪山中之館,A Lonely Mansion Against the Whiteout,en-US
飄浮在雲間的衛星,Satellite Floating Amongst the Clouds,en-US
风之城,The City of Wind,en-US
风啸的古代废都,Abandoned Capital of Howling Winds,en-US
风暴肆虐之地,Land of Raging Storms,en-US
风洗的原野,Windswept Wilderness,en-US
风蚀谷地中的巨人,The Giant of the Wind-Eroded Valley,en-US
风雪山中之馆,A Lonely Mansion Against the Whiteout,en-US
飘浮在云间的卫星,Satellite Floating Amongst the Clouds,en-US
飛沙起舞的不毛地,The Barren Land Where Sand Dances,en-US
飛砂が舞う不毛の地,The Barren Land Where Sand Dances,en-US
飞沙起舞的不毛地,The Barren Land Where Sand Dances,en-US
香る花々の景色,Blossoms in Fragrant Bloom,en-US
高墙下的边驿,The Frontier Beneath the High Wall,en-US
高壁の下の宿駅,The Frontier Beneath the High Wall,en-US
高牆下的邊驛,The Frontier Beneath the High Wall,en-US
高眺之蛇首,Overlooking Serpent Head,en-US
高車を眺める処,Vigilant Guardians' Vantage Point,en-US
鳴神·離島,"Ritou, Narukami Island",en-US
鶴観,Tsurumi Island,en-US
鶴觀,Tsurumi Island,en-US
鸣神·离岛,"Ritou, Narukami Island",en-US
鹤观,Tsurumi Island,en-US
麗らかな翹英、軽やかに舞う花,The Blossoming Warmth of Qiaoying Sunlight,en-US
黃金褪色的舞臺,Stage of Faded Gold,en-US
黄金褪色的舞台,Stage of Faded Gold,en-US
黑体的收容所,Shelter of the Blackbody,en-US
黑體的收容所,Shelter of the Blackbody,en-US
黒色物質の収容所,Shelter of the Blackbody,en-US
龍族の審判所,Court of the Dragons,en-US
가림막,The Concealing Veil,en-US
가수와 무용수의 꿈,Where Dancers and Singers Weave Their Dreams,en-US
감로를 머금은 보금자리,Amrita-Nourished Nest,en-US
강가의 마을,The Village by the River,en-US
강철 요새,Fortress of Steel,en-US
거대 기둥 암궁,The Court of Pillars,en-US
거대한 영력 그라피티,Great Nightspirit Graffiti,en-US
거울벽산 앞에서,Before the Tezcatepetonco Range,en-US
거인의 정강이가 부러진 곳,Where a Titan's Shins Were Broken,en-US
검은 파도가 메아리치는 곳,Where Dark Tides Echo,en-US
게슈탈트의 탑,Tower of Gestalt,en-US
경책 산간,A Home in the Hills,en-US
고난 끝에 도달한 비밀섬,Venture to a Secret Isle,en-US
고대 교단의 비밀 집회소,Secret Locale of the Ancient Order,en-US
고대 선조의 사당,Temple of Ancient Forebears,en-US
고요한 빛의 동굴,Cavern of Tranquil Light,en-US
고요한 어촌,The Silent Fishing Village,en-US
고요한 황야,Silent Barrens,en-US
고화 세검 연못,Guhua Sword-Washing Pool,en-US
광갱 입구,Mouth of the Great Mine,en-US
교영의 봄날과 휘날리는 꽃잎,The Blossoming Warmth of Qiaoying Sunlight,en-US
구름 위를 떠다니는 위성,Satellite Floating Amongst the Clouds,en-US
권위가 묻힌 전당,The Temple of Buried Dominion,en-US
귀리 폐허,Ruins of Guili,en-US
그림 속에 펼쳐진 세상,Where the Painted Realm Unfolds,en-US
극북의 메아리,Echoes of the Far North,en-US
극지의 별 왕궁,Glacial Palace of the Polestar,en-US
금빛 문양이 감도는 기둥,Pins of Rock Entwined With Golden Runes,en-US
기록된 이야기,The Story Recorded,en-US
긴 밤을 밝히는 등불,Beacon in the Long Night,en-US
길 잃은 밤빛의 제단,Ceremonial Site Lost in Night's Dim Light,en-US
깊고 맑은 여음,Clarion Echo,en-US
깊이 파묻힌 천 칸의 궁전,The Thousands of Entombed Chambers,en-US
꽃과 깃이 엮이는 곳,Where Feathers Are Intertwined Like Flowers,en-US
꿈을 잃은 모밭,Nursery of Lost Dreams,en-US
끝없이 깊은 전당,The Bottomless Hall,en-US
나루카미·이도,"Ritou, Narukami Island",en-US
낙원의 마지막 보물,Elysium's Final Treasure,en-US
남은 참고작,Scattered References,en-US
내흠의 흔적,Trails of Laixin,en-US
뇌운이 모이는 곳,Where Swirling Storm Clouds Gather,en-US
눈물의 옛땅,Weeping Garden,en-US
눈보라 속 저택,A Lonely Mansion Against the Whiteout,en-US
눈에 묻힌 왕관,Snow-Entombed Crownlands,en-US
다습한 물억새 뜰,Marsh of Rustling Reeds,en-US
달 심장부의 틈새,Moonheart Gap,en-US
달빛 아래 신성한 숲,The Sacred Forest in the Moonlight,en-US
달빛을 받는 나무,Moonlit Tree,en-US
달을 알현하는 길,Pilgrimage to the Moon,en-US
달의 심장,Heart of the Moon,en-US
달이 비추는 정원,Moon-Bathed Courtyard,en-US
달착륙선,Moonbound Ship,en-US
대리 궁사 네코님의 거처,Where the Provisional Head Priestess Lives,en-US
데반타카를 바라보는 거인,The Colossus Watching Devantaka,en-US
동굴에 삼켜진 비밀 전당,Cave-Engulfed Palace,en-US
두 나무가 지키는 항구,The Harbor Betwixt the Two Trees,en-US
둔옥 고릉,Dunyu Ruins,en-US
뒤집어진 고성,The Inverted City,en-US
드높은 장벽 아래의 역참,The Frontier Beneath the High Wall,en-US
떠다니는 하늘불 왕관,Floating Rock Skyfire Circlet,en-US
뚝딱뚝딱 공방,"Clinky, Clanky Craftshop",en-US
릴루페르의 감옥,Liloupar's Gaol,en-US
마우티이마의 땅,The Land of Mawtiyima,en-US
마음의 동공,A Hollow in the Heart,en-US
막힌 갱도,The Blocked Path,en-US
말라붙은 감미로운 샘의 전당,The Court of Dried Springs,en-US
말없는 돌 유적,Silent Stone Circle,en-US
맑은 현련 하늘,Clear Skies Over Xuanlian,en-US
맹세를 잃은 등불,Light of Oaths Sworn,en-US
맹세의 벽화,Mural of Sworn Pledges,en-US
머나먼 항구,A Distant Harbor,en-US
먼 과거의 약속,Ancient Pact,en-US
멀리 마차가 보이는 곳,Vigilant Guardians' Vantage Point,en-US
멀리서 본 뱀 머리,Overlooking Serpent Head,en-US
멋진 산과 구름의 땅,Where Mountains Peak Beyond the Clouds,en-US
메마른 생명의 전당,The Court of Withered Life,en-US
메아리가 울리는 곳,Land of Many Echoes,en-US
명상의 화원,The Garden of Deep Thought,en-US
모든 씨앗의 어머니 나무,Harvisptokhm,en-US
모래 벌레 터널,Wenut Tunnels,en-US
모래가 흩날리는 불모지,The Barren Land Where Sand Dances,en-US
모래와 태양의 누각,Pavilion of Scorching Sands and Blazing Sun,en-US
모래폭풍이 휘몰아치는 다마반드산,"Mt. Damavand, Where Sandstorms Never Cease",en-US
모밭의 새싹,The Garden's New Sprouts,en-US
무너진 백색 거탑,Collapse of the White Tower,en-US
물속의 영광,Sunken Glory,en-US
뭇별을 바라보는 눈,A Gaze Toward the Stars,en-US
미완성된 잿더미성,The Unfinished Ashen City,en-US
바다 거품의 고향,Foamy Home,en-US
바다를 삼키는 동굴,Seaworn Cavern,en-US
바람 침식지 산골짜기의 거인,The Giant of the Wind-Eroded Valley,en-US
바람의 도시,The City of Wind,en-US
바람이 부는 들판,Windswept Wilderness,en-US
바루나 법보,Varunastra,en-US
바위 마을,The Town in the Rock,en-US
바위와 가시열매의 동굴,Cavern of Stone and Prickly Pears,en-US
밤 골짜기의 여명,Dawn Over the Dark Chasm,en-US
밤혼이 떠도는 시련장,Trial Grounds of Restive Nightsouls,en-US
배들과 상회가 운집하는 곳,Where Merchants Flock And All Ships Dock,en-US
배의 무덤,Graveyard of Ships,en-US
뱃노래를 부르는 용사들의 고향,Where Warriors Sing the Sea Shanties,en-US
뱃사공의 찬송가,The Boatman's Song-House,en-US
버려진 공방의 용광로,Forge of the Abandoned Foundry,en-US
번개가 얼어붙은 산마루,Where Slope Meets Captured Lightning,en-US
변방 마을,Border Town,en-US
변방을 잇는 마을,Borderlands Town,en-US
변화하는 결정 기둥 석실,Stone Chamber of Shifting Crystal Pillars,en-US
복선 선계,Adeptus's Realm of Repose,en-US
봉인된 고대 도시,Once-Sealed Ancient City,en-US
부서진 꿈의 잔해,The Wreck of Shattered Dreams,en-US
부서진 하늘 장막의 바다,Sea of Broken Skies,en-US
북풍의 노래,The Northerly Wind's Soft Hymn,en-US
불꽃이 흐르는 지식의 바다,Fiery Flowing Sea of Sentience,en-US
불신자의 거짓말,Lies of the Faithless,en-US
불타는 잎사귀 골짜기,Fiery Plumage Valley,en-US
비밀스러운 연구,Secret Research,en-US
비운 언덕,Feiyun Slope,en-US
비의 끝자락,The Rain's End,en-US
빛바랜 은거 별궁,The Lost Hermitage,en-US
빛바랜 황금의 무대,Stage of Faded Gold,en-US
사무드 오아시스,Thamud Oasis,en-US
산과 묵향,Amidst the Ink-Tinged Mist,en-US
산기슭의 사당 폐허,Desolate Foothill Shrines,en-US
산속 양조장,A Hilly Hidey-Hole for Nectar,en-US
새로 탄생한 오류,Neonate Aberration,en-US
샘물이 흐르는 곳,Land of Clear Springs,en-US
생명의 휴양지,Sanctuary of Life,en-US
서광이 비치는 장원,Manor of Daybreak,en-US
성현의 전당,Khaj-Nisut,en-US
세계의 양수,The World's Amniotic Fluid,en-US
세상의 모든 지혜를 보유한 성,The City Where All Wisdom Resides,en-US
손끝에서 탄생한 글자,The Moving Finger Writes,en-US
수정석 파편,Crystal Fragment,en-US
순얼음 채굴장,Prime Ice Excavation Site,en-US
숲 위의 성곽,The City Above the Forest,en-US
슬픔이 얼어붙은 곳,Where Frost Entombs All Sorrows,en-US
승리와 명예를 추구하는 전장,Arena of Glory and Triumph,en-US
신상을 수호하는 호수,The Marsh of Celestial Guardians,en-US
신세계의 울림,New World's Prelude,en-US
신에게 버림받은 신전,The Palace Abandoned by the Gods,en-US
아란나가의 작은 텃밭,Aranaga's Little Garden,en-US
아란나라의 세계,The World of the Aranara,en-US
아루의 그림자,Aaru's Shut,en-US
아주 작은 꿈,The Littlest Dream,en-US
악몽의 징조,Nightmare Omen,en-US
안개 속의 석림,Mist-Veiled Stone Forest,en-US
안개섬의 비밀 구멍,Mystery Pit of the Misty Isle,en-US
안식을 찾은 전당,Domus Requiem,en-US
알록달록한 뭇 산,Among the Painted Peaks,en-US
알록달록한 호수,The Iridescent Lake,en-US
암흑체 수용소,Shelter of the Blackbody,en-US
야시오리섬·열곡,"Rift Valley, Yashiori Island",en-US
약항아리 궁정,Herb-Housing Hall,en-US
어두운 그림자와 탁한 흐름의 땅,Land of Corroded Shadows and Tainted Currents,en-US
에리니에스섬의 춤,Erinnyes' Whirling Dance,en-US
에리니에스의 물빛 버드나무,Erinnyes's Watery Weeping Willow,en-US
엘리나스 가장 깊은 곳의 풍경,Scenery Within Elynas' Deepest Depths,en-US
엘리나스 깊은 곳의 풍경,Scenery Within Elynas' Depths,en-US
여름과 해류,Summer Bay by the Sea,en-US
여명이 떠오르는 곳,Where the First Dawn Breaks,en-US
연기와 수수께끼가 피어오르는 산기슭,The Foothills Where the Night-Wind and Riddles Grow,en-US
열정의 밤,A Night of Uninhibited Dance,en-US
영원한 고요의 낙원,The Paradise of Eternal Peace,en-US
영원한 탄식의 문,Gate of Everlasting Mourning,en-US
영원히 타오르는 노심,Ever-Burning Hearth Core,en-US
영원히 타오르는 신성한 산,Sacred Mountain of the Undying Flame,en-US
옛 소라의 악장,Ancient Conch Melody of Yore,en-US
옛 통솔의 심장,Old Core of Chu'ulel,en-US
오래된 과수원의 흔적,Remnants of the Ancient Orchard,en-US
오백 유순의 일 극미,Of Vastness and the Infinitesimal,en-US
오색 나비가 펄럭이는 협곡,Valley of Vibrant Butterflies,en-US
옥경대,Yujing Terrace,en-US
옥이 가라앉은 정원,Jade Court in Chenyu,en-US
왕산의 남은 위광,Past Glories of Wangshan,en-US
요고우산·나루카미 다이샤,"Grand Narukami Shrine, Mt. Yougou",en-US
용귀 골짜기 옛 전장,The Ancient Battlefield of Fuao Vale,en-US
용의 심판소,Court of the Dragons,en-US
우인단 원정대 임시 본부,Ad-Hoc Headquarters of the Fatui Expeditionary Force,en-US
우인의 성채,Citadel of Fools,en-US
울부짖는 고대 폐허 도시,Abandoned Capital of Howling Winds,en-US
원천의 나라,Sourcewater Nation,en-US
월광욕 연못,The Moon-Bathed Deep,en-US
유구한 천풍 신전,Ancient Thousand Winds Temple,en-US
유민이 모여 사는 곳,Refugee Shelters,en-US
유배의 바다,A Sea of Exile,en-US
유적이 잠든 틈새,The Gap of the Hidden Ruins,en-US
융합의 제단,Condensed Altar,en-US
이나즈마성·교외,"Suburbs, Inazuma City",en-US
이나즈마성·텐료,"Tenryou, Inazuma City",en-US
이름없는 검무덤,Forgotten Sword Cemetery,en-US
인간에 속한 자의 통솔 중추,Bloodline's Control Hub,en-US
인적이 끊긴 정토,Plane of Pure Desolation,en-US
잃어버린 제단,Lost Ceremonial Site,en-US
잃은 롱옥을 찾는 구름폭포,The Clouds Cascade Around the Wharf,en-US
잊힌 계곡,The Forgotten River Valley,en-US
잊힌 선령의 궁전,Palaces of Times Bygone,en-US
작은 요정들의 마을,Fae's Hidden Settlement,en-US
잠든 영원의 성,Slumbering Eternal City,en-US
저 멀리 보이는 푸른 벌판,Verdant Fields' Vantage Point,en-US
적막의 여울,Silent Shallows,en-US
적망 언덕,Chiwang Peak,en-US
적왕의 무덤,The Mausoleum of King Deshret,en-US
전쟁의 노래가 울리는 전당,Hall of Resounding Valor,en-US
전화 속 갯벌,Tidal Flat Amidst the Flames of War,en-US
절벽 위를 수놓은 그림,Scroll on the Shore,en-US
절벽에 매달린 부락,Canopy of the Clifftops,en-US
정세의 아홉 기둥,Nine Pillars of Peace,en-US
정화된 깊은 골짜기,Valley of the Unsullied,en-US
제0호 피난소,Bunker No. 0,en-US
조화의 투영,Harmony's Shadow,en-US
종소리만 남은 곳,Where Only the Bell Tolls,en-US
좌초된 함대,The Stranded Flagship,en-US
지난 꿈의 종착점,The End of An Ancient Dream,en-US
지하 광구,The Underground Mines,en-US
지하 연못,Underground Waterway,en-US
진주빛 가득한 궁궐,The Pearlescent Palace,en-US
찬란한 지혜의 유적,The Remnants of Brilliant Wisdom,en-US
창공을 찌르는 탑,Tower Piercing into the Sky,en-US
천 개 기둥의 전당,Hall of a Thousand Pillars,en-US
천풍이 교차하는 항구,The Harbor Where a Thousand Winds Converge,en-US
철고래의 꿈,Iron Whale's Dream,en-US
철도의 중심,Central Railway Hub,en-US
청허의 버려진 탑,Qingxu's Forsaken Tower,en-US
추락한 달바라기,The Fallen Moongazer,en-US
취기를 실은 배,The Drunkard's Ship,en-US
츠루미,Tsurumi Island,en-US
층암거연 주변,Beyond the Chasm,en-US
층암거연의 지상 경관,View from The Chasm's Surface,en-US
칠흑 요새,The Dark Fortress,en-US
카자르자레궁의 기억,Memory of Alcazarzaray,en-US
카피톨륨으로 향하는 계단,Gradus ad Capitolium,en-US
칸나즈카·진두,"Front Line, Kannazuka",en-US
커다란 버섯의 땅,The Great Mushroom's Place,en-US
타니트 부족 야영지,The Tanit Encampment,en-US
타타라섬 조망,Tatara Islands' Vantage Point,en-US
토끼굴 속 환상의 땅,Wonderland in the Rabbit Hole,en-US
파도가 노래하는 동굴,Cavern of Melodic Tides,en-US
페보니우스 기사단·도서관,Knights of Favonius - Library,en-US
페보니우스 대성당,Favonius Cathedral,en-US
페트리코의 아름다운 전설,The Lovely Legends of Petrichor,en-US
편안한 거리,Pleasant Street,en-US
폭풍의 땅,Land of Raging Storms,en-US
푸른 물과 옥고리의 노래,Jade Elegy of Bishui,en-US
푸른 물속으로 가라앉은 노을,Bishui's Twilight Luster,en-US
풍요로운 어미나무,Mother Tree of Fruitful Plenty,en-US
풍요롭고 비옥한 들판,A Bountiful Land of Farming and Fecundity,en-US
하늘 뱃머리의 척추,Spine of the Skyship,en-US
한눈에 담긴 세계,A Gaze Upon the World,en-US
해연 주민의 마을,Village of the People of the Deep,en-US
해원의 고운,A Drop in the Ocean,en-US
향기로운 꽃밭,Blossoms in Fragrant Bloom,en-US
활력이 없는 다르알시파,Lifeless Dar al-Shifa,en-US
황동 요새,The Copper Keep,en-US
황야 정상의 노송나무,Elder Pine Atop the Wastes,en-US
흐르는 물과 온천의 고장,Home of Hot Springs and Flowing Waters,en-US
흘호암,Chihu Rock,en-US
흰 이슬과 샘물의 도시,Court of Dew and Springs,en-US
